level,session,exam_date,question_no,question_type,instruction,question_text,target,options,answer,answer_display
4급,113,2026-05-23,1,dokum,다음 밑줄 친 漢字語의 讀音을 쓰시오.,교수님의 강의에 학생들이 傾聽 하고 있다.,傾聽,,경청,경청
4급,113,2026-05-23,2,dokum,다음 밑줄 친 漢字語의 讀音을 쓰시오.,그의 가설은 30년이 지나서야 마침내 立證되었다.,立證,,입증,입증
4급,113,2026-05-23,3,dokum,다음 밑줄 친 漢字語의 讀音을 쓰시오.,화재 예방을 위한 소화기 안전 點檢은 필수적이다.,點檢,,점검,점검
4급,113,2026-05-23,4,dokum,다음 밑줄 친 漢字語의 讀音을 쓰시오.,나는 내가 친구에게 背反 당했다는 사실을 인정할 수 없었다.,背反,,배반,배반
4급,113,2026-05-23,5,dokum,다음 밑줄 친 漢字語의 讀音을 쓰시오.,우리 국어 선생님께서는 溫厚한 성품을 지니셨다.,溫厚,,온후,온후
4급,113,2026-05-23,6,dokum,다음 밑줄 친 漢字語의 讀音을 쓰시오.,내가 응원하는 야구 대표팀이 준결승전에서 아쉽게 脫落되었다.,脫落,,탈락,탈락
4급,113,2026-05-23,7,dokum,다음 밑줄 친 漢字語의 讀音을 쓰시오.,토론 대회에서 나의 主張을 강하게 펼쳤다.,主張,,주장,주장
4급,113,2026-05-23,8,dokum,다음 밑줄 친 漢字語의 讀音을 쓰시오.,퇴근 무렵이 되었지만 아직도 殘業이 많이 남아있다.,殘業,,잔업,잔업
4급,113,2026-05-23,9,dokum,다음 밑줄 친 漢字語의 讀音을 쓰시오.,소방관의 용감한 판단이 피해를 最少로 줄였다.,最少,,최소,최소
4급,113,2026-05-23,10,dokum,다음 밑줄 친 漢字語의 讀音을 쓰시오.,청소를 하지 않아서 방이 매우 混亂스럽다.,混亂,,혼란,혼란
4급,113,2026-05-23,11,dokum,다음 밑줄 친 漢字語의 讀音을 쓰시오.,성공적인 廣告 덕분에 회사의 매출이 급등했다.,廣告,,광고,광고
4급,113,2026-05-23,12,dokum,다음 밑줄 친 漢字語의 讀音을 쓰시오.,급박한 상황 속에서도 장군은 冷靜을 잃지 않았다.,冷靜,,냉정,냉정
4급,113,2026-05-23,13,dokum,다음 밑줄 친 漢字語의 讀音을 쓰시오.,적의 침투에 대비하여 警戒를 풀어서는 안 된다.,警戒,,경계,경계
4급,113,2026-05-23,14,dokum,다음 밑줄 친 漢字語의 讀音을 쓰시오.,박물관에 전시된 유물 옆엔 자세한 解説이 적혀 있었다.,解説,,해설,해설
4급,113,2026-05-23,15,dokum,다음 밑줄 친 漢字語의 讀音을 쓰시오.,내 동생은 시험 합격이라는 目標를 향해 꾸준히 노력하고 있다.,目標,,목표,목표
4급,113,2026-05-23,16,dokum,다음 밑줄 친 漢字語의 讀音을 쓰시오.,나는 이번 시험에 친구와 함께 應試하기로 했다.,應試,,응시,응시
4급,113,2026-05-23,17,dokum,다음 밑줄 친 漢字語의 讀音을 쓰시오.,이번 休暇에 부모님과 해외여행을 갈 것이다.,休暇,,휴가,휴가
4급,113,2026-05-23,18,dokum,다음 밑줄 친 漢字語의 讀音을 쓰시오.,우리 학교는 최고의 施設과 복지를 갖추었다.,施設,,시설,시설
4급,113,2026-05-23,19,dokum,다음 밑줄 친 漢字語의 讀音을 쓰시오.,마라톤 경기를 뛰는 선수들에게 飲料를 무료로 제공했다.,飲料,,음료,음료
4급,113,2026-05-23,20,dokum,다음 밑줄 친 漢字語의 讀音을 쓰시오.,체육대회의 마지막 종목으로 繼走 시합이 예정되어 있다.,繼走,,계주,계주
4급,113,2026-05-23,21,dokum,다음 밑줄 친 漢字語의 讀音을 쓰시오.,그와 離別하던 날을 아직도 잊지 못하고 있다.,離別,,이별,이별
4급,113,2026-05-23,22,dokum,다음 밑줄 친 漢字語의 讀音을 쓰시오.,결승전에서 두 선수 간의 攻防이 매우 치열하다.,攻防,,공방,공방
4급,113,2026-05-23,23,dokum,다음 밑줄 친 漢字語의 讀音을 쓰시오.,삼촌이 다니던 회사는 작년에 수도권에서 지방으로 移轉을 했다.,移轉,,이전,이전
4급,113,2026-05-23,24,dokum,다음 밑줄 친 漢字語의 讀音을 쓰시오.,관광객들은 그 雄壯한 폭포를 넋을 잃은 채로 바라보았다.,雄壯,,웅장,웅장
4급,113,2026-05-23,25,dokum,다음 밑줄 친 漢字語의 讀音을 쓰시오.,松林에서 명상을 하니 머리가 맑아지는 기분이 든다.,松林,,송림,송림
4급,113,2026-05-23,26,dokum,다음 밑줄 친 漢字語의 讀音을 쓰시오.,학생은 제시된 문제에 대한 답안을 推論하였다.,推論,,추론,추론
4급,113,2026-05-23,27,dokum,다음 밑줄 친 漢字語의 讀音을 쓰시오.,국회의원의 정책에 시민들이 많은 支持를 보내고 있다.,支持,,지지,지지
4급,113,2026-05-23,28,dokum,다음 밑줄 친 漢字語의 讀音을 쓰시오.,이번 작전에는 특수 훈련을 받은 인원들이 投入되었다.,投入,,투입,투입
4급,113,2026-05-23,29,dokum,다음 밑줄 친 漢字語의 讀音을 쓰시오.,그녀의 연구는 환경 보호에 寄與한 바가 크다.,寄與,,기여,기여
4급,113,2026-05-23,30,dokum,다음 밑줄 친 漢字語의 讀音을 쓰시오.,이 방향으로 가면 다른 통로로 連結된다.,連結,,연결,연결
4급,113,2026-05-23,31,dokum,다음 밑줄 친 漢字語의 讀音을 쓰시오.,졸음을 쫓기 위해 커피에 依存하는 습관은 좋지 않다.,依存,,의존,의존
4급,113,2026-05-23,32,dokum,다음 밑줄 친 漢字語의 讀音을 쓰시오.,가요계는 지금 새로운 스타의 탄생을 豫感하고 있다.,豫感,,예감,예감
4급,113,2026-05-23,33,hunum,다음 漢字의 訓과 音을 쓰시오.,深,深,,깊을 심,깊을 심
4급,113,2026-05-23,34,hunum,다음 漢字의 訓과 音을 쓰시오.,豆,豆,,콩 두,콩 두
4급,113,2026-05-23,35,hunum,다음 漢字의 訓과 音을 쓰시오.,座,座,,자리 좌,자리 좌
4급,113,2026-05-23,36,hunum,다음 漢字의 訓과 音을 쓰시오.,炭,炭,,숯 탄,숯 탄
4급,113,2026-05-23,37,hunum,다음 漢字의 訓과 音을 쓰시오.,擇,擇,,가릴 택,가릴 택
4급,113,2026-05-23,38,hunum,다음 漢字의 訓과 音을 쓰시오.,候,候,,기후 후,기후 후
4급,113,2026-05-23,39,hunum,다음 漢字의 訓과 音을 쓰시오.,鐵,鐵,,쇠 철,쇠 철
4급,113,2026-05-23,40,hunum,다음 漢字의 訓과 音을 쓰시오.,航,航,,배 항,배 항
4급,113,2026-05-23,41,hunum,다음 漢字의 訓과 音을 쓰시오.,鷄,鷄,,닭 계,닭 계
4급,113,2026-05-23,42,hunum,다음 漢字의 訓과 音을 쓰시오.,遊,遊,,놀 유,놀 유
4급,113,2026-05-23,43,hunum,다음 漢字의 訓과 音을 쓰시오.,傷,傷,,다칠 상,다칠 상
4급,113,2026-05-23,44,hunum,다음 漢字의 訓과 音을 쓰시오.,志,志,,뜻 지,뜻 지
4급,113,2026-05-23,45,hunum,다음 漢字의 訓과 音을 쓰시오.,盜,盜,,도둑 도,도둑 도
4급,113,2026-05-23,46,hunum,다음 漢字의 訓과 音을 쓰시오.,卷,卷,,책 권,책 권
4급,113,2026-05-23,47,hunum,다음 漢字의 訓과 音을 쓰시오.,威,威,,위엄 위,위엄 위
4급,113,2026-05-23,48,hunum,다음 漢字의 訓과 音을 쓰시오.,修,修,,닦을 수,닦을 수
4급,113,2026-05-23,49,hunum,다음 漢字의 訓과 音을 쓰시오.,罪,罪,,허물 죄,허물 죄
4급,113,2026-05-23,50,hunum,다음 漢字의 訓과 音을 쓰시오.,驚,驚,,놀랄 경,놀랄 경
4급,113,2026-05-23,51,hunum,다음 漢字의 訓과 音을 쓰시오.,針,針,,바늘 침,바늘 침
4급,113,2026-05-23,52,hunum,다음 漢字의 訓과 音을 쓰시오.,盡,盡,,다할 진,다할 진
4급,113,2026-05-23,53,hunum,다음 漢字의 訓과 音을 쓰시오.,喜,喜,,기쁠 희,기쁠 희
4급,113,2026-05-23,54,hunum,다음 漢字의 訓과 音을 쓰시오.,勉,勉,,힘쓸 면,힘쓸 면
4급,113,2026-05-23,55,bushu,다음 漢字의 部首를 쓰시오.,魚,魚,,魚,魚
4급,113,2026-05-23,56,bushu,다음 漢字의 部首를 쓰시오.,課,課,,言,言
4급,113,2026-05-23,57,bushu,다음 漢字의 部首를 쓰시오.,擧,擧,,手,手
4급,113,2026-05-23,58,yakja,다음 漢字의 略字를 쓰시오.,質,質,,貭,貭
4급,113,2026-05-23,59,yakja,다음 漢字의 略字를 쓰시오.,號,號,,号,号
4급,113,2026-05-23,60,yakja,다음 漢字의 略字를 쓰시오.,傳,傳,,伝,伝
4급,113,2026-05-23,61,jangum,다음 漢字語 중 첫소리가 長音인 것을 가려 그 번호를 쓰시오.,,,"[""① 勞動"", ""② 老人""]",②,②
4급,113,2026-05-23,62,jangum,다음 漢字語 중 첫소리가 長音인 것을 가려 그 번호를 쓰시오.,,,"[""① 事前"", ""② 私田""]",①,①
4급,113,2026-05-23,63,jangum,다음 漢字語 중 첫소리가 長音인 것을 가려 그 번호를 쓰시오.,,,"[""① 醫師"", ""② 義士""]",②,②
4급,113,2026-05-23,64,banui,다음 漢字와 뜻이 반대(또는 상대)되는 漢字를 (  ) 속에 적어 문장을 완성하시오.,그는 현재 상황의 문제점을 (  )減 없이 솔직하게 말했다.,減,,加,加
4급,113,2026-05-23,65,banui,다음 漢字와 뜻이 반대(또는 상대)되는 漢字를 (  ) 속에 적어 문장을 완성하시오.,비록 점수는 지고 있지만 아직 (  )負는 끝나지 않았다.,負,,勝,勝
4급,113,2026-05-23,66,banui,다음 漢字와 뜻이 반대(또는 상대)되는 漢字를 (  ) 속에 적어 문장을 완성하시오.,인생을 살다보면 (  )凶은 계속해서 반복된다.,凶,,吉,吉
4급,113,2026-05-23,67,yui,다음 漢字와 뜻이 같거나 비슷한 漢字를 (  ) 속에 적어 문장을 완성하시오.,혼자 사는 그녀는 孤(  )을 달래기 위해 책을 읽었다.,孤,,獨,獨
4급,113,2026-05-23,68,yui,다음 漢字와 뜻이 같거나 비슷한 漢字를 (  ) 속에 적어 문장을 완성하시오.,約(  )을 잘 지키는 것은 사회 생활의 기본이다.,約,,束,束
4급,113,2026-05-23,69,yui,다음 漢字와 뜻이 같거나 비슷한 漢字를 (  ) 속에 적어 문장을 완성하시오.,장 감독은 이번에 새로운 영화를 製(  )하였다.,製,,作,作
4급,113,2026-05-23,70,dongeum,다음 (  ) 속 단어의 同音語를 주어진 뜻에 맞게 漢字로 쓰시오.,(藝道) - 예의와 법도를 아울러 이르는 말.,藝道,,禮度,禮度
4급,113,2026-05-23,71,dongeum,다음 (  ) 속 단어의 同音語를 주어진 뜻에 맞게 漢字로 쓰시오.,(適期) - 붉은빛의 기.,適期,,赤旗,赤旗
4급,113,2026-05-23,72,dongeum,다음 (  ) 속 단어의 同音語를 주어진 뜻에 맞게 漢字로 쓰시오.,"(草具) - 야구에서, 투수가 등판하여 맨 처음 던지는 공.",草具,,初球,初球
4급,113,2026-05-23,73,uut_select,다음 漢字語의 뜻을 <보기>에서 찾아 그 번호를 쓰시오.,無職,無職,"[""① 어떠한 일에 대하여 아무런 감정이나 생각이 없음."", ""② 늙어서 벼슬에서 물러나 은퇴함."", ""③ 정보를 제공함."", ""④ 깎아 없애거나 지워 버림."", ""⑤ 어떤 것을 깊이 생각하고 연구함."", ""⑥ 일정한 직업이 없음.""]",⑥,⑥
4급,113,2026-05-23,74,uut_select,다음 漢字語의 뜻을 <보기>에서 찾아 그 번호를 쓰시오.,考察,考察,"[""① 어떠한 일에 대하여 아무런 감정이나 생각이 없음."", ""② 늙어서 벼슬에서 물러나 은퇴함."", ""③ 정보를 제공함."", ""④ 깎아 없애거나 지워 버림."", ""⑤ 어떤 것을 깊이 생각하고 연구함."", ""⑥ 일정한 직업이 없음.""]",⑤,⑤
4급,113,2026-05-23,75,uut_select,다음 漢字語의 뜻을 <보기>에서 찾아 그 번호를 쓰시오.,提報,提報,"[""① 어떠한 일에 대하여 아무런 감정이나 생각이 없음."", ""② 늙어서 벼슬에서 물러나 은퇴함."", ""③ 정보를 제공함."", ""④ 깎아 없애거나 지워 버림."", ""⑤ 어떤 것을 깊이 생각하고 연구함."", ""⑥ 일정한 직업이 없음.""]",③,③
4급,113,2026-05-23,76,seong-eo,다음 ( ) 안에 해당하는 漢字를 적어 성어를 완성하시오.,惡戰(고)鬪 : 매우 어려운 조건을 무릅쓰고 싸우고 고생스럽게 싸움.,惡戰(고)鬪,,苦,苦
4급,113,2026-05-23,77,seong-eo,다음 ( ) 안에 해당하는 漢字를 적어 성어를 완성하시오.,文房四(우) : 문인의 방의 네 가지 벗.,文房四(우),,友,友
4급,113,2026-05-23,78,seong-eo,다음 ( ) 안에 해당하는 漢字를 적어 성어를 완성하시오.,送(구)迎新 : 묵은해를 보내고 새해를 맞음.,送(구)迎新,,舊,舊
4급,113,2026-05-23,79,seong-eo,다음 ( ) 안에 해당하는 漢字를 적어 성어를 완성하시오.,(과)大評價 : 실제보다 지나치게 높이 평가함.,(과)大評價,,過,過
4급,113,2026-05-23,80,seong-eo,다음 ( ) 안에 해당하는 漢字를 적어 성어를 완성하시오.,見危授(명) : 나라가 위태로울 때 자기의 몸을 나라에 바침.,見危授(명),,命,命
4급,113,2026-05-23,81,hanjaeo_write,다음 각 문장의 밑줄 친 漢字語를 漢字로 쓰시오.,전신주가 쓰러지며 마을 일대에 정전이 일어났다.,정전,,停電,停電
4급,113,2026-05-23,82,hanjaeo_write,다음 각 문장의 밑줄 친 漢字語를 漢字로 쓰시오.,왕은 후환을 없애고자 죄인들을 외딴 섬으로 유배보냈다.,후환,,後患,後患
4급,113,2026-05-23,83,hanjaeo_write,다음 각 문장의 밑줄 친 漢字語를 漢字로 쓰시오.,농기구를 개량한 덕분에 농부들의 수고를 덜었다.,개량,,改良,改良
4급,113,2026-05-23,84,hanjaeo_write,다음 각 문장의 밑줄 친 漢字語를 漢字로 쓰시오.,선장은 선상의 갑판에서 멀리 수평선을 바라보았다.,선상,,船上,船上
4급,113,2026-05-23,85,hanjaeo_write,다음 각 문장의 밑줄 친 漢字語를 漢字로 쓰시오.,내 적금은 미래를 위한 투자의 성격을 갖고 있다.,성격,,性格,性格
4급,113,2026-05-23,86,hanjaeo_write,다음 각 문장의 밑줄 친 漢字語를 漢字로 쓰시오.,학교를 마치고 동생과 함께 논술 학원에 갔다.,학원,,學院,學院
4급,113,2026-05-23,87,hanjaeo_write,다음 각 문장의 밑줄 친 漢字語를 漢字로 쓰시오.,우리 고장에서 생산된 사과는 전국의 각 지역에서 판매된다.,생산,,生産,生産
4급,113,2026-05-23,88,hanjaeo_write,다음 각 문장의 밑줄 친 漢字語를 漢字로 쓰시오.,산림에 대한 개발 허가가 전면 중단되었다.,허가,,許可,許可
4급,113,2026-05-23,89,hanjaeo_write,다음 각 문장의 밑줄 친 漢字語를 漢字로 쓰시오.,회사의 매출액 추이는 매년 우상향 곡선을 그리고 있다.,곡선,,曲線,曲線
4급,113,2026-05-23,90,hanjaeo_write,다음 각 문장의 밑줄 친 漢字語를 漢字로 쓰시오.,정정당당한 경쟁을 위해서는 규칙을 준수해야 할 것이다.,경쟁,,競爭,競爭
4급,113,2026-05-23,91,hanjaeo_write,다음 각 문장의 밑줄 친 漢字語를 漢字로 쓰시오.,신청서에는 참가자의 자격 요건을 명시하고 있다.,명시,,明示,明示
4급,113,2026-05-23,92,hanjaeo_write,다음 각 문장의 밑줄 친 漢字語를 漢字로 쓰시오.,아버지는 도시의 외곽 지역에 새로운 집을 구하셨다.,도시,,都市,都市
4급,113,2026-05-23,93,hanjaeo_write,다음 각 문장의 밑줄 친 漢字語를 漢字로 쓰시오.,공습경보가 발령되자 부대는 전투태세에 돌입했다.,발령,,發令,發令
4급,113,2026-05-23,94,hanjaeo_write,다음 각 문장의 밑줄 친 漢字語를 漢字로 쓰시오.,해안가 작은 마을에 태풍이 강타하였다.,강타,,強打,強打
4급,113,2026-05-23,95,hanjaeo_write,다음 각 문장의 밑줄 친 漢字語를 漢字로 쓰시오.,우리 학교는 다음 학기부터 급식을 시행한다.,급식,,給食,給食
4급,113,2026-05-23,96,hanjaeo_write,다음 각 문장의 밑줄 친 漢字語를 漢字로 쓰시오.,전쟁이 막바지로 접어들며 적군의 패색이 뚜렷해졌다.,패색,,敗色,敗色
4급,113,2026-05-23,97,hanjaeo_write,다음 각 문장의 밑줄 친 漢字語를 漢字로 쓰시오.,요즘 우리 동네는 중고 거래가 활발하다.,거래,,去來,去來
4급,113,2026-05-23,98,hanjaeo_write,다음 각 문장의 밑줄 친 漢字語를 漢字로 쓰시오.,신랑 신부가 하객들의 축복을 받으며 행진했다.,축복,,祝福,祝福
4급,113,2026-05-23,99,hanjaeo_write,다음 각 문장의 밑줄 친 漢字語를 漢字로 쓰시오.,야간 수업을 듣는 학생들의 눈빛에 열정이 가득하다.,야간,,夜間,夜間
4급,113,2026-05-23,100,hanjaeo_write,다음 각 문장의 밑줄 친 漢字語를 漢字로 쓰시오.,할아버지의 과거 모습은 흑백 사진 속에 담겨있었다.,흑백,,黑白,黑白
4급,112,2026-02-28,1,dokum,다음 밑줄 친 漢字語의 讀音을 쓰시오.,그의 그림은 미술 애호가들에게 좋은 評價를 받았다.,評價,,평가,평가
4급,112,2026-02-28,2,dokum,다음 밑줄 친 漢字語의 讀音을 쓰시오.,제대로 싸워 보지도 못하고 저들에게 降伏할 수는 없다.,降伏,,항복,항복
4급,112,2026-02-28,3,dokum,다음 밑줄 친 漢字語의 讀音을 쓰시오.,모든 의원이 탈당하는 상황에 그는 殘留를 선언했다.,殘留,,잔류,잔류
4급,112,2026-02-28,4,dokum,다음 밑줄 친 漢字語의 讀音을 쓰시오.,뛰놀던 아이가 넘어져 무릎에 傷處를 입었다.,傷處,,상처,상처
4급,112,2026-02-28,5,dokum,다음 밑줄 친 漢字語의 讀音을 쓰시오.,우리 팀은 바닷속을 探險하며 해저 생태계를 조사하고 있다.,探險,,탐험,탐험
4급,112,2026-02-28,6,dokum,다음 밑줄 친 漢字語의 讀音을 쓰시오.,시민들이 유원지의 놀이 시설을 이용해 餘暇를 즐기고 있다.,餘暇,,여가,여가
4급,112,2026-02-28,7,dokum,다음 밑줄 친 漢字語의 讀音을 쓰시오.,여기는 건물들이 많아서 귀빈을 警護하기에 좋지 않다.,警護,,경호,경호
4급,112,2026-02-28,8,dokum,다음 밑줄 친 漢字語의 讀音을 쓰시오.,이 공장은 待遇가 좋지 않아서 직원들의 이직률이 높다.,待遇,,대우,대우
4급,112,2026-02-28,9,dokum,다음 밑줄 친 漢字語의 讀音을 쓰시오.,우리 회사는 組織을 축소하기 위한 작업에 돌입했다.,組織,,조직,조직
4급,112,2026-02-28,10,dokum,다음 밑줄 친 漢字語의 讀音을 쓰시오.,어떤 희생을 甘受하더라도 이번 일은 반드시 성공해야 한다.,甘受,,감수,감수
4급,112,2026-02-28,11,dokum,다음 밑줄 친 漢字語의 讀音을 쓰시오.,군사 작전에서는 군량미의 備蓄이 중요하다.,備蓄,,비축,비축
4급,112,2026-02-28,12,dokum,다음 밑줄 친 漢字語의 讀音을 쓰시오.,나의 제안은 그에 의해 보기 좋게 拒絶을 당했다.,拒絶,,거절,거절
4급,112,2026-02-28,13,dokum,다음 밑줄 친 漢字語의 讀音을 쓰시오.,그는 공에 맞아서 눈 周圍가 검푸르게 멍들었다.,周圍,,주위,주위
4급,112,2026-02-28,14,dokum,다음 밑줄 친 漢字語의 讀音을 쓰시오.,마을 사람들은 그의 장례를 치르고 墓碑까지 세워 주었다.,墓碑,,묘비,묘비
4급,112,2026-02-28,15,dokum,다음 밑줄 친 漢字語의 讀音을 쓰시오.,이 의자는 무척 堅固하게 만들어졌다.,堅固,,견고,견고
4급,112,2026-02-28,16,dokum,다음 밑줄 친 漢字語의 讀音을 쓰시오.,겨울철 난방비를 절감하기 위한 妙案을 생각해 봅시다.,妙案,,묘안,묘안
4급,112,2026-02-28,17,dokum,다음 밑줄 친 漢字語의 讀音을 쓰시오.,나는 그의 돌출 행동을 納得하기 어려웠다.,納得,,납득,납득
4급,112,2026-02-28,18,dokum,다음 밑줄 친 漢字語의 讀音을 쓰시오.,할아버지께서는 몰염치한 그의 태도에 激怒하였다.,激怒,,격노,격노
4급,112,2026-02-28,19,dokum,다음 밑줄 친 漢字語의 讀音을 쓰시오.,그는 집을 나서기 전에 革帶를 졸라매었다.,革帶,,혁대,혁대
4급,112,2026-02-28,20,dokum,다음 밑줄 친 漢字語의 讀音을 쓰시오.,동민이는 새로운 사업에 손을 댔다가 많은 缺損만 보았다.,缺損,,결손,결손
4급,112,2026-02-28,21,dokum,다음 밑줄 친 漢字語의 讀音을 쓰시오.,자네 방 어딘가에 盜聽 장치가 설치되어 있네.,盜聽,,도청,도청
4급,112,2026-02-28,22,dokum,다음 밑줄 친 漢字語의 讀音을 쓰시오.,우리 식당에서는 매일 한 번씩 식기 消毒을 한다.,消毒,,소독,소독
4급,112,2026-02-28,23,dokum,다음 밑줄 친 漢字語의 讀音을 쓰시오.,사복을 입은 세 명의 健壯한 청년들이 그를 에워쌌다.,健壯,,건장,건장
4급,112,2026-02-28,24,dokum,다음 밑줄 친 漢字語의 讀音을 쓰시오.,이 영화에서는 두 병사가 칼싸움하는 장면이 壓卷이다.,壓卷,,압권,압권
4급,112,2026-02-28,25,dokum,다음 밑줄 친 漢字語의 讀音을 쓰시오.,외국에 나가면 우선 언어의 障壁에 부딪히게 된다.,障壁,,장벽,장벽
4급,112,2026-02-28,26,dokum,다음 밑줄 친 漢字語의 讀音을 쓰시오.,그의 훌륭한 행적은 두고두고 稱頌해도 모자람 정도이다.,稱頌,,칭송,칭송
4급,112,2026-02-28,27,dokum,다음 밑줄 친 漢字語의 讀音을 쓰시오.,그녀는 다른 사람을 먼저 配慮하는 마음을 가지고 있다.,配慮,,배려,배려
4급,112,2026-02-28,28,dokum,다음 밑줄 친 漢字語의 讀音을 쓰시오.,그는 주말마다 冊房에 들러 꼭 한두 권의 책을 산다.,冊房,,책방,책방
4급,112,2026-02-28,29,dokum,다음 밑줄 친 漢字語의 讀音을 쓰시오.,형사들이 그를 그림자처럼 따라다니며 監視하였다.,監視,,감시,감시
4급,112,2026-02-28,30,dokum,다음 밑줄 친 漢字語의 讀音을 쓰시오.,진열장에는 여러 가지 模樣의 신발이 놓여 있다.,模樣,,모양,모양
4급,112,2026-02-28,31,dokum,다음 밑줄 친 漢字語의 讀音을 쓰시오.,이 병은 후천성이어서 遺傳되지 않는다.,遺傳,,유전,유전
4급,112,2026-02-28,32,dokum,다음 밑줄 친 漢字語의 讀音을 쓰시오.,그는 어려운 사람들을 위해 積善을 많이 베푼다.,積善,,적선,적선
4급,112,2026-02-28,33,hunum,다음 漢字의 訓과 音을 쓰시오.,歡,歡,,기쁠 환,기쁠 환
4급,112,2026-02-28,34,hunum,다음 漢字의 訓과 音을 쓰시오.,巨,巨,,클 거,클 거
4급,112,2026-02-28,35,hunum,다음 漢字의 訓과 音을 쓰시오.,乳,乳,,젖 유,젖 유
4급,112,2026-02-28,36,hunum,다음 漢字의 訓과 音을 쓰시오.,存,存,,있을 존,있을 존
4급,112,2026-02-28,37,hunum,다음 漢字의 訓과 音을 쓰시오.,秀,秀,,빼어날 수,빼어날 수
4급,112,2026-02-28,38,hunum,다음 漢字의 訓과 音을 쓰시오.,逃,逃,,도망할 도,도망할 도
4급,112,2026-02-28,39,hunum,다음 漢字의 訓과 音을 쓰시오.,刑,刑,,형벌 형,형벌 형
4급,112,2026-02-28,40,hunum,다음 漢字의 訓과 音을 쓰시오.,珍,珍,,보배 진,보배 진
4급,112,2026-02-28,41,hunum,다음 漢字의 訓과 音을 쓰시오.,複,複,,겹칠 복,겹칠 복
4급,112,2026-02-28,42,hunum,다음 漢字의 訓과 音을 쓰시오.,郵,郵,,우편 우,우편 우
4급,112,2026-02-28,43,hunum,다음 漢字의 訓과 音을 쓰시오.,儉,儉,,검소할 검,검소할 검
4급,112,2026-02-28,44,hunum,다음 漢字의 訓과 音을 쓰시오.,射,射,,쏠 사,쏠 사
4급,112,2026-02-28,45,hunum,다음 漢字의 訓과 音을 쓰시오.,委,委,,맡길 위,맡길 위
4급,112,2026-02-28,46,hunum,다음 漢字의 訓과 音을 쓰시오.,泉,泉,,샘 천,샘 천
4급,112,2026-02-28,47,hunum,다음 漢字의 訓과 音을 쓰시오.,勉,勉,,힘쓸 면,힘쓸 면
4급,112,2026-02-28,48,hunum,다음 漢字의 訓과 音을 쓰시오.,烈,烈,,매울 렬,매울 렬
4급,112,2026-02-28,49,hunum,다음 漢字의 訓과 音을 쓰시오.,環,環,,고리 환,고리 환
4급,112,2026-02-28,50,hunum,다음 漢字의 訓과 音을 쓰시오.,閑,閑,,한가할 한,한가할 한
4급,112,2026-02-28,51,hunum,다음 漢字의 訓과 音을 쓰시오.,叔,叔,,아재비 숙,아재비 숙
4급,112,2026-02-28,52,hunum,다음 漢字의 訓과 音을 쓰시오.,推,推,,밀 추,밀 추
4급,112,2026-02-28,53,hunum,다음 漢字의 訓과 音을 쓰시오.,避,避,,피할 피,피할 피
4급,112,2026-02-28,54,hunum,다음 漢字의 訓과 音을 쓰시오.,豫,豫,,미리 예,미리 예
4급,112,2026-02-28,55,bushu,다음 漢字의 部首를 쓰시오.,黨,黨,,黑,黑
4급,112,2026-02-28,56,bushu,다음 漢字의 部首를 쓰시오.,愛,愛,,心,心
4급,112,2026-02-28,57,bushu,다음 漢字의 部首를 쓰시오.,至,至,,至,至
4급,112,2026-02-28,58,yakja,다음 漢字의 略字를 쓰시오.,區,區,,区,区
4급,112,2026-02-28,59,yakja,다음 漢字의 略字를 쓰시오.,圖,圖,,図,図
4급,112,2026-02-28,60,yakja,다음 漢字의 略字를 쓰시오.,晝,晝,,昼,昼
4급,112,2026-02-28,61,jangum,다음 漢字語 중 첫소리가 長音인 것을 가려 그 번호를 쓰시오.,,,"[""① 主義"", ""② 注意""]",②,②
4급,112,2026-02-28,62,jangum,다음 漢字語 중 첫소리가 長音인 것을 가려 그 번호를 쓰시오.,,,"[""① 停止"", ""② 整地""]",②,②
4급,112,2026-02-28,63,jangum,다음 漢字語 중 첫소리가 長音인 것을 가려 그 번호를 쓰시오.,,,"[""① 有利"", ""② 遊離""]",①,①
4급,112,2026-02-28,64,banui,다음 漢字와 뜻이 반대(또는 상대)되는 漢字를 (  ) 속에 적어 문장을 완성하시오.,이 나라는 예전엔 (  )常이 명확하게 갈려 있던 계급 사회였다.,常,,班,班
4급,112,2026-02-28,65,banui,다음 漢字와 뜻이 반대(또는 상대)되는 漢字를 (  ) 속에 적어 문장을 완성하시오.,그 선수의 마지막 골은 (  )負에 쐐기를 박는 득점이었다.,負,,勝,勝
4급,112,2026-02-28,66,banui,다음 漢字와 뜻이 반대(또는 상대)되는 漢字를 (  ) 속에 적어 문장을 완성하시오.,그는 늘 국가의 (  )危를 먼저 생각하는 사람이었습니다.,危,,安,安
4급,112,2026-02-28,67,yui,다음 漢字와 뜻이 같거나 비슷한 漢字를 (  ) 속에 적어 문장을 완성하시오.,그녀는 언니의 가정에 행복이 (  )滿하기를 빌었다.,滿,,充,充
4급,112,2026-02-28,68,yui,다음 漢字와 뜻이 같거나 비슷한 漢字를 (  ) 속에 적어 문장을 완성하시오.,이번 투자 실패로 우리 회사는 막대한 (  )擊을 받았다.,擊,,打,打
4급,112,2026-02-28,69,yui,다음 漢字와 뜻이 같거나 비슷한 漢字를 (  ) 속에 적어 문장을 완성하시오.,서울은 아직도 쌀쌀하지만 제주도는 (  )暖하여 두꺼운 옷이 필요 없다.,暖,,溫,溫
4급,112,2026-02-28,70,dongeum,다음 (  ) 속 단어의 同音語를 주어진 뜻에 맞게 漢字로 쓰시오.,(定員) - 집 안에 있는 뜰이나 꽃밭.,定員,,庭園,庭園
4급,112,2026-02-28,71,dongeum,다음 (  ) 속 단어의 同音語를 주어진 뜻에 맞게 漢字로 쓰시오.,(武器) - 언제까지라고 정한 기한이 없음.,武器,,無期,無期
4급,112,2026-02-28,72,dongeum,다음 (  ) 속 단어의 同音語를 주어진 뜻에 맞게 漢字로 쓰시오.,(苦戰) - 오랫동안 많은 사람에게 널리 읽히고 모범이 될 만한 문학이나 예술 작품.,苦戰,,古典,古典
4급,112,2026-02-28,73,uut_select,다음 漢字語의 뜻을 <보기>에서 찾아 그 번호를 쓰시오.,製雪,製雪,"[""① 이른 시기."", ""② 의심스러운 말."", ""③ 아침 일찍 일어남."", ""④ 쌓인 눈을 치움. 또는 그런 일."", ""⑤ 인공적으로 눈을 만듦."", ""⑥ 자격을 가지고 병을 고치는 것을 직업으로 하는 사람.""]",⑤,⑤
4급,112,2026-02-28,74,uut_select,다음 漢字語의 뜻을 <보기>에서 찾아 그 번호를 쓰시오.,疑辭,疑辭,"[""① 이른 시기."", ""② 의심스러운 말."", ""③ 아침 일찍 일어남."", ""④ 쌓인 눈을 치움. 또는 그런 일."", ""⑤ 인공적으로 눈을 만듦."", ""⑥ 자격을 가지고 병을 고치는 것을 직업으로 하는 사람.""]",②,②
4급,112,2026-02-28,75,uut_select,다음 漢字語의 뜻을 <보기>에서 찾아 그 번호를 쓰시오.,早起,早起,"[""① 이른 시기."", ""② 의심스러운 말."", ""③ 아침 일찍 일어남."", ""④ 쌓인 눈을 치움. 또는 그런 일."", ""⑤ 인공적으로 눈을 만듦."", ""⑥ 자격을 가지고 병을 고치는 것을 직업으로 하는 사람.""]",③,③
4급,112,2026-02-28,76,seong-eo,다음 ( ) 안에 해당하는 漢字를 적어 성어를 완성하시오.,富(귀)在天 : 부귀를 누리는 일은 하늘의 뜻에 달려 있음.,富(귀)在天,,貴,貴
4급,112,2026-02-28,77,seong-eo,다음 ( ) 안에 해당하는 漢字를 적어 성어를 완성하시오.,結(초)報恩 : 죽은 뒤에라도 은혜를 잊지 않고 갚음.,結(초)報恩,,草,草
4급,112,2026-02-28,78,seong-eo,다음 ( ) 안에 해당하는 漢字를 적어 성어를 완성하시오.,興盡悲(래) : 즐거운 일이 다하면 슬픈 일이 닥침.,興盡悲(래),,來,來
4급,112,2026-02-28,79,seong-eo,다음 ( ) 안에 해당하는 漢字를 적어 성어를 완성하시오.,自(강)不息 : 스스로 힘써 몸과 마음을 가다듬어 쉬지 아니함.,自(강)不息,,強,強
4급,112,2026-02-28,80,seong-eo,다음 ( ) 안에 해당하는 漢字를 적어 성어를 완성하시오.,燈火可(친) : 등불을 가까이할 만함.,燈火可(친),,親,親
4급,112,2026-02-28,81,hanjaeo_write,다음 각 문장의 밑줄 친 漢字語를 漢字로 쓰시오.,나는 이번 합창 대회에서 독창 부분을 맡았다.,독창,,獨唱,獨唱
4급,112,2026-02-28,82,hanjaeo_write,다음 각 문장의 밑줄 친 漢字語를 漢字로 쓰시오.,졸업식이 예정된 순서에 따라 무사히 끝났다.,순서,,順序,順序
4급,112,2026-02-28,83,hanjaeo_write,다음 각 문장의 밑줄 친 漢字語를 漢字로 쓰시오.,오늘 밤 아버님은 모임이 있어서 출타 중이십니다.,출타,,出他,出他
4급,112,2026-02-28,84,hanjaeo_write,다음 각 문장의 밑줄 친 漢字語를 漢字로 쓰시오.,오늘 안으로 눈이 온다던 일기 예보가 적중했다.,적중,,的中,的中
4급,112,2026-02-28,85,hanjaeo_write,다음 각 문장의 밑줄 친 漢字語를 漢字로 쓰시오.,나는 병원에 환자가 많아서 대기실에서 한참 기다렸다.,환자,,患者,患者
4급,112,2026-02-28,86,hanjaeo_write,다음 각 문장의 밑줄 친 漢字語를 漢字로 쓰시오.,요즘엔 한복을 개량하여 일상복으로 입는 사람이 많다.,개량,,改良,改良
4급,112,2026-02-28,87,hanjaeo_write,다음 각 문장의 밑줄 친 漢字語를 漢字로 쓰시오.,두 분의 앞날에 행복과 기쁨이 가득하길 바랍니다.,행복,,幸福,幸福
4급,112,2026-02-28,88,hanjaeo_write,다음 각 문장의 밑줄 친 漢字語를 漢字로 쓰시오.,부대는 새로 배치된 신병들에게 곧바로 훈련을 시켰다.,신병,,新兵,新兵
4급,112,2026-02-28,89,hanjaeo_write,다음 각 문장의 밑줄 친 漢字語를 漢字로 쓰시오.,지구가 온난화되면서 빙하와 만년설이 녹아내리고 있다.,빙하,,氷河,氷河
4급,112,2026-02-28,90,hanjaeo_write,다음 각 문장의 밑줄 친 漢字語를 漢字로 쓰시오.,그는 외국 생활을 마치고 꿈에 그리던 조국 땅을 밟았다.,조국,,祖國,祖國
4급,112,2026-02-28,91,hanjaeo_write,다음 각 문장의 밑줄 친 漢字語를 漢字로 쓰시오.,그녀의 피아노 독주는 관객으로부터 뜨거운 환호를 받았다.,관객,,觀客,觀客
4급,112,2026-02-28,92,hanjaeo_write,다음 각 문장의 밑줄 친 漢字語를 漢字로 쓰시오.,요즘 아빠들은 적극적으로 육아에 참여하고 있다.,육아,,育兒,育兒
4급,112,2026-02-28,93,hanjaeo_write,다음 각 문장의 밑줄 친 漢字語를 漢字로 쓰시오.,가난한 사람의 재물을 빼앗으려더니 꼴좋게 됐다.,재물,,財物,財物
4급,112,2026-02-28,94,hanjaeo_write,다음 각 문장의 밑줄 친 漢字語를 漢字로 쓰시오.,그는 기량이 너무 뛰어나 경쟁 상대자가 없다.,경쟁,,競爭,競爭
4급,112,2026-02-28,95,hanjaeo_write,다음 각 문장의 밑줄 친 漢字語를 漢字로 쓰시오.,토의된 의제에 대하여 표결에 들어가도록 하겠습니다.,표결,,表決,表決
4급,112,2026-02-28,96,hanjaeo_write,다음 각 문장의 밑줄 친 漢字語를 漢字로 쓰시오.,백설 공주는 동화 속에 나오는 여주인공이다.,동화,,童話,童話
4급,112,2026-02-28,97,hanjaeo_write,다음 각 문장의 밑줄 친 漢字語를 漢字로 쓰시오.,이 의견에 찬성하시는 분은 거수해 주십시오.,거수,,擧手,擧手
4급,112,2026-02-28,98,hanjaeo_write,다음 각 문장의 밑줄 친 漢字語를 漢字로 쓰시오.,우리는 그의 성실한 모습을 보고 그를 책임자로 임명했다.,임명,,任命,任命
4급,112,2026-02-28,99,hanjaeo_write,다음 각 문장의 밑줄 친 漢字語를 漢字로 쓰시오.,우리는 이번 학술 조사에서 많은 양의 민요를 채록하였다.,조사,,調査,調査
4급,112,2026-02-28,100,hanjaeo_write,다음 각 문장의 밑줄 친 漢字語를 漢字로 쓰시오.,윤수는 영특하지만 몸이 너무 허약하다.,영특,,英特,英特
4급,111,2025-11-15,1,dokum,다음 밑줄 친 漢字語의 讀音을 쓰시오.,책상들을 조금씩 密着시켜 여유 공간을 만들었다.,密着,,밀착,밀착
4급,111,2025-11-15,2,dokum,다음 밑줄 친 漢字語의 讀音을 쓰시오.,정부는 일본의 역사 왜곡에 공식적으로 抗議하였다.,抗議,,항의,항의
4급,111,2025-11-15,3,dokum,다음 밑줄 친 漢字語의 讀音을 쓰시오.,배심원들은 그가 무죄라고 判決했다.,判決,,판결,판결
4급,111,2025-11-15,4,dokum,다음 밑줄 친 漢字語의 讀音을 쓰시오.,월드컵 경기를 지원하기 위해 경찰 인력이 대거 差出되었다.,差出,,차출,차출
4급,111,2025-11-15,5,dokum,다음 밑줄 친 漢字語의 讀音을 쓰시오.,현미경으로 細胞가 분열하는 것을 관찰했다.,細胞,,세포,세포
4급,111,2025-11-15,6,dokum,다음 밑줄 친 漢字語의 讀音을 쓰시오.,구청은 구민들을 위한 음악회를 主管하였다.,主管,,주관,주관
4급,111,2025-11-15,7,dokum,다음 밑줄 친 漢字語의 讀音을 쓰시오.,우리 선수단은 冬季 전지훈련을 거치면서 기량이 눈부시게 달라졌다.,冬季,,동계,동계
4급,111,2025-11-15,8,dokum,다음 밑줄 친 漢字語의 讀音을 쓰시오.,컴퓨터의 저장 공간을 줄이기 위해 용량이 큰 파일들을 壓縮했다.,壓縮,,압축,압축
4급,111,2025-11-15,9,dokum,다음 밑줄 친 漢字語의 讀音을 쓰시오.,적군의 동태를 계속 감시했지만 별다른 特異 사항이 발견되지 않았다.,特異,,특이,특이
4급,111,2025-11-15,10,dokum,다음 밑줄 친 漢字語의 讀音을 쓰시오.,외국인들은 한복을 선이 아름다운 옷이라고 禮讚하였다.,禮讚,,예찬,예찬
4급,111,2025-11-15,11,dokum,다음 밑줄 친 漢字語의 讀音을 쓰시오.,삼촌은 해외여행을 가기 위해 旅券을 새로 발급받았다.,旅券,,여권,여권
4급,111,2025-11-15,12,dokum,다음 밑줄 친 漢字語의 讀音을 쓰시오.,경기를 續行하기 위해 심판은 다친 선수를 경기장 밖으로 내보냈다.,續行,,속행,속행
4급,111,2025-11-15,13,dokum,다음 밑줄 친 漢字語의 讀音을 쓰시오.,국가의 憲政을 파괴하는 이들은 엄중한 처벌을 받아야 한다.,憲政,,헌정,헌정
4급,111,2025-11-15,14,dokum,다음 밑줄 친 漢字語의 讀音을 쓰시오.,지난주 주문했던 물건을 인수하고 殘金을 치렀다.,殘金,,잔금,잔금
4급,111,2025-11-15,15,dokum,다음 밑줄 친 漢字語의 讀音을 쓰시오.,푸른 달빛 아래서 바라보는 조각들은 歎聲을 자아낼 만큼 훌륭했다.,歎聲,,탄성,탄성
4급,111,2025-11-15,16,dokum,다음 밑줄 친 漢字語의 讀音을 쓰시오.,실수로 화병을 깬 동생을 辯護하는 아이의 모습이 대견스러웠다.,辯護,,변호,변호
4급,111,2025-11-15,17,dokum,다음 밑줄 친 漢字語의 讀音을 쓰시오.,교실 한 켠에 구급약이 備置되어 있다.,備置,,비치,비치
4급,111,2025-11-15,18,dokum,다음 밑줄 친 漢字語의 讀音을 쓰시오.,그녀와 나는 무슨 일이든 呼吸이 척척 맞는다.,呼吸,,호흡,호흡
4급,111,2025-11-15,19,dokum,다음 밑줄 친 漢字語의 讀音을 쓰시오.,"어머니 생신 때, 서울에 사는 누나와 妹夫가 잠시 부산에 내려왔다.",妹夫,,매부,매부
4급,111,2025-11-15,20,dokum,다음 밑줄 친 漢字語의 讀音을 쓰시오.,관중들은 곡예단의 공중 妙技에 마음을 졸이며 지켜보았다.,妙技,,묘기,묘기
4급,111,2025-11-15,21,dokum,다음 밑줄 친 漢字語의 讀音을 쓰시오.,연어들은 産卵을 위해 강을 거슬러 올라간다.,産卵,,산란,산란
4급,111,2025-11-15,22,dokum,다음 밑줄 친 漢字語의 讀音을 쓰시오.,그의 질문에 대한 소녀의 대답은 簡潔하고 명확했다.,簡潔,,간결,간결
4급,111,2025-11-15,23,dokum,다음 밑줄 친 漢字語의 讀音을 쓰시오.,최근 몇 년간 전국의 平均 기온이 계속 상승하는 추세다.,平均,,평균,평균
4급,111,2025-11-15,24,dokum,다음 밑줄 친 漢字語의 讀音을 쓰시오.,불린 콩을 갈아 물에 넣고 끓인 후 걸러서 豆乳를 만든다.,豆乳,,두유,두유
4급,111,2025-11-15,25,dokum,다음 밑줄 친 漢字語의 讀音을 쓰시오.,사업주는 올해 임금을 인상하기로 方針을 세웠다.,方針,,방침,방침
4급,111,2025-11-15,26,dokum,다음 밑줄 친 漢字語의 讀音을 쓰시오.,교육이야말로 한 나라의 興亡을 결정짓는 중대한 과업이다.,興亡,,흥망,흥망
4급,111,2025-11-15,27,dokum,다음 밑줄 친 漢字語의 讀音을 쓰시오.,그 연예인에 대해 확인되지 않은 온갖 소문들이 亂舞했다.,亂舞,,난무,난무
4급,111,2025-11-15,28,dokum,다음 밑줄 친 漢字語의 讀音을 쓰시오.,농민들은 이번 태풍으로 농작물이 피해를 입을까 念慮했다.,念慮,,염려,염려
4급,111,2025-11-15,29,dokum,다음 밑줄 친 漢字語의 讀音을 쓰시오.,사태의 推移를 보아가면서 다음 계획을 추진할 예정이다.,推移,,추이,추이
4급,111,2025-11-15,30,dokum,다음 밑줄 친 漢字語의 讀音을 쓰시오.,영희는 神經이 무척 예민해서 조그만 소리에도 자주 깬다.,神經,,신경,신경
4급,111,2025-11-15,31,dokum,다음 밑줄 친 漢字語의 讀音을 쓰시오.,고장 난 자동차를 고치는 데 드는 수리비의 見積을 알아보았다.,見積,,견적,견적
4급,111,2025-11-15,32,dokum,다음 밑줄 친 漢字語의 讀音을 쓰시오.,올가을 우리 구단은 새로운 선수들을 대거 迎入했다.,迎入,,영입,영입
4급,111,2025-11-15,33,hunum,다음 漢字의 訓과 音을 쓰시오.,討,討,,칠 토,칠 토
4급,111,2025-11-15,34,hunum,다음 漢字의 訓과 音을 쓰시오.,往,往,,갈 왕,갈 왕
4급,111,2025-11-15,35,hunum,다음 漢字의 訓과 音을 쓰시오.,伏,伏,,엎드릴 복,엎드릴 복
4급,111,2025-11-15,36,hunum,다음 漢字의 訓과 音을 쓰시오.,奇,奇,,기특할 기,기특할 기
4급,111,2025-11-15,37,hunum,다음 漢字의 訓과 音을 쓰시오.,範,範,,법 범,법 범
4급,111,2025-11-15,38,hunum,다음 漢字의 訓과 音을 쓰시오.,寶,寶,,보배 보,보배 보
4급,111,2025-11-15,39,hunum,다음 漢字의 訓과 音을 쓰시오.,錢,錢,,돈 전,돈 전
4급,111,2025-11-15,40,hunum,다음 漢字의 訓과 音을 쓰시오.,助,助,,도울 조,도울 조
4급,111,2025-11-15,41,hunum,다음 漢字의 訓과 音을 쓰시오.,博,博,,넓을 박,넓을 박
4급,111,2025-11-15,42,hunum,다음 漢字의 訓과 音을 쓰시오.,激,激,,격할 격,격할 격
4급,111,2025-11-15,43,hunum,다음 漢字의 訓과 音을 쓰시오.,鬪,鬪,,싸움 투,싸움 투
4급,111,2025-11-15,44,hunum,다음 漢字의 訓과 音을 쓰시오.,負,負,,질 부,질 부
4급,111,2025-11-15,45,hunum,다음 漢字의 訓과 音을 쓰시오.,揮,揮,,휘두를 휘,휘두를 휘
4급,111,2025-11-15,46,hunum,다음 漢字의 訓과 音을 쓰시오.,映,映,,비칠 영,비칠 영
4급,111,2025-11-15,47,hunum,다음 漢字의 訓과 音을 쓰시오.,壯,壯,,장할 장,장할 장
4급,111,2025-11-15,48,hunum,다음 漢字의 訓과 音을 쓰시오.,走,走,,달릴 주,달릴 주
4급,111,2025-11-15,49,hunum,다음 漢字의 訓과 音을 쓰시오.,舍,舍,,집 사,집 사
4급,111,2025-11-15,50,hunum,다음 漢字의 訓과 音을 쓰시오.,點,點,,점 점,점 점
4급,111,2025-11-15,51,hunum,다음 漢字의 訓과 音을 쓰시오.,朱,朱,,붉을 주,붉을 주
4급,111,2025-11-15,52,hunum,다음 漢字의 訓과 音을 쓰시오.,誠,誠,,정성 성,정성 성
4급,111,2025-11-15,53,hunum,다음 漢字의 訓과 音을 쓰시오.,營,營,,경영할 영,경영할 영
4급,111,2025-11-15,54,hunum,다음 漢字의 訓과 音을 쓰시오.,評,評,,평할 평,평할 평
4급,111,2025-11-15,55,bushu,다음 漢字의 部首를 쓰시오.,酒,酒,,酉,酉
4급,111,2025-11-15,56,bushu,다음 漢字의 部首를 쓰시오.,姿,姿,,女,女
4급,111,2025-11-15,57,bushu,다음 漢字의 部首를 쓰시오.,足,足,,足,足
4급,111,2025-11-15,58,yakja,다음 漢字의 略字를 쓰시오.,變,變,,変,変
4급,111,2025-11-15,59,yakja,다음 漢字의 略字를 쓰시오.,卒,卒,,卆,卆
4급,111,2025-11-15,60,yakja,다음 漢字의 略字를 쓰시오.,舊,舊,,旧,旧
4급,111,2025-11-15,61,jangum,다음 漢字語 중 첫소리가 長音인 것을 가려 그 번호를 쓰시오.,,,"[""① 銅器"", ""② 動機""]",②,②
4급,111,2025-11-15,62,jangum,다음 漢字語 중 첫소리가 長音인 것을 가려 그 번호를 쓰시오.,,,"[""① 事前"", ""② 辭典""]",①,①
4급,111,2025-11-15,63,jangum,다음 漢字語 중 첫소리가 長音인 것을 가려 그 번호를 쓰시오.,,,"[""① 視覺"", ""② 時刻""]",①,①
4급,111,2025-11-15,64,banui,다음 漢字와 뜻이 반대(또는 상대)되는 漢字를 (  ) 속에 적어 문장을 완성하시오.,그는 늘 일의 (  )重을 가려 중요한 사안부터 처리한다.,重,,輕,輕
4급,111,2025-11-15,65,banui,다음 漢字와 뜻이 반대(또는 상대)되는 漢字를 (  ) 속에 적어 문장을 완성하시오.,이번 사건은 그 일과 아무런 因(  ) 관계가 없다.,因,,果,果
4급,111,2025-11-15,66,banui,다음 漢字와 뜻이 반대(또는 상대)되는 漢字를 (  ) 속에 적어 문장을 완성하시오.,정치인들은 민심의 (  )背를 잘 파악하여 정책을 결정하여야 한다.,背,,向,向
4급,111,2025-11-15,67,yui,다음 漢字와 뜻이 같거나 비슷한 漢字를 (  ) 속에 적어 문장을 완성하시오.,이곳에서 공룡으로 추정되는 巨(  )한 동물의 화석이 발견되었다.,巨,,大,大
4급,111,2025-11-15,68,yui,다음 漢字와 뜻이 같거나 비슷한 漢字를 (  ) 속에 적어 문장을 완성하시오.,도서관에는 신간 (  )籍들이 보기 좋게 진열되어 있었다.,籍,,書,書
4급,111,2025-11-15,69,yui,다음 漢字와 뜻이 같거나 비슷한 漢字를 (  ) 속에 적어 문장을 완성하시오.,수원성은 대단히 堅(  )하게 지어진 건축물이다.,堅,,固,固
4급,111,2025-11-15,70,dongeum,다음 (  ) 속 단어의 同音語를 주어진 뜻에 맞게 漢字로 쓰시오.,(忠戰) - 전기 에너지를 축적하는 일.,忠戰,,充電,充電
4급,111,2025-11-15,71,dongeum,다음 (  ) 속 단어의 同音語를 주어진 뜻에 맞게 漢字로 쓰시오.,(廣圖) - 빛이나 불의 밝은 정도.,廣圖,,光度,光度
4급,111,2025-11-15,72,dongeum,다음 (  ) 속 단어의 同音語를 주어진 뜻에 맞게 漢字로 쓰시오.,(遊離) - 이익이 있음.,遊離,,有利,有利
4급,111,2025-11-15,73,uut_select,다음 漢字語의 뜻을 <보기>에서 찾아 그 번호를 쓰시오.,底邊,底邊,"[""① 변방의 경계선."", ""② 세력이나 영향력이 미치는 영역."", ""③ 머리털을 깎아 다듬음."", ""④ 매우 큰 계획."", ""⑤ 일정한 구역이나 범위의 밖."", ""⑥ 밑바닥.""]",⑥,⑥
4급,111,2025-11-15,74,uut_select,다음 漢字語의 뜻을 <보기>에서 찾아 그 번호를 쓰시오.,理髮,理髮,"[""① 변방의 경계선."", ""② 세력이나 영향력이 미치는 영역."", ""③ 머리털을 깎아 다듬음."", ""④ 매우 큰 계획."", ""⑤ 일정한 구역이나 범위의 밖."", ""⑥ 밑바닥.""]",③,③
4급,111,2025-11-15,75,uut_select,다음 漢字語의 뜻을 <보기>에서 찾아 그 번호를 쓰시오.,域外,域外,"[""① 변방의 경계선."", ""② 세력이나 영향력이 미치는 영역."", ""③ 머리털을 깎아 다듬음."", ""④ 매우 큰 계획."", ""⑤ 일정한 구역이나 범위의 밖."", ""⑥ 밑바닥.""]",⑤,⑤
4급,111,2025-11-15,76,seong-eo,다음 ( ) 안에 해당하는 漢字를 적어 성어를 완성하시오.,明鏡(지)水 : 맑은 거울과 고요한 물.,明鏡(지)水,,止,止
4급,111,2025-11-15,77,seong-eo,다음 ( ) 안에 해당하는 漢字를 적어 성어를 완성하시오.,藥房甘(초) : 거의 모든 처방에 감초가 들어감.,藥房甘(초),,草,草
4급,111,2025-11-15,78,seong-eo,다음 ( ) 안에 해당하는 漢字를 적어 성어를 완성하시오.,玉骨(선)風 : 살빛이 희고 고결하여 신선과 같은 풍채.,玉骨(선)風,,仙,仙
4급,111,2025-11-15,79,seong-eo,다음 ( ) 안에 해당하는 漢字를 적어 성어를 완성하시오.,殺(신)成仁 : 자기의 몸을 희생하여 인을 이룸.,殺(신)成仁,,身,身
4급,111,2025-11-15,80,seong-eo,다음 ( ) 안에 해당하는 漢字를 적어 성어를 완성하시오.,敢不(생)心 : 감히 엄두도 내지 못함.,敢不(생)心,,生,生
4급,111,2025-11-15,81,hanjaeo_write,다음 각 문장의 밑줄 친 漢字語를 漢字로 쓰시오.,목사님은 매주 갈 곳 없는 노인들을 위해 봉사했다.,봉사,,奉仕,奉仕
4급,111,2025-11-15,82,hanjaeo_write,다음 각 문장의 밑줄 친 漢字語를 漢字로 쓰시오.,관광지인 그곳에는 관광객을 태우는 마차들이 있었다.,마차,,馬車,馬車
4급,111,2025-11-15,83,hanjaeo_write,다음 각 문장의 밑줄 친 漢字語를 漢字로 쓰시오.,지도자가 되려면 도덕에 어긋나는 행동을 해서는 안 된다.,도덕,,道德,道德
4급,111,2025-11-15,84,hanjaeo_write,다음 각 문장의 밑줄 친 漢字語를 漢字로 쓰시오.,그 학자는 후진을 양성하는 데에 온갖 정열을 쏟았다.,정열,,情熱,情熱
4급,111,2025-11-15,85,hanjaeo_write,다음 각 문장의 밑줄 친 漢字語를 漢字로 쓰시오.,공공장소에서는 언제나 타인을 배려할 줄 알아야 한다.,타인,,他人,他人
4급,111,2025-11-15,86,hanjaeo_write,다음 각 문장의 밑줄 친 漢字語를 漢字로 쓰시오.,우리 팀의 역습을 막지 못한 상대 팀이 결국 패배하였다.,패배,,敗北,敗北
4급,111,2025-11-15,87,hanjaeo_write,다음 각 문장의 밑줄 친 漢字語를 漢字로 쓰시오.,모든 병은 발병 초기에 치료하는 것이 효과적이다.,초기,,初期,初期
4급,111,2025-11-15,88,hanjaeo_write,다음 각 문장의 밑줄 친 漢字語를 漢字로 쓰시오.,추석이 다가오자 명절 기분에 마음이 좀 술렁거렸다.,명절,,名節,名節
4급,111,2025-11-15,89,hanjaeo_write,다음 각 문장의 밑줄 친 漢字語를 漢字로 쓰시오.,공연이 두 시간이 남았지만 관객들은 이미 객석을 모두 메웠다.,객석,,客席,客席
4급,111,2025-11-15,90,hanjaeo_write,다음 각 문장의 밑줄 친 漢字語를 漢字로 쓰시오.,그는 최근의 날씨 이야기로 말의 서두를 꺼냈다.,서두,,序頭,序頭
4급,111,2025-11-15,91,hanjaeo_write,다음 각 문장의 밑줄 친 漢字語를 漢字로 쓰시오.,그는 이번 전시회를 통해 작가로서의 역량을 인정받았다.,역량,,力量,力量
4급,111,2025-11-15,92,hanjaeo_write,다음 각 문장의 밑줄 친 漢字語를 漢字로 쓰시오.,대통령이 정부의 입장을 밝히는 담화를 발표하였다.,담화,,談話,談話
4급,111,2025-11-15,93,hanjaeo_write,다음 각 문장의 밑줄 친 漢字語를 漢字로 쓰시오.,건축 공사를 할 때는 누구나 해당 법규를 준수해야 한다.,법규,,法規,法規
4급,111,2025-11-15,94,hanjaeo_write,다음 각 문장의 밑줄 친 漢字語를 漢字로 쓰시오.,작년 봄에 시작한 다리 공사는 올 연말까지 완공될 예정이다.,연말,,年末,年末
4급,111,2025-11-15,95,hanjaeo_write,다음 각 문장의 밑줄 친 漢字語를 漢字로 쓰시오.,민물과 바닷물이 합쳐지는 이곳에는 여러 종류의 어류가 서식한다.,어류,,魚類,魚類
4급,111,2025-11-15,96,hanjaeo_write,다음 각 문장의 밑줄 친 漢字語를 漢字로 쓰시오.,이 하천은 수량이 풍부하고 낙차가 커서 수력 발전에 유리하다.,하천,,河川,河川
4급,111,2025-11-15,97,hanjaeo_write,다음 각 문장의 밑줄 친 漢字語를 漢字로 쓰시오.,거리에는 벌써 빨갛게 낙엽이 지기 시작했다.,낙엽,,落葉,落葉
4급,111,2025-11-15,98,hanjaeo_write,다음 각 문장의 밑줄 친 漢字語를 漢字로 쓰시오.,인천은 서해안과 내륙을 연결하는 교역의 중심지이다.,내륙,,內陸,內陸
4급,111,2025-11-15,99,hanjaeo_write,다음 각 문장의 밑줄 친 漢字語를 漢字로 쓰시오.,등 푸른 생선에는 양질의 단백질과 각종 영양소가 풍부하게 들어있다.,양질,,良質,良質
4급,111,2025-11-15,100,hanjaeo_write,다음 각 문장의 밑줄 친 漢字語를 漢字로 쓰시오.,이 지역 농민들은 농산물을 가공하여 높은 소득을 올렸다.,가공,,加工,加工
4급,110,2025-08-23,1,dokum,다음 밑줄 친 漢字語의 讀音을 쓰시오.,이순신 장군은 노량 해전에서 壯烈한 최후를 마쳤다.,壯烈,,장렬,장렬
4급,110,2025-08-23,2,dokum,다음 밑줄 친 漢字語의 讀音을 쓰시오.,정부는 서울 인구를 분산하려고 衛星 도시를 만들었다.,衛星,,위성,위성
4급,110,2025-08-23,3,dokum,다음 밑줄 친 漢字語의 讀音을 쓰시오.,경영난으로 가게를 閉店할 수밖에 없는 것이 안타깝다.,閉店,,폐점,폐점
4급,110,2025-08-23,4,dokum,다음 밑줄 친 漢字語의 讀音을 쓰시오.,항구에는 船積을 기다리는 화물들이 빼곡히 들어차 있었다.,船積,,선적,선적
4급,110,2025-08-23,5,dokum,다음 밑줄 친 漢字語의 讀音을 쓰시오.,그의 훌륭한 행적은 두고두고 稱頌해도 모자람 정도이다.,稱頌,,칭송,칭송
4급,110,2025-08-23,6,dokum,다음 밑줄 친 漢字語의 讀音을 쓰시오.,그는 반지를 주며 그녀에게 請婚했다.,請婚,,청혼,청혼
4급,110,2025-08-23,7,dokum,다음 밑줄 친 漢字語의 讀音을 쓰시오.,아버님께서 빨리 快差하시기를 기도하였다.,快差,,쾌차,쾌차
4급,110,2025-08-23,8,dokum,다음 밑줄 친 漢字語의 讀音을 쓰시오.,스승의 날을 맞아 나는 고등학교 때 恩師를 찾아뵈었다.,恩師,,은사,은사
4급,110,2025-08-23,9,dokum,다음 밑줄 친 漢字語의 讀音을 쓰시오.,수현이는 발을 헛디뎌 階段에서 굴러떨어졌다.,階段,,계단,계단
4급,110,2025-08-23,10,dokum,다음 밑줄 친 漢字語의 讀音을 쓰시오.,선생님께서 칠판에 粉筆로 판서를 하셨다.,粉筆,,분필,분필
4급,110,2025-08-23,11,dokum,다음 밑줄 친 漢字語의 讀音을 쓰시오.,병원 개업식에 손님이 몰려 盛況을 이루었다.,盛況,,성황,성황
4급,110,2025-08-23,12,dokum,다음 밑줄 친 漢字語의 讀音을 쓰시오.,적은 아군의 기습을 받고 황급하여 武器를 버리고 달아났다.,武器,,무기,무기
4급,110,2025-08-23,13,dokum,다음 밑줄 친 漢字語의 讀音을 쓰시오.,상품이 破損되지 않도록 포장을 꼼꼼히 하였다.,破損,,파손,파손
4급,110,2025-08-23,14,dokum,다음 밑줄 친 漢字語의 讀音을 쓰시오.,의사들은 산모에게 모유를 먹이도록 적극 勸獎한다.,勸獎,,권장,권장
4급,110,2025-08-23,15,dokum,다음 밑줄 친 漢字語의 讀音을 쓰시오.,자식에 대한 어머니의 사랑은 고귀하고 純潔한 것이다.,純潔,,순결,순결
4급,110,2025-08-23,16,dokum,다음 밑줄 친 漢字語의 讀音을 쓰시오.,들녘에는 온갖 꽃들이 姿態를 뽐내고 있다.,姿態,,자태,자태
4급,110,2025-08-23,17,dokum,다음 밑줄 친 漢字語의 讀音을 쓰시오.,건물을 보수하고 增築하는 데에는 비용이 많이 든다.,增築,,증축,증축
4급,110,2025-08-23,18,dokum,다음 밑줄 친 漢字語의 讀音을 쓰시오.,그는 사과는커녕 자신의 행위를 辯護하기에 급급했다.,辯護,,변호,변호
4급,110,2025-08-23,19,dokum,다음 밑줄 친 漢字語의 讀音을 쓰시오.,요즈음 컴퓨터는 우리 생활과 密接하게 연관되어 있다.,密接,,밀접,밀접
4급,110,2025-08-23,20,dokum,다음 밑줄 친 漢字語의 讀音을 쓰시오.,선생님은 밤늦도록 교무실에서 採點을 하고 계셨다.,採點,,채점,채점
4급,110,2025-08-23,21,dokum,다음 밑줄 친 漢字語의 讀音을 쓰시오.,우리는 창밖으로 보이는 멋진 경치에 感歎하였다.,感歎,,감탄,감탄
4급,110,2025-08-23,22,dokum,다음 밑줄 친 漢字語의 讀音을 쓰시오.,그는 어물쩍거리며 슬며시 대답을 回避했다.,回避,,회피,회피
4급,110,2025-08-23,23,dokum,다음 밑줄 친 漢字語의 讀音을 쓰시오.,그의 말 한마디 한마디마다 관객들의 爆笑가 쏟아졌다.,爆笑,,폭소,폭소
4급,110,2025-08-23,24,dokum,다음 밑줄 친 漢字語의 讀音을 쓰시오.,갑자기 변한 그의 모습에 適應이 잘 안된다.,適應,,적응,적응
4급,110,2025-08-23,25,dokum,다음 밑줄 친 漢字語의 讀音을 쓰시오.,다은이는 우직하고 勤勉하게 자기 몫을 해내었다.,勤勉,,근면,근면
4급,110,2025-08-23,26,dokum,다음 밑줄 친 漢字語의 讀音을 쓰시오.,이곳에 쓰레기를 매립하려면 관청의 承認을 얻어야 한다.,承認,,승인,승인
4급,110,2025-08-23,27,dokum,다음 밑줄 친 漢字語의 讀音을 쓰시오.,교장 선생님은 학생들의 무례한 행동에 憤怒하였다.,憤怒,,분노,분노
4급,110,2025-08-23,28,dokum,다음 밑줄 친 漢字語의 讀音을 쓰시오.,여름 방학을 맞아 준호는 남쪽으로 徒步 여행을 떠났다.,徒步,,도보,도보
4급,110,2025-08-23,29,dokum,다음 밑줄 친 漢字語의 讀音을 쓰시오.,시위 群衆 때문에 시내 교통이 완전히 마비되었다.,群衆,,군중,군중
4급,110,2025-08-23,30,dokum,다음 밑줄 친 漢字語의 讀音을 쓰시오.,나는 간식으로 닭고기나 鷄卵 반숙을 즐겨 먹는다.,鷄卵,,계란,계란
4급,110,2025-08-23,31,dokum,다음 밑줄 친 漢字語의 讀音을 쓰시오.,나는 통장의 殘額을 확인할 때마다 기분이 좋다.,殘額,,잔액,잔액
4급,110,2025-08-23,32,dokum,다음 밑줄 친 漢字語의 讀音을 쓰시오.,그는 공중전화기에 銅錢을 넣고 다이얼을 눌렀다.,銅錢,,동전,동전
4급,110,2025-08-23,33,hunum,다음 漢字의 訓과 音을 쓰시오.,遇,遇,,만날 우,만날 우
4급,110,2025-08-23,34,hunum,다음 漢字의 訓과 音을 쓰시오.,討,討,,칠 토,칠 토
4급,110,2025-08-23,35,hunum,다음 漢字의 訓과 音을 쓰시오.,彈,彈,,탄알 탄,탄알 탄
4급,110,2025-08-23,36,hunum,다음 漢字의 訓과 音을 쓰시오.,座,座,,자리 좌,자리 좌
4급,110,2025-08-23,37,hunum,다음 漢字의 訓과 音을 쓰시오.,覺,覺,,깨달을 각,깨달을 각
4급,110,2025-08-23,38,hunum,다음 漢字의 訓과 音을 쓰시오.,遊,遊,,놀 유,놀 유
4급,110,2025-08-23,39,hunum,다음 漢字의 訓과 音을 쓰시오.,松,松,,소나무 송,소나무 송
4급,110,2025-08-23,40,hunum,다음 漢字의 訓과 音을 쓰시오.,納,納,,들일 납,들일 납
4급,110,2025-08-23,41,hunum,다음 漢字의 訓과 音을 쓰시오.,灰,灰,,재 회,재 회
4급,110,2025-08-23,42,hunum,다음 漢字의 訓과 音을 쓰시오.,傑,傑,,뛰어날 걸,뛰어날 걸
4급,110,2025-08-23,43,hunum,다음 漢字의 訓과 音을 쓰시오.,核,核,,씨 핵,씨 핵
4급,110,2025-08-23,44,hunum,다음 漢字의 訓과 音을 쓰시오.,趣,趣,,뜻 취,뜻 취
4급,110,2025-08-23,45,hunum,다음 漢字의 訓과 音을 쓰시오.,伏,伏,,엎드릴 복,엎드릴 복
4급,110,2025-08-23,46,hunum,다음 漢字의 訓과 音을 쓰시오.,擊,擊,,칠 격,칠 격
4급,110,2025-08-23,47,hunum,다음 漢字의 訓과 音을 쓰시오.,圍,圍,,에워쌀 위,에워쌀 위
4급,110,2025-08-23,48,hunum,다음 漢字의 訓과 音을 쓰시오.,羅,羅,,벌릴 라,벌릴 라
4급,110,2025-08-23,49,hunum,다음 漢字의 訓과 音을 쓰시오.,派,派,,갈래 파,갈래 파
4급,110,2025-08-23,50,hunum,다음 漢字의 訓과 音을 쓰시오.,移,移,,옮길 이,옮길 이
4급,110,2025-08-23,51,hunum,다음 漢字의 訓과 音을 쓰시오.,紀,紀,,벼리 기,벼리 기
4급,110,2025-08-23,52,hunum,다음 漢字의 訓과 音을 쓰시오.,乳,乳,,젖 유,젖 유
4급,110,2025-08-23,53,hunum,다음 漢字의 訓과 音을 쓰시오.,條,條,,가지 조,가지 조
4급,110,2025-08-23,54,hunum,다음 漢字의 訓과 音을 쓰시오.,蟲,蟲,,벌레 충,벌레 충
4급,110,2025-08-23,55,bushu,다음 漢字의 部首를 쓰시오.,疑,疑,,疋,疋
4급,110,2025-08-23,56,bushu,다음 漢字의 部首를 쓰시오.,變,變,,言,言
4급,110,2025-08-23,57,bushu,다음 漢字의 部首를 쓰시오.,香,香,,香,香
4급,110,2025-08-23,58,yakja,다음 漢字의 略字를 쓰시오.,卒,卒,,卆,卆
4급,110,2025-08-23,59,yakja,다음 漢字의 略字를 쓰시오.,團,團,,団,団
4급,110,2025-08-23,60,yakja,다음 漢字의 略字를 쓰시오.,獨,獨,,独,独
4급,110,2025-08-23,61,jangum,다음 漢字語 중 첫소리가 長音인 것을 가려 그 번호를 쓰시오.,,,"[""① 戰勢"", ""② 前世""]",①,①
4급,110,2025-08-23,62,jangum,다음 漢字語 중 첫소리가 長音인 것을 가려 그 번호를 쓰시오.,,,"[""① 湖水"", ""② 戶數""]",②,②
4급,110,2025-08-23,63,jangum,다음 漢字語 중 첫소리가 長音인 것을 가려 그 번호를 쓰시오.,,,"[""① 注意"", ""② 主義""]",①,①
4급,110,2025-08-23,64,banui,다음 漢字와 뜻이 반대(또는 상대)되는 漢字를 (  ) 속에 적어 문장을 완성하시오.,이 골목은 사람들의 往(  )가 많아 복잡하다.,往,,來,來
4급,110,2025-08-23,65,banui,다음 漢字와 뜻이 반대(또는 상대)되는 漢字를 (  ) 속에 적어 문장을 완성하시오.,선생님은 조회 때마다 (  )缺 상황을 조사하셨다.,缺,,出,出
4급,110,2025-08-23,66,banui,다음 漢字와 뜻이 반대(또는 상대)되는 漢字를 (  ) 속에 적어 문장을 완성하시오.,그가 성실하다는 것은 自(  )가 공인하는 사실이다.,自,,他,他
4급,110,2025-08-23,67,yui,다음 漢字와 뜻이 같거나 비슷한 漢字를 (  ) 속에 적어 문장을 완성하시오.,최근에 많은 기업들이 광고에 시간과 (  )用을 지출하고 있다.,用,,費,費
4급,110,2025-08-23,68,yui,다음 漢字와 뜻이 같거나 비슷한 漢字를 (  ) 속에 적어 문장을 완성하시오.,그는 (  )端으로 이 회사에 들어와서 사장이 된 인물이다.,端,,末,末
4급,110,2025-08-23,69,yui,다음 漢字와 뜻이 같거나 비슷한 漢字를 (  ) 속에 적어 문장을 완성하시오.,사람마다 옷을 (  )擇하는 안목과 취향이 다르다.,擇,,選,選
4급,110,2025-08-23,70,dongeum,다음 (  ) 속 단어의 同音語를 주어진 뜻에 맞게 漢字로 쓰시오.,(金房) - 말하고 있는 시점보다 바로 조금 전에.,金房,,今方,今方
4급,110,2025-08-23,71,dongeum,다음 (  ) 속 단어의 同音語를 주어진 뜻에 맞게 漢字로 쓰시오.,(史庫) - 생각하고 궁리함.,史庫,,思考,思考
4급,110,2025-08-23,72,dongeum,다음 (  ) 속 단어의 同音語를 주어진 뜻에 맞게 漢字로 쓰시오.,(整地) - 움직이고 있던 것이 멎거나 그침.,整地,,停止,停止
4급,110,2025-08-23,73,uut_select,다음 漢字語의 뜻을 <보기>에서 찾아 그 번호를 쓰시오.,抗議,抗議,"[""① 항복할 뜻."", ""② 임금이 타는 가마나 수레."", ""③ 일이 없어 남는 시간."", ""④ 점점 줄어들어 다 없어짐."", ""⑤ 못마땅한 생각이나 반대의 뜻을 주장함."", ""⑥ 다 타서 없어짐.""]",⑤,⑤
4급,110,2025-08-23,74,uut_select,다음 漢字語의 뜻을 <보기>에서 찾아 그 번호를 쓰시오.,餘暇,餘暇,"[""① 항복할 뜻."", ""② 임금이 타는 가마나 수레."", ""③ 일이 없어 남는 시간."", ""④ 점점 줄어들어 다 없어짐."", ""⑤ 못마땅한 생각이나 반대의 뜻을 주장함."", ""⑥ 다 타서 없어짐.""]",③,③
4급,110,2025-08-23,75,uut_select,다음 漢字語의 뜻을 <보기>에서 찾아 그 번호를 쓰시오.,消盡,消盡,"[""① 항복할 뜻."", ""② 임금이 타는 가마나 수레."", ""③ 일이 없어 남는 시간."", ""④ 점점 줄어들어 다 없어짐."", ""⑤ 못마땅한 생각이나 반대의 뜻을 주장함."", ""⑥ 다 타서 없어짐.""]",④,④
4급,110,2025-08-23,76,seong-eo,다음 ( ) 안에 해당하는 漢字를 적어 성어를 완성하시오.,會者(정)離 : 만난 자는 반드시 헤어짐.,會者(정)離,,定,定
4급,110,2025-08-23,77,seong-eo,다음 ( ) 안에 해당하는 漢字를 적어 성어를 완성하시오.,孤立(무)援 : 고립되어 구원을 받을 데가 없음.,孤立(무)援,,無,無
4급,110,2025-08-23,78,seong-eo,다음 ( ) 안에 해당하는 漢字를 적어 성어를 완성하시오.,忠言逆(이) : 충직한 말은 귀에 거슬림.,忠言逆(이),,耳,耳
4급,110,2025-08-23,79,seong-eo,다음 ( ) 안에 해당하는 漢字를 적어 성어를 완성하시오.,(경)天愛人 : 하늘을 숭배하고 인간을 사랑함.,(경)天愛人,,敬,敬
4급,110,2025-08-23,80,seong-eo,다음 ( ) 안에 해당하는 漢字를 적어 성어를 완성하시오.,送舊迎(신) : 묵은해를 보내고 새해를 맞음.,送舊迎(신),,新,新
4급,110,2025-08-23,81,hanjaeo_write,다음 각 문장의 밑줄 친 漢字語를 漢字로 쓰시오.,그녀는 오는 손님 모두에게 친절을 보였다.,친절,,親切,親切
4급,110,2025-08-23,82,hanjaeo_write,다음 각 문장의 밑줄 친 漢字語를 漢字로 쓰시오.,아버님 병환은 차도가 있으신지요?,병환,,病患,病患
4급,110,2025-08-23,83,hanjaeo_write,다음 각 문장의 밑줄 친 漢字語를 漢字로 쓰시오.,물은 섭씨 100도까지 가열되기 전에는 끓지 않는다.,가열,,加熱,加熱
4급,110,2025-08-23,84,hanjaeo_write,다음 각 문장의 밑줄 친 漢字語를 漢字로 쓰시오.,석유 파동으로 인하여 대부분의 물건값이 올랐다.,물건,,物件,物件
4급,110,2025-08-23,85,hanjaeo_write,다음 각 문장의 밑줄 친 漢字語를 漢字로 쓰시오.,이 그림은 절묘한 색의 조화가 돋보이는 작품이다.,조화,,調和,調和
4급,110,2025-08-23,86,hanjaeo_write,다음 각 문장의 밑줄 친 漢字語를 漢字로 쓰시오.,요즘 아빠들은 육아에 적극적으로 참여하고 있다.,육아,,育兒,育兒
4급,110,2025-08-23,87,hanjaeo_write,다음 각 문장의 밑줄 친 漢字語를 漢字로 쓰시오.,이번 테니스 경기는 자매간의 대결로 사람들의 관심을 모았다.,대결,,對決,對決
4급,110,2025-08-23,88,hanjaeo_write,다음 각 문장의 밑줄 친 漢字語를 漢字로 쓰시오.,막차를 알리는 안내 방송이 지하철 역사에서 들려온다.,안내,,案內,案內
4급,110,2025-08-23,89,hanjaeo_write,다음 각 문장의 밑줄 친 漢字語를 漢字로 쓰시오.,나는 골짜기에 있는 정자에 올라 주변 경치를 감상하였다.,경치,,景致,景致
4급,110,2025-08-23,90,hanjaeo_write,다음 각 문장의 밑줄 친 漢字語를 漢字로 쓰시오.,그들의 우정은 어린 시절 고향 마을에서부터 싹튼 것이다.,우정,,友情,友情
4급,110,2025-08-23,91,hanjaeo_write,다음 각 문장의 밑줄 친 漢字語를 漢字로 쓰시오.,그는 국민 교육에 기여한 공로로 훈장을 받았다.,공로,,功勞,功勞
4급,110,2025-08-23,92,hanjaeo_write,다음 각 문장의 밑줄 친 漢字語를 漢字로 쓰시오.,사람들의 축하와 축복 속에서 결혼식이 거행되었다.,축복,,祝福,祝福
4급,110,2025-08-23,93,hanjaeo_write,다음 각 문장의 밑줄 친 漢字語를 漢字로 쓰시오.,우리 집은 이 층으로 된 양옥으로 이사를 갔다.,양옥,,洋屋,洋屋
4급,110,2025-08-23,94,hanjaeo_write,다음 각 문장의 밑줄 친 漢字語를 漢字로 쓰시오.,영희는 교실 창문에서 교정을 물끄러미 바라보고 있다.,교정,,校庭,校庭
4급,110,2025-08-23,95,hanjaeo_write,다음 각 문장의 밑줄 친 漢字語를 漢字로 쓰시오.,그는 동료들의 무관심과 냉대가 견디기 힘들다고 말했다.,냉대,,冷待,冷待
4급,110,2025-08-23,96,hanjaeo_write,다음 각 문장의 밑줄 친 漢字語를 漢字로 쓰시오.,이 교재는 아이들의 사고력을 향상시키기 위해 만들어졌다.,교재,,敎材,敎材
4급,110,2025-08-23,97,hanjaeo_write,다음 각 문장의 밑줄 친 漢字語를 漢字로 쓰시오.,우리 학교는 최근에 지어서 대단히 깨끗합니다.,최근,,最近,最近
4급,110,2025-08-23,98,hanjaeo_write,다음 각 문장의 밑줄 친 漢字語를 漢字로 쓰시오.,순진한 동생을 골탕 먹이려는 철수의 계획은 실패로 끝났다.,실패,,失敗,失敗
4급,110,2025-08-23,99,hanjaeo_write,다음 각 문장의 밑줄 친 漢字語를 漢字로 쓰시오.,우리 식당에서는 현지 직송한 활어만 취급합니다.,활어,,活魚,活魚
4급,110,2025-08-23,100,hanjaeo_write,다음 각 문장의 밑줄 친 漢字語를 漢字로 쓰시오.,우리 동아리에서는 매달 양로원에 가서 봉사 활동을 한다.,봉사,,奉仕,奉仕
4급,109,2025-05-24,1,dokum,다음 밑줄 친 漢字語의 讀音을 쓰시오.,방탄차에서 내린 대통령은 철통같은 警護를 받았다.,警護,,경호,경호
4급,109,2025-05-24,2,dokum,다음 밑줄 친 漢字語의 讀音을 쓰시오.,로마는 復興의 절정기에 타락의 징후가 나타나기 시작했다.,復興,,부흥,부흥
4급,109,2025-05-24,3,dokum,다음 밑줄 친 漢字語의 讀音을 쓰시오.,그가 전쟁터에서 부상을 입어 병원으로 後送되었다.,後送,,후송,후송
4급,109,2025-05-24,4,dokum,다음 밑줄 친 漢字語의 讀音을 쓰시오.,피고인 측은 지금까지의 判例를 인정하지 않겠다는 주장을 펼쳤다.,判例,,판례,판례
4급,109,2025-05-24,5,dokum,다음 밑줄 친 漢字語의 讀音을 쓰시오.,현충일 기념식이 嚴肅하게 거행되었다.,嚴肅,,엄숙,엄숙
4급,109,2025-05-24,6,dokum,다음 밑줄 친 漢字語의 讀音을 쓰시오.,선생님의 고별사에 座中은 울음바다가 되었다.,座中,,좌중,좌중
4급,109,2025-05-24,7,dokum,다음 밑줄 친 漢字語의 讀音을 쓰시오.,그 야영장에는 위생 施設이 잘 갖춰져 있었다.,施設,,시설,시설
4급,109,2025-05-24,8,dokum,다음 밑줄 친 漢字語의 讀音을 쓰시오.,나는 원하는 정보를 찾기 위해 인터넷 資料를 자주 활용한다.,資料,,자료,자료
4급,109,2025-05-24,9,dokum,다음 밑줄 친 漢字語의 讀音을 쓰시오.,독재자의 만행에 屈從하지 않겠다는 시민들이 광장으로 모여들었다.,屈從,,굴종,굴종
4급,109,2025-05-24,10,dokum,다음 밑줄 친 漢字語의 讀音을 쓰시오.,미국이 交易 대상국을 대상으로 높은 관세를 매겼다.,交易,,교역,교역
4급,109,2025-05-24,11,dokum,다음 밑줄 친 漢字語의 讀音을 쓰시오.,그들은 일정한 居處도 없이 떠돌아다녔다.,居處,,거처,거처
4급,109,2025-05-24,12,dokum,다음 밑줄 친 漢字語의 讀音을 쓰시오.,나는 전공과목으로 물리학을 受講하였다.,受講,,수강,수강
4급,109,2025-05-24,13,dokum,다음 밑줄 친 漢字語의 讀音을 쓰시오.,박 탐정은 범행의 동기를 밝힐 證左들을 살펴보았다.,證左,,증좌,증좌
4급,109,2025-05-24,14,dokum,다음 밑줄 친 漢字語의 讀音을 쓰시오.,새로운 상품 개발을 위해 디자인팀과 홍보팀이 討論에 들어갔다.,討論,,토론,토론
4급,109,2025-05-24,15,dokum,다음 밑줄 친 漢字語의 讀音을 쓰시오.,원님의 덕행에 대해 고을 사람들의 稱頌이 자자했다.,稱頌,,칭송,칭송
4급,109,2025-05-24,16,dokum,다음 밑줄 친 漢字語의 讀音을 쓰시오.,나무를 자르니 그 斷面에 가지런한 나이테가 나타났다.,斷面,,단면,단면
4급,109,2025-05-24,17,dokum,다음 밑줄 친 漢字語의 讀音을 쓰시오.,우리 군은 확고한 安保 태세를 갖추고 적의 도발에 대비하고 있다.,安保,,안보,안보
4급,109,2025-05-24,18,dokum,다음 밑줄 친 漢字語의 讀音을 쓰시오.,고대 기사 계급은 농민들을 보호하는 동시에 領地의 실질적인 통치자였다.,領地,,영지,영지
4급,109,2025-05-24,19,dokum,다음 밑줄 친 漢字語의 讀音을 쓰시오.,부장은 이번 사업을 진행할 유능한 사원 다섯 명을 差出하였다.,差出,,차출,차출
4급,109,2025-05-24,20,dokum,다음 밑줄 친 漢字語의 讀音을 쓰시오.,도공은 용기를 굽는 비법을 제자에게 專修하였다.,專修,,전수,전수
4급,109,2025-05-24,21,dokum,다음 밑줄 친 漢字語의 讀音을 쓰시오.,대부분의 軍納 물자는 면세인 경우가 많다.,軍納,,군납,군납
4급,109,2025-05-24,22,dokum,다음 밑줄 친 漢字語의 讀音을 쓰시오.,소설의 構成 방식을 살펴보면 작가의 의도를 파악하기 쉽다.,構成,,구성,구성
4급,109,2025-05-24,23,dokum,다음 밑줄 친 漢字語의 讀音을 쓰시오.,단체 생활에는 여러 가지 행동의 制約이 따르기 마련이다.,制約,,제약,제약
4급,109,2025-05-24,24,dokum,다음 밑줄 친 漢字語의 讀音을 쓰시오.,멋을 내기 위해 청바지를 脫色해 입는 젊은이들도 있다.,脫色,,탈색,탈색
4급,109,2025-05-24,25,dokum,다음 밑줄 친 漢字語의 讀音을 쓰시오.,그는 混亂한 정국을 틈타 재집권을 도모하였다.,混亂,,혼란,혼란
4급,109,2025-05-24,26,dokum,다음 밑줄 친 漢字語의 讀音을 쓰시오.,우리 소대는 적군의 動態를 살피는 임무를 맡았다.,動態,,동태,동태
4급,109,2025-05-24,27,dokum,다음 밑줄 친 漢字語의 讀音을 쓰시오.,산골에서 자란 그녀가 어느덧 가요계에서 屬望받는 가수로 성장하였다.,屬望,,촉망,촉망
4급,109,2025-05-24,28,dokum,다음 밑줄 친 漢字語의 讀音을 쓰시오.,가족이 모두 거실에 모여 월드컵 중계를 視聽하였다.,視聽,,시청,시청
4급,109,2025-05-24,29,dokum,다음 밑줄 친 漢字語의 讀音을 쓰시오.,달력이 없던 고대에는 별자리로 계절을 推測했다.,推測,,추측,추측
4급,109,2025-05-24,30,dokum,다음 밑줄 친 漢字語의 讀音을 쓰시오.,인간은 바이러스를 肉眼으로는 볼 수 없다.,肉眼,,육안,육안
4급,109,2025-05-24,31,dokum,다음 밑줄 친 漢字語의 讀音을 쓰시오.,심장은 收縮과 팽창을 반복하며 몸 전체로 혈액을 공급한다.,收縮,,수축,수축
4급,109,2025-05-24,32,dokum,다음 밑줄 친 漢字語의 讀音을 쓰시오.,기자단은 그를 이달의 선수로 選定하였다.,選定,,선정,선정
4급,109,2025-05-24,33,hunum,다음 漢字의 訓과 音을 쓰시오.,殘,殘,,남을 잔,남을 잔
4급,109,2025-05-24,34,hunum,다음 漢字의 訓과 音을 쓰시오.,糧,糧,,양식 량,양식 량
4급,109,2025-05-24,35,hunum,다음 漢字의 訓과 音을 쓰시오.,盡,盡,,다할 진,다할 진
4급,109,2025-05-24,36,hunum,다음 漢字의 訓과 音을 쓰시오.,寄,寄,,부칠 기,부칠 기
4급,109,2025-05-24,37,hunum,다음 漢字의 訓과 音을 쓰시오.,務,務,,힘쓸 무,힘쓸 무
4급,109,2025-05-24,38,hunum,다음 漢字의 訓과 音을 쓰시오.,歎,歎,,탄식할 탄,탄식할 탄
4급,109,2025-05-24,39,hunum,다음 漢字의 訓과 音을 쓰시오.,刑,刑,,형벌 형,형벌 형
4급,109,2025-05-24,40,hunum,다음 漢字의 訓과 音을 쓰시오.,接,接,,이을 접,이을 접
4급,109,2025-05-24,41,hunum,다음 漢字의 訓과 音을 쓰시오.,讚,讚,,기릴 찬,기릴 찬
4급,109,2025-05-24,42,hunum,다음 漢字의 訓과 音을 쓰시오.,悲,悲,,슬플 비,슬플 비
4급,109,2025-05-24,43,hunum,다음 漢字의 訓과 音을 쓰시오.,泉,泉,,샘 천,샘 천
4급,109,2025-05-24,44,hunum,다음 漢字의 訓과 音을 쓰시오.,邊,邊,,가 변,가 변
4급,109,2025-05-24,45,hunum,다음 漢字의 訓과 音을 쓰시오.,層,層,,층 층,층 층
4급,109,2025-05-24,46,hunum,다음 漢字의 訓과 音을 쓰시오.,狀,狀,,형상 상,형상 상
4급,109,2025-05-24,47,hunum,다음 漢字의 訓과 音을 쓰시오.,儉,儉,,검소할 검,검소할 검
4급,109,2025-05-24,48,hunum,다음 漢字의 訓과 音을 쓰시오.,樣,樣,,모양 양,모양 양
4급,109,2025-05-24,49,hunum,다음 漢字의 訓과 音을 쓰시오.,鬪,鬪,,싸움 투,싸움 투
4급,109,2025-05-24,50,hunum,다음 漢字의 訓과 音을 쓰시오.,驚,驚,,놀랄 경,놀랄 경
4급,109,2025-05-24,51,hunum,다음 漢字의 訓과 音을 쓰시오.,罰,罰,,벌할 벌,벌할 벌
4급,109,2025-05-24,52,hunum,다음 漢字의 訓과 音을 쓰시오.,俗,俗,,풍속 속,풍속 속
4급,109,2025-05-24,53,hunum,다음 漢字의 訓과 音을 쓰시오.,或,或,,혹 혹,혹 혹
4급,109,2025-05-24,54,hunum,다음 漢字의 訓과 音을 쓰시오.,甲,甲,,갑옷 갑,갑옷 갑
4급,109,2025-05-24,55,bushu,다음 漢字의 部首를 쓰시오.,營,營,,火,火
4급,109,2025-05-24,56,bushu,다음 漢字의 部首를 쓰시오.,智,智,,日,日
4급,109,2025-05-24,57,bushu,다음 漢字의 部首를 쓰시오.,氏,氏,,氏,氏
4급,109,2025-05-24,58,yakja,다음 漢字의 略字를 쓰시오.,實,實,,実,実
4급,109,2025-05-24,59,yakja,다음 漢字의 略字를 쓰시오.,賣,賣,,売,売
4급,109,2025-05-24,60,yakja,다음 漢字의 略字를 쓰시오.,寫,寫,,写,写
4급,109,2025-05-24,61,jangum,다음 漢字語 중 첫소리가 長音인 것을 가려 그 번호를 쓰시오.,,,"[""① 小食"", ""② 消息""]",①,①
4급,109,2025-05-24,62,jangum,다음 漢字語 중 첫소리가 長音인 것을 가려 그 번호를 쓰시오.,,,"[""① 正道"", ""② 程度""]",①,①
4급,109,2025-05-24,63,jangum,다음 漢字語 중 첫소리가 長音인 것을 가려 그 번호를 쓰시오.,,,"[""① 醫師"", ""② 意思""]",②,②
4급,109,2025-05-24,64,banui,다음 漢字와 뜻이 반대(또는 상대)되는 漢字를 (  ) 속에 적어 문장을 완성하시오.,새로운 법률의 개정에 관하여 與(  ) 국회의원들이 논의하였다.,與,,野,野
4급,109,2025-05-24,65,banui,다음 漢字와 뜻이 반대(또는 상대)되는 漢字를 (  ) 속에 적어 문장을 완성하시오.,이 문제에 대해서는 선생님들의 투표로 (  )否를 결정하기로 했다.,否,,可,可
4급,109,2025-05-24,66,banui,다음 漢字와 뜻이 반대(또는 상대)되는 漢字를 (  ) 속에 적어 문장을 완성하시오.,사장은 이해와 得(  )을 따져 본 후 이 사업의 진행 여부를 결정하기로 했다.,得,,失,失
4급,109,2025-05-24,67,yui,다음 漢字와 뜻이 같거나 비슷한 漢字를 (  ) 속에 적어 문장을 완성하시오.,그녀는 불교 문화재에 (  )達한 학예사라 불상이라면 모르는 것이 없다.,達,,通,通
4급,109,2025-05-24,68,yui,다음 漢字와 뜻이 같거나 비슷한 漢字를 (  ) 속에 적어 문장을 완성하시오.,그녀는 이번 부녀회장 선거에 單(  )으로 출마하였다.,單,,獨,獨
4급,109,2025-05-24,69,yui,다음 漢字와 뜻이 같거나 비슷한 漢字를 (  ) 속에 적어 문장을 완성하시오.,개는 (  )覺 기관 중 후각과 청각이 잘 발달한 동물이다.,覺,,感,感
4급,109,2025-05-24,70,dongeum,다음 (  ) 속 단어의 同音語를 주어진 뜻에 맞게 漢字로 쓰시오.,(深省) - 타고난 마음씨.,深省,,心性,心性
4급,109,2025-05-24,71,dongeum,다음 (  ) 속 단어의 同音語를 주어진 뜻에 맞게 漢字로 쓰시오.,(煙草) - 새해의 첫머리.,煙草,,年初,年初
4급,109,2025-05-24,72,dongeum,다음 (  ) 속 단어의 同音語를 주어진 뜻에 맞게 漢字로 쓰시오.,(勇健) - 해야할 일.,勇健,,用件,用件
4급,109,2025-05-24,73,uut_select,다음 漢字語의 뜻을 <보기>에서 찾아 그 번호를 쓰시오.,輪形,輪形,"[""① 일정한 형체를 갖춘 모든 물건."", ""② 흉악한 도적."", ""③ 뛰어난 물건이나 사람."", ""④ 잘못한 사람을 나무람."", ""⑤ 바퀴처럼 둥근 모양."", ""⑥ 논리 정연한 형식.""]",⑤,⑤
4급,109,2025-05-24,74,uut_select,다음 漢字語의 뜻을 <보기>에서 찾아 그 번호를 쓰시오.,凶賊,凶賊,"[""① 일정한 형체를 갖춘 모든 물건."", ""② 흉악한 도적."", ""③ 뛰어난 물건이나 사람."", ""④ 잘못한 사람을 나무람."", ""⑤ 바퀴처럼 둥근 모양."", ""⑥ 논리 정연한 형식.""]",②,②
4급,109,2025-05-24,75,uut_select,다음 漢字語의 뜻을 <보기>에서 찾아 그 번호를 쓰시오.,傑物,傑物,"[""① 일정한 형체를 갖춘 모든 물건."", ""② 흉악한 도적."", ""③ 뛰어난 물건이나 사람."", ""④ 잘못한 사람을 나무람."", ""⑤ 바퀴처럼 둥근 모양."", ""⑥ 논리 정연한 형식.""]",③,③
4급,109,2025-05-24,76,seong-eo,다음 ( ) 안에 해당하는 漢字를 적어 성어를 완성하시오.,走(마)看山 : 말을 타고 달리며 산천을 구경함.,走(마)看山,,馬,馬
4급,109,2025-05-24,77,seong-eo,다음 ( ) 안에 해당하는 漢字를 적어 성어를 완성하시오.,鷄卵(유)骨 : 달걀에도 뼈가 있음.,鷄卵(유)骨,,有,有
4급,109,2025-05-24,78,seong-eo,다음 ( ) 안에 해당하는 漢字를 적어 성어를 완성하시오.,適(재)適所 : 알맞은 인재를 알맞은 자리에 씀.,適(재)適所,,材,材
4급,109,2025-05-24,79,seong-eo,다음 ( ) 안에 해당하는 漢字를 적어 성어를 완성하시오.,"離合(집)散 : 헤어지고, 합치고, 모이고, 흩어짐.",離合(집)散,,集,集
4급,109,2025-05-24,80,seong-eo,다음 ( ) 안에 해당하는 漢字를 적어 성어를 완성하시오.,過大評(가) : 실제보다 지나치게 높이 평가함.,過大評(가),,價,價
4급,109,2025-05-24,81,hanjaeo_write,다음 각 문장의 밑줄 친 漢字語를 漢字로 쓰시오.,노란색은 초록색과 대비되는 색이다.,대비,,對比,對比
4급,109,2025-05-24,82,hanjaeo_write,다음 각 문장의 밑줄 친 漢字語를 漢字로 쓰시오.,청중이 모두 착석하자 강연자의 연설이 시작되었다.,착석,,着席,着席
4급,109,2025-05-24,83,hanjaeo_write,다음 각 문장의 밑줄 친 漢字語를 漢字로 쓰시오.,그 사람이 우리에게 세미나실을 안내해 주었다.,안내,,案內,案內
4급,109,2025-05-24,84,hanjaeo_write,다음 각 문장의 밑줄 친 漢字語를 漢字로 쓰시오.,과학의 발달로 무선 통신 기술이 일상화되었다.,무선,,無線,無線
4급,109,2025-05-24,85,hanjaeo_write,다음 각 문장의 밑줄 친 漢字語를 漢字로 쓰시오.,그 통신사는 신규 가입자에게 1개월 무료 이용권을 제공하였다.,신규,,新規,新規
4급,109,2025-05-24,86,hanjaeo_write,다음 각 문장의 밑줄 친 漢字語를 漢字로 쓰시오.,허균은 홍길동이라는 영웅을 통해 당대의 사회적 모순을 드러냈다.,영웅,,英雄,英雄
4급,109,2025-05-24,87,hanjaeo_write,다음 각 문장의 밑줄 친 漢字語를 漢字로 쓰시오.,이번 대회 우승팀에게는 트로피와 상금이 수여된다.,상금,,賞金,賞金
4급,109,2025-05-24,88,hanjaeo_write,다음 각 문장의 밑줄 친 漢字語를 漢字로 쓰시오.,운전면허도 없이 차를 모는 것은 불법이다.,불법,,不法,不法
4급,109,2025-05-24,89,hanjaeo_write,다음 각 문장의 밑줄 친 漢字語를 漢字로 쓰시오.,장마가 계속되자 댐의 수위가 한계치에 도달했다.,수위,,水位,水位
4급,109,2025-05-24,90,hanjaeo_write,다음 각 문장의 밑줄 친 漢字語를 漢字로 쓰시오.,농산물도 인터넷을 통한 직거래가 늘어나는 추세이다.,직거래,,直去來,直去來
4급,109,2025-05-24,91,hanjaeo_write,다음 각 문장의 밑줄 친 漢字語를 漢字로 쓰시오.,그는 고의적인 반칙으로 경기장에서 퇴장당했다.,반칙,,反則,反則
4급,109,2025-05-24,92,hanjaeo_write,다음 각 문장의 밑줄 친 漢字語를 漢字로 쓰시오.,그 재판은 다음 주에 최종 판결이 날 것이다.,최종,,最終,最終
4급,109,2025-05-24,93,hanjaeo_write,다음 각 문장의 밑줄 친 漢字語를 漢字로 쓰시오.,급박한 상황 속에서 선장은 부녀자와 아이들을 먼저 배에서 하선시켰다.,하선,,下船,下船
4급,109,2025-05-24,94,hanjaeo_write,다음 각 문장의 밑줄 친 漢字語를 漢字로 쓰시오.,진통제의 효력이 떨어졌는지 환자가 다시 통증을 호소했다.,효력,,效力,效力
4급,109,2025-05-24,95,hanjaeo_write,다음 각 문장의 밑줄 친 漢字語를 漢字로 쓰시오.,러시아는 우크라이나를 침공하여 전쟁을 일으켰다.,전쟁,,戰爭,戰爭
4급,109,2025-05-24,96,hanjaeo_write,다음 각 문장의 밑줄 친 漢字語를 漢字로 쓰시오.,그 투수는 이번 시즌에서 한 경기도 이기지 못하고 전패를 하였다.,전패,,全敗,全敗
4급,109,2025-05-24,97,hanjaeo_write,다음 각 문장의 밑줄 친 漢字語를 漢字로 쓰시오.,철수는 어제 선생님과 진로 문제를 상담했다.,상담,,相談,相談
4급,109,2025-05-24,98,hanjaeo_write,다음 각 문장의 밑줄 친 漢字語를 漢字로 쓰시오.,조선의 국왕은 국경에 관한 문제로 명나라에 사신으로 보냈다.,사신,,使臣,使臣
4급,109,2025-05-24,99,hanjaeo_write,다음 각 문장의 밑줄 친 漢字語를 漢字로 쓰시오.,영희에게 지금 무엇보다 필요한 것은 휴식이다.,필요,,必要,必要
4급,109,2025-05-24,100,hanjaeo_write,다음 각 문장의 밑줄 친 漢字語를 漢字로 쓰시오.,운동장에는 응원단의 함성과 응원 열기로 가득했다.,열기,,熱氣,熱氣
4급,108,2025-02-22,1,dokum,다음 밑줄 친 漢字語의 讀音을 쓰시오.,우리 고장은 豊富한 수산 자원과 뛰어난 경치로 유명하다.,豊富,,풍부,풍부
4급,108,2025-02-22,2,dokum,다음 밑줄 친 漢字語의 讀音을 쓰시오.,우리나라는 석유를 전량 수입에 依存하고 있다.,依存,,의존,의존
4급,108,2025-02-22,3,dokum,다음 밑줄 친 漢字語의 讀音을 쓰시오.,이번 연극 공연은 연일 盛況을 이루었다.,盛況,,성황,성황
4급,108,2025-02-22,4,dokum,다음 밑줄 친 漢字語의 讀音을 쓰시오.,찬호의 장래 希望은 비행기를 운전하는 기장이 되는 것이다.,希望,,희망,희망
4급,108,2025-02-22,5,dokum,다음 밑줄 친 漢字語의 讀音을 쓰시오.,창식이가 속은 것을 생각하면 내가 다 憤痛이 터진다.,憤痛,,분통,분통
4급,108,2025-02-22,6,dokum,다음 밑줄 친 漢字語의 讀音을 쓰시오.,어머니께서는 일주일 旅程으로 미국을 둘러보고 돌아오셨다.,旅程,,여정,여정
4급,108,2025-02-22,7,dokum,다음 밑줄 친 漢字語의 讀音을 쓰시오.,수현이는 발을 헛디뎌 階段에서 굴러떨어졌다.,階段,,계단,계단
4급,108,2025-02-22,8,dokum,다음 밑줄 친 漢字語의 讀音을 쓰시오.,이 제도의 시행은 내년 이후로 延期될 가능성이 높다.,延期,,연기,연기
4급,108,2025-02-22,9,dokum,다음 밑줄 친 漢字語의 讀音을 쓰시오.,상호 발전과 상생 협력을 위해 공동 합의문을 採擇할 예정이다.,採擇,,채택,채택
4급,108,2025-02-22,10,dokum,다음 밑줄 친 漢字語의 讀音을 쓰시오.,그녀는 자기의 처량한 신세를 恨歎하였다.,恨歎,,한탄,한탄
4급,108,2025-02-22,11,dokum,다음 밑줄 친 漢字語의 讀音을 쓰시오.,그는 아무리 複雜한 기계도 능숙하게 다루었다.,複雜,,복잡,복잡
4급,108,2025-02-22,12,dokum,다음 밑줄 친 漢字語의 讀音을 쓰시오.,오늘따라 어머니께서 해주시던 鷄卵말이가 먹고 싶다.,鷄卵,,계란,계란
4급,108,2025-02-22,13,dokum,다음 밑줄 친 漢字語의 讀音을 쓰시오.,나는 통장 秘密 번호를 잊어버려서 돈을 찾을 수 없다.,秘密,,비밀,비밀
4급,108,2025-02-22,14,dokum,다음 밑줄 친 漢字語의 讀音을 쓰시오.,이번 행사비의 殘額이 얼마 남지 않았다.,殘額,,잔액,잔액
4급,108,2025-02-22,15,dokum,다음 밑줄 친 漢字語의 讀音을 쓰시오.,아이가 넘어져 무릎에 傷處를 입었다.,傷處,,상처,상처
4급,108,2025-02-22,16,dokum,다음 밑줄 친 漢字語의 讀音을 쓰시오.,앙숙인 두 집안의 惡緣은 길고도 오래되었다.,惡緣,,악연,악연
4급,108,2025-02-22,17,dokum,다음 밑줄 친 漢字語의 讀音을 쓰시오.,시위대의 도로 占據로 그 일대 교통이 마비되었다.,占據,,점거,점거
4급,108,2025-02-22,18,dokum,다음 밑줄 친 漢字語의 讀音을 쓰시오.,어머니께서 빨리 快差하시기를 바랍니다.,快差,,쾌차,쾌차
4급,108,2025-02-22,19,dokum,다음 밑줄 친 漢字語의 讀音을 쓰시오.,그는 純眞해서 잔꾀를 부리지 않는다.,純眞,,순진,순진
4급,108,2025-02-22,20,dokum,다음 밑줄 친 漢字語의 讀音을 쓰시오.,날이 밝자 어선들은 滿船의 부푼 꿈을 안고 출항했다.,滿船,,만선,만선
4급,108,2025-02-22,21,dokum,다음 밑줄 친 漢字語의 讀音을 쓰시오.,그는 젊은 시절 炭鑛에서 광부로 일한 적이 있다.,炭鑛,,탄광,탄광
4급,108,2025-02-22,22,dokum,다음 밑줄 친 漢字語의 讀音을 쓰시오.,정복을 입은 경찰들이 증인을 警護하였다.,警護,,경호,경호
4급,108,2025-02-22,23,dokum,다음 밑줄 친 漢字語의 讀音을 쓰시오.,까마득히 높은 絶壁 위에 사람이 서 있었다.,絶壁,,절벽,절벽
4급,108,2025-02-22,24,dokum,다음 밑줄 친 漢字語의 讀音을 쓰시오.,어떤 慰勞의 말도 그들의 노고를 대신할 수 없다.,慰勞,,위로,위로
4급,108,2025-02-22,25,dokum,다음 밑줄 친 漢字語의 讀音을 쓰시오.,어두워지자 砲聲이 멎었다.,砲聲,,포성,포성
4급,108,2025-02-22,26,dokum,다음 밑줄 친 漢字語의 讀音을 쓰시오.,그는 모범수로 뽑혀 형기가 3년이나 減刑되었다.,減刑,,감형,감형
4급,108,2025-02-22,27,dokum,다음 밑줄 친 漢字語의 讀音을 쓰시오.,가까운 친구일수록 서로 尊重이 필요하다.,尊重,,존중,존중
4급,108,2025-02-22,28,dokum,다음 밑줄 친 漢字語의 讀音을 쓰시오.,진열장에는 여러 가지 模樣의 신발이 놓여 있다.,模樣,,모양,모양
4급,108,2025-02-22,29,dokum,다음 밑줄 친 漢字語의 讀音을 쓰시오.,김포 공항의 廳舍는 국내선과 국제선으로 나뉘어 있다.,廳舍,,청사,청사
4급,108,2025-02-22,30,dokum,다음 밑줄 친 漢字語의 讀音을 쓰시오.,집을 샀지만 소유권 移轉에 문제가 좀 있었다.,移轉,,이전,이전
4급,108,2025-02-22,31,dokum,다음 밑줄 친 漢字語의 讀音을 쓰시오.,지난번 홍수에 故鄕 땅이 물에 잠겼다.,故鄕,,고향,고향
4급,108,2025-02-22,32,dokum,다음 밑줄 친 漢字語의 讀音을 쓰시오.,그 신부는 살아 있는 성자로 稱頌을 받는다.,稱頌,,칭송,칭송
4급,108,2025-02-22,33,hunum,다음 漢字의 訓과 音을 쓰시오.,篇,篇,,책 편,책 편
4급,108,2025-02-22,34,hunum,다음 漢字의 訓과 音을 쓰시오.,孔,孔,,구멍 공,구멍 공
4급,108,2025-02-22,35,hunum,다음 漢字의 訓과 音을 쓰시오.,帝,帝,,임금 제,임금 제
4급,108,2025-02-22,36,hunum,다음 漢字의 訓과 音을 쓰시오.,域,域,,지경 역,지경 역
4급,108,2025-02-22,37,hunum,다음 漢字의 訓과 音을 쓰시오.,寺,寺,,절 사,절 사
4급,108,2025-02-22,38,hunum,다음 漢字의 訓과 音을 쓰시오.,鏡,鏡,,거울 경,거울 경
4급,108,2025-02-22,39,hunum,다음 漢字의 訓과 音을 쓰시오.,叔,叔,,아재비 숙,아재비 숙
4급,108,2025-02-22,40,hunum,다음 漢字의 訓과 音을 쓰시오.,粉,粉,,가루 분,가루 분
4급,108,2025-02-22,41,hunum,다음 漢字의 訓과 音을 쓰시오.,巨,巨,,클 거,클 거
4급,108,2025-02-22,42,hunum,다음 漢字의 訓과 音을 쓰시오.,探,探,,찾을 탐,찾을 탐
4급,108,2025-02-22,43,hunum,다음 漢字의 訓과 音을 쓰시오.,推,推,,밀 추,밀 추
4급,108,2025-02-22,44,hunum,다음 漢字의 訓과 音을 쓰시오.,香,香,,향기 향,향기 향
4급,108,2025-02-22,45,hunum,다음 漢字의 訓과 音을 쓰시오.,機,機,,틀 기,틀 기
4급,108,2025-02-22,46,hunum,다음 漢字의 訓과 音을 쓰시오.,妹,妹,,누이 매,누이 매
4급,108,2025-02-22,47,hunum,다음 漢字의 訓과 音을 쓰시오.,圍,圍,,에워쌀 위,에워쌀 위
4급,108,2025-02-22,48,hunum,다음 漢字의 訓과 音을 쓰시오.,核,核,,씨 핵,씨 핵
4급,108,2025-02-22,49,hunum,다음 漢字의 訓과 音을 쓰시오.,居,居,,살 거,살 거
4급,108,2025-02-22,50,hunum,다음 漢字의 訓과 音을 쓰시오.,松,松,,소나무 송,소나무 송
4급,108,2025-02-22,51,hunum,다음 漢字의 訓과 音을 쓰시오.,姿,姿,,모양 자,모양 자
4급,108,2025-02-22,52,hunum,다음 漢字의 訓과 音을 쓰시오.,周,周,,두루 주,두루 주
4급,108,2025-02-22,53,hunum,다음 漢字의 訓과 音을 쓰시오.,墓,墓,,무덤 묘,무덤 묘
4급,108,2025-02-22,54,hunum,다음 漢字의 訓과 音을 쓰시오.,笑,笑,,웃을 소,웃을 소
4급,108,2025-02-22,55,bushu,다음 漢字의 部首를 쓰시오.,雨,雨,,雨,雨
4급,108,2025-02-22,56,bushu,다음 漢字의 部首를 쓰시오.,態,態,,心,心
4급,108,2025-02-22,57,bushu,다음 漢字의 部首를 쓰시오.,奉,奉,,大,大
4급,108,2025-02-22,58,yakja,다음 漢字의 略字를 쓰시오.,獨,獨,,独,独
4급,108,2025-02-22,59,yakja,다음 漢字의 略字를 쓰시오.,廣,廣,,広,広
4급,108,2025-02-22,60,yakja,다음 漢字의 略字를 쓰시오.,鐵,鐵,,鉄,鉄
4급,108,2025-02-22,61,jangum,다음 漢字語 중 첫소리가 長音인 것을 가려 그 번호를 쓰시오.,,,"[""① 湖南"", ""② 好男""]",②,②
4급,108,2025-02-22,62,jangum,다음 漢字語 중 첫소리가 長音인 것을 가려 그 번호를 쓰시오.,,,"[""① 戰勢"", ""② 田稅""]",①,①
4급,108,2025-02-22,63,jangum,다음 漢字語 중 첫소리가 長音인 것을 가려 그 번호를 쓰시오.,,,"[""① 庭園"", ""② 定員""]",②,②
4급,108,2025-02-22,64,banui,다음 漢字와 뜻이 반대(또는 상대)되는 漢字를 (  ) 속에 적어 문장을 완성하시오.,총선을 앞두고 與(  )가 선거 준비에 한창이다.,與,,野,野
4급,108,2025-02-22,65,banui,다음 漢字와 뜻이 반대(또는 상대)되는 漢字를 (  ) 속에 적어 문장을 완성하시오.,경기는 졌지만 골 得(  )에서는 우위를 지켰다.,得,,失,失
4급,108,2025-02-22,66,banui,다음 漢字와 뜻이 반대(또는 상대)되는 漢字를 (  ) 속에 적어 문장을 완성하시오.,공무원들의 (  )缺을 엄격히 관리하라는 지침이 내려졌다.,缺,,出,出
4급,108,2025-02-22,67,yui,다음 漢字와 뜻이 같거나 비슷한 漢字를 (  ) 속에 적어 문장을 완성하시오.,우리는 캠프장에 (  )着하자마자 짐을 풀고 식사 준비를 했다.,着,,到,到
4급,108,2025-02-22,68,yui,다음 漢字와 뜻이 같거나 비슷한 漢字를 (  ) 속에 적어 문장을 완성하시오.,이 건물은 지진을 (  )慮해서 지었기 때문에 안정성이 뛰어나다.,慮,,考,考
4급,108,2025-02-22,69,yui,다음 漢字와 뜻이 같거나 비슷한 漢字를 (  ) 속에 적어 문장을 완성하시오.,그는 경기의 흐름을 꿰뚫을 수 있는 眼(  )을 가지고 있었다.,眼,,目,目
4급,108,2025-02-22,70,dongeum,다음 (  ) 속 단어의 同音語를 주어진 뜻에 맞게 漢字로 쓰시오.,(視界) - 시간을 재거나 시각을 나타내는 기계.,視界,,時計,時計
4급,108,2025-02-22,71,dongeum,다음 (  ) 속 단어의 同音語를 주어진 뜻에 맞게 漢字로 쓰시오.,(科擧) - 이미 지나간 때.,科擧,,過去,過去
4급,108,2025-02-22,72,dongeum,다음 (  ) 속 단어의 同音語를 주어진 뜻에 맞게 漢字로 쓰시오.,(主義) - 마음에 새겨 두고 조심함.,主義,,注意,注意
4급,108,2025-02-22,73,uut_select,다음 漢字語의 뜻을 <보기>에서 찾아 그 번호를 쓰시오.,師表,師表,"[""① 이른 시기."", ""② 나라의 경계가 되는 변두리의 땅."", ""③ 다르게 바꾸어 새롭게 고침."", ""④ 직책에서 사임하겠다는 뜻을 적어 내는 문서."", ""⑤ 아침 일찍 일어남."", ""⑥ 학식과 덕행이 높아 남의 모범이 될 만한 인물.""]",⑥,⑥
4급,108,2025-02-22,74,uut_select,다음 漢字語의 뜻을 <보기>에서 찾아 그 번호를 쓰시오.,邊境,邊境,"[""① 이른 시기."", ""② 나라의 경계가 되는 변두리의 땅."", ""③ 다르게 바꾸어 새롭게 고침."", ""④ 직책에서 사임하겠다는 뜻을 적어 내는 문서."", ""⑤ 아침 일찍 일어남."", ""⑥ 학식과 덕행이 높아 남의 모범이 될 만한 인물.""]",②,②
4급,108,2025-02-22,75,uut_select,다음 漢字語의 뜻을 <보기>에서 찾아 그 번호를 쓰시오.,早起,早起,"[""① 이른 시기."", ""② 나라의 경계가 되는 변두리의 땅."", ""③ 다르게 바꾸어 새롭게 고침."", ""④ 직책에서 사임하겠다는 뜻을 적어 내는 문서."", ""⑤ 아침 일찍 일어남."", ""⑥ 학식과 덕행이 높아 남의 모범이 될 만한 인물.""]",⑤,⑤
4급,108,2025-02-22,76,seong-eo,다음 ( ) 안에 해당하는 漢字를 적어 성어를 완성하시오.,始(종)如一 : 처음부터 끝까지 한결같음.,始(종)如一,,終,終
4급,108,2025-02-22,77,seong-eo,다음 ( ) 안에 해당하는 漢字를 적어 성어를 완성하시오.,甘言利(설) : 귀가 솔깃하도록 남의 비위를 맞추거나 이로운 조건을 내세워 꾀는 말.,甘言利(설),,說,說
4급,108,2025-02-22,78,seong-eo,다음 ( ) 안에 해당하는 漢字를 적어 성어를 완성하시오.,事(필)歸正 : 모든 일은 반드시 바른길로 돌아감.,事(필)歸正,,必,必
4급,108,2025-02-22,79,seong-eo,다음 ( ) 안에 해당하는 漢字를 적어 성어를 완성하시오.,多(문)博識 : 보고 들은 것이 많고 아는 것이 많음.,多(문)博識,,聞,聞
4급,108,2025-02-22,80,seong-eo,다음 ( ) 안에 해당하는 漢字를 적어 성어를 완성하시오.,孤立(무)援 : 고립되어 구원을 받을 데가 없음.,孤立(무)援,,無,無
4급,108,2025-02-22,81,hanjaeo_write,다음 각 문장의 밑줄 친 漢字語를 漢字로 쓰시오.,상점에 전시된 상품마다 가격 표시가 되어 있다.,가격,,價格,價格
4급,108,2025-02-22,82,hanjaeo_write,다음 각 문장의 밑줄 친 漢字語를 漢字로 쓰시오.,선생님은 학습 내용을 칠판에 가득하게 필기하셨다.,필기,,筆記,筆記
4급,108,2025-02-22,83,hanjaeo_write,다음 각 문장의 밑줄 친 漢字語를 漢字로 쓰시오.,그녀는 주말 오후면 반드시 외출한다.,주말,,週末,週末
4급,108,2025-02-22,84,hanjaeo_write,다음 각 문장의 밑줄 친 漢字語를 漢字로 쓰시오.,자동차 배기가스는 지구 온난화를 가속시키고 있다.,가속,,加速,加速
4급,108,2025-02-22,85,hanjaeo_write,다음 각 문장의 밑줄 친 漢字語를 漢字로 쓰시오.,오늘로 예정된 친선 야구 경기는 비 때문에 연기되었다.,친선,,親善,親善
4급,108,2025-02-22,86,hanjaeo_write,다음 각 문장의 밑줄 친 漢字語를 漢字로 쓰시오.,주인공이 무대에 등장하자 객석에서 우레와 같은 박수가 터졌다.,객석,,客席,客席
4급,108,2025-02-22,87,hanjaeo_write,다음 각 문장의 밑줄 친 漢字語를 漢字로 쓰시오.,사치스러운 의복이라고 다 좋은 것은 아니다.,의복,,衣服,衣服
4급,108,2025-02-22,88,hanjaeo_write,다음 각 문장의 밑줄 친 漢字語를 漢字로 쓰시오.,병원에 환자가 많아서 대기실에서 한참 기다렸다.,환자,,患者,患者
4급,108,2025-02-22,89,hanjaeo_write,다음 각 문장의 밑줄 친 漢字語를 漢字로 쓰시오.,철수는 학교에 올 때마다 이 육교로 길을 건넌다.,육교,,陸橋,陸橋
4급,108,2025-02-22,90,hanjaeo_write,다음 각 문장의 밑줄 친 漢字語를 漢字로 쓰시오.,김 일병은 중대장을 보자마자 경례를 하였다.,경례,,敬禮,敬禮
4급,108,2025-02-22,91,hanjaeo_write,다음 각 문장의 밑줄 친 漢字語를 漢字로 쓰시오.,그녀는 대학 졸업 후 곧바로 유학을 떠났다.,졸업,,卒業,卒業
4급,108,2025-02-22,92,hanjaeo_write,다음 각 문장의 밑줄 친 漢字語를 漢字로 쓰시오.,주례가 끝나고 신부 친구들의 축가가 시작되었다.,축가,,祝歌,祝歌
4급,108,2025-02-22,93,hanjaeo_write,다음 각 문장의 밑줄 친 漢字語를 漢字로 쓰시오.,먹은 것을 소화시킬 겸 동네를 한 바퀴 돌았다.,소화,,消化,消化
4급,108,2025-02-22,94,hanjaeo_write,다음 각 문장의 밑줄 친 漢字語를 漢字로 쓰시오.,우리는 창밖으로 보이는 멋진 경치에 감탄하였다.,경치,,景致,景致
4급,108,2025-02-22,95,hanjaeo_write,다음 각 문장의 밑줄 친 漢字語를 漢字로 쓰시오.,그는 월급의 반을 저금하고 나머지로 생활한다.,저금,,貯金,貯金
4급,108,2025-02-22,96,hanjaeo_write,다음 각 문장의 밑줄 친 漢字語를 漢字로 쓰시오.,그는 절약을 생활신조로 삼고 있다.,절약,,節約,節約
4급,108,2025-02-22,97,hanjaeo_write,다음 각 문장의 밑줄 친 漢字語를 漢字로 쓰시오.,장난꾸러기들은 온갖 낙서로 벽을 더럽혀 놓았다.,낙서,,落書,落書
4급,108,2025-02-22,98,hanjaeo_write,다음 각 문장의 밑줄 친 漢字語를 漢字로 쓰시오.,그는 최근에 차를 새로 구입했다.,최근,,最近,最近
4급,108,2025-02-22,99,hanjaeo_write,다음 각 문장의 밑줄 친 漢字語를 漢字로 쓰시오.,한글날 행사가 식순에 따라 진행되었다.,식순,,式順,式順
4급,108,2025-02-22,100,hanjaeo_write,다음 각 문장의 밑줄 친 漢字語를 漢字로 쓰시오.,오랜만에 가족이 모여 오순도순 정담을 나누었다.,정담,,情談,情談
4급,107,2024-11-09,1,dokum,다음 밑줄 친 漢字語의 讀音을 쓰시오.,어젯밤의 폭설로 그 마을은 완전히 孤立되었다.,孤立,,고립,고립
4급,107,2024-11-09,2,dokum,다음 밑줄 친 漢字語의 讀音을 쓰시오.,이 작품은 뛰어난 예술성으로 激讚을 받았다.,激讚,,격찬,격찬
4급,107,2024-11-09,3,dokum,다음 밑줄 친 漢字語의 讀音을 쓰시오.,정치적 彈壓이 심할수록 국민들의 저항심은 더 커지게 된다.,彈壓,,탄압,탄압
4급,107,2024-11-09,4,dokum,다음 밑줄 친 漢字語의 讀音을 쓰시오.,우리는 작년부터 비닐하우스를 짓고 園藝 작물을 가꾸기 시작하였다.,園藝,,원예,원예
4급,107,2024-11-09,5,dokum,다음 밑줄 친 漢字語의 讀音을 쓰시오.,우리 농장에서는 포도주 공장에 포도를 納品하고 있다.,納品,,납품,납품
4급,107,2024-11-09,6,dokum,다음 밑줄 친 漢字語의 讀音을 쓰시오.,주민들이 도시로 떠난 섬마을에는 도처에 빈집들이 散在해 있었다.,散在,,산재,산재
4급,107,2024-11-09,7,dokum,다음 밑줄 친 漢字語의 讀音을 쓰시오.,그녀는 판소리 분야에서 獨步的인 자리를 잡고 있다.,獨步的,,독보적,독보적
4급,107,2024-11-09,8,dokum,다음 밑줄 친 漢字語의 讀音을 쓰시오.,장마철이 끝나자 모기가 極盛을 부리기 시작했다.,極盛,,극성,극성
4급,107,2024-11-09,9,dokum,다음 밑줄 친 漢字語의 讀音을 쓰시오.,이순신은 조선의 명장으로 오늘날까지 稱頌받고 있다.,稱頌,,칭송,칭송
4급,107,2024-11-09,10,dokum,다음 밑줄 친 漢字語의 讀音을 쓰시오.,이번 여행 경비는 모두가 동일하게 나누어 負擔하기로 했다.,負擔,,부담,부담
4급,107,2024-11-09,11,dokum,다음 밑줄 친 漢字語의 讀音을 쓰시오.,할머니는 뒤뜰 石築 담장 위로 호박 넝쿨을 올리셨다.,石築,,석축,석축
4급,107,2024-11-09,12,dokum,다음 밑줄 친 漢字語의 讀音을 쓰시오.,일반적으로 서양인의 骨格은 동양인보다 큰 편이다.,骨格,,골격,골격
4급,107,2024-11-09,13,dokum,다음 밑줄 친 漢字語의 讀音을 쓰시오.,우리는 결정을 留保하고 사태의 추이를 더 지켜보기로 했다.,留保,,유보,유보
4급,107,2024-11-09,14,dokum,다음 밑줄 친 漢字語의 讀音을 쓰시오.,선임 회장은 사업의 引繼를 위해 긴급회의를 소집했다.,引繼,,인계,인계
4급,107,2024-11-09,15,dokum,다음 밑줄 친 漢字語의 讀音을 쓰시오.,한자에는 글자의 形態가 달라도 같은 뜻으로 통용되는 것들이 많다.,形態,,형태,형태
4급,107,2024-11-09,16,dokum,다음 밑줄 친 漢字語의 讀音을 쓰시오.,사회가 불안정하면 온갖 유언비어가 亂舞하게 마련이다.,亂舞,,난무,난무
4급,107,2024-11-09,17,dokum,다음 밑줄 친 漢字語의 讀音을 쓰시오.,추석 선물을 산지에서 직배송하는 宅配 서비스가 등장했다.,宅配,,택배,택배
4급,107,2024-11-09,18,dokum,다음 밑줄 친 漢字語의 讀音을 쓰시오.,노래를 부르는 그녀의 창법은 매우 特異했다.,特異,,특이,특이
4급,107,2024-11-09,19,dokum,다음 밑줄 친 漢字語의 讀音을 쓰시오.,그는 험난한 路程이 담긴 방대한 여행 기록을 남겼다.,路程,,노정,노정
4급,107,2024-11-09,20,dokum,다음 밑줄 친 漢字語의 讀音을 쓰시오.,그는 사상과 이념이 다른 그들과 絶緣하였다.,絶緣,,절연,절연
4급,107,2024-11-09,21,dokum,다음 밑줄 친 漢字語의 讀音을 쓰시오.,남에 대한 根據 없는 모함은 올바른 행동이 아니다.,根據,,근거,근거
4급,107,2024-11-09,22,dokum,다음 밑줄 친 漢字語의 讀音을 쓰시오.,많은 고통을 甘受한 결과 오늘의 성공을 이루었다.,甘受,,감수,감수
4급,107,2024-11-09,23,dokum,다음 밑줄 친 漢字語의 讀音을 쓰시오.,이번에 계획한 일은 잘 풀릴 것 같은 豫感이 들었다.,豫感,,예감,예감
4급,107,2024-11-09,24,dokum,다음 밑줄 친 漢字語의 讀音을 쓰시오.,그는 아버지의 급한 奇別을 받고 고향으로 내려갔다.,奇別,,기별,기별
4급,107,2024-11-09,25,dokum,다음 밑줄 친 漢字語의 讀音을 쓰시오.,아무리 힘든 試練이 닥쳐도 자포자기해서는 안 된다.,試練,,시련,시련
4급,107,2024-11-09,26,dokum,다음 밑줄 친 漢字語의 讀音을 쓰시오.,역사란 과거를 돌이켜 보고 미래의 指針으로 삼는 과학이다.,指針,,지침,지침
4급,107,2024-11-09,27,dokum,다음 밑줄 친 漢字語의 讀音을 쓰시오.,이 자동차는 뒷바퀴의 힘으로 굴러가는 後輪 구동 방식이다.,後輪,,후륜,후륜
4급,107,2024-11-09,28,dokum,다음 밑줄 친 漢字語의 讀音을 쓰시오.,박 의원은 신문에 보도된 내용을 강력하게 否認했다.,否認,,부인,부인
4급,107,2024-11-09,29,dokum,다음 밑줄 친 漢字語의 讀音을 쓰시오.,학력이 그 사람의 능력을 測定하는 잣대가 될 수는 없다.,測定,,측정,측정
4급,107,2024-11-09,30,dokum,다음 밑줄 친 漢字語의 讀音을 쓰시오.,그 신부님은 주로 아프리카에서 宣敎 활동을 펼쳤다.,宣敎,,선교,선교
4급,107,2024-11-09,31,dokum,다음 밑줄 친 漢字語의 讀音을 쓰시오.,장마에 對備하기 위해 농가마다 배수로 정비 작업에 나섰다.,對備,,대비,대비
4급,107,2024-11-09,32,dokum,다음 밑줄 친 漢字語의 讀音을 쓰시오.,각 방송사들은 태풍의 진로를 시시각각 速報로 보도하였다.,速報,,속보,속보
4급,107,2024-11-09,33,hunum,다음 漢字의 訓과 音을 쓰시오.,額,額,,이마 액,이마 액
4급,107,2024-11-09,34,hunum,다음 漢字의 訓과 音을 쓰시오.,委,委,,맡길 위,맡길 위
4급,107,2024-11-09,35,hunum,다음 漢字의 訓과 音을 쓰시오.,揮,揮,,휘두를 휘,휘두를 휘
4급,107,2024-11-09,36,hunum,다음 漢字의 訓과 音을 쓰시오.,麗,麗,,고울 려,고울 려
4급,107,2024-11-09,37,hunum,다음 漢字의 訓과 音을 쓰시오.,希,希,,바랄 희,바랄 희
4급,107,2024-11-09,38,hunum,다음 漢字의 訓과 音을 쓰시오.,應,應,,응할 응,응할 응
4급,107,2024-11-09,39,hunum,다음 漢字의 訓과 音을 쓰시오.,憲,憲,,법 헌,법 헌
4급,107,2024-11-09,40,hunum,다음 漢字의 訓과 音을 쓰시오.,鍾,鍾,,쇠북 종,쇠북 종
4급,107,2024-11-09,41,hunum,다음 漢字의 訓과 音을 쓰시오.,秀,秀,,빼어날 수,빼어날 수
4급,107,2024-11-09,42,hunum,다음 漢字의 訓과 音을 쓰시오.,準,準,,준할 준,준할 준
4급,107,2024-11-09,43,hunum,다음 漢字의 訓과 音을 쓰시오.,帳,帳,,장막 장,장막 장
4급,107,2024-11-09,44,hunum,다음 漢字의 訓과 音을 쓰시오.,監,監,,볼 감,볼 감
4급,107,2024-11-09,45,hunum,다음 漢字의 訓과 音을 쓰시오.,飛,飛,,날 비,날 비
4급,107,2024-11-09,46,hunum,다음 漢字의 訓과 音을 쓰시오.,勸,勸,,권할 권,권할 권
4급,107,2024-11-09,47,hunum,다음 漢字의 訓과 音을 쓰시오.,肅,肅,,엄숙할 숙,엄숙할 숙
4급,107,2024-11-09,48,hunum,다음 漢字의 訓과 音을 쓰시오.,派,派,,갈래 파,갈래 파
4급,107,2024-11-09,49,hunum,다음 漢字의 訓과 音을 쓰시오.,珍,珍,,보배 진,보배 진
4급,107,2024-11-09,50,hunum,다음 漢字의 訓과 音을 쓰시오.,寄,寄,,부칠 기,부칠 기
4급,107,2024-11-09,51,hunum,다음 漢字의 訓과 音을 쓰시오.,攻,攻,,칠 공,칠 공
4급,107,2024-11-09,52,hunum,다음 漢字의 訓과 音을 쓰시오.,辭,辭,,말씀 사,말씀 사
4급,107,2024-11-09,53,hunum,다음 漢字의 訓과 音을 쓰시오.,濟,濟,,건널 제,건널 제
4급,107,2024-11-09,54,hunum,다음 漢字의 訓과 音을 쓰시오.,避,避,,피할 피,피할 피
4급,107,2024-11-09,55,bushu,다음 漢字의 部首를 쓰시오.,算,算,,竹,竹
4급,107,2024-11-09,56,bushu,다음 漢字의 部首를 쓰시오.,灰,灰,,火,火
4급,107,2024-11-09,57,bushu,다음 漢字의 部首를 쓰시오.,孝,孝,,子,子
4급,107,2024-11-09,58,yakja,다음 漢字의 略字를 쓰시오.,禮,禮,,礼,礼
4급,107,2024-11-09,59,yakja,다음 漢字의 略字를 쓰시오.,戰,戰,,戦,戦
4급,107,2024-11-09,60,yakja,다음 漢字의 略字를 쓰시오.,卒,卒,,卆,卆
4급,107,2024-11-09,61,jangum,다음 漢字語 중 첫소리가 長音인 것을 가려 그 번호를 쓰시오.,,,"[""① 過去"", ""② 科擧""]",①,①
4급,107,2024-11-09,62,jangum,다음 漢字語 중 첫소리가 長音인 것을 가려 그 번호를 쓰시오.,,,"[""① 相關"", ""② 上官""]",②,②
4급,107,2024-11-09,63,jangum,다음 漢字語 중 첫소리가 長音인 것을 가려 그 번호를 쓰시오.,,,"[""① 意思"", ""② 醫師""]",①,①
4급,107,2024-11-09,64,banui,다음 漢字와 뜻이 반대(또는 상대)되는 漢字를 (  ) 속에 적어 문장을 완성하시오.,그림에서는 (  )暗으로 입체감을 나타낸다.,暗,,明,明
4급,107,2024-11-09,65,banui,다음 漢字와 뜻이 반대(또는 상대)되는 漢字를 (  ) 속에 적어 문장을 완성하시오.,그의 공연을 보기 위해 많은 관람객이 (  )近 각지에서 모여들었다.,近,,遠,遠
4급,107,2024-11-09,66,banui,다음 漢字와 뜻이 반대(또는 상대)되는 漢字를 (  ) 속에 적어 문장을 완성하시오.,정 회장은 선수들의 경기력 향상을 위해 (  )心 양면으로 지원해 주었다.,心,,物,物
4급,107,2024-11-09,67,yui,다음 漢字와 뜻이 같거나 비슷한 漢字를 (  ) 속에 적어 문장을 완성하시오.,이곳 서점에는 컴퓨터 관련 전문 (  )籍들이 많이 나와 있다.,籍,,書,書
4급,107,2024-11-09,68,yui,다음 漢字와 뜻이 같거나 비슷한 漢字를 (  ) 속에 적어 문장을 완성하시오.,선사시대의 사람들은 주로 움집에서 居(  )했다.,居,,住,住
4급,107,2024-11-09,69,yui,다음 漢字와 뜻이 같거나 비슷한 漢字를 (  ) 속에 적어 문장을 완성하시오.,자동차는 기계 공업 (  )術의 집성체라고들 한다.,術,,技,技
4급,107,2024-11-09,70,dongeum,다음 (  ) 속 단어의 同音語를 주어진 뜻에 맞게 漢字로 쓰시오.,(連詩) - 새해의 처음.,連詩,,年始,年始
4급,107,2024-11-09,71,dongeum,다음 (  ) 속 단어의 同音語를 주어진 뜻에 맞게 漢字로 쓰시오.,(精選) - 가던 배가 멈춤.,精選,,停船,停船
4급,107,2024-11-09,72,dongeum,다음 (  ) 속 단어의 同音語를 주어진 뜻에 맞게 漢字로 쓰시오.,(老童) - 몸을 움직여 일을 함.,老童,,勞動,勞動
4급,107,2024-11-09,73,uut_select,다음 漢字語의 뜻을 <보기>에서 찾아 그 번호를 쓰시오.,逆風,逆風,"[""① 떼를 지어 도둑질을 하는 무리."", ""② 거슬러 부는 바람."", ""③ 소나 말, 양 따위를 놓아기르는 곳."", ""④ 무리를 이루고 있는 크고 작은 섬들."", ""⑤ 배가 가는 쪽으로 부는 바람."", ""⑥ 닭을 먹여 기름.""]",②,②
4급,107,2024-11-09,74,uut_select,다음 漢字語의 뜻을 <보기>에서 찾아 그 번호를 쓰시오.,養鷄,養鷄,"[""① 떼를 지어 도둑질을 하는 무리."", ""② 거슬러 부는 바람."", ""③ 소나 말, 양 따위를 놓아기르는 곳."", ""④ 무리를 이루고 있는 크고 작은 섬들."", ""⑤ 배가 가는 쪽으로 부는 바람."", ""⑥ 닭을 먹여 기름.""]",⑥,⑥
4급,107,2024-11-09,75,uut_select,다음 漢字語의 뜻을 <보기>에서 찾아 그 번호를 쓰시오.,群盜,群盜,"[""① 떼를 지어 도둑질을 하는 무리."", ""② 거슬러 부는 바람."", ""③ 소나 말, 양 따위를 놓아기르는 곳."", ""④ 무리를 이루고 있는 크고 작은 섬들."", ""⑤ 배가 가는 쪽으로 부는 바람."", ""⑥ 닭을 먹여 기름.""]",①,①
4급,107,2024-11-09,76,seong-eo,다음 ( ) 안에 해당하는 漢字를 적어 성어를 완성하시오.,"生死(고)樂 : 삶과 죽음, 괴로움과 즐거움.",生死(고)樂,,苦,苦
4급,107,2024-11-09,77,seong-eo,다음 ( ) 안에 해당하는 漢字를 적어 성어를 완성하시오.,非一非(재) : 같은 현상이나 일이 한둘이 아니고 많음.,非一非(재),,再,再
4급,107,2024-11-09,78,seong-eo,다음 ( ) 안에 해당하는 漢字를 적어 성어를 완성하시오.,燈火可(친) : 등불을 가까이할 만함.,燈火可(친),,親,親
4급,107,2024-11-09,79,seong-eo,다음 ( ) 안에 해당하는 漢字를 적어 성어를 완성하시오.,萬古不(변) : 아주 오랜 세월 동안 변하지 아니함.,萬古不(변),,變,變
4급,107,2024-11-09,80,seong-eo,다음 ( ) 안에 해당하는 漢字를 적어 성어를 완성하시오.,(온)故知新 : 옛것을 익히고 그것을 미루어서 새것을 앎.,(온)故知新,,溫,溫
4급,107,2024-11-09,81,hanjaeo_write,다음 각 문장의 밑줄 친 漢字語를 漢字로 쓰시오.,경찰이 오늘 사건 현장을 언론에 공개하였다.,공개,,公開,公開
4급,107,2024-11-09,82,hanjaeo_write,다음 각 문장의 밑줄 친 漢字語를 漢字로 쓰시오.,할머니가 손녀를 품에 안고 자장가를 불러 주었다.,손녀,,孫女,孫女
4급,107,2024-11-09,83,hanjaeo_write,다음 각 문장의 밑줄 친 漢字語를 漢字로 쓰시오.,박물관에서 본 신라의 왕관들은 모두 황금으로 만들어진 것이었다.,황금,,黃金,黃金
4급,107,2024-11-09,84,hanjaeo_write,다음 각 문장의 밑줄 친 漢字語를 漢字로 쓰시오.,생명과학은 차세대 기술로 각광을 받는 유망한 분야 중의 하나이다.,분야,,分野,分野
4급,107,2024-11-09,85,hanjaeo_write,다음 각 문장의 밑줄 친 漢字語를 漢字로 쓰시오.,모든 일은 결과만큼 그 과정도 중요하다.,결과,,結果,結果
4급,107,2024-11-09,86,hanjaeo_write,다음 각 문장의 밑줄 친 漢字語를 漢字로 쓰시오.,식견을 넓히려면 많은 양의 독서가 필요하다.,식견,,識見,識見
4급,107,2024-11-09,87,hanjaeo_write,다음 각 문장의 밑줄 친 漢字語를 漢字로 쓰시오.,이 지역에서 선사시대의 유물이 다량 발굴되었다.,다량,,多量,多量
4급,107,2024-11-09,88,hanjaeo_write,다음 각 문장의 밑줄 친 漢字語를 漢字로 쓰시오.,이번 휴가 때는 인천의 섬들을 여행하려고 마음먹었다.,여행,,旅行,旅行
4급,107,2024-11-09,89,hanjaeo_write,다음 각 문장의 밑줄 친 漢字語를 漢字로 쓰시오.,태풍으로 인해 모든 선박의 운행이 중지되었다.,중지,,中止,中止
4급,107,2024-11-09,90,hanjaeo_write,다음 각 문장의 밑줄 친 漢字語를 漢字로 쓰시오.,그는 최고의 점수로 시험에 합격하였다.,최고,,最高,最高
4급,107,2024-11-09,91,hanjaeo_write,다음 각 문장의 밑줄 친 漢字語를 漢字로 쓰시오.,그녀는 오랜 망설임 끝에 그에게 사랑을 고백했다.,고백,,告白,告白
4급,107,2024-11-09,92,hanjaeo_write,다음 각 문장의 밑줄 친 漢字語를 漢字로 쓰시오.,그는 선거 후 자신의 정치적 향방을 놓고 고민에 쌓였다.,향방,,向方,向方
4급,107,2024-11-09,93,hanjaeo_write,다음 각 문장의 밑줄 친 漢字語를 漢字로 쓰시오.,거대한 흙먼지가 몽고의 평원을 뒤덮고 있었다.,평원,,平原,平原
4급,107,2024-11-09,94,hanjaeo_write,다음 각 문장의 밑줄 친 漢字語를 漢字로 쓰시오.,건전한 젊은이들이 있는 사회의 미래는 희망차다.,건전,,健全,健全
4급,107,2024-11-09,95,hanjaeo_write,다음 각 문장의 밑줄 친 漢字語를 漢字로 쓰시오.,장마가 계속되면서 댐의 수위가 점점 높아졌다.,수위,,水位,水位
4급,107,2024-11-09,96,hanjaeo_write,다음 각 문장의 밑줄 친 漢字語를 漢字로 쓰시오.,병아리가 알을 깨고 나오는 것은 본능적인 행동이다.,본능,,本能,本能
4급,107,2024-11-09,97,hanjaeo_write,다음 각 문장의 밑줄 친 漢字語를 漢字로 쓰시오.,사람들의 축복 속에서 두 사람의 결혼식이 거행되었다.,축복,,祝福,祝福
4급,107,2024-11-09,98,hanjaeo_write,다음 각 문장의 밑줄 친 漢字語를 漢字로 쓰시오.,조지 워싱턴은 미국의 초대 대통령이었다.,초대,,初代,初代
4급,107,2024-11-09,99,hanjaeo_write,다음 각 문장의 밑줄 친 漢字語를 漢字로 쓰시오.,학생들은 월말에 있을 시험을 준비하느라 여념이 없다.,월말,,月末,月末
4급,107,2024-11-09,100,hanjaeo_write,다음 각 문장의 밑줄 친 漢字語를 漢字로 쓰시오.,한국 음식에는 비교적 볶음 요리가 적은 편이다.,요리,,料理,料理
4급,106,2024-08-24,1,dokum,다음 밑줄 친 漢字語의 讀音을 쓰시오.,내 동생은 이번 학기에 모든 과목에서 優秀한 성적을 받았다.,優秀,,우수,우수
4급,106,2024-08-24,2,dokum,다음 밑줄 친 漢字語의 讀音을 쓰시오.,학생에게 불성실한 선생은 교단에서 歡迎받기 어렵다.,歡迎,,환영,환영
4급,106,2024-08-24,3,dokum,다음 밑줄 친 漢字語의 讀音을 쓰시오.,국문과 학생들이 자발적으로 독서회를 組織하였다.,組織,,조직,조직
4급,106,2024-08-24,4,dokum,다음 밑줄 친 漢字語의 讀音을 쓰시오.,내가 좋아하는 여배우가 얼마 전 隱退 선언을 했다.,隱退,,은퇴,은퇴
4급,106,2024-08-24,5,dokum,다음 밑줄 친 漢字語의 讀音을 쓰시오.,KBS에서는 환경 오염의 실태를 시리즈로 엮어 深層 보도했다.,深層,,심층,심층
4급,106,2024-08-24,6,dokum,다음 밑줄 친 漢字語의 讀音을 쓰시오.,監督은 1루 주자에게 도루를 하라는 사인을 보냈다.,監督,,감독,감독
4급,106,2024-08-24,7,dokum,다음 밑줄 친 漢字語의 讀音을 쓰시오.,동훈이는 바벨 운동을 하여 상체 筋肉을 키웠다.,筋肉,,근육,근육
4급,106,2024-08-24,8,dokum,다음 밑줄 친 漢字語의 讀音을 쓰시오.,그 박물관에는 곳곳에 도난 방지 裝置가 되어 있다.,裝置,,장치,장치
4급,106,2024-08-24,9,dokum,다음 밑줄 친 漢字語의 讀音을 쓰시오.,학생들은 밤이 새도록까지 討論을 계속하였다.,討論,,토론,토론
4급,106,2024-08-24,10,dokum,다음 밑줄 친 漢字語의 讀音을 쓰시오.,나는 그가 나를 속였다는 사실에 憤怒했다.,憤怒,,분노,분노
4급,106,2024-08-24,11,dokum,다음 밑줄 친 漢字語의 讀音을 쓰시오.,군인이 부대를 離脫하는 일은 있을 수 없다.,離脫,,이탈,이탈
4급,106,2024-08-24,12,dokum,다음 밑줄 친 漢字語의 讀音을 쓰시오.,우리 앞에는 넘어야 할 障壁이 무수히 가로놓여 있다.,障壁,,장벽,장벽
4급,106,2024-08-24,13,dokum,다음 밑줄 친 漢字語의 讀音을 쓰시오.,나는 직장에서 주로 官廳의 허가를 받는 일을 한다.,官廳,,관청,관청
4급,106,2024-08-24,14,dokum,다음 밑줄 친 漢字語의 讀音을 쓰시오.,그는 遊擊 훈련 중 부상을 당해 육군 병원으로 후송되었다.,遊擊,,유격,유격
4급,106,2024-08-24,15,dokum,다음 밑줄 친 漢字語의 讀音을 쓰시오.,그의 말 한마디 한마디마다 관객들의 爆笑가 쏟아졌다.,爆笑,,폭소,폭소
4급,106,2024-08-24,16,dokum,다음 밑줄 친 漢字語의 讀音을 쓰시오.,민성이는 우리 팀의 승리에 결정적인 寄與를 한 선수이다.,寄與,,기여,기여
4급,106,2024-08-24,17,dokum,다음 밑줄 친 漢字語의 讀音을 쓰시오.,김유신은 그 누구보다 威嚴이 있는 대장군이었다.,威嚴,,위엄,위엄
4급,106,2024-08-24,18,dokum,다음 밑줄 친 漢字語의 讀音을 쓰시오.,모두 다 함께 노력한 결과 높은 收益을 남겼다.,收益,,수익,수익
4급,106,2024-08-24,19,dokum,다음 밑줄 친 漢字語의 讀音을 쓰시오.,오늘 그 은행의 미화 환불 總額은 100만 달러나 된다.,總額,,총액,총액
4급,106,2024-08-24,20,dokum,다음 밑줄 친 漢字語의 讀音을 쓰시오.,그 講座는 수강생이 예상보다 너무 적어 폐강되었다.,講座,,강좌,강좌
4급,106,2024-08-24,21,dokum,다음 밑줄 친 漢字語의 讀音을 쓰시오.,어머니는 할아버지의 다리를 精誠 들여 주무르셨다.,精誠,,정성,정성
4급,106,2024-08-24,22,dokum,다음 밑줄 친 漢字語의 讀音을 쓰시오.,그들은 민박이나 캠핑 施設을 이용하며 여행을 했다.,施設,,시설,시설
4급,106,2024-08-24,23,dokum,다음 밑줄 친 漢字語의 讀音을 쓰시오.,그는 과반수를 得票하여 의장으로 재선되었다.,得票,,득표,득표
4급,106,2024-08-24,24,dokum,다음 밑줄 친 漢字語의 讀音을 쓰시오.,도난 경보음이 울리자 警察이 출동했다.,警察,,경찰,경찰
4급,106,2024-08-24,25,dokum,다음 밑줄 친 漢字語의 讀音을 쓰시오.,나는 그들에게 慰安과 용기와 희망을 주고 싶다.,慰安,,위안,위안
4급,106,2024-08-24,26,dokum,다음 밑줄 친 漢字語의 讀音을 쓰시오.,어부들은 오징어를 배에 가득 싣고 포구로 歸航하였다.,歸航,,귀항,귀항
4급,106,2024-08-24,27,dokum,다음 밑줄 친 漢字語의 讀音을 쓰시오.,선생님께서 빨리 快差하시기를 바랐다.,快差,,쾌차,쾌차
4급,106,2024-08-24,28,dokum,다음 밑줄 친 漢字語의 讀音을 쓰시오.,등록금이 없었던 나는 스승의 配慮로 공부를 계속할 수 있었다.,配慮,,배려,배려
4급,106,2024-08-24,29,dokum,다음 밑줄 친 漢字語의 讀音을 쓰시오.,상품이 운송 중에 破損되지 않도록 꼼꼼하게 포장했다.,破損,,파손,파손
4급,106,2024-08-24,30,dokum,다음 밑줄 친 漢字語의 讀音을 쓰시오.,헌법은 納稅를 국민의 의무로 명시하고 있다.,納稅,,납세,납세
4급,106,2024-08-24,31,dokum,다음 밑줄 친 漢字語의 讀音을 쓰시오.,그녀는 勤務에 태만하다는 이유로 질책을 받았다.,勤務,,근무,근무
4급,106,2024-08-24,32,dokum,다음 밑줄 친 漢字語의 讀音을 쓰시오.,예전에 이곳은 물건을 保管하는 창고로 쓰였다.,保管,,보관,보관
4급,106,2024-08-24,33,hunum,다음 漢字의 訓과 音을 쓰시오.,延,延,,늘일 연,늘일 연
4급,106,2024-08-24,34,hunum,다음 漢字의 訓과 音을 쓰시오.,勉,勉,,힘쓸 면,힘쓸 면
4급,106,2024-08-24,35,hunum,다음 漢字의 訓과 音을 쓰시오.,疲,疲,,피곤할 피,피곤할 피
4급,106,2024-08-24,36,hunum,다음 漢字의 訓과 音을 쓰시오.,祕,祕,,숨길 비,숨길 비
4급,106,2024-08-24,37,hunum,다음 漢字의 訓과 音을 쓰시오.,券,券,,문서 권,문서 권
4급,106,2024-08-24,38,hunum,다음 漢字의 訓과 音을 쓰시오.,積,積,,쌓을 적,쌓을 적
4급,106,2024-08-24,39,hunum,다음 漢字의 訓과 音을 쓰시오.,傷,傷,,다칠 상,다칠 상
4급,106,2024-08-24,40,hunum,다음 漢字의 訓과 音을 쓰시오.,徒,徒,,무리 도,무리 도
4급,106,2024-08-24,41,hunum,다음 漢字의 訓과 音을 쓰시오.,存,存,,있을 존,있을 존
4급,106,2024-08-24,42,hunum,다음 漢字의 訓과 音을 쓰시오.,墓,墓,,무덤 묘,무덤 묘
4급,106,2024-08-24,43,hunum,다음 漢字의 訓과 音을 쓰시오.,崇,崇,,높을 숭,높을 숭
4급,106,2024-08-24,44,hunum,다음 漢字의 訓과 音을 쓰시오.,覽,覽,,볼 람,볼 람
4급,106,2024-08-24,45,hunum,다음 漢字의 訓과 音을 쓰시오.,閑,閑,,한가할 한,한가할 한
4급,106,2024-08-24,46,hunum,다음 漢字의 訓과 音을 쓰시오.,遇,遇,,만날 우,만날 우
4급,106,2024-08-24,47,hunum,다음 漢字의 訓과 音을 쓰시오.,灰,灰,,재 회,재 회
4급,106,2024-08-24,48,hunum,다음 漢字의 訓과 音을 쓰시오.,髮,髮,,터럭 발,터럭 발
4급,106,2024-08-24,49,hunum,다음 漢字의 訓과 音을 쓰시오.,疑,疑,,의심할 의,의심할 의
4급,106,2024-08-24,50,hunum,다음 漢字의 訓과 音을 쓰시오.,妹,妹,,누이 매,누이 매
4급,106,2024-08-24,51,hunum,다음 漢字의 訓과 音을 쓰시오.,痛,痛,,아플 통,아플 통
4급,106,2024-08-24,52,hunum,다음 漢字의 訓과 音을 쓰시오.,鷄,鷄,,닭 계,닭 계
4급,106,2024-08-24,53,hunum,다음 漢字의 訓과 音을 쓰시오.,核,核,,씨 핵,씨 핵
4급,106,2024-08-24,54,hunum,다음 漢字의 訓과 音을 쓰시오.,普,普,,넓을 보,넓을 보
4급,106,2024-08-24,55,bushu,다음 漢字의 部首를 쓰시오.,左,左,,工,工
4급,106,2024-08-24,56,bushu,다음 漢字의 部首를 쓰시오.,努,努,,力,力
4급,106,2024-08-24,57,bushu,다음 漢字의 部首를 쓰시오.,來,來,,人,人
4급,106,2024-08-24,58,yakja,다음 漢字의 略字를 쓰시오.,賣,賣,,売,売
4급,106,2024-08-24,59,yakja,다음 漢字의 略字를 쓰시오.,傳,傳,,伝,伝
4급,106,2024-08-24,60,yakja,다음 漢字의 略字를 쓰시오.,團,團,,団,団
4급,106,2024-08-24,61,jangum,다음 漢字語 중 첫소리가 長音인 것을 가려 그 번호를 쓰시오.,,,"[""① 視覺"", ""② 時刻""]",①,①
4급,106,2024-08-24,62,jangum,다음 漢字語 중 첫소리가 長音인 것을 가려 그 번호를 쓰시오.,,,"[""① 共起"", ""② 空氣""]",①,①
4급,106,2024-08-24,63,jangum,다음 漢字語 중 첫소리가 長音인 것을 가려 그 번호를 쓰시오.,,,"[""① 依支"", ""② 意志""]",②,②
4급,106,2024-08-24,64,banui,다음 漢字와 뜻이 반대(또는 상대)되는 漢字를 (  ) 속에 적어 문장을 완성하시오.,유권자 부동표의 흐름이 선거의 當(  )을 좌우한다.,當,,落,落
4급,106,2024-08-24,65,banui,다음 漢字와 뜻이 반대(또는 상대)되는 漢字를 (  ) 속에 적어 문장을 완성하시오.,그 회사는 모범적인 勞(  ) 관계를 유지하고 있다.,勞,,使,使
4급,106,2024-08-24,66,banui,다음 漢字와 뜻이 반대(또는 상대)되는 漢字를 (  ) 속에 적어 문장을 완성하시오.,우리는 군대에서 생사(  )樂을 같이한 전우다.,生,,苦,苦
4급,106,2024-08-24,67,yui,다음 漢字와 뜻이 같거나 비슷한 漢字를 (  ) 속에 적어 문장을 완성하시오.,신설되는 고속 전철은 旅(  ) 위주로 운영될 예정이다.,旅,,客,客
4급,106,2024-08-24,68,yui,다음 漢字와 뜻이 같거나 비슷한 漢字를 (  ) 속에 적어 문장을 완성하시오.,새해에도 우리 가정에 늘 행복이 (  )滿하기를 기원했다.,滿,,充,充
4급,106,2024-08-24,69,yui,다음 漢字와 뜻이 같거나 비슷한 漢字를 (  ) 속에 적어 문장을 완성하시오.,동호회 회원들은 회장에게 총무의 지명권을 委(  )했다.,委,,任,任
4급,106,2024-08-24,70,dongeum,다음 (  ) 속 단어의 同音語를 주어진 뜻에 맞게 漢字로 쓰시오.,(早死) - 사물의 내용을 명확히 알기 위하여 자세히 살펴보거나 찾아봄.,早死,,調査,調査
4급,106,2024-08-24,71,dongeum,다음 (  ) 속 단어의 同音語를 주어진 뜻에 맞게 漢字로 쓰시오.,(全市) - 여러 가지 물품을 한곳에 벌여 놓고 보임.,全市,,展示,展示
4급,106,2024-08-24,72,dongeum,다음 (  ) 속 단어의 同音語를 주어진 뜻에 맞게 漢字로 쓰시오.,(科擧) - 이미 지나간 때.,科擧,,過去,過去
4급,106,2024-08-24,73,uut_select,다음 漢字語의 뜻을 <보기>에서 찾아 그 번호를 쓰시오.,私用,私用,"[""① 나라의 경계가 되는 변두리의 땅."", ""② 쌓인 눈을 치움."", ""③ 다르게 바꾸어 새롭게 고침."", ""④ 공공의 물건을 사사로이 씀."", ""⑤ 인공적으로 눈을 만듦."", ""⑥ 일정한 목적이나 기능에 맞게 씀.""]",④,④
4급,106,2024-08-24,74,uut_select,다음 漢字語의 뜻을 <보기>에서 찾아 그 번호를 쓰시오.,製雪,製雪,"[""① 나라의 경계가 되는 변두리의 땅."", ""② 쌓인 눈을 치움."", ""③ 다르게 바꾸어 새롭게 고침."", ""④ 공공의 물건을 사사로이 씀."", ""⑤ 인공적으로 눈을 만듦."", ""⑥ 일정한 목적이나 기능에 맞게 씀.""]",⑤,⑤
4급,106,2024-08-24,75,uut_select,다음 漢字語의 뜻을 <보기>에서 찾아 그 번호를 쓰시오.,邊境,邊境,"[""① 나라의 경계가 되는 변두리의 땅."", ""② 쌓인 눈을 치움."", ""③ 다르게 바꾸어 새롭게 고침."", ""④ 공공의 물건을 사사로이 씀."", ""⑤ 인공적으로 눈을 만듦."", ""⑥ 일정한 목적이나 기능에 맞게 씀.""]",①,①
4급,106,2024-08-24,76,seong-eo,다음 ( ) 안에 해당하는 漢字를 적어 성어를 완성하시오.,明鏡(지)水 : 맑은 거울과 고요한 물.,明鏡(지)水,,止,止
4급,106,2024-08-24,77,seong-eo,다음 ( ) 안에 해당하는 漢字를 적어 성어를 완성하시오.,忠言逆(이) : 충직한 말은 귀에 거슬림.,忠言逆(이),,耳,耳
4급,106,2024-08-24,78,seong-eo,다음 ( ) 안에 해당하는 漢字를 적어 성어를 완성하시오.,孤立(무)援 : 고립되어 구원을 받을 데가 없음.,孤立(무)援,,無,無
4급,106,2024-08-24,79,seong-eo,다음 ( ) 안에 해당하는 漢字를 적어 성어를 완성하시오.,走(마)看山 : 말을 타고 달리며 산천을 구경함.,走(마)看山,,馬,馬
4급,106,2024-08-24,80,seong-eo,다음 ( ) 안에 해당하는 漢字를 적어 성어를 완성하시오.,見利(사)義 : 눈앞의 이익을 보면 의리를 먼저 생각함.,見利(사)義,,思,思
4급,106,2024-08-24,81,hanjaeo_write,다음 각 문장의 밑줄 친 漢字語를 漢字로 쓰시오.,두 사람의 앞날에 행복과 기쁨이 가득하길 기도했다.,행복,,幸福,幸福
4급,106,2024-08-24,82,hanjaeo_write,다음 각 문장의 밑줄 친 漢字語를 漢字로 쓰시오.,냉해 때문에 올해 과일 농가들은 큰 피해를 보았다.,냉해,,冷害,冷害
4급,106,2024-08-24,83,hanjaeo_write,다음 각 문장의 밑줄 친 漢字語를 漢字로 쓰시오.,우리는 점심을 먹은 후 함께 탁구를 쳤다.,탁구,,卓球,卓球
4급,106,2024-08-24,84,hanjaeo_write,다음 각 문장의 밑줄 친 漢字語를 漢字로 쓰시오.,명절에는 만나는 사람끼리 서로 덕담을 주고받는다.,덕담,,德談,德談
4급,106,2024-08-24,85,hanjaeo_write,다음 각 문장의 밑줄 친 漢字語를 漢字로 쓰시오.,정초부터 각종 세금이 올라 국민들에게 큰 부담이 되고 있다.,각종,,各種,各種
4급,106,2024-08-24,86,hanjaeo_write,다음 각 문장의 밑줄 친 漢字語를 漢字로 쓰시오.,이번 경기의 승자가 최종 결승에 진출했다.,최종,,最終,最終
4급,106,2024-08-24,87,hanjaeo_write,다음 각 문장의 밑줄 친 漢字語를 漢字로 쓰시오.,내가 서울역에 도착한 시간은 일곱 시였다.,도착,,到着,到着
4급,106,2024-08-24,88,hanjaeo_write,다음 각 문장의 밑줄 친 漢字語를 漢字로 쓰시오.,이 약은 위장병에 특효가 있다.,특효,,特效,特效
4급,106,2024-08-24,89,hanjaeo_write,다음 각 문장의 밑줄 친 漢字語를 漢字로 쓰시오.,열심히 노력한 대가는 반드시 오기 마련이다.,대가,,代價,代價
4급,106,2024-08-24,90,hanjaeo_write,다음 각 문장의 밑줄 친 漢字語를 漢字로 쓰시오.,그녀는 육교 아래의 버스 정류장에 내렸다.,육교,,陸橋,陸橋
4급,106,2024-08-24,91,hanjaeo_write,다음 각 문장의 밑줄 친 漢字語를 漢字로 쓰시오.,모닥불은 우리들의 우정처럼 쉬 삭지 않았다.,우정,,友情,友情
4급,106,2024-08-24,92,hanjaeo_write,다음 각 문장의 밑줄 친 漢字語를 漢字로 쓰시오.,하던 일을 완결하고 나니 시간의 여유가 생겼다.,완결,,完結,完結
4급,106,2024-08-24,93,hanjaeo_write,다음 각 문장의 밑줄 친 漢字語를 漢字로 쓰시오.,그는 시험 성적이 기대에 크게 못 미치어 매우 실망하였다.,실망,,失望,失望
4급,106,2024-08-24,94,hanjaeo_write,다음 각 문장의 밑줄 친 漢字語를 漢字로 쓰시오.,우리는 창밖으로 보이는 멋진 경치에 감탄하였다.,경치,,景致,景致
4급,106,2024-08-24,95,hanjaeo_write,다음 각 문장의 밑줄 친 漢字語를 漢字로 쓰시오.,철수는 기어를 넣고 차를 서서히 움직이기 시작했다.,시작,,始作,始作
4급,106,2024-08-24,96,hanjaeo_write,다음 각 문장의 밑줄 친 漢字語를 漢字로 쓰시오.,수교 후 두 나라는 물적 교류가 급속히 확대되었다.,교류,,交流,交流
4급,106,2024-08-24,97,hanjaeo_write,다음 각 문장의 밑줄 친 漢字語를 漢字로 쓰시오.,해마다 쌀은 증산되고 쌀 소비는 감소되는 추세이다.,소비,,消費,消費
4급,106,2024-08-24,98,hanjaeo_write,다음 각 문장의 밑줄 친 漢字語를 漢字로 쓰시오.,도시 지역의 대기 오염을 줄일 대책이 필요하다.,필요,,必要,必要
4급,106,2024-08-24,99,hanjaeo_write,다음 각 문장의 밑줄 친 漢字語를 漢字로 쓰시오.,우리는 나중에 꼭 함께 세계 여행을 하자고 약속했다.,약속,,約束,約束
4급,106,2024-08-24,100,hanjaeo_write,다음 각 문장의 밑줄 친 漢字語를 漢字로 쓰시오.,상점에 전시된 상품에는 모두 가격 표시가 되어 있다.,상품,,商品,商品
4급,105,2024-05-25,1,dokum,다음 밑줄 친 漢字語의 讀音을 쓰시오.,공부를 시작하기 전에 冊床 정리부터 했다.,冊床,,책상,책상
4급,105,2024-05-25,2,dokum,다음 밑줄 친 漢字語의 讀音을 쓰시오.,그 식당에서는 현지에서 직송한 活魚만 취급한다.,活魚,,활어,활어
4급,105,2024-05-25,3,dokum,다음 밑줄 친 漢字語의 讀音을 쓰시오.,건강하기 위해서는 營養價 높은 음식을 골고루 섭취해야 한다.,營養價,,영양가,영양가
4급,105,2024-05-25,4,dokum,다음 밑줄 친 漢字語의 讀音을 쓰시오.,경주의 포석정은 왕과 신하들이 遊興을 즐기던 신라 시대 정자였다.,遊興,,유흥,유흥
4급,105,2024-05-25,5,dokum,다음 밑줄 친 漢字語의 讀音을 쓰시오.,이 영화는 제작 당시의 사회 狀況을 잘 드러내고 있다.,狀況,,상황,상황
4급,105,2024-05-25,6,dokum,다음 밑줄 친 漢字語의 讀音을 쓰시오.,임진왜란 때 소실되었던 경복궁은 흥선 대원군이 再建하였다.,再建,,재건,재건
4급,105,2024-05-25,7,dokum,다음 밑줄 친 漢字語의 讀音을 쓰시오.,이번 여행에 소요될 경비의 總合을 미리 계산해 보았다.,總合,,총합,총합
4급,105,2024-05-25,8,dokum,다음 밑줄 친 漢字語의 讀音을 쓰시오.,우리 선수들은 세계 선수권 대회의 제패를 念願했다.,念願,,염원,염원
4급,105,2024-05-25,9,dokum,다음 밑줄 친 漢字語의 讀音을 쓰시오.,이번 여론 조사에서는 야당이 압도적으로 優位를 점하고 있다.,優位,,우위,우위
4급,105,2024-05-25,10,dokum,다음 밑줄 친 漢字語의 讀音을 쓰시오.,그는 대자연의 신비를 讚美하는 시를 지었다.,讚美,,찬미,찬미
4급,105,2024-05-25,11,dokum,다음 밑줄 친 漢字語의 讀音을 쓰시오.,사소한 분쟁이 두 나라 사이의 비극적인 전쟁의 始初가 되었다.,始初,,시초,시초
4급,105,2024-05-25,12,dokum,다음 밑줄 친 漢字語의 讀音을 쓰시오.,두 작품 모두 19세기 中葉에 쓰여진 것이다.,中葉,,중엽,중엽
4급,105,2024-05-25,13,dokum,다음 밑줄 친 漢字語의 讀音을 쓰시오.,가정에도 항상 구급약을 備置해 두는 것이 좋다.,備置,,비치,비치
4급,105,2024-05-25,14,dokum,다음 밑줄 친 漢字語의 讀音을 쓰시오.,이 글은 간결한 문체와 표현의 明確性이 돋보인다.,明確性,,명확성,명확성
4급,105,2024-05-25,15,dokum,다음 밑줄 친 漢字語의 讀音을 쓰시오.,탈모로 고민하던 삼촌이 假髮을 맞추기로 했다.,假髮,,가발,가발
4급,105,2024-05-25,16,dokum,다음 밑줄 친 漢字語의 讀音을 쓰시오.,섬사람들은 악천후 속에서도 혼신의 힘을 다해 조난자를 救命했다.,救命,,구명,구명
4급,105,2024-05-25,17,dokum,다음 밑줄 친 漢字語의 讀音을 쓰시오.,신문사와 경찰서로 호랑이를 보았다는 提報가 들어왔다.,提報,,제보,제보
4급,105,2024-05-25,18,dokum,다음 밑줄 친 漢字語의 讀音을 쓰시오.,소득 수준이 높아지면서 그에 따라 消費의 수준도 올라간다.,消費,,소비,소비
4급,105,2024-05-25,19,dokum,다음 밑줄 친 漢字語의 讀音을 쓰시오.,김 선수는 기자의 인터뷰 요청을 極口 사양했다.,極口,,극구,극구
4급,105,2024-05-25,20,dokum,다음 밑줄 친 漢字語의 讀音을 쓰시오.,선거철이 다가오자 근거없는 유언비어가 시중에 流布되었다.,流布,,유포,유포
4급,105,2024-05-25,21,dokum,다음 밑줄 친 漢字語의 讀音을 쓰시오.,세종 대왕이 한글을 만든 동기는 《훈민정음》 序文에 잘 드러나 있다.,序文,,서문,서문
4급,105,2024-05-25,22,dokum,다음 밑줄 친 漢字語의 讀音을 쓰시오.,농산물 都賣 시장에는 온갖 과일들이 넘쳐났다.,都賣,,도매,도매
4급,105,2024-05-25,23,dokum,다음 밑줄 친 漢字語의 讀音을 쓰시오.,박 사장은 정부 당국으로부터 수입 물품에 대한 檢收를 받았다.,檢收,,검수,검수
4급,105,2024-05-25,24,dokum,다음 밑줄 친 漢字語의 讀音을 쓰시오.,그는 뜻밖의 歡待에 무척이나 놀라는 모습이었다.,歡待,,환대,환대
4급,105,2024-05-25,25,dokum,다음 밑줄 친 漢字語의 讀音을 쓰시오.,기자단은 그녀를 이달의 선수에 選定하였다.,選定,,선정,선정
4급,105,2024-05-25,26,dokum,다음 밑줄 친 漢字語의 讀音을 쓰시오.,토론을 이끄는 사회자가 반드시 能辯가일 필요는 없다.,能辯,,능변,능변
4급,105,2024-05-25,27,dokum,다음 밑줄 친 漢字語의 讀音을 쓰시오.,유럽에서 일어난 전쟁의 餘波로 곡물 가격이 올랐다.,餘波,,여파,여파
4급,105,2024-05-25,28,dokum,다음 밑줄 친 漢字語의 讀音을 쓰시오.,그들의 우정은 함께 나눈 세월의 두께만큼이나 堅固했다.,堅固,,견고,견고
4급,105,2024-05-25,29,dokum,다음 밑줄 친 漢字語의 讀音을 쓰시오.,공해상의 무인도를 두고 양국 간의 利權 다툼이 치열했다.,利權,,이권,이권
4급,105,2024-05-25,30,dokum,다음 밑줄 친 漢字語의 讀音을 쓰시오.,병사들은 적의 포화를 헤치고 勇敢하게 진격했다.,勇敢,,용감,용감
4급,105,2024-05-25,31,dokum,다음 밑줄 친 漢字語의 讀音을 쓰시오.,입학 서류 중에는 자격증 寫本을 첨부하도록 되어 있었다.,寫本,,사본,사본
4급,105,2024-05-25,32,dokum,다음 밑줄 친 漢字語의 讀音을 쓰시오.,정부는 지방의 그린벨트를 전면 解除한다고 발표했다.,解除,,해제,해제
4급,105,2024-05-25,33,hunum,다음 漢字의 訓과 音을 쓰시오.,泉,泉,,샘 천,샘 천
4급,105,2024-05-25,34,hunum,다음 漢字의 訓과 音을 쓰시오.,隊,隊,,무리 대,무리 대
4급,105,2024-05-25,35,hunum,다음 漢字의 訓과 音을 쓰시오.,迎,迎,,맞을 영,맞을 영
4급,105,2024-05-25,36,hunum,다음 漢字의 訓과 音을 쓰시오.,刑,刑,,형벌 형,형벌 형
4급,105,2024-05-25,37,hunum,다음 漢字의 訓과 音을 쓰시오.,易,易,,바꿀 역,바꿀 역
4급,105,2024-05-25,38,hunum,다음 漢字의 訓과 音을 쓰시오.,樣,樣,,모양 양,모양 양
4급,105,2024-05-25,39,hunum,다음 漢字의 訓과 音을 쓰시오.,儒,儒,,선비 유,선비 유
4급,105,2024-05-25,40,hunum,다음 漢字의 訓과 音을 쓰시오.,警,警,,깨우칠 경,깨우칠 경
4급,105,2024-05-25,41,hunum,다음 漢字의 訓과 音을 쓰시오.,輪,輪,,바퀴 륜,바퀴 륜
4급,105,2024-05-25,42,hunum,다음 漢字의 訓과 音을 쓰시오.,際,際,,즈음 제,즈음 제
4급,105,2024-05-25,43,hunum,다음 漢字의 訓과 音을 쓰시오.,至,至,,이를 지,이를 지
4급,105,2024-05-25,44,hunum,다음 漢字의 訓과 音을 쓰시오.,派,派,,갈래 파,갈래 파
4급,105,2024-05-25,45,hunum,다음 漢字의 訓과 音을 쓰시오.,犯,犯,,범할 범,범할 범
4급,105,2024-05-25,46,hunum,다음 漢字의 訓과 音을 쓰시오.,帶,帶,,띠 대,띠 대
4급,105,2024-05-25,47,hunum,다음 漢字의 訓과 音을 쓰시오.,帳,帳,,장막 장,장막 장
4급,105,2024-05-25,48,hunum,다음 漢字의 訓과 音을 쓰시오.,豫,豫,,미리 예,미리 예
4급,105,2024-05-25,49,hunum,다음 漢字의 訓과 音을 쓰시오.,劇,劇,,심할 극,심할 극
4급,105,2024-05-25,50,hunum,다음 漢字의 訓과 音을 쓰시오.,康,康,,편안 강,편안 강
4급,105,2024-05-25,51,hunum,다음 漢字의 訓과 音을 쓰시오.,辭,辭,,말씀 사,말씀 사
4급,105,2024-05-25,52,hunum,다음 漢字의 訓과 音을 쓰시오.,卵,卵,,알 란,알 란
4급,105,2024-05-25,53,hunum,다음 漢字의 訓과 音을 쓰시오.,麗,麗,,고울 려,고울 려
4급,105,2024-05-25,54,hunum,다음 漢字의 訓과 音을 쓰시오.,傾,傾,,기울 경,기울 경
4급,105,2024-05-25,55,bushu,다음 漢字의 部首를 쓰시오.,叔,叔,,又,又
4급,105,2024-05-25,56,bushu,다음 漢字의 部首를 쓰시오.,系,系,,糸,糸
4급,105,2024-05-25,57,bushu,다음 漢字의 部首를 쓰시오.,張,張,,弓,弓
4급,105,2024-05-25,58,yakja,다음 漢字의 略字를 쓰시오.,發,發,,発,発
4급,105,2024-05-25,59,yakja,다음 漢字의 略字를 쓰시오.,戰,戰,,戦,戦
4급,105,2024-05-25,60,yakja,다음 漢字의 略字를 쓰시오.,變,變,,変,変
4급,105,2024-05-25,61,jangum,다음 漢字語 중 첫소리가 長音인 것을 가려 그 번호를 쓰시오.,,,"[""① 訪問"", ""② 房門""]",①,①
4급,105,2024-05-25,62,jangum,다음 漢字語 중 첫소리가 長音인 것을 가려 그 번호를 쓰시오.,,,"[""① 上官"", ""② 相關""]",①,①
4급,105,2024-05-25,63,jangum,다음 漢字語 중 첫소리가 長音인 것을 가려 그 번호를 쓰시오.,,,"[""① 圖章"", ""② 道場""]",②,②
4급,105,2024-05-25,64,banui,다음 漢字와 뜻이 반대(또는 상대)되는 漢字를 (  ) 속에 적어 문장을 완성하시오.,찬물과 더운물에 교대로 (  )溫 족욕을 하면 혈액 순환에 도움이 된다.,溫,,冷,冷
4급,105,2024-05-25,65,banui,다음 漢字와 뜻이 반대(또는 상대)되는 漢字를 (  ) 속에 적어 문장을 완성하시오.,이곳의 교통 혼잡은 (  )夜를 가리지 않고 지속된다.,夜,,晝,晝
4급,105,2024-05-25,66,banui,다음 漢字와 뜻이 반대(또는 상대)되는 漢字를 (  ) 속에 적어 문장을 완성하시오.,경제학자들은 昨(  )의 세계 정세에 촉각을 곤두세우고 있다.,昨,,今,今
4급,105,2024-05-25,67,yui,다음 漢字와 뜻이 같거나 비슷한 漢字를 (  ) 속에 적어 문장을 완성하시오.,"그 사람은 천문, 지리에 관해서는 모든 것을 (  )達했다.",達,,通,通
4급,105,2024-05-25,68,yui,다음 漢字와 뜻이 같거나 비슷한 漢字를 (  ) 속에 적어 문장을 완성하시오.,할머니의 年(  )는 여든이 넘으셨다.,年,,歲,歲
4급,105,2024-05-25,69,yui,다음 漢字와 뜻이 같거나 비슷한 漢字를 (  ) 속에 적어 문장을 완성하시오.,일제 강점기에 우리 민족은 자주독립의 (  )志를 굽히지 않았다.,志,,意,意
4급,105,2024-05-25,70,dongeum,다음 (  ) 속 단어의 同音語를 주어진 뜻에 맞게 漢字로 쓰시오.,(監丁) - 어떤 현상이나 일에 대하여 일어나는 마음이나 느끼는 기분.,監丁,,感情,感情
4급,105,2024-05-25,71,dongeum,다음 (  ) 속 단어의 同音語를 주어진 뜻에 맞게 漢字로 쓰시오.,(虛家) - 행동이나 일을 하도록 허용함.,虛家,,許可,許可
4급,105,2024-05-25,72,dongeum,다음 (  ) 속 단어의 同音語를 주어진 뜻에 맞게 漢字로 쓰시오.,(寸部) - 시골에 사는 남자.,寸部,,村夫,村夫
4급,105,2024-05-25,73,uut_select,다음 漢字語의 뜻을 <보기>에서 찾아 그 번호를 쓰시오.,長指,長指,"[""① 한 학급을 책임지고 맡아봄."", ""② 미루어 짐작함."", ""③ 물체를 밀어 앞으로 내보냄."", ""④ 가운뎃손가락."", ""⑤ 길고 가느다란 지팡이."", ""⑥ 맡아서 보증함.""]",④,④
4급,105,2024-05-25,74,uut_select,다음 漢字語의 뜻을 <보기>에서 찾아 그 번호를 쓰시오.,推進,推進,"[""① 한 학급을 책임지고 맡아봄."", ""② 미루어 짐작함."", ""③ 물체를 밀어 앞으로 내보냄."", ""④ 가운뎃손가락."", ""⑤ 길고 가느다란 지팡이."", ""⑥ 맡아서 보증함.""]",③,③
4급,105,2024-05-25,75,uut_select,다음 漢字語의 뜻을 <보기>에서 찾아 그 번호를 쓰시오.,擔保,擔保,"[""① 한 학급을 책임지고 맡아봄."", ""② 미루어 짐작함."", ""③ 물체를 밀어 앞으로 내보냄."", ""④ 가운뎃손가락."", ""⑤ 길고 가느다란 지팡이."", ""⑥ 맡아서 보증함.""]",⑥,⑥
4급,105,2024-05-25,76,seong-eo,다음 ( ) 안에 해당하는 漢字를 적어 성어를 완성하시오.,(풍)前燈火 : 바람 앞의 등불.,(풍)前燈火,,風,風
4급,105,2024-05-25,77,seong-eo,다음 ( ) 안에 해당하는 漢字를 적어 성어를 완성하시오.,行動(거)止 : 몸을 움직이거나 멈춰 하는 모든 짓.,行動(거)止,,擧,擧
4급,105,2024-05-25,78,seong-eo,다음 ( ) 안에 해당하는 漢字를 적어 성어를 완성하시오.,適(재)適所 : 알맞은 인재를 알맞은 자리에 씀.,適(재)適所,,材,材
4급,105,2024-05-25,79,seong-eo,다음 ( ) 안에 해당하는 漢字를 적어 성어를 완성하시오.,知(과)必改 : 자신이 한 일의 잘못을 알면 반드시 고쳐야 함.,知(과)必改,,過,過
4급,105,2024-05-25,80,seong-eo,다음 ( ) 안에 해당하는 漢字를 적어 성어를 완성하시오.,一字無(식) : 한 글자도 알지 못함.,一字無(식),,識,識
4급,105,2024-05-25,81,hanjaeo_write,다음 각 문장의 밑줄 친 漢字語를 漢字로 쓰시오.,이 금관은 화려한 신라 귀족 문화의 특질을 반영하고 있다.,특질,,特質,特質
4급,105,2024-05-25,82,hanjaeo_write,다음 각 문장의 밑줄 친 漢字語를 漢字로 쓰시오.,그는 어릴 적부터 탐험가가 되겠다는 야망을 품었다.,야망,,野望,野望
4급,105,2024-05-25,83,hanjaeo_write,다음 각 문장의 밑줄 친 漢字語를 漢字로 쓰시오.,간판까지 내걸자 마침내 사무실이 구색을 갖추게 되었다.,구색,,具色,具色
4급,105,2024-05-25,84,hanjaeo_write,다음 각 문장의 밑줄 친 漢字語를 漢字로 쓰시오.,그 자매는 너무 닮아서 잘 구별되지 않는다.,구별,,區別,區別
4급,105,2024-05-25,85,hanjaeo_write,다음 각 문장의 밑줄 친 漢字語를 漢字로 쓰시오.,영수는 친구들 앞에서 유행가 한 곡조를 멋지게 뽑았다.,곡조,,曲調,曲調
4급,105,2024-05-25,86,hanjaeo_write,다음 각 문장의 밑줄 친 漢字語를 漢字로 쓰시오.,이성계는 조선의 개국에 힘쓴 신하들에게 큰 상을 주었다.,개국,,開國,開國
4급,105,2024-05-25,87,hanjaeo_write,다음 각 문장의 밑줄 친 漢字語를 漢字로 쓰시오.,아기가 감기에 걸렸는지 체열이 높다.,체열,,體熱,體熱
4급,105,2024-05-25,88,hanjaeo_write,다음 각 문장의 밑줄 친 漢字語를 漢字로 쓰시오.,쓰레기 분리수거 문제를 반상회의 안건으로 올렸다.,안건,,案件,案件
4급,105,2024-05-25,89,hanjaeo_write,다음 각 문장의 밑줄 친 漢字語를 漢字로 쓰시오.,그는 이 분야에 있어서는 자타가 다 알아주는 전문가이다.,자타,,自他,自他
4급,105,2024-05-25,90,hanjaeo_write,다음 각 문장의 밑줄 친 漢字語를 漢字로 쓰시오.,어제 내린 눈으로 도로에 결빙 구간이 많다.,결빙,,結氷,結氷
4급,105,2024-05-25,91,hanjaeo_write,다음 각 문장의 밑줄 친 漢字語를 漢字로 쓰시오.,그 일을 처리하는 데 삼 주일이나 걸렸다.,주일,,週日,週日
4급,105,2024-05-25,92,hanjaeo_write,다음 각 문장의 밑줄 친 漢字語를 漢字로 쓰시오.,그는 이번 전시회를 통해 작가로서의 역량을 인정받았다.,역량,,力量,力量
4급,105,2024-05-25,93,hanjaeo_write,다음 각 문장의 밑줄 친 漢字語를 漢字로 쓰시오.,장관은 전문가들의 의견을 두루 참고하여 결론을 내렸다.,참고,,參考,參考
4급,105,2024-05-25,94,hanjaeo_write,다음 각 문장의 밑줄 친 漢字語를 漢字로 쓰시오.,그는 어떤 일을 하든지 간에 원칙을 지키려고 노력한다.,원칙,,原則,原則
4급,105,2024-05-25,95,hanjaeo_write,다음 각 문장의 밑줄 친 漢字語를 漢字로 쓰시오.,이 길로 가면 고속도로와 만난다.,고속,,高速,高速
4급,105,2024-05-25,96,hanjaeo_write,다음 각 문장의 밑줄 친 漢字語를 漢字로 쓰시오.,생물은 크게 동물과 식물로 분류된다.,분류,,分類,分類
4급,105,2024-05-25,97,hanjaeo_write,다음 각 문장의 밑줄 친 漢字語를 漢字로 쓰시오.,그 집은 북향으로 지어졌다.,북향,,北向,北向
4급,105,2024-05-25,98,hanjaeo_write,다음 각 문장의 밑줄 친 漢字語를 漢字로 쓰시오.,빙하에서 발견된 맘모스 사체의 사인은 밝혀지지 않았다.,사인,,死因,死因
4급,105,2024-05-25,99,hanjaeo_write,다음 각 문장의 밑줄 친 漢字語를 漢字로 쓰시오.,사설시조는 각 장의 길이가 길어진 시조 형식이다.,형식,,形式,形式
4급,105,2024-05-25,100,hanjaeo_write,다음 각 문장의 밑줄 친 漢字語를 漢字로 쓰시오.,소형차는 유지비가 절약되는 장점이 있다.,절약,,節約,節約
4급,104,2024-02-24,1,dokum,다음 밑줄 친 漢字語의 讀音을 쓰시오.,나는 군대 시절에 射擊 대회에서 여러 번 우승했다.,射擊,,사격,사격
4급,104,2024-02-24,2,dokum,다음 밑줄 친 漢字語의 讀音을 쓰시오.,과속으로 주행하면 燃料의 낭비가 심하다.,燃料,,연료,연료
4급,104,2024-02-24,3,dokum,다음 밑줄 친 漢字語의 讀音을 쓰시오.,할머니는 어려운 環境에서도 손자 둘을 잘 보살피셨다.,環境,,환경,환경
4급,104,2024-02-24,4,dokum,다음 밑줄 친 漢字語의 讀音을 쓰시오.,그녀는 벌써 10년째 郵票 수집을 하고 있다.,郵票,,우표,우표
4급,104,2024-02-24,5,dokum,다음 밑줄 친 漢字語의 讀音을 쓰시오.,나는 일주일 休暇를 받아 자원 봉사를 다녀왔다.,休暇,,휴가,휴가
4급,104,2024-02-24,6,dokum,다음 밑줄 친 漢字語의 讀音을 쓰시오.,그 글은 금강산의 높고 아름다움을 매우 簡潔하게 표현했다.,簡潔,,간결,간결
4급,104,2024-02-24,7,dokum,다음 밑줄 친 漢字語의 讀音을 쓰시오.,그녀는 생김새가 둥글둥글한 게 厚德해 보였다.,厚德,,후덕,후덕
4급,104,2024-02-24,8,dokum,다음 밑줄 친 漢字語의 讀音을 쓰시오.,우리 회사는 자격증 소지자를 채용에서 優待한다.,優待,,우대,우대
4급,104,2024-02-24,9,dokum,다음 밑줄 친 漢字語의 讀音을 쓰시오.,가족은 血緣적 관계를 맺는 사람들로 이루어진다.,血緣,,혈연,혈연
4급,104,2024-02-24,10,dokum,다음 밑줄 친 漢字語의 讀音을 쓰시오.,트럭 한 대가 빗길에 미끄러져 중앙선을 侵犯하였다.,侵犯,,침범,침범
4급,104,2024-02-24,11,dokum,다음 밑줄 친 漢字語의 讀音을 쓰시오.,여기 나의 주장을 뒷받침할 확실한 證據가 있다.,證據,,증거,증거
4급,104,2024-02-24,12,dokum,다음 밑줄 친 漢字語의 讀音을 쓰시오.,요즘은 사람들이 외출을 꺼리니 거리가 閑散하다.,閑散,,한산,한산
4급,104,2024-02-24,13,dokum,다음 밑줄 친 漢字語의 讀音을 쓰시오.,그는 한적한 시골에서 隱居하고 있다.,隱居,,은거,은거
4급,104,2024-02-24,14,dokum,다음 밑줄 친 漢字語의 讀音을 쓰시오.,이번 행사는 시민들의 協助로 무사히 치러졌다.,協助,,협조,협조
4급,104,2024-02-24,15,dokum,다음 밑줄 친 漢字語의 讀音을 쓰시오.,그녀는 물건을 예쁜 종이로 잘 包裝하였다.,包裝,,포장,포장
4급,104,2024-02-24,16,dokum,다음 밑줄 친 漢字語의 讀音을 쓰시오.,그는 젊은 시절 炭鑛에서 광부로 일한 적이 있다.,炭鑛,,탄광,탄광
4급,104,2024-02-24,17,dokum,다음 밑줄 친 漢字語의 讀音을 쓰시오.,연안 여객 항로에 쾌속선이 잇따라 就航하였다.,就航,,취항,취항
4급,104,2024-02-24,18,dokum,다음 밑줄 친 漢字語의 讀音을 쓰시오.,김 대리는 오늘 몸이 너무 아파서 缺勤을 했다.,缺勤,,결근,결근
4급,104,2024-02-24,19,dokum,다음 밑줄 친 漢字語의 讀音을 쓰시오.,정보기관에서 적국의 전화를 盜聽한 것으로 밝혀졌다.,盜聽,,도청,도청
4급,104,2024-02-24,20,dokum,다음 밑줄 친 漢字語의 讀音을 쓰시오.,모든 의원이 탈당을 하는 상황에 그는 殘留를 선언했다.,殘留,,잔류,잔류
4급,104,2024-02-24,21,dokum,다음 밑줄 친 漢字語의 讀音을 쓰시오.,상황이 어렵다고 恨歎만 해서는 해결되는 것이 없다.,恨歎,,한탄,한탄
4급,104,2024-02-24,22,dokum,다음 밑줄 친 漢字語의 讀音을 쓰시오.,군인에게 있어서 부대의 離脫은 있을 수 없는 일이다.,離脫,,이탈,이탈
4급,104,2024-02-24,23,dokum,다음 밑줄 친 漢字語의 讀音을 쓰시오.,쾌적한 수면을 위해서는 좋은 寢具를 사용해야 한다.,寢具,,침구,침구
4급,104,2024-02-24,24,dokum,다음 밑줄 친 漢字語의 讀音을 쓰시오.,추석은 먹을거리가 豊盛한 명절이다.,豊盛,,풍성,풍성
4급,104,2024-02-24,25,dokum,다음 밑줄 친 漢字語의 讀音을 쓰시오.,그는 술을 먹고 亂暴 운전을 해 큰 사고를 냈다.,亂暴,,난폭,난폭
4급,104,2024-02-24,26,dokum,다음 밑줄 친 漢字語의 讀音을 쓰시오.,지연이는 선생님께 稱讚을 받은 것이 기뻤다.,稱讚,,칭찬,칭찬
4급,104,2024-02-24,27,dokum,다음 밑줄 친 漢字語의 讀音을 쓰시오.,김 박사는 연구 주제의 範囲를 좁혔다.,範囲,,범위,범위
4급,104,2024-02-24,28,dokum,다음 밑줄 친 漢字語의 讀音을 쓰시오.,이곳에 오신 여러분을 歡迎합니다.,歡迎,,환영,환영
4급,104,2024-02-24,29,dokum,다음 밑줄 친 漢字語의 讀音을 쓰시오.,이 논문은 국문학 발전에 커다란 寄與를 했다.,寄與,,기여,기여
4급,104,2024-02-24,30,dokum,다음 밑줄 친 漢字語의 讀音을 쓰시오.,형사들이 그를 그림자처럼 따라다니며 監視하였다.,監視,,감시,감시
4급,104,2024-02-24,31,dokum,다음 밑줄 친 漢字語의 讀音을 쓰시오.,주전 선수의 負傷으로 시합을 기권하였다.,負傷,,부상,부상
4급,104,2024-02-24,32,dokum,다음 밑줄 친 漢字語의 讀音을 쓰시오.,그는 아무리 複雜한 기계도 능숙하게 다루었다.,複雜,,복잡,복잡
4급,104,2024-02-24,33,hunum,다음 漢字의 訓과 音을 쓰시오.,織,織,,짤 직,짤 직
4급,104,2024-02-24,34,hunum,다음 漢字의 訓과 音을 쓰시오.,損,損,,덜 손,덜 손
4급,104,2024-02-24,35,hunum,다음 漢字의 訓과 音을 쓰시오.,怒,怒,,성낼 노,성낼 노
4급,104,2024-02-24,36,hunum,다음 漢字의 訓과 音을 쓰시오.,謠,謠,,노래 요,노래 요
4급,104,2024-02-24,37,hunum,다음 漢字의 訓과 音을 쓰시오.,灰,灰,,재 회,재 회
4급,104,2024-02-24,38,hunum,다음 漢字의 訓과 音을 쓰시오.,納,納,,들일 납,들일 납
4급,104,2024-02-24,39,hunum,다음 漢字의 訓과 音을 쓰시오.,資,資,,재물 자,재물 자
4급,104,2024-02-24,40,hunum,다음 漢字의 訓과 音을 쓰시오.,粉,粉,,가루 분,가루 분
4급,104,2024-02-24,41,hunum,다음 漢字의 訓과 音을 쓰시오.,鉛,鉛,,납 연,납 연
4급,104,2024-02-24,42,hunum,다음 漢字의 訓과 音을 쓰시오.,糧,糧,,양식 량,양식 량
4급,104,2024-02-24,43,hunum,다음 漢字의 訓과 音을 쓰시오.,持,持,,가질 지,가질 지
4급,104,2024-02-24,44,hunum,다음 漢字의 訓과 音을 쓰시오.,婚,婚,,혼인할 혼,혼인할 혼
4급,104,2024-02-24,45,hunum,다음 漢字의 訓과 音을 쓰시오.,遺,遺,,남길 유,남길 유
4급,104,2024-02-24,46,hunum,다음 漢字의 訓과 音을 쓰시오.,徒,徒,,무리 도,무리 도
4급,104,2024-02-24,47,hunum,다음 漢字의 訓과 音을 쓰시오.,筋,筋,,힘줄 근,힘줄 근
4급,104,2024-02-24,48,hunum,다음 漢字의 訓과 音을 쓰시오.,輪,輪,,바퀴 륜,바퀴 륜
4급,104,2024-02-24,49,hunum,다음 漢字의 訓과 音을 쓰시오.,盡,盡,,다할 진,다할 진
4급,104,2024-02-24,50,hunum,다음 漢字의 訓과 音을 쓰시오.,慮,慮,,생각할 려,생각할 려
4급,104,2024-02-24,51,hunum,다음 漢字의 訓과 音을 쓰시오.,姉,姉,,손윗누이 자,손윗누이 자
4급,104,2024-02-24,52,hunum,다음 漢字의 訓과 音을 쓰시오.,應,應,,응할 응,응할 응
4급,104,2024-02-24,53,hunum,다음 漢字의 訓과 音을 쓰시오.,舌,舌,,혀 설,혀 설
4급,104,2024-02-24,54,hunum,다음 漢字의 訓과 音을 쓰시오.,味,味,,맛 미,맛 미
4급,104,2024-02-24,55,bushu,다음 漢字의 部首를 쓰시오.,乳,乳,,乙,乙
4급,104,2024-02-24,56,bushu,다음 漢字의 部首를 쓰시오.,平,平,,干,干
4급,104,2024-02-24,57,bushu,다음 漢字의 部首를 쓰시오.,鼻,鼻,,鼻,鼻
4급,104,2024-02-24,58,yakja,다음 漢字의 略字를 쓰시오.,卒,卒,,卆,卆
4급,104,2024-02-24,59,yakja,다음 漢字의 略字를 쓰시오.,獨,獨,,独,独
4급,104,2024-02-24,60,yakja,다음 漢字의 略字를 쓰시오.,舊,舊,,旧,旧
4급,104,2024-02-24,61,jangum,다음 漢字語 중 첫소리가 長音인 것을 가려 그 번호를 쓰시오.,,,"[""① 所費"", ""② 消費""]",①,①
4급,104,2024-02-24,62,jangum,다음 漢字語 중 첫소리가 長音인 것을 가려 그 번호를 쓰시오.,,,"[""① 婦人"", ""② 否認""]",②,②
4급,104,2024-02-24,63,jangum,다음 漢字語 중 첫소리가 長音인 것을 가려 그 번호를 쓰시오.,,,"[""① 祭儀"", ""② 提議""]",①,①
4급,104,2024-02-24,64,banui,다음 漢字와 뜻이 반대(또는 상대)되는 漢字를 (  ) 속에 적어 문장을 완성하시오.,그녀는 무엇이 그리 좋은지 始(  ) 입가에 웃음을 띠었다.,始,,終,終
4급,104,2024-02-24,65,banui,다음 漢字와 뜻이 반대(또는 상대)되는 漢字를 (  ) 속에 적어 문장을 완성하시오.,저 청년은 백화점에서 승강기 문을 (  )閉하는 일을 했었다.,閉,,開,開
4급,104,2024-02-24,66,banui,다음 漢字와 뜻이 반대(또는 상대)되는 漢字를 (  ) 속에 적어 문장을 완성하시오.,우리의 전통 사회는 (  )常이 구별되는 계급 사회였다.,常,,班,班
4급,104,2024-02-24,67,yui,다음 漢字와 뜻이 같거나 비슷한 漢字를 (  ) 속에 적어 문장을 완성하시오.,국가 정책은 장기적 眼(  )을 바탕으로 수립되어야 한다.,眼,,目,目
4급,104,2024-02-24,68,yui,다음 漢字와 뜻이 같거나 비슷한 漢字를 (  ) 속에 적어 문장을 완성하시오.,그는 자신의 (  )誤를 뉘우치며 눈물을 흘렸다.,誤,,過,過
4급,104,2024-02-24,69,yui,다음 漢字와 뜻이 같거나 비슷한 漢字를 (  ) 속에 적어 문장을 완성하시오.,적성을 살펴서 전공이나 직업을 (  )擇하여야 한다.,擇,,選,選
4급,104,2024-02-24,70,dongeum,다음 (  ) 속 단어의 同音語를 주어진 뜻에 맞게 漢字로 쓰시오.,(電氣) - 한 사람의 일생 동안의 행적을 적은 기록.,電氣,,傳記,傳記
4급,104,2024-02-24,71,dongeum,다음 (  ) 속 단어의 同音語를 주어진 뜻에 맞게 漢字로 쓰시오.,(謝禮) - 어떤 일이 전에 실제로 일어난 예.,謝禮,,事例,事例
4급,104,2024-02-24,72,dongeum,다음 (  ) 속 단어의 同音語를 주어진 뜻에 맞게 漢字로 쓰시오.,(整地) - 움직이고 있던 것이 멎거나 그침.,整地,,停止,停止
4급,104,2024-02-24,73,uut_select,다음 漢字語의 뜻을 <보기>에서 찾아 그 번호를 쓰시오.,除雪,除雪,"[""① 인공적으로 눈을 만듦."", ""② 이른 시기."", ""③ 아침 일찍 일어남."", ""④ 씩씩하고 굳센 기운."", ""⑤ 쌓인 눈을 치움. 또는 그런 일."", ""⑥ 물건을 담는 그릇.""]",⑤,⑤
4급,104,2024-02-24,74,uut_select,다음 漢字語의 뜻을 <보기>에서 찾아 그 번호를 쓰시오.,早起,早起,"[""① 인공적으로 눈을 만듦."", ""② 이른 시기."", ""③ 아침 일찍 일어남."", ""④ 씩씩하고 굳센 기운."", ""⑤ 쌓인 눈을 치움. 또는 그런 일."", ""⑥ 물건을 담는 그릇.""]",③,③
4급,104,2024-02-24,75,uut_select,다음 漢字語의 뜻을 <보기>에서 찾아 그 번호를 쓰시오.,容器,容器,"[""① 인공적으로 눈을 만듦."", ""② 이른 시기."", ""③ 아침 일찍 일어남."", ""④ 씩씩하고 굳센 기운."", ""⑤ 쌓인 눈을 치움. 또는 그런 일."", ""⑥ 물건을 담는 그릇.""]",⑥,⑥
4급,104,2024-02-24,76,seong-eo,다음 ( ) 안에 해당하는 漢字를 적어 성어를 완성하시오.,忠言逆(이) : 충직한 말은 귀에 거슬림.,忠言逆(이),,耳,耳
4급,104,2024-02-24,77,seong-eo,다음 ( ) 안에 해당하는 漢字를 적어 성어를 완성하시오.,孤立(무)援 : 고립되어 도움을 받을 데가 없음.,孤立(무)援,,無,無
4급,104,2024-02-24,78,seong-eo,다음 ( ) 안에 해당하는 漢字를 적어 성어를 완성하시오.,善(인)善果 : 선업을 쌓으면 반드시 좋은 과보가 따름.,善(인)善果,,因,因
4급,104,2024-02-24,79,seong-eo,다음 ( ) 안에 해당하는 漢字를 적어 성어를 완성하시오.,必有(곡)折 : 반드시 무슨 까닭이 있음.,必有(곡)折,,曲,曲
4급,104,2024-02-24,80,seong-eo,다음 ( ) 안에 해당하는 漢字를 적어 성어를 완성하시오.,見利(사)義 : 눈앞의 이익을 보면 의리를 먼저 생각함.,見利(사)義,,思,思
4급,104,2024-02-24,81,hanjaeo_write,다음 각 문장의 밑줄 친 漢字語를 漢字로 쓰시오.,여기서 반대편으로 가려면 육교를 건너야 한다.,육교,,陸橋,陸橋
4급,104,2024-02-24,82,hanjaeo_write,다음 각 문장의 밑줄 친 漢字語를 漢字로 쓰시오.,아버님께서는 숙환으로 고생하시다가 별세하셨다.,숙환,,宿患,宿患
4급,104,2024-02-24,83,hanjaeo_write,다음 각 문장의 밑줄 친 漢字語를 漢字로 쓰시오.,농민에게는 땀 흘린 만큼의 대가가 돌아가야 한다.,대가,,代價,代價
4급,104,2024-02-24,84,hanjaeo_write,다음 각 문장의 밑줄 친 漢字語를 漢字로 쓰시오.,그는 도서관에 가서 참고 서적을 열람했다.,참고,,參考,參考
4급,104,2024-02-24,85,hanjaeo_write,다음 각 문장의 밑줄 친 漢字語를 漢字로 쓰시오.,경찰은 음주 운전 단속을 크게 강화하였다.,단속,,團束,團束
4급,104,2024-02-24,86,hanjaeo_write,다음 각 문장의 밑줄 친 漢字語를 漢字로 쓰시오.,물은 섭씨 100도까지 가열되기 전에는 끓지 않는다.,가열,,加熱,加熱
4급,104,2024-02-24,87,hanjaeo_write,다음 각 문장의 밑줄 친 漢字語를 漢字로 쓰시오.,작은 상점에 난 불이 시장 전체에 번졌다.,상점,,商店,商店
4급,104,2024-02-24,88,hanjaeo_write,다음 각 문장의 밑줄 친 漢字語를 漢字로 쓰시오.,사람들의 축하와 축복 속에서 결혼식이 거행되었다.,축복,,祝福,祝福
4급,104,2024-02-24,89,hanjaeo_write,다음 각 문장의 밑줄 친 漢字語를 漢字로 쓰시오.,그 영화는 천만 관객을 동원해서 화제가 됐다.,관객,,觀客,觀客
4급,104,2024-02-24,90,hanjaeo_write,다음 각 문장의 밑줄 친 漢字語를 漢字로 쓰시오.,그녀는 나에게 오후에나 도착한다고 말했다.,도착,,到着,到着
4급,104,2024-02-24,91,hanjaeo_write,다음 각 문장의 밑줄 친 漢字語를 漢字로 쓰시오.,우리 팀은 상대를 가볍게 이기고 결승에 진출했다.,결승,,決勝,決勝
4급,104,2024-02-24,92,hanjaeo_write,다음 각 문장의 밑줄 친 漢字語를 漢字로 쓰시오.,그들은 생도 시절부터 돈독한 우정을 쌓은 전우이다.,우정,,友情,友情
4급,104,2024-02-24,93,hanjaeo_write,다음 각 문장의 밑줄 친 漢字語를 漢字로 쓰시오.,근대 사회로 넘어오면서 귀족 계급이 붕괴되었다.,귀족,,貴族,貴族
4급,104,2024-02-24,94,hanjaeo_write,다음 각 문장의 밑줄 친 漢字語를 漢字로 쓰시오.,우리는 낙엽을 주워 책갈피에 꽂아 두었다.,낙엽,,落葉,落葉
4급,104,2024-02-24,95,hanjaeo_write,다음 각 문장의 밑줄 친 漢字語를 漢字로 쓰시오.,지구가 온난화되면서 빙하가 녹아 해수면이 상승했다.,빙하,,氷河,氷河
4급,104,2024-02-24,96,hanjaeo_write,다음 각 문장의 밑줄 친 漢字語를 漢字로 쓰시오.,선생님이 이번 중간고사의 모범 답안을 나눠주셨다.,답안,,答案,答案
4급,104,2024-02-24,97,hanjaeo_write,다음 각 문장의 밑줄 친 漢字語를 漢字로 쓰시오.,우리는 한옥에 살다가 이번에 양옥으로 이사했다.,양옥,,洋屋,洋屋
4급,104,2024-02-24,98,hanjaeo_write,다음 각 문장의 밑줄 친 漢字語를 漢字로 쓰시오.,이 일은 내가 무조건하고 책임을 지겠다.,책임,,責任,責任
4급,104,2024-02-24,99,hanjaeo_write,다음 각 문장의 밑줄 친 漢字語를 漢字로 쓰시오.,그는 전 재산을 털어 고아원에 기증했다.,재산,,財産,財産
4급,104,2024-02-24,100,hanjaeo_write,다음 각 문장의 밑줄 친 漢字語를 漢字로 쓰시오.,이 기숙사는 각 방마다 욕실과 화장실을 갖추고 있다.,욕실,,浴室,浴室
4급,103,2023-11-11,1,dokum,다음 밑줄 친 漢字語의 讀音을 쓰시오.,영희는 친구에게 줄 생일 선물을 예쁘게 包裝하였다.,包裝,,포장,포장
4급,103,2023-11-11,2,dokum,다음 밑줄 친 漢字語의 讀音을 쓰시오.,口碑 문학은 사람의 입에서 입으로 전달된 문학 양식이다.,口碑,,구비,구비
4급,103,2023-11-11,3,dokum,다음 밑줄 친 漢字語의 讀音을 쓰시오.,정부는 경제 불황을 打開하기 위해 각종 대안을 마련하였다.,打開,,타개,타개
4급,103,2023-11-11,4,dokum,다음 밑줄 친 漢字語의 讀音을 쓰시오.,제트기 두 대가 폭음을 내며 低空으로 비행하였다.,低空,,저공,저공
4급,103,2023-11-11,5,dokum,다음 밑줄 친 漢字語의 讀音을 쓰시오.,그는 자신의 주장을 뒷받침할만한 根據를 대지 못했다.,根據,,근거,근거
4급,103,2023-11-11,6,dokum,다음 밑줄 친 漢字語의 讀音을 쓰시오.,빗길에서는 안전 運轉에 특히 주의해야 한다.,運轉,,운전,운전
4급,103,2023-11-11,7,dokum,다음 밑줄 친 漢字語의 讀音을 쓰시오.,청동기 시대의 것으로 推測되는 토기가 발견되었다.,推測,,추측,추측
4급,103,2023-11-11,8,dokum,다음 밑줄 친 漢字語의 讀音을 쓰시오.,수족관에는 갖가지 模樣과 색깔의 물고기가 노닐었다.,模樣,,모양,모양
4급,103,2023-11-11,9,dokum,다음 밑줄 친 漢字語의 讀音을 쓰시오.,민수는 감기에 걸려 惡寒과 고열에 시달렸다.,惡寒,,오한,오한
4급,103,2023-11-11,10,dokum,다음 밑줄 친 漢字語의 讀音을 쓰시오.,적자생존은 자연 생태계의 冷嚴한 현실이다.,冷嚴,,냉엄,냉엄
4급,103,2023-11-11,11,dokum,다음 밑줄 친 漢字語의 讀音을 쓰시오.,김 대리는 오늘 하루 종일 서류 整理를 하였다.,整理,,정리,정리
4급,103,2023-11-11,12,dokum,다음 밑줄 친 漢字語의 讀音을 쓰시오.,그 일에 대해 영수는 始終 침묵으로 일관했다.,始終,,시종,시종
4급,103,2023-11-11,13,dokum,다음 밑줄 친 漢字語의 讀音을 쓰시오.,그 배우는 시청자들에게서 최고의 연기자라고 讚辭를 받는다.,讚辭,,찬사,찬사
4급,103,2023-11-11,14,dokum,다음 밑줄 친 漢字語의 讀音을 쓰시오.,그는 입학금을 마련하기 위해 별도로 積金을 들어 두었다.,積金,,적금,적금
4급,103,2023-11-11,15,dokum,다음 밑줄 친 漢字語의 讀音을 쓰시오.,나는 그 일을 깨끗이 斷念하기로 마음먹었다.,斷念,,단념,단념
4급,103,2023-11-11,16,dokum,다음 밑줄 친 漢字語의 讀音을 쓰시오.,나그네는 강가에서 울고 있는 여인에게 다가가 曲折을 물었다.,曲折,,곡절,곡절
4급,103,2023-11-11,17,dokum,다음 밑줄 친 漢字語의 讀音을 쓰시오.,해양 오염으로 멸종 危機에 놓인 바닷새들이 많다.,危機,,위기,위기
4급,103,2023-11-11,18,dokum,다음 밑줄 친 漢字語의 讀音을 쓰시오.,이 건물은 對稱의 미를 잘 표현하고 있다.,對稱,,대칭,대칭
4급,103,2023-11-11,19,dokum,다음 밑줄 친 漢字語의 讀音을 쓰시오.,잔잔한 수면에 돌을 던지니 波動이 일어났다.,波動,,파동,파동
4급,103,2023-11-11,20,dokum,다음 밑줄 친 漢字語의 讀音을 쓰시오.,고구려는 만주와 요동 땅을 두고 당나라와 血鬪를 벌였다.,血鬪,,혈투,혈투
4급,103,2023-11-11,21,dokum,다음 밑줄 친 漢字語의 讀音을 쓰시오.,새로 개발한 엔진은 연료 消費가 적다는 장점이 있다.,消費,,소비,소비
4급,103,2023-11-11,22,dokum,다음 밑줄 친 漢字語의 讀音을 쓰시오.,나는 그녀의 精誠 어린 선물에 감격했다.,精誠,,정성,정성
4급,103,2023-11-11,23,dokum,다음 밑줄 친 漢字語의 讀音을 쓰시오.,우리집 거실에는 커다란 가족 寫眞이 걸려 있다.,寫眞,,사진,사진
4급,103,2023-11-11,24,dokum,다음 밑줄 친 漢字語의 讀音을 쓰시오.,우리나라는 외래의 문화를 獨創的으로 발전시켰다.,獨創的,,독창적,독창적
4급,103,2023-11-11,25,dokum,다음 밑줄 친 漢字語의 讀音을 쓰시오.,춘천에는 인형극만 전문으로 공연하는 劇場이 있다.,劇場,,극장,극장
4급,103,2023-11-11,26,dokum,다음 밑줄 친 漢字語의 讀音을 쓰시오.,동생은 나갈 때마다 電燈 끄는 것을 잊어버린다.,電燈,,전등,전등
4급,103,2023-11-11,27,dokum,다음 밑줄 친 漢字語의 讀音을 쓰시오.,고을 수령의 폭정으로 백성들의 怨聲이 자자했다.,怨聲,,원성,원성
4급,103,2023-11-11,28,dokum,다음 밑줄 친 漢字語의 讀音을 쓰시오.,관광 안내소에서 이 지역 특산물에 대한 홍보 冊子를 구했다.,冊子,,책자,책자
4급,103,2023-11-11,29,dokum,다음 밑줄 친 漢字語의 讀音을 쓰시오.,인간의 문명은 자연에 適應해 가면서 이루어진 것이다.,適應,,적응,적응
4급,103,2023-11-11,30,dokum,다음 밑줄 친 漢字語의 讀音을 쓰시오.,원자 爆彈의 투하로 일본은 패색이 짙어 갔다.,爆彈,,폭탄,폭탄
4급,103,2023-11-11,31,dokum,다음 밑줄 친 漢字語의 讀音을 쓰시오.,그는 타향에서 젊은 날을 보내고 말년에 故鄕으로 돌아왔다.,故鄕,,고향,고향
4급,103,2023-11-11,32,dokum,다음 밑줄 친 漢字語의 讀音을 쓰시오.,전반 초반부터 한국 선수들이 일본 선수들을 거칠게 攻擊했다.,攻擊,,공격,공격
4급,103,2023-11-11,33,hunum,다음 漢字의 訓과 音을 쓰시오.,籍,籍,,문서 적,문서 적
4급,103,2023-11-11,34,hunum,다음 漢字의 訓과 音을 쓰시오.,聽,聽,,들을 청,들을 청
4급,103,2023-11-11,35,hunum,다음 漢字의 訓과 音을 쓰시오.,援,援,,도울 원,도울 원
4급,103,2023-11-11,36,hunum,다음 漢字의 訓과 音을 쓰시오.,傾,傾,,기울 경,기울 경
4급,103,2023-11-11,37,hunum,다음 漢字의 訓과 音을 쓰시오.,紅,紅,,붉을 홍,붉을 홍
4급,103,2023-11-11,38,hunum,다음 漢字의 訓과 音을 쓰시오.,灰,灰,,재 회,재 회
4급,103,2023-11-11,39,hunum,다음 漢字의 訓과 音을 쓰시오.,管,管,,대롱/주관할 관,대롱/주관할 관
4급,103,2023-11-11,40,hunum,다음 漢字의 訓과 音을 쓰시오.,環,環,,고리 환,고리 환
4급,103,2023-11-11,41,hunum,다음 漢字의 訓과 音을 쓰시오.,階,階,,섬돌 계,섬돌 계
4급,103,2023-11-11,42,hunum,다음 漢字의 訓과 音을 쓰시오.,粉,粉,,가루 분,가루 분
4급,103,2023-11-11,43,hunum,다음 漢字의 訓과 音을 쓰시오.,慰,慰,,위로할 위,위로할 위
4급,103,2023-11-11,44,hunum,다음 漢字의 訓과 音을 쓰시오.,群,群,,무리 군,무리 군
4급,103,2023-11-11,45,hunum,다음 漢字의 訓과 音을 쓰시오.,看,看,,볼 간,볼 간
4급,103,2023-11-11,46,hunum,다음 漢字의 訓과 音을 쓰시오.,勸,勸,,권할 권,권할 권
4급,103,2023-11-11,47,hunum,다음 漢字의 訓과 音을 쓰시오.,孤,孤,,외로울 고,외로울 고
4급,103,2023-11-11,48,hunum,다음 漢字의 訓과 音을 쓰시오.,批,批,,비평할 비,비평할 비
4급,103,2023-11-11,49,hunum,다음 漢字의 訓과 音을 쓰시오.,潮,潮,,밀물/조수 조,밀물/조수 조
4급,103,2023-11-11,50,hunum,다음 漢字의 訓과 音을 쓰시오.,憲,憲,,법 헌,법 헌
4급,103,2023-11-11,51,hunum,다음 漢字의 訓과 音을 쓰시오.,延,延,,늘일 연,늘일 연
4급,103,2023-11-11,52,hunum,다음 漢字의 訓과 音을 쓰시오.,就,就,,나아갈 취,나아갈 취
4급,103,2023-11-11,53,hunum,다음 漢字의 訓과 音을 쓰시오.,居,居,,살 거,살 거
4급,103,2023-11-11,54,hunum,다음 漢字의 訓과 音을 쓰시오.,組,組,,짤 조,짤 조
4급,103,2023-11-11,55,bushu,다음 漢字의 部首를 쓰시오.,痛,痛,,疒,疒
4급,103,2023-11-11,56,bushu,다음 漢字의 部首를 쓰시오.,伏,伏,,人,人
4급,103,2023-11-11,57,bushu,다음 漢字의 部首를 쓰시오.,姉,姉,,女,女
4급,103,2023-11-11,58,yakja,다음 漢字의 略字를 쓰시오.,賣,賣,,売,売
4급,103,2023-11-11,59,yakja,다음 漢字의 略字를 쓰시오.,廣,廣,,広,広
4급,103,2023-11-11,60,yakja,다음 漢字의 略字를 쓰시오.,當,當,,当,当
4급,103,2023-11-11,61,jangum,다음 單語 중 첫소리가 長音인 것을 가려 그 번호를 쓰시오.,,,"[""① 童詩"", ""② 同時""]",①,①
4급,103,2023-11-11,62,jangum,다음 單語 중 첫소리가 長音인 것을 가려 그 번호를 쓰시오.,,,"[""① 無用"", ""② 武勇""]",②,②
4급,103,2023-11-11,63,jangum,다음 單語 중 첫소리가 長音인 것을 가려 그 번호를 쓰시오.,,,"[""① 船首"", ""② 選手""]",②,②
4급,103,2023-11-11,64,banui,다음 밑줄 친 漢字와 뜻이 반대(또는 대립)되는 漢字를 (  ) 속에 적어 문장을 完成하시오.,우리는 회사의 (  )活을 걸고 상품 홍보에 적극적으로 나섰다.,活,,死,死
4급,103,2023-11-11,65,banui,다음 밑줄 친 漢字와 뜻이 반대(또는 대립)되는 漢字를 (  ) 속에 적어 문장을 完成하시오.,이 문제는 여러 학우들의 투표를 통해 (  )否를 결정하기로 했다.,否,,可,可
4급,103,2023-11-11,66,banui,다음 밑줄 친 漢字와 뜻이 반대(또는 대립)되는 漢字를 (  ) 속에 적어 문장을 完成하시오.,내일 있을 경기에서 최종 (  )負를 가르게 될 것이다.,負,,勝,勝
4급,103,2023-11-11,67,yui,다음 밑줄 친 漢字와 뜻이 같거나 비슷한 漢字를 (  ) 속에 적어 문장을 完成하시오.,그곳 숙소에는 온갖 주방 용품들이 (  )備되어 있었다.,備,,具,具
4급,103,2023-11-11,68,yui,다음 밑줄 친 漢字와 뜻이 같거나 비슷한 漢字를 (  ) 속에 적어 문장을 完成하시오.,막내 동생이 자꾸 말을 걸어 공부에 妨(  )가 되었다.,妨,,害,害
4급,103,2023-11-11,69,yui,다음 밑줄 친 漢字와 뜻이 같거나 비슷한 漢字를 (  ) 속에 적어 문장을 完成하시오.,참나무로 만든 그 장롱은 매우 堅(  )해 보였다.,堅,,固,固
4급,103,2023-11-11,70,dongeum,"다음 漢字語의 同音異義語를 漢字(正字)로 쓰되, 제시된 뜻에 맞추시오.",(複式) - 옷과 음식물.,複式,,服食,服食
4급,103,2023-11-11,71,dongeum,"다음 漢字語의 同音異義語를 漢字(正字)로 쓰되, 제시된 뜻에 맞추시오.",(憤氣) - 일 년을 4등분한 3개월씩의 기간.,憤氣,,分期,分期
4급,103,2023-11-11,72,dongeum,"다음 漢字語의 同音異義語를 漢字(正字)로 쓰되, 제시된 뜻에 맞추시오.",(郵政) - 친구 사이의 정.,郵政,,友情,友情
4급,103,2023-11-11,73,uut_select,다음 漢字語의 뜻을 <보기>에서 찾아 그 번호를 쓰시오.,誤判,誤判,"[""① 헤어져 흩어짐."", ""② 판판하고 넓게 켠 나뭇조각."", ""③ 평소와 다른 상태."", ""④ 규칙을 어김."", ""⑤ 범인을 잡아 가둠."", ""⑥ 잘못된 판단.""]",⑥,⑥
4급,103,2023-11-11,74,uut_select,다음 漢字語의 뜻을 <보기>에서 찾아 그 번호를 쓰시오.,犯則,犯則,"[""① 헤어져 흩어짐."", ""② 판판하고 넓게 켠 나뭇조각."", ""③ 평소와 다른 상태."", ""④ 규칙을 어김."", ""⑤ 범인을 잡아 가둠."", ""⑥ 잘못된 판단.""]",④,④
4급,103,2023-11-11,75,uut_select,다음 漢字語의 뜻을 <보기>에서 찾아 그 번호를 쓰시오.,離散,離散,"[""① 헤어져 흩어짐."", ""② 판판하고 넓게 켠 나뭇조각."", ""③ 평소와 다른 상태."", ""④ 규칙을 어김."", ""⑤ 범인을 잡아 가둠."", ""⑥ 잘못된 판단.""]",①,①
4급,103,2023-11-11,76,seong-eo,다음 (  ) 안의 글자를 漢字로 적어 四字成語를 完成하시오.,寸(철)殺人,철,,鐵,鐵
4급,103,2023-11-11,77,seong-eo,다음 (  ) 안의 글자를 漢字로 적어 四字成語를 完成하시오.,(우)耳讀經,우,,牛,牛
4급,103,2023-11-11,78,seong-eo,다음 (  ) 안의 글자를 漢字로 적어 四字成語를 完成하시오.,明鏡(지)水,지,,止,止
4급,103,2023-11-11,79,seong-eo,다음 (  ) 안의 글자를 漢字로 적어 四字成語를 完成하시오.,緣木求(어),어,,魚,魚
4급,103,2023-11-11,80,seong-eo,다음 (  ) 안의 글자를 漢字로 적어 四字成語를 完成하시오.,送(구)迎新,구,,舊,舊
4급,103,2023-11-11,81,hanjaeo_write,다음 각 문장의 밑줄 친 漢字語를 漢字로 쓰시오.,내일 선생님과 진로 문제를 상담하기로 하였다.,상담,,相談,相談
4급,103,2023-11-11,82,hanjaeo_write,다음 각 문장의 밑줄 친 漢字語를 漢字로 쓰시오.,우리는 발표할 순서를 제비뽑기로 정하였다.,순서,,順序,順序
4급,103,2023-11-11,83,hanjaeo_write,다음 각 문장의 밑줄 친 漢字語를 漢字로 쓰시오.,우리의 전래 놀이 중에는 마을의 단합을 다지는 것들이 많다.,단합,,團合,團合
4급,103,2023-11-11,84,hanjaeo_write,다음 각 문장의 밑줄 친 漢字語를 漢字로 쓰시오.,그들은 3박4일 동안 제주도를 여행하였다.,여행,,旅行,旅行
4급,103,2023-11-11,85,hanjaeo_write,다음 각 문장의 밑줄 친 漢字語를 漢字로 쓰시오.,장미는 숲의 요정이 재생한 꽃이라고도 한다.,재생,,再生,再生
4급,103,2023-11-11,86,hanjaeo_write,다음 각 문장의 밑줄 친 漢字語를 漢字로 쓰시오.,환절기에는 감기에 걸리지 않도록 조심해야 한다.,조심,,操心,操心
4급,103,2023-11-11,87,hanjaeo_write,다음 각 문장의 밑줄 친 漢字語를 漢字로 쓰시오.,한복의 곡선은 우아하고 품위 있는 옷맵시를 보여준다.,품위,,品位,品位
4급,103,2023-11-11,88,hanjaeo_write,다음 각 문장의 밑줄 친 漢字語를 漢字로 쓰시오.,밤새 쏟아진 폭우로 계곡의 곳곳이 급류를 이루었다.,급류,,急流,急流
4급,103,2023-11-11,89,hanjaeo_write,다음 각 문장의 밑줄 친 漢字語를 漢字로 쓰시오.,영주는 사과의 산지로 유명하다.,산지,,産地,産地
4급,103,2023-11-11,90,hanjaeo_write,다음 각 문장의 밑줄 친 漢字語를 漢字로 쓰시오.,아폴로 11호는 최초로 달에 착륙한 유인 우주선이다.,착륙,,着陸,着陸
4급,103,2023-11-11,91,hanjaeo_write,다음 각 문장의 밑줄 친 漢字語를 漢字로 쓰시오.,때로는 실패가 새로운 도약의 발판이 되기도 한다.,실패,,失敗,失敗
4급,103,2023-11-11,92,hanjaeo_write,다음 각 문장의 밑줄 친 漢字語를 漢字로 쓰시오.,백두산이 빗물에 씻겨 평지가 되려면 억만 년은 걸릴 것이다.,억만,,億萬,億萬
4급,103,2023-11-11,93,hanjaeo_write,다음 각 문장의 밑줄 친 漢字語를 漢字로 쓰시오.,여름에는 사람들이 찬 음료를 즐겨 마신다.,음료,,飮料,飮料
4급,103,2023-11-11,94,hanjaeo_write,다음 각 문장의 밑줄 친 漢字語를 漢字로 쓰시오.,교내 체육 대회에 참가할 우리 반 달리기 대표 선수를 뽑았다.,참가,,參加,參加
4급,103,2023-11-11,95,hanjaeo_write,다음 각 문장의 밑줄 친 漢字語를 漢字로 쓰시오.,장군은 병사들에게 진군 명령을 내렸다.,명령,,命令,命令
4급,103,2023-11-11,96,hanjaeo_write,다음 각 문장의 밑줄 친 漢字語를 漢字로 쓰시오.,이 지역의 흙은 화강암이 풍화되어 생성된 것이다.,풍화,,風化,風化
4급,103,2023-11-11,97,hanjaeo_write,다음 각 문장의 밑줄 친 漢字語를 漢字로 쓰시오.,부자라고 해서 반드시 행복한 것은 아니다.,행복,,幸福,幸福
4급,103,2023-11-11,98,hanjaeo_write,다음 각 문장의 밑줄 친 漢字語를 漢字로 쓰시오.,대보름날 달님에게 빌면 그 소원이 이루어진다고 한다.,소원,,所願,所願
4급,103,2023-11-11,99,hanjaeo_write,다음 각 문장의 밑줄 친 漢字語를 漢字로 쓰시오.,홍길동은 영웅 소설의 전형적인 주인공이다.,영웅,,英雄,英雄
4급,103,2023-11-11,100,hanjaeo_write,다음 각 문장의 밑줄 친 漢字語를 漢字로 쓰시오.,이 자습서는 요약이 잘되어 있다.,요약,,要約,要約
4급,102,2023-08-26,1,dokum,다음 밑줄 친 漢字語의 讀音을 쓰시오.,상대방을 說得하려면 논리적이어야 한다.,說得,,설득,설득
4급,102,2023-08-26,2,dokum,다음 밑줄 친 漢字語의 讀音을 쓰시오.,항상 용모를 端正히 하고 공손한 態度를 취하라.,端正,,단정,단정
4급,102,2023-08-26,3,dokum,다음 밑줄 친 漢字語의 讀音을 쓰시오.,항상 용모를 端正히 하고 공손한 態度를 취하라.,態度,,태도,태도
4급,102,2023-08-26,4,dokum,다음 밑줄 친 漢字語의 讀音을 쓰시오.,階段을 오르내릴 때에 안전에 유의해야 한다.,階段,,계단,계단
4급,102,2023-08-26,5,dokum,다음 밑줄 친 漢字語의 讀音을 쓰시오.,그는 辯護士로 활동하면서 여성 差別을 없애는 데 힘썼다.,辯護士,,변호사,변호사
4급,102,2023-08-26,6,dokum,다음 밑줄 친 漢字語의 讀音을 쓰시오.,그는 辯護士로 활동하면서 여성 差別을 없애는 데 힘썼다.,差別,,차별,차별
4급,102,2023-08-26,7,dokum,다음 밑줄 친 漢字語의 讀音을 쓰시오.,氣候가 溫暖化됨에 따라 해수면이 높아지고 있다.,氣候,,기후,기후
4급,102,2023-08-26,8,dokum,다음 밑줄 친 漢字語의 讀音을 쓰시오.,氣候가 溫暖化됨에 따라 해수면이 높아지고 있다.,溫暖化,,온난화,온난화
4급,102,2023-08-26,9,dokum,다음 밑줄 친 漢字語의 讀音을 쓰시오.,해안에는 바다로 移動이 용이해 港口 도시가 발달되어 있다.,移動,,이동,이동
4급,102,2023-08-26,10,dokum,다음 밑줄 친 漢字語의 讀音을 쓰시오.,해안에는 바다로 移動이 용이해 港口 도시가 발달되어 있다.,港口,,항구,항구
4급,102,2023-08-26,11,dokum,다음 밑줄 친 漢字語의 讀音을 쓰시오.,"프랑스, 독일 등 몇몇 나라에서는 危険에 처한 사람을 고의로 救助하지 않는 사람을 處罰하는 법을 만들어 적용하고 있다.",危険,,위험,위험
4급,102,2023-08-26,12,dokum,다음 밑줄 친 漢字語의 讀音을 쓰시오.,"프랑스, 독일 등 몇몇 나라에서는 危険에 처한 사람을 고의로 救助하지 않는 사람을 處罰하는 법을 만들어 적용하고 있다.",救助,,구조,구조
4급,102,2023-08-26,13,dokum,다음 밑줄 친 漢字語의 讀音을 쓰시오.,"프랑스, 독일 등 몇몇 나라에서는 危険에 처한 사람을 고의로 救助하지 않는 사람을 處罰하는 법을 만들어 적용하고 있다.",處罰,,처벌,처벌
4급,102,2023-08-26,14,dokum,다음 밑줄 친 漢字語의 讀音을 쓰시오.,투표는 국민이 정치에 參與하는 대표적인 방법이다.,參與,,참여,참여
4급,102,2023-08-26,15,dokum,다음 밑줄 친 漢字語의 讀音을 쓰시오.,盜賊들은 험한 산을 據點으로 삼는 것이 보통이다.,盜賊,,도적,도적
4급,102,2023-08-26,16,dokum,다음 밑줄 친 漢字語의 讀音을 쓰시오.,盜賊들은 험한 산을 據點으로 삼는 것이 보통이다.,據點,,거점,거점
4급,102,2023-08-26,17,dokum,다음 밑줄 친 漢字語의 讀音을 쓰시오.,비가 繼續해서 내려 경기를 중단했다.,繼續,,계속,계속
4급,102,2023-08-26,18,dokum,다음 밑줄 친 漢字語의 讀音을 쓰시오.,우리 팀은 攻擊에 치중하다가 守備를 등한시 했다.,攻擊,,공격,공격
4급,102,2023-08-26,19,dokum,다음 밑줄 친 漢字語의 讀音을 쓰시오.,우리 팀은 攻擊에 치중하다가 守備를 등한시 했다.,守備,,수비,수비
4급,102,2023-08-26,20,dokum,다음 밑줄 친 漢字語의 讀音을 쓰시오.,經濟 발전을 통해 貧困에서 벗어났다.,經濟,,경제,경제
4급,102,2023-08-26,21,dokum,다음 밑줄 친 漢字語의 讀音을 쓰시오.,經濟 발전을 통해 貧困에서 벗어났다.,貧困,,빈곤,빈곤
4급,102,2023-08-26,22,dokum,다음 밑줄 친 漢字語의 讀音을 쓰시오.,구성원들은 權利를 주장하기 전에 義務를 다해야 한다.,權利,,권리,권리
4급,102,2023-08-26,23,dokum,다음 밑줄 친 漢字語의 讀音을 쓰시오.,구성원들은 權利를 주장하기 전에 義務를 다해야 한다.,義務,,의무,의무
4급,102,2023-08-26,24,dokum,다음 밑줄 친 漢字語의 讀音을 쓰시오.,적의 지휘관을 射殺하여 적을 混亂에 빠뜨렸다.,射殺,,사살,사살
4급,102,2023-08-26,25,dokum,다음 밑줄 친 漢字語의 讀音을 쓰시오.,적의 지휘관을 射殺하여 적을 混亂에 빠뜨렸다.,混亂,,혼란,혼란
4급,102,2023-08-26,26,dokum,다음 밑줄 친 漢字語의 讀音을 쓰시오.,월드컵 경기 때 거리에서 應援하는 傳統이 만들어졌다.,應援,,응원,응원
4급,102,2023-08-26,27,dokum,다음 밑줄 친 漢字語의 讀音을 쓰시오.,월드컵 경기 때 거리에서 應援하는 傳統이 만들어졌다.,傳統,,전통,전통
4급,102,2023-08-26,28,dokum,다음 밑줄 친 漢字語의 讀音을 쓰시오.,미술관을 觀覽하는 것에 趣味를 붙였다.,觀覽,,관람,관람
4급,102,2023-08-26,29,dokum,다음 밑줄 친 漢字語의 讀音을 쓰시오.,미술관을 觀覽하는 것에 趣味를 붙였다.,趣味,,취미,취미
4급,102,2023-08-26,30,dokum,다음 밑줄 친 漢字語의 讀音을 쓰시오.,병을 豫防하는 것이 치료하는 것보다 중요하다.,豫防,,예방,예방
4급,102,2023-08-26,31,dokum,다음 밑줄 친 漢字語의 讀音을 쓰시오.,대학은 그 학교 나름의 基準으로 학생을 선발한다.,基準,,기준,기준
4급,102,2023-08-26,32,dokum,다음 밑줄 친 漢字語의 讀音을 쓰시오.,유명 인사를 招請하여 강연회를 개최했다.,招請,,초청,초청
4급,102,2023-08-26,33,hunum,다음 漢字의 訓과 音을 쓰시오.,街,街,,거리 가,거리 가
4급,102,2023-08-26,34,hunum,다음 漢字의 訓과 音을 쓰시오.,隊,隊,,무리 대,무리 대
4급,102,2023-08-26,35,hunum,다음 漢字의 訓과 音을 쓰시오.,輪,輪,,바퀴 륜,바퀴 륜
4급,102,2023-08-26,36,hunum,다음 漢字의 訓과 音을 쓰시오.,髮,髮,,터럭 발,터럭 발
4급,102,2023-08-26,37,hunum,다음 漢字의 訓과 音을 쓰시오.,聲,聲,,소리 성,소리 성
4급,102,2023-08-26,38,hunum,다음 漢字의 訓과 音을 쓰시오.,鄉,鄉,,시골 향,시골 향
4급,102,2023-08-26,39,hunum,다음 漢字의 訓과 音을 쓰시오.,避,避,,피할 피,피할 피
4급,102,2023-08-26,40,hunum,다음 漢字의 訓과 音을 쓰시오.,閉,閉,,닫을 폐,닫을 폐
4급,102,2023-08-26,41,hunum,다음 漢字의 訓과 音을 쓰시오.,擇,擇,,가릴 택,가릴 택
4급,102,2023-08-26,42,hunum,다음 漢字의 訓과 音을 쓰시오.,縮,縮,,줄일 축,줄일 축
4급,102,2023-08-26,43,hunum,다음 漢字의 訓과 音을 쓰시오.,次,次,,버금 차,버금 차
4급,102,2023-08-26,44,hunum,다음 漢字의 訓과 音을 쓰시오.,職,職,,직분 직,직분 직
4급,102,2023-08-26,45,hunum,다음 漢字의 訓과 音을 쓰시오.,走,走,,달릴 주,달릴 주
4급,102,2023-08-26,46,hunum,다음 漢字의 訓과 音을 쓰시오.,接,接,,이을 접,이을 접
4급,102,2023-08-26,47,hunum,다음 漢字의 訓과 音을 쓰시오.,印,印,,도장 인,도장 인
4급,102,2023-08-26,48,hunum,다음 漢字의 訓과 音을 쓰시오.,嚴,嚴,,엄할 엄,엄할 엄
4급,102,2023-08-26,49,hunum,다음 漢字의 訓과 音을 쓰시오.,儒,儒,,선비 유,선비 유
4급,102,2023-08-26,50,hunum,다음 漢字의 訓과 音을 쓰시오.,域,域,,지경 역,지경 역
4급,102,2023-08-26,51,hunum,다음 漢字의 訓과 音을 쓰시오.,深,深,,깊을 심,깊을 심
4급,102,2023-08-26,52,hunum,다음 漢字의 訓과 音을 쓰시오.,犯,犯,,범할 범,범할 범
4급,102,2023-08-26,53,hunum,다음 漢字의 訓과 音을 쓰시오.,妙,妙,,묘할 묘,묘할 묘
4급,102,2023-08-26,54,hunum,다음 漢字의 訓과 音을 쓰시오.,傾,傾,,기울 경,기울 경
4급,102,2023-08-26,55,jangum,다음 單語 중 첫소리가 長音인 것을 가려 그 번호를 쓰시오.,,,"[""① 意思"", ""② 醫師""]",①,①
4급,102,2023-08-26,56,jangum,다음 單語 중 첫소리가 長音인 것을 가려 그 번호를 쓰시오.,,,"[""① 有用"", ""② 流用""]",①,①
4급,102,2023-08-26,57,jangum,다음 單語 중 첫소리가 長音인 것을 가려 그 번호를 쓰시오.,,,"[""① 湖水"", ""② 戶數""]",②,②
4급,102,2023-08-26,58,banui,다음 밑줄 친 漢字와 뜻이 반대(또는 대립)되는 漢字를 (  ) 속에 적어 문장을 完成하시오.,(  )否 동수일 때 의장이 결정권을 갖는다.,否,,可,可
4급,102,2023-08-26,59,banui,다음 밑줄 친 漢字와 뜻이 반대(또는 대립)되는 漢字를 (  ) 속에 적어 문장을 完成하시오.,가까운 사이도 往(  )가 없으면 멀어지게 마련이다.,往,,來,來
4급,102,2023-08-26,60,banui,다음 밑줄 친 漢字와 뜻이 반대(또는 대립)되는 漢字를 (  ) 속에 적어 문장을 完成하시오.,저 야구선수는 投(  ) 모두에서 뛰어난 활약을 하고 있다.,投,,打,打
4급,102,2023-08-26,61,seong-eo,다음 (  ) 안의 글자를 漢字로 적어 四字成語를 完成하시오.,多多益(선),선,,善,善
4급,102,2023-08-26,62,seong-eo,다음 (  ) 안의 글자를 漢字로 적어 四字成語를 完成하시오.,美風(양)俗,양,,良,良
4급,102,2023-08-26,63,seong-eo,다음 (  ) 안의 글자를 漢字로 적어 四字成語를 完成하시오.,非一非(재),재,,再,再
4급,102,2023-08-26,64,seong-eo,다음 (  ) 안의 글자를 漢字로 적어 四字成語를 完成하시오.,先(공)後私,공,,公,公
4급,102,2023-08-26,65,seong-eo,다음 (  ) 안의 글자를 漢字로 적어 四字成語를 完成하시오.,(자)強不息,자,,自,自
4급,102,2023-08-26,66,bushu,다음 漢字의 部首를 쓰시오.,恨,恨,,心,心
4급,102,2023-08-26,67,bushu,다음 漢字의 部首를 쓰시오.,裝,裝,,衣,衣
4급,102,2023-08-26,68,bushu,다음 漢字의 部首를 쓰시오.,器,器,,口,口
4급,102,2023-08-26,69,yui,다음 밑줄 친 漢字와 뜻이 같거나 비슷한 漢字를 (  ) 속에 적어 문장을 完成하시오.,지난 (  )誤를 반성하고 새롭게 출발하자.,誤,,過,過
4급,102,2023-08-26,70,yui,다음 밑줄 친 漢字와 뜻이 같거나 비슷한 漢字를 (  ) 속에 적어 문장을 完成하시오.,우리 회사는 새로운 舍(  )으로 이전할 계획이다.,舍,,屋,屋
4급,102,2023-08-26,71,yui,다음 밑줄 친 漢字와 뜻이 같거나 비슷한 漢字를 (  ) 속에 적어 문장을 完成하시오.,그 사건은 양측의 양보로 평화롭게 (  )結되었다.,結,,終,終
4급,102,2023-08-26,72,dongeum,"다음 漢字語의 同音異義語를 漢字(正字)로 쓰되, 제시된 뜻에 맞추시오.",假定 - (    ) : 한 가족이 생활하는 집.,假定,,家庭,家庭
4급,102,2023-08-26,73,dongeum,"다음 漢字語의 同音異義語를 漢字(正字)로 쓰되, 제시된 뜻에 맞추시오.",固辭 - (    ) : 자세히 생각하고 조사함. 시험함.,固辭,,考査,考査
4급,102,2023-08-26,74,dongeum,"다음 漢字語의 同音異義語를 漢字(正字)로 쓰되, 제시된 뜻에 맞추시오.",禁酒 - (    ) : 이번 주.,禁酒,,今週,今週
4급,102,2023-08-26,75,uut_select,다음 漢字語의 뜻을 <보기>에서 찾아 그 번호를 쓰시오.,負傷,負傷,"[""① 본보기가 될 만한 모범."", ""② 몸에 상처를 입음."", ""③ 생활에 필요한 물건."", ""④ 다른 사람을 이끄는 지도자."", ""⑤ 생활 및 생산에 이용되는 원료.""]",②,②
4급,102,2023-08-26,76,uut_select,다음 漢字語의 뜻을 <보기>에서 찾아 그 번호를 쓰시오.,資源,資源,"[""① 본보기가 될 만한 모범."", ""② 몸에 상처를 입음."", ""③ 생활에 필요한 물건."", ""④ 다른 사람을 이끄는 지도자."", ""⑤ 생활 및 생산에 이용되는 원료.""]",⑤,⑤
4급,102,2023-08-26,77,uut_select,다음 漢字語의 뜻을 <보기>에서 찾아 그 번호를 쓰시오.,典範,典範,"[""① 본보기가 될 만한 모범."", ""② 몸에 상처를 입음."", ""③ 생활에 필요한 물건."", ""④ 다른 사람을 이끄는 지도자."", ""⑤ 생활 및 생산에 이용되는 원료.""]",①,①
4급,102,2023-08-26,78,yakja,다음 漢字의 略字를 쓰시오.,獨,獨,,独,独
4급,102,2023-08-26,79,yakja,다음 漢字의 略字를 쓰시오.,號,號,,号,号
4급,102,2023-08-26,80,yakja,다음 漢字의 略字를 쓰시오.,擧,擧,,挙,挙
4급,102,2023-08-26,81,hanjaeo_write,다음 각 문장의 밑줄 친 漢字語를 漢字로 쓰시오.,우리나라는 원유를 수입하여 정제해서 수출한다.,원유,,原油,原油
4급,102,2023-08-26,82,hanjaeo_write,다음 각 문장의 밑줄 친 漢字語를 漢字로 쓰시오.,여름철에 차가운 음료를 너무 마시면 배탈이 난다.,음료,,飮料,飮料
4급,102,2023-08-26,83,hanjaeo_write,다음 각 문장의 밑줄 친 漢字語를 漢字로 쓰시오.,나이 예순을 일컬어 이순이라고 한다.,이순,,耳順,耳順
4급,102,2023-08-26,84,hanjaeo_write,다음 각 문장의 밑줄 친 漢字語를 漢字로 쓰시오.,맡은 일에 책임을 다하면 다른 사람으로부터 신임을 받는다.,책임,,責任,責任
4급,102,2023-08-26,85,hanjaeo_write,다음 각 문장의 밑줄 친 漢字語를 漢字로 쓰시오.,성선설은 인간의 본성은 착하다고 본다.,본성,,本性,本性
4급,102,2023-08-26,86,hanjaeo_write,다음 각 문장의 밑줄 친 漢字語를 漢字로 쓰시오.,노동조합의 파업으로 조업이 중단되었다.,조업,,操業,操業
4급,102,2023-08-26,87,hanjaeo_write,다음 각 문장의 밑줄 친 漢字語를 漢字로 쓰시오.,우리나라 장마철은 아열대지방의 우기에 해당한다.,우기,,雨期,雨期
4급,102,2023-08-26,88,hanjaeo_write,다음 각 문장의 밑줄 친 漢字語를 漢字로 쓰시오.,결혼식에 축가를 불러줄 사람이 필요하다.,축가,,祝歌,祝歌
4급,102,2023-08-26,89,hanjaeo_write,다음 각 문장의 밑줄 친 漢字語를 漢字로 쓰시오.,전화기가 발명되어 먼 거리에서도 서로 통화할 수 있게 되었다.,통화,,通話,通話
4급,102,2023-08-26,90,hanjaeo_write,다음 각 문장의 밑줄 친 漢字語를 漢字로 쓰시오.,지적재산권이 중시되면서 특허에 대한 관심이 높아졌다.,특허,,特許,特許
4급,102,2023-08-26,91,hanjaeo_write,다음 각 문장의 밑줄 친 漢字語를 漢字로 쓰시오.,귀중한 물건은 따로 보관하시기 바랍니다.,귀중,,貴重,貴重
4급,102,2023-08-26,92,hanjaeo_write,다음 각 문장의 밑줄 친 漢字語를 漢字로 쓰시오.,교통이 번잡한 도로에 육교를 설치하여 안전하게 길을 건널 수 있도록 한다.,육교,,陸橋,陸橋
4급,102,2023-08-26,93,hanjaeo_write,다음 각 문장의 밑줄 친 漢字語를 漢字로 쓰시오.,현실에 안주하는 것은 더 큰 성과를 이루기 어렵다.,안주,,安住,安住
4급,102,2023-08-26,94,hanjaeo_write,다음 각 문장의 밑줄 친 漢字語를 漢字로 쓰시오.,여행은 견문을 넓혀 폭넓은 시각을 갖게 해 준다.,견문,,見聞,見聞
4급,102,2023-08-26,95,hanjaeo_write,다음 각 문장의 밑줄 친 漢字語를 漢字로 쓰시오.,가격 대비 만족도가 높은 것을 가성비가 좋다고 말한다.,가격,,價格,價格
4급,102,2023-08-26,96,hanjaeo_write,다음 각 문장의 밑줄 친 漢字語를 漢字로 쓰시오.,눈이 많이 오면 불편한 점도 있지만 아름다운 설경으로 우리를 기쁘게 한다.,설경,,雪景,雪景
4급,102,2023-08-26,97,hanjaeo_write,다음 각 문장의 밑줄 친 漢字語를 漢字로 쓰시오.,어린이 보호 지역에서 과속하는 차량의 단속을 철저하게 해야 한다.,단속,,團束,團束
4급,102,2023-08-26,98,hanjaeo_write,다음 각 문장의 밑줄 친 漢字語를 漢字로 쓰시오.,회원 배가 운동이 효과가 있어 회원 수가 많이 늘었다.,배가,,倍加,倍加
4급,102,2023-08-26,99,hanjaeo_write,다음 각 문장의 밑줄 친 漢字語를 漢字로 쓰시오.,회원 배가 운동이 효과가 있어 회원 수가 많이 늘었다.,효과,,效果,效果
4급,102,2023-08-26,100,hanjaeo_write,다음 각 문장의 밑줄 친 漢字語를 漢字로 쓰시오.,자신의 역사를 모르는 민족은 미래도 없다.,역사,,歷史,歷史
4급,101,2023-06-03,1,dokum,다음 밑줄 친 漢字語의 讀音을 쓰시오.,독도가 일본 땅이라고 우기니 憤痛이 터졌다.,憤痛,,분통,분통
4급,101,2023-06-03,2,dokum,다음 밑줄 친 漢字語의 讀音을 쓰시오.,겨울철 등산에는 돌발적인 狀況에 대비해야 한다.,狀況,,상황,상황
4급,101,2023-06-03,3,dokum,다음 밑줄 친 漢字語의 讀音을 쓰시오.,조선 후기에는 상업이 발달하여 葉錢의 유통이 활발하였다.,葉錢,,엽전,엽전
4급,101,2023-06-03,4,dokum,다음 밑줄 친 漢字語의 讀音을 쓰시오.,휴대전화가 없으면 불안감을 느끼는 것을 휴대전화 中毒 증후군이라고 한다.,中毒,,중독,중독
4급,101,2023-06-03,5,dokum,다음 밑줄 친 漢字語의 讀音을 쓰시오.,국민을 무시하는 政權은 오래가지 못한다.,政權,,정권,정권
4급,101,2023-06-03,6,dokum,다음 밑줄 친 漢字語의 讀音을 쓰시오.,도서관은 올해 도서 구입 예산을 增額하였다.,增額,,증액,증액
4급,101,2023-06-03,7,dokum,다음 밑줄 친 漢字語의 讀音을 쓰시오.,유랑민들은 일정한 居處가 없이 떠돌아다닌다.,居處,,거처,거처
4급,101,2023-06-03,8,dokum,다음 밑줄 친 漢字語의 讀音을 쓰시오.,어린이는 모국어의 習得과 함께 민족정신을 배워나간다.,習得,,습득,습득
4급,101,2023-06-03,9,dokum,다음 밑줄 친 漢字語의 讀音을 쓰시오.,이 사전은 저명한 학자의 監修를 받았다.,監修,,감수,감수
4급,101,2023-06-03,10,dokum,다음 밑줄 친 漢字語의 讀音을 쓰시오.,나는 장차 디자인 系統을 공부해 보고 싶다.,系統,,계통,계통
4급,101,2023-06-03,11,dokum,다음 밑줄 친 漢字語의 讀音을 쓰시오.,이 그림에는 다양한 기법이 適用되어 있다.,適用,,적용,적용
4급,101,2023-06-03,12,dokum,다음 밑줄 친 漢字語의 讀音을 쓰시오.,사장은 이번 달 판매액의 總合을 계산하였다.,總合,,총합,총합
4급,101,2023-06-03,13,dokum,다음 밑줄 친 漢字語의 讀音을 쓰시오.,그녀는 새 드라마에서 눈부신 熱演을 펼쳤다.,熱演,,열연,열연
4급,101,2023-06-03,14,dokum,다음 밑줄 친 漢字語의 讀音을 쓰시오.,다음 주에는 아버지께서 3일 동안 出張을 가신다.,出張,,출장,출장
4급,101,2023-06-03,15,dokum,다음 밑줄 친 漢字語의 讀音을 쓰시오.,강원도 사북은 석탄 鑛山으로 유명했던 곳이다.,鑛山,,광산,광산
4급,101,2023-06-03,16,dokum,다음 밑줄 친 漢字語의 讀音을 쓰시오.,우리나라의 인구 減少가 심각한 문제로 대두된다.,減少,,감소,감소
4급,101,2023-06-03,17,dokum,다음 밑줄 친 漢字語의 讀音을 쓰시오.,자객이 요인을 暗殺하려 한다는 정보가 입수되었다.,暗殺,,암살,암살
4급,101,2023-06-03,18,dokum,다음 밑줄 친 漢字語의 讀音을 쓰시오.,스님은 중생들을 부처의 깨달음으로 引導하였다.,引導,,인도,인도
4급,101,2023-06-03,19,dokum,다음 밑줄 친 漢字語의 讀音을 쓰시오.,병호는 책에 자신만의 標示를 해두었다.,標示,,표시,표시
4급,101,2023-06-03,20,dokum,다음 밑줄 친 漢字語의 讀音을 쓰시오.,고을 사또가 糧穀을 풀어 춘궁기의 빈민들을 구제했다.,糧穀,,양곡,양곡
4급,101,2023-06-03,21,dokum,다음 밑줄 친 漢字語의 讀音을 쓰시오.,그녀는 판소리 중간 중간에 질편한 辭說과 재담을 늘어놓았다.,辭說,,사설,사설
4급,101,2023-06-03,22,dokum,다음 밑줄 친 漢字語의 讀音을 쓰시오.,판사는 피고인 모두에게 실형을 宣告하였다.,宣告,,선고,선고
4급,101,2023-06-03,23,dokum,다음 밑줄 친 漢字語의 讀音을 쓰시오.,우리 일행은 밤 10시쯤에 호텔에 投宿했다.,投宿,,투숙,투숙
4급,101,2023-06-03,24,dokum,다음 밑줄 친 漢字語의 讀音을 쓰시오.,태백산 정상에는 단군을 모시는 祭壇이 있다.,祭壇,,제단,제단
4급,101,2023-06-03,25,dokum,다음 밑줄 친 漢字語의 讀音을 쓰시오.,다른 사람을 險談하는 일은 옳지 않다.,險談,,험담,험담
4급,101,2023-06-03,26,dokum,다음 밑줄 친 漢字語의 讀音을 쓰시오.,홍길동은 스승에게서 구름을 타는 秘術을 전수받았다.,秘術,,비술,비술
4급,101,2023-06-03,27,dokum,다음 밑줄 친 漢字語의 讀音을 쓰시오.,지하철이 고장 나서 출근길 大亂이 일어났다.,大亂,,대란,대란
4급,101,2023-06-03,28,dokum,다음 밑줄 친 漢字語의 讀音을 쓰시오.,그는 休息 시간을 이용해 잠시 눈을 붙였다.,休息,,휴식,휴식
4급,101,2023-06-03,29,dokum,다음 밑줄 친 漢字語의 讀音을 쓰시오.,나무의 斷面에는 가지런한 나이테가 있었다.,斷面,,단면,단면
4급,101,2023-06-03,30,dokum,다음 밑줄 친 漢字語의 讀音을 쓰시오.,중요한 파일은 별도로 복사하여 豫備로 보관해 두었다.,豫備,,예비,예비
4급,101,2023-06-03,31,dokum,다음 밑줄 친 漢字語의 讀音을 쓰시오.,회의가 길어지면서 자리를 離脫하는 사람들이 늘어났다.,離脫,,이탈,이탈
4급,101,2023-06-03,32,dokum,다음 밑줄 친 漢字語의 讀音을 쓰시오.,우리는 새해 첫날 부모님께 歲拜를 올렸다.,歲拜,,세배,세배
4급,101,2023-06-03,33,hunum,다음 漢字의 訓과 音을 쓰시오.,驗,驗,,시험 험,시험 험
4급,101,2023-06-03,34,hunum,다음 漢字의 訓과 音을 쓰시오.,姉,姉,,손윗누이 자,손윗누이 자
4급,101,2023-06-03,35,hunum,다음 漢字의 訓과 音을 쓰시오.,燈,燈,,등 등,등 등
4급,101,2023-06-03,36,hunum,다음 漢字의 訓과 音을 쓰시오.,法,法,,법 법,법 법
4급,101,2023-06-03,37,hunum,다음 漢字의 訓과 音을 쓰시오.,殘,殘,,남을 잔,남을 잔
4급,101,2023-06-03,38,hunum,다음 漢字의 訓과 音을 쓰시오.,帶,帶,,띠 대,띠 대
4급,101,2023-06-03,39,hunum,다음 漢字의 訓과 音을 쓰시오.,貯,貯,,쌓을 저,쌓을 저
4급,101,2023-06-03,40,hunum,다음 漢字의 訓과 音을 쓰시오.,求,求,,구할 구,구할 구
4급,101,2023-06-03,41,hunum,다음 漢字의 訓과 音을 쓰시오.,障,障,,막을 장,막을 장
4급,101,2023-06-03,42,hunum,다음 漢字의 訓과 音을 쓰시오.,遊,遊,,놀 유,놀 유
4급,101,2023-06-03,43,hunum,다음 漢字의 訓과 音을 쓰시오.,歷,歷,,지날 력,지날 력
4급,101,2023-06-03,44,hunum,다음 漢字의 訓과 音을 쓰시오.,走,走,,달릴 주,달릴 주
4급,101,2023-06-03,45,hunum,다음 漢字의 訓과 音을 쓰시오.,傷,傷,,다칠 상,다칠 상
4급,101,2023-06-03,46,hunum,다음 漢字의 訓과 音을 쓰시오.,鬪,鬪,,싸움 투,싸움 투
4급,101,2023-06-03,47,hunum,다음 漢字의 訓과 音을 쓰시오.,寢,寢,,잘 침,잘 침
4급,101,2023-06-03,48,hunum,다음 漢字의 訓과 音을 쓰시오.,券,券,,문서 권,문서 권
4급,101,2023-06-03,49,hunum,다음 漢字의 訓과 音을 쓰시오.,怨,怨,,원망할 원,원망할 원
4급,101,2023-06-03,50,hunum,다음 漢字의 訓과 音을 쓰시오.,敢,敢,,감히/구태여 감,감히/구태여 감
4급,101,2023-06-03,51,hunum,다음 漢字의 訓과 音을 쓰시오.,起,起,,일어날 기,일어날 기
4급,101,2023-06-03,52,hunum,다음 漢字의 訓과 音을 쓰시오.,警,警,,깨우칠 경,깨우칠 경
4급,101,2023-06-03,53,hunum,다음 漢字의 訓과 音을 쓰시오.,俗,俗,,풍속 속,풍속 속
4급,101,2023-06-03,54,hunum,다음 漢字의 訓과 音을 쓰시오.,準,準,,준할 준,준할 준
4급,101,2023-06-03,55,bushu,다음 漢字의 部首를 쓰시오.,資,資,,貝,貝
4급,101,2023-06-03,56,bushu,다음 漢字의 部首를 쓰시오.,華,華,,艸,艸
4급,101,2023-06-03,57,bushu,다음 漢字의 部首를 쓰시오.,區,區,,匸,匸
4급,101,2023-06-03,58,yakja,다음 漢字의 略字를 쓰시오.,觀,觀,,観,観
4급,101,2023-06-03,59,yakja,다음 漢字의 略字를 쓰시오.,圖,圖,,図,図
4급,101,2023-06-03,60,yakja,다음 漢字의 略字를 쓰시오.,廣,廣,,広,広
4급,101,2023-06-03,61,jangum,다음 單語 중 첫소리가 長音인 것을 가려 그 번호를 쓰시오.,,,"[""① 假足"", ""② 家族""]",①,①
4급,101,2023-06-03,62,jangum,다음 單語 중 첫소리가 長音인 것을 가려 그 번호를 쓰시오.,,,"[""① 飛上"", ""② 非常""]",②,②
4급,101,2023-06-03,63,jangum,다음 單語 중 첫소리가 長音인 것을 가려 그 번호를 쓰시오.,,,"[""① 造船"", ""② 朝鮮""]",①,①
4급,101,2023-06-03,64,banui,다음 밑줄 친 漢字와 뜻이 반대(또는 대립)되는 漢字를 (  ) 속에 적어 문장을 完成하시오.,전철의 (  )着 시간은 컴퓨터로 정확하게 조작된다.,着,,發,發
4급,101,2023-06-03,65,banui,다음 밑줄 친 漢字와 뜻이 반대(또는 대립)되는 漢字를 (  ) 속에 적어 문장을 完成하시오.,그는 (  )今을 통틀어서 가장 위대한 발명가로 추앙을 받는다.,今,,古,古
4급,101,2023-06-03,66,banui,다음 밑줄 친 漢字와 뜻이 반대(또는 대립)되는 漢字를 (  ) 속에 적어 문장을 完成하시오.,그의 주장은 本(  )이 전도된 엉뚱한 궤변이다.,本,,末,末
4급,101,2023-06-03,67,yui,다음 밑줄 친 漢字와 뜻이 같거나 비슷한 漢字를 (  ) 속에 적어 문장을 完成하시오.,영어로 된 상호를 우리말로 (  )更하였다.,更,,變,變
4급,101,2023-06-03,68,yui,다음 밑줄 친 漢字와 뜻이 같거나 비슷한 漢字를 (  ) 속에 적어 문장을 完成하시오.,남사당패가 각종 (  )藝를 선보일 때마다 관객들이 박수를 쳤다.,藝,,技,技
4급,101,2023-06-03,69,yui,다음 밑줄 친 漢字와 뜻이 같거나 비슷한 漢字를 (  ) 속에 적어 문장을 完成하시오.,개교 60주년을 慶(  )하는 기념 행사가 열렸다.,慶,,祝,祝
4급,101,2023-06-03,70,dongeum,"다음 漢字語의 同音異義語를 漢字(正字)로 쓰되, 제시된 뜻에 맞추시오.",舍利 - (    ) : 사물의 이치.,舍利,,事理,事理
4급,101,2023-06-03,71,dongeum,"다음 漢字語의 同音異義語를 漢字(正字)로 쓰되, 제시된 뜻에 맞추시오.",從臣 - (    ) : 목숨을 다하기까지의 동안.,從臣,,終身,終身
4급,101,2023-06-03,72,dongeum,"다음 漢字語의 同音異義語를 漢字(正字)로 쓰되, 제시된 뜻에 맞추시오.",樹海 - (    ) : 장마나 홍수로 인한 피해.,樹海,,水害,水害
4급,101,2023-06-03,73,uut_select,다음 漢字語의 뜻을 <보기>에서 찾아 그 번호를 쓰시오.,彈力,彈力,"[""① 맛있는 한 가지 음식만 골라 먹음."", ""② 용수철처럼 튀거나 팽팽하게 버티는 힘."", ""③ 단단한 껍질에 싸여 있는 열매."", ""④ 과자와 음료"", ""⑤ 총알의 속도."", ""⑥ 음식을 가리지 않고 먹음.""]",②,②
4급,101,2023-06-03,74,uut_select,다음 漢字語의 뜻을 <보기>에서 찾아 그 번호를 쓰시오.,堅果,堅果,"[""① 맛있는 한 가지 음식만 골라 먹음."", ""② 용수철처럼 튀거나 팽팽하게 버티는 힘."", ""③ 단단한 껍질에 싸여 있는 열매."", ""④ 과자와 음료"", ""⑤ 총알의 속도."", ""⑥ 음식을 가리지 않고 먹음.""]",③,③
4급,101,2023-06-03,75,uut_select,다음 漢字語의 뜻을 <보기>에서 찾아 그 번호를 쓰시오.,雜食,雜食,"[""① 맛있는 한 가지 음식만 골라 먹음."", ""② 용수철처럼 튀거나 팽팽하게 버티는 힘."", ""③ 단단한 껍질에 싸여 있는 열매."", ""④ 과자와 음료"", ""⑤ 총알의 속도."", ""⑥ 음식을 가리지 않고 먹음.""]",⑥,⑥
4급,101,2023-06-03,76,seong-eo,다음 (  ) 안의 글자를 漢字로 적어 四字成語를 完成하시오.,江(호)煙波,호,,湖,湖
4급,101,2023-06-03,77,seong-eo,다음 (  ) 안의 글자를 漢字로 적어 四字成語를 完成하시오.,先(공)後私,공,,公,公
4급,101,2023-06-03,78,seong-eo,다음 (  ) 안의 글자를 漢字로 적어 四字成語를 完成하시오.,(이)卵擊石,이,,以,以
4급,101,2023-06-03,79,seong-eo,다음 (  ) 안의 글자를 漢字로 적어 四字成語를 完成하시오.,(백)折不屈,백,,百,百
4급,101,2023-06-03,80,seong-eo,다음 (  ) 안의 글자를 漢字로 적어 四字成語를 完成하시오.,自(화)自讚,화,,畫,畫
4급,101,2023-06-03,81,hanjaeo_write,다음 각 문장의 밑줄 친 漢字語를 漢字로 쓰시오.,정원의 노란 개나리와 푸른 철쭉이 서로 조화를 이루었다.,조화,,調和,調和
4급,101,2023-06-03,82,hanjaeo_write,다음 각 문장의 밑줄 친 漢字語를 漢字로 쓰시오.,여러 가지 악재가 겹쳐 경제가 어려울 전망이다.,악재,,惡材,惡材
4급,101,2023-06-03,83,hanjaeo_write,다음 각 문장의 밑줄 친 漢字語를 漢字로 쓰시오.,때로는 실패가 새로운 도약의 발판이 되기도 한다.,실패,,失敗,失敗
4급,101,2023-06-03,84,hanjaeo_write,다음 각 문장의 밑줄 친 漢字語를 漢字로 쓰시오.,아껴 쓰고 남은 용돈은 은행에 예금을 한다.,은행,,銀行,銀行
4급,101,2023-06-03,85,hanjaeo_write,다음 각 문장의 밑줄 친 漢字語를 漢字로 쓰시오.,주방 가구들은 주부의 동선을 고려하여 배치하였다.,동선,,動線,動線
4급,101,2023-06-03,86,hanjaeo_write,다음 각 문장의 밑줄 친 漢字語를 漢字로 쓰시오.,철수는 만능 스포츠맨이다.,만능,,萬能,萬能
4급,101,2023-06-03,87,hanjaeo_write,다음 각 문장의 밑줄 친 漢字語를 漢字로 쓰시오.,봄철 가뭄으로 하천의 바닥이 드러났다.,하천,,河川,河川
4급,101,2023-06-03,88,hanjaeo_write,다음 각 문장의 밑줄 친 漢字語를 漢字로 쓰시오.,역사란 과거를 돌이켜 보고 미래의 지침으로 삼는 과학이다.,과거,,過去,過去
4급,101,2023-06-03,89,hanjaeo_write,다음 각 문장의 밑줄 친 漢字語를 漢字로 쓰시오.,법은 예외 없이 누구에게나 공평하게 적용되어야 한다.,예외,,例外,例外
4급,101,2023-06-03,90,hanjaeo_write,다음 각 문장의 밑줄 친 漢字語를 漢字로 쓰시오.,생일을 맞은 막내 동생에게 곰 인형을 선물하였다.,인형,,人形,人形
4급,101,2023-06-03,91,hanjaeo_write,다음 각 문장의 밑줄 친 漢字語를 漢字로 쓰시오.,육상 경기 트랙의 국제 표준 규격은 400미터이다.,규격,,規格,規格
4급,101,2023-06-03,92,hanjaeo_write,다음 각 문장의 밑줄 친 漢字語를 漢字로 쓰시오.,양양은 송이버섯의 산지로 유명하다.,산지,,産地,産地
4급,101,2023-06-03,93,hanjaeo_write,다음 각 문장의 밑줄 친 漢字語를 漢字로 쓰시오.,백성들은 지혜와 덕성을 고루 갖춘 공주를 칭송하였다.,덕성,,德性,德性
4급,101,2023-06-03,94,hanjaeo_write,다음 각 문장의 밑줄 친 漢字語를 漢字로 쓰시오.,당분간 따뜻한 날씨가 지속될 것으로 전망된다.,전망,,展望,展望
4급,101,2023-06-03,95,hanjaeo_write,다음 각 문장의 밑줄 친 漢字語를 漢字로 쓰시오.,어린이 보호구역에서는 시속 30Km로 서행해야 한다.,시속,,時速,時速
4급,101,2023-06-03,96,hanjaeo_write,다음 각 문장의 밑줄 친 漢字語를 漢字로 쓰시오.,어른들이 말씀하실 때 끼어드는 것은 무례한 짓이다.,무례,,無禮,無禮
4급,101,2023-06-03,97,hanjaeo_write,다음 각 문장의 밑줄 친 漢字語를 漢字로 쓰시오.,영희는 명랑한 성격이라 교우 관계가 매우 두텁다.,교우,,交友,交友
4급,101,2023-06-03,98,hanjaeo_write,다음 각 문장의 밑줄 친 漢字語를 漢字로 쓰시오.,이 작품은 작자의 탁월한 독창성이 엿보인다.,작자,,作者,作者
4급,101,2023-06-03,99,hanjaeo_write,다음 각 문장의 밑줄 친 漢字語를 漢字로 쓰시오.,우리 가족은 눈이 큰 막내를 왕눈이라는 별명으로 부른다.,별명,,別名,別名
4급,101,2023-06-03,100,hanjaeo_write,다음 각 문장의 밑줄 친 漢字語를 漢字로 쓰시오.,당국은 이번 산불의 피해액을 20억 정도로 집계했다.,집계,,集計,集計
4급,100,2023-02-25,1,dokum,다음 밑줄 친 漢字語의 讀音을 쓰시오.,이기심이 많은 사람은 남을 配慮 하지 않는다.,配慮,,배려,배려
4급,100,2023-02-25,2,dokum,다음 밑줄 친 漢字語의 讀音을 쓰시오.,일제로부터 독립한 우리나라는 希望 과 歡喜에 차 있었다.,希望,,희망,희망
4급,100,2023-02-25,3,dokum,다음 밑줄 친 漢字語의 讀音을 쓰시오.,일제로부터 독립한 우리나라는 希望 과 歡喜에 차 있었다.,歡喜,,환희,환희
4급,100,2023-02-25,4,dokum,다음 밑줄 친 漢字語의 讀音을 쓰시오.,평균 수명이 길어지고 노인 인구가 增加하면서 우리나라는 2000년에 고령화 사회로 進入했다.,增加,,증가,증가
4급,100,2023-02-25,5,dokum,다음 밑줄 친 漢字語의 讀音을 쓰시오.,평균 수명이 길어지고 노인 인구가 增加하면서 우리나라는 2000년에 고령화 사회로 進入했다.,進入,,진입,진입
4급,100,2023-02-25,6,dokum,다음 밑줄 친 漢字語의 讀音을 쓰시오.,자신과 타인의 기본권을 保護하려면 그에 따른 責任과 義務를 지켜야 한다.,保護,,보호,보호
4급,100,2023-02-25,7,dokum,다음 밑줄 친 漢字語의 讀音을 쓰시오.,자신과 타인의 기본권을 保護하려면 그에 따른 責任과 義務를 지켜야 한다.,責任,,책임,책임
4급,100,2023-02-25,8,dokum,다음 밑줄 친 漢字語의 讀音을 쓰시오.,자신과 타인의 기본권을 保護하려면 그에 따른 責任과 義務를 지켜야 한다.,義務,,의무,의무
4급,100,2023-02-25,9,dokum,다음 밑줄 친 漢字語의 讀音을 쓰시오.,현실을 逃避하는 태도는 바람직하지 않다.,逃避,,도피,도피
4급,100,2023-02-25,10,dokum,다음 밑줄 친 漢字語의 讀音을 쓰시오.,졸업하고 좋은 회사에 就職하는 것이 나의 작은 꿈이다.,就職,,취직,취직
4급,100,2023-02-25,11,dokum,다음 밑줄 친 漢字語의 讀音을 쓰시오.,稱讚은 고래도 춤추게 한다.,稱讚,,칭찬,칭찬
4급,100,2023-02-25,12,dokum,다음 밑줄 친 漢字語의 讀音을 쓰시오.,어려운 環境에서 최선을 다한 우리 선수들을 應援합니다.,環境,,환경,환경
4급,100,2023-02-25,13,dokum,다음 밑줄 친 漢字語의 讀音을 쓰시오.,어려운 環境에서 최선을 다한 우리 선수들을 應援합니다.,應援,,응원,응원
4급,100,2023-02-25,14,dokum,다음 밑줄 친 漢字語의 讀音을 쓰시오.,성공을 위해서는 올바른 判斷과 選擇 그리고 과감한 실천이 필요하다.,判斷,,판단,판단
4급,100,2023-02-25,15,dokum,다음 밑줄 친 漢字語의 讀音을 쓰시오.,성공을 위해서는 올바른 判斷과 選擇 그리고 과감한 실천이 필요하다.,選擇,,선택,선택
4급,100,2023-02-25,16,dokum,다음 밑줄 친 漢字語의 讀音을 쓰시오.,세상이 混亂에 빠지면 盜賊들이 늘어난다.,混亂,,혼란,혼란
4급,100,2023-02-25,17,dokum,다음 밑줄 친 漢字語의 讀音을 쓰시오.,세상이 混亂에 빠지면 盜賊들이 늘어난다.,盜賊,,도적,도적
4급,100,2023-02-25,18,dokum,다음 밑줄 친 漢字語의 讀音을 쓰시오.,다른 사람의 恩惠를 입었으면 그에 報答하는 것이 사람의 도리이다.,恩惠,,은혜,은혜
4급,100,2023-02-25,19,dokum,다음 밑줄 친 漢字語의 讀音을 쓰시오.,다른 사람의 恩惠를 입었으면 그에 報答하는 것이 사람의 도리이다.,報答,,보답,보답
4급,100,2023-02-25,20,dokum,다음 밑줄 친 漢字語의 讀音을 쓰시오.,危險한 상태를 넘기고 안전한 상태로 復舊됐다.,危險,,위험,위험
4급,100,2023-02-25,21,dokum,다음 밑줄 친 漢字語의 讀音을 쓰시오.,危險한 상태를 넘기고 안전한 상태로 復舊됐다.,復舊,,복구,복구
4급,100,2023-02-25,22,dokum,다음 밑줄 친 漢字語의 讀音을 쓰시오.,勤勉과 誠實이 우리 집 가훈이다.,勤勉,,근면,근면
4급,100,2023-02-25,23,dokum,다음 밑줄 친 漢字語의 讀音을 쓰시오.,勤勉과 誠實이 우리 집 가훈이다.,誠實,,성실,성실
4급,100,2023-02-25,24,dokum,다음 밑줄 친 漢字語의 讀音을 쓰시오.,與件이 허락되면 어른들을 자주 찾아뵙는 것이 좋다.,與件,,여건,여건
4급,100,2023-02-25,25,dokum,다음 밑줄 친 漢字語의 讀音을 쓰시오.,배구에는 守備를 專擔하는 선수가 있다.,守備,,수비,수비
4급,100,2023-02-25,26,dokum,다음 밑줄 친 漢字語의 讀音을 쓰시오.,배구에는 守備를 專擔하는 선수가 있다.,專擔,,전담,전담
4급,100,2023-02-25,27,dokum,다음 밑줄 친 漢字語의 讀音을 쓰시오.,사람들은 때때로 눈앞의 이익이나 損害에 매달린다.,損害,,손해,손해
4급,100,2023-02-25,28,dokum,다음 밑줄 친 漢字語의 讀音을 쓰시오.,전통 시장 상인들은 대령 할인점의 입점을 取消해 달라고 요구했다.,取消,,취소,취소
4급,100,2023-02-25,29,dokum,다음 밑줄 친 漢字語의 讀音을 쓰시오.,독도는 수산 資源이 풍부하다.,資源,,자원,자원
4급,100,2023-02-25,30,dokum,다음 밑줄 친 漢字語의 讀音을 쓰시오.,준비된 사람만이 機會를 잡을 수 있다.,機會,,기회,기회
4급,100,2023-02-25,31,dokum,다음 밑줄 친 漢字語의 讀音을 쓰시오.,상대방의 제안을 拒絶할 때에는 상대의 기분이 상하지 않도록 한다.,拒絶,,거절,거절
4급,100,2023-02-25,32,dokum,다음 밑줄 친 漢字語의 讀音을 쓰시오.,국민의 대표를 뽑는 선거에 投票하는 것은 권리를 행사하는 일이다.,投票,,투표,투표
4급,100,2023-02-25,33,hunum,다음 漢字의 訓과 音을 쓰시오.,看,看,,볼 간,볼 간
4급,100,2023-02-25,34,hunum,다음 漢字의 訓과 音을 쓰시오.,降,降,,내릴 강,내릴 강
4급,100,2023-02-25,35,hunum,다음 漢字의 訓과 音을 쓰시오.,寶,寶,,보배 보,보배 보
4급,100,2023-02-25,36,hunum,다음 漢字의 訓과 音을 쓰시오.,鉛,鉛,,납 연,납 연
4급,100,2023-02-25,37,hunum,다음 漢字의 訓과 音을 쓰시오.,智,智,,슬기/지혜 지,슬기/지혜 지
4급,100,2023-02-25,38,hunum,다음 漢字의 訓과 音을 쓰시오.,閑,閑,,한가할 한,한가할 한
4급,100,2023-02-25,39,hunum,다음 漢字의 訓과 音을 쓰시오.,聽,聽,,들을 청,들을 청
4급,100,2023-02-25,40,hunum,다음 漢字의 訓과 音을 쓰시오.,餘,餘,,남을 여,남을 여
4급,100,2023-02-25,41,hunum,다음 漢字의 訓과 音을 쓰시오.,容,容,,얼굴 용,얼굴 용
4급,100,2023-02-25,42,hunum,다음 漢字의 訓과 音을 쓰시오.,細,細,,가늘 세,가늘 세
4급,100,2023-02-25,43,hunum,다음 漢字의 訓과 音을 쓰시오.,房,房,,방 방,방 방
4급,100,2023-02-25,44,hunum,다음 漢字의 訓과 音을 쓰시오.,味,味,,맛 미,맛 미
4급,100,2023-02-25,45,hunum,다음 漢字의 訓과 音을 쓰시오.,烈,烈,,매울 렬,매울 렬
4급,100,2023-02-25,46,hunum,다음 漢字의 訓과 音을 쓰시오.,怒,怒,,성낼 노,성낼 노
4급,100,2023-02-25,47,hunum,다음 漢字의 訓과 音을 쓰시오.,隊,隊,,무리 대,무리 대
4급,100,2023-02-25,48,hunum,다음 漢字의 訓과 音을 쓰시오.,豆,豆,,콩 두,콩 두
4급,100,2023-02-25,49,hunum,다음 漢字의 訓과 音을 쓰시오.,孤,孤,,외로울 고,외로울 고
4급,100,2023-02-25,50,hunum,다음 漢字의 訓과 音을 쓰시오.,迎,迎,,맞을 영,맞을 영
4급,100,2023-02-25,51,hunum,다음 漢字의 訓과 音을 쓰시오.,肉,肉,,고기 육,고기 육
4급,100,2023-02-25,52,hunum,다음 漢字의 訓과 音을 쓰시오.,賢,賢,,어질 현,어질 현
4급,100,2023-02-25,53,hunum,다음 漢字의 訓과 音을 쓰시오.,評,評,,평할 평,평할 평
4급,100,2023-02-25,54,hunum,다음 漢字의 訓과 音을 쓰시오.,忠,忠,,충성 충,충성 충
4급,100,2023-02-25,55,jangum,다음 單語 중 첫소리가 長音인 것을 가려 그 번호를 쓰시오.,,,"[""① 古史"", ""② 固辭""]",①,①
4급,100,2023-02-25,56,jangum,다음 單語 중 첫소리가 長音인 것을 가려 그 번호를 쓰시오.,,,"[""① 冬期"", ""② 銅器""]",①,①
4급,100,2023-02-25,57,jangum,다음 單語 중 첫소리가 長音인 것을 가려 그 번호를 쓰시오.,,,"[""① 夫人"", ""② 否認""]",②,②
4급,100,2023-02-25,58,banui,다음 밑줄 친 漢字와 뜻이 반대(또는 대립)되는 漢字를 (  ) 속에 적어 문장을 完成하시오.,승률이 같으면 골 得(  ) 차를 갖고 순위를 결정한다.,得,,失,失
4급,100,2023-02-25,59,banui,다음 밑줄 친 漢字와 뜻이 반대(또는 대립)되는 漢字를 (  ) 속에 적어 문장을 完成하시오.,그림을 그릴 때 (  )暗이 잘 드러나도록 한다.,暗,,明,明
4급,100,2023-02-25,60,banui,다음 밑줄 친 漢字와 뜻이 반대(또는 대립)되는 漢字를 (  ) 속에 적어 문장을 完成하시오.,(  )夜를 가리지 않고 연구를 거듭해 큰 업적을 남겼다.,夜,,晝,晝
4급,100,2023-02-25,61,seong-eo,다음 (  ) 안의 글자를 漢字로 적어 四字成語를 完成하시오.,好衣好(식),식,,食,食
4급,100,2023-02-25,62,seong-eo,다음 (  ) 안의 글자를 漢字로 적어 四字成語를 完成하시오.,(안)貧樂道,안,,安,安
4급,100,2023-02-25,63,seong-eo,다음 (  ) 안의 글자를 漢字로 적어 四字成語를 完成하시오.,竹(마)故友,마,,馬,馬
4급,100,2023-02-25,64,seong-eo,다음 (  ) 안의 글자를 漢字로 적어 四字成語를 完成하시오.,自(강)不息,강,,強,強
4급,100,2023-02-25,65,seong-eo,다음 (  ) 안의 글자를 漢字로 적어 四字成語를 完成하시오.,奇想天(외),외,,外,外
4급,100,2023-02-25,66,bushu,다음 漢字의 部首를 쓰시오.,妙,妙,,女,女
4급,100,2023-02-25,67,bushu,다음 漢字의 部首를 쓰시오.,骨,骨,,骨,骨
4급,100,2023-02-25,68,bushu,다음 漢字의 部首를 쓰시오.,負,負,,貝,貝
4급,100,2023-02-25,69,yui,다음 밑줄 친 漢字와 뜻이 같거나 비슷한 漢字를 (  ) 속에 적어 문장을 完成하시오.,현실 (  )覺이 뛰어난 사람이 사회에 잘 적응한다.,覺,,感,感
4급,100,2023-02-25,70,yui,다음 밑줄 친 漢字와 뜻이 같거나 비슷한 漢字를 (  ) 속에 적어 문장을 完成하시오.,비행기는 예정된 시간에 到(  )했다.,到,,着,着
4급,100,2023-02-25,71,yui,다음 밑줄 친 漢字와 뜻이 같거나 비슷한 漢字를 (  ) 속에 적어 문장을 完成하시오.,나라를 위해 자신을 희생한 애국선열의 崇(  )한 정신을 본받아야 한다.,崇,,高,高
4급,100,2023-02-25,72,dongeum,"다음 漢字語의 同音異義語를 漢字(正字)로 쓰되, 제시된 뜻에 맞추시오.",假死 - (   ) 살림살이에 관한 일.,假死,,家事,家事
4급,100,2023-02-25,73,dongeum,"다음 漢字語의 同音異義語를 漢字(正字)로 쓰되, 제시된 뜻에 맞추시오.",修己 - (   ) 체험을 직접 쓴 기록.,修己,,手記,手記
4급,100,2023-02-25,74,dongeum,"다음 漢字語의 同音異義語를 漢字(正字)로 쓰되, 제시된 뜻에 맞추시오.",在庫 - (   ) 다시 생각함.,在庫,,再考,再考
4급,100,2023-02-25,75,uut_select,다음 漢字語의 뜻을 <보기>에서 찾아 그 번호를 쓰시오.,傷處,傷處,"[""① 종교 또는 종파의 단체."", ""② 부상을 입은 자리."", ""③ 종주권을 가진 사람."", ""④ 다른 것을 본뜸."", ""⑤ 처음으로 생각해 냄.""]",②,②
4급,100,2023-02-25,76,uut_select,다음 漢字語의 뜻을 <보기>에서 찾아 그 번호를 쓰시오.,創案,創案,"[""① 종교 또는 종파의 단체."", ""② 부상을 입은 자리."", ""③ 종주권을 가진 사람."", ""④ 다른 것을 본뜸."", ""⑤ 처음으로 생각해 냄.""]",⑤,⑤
4급,100,2023-02-25,77,uut_select,다음 漢字語의 뜻을 <보기>에서 찾아 그 번호를 쓰시오.,宗團,宗團,"[""① 종교 또는 종파의 단체."", ""② 부상을 입은 자리."", ""③ 종주권을 가진 사람."", ""④ 다른 것을 본뜸."", ""⑤ 처음으로 생각해 냄.""]",①,①
4급,100,2023-02-25,78,yakja,다음 漢字의 略字를 쓰시오.,學,學,,学,学
4급,100,2023-02-25,79,yakja,다음 漢字의 略字를 쓰시오.,鐵,鐵,,鉄,鉄
4급,100,2023-02-25,80,yakja,다음 漢字의 略字를 쓰시오.,圖,圖,,図,図
4급,100,2023-02-25,81,hanjaeo_write,다음 각 문장의 밑줄 친 漢字語를 漢字로 쓰시오.,큰 역량을 가진 사람은 그를 뽐내지 않는다.,역량,,力量,力量
4급,100,2023-02-25,82,hanjaeo_write,다음 각 문장의 밑줄 친 漢字語를 漢字로 쓰시오.,어떤 문제에 직면하면 그 문제를 분석하는 것부터 시작해야 한다.,직면,,直面,直面
4급,100,2023-02-25,83,hanjaeo_write,다음 각 문장의 밑줄 친 漢字語를 漢字로 쓰시오.,어떤 문제에 직면하면 그 문제를 분석하는 것부터 시작해야 한다.,시작,,始作,始作
4급,100,2023-02-25,84,hanjaeo_write,다음 각 문장의 밑줄 친 漢字語를 漢字로 쓰시오.,나눔과 봉사는 우리 삶을 더욱 따뜻하고 아름답게 만들어 줍니다.,봉사,,奉仕,奉仕
4급,100,2023-02-25,85,hanjaeo_write,다음 각 문장의 밑줄 친 漢字語를 漢字로 쓰시오.,아첨하는 말을 좋아하는 것은 인간의 본성이다.,본성,,本性,本性
4급,100,2023-02-25,86,hanjaeo_write,다음 각 문장의 밑줄 친 漢字語를 漢字로 쓰시오.,내 안에서 일어나는 감정과 욕구를 잘 조절해야 한다.,조절,,調節,調節
4급,100,2023-02-25,87,hanjaeo_write,다음 각 문장의 밑줄 친 漢字語를 漢字로 쓰시오.,최선이 아니라면 차선책이라도 택하는 것이 좋다.,최선,,最善,最善
4급,100,2023-02-25,88,hanjaeo_write,다음 각 문장의 밑줄 친 漢字語를 漢字로 쓰시오.,연습을 실전처럼 해야 효과가 있다.,효과,,效果,效果
4급,100,2023-02-25,89,hanjaeo_write,다음 각 문장의 밑줄 친 漢字語를 漢字로 쓰시오.,백범 김구의 소원은 우리나라의 완전한 자주 독립이었다.,소원,,所願,所願
4급,100,2023-02-25,90,hanjaeo_write,다음 각 문장의 밑줄 친 漢字語를 漢字로 쓰시오.,백범 김구의 소원은 우리나라의 완전한 자주 독립이었다.,독립,,獨立,獨立
4급,100,2023-02-25,91,hanjaeo_write,다음 각 문장의 밑줄 친 漢字語를 漢字로 쓰시오.,승패에 연연하지 말고 정정당당하게 경기에 임하자.,승패,,勝敗,勝敗
4급,100,2023-02-25,92,hanjaeo_write,다음 각 문장의 밑줄 친 漢字語를 漢字로 쓰시오.,꿈은 이루어진다는 신념을 가진 사람은 가슴 속에 뜨거운 열정을 지니고 있다.,신념,,信念,信念
4급,100,2023-02-25,93,hanjaeo_write,다음 각 문장의 밑줄 친 漢字語를 漢字로 쓰시오.,꿈은 이루어진다는 신념을 가진 사람은 가슴 속에 뜨거운 열정을 지니고 있다.,열정,,熱情,熱情
4급,100,2023-02-25,94,hanjaeo_write,다음 각 문장의 밑줄 친 漢字語를 漢字로 쓰시오.,"합리적인 선택이란 품질, 디자인, 가격 등을 고려해 가장 적은 비용으로 큰 만족감을 얻을 수 있도록 선택하는 것을 말한다.",품질,,品質,品質
4급,100,2023-02-25,95,hanjaeo_write,다음 각 문장의 밑줄 친 漢字語를 漢字로 쓰시오.,"합리적인 선택이란 품질, 디자인, 가격 등을 고려해 가장 적은 비용으로 큰 만족감을 얻을 수 있도록 선택하는 것을 말한다.",가격,,價格,價格
4급,100,2023-02-25,96,hanjaeo_write,다음 각 문장의 밑줄 친 漢字語를 漢字로 쓰시오.,"합리적인 선택이란 품질, 디자인, 가격 등을 고려해 가장 적은 비용으로 큰 만족감을 얻을 수 있도록 선택하는 것을 말한다.",비용,,費用,費用
4급,100,2023-02-25,97,hanjaeo_write,다음 각 문장의 밑줄 친 漢字語를 漢字로 쓰시오.,기업은 자유롭게 경쟁하며 더 좋은 상품을 개발해 많은 이윤을 얻을 수 있다.,경쟁,,競爭,競爭
4급,100,2023-02-25,98,hanjaeo_write,다음 각 문장의 밑줄 친 漢字語를 漢字로 쓰시오.,기업은 자유롭게 경쟁하며 더 좋은 상품을 개발해 많은 이윤을 얻을 수 있다.,개발,,開發,開發
4급,100,2023-02-25,99,hanjaeo_write,다음 각 문장의 밑줄 친 漢字語를 漢字로 쓰시오.,노벨은 다이너마이트를 발명해 막대한 재산을 모았다.,재산,,財産,財産
4급,100,2023-02-25,100,hanjaeo_write,다음 각 문장의 밑줄 친 漢字語를 漢字로 쓰시오.,방송 중 인기 있는 프로그램일수록 광고가 많이 나온다.,광고,,廣告,廣告
4급,99,2022-11-26,1,dokum,다음 밑줄 친 漢字語의 讀音을 쓰시오.,독도와 관련하여 우리 정부는 일본에 강력하게 抗議하였다.,抗議,,항의,항의
4급,99,2022-11-26,2,dokum,다음 밑줄 친 漢字語의 讀音을 쓰시오.,이맘때면 해녀들이 본격적으로 햇미역을 採取한다.,採取,,채취,채취
4급,99,2022-11-26,3,dokum,다음 밑줄 친 漢字語의 讀音을 쓰시오.,귀중한 유물은 진동이 없는 특수 차량으로 護送한다.,護送,,호송,호송
4급,99,2022-11-26,4,dokum,다음 밑줄 친 漢字語의 讀音을 쓰시오.,그는 어떤 難關에 부딪쳐도 이겨낼 자신이 있었다.,難關,,난관,난관
4급,99,2022-11-26,5,dokum,다음 밑줄 친 漢字語의 讀音을 쓰시오.,이 설화는 恩惠를 갚는 동물의 이야기이다.,恩惠,,은혜,은혜
4급,99,2022-11-26,6,dokum,다음 밑줄 친 漢字語의 讀音을 쓰시오.,기온이 급작스럽게 降下하면서 감기 환자가 늘었다.,降下,,강하,강하
4급,99,2022-11-26,7,dokum,다음 밑줄 친 漢字語의 讀音을 쓰시오.,연어는 알을 낳기 위해 자신이 태어난 모천으로 回遊한다.,回遊,,회유,회유
4급,99,2022-11-26,8,dokum,다음 밑줄 친 漢字語의 讀音을 쓰시오.,처마에서 떨어지는 낙숫물 소리가 묘한 感興을 불러왔다.,感興,,감흥,감흥
4급,99,2022-11-26,9,dokum,다음 밑줄 친 漢字語의 讀音을 쓰시오.,자식에 대한 지나친 配慮는 교육을 망칠 수가 있다.,配慮,,배려,배려
4급,99,2022-11-26,10,dokum,다음 밑줄 친 漢字語의 讀音을 쓰시오.,선생의 글에는 세상을 넓게 보는 안목과 年輪이 배어 있다.,年輪,,연륜,연륜
4급,99,2022-11-26,11,dokum,다음 밑줄 친 漢字語의 讀音을 쓰시오.,그는 자기가 이 분야에서 제일이라고 自負했다.,自負,,자부,자부
4급,99,2022-11-26,12,dokum,다음 밑줄 친 漢字語의 讀音을 쓰시오.,자신의 적성에 맞는 職業을 선택하는 것이 좋다.,職業,,직업,직업
4급,99,2022-11-26,13,dokum,다음 밑줄 친 漢字語의 讀音을 쓰시오.,그는 남을 너그럽게 包容할 줄 아는 사람이다.,包容,,포용,포용
4급,99,2022-11-26,14,dokum,다음 밑줄 친 漢字語의 讀音을 쓰시오.,철새의 探鳥 활동은 주로 추운 겨울에 이루어진다.,探鳥,,탐조,탐조
4급,99,2022-11-26,15,dokum,다음 밑줄 친 漢字語의 讀音을 쓰시오.,이 지역에서 중생대 魚龍의 화석이 발견되었다.,魚龍,,어룡,어룡
4급,99,2022-11-26,16,dokum,다음 밑줄 친 漢字語의 讀音을 쓰시오.,겉모습만 보고 사람을 判斷해서는 안 된다.,判斷,,판단,판단
4급,99,2022-11-26,17,dokum,다음 밑줄 친 漢字語의 讀音을 쓰시오.,이마에 난 뾰루지 때문에 무척 神經이 쓰인다.,神經,,신경,신경
4급,99,2022-11-26,18,dokum,다음 밑줄 친 漢字語의 讀音을 쓰시오.,팀 승리에 결정적인 寄與를 한 선수가 최우수 선수로 뽑혔다.,寄與,,기여,기여
4급,99,2022-11-26,19,dokum,다음 밑줄 친 漢字語의 讀音을 쓰시오.,등산 배낭에 餘分の 옷을 한 벌 더 챙겼다.,餘分,,여분,여분
4급,99,2022-11-26,20,dokum,다음 밑줄 친 漢字語의 讀音을 쓰시오.,두 나라는 무기 減縮에 대한 협정을 체결했다.,減縮,,감축,감축
4급,99,2022-11-26,21,dokum,다음 밑줄 친 漢字語의 讀音을 쓰시오.,갑작스러운 폭우로 강남 일대가 亂離를 치렀다.,亂離,,난리,난리
4급,99,2022-11-26,22,dokum,다음 밑줄 친 漢字語의 讀音을 쓰시오.,이 과제물은 다음 주 월요일까지 提出해야 한다.,提出,,제출,제출
4급,99,2022-11-26,23,dokum,다음 밑줄 친 漢字語의 讀音을 쓰시오.,이장에 대한 사람들의 稱頌이 자자했다.,稱頌,,칭송,칭송
4급,99,2022-11-26,24,dokum,다음 밑줄 친 漢字語의 讀音을 쓰시오.,선생님은 다산 정약용에 대한 評傳을 쓰셨다.,評傳,,평전,평전
4급,99,2022-11-26,25,dokum,다음 밑줄 친 漢字語의 讀音을 쓰시오.,의사 선생님은 齒痛의 원인이 충치 때문이라고 하셨다.,齒痛,,치통,치통
4급,99,2022-11-26,26,dokum,다음 밑줄 친 漢字語의 讀音을 쓰시오.,그는 한 회사에 30년을 勤續하셨다.,勤續,,근속,근속
4급,99,2022-11-26,27,dokum,다음 밑줄 친 漢字語의 讀音을 쓰시오.,몸속의 핏줄은 거미줄처럼 서로 連結되어 있다.,連結,,연결,연결
4급,99,2022-11-26,28,dokum,다음 밑줄 친 漢字語의 讀音을 쓰시오.,따뜻한 물에 몸을 담그니 출장으로 쌓인 旅毒이 풀리는 듯하다.,旅毒,,여독,여독
4급,99,2022-11-26,29,dokum,다음 밑줄 친 漢字語의 讀音을 쓰시오.,나는 困境에 빠진 그 친구를 보고만 있을 수 없었다.,困境,,곤경,곤경
4급,99,2022-11-26,30,dokum,다음 밑줄 친 漢字語의 讀音을 쓰시오.,철수의 예상이 絶妙하게 맞아떨어졌다.,絶妙,,절묘,절묘
4급,99,2022-11-26,31,dokum,다음 밑줄 친 漢字語의 讀音을 쓰시오.,좌중의 視線이 일제히 그에게 쏠렸다.,視線,,시선,시선
4급,99,2022-11-26,32,dokum,다음 밑줄 친 漢字語의 讀音을 쓰시오.,태양계의 행성 중에서 목성의 表面積이 가장 크다.,表面積,,표면적,표면적
4급,99,2022-11-26,33,hunum,다음 漢字의 訓과 音을 쓰시오.,備,備,,갖출 비,갖출 비
4급,99,2022-11-26,34,hunum,다음 漢字의 訓과 音을 쓰시오.,液,液,,진 액,진 액
4급,99,2022-11-26,35,hunum,다음 漢字의 訓과 音을 쓰시오.,烈,烈,,매울 렬,매울 렬
4급,99,2022-11-26,36,hunum,다음 漢字의 訓과 音을 쓰시오.,閑,閑,,한가할 한,한가할 한
4급,99,2022-11-26,37,hunum,다음 漢字의 訓과 音을 쓰시오.,壯,壯,,장할 장,장할 장
4급,99,2022-11-26,38,hunum,다음 漢字의 訓과 音을 쓰시오.,候,候,,기후 후,기후 후
4급,99,2022-11-26,39,hunum,다음 漢字의 訓과 音을 쓰시오.,投,投,,던질 투,던질 투
4급,99,2022-11-26,40,hunum,다음 漢字의 訓과 音을 쓰시오.,粉,粉,,가루 분,가루 분
4급,99,2022-11-26,41,hunum,다음 漢字의 訓과 音을 쓰시오.,或,或,,혹 혹,혹 혹
4급,99,2022-11-26,42,hunum,다음 漢字의 訓과 音을 쓰시오.,彈,彈,,탄알 탄,탄알 탄
4급,99,2022-11-26,43,hunum,다음 漢字의 訓과 音을 쓰시오.,筋,筋,,힘줄 근,힘줄 근
4급,99,2022-11-26,44,hunum,다음 漢字의 訓과 音을 쓰시오.,暴,暴,,사나울 폭,사나울 폭
4급,99,2022-11-26,45,hunum,다음 漢字의 訓과 音을 쓰시오.,砲,砲,,대포 포,대포 포
4급,99,2022-11-26,46,hunum,다음 漢字의 訓과 音을 쓰시오.,委,委,,맡길 위,맡길 위
4급,99,2022-11-26,47,hunum,다음 漢字의 訓과 音을 쓰시오.,層,層,,층 층,층 층
4급,99,2022-11-26,48,hunum,다음 漢字의 訓과 音을 쓰시오.,占,占,,점령할 점,점령할 점
4급,99,2022-11-26,49,hunum,다음 漢字의 訓과 音을 쓰시오.,帳,帳,,장막 장,장막 장
4급,99,2022-11-26,50,hunum,다음 漢字의 訓과 音을 쓰시오.,廳,廳,,관청 청,관청 청
4급,99,2022-11-26,51,hunum,다음 漢字의 訓과 音을 쓰시오.,延,延,,늘일 연,늘일 연
4급,99,2022-11-26,52,hunum,다음 漢字의 訓과 音을 쓰시오.,犯,犯,,범할 범,범할 범
4급,99,2022-11-26,53,hunum,다음 漢字의 訓과 音을 쓰시오.,堅,堅,,굳을 견,굳을 견
4급,99,2022-11-26,54,hunum,다음 漢字의 訓과 音을 쓰시오.,裝,裝,,꾸밀 장,꾸밀 장
4급,99,2022-11-26,55,bushu,다음 漢字의 部首를 쓰시오.,華,華,,艸,艸
4급,99,2022-11-26,56,bushu,다음 漢字의 部首를 쓰시오.,副,副,,刀,刀
4급,99,2022-11-26,57,bushu,다음 漢字의 部首를 쓰시오.,買,買,,貝,貝
4급,99,2022-11-26,58,yakja,다음 漢字의 略字를 쓰시오.,輕,輕,,軽,軽
4급,99,2022-11-26,59,yakja,다음 漢字의 略字를 쓰시오.,賣,賣,,売,売
4급,99,2022-11-26,60,yakja,다음 漢字의 略字를 쓰시오.,鐵,鐵,,鉄,鉄
4급,99,2022-11-26,61,jangum,다음 單語 중 첫소리가 長音인 것을 가려 그 번호를 쓰시오.,,,"[""① 構造"", ""② 救助""]",②,②
4급,99,2022-11-26,62,jangum,다음 單語 중 첫소리가 長音인 것을 가려 그 번호를 쓰시오.,,,"[""① 動機"", ""② 銅器""]",①,①
4급,99,2022-11-26,63,jangum,다음 單語 중 첫소리가 長音인 것을 가려 그 번호를 쓰시오.,,,"[""① 無用"", ""② 武勇""]",②,②
4급,99,2022-11-26,64,banui,다음 밑줄 친 漢字와 뜻이 반대(또는 대립)되는 漢字를 (  ) 속에 적어 문장을 完成하시오.,판사는 법률에 의하여 (  )刑의 유무와 경중을 판정한다.,刑,,罪,罪
4급,99,2022-11-26,65,banui,다음 밑줄 친 漢字와 뜻이 반대(또는 대립)되는 漢字를 (  ) 속에 적어 문장을 完成하시오.,이 안건을 표결에 부쳐 학우들에게 (  )否를 묻기로 하였다.,否,,可,可
4급,99,2022-11-26,66,banui,다음 밑줄 친 漢字와 뜻이 반대(또는 대립)되는 漢字를 (  ) 속에 적어 문장을 完成하시오.,일을 공정하게 처리하려면 매사에 (  )私를 철저히 구분하여야 한다.,私,,公,公
4급,99,2022-11-26,67,yui,다음 밑줄 친 漢字와 뜻이 같거나 비슷한 漢字를 (  ) 속에 적어 문장을 完成하시오.,살다 보면 우리는 늘 (  )擇과 결정의 갈림길에 서게 된다.,擇,,選,選
4급,99,2022-11-26,68,yui,다음 밑줄 친 漢字와 뜻이 같거나 비슷한 漢字를 (  ) 속에 적어 문장을 完成하시오.,그 지역의 기후와 (  )居 양식은 서로 밀접한 관련성이 있다.,居,,住,住
4급,99,2022-11-26,69,yui,다음 밑줄 친 漢字와 뜻이 같거나 비슷한 漢字를 (  ) 속에 적어 문장을 完成하시오.,다른 사람의 공부에 妨(  )되지 않게 문을 소리 나지 않게 닫았다.,妨,,害,害
4급,99,2022-11-26,70,dongeum,"다음 漢字語의 同音異義語를 漢字(正字)로 쓰되, 제시된 뜻에 맞추시오.",手簡 - (    ) : 나무와 나무의 사이.,手簡,,樹間,樹間
4급,99,2022-11-26,71,dongeum,"다음 漢字語의 同音異義語를 漢字(正字)로 쓰되, 제시된 뜻에 맞추시오.",守衛 - (    ) : 물의 높이.,守衛,,水位,水位
4급,99,2022-11-26,72,dongeum,"다음 漢字語의 同音異義語를 漢字(正字)로 쓰되, 제시된 뜻에 맞추시오.",徒勞 - (    ) : 사람이나 차가 다니는 길.,徒勞,,道路,道路
4급,99,2022-11-26,73,uut_select,다음 漢字語의 뜻을 <보기>에서 찾아 그 번호를 쓰시오.,怨辭,怨辭,"[""① 갑작스럽게 터짐."", ""② 알기 쉽게 풀어서 설명하는 말."", ""③ 원망하는 말."", ""④ 총포 따위를 잘못 쏨."", ""⑤ 부탁하는 말."", ""⑥ 다른 주장이나 의견.""]",③,③
4급,99,2022-11-26,74,uut_select,다음 漢字語의 뜻을 <보기>에서 찾아 그 번호를 쓰시오.,異說,異說,"[""① 갑작스럽게 터짐."", ""② 알기 쉽게 풀어서 설명하는 말."", ""③ 원망하는 말."", ""④ 총포 따위를 잘못 쏨."", ""⑤ 부탁하는 말."", ""⑥ 다른 주장이나 의견.""]",⑥,⑥
4급,99,2022-11-26,75,uut_select,다음 漢字語의 뜻을 <보기>에서 찾아 그 번호를 쓰시오.,誤發,誤發,"[""① 갑작스럽게 터짐."", ""② 알기 쉽게 풀어서 설명하는 말."", ""③ 원망하는 말."", ""④ 총포 따위를 잘못 쏨."", ""⑤ 부탁하는 말."", ""⑥ 다른 주장이나 의견.""]",④,④
4급,99,2022-11-26,76,seong-eo,다음 (  ) 안의 글자를 漢字로 적어 四字成語를 完成하시오.,(악)戰苦鬪,악,,惡,惡
4급,99,2022-11-26,77,seong-eo,다음 (  ) 안의 글자를 漢字로 적어 四字成語를 完成하시오.,(백)折不屈,백,,百,百
4급,99,2022-11-26,78,seong-eo,다음 (  ) 안의 글자를 漢字로 적어 四字成語를 完成하시오.,言中(유)骨,유,,有,有
4급,99,2022-11-26,79,seong-eo,다음 (  ) 안의 글자를 漢字로 적어 四字成語를 完成하시오.,(천)篇一律,천,,千,千
4급,99,2022-11-26,80,seong-eo,다음 (  ) 안의 글자를 漢字로 적어 四字成語를 完成하시오.,事(필)歸正,필,,必,必
4급,99,2022-11-26,81,hanjaeo_write,다음 각 문장의 밑줄 친 漢字語를 漢字로 쓰시오.,비타민이 많은 과일은 감기 예방 효과가 있다.,효과,,效果,效果
4급,99,2022-11-26,82,hanjaeo_write,다음 각 문장의 밑줄 친 漢字語를 漢字로 쓰시오.,학문과 예술에 대한 그의 열정은 남달랐다.,열정,,熱情,熱情
4급,99,2022-11-26,83,hanjaeo_write,다음 각 문장의 밑줄 친 漢字語를 漢字로 쓰시오.,산 정상에 도착하려면 아직 한 시간 정도 더 가야한다.,도착,,到着,到着
4급,99,2022-11-26,84,hanjaeo_write,다음 각 문장의 밑줄 친 漢字語를 漢字로 쓰시오.,조선 후기에는 전기에 비해 상공업이 더욱 발달하였다.,전기,,前期,前期
4급,99,2022-11-26,85,hanjaeo_write,다음 각 문장의 밑줄 친 漢字語를 漢字로 쓰시오.,오늘 회의에 참석하라는 통보를 받았다.,참석,,參席,參席
4급,99,2022-11-26,86,hanjaeo_write,다음 각 문장의 밑줄 친 漢字語를 漢字로 쓰시오.,일선 부대에 작전 명령이 하달되었다.,명령,,命令,命令
4급,99,2022-11-26,87,hanjaeo_write,다음 각 문장의 밑줄 친 漢字語를 漢字로 쓰시오.,요즘에는 자연 환경을 보존하려는 의식이 높아지고 있다.,의식,,意識,意識
4급,99,2022-11-26,88,hanjaeo_write,다음 각 문장의 밑줄 친 漢字語를 漢字로 쓰시오.,자신을 희생한 그의 행동은 퍽 고귀했다.,고귀,,高貴,高貴
4급,99,2022-11-26,89,hanjaeo_write,다음 각 문장의 밑줄 친 漢字語를 漢字로 쓰시오.,운전자들은 각종 도로 교통에 관한 법규를 준수해야 한다.,법규,,法規,法規
4급,99,2022-11-26,90,hanjaeo_write,다음 각 문장의 밑줄 친 漢字語를 漢字로 쓰시오.,공공요금의 인상은 서민 경제에 많은 영향을 미친다.,요금,,料金,料金
4급,99,2022-11-26,91,hanjaeo_write,다음 각 문장의 밑줄 친 漢字語를 漢字로 쓰시오.,그분에게서는 단정하고 고고한 인품이 느껴진다.,인품,,人品,人品
4급,99,2022-11-26,92,hanjaeo_write,다음 각 문장의 밑줄 친 漢字語를 漢字로 쓰시오.,이 계곡은 곳곳에 급류와 폭포가 이어진 지형이다.,급류,,急流,急流
4급,99,2022-11-26,93,hanjaeo_write,다음 각 문장의 밑줄 친 漢字語를 漢字로 쓰시오.,이 시장은 각 지방의 다양한 산물들이 모이는 곳이다.,산물,,産物,産物
4급,99,2022-11-26,94,hanjaeo_write,다음 각 문장의 밑줄 친 漢字語를 漢字로 쓰시오.,동문 선후배간 친선을 도모하기 위해 운동회를 개최했다.,친선,,親善,親善
4급,99,2022-11-26,95,hanjaeo_write,다음 각 문장의 밑줄 친 漢字語를 漢字로 쓰시오.,할아버지께서는 한문으로 된 원문도 척척 읽어 내신다.,원문,,原文,原文
4급,99,2022-11-26,96,hanjaeo_write,다음 각 문장의 밑줄 친 漢字語를 漢字로 쓰시오.,영희는 매사 신중하게 사고하고 판단하는 성격이다.,사고,,思考,思考
4급,99,2022-11-26,97,hanjaeo_write,다음 각 문장의 밑줄 친 漢字語를 漢字로 쓰시오.,그녀는 국제 콩쿠르에서 세 번이나 입상했다.,입상,,入賞,入賞
4급,99,2022-11-26,98,hanjaeo_write,다음 각 문장의 밑줄 친 漢字語를 漢字로 쓰시오.,장터에는 물건값을 흥정하고 거래하는 사람들로 북적였다.,거래,,去來,去來
4급,99,2022-11-26,99,hanjaeo_write,다음 각 문장의 밑줄 친 漢字語를 漢字로 쓰시오.,최선을 다 했다면 실패를 두려워할 필요가 없다.,실패,,失敗,失敗
4급,99,2022-11-26,100,hanjaeo_write,다음 각 문장의 밑줄 친 漢字語를 漢字로 쓰시오.,할머니는 늘 객지에 나간 작은 삼촌을 걱정하셨다.,객지,,客地,客地
4급,98,2022-08-27,1,dokum,다음 밑줄 친 漢字語의 讀音을 쓰시오.,지구 溫暖化 문제를 解決하려면 어떤 努力을 해야 할까?,溫暖化,,온난화,온난화
4급,98,2022-08-27,2,dokum,다음 밑줄 친 漢字語의 讀音을 쓰시오.,지구 溫暖化 문제를 解決하려면 어떤 努力을 해야 할까?,解決,,해결,해결
4급,98,2022-08-27,3,dokum,다음 밑줄 친 漢字語의 讀音을 쓰시오.,지구 溫暖化 문제를 解決하려면 어떤 努力을 해야 할까?,努力,,노력,노력
4급,98,2022-08-27,4,dokum,다음 밑줄 친 漢字語의 讀音을 쓰시오.,밤사이 내린 눈 때문에 도로가 얼어 出勤길 불편이 豫想됩니다.,出勤,,출근,출근
4급,98,2022-08-27,5,dokum,다음 밑줄 친 漢字語의 讀音을 쓰시오.,밤사이 내린 눈 때문에 도로가 얼어 出勤길 불편이 豫想됩니다.,豫想,,예상,예상
4급,98,2022-08-27,6,dokum,다음 밑줄 친 漢字語의 讀音을 쓰시오.,친구에게 稱讚하거나 助言하는 말을 해 봅시다.,稱讚,,칭찬,칭찬
4급,98,2022-08-27,7,dokum,다음 밑줄 친 漢字語의 讀音을 쓰시오.,친구에게 稱讚하거나 助言하는 말을 해 봅시다.,助言,,조언,조언
4급,98,2022-08-27,8,dokum,다음 밑줄 친 漢字語의 讀音을 쓰시오.,目標를 향해 나아가지 못하게 妨害하는 습관을 버려야 한다.,目標,,목표,목표
4급,98,2022-08-27,9,dokum,다음 밑줄 친 漢字語의 讀音을 쓰시오.,目標를 향해 나아가지 못하게 妨害하는 습관을 버려야 한다.,妨害,,방해,방해
4급,98,2022-08-27,10,dokum,다음 밑줄 친 漢字語의 讀音을 쓰시오.,우리나라는 산이나 호수 등의 자연 環境을 基準으로 지역을 구분했다.,環境,,환경,환경
4급,98,2022-08-27,11,dokum,다음 밑줄 친 漢字語의 讀音을 쓰시오.,우리나라는 산이나 호수 등의 자연 環境을 基準으로 지역을 구분했다.,基準,,기준,기준
4급,98,2022-08-27,12,dokum,다음 밑줄 친 漢字語의 讀音을 쓰시오.,정부 수립을 둘러싼 混亂 속에서 국제 연합은 남북한 總選舉로 통일 정부를 수립하기로 결정했다.,混亂,,혼란,혼란
4급,98,2022-08-27,13,dokum,다음 밑줄 친 漢字語의 讀音을 쓰시오.,정부 수립을 둘러싼 混亂 속에서 국제 연합은 남북한 總選舉로 통일 정부를 수립하기로 결정했다.,總選舉,,총선거,총선거
4급,98,2022-08-27,14,dokum,다음 밑줄 친 漢字語의 讀音을 쓰시오.,非武裝 지대 周邊은 오랫동안 사람들의 발길이 닿지 않으면서 생태계가 잘 保存되어 있다.,非武裝,,비무장,비무장
4급,98,2022-08-27,15,dokum,다음 밑줄 친 漢字語의 讀音을 쓰시오.,非武裝 지대 周邊은 오랫동안 사람들의 발길이 닿지 않으면서 생태계가 잘 保存되어 있다.,周邊,,주변,주변
4급,98,2022-08-27,16,dokum,다음 밑줄 친 漢字語의 讀音을 쓰시오.,非武裝 지대 周邊은 오랫동안 사람들의 발길이 닿지 않으면서 생태계가 잘 保存되어 있다.,保存,,보존,보존
4급,98,2022-08-27,17,dokum,다음 밑줄 친 漢字語의 讀音을 쓰시오.,현대는 激變하는 시대이므로 持續的으로 배워야 한다.,激變,,격변,격변
4급,98,2022-08-27,18,dokum,다음 밑줄 친 漢字語의 讀音을 쓰시오.,현대는 激變하는 시대이므로 持續的으로 배워야 한다.,持續的,,지속적,지속적
4급,98,2022-08-27,19,dokum,다음 밑줄 친 漢字語의 讀音을 쓰시오.,긍정적인 態度는 긍정적인 결과를 만든다.,態度,,태도,태도
4급,98,2022-08-27,20,dokum,다음 밑줄 친 漢字語의 讀音을 쓰시오.,사치와 虛榮은 사회적으로 비난을 받는다.,虛榮,,허영,허영
4급,98,2022-08-27,21,dokum,다음 밑줄 친 漢字語의 讀音을 쓰시오.,"心血을 기울여 일을 處理하며, 남을 진실하게 대하라.",心血,,심혈,심혈
4급,98,2022-08-27,22,dokum,다음 밑줄 친 漢字語의 讀音을 쓰시오.,"心血을 기울여 일을 處理하며, 남을 진실하게 대하라.",處理,,처리,처리
4급,98,2022-08-27,23,dokum,다음 밑줄 친 漢字語의 讀音을 쓰시오.,갯벌에서 해산물을 採取한다.,採取,,채취,채취
4급,98,2022-08-27,24,dokum,다음 밑줄 친 漢字語의 讀音을 쓰시오.,納稅는 국민이 지켜야 할 의무이다.,納稅,,납세,납세
4급,98,2022-08-27,25,dokum,다음 밑줄 친 漢字語의 讀音을 쓰시오.,장애인을 위한 施設이 부족하다.,施設,,시설,시설
4급,98,2022-08-27,26,dokum,다음 밑줄 친 漢字語의 讀音을 쓰시오.,흑색 宣傳은 민주주의의 적이다.,宣傳,,선전,선전
4급,98,2022-08-27,27,dokum,다음 밑줄 친 漢字語의 讀音을 쓰시오.,원시인들은 자연을 崇拜했다.,崇拜,,숭배,숭배
4급,98,2022-08-27,28,dokum,다음 밑줄 친 漢字語의 讀音을 쓰시오.,하늘에는 새들이 閑暇롭게 날고 있다.,閑暇,,한가,한가
4급,98,2022-08-27,29,dokum,다음 밑줄 친 漢字語의 讀音을 쓰시오.,이번 폭우로 많은 건물과 도로가 破損되었다.,破損,,파손,파손
4급,98,2022-08-27,30,dokum,다음 밑줄 친 漢字語의 讀音을 쓰시오.,系統學은 여러 생물의 진화를 연구한다.,系統學,,계통학,계통학
4급,98,2022-08-27,31,dokum,다음 밑줄 친 漢字語의 讀音을 쓰시오.,교통 법규를 어기면 罰點을 받는다.,罰點,,벌점,벌점
4급,98,2022-08-27,32,dokum,다음 밑줄 친 漢字語의 讀音을 쓰시오.,바다는 자원의 寶庫이다.,寶庫,,보고,보고
4급,98,2022-08-27,33,hunum,다음 漢字의 訓과 音을 쓰시오.,刻,刻,,새길 각,새길 각
4급,98,2022-08-27,34,hunum,다음 漢字의 訓과 音을 쓰시오.,低,低,,낮을 저,낮을 저
4급,98,2022-08-27,35,hunum,다음 漢字의 訓과 音을 쓰시오.,堅,堅,,굳을 견,굳을 견
4급,98,2022-08-27,36,hunum,다음 漢字의 訓과 音을 쓰시오.,骨,骨,,뼈 골,뼈 골
4급,98,2022-08-27,37,hunum,다음 漢字의 訓과 音을 쓰시오.,鑛,鑛,,쇳돌 광,쇳돌 광
4급,98,2022-08-27,38,hunum,다음 漢字의 訓과 音을 쓰시오.,券,券,,문서 권,문서 권
4급,98,2022-08-27,39,hunum,다음 漢字의 訓과 音을 쓰시오.,妙,妙,,묘할 묘,묘할 묘
4급,98,2022-08-27,40,hunum,다음 漢字의 訓과 音을 쓰시오.,祕,祕,,숨길 비,숨길 비
4급,98,2022-08-27,41,hunum,다음 漢字의 訓과 音을 쓰시오.,烈,烈,,매울 렬,매울 렬
4급,98,2022-08-27,42,hunum,다음 漢字의 訓과 音을 쓰시오.,拍,拍,,칠 박,칠 박
4급,98,2022-08-27,43,hunum,다음 漢字의 訓과 音을 쓰시오.,伏,伏,,엎드릴 복,엎드릴 복
4급,98,2022-08-27,44,hunum,다음 漢字의 訓과 音을 쓰시오.,絲,絲,,실 사,실 사
4급,98,2022-08-27,45,hunum,다음 漢字의 訓과 音을 쓰시오.,威,威,,위엄 위,위엄 위
4급,98,2022-08-27,46,hunum,다음 漢字의 訓과 音을 쓰시오.,折,折,,꺾을 절,꺾을 절
4급,98,2022-08-27,47,hunum,다음 漢字의 訓과 音을 쓰시오.,泉,泉,,샘 천,샘 천
4급,98,2022-08-27,48,hunum,다음 漢字의 訓과 音을 쓰시오.,險,險,,험할 험,험할 험
4급,98,2022-08-27,49,hunum,다음 漢字의 訓과 音을 쓰시오.,避,避,,피할 피,피할 피
4급,98,2022-08-27,50,hunum,다음 漢字의 訓과 音을 쓰시오.,與,與,,더불/줄 여,더불/줄 여
4급,98,2022-08-27,51,hunum,다음 漢字의 訓과 音을 쓰시오.,舞,舞,,춤출 무,춤출 무
4급,98,2022-08-27,52,hunum,다음 漢字의 訓과 音을 쓰시오.,層,層,,층 층,층 층
4급,98,2022-08-27,53,hunum,다음 漢字의 訓과 音을 쓰시오.,適,適,,맞을 적,맞을 적
4급,98,2022-08-27,54,hunum,다음 漢字의 訓과 音을 쓰시오.,異,異,,다를 이,다를 이
4급,98,2022-08-27,55,jangum,다음 單語 중 첫소리가 長音인 것을 가려 그 번호를 쓰시오.,,,"[""① 山行"", ""② 算法""]",②,②
4급,98,2022-08-27,56,jangum,다음 單語 중 첫소리가 長音인 것을 가려 그 번호를 쓰시오.,,,"[""① 勇氣"", ""② 龍旗""]",①,①
4급,98,2022-08-27,57,jangum,다음 單語 중 첫소리가 長音인 것을 가려 그 번호를 쓰시오.,,,"[""① 陣地"", ""② 盡心""]",②,②
4급,98,2022-08-27,58,banui,다음 밑줄 친 漢字와 뜻이 반대(또는 대립)되는 漢字를 (  ) 속에 적어 문장을 完成하시오.,(  )否 동수인 경우 의장이 결정한다.,否,,可,可
4급,98,2022-08-27,59,banui,다음 밑줄 친 漢字와 뜻이 반대(또는 대립)되는 漢字를 (  ) 속에 적어 문장을 完成하시오.,공직자는 (  )私를 분명히 해야 한다.,私,,公,公
4급,98,2022-08-27,60,banui,다음 밑줄 친 漢字와 뜻이 반대(또는 대립)되는 漢字를 (  ) 속에 적어 문장을 完成하시오.,경기는 始(  ) 일관 우리 팀이 우세했다.,始,,終,終
4급,98,2022-08-27,61,seong-eo,다음 (  ) 안의 글자를 漢字로 적어 四字成語를 完成하시오.,會者(정)離,정,,定,定
4급,98,2022-08-27,62,seong-eo,다음 (  ) 안의 글자를 漢字로 적어 四字成語를 完成하시오.,至誠(감)天,감,,感,感
4급,98,2022-08-27,63,seong-eo,다음 (  ) 안의 글자를 漢字로 적어 四字成語를 完成하시오.,(종)豆得豆,종,,種,種
4급,98,2022-08-27,64,seong-eo,다음 (  ) 안의 글자를 漢字로 적어 四字成語를 完成하시오.,牛(이)讀經,이,,耳,耳
4급,98,2022-08-27,65,seong-eo,다음 (  ) 안의 글자를 漢字로 적어 四字成語를 完成하시오.,(일)就月將,일,,日,日
4급,98,2022-08-27,66,bushu,다음 漢字의 部首를 쓰시오.,戒,戒,,戈,戈
4급,98,2022-08-27,67,bushu,다음 漢字의 部首를 쓰시오.,乳,乳,,乙,乙
4급,98,2022-08-27,68,bushu,다음 漢字의 部首를 쓰시오.,華,華,,艸,艸
4급,98,2022-08-27,69,yui,다음 밑줄 친 漢字와 뜻이 같거나 비슷한 漢字를 (  ) 속에 적어 문장을 完成하시오.,그는 오랫동안 의심을 받았지만 潔(  )함이 증명되었다.,潔,,白,白
4급,98,2022-08-27,70,yui,다음 밑줄 친 漢字와 뜻이 같거나 비슷한 漢字를 (  ) 속에 적어 문장을 完成하시오.,타인에 둘러싸여 있으면서 외로움을 느끼는 것을 군중 속의 孤(  )이라고 한다.,孤,,獨,獨
4급,98,2022-08-27,71,yui,다음 밑줄 친 漢字와 뜻이 같거나 비슷한 漢字를 (  ) 속에 적어 문장을 完成하시오.,이 제품은 유효기간이 經(  )되었다.,經,,過,過
4급,98,2022-08-27,72,dongeum,"다음 漢字語의 同音異義語를 漢字(正字)로 쓰되, 제시된 뜻에 맞추시오.",家屬 - (     ) : 점점 속도를 더함.,家屬,,加速,加速
4급,98,2022-08-27,73,dongeum,"다음 漢字語의 同音異義語를 漢字(正字)로 쓰되, 제시된 뜻에 맞추시오.",禁酒 - (     ) : 이번 주.,禁酒,,今週,今週
4급,98,2022-08-27,74,dongeum,"다음 漢字語의 同音異義語를 漢字(正字)로 쓰되, 제시된 뜻에 맞추시오.",共鳴 - (     ) : 공을 세워 이름을 드러냄.,共鳴,,功名,功名
4급,98,2022-08-27,75,uut_select,다음 漢字語의 뜻을 <보기>에서 찾아 그 번호를 쓰시오.,殘餘,殘餘,"[""① 토지 대장."", ""② 행동을 일으키게 하는 계기."", ""③ 구리로 만든 그릇."", ""④ 적당하게 일을 잘 처리함."", ""⑤ 잘 차려입음."", ""⑥ 남아 있음.""]",⑥,⑥
4급,98,2022-08-27,76,uut_select,다음 漢字語의 뜻을 <보기>에서 찾아 그 번호를 쓰시오.,銅器,銅器,"[""① 토지 대장."", ""② 행동을 일으키게 하는 계기."", ""③ 구리로 만든 그릇."", ""④ 적당하게 일을 잘 처리함."", ""⑤ 잘 차려입음."", ""⑥ 남아 있음.""]",③,③
4급,98,2022-08-27,77,uut_select,다음 漢字語의 뜻을 <보기>에서 찾아 그 번호를 쓰시오.,田籍,田籍,"[""① 토지 대장."", ""② 행동을 일으키게 하는 계기."", ""③ 구리로 만든 그릇."", ""④ 적당하게 일을 잘 처리함."", ""⑤ 잘 차려입음."", ""⑥ 남아 있음.""]",①,①
4급,98,2022-08-27,78,yakja,다음 漢字의 略字를 쓰시오.,鐵,鐵,,鉄,鉄
4급,98,2022-08-27,79,yakja,다음 漢字의 略字를 쓰시오.,廣,廣,,広,広
4급,98,2022-08-27,80,yakja,다음 漢字의 略字를 쓰시오.,當,當,,当,当
4급,98,2022-08-27,81,hanjaeo_write,다음 각 문장의 밑줄 친 漢字語를 漢字로 쓰시오.,보는 사람이 없어도 규칙을 잘 지킵시다.,규칙,,規則,規則
4급,98,2022-08-27,82,hanjaeo_write,다음 각 문장의 밑줄 친 漢字語를 漢字로 쓰시오.,우리 국토는 유라시아 대륙의 동쪽 끝에 위치하고 있다.,대륙,,大陸,大陸
4급,98,2022-08-27,83,hanjaeo_write,다음 각 문장의 밑줄 친 漢字語를 漢字로 쓰시오.,가계는 기업의 생산 활동에 참여하고 기업에서 만든 물건을 구입한다.,활동,,活動,活動
4급,98,2022-08-27,84,hanjaeo_write,다음 각 문장의 밑줄 친 漢字語를 漢字로 쓰시오.,가계는 기업의 생산 활동에 참여하고 기업에서 만든 물건을 구입한다.,물건,,物件,物件
4급,98,2022-08-27,85,hanjaeo_write,다음 각 문장의 밑줄 친 漢字語를 漢字로 쓰시오.,소설 작품 속 세계와 현실 세계는 다르다.,소설,,小說,小說
4급,98,2022-08-27,86,hanjaeo_write,다음 각 문장의 밑줄 친 漢字語를 漢字로 쓰시오.,소설 작품 속 세계와 현실 세계는 다르다.,작품,,作品,作品
4급,98,2022-08-27,87,hanjaeo_write,다음 각 문장의 밑줄 친 漢字語를 漢字로 쓰시오.,소설 작품 속 세계와 현실 세계는 다르다.,현실,,現實,現實
4급,98,2022-08-27,88,hanjaeo_write,다음 각 문장의 밑줄 친 漢字語를 漢字로 쓰시오.,팔만대장경은 고려의 기술 수준을 잘 보여준다.,기술,,技術,技術
4급,98,2022-08-27,89,hanjaeo_write,다음 각 문장의 밑줄 친 漢字語를 漢字로 쓰시오.,남에게 강요하는 것은 상대방을 존중하지 않는 것이다.,강요,,強要,強要
4급,98,2022-08-27,90,hanjaeo_write,다음 각 문장의 밑줄 친 漢字語를 漢字로 쓰시오.,남에게 강요하는 것은 상대방을 존중하지 않는 것이다.,상대방,,相對方,相對方
4급,98,2022-08-27,91,hanjaeo_write,다음 각 문장의 밑줄 친 漢字語를 漢字로 쓰시오.,진정한 봉사는 보상이나 대가를 바라지 않고 베푸는 것이다.,봉사,,奉仕,奉仕
4급,98,2022-08-27,92,hanjaeo_write,다음 각 문장의 밑줄 친 漢字語를 漢字로 쓰시오.,진정한 봉사는 보상이나 대가를 바라지 않고 베푸는 것이다.,대가,,代價,代價
4급,98,2022-08-27,93,hanjaeo_write,다음 각 문장의 밑줄 친 漢字語를 漢字로 쓰시오.,세종은 백성이 나라의 근본이라고 생각했다.,근본,,根本,根本
4급,98,2022-08-27,94,hanjaeo_write,다음 각 문장의 밑줄 친 漢字語를 漢字로 쓰시오.,전쟁이 끝나고 조선과 청은 신하와 임금의 관계를 맺었다.,전쟁,,戰爭,戰爭
4급,98,2022-08-27,95,hanjaeo_write,다음 각 문장의 밑줄 친 漢字語를 漢字로 쓰시오.,전쟁이 끝나고 조선과 청은 신하와 임금의 관계를 맺었다.,신하,,臣下,臣下
4급,98,2022-08-27,96,hanjaeo_write,다음 각 문장의 밑줄 친 漢字語를 漢字로 쓰시오.,조선 후기에는 농업 생산력이 높아지고 상공업이 발달하면서 여러 가지 변화가 나타났다.,후기,,後期,後期
4급,98,2022-08-27,97,hanjaeo_write,다음 각 문장의 밑줄 친 漢字語를 漢字로 쓰시오.,조선 후기에는 농업 생산력이 높아지고 상공업이 발달하면서 여러 가지 변화가 나타났다.,농업,,農業,農業
4급,98,2022-08-27,98,hanjaeo_write,다음 각 문장의 밑줄 친 漢字語를 漢字로 쓰시오.,조선 후기에는 농업 생산력이 높아지고 상공업이 발달하면서 여러 가지 변화가 나타났다.,상공,,商工,商工
4급,98,2022-08-27,99,hanjaeo_write,다음 각 문장의 밑줄 친 漢字語를 漢字로 쓰시오.,산과 호수가 어우러져 경치가 아름답다.,호수,,湖水,湖水
4급,98,2022-08-27,100,hanjaeo_write,다음 각 문장의 밑줄 친 漢字語를 漢字로 쓰시오.,결과도 중요하지만 과정도 중시해야 한다.,결과,,結果,結果
4급,97,2022-05-28,1,dokum,다음 밑줄 친 漢字語의 讀音을 쓰시오.,건물의 실제 도면을 십분의 일로 縮圖했다.,縮圖,,축도,축도
4급,97,2022-05-28,2,dokum,다음 밑줄 친 漢字語의 讀音을 쓰시오.,경찰은 평범한 시민을 범죄자로 誤認했다.,誤認,,오인,오인
4급,97,2022-05-28,3,dokum,다음 밑줄 친 漢字語의 讀音을 쓰시오.,그 건물은 최첨단 施設을 갖추고 있다.,施設,,시설,시설
4급,97,2022-05-28,4,dokum,다음 밑줄 친 漢字語의 讀音을 쓰시오.,그의 말솜씨에 說伏 당하지 않을 사람이 없다.,說伏,,설복,설복
4급,97,2022-05-28,5,dokum,다음 밑줄 친 漢字語의 讀音을 쓰시오.,많은 장병들이 이 고지를 死守하기 위해 목숨을 바쳤다.,死守,,사수,사수
4급,97,2022-05-28,6,dokum,다음 밑줄 친 漢字語의 讀音을 쓰시오.,박 후보는 선거에서 次點으로 낙선하였다.,次點,,차점,차점
4급,97,2022-05-28,7,dokum,다음 밑줄 친 漢字語의 讀音을 쓰시오.,비평가는 작가의 작품을 통하여 그의 세계관을 推論한다.,推論,,추론,추론
4급,97,2022-05-28,8,dokum,다음 밑줄 친 漢字語의 讀音을 쓰시오.,冷嚴하기만 한 사람은 벗이 따르지 않는다.,冷嚴,,냉엄,냉엄
4급,97,2022-05-28,9,dokum,다음 밑줄 친 漢字語의 讀音을 쓰시오.,생태 지도는 多樣한 環境에서 서식하는 생물의 특징이나 생활 방식과 같은 여러 가지 情報를 제공해 주는 重要한 資料입니다.,多樣,,다양,다양
4급,97,2022-05-28,10,dokum,다음 밑줄 친 漢字語의 讀音을 쓰시오.,생태 지도는 多樣한 環境에서 서식하는 생물의 특징이나 생활 방식과 같은 여러 가지 情報를 제공해 주는 重要한 資料입니다.,環境,,환경,환경
4급,97,2022-05-28,11,dokum,다음 밑줄 친 漢字語의 讀音을 쓰시오.,생태 지도는 多樣한 環境에서 서식하는 생물의 특징이나 생활 방식과 같은 여러 가지 情報를 제공해 주는 重要한 資料입니다.,情報,,정보,정보
4급,97,2022-05-28,12,dokum,다음 밑줄 친 漢字語의 讀音을 쓰시오.,생태 지도는 多樣한 環境에서 서식하는 생물의 특징이나 생활 방식과 같은 여러 가지 情報를 제공해 주는 重要한 資料입니다.,重要,,중요,중요
4급,97,2022-05-28,13,dokum,다음 밑줄 친 漢字語의 讀音을 쓰시오.,생태 지도는 多樣한 環境에서 서식하는 생물의 특징이나 생활 방식과 같은 여러 가지 情報를 제공해 주는 重要한 資料입니다.,資料,,자료,자료
4급,97,2022-05-28,14,dokum,다음 밑줄 친 漢字語의 讀音을 쓰시오.,"誠實하고 勤勉한 姿勢, 그리고 責任感있고 積極的인 생활 態度는 현대인의 필수적인 德目이라 할 것이다.",誠實,,성실,성실
4급,97,2022-05-28,15,dokum,다음 밑줄 친 漢字語의 讀音을 쓰시오.,"誠實하고 勤勉한 姿勢, 그리고 責任感있고 積極的인 생활 態度는 현대인의 필수적인 德目이라 할 것이다.",勤勉,,근면,근면
4급,97,2022-05-28,16,dokum,다음 밑줄 친 漢字語의 讀音을 쓰시오.,"誠實하고 勤勉한 姿勢, 그리고 責任感있고 積極的인 생활 態度는 현대인의 필수적인 德目이라 할 것이다.",姿勢,,자세,자세
4급,97,2022-05-28,17,dokum,다음 밑줄 친 漢字語의 讀音을 쓰시오.,"誠實하고 勤勉한 姿勢, 그리고 責任感있고 積極的인 생활 態度는 현대인의 필수적인 德目이라 할 것이다.",責任感,,책임감,책임감
4급,97,2022-05-28,18,dokum,다음 밑줄 친 漢字語의 讀音을 쓰시오.,"誠實하고 勤勉한 姿勢, 그리고 責任感있고 積極的인 생활 態度는 현대인의 필수적인 德目이라 할 것이다.",積極的,,적극적,적극적
4급,97,2022-05-28,19,dokum,다음 밑줄 친 漢字語의 讀音을 쓰시오.,"誠實하고 勤勉한 姿勢, 그리고 責任感있고 積極的인 생활 態度는 현대인의 필수적인 德目이라 할 것이다.",態度,,태도,태도
4급,97,2022-05-28,20,dokum,다음 밑줄 친 漢字語의 讀音을 쓰시오.,"誠實하고 勤勉한 姿勢, 그리고 責任感있고 積極的인 생활 態度는 현대인의 필수적인 德目이라 할 것이다.",德目,,덕목,덕목
4급,97,2022-05-28,21,dokum,다음 밑줄 친 漢字語의 讀音을 쓰시오.,철수는 수비수이지만 가끔씩 공격에 加擔하기도 하였다.,加擔,,가담,가담
4급,97,2022-05-28,22,dokum,다음 밑줄 친 漢字語의 讀音을 쓰시오.,어디에 視線을 두어야 할지 모르겠다.,視線,,시선,시선
4급,97,2022-05-28,23,dokum,다음 밑줄 친 漢字語의 讀音을 쓰시오.,이 여객기는 방콕을 經由地로 이용하고 있다.,經由地,,경유지,경유지
4급,97,2022-05-28,24,dokum,다음 밑줄 친 漢字語의 讀音을 쓰시오.,이 토성은 지금으로부터 이천 년 전에 築造된 것이다.,築造,,축조,축조
4급,97,2022-05-28,25,dokum,다음 밑줄 친 漢字語의 讀音을 쓰시오.,"현대에 와서 放送, 政治, 교육 등 여러 분야에서 쏟아져 나오는 외국어와 비속어의 亂舞에 어지러움을 금할 수 없다.",放送,,방송,방송
4급,97,2022-05-28,26,dokum,다음 밑줄 친 漢字語의 讀音을 쓰시오.,"현대에 와서 放送, 政治, 교육 등 여러 분야에서 쏟아져 나오는 외국어와 비속어의 亂舞에 어지러움을 금할 수 없다.",政治,,정치,정치
4급,97,2022-05-28,27,dokum,다음 밑줄 친 漢字語의 讀音을 쓰시오.,"현대에 와서 放送, 政治, 교육 등 여러 분야에서 쏟아져 나오는 외국어와 비속어의 亂舞에 어지러움을 금할 수 없다.",亂舞,,난무,난무
4급,97,2022-05-28,28,dokum,다음 밑줄 친 漢字語의 讀音을 쓰시오.,"원래 우리 국어는 수천 종의 인류 언어 중에서 位相語, 곧 尊待와 하대의 표현이 가장 발달한 언어이다.",位相語,,위상어,위상어
4급,97,2022-05-28,29,dokum,다음 밑줄 친 漢字語의 讀音을 쓰시오.,"원래 우리 국어는 수천 종의 인류 언어 중에서 位相語, 곧 尊待와 하대의 표현이 가장 발달한 언어이다.",尊待,,존대,존대
4급,97,2022-05-28,30,dokum,다음 밑줄 친 漢字語의 讀音을 쓰시오.,"그 貴族어, 고급어, 문화어인 한국어가 온갖 바이러스의 侵攻으로 低俗化하고 있는 것이다.",貴族,,귀족,귀족
4급,97,2022-05-28,31,dokum,다음 밑줄 친 漢字語의 讀音을 쓰시오.,"그 貴族어, 고급어, 문화어인 한국어가 온갖 바이러스의 侵攻으로 低俗化하고 있는 것이다.",侵攻,,침공,침공
4급,97,2022-05-28,32,dokum,다음 밑줄 친 漢字語의 讀音을 쓰시오.,"그 貴族어, 고급어, 문화어인 한국어가 온갖 바이러스의 侵攻으로 低俗化하고 있는 것이다.",低俗化,,저속화,저속화
4급,97,2022-05-28,33,hunum,다음 漢字의 訓과 音을 쓰시오.,紀,紀,,벼리 기,벼리 기
4급,97,2022-05-28,34,hunum,다음 漢字의 訓과 音을 쓰시오.,範,範,,법 범,법 범
4급,97,2022-05-28,35,hunum,다음 漢字의 訓과 音을 쓰시오.,易,易,,바꿀 역,바꿀 역
4급,97,2022-05-28,36,hunum,다음 漢字의 訓과 音을 쓰시오.,窮,窮,,다할/궁할 궁,다할/궁할 궁
4급,97,2022-05-28,37,hunum,다음 漢字의 訓과 音을 쓰시오.,敢,敢,,감히/구태여 감,감히/구태여 감
4급,97,2022-05-28,38,hunum,다음 漢字의 訓과 音을 쓰시오.,祕,祕,,숨길 비,숨길 비
4급,97,2022-05-28,39,hunum,다음 漢字의 訓과 音을 쓰시오.,痛,痛,,아플 통,아플 통
4급,97,2022-05-28,40,hunum,다음 漢字의 訓과 音을 쓰시오.,輪,輪,,바퀴 륜,바퀴 륜
4급,97,2022-05-28,41,hunum,다음 漢字의 訓과 音을 쓰시오.,拍,拍,,칠 박,칠 박
4급,97,2022-05-28,42,hunum,다음 漢字의 訓과 音을 쓰시오.,就,就,,나아갈 취,나아갈 취
4급,97,2022-05-28,43,hunum,다음 漢字의 訓과 音을 쓰시오.,階,階,,섬돌 계,섬돌 계
4급,97,2022-05-28,44,hunum,다음 漢字의 訓과 音을 쓰시오.,碑,碑,,비석 비,비석 비
4급,97,2022-05-28,45,hunum,다음 漢字의 訓과 音을 쓰시오.,盜,盜,,도둑 도,도둑 도
4급,97,2022-05-28,46,hunum,다음 漢字의 訓과 音을 쓰시오.,管,管,,대롱/주관할 관,대롱/주관할 관
4급,97,2022-05-28,47,hunum,다음 漢字의 訓과 音을 쓰시오.,段,段,,층계 단,층계 단
4급,97,2022-05-28,48,hunum,다음 漢字의 訓과 音을 쓰시오.,抗,抗,,겨룰 항,겨룰 항
4급,97,2022-05-28,49,hunum,다음 漢字의 訓과 音을 쓰시오.,損,損,,덜 손,덜 손
4급,97,2022-05-28,50,hunum,다음 漢字의 訓과 音을 쓰시오.,舌,舌,,혀 설,혀 설
4급,97,2022-05-28,51,hunum,다음 漢字의 訓과 音을 쓰시오.,額,額,,이마 액,이마 액
4급,97,2022-05-28,52,hunum,다음 漢字의 訓과 音을 쓰시오.,覺,覺,,깨달을 각,깨달을 각
4급,97,2022-05-28,53,hunum,다음 漢字의 訓과 音을 쓰시오.,烈,烈,,매울 렬,매울 렬
4급,97,2022-05-28,54,hunum,다음 漢字의 訓과 音을 쓰시오.,泉,泉,,샘 천,샘 천
4급,97,2022-05-28,55,bushu,다음 漢字의 部首를 쓰시오.,犬,犬,,犬,犬
4급,97,2022-05-28,56,bushu,다음 漢字의 部首를 쓰시오.,童,童,,立,立
4급,97,2022-05-28,57,bushu,다음 漢字의 部首를 쓰시오.,射,射,,寸,寸
4급,97,2022-05-28,58,yakja,다음 漢字의 略字를 쓰시오.,卒,卒,,卆,卆
4급,97,2022-05-28,59,yakja,다음 漢字의 略字를 쓰시오.,變,變,,変,変
4급,97,2022-05-28,60,yakja,다음 漢字의 略字를 쓰시오.,萬,萬,,万,万
4급,97,2022-05-28,61,jangum,다음 單語 중 첫소리가 長音인 것을 가려 그 번호를 쓰시오.,,,"[""① 街上"", ""② 假想""]",②,②
4급,97,2022-05-28,62,jangum,다음 單語 중 첫소리가 長音인 것을 가려 그 번호를 쓰시오.,,,"[""① 動機"", ""② 同期""]",①,①
4급,97,2022-05-28,63,jangum,다음 單語 중 첫소리가 長音인 것을 가려 그 번호를 쓰시오.,,,"[""① 事前"", ""② 辭典""]",①,①
4급,97,2022-05-28,64,banui,다음 밑줄 친 漢字와 뜻이 반대(또는 대립)되는 漢字를 (  ) 속에 적어 문장을 完成하시오.,오늘 선거의 當(  )이 판가름 난다.,當,,落,落
4급,97,2022-05-28,65,banui,다음 밑줄 친 漢字와 뜻이 반대(또는 대립)되는 漢字를 (  ) 속에 적어 문장을 完成하시오.,지도자가 존경받으려면 (  )罰이 공정해야 한다.,罰,,賞,賞
4급,97,2022-05-28,66,banui,다음 밑줄 친 漢字와 뜻이 반대(또는 대립)되는 漢字를 (  ) 속에 적어 문장을 完成하시오.,동양에서는 陰(  )의 조화를 중요하게 생각한다.,陰,,陽,陽
4급,97,2022-05-28,67,yui,다음 밑줄 친 漢字와 뜻이 같거나 비슷한 漢字를 (  ) 속에 적어 문장을 完成하시오.,그가 작곡하는 노래는 대부분 대중이 즐겨 부르는 (  )謠이다.,謠,,歌,歌
4급,97,2022-05-28,68,yui,다음 밑줄 친 漢字와 뜻이 같거나 비슷한 漢字를 (  ) 속에 적어 문장을 完成하시오.,등록금을 분할하여 納(  )하였다.,納,,入,入
4급,97,2022-05-28,69,yui,다음 밑줄 친 漢字와 뜻이 같거나 비슷한 漢字를 (  ) 속에 적어 문장을 完成하시오.,영희는 明(  )한 성격의 소유자이다.,明,,朗,朗
4급,97,2022-05-28,70,dongeum,"다음 漢字語의 同音異義語를 漢字(正字)로 쓰되, 제시된 뜻에 맞추시오.",宣傳 - (    ) : 잘 싸움.,宣傳,,善戰,善戰
4급,97,2022-05-28,71,dongeum,"다음 漢字語의 同音異義語를 漢字(正字)로 쓰되, 제시된 뜻에 맞추시오.",優良 - (    ) : 비가 내린 정도.,優良,,雨量,雨量
4급,97,2022-05-28,72,dongeum,"다음 漢字語의 同音異義語를 漢字(正字)로 쓰되, 제시된 뜻에 맞추시오.",夜深 - (    ) : 무언가를 이루고자 마음속에 품은 생각.,夜深,,野心,野心
4급,97,2022-05-28,73,uut_select,다음 漢字語의 뜻을 <보기>에서 찾아 그 번호를 쓰시오.,引受,引受,"[""① 손끝으로 누르거나 두드림."", ""② 물건이나 권리를 건네받음."", ""③ 권력을 마음대로 휘두름."", ""④ 일을 처리할 수 있는 일체의 권한"", ""⑤ 물건이나 권리를 건네줌."", ""⑥ 손가락으로 콕 찍어 가리킴.""]",②,②
4급,97,2022-05-28,74,uut_select,다음 漢字語의 뜻을 <보기>에서 찾아 그 번호를 쓰시오.,專權,專權,"[""① 손끝으로 누르거나 두드림."", ""② 물건이나 권리를 건네받음."", ""③ 권력을 마음대로 휘두름."", ""④ 일을 처리할 수 있는 일체의 권한"", ""⑤ 물건이나 권리를 건네줌."", ""⑥ 손가락으로 콕 찍어 가리킴.""]",③,③
4급,97,2022-05-28,75,uut_select,다음 漢字語의 뜻을 <보기>에서 찾아 그 번호를 쓰시오.,指壓,指壓,"[""① 손끝으로 누르거나 두드림."", ""② 물건이나 권리를 건네받음."", ""③ 권력을 마음대로 휘두름."", ""④ 일을 처리할 수 있는 일체의 권한"", ""⑤ 물건이나 권리를 건네줌."", ""⑥ 손가락으로 콕 찍어 가리킴.""]",①,①
4급,97,2022-05-28,76,seong-eo,다음 (  ) 안의 글자를 漢字로 적어 四字成語를 完成하시오.,無(소)不爲,소,,所,所
4급,97,2022-05-28,77,seong-eo,다음 (  ) 안의 글자를 漢字로 적어 四字成語를 完成하시오.,燈火可(친),친,,親,親
4급,97,2022-05-28,78,seong-eo,다음 (  ) 안의 글자를 漢字로 적어 四字成語를 完成하시오.,山(해)珍味,해,,海,海
4급,97,2022-05-28,79,seong-eo,다음 (  ) 안의 글자를 漢字로 적어 四字成語를 完成하시오.,藥房甘(초),초,,草,草
4급,97,2022-05-28,80,seong-eo,다음 (  ) 안의 글자를 漢字로 적어 四字成語를 完成하시오.,離合(집)散,집,,集,集
4급,97,2022-05-28,81,hanjaeo_write,다음 각 문장의 밑줄 친 漢字語를 漢字로 쓰시오.,3개의 선분으로 둘러싸인 도형을 삼각형이라고 합니다.,삼각형,,三角形,三角形
4급,97,2022-05-28,82,hanjaeo_write,다음 각 문장의 밑줄 친 漢字語를 漢字로 쓰시오.,고려는 개국 후에 도읍을 옮겼다.,도읍,,都邑,都邑
4급,97,2022-05-28,83,hanjaeo_write,다음 각 문장의 밑줄 친 漢字語를 漢字로 쓰시오.,공정한 경쟁이 승리보다 더 중요하다.,경쟁,,競爭,競爭
4급,97,2022-05-28,84,hanjaeo_write,다음 각 문장의 밑줄 친 漢字語를 漢字로 쓰시오.,그는 초선 국회의원이다.,초선,,初選,初選
4급,97,2022-05-28,85,hanjaeo_write,다음 각 문장의 밑줄 친 漢字語를 漢字로 쓰시오.,나무는 재질이 단단해야 가구를 만드는 데 소용된다.,재질,,材質,材質
4급,97,2022-05-28,86,hanjaeo_write,다음 각 문장의 밑줄 친 漢字語를 漢字로 쓰시오.,노사 문제의 타개를 위해서는 무엇보다 대화가 필요하다.,타개,,打開,打開
4급,97,2022-05-28,87,hanjaeo_write,다음 각 문장의 밑줄 친 漢字語를 漢字로 쓰시오.,마찰전기는 종류가 다른 2개의 물체를 서로 문질렀을 때 생기는 전기이다.,종류,,種類,種類
4급,97,2022-05-28,88,hanjaeo_write,다음 각 문장의 밑줄 친 漢字語를 漢字로 쓰시오.,사랑한다는 것은 타인을 이해한다는 것이다.,타인,,他人,他人
4급,97,2022-05-28,89,hanjaeo_write,다음 각 문장의 밑줄 친 漢字語를 漢字로 쓰시오.,사회 속에서 우리는 항상 서로 조화하며 살아야 한다.,조화,,調和,調和
4급,97,2022-05-28,90,hanjaeo_write,다음 각 문장의 밑줄 친 漢字語를 漢字로 쓰시오.,새로운 소재를 개발해 특허를 따 냈다.,특허,,特許,特許
4급,97,2022-05-28,91,hanjaeo_write,다음 각 문장의 밑줄 친 漢字語를 漢字로 쓰시오.,시장은 축구 시합을 참관하다.,참관,,參觀,參觀
4급,97,2022-05-28,92,hanjaeo_write,다음 각 문장의 밑줄 친 漢字語를 漢字로 쓰시오.,어제 내린 눈으로 도로에 결빙 구간이 많다.,결빙,,結氷,結氷
4급,97,2022-05-28,93,hanjaeo_write,다음 각 문장의 밑줄 친 漢字語를 漢字로 쓰시오.,원유 가격은 경제에 상당한 영향을 미친다.,가격,,價格,價格
4급,97,2022-05-28,94,hanjaeo_write,다음 각 문장의 밑줄 친 漢字語를 漢字로 쓰시오.,이 연구는 낙동강 중류의 식물 생태계를 조사한 것이다.,중류,,中流,中流
4급,97,2022-05-28,95,hanjaeo_write,다음 각 문장의 밑줄 친 漢字語를 漢字로 쓰시오.,이곳에서 조업하는 모든 어선은 본국의 허가를 얻어야 한다.,어선,,漁船,漁船
4급,97,2022-05-28,96,hanjaeo_write,다음 각 문장의 밑줄 친 漢字語를 漢字로 쓰시오.,작년에 우리 학교는 결승에서 아깝게 패했다.,결승,,決勝,決勝
4급,97,2022-05-28,97,hanjaeo_write,다음 각 문장의 밑줄 친 漢字語를 漢字로 쓰시오.,전쟁은 무고한 사람들을 죽음으로 내모는 죄악이다.,죄악,,罪惡,罪惡
4급,97,2022-05-28,98,hanjaeo_write,다음 각 문장의 밑줄 친 漢字語를 漢字로 쓰시오.,조부께서는 해방 3주년이 되던 해에 태어나셨다.,주년,,週年,週年
4급,97,2022-05-28,99,hanjaeo_write,다음 각 문장의 밑줄 친 漢字語를 漢字로 쓰시오.,지진이 지나간 땅에도 재건의 희망은 살아 있다.,재건,,再建,再建
4급,97,2022-05-28,100,hanjaeo_write,다음 각 문장의 밑줄 친 漢字語를 漢字로 쓰시오.,통일은 누구나 염원하는 일이다.,염원,,念願,念願
4급,96,2022-02-26,1,dokum,다음 밑줄 친 漢字語의 讀音을 쓰시오.,都邑을 개경으로 다시 옮기고 和親을 맺으면 전쟁을 끝내겠다는 몽골의 強要에 따라 高麗 왕실은 개경으로 돌아왔지만 江華島에서 삼별초를 이끌던 배중손 등은 解散을 거부하고 몽골에 맞서 싸우기로 결정하였다.,都邑,,도읍,도읍
4급,96,2022-02-26,2,dokum,다음 밑줄 친 漢字語의 讀音을 쓰시오.,都邑을 개경으로 다시 옮기고 和親을 맺으면 전쟁을 끝내겠다는 몽골의 強要에 따라 高麗 왕실은 개경으로 돌아왔지만 江華島에서 삼별초를 이끌던 배중손 등은 解散을 거부하고 몽골에 맞서 싸우기로 결정하였다.,和親,,화친,화친
4급,96,2022-02-26,3,dokum,다음 밑줄 친 漢字語의 讀音을 쓰시오.,都邑을 개경으로 다시 옮기고 和親을 맺으면 전쟁을 끝내겠다는 몽골의 強要에 따라 高麗 왕실은 개경으로 돌아왔지만 江華島에서 삼별초를 이끌던 배중손 등은 解散을 거부하고 몽골에 맞서 싸우기로 결정하였다.,強要,,강요,강요
4급,96,2022-02-26,4,dokum,다음 밑줄 친 漢字語의 讀音을 쓰시오.,都邑을 개경으로 다시 옮기고 和親을 맺으면 전쟁을 끝내겠다는 몽골의 強要에 따라 高麗 왕실은 개경으로 돌아왔지만 江華島에서 삼별초를 이끌던 배중손 등은 解散을 거부하고 몽골에 맞서 싸우기로 결정하였다.,高麗,,고려,고려
4급,96,2022-02-26,5,dokum,다음 밑줄 친 漢字語의 讀音을 쓰시오.,都邑을 개경으로 다시 옮기고 和親을 맺으면 전쟁을 끝내겠다는 몽골의 強要에 따라 高麗 왕실은 개경으로 돌아왔지만 江華島에서 삼별초를 이끌던 배중손 등은 解散을 거부하고 몽골에 맞서 싸우기로 결정하였다.,江華島,,강화도,강화도
4급,96,2022-02-26,6,dokum,다음 밑줄 친 漢字語의 讀音을 쓰시오.,都邑을 개경으로 다시 옮기고 和親을 맺으면 전쟁을 끝내겠다는 몽골의 強要에 따라 高麗 왕실은 개경으로 돌아왔지만 江華島에서 삼별초를 이끌던 배중손 등은 解散을 거부하고 몽골에 맞서 싸우기로 결정하였다.,解散,,해산,해산
4급,96,2022-02-26,7,dokum,다음 밑줄 친 漢字語의 讀音을 쓰시오.,"도자기 製作에서 성형이란, 形態를 만드는 것을 말해요.",製作,,제작,제작
4급,96,2022-02-26,8,dokum,다음 밑줄 친 漢字語의 讀音을 쓰시오.,"도자기 製作에서 성형이란, 形態를 만드는 것을 말해요.",形態,,형태,형태
4급,96,2022-02-26,9,dokum,다음 밑줄 친 漢字語의 讀音을 쓰시오.,도현이는 다양한 宗教와 문화가 어우러져 있는 印度와 열정의 나라 스페인에 가고 싶다고 하였습니다.,宗教,,종교,종교
4급,96,2022-02-26,10,dokum,다음 밑줄 친 漢字語의 讀音을 쓰시오.,도현이는 다양한 宗教와 문화가 어우러져 있는 印度와 열정의 나라 스페인에 가고 싶다고 하였습니다.,印度,,인도,인도
4급,96,2022-02-26,11,dokum,다음 밑줄 친 漢字語의 讀音을 쓰시오.,평화의 문화는 持續 가능한 발전과 環境의 保護 그리고 인간의 자아 實現을 가능하게 할 것이다.,持續,,지속,지속
4급,96,2022-02-26,12,dokum,다음 밑줄 친 漢字語의 讀音을 쓰시오.,평화의 문화는 持續 가능한 발전과 環境의 保護 그리고 인간의 자아 實現을 가능하게 할 것이다.,環境,,환경,환경
4급,96,2022-02-26,13,dokum,다음 밑줄 친 漢字語의 讀音을 쓰시오.,평화의 문화는 持續 가능한 발전과 環境의 保護 그리고 인간의 자아 實現을 가능하게 할 것이다.,保護,,보호,보호
4급,96,2022-02-26,14,dokum,다음 밑줄 친 漢字語의 讀音을 쓰시오.,평화의 문화는 持續 가능한 발전과 環境의 保護 그리고 인간의 자아 實現을 가능하게 할 것이다.,實現,,실현,실현
4급,96,2022-02-26,15,dokum,다음 밑줄 친 漢字語의 讀音을 쓰시오.,정부의 秋穀 수매가 동결 정책에 대한 농민 團體들의 규탄과 抗議가 점점 거세어지고 있다.,秋穀,,추곡,추곡
4급,96,2022-02-26,16,dokum,다음 밑줄 친 漢字語의 讀音을 쓰시오.,정부의 秋穀 수매가 동결 정책에 대한 농민 團體들의 규탄과 抗議가 점점 거세어지고 있다.,團體,,단체,단체
4급,96,2022-02-26,17,dokum,다음 밑줄 친 漢字語의 讀音을 쓰시오.,정부의 秋穀 수매가 동결 정책에 대한 농민 團體들의 규탄과 抗議가 점점 거세어지고 있다.,抗議,,항의,항의
4급,96,2022-02-26,18,dokum,다음 밑줄 친 漢字語의 讀音을 쓰시오.,19일 발표된 각종 여론 調査에서 두 후보는 誤差 範圍 내에서 앞서거나 뒤서거니 초경합을 벌였다.,調査,,조사,조사
4급,96,2022-02-26,19,dokum,다음 밑줄 친 漢字語의 讀音을 쓰시오.,19일 발표된 각종 여론 調査에서 두 후보는 誤差 範圍 내에서 앞서거나 뒤서거니 초경합을 벌였다.,誤差,,오차,오차
4급,96,2022-02-26,20,dokum,다음 밑줄 친 漢字語의 讀音을 쓰시오.,19일 발표된 각종 여론 調査에서 두 후보는 誤差 範圍 내에서 앞서거나 뒤서거니 초경합을 벌였다.,範圍,,범위,범위
4급,96,2022-02-26,21,dokum,다음 밑줄 친 漢字語의 讀音을 쓰시오.,우리는 특히 이번의 연쇄 사건에 임하는 警察의 姿勢에 경악과 憤怒를 금할 수 없다.,警察,,경찰,경찰
4급,96,2022-02-26,22,dokum,다음 밑줄 친 漢字語의 讀音을 쓰시오.,우리는 특히 이번의 연쇄 사건에 임하는 警察의 姿勢에 경악과 憤怒를 금할 수 없다.,姿勢,,자세,자세
4급,96,2022-02-26,23,dokum,다음 밑줄 친 漢字語의 讀音을 쓰시오.,우리는 특히 이번의 연쇄 사건에 임하는 警察의 姿勢에 경악과 憤怒를 금할 수 없다.,憤怒,,분노,분노
4급,96,2022-02-26,24,dokum,다음 밑줄 친 漢字語의 讀音을 쓰시오.,주최 측은 당일 매표소 周邊은 무척 混雜할 테니 입장권을 미리 豫買해 달라고 부탁했다.,周邊,,주변,주변
4급,96,2022-02-26,25,dokum,다음 밑줄 친 漢字語의 讀音을 쓰시오.,주최 측은 당일 매표소 周邊은 무척 混雜할 테니 입장권을 미리 豫買해 달라고 부탁했다.,混雜,,혼잡,혼잡
4급,96,2022-02-26,26,dokum,다음 밑줄 친 漢字語의 讀音을 쓰시오.,주최 측은 당일 매표소 周邊은 무척 混雜할 테니 입장권을 미리 豫買해 달라고 부탁했다.,豫買,,예매,예매
4급,96,2022-02-26,27,dokum,다음 밑줄 친 漢字語의 讀音을 쓰시오.,"주문한 상품이 配達되었는데, 자세히 보니 상품에 破損이 있어 반송했다.",配達,,배달,배달
4급,96,2022-02-26,28,dokum,다음 밑줄 친 漢字語의 讀音을 쓰시오.,"주문한 상품이 配達되었는데, 자세히 보니 상품에 破損이 있어 반송했다.",破損,,파손,파손
4급,96,2022-02-26,29,dokum,다음 밑줄 친 漢字語의 讀音을 쓰시오.,그는 친구들을 태우고 亂暴 運轉을 하다가 큰 사고를 냈다.,亂暴,,난폭,난폭
4급,96,2022-02-26,30,dokum,다음 밑줄 친 漢字語의 讀音을 쓰시오.,그는 친구들을 태우고 亂暴 運轉을 하다가 큰 사고를 냈다.,運轉,,운전,운전
4급,96,2022-02-26,31,dokum,다음 밑줄 친 漢字語의 讀音을 쓰시오.,그 회사는 근무 經歷이 많고 실적이 좋은 사원에게 優待를 해 주었다.,經歷,,경력,경력
4급,96,2022-02-26,32,dokum,다음 밑줄 친 漢字語의 讀音을 쓰시오.,그 회사는 근무 經歷이 많고 실적이 좋은 사원에게 優待를 해 주었다.,優待,,우대,우대
4급,96,2022-02-26,33,hunum,다음 漢字의 訓과 音을 쓰시오.,映,映,,비칠 영,비칠 영
4급,96,2022-02-26,34,hunum,다음 漢字의 訓과 音을 쓰시오.,刻,刻,,새길 각,새길 각
4급,96,2022-02-26,35,hunum,다음 漢字의 訓과 音을 쓰시오.,採,採,,캘 채,캘 채
4급,96,2022-02-26,36,hunum,다음 漢字의 訓과 音을 쓰시오.,婚,婚,,혼인할 혼,혼인할 혼
4급,96,2022-02-26,37,hunum,다음 漢字의 訓과 音을 쓰시오.,底,底,,밑 저,밑 저
4급,96,2022-02-26,38,hunum,다음 漢字의 訓과 音을 쓰시오.,松,松,,소나무 송,소나무 송
4급,96,2022-02-26,39,hunum,다음 漢字의 訓과 音을 쓰시오.,普,普,,넓을 보,넓을 보
4급,96,2022-02-26,40,hunum,다음 漢字의 訓과 音을 쓰시오.,儒,儒,,선비 유,선비 유
4급,96,2022-02-26,41,hunum,다음 漢字의 訓과 音을 쓰시오.,鷄,鷄,,닭 계,닭 계
4급,96,2022-02-26,42,hunum,다음 漢字의 訓과 音을 쓰시오.,讚,讚,,기릴 찬,기릴 찬
4급,96,2022-02-26,43,hunum,다음 漢字의 訓과 音을 쓰시오.,粉,粉,,가루 분,가루 분
4급,96,2022-02-26,44,hunum,다음 漢字의 訓과 音을 쓰시오.,就,就,,나아갈 취,나아갈 취
4급,96,2022-02-26,45,hunum,다음 漢字의 訓과 音을 쓰시오.,盜,盜,,도둑 도,도둑 도
4급,96,2022-02-26,46,hunum,다음 漢字의 訓과 音을 쓰시오.,崇,崇,,높을 숭,높을 숭
4급,96,2022-02-26,47,hunum,다음 漢字의 訓과 音을 쓰시오.,援,援,,도울 원,도울 원
4급,96,2022-02-26,48,hunum,다음 漢字의 訓과 音을 쓰시오.,招,招,,부를 초,부를 초
4급,96,2022-02-26,49,hunum,다음 漢字의 訓과 音을 쓰시오.,厚,厚,,두터울 후,두터울 후
4급,96,2022-02-26,50,hunum,다음 漢字의 訓과 音을 쓰시오.,額,額,,이마 액,이마 액
4급,96,2022-02-26,51,hunum,다음 漢字의 訓과 音을 쓰시오.,勉,勉,,힘쓸 면,힘쓸 면
4급,96,2022-02-26,52,hunum,다음 漢字의 訓과 音을 쓰시오.,儉,儉,,검소할 검,검소할 검
4급,96,2022-02-26,53,hunum,다음 漢字의 訓과 音을 쓰시오.,舌,舌,,혀 설,혀 설
4급,96,2022-02-26,54,hunum,다음 漢字의 訓과 音을 쓰시오.,脫,脫,,벗을 탈,벗을 탈
4급,96,2022-02-26,55,bushu,다음 漢字의 部首를 쓰시오.,赤,赤,,赤,赤
4급,96,2022-02-26,56,bushu,다음 漢字의 部首를 쓰시오.,兒,兒,,儿,儿
4급,96,2022-02-26,57,bushu,다음 漢字의 部首를 쓰시오.,兄,兄,,儿,儿
4급,96,2022-02-26,58,yakja,다음 漢字의 略字를 쓰시오.,傳,傳,,伝,伝
4급,96,2022-02-26,59,yakja,다음 漢字의 略字를 쓰시오.,鐵,鐵,,鉄,鉄
4급,96,2022-02-26,60,yakja,다음 漢字의 略字를 쓰시오.,廣,廣,,広,広
4급,96,2022-02-26,61,jangum,다음 單語 중 첫소리가 長音인 것을 가려 그 번호를 쓰시오.,,,"[""① 動機"", ""② 銅器""]",①,①
4급,96,2022-02-26,62,jangum,다음 單語 중 첫소리가 長音인 것을 가려 그 번호를 쓰시오.,,,"[""① 球速"", ""② 舊俗""]",②,②
4급,96,2022-02-26,63,jangum,다음 單語 중 첫소리가 長音인 것을 가려 그 번호를 쓰시오.,,,"[""① 笑話"", ""② 消火""]",①,①
4급,96,2022-02-26,64,banui,다음 밑줄 친 漢字와 뜻이 반대(또는 대립)되는 漢字를 (  ) 속에 적어 문장을 完成하시오.,부동표의 흐름은 선거의 當(  )을 좌우한다.,當,,落,落
4급,96,2022-02-26,65,banui,다음 밑줄 친 漢字와 뜻이 반대(또는 대립)되는 漢字를 (  ) 속에 적어 문장을 完成하시오.,장기간의 흡연과 폐암 사이의 역학적 因(  ) 관계가 인정된다.,因,,果,果
4급,96,2022-02-26,66,banui,다음 밑줄 친 漢字와 뜻이 반대(또는 대립)되는 漢字를 (  ) 속에 적어 문장을 完成하시오.,그가 성실하다는 것은 自(  )가 공인하는 사실이다.,自,,他,他
4급,96,2022-02-26,67,yui,다음 밑줄 친 漢字와 뜻이 같거나 비슷한 漢字를 (  ) 속에 적어 문장을 完成하시오.,이 영화는 미성년자의 (  )覽이 금지되어 있다.,覽,,觀,觀
4급,96,2022-02-26,68,yui,다음 밑줄 친 漢字와 뜻이 같거나 비슷한 漢字를 (  ) 속에 적어 문장을 完成하시오.,선생님께서는 반 임원회에 체육 행사 계획을 委(  )하셨다.,委,,任,任
4급,96,2022-02-26,69,yui,다음 밑줄 친 漢字와 뜻이 같거나 비슷한 漢字를 (  ) 속에 적어 문장을 完成하시오.,가정에 건강과 행복이 (  )滿하시기를 빕니다.,滿,,充,充
4급,96,2022-02-26,70,dongeum,"다음 漢字語의 同音異義語를 漢字(正字)로 쓰되, 제시된 뜻에 맞추시오.",整地 - (    ) : 움직이고 있던 것이 멎거나 그침.,整地,,停止,停止
4급,96,2022-02-26,71,dongeum,"다음 漢字語의 同音異義語를 漢字(正字)로 쓰되, 제시된 뜻에 맞추시오.",事故 - (    ) : 생각하고 궁리함.,事故,,思考,思考
4급,96,2022-02-26,72,dongeum,"다음 漢字語의 同音異義語를 漢字(正字)로 쓰되, 제시된 뜻에 맞추시오.",郵政 - (    ) : 친구 사이의 정.,郵政,,友情,友情
4급,96,2022-02-26,73,uut_select,다음 漢字語의 뜻을 <보기>에서 찾아 그 번호를 쓰시오.,獨走,獨走,"[""① 적이나 적국의 배."", ""② 인정하지 아니함."", ""③ 남의 아내를 높여 이르는 말."", ""④ 매우 독한 술."", ""⑤ 혼자 뜀."", ""⑥ 착한 일을 많이 함.""]",⑤,⑤
4급,96,2022-02-26,74,uut_select,다음 漢字語의 뜻을 <보기>에서 찾아 그 번호를 쓰시오.,否認,否認,"[""① 적이나 적국의 배."", ""② 인정하지 아니함."", ""③ 남의 아내를 높여 이르는 말."", ""④ 매우 독한 술."", ""⑤ 혼자 뜀."", ""⑥ 착한 일을 많이 함.""]",②,②
4급,96,2022-02-26,75,uut_select,다음 漢字語의 뜻을 <보기>에서 찾아 그 번호를 쓰시오.,積善,積善,"[""① 적이나 적국의 배."", ""② 인정하지 아니함."", ""③ 남의 아내를 높여 이르는 말."", ""④ 매우 독한 술."", ""⑤ 혼자 뜀."", ""⑥ 착한 일을 많이 함.""]",⑥,⑥
4급,96,2022-02-26,76,seong-eo,다음 (  ) 안의 글자를 漢字로 적어 四字成語를 完成하시오.,(무)爲徒食,무,,無,無
4급,96,2022-02-26,77,seong-eo,다음 (  ) 안의 글자를 漢字로 적어 四字成語를 完成하시오.,(경)天勤民,경,,敬,敬
4급,96,2022-02-26,78,seong-eo,다음 (  ) 안의 글자를 漢字로 적어 四字成語를 完成하시오.,(악)戰苦鬪,악,,惡,惡
4급,96,2022-02-26,79,seong-eo,다음 (  ) 안의 글자를 漢字로 적어 四字成語를 完成하시오.,多聞博(식),식,,識,識
4급,96,2022-02-26,80,seong-eo,다음 (  ) 안의 글자를 漢字로 적어 四字成語를 完成하시오.,忠言逆(이),이,,耳,耳
4급,96,2022-02-26,81,hanjaeo_write,다음 각 문장의 밑줄 친 漢字語를 漢字로 쓰시오.,기술력이 높은 기업이 경쟁에서 이긴다.,경쟁,,競爭,競爭
4급,96,2022-02-26,82,hanjaeo_write,다음 각 문장의 밑줄 친 漢字語를 漢字로 쓰시오.,오늘 새벽 4시를 기해 폭풍 주의보가 발효되었다.,발효,,發效,發效
4급,96,2022-02-26,83,hanjaeo_write,다음 각 문장의 밑줄 친 漢字語를 漢字로 쓰시오.,모든 차들이 통과하고 나서 문이 닫혔다.,통과,,通過,通過
4급,96,2022-02-26,84,hanjaeo_write,다음 각 문장의 밑줄 친 漢字語를 漢字로 쓰시오.,이번 경기의 승자가 결승에 진출한다.,결승,,決勝,決勝
4급,96,2022-02-26,85,hanjaeo_write,다음 각 문장의 밑줄 친 漢字語를 漢字로 쓰시오.,그는 각종 국제 대회에서 수상한 경력이 있다.,각종,,各種,各種
4급,96,2022-02-26,86,hanjaeo_write,다음 각 문장의 밑줄 친 漢字語를 漢字로 쓰시오.,우리 사회는 밝은 내일을 기약할 수 있다.,기약,,期約,期約
4급,96,2022-02-26,87,hanjaeo_write,다음 각 문장의 밑줄 친 漢字語를 漢字로 쓰시오.,예시된 문장을 읽고 물음에 답하시오.,예시,,例示,例示
4급,96,2022-02-26,88,hanjaeo_write,다음 각 문장의 밑줄 친 漢字語를 漢字로 쓰시오.,노래가 끝나자 여기저기서 재창을 청하는 소리가 터졌다.,재창,,再唱,再唱
4급,96,2022-02-26,89,hanjaeo_write,다음 각 문장의 밑줄 친 漢字語를 漢字로 쓰시오.,모든 일이 순서대로 착착 진행되었다.,순서,,順序,順序
4급,96,2022-02-26,90,hanjaeo_write,다음 각 문장의 밑줄 친 漢字語를 漢字로 쓰시오.,나는 은퇴 후에 이웃에 봉사하며 살고 싶다.,봉사,,奉仕,奉仕
4급,96,2022-02-26,91,hanjaeo_write,다음 각 문장의 밑줄 친 漢字語를 漢字로 쓰시오.,브라질 팀은 우리나라 팀에게 3 대 0으로 완패했다.,완패,,完敗,完敗
4급,96,2022-02-26,92,hanjaeo_write,다음 각 문장의 밑줄 친 漢字語를 漢字로 쓰시오.,저 환자는 절대적인 안정이 필요합니다.,환자,,患者,患者
4급,96,2022-02-26,93,hanjaeo_write,다음 각 문장의 밑줄 친 漢字語를 漢字로 쓰시오.,이 층으로 된 양옥으로 이사를 갔다.,양옥,,洋屋,洋屋
4급,96,2022-02-26,94,hanjaeo_write,다음 각 문장의 밑줄 친 漢字語를 漢字로 쓰시오.,웃어른 앞에서는 모든 것이 조심스럽다.,조심,,操心,操心
4급,96,2022-02-26,95,hanjaeo_write,다음 각 문장의 밑줄 친 漢字語를 漢字로 쓰시오.,이 항공기는 중국 영공으로 지나갑니다.,영공,,領空,領空
4급,96,2022-02-26,96,hanjaeo_write,다음 각 문장의 밑줄 친 漢字語를 漢字로 쓰시오.,설날에는 세배를 드리고 덕담을 나눕니다.,덕담,,德談,德談
4급,96,2022-02-26,97,hanjaeo_write,다음 각 문장의 밑줄 친 漢字語를 漢字로 쓰시오.,우리의 최종 목표는 올림픽 금메달이다.,최종,,最終,最終
4급,96,2022-02-26,98,hanjaeo_write,다음 각 문장의 밑줄 친 漢字語를 漢字로 쓰시오.,교칙을 위반하면 학생들은 징계를 받는다.,교칙,,校則,校則
4급,96,2022-02-26,99,hanjaeo_write,다음 각 문장의 밑줄 친 漢字語를 漢字로 쓰시오.,대량 생산을 하면 원가가 절감된다.,원가,,原價,原價
4급,96,2022-02-26,100,hanjaeo_write,다음 각 문장의 밑줄 친 漢字語를 漢字로 쓰시오.,도시의 거리는 상점과 사람들로 가득 차 있었다.,상점,,商店,商店
4급,95,2021-11-20,1,dokum,다음 밑줄 친 漢字語의 讀音을 쓰시오.,‘降水 확률’이란 어느 地域에 일정한 시간 안에 눈이나 비가 1mm 以上 내릴 것을 확률로 나타낸 것을 말한다.,降水,,강수,강수
4급,95,2021-11-20,2,dokum,다음 밑줄 친 漢字語의 讀音을 쓰시오.,‘降水 확률’이란 어느 地域에 일정한 시간 안에 눈이나 비가 1mm 以上 내릴 것을 확률로 나타낸 것을 말한다.,地域,,지역,지역
4급,95,2021-11-20,3,dokum,다음 밑줄 친 漢字語의 讀音을 쓰시오.,‘降水 확률’이란 어느 地域에 일정한 시간 안에 눈이나 비가 1mm 以上 내릴 것을 확률로 나타낸 것을 말한다.,以上,,이상,이상
4급,95,2021-11-20,4,dokum,다음 밑줄 친 漢字語의 讀音을 쓰시오.,‘정체불명의 기념일’을 읽고 글쓴이가 主張과 根據를 펴는 狀況을 생각하며 論說文을 읽어야 하는 까닭을 整理하여 봅시다.,主張,,주장,주장
4급,95,2021-11-20,5,dokum,다음 밑줄 친 漢字語의 讀音을 쓰시오.,‘정체불명의 기념일’을 읽고 글쓴이가 主張과 根據를 펴는 狀況을 생각하며 論說文을 읽어야 하는 까닭을 整理하여 봅시다.,根據,,근거,근거
4급,95,2021-11-20,6,dokum,다음 밑줄 친 漢字語의 讀音을 쓰시오.,‘정체불명의 기념일’을 읽고 글쓴이가 主張과 根據를 펴는 狀況을 생각하며 論說文을 읽어야 하는 까닭을 整理하여 봅시다.,狀況,,상황,상황
4급,95,2021-11-20,7,dokum,다음 밑줄 친 漢字語의 讀音을 쓰시오.,‘정체불명의 기념일’을 읽고 글쓴이가 主張과 根據를 펴는 狀況을 생각하며 論說文을 읽어야 하는 까닭을 整理하여 봅시다.,論說文,,논설문,논설문
4급,95,2021-11-20,8,dokum,다음 밑줄 친 漢字語의 讀音을 쓰시오.,‘정체불명의 기념일’을 읽고 글쓴이가 主張과 根據를 펴는 狀況을 생각하며 論說文을 읽어야 하는 까닭을 整理하여 봅시다.,整理,,정리,정리
4급,95,2021-11-20,9,dokum,다음 밑줄 친 漢字語의 讀音을 쓰시오.,건축가는 집을 짓기 전에 먼저 模形을 만들어 보았다.,模形,,모형,모형
4급,95,2021-11-20,10,dokum,다음 밑줄 친 漢字語의 讀音을 쓰시오.,고려청자는 빛깔이며 무늬가 매우 流麗하다.,流麗,,유려,유려
4급,95,2021-11-20,11,dokum,다음 밑줄 친 漢字語의 讀音을 쓰시오.,국민에게는 納稅의 의무가 있다.,納稅,,납세,납세
4급,95,2021-11-20,12,dokum,다음 밑줄 친 漢字語의 讀音을 쓰시오.,국회의원들은 제시된 법안에 대해 拒否 의사를 밝혔다.,拒否,,거부,거부
4급,95,2021-11-20,13,dokum,다음 밑줄 친 漢字語의 讀音을 쓰시오.,금강산은 여러 개의 名稱을 가지고 있다.,名稱,,명칭,명칭
4급,95,2021-11-20,14,dokum,다음 밑줄 친 漢字語의 讀音을 쓰시오.,누군가 하겠지라는 無關心한 態度와 나와 상관없는 일이야라는 이기적인 姿勢는 우리 사회를 병들게 합니다.,無關心,,무관심,무관심
4급,95,2021-11-20,15,dokum,다음 밑줄 친 漢字語의 讀音을 쓰시오.,누군가 하겠지라는 無關心한 態度와 나와 상관없는 일이야라는 이기적인 姿勢는 우리 사회를 병들게 합니다.,態度,,태도,태도
4급,95,2021-11-20,16,dokum,다음 밑줄 친 漢字語의 讀音을 쓰시오.,누군가 하겠지라는 無關心한 態度와 나와 상관없는 일이야라는 이기적인 姿勢는 우리 사회를 병들게 합니다.,姿勢,,자세,자세
4급,95,2021-11-20,17,dokum,다음 밑줄 친 漢字語의 讀音을 쓰시오.,"다시 찾은 그리운 내 故鄕이란 주제로 개최된 이번 행사는 벼 베기와 脫穀하기, 고구마 캐기, 메뚜기 잡기 등 多樣한 體驗 행사가 이루어졌다.",故鄕,,고향,고향
4급,95,2021-11-20,18,dokum,다음 밑줄 친 漢字語의 讀音을 쓰시오.,"다시 찾은 그리운 내 故鄕이란 주제로 개최된 이번 행사는 벼 베기와 脫穀하기, 고구마 캐기, 메뚜기 잡기 등 多樣한 體驗 행사가 이루어졌다.",脫穀,,탈곡,탈곡
4급,95,2021-11-20,19,dokum,다음 밑줄 친 漢字語의 讀音을 쓰시오.,"다시 찾은 그리운 내 故鄕이란 주제로 개최된 이번 행사는 벼 베기와 脫穀하기, 고구마 캐기, 메뚜기 잡기 등 多樣한 體驗 행사가 이루어졌다.",多樣,,다양,다양
4급,95,2021-11-20,20,dokum,다음 밑줄 친 漢字語의 讀音을 쓰시오.,"다시 찾은 그리운 내 故鄕이란 주제로 개최된 이번 행사는 벼 베기와 脫穀하기, 고구마 캐기, 메뚜기 잡기 등 多樣한 體驗 행사가 이루어졌다.",體驗,,체험,체험
4급,95,2021-11-20,21,dokum,다음 밑줄 친 漢字語의 讀音을 쓰시오.,복숭아는 甘味롭고 향이 좋은 과일이다.,甘味,,감미,감미
4급,95,2021-11-20,22,dokum,다음 밑줄 친 漢字語의 讀音을 쓰시오.,부둣가에는 출항을 앞둔 화물이 野積되어 있었다.,野積,,야적,야적
4급,95,2021-11-20,23,dokum,다음 밑줄 친 漢字語의 讀音을 쓰시오.,소설은 대개 있음직한 이야기를 假想으로 그려낸다.,假想,,가상,가상
4급,95,2021-11-20,24,dokum,다음 밑줄 친 漢字語의 讀音을 쓰시오.,아버지는 대문 옆에 ‘신문 謝絶’이라고 써 붙였다.,謝絶,,사절,사절
4급,95,2021-11-20,25,dokum,다음 밑줄 친 漢字語의 讀音을 쓰시오.,어린이는 대부분의 공공요금이 半額이다.,半額,,반액,반액
4급,95,2021-11-20,26,dokum,다음 밑줄 친 漢字語의 讀音을 쓰시오.,여러 건물이 잘 配列된 도시는 아름답게 보였다.,配列,,배열,배열
4급,95,2021-11-20,27,dokum,다음 밑줄 친 漢字語의 讀音을 쓰시오.,요즘 TV는 錄畫 기능이 있어 참 편리하다.,錄畫,,녹화,녹화
4급,95,2021-11-20,28,dokum,다음 밑줄 친 漢字語의 讀音을 쓰시오.,龍飛는 임금의 즉위를 성스럽게 이르는 말이다.,龍飛,,용비,용비
4급,95,2021-11-20,29,dokum,다음 밑줄 친 漢字語의 讀音을 쓰시오.,우는 아이를 달래는 데에는 곶감이 妙藥이다.,妙藥,,묘약,묘약
4급,95,2021-11-20,30,dokum,다음 밑줄 친 漢字語의 讀音을 쓰시오.,이 지도는 1/10000로 縮小된 것이다.,縮小,,축소,축소
4급,95,2021-11-20,31,dokum,다음 밑줄 친 漢字語의 讀音을 쓰시오.,청중들은 연주자에게 歎辭를 아끼지 않았다.,歎辭,,탄사,탄사
4급,95,2021-11-20,32,dokum,다음 밑줄 친 漢字語의 讀音을 쓰시오.,취미 활동을 잠시 중단하고 시험공부에만 專念했다.,專念,,전념,전념
4급,95,2021-11-20,33,hunum,다음 漢字의 訓과 音을 쓰시오.,碑,碑,,비석 비,비석 비
4급,95,2021-11-20,34,hunum,다음 漢字의 訓과 音을 쓰시오.,優,優,,넉넉할 우,넉넉할 우
4급,95,2021-11-20,35,hunum,다음 漢字의 訓과 音을 쓰시오.,暇,暇,,겨를 가,겨를 가
4급,95,2021-11-20,36,hunum,다음 漢字의 訓과 音을 쓰시오.,慶,慶,,경사 경,경사 경
4급,95,2021-11-20,37,hunum,다음 漢字의 訓과 音을 쓰시오.,折,折,,꺾을 절,꺾을 절
4급,95,2021-11-20,38,hunum,다음 漢字의 訓과 音을 쓰시오.,象,象,,코끼리 상,코끼리 상
4급,95,2021-11-20,39,hunum,다음 漢字의 訓과 音을 쓰시오.,趣,趣,,뜻 취,뜻 취
4급,95,2021-11-20,40,hunum,다음 漢字의 訓과 音을 쓰시오.,嚴,嚴,,엄할 엄,엄할 엄
4급,95,2021-11-20,41,hunum,다음 漢字의 訓과 音을 쓰시오.,巨,巨,,클 거,클 거
4급,95,2021-11-20,42,hunum,다음 漢字의 訓과 音을 쓰시오.,掃,掃,,쓸 소,쓸 소
4급,95,2021-11-20,43,hunum,다음 漢字의 訓과 音을 쓰시오.,鍾,鍾,,쇠북 종,쇠북 종
4급,95,2021-11-20,44,hunum,다음 漢字의 訓과 音을 쓰시오.,羅,羅,,벌릴 라,벌릴 라
4급,95,2021-11-20,45,hunum,다음 漢字의 訓과 音을 쓰시오.,劇,劇,,심할 극,심할 극
4급,95,2021-11-20,46,hunum,다음 漢字의 訓과 音을 쓰시오.,差,差,,다를 차,다를 차
4급,95,2021-11-20,47,hunum,다음 漢字의 訓과 音을 쓰시오.,腸,腸,,창자 장,창자 장
4급,95,2021-11-20,48,hunum,다음 漢字의 訓과 音을 쓰시오.,範,範,,법 범,법 범
4급,95,2021-11-20,49,hunum,다음 漢字의 訓과 音을 쓰시오.,柳,柳,,버들 류,버들 류
4급,95,2021-11-20,50,hunum,다음 漢字의 訓과 音을 쓰시오.,繼,繼,,이을 계,이을 계
4급,95,2021-11-20,51,hunum,다음 漢字의 訓과 音을 쓰시오.,依,依,,의지할 의,의지할 의
4급,95,2021-11-20,52,hunum,다음 漢字의 訓과 音을 쓰시오.,段,段,,층계 단,층계 단
4급,95,2021-11-20,53,hunum,다음 漢字의 訓과 音을 쓰시오.,墓,墓,,무덤 묘,무덤 묘
4급,95,2021-11-20,54,hunum,다음 漢字의 訓과 音을 쓰시오.,施,施,,베풀 시,베풀 시
4급,95,2021-11-20,55,bushu,다음 漢字의 部首를 쓰시오.,更,更,,曰,曰
4급,95,2021-11-20,56,bushu,다음 漢字의 部首를 쓰시오.,車,車,,車,車
4급,95,2021-11-20,57,bushu,다음 漢字의 部首를 쓰시오.,島,島,,山,山
4급,95,2021-11-20,58,yakja,다음 漢字의 略字를 쓰시오.,禮,禮,,礼,礼
4급,95,2021-11-20,59,yakja,다음 漢字의 略字를 쓰시오.,醫,醫,,医,医
4급,95,2021-11-20,60,yakja,다음 漢字의 略字를 쓰시오.,卒,卒,,卆,卆
4급,95,2021-11-20,61,jangum,다음 漢字語 중 첫소리가 長音인 것을 가려 그 번호를 쓰시오.,,,"[""① 古典"", ""② 苦戰""]",①,①
4급,95,2021-11-20,62,jangum,다음 漢字語 중 첫소리가 長音인 것을 가려 그 번호를 쓰시오.,,,"[""① 童話"", ""② 銅貨""]",①,①
4급,95,2021-11-20,63,jangum,다음 漢字語 중 첫소리가 長音인 것을 가려 그 번호를 쓰시오.,,,"[""① 時刻"", ""② 視覺""]",②,②
4급,95,2021-11-20,64,banui,다음 漢字와 뜻이 반대(또는 상대)되는 漢字를 (  ) 속에 적어 문장을 완성하시오.,현관 출입문에 자동 (  )閉 장치를 설치하였다.,閉,,開,開
4급,95,2021-11-20,65,banui,다음 漢字와 뜻이 반대(또는 상대)되는 漢字를 (  ) 속에 적어 문장을 완성하시오.,상품의 유통은 (  )買를 통하여 이루어진다.,買,,賣,賣
4급,95,2021-11-20,66,banui,다음 漢字와 뜻이 반대(또는 상대)되는 漢字를 (  ) 속에 적어 문장을 완성하시오.,무슨 일이든 利(  )를 따지기 전에 먼저 옳고 그름부터 따져라.,利,,害,害
4급,95,2021-11-20,67,yui,다음 漢字와 뜻이 같거나 비슷한 漢字를 ( ) 속에 적어 문장을 완성하시오.,계획을 세울 때에는 실현이 가능할지를 (  )慮하여야 한다.,慮,,考,考
4급,95,2021-11-20,68,yui,다음 漢字와 뜻이 같거나 비슷한 漢字를 ( ) 속에 적어 문장을 완성하시오.,혼자라고 생각할 때 사람들은 孤(  )해진다.,孤,,獨,獨
4급,95,2021-11-20,69,yui,다음 漢字와 뜻이 같거나 비슷한 漢字를 ( ) 속에 적어 문장을 완성하시오.,그는 (  )端 사원에서 42년 만에 회장 자리에 올랐다.,端,,末,末
4급,95,2021-11-20,70,dongeum,다음 제시된 漢字語와 뜻에 맞는 同音語를 漢字로 쓰시오.,家屬 - (    ) : 점점 속도를 더함.,家屬,,加速,加速
4급,95,2021-11-20,71,dongeum,다음 제시된 漢字語와 뜻에 맞는 同音語를 漢字로 쓰시오.,手簡 - (    ) : 나무와 나무의 사이.,手簡,,樹間,樹間
4급,95,2021-11-20,72,dongeum,다음 제시된 漢字語와 뜻에 맞는 同音語를 漢字로 쓰시오.,驚氣 - (    ) : 일정한 규칙 아래 기량과 기술을 겨룸.,驚氣,,競技,競技
4급,95,2021-11-20,73,uut_select,다음 漢字語의 뜻을 <보기>에서 찾아 그 번호를 쓰시오.,檢算,檢算,"[""① 책임이나 의무를 면제하여 줌."", ""② 어려움과 쉬움."", ""③ 어려운 역할이나 일."", ""④ 칼처럼 뾰족한 바위로만 이루어진 산."", ""⑤ 계산의 결과가 맞는지를 다시 조사하는 일."", ""⑥ 학문에 힘씀.""]",⑤,⑤
4급,95,2021-11-20,74,uut_select,다음 漢字語의 뜻을 <보기>에서 찾아 그 번호를 쓰시오.,難易,難易,"[""① 책임이나 의무를 면제하여 줌."", ""② 어려움과 쉬움."", ""③ 어려운 역할이나 일."", ""④ 칼처럼 뾰족한 바위로만 이루어진 산."", ""⑤ 계산의 결과가 맞는지를 다시 조사하는 일."", ""⑥ 학문에 힘씀.""]",②,②
4급,95,2021-11-20,75,uut_select,다음 漢字語의 뜻을 <보기>에서 찾아 그 번호를 쓰시오.,勉學,勉學,"[""① 책임이나 의무를 면제하여 줌."", ""② 어려움과 쉬움."", ""③ 어려운 역할이나 일."", ""④ 칼처럼 뾰족한 바위로만 이루어진 산."", ""⑤ 계산의 결과가 맞는지를 다시 조사하는 일."", ""⑥ 학문에 힘씀.""]",⑥,⑥
4급,95,2021-11-20,76,seong-eo,다음 ( ) 안에 해당하는 漢字를 적어 성어를 완성하시오.,居安(사)危 : 편안할 때에 어려움이 닥칠 것을 미리 대비함.,居安(사)危,,思,思
4급,95,2021-11-20,77,seong-eo,다음 ( ) 안에 해당하는 漢字를 적어 성어를 완성하시오.,鷄卵(유)骨 : 달걀에도 뼈가 있음. 운수가 나쁨.,鷄卵(유)骨,,有,有
4급,95,2021-11-20,78,seong-eo,다음 ( ) 안에 해당하는 漢字를 적어 성어를 완성하시오.,目不(식)丁 : '丁' 자를 눈으로 보고도 그것이 '고무래'인 줄을 알지 못함.,目不(식)丁,,識,識
4급,95,2021-11-20,79,seong-eo,다음 ( ) 안에 해당하는 漢字를 적어 성어를 완성하시오.,事(필)歸正 : 모든 일은 반드시 바른길로 돌아감.,事(필)歸正,,必,必
4급,95,2021-11-20,80,seong-eo,다음 ( ) 안에 해당하는 漢字를 적어 성어를 완성하시오.,先(공)後私 : 공적인 일을 먼저 하고 사사로운 일은 뒤로 미룸.,先(공)後私,,公,公
4급,95,2021-11-20,81,hanjaeo_write,다음 각 문장의 밑줄 친 漢字語를 漢字로 쓰시오.,올해는 더 추워서인지 낙엽이 작년보다 빨랐다.,낙엽,,落葉,落葉
4급,95,2021-11-20,82,hanjaeo_write,다음 각 문장의 밑줄 친 漢字語를 漢字로 쓰시오.,과도한 스트레스는 피부를 쉽게 노화시킨다.,노화,,老化,老化
4급,95,2021-11-20,83,hanjaeo_write,다음 각 문장의 밑줄 친 漢字語를 漢字로 쓰시오.,교실의 창문을 활짝 열고 환기를 시켰다.,창문,,窓門,窓門
4급,95,2021-11-20,84,hanjaeo_write,다음 각 문장의 밑줄 친 漢字語를 漢字로 쓰시오.,그녀의 가창력과 무대 매너에 관중들이 환호했다.,가창,,歌唱,歌唱
4급,95,2021-11-20,85,hanjaeo_write,다음 각 문장의 밑줄 친 漢字語를 漢字로 쓰시오.,그는 한옥 지붕의 우아한 곡선에 매료되었다.,곡선,,曲線,曲線
4급,95,2021-11-20,86,hanjaeo_write,다음 각 문장의 밑줄 친 漢字語를 漢字로 쓰시오.,농부들이 농악을 울리며 흥겹게 춤을 추었다.,농악,,農樂,農樂
4급,95,2021-11-20,87,hanjaeo_write,다음 각 문장의 밑줄 친 漢字語를 漢字로 쓰시오.,도서관은 책을 쉽게 찾을 수 있도록 분류를 잘 해 놓았다.,분류,,分類,分類
4급,95,2021-11-20,88,hanjaeo_write,다음 각 문장의 밑줄 친 漢字語를 漢字로 쓰시오.,시설을 기계화해 상품의 대량 생산이 가능해졌다.,대량,,大量,大量
4급,95,2021-11-20,89,hanjaeo_write,다음 각 문장의 밑줄 친 漢字語를 漢字로 쓰시오.,영희는 항상 명랑하고 솔직하다.,명랑,,明朗,明朗
4급,95,2021-11-20,90,hanjaeo_write,다음 각 문장의 밑줄 친 漢字語를 漢字로 쓰시오.,올해 할아버지 연세는 아흔이시다.,연세,,年歲,年歲
4급,95,2021-11-20,91,hanjaeo_write,다음 각 문장의 밑줄 친 漢字語를 漢字로 쓰시오.,요즘 우리 동네에 큰 건물들이 많이 들어섰다.,건물,,建物,建物
4급,95,2021-11-20,92,hanjaeo_write,다음 각 문장의 밑줄 친 漢字語를 漢字로 쓰시오.,우리 반은 당번을 정해 교실 청소를 한다.,당번,,當番,當番
4급,95,2021-11-20,93,hanjaeo_write,다음 각 문장의 밑줄 친 漢字語를 漢字로 쓰시오.,우리는 관광 가이드의 안내에 따라서 이동했다.,안내,,案內,案內
4급,95,2021-11-20,94,hanjaeo_write,다음 각 문장의 밑줄 친 漢字語를 漢字로 쓰시오.,이 센서는 미세한 열의 변화를 모두 감지한다.,감지,,感知,感知
4급,95,2021-11-20,95,hanjaeo_write,다음 각 문장의 밑줄 친 漢字語를 漢字로 쓰시오.,이 집은 높은 곳에 있어 전망이 아주 좋다.,전망,,展望,展望
4급,95,2021-11-20,96,hanjaeo_write,다음 각 문장의 밑줄 친 漢字語를 漢字로 쓰시오.,이번 일의 성패에 우리 부서의 사활이 걸려 있다.,사활,,死活,死活
4급,95,2021-11-20,97,hanjaeo_write,다음 각 문장의 밑줄 친 漢字語를 漢字로 쓰시오.,지구 온난화로 전세계가 에너지 산업에 관심을 쏟고 있다.,산업,,産業,産業
4급,95,2021-11-20,98,hanjaeo_write,다음 각 문장의 밑줄 친 漢字語를 漢字로 쓰시오.,지역 개발에 대한 문제로 주민 대표와 시장이 면담을 했다.,면담,,面談,面談
4급,95,2021-11-20,99,hanjaeo_write,다음 각 문장의 밑줄 친 漢字語를 漢字로 쓰시오.,지역 국회의원의 숫자는 인구의 수에 비례해서 할당된다.,비례,,比例,比例
4급,95,2021-11-20,100,hanjaeo_write,다음 각 문장의 밑줄 친 漢字語를 漢字로 쓰시오.,할아버지는 옛 영웅의 이야기를 많이 해 주셨다.,영웅,,英雄,英雄
4급,94,2021-09-11,1,dokum,다음 밑줄 친 漢字語의 讀音을 쓰시오.,豫想하기 ; 날씨는 생산 활동과 密接한 關係가 있으므로 村落에서 날씨를 중요하게 여길 것이다.,豫想,,예상,예상
4급,94,2021-09-11,2,dokum,다음 밑줄 친 漢字語의 讀音을 쓰시오.,豫想하기 ; 날씨는 생산 활동과 密接한 關係가 있으므로 村落에서 날씨를 중요하게 여길 것이다.,密接,,밀접,밀접
4급,94,2021-09-11,3,dokum,다음 밑줄 친 漢字語의 讀音을 쓰시오.,豫想하기 ; 날씨는 생산 활동과 密接한 關係가 있으므로 村落에서 날씨를 중요하게 여길 것이다.,關係,,관계,관계
4급,94,2021-09-11,4,dokum,다음 밑줄 친 漢字語의 讀音을 쓰시오.,豫想하기 ; 날씨는 생산 활동과 密接한 關係가 있으므로 村落에서 날씨를 중요하게 여길 것이다.,村落,,촌락,촌락
4급,94,2021-09-11,5,dokum,다음 밑줄 친 漢字語의 讀音을 쓰시오.,예전에는 나라마다 사용하는 單位가 조금씩 달라 混亂이 일어나기도 하였습니다.,單位,,단위,단위
4급,94,2021-09-11,6,dokum,다음 밑줄 친 漢字語의 讀音을 쓰시오.,예전에는 나라마다 사용하는 單位가 조금씩 달라 混亂이 일어나기도 하였습니다.,混亂,,혼란,혼란
4급,94,2021-09-11,7,dokum,다음 밑줄 친 漢字語의 讀音을 쓰시오.,"情報 통신 산업의 發達로 재택 勤務가 확대되고, 인간의 平均 수명이 增加하게 될 未來에는 어떤 산업이 더 발달하게 될 것인지 期待된다.",情報,,정보,정보
4급,94,2021-09-11,8,dokum,다음 밑줄 친 漢字語의 讀音을 쓰시오.,"情報 통신 산업의 發達로 재택 勤務가 확대되고, 인간의 平均 수명이 增加하게 될 未來에는 어떤 산업이 더 발달하게 될 것인지 期待된다.",發達,,발달,발달
4급,94,2021-09-11,9,dokum,다음 밑줄 친 漢字語의 讀音을 쓰시오.,"情報 통신 산업의 發達로 재택 勤務가 확대되고, 인간의 平均 수명이 增加하게 될 未來에는 어떤 산업이 더 발달하게 될 것인지 期待된다.",勤務,,근무,근무
4급,94,2021-09-11,10,dokum,다음 밑줄 친 漢字語의 讀音을 쓰시오.,"情報 통신 산업의 發達로 재택 勤務가 확대되고, 인간의 平均 수명이 增加하게 될 未來에는 어떤 산업이 더 발달하게 될 것인지 期待된다.",平均,,평균,평균
4급,94,2021-09-11,11,dokum,다음 밑줄 친 漢字語의 讀音을 쓰시오.,"情報 통신 산업의 發達로 재택 勤務가 확대되고, 인간의 平均 수명이 增加하게 될 未來에는 어떤 산업이 더 발달하게 될 것인지 期待된다.",增加,,증가,증가
4급,94,2021-09-11,12,dokum,다음 밑줄 친 漢字語의 讀音을 쓰시오.,"情報 통신 산업의 發達로 재택 勤務가 확대되고, 인간의 平均 수명이 增加하게 될 未來에는 어떤 산업이 더 발달하게 될 것인지 期待된다.",未來,,미래,미래
4급,94,2021-09-11,13,dokum,다음 밑줄 친 漢字語의 讀音을 쓰시오.,"情報 통신 산업의 發達로 재택 勤務가 확대되고, 인간의 平均 수명이 增加하게 될 未來에는 어떤 산업이 더 발달하게 될 것인지 期待된다.",期待,,기대,기대
4급,94,2021-09-11,14,dokum,다음 밑줄 친 漢字語의 讀音을 쓰시오.,"정부는 大統領, 국무총리, 行政 각부로 構成되며, 法律에 따라 국가를 運營한다.",大統領,,대통령,대통령
4급,94,2021-09-11,15,dokum,다음 밑줄 친 漢字語의 讀音을 쓰시오.,"정부는 大統領, 국무총리, 行政 각부로 構成되며, 法律에 따라 국가를 運營한다.",行政,,행정,행정
4급,94,2021-09-11,16,dokum,다음 밑줄 친 漢字語의 讀音을 쓰시오.,"정부는 大統領, 국무총리, 行政 각부로 構成되며, 法律에 따라 국가를 運營한다.",構成,,구성,구성
4급,94,2021-09-11,17,dokum,다음 밑줄 친 漢字語의 讀音을 쓰시오.,"정부는 大統領, 국무총리, 行政 각부로 構成되며, 法律에 따라 국가를 運營한다.",法律,,법률,법률
4급,94,2021-09-11,18,dokum,다음 밑줄 친 漢字語의 讀音을 쓰시오.,"정부는 大統領, 국무총리, 行政 각부로 構成되며, 法律에 따라 국가를 運營한다.",運營,,운영,운영
4급,94,2021-09-11,19,dokum,다음 밑줄 친 漢字語의 讀音을 쓰시오.,歷史를 왜곡하는 행위는 批判 받아 마땅하다.,歷史,,역사,역사
4급,94,2021-09-11,20,dokum,다음 밑줄 친 漢字語의 讀音을 쓰시오.,歷史를 왜곡하는 행위는 批判 받아 마땅하다.,批判,,비판,비판
4급,94,2021-09-11,21,dokum,다음 밑줄 친 漢字語의 讀音을 쓰시오.,그의 高潔하고 厚德한 성품은 많은 사람들의 尊敬을 받았다.,高潔,,고결,고결
4급,94,2021-09-11,22,dokum,다음 밑줄 친 漢字語의 讀音을 쓰시오.,그의 高潔하고 厚德한 성품은 많은 사람들의 尊敬을 받았다.,厚德,,후덕,후덕
4급,94,2021-09-11,23,dokum,다음 밑줄 친 漢字語의 讀音을 쓰시오.,그의 高潔하고 厚德한 성품은 많은 사람들의 尊敬을 받았다.,尊敬,,존경,존경
4급,94,2021-09-11,24,dokum,다음 밑줄 친 漢字語의 讀音을 쓰시오.,그는 現實의 狀況에 대한 變化를 구체적으로 설명하였다.,現實,,현실,현실
4급,94,2021-09-11,25,dokum,다음 밑줄 친 漢字語의 讀音을 쓰시오.,그는 現實의 狀況에 대한 變化를 구체적으로 설명하였다.,狀況,,상황,상황
4급,94,2021-09-11,26,dokum,다음 밑줄 친 漢字語의 讀音을 쓰시오.,그는 現實의 狀況에 대한 變化를 구체적으로 설명하였다.,變化,,변화,변화
4급,94,2021-09-11,27,dokum,다음 밑줄 친 漢字語의 讀音을 쓰시오.,그의 演技에 聽衆들은 모두 感動을 받았다.,演技,,연기,연기
4급,94,2021-09-11,28,dokum,다음 밑줄 친 漢字語의 讀音을 쓰시오.,그의 演技에 聽衆들은 모두 感動을 받았다.,聽衆,,청중,청중
4급,94,2021-09-11,29,dokum,다음 밑줄 친 漢字語의 讀音을 쓰시오.,그의 演技에 聽衆들은 모두 感動을 받았다.,感動,,감동,감동
4급,94,2021-09-11,30,dokum,다음 밑줄 친 漢字語의 讀音을 쓰시오.,재판에는 充分한 證據가 確保되어야 한다.,充分,,충분,충분
4급,94,2021-09-11,31,dokum,다음 밑줄 친 漢字語의 讀音을 쓰시오.,재판에는 充分한 證據가 確保되어야 한다.,證據,,증거,증거
4급,94,2021-09-11,32,dokum,다음 밑줄 친 漢字語의 讀音을 쓰시오.,재판에는 充分한 證據가 確保되어야 한다.,確保,,확보,확보
4급,94,2021-09-11,33,hunum,다음 漢字의 訓과 音을 쓰시오.,興,興,,일 흥,일 흥
4급,94,2021-09-11,34,hunum,다음 漢字의 訓과 音을 쓰시오.,質,質,,바탕 질,바탕 질
4급,94,2021-09-11,35,hunum,다음 漢字의 訓과 音을 쓰시오.,庫,庫,,곳집 고,곳집 고
4급,94,2021-09-11,36,hunum,다음 漢字의 訓과 音을 쓰시오.,逃,逃,,달아날 도,달아날 도
4급,94,2021-09-11,37,hunum,다음 漢字의 訓과 音을 쓰시오.,留,留,,머무를 류,머무를 류
4급,94,2021-09-11,38,hunum,다음 漢字의 訓과 音을 쓰시오.,童,童,,아이 동,아이 동
4급,94,2021-09-11,39,hunum,다음 漢字의 訓과 音을 쓰시오.,選,選,,가릴 선,가릴 선
4급,94,2021-09-11,40,hunum,다음 漢字의 訓과 音을 쓰시오.,辯,辯,,말씀 변,말씀 변
4급,94,2021-09-11,41,hunum,다음 漢字의 訓과 音을 쓰시오.,看,看,,볼 간,볼 간
4급,94,2021-09-11,42,hunum,다음 漢字의 訓과 音을 쓰시오.,孤,孤,,외로울 고,외로울 고
4급,94,2021-09-11,43,hunum,다음 漢字의 訓과 音을 쓰시오.,基,基,,터 기,터 기
4급,94,2021-09-11,44,hunum,다음 漢字의 訓과 音을 쓰시오.,頭,頭,,머리 두,머리 두
4급,94,2021-09-11,45,hunum,다음 漢字의 訓과 音을 쓰시오.,類,類,,무리 류,무리 류
4급,94,2021-09-11,46,hunum,다음 漢字의 訓과 音을 쓰시오.,論,論,,논할 론,논할 론
4급,94,2021-09-11,47,hunum,다음 漢字의 訓과 音을 쓰시오.,妙,妙,,묘할 묘,묘할 묘
4급,94,2021-09-11,48,hunum,다음 漢字의 訓과 音을 쓰시오.,辭,辭,,말씀 사,말씀 사
4급,94,2021-09-11,49,hunum,다음 漢字의 訓과 音을 쓰시오.,書,書,,글 서,글 서
4급,94,2021-09-11,50,hunum,다음 漢字의 訓과 音을 쓰시오.,悲,悲,,슬플 비,슬플 비
4급,94,2021-09-11,51,hunum,다음 漢字의 訓과 音을 쓰시오.,歲,歲,,해 세,해 세
4급,94,2021-09-11,52,hunum,다음 漢字의 訓과 音을 쓰시오.,崇,崇,,높을 숭,높을 숭
4급,94,2021-09-11,53,hunum,다음 漢字의 訓과 音을 쓰시오.,愛,愛,,사랑 애,사랑 애
4급,94,2021-09-11,54,hunum,다음 漢字의 訓과 音을 쓰시오.,戰,戰,,싸울 전,싸울 전
4급,94,2021-09-11,55,jangum,다음 漢字語 중 첫소리가 長音인 것을 가려 그 번호를 쓰시오.,,,"[""① 今週"", ""② 禁酒""]",②,②
4급,94,2021-09-11,56,jangum,다음 漢字語 중 첫소리가 長音인 것을 가려 그 번호를 쓰시오.,,,"[""① 救助"", ""② 九條""]",①,①
4급,94,2021-09-11,57,jangum,다음 漢字語 중 첫소리가 長音인 것을 가려 그 번호를 쓰시오.,,,"[""① 無價"", ""② 舞歌""]",②,②
4급,94,2021-09-11,58,banui,다음 밑줄 친 漢字와 뜻이 반대(또는 대립)되는 漢字를 (  ) 속에 적어 문장을 完成하시오.,그는 晝(  ) 교대로 근무하는 직장에 다닌다.,晝,,夜,夜
4급,94,2021-09-11,59,banui,다음 밑줄 친 漢字와 뜻이 반대(또는 대립)되는 漢字를 (  ) 속에 적어 문장을 完成하시오.,총선을 앞두고 與(  )가 선거 준비에 한창이다.,與,,野,野
4급,94,2021-09-11,60,banui,다음 밑줄 친 漢字와 뜻이 반대(또는 대립)되는 漢字를 (  ) 속에 적어 문장을 完成하시오.,원인과 결과에 관한 법칙을 因(  )율이라 한다.,因,,果,果
4급,94,2021-09-11,61,seong-eo,다음 (  ) 안에 알맞은 漢字를 적어 사자성어를 完成하시오.,安貧樂(  ) ; 가난 속에서도 편안한 마음으로 도를 즐김.,安貧樂(  ),,道,道
4급,94,2021-09-11,62,seong-eo,다음 (  ) 안에 알맞은 漢字를 적어 사자성어를 完成하시오.,聞一(  )十 ; 한 가지를 듣고 미루어 열 가지를 앎.,聞一(  )十,,知,知
4급,94,2021-09-11,63,seong-eo,다음 (  ) 안에 알맞은 漢字를 적어 사자성어를 完成하시오.,富貴在(  ) ; 부귀는 하늘에 달려있다는 뜻.,富貴在(  ),,天,天
4급,94,2021-09-11,64,seong-eo,다음 (  ) 안에 알맞은 漢字를 적어 사자성어를 完成하시오.,良藥苦(  ) ; ‘좋은 약은 입에 쓰다’는 뜻.,良藥苦(  ),,口,口
4급,94,2021-09-11,65,seong-eo,다음 (  ) 안에 알맞은 漢字를 적어 사자성어를 完成하시오.,風(  )燈火 ; ‘바람 앞의 등불’이란 뜻.,風(  )燈火,,前,前
4급,94,2021-09-11,66,bushu,다음 漢字의 部首를 쓰시오.,黨,黨,,黑,黑
4급,94,2021-09-11,67,bushu,다음 漢字의 部首를 쓰시오.,戶,戶,,戶,戶
4급,94,2021-09-11,68,bushu,다음 漢字의 部首를 쓰시오.,虛,虛,,虍,虍
4급,94,2021-09-11,69,yui,다음 밑줄 친 漢字와 뜻이 같거나 비슷한 漢字를 (  ) 속에 적어 문장을 完成하시오.,효는 인륜의 根(  )이다.,根,,本,本
4급,94,2021-09-11,70,yui,다음 밑줄 친 漢字와 뜻이 같거나 비슷한 漢字를 (  ) 속에 적어 문장을 完成하시오.,도청에 영업 許(  )를 신청하였다.,許,,可,可
4급,94,2021-09-11,71,yui,다음 밑줄 친 漢字와 뜻이 같거나 비슷한 漢字를 (  ) 속에 적어 문장을 完成하시오.,그는 누구보다 (  )志가 강한 사람이다.,志,,意,意
4급,94,2021-09-11,72,dongeum,"다음 제시한 漢字語의 동음어를 漢字(正字)로 쓰되, 미리 제시된 뜻에 맞추시오.",聲明 - (   ) : 성과 이름.,聲明,,姓名,姓名
4급,94,2021-09-11,73,dongeum,"다음 제시한 漢字語의 동음어를 漢字(正字)로 쓰되, 미리 제시된 뜻에 맞추시오.",傳記 - (   ) : 전자의 이동으로 생기는 에너지의 한 형태.,傳記,,電氣,電氣
4급,94,2021-09-11,74,dongeum,"다음 제시한 漢字語의 동음어를 漢字(正字)로 쓰되, 미리 제시된 뜻에 맞추시오.",資源 - (   ) : 스스로 지원함.,資源,,自願,自願
4급,94,2021-09-11,75,uut_select,다음 漢字語의 바른 뜻을 <보기>에서 찾아 그 번호를 쓰시오.,優秀,優秀,"[""① 빗물"", ""② 여럿 가운데 뛰어남."", ""③ 주고받음."", ""④ 용감한 사람."", ""⑤ 참된 아름다움."", ""⑥ 밭을 가는 도구.""]",②,②
4급,94,2021-09-11,76,uut_select,다음 漢字語의 바른 뜻을 <보기>에서 찾아 그 번호를 쓰시오.,勇者,勇者,"[""① 빗물"", ""② 여럿 가운데 뛰어남."", ""③ 주고받음."", ""④ 용감한 사람."", ""⑤ 참된 아름다움."", ""⑥ 밭을 가는 도구.""]",④,④
4급,94,2021-09-11,77,uut_select,다음 漢字語의 바른 뜻을 <보기>에서 찾아 그 번호를 쓰시오.,授受,授受,"[""① 빗물"", ""② 여럿 가운데 뛰어남."", ""③ 주고받음."", ""④ 용감한 사람."", ""⑤ 참된 아름다움."", ""⑥ 밭을 가는 도구.""]",③,③
4급,94,2021-09-11,78,yakja,다음 漢字의 略字를 쓰시오.,禮,禮,,礼,礼
4급,94,2021-09-11,79,yakja,다음 漢字의 略字를 쓰시오.,區,區,,区,区
4급,94,2021-09-11,80,yakja,다음 漢字의 略字를 쓰시오.,勞,勞,,労,労
4급,94,2021-09-11,81,hanjaeo_write,다음 각 문장의 밑줄 친 漢字語를 漢字(正字)로 쓰시오.,그는 첨단 산업 육성을 공약으로 제시하였다.,산업,,産業,産業
4급,94,2021-09-11,82,hanjaeo_write,다음 각 문장의 밑줄 친 漢字語를 漢字(正字)로 쓰시오.,그는 첨단 산업 육성을 공약으로 제시하였다.,공약,,公約,公約
4급,94,2021-09-11,83,hanjaeo_write,다음 각 문장의 밑줄 친 漢字語를 漢字(正字)로 쓰시오.,지방의 농촌 인구가 도시로 집중하고 있다.,지방,,地方,地方
4급,94,2021-09-11,84,hanjaeo_write,다음 각 문장의 밑줄 친 漢字語를 漢字(正字)로 쓰시오.,지방의 농촌 인구가 도시로 집중하고 있다.,도시,,都市,都市
4급,94,2021-09-11,85,hanjaeo_write,다음 각 문장의 밑줄 친 漢字語를 漢字(正字)로 쓰시오.,지방의 농촌 인구가 도시로 집중하고 있다.,집중,,集中,集中
4급,94,2021-09-11,86,hanjaeo_write,다음 각 문장의 밑줄 친 漢字語를 漢字(正字)로 쓰시오.,그 소설은 한 청년을 민족의 영웅으로 형상화한 작품이다.,소설,,小說,小說
4급,94,2021-09-11,87,hanjaeo_write,다음 각 문장의 밑줄 친 漢字語를 漢字(正字)로 쓰시오.,그 소설은 한 청년을 민족의 영웅으로 형상화한 작품이다.,청년,,靑年,靑年
4급,94,2021-09-11,88,hanjaeo_write,다음 각 문장의 밑줄 친 漢字語를 漢字(正字)로 쓰시오.,그 소설은 한 청년을 민족의 영웅으로 형상화한 작품이다.,민족,,民族,民族
4급,94,2021-09-11,89,hanjaeo_write,다음 각 문장의 밑줄 친 漢字語를 漢字(正字)로 쓰시오.,그 소설은 한 청년을 민족의 영웅으로 형상화한 작품이다.,영웅,,英雄,英雄
4급,94,2021-09-11,90,hanjaeo_write,다음 각 문장의 밑줄 친 漢字語를 漢字(正字)로 쓰시오.,그 소설은 한 청년을 민족의 영웅으로 형상화한 작품이다.,작품,,作品,作品
4급,94,2021-09-11,91,hanjaeo_write,다음 각 문장의 밑줄 친 漢字語를 漢字(正字)로 쓰시오.,그는 호수를 바라보며 어린 시절을 추억하였다.,호수,,湖水,湖水
4급,94,2021-09-11,92,hanjaeo_write,다음 각 문장의 밑줄 친 漢字語를 漢字(正字)로 쓰시오.,그는 호수를 바라보며 어린 시절을 추억하였다.,시절,,時節,時節
4급,94,2021-09-11,93,hanjaeo_write,다음 각 문장의 밑줄 친 漢字語를 漢字(正字)로 쓰시오.,국가의 교육은 매우 중요한 문제이다.,교육,,敎育,敎育
4급,94,2021-09-11,94,hanjaeo_write,다음 각 문장의 밑줄 친 漢字語를 漢字(正字)로 쓰시오.,국가의 교육은 매우 중요한 문제이다.,중요,,重要,重要
4급,94,2021-09-11,95,hanjaeo_write,다음 각 문장의 밑줄 친 漢字語를 漢字(正字)로 쓰시오.,사장은 공장의 직원들에게 음식과 숙소를 제공하라고 명령하였다.,공장,,工場,工場
4급,94,2021-09-11,96,hanjaeo_write,다음 각 문장의 밑줄 친 漢字語를 漢字(正字)로 쓰시오.,사장은 공장의 직원들에게 음식과 숙소를 제공하라고 명령하였다.,음식,,飮食,飮食
4급,94,2021-09-11,97,hanjaeo_write,다음 각 문장의 밑줄 친 漢字語를 漢字(正字)로 쓰시오.,사장은 공장의 직원들에게 음식과 숙소를 제공하라고 명령하였다.,숙소,,宿所,宿所
4급,94,2021-09-11,98,hanjaeo_write,다음 각 문장의 밑줄 친 漢字語를 漢字(正字)로 쓰시오.,사장은 공장의 직원들에게 음식과 숙소를 제공하라고 명령하였다.,명령,,命令,命令
4급,94,2021-09-11,99,hanjaeo_write,다음 각 문장의 밑줄 친 漢字語를 漢字(正字)로 쓰시오.,그는 실패를 극복한 제자를 격려하였다.,실패,,失敗,失敗
4급,94,2021-09-11,100,hanjaeo_write,다음 각 문장의 밑줄 친 漢字語를 漢字(正字)로 쓰시오.,그는 실패를 극복한 제자를 격려하였다.,제자,,弟子,弟子
4급,93,2021-07-10,1,dokum,다음 밑줄 친 漢字語의 讀音을 쓰시오.,나는 학생 대표로 졸업식 式辭를 했다.,式辭,,식사,식사
4급,93,2021-07-10,2,dokum,다음 밑줄 친 漢字語의 讀音을 쓰시오.,대한민국 임시 政府는 비록 해외에 있었지만 모든 同胞에게 독립의 希望과 勇氣를 주었다.,政府,,정부,정부
4급,93,2021-07-10,3,dokum,다음 밑줄 친 漢字語의 讀音을 쓰시오.,대한민국 임시 政府는 비록 해외에 있었지만 모든 同胞에게 독립의 希望과 勇氣를 주었다.,同胞,,동포,동포
4급,93,2021-07-10,4,dokum,다음 밑줄 친 漢字語의 讀音을 쓰시오.,대한민국 임시 政府는 비록 해외에 있었지만 모든 同胞에게 독립의 希望과 勇氣를 주었다.,希望,,희망,희망
4급,93,2021-07-10,5,dokum,다음 밑줄 친 漢字語의 讀音을 쓰시오.,대한민국 임시 政府는 비록 해외에 있었지만 모든 同胞에게 독립의 希望과 勇氣를 주었다.,勇氣,,용기,용기
4급,93,2021-07-10,6,dokum,다음 밑줄 친 漢字語의 讀音을 쓰시오.,로미오와 줄리엣은 셰익스피어의 대표적 悲劇이다.,悲劇,,비극,비극
4급,93,2021-07-10,7,dokum,다음 밑줄 친 漢字語의 讀音을 쓰시오.,목소리로 그의 나이가 많다는 것을 類推할 수 있었다.,類推,,유추,유추
4급,93,2021-07-10,8,dokum,다음 밑줄 친 漢字語의 讀音을 쓰시오.,박 감독은 젊음의 풋풋함을 讚美하는 영화를 제작했다.,讚美,,찬미,찬미
4급,93,2021-07-10,9,dokum,다음 밑줄 친 漢字語의 讀音을 쓰시오.,배심원들은 만장일치로 그가 무죄라고 判決했다.,判決,,판결,판결
4급,93,2021-07-10,10,dokum,다음 밑줄 친 漢字語의 讀音을 쓰시오.,범인은 女裝을 하고 교묘히 파티장을 빠져나갔다.,女裝,,여장,여장
4급,93,2021-07-10,11,dokum,다음 밑줄 친 漢字語의 讀音을 쓰시오.,"사람들이 直接적으로 對立하는 행동이 나타나지 않더라도 부딪치는 狀況이 생겼음을 알고 긴장, 憤怒 등을 느끼기 시작하면 이미 갈등이 시작되었다고 볼 수 있습니다.",直接,,직접,직접
4급,93,2021-07-10,12,dokum,다음 밑줄 친 漢字語의 讀音을 쓰시오.,"사람들이 直接적으로 對立하는 행동이 나타나지 않더라도 부딪치는 狀況이 생겼음을 알고 긴장, 憤怒 등을 느끼기 시작하면 이미 갈등이 시작되었다고 볼 수 있습니다.",對立,,대립,대립
4급,93,2021-07-10,13,dokum,다음 밑줄 친 漢字語의 讀音을 쓰시오.,"사람들이 直接적으로 對立하는 행동이 나타나지 않더라도 부딪치는 狀況이 생겼음을 알고 긴장, 憤怒 등을 느끼기 시작하면 이미 갈등이 시작되었다고 볼 수 있습니다.",狀況,,상황,상황
4급,93,2021-07-10,14,dokum,다음 밑줄 친 漢字語의 讀音을 쓰시오.,"사람들이 直接적으로 對立하는 행동이 나타나지 않더라도 부딪치는 狀況이 생겼음을 알고 긴장, 憤怒 등을 느끼기 시작하면 이미 갈등이 시작되었다고 볼 수 있습니다.",憤怒,,분노,분노
4급,93,2021-07-10,15,dokum,다음 밑줄 친 漢字語의 讀音을 쓰시오.,여러 가지 手段을 이용하여 여행 목적지까지 移動하는 데 必要한 情報를 收集합니다.,手段,,수단,수단
4급,93,2021-07-10,16,dokum,다음 밑줄 친 漢字語의 讀音을 쓰시오.,여러 가지 手段을 이용하여 여행 목적지까지 移動하는 데 必要한 情報를 收集합니다.,移動,,이동,이동
4급,93,2021-07-10,17,dokum,다음 밑줄 친 漢字語의 讀音을 쓰시오.,여러 가지 手段을 이용하여 여행 목적지까지 移動하는 데 必要한 情報를 收集합니다.,必要,,필요,필요
4급,93,2021-07-10,18,dokum,다음 밑줄 친 漢字語의 讀音을 쓰시오.,여러 가지 手段을 이용하여 여행 목적지까지 移動하는 데 必要한 情報를 收集합니다.,情報,,정보,정보
4급,93,2021-07-10,19,dokum,다음 밑줄 친 漢字語의 讀音을 쓰시오.,여러 가지 手段을 이용하여 여행 목적지까지 移動하는 데 必要한 情報를 收集합니다.,收集,,수집,수집
4급,93,2021-07-10,20,dokum,다음 밑줄 친 漢字語의 讀音을 쓰시오.,올 가을에 수확한 米穀은 질이 좋았다.,米穀,,미곡,미곡
4급,93,2021-07-10,21,dokum,다음 밑줄 친 漢字語의 讀音을 쓰시오.,위원회의 결정에 주민들은 異議를 제기하였다.,異議,,이의,이의
4급,93,2021-07-10,22,dokum,다음 밑줄 친 漢字語의 讀音을 쓰시오.,인재를 등용할 때는 血緣이나 지연에 얽매여서는 안 된다.,血緣,,혈연,혈연
4급,93,2021-07-10,23,dokum,다음 밑줄 친 漢字語의 讀音을 쓰시오.,재무상태가 아주 堅實한 기업이라 투자할 가치가 있다.,堅實,,견실,견실
4급,93,2021-07-10,24,dokum,다음 밑줄 친 漢字語의 讀音을 쓰시오.,정부는 청년 고용 창출을 위한 財源을 확보하였다.,財源,,재원,재원
4급,93,2021-07-10,25,dokum,다음 밑줄 친 漢字語의 讀音을 쓰시오.,지폐를 500원 짜리 銅錢으로 바꾸었다.,銅錢,,동전,동전
4급,93,2021-07-10,26,dokum,다음 밑줄 친 漢字語의 讀音을 쓰시오.,彈道 미사일은 핵무기 운반 수단으로 사용된다.,彈道,,탄도,탄도
4급,93,2021-07-10,27,dokum,다음 밑줄 친 漢字語의 讀音을 쓰시오.,학교에서 늘 혼자인 아이가 우연한 機會에 연락이 닿게 된,機會,,기회,기회
4급,93,2021-07-10,28,dokum,다음 밑줄 친 漢字語의 讀音을 쓰시오.,童話 작가와 전자 郵便을 주고받으면서 마음이 성숙하여 가는 過程을 담은 이야기로 비슷한 處地에 있는 아이들의 마음을 잘 表現하고 있다.,童話,,동화,동화
4급,93,2021-07-10,29,dokum,다음 밑줄 친 漢字語의 讀音을 쓰시오.,童話 작가와 전자 郵便을 주고받으면서 마음이 성숙하여 가는 過程을 담은 이야기로 비슷한 處地에 있는 아이들의 마음을 잘 表現하고 있다.,郵便,,우편,우편
4급,93,2021-07-10,30,dokum,다음 밑줄 친 漢字語의 讀音을 쓰시오.,童話 작가와 전자 郵便을 주고받으면서 마음이 성숙하여 가는 過程을 담은 이야기로 비슷한 處地에 있는 아이들의 마음을 잘 表現하고 있다.,過程,,과정,과정
4급,93,2021-07-10,31,dokum,다음 밑줄 친 漢字語의 讀音을 쓰시오.,童話 작가와 전자 郵便을 주고받으면서 마음이 성숙하여 가는 過程을 담은 이야기로 비슷한 處地에 있는 아이들의 마음을 잘 表現하고 있다.,處地,,처지,처지
4급,93,2021-07-10,32,dokum,다음 밑줄 친 漢字語의 讀音을 쓰시오.,童話 작가와 전자 郵便을 주고받으면서 마음이 성숙하여 가는 過程을 담은 이야기로 비슷한 處地에 있는 아이들의 마음을 잘 表現하고 있다.,表現,,표현,표현
4급,93,2021-07-10,33,hunum,다음 漢字의 訓과 音을 쓰시오.,盜,盜,,도둑 도,도둑 도
4급,93,2021-07-10,34,hunum,다음 漢字의 訓과 音을 쓰시오.,屬,屬,,붙일 속,붙일 속
4급,93,2021-07-10,35,hunum,다음 漢字의 訓과 音을 쓰시오.,閑,閑,,한가할 한,한가할 한
4급,93,2021-07-10,36,hunum,다음 漢字의 訓과 音을 쓰시오.,舞,舞,,춤출 무,춤출 무
4급,93,2021-07-10,37,hunum,다음 漢字의 訓과 音을 쓰시오.,酒,酒,,술 주,술 주
4급,93,2021-07-10,38,hunum,다음 漢字의 訓과 音을 쓰시오.,或,或,,혹 혹,혹 혹
4급,93,2021-07-10,39,hunum,다음 漢字의 訓과 音을 쓰시오.,底,底,,밑 저,밑 저
4급,93,2021-07-10,40,hunum,다음 漢字의 訓과 音을 쓰시오.,差,差,,다를 차,다를 차
4급,93,2021-07-10,41,hunum,다음 漢字의 訓과 音을 쓰시오.,依,依,,의지할 의,의지할 의
4급,93,2021-07-10,42,hunum,다음 漢字의 訓과 音을 쓰시오.,額,額,,이마 액,이마 액
4급,93,2021-07-10,43,hunum,다음 漢字의 訓과 音을 쓰시오.,歸,歸,,돌아갈 귀,돌아갈 귀
4급,93,2021-07-10,44,hunum,다음 漢字의 訓과 音을 쓰시오.,稱,稱,,일컬을 칭,일컬을 칭
4급,93,2021-07-10,45,hunum,다음 漢字의 訓과 音을 쓰시오.,據,據,,근거 거,근거 거
4급,93,2021-07-10,46,hunum,다음 漢字의 訓과 音을 쓰시오.,優,優,,넉넉할 우,넉넉할 우
4급,93,2021-07-10,47,hunum,다음 漢字의 訓과 音을 쓰시오.,傷,傷,,다칠 상,다칠 상
4급,93,2021-07-10,48,hunum,다음 漢字의 訓과 音을 쓰시오.,庫,庫,,곳집 고,곳집 고
4급,93,2021-07-10,49,hunum,다음 漢字의 訓과 音을 쓰시오.,閉,閉,,닫을 폐,닫을 폐
4급,93,2021-07-10,50,hunum,다음 漢字의 訓과 音을 쓰시오.,龍,龍,,용 룡,용 룡
4급,93,2021-07-10,51,hunum,다음 漢字의 訓과 音을 쓰시오.,潮,潮,,밀물 조,밀물 조
4급,93,2021-07-10,52,hunum,다음 漢字의 訓과 音을 쓰시오.,縮,縮,,줄일 축,줄일 축
4급,93,2021-07-10,53,hunum,다음 漢字의 訓과 音을 쓰시오.,候,候,,기후 후,기후 후
4급,93,2021-07-10,54,hunum,다음 漢字의 訓과 音을 쓰시오.,複,複,,겹칠 복,겹칠 복
4급,93,2021-07-10,55,bushu,다음 漢字의 部首를 쓰시오.,驚,驚,,馬,馬
4급,93,2021-07-10,56,bushu,다음 漢字의 部首를 쓰시오.,慶,慶,,心,心
4급,93,2021-07-10,57,bushu,다음 漢字의 部首를 쓰시오.,孤,孤,,子,子
4급,93,2021-07-10,58,yakja,다음 漢字의 略字를 쓰시오.,卒,卒,,卆,卆
4급,93,2021-07-10,59,yakja,다음 漢字의 略字를 쓰시오.,來,來,,来,来
4급,93,2021-07-10,60,yakja,다음 漢字의 略字를 쓰시오.,禮,禮,,礼,礼
4급,93,2021-07-10,61,jangum,다음 漢字語 중 첫소리가 長音인 것을 가려 그 번호를 쓰시오.,,,"[""① 武器"", ""② 無記""]",①,①
4급,93,2021-07-10,62,jangum,다음 漢字語 중 첫소리가 長音인 것을 가려 그 번호를 쓰시오.,,,"[""① 消息"", ""② 小食""]",②,②
4급,93,2021-07-10,63,jangum,다음 漢字語 중 첫소리가 長音인 것을 가려 그 번호를 쓰시오.,,,"[""① 造船"", ""② 朝鮮""]",①,①
4급,93,2021-07-10,64,banui,다음 밑줄 친 漢字와 뜻이 반대(또는 상대)되는 漢字를 ( ) 속에 적어 문장을 완성하시오.,할아버지와 할머니는 동네에서 소문난 잉꼬 (  )婦이다.,婦,,夫,夫
4급,93,2021-07-10,65,banui,다음 밑줄 친 漢字와 뜻이 반대(또는 상대)되는 漢字를 ( ) 속에 적어 문장을 완성하시오.,스승의 날을 맞아 師(  ) 동행 등반 대회가 열렸다.,師,,弟,弟
4급,93,2021-07-10,66,banui,다음 밑줄 친 漢字와 뜻이 반대(또는 상대)되는 漢字를 ( ) 속에 적어 문장을 완성하시오.,이 안건의 (  )否는 표결로 정하기로 했다.,否,,可,可
4급,93,2021-07-10,67,yui,다음 밑줄 친 漢字와 뜻이 같거나 비슷한 漢字를 ( ) 속에 적어 문장을 완성하시오.,모든 국민은 居(  )와 이전의 자유를 가진다.,居,,住,住
4급,93,2021-07-10,68,yui,다음 밑줄 친 漢字와 뜻이 같거나 비슷한 漢字를 ( ) 속에 적어 문장을 완성하시오.,그는 어떠한 (  )難과 역경에도 굴하지 않았다.,難,,苦,苦
4급,93,2021-07-10,69,yui,다음 밑줄 친 漢字와 뜻이 같거나 비슷한 漢字를 ( ) 속에 적어 문장을 완성하시오.,국회는 (  )律과 예산을 다룬다.,律,,法,法
4급,93,2021-07-10,70,dongeum,다음 제시한 漢字語와 뜻에 맞는 同音語를 漢字로 쓰시오.,信從 - (    ) : 새로운 종류.,信從,,新種,新種
4급,93,2021-07-10,71,dongeum,다음 제시한 漢字語와 뜻에 맞는 同音語를 漢字로 쓰시오.,義死 - (    ) : 무엇을 하고자 하는 생각.,義死,,意思,意思
4급,93,2021-07-10,72,dongeum,다음 제시한 漢字語와 뜻에 맞는 同音語를 漢字로 쓰시오.,隊旗 - (    ) : 때나 기회를 기다림.,隊旗,,待期,待期
4급,93,2021-07-10,73,uut_select,다음 漢字語의 뜻을 <보기>에서 찾아 그 번호를 쓰시오.,再燃,再燃,"[""① 자연이 되살아남."", ""② 낮추어 줄임."", ""③ 여당도 야당도 아닌 무소속 의원."", ""④ 꺼졌던 불이 다시 탐."", ""⑤ 낮은 신분이나 출신."", ""⑥ 불순한 사람의 무리.""]",④,④
4급,93,2021-07-10,74,uut_select,다음 漢字語의 뜻을 <보기>에서 찾아 그 번호를 쓰시오.,低減,低減,"[""① 자연이 되살아남."", ""② 낮추어 줄임."", ""③ 여당도 야당도 아닌 무소속 의원."", ""④ 꺼졌던 불이 다시 탐."", ""⑤ 낮은 신분이나 출신."", ""⑥ 불순한 사람의 무리.""]",②,②
4급,93,2021-07-10,75,uut_select,다음 漢字語의 뜻을 <보기>에서 찾아 그 번호를 쓰시오.,徒黨,徒黨,"[""① 자연이 되살아남."", ""② 낮추어 줄임."", ""③ 여당도 야당도 아닌 무소속 의원."", ""④ 꺼졌던 불이 다시 탐."", ""⑤ 낮은 신분이나 출신."", ""⑥ 불순한 사람의 무리.""]",⑥,⑥
4급,93,2021-07-10,76,seong-eo,다음 ( ) 안에 알맞은 漢字를 적어 四字成語를 완성하시오.,燈下不(명) : 등잔 밑이 어두움.,燈下不(명),,明,明
4급,93,2021-07-10,77,seong-eo,다음 ( ) 안에 알맞은 漢字를 적어 四字成語를 완성하시오.,今(시)初聞 : 지금 비로소 처음으로 들음.,今(시)初聞,,始,始
4급,93,2021-07-10,78,seong-eo,다음 ( ) 안에 알맞은 漢字를 적어 四字成語를 완성하시오.,富貴(재)天 : 부유함과 귀함은 하늘에 달려 있음.,富貴(재)天,,在,在
4급,93,2021-07-10,79,seong-eo,다음 ( ) 안에 알맞은 漢字를 적어 四字成語를 완성하시오.,牛(이)讀經 : 소귀에 경 읽기.,牛(이)讀經,,耳,耳
4급,93,2021-07-10,80,seong-eo,다음 ( ) 안에 알맞은 漢字를 적어 四字成語를 완성하시오.,(촌)鐵殺人 : 한 치의 쇠붙이로 사람을 죽임.,(촌)鐵殺人,,寸,寸
4급,93,2021-07-10,81,hanjaeo_write,다음 각 문장의 밑줄 친 單語를 漢字(正字)로 쓰시오.,0.5를 분수로 나타내면 1/2이 된다.,분수,,分數,分數
4급,93,2021-07-10,82,hanjaeo_write,다음 각 문장의 밑줄 친 單語를 漢字(正字)로 쓰시오.,경찰은 용의자를 대상으로 은밀히 내사에 착수했다.,내사,,內査,內査
4급,93,2021-07-10,83,hanjaeo_write,다음 각 문장의 밑줄 친 單語를 漢字(正字)로 쓰시오.,길동은 노련한 솜씨로 순식간에 일을 해치웠다.,노련,,老練,老練
4급,93,2021-07-10,84,hanjaeo_write,다음 각 문장의 밑줄 친 單語를 漢字(正字)로 쓰시오.,내린 눈이 얼어붙어 길이 온통 빙판으로 변했다.,빙판,,氷板,氷板
4급,93,2021-07-10,85,hanjaeo_write,다음 각 문장의 밑줄 친 單語를 漢字(正字)로 쓰시오.,다이어트를 시작한 이후 몸이 훨씬 가벼운 느낌이다.,이후,,以後,以後
4급,93,2021-07-10,86,hanjaeo_write,다음 각 문장의 밑줄 친 單語를 漢字(正字)로 쓰시오.,대체로 기념식은 오전 10시에 거행된다.,거행,,擧行,擧行
4급,93,2021-07-10,87,hanjaeo_write,다음 각 문장의 밑줄 친 單語를 漢字(正字)로 쓰시오.,마력은 말 한 마리의 힘이 하는 일의 양을 나타내는 단위이다.,마력,,馬力,馬力
4급,93,2021-07-10,88,hanjaeo_write,다음 각 문장의 밑줄 친 單語를 漢字(正字)로 쓰시오.,서울의 도심은 언제나 교통이 복잡하다.,도심,,都心,都心
4급,93,2021-07-10,89,hanjaeo_write,다음 각 문장의 밑줄 친 單語를 漢字(正字)로 쓰시오.,수십 명의 합창대원들이 아름다운 화음을 이루었다.,합창,,合唱,合唱
4급,93,2021-07-10,90,hanjaeo_write,다음 각 문장의 밑줄 친 單語를 漢字(正字)로 쓰시오.,시장은 면담을 통해 주민들의 의견을 수렴하였다.,면담,,面談,面談
4급,93,2021-07-10,91,hanjaeo_write,다음 각 문장의 밑줄 친 單語를 漢字(正字)로 쓰시오.,시청은 도시 재개발 사업을 추진하기로 했다.,사업,,事業,事業
4급,93,2021-07-10,92,hanjaeo_write,다음 각 문장의 밑줄 친 單語를 漢字(正字)로 쓰시오.,식혜나 수정과는 대표적인 전통 음료이다.,음료,,飮料,飮料
4급,93,2021-07-10,93,hanjaeo_write,다음 각 문장의 밑줄 친 單語를 漢字(正字)로 쓰시오.,아이들은 놀이를 통하여 사물의 이치를 깨닫게 된다.,이치,,理致,理致
4급,93,2021-07-10,94,hanjaeo_write,다음 각 문장의 밑줄 친 單語를 漢字(正字)로 쓰시오.,이제는 안전띠의 착용이 보편화되었다.,착용,,着用,着用
4급,93,2021-07-10,95,hanjaeo_write,다음 각 문장의 밑줄 친 單語를 漢字(正字)로 쓰시오.,저자는 서문에서 도움을 준 사람들의 이름을 밝혔다.,서문,,序文,序文
4급,93,2021-07-10,96,hanjaeo_write,다음 각 문장의 밑줄 친 單語를 漢字(正字)로 쓰시오.,점심시간인데도 은행 창구는 무척 붐볐다.,창구,,窓口,窓口
4급,93,2021-07-10,97,hanjaeo_write,다음 각 문장의 밑줄 친 單語를 漢字(正字)로 쓰시오.,진행자의 끝인사로 행사는 종결되었다.,종결,,終結,終結
4급,93,2021-07-10,98,hanjaeo_write,다음 각 문장의 밑줄 친 單語를 漢字(正字)로 쓰시오.,철수의 권유로 영희는 수영부에 가입했다.,가입,,加入,加入
4급,93,2021-07-10,99,hanjaeo_write,다음 각 문장의 밑줄 친 單語를 漢字(正字)로 쓰시오.,허브 식물의 독특한 향기를 좋아하는 사람들이 많다.,독특,,獨特,獨特
4급,93,2021-07-10,100,hanjaeo_write,다음 각 문장의 밑줄 친 單語를 漢字(正字)로 쓰시오.,화석은 태고적 생물체의 모습을 보여준다.,태고,,太古,太古
4급,92,2021-05-15,1,dokum,다음 밑줄 친 漢字語의 讀音을 쓰시오.,사람은 人類의 未來를 지금보다 더 낫게 만들려는 선한 意志를 가지고 있기 때문에 지구를 온전하게 지키면서 開發하려고 努力한다.,人類,,인류,인류
4급,92,2021-05-15,2,dokum,다음 밑줄 친 漢字語의 讀音을 쓰시오.,사람은 人類의 未來를 지금보다 더 낫게 만들려는 선한 意志를 가지고 있기 때문에 지구를 온전하게 지키면서 開發하려고 努力한다.,未來,,미래,미래
4급,92,2021-05-15,3,dokum,다음 밑줄 친 漢字語의 讀音을 쓰시오.,사람은 人類의 未來를 지금보다 더 낫게 만들려는 선한 意志를 가지고 있기 때문에 지구를 온전하게 지키면서 開發하려고 努力한다.,意志,,의지,의지
4급,92,2021-05-15,4,dokum,다음 밑줄 친 漢字語의 讀音을 쓰시오.,사람은 人類의 未來를 지금보다 더 낫게 만들려는 선한 意志를 가지고 있기 때문에 지구를 온전하게 지키면서 開發하려고 努力한다.,開發,,개발,개발
4급,92,2021-05-15,5,dokum,다음 밑줄 친 漢字語의 讀音을 쓰시오.,사람은 人類의 未來를 지금보다 더 낫게 만들려는 선한 意志를 가지고 있기 때문에 지구를 온전하게 지키면서 開發하려고 努力한다.,努力,,노력,노력
4급,92,2021-05-15,6,dokum,다음 밑줄 친 漢字語의 讀音을 쓰시오.,"사람이 살아가는 데 가장 중요한 衣食住 생활은 자연 環境에서 生産한 것을 바탕으로 이루어지며, 숲에서 休息을 취하거나 바다에서 餘暇를 즐기는 등 사람들은 자연과 더불어 살아가고 있다.",衣食住,,의식주,의식주
4급,92,2021-05-15,7,dokum,다음 밑줄 친 漢字語의 讀音을 쓰시오.,"사람이 살아가는 데 가장 중요한 衣食住 생활은 자연 環境에서 生産한 것을 바탕으로 이루어지며, 숲에서 休息을 취하거나 바다에서 餘暇를 즐기는 등 사람들은 자연과 더불어 살아가고 있다.",環境,,환경,환경
4급,92,2021-05-15,8,dokum,다음 밑줄 친 漢字語의 讀音을 쓰시오.,"사람이 살아가는 데 가장 중요한 衣食住 생활은 자연 環境에서 生産한 것을 바탕으로 이루어지며, 숲에서 休息을 취하거나 바다에서 餘暇를 즐기는 등 사람들은 자연과 더불어 살아가고 있다.",生産,,생산,생산
4급,92,2021-05-15,9,dokum,다음 밑줄 친 漢字語의 讀音을 쓰시오.,"사람이 살아가는 데 가장 중요한 衣食住 생활은 자연 環境에서 生産한 것을 바탕으로 이루어지며, 숲에서 休息을 취하거나 바다에서 餘暇를 즐기는 등 사람들은 자연과 더불어 살아가고 있다.",休息,,휴식,휴식
4급,92,2021-05-15,10,dokum,다음 밑줄 친 漢字語의 讀音을 쓰시오.,"사람이 살아가는 데 가장 중요한 衣食住 생활은 자연 環境에서 生産한 것을 바탕으로 이루어지며, 숲에서 休息을 취하거나 바다에서 餘暇를 즐기는 등 사람들은 자연과 더불어 살아가고 있다.",餘暇,,여가,여가
4급,92,2021-05-15,11,dokum,다음 밑줄 친 漢字語의 讀音을 쓰시오.,"사랑의 열매는 1970년 초부터 水災 의연금과 不遇 이웃돕기 誠金을 모을 때, 保健복지 가족부에서 이웃돕기 推進운동 본부의 상징으로 사용해 왔습니다.",水災,,수재,수재
4급,92,2021-05-15,12,dokum,다음 밑줄 친 漢字語의 讀音을 쓰시오.,"사랑의 열매는 1970년 초부터 水災 의연금과 不遇 이웃돕기 誠金을 모을 때, 保健복지 가족부에서 이웃돕기 推進운동 본부의 상징으로 사용해 왔습니다.",不遇,,불우,불우
4급,92,2021-05-15,13,dokum,다음 밑줄 친 漢字語의 讀音을 쓰시오.,"사랑의 열매는 1970년 초부터 水災 의연금과 不遇 이웃돕기 誠金을 모을 때, 保健복지 가족부에서 이웃돕기 推進운동 본부의 상징으로 사용해 왔습니다.",誠金,,성금,성금
4급,92,2021-05-15,14,dokum,다음 밑줄 친 漢字語의 讀音을 쓰시오.,"사랑의 열매는 1970년 초부터 水災 의연금과 不遇 이웃돕기 誠金을 모을 때, 保健복지 가족부에서 이웃돕기 推進운동 본부의 상징으로 사용해 왔습니다.",保健,,보건,보건
4급,92,2021-05-15,15,dokum,다음 밑줄 친 漢字語의 讀音을 쓰시오.,"사랑의 열매는 1970년 초부터 水災 의연금과 不遇 이웃돕기 誠金을 모을 때, 保健복지 가족부에서 이웃돕기 推進운동 본부의 상징으로 사용해 왔습니다.",推進,,추진,추진
4급,92,2021-05-15,16,dokum,다음 밑줄 친 漢字語의 讀音을 쓰시오.,"세계에는 山脈, 河川, 평야와 같은 多樣한 地形이 있고 사람들은 이러한 것에 適應하며 살아간다.",山脈,,산맥,산맥
4급,92,2021-05-15,17,dokum,다음 밑줄 친 漢字語의 讀音을 쓰시오.,"세계에는 山脈, 河川, 평야와 같은 多樣한 地形이 있고 사람들은 이러한 것에 適應하며 살아간다.",河川,,하천,하천
4급,92,2021-05-15,18,dokum,다음 밑줄 친 漢字語의 讀音을 쓰시오.,"세계에는 山脈, 河川, 평야와 같은 多樣한 地形이 있고 사람들은 이러한 것에 適應하며 살아간다.",多樣,,다양,다양
4급,92,2021-05-15,19,dokum,다음 밑줄 친 漢字語의 讀音을 쓰시오.,"세계에는 山脈, 河川, 평야와 같은 多樣한 地形이 있고 사람들은 이러한 것에 適應하며 살아간다.",地形,,지형,지형
4급,92,2021-05-15,20,dokum,다음 밑줄 친 漢字語의 讀音을 쓰시오.,"세계에는 山脈, 河川, 평야와 같은 多樣한 地形이 있고 사람들은 이러한 것에 適應하며 살아간다.",適應,,적응,적응
4급,92,2021-05-15,21,dokum,다음 밑줄 친 漢字語의 讀音을 쓰시오.,"세렝게티는 마사이족 말로 ‘끝없는 平原’이라는 뜻으로, 해발 고도 900m에 位置하고 있으며, 面積이 서울의 약 24배이다.",平原,,평원,평원
4급,92,2021-05-15,22,dokum,다음 밑줄 친 漢字語의 讀音을 쓰시오.,"세렝게티는 마사이족 말로 ‘끝없는 平原’이라는 뜻으로, 해발 고도 900m에 位置하고 있으며, 面積이 서울의 약 24배이다.",位置,,위치,위치
4급,92,2021-05-15,23,dokum,다음 밑줄 친 漢字語의 讀音을 쓰시오.,"세렝게티는 마사이족 말로 ‘끝없는 平原’이라는 뜻으로, 해발 고도 900m에 位置하고 있으며, 面積이 서울의 약 24배이다.",面積,,면적,면적
4급,92,2021-05-15,24,dokum,다음 밑줄 친 漢字語의 讀音을 쓰시오.,"세이브더칠드런은 兒童의 생존, 보호, 발달 및 參與의 權利를 실현하기 위해 國籍, 宗教, 政治적 이념을 초월하여 활동하는 기관입니다.",兒童,,아동,아동
4급,92,2021-05-15,25,dokum,다음 밑줄 친 漢字語의 讀音을 쓰시오.,"세이브더칠드런은 兒童의 생존, 보호, 발달 및 參與의 權利를 실현하기 위해 國籍, 宗教, 政治적 이념을 초월하여 활동하는 기관입니다.",參與,,참여,참여
4급,92,2021-05-15,26,dokum,다음 밑줄 친 漢字語의 讀音을 쓰시오.,"세이브더칠드런은 兒童의 생존, 보호, 발달 및 參與의 權利를 실현하기 위해 國籍, 宗教, 政治적 이념을 초월하여 활동하는 기관입니다.",權利,,권리,권리
4급,92,2021-05-15,27,dokum,다음 밑줄 친 漢字語의 讀音을 쓰시오.,"세이브더칠드런은 兒童의 생존, 보호, 발달 및 參與의 權利를 실현하기 위해 國籍, 宗教, 政治적 이념을 초월하여 활동하는 기관입니다.",國籍,,국적,국적
4급,92,2021-05-15,28,dokum,다음 밑줄 친 漢字語의 讀音을 쓰시오.,"세이브더칠드런은 兒童의 생존, 보호, 발달 및 參與의 權利를 실현하기 위해 國籍, 宗教, 政治적 이념을 초월하여 활동하는 기관입니다.",宗教,,종교,종교
4급,92,2021-05-15,29,dokum,다음 밑줄 친 漢字語의 讀音을 쓰시오.,"세이브더칠드런은 兒童의 생존, 보호, 발달 및 參與의 權利를 실현하기 위해 國籍, 宗教, 政治적 이념을 초월하여 활동하는 기관입니다.",政治,,정치,정치
4급,92,2021-05-15,30,dokum,다음 밑줄 친 漢字語의 讀音을 쓰시오.,"자주색 양배추 指示藥을 넣었을 때, 용액의 색깔이 다르게 나타나는 理由는 용액이 지닌 산의 性質이 다르기 때문입니다.",指示藥,,지시약,지시약
4급,92,2021-05-15,31,dokum,다음 밑줄 친 漢字語의 讀音을 쓰시오.,"자주색 양배추 指示藥을 넣었을 때, 용액의 색깔이 다르게 나타나는 理由는 용액이 지닌 산의 性質이 다르기 때문입니다.",理由,,이유,이유
4급,92,2021-05-15,32,dokum,다음 밑줄 친 漢字語의 讀音을 쓰시오.,"자주색 양배추 指示藥을 넣었을 때, 용액의 색깔이 다르게 나타나는 理由는 용액이 지닌 산의 性質이 다르기 때문입니다.",性質,,성질,성질
4급,92,2021-05-15,33,hunum,다음 漢字의 訓과 音을 쓰시오.,擊,擊,,칠 격,칠 격
4급,92,2021-05-15,34,hunum,다음 漢字의 訓과 音을 쓰시오.,劇,劇,,심할 극,심할 극
4급,92,2021-05-15,35,hunum,다음 漢字의 訓과 音을 쓰시오.,暖,暖,,따뜻할 난,따뜻할 난
4급,92,2021-05-15,36,hunum,다음 漢字의 訓과 音을 쓰시오.,逃,逃,,도망할 도,도망할 도
4급,92,2021-05-15,37,hunum,다음 漢字의 訓과 音을 쓰시오.,留,留,,머물 류,머물 류
4급,92,2021-05-15,38,hunum,다음 漢字의 訓과 音을 쓰시오.,務,務,,힘쓸 무,힘쓸 무
4급,92,2021-05-15,39,hunum,다음 漢字의 訓과 音을 쓰시오.,貧,貧,,가난할 빈,가난할 빈
4급,92,2021-05-15,40,hunum,다음 漢字의 訓과 音을 쓰시오.,細,細,,가늘 세,가늘 세
4급,92,2021-05-15,41,hunum,다음 漢字의 訓과 音을 쓰시오.,施,施,,베풀 시,베풀 시
4급,92,2021-05-15,42,hunum,다음 漢字의 訓과 音을 쓰시오.,遺,遺,,남길 유,남길 유
4급,92,2021-05-15,43,hunum,다음 漢字의 訓과 音을 쓰시오.,延,延,,늘일 연,늘일 연
4급,92,2021-05-15,44,hunum,다음 漢字의 訓과 音을 쓰시오.,尊,尊,,높을 존,높을 존
4급,92,2021-05-15,45,hunum,다음 漢字의 訓과 音을 쓰시오.,織,織,,짤 직,짤 직
4급,92,2021-05-15,46,hunum,다음 漢字의 訓과 音을 쓰시오.,增,增,,더할 증,더할 증
4급,92,2021-05-15,47,hunum,다음 漢字의 訓과 音을 쓰시오.,稱,稱,,일컬을 칭,일컬을 칭
4급,92,2021-05-15,48,hunum,다음 漢字의 訓과 音을 쓰시오.,探,探,,찾을 탐,찾을 탐
4급,92,2021-05-15,49,hunum,다음 漢字의 訓과 音을 쓰시오.,寒,寒,,찰 한,찰 한
4급,92,2021-05-15,50,hunum,다음 漢字의 訓과 音을 쓰시오.,航,航,,배 항,배 항
4급,92,2021-05-15,51,hunum,다음 漢字의 訓과 音을 쓰시오.,豫,豫,,미리 예,미리 예
4급,92,2021-05-15,52,hunum,다음 漢字의 訓과 音을 쓰시오.,整,整,,가지런할 정,가지런할 정
4급,92,2021-05-15,53,hunum,다음 漢字의 訓과 音을 쓰시오.,伐,伐,,칠 벌,칠 벌
4급,92,2021-05-15,54,hunum,다음 漢字의 訓과 音을 쓰시오.,吸,吸,,마실 흡,마실 흡
4급,92,2021-05-15,55,jangum,다음 單語 중 첫소리가 長音인 것을 가려 그 번호를 쓰시오.,,,"[""① 警官"", ""② 景觀""]",①,①
4급,92,2021-05-15,56,jangum,다음 單語 중 첫소리가 長音인 것을 가려 그 번호를 쓰시오.,,,"[""① 徒勞"", ""② 道路""]",②,②
4급,92,2021-05-15,57,jangum,다음 單語 중 첫소리가 長音인 것을 가려 그 번호를 쓰시오.,,,"[""① 原書"", ""② 願書""]",②,②
4급,92,2021-05-15,58,banui,다음 밑줄 친 漢字와 뜻이 반대(또는 대립)되는 漢字를 (  ) 속에 적어 문장을 完成하시오.,이번 대입 시험의 (  )落은 국어 점수가 좌우하게 될 것이다.,落,,登,登
4급,92,2021-05-15,59,banui,다음 밑줄 친 漢字와 뜻이 반대(또는 대립)되는 漢字를 (  ) 속에 적어 문장을 完成하시오.,학교마다 상벌 (  )罰규정이 있다.,罰,,賞,賞
4급,92,2021-05-15,60,banui,다음 밑줄 친 漢字와 뜻이 반대(또는 대립)되는 漢字를 (  ) 속에 적어 문장을 完成하시오.,주인공의 연기는 드라마의 興(  )를 결정할 정도로 중요하다.,興,,亡,亡
4급,92,2021-05-15,61,seong-eo,다음 (  ) 안에 알맞은 漢字를 적어 四字成語를 完成하시오.,今始(  )聞 ; 바로 지금 처음 들음.,今始(  )聞,,初,初
4급,92,2021-05-15,62,seong-eo,다음 (  ) 안에 알맞은 漢字를 적어 四字成語를 完成하시오.,大(  )團結 ; 여러 집단이나 사람이 어떤 목적을 이루려고 크게 한 덩어리로 뭉침.,大(  )團結,,同,同
4급,92,2021-05-15,63,seong-eo,다음 (  ) 안에 알맞은 漢字를 적어 四字成語를 完成하시오.,(  )古不變 ; 오랜 세월 동안 변하지 아니함.,(  )古不變,,萬,萬
4급,92,2021-05-15,64,seong-eo,다음 (  ) 안에 알맞은 漢字를 적어 四字成語를 完成하시오.,無(  )不爲 ; 하지 못하는 일이 없음.,無(  )不爲,,所,所
4급,92,2021-05-15,65,seong-eo,다음 (  ) 안에 알맞은 漢字를 적어 四字成語를 完成하시오.,(  )事求是; 사실에 토대를 두어 진리를 탐구하는 일.,(  )事求是,,實,實
4급,92,2021-05-15,66,bushu,다음 漢字의 部首를 쓰시오.,勝,勝,,力,力
4급,92,2021-05-15,67,bushu,다음 漢字의 部首를 쓰시오.,衛,衛,,行,行
4급,92,2021-05-15,68,bushu,다음 漢字의 部首를 쓰시오.,疑,疑,,疋,疋
4급,92,2021-05-15,69,yui,다음 밑줄 친 漢字와 뜻이 같거나 비슷한 漢字를 (  ) 속에 적어 문장을 完成하시오.,표면이 알루미늄으로 만들어져 堅(  )하다.,堅,,固,固
4급,92,2021-05-15,70,yui,다음 밑줄 친 漢字와 뜻이 같거나 비슷한 漢字를 (  ) 속에 적어 문장을 完成하시오.,코로나로 (  )虛해진 마음을 노래로 달래주었다.,虛,,空,空
4급,92,2021-05-15,71,yui,다음 밑줄 친 漢字와 뜻이 같거나 비슷한 漢字를 (  ) 속에 적어 문장을 完成하시오.,그는 치열한 (  )爭을 거쳐 국가 대표 선수로 선발되었다.,爭,,競,競
4급,92,2021-05-15,72,dongeum,"다음 제시한 漢字語의 동음어를 漢字(正字)로 쓰되, 미리 제시된 뜻에 맞추시오.",斷想 - (    ) 평지보다 높게 세운 설치물.,斷想,,壇上,壇上
4급,92,2021-05-15,73,dongeum,"다음 제시한 漢字語의 동음어를 漢字(正字)로 쓰되, 미리 제시된 뜻에 맞추시오.",詩歌 - (    ) 일정한 시기의 물건 값.,詩歌,,時價,時價
4급,92,2021-05-15,74,dongeum,"다음 제시한 漢字語의 동음어를 漢字(正字)로 쓰되, 미리 제시된 뜻에 맞추시오.",容器 - (    ) 씩씩하고 굳센 기운.,容器,,勇氣,勇氣
4급,92,2021-05-15,75,uut_select,다음 漢字語의 바른 뜻을 <보기>에서 찾아 그 번호를 쓰시오.,認可,認可,"[""① 사리에 밝음."", ""② 사물을 분별하고 판단하여 앎."", ""③ 옳다고 생각하여 허가함."", ""④ 맛을 느끼는 감각."", ""⑤ 맛있는 음식 또는 음식이 맛있음.""]",③,③
4급,92,2021-05-15,76,uut_select,다음 漢字語의 바른 뜻을 <보기>에서 찾아 그 번호를 쓰시오.,珍味,珍味,"[""① 사리에 밝음."", ""② 사물을 분별하고 판단하여 앎."", ""③ 옳다고 생각하여 허가함."", ""④ 맛을 느끼는 감각."", ""⑤ 맛있는 음식 또는 음식이 맛있음.""]",⑤,⑤
4급,92,2021-05-15,77,uut_select,다음 漢字語의 바른 뜻을 <보기>에서 찾아 그 번호를 쓰시오.,賢明,賢明,"[""① 사리에 밝음."", ""② 사물을 분별하고 판단하여 앎."", ""③ 옳다고 생각하여 허가함."", ""④ 맛을 느끼는 감각."", ""⑤ 맛있는 음식 또는 음식이 맛있음.""]",①,①
4급,92,2021-05-15,78,yakja,다음 漢字의 略字를 쓰시오.,數,數,,数,数
4급,92,2021-05-15,79,yakja,다음 漢字의 略字를 쓰시오.,賣,賣,,売,売
4급,92,2021-05-15,80,yakja,다음 漢字의 略字를 쓰시오.,畫,畫,,画,画
4급,92,2021-05-15,81,hanjaeo_write,다음 각 문장의 밑줄 친 單語를 漢字(正字)로 쓰시오.,조선은 개화 정책을 추진하면서 신식 군대인 별기군을 양성하였다.,조선,,朝鮮,朝鮮
4급,92,2021-05-15,82,hanjaeo_write,다음 각 문장의 밑줄 친 單語를 漢字(正字)로 쓰시오.,조선은 개화 정책을 추진하면서 신식 군대인 별기군을 양성하였다.,신식,,新式,新式
4급,92,2021-05-15,83,hanjaeo_write,다음 각 문장의 밑줄 친 單語를 漢字(正字)로 쓰시오.,자유란 그것에 맞는 책임 있는 행동을 할 때 주어지는 것이라고 봅니다.,책임,,責任,責任
4급,92,2021-05-15,84,hanjaeo_write,다음 각 문장의 밑줄 친 單語를 漢字(正字)로 쓰시오.,자유란 그것에 맞는 책임 있는 행동을 할 때 주어지는 것이라고 봅니다.,행동,,行動,行動
4급,92,2021-05-15,85,hanjaeo_write,다음 각 문장의 밑줄 친 單語를 漢字(正字)로 쓰시오.,이 방법은 간단하면서도 효과적이다.,방법,,方法,方法
4급,92,2021-05-15,86,hanjaeo_write,다음 각 문장의 밑줄 친 單語를 漢字(正字)로 쓰시오.,친구와 약속을 지키지 못해 미안하다.,친구,,親舊,親舊
4급,92,2021-05-15,87,hanjaeo_write,다음 각 문장의 밑줄 친 單語를 漢字(正字)로 쓰시오.,친구와 약속을 지키지 못해 미안하다.,약속,,約束,約束
4급,92,2021-05-15,88,hanjaeo_write,다음 각 문장의 밑줄 친 單語를 漢字(正字)로 쓰시오.,대중 교통을 이용하는 것이 환경에 좋다.,교통,,交通,交通
4급,92,2021-05-15,89,hanjaeo_write,다음 각 문장의 밑줄 친 單語를 漢字(正字)로 쓰시오.,안내 방송을 잘 들어 주세요.,안내,,案內,案內
4급,92,2021-05-15,90,hanjaeo_write,다음 각 문장의 밑줄 친 單語를 漢字(正字)로 쓰시오.,감전 사고에 주의하세요.,감전,,感電,感電
4급,92,2021-05-15,91,hanjaeo_write,다음 각 문장의 밑줄 친 單語를 漢字(正字)로 쓰시오.,관심 있는 분야를 찾아보세요.,관심,,關心,關心
4급,92,2021-05-15,92,hanjaeo_write,다음 각 문장의 밑줄 친 單語를 漢字(正字)로 쓰시오.,병사들은 훈련에 열중했다.,병사,,兵士,兵士
4급,92,2021-05-15,93,hanjaeo_write,다음 각 문장의 밑줄 친 單語를 漢字(正字)로 쓰시오.,지식은 실천을 통해 완성된다.,지식,,知識,知識
4급,92,2021-05-15,94,hanjaeo_write,다음 각 문장의 밑줄 친 單語를 漢字(正字)로 쓰시오.,그 학설은 많은 논란을 불러일으켰다.,학설,,學說,學說
4급,92,2021-05-15,95,hanjaeo_write,다음 각 문장의 밑줄 친 單語를 漢字(正字)로 쓰시오.,근대 사회의 특징을 알아보자.,근대,,近代,近代
4급,92,2021-05-15,96,hanjaeo_write,다음 각 문장의 밑줄 친 單語를 漢字(正字)로 쓰시오.,동아리에 가입하고 싶다.,가입,,加入,加入
4급,92,2021-05-15,97,hanjaeo_write,다음 각 문장의 밑줄 친 單語를 漢字(正字)로 쓰시오.,육영 사업에 힘을 쏟았다.,육영,,育英,育英
4급,92,2021-05-15,98,hanjaeo_write,다음 각 문장의 밑줄 친 單語를 漢字(正字)로 쓰시오.,공원에서 산책을 했다.,공원,,公園,公園
4급,92,2021-05-15,99,hanjaeo_write,다음 각 문장의 밑줄 친 單語를 漢字(正字)로 쓰시오.,동해의 일출은 장관이다.,동해,,東海,東海
4급,92,2021-05-15,100,hanjaeo_write,다음 각 문장의 밑줄 친 單語를 漢字(正字)로 쓰시오.,독도는 우리 땅이다.,독도,,獨島,獨島
4급,91,2020-11-21,1,dokum,다음 밑줄 친 漢字語의 讀音을 쓰시오.,친구들이 관심을 가질 만한 발표 주제를 골라 발표 狀況에 알맞게 準備하여 봅시다.,狀況,,상황,상황
4급,91,2020-11-21,2,dokum,다음 밑줄 친 漢字語의 讀音을 쓰시오.,친구들이 관심을 가질 만한 발표 주제를 골라 발표 狀況에 알맞게 準備하여 봅시다.,準備,,준비,준비
4급,91,2020-11-21,3,dokum,다음 밑줄 친 漢字語의 讀音을 쓰시오.,거란은 高麗에 낙타 50마리와 사신 30명을 보내어 국교를 맺을 것을 要求하였다.,高麗,,고려,고려
4급,91,2020-11-21,4,dokum,다음 밑줄 친 漢字語의 讀音을 쓰시오.,거란은 高麗에 낙타 50마리와 사신 30명을 보내어 국교를 맺을 것을 要求하였다.,要求,,요구,요구
4급,91,2020-11-21,5,dokum,다음 밑줄 친 漢字語의 讀音을 쓰시오.,"공업은 그 地域의 인구, 자원, 지형 등에 따라 發達합니다.",地域,,지역,지역
4급,91,2020-11-21,6,dokum,다음 밑줄 친 漢字語의 讀音을 쓰시오.,"공업은 그 地域의 인구, 자원, 지형 등에 따라 發達합니다.",發達,,발달,발달
4급,91,2020-11-21,7,dokum,다음 밑줄 친 漢字語의 讀音을 쓰시오.,나라 經濟의 근본인 토지와 穀食의 신에게 제사를 지내는 祭壇이다.,經濟,,경제,경제
4급,91,2020-11-21,8,dokum,다음 밑줄 친 漢字語의 讀音을 쓰시오.,나라 經濟의 근본인 토지와 穀食의 신에게 제사를 지내는 祭壇이다.,穀食,,곡식,곡식
4급,91,2020-11-21,9,dokum,다음 밑줄 친 漢字語의 讀音을 쓰시오.,나라 經濟의 근본인 토지와 穀食의 신에게 제사를 지내는 祭壇이다.,祭壇,,제단,제단
4급,91,2020-11-21,10,dokum,다음 밑줄 친 漢字語의 讀音을 쓰시오.,다른 사람을 配慮하기 위해서는 어떤 마음가짐으로 행동해야 할지 바르게 判斷해 봅시다.,配慮,,배려,배려
4급,91,2020-11-21,11,dokum,다음 밑줄 친 漢字語의 讀音을 쓰시오.,다른 사람을 配慮하기 위해서는 어떤 마음가짐으로 행동해야 할지 바르게 判斷해 봅시다.,判斷,,판단,판단
4급,91,2020-11-21,12,dokum,다음 밑줄 친 漢字語의 讀音을 쓰시오.,동전 2개를 次例로 꺼낼 때 동전이 나오는 境遇를 모두 써 보시오.,次例,,차례,차례
4급,91,2020-11-21,13,dokum,다음 밑줄 친 漢字語의 讀音을 쓰시오.,동전 2개를 次例로 꺼낼 때 동전이 나오는 境遇를 모두 써 보시오.,境遇,,경우,경우
4급,91,2020-11-21,14,dokum,다음 밑줄 친 漢字語의 讀音을 쓰시오.,寫眞을 살펴보고 어떤 物件인지 알아봅시다.,寫眞,,사진,사진
4급,91,2020-11-21,15,dokum,다음 밑줄 친 漢字語의 讀音을 쓰시오.,寫眞을 살펴보고 어떤 物件인지 알아봅시다.,物件,,물건,물건
4급,91,2020-11-21,16,dokum,다음 밑줄 친 漢字語의 讀音을 쓰시오.,설명서는 일의 順序대로 머릿속에 그리면서 읽거나 實際로 해 보면서 읽는 것이 좋습니다.,順序,,순서,순서
4급,91,2020-11-21,17,dokum,다음 밑줄 친 漢字語의 讀音을 쓰시오.,설명서는 일의 順序대로 머릿속에 그리면서 읽거나 實際로 해 보면서 읽는 것이 좋습니다.,實際,,실제,실제
4급,91,2020-11-21,18,dokum,다음 밑줄 친 漢字語의 讀音을 쓰시오.,소수 민족이기 때문에 差別받는 재외 동포에게 關心을 가집니다.,差別,,차별,차별
4급,91,2020-11-21,19,dokum,다음 밑줄 친 漢字語의 讀音을 쓰시오.,소수 민족이기 때문에 差別받는 재외 동포에게 關心을 가집니다.,關心,,관심,관심
4급,91,2020-11-21,20,dokum,다음 밑줄 친 漢字語의 讀音을 쓰시오.,新羅가 삼국을 統一하는 데 가장 큰 역할을 한 인물은 김유신과 김춘추이다.,新羅,,신라,신라
4급,91,2020-11-21,21,dokum,다음 밑줄 친 漢字語의 讀音을 쓰시오.,新羅가 삼국을 統一하는 데 가장 큰 역할을 한 인물은 김유신과 김춘추이다.,統一,,통일,통일
4급,91,2020-11-21,22,dokum,다음 밑줄 친 漢字語의 讀音을 쓰시오.,우리 몸이 자극에 대하여 反應하는 과정을 豫想해 봅시다.,反應,,반응,반응
4급,91,2020-11-21,23,dokum,다음 밑줄 친 漢字語의 讀音을 쓰시오.,우리 몸이 자극에 대하여 反應하는 과정을 豫想해 봅시다.,豫想,,예상,예상
4급,91,2020-11-21,24,dokum,다음 밑줄 친 漢字語의 讀音을 쓰시오.,유럽의 여러 국가는 새로운 航路와 땅을 찾기 위하여 경쟁적으로 探險隊를 파견하였다.,航路,,항로,항로
4급,91,2020-11-21,25,dokum,다음 밑줄 친 漢字語의 讀音을 쓰시오.,유럽의 여러 국가는 새로운 航路와 땅을 찾기 위하여 경쟁적으로 探險隊를 파견하였다.,探險隊,,탐험대,탐험대
4급,91,2020-11-21,26,dokum,다음 밑줄 친 漢字語의 讀音을 쓰시오.,日帝는 외교권에 이어 사법권과 경찰권마저 빼앗고 우리의 國權을 강제로 빼앗았다.,日帝,,일제,일제
4급,91,2020-11-21,27,dokum,다음 밑줄 친 漢字語의 讀音을 쓰시오.,日帝는 외교권에 이어 사법권과 경찰권마저 빼앗고 우리의 國權을 강제로 빼앗았다.,國權,,국권,국권
4급,91,2020-11-21,28,dokum,다음 밑줄 친 漢字語의 讀音을 쓰시오.,"雜誌나 신문, 광고지에서 네모, 세모, 동그라미 模樣을 각각 3개씩 오려 봅시다.",雜誌,,잡지,잡지
4급,91,2020-11-21,29,dokum,다음 밑줄 친 漢字語의 讀音을 쓰시오.,"雜誌나 신문, 광고지에서 네모, 세모, 동그라미 模樣을 각각 3개씩 오려 봅시다.",模樣,,모양,모양
4급,91,2020-11-21,30,dokum,다음 밑줄 친 漢字語의 讀音을 쓰시오.,戰爭이나 수입하는 資源의 가격 변화 등으로 경제 危機를 겪기도 한다.,戰爭,,전쟁,전쟁
4급,91,2020-11-21,31,dokum,다음 밑줄 친 漢字語의 讀音을 쓰시오.,戰爭이나 수입하는 資源의 가격 변화 등으로 경제 危機를 겪기도 한다.,資源,,자원,자원
4급,91,2020-11-21,32,dokum,다음 밑줄 친 漢字語의 讀音을 쓰시오.,戰爭이나 수입하는 資源의 가격 변화 등으로 경제 危機를 겪기도 한다.,危機,,위기,위기
4급,91,2020-11-21,33,hunum,다음 漢字의 訓과 音을 쓰시오.,馬,馬,,말 마,말 마
4급,91,2020-11-21,34,hunum,다음 漢字의 訓과 音을 쓰시오.,林,林,,수풀 림,수풀 림
4급,91,2020-11-21,35,hunum,다음 漢字의 訓과 音을 쓰시오.,負,負,,질 부,질 부
4급,91,2020-11-21,36,hunum,다음 漢字의 訓과 音을 쓰시오.,留,留,,머무를 류,머무를 류
4급,91,2020-11-21,37,hunum,다음 漢字의 訓과 音을 쓰시오.,床,床,,상 상,상 상
4급,91,2020-11-21,38,hunum,다음 漢字의 訓과 音을 쓰시오.,示,示,,보일 시,보일 시
4급,91,2020-11-21,39,hunum,다음 漢字의 訓과 音을 쓰시오.,身,身,,몸 신,몸 신
4급,91,2020-11-21,40,hunum,다음 漢字의 訓과 音을 쓰시오.,葉,葉,,잎 엽,잎 엽
4급,91,2020-11-21,41,hunum,다음 漢字의 訓과 音을 쓰시오.,赤,赤,,붉을 적,붉을 적
4급,91,2020-11-21,42,hunum,다음 漢字의 訓과 音을 쓰시오.,泉,泉,,샘 천,샘 천
4급,91,2020-11-21,43,hunum,다음 漢字의 訓과 音을 쓰시오.,黃,黃,,누를 황,누를 황
4급,91,2020-11-21,44,hunum,다음 漢字의 訓과 音을 쓰시오.,甘,甘,,달 감,달 감
4급,91,2020-11-21,45,hunum,다음 漢字의 訓과 音을 쓰시오.,端,端,,끝 단,끝 단
4급,91,2020-11-21,46,hunum,다음 漢字의 訓과 音을 쓰시오.,卵,卵,,알 란,알 란
4급,91,2020-11-21,47,hunum,다음 漢字의 訓과 音을 쓰시오.,滿,滿,,찰 만,찰 만
4급,91,2020-11-21,48,hunum,다음 漢字의 訓과 音을 쓰시오.,步,步,,걸음 보,걸음 보
4급,91,2020-11-21,49,hunum,다음 漢字의 訓과 音을 쓰시오.,笑,笑,,웃음 소,웃음 소
4급,91,2020-11-21,50,hunum,다음 漢字의 訓과 音을 쓰시오.,約,約,,맺을 약,맺을 약
4급,91,2020-11-21,51,hunum,다음 漢字의 訓과 音을 쓰시오.,靜,靜,,고요할 정,고요할 정
4급,91,2020-11-21,52,hunum,다음 漢字의 訓과 音을 쓰시오.,閉,閉,,닫을 폐,닫을 폐
4급,91,2020-11-21,53,hunum,다음 漢字의 訓과 音을 쓰시오.,針,針,,바늘 침,바늘 침
4급,91,2020-11-21,54,hunum,다음 漢字의 訓과 音을 쓰시오.,秋,秋,,가을 추,가을 추
4급,91,2020-11-21,55,hanjaeo_write,다음 문장에서 밑줄 친 漢字語를 漢字(正字)로 쓰시오.,세계의 인구는 매우 빠른 속도로 증가하고 있다.,속도,,速度,速度
4급,91,2020-11-21,56,hanjaeo_write,다음 문장에서 밑줄 친 漢字語를 漢字(正字)로 쓰시오.,이 책은 읽는 내내 감동을 느끼게 한다.,감동,,感動,感動
4급,91,2020-11-21,57,hanjaeo_write,다음 문장에서 밑줄 친 漢字語를 漢字(正字)로 쓰시오.,제주도는 유네스코로부터 2010년에 세계지질 공원으로 인증받았다.,공원,,公園,公園
4급,91,2020-11-21,58,hanjaeo_write,다음 문장에서 밑줄 친 漢字語를 漢字(正字)로 쓰시오.,현주는 착한 일을 할 때마다 선생님께 칭찬 도장을 받습니다.,도장,,圖章,圖章
4급,91,2020-11-21,59,hanjaeo_write,다음 문장에서 밑줄 친 漢字語를 漢字(正字)로 쓰시오.,집에서 주방용 세제나 합성 세제를 많이 사용하면 물과 흙이 오염된다.,합성,,合成,合成
4급,91,2020-11-21,60,hanjaeo_write,다음 문장에서 밑줄 친 漢字語를 漢字(正字)로 쓰시오.,유럽은 배가 다니기 좋은 강이 많아 해안과 내륙 간의 교통이 원활하다.,교통,,交通,交通
4급,91,2020-11-21,61,hanjaeo_write,다음 문장에서 밑줄 친 漢字語를 漢字(正字)로 쓰시오.,사랑하는 것은 사랑을 받느니보다 행복하나니라.,행복,,幸福,幸福
4급,91,2020-11-21,62,hanjaeo_write,다음 문장에서 밑줄 친 漢字語를 漢字(正字)로 쓰시오.,단군왕검은 아사달을 도읍으로 하여 나라를 세우고 나라 이름을 조선이라 하였다.,도읍,,都邑,都邑
4급,91,2020-11-21,63,hanjaeo_write,다음 문장에서 밑줄 친 漢字語를 漢字(正字)로 쓰시오.,지시약은 용액의 성질에 따라 여러 가지 색깔로 변합니다.,성질,,性質,性質
4급,91,2020-11-21,64,hanjaeo_write,다음 문장에서 밑줄 친 漢字語를 漢字(正字)로 쓰시오.,오후 다섯 시부터 장미 광장에서 세계 의상 행렬이 있습니다.,광장,,廣場,廣場
4급,91,2020-11-21,65,hanjaeo_write,다음 문장에서 밑줄 친 漢字語를 漢字(正字)로 쓰시오.,일찍이 종교나 영양을 이유로 채식을 하는 사람들이 있었다.,이유,,理由,理由
4급,91,2020-11-21,66,hanjaeo_write,다음 문장에서 밑줄 친 漢字語를 漢字(正字)로 쓰시오.,학교에서 아침 자습 시간에 스스로 공부합니다.,자습,,自習,自習
4급,91,2020-11-21,67,hanjaeo_write,다음 문장에서 밑줄 친 漢字語를 漢字(正字)로 쓰시오.,슈바이처는 대학에서 의학을 공부하는 학생이 되었다.,의학,,醫學,醫學
4급,91,2020-11-21,68,hanjaeo_write,다음 문장에서 밑줄 친 漢字語를 漢字(正字)로 쓰시오.,조선은 개화 정책을 추진하면서 신식 군대인 별기군을 양성하였다.,개화,,開化,開化
4급,91,2020-11-21,69,hanjaeo_write,다음 문장에서 밑줄 친 漢字語를 漢字(正字)로 쓰시오.,학교 앞에서 횡단보도를 건너면 청람 문구와 다락 서점이 있습니다.,서점,,書店,書店
4급,91,2020-11-21,70,hanjaeo_write,다음 문장에서 밑줄 친 漢字語를 漢字(正字)로 쓰시오.,친구 사이의 갈등을 대화를 통해 해결하겠습니다.,친구,,親舊,親舊
4급,91,2020-11-21,71,hanjaeo_write,다음 문장에서 밑줄 친 漢字語를 漢字(正字)로 쓰시오.,균형 잡힌 채식을 하면 필수 영양소를 충분히 얻을 수 있다.,충분,,充分,充分
4급,91,2020-11-21,72,hanjaeo_write,다음 문장에서 밑줄 친 漢字語를 漢字(正字)로 쓰시오.,불에 닿은 부분에 그을음이 남거나 그 부분이 변색됩니다.,변색,,變色,變色
4급,91,2020-11-21,73,hanjaeo_write,다음 문장에서 밑줄 친 漢字語를 漢字(正字)로 쓰시오.,"비만을 예방하려면 규칙적인 운동, 식생활 조절, 행동 습관의 개선이 조화롭게 이루어져야 합니다.",개선,,改善,改善
4급,91,2020-11-21,74,hanjaeo_write,다음 문장에서 밑줄 친 漢字語를 漢字(正字)로 쓰시오.,문화 산업이 크게 발전하면서 눈에 보이지 않는 ‘문화’나 ‘기술’도 거래 대상이 되고 있다.,거래,,去來,去來
4급,91,2020-11-21,75,seong-eo,다음 (  ) 안의 讀音에 해당하는 漢字(正字)를 써서 漢字語를 완성하시오.,텔레비전에서 축구를 中繼(방)送하고 있다.,中繼(방)送,,放,放
4급,91,2020-11-21,76,seong-eo,다음 (  ) 안의 讀音에 해당하는 漢字(正字)를 써서 漢字語를 완성하시오.,새해가 되면 立(춘)大吉이라는 큰 글씨를 대문에 붙인다.,立(춘)大吉,,春,春
4급,91,2020-11-21,77,seong-eo,다음 (  ) 안의 讀音에 해당하는 漢字(正字)를 써서 漢字語를 완성하시오.,한국의 겨울은 三(한)四溫이 비교적 뚜렷하다.,三(한)四溫,,寒,寒
4급,91,2020-11-21,78,seong-eo,다음 (  ) 안의 讀音에 해당하는 漢字(正字)를 써서 漢字語를 완성하시오.,글을 읽을 줄 모르는 것을 가리켜 目不(식)丁이라 한다.,目不(식)丁,,識,識
4급,91,2020-11-21,79,seong-eo,다음 (  ) 안의 讀音에 해당하는 漢字(正字)를 써서 漢字語를 완성하시오.,안타깝게도 저 학생은 早失父(모)했다.,早失父(모),,母,母
4급,91,2020-11-21,80,banui,다음 (  ) 안에 뜻이 반대 또는 상대 되는 漢字(正字)를 넣어 풀이에 맞는 漢字語를 완성하시오.,古(  ) : 옛날과 현재,古,,今,今
4급,91,2020-11-21,81,banui,다음 (  ) 안에 뜻이 반대 또는 상대 되는 漢字(正字)를 넣어 풀이에 맞는 漢字語를 완성하시오.,多(  ) : 많고 적음.,多,,少,少
4급,91,2020-11-21,82,banui,다음 (  ) 안에 뜻이 반대 또는 상대 되는 漢字(正字)를 넣어 풀이에 맞는 漢字語를 완성하시오.,黑(  ) : 검은색과 흰색.,黑,,白,白
4급,91,2020-11-21,83,jangum,다음 單語 중 첫소리가 긴소리인 것을 가려 그 번호를 쓰시오.,,,"[""① 家族"", ""② 假足""]",②,②
4급,91,2020-11-21,84,jangum,다음 單語 중 첫소리가 긴소리인 것을 가려 그 번호를 쓰시오.,,,"[""① 病室"", ""② 兵室""]",①,①
4급,91,2020-11-21,85,jangum,다음 單語 중 첫소리가 긴소리인 것을 가려 그 번호를 쓰시오.,,,"[""① 上品"", ""② 商品""]",①,①
4급,91,2020-11-21,86,yui,다음 (  ) 안에 뜻이 같거나 비슷한 漢字(正字)를 넣어 문장에 어울리는 漢字語를 완성하시오.,한국의 반도체 산업이 세계로 進(  )하다.,進,,出,出
4급,91,2020-11-21,87,yui,다음 (  ) 안에 뜻이 같거나 비슷한 漢字(正字)를 넣어 문장에 어울리는 漢字語를 완성하시오.,교통신호를 준수하여 兒(  )을 보호해야 한다.,兒,,童,童
4급,91,2020-11-21,88,yui,다음 (  ) 안에 뜻이 같거나 비슷한 漢字(正字)를 넣어 문장에 어울리는 漢字語를 완성하시오.,지구촌에 平(  )가 깃들고 있다.,平,,和,和
4급,91,2020-11-21,89,dongeum,"다음 漢字語와 讀音이 같은 漢字語가 되도록 (  ) 안에 漢字(正字)를 쓰되, 제시된 뜻에 맞추시오.",加數 - (    ) : 노래 부르는 사람.,加數,,歌手,歌手
4급,91,2020-11-21,90,dongeum,"다음 漢字語와 讀音이 같은 漢字語가 되도록 (  ) 안에 漢字(正字)를 쓰되, 제시된 뜻에 맞추시오.",史記 - (    ) : 마음에 의욕과 자심감이 가득함.,史記,,士氣,士氣
4급,91,2020-11-21,91,dongeum,"다음 漢字語와 讀音이 같은 漢字語가 되도록 (  ) 안에 漢字(正字)를 쓰되, 제시된 뜻에 맞추시오.",壯者 - (    ) : 맏아들.,壯者,,長子,長子
4급,91,2020-11-21,92,yakja,다음 漢字의 略字(약자; 획수를 줄인 한자)를 쓰시오.,價,價,,仮,仮
4급,91,2020-11-21,93,yakja,다음 漢字의 略字(약자; 획수를 줄인 한자)를 쓰시오.,當,當,,当,当
4급,91,2020-11-21,94,yakja,다음 漢字의 略字(약자; 획수를 줄인 한자)를 쓰시오.,傳,傳,,伝,伝
4급,91,2020-11-21,95,bushu,다음 漢字의 部首를 쓰시오.,街,街,,行,行
4급,91,2020-11-21,96,bushu,다음 漢字의 部首를 쓰시오.,名,名,,口,口
4급,91,2020-11-21,97,bushu,다음 漢字의 部首를 쓰시오.,專,專,,寸,寸
4급,91,2020-11-21,98,uut_select,다음 漢字語의 바른 뜻을 <보기>에서 찾아 그 번호를 쓰시오.,到着,到着,"[""① 서로 사랑을 나눔."", ""② 목적지에 다다름."", ""③ 어떤 일을 이루려는 마음."", ""④ 멀리 여행을 떠남."", ""⑤ 말을 조심함."", ""⑥ 벗과 벗 사이의 정.""]",②,②
4급,91,2020-11-21,99,uut_select,다음 漢字語의 바른 뜻을 <보기>에서 찾아 그 번호를 쓰시오.,意志,意志,"[""① 서로 사랑을 나눔."", ""② 목적지에 다다름."", ""③ 어떤 일을 이루려는 마음."", ""④ 멀리 여행을 떠남."", ""⑤ 말을 조심함."", ""⑥ 벗과 벗 사이의 정.""]",③,③
4급,91,2020-11-21,100,uut_select,다음 漢字語의 바른 뜻을 <보기>에서 찾아 그 번호를 쓰시오.,友情,友情,"[""① 서로 사랑을 나눔."", ""② 목적지에 다다름."", ""③ 어떤 일을 이루려는 마음."", ""④ 멀리 여행을 떠남."", ""⑤ 말을 조심함."", ""⑥ 벗과 벗 사이의 정.""]",⑥,⑥
4급,90,2020-08-22,1,dokum,다음 밑줄 친 漢字語의 讀音을 쓰시오.,해안 지역에서는 재미있게 갯벌 體驗도 할 수 있다.,體驗,,체험,체험
4급,90,2020-08-22,2,dokum,다음 밑줄 친 漢字語의 讀音을 쓰시오.,稱讚은 고래도 춤추게 한다.,稱讚,,칭찬,칭찬
4급,90,2020-08-22,3,dokum,다음 밑줄 친 漢字語의 讀音을 쓰시오.,윷놀이에서 나올 수 있는 境遇의 수는 다섯 가지입니다.,境遇,,경우,경우
4급,90,2020-08-22,4,dokum,다음 밑줄 친 漢字語의 讀音을 쓰시오.,버스를 탈 때 한 줄로 서서 次例대로 탔습니다.,次例,,차례,차례
4급,90,2020-08-22,5,dokum,다음 밑줄 친 漢字語의 讀音을 쓰시오.,상대 모둠의 공격 방향을 미리 豫測하는 것이 중요합니다.,豫測,,예측,예측
4급,90,2020-08-22,6,dokum,다음 밑줄 친 漢字語의 讀音을 쓰시오.,廣告에서 거짓되거나 과장된 내용이 있는지 確認합니다.,廣告,,광고,광고
4급,90,2020-08-22,7,dokum,다음 밑줄 친 漢字語의 讀音을 쓰시오.,廣告에서 거짓되거나 과장된 내용이 있는지 確認합니다.,確認,,확인,확인
4급,90,2020-08-22,8,dokum,다음 밑줄 친 漢字語의 讀音을 쓰시오.,感謝하는 사람은 행복한 사람입니다.,感謝,,감사,감사
4급,90,2020-08-22,9,dokum,다음 밑줄 친 漢字語의 讀音을 쓰시오.,貧富 격차가 심해지고 있는 것도 經濟 성장에 따른 사회 문제이다.,貧富,,빈부,빈부
4급,90,2020-08-22,10,dokum,다음 밑줄 친 漢字語의 讀音을 쓰시오.,貧富 격차가 심해지고 있는 것도 經濟 성장에 따른 사회 문제이다.,經濟,,경제,경제
4급,90,2020-08-22,11,dokum,다음 밑줄 친 漢字語의 讀音을 쓰시오.,박물관에 가면 多樣한 遺物들을 한자리에서 볼 수 있다.,多樣,,다양,다양
4급,90,2020-08-22,12,dokum,다음 밑줄 친 漢字語의 讀音을 쓰시오.,박물관에 가면 多樣한 遺物들을 한자리에서 볼 수 있다.,遺物,,유물,유물
4급,90,2020-08-22,13,dokum,다음 밑줄 친 漢字語의 讀音을 쓰시오.,시민 단체는 개인보다는 사회 전체의 이익 增進을 목적으로 활동한다.,增進,,증진,증진
4급,90,2020-08-22,14,dokum,다음 밑줄 친 漢字語의 讀音을 쓰시오.,우리나라의 인구 문제는 시대와 지역에 따라 差異가 있다.,差異,,차이,차이
4급,90,2020-08-22,15,dokum,다음 밑줄 친 漢字語의 讀音을 쓰시오.,"서남아시아는 사막이나 草原으로 이루어져 있으며, 油田을 비롯하여 資源이 풍부하다.",草原,,초원,초원
4급,90,2020-08-22,16,dokum,다음 밑줄 친 漢字語의 讀音을 쓰시오.,"서남아시아는 사막이나 草原으로 이루어져 있으며, 油田을 비롯하여 資源이 풍부하다.",油田,,유전,유전
4급,90,2020-08-22,17,dokum,다음 밑줄 친 漢字語의 讀音을 쓰시오.,"서남아시아는 사막이나 草原으로 이루어져 있으며, 油田을 비롯하여 資源이 풍부하다.",資源,,자원,자원
4급,90,2020-08-22,18,dokum,다음 밑줄 친 漢字語의 讀音을 쓰시오.,이 글은 1926년 “동광”이라는 雜誌에 실렸다.,雜誌,,잡지,잡지
4급,90,2020-08-22,19,dokum,다음 밑줄 친 漢字語의 讀音을 쓰시오.,우리나라의 발전에 세계가 注目하고 있다.,注目,,주목,주목
4급,90,2020-08-22,20,dokum,다음 밑줄 친 漢字語의 讀音을 쓰시오.,그는 울릉도에서 고기잡이를 하는 일본 漁船을 發見하였다.,漁船,,어선,어선
4급,90,2020-08-22,21,dokum,다음 밑줄 친 漢字語의 讀音을 쓰시오.,그는 울릉도에서 고기잡이를 하는 일본 漁船을 發見하였다.,發見,,발견,발견
4급,90,2020-08-22,22,dokum,다음 밑줄 친 漢字語의 讀音을 쓰시오.,誠實한 사람은 꾸준히 努力하는 특성이 있다.,誠實,,성실,성실
4급,90,2020-08-22,23,dokum,다음 밑줄 친 漢字語의 讀音을 쓰시오.,誠實한 사람은 꾸준히 努力하는 특성이 있다.,努力,,노력,노력
4급,90,2020-08-22,24,dokum,다음 밑줄 친 漢字語의 讀音을 쓰시오.,才致있는 표현에 나타난 익살스러운 狀況은 저절로 웃음이 나게 합니다.,才致,,재치,재치
4급,90,2020-08-22,25,dokum,다음 밑줄 친 漢字語의 讀音을 쓰시오.,才致있는 표현에 나타난 익살스러운 狀況은 저절로 웃음이 나게 합니다.,狀況,,상황,상황
4급,90,2020-08-22,26,dokum,다음 밑줄 친 漢字語의 讀音을 쓰시오.,소금을 사러 商店에 갔습니다.,商店,,상점,상점
4급,90,2020-08-22,27,dokum,다음 밑줄 친 漢字語의 讀音을 쓰시오.,소수점을 옮겨 筆算으로 계산하는 방법을 알아보시오.,筆算,,필산,필산
4급,90,2020-08-22,28,dokum,다음 밑줄 친 漢字語의 讀音을 쓰시오.,그는 늘 勤勉한 態度로 業務를 수행해 온 덕택에 投票를 통해 ‘올해의 職員상’을 받았다.,勤勉,,근면,근면
4급,90,2020-08-22,29,dokum,다음 밑줄 친 漢字語의 讀音을 쓰시오.,그는 늘 勤勉한 態度로 業務를 수행해 온 덕택에 投票를 통해 ‘올해의 職員상’을 받았다.,態度,,태도,태도
4급,90,2020-08-22,30,dokum,다음 밑줄 친 漢字語의 讀音을 쓰시오.,그는 늘 勤勉한 態度로 業務를 수행해 온 덕택에 投票를 통해 ‘올해의 職員상’을 받았다.,業務,,업무,업무
4급,90,2020-08-22,31,dokum,다음 밑줄 친 漢字語의 讀音을 쓰시오.,그는 늘 勤勉한 態度로 業務를 수행해 온 덕택에 投票를 통해 ‘올해의 職員상’을 받았다.,投票,,투표,투표
4급,90,2020-08-22,32,dokum,다음 밑줄 친 漢字語의 讀音을 쓰시오.,그는 늘 勤勉한 態度로 業務를 수행해 온 덕택에 投票를 통해 ‘올해의 職員상’을 받았다.,職員,,직원,직원
4급,90,2020-08-22,33,hunum,다음 漢字의 訓과 音을 쓰시오.,鑛,鑛,,쇳돌 광,쇳돌 광
4급,90,2020-08-22,34,hunum,다음 漢字의 訓과 音을 쓰시오.,提,提,,끌 제,끌 제
4급,90,2020-08-22,35,hunum,다음 漢字의 訓과 音을 쓰시오.,憲,憲,,법 헌,법 헌
4급,90,2020-08-22,36,hunum,다음 漢字의 訓과 音을 쓰시오.,歸,歸,,돌아갈 귀,돌아갈 귀
4급,90,2020-08-22,37,hunum,다음 漢字의 訓과 音을 쓰시오.,衛,衛,,지킬 위,지킬 위
4급,90,2020-08-22,38,hunum,다음 漢字의 訓과 音을 쓰시오.,評,評,,평할 평,평할 평
4급,90,2020-08-22,39,hunum,다음 漢字의 訓과 音을 쓰시오.,納,納,,들일 납,들일 납
4급,90,2020-08-22,40,hunum,다음 漢字의 訓과 音을 쓰시오.,映,映,,비칠 영,비칠 영
4급,90,2020-08-22,41,hunum,다음 漢字의 訓과 音을 쓰시오.,縮,縮,,줄일 축,줄일 축
4급,90,2020-08-22,42,hunum,다음 漢字의 訓과 音을 쓰시오.,絲,絲,,실 사,실 사
4급,90,2020-08-22,43,hunum,다음 漢字의 訓과 音을 쓰시오.,操,操,,잡을 조,잡을 조
4급,90,2020-08-22,44,hunum,다음 漢字의 訓과 音을 쓰시오.,助,助,,도울 조,도울 조
4급,90,2020-08-22,45,hunum,다음 漢字의 訓과 音을 쓰시오.,聲,聲,,소리 성,소리 성
4급,90,2020-08-22,46,hunum,다음 漢字의 訓과 音을 쓰시오.,紙,紙,,종이 지,종이 지
4급,90,2020-08-22,47,hunum,다음 漢字의 訓과 音을 쓰시오.,雄,雄,,수컷 웅,수컷 웅
4급,90,2020-08-22,48,hunum,다음 漢字의 訓과 音을 쓰시오.,嚴,嚴,,엄할 엄,엄할 엄
4급,90,2020-08-22,49,hunum,다음 漢字의 訓과 音을 쓰시오.,責,責,,꾸짖을 책,꾸짖을 책
4급,90,2020-08-22,50,hunum,다음 漢字의 訓과 音을 쓰시오.,肅,肅,,엄숙할 숙,엄숙할 숙
4급,90,2020-08-22,51,hunum,다음 漢字의 訓과 音을 쓰시오.,郵,郵,,우편 우,우편 우
4급,90,2020-08-22,52,hunum,다음 漢字의 訓과 音을 쓰시오.,破,破,,깨뜨릴 파,깨뜨릴 파
4급,90,2020-08-22,53,hunum,다음 漢字의 訓과 音을 쓰시오.,督,督,,감독할 독,감독할 독
4급,90,2020-08-22,54,hunum,다음 漢字의 訓과 音을 쓰시오.,折,折,,꺾을 절,꺾을 절
4급,90,2020-08-22,55,jangum,다음 單語 중 첫소리가 長音인 것을 가려 그 번호를 쓰시오.,,,"[""① 詩想"", ""② 施賞""]",②,②
4급,90,2020-08-22,56,jangum,다음 單語 중 첫소리가 長音인 것을 가려 그 번호를 쓰시오.,,,"[""① 江河"", ""② 降下""]",②,②
4급,90,2020-08-22,57,jangum,다음 單語 중 첫소리가 長音인 것을 가려 그 번호를 쓰시오.,,,"[""① 祕話"", ""② 飛火""]",①,①
4급,90,2020-08-22,58,banui,다음 밑줄 친 漢字와 뜻이 반대(또는 대립)되는 漢字를 (  ) 속에 적어 문장을 完成하시오.,지난 시장님은 功(  )가 분명히 드러났다.,功,,過,過
4급,90,2020-08-22,59,banui,다음 밑줄 친 漢字와 뜻이 반대(또는 대립)되는 漢字를 (  ) 속에 적어 문장을 完成하시오.,농산물 (  )買 시장이 열렸다.,買,,賣,賣
4급,90,2020-08-22,60,banui,다음 밑줄 친 漢字와 뜻이 반대(또는 대립)되는 漢字를 (  ) 속에 적어 문장을 完成하시오.,가계부를 쓰면 생활비 收(  )의 균형을 맞추기 쉽다.,收,,給,給
4급,90,2020-08-22,61,seong-eo,다음 (  ) 안에 알맞은 漢字를 적어 四字成語를 完成하시오.,驚天(  )地 ; 하늘도 놀라고 땅도 놀람.,驚天(  )地,,動,動
4급,90,2020-08-22,62,seong-eo,다음 (  ) 안에 알맞은 漢字를 적어 四字成語를 完成하시오.,難攻不(  ) ; 공격하기가 어려워 좀처럼 함락되지 아니함.,難攻不(  ),,落,落
4급,90,2020-08-22,63,seong-eo,다음 (  ) 안에 알맞은 漢字를 적어 四字成語를 完成하시오.,百萬長(  ) ; 재산이 아주 많은 사람.,百萬長(  ),,者,者
4급,90,2020-08-22,64,seong-eo,다음 (  ) 안에 알맞은 漢字를 적어 四字成語를 完成하시오.,死生(  )斷 ; 죽음을 각오하고 대드는 모양.,死生(  )斷,,決,決
4급,90,2020-08-22,65,seong-eo,다음 (  ) 안에 알맞은 漢字를 적어 四字成語를 完成하시오.,語不成(  ) ; 말이 조금도 사리에 맞지 않음.,語不成(  ),,說,說
4급,90,2020-08-22,66,bushu,다음 漢字의 部首를 쓰시오.,餘,餘,,食,食
4급,90,2020-08-22,67,bushu,다음 漢字의 部首를 쓰시오.,由,由,,田,田
4급,90,2020-08-22,68,bushu,다음 漢字의 部首를 쓰시오.,乳,乳,,乙,乙
4급,90,2020-08-22,69,yui,다음 밑줄 친 漢字와 뜻이 같거나 비슷한 漢字를 (  ) 속에 적어 문장을 完成하시오.,고릴라의 행동을 (  )察하기 위해 밀림으로 가기로 했다.,察,,觀,觀
4급,90,2020-08-22,70,yui,다음 밑줄 친 漢字와 뜻이 같거나 비슷한 漢字를 (  ) 속에 적어 문장을 完成하시오.,외국으로 여행을 가기 위해 먼저 갈 곳을 (  )擇하기로 했다.,擇,,選,選
4급,90,2020-08-22,71,yui,다음 밑줄 친 漢字와 뜻이 같거나 비슷한 漢字를 (  ) 속에 적어 문장을 完成하시오.,요즘 텔레비전은 대부분 화면 (  )止 기능이 있다.,止,,停,停
4급,90,2020-08-22,72,dongeum,"다음 제시한 漢字語와 同音語를 漢字(正字)로 쓰되, 미리 제시된 뜻에 맞추시오.",歲首 - (    ) 손이나 얼굴을 씻음.,歲首,,洗手,洗手
4급,90,2020-08-22,73,dongeum,"다음 제시한 漢字語와 同音語를 漢字(正字)로 쓰되, 미리 제시된 뜻에 맞추시오.",舊俗 - (    ) 야구에서 투수가 던지는 공의 속도.,舊俗,,球速,球速
4급,90,2020-08-22,74,dongeum,"다음 제시한 漢字語와 同音語를 漢字(正字)로 쓰되, 미리 제시된 뜻에 맞추시오.",象管 - (    ) 서로 관련을 가짐.,象管,,相關,相關
4급,90,2020-08-22,75,mean,다음 漢字語의 뜻을 쓰시오.,悲痛,悲痛,,몹시 슬퍼서 마음이 아픔,몹시 슬퍼서 마음이 아픔
4급,90,2020-08-22,76,mean,다음 漢字語의 뜻을 쓰시오.,平準,平準,,사물을 균일하게 조정하는 일,사물을 균일하게 조정하는 일
4급,90,2020-08-22,77,mean,다음 漢字語의 뜻을 쓰시오.,混戰,混戰,,양 편이 뒤섞이어 싸움,양 편이 뒤섞이어 싸움
4급,90,2020-08-22,78,yakja,다음 漢字의 略字를 쓰시오.,圖,圖,,図,図
4급,90,2020-08-22,79,yakja,다음 漢字의 略字를 쓰시오.,禮,禮,,礼,礼
4급,90,2020-08-22,80,yakja,다음 漢字의 略字를 쓰시오.,擧,擧,,挙,挙
4급,90,2020-08-22,81,hanjaeo_write,다음 각 문장의 밑줄 친 單語를 漢字(正字)로 쓰시오.,수군의 승리에는 거북선이 큰 위력을 발휘하였다.,승리,,勝利,勝利
4급,90,2020-08-22,82,hanjaeo_write,다음 각 문장의 밑줄 친 單語를 漢字(正字)로 쓰시오.,우리 손녀들은 예의가 참 바른 어린이라고 생각하였다.,손녀,,孫女,孫女
4급,90,2020-08-22,83,hanjaeo_write,다음 각 문장의 밑줄 친 單語를 漢字(正字)로 쓰시오.,이번 행사에는 43개국 500여명의 재외 동포가 참가하였습니다.,재외,,在外,在外
4급,90,2020-08-22,84,hanjaeo_write,다음 각 문장의 밑줄 친 單語를 漢字(正字)로 쓰시오.,이번 행사에는 43개국 500여명의 재외 동포가 참가하였습니다.,참가,,參加,參加
4급,90,2020-08-22,85,hanjaeo_write,다음 각 문장의 밑줄 친 單語를 漢字(正字)로 쓰시오.,인터넷 사용 시간이 늘어나면 학업에 어려움이 나타날 수 있습니다.,사용,,使用,使用
4급,90,2020-08-22,86,hanjaeo_write,다음 각 문장의 밑줄 친 單語를 漢字(正字)로 쓰시오.,인터넷 사용 시간이 늘어나면 학업에 어려움이 나타날 수 있습니다.,시간,,時間,時間
4급,90,2020-08-22,87,hanjaeo_write,다음 각 문장의 밑줄 친 單語를 漢字(正字)로 쓰시오.,인상적인 부분은 장면을 생생하게 떠오르게 합니다.,장면,,場面,場面
4급,90,2020-08-22,88,hanjaeo_write,다음 각 문장의 밑줄 친 單語를 漢字(正字)로 쓰시오.,전통 가옥에는 자연에 적응한 조상들의 지혜가 들어 있다.,가옥,,家屋,家屋
4급,90,2020-08-22,89,hanjaeo_write,다음 각 문장의 밑줄 친 單語를 漢字(正字)로 쓰시오.,전통 가옥에는 자연에 적응한 조상들의 지혜가 들어 있다.,조상,,祖上,祖上
4급,90,2020-08-22,90,hanjaeo_write,다음 각 문장의 밑줄 친 單語를 漢字(正字)로 쓰시오.,우리나라의 강수량은 대부분 여름에 집중되어 있다.,집중,,集中,集中
4급,90,2020-08-22,91,hanjaeo_write,다음 각 문장의 밑줄 친 單語를 漢字(正字)로 쓰시오.,단풍은 넓게는 황색이나 갈색으로 변하는 현상까지도 포함합니다.,황색,,黃色,黃色
4급,90,2020-08-22,92,hanjaeo_write,다음 각 문장의 밑줄 친 單語를 漢字(正字)로 쓰시오.,우리는 즐겁고 행복한 사회의 주인공이 될 수 있습니다.,행복,,幸福,幸福
4급,90,2020-08-22,93,hanjaeo_write,다음 각 문장의 밑줄 친 單語를 漢字(正字)로 쓰시오.,우리는 즐겁고 행복한 사회의 주인공이 될 수 있습니다.,주인공,,主人公,主人公
4급,90,2020-08-22,94,hanjaeo_write,다음 각 문장의 밑줄 친 單語를 漢字(正字)로 쓰시오.,어머니는 자상하셔서 자주 격려와 용기를 주는 말씀을 해 주십니다.,용기,,勇氣,勇氣
4급,90,2020-08-22,95,hanjaeo_write,다음 각 문장의 밑줄 친 單語를 漢字(正字)로 쓰시오.,신선한 야채를 먹을 수 없었던 겨울에는 장아찌와 김치가 중요한 먹을거리였다.,신선,,新鮮,新鮮
4급,90,2020-08-22,96,hanjaeo_write,다음 각 문장의 밑줄 친 單語를 漢字(正字)로 쓰시오.,신선한 야채를 먹을 수 없었던 겨울에는 장아찌와 김치가 중요한 먹을거리였다.,중요,,重要,重要
4급,90,2020-08-22,97,hanjaeo_write,다음 각 문장의 밑줄 친 單語를 漢字(正字)로 쓰시오.,열을 외부로 빼앗기지 않도록 하는 여러 가지 건축 재료도 잘 알아야 합니다.,재료,,材料,材料
4급,90,2020-08-22,98,hanjaeo_write,다음 각 문장의 밑줄 친 單語를 漢字(正字)로 쓰시오.,결승 경기가 시작되었고 모두들 열심히 달렸습니다.,시작,,始作,始作
4급,90,2020-08-22,99,hanjaeo_write,다음 각 문장의 밑줄 친 單語를 漢字(正字)로 쓰시오.,결승 경기가 시작되었고 모두들 열심히 달렸습니다.,열심,,熱心,熱心
4급,90,2020-08-22,100,hanjaeo_write,다음 각 문장의 밑줄 친 單語를 漢字(正字)로 쓰시오.,오미자의 신맛에는 피로를 없애 주는 특별한 효능이 있습니다.,특별,,特別,特別
4급,87,2019-11-23,1,dokum,다음 밑줄 친 漢字語의 讀音을 쓰시오.,일의 次例에 따라 이야기를 整理합니다.,次例,,차례,차례
4급,87,2019-11-23,2,dokum,다음 밑줄 친 漢字語의 讀音을 쓰시오.,일의 次例에 따라 이야기를 整理합니다.,整理,,정리,정리
4급,87,2019-11-23,3,dokum,다음 밑줄 친 漢字語의 讀音을 쓰시오.,여러 종류의 資料에서 情報를 찾아야 한다.,資料,,자료,자료
4급,87,2019-11-23,4,dokum,다음 밑줄 친 漢字語의 讀音을 쓰시오.,여러 종류의 資料에서 情報를 찾아야 한다.,情報,,정보,정보
4급,87,2019-11-23,5,dokum,다음 밑줄 친 漢字語의 讀音을 쓰시오.,液體의 부피를 측정하는 境遇를 조사해 봅시다.,液體,,액체,액체
4급,87,2019-11-23,6,dokum,다음 밑줄 친 漢字語의 讀音을 쓰시오.,液體의 부피를 측정하는 境遇를 조사해 봅시다.,境遇,,경우,경우
4급,87,2019-11-23,7,dokum,다음 밑줄 친 漢字語의 讀音을 쓰시오.,지금 狀況을 寫眞 찍는다고 생각하세요.,狀況,,상황,상황
4급,87,2019-11-23,8,dokum,다음 밑줄 친 漢字語의 讀音을 쓰시오.,지금 狀況을 寫眞 찍는다고 생각하세요.,寫眞,,사진,사진
4급,87,2019-11-23,9,dokum,다음 밑줄 친 漢字語의 讀音을 쓰시오.,公演에 꼭 필요한 소품을 쓰고 어떻게 準備할 것인지 이야기하여 봅시다.,公演,,공연,공연
4급,87,2019-11-23,10,dokum,다음 밑줄 친 漢字語의 讀音을 쓰시오.,公演에 꼭 필요한 소품을 쓰고 어떻게 準備할 것인지 이야기하여 봅시다.,準備,,준비,준비
4급,87,2019-11-23,11,dokum,다음 밑줄 친 漢字語의 讀音을 쓰시오.,우리나라의 傳統을 세계에 알리는 것도 나라의 발전을 위한 努力입니다.,傳統,,전통,전통
4급,87,2019-11-23,12,dokum,다음 밑줄 친 漢字語의 讀音을 쓰시오.,우리나라의 傳統을 세계에 알리는 것도 나라의 발전을 위한 努力입니다.,努力,,노력,노력
4급,87,2019-11-23,13,dokum,다음 밑줄 친 漢字語의 讀音을 쓰시오.,個人의 행복을 빌며 앞날의 불안감을 解消하였다.,個人,,개인,개인
4급,87,2019-11-23,14,dokum,다음 밑줄 친 漢字語의 讀音을 쓰시오.,個人의 행복을 빌며 앞날의 불안감을 解消하였다.,解消,,해소,해소
4급,87,2019-11-23,15,dokum,다음 밑줄 친 漢字語의 讀音을 쓰시오.,日帝 강점기 동안 都市가 늘고 새 문물이 생겨났다.,日帝,,일제,일제
4급,87,2019-11-23,16,dokum,다음 밑줄 친 漢字語의 讀音을 쓰시오.,日帝 강점기 동안 都市가 늘고 새 문물이 생겨났다.,都市,,도시,도시
4급,87,2019-11-23,17,dokum,다음 밑줄 친 漢字語의 讀音을 쓰시오.,일정한 시간에 수레가 移動한 거리를 標示합시다.,移動,,이동,이동
4급,87,2019-11-23,18,dokum,다음 밑줄 친 漢字語의 讀音을 쓰시오.,일정한 시간에 수레가 移動한 거리를 標示합시다.,標示,,표시,표시
4급,87,2019-11-23,19,dokum,다음 밑줄 친 漢字語의 讀音을 쓰시오.,의견이 적절한지 判斷하며 討議합시다.,判斷,,판단,판단
4급,87,2019-11-23,20,dokum,다음 밑줄 친 漢字語의 讀音을 쓰시오.,의견이 적절한지 判斷하며 討議합시다.,討議,,토의,토의
4급,87,2019-11-23,21,dokum,다음 밑줄 친 漢字語의 讀音을 쓰시오.,"“쥐와 戰爭이다. 나는 사령관, 너는 隊員이다.”",戰爭,,전쟁,전쟁
4급,87,2019-11-23,22,dokum,다음 밑줄 친 漢字語의 讀音을 쓰시오.,"“쥐와 戰爭이다. 나는 사령관, 너는 隊員이다.”",隊員,,대원,대원
4급,87,2019-11-23,23,dokum,다음 밑줄 친 漢字語의 讀音을 쓰시오.,x와 y의 對應 關係를 식으로 나타내시오.,對應,,대응,대응
4급,87,2019-11-23,24,dokum,다음 밑줄 친 漢字語의 讀音을 쓰시오.,x와 y의 對應 關係를 식으로 나타내시오.,關係,,관계,관계
4급,87,2019-11-23,25,dokum,다음 밑줄 친 漢字語의 讀音을 쓰시오.,한양은 侵入을 막기 좋아서 도읍지로 適合했다.,侵入,,침입,침입
4급,87,2019-11-23,26,dokum,다음 밑줄 친 漢字語의 讀音을 쓰시오.,한양은 侵入을 막기 좋아서 도읍지로 適合했다.,適合,,적합,적합
4급,87,2019-11-23,27,dokum,다음 밑줄 친 漢字語의 讀音을 쓰시오.,經濟的 능력과 상관없이 인권은 保障받아야 한다.,經濟的,,경제적,경제적
4급,87,2019-11-23,28,dokum,다음 밑줄 친 漢字語의 讀音을 쓰시오.,經濟的 능력과 상관없이 인권은 保障받아야 한다.,保障,,보장,보장
4급,87,2019-11-23,29,dokum,다음 밑줄 친 漢字語의 讀音을 쓰시오.,호수 近處에서 공 模樣의 튜브를 발견했다.,近處,,근처,근처
4급,87,2019-11-23,30,dokum,다음 밑줄 친 漢字語의 讀音을 쓰시오.,호수 近處에서 공 模樣의 튜브를 발견했다.,模樣,,모양,모양
4급,87,2019-11-23,31,dokum,다음 밑줄 친 漢字語의 讀音을 쓰시오.,119에 申告할 때는 주소나 建物 이름이 필요해.,申告,,신고,신고
4급,87,2019-11-23,32,dokum,다음 밑줄 친 漢字語의 讀音을 쓰시오.,119에 申告할 때는 주소나 建物 이름이 필요해.,建物,,건물,건물
4급,87,2019-11-23,33,hunum,다음 漢字의 訓과 音을 쓰시오.,龍,龍,,용 룡,용 룡
4급,87,2019-11-23,34,hunum,다음 漢字의 訓과 音을 쓰시오.,亂,亂,,어지러울 란,어지러울 란
4급,87,2019-11-23,35,hunum,다음 漢字의 訓과 音을 쓰시오.,鳴,鳴,,울 명,울 명
4급,87,2019-11-23,36,hunum,다음 漢字의 訓과 音을 쓰시오.,象,象,,코끼리 상,코끼리 상
4급,87,2019-11-23,37,hunum,다음 漢字의 訓과 音을 쓰시오.,攻,攻,,칠 공,칠 공
4급,87,2019-11-23,38,hunum,다음 漢字의 訓과 音을 쓰시오.,伏,伏,,엎드릴 복,엎드릴 복
4급,87,2019-11-23,39,hunum,다음 漢字의 訓과 音을 쓰시오.,舌,舌,,혀 설,혀 설
4급,87,2019-11-23,40,hunum,다음 漢字의 訓과 音을 쓰시오.,烈,烈,,매울 렬,매울 렬
4급,87,2019-11-23,41,hunum,다음 漢字의 訓과 音을 쓰시오.,紀,紀,,벼리 기,벼리 기
4급,87,2019-11-23,42,hunum,다음 漢字의 訓과 音을 쓰시오.,松,松,,소나무 송,소나무 송
4급,87,2019-11-23,43,hunum,다음 漢字의 訓과 音을 쓰시오.,鷄,鷄,,닭 계,닭 계
4급,87,2019-11-23,44,hunum,다음 漢字의 訓과 音을 쓰시오.,叔,叔,,아재비 숙,아재비 숙
4급,87,2019-11-23,45,hunum,다음 漢字의 訓과 音을 쓰시오.,鉛,鉛,,납 연,납 연
4급,87,2019-11-23,46,hunum,다음 漢字의 訓과 音을 쓰시오.,儒,儒,,선비 유,선비 유
4급,87,2019-11-23,47,hunum,다음 漢字의 訓과 音을 쓰시오.,髮,髮,,터럭 발,터럭 발
4급,87,2019-11-23,48,hunum,다음 漢字의 訓과 音을 쓰시오.,孤,孤,,외로울 고,외로울 고
4급,87,2019-11-23,49,hunum,다음 漢字의 訓과 音을 쓰시오.,轉,轉,,구를 전,구를 전
4급,87,2019-11-23,50,hunum,다음 漢字의 訓과 音을 쓰시오.,群,群,,무리 군,무리 군
4급,87,2019-11-23,51,hunum,다음 漢字의 訓과 音을 쓰시오.,丁,丁,,고무래 정,고무래 정
4급,87,2019-11-23,52,hunum,다음 漢字의 訓과 音을 쓰시오.,絲,絲,,실 사,실 사
4급,87,2019-11-23,53,hunum,다음 漢字의 訓과 音을 쓰시오.,鍾,鍾,,쇠북 종,쇠북 종
4급,87,2019-11-23,54,hunum,다음 漢字의 訓과 音을 쓰시오.,骨,骨,,뼈 골,뼈 골
4급,87,2019-11-23,55,jangum,다음 單語 중 첫소리가 긴소리인 것을 가려 그 번호를 쓰시오.,,,"[""① 考試"", ""② 高試""]",①,①
4급,87,2019-11-23,56,jangum,다음 單語 중 첫소리가 긴소리인 것을 가려 그 번호를 쓰시오.,,,"[""① 江邊"", ""② 強辯""]",②,②
4급,87,2019-11-23,57,jangum,다음 單語 중 첫소리가 긴소리인 것을 가려 그 번호를 쓰시오.,,,"[""① 電文"", ""② 專門""]",①,①
4급,87,2019-11-23,58,banui,다음 밑줄 친 漢字와 뜻이 반대(또는 대립)되는 漢字를 (  ) 속에 적어 문장을 완성하시오.,(  )否를 물었다.,否,,可,可
4급,87,2019-11-23,59,banui,다음 밑줄 친 漢字와 뜻이 반대(또는 대립)되는 漢字를 (  ) 속에 적어 문장을 완성하시오.,陰(  )이 조화롭다.,陰,,陽,陽
4급,87,2019-11-23,60,banui,다음 밑줄 친 漢字와 뜻이 반대(또는 대립)되는 漢字를 (  ) 속에 적어 문장을 완성하시오.,(  )負를 갈랐다.,負,,勝,勝
4급,87,2019-11-23,61,seong-eo,다음 (  ) 안에 알맞은 漢字를 적어 四字成語를 완성하시오.,敢不生(심) ; 감히 엄두도 내지 못 함.,敢不生(심),,心,心
4급,87,2019-11-23,62,seong-eo,다음 (  ) 안에 알맞은 漢字를 적어 四字成語를 완성하시오.,會者(정)離 ; 만난 사람은 반드시 헤어짐.,會者(정)離,,定,定
4급,87,2019-11-23,63,seong-eo,다음 (  ) 안에 알맞은 漢字를 적어 四字成語를 완성하시오.,走(마)看山 ; 대충 보고 지나감.,走(마)看山,,馬,馬
4급,87,2019-11-23,64,seong-eo,다음 (  ) 안에 알맞은 漢字를 적어 四字成語를 완성하시오.,(이)卵擊石 ; 달걀로 돌을 침.,(이)卵擊石,,以,以
4급,87,2019-11-23,65,seong-eo,다음 (  ) 안에 알맞은 漢字를 적어 四字成語를 완성하시오.,類類(상)從 ; 비슷한 무리끼리 서로 사귐.,類類(상)從,,相,相
4급,87,2019-11-23,66,bushu,다음 漢字의 部首를 쓰시오.,黑,黑,,黑,黑
4급,87,2019-11-23,67,bushu,다음 漢字의 部首를 쓰시오.,基,基,,土,土
4급,87,2019-11-23,68,bushu,다음 漢字의 部首를 쓰시오.,歲,歲,,止,止
4급,87,2019-11-23,69,yui,다음 밑줄 친 漢字와 뜻이 같거나 비슷한 漢字를 (  ) 속에 적어 문장을 완성하시오.,巨(  )한 뿌리를 이루었다.,巨,,大,大
4급,87,2019-11-23,70,yui,다음 밑줄 친 漢字와 뜻이 같거나 비슷한 漢字를 (  ) 속에 적어 문장을 완성하시오.,(  )範이 되었다.,範,,典,典
4급,87,2019-11-23,71,yui,다음 밑줄 친 漢字와 뜻이 같거나 비슷한 漢字를 (  ) 속에 적어 문장을 완성하시오.,損(  )를 보았다.,損,,害,害
4급,87,2019-11-23,72,dongeum,"다음 漢字語의 同音異義語를 漢字(正字)로 쓰되, 제시된 뜻에 맞추시오.",私有 - (    ) 일의 까닭.,私有,,事由,事由
4급,87,2019-11-23,73,dongeum,"다음 漢字語의 同音異義語를 漢字(正字)로 쓰되, 제시된 뜻에 맞추시오.",假裝 - (    ) 한 집안의 어른.,假裝,,家長,家長
4급,87,2019-11-23,74,dongeum,"다음 漢字語의 同音異義語를 漢字(正字)로 쓰되, 제시된 뜻에 맞추시오.",固辭 - (    ) 옛날 역사.,固辭,,古史,古史
4급,87,2019-11-23,75,yakja,다음 漢字의 略字를 쓰시오.,廣,廣,,広,広
4급,87,2019-11-23,76,yakja,다음 漢字의 略字를 쓰시오.,價,價,,価,価
4급,87,2019-11-23,77,yakja,다음 漢字의 略字를 쓰시오.,醫,醫,,医,医
4급,87,2019-11-23,78,uut_select,다음 漢字語의 바른 뜻을 <보기>에서 찾아 그 번호를 쓰시오.,散失,散失,"[""① 서류를 처리함."", ""② 흩어져 잃어버림."", ""③ 소리 질러 응원함."", ""④ 가벼운 상처."", ""⑤ 세력이 한창인 때.""]",②,②
4급,87,2019-11-23,79,uut_select,다음 漢字語의 바른 뜻을 <보기>에서 찾아 그 번호를 쓰시오.,聲援,聲援,"[""① 서류를 처리함."", ""② 흩어져 잃어버림."", ""③ 소리 질러 응원함."", ""④ 가벼운 상처."", ""⑤ 세력이 한창인 때.""]",③,③
4급,87,2019-11-23,80,uut_select,다음 漢字語의 바른 뜻을 <보기>에서 찾아 그 번호를 쓰시오.,輕傷,輕傷,"[""① 서류를 처리함."", ""② 흩어져 잃어버림."", ""③ 소리 질러 응원함."", ""④ 가벼운 상처."", ""⑤ 세력이 한창인 때.""]",④,④
4급,87,2019-11-23,81,hanjaeo_write,다음 각 문장의 밑줄 친 單語를 漢字(正字)로 쓰시오.,친구 사이에도 서로 간에 성실해야 합니다.,친구,,親舊,親舊
4급,87,2019-11-23,82,hanjaeo_write,다음 각 문장의 밑줄 친 單語를 漢字(正字)로 쓰시오.,지구에는 70억 가까운 사람들이 살고 있습니다.,지구,,地球,地球
4급,87,2019-11-23,83,hanjaeo_write,다음 각 문장의 밑줄 친 單語를 漢字(正字)로 쓰시오.,민수는 이 팔찌로 삼각형을 만들어 보려고 합니다.,삼각형,,三角形,三角形
4급,87,2019-11-23,84,hanjaeo_write,다음 각 문장의 밑줄 친 單語를 漢字(正字)로 쓰시오.,법은 최소한의 도덕이라고도 합니다.,도덕,,道德,道德
4급,87,2019-11-23,85,hanjaeo_write,다음 각 문장의 밑줄 친 單語를 漢字(正字)로 쓰시오.,문제 해결에는 다양한 방법으로 조사해야 한다.,방법,,方法,方法
4급,87,2019-11-23,86,hanjaeo_write,다음 각 문장의 밑줄 친 單語를 漢字(正字)로 쓰시오.,문제 해결에는 다양한 방법으로 조사해야 한다.,조사,,調査,調査
4급,87,2019-11-23,87,hanjaeo_write,다음 각 문장의 밑줄 친 單語를 漢字(正字)로 쓰시오.,시조를 지을 때에는 특별한 제목을 붙이지 않았다.,특별,,特別,特別
4급,87,2019-11-23,88,hanjaeo_write,다음 각 문장의 밑줄 친 單語를 漢字(正字)로 쓰시오.,원기둥의 두 면은 서로 평행하고 합동입니다.,평행,,平行,平行
4급,87,2019-11-23,89,hanjaeo_write,다음 각 문장의 밑줄 친 單語를 漢字(正字)로 쓰시오.,"우리 조상들은 홉, 되, 말이라는 단위를 사용했다.",사용,,使用,使用
4급,87,2019-11-23,90,hanjaeo_write,다음 각 문장의 밑줄 친 單語를 漢字(正字)로 쓰시오.,의견을 발표하고 잘 들어 주세요.,의견,,意見,意見
4급,87,2019-11-23,91,hanjaeo_write,다음 각 문장의 밑줄 친 單語를 漢字(正字)로 쓰시오.,의견을 발표하고 잘 들어 주세요.,발표,,發表,發表
4급,87,2019-11-23,92,hanjaeo_write,다음 각 문장의 밑줄 친 單語를 漢字(正字)로 쓰시오.,온실가스로 환경 변화라는 결과를 낳는다.,변화,,變化,變化
4급,87,2019-11-23,93,hanjaeo_write,다음 각 문장의 밑줄 친 單語를 漢字(正字)로 쓰시오.,온실가스로 환경 변화라는 결과를 낳는다.,결과,,結果,結果
4급,87,2019-11-23,94,hanjaeo_write,다음 각 문장의 밑줄 친 單語를 漢字(正字)로 쓰시오.,풍속계의 숫자가 높을수록 바람이 세게 부는 것이다.,풍속계,,風速計,風速計
4급,87,2019-11-23,95,hanjaeo_write,다음 각 문장의 밑줄 친 單語를 漢字(正字)로 쓰시오.,인물의 성격을 잘 살려 멋진 작품을 완성했다.,성격,,性格,性格
4급,87,2019-11-23,96,hanjaeo_write,다음 각 문장의 밑줄 친 單語를 漢字(正字)로 쓰시오.,인물의 성격을 잘 살려 멋진 작품을 완성했다.,작품,,作品,作品
4급,87,2019-11-23,97,hanjaeo_write,다음 각 문장의 밑줄 친 單語를 漢字(正字)로 쓰시오.,불교는 귀족에서 백성에 이르기까지 믿었던 종교였다.,귀족,,貴族,貴族
4급,87,2019-11-23,98,hanjaeo_write,다음 각 문장의 밑줄 친 單語를 漢字(正字)로 쓰시오.,한반도에는 70만 년 전부터 사람들이 살았다.,한반도,,韓半島,韓半島
4급,87,2019-11-23,99,hanjaeo_write,다음 각 문장의 밑줄 친 單語를 漢字(正字)로 쓰시오.,음악도 다른 사람의 재산처럼 중요하다.,재산,,財産,財産
4급,87,2019-11-23,100,hanjaeo_write,다음 각 문장의 밑줄 친 單語를 漢字(正字)로 쓰시오.,음악도 다른 사람의 재산처럼 중요하다.,중요,,重要,重要
4급,86,2019-08-24,1,dokum,다음 밑줄 친 漢字語의 讀音을 쓰시오.,重要한 內容을 整理하여 봅시다.,重要,,중요,중요
4급,86,2019-08-24,2,dokum,다음 밑줄 친 漢字語의 讀音을 쓰시오.,重要한 內容을 整理하여 봅시다.,內容,,내용,내용
4급,86,2019-08-24,3,dokum,다음 밑줄 친 漢字語의 讀音을 쓰시오.,重要한 內容을 整理하여 봅시다.,整理,,정리,정리
4급,86,2019-08-24,4,dokum,다음 밑줄 친 漢字語의 讀音을 쓰시오.,“지우와 미연이의 갈등”을 解決하는 事例를 통해 또래 중재 활동의 具體的인 節次와 방법을 알아봅시다.,解決,,해결,해결
4급,86,2019-08-24,5,dokum,다음 밑줄 친 漢字語의 讀音을 쓰시오.,“지우와 미연이의 갈등”을 解決하는 事例를 통해 또래 중재 활동의 具體的인 節次와 방법을 알아봅시다.,事例,,사례,사례
4급,86,2019-08-24,6,dokum,다음 밑줄 친 漢字語의 讀音을 쓰시오.,“지우와 미연이의 갈등”을 解決하는 事例를 통해 또래 중재 활동의 具體的인 節次와 방법을 알아봅시다.,具體的,,구체적,구체적
4급,86,2019-08-24,7,dokum,다음 밑줄 친 漢字語의 讀音을 쓰시오.,“지우와 미연이의 갈등”을 解決하는 事例를 통해 또래 중재 활동의 具體的인 節次와 방법을 알아봅시다.,節次,,절차,절차
4급,86,2019-08-24,8,dokum,다음 밑줄 친 漢字語의 讀音을 쓰시오.,네모 模樣 7개를 만들려면 鉛筆은 모두 몇 자루 필요합니까?,模樣,,모양,모양
4급,86,2019-08-24,9,dokum,다음 밑줄 친 漢字語의 讀音을 쓰시오.,네모 模樣 7개를 만들려면 鉛筆은 모두 몇 자루 필요합니까?,鉛筆,,연필,연필
4급,86,2019-08-24,10,dokum,다음 밑줄 친 漢字語의 讀音을 쓰시오.,글쓴이의 主張과 根據를 생각하며 다음 글을 읽어봅시다.,主張,,주장,주장
4급,86,2019-08-24,11,dokum,다음 밑줄 친 漢字語의 讀音을 쓰시오.,글쓴이의 主張과 根據를 생각하며 다음 글을 읽어봅시다.,根據,,근거,근거
4급,86,2019-08-24,12,dokum,다음 밑줄 친 漢字語의 讀音을 쓰시오.,"經濟 성장을 위해 국민과 기업, 政府의 공동 노력이 필요한 分野를 調査해 보자.",經濟,,경제,경제
4급,86,2019-08-24,13,dokum,다음 밑줄 친 漢字語의 讀音을 쓰시오.,"經濟 성장을 위해 국민과 기업, 政府의 공동 노력이 필요한 分野를 調査해 보자.",政府,,정부,정부
4급,86,2019-08-24,14,dokum,다음 밑줄 친 漢字語의 讀音을 쓰시오.,"經濟 성장을 위해 국민과 기업, 政府의 공동 노력이 필요한 分野를 調査해 보자.",分野,,분야,분야
4급,86,2019-08-24,15,dokum,다음 밑줄 친 漢字語의 讀音을 쓰시오.,"經濟 성장을 위해 국민과 기업, 政府의 공동 노력이 필요한 分野를 調査해 보자.",調査,,조사,조사
4급,86,2019-08-24,16,dokum,다음 밑줄 친 漢字語의 讀音을 쓰시오.,王權의 強化와 佛敎의 전파를 위해 제가 기꺼이 희생하겠습니다.,王權,,왕권,왕권
4급,86,2019-08-24,17,dokum,다음 밑줄 친 漢字語의 讀音을 쓰시오.,王權의 強化와 佛敎의 전파를 위해 제가 기꺼이 희생하겠습니다.,強化,,강화,강화
4급,86,2019-08-24,18,dokum,다음 밑줄 친 漢字語의 讀音을 쓰시오.,王權의 強化와 佛敎의 전파를 위해 제가 기꺼이 희생하겠습니다.,佛敎,,불교,불교
4급,86,2019-08-24,19,dokum,다음 밑줄 친 漢字語의 讀音을 쓰시오.,電線 1개를 이용하여 전지와 전구를 連結할 때 전구에 불이 켜지는 것을 豫想하고 確認하여 봅시다.,電線,,전선,전선
4급,86,2019-08-24,20,dokum,다음 밑줄 친 漢字語의 讀音을 쓰시오.,電線 1개를 이용하여 전지와 전구를 連結할 때 전구에 불이 켜지는 것을 豫想하고 確認하여 봅시다.,連結,,연결,연결
4급,86,2019-08-24,21,dokum,다음 밑줄 친 漢字語의 讀音을 쓰시오.,電線 1개를 이용하여 전지와 전구를 連結할 때 전구에 불이 켜지는 것을 豫想하고 確認하여 봅시다.,豫想,,예상,예상
4급,86,2019-08-24,22,dokum,다음 밑줄 친 漢字語의 讀音을 쓰시오.,電線 1개를 이용하여 전지와 전구를 連結할 때 전구에 불이 켜지는 것을 豫想하고 確認하여 봅시다.,確認,,확인,확인
4급,86,2019-08-24,23,dokum,다음 밑줄 친 漢字語의 讀音을 쓰시오.,마을 사람들의 尊敬을 받는 牧師의 장남으로 태어난 슈바이처는 부유한 環境에서 사랑과 관심을 받으며 자랐다.,尊敬,,존경,존경
4급,86,2019-08-24,24,dokum,다음 밑줄 친 漢字語의 讀音을 쓰시오.,마을 사람들의 尊敬을 받는 牧師의 장남으로 태어난 슈바이처는 부유한 環境에서 사랑과 관심을 받으며 자랐다.,牧師,,목사,목사
4급,86,2019-08-24,25,dokum,다음 밑줄 친 漢字語의 讀音을 쓰시오.,마을 사람들의 尊敬을 받는 牧師의 장남으로 태어난 슈바이처는 부유한 環境에서 사랑과 관심을 받으며 자랐다.,環境,,환경,환경
4급,86,2019-08-24,26,dokum,다음 밑줄 친 漢字語의 讀音을 쓰시오.,어려운 親舊에게 希望과 勇氣를 줄 수 있는 편지나 전자 郵便을 써 보거나 영상편지를 만들어 傳達해 봅시다.,親舊,,친구,친구
4급,86,2019-08-24,27,dokum,다음 밑줄 친 漢字語의 讀音을 쓰시오.,어려운 親舊에게 希望과 勇氣를 줄 수 있는 편지나 전자 郵便을 써 보거나 영상편지를 만들어 傳達해 봅시다.,希望,,희망,희망
4급,86,2019-08-24,28,dokum,다음 밑줄 친 漢字語의 讀音을 쓰시오.,어려운 親舊에게 希望과 勇氣를 줄 수 있는 편지나 전자 郵便을 써 보거나 영상편지를 만들어 傳達해 봅시다.,勇氣,,용기,용기
4급,86,2019-08-24,29,dokum,다음 밑줄 친 漢字語의 讀音을 쓰시오.,어려운 親舊에게 希望과 勇氣를 줄 수 있는 편지나 전자 郵便을 써 보거나 영상편지를 만들어 傳達해 봅시다.,郵便,,우편,우편
4급,86,2019-08-24,30,dokum,다음 밑줄 친 漢字語의 讀音을 쓰시오.,어려운 親舊에게 希望과 勇氣를 줄 수 있는 편지나 전자 郵便을 써 보거나 영상편지를 만들어 傳達해 봅시다.,傳達,,전달,전달
4급,86,2019-08-24,31,dokum,다음 밑줄 친 漢字語의 讀音을 쓰시오.,고려는 각 신분에 따라 사는 地域에 差別을 두었다.,地域,,지역,지역
4급,86,2019-08-24,32,dokum,다음 밑줄 친 漢字語의 讀音을 쓰시오.,고려는 각 신분에 따라 사는 地域에 差別을 두었다.,差別,,차별,차별
4급,86,2019-08-24,33,hunum,다음 漢字의 訓과 音을 쓰시오.,殘,殘,,남을 잔,남을 잔
4급,86,2019-08-24,34,hunum,다음 漢字의 訓과 音을 쓰시오.,泉,泉,,샘 천,샘 천
4급,86,2019-08-24,35,hunum,다음 漢字의 訓과 音을 쓰시오.,退,退,,물러날 퇴,물러날 퇴
4급,86,2019-08-24,36,hunum,다음 漢字의 訓과 音을 쓰시오.,華,華,,빛날 화,빛날 화
4급,86,2019-08-24,37,hunum,다음 漢字의 訓과 音을 쓰시오.,擧,擧,,들 거,들 거
4급,86,2019-08-24,38,hunum,다음 漢字의 訓과 音을 쓰시오.,今,今,,이제 금,이제 금
4급,86,2019-08-24,39,hunum,다음 漢字의 訓과 音을 쓰시오.,暖,暖,,따뜻할 난,따뜻할 난
4급,86,2019-08-24,40,hunum,다음 漢字의 訓과 音을 쓰시오.,待,待,,기다릴 대,기다릴 대
4급,86,2019-08-24,41,hunum,다음 漢字의 訓과 音을 쓰시오.,輪,輪,,바퀴 륜,바퀴 륜
4급,86,2019-08-24,42,hunum,다음 漢字의 訓과 音을 쓰시오.,務,務,,힘쓸 무,힘쓸 무
4급,86,2019-08-24,43,hunum,다음 漢字의 訓과 音을 쓰시오.,鼻,鼻,,코 비,코 비
4급,86,2019-08-24,44,hunum,다음 漢字의 訓과 音을 쓰시오.,消,消,,사라질 소,사라질 소
4급,86,2019-08-24,45,hunum,다음 漢字의 訓과 音을 쓰시오.,飮,飮,,마실 음,마실 음
4급,86,2019-08-24,46,hunum,다음 漢字의 訓과 音을 쓰시오.,孝,孝,,효도 효,효도 효
4급,86,2019-08-24,47,hunum,다음 漢字의 訓과 音을 쓰시오.,豊,豊,,풍년 풍,풍년 풍
4급,86,2019-08-24,48,hunum,다음 漢字의 訓과 音을 쓰시오.,探,探,,찾을 탐,찾을 탐
4급,86,2019-08-24,49,hunum,다음 漢字의 訓과 音을 쓰시오.,鐵,鐵,,쇠 철,쇠 철
4급,86,2019-08-24,50,hunum,다음 漢字의 訓과 音을 쓰시오.,竹,竹,,대 죽,대 죽
4급,86,2019-08-24,51,hunum,다음 漢字의 訓과 音을 쓰시오.,貯,貯,,쌓을 저,쌓을 저
4급,86,2019-08-24,52,hunum,다음 漢字의 訓과 音을 쓰시오.,屋,屋,,집 옥,집 옥
4급,86,2019-08-24,53,hunum,다음 漢字의 訓과 音을 쓰시오.,聲,聲,,소리 성,소리 성
4급,86,2019-08-24,54,hunum,다음 漢字의 訓과 音을 쓰시오.,貴,貴,,귀할 귀,귀할 귀
4급,86,2019-08-24,55,jangum,다음 單語 중 첫소리가 長音인 것을 가려 그 번호를 쓰시오.,,,"[""① 監査"", ""② 感謝""]",②,②
4급,86,2019-08-24,56,jangum,다음 單語 중 첫소리가 長音인 것을 가려 그 번호를 쓰시오.,,,"[""① 否認"", ""② 婦人""]",①,①
4급,86,2019-08-24,57,jangum,다음 單語 중 첫소리가 長音인 것을 가려 그 번호를 쓰시오.,,,"[""① 警官"", ""② 景觀""]",①,①
4급,86,2019-08-24,58,banui,다음 밑줄 친 漢字와 뜻이 반대(또는 대립)되는 漢字를 (  ) 속에 적어 문장을 完成하시오.,일의 (  )重을 따지다.,重,,輕,輕
4급,86,2019-08-24,59,banui,다음 밑줄 친 漢字와 뜻이 반대(또는 대립)되는 漢字를 (  ) 속에 적어 문장을 完成하시오.,그는 始(  ) 침묵을 지켰다.,始,,終,終
4급,86,2019-08-24,60,banui,다음 밑줄 친 漢字와 뜻이 반대(또는 대립)되는 漢字를 (  ) 속에 적어 문장을 完成하시오.,(  )夜로 공부만 하고 있다.,夜,,晝,晝
4급,86,2019-08-24,61,seong-eo,다음 (  ) 안에 알맞은 漢字를 적어 四字成語를 完成하시오.,目不(식)丁 ; 낫 놓고 기역자도 모른다.,目不(식)丁,,識,識
4급,86,2019-08-24,62,seong-eo,다음 (  ) 안에 알맞은 漢字를 적어 四字成語를 完成하시오.,不問(곡)直 ; 옳고 그름을 묻지 않는다.,不問(곡)直,,曲,曲
4급,86,2019-08-24,63,seong-eo,다음 (  ) 안에 알맞은 漢字를 적어 四字成語를 完成하시오.,(고)盡甘來 ; 고생 끝에 낙이 옴.,(고)盡甘來,,苦,苦
4급,86,2019-08-24,64,seong-eo,다음 (  ) 안에 알맞은 漢字를 적어 四字成語를 完成하시오.,卓上(공)論 ; 실현성이 없는 허황한 이론.,卓上(공)論,,空,空
4급,86,2019-08-24,65,seong-eo,다음 (  ) 안에 알맞은 漢字를 적어 四字成語를 完成하시오.,馬耳東(풍) ; 남의 말을 귀담아 듣지 않고 곧 흘려버림.,馬耳東(풍),,風,風
4급,86,2019-08-24,66,bushu,다음 漢字의 部首를 쓰시오.,球,球,,王,王
4급,86,2019-08-24,67,bushu,다음 漢字의 部首를 쓰시오.,財,財,,貝,貝
4급,86,2019-08-24,68,bushu,다음 漢字의 部首를 쓰시오.,男,男,,田,田
4급,86,2019-08-24,69,yui,다음 밑줄 친 漢字와 뜻이 같거나 비슷한 漢字를 (  ) 속에 적어 문장을 完成하시오.,울창한 樹(  )지대가 펼쳐졌다.,樹,,林,林
4급,86,2019-08-24,70,yui,다음 밑줄 친 漢字와 뜻이 같거나 비슷한 漢字를 (  ) 속에 적어 문장을 完成하시오.,IT기술 개발 競(  )이 치열하다.,競,,爭,爭
4급,86,2019-08-24,71,yui,다음 밑줄 친 漢字와 뜻이 같거나 비슷한 漢字를 (  ) 속에 적어 문장을 完成하시오.,오랜 (  )患에 시달린다.,患,,病,病
4급,86,2019-08-24,72,dongeum,"다음 漢字語의 同音異義語를 漢字(正字)로 쓰되, 미리 제시된 뜻에 맞추시오.",社告 - (    ) 생각하고 궁리함.,社告,,思考,思考
4급,86,2019-08-24,73,dongeum,"다음 漢字語의 同音異義語를 漢字(正字)로 쓰되, 미리 제시된 뜻에 맞추시오.",羊肉 - (    ) 부양하여 기름.,羊肉,,養育,養育
4급,86,2019-08-24,74,dongeum,"다음 漢字語의 同音異義語를 漢字(正字)로 쓰되, 미리 제시된 뜻에 맞추시오.",優良 - (    ) 비가 내린 정도.,優良,,雨量,雨量
4급,86,2019-08-24,75,uut_select,다음 漢字語의 바른 뜻을 <보기>에서 찾아 그 번호를 쓰시오.,勝負,勝負,"[""① 나무를 벰."", ""② 반성하여 살핌."", ""③ 이김과 짐."", ""④ 빨리 알림."", ""⑤ 고향으로 돌아감.""]",③,③
4급,86,2019-08-24,76,uut_select,다음 漢字語의 바른 뜻을 <보기>에서 찾아 그 번호를 쓰시오.,歸鄕,歸鄕,"[""① 나무를 벰."", ""② 반성하여 살핌."", ""③ 이김과 짐."", ""④ 빨리 알림."", ""⑤ 고향으로 돌아감.""]",⑤,⑤
4급,86,2019-08-24,77,uut_select,다음 漢字語의 바른 뜻을 <보기>에서 찾아 그 번호를 쓰시오.,伐木,伐木,"[""① 나무를 벰."", ""② 반성하여 살핌."", ""③ 이김과 짐."", ""④ 빨리 알림."", ""⑤ 고향으로 돌아감.""]",①,①
4급,86,2019-08-24,78,yakja,다음 漢字의 略字를 쓰시오.,學,學,,学,学
4급,86,2019-08-24,79,yakja,다음 漢字의 略字를 쓰시오.,戰,戰,,戦,戦
4급,86,2019-08-24,80,yakja,다음 漢字의 略字를 쓰시오.,團,團,,団,団
4급,86,2019-08-24,81,hanjaeo_write,다음 각 문장의 밑줄 친 單語를 漢字(正字)로 쓰시오.,대화가 자연스럽게 이어지도록 말하였나요?,대화,,對話,對話
4급,86,2019-08-24,82,hanjaeo_write,다음 각 문장의 밑줄 친 單語를 漢字(正字)로 쓰시오.,대화가 자연스럽게 이어지도록 말하였나요?,자연,,自然,自然
4급,86,2019-08-24,83,hanjaeo_write,다음 각 문장의 밑줄 친 單語를 漢字(正字)로 쓰시오.,"분변토를 화분이나 정원의 식물을 키울 때 거름으로 주면, 식물의 생장에 큰 도움이 됩니다.",정원,,庭園,庭園
4급,86,2019-08-24,84,hanjaeo_write,다음 각 문장의 밑줄 친 單語를 漢字(正字)로 쓰시오.,"분변토를 화분이나 정원의 식물을 키울 때 거름으로 주면, 식물의 생장에 큰 도움이 됩니다.",식물,,植物,植物
4급,86,2019-08-24,85,hanjaeo_write,다음 각 문장의 밑줄 친 單語를 漢字(正字)로 쓰시오.,친구 사이에서도 성실할 때 진정한 우정을 지킬 수 있습니다.,우정,,友情,友情
4급,86,2019-08-24,86,hanjaeo_write,다음 각 문장의 밑줄 친 單語를 漢字(正字)로 쓰시오.,소금물이 들어 있던 비커들의 안쪽 표면에 소금 알갱이가 올라와 있었다.,표면,,表面,表面
4급,86,2019-08-24,87,hanjaeo_write,다음 각 문장의 밑줄 친 單語를 漢字(正字)로 쓰시오.,시 의회에 내 의견을 어떻게 써 보내야 할까요?,의견,,意見,意見
4급,86,2019-08-24,88,hanjaeo_write,다음 각 문장의 밑줄 친 單語를 漢字(正字)로 쓰시오.,기후 조건은 농산물의 가격에 영향을 끼칩니다.,가격,,價格,價格
4급,86,2019-08-24,89,hanjaeo_write,다음 각 문장의 밑줄 친 單語를 漢字(正字)로 쓰시오.,태양이 소중한 까닭을 생각해 봅시다.,태양,,太陽,太陽
4급,86,2019-08-24,90,hanjaeo_write,다음 각 문장의 밑줄 친 單語를 漢字(正字)로 쓰시오.,괄호가 있으면 괄호 안의 식부터 먼저 계산합니다.,계산,,計算,計算
4급,86,2019-08-24,91,hanjaeo_write,다음 각 문장의 밑줄 친 單語를 漢字(正字)로 쓰시오.,경수는 발이 빨라 우리 반 달리기 선수로 뽑혔다.,선수,,選手,選手
4급,86,2019-08-24,92,hanjaeo_write,다음 각 문장의 밑줄 친 單語를 漢字(正字)로 쓰시오.,제자리에서 몸을 움직이는 방법에는 어떤 것이 있을까?,방법,,方法,方法
4급,86,2019-08-24,93,hanjaeo_write,다음 각 문장의 밑줄 친 單語를 漢字(正字)로 쓰시오.,어떤 고장 사람들은 독특한 이동 수단을 이용하기도 합니다.,독특,,獨特,獨特
4급,86,2019-08-24,94,hanjaeo_write,다음 각 문장의 밑줄 친 單語를 漢字(正字)로 쓰시오.,어떤 고장 사람들은 독특한 이동 수단을 이용하기도 합니다.,이용,,利用,利用
4급,86,2019-08-24,95,hanjaeo_write,다음 각 문장의 밑줄 친 單語를 漢字(正字)로 쓰시오.,그는 독일에서 유명한 잡지사의 기자입니다.,유명,,有名,有名
4급,86,2019-08-24,96,hanjaeo_write,다음 각 문장의 밑줄 친 單語를 漢字(正字)로 쓰시오.,그는 독일에서 유명한 잡지사의 기자입니다.,기자,,記者,記者
4급,86,2019-08-24,97,hanjaeo_write,다음 각 문장의 밑줄 친 單語를 漢字(正字)로 쓰시오.,1960년대 이전까지 우리나라는 벼농사 중심의 농업 사회였다.,이전,,以前,以前
4급,86,2019-08-24,98,hanjaeo_write,다음 각 문장의 밑줄 친 單語를 漢字(正字)로 쓰시오.,1960년대 이전까지 우리나라는 벼농사 중심의 농업 사회였다.,농업,,農業,農業
4급,86,2019-08-24,99,hanjaeo_write,다음 각 문장의 밑줄 친 單語를 漢字(正字)로 쓰시오.,"웃어른의 나이를 높여서 연세, 혹은 춘추라고 말하기도 한다.",연세,,年歲,年歲
4급,86,2019-08-24,100,hanjaeo_write,다음 각 문장의 밑줄 친 單語를 漢字(正字)로 쓰시오.,"웃어른의 나이를 높여서 연세, 혹은 춘추라고 말하기도 한다.",춘추,,春秋,春秋
4급,85,2019-06-01,1,dokum,다음 밑줄 친 漢字語의 讀音을 쓰시오.,"피고인은 본 법정에서 검사나 辯護人, 判事의 신문에 대하여 진술을 拒否할 權利가 있습니다.",辯護人,,변호인,변호인
4급,85,2019-06-01,2,dokum,다음 밑줄 친 漢字語의 讀音을 쓰시오.,"피고인은 본 법정에서 검사나 辯護人, 判事의 신문에 대하여 진술을 拒否할 權利가 있습니다.",判事,,판사,판사
4급,85,2019-06-01,3,dokum,다음 밑줄 친 漢字語의 讀音을 쓰시오.,"피고인은 본 법정에서 검사나 辯護人, 判事의 신문에 대하여 진술을 拒否할 權利가 있습니다.",拒否,,거부,거부
4급,85,2019-06-01,4,dokum,다음 밑줄 친 漢字語의 讀音을 쓰시오.,"피고인은 본 법정에서 검사나 辯護人, 判事의 신문에 대하여 진술을 拒否할 權利가 있습니다.",權利,,권리,권리
4급,85,2019-06-01,5,dokum,다음 밑줄 친 漢字語의 讀音을 쓰시오.,"冊床을 整理하고 쓰레기를 치우며, 깨끗하게 淸掃합니다.",冊床,,책상,책상
4급,85,2019-06-01,6,dokum,다음 밑줄 친 漢字語의 讀音을 쓰시오.,"冊床을 整理하고 쓰레기를 치우며, 깨끗하게 淸掃합니다.",整理,,정리,정리
4급,85,2019-06-01,7,dokum,다음 밑줄 친 漢字語의 讀音을 쓰시오.,"冊床을 整理하고 쓰레기를 치우며, 깨끗하게 淸掃합니다.",淸掃,,청소,청소
4급,85,2019-06-01,8,dokum,다음 밑줄 친 漢字語의 讀音을 쓰시오.,이러한 施設들을 살펴보면 주민들의 생활 모습이 생산 활동과 密接한 關係가 있음을 알 수 있습니다.,施設,,시설,시설
4급,85,2019-06-01,9,dokum,다음 밑줄 친 漢字語의 讀音을 쓰시오.,이러한 施設들을 살펴보면 주민들의 생활 모습이 생산 활동과 密接한 關係가 있음을 알 수 있습니다.,密接,,밀접,밀접
4급,85,2019-06-01,10,dokum,다음 밑줄 친 漢字語의 讀音을 쓰시오.,이러한 施設들을 살펴보면 주민들의 생활 모습이 생산 활동과 密接한 關係가 있음을 알 수 있습니다.,關係,,관계,관계
4급,85,2019-06-01,11,dokum,다음 밑줄 친 漢字語의 讀音을 쓰시오.,이 책에는 多樣한 무당벌레의 寫眞과 이름이 소개되어 있습니다.,多樣,,다양,다양
4급,85,2019-06-01,12,dokum,다음 밑줄 친 漢字語의 讀音을 쓰시오.,이 책에는 多樣한 무당벌레의 寫眞과 이름이 소개되어 있습니다.,寫眞,,사진,사진
4급,85,2019-06-01,13,dokum,다음 밑줄 친 漢字語의 讀音을 쓰시오.,우리나라에는 사람의 생명을 소중히 여기는 위대한 醫師 장기려 博士가 있었습니다.,醫師,,의사,의사
4급,85,2019-06-01,14,dokum,다음 밑줄 친 漢字語의 讀音을 쓰시오.,우리나라에는 사람의 생명을 소중히 여기는 위대한 醫師 장기려 博士가 있었습니다.,博士,,박사,박사
4급,85,2019-06-01,15,dokum,다음 밑줄 친 漢字語의 讀音을 쓰시오.,言論의 잘못된 報道로 기본권이 侵害되었을 때 생기는 갈등을 解決한다.,言論,,언론,언론
4급,85,2019-06-01,16,dokum,다음 밑줄 친 漢字語의 讀音을 쓰시오.,言論의 잘못된 報道로 기본권이 侵害되었을 때 생기는 갈등을 解決한다.,報道,,보도,보도
4급,85,2019-06-01,17,dokum,다음 밑줄 친 漢字語의 讀音을 쓰시오.,言論의 잘못된 報道로 기본권이 侵害되었을 때 생기는 갈등을 解決한다.,侵害,,침해,침해
4급,85,2019-06-01,18,dokum,다음 밑줄 친 漢字語의 讀音을 쓰시오.,言論의 잘못된 報道로 기본권이 侵害되었을 때 생기는 갈등을 解決한다.,解決,,해결,해결
4급,85,2019-06-01,19,dokum,다음 밑줄 친 漢字語의 讀音을 쓰시오.,특정한 境遇를 除外한 모든 재판의 過程과 결과가 공개된다.,境遇,,경우,경우
4급,85,2019-06-01,20,dokum,다음 밑줄 친 漢字語의 讀音을 쓰시오.,특정한 境遇를 除外한 모든 재판의 過程과 결과가 공개된다.,除外,,제외,제외
4급,85,2019-06-01,21,dokum,다음 밑줄 친 漢字語의 讀音을 쓰시오.,특정한 境遇를 除外한 모든 재판의 過程과 결과가 공개된다.,過程,,과정,과정
4급,85,2019-06-01,22,dokum,다음 밑줄 친 漢字語의 讀音을 쓰시오.,"面談한 內容을 記錄한 資料를 모으고, 面談한 內容을 어떻게 정리할지 意見을 나누어 봅시다.",面談,,면담,면담
4급,85,2019-06-01,23,dokum,다음 밑줄 친 漢字語의 讀音을 쓰시오.,"面談한 內容을 記錄한 資料를 모으고, 面談한 內容을 어떻게 정리할지 意見을 나누어 봅시다.",內容,,내용,내용
4급,85,2019-06-01,24,dokum,다음 밑줄 친 漢字語의 讀音을 쓰시오.,"面談한 內容을 記錄한 資料를 모으고, 面談한 內容을 어떻게 정리할지 意見을 나누어 봅시다.",記錄,,기록,기록
4급,85,2019-06-01,25,dokum,다음 밑줄 친 漢字語의 讀音을 쓰시오.,"面談한 內容을 記錄한 資料를 모으고, 面談한 內容을 어떻게 정리할지 意見을 나누어 봅시다.",資料,,자료,자료
4급,85,2019-06-01,26,dokum,다음 밑줄 친 漢字語의 讀音을 쓰시오.,"面談한 內容을 記錄한 資料를 모으고, 面談한 內容을 어떻게 정리할지 意見을 나누어 봅시다.",意見,,의견,의견
4급,85,2019-06-01,27,dokum,다음 밑줄 친 漢字語의 讀音을 쓰시오.,"수돗가에서 次例를 지키지 않고, 학교 식당과 階段에서 뛰어다닌다면 어떤 일이 벌어질까?",次例,,차례,차례
4급,85,2019-06-01,28,dokum,다음 밑줄 친 漢字語의 讀音을 쓰시오.,"수돗가에서 次例를 지키지 않고, 학교 식당과 階段에서 뛰어다닌다면 어떤 일이 벌어질까?",階段,,계단,계단
4급,85,2019-06-01,29,dokum,다음 밑줄 친 漢字語의 讀音을 쓰시오.,영유권과 어로 航路 개설을 놓고 北極海 연안국이 서로 갈등하고 있다.,航路,,항로,항로
4급,85,2019-06-01,30,dokum,다음 밑줄 친 漢字語의 讀音을 쓰시오.,영유권과 어로 航路 개설을 놓고 北極海 연안국이 서로 갈등하고 있다.,北極海,,북극해,북극해
4급,85,2019-06-01,31,dokum,다음 밑줄 친 漢字語의 讀音을 쓰시오.,지구가 繼續해서 더워지면 많은 동식물의 서식지에 나쁜 영향을 주기 때문에 生態系가 파괴될 수 있습니다.,繼續,,계속,계속
4급,85,2019-06-01,32,dokum,다음 밑줄 친 漢字語의 讀音을 쓰시오.,지구가 繼續해서 더워지면 많은 동식물의 서식지에 나쁜 영향을 주기 때문에 生態系가 파괴될 수 있습니다.,生態系,,생태계,생태계
4급,85,2019-06-01,33,hunum,다음 漢字의 訓과 音을 쓰시오.,暇,暇,,겨를 가,겨를 가
4급,85,2019-06-01,34,hunum,다음 漢字의 訓과 音을 쓰시오.,短,短,,짧을 단,짧을 단
4급,85,2019-06-01,35,hunum,다음 漢字의 訓과 音을 쓰시오.,辭,辭,,말씀 사,말씀 사
4급,85,2019-06-01,36,hunum,다음 漢字의 訓과 音을 쓰시오.,暖,暖,,따뜻할 난,따뜻할 난
4급,85,2019-06-01,37,hunum,다음 漢字의 訓과 音을 쓰시오.,麗,麗,,고울 려,고울 려
4급,85,2019-06-01,38,hunum,다음 漢字의 訓과 音을 쓰시오.,髮,髮,,터럭 발,터럭 발
4급,85,2019-06-01,39,hunum,다음 漢字의 訓과 音을 쓰시오.,務,務,,힘쓸 무,힘쓸 무
4급,85,2019-06-01,40,hunum,다음 漢字의 訓과 音을 쓰시오.,探,探,,찾을 탐,찾을 탐
4급,85,2019-06-01,41,hunum,다음 漢字의 訓과 音을 쓰시오.,閉,閉,,닫을 폐,닫을 폐
4급,85,2019-06-01,42,hunum,다음 漢字의 訓과 音을 쓰시오.,貧,貧,,가난할 빈,가난할 빈
4급,85,2019-06-01,43,hunum,다음 漢字의 訓과 音을 쓰시오.,泉,泉,,샘 천,샘 천
4급,85,2019-06-01,44,hunum,다음 漢字의 訓과 音을 쓰시오.,紅,紅,,붉을 홍,붉을 홍
4급,85,2019-06-01,45,hunum,다음 漢字의 訓과 音을 쓰시오.,宣,宣,,베풀 선,베풀 선
4급,85,2019-06-01,46,hunum,다음 漢字의 訓과 音을 쓰시오.,衆,衆,,무리 중,무리 중
4급,85,2019-06-01,47,hunum,다음 漢字의 訓과 音을 쓰시오.,避,避,,피할 피,피할 피
4급,85,2019-06-01,48,hunum,다음 漢字의 訓과 音을 쓰시오.,壓,壓,,누를 압,누를 압
4급,85,2019-06-01,49,hunum,다음 漢字의 訓과 音을 쓰시오.,助,助,,도울 조,도울 조
4급,85,2019-06-01,50,hunum,다음 漢字의 訓과 音을 쓰시오.,派,派,,갈래 파,갈래 파
4급,85,2019-06-01,51,hunum,다음 漢字의 訓과 音을 쓰시오.,底,底,,밑 저,밑 저
4급,85,2019-06-01,52,hunum,다음 漢字의 訓과 音을 쓰시오.,漁,漁,,고기잡을 어,고기잡을 어
4급,85,2019-06-01,53,hunum,다음 漢字의 訓과 音을 쓰시오.,痛,痛,,아플 통,아플 통
4급,85,2019-06-01,54,hunum,다음 漢字의 訓과 音을 쓰시오.,推,推,,밀 추,밀 추
4급,85,2019-06-01,55,jangum,다음 單語 중 첫소리가 長音인 것을 가려 그 번호를 쓰시오.,,,"[""① 滿足"", ""② 滿堂""]",②,②
4급,85,2019-06-01,56,jangum,다음 單語 중 첫소리가 長音인 것을 가려 그 번호를 쓰시오.,,,"[""① 保健"", ""② 保證""]",①,①
4급,85,2019-06-01,57,jangum,다음 單語 중 첫소리가 長音인 것을 가려 그 번호를 쓰시오.,,,"[""① 素服"", ""② 素朴""]",①,①
4급,85,2019-06-01,58,banui,다음 밑줄 친 漢字와 뜻이 반대(또는 대립)되는 漢字를 (  ) 속에 적어 문장을 完成하시오.,本(  )이 전도되었다.,本,,末,末
4급,85,2019-06-01,59,banui,다음 밑줄 친 漢字와 뜻이 반대(또는 대립)되는 漢字를 (  ) 속에 적어 문장을 完成하시오.,(  )弱을 조절하는 능력.,弱,,強,強
4급,85,2019-06-01,60,banui,다음 밑줄 친 漢字와 뜻이 반대(또는 대립)되는 漢字를 (  ) 속에 적어 문장을 完成하시오.,晝(  )로 공부만 하는 학생.,晝,,夜,夜
4급,85,2019-06-01,61,seong-eo,다음 (  ) 안에 알맞은 漢字를 적어 四字成語를 完成하시오.,不問曲(  ) ; 옳고 그름을 따지지 않음.,不問曲(  ),,直,直
4급,85,2019-06-01,62,seong-eo,다음 (  ) 안에 알맞은 漢字를 적어 四字成語를 完成하시오.,春(  )秋冬 ; 봄・여름・가을・겨울의 네 철.,春(  )秋冬,,夏,夏
4급,85,2019-06-01,63,seong-eo,다음 (  ) 안에 알맞은 漢字를 적어 四字成語를 完成하시오.,(  )耳東風 ; 남의 말을 귀담아 듣지 않고 곧 흘려버림.,(  )耳東風,,馬,馬
4급,85,2019-06-01,64,seong-eo,다음 (  ) 안에 알맞은 漢字를 적어 四字成語를 完成하시오.,好(  )好食 ; 잘 입고 잘 먹음.,好(  )好食,,衣,衣
4급,85,2019-06-01,65,seong-eo,다음 (  ) 안에 알맞은 漢字를 적어 四字成語를 完成하시오.,目不(  )丁 ; 낫 놓고 기역 자도 모른다.,目不(  )丁,,識,識
4급,85,2019-06-01,66,bushu,다음 漢字의 部首를 쓰시오.,宅,宅,,宀,宀
4급,85,2019-06-01,67,bushu,다음 漢字의 部首를 쓰시오.,念,念,,心,心
4급,85,2019-06-01,68,bushu,다음 漢字의 部首를 쓰시오.,省,省,,目,目
4급,85,2019-06-01,69,yui,다음 밑줄 친 漢字와 뜻이 같거나 비슷한 漢字를 (  ) 속에 적어 문장을 完成하시오.,그는 오랫동안 (  )患에 시달리고 있다.,患,,病,病
4급,85,2019-06-01,70,yui,다음 밑줄 친 漢字와 뜻이 같거나 비슷한 漢字를 (  ) 속에 적어 문장을 完成하시오.,능률을 올리려면 (  )息 시간을 잘 활용해야 한다.,息,,休,休
4급,85,2019-06-01,71,yui,다음 밑줄 친 漢字와 뜻이 같거나 비슷한 漢字를 (  ) 속에 적어 문장을 完成하시오.,"鄕(  )은 단순한 시골이 아니라, 여유로운 삶을 위한 안식처이기도 하다.",鄕,,村,村
4급,85,2019-06-01,72,dongeum,"다음 漢字語의 同音異義語를 漢字(正字)로 쓰되, 제시된 뜻에 맞추시오.",羊肉 - (    ) 부양하여 기름.,羊肉,,養育,養育
4급,85,2019-06-01,73,dongeum,"다음 漢字語의 同音異義語를 漢字(正字)로 쓰되, 제시된 뜻에 맞추시오.",味官 - (    ) 아름다운 경치.,味官,,美觀,美觀
4급,85,2019-06-01,74,dongeum,"다음 漢字語의 同音異義語를 漢字(正字)로 쓰되, 제시된 뜻에 맞추시오.",才賢 - (    ) 다시 나타남.,才賢,,再現,再現
4급,85,2019-06-01,75,uut_select,다음 漢字語의 바른 뜻을 <보기>에서 찾아 그 번호를 쓰시오.,裝束,裝束,"[""① 떨어진 나뭇잎."", ""② 매우 세차게 흐르는 물."", ""③ 아주 험한 낭떠러지."", ""④ 몸을 꾸며서 차림."", ""⑤ 셈을 헤아림.""]",④,④
4급,85,2019-06-01,76,uut_select,다음 漢字語의 바른 뜻을 <보기>에서 찾아 그 번호를 쓰시오.,落葉,落葉,"[""① 떨어진 나뭇잎."", ""② 매우 세차게 흐르는 물."", ""③ 아주 험한 낭떠러지."", ""④ 몸을 꾸며서 차림."", ""⑤ 셈을 헤아림.""]",①,①
4급,85,2019-06-01,77,uut_select,다음 漢字語의 바른 뜻을 <보기>에서 찾아 그 번호를 쓰시오.,絶壁,絶壁,"[""① 떨어진 나뭇잎."", ""② 매우 세차게 흐르는 물."", ""③ 아주 험한 낭떠러지."", ""④ 몸을 꾸며서 차림."", ""⑤ 셈을 헤아림.""]",③,③
4급,85,2019-06-01,78,yakja,다음 漢字의 略字를 쓰시오.,體,體,,体,体
4급,85,2019-06-01,79,yakja,다음 漢字의 略字를 쓰시오.,兒,兒,,児,児
4급,85,2019-06-01,80,yakja,다음 漢字의 略字를 쓰시오.,變,變,,変,変
4급,85,2019-06-01,81,hanjaeo_write,다음 각 문장의 밑줄 친 單語를 漢字(正字)로 쓰시오.,선거 운동은 법에 정해진 방법과 기간을 지켜야 합니다.,선거,,選擧,選擧
4급,85,2019-06-01,82,hanjaeo_write,다음 각 문장의 밑줄 친 單語를 漢字(正字)로 쓰시오.,선거 운동은 법에 정해진 방법과 기간을 지켜야 합니다.,운동,,運動,運動
4급,85,2019-06-01,83,hanjaeo_write,다음 각 문장의 밑줄 친 單語를 漢字(正字)로 쓰시오.,선거 운동은 법에 정해진 방법과 기간을 지켜야 합니다.,방법,,方法,方法
4급,85,2019-06-01,84,hanjaeo_write,다음 각 문장의 밑줄 친 單語를 漢字(正字)로 쓰시오.,선거 운동은 법에 정해진 방법과 기간을 지켜야 합니다.,기간,,期間,期間
4급,85,2019-06-01,85,hanjaeo_write,다음 각 문장의 밑줄 친 單語를 漢字(正字)로 쓰시오.,민주주의와 경제 발전은 두 가지 모두 중요하다.,발전,,發展,發展
4급,85,2019-06-01,86,hanjaeo_write,다음 각 문장의 밑줄 친 單語를 漢字(正字)로 쓰시오.,민주주의와 경제 발전은 두 가지 모두 중요하다.,중요,,重要,重要
4급,85,2019-06-01,87,hanjaeo_write,다음 각 문장의 밑줄 친 單語를 漢字(正字)로 쓰시오.,세계화로 우리나라 여러 분야의 시장이 개방되고 있다.,세계화,,世界化,世界化
4급,85,2019-06-01,88,hanjaeo_write,다음 각 문장의 밑줄 친 單語를 漢字(正字)로 쓰시오.,세계화로 우리나라 여러 분야의 시장이 개방되고 있다.,분야,,分野,分野
4급,85,2019-06-01,89,hanjaeo_write,다음 각 문장의 밑줄 친 單語를 漢字(正字)로 쓰시오.,세계화로 우리나라 여러 분야의 시장이 개방되고 있다.,시장,,市場,市場
4급,85,2019-06-01,90,hanjaeo_write,다음 각 문장의 밑줄 친 單語를 漢字(正字)로 쓰시오.,세계화로 우리나라 여러 분야의 시장이 개방되고 있다.,개방,,開放,開放
4급,85,2019-06-01,91,hanjaeo_write,다음 각 문장의 밑줄 친 單語를 漢字(正字)로 쓰시오.,서양 문물의 전래가 조선 사회에 미친 영향에 대하여 생각해 봅시다.,서양,,西洋,西洋
4급,85,2019-06-01,92,hanjaeo_write,다음 각 문장의 밑줄 친 單語를 漢字(正字)로 쓰시오.,서양 문물의 전래가 조선 사회에 미친 영향에 대하여 생각해 봅시다.,전래,,傳來,傳來
4급,85,2019-06-01,93,hanjaeo_write,다음 각 문장의 밑줄 친 單語를 漢字(正字)로 쓰시오.,서양 문물의 전래가 조선 사회에 미친 영향에 대하여 생각해 봅시다.,조선,,朝鮮,朝鮮
4급,85,2019-06-01,94,hanjaeo_write,다음 각 문장의 밑줄 친 單語를 漢字(正字)로 쓰시오.,광고는 상품이나 생각을 알리고 권장하는 것입니다.,광고,,廣告,廣告
4급,85,2019-06-01,95,hanjaeo_write,다음 각 문장의 밑줄 친 單語를 漢字(正字)로 쓰시오.,광고는 상품이나 생각을 알리고 권장하는 것입니다.,상품,,商品,商品
4급,85,2019-06-01,96,hanjaeo_write,다음 각 문장의 밑줄 친 單語를 漢字(正字)로 쓰시오.,더 나은 품종을 개량하기 위하여 지혜를 짜내기 시작하였습니다.,개량,,改良,改良
4급,85,2019-06-01,97,hanjaeo_write,다음 각 문장의 밑줄 친 單語를 漢字(正字)로 쓰시오.,더 나은 품종을 개량하기 위하여 지혜를 짜내기 시작하였습니다.,시작,,始作,始作
4급,85,2019-06-01,98,hanjaeo_write,다음 각 문장의 밑줄 친 單語를 漢字(正字)로 쓰시오.,세계의 인구는 매우 빠른 속도로 증가하고 있다.,속도,,速度,速度
4급,85,2019-06-01,99,hanjaeo_write,다음 각 문장의 밑줄 친 單語를 漢字(正字)로 쓰시오.,합리적인 대안을 찾아 최선의 결정을 해 봅시다.,대안,,代案,代案
4급,85,2019-06-01,100,hanjaeo_write,다음 각 문장의 밑줄 친 單語를 漢字(正字)로 쓰시오.,합리적인 대안을 찾아 최선의 결정을 해 봅시다.,최선,,最善,最善
4급,84,2019-02-23,1,dokum,다음 밑줄 친 漢字語의 讀音을 쓰시오.,"고체, 液體, 기체 狀態의 물질들이 골고루 섞여 있는 혼합물도 용액이라고 합니다.",液體,,액체,액체
4급,84,2019-02-23,2,dokum,다음 밑줄 친 漢字語의 讀音을 쓰시오.,"고체, 液體, 기체 狀態의 물질들이 골고루 섞여 있는 혼합물도 용액이라고 합니다.",狀態,,상태,상태
4급,84,2019-02-23,3,dokum,다음 밑줄 친 漢字語의 讀音을 쓰시오.,"尊敬하는 인물이 쓴 演說문을 찾아 소리 내어 읽고, 연설문에 나타난 문제와 解決 방법을 파악하여 봅시다.",尊敬,,존경,존경
4급,84,2019-02-23,4,dokum,다음 밑줄 친 漢字語의 讀音을 쓰시오.,"尊敬하는 인물이 쓴 演說문을 찾아 소리 내어 읽고, 연설문에 나타난 문제와 解決 방법을 파악하여 봅시다.",演說,,연설,연설
4급,84,2019-02-23,5,dokum,다음 밑줄 친 漢字語의 讀音을 쓰시오.,"尊敬하는 인물이 쓴 演說문을 찾아 소리 내어 읽고, 연설문에 나타난 문제와 解決 방법을 파악하여 봅시다.",解決,,해결,해결
4급,84,2019-02-23,6,dokum,다음 밑줄 친 漢字語의 讀音을 쓰시오.,다른 사람들의 個人 누리집을 訪問하여 여러 가지 유익한 情報를 얻기도 합니다.,個人,,개인,개인
4급,84,2019-02-23,7,dokum,다음 밑줄 친 漢字語의 讀音을 쓰시오.,다른 사람들의 個人 누리집을 訪問하여 여러 가지 유익한 情報를 얻기도 합니다.,訪問,,방문,방문
4급,84,2019-02-23,8,dokum,다음 밑줄 친 漢字語의 讀音을 쓰시오.,다른 사람들의 個人 누리집을 訪問하여 여러 가지 유익한 情報를 얻기도 합니다.,情報,,정보,정보
4급,84,2019-02-23,9,dokum,다음 밑줄 친 漢字語의 讀音을 쓰시오.,의견을 쓸 때에 읽는 이를 考慮하는 방법을 整理하여 봅시다.,考慮,,고려,고려
4급,84,2019-02-23,10,dokum,다음 밑줄 친 漢字語의 讀音을 쓰시오.,의견을 쓸 때에 읽는 이를 考慮하는 방법을 整理하여 봅시다.,整理,,정리,정리
4급,84,2019-02-23,11,dokum,다음 밑줄 친 漢字語의 讀音을 쓰시오.,사건을 記錄한 글에서 인과 關係를 알아봅시다.,記錄,,기록,기록
4급,84,2019-02-23,12,dokum,다음 밑줄 친 漢字語의 讀音을 쓰시오.,사건을 記錄한 글에서 인과 關係를 알아봅시다.,關係,,관계,관계
4급,84,2019-02-23,13,dokum,다음 밑줄 친 漢字語의 讀音을 쓰시오.,거란은 高麗의 북쪽 땅이 자신들의 땅이라는 핑계로 侵入해 왔다.,高麗,,고려,고려
4급,84,2019-02-23,14,dokum,다음 밑줄 친 漢字語의 讀音을 쓰시오.,거란은 高麗의 북쪽 땅이 자신들의 땅이라는 핑계로 侵入해 왔다.,侵入,,침입,침입
4급,84,2019-02-23,15,dokum,다음 밑줄 친 漢字語의 讀音을 쓰시오.,판소리 선생님이 直接 오셔서 우리를 指導하여 주십니다.,直接,,직접,직접
4급,84,2019-02-23,16,dokum,다음 밑줄 친 漢字語의 讀音을 쓰시오.,판소리 선생님이 直接 오셔서 우리를 指導하여 주십니다.,指導,,지도,지도
4급,84,2019-02-23,17,dokum,다음 밑줄 친 漢字語의 讀音을 쓰시오.,세계 지도는 지도가 製作되었던 당시 사람들의 세계관을 짐작해 볼 수 있는 중요한 資料이다.,製作,,제작,제작
4급,84,2019-02-23,18,dokum,다음 밑줄 친 漢字語의 讀音을 쓰시오.,세계 지도는 지도가 製作되었던 당시 사람들의 세계관을 짐작해 볼 수 있는 중요한 資料이다.,資料,,자료,자료
4급,84,2019-02-23,19,dokum,다음 밑줄 친 漢字語의 讀音을 쓰시오.,國際 연합은 북한을 침략자로 규정하고 미국을 중심으로 16개국이 參與한 국제 연합군을 우리나라에 파견하였다.,國際,,국제,국제
4급,84,2019-02-23,20,dokum,다음 밑줄 친 漢字語의 讀音을 쓰시오.,國際 연합은 북한을 침략자로 규정하고 미국을 중심으로 16개국이 參與한 국제 연합군을 우리나라에 파견하였다.,參與,,참여,참여
4급,84,2019-02-23,21,dokum,다음 밑줄 친 漢字語의 讀音을 쓰시오.,討論者의 태도를 생각하며 ‘초등학생이 컴퓨터 게임 하는 것을 制限하여야 한다’는 主張에 대한 찬성과 반대의 의견을 들어 봅시다.,討論者,,토론자,토론자
4급,84,2019-02-23,22,dokum,다음 밑줄 친 漢字語의 讀音을 쓰시오.,討論者의 태도를 생각하며 ‘초등학생이 컴퓨터 게임 하는 것을 制限하여야 한다’는 主張에 대한 찬성과 반대의 의견을 들어 봅시다.,制限,,제한,제한
4급,84,2019-02-23,23,dokum,다음 밑줄 친 漢字語의 讀音을 쓰시오.,討論者의 태도를 생각하며 ‘초등학생이 컴퓨터 게임 하는 것을 制限하여야 한다’는 主張에 대한 찬성과 반대의 의견을 들어 봅시다.,主張,,주장,주장
4급,84,2019-02-23,24,dokum,다음 밑줄 친 漢字語의 讀音을 쓰시오.,식물이 자라는 過程에서 물이 주는 영향을 알아보기 위한 實驗 裝置를 꾸미고 실험하여 봅시다.,過程,,과정,과정
4급,84,2019-02-23,25,dokum,다음 밑줄 친 漢字語의 讀音을 쓰시오.,식물이 자라는 過程에서 물이 주는 영향을 알아보기 위한 實驗 裝置를 꾸미고 실험하여 봅시다.,實驗,,실험,실험
4급,84,2019-02-23,26,dokum,다음 밑줄 친 漢字語의 讀音을 쓰시오.,식물이 자라는 過程에서 물이 주는 영향을 알아보기 위한 實驗 裝置를 꾸미고 실험하여 봅시다.,裝置,,장치,장치
4급,84,2019-02-23,27,dokum,다음 밑줄 친 漢字語의 讀音을 쓰시오.,주민들이 각자 입장에 따라 多樣한 의견을 提示하자 市廳에서는 전체 주민들의 의견이 어떠한지 조사를 하였다.,多樣,,다양,다양
4급,84,2019-02-23,28,dokum,다음 밑줄 친 漢字語의 讀音을 쓰시오.,주민들이 각자 입장에 따라 多樣한 의견을 提示하자 市廳에서는 전체 주민들의 의견이 어떠한지 조사를 하였다.,提示,,제시,제시
4급,84,2019-02-23,29,dokum,다음 밑줄 친 漢字語의 讀音을 쓰시오.,주민들이 각자 입장에 따라 多樣한 의견을 提示하자 市廳에서는 전체 주민들의 의견이 어떠한지 조사를 하였다.,市廳,,시청,시청
4급,84,2019-02-23,30,dokum,다음 밑줄 친 漢字語의 讀音을 쓰시오.,문장에 쓰인 呼應 관계가 適切한지 判斷하며 다음 편지를 읽어 봅시다.,呼應,,호응,호응
4급,84,2019-02-23,31,dokum,다음 밑줄 친 漢字語의 讀音을 쓰시오.,문장에 쓰인 呼應 관계가 適切한지 判斷하며 다음 편지를 읽어 봅시다.,適切,,적절,적절
4급,84,2019-02-23,32,dokum,다음 밑줄 친 漢字語의 讀音을 쓰시오.,문장에 쓰인 呼應 관계가 適切한지 判斷하며 다음 편지를 읽어 봅시다.,判斷,,판단,판단
4급,84,2019-02-23,33,hunum,다음 漢字의 訓과 音을 쓰시오.,殘,殘,,남을 잔,남을 잔
4급,84,2019-02-23,34,hunum,다음 漢字의 訓과 音을 쓰시오.,隱,隱,,숨을 은,숨을 은
4급,84,2019-02-23,35,hunum,다음 漢字의 訓과 音을 쓰시오.,庭,庭,,뜰 정,뜰 정
4급,84,2019-02-23,36,hunum,다음 漢字의 訓과 音을 쓰시오.,頌,頌,,기릴 송,기릴 송
4급,84,2019-02-23,37,hunum,다음 漢字의 訓과 音을 쓰시오.,掃,掃,,쓸 소,쓸 소
4급,84,2019-02-23,38,hunum,다음 漢字의 訓과 音을 쓰시오.,總,總,,다 총,다 총
4급,84,2019-02-23,39,hunum,다음 漢字의 訓과 音을 쓰시오.,揮,揮,,휘두를 휘,휘두를 휘
4급,84,2019-02-23,40,hunum,다음 漢字의 訓과 音을 쓰시오.,希,希,,바랄 희,바랄 희
4급,84,2019-02-23,41,hunum,다음 漢字의 訓과 音을 쓰시오.,珍,珍,,보배 진,보배 진
4급,84,2019-02-23,42,hunum,다음 漢字의 訓과 音을 쓰시오.,縮,縮,,줄일 축,줄일 축
4급,84,2019-02-23,43,hunum,다음 漢字의 訓과 音을 쓰시오.,傑,傑,,뛰어날 걸,뛰어날 걸
4급,84,2019-02-23,44,hunum,다음 漢字의 訓과 音을 쓰시오.,給,給,,줄 급,줄 급
4급,84,2019-02-23,45,hunum,다음 漢字의 訓과 音을 쓰시오.,旅,旅,,나그네 려,나그네 려
4급,84,2019-02-23,46,hunum,다음 漢字의 訓과 音을 쓰시오.,背,背,,등 배,등 배
4급,84,2019-02-23,47,hunum,다음 漢字의 訓과 音을 쓰시오.,批,批,,비평할 비,비평할 비
4급,84,2019-02-23,48,hunum,다음 漢字의 訓과 音을 쓰시오.,寫,寫,,베낄 사,베낄 사
4급,84,2019-02-23,49,hunum,다음 漢字의 訓과 音을 쓰시오.,類,類,,무리 류,무리 류
4급,84,2019-02-23,50,hunum,다음 漢字의 訓과 音을 쓰시오.,擔,擔,,멜 담,멜 담
4급,84,2019-02-23,51,hunum,다음 漢字의 訓과 音을 쓰시오.,舞,舞,,춤출 무,춤출 무
4급,84,2019-02-23,52,hunum,다음 漢字의 訓과 音을 쓰시오.,帶,帶,,띠 대,띠 대
4급,84,2019-02-23,53,hunum,다음 漢字의 訓과 音을 쓰시오.,餘,餘,,남을 여,남을 여
4급,84,2019-02-23,54,hunum,다음 漢字의 訓과 音을 쓰시오.,姿,姿,,모양 자,모양 자
4급,84,2019-02-23,55,jangum,다음 單語 중 첫소리가 長音인 것을 가려 그 번호를 쓰시오.,,,"[""① 變更"", ""② 邊境""]",①,①
4급,84,2019-02-23,56,jangum,다음 單語 중 첫소리가 長音인 것을 가려 그 번호를 쓰시오.,,,"[""① 救助"", ""② 構造""]",①,①
4급,84,2019-02-23,57,jangum,다음 單語 중 첫소리가 長音인 것을 가려 그 번호를 쓰시오.,,,"[""① 監事"", ""② 感謝""]",②,②
4급,84,2019-02-23,58,banui,다음 밑줄 친 漢字와 뜻이 반대(또는 대립)되는 漢字를 (  ) 속에 적어 문장을 完成하시오.,현대에 와서는 방송 토론이 선거에서 (  )落을 결정짓는 요인이 되었다.,落,,當,當
4급,84,2019-02-23,59,banui,다음 밑줄 친 漢字와 뜻이 반대(또는 대립)되는 漢字를 (  ) 속에 적어 문장을 完成하시오.,그 시합은 (  )敗를 떠나 사람들을 화합시키는 계기가 되었다.,敗,,勝,勝
4급,84,2019-02-23,60,banui,다음 밑줄 친 漢字와 뜻이 반대(또는 대립)되는 漢字를 (  ) 속에 적어 문장을 完成하시오.,동양에서는 陰(  )의 조화를 중요하게 생각한다.,陰,,陽,陽
4급,84,2019-02-23,61,seong-eo,다음 (  ) 안의 글자를 漢字로 적어 四字成語를 完成하시오.,藥房甘(초) ; 무슨 일이나 빠짐없이 끼임,藥房甘(초),,草,草
4급,84,2019-02-23,62,seong-eo,다음 (  ) 안의 글자를 漢字로 적어 四字成語를 完成하시오.,白(면)書生 ; 글만 읽으며 세상일에는 전혀 경험이 없는 사람.,白(면)書生,,面,面
4급,84,2019-02-23,63,seong-eo,다음 (  ) 안의 글자를 漢字로 적어 四字成語를 完成하시오.,走(마)看山 ; 말을 타고 달리며 산천을 구경함. 대충 보고 지나감.,走(마)看山,,馬,馬
4급,84,2019-02-23,64,seong-eo,다음 (  ) 안의 글자를 漢字로 적어 四字成語를 完成하시오.,衆(구)難防 ; 여러 사람이 두서없이 마구 지껄임.,衆(구)難防,,口,口
4급,84,2019-02-23,65,seong-eo,다음 (  ) 안의 글자를 漢字로 적어 四字成語를 完成하시오.,自(화)自讚 ; 자기가 한 일을 스스로 자랑함.,自(화)自讚,,畫,畫
4급,84,2019-02-23,66,bushu,다음 漢字의 部首를 쓰시오.,歸,歸,,止,止
4급,84,2019-02-23,67,bushu,다음 漢字의 部首를 쓰시오.,鳴,鳴,,鳥,鳥
4급,84,2019-02-23,68,bushu,다음 漢字의 部首를 쓰시오.,郵,郵,,邑,邑
4급,84,2019-02-23,69,yui,다음 밑줄 친 漢字와 뜻이 같거나 비슷한 漢字를 (  ) 속에 적어 문장을 完成하시오.,그녀는 뛰어난 歌(  )력으로 심사위원들을 감동시켰다.,歌,,唱,唱
4급,84,2019-02-23,70,yui,다음 밑줄 친 漢字와 뜻이 같거나 비슷한 漢字를 (  ) 속에 적어 문장을 完成하시오.,수익금을 均(  )하게 배분했다.,均,,等,等
4급,84,2019-02-23,71,yui,다음 밑줄 친 漢字와 뜻이 같거나 비슷한 漢字를 (  ) 속에 적어 문장을 完成하시오.,그는 대학 진학보다는 피아노 연주자의 길을 (  )擇했다.,擇,,選,選
4급,84,2019-02-23,72,dongeum,"다음 漢字語의 同音異義語를 漢字(正字)로 쓰되, 제시된 뜻에 맞추시오.",檀紀 - (    ) ; 단체의 상징이 되는 깃발.,檀紀,,團旗,團旗
4급,84,2019-02-23,73,dongeum,"다음 漢字語의 同音異義語를 漢字(正字)로 쓰되, 제시된 뜻에 맞추시오.",武勇 - (    ) ; 쓸모가 없음.,武勇,,無用,無用
4급,84,2019-02-23,74,dongeum,"다음 漢字語의 同音異義語를 漢字(正字)로 쓰되, 제시된 뜻에 맞추시오.",夜深 - (    ) ; 무언가를 이루고자 마음 속에 품은 생각.,夜深,,野心,野心
4급,84,2019-02-23,75,uut_select,다음 漢字語에 해당하는 뜻을 <보기>에서 골라 번호를 쓰시오.,豫測,豫測,"[""① 빠르기를 겨루는 일."", ""② 마음이나 힘을 한 곳에 쏟음."", ""③ 눈치가 빠르고 똑똑함."", ""④ 미리 헤아려 짐작함."", ""⑤ 재산상의 이익."", ""⑥ 미리 돈을 치름.""]",④,④
4급,84,2019-02-23,76,uut_select,다음 漢字語에 해당하는 뜻을 <보기>에서 골라 번호를 쓰시오.,傾注,傾注,"[""① 빠르기를 겨루는 일."", ""② 마음이나 힘을 한 곳에 쏟음."", ""③ 눈치가 빠르고 똑똑함."", ""④ 미리 헤아려 짐작함."", ""⑤ 재산상의 이익."", ""⑥ 미리 돈을 치름.""]",②,②
4급,84,2019-02-23,77,uut_select,다음 漢字語에 해당하는 뜻을 <보기>에서 골라 번호를 쓰시오.,營利,營利,"[""① 빠르기를 겨루는 일."", ""② 마음이나 힘을 한 곳에 쏟음."", ""③ 눈치가 빠르고 똑똑함."", ""④ 미리 헤아려 짐작함."", ""⑤ 재산상의 이익."", ""⑥ 미리 돈을 치름.""]",⑤,⑤
4급,84,2019-02-23,78,yakja,다음 漢字의 略字를 쓰시오.,擧,擧,,挙,挙
4급,84,2019-02-23,79,yakja,다음 漢字의 略字를 쓰시오.,醫,醫,,医,医
4급,84,2019-02-23,80,yakja,다음 漢字의 略字를 쓰시오.,鐵,鐵,,鉄,鉄
4급,84,2019-02-23,81,hanjaeo_write,다음 각 문장의 밑줄 친 單語를 漢字(正字)로 쓰시오.,국민들이 정치에 참여할 수 있는 방법은 다양하다.,방법,,方法,方法
4급,84,2019-02-23,82,hanjaeo_write,다음 각 문장의 밑줄 친 單語를 漢字(正字)로 쓰시오.,관광 산업은 지역 경제에 중요한 역할을 맡고 있다.,중요,,重要,重要
4급,84,2019-02-23,83,hanjaeo_write,다음 각 문장의 밑줄 친 單語를 漢字(正字)로 쓰시오.,3개의 선분으로 둘러싸인 도형을 삼각형이라고 합니다.,삼각형,,三角形,三角形
4급,84,2019-02-23,84,hanjaeo_write,다음 각 문장의 밑줄 친 單語를 漢字(正字)로 쓰시오.,홍길동이 도술을 부렸다.,도술,,道術,道術
4급,84,2019-02-23,85,hanjaeo_write,다음 각 문장의 밑줄 친 單語를 漢字(正字)로 쓰시오.,"시, 동화, 소설, 희곡 등 문학 작품은 다양합니다.",동화,,童話,童話
4급,84,2019-02-23,86,hanjaeo_write,다음 각 문장의 밑줄 친 單語를 漢字(正字)로 쓰시오.,일상생활에서 책임을 다하는 일은 매우 중요합니다.,책임,,責任,責任
4급,84,2019-02-23,87,hanjaeo_write,다음 각 문장의 밑줄 친 單語를 漢字(正字)로 쓰시오.,조사하려는 정보의 범위를 구체적으로 정합니다.,조사,,調査,調査
4급,84,2019-02-23,88,hanjaeo_write,다음 각 문장의 밑줄 친 單語를 漢字(正字)로 쓰시오.,전통 음식은 건강에 이롭습니다.,음식,,飮食,飮食
4급,84,2019-02-23,89,hanjaeo_write,다음 각 문장의 밑줄 친 單語를 漢字(正字)로 쓰시오.,시는 함축적으로 표현되어 많은 뜻이 담겨 있어요.,표현,,表現,表現
4급,84,2019-02-23,90,hanjaeo_write,다음 각 문장의 밑줄 친 單語를 漢字(正字)로 쓰시오.,문제 제기는 탐구해야 할 문제를 발견하는 과정이다.,발견,,發見,發見
4급,84,2019-02-23,91,hanjaeo_write,다음 각 문장의 밑줄 친 單語를 漢字(正字)로 쓰시오.,목판을 이용해 지도의 대량 생산이 가능해졌다.,지도,,地圖,地圖
4급,84,2019-02-23,92,hanjaeo_write,다음 각 문장의 밑줄 친 單語를 漢字(正字)로 쓰시오.,사랑하는 것은 사랑을 받느니보다 행복하나니라.,행복,,幸福,幸福
4급,84,2019-02-23,93,hanjaeo_write,다음 각 문장의 밑줄 친 單語를 漢字(正字)로 쓰시오.,물체의 빠르기는 속력으로 나타냅니다.,속력,,速力,速力
4급,84,2019-02-23,94,hanjaeo_write,다음 각 문장의 밑줄 친 單語를 漢字(正字)로 쓰시오.,마음에 나타나는 기분과 몸에 나타나는 반응을 가만히 느껴 보기.,기분,,氣分,氣分
4급,84,2019-02-23,95,hanjaeo_write,다음 각 문장의 밑줄 친 單語를 漢字(正字)로 쓰시오.,경제생활 모습도 운동 경기와 비슷하다.,경기,,競技,競技
4급,84,2019-02-23,96,hanjaeo_write,다음 각 문장의 밑줄 친 單語를 漢字(正字)로 쓰시오.,죄수에게는 어린 시절 한 친구가 있었습니다.,시절,,時節,時節
4급,84,2019-02-23,97,hanjaeo_write,다음 각 문장의 밑줄 친 單語를 漢字(正字)로 쓰시오.,"친구와의 우정, 평생 쓸 수 있는 재산.",친구,,親舊,親舊
4급,84,2019-02-23,98,hanjaeo_write,다음 각 문장의 밑줄 친 單語를 漢字(正字)로 쓰시오.,지시약은 용액의 성질에 따라 여러 가지 색깔로 변합니다.,성질,,性質,性質
4급,84,2019-02-23,99,hanjaeo_write,다음 각 문장의 밑줄 친 單語를 漢字(正字)로 쓰시오.,"모양과 크기가 같아서 포개었을 때, 완전히 겹쳐지는 두 도형을 서로 합동이라고 합니다.",합동,,合同,合同
4급,84,2019-02-23,100,hanjaeo_write,다음 각 문장의 밑줄 친 單語를 漢字(正字)로 쓰시오.,세계 곳곳에서는 독특한 축제도 열린다.,독특,,獨特,獨特
4급,83,2018-11-24,1,dokum,다음 밑줄 친 漢字語의 讀音을 쓰시오.,公式적인 狀況에서 인사말을 가장 잘 한 친구를 뽑고 稱讚하여 줍시다.,公式,,공식,공식
4급,83,2018-11-24,2,dokum,다음 밑줄 친 漢字語의 讀音을 쓰시오.,公式적인 狀況에서 인사말을 가장 잘 한 친구를 뽑고 稱讚하여 줍시다.,狀況,,상황,상황
4급,83,2018-11-24,3,dokum,다음 밑줄 친 漢字語의 讀音을 쓰시오.,公式적인 狀況에서 인사말을 가장 잘 한 친구를 뽑고 稱讚하여 줍시다.,稱讚,,칭찬,칭찬
4급,83,2018-11-24,4,dokum,다음 밑줄 친 漢字語의 讀音을 쓰시오.,내가 알고 있는 有益한 情報와 適切한 資料가 있으면 친구들과 이야기하여 봅시다.,有益,,유익,유익
4급,83,2018-11-24,5,dokum,다음 밑줄 친 漢字語의 讀音을 쓰시오.,내가 알고 있는 有益한 情報와 適切한 資料가 있으면 친구들과 이야기하여 봅시다.,情報,,정보,정보
4급,83,2018-11-24,6,dokum,다음 밑줄 친 漢字語의 讀音을 쓰시오.,내가 알고 있는 有益한 情報와 適切한 資料가 있으면 친구들과 이야기하여 봅시다.,適切,,적절,적절
4급,83,2018-11-24,7,dokum,다음 밑줄 친 漢字語의 讀音을 쓰시오.,내가 알고 있는 有益한 情報와 適切한 資料가 있으면 친구들과 이야기하여 봅시다.,資料,,자료,자료
4급,83,2018-11-24,8,dokum,다음 밑줄 친 漢字語의 讀音을 쓰시오.,유전 工學의 發達에 대한 찬성과 反對 중 내 立場을 選擇하고 그 이유를 설명해 보자.,工學,,공학,공학
4급,83,2018-11-24,9,dokum,다음 밑줄 친 漢字語의 讀音을 쓰시오.,유전 工學의 發達에 대한 찬성과 反對 중 내 立場을 選擇하고 그 이유를 설명해 보자.,發達,,발달,발달
4급,83,2018-11-24,10,dokum,다음 밑줄 친 漢字語의 讀音을 쓰시오.,유전 工學의 發達에 대한 찬성과 反對 중 내 立場을 選擇하고 그 이유를 설명해 보자.,反對,,반대,반대
4급,83,2018-11-24,11,dokum,다음 밑줄 친 漢字語의 讀音을 쓰시오.,유전 工學의 發達에 대한 찬성과 反對 중 내 立場을 選擇하고 그 이유를 설명해 보자.,立場,,입장,입장
4급,83,2018-11-24,12,dokum,다음 밑줄 친 漢字語의 讀音을 쓰시오.,유전 工學의 發達에 대한 찬성과 反對 중 내 立場을 選擇하고 그 이유를 설명해 보자.,選擇,,선택,선택
4급,83,2018-11-24,13,dokum,다음 밑줄 친 漢字語의 讀音을 쓰시오.,"오른쪽 그림은 穀食에 섞여 있는 쭉정이, 먼지 등을 分離할 때 사용하던 풍구입니다.",穀食,,곡식,곡식
4급,83,2018-11-24,14,dokum,다음 밑줄 친 漢字語의 讀音을 쓰시오.,"오른쪽 그림은 穀食에 섞여 있는 쭉정이, 먼지 등을 分離할 때 사용하던 풍구입니다.",分離,,분리,분리
4급,83,2018-11-24,15,dokum,다음 밑줄 친 漢字語의 讀音을 쓰시오.,"집안을 淸掃하는 로봇, 자동차를 조립하는 로봇, 海底를 探査하는 로봇 등이 인간을 代身하고 있다.",淸掃,,청소,청소
4급,83,2018-11-24,16,dokum,다음 밑줄 친 漢字語의 讀音을 쓰시오.,"집안을 淸掃하는 로봇, 자동차를 조립하는 로봇, 海底를 探査하는 로봇 등이 인간을 代身하고 있다.",海底,,해저,해저
4급,83,2018-11-24,17,dokum,다음 밑줄 친 漢字語의 讀音을 쓰시오.,"집안을 淸掃하는 로봇, 자동차를 조립하는 로봇, 海底를 探査하는 로봇 등이 인간을 代身하고 있다.",探査,,탐사,탐사
4급,83,2018-11-24,18,dokum,다음 밑줄 친 漢字語의 讀音을 쓰시오.,"집안을 淸掃하는 로봇, 자동차를 조립하는 로봇, 海底를 探査하는 로봇 등이 인간을 代身하고 있다.",代身,,대신,대신
4급,83,2018-11-24,19,dokum,다음 밑줄 친 漢字語의 讀音을 쓰시오.,支配자의 권력과 部族의 힘을 나타내기 위하여 巨大한 고인돌을 만들었대.,支配,,지배,지배
4급,83,2018-11-24,20,dokum,다음 밑줄 친 漢字語의 讀音을 쓰시오.,支配자의 권력과 部族의 힘을 나타내기 위하여 巨大한 고인돌을 만들었대.,部族,,부족,부족
4급,83,2018-11-24,21,dokum,다음 밑줄 친 漢字語의 讀音을 쓰시오.,支配자의 권력과 部族의 힘을 나타내기 위하여 巨大한 고인돌을 만들었대.,巨大,,거대,거대
4급,83,2018-11-24,22,dokum,다음 밑줄 친 漢字語의 讀音을 쓰시오.,전봉준은 집강소를 設置하고 治安을 바로 잡고 改革을 推進하였다.,設置,,설치,설치
4급,83,2018-11-24,23,dokum,다음 밑줄 친 漢字語의 讀音을 쓰시오.,전봉준은 집강소를 設置하고 治安을 바로 잡고 改革을 推進하였다.,治安,,치안,치안
4급,83,2018-11-24,24,dokum,다음 밑줄 친 漢字語의 讀音을 쓰시오.,전봉준은 집강소를 設置하고 治安을 바로 잡고 改革을 推進하였다.,改革,,개혁,개혁
4급,83,2018-11-24,25,dokum,다음 밑줄 친 漢字語의 讀音을 쓰시오.,전봉준은 집강소를 設置하고 治安을 바로 잡고 改革을 推進하였다.,推進,,추진,추진
4급,83,2018-11-24,26,dokum,다음 밑줄 친 漢字語의 讀音을 쓰시오.,정부는 10월 5일을 在外 同胞를 위한 기념일인 ‘세계 한인의 날’로 공식 宣布하였다.,在外,,재외,재외
4급,83,2018-11-24,27,dokum,다음 밑줄 친 漢字語의 讀音을 쓰시오.,정부는 10월 5일을 在外 同胞를 위한 기념일인 ‘세계 한인의 날’로 공식 宣布하였다.,同胞,,동포,동포
4급,83,2018-11-24,28,dokum,다음 밑줄 친 漢字語의 讀音을 쓰시오.,정부는 10월 5일을 在外 同胞를 위한 기념일인 ‘세계 한인의 날’로 공식 宣布하였다.,宣布,,선포,선포
4급,83,2018-11-24,29,dokum,다음 밑줄 친 漢字語의 讀音을 쓰시오.,전문가들에 따르면 지구 溫暖화로 인한 최악의 環境 재앙 시나리오가 진행 중이라고 합니다.,溫暖,,온난,온난
4급,83,2018-11-24,30,dokum,다음 밑줄 친 漢字語의 讀音을 쓰시오.,전문가들에 따르면 지구 溫暖화로 인한 최악의 環境 재앙 시나리오가 진행 중이라고 합니다.,環境,,환경,환경
4급,83,2018-11-24,31,dokum,다음 밑줄 친 漢字語의 讀音을 쓰시오.,主張에 따른 根據가 이치에 맞습니까?,主張,,주장,주장
4급,83,2018-11-24,32,dokum,다음 밑줄 친 漢字語의 讀音을 쓰시오.,主張에 따른 根據가 이치에 맞습니까?,根據,,근거,근거
4급,83,2018-11-24,33,hunum,다음 漢字의 訓과 音을 쓰시오.,移,移,,옮길 이,옮길 이
4급,83,2018-11-24,34,hunum,다음 漢字의 訓과 音을 쓰시오.,冷,冷,,찰 랭,찰 랭
4급,83,2018-11-24,35,hunum,다음 漢字의 訓과 音을 쓰시오.,覺,覺,,깨달을 각,깨달을 각
4급,83,2018-11-24,36,hunum,다음 漢字의 訓과 音을 쓰시오.,伏,伏,,엎드릴 복,엎드릴 복
4급,83,2018-11-24,37,hunum,다음 漢字의 訓과 音을 쓰시오.,勉,勉,,힘쓸 면,힘쓸 면
4급,83,2018-11-24,38,hunum,다음 漢字의 訓과 音을 쓰시오.,派,派,,갈래 파,갈래 파
4급,83,2018-11-24,39,hunum,다음 漢字의 訓과 音을 쓰시오.,周,周,,두루 주,두루 주
4급,83,2018-11-24,40,hunum,다음 漢字의 訓과 音을 쓰시오.,飛,飛,,날 비,날 비
4급,83,2018-11-24,41,hunum,다음 漢字의 訓과 音을 쓰시오.,妹,妹,,누이 매,누이 매
4급,83,2018-11-24,42,hunum,다음 漢字의 訓과 音을 쓰시오.,鷄,鷄,,닭 계,닭 계
4급,83,2018-11-24,43,hunum,다음 漢字의 訓과 音을 쓰시오.,歸,歸,,돌아갈 귀,돌아갈 귀
4급,83,2018-11-24,44,hunum,다음 漢字의 訓과 音을 쓰시오.,群,群,,무리 군,무리 군
4급,83,2018-11-24,45,hunum,다음 漢字의 訓과 音을 쓰시오.,笑,笑,,웃음 소,웃음 소
4급,83,2018-11-24,46,hunum,다음 漢字의 訓과 音을 쓰시오.,次,次,,버금 차,버금 차
4급,83,2018-11-24,47,hunum,다음 漢字의 訓과 音을 쓰시오.,喜,喜,,기쁠 희,기쁠 희
4급,83,2018-11-24,48,hunum,다음 漢字의 訓과 音을 쓰시오.,脫,脫,,벗을 탈,벗을 탈
4급,83,2018-11-24,49,hunum,다음 漢字의 訓과 音을 쓰시오.,走,走,,달릴 주,달릴 주
4급,83,2018-11-24,50,hunum,다음 漢字의 訓과 音을 쓰시오.,打,打,,칠 타,칠 타
4급,83,2018-11-24,51,hunum,다음 漢字의 訓과 音을 쓰시오.,受,受,,받을 수,받을 수
4급,83,2018-11-24,52,hunum,다음 漢字의 訓과 音을 쓰시오.,覽,覽,,볼 람,볼 람
4급,83,2018-11-24,53,hunum,다음 漢字의 訓과 音을 쓰시오.,絲,絲,,실 사,실 사
4급,83,2018-11-24,54,hunum,다음 漢字의 訓과 音을 쓰시오.,骨,骨,,뼈 골,뼈 골
4급,83,2018-11-24,55,jangum,다음 單語 중 첫소리가 長音인 것을 가려 그 번호를 쓰시오.,,,"[""① 武器"", ""② 無期""]",①,①
4급,83,2018-11-24,56,jangum,다음 單語 중 첫소리가 長音인 것을 가려 그 번호를 쓰시오.,,,"[""① 專用"", ""② 轉用""]",②,②
4급,83,2018-11-24,57,jangum,다음 單語 중 첫소리가 長音인 것을 가려 그 번호를 쓰시오.,,,"[""① 是認"", ""② 詩人""]",①,①
4급,83,2018-11-24,58,banui,다음 밑줄 친 漢字와 뜻이 반대(또는 대립)되는 漢字를 (  ) 속에 적어 문장을 完成하시오.,주가가 登(  )을 거듭하다.,登,,落,落
4급,83,2018-11-24,59,banui,다음 밑줄 친 漢字와 뜻이 반대(또는 대립)되는 漢字를 (  ) 속에 적어 문장을 完成하시오.,(  )白을 가리다.,白,,黑,黑
4급,83,2018-11-24,60,banui,다음 밑줄 친 漢字와 뜻이 반대(또는 대립)되는 漢字를 (  ) 속에 적어 문장을 完成하시오.,陰(  )오행설.,陰,,陽,陽
4급,83,2018-11-24,61,seong-eo,다음 (  ) 안의 글자를 漢字로 적어 四字成語를 完成하시오.,送(구)迎新 : 묵은 해를 보내고 새해를 맞음.,送(구)迎新,,舊,舊
4급,83,2018-11-24,62,seong-eo,다음 (  ) 안의 글자를 漢字로 적어 四字成語를 完成하시오.,論功行(상) : 세운 공을 논하여 상을 줌.,論功行(상),,賞,賞
4급,83,2018-11-24,63,seong-eo,다음 (  ) 안의 글자를 漢字로 적어 四字成語를 完成하시오.,惡戰(고)鬪 : 몹시 어렵게 싸움.,惡戰(고)鬪,,苦,苦
4급,83,2018-11-24,64,seong-eo,다음 (  ) 안의 글자를 漢字로 적어 四字成語를 完成하시오.,今時(초)聞 : 지금 처음으로 들음.,今時(초)聞,,初,初
4급,83,2018-11-24,65,seong-eo,다음 (  ) 안의 글자를 漢字로 적어 四字成語를 完成하시오.,(풍)前燈火 : 바람 앞의 등불.,(풍)前燈火,,風,風
4급,83,2018-11-24,66,bushu,다음 漢字의 部首를 쓰시오.,豫,豫,,豕,豕
4급,83,2018-11-24,67,bushu,다음 漢字의 部首를 쓰시오.,帶,帶,,巾,巾
4급,83,2018-11-24,68,bushu,다음 漢字의 部首를 쓰시오.,紅,紅,,糸,糸
4급,83,2018-11-24,69,yui,다음 밑줄 친 漢字와 뜻이 같거나 비슷한 漢字를 (  ) 속에 적어 문장을 完成하시오.,우리 반 擔(   ) 선생님.,擔,,任,任
4급,83,2018-11-24,70,yui,다음 밑줄 친 漢字와 뜻이 같거나 비슷한 漢字를 (  ) 속에 적어 문장을 完成하시오.,明(   )한 성격.,明,,朗,朗
4급,83,2018-11-24,71,yui,다음 밑줄 친 漢字와 뜻이 같거나 비슷한 漢字를 (  ) 속에 적어 문장을 完成하시오.,바다와 (   )地.,地,,陸,陸
4급,83,2018-11-24,72,dongeum,"다음 漢字語의 同音異義語를 漢字(正字)로 쓰되, 제시된 뜻에 맞추시오.",科擧 - (     ) : 지나간 때.,科擧,,過去,過去
4급,83,2018-11-24,73,dongeum,"다음 漢字語의 同音異義語를 漢字(正字)로 쓰되, 제시된 뜻에 맞추시오.",電氣 - (     ) : 한 개인의 일생의 기록.,電氣,,傳記,傳記
4급,83,2018-11-24,74,dongeum,"다음 漢字語의 同音異義語를 漢字(正字)로 쓰되, 제시된 뜻에 맞추시오.",讀者 - (     ) : 외아들.,讀者,,獨子,獨子
4급,83,2018-11-24,75,uut_select,다음 漢字語의 바른 뜻을 <보기>에서 찾아 그 번호를 쓰시오.,擊退,擊退,"[""① 숨어서 삶."", ""② 자리에서 물러 남."", ""③ 적을 물리침."", ""④ 잠자리에 들어 잠."", ""⑤ 잠을 청함.""]",③,③
4급,83,2018-11-24,76,uut_select,다음 漢字語의 바른 뜻을 <보기>에서 찾아 그 번호를 쓰시오.,隱居,隱居,"[""① 숨어서 삶."", ""② 자리에서 물러 남."", ""③ 적을 물리침."", ""④ 잠자리에 들어 잠."", ""⑤ 잠을 청함.""]",①,①
4급,83,2018-11-24,77,uut_select,다음 漢字語의 바른 뜻을 <보기>에서 찾아 그 번호를 쓰시오.,就寢,就寢,"[""① 숨어서 삶."", ""② 자리에서 물러 남."", ""③ 적을 물리침."", ""④ 잠자리에 들어 잠."", ""⑤ 잠을 청함.""]",④,④
4급,83,2018-11-24,78,yakja,다음 漢字의 略字를 쓰시오.,賣,賣,,売,売
4급,83,2018-11-24,79,yakja,다음 漢字의 略字를 쓰시오.,輕,輕,,軽,軽
4급,83,2018-11-24,80,yakja,다음 漢字의 略字를 쓰시오.,勞,勞,,労,労
4급,83,2018-11-24,81,hanjaeo_write,다음 각 문장의 밑줄 친 單語를 漢字(正字)로 쓰시오.,광고는 상품이나 생각을 알리고 권장하는 것입니다.,광고,,廣告,廣告
4급,83,2018-11-24,82,hanjaeo_write,다음 각 문장의 밑줄 친 單語를 漢字(正字)로 쓰시오.,광고는 상품이나 생각을 알리고 권장하는 것입니다.,상품,,商品,商品
4급,83,2018-11-24,83,hanjaeo_write,다음 각 문장의 밑줄 친 單語를 漢字(正字)로 쓰시오.,"민주주의는 인간 존엄성, 자유, 평등의 정신을 기반으로 하며, 민주 국가에서는 국민의 의견이 가장 중요하다.",자유,,自由,自由
4급,83,2018-11-24,84,hanjaeo_write,다음 각 문장의 밑줄 친 單語를 漢字(正字)로 쓰시오.,"민주주의는 인간 존엄성, 자유, 평등의 정신을 기반으로 하며, 민주 국가에서는 국민의 의견이 가장 중요하다.",평등,,平等,平等
4급,83,2018-11-24,85,hanjaeo_write,다음 각 문장의 밑줄 친 單語를 漢字(正字)로 쓰시오.,"민주주의는 인간 존엄성, 자유, 평등의 정신을 기반으로 하며, 민주 국가에서는 국민의 의견이 가장 중요하다.",의견,,意見,意見
4급,83,2018-11-24,86,hanjaeo_write,다음 각 문장의 밑줄 친 單語를 漢字(正字)로 쓰시오.,"민주주의는 인간 존엄성, 자유, 평등의 정신을 기반으로 하며, 민주 국가에서는 국민의 의견이 가장 중요하다.",중요,,重要,重要
4급,83,2018-11-24,87,hanjaeo_write,다음 각 문장의 밑줄 친 單語를 漢字(正字)로 쓰시오.,오르비스는 세계 여러 나라의 의료인들로 구성된 비영리 단체입니다.,단체,,團體,團體
4급,83,2018-11-24,88,hanjaeo_write,다음 각 문장의 밑줄 친 單語를 漢字(正字)로 쓰시오.,새로 생긴 씨는 가능하면 원래의 식물로부터 멀리 떨어지려고 합니다.,원래,,原來,原來
4급,83,2018-11-24,89,hanjaeo_write,다음 각 문장의 밑줄 친 單語를 漢字(正字)로 쓰시오.,새로 생긴 씨는 가능하면 원래의 식물로부터 멀리 떨어지려고 합니다.,식물,,植物,植物
4급,83,2018-11-24,90,hanjaeo_write,다음 각 문장의 밑줄 친 單語를 漢字(正字)로 쓰시오.,다양한 생산 활동은 직업과 밀접한 관련이 있습니다.,생산,,生産,生産
4급,83,2018-11-24,91,hanjaeo_write,다음 각 문장의 밑줄 친 單語를 漢字(正字)로 쓰시오.,다양한 생산 활동은 직업과 밀접한 관련이 있습니다.,활동,,活動,活動
4급,83,2018-11-24,92,hanjaeo_write,다음 각 문장의 밑줄 친 單語를 漢字(正字)로 쓰시오.,편견을 버리면 조화로운 세상이 보입니다.,조화,,調和,調和
4급,83,2018-11-24,93,hanjaeo_write,다음 각 문장의 밑줄 친 單語를 漢字(正字)로 쓰시오.,헌법은 국민들이 행복하게 사는 것을 권리로 보장하고 있다.,행복,,幸福,幸福
4급,83,2018-11-24,94,hanjaeo_write,다음 각 문장의 밑줄 친 單語를 漢字(正字)로 쓰시오.,우편 번호를 정확히 써야 해요.,번호,,番號,番號
4급,83,2018-11-24,95,hanjaeo_write,다음 각 문장의 밑줄 친 單語를 漢字(正字)로 쓰시오.,세영이네 반은 미술 시간에 데칼코마니를 했습니다.,미술,,美術,美術
4급,83,2018-11-24,96,hanjaeo_write,다음 각 문장의 밑줄 친 單語를 漢字(正字)로 쓰시오.,거실 공간을 넓히기 위해 가구 배치를 바꾸어 보았다.,공간,,空間,空間
4급,83,2018-11-24,97,hanjaeo_write,다음 각 문장의 밑줄 친 單語를 漢字(正字)로 쓰시오.,이순신 장군은 구국의 영웅이시다.,영웅,,英雄,英雄
4급,83,2018-11-24,98,hanjaeo_write,다음 각 문장의 밑줄 친 單語를 漢字(正字)로 쓰시오.,전쟁이 끝나자 마자 정부는 파괴된 도시의 재건 사업을 활기차게 전개하였다.,도시,,都市,都市
4급,83,2018-11-24,99,hanjaeo_write,다음 각 문장의 밑줄 친 單語를 漢字(正字)로 쓰시오.,전쟁이 끝나자 마자 정부는 파괴된 도시의 재건 사업을 활기차게 전개하였다.,재건,,再建,再建
4급,83,2018-11-24,100,hanjaeo_write,다음 각 문장의 밑줄 친 單語를 漢字(正字)로 쓰시오.,전쟁이 끝나자 마자 정부는 파괴된 도시의 재건 사업을 활기차게 전개하였다.,전개,,展開,展開
4급,82,2018-08-25,1,dokum,다음 밑줄 친 漢字語의 讀音을 쓰시오.,分斷으로 인한 아픔과 어려움을 생각하며 關係있는 것끼리 바르게 連結해 봅시다.,分斷,,분단,분단
4급,82,2018-08-25,2,dokum,다음 밑줄 친 漢字語의 讀音을 쓰시오.,分斷으로 인한 아픔과 어려움을 생각하며 關係있는 것끼리 바르게 連結해 봅시다.,關係,,관계,관계
4급,82,2018-08-25,3,dokum,다음 밑줄 친 漢字語의 讀音을 쓰시오.,分斷으로 인한 아픔과 어려움을 생각하며 關係있는 것끼리 바르게 連結해 봅시다.,連結,,연결,연결
4급,82,2018-08-25,4,dokum,다음 밑줄 친 漢字語의 讀音을 쓰시오.,다른 사람이 읽기 쉽게 展示할 作品을 다른 종이에 옮겨 쓰거나 그림 등으로 보기 좋게 꾸밉니다.,展示,,전시,전시
4급,82,2018-08-25,5,dokum,다음 밑줄 친 漢字語의 讀音을 쓰시오.,다른 사람이 읽기 쉽게 展示할 作品을 다른 종이에 옮겨 쓰거나 그림 등으로 보기 좋게 꾸밉니다.,作品,,작품,작품
4급,82,2018-08-25,6,dokum,다음 밑줄 친 漢字語의 讀音을 쓰시오.,朝鮮 시대를 背景으로 모둠원들과 역할해 보고 모둠별로 역할극을 잘 하였는지 評價해 봅시다.,朝鮮,,조선,조선
4급,82,2018-08-25,7,dokum,다음 밑줄 친 漢字語의 讀音을 쓰시오.,朝鮮 시대를 背景으로 모둠원들과 역할해 보고 모둠별로 역할극을 잘 하였는지 評價해 봅시다.,背景,,배경,배경
4급,82,2018-08-25,8,dokum,다음 밑줄 친 漢字語의 讀音을 쓰시오.,朝鮮 시대를 背景으로 모둠원들과 역할해 보고 모둠별로 역할극을 잘 하였는지 評價해 봅시다.,評價,,평가,평가
4급,82,2018-08-25,9,dokum,다음 밑줄 친 漢字語의 讀音을 쓰시오.,자신이 豫想한 물의 移動 통로와 實際 移動 통로 간에는 어떤 차이점이 있는지 비교하여 봅시다.,豫想,,예상,예상
4급,82,2018-08-25,10,dokum,다음 밑줄 친 漢字語의 讀音을 쓰시오.,자신이 豫想한 물의 移動 통로와 實際 移動 통로 간에는 어떤 차이점이 있는지 비교하여 봅시다.,移動,,이동,이동
4급,82,2018-08-25,11,dokum,다음 밑줄 친 漢字語의 讀音을 쓰시오.,자신이 豫想한 물의 移動 통로와 實際 移動 통로 간에는 어떤 차이점이 있는지 비교하여 봅시다.,實際,,실제,실제
4급,82,2018-08-25,12,dokum,다음 밑줄 친 漢字語의 讀音을 쓰시오.,여러 종류의 資料에서 얻은 情報를 整理하며 글을 읽어 봅시다.,資料,,자료,자료
4급,82,2018-08-25,13,dokum,다음 밑줄 친 漢字語의 讀音을 쓰시오.,여러 종류의 資料에서 얻은 情報를 整理하며 글을 읽어 봅시다.,情報,,정보,정보
4급,82,2018-08-25,14,dokum,다음 밑줄 친 漢字語의 讀音을 쓰시오.,여러 종류의 資料에서 얻은 情報를 整理하며 글을 읽어 봅시다.,整理,,정리,정리
4급,82,2018-08-25,15,dokum,다음 밑줄 친 漢字語의 讀音을 쓰시오.,교통 施設과 통신 手段은 地域들 간의 교류를 촉진해 줍니다.,施設,,시설,시설
4급,82,2018-08-25,16,dokum,다음 밑줄 친 漢字語의 讀音을 쓰시오.,교통 施設과 통신 手段은 地域들 간의 교류를 촉진해 줍니다.,手段,,수단,수단
4급,82,2018-08-25,17,dokum,다음 밑줄 친 漢字語의 讀音을 쓰시오.,교통 施設과 통신 手段은 地域들 간의 교류를 촉진해 줍니다.,地域,,지역,지역
4급,82,2018-08-25,18,dokum,다음 밑줄 친 漢字語의 讀音을 쓰시오.,생물이 살아가는 데 필요한 環境 條件에는 무엇이 있을까요?,環境,,환경,환경
4급,82,2018-08-25,19,dokum,다음 밑줄 친 漢字語의 讀音을 쓰시오.,생물이 살아가는 데 필요한 環境 條件에는 무엇이 있을까요?,條件,,조건,조건
4급,82,2018-08-25,20,dokum,다음 밑줄 친 漢字語의 讀音을 쓰시오.,스피커의 내부 構造 그림에서 전자석은 철심이 없는 원통 模樣으로 되어 있습니다.,構造,,구조,구조
4급,82,2018-08-25,21,dokum,다음 밑줄 친 漢字語의 讀音을 쓰시오.,스피커의 내부 構造 그림에서 전자석은 철심이 없는 원통 模樣으로 되어 있습니다.,模樣,,모양,모양
4급,82,2018-08-25,22,dokum,다음 밑줄 친 漢字語의 讀音을 쓰시오.,인터넷을 통한 개인 정보 유출은 犯罪와 같은 深刻한 사회 문제를 발생시킬 수 있으므로 개인 정보가 유출되지 않도록 각별히 주의해야 한다.,犯罪,,범죄,범죄
4급,82,2018-08-25,23,dokum,다음 밑줄 친 漢字語의 讀音을 쓰시오.,인터넷을 통한 개인 정보 유출은 犯罪와 같은 深刻한 사회 문제를 발생시킬 수 있으므로 개인 정보가 유출되지 않도록 각별히 주의해야 한다.,深刻,,심각,심각
4급,82,2018-08-25,24,dokum,다음 밑줄 친 漢字語의 讀音을 쓰시오.,遺傳 공학의 발달에 대한 찬성과 반대 중 내 입장을 選擇하고 그 이유를 설명해 보자.,遺傳,,유전,유전
4급,82,2018-08-25,25,dokum,다음 밑줄 친 漢字語의 讀音을 쓰시오.,遺傳 공학의 발달에 대한 찬성과 반대 중 내 입장을 選擇하고 그 이유를 설명해 보자.,選擇,,선택,선택
4급,82,2018-08-25,26,dokum,다음 밑줄 친 漢字語의 讀音을 쓰시오.,사람들은 周邊의 자연환경에 適應하기도 하고 또 자연환경을 적절히 이용하기도 하면서 村落을 발전시켜 나갑니다.,周邊,,주변,주변
4급,82,2018-08-25,27,dokum,다음 밑줄 친 漢字語의 讀音을 쓰시오.,사람들은 周邊의 자연환경에 適應하기도 하고 또 자연환경을 적절히 이용하기도 하면서 村落을 발전시켜 나갑니다.,適應,,적응,적응
4급,82,2018-08-25,28,dokum,다음 밑줄 친 漢字語의 讀音을 쓰시오.,사람들은 周邊의 자연환경에 適應하기도 하고 또 자연환경을 적절히 이용하기도 하면서 村落을 발전시켜 나갑니다.,村落,,촌락,촌락
4급,82,2018-08-25,29,dokum,다음 밑줄 친 漢字語의 讀音을 쓰시오.,"4∙19 革命, 5∙18 민주화 운동, 6월 민주 抗爭을 거치면서 우리나라의 민주주의가 발전하였다.",革命,,혁명,혁명
4급,82,2018-08-25,30,dokum,다음 밑줄 친 漢字語의 讀音을 쓰시오.,"4∙19 革命, 5∙18 민주화 운동, 6월 민주 抗爭을 거치면서 우리나라의 민주주의가 발전하였다.",抗爭,,항쟁,항쟁
4급,82,2018-08-25,31,dokum,다음 밑줄 친 漢字語의 讀音을 쓰시오.,"氣候에 관한 統計 자료를 이용하면 우리 지역의 기온이나 강수량, 바람 등 기후의 특징도 알 수 있습니다.",氣候,,기후,기후
4급,82,2018-08-25,32,dokum,다음 밑줄 친 漢字語의 讀音을 쓰시오.,"氣候에 관한 統計 자료를 이용하면 우리 지역의 기온이나 강수량, 바람 등 기후의 특징도 알 수 있습니다.",統計,,통계,통계
4급,82,2018-08-25,33,hunum,다음 漢字의 訓과 音을 쓰시오.,眼,眼,,눈 안,눈 안
4급,82,2018-08-25,34,hunum,다음 漢字의 訓과 音을 쓰시오.,災,災,,재앙 재,재앙 재
4급,82,2018-08-25,35,hunum,다음 漢字의 訓과 音을 쓰시오.,創,創,,비롯할 창,비롯할 창
4급,82,2018-08-25,36,hunum,다음 漢字의 訓과 音을 쓰시오.,憲,憲,,법 헌,법 헌
4급,82,2018-08-25,37,hunum,다음 漢字의 訓과 音을 쓰시오.,波,波,,물결 파,물결 파
4급,82,2018-08-25,38,hunum,다음 漢字의 訓과 音을 쓰시오.,探,探,,찾을 탐,찾을 탐
4급,82,2018-08-25,39,hunum,다음 漢字의 訓과 音을 쓰시오.,覺,覺,,깨달을 각,깨달을 각
4급,82,2018-08-25,40,hunum,다음 漢字의 訓과 音을 쓰시오.,念,念,,생각 념,생각 념
4급,82,2018-08-25,41,hunum,다음 漢字의 訓과 音을 쓰시오.,島,島,,섬 도,섬 도
4급,82,2018-08-25,42,hunum,다음 漢字의 訓과 音을 쓰시오.,辯,辯,,말씀 변,말씀 변
4급,82,2018-08-25,43,hunum,다음 漢字의 訓과 音을 쓰시오.,鳴,鳴,,울 명,울 명
4급,82,2018-08-25,44,hunum,다음 漢字의 訓과 音을 쓰시오.,烈,烈,,매울 렬,매울 렬
4급,82,2018-08-25,45,hunum,다음 漢字의 訓과 音을 쓰시오.,寫,寫,,베낄 사,베낄 사
4급,82,2018-08-25,46,hunum,다음 漢字의 訓과 音을 쓰시오.,漁,漁,,고기잡을 어,고기잡을 어
4급,82,2018-08-25,47,hunum,다음 漢字의 訓과 音을 쓰시오.,組,組,,짤 조,짤 조
4급,82,2018-08-25,48,hunum,다음 漢字의 訓과 音을 쓰시오.,胞,胞,,세포 포,세포 포
4급,82,2018-08-25,49,hunum,다음 漢字의 訓과 音을 쓰시오.,痛,痛,,아플 통,아플 통
4급,82,2018-08-25,50,hunum,다음 漢字의 訓과 音을 쓰시오.,推,推,,밀 추,밀 추
4급,82,2018-08-25,51,hunum,다음 漢字의 訓과 音을 쓰시오.,核,核,,씨 핵,씨 핵
4급,82,2018-08-25,52,hunum,다음 漢字의 訓과 音을 쓰시오.,吸,吸,,마실 흡,마실 흡
4급,82,2018-08-25,53,hunum,다음 漢字의 訓과 音을 쓰시오.,儒,儒,,선비 유,선비 유
4급,82,2018-08-25,54,hunum,다음 漢字의 訓과 音을 쓰시오.,細,細,,가늘 세,가늘 세
4급,82,2018-08-25,55,jangum,다음 單語 중 첫소리가 長音인 것을 가려 그 번호를 쓰시오.,,,"[""① 安全"", ""② 案前""]",②,②
4급,82,2018-08-25,56,jangum,다음 單語 중 첫소리가 長音인 것을 가려 그 번호를 쓰시오.,,,"[""① 會戰"", ""② 回轉""]",①,①
4급,82,2018-08-25,57,jangum,다음 單語 중 첫소리가 長音인 것을 가려 그 번호를 쓰시오.,,,"[""① 意志"", ""② 依支""]",①,①
4급,82,2018-08-25,58,banui,다음 밑줄 친 漢字와 뜻이 반대(또는 대립)되는 漢字를 (  ) 속에 적어 문장을 完成하시오.,自(  )가 공인하는 실력.,自,,他,他
4급,82,2018-08-25,59,banui,다음 밑줄 친 漢字와 뜻이 반대(또는 대립)되는 漢字를 (  ) 속에 적어 문장을 完成하시오.,(  )罰이 공정한 사회.,罰,,賞,賞
4급,82,2018-08-25,60,banui,다음 밑줄 친 漢字와 뜻이 반대(또는 대립)되는 漢字를 (  ) 속에 적어 문장을 完成하시오.,조국의 興(  )이 우리 손에 달렸다.,興,,亡,亡
4급,82,2018-08-25,61,seong-eo,다음 (  ) 안에 알맞은 漢字를 적어 四字成語를 完成하시오.,右往(  )往 ; 이랬다저랬다 갈팡거림.,右往(  )往,,左,左
4급,82,2018-08-25,62,seong-eo,다음 (  ) 안에 알맞은 漢字를 적어 四字成語를 完成하시오.,同苦同(  ) ; 같이 고생하고 같이 즐김.,同苦同(  ),,樂,樂
4급,82,2018-08-25,63,seong-eo,다음 (  ) 안에 알맞은 漢字를 적어 四字成語를 完成하시오.,百(  )無益 ; 해만 될 뿐 이로울 것이 전혀 없음.,百(  )無益,,害,害
4급,82,2018-08-25,64,seong-eo,다음 (  ) 안에 알맞은 漢字를 적어 四字成語를 完成하시오.,難(  )難弟 ; 두 사물의 낫고 못함을 분간하기 어려움.,難(  )難弟,,兄,兄
4급,82,2018-08-25,65,seong-eo,다음 (  ) 안에 알맞은 漢字를 적어 四字成語를 完成하시오.,必有(  )折 ; 반드시 무슨 까닭이 있음.,必有(  )折,,曲,曲
4급,82,2018-08-25,66,bushu,다음 漢字의 部首를 쓰시오.,基,基,,土,土
4급,82,2018-08-25,67,bushu,다음 漢字의 部首를 쓰시오.,室,室,,宀,宀
4급,82,2018-08-25,68,bushu,다음 漢字의 部首를 쓰시오.,省,省,,目,目
4급,82,2018-08-25,69,yui,다음 밑줄 친 漢字와 뜻이 같거나 비슷한 漢字를 (  ) 속에 적어 문장을 完成하시오.,談(  )에 능숙한 것은 현대인의 매우 중요한 재능이다.,談,,話,話
4급,82,2018-08-25,70,yui,다음 밑줄 친 漢字와 뜻이 같거나 비슷한 漢字를 (  ) 속에 적어 문장을 完成하시오.,居(  ) 이전의 자유.,居,,住,住
4급,82,2018-08-25,71,yui,다음 밑줄 친 漢字와 뜻이 같거나 비슷한 漢字를 (  ) 속에 적어 문장을 完成하시오.,전쟁과 平(  ).,平,,和,和
4급,82,2018-08-25,72,dongeum,"다음 漢字語의 同音異義語를 漢字(正字)로 쓰되, 제시된 뜻에 맞추시오.",經路 - (    ) ; 노인을 공경함.,經路,,敬老,敬老
4급,82,2018-08-25,73,dongeum,"다음 漢字語의 同音異義語를 漢字(正字)로 쓰되, 제시된 뜻에 맞추시오.",明絲 - (    ) ; 이름 난 선비.,明絲,,名士,名士
4급,82,2018-08-25,74,dongeum,"다음 漢字語의 同音異義語를 漢字(正字)로 쓰되, 제시된 뜻에 맞추시오.",定員 - (    ) ; 집안의 뜰.,定員,,庭園,庭園
4급,82,2018-08-25,75,uut_select,다음 漢字語의 바른 뜻을 <보기>에서 찾아 그 번호를 쓰시오.,接客,接客,"[""① 거짓으로 꾸밈."", ""② 마지막."", ""③ 손님을 접대함."", ""④ 맨 처음."", ""⑤ 헛수고.""]",③,③
4급,82,2018-08-25,76,uut_select,다음 漢字語의 바른 뜻을 <보기>에서 찾아 그 번호를 쓰시오.,徒勞,徒勞,"[""① 거짓으로 꾸밈."", ""② 마지막."", ""③ 손님을 접대함."", ""④ 맨 처음."", ""⑤ 헛수고.""]",⑤,⑤
4급,82,2018-08-25,77,uut_select,다음 漢字語의 바른 뜻을 <보기>에서 찾아 그 번호를 쓰시오.,始初,始初,"[""① 거짓으로 꾸밈."", ""② 마지막."", ""③ 손님을 접대함."", ""④ 맨 처음."", ""⑤ 헛수고.""]",④,④
4급,82,2018-08-25,78,yakja,다음 漢字의 略字를 쓰시오.,兒,兒,,児,児
4급,82,2018-08-25,79,yakja,다음 漢字의 略字를 쓰시오.,鐵,鐵,,鉄,鉄
4급,82,2018-08-25,80,yakja,다음 漢字의 略字를 쓰시오.,發,發,,発,発
4급,82,2018-08-25,81,hanjaeo_write,다음 각 문장의 밑줄 친 單語를 漢字(正字)로 쓰시오.,이 여행은 친구와 함께 떠나는 여행입니다.,여행,,旅行,旅行
4급,82,2018-08-25,82,hanjaeo_write,다음 각 문장의 밑줄 친 單語를 漢字(正字)로 쓰시오.,이 여행은 친구와 함께 떠나는 여행입니다.,친구,,親舊,親舊
4급,82,2018-08-25,83,hanjaeo_write,다음 각 문장의 밑줄 친 單語를 漢字(正字)로 쓰시오.,이 병원은 병을 잘 고치기로 소문이 났다.,병원,,病院,病院
4급,82,2018-08-25,84,hanjaeo_write,다음 각 문장의 밑줄 친 單語를 漢字(正字)로 쓰시오.,이 병원은 병을 잘 고치기로 소문이 났다.,소문,,所聞,所聞
4급,82,2018-08-25,85,hanjaeo_write,다음 각 문장의 밑줄 친 單語를 漢字(正字)로 쓰시오.,분류는 여러 가지 대상을 나누어 설명하는 방법입니다.,방법,,方法,方法
4급,82,2018-08-25,86,hanjaeo_write,다음 각 문장의 밑줄 친 單語를 漢字(正字)로 쓰시오.,햇빛은 모든 생물에게 없어서는 안 되는 중요한 요소입니다.,생물,,生物,生物
4급,82,2018-08-25,87,hanjaeo_write,다음 각 문장의 밑줄 친 單語를 漢字(正字)로 쓰시오.,햇빛은 모든 생물에게 없어서는 안 되는 중요한 요소입니다.,중요,,重要,重要
4급,82,2018-08-25,88,hanjaeo_write,다음 각 문장의 밑줄 친 單語를 漢字(正字)로 쓰시오.,"사이버 공간에서도 인간 존중, 예절, 책임, 준법, 절제, 배려가 필요합니다.",공간,,空間,空間
4급,82,2018-08-25,89,hanjaeo_write,다음 각 문장의 밑줄 친 單語를 漢字(正字)로 쓰시오.,"사이버 공간에서도 인간 존중, 예절, 책임, 준법, 절제, 배려가 필요합니다.",예절,,禮節,禮節
4급,82,2018-08-25,90,hanjaeo_write,다음 각 문장의 밑줄 친 單語를 漢字(正字)로 쓰시오.,"사이버 공간에서도 인간 존중, 예절, 책임, 준법, 절제, 배려가 필요합니다.",책임,,責任,責任
4급,82,2018-08-25,91,hanjaeo_write,다음 각 문장의 밑줄 친 單語를 漢字(正字)로 쓰시오.,우리 지역의 교통 상황을 조사하기 위해서는 교통도가 필요합니다.,교통,,交通,交通
4급,82,2018-08-25,92,hanjaeo_write,다음 각 문장의 밑줄 친 單語를 漢字(正字)로 쓰시오.,우리 지역의 교통 상황을 조사하기 위해서는 교통도가 필요합니다.,조사,,調査,調査
4급,82,2018-08-25,93,hanjaeo_write,다음 각 문장의 밑줄 친 單語를 漢字(正字)로 쓰시오.,석유나 석탄과 같은 화석 연료의 사용은 대기 오염을 일으킨다.,석탄,,石炭,石炭
4급,82,2018-08-25,94,hanjaeo_write,다음 각 문장의 밑줄 친 單語를 漢字(正字)로 쓰시오.,석유나 석탄과 같은 화석 연료의 사용은 대기 오염을 일으킨다.,사용,,使用,使用
4급,82,2018-08-25,95,hanjaeo_write,다음 각 문장의 밑줄 친 單語를 漢字(正字)로 쓰시오.,교내 체육 대회에 참가할 우리 반 달리기 대표 선수를 뽑는 날입니다.,체육,,體育,體育
4급,82,2018-08-25,96,hanjaeo_write,다음 각 문장의 밑줄 친 單語를 漢字(正字)로 쓰시오.,교내 체육 대회에 참가할 우리 반 달리기 대표 선수를 뽑는 날입니다.,참가,,參加,參加
4급,82,2018-08-25,97,hanjaeo_write,다음 각 문장의 밑줄 친 單語를 漢字(正字)로 쓰시오.,교내 체육 대회에 참가할 우리 반 달리기 대표 선수를 뽑는 날입니다.,대표,,代表,代表
4급,82,2018-08-25,98,hanjaeo_write,다음 각 문장의 밑줄 친 單語를 漢字(正字)로 쓰시오.,미래의 관광 산업에는 해양 자원의 활용이 필요하다.,관광,,觀光,觀光
4급,82,2018-08-25,99,hanjaeo_write,다음 각 문장의 밑줄 친 單語를 漢字(正字)로 쓰시오.,미래의 관광 산업에는 해양 자원의 활용이 필요하다.,해양,,海洋,海洋
4급,82,2018-08-25,100,hanjaeo_write,다음 각 문장의 밑줄 친 單語를 漢字(正字)로 쓰시오.,에너지의 종류가 바뀌는 것을 에너지 전환이라고 합니다.,종류,,種類,種類
4급,81,2018-06-02,1,dokum,다음 밑줄 친 漢字語의 讀音을 쓰시오.,온라인 對話를 할 때에 效果的으로 내 생각을 傳達할 수 있는 방법을 整理하여 봅시다.,對話,,대화,대화
4급,81,2018-06-02,2,dokum,다음 밑줄 친 漢字語의 讀音을 쓰시오.,온라인 對話를 할 때에 效果的으로 내 생각을 傳達할 수 있는 방법을 整理하여 봅시다.,效果的,,효과적,효과적
4급,81,2018-06-02,3,dokum,다음 밑줄 친 漢字語의 讀音을 쓰시오.,온라인 對話를 할 때에 效果的으로 내 생각을 傳達할 수 있는 방법을 整理하여 봅시다.,傳達,,전달,전달
4급,81,2018-06-02,4,dokum,다음 밑줄 친 漢字語의 讀音을 쓰시오.,온라인 對話를 할 때에 效果的으로 내 생각을 傳達할 수 있는 방법을 整理하여 봅시다.,整理,,정리,정리
4급,81,2018-06-02,5,dokum,다음 밑줄 친 漢字語의 讀音을 쓰시오.,‘어린이 步行 안전’을 읽고 主張과 根據의 連結 關係를 파악하여 봅시다.,步行,,보행,보행
4급,81,2018-06-02,6,dokum,다음 밑줄 친 漢字語의 讀音을 쓰시오.,‘어린이 步行 안전’을 읽고 主張과 根據의 連結 關係를 파악하여 봅시다.,主張,,주장,주장
4급,81,2018-06-02,7,dokum,다음 밑줄 친 漢字語의 讀音을 쓰시오.,‘어린이 步行 안전’을 읽고 主張과 根據의 連結 關係를 파악하여 봅시다.,根據,,근거,근거
4급,81,2018-06-02,8,dokum,다음 밑줄 친 漢字語의 讀音을 쓰시오.,‘어린이 步行 안전’을 읽고 主張과 根據의 連結 關係를 파악하여 봅시다.,連結,,연결,연결
4급,81,2018-06-02,9,dokum,다음 밑줄 친 漢字語의 讀音을 쓰시오.,‘어린이 步行 안전’을 읽고 主張과 根據의 連結 關係를 파악하여 봅시다.,關係,,관계,관계
4급,81,2018-06-02,10,dokum,다음 밑줄 친 漢字語의 讀音을 쓰시오.,"이야기의 順序에 맞게 붙임 딱지를 붙여 보고, 완성된 이야기를 읽으며 統一을 이루려는 마음을 가져 봅시다.",順序,,순서,순서
4급,81,2018-06-02,11,dokum,다음 밑줄 친 漢字語의 讀音을 쓰시오.,"이야기의 順序에 맞게 붙임 딱지를 붙여 보고, 완성된 이야기를 읽으며 統一을 이루려는 마음을 가져 봅시다.",統一,,통일,통일
4급,81,2018-06-02,12,dokum,다음 밑줄 친 漢字語의 讀音을 쓰시오.,"국민들은 憲法재판소에 憲法 소원을 申請하여 자신의 侵害된 기본적 인권을 보장받을 수 있고, 言論의 잘못된 보도로 명예나 초상권과 같은 권리를 침해 받았을 때에는 言論중재위원회를 통해 피해를 解決할 수 있다.",憲法,,헌법,헌법
4급,81,2018-06-02,13,dokum,다음 밑줄 친 漢字語의 讀音을 쓰시오.,"국민들은 憲法재판소에 憲法 소원을 申請하여 자신의 侵害된 기본적 인권을 보장받을 수 있고, 言論의 잘못된 보도로 명예나 초상권과 같은 권리를 침해 받았을 때에는 言論중재위원회를 통해 피해를 解決할 수 있다.",申請,,신청,신청
4급,81,2018-06-02,14,dokum,다음 밑줄 친 漢字語의 讀音을 쓰시오.,"국민들은 憲法재판소에 憲法 소원을 申請하여 자신의 侵害된 기본적 인권을 보장받을 수 있고, 言論의 잘못된 보도로 명예나 초상권과 같은 권리를 침해 받았을 때에는 言論중재위원회를 통해 피해를 解決할 수 있다.",侵害,,침해,침해
4급,81,2018-06-02,15,dokum,다음 밑줄 친 漢字語의 讀音을 쓰시오.,"국민들은 憲法재판소에 憲法 소원을 申請하여 자신의 侵害된 기본적 인권을 보장받을 수 있고, 言論의 잘못된 보도로 명예나 초상권과 같은 권리를 침해 받았을 때에는 言論중재위원회를 통해 피해를 解決할 수 있다.",言論,,언론,언론
4급,81,2018-06-02,16,dokum,다음 밑줄 친 漢字語의 讀音을 쓰시오.,"국민들은 憲法재판소에 憲法 소원을 申請하여 자신의 侵害된 기본적 인권을 보장받을 수 있고, 言論의 잘못된 보도로 명예나 초상권과 같은 권리를 침해 받았을 때에는 言論중재위원회를 통해 피해를 解決할 수 있다.",解決,,해결,해결
4급,81,2018-06-02,17,dokum,다음 밑줄 친 漢字語의 讀音을 쓰시오.,"이윤의 일부는 環境 保護 활동이나 문화 藝術 활동, 자원봉사 활동 등 사회에 投資하여 기업과 사회 모두가 발전할 수 있도록 노력합니다.",環境,,환경,환경
4급,81,2018-06-02,18,dokum,다음 밑줄 친 漢字語의 讀音을 쓰시오.,"이윤의 일부는 環境 保護 활동이나 문화 藝術 활동, 자원봉사 활동 등 사회에 投資하여 기업과 사회 모두가 발전할 수 있도록 노력합니다.",保護,,보호,보호
4급,81,2018-06-02,19,dokum,다음 밑줄 친 漢字語의 讀音을 쓰시오.,"이윤의 일부는 環境 保護 활동이나 문화 藝術 활동, 자원봉사 활동 등 사회에 投資하여 기업과 사회 모두가 발전할 수 있도록 노력합니다.",藝術,,예술,예술
4급,81,2018-06-02,20,dokum,다음 밑줄 친 漢字語의 讀音을 쓰시오.,"이윤의 일부는 環境 保護 활동이나 문화 藝術 활동, 자원봉사 활동 등 사회에 投資하여 기업과 사회 모두가 발전할 수 있도록 노력합니다.",投資,,투자,투자
4급,81,2018-06-02,21,dokum,다음 밑줄 친 漢字語의 讀音을 쓰시오.,"인권은 자연적으로 주어지는 것으로, 性別, 국적, 人種 등에 관계없이 인간답게 尊重받으며 살아갈 수 있는 權利이다.",性別,,성별,성별
4급,81,2018-06-02,22,dokum,다음 밑줄 친 漢字語의 讀音을 쓰시오.,"인권은 자연적으로 주어지는 것으로, 性別, 국적, 人種 등에 관계없이 인간답게 尊重받으며 살아갈 수 있는 權利이다.",人種,,인종,인종
4급,81,2018-06-02,23,dokum,다음 밑줄 친 漢字語의 讀音을 쓰시오.,"인권은 자연적으로 주어지는 것으로, 性別, 국적, 人種 등에 관계없이 인간답게 尊重받으며 살아갈 수 있는 權利이다.",尊重,,존중,존중
4급,81,2018-06-02,24,dokum,다음 밑줄 친 漢字語의 讀音을 쓰시오.,"인권은 자연적으로 주어지는 것으로, 性別, 국적, 人種 등에 관계없이 인간답게 尊重받으며 살아갈 수 있는 權利이다.",權利,,권리,권리
4급,81,2018-06-02,25,dokum,다음 밑줄 친 漢字語의 讀音을 쓰시오.,節氣의 시작인 정월에 하던 歲時 풍속에는 긴 겨울의 休息을 끝내고 豊盛한 수확을 기대하며 熱心히 농사를 짓겠다는 뜻이 담겨 있었다.,節氣,,절기,절기
4급,81,2018-06-02,26,dokum,다음 밑줄 친 漢字語의 讀音을 쓰시오.,節氣의 시작인 정월에 하던 歲時 풍속에는 긴 겨울의 休息을 끝내고 豊盛한 수확을 기대하며 熱心히 농사를 짓겠다는 뜻이 담겨 있었다.,歲時,,세시,세시
4급,81,2018-06-02,27,dokum,다음 밑줄 친 漢字語의 讀音을 쓰시오.,節氣의 시작인 정월에 하던 歲時 풍속에는 긴 겨울의 休息을 끝내고 豊盛한 수확을 기대하며 熱心히 농사를 짓겠다는 뜻이 담겨 있었다.,休息,,휴식,휴식
4급,81,2018-06-02,28,dokum,다음 밑줄 친 漢字語의 讀音을 쓰시오.,節氣의 시작인 정월에 하던 歲時 풍속에는 긴 겨울의 休息을 끝내고 豊盛한 수확을 기대하며 熱心히 농사를 짓겠다는 뜻이 담겨 있었다.,豊盛,,풍성,풍성
4급,81,2018-06-02,29,dokum,다음 밑줄 친 漢字語의 讀音을 쓰시오.,節氣의 시작인 정월에 하던 歲時 풍속에는 긴 겨울의 休息을 끝내고 豊盛한 수확을 기대하며 熱心히 농사를 짓겠다는 뜻이 담겨 있었다.,熱心,,열심,열심
4급,81,2018-06-02,30,dokum,다음 밑줄 친 漢字語의 讀音을 쓰시오.,準備되지 않은 統一은 뜻밖의 큰 混亂과 엄청난 비용이 要求됩니다.,準備,,준비,준비
4급,81,2018-06-02,31,dokum,다음 밑줄 친 漢字語의 讀音을 쓰시오.,準備되지 않은 統一은 뜻밖의 큰 混亂과 엄청난 비용이 要求됩니다.,混亂,,혼란,혼란
4급,81,2018-06-02,32,dokum,다음 밑줄 친 漢字語의 讀音을 쓰시오.,準備되지 않은 統一은 뜻밖의 큰 混亂과 엄청난 비용이 要求됩니다.,要求,,요구,요구
4급,81,2018-06-02,33,hunum,다음 漢字의 訓과 音을 쓰시오.,寫,寫,,베낄 사,베낄 사
4급,81,2018-06-02,34,hunum,다음 漢字의 訓과 音을 쓰시오.,奉,奉,,받들 봉,받들 봉
4급,81,2018-06-02,35,hunum,다음 漢字의 訓과 音을 쓰시오.,武,武,,호반 무,호반 무
4급,81,2018-06-02,36,hunum,다음 漢字의 訓과 音을 쓰시오.,類,類,,무리 류,무리 류
4급,81,2018-06-02,37,hunum,다음 漢字의 訓과 音을 쓰시오.,銅,銅,,구리 동,구리 동
4급,81,2018-06-02,38,hunum,다음 漢字의 訓과 音을 쓰시오.,暖,暖,,따뜻할 난,따뜻할 난
4급,81,2018-06-02,39,hunum,다음 漢字의 訓과 音을 쓰시오.,康,康,,편안 강,편안 강
4급,81,2018-06-02,40,hunum,다음 漢字의 訓과 音을 쓰시오.,橋,橋,,다리 교,다리 교
4급,81,2018-06-02,41,hunum,다음 漢字의 訓과 音을 쓰시오.,聲,聲,,소리 성,소리 성
4급,81,2018-06-02,42,hunum,다음 漢字의 訓과 音을 쓰시오.,養,養,,기를 양,기를 양
4급,81,2018-06-02,43,hunum,다음 漢字의 訓과 音을 쓰시오.,組,組,,짤 조,짤 조
4급,81,2018-06-02,44,hunum,다음 漢字의 訓과 音을 쓰시오.,晝,晝,,낮 주,낮 주
4급,81,2018-06-02,45,hunum,다음 漢字의 訓과 音을 쓰시오.,秋,秋,,가을 추,가을 추
4급,81,2018-06-02,46,hunum,다음 漢字의 訓과 音을 쓰시오.,態,態,,모습 태,모습 태
4급,81,2018-06-02,47,hunum,다음 漢字의 訓과 音을 쓰시오.,波,波,,물결 파,물결 파
4급,81,2018-06-02,48,hunum,다음 漢字의 訓과 音을 쓰시오.,惠,惠,,은혜 혜,은혜 혜
4급,81,2018-06-02,49,hunum,다음 漢字의 訓과 音을 쓰시오.,假,假,,거짓 가,거짓 가
4급,81,2018-06-02,50,hunum,다음 漢字의 訓과 音을 쓰시오.,念,念,,생각 념,생각 념
4급,81,2018-06-02,51,hunum,다음 漢字의 訓과 音을 쓰시오.,冬,冬,,겨울 동,겨울 동
4급,81,2018-06-02,52,hunum,다음 漢字의 訓과 音을 쓰시오.,覽,覽,,볼 람,볼 람
4급,81,2018-06-02,53,hunum,다음 漢字의 訓과 音을 쓰시오.,飛,飛,,날 비,날 비
4급,81,2018-06-02,54,hunum,다음 漢字의 訓과 音을 쓰시오.,辭,辭,,말씀 사,말씀 사
4급,81,2018-06-02,55,jangum,다음 單語 중 첫소리가 長音인 것을 가려 그 번호를 쓰시오.,,,"[""① 監査"", ""② 感謝""]",②,②
4급,81,2018-06-02,56,jangum,다음 單語 중 첫소리가 長音인 것을 가려 그 번호를 쓰시오.,,,"[""① 賣上"", ""② 賣買""]",①,①
4급,81,2018-06-02,57,jangum,다음 單語 중 첫소리가 長音인 것을 가려 그 번호를 쓰시오.,,,"[""① 素朴"", ""② 素服""]",②,②
4급,81,2018-06-02,58,banui,다음 밑줄 친 漢字와 뜻이 반대(또는 대립)되는 漢字를 (  ) 속에 적어 문장을 完成하시오.,古(  )의 명작을 섭렵하다.,古,,今,今
4급,81,2018-06-02,59,banui,다음 밑줄 친 漢字와 뜻이 반대(또는 대립)되는 漢字를 (  ) 속에 적어 문장을 完成하시오.,(  )罰이 공정한 사회.,罰,,賞,賞
4급,81,2018-06-02,60,banui,다음 밑줄 친 漢字와 뜻이 반대(또는 대립)되는 漢字를 (  ) 속에 적어 문장을 完成하시오.,強(  )을 조절하는 능력.,強,,弱,弱
4급,81,2018-06-02,61,seong-eo,다음 (  ) 안의 글자를 漢字로 적어 四字成語를 完成하시오.,朝變(석)改 ; 아침저녁으로 뜯어고침.,朝變(석)改,,夕,夕
4급,81,2018-06-02,62,seong-eo,다음 (  ) 안의 글자를 漢字로 적어 四字成語를 完成하시오.,同(성)同本 ; 성도 같고 본관도 같음.,同(성)同本,,姓,姓
4급,81,2018-06-02,63,seong-eo,다음 (  ) 안의 글자를 漢字로 적어 四字成語를 完成하시오.,殺(신)成仁 ; 목숨을 버려 절개를 지킴.,殺(신)成仁,,身,身
4급,81,2018-06-02,64,seong-eo,다음 (  ) 안의 글자를 漢字로 적어 四字成語를 完成하시오.,苦盡甘(래) ; 고생 끝에 즐거움이 옴.,苦盡甘(래),,來,來
4급,81,2018-06-02,65,seong-eo,다음 (  ) 안의 글자를 漢字로 적어 四字成語를 完成하시오.,不問(곡)直 ; 옳고 그름을 따지지 않음.,不問(곡)直,,曲,曲
4급,81,2018-06-02,66,bushu,다음 漢字의 部首를 쓰시오.,島,島,,山,山
4급,81,2018-06-02,67,bushu,다음 漢字의 部首를 쓰시오.,往,往,,彳,彳
4급,81,2018-06-02,68,bushu,다음 漢字의 部首를 쓰시오.,裝,裝,,衣,衣
4급,81,2018-06-02,69,yui,다음 밑줄 친 漢字와 뜻이 같거나 비슷한 漢字를 (  ) 속에 적어 문장을 完成하시오.,신의는 約(  )을 지키는 데서 출발한다.,約,,束,束
4급,81,2018-06-02,70,yui,다음 밑줄 친 漢字와 뜻이 같거나 비슷한 漢字를 (  ) 속에 적어 문장을 完成하시오.,(  )童 문학 작가.,童,,兒,兒
4급,81,2018-06-02,71,yui,다음 밑줄 친 漢字와 뜻이 같거나 비슷한 漢字를 (  ) 속에 적어 문장을 完成하시오.,통일을 향한 希(  )의 불빛.,希,,望,望
4급,81,2018-06-02,72,dongeum,"다음 漢字語의 同音異義語를 漢字(正字)로 쓰되, 제시된 뜻에 맞추시오.",靑山 - (    ) ; 채권 채무 관계를 셈하여 깨끗이 해결함.,靑山,,淸算,淸算
4급,81,2018-06-02,73,dongeum,"다음 漢字語의 同音異義語를 漢字(正字)로 쓰되, 제시된 뜻에 맞추시오.",食水 - (    ) ; 나무를 심음.,食水,,植樹,植樹
4급,81,2018-06-02,74,dongeum,"다음 漢字語의 同音異義語를 漢字(正字)로 쓰되, 제시된 뜻에 맞추시오.",定先 - (    ) ; 선박의 운항을 정지함.,定先,,停船,停船
4급,81,2018-06-02,75,uut_select,다음 漢字語의 바른 뜻을 <보기>에서 찾아 그 번호를 쓰시오.,伐木,伐木,"[""① 근무하는 곳을 옮김."", ""② 이른 아침."", ""③ 나무를 벰."", ""④ 눈 내리는 경치."", ""⑤ 길을 같이 감.""]",③,③
4급,81,2018-06-02,76,uut_select,다음 漢字語의 바른 뜻을 <보기>에서 찾아 그 번호를 쓰시오.,雪景,雪景,"[""① 근무하는 곳을 옮김."", ""② 이른 아침."", ""③ 나무를 벰."", ""④ 눈 내리는 경치."", ""⑤ 길을 같이 감.""]",④,④
4급,81,2018-06-02,77,uut_select,다음 漢字語의 바른 뜻을 <보기>에서 찾아 그 번호를 쓰시오.,轉勤,轉勤,"[""① 근무하는 곳을 옮김."", ""② 이른 아침."", ""③ 나무를 벰."", ""④ 눈 내리는 경치."", ""⑤ 길을 같이 감.""]",①,①
4급,81,2018-06-02,78,yakja,다음 漢字의 略字를 쓰시오.,廣,廣,,広,広
4급,81,2018-06-02,79,yakja,다음 漢字의 略字를 쓰시오.,戰,戰,,戦,戦
4급,81,2018-06-02,80,yakja,다음 漢字의 略字를 쓰시오.,數,數,,数,数
4급,81,2018-06-02,81,hanjaeo_write,다음 각 문장의 밑줄 친 單語를 漢字(正字)로 쓰시오.,"도시는 주변의 촌락 지역과 합쳐지면서 확대되기도 하고, 산업, 교통, 문화 시설 등이 새로 생기면서 발전하기도 합니다.",도시,,都市,都市
4급,81,2018-06-02,82,hanjaeo_write,다음 각 문장의 밑줄 친 單語를 漢字(正字)로 쓰시오.,"도시는 주변의 촌락 지역과 합쳐지면서 확대되기도 하고, 산업, 교통, 문화 시설 등이 새로 생기면서 발전하기도 합니다.",촌락,,村落,村落
4급,81,2018-06-02,83,hanjaeo_write,다음 각 문장의 밑줄 친 單語를 漢字(正字)로 쓰시오.,"도시는 주변의 촌락 지역과 합쳐지면서 확대되기도 하고, 산업, 교통, 문화 시설 등이 새로 생기면서 발전하기도 합니다.",산업,,産業,産業
4급,81,2018-06-02,84,hanjaeo_write,다음 각 문장의 밑줄 친 單語를 漢字(正字)로 쓰시오.,"도시는 주변의 촌락 지역과 합쳐지면서 확대되기도 하고, 산업, 교통, 문화 시설 등이 새로 생기면서 발전하기도 합니다.",교통,,交通,交通
4급,81,2018-06-02,85,hanjaeo_write,다음 각 문장의 밑줄 친 單語를 漢字(正字)로 쓰시오.,"도시는 주변의 촌락 지역과 합쳐지면서 확대되기도 하고, 산업, 교통, 문화 시설 등이 새로 생기면서 발전하기도 합니다.",발전,,發展,發展
4급,81,2018-06-02,86,hanjaeo_write,다음 각 문장의 밑줄 친 單語를 漢字(正字)로 쓰시오.,힘든 일과 속에서도 세진이가 세계적인 선수로 자랄 수 있었던 것은 어머니의 노력이 컸다.,일과,,日課,日課
4급,81,2018-06-02,87,hanjaeo_write,다음 각 문장의 밑줄 친 單語를 漢字(正字)로 쓰시오.,힘든 일과 속에서도 세진이가 세계적인 선수로 자랄 수 있었던 것은 어머니의 노력이 컸다.,세계,,世界,世界
4급,81,2018-06-02,88,hanjaeo_write,다음 각 문장의 밑줄 친 單語를 漢字(正字)로 쓰시오.,힘든 일과 속에서도 세진이가 세계적인 선수로 자랄 수 있었던 것은 어머니의 노력이 컸다.,선수,,選手,選手
4급,81,2018-06-02,89,hanjaeo_write,다음 각 문장의 밑줄 친 單語를 漢字(正字)로 쓰시오.,화학 비료를 사용하지 않고 농사를 지을 수 있는 친환경 농사 방법을 생각하여 봅시다.,사용,,使用,使用
4급,81,2018-06-02,90,hanjaeo_write,다음 각 문장의 밑줄 친 單語를 漢字(正字)로 쓰시오.,화학 비료를 사용하지 않고 농사를 지을 수 있는 친환경 농사 방법을 생각하여 봅시다.,농사,,農事,農事
4급,81,2018-06-02,91,hanjaeo_write,다음 각 문장의 밑줄 친 單語를 漢字(正字)로 쓰시오.,"이날 삼척시와 성남시는 자매결연을 함으로써 앞으로 두 도시 간에 친선을 증진하고 지역 문화의 발전과 주민 복지 향상을 위해 노력하고 경제, 행정, 문화, 예술, 체육, 관광 등 각 분야의 교류를 확대하기로 했다.",친선,,親善,親善
4급,81,2018-06-02,92,hanjaeo_write,다음 각 문장의 밑줄 친 單語를 漢字(正字)로 쓰시오.,"이날 삼척시와 성남시는 자매결연을 함으로써 앞으로 두 도시 간에 친선을 증진하고 지역 문화의 발전과 주민 복지 향상을 위해 노력하고 경제, 행정, 문화, 예술, 체육, 관광 등 각 분야의 교류를 확대하기로 했다.",주민,,住民,住民
4급,81,2018-06-02,93,hanjaeo_write,다음 각 문장의 밑줄 친 單語를 漢字(正字)로 쓰시오.,"이날 삼척시와 성남시는 자매결연을 함으로써 앞으로 두 도시 간에 친선을 증진하고 지역 문화의 발전과 주민 복지 향상을 위해 노력하고 경제, 행정, 문화, 예술, 체육, 관광 등 각 분야의 교류를 확대하기로 했다.",체육,,體育,體育
4급,81,2018-06-02,94,hanjaeo_write,다음 각 문장의 밑줄 친 單語를 漢字(正字)로 쓰시오.,"이날 삼척시와 성남시는 자매결연을 함으로써 앞으로 두 도시 간에 친선을 증진하고 지역 문화의 발전과 주민 복지 향상을 위해 노력하고 경제, 행정, 문화, 예술, 체육, 관광 등 각 분야의 교류를 확대하기로 했다.",관광,,觀光,觀光
4급,81,2018-06-02,95,hanjaeo_write,다음 각 문장의 밑줄 친 單語를 漢字(正字)로 쓰시오.,민주적인 의사 결정이 아닌 사례의 등장 인물에게 하고 싶은 이야기를 다음 보기의 방법 중 한 가지를 선택하여 표현해 보자.,의사,,意思,意思
4급,81,2018-06-02,96,hanjaeo_write,다음 각 문장의 밑줄 친 單語를 漢字(正字)로 쓰시오.,민주적인 의사 결정이 아닌 사례의 등장 인물에게 하고 싶은 이야기를 다음 보기의 방법 중 한 가지를 선택하여 표현해 보자.,등장,,登場,登場
4급,81,2018-06-02,97,hanjaeo_write,다음 각 문장의 밑줄 친 單語를 漢字(正字)로 쓰시오.,민주적인 의사 결정이 아닌 사례의 등장 인물에게 하고 싶은 이야기를 다음 보기의 방법 중 한 가지를 선택하여 표현해 보자.,표현,,表現,表現
4급,81,2018-06-02,98,hanjaeo_write,다음 각 문장의 밑줄 친 單語를 漢字(正字)로 쓰시오.,"지동설을 주장하는 과학자들은 천동설을 주장하는 과학자들의 질문 중 하나인 ‘지구가 태양 주위를 돌며 하루 한 바퀴의 빠른 자전 운동을 하고 있다면, 지구 위에 있는 사람들은 왜 지구의 빠른 운동을 느끼지 못하는 걸까?’에 대하여 답을 할 수 없었습니다.",지동설,,地動說,地動說
4급,81,2018-06-02,99,hanjaeo_write,다음 각 문장의 밑줄 친 單語를 漢字(正字)로 쓰시오.,"지동설을 주장하는 과학자들은 천동설을 주장하는 과학자들의 질문 중 하나인 ‘지구가 태양 주위를 돌며 하루 한 바퀴의 빠른 자전 운동을 하고 있다면, 지구 위에 있는 사람들은 왜 지구의 빠른 운동을 느끼지 못하는 걸까?’에 대하여 답을 할 수 없었습니다.",과학자,,科學者,科學者
4급,81,2018-06-02,100,hanjaeo_write,다음 각 문장의 밑줄 친 單語를 漢字(正字)로 쓰시오.,"지동설을 주장하는 과학자들은 천동설을 주장하는 과학자들의 질문 중 하나인 ‘지구가 태양 주위를 돌며 하루 한 바퀴의 빠른 자전 운동을 하고 있다면, 지구 위에 있는 사람들은 왜 지구의 빠른 운동을 느끼지 못하는 걸까?’에 대하여 답을 할 수 없었습니다.",태양,,太陽,太陽
4급,80,2018-02-24,1,dokum,다음 밑줄 친 漢字語의 讀音을 쓰시오.,主張에 따른 根據가 適切한지 생각하며 ‘善意의 거짓말은 해도 된다’라는 이야기를 들어 봅시다.,主張,,주장,주장
4급,80,2018-02-24,2,dokum,다음 밑줄 친 漢字語의 讀音을 쓰시오.,主張에 따른 根據가 適切한지 생각하며 ‘善意의 거짓말은 해도 된다’라는 이야기를 들어 봅시다.,根據,,근거,근거
4급,80,2018-02-24,3,dokum,다음 밑줄 친 漢字語의 讀音을 쓰시오.,主張에 따른 根據가 適切한지 생각하며 ‘善意의 거짓말은 해도 된다’라는 이야기를 들어 봅시다.,適切,,적절,적절
4급,80,2018-02-24,4,dokum,다음 밑줄 친 漢字語의 讀音을 쓰시오.,主張에 따른 根據가 適切한지 생각하며 ‘善意의 거짓말은 해도 된다’라는 이야기를 들어 봅시다.,善意,,선의,선의
4급,80,2018-02-24,5,dokum,다음 밑줄 친 漢字語의 讀音을 쓰시오.,해마다 이맘때가 되면 우도의 印象的인 風景들이 새록새록 되살아날 것 같다.,印象的,,인상적,인상적
4급,80,2018-02-24,6,dokum,다음 밑줄 친 漢字語의 讀音을 쓰시오.,해마다 이맘때가 되면 우도의 印象的인 風景들이 새록새록 되살아날 것 같다.,風景,,풍경,풍경
4급,80,2018-02-24,7,dokum,다음 밑줄 친 漢字語의 讀音을 쓰시오.,"자연 環境 훼손 事例 중에 한 가지를 選擇하여, 이를 회복할 수 있는 ‘생태계 復元 프로젝트’를 提案하여 발표해 봅시다.",環境,,환경,환경
4급,80,2018-02-24,8,dokum,다음 밑줄 친 漢字語의 讀音을 쓰시오.,"자연 環境 훼손 事例 중에 한 가지를 選擇하여, 이를 회복할 수 있는 ‘생태계 復元 프로젝트’를 提案하여 발표해 봅시다.",事例,,사례,사례
4급,80,2018-02-24,9,dokum,다음 밑줄 친 漢字語의 讀音을 쓰시오.,"자연 環境 훼손 事例 중에 한 가지를 選擇하여, 이를 회복할 수 있는 ‘생태계 復元 프로젝트’를 提案하여 발표해 봅시다.",選擇,,선택,선택
4급,80,2018-02-24,10,dokum,다음 밑줄 친 漢字語의 讀音을 쓰시오.,"자연 環境 훼손 事例 중에 한 가지를 選擇하여, 이를 회복할 수 있는 ‘생태계 復元 프로젝트’를 提案하여 발표해 봅시다.",復元,,복원,복원
4급,80,2018-02-24,11,dokum,다음 밑줄 친 漢字語의 讀音을 쓰시오.,"자연 環境 훼손 事例 중에 한 가지를 選擇하여, 이를 회복할 수 있는 ‘생태계 復元 프로젝트’를 提案하여 발표해 봅시다.",提案,,제안,제안
4급,80,2018-02-24,12,dokum,다음 밑줄 친 漢字語의 讀音을 쓰시오.,인권을 保護받기 위해 노력하는 인물이나 團體가 많이 있다.,保護,,보호,보호
4급,80,2018-02-24,13,dokum,다음 밑줄 친 漢字語의 讀音을 쓰시오.,인권을 保護받기 위해 노력하는 인물이나 團體가 많이 있다.,團體,,단체,단체
4급,80,2018-02-24,14,dokum,다음 밑줄 친 漢字語의 讀音을 쓰시오.,물의 溫度에 따른 금붕어의 呼吸 횟수를 알아보기 위한 실험은 어떻게 해야 할까?,溫度,,온도,온도
4급,80,2018-02-24,15,dokum,다음 밑줄 친 漢字語의 讀音을 쓰시오.,물의 溫度에 따른 금붕어의 呼吸 횟수를 알아보기 위한 실험은 어떻게 해야 할까?,呼吸,,호흡,호흡
4급,80,2018-02-24,16,dokum,다음 밑줄 친 漢字語의 讀音을 쓰시오.,"앙부일구는 청동으로 만든 솥 模樣의 半球에 침을 세워 두고, 햇빛을 받은 침의 그림자가 바닥에 비친 位置와 길이로 시각과 節氣를 나타내었다.",模樣,,모양,모양
4급,80,2018-02-24,17,dokum,다음 밑줄 친 漢字語의 讀音을 쓰시오.,"앙부일구는 청동으로 만든 솥 模樣의 半球에 침을 세워 두고, 햇빛을 받은 침의 그림자가 바닥에 비친 位置와 길이로 시각과 節氣를 나타내었다.",半球,,반구,반구
4급,80,2018-02-24,18,dokum,다음 밑줄 친 漢字語의 讀音을 쓰시오.,"앙부일구는 청동으로 만든 솥 模樣의 半球에 침을 세워 두고, 햇빛을 받은 침의 그림자가 바닥에 비친 位置와 길이로 시각과 節氣를 나타내었다.",位置,,위치,위치
4급,80,2018-02-24,19,dokum,다음 밑줄 친 漢字語의 讀音을 쓰시오.,"앙부일구는 청동으로 만든 솥 模樣의 半球에 침을 세워 두고, 햇빛을 받은 침의 그림자가 바닥에 비친 位置와 길이로 시각과 節氣를 나타내었다.",節氣,,절기,절기
4급,80,2018-02-24,20,dokum,다음 밑줄 친 漢字語의 讀音을 쓰시오.,내가 豫測한 내용이 맞는지 確認하여 드라마 ‘소나기’의 뒷부분을 봅시다.,豫測,,예측,예측
4급,80,2018-02-24,21,dokum,다음 밑줄 친 漢字語의 讀音을 쓰시오.,내가 豫測한 내용이 맞는지 確認하여 드라마 ‘소나기’의 뒷부분을 봅시다.,確認,,확인,확인
4급,80,2018-02-24,22,dokum,다음 밑줄 친 漢字語의 讀音을 쓰시오.,"뉴스에 어떤 觀點이 反映되었는지 생각하며 텔레비전 뉴스 ‘어린이 飮料水 뚜껑, 질식 사고 주의보’를 봅시다.",觀點,,관점,관점
4급,80,2018-02-24,23,dokum,다음 밑줄 친 漢字語의 讀音을 쓰시오.,"뉴스에 어떤 觀點이 反映되었는지 생각하며 텔레비전 뉴스 ‘어린이 飮料水 뚜껑, 질식 사고 주의보’를 봅시다.",反映,,반영,반영
4급,80,2018-02-24,24,dokum,다음 밑줄 친 漢字語의 讀音을 쓰시오.,"뉴스에 어떤 觀點이 反映되었는지 생각하며 텔레비전 뉴스 ‘어린이 飮料水 뚜껑, 질식 사고 주의보’를 봅시다.",飮料水,,음료,음료
4급,80,2018-02-24,25,dokum,다음 밑줄 친 漢字語의 讀音을 쓰시오.,"인구가 늘어나는 地域에서는 資源 부족, 환경오염 등의 문제가 발생하고, 인구가 줄어드는 地域에서는 勞動力 부족, 노년층 인구의 增加와 같은 문제가 발생하고 있다.",地域,,지역,지역
4급,80,2018-02-24,26,dokum,다음 밑줄 친 漢字語의 讀音을 쓰시오.,"인구가 늘어나는 地域에서는 資源 부족, 환경오염 등의 문제가 발생하고, 인구가 줄어드는 地域에서는 勞動力 부족, 노년층 인구의 增加와 같은 문제가 발생하고 있다.",資源,,자원,자원
4급,80,2018-02-24,27,dokum,다음 밑줄 친 漢字語의 讀音을 쓰시오.,"인구가 늘어나는 地域에서는 資源 부족, 환경오염 등의 문제가 발생하고, 인구가 줄어드는 地域에서는 勞動力 부족, 노년층 인구의 增加와 같은 문제가 발생하고 있다.",勞動力,,노동,노동
4급,80,2018-02-24,28,dokum,다음 밑줄 친 漢字語의 讀音을 쓰시오.,"인구가 늘어나는 地域에서는 資源 부족, 환경오염 등의 문제가 발생하고, 인구가 줄어드는 地域에서는 勞動力 부족, 노년층 인구의 增加와 같은 문제가 발생하고 있다.",增加,,증가,증가
4급,80,2018-02-24,29,dokum,다음 밑줄 친 漢字語의 讀音을 쓰시오.,크래킹은 남의 컴퓨터 시스템에 侵入하여 장난을 하거나 犯罪를 저지르는 일을 말한다.,侵入,,침입,침입
4급,80,2018-02-24,30,dokum,다음 밑줄 친 漢字語의 讀音을 쓰시오.,크래킹은 남의 컴퓨터 시스템에 侵入하여 장난을 하거나 犯罪를 저지르는 일을 말한다.,犯罪,,범죄,범죄
4급,80,2018-02-24,31,dokum,다음 밑줄 친 漢字語의 讀音을 쓰시오.,"중앙아메리카 지역은 석유, 천연가스, 석탄, 鐵鑛石 등 지하자원의 種類도 많고 매장량도 풍부하다.",鐵鑛石,,철광,철광
4급,80,2018-02-24,32,dokum,다음 밑줄 친 漢字語의 讀音을 쓰시오.,"중앙아메리카 지역은 석유, 천연가스, 석탄, 鐵鑛石 등 지하자원의 種類도 많고 매장량도 풍부하다.",種類,,종류,종류
4급,80,2018-02-24,33,hunum,다음 漢字의 訓과 音을 쓰시오.,季,季,,계절 계,계절 계
4급,80,2018-02-24,34,hunum,다음 漢字의 訓과 音을 쓰시오.,儀,儀,,거동 의,거동 의
4급,80,2018-02-24,35,hunum,다음 漢字의 訓과 音을 쓰시오.,離,離,,떠날 리,떠날 리
4급,80,2018-02-24,36,hunum,다음 漢字의 訓과 音을 쓰시오.,徒,徒,,무리 도,무리 도
4급,80,2018-02-24,37,hunum,다음 漢字의 訓과 音을 쓰시오.,傷,傷,,다칠 상,다칠 상
4급,80,2018-02-24,38,hunum,다음 漢字의 訓과 音을 쓰시오.,優,優,,넉넉할 우,넉넉할 우
4급,80,2018-02-24,39,hunum,다음 漢字의 訓과 音을 쓰시오.,甘,甘,,달 감,달 감
4급,80,2018-02-24,40,hunum,다음 漢字의 訓과 音을 쓰시오.,妨,妨,,방해할 방,방해할 방
4급,80,2018-02-24,41,hunum,다음 漢字의 訓과 音을 쓰시오.,朱,朱,,붉을 주,붉을 주
4급,80,2018-02-24,42,hunum,다음 漢字의 訓과 音을 쓰시오.,損,損,,덜 손,덜 손
4급,80,2018-02-24,43,hunum,다음 漢字의 訓과 音을 쓰시오.,糧,糧,,양식 량,양식 량
4급,80,2018-02-24,44,hunum,다음 漢字의 訓과 音을 쓰시오.,閑,閑,,한가할 한,한가할 한
4급,80,2018-02-24,45,hunum,다음 漢字의 訓과 音을 쓰시오.,伏,伏,,엎드릴 복,엎드릴 복
4급,80,2018-02-24,46,hunum,다음 漢字의 訓과 音을 쓰시오.,乳,乳,,젖 유,젖 유
4급,80,2018-02-24,47,hunum,다음 漢字의 訓과 音을 쓰시오.,看,看,,볼 간,볼 간
4급,80,2018-02-24,48,hunum,다음 漢字의 訓과 音을 쓰시오.,機,機,,틀 기,틀 기
4급,80,2018-02-24,49,hunum,다음 漢字의 訓과 音을 쓰시오.,採,採,,캘 채,캘 채
4급,80,2018-02-24,50,hunum,다음 漢字의 訓과 音을 쓰시오.,絲,絲,,실 사,실 사
4급,80,2018-02-24,51,hunum,다음 漢字의 訓과 音을 쓰시오.,延,延,,늘릴 연,늘릴 연
4급,80,2018-02-24,52,hunum,다음 漢字의 訓과 音을 쓰시오.,舞,舞,,춤출 무,춤출 무
4급,80,2018-02-24,53,hunum,다음 漢字의 訓과 音을 쓰시오.,稱,稱,,일컬을 칭,일컬을 칭
4급,80,2018-02-24,54,hunum,다음 漢字의 訓과 音을 쓰시오.,群,群,,무리 군,무리 군
4급,80,2018-02-24,55,jangum,다음 漢字語 중 첫소리가 長音인 것을 가려 그 번호를 쓰시오.,,,"[""① 監査"", ""② 感謝""]",②,②
4급,80,2018-02-24,56,jangum,다음 漢字語 중 첫소리가 長音인 것을 가려 그 번호를 쓰시오.,,,"[""① 武勇"", ""② 無用""]",①,①
4급,80,2018-02-24,57,jangum,다음 漢字語 중 첫소리가 長音인 것을 가려 그 번호를 쓰시오.,,,"[""① 遺命"", ""② 有名""]",②,②
4급,80,2018-02-24,58,banui,다음 밑줄 친 漢字와 뜻이 반대 (또는 대립)되는 漢字를 (  )속에 적어 문장을 完成하시오.,해외 시장 진출에 회사의 (  )活이 걸려 있다.,活,,死,死
4급,80,2018-02-24,59,banui,다음 밑줄 친 漢字와 뜻이 반대 (또는 대립)되는 漢字를 (  )속에 적어 문장을 完成하시오.,두 팀이 경기하면 勝(  )를 예측하기 힘들다.,勝,,敗,敗
4급,80,2018-02-24,60,banui,다음 밑줄 친 漢字와 뜻이 반대 (또는 대립)되는 漢字를 (  )속에 적어 문장을 完成하시오.,그는 결식아동들을 陰(  )으로 도왔다.,陰,,陽,陽
4급,80,2018-02-24,61,seong-eo,다음 (  ) 안의 글자를 漢字로 적어 四字成語를 完成하시오.,(과)失相規 : 나쁜 행실을 하지 못하도록 서로 규제함.,(과)失相規,,過,過
4급,80,2018-02-24,62,seong-eo,다음 (  ) 안의 글자를 漢字로 적어 四字成語를 完成하시오.,安分(지)足 : 편안한 마음으로 제 분수를 지키며 만족할 줄을 앎.,安分(지)足,,知,知
4급,80,2018-02-24,63,seong-eo,다음 (  ) 안의 글자를 漢字로 적어 四字成語를 完成하시오.,(이)實直告 : 사실 그대로 고함.,(이)實直告,,以,以
4급,80,2018-02-24,64,seong-eo,다음 (  ) 안의 글자를 漢字로 적어 四字成語를 完成하시오.,(결)草報恩 : 죽은 뒤에라도 은혜를 잊지 않고 갚음을 이르는 말.,(결)草報恩,,結,結
4급,80,2018-02-24,65,seong-eo,다음 (  ) 안의 글자를 漢字로 적어 四字成語를 完成하시오.,自(강)不息 : 스스로 힘써 몸과 마음을 가다듬어 쉬지 아니함.,自(강)不息,,強,強
4급,80,2018-02-24,66,bushu,다음 漢字의 部首를 쓰시오.,難,難,,隹,隹
4급,80,2018-02-24,67,bushu,다음 漢字의 部首를 쓰시오.,面,面,,面,面
4급,80,2018-02-24,68,bushu,다음 漢字의 部首를 쓰시오.,席,席,,巾,巾
4급,80,2018-02-24,69,yui,다음 밑줄 친 漢字와 뜻이 같거나 비슷한 漢字를 (  ) 안에 적어 문장을 完成하시오.,이 건물은 100년이 지나도 안전하고 堅(  )하다.,堅,,固,固
4급,80,2018-02-24,70,yui,다음 밑줄 친 漢字와 뜻이 같거나 비슷한 漢字를 (  ) 안에 적어 문장을 完成하시오.,제 (  )慮는 마시고 빨리 돌아가십시오.,慮,,念,念
4급,80,2018-02-24,71,yui,다음 밑줄 친 漢字와 뜻이 같거나 비슷한 漢字를 (  ) 안에 적어 문장을 完成하시오.,신분과 직업으로 사람을 差(  )하지 마라.,差,,別,別
4급,80,2018-02-24,72,dongeum,"다음 漢字語의 同音異義語를 漢字로 쓰되, 제시된 뜻에 맞추시오.",戰亡 - (    ) ; 넓고 먼 곳을 멀리 바라봄.,戰亡,,展望,展望
4급,80,2018-02-24,73,dongeum,"다음 漢字語의 同音異義語를 漢字로 쓰되, 제시된 뜻에 맞추시오.",郵政 - (    ) ; 친구 사이의 정.,郵政,,友情,友情
4급,80,2018-02-24,74,dongeum,"다음 漢字語의 同音異義語를 漢字로 쓰되, 제시된 뜻에 맞추시오.",銅貨 - (    ) ; 어린이를 위하여 동심을 바탕으로 지은 이야기.,銅貨,,童話,童話
4급,80,2018-02-24,75,uut_select,다음 漢字語의 바른 뜻을 <보기>에서 찾아 그 번호를 쓰시오.,高速,高速,"[""① 오래된 옛 풍속."", ""② 불을 끔."", ""③ 우스운 이야기를 함."", ""④ 시력이 미치는 범위."", ""⑤ 매우 빠른 속도.""]",⑤,⑤
4급,80,2018-02-24,76,uut_select,다음 漢字語의 바른 뜻을 <보기>에서 찾아 그 번호를 쓰시오.,消火,消火,"[""① 오래된 옛 풍속."", ""② 불을 끔."", ""③ 우스운 이야기를 함."", ""④ 시력이 미치는 범위."", ""⑤ 매우 빠른 속도.""]",②,②
4급,80,2018-02-24,77,uut_select,다음 漢字語의 바른 뜻을 <보기>에서 찾아 그 번호를 쓰시오.,視野,視野,"[""① 오래된 옛 풍속."", ""② 불을 끔."", ""③ 우스운 이야기를 함."", ""④ 시력이 미치는 범위."", ""⑤ 매우 빠른 속도.""]",④,④
4급,80,2018-02-24,78,yakja,다음 漢字의 略字를 쓰시오.,圖,圖,,図,図
4급,80,2018-02-24,79,yakja,다음 漢字의 略字를 쓰시오.,廣,廣,,広,広
4급,80,2018-02-24,80,yakja,다음 漢字의 略字를 쓰시오.,傳,傳,,伝,伝
4급,80,2018-02-24,81,hanjaeo_write,다음 각 문장의 밑줄 친 漢字語를 漢字(正字)로 쓰시오.,100m 달리기의 공식 기록은 0.01초 자리까지 나타낸다.,공식,,公式,公式
4급,80,2018-02-24,82,hanjaeo_write,다음 각 문장의 밑줄 친 漢字語를 漢字(正字)로 쓰시오.,숙성이나 보관 중에 장이 변질될 우려가 있다.,변질,,變質,變質
4급,80,2018-02-24,83,hanjaeo_write,다음 각 문장의 밑줄 친 漢字語를 漢字(正字)로 쓰시오.,김홍도는 조선 시대의 대표적 풍속 화가다.,조선,,朝鮮,朝鮮
4급,80,2018-02-24,84,hanjaeo_write,다음 각 문장의 밑줄 친 漢字語를 漢字(正字)로 쓰시오.,김홍도는 조선 시대의 대표적 풍속 화가다.,대표,,代表,代表
4급,80,2018-02-24,85,hanjaeo_write,다음 각 문장의 밑줄 친 漢字語를 漢字(正字)로 쓰시오.,김홍도는 조선 시대의 대표적 풍속 화가다.,화가,,畫家,畫家
4급,80,2018-02-24,86,hanjaeo_write,다음 각 문장의 밑줄 친 漢字語를 漢字(正字)로 쓰시오.,우리나라의 강수량은 대부분 여름에 집중되어 있다.,집중,,集中,集中
4급,80,2018-02-24,87,hanjaeo_write,다음 각 문장의 밑줄 친 漢字語를 漢字(正字)로 쓰시오.,꽃의 개화 시기는 기온 변화에 가장 큰 영향을 받는다.,개화,,開花,開花
4급,80,2018-02-24,88,hanjaeo_write,다음 각 문장의 밑줄 친 漢字語를 漢字(正字)로 쓰시오.,꽃의 개화 시기는 기온 변화에 가장 큰 영향을 받는다.,시기,,時期,時期
4급,80,2018-02-24,89,hanjaeo_write,다음 각 문장의 밑줄 친 漢字語를 漢字(正字)로 쓰시오.,세영이네 반은 미술 시간에 데칼코마니를 했습니다.,미술,,美術,美術
4급,80,2018-02-24,90,hanjaeo_write,다음 각 문장의 밑줄 친 漢字語를 漢字(正字)로 쓰시오.,우리나라의 새로운 정부를 수립하는 일은 순조롭지 못하였다.,수립,,樹立,樹立
4급,80,2018-02-24,91,hanjaeo_write,다음 각 문장의 밑줄 친 漢字語를 漢字(正字)로 쓰시오.,우리나라의 새로운 정부를 수립하는 일은 순조롭지 못하였다.,순조,,順調,順調
4급,80,2018-02-24,92,hanjaeo_write,다음 각 문장의 밑줄 친 漢字語를 漢字(正字)로 쓰시오.,여행한 시간과 장소의 차례를 ‘여정’이라고 한다.,여행,,旅行,旅行
4급,80,2018-02-24,93,hanjaeo_write,다음 각 문장의 밑줄 친 漢字語를 漢字(正字)로 쓰시오.,여행한 시간과 장소의 차례를 ‘여정’이라고 한다.,장소,,場所,場所
4급,80,2018-02-24,94,hanjaeo_write,다음 각 문장의 밑줄 친 漢字語를 漢字(正字)로 쓰시오.,친구들이 마을 신문을 만들기 위하여 토의를 하고 있다.,친구,,親舊,親舊
4급,80,2018-02-24,95,hanjaeo_write,다음 각 문장의 밑줄 친 漢字語를 漢字(正字)로 쓰시오.,독도의용수비대는 일본 어선이 독도 근해에서 고기잡이를 하지 못하도록 하였다.,어선,,漁船,漁船
4급,80,2018-02-24,96,hanjaeo_write,다음 각 문장의 밑줄 친 漢字語를 漢字(正字)로 쓰시오.,독도의용수비대는 일본 어선이 독도 근해에서 고기잡이를 하지 못하도록 하였다.,독도,,獨島,獨島
4급,80,2018-02-24,97,hanjaeo_write,다음 각 문장의 밑줄 친 漢字語를 漢字(正字)로 쓰시오.,독도의용수비대는 일본 어선이 독도 근해에서 고기잡이를 하지 못하도록 하였다.,근해,,近海,近海
4급,80,2018-02-24,98,hanjaeo_write,다음 각 문장의 밑줄 친 漢字語를 漢字(正字)로 쓰시오.,옛날의 생활 도구에는 우리 조상들의 지혜가 담겨 있습니다.,도구,,道具,道具
4급,80,2018-02-24,99,hanjaeo_write,다음 각 문장의 밑줄 친 漢字語를 漢字(正字)로 쓰시오.,옛날의 생활 도구에는 우리 조상들의 지혜가 담겨 있습니다.,조상,,祖上,祖上
4급,80,2018-02-24,100,hanjaeo_write,다음 각 문장의 밑줄 친 漢字語를 漢字(正字)로 쓰시오.,환경 문제 해결을 위해서는 개인의 노력도 필요하다.,필요,,必要,必要
