level,session,exam_date,question_no,question_type,instruction,question_text,target,options,answer,answer_display,image_path
7급II,80,2018-02-24,1,dokum,다음 밑줄 친 漢字語의 音을 쓰세요.,거실이 좁은데도 空間을 활용하 여 가구를 배치합니다.,空間,,공간,공간,
7급II,80,2018-02-24,2,dokum,다음 밑줄 친 漢字語의 音을 쓰세요.,이 문제에는 正答이 따로 없습 니다.,正答,,정답,정답,
7급II,80,2018-02-24,3,dokum,다음 밑줄 친 漢字語의 音을 쓰세요.,이 사업에 全力을 다할 예정입 니다.,全力,,전력,전력,
7급II,80,2018-02-24,4,dokum,다음 밑줄 친 漢字語의 音을 쓰세요.,인간은 萬物의 영장입니다.,萬物,,만물,만물,
7급II,80,2018-02-24,5,dokum,다음 밑줄 친 漢字語의 音을 쓰세요.,民家에 들러 도움을 청해야겠습 니다.,民家,,민가,민가,
7급II,80,2018-02-24,6,dokum,다음 밑줄 친 漢字語의 音을 쓰세요.,자주 電話로 안부를 묻습니다.,電話,,전화,전화,
7급II,80,2018-02-24,7,dokum,다음 밑줄 친 漢字語의 音을 쓰세요.,이 글은 그분이 적은 日記입니 다.,日記,,일기,일기,
7급II,80,2018-02-24,8,dokum,다음 밑줄 친 漢字語의 音을 쓰세요.,오늘 午後 동안 아무것도 먹지 못했습니다.,午後,,오후,오후,
7급II,80,2018-02-24,9,dokum,다음 밑줄 친 漢字語의 音을 쓰세요.,이 집 아들은 孝子라고 소문이 자자합니다.,孝子,,효자,효자,
7급II,80,2018-02-24,10,dokum,다음 밑줄 친 漢字語의 音을 쓰세요.,시선이 一時에 쏠렸습니다.,一時,,일시,일시,
7급II,80,2018-02-24,11,dokum,다음 밑줄 친 漢字語의 音을 쓰세요.,주말마다 봉사 活動을 합니다.,活動,,활동,활동,
7급II,80,2018-02-24,12,dokum,다음 밑줄 친 漢字語의 音을 쓰세요.,어릴 때 三寸이 잘 놀아 주었 습니다.,三寸,,삼촌,삼촌,
7급II,80,2018-02-24,13,dokum,다음 밑줄 친 漢字語의 音을 쓰세요.,兄弟끼리 사이좋게 지내야 합 니다.,兄弟,,형제,형제,
7급II,80,2018-02-24,14,dokum,다음 밑줄 친 漢字語의 音을 쓰세요.,태권도 道場을 다녔습니다.,道場,,도장,도장,
7급II,80,2018-02-24,15,dokum,다음 밑줄 친 漢字語의 音을 쓰세요.,그녀는 上氣된 얼굴로 다가왔 습니다.,上氣,,상기,상기,
7급II,80,2018-02-24,16,dokum,다음 밑줄 친 漢字語의 音을 쓰세요.,이 건물은 市立 도서관입니다.,市立,,시립,시립,
7급II,80,2018-02-24,17,dokum,다음 밑줄 친 漢字語의 音을 쓰세요.,아름다운 江山을 보호하는 것 은 국민의 의무입니다.,江山,,강산,강산,
7급II,80,2018-02-24,18,dokum,다음 밑줄 친 漢字語의 音을 쓰세요.,명성황후는 國母의 대표적 인 물입니다.,國母,,국모,국모,
7급II,80,2018-02-24,19,dokum,다음 밑줄 친 漢字語의 音을 쓰세요.,어릴 때 軍人 아저씨께 위문편 지를 썼습니다.,軍人,,군인,군인,
7급II,80,2018-02-24,20,dokum,다음 밑줄 친 漢字語의 音을 쓰세요.,前方에서 복무하는 군인들은 추위하고도 싸워야 합니다.,前方,,전방,전방,
7급II,80,2018-02-24,21,dokum,다음 밑줄 친 漢字語의 音을 쓰세요.,범인이 自白을 했기 때문에 수 사가 빨리 끝났습니다.,自白,,자백,자백,
7급II,80,2018-02-24,22,dokum,다음 밑줄 친 漢字語의 音을 쓰세요.,뜻이 있는 靑年들이 모여 불우 청소년을 위한 야학을 열었습니 다.,靑年,,청년,청년,
7급II,80,2018-02-24,23,hunum,다음 漢字의 訓과 音을 쓰세요.,每,每,,매양 매,매양 매,
7급II,80,2018-02-24,24,hunum,다음 漢字의 訓과 音을 쓰세요.,海,海,,바다 해,바다 해,
7급II,80,2018-02-24,25,hunum,다음 漢字의 訓과 音을 쓰세요.,車,車,,수레 거/차,수레 거/차,
7급II,80,2018-02-24,26,hunum,다음 漢字의 訓과 音을 쓰세요.,小,小,,작을 소,작을 소,
7급II,80,2018-02-24,27,hunum,다음 漢字의 訓과 音을 쓰세요.,五,五,,다섯 오,다섯 오,
7급II,80,2018-02-24,28,hunum,다음 漢字의 訓과 音을 쓰세요.,名,名,,이름 명,이름 명,
7급II,80,2018-02-24,29,hunum,다음 漢字의 訓과 音을 쓰세요.,火,火,,불 화,불 화,
7급II,80,2018-02-24,30,hunum,다음 漢字의 訓과 音을 쓰세요.,學,學,,배울 학,배울 학,
7급II,80,2018-02-24,31,hunum,다음 漢字의 訓과 音을 쓰세요.,金,金,,쇠 금/성 김,쇠 금/성 김,
7급II,80,2018-02-24,32,hunum,다음 漢字의 訓과 音을 쓰세요.,父,父,,아비 부,아비 부,
7급II,80,2018-02-24,33,hunum,다음 漢字의 訓과 音을 쓰세요.,姓,姓,,성 성,성 성,
7급II,80,2018-02-24,34,hunum,다음 漢字의 訓과 音을 쓰세요.,四,四,,넉 사,넉 사,
7급II,80,2018-02-24,35,hunum,다음 漢字의 訓과 音을 쓰세요.,長,長,,긴 장,긴 장,
7급II,80,2018-02-24,36,hunum,다음 漢字의 訓과 音을 쓰세요.,敎,敎,,가르칠 교,가르칠 교,
7급II,80,2018-02-24,37,hunum,다음 漢字의 訓과 音을 쓰세요.,西,西,,서녘 서,서녘 서,
7급II,80,2018-02-24,38,hunum,다음 漢字의 訓과 音을 쓰세요.,王,王,,임금 왕,임금 왕,
7급II,80,2018-02-24,39,hunum,다음 漢字의 訓과 音을 쓰세요.,木,木,,나무 목,나무 목,
7급II,80,2018-02-24,40,hunum,다음 漢字의 訓과 音을 쓰세요.,先,先,,먼저 선,먼저 선,
7급II,80,2018-02-24,41,hunum,다음 漢字의 訓과 音을 쓰세요.,女,女,,계집 녀,계집 녀,
7급II,80,2018-02-24,42,hunum,다음 漢字의 訓과 音을 쓰세요.,室,室,,집 실,집 실,
7급II,80,2018-02-24,43,select_hanjaeo,다음 밑줄 친 漢字語를 <보기>에서 찾아 그 번호를 쓰세요.,집안에 대사가 있어 친척 손님 들이 모였습니다.,대사,"[""① 十月"", ""② 大事"", ""③ 水中"", ""④ 左右""]",②,大事,
7급II,80,2018-02-24,44,select_hanjaeo,다음 밑줄 친 漢字語를 <보기>에서 찾아 그 번호를 쓰세요.,길을 건널 때는 좌우를 잘 살 펴서 건너야 합니다.,좌우,"[""① 十月"", ""② 大事"", ""③ 水中"", ""④ 左右""]",④,左右,
7급II,80,2018-02-24,45,select_hanja,다음 訓과 音에 맞는 漢字를 <보기>에서 찾아 그 번호를 쓰세요.,장인 공,장인 공,"[""① 男"", ""② 工"", ""③ 土"", ""④ 直"", ""⑤ 平"", ""⑥ 世"", ""⑦ 安"", ""⑧ 不"", ""⑨ 下"", ""⑩ 農""]",②,工,
7급II,80,2018-02-24,46,select_hanja,다음 訓과 音에 맞는 漢字를 <보기>에서 찾아 그 번호를 쓰세요.,인간 세,인간 세,"[""① 男"", ""② 工"", ""③ 土"", ""④ 直"", ""⑤ 平"", ""⑥ 世"", ""⑦ 安"", ""⑧ 不"", ""⑨ 下"", ""⑩ 農""]",⑥,世,
7급II,80,2018-02-24,47,select_hanja,다음 訓과 音에 맞는 漢字를 <보기>에서 찾아 그 번호를 쓰세요.,농사 농,농사 농,"[""① 男"", ""② 工"", ""③ 土"", ""④ 直"", ""⑤ 平"", ""⑥ 世"", ""⑦ 安"", ""⑧ 不"", ""⑨ 下"", ""⑩ 農""]",⑩,農,
7급II,80,2018-02-24,48,select_hanja,다음 訓과 音에 맞는 漢字를 <보기>에서 찾아 그 번호를 쓰세요.,곧을 직,곧을 직,"[""① 男"", ""② 工"", ""③ 土"", ""④ 直"", ""⑤ 平"", ""⑥ 世"", ""⑦ 安"", ""⑧ 不"", ""⑨ 下"", ""⑩ 農""]",④,直,
7급II,80,2018-02-24,49,select_hanja,다음 訓과 音에 맞는 漢字를 <보기>에서 찾아 그 번호를 쓰세요.,아래 하,아래 하,"[""① 男"", ""② 工"", ""③ 土"", ""④ 直"", ""⑤ 平"", ""⑥ 世"", ""⑦ 安"", ""⑧ 不"", ""⑨ 下"", ""⑩ 農""]",⑨,下,
7급II,80,2018-02-24,50,select_hanja,다음 訓과 音에 맞는 漢字를 <보기>에서 찾아 그 번호를 쓰세요.,사내 남,사내 남,"[""① 男"", ""② 工"", ""③ 土"", ""④ 直"", ""⑤ 平"", ""⑥ 世"", ""⑦ 安"", ""⑧ 不"", ""⑨ 下"", ""⑩ 農""]",①,男,
7급II,80,2018-02-24,51,select_hanja,다음 訓과 音에 맞는 漢字를 <보기>에서 찾아 그 번호를 쓰세요.,편안 안,편안 안,"[""① 男"", ""② 工"", ""③ 土"", ""④ 直"", ""⑤ 平"", ""⑥ 世"", ""⑦ 安"", ""⑧ 不"", ""⑨ 下"", ""⑩ 農""]",⑦,安,
7급II,80,2018-02-24,52,select_hanja,다음 訓과 音에 맞는 漢字를 <보기>에서 찾아 그 번호를 쓰세요.,평평할 평,평평할 평,"[""① 男"", ""② 工"", ""③ 土"", ""④ 直"", ""⑤ 平"", ""⑥ 世"", ""⑦ 安"", ""⑧ 不"", ""⑨ 下"", ""⑩ 農""]",⑤,平,
7급II,80,2018-02-24,53,select_hanja,다음 訓과 音에 맞는 漢字를 <보기>에서 찾아 그 번호를 쓰세요.,흙 토,흙 토,"[""① 男"", ""② 工"", ""③ 土"", ""④ 直"", ""⑤ 平"", ""⑥ 世"", ""⑦ 安"", ""⑧ 不"", ""⑨ 下"", ""⑩ 農""]",③,土,
7급II,80,2018-02-24,54,select_hanja,다음 訓과 音에 맞는 漢字를 <보기>에서 찾아 그 번호를 쓰세요.,아닐 불,아닐 불,"[""① 男"", ""② 工"", ""③ 土"", ""④ 直"", ""⑤ 平"", ""⑥ 世"", ""⑦ 安"", ""⑧ 不"", ""⑨ 下"", ""⑩ 農""]",⑧,不,
7급II,80,2018-02-24,55,banui_select,다음 漢字의 상대(또는 반대)되는 漢字를 <보기>에서 골라 그 번호를 쓰세요.,( ) ↔ 外,( ) ↔ 外,"[""① 內"", ""② 漢"", ""③ 北"", ""④ 手""]",①,內,
7급II,80,2018-02-24,56,banui_select,다음 漢字의 상대(또는 반대)되는 漢字를 <보기>에서 골라 그 번호를 쓰세요.,( ) ↔ 足,( ) ↔ 足,"[""① 內"", ""② 漢"", ""③ 北"", ""④ 手""]",④,手,
7급II,80,2018-02-24,57,mean_select,다음 뜻에 맞는 漢字語를 <보기>에서 찾아 그 번호를 쓰세요.,동쪽에 있는 문.,,"[""① 八九"", ""② 東門"", ""③ 韓食"", ""④ 南門""]",②,東門,
7급II,80,2018-02-24,58,mean_select,다음 뜻에 맞는 漢字語를 <보기>에서 찾아 그 번호를 쓰세요.,우리나라 고유의 음식이나 식사.,,"[""① 八九"", ""② 東門"", ""③ 韓食"", ""④ 南門""]",③,韓食,
7급II,80,2018-02-24,59,stroke,다음 漢字의 진하게 표시한 획은 몇 번째 쓰는지 <보기>에서 찾아 그 번호를 쓰세요.,,,"[""① 첫 번째"", ""② 두 번째"", ""③ 세 번째"", ""④ 네 번째"", ""⑤ 다섯 번째"", ""⑥ 여섯 번째"", ""⑦ 일곱 번째"", ""⑧ 여덟 번째"", ""⑨ 아홉 번째"", ""⑩ 열 번째""]",⑤,다섯 번째,exam-strokes/stroke_7ii_80_59.png
7급II,80,2018-02-24,60,stroke,다음 漢字의 진하게 표시한 획은 몇 번째 쓰는지 <보기>에서 찾아 그 번호를 쓰세요.,,,"[""① 첫 번째"", ""② 두 번째"", ""③ 세 번째"", ""④ 네 번째"", ""⑤ 다섯 번째"", ""⑥ 여섯 번째"", ""⑦ 일곱 번째"", ""⑧ 여덟 번째"", ""⑨ 아홉 번째"", ""⑩ 열 번째""]",⑩,열 번째,exam-strokes/stroke_7ii_80_60.png
7급II,81,2018-06-02,1,dokum,다음 밑줄 친 漢字語의 音을 쓰세요.,우리 집의 암탉은 每日 한 개씩 알을 낳습니다.,每日,,매일,매일,
7급II,81,2018-06-02,2,dokum,다음 밑줄 친 漢字語의 音을 쓰세요.,오징어는 東海에서 많이 잡힙니 다.,東海,,동해,동해,
7급II,81,2018-06-02,3,dokum,다음 밑줄 친 漢字語의 音을 쓰세요.,열차의 운행 중에 下車를 하면 위험합니다.,下車,,하차,하차,
7급II,81,2018-06-02,4,dokum,다음 밑줄 친 漢字語의 音을 쓰세요.,나는 오늘 교회에 五萬 원을 헌 금했습니다.,五萬,,오만,오만,
7급II,81,2018-06-02,5,dokum,다음 밑줄 친 漢字語의 音을 쓰세요.,설악산은 우리나라의 대표적인 名山입니다.,名山,,명산,명산,
7급II,81,2018-06-02,6,dokum,다음 밑줄 친 漢字語의 音을 쓰세요.,아버지는 火力 발전소에서 근무 하십니다.,火力,,화력,화력,
7급II,81,2018-06-02,7,dokum,다음 밑줄 친 漢字語의 音을 쓰세요.,동수는 일 學年 중에서 키가 제 일 큽니다.,學年,,학년,학년,
7급II,81,2018-06-02,8,dokum,다음 밑줄 친 漢字語의 音을 쓰세요.,지각한 학생이 敎室 뒷문으로 슬며시 들어옵니다.,敎室,,교실,교실,
7급II,81,2018-06-02,9,dokum,다음 밑줄 친 漢字語의 音을 쓰세요.,一金 십만 원을 받았습니다.,一金,,일금,일금,
7급II,81,2018-06-02,10,dokum,다음 밑줄 친 漢字語의 音을 쓰세요.,우리 父女를 보살펴 주신 은혜 는 영원히 못 잊을 겁니다.,父女,,부녀,부녀,
7급II,81,2018-06-02,11,dokum,다음 밑줄 친 漢字語의 音을 쓰세요.,형은 대학에 들어가 四物놀이 동아리에 가입했습니다.,四物,,사물,사물,
7급II,81,2018-06-02,12,dokum,다음 밑줄 친 漢字語의 音을 쓰세요.,校長 선생님이 학부모와 면담 하고 계십니다.,校長,,교장,교장,
7급II,81,2018-06-02,13,dokum,다음 밑줄 친 漢字語의 音을 쓰세요.,차가운 北西풍이 불면서 해안 지역에 눈구름을 만듭니다.,北西,,북서,북서,
7급II,81,2018-06-02,14,dokum,다음 밑줄 친 漢字語의 音을 쓰세요.,여전히 國王이 존재하는 나라 들이 있습니다.,國王,,국왕,국왕,
7급II,81,2018-06-02,15,dokum,다음 밑줄 친 漢字語의 音을 쓰세요.,예전부터 木工일을 배우고 싶 었습니다.,木工,,목공,목공,
7급II,81,2018-06-02,16,dokum,다음 밑줄 친 漢字語의 音을 쓰세요.,진학 문제로 先生님과 상담하 였습니다.,先生,,선생,선생,
7급II,81,2018-06-02,17,dokum,다음 밑줄 친 漢字語의 音을 쓰세요.,아버지는 항상 正直하게 살라 고 말씀하셨습니다.,正直,,정직,정직,
7급II,81,2018-06-02,18,dokum,다음 밑줄 친 漢字語의 音을 쓰세요.,조선 시대는 사대부와 平民의 구분이 엄격했습니다.,平民,,평민,평민,
7급II,81,2018-06-02,19,dokum,다음 밑줄 친 漢字語의 音을 쓰세요.,어제 내린 눈이 온 世上을 하 얗게 덮었습니다.,世上,,세상,세상,
7급II,81,2018-06-02,20,dokum,다음 밑줄 친 漢字語의 音을 쓰세요.,차를 타면 安全벨트부터 매는 습관을 들여야 합니다.,安全,,안전,안전,
7급II,81,2018-06-02,21,dokum,다음 밑줄 친 漢字語의 音을 쓰세요.,그녀는 젊은 시절의 不孝를 크 게 뉘우칩니다.,不孝,,불효,불효,
7급II,81,2018-06-02,22,dokum,다음 밑줄 친 漢字語의 音을 쓰세요.,그녀는 말을 하지 못하는 장애 인에게 手話를 가르칩니다.,手話,,수화,수화,
7급II,81,2018-06-02,23,hunum,다음 漢字의 訓과 音을 쓰세요.,時,時,,때 시,때 시,
7급II,81,2018-06-02,24,hunum,다음 漢字의 訓과 音을 쓰세요.,六,六,,여섯 륙,여섯 륙,
7급II,81,2018-06-02,25,hunum,다음 漢字의 訓과 音을 쓰세요.,記,記,,기록할 기,기록할 기,
7급II,81,2018-06-02,26,hunum,다음 漢字의 訓과 音을 쓰세요.,靑,靑,,푸를 청,푸를 청,
7급II,81,2018-06-02,27,hunum,다음 漢字의 訓과 音을 쓰세요.,三,三,,석 삼,석 삼,
7급II,81,2018-06-02,28,hunum,다음 漢字의 訓과 音을 쓰세요.,自,自,,스스로 자,스스로 자,
7급II,81,2018-06-02,29,hunum,다음 漢字의 訓과 音을 쓰세요.,白,白,,흰 백,흰 백,
7급II,81,2018-06-02,30,hunum,다음 漢字의 訓과 音을 쓰세요.,右,右,,오른 우,오른 우,
7급II,81,2018-06-02,31,hunum,다음 漢字의 訓과 音을 쓰세요.,左,左,,왼 좌,왼 좌,
7급II,81,2018-06-02,32,hunum,다음 漢字의 訓과 音을 쓰세요.,九,九,,아홉 구,아홉 구,
7급II,81,2018-06-02,33,hunum,다음 漢字의 訓과 音을 쓰세요.,南,南,,남녘 남,남녘 남,
7급II,81,2018-06-02,34,hunum,다음 漢字의 訓과 音을 쓰세요.,電,電,,번개 전,번개 전,
7급II,81,2018-06-02,35,hunum,다음 漢字의 訓과 音을 쓰세요.,氣,氣,,기운 기,기운 기,
7급II,81,2018-06-02,36,hunum,다음 漢字의 訓과 音을 쓰세요.,方,方,,모 방,모 방,
7급II,81,2018-06-02,37,hunum,다음 漢字의 訓과 音을 쓰세요.,寸,寸,,마디 촌,마디 촌,
7급II,81,2018-06-02,38,hunum,다음 漢字의 訓과 音을 쓰세요.,江,江,,강 강,강 강,
7급II,81,2018-06-02,39,hunum,다음 漢字의 訓과 音을 쓰세요.,八,八,,여덟 팔,여덟 팔,
7급II,81,2018-06-02,40,hunum,다음 漢字의 訓과 音을 쓰세요.,前,前,,앞 전,앞 전,
7급II,81,2018-06-02,41,hunum,다음 漢字의 訓과 音을 쓰세요.,動,動,,움직일 동,움직일 동,
7급II,81,2018-06-02,42,hunum,다음 漢字의 訓과 音을 쓰세요.,人,人,,사람 인,사람 인,
7급II,81,2018-06-02,43,select_hanjaeo,다음 밑줄 친 漢字語를 <보기>에서 찾아 그 번호를 쓰세요.,농민들은 겨울에도 비닐하우스 농사를 짓느라 바쁩니다.,농사,"[""① 午後"", ""② 韓食"", ""③ 二月"", ""④ 農事""]",④,農事,
7급II,81,2018-06-02,44,select_hanjaeo,다음 밑줄 친 漢字語를 <보기>에서 찾아 그 번호를 쓰세요.,"그녀는 한식부터 일식, 중식까 지 못하는 요리가 없습니다.",한식,"[""① 午後"", ""② 韓食"", ""③ 二月"", ""④ 農事""]",②,韓食,
7급II,81,2018-06-02,45,select_hanja,다음 訓과 音에 맞는 漢字를 <보기>에서 찾아 그 번호를 쓰세요.,사내 남,사내 남,"[""① 足"", ""② 家"", ""③ 母"", ""④ 活"", ""⑤ 外"", ""⑥ 門"", ""⑦ 土"", ""⑧ 十"", ""⑨ 答"", ""⑩ 男""]",⑩,男,
7급II,81,2018-06-02,46,select_hanja,다음 訓과 音에 맞는 漢字를 <보기>에서 찾아 그 번호를 쓰세요.,어미 모,어미 모,"[""① 足"", ""② 家"", ""③ 母"", ""④ 活"", ""⑤ 外"", ""⑥ 門"", ""⑦ 土"", ""⑧ 十"", ""⑨ 答"", ""⑩ 男""]",③,母,
7급II,81,2018-06-02,47,select_hanja,다음 訓과 音에 맞는 漢字를 <보기>에서 찾아 그 번호를 쓰세요.,살 활,살 활,"[""① 足"", ""② 家"", ""③ 母"", ""④ 活"", ""⑤ 外"", ""⑥ 門"", ""⑦ 土"", ""⑧ 十"", ""⑨ 答"", ""⑩ 男""]",④,活,
7급II,81,2018-06-02,48,select_hanja,다음 訓과 音에 맞는 漢字를 <보기>에서 찾아 그 번호를 쓰세요.,열 십,열 십,"[""① 足"", ""② 家"", ""③ 母"", ""④ 活"", ""⑤ 外"", ""⑥ 門"", ""⑦ 土"", ""⑧ 十"", ""⑨ 答"", ""⑩ 男""]",⑧,十,
7급II,81,2018-06-02,49,select_hanja,다음 訓과 音에 맞는 漢字를 <보기>에서 찾아 그 번호를 쓰세요.,집 가,집 가,"[""① 足"", ""② 家"", ""③ 母"", ""④ 活"", ""⑤ 外"", ""⑥ 門"", ""⑦ 土"", ""⑧ 十"", ""⑨ 答"", ""⑩ 男""]",②,家,
7급II,81,2018-06-02,50,select_hanja,다음 訓과 音에 맞는 漢字를 <보기>에서 찾아 그 번호를 쓰세요.,대답 답,대답 답,"[""① 足"", ""② 家"", ""③ 母"", ""④ 活"", ""⑤ 外"", ""⑥ 門"", ""⑦ 土"", ""⑧ 十"", ""⑨ 答"", ""⑩ 男""]",⑨,答,
7급II,81,2018-06-02,51,select_hanja,다음 訓과 音에 맞는 漢字를 <보기>에서 찾아 그 번호를 쓰세요.,흙 토,흙 토,"[""① 足"", ""② 家"", ""③ 母"", ""④ 活"", ""⑤ 外"", ""⑥ 門"", ""⑦ 土"", ""⑧ 十"", ""⑨ 答"", ""⑩ 男""]",⑦,土,
7급II,81,2018-06-02,52,select_hanja,다음 訓과 音에 맞는 漢字를 <보기>에서 찾아 그 번호를 쓰세요.,발 족,발 족,"[""① 足"", ""② 家"", ""③ 母"", ""④ 活"", ""⑤ 外"", ""⑥ 門"", ""⑦ 土"", ""⑧ 十"", ""⑨ 答"", ""⑩ 男""]",①,足,
7급II,81,2018-06-02,53,select_hanja,다음 訓과 音에 맞는 漢字를 <보기>에서 찾아 그 번호를 쓰세요.,바깥 외,바깥 외,"[""① 足"", ""② 家"", ""③ 母"", ""④ 活"", ""⑤ 外"", ""⑥ 門"", ""⑦ 土"", ""⑧ 十"", ""⑨ 答"", ""⑩ 男""]",⑤,外,
7급II,81,2018-06-02,54,select_hanja,다음 訓과 音에 맞는 漢字를 <보기>에서 찾아 그 번호를 쓰세요.,문 문,문 문,"[""① 足"", ""② 家"", ""③ 母"", ""④ 活"", ""⑤ 外"", ""⑥ 門"", ""⑦ 土"", ""⑧ 十"", ""⑨ 答"", ""⑩ 男""]",⑥,門,
7급II,81,2018-06-02,55,banui_select,다음 漢字의 상대(또는 반대)되는 漢字를 <보기>에서 골라 그 번호를 쓰세요.,兄 ↔ ( ),兄 ↔ ( ),"[""① 大"", ""② 水"", ""③ 弟"", ""④ 子""]",③,弟,
7급II,81,2018-06-02,56,banui_select,다음 漢字의 상대(또는 반대)되는 漢字를 <보기>에서 골라 그 번호를 쓰세요.,( ) ↔ 小,( ) ↔ 小,"[""① 大"", ""② 水"", ""③ 弟"", ""④ 子""]",①,大,
7급II,81,2018-06-02,57,mean_select,다음 뜻에 맞는 漢字語를 <보기>에서 찾아 그 번호를 쓰세요.,아무것도 없는 빈 곳.,,"[""① 道內"", ""② 中立"", ""③ 空間"", ""④ 市場""]",③,空間,
7급II,81,2018-06-02,58,mean_select,다음 뜻에 맞는 漢字語를 <보기>에서 찾아 그 번호를 쓰세요.,어느 편에도 치우치지 아니하 고 공정하게 처신함.,,"[""① 道內"", ""② 中立"", ""③ 空間"", ""④ 市場""]",②,中立,
7급II,81,2018-06-02,59,stroke,다음 漢字의 진하게 표시한 획은 몇 번째 쓰는지 <보기>에서 찾아 그 번호를 쓰세요.,,,"[""① 첫 번째"", ""② 두 번째"", ""③ 세 번째"", ""④ 네 번째"", ""⑤ 다섯 번째"", ""⑥ 여섯 번째"", ""⑦ 일곱 번째"", ""⑧ 여덟 번째"", ""⑨ 아홉 번째"", ""⑩ 열 번째""]",⑧,여덟 번째,exam-strokes/stroke_7ii_81_59.png
7급II,81,2018-06-02,60,stroke,다음 漢字의 진하게 표시한 획은 몇 번째 쓰는지 <보기>에서 찾아 그 번호를 쓰세요.,,,"[""① 첫 번째"", ""② 두 번째"", ""③ 세 번째"", ""④ 네 번째"", ""⑤ 다섯 번째"", ""⑥ 여섯 번째"", ""⑦ 일곱 번째"", ""⑧ 여덟 번째"", ""⑨ 아홉 번째"", ""⑩ 열 번째""]",⑤,다섯 번째,exam-strokes/stroke_7ii_81_60.png
7급II,82,2018-08-25,1,dokum,다음 밑줄 친 漢字語의 音을 쓰세요.,내 친구는 時間을 알차게 사용 합니다.,時間,,시간,시간,
7급II,82,2018-08-25,2,dokum,다음 밑줄 친 漢字語의 音을 쓰세요.,우리나라의 아름다운 江山을 보 호합시다.,江山,,강산,강산,
7급II,82,2018-08-25,3,dokum,다음 밑줄 친 漢字語의 音을 쓰세요.,그 건물은 지금 한창 工事가 진 행 중입니다.,工事,,공사,공사,
7급II,82,2018-08-25,4,dokum,다음 밑줄 친 漢字語의 音을 쓰세요.,空氣 오염에 대한 대책이 시급 히 요청됩니다.,空氣,,공기,공기,
7급II,82,2018-08-25,5,dokum,다음 밑줄 친 漢字語의 音을 쓰세요.,校外 활동을 통해 심신을 단련 할 수 있습니다.,校外,,교외,교외,
7급II,82,2018-08-25,6,dokum,다음 밑줄 친 漢字語의 音을 쓰세요.,비가 오지 않아 農民들이 시름 에 빠져 있습니다.,農民,,농민,농민,
7급II,82,2018-08-25,7,dokum,다음 밑줄 친 漢字語의 音을 쓰세요.,모든 학생들이 正答을 맞추었습 니다.,正答,,정답,정답,
7급II,82,2018-08-25,8,dokum,다음 밑줄 친 漢字語의 音을 쓰세요.,자동차가 人道를 침범해서는 안 됩니다.,人道,,인도,인도,
7급II,82,2018-08-25,9,dokum,다음 밑줄 친 漢字語의 音을 쓰세요.,1860년에 최제우가 창시한 민 족 종교를 東學이라 합니다.,東學,,동학,동학,
7급II,82,2018-08-25,10,dokum,다음 밑줄 친 漢字語의 音을 쓰세요.,저는 이 일에 全力을 다하기로 결심했습니다.,全力,,전력,전력,
7급II,82,2018-08-25,11,dokum,다음 밑줄 친 漢字語의 音을 쓰세요.,오늘은 國立 도서관에 견학을 가는 날입니다.,國立,,국립,국립,
7급II,82,2018-08-25,12,dokum,다음 밑줄 친 漢字語의 音을 쓰세요.,每年 여름에 여행을 떠납니다.,每年,,매년,매년,
7급II,82,2018-08-25,13,dokum,다음 밑줄 친 漢字語의 音을 쓰세요.,어떤 전문 분야에서 이름이 난 집을 名家라고 합니다.,名家,,명가,명가,
7급II,82,2018-08-25,14,dokum,다음 밑줄 친 漢字語의 音을 쓰세요.,不安에 떨었을 아이들을 생각 하니 미안한 마음이 듭니다.,不安,,불안,불안,
7급II,82,2018-08-25,15,dokum,다음 밑줄 친 漢字語의 音을 쓰세요.,先生님으로부터 칭찬을 받아서 매우 기쁩니다.,先生,,선생,선생,
7급II,82,2018-08-25,16,dokum,다음 밑줄 친 漢字語의 音을 쓰세요.,훌륭한 지도자는 世上 사람들 모두에게 칭송받습니다.,世上,,세상,세상,
7급II,82,2018-08-25,17,dokum,다음 밑줄 친 漢字語의 音을 쓰세요.,水中 안전사고에 늘 유의해야 합니다.,水中,,수중,수중,
7급II,82,2018-08-25,18,dokum,다음 밑줄 친 漢字語의 音을 쓰세요.,전 세계적으로 韓食이 유행한 다고 합니다.,韓食,,한식,한식,
7급II,82,2018-08-25,19,dokum,다음 밑줄 친 漢字語의 音을 쓰세요.,우리의 건강을 위해 항상 敎室 청결에 신경 써야 합니다.,敎室,,교실,교실,
7급II,82,2018-08-25,20,dokum,다음 밑줄 친 漢字語의 音을 쓰세요.,약속이 午後로 연기되었습니다.,午後,,오후,오후,
7급II,82,2018-08-25,21,dokum,다음 밑줄 친 漢字語의 音을 쓰세요.,범인은 죄를 自白하였습니다.,自白,,자백,자백,
7급II,82,2018-08-25,22,dokum,다음 밑줄 친 漢字語의 音을 쓰세요.,연예인이 등장하자 場內에 환 호성이 울려 퍼집니다.,場內,,장내,장내,
7급II,82,2018-08-25,23,hunum,다음 漢字의 訓과 音을 쓰세요.,電,電,,번개 전,번개 전,
7급II,82,2018-08-25,24,hunum,다음 漢字의 訓과 音을 쓰세요.,話,話,,말씀 화,말씀 화,
7급II,82,2018-08-25,25,hunum,다음 漢字의 訓과 音을 쓰세요.,王,王,,임금 왕,임금 왕,
7급II,82,2018-08-25,26,hunum,다음 漢字의 訓과 音을 쓰세요.,動,動,,움직일 동,움직일 동,
7급II,82,2018-08-25,27,hunum,다음 漢字의 訓과 音을 쓰세요.,土,土,,흙 토,흙 토,
7급II,82,2018-08-25,28,hunum,다음 漢字의 訓과 音을 쓰세요.,七,七,,일곱 칠,일곱 칠,
7급II,82,2018-08-25,29,hunum,다음 漢字의 訓과 音을 쓰세요.,十,十,,열 십,열 십,
7급II,82,2018-08-25,30,hunum,다음 漢字의 訓과 音을 쓰세요.,姓,姓,,성 성,성 성,
7급II,82,2018-08-25,31,hunum,다음 漢字의 訓과 音을 쓰세요.,前,前,,앞 전,앞 전,
7급II,82,2018-08-25,32,hunum,다음 漢字의 訓과 音을 쓰세요.,八,八,,여덟 팔,여덟 팔,
7급II,82,2018-08-25,33,hunum,다음 漢字의 訓과 音을 쓰세요.,海,海,,바다 해,바다 해,
7급II,82,2018-08-25,34,hunum,다음 漢字의 訓과 音을 쓰세요.,記,記,,기록할 기,기록할 기,
7급II,82,2018-08-25,35,hunum,다음 漢字의 訓과 音을 쓰세요.,長,長,,긴 장,긴 장,
7급II,82,2018-08-25,36,hunum,다음 漢字의 訓과 音을 쓰세요.,靑,靑,,푸를 청,푸를 청,
7급II,82,2018-08-25,37,hunum,다음 漢字의 訓과 音을 쓰세요.,六,六,,여섯 륙,여섯 륙,
7급II,82,2018-08-25,38,hunum,다음 漢字의 訓과 音을 쓰세요.,活,活,,살 활,살 활,
7급II,82,2018-08-25,39,hunum,다음 漢字의 訓과 音을 쓰세요.,軍,軍,,군사 군,군사 군,
7급II,82,2018-08-25,40,hunum,다음 漢字의 訓과 音을 쓰세요.,直,直,,곧을 직,곧을 직,
7급II,82,2018-08-25,41,hunum,다음 漢字의 訓과 音을 쓰세요.,方,方,,모 방,모 방,
7급II,82,2018-08-25,42,hunum,다음 漢字의 訓과 音을 쓰세요.,五,五,,다섯 오,다섯 오,
7급II,82,2018-08-25,43,select_hanjaeo,다음 밑줄 친 漢字語를 <보기>에서 찾아 그 번호를 쓰세요.,평창올림픽은 남북이 하나가 되는 계기를 만들었습니다.,남북,"[""① 南北"", ""② 父母"", ""③ 手足"", ""④ 兄弟""]",①,南北,
7급II,82,2018-08-25,44,select_hanjaeo,다음 밑줄 친 漢字語를 <보기>에서 찾아 그 번호를 쓰세요.,형제간에 다투지 않는 것이 제 일입니다.,형제,"[""① 南北"", ""② 父母"", ""③ 手足"", ""④ 兄弟""]",④,兄弟,
7급II,82,2018-08-25,45,select_hanja,다음 訓과 音에 맞는 漢字를 <보기>에서 찾아 그 번호를 쓰세요.,아래 하,아래 하,"[""① 金"", ""② 萬"", ""③ 木"", ""④ 四"", ""⑤ 市"", ""⑥ 子"", ""⑦ 下"", ""⑧ 三"", ""⑨ 九"", ""⑩ 西""]",⑦,下,
7급II,82,2018-08-25,46,select_hanja,다음 訓과 音에 맞는 漢字를 <보기>에서 찾아 그 번호를 쓰세요.,저자 시,저자 시,"[""① 金"", ""② 萬"", ""③ 木"", ""④ 四"", ""⑤ 市"", ""⑥ 子"", ""⑦ 下"", ""⑧ 三"", ""⑨ 九"", ""⑩ 西""]",⑤,市,
7급II,82,2018-08-25,47,select_hanja,다음 訓과 音에 맞는 漢字를 <보기>에서 찾아 그 번호를 쓰세요.,나무 목,나무 목,"[""① 金"", ""② 萬"", ""③ 木"", ""④ 四"", ""⑤ 市"", ""⑥ 子"", ""⑦ 下"", ""⑧ 三"", ""⑨ 九"", ""⑩ 西""]",③,木,
7급II,82,2018-08-25,48,select_hanja,다음 訓과 音에 맞는 漢字를 <보기>에서 찾아 그 번호를 쓰세요.,석 삼,석 삼,"[""① 金"", ""② 萬"", ""③ 木"", ""④ 四"", ""⑤ 市"", ""⑥ 子"", ""⑦ 下"", ""⑧ 三"", ""⑨ 九"", ""⑩ 西""]",⑧,三,
7급II,82,2018-08-25,49,select_hanja,다음 訓과 音에 맞는 漢字를 <보기>에서 찾아 그 번호를 쓰세요.,일만 만,일만 만,"[""① 金"", ""② 萬"", ""③ 木"", ""④ 四"", ""⑤ 市"", ""⑥ 子"", ""⑦ 下"", ""⑧ 三"", ""⑨ 九"", ""⑩ 西""]",②,萬,
7급II,82,2018-08-25,50,select_hanja,다음 訓과 音에 맞는 漢字를 <보기>에서 찾아 그 번호를 쓰세요.,아홉 구,아홉 구,"[""① 金"", ""② 萬"", ""③ 木"", ""④ 四"", ""⑤ 市"", ""⑥ 子"", ""⑦ 下"", ""⑧ 三"", ""⑨ 九"", ""⑩ 西""]",⑨,九,
7급II,82,2018-08-25,51,select_hanja,다음 訓과 音에 맞는 漢字를 <보기>에서 찾아 그 번호를 쓰세요.,넉 사,넉 사,"[""① 金"", ""② 萬"", ""③ 木"", ""④ 四"", ""⑤ 市"", ""⑥ 子"", ""⑦ 下"", ""⑧ 三"", ""⑨ 九"", ""⑩ 西""]",④,四,
7급II,82,2018-08-25,52,select_hanja,다음 訓과 音에 맞는 漢字를 <보기>에서 찾아 그 번호를 쓰세요.,아들 자,아들 자,"[""① 金"", ""② 萬"", ""③ 木"", ""④ 四"", ""⑤ 市"", ""⑥ 子"", ""⑦ 下"", ""⑧ 三"", ""⑨ 九"", ""⑩ 西""]",⑥,子,
7급II,82,2018-08-25,53,select_hanja,다음 訓과 音에 맞는 漢字를 <보기>에서 찾아 그 번호를 쓰세요.,쇠 금,쇠 금,"[""① 金"", ""② 萬"", ""③ 木"", ""④ 四"", ""⑤ 市"", ""⑥ 子"", ""⑦ 下"", ""⑧ 三"", ""⑨ 九"", ""⑩ 西""]",①,金,
7급II,82,2018-08-25,54,select_hanja,다음 訓과 音에 맞는 漢字를 <보기>에서 찾아 그 번호를 쓰세요.,서녘 서,서녘 서,"[""① 金"", ""② 萬"", ""③ 木"", ""④ 四"", ""⑤ 市"", ""⑥ 子"", ""⑦ 下"", ""⑧ 三"", ""⑨ 九"", ""⑩ 西""]",⑩,西,
7급II,82,2018-08-25,55,banui_select,다음 漢字의 상대(또는 반대)되는 漢字를 <보기>에서 골라 그 번호를 쓰세요.,( ) ↔ 小,( ) ↔ 小,"[""① 大"", ""② 男"", ""③ 平"", ""④ 寸""]",①,大,
7급II,82,2018-08-25,56,banui_select,다음 漢字의 상대(또는 반대)되는 漢字를 <보기>에서 골라 그 번호를 쓰세요.,( ) ↔ 女,( ) ↔ 女,"[""① 大"", ""② 男"", ""③ 平"", ""④ 寸""]",②,男,
7급II,82,2018-08-25,57,mean_select,다음 뜻에 맞는 漢字語를 <보기>에서 찾아 그 번호를 쓰세요.,해와 달. 세월.,,"[""① 一門"", ""② 日月"", ""③ 火車"", ""④ 左右""]",②,日月,
7급II,82,2018-08-25,58,mean_select,다음 뜻에 맞는 漢字語를 <보기>에서 찾아 그 번호를 쓰세요.,왼쪽과 오른쪽. 주위에 거느리는 사람.,,"[""① 一門"", ""② 日月"", ""③ 火車"", ""④ 左右""]",④,左右,
7급II,82,2018-08-25,59,stroke,다음 漢字의 진하게 표시한 획은 몇 번째 쓰는지 <보기>에서 찾아 그 번호를 쓰세요.,,,"[""① 첫 번째"", ""② 두 번째"", ""③ 세 번째"", ""④ 네 번째"", ""⑤ 다섯 번째"", ""⑥ 여섯 번째"", ""⑦ 일곱 번째"", ""⑧ 여덟 번째"", ""⑨ 아홉 번째"", ""⑩ 열 번째""]",③,세 번째,exam-strokes/stroke_7ii_82_59.png
7급II,82,2018-08-25,60,stroke,다음 漢字의 진하게 표시한 획은 몇 번째 쓰는지 <보기>에서 찾아 그 번호를 쓰세요.,,,"[""① 첫 번째"", ""② 두 번째"", ""③ 세 번째"", ""④ 네 번째"", ""⑤ 다섯 번째"", ""⑥ 여섯 번째"", ""⑦ 일곱 번째"", ""⑧ 여덟 번째"", ""⑨ 아홉 번째"", ""⑩ 열 번째""]",④,네 번째,exam-strokes/stroke_7ii_82_60.png
7급II,83,2018-11-24,1,dokum,다음 밑줄 친 漢字語의 音을 쓰세요.,東西 간의 화합은 아주 중요합 니다.,東西,,동서,동서,
7급II,83,2018-11-24,2,dokum,다음 밑줄 친 漢字語의 音을 쓰세요.,봉투에 발신인의 주소와 姓名은 적혀 있지 않았습니다.,姓名,,성명,성명,
7급II,83,2018-11-24,3,dokum,다음 밑줄 친 漢字語의 音을 쓰세요.,4校時 수업 후에 점심시간입니 다.,校時,,교시,교시,
7급II,83,2018-11-24,4,dokum,다음 밑줄 친 漢字語의 音을 쓰세요.,지구의 기온이 每年 조금씩 상 승하고 있습니다.,每年,,매년,매년,
7급II,83,2018-11-24,5,dokum,다음 밑줄 친 漢字語의 音을 쓰세요.,새로운 國家의 건설을 위하여 노력합니다.,國家,,국가,국가,
7급II,83,2018-11-24,6,dokum,다음 밑줄 친 漢字語의 音을 쓰세요.,三寸은 방학에 해외봉사를 다녀 왔습니다.,三寸,,삼촌,삼촌,
7급II,83,2018-11-24,7,dokum,다음 밑줄 친 漢字語의 音을 쓰세요.,문제를 푸는 데 시간이 不足합 니다.,不足,,부족,부족,
7급II,83,2018-11-24,8,dokum,다음 밑줄 친 漢字語의 音을 쓰세요.,空氣의 오염이 심각합니다.,空氣,,공기,공기,
7급II,83,2018-11-24,9,dokum,다음 밑줄 친 漢字語의 音을 쓰세요.,이 글은 그분이 적은 手記입니다.,手記,,수기,수기,
7급II,83,2018-11-24,10,dokum,다음 밑줄 친 漢字語의 音을 쓰세요.,의사는 약을 食前에 먹으라고 하였습니다.,食前,,식전,식전,
7급II,83,2018-11-24,11,dokum,다음 밑줄 친 漢字語의 音을 쓰세요.,이번 여름에 電力 소비량이 급 격히 증가했습니다.,電力,,전력,전력,
7급II,83,2018-11-24,12,dokum,다음 밑줄 친 漢字語의 音을 쓰세요.,범인이 自白을 했기 때문에 수 사가 빨리 끝났습니다.,自白,,자백,자백,
7급II,83,2018-11-24,13,dokum,다음 밑줄 친 漢字語의 音을 쓰세요.,왜곡된 역사관의 正立이 필요 합니다.,正立,,정립,정립,
7급II,83,2018-11-24,14,dokum,다음 밑줄 친 漢字語의 音을 쓰세요.,軍民이 함께 재해구조에 나섰 습니다.,軍民,,군민,군민,
7급II,83,2018-11-24,15,dokum,다음 밑줄 친 漢字語의 音을 쓰세요.,사고를 방지하려면 정기적으로 安全 점검을 해야 합니다.,安全,,안전,안전,
7급II,83,2018-11-24,16,dokum,다음 밑줄 친 漢字語의 音을 쓰세요.,漢江은 서울의 중심을 흐르는 강입니다.,漢江,,한강,한강,
7급II,83,2018-11-24,17,dokum,다음 밑줄 친 漢字語의 音을 쓰세요.,우체국에 가려면 학교 後門으 로 가는 것이 빠릅니다.,後門,,후문,후문,
7급II,83,2018-11-24,18,dokum,다음 밑줄 친 漢字語의 音을 쓰세요.,그 아파트는 지금 한창 工事가 진행되고 있습니다.,工事,,공사,공사,
7급II,83,2018-11-24,19,dokum,다음 밑줄 친 漢字語의 音을 쓰세요.,넓은 世上을 구경하고 싶습니다.,世上,,세상,세상,
7급II,83,2018-11-24,20,dokum,다음 밑줄 친 漢字語의 音을 쓰세요.,도중에 左右 두 갈래의 길이 있습니다.,左右,,좌우,좌우,
7급II,83,2018-11-24,21,dokum,다음 밑줄 친 漢字語의 音을 쓰세요.,요즘은 生水를 돈을 주고 사 먹는 사람이 많습니다.,生水,,생수,생수,
7급II,83,2018-11-24,22,dokum,다음 밑줄 친 漢字語의 音을 쓰세요.,토요일마다 양로원에 가서 봉 사 活動을 합니다.,活動,,활동,활동,
7급II,83,2018-11-24,23,hunum,다음 漢字의 訓과 音을 쓰세요.,木,木,,나무 목,나무 목,
7급II,83,2018-11-24,24,hunum,다음 漢字의 訓과 音을 쓰세요.,間,間,,사이 간,사이 간,
7급II,83,2018-11-24,25,hunum,다음 漢字의 訓과 音을 쓰세요.,市,市,,저자 시,저자 시,
7급II,83,2018-11-24,26,hunum,다음 漢字의 訓과 音을 쓰세요.,答,答,,대답 답,대답 답,
7급II,83,2018-11-24,27,hunum,다음 漢字의 訓과 音을 쓰세요.,女,女,,계집 녀,계집 녀,
7급II,83,2018-11-24,28,hunum,다음 漢字의 訓과 音을 쓰세요.,車,車,,수레 거/차,수레 거/차,
7급II,83,2018-11-24,29,hunum,다음 漢字의 訓과 音을 쓰세요.,長,長,,긴 장,긴 장,
7급II,83,2018-11-24,30,hunum,다음 漢字의 訓과 音을 쓰세요.,男,男,,사내 남,사내 남,
7급II,83,2018-11-24,31,hunum,다음 漢字의 訓과 音을 쓰세요.,月,月,,달 월,달 월,
7급II,83,2018-11-24,32,hunum,다음 漢字의 訓과 音을 쓰세요.,下,下,,아래 하,아래 하,
7급II,83,2018-11-24,33,hunum,다음 漢字의 訓과 音을 쓰세요.,火,火,,불 화,불 화,
7급II,83,2018-11-24,34,hunum,다음 漢字의 訓과 音을 쓰세요.,母,母,,어미 모,어미 모,
7급II,83,2018-11-24,35,hunum,다음 漢字의 訓과 音을 쓰세요.,先,先,,먼저 선,먼저 선,
7급II,83,2018-11-24,36,hunum,다음 漢字의 訓과 音을 쓰세요.,七,七,,일곱 칠,일곱 칠,
7급II,83,2018-11-24,37,hunum,다음 漢字의 訓과 音을 쓰세요.,弟,弟,,아우 제,아우 제,
7급II,83,2018-11-24,38,hunum,다음 漢字의 訓과 音을 쓰세요.,直,直,,곧을 직,곧을 직,
7급II,83,2018-11-24,39,hunum,다음 漢字의 訓과 音을 쓰세요.,小,小,,작을 소,작을 소,
7급II,83,2018-11-24,40,hunum,다음 漢字의 訓과 音을 쓰세요.,九,九,,아홉 구,아홉 구,
7급II,83,2018-11-24,41,hunum,다음 漢字의 訓과 音을 쓰세요.,農,農,,농사 농,농사 농,
7급II,83,2018-11-24,42,hunum,다음 漢字의 訓과 音을 쓰세요.,午,午,,낮 오,낮 오,
7급II,83,2018-11-24,43,select_hanjaeo,다음 밑줄 친 漢字語를 <보기>에서 찾아 그 번호를 쓰세요.,교실에서 조용히 책을 읽습니다.,교실,"[""① 萬物"", ""② 二中"", ""③ 十人"", ""④ 敎室""]",④,敎室,
7급II,83,2018-11-24,44,select_hanjaeo,다음 밑줄 친 漢字語를 <보기>에서 찾아 그 번호를 쓰세요.,인간은 만물의 영장입니다.,만물,"[""① 萬物"", ""② 二中"", ""③ 十人"", ""④ 敎室""]",①,萬物,
7급II,83,2018-11-24,45,select_hanja,다음 訓과 音에 맞는 漢字를 <보기>에서 찾아 그 번호를 쓰세요.,모 방,모 방,"[""① 場"", ""② 王"", ""③ 六"", ""④ 南"", ""⑤ 話"", ""⑥ 孝"", ""⑦ 韓"", ""⑧ 日"", ""⑨ 土"", ""⑩ 方""]",⑩,方,
7급II,83,2018-11-24,46,select_hanja,다음 訓과 音에 맞는 漢字를 <보기>에서 찾아 그 번호를 쓰세요.,임금 왕,임금 왕,"[""① 場"", ""② 王"", ""③ 六"", ""④ 南"", ""⑤ 話"", ""⑥ 孝"", ""⑦ 韓"", ""⑧ 日"", ""⑨ 土"", ""⑩ 方""]",②,王,
7급II,83,2018-11-24,47,select_hanja,다음 訓과 音에 맞는 漢字를 <보기>에서 찾아 그 번호를 쓰세요.,한국/나라 한,한국/나라 한,"[""① 場"", ""② 王"", ""③ 六"", ""④ 南"", ""⑤ 話"", ""⑥ 孝"", ""⑦ 韓"", ""⑧ 日"", ""⑨ 土"", ""⑩ 方""]",⑦,韓,
7급II,83,2018-11-24,48,select_hanja,다음 訓과 音에 맞는 漢字를 <보기>에서 찾아 그 번호를 쓰세요.,여섯 륙,여섯 륙,"[""① 場"", ""② 王"", ""③ 六"", ""④ 南"", ""⑤ 話"", ""⑥ 孝"", ""⑦ 韓"", ""⑧ 日"", ""⑨ 土"", ""⑩ 方""]",③,六,
7급II,83,2018-11-24,49,select_hanja,다음 訓과 音에 맞는 漢字를 <보기>에서 찾아 그 번호를 쓰세요.,흙 토,흙 토,"[""① 場"", ""② 王"", ""③ 六"", ""④ 南"", ""⑤ 話"", ""⑥ 孝"", ""⑦ 韓"", ""⑧ 日"", ""⑨ 土"", ""⑩ 方""]",⑨,土,
7급II,83,2018-11-24,50,select_hanja,다음 訓과 音에 맞는 漢字를 <보기>에서 찾아 그 번호를 쓰세요.,말씀 화,말씀 화,"[""① 場"", ""② 王"", ""③ 六"", ""④ 南"", ""⑤ 話"", ""⑥ 孝"", ""⑦ 韓"", ""⑧ 日"", ""⑨ 土"", ""⑩ 方""]",⑤,話,
7급II,83,2018-11-24,51,select_hanja,다음 訓과 音에 맞는 漢字를 <보기>에서 찾아 그 번호를 쓰세요.,남녘 남,남녘 남,"[""① 場"", ""② 王"", ""③ 六"", ""④ 南"", ""⑤ 話"", ""⑥ 孝"", ""⑦ 韓"", ""⑧ 日"", ""⑨ 土"", ""⑩ 方""]",④,南,
7급II,83,2018-11-24,52,select_hanja,다음 訓과 音에 맞는 漢字를 <보기>에서 찾아 그 번호를 쓰세요.,날 일,날 일,"[""① 場"", ""② 王"", ""③ 六"", ""④ 南"", ""⑤ 話"", ""⑥ 孝"", ""⑦ 韓"", ""⑧ 日"", ""⑨ 土"", ""⑩ 方""]",⑧,日,
7급II,83,2018-11-24,53,select_hanja,다음 訓과 音에 맞는 漢字를 <보기>에서 찾아 그 번호를 쓰세요.,효도 효,효도 효,"[""① 場"", ""② 王"", ""③ 六"", ""④ 南"", ""⑤ 話"", ""⑥ 孝"", ""⑦ 韓"", ""⑧ 日"", ""⑨ 土"", ""⑩ 方""]",⑥,孝,
7급II,83,2018-11-24,54,select_hanja,다음 訓과 音에 맞는 漢字를 <보기>에서 찾아 그 번호를 쓰세요.,마당 장,마당 장,"[""① 場"", ""② 王"", ""③ 六"", ""④ 南"", ""⑤ 話"", ""⑥ 孝"", ""⑦ 韓"", ""⑧ 日"", ""⑨ 土"", ""⑩ 方""]",①,場,
7급II,83,2018-11-24,55,banui_select,다음 漢字의 상대(또는 반대)되는 漢字를 <보기>에서 골라 그 번호를 쓰세요.,父 ↔ ( ),父 ↔ ( ),"[""① 外"", ""② 子"", ""③ 學"", ""④ 兄""]",②,子,
7급II,83,2018-11-24,56,banui_select,다음 漢字의 상대(또는 반대)되는 漢字를 <보기>에서 골라 그 번호를 쓰세요.,內 ↔ ( ),內 ↔ ( ),"[""① 外"", ""② 子"", ""③ 學"", ""④ 兄""]",①,外,
7급II,83,2018-11-24,57,mean_select,다음 뜻에 맞는 漢字語를 <보기>에서 찾아 그 번호를 쓰세요.,풀과 나무가 무성한 푸른 산.,,"[""① 北山"", ""② 大道"", ""③ 靑山"", ""④ 大海""]",③,靑山,
7급II,83,2018-11-24,58,mean_select,다음 뜻에 맞는 漢字語를 <보기>에서 찾아 그 번호를 쓰세요.,"큰길, 사람이 마땅히 지켜야 할 큰 도리.",,"[""① 北山"", ""② 大道"", ""③ 靑山"", ""④ 大海""]",②,大道,
7급II,83,2018-11-24,59,stroke,다음 漢字의 진하게 표시한 획은 몇 번째 쓰는지 <보기>에서 찾아 그 번호를 쓰세요.,,,"[""① 첫 번째"", ""② 두 번째"", ""③ 세 번째"", ""④ 네 번째"", ""⑤ 다섯 번째"", ""⑥ 여섯 번째"", ""⑦ 일곱 번째"", ""⑧ 여덟 번째"", ""⑨ 아홉 번째"", ""⑩ 열 번째""]",⑤,다섯 번째,exam-strokes/stroke_7ii_83_59.png
7급II,83,2018-11-24,60,stroke,다음 漢字의 진하게 표시한 획은 몇 번째 쓰는지 <보기>에서 찾아 그 번호를 쓰세요.,,,"[""① 첫 번째"", ""② 두 번째"", ""③ 세 번째"", ""④ 네 번째"", ""⑤ 다섯 번째"", ""⑥ 여섯 번째"", ""⑦ 일곱 번째"", ""⑧ 여덟 번째"", ""⑨ 아홉 번째"", ""⑩ 열 번째""]",⑧,여덟 번째,exam-strokes/stroke_7ii_83_60.png
7급II,84,2019-02-23,1,dokum,다음 밑줄 친 漢字語의 音을 쓰세요.,우리의 國土를 사랑하고 보호해 야 합니다.,國土,,국토,국토,
7급II,84,2019-02-23,2,dokum,다음 밑줄 친 漢字語의 音을 쓰세요.,장수들은 배를 만드는 木手들을 불러 모았다.,木手,,목수,목수,
7급II,84,2019-02-23,3,dokum,다음 밑줄 친 漢字語의 音을 쓰세요.,선생님은 방학하는 日時를 학생 들에게 알려주셨다.,日時,,일시,일시,
7급II,84,2019-02-23,4,dokum,다음 밑줄 친 漢字語의 音을 쓰세요.,父母님에게는 항상 감사하는 마 음을 가져야 한다.,父母,,부모,부모,
7급II,84,2019-02-23,5,dokum,다음 밑줄 친 漢字語의 音을 쓰세요.,"우리는 한 겨레, 한 兄弟입니 다.",兄弟,,형제,형제,
7급II,84,2019-02-23,6,dokum,다음 밑줄 친 漢字語의 音을 쓰세요.,우리는 學校에서 열심히 공부를 합니다.,學校,,학교,학교,
7급II,84,2019-02-23,7,dokum,다음 밑줄 친 漢字語의 音을 쓰세요.,우리는 함께 敎室을 청소합니 다.,敎室,,교실,교실,
7급II,84,2019-02-23,8,dokum,다음 밑줄 친 漢字語의 音을 쓰세요.,큰 형은 市內 버스를 타고 회사 에 다닙니다.,市內,,시내,시내,
7급II,84,2019-02-23,9,dokum,다음 밑줄 친 漢字語의 音을 쓰세요.,外家에 가서 할머니를 모셔왔습 니다.,外家,,외가,외가,
7급II,84,2019-02-23,10,dokum,다음 밑줄 친 漢字語의 音을 쓰세요.,나는 三寸과 함께 도서관에 갔 습니다.,三寸,,삼촌,삼촌,
7급II,84,2019-02-23,11,dokum,다음 밑줄 친 漢字語의 音을 쓰세요.,이 世上에서 무서울 것은 하나 도 없다.,世上,,세상,세상,
7급II,84,2019-02-23,12,dokum,다음 밑줄 친 漢字語의 音을 쓰세요.,大門을 열고 밖으로 나갔습니 다.,大門,,대문,대문,
7급II,84,2019-02-23,13,dokum,다음 밑줄 친 漢字語의 音을 쓰세요.,부모를 잘 섬기는 도리를 孝道 라고 합니다.,孝道,,효도,효도,
7급II,84,2019-02-23,14,dokum,다음 밑줄 친 漢字語의 音을 쓰세요.,정직하고 예절 바른 生活을 합 니다.,生活,,생활,생활,
7급II,84,2019-02-23,15,dokum,다음 밑줄 친 漢字語의 音을 쓰세요.,감기약을 食後에 먹었습니다.,食後,,식후,식후,
7급II,84,2019-02-23,16,dokum,다음 밑줄 친 漢字語의 音을 쓰세요.,동물원에 많은 動物들이 살고 있습니다.,動物,,동물,동물,
7급II,84,2019-02-23,17,dokum,다음 밑줄 친 漢字語의 音을 쓰세요.,주말 農場에서 많은 채소를 기 릅니다.,農場,,농장,농장,
7급II,84,2019-02-23,18,dokum,다음 밑줄 친 漢字語의 音을 쓰세요.,선생님께서 姓名을 부르십니다.,姓名,,성명,성명,
7급II,84,2019-02-23,19,dokum,다음 밑줄 친 漢字語의 音을 쓰세요.,등하교 때 安全에 신경 써야 합니다.,安全,,안전,안전,
7급II,84,2019-02-23,20,dokum,다음 밑줄 친 漢字語의 音을 쓰세요.,電話할 때에는 용건만 간단히 합니다.,電話,,전화,전화,
7급II,84,2019-02-23,21,dokum,다음 밑줄 친 漢字語의 音을 쓰세요.,도로에 工事가 한창입니다.,工事,,공사,공사,
7급II,84,2019-02-23,22,dokum,다음 밑줄 친 漢字語의 音을 쓰세요.,우리나라는 長足의 발전을 이 룩하였습니다.,長足,,장족,장족,
7급II,84,2019-02-23,23,hunum,다음 漢字의 訓과 音을 쓰세요.,間,間,,사이 간,사이 간,
7급II,84,2019-02-23,24,hunum,다음 漢字의 訓과 音을 쓰세요.,力,力,,힘 력,힘 력,
7급II,84,2019-02-23,25,hunum,다음 漢字의 訓과 音을 쓰세요.,萬,萬,,일만 만,일만 만,
7급II,84,2019-02-23,26,hunum,다음 漢字의 訓과 音을 쓰세요.,白,白,,흰 백,흰 백,
7급II,84,2019-02-23,27,hunum,다음 漢字의 訓과 音을 쓰세요.,四,四,,넉 사,넉 사,
7급II,84,2019-02-23,28,hunum,다음 漢字의 訓과 音을 쓰세요.,午,午,,낮 오,낮 오,
7급II,84,2019-02-23,29,hunum,다음 漢字의 訓과 音을 쓰세요.,自,自,,스스로 자,스스로 자,
7급II,84,2019-02-23,30,hunum,다음 漢字의 訓과 音을 쓰세요.,七,七,,일곱 칠,일곱 칠,
7급II,84,2019-02-23,31,hunum,다음 漢字의 訓과 音을 쓰세요.,八,八,,여덟 팔,여덟 팔,
7급II,84,2019-02-23,32,hunum,다음 漢字의 訓과 音을 쓰세요.,下,下,,아래 하,아래 하,
7급II,84,2019-02-23,33,hunum,다음 漢字의 訓과 音을 쓰세요.,九,九,,아홉 구,아홉 구,
7급II,84,2019-02-23,34,hunum,다음 漢字의 訓과 音을 쓰세요.,立,立,,설 립,설 립,
7급II,84,2019-02-23,35,hunum,다음 漢字의 訓과 音을 쓰세요.,每,每,,매양 매,매양 매,
7급II,84,2019-02-23,36,hunum,다음 漢字의 訓과 音을 쓰세요.,不,不,,아니 불,아니 불,
7급II,84,2019-02-23,37,hunum,다음 漢字의 訓과 音을 쓰세요.,山,山,,메 산,메 산,
7급II,84,2019-02-23,38,hunum,다음 漢字의 訓과 音을 쓰세요.,五,五,,다섯 오,다섯 오,
7급II,84,2019-02-23,39,hunum,다음 漢字의 訓과 音을 쓰세요.,直,直,,곧을 직,곧을 직,
7급II,84,2019-02-23,40,hunum,다음 漢字의 訓과 音을 쓰세요.,火,火,,불 화,불 화,
7급II,84,2019-02-23,41,hunum,다음 漢字의 訓과 音을 쓰세요.,記,記,,기록할 기,기록할 기,
7급II,84,2019-02-23,42,hunum,다음 漢字의 訓과 音을 쓰세요.,民,民,,백성 민,백성 민,
7급II,84,2019-02-23,43,select_hanjaeo,다음 밑줄 친 漢字語를 <보기>에서 찾아 그 번호를 쓰세요.,최근에 내린 비로 강수가 많이 맑아졌습니다.,강수,"[""① 正答"", ""② 靑海"", ""③ 王子"", ""④ 江水""]",④,江水,
7급II,84,2019-02-23,44,select_hanjaeo,다음 밑줄 친 漢字語를 <보기>에서 찾아 그 번호를 쓰세요.,철수는 정답을 맞추었습니다.,정답,"[""① 正答"", ""② 靑海"", ""③ 王子"", ""④ 江水""]",①,正答,
7급II,84,2019-02-23,45,select_hanja,다음 訓과 音에 맞는 漢字를 <보기>에서 찾아 그 번호를 쓰세요.,왼 좌,왼 좌,"[""① 車"", ""② 西"", ""③ 右"", ""④ 左"", ""⑤ 韓"", ""⑥ 金"", ""⑦ 先"", ""⑧ 小"", ""⑨ 十"", ""⑩ 人""]",④,左,
7급II,84,2019-02-23,46,select_hanja,다음 訓과 音에 맞는 漢字를 <보기>에서 찾아 그 번호를 쓰세요.,수레 거,수레 거,"[""① 車"", ""② 西"", ""③ 右"", ""④ 左"", ""⑤ 韓"", ""⑥ 金"", ""⑦ 先"", ""⑧ 小"", ""⑨ 十"", ""⑩ 人""]",①,車,
7급II,84,2019-02-23,47,select_hanja,다음 訓과 音에 맞는 漢字를 <보기>에서 찾아 그 번호를 쓰세요.,한국 한,한국 한,"[""① 車"", ""② 西"", ""③ 右"", ""④ 左"", ""⑤ 韓"", ""⑥ 金"", ""⑦ 先"", ""⑧ 小"", ""⑨ 十"", ""⑩ 人""]",⑤,韓,
7급II,84,2019-02-23,48,select_hanja,다음 訓과 音에 맞는 漢字를 <보기>에서 찾아 그 번호를 쓰세요.,쇠 금/성 김,쇠 금/성 김,"[""① 車"", ""② 西"", ""③ 右"", ""④ 左"", ""⑤ 韓"", ""⑥ 金"", ""⑦ 先"", ""⑧ 小"", ""⑨ 十"", ""⑩ 人""]",⑥,金,
7급II,84,2019-02-23,49,select_hanja,다음 訓과 音에 맞는 漢字를 <보기>에서 찾아 그 번호를 쓰세요.,서녘 서,서녘 서,"[""① 車"", ""② 西"", ""③ 右"", ""④ 左"", ""⑤ 韓"", ""⑥ 金"", ""⑦ 先"", ""⑧ 小"", ""⑨ 十"", ""⑩ 人""]",②,西,
7급II,84,2019-02-23,50,select_hanja,다음 訓과 音에 맞는 漢字를 <보기>에서 찾아 그 번호를 쓰세요.,열 십,열 십,"[""① 車"", ""② 西"", ""③ 右"", ""④ 左"", ""⑤ 韓"", ""⑥ 金"", ""⑦ 先"", ""⑧ 小"", ""⑨ 十"", ""⑩ 人""]",⑨,十,
7급II,84,2019-02-23,51,select_hanja,다음 訓과 音에 맞는 漢字를 <보기>에서 찾아 그 번호를 쓰세요.,사람 인,사람 인,"[""① 車"", ""② 西"", ""③ 右"", ""④ 左"", ""⑤ 韓"", ""⑥ 金"", ""⑦ 先"", ""⑧ 小"", ""⑨ 十"", ""⑩ 人""]",⑩,人,
7급II,84,2019-02-23,52,select_hanja,다음 訓과 音에 맞는 漢字를 <보기>에서 찾아 그 번호를 쓰세요.,오른 우,오른 우,"[""① 車"", ""② 西"", ""③ 右"", ""④ 左"", ""⑤ 韓"", ""⑥ 金"", ""⑦ 先"", ""⑧ 小"", ""⑨ 十"", ""⑩ 人""]",③,右,
7급II,84,2019-02-23,53,select_hanja,다음 訓과 音에 맞는 漢字를 <보기>에서 찾아 그 번호를 쓰세요.,먼저 선,먼저 선,"[""① 車"", ""② 西"", ""③ 右"", ""④ 左"", ""⑤ 韓"", ""⑥ 金"", ""⑦ 先"", ""⑧ 小"", ""⑨ 十"", ""⑩ 人""]",⑦,先,
7급II,84,2019-02-23,54,select_hanja,다음 訓과 音에 맞는 漢字를 <보기>에서 찾아 그 번호를 쓰세요.,작을 소,작을 소,"[""① 車"", ""② 西"", ""③ 右"", ""④ 左"", ""⑤ 韓"", ""⑥ 金"", ""⑦ 先"", ""⑧ 小"", ""⑨ 十"", ""⑩ 人""]",⑧,小,
7급II,84,2019-02-23,55,banui_select,다음 漢字의 상대(또는 반대)되는 漢字를 <보기>에서 골라 그 번호를 쓰세요.,南 ↔ ( ),南 ↔ ( ),"[""① 女"", ""② 軍"", ""③ 北"", ""④ 前""]",③,北,
7급II,84,2019-02-23,56,banui_select,다음 漢字의 상대(또는 반대)되는 漢字를 <보기>에서 골라 그 번호를 쓰세요.,男 ↔ ( ),男 ↔ ( ),"[""① 女"", ""② 軍"", ""③ 北"", ""④ 前""]",①,女,
7급II,84,2019-02-23,57,mean_select,다음 뜻에 맞는 漢字語를 <보기>에서 찾아 그 번호를 쓰세요.,풍년도 흉년도 아닌 보통 수확 을 올린 해.,,"[""① 平年"", ""② 六月"", ""③ 東方"", ""④ 空中""]",①,平年,
7급II,84,2019-02-23,58,mean_select,다음 뜻에 맞는 漢字語를 <보기>에서 찾아 그 번호를 쓰세요.,열두 달 가운데 여섯째 달.,,"[""① 平年"", ""② 六月"", ""③ 東方"", ""④ 空中""]",②,六月,
7급II,84,2019-02-23,59,stroke,다음 漢字의 진하게 표시한 획은 몇 번째 쓰는지 <보기>에서 찾아 그 번호를 쓰세요.,,,"[""① 첫 번째"", ""② 두 번째"", ""③ 세 번째"", ""④ 네 번째"", ""⑤ 다섯 번째"", ""⑥ 여섯 번째"", ""⑦ 일곱 번째"", ""⑧ 여덟 번째"", ""⑨ 아홉 번째"", ""⑩ 열 번째""]",④,네 번째,exam-strokes/stroke_7ii_84_59.png
7급II,84,2019-02-23,60,stroke,다음 漢字의 진하게 표시한 획은 몇 번째 쓰는지 <보기>에서 찾아 그 번호를 쓰세요.,,,"[""① 첫 번째"", ""② 두 번째"", ""③ 세 번째"", ""④ 네 번째"", ""⑤ 다섯 번째"", ""⑥ 여섯 번째"", ""⑦ 일곱 번째"", ""⑧ 여덟 번째"", ""⑨ 아홉 번째"", ""⑩ 열 번째""]",⑧,여덟 번째,exam-strokes/stroke_7ii_84_60.png
7급II,85,2019-06-01,1,dokum,다음 밑줄 친 漢字語의 音을 쓰세요.,경보가 울리면 安全한 곳으로 대피합니다.,安全,,안전,안전,
7급II,85,2019-06-01,2,dokum,다음 밑줄 친 漢字語의 音을 쓰세요.,市內에서 난폭 운전을 하면 안 됩니다.,市內,,시내,시내,
7급II,85,2019-06-01,3,dokum,다음 밑줄 친 漢字語의 音을 쓰세요.,이순신 장군은 水軍을 이끌고 전쟁에 나갔습니다.,水軍,,수군,수군,
7급II,85,2019-06-01,4,dokum,다음 밑줄 친 漢字語의 音을 쓰세요.,내일 午後에 어머니와 시장에 가기로 했습니다.,午後,,오후,오후,
7급II,85,2019-06-01,5,dokum,다음 밑줄 친 漢字語의 音을 쓰세요.,어제는 四寸 누나와 자전거를 탔습니다.,四寸,,사촌,사촌,
7급II,85,2019-06-01,6,dokum,다음 밑줄 친 漢字語의 音을 쓰세요.,우리 學校의 교화는 무궁화입니다.,學校,,학교,학교,
7급II,85,2019-06-01,7,dokum,다음 밑줄 친 漢字語의 音을 쓰세요.,요즘 외국에 韓食 식당이 늘어 나고 있습니다.,韓食,,한식,한식,
7급II,85,2019-06-01,8,dokum,다음 밑줄 친 漢字語의 音을 쓰세요.,월드컵으로 東西가 하나가 되었 습니다.,東西,,동서,동서,
7급II,85,2019-06-01,9,dokum,다음 밑줄 친 漢字語의 音을 쓰세요.,木手 아저씨가 새 집을 짓습니다.,木手,,목수,목수,
7급II,85,2019-06-01,10,dokum,다음 밑줄 친 漢字語의 音을 쓰세요.,매연 때문에 空氣가 많이 오염 되었습니다.,空氣,,공기,공기,
7급II,85,2019-06-01,11,dokum,다음 밑줄 친 漢字語의 音을 쓰세요.,무더운 여름이 되면 電力 부족 이 생길 수 있습니다.,電力,,전력,전력,
7급II,85,2019-06-01,12,dokum,다음 밑줄 친 漢字語의 音을 쓰세요.,세상의 모든 萬物은 생명을 가 지고 있습니다.,萬物,,만물,만물,
7급II,85,2019-06-01,13,dokum,다음 밑줄 친 漢字語의 音을 쓰세요.,이번 일은 平生을 두고 잊지 못할 것입니다.,平生,,평생,평생,
7급II,85,2019-06-01,14,dokum,다음 밑줄 친 漢字語의 音을 쓰세요.,이 집은 자개 공예에 있어서는 名家로 통합니다.,名家,,명가,명가,
7급II,85,2019-06-01,15,dokum,다음 밑줄 친 漢字語의 音을 쓰세요.,주말에 漢江 유람선을 타고 놀 았습니다.,漢江,,한강,한강,
7급II,85,2019-06-01,16,dokum,다음 밑줄 친 漢字語의 音을 쓰세요.,황무지를 비옥한 農土로 개간 했습니다.,農土,,농토,농토,
7급II,85,2019-06-01,17,dokum,다음 밑줄 친 漢字語의 音을 쓰세요.,학교 正門에 상징탑이 세워져 있습니다.,正門,,정문,정문,
7급II,85,2019-06-01,18,dokum,다음 밑줄 친 漢字語의 音을 쓰세요.,어릴 때부터 日記를 쓰는 습관 을 가져야 합니다.,日記,,일기,일기,
7급II,85,2019-06-01,19,dokum,다음 밑줄 친 漢字語의 音을 쓰세요.,할아버지는 每事에 빈틈이 없으 십니다.,每事,,매사,매사,
7급II,85,2019-06-01,20,dokum,다음 밑줄 친 漢字語의 音을 쓰세요.,그 工場은 생산 시설이 자동화 되었습니다.,工場,,공장,공장,
7급II,85,2019-06-01,21,dokum,다음 밑줄 친 漢字語의 音을 쓰세요.,父子가 참 많이 닮았습니다.,父子,,부자,부자,
7급II,85,2019-06-01,22,dokum,다음 밑줄 친 漢字語의 音을 쓰세요.,선생님과 학생들이 敎室에서 수업을 합니다.,敎室,,교실,교실,
7급II,85,2019-06-01,23,hunum,다음 漢字의 訓과 音을 쓰세요.,姓,姓,,성 성,성 성,
7급II,85,2019-06-01,24,hunum,다음 漢字의 訓과 音을 쓰세요.,兄,兄,,형 형,형 형,
7급II,85,2019-06-01,25,hunum,다음 漢字의 訓과 音을 쓰세요.,大,大,,큰 대,큰 대,
7급II,85,2019-06-01,26,hunum,다음 漢字의 訓과 音을 쓰세요.,山,山,,메 산,메 산,
7급II,85,2019-06-01,27,hunum,다음 漢字의 訓과 音을 쓰세요.,國,國,,나라 국,나라 국,
7급II,85,2019-06-01,28,hunum,다음 漢字의 訓과 音을 쓰세요.,中,中,,가운데 중,가운데 중,
7급II,85,2019-06-01,29,hunum,다음 漢字의 訓과 音을 쓰세요.,世,世,,인간 세,인간 세,
7급II,85,2019-06-01,30,hunum,다음 漢字의 訓과 音을 쓰세요.,海,海,,바다 해,바다 해,
7급II,85,2019-06-01,31,hunum,다음 漢字의 訓과 音을 쓰세요.,七,七,,일곱 칠,일곱 칠,
7급II,85,2019-06-01,32,hunum,다음 漢字의 訓과 音을 쓰세요.,答,答,,대답 답,대답 답,
7급II,85,2019-06-01,33,hunum,다음 漢字의 訓과 音을 쓰세요.,靑,靑,,푸를 청,푸를 청,
7급II,85,2019-06-01,34,hunum,다음 漢字의 訓과 音을 쓰세요.,孝,孝,,효도 효,효도 효,
7급II,85,2019-06-01,35,hunum,다음 漢字의 訓과 音을 쓰세요.,先,先,,먼저 선,먼저 선,
7급II,85,2019-06-01,36,hunum,다음 漢字의 訓과 音을 쓰세요.,火,火,,불 화,불 화,
7급II,85,2019-06-01,37,hunum,다음 漢字의 訓과 音을 쓰세요.,南,南,,남녘 남,남녘 남,
7급II,85,2019-06-01,38,hunum,다음 漢字의 訓과 音을 쓰세요.,方,方,,모 방,모 방,
7급II,85,2019-06-01,39,hunum,다음 漢字의 訓과 音을 쓰세요.,弟,弟,,아우 제,아우 제,
7급II,85,2019-06-01,40,hunum,다음 漢字의 訓과 音을 쓰세요.,民,民,,백성 민,백성 민,
7급II,85,2019-06-01,41,hunum,다음 漢字의 訓과 音을 쓰세요.,動,動,,움직일 동,움직일 동,
7급II,85,2019-06-01,42,hunum,다음 漢字의 訓과 音을 쓰세요.,話,話,,말씀 화,말씀 화,
7급II,85,2019-06-01,43,select_hanjaeo,다음 밑줄 친 漢字語를 <보기>에서 찾아 그 번호를 쓰세요.,이 일은 생각보다 시간이 많이 걸립니다.,시간,"[""① 直立"", ""② 時間"", ""③ 九時"", ""④ 男女""]",②,時間,
7급II,85,2019-06-01,44,select_hanjaeo,다음 밑줄 친 漢字語를 <보기>에서 찾아 그 번호를 쓰세요.,인류가 다른 동물과 구별되는 점 중의 하나가 직립한다는 것 입니다.,직립,"[""① 直立"", ""② 時間"", ""③ 九時"", ""④ 男女""]",①,直立,
7급II,85,2019-06-01,45,select_hanja,다음 訓과 音에 맞는 漢字를 <보기>에서 찾아 그 번호를 쓰세요.,어미 모,어미 모,"[""① 年"", ""② 王"", ""③ 長"", ""④ 不"", ""⑤ 月"", ""⑥ 小"", ""⑦ 外"", ""⑧ 三"", ""⑨ 金"", ""⑩ 母""]",⑩,母,
7급II,85,2019-06-01,46,select_hanja,다음 訓과 音에 맞는 漢字를 <보기>에서 찾아 그 번호를 쓰세요.,작을 소,작을 소,"[""① 年"", ""② 王"", ""③ 長"", ""④ 不"", ""⑤ 月"", ""⑥ 小"", ""⑦ 外"", ""⑧ 三"", ""⑨ 金"", ""⑩ 母""]",⑥,小,
7급II,85,2019-06-01,47,select_hanja,다음 訓과 音에 맞는 漢字를 <보기>에서 찾아 그 번호를 쓰세요.,해 년,해 년,"[""① 年"", ""② 王"", ""③ 長"", ""④ 不"", ""⑤ 月"", ""⑥ 小"", ""⑦ 外"", ""⑧ 三"", ""⑨ 金"", ""⑩ 母""]",①,年,
7급II,85,2019-06-01,48,select_hanja,다음 訓과 音에 맞는 漢字를 <보기>에서 찾아 그 번호를 쓰세요.,쇠 금/성 김,쇠 금/성 김,"[""① 年"", ""② 王"", ""③ 長"", ""④ 不"", ""⑤ 月"", ""⑥ 小"", ""⑦ 外"", ""⑧ 三"", ""⑨ 金"", ""⑩ 母""]",⑨,金,
7급II,85,2019-06-01,49,select_hanja,다음 訓과 音에 맞는 漢字를 <보기>에서 찾아 그 번호를 쓰세요.,긴 장,긴 장,"[""① 年"", ""② 王"", ""③ 長"", ""④ 不"", ""⑤ 月"", ""⑥ 小"", ""⑦ 外"", ""⑧ 三"", ""⑨ 金"", ""⑩ 母""]",③,長,
7급II,85,2019-06-01,50,select_hanja,다음 訓과 音에 맞는 漢字를 <보기>에서 찾아 그 번호를 쓰세요.,바깥 외,바깥 외,"[""① 年"", ""② 王"", ""③ 長"", ""④ 不"", ""⑤ 月"", ""⑥ 小"", ""⑦ 外"", ""⑧ 三"", ""⑨ 金"", ""⑩ 母""]",⑦,外,
7급II,85,2019-06-01,51,select_hanja,다음 訓과 音에 맞는 漢字를 <보기>에서 찾아 그 번호를 쓰세요.,석 삼,석 삼,"[""① 年"", ""② 王"", ""③ 長"", ""④ 不"", ""⑤ 月"", ""⑥ 小"", ""⑦ 外"", ""⑧ 三"", ""⑨ 金"", ""⑩ 母""]",⑧,三,
7급II,85,2019-06-01,52,select_hanja,다음 訓과 音에 맞는 漢字를 <보기>에서 찾아 그 번호를 쓰세요.,달 월,달 월,"[""① 年"", ""② 王"", ""③ 長"", ""④ 不"", ""⑤ 月"", ""⑥ 小"", ""⑦ 外"", ""⑧ 三"", ""⑨ 金"", ""⑩ 母""]",⑤,月,
7급II,85,2019-06-01,53,select_hanja,다음 訓과 音에 맞는 漢字를 <보기>에서 찾아 그 번호를 쓰세요.,아닐 불,아닐 불,"[""① 年"", ""② 王"", ""③ 長"", ""④ 不"", ""⑤ 月"", ""⑥ 小"", ""⑦ 外"", ""⑧ 三"", ""⑨ 金"", ""⑩ 母""]",④,不,
7급II,85,2019-06-01,54,select_hanja,다음 訓과 音에 맞는 漢字를 <보기>에서 찾아 그 번호를 쓰세요.,임금 왕,임금 왕,"[""① 年"", ""② 王"", ""③ 長"", ""④ 不"", ""⑤ 月"", ""⑥ 小"", ""⑦ 外"", ""⑧ 三"", ""⑨ 金"", ""⑩ 母""]",②,王,
7급II,85,2019-06-01,55,banui_select,다음 漢字의 상대(또는 반대)되는 漢字를 <보기>에서 골라 그 번호를 쓰세요.,上 ↔ ( ),上 ↔ ( ),"[""① 右"", ""② 北"", ""③ 下"", ""④ 八""]",③,下,
7급II,85,2019-06-01,56,banui_select,다음 漢字의 상대(또는 반대)되는 漢字를 <보기>에서 골라 그 번호를 쓰세요.,左 ↔ ( ),左 ↔ ( ),"[""① 右"", ""② 北"", ""③ 下"", ""④ 八""]",①,右,
7급II,85,2019-06-01,57,mean_select,다음 뜻에 맞는 漢字語를 <보기>에서 찾아 그 번호를 쓰세요.,차가 다니는 길.,,"[""① 自白"", ""② 自足"", ""③ 車道"", ""④ 人道""]",③,車道,
7급II,85,2019-06-01,58,mean_select,다음 뜻에 맞는 漢字語를 <보기>에서 찾아 그 번호를 쓰세요.,스스로 넉넉함을 느낌.,,"[""① 自白"", ""② 自足"", ""③ 車道"", ""④ 人道""]",②,自足,
7급II,85,2019-06-01,59,stroke,다음 漢字의 진하게 표시한 획은 몇 번째 쓰는지 <보기>에서 찾아 그 번호를 쓰세요.,,,"[""① 첫 번째"", ""② 두 번째"", ""③ 세 번째"", ""④ 네 번째"", ""⑤ 다섯 번째"", ""⑥ 여섯 번째"", ""⑦ 일곱 번째"", ""⑧ 여덟 번째"", ""⑨ 아홉 번째"", ""⑩ 열 번째""]",⑤,다섯 번째,exam-strokes/stroke_7ii_85_59.png
7급II,85,2019-06-01,60,stroke,다음 漢字의 진하게 표시한 획은 몇 번째 쓰는지 <보기>에서 찾아 그 번호를 쓰세요.,,,"[""① 첫 번째"", ""② 두 번째"", ""③ 세 번째"", ""④ 네 번째"", ""⑤ 다섯 번째"", ""⑥ 여섯 번째"", ""⑦ 일곱 번째"", ""⑧ 여덟 번째"", ""⑨ 아홉 번째"", ""⑩ 열 번째""]",⑨,아홉 번째,exam-strokes/stroke_7ii_85_60.png
7급II,86,2019-08-24,1,dokum,다음 밑줄 친 漢字語의 音을 쓰세요.,자연환경은 後世에게 물려줄 인 류의 재산입니다.,後世,,후세,후세,
7급II,86,2019-08-24,2,dokum,다음 밑줄 친 漢字語의 音을 쓰세요.,그녀는 어린 아들을 외국에 혼 자 보내는 것이 不安합니다.,不安,,불안,불안,
7급II,86,2019-08-24,3,dokum,다음 밑줄 친 漢字語의 音을 쓰세요.,어머니는 요즘 주부 大學에 다 니십니다.,大學,,대학,대학,
7급II,86,2019-08-24,4,dokum,다음 밑줄 친 漢字語의 音을 쓰세요.,그 집 딸은 둘도 없는 孝女라고 평판이 나 있습니다.,孝女,,효녀,효녀,
7급II,86,2019-08-24,5,dokum,다음 밑줄 친 漢字語의 音을 쓰세요.,우리 모교는 야구 名門으로 널 리 알려져 있습니다.,名門,,명문,명문,
7급II,86,2019-08-24,6,dokum,다음 밑줄 친 漢字語의 音을 쓰세요.,버스 요금이 인상되자 市民들의 불만이 커졌습니다.,市民,,시민,시민,
7급II,86,2019-08-24,7,dokum,다음 밑줄 친 漢字語의 音을 쓰세요.,그는 의료 봉사 活動을 합니다.,活動,,활동,활동,
7급II,86,2019-08-24,8,dokum,다음 밑줄 친 漢字語의 音을 쓰세요.,갑자기 電氣가 나가자 아버지는 촛불을 밝히셨습니다.,電氣,,전기,전기,
7급II,86,2019-08-24,9,dokum,다음 밑줄 친 漢字語의 音을 쓰세요.,학생들은 校長 선생님을 몹시 어려워하였습니다.,校長,,교장,교장,
7급II,86,2019-08-24,10,dokum,다음 밑줄 친 漢字語의 音을 쓰세요.,그의 집은 四方이 산으로 둘러 싸여 있습니다.,四方,,사방,사방,
7급II,86,2019-08-24,11,dokum,다음 밑줄 친 漢字語의 音을 쓰세요.,우리는 二月에 겨울 여행을 떠 나기로 했습니다.,二月,,이월,이월,
7급II,86,2019-08-24,12,dokum,다음 밑줄 친 漢字語의 音을 쓰세요.,잠시 생각할 時間을 좀 주십시오.,時間,,시간,시간,
7급II,86,2019-08-24,13,dokum,다음 밑줄 친 漢字語의 音을 쓰세요.,도시에서 시골로 돌아가 農事 를 짓는 사람이 많아졌습니다.,農事,,농사,농사,
7급II,86,2019-08-24,14,dokum,다음 밑줄 친 漢字語의 音을 쓰세요.,10년 전에 아버지는 中東의 근 로자로 근무하셨다.,中東,,중동,중동,
7급II,86,2019-08-24,15,dokum,다음 밑줄 친 漢字語의 音을 쓰세요.,萬一을 대비하여 비상 약을 챙 깁시다.,萬一,,만일,만일,
7급II,86,2019-08-24,16,dokum,다음 밑줄 친 漢字語의 音을 쓰세요.,어제 저녁 三南 지방에 많은 비가 내렸습니다.,三南,,삼남,삼남,
7급II,86,2019-08-24,17,dokum,다음 밑줄 친 漢字語의 音을 쓰세요.,동수도 어느덧 건장한 靑年이 되었네요.,靑年,,청년,청년,
7급II,86,2019-08-24,18,dokum,다음 밑줄 친 漢字語의 音을 쓰세요.,누나는 집의 도움 없이 自力으 로 대학을 졸업했습니다.,自力,,자력,자력,
7급II,86,2019-08-24,19,dokum,다음 밑줄 친 漢字語의 音을 쓰세요.,우리 식당은 음식 값을 先金으 로 내야 합니다.,先金,,선금,선금,
7급II,86,2019-08-24,20,dokum,다음 밑줄 친 漢字語의 音을 쓰세요.,이 가게는 平日보다 주말에 손 님이 많습니다.,平日,,평일,평일,
7급II,86,2019-08-24,21,dokum,다음 밑줄 친 漢字語의 音을 쓰세요.,종료 直前에 던진 슛이 그대로 골인되었습니다.,直前,,직전,직전,
7급II,86,2019-08-24,22,dokum,다음 밑줄 친 漢字語의 音을 쓰세요.,백두산 천지는 火山 폭발로 생 긴 화구호입니다.,火山,,화산,화산,
7급II,86,2019-08-24,23,hunum,다음 漢字의 訓과 音을 쓰세요.,母,母,,어미 모,어미 모,
7급II,86,2019-08-24,24,hunum,다음 漢字의 訓과 音을 쓰세요.,左,左,,왼 좌,왼 좌,
7급II,86,2019-08-24,25,hunum,다음 漢字의 訓과 音을 쓰세요.,右,右,,오른 우,오른 우,
7급II,86,2019-08-24,26,hunum,다음 漢字의 訓과 音을 쓰세요.,家,家,,집 가,집 가,
7급II,86,2019-08-24,27,hunum,다음 漢字의 訓과 音을 쓰세요.,五,五,,다섯 오,다섯 오,
7급II,86,2019-08-24,28,hunum,다음 漢字의 訓과 音을 쓰세요.,每,每,,매양 매,매양 매,
7급II,86,2019-08-24,29,hunum,다음 漢字의 訓과 音을 쓰세요.,記,記,,기록할 기,기록할 기,
7급II,86,2019-08-24,30,hunum,다음 漢字의 訓과 音을 쓰세요.,室,室,,집 실,집 실,
7급II,86,2019-08-24,31,hunum,다음 漢字의 訓과 音을 쓰세요.,江,江,,강 강,강 강,
7급II,86,2019-08-24,32,hunum,다음 漢字의 訓과 音을 쓰세요.,西,西,,서녘 서,서녘 서,
7급II,86,2019-08-24,33,hunum,다음 漢字의 訓과 音을 쓰세요.,白,白,,흰 백,흰 백,
7급II,86,2019-08-24,34,hunum,다음 漢字의 訓과 音을 쓰세요.,工,工,,장인 공,장인 공,
7급II,86,2019-08-24,35,hunum,다음 漢字의 訓과 音을 쓰세요.,六,六,,여섯 륙,여섯 륙,
7급II,86,2019-08-24,36,hunum,다음 漢字의 訓과 音을 쓰세요.,男,男,,사내 남,사내 남,
7급II,86,2019-08-24,37,hunum,다음 漢字의 訓과 音을 쓰세요.,寸,寸,,마디 촌,마디 촌,
7급II,86,2019-08-24,38,hunum,다음 漢字의 訓과 音을 쓰세요.,北,北,,북녘 북,북녘 북,
7급II,86,2019-08-24,39,hunum,다음 漢字의 訓과 音을 쓰세요.,土,土,,흙 토,흙 토,
7급II,86,2019-08-24,40,hunum,다음 漢字의 訓과 音을 쓰세요.,車,車,,수레 거,수레 거,
7급II,86,2019-08-24,41,hunum,다음 漢字의 訓과 音을 쓰세요.,父,父,,아비 부,아비 부,
7급II,86,2019-08-24,42,hunum,다음 漢字의 訓과 音을 쓰세요.,八,八,,여덟 팔,여덟 팔,
7급II,86,2019-08-24,43,select_hanjaeo,다음 밑줄 친 漢字語를 <보기>에서 찾아 그 번호를 쓰세요.,철수는 학교에 갔다 오면 태권 도 도장에 갑니다.,도장,"[""① 道場"", ""② 空軍"", ""③ 道立"", ""④ 海軍""]",①,道場,
7급II,86,2019-08-24,44,select_hanjaeo,다음 밑줄 친 漢字語를 <보기>에서 찾아 그 번호를 쓰세요.,저는 해군이 되어 제 고향 바 다를 지키고 싶습니다.,해군,"[""① 道場"", ""② 空軍"", ""③ 道立"", ""④ 海軍""]",④,海軍,
7급II,86,2019-08-24,45,select_hanja,다음 訓과 音에 맞는 漢字를 <보기>에서 찾아 그 번호를 쓰세요.,윗 상,윗 상,"[""① 話"", ""② 國"", ""③ 九"", ""④ 答"", ""⑤ 兄"", ""⑥ 姓"", ""⑦ 七"", ""⑧ 敎"", ""⑨ 上"", ""⑩ 十""]",⑨,上,
7급II,86,2019-08-24,46,select_hanja,다음 訓과 音에 맞는 漢字를 <보기>에서 찾아 그 번호를 쓰세요.,나라 국,나라 국,"[""① 話"", ""② 國"", ""③ 九"", ""④ 答"", ""⑤ 兄"", ""⑥ 姓"", ""⑦ 七"", ""⑧ 敎"", ""⑨ 上"", ""⑩ 十""]",②,國,
7급II,86,2019-08-24,47,select_hanja,다음 訓과 音에 맞는 漢字를 <보기>에서 찾아 그 번호를 쓰세요.,대답 답,대답 답,"[""① 話"", ""② 國"", ""③ 九"", ""④ 答"", ""⑤ 兄"", ""⑥ 姓"", ""⑦ 七"", ""⑧ 敎"", ""⑨ 上"", ""⑩ 十""]",④,答,
7급II,86,2019-08-24,48,select_hanja,다음 訓과 音에 맞는 漢字를 <보기>에서 찾아 그 번호를 쓰세요.,말씀 화,말씀 화,"[""① 話"", ""② 國"", ""③ 九"", ""④ 答"", ""⑤ 兄"", ""⑥ 姓"", ""⑦ 七"", ""⑧ 敎"", ""⑨ 上"", ""⑩ 十""]",①,話,
7급II,86,2019-08-24,49,select_hanja,다음 訓과 音에 맞는 漢字를 <보기>에서 찾아 그 번호를 쓰세요.,일곱 칠,일곱 칠,"[""① 話"", ""② 國"", ""③ 九"", ""④ 答"", ""⑤ 兄"", ""⑥ 姓"", ""⑦ 七"", ""⑧ 敎"", ""⑨ 上"", ""⑩ 十""]",⑦,七,
7급II,86,2019-08-24,50,select_hanja,다음 訓과 音에 맞는 漢字를 <보기>에서 찾아 그 번호를 쓰세요.,열 십,열 십,"[""① 話"", ""② 國"", ""③ 九"", ""④ 答"", ""⑤ 兄"", ""⑥ 姓"", ""⑦ 七"", ""⑧ 敎"", ""⑨ 上"", ""⑩ 十""]",⑩,十,
7급II,86,2019-08-24,51,select_hanja,다음 訓과 音에 맞는 漢字를 <보기>에서 찾아 그 번호를 쓰세요.,성 성,성 성,"[""① 話"", ""② 國"", ""③ 九"", ""④ 答"", ""⑤ 兄"", ""⑥ 姓"", ""⑦ 七"", ""⑧ 敎"", ""⑨ 上"", ""⑩ 十""]",⑥,姓,
7급II,86,2019-08-24,52,select_hanja,다음 訓과 音에 맞는 漢字를 <보기>에서 찾아 그 번호를 쓰세요.,가르칠 교,가르칠 교,"[""① 話"", ""② 國"", ""③ 九"", ""④ 答"", ""⑤ 兄"", ""⑥ 姓"", ""⑦ 七"", ""⑧ 敎"", ""⑨ 上"", ""⑩ 十""]",⑧,敎,
7급II,86,2019-08-24,53,select_hanja,다음 訓과 音에 맞는 漢字를 <보기>에서 찾아 그 번호를 쓰세요.,아홉 구,아홉 구,"[""① 話"", ""② 國"", ""③ 九"", ""④ 答"", ""⑤ 兄"", ""⑥ 姓"", ""⑦ 七"", ""⑧ 敎"", ""⑨ 上"", ""⑩ 十""]",③,九,
7급II,86,2019-08-24,54,select_hanja,다음 訓과 音에 맞는 漢字를 <보기>에서 찾아 그 번호를 쓰세요.,맏/형 형,맏/형 형,"[""① 話"", ""② 國"", ""③ 九"", ""④ 答"", ""⑤ 兄"", ""⑥ 姓"", ""⑦ 七"", ""⑧ 敎"", ""⑨ 上"", ""⑩ 十""]",⑤,兄,
7급II,86,2019-08-24,55,banui_select,다음 漢字의 상대(또는 반대)되는 漢字를 <보기>에서 골라 그 번호를 쓰세요.,( ) ↔ 足,( ) ↔ 足,"[""① 內"", ""② 水"", ""③ 下"", ""④ 手""]",④,手,
7급II,86,2019-08-24,56,banui_select,다음 漢字의 상대(또는 반대)되는 漢字를 <보기>에서 골라 그 번호를 쓰세요.,( ) ↔ 外,( ) ↔ 外,"[""① 內"", ""② 水"", ""③ 下"", ""④ 手""]",①,內,
7급II,86,2019-08-24,57,mean_select,다음 뜻에 맞는 漢字語를 <보기>에서 찾아 그 번호를 쓰세요.,낮 열두 시.,,"[""① 生物"", ""② 子正"", ""③ 生食"", ""④ 正午""]",④,正午,
7급II,86,2019-08-24,58,mean_select,다음 뜻에 맞는 漢字語를 <보기>에서 찾아 그 번호를 쓰세요.,익히지 아니하고 날로 먹음.,,"[""① 生物"", ""② 子正"", ""③ 生食"", ""④ 正午""]",③,生食,
7급II,86,2019-08-24,59,stroke,다음 漢字의 진하게 표시한 획은 몇 번째 쓰는지 <보기>에서 찾아 그 번호를 쓰세요.,,,"[""① 첫 번째"", ""② 두 번째"", ""③ 세 번째"", ""④ 네 번째"", ""⑤ 다섯 번째"", ""⑥ 여섯 번째"", ""⑦ 일곱 번째"", ""⑧ 여덟 번째"", ""⑨ 아홉 번째"", ""⑩ 열 번째""]",⑥,여섯 번째,exam-strokes/stroke_7ii_86_59.png
7급II,86,2019-08-24,60,stroke,다음 漢字의 진하게 표시한 획은 몇 번째 쓰는지 <보기>에서 찾아 그 번호를 쓰세요.,,,"[""① 첫 번째"", ""② 두 번째"", ""③ 세 번째"", ""④ 네 번째"", ""⑤ 다섯 번째"", ""⑥ 여섯 번째"", ""⑦ 일곱 번째"", ""⑧ 여덟 번째"", ""⑨ 아홉 번째"", ""⑩ 열 번째""]",③,세 번째,exam-strokes/stroke_7ii_86_60.png
7급II,87,2019-11-23,1,dokum,다음 밑줄 친 漢字語의 音을 쓰세요.,멧돼지들이 農家에 피해를 많이 줍니다.,農家,,농가,농가,
7급II,87,2019-11-23,2,dokum,다음 밑줄 친 漢字語의 音을 쓰세요.,이런 山間 지역에도 인터넷 통 신망이 들어 왔습니다.,山間,,산간,산간,
7급II,87,2019-11-23,3,dokum,다음 밑줄 친 漢字語의 音을 쓰세요.,타자가 친 공이 空中으로 높이 솟았습니다.,空中,,공중,공중,
7급II,87,2019-11-23,4,dokum,다음 밑줄 친 漢字語의 音을 쓰세요.,학생들이 우리 工場에 견학을 다녀갔습니다.,工場,,공장,공장,
7급II,87,2019-11-23,5,dokum,다음 밑줄 친 漢字語의 音을 쓰세요.,아버지가 우산을 들고 校門에서 나를 기다렸습니다.,校門,,교문,교문,
7급II,87,2019-11-23,6,dokum,다음 밑줄 친 漢字語의 音을 쓰세요.,사과 파이는 後食으로 즐겨 먹 는 음식입니다.,後食,,후식,후식,
7급II,87,2019-11-23,7,dokum,다음 밑줄 친 漢字語의 音을 쓰세요.,부모님께 그동안의 不孝를 용서 해 달라고 빌었습니다.,不孝,,불효,불효,
7급II,87,2019-11-23,8,dokum,다음 밑줄 친 漢字語의 音을 쓰세요.,대학가는 개강을 맞아 活氣를 띠고 있습니다.,活氣,,활기,활기,
7급II,87,2019-11-23,9,dokum,다음 밑줄 친 漢字語의 音을 쓰세요.,일주일 예정으로 海外여행을 떠 났습니다.,海外,,해외,해외,
7급II,87,2019-11-23,10,dokum,다음 밑줄 친 漢字語의 音을 쓰세요.,신문에서 관련 記事를 찾았습니다.,記事,,기사,기사,
7급II,87,2019-11-23,11,dokum,다음 밑줄 친 漢字語의 音을 쓰세요.,요즘은 男子 미용사가 점점 많 아집니다.,男子,,남자,남자,
7급II,87,2019-11-23,12,dokum,다음 밑줄 친 漢字語의 音을 쓰세요.,강가에는 每年 철새가 많이 찾 아옵니다.,每年,,매년,매년,
7급II,87,2019-11-23,13,dokum,다음 밑줄 친 漢字語의 音을 쓰세요.,외국에 나가게 되면 母國을 사 랑하는 마음이 더욱 커집니다.,母國,,모국,모국,
7급II,87,2019-11-23,14,dokum,다음 밑줄 친 漢字語의 音을 쓰세요.,사건 현장으로 여러 대의 白車 가 오고 있습니다.,白車,,백차,백차,
7급II,87,2019-11-23,15,dokum,다음 밑줄 친 漢字語의 音을 쓰세요.,그는 고아로 자라서 生父를 모 릅니다.,生父,,생부,생부,
7급II,87,2019-11-23,16,dokum,다음 밑줄 친 漢字語의 音을 쓰세요.,우리 동네에는 室內 수영장이 있습니다.,室內,,실내,실내,
7급II,87,2019-11-23,17,dokum,다음 밑줄 친 漢字語의 音을 쓰세요.,나는 먹기 싫어 고개를 左右로 흔들었습니다.,左右,,좌우,좌우,
7급II,87,2019-11-23,18,dokum,다음 밑줄 친 漢字語의 音을 쓰세요.,그와 나는 촌수로 五寸입니다.,五寸,,오촌,오촌,
7급II,87,2019-11-23,19,dokum,다음 밑줄 친 漢字語의 音을 쓰세요.,우리 선생님은 長女를 시집 보 내셨습니다.,長女,,장녀,장녀,
7급II,87,2019-11-23,20,dokum,다음 밑줄 친 漢字語의 音을 쓰세요.,언니는 성악과를 나와서 市立 합창단에 들어갔습니다.,市立,,시립,시립,
7급II,87,2019-11-23,21,dokum,다음 밑줄 친 漢字語의 音을 쓰세요.,어머니 아버지께서도 두루 다 平安하시냐.,平安,,평안,평안,
7급II,87,2019-11-23,22,dokum,다음 밑줄 친 漢字語의 音을 쓰세요.,은행은 午前 아홉 시에 영업을 시작합니다.,午前,,오전,오전,
7급II,87,2019-11-23,23,hunum,다음 漢字의 訓과 音을 쓰세요.,下,下,,아래 하,아래 하,
7급II,87,2019-11-23,24,hunum,다음 漢字의 訓과 音을 쓰세요.,電,電,,번개 전,번개 전,
7급II,87,2019-11-23,25,hunum,다음 漢字의 訓과 音을 쓰세요.,王,王,,임금 왕,임금 왕,
7급II,87,2019-11-23,26,hunum,다음 漢字의 訓과 音을 쓰세요.,七,七,,일곱 칠,일곱 칠,
7급II,87,2019-11-23,27,hunum,다음 漢字의 訓과 音을 쓰세요.,江,江,,강 강,강 강,
7급II,87,2019-11-23,28,hunum,다음 漢字의 訓과 音을 쓰세요.,全,全,,온전 전,온전 전,
7급II,87,2019-11-23,29,hunum,다음 漢字의 訓과 音을 쓰세요.,物,物,,물건 물,물건 물,
7급II,87,2019-11-23,30,hunum,다음 漢字의 訓과 音을 쓰세요.,大,大,,큰 대,큰 대,
7급II,87,2019-11-23,31,hunum,다음 漢字의 訓과 音을 쓰세요.,漢,漢,,한수/한나라 한,한수/한나라 한,
7급II,87,2019-11-23,32,hunum,다음 漢字의 訓과 音을 쓰세요.,足,足,,발 족,발 족,
7급II,87,2019-11-23,33,hunum,다음 漢字의 訓과 音을 쓰세요.,道,道,,길 도,길 도,
7급II,87,2019-11-23,34,hunum,다음 漢字의 訓과 音을 쓰세요.,兄,兄,,형 형,형 형,
7급II,87,2019-11-23,35,hunum,다음 漢字의 訓과 音을 쓰세요.,萬,萬,,일만 만,일만 만,
7급II,87,2019-11-23,36,hunum,다음 漢字의 訓과 音을 쓰세요.,十,十,,열 십,열 십,
7급II,87,2019-11-23,37,hunum,다음 漢字의 訓과 音을 쓰세요.,敎,敎,,가르칠 교,가르칠 교,
7급II,87,2019-11-23,38,hunum,다음 漢字의 訓과 音을 쓰세요.,九,九,,아홉 구,아홉 구,
7급II,87,2019-11-23,39,hunum,다음 漢字의 訓과 音을 쓰세요.,靑,靑,,푸를 청,푸를 청,
7급II,87,2019-11-23,40,hunum,다음 漢字의 訓과 音을 쓰세요.,小,小,,작을 소,작을 소,
7급II,87,2019-11-23,41,hunum,다음 漢字의 訓과 音을 쓰세요.,韓,韓,,한국/나라 한,한국/나라 한,
7급II,87,2019-11-23,42,hunum,다음 漢字의 訓과 音을 쓰세요.,月,月,,달 월,달 월,
7급II,87,2019-11-23,43,select_hanjaeo,다음 밑줄 친 漢字語를 <보기>에서 찾아 그 번호를 쓰세요.,그녀는 말을 하지 못하는 장애 인에게 수화를 가르칩니다.,수화,"[""① 二世"", ""② 手話"", ""③ 先金"", ""④ 軍人""]",②,手話,
7급II,87,2019-11-23,44,select_hanjaeo,다음 밑줄 친 漢字語를 <보기>에서 찾아 그 번호를 쓰세요.,나는 얼마의 선금을 내고 물건 배달을 시켰습니다.,선금,"[""① 二世"", ""② 手話"", ""③ 先金"", ""④ 軍人""]",③,先金,
7급II,87,2019-11-23,45,select_hanja,다음 訓과 音에 맞는 漢字를 <보기>에서 찾아 그 번호를 쓰세요.,백성 민,백성 민,"[""① 時"", ""② 動"", ""③ 民"", ""④ 六"", ""⑤ 上"", ""⑥ 學"", ""⑦ 土"", ""⑧ 三"", ""⑨ 弟"", ""⑩ 八""]",③,民,
7급II,87,2019-11-23,46,select_hanja,다음 訓과 音에 맞는 漢字를 <보기>에서 찾아 그 번호를 쓰세요.,아우 제,아우 제,"[""① 時"", ""② 動"", ""③ 民"", ""④ 六"", ""⑤ 上"", ""⑥ 學"", ""⑦ 土"", ""⑧ 三"", ""⑨ 弟"", ""⑩ 八""]",⑨,弟,
7급II,87,2019-11-23,47,select_hanja,다음 訓과 音에 맞는 漢字를 <보기>에서 찾아 그 번호를 쓰세요.,위 상,위 상,"[""① 時"", ""② 動"", ""③ 民"", ""④ 六"", ""⑤ 上"", ""⑥ 學"", ""⑦ 土"", ""⑧ 三"", ""⑨ 弟"", ""⑩ 八""]",⑤,上,
7급II,87,2019-11-23,48,select_hanja,다음 訓과 音에 맞는 漢字를 <보기>에서 찾아 그 번호를 쓰세요.,때 시,때 시,"[""① 時"", ""② 動"", ""③ 民"", ""④ 六"", ""⑤ 上"", ""⑥ 學"", ""⑦ 土"", ""⑧ 三"", ""⑨ 弟"", ""⑩ 八""]",①,時,
7급II,87,2019-11-23,49,select_hanja,다음 訓과 音에 맞는 漢字를 <보기>에서 찾아 그 번호를 쓰세요.,여섯 륙,여섯 륙,"[""① 時"", ""② 動"", ""③ 民"", ""④ 六"", ""⑤ 上"", ""⑥ 學"", ""⑦ 土"", ""⑧ 三"", ""⑨ 弟"", ""⑩ 八""]",④,六,
7급II,87,2019-11-23,50,select_hanja,다음 訓과 音에 맞는 漢字를 <보기>에서 찾아 그 번호를 쓰세요.,석 삼,석 삼,"[""① 時"", ""② 動"", ""③ 民"", ""④ 六"", ""⑤ 上"", ""⑥ 學"", ""⑦ 土"", ""⑧ 三"", ""⑨ 弟"", ""⑩ 八""]",⑧,三,
7급II,87,2019-11-23,51,select_hanja,다음 訓과 音에 맞는 漢字를 <보기>에서 찾아 그 번호를 쓰세요.,움직일 동,움직일 동,"[""① 時"", ""② 動"", ""③ 民"", ""④ 六"", ""⑤ 上"", ""⑥ 學"", ""⑦ 土"", ""⑧ 三"", ""⑨ 弟"", ""⑩ 八""]",②,動,
7급II,87,2019-11-23,52,select_hanja,다음 訓과 音에 맞는 漢字를 <보기>에서 찾아 그 번호를 쓰세요.,여덟 팔,여덟 팔,"[""① 時"", ""② 動"", ""③ 民"", ""④ 六"", ""⑤ 上"", ""⑥ 學"", ""⑦ 土"", ""⑧ 三"", ""⑨ 弟"", ""⑩ 八""]",⑩,八,
7급II,87,2019-11-23,53,select_hanja,다음 訓과 音에 맞는 漢字를 <보기>에서 찾아 그 번호를 쓰세요.,배울 학,배울 학,"[""① 時"", ""② 動"", ""③ 民"", ""④ 六"", ""⑤ 上"", ""⑥ 學"", ""⑦ 土"", ""⑧ 三"", ""⑨ 弟"", ""⑩ 八""]",⑥,學,
7급II,87,2019-11-23,54,select_hanja,다음 訓과 音에 맞는 漢字를 <보기>에서 찾아 그 번호를 쓰세요.,흙 토,흙 토,"[""① 時"", ""② 動"", ""③ 民"", ""④ 六"", ""⑤ 上"", ""⑥ 學"", ""⑦ 土"", ""⑧ 三"", ""⑨ 弟"", ""⑩ 八""]",⑦,土,
7급II,87,2019-11-23,55,banui_select,다음 漢字의 상대(또는 반대)되는 漢字를 <보기>에서 골라 그 번호를 쓰세요.,( ) ↔ 水,( ) ↔ 水,"[""① 東"", ""② 火"", ""③ 北"", ""④ 木""]",②,火,
7급II,87,2019-11-23,56,banui_select,다음 漢字의 상대(또는 반대)되는 漢字를 <보기>에서 골라 그 번호를 쓰세요.,( ) ↔ 西,( ) ↔ 西,"[""① 東"", ""② 火"", ""③ 北"", ""④ 木""]",①,東,
7급II,87,2019-11-23,57,mean_select,다음 뜻에 맞는 漢字語를 <보기>에서 찾아 그 번호를 쓰세요.,그날 당번으로서 직장을 지킴.,,"[""① 四方"", ""② 自力"", ""③ 名答"", ""④ 日直""]",④,日直,
7급II,87,2019-11-23,58,mean_select,다음 뜻에 맞는 漢字語를 <보기>에서 찾아 그 번호를 쓰세요.,자기 혼자의 힘.,,"[""① 四方"", ""② 自力"", ""③ 名答"", ""④ 日直""]",②,自力,
7급II,87,2019-11-23,59,stroke,다음 漢字의 진하게 표시한 획은 몇 번째 쓰는지 <보기>에서 찾아 그 번호를 쓰세요.,,,"[""① 첫 번째"", ""② 두 번째"", ""③ 세 번째"", ""④ 네 번째"", ""⑤ 다섯 번째"", ""⑥ 여섯 번째"", ""⑦ 일곱 번째"", ""⑧ 여덟 번째"", ""⑨ 아홉 번째"", ""⑩ 열 번째""]",⑦,일곱 번째,exam-strokes/stroke_7ii_87_59.png
7급II,87,2019-11-23,60,stroke,다음 漢字의 진하게 표시한 획은 몇 번째 쓰는지 <보기>에서 찾아 그 번호를 쓰세요.,,,"[""① 첫 번째"", ""② 두 번째"", ""③ 세 번째"", ""④ 네 번째"", ""⑤ 다섯 번째"", ""⑥ 여섯 번째"", ""⑦ 일곱 번째"", ""⑧ 여덟 번째"", ""⑨ 아홉 번째"", ""⑩ 열 번째""]",⑨,아홉 번째,exam-strokes/stroke_7ii_87_60.png
7급II,90,2020-08-22,1,dokum,다음 밑줄 친 漢字語의 音을 쓰세요.,방학 중에 電氣 시설을 보다 좋 게 갖추었습니다.,電氣,,전기,전기,
7급II,90,2020-08-22,2,dokum,다음 밑줄 친 漢字語의 音을 쓰세요.,아버지는 주말에 農事 지을 땅 을 마련하였습니다.,農事,,농사,농사,
7급II,90,2020-08-22,3,dokum,다음 밑줄 친 漢字語의 音을 쓰세요.,3월에 개학을 하면 學校에 갑 니다.,學校,,학교,학교,
7급II,90,2020-08-22,4,dokum,다음 밑줄 친 漢字語의 音을 쓰세요.,겨울방학 중에 봉사 活動을 다 녀왔습니다.,活動,,활동,활동,
7급II,90,2020-08-22,5,dokum,다음 밑줄 친 漢字語의 音을 쓰세요.,철수는 자전거로 全國을 돌아다 녔습니다.,全國,,전국,전국,
7급II,90,2020-08-22,6,dokum,다음 밑줄 친 漢字語의 音을 쓰세요.,감기에 걸린 학생들이 많아서 오늘은 午前 수업만 하였습니 다.,午前,,오전,오전,
7급II,90,2020-08-22,7,dokum,다음 밑줄 친 漢字語의 音을 쓰세요.,영희는 반 친구들과 敎室을 청 소하였습니다.,敎室,,교실,교실,
7급II,90,2020-08-22,8,dokum,다음 밑줄 친 漢字語의 音을 쓰세요.,저 한옥은 유명한 木手가 지은 집입니다.,木手,,목수,목수,
7급II,90,2020-08-22,9,dokum,다음 밑줄 친 漢字語의 音을 쓰세요.,눈이 많이 와서 여행을 後日로 미루었습니다.,後日,,후일,후일,
7급II,90,2020-08-22,10,dokum,다음 밑줄 친 漢字語의 音을 쓰세요.,이웃 나라는 火山이 자주 발생 합니다.,火山,,화산,화산,
7급II,90,2020-08-22,11,dokum,다음 밑줄 친 漢字語의 音을 쓰세요.,자녀들은 부모님께 孝道해야 합니다.,孝道,,효도,효도,
7급II,90,2020-08-22,12,dokum,다음 밑줄 친 漢字語의 音을 쓰세요.,약속 時間을 잘 지켜야 합니다.,時間,,시간,시간,
7급II,90,2020-08-22,13,dokum,다음 밑줄 친 漢字語의 音을 쓰세요.,동생들과 함께 上空에 연을 날 렸습니다.,上空,,상공,상공,
7급II,90,2020-08-22,14,dokum,다음 밑줄 친 漢字語의 音을 쓰세요.,兄弟는 서로 우애가 깊습니다.,兄弟,,형제,형제,
7급II,90,2020-08-22,15,dokum,다음 밑줄 친 漢字語의 音을 쓰세요.,靑年들은 앞으로 나라를 이끌 어갈 일꾼입니다.,靑年,,청년,청년,
7급II,90,2020-08-22,16,dokum,다음 밑줄 친 漢字語의 音을 쓰세요.,우리 三寸은 선생님이십니다.,三寸,,삼촌,삼촌,
7급II,90,2020-08-22,17,dokum,다음 밑줄 친 漢字語의 音을 쓰세요.,나는 운동회에서 白軍이 되었 습니다.,白軍,,백군,백군,
7급II,90,2020-08-22,18,dokum,다음 밑줄 친 漢字語의 音을 쓰세요.,동물과 식물을 합쳐 生物이라 고 부릅니다.,生物,,생물,생물,
7급II,90,2020-08-22,19,dokum,다음 밑줄 친 漢字語의 音을 쓰세요.,男子들은 군인이 되어야 할 의 무가 있습니다.,男子,,남자,남자,
7급II,90,2020-08-22,20,dokum,다음 밑줄 친 漢字語의 音을 쓰세요.,直立 동물인 사람들은 서서 걸 어 다닙니다.,直立,,직립,직립,
7급II,90,2020-08-22,21,dokum,다음 밑줄 친 漢字語의 音을 쓰세요.,시험을 보고 나면 서로 正答을 확인합니다.,正答,,정답,정답,
7급II,90,2020-08-22,22,dokum,다음 밑줄 친 漢字語의 音을 쓰세요.,우리들은 南北이 통일되기를 기원합니다.,南北,,남북,남북,
7급II,90,2020-08-22,23,hunum,다음 漢字의 訓과 音을 쓰세요.,江,江,,강 강,강 강,
7급II,90,2020-08-22,24,hunum,다음 漢字의 訓과 音을 쓰세요.,萬,萬,,일만 만,일만 만,
7급II,90,2020-08-22,25,hunum,다음 漢字의 訓과 音을 쓰세요.,場,場,,마당 장,마당 장,
7급II,90,2020-08-22,26,hunum,다음 漢字의 訓과 音을 쓰세요.,足,足,,발 족,발 족,
7급II,90,2020-08-22,27,hunum,다음 漢字의 訓과 音을 쓰세요.,平,平,,평평할 평,평평할 평,
7급II,90,2020-08-22,28,hunum,다음 漢字의 訓과 音을 쓰세요.,土,土,,흙 토,흙 토,
7급II,90,2020-08-22,29,hunum,다음 漢字의 訓과 音을 쓰세요.,自,自,,스스로 자,스스로 자,
7급II,90,2020-08-22,30,hunum,다음 漢字의 訓과 音을 쓰세요.,十,十,,열 십,열 십,
7급II,90,2020-08-22,31,hunum,다음 漢字의 訓과 音을 쓰세요.,父,父,,아비 부,아비 부,
7급II,90,2020-08-22,32,hunum,다음 漢字의 訓과 音을 쓰세요.,女,女,,계집 녀,계집 녀,
7급II,90,2020-08-22,33,hunum,다음 漢字의 訓과 音을 쓰세요.,工,工,,장인 공,장인 공,
7급II,90,2020-08-22,34,hunum,다음 漢字의 訓과 音을 쓰세요.,家,家,,집 가,집 가,
7급II,90,2020-08-22,35,hunum,다음 漢字의 訓과 音을 쓰세요.,九,九,,아홉 구,아홉 구,
7급II,90,2020-08-22,36,hunum,다음 漢字의 訓과 音을 쓰세요.,記,記,,기록할 기,기록할 기,
7급II,90,2020-08-22,37,hunum,다음 漢字의 訓과 音을 쓰세요.,五,五,,다섯 오,다섯 오,
7급II,90,2020-08-22,38,hunum,다음 漢字의 訓과 音을 쓰세요.,小,小,,작을 소,작을 소,
7급II,90,2020-08-22,39,hunum,다음 漢字의 訓과 音을 쓰세요.,市,市,,저자 시,저자 시,
7급II,90,2020-08-22,40,hunum,다음 漢字의 訓과 音을 쓰세요.,二,二,,두 이,두 이,
7급II,90,2020-08-22,41,hunum,다음 漢字의 訓과 音을 쓰세요.,左,左,,왼 좌,왼 좌,
7급II,90,2020-08-22,42,hunum,다음 漢字의 訓과 音을 쓰세요.,門,門,,문 문,문 문,
7급II,90,2020-08-22,43,select_hanjaeo,다음 밑줄 친 漢字語를 <보기>에서 찾아 그 번호를 쓰세요.,답안지에는 반드시 성명을 써야 합니다.,성명,"[""① 姓名"", ""② 金海"", ""③ 不一"", ""④ 每月""]",①,姓名,
7급II,90,2020-08-22,44,select_hanjaeo,다음 밑줄 친 漢字語를 <보기>에서 찾아 그 번호를 쓰세요.,저는 매월 고향의 부모님을 찾 아갑니다.,매월,"[""① 姓名"", ""② 金海"", ""③ 不一"", ""④ 每月""]",④,每月,
7급II,90,2020-08-22,45,select_hanja,다음 訓과 音에 맞는 漢字를 <보기>에서 찾아 그 번호를 쓰세요.,말씀 화,말씀 화,"[""① 車"", ""② 七"", ""③ 六"", ""④ 先"", ""⑤ 中"", ""⑥ 人"", ""⑦ 韓"", ""⑧ 民"", ""⑨ 世"", ""⑩ 話""]",⑩,話,
7급II,90,2020-08-22,46,select_hanja,다음 訓과 音에 맞는 漢字를 <보기>에서 찾아 그 번호를 쓰세요.,수레 거/차,수레 거/차,"[""① 車"", ""② 七"", ""③ 六"", ""④ 先"", ""⑤ 中"", ""⑥ 人"", ""⑦ 韓"", ""⑧ 民"", ""⑨ 世"", ""⑩ 話""]",①,車,
7급II,90,2020-08-22,47,select_hanja,다음 訓과 音에 맞는 漢字를 <보기>에서 찾아 그 번호를 쓰세요.,여섯 륙,여섯 륙,"[""① 車"", ""② 七"", ""③ 六"", ""④ 先"", ""⑤ 中"", ""⑥ 人"", ""⑦ 韓"", ""⑧ 民"", ""⑨ 世"", ""⑩ 話""]",③,六,
7급II,90,2020-08-22,48,select_hanja,다음 訓과 音에 맞는 漢字를 <보기>에서 찾아 그 번호를 쓰세요.,가운데 중,가운데 중,"[""① 車"", ""② 七"", ""③ 六"", ""④ 先"", ""⑤ 中"", ""⑥ 人"", ""⑦ 韓"", ""⑧ 民"", ""⑨ 世"", ""⑩ 話""]",⑤,中,
7급II,90,2020-08-22,49,select_hanja,다음 訓과 音에 맞는 漢字를 <보기>에서 찾아 그 번호를 쓰세요.,한국/나라 한,한국/나라 한,"[""① 車"", ""② 七"", ""③ 六"", ""④ 先"", ""⑤ 中"", ""⑥ 人"", ""⑦ 韓"", ""⑧ 民"", ""⑨ 世"", ""⑩ 話""]",⑦,韓,
7급II,90,2020-08-22,50,select_hanja,다음 訓과 音에 맞는 漢字를 <보기>에서 찾아 그 번호를 쓰세요.,먼저 선,먼저 선,"[""① 車"", ""② 七"", ""③ 六"", ""④ 先"", ""⑤ 中"", ""⑥ 人"", ""⑦ 韓"", ""⑧ 民"", ""⑨ 世"", ""⑩ 話""]",④,先,
7급II,90,2020-08-22,51,select_hanja,다음 訓과 音에 맞는 漢字를 <보기>에서 찾아 그 번호를 쓰세요.,사람 인,사람 인,"[""① 車"", ""② 七"", ""③ 六"", ""④ 先"", ""⑤ 中"", ""⑥ 人"", ""⑦ 韓"", ""⑧ 民"", ""⑨ 世"", ""⑩ 話""]",⑥,人,
7급II,90,2020-08-22,52,select_hanja,다음 訓과 音에 맞는 漢字를 <보기>에서 찾아 그 번호를 쓰세요.,인간 세,인간 세,"[""① 車"", ""② 七"", ""③ 六"", ""④ 先"", ""⑤ 中"", ""⑥ 人"", ""⑦ 韓"", ""⑧ 民"", ""⑨ 世"", ""⑩ 話""]",⑨,世,
7급II,90,2020-08-22,53,select_hanja,다음 訓과 音에 맞는 漢字를 <보기>에서 찾아 그 번호를 쓰세요.,백성 민,백성 민,"[""① 車"", ""② 七"", ""③ 六"", ""④ 先"", ""⑤ 中"", ""⑥ 人"", ""⑦ 韓"", ""⑧ 民"", ""⑨ 世"", ""⑩ 話""]",⑧,民,
7급II,90,2020-08-22,54,select_hanja,다음 訓과 音에 맞는 漢字를 <보기>에서 찾아 그 번호를 쓰세요.,일곱 칠,일곱 칠,"[""① 車"", ""② 七"", ""③ 六"", ""④ 先"", ""⑤ 中"", ""⑥ 人"", ""⑦ 韓"", ""⑧ 民"", ""⑨ 世"", ""⑩ 話""]",②,七,
7급II,90,2020-08-22,55,banui_select,다음 漢字의 상대(또는 반대)되는 漢字를 <보기>에서 골라 그 번호를 쓰세요.,( ) ↔ 西,( ) ↔ 西,"[""① 東"", ""② 四"", ""③ 八"", ""④ 內""]",①,東,
7급II,90,2020-08-22,56,banui_select,다음 漢字의 상대(또는 반대)되는 漢字를 <보기>에서 골라 그 번호를 쓰세요.,( ) ↔ 外,( ) ↔ 外,"[""① 東"", ""② 四"", ""③ 八"", ""④ 內""]",④,內,
7급II,90,2020-08-22,57,mean_select,다음 뜻에 맞는 漢字語를 <보기>에서 찾아 그 번호를 쓰세요.,먹는 물.,,"[""① 食水"", ""② 大力"", ""③ 右方"", ""④ 王母""]",①,食水,
7급II,90,2020-08-22,58,mean_select,다음 뜻에 맞는 漢字語를 <보기>에서 찾아 그 번호를 쓰세요.,오른쪽.,,"[""① 食水"", ""② 大力"", ""③ 右方"", ""④ 王母""]",③,右方,
7급II,90,2020-08-22,59,stroke,다음 漢字의 진하게 표시한 획은 몇 번째 쓰는지 <보기>에서 찾아 그 번호를 쓰세요.,,,"[""① 첫 번째"", ""② 두 번째"", ""③ 세 번째"", ""④ 네 번째"", ""⑤ 다섯 번째"", ""⑥ 여섯 번째"", ""⑦ 일곱 번째"", ""⑧ 여덟 번째"", ""⑨ 아홉 번째"", ""⑩ 열 번째""]",⑧,여덟 번째,exam-strokes/stroke_7ii_90_59.png
7급II,90,2020-08-22,60,stroke,다음 漢字의 진하게 표시한 획은 몇 번째 쓰는지 <보기>에서 찾아 그 번호를 쓰세요.,,,"[""① 첫 번째"", ""② 두 번째"", ""③ 세 번째"", ""④ 네 번째"", ""⑤ 다섯 번째"", ""⑥ 여섯 번째"", ""⑦ 일곱 번째"", ""⑧ 여덟 번째"", ""⑨ 아홉 번째"", ""⑩ 열 번째""]",⑥,여섯 번째,exam-strokes/stroke_7ii_90_60.png
7급II,91,2020-11-21,1,dokum,다음 밑줄 친 漢字語의 音을 쓰세요.,우리나라의 空軍은 한반도의 하 늘을 지킵니다.,空軍,,공군,공군,
7급II,91,2020-11-21,2,dokum,다음 밑줄 친 漢字語의 音을 쓰세요.,일 년 農事를 잘 지어야 나라가 넉넉해집니다.,農事,,농사,농사,
7급II,91,2020-11-21,3,dokum,다음 밑줄 친 漢字語의 音을 쓰세요.,校長 선생님께서 학생들에게 훈 화를 하십니다.,校長,,교장,교장,
7급II,91,2020-11-21,4,dokum,다음 밑줄 친 漢字語의 音을 쓰세요.,"電子 상가에는 냉장고, 텔레비 전 등이 진열되어 있습니다.",電子,,전자,전자,
7급II,91,2020-11-21,5,dokum,다음 밑줄 친 漢字語의 音을 쓰세요.,市場에는 야채들이 가득합니다.,市場,,시장,시장,
7급II,91,2020-11-21,6,dokum,다음 밑줄 친 漢字語의 音을 쓰세요.,약속한 사람은 오지 않고 時間 만 흘러갑니다.,時間,,시간,시간,
7급II,91,2020-11-21,7,dokum,다음 밑줄 친 漢字語의 音을 쓰세요.,십년이 지나면 江山도 변한다는 속담이 있습니다.,江山,,강산,강산,
7급II,91,2020-11-21,8,dokum,다음 밑줄 친 漢字語의 音을 쓰세요.,午前에 용무를 마치고 일찍 귀 가하는 중입니다.,午前,,오전,오전,
7급II,91,2020-11-21,9,dokum,다음 밑줄 친 漢字語의 音을 쓰세요.,전염병이 四方으로 퍼졌습니다.,四方,,사방,사방,
7급II,91,2020-11-21,10,dokum,다음 밑줄 친 漢字語의 音을 쓰세요.,姓名과 주민등록번호를 확인한 후에 마스크를 살 수 있습니다.,姓名,,성명,성명,
7급II,91,2020-11-21,11,dokum,다음 밑줄 친 漢字語의 音을 쓰세요.,훌륭한 인재들이 全國에서 모 여들었습니다.,全國,,전국,전국,
7급II,91,2020-11-21,12,dokum,다음 밑줄 친 漢字語의 音을 쓰세요.,화목한 가정에는 부모님께 孝道 하는 착한 자녀들이 있습니다.,孝道,,효도,효도,
7급II,91,2020-11-21,13,dokum,다음 밑줄 친 漢字語의 音을 쓰세요.,부지런한 학생들이 여러 가지 活動을 열심히 합니다.,活動,,활동,활동,
7급II,91,2020-11-21,14,dokum,다음 밑줄 친 漢字語의 音을 쓰세요.,그는 거짓말을 모르는 正直한 학생입니다.,正直,,정직,정직,
7급II,91,2020-11-21,15,dokum,다음 밑줄 친 漢字語의 音을 쓰세요.,올림픽에서 금메달을 따는 것 은 家門의 영광입니다.,家門,,가문,가문,
7급II,91,2020-11-21,16,dokum,다음 밑줄 친 漢字語의 音을 쓰세요.,집안이 平安하면 재물도 불어 난다.,平安,,평안,평안,
7급II,91,2020-11-21,17,dokum,다음 밑줄 친 漢字語의 音을 쓰세요.,학교 운동장에 학생들이 左右 로 정렬하여 서 있었습니다.,左右,,좌우,좌우,
7급II,91,2020-11-21,18,dokum,다음 밑줄 친 漢字語의 音을 쓰세요.,경제적으로 自立하기 위해서는 열심히 공부해야 합니다.,自立,,자립,자립,
7급II,91,2020-11-21,19,dokum,다음 밑줄 친 漢字語의 音을 쓰세요.,그는 每日 하루도 쉬지 않고 아 침마다 운동을 합니다.,每日,,매일,매일,
7급II,91,2020-11-21,20,dokum,다음 밑줄 친 漢字語의 音을 쓰세요.,그 집은 內外가 부지런하여 알 뜰하게 살아갑니다.,內外,,내외,내외,
7급II,91,2020-11-21,21,dokum,다음 밑줄 친 漢字語의 音을 쓰세요.,엘리베이트는 上下로 움직이면 서 사람들을 이동시킵니다.,上下,,상하,상하,
7급II,91,2020-11-21,22,dokum,다음 밑줄 친 漢字語의 音을 쓰세요.,조국을 위해 목숨을 버린 그는 後世에 열사로 칭송받았습니다.,後世,,후세,후세,
7급II,91,2020-11-21,23,hunum,다음 漢字의 訓과 音을 쓰세요.,火,火,,불 화,불 화,
7급II,91,2020-11-21,24,hunum,다음 漢字의 訓과 音을 쓰세요.,九,九,,아홉 구,아홉 구,
7급II,91,2020-11-21,25,hunum,다음 漢字의 訓과 音을 쓰세요.,海,海,,바다 해,바다 해,
7급II,91,2020-11-21,26,hunum,다음 漢字의 訓과 音을 쓰세요.,白,白,,흰 백,흰 백,
7급II,91,2020-11-21,27,hunum,다음 漢字의 訓과 音을 쓰세요.,八,八,,여덟 팔,여덟 팔,
7급II,91,2020-11-21,28,hunum,다음 漢字의 訓과 音을 쓰세요.,靑,靑,,푸를 청,푸를 청,
7급II,91,2020-11-21,29,hunum,다음 漢字의 訓과 音을 쓰세요.,寸,寸,,마디 촌,마디 촌,
7급II,91,2020-11-21,30,hunum,다음 漢字의 訓과 音을 쓰세요.,三,三,,석 삼,석 삼,
7급II,91,2020-11-21,31,hunum,다음 漢字의 訓과 音을 쓰세요.,足,足,,발 족,발 족,
7급II,91,2020-11-21,32,hunum,다음 漢字의 訓과 音을 쓰세요.,王,王,,임금 왕,임금 왕,
7급II,91,2020-11-21,33,hunum,다음 漢字의 訓과 音을 쓰세요.,月,月,,달 월,달 월,
7급II,91,2020-11-21,34,hunum,다음 漢字의 訓과 音을 쓰세요.,氣,氣,,기운 기,기운 기,
7급II,91,2020-11-21,35,hunum,다음 漢字의 訓과 音을 쓰세요.,不,不,,아니 불,아니 불,
7급II,91,2020-11-21,36,hunum,다음 漢字의 訓과 音을 쓰세요.,十,十,,열 십,열 십,
7급II,91,2020-11-21,37,hunum,다음 漢字의 訓과 音을 쓰세요.,力,力,,힘 력,힘 력,
7급II,91,2020-11-21,38,hunum,다음 漢字의 訓과 音을 쓰세요.,東,東,,동녘 동,동녘 동,
7급II,91,2020-11-21,39,hunum,다음 漢字의 訓과 音을 쓰세요.,南,南,,남녘 남,남녘 남,
7급II,91,2020-11-21,40,hunum,다음 漢字의 訓과 音을 쓰세요.,七,七,,일곱 칠,일곱 칠,
7급II,91,2020-11-21,41,hunum,다음 漢字의 訓과 音을 쓰세요.,車,車,,수레 거/차,수레 거/차,
7급II,91,2020-11-21,42,hunum,다음 漢字의 訓과 音을 쓰세요.,木,木,,나무 목,나무 목,
7급II,91,2020-11-21,43,select_hanjaeo,다음 밑줄 친 漢字語를 <보기>에서 찾아 그 번호를 쓰세요.,그는 상대방을 먼저 공격하기 위하여 선수를 잡았습니다.,선수,"[""① 食水"", ""② 兄弟"", ""③ 先手"", ""④ 萬民""]",③,先手,
7급II,91,2020-11-21,44,select_hanjaeo,다음 밑줄 친 漢字語를 <보기>에서 찾아 그 번호를 쓰세요.,가뭄이 계속되어 식수가 점점 더 부족해지고 있습니다.,식수,"[""① 食水"", ""② 兄弟"", ""③ 先手"", ""④ 萬民""]",①,食水,
7급II,91,2020-11-21,45,select_hanja,다음 訓과 音에 맞는 漢字를 <보기>에서 찾아 그 번호를 쓰세요.,한국/나라 한,한국/나라 한,"[""① 母"", ""② 記"", ""③ 室"", ""④ 北"", ""⑤ 西"", ""⑥ 六"", ""⑦ 父"", ""⑧ 韓"", ""⑨ 二"", ""⑩ 答""]",⑧,韓,
7급II,91,2020-11-21,46,select_hanja,다음 訓과 音에 맞는 漢字를 <보기>에서 찾아 그 번호를 쓰세요.,기록할 기,기록할 기,"[""① 母"", ""② 記"", ""③ 室"", ""④ 北"", ""⑤ 西"", ""⑥ 六"", ""⑦ 父"", ""⑧ 韓"", ""⑨ 二"", ""⑩ 答""]",②,記,
7급II,91,2020-11-21,47,select_hanja,다음 訓과 音에 맞는 漢字를 <보기>에서 찾아 그 번호를 쓰세요.,어미 모,어미 모,"[""① 母"", ""② 記"", ""③ 室"", ""④ 北"", ""⑤ 西"", ""⑥ 六"", ""⑦ 父"", ""⑧ 韓"", ""⑨ 二"", ""⑩ 答""]",①,母,
7급II,91,2020-11-21,48,select_hanja,다음 訓과 音에 맞는 漢字를 <보기>에서 찾아 그 번호를 쓰세요.,대답 답,대답 답,"[""① 母"", ""② 記"", ""③ 室"", ""④ 北"", ""⑤ 西"", ""⑥ 六"", ""⑦ 父"", ""⑧ 韓"", ""⑨ 二"", ""⑩ 答""]",⑩,答,
7급II,91,2020-11-21,49,select_hanja,다음 訓과 音에 맞는 漢字를 <보기>에서 찾아 그 번호를 쓰세요.,아비 부,아비 부,"[""① 母"", ""② 記"", ""③ 室"", ""④ 北"", ""⑤ 西"", ""⑥ 六"", ""⑦ 父"", ""⑧ 韓"", ""⑨ 二"", ""⑩ 答""]",⑦,父,
7급II,91,2020-11-21,50,select_hanja,다음 訓과 音에 맞는 漢字를 <보기>에서 찾아 그 번호를 쓰세요.,집 실,집 실,"[""① 母"", ""② 記"", ""③ 室"", ""④ 北"", ""⑤ 西"", ""⑥ 六"", ""⑦ 父"", ""⑧ 韓"", ""⑨ 二"", ""⑩ 答""]",③,室,
7급II,91,2020-11-21,51,select_hanja,다음 訓과 音에 맞는 漢字를 <보기>에서 찾아 그 번호를 쓰세요.,서녘 서,서녘 서,"[""① 母"", ""② 記"", ""③ 室"", ""④ 北"", ""⑤ 西"", ""⑥ 六"", ""⑦ 父"", ""⑧ 韓"", ""⑨ 二"", ""⑩ 答""]",⑤,西,
7급II,91,2020-11-21,52,select_hanja,다음 訓과 音에 맞는 漢字를 <보기>에서 찾아 그 번호를 쓰세요.,여섯 륙,여섯 륙,"[""① 母"", ""② 記"", ""③ 室"", ""④ 北"", ""⑤ 西"", ""⑥ 六"", ""⑦ 父"", ""⑧ 韓"", ""⑨ 二"", ""⑩ 答""]",⑥,六,
7급II,91,2020-11-21,53,select_hanja,다음 訓과 音에 맞는 漢字를 <보기>에서 찾아 그 번호를 쓰세요.,북녘 북,북녘 북,"[""① 母"", ""② 記"", ""③ 室"", ""④ 北"", ""⑤ 西"", ""⑥ 六"", ""⑦ 父"", ""⑧ 韓"", ""⑨ 二"", ""⑩ 答""]",④,北,
7급II,91,2020-11-21,54,select_hanja,다음 訓과 音에 맞는 漢字를 <보기>에서 찾아 그 번호를 쓰세요.,두 이,두 이,"[""① 母"", ""② 記"", ""③ 室"", ""④ 北"", ""⑤ 西"", ""⑥ 六"", ""⑦ 父"", ""⑧ 韓"", ""⑨ 二"", ""⑩ 答""]",⑨,二,
7급II,91,2020-11-21,55,banui_select,다음 漢字의 상대(또는 반대)되는 漢字를 <보기>에서 골라 그 번호를 쓰세요.,( ) ↔ 女,( ) ↔ 女,"[""① 土"", ""② 男"", ""③ 工"", ""④ 大""]",②,男,
7급II,91,2020-11-21,56,banui_select,다음 漢字의 상대(또는 반대)되는 漢字를 <보기>에서 골라 그 번호를 쓰세요.,( ) ↔ 小,( ) ↔ 小,"[""① 土"", ""② 男"", ""③ 工"", ""④ 大""]",④,大,
7급II,91,2020-11-21,57,mean_select,다음 뜻에 맞는 漢字語를 <보기>에서 찾아 그 번호를 쓰세요.,청년과 노년 사이의 나이.,,"[""① 敎學"", ""② 人物"", ""③ 一生"", ""④ 中年""]",④,中年,
7급II,91,2020-11-21,58,mean_select,다음 뜻에 맞는 漢字語를 <보기>에서 찾아 그 번호를 쓰세요.,가르치고 배우는 일.,,"[""① 敎學"", ""② 人物"", ""③ 一生"", ""④ 中年""]",①,敎學,
7급II,91,2020-11-21,59,stroke,다음 漢字의 진하게 표시한 획은 몇 번째 쓰는지 <보기>에서 찾아 그 번호를 쓰세요.,,,"[""① 첫 번째"", ""② 두 번째"", ""③ 세 번째"", ""④ 네 번째"", ""⑤ 다섯 번째"", ""⑥ 여섯 번째"", ""⑦ 일곱 번째"", ""⑧ 여덟 번째"", ""⑨ 아홉 번째"", ""⑩ 열 번째""]",⑤,다섯 번째,exam-strokes/stroke_7ii_91_59.png
7급II,91,2020-11-21,60,stroke,다음 漢字의 진하게 표시한 획은 몇 번째 쓰는지 <보기>에서 찾아 그 번호를 쓰세요.,,,"[""① 첫 번째"", ""② 두 번째"", ""③ 세 번째"", ""④ 네 번째"", ""⑤ 다섯 번째"", ""⑥ 여섯 번째"", ""⑦ 일곱 번째"", ""⑧ 여덟 번째"", ""⑨ 아홉 번째"", ""⑩ 열 번째""]",⑩,열 번째,exam-strokes/stroke_7ii_91_60.png
7급II,92,2021-05-15,1,dokum,다음 밑줄 친 漢字語의 音을 쓰세요.,그는 훌륭한 家長이 되려고 노 력했다.,家長,,가장,가장,
7급II,92,2021-05-15,2,dokum,다음 밑줄 친 漢字語의 音을 쓰세요.,그는 자기 姓을 한자로 써서 벽 에 걸어 놓았다.,姓,,성,성,
7급II,92,2021-05-15,3,dokum,다음 밑줄 친 漢字語의 音을 쓰세요.,장작을 넣었더니 火力이 두 배 로 세졌다.,火力,,화력,화력,
7급II,92,2021-05-15,4,dokum,다음 밑줄 친 漢字語의 音을 쓰세요.,오늘 여기서 南北의 화합을 돕 는 행사가 열린다.,南北,,남북,남북,
7급II,92,2021-05-15,5,dokum,다음 밑줄 친 漢字語의 音을 쓰세요.,事後에 욕을 먹지 않도록 조심 했다.,事後,,사후,사후,
7급II,92,2021-05-15,6,dokum,다음 밑줄 친 漢字語의 音을 쓰세요.,사람은 直立을 한 후에 손을 자 유롭게 쓰게 되었다.,直立,,직립,직립,
7급II,92,2021-05-15,7,dokum,다음 밑줄 친 漢字語의 音을 쓰세요.,市場에는 사람들이 넘쳐났다.,市場,,시장,시장,
7급II,92,2021-05-15,8,dokum,다음 밑줄 친 漢字語의 音을 쓰세요.,그는 살을 빼려고 間食을 전혀 먹지 않는다.,間食,,간식,간식,
7급II,92,2021-05-15,9,dokum,다음 밑줄 친 漢字語의 音을 쓰세요.,나는 每日 한자를 한 자씩 익힌 다.,每日,,매일,매일,
7급II,92,2021-05-15,10,dokum,다음 밑줄 친 漢字語의 音을 쓰세요.,그는 우리 동네에서 孝子로 유 명하다.,孝子,,효자,효자,
7급II,92,2021-05-15,11,dokum,다음 밑줄 친 漢字語의 音을 쓰세요.,그녀는 動物을 관찰하는 것을 좋아한다.,動物,,동물,동물,
7급II,92,2021-05-15,12,dokum,다음 밑줄 친 漢字語의 音을 쓰세요.,나는 당당하게 건물 正門으로 들어갔다.,正門,,정문,정문,
7급II,92,2021-05-15,13,dokum,다음 밑줄 친 漢字語의 音을 쓰세요.,萬一 비가 오면 모든 경기는 취소된다.,萬一,,만일,만일,
7급II,92,2021-05-15,14,dokum,다음 밑줄 친 漢字語의 音을 쓰세요.,이 世上에서 우리 엄마가 제일 좋다.,世上,,세상,세상,
7급II,92,2021-05-15,15,dokum,다음 밑줄 친 漢字語의 音을 쓰세요.,추운 날은 감기 걸릴까 봐 따 뜻한 室內에서만 지냈다.,室內,,실내,실내,
7급II,92,2021-05-15,16,dokum,다음 밑줄 친 漢字語의 音을 쓰세요.,그는 農民을 위한 정책을 많이 제안했다.,農民,,농민,농민,
7급II,92,2021-05-15,17,dokum,다음 밑줄 친 漢字語의 音을 쓰세요.,下校하는 길에 우연히 초등학 교 동창을 만났다.,下校,,하교,하교,
7급II,92,2021-05-15,18,dokum,다음 밑줄 친 漢字語의 音을 쓰세요.,여름에 특히 電氣를 아껴 써야 한다.,電氣,,전기,전기,
7급II,92,2021-05-15,19,dokum,다음 밑줄 친 漢字語의 音을 쓰세요.,이 글이야말로 名答이다.,名答,,명답,명답,
7급II,92,2021-05-15,20,dokum,다음 밑줄 친 漢字語의 音을 쓰세요.,우리는 그 집안의 平安을 빌어 주었다.,平安,,평안,평안,
7급II,92,2021-05-15,21,dokum,다음 밑줄 친 漢字語의 音을 쓰세요.,대통령은 전쟁이 나자 全軍을 동원했다.,全軍,,전군,전군,
7급II,92,2021-05-15,22,dokum,다음 밑줄 친 漢字語의 音을 쓰세요.,靑年들의 사기가 떨어지지 않 도록 해야 한다.,靑年,,청년,청년,
7급II,92,2021-05-15,23,hunum,다음 漢字의 訓과 音을 쓰세요.,右,右,,오른 우,오른 우,
7급II,92,2021-05-15,24,hunum,다음 漢字의 訓과 音을 쓰세요.,五,五,,다섯 오,다섯 오,
7급II,92,2021-05-15,25,hunum,다음 漢字의 訓과 音을 쓰세요.,活,活,,살 활,살 활,
7급II,92,2021-05-15,26,hunum,다음 漢字의 訓과 音을 쓰세요.,道,道,,길 도,길 도,
7급II,92,2021-05-15,27,hunum,다음 漢字의 訓과 音을 쓰세요.,話,話,,말씀 화,말씀 화,
7급II,92,2021-05-15,28,hunum,다음 漢字의 訓과 音을 쓰세요.,海,海,,바다 해,바다 해,
7급II,92,2021-05-15,29,hunum,다음 漢字의 訓과 音을 쓰세요.,寸,寸,,마디 촌,마디 촌,
7급II,92,2021-05-15,30,hunum,다음 漢字의 訓과 音을 쓰세요.,木,木,,나무 목,나무 목,
7급II,92,2021-05-15,31,hunum,다음 漢字의 訓과 音을 쓰세요.,水,水,,물 수,물 수,
7급II,92,2021-05-15,32,hunum,다음 漢字의 訓과 音을 쓰세요.,外,外,,바깥 외,바깥 외,
7급II,92,2021-05-15,33,hunum,다음 漢字의 訓과 音을 쓰세요.,方,方,,모 방,모 방,
7급II,92,2021-05-15,34,hunum,다음 漢字의 訓과 音을 쓰세요.,中,中,,가운데 중,가운데 중,
7급II,92,2021-05-15,35,hunum,다음 漢字의 訓과 音을 쓰세요.,生,生,,날 생,날 생,
7급II,92,2021-05-15,36,hunum,다음 漢字의 訓과 音을 쓰세요.,時,時,,때 시,때 시,
7급II,92,2021-05-15,37,hunum,다음 漢字의 訓과 音을 쓰세요.,自,自,,스스로 자,스스로 자,
7급II,92,2021-05-15,38,hunum,다음 漢字의 訓과 音을 쓰세요.,左,左,,왼 좌,왼 좌,
7급II,92,2021-05-15,39,hunum,다음 漢字의 訓과 音을 쓰세요.,父,父,,아비 부,아비 부,
7급II,92,2021-05-15,40,hunum,다음 漢字의 訓과 音을 쓰세요.,九,九,,아홉 구,아홉 구,
7급II,92,2021-05-15,41,hunum,다음 漢字의 訓과 音을 쓰세요.,八,八,,여덟 팔,여덟 팔,
7급II,92,2021-05-15,42,hunum,다음 漢字의 訓과 音을 쓰세요.,金,金,,쇠 금/성 김,쇠 금/성 김,
7급II,92,2021-05-15,43,select_hanjaeo,다음 밑줄 친 漢字語를 <보기>에서 찾아 그 번호를 쓰세요.,그녀는 돈이 부족해서 사업을 접었다.,부족,"[""① 不足"", ""② 西山"", ""③ 兄弟"", ""④ 手工""]",①,不足,
7급II,92,2021-05-15,44,select_hanjaeo,다음 밑줄 친 漢字語를 <보기>에서 찾아 그 번호를 쓰세요.,그들은 형제 간의 우애가 깊었 다.,형제,"[""① 不足"", ""② 西山"", ""③ 兄弟"", ""④ 手工""]",③,兄弟,
7급II,92,2021-05-15,45,select_hanja,다음 訓과 音에 맞는 漢字를 <보기>에서 찾아 그 번호를 쓰세요.,기록할 기,기록할 기,"[""① 人"", ""② 韓"", ""③ 江"", ""④ 土"", ""⑤ 王"", ""⑥ 先"", ""⑦ 東"", ""⑧ 四"", ""⑨ 月"", ""⑩ 記""]",⑩,記,
7급II,92,2021-05-15,46,select_hanja,다음 訓과 音에 맞는 漢字를 <보기>에서 찾아 그 번호를 쓰세요.,임금 왕,임금 왕,"[""① 人"", ""② 韓"", ""③ 江"", ""④ 土"", ""⑤ 王"", ""⑥ 先"", ""⑦ 東"", ""⑧ 四"", ""⑨ 月"", ""⑩ 記""]",⑤,王,
7급II,92,2021-05-15,47,select_hanja,다음 訓과 音에 맞는 漢字를 <보기>에서 찾아 그 번호를 쓰세요.,동녘 동,동녘 동,"[""① 人"", ""② 韓"", ""③ 江"", ""④ 土"", ""⑤ 王"", ""⑥ 先"", ""⑦ 東"", ""⑧ 四"", ""⑨ 月"", ""⑩ 記""]",⑦,東,
7급II,92,2021-05-15,48,select_hanja,다음 訓과 音에 맞는 漢字를 <보기>에서 찾아 그 번호를 쓰세요.,강 강,강 강,"[""① 人"", ""② 韓"", ""③ 江"", ""④ 土"", ""⑤ 王"", ""⑥ 先"", ""⑦ 東"", ""⑧ 四"", ""⑨ 月"", ""⑩ 記""]",③,江,
7급II,92,2021-05-15,49,select_hanja,다음 訓과 音에 맞는 漢字를 <보기>에서 찾아 그 번호를 쓰세요.,먼저 선,먼저 선,"[""① 人"", ""② 韓"", ""③ 江"", ""④ 土"", ""⑤ 王"", ""⑥ 先"", ""⑦ 東"", ""⑧ 四"", ""⑨ 月"", ""⑩ 記""]",⑥,先,
7급II,92,2021-05-15,50,select_hanja,다음 訓과 音에 맞는 漢字를 <보기>에서 찾아 그 번호를 쓰세요.,한국 한,한국 한,"[""① 人"", ""② 韓"", ""③ 江"", ""④ 土"", ""⑤ 王"", ""⑥ 先"", ""⑦ 東"", ""⑧ 四"", ""⑨ 月"", ""⑩ 記""]",②,韓,
7급II,92,2021-05-15,51,select_hanja,다음 訓과 音에 맞는 漢字를 <보기>에서 찾아 그 번호를 쓰세요.,사람 인,사람 인,"[""① 人"", ""② 韓"", ""③ 江"", ""④ 土"", ""⑤ 王"", ""⑥ 先"", ""⑦ 東"", ""⑧ 四"", ""⑨ 月"", ""⑩ 記""]",①,人,
7급II,92,2021-05-15,52,select_hanja,다음 訓과 音에 맞는 漢字를 <보기>에서 찾아 그 번호를 쓰세요.,흙 토,흙 토,"[""① 人"", ""② 韓"", ""③ 江"", ""④ 土"", ""⑤ 王"", ""⑥ 先"", ""⑦ 東"", ""⑧ 四"", ""⑨ 月"", ""⑩ 記""]",④,土,
7급II,92,2021-05-15,53,select_hanja,다음 訓과 音에 맞는 漢字를 <보기>에서 찾아 그 번호를 쓰세요.,달 월,달 월,"[""① 人"", ""② 韓"", ""③ 江"", ""④ 土"", ""⑤ 王"", ""⑥ 先"", ""⑦ 東"", ""⑧ 四"", ""⑨ 月"", ""⑩ 記""]",⑨,月,
7급II,92,2021-05-15,54,select_hanja,다음 訓과 音에 맞는 漢字를 <보기>에서 찾아 그 번호를 쓰세요.,넉 사,넉 사,"[""① 人"", ""② 韓"", ""③ 江"", ""④ 土"", ""⑤ 王"", ""⑥ 先"", ""⑦ 東"", ""⑧ 四"", ""⑨ 月"", ""⑩ 記""]",⑧,四,
7급II,92,2021-05-15,55,banui_select,다음 漢字의 상대(또는 반대)되는 漢字를 <보기>에서 골라 그 번호를 쓰세요.,( ) ↔ 小,( ) ↔ 小,"[""① 學"", ""② 空"", ""③ 白"", ""④ 大""]",④,大,
7급II,92,2021-05-15,56,banui_select,다음 漢字의 상대(또는 반대)되는 漢字를 <보기>에서 골라 그 번호를 쓰세요.,敎 ↔ ( ),敎 ↔ ( ),"[""① 學"", ""② 空"", ""③ 白"", ""④ 大""]",①,學,
7급II,92,2021-05-15,57,mean_select,다음 뜻에 맞는 漢字語를 <보기>에서 찾아 그 번호를 쓰세요.,낮 12시 이전,,"[""① 六十"", ""② 午前"", ""③ 三國"", ""④ 母女""]",②,午前,
7급II,92,2021-05-15,58,mean_select,다음 뜻에 맞는 漢字語를 <보기>에서 찾아 그 번호를 쓰세요.,엄마와 딸,,"[""① 六十"", ""② 午前"", ""③ 三國"", ""④ 母女""]",④,母女,
7급II,92,2021-05-15,59,stroke,다음 漢字의 진하게 표시한 획은 몇 번째 쓰는지 <보기>에서 찾아 그 번호를 쓰세요.,,,"[""① 첫 번째"", ""② 두 번째"", ""③ 세 번째"", ""④ 네 번째"", ""⑤ 다섯 번째"", ""⑥ 여섯 번째"", ""⑦ 일곱 번째"", ""⑧ 여덟 번째"", ""⑨ 아홉 번째"", ""⑩ 열 번째""]",⑥,여섯 번째,exam-strokes/stroke_7ii_92_59.png
7급II,92,2021-05-15,60,stroke,다음 漢字의 진하게 표시한 획은 몇 번째 쓰는지 <보기>에서 찾아 그 번호를 쓰세요.,,,"[""① 첫 번째"", ""② 두 번째"", ""③ 세 번째"", ""④ 네 번째"", ""⑤ 다섯 번째"", ""⑥ 여섯 번째"", ""⑦ 일곱 번째"", ""⑧ 여덟 번째"", ""⑨ 아홉 번째"", ""⑩ 열 번째""]",⑦,일곱 번째,exam-strokes/stroke_7ii_92_60.png
7급II,93,2021-07-10,1,dokum,다음 밑줄 친 漢字語의 音을 쓰세요.,지난 七月에는 우리가 사는 동 네에도 많은 비가 내렸습니다.,七月,,칠월,칠월,
7급II,93,2021-07-10,2,dokum,다음 밑줄 친 漢字語의 音을 쓰세요.,우리 江山에 피어나는 들풀들을 소개해 주셨습니다.,江山,,강산,강산,
7급II,93,2021-07-10,3,dokum,다음 밑줄 친 漢字語의 音을 쓰세요.,1校時에는 우리가 사는 마을의 지도를 그려 보기로 했습니다.,校時,,교시,교시,
7급II,93,2021-07-10,4,dokum,다음 밑줄 친 漢字語의 音을 쓰세요.,하루 동안 있었던 일과 생각을 日記장에 적어봅니다.,日記,,일기,일기,
7급II,93,2021-07-10,5,dokum,다음 밑줄 친 漢字語의 音을 쓰세요.,우리 반 친구들 모두 安全하게 돌다리를 건넜습니다.,安全,,안전,안전,
7급II,93,2021-07-10,6,dokum,다음 밑줄 친 漢字語의 音을 쓰세요.,건강을 위해 규칙적인 生活을 하기로 했습니다.,生活,,생활,생활,
7급II,93,2021-07-10,7,dokum,다음 밑줄 친 漢字語의 音을 쓰세요.,이 공원은 많은 市民들이 쉬러 오는 곳입니다.,市民,,시민,시민,
7급II,93,2021-07-10,8,dokum,다음 밑줄 친 漢字語의 音을 쓰세요.,每年 이맘때쯤엔 여러 가지 나 물을 보내 주십니다.,每年,,매년,매년,
7급II,93,2021-07-10,9,dokum,다음 밑줄 친 漢字語의 音을 쓰세요.,겨울이 시작되자 아침 大氣가 제법 싸늘해졌습니다.,大氣,,대기,대기,
7급II,93,2021-07-10,10,dokum,다음 밑줄 친 漢字語의 音을 쓰세요.,옆집에 사시는 木手 아저씨께 서 의자를 만들어 주셨습니다.,木手,,목수,목수,
7급II,93,2021-07-10,11,dokum,다음 밑줄 친 漢字語의 音을 쓰세요.,아직 不足한 부분은 마저 채워 나가도록 하겠습니다.,不足,,부족,부족,
7급II,93,2021-07-10,12,dokum,다음 밑줄 친 漢字語의 音을 쓰세요.,시골에 계신 할아버지께 電話 를 드렸습니다.,電話,,전화,전화,
7급II,93,2021-07-10,13,dokum,다음 밑줄 친 漢字語의 音을 쓰세요.,오늘 午後부터는 많은 눈이 내 린다고 합니다.,午後,,오후,오후,
7급II,93,2021-07-10,14,dokum,다음 밑줄 친 漢字語의 音을 쓰세요.,여기까지 오는데 걸어서 四十 분 정도 걸렸습니다.,四十,,사십,사십,
7급II,93,2021-07-10,15,dokum,다음 밑줄 친 漢字語의 音을 쓰세요.,아버지는 工場에서 기계를 다 루는 일을 하십니다.,工場,,공장,공장,
7급II,93,2021-07-10,16,dokum,다음 밑줄 친 漢字語의 音을 쓰세요.,이 우물이 食水로 사용이 가능 한지 알아보기로 했습니다.,食水,,식수,식수,
7급II,93,2021-07-10,17,dokum,다음 밑줄 친 漢字語의 音을 쓰세요.,미술관에 가기 위해서는 이번 역에서 下車하면 됩니다.,下車,,하차,하차,
7급II,93,2021-07-10,18,dokum,다음 밑줄 친 漢字語의 音을 쓰세요.,작은 아버지는 空軍 부사관으 로 복무하고 계십니다.,空軍,,공군,공군,
7급II,93,2021-07-10,19,dokum,다음 밑줄 친 漢字語의 音을 쓰세요.,돌담 左右로 풀꽃들이 피어나 기 시작했습니다.,左右,,좌우,좌우,
7급II,93,2021-07-10,20,dokum,다음 밑줄 친 漢字語의 音을 쓰세요.,이번 주말에는 동생과 室內 놀 이를 하기로 했습니다.,室內,,실내,실내,
7급II,93,2021-07-10,21,dokum,다음 밑줄 친 漢字語의 音을 쓰세요.,이 마을 사람들은 갯벌을 메워 農土를 늘려갔습니다.,農土,,농토,농토,
7급II,93,2021-07-10,22,dokum,다음 밑줄 친 漢字語의 音을 쓰세요.,우리는 연극 무대 앞 中間쯤에 자리를 잡았습니다.,中間,,중간,중간,
7급II,93,2021-07-10,23,hunum,다음 漢字의 訓과 音을 쓰세요.,敎,敎,,가르칠 교,가르칠 교,
7급II,93,2021-07-10,24,hunum,다음 漢字의 訓과 音을 쓰세요.,直,直,,곧을 직,곧을 직,
7급II,93,2021-07-10,25,hunum,다음 漢字의 訓과 音을 쓰세요.,長,長,,긴 장,긴 장,
7급II,93,2021-07-10,26,hunum,다음 漢字의 訓과 音을 쓰세요.,五,五,,다섯 오,다섯 오,
7급II,93,2021-07-10,27,hunum,다음 漢字의 訓과 音을 쓰세요.,答,答,,대답 답,대답 답,
7급II,93,2021-07-10,28,hunum,다음 漢字의 訓과 音을 쓰세요.,先,先,,먼저 선,먼저 선,
7급II,93,2021-07-10,29,hunum,다음 漢字의 訓과 音을 쓰세요.,海,海,,바다 해,바다 해,
7급II,93,2021-07-10,30,hunum,다음 漢字의 訓과 音을 쓰세요.,正,正,,바를 정,바를 정,
7급II,93,2021-07-10,31,hunum,다음 漢字의 訓과 音을 쓰세요.,學,學,,배울 학,배울 학,
7급II,93,2021-07-10,32,hunum,다음 漢字의 訓과 音을 쓰세요.,姓,姓,,성 성,성 성,
7급II,93,2021-07-10,33,hunum,다음 漢字의 訓과 音을 쓰세요.,父,父,,아비 부,아비 부,
7급II,93,2021-07-10,34,hunum,다음 漢字의 訓과 音을 쓰세요.,動,動,,움직일 동,움직일 동,
7급II,93,2021-07-10,35,hunum,다음 漢字의 訓과 音을 쓰세요.,上,上,,윗 상,윗 상,
7급II,93,2021-07-10,36,hunum,다음 漢字의 訓과 音을 쓰세요.,名,名,,이름 명,이름 명,
7급II,93,2021-07-10,37,hunum,다음 漢字의 訓과 音을 쓰세요.,小,小,,작을 소,작을 소,
7급II,93,2021-07-10,38,hunum,다음 漢字의 訓과 音을 쓰세요.,家,家,,집 가,집 가,
7급II,93,2021-07-10,39,hunum,다음 漢字의 訓과 音을 쓰세요.,靑,靑,,푸를 청,푸를 청,
7급II,93,2021-07-10,40,hunum,다음 漢字의 訓과 音을 쓰세요.,孝,孝,,효도 효,효도 효,
7급II,93,2021-07-10,41,hunum,다음 漢字의 訓과 音을 쓰세요.,白,白,,흰 백,흰 백,
7급II,93,2021-07-10,42,hunum,다음 漢字의 訓과 音을 쓰세요.,力,力,,힘 력,힘 력,
7급II,93,2021-07-10,43,select_hanjaeo,다음 밑줄 친 漢字語를 <보기>에서 찾아 그 번호를 쓰세요.,이 책에 나오는 인물에게 하고 싶은 말을 적어 봅시다.,인물,"[""① 二世"", ""② 事前"", ""③ 三寸"", ""④ 人物""]",④,人物,
7급II,93,2021-07-10,44,select_hanjaeo,다음 밑줄 친 漢字語를 <보기>에서 찾아 그 번호를 쓰세요.,이번에는 사전에 철저하게 준 비를 하기로 했습니다.,사전,"[""① 二世"", ""② 事前"", ""③ 三寸"", ""④ 人物""]",②,事前,
7급II,93,2021-07-10,45,select_hanja,다음 訓과 音에 맞는 漢字를 <보기>에서 찾아 그 번호를 쓰세요.,사내 남,사내 남,"[""① 平"", ""② 外"", ""③ 六"", ""④ 東"", ""⑤ 金"", ""⑥ 男"", ""⑦ 八"", ""⑧ 萬"", ""⑨ 九"", ""⑩ 火""]",⑥,男,
7급II,93,2021-07-10,46,select_hanja,다음 訓과 音에 맞는 漢字를 <보기>에서 찾아 그 번호를 쓰세요.,여섯 륙,여섯 륙,"[""① 平"", ""② 外"", ""③ 六"", ""④ 東"", ""⑤ 金"", ""⑥ 男"", ""⑦ 八"", ""⑧ 萬"", ""⑨ 九"", ""⑩ 火""]",③,六,
7급II,93,2021-07-10,47,select_hanja,다음 訓과 音에 맞는 漢字를 <보기>에서 찾아 그 번호를 쓰세요.,바깥 외,바깥 외,"[""① 平"", ""② 外"", ""③ 六"", ""④ 東"", ""⑤ 金"", ""⑥ 男"", ""⑦ 八"", ""⑧ 萬"", ""⑨ 九"", ""⑩ 火""]",②,外,
7급II,93,2021-07-10,48,select_hanja,다음 訓과 音에 맞는 漢字를 <보기>에서 찾아 그 번호를 쓰세요.,동녘 동,동녘 동,"[""① 平"", ""② 外"", ""③ 六"", ""④ 東"", ""⑤ 金"", ""⑥ 男"", ""⑦ 八"", ""⑧ 萬"", ""⑨ 九"", ""⑩ 火""]",④,東,
7급II,93,2021-07-10,49,select_hanja,다음 訓과 音에 맞는 漢字를 <보기>에서 찾아 그 번호를 쓰세요.,여덟 팔,여덟 팔,"[""① 平"", ""② 外"", ""③ 六"", ""④ 東"", ""⑤ 金"", ""⑥ 男"", ""⑦ 八"", ""⑧ 萬"", ""⑨ 九"", ""⑩ 火""]",⑦,八,
7급II,93,2021-07-10,50,select_hanja,다음 訓과 音에 맞는 漢字를 <보기>에서 찾아 그 번호를 쓰세요.,평평할 평,평평할 평,"[""① 平"", ""② 外"", ""③ 六"", ""④ 東"", ""⑤ 金"", ""⑥ 男"", ""⑦ 八"", ""⑧ 萬"", ""⑨ 九"", ""⑩ 火""]",①,平,
7급II,93,2021-07-10,51,select_hanja,다음 訓과 音에 맞는 漢字를 <보기>에서 찾아 그 번호를 쓰세요.,일만 만,일만 만,"[""① 平"", ""② 外"", ""③ 六"", ""④ 東"", ""⑤ 金"", ""⑥ 男"", ""⑦ 八"", ""⑧ 萬"", ""⑨ 九"", ""⑩ 火""]",⑧,萬,
7급II,93,2021-07-10,52,select_hanja,다음 訓과 音에 맞는 漢字를 <보기>에서 찾아 그 번호를 쓰세요.,쇠 금 | 성(姓) 김,쇠 금 | 성(姓) 김,"[""① 平"", ""② 外"", ""③ 六"", ""④ 東"", ""⑤ 金"", ""⑥ 男"", ""⑦ 八"", ""⑧ 萬"", ""⑨ 九"", ""⑩ 火""]",⑤,金,
7급II,93,2021-07-10,53,select_hanja,다음 訓과 音에 맞는 漢字를 <보기>에서 찾아 그 번호를 쓰세요.,아홉 구,아홉 구,"[""① 平"", ""② 外"", ""③ 六"", ""④ 東"", ""⑤ 金"", ""⑥ 男"", ""⑦ 八"", ""⑧ 萬"", ""⑨ 九"", ""⑩ 火""]",⑨,九,
7급II,93,2021-07-10,54,select_hanja,다음 訓과 音에 맞는 漢字를 <보기>에서 찾아 그 번호를 쓰세요.,불 화,불 화,"[""① 平"", ""② 外"", ""③ 六"", ""④ 東"", ""⑤ 金"", ""⑥ 男"", ""⑦ 八"", ""⑧ 萬"", ""⑨ 九"", ""⑩ 火""]",⑩,火,
7급II,93,2021-07-10,55,banui_select,다음 漢字의 상대(또는 반대)되는 漢字를 <보기>에서 골라 그 번호를 쓰세요.,( ) ↔ 北,( ) ↔ 北,"[""① 母"", ""② 南"", ""③ 兄"", ""④ 西""]",②,南,
7급II,93,2021-07-10,56,banui_select,다음 漢字의 상대(또는 반대)되는 漢字를 <보기>에서 골라 그 번호를 쓰세요.,弟 ↔ ( ),弟 ↔ ( ),"[""① 母"", ""② 南"", ""③ 兄"", ""④ 西""]",③,兄,
7급II,93,2021-07-10,57,mean_select,다음 뜻에 맞는 漢字語를 <보기>에서 찾아 그 번호를 쓰세요.,남에게 예속되거나 의지하지 아니하고 스스로 섬.,,"[""① 自立"", ""② 韓國"", ""③ 王子"", ""④ 方道""]",①,自立,
7급II,93,2021-07-10,58,mean_select,다음 뜻에 맞는 漢字語를 <보기>에서 찾아 그 번호를 쓰세요.,어떤 일을 하거나 문제를 풀어 가기 위한 방법과 도리.,,"[""① 自立"", ""② 韓國"", ""③ 王子"", ""④ 方道""]",④,方道,
7급II,93,2021-07-10,59,stroke,다음 漢字의 진하게 표시한 획은 몇 번째 쓰는지 <보기>에서 찾아 그 번호를 쓰세요.,,,"[""① 첫 번째"", ""② 두 번째"", ""③ 세 번째"", ""④ 네 번째"", ""⑤ 다섯 번째"", ""⑥ 여섯 번째"", ""⑦ 일곱 번째"", ""⑧ 여덟 번째"", ""⑨ 아홉 번째"", ""⑩ 열 번째""]",③,세 번째,exam-strokes/stroke_7ii_93_59.png
7급II,93,2021-07-10,60,stroke,다음 漢字의 진하게 표시한 획은 몇 번째 쓰는지 <보기>에서 찾아 그 번호를 쓰세요.,,,"[""① 첫 번째"", ""② 두 번째"", ""③ 세 번째"", ""④ 네 번째"", ""⑤ 다섯 번째"", ""⑥ 여섯 번째"", ""⑦ 일곱 번째"", ""⑧ 여덟 번째"", ""⑨ 아홉 번째"", ""⑩ 열 번째""]",⑧,여덟 번째,exam-strokes/stroke_7ii_93_60.png
7급II,94,2021-09-11,1,dokum,다음 밑줄 친 漢字語의 音을 쓰세요.,저녁에 온갖 海物을 넣어 맛있 게 먹었습니다.,海物,,해물,해물,
7급II,94,2021-09-11,2,dokum,다음 밑줄 친 漢字語의 音을 쓰세요.,이 약은 하루 세 번 食後 30분 마다 먹으라고 합니다.,食後,,식후,식후,
7급II,94,2021-09-11,3,dokum,다음 밑줄 친 漢字語의 音을 쓰세요.,토요일에 市立 도서관에 가서 책을 보았습니다.,市立,,시립,시립,
7급II,94,2021-09-11,4,dokum,다음 밑줄 친 漢字語의 音을 쓰세요.,저 그림은 마치 생명이 生動하 는 것처럼 보입니다.,生動,,생동,생동,
7급II,94,2021-09-11,5,dokum,다음 밑줄 친 漢字語의 音을 쓰세요.,孝子라는 말을 들으면 기분이 좋아집니다.,孝子,,효자,효자,
7급II,94,2021-09-11,6,dokum,다음 밑줄 친 漢字語의 音을 쓰세요.,校長선생님이 교실에 들어오셨 습니다.,校長,,교장,교장,
7급II,94,2021-09-11,7,dokum,다음 밑줄 친 漢字語의 音을 쓰세요.,나는 姓名을 한자로 쓸 수 있습 니다.,姓名,,성명,성명,
7급II,94,2021-09-11,8,dokum,다음 밑줄 친 漢字語의 音을 쓰세요.,부모님의 平安과 건강을 빌었습 니다.,平安,,평안,평안,
7급II,94,2021-09-11,9,dokum,다음 밑줄 친 漢字語의 音을 쓰세요.,수학문제의 正答을 알아냈습니다.,正答,,정답,정답,
7급II,94,2021-09-11,10,dokum,다음 밑줄 친 漢字語의 音을 쓰세요.,우리는 全力을 다해 힘껏 달렸 습니다.,全力,,전력,전력,
7급II,94,2021-09-11,11,dokum,다음 밑줄 친 漢字語의 音을 쓰세요.,올해 줄다리기는 靑軍이 이겼 습니다.,靑軍,,청군,청군,
7급II,94,2021-09-11,12,dokum,다음 밑줄 친 漢字語의 音을 쓰세요.,주말마다 農場에 가서 채소에 물을 줍니다.,農場,,농장,농장,
7급II,94,2021-09-11,13,dokum,다음 밑줄 친 漢字語의 音을 쓰세요.,준비 운동을 하기 위해 手足을 힘껏 움직였습니다.,手足,,수족,수족,
7급II,94,2021-09-11,14,dokum,다음 밑줄 친 漢字語의 音을 쓰세요.,자기 전에 매일 日記를 쓰고 있습니다.,日記,,일기,일기,
7급II,94,2021-09-11,15,dokum,다음 밑줄 친 漢字語의 音을 쓰세요.,電話를 할 때에는 용건만 간단 히 합니다.,電話,,전화,전화,
7급II,94,2021-09-11,16,dokum,다음 밑줄 친 漢字語의 音을 쓰세요.,숙제를 午前에 다 마칠 수 있 었습니다.,午前,,오전,오전,
7급II,94,2021-09-11,17,dokum,다음 밑줄 친 漢字語의 音을 쓰세요.,기침이 심하여 氣道가 막힐 뻔 했습니다.,氣道,,기도,기도,
7급II,94,2021-09-11,18,dokum,다음 밑줄 친 漢字語의 音을 쓰세요.,온 世上에 흰 눈이 가득 내렸 습니다.,世上,,세상,세상,
7급II,94,2021-09-11,19,dokum,다음 밑줄 친 漢字語의 音을 쓰세요.,工事 때문에 통행에 어려움이 많았습니다.,工事,,공사,공사,
7급II,94,2021-09-11,20,dokum,다음 밑줄 친 漢字語의 音을 쓰세요.,오늘 간식 時間을 알려주세요.,時間,,시간,시간,
7급II,94,2021-09-11,21,dokum,다음 밑줄 친 漢字語의 音을 쓰세요.,우리나라는 東方의 예의바른 나라입니다.,東方,,동방,동방,
7급II,94,2021-09-11,22,dokum,다음 밑줄 친 漢字語의 音을 쓰세요.,家內가 모두 행복해 보였습니 다.,家內,,가내,가내,
7급II,94,2021-09-11,23,hunum,다음 漢字의 訓과 音을 쓰세요.,萬,萬,,일만 만,일만 만,
7급II,94,2021-09-11,24,hunum,다음 漢字의 訓과 音을 쓰세요.,民,民,,백성 민,백성 민,
7급II,94,2021-09-11,25,hunum,다음 漢字의 訓과 音을 쓰세요.,室,室,,집 실,집 실,
7급II,94,2021-09-11,26,hunum,다음 漢字의 訓과 音을 쓰세요.,直,直,,곧을 직,곧을 직,
7급II,94,2021-09-11,27,hunum,다음 漢字의 訓과 音을 쓰세요.,活,活,,살 활,살 활,
7급II,94,2021-09-11,28,hunum,다음 漢字의 訓과 音을 쓰세요.,火,火,,불 화,불 화,
7급II,94,2021-09-11,29,hunum,다음 漢字의 訓과 音을 쓰세요.,自,自,,스스로 자,스스로 자,
7급II,94,2021-09-11,30,hunum,다음 漢字의 訓과 音을 쓰세요.,中,中,,가운데 중,가운데 중,
7급II,94,2021-09-11,31,hunum,다음 漢字의 訓과 音을 쓰세요.,人,人,,사람 인,사람 인,
7급II,94,2021-09-11,32,hunum,다음 漢字의 訓과 音을 쓰세요.,水,水,,물 수,물 수,
7급II,94,2021-09-11,33,hunum,다음 漢字의 訓과 音을 쓰세요.,二,二,,두 이,두 이,
7급II,94,2021-09-11,34,hunum,다음 漢字의 訓과 音을 쓰세요.,不,不,,아니 불,아니 불,
7급II,94,2021-09-11,35,hunum,다음 漢字의 訓과 音을 쓰세요.,先,先,,먼저 선,먼저 선,
7급II,94,2021-09-11,36,hunum,다음 漢字의 訓과 音을 쓰세요.,母,母,,어미 모,어미 모,
7급II,94,2021-09-11,37,hunum,다음 漢字의 訓과 音을 쓰세요.,六,六,,여섯 륙,여섯 륙,
7급II,94,2021-09-11,38,hunum,다음 漢字의 訓과 音을 쓰세요.,一,一,,한 일,한 일,
7급II,94,2021-09-11,39,hunum,다음 漢字의 訓과 音을 쓰세요.,白,白,,흰 백,흰 백,
7급II,94,2021-09-11,40,hunum,다음 漢字의 訓과 音을 쓰세요.,木,木,,나무 목,나무 목,
7급II,94,2021-09-11,41,hunum,다음 漢字의 訓과 音을 쓰세요.,王,王,,임금 왕,임금 왕,
7급II,94,2021-09-11,42,hunum,다음 漢字의 訓과 音을 쓰세요.,敎,敎,,가르칠 교,가르칠 교,
7급II,94,2021-09-11,43,select_hanjaeo,다음 밑줄 친 漢字語를 <보기>에서 찾아 그 번호를 쓰세요.,아버지의 형제를 삼촌이라 부 릅니다.,삼촌,"[""① 三寸"", ""② 下山"", ""③ 兄弟"", ""④ 學年""]",①,三寸,
7급II,94,2021-09-11,44,select_hanjaeo,다음 밑줄 친 漢字語를 <보기>에서 찾아 그 번호를 쓰세요.,하산하던 중에 친구를 만났습 니다.,하산,"[""① 三寸"", ""② 下山"", ""③ 兄弟"", ""④ 學年""]",②,下山,
7급II,94,2021-09-11,45,select_hanja,다음 訓과 音에 맞는 漢字를 <보기>에서 찾아 그 번호를 쓰세요.,일곱 칠,일곱 칠,"[""① 外"", ""② 五"", ""③ 大"", ""④ 江"", ""⑤ 父"", ""⑥ 八"", ""⑦ 九"", ""⑧ 韓"", ""⑨ 小"", ""⑩ 七""]",⑩,七,
7급II,94,2021-09-11,46,select_hanja,다음 訓과 音에 맞는 漢字를 <보기>에서 찾아 그 번호를 쓰세요.,바깥 외,바깥 외,"[""① 外"", ""② 五"", ""③ 大"", ""④ 江"", ""⑤ 父"", ""⑥ 八"", ""⑦ 九"", ""⑧ 韓"", ""⑨ 小"", ""⑩ 七""]",①,外,
7급II,94,2021-09-11,47,select_hanja,다음 訓과 音에 맞는 漢字를 <보기>에서 찾아 그 번호를 쓰세요.,다섯 오,다섯 오,"[""① 外"", ""② 五"", ""③ 大"", ""④ 江"", ""⑤ 父"", ""⑥ 八"", ""⑦ 九"", ""⑧ 韓"", ""⑨ 小"", ""⑩ 七""]",②,五,
7급II,94,2021-09-11,48,select_hanja,다음 訓과 音에 맞는 漢字를 <보기>에서 찾아 그 번호를 쓰세요.,큰 대,큰 대,"[""① 外"", ""② 五"", ""③ 大"", ""④ 江"", ""⑤ 父"", ""⑥ 八"", ""⑦ 九"", ""⑧ 韓"", ""⑨ 小"", ""⑩ 七""]",③,大,
7급II,94,2021-09-11,49,select_hanja,다음 訓과 音에 맞는 漢字를 <보기>에서 찾아 그 번호를 쓰세요.,강 강,강 강,"[""① 外"", ""② 五"", ""③ 大"", ""④ 江"", ""⑤ 父"", ""⑥ 八"", ""⑦ 九"", ""⑧ 韓"", ""⑨ 小"", ""⑩ 七""]",④,江,
7급II,94,2021-09-11,50,select_hanja,다음 訓과 音에 맞는 漢字를 <보기>에서 찾아 그 번호를 쓰세요.,아비 부,아비 부,"[""① 外"", ""② 五"", ""③ 大"", ""④ 江"", ""⑤ 父"", ""⑥ 八"", ""⑦ 九"", ""⑧ 韓"", ""⑨ 小"", ""⑩ 七""]",⑤,父,
7급II,94,2021-09-11,51,select_hanja,다음 訓과 音에 맞는 漢字를 <보기>에서 찾아 그 번호를 쓰세요.,작을 소,작을 소,"[""① 外"", ""② 五"", ""③ 大"", ""④ 江"", ""⑤ 父"", ""⑥ 八"", ""⑦ 九"", ""⑧ 韓"", ""⑨ 小"", ""⑩ 七""]",⑨,小,
7급II,94,2021-09-11,52,select_hanja,다음 訓과 音에 맞는 漢字를 <보기>에서 찾아 그 번호를 쓰세요.,한국 한,한국 한,"[""① 外"", ""② 五"", ""③ 大"", ""④ 江"", ""⑤ 父"", ""⑥ 八"", ""⑦ 九"", ""⑧ 韓"", ""⑨ 小"", ""⑩ 七""]",⑧,韓,
7급II,94,2021-09-11,53,select_hanja,다음 訓과 音에 맞는 漢字를 <보기>에서 찾아 그 번호를 쓰세요.,아홉 구,아홉 구,"[""① 外"", ""② 五"", ""③ 大"", ""④ 江"", ""⑤ 父"", ""⑥ 八"", ""⑦ 九"", ""⑧ 韓"", ""⑨ 小"", ""⑩ 七""]",⑦,九,
7급II,94,2021-09-11,54,select_hanja,다음 訓과 音에 맞는 漢字를 <보기>에서 찾아 그 번호를 쓰세요.,여덟 팔,여덟 팔,"[""① 外"", ""② 五"", ""③ 大"", ""④ 江"", ""⑤ 父"", ""⑥ 八"", ""⑦ 九"", ""⑧ 韓"", ""⑨ 小"", ""⑩ 七""]",⑥,八,
7급II,94,2021-09-11,55,banui_select,다음 漢字의 상대(또는 반대)되는 漢字를 <보기>에서 골라 그 번호를 쓰세요.,( ) ↔ 北,( ) ↔ 北,"[""① 南"", ""② 右"", ""③ 車"", ""④ 金""]",①,南,
7급II,94,2021-09-11,56,banui_select,다음 漢字의 상대(또는 반대)되는 漢字를 <보기>에서 골라 그 번호를 쓰세요.,左 ↔ ( ),左 ↔ ( ),"[""① 南"", ""② 右"", ""③ 車"", ""④ 金""]",②,右,
7급II,94,2021-09-11,57,mean_select,다음 뜻에 맞는 漢字語를 <보기>에서 찾아 그 번호를 쓰세요.,열두 달 가운데 열 번째 달,,"[""① 十月"", ""② 男女"", ""③ 國土"", ""④ 西門""]",①,十月,
7급II,94,2021-09-11,58,mean_select,다음 뜻에 맞는 漢字語를 <보기>에서 찾아 그 번호를 쓰세요.,서쪽의 문,,"[""① 十月"", ""② 男女"", ""③ 國土"", ""④ 西門""]",④,西門,
7급II,94,2021-09-11,59,stroke,다음 漢字의 진하게 표시한 획은 몇 번째 쓰는지 <보기>에서 찾아 그 번호를 쓰세요.,,,"[""① 첫 번째"", ""② 두 번째"", ""③ 세 번째"", ""④ 네 번째"", ""⑤ 다섯 번째"", ""⑥ 여섯 번째"", ""⑦ 일곱 번째"", ""⑧ 여덟 번째"", ""⑨ 아홉 번째"", ""⑩ 열 번째""]",⑤,다섯 번째,exam-strokes/stroke_7ii_94_59.png
7급II,94,2021-09-11,60,stroke,다음 漢字의 진하게 표시한 획은 몇 번째 쓰는지 <보기>에서 찾아 그 번호를 쓰세요.,,,"[""① 첫 번째"", ""② 두 번째"", ""③ 세 번째"", ""④ 네 번째"", ""⑤ 다섯 번째"", ""⑥ 여섯 번째"", ""⑦ 일곱 번째"", ""⑧ 여덟 번째"", ""⑨ 아홉 번째"", ""⑩ 열 번째""]",⑦,일곱 번째,exam-strokes/stroke_7ii_94_60.png
7급II,95,2021-11-20,1,dokum,다음 밑줄 친 漢字語의 音을 쓰세요.,놀이터 놀이기구들이 安全한지 검사를 한다고 합니다.,安全,,안전,안전,
7급II,95,2021-11-20,2,dokum,다음 밑줄 친 漢字語의 音을 쓰세요.,그 할머니는 每日 공원에 오셔 서 쓰레기를 주우십니다.,每日,,매일,매일,
7급II,95,2021-11-20,3,dokum,다음 밑줄 친 漢字語의 音을 쓰세요.,우리 집은 '生活 속 플라스틱 줄이기' 캠페인에 참여합니다.,生活,,생활,생활,
7급II,95,2021-11-20,4,dokum,다음 밑줄 친 漢字語의 音을 쓰세요.,오늘 아침 學校 가는 길에 소나 기를 만났습니다.,學校,,학교,학교,
7급II,95,2021-11-20,5,dokum,다음 밑줄 친 漢字語의 音을 쓰세요.,이 世上에는 궁금한 것들이 너 무도 많습니다.,世上,,세상,세상,
7급II,95,2021-11-20,6,dokum,다음 밑줄 친 漢字語의 音을 쓰세요.,집 안에 들어서자마자 電話벨이 울리기 시작했습니다.,電話,,전화,전화,
7급II,95,2021-11-20,7,dokum,다음 밑줄 친 漢字語의 音을 쓰세요.,우리는 손수 만든 부채를 市民 과 함께 나누기로 했습니다.,市民,,시민,시민,
7급II,95,2021-11-20,8,dokum,다음 밑줄 친 漢字語의 音을 쓰세요.,어머니는 木手 아저씨에게 창틀 을 고쳐달라고 하셨습니다.,木手,,목수,목수,
7급II,95,2021-11-20,9,dokum,다음 밑줄 친 漢字語의 音을 쓰세요.,역에서 할머니 집까지는 걸어서 三十분 정도 걸립니다.,三十,,삼십,삼십,
7급II,95,2021-11-20,10,dokum,다음 밑줄 친 漢字語의 音을 쓰세요.,겨울철에 室內에서 키우기 좋 은 화초를 골랐습니다.,室內,,실내,실내,
7급II,95,2021-11-20,11,dokum,다음 밑줄 친 漢字語의 音을 쓰세요.,안개가 자욱해서 前方이 잘 보 이지 않습니다.,前方,,전방,전방,
7급II,95,2021-11-20,12,dokum,다음 밑줄 친 漢字語의 音을 쓰세요.,큰 소리가 나자 많은 사람들의 눈길이 一時에 쏠렸습니다.,一時,,일시,일시,
7급II,95,2021-11-20,13,dokum,다음 밑줄 친 漢字語의 音을 쓰세요.,이 동네에 새로 이사 온지도 벌써 四年이 지났습니다.,四年,,사년,사년,
7급II,95,2021-11-20,14,dokum,다음 밑줄 친 漢字語의 音을 쓰세요.,어제는 國軍 아저씨께 위문편 지를 보냈습니다.,國軍,,국군,국군,
7급II,95,2021-11-20,15,dokum,다음 밑줄 친 漢字語의 音을 쓰세요.,똑바로 서서 양쪽 팔을 水平이 되게 뻗어봅시다.,水平,,수평,수평,
7급II,95,2021-11-20,16,dokum,다음 밑줄 친 漢字語의 音을 쓰세요.,마지막 수업은 아름다운 우리 江山 그리기입니다.,江山,,강산,강산,
7급II,95,2021-11-20,17,dokum,다음 밑줄 친 漢字語의 音을 쓰세요.,미술관 입구 左右에 작은 동상 이 서 있습니다.,左右,,좌우,좌우,
7급II,95,2021-11-20,18,dokum,다음 밑줄 친 漢字語의 音을 쓰세요.,아버지는 다음 달에 海外 출장 을 가십니다.,海外,,해외,해외,
7급II,95,2021-11-20,19,dokum,다음 밑줄 친 漢字語의 音을 쓰세요.,각자 소원을 적은 풍등을 空中 으로 날려 보냅니다.,空中,,공중,공중,
7급II,95,2021-11-20,20,dokum,다음 밑줄 친 漢字語의 音을 쓰세요.,오늘은 大氣가 건조하고 온도 도 낮다고 합니다.,大氣,,대기,대기,
7급II,95,2021-11-20,21,dokum,다음 밑줄 친 漢字語의 音을 쓰세요.,왕은 세 王子들과 함께 사냥을 나갔습니다.,王子,,왕자,왕자,
7급II,95,2021-11-20,22,dokum,다음 밑줄 친 漢字語의 音을 쓰세요.,마을 한쪽에는 김치 工場이 들 어서 있습니다.,工場,,공장,공장,
7급II,95,2021-11-20,23,hunum,다음 漢字의 訓과 音을 쓰세요.,敎,敎,,가르칠 교,가르칠 교,
7급II,95,2021-11-20,24,hunum,다음 漢字의 訓과 音을 쓰세요.,直,直,,곧을 직,곧을 직,
7급II,95,2021-11-20,25,hunum,다음 漢字의 訓과 音을 쓰세요.,道,道,,길 도,길 도,
7급II,95,2021-11-20,26,hunum,다음 漢字의 訓과 音을 쓰세요.,農,農,,농사 농,농사 농,
7급II,95,2021-11-20,27,hunum,다음 漢字의 訓과 音을 쓰세요.,答,答,,대답 답,대답 답,
7급II,95,2021-11-20,28,hunum,다음 漢字의 訓과 音을 쓰세요.,食,食,,밥/먹을 식,밥/먹을 식,
7급II,95,2021-11-20,29,hunum,다음 漢字의 訓과 音을 쓰세요.,先,先,,먼저 선,먼저 선,
7급II,95,2021-11-20,30,hunum,다음 漢字의 訓과 音을 쓰세요.,門,門,,문 문,문 문,
7급II,95,2021-11-20,31,hunum,다음 漢字의 訓과 音을 쓰세요.,正,正,,바를 정,바를 정,
7급II,95,2021-11-20,32,hunum,다음 漢字의 訓과 音을 쓰세요.,足,足,,발 족,발 족,
7급II,95,2021-11-20,33,hunum,다음 漢字의 訓과 音을 쓰세요.,間,間,,사이 간,사이 간,
7급II,95,2021-11-20,34,hunum,다음 漢字의 訓과 音을 쓰세요.,立,立,,설 립,설 립,
7급II,95,2021-11-20,35,hunum,다음 漢字의 訓과 音을 쓰세요.,姓,姓,,성 성,성 성,
7급II,95,2021-11-20,36,hunum,다음 漢字의 訓과 音을 쓰세요.,自,自,,스스로 자,스스로 자,
7급II,95,2021-11-20,37,hunum,다음 漢字의 訓과 音을 쓰세요.,動,動,,움직일 동,움직일 동,
7급II,95,2021-11-20,38,hunum,다음 漢字의 訓과 音을 쓰세요.,家,家,,집 가,집 가,
7급II,95,2021-11-20,39,hunum,다음 漢字의 訓과 音을 쓰세요.,靑,靑,,푸를 청,푸를 청,
7급II,95,2021-11-20,40,hunum,다음 漢字의 訓과 音을 쓰세요.,韓,韓,,한국/나라 한,한국/나라 한,
7급II,95,2021-11-20,41,hunum,다음 漢字의 訓과 音을 쓰세요.,孝,孝,,효도 효,효도 효,
7급II,95,2021-11-20,42,hunum,다음 漢字의 訓과 音을 쓰세요.,力,力,,힘 력,힘 력,
7급II,95,2021-11-20,43,select_hanjaeo,다음 밑줄 친 漢字語를 <보기>에서 찾아 그 번호를 쓰세요.,이 책에 나오는 인물들을 소개 해 봅시다.,인물,"[""① 父母"", ""② 人物"", ""③ 午後"", ""④ 九月""]",②,人物,
7급II,95,2021-11-20,44,select_hanjaeo,다음 밑줄 친 漢字語를 <보기>에서 찾아 그 번호를 쓰세요.,어제는 오후 내내 비가 내렸습 니다.,오후,"[""① 父母"", ""② 人物"", ""③ 午後"", ""④ 九月""]",③,午後,
7급II,95,2021-11-20,45,select_hanja,다음 訓과 音에 맞는 漢字를 <보기>에서 찾아 그 번호를 쓰세요.,사내 남,사내 남,"[""① 白"", ""② 六"", ""③ 金"", ""④ 萬"", ""⑤ 五"", ""⑥ 八"", ""⑦ 東"", ""⑧ 不"", ""⑨ 土"", ""⑩ 男""]",⑩,男,
7급II,95,2021-11-20,46,select_hanja,다음 訓과 音에 맞는 漢字를 <보기>에서 찾아 그 번호를 쓰세요.,동녘 동,동녘 동,"[""① 白"", ""② 六"", ""③ 金"", ""④ 萬"", ""⑤ 五"", ""⑥ 八"", ""⑦ 東"", ""⑧ 不"", ""⑨ 土"", ""⑩ 男""]",⑦,東,
7급II,95,2021-11-20,47,select_hanja,다음 訓과 音에 맞는 漢字를 <보기>에서 찾아 그 번호를 쓰세요.,여섯 륙,여섯 륙,"[""① 白"", ""② 六"", ""③ 金"", ""④ 萬"", ""⑤ 五"", ""⑥ 八"", ""⑦ 東"", ""⑧ 不"", ""⑨ 土"", ""⑩ 男""]",②,六,
7급II,95,2021-11-20,48,select_hanja,다음 訓과 音에 맞는 漢字를 <보기>에서 찾아 그 번호를 쓰세요.,아닐 불,아닐 불,"[""① 白"", ""② 六"", ""③ 金"", ""④ 萬"", ""⑤ 五"", ""⑥ 八"", ""⑦ 東"", ""⑧ 不"", ""⑨ 土"", ""⑩ 男""]",⑧,不,
7급II,95,2021-11-20,49,select_hanja,다음 訓과 音에 맞는 漢字를 <보기>에서 찾아 그 번호를 쓰세요.,여덟 팔,여덟 팔,"[""① 白"", ""② 六"", ""③ 金"", ""④ 萬"", ""⑤ 五"", ""⑥ 八"", ""⑦ 東"", ""⑧ 不"", ""⑨ 土"", ""⑩ 男""]",⑥,八,
7급II,95,2021-11-20,50,select_hanja,다음 訓과 音에 맞는 漢字를 <보기>에서 찾아 그 번호를 쓰세요.,흙 토,흙 토,"[""① 白"", ""② 六"", ""③ 金"", ""④ 萬"", ""⑤ 五"", ""⑥ 八"", ""⑦ 東"", ""⑧ 不"", ""⑨ 土"", ""⑩ 男""]",⑨,土,
7급II,95,2021-11-20,51,select_hanja,다음 訓과 音에 맞는 漢字를 <보기>에서 찾아 그 번호를 쓰세요.,일만 만,일만 만,"[""① 白"", ""② 六"", ""③ 金"", ""④ 萬"", ""⑤ 五"", ""⑥ 八"", ""⑦ 東"", ""⑧ 不"", ""⑨ 土"", ""⑩ 男""]",④,萬,
7급II,95,2021-11-20,52,select_hanja,다음 訓과 音에 맞는 漢字를 <보기>에서 찾아 그 번호를 쓰세요.,쇠 금 | 성(姓) 김,쇠 금 | 성(姓) 김,"[""① 白"", ""② 六"", ""③ 金"", ""④ 萬"", ""⑤ 五"", ""⑥ 八"", ""⑦ 東"", ""⑧ 不"", ""⑨ 土"", ""⑩ 男""]",③,金,
7급II,95,2021-11-20,53,select_hanja,다음 訓과 音에 맞는 漢字를 <보기>에서 찾아 그 번호를 쓰세요.,흰 백,흰 백,"[""① 白"", ""② 六"", ""③ 金"", ""④ 萬"", ""⑤ 五"", ""⑥ 八"", ""⑦ 東"", ""⑧ 不"", ""⑨ 土"", ""⑩ 男""]",①,白,
7급II,95,2021-11-20,54,select_hanja,다음 訓과 音에 맞는 漢字를 <보기>에서 찾아 그 번호를 쓰세요.,다섯 오,다섯 오,"[""① 白"", ""② 六"", ""③ 金"", ""④ 萬"", ""⑤ 五"", ""⑥ 八"", ""⑦ 東"", ""⑧ 不"", ""⑨ 土"", ""⑩ 男""]",⑤,五,
7급II,95,2021-11-20,55,banui_select,다음 漢字의 상대(또는 반대)되는 漢字를 <보기>에서 골라 그 번호를 쓰세요.,( ) ↔ 兄,( ) ↔ 兄,"[""① 西"", ""② 南"", ""③ 寸"", ""④ 弟""]",④,弟,
7급II,95,2021-11-20,56,banui_select,다음 漢字의 상대(또는 반대)되는 漢字를 <보기>에서 골라 그 번호를 쓰세요.,北 ↔ ( ),北 ↔ ( ),"[""① 西"", ""② 南"", ""③ 寸"", ""④ 弟""]",②,南,
7급II,95,2021-11-20,57,mean_select,다음 뜻에 맞는 漢字語를 <보기>에서 찾아 그 번호를 쓰세요.,사실을 적음. 또는 그런 글.,,"[""① 漢名"", ""② 下車"", ""③ 小火"", ""④ 記事""]",④,記事,
7급II,95,2021-11-20,58,mean_select,다음 뜻에 맞는 漢字語를 <보기>에서 찾아 그 번호를 쓰세요.,타고 있던 차에서 내림.,,"[""① 漢名"", ""② 下車"", ""③ 小火"", ""④ 記事""]",②,下車,
7급II,95,2021-11-20,59,stroke,다음 漢字의 진하게 표시한 획은 몇 번째 쓰는지 <보기>에서 찾아 그 번호를 쓰세요.,,,"[""① 첫 번째"", ""② 두 번째"", ""③ 세 번째"", ""④ 네 번째"", ""⑤ 다섯 번째"", ""⑥ 여섯 번째"", ""⑦ 일곱 번째"", ""⑧ 여덟 번째"", ""⑨ 아홉 번째"", ""⑩ 열 번째""]",③,세 번째,exam-strokes/stroke_7ii_95_59.png
7급II,95,2021-11-20,60,stroke,다음 漢字의 진하게 표시한 획은 몇 번째 쓰는지 <보기>에서 찾아 그 번호를 쓰세요.,,,"[""① 첫 번째"", ""② 두 번째"", ""③ 세 번째"", ""④ 네 번째"", ""⑤ 다섯 번째"", ""⑥ 여섯 번째"", ""⑦ 일곱 번째"", ""⑧ 여덟 번째"", ""⑨ 아홉 번째"", ""⑩ 열 번째""]",⑦,일곱 번째,exam-strokes/stroke_7ii_95_60.png
7급II,96,2022-02-26,1,dokum,다음 밑줄 친 漢字語의 音을 쓰세요.,볼에 부딪치는 空氣가 하루가 다르게 차가워졌습니다.,空氣,,공기,공기,
7급II,96,2022-02-26,2,dokum,다음 밑줄 친 漢字語의 音을 쓰세요.,이 世上을 바른 길로 이끌어가 는 사람이 되어야 합니다.,世上,,세상,세상,
7급II,96,2022-02-26,3,dokum,다음 밑줄 친 漢字語의 音을 쓰세요.,솔직하고 正直한 사람은 주변 사람들을 편안하게 만듭니다.,正直,,정직,정직,
7급II,96,2022-02-26,4,dokum,다음 밑줄 친 漢字語의 音을 쓰세요.,세계 속에서,,,한국,한국,
7급II,96,2022-02-26,5,dokum,다음 밑줄 친 漢字語의 音을 쓰세요.,시청에 가려면 다음 정류장에서 下車해야 합니다.,下車,,하차,하차,
7급II,96,2022-02-26,6,dokum,다음 밑줄 친 漢字語의 音을 쓰세요.,최근 집안의 모든 事物을 네트 워크로 연결하고 있습니다.,事物,,사물,사물,
7급II,96,2022-02-26,7,dokum,다음 밑줄 친 漢字語의 音을 쓰세요.,공공장소에서는 電話 예절을 지 켜야 합니다.,電話,,전화,전화,
7급II,96,2022-02-26,8,dokum,다음 밑줄 친 漢字語의 音을 쓰세요.,도로의 左右를 살핀 뒤 횡단보 도를 건너야 합니다.,左右,,좌우,좌우,
7급II,96,2022-02-26,9,dokum,다음 밑줄 친 漢字語의 音을 쓰세요.,다른 사람의 도움 없이 自立할 수 있는 능력을 길러야 합니다.,自立,,자립,자립,
7급II,96,2022-02-26,10,dokum,다음 밑줄 친 漢字語의 音을 쓰세요.,최근 몇 년 사이에 海水의 온 도가 높아졌습니다.,海水,,해수,해수,
7급II,96,2022-02-26,11,dokum,다음 밑줄 친 漢字語의 音을 쓰세요.,부모님께 孝道하는 사람이 성 공할 수 있어야 합니다.,孝道,,효도,효도,
7급II,96,2022-02-26,12,dokum,다음 밑줄 친 漢字語의 音을 쓰세요.,萬一의 경우에 대비하여 상비 약을 준비해야 합니다.,萬一,,만일,만일,
7급II,96,2022-02-26,13,dokum,다음 밑줄 친 漢字語의 音을 쓰세요.,일의 大小와 경중을 따져서 그 에 맞게 대처해야 합니다.,大小,,대소,대소,
7급II,96,2022-02-26,14,dokum,다음 밑줄 친 漢字語의 音을 쓰세요.,신청서에는 姓名을 정확하게 기입해야 합니다.,姓名,,성명,성명,
7급II,96,2022-02-26,15,dokum,다음 밑줄 친 漢字語의 音을 쓰세요.,靑年들이 건강하고 행복해야 우리의 미래가 밝습니다.,靑年,,청년,청년,
7급II,96,2022-02-26,16,dokum,다음 밑줄 친 漢字語의 音을 쓰세요.,처지를 不平하기보다 이를 극 복하기 위해 노력해야 합니다.,不平,,불평,불평,
7급II,96,2022-02-26,17,dokum,다음 밑줄 친 漢字語의 音을 쓰세요.,의좋은 兄弟 이야기는 사람들 의 마음을 훈훈하게 만듭니다.,兄弟,,형제,형제,
7급II,96,2022-02-26,18,dokum,다음 밑줄 친 漢字語의 音을 쓰세요.,건축 현장에서는 무엇보다도 安全이 중요합니다.,安全,,안전,안전,
7급II,96,2022-02-26,19,dokum,다음 밑줄 친 漢字語의 音을 쓰세요.,스승과 學生은 가르치고 배우 면서 함께 성장합니다.,學生,,학생,학생,
7급II,96,2022-02-26,20,dokum,다음 밑줄 친 漢字語의 音을 쓰세요.,요즘에는 手動 변속기를 단 자 동차를 보기 어렵습니다.,手動,,수동,수동,
7급II,96,2022-02-26,21,dokum,다음 밑줄 친 漢字語의 音을 쓰세요.,과거에는 長男에게 가업을 물 려주는 일이 많았습니다.,長男,,장남,장남,
7급II,96,2022-02-26,22,dokum,다음 밑줄 친 漢字語의 音을 쓰세요.,時間이 날 때에는 책을 읽는 습관을 들여야 합니다.,時間,,시간,시간,
7급II,96,2022-02-26,23,hunum,다음 漢字의 訓과 音을 쓰세요.,午,午,,낮 오,낮 오,
7급II,96,2022-02-26,24,hunum,다음 漢字의 訓과 音을 쓰세요.,記,記,,기록할 기,기록할 기,
7급II,96,2022-02-26,25,hunum,다음 漢字의 訓과 音을 쓰세요.,白,白,,흰 백,흰 백,
7급II,96,2022-02-26,26,hunum,다음 漢字의 訓과 音을 쓰세요.,寸,寸,,마디 촌,마디 촌,
7급II,96,2022-02-26,27,hunum,다음 漢字의 訓과 音을 쓰세요.,答,答,,대답 답,대답 답,
7급II,96,2022-02-26,28,hunum,다음 漢字의 訓과 音을 쓰세요.,中,中,,가운데 중,가운데 중,
7급II,96,2022-02-26,29,hunum,다음 漢字의 訓과 音을 쓰세요.,活,活,,살 활,살 활,
7급II,96,2022-02-26,30,hunum,다음 漢字의 訓과 音을 쓰세요.,母,母,,어미 모,어미 모,
7급II,96,2022-02-26,31,hunum,다음 漢字의 訓과 音을 쓰세요.,敎,敎,,가르칠 교,가르칠 교,
7급II,96,2022-02-26,32,hunum,다음 漢字의 訓과 音을 쓰세요.,土,土,,흙 토,흙 토,
7급II,96,2022-02-26,33,hunum,다음 漢字의 訓과 音을 쓰세요.,五,五,,다섯 오,다섯 오,
7급II,96,2022-02-26,34,hunum,다음 漢字의 訓과 音을 쓰세요.,八,八,,여덟 팔,여덟 팔,
7급II,96,2022-02-26,35,hunum,다음 漢字의 訓과 音을 쓰세요.,工,工,,장인 공,장인 공,
7급II,96,2022-02-26,36,hunum,다음 漢字의 訓과 音을 쓰세요.,足,足,,발 족,발 족,
7급II,96,2022-02-26,37,hunum,다음 漢字의 訓과 音을 쓰세요.,軍,軍,,군사 군,군사 군,
7급II,96,2022-02-26,38,hunum,다음 漢字의 訓과 音을 쓰세요.,七,七,,일곱 칠,일곱 칠,
7급II,96,2022-02-26,39,hunum,다음 漢字의 訓과 音을 쓰세요.,南,南,,남녘 남,남녘 남,
7급II,96,2022-02-26,40,hunum,다음 漢字의 訓과 音을 쓰세요.,月,月,,달 월,달 월,
7급II,96,2022-02-26,41,hunum,다음 漢字의 訓과 音을 쓰세요.,校,校,,학교 교,학교 교,
7급II,96,2022-02-26,42,hunum,다음 漢字의 訓과 音을 쓰세요.,民,民,,백성 민,백성 민,
7급II,96,2022-02-26,43,select_hanjaeo,다음 밑줄 친 漢字語를 <보기>에서 찾아 그 번호를 쓰세요.,전통 시장에서는 훈훈한 인정 을 느낄 수 있습니다.,시장,"[""① 市場"", ""② 東門"", ""③ 江山"", ""④ 北西""]",①,市場,
7급II,96,2022-02-26,44,select_hanjaeo,다음 밑줄 친 漢字語를 <보기>에서 찾아 그 번호를 쓰세요.,아름다운 강산을 미래 세대에 게 물려주어야 합니다.,강산,"[""① 市場"", ""② 東門"", ""③ 江山"", ""④ 北西""]",③,江山,
7급II,96,2022-02-26,45,select_hanja,다음 訓과 音에 맞는 漢字를 <보기>에서 찾아 그 번호를 쓰세요.,사람 인,사람 인,"[""① 木"", ""② 力"", ""③ 父"", ""④ 女"", ""⑤ 九"", ""⑥ 六"", ""⑦ 人"", ""⑧ 食"", ""⑨ 金"", ""⑩ 子""]",⑦,人,
7급II,96,2022-02-26,46,select_hanja,다음 訓과 音에 맞는 漢字를 <보기>에서 찾아 그 번호를 쓰세요.,아비 부,아비 부,"[""① 木"", ""② 力"", ""③ 父"", ""④ 女"", ""⑤ 九"", ""⑥ 六"", ""⑦ 人"", ""⑧ 食"", ""⑨ 金"", ""⑩ 子""]",③,父,
7급II,96,2022-02-26,47,select_hanja,다음 訓과 音에 맞는 漢字를 <보기>에서 찾아 그 번호를 쓰세요.,여섯 륙,여섯 륙,"[""① 木"", ""② 力"", ""③ 父"", ""④ 女"", ""⑤ 九"", ""⑥ 六"", ""⑦ 人"", ""⑧ 食"", ""⑨ 金"", ""⑩ 子""]",⑥,六,
7급II,96,2022-02-26,48,select_hanja,다음 訓과 音에 맞는 漢字를 <보기>에서 찾아 그 번호를 쓰세요.,나무 목,나무 목,"[""① 木"", ""② 力"", ""③ 父"", ""④ 女"", ""⑤ 九"", ""⑥ 六"", ""⑦ 人"", ""⑧ 食"", ""⑨ 金"", ""⑩ 子""]",①,木,
7급II,96,2022-02-26,49,select_hanja,다음 訓과 音에 맞는 漢字를 <보기>에서 찾아 그 번호를 쓰세요.,아들 자,아들 자,"[""① 木"", ""② 力"", ""③ 父"", ""④ 女"", ""⑤ 九"", ""⑥ 六"", ""⑦ 人"", ""⑧ 食"", ""⑨ 金"", ""⑩ 子""]",⑩,子,
7급II,96,2022-02-26,50,select_hanja,다음 訓과 音에 맞는 漢字를 <보기>에서 찾아 그 번호를 쓰세요.,힘 력,힘 력,"[""① 木"", ""② 力"", ""③ 父"", ""④ 女"", ""⑤ 九"", ""⑥ 六"", ""⑦ 人"", ""⑧ 食"", ""⑨ 金"", ""⑩ 子""]",②,力,
7급II,96,2022-02-26,51,select_hanja,다음 訓과 音에 맞는 漢字를 <보기>에서 찾아 그 번호를 쓰세요.,쇠 금,쇠 금,"[""① 木"", ""② 力"", ""③ 父"", ""④ 女"", ""⑤ 九"", ""⑥ 六"", ""⑦ 人"", ""⑧ 食"", ""⑨ 金"", ""⑩ 子""]",⑨,金,
7급II,96,2022-02-26,52,select_hanja,다음 訓과 音에 맞는 漢字를 <보기>에서 찾아 그 번호를 쓰세요.,아홉 구,아홉 구,"[""① 木"", ""② 力"", ""③ 父"", ""④ 女"", ""⑤ 九"", ""⑥ 六"", ""⑦ 人"", ""⑧ 食"", ""⑨ 金"", ""⑩ 子""]",⑤,九,
7급II,96,2022-02-26,53,select_hanja,다음 訓과 音에 맞는 漢字를 <보기>에서 찾아 그 번호를 쓰세요.,먹을 식,먹을 식,"[""① 木"", ""② 力"", ""③ 父"", ""④ 女"", ""⑤ 九"", ""⑥ 六"", ""⑦ 人"", ""⑧ 食"", ""⑨ 金"", ""⑩ 子""]",⑧,食,
7급II,96,2022-02-26,54,select_hanja,다음 訓과 音에 맞는 漢字를 <보기>에서 찾아 그 번호를 쓰세요.,계집 녀,계집 녀,"[""① 木"", ""② 力"", ""③ 父"", ""④ 女"", ""⑤ 九"", ""⑥ 六"", ""⑦ 人"", ""⑧ 食"", ""⑨ 金"", ""⑩ 子""]",④,女,
7급II,96,2022-02-26,55,banui_select,다음 漢字의 상대(또는 반대)되는 漢字를 <보기>에서 골라 그 번호를 쓰세요.,( ) ↔ 外,( ) ↔ 外,"[""① 火"", ""② 室"", ""③ 後"", ""④ 內""]",④,內,
7급II,96,2022-02-26,56,banui_select,다음 漢字의 상대(또는 반대)되는 漢字를 <보기>에서 골라 그 번호를 쓰세요.,前 ↔ ( ),前 ↔ ( ),"[""① 火"", ""② 室"", ""③ 後"", ""④ 內""]",③,後,
7급II,96,2022-02-26,57,mean_select,다음 뜻에 맞는 漢字語를 <보기>에서 찾아 그 번호를 쓰세요.,농사를 짓는 사람이 사는 집.,,"[""① 先王"", ""② 農家"", ""③ 每日"", ""④ 四方""]",②,農家,
7급II,96,2022-02-26,58,mean_select,다음 뜻에 맞는 漢字語를 <보기>에서 찾아 그 번호를 쓰세요.,하루하루. 하루하루마다.,,"[""① 先王"", ""② 農家"", ""③ 每日"", ""④ 四方""]",③,每日,
7급II,96,2022-02-26,59,stroke,다음 漢字의 진하게 표시한 획은 몇 번째 쓰는지 <보기>에서 찾아 그 번호를 쓰세요.,,,"[""① 첫 번째"", ""② 두 번째"", ""③ 세 번째"", ""④ 네 번째"", ""⑤ 다섯 번째"", ""⑥ 여섯 번째"", ""⑦ 일곱 번째"", ""⑧ 여덟 번째"", ""⑨ 아홉 번째"", ""⑩ 열 번째""]",⑤,다섯 번째,exam-strokes/stroke_7ii_96_59.png
7급II,96,2022-02-26,60,stroke,다음 漢字의 진하게 표시한 획은 몇 번째 쓰는지 <보기>에서 찾아 그 번호를 쓰세요.,,,"[""① 첫 번째"", ""② 두 번째"", ""③ 세 번째"", ""④ 네 번째"", ""⑤ 다섯 번째"", ""⑥ 여섯 번째"", ""⑦ 일곱 번째"", ""⑧ 여덟 번째"", ""⑨ 아홉 번째"", ""⑩ 열 번째""]",⑩,열 번째,exam-strokes/stroke_7ii_96_60.png
7급II,97,2022-05-28,1,dokum,다음 밑줄 친 漢字語의 音을 쓰세요.,이웃집은 兄弟간에 우애가 좋기 로 소문이 났습니다.,兄弟,,형제,형제,
7급II,97,2022-05-28,2,dokum,다음 밑줄 친 漢字語의 音을 쓰세요.,집수리가 끝날 때까지 당분간 이모네서 生活하기로 했습니다.,生活,,생활,생활,
7급II,97,2022-05-28,3,dokum,다음 밑줄 친 漢字語의 音을 쓰세요.,선생님은 수업 中間에 학생들에 게 질문을 하셨습니다.,中間,,중간,중간,
7급II,97,2022-05-28,4,dokum,다음 밑줄 친 漢字語의 音을 쓰세요.,봄이 오면 江山에 예쁜 꽃들이 피어나기 시작합니다.,江山,,강산,강산,
7급II,97,2022-05-28,5,dokum,다음 밑줄 친 漢字語의 音을 쓰세요.,책에 나오는 人物에게 하고 싶 은 말을 정리해 봅시다.,人物,,인물,인물,
7급II,97,2022-05-28,6,dokum,다음 밑줄 친 漢字語의 音을 쓰세요.,다음 주말에는 三寸네 가족과 야구장에 가기로 했습니다.,三寸,,삼촌,삼촌,
7급II,97,2022-05-28,7,dokum,다음 밑줄 친 漢字語의 音을 쓰세요.,누나의 달리기 실력은 全校에서 손가락 안에 꼽힙니다.,全校,,전교,전교,
7급II,97,2022-05-28,8,dokum,다음 밑줄 친 漢字語의 音을 쓰세요.,할아버지 댁에 도착하자마자 집 에 電話를 드렸습니다.,電話,,전화,전화,
7급II,97,2022-05-28,9,dokum,다음 밑줄 친 漢字語의 音을 쓰세요.,‘풍속화의 大家 김홍도’를 읽고 물음에 답하여 봅시다.,大家,,대가,대가,
7급II,97,2022-05-28,10,dokum,다음 밑줄 친 漢字語의 音을 쓰세요.,지난주부터 水道 공사를 하느 라 도로가 통제되었습니다.,水道,,수도,수도,
7급II,97,2022-05-28,11,dokum,다음 밑줄 친 漢字語의 音을 쓰세요.,할머니는 솜씨 좋은 木手를 불 러 옷장을 짜 달라고 했습니다.,木手,,목수,목수,
7급II,97,2022-05-28,12,dokum,다음 밑줄 친 漢字語의 音을 쓰세요.,이번 행사에는 子女들과 함께 참여하시기 바랍니다.,子女,,자녀,자녀,
7급II,97,2022-05-28,13,dokum,다음 밑줄 친 漢字語의 音을 쓰세요.,그들은 헤어진 지 四十 년 만 에 극적으로 상봉했습니다.,四十,,사십,사십,
7급II,97,2022-05-28,14,dokum,다음 밑줄 친 漢字語의 音을 쓰세요.,큰 아버지는 空軍으로 복무하 고 계십니다.,空軍,,공군,공군,
7급II,97,2022-05-28,15,dokum,다음 밑줄 친 漢字語의 音을 쓰세요.,이 음악은 海外에서 먼저 인기 를 끌기 시작했습니다.,海外,,해외,해외,
7급II,97,2022-05-28,16,dokum,다음 밑줄 친 漢字語의 音을 쓰세요.,우리 가족이 모두 平安하고 건 강하기를 빌었습니다.,平安,,평안,평안,
7급II,97,2022-05-28,17,dokum,다음 밑줄 친 漢字語의 音을 쓰세요.,"답안지에는 수험번호와 姓名, 생년월일을 적습니다.",姓名,,성명,성명,
7급II,97,2022-05-28,18,dokum,다음 밑줄 친 漢字語의 音을 쓰세요.,내일 午前까지 전국적으로 많 은 눈이 내린다고 합니다.,午前,,오전,오전,
7급II,97,2022-05-28,19,dokum,다음 밑줄 친 漢字語의 音을 쓰세요.,그는 아르바이트를 하며 학비 를 自力으로 마련했습니다.,自力,,자력,자력,
7급II,97,2022-05-28,20,dokum,다음 밑줄 친 漢字語의 音을 쓰세요.,世上에는 우리가 알지 못하는 신비한 일들이 많습니다.,世上,,세상,세상,
7급II,97,2022-05-28,21,dokum,다음 밑줄 친 漢字語의 音을 쓰세요.,커다한 나무들이 우리가 걷는 길 左右에 늘어서 있습니다.,左右,,좌우,좌우,
7급II,97,2022-05-28,22,dokum,다음 밑줄 친 漢字語의 音을 쓰세요.,열차가 잠시 멈추고 車內 방송 이 흘러나오기 시작했습니다.,車內,,차내,차내,
7급II,97,2022-05-28,23,hunum,다음 漢字의 訓과 音을 쓰세요.,敎,敎,,"가르칠 교/ 본받을, 하여","가르칠 교/ 본받을, 하여",
7급II,97,2022-05-28,24,hunum,다음 漢字의 訓과 音을 쓰세요.,直,直,,"곧을 직/ 바로잡을, 곧게","곧을 직/ 바로잡을, 곧게",
7급II,97,2022-05-28,25,hunum,다음 漢字의 訓과 音을 쓰세요.,農,農,,농사 농,농사 농,
7급II,97,2022-05-28,26,hunum,다음 漢字의 訓과 音을 쓰세요.,五,五,,다섯 오,다섯 오,
7급II,97,2022-05-28,27,hunum,다음 漢字의 訓과 音을 쓰세요.,答,答,,"대답 답/ 대답할, 갚을, 대","대답 답/ 대답할, 갚을, 대",
7급II,97,2022-05-28,28,hunum,다음 漢字의 訓과 音을 쓰세요.,場,場,,마당 장,마당 장,
7급II,97,2022-05-28,29,hunum,다음 漢字의 訓과 音을 쓰세요.,食,食,,밥/먹을 식,밥/먹을 식,
7급II,97,2022-05-28,30,hunum,다음 漢字의 訓과 音을 쓰세요.,方,方,,"모(棱) 방/ 모날, 모질, 바야흐로,","모(棱) 방/ 모날, 모질, 바야흐로,",
7급II,97,2022-05-28,31,hunum,다음 漢字의 訓과 音을 쓰세요.,門,門,,문 문,문 문,
7급II,97,2022-05-28,32,hunum,다음 漢字의 訓과 音을 쓰세요.,正,正,,"바를 정/ 정할, 정월, 솥가운데,","바를 정/ 정할, 정월, 솥가운데,",
7급II,97,2022-05-28,33,hunum,다음 漢字의 訓과 音을 쓰세요.,足,足,,"발 족/ 넉넉할, 족할, 흡족할, 그","발 족/ 넉넉할, 족할, 흡족할, 그",
7급II,97,2022-05-28,34,hunum,다음 漢字의 訓과 音을 쓰세요.,學,學,,"배울 학/ 학자, 학문, 학교, 가르","배울 학/ 학자, 학문, 학교, 가르",
7급II,97,2022-05-28,35,hunum,다음 漢字의 訓과 音을 쓰세요.,火,火,,불 화,불 화,
7급II,97,2022-05-28,36,hunum,다음 漢字의 訓과 音을 쓰세요.,下,下,,"아래 하/ 내릴, 낮을, 나즉이할,","아래 하/ 내릴, 낮을, 나즉이할,",
7급II,97,2022-05-28,37,hunum,다음 漢字의 訓과 音을 쓰세요.,動,動,,움직일 동,움직일 동,
7급II,97,2022-05-28,38,hunum,다음 漢字의 訓과 音을 쓰세요.,事,事,,일 사,일 사,
7급II,97,2022-05-28,39,hunum,다음 漢字의 訓과 音을 쓰세요.,工,工,,"장인 공/ 공장바치, 장바치, 공교","장인 공/ 공장바치, 장바치, 공교",
7급II,97,2022-05-28,40,hunum,다음 漢字의 訓과 音을 쓰세요.,靑,靑,,푸를 청,푸를 청,
7급II,97,2022-05-28,41,hunum,다음 漢字의 訓과 音을 쓰세요.,韓,韓,,한국/나라 한,한국/나라 한,
7급II,97,2022-05-28,42,hunum,다음 漢字의 訓과 音을 쓰세요.,孝,孝,,효도 효,효도 효,
7급II,97,2022-05-28,43,select_hanjaeo,다음 밑줄 친 漢字語를 <보기>에서 찾아 그 번호를 쓰세요.,냇물이 마을의 남북을 가로지 르고 있습니다.,남북,"[""① 東西"", ""② 南北"", ""③ 每年"", ""④ 七月""]",②,南北,
7급II,97,2022-05-28,44,select_hanjaeo,다음 밑줄 친 漢字語를 <보기>에서 찾아 그 번호를 쓰세요.,철새들이 매년 겨울이면 이곳 으로 날아듭니다.,매년,"[""① 東西"", ""② 南北"", ""③ 每年"", ""④ 七月""]",③,每年,
7급II,97,2022-05-28,45,select_hanja,다음 訓과 音에 맞는 漢字를 <보기>에서 찾아 그 번호를 쓰세요.,아닐 불,아닐 불,"[""① 男"", ""② 漢"", ""③ 白"", ""④ 六"", ""⑤ 金"", ""⑥ 萬"", ""⑦ 不"", ""⑧ 八"", ""⑨ 土"", ""⑩ 記""]",⑦,不,
7급II,97,2022-05-28,46,select_hanja,다음 訓과 音에 맞는 漢字를 <보기>에서 찾아 그 번호를 쓰세요.,여섯 륙,여섯 륙,"[""① 男"", ""② 漢"", ""③ 白"", ""④ 六"", ""⑤ 金"", ""⑥ 萬"", ""⑦ 不"", ""⑧ 八"", ""⑨ 土"", ""⑩ 記""]",④,六,
7급II,97,2022-05-28,47,select_hanja,다음 訓과 音에 맞는 漢字를 <보기>에서 찾아 그 번호를 쓰세요.,일만 만,일만 만,"[""① 男"", ""② 漢"", ""③ 白"", ""④ 六"", ""⑤ 金"", ""⑥ 萬"", ""⑦ 不"", ""⑧ 八"", ""⑨ 土"", ""⑩ 記""]",⑥,萬,
7급II,97,2022-05-28,48,select_hanja,다음 訓과 音에 맞는 漢字를 <보기>에서 찾아 그 번호를 쓰세요.,기록할 기,기록할 기,"[""① 男"", ""② 漢"", ""③ 白"", ""④ 六"", ""⑤ 金"", ""⑥ 萬"", ""⑦ 不"", ""⑧ 八"", ""⑨ 土"", ""⑩ 記""]",⑩,記,
7급II,97,2022-05-28,49,select_hanja,다음 訓과 音에 맞는 漢字를 <보기>에서 찾아 그 번호를 쓰세요.,사내 남,사내 남,"[""① 男"", ""② 漢"", ""③ 白"", ""④ 六"", ""⑤ 金"", ""⑥ 萬"", ""⑦ 不"", ""⑧ 八"", ""⑨ 土"", ""⑩ 記""]",①,男,
7급II,97,2022-05-28,50,select_hanja,다음 訓과 音에 맞는 漢字를 <보기>에서 찾아 그 번호를 쓰세요.,흙 토,흙 토,"[""① 男"", ""② 漢"", ""③ 白"", ""④ 六"", ""⑤ 金"", ""⑥ 萬"", ""⑦ 不"", ""⑧ 八"", ""⑨ 土"", ""⑩ 記""]",⑨,土,
7급II,97,2022-05-28,51,select_hanja,다음 訓과 音에 맞는 漢字를 <보기>에서 찾아 그 번호를 쓰세요.,흰 백,흰 백,"[""① 男"", ""② 漢"", ""③ 白"", ""④ 六"", ""⑤ 金"", ""⑥ 萬"", ""⑦ 不"", ""⑧ 八"", ""⑨ 土"", ""⑩ 記""]",③,白,
7급II,97,2022-05-28,52,select_hanja,다음 訓과 音에 맞는 漢字를 <보기>에서 찾아 그 번호를 쓰세요.,여덟 팔,여덟 팔,"[""① 男"", ""② 漢"", ""③ 白"", ""④ 六"", ""⑤ 金"", ""⑥ 萬"", ""⑦ 不"", ""⑧ 八"", ""⑨ 土"", ""⑩ 記""]",⑧,八,
7급II,97,2022-05-28,53,select_hanja,다음 訓과 音에 맞는 漢字를 <보기>에서 찾아 그 번호를 쓰세요.,쇠 금 | 성(姓) 김,쇠 금 | 성(姓) 김,"[""① 男"", ""② 漢"", ""③ 白"", ""④ 六"", ""⑤ 金"", ""⑥ 萬"", ""⑦ 不"", ""⑧ 八"", ""⑨ 土"", ""⑩ 記""]",⑤,金,
7급II,97,2022-05-28,54,select_hanja,다음 訓과 音에 맞는 漢字를 <보기>에서 찾아 그 번호를 쓰세요.,한수/한나라 한,한수/한나라 한,"[""① 男"", ""② 漢"", ""③ 白"", ""④ 六"", ""⑤ 金"", ""⑥ 萬"", ""⑦ 不"", ""⑧ 八"", ""⑨ 土"", ""⑩ 記""]",②,漢,
7급II,97,2022-05-28,55,banui_select,다음 漢字의 상대(또는 반대)되는 漢字를 <보기>에서 골라 그 번호를 쓰세요.,( ) ↔ 母,( ) ↔ 母,"[""① 先"", ""② 父"", ""③ 小"", ""④ 王""]",②,父,
7급II,97,2022-05-28,56,banui_select,다음 漢字의 상대(또는 반대)되는 漢字를 <보기>에서 골라 그 번호를 쓰세요.,後 ↔ ( ),後 ↔ ( ),"[""① 先"", ""② 父"", ""③ 小"", ""④ 王""]",①,先,
7급II,97,2022-05-28,57,mean_select,다음 뜻에 맞는 漢字語를 <보기>에서 찾아 그 번호를 쓰세요.,"그날그날의 비, 구름, 바람, 기 온 따위가 나타나는 기상 상태.",,"[""① 市長"", ""② 一時"", ""③ 日氣"", ""④ 國立""]",③,日氣,
7급II,97,2022-05-28,58,mean_select,다음 뜻에 맞는 漢字語를 <보기>에서 찾아 그 번호를 쓰세요.,공공의 이익을 위하여 나라의 예산으로 세우고 관리함.,,"[""① 市長"", ""② 一時"", ""③ 日氣"", ""④ 國立""]",④,國立,
7급II,97,2022-05-28,59,stroke,다음 漢字의 진하게 표시한 획은 몇 번째 쓰는지 <보기>에서 찾아 그 번호를 쓰세요.,,,"[""① 첫 번째"", ""② 두 번째"", ""③ 세 번째"", ""④ 네 번째"", ""⑤ 다섯 번째"", ""⑥ 여섯 번째"", ""⑦ 일곱 번째"", ""⑧ 여덟 번째"", ""⑨ 아홉 번째"", ""⑩ 열 번째""]",③,세 번째,exam-strokes/stroke_7ii_97_59.png
7급II,97,2022-05-28,60,stroke,다음 漢字의 진하게 표시한 획은 몇 번째 쓰는지 <보기>에서 찾아 그 번호를 쓰세요.,,,"[""① 첫 번째"", ""② 두 번째"", ""③ 세 번째"", ""④ 네 번째"", ""⑤ 다섯 번째"", ""⑥ 여섯 번째"", ""⑦ 일곱 번째"", ""⑧ 여덟 번째"", ""⑨ 아홉 번째"", ""⑩ 열 번째""]",⑨,아홉 번째,exam-strokes/stroke_7ii_97_60.png
7급II,98,2022-08-27,1,dokum,다음 밑줄 친 漢字語의 音을 쓰세요.,봄이면 온 江山에 진달래꽃이 흐드러지게 핍니다.,江山,,강산,강산,
7급II,98,2022-08-27,2,dokum,다음 밑줄 친 漢字語의 音을 쓰세요.,체육 시간은 오늘 삼 校時입니 다.,校時,,교시,교시,
7급II,98,2022-08-27,3,dokum,다음 밑줄 친 漢字語의 音을 쓰세요.,삼촌은 海外 출장을 자주 나갑 니다.,海外,,해외,해외,
7급II,98,2022-08-27,4,dokum,다음 밑줄 친 漢字語의 音을 쓰세요.,김홍도는 풍속화의 大家입니다.,大家,,대가,대가,
7급II,98,2022-08-27,5,dokum,다음 밑줄 친 漢字語의 音을 쓰세요.,이 工場은 내년부터 가동됩니 다.,工場,,공장,공장,
7급II,98,2022-08-27,6,dokum,다음 밑줄 친 漢字語의 音을 쓰세요.,韓方 의학이 세계에 알려지기 시작했습니다.,韓方,,한방,한방,
7급II,98,2022-08-27,7,dokum,다음 밑줄 친 漢字語의 音을 쓰세요.,몇 년 사이에 世上이 많이 변하 였습니다.,世上,,세상,세상,
7급II,98,2022-08-27,8,dokum,다음 밑줄 친 漢字語의 音을 쓰세요.,계곡을 막아 水力 발전소를 만 들었습니다.,水力,,수력,수력,
7급II,98,2022-08-27,9,dokum,다음 밑줄 친 漢字語의 音을 쓰세요.,이장님은 솜씨 좋은 木手입니 다.,木手,,목수,목수,
7급II,98,2022-08-27,10,dokum,다음 밑줄 친 漢字語의 音을 쓰세요.,생선 가시가 食道에 걸려 목이 따끔거립니다.,食道,,식도,식도,
7급II,98,2022-08-27,11,dokum,다음 밑줄 친 漢字語의 音을 쓰세요.,아버지는 매주 할머니께 電話 를 걸어 안부를 묻습니다.,電話,,전화,전화,
7급II,98,2022-08-27,12,dokum,다음 밑줄 친 漢字語의 音을 쓰세요.,가구별 평균 子女 수가 점점 줄어들고 있습니다.,子女,,자녀,자녀,
7급II,98,2022-08-27,13,dokum,다음 밑줄 친 漢字語의 音을 쓰세요.,독수리가 左右 날개를 활짝 펴 고 날아오릅니다.,左右,,좌우,좌우,
7급II,98,2022-08-27,14,dokum,다음 밑줄 친 漢字語의 音을 쓰세요.,사방이 차단된 室內는 몹시 더 웠습니다.,室內,,실내,실내,
7급II,98,2022-08-27,15,dokum,다음 밑줄 친 漢字語의 音을 쓰세요.,학교 正門에서 철수를 만나기 로 했습니다.,正門,,정문,정문,
7급II,98,2022-08-27,16,dokum,다음 밑줄 친 漢字語의 音을 쓰세요.,마당극은 平民들의 문화를 잘 보여줍니다.,平民,,평민,평민,
7급II,98,2022-08-27,17,dokum,다음 밑줄 친 漢字語의 音을 쓰세요.,석유는 절대 火氣 옆에 보관해 서는 안 됩니다.,火氣,,화기,화기,
7급II,98,2022-08-27,18,dokum,다음 밑줄 친 漢字語의 音을 쓰세요.,어머니는 每月 5만 원씩 용돈 을 주십니다.,每月,,매월,매월,
7급II,98,2022-08-27,19,dokum,다음 밑줄 친 漢字語의 音을 쓰세요.,우리나라의 年間 수출량이 늘 었습니다.,年間,,년간,년간,
7급II,98,2022-08-27,20,dokum,다음 밑줄 친 漢字語의 音을 쓰세요.,승객 여러분들을 목적지까지 安全하게 모시겠습니다.,安全,,안전,안전,
7급II,98,2022-08-27,21,dokum,다음 밑줄 친 漢字語의 音을 쓰세요.,서류에 주소와 姓名을 적었습 니다.,姓名,,성명,성명,
7급II,98,2022-08-27,22,dokum,다음 밑줄 친 漢字語의 音을 쓰세요.,가람이는 매일 日記를 씁니다.,日記,,일기,일기,
7급II,98,2022-08-27,23,hunum,다음 漢字의 訓과 音을 쓰세요.,六,六,,여섯 륙,여섯 륙,
7급II,98,2022-08-27,24,hunum,다음 漢字의 訓과 音을 쓰세요.,孝,孝,,효도 효,효도 효,
7급II,98,2022-08-27,25,hunum,다음 漢字의 訓과 音을 쓰세요.,白,白,,흰 백,흰 백,
7급II,98,2022-08-27,26,hunum,다음 漢字의 訓과 音을 쓰세요.,立,立,,설 립,설 립,
7급II,98,2022-08-27,27,hunum,다음 漢字의 訓과 音을 쓰세요.,四,四,,넉 사,넉 사,
7급II,98,2022-08-27,28,hunum,다음 漢字의 訓과 音을 쓰세요.,二,二,,두 이,두 이,
7급II,98,2022-08-27,29,hunum,다음 漢字의 訓과 音을 쓰세요.,寸,寸,,마디 촌,마디 촌,
7급II,98,2022-08-27,30,hunum,다음 漢字의 訓과 音을 쓰세요.,學,學,,배울 학,배울 학,
7급II,98,2022-08-27,31,hunum,다음 漢字의 訓과 音을 쓰세요.,王,王,,임금 왕,임금 왕,
7급II,98,2022-08-27,32,hunum,다음 漢字의 訓과 音을 쓰세요.,東,東,,동녘 동,동녘 동,
7급II,98,2022-08-27,33,hunum,다음 漢字의 訓과 音을 쓰세요.,一,一,,한 일,한 일,
7급II,98,2022-08-27,34,hunum,다음 漢字의 訓과 音을 쓰세요.,中,中,,가운데 중,가운데 중,
7급II,98,2022-08-27,35,hunum,다음 漢字의 訓과 音을 쓰세요.,敎,敎,,가르칠 교,가르칠 교,
7급II,98,2022-08-27,36,hunum,다음 漢字의 訓과 音을 쓰세요.,母,母,,어미 모,어미 모,
7급II,98,2022-08-27,37,hunum,다음 漢字의 訓과 音을 쓰세요.,五,五,,다섯 오,다섯 오,
7급II,98,2022-08-27,38,hunum,다음 漢字의 訓과 音을 쓰세요.,金,金,,쇠 금 | 성 김,쇠 금 | 성 김,
7급II,98,2022-08-27,39,hunum,다음 漢字의 訓과 音을 쓰세요.,九,九,,아홉 구,아홉 구,
7급II,98,2022-08-27,40,hunum,다음 漢字의 訓과 音을 쓰세요.,弟,弟,,아우 제,아우 제,
7급II,98,2022-08-27,41,hunum,다음 漢字의 訓과 音을 쓰세요.,午,午,,낮 오,낮 오,
7급II,98,2022-08-27,42,hunum,다음 漢字의 訓과 音을 쓰세요.,男,男,,사내 남,사내 남,
7급II,98,2022-08-27,43,select_hanjaeo,다음 밑줄 친 漢字語를 <보기>에서 찾아 그 번호를 쓰세요.,물과 공기가 없다면 생물이 살 수 없습니다.,생물,"[""① 人事"", ""② 農父"", ""③ 生物"", ""④ 市長""]",③,生物,
7급II,98,2022-08-27,44,select_hanjaeo,다음 밑줄 친 漢字語를 <보기>에서 찾아 그 번호를 쓰세요.,평생 농사일만 해온 농부가 쟁 기질을 합니다.,농부,"[""① 人事"", ""② 農父"", ""③ 生物"", ""④ 市長""]",②,農父,
7급II,98,2022-08-27,45,select_hanja,다음 訓과 音에 맞는 漢字를 <보기>에서 찾아 그 번호를 쓰세요.,대답 답,대답 답,"[""① 八"", ""② 兄"", ""③ 西"", ""④ 萬"", ""⑤ 土"", ""⑥ 七"", ""⑦ 小"", ""⑧ 十"", ""⑨ 三"", ""⑩ 答""]",⑩,答,
7급II,98,2022-08-27,46,select_hanja,다음 訓과 音에 맞는 漢字를 <보기>에서 찾아 그 번호를 쓰세요.,형 형,형 형,"[""① 八"", ""② 兄"", ""③ 西"", ""④ 萬"", ""⑤ 土"", ""⑥ 七"", ""⑦ 小"", ""⑧ 十"", ""⑨ 三"", ""⑩ 答""]",②,兄,
7급II,98,2022-08-27,47,select_hanja,다음 訓과 音에 맞는 漢字를 <보기>에서 찾아 그 번호를 쓰세요.,서녘 서,서녘 서,"[""① 八"", ""② 兄"", ""③ 西"", ""④ 萬"", ""⑤ 土"", ""⑥ 七"", ""⑦ 小"", ""⑧ 十"", ""⑨ 三"", ""⑩ 答""]",③,西,
7급II,98,2022-08-27,48,select_hanja,다음 訓과 音에 맞는 漢字를 <보기>에서 찾아 그 번호를 쓰세요.,일곱 칠,일곱 칠,"[""① 八"", ""② 兄"", ""③ 西"", ""④ 萬"", ""⑤ 土"", ""⑥ 七"", ""⑦ 小"", ""⑧ 十"", ""⑨ 三"", ""⑩ 答""]",⑥,七,
7급II,98,2022-08-27,49,select_hanja,다음 訓과 音에 맞는 漢字를 <보기>에서 찾아 그 번호를 쓰세요.,작을 소,작을 소,"[""① 八"", ""② 兄"", ""③ 西"", ""④ 萬"", ""⑤ 土"", ""⑥ 七"", ""⑦ 小"", ""⑧ 十"", ""⑨ 三"", ""⑩ 答""]",⑦,小,
7급II,98,2022-08-27,50,select_hanja,다음 訓과 音에 맞는 漢字를 <보기>에서 찾아 그 번호를 쓰세요.,흙 토,흙 토,"[""① 八"", ""② 兄"", ""③ 西"", ""④ 萬"", ""⑤ 土"", ""⑥ 七"", ""⑦ 小"", ""⑧ 十"", ""⑨ 三"", ""⑩ 答""]",⑤,土,
7급II,98,2022-08-27,51,select_hanja,다음 訓과 音에 맞는 漢字를 <보기>에서 찾아 그 번호를 쓰세요.,일만 만,일만 만,"[""① 八"", ""② 兄"", ""③ 西"", ""④ 萬"", ""⑤ 土"", ""⑥ 七"", ""⑦ 小"", ""⑧ 十"", ""⑨ 三"", ""⑩ 答""]",④,萬,
7급II,98,2022-08-27,52,select_hanja,다음 訓과 音에 맞는 漢字를 <보기>에서 찾아 그 번호를 쓰세요.,석 삼,석 삼,"[""① 八"", ""② 兄"", ""③ 西"", ""④ 萬"", ""⑤ 土"", ""⑥ 七"", ""⑦ 小"", ""⑧ 十"", ""⑨ 三"", ""⑩ 答""]",⑨,三,
7급II,98,2022-08-27,53,select_hanja,다음 訓과 音에 맞는 漢字를 <보기>에서 찾아 그 번호를 쓰세요.,열 십,열 십,"[""① 八"", ""② 兄"", ""③ 西"", ""④ 萬"", ""⑤ 土"", ""⑥ 七"", ""⑦ 小"", ""⑧ 十"", ""⑨ 三"", ""⑩ 答""]",⑧,十,
7급II,98,2022-08-27,54,select_hanja,다음 訓과 音에 맞는 漢字를 <보기>에서 찾아 그 번호를 쓰세요.,여덟 팔,여덟 팔,"[""① 八"", ""② 兄"", ""③ 西"", ""④ 萬"", ""⑤ 土"", ""⑥ 七"", ""⑦ 小"", ""⑧ 十"", ""⑨ 三"", ""⑩ 答""]",①,八,
7급II,98,2022-08-27,55,banui_select,다음 漢字의 상대(또는 반대)되는 漢字를 <보기>에서 골라 그 번호를 쓰세요.,( ) ↔ 先,( ) ↔ 先,"[""① 下"", ""② 後"", ""③ 北"", ""④ 足""]",②,後,
7급II,98,2022-08-27,56,banui_select,다음 漢字의 상대(또는 반대)되는 漢字를 <보기>에서 골라 그 번호를 쓰세요.,南 ↔ ( ),南 ↔ ( ),"[""① 下"", ""② 後"", ""③ 北"", ""④ 足""]",③,北,
7급II,98,2022-08-27,57,mean_select,다음 뜻에 맞는 漢字語를 <보기>에서 찾아 그 번호를 쓰세요.,사람이나 짐을 싣지 않은 비어 있는 차.,,"[""① 不動"", ""② 自活"", ""③ 直前"", ""④ 空車""]",④,空車,
7급II,98,2022-08-27,58,mean_select,다음 뜻에 맞는 漢字語를 <보기>에서 찾아 그 번호를 쓰세요.,움직이지 않음.,,"[""① 不動"", ""② 自活"", ""③ 直前"", ""④ 空車""]",①,不動,
7급II,98,2022-08-27,59,stroke,다음 漢字의 진하게 표시한 획은 몇 번째 쓰는지 <보기>에서 찾아 그 번호를 쓰세요.,,,"[""① 첫 번째"", ""② 두 번째"", ""③ 세 번째"", ""④ 네 번째"", ""⑤ 다섯 번째"", ""⑥ 여섯 번째"", ""⑦ 일곱 번째"", ""⑧ 여덟 번째"", ""⑨ 아홉 번째"", ""⑩ 열 번째""]",⑧,여덟 번째,exam-strokes/stroke_7ii_98_59.png
7급II,98,2022-08-27,60,stroke,다음 漢字의 진하게 표시한 획은 몇 번째 쓰는지 <보기>에서 찾아 그 번호를 쓰세요.,,,"[""① 첫 번째"", ""② 두 번째"", ""③ 세 번째"", ""④ 네 번째"", ""⑤ 다섯 번째"", ""⑥ 여섯 번째"", ""⑦ 일곱 번째"", ""⑧ 여덟 번째"", ""⑨ 아홉 번째"", ""⑩ 열 번째""]",⑤,다섯 번째,exam-strokes/stroke_7ii_98_60.png
7급II,99,2022-11-26,1,dokum,다음 밑줄 친 漢字語의 音을 쓰세요.,午後 2시가 되자 갑자기 비가 쏟아졌습니다.,午後,,오후,오후,
7급II,99,2022-11-26,2,dokum,다음 밑줄 친 漢字語의 音을 쓰세요.,제주도는 火山 폭발로 생겨난 섬입니다.,火山,,화산,화산,
7급II,99,2022-11-26,3,dokum,다음 밑줄 친 漢字語의 音을 쓰세요.,할아버지께서는 七十 평생을 농 사에 전념하신 분입니다.,七十,,칠십,칠십,
7급II,99,2022-11-26,4,dokum,다음 밑줄 친 漢字語의 音을 쓰세요.,모처럼 母女가 정답게 장보기에 나섰습니다.,母女,,모녀,모녀,
7급II,99,2022-11-26,5,dokum,다음 밑줄 친 漢字語의 音을 쓰세요.,中東 지역은 세계적인 석유 생 산 지역입니다.,中東,,중동,중동,
7급II,99,2022-11-26,6,dokum,다음 밑줄 친 漢字語의 音을 쓰세요.,아버지는 三寸의 나이보다 5살 이 더 많습니다.,三寸,,삼촌,삼촌,
7급II,99,2022-11-26,7,dokum,다음 밑줄 친 漢字語의 音을 쓰세요.,유전 工學은 우리의 건강과 행 복한 생활을 위해 활용됩니다.,工學,,공학,공학,
7급II,99,2022-11-26,8,dokum,다음 밑줄 친 漢字語의 音을 쓰세요.,장군은 5만 명의 手下 장졸들 을 지휘하였습니다.,手下,,수하,수하,
7급II,99,2022-11-26,9,dokum,다음 밑줄 친 漢字語의 音을 쓰세요.,이 일은 생각보다 時間이 많이 걸립니다.,時間,,시간,시간,
7급II,99,2022-11-26,10,dokum,다음 밑줄 친 漢字語의 音을 쓰세요.,오늘 日記는 친구들과 재미있 게 놀았던 일을 썼습니다.,日記,,일기,일기,
7급II,99,2022-11-26,11,dokum,다음 밑줄 친 漢字語의 音을 쓰세요.,이번 폭우로 市內 곳곳이 물에 잠겼습니다.,市內,,시내,시내,
7급II,99,2022-11-26,12,dokum,다음 밑줄 친 漢字語의 音을 쓰세요.,이 섬에는 다양한 종류의 生物 이 분포하고 있습니다.,生物,,생물,생물,
7급II,99,2022-11-26,13,dokum,다음 밑줄 친 漢字語의 音을 쓰세요.,世上에는 참 신기한 일들이 많 습니다.,世上,,세상,세상,
7급II,99,2022-11-26,14,dokum,다음 밑줄 친 漢字語의 音을 쓰세요.,‘새노래’는 正月 대보름에 풍년 을 기원하며 부르던 노래입니다.,正月,,정월,정월,
7급II,99,2022-11-26,15,dokum,다음 밑줄 친 漢字語의 音을 쓰세요.,한여름 땡볕이 내리쬘 때는 室外 활동을 자제합니다.,室外,,실외,실외,
7급II,99,2022-11-26,16,dokum,다음 밑줄 친 漢字語의 音을 쓰세요.,윗마을과 아랫마을 靑年들이 고싸움 놀이를 벌였습니다.,靑年,,청년,청년,
7급II,99,2022-11-26,17,dokum,다음 밑줄 친 漢字語의 音을 쓰세요.,봄이 되면 江南 갔던 제비가 돌아옵니다.,江南,,강남,강남,
7급II,99,2022-11-26,18,dokum,다음 밑줄 친 漢字語의 音을 쓰세요.,물이 새는 水道꼭지를 교체하 였습니다.,水道,,수도,수도,
7급II,99,2022-11-26,19,dokum,다음 밑줄 친 漢字語의 音을 쓰세요.,이 노래는 젊은층에서 폭발적 인 人氣를 얻고 있습니다.,人氣,,인기,인기,
7급II,99,2022-11-26,20,dokum,다음 밑줄 친 漢字語의 音을 쓰세요.,짙은 안개 때문에 몇 미터 前方 도 가늠하기 힘듭니다.,前方,,전방,전방,
7급II,99,2022-11-26,21,dokum,다음 밑줄 친 漢字語의 音을 쓰세요.,農場 한 켠에 아담한 원두막이 있습니다.,農場,,농장,농장,
7급II,99,2022-11-26,22,dokum,다음 밑줄 친 漢字語의 音을 쓰세요.,좋은 음악은 우리 생활에 活力 을 불어넣어 줍니다.,活力,,활력,활력,
7급II,99,2022-11-26,23,hunum,다음 漢字의 訓과 音을 쓰세요.,敎,敎,,가르칠 교,가르칠 교,
7급II,99,2022-11-26,24,hunum,다음 漢字의 訓과 音을 쓰세요.,八,八,,여덟 팔,여덟 팔,
7급II,99,2022-11-26,25,hunum,다음 漢字의 訓과 音을 쓰세요.,白,白,,흰 백,흰 백,
7급II,99,2022-11-26,26,hunum,다음 漢字의 訓과 音을 쓰세요.,民,民,,백성 민,백성 민,
7급II,99,2022-11-26,27,hunum,다음 漢字의 訓과 音을 쓰세요.,兄,兄,,형 형,형 형,
7급II,99,2022-11-26,28,hunum,다음 漢字의 訓과 音을 쓰세요.,孝,孝,,효도 효,효도 효,
7급II,99,2022-11-26,29,hunum,다음 漢字의 訓과 音을 쓰세요.,車,車,,수레 거 | 수레 차,수레 거 | 수레 차,
7급II,99,2022-11-26,30,hunum,다음 漢字의 訓과 音을 쓰세요.,弟,弟,,아우 제,아우 제,
7급II,99,2022-11-26,31,hunum,다음 漢字의 訓과 音을 쓰세요.,不,不,,아닐 불,아닐 불,
7급II,99,2022-11-26,32,hunum,다음 漢字의 訓과 音을 쓰세요.,海,海,,바다 해,바다 해,
7급II,99,2022-11-26,33,hunum,다음 漢字의 訓과 音을 쓰세요.,校,校,,학교 교,학교 교,
7급II,99,2022-11-26,34,hunum,다음 漢字의 訓과 音을 쓰세요.,先,先,,먼저 선,먼저 선,
7급II,99,2022-11-26,35,hunum,다음 漢字의 訓과 音을 쓰세요.,姓,姓,,성 성,성 성,
7급II,99,2022-11-26,36,hunum,다음 漢字의 訓과 音을 쓰세요.,答,答,,대답 답,대답 답,
7급II,99,2022-11-26,37,hunum,다음 漢字의 訓과 音을 쓰세요.,韓,韓,,한국/나라 한,한국/나라 한,
7급II,99,2022-11-26,38,hunum,다음 漢字의 訓과 音을 쓰세요.,五,五,,다섯 오,다섯 오,
7급II,99,2022-11-26,39,hunum,다음 漢字의 訓과 音을 쓰세요.,二,二,,두 이,두 이,
7급II,99,2022-11-26,40,hunum,다음 漢字의 訓과 音을 쓰세요.,話,話,,말씀 화,말씀 화,
7급II,99,2022-11-26,41,hunum,다음 漢字의 訓과 音을 쓰세요.,萬,萬,,일만 만,일만 만,
7급II,99,2022-11-26,42,hunum,다음 漢字의 訓과 音을 쓰세요.,九,九,,아홉 구,아홉 구,
7급II,99,2022-11-26,43,select_hanjaeo,다음 밑줄 친 漢字語를 <보기>에서 찾아 그 번호를 쓰세요.,이번 경기의 승패는 선수들의 정신력이 좌우할 것입니다.,좌우,"[""① 長足"", ""② 名門"", ""③ 安全"", ""④ 左右""]",④,左右,
7급II,99,2022-11-26,44,select_hanjaeo,다음 밑줄 친 漢字語를 <보기>에서 찾아 그 번호를 쓰세요.,우리 학교는 야구 명문으로 널 리 알려져 있습니다.,명문,"[""① 長足"", ""② 名門"", ""③ 安全"", ""④ 左右""]",②,名門,
7급II,99,2022-11-26,45,select_hanja,다음 訓과 音에 맞는 漢字를 <보기>에서 찾아 그 번호를 쓰세요.,곧을 직,곧을 직,"[""① 北"", ""② 家"", ""③ 六"", ""④ 男"", ""⑤ 平"", ""⑥ 每"", ""⑦ 西"", ""⑧ 土"", ""⑨ 直"", ""⑩ 木""]",⑨,直,
7급II,99,2022-11-26,46,select_hanja,다음 訓과 音에 맞는 漢字를 <보기>에서 찾아 그 번호를 쓰세요.,평평할 평,평평할 평,"[""① 北"", ""② 家"", ""③ 六"", ""④ 男"", ""⑤ 平"", ""⑥ 每"", ""⑦ 西"", ""⑧ 土"", ""⑨ 直"", ""⑩ 木""]",⑤,平,
7급II,99,2022-11-26,47,select_hanja,다음 訓과 音에 맞는 漢字를 <보기>에서 찾아 그 번호를 쓰세요.,사내 남,사내 남,"[""① 北"", ""② 家"", ""③ 六"", ""④ 男"", ""⑤ 平"", ""⑥ 每"", ""⑦ 西"", ""⑧ 土"", ""⑨ 直"", ""⑩ 木""]",④,男,
7급II,99,2022-11-26,48,select_hanja,다음 訓과 音에 맞는 漢字를 <보기>에서 찾아 그 번호를 쓰세요.,매양 매,매양 매,"[""① 北"", ""② 家"", ""③ 六"", ""④ 男"", ""⑤ 平"", ""⑥ 每"", ""⑦ 西"", ""⑧ 土"", ""⑨ 直"", ""⑩ 木""]",⑥,每,
7급II,99,2022-11-26,49,select_hanja,다음 訓과 音에 맞는 漢字를 <보기>에서 찾아 그 번호를 쓰세요.,집 가,집 가,"[""① 北"", ""② 家"", ""③ 六"", ""④ 男"", ""⑤ 平"", ""⑥ 每"", ""⑦ 西"", ""⑧ 土"", ""⑨ 直"", ""⑩ 木""]",②,家,
7급II,99,2022-11-26,50,select_hanja,다음 訓과 音에 맞는 漢字를 <보기>에서 찾아 그 번호를 쓰세요.,나무 목,나무 목,"[""① 北"", ""② 家"", ""③ 六"", ""④ 男"", ""⑤ 平"", ""⑥ 每"", ""⑦ 西"", ""⑧ 土"", ""⑨ 直"", ""⑩ 木""]",⑩,木,
7급II,99,2022-11-26,51,select_hanja,다음 訓과 音에 맞는 漢字를 <보기>에서 찾아 그 번호를 쓰세요.,북녘 북 | 달아날 배,북녘 북 | 달아날 배,"[""① 北"", ""② 家"", ""③ 六"", ""④ 男"", ""⑤ 平"", ""⑥ 每"", ""⑦ 西"", ""⑧ 土"", ""⑨ 直"", ""⑩ 木""]",①,北,
7급II,99,2022-11-26,52,select_hanja,다음 訓과 音에 맞는 漢字를 <보기>에서 찾아 그 번호를 쓰세요.,흙 토,흙 토,"[""① 北"", ""② 家"", ""③ 六"", ""④ 男"", ""⑤ 平"", ""⑥ 每"", ""⑦ 西"", ""⑧ 土"", ""⑨ 直"", ""⑩ 木""]",⑧,土,
7급II,99,2022-11-26,53,select_hanja,다음 訓과 音에 맞는 漢字를 <보기>에서 찾아 그 번호를 쓰세요.,서녘 서,서녘 서,"[""① 北"", ""② 家"", ""③ 六"", ""④ 男"", ""⑤ 平"", ""⑥ 每"", ""⑦ 西"", ""⑧ 土"", ""⑨ 直"", ""⑩ 木""]",⑦,西,
7급II,99,2022-11-26,54,select_hanja,다음 訓과 音에 맞는 漢字를 <보기>에서 찾아 그 번호를 쓰세요.,여섯 륙,여섯 륙,"[""① 北"", ""② 家"", ""③ 六"", ""④ 男"", ""⑤ 平"", ""⑥ 每"", ""⑦ 西"", ""⑧ 土"", ""⑨ 直"", ""⑩ 木""]",③,六,
7급II,99,2022-11-26,55,banui_select,다음 漢字의 상대(또는 반대)되는 漢字를 <보기>에서 골라 그 번호를 쓰세요.,( ) ↔ 子,( ) ↔ 子,"[""① 王"", ""② 父"", ""③ 小"", ""④ 金""]",②,父,
7급II,99,2022-11-26,56,banui_select,다음 漢字의 상대(또는 반대)되는 漢字를 <보기>에서 골라 그 번호를 쓰세요.,大 ↔ ( ),大 ↔ ( ),"[""① 王"", ""② 父"", ""③ 小"", ""④ 金""]",③,小,
7급II,99,2022-11-26,57,mean_select,다음 뜻에 맞는 漢字語를 <보기>에서 찾아 그 번호를 쓰세요.,남에게 의지하지 않고 스스로 섬.,,"[""① 電動"", ""② 空食"", ""③ 軍事"", ""④ 自立""]",④,自立,
7급II,99,2022-11-26,58,mean_select,다음 뜻에 맞는 漢字語를 <보기>에서 찾아 그 번호를 쓰세요.,전기로 움직임.,,"[""① 電動"", ""② 空食"", ""③ 軍事"", ""④ 自立""]",①,電動,
7급II,99,2022-11-26,59,stroke,다음 漢字의 진하게 표시한 획은 몇 번째 쓰는지 <보기>에서 찾아 그 번호를 쓰세요.,,,"[""① 첫 번째"", ""② 두 번째"", ""③ 세 번째"", ""④ 네 번째"", ""⑤ 다섯 번째"", ""⑥ 여섯 번째"", ""⑦ 일곱 번째"", ""⑧ 여덟 번째"", ""⑨ 아홉 번째"", ""⑩ 열 번째""]",④,네 번째,exam-strokes/stroke_7ii_99_59.png
7급II,99,2022-11-26,60,stroke,다음 漢字의 진하게 표시한 획은 몇 번째 쓰는지 <보기>에서 찾아 그 번호를 쓰세요.,,,"[""① 첫 번째"", ""② 두 번째"", ""③ 세 번째"", ""④ 네 번째"", ""⑤ 다섯 번째"", ""⑥ 여섯 번째"", ""⑦ 일곱 번째"", ""⑧ 여덟 번째"", ""⑨ 아홉 번째"", ""⑩ 열 번째""]",⑨,아홉 번째,exam-strokes/stroke_7ii_99_60.png
7급II,100,2023-02-25,1,dokum,다음 밑줄 친 漢字語의 音을 쓰세요.,그 백화점의 개점 시간은 午前 10시입니다.,午前,,오전,오전,
7급II,100,2023-02-25,2,dokum,다음 밑줄 친 漢字語의 音을 쓰세요.,西海의 바다색은 황색이라 황해 라고 부릅니다.,西海,,서해,서해,
7급II,100,2023-02-25,3,dokum,다음 밑줄 친 漢字語의 音을 쓰세요.,3학년 2반 先生님은 학생들 사 이에서 인기가 대단했습니다.,先生,,선생,선생,
7급II,100,2023-02-25,4,dokum,다음 밑줄 친 漢字語의 音을 쓰세요.,날마다 그날그날 겪은 일이나 생각 따위를 적는 기록을 日記 라고 합니다.,日記,,일기,일기,
7급II,100,2023-02-25,5,dokum,다음 밑줄 친 漢字語의 音을 쓰세요.,백두산은 北韓에서 가장 높은 산입니다.,北韓,,북한,북한,
7급II,100,2023-02-25,6,dokum,다음 밑줄 친 漢字語의 音을 쓰세요.,그 집 兄弟는 우애가 깊기로 소 문이 났습니다.,兄弟,,형제,형제,
7급II,100,2023-02-25,7,dokum,다음 밑줄 친 漢字語의 音을 쓰세요.,우리나라는 三國시대가 있었습 니다.,三國,,삼국,삼국,
7급II,100,2023-02-25,8,dokum,다음 밑줄 친 漢字語의 音을 쓰세요.,철수는 孝子라서 어머니를 생각 하는 마음이 남다릅니다.,孝子,,효자,효자,
7급II,100,2023-02-25,9,dokum,다음 밑줄 친 漢字語의 音을 쓰세요.,날짜와 時間은 분명한데 모이는 장소를 알 수가 없습니다.,時間,,시간,시간,
7급II,100,2023-02-25,10,dokum,다음 밑줄 친 漢字語의 音을 쓰세요.,우리 학교 校門에서 멀지 않은 곳에 유명한 학원이 있습니다.,校門,,교문,교문,
7급II,100,2023-02-25,11,dokum,다음 밑줄 친 漢字語의 音을 쓰세요.,農民에게 토지란 생명과도 같 은 것입니다.,農民,,농민,농민,
7급II,100,2023-02-25,12,dokum,다음 밑줄 친 漢字語의 音을 쓰세요.,선생님은 敎室에 혼자 계셨습 니다.,敎室,,교실,교실,
7급II,100,2023-02-25,13,dokum,다음 밑줄 친 漢字語의 音을 쓰세요.,저녁 食事로 국수를 먹었습니다.,食事,,식사,식사,
7급II,100,2023-02-25,14,dokum,다음 밑줄 친 漢字語의 音을 쓰세요.,밤이 되자 四方이 깜깜해졌습 니다.,四方,,사방,사방,
7급II,100,2023-02-25,15,dokum,다음 밑줄 친 漢字語의 音을 쓰세요.,올해의 배 수확량은 平年보다 많습니다.,平年,,평년,평년,
7급II,100,2023-02-25,16,dokum,다음 밑줄 친 漢字語의 音을 쓰세요.,每月 25일은 월급날입니다.,每月,,매월,매월,
7급II,100,2023-02-25,17,dokum,다음 밑줄 친 漢字語의 音을 쓰세요.,철수가 마음에 새겨 두고 있는 좌우명은 正直입니다.,正直,,정직,정직,
7급II,100,2023-02-25,18,dokum,다음 밑줄 친 漢字語의 音을 쓰세요.,이 물건을 七萬원에 팝니다.,七萬,,칠만,칠만,
7급II,100,2023-02-25,19,dokum,다음 밑줄 친 漢字語의 音을 쓰세요.,그는 市場에서 필요한 물건을 사서 집으로 돌아왔습니다.,市場,,시장,시장,
7급II,100,2023-02-25,20,dokum,다음 밑줄 친 漢字語의 音을 쓰세요.,전망대에서는 東南으로 흐르는 강줄기가 다 보였습니다.,東南,,동남,동남,
7급II,100,2023-02-25,21,dokum,다음 밑줄 친 漢字語의 音을 쓰세요.,밤사이 온 世上에 하얗게 눈이 내렸습니다.,世上,,세상,세상,
7급II,100,2023-02-25,22,dokum,다음 밑줄 친 漢字語의 音을 쓰세요.,컴퓨터가 고장이 나 二十일까 지 해야 할 일을 못했습니다.,二十,,이십,이십,
7급II,100,2023-02-25,23,hunum,다음 漢字의 訓과 音을 쓰세요.,中,中,,가운데 중,가운데 중,
7급II,100,2023-02-25,24,hunum,다음 漢字의 訓과 音을 쓰세요.,答,答,,대답 답,대답 답,
7급II,100,2023-02-25,25,hunum,다음 漢字의 訓과 音을 쓰세요.,水,水,,물 수,물 수,
7급II,100,2023-02-25,26,hunum,다음 漢字의 訓과 音을 쓰세요.,王,王,,임금 왕,임금 왕,
7급II,100,2023-02-25,27,hunum,다음 漢字의 訓과 音을 쓰세요.,安,安,,편안 안,편안 안,
7급II,100,2023-02-25,28,hunum,다음 漢字의 訓과 音을 쓰세요.,五,五,,다섯 오,다섯 오,
7급II,100,2023-02-25,29,hunum,다음 漢字의 訓과 音을 쓰세요.,活,活,,살 활,살 활,
7급II,100,2023-02-25,30,hunum,다음 漢字의 訓과 音을 쓰세요.,下,下,,아래 하,아래 하,
7급II,100,2023-02-25,31,hunum,다음 漢字의 訓과 音을 쓰세요.,土,土,,흙 토,흙 토,
7급II,100,2023-02-25,32,hunum,다음 漢字의 訓과 音을 쓰세요.,全,全,,온전 전,온전 전,
7급II,100,2023-02-25,33,hunum,다음 漢字의 訓과 音을 쓰세요.,不,不,,아닐 불/부,아닐 불/부,
7급II,100,2023-02-25,34,hunum,다음 漢字의 訓과 音을 쓰세요.,車,車,,수레 거/차,수레 거/차,
7급II,100,2023-02-25,35,hunum,다음 漢字의 訓과 音을 쓰세요.,氣,氣,,기운 기,기운 기,
7급II,100,2023-02-25,36,hunum,다음 漢字의 訓과 音을 쓰세요.,九,九,,아홉 구,아홉 구,
7급II,100,2023-02-25,37,hunum,다음 漢字의 訓과 音을 쓰세요.,力,力,,힘 력,힘 력,
7급II,100,2023-02-25,38,hunum,다음 漢字의 訓과 音을 쓰세요.,大,大,,큰 대,큰 대,
7급II,100,2023-02-25,39,hunum,다음 漢字의 訓과 音을 쓰세요.,靑,靑,,푸를 청,푸를 청,
7급II,100,2023-02-25,40,hunum,다음 漢字의 訓과 音을 쓰세요.,白,白,,흰 백,흰 백,
7급II,100,2023-02-25,41,hunum,다음 漢字의 訓과 音을 쓰세요.,學,學,,배울 학,배울 학,
7급II,100,2023-02-25,42,hunum,다음 漢字의 訓과 音을 쓰세요.,內,內,,안 내,안 내,
7급II,100,2023-02-25,43,select_hanjaeo,다음 밑줄 친 漢字語를 <보기>에서 찾아 그 번호를 쓰세요.,이 집은 자개 공예에 있어서는 명가로 통합니다.,명가,"[""① 名家"", ""② 六寸"", ""③ 電話"", ""④ 漢江""]",①,名家,
7급II,100,2023-02-25,44,select_hanjaeo,다음 밑줄 친 漢字語를 <보기>에서 찾아 그 번호를 쓰세요.,지난 주말에 한강에서 유람선 을 타고 놀았습니다.,한강,"[""① 名家"", ""② 六寸"", ""③ 電話"", ""④ 漢江""]",④,漢江,
7급II,100,2023-02-25,45,select_hanja,다음 訓과 音에 맞는 漢字를 <보기>에서 찾아 그 번호를 쓰세요.,쇠 금/성 김,쇠 금/성 김,"[""① 一"", ""② 火"", ""③ 物"", ""④ 空"", ""⑤ 金"", ""⑥ 小"", ""⑦ 長"", ""⑧ 木"", ""⑨ 姓"", ""⑩ 後""]",⑤,金,
7급II,100,2023-02-25,46,select_hanja,다음 訓과 音에 맞는 漢字를 <보기>에서 찾아 그 번호를 쓰세요.,성 성,성 성,"[""① 一"", ""② 火"", ""③ 物"", ""④ 空"", ""⑤ 金"", ""⑥ 小"", ""⑦ 長"", ""⑧ 木"", ""⑨ 姓"", ""⑩ 後""]",⑨,姓,
7급II,100,2023-02-25,47,select_hanja,다음 訓과 音에 맞는 漢字를 <보기>에서 찾아 그 번호를 쓰세요.,긴 장,긴 장,"[""① 一"", ""② 火"", ""③ 物"", ""④ 空"", ""⑤ 金"", ""⑥ 小"", ""⑦ 長"", ""⑧ 木"", ""⑨ 姓"", ""⑩ 後""]",⑦,長,
7급II,100,2023-02-25,48,select_hanja,다음 訓과 音에 맞는 漢字를 <보기>에서 찾아 그 번호를 쓰세요.,물건 물,물건 물,"[""① 一"", ""② 火"", ""③ 物"", ""④ 空"", ""⑤ 金"", ""⑥ 小"", ""⑦ 長"", ""⑧ 木"", ""⑨ 姓"", ""⑩ 後""]",③,物,
7급II,100,2023-02-25,49,select_hanja,다음 訓과 音에 맞는 漢字를 <보기>에서 찾아 그 번호를 쓰세요.,작을 소,작을 소,"[""① 一"", ""② 火"", ""③ 物"", ""④ 空"", ""⑤ 金"", ""⑥ 小"", ""⑦ 長"", ""⑧ 木"", ""⑨ 姓"", ""⑩ 後""]",⑥,小,
7급II,100,2023-02-25,50,select_hanja,다음 訓과 音에 맞는 漢字를 <보기>에서 찾아 그 번호를 쓰세요.,한 일,한 일,"[""① 一"", ""② 火"", ""③ 物"", ""④ 空"", ""⑤ 金"", ""⑥ 小"", ""⑦ 長"", ""⑧ 木"", ""⑨ 姓"", ""⑩ 後""]",①,一,
7급II,100,2023-02-25,51,select_hanja,다음 訓과 音에 맞는 漢字를 <보기>에서 찾아 그 번호를 쓰세요.,불 화,불 화,"[""① 一"", ""② 火"", ""③ 物"", ""④ 空"", ""⑤ 金"", ""⑥ 小"", ""⑦ 長"", ""⑧ 木"", ""⑨ 姓"", ""⑩ 後""]",②,火,
7급II,100,2023-02-25,52,select_hanja,다음 訓과 音에 맞는 漢字를 <보기>에서 찾아 그 번호를 쓰세요.,뒤 후,뒤 후,"[""① 一"", ""② 火"", ""③ 物"", ""④ 空"", ""⑤ 金"", ""⑥ 小"", ""⑦ 長"", ""⑧ 木"", ""⑨ 姓"", ""⑩ 後""]",⑩,後,
7급II,100,2023-02-25,53,select_hanja,다음 訓과 音에 맞는 漢字를 <보기>에서 찾아 그 번호를 쓰세요.,나무 목,나무 목,"[""① 一"", ""② 火"", ""③ 物"", ""④ 空"", ""⑤ 金"", ""⑥ 小"", ""⑦ 長"", ""⑧ 木"", ""⑨ 姓"", ""⑩ 後""]",⑧,木,
7급II,100,2023-02-25,54,select_hanja,다음 訓과 音에 맞는 漢字를 <보기>에서 찾아 그 번호를 쓰세요.,빌 공,빌 공,"[""① 一"", ""② 火"", ""③ 物"", ""④ 空"", ""⑤ 金"", ""⑥ 小"", ""⑦ 長"", ""⑧ 木"", ""⑨ 姓"", ""⑩ 後""]",④,空,
7급II,100,2023-02-25,55,banui_select,다음 漢字의 상대(또는 반대)되는 漢字를 <보기>에서 골라 그 번호를 쓰세요.,( ) → 女,( ) → 女,"[""① 右"", ""② 工"", ""③ 男"", ""④ 軍""]",③,男,
7급II,100,2023-02-25,56,banui_select,다음 漢字의 상대(또는 반대)되는 漢字를 <보기>에서 골라 그 번호를 쓰세요.,左 → ( ),左 → ( ),"[""① 右"", ""② 工"", ""③ 男"", ""④ 軍""]",①,右,
7급II,100,2023-02-25,57,mean_select,다음 뜻에 맞는 漢字語를 <보기>에서 찾아 그 번호를 쓰세요.,사람이 다니는 길,,"[""① 父母"", ""② 手足"", ""③ 自立"", ""④ 人道""]",④,人道,
7급II,100,2023-02-25,58,mean_select,다음 뜻에 맞는 漢字語를 <보기>에서 찾아 그 번호를 쓰세요.,손과 발,,"[""① 父母"", ""② 手足"", ""③ 自立"", ""④ 人道""]",②,手足,
7급II,100,2023-02-25,59,stroke,다음 漢字의 진하게 표시한 획은 몇 번째 쓰는지 <보기>에서 찾아 그 번호를 쓰세요.,,,"[""① 첫 번째"", ""② 두 번째"", ""③ 세 번째"", ""④ 네 번째"", ""⑤ 다섯 번째"", ""⑥ 여섯 번째"", ""⑦ 일곱 번째"", ""⑧ 여덟 번째"", ""⑨ 아홉 번째"", ""⑩ 열 번째""]",⑩,열 번째,exam-strokes/stroke_7ii_100_59.png
7급II,100,2023-02-25,60,stroke,다음 漢字의 진하게 표시한 획은 몇 번째 쓰는지 <보기>에서 찾아 그 번호를 쓰세요.,,,"[""① 첫 번째"", ""② 두 번째"", ""③ 세 번째"", ""④ 네 번째"", ""⑤ 다섯 번째"", ""⑥ 여섯 번째"", ""⑦ 일곱 번째"", ""⑧ 여덟 번째"", ""⑨ 아홉 번째"", ""⑩ 열 번째""]",③,세 번째,exam-strokes/stroke_7ii_100_60.png
7급II,101,2023-06-03,1,dokum,다음 밑줄 친 漢字語의 音을 쓰세요.,이번 전시회에서는 세계적인 大家들의 작품을 볼 수 있습니다.,大家,,대가,대가,
7급II,101,2023-06-03,2,dokum,다음 밑줄 친 漢字語의 音을 쓰세요.,핵무기는 인류의 安全에 큰 위 협이 됩니다.,安全,,안전,안전,
7급II,101,2023-06-03,3,dokum,다음 밑줄 친 漢字語의 音을 쓰세요.,하늘로 솟구친 비행기가 水平을 유지하였습니다.,水平,,수평,수평,
7급II,101,2023-06-03,4,dokum,다음 밑줄 친 漢字語의 音을 쓰세요.,산업 단지에 많은 工場들이 들 어섰습니다.,工場,,공장,공장,
7급II,101,2023-06-03,5,dokum,다음 밑줄 친 漢字語의 音을 쓰세요.,곡식 한 알 한 알에 農民들의 땀방울이 묻어있습니다.,農民,,농민,농민,
7급II,101,2023-06-03,6,dokum,다음 밑줄 친 漢字語의 音을 쓰세요.,아침에 맑던 하늘이 午後가 되 면서 흐려졌습니다.,午後,,오후,오후,
7급II,101,2023-06-03,7,dokum,다음 밑줄 친 漢字語의 音을 쓰세요.,마을은 四方이 산으로 둘러싸여 아늑합니다.,四方,,사방,사방,
7급II,101,2023-06-03,8,dokum,다음 밑줄 친 漢字語의 音을 쓰세요.,아버지께서는 자랑스러운 대한 민국 軍人이십니다.,軍人,,군인,군인,
7급II,101,2023-06-03,9,dokum,다음 밑줄 친 漢字語의 音을 쓰세요.,봄 가뭄으로 空氣가 매우 건조 합니다.,空氣,,공기,공기,
7급II,101,2023-06-03,10,dokum,다음 밑줄 친 漢字語의 音을 쓰세요.,白金은 장식품뿐만 아니라 치 료용으로도 사용됩니다.,白金,,백금,백금,
7급II,101,2023-06-03,11,dokum,다음 밑줄 친 漢字語의 音을 쓰세요.,천년萬年 사는 사람은 아무도 없습니다.,萬年,,만년,만년,
7급II,101,2023-06-03,12,dokum,다음 밑줄 친 漢字語의 音을 쓰세요.,車道를 건널 때는 반드시 좌우 를 살펴 안전을 확인합니다.,車道,,차도,차도,
7급II,101,2023-06-03,13,dokum,다음 밑줄 친 漢字語의 音을 쓰세요.,마법에 걸린 王子는 야수가 되 었습니다.,王子,,왕자,왕자,
7급II,101,2023-06-03,14,dokum,다음 밑줄 친 漢字語의 音을 쓰세요.,조선시대에 천주교를 西學이라 고 하였습니다.,西學,,서학,서학,
7급II,101,2023-06-03,15,dokum,다음 밑줄 친 漢字語의 音을 쓰세요.,동생이 조심스럽게 左右를 살 피며 찻길을 건넜습니다.,左右,,좌우,좌우,
7급II,101,2023-06-03,16,dokum,다음 밑줄 친 漢字語의 音을 쓰세요.,그는 正直하고 청렴한 선비였 습니다.,正直,,정직,정직,
7급II,101,2023-06-03,17,dokum,다음 밑줄 친 漢字語의 音을 쓰세요.,날이 어두워 事物을 제대로 분 간할 수 없습니다.,事物,,사물,사물,
7급II,101,2023-06-03,18,dokum,다음 밑줄 친 漢字語의 音을 쓰세요.,영수는 時間이 날 때마다 책을 읽었습니다.,時間,,시간,시간,
7급II,101,2023-06-03,19,dokum,다음 밑줄 친 漢字語의 音을 쓰세요.,옆집 할머니는 每日 아침마다 골목길 청소를 하십니다.,每日,,매일,매일,
7급II,101,2023-06-03,20,dokum,다음 밑줄 친 漢字語의 音을 쓰세요.,中東 지역은 세계적인 석유 생 산 지역입니다.,中東,,중동,중동,
7급II,101,2023-06-03,21,dokum,다음 밑줄 친 漢字語의 音을 쓰세요.,내일은 校內 합창 대회가 있는 날입니다.,校內,,교내,교내,
7급II,101,2023-06-03,22,dokum,다음 밑줄 친 漢字語의 音을 쓰세요.,"식물의 生長에는 물, 햇빛, 온 도가 필요합니다.",生長,,생장,생장,
7급II,101,2023-06-03,23,hunum,다음 漢字의 訓과 音을 쓰세요.,靑,靑,,푸를 청,푸를 청,
7급II,101,2023-06-03,24,hunum,다음 漢字의 訓과 音을 쓰세요.,火,火,,불 화,불 화,
7급II,101,2023-06-03,25,hunum,다음 漢字의 訓과 音을 쓰세요.,八,八,,여덟 팔,여덟 팔,
7급II,101,2023-06-03,26,hunum,다음 漢字의 訓과 音을 쓰세요.,月,月,,달 월,달 월,
7급II,101,2023-06-03,27,hunum,다음 漢字의 訓과 音을 쓰세요.,十,十,,열 십,열 십,
7급II,101,2023-06-03,28,hunum,다음 漢字의 訓과 音을 쓰세요.,南,南,,남녘 남,남녘 남,
7급II,101,2023-06-03,29,hunum,다음 漢字의 訓과 音을 쓰세요.,答,答,,대답 답,대답 답,
7급II,101,2023-06-03,30,hunum,다음 漢字의 訓과 音을 쓰세요.,海,海,,바다 해,바다 해,
7급II,101,2023-06-03,31,hunum,다음 漢字의 訓과 音을 쓰세요.,父,父,,아비 부,아비 부,
7급II,101,2023-06-03,32,hunum,다음 漢字의 訓과 音을 쓰세요.,姓,姓,,성 성,성 성,
7급II,101,2023-06-03,33,hunum,다음 漢字의 訓과 音을 쓰세요.,弟,弟,,아우 제,아우 제,
7급II,101,2023-06-03,34,hunum,다음 漢字의 訓과 音을 쓰세요.,先,先,,먼저 선,먼저 선,
7급II,101,2023-06-03,35,hunum,다음 漢字의 訓과 音을 쓰세요.,寸,寸,,마디 촌,마디 촌,
7급II,101,2023-06-03,36,hunum,다음 漢字의 訓과 音을 쓰세요.,外,外,,바깥 외,바깥 외,
7급II,101,2023-06-03,37,hunum,다음 漢字의 訓과 音을 쓰세요.,漢,漢,,한수/한나라 한,한수/한나라 한,
7급II,101,2023-06-03,38,hunum,다음 漢字의 訓과 音을 쓰세요.,北,北,,북녘 북 | 달아날 배,북녘 북 | 달아날 배,
7급II,101,2023-06-03,39,hunum,다음 漢字의 訓과 音을 쓰세요.,九,九,,아홉 구,아홉 구,
7급II,101,2023-06-03,40,hunum,다음 漢字의 訓과 音을 쓰세요.,五,五,,다섯 오,다섯 오,
7급II,101,2023-06-03,41,hunum,다음 漢字의 訓과 音을 쓰세요.,土,土,,흙 토,흙 토,
7급II,101,2023-06-03,42,hunum,다음 漢字의 訓과 音을 쓰세요.,七,七,,일곱 칠,일곱 칠,
7급II,101,2023-06-03,43,select_hanjaeo,다음 밑줄 친 漢字語를 <보기>에서 찾아 그 번호를 쓰세요.,올빼미는 밤에 활동을 하는 야 행성 동물입니다.,활동,"[""① 電力"", ""② 韓食"", ""③ 活動"", ""④ 世上""]",③,活動,
7급II,101,2023-06-03,44,select_hanjaeo,다음 밑줄 친 漢字語를 <보기>에서 찾아 그 번호를 쓰세요.,세상은 우리의 생각보다 훨씬 넓고 복잡합니다.,세상,"[""① 電力"", ""② 韓食"", ""③ 活動"", ""④ 世上""]",④,世上,
7급II,101,2023-06-03,45,select_hanja,다음 訓과 音에 맞는 漢字를 <보기>에서 찾아 그 번호를 쓰세요.,아래 하,아래 하,"[""① 兄"", ""② 三"", ""③ 母"", ""④ 下"", ""⑤ 六"", ""⑥ 室"", ""⑦ 前"", ""⑧ 木"", ""⑨ 小"", ""⑩ 敎""]",④,下,
7급II,101,2023-06-03,46,select_hanja,다음 訓과 音에 맞는 漢字를 <보기>에서 찾아 그 번호를 쓰세요.,석 삼,석 삼,"[""① 兄"", ""② 三"", ""③ 母"", ""④ 下"", ""⑤ 六"", ""⑥ 室"", ""⑦ 前"", ""⑧ 木"", ""⑨ 小"", ""⑩ 敎""]",②,三,
7급II,101,2023-06-03,47,select_hanja,다음 訓과 音에 맞는 漢字를 <보기>에서 찾아 그 번호를 쓰세요.,앞 전,앞 전,"[""① 兄"", ""② 三"", ""③ 母"", ""④ 下"", ""⑤ 六"", ""⑥ 室"", ""⑦ 前"", ""⑧ 木"", ""⑨ 小"", ""⑩ 敎""]",⑦,前,
7급II,101,2023-06-03,48,select_hanja,다음 訓과 音에 맞는 漢字를 <보기>에서 찾아 그 번호를 쓰세요.,나무 목,나무 목,"[""① 兄"", ""② 三"", ""③ 母"", ""④ 下"", ""⑤ 六"", ""⑥ 室"", ""⑦ 前"", ""⑧ 木"", ""⑨ 小"", ""⑩ 敎""]",⑧,木,
7급II,101,2023-06-03,49,select_hanja,다음 訓과 音에 맞는 漢字를 <보기>에서 찾아 그 번호를 쓰세요.,형 형,형 형,"[""① 兄"", ""② 三"", ""③ 母"", ""④ 下"", ""⑤ 六"", ""⑥ 室"", ""⑦ 前"", ""⑧ 木"", ""⑨ 小"", ""⑩ 敎""]",①,兄,
7급II,101,2023-06-03,50,select_hanja,다음 訓과 音에 맞는 漢字를 <보기>에서 찾아 그 번호를 쓰세요.,가르칠 교,가르칠 교,"[""① 兄"", ""② 三"", ""③ 母"", ""④ 下"", ""⑤ 六"", ""⑥ 室"", ""⑦ 前"", ""⑧ 木"", ""⑨ 小"", ""⑩ 敎""]",⑩,敎,
7급II,101,2023-06-03,51,select_hanja,다음 訓과 音에 맞는 漢字를 <보기>에서 찾아 그 번호를 쓰세요.,집 실,집 실,"[""① 兄"", ""② 三"", ""③ 母"", ""④ 下"", ""⑤ 六"", ""⑥ 室"", ""⑦ 前"", ""⑧ 木"", ""⑨ 小"", ""⑩ 敎""]",⑥,室,
7급II,101,2023-06-03,52,select_hanja,다음 訓과 音에 맞는 漢字를 <보기>에서 찾아 그 번호를 쓰세요.,작을 소,작을 소,"[""① 兄"", ""② 三"", ""③ 母"", ""④ 下"", ""⑤ 六"", ""⑥ 室"", ""⑦ 前"", ""⑧ 木"", ""⑨ 小"", ""⑩ 敎""]",⑨,小,
7급II,101,2023-06-03,53,select_hanja,다음 訓과 音에 맞는 漢字를 <보기>에서 찾아 그 번호를 쓰세요.,어미 모,어미 모,"[""① 兄"", ""② 三"", ""③ 母"", ""④ 下"", ""⑤ 六"", ""⑥ 室"", ""⑦ 前"", ""⑧ 木"", ""⑨ 小"", ""⑩ 敎""]",③,母,
7급II,101,2023-06-03,54,select_hanja,다음 訓과 音에 맞는 漢字를 <보기>에서 찾아 그 번호를 쓰세요.,여섯 륙,여섯 륙,"[""① 兄"", ""② 三"", ""③ 母"", ""④ 下"", ""⑤ 六"", ""⑥ 室"", ""⑦ 前"", ""⑧ 木"", ""⑨ 小"", ""⑩ 敎""]",⑤,六,
7급II,101,2023-06-03,55,banui_select,다음 漢字의 상대(또는 반대)되는 漢字를 <보기>에서 골라 그 번호를 쓰세요.,( ) ↔ 山,( ) ↔ 山,"[""① 江"", ""② 記"", ""③ 市"", ""④ 女""]",①,江,
7급II,101,2023-06-03,56,banui_select,다음 漢字의 상대(또는 반대)되는 漢字를 <보기>에서 골라 그 번호를 쓰세요.,男 ↔ ( ),男 ↔ ( ),"[""① 江"", ""② 記"", ""③ 市"", ""④ 女""]",④,女,
7급II,101,2023-06-03,57,mean_select,다음 뜻에 맞는 漢字語를 <보기>에서 찾아 그 번호를 쓰세요.,스스로 넉넉함을 느낌.,,"[""① 自足"", ""② 國立"", ""③ 名門"", ""④ 手話""]",①,自足,
7급II,101,2023-06-03,58,mean_select,다음 뜻에 맞는 漢字語를 <보기>에서 찾아 그 번호를 쓰세요.,몸짓이나 손짓으로 표현하는 말.,,"[""① 自足"", ""② 國立"", ""③ 名門"", ""④ 手話""]",④,手話,
7급II,101,2023-06-03,59,stroke,다음 漢字의 진하게 표시한 획은 몇 번째 쓰는지 <보기>에서 찾아 그 번호를 쓰세요.,,,"[""① 첫 번째"", ""② 두 번째"", ""③ 세 번째"", ""④ 네 번째"", ""⑤ 다섯 번째"", ""⑥ 여섯 번째"", ""⑦ 일곱 번째"", ""⑧ 여덟 번째"", ""⑨ 아홉 번째"", ""⑩ 열 번째""]",⑦,일곱 번째,exam-strokes/stroke_7ii_101_59.png
7급II,101,2023-06-03,60,stroke,다음 漢字의 진하게 표시한 획은 몇 번째 쓰는지 <보기>에서 찾아 그 번호를 쓰세요.,,,"[""① 첫 번째"", ""② 두 번째"", ""③ 세 번째"", ""④ 네 번째"", ""⑤ 다섯 번째"", ""⑥ 여섯 번째"", ""⑦ 일곱 번째"", ""⑧ 여덟 번째"", ""⑨ 아홉 번째"", ""⑩ 열 번째""]",④,네 번째,exam-strokes/stroke_7ii_101_60.png
7급II,102,2023-08-26,1,dokum,다음 밑줄 친 漢字語의 音을 쓰세요.,2校時에 여러 친구가 발표를 하였습니다.,校時,,교시,교시,
7급II,102,2023-08-26,2,dokum,다음 밑줄 친 漢字語의 音을 쓰세요.,강원도 山間 지역에 눈이 많이 내렸습니다.,山間,,산간,산간,
7급II,102,2023-08-26,3,dokum,다음 밑줄 친 漢字語의 音을 쓰세요.,그 집 정원에는 人工으로 만든 작은 연못이 있습니다.,人工,,인공,인공,
7급II,102,2023-08-26,4,dokum,다음 밑줄 친 漢字語의 音을 쓰세요.,그녀는 아버지를 지극정성으로 모시고 사는 孝女입니다.,孝女,,효녀,효녀,
7급II,102,2023-08-26,5,dokum,다음 밑줄 친 漢字語의 音을 쓰세요.,옛날에는 이 길로 電車가 다녔 다고 합니다.,電車,,전차,전차,
7급II,102,2023-08-26,6,dokum,다음 밑줄 친 漢字語의 音을 쓰세요.,그의 집은 四方이 산으로 둘러 싸여 있습니다.,四方,,사방,사방,
7급II,102,2023-08-26,7,dokum,다음 밑줄 친 漢字語의 音을 쓰세요.,내가 묻는 말에 正直하게 대답 을 하세요.,正直,,정직,정직,
7급II,102,2023-08-26,8,dokum,다음 밑줄 친 漢字語의 音을 쓰세요.,대도시의 大氣 오염은 이미 한 계점에 도달했습니다.,大氣,,대기,대기,
7급II,102,2023-08-26,9,dokum,다음 밑줄 친 漢字語의 音을 쓰세요.,부모님과 함께 安東 하회 마을 을 보러 갔습니다.,安東,,안동,안동,
7급II,102,2023-08-26,10,dokum,다음 밑줄 친 漢字語의 音을 쓰세요.,수희는 고개를 左右로 흔들었 습니다.,左右,,좌우,좌우,
7급II,102,2023-08-26,11,dokum,다음 밑줄 친 漢字語의 音을 쓰세요.,市長은 우리 시의 살림살이를 직접 이끌어 갑니다.,市長,,시장,시장,
7급II,102,2023-08-26,12,dokum,다음 밑줄 친 漢字語의 音을 쓰세요.,신데렐라는 무도회에서 王子님 을 만났습니다.,王子,,왕자,왕자,
7급II,102,2023-08-26,13,dokum,다음 밑줄 친 漢字語의 音을 쓰세요.,이 난에는 본인의 姓名과 주민 번호를 적어야 합니다.,姓名,,성명,성명,
7급II,102,2023-08-26,14,dokum,다음 밑줄 친 漢字語의 音을 쓰세요.,이 마을은 아직도 우물물을 食水 로 사용합니다.,食水,,식수,식수,
7급II,102,2023-08-26,15,dokum,다음 밑줄 친 漢字語의 音을 쓰세요.,이 사진은 옛날 우리 조상들의 生活 모습입니다.,生活,,생활,생활,
7급II,102,2023-08-26,16,dokum,다음 밑줄 친 漢字語의 音을 쓰세요.,이 청자는 우리 家門 대대로 내려오는 것입니다.,家門,,가문,가문,
7급II,102,2023-08-26,17,dokum,다음 밑줄 친 漢字語의 音을 쓰세요.,인간을 萬物의 영장이라고 합 니다.,萬物,,만물,만물,
7급II,102,2023-08-26,18,dokum,다음 밑줄 친 漢字語의 音을 쓰세요.,저는 海軍이 되어 제 고향 바 다를 지키고 싶습니다.,海軍,,해군,해군,
7급II,102,2023-08-26,19,dokum,다음 밑줄 친 漢字語의 音을 쓰세요.,조선 시대는 양반과 平民의 구 분이 엄격했습니다.,平民,,평민,평민,
7급II,102,2023-08-26,20,dokum,다음 밑줄 친 漢字語의 音을 쓰세요.,철수가 모형 비행기를 옥상에 서 空中으로 날렸습니다.,空中,,공중,공중,
7급II,102,2023-08-26,21,dokum,다음 밑줄 친 漢字語의 音을 쓰세요.,태풍이 北上하면서 바람이 세 어졌습니다.,北上,,북상,북상,
7급II,102,2023-08-26,22,dokum,다음 밑줄 친 漢字語의 音을 쓰세요.,할아버지는 거친 땅을 農土로 가꾸었습니다.,農土,,농토,농토,
7급II,102,2023-08-26,23,hunum,다음 漢字의 訓과 音을 쓰세요.,敎,敎,,가르칠 교,가르칠 교,
7급II,102,2023-08-26,24,hunum,다음 漢字의 訓과 音을 쓰세요.,江,江,,강 강,강 강,
7급II,102,2023-08-26,25,hunum,다음 漢字의 訓과 音을 쓰세요.,道,道,,길 도,길 도,
7급II,102,2023-08-26,26,hunum,다음 漢字의 訓과 音을 쓰세요.,五,五,,다섯 오,다섯 오,
7급II,102,2023-08-26,27,hunum,다음 漢字의 訓과 音을 쓰세요.,答,答,,대답 답,대답 답,
7급II,102,2023-08-26,28,hunum,다음 漢字의 訓과 音을 쓰세요.,話,話,,말씀 화,말씀 화,
7급II,102,2023-08-26,29,hunum,다음 漢字의 訓과 音을 쓰세요.,足,足,,발 족,발 족,
7급II,102,2023-08-26,30,hunum,다음 漢字의 訓과 音을 쓰세요.,火,火,,불 화,불 화,
7급II,102,2023-08-26,31,hunum,다음 漢字의 訓과 音을 쓰세요.,男,男,,사내 남,사내 남,
7급II,102,2023-08-26,32,hunum,다음 漢字의 訓과 音을 쓰세요.,西,西,,서녘 서,서녘 서,
7급II,102,2023-08-26,33,hunum,다음 漢字의 訓과 音을 쓰세요.,二,二,,두 이,두 이,
7급II,102,2023-08-26,34,hunum,다음 漢字의 訓과 音을 쓰세요.,自,自,,스스로 자,스스로 자,
7급II,102,2023-08-26,35,hunum,다음 漢字의 訓과 音을 쓰세요.,不,不,,아닐 불,아닐 불,
7급II,102,2023-08-26,36,hunum,다음 漢字의 訓과 音을 쓰세요.,下,下,,아래 하,아래 하,
7급II,102,2023-08-26,37,hunum,다음 漢字의 訓과 音을 쓰세요.,父,父,,아비 부,아비 부,
7급II,102,2023-08-26,38,hunum,다음 漢字의 訓과 音을 쓰세요.,九,九,,아홉 구,아홉 구,
7급II,102,2023-08-26,39,hunum,다음 漢字의 訓과 音을 쓰세요.,六,六,,여섯 륙,여섯 륙,
7급II,102,2023-08-26,40,hunum,다음 漢字의 訓과 音을 쓰세요.,全,全,,온전 전,온전 전,
7급II,102,2023-08-26,41,hunum,다음 漢字의 訓과 音을 쓰세요.,小,小,,작을 소,작을 소,
7급II,102,2023-08-26,42,hunum,다음 漢字의 訓과 音을 쓰세요.,靑,靑,,푸를 청,푸를 청,
7급II,102,2023-08-26,43,select_hanjaeo,다음 밑줄 친 漢字語를 <보기>에서 찾아 그 번호를 쓰세요.,자연환경은 후세에게 물려줄 인류의 재산입니다.,후세,"[""① 三國"", ""② 日記"", ""③ 白金"", ""④ 後世""]",④,後世,
7급II,102,2023-08-26,44,select_hanjaeo,다음 밑줄 친 漢字語를 <보기>에서 찾아 그 번호를 쓰세요.,영희의 일기에는 온통 꽃 그림 만 그려져 있습니다.,일기,"[""① 三國"", ""② 日記"", ""③ 白金"", ""④ 後世""]",②,日記,
7급II,102,2023-08-26,45,select_hanja,다음 訓과 音에 맞는 漢字를 <보기>에서 찾아 그 번호를 쓰세요.,마당 장,마당 장,"[""① 立"", ""② 午"", ""③ 十"", ""④ 母"", ""⑤ 手"", ""⑥ 學"", ""⑦ 先"", ""⑧ 前"", ""⑨ 場"", ""⑩ 木""]",⑨,場,
7급II,102,2023-08-26,46,select_hanja,다음 訓과 音에 맞는 漢字를 <보기>에서 찾아 그 번호를 쓰세요.,배울 학,배울 학,"[""① 立"", ""② 午"", ""③ 十"", ""④ 母"", ""⑤ 手"", ""⑥ 學"", ""⑦ 先"", ""⑧ 前"", ""⑨ 場"", ""⑩ 木""]",⑥,學,
7급II,102,2023-08-26,47,select_hanja,다음 訓과 音에 맞는 漢字를 <보기>에서 찾아 그 번호를 쓰세요.,손 수,손 수,"[""① 立"", ""② 午"", ""③ 十"", ""④ 母"", ""⑤ 手"", ""⑥ 學"", ""⑦ 先"", ""⑧ 前"", ""⑨ 場"", ""⑩ 木""]",⑤,手,
7급II,102,2023-08-26,48,select_hanja,다음 訓과 音에 맞는 漢字를 <보기>에서 찾아 그 번호를 쓰세요.,앞 전,앞 전,"[""① 立"", ""② 午"", ""③ 十"", ""④ 母"", ""⑤ 手"", ""⑥ 學"", ""⑦ 先"", ""⑧ 前"", ""⑨ 場"", ""⑩ 木""]",⑧,前,
7급II,102,2023-08-26,49,select_hanja,다음 訓과 音에 맞는 漢字를 <보기>에서 찾아 그 번호를 쓰세요.,먼저 선,먼저 선,"[""① 立"", ""② 午"", ""③ 十"", ""④ 母"", ""⑤ 手"", ""⑥ 學"", ""⑦ 先"", ""⑧ 前"", ""⑨ 場"", ""⑩ 木""]",⑦,先,
7급II,102,2023-08-26,50,select_hanja,다음 訓과 音에 맞는 漢字를 <보기>에서 찾아 그 번호를 쓰세요.,설 립,설 립,"[""① 立"", ""② 午"", ""③ 十"", ""④ 母"", ""⑤ 手"", ""⑥ 學"", ""⑦ 先"", ""⑧ 前"", ""⑨ 場"", ""⑩ 木""]",①,立,
7급II,102,2023-08-26,51,select_hanja,다음 訓과 音에 맞는 漢字를 <보기>에서 찾아 그 번호를 쓰세요.,어미 모,어미 모,"[""① 立"", ""② 午"", ""③ 十"", ""④ 母"", ""⑤ 手"", ""⑥ 學"", ""⑦ 先"", ""⑧ 前"", ""⑨ 場"", ""⑩ 木""]",④,母,
7급II,102,2023-08-26,52,select_hanja,다음 訓과 音에 맞는 漢字를 <보기>에서 찾아 그 번호를 쓰세요.,나무 목,나무 목,"[""① 立"", ""② 午"", ""③ 十"", ""④ 母"", ""⑤ 手"", ""⑥ 學"", ""⑦ 先"", ""⑧ 前"", ""⑨ 場"", ""⑩ 木""]",⑩,木,
7급II,102,2023-08-26,53,select_hanja,다음 訓과 音에 맞는 漢字를 <보기>에서 찾아 그 번호를 쓰세요.,낮 오,낮 오,"[""① 立"", ""② 午"", ""③ 十"", ""④ 母"", ""⑤ 手"", ""⑥ 學"", ""⑦ 先"", ""⑧ 前"", ""⑨ 場"", ""⑩ 木""]",②,午,
7급II,102,2023-08-26,54,select_hanja,다음 訓과 音에 맞는 漢字를 <보기>에서 찾아 그 번호를 쓰세요.,열 십,열 십,"[""① 立"", ""② 午"", ""③ 十"", ""④ 母"", ""⑤ 手"", ""⑥ 學"", ""⑦ 先"", ""⑧ 前"", ""⑨ 場"", ""⑩ 木""]",③,十,
7급II,102,2023-08-26,55,banui_select,다음 漢字의 상대(또는 반대)되는 漢字를 <보기>에서 골라 그 번호를 쓰세요.,( ) → 弟,( ) → 弟,"[""① 八"", ""② 外"", ""③ 兄"", ""④ 寸""]",③,兄,
7급II,102,2023-08-26,56,banui_select,다음 漢字의 상대(또는 반대)되는 漢字를 <보기>에서 골라 그 번호를 쓰세요.,內 → ( ),內 → ( ),"[""① 八"", ""② 外"", ""③ 兄"", ""④ 寸""]",②,外,
7급II,102,2023-08-26,57,mean_select,다음 뜻에 맞는 漢字語를 <보기>에서 찾아 그 번호를 쓰세요.,하나하나의 모든 일.,,"[""① 七月"", ""② 力動"", ""③ 南韓"", ""④ 每事""]",④,每事,
7급II,102,2023-08-26,58,mean_select,다음 뜻에 맞는 漢字語를 <보기>에서 찾아 그 번호를 쓰세요.,힘차고 활발하게 움직임.,,"[""① 七月"", ""② 力動"", ""③ 南韓"", ""④ 每事""]",②,力動,
7급II,102,2023-08-26,59,stroke,다음 漢字의 진하게 표시한 획은 몇 번째 쓰는지 <보기>에서 찾아 그 번호를 쓰세요.,,,"[""① 첫 번째"", ""② 두 번째"", ""③ 세 번째"", ""④ 네 번째"", ""⑤ 다섯 번째"", ""⑥ 여섯 번째"", ""⑦ 일곱 번째"", ""⑧ 여덟 번째"", ""⑨ 아홉 번째"", ""⑩ 열 번째""]",⑥,여섯 번째,exam-strokes/stroke_7ii_102_59.png
7급II,102,2023-08-26,60,stroke,다음 漢字의 진하게 표시한 획은 몇 번째 쓰는지 <보기>에서 찾아 그 번호를 쓰세요.,,,"[""① 첫 번째"", ""② 두 번째"", ""③ 세 번째"", ""④ 네 번째"", ""⑤ 다섯 번째"", ""⑥ 여섯 번째"", ""⑦ 일곱 번째"", ""⑧ 여덟 번째"", ""⑨ 아홉 번째"", ""⑩ 열 번째""]",④,네 번째,exam-strokes/stroke_7ii_102_60.png
7급II,103,2023-11-11,1,dokum,다음 밑줄 친 漢字語의 音을 쓰세요.,어릴 때 썼던 그림 日記를 다시 읽어보니 새롭습니다.,日記,,일기,일기,
7급II,103,2023-11-11,2,dokum,다음 밑줄 친 漢字語의 音을 쓰세요.,"서양 문물과 함께 천주교가 전 해졌는데, 이를 西學이라고 합 니다.",西學,,서학,서학,
7급II,103,2023-11-11,3,dokum,다음 밑줄 친 漢字語의 音을 쓰세요.,몸집이 작은 제비가 江南까지 날아간다니 놀랍습니다.,江南,,강남,강남,
7급II,103,2023-11-11,4,dokum,다음 밑줄 친 漢字語의 音을 쓰세요.,물을 잘못 삼켜 氣道로 들어갔 는지 갑자기 기침이 납니다.,氣道,,기도,기도,
7급II,103,2023-11-11,5,dokum,다음 밑줄 친 漢字語의 音을 쓰세요.,우리나라는 東北아시아에 있는 한반도에 자리 잡고 있습니다.,東北,,동북,동북,
7급II,103,2023-11-11,6,dokum,다음 밑줄 친 漢字語의 音을 쓰세요.,지난 주말에 우리 가족은 市外 로 드라이브를 나갔습니다.,市外,,시외,시외,
7급II,103,2023-11-11,7,dokum,다음 밑줄 친 漢字語의 音을 쓰세요.,중국의 노래자라는 사람은 나이 七十에도 부모를 즐겁게 해 드 리려 재롱을 떨었다고 합니다.,七十,,칠십,칠십,
7급II,103,2023-11-11,8,dokum,다음 밑줄 친 漢字語의 音을 쓰세요.,버스를 탈 때는 安全한 인도에 서 기다립니다.,安全,,안전,안전,
7급II,103,2023-11-11,9,dokum,다음 밑줄 친 漢字語의 音을 쓰세요.,널뛰기는 음력 正月이나 단오에 여자들이 즐기던 놀이입니다.,正月,,정월,정월,
7급II,103,2023-11-11,10,dokum,다음 밑줄 친 漢字語의 音을 쓰세요.,우리 敎室에는 자그마한 어항 이 있습니다.,敎室,,교실,교실,
7급II,103,2023-11-11,11,dokum,다음 밑줄 친 漢字語의 音을 쓰세요.,"개미는 女王개미, 수개미, 일개 미, 병정개미로 나눠집니다.",女王,,여왕,여왕,
7급II,103,2023-11-11,12,dokum,다음 밑줄 친 漢字語의 音을 쓰세요.,부스럭거리는 소리에 四方을 둘러 보았지만 아무 것도 없었습니다.,四方,,사방,사방,
7급II,103,2023-11-11,13,dokum,다음 밑줄 친 漢字語의 音을 쓰세요.,옛날 農民들은 여러 가지 민속 놀이를 즐겼습니다.,農民,,농민,농민,
7급II,103,2023-11-11,14,dokum,다음 밑줄 친 漢字語의 音을 쓰세요.,우리나라 신생아 수가 每年 줄 어들고 있습니다.,每年,,매년,매년,
7급II,103,2023-11-11,15,dokum,다음 밑줄 친 漢字語의 音을 쓰세요.,영수는 자기가 유리창을 깼다 고 自白했습니다.,自白,,자백,자백,
7급II,103,2023-11-11,16,dokum,다음 밑줄 친 漢字語의 音을 쓰세요.,퇴근 시간 무렵이라 車內가 몹 시 붐볐습니다.,車內,,차내,차내,
7급II,103,2023-11-11,17,dokum,다음 밑줄 친 漢字語의 音을 쓰세요.,電話를 걸 때에는 먼저 자신이 누구인지 밝히는 게 예의입니다.,電話,,전화,전화,
7급II,103,2023-11-11,18,dokum,다음 밑줄 친 漢字語의 音을 쓰세요.,앞집 아저씨는 솜씨 좋은 木手 로 소문이 났습니다.,木手,,목수,목수,
7급II,103,2023-11-11,19,dokum,다음 밑줄 친 漢字語의 音을 쓰세요.,닭갈비와 막국수는 춘천의 名物 입니다.,名物,,명물,명물,
7급II,103,2023-11-11,20,dokum,다음 밑줄 친 漢字語의 音을 쓰세요.,우리 生活은 날씨의 영향을 많 이 받습니다.,生活,,생활,생활,
7급II,103,2023-11-11,21,dokum,다음 밑줄 친 漢字語의 音을 쓰세요.,독서를 통해 얻는 지식은 차곡 차곡 쌓여 世上을 바꾸는 힘이 됩니다.,世上,,세상,세상,
7급II,103,2023-11-11,22,dokum,다음 밑줄 친 漢字語의 音을 쓰세요.,달콤한 間食을 먹으면 기분이 좋아집니다.,間食,,간식,간식,
7급II,103,2023-11-11,23,hunum,다음 漢字의 訓과 音을 쓰세요.,子,子,,아들 자,아들 자,
7급II,103,2023-11-11,24,hunum,다음 漢字의 訓과 音을 쓰세요.,前,前,,앞 전,앞 전,
7급II,103,2023-11-11,25,hunum,다음 漢字의 訓과 音을 쓰세요.,右,右,,오를/오른(쪽) 우,오를/오른(쪽) 우,
7급II,103,2023-11-11,26,hunum,다음 漢字의 訓과 音을 쓰세요.,火,火,,불 화,불 화,
7급II,103,2023-11-11,27,hunum,다음 漢字의 訓과 音을 쓰세요.,五,五,,다섯 오,다섯 오,
7급II,103,2023-11-11,28,hunum,다음 漢字의 訓과 音을 쓰세요.,大,大,,큰 대,큰 대,
7급II,103,2023-11-11,29,hunum,다음 漢字의 訓과 音을 쓰세요.,家,家,,집 가,집 가,
7급II,103,2023-11-11,30,hunum,다음 漢字의 訓과 音을 쓰세요.,場,場,,마당 장,마당 장,
7급II,103,2023-11-11,31,hunum,다음 漢字의 訓과 音을 쓰세요.,九,九,,아홉 구,아홉 구,
7급II,103,2023-11-11,32,hunum,다음 漢字의 訓과 音을 쓰세요.,三,三,,석 삼,석 삼,
7급II,103,2023-11-11,33,hunum,다음 漢字의 訓과 音을 쓰세요.,小,小,,작을 소,작을 소,
7급II,103,2023-11-11,34,hunum,다음 漢字의 訓과 音을 쓰세요.,男,男,,사내 남,사내 남,
7급II,103,2023-11-11,35,hunum,다음 漢字의 訓과 音을 쓰세요.,校,校,,학교 교,학교 교,
7급II,103,2023-11-11,36,hunum,다음 漢字의 訓과 音을 쓰세요.,兄,兄,,형 형,형 형,
7급II,103,2023-11-11,37,hunum,다음 漢字의 訓과 音을 쓰세요.,左,左,,왼 좌,왼 좌,
7급II,103,2023-11-11,38,hunum,다음 漢字의 訓과 音을 쓰세요.,中,中,,가운데 중,가운데 중,
7급II,103,2023-11-11,39,hunum,다음 漢字의 訓과 音을 쓰세요.,土,土,,흙 토,흙 토,
7급II,103,2023-11-11,40,hunum,다음 漢字의 訓과 音을 쓰세요.,足,足,,발 족,발 족,
7급II,103,2023-11-11,41,hunum,다음 漢字의 訓과 音을 쓰세요.,二,二,,두 이,두 이,
7급II,103,2023-11-11,42,hunum,다음 漢字의 訓과 音을 쓰세요.,工,工,,장인 공,장인 공,
7급II,103,2023-11-11,43,select_hanjaeo,다음 밑줄 친 漢字語를 <보기>에서 찾아 그 번호를 쓰세요.,견우와 직녀'는 시공을 초월한 사랑 이야기입니다.,시공,"[""① 軍人"", ""② 時空"", ""③ 水平"", ""④ 六萬""]",②,時空,
7급II,103,2023-11-11,44,select_hanjaeo,다음 밑줄 친 漢字語를 <보기>에서 찾아 그 번호를 쓰세요.,벽에 사진 액자를 걸고 수평을 맞추었습니다.,수평,"[""① 軍人"", ""② 時空"", ""③ 水平"", ""④ 六萬""]",③,水平,
7급II,103,2023-11-11,45,select_hanja,다음 訓과 音에 맞는 漢字를 <보기>에서 찾아 그 번호를 쓰세요.,아닐 불,아닐 불,"[""① 不"", ""② 長"", ""③ 韓"", ""④ 父"", ""⑤ 下"", ""⑥ 靑"", ""⑦ 事"", ""⑧ 午"", ""⑨ 孝"", ""⑩ 姓""]",①,不,
7급II,103,2023-11-11,46,select_hanja,다음 訓과 音에 맞는 漢字를 <보기>에서 찾아 그 번호를 쓰세요.,일 사,일 사,"[""① 不"", ""② 長"", ""③ 韓"", ""④ 父"", ""⑤ 下"", ""⑥ 靑"", ""⑦ 事"", ""⑧ 午"", ""⑨ 孝"", ""⑩ 姓""]",⑦,事,
7급II,103,2023-11-11,47,select_hanja,다음 訓과 音에 맞는 漢字를 <보기>에서 찾아 그 번호를 쓰세요.,성 성,성 성,"[""① 不"", ""② 長"", ""③ 韓"", ""④ 父"", ""⑤ 下"", ""⑥ 靑"", ""⑦ 事"", ""⑧ 午"", ""⑨ 孝"", ""⑩ 姓""]",⑩,姓,
7급II,103,2023-11-11,48,select_hanja,다음 訓과 音에 맞는 漢字를 <보기>에서 찾아 그 번호를 쓰세요.,낮 오,낮 오,"[""① 不"", ""② 長"", ""③ 韓"", ""④ 父"", ""⑤ 下"", ""⑥ 靑"", ""⑦ 事"", ""⑧ 午"", ""⑨ 孝"", ""⑩ 姓""]",⑧,午,
7급II,103,2023-11-11,49,select_hanja,다음 訓과 音에 맞는 漢字를 <보기>에서 찾아 그 번호를 쓰세요.,아래 하,아래 하,"[""① 不"", ""② 長"", ""③ 韓"", ""④ 父"", ""⑤ 下"", ""⑥ 靑"", ""⑦ 事"", ""⑧ 午"", ""⑨ 孝"", ""⑩ 姓""]",⑤,下,
7급II,103,2023-11-11,50,select_hanja,다음 訓과 音에 맞는 漢字를 <보기>에서 찾아 그 번호를 쓰세요.,효도 효,효도 효,"[""① 不"", ""② 長"", ""③ 韓"", ""④ 父"", ""⑤ 下"", ""⑥ 靑"", ""⑦ 事"", ""⑧ 午"", ""⑨ 孝"", ""⑩ 姓""]",⑨,孝,
7급II,103,2023-11-11,51,select_hanja,다음 訓과 音에 맞는 漢字를 <보기>에서 찾아 그 번호를 쓰세요.,아비 부,아비 부,"[""① 不"", ""② 長"", ""③ 韓"", ""④ 父"", ""⑤ 下"", ""⑥ 靑"", ""⑦ 事"", ""⑧ 午"", ""⑨ 孝"", ""⑩ 姓""]",④,父,
7급II,103,2023-11-11,52,select_hanja,다음 訓과 音에 맞는 漢字를 <보기>에서 찾아 그 번호를 쓰세요.,한국/나라 한,한국/나라 한,"[""① 不"", ""② 長"", ""③ 韓"", ""④ 父"", ""⑤ 下"", ""⑥ 靑"", ""⑦ 事"", ""⑧ 午"", ""⑨ 孝"", ""⑩ 姓""]",③,韓,
7급II,103,2023-11-11,53,select_hanja,다음 訓과 音에 맞는 漢字를 <보기>에서 찾아 그 번호를 쓰세요.,긴 장,긴 장,"[""① 不"", ""② 長"", ""③ 韓"", ""④ 父"", ""⑤ 下"", ""⑥ 靑"", ""⑦ 事"", ""⑧ 午"", ""⑨ 孝"", ""⑩ 姓""]",②,長,
7급II,103,2023-11-11,54,select_hanja,다음 訓과 音에 맞는 漢字를 <보기>에서 찾아 그 번호를 쓰세요.,푸를 청,푸를 청,"[""① 不"", ""② 長"", ""③ 韓"", ""④ 父"", ""⑤ 下"", ""⑥ 靑"", ""⑦ 事"", ""⑧ 午"", ""⑨ 孝"", ""⑩ 姓""]",⑥,靑,
7급II,103,2023-11-11,55,banui_select,다음 漢字의 상대(또는 반대)되는 漢字를 <보기>에서 골라 그 번호를 쓰세요.,( ) ↔ 後,( ) ↔ 後,"[""① 海"", ""② 先"", ""③ 門"", ""④ 答""]",②,先,
7급II,103,2023-11-11,56,banui_select,다음 漢字의 상대(또는 반대)되는 漢字를 <보기>에서 골라 그 번호를 쓰세요.,山 ↔ ( ),山 ↔ ( ),"[""① 海"", ""② 先"", ""③ 門"", ""④ 答""]",①,海,
7급II,103,2023-11-11,57,mean_select,다음 뜻에 맞는 漢字語를 <보기>에서 찾아 그 번호를 쓰세요.,꼿꼿하게 바로 섬.,,"[""① 八寸"", ""② 力動"", ""③ 母國"", ""④ 直立""]",④,直立,
7급II,103,2023-11-11,58,mean_select,다음 뜻에 맞는 漢字語를 <보기>에서 찾아 그 번호를 쓰세요.,힘차고 활발하게 움직임.,,"[""① 八寸"", ""② 力動"", ""③ 母國"", ""④ 直立""]",②,力動,
7급II,103,2023-11-11,59,stroke,다음 漢字의 진하게 표시한 획은 몇 번째 쓰는지 <보기>에서 찾아 그 번호를 쓰세요.,,,"[""① 첫 번째"", ""② 두 번째"", ""③ 세 번째"", ""④ 네 번째"", ""⑤ 다섯 번째"", ""⑥ 여섯 번째"", ""⑦ 일곱 번째"", ""⑧ 여덟 번째"", ""⑨ 아홉 번째"", ""⑩ 열 번째""]",⑥,여섯 번째,exam-strokes/stroke_7ii_103_59.png
7급II,103,2023-11-11,60,stroke,다음 漢字의 진하게 표시한 획은 몇 번째 쓰는지 <보기>에서 찾아 그 번호를 쓰세요.,,,"[""① 첫 번째"", ""② 두 번째"", ""③ 세 번째"", ""④ 네 번째"", ""⑤ 다섯 번째"", ""⑥ 여섯 번째"", ""⑦ 일곱 번째"", ""⑧ 여덟 번째"", ""⑨ 아홉 번째"", ""⑩ 열 번째""]",⑦,일곱 번째,exam-strokes/stroke_7ii_103_60.png
7급II,104,2024-02-24,1,dokum,다음 밑줄 친 漢字語의 音을 쓰세요.,올해 수출은 前年에 비해 크게 늘어났습니다.,前年,,전년,전년,
7급II,104,2024-02-24,2,dokum,다음 밑줄 친 漢字語의 音을 쓰세요.,이 길로 쭉 가면 右方에 시청이 나올 겁니다.,右方,,우방,우방,
7급II,104,2024-02-24,3,dokum,다음 밑줄 친 漢字語의 音을 쓰세요.,풍향계를 보니 오늘은 東南풍이 불 것 같습니다.,東南,,동남,동남,
7급II,104,2024-02-24,4,dokum,다음 밑줄 친 漢字語의 音을 쓰세요.,일본은 火山 폭발이 자주 일어 나는 나라입니다.,火山,,화산,화산,
7급II,104,2024-02-24,5,dokum,다음 밑줄 친 漢字語의 音을 쓰세요.,나는 오늘 교회에 五萬 원을 헌 금했습니다.,五萬,,오만,오만,
7급II,104,2024-02-24,6,dokum,다음 밑줄 친 漢字語의 音을 쓰세요.,어머니는 요즘 주부 大學에 다 니십니다.,大學,,대학,대학,
7급II,104,2024-02-24,7,dokum,다음 밑줄 친 漢字語의 音을 쓰세요.,이 처방은 우리 家門에서 대대 로 내려오는 것입니다.,家門,,가문,가문,
7급II,104,2024-02-24,8,dokum,다음 밑줄 친 漢字語의 音을 쓰세요.,누나가 市場에 과일을 사러 갔 습니다.,市場,,시장,시장,
7급II,104,2024-02-24,9,dokum,다음 밑줄 친 漢字語의 音을 쓰세요.,그녀는 國立 기관에서 일하는 공무원입니다.,國立,,국립,국립,
7급II,104,2024-02-24,10,dokum,다음 밑줄 친 漢字語의 音을 쓰세요.,그들 두 사람은 三寸과 조카 사이입니다.,三寸,,삼촌,삼촌,
7급II,104,2024-02-24,11,dokum,다음 밑줄 친 漢字語의 音을 쓰세요.,13세 이하 小人의 입장료는 대 인의 반값입니다.,小人,,소인,소인,
7급II,104,2024-02-24,12,dokum,다음 밑줄 친 漢字語의 音을 쓰세요.,지금부터 校長 선생님의 훈화 가 있겠습니다.,校長,,교장,교장,
7급II,104,2024-02-24,13,dokum,다음 밑줄 친 漢字語의 音을 쓰세요.,"달리기에서 兄弟가 나란히 1, 2 위를 차지했습니다.",兄弟,,형제,형제,
7급II,104,2024-02-24,14,dokum,다음 밑줄 친 漢字語의 音을 쓰세요.,학교와 집의 中間에서 그를 만 나기로 하였습니다.,中間,,중간,중간,
7급II,104,2024-02-24,15,dokum,다음 밑줄 친 漢字語의 音을 쓰세요.,버려진 땅을 개간하여 좋은 農土 로 바꾸었습니다.,農土,,농토,농토,
7급II,104,2024-02-24,16,dokum,다음 밑줄 친 漢字語의 音을 쓰세요.,工事 관계로 보행에 불편을 드 려 죄송합니다.,工事,,공사,공사,
7급II,104,2024-02-24,17,dokum,다음 밑줄 친 漢字語의 音을 쓰세요.,그녀는 항상 午後 일곱 시경에 퇴근을 합니다.,午後,,오후,오후,
7급II,104,2024-02-24,18,dokum,다음 밑줄 친 漢字語의 音을 쓰세요.,그 집 딸은 둘도 없는 孝女라 고 이웃들이 이야기합니다.,孝女,,효녀,효녀,
7급II,104,2024-02-24,19,dokum,다음 밑줄 친 漢字語의 音을 쓰세요.,그는 지금까지 不平 한마디 없 이 성실히 일했습니다.,不平,,불평,불평,
7급II,104,2024-02-24,20,dokum,다음 밑줄 친 漢字語의 音을 쓰세요.,그는 부모님께 下直하고 고향 을 떠나왔습니다.,下直,,하직,하직,
7급II,104,2024-02-24,21,dokum,다음 밑줄 친 漢字語의 音을 쓰세요.,우리 어머니는 每日 저녁 가계 부를 쓰십니다.,每日,,매일,매일,
7급II,104,2024-02-24,22,dokum,다음 밑줄 친 漢字語의 音을 쓰세요.,民生의 안정이야말로 국력의 근본입니다. (사)한국어문회 주관 ․ 한국한자능력검정회 시행,民生,,민생,민생,
7급II,104,2024-02-24,23,hunum,다음 漢字의 訓과 音을 쓰세요.,答,答,,대답 답,대답 답,
7급II,104,2024-02-24,24,hunum,다음 漢字의 訓과 音을 쓰세요.,父,父,,아비 부,아비 부,
7급II,104,2024-02-24,25,hunum,다음 漢字의 訓과 音을 쓰세요.,木,木,,나무 목,나무 목,
7급II,104,2024-02-24,26,hunum,다음 漢字의 訓과 音을 쓰세요.,姓,姓,,성 성,성 성,
7급II,104,2024-02-24,27,hunum,다음 漢字의 訓과 音을 쓰세요.,道,道,,길 도,길 도,
7급II,104,2024-02-24,28,hunum,다음 漢字의 訓과 音을 쓰세요.,自,自,,스스로 자,스스로 자,
7급II,104,2024-02-24,29,hunum,다음 漢字의 訓과 音을 쓰세요.,白,白,,흰 백,흰 백,
7급II,104,2024-02-24,30,hunum,다음 漢字의 訓과 音을 쓰세요.,靑,靑,,푸를 청,푸를 청,
7급II,104,2024-02-24,31,hunum,다음 漢字의 訓과 音을 쓰세요.,金,金,,쇠 금/성 김,쇠 금/성 김,
7급II,104,2024-02-24,32,hunum,다음 漢字의 訓과 音을 쓰세요.,世,世,,인간 세,인간 세,
7급II,104,2024-02-24,33,hunum,다음 漢字의 訓과 音을 쓰세요.,韓,韓,,한국/나라 한,한국/나라 한,
7급II,104,2024-02-24,34,hunum,다음 漢字의 訓과 音을 쓰세요.,物,物,,물건 물,물건 물,
7급II,104,2024-02-24,35,hunum,다음 漢字의 訓과 音을 쓰세요.,月,月,,달 월,달 월,
7급II,104,2024-02-24,36,hunum,다음 漢字의 訓과 音을 쓰세요.,食,食,,밥/먹을 식,밥/먹을 식,
7급II,104,2024-02-24,37,hunum,다음 漢字의 訓과 音을 쓰세요.,氣,氣,,기운 기,기운 기,
7급II,104,2024-02-24,38,hunum,다음 漢字의 訓과 音을 쓰세요.,名,名,,이름 명,이름 명,
7급II,104,2024-02-24,39,hunum,다음 漢字의 訓과 音을 쓰세요.,時,時,,때 시,때 시,
7급II,104,2024-02-24,40,hunum,다음 漢字의 訓과 音을 쓰세요.,安,安,,편안 안,편안 안,
7급II,104,2024-02-24,41,hunum,다음 漢字의 訓과 音을 쓰세요.,四,四,,넉 사,넉 사,
7급II,104,2024-02-24,42,hunum,다음 漢字의 訓과 音을 쓰세요.,母,母,,어미 모,어미 모,
7급II,104,2024-02-24,43,select_hanjaeo,다음 밑줄 친 漢字語를 <보기>에서 찾아 그 번호를 쓰세요.,올해 연극계는 신진들의 활동 이 활발합니다.,활동,"[""① 漢江"", ""② 北西"", ""③ 活動"", ""④ 電話""]",③,活動,
7급II,104,2024-02-24,44,select_hanjaeo,다음 밑줄 친 漢字語를 <보기>에서 찾아 그 번호를 쓰세요.,겨울에는 북서풍의 영향으로 기온이 많이 내려갑니다.,북서,"[""① 漢江"", ""② 北西"", ""③ 活動"", ""④ 電話""]",②,北西,
7급II,104,2024-02-24,45,select_hanja,다음 訓과 音에 맞는 漢字를 <보기>에서 찾아 그 번호를 쓰세요.,두 이,두 이,"[""① 記"", ""② 軍"", ""③ 車"", ""④ 二"", ""⑤ 九"", ""⑥ 王"", ""⑦ 左"", ""⑧ 先"", ""⑨ 全"", ""⑩ 力""]",④,二,
7급II,104,2024-02-24,46,select_hanja,다음 訓과 音에 맞는 漢字를 <보기>에서 찾아 그 번호를 쓰세요.,군사 군,군사 군,"[""① 記"", ""② 軍"", ""③ 車"", ""④ 二"", ""⑤ 九"", ""⑥ 王"", ""⑦ 左"", ""⑧ 先"", ""⑨ 全"", ""⑩ 力""]",②,軍,
7급II,104,2024-02-24,47,select_hanja,다음 訓과 音에 맞는 漢字를 <보기>에서 찾아 그 번호를 쓰세요.,아홉 구,아홉 구,"[""① 記"", ""② 軍"", ""③ 車"", ""④ 二"", ""⑤ 九"", ""⑥ 王"", ""⑦ 左"", ""⑧ 先"", ""⑨ 全"", ""⑩ 力""]",⑤,九,
7급II,104,2024-02-24,48,select_hanja,다음 訓과 音에 맞는 漢字를 <보기>에서 찾아 그 번호를 쓰세요.,온전 전,온전 전,"[""① 記"", ""② 軍"", ""③ 車"", ""④ 二"", ""⑤ 九"", ""⑥ 王"", ""⑦ 左"", ""⑧ 先"", ""⑨ 全"", ""⑩ 力""]",⑨,全,
7급II,104,2024-02-24,49,select_hanja,다음 訓과 音에 맞는 漢字를 <보기>에서 찾아 그 번호를 쓰세요.,임금 왕,임금 왕,"[""① 記"", ""② 軍"", ""③ 車"", ""④ 二"", ""⑤ 九"", ""⑥ 王"", ""⑦ 左"", ""⑧ 先"", ""⑨ 全"", ""⑩ 力""]",⑥,王,
7급II,104,2024-02-24,50,select_hanja,다음 訓과 音에 맞는 漢字를 <보기>에서 찾아 그 번호를 쓰세요.,왼 좌,왼 좌,"[""① 記"", ""② 軍"", ""③ 車"", ""④ 二"", ""⑤ 九"", ""⑥ 王"", ""⑦ 左"", ""⑧ 先"", ""⑨ 全"", ""⑩ 力""]",⑦,左,
7급II,104,2024-02-24,51,select_hanja,다음 訓과 音에 맞는 漢字를 <보기>에서 찾아 그 번호를 쓰세요.,먼저 선,먼저 선,"[""① 記"", ""② 軍"", ""③ 車"", ""④ 二"", ""⑤ 九"", ""⑥ 王"", ""⑦ 左"", ""⑧ 先"", ""⑨ 全"", ""⑩ 力""]",⑧,先,
7급II,104,2024-02-24,52,select_hanja,다음 訓과 音에 맞는 漢字를 <보기>에서 찾아 그 번호를 쓰세요.,힘 력,힘 력,"[""① 記"", ""② 軍"", ""③ 車"", ""④ 二"", ""⑤ 九"", ""⑥ 王"", ""⑦ 左"", ""⑧ 先"", ""⑨ 全"", ""⑩ 力""]",⑩,力,
7급II,104,2024-02-24,53,select_hanja,다음 訓과 音에 맞는 漢字를 <보기>에서 찾아 그 번호를 쓰세요.,기록할 기,기록할 기,"[""① 記"", ""② 軍"", ""③ 車"", ""④ 二"", ""⑤ 九"", ""⑥ 王"", ""⑦ 左"", ""⑧ 先"", ""⑨ 全"", ""⑩ 力""]",①,記,
7급II,104,2024-02-24,54,select_hanja,다음 訓과 音에 맞는 漢字를 <보기>에서 찾아 그 번호를 쓰세요.,수레 거/차 (사)한국어문회 주관 ․ 한국한자능력검정회 시행,수레 거/차 (사)한국어문회 주관 ․ 한국한자능력검정회 시행,"[""① 記"", ""② 軍"", ""③ 車"", ""④ 二"", ""⑤ 九"", ""⑥ 王"", ""⑦ 左"", ""⑧ 先"", ""⑨ 全"", ""⑩ 力""]",③,車,
7급II,104,2024-02-24,55,banui_select,다음 漢字의 상대(또는 반대)되는 漢字를 <보기>에서 골라 그 번호를 쓰세요.,( ) ↔ 外,( ) ↔ 外,"[""① 上"", ""② 七"", ""③ 足"", ""④ 內""]",④,內,
7급II,104,2024-02-24,56,banui_select,다음 漢字의 상대(또는 반대)되는 漢字를 <보기>에서 골라 그 번호를 쓰세요.,手 ↔ ( ),手 ↔ ( ),"[""① 上"", ""② 七"", ""③ 足"", ""④ 內""]",③,足,
7급II,104,2024-02-24,57,mean_select,다음 뜻에 맞는 漢字語를 <보기>에서 찾아 그 번호를 쓰세요.,밤 열두 시,,"[""① 六十"", ""② 敎室"", ""③ 海水"", ""④ 子正""]",④,子正,
7급II,104,2024-02-24,58,mean_select,다음 뜻에 맞는 漢字語를 <보기>에서 찾아 그 번호를 쓰세요.,바닷물,,"[""① 六十"", ""② 敎室"", ""③ 海水"", ""④ 子正""]",③,海水,
7급II,104,2024-02-24,59,stroke,다음 漢字의 진하게 표시한 획은 몇 번째 쓰는지 <보기>에서 찾아 그 번호를 쓰세요.,,,"[""① 첫 번째"", ""② 두 번째"", ""③ 세 번째"", ""④ 네 번째"", ""⑤ 다섯 번째"", ""⑥ 여섯 번째"", ""⑦ 일곱 번째"", ""⑧ 여덟 번째"", ""⑨ 아홉 번째"", ""⑩ 열 번째""]",⑧,여덟 번째,exam-strokes/stroke_7ii_104_59.png
7급II,104,2024-02-24,60,stroke,다음 漢字의 진하게 표시한 획은 몇 번째 쓰는지 <보기>에서 찾아 그 번호를 쓰세요.,,,"[""① 첫 번째"", ""② 두 번째"", ""③ 세 번째"", ""④ 네 번째"", ""⑤ 다섯 번째"", ""⑥ 여섯 번째"", ""⑦ 일곱 번째"", ""⑧ 여덟 번째"", ""⑨ 아홉 번째"", ""⑩ 열 번째""]",⑥,여섯 번째,exam-strokes/stroke_7ii_104_60.png
7급II,105,2024-05-25,1,dokum,다음 밑줄 친 漢字語의 音을 쓰세요.,火山의 분출구는 오랜 시간이 흐른 후에 호수가 되기도 합니 다.,火山,,화산,화산,
7급II,105,2024-05-25,2,dokum,다음 밑줄 친 漢字語의 音을 쓰세요.,우리 家門은 예로부터 청렴결백 과 예의를 귀중히 여겼습니다.,家門,,가문,가문,
7급II,105,2024-05-25,3,dokum,다음 밑줄 친 漢字語의 音을 쓰세요.,뒤뚱뒤뚱 걸어가는 어린 아이의 뒷모습이 왠지 不安해 보입니 다.,不安,,불안,불안,
7급II,105,2024-05-25,4,dokum,다음 밑줄 친 漢字語의 音을 쓰세요.,고성 앞바다에서는 大王 문어가 잡히기도 합니다.,大王,,대왕,대왕,
7급II,105,2024-05-25,5,dokum,다음 밑줄 친 漢字語의 音을 쓰세요.,동생의 日記에는 온통 꽃 그림 만 그려져 있습니다.,日記,,일기,일기,
7급II,105,2024-05-25,6,dokum,다음 밑줄 친 漢字語의 音을 쓰세요.,노모를 모시는 孝子에게 산신령 이 산삼을 내려 주었습니다.,孝子,,효자,효자,
7급II,105,2024-05-25,7,dokum,다음 밑줄 친 漢字語의 音을 쓰세요.,정부는 봄철 산불 예방을 위해 萬全을 기했습니다.,萬全,,만전,만전,
7급II,105,2024-05-25,8,dokum,다음 밑줄 친 漢字語의 音을 쓰세요.,어둠이 깔리자 四方은 쥐죽은 듯 고요했습니다.,四方,,사방,사방,
7급II,105,2024-05-25,9,dokum,다음 밑줄 친 漢字語의 音을 쓰세요.,이 工場에서 생산되는 제품은 전량 수출됩니다.,工場,,공장,공장,
7급II,105,2024-05-25,10,dokum,다음 밑줄 친 漢字語의 音을 쓰세요.,언니는 時間만 나면 등산을 즐 깁니다.,時間,,시간,시간,
7급II,105,2024-05-25,11,dokum,다음 밑줄 친 漢字語의 音을 쓰세요.,父母님의 사랑은 너무나 커서 헤아릴 수조차 없습니다.,父母,,부모,부모,
7급II,105,2024-05-25,12,dokum,다음 밑줄 친 漢字語의 音을 쓰세요.,고구려 유적이 南韓 지역에서 발견되었습니다.,南韓,,남한,남한,
7급II,105,2024-05-25,13,dokum,다음 밑줄 친 漢字語의 音을 쓰세요.,그 부부는 五十여 년을 동고동 락했습니다.,五十,,오십,오십,
7급II,105,2024-05-25,14,dokum,다음 밑줄 친 漢字語의 音을 쓰세요.,三寸의 나이는 올해 서른 두 살입니다.,三寸,,삼촌,삼촌,
7급II,105,2024-05-25,15,dokum,다음 밑줄 친 漢字語의 音을 쓰세요.,사물놀이는 國外에서도 좋은 평가를 받았습니다.,國外,,국외,국외,
7급II,105,2024-05-25,16,dokum,다음 밑줄 친 漢字語의 音을 쓰세요.,선수들의 정신력이 경기의 승 패를 左右할 수 있습니다.,左右,,좌우,좌우,
7급II,105,2024-05-25,17,dokum,다음 밑줄 친 漢字語의 音을 쓰세요.,영철이는 바람 빠진 타이어에 空氣를 넣었습니다.,空氣,,공기,공기,
7급II,105,2024-05-25,18,dokum,다음 밑줄 친 漢字語의 音을 쓰세요.,어머니는 우리 세 兄弟에게 큰 기대를 걸고 계십니다.,兄弟,,형제,형제,
7급II,105,2024-05-25,19,dokum,다음 밑줄 친 漢字語의 音을 쓰세요.,넘실대는 東海의 물결을 보니 마음이 상쾌해집니다.,東海,,동해,동해,
7급II,105,2024-05-25,20,dokum,다음 밑줄 친 漢字語의 音을 쓰세요.,고려 水軍은 화포를 배에 싣고 진포 앞바다로 돌진하였습니다.,水軍,,수군,수군,
7급II,105,2024-05-25,21,dokum,다음 밑줄 친 漢字語의 音을 쓰세요.,좋은 生活 습관이 들면 자기 발전에 도움이 됩니다.,生活,,생활,생활,
7급II,105,2024-05-25,22,dokum,다음 밑줄 친 漢字語의 音을 쓰세요.,우리나라는 겨울에 차고 건조 한 北西 계절풍의 영향을 받습 니다. (사)한국어문회 주관 ․ 한국한자능력검정회 시행,北西,,북서,북서,
7급II,105,2024-05-25,23,hunum,다음 漢字의 訓과 音을 쓰세요.,姓,姓,,성 성,성 성,
7급II,105,2024-05-25,24,hunum,다음 漢字의 訓과 音을 쓰세요.,小,小,,작을 소,작을 소,
7급II,105,2024-05-25,25,hunum,다음 漢字의 訓과 音을 쓰세요.,先,先,,먼저 선,먼저 선,
7급II,105,2024-05-25,26,hunum,다음 漢字의 訓과 音을 쓰세요.,車,車,,수레 거/수레 차,수레 거/수레 차,
7급II,105,2024-05-25,27,hunum,다음 漢字의 訓과 音을 쓰세요.,校,校,,학교 교,학교 교,
7급II,105,2024-05-25,28,hunum,다음 漢字의 訓과 音을 쓰세요.,月,月,,달 월,달 월,
7급II,105,2024-05-25,29,hunum,다음 漢字의 訓과 音을 쓰세요.,上,上,,윗 상,윗 상,
7급II,105,2024-05-25,30,hunum,다음 漢字의 訓과 音을 쓰세요.,足,足,,발 족,발 족,
7급II,105,2024-05-25,31,hunum,다음 漢字의 訓과 音을 쓰세요.,室,室,,집 실,집 실,
7급II,105,2024-05-25,32,hunum,다음 漢字의 訓과 音을 쓰세요.,事,事,,일 사,일 사,
7급II,105,2024-05-25,33,hunum,다음 漢字의 訓과 音을 쓰세요.,前,前,,앞 전,앞 전,
7급II,105,2024-05-25,34,hunum,다음 漢字의 訓과 音을 쓰세요.,內,內,,안 내,안 내,
7급II,105,2024-05-25,35,hunum,다음 漢字의 訓과 音을 쓰세요.,長,長,,긴 장,긴 장,
7급II,105,2024-05-25,36,hunum,다음 漢字의 訓과 音을 쓰세요.,八,八,,여덟 팔,여덟 팔,
7급II,105,2024-05-25,37,hunum,다음 漢字의 訓과 音을 쓰세요.,正,正,,바를 정,바를 정,
7급II,105,2024-05-25,38,hunum,다음 漢字의 訓과 音을 쓰세요.,中,中,,가운데 중,가운데 중,
7급II,105,2024-05-25,39,hunum,다음 漢字의 訓과 音을 쓰세요.,土,土,,흙 토,흙 토,
7급II,105,2024-05-25,40,hunum,다음 漢字의 訓과 音을 쓰세요.,漢,漢,,한수/한나라 한,한수/한나라 한,
7급II,105,2024-05-25,41,hunum,다음 漢字의 訓과 音을 쓰세요.,話,話,,말씀 화,말씀 화,
7급II,105,2024-05-25,42,hunum,다음 漢字의 訓과 音을 쓰세요.,六,六,,여섯 륙,여섯 륙,
7급II,105,2024-05-25,43,select_hanjaeo,다음 밑줄 친 漢字語를 <보기>에서 찾아 그 번호를 쓰세요.,기상청은 오후 늦게 비가 올 것으로 예보했습니다.,오후,"[""① 每年"", ""② 午後"", ""③ 人物"", ""④ 市民""]",②,午後,
7급II,105,2024-05-25,44,select_hanjaeo,다음 밑줄 친 漢字語를 <보기>에서 찾아 그 번호를 쓰세요.,나라가 발전하려면 젊은 인물 이 많이 필요합니다.,인물,"[""① 每年"", ""② 午後"", ""③ 人物"", ""④ 市民""]",③,人物,
7급II,105,2024-05-25,45,select_hanja,다음 訓과 音에 맞는 漢字를 <보기>에서 찾아 그 번호를 쓰세요.,평평할 평,평평할 평,"[""① 手"", ""② 名"", ""③ 平"", ""④ 江"", ""⑤ 電"", ""⑥ 立"", ""⑦ 下"", ""⑧ 食"", ""⑨ 白"", ""⑩ 七""]",③,平,
7급II,105,2024-05-25,46,select_hanja,다음 訓과 音에 맞는 漢字를 <보기>에서 찾아 그 번호를 쓰세요.,이름 명,이름 명,"[""① 手"", ""② 名"", ""③ 平"", ""④ 江"", ""⑤ 電"", ""⑥ 立"", ""⑦ 下"", ""⑧ 食"", ""⑨ 白"", ""⑩ 七""]",②,名,
7급II,105,2024-05-25,47,select_hanja,다음 訓과 音에 맞는 漢字를 <보기>에서 찾아 그 번호를 쓰세요.,아래 하,아래 하,"[""① 手"", ""② 名"", ""③ 平"", ""④ 江"", ""⑤ 電"", ""⑥ 立"", ""⑦ 下"", ""⑧ 食"", ""⑨ 白"", ""⑩ 七""]",⑦,下,
7급II,105,2024-05-25,48,select_hanja,다음 訓과 音에 맞는 漢字를 <보기>에서 찾아 그 번호를 쓰세요.,밥/먹을 식,밥/먹을 식,"[""① 手"", ""② 名"", ""③ 平"", ""④ 江"", ""⑤ 電"", ""⑥ 立"", ""⑦ 下"", ""⑧ 食"", ""⑨ 白"", ""⑩ 七""]",⑧,食,
7급II,105,2024-05-25,49,select_hanja,다음 訓과 音에 맞는 漢字를 <보기>에서 찾아 그 번호를 쓰세요.,설 립,설 립,"[""① 手"", ""② 名"", ""③ 平"", ""④ 江"", ""⑤ 電"", ""⑥ 立"", ""⑦ 下"", ""⑧ 食"", ""⑨ 白"", ""⑩ 七""]",⑥,立,
7급II,105,2024-05-25,50,select_hanja,다음 訓과 音에 맞는 漢字를 <보기>에서 찾아 그 번호를 쓰세요.,번개 전,번개 전,"[""① 手"", ""② 名"", ""③ 平"", ""④ 江"", ""⑤ 電"", ""⑥ 立"", ""⑦ 下"", ""⑧ 食"", ""⑨ 白"", ""⑩ 七""]",⑤,電,
7급II,105,2024-05-25,51,select_hanja,다음 訓과 音에 맞는 漢字를 <보기>에서 찾아 그 번호를 쓰세요.,강 강,강 강,"[""① 手"", ""② 名"", ""③ 平"", ""④ 江"", ""⑤ 電"", ""⑥ 立"", ""⑦ 下"", ""⑧ 食"", ""⑨ 白"", ""⑩ 七""]",④,江,
7급II,105,2024-05-25,52,select_hanja,다음 訓과 音에 맞는 漢字를 <보기>에서 찾아 그 번호를 쓰세요.,손 수,손 수,"[""① 手"", ""② 名"", ""③ 平"", ""④ 江"", ""⑤ 電"", ""⑥ 立"", ""⑦ 下"", ""⑧ 食"", ""⑨ 白"", ""⑩ 七""]",①,手,
7급II,105,2024-05-25,53,select_hanja,다음 訓과 音에 맞는 漢字를 <보기>에서 찾아 그 번호를 쓰세요.,흰 백,흰 백,"[""① 手"", ""② 名"", ""③ 平"", ""④ 江"", ""⑤ 電"", ""⑥ 立"", ""⑦ 下"", ""⑧ 食"", ""⑨ 白"", ""⑩ 七""]",⑨,白,
7급II,105,2024-05-25,54,select_hanja,다음 訓과 音에 맞는 漢字를 <보기>에서 찾아 그 번호를 쓰세요.,일곱 칠 (사)한국어문회 주관 ․ 한국한자능력검정회 시행,일곱 칠 (사)한국어문회 주관 ․ 한국한자능력검정회 시행,"[""① 手"", ""② 名"", ""③ 平"", ""④ 江"", ""⑤ 電"", ""⑥ 立"", ""⑦ 下"", ""⑧ 食"", ""⑨ 白"", ""⑩ 七""]",⑩,七,
7급II,105,2024-05-25,55,banui_select,다음 漢字의 상대(또는 반대)되는 漢字를 <보기>에서 골라 그 번호를 쓰세요.,( ) ↔ 女,( ) ↔ 女,"[""① 金"", ""② 學"", ""③ 木"", ""④ 男""]",④,男,
7급II,105,2024-05-25,56,banui_select,다음 漢字의 상대(또는 반대)되는 漢字를 <보기>에서 골라 그 번호를 쓰세요.,敎 ↔ ( ),敎 ↔ ( ),"[""① 金"", ""② 學"", ""③ 木"", ""④ 男""]",②,學,
7급II,105,2024-05-25,57,mean_select,다음 뜻에 맞는 漢字語를 <보기>에서 찾아 그 번호를 쓰세요.,세상을 살아가는 데에 지켜야 할 도의.,,"[""① 世道"", ""② 直答"", ""③ 自農"", ""④ 力動""]",①,世道,
7급II,105,2024-05-25,58,mean_select,다음 뜻에 맞는 漢字語를 <보기>에서 찾아 그 번호를 쓰세요.,힘차고 활발하게 움직임.,,"[""① 世道"", ""② 直答"", ""③ 自農"", ""④ 力動""]",④,力動,
7급II,105,2024-05-25,59,stroke,다음 漢字의 진하게 표시한 획은 몇 번째 쓰는지 <보기>에서 찾아 그 번호를 쓰세요.,,,"[""① 첫 번째"", ""② 두 번째"", ""③ 세 번째"", ""④ 네 번째"", ""⑤ 다섯 번째"", ""⑥ 여섯 번째"", ""⑦ 일곱 번째"", ""⑧ 여덟 번째"", ""⑨ 아홉 번째"", ""⑩ 열 번째""]",⑧,여덟 번째,exam-strokes/stroke_7ii_105_59.png
7급II,105,2024-05-25,60,stroke,다음 漢字의 진하게 표시한 획은 몇 번째 쓰는지 <보기>에서 찾아 그 번호를 쓰세요.,,,"[""① 첫 번째"", ""② 두 번째"", ""③ 세 번째"", ""④ 네 번째"", ""⑤ 다섯 번째"", ""⑥ 여섯 번째"", ""⑦ 일곱 번째"", ""⑧ 여덟 번째"", ""⑨ 아홉 번째"", ""⑩ 열 번째""]",①,첫 번째,exam-strokes/stroke_7ii_105_60.png
7급II,106,2024-08-24,1,dokum,다음 밑줄 친 漢字語의 音을 쓰세요.,추석에는 一家 친척들이 함께 모여 성묘를 합니다.,一家,,일가,일가,
7급II,106,2024-08-24,2,dokum,다음 밑줄 친 漢字語의 音을 쓰세요.,그는 어느 한쪽으로 치우치지 않는 中道의 입장을 취하였다.,中道,,중도,중도,
7급II,106,2024-08-24,3,dokum,다음 밑줄 친 漢字語의 音을 쓰세요.,日氣예보에서 내일은 날씨가 매 우 덥다고 합니다.,日氣,,일기,일기,
7급II,106,2024-08-24,4,dokum,다음 밑줄 친 漢字語의 音을 쓰세요.,우리나라 초등학교는 六年제입 니다.,六年,,육년,육년,
7급II,106,2024-08-24,5,dokum,다음 밑줄 친 漢字語의 音을 쓰세요.,모든 일은 先手를 쳐야 이기는 법입니다.,先手,,선수,선수,
7급II,106,2024-08-24,6,dokum,다음 밑줄 친 漢字語의 音을 쓰세요.,요즘은 반려動物을 키우는 가정 이 많습니다.,動物,,동물,동물,
7급II,106,2024-08-24,7,dokum,다음 밑줄 친 漢字語의 音을 쓰세요.,아프리카에는 식량이 不足하여 굶는 아이들이 많습니다.,不足,,부족,부족,
7급II,106,2024-08-24,8,dokum,다음 밑줄 친 漢字語의 音을 쓰세요.,우리 편 공격수들이 상대 선수 들의 後方을 노렸습니다.,後方,,후방,후방,
7급II,106,2024-08-24,9,dokum,다음 밑줄 친 漢字語의 音을 쓰세요.,모름지기 사람은 성실하고 正直 해야 합니다.,正直,,정직,정직,
7급II,106,2024-08-24,10,dokum,다음 밑줄 친 漢字語의 音을 쓰세요.,토요일에 부모님과 市內 맛집 에서 식사를 하였습니다.,市內,,시내,시내,
7급II,106,2024-08-24,11,dokum,다음 밑줄 친 漢字語의 音을 쓰세요.,신라 시대에는 세 명의 女王이 있었습니다.,女王,,여왕,여왕,
7급II,106,2024-08-24,12,dokum,다음 밑줄 친 漢字語의 音을 쓰세요.,우리는 學校 운동장에서 축구 를 하였습니다.,學校,,학교,학교,
7급II,106,2024-08-24,13,dokum,다음 밑줄 친 漢字語의 音을 쓰세요.,김치・불고기・비빔밥 등 韓食 을 좋아하는 외국인이 늘어났 습니다.,韓食,,한식,한식,
7급II,106,2024-08-24,14,dokum,다음 밑줄 친 漢字語의 音을 쓰세요.,올해에 四寸 동생이 초등학교 에 입학합니다.,四寸,,사촌,사촌,
7급II,106,2024-08-24,15,dokum,다음 밑줄 친 漢字語의 音을 쓰세요.,횡단보도를 건너기 전에 먼저 左右를 살핍니다.,左右,,좌우,좌우,
7급II,106,2024-08-24,16,dokum,다음 밑줄 친 漢字語의 音을 쓰세요.,어떤 일이라도 全力을 다하면 반드시 이뤄질 수 있습니다.,全力,,전력,전력,
7급II,106,2024-08-24,17,dokum,다음 밑줄 친 漢字語의 音을 쓰세요.,친구들과 農場에 가서 체험활 동을 하였습니다.,農場,,농장,농장,
7급II,106,2024-08-24,18,dokum,다음 밑줄 친 漢字語의 音을 쓰세요.,옆집 父子는 휴일마다 함께 등 산을 합니다.,父子,,부자,부자,
7급II,106,2024-08-24,19,dokum,다음 밑줄 친 漢字語의 音을 쓰세요.,적도 근해의 海水 온도는 한낮 이면 거의 30도까지 상승합니다.,海水,,해수,해수,
7급II,106,2024-08-24,20,dokum,다음 밑줄 친 漢字語의 音을 쓰세요.,아버지는 어머니 생신 선물로 白金반지를 준비했습니다.,白金,,백금,백금,
7급II,106,2024-08-24,21,dokum,다음 밑줄 친 漢字語의 音을 쓰세요.,靑山은 나를 보고 말없이 살라 고 합니다.,靑山,,청산,청산,
7급II,106,2024-08-24,22,dokum,다음 밑줄 친 漢字語의 音을 쓰세요.,우리는 時空을 초월하는 공상 과학영화를 재미있게 봅니다. (사)한국어문회 주관 ․ 한국한자능력검정회 시행,時空,,시공,시공,
7급II,106,2024-08-24,23,hunum,다음 漢字의 訓과 音을 쓰세요.,室,室,,집 실,집 실,
7급II,106,2024-08-24,24,hunum,다음 漢字의 訓과 音을 쓰세요.,生,生,,날 생,날 생,
7급II,106,2024-08-24,25,hunum,다음 漢字의 訓과 音을 쓰세요.,九,九,,아홉 구,아홉 구,
7급II,106,2024-08-24,26,hunum,다음 漢字의 訓과 音을 쓰세요.,軍,軍,,군사 군,군사 군,
7급II,106,2024-08-24,27,hunum,다음 漢字의 訓과 音을 쓰세요.,敎,敎,,가르칠 교,가르칠 교,
7급II,106,2024-08-24,28,hunum,다음 漢字의 訓과 音을 쓰세요.,外,外,,바깥 외,바깥 외,
7급II,106,2024-08-24,29,hunum,다음 漢字의 訓과 音을 쓰세요.,答,答,,대답 답,대답 답,
7급II,106,2024-08-24,30,hunum,다음 漢字의 訓과 音을 쓰세요.,電,電,,번개 전,번개 전,
7급II,106,2024-08-24,31,hunum,다음 漢字의 訓과 音을 쓰세요.,門,門,,문 문,문 문,
7급II,106,2024-08-24,32,hunum,다음 漢字의 訓과 音을 쓰세요.,萬,萬,,일만 만,일만 만,
7급II,106,2024-08-24,33,hunum,다음 漢字의 訓과 音을 쓰세요.,母,母,,어미 모,어미 모,
7급II,106,2024-08-24,34,hunum,다음 漢字의 訓과 音을 쓰세요.,江,江,,강 강,강 강,
7급II,106,2024-08-24,35,hunum,다음 漢字의 訓과 音을 쓰세요.,民,民,,백성 민,백성 민,
7급II,106,2024-08-24,36,hunum,다음 漢字의 訓과 音을 쓰세요.,長,長,,긴 장,긴 장,
7급II,106,2024-08-24,37,hunum,다음 漢字의 訓과 音을 쓰세요.,立,立,,설 립,설 립,
7급II,106,2024-08-24,38,hunum,다음 漢字의 訓과 音을 쓰세요.,七,七,,일곱 칠,일곱 칠,
7급II,106,2024-08-24,39,hunum,다음 漢字의 訓과 音을 쓰세요.,平,平,,평평할 평,평평할 평,
7급II,106,2024-08-24,40,hunum,다음 漢字의 訓과 音을 쓰세요.,孝,孝,,효도 도,효도 도,
7급II,106,2024-08-24,41,hunum,다음 漢字의 訓과 音을 쓰세요.,活,活,,살 활,살 활,
7급II,106,2024-08-24,42,hunum,다음 漢字의 訓과 音을 쓰세요.,十,十,,열 십,열 십,
7급II,106,2024-08-24,43,select_hanjaeo,다음 밑줄 친 漢字語를 <보기>에서 찾아 그 번호를 쓰세요.,여름에는 육지가 바다보다 더 워져 남동풍이 발생합니다.,남동,"[""① 南東"", ""② 三國"", ""③ 姓名"", ""④ 下人""]",①,南東,
7급II,106,2024-08-24,44,select_hanjaeo,다음 밑줄 친 漢字語를 <보기>에서 찾아 그 번호를 쓰세요.,현장 출동 경찰관은 소속과 성명 을 밝혀야 합니다.,성명,"[""① 南東"", ""② 三國"", ""③ 姓名"", ""④ 下人""]",③,姓名,
7급II,106,2024-08-24,45,select_hanja,다음 訓과 音에 맞는 漢字를 <보기>에서 찾아 그 번호를 쓰세요.,사이 간,사이 간,"[""① 記"", ""② 間"", ""③ 自"", ""④ 安"", ""⑤ 車"", ""⑥ 話"", ""⑦ 上"", ""⑧ 男"", ""⑨ 世"", ""⑩ 事""]",②,間,
7급II,106,2024-08-24,46,select_hanja,다음 訓과 音에 맞는 漢字를 <보기>에서 찾아 그 번호를 쓰세요.,수레 거 | 수레 차,수레 거 | 수레 차,"[""① 記"", ""② 間"", ""③ 自"", ""④ 安"", ""⑤ 車"", ""⑥ 話"", ""⑦ 上"", ""⑧ 男"", ""⑨ 世"", ""⑩ 事""]",⑤,車,
7급II,106,2024-08-24,47,select_hanja,다음 訓과 音에 맞는 漢字를 <보기>에서 찾아 그 번호를 쓰세요.,윗 상,윗 상,"[""① 記"", ""② 間"", ""③ 自"", ""④ 安"", ""⑤ 車"", ""⑥ 話"", ""⑦ 上"", ""⑧ 男"", ""⑨ 世"", ""⑩ 事""]",⑦,上,
7급II,106,2024-08-24,48,select_hanja,다음 訓과 音에 맞는 漢字를 <보기>에서 찾아 그 번호를 쓰세요.,편안 안,편안 안,"[""① 記"", ""② 間"", ""③ 自"", ""④ 安"", ""⑤ 車"", ""⑥ 話"", ""⑦ 上"", ""⑧ 男"", ""⑨ 世"", ""⑩ 事""]",④,安,
7급II,106,2024-08-24,49,select_hanja,다음 訓과 音에 맞는 漢字를 <보기>에서 찾아 그 번호를 쓰세요.,기록할 기,기록할 기,"[""① 記"", ""② 間"", ""③ 自"", ""④ 安"", ""⑤ 車"", ""⑥ 話"", ""⑦ 上"", ""⑧ 男"", ""⑨ 世"", ""⑩ 事""]",①,記,
7급II,106,2024-08-24,50,select_hanja,다음 訓과 音에 맞는 漢字를 <보기>에서 찾아 그 번호를 쓰세요.,스스로 자,스스로 자,"[""① 記"", ""② 間"", ""③ 自"", ""④ 安"", ""⑤ 車"", ""⑥ 話"", ""⑦ 上"", ""⑧ 男"", ""⑨ 世"", ""⑩ 事""]",③,自,
7급II,106,2024-08-24,51,select_hanja,다음 訓과 音에 맞는 漢字를 <보기>에서 찾아 그 번호를 쓰세요.,사내 남,사내 남,"[""① 記"", ""② 間"", ""③ 自"", ""④ 安"", ""⑤ 車"", ""⑥ 話"", ""⑦ 上"", ""⑧ 男"", ""⑨ 世"", ""⑩ 事""]",⑧,男,
7급II,106,2024-08-24,52,select_hanja,다음 訓과 音에 맞는 漢字를 <보기>에서 찾아 그 번호를 쓰세요.,말씀 화,말씀 화,"[""① 記"", ""② 間"", ""③ 自"", ""④ 安"", ""⑤ 車"", ""⑥ 話"", ""⑦ 上"", ""⑧ 男"", ""⑨ 世"", ""⑩ 事""]",⑥,話,
7급II,106,2024-08-24,53,select_hanja,다음 訓과 音에 맞는 漢字를 <보기>에서 찾아 그 번호를 쓰세요.,인간 세,인간 세,"[""① 記"", ""② 間"", ""③ 自"", ""④ 安"", ""⑤ 車"", ""⑥ 話"", ""⑦ 上"", ""⑧ 男"", ""⑨ 世"", ""⑩ 事""]",⑨,世,
7급II,106,2024-08-24,54,select_hanja,다음 訓과 音에 맞는 漢字를 <보기>에서 찾아 그 번호를 쓰세요.,일 사 (사)한국어문회 주관 ․ 한국한자능력검정회 시행,일 사 (사)한국어문회 주관 ․ 한국한자능력검정회 시행,"[""① 記"", ""② 間"", ""③ 自"", ""④ 安"", ""⑤ 車"", ""⑥ 話"", ""⑦ 上"", ""⑧ 男"", ""⑨ 世"", ""⑩ 事""]",⑩,事,
7급II,106,2024-08-24,55,banui_select,다음 漢字의 상대(또는 반대)되는 漢字를 <보기>에서 골라 그 번호를 쓰세요.,( ) ↔ 小,( ) ↔ 小,"[""① 大"", ""② 火"", ""③ 土"", ""④ 弟""]",①,大,
7급II,106,2024-08-24,56,banui_select,다음 漢字의 상대(또는 반대)되는 漢字를 <보기>에서 골라 그 번호를 쓰세요.,兄 ↔ ( ),兄 ↔ ( ),"[""① 大"", ""② 火"", ""③ 土"", ""④ 弟""]",④,弟,
7급II,106,2024-08-24,57,mean_select,다음 뜻에 맞는 漢字語를 <보기>에서 찾아 그 번호를 쓰세요.,해가 뜰 때부터 정오까지의 낮 시간.,,"[""① 木工"", ""② 二月"", ""③ 午前"", ""④ 北西""]",③,午前,
7급II,106,2024-08-24,58,mean_select,다음 뜻에 맞는 漢字語를 <보기>에서 찾아 그 번호를 쓰세요.,나무를 다루어서 물건을 만드 는 일.,,"[""① 木工"", ""② 二月"", ""③ 午前"", ""④ 北西""]",①,木工,
7급II,106,2024-08-24,59,stroke,다음 漢字의 진하게 표시한 획은 몇 번째 쓰는지 <보기>에서 찾아 그 번호를 쓰세요.,,,"[""① 첫 번째"", ""② 두 번째"", ""③ 세 번째"", ""④ 네 번째"", ""⑤ 다섯 번째"", ""⑥ 여섯 번째"", ""⑦ 일곱 번째"", ""⑧ 여덟 번째"", ""⑨ 아홉 번째"", ""⑩ 열 번째""]",④,네 번째,exam-strokes/stroke_7ii_106_59.png
7급II,106,2024-08-24,60,stroke,다음 漢字의 진하게 표시한 획은 몇 번째 쓰는지 <보기>에서 찾아 그 번호를 쓰세요.,,,"[""① 첫 번째"", ""② 두 번째"", ""③ 세 번째"", ""④ 네 번째"", ""⑤ 다섯 번째"", ""⑥ 여섯 번째"", ""⑦ 일곱 번째"", ""⑧ 여덟 번째"", ""⑨ 아홉 번째"", ""⑩ 열 번째""]",⑦,일곱 번째,exam-strokes/stroke_7ii_106_60.png
7급II,107,2024-11-09,1,dokum,다음 밑줄 친 漢字語의 音을 쓰세요.,선생님은 敎室 뒤편에 아이들이 그린 자화상을 걸었습니다.,敎室,,교실,교실,
7급II,107,2024-11-09,2,dokum,다음 밑줄 친 漢字語의 音을 쓰세요.,이모는 서른이 넘었지만 二十 대 초반처럼 보입니다.,二十,,이십,이십,
7급II,107,2024-11-09,3,dokum,다음 밑줄 친 漢字語의 音을 쓰세요.,태풍이 제주도 南西 지역을 통 과할 예정이라고 합니다.,南西,,남서,남서,
7급II,107,2024-11-09,4,dokum,다음 밑줄 친 漢字語의 音을 쓰세요.,이순신 장군이 이끄는 水軍은 남해안 일대의 왜적을 크게 무 찔렀습니다.,水軍,,수군,수군,
7급II,107,2024-11-09,5,dokum,다음 밑줄 친 漢字語의 音을 쓰세요.,九月 중순이 되니 국도변의 코 스모스가 한창입니다.,九月,,구월,구월,
7급II,107,2024-11-09,6,dokum,다음 밑줄 친 漢字語의 音을 쓰세요.,최근에는 도로 곳곳에서 電氣 자동차를 볼 수 있습니다.,電氣,,전기,전기,
7급II,107,2024-11-09,7,dokum,다음 밑줄 친 漢字語의 音을 쓰세요.,자석을 空中에 매달면 항상 북 쪽과 남쪽을 가리킵니다.,空中,,공중,공중,
7급II,107,2024-11-09,8,dokum,다음 밑줄 친 漢字語의 音을 쓰세요.,읍내 풍물 市場에 가면 먹거리 가 넘쳐납니다.,市場,,시장,시장,
7급II,107,2024-11-09,9,dokum,다음 밑줄 친 漢字語의 音을 쓰세요.,단옷날이 되자 마을 靑年들이 장터에서 씨름판을 벌였습니다.,靑年,,청년,청년,
7급II,107,2024-11-09,10,dokum,다음 밑줄 친 漢字語의 音을 쓰세요.,최 대감은 下人들에게 마당을 쓸도록 분부를 내렸습니다.,下人,,하인,하인,
7급II,107,2024-11-09,11,dokum,다음 밑줄 친 漢字語의 音을 쓰세요.,세종 大王은 학문과 과학에 조 예가 깊은 임금이었습니다.,大王,,대왕,대왕,
7급II,107,2024-11-09,12,dokum,다음 밑줄 친 漢字語의 音을 쓰세요.,요즘에는 兄弟나 자매가 없는 외동들이 많습니다.,兄弟,,형제,형제,
7급II,107,2024-11-09,13,dokum,다음 밑줄 친 漢字語의 音을 쓰세요.,할아버지께서는 北韓에 두고 온 가족들을 한시도 잊지를 못 합니다.,北韓,,북한,북한,
7급II,107,2024-11-09,14,dokum,다음 밑줄 친 漢字語의 音을 쓰세요.,고기압의 영향으로 全國이 대 체로 맑겠습니다.,全國,,전국,전국,
7급II,107,2024-11-09,15,dokum,다음 밑줄 친 漢字語의 音을 쓰세요.,이 世上은 우리가 상상한 것보 다 훨씬 다양하고 복잡합니다.,世上,,세상,세상,
7급II,107,2024-11-09,16,dokum,다음 밑줄 친 漢字語의 音을 쓰세요.,산 정상에 오르니 四方이 확 트여 가슴이 후련합니다.,四方,,사방,사방,
7급II,107,2024-11-09,17,dokum,다음 밑줄 친 漢字語의 音을 쓰세요.,우리집 지하실은 五萬 가지 잡 동사니로 가득합니다.,五萬,,오만,오만,
7급II,107,2024-11-09,18,dokum,다음 밑줄 친 漢字語의 音을 쓰세요.,올해 學校에 입학한 막내는 새 로 배우는 모든 것이 신기한 모양입니다.,學校,,학교,학교,
7급II,107,2024-11-09,19,dokum,다음 밑줄 친 漢字語의 音을 쓰세요.,삼촌은 每日 저녁 한 시간씩 자전거를 탑니다.,每日,,매일,매일,
7급II,107,2024-11-09,20,dokum,다음 밑줄 친 漢字語의 音을 쓰세요.,우리나라 강원도 山間 지역에 는 눈이 많이 내립니다.,山間,,산간,산간,
7급II,107,2024-11-09,21,dokum,다음 밑줄 친 漢字語의 音을 쓰세요.,칫솔질은 食事 후에 해야 치아 건강에 좋습니다.,食事,,식사,식사,
7급II,107,2024-11-09,22,dokum,다음 밑줄 친 漢字語의 音을 쓰세요.,아버지께서는 우리 형제에게 늘 正直하게 살라고 하십니다. (사)한국어문회 주관 ․ 한국한자능력검정회 시행,正直,,정직,정직,
7급II,107,2024-11-09,23,hunum,다음 漢字의 訓과 音을 쓰세요.,前,前,,앞 전,앞 전,
7급II,107,2024-11-09,24,hunum,다음 漢字의 訓과 音을 쓰세요.,八,八,,여덟 팔,여덟 팔,
7급II,107,2024-11-09,25,hunum,다음 漢字의 訓과 音을 쓰세요.,土,土,,흙 토,흙 토,
7급II,107,2024-11-09,26,hunum,다음 漢字의 訓과 音을 쓰세요.,七,七,,일곱 칠,일곱 칠,
7급II,107,2024-11-09,27,hunum,다음 漢字의 訓과 音을 쓰세요.,江,江,,강 강,강 강,
7급II,107,2024-11-09,28,hunum,다음 漢字의 訓과 音을 쓰세요.,右,右,,오를/오른(쪽) 우,오를/오른(쪽) 우,
7급II,107,2024-11-09,29,hunum,다음 漢字의 訓과 音을 쓰세요.,足,足,,발 족,발 족,
7급II,107,2024-11-09,30,hunum,다음 漢字의 訓과 音을 쓰세요.,左,左,,왼 좌,왼 좌,
7급II,107,2024-11-09,31,hunum,다음 漢字의 訓과 音을 쓰세요.,道,道,,길 도,길 도,
7급II,107,2024-11-09,32,hunum,다음 漢字의 訓과 音을 쓰세요.,記,記,,기록할 기,기록할 기,
7급II,107,2024-11-09,33,hunum,다음 漢字의 訓과 音을 쓰세요.,白,白,,흰 백,흰 백,
7급II,107,2024-11-09,34,hunum,다음 漢字의 訓과 音을 쓰세요.,木,木,,나무 목,나무 목,
7급II,107,2024-11-09,35,hunum,다음 漢字의 訓과 音을 쓰세요.,門,門,,문 문,문 문,
7급II,107,2024-11-09,36,hunum,다음 漢字의 訓과 音을 쓰세요.,姓,姓,,성 성,성 성,
7급II,107,2024-11-09,37,hunum,다음 漢字의 訓과 音을 쓰세요.,力,力,,힘 력,힘 력,
7급II,107,2024-11-09,38,hunum,다음 漢字의 訓과 音을 쓰세요.,話,話,,말씀 화,말씀 화,
7급II,107,2024-11-09,39,hunum,다음 漢字의 訓과 音을 쓰세요.,寸,寸,,마디 촌,마디 촌,
7급II,107,2024-11-09,40,hunum,다음 漢字의 訓과 音을 쓰세요.,立,立,,설 립,설 립,
7급II,107,2024-11-09,41,hunum,다음 漢字의 訓과 音을 쓰세요.,男,男,,사내 남,사내 남,
7급II,107,2024-11-09,42,hunum,다음 漢字의 訓과 音을 쓰세요.,外,外,,바깥 외,바깥 외,
7급II,107,2024-11-09,43,select_hanjaeo,다음 밑줄 친 漢字語를 <보기>에서 찾아 그 번호를 쓰세요.,오빠는 구조대원으로 활동하고 있습니다.,활동,"[""① 名車"", ""② 活動"", ""③ 一金"", ""④ 生物""]",②,活動,
7급II,107,2024-11-09,44,select_hanjaeo,다음 밑줄 친 漢字語를 <보기>에서 찾아 그 번호를 쓰세요.,고래는 지구상에 사는 생물 중 에 몸집이 가장 큽니다.,생물,"[""① 名車"", ""② 活動"", ""③ 一金"", ""④ 生物""]",④,生物,
7급II,107,2024-11-09,45,select_hanja,다음 訓과 音에 맞는 漢字를 <보기>에서 찾아 그 번호를 쓰세요.,손 수,손 수,"[""① 工"", ""② 孝"", ""③ 東"", ""④ 午"", ""⑤ 內"", ""⑥ 農"", ""⑦ 手"", ""⑧ 父"", ""⑨ 六"", ""⑩ 海""]",⑦,手,
7급II,107,2024-11-09,46,select_hanja,다음 訓과 音에 맞는 漢字를 <보기>에서 찾아 그 번호를 쓰세요.,효도 효,효도 효,"[""① 工"", ""② 孝"", ""③ 東"", ""④ 午"", ""⑤ 內"", ""⑥ 農"", ""⑦ 手"", ""⑧ 父"", ""⑨ 六"", ""⑩ 海""]",②,孝,
7급II,107,2024-11-09,47,select_hanja,다음 訓과 音에 맞는 漢字를 <보기>에서 찾아 그 번호를 쓰세요.,안 내,안 내,"[""① 工"", ""② 孝"", ""③ 東"", ""④ 午"", ""⑤ 內"", ""⑥ 農"", ""⑦ 手"", ""⑧ 父"", ""⑨ 六"", ""⑩ 海""]",⑤,內,
7급II,107,2024-11-09,48,select_hanja,다음 訓과 音에 맞는 漢字를 <보기>에서 찾아 그 번호를 쓰세요.,낮 오,낮 오,"[""① 工"", ""② 孝"", ""③ 東"", ""④ 午"", ""⑤ 內"", ""⑥ 農"", ""⑦ 手"", ""⑧ 父"", ""⑨ 六"", ""⑩ 海""]",④,午,
7급II,107,2024-11-09,49,select_hanja,다음 訓과 音에 맞는 漢字를 <보기>에서 찾아 그 번호를 쓰세요.,장인 공,장인 공,"[""① 工"", ""② 孝"", ""③ 東"", ""④ 午"", ""⑤ 內"", ""⑥ 農"", ""⑦ 手"", ""⑧ 父"", ""⑨ 六"", ""⑩ 海""]",①,工,
7급II,107,2024-11-09,50,select_hanja,다음 訓과 音에 맞는 漢字를 <보기>에서 찾아 그 번호를 쓰세요.,농사 농,농사 농,"[""① 工"", ""② 孝"", ""③ 東"", ""④ 午"", ""⑤ 內"", ""⑥ 農"", ""⑦ 手"", ""⑧ 父"", ""⑨ 六"", ""⑩ 海""]",⑥,農,
7급II,107,2024-11-09,51,select_hanja,다음 訓과 音에 맞는 漢字를 <보기>에서 찾아 그 번호를 쓰세요.,바다 해,바다 해,"[""① 工"", ""② 孝"", ""③ 東"", ""④ 午"", ""⑤ 內"", ""⑥ 農"", ""⑦ 手"", ""⑧ 父"", ""⑨ 六"", ""⑩ 海""]",⑩,海,
7급II,107,2024-11-09,52,select_hanja,다음 訓과 音에 맞는 漢字를 <보기>에서 찾아 그 번호를 쓰세요.,아비 부,아비 부,"[""① 工"", ""② 孝"", ""③ 東"", ""④ 午"", ""⑤ 內"", ""⑥ 農"", ""⑦ 手"", ""⑧ 父"", ""⑨ 六"", ""⑩ 海""]",⑧,父,
7급II,107,2024-11-09,53,select_hanja,다음 訓과 音에 맞는 漢字를 <보기>에서 찾아 그 번호를 쓰세요.,여섯 륙,여섯 륙,"[""① 工"", ""② 孝"", ""③ 東"", ""④ 午"", ""⑤ 內"", ""⑥ 農"", ""⑦ 手"", ""⑧ 父"", ""⑨ 六"", ""⑩ 海""]",⑨,六,
7급II,107,2024-11-09,54,select_hanja,다음 訓과 音에 맞는 漢字를 <보기>에서 찾아 그 번호를 쓰세요.,동녘 동 (사)한국어문회 주관 ․ 한국한자능력검정회 시행,동녘 동 (사)한국어문회 주관 ․ 한국한자능력검정회 시행,"[""① 工"", ""② 孝"", ""③ 東"", ""④ 午"", ""⑤ 內"", ""⑥ 農"", ""⑦ 手"", ""⑧ 父"", ""⑨ 六"", ""⑩ 海""]",③,東,
7급II,107,2024-11-09,55,banui_select,다음 漢字의 상대(또는 반대)되는 漢字를 <보기>에서 골라 그 번호를 쓰세요.,( ) ↔ 後,( ) ↔ 後,"[""① 母"", ""② 先"", ""③ 時"", ""④ 家""]",②,先,
7급II,107,2024-11-09,56,banui_select,다음 漢字의 상대(또는 반대)되는 漢字를 <보기>에서 골라 그 번호를 쓰세요.,( ) ↔ 子,( ) ↔ 子,"[""① 母"", ""② 先"", ""③ 時"", ""④ 家""]",①,母,
7급II,107,2024-11-09,57,mean_select,다음 뜻에 맞는 漢字語를 <보기>에서 찾아 그 번호를 쓰세요.,마음이 편하지 아니하고 조마 조마함.,,"[""① 不安"", ""② 小火"", ""③ 長女"", ""④ 自答""]",①,不安,
7급II,107,2024-11-09,58,mean_select,다음 뜻에 맞는 漢字語를 <보기>에서 찾아 그 번호를 쓰세요.,스스로 대답함.,,"[""① 不安"", ""② 小火"", ""③ 長女"", ""④ 自答""]",④,自答,
7급II,107,2024-11-09,59,stroke,다음 漢字의 진하게 표시한 획은 몇 번째 쓰는지 <보기>에서 찾아 그 번호를 쓰세요.,,,"[""① 첫 번째"", ""② 두 번째"", ""③ 세 번째"", ""④ 네 번째"", ""⑤ 다섯 번째"", ""⑥ 여섯 번째"", ""⑦ 일곱 번째"", ""⑧ 여덟 번째"", ""⑨ 아홉 번째"", ""⑩ 열 번째""]",③,세 번째,exam-strokes/stroke_7ii_107_59.png
7급II,107,2024-11-09,60,stroke,다음 漢字의 진하게 표시한 획은 몇 번째 쓰는지 <보기>에서 찾아 그 번호를 쓰세요.,,,"[""① 첫 번째"", ""② 두 번째"", ""③ 세 번째"", ""④ 네 번째"", ""⑤ 다섯 번째"", ""⑥ 여섯 번째"", ""⑦ 일곱 번째"", ""⑧ 여덟 번째"", ""⑨ 아홉 번째"", ""⑩ 열 번째""]",④,네 번째,exam-strokes/stroke_7ii_107_60.png
7급II,108,2025-02-22,1,dokum,다음 밑줄 친 漢字語의 音을 쓰세요.,,,,한국,한국,
7급II,108,2025-02-22,2,dokum,다음 밑줄 친 漢字語의 音을 쓰세요.,이곳은 外人의 출입이 금지되어 있습니다.,外人,,외인,외인,
7급II,108,2025-02-22,3,dokum,다음 밑줄 친 漢字語의 音을 쓰세요.,지난밤 내린 많은 비로 인해 댐 水門 개방이 이루어졌습니다.,水門,,수문,수문,
7급II,108,2025-02-22,4,dokum,다음 밑줄 친 漢字語의 音을 쓰세요.,우리 마을에는 孝子로 이름난 사람들이 많습니다.,孝子,,효자,효자,
7급II,108,2025-02-22,5,dokum,다음 밑줄 친 漢字語의 音을 쓰세요.,학교는 이곳에서 南東 쪽 방면 에 위치합니다.,南東,,남동,남동,
7급II,108,2025-02-22,6,dokum,다음 밑줄 친 漢字語의 音을 쓰세요.,이번 전국체전에 道內의 실력자 들이 많이 출전하였습니다.,道內,,도내,도내,
7급II,108,2025-02-22,7,dokum,다음 밑줄 친 漢字語의 音을 쓰세요.,횡단보도를 건너기 전에는 언제 나 左右를 잘 살펴야 합니다.,左右,,좌우,좌우,
7급II,108,2025-02-22,8,dokum,다음 밑줄 친 漢字語의 音을 쓰세요.,이번 눈은 내일 午前까지 계속 내릴 것으로 예상됩니다.,午前,,오전,오전,
7급II,108,2025-02-22,9,dokum,다음 밑줄 친 漢字語의 音을 쓰세요.,가을철 農家에서는 추수로 분주 합니다.,農家,,농가,농가,
7급II,108,2025-02-22,10,dokum,다음 밑줄 친 漢字語의 音을 쓰세요.,언제나 正直한 마음으로 살아 가려 노력해야 합니다.,正直,,정직,정직,
7급II,108,2025-02-22,11,dokum,다음 밑줄 친 漢字語의 音을 쓰세요.,맑은 空氣를 누리기 위해서는 우 리 모두의 노력이 절실합니다.,空氣,,공기,공기,
7급II,108,2025-02-22,12,dokum,다음 밑줄 친 漢字語의 音을 쓰세요.,時間 약속을 잘 지키는 것이 신뢰의 기초입니다.,時間,,시간,시간,
7급II,108,2025-02-22,13,dokum,다음 밑줄 친 漢字語의 音을 쓰세요.,敎室 안에서는 뛰어다니지 않 습니다.,敎室,,교실,교실,
7급II,108,2025-02-22,14,dokum,다음 밑줄 친 漢字語의 音을 쓰세요.,이번 연말은 平安하게 보냈으 면 좋겠습니다.,平安,,평안,평안,
7급II,108,2025-02-22,15,dokum,다음 밑줄 친 漢字語의 音을 쓰세요.,萬一의 경우를 위해 충분히 준 비해 두어야 합니다.,萬一,,만일,만일,
7급II,108,2025-02-22,16,dokum,다음 밑줄 친 漢字語의 音을 쓰세요.,自力으로 본선 진출을 하려면 더 많은 승리가 필요합니다.,自力,,자력,자력,
7급II,108,2025-02-22,17,dokum,다음 밑줄 친 漢字語의 音을 쓰세요.,그 행사는 다음 달 五日로 예 정되어 있습니다.,五日,,오일,오일,
7급II,108,2025-02-22,18,dokum,다음 밑줄 친 漢字語의 音을 쓰세요.,막내 三寸은 나와 항상 잘 놀 아 주십니다.,三寸,,삼촌,삼촌,
7급II,108,2025-02-22,19,dokum,다음 밑줄 친 漢字語의 音을 쓰세요.,우리 반 진우는 여러 형제 중 長男입니다.,長男,,장남,장남,
7급II,108,2025-02-22,20,dokum,다음 밑줄 친 漢字語의 音을 쓰세요.,답안지에 자신의 姓名을 잘 적 었는지 확인해야 합니다.,姓名,,성명,성명,
7급II,108,2025-02-22,21,dokum,다음 밑줄 친 漢字語의 音을 쓰세요.,신라 시대 女王은 총 3명이 있 었습니다.,女王,,여왕,여왕,
7급II,108,2025-02-22,22,dokum,다음 밑줄 친 漢字語의 音을 쓰세요.,음식점에서 식사를 한 뒤 인터 넷에 後記를 작성하였습니다. (사)한국어문회 주관 ․ 한국한자능력검정회 시행,後記,,후기,후기,
7급II,108,2025-02-22,23,hunum,다음 漢字의 訓과 音을 쓰세요.,海,海,,바다 해,바다 해,
7급II,108,2025-02-22,24,hunum,다음 漢字의 訓과 音을 쓰세요.,動,動,,움직일 동,움직일 동,
7급II,108,2025-02-22,25,hunum,다음 漢字의 訓과 音을 쓰세요.,市,市,,저자 시,저자 시,
7급II,108,2025-02-22,26,hunum,다음 漢字의 訓과 音을 쓰세요.,不,不,,아닐 불,아닐 불,
7급II,108,2025-02-22,27,hunum,다음 漢字의 訓과 音을 쓰세요.,七,七,,일곱 칠,일곱 칠,
7급II,108,2025-02-22,28,hunum,다음 漢字의 訓과 音을 쓰세요.,下,下,,아래 하,아래 하,
7급II,108,2025-02-22,29,hunum,다음 漢字의 訓과 音을 쓰세요.,中,中,,가운데 중,가운데 중,
7급II,108,2025-02-22,30,hunum,다음 漢字의 訓과 音을 쓰세요.,立,立,,설 립,설 립,
7급II,108,2025-02-22,31,hunum,다음 漢字의 訓과 音을 쓰세요.,校,校,,학교 교,학교 교,
7급II,108,2025-02-22,32,hunum,다음 漢字의 訓과 音을 쓰세요.,八,八,,여덟 팔,여덟 팔,
7급II,108,2025-02-22,33,hunum,다음 漢字의 訓과 音을 쓰세요.,江,江,,강 강,강 강,
7급II,108,2025-02-22,34,hunum,다음 漢字의 訓과 音을 쓰세요.,小,小,,작을 소,작을 소,
7급II,108,2025-02-22,35,hunum,다음 漢字의 訓과 音을 쓰세요.,事,事,,일 사,일 사,
7급II,108,2025-02-22,36,hunum,다음 漢字의 訓과 音을 쓰세요.,民,民,,백성 민,백성 민,
7급II,108,2025-02-22,37,hunum,다음 漢字의 訓과 音을 쓰세요.,九,九,,아홉 구,아홉 구,
7급II,108,2025-02-22,38,hunum,다음 漢字의 訓과 音을 쓰세요.,大,大,,큰 대,큰 대,
7급II,108,2025-02-22,39,hunum,다음 漢字의 訓과 音을 쓰세요.,月,月,,달 월,달 월,
7급II,108,2025-02-22,40,hunum,다음 漢字의 訓과 音을 쓰세요.,弟,弟,,아우 제,아우 제,
7급II,108,2025-02-22,41,hunum,다음 漢字의 訓과 音을 쓰세요.,先,先,,먼저 선,먼저 선,
7급II,108,2025-02-22,42,hunum,다음 漢字의 訓과 音을 쓰세요.,十,十,,열 십,열 십,
7급II,108,2025-02-22,43,select_hanjaeo,다음 밑줄 친 漢字語를 <보기>에서 찾아 그 번호를 쓰세요.,이 반지는 백금으로 만들어졌 습니다.,백금,"[""① 二世"", ""② 白金"", ""③ 電話"", ""④ 四方""]",②,白金,
7급II,108,2025-02-22,44,select_hanjaeo,다음 밑줄 친 漢字語를 <보기>에서 찾아 그 번호를 쓰세요.,내일 전화를 해서 약속을 잡기 로 하였습니다.,전화,"[""① 二世"", ""② 白金"", ""③ 電話"", ""④ 四方""]",③,電話,
7급II,108,2025-02-22,45,select_hanja,다음 訓과 音에 맞는 漢字를 <보기>에서 찾아 그 번호를 쓰세요.,군사 군,군사 군,"[""① 火"", ""② 活"", ""③ 車"", ""④ 六"", ""⑤ 兄"", ""⑥ 每"", ""⑦ 食"", ""⑧ 物"", ""⑨ 北"", ""⑩ 軍""]",⑩,軍,
7급II,108,2025-02-22,46,select_hanja,다음 訓과 音에 맞는 漢字를 <보기>에서 찾아 그 번호를 쓰세요.,수레 거,수레 거,"[""① 火"", ""② 活"", ""③ 車"", ""④ 六"", ""⑤ 兄"", ""⑥ 每"", ""⑦ 食"", ""⑧ 物"", ""⑨ 北"", ""⑩ 軍""]",③,車,
7급II,108,2025-02-22,47,select_hanja,다음 訓과 音에 맞는 漢字를 <보기>에서 찾아 그 번호를 쓰세요.,매양 매,매양 매,"[""① 火"", ""② 活"", ""③ 車"", ""④ 六"", ""⑤ 兄"", ""⑥ 每"", ""⑦ 食"", ""⑧ 物"", ""⑨ 北"", ""⑩ 軍""]",⑥,每,
7급II,108,2025-02-22,48,select_hanja,다음 訓과 音에 맞는 漢字를 <보기>에서 찾아 그 번호를 쓰세요.,살 활,살 활,"[""① 火"", ""② 活"", ""③ 車"", ""④ 六"", ""⑤ 兄"", ""⑥ 每"", ""⑦ 食"", ""⑧ 物"", ""⑨ 北"", ""⑩ 軍""]",②,活,
7급II,108,2025-02-22,49,select_hanja,다음 訓과 音에 맞는 漢字를 <보기>에서 찾아 그 번호를 쓰세요.,북녘 북,북녘 북,"[""① 火"", ""② 活"", ""③ 車"", ""④ 六"", ""⑤ 兄"", ""⑥ 每"", ""⑦ 食"", ""⑧ 物"", ""⑨ 北"", ""⑩ 軍""]",⑨,北,
7급II,108,2025-02-22,50,select_hanja,다음 訓과 音에 맞는 漢字를 <보기>에서 찾아 그 번호를 쓰세요.,여섯 륙,여섯 륙,"[""① 火"", ""② 活"", ""③ 車"", ""④ 六"", ""⑤ 兄"", ""⑥ 每"", ""⑦ 食"", ""⑧ 物"", ""⑨ 北"", ""⑩ 軍""]",④,六,
7급II,108,2025-02-22,51,select_hanja,다음 訓과 音에 맞는 漢字를 <보기>에서 찾아 그 번호를 쓰세요.,형 형,형 형,"[""① 火"", ""② 活"", ""③ 車"", ""④ 六"", ""⑤ 兄"", ""⑥ 每"", ""⑦ 食"", ""⑧ 物"", ""⑨ 北"", ""⑩ 軍""]",⑤,兄,
7급II,108,2025-02-22,52,select_hanja,다음 訓과 音에 맞는 漢字를 <보기>에서 찾아 그 번호를 쓰세요.,밥/먹을 식,밥/먹을 식,"[""① 火"", ""② 活"", ""③ 車"", ""④ 六"", ""⑤ 兄"", ""⑥ 每"", ""⑦ 食"", ""⑧ 物"", ""⑨ 北"", ""⑩ 軍""]",⑦,食,
7급II,108,2025-02-22,53,select_hanja,다음 訓과 音에 맞는 漢字를 <보기>에서 찾아 그 번호를 쓰세요.,불 화,불 화,"[""① 火"", ""② 活"", ""③ 車"", ""④ 六"", ""⑤ 兄"", ""⑥ 每"", ""⑦ 食"", ""⑧ 物"", ""⑨ 北"", ""⑩ 軍""]",①,火,
7급II,108,2025-02-22,54,select_hanja,다음 訓과 音에 맞는 漢字를 <보기>에서 찾아 그 번호를 쓰세요.,물건 물 (사)한국어문회 주관 ․ 한국한자능력검정회 시행,물건 물 (사)한국어문회 주관 ․ 한국한자능력검정회 시행,"[""① 火"", ""② 活"", ""③ 車"", ""④ 六"", ""⑤ 兄"", ""⑥ 每"", ""⑦ 食"", ""⑧ 物"", ""⑨ 北"", ""⑩ 軍""]",⑧,物,
7급II,108,2025-02-22,55,banui_select,다음 漢字의 상대(또는 반대)되는 漢字를 <보기>에서 골라 그 번호를 쓰세요.,手 ↔ ( ),手 ↔ ( ),"[""① 西"", ""② 答"", ""③ 足"", ""④ 父""]",③,足,
7급II,108,2025-02-22,56,banui_select,다음 漢字의 상대(또는 반대)되는 漢字를 <보기>에서 골라 그 번호를 쓰세요.,( ) ↔ 母,( ) ↔ 母,"[""① 西"", ""② 答"", ""③ 足"", ""④ 父""]",④,父,
7급II,108,2025-02-22,57,mean_select,다음 뜻에 맞는 漢字語를 <보기>에서 찾아 그 번호를 쓰세요.,원료나 재료를 가공하여 물건 을 만들어 내는 설비를 갖춘 곳.,,"[""① 工場"", ""② 學生"", ""③ 靑山"", ""④ 土木""]",①,工場,
7급II,108,2025-02-22,58,mean_select,다음 뜻에 맞는 漢字語를 <보기>에서 찾아 그 번호를 쓰세요.,풀과 나무가 무성한 푸른 산.,,"[""① 工場"", ""② 學生"", ""③ 靑山"", ""④ 土木""]",③,靑山,
7급II,108,2025-02-22,59,stroke,다음 漢字의 진하게 표시한 획은 몇 번째 쓰는지 <보기>에서 찾아 그 번호를 쓰세요.,,,"[""① 첫 번째"", ""② 두 번째"", ""③ 세 번째"", ""④ 네 번째"", ""⑤ 다섯 번째"", ""⑥ 여섯 번째"", ""⑦ 일곱 번째"", ""⑧ 여덟 번째"", ""⑨ 아홉 번째"", ""⑩ 열 번째""]",⑤,다섯 번째,exam-strokes/stroke_7ii_108_59.png
7급II,108,2025-02-22,60,stroke,다음 漢字의 진하게 표시한 획은 몇 번째 쓰는지 <보기>에서 찾아 그 번호를 쓰세요.,,,"[""① 첫 번째"", ""② 두 번째"", ""③ 세 번째"", ""④ 네 번째"", ""⑤ 다섯 번째"", ""⑥ 여섯 번째"", ""⑦ 일곱 번째"", ""⑧ 여덟 번째"", ""⑨ 아홉 번째"", ""⑩ 열 번째""]",④,네 번째,exam-strokes/stroke_7ii_108_60.png
7급II,109,2025-05-24,1,dokum,다음 밑줄 친 漢字語의 音을 쓰세요.,우리 韓人은 세계 여러 나라에 서 살아가고 있습니다.,韓人,,한인,한인,
7급II,109,2025-05-24,2,dokum,다음 밑줄 친 漢字語의 音을 쓰세요.,삼국 시대의 王室은 불교를 보 호하고 발전시켰습니다.,王室,,왕실,왕실,
7급II,109,2025-05-24,3,dokum,다음 밑줄 친 漢字語의 音을 쓰세요.,놀이동산은 平日에는 아주 한적 합니다.,平日,,평일,평일,
7급II,109,2025-05-24,4,dokum,다음 밑줄 친 漢字語의 音을 쓰세요.,노래자라는 사람은 나이 七十에 도 재롱을 부려 부모님을 즐겁 게 해 드렸습니다.,七十,,칠십,칠십,
7급II,109,2025-05-24,5,dokum,다음 밑줄 친 漢字語의 音을 쓰세요.,이 텔레비전은 가볍고 얇으면서 電力 소모도 적습니다.,電力,,전력,전력,
7급II,109,2025-05-24,6,dokum,다음 밑줄 친 漢字語의 音을 쓰세요.,이 단체는 市民들 스스로가 만 들어 운영하는 자치 모임입니 다.,市民,,시민,시민,
7급II,109,2025-05-24,7,dokum,다음 밑줄 친 漢字語의 音을 쓰세요.,다리가 없이 기어서 이동하는 動物도 있습니다.,動物,,동물,동물,
7급II,109,2025-05-24,8,dokum,다음 밑줄 친 漢字語의 音을 쓰세요.,과수원의 서쪽에는 南北으로 하 천이 흐릅니다.,南北,,남북,남북,
7급II,109,2025-05-24,9,dokum,다음 밑줄 친 漢字語의 音을 쓰세요.,역할놀이를 통해 다른 사람의 立場을 생각해 볼 수 있습니다.,立場,,입장,입장,
7급II,109,2025-05-24,10,dokum,다음 밑줄 친 漢字語의 音을 쓰세요.,박 선수가 부상을 당해 주전 투수 자리가 空白 상태입니다.,空白,,공백,공백,
7급II,109,2025-05-24,11,dokum,다음 밑줄 친 漢字語의 音을 쓰세요.,직녀는 견우라는 靑年과 결혼 하였습니다.,靑年,,청년,청년,
7급II,109,2025-05-24,12,dokum,다음 밑줄 친 漢字語의 音을 쓰세요.,민수네 학교에서 全校 어린이 회장을 뽑으려고 합니다.,全校,,전교,전교,
7급II,109,2025-05-24,13,dokum,다음 밑줄 친 漢字語의 音을 쓰세요.,제주도의 전통 가옥에는 大門 대신 정낭이 있습니다.,大門,,대문,대문,
7급II,109,2025-05-24,14,dokum,다음 밑줄 친 漢字語의 音을 쓰세요.,결혼을 하여 분가한 삼촌은 어 엿한 家長이 되었습니다.,家長,,가장,가장,
7급II,109,2025-05-24,15,dokum,다음 밑줄 친 漢字語의 音을 쓰세요.,서로를 존중하고 배려한다면 아 름다운 世上이 될 수 있습니다.,世上,,세상,세상,
7급II,109,2025-05-24,16,dokum,다음 밑줄 친 漢字語의 音을 쓰세요.,세찬 비 때문에 몇십 미터 前 方도 내다보기 힘듭니다.,前,,전방,전방,
7급II,109,2025-05-24,17,dokum,다음 밑줄 친 漢字語의 音을 쓰세요.,사람들이 어렵고 낯선 外國 말 보다 쉬운 우리말을 쓰면 좋겠 습니다.,外國,,외국,외국,
7급II,109,2025-05-24,18,dokum,다음 밑줄 친 漢字語의 音을 쓰세요.,오전 열한 시부터 오후 한 시 까지를 午時라고 합니다.,午時,,오시,오시,
7급II,109,2025-05-24,19,dokum,다음 밑줄 친 漢字語의 音을 쓰세요.,철수는 每月 만 원씩 저금하기 로 하였습니다.,每月,,매월,매월,
7급II,109,2025-05-24,20,dokum,다음 밑줄 친 漢字語의 音을 쓰세요.,새로 지은 야구 경기장은 약 三萬 명의 관중을 수용할 수 있습니다.,三萬,,삼만,삼만,
7급II,109,2025-05-24,21,dokum,다음 밑줄 친 漢字語의 音을 쓰세요.,火山 활동으로 만들어진 특이 한 지형은 관광지로 이용되기 도 합니다.,火山,,화산,화산,
7급II,109,2025-05-24,22,dokum,다음 밑줄 친 漢字語의 音을 쓰세요.,삐걱대는 의자의 다리가 부러 지지 않을까 왠지 不安합니다. (사)한국어문회 주관 ․ 한국한자능력검정회 시행,不安,,불안,불안,
7급II,109,2025-05-24,23,hunum,다음 漢字의 訓과 音을 쓰세요.,兄,兄,,형 형,형 형,
7급II,109,2025-05-24,24,hunum,다음 漢字의 訓과 音을 쓰세요.,父,父,,아비 부,아비 부,
7급II,109,2025-05-24,25,hunum,다음 漢字의 訓과 音을 쓰세요.,木,木,,나무 목,나무 목,
7급II,109,2025-05-24,26,hunum,다음 漢字의 訓과 音을 쓰세요.,弟,弟,,아우 제,아우 제,
7급II,109,2025-05-24,27,hunum,다음 漢字의 訓과 音을 쓰세요.,二,二,,두 이,두 이,
7급II,109,2025-05-24,28,hunum,다음 漢字의 訓과 音을 쓰세요.,記,記,,기록할 기,기록할 기,
7급II,109,2025-05-24,29,hunum,다음 漢字의 訓과 音을 쓰세요.,內,內,,안 내,안 내,
7급II,109,2025-05-24,30,hunum,다음 漢字의 訓과 音을 쓰세요.,四,四,,넉 사,넉 사,
7급II,109,2025-05-24,31,hunum,다음 漢字의 訓과 音을 쓰세요.,自,自,,스스로 자,스스로 자,
7급II,109,2025-05-24,32,hunum,다음 漢字의 訓과 音을 쓰세요.,六,六,,여섯 륙,여섯 륙,
7급II,109,2025-05-24,33,hunum,다음 漢字의 訓과 音을 쓰세요.,名,名,,이름 명,이름 명,
7급II,109,2025-05-24,34,hunum,다음 漢字의 訓과 音을 쓰세요.,工,工,,장인 공,장인 공,
7급II,109,2025-05-24,35,hunum,다음 漢字의 訓과 音을 쓰세요.,後,後,,뒤 후,뒤 후,
7급II,109,2025-05-24,36,hunum,다음 漢字의 訓과 音을 쓰세요.,左,左,,왼 좌,왼 좌,
7급II,109,2025-05-24,37,hunum,다음 漢字의 訓과 音을 쓰세요.,母,母,,어미 모,어미 모,
7급II,109,2025-05-24,38,hunum,다음 漢字의 訓과 音을 쓰세요.,生,生,,날 생,날 생,
7급II,109,2025-05-24,39,hunum,다음 漢字의 訓과 音을 쓰세요.,金,金,,쇠 금/성 김,쇠 금/성 김,
7급II,109,2025-05-24,40,hunum,다음 漢字의 訓과 音을 쓰세요.,姓,姓,,성 성,성 성,
7급II,109,2025-05-24,41,hunum,다음 漢字의 訓과 音을 쓰세요.,子,子,,아들 자,아들 자,
7급II,109,2025-05-24,42,hunum,다음 漢字의 訓과 音을 쓰세요.,軍,軍,,군사 군,군사 군,
7급II,109,2025-05-24,43,select_hanjaeo,다음 밑줄 친 漢字語를 <보기>에서 찾아 그 번호를 쓰세요.,오늘 아침 식사는 빵과 우유로 간단히 먹었습니다.,식사,"[""① 中間"", ""② 農土"", ""③ 食事"", ""④ 海水""]",③,食事,
7급II,109,2025-05-24,44,select_hanjaeo,다음 밑줄 친 漢字語를 <보기>에서 찾아 그 번호를 쓰세요.,물고기는 해수의 온도에 따라 이동 방향이 달라진다고 합니 다.,해수,"[""① 中間"", ""② 農土"", ""③ 食事"", ""④ 海水""]",④,海水,
7급II,109,2025-05-24,45,select_hanja,다음 訓과 音에 맞는 漢字를 <보기>에서 찾아 그 번호를 쓰세요.,오를/오른(쪽) 우,오를/오른(쪽) 우,"[""① 正"", ""② 男"", ""③ 寸"", ""④ 西"", ""⑤ 話"", ""⑥ 右"", ""⑦ 八"", ""⑧ 先"", ""⑨ 江"", ""⑩ 九""]",⑥,右,
7급II,109,2025-05-24,46,select_hanja,다음 訓과 音에 맞는 漢字를 <보기>에서 찾아 그 번호를 쓰세요.,말씀 화,말씀 화,"[""① 正"", ""② 男"", ""③ 寸"", ""④ 西"", ""⑤ 話"", ""⑥ 右"", ""⑦ 八"", ""⑧ 先"", ""⑨ 江"", ""⑩ 九""]",⑤,話,
7급II,109,2025-05-24,47,select_hanja,다음 訓과 音에 맞는 漢字를 <보기>에서 찾아 그 번호를 쓰세요.,사내 남,사내 남,"[""① 正"", ""② 男"", ""③ 寸"", ""④ 西"", ""⑤ 話"", ""⑥ 右"", ""⑦ 八"", ""⑧ 先"", ""⑨ 江"", ""⑩ 九""]",②,男,
7급II,109,2025-05-24,48,select_hanja,다음 訓과 音에 맞는 漢字를 <보기>에서 찾아 그 번호를 쓰세요.,바를 정,바를 정,"[""① 正"", ""② 男"", ""③ 寸"", ""④ 西"", ""⑤ 話"", ""⑥ 右"", ""⑦ 八"", ""⑧ 先"", ""⑨ 江"", ""⑩ 九""]",①,正,
7급II,109,2025-05-24,49,select_hanja,다음 訓과 音에 맞는 漢字를 <보기>에서 찾아 그 번호를 쓰세요.,강 강,강 강,"[""① 正"", ""② 男"", ""③ 寸"", ""④ 西"", ""⑤ 話"", ""⑥ 右"", ""⑦ 八"", ""⑧ 先"", ""⑨ 江"", ""⑩ 九""]",⑨,江,
7급II,109,2025-05-24,50,select_hanja,다음 訓과 音에 맞는 漢字를 <보기>에서 찾아 그 번호를 쓰세요.,아홉 구,아홉 구,"[""① 正"", ""② 男"", ""③ 寸"", ""④ 西"", ""⑤ 話"", ""⑥ 右"", ""⑦ 八"", ""⑧ 先"", ""⑨ 江"", ""⑩ 九""]",⑩,九,
7급II,109,2025-05-24,51,select_hanja,다음 訓과 音에 맞는 漢字를 <보기>에서 찾아 그 번호를 쓰세요.,먼저 선,먼저 선,"[""① 正"", ""② 男"", ""③ 寸"", ""④ 西"", ""⑤ 話"", ""⑥ 右"", ""⑦ 八"", ""⑧ 先"", ""⑨ 江"", ""⑩ 九""]",⑧,先,
7급II,109,2025-05-24,52,select_hanja,다음 訓과 音에 맞는 漢字를 <보기>에서 찾아 그 번호를 쓰세요.,서녘 서,서녘 서,"[""① 正"", ""② 男"", ""③ 寸"", ""④ 西"", ""⑤ 話"", ""⑥ 右"", ""⑦ 八"", ""⑧ 先"", ""⑨ 江"", ""⑩ 九""]",④,西,
7급II,109,2025-05-24,53,select_hanja,다음 訓과 音에 맞는 漢字를 <보기>에서 찾아 그 번호를 쓰세요.,마디 촌,마디 촌,"[""① 正"", ""② 男"", ""③ 寸"", ""④ 西"", ""⑤ 話"", ""⑥ 右"", ""⑦ 八"", ""⑧ 先"", ""⑨ 江"", ""⑩ 九""]",③,寸,
7급II,109,2025-05-24,54,select_hanja,다음 訓과 音에 맞는 漢字를 <보기>에서 찾아 그 번호를 쓰세요.,여덟 팔 (사)한국어문회 주관 ․ 한국한자능력검정회 시행,여덟 팔 (사)한국어문회 주관 ․ 한국한자능력검정회 시행,"[""① 正"", ""② 男"", ""③ 寸"", ""④ 西"", ""⑤ 話"", ""⑥ 右"", ""⑦ 八"", ""⑧ 先"", ""⑨ 江"", ""⑩ 九""]",⑦,八,
7급II,109,2025-05-24,55,banui_select,다음 漢字의 상대(또는 반대)되는 漢字를 <보기>에서 골라 그 번호를 쓰세요.,( ) ↔ 足,( ) ↔ 足,"[""① 女"", ""② 學"", ""③ 手"", ""④ 東""]",③,手,
7급II,109,2025-05-24,56,banui_select,다음 漢字의 상대(또는 반대)되는 漢字를 <보기>에서 골라 그 번호를 쓰세요.,敎 ↔ ( ),敎 ↔ ( ),"[""① 女"", ""② 學"", ""③ 手"", ""④ 東""]",②,學,
7급II,109,2025-05-24,57,mean_select,다음 뜻에 맞는 漢字語를 <보기>에서 찾아 그 번호를 쓰세요.,활발한 기운.,,"[""① 下車"", ""② 孝道"", ""③ 活氣"", ""④ 直答""]",③,活氣,
7급II,109,2025-05-24,58,mean_select,다음 뜻에 맞는 漢字語를 <보기>에서 찾아 그 번호를 쓰세요.,직접 대답함.,,"[""① 下車"", ""② 孝道"", ""③ 活氣"", ""④ 直答""]",④,直答,
7급II,109,2025-05-24,59,stroke,다음 漢字의 진하게 표시한 획은 몇 번째 쓰는지 <보기>에서 찾아 그 번호를 쓰세요.,,,"[""① 첫 번째"", ""② 두 번째"", ""③ 세 번째"", ""④ 네 번째"", ""⑤ 다섯 번째"", ""⑥ 여섯 번째"", ""⑦ 일곱 번째"", ""⑧ 여덟 번째"", ""⑨ 아홉 번째"", ""⑩ 열 번째""]",①,첫 번째,exam-strokes/stroke_7ii_109_59.png
7급II,109,2025-05-24,60,stroke,다음 漢字의 진하게 표시한 획은 몇 번째 쓰는지 <보기>에서 찾아 그 번호를 쓰세요.,,,"[""① 첫 번째"", ""② 두 번째"", ""③ 세 번째"", ""④ 네 번째"", ""⑤ 다섯 번째"", ""⑥ 여섯 번째"", ""⑦ 일곱 번째"", ""⑧ 여덟 번째"", ""⑨ 아홉 번째"", ""⑩ 열 번째""]",③,세 번째,exam-strokes/stroke_7ii_109_60.png
7급II,110,2025-08-23,1,dokum,다음 밑줄 친 漢字語의 音을 쓰세요.,"우리는 한 兄弟, 한 민족입니 다.",兄弟,,형제,형제,
7급II,110,2025-08-23,2,dokum,다음 밑줄 친 漢字語의 音을 쓰세요.,父母님께 항상 감사하는 마음으 로 효도해야 합니다.,父母,,부모,부모,
7급II,110,2025-08-23,3,dokum,다음 밑줄 친 漢字語의 音을 쓰세요.,우리는 每日 하루 일과를 마치 고 잠들기 전에 일기를 씁니다.,每日,,매일,매일,
7급II,110,2025-08-23,4,dokum,다음 밑줄 친 漢字語의 音을 쓰세요.,우리 학교는 正午가 되면 점심시 간을 알리는 방송이 나옵니다.,正午,,정오,정오,
7급II,110,2025-08-23,5,dokum,다음 밑줄 친 漢字語의 音을 쓰세요.,이 버스는 市內와 시외를 오가 는 직행버스입니다.,市內,,시내,시내,
7급II,110,2025-08-23,6,dokum,다음 밑줄 친 漢字語의 音을 쓰세요.,내일 만날 時間을 정하고 각자 집으로 돌아갔습니다.,時間,,시간,시간,
7급II,110,2025-08-23,7,dokum,다음 밑줄 친 漢字語의 音을 쓰세요.,가뭄에도 불구하고 올해 농사도 平年 수준의 수확을 했습니다.,平年,,평년,평년,
7급II,110,2025-08-23,8,dokum,다음 밑줄 친 漢字語의 音을 쓰세요.,마을 사람들이 水中에서 물고기 를 잡고 있습니다.,水中,,수중,수중,
7급II,110,2025-08-23,9,dokum,다음 밑줄 친 漢字語의 音을 쓰세요.,옛날 원시인들은 火食을 할 줄 몰랐다고 합니다.,火食,,화식,화식,
7급II,110,2025-08-23,10,dokum,다음 밑줄 친 漢字語의 音을 쓰세요.,나는 열심히 공부해서 家門을 빛 낼 훌륭한 사람이 되겠습니다.,家門,,가문,가문,
7급II,110,2025-08-23,11,dokum,다음 밑줄 친 漢字語의 音을 쓰세요.,수업 시작종이 울리자 선생님 께서 敎室에 들어오셨습니다.,敎室,,교실,교실,
7급II,110,2025-08-23,12,dokum,다음 밑줄 친 漢字語의 音을 쓰세요.,우리 반은 男女의 비율이 정확 히 똑같습니다.,男女,,남녀,남녀,
7급II,110,2025-08-23,13,dokum,다음 밑줄 친 漢字語의 音을 쓰세요.,조회 시간에 校長 선생님의 인 사 말씀이 있었습니다.,校長,,교장,교장,
7급II,110,2025-08-23,14,dokum,다음 밑줄 친 漢字語의 音을 쓰세요.,공부하면서 의문 나는 부분은 책의 空白에 기록해 두었습니 다.,空白,,공백,공백,
7급II,110,2025-08-23,15,dokum,다음 밑줄 친 漢字語의 音을 쓰세요.,三寸은 다음 달 결혼식을 올립 니다.,三寸,,삼촌,삼촌,
7급II,110,2025-08-23,16,dokum,다음 밑줄 친 漢字語의 音을 쓰세요.,그는 나이 五十 살에 출전한 마라톤 대회에서 처음으로 우 승을 차지하였다.,五十,,오십,오십,
7급II,110,2025-08-23,17,dokum,다음 밑줄 친 漢字語의 音을 쓰세요.,나는 孝道를 실천하는 효자가 되도록 노력하겠습니다.,孝道,,효도,효도,
7급II,110,2025-08-23,18,dokum,다음 밑줄 친 漢字語의 音을 쓰세요.,學生들은 열심히 공부하여 장 차 훌륭한 사람으로 성장해야 합니다.,學生,,학생,학생,
7급II,110,2025-08-23,19,dokum,다음 밑줄 친 漢字語의 音을 쓰세요.,일을 시작하려면 先後를 잘 따 져서 처리해야 한다.,先後,,선후,선후,
7급II,110,2025-08-23,20,dokum,다음 밑줄 친 漢字語의 音을 쓰세요.,지방에서 근무하는 형은 주말 마다 電話로 부모님께 안부를 전한다.,電話,,전화,전화,
7급II,110,2025-08-23,21,dokum,다음 밑줄 친 漢字語의 音을 쓰세요.,오늘 신문 사회면에 소년 가장 에 대한 아름다운 記事가 신문 에 실렸다.,記事,,기사,기사,
7급II,110,2025-08-23,22,dokum,다음 밑줄 친 漢字語의 音을 쓰세요.,動物이나 식물이나 수분만큼 중요한 것은 없다. (사)한국어문회 주관 ․ 한국한자능력검정회 시행,動物,,동물,동물,
7급II,110,2025-08-23,23,hunum,다음 漢字의 訓과 音을 쓰세요.,金,金,,쇠 금/성 김,쇠 금/성 김,
7급II,110,2025-08-23,24,hunum,다음 漢字의 訓과 音을 쓰세요.,下,下,,아래 하,아래 하,
7급II,110,2025-08-23,25,hunum,다음 漢字의 訓과 音을 쓰세요.,足,足,,발 족,발 족,
7급II,110,2025-08-23,26,hunum,다음 漢字의 訓과 音을 쓰세요.,東,東,,동녘 동,동녘 동,
7급II,110,2025-08-23,27,hunum,다음 漢字의 訓과 音을 쓰세요.,安,安,,편안 안,편안 안,
7급II,110,2025-08-23,28,hunum,다음 漢字의 訓과 音을 쓰세요.,小,小,,작을 소,작을 소,
7급II,110,2025-08-23,29,hunum,다음 漢字의 訓과 音을 쓰세요.,全,全,,온전 전,온전 전,
7급II,110,2025-08-23,30,hunum,다음 漢字의 訓과 音을 쓰세요.,靑,靑,,푸를 청,푸를 청,
7급II,110,2025-08-23,31,hunum,다음 漢字의 訓과 音을 쓰세요.,不,不,,아닐 불,아닐 불,
7급II,110,2025-08-23,32,hunum,다음 漢字의 訓과 音을 쓰세요.,六,六,,여섯 륙,여섯 륙,
7급II,110,2025-08-23,33,hunum,다음 漢字의 訓과 音을 쓰세요.,月,月,,달 월,달 월,
7급II,110,2025-08-23,34,hunum,다음 漢字의 訓과 音을 쓰세요.,力,力,,힘 력,힘 력,
7급II,110,2025-08-23,35,hunum,다음 漢字의 訓과 音을 쓰세요.,山,山,,메 산,메 산,
7급II,110,2025-08-23,36,hunum,다음 漢字의 訓과 音을 쓰세요.,木,木,,나무 목,나무 목,
7급II,110,2025-08-23,37,hunum,다음 漢字의 訓과 音을 쓰세요.,北,北,,북녘 북/달아날 배,북녘 북/달아날 배,
7급II,110,2025-08-23,38,hunum,다음 漢字의 訓과 音을 쓰세요.,西,西,,서녘 서,서녘 서,
7급II,110,2025-08-23,39,hunum,다음 漢字의 訓과 音을 쓰세요.,七,七,,일곱 칠,일곱 칠,
7급II,110,2025-08-23,40,hunum,다음 漢字의 訓과 音을 쓰세요.,八,八,,여덟 팔,여덟 팔,
7급II,110,2025-08-23,41,hunum,다음 漢字의 訓과 音을 쓰세요.,人,人,,사람 인,사람 인,
7급II,110,2025-08-23,42,hunum,다음 漢字의 訓과 音을 쓰세요.,氣,氣,,기운 기,기운 기,
7급II,110,2025-08-23,43,select_hanjaeo,다음 밑줄 친 漢字語를 <보기>에서 찾아 그 번호를 쓰세요.,누나는 대학을 졸업하자 경제 적으로 자립을 하기 위해 취직 을 서둘렀다.,자립,"[""① 海外"", ""② 韓國"", ""③ 自立"", ""④ 工場""]",③,自立,
7급II,110,2025-08-23,44,select_hanjaeo,다음 밑줄 친 漢字語를 <보기>에서 찾아 그 번호를 쓰세요.,요즘 들어 해외에서 휴가를 즐 기려는 사람들이 부쩍 늘었다.,해외,"[""① 海外"", ""② 韓國"", ""③ 自立"", ""④ 工場""]",①,海外,
7급II,110,2025-08-23,45,select_hanja,다음 訓과 音에 맞는 漢字를 <보기>에서 찾아 그 번호를 쓰세요.,앞 전,앞 전,"[""① 答"", ""② 前"", ""③ 活"", ""④ 直"", ""⑤ 九"", ""⑥ 土"", ""⑦ 農"", ""⑧ 車"", ""⑨ 子"", ""⑩ 軍""]",②,前,
7급II,110,2025-08-23,46,select_hanja,다음 訓과 音에 맞는 漢字를 <보기>에서 찾아 그 번호를 쓰세요.,살 활,살 활,"[""① 答"", ""② 前"", ""③ 活"", ""④ 直"", ""⑤ 九"", ""⑥ 土"", ""⑦ 農"", ""⑧ 車"", ""⑨ 子"", ""⑩ 軍""]",③,活,
7급II,110,2025-08-23,47,select_hanja,다음 訓과 音에 맞는 漢字를 <보기>에서 찾아 그 번호를 쓰세요.,대답 답,대답 답,"[""① 答"", ""② 前"", ""③ 活"", ""④ 直"", ""⑤ 九"", ""⑥ 土"", ""⑦ 農"", ""⑧ 車"", ""⑨ 子"", ""⑩ 軍""]",①,答,
7급II,110,2025-08-23,48,select_hanja,다음 訓과 音에 맞는 漢字를 <보기>에서 찾아 그 번호를 쓰세요.,흙 토,흙 토,"[""① 答"", ""② 前"", ""③ 活"", ""④ 直"", ""⑤ 九"", ""⑥ 土"", ""⑦ 農"", ""⑧ 車"", ""⑨ 子"", ""⑩ 軍""]",⑥,土,
7급II,110,2025-08-23,49,select_hanja,다음 訓과 音에 맞는 漢字를 <보기>에서 찾아 그 번호를 쓰세요.,수레 거(차),수레 거(차),"[""① 答"", ""② 前"", ""③ 活"", ""④ 直"", ""⑤ 九"", ""⑥ 土"", ""⑦ 農"", ""⑧ 車"", ""⑨ 子"", ""⑩ 軍""]",⑧,車,
7급II,110,2025-08-23,50,select_hanja,다음 訓과 音에 맞는 漢字를 <보기>에서 찾아 그 번호를 쓰세요.,곧을 직,곧을 직,"[""① 答"", ""② 前"", ""③ 活"", ""④ 直"", ""⑤ 九"", ""⑥ 土"", ""⑦ 農"", ""⑧ 車"", ""⑨ 子"", ""⑩ 軍""]",④,直,
7급II,110,2025-08-23,51,select_hanja,다음 訓과 音에 맞는 漢字를 <보기>에서 찾아 그 번호를 쓰세요.,아홉 구,아홉 구,"[""① 答"", ""② 前"", ""③ 活"", ""④ 直"", ""⑤ 九"", ""⑥ 土"", ""⑦ 農"", ""⑧ 車"", ""⑨ 子"", ""⑩ 軍""]",⑤,九,
7급II,110,2025-08-23,52,select_hanja,다음 訓과 音에 맞는 漢字를 <보기>에서 찾아 그 번호를 쓰세요.,아들 자,아들 자,"[""① 答"", ""② 前"", ""③ 活"", ""④ 直"", ""⑤ 九"", ""⑥ 土"", ""⑦ 農"", ""⑧ 車"", ""⑨ 子"", ""⑩ 軍""]",⑨,子,
7급II,110,2025-08-23,53,select_hanja,다음 訓과 音에 맞는 漢字를 <보기>에서 찾아 그 번호를 쓰세요.,농사 농,농사 농,"[""① 答"", ""② 前"", ""③ 活"", ""④ 直"", ""⑤ 九"", ""⑥ 土"", ""⑦ 農"", ""⑧ 車"", ""⑨ 子"", ""⑩ 軍""]",⑦,農,
7급II,110,2025-08-23,54,select_hanja,다음 訓과 音에 맞는 漢字를 <보기>에서 찾아 그 번호를 쓰세요.,군사 군 (사)한국어문회 주관 ․ 한국한자능력검정회 시행,군사 군 (사)한국어문회 주관 ․ 한국한자능력검정회 시행,"[""① 答"", ""② 前"", ""③ 活"", ""④ 直"", ""⑤ 九"", ""⑥ 土"", ""⑦ 農"", ""⑧ 車"", ""⑨ 子"", ""⑩ 軍""]",⑩,軍,
7급II,110,2025-08-23,55,banui_select,다음 漢字의 상대(또는 반대)되는 漢字를 <보기>에서 골라 그 번호를 쓰세요.,( ) ↔ 右,( ) ↔ 右,"[""① 民"", ""② 大"", ""③ 左"", ""④ 漢""]",③,左,
7급II,110,2025-08-23,56,banui_select,다음 漢字의 상대(또는 반대)되는 漢字를 <보기>에서 골라 그 번호를 쓰세요.,王 ↔ ( ),王 ↔ ( ),"[""① 民"", ""② 大"", ""③ 左"", ""④ 漢""]",①,民,
7급II,110,2025-08-23,57,mean_select,다음 뜻에 맞는 漢字語를 <보기>에서 찾아 그 번호를 쓰세요.,강의 남쪽.,,"[""① 江南"", ""② 萬方"", ""③ 姓名"", ""④ 世上""]",①,江南,
7급II,110,2025-08-23,58,mean_select,다음 뜻에 맞는 漢字語를 <보기>에서 찾아 그 번호를 쓰세요.,성과 이름.,,"[""① 江南"", ""② 萬方"", ""③ 姓名"", ""④ 世上""]",③,姓名,
7급II,110,2025-08-23,59,stroke,다음 漢字의 진하게 표시한 획은 몇 번째 쓰는지 <보기>에서 찾아 그 번호를 쓰세요.,,,"[""① 첫 번째"", ""② 두 번째"", ""③ 세 번째"", ""④ 네 번째"", ""⑤ 다섯 번째"", ""⑥ 여섯 번째"", ""⑦ 일곱 번째"", ""⑧ 여덟 번째"", ""⑨ 아홉 번째"", ""⑩ 열 번째""]",④,네 번째,exam-strokes/stroke_7ii_110_59.png
7급II,110,2025-08-23,60,stroke,다음 漢字의 진하게 표시한 획은 몇 번째 쓰는지 <보기>에서 찾아 그 번호를 쓰세요.,,,"[""① 첫 번째"", ""② 두 번째"", ""③ 세 번째"", ""④ 네 번째"", ""⑤ 다섯 번째"", ""⑥ 여섯 번째"", ""⑦ 일곱 번째"", ""⑧ 여덟 번째"", ""⑨ 아홉 번째"", ""⑩ 열 번째""]",⑤,다섯 번째,exam-strokes/stroke_7ii_110_60.png
7급II,111,2025-11-15,1,dokum,다음 밑줄 친 漢字語의 音을 쓰세요.,전설의 새인 붕새는 한 번에 九萬 리 하늘을 난다고 합니다.,九萬,,구만,구만,
7급II,111,2025-11-15,2,dokum,다음 밑줄 친 漢字語의 音을 쓰세요.,올해도 여느 해와 같이 五月에 사과꽃이 피었습니다.,五月,,오월,오월,
7급II,111,2025-11-15,3,dokum,다음 밑줄 친 漢字語의 音을 쓰세요.,봄이 되면 우리 학교는 四方이 꽃으로 둘러싸입니다.,四方,,사방,사방,
7급II,111,2025-11-15,4,dokum,다음 밑줄 친 漢字語의 音을 쓰세요.,장보고는 청해에 요새를 짓고 水軍을 훈련시켰습니다.,水軍,,수군,수군,
7급II,111,2025-11-15,5,dokum,다음 밑줄 친 漢字語의 音을 쓰세요.,下校길 아이들이 삼삼오오 모여 군것질을 하였습니다.,下校,,하교,하교,
7급II,111,2025-11-15,6,dokum,다음 밑줄 친 漢字語의 音을 쓰세요.,이 호수의 東南쪽에는 각종 레 저 시설이 들어설 계획입니다.,東南,,동남,동남,
7급II,111,2025-11-15,7,dokum,다음 밑줄 친 漢字語의 音을 쓰세요.,父母님은 우리에게 사랑과 정을 아낌없이 주셨습니다.,父母,,부모,부모,
7급II,111,2025-11-15,8,dokum,다음 밑줄 친 漢字語의 音을 쓰세요.,마을 뒷산 중턱에 도로를 건설 하는 土木 공사가 한창입니다.,土木,,토목,토목,
7급II,111,2025-11-15,9,dokum,다음 밑줄 친 漢字語의 音을 쓰세요.,서로 간의 立場이 다르면 갈등 이 생길 수도 있습니다.,立場,,입장,입장,
7급II,111,2025-11-15,10,dokum,다음 밑줄 친 漢字語의 音을 쓰세요.,어느덧 해가 西山으로 뉘엿뉘 엿 넘어가고 있습니다.,西山,,서산,서산,
7급II,111,2025-11-15,11,dokum,다음 밑줄 친 漢字語의 音을 쓰세요.,수박이나 참외는 一年생 식물 에서 나는 열매입니다.,一年,,일년,일년,
7급II,111,2025-11-15,12,dokum,다음 밑줄 친 漢字語의 音을 쓰세요.,나무꾼은 금도끼도 은도끼도 자기 것이 아니라고 산신령께 正直하게 말했습니다.,正直,,정직,정직,
7급II,111,2025-11-15,13,dokum,다음 밑줄 친 漢字語의 音을 쓰세요.,아버지와 어머니는 大學 시절 처음 만났다고 합니다.,大學,,대학,대학,
7급II,111,2025-11-15,14,dokum,다음 밑줄 친 漢字語의 音을 쓰세요.,三國 시대의 불교는 왕실의 보 호를 받으며 백성들에게 널리 퍼져 나갔습니다.,三國,,삼국,삼국,
7급II,111,2025-11-15,15,dokum,다음 밑줄 친 漢字語의 音을 쓰세요.,무슨 영문인지 조선 八道에서 잡힌 홍길동이 모두 여덟 명이 었습니다.,八道,,팔도,팔도,
7급II,111,2025-11-15,16,dokum,다음 밑줄 친 漢字語의 音을 쓰세요.,내가 제일 좋아하는 間食은 어 머니가 만드신 도넛입니다.,間食,,간식,간식,
7급II,111,2025-11-15,17,dokum,다음 밑줄 친 漢字語의 音을 쓰세요.,할아버지께서는 나이 七十인데 도 등산을 다니십니다.,七十,,칠십,칠십,
7급II,111,2025-11-15,18,dokum,다음 밑줄 친 漢字語의 音을 쓰세요.,역사박물관에서는 조선 王室에 서 사용하던 물품들을 전시하 였습니다.,王室,,왕실,왕실,
7급II,111,2025-11-15,19,dokum,다음 밑줄 친 漢字語의 音을 쓰세요.,철수는 운동장에서 每日 줄넘 기 연습을 합니다.,每日,,매일,매일,
7급II,111,2025-11-15,20,dokum,다음 밑줄 친 漢字語의 音을 쓰세요.,몸에 부작용이 없는 白金은 의 료용으로도 널리 이용된다고 합니다.,白金,,백금,백금,
7급II,111,2025-11-15,21,dokum,다음 밑줄 친 漢字語의 音을 쓰세요.,오랜만에 만난 두 사람은 반갑 게 손을 잡으며 人事했습니다.,人事,,인사,인사,
7급II,111,2025-11-15,22,dokum,다음 밑줄 친 漢字語의 音을 쓰세요.,선생님께서 男女 한복의 차이 를 알기 쉽게 설명해 주셨습니 다. (사)한국어문회 주관 ․ 한국한자능력검정회 시행,男女,,남녀,남녀,
7급II,111,2025-11-15,23,hunum,다음 漢字의 訓과 音을 쓰세요.,江,江,,강 강,강 강,
7급II,111,2025-11-15,24,hunum,다음 漢字의 訓과 音을 쓰세요.,兄,兄,,형 형,형 형,
7급II,111,2025-11-15,25,hunum,다음 漢字의 訓과 音을 쓰세요.,火,火,,불 화,불 화,
7급II,111,2025-11-15,26,hunum,다음 漢字의 訓과 音을 쓰세요.,中,中,,가운데 중,가운데 중,
7급II,111,2025-11-15,27,hunum,다음 漢字의 訓과 音을 쓰세요.,世,世,,인간 세,인간 세,
7급II,111,2025-11-15,28,hunum,다음 漢字의 訓과 音을 쓰세요.,敎,敎,,가르칠 교,가르칠 교,
7급II,111,2025-11-15,29,hunum,다음 漢字의 訓과 音을 쓰세요.,子,子,,아들 자,아들 자,
7급II,111,2025-11-15,30,hunum,다음 漢字의 訓과 音을 쓰세요.,手,手,,손 수,손 수,
7급II,111,2025-11-15,31,hunum,다음 漢字의 訓과 音을 쓰세요.,話,話,,말씀 화,말씀 화,
7급II,111,2025-11-15,32,hunum,다음 漢字의 訓과 音을 쓰세요.,長,長,,긴 장,긴 장,
7급II,111,2025-11-15,33,hunum,다음 漢字의 訓과 音을 쓰세요.,自,自,,스스로 자,스스로 자,
7급II,111,2025-11-15,34,hunum,다음 漢字의 訓과 音을 쓰세요.,小,小,,작을 소,작을 소,
7급II,111,2025-11-15,35,hunum,다음 漢字의 訓과 音을 쓰세요.,答,答,,대답 답,대답 답,
7급II,111,2025-11-15,36,hunum,다음 漢字의 訓과 音을 쓰세요.,力,力,,힘 력,힘 력,
7급II,111,2025-11-15,37,hunum,다음 漢字의 訓과 音을 쓰세요.,六,六,,여섯 륙,여섯 륙,
7급II,111,2025-11-15,38,hunum,다음 漢字의 訓과 音을 쓰세요.,電,電,,번개 전,번개 전,
7급II,111,2025-11-15,39,hunum,다음 漢字의 訓과 音을 쓰세요.,弟,弟,,아우 제,아우 제,
7급II,111,2025-11-15,40,hunum,다음 漢字의 訓과 音을 쓰세요.,工,工,,장인 공,장인 공,
7급II,111,2025-11-15,41,hunum,다음 漢字의 訓과 音을 쓰세요.,右,右,,오를/오른(쪽) 우,오를/오른(쪽) 우,
7급II,111,2025-11-15,42,hunum,다음 漢字의 訓과 音을 쓰세요.,上,上,,윗 상,윗 상,
7급II,111,2025-11-15,43,select_hanjaeo,다음 밑줄 친 漢字語를 <보기>에서 찾아 그 번호를 쓰세요.,"대합, 바지락, 피조개 등은 주로 모랫바닥에 사는 생물입니다.",생물,"[""① 空氣"", ""② 市民"", ""③ 安全"", ""④ 生物""]",④,生物,
7급II,111,2025-11-15,44,select_hanjaeo,다음 밑줄 친 漢字語를 <보기>에서 찾아 그 번호를 쓰세요.,우리는 숲이 우거진 삼림욕장 에 가서 맑은 공기를 마셨습니 다.,공기,"[""① 空氣"", ""② 市民"", ""③ 安全"", ""④ 生物""]",①,空氣,
7급II,111,2025-11-15,45,select_hanja,다음 訓과 音에 맞는 漢字를 <보기>에서 찾아 그 번호를 쓰세요.,왼 좌,왼 좌,"[""① 左"", ""② 靑"", ""③ 姓"", ""④ 記"", ""⑤ 先"", ""⑥ 午"", ""⑦ 門"", ""⑧ 車"", ""⑨ 寸"", ""⑩ 海""]",①,左,
7급II,111,2025-11-15,46,select_hanja,다음 訓과 音에 맞는 漢字를 <보기>에서 찾아 그 번호를 쓰세요.,바다 해,바다 해,"[""① 左"", ""② 靑"", ""③ 姓"", ""④ 記"", ""⑤ 先"", ""⑥ 午"", ""⑦ 門"", ""⑧ 車"", ""⑨ 寸"", ""⑩ 海""]",⑩,海,
7급II,111,2025-11-15,47,select_hanja,다음 訓과 音에 맞는 漢字를 <보기>에서 찾아 그 번호를 쓰세요.,기록할 기,기록할 기,"[""① 左"", ""② 靑"", ""③ 姓"", ""④ 記"", ""⑤ 先"", ""⑥ 午"", ""⑦ 門"", ""⑧ 車"", ""⑨ 寸"", ""⑩ 海""]",④,記,
7급II,111,2025-11-15,48,select_hanja,다음 訓과 音에 맞는 漢字를 <보기>에서 찾아 그 번호를 쓰세요.,낮 오,낮 오,"[""① 左"", ""② 靑"", ""③ 姓"", ""④ 記"", ""⑤ 先"", ""⑥ 午"", ""⑦ 門"", ""⑧ 車"", ""⑨ 寸"", ""⑩ 海""]",⑥,午,
7급II,111,2025-11-15,49,select_hanja,다음 訓과 音에 맞는 漢字를 <보기>에서 찾아 그 번호를 쓰세요.,수레 거 | 수레 차,수레 거 | 수레 차,"[""① 左"", ""② 靑"", ""③ 姓"", ""④ 記"", ""⑤ 先"", ""⑥ 午"", ""⑦ 門"", ""⑧ 車"", ""⑨ 寸"", ""⑩ 海""]",⑧,車,
7급II,111,2025-11-15,50,select_hanja,다음 訓과 音에 맞는 漢字를 <보기>에서 찾아 그 번호를 쓰세요.,먼저 선,먼저 선,"[""① 左"", ""② 靑"", ""③ 姓"", ""④ 記"", ""⑤ 先"", ""⑥ 午"", ""⑦ 門"", ""⑧ 車"", ""⑨ 寸"", ""⑩ 海""]",⑤,先,
7급II,111,2025-11-15,51,select_hanja,다음 訓과 音에 맞는 漢字를 <보기>에서 찾아 그 번호를 쓰세요.,마디 촌,마디 촌,"[""① 左"", ""② 靑"", ""③ 姓"", ""④ 記"", ""⑤ 先"", ""⑥ 午"", ""⑦ 門"", ""⑧ 車"", ""⑨ 寸"", ""⑩ 海""]",⑨,寸,
7급II,111,2025-11-15,52,select_hanja,다음 訓과 音에 맞는 漢字를 <보기>에서 찾아 그 번호를 쓰세요.,문 문,문 문,"[""① 左"", ""② 靑"", ""③ 姓"", ""④ 記"", ""⑤ 先"", ""⑥ 午"", ""⑦ 門"", ""⑧ 車"", ""⑨ 寸"", ""⑩ 海""]",⑦,門,
7급II,111,2025-11-15,53,select_hanja,다음 訓과 音에 맞는 漢字를 <보기>에서 찾아 그 번호를 쓰세요.,푸를 청,푸를 청,"[""① 左"", ""② 靑"", ""③ 姓"", ""④ 記"", ""⑤ 先"", ""⑥ 午"", ""⑦ 門"", ""⑧ 車"", ""⑨ 寸"", ""⑩ 海""]",②,靑,
7급II,111,2025-11-15,54,select_hanja,다음 訓과 音에 맞는 漢字를 <보기>에서 찾아 그 번호를 쓰세요.,성 성 (사)한국어문회 주관 ․ 한국한자능력검정회 시행,성 성 (사)한국어문회 주관 ․ 한국한자능력검정회 시행,"[""① 左"", ""② 靑"", ""③ 姓"", ""④ 記"", ""⑤ 先"", ""⑥ 午"", ""⑦ 門"", ""⑧ 車"", ""⑨ 寸"", ""⑩ 海""]",③,姓,
7급II,111,2025-11-15,55,banui_select,다음 漢字의 상대(또는 반대)되는 漢字를 <보기>에서 골라 그 번호를 쓰세요.,( ) ↔ 外,( ) ↔ 外,"[""① 後"", ""② 足"", ""③ 動"", ""④ 內""]",④,內,
7급II,111,2025-11-15,56,banui_select,다음 漢字의 상대(또는 반대)되는 漢字를 <보기>에서 골라 그 번호를 쓰세요.,前 ↔ ( ),前 ↔ ( ),"[""① 後"", ""② 足"", ""③ 動"", ""④ 內""]",①,後,
7급II,111,2025-11-15,57,mean_select,다음 뜻에 맞는 漢字語를 <보기>에서 찾아 그 번호를 쓰세요.,뜻하지 아니한 때.,,"[""① 農活"", ""② 名家"", ""③ 不時"", ""④ 北韓""]",③,不時,
7급II,111,2025-11-15,58,mean_select,다음 뜻에 맞는 漢字語를 <보기>에서 찾아 그 번호를 쓰세요.,명망이 높은 가문.,,"[""① 農活"", ""② 名家"", ""③ 不時"", ""④ 北韓""]",②,名家,
7급II,111,2025-11-15,59,stroke,다음 漢字의 진하게 표시한 획은 몇 번째 쓰는지 <보기>에서 찾아 그 번호를 쓰세요.,,,"[""① 첫 번째"", ""② 두 번째"", ""③ 세 번째"", ""④ 네 번째"", ""⑤ 다섯 번째"", ""⑥ 여섯 번째"", ""⑦ 일곱 번째"", ""⑧ 여덟 번째"", ""⑨ 아홉 번째"", ""⑩ 열 번째""]",③,세 번째,exam-strokes/stroke_7ii_111_59.png
7급II,111,2025-11-15,60,stroke,다음 漢字의 진하게 표시한 획은 몇 번째 쓰는지 <보기>에서 찾아 그 번호를 쓰세요.,,,"[""① 첫 번째"", ""② 두 번째"", ""③ 세 번째"", ""④ 네 번째"", ""⑤ 다섯 번째"", ""⑥ 여섯 번째"", ""⑦ 일곱 번째"", ""⑧ 여덟 번째"", ""⑨ 아홉 번째"", ""⑩ 열 번째""]",④,네 번째,exam-strokes/stroke_7ii_111_60.png
7급II,112,2026-02-28,1,dokum,다음 밑줄 친 漢字語의 音을 쓰세요.,오늘은 점심 食事로 국수를 먹 었습니다.,食事,,식사,식사,
7급II,112,2026-02-28,2,dokum,다음 밑줄 친 漢字語의 音을 쓰세요.,수업 시간이 되자 敎室이 조용 해졌습니다.,敎室,,교실,교실,
7급II,112,2026-02-28,3,dokum,다음 밑줄 친 漢字語의 音을 쓰세요.,인간은 萬物의 영장입니다.,萬物,,만물,만물,
7급II,112,2026-02-28,4,dokum,다음 밑줄 친 漢字語의 音을 쓰세요.,다리를 다쳐서 活動이 어렵습니 다.,活動,,활동,활동,
7급II,112,2026-02-28,5,dokum,다음 밑줄 친 漢字語의 音을 쓰세요.,요즘 재생 에너지를 이용한 電氣 생산에 관심이 많습니다.,電氣,,전기,전기,
7급II,112,2026-02-28,6,dokum,다음 밑줄 친 漢字語의 音을 쓰세요.,이 일은 생각보다 時間이 많이 드는 일입니다.,時間,,시간,시간,
7급II,112,2026-02-28,7,dokum,다음 밑줄 친 漢字語의 音을 쓰세요.,시내를 東西로 관통하는 도로가 새로 개통되었습니다.,東西,,동서,동서,
7급II,112,2026-02-28,8,dokum,다음 밑줄 친 漢字語의 音을 쓰세요.,먼 친척보다 이웃 四寸이 더 낫 다는 말이 있습니다.,四寸,,사촌,사촌,
7급II,112,2026-02-28,9,dokum,다음 밑줄 친 漢字語의 音을 쓰세요.,어머니 생신 선물을 사려고 每月 은행에 적금을 붓고 있습니다.,每月,,매월,매월,
7급II,112,2026-02-28,10,dokum,다음 밑줄 친 漢字語의 音을 쓰세요.,세상에는 正答을 찾기 어려운 문제들이 많습니다.,正答,,정답,정답,
7급II,112,2026-02-28,11,dokum,다음 밑줄 친 漢字語의 音을 쓰세요.,우리 마을에 市立 도서관이 세 워집니다.,市立,,시립,시립,
7급II,112,2026-02-28,12,dokum,다음 밑줄 친 漢字語의 音을 쓰세요.,우리 農場에서는 절대로 농약 을 사용하지 않습니다.,農場,,농장,농장,
7급II,112,2026-02-28,13,dokum,다음 밑줄 친 漢字語의 音을 쓰세요.,그 가수는 일 년 간의 空白을 깨고 다시 무대에 섰습니다.,空白,,공백,공백,
7급II,112,2026-02-28,14,dokum,다음 밑줄 친 漢字語의 音을 쓰세요.,유목민들은 목초지를 찾아 南方 으로 옮겨갔습니다.,南方,,남방,남방,
7급II,112,2026-02-28,15,dokum,다음 밑줄 친 漢字語의 音을 쓰세요.,언제나 孝道는 사람으로서 마 땅히 지켜야 할 도리입니다.,孝道,,효도,효도,
7급II,112,2026-02-28,16,dokum,다음 밑줄 친 漢字語의 音을 쓰세요.,모든 사람들은 安全한 사회에 서 살아갈 권리가 있습니다.,安全,,안전,안전,
7급II,112,2026-02-28,17,dokum,다음 밑줄 친 漢字語의 音을 쓰세요.,문화 수준은 國力의 중요한 지 표 중 하나입니다.,國力,,국력,국력,
7급II,112,2026-02-28,18,dokum,다음 밑줄 친 漢字語의 音을 쓰세요.,수업이 끝나자 학생들이 校門 으로 쏟아져 나왔습니다.,校門,,교문,교문,
7급II,112,2026-02-28,19,dokum,다음 밑줄 친 漢字語의 音을 쓰세요.,요즘에는 방치된 民家를 싼값 에 구입해서 공공시설로 개조 하는 일이 많아졌습니다.,民家,,민가,민가,
7급II,112,2026-02-28,20,dokum,다음 밑줄 친 漢字語의 音을 쓰세요.,작가는 평생 써 온 日記를 정 리하여 책으로 출판하였습니다.,日記,,일기,일기,
7급II,112,2026-02-28,21,dokum,다음 밑줄 친 漢字語의 音을 쓰세요.,시청 증축 공사는 年內에 마무 리될 예정입니다.,年內,,연내,연내,
7급II,112,2026-02-28,22,dokum,다음 밑줄 친 漢字語의 音을 쓰세요.,발전을 위해서는 不平만 하기 보다 개선안을 제시해야 합니 다. (사)한국어문회 주관 ․ 한국한자능력검정회 시행,不平,,불평,불평,
7급II,112,2026-02-28,23,hunum,다음 漢字의 訓과 音을 쓰세요.,先,先,,먼저 선,먼저 선,
7급II,112,2026-02-28,24,hunum,다음 漢字의 訓과 音을 쓰세요.,車,車,,수레 거/수레 차,수레 거/수레 차,
7급II,112,2026-02-28,25,hunum,다음 漢字의 訓과 音을 쓰세요.,北,北,,북녘 북/달아날 배,북녘 북/달아날 배,
7급II,112,2026-02-28,26,hunum,다음 漢字의 訓과 音을 쓰세요.,直,直,,곧을 직,곧을 직,
7급II,112,2026-02-28,27,hunum,다음 漢字의 訓과 音을 쓰세요.,工,工,,장인 공,장인 공,
7급II,112,2026-02-28,28,hunum,다음 漢字의 訓과 音을 쓰세요.,五,五,,다섯 오,다섯 오,
7급II,112,2026-02-28,29,hunum,다음 漢字의 訓과 音을 쓰세요.,話,話,,말씀 화,말씀 화,
7급II,112,2026-02-28,30,hunum,다음 漢字의 訓과 音을 쓰세요.,母,母,,어미 모,어미 모,
7급II,112,2026-02-28,31,hunum,다음 漢字의 訓과 音을 쓰세요.,外,外,,바깥 외,바깥 외,
7급II,112,2026-02-28,32,hunum,다음 漢字의 訓과 音을 쓰세요.,姓,姓,,성 성,성 성,
7급II,112,2026-02-28,33,hunum,다음 漢字의 訓과 音을 쓰세요.,名,名,,이름 명,이름 명,
7급II,112,2026-02-28,34,hunum,다음 漢字의 訓과 音을 쓰세요.,自,自,,스스로 자,스스로 자,
7급II,112,2026-02-28,35,hunum,다음 漢字의 訓과 音을 쓰세요.,生,生,,날 생,날 생,
7급II,112,2026-02-28,36,hunum,다음 漢字의 訓과 音을 쓰세요.,金,金,,쇠 금/성 김,쇠 금/성 김,
7급II,112,2026-02-28,37,hunum,다음 漢字의 訓과 音을 쓰세요.,七,七,,일곱 칠,일곱 칠,
7급II,112,2026-02-28,38,hunum,다음 漢字의 訓과 音을 쓰세요.,父,父,,아비 부,아비 부,
7급II,112,2026-02-28,39,hunum,다음 漢字의 訓과 音을 쓰세요.,大,大,,클/큰 대,클/큰 대,
7급II,112,2026-02-28,40,hunum,다음 漢字의 訓과 音을 쓰세요.,九,九,,아홉 구,아홉 구,
7급II,112,2026-02-28,41,hunum,다음 漢字의 訓과 音을 쓰세요.,江,江,,강 강,강 강,
7급II,112,2026-02-28,42,hunum,다음 漢字의 訓과 音을 쓰세요.,王,王,,임금 왕,임금 왕,
7급II,112,2026-02-28,43,select_hanjaeo,다음 밑줄 친 漢字語를 <보기>에서 찾아 그 번호를 쓰세요.,유능한 사냥꾼은 사냥개들을 수족처럼 부립니다.,수족,"[""① 八十"", ""② 午前"", ""③ 軍人"", ""④ 手足""]",④,手足,
7급II,112,2026-02-28,44,select_hanjaeo,다음 밑줄 친 漢字語를 <보기>에서 찾아 그 번호를 쓰세요.,증빙 서류를 내일 오전까지 제 출해 주시기 바랍니다.,오전,"[""① 八十"", ""② 午前"", ""③ 軍人"", ""④ 手足""]",②,午前,
7급II,112,2026-02-28,45,select_hanja,다음 訓과 音에 맞는 漢字를 <보기>에서 찾아 그 번호를 쓰세요.,작을 소,작을 소,"[""① 木"", ""② 長"", ""③ 世"", ""④ 土"", ""⑤ 韓"", ""⑥ 男"", ""⑦ 小"", ""⑧ 女"", ""⑨ 六"", ""⑩ 三""]",⑦,小,
7급II,112,2026-02-28,46,select_hanja,다음 訓과 音에 맞는 漢字를 <보기>에서 찾아 그 번호를 쓰세요.,인간 세,인간 세,"[""① 木"", ""② 長"", ""③ 世"", ""④ 土"", ""⑤ 韓"", ""⑥ 男"", ""⑦ 小"", ""⑧ 女"", ""⑨ 六"", ""⑩ 三""]",③,世,
7급II,112,2026-02-28,47,select_hanja,다음 訓과 音에 맞는 漢字를 <보기>에서 찾아 그 번호를 쓰세요.,여섯 륙/육,여섯 륙/육,"[""① 木"", ""② 長"", ""③ 世"", ""④ 土"", ""⑤ 韓"", ""⑥ 男"", ""⑦ 小"", ""⑧ 女"", ""⑨ 六"", ""⑩ 三""]",⑨,六,
7급II,112,2026-02-28,48,select_hanja,다음 訓과 音에 맞는 漢字를 <보기>에서 찾아 그 번호를 쓰세요.,흙 토,흙 토,"[""① 木"", ""② 長"", ""③ 世"", ""④ 土"", ""⑤ 韓"", ""⑥ 男"", ""⑦ 小"", ""⑧ 女"", ""⑨ 六"", ""⑩ 三""]",④,土,
7급II,112,2026-02-28,49,select_hanja,다음 訓과 音에 맞는 漢字를 <보기>에서 찾아 그 번호를 쓰세요.,한국 한/나라 한,한국 한/나라 한,"[""① 木"", ""② 長"", ""③ 世"", ""④ 土"", ""⑤ 韓"", ""⑥ 男"", ""⑦ 小"", ""⑧ 女"", ""⑨ 六"", ""⑩ 三""]",⑤,韓,
7급II,112,2026-02-28,50,select_hanja,다음 訓과 音에 맞는 漢字를 <보기>에서 찾아 그 번호를 쓰세요.,나무 목,나무 목,"[""① 木"", ""② 長"", ""③ 世"", ""④ 土"", ""⑤ 韓"", ""⑥ 男"", ""⑦ 小"", ""⑧ 女"", ""⑨ 六"", ""⑩ 三""]",①,木,
7급II,112,2026-02-28,51,select_hanja,다음 訓과 音에 맞는 漢字를 <보기>에서 찾아 그 번호를 쓰세요.,사내 남,사내 남,"[""① 木"", ""② 長"", ""③ 世"", ""④ 土"", ""⑤ 韓"", ""⑥ 男"", ""⑦ 小"", ""⑧ 女"", ""⑨ 六"", ""⑩ 三""]",⑥,男,
7급II,112,2026-02-28,52,select_hanja,다음 訓과 音에 맞는 漢字를 <보기>에서 찾아 그 번호를 쓰세요.,긴 장,긴 장,"[""① 木"", ""② 長"", ""③ 世"", ""④ 土"", ""⑤ 韓"", ""⑥ 男"", ""⑦ 小"", ""⑧ 女"", ""⑨ 六"", ""⑩ 三""]",②,長,
7급II,112,2026-02-28,53,select_hanja,다음 訓과 音에 맞는 漢字를 <보기>에서 찾아 그 번호를 쓰세요.,석 삼,석 삼,"[""① 木"", ""② 長"", ""③ 世"", ""④ 土"", ""⑤ 韓"", ""⑥ 男"", ""⑦ 小"", ""⑧ 女"", ""⑨ 六"", ""⑩ 三""]",⑩,三,
7급II,112,2026-02-28,54,select_hanja,다음 訓과 音에 맞는 漢字를 <보기>에서 찾아 그 번호를 쓰세요.,계집 녀 (사)한국어문회 주관 ․ 한국한자능력검정회 시행,계집 녀 (사)한국어문회 주관 ․ 한국한자능력검정회 시행,"[""① 木"", ""② 長"", ""③ 世"", ""④ 土"", ""⑤ 韓"", ""⑥ 男"", ""⑦ 小"", ""⑧ 女"", ""⑨ 六"", ""⑩ 三""]",⑧,女,
7급II,112,2026-02-28,55,banui_select,다음 漢字의 상대(또는 반대)되는 漢字를 <보기>에서 골라 그 번호를 쓰세요.,( ) ↔ 右,( ) ↔ 右,"[""① 左"", ""② 靑"", ""③ 下"", ""④ 中""]",①,左,
7급II,112,2026-02-28,56,banui_select,다음 漢字의 상대(또는 반대)되는 漢字를 <보기>에서 골라 그 번호를 쓰세요.,上 ↔ ( ),上 ↔ ( ),"[""① 左"", ""② 靑"", ""③ 下"", ""④ 中""]",③,下,
7급II,112,2026-02-28,57,mean_select,다음 뜻에 맞는 漢字語를 <보기>에서 찾아 그 번호를 쓰세요.,바닷물.,,"[""① 海水"", ""② 兄弟"", ""③ 火山"", ""④ 後學""]",①,海水,
7급II,112,2026-02-28,58,mean_select,다음 뜻에 맞는 漢字語를 <보기>에서 찾아 그 번호를 쓰세요.,후배 학자.,,"[""① 海水"", ""② 兄弟"", ""③ 火山"", ""④ 後學""]",④,後學,
7급II,112,2026-02-28,59,stroke,다음 漢字의 진하게 표시한 획은 몇 번째 쓰는지 <보기>에서 찾아 그 번호를 쓰세요.,,,"[""① 첫 번째"", ""② 두 번째"", ""③ 세 번째"", ""④ 네 번째"", ""⑤ 다섯 번째"", ""⑥ 여섯 번째"", ""⑦ 일곱 번째"", ""⑧ 여덟 번째"", ""⑨ 아홉 번째"", ""⑩ 열 번째""]",④,네 번째,exam-strokes/stroke_7ii_112_59.png
7급II,112,2026-02-28,60,stroke,다음 漢字의 진하게 표시한 획은 몇 번째 쓰는지 <보기>에서 찾아 그 번호를 쓰세요.,,,"[""① 첫 번째"", ""② 두 번째"", ""③ 세 번째"", ""④ 네 번째"", ""⑤ 다섯 번째"", ""⑥ 여섯 번째"", ""⑦ 일곱 번째"", ""⑧ 여덟 번째"", ""⑨ 아홉 번째"", ""⑩ 열 번째""]",③,세 번째,exam-strokes/stroke_7ii_112_60.png
7급II,113,2026-05-23,1,dokum,다음 밑줄 친 漢字語의 音을 쓰세요.,제주도는 火山의 활동으로 생긴 섬입니다.,火山,,화산,화산,
7급II,113,2026-05-23,2,dokum,다음 밑줄 친 漢字語의 音을 쓰세요.,지난주 일요일에 父母님과 놀이공원에 다녀왔습니다.,父母,,부모,부모,
7급II,113,2026-05-23,3,dokum,다음 밑줄 친 漢字語의 音을 쓰세요.,학교에서 여름 방학 生活 계획을 세웠습니다.,生活,,생활,생활,
7급II,113,2026-05-23,4,dokum,다음 밑줄 친 漢字語의 音을 쓰세요.,장군은 北方의 외적을 막기 위해 성벽을 세웠습니다.,北方,,북방,북방,
7급II,113,2026-05-23,5,dokum,다음 밑줄 친 漢字語의 音을 쓰세요.,횡단보도를 건널 때는 左右를 잘 살펴야 합니다.,左右,,좌우,좌우,
7급II,113,2026-05-23,6,dokum,다음 밑줄 친 漢字語의 音을 쓰세요.,태풍이 오기 전에 農民들이 대비를 하고 있습니다.,農民,,농민,농민,
7급II,113,2026-05-23,7,dokum,다음 밑줄 친 漢字語의 音을 쓰세요.,선생님은 학생의 正直한 모습에 칭찬을 했습니다.,正直,,정직,정직,
7급II,113,2026-05-23,8,dokum,다음 밑줄 친 漢字語의 音을 쓰세요.,친구들과 놀다 보니 어느덧 집에 갈 時間이 되었습니다.,時間,,시간,시간,
7급II,113,2026-05-23,9,dokum,다음 밑줄 친 漢字語의 音을 쓰세요.,민수는 下校 후에 곧장 집으로 달려갔습니다.,下校,,하교,하교,
7급II,113,2026-05-23,10,dokum,다음 밑줄 친 漢字語의 音을 쓰세요.,친구와 다투고 나서 마음이 不安합니다.,不安,,불안,불안,
7급II,113,2026-05-23,11,dokum,다음 밑줄 친 漢字語의 音을 쓰세요.,독도는 東海를 건너는 새들의 중간 쉼터이기도 합니다.,東海,,동해,동해,
7급II,113,2026-05-23,12,dokum,다음 밑줄 친 漢字語의 音을 쓰세요.,저는 꽃이 피고 따뜻해지는 三月이 좋습니다.,三月,,삼월,삼월,
7급II,113,2026-05-23,13,dokum,다음 밑줄 친 漢字語의 音을 쓰세요.,아버지가 水平을 맞춰서 벽에 시계를 걸었습니다.,水平,,수평,수평,
7급II,113,2026-05-23,14,dokum,다음 밑줄 친 漢字語의 音을 쓰세요.,심청이는 우리나라 옛이야기에 등장하는 대표적인 孝女입니다.,孝女,,효녀,효녀,
7급II,113,2026-05-23,15,dokum,다음 밑줄 친 漢字語의 音을 쓰세요.,사촌 형은 가구 회사에서 木工 일을 배웁니다.,木工,,목공,목공,
7급II,113,2026-05-23,16,dokum,다음 밑줄 친 漢字語의 音을 쓰세요.,다혜는 일주일 동안 每日 80번씩 줄넘기를 하였습니다.,每日,,매일,매일,
7급II,113,2026-05-23,17,dokum,다음 밑줄 친 漢字語의 音을 쓰세요.,범인은 자신의 거짓말을 순순히 自白하였습니다.,自白,,자백,자백,
7급II,113,2026-05-23,18,dokum,다음 밑줄 친 漢字語의 音을 쓰세요.,미국 여행 중에 韓食 식당을 발견했습니다.,韓食,,한식,한식,
7급II,113,2026-05-23,19,dokum,다음 밑줄 친 漢字語의 音을 쓰세요.,상현이는 長男으로서의 책임감을 느꼈습니다.,長男,,장남,장남,
7급II,113,2026-05-23,20,dokum,다음 밑줄 친 漢字語의 音을 쓰세요.,연이 바람을 타고 上空에 떠 있습니다.,上空,,상공,상공,
7급II,113,2026-05-23,21,dokum,다음 밑줄 친 漢字語의 音을 쓰세요.,어머니께서 市場에서 저녁 반찬거리를 사 오셨습니다.,市場,,시장,시장,
7급II,113,2026-05-23,22,dokum,다음 밑줄 친 漢字語의 音을 쓰세요.,친구들과 함께 敎室을 청소했습니다.,敎室,,교실,교실,
7급II,113,2026-05-23,23,hunum,다음 漢字의 訓과 音을 쓰세요.,靑,靑,,푸를 청,푸를 청,
7급II,113,2026-05-23,24,hunum,다음 漢字의 訓과 音을 쓰세요.,寸,寸,,마디 촌,마디 촌,
7급II,113,2026-05-23,25,hunum,다음 漢字의 訓과 音을 쓰세요.,七,七,,일곱 칠,일곱 칠,
7급II,113,2026-05-23,26,hunum,다음 漢字의 訓과 音을 쓰세요.,話,話,,말씀 화,말씀 화,
7급II,113,2026-05-23,27,hunum,다음 漢字의 訓과 音을 쓰세요.,六,六,,여섯 륙,여섯 륙,
7급II,113,2026-05-23,28,hunum,다음 漢字의 訓과 音을 쓰세요.,萬,萬,,일만 만,일만 만,
7급II,113,2026-05-23,29,hunum,다음 漢字의 訓과 音을 쓰세요.,王,王,,임금 왕,임금 왕,
7급II,113,2026-05-23,30,hunum,다음 漢字의 訓과 音을 쓰세요.,弟,弟,,아우 제,아우 제,
7급II,113,2026-05-23,31,hunum,다음 漢字의 訓과 音을 쓰세요.,軍,軍,,군사 군,군사 군,
7급II,113,2026-05-23,32,hunum,다음 漢字의 訓과 音을 쓰세요.,學,學,,배울 학,배울 학,
7급II,113,2026-05-23,33,hunum,다음 漢字의 訓과 音을 쓰세요.,年,年,,해 년,해 년,
7급II,113,2026-05-23,34,hunum,다음 漢字의 訓과 音을 쓰세요.,先,先,,먼저 선,먼저 선,
7급II,113,2026-05-23,35,hunum,다음 漢字의 訓과 音을 쓰세요.,世,世,,인간 세,인간 세,
7급II,113,2026-05-23,36,hunum,다음 漢字의 訓과 音을 쓰세요.,八,八,,여덟 팔,여덟 팔,
7급II,113,2026-05-23,37,hunum,다음 漢字의 訓과 音을 쓰세요.,小,小,,작을 소,작을 소,
7급II,113,2026-05-23,38,hunum,다음 漢字의 訓과 音을 쓰세요.,大,大,,큰 대,큰 대,
7급II,113,2026-05-23,39,hunum,다음 漢字의 訓과 音을 쓰세요.,四,四,,넉 사,넉 사,
7급II,113,2026-05-23,40,hunum,다음 漢字의 訓과 音을 쓰세요.,土,土,,흙 토,흙 토,
7급II,113,2026-05-23,41,hunum,다음 漢字의 訓과 音을 쓰세요.,人,人,,사람 인,사람 인,
7급II,113,2026-05-23,42,hunum,다음 漢字의 訓과 音을 쓰세요.,十,十,,열 십,열 십,
7급II,113,2026-05-23,43,select_hanjaeo,다음 밑줄 친 漢字語를 <보기>에서 골라 그 번호를 쓰세요.,일기예보에서는 내일 전국의 날씨가 흐릴 예정이라고 합니다.,전국,"[""① 全國"", ""② 動物"", ""③ 電氣"", ""④ 午前""]",①,全國,
7급II,113,2026-05-23,44,select_hanjaeo,다음 밑줄 친 漢字語를 <보기>에서 골라 그 번호를 쓰세요.,갑자기 집에 전기가 나가서 온 집안이 컴컴해졌습니다.,전기,"[""① 全國"", ""② 動物"", ""③ 電氣"", ""④ 午前""]",③,電氣,
7급II,113,2026-05-23,45,select_hanja,다음 訓과 音에 맞는 漢字를 <보기>에서 골라 그 번호를 쓰세요.,기록할 기,기록할 기,"[""① 二"", ""② 門"", ""③ 車"", ""④ 答"", ""⑤ 九"", ""⑥ 中"", ""⑦ 兄"", ""⑧ 西"", ""⑨ 金"", ""⑩ 記""]",⑩,記,
7급II,113,2026-05-23,46,select_hanja,다음 訓과 音에 맞는 漢字를 <보기>에서 골라 그 번호를 쓰세요.,대답 답,대답 답,"[""① 二"", ""② 門"", ""③ 車"", ""④ 答"", ""⑤ 九"", ""⑥ 中"", ""⑦ 兄"", ""⑧ 西"", ""⑨ 金"", ""⑩ 記""]",④,答,
7급II,113,2026-05-23,47,select_hanja,다음 訓과 音에 맞는 漢字를 <보기>에서 골라 그 번호를 쓰세요.,문 문,문 문,"[""① 二"", ""② 門"", ""③ 車"", ""④ 答"", ""⑤ 九"", ""⑥ 中"", ""⑦ 兄"", ""⑧ 西"", ""⑨ 金"", ""⑩ 記""]",②,門,
7급II,113,2026-05-23,48,select_hanja,다음 訓과 音에 맞는 漢字를 <보기>에서 골라 그 번호를 쓰세요.,형 형,형 형,"[""① 二"", ""② 門"", ""③ 車"", ""④ 答"", ""⑤ 九"", ""⑥ 中"", ""⑦ 兄"", ""⑧ 西"", ""⑨ 金"", ""⑩ 記""]",⑦,兄,
7급II,113,2026-05-23,49,select_hanja,다음 訓과 音에 맞는 漢字를 <보기>에서 골라 그 번호를 쓰세요.,서녘 서,서녘 서,"[""① 二"", ""② 門"", ""③ 車"", ""④ 答"", ""⑤ 九"", ""⑥ 中"", ""⑦ 兄"", ""⑧ 西"", ""⑨ 金"", ""⑩ 記""]",⑧,西,
7급II,113,2026-05-23,50,select_hanja,다음 訓과 音에 맞는 漢字를 <보기>에서 골라 그 번호를 쓰세요.,쇠 금/성 김,쇠 금/성 김,"[""① 二"", ""② 門"", ""③ 車"", ""④ 答"", ""⑤ 九"", ""⑥ 中"", ""⑦ 兄"", ""⑧ 西"", ""⑨ 金"", ""⑩ 記""]",⑨,金,
7급II,113,2026-05-23,51,select_hanja,다음 訓과 音에 맞는 漢字를 <보기>에서 골라 그 번호를 쓰세요.,가운데 중,가운데 중,"[""① 二"", ""② 門"", ""③ 車"", ""④ 答"", ""⑤ 九"", ""⑥ 中"", ""⑦ 兄"", ""⑧ 西"", ""⑨ 金"", ""⑩ 記""]",⑥,中,
7급II,113,2026-05-23,52,select_hanja,다음 訓과 音에 맞는 漢字를 <보기>에서 골라 그 번호를 쓰세요.,수레 차/거,수레 차/거,"[""① 二"", ""② 門"", ""③ 車"", ""④ 答"", ""⑤ 九"", ""⑥ 中"", ""⑦ 兄"", ""⑧ 西"", ""⑨ 金"", ""⑩ 記""]",③,車,
7급II,113,2026-05-23,53,select_hanja,다음 訓과 音에 맞는 漢字를 <보기>에서 골라 그 번호를 쓰세요.,두 이,두 이,"[""① 二"", ""② 門"", ""③ 車"", ""④ 答"", ""⑤ 九"", ""⑥ 中"", ""⑦ 兄"", ""⑧ 西"", ""⑨ 金"", ""⑩ 記""]",①,二,
7급II,113,2026-05-23,54,select_hanja,다음 訓과 音에 맞는 漢字를 <보기>에서 골라 그 번호를 쓰세요.,아홉 구,아홉 구,"[""① 二"", ""② 門"", ""③ 車"", ""④ 答"", ""⑤ 九"", ""⑥ 中"", ""⑦ 兄"", ""⑧ 西"", ""⑨ 金"", ""⑩ 記""]",⑤,九,
7급II,113,2026-05-23,55,banui_select,다음 漢字의 상대 또는 반대되는 漢字를 <보기>에서 골라 그 번호를 쓰세요.,( ) ↔ 足,足,"[""① 力"", ""② 手"", ""③ 江"", ""④ 外""]",②,手,
7급II,113,2026-05-23,56,banui_select,다음 漢字의 상대 또는 반대되는 漢字를 <보기>에서 골라 그 번호를 쓰세요.,內 ↔ ( ),內,"[""① 力"", ""② 手"", ""③ 江"", ""④ 外""]",④,外,
7급II,113,2026-05-23,57,mean_select,다음 뜻에 맞는 漢字語를 <보기>에서 찾아 그 번호를 쓰세요.,명망이 높은 가문.,명망이 높은 가문,"[""① 子姓"", ""② 事後"", ""③ 道立"", ""④ 名家""]",④,名家,
7급II,113,2026-05-23,58,mean_select,다음 뜻에 맞는 漢字語를 <보기>에서 찾아 그 번호를 쓰세요.,일이 끝난 뒤.,일이 끝난 뒤,"[""① 子姓"", ""② 事後"", ""③ 道立"", ""④ 名家""]",②,事後,
7급II,113,2026-05-23,59,stroke,다음 漢字의 진하게 표시한 획은 몇 번째 쓰는지 <보기>에서 찾아 그 번호를 쓰세요.,五,五,"[""① 첫 번째"", ""② 두 번째"", ""③ 세 번째"", ""④ 네 번째"", ""⑤ 다섯 번째"", ""⑥ 여섯 번째"", ""⑦ 일곱 번째"", ""⑧ 여덟 번째"", ""⑨ 아홉 번째""]",②,두 번째,exam-strokes/stroke_7ii_113_59.png
7급II,113,2026-05-23,60,stroke,다음 漢字의 진하게 표시한 획은 몇 번째 쓰는지 <보기>에서 찾아 그 번호를 쓰세요.,再,再,"[""① 첫 번째"", ""② 두 번째"", ""③ 세 번째"", ""④ 네 번째"", ""⑤ 다섯 번째"", ""⑥ 여섯 번째"", ""⑦ 일곱 번째"", ""⑧ 여덟 번째"", ""⑨ 아홉 번째""]",⑥,여섯 번째,exam-strokes/stroke_7ii_113_60.png
