level,session,exam_date,question_no,question_type,instruction,question_text,target,options,answer,answer_display,image_path
3급II,68,2015-02-28,1,dokeum_W,다음 밑줄 친 漢字語의 讀音을 쓰시오.,"요즘 이 硏究所는 대한민국의 앞날을 이끌 젊은이들에게 ‘올바른 세상읽기’를 전파하는 데 힘을 쏟는다. 젊은 자유주의 筆陣의 글을 늘리거나 대학생 칼럼 대회, 고교생을 위한 講演을 개최한다. 올해 4월 就任한 현 원장은 “人類의 繁榮과 대한민국의 富國을 가져온 자유주의가 젊은 세대와 동떨어져 存在해서는 안 된다”면서 ‘쉽고 感性에 와 닿는 방식’을 強調한다. 전체주의 風潮가 得勢하는 국가는 반드시 衰落한다는 게 역사의 敎訓이다. 잘못된 理念이 共同體를 몰락으로 이끌지 않도록 制動을 거는 것은 지식인의 責務다. 자유경제원의 급부상은 자유주의도 價値의 實現을 위해 치열하게 고심하고 노력하면 대중성을 얻을 수 있다는 점을 보여준다.",硏究所,,연구소,연구소,
3급II,68,2015-02-28,2,dokeum_W,다음 밑줄 친 漢字語의 讀音을 쓰시오.,"요즘 이 硏究所는 대한민국의 앞날을 이끌 젊은이들에게 ‘올바른 세상읽기’를 전파하는 데 힘을 쏟는다. 젊은 자유주의 筆陣의 글을 늘리거나 대학생 칼럼 대회, 고교생을 위한 講演을 개최한다. 올해 4월 就任한 현 원장은 “人類의 繁榮과 대한민국의 富國을 가져온 자유주의가 젊은 세대와 동떨어져 存在해서는 안 된다”면서 ‘쉽고 感性에 와 닿는 방식’을 強調한다. 전체주의 風潮가 得勢하는 국가는 반드시 衰落한다는 게 역사의 敎訓이다. 잘못된 理念이 共同體를 몰락으로 이끌지 않도록 制動을 거는 것은 지식인의 責務다. 자유경제원의 급부상은 자유주의도 價値의 實現을 위해 치열하게 고심하고 노력하면 대중성을 얻을 수 있다는 점을 보여준다.",筆陣,,필진,필진,
3급II,68,2015-02-28,3,dokeum_W,다음 밑줄 친 漢字語의 讀音을 쓰시오.,"요즘 이 硏究所는 대한민국의 앞날을 이끌 젊은이들에게 ‘올바른 세상읽기’를 전파하는 데 힘을 쏟는다. 젊은 자유주의 筆陣의 글을 늘리거나 대학생 칼럼 대회, 고교생을 위한 講演을 개최한다. 올해 4월 就任한 현 원장은 “人類의 繁榮과 대한민국의 富國을 가져온 자유주의가 젊은 세대와 동떨어져 存在해서는 안 된다”면서 ‘쉽고 感性에 와 닿는 방식’을 強調한다. 전체주의 風潮가 得勢하는 국가는 반드시 衰落한다는 게 역사의 敎訓이다. 잘못된 理念이 共同體를 몰락으로 이끌지 않도록 制動을 거는 것은 지식인의 責務다. 자유경제원의 급부상은 자유주의도 價値의 實現을 위해 치열하게 고심하고 노력하면 대중성을 얻을 수 있다는 점을 보여준다.",講演,,강연,강연,
3급II,68,2015-02-28,4,dokeum_W,다음 밑줄 친 漢字語의 讀音을 쓰시오.,"요즘 이 硏究所는 대한민국의 앞날을 이끌 젊은이들에게 ‘올바른 세상읽기’를 전파하는 데 힘을 쏟는다. 젊은 자유주의 筆陣의 글을 늘리거나 대학생 칼럼 대회, 고교생을 위한 講演을 개최한다. 올해 4월 就任한 현 원장은 “人類의 繁榮과 대한민국의 富國을 가져온 자유주의가 젊은 세대와 동떨어져 存在해서는 안 된다”면서 ‘쉽고 感性에 와 닿는 방식’을 強調한다. 전체주의 風潮가 得勢하는 국가는 반드시 衰落한다는 게 역사의 敎訓이다. 잘못된 理念이 共同體를 몰락으로 이끌지 않도록 制動을 거는 것은 지식인의 責務다. 자유경제원의 급부상은 자유주의도 價値의 實現을 위해 치열하게 고심하고 노력하면 대중성을 얻을 수 있다는 점을 보여준다.",就任,,취임,취임,
3급II,68,2015-02-28,5,dokeum_W,다음 밑줄 친 漢字語의 讀音을 쓰시오.,"요즘 이 硏究所는 대한민국의 앞날을 이끌 젊은이들에게 ‘올바른 세상읽기’를 전파하는 데 힘을 쏟는다. 젊은 자유주의 筆陣의 글을 늘리거나 대학생 칼럼 대회, 고교생을 위한 講演을 개최한다. 올해 4월 就任한 현 원장은 “人類의 繁榮과 대한민국의 富國을 가져온 자유주의가 젊은 세대와 동떨어져 存在해서는 안 된다”면서 ‘쉽고 感性에 와 닿는 방식’을 強調한다. 전체주의 風潮가 得勢하는 국가는 반드시 衰落한다는 게 역사의 敎訓이다. 잘못된 理念이 共同體를 몰락으로 이끌지 않도록 制動을 거는 것은 지식인의 責務다. 자유경제원의 급부상은 자유주의도 價値의 實現을 위해 치열하게 고심하고 노력하면 대중성을 얻을 수 있다는 점을 보여준다.",人類,,인류,인류,
3급II,68,2015-02-28,6,dokeum_W,다음 밑줄 친 漢字語의 讀音을 쓰시오.,"요즘 이 硏究所는 대한민국의 앞날을 이끌 젊은이들에게 ‘올바른 세상읽기’를 전파하는 데 힘을 쏟는다. 젊은 자유주의 筆陣의 글을 늘리거나 대학생 칼럼 대회, 고교생을 위한 講演을 개최한다. 올해 4월 就任한 현 원장은 “人類의 繁榮과 대한민국의 富國을 가져온 자유주의가 젊은 세대와 동떨어져 存在해서는 안 된다”면서 ‘쉽고 感性에 와 닿는 방식’을 強調한다. 전체주의 風潮가 得勢하는 국가는 반드시 衰落한다는 게 역사의 敎訓이다. 잘못된 理念이 共同體를 몰락으로 이끌지 않도록 制動을 거는 것은 지식인의 責務다. 자유경제원의 급부상은 자유주의도 價値의 實現을 위해 치열하게 고심하고 노력하면 대중성을 얻을 수 있다는 점을 보여준다.",繁榮,,번영,번영,
3급II,68,2015-02-28,7,dokeum_W,다음 밑줄 친 漢字語의 讀音을 쓰시오.,"요즘 이 硏究所는 대한민국의 앞날을 이끌 젊은이들에게 ‘올바른 세상읽기’를 전파하는 데 힘을 쏟는다. 젊은 자유주의 筆陣의 글을 늘리거나 대학생 칼럼 대회, 고교생을 위한 講演을 개최한다. 올해 4월 就任한 현 원장은 “人類의 繁榮과 대한민국의 富國을 가져온 자유주의가 젊은 세대와 동떨어져 存在해서는 안 된다”면서 ‘쉽고 感性에 와 닿는 방식’을 強調한다. 전체주의 風潮가 得勢하는 국가는 반드시 衰落한다는 게 역사의 敎訓이다. 잘못된 理念이 共同體를 몰락으로 이끌지 않도록 制動을 거는 것은 지식인의 責務다. 자유경제원의 급부상은 자유주의도 價値의 實現을 위해 치열하게 고심하고 노력하면 대중성을 얻을 수 있다는 점을 보여준다.",富國,,부국,부국,
3급II,68,2015-02-28,8,dokeum_W,다음 밑줄 친 漢字語의 讀音을 쓰시오.,"요즘 이 硏究所는 대한민국의 앞날을 이끌 젊은이들에게 ‘올바른 세상읽기’를 전파하는 데 힘을 쏟는다. 젊은 자유주의 筆陣의 글을 늘리거나 대학생 칼럼 대회, 고교생을 위한 講演을 개최한다. 올해 4월 就任한 현 원장은 “人類의 繁榮과 대한민국의 富國을 가져온 자유주의가 젊은 세대와 동떨어져 存在해서는 안 된다”면서 ‘쉽고 感性에 와 닿는 방식’을 強調한다. 전체주의 風潮가 得勢하는 국가는 반드시 衰落한다는 게 역사의 敎訓이다. 잘못된 理念이 共同體를 몰락으로 이끌지 않도록 制動을 거는 것은 지식인의 責務다. 자유경제원의 급부상은 자유주의도 價値의 實現을 위해 치열하게 고심하고 노력하면 대중성을 얻을 수 있다는 점을 보여준다.",存在,,존재,존재,
3급II,68,2015-02-28,9,dokeum_W,다음 밑줄 친 漢字語의 讀音을 쓰시오.,"요즘 이 硏究所는 대한민국의 앞날을 이끌 젊은이들에게 ‘올바른 세상읽기’를 전파하는 데 힘을 쏟는다. 젊은 자유주의 筆陣의 글을 늘리거나 대학생 칼럼 대회, 고교생을 위한 講演을 개최한다. 올해 4월 就任한 현 원장은 “人類의 繁榮과 대한민국의 富國을 가져온 자유주의가 젊은 세대와 동떨어져 存在해서는 안 된다”면서 ‘쉽고 感性에 와 닿는 방식’을 強調한다. 전체주의 風潮가 得勢하는 국가는 반드시 衰落한다는 게 역사의 敎訓이다. 잘못된 理念이 共同體를 몰락으로 이끌지 않도록 制動을 거는 것은 지식인의 責務다. 자유경제원의 급부상은 자유주의도 價値의 實現을 위해 치열하게 고심하고 노력하면 대중성을 얻을 수 있다는 점을 보여준다.",感性,,감성,감성,
3급II,68,2015-02-28,10,dokeum_W,다음 밑줄 친 漢字語의 讀音을 쓰시오.,"요즘 이 硏究所는 대한민국의 앞날을 이끌 젊은이들에게 ‘올바른 세상읽기’를 전파하는 데 힘을 쏟는다. 젊은 자유주의 筆陣의 글을 늘리거나 대학생 칼럼 대회, 고교생을 위한 講演을 개최한다. 올해 4월 就任한 현 원장은 “人類의 繁榮과 대한민국의 富國을 가져온 자유주의가 젊은 세대와 동떨어져 存在해서는 안 된다”면서 ‘쉽고 感性에 와 닿는 방식’을 強調한다. 전체주의 風潮가 得勢하는 국가는 반드시 衰落한다는 게 역사의 敎訓이다. 잘못된 理念이 共同體를 몰락으로 이끌지 않도록 制動을 거는 것은 지식인의 責務다. 자유경제원의 급부상은 자유주의도 價値의 實現을 위해 치열하게 고심하고 노력하면 대중성을 얻을 수 있다는 점을 보여준다.",強調,,강조,강조,
3급II,68,2015-02-28,11,dokeum_W,다음 밑줄 친 漢字語의 讀音을 쓰시오.,"요즘 이 硏究所는 대한민국의 앞날을 이끌 젊은이들에게 ‘올바른 세상읽기’를 전파하는 데 힘을 쏟는다. 젊은 자유주의 筆陣의 글을 늘리거나 대학생 칼럼 대회, 고교생을 위한 講演을 개최한다. 올해 4월 就任한 현 원장은 “人類의 繁榮과 대한민국의 富國을 가져온 자유주의가 젊은 세대와 동떨어져 存在해서는 안 된다”면서 ‘쉽고 感性에 와 닿는 방식’을 強調한다. 전체주의 風潮가 得勢하는 국가는 반드시 衰落한다는 게 역사의 敎訓이다. 잘못된 理念이 共同體를 몰락으로 이끌지 않도록 制動을 거는 것은 지식인의 責務다. 자유경제원의 급부상은 자유주의도 價値의 實現을 위해 치열하게 고심하고 노력하면 대중성을 얻을 수 있다는 점을 보여준다.",風潮,,풍조,풍조,
3급II,68,2015-02-28,12,dokeum_W,다음 밑줄 친 漢字語의 讀音을 쓰시오.,"요즘 이 硏究所는 대한민국의 앞날을 이끌 젊은이들에게 ‘올바른 세상읽기’를 전파하는 데 힘을 쏟는다. 젊은 자유주의 筆陣의 글을 늘리거나 대학생 칼럼 대회, 고교생을 위한 講演을 개최한다. 올해 4월 就任한 현 원장은 “人類의 繁榮과 대한민국의 富國을 가져온 자유주의가 젊은 세대와 동떨어져 存在해서는 안 된다”면서 ‘쉽고 感性에 와 닿는 방식’을 強調한다. 전체주의 風潮가 得勢하는 국가는 반드시 衰落한다는 게 역사의 敎訓이다. 잘못된 理念이 共同體를 몰락으로 이끌지 않도록 制動을 거는 것은 지식인의 責務다. 자유경제원의 급부상은 자유주의도 價値의 實現을 위해 치열하게 고심하고 노력하면 대중성을 얻을 수 있다는 점을 보여준다.",得勢,,득세,득세,
3급II,68,2015-02-28,13,dokeum_W,다음 밑줄 친 漢字語의 讀音을 쓰시오.,"요즘 이 硏究所는 대한민국의 앞날을 이끌 젊은이들에게 ‘올바른 세상읽기’를 전파하는 데 힘을 쏟는다. 젊은 자유주의 筆陣의 글을 늘리거나 대학생 칼럼 대회, 고교생을 위한 講演을 개최한다. 올해 4월 就任한 현 원장은 “人類의 繁榮과 대한민국의 富國을 가져온 자유주의가 젊은 세대와 동떨어져 存在해서는 안 된다”면서 ‘쉽고 感性에 와 닿는 방식’을 強調한다. 전체주의 風潮가 得勢하는 국가는 반드시 衰落한다는 게 역사의 敎訓이다. 잘못된 理念이 共同體를 몰락으로 이끌지 않도록 制動을 거는 것은 지식인의 責務다. 자유경제원의 급부상은 자유주의도 價値의 實現을 위해 치열하게 고심하고 노력하면 대중성을 얻을 수 있다는 점을 보여준다.",衰落,,쇠락,쇠락,
3급II,68,2015-02-28,14,dokeum_W,다음 밑줄 친 漢字語의 讀音을 쓰시오.,"요즘 이 硏究所는 대한민국의 앞날을 이끌 젊은이들에게 ‘올바른 세상읽기’를 전파하는 데 힘을 쏟는다. 젊은 자유주의 筆陣의 글을 늘리거나 대학생 칼럼 대회, 고교생을 위한 講演을 개최한다. 올해 4월 就任한 현 원장은 “人類의 繁榮과 대한민국의 富國을 가져온 자유주의가 젊은 세대와 동떨어져 存在해서는 안 된다”면서 ‘쉽고 感性에 와 닿는 방식’을 強調한다. 전체주의 風潮가 得勢하는 국가는 반드시 衰落한다는 게 역사의 敎訓이다. 잘못된 理念이 共同體를 몰락으로 이끌지 않도록 制動을 거는 것은 지식인의 責務다. 자유경제원의 급부상은 자유주의도 價値의 實現을 위해 치열하게 고심하고 노력하면 대중성을 얻을 수 있다는 점을 보여준다.",敎訓,,교훈,교훈,
3급II,68,2015-02-28,15,dokeum_W,다음 밑줄 친 漢字語의 讀音을 쓰시오.,"요즘 이 硏究所는 대한민국의 앞날을 이끌 젊은이들에게 ‘올바른 세상읽기’를 전파하는 데 힘을 쏟는다. 젊은 자유주의 筆陣의 글을 늘리거나 대학생 칼럼 대회, 고교생을 위한 講演을 개최한다. 올해 4월 就任한 현 원장은 “人類의 繁榮과 대한민국의 富國을 가져온 자유주의가 젊은 세대와 동떨어져 存在해서는 안 된다”면서 ‘쉽고 感性에 와 닿는 방식’을 強調한다. 전체주의 風潮가 得勢하는 국가는 반드시 衰落한다는 게 역사의 敎訓이다. 잘못된 理念이 共同體를 몰락으로 이끌지 않도록 制動을 거는 것은 지식인의 責務다. 자유경제원의 급부상은 자유주의도 價値의 實現을 위해 치열하게 고심하고 노력하면 대중성을 얻을 수 있다는 점을 보여준다.",理念,,이념,이념,
3급II,68,2015-02-28,16,dokeum_W,다음 밑줄 친 漢字語의 讀音을 쓰시오.,"요즘 이 硏究所는 대한민국의 앞날을 이끌 젊은이들에게 ‘올바른 세상읽기’를 전파하는 데 힘을 쏟는다. 젊은 자유주의 筆陣의 글을 늘리거나 대학생 칼럼 대회, 고교생을 위한 講演을 개최한다. 올해 4월 就任한 현 원장은 “人類의 繁榮과 대한민국의 富國을 가져온 자유주의가 젊은 세대와 동떨어져 存在해서는 안 된다”면서 ‘쉽고 感性에 와 닿는 방식’을 強調한다. 전체주의 風潮가 得勢하는 국가는 반드시 衰落한다는 게 역사의 敎訓이다. 잘못된 理念이 共同體를 몰락으로 이끌지 않도록 制動을 거는 것은 지식인의 責務다. 자유경제원의 급부상은 자유주의도 價値의 實現을 위해 치열하게 고심하고 노력하면 대중성을 얻을 수 있다는 점을 보여준다.",共同體,,공동체,공동체,
3급II,68,2015-02-28,17,dokeum_W,다음 밑줄 친 漢字語의 讀音을 쓰시오.,"요즘 이 硏究所는 대한민국의 앞날을 이끌 젊은이들에게 ‘올바른 세상읽기’를 전파하는 데 힘을 쏟는다. 젊은 자유주의 筆陣의 글을 늘리거나 대학생 칼럼 대회, 고교생을 위한 講演을 개최한다. 올해 4월 就任한 현 원장은 “人類의 繁榮과 대한민국의 富國을 가져온 자유주의가 젊은 세대와 동떨어져 存在해서는 안 된다”면서 ‘쉽고 感性에 와 닿는 방식’을 強調한다. 전체주의 風潮가 得勢하는 국가는 반드시 衰落한다는 게 역사의 敎訓이다. 잘못된 理念이 共同體를 몰락으로 이끌지 않도록 制動을 거는 것은 지식인의 責務다. 자유경제원의 급부상은 자유주의도 價値의 實現을 위해 치열하게 고심하고 노력하면 대중성을 얻을 수 있다는 점을 보여준다.",制動,,제동,제동,
3급II,68,2015-02-28,18,dokeum_W,다음 밑줄 친 漢字語의 讀音을 쓰시오.,"요즘 이 硏究所는 대한민국의 앞날을 이끌 젊은이들에게 ‘올바른 세상읽기’를 전파하는 데 힘을 쏟는다. 젊은 자유주의 筆陣의 글을 늘리거나 대학생 칼럼 대회, 고교생을 위한 講演을 개최한다. 올해 4월 就任한 현 원장은 “人類의 繁榮과 대한민국의 富國을 가져온 자유주의가 젊은 세대와 동떨어져 存在해서는 안 된다”면서 ‘쉽고 感性에 와 닿는 방식’을 強調한다. 전체주의 風潮가 得勢하는 국가는 반드시 衰落한다는 게 역사의 敎訓이다. 잘못된 理念이 共同體를 몰락으로 이끌지 않도록 制動을 거는 것은 지식인의 責務다. 자유경제원의 급부상은 자유주의도 價値의 實現을 위해 치열하게 고심하고 노력하면 대중성을 얻을 수 있다는 점을 보여준다.",責務,,책무,책무,
3급II,68,2015-02-28,19,dokeum_W,다음 밑줄 친 漢字語의 讀音을 쓰시오.,"요즘 이 硏究所는 대한민국의 앞날을 이끌 젊은이들에게 ‘올바른 세상읽기’를 전파하는 데 힘을 쏟는다. 젊은 자유주의 筆陣의 글을 늘리거나 대학생 칼럼 대회, 고교생을 위한 講演을 개최한다. 올해 4월 就任한 현 원장은 “人類의 繁榮과 대한민국의 富國을 가져온 자유주의가 젊은 세대와 동떨어져 存在해서는 안 된다”면서 ‘쉽고 感性에 와 닿는 방식’을 強調한다. 전체주의 風潮가 得勢하는 국가는 반드시 衰落한다는 게 역사의 敎訓이다. 잘못된 理念이 共同體를 몰락으로 이끌지 않도록 制動을 거는 것은 지식인의 責務다. 자유경제원의 급부상은 자유주의도 價値의 實現을 위해 치열하게 고심하고 노력하면 대중성을 얻을 수 있다는 점을 보여준다.",價値,,가치,가치,
3급II,68,2015-02-28,20,dokeum_W,다음 밑줄 친 漢字語의 讀音을 쓰시오.,"요즘 이 硏究所는 대한민국의 앞날을 이끌 젊은이들에게 ‘올바른 세상읽기’를 전파하는 데 힘을 쏟는다. 젊은 자유주의 筆陣의 글을 늘리거나 대학생 칼럼 대회, 고교생을 위한 講演을 개최한다. 올해 4월 就任한 현 원장은 “人類의 繁榮과 대한민국의 富國을 가져온 자유주의가 젊은 세대와 동떨어져 存在해서는 안 된다”면서 ‘쉽고 感性에 와 닿는 방식’을 強調한다. 전체주의 風潮가 得勢하는 국가는 반드시 衰落한다는 게 역사의 敎訓이다. 잘못된 理念이 共同體를 몰락으로 이끌지 않도록 制動을 거는 것은 지식인의 責務다. 자유경제원의 급부상은 자유주의도 價値의 實現을 위해 치열하게 고심하고 노력하면 대중성을 얻을 수 있다는 점을 보여준다.",實現,,실현,실현,
3급II,68,2015-02-28,21,dokeum_W,다음 밑줄 친 漢字語의 讀音을 쓰시오.,이 식당은 점심시간에만 정신없이 바쁘고 나머지 시간에는 閑暇롭다.,閑暇,,한가,한가,
3급II,68,2015-02-28,22,dokeum_W,다음 밑줄 친 漢字語의 讀音을 쓰시오.,군웅이 割據하던 춘추 전국 시대.,割據,,할거,할거,
3급II,68,2015-02-28,23,dokeum_W,다음 밑줄 친 漢字語의 讀音을 쓰시오.,시민들은 당국의 수사 지연에 대해서 抗議하였다.,抗議,,항의,항의,
3급II,68,2015-02-28,24,dokeum_W,다음 밑줄 친 漢字語의 讀音을 쓰시오.,행사에서 얻은 수익금 전체를 자선 사업 단체에 獻納하였다.,獻納,,헌납,헌납,
3급II,68,2015-02-28,25,dokeum_W,다음 밑줄 친 漢字語의 讀音을 쓰시오.,뿌옇고 떫고 심심한 그 막걸리에는 한국인의 소박한 哀歡이 잘 깃들어 있다.,哀歡,,애환,애환,
3급II,68,2015-02-28,26,dokeum_W,다음 밑줄 친 漢字語의 讀音을 쓰시오.,지금도 신문이나 잡지에 익명으로 발표하는 그의 수필이나 評論을 볼 수 있다.,評論,,평론,평론,
3급II,68,2015-02-28,27,dokeum_W,다음 밑줄 친 漢字語의 讀音을 쓰시오.,현대는 물질 만능주의의 만연으로 정신의 荒廢가 치유하기 힘들 정도로 심각하다.,荒廢,,황폐,황폐,
3급II,68,2015-02-28,28,dokeum_W,다음 밑줄 친 漢字語의 讀音을 쓰시오.,일제의 감시와 彈壓을 견디지 못한 서당들이 점차 문을 닫고 있었다.,彈壓,,탄압,탄압,
3급II,68,2015-02-28,29,dokeum_W,다음 밑줄 친 漢字語의 讀音을 쓰시오.,그것이 나에게는 유일한 選擇이었다.,選擇,,선택,선택,
3급II,68,2015-02-28,30,dokeum_W,다음 밑줄 친 漢字語의 讀音을 쓰시오.,그에 대한 稱頌이 자자하였다.,稱頌,,칭송,칭송,
3급II,68,2015-02-28,31,dokeum_W,다음 漢字語의 讀音을 쓰시오.,稀微,稀微,,희미,희미,
3급II,68,2015-02-28,32,dokeum_W,다음 漢字語의 讀音을 쓰시오.,隆盛,隆盛,,융성,융성,
3급II,68,2015-02-28,33,dokeum_W,다음 漢字語의 讀音을 쓰시오.,懇切,懇切,,간절,간절,
3급II,68,2015-02-28,34,dokeum_W,다음 漢字語의 讀音을 쓰시오.,範圍,範圍,,범위,범위,
3급II,68,2015-02-28,35,dokeum_W,다음 漢字語의 讀音을 쓰시오.,承諾,承諾,,승낙,승낙,
3급II,68,2015-02-28,36,dokeum_W,다음 漢字語의 讀音을 쓰시오.,聽覺,聽覺,,청각,청각,
3급II,68,2015-02-28,37,dokeum_W,다음 漢字語의 讀音을 쓰시오.,要塞,要塞,,요새,요새,
3급II,68,2015-02-28,38,dokeum_W,다음 漢字語의 讀音을 쓰시오.,親庭,親庭,,친정,친정,
3급II,68,2015-02-28,39,dokeum_W,다음 漢字語의 讀音을 쓰시오.,沈默,沈默,,침묵,침묵,
3급II,68,2015-02-28,40,dokeum_W,다음 漢字語의 讀音을 쓰시오.,削奪,削奪,,삭탈,삭탈,
3급II,68,2015-02-28,41,dokeum_W,다음 漢字語의 讀音을 쓰시오.,縮刷,縮刷,,축쇄,축쇄,
3급II,68,2015-02-28,42,dokeum_W,다음 漢字語의 讀音을 쓰시오.,壞滅,壞滅,,괴멸,괴멸,
3급II,68,2015-02-28,43,dokeum_W,다음 漢字語의 讀音을 쓰시오.,臺詞,臺詞,,대사,대사,
3급II,68,2015-02-28,44,dokeum_W,다음 漢字語의 讀音을 쓰시오.,寢息,寢息,,침식,침식,
3급II,68,2015-02-28,45,dokeum_W,다음 漢字語의 讀音을 쓰시오.,啓蒙,啓蒙,,계몽,계몽,
3급II,68,2015-02-28,46,huneum_W,다음 漢字의 訓과 音을 쓰시오.,脚,脚,,다리 각,다리 각,
3급II,68,2015-02-28,47,huneum_W,다음 漢字의 訓과 音을 쓰시오.,改,改,,고칠 개,고칠 개,
3급II,68,2015-02-28,48,huneum_W,다음 漢字의 訓과 音을 쓰시오.,佳,佳,,아름다울 가,아름다울 가,
3급II,68,2015-02-28,49,huneum_W,다음 漢字의 訓과 音을 쓰시오.,裳,裳,,치마 상,치마 상,
3급II,68,2015-02-28,50,huneum_W,다음 漢字의 訓과 音을 쓰시오.,壽,壽,,목숨 수,목숨 수,
3급II,68,2015-02-28,51,huneum_W,다음 漢字의 訓과 音을 쓰시오.,寫,寫,,베낄 사,베낄 사,
3급II,68,2015-02-28,52,huneum_W,다음 漢字의 訓과 音을 쓰시오.,司,司,,맡을 사,맡을 사,
3급II,68,2015-02-28,53,huneum_W,다음 漢字의 訓과 音을 쓰시오.,散,散,,흩을 산,흩을 산,
3급II,68,2015-02-28,54,huneum_W,다음 漢字의 訓과 音을 쓰시오.,旋,旋,,돌 선,돌 선,
3급II,68,2015-02-28,55,huneum_W,다음 漢字의 訓과 音을 쓰시오.,普,普,,넓을 보,넓을 보,
3급II,68,2015-02-28,56,huneum_W,다음 漢字의 訓과 音을 쓰시오.,逢,逢,,만날 봉,만날 봉,
3급II,68,2015-02-28,57,huneum_W,다음 漢字의 訓과 音을 쓰시오.,卑,卑,,낮을 비,낮을 비,
3급II,68,2015-02-28,58,huneum_W,다음 漢字의 訓과 音을 쓰시오.,團,團,,둥글 단,둥글 단,
3급II,68,2015-02-28,59,huneum_W,다음 漢字의 訓과 音을 쓰시오.,淡,淡,,맑을 담,맑을 담,
3급II,68,2015-02-28,60,huneum_W,다음 漢字의 訓과 音을 쓰시오.,旦,旦,,아침 단,아침 단,
3급II,68,2015-02-28,61,huneum_W,다음 漢字의 訓과 音을 쓰시오.,柔,柔,,부드러울 유,부드러울 유,
3급II,68,2015-02-28,62,huneum_W,다음 漢字의 訓과 音을 쓰시오.,迎,迎,,맞을 영,맞을 영,
3급II,68,2015-02-28,63,huneum_W,다음 漢字의 訓과 音을 쓰시오.,儀,儀,,거동 의,거동 의,
3급II,68,2015-02-28,64,huneum_W,다음 漢字의 訓과 音을 쓰시오.,殘,殘,,남을 잔,남을 잔,
3급II,68,2015-02-28,65,huneum_W,다음 漢字의 訓과 音을 쓰시오.,積,積,,쌓을 적,쌓을 적,
3급II,68,2015-02-28,66,huneum_W,다음 漢字의 訓과 音을 쓰시오.,靜,靜,,고요할 정,고요할 정,
3급II,68,2015-02-28,67,huneum_W,다음 漢字의 訓과 音을 쓰시오.,哲,哲,,밝을 철,밝을 철,
3급II,68,2015-02-28,68,huneum_W,다음 漢字의 訓과 音을 쓰시오.,霜,霜,,서리 상,서리 상,
3급II,68,2015-02-28,69,huneum_W,다음 漢字의 訓과 音을 쓰시오.,曾,曾,,일찍 증,일찍 증,
3급II,68,2015-02-28,70,huneum_W,다음 漢字의 訓과 音을 쓰시오.,含,含,,머금을 함,머금을 함,
3급II,68,2015-02-28,71,huneum_W,다음 漢字의 訓과 音을 쓰시오.,買,買,,살 매,살 매,
3급II,68,2015-02-28,72,huneum_W,다음 漢字의 訓과 音을 쓰시오.,御,御,,거느릴 어,거느릴 어,
3급II,68,2015-02-28,73,hanjaeo_W,다음 밑줄 친 漢字語를 漢字(正字)로 쓰시오.,자기는 금년 봄에 무사히 졸업을 하고 각지로 여행을 다니며 구경도 수양도 하다가……,금년,,今年,今年,
3급II,68,2015-02-28,74,hanjaeo_W,다음 밑줄 친 漢字語를 漢字(正字)로 쓰시오.,자기는 금년 봄에 무사히 졸업을 하고 각지로 여행을 다니며 구경도 수양도 하다가……,무사,,無事,無事,
3급II,68,2015-02-28,75,hanjaeo_W,다음 밑줄 친 漢字語를 漢字(正字)로 쓰시오.,자기는 금년 봄에 무사히 졸업을 하고 각지로 여행을 다니며 구경도 수양도 하다가……,졸업,,卒業,卒業,
3급II,68,2015-02-28,76,hanjaeo_W,다음 밑줄 친 漢字語를 漢字(正字)로 쓰시오.,자기는 금년 봄에 무사히 졸업을 하고 각지로 여행을 다니며 구경도 수양도 하다가……,각지,,各地,各地,
3급II,68,2015-02-28,77,hanjaeo_W,다음 밑줄 친 漢字語를 漢字(正字)로 쓰시오.,자기는 금년 봄에 무사히 졸업을 하고 각지로 여행을 다니며 구경도 수양도 하다가……,여행,,旅行,旅行,
3급II,68,2015-02-28,78,hanjaeo_W,다음 밑줄 친 漢字語를 漢字(正字)로 쓰시오.,자기는 금년 봄에 무사히 졸업을 하고 각지로 여행을 다니며 구경도 수양도 하다가……,수양,,修養,修養,
3급II,68,2015-02-28,79,hanjaeo_W,다음 밑줄 친 漢字語를 漢字(正字)로 쓰시오.,"거대한 업적이 영원한 것이 아니라, 하나의 생명을 돌봐 준다는 사소한 행동이 사실은 우주의 역사에 기록되는 위대한 행위이다.",영원,,永遠,永遠,
3급II,68,2015-02-28,80,hanjaeo_W,다음 밑줄 친 漢字語를 漢字(正字)로 쓰시오.,"거대한 업적이 영원한 것이 아니라, 하나의 생명을 돌봐 준다는 사소한 행동이 사실은 우주의 역사에 기록되는 위대한 행위이다.",생명,,生命,生命,
3급II,68,2015-02-28,81,hanjaeo_W,다음 밑줄 친 漢字語를 漢字(正字)로 쓰시오.,"거대한 업적이 영원한 것이 아니라, 하나의 생명을 돌봐 준다는 사소한 행동이 사실은 우주의 역사에 기록되는 위대한 행위이다.",역사,,歷史,歷史,
3급II,68,2015-02-28,82,hanjaeo_W,다음 밑줄 친 漢字語를 漢字(正字)로 쓰시오.,"거대한 업적이 영원한 것이 아니라, 하나의 생명을 돌봐 준다는 사소한 행동이 사실은 우주의 역사에 기록되는 위대한 행위이다.",기록,,記錄,記錄,
3급II,68,2015-02-28,83,hanjaeo_W,다음 밑줄 친 漢字語를 漢字(正字)로 쓰시오.,"거대한 업적이 영원한 것이 아니라, 하나의 생명을 돌봐 준다는 사소한 행동이 사실은 우주의 역사에 기록되는 위대한 행위이다.",위대,,偉大,偉大,
3급II,68,2015-02-28,84,hanjaeo_W,다음 밑줄 친 漢字語를 漢字(正字)로 쓰시오.,그는 특히 효제의 실천 요강을 그다운 실천 논리로 명쾌하게 분석하여 부모에 대한 효도와 형제간의 우애를 강조했다.,명쾌,,明快,明快,
3급II,68,2015-02-28,85,hanjaeo_W,다음 밑줄 친 漢字語를 漢字(正字)로 쓰시오.,그는 특히 효제의 실천 요강을 그다운 실천 논리로 명쾌하게 분석하여 부모에 대한 효도와 형제간의 우애를 강조했다.,효도,,孝道,孝道,
3급II,68,2015-02-28,86,hanjaeo_W,다음 밑줄 친 漢字語를 漢字(正字)로 쓰시오.,그는 특히 효제의 실천 요강을 그다운 실천 논리로 명쾌하게 분석하여 부모에 대한 효도와 형제간의 우애를 강조했다.,형제,,兄弟,兄弟,
3급II,68,2015-02-28,87,hanjaeo_W,다음 밑줄 친 漢字語를 漢字(正字)로 쓰시오.,그는 특히 효제의 실천 요강을 그다운 실천 논리로 명쾌하게 분석하여 부모에 대한 효도와 형제간의 우애를 강조했다.,우애,,友愛,友愛,
3급II,68,2015-02-28,88,hanjaeo_W,다음 밑줄 친 漢字語를 漢字(正字)로 쓰시오.,"자유를 추구하며 잘 살기를 갈망한다는 것은 국민 전체의 민주의식이 그만큼 앙양된 증거로서, 국가적 견지로 볼 때 이처럼 경축할 일은 없지 않을까 한다.",자유,,自由,自由,
3급II,68,2015-02-28,89,hanjaeo_W,다음 밑줄 친 漢字語를 漢字(正字)로 쓰시오.,"자유를 추구하며 잘 살기를 갈망한다는 것은 국민 전체의 민주의식이 그만큼 앙양된 증거로서, 국가적 견지로 볼 때 이처럼 경축할 일은 없지 않을까 한다.",민주,,民主,民主,
3급II,68,2015-02-28,90,hanjaeo_W,다음 밑줄 친 漢字語를 漢字(正字)로 쓰시오.,"자유를 추구하며 잘 살기를 갈망한다는 것은 국민 전체의 민주의식이 그만큼 앙양된 증거로서, 국가적 견지로 볼 때 이처럼 경축할 일은 없지 않을까 한다.",의식,,意識,意識,
3급II,68,2015-02-28,91,hanjaeo_W,다음 밑줄 친 漢字語를 漢字(正字)로 쓰시오.,"자유를 추구하며 잘 살기를 갈망한다는 것은 국민 전체의 민주의식이 그만큼 앙양된 증거로서, 국가적 견지로 볼 때 이처럼 경축할 일은 없지 않을까 한다.",경축,,慶祝,慶祝,
3급II,68,2015-02-28,92,hanjaeo_W,다음 밑줄 친 漢字語를 漢字(正字)로 쓰시오.,도덕적 차원이나 윤리적인 차원을 떠나서라도 이웃과 친구와의 협동과 상부상조의 정신은 반드시 있어야 한다.,차원,,次元,次元,
3급II,68,2015-02-28,93,hanjaeo_W,다음 밑줄 친 漢字語를 漢字(正字)로 쓰시오.,도덕적 차원이나 윤리적인 차원을 떠나서라도 이웃과 친구와의 협동과 상부상조의 정신은 반드시 있어야 한다.,상조,,相助,相助,
3급II,68,2015-02-28,94,hanjaeo_W,다음 밑줄 친 漢字語를 漢字(正字)로 쓰시오.,도덕적 차원이나 윤리적인 차원을 떠나서라도 이웃과 친구와의 협동과 상부상조의 정신은 반드시 있어야 한다.,정신,,精神,精神,
3급II,68,2015-02-28,95,hanjaeo_W,다음 밑줄 친 漢字語를 漢字(正字)로 쓰시오.,"일본은 지금 우리보다 조금 개화가 앞섰다는 사실, 얄팍한 물질 문명, 그리고 신식 무기로 이 땅을 마구 짓밟고 있는 사실도 오해란 말이냐?",개화,,開化,開化,
3급II,68,2015-02-28,96,hanjaeo_W,다음 밑줄 친 漢字語를 漢字(正字)로 쓰시오.,"일본은 지금 우리보다 조금 개화가 앞섰다는 사실, 얄팍한 물질 문명, 그리고 신식 무기로 이 땅을 마구 짓밟고 있는 사실도 오해란 말이냐?",물질,,物質,物質,
3급II,68,2015-02-28,97,hanjaeo_W,다음 밑줄 친 漢字語를 漢字(正字)로 쓰시오.,"일본은 지금 우리보다 조금 개화가 앞섰다는 사실, 얄팍한 물질 문명, 그리고 신식 무기로 이 땅을 마구 짓밟고 있는 사실도 오해란 말이냐?",신식,,新式,新式,
3급II,68,2015-02-28,98,hanjaeo_W,다음 밑줄 친 漢字語를 漢字(正字)로 쓰시오.,"일본은 지금 우리보다 조금 개화가 앞섰다는 사실, 얄팍한 물질 문명, 그리고 신식 무기로 이 땅을 마구 짓밟고 있는 사실도 오해란 말이냐?",무기,,武器,武器,
3급II,68,2015-02-28,99,hanjaeo_W,다음 밑줄 친 漢字語를 漢字(正字)로 쓰시오.,"일본은 지금 우리보다 조금 개화가 앞섰다는 사실, 얄팍한 물질 문명, 그리고 신식 무기로 이 땅을 마구 짓밟고 있는 사실도 오해란 말이냐?",오해,,誤解,誤解,
3급II,68,2015-02-28,100,hanjaeo_W,다음 밑줄 친 漢字語를 漢字(正字)로 쓰시오.,"너는 그 뒤 고지 탈환 전투에서 비로소 공식적으로 전사할 수 있었으며, 너의 가족에게도 통지가 갔을 것이었다.",전사,,戰死,戰死,
3급II,68,2015-02-28,101,hanjaeo_W,다음 밑줄 친 漢字語를 漢字(正字)로 쓰시오.,"너는 그 뒤 고지 탈환 전투에서 비로소 공식적으로 전사할 수 있었으며, 너의 가족에게도 통지가 갔을 것이었다.",가족,,家族,家族,
3급II,68,2015-02-28,102,hanjaeo_W,다음 밑줄 친 漢字語를 漢字(正字)로 쓰시오.,"너는 그 뒤 고지 탈환 전투에서 비로소 공식적으로 전사할 수 있었으며, 너의 가족에게도 통지가 갔을 것이었다.",통지,,通知,通知,
3급II,68,2015-02-28,103,jangeum_S,다음 漢字語 가운데 첫 음절이 長音으로 발음되는 것을 골라 그 번호를 쓰시오.,,,"[""① 達觀"", ""② 企待"", ""③ 端緖"", ""④ 假作""]",④,④ 假作,
3급II,68,2015-02-28,104,jangeum_S,다음 漢字語 가운데 첫 음절이 長音으로 발음되는 것을 골라 그 번호를 쓰시오.,,,"[""① 克己"", ""② 和睦"", ""③ 擧手"", ""④ 階層""]",③,③ 擧手,
3급II,68,2015-02-28,105,jangeum_S,다음 漢字語 가운데 첫 음절이 長音으로 발음되는 것을 골라 그 번호를 쓰시오.,,,"[""① 激烈"", ""② 客車"", ""③ 勸農"", ""④ 紛爭""]",③,③ 勸農,
3급II,68,2015-02-28,106,jangeum_S,다음 漢字語 가운데 첫 음절이 長音으로 발음되는 것을 골라 그 번호를 쓰시오.,,,"[""① 萬歲"", ""② 編隊"", ""③ 商品"", ""④ 決心""]",①,① 萬歲,
3급II,68,2015-02-28,107,jangeum_S,다음 漢字語 가운데 첫 음절이 長音으로 발음되는 것을 골라 그 번호를 쓰시오.,,,"[""① 希願"", ""② 算數"", ""③ 徒步"", ""④ 資料""]",②,② 算數,
3급II,68,2015-02-28,108,banui_W,다음 漢字와 반대(또는 상대)되는 漢字를 써넣어 글 속의 漢字語를 完成하시오.,사실을 加(   ) 없이 전달하다.,加( ),,減,減,
3급II,68,2015-02-28,109,banui_W,다음 漢字와 반대(또는 상대)되는 漢字를 써넣어 글 속의 漢字語를 完成하시오.,꼭 필요한 물건은 값의 (    )下에 관계없이 구입하시오.,( )下,,高,高,
3급II,68,2015-02-28,110,banui_W,다음 漢字와 반대(또는 상대)되는 漢字를 써넣어 글 속의 漢字語를 完成하시오.,(   )使가 타협하여 임금 문제를 해결하였다.,( )使,,勞,勞,
3급II,68,2015-02-28,111,banui_W,다음 漢字와 반대(또는 상대)되는 漢字를 써넣어 글 속의 漢字語를 完成하시오.,장군은 사사로운 정에 얽매이지 않고 (   )罰을 엄격하게 실시함으로써 부하들로부터 존경을 받았다.,( )罰,,賞,賞,
3급II,68,2015-02-28,112,banui_W,다음 漢字와 반대(또는 상대)되는 漢字를 써넣어 글 속의 漢字語를 完成하시오.,"택일이라는 것은 陰(     ), 오행, 육갑 등을 가지고 그것을 풀어서 한다.",陰( ),,陽,陽,
3급II,68,2015-02-28,113,banuieo_W,다음 漢字語의 반대어(또는 상대어)를 漢字(正字)로 쓰시오.,(    )(   ) ↔ 結果,( )( ) ↔ 結果,,原因,原因,
3급II,68,2015-02-28,114,banuieo_W,다음 漢字語의 반대어(또는 상대어)를 漢字(正字)로 쓰시오.,幹線 ↔ (          )(       ),幹線 ↔ ( )( ),,支線,支線,
3급II,68,2015-02-28,115,banuieo_W,다음 漢字語의 반대어(또는 상대어)를 漢字(正字)로 쓰시오.,漸進 ↔ (          )(       ),漸進 ↔ ( )( ),,急進,急進,
3급II,68,2015-02-28,116,banuieo_W,다음 漢字語의 반대어(또는 상대어)를 漢字(正字)로 쓰시오.,對話 ↔ (          )(       ),對話 ↔ ( )( ),,獨白,獨白,
3급II,68,2015-02-28,117,banuieo_W,다음 漢字語의 반대어(또는 상대어)를 漢字(正字)로 쓰시오.,(    )(   ) ↔ 複雜,( )( ) ↔ 複雜,,單純,單純,
3급II,68,2015-02-28,118,seongeo_W,다음 빈 칸에 알맞은 漢字(正字)를 써넣어 漢字語(成語)를 完成하시오.,九(        )肝腸 - 굽이굽이 사무친 속마음.,九( )肝腸,,曲,曲,
3급II,68,2015-02-28,119,seongeo_W,다음 빈 칸에 알맞은 漢字(正字)를 써넣어 漢字語(成語)를 完成하시오.,內憂外(        ) - 나라 안팎의 근심 걱정.,內憂外( ),,患,患,
3급II,68,2015-02-28,120,seongeo_W,다음 빈 칸에 알맞은 漢字(正字)를 써넣어 漢字語(成語)를 完成하시오.,君臣有(        ) - 임금과 신하에게는 의가 있어야 함.,君臣有( ),,義,義,
3급II,68,2015-02-28,121,seongeo_W,다음 빈 칸에 알맞은 漢字(正字)를 써넣어 漢字語(成語)를 完成하시오.,(    )盡甘來 - 고생 끝에 낙이 옴.,( )盡甘來,,苦,苦,
3급II,68,2015-02-28,122,seongeo_W,다음 빈 칸에 알맞은 漢字(正字)를 써넣어 漢字語(成語)를 完成하시오.,"孤掌( )鳴 - 외손뼉은 울리지 않는다는 데서, 혼자만의 힘으로는 어떤 일을 하기가 어렵다는 것을 비유함.",孤掌( )鳴,,難,難,
3급II,68,2015-02-28,123,seongeo_W,다음 빈 칸에 알맞은 漢字(正字)를 써넣어 漢字語(成語)를 完成하시오.,(    )猶不及 - 정도를 지나침은 미치지 않은 것과 마찬가지임을 이르는 말.,( )猶不及,,過,過,
3급II,68,2015-02-28,124,seongeo_W,다음 빈 칸에 알맞은 漢字(正字)를 써넣어 漢字語(成語)를 完成하시오.,居(    )思危 - 편안히 살 때 위태로움을 생각함.,居( )思危,,安,安,
3급II,68,2015-02-28,125,seongeo_W,다음 빈 칸에 알맞은 漢字(正字)를 써넣어 漢字語(成語)를 完成하시오.,身言( )判 - 인물을 선택하는 네 가지 조건.,身言( )判,,書,書,
3급II,68,2015-02-28,126,seongeo_W,다음 빈 칸에 알맞은 漢字(正字)를 써넣어 漢字語(成語)를 完成하시오.,怒(    )衝天 - 성난 기색이 하늘을 찌를 정도로 잔뜩 성이 나 있음을 말함.,怒( )衝天,,氣,氣,
3급II,68,2015-02-28,127,seongeo_W,다음 빈 칸에 알맞은 漢字(正字)를 써넣어 漢字語(成語)를 完成하시오.,(    )馬看山 - 달리는 말 위에서 산천을 구경한다.,( )馬看山,,走,走,
3급II,68,2015-02-28,128,busu_W,다음 漢字의 部首를 쓰시오.,世,世,,一,一,
3급II,68,2015-02-28,129,busu_W,다음 漢字의 部首를 쓰시오.,呼,呼,,口,口,
3급II,68,2015-02-28,130,busu_W,다음 漢字의 部首를 쓰시오.,畿,畿,,田,田,
3급II,68,2015-02-28,131,busu_W,다음 漢字의 部首를 쓰시오.,龍,龍,,龍,龍,
3급II,68,2015-02-28,132,busu_W,다음 漢字의 部首를 쓰시오.,弄,弄,,廾,廾,
3급II,68,2015-02-28,133,yui_S,다음 漢字와 訓이 같거나 비슷한 漢字를 <보기>에서 찾아 그 번호를 써 넣으시오.,敗,敗,"[""① 殊"", ""② 順"", ""③ 失"", ""④ 壤"", ""⑤ 靈"", ""⑥ 邪"", ""⑦ 疲"", ""⑧ 承""]",③,③ 失,
3급II,68,2015-02-28,134,yui_S,다음 漢字와 訓이 같거나 비슷한 漢字를 <보기>에서 찾아 그 번호를 써 넣으시오.,繼,繼,"[""① 殊"", ""② 順"", ""③ 失"", ""④ 壤"", ""⑤ 靈"", ""⑥ 邪"", ""⑦ 疲"", ""⑧ 承""]",⑧,⑧ 承,
3급II,68,2015-02-28,135,yui_S,다음 漢字와 訓이 같거나 비슷한 漢字를 <보기>에서 찾아 그 번호를 써 넣으시오.,魂,魂,"[""① 殊"", ""② 順"", ""③ 失"", ""④ 壤"", ""⑤ 靈"", ""⑥ 邪"", ""⑦ 疲"", ""⑧ 承""]",⑤,⑤ 靈,
3급II,68,2015-02-28,136,yui_S,다음 漢字와 訓이 같거나 비슷한 漢字를 <보기>에서 찾아 그 번호를 써 넣으시오.,土,土,"[""① 殊"", ""② 順"", ""③ 失"", ""④ 壤"", ""⑤ 靈"", ""⑥ 邪"", ""⑦ 疲"", ""⑧ 承""]",④,④ 壤,
3급II,68,2015-02-28,137,yui_S,다음 漢字와 訓이 같거나 비슷한 漢字를 <보기>에서 찾아 그 번호를 써 넣으시오.,異,異,"[""① 殊"", ""② 順"", ""③ 失"", ""④ 壤"", ""⑤ 靈"", ""⑥ 邪"", ""⑦ 疲"", ""⑧ 承""]",①,① 殊,
3급II,68,2015-02-28,138,dongeumeo_W,"다음 漢字語와 音이 같으며, 다음 풀이에 알맞은 漢字語를 쓰시오.",(警備) - 사업을 경영하거나 운영하는 데 필요한 비용.,(警備),,經費,經費,
3급II,68,2015-02-28,139,dongeumeo_W,"다음 漢字語와 音이 같으며, 다음 풀이에 알맞은 漢字語를 쓰시오.",(傾向) - 서울과 시골.,(傾向),,京鄕,京鄕,
3급II,68,2015-02-28,140,dongeumeo_W,"다음 漢字語와 音이 같으며, 다음 풀이에 알맞은 漢字語를 쓰시오.",(詩碑) - 옳음과 그름.,(詩碑),,是非,是非,
3급II,68,2015-02-28,141,dongeumeo_W,"다음 漢字語와 音이 같으며, 다음 풀이에 알맞은 漢字語를 쓰시오.",(衣冠) - 의술에 종사하던 벼슬아치.,(衣冠),,醫官,醫官,
3급II,68,2015-02-28,142,dongeumeo_W,"다음 漢字語와 音이 같으며, 다음 풀이에 알맞은 漢字語를 쓰시오.",(盤上) - 양반과 상사람을 아울러 이르는 말.,(盤上),,班常,班常,
3급II,68,2015-02-28,143,mean_W,다음 漢字語의 뜻을 쓰시오.,攻守,攻守,,공격과 수비,공격과 수비,
3급II,68,2015-02-28,144,mean_W,다음 漢字語의 뜻을 쓰시오.,表裏,表裏,,겉과 속,겉과 속,
3급II,68,2015-02-28,145,mean_W,다음 漢字語의 뜻을 쓰시오.,善導,善導,,올바른 길로 이끔,올바른 길로 이끔,
3급II,68,2015-02-28,146,mean_W,다음 漢字語의 뜻을 쓰시오.,出港,出港,,배가 항구를 떠나감,배가 항구를 떠나감,
3급II,68,2015-02-28,147,mean_W,다음 漢字語의 뜻을 쓰시오.,再拜,再拜,,두 번 절함,두 번 절함,
3급II,68,2015-02-28,148,yakja_W,다음 漢字의 略字를 쓰시오.,廣,廣,,広,広,
3급II,68,2015-02-28,149,yakja_W,다음 漢字의 略字를 쓰시오.,齒,齒,,歯,歯,
3급II,68,2015-02-28,150,yakja_W,다음 漢字의 略字를 쓰시오.,寶,寶,,宝,宝,
3급II,69,2015-05-23,1,hanjaeo_W,"다음 밑줄 친 漢字語 중 漢字로 표기된 것은 讀音을, 한글로 표기된 것은 漢字로 쓰시오.","민족의 명절 설을 맞으면 기다리는 가족들과의 반가운 해후를 생각하며 고향 길을 서두르게 된다. 우리의 설은 오랜 시간 맺어 온 이웃들과의 因緣을 記憶하며 앞으로 나갈 길을 생각하는 시간이라 할 수 있다. 해방 70년, 분단 70년을 맞는 올 乙未년 설에는 우리 민족이 겪어 온 역사의 의의를 되새겨 보게 된다. 70년 전 日帝 強占으로부터 해방된 興奮 속에서 우리는 큰 불운과 행운에 동시에 부딪치게 되었다. 강대국 간 밀약의 專橫으로 한반도가 북위 38도선으로 양분되며 비롯된 국토와 민족의 분단은 분명 우리 민족 최대의 불운이며 재앙이었다. 한편 바로 그 해 1945년에 새로운 국제秩序를 지향하는 유엔이 창설된 것은 분명 우리에게는 큰 행운이었다고 역사는 기록할 것이다. 동서 냉전의 대결은 시작되었고 공산 陣營의 붉은 세력이 아시아 대륙을 뒤덮어가는 가운데서 우리가 어떻게 자유로운 독립국가를 세울 수 있었는가. 다행히도 47년 유엔 총회는 어둡고 混亂스러운 狀況에서 한국인들 스스로 자유로운 선거를 통한 정부 수립을 진행할 것을 결의했다. 그리고 48년 5월 10일 우리는 역사상 처음으로 유엔 감시 하에 자유선거가 실시되어 制憲국회, 헌법 제정, 대한민국 정부 출범으로 이어졌다. 한 마디로 유엔이 대한민국 정부 출범에 산파역을 담당했던 것이다. 또한 50년 북한이 6·25 남침을 강행했을 때도 유엔은 큰 희생을 甘受하며 대한민국 수호에 앞장서 유엔의 權威와 자유를 존중하는 국제질서를 지켰다. 휴전 이후 지난 60여 년 우리는 산업화를 통한 근대화, 정치의 민주화에 성공했다. 그것은 한 세대에 걸친 권위주의의 시기에도 통치자나 국민 모두가 고립과 독선을 피하고 국제 사회의 주류에 果敢히 합류함으로써 가능했던 業績임을 잊어선 안 된다.",민족,,民族,民族,
3급II,69,2015-05-23,2,hanjaeo_W,"다음 밑줄 친 漢字語 중 漢字로 표기된 것은 讀音을, 한글로 표기된 것은 漢字로 쓰시오.","민족의 명절 설을 맞으면 기다리는 가족들과의 반가운 해후를 생각하며 고향 길을 서두르게 된다. 우리의 설은 오랜 시간 맺어 온 이웃들과의 因緣을 記憶하며 앞으로 나갈 길을 생각하는 시간이라 할 수 있다. 해방 70년, 분단 70년을 맞는 올 乙未년 설에는 우리 민족이 겪어 온 역사의 의의를 되새겨 보게 된다. 70년 전 日帝 強占으로부터 해방된 興奮 속에서 우리는 큰 불운과 행운에 동시에 부딪치게 되었다. 강대국 간 밀약의 專橫으로 한반도가 북위 38도선으로 양분되며 비롯된 국토와 민족의 분단은 분명 우리 민족 최대의 불운이며 재앙이었다. 한편 바로 그 해 1945년에 새로운 국제秩序를 지향하는 유엔이 창설된 것은 분명 우리에게는 큰 행운이었다고 역사는 기록할 것이다. 동서 냉전의 대결은 시작되었고 공산 陣營의 붉은 세력이 아시아 대륙을 뒤덮어가는 가운데서 우리가 어떻게 자유로운 독립국가를 세울 수 있었는가. 다행히도 47년 유엔 총회는 어둡고 混亂스러운 狀況에서 한국인들 스스로 자유로운 선거를 통한 정부 수립을 진행할 것을 결의했다. 그리고 48년 5월 10일 우리는 역사상 처음으로 유엔 감시 하에 자유선거가 실시되어 制憲국회, 헌법 제정, 대한민국 정부 출범으로 이어졌다. 한 마디로 유엔이 대한민국 정부 출범에 산파역을 담당했던 것이다. 또한 50년 북한이 6·25 남침을 강행했을 때도 유엔은 큰 희생을 甘受하며 대한민국 수호에 앞장서 유엔의 權威와 자유를 존중하는 국제질서를 지켰다. 휴전 이후 지난 60여 년 우리는 산업화를 통한 근대화, 정치의 민주화에 성공했다. 그것은 한 세대에 걸친 권위주의의 시기에도 통치자나 국민 모두가 고립과 독선을 피하고 국제 사회의 주류에 果敢히 합류함으로써 가능했던 業績임을 잊어선 안 된다.",명절,,名節,名節,
3급II,69,2015-05-23,3,hanjaeo_W,"다음 밑줄 친 漢字語 중 漢字로 표기된 것은 讀音을, 한글로 표기된 것은 漢字로 쓰시오.","민족의 명절 설을 맞으면 기다리는 가족들과의 반가운 해후를 생각하며 고향 길을 서두르게 된다. 우리의 설은 오랜 시간 맺어 온 이웃들과의 因緣을 記憶하며 앞으로 나갈 길을 생각하는 시간이라 할 수 있다. 해방 70년, 분단 70년을 맞는 올 乙未년 설에는 우리 민족이 겪어 온 역사의 의의를 되새겨 보게 된다. 70년 전 日帝 強占으로부터 해방된 興奮 속에서 우리는 큰 불운과 행운에 동시에 부딪치게 되었다. 강대국 간 밀약의 專橫으로 한반도가 북위 38도선으로 양분되며 비롯된 국토와 민족의 분단은 분명 우리 민족 최대의 불운이며 재앙이었다. 한편 바로 그 해 1945년에 새로운 국제秩序를 지향하는 유엔이 창설된 것은 분명 우리에게는 큰 행운이었다고 역사는 기록할 것이다. 동서 냉전의 대결은 시작되었고 공산 陣營의 붉은 세력이 아시아 대륙을 뒤덮어가는 가운데서 우리가 어떻게 자유로운 독립국가를 세울 수 있었는가. 다행히도 47년 유엔 총회는 어둡고 混亂스러운 狀況에서 한국인들 스스로 자유로운 선거를 통한 정부 수립을 진행할 것을 결의했다. 그리고 48년 5월 10일 우리는 역사상 처음으로 유엔 감시 하에 자유선거가 실시되어 制憲국회, 헌법 제정, 대한민국 정부 출범으로 이어졌다. 한 마디로 유엔이 대한민국 정부 출범에 산파역을 담당했던 것이다. 또한 50년 북한이 6·25 남침을 강행했을 때도 유엔은 큰 희생을 甘受하며 대한민국 수호에 앞장서 유엔의 權威와 자유를 존중하는 국제질서를 지켰다. 휴전 이후 지난 60여 년 우리는 산업화를 통한 근대화, 정치의 민주화에 성공했다. 그것은 한 세대에 걸친 권위주의의 시기에도 통치자나 국민 모두가 고립과 독선을 피하고 국제 사회의 주류에 果敢히 합류함으로써 가능했던 業績임을 잊어선 안 된다.",고향,,故鄕,故鄕,
3급II,69,2015-05-23,4,dokeum_W,"다음 밑줄 친 漢字語 중 漢字로 표기된 것은 讀音을, 한글로 표기된 것은 漢字로 쓰시오.","민족의 명절 설을 맞으면 기다리는 가족들과의 반가운 해후를 생각하며 고향 길을 서두르게 된다. 우리의 설은 오랜 시간 맺어 온 이웃들과의 因緣을 記憶하며 앞으로 나갈 길을 생각하는 시간이라 할 수 있다. 해방 70년, 분단 70년을 맞는 올 乙未년 설에는 우리 민족이 겪어 온 역사의 의의를 되새겨 보게 된다. 70년 전 日帝 強占으로부터 해방된 興奮 속에서 우리는 큰 불운과 행운에 동시에 부딪치게 되었다. 강대국 간 밀약의 專橫으로 한반도가 북위 38도선으로 양분되며 비롯된 국토와 민족의 분단은 분명 우리 민족 최대의 불운이며 재앙이었다. 한편 바로 그 해 1945년에 새로운 국제秩序를 지향하는 유엔이 창설된 것은 분명 우리에게는 큰 행운이었다고 역사는 기록할 것이다. 동서 냉전의 대결은 시작되었고 공산 陣營의 붉은 세력이 아시아 대륙을 뒤덮어가는 가운데서 우리가 어떻게 자유로운 독립국가를 세울 수 있었는가. 다행히도 47년 유엔 총회는 어둡고 混亂스러운 狀況에서 한국인들 스스로 자유로운 선거를 통한 정부 수립을 진행할 것을 결의했다. 그리고 48년 5월 10일 우리는 역사상 처음으로 유엔 감시 하에 자유선거가 실시되어 制憲국회, 헌법 제정, 대한민국 정부 출범으로 이어졌다. 한 마디로 유엔이 대한민국 정부 출범에 산파역을 담당했던 것이다. 또한 50년 북한이 6·25 남침을 강행했을 때도 유엔은 큰 희생을 甘受하며 대한민국 수호에 앞장서 유엔의 權威와 자유를 존중하는 국제질서를 지켰다. 휴전 이후 지난 60여 년 우리는 산업화를 통한 근대화, 정치의 민주화에 성공했다. 그것은 한 세대에 걸친 권위주의의 시기에도 통치자나 국민 모두가 고립과 독선을 피하고 국제 사회의 주류에 果敢히 합류함으로써 가능했던 業績임을 잊어선 안 된다.",因緣,,인연,인연,
3급II,69,2015-05-23,5,dokeum_W,"다음 밑줄 친 漢字語 중 漢字로 표기된 것은 讀音을, 한글로 표기된 것은 漢字로 쓰시오.","민족의 명절 설을 맞으면 기다리는 가족들과의 반가운 해후를 생각하며 고향 길을 서두르게 된다. 우리의 설은 오랜 시간 맺어 온 이웃들과의 因緣을 記憶하며 앞으로 나갈 길을 생각하는 시간이라 할 수 있다. 해방 70년, 분단 70년을 맞는 올 乙未년 설에는 우리 민족이 겪어 온 역사의 의의를 되새겨 보게 된다. 70년 전 日帝 強占으로부터 해방된 興奮 속에서 우리는 큰 불운과 행운에 동시에 부딪치게 되었다. 강대국 간 밀약의 專橫으로 한반도가 북위 38도선으로 양분되며 비롯된 국토와 민족의 분단은 분명 우리 민족 최대의 불운이며 재앙이었다. 한편 바로 그 해 1945년에 새로운 국제秩序를 지향하는 유엔이 창설된 것은 분명 우리에게는 큰 행운이었다고 역사는 기록할 것이다. 동서 냉전의 대결은 시작되었고 공산 陣營의 붉은 세력이 아시아 대륙을 뒤덮어가는 가운데서 우리가 어떻게 자유로운 독립국가를 세울 수 있었는가. 다행히도 47년 유엔 총회는 어둡고 混亂스러운 狀況에서 한국인들 스스로 자유로운 선거를 통한 정부 수립을 진행할 것을 결의했다. 그리고 48년 5월 10일 우리는 역사상 처음으로 유엔 감시 하에 자유선거가 실시되어 制憲국회, 헌법 제정, 대한민국 정부 출범으로 이어졌다. 한 마디로 유엔이 대한민국 정부 출범에 산파역을 담당했던 것이다. 또한 50년 북한이 6·25 남침을 강행했을 때도 유엔은 큰 희생을 甘受하며 대한민국 수호에 앞장서 유엔의 權威와 자유를 존중하는 국제질서를 지켰다. 휴전 이후 지난 60여 년 우리는 산업화를 통한 근대화, 정치의 민주화에 성공했다. 그것은 한 세대에 걸친 권위주의의 시기에도 통치자나 국민 모두가 고립과 독선을 피하고 국제 사회의 주류에 果敢히 합류함으로써 가능했던 業績임을 잊어선 안 된다.",記憶,,기억,기억,
3급II,69,2015-05-23,6,hanjaeo_W,"다음 밑줄 친 漢字語 중 漢字로 표기된 것은 讀音을, 한글로 표기된 것은 漢字로 쓰시오.","민족의 명절 설을 맞으면 기다리는 가족들과의 반가운 해후를 생각하며 고향 길을 서두르게 된다. 우리의 설은 오랜 시간 맺어 온 이웃들과의 因緣을 記憶하며 앞으로 나갈 길을 생각하는 시간이라 할 수 있다. 해방 70년, 분단 70년을 맞는 올 乙未년 설에는 우리 민족이 겪어 온 역사의 의의를 되새겨 보게 된다. 70년 전 日帝 強占으로부터 해방된 興奮 속에서 우리는 큰 불운과 행운에 동시에 부딪치게 되었다. 강대국 간 밀약의 專橫으로 한반도가 북위 38도선으로 양분되며 비롯된 국토와 민족의 분단은 분명 우리 민족 최대의 불운이며 재앙이었다. 한편 바로 그 해 1945년에 새로운 국제秩序를 지향하는 유엔이 창설된 것은 분명 우리에게는 큰 행운이었다고 역사는 기록할 것이다. 동서 냉전의 대결은 시작되었고 공산 陣營의 붉은 세력이 아시아 대륙을 뒤덮어가는 가운데서 우리가 어떻게 자유로운 독립국가를 세울 수 있었는가. 다행히도 47년 유엔 총회는 어둡고 混亂스러운 狀況에서 한국인들 스스로 자유로운 선거를 통한 정부 수립을 진행할 것을 결의했다. 그리고 48년 5월 10일 우리는 역사상 처음으로 유엔 감시 하에 자유선거가 실시되어 制憲국회, 헌법 제정, 대한민국 정부 출범으로 이어졌다. 한 마디로 유엔이 대한민국 정부 출범에 산파역을 담당했던 것이다. 또한 50년 북한이 6·25 남침을 강행했을 때도 유엔은 큰 희생을 甘受하며 대한민국 수호에 앞장서 유엔의 權威와 자유를 존중하는 국제질서를 지켰다. 휴전 이후 지난 60여 년 우리는 산업화를 통한 근대화, 정치의 민주화에 성공했다. 그것은 한 세대에 걸친 권위주의의 시기에도 통치자나 국민 모두가 고립과 독선을 피하고 국제 사회의 주류에 果敢히 합류함으로써 가능했던 業績임을 잊어선 안 된다.",해방,,解放,解放,
3급II,69,2015-05-23,7,hanjaeo_W,"다음 밑줄 친 漢字語 중 漢字로 표기된 것은 讀音을, 한글로 표기된 것은 漢字로 쓰시오.","민족의 명절 설을 맞으면 기다리는 가족들과의 반가운 해후를 생각하며 고향 길을 서두르게 된다. 우리의 설은 오랜 시간 맺어 온 이웃들과의 因緣을 記憶하며 앞으로 나갈 길을 생각하는 시간이라 할 수 있다. 해방 70년, 분단 70년을 맞는 올 乙未년 설에는 우리 민족이 겪어 온 역사의 의의를 되새겨 보게 된다. 70년 전 日帝 強占으로부터 해방된 興奮 속에서 우리는 큰 불운과 행운에 동시에 부딪치게 되었다. 강대국 간 밀약의 專橫으로 한반도가 북위 38도선으로 양분되며 비롯된 국토와 민족의 분단은 분명 우리 민족 최대의 불운이며 재앙이었다. 한편 바로 그 해 1945년에 새로운 국제秩序를 지향하는 유엔이 창설된 것은 분명 우리에게는 큰 행운이었다고 역사는 기록할 것이다. 동서 냉전의 대결은 시작되었고 공산 陣營의 붉은 세력이 아시아 대륙을 뒤덮어가는 가운데서 우리가 어떻게 자유로운 독립국가를 세울 수 있었는가. 다행히도 47년 유엔 총회는 어둡고 混亂스러운 狀況에서 한국인들 스스로 자유로운 선거를 통한 정부 수립을 진행할 것을 결의했다. 그리고 48년 5월 10일 우리는 역사상 처음으로 유엔 감시 하에 자유선거가 실시되어 制憲국회, 헌법 제정, 대한민국 정부 출범으로 이어졌다. 한 마디로 유엔이 대한민국 정부 출범에 산파역을 담당했던 것이다. 또한 50년 북한이 6·25 남침을 강행했을 때도 유엔은 큰 희생을 甘受하며 대한민국 수호에 앞장서 유엔의 權威와 자유를 존중하는 국제질서를 지켰다. 휴전 이후 지난 60여 년 우리는 산업화를 통한 근대화, 정치의 민주화에 성공했다. 그것은 한 세대에 걸친 권위주의의 시기에도 통치자나 국민 모두가 고립과 독선을 피하고 국제 사회의 주류에 果敢히 합류함으로써 가능했던 業績임을 잊어선 안 된다.",분단,,分斷,分斷,
3급II,69,2015-05-23,8,dokeum_W,"다음 밑줄 친 漢字語 중 漢字로 표기된 것은 讀音을, 한글로 표기된 것은 漢字로 쓰시오.","민족의 명절 설을 맞으면 기다리는 가족들과의 반가운 해후를 생각하며 고향 길을 서두르게 된다. 우리의 설은 오랜 시간 맺어 온 이웃들과의 因緣을 記憶하며 앞으로 나갈 길을 생각하는 시간이라 할 수 있다. 해방 70년, 분단 70년을 맞는 올 乙未년 설에는 우리 민족이 겪어 온 역사의 의의를 되새겨 보게 된다. 70년 전 日帝 強占으로부터 해방된 興奮 속에서 우리는 큰 불운과 행운에 동시에 부딪치게 되었다. 강대국 간 밀약의 專橫으로 한반도가 북위 38도선으로 양분되며 비롯된 국토와 민족의 분단은 분명 우리 민족 최대의 불운이며 재앙이었다. 한편 바로 그 해 1945년에 새로운 국제秩序를 지향하는 유엔이 창설된 것은 분명 우리에게는 큰 행운이었다고 역사는 기록할 것이다. 동서 냉전의 대결은 시작되었고 공산 陣營의 붉은 세력이 아시아 대륙을 뒤덮어가는 가운데서 우리가 어떻게 자유로운 독립국가를 세울 수 있었는가. 다행히도 47년 유엔 총회는 어둡고 混亂스러운 狀況에서 한국인들 스스로 자유로운 선거를 통한 정부 수립을 진행할 것을 결의했다. 그리고 48년 5월 10일 우리는 역사상 처음으로 유엔 감시 하에 자유선거가 실시되어 制憲국회, 헌법 제정, 대한민국 정부 출범으로 이어졌다. 한 마디로 유엔이 대한민국 정부 출범에 산파역을 담당했던 것이다. 또한 50년 북한이 6·25 남침을 강행했을 때도 유엔은 큰 희생을 甘受하며 대한민국 수호에 앞장서 유엔의 權威와 자유를 존중하는 국제질서를 지켰다. 휴전 이후 지난 60여 년 우리는 산업화를 통한 근대화, 정치의 민주화에 성공했다. 그것은 한 세대에 걸친 권위주의의 시기에도 통치자나 국민 모두가 고립과 독선을 피하고 국제 사회의 주류에 果敢히 합류함으로써 가능했던 業績임을 잊어선 안 된다.",乙未,,을미,을미,
3급II,69,2015-05-23,9,hanjaeo_W,"다음 밑줄 친 漢字語 중 漢字로 표기된 것은 讀音을, 한글로 표기된 것은 漢字로 쓰시오.","민족의 명절 설을 맞으면 기다리는 가족들과의 반가운 해후를 생각하며 고향 길을 서두르게 된다. 우리의 설은 오랜 시간 맺어 온 이웃들과의 因緣을 記憶하며 앞으로 나갈 길을 생각하는 시간이라 할 수 있다. 해방 70년, 분단 70년을 맞는 올 乙未년 설에는 우리 민족이 겪어 온 역사의 의의를 되새겨 보게 된다. 70년 전 日帝 強占으로부터 해방된 興奮 속에서 우리는 큰 불운과 행운에 동시에 부딪치게 되었다. 강대국 간 밀약의 專橫으로 한반도가 북위 38도선으로 양분되며 비롯된 국토와 민족의 분단은 분명 우리 민족 최대의 불운이며 재앙이었다. 한편 바로 그 해 1945년에 새로운 국제秩序를 지향하는 유엔이 창설된 것은 분명 우리에게는 큰 행운이었다고 역사는 기록할 것이다. 동서 냉전의 대결은 시작되었고 공산 陣營의 붉은 세력이 아시아 대륙을 뒤덮어가는 가운데서 우리가 어떻게 자유로운 독립국가를 세울 수 있었는가. 다행히도 47년 유엔 총회는 어둡고 混亂스러운 狀況에서 한국인들 스스로 자유로운 선거를 통한 정부 수립을 진행할 것을 결의했다. 그리고 48년 5월 10일 우리는 역사상 처음으로 유엔 감시 하에 자유선거가 실시되어 制憲국회, 헌법 제정, 대한민국 정부 출범으로 이어졌다. 한 마디로 유엔이 대한민국 정부 출범에 산파역을 담당했던 것이다. 또한 50년 북한이 6·25 남침을 강행했을 때도 유엔은 큰 희생을 甘受하며 대한민국 수호에 앞장서 유엔의 權威와 자유를 존중하는 국제질서를 지켰다. 휴전 이후 지난 60여 년 우리는 산업화를 통한 근대화, 정치의 민주화에 성공했다. 그것은 한 세대에 걸친 권위주의의 시기에도 통치자나 국민 모두가 고립과 독선을 피하고 국제 사회의 주류에 果敢히 합류함으로써 가능했던 業績임을 잊어선 안 된다.",역사,,歷史,歷史,
3급II,69,2015-05-23,10,hanjaeo_W,"다음 밑줄 친 漢字語 중 漢字로 표기된 것은 讀音을, 한글로 표기된 것은 漢字로 쓰시오.","민족의 명절 설을 맞으면 기다리는 가족들과의 반가운 해후를 생각하며 고향 길을 서두르게 된다. 우리의 설은 오랜 시간 맺어 온 이웃들과의 因緣을 記憶하며 앞으로 나갈 길을 생각하는 시간이라 할 수 있다. 해방 70년, 분단 70년을 맞는 올 乙未년 설에는 우리 민족이 겪어 온 역사의 의의를 되새겨 보게 된다. 70년 전 日帝 強占으로부터 해방된 興奮 속에서 우리는 큰 불운과 행운에 동시에 부딪치게 되었다. 강대국 간 밀약의 專橫으로 한반도가 북위 38도선으로 양분되며 비롯된 국토와 민족의 분단은 분명 우리 민족 최대의 불운이며 재앙이었다. 한편 바로 그 해 1945년에 새로운 국제秩序를 지향하는 유엔이 창설된 것은 분명 우리에게는 큰 행운이었다고 역사는 기록할 것이다. 동서 냉전의 대결은 시작되었고 공산 陣營의 붉은 세력이 아시아 대륙을 뒤덮어가는 가운데서 우리가 어떻게 자유로운 독립국가를 세울 수 있었는가. 다행히도 47년 유엔 총회는 어둡고 混亂스러운 狀況에서 한국인들 스스로 자유로운 선거를 통한 정부 수립을 진행할 것을 결의했다. 그리고 48년 5월 10일 우리는 역사상 처음으로 유엔 감시 하에 자유선거가 실시되어 制憲국회, 헌법 제정, 대한민국 정부 출범으로 이어졌다. 한 마디로 유엔이 대한민국 정부 출범에 산파역을 담당했던 것이다. 또한 50년 북한이 6·25 남침을 강행했을 때도 유엔은 큰 희생을 甘受하며 대한민국 수호에 앞장서 유엔의 權威와 자유를 존중하는 국제질서를 지켰다. 휴전 이후 지난 60여 년 우리는 산업화를 통한 근대화, 정치의 민주화에 성공했다. 그것은 한 세대에 걸친 권위주의의 시기에도 통치자나 국민 모두가 고립과 독선을 피하고 국제 사회의 주류에 果敢히 합류함으로써 가능했던 業績임을 잊어선 안 된다.",의의,,意義,意義,
3급II,69,2015-05-23,11,dokeum_W,"다음 밑줄 친 漢字語 중 漢字로 표기된 것은 讀音을, 한글로 표기된 것은 漢字로 쓰시오.","민족의 명절 설을 맞으면 기다리는 가족들과의 반가운 해후를 생각하며 고향 길을 서두르게 된다. 우리의 설은 오랜 시간 맺어 온 이웃들과의 因緣을 記憶하며 앞으로 나갈 길을 생각하는 시간이라 할 수 있다. 해방 70년, 분단 70년을 맞는 올 乙未년 설에는 우리 민족이 겪어 온 역사의 의의를 되새겨 보게 된다. 70년 전 日帝 強占으로부터 해방된 興奮 속에서 우리는 큰 불운과 행운에 동시에 부딪치게 되었다. 강대국 간 밀약의 專橫으로 한반도가 북위 38도선으로 양분되며 비롯된 국토와 민족의 분단은 분명 우리 민족 최대의 불운이며 재앙이었다. 한편 바로 그 해 1945년에 새로운 국제秩序를 지향하는 유엔이 창설된 것은 분명 우리에게는 큰 행운이었다고 역사는 기록할 것이다. 동서 냉전의 대결은 시작되었고 공산 陣營의 붉은 세력이 아시아 대륙을 뒤덮어가는 가운데서 우리가 어떻게 자유로운 독립국가를 세울 수 있었는가. 다행히도 47년 유엔 총회는 어둡고 混亂스러운 狀況에서 한국인들 스스로 자유로운 선거를 통한 정부 수립을 진행할 것을 결의했다. 그리고 48년 5월 10일 우리는 역사상 처음으로 유엔 감시 하에 자유선거가 실시되어 制憲국회, 헌법 제정, 대한민국 정부 출범으로 이어졌다. 한 마디로 유엔이 대한민국 정부 출범에 산파역을 담당했던 것이다. 또한 50년 북한이 6·25 남침을 강행했을 때도 유엔은 큰 희생을 甘受하며 대한민국 수호에 앞장서 유엔의 權威와 자유를 존중하는 국제질서를 지켰다. 휴전 이후 지난 60여 년 우리는 산업화를 통한 근대화, 정치의 민주화에 성공했다. 그것은 한 세대에 걸친 권위주의의 시기에도 통치자나 국민 모두가 고립과 독선을 피하고 국제 사회의 주류에 果敢히 합류함으로써 가능했던 業績임을 잊어선 안 된다.",日帝,,일제,일제,
3급II,69,2015-05-23,12,dokeum_W,"다음 밑줄 친 漢字語 중 漢字로 표기된 것은 讀音을, 한글로 표기된 것은 漢字로 쓰시오.","민족의 명절 설을 맞으면 기다리는 가족들과의 반가운 해후를 생각하며 고향 길을 서두르게 된다. 우리의 설은 오랜 시간 맺어 온 이웃들과의 因緣을 記憶하며 앞으로 나갈 길을 생각하는 시간이라 할 수 있다. 해방 70년, 분단 70년을 맞는 올 乙未년 설에는 우리 민족이 겪어 온 역사의 의의를 되새겨 보게 된다. 70년 전 日帝 強占으로부터 해방된 興奮 속에서 우리는 큰 불운과 행운에 동시에 부딪치게 되었다. 강대국 간 밀약의 專橫으로 한반도가 북위 38도선으로 양분되며 비롯된 국토와 민족의 분단은 분명 우리 민족 최대의 불운이며 재앙이었다. 한편 바로 그 해 1945년에 새로운 국제秩序를 지향하는 유엔이 창설된 것은 분명 우리에게는 큰 행운이었다고 역사는 기록할 것이다. 동서 냉전의 대결은 시작되었고 공산 陣營의 붉은 세력이 아시아 대륙을 뒤덮어가는 가운데서 우리가 어떻게 자유로운 독립국가를 세울 수 있었는가. 다행히도 47년 유엔 총회는 어둡고 混亂스러운 狀況에서 한국인들 스스로 자유로운 선거를 통한 정부 수립을 진행할 것을 결의했다. 그리고 48년 5월 10일 우리는 역사상 처음으로 유엔 감시 하에 자유선거가 실시되어 制憲국회, 헌법 제정, 대한민국 정부 출범으로 이어졌다. 한 마디로 유엔이 대한민국 정부 출범에 산파역을 담당했던 것이다. 또한 50년 북한이 6·25 남침을 강행했을 때도 유엔은 큰 희생을 甘受하며 대한민국 수호에 앞장서 유엔의 權威와 자유를 존중하는 국제질서를 지켰다. 휴전 이후 지난 60여 년 우리는 산업화를 통한 근대화, 정치의 민주화에 성공했다. 그것은 한 세대에 걸친 권위주의의 시기에도 통치자나 국민 모두가 고립과 독선을 피하고 국제 사회의 주류에 果敢히 합류함으로써 가능했던 業績임을 잊어선 안 된다.",強占,,강점,강점,
3급II,69,2015-05-23,13,dokeum_W,"다음 밑줄 친 漢字語 중 漢字로 표기된 것은 讀音을, 한글로 표기된 것은 漢字로 쓰시오.","민족의 명절 설을 맞으면 기다리는 가족들과의 반가운 해후를 생각하며 고향 길을 서두르게 된다. 우리의 설은 오랜 시간 맺어 온 이웃들과의 因緣을 記憶하며 앞으로 나갈 길을 생각하는 시간이라 할 수 있다. 해방 70년, 분단 70년을 맞는 올 乙未년 설에는 우리 민족이 겪어 온 역사의 의의를 되새겨 보게 된다. 70년 전 日帝 強占으로부터 해방된 興奮 속에서 우리는 큰 불운과 행운에 동시에 부딪치게 되었다. 강대국 간 밀약의 專橫으로 한반도가 북위 38도선으로 양분되며 비롯된 국토와 민족의 분단은 분명 우리 민족 최대의 불운이며 재앙이었다. 한편 바로 그 해 1945년에 새로운 국제秩序를 지향하는 유엔이 창설된 것은 분명 우리에게는 큰 행운이었다고 역사는 기록할 것이다. 동서 냉전의 대결은 시작되었고 공산 陣營의 붉은 세력이 아시아 대륙을 뒤덮어가는 가운데서 우리가 어떻게 자유로운 독립국가를 세울 수 있었는가. 다행히도 47년 유엔 총회는 어둡고 混亂스러운 狀況에서 한국인들 스스로 자유로운 선거를 통한 정부 수립을 진행할 것을 결의했다. 그리고 48년 5월 10일 우리는 역사상 처음으로 유엔 감시 하에 자유선거가 실시되어 制憲국회, 헌법 제정, 대한민국 정부 출범으로 이어졌다. 한 마디로 유엔이 대한민국 정부 출범에 산파역을 담당했던 것이다. 또한 50년 북한이 6·25 남침을 강행했을 때도 유엔은 큰 희생을 甘受하며 대한민국 수호에 앞장서 유엔의 權威와 자유를 존중하는 국제질서를 지켰다. 휴전 이후 지난 60여 년 우리는 산업화를 통한 근대화, 정치의 민주화에 성공했다. 그것은 한 세대에 걸친 권위주의의 시기에도 통치자나 국민 모두가 고립과 독선을 피하고 국제 사회의 주류에 果敢히 합류함으로써 가능했던 業績임을 잊어선 안 된다.",興奮,,흥분,흥분,
3급II,69,2015-05-23,14,hanjaeo_W,"다음 밑줄 친 漢字語 중 漢字로 표기된 것은 讀音을, 한글로 표기된 것은 漢字로 쓰시오.","민족의 명절 설을 맞으면 기다리는 가족들과의 반가운 해후를 생각하며 고향 길을 서두르게 된다. 우리의 설은 오랜 시간 맺어 온 이웃들과의 因緣을 記憶하며 앞으로 나갈 길을 생각하는 시간이라 할 수 있다. 해방 70년, 분단 70년을 맞는 올 乙未년 설에는 우리 민족이 겪어 온 역사의 의의를 되새겨 보게 된다. 70년 전 日帝 強占으로부터 해방된 興奮 속에서 우리는 큰 불운과 행운에 동시에 부딪치게 되었다. 강대국 간 밀약의 專橫으로 한반도가 북위 38도선으로 양분되며 비롯된 국토와 민족의 분단은 분명 우리 민족 최대의 불운이며 재앙이었다. 한편 바로 그 해 1945년에 새로운 국제秩序를 지향하는 유엔이 창설된 것은 분명 우리에게는 큰 행운이었다고 역사는 기록할 것이다. 동서 냉전의 대결은 시작되었고 공산 陣營의 붉은 세력이 아시아 대륙을 뒤덮어가는 가운데서 우리가 어떻게 자유로운 독립국가를 세울 수 있었는가. 다행히도 47년 유엔 총회는 어둡고 混亂스러운 狀況에서 한국인들 스스로 자유로운 선거를 통한 정부 수립을 진행할 것을 결의했다. 그리고 48년 5월 10일 우리는 역사상 처음으로 유엔 감시 하에 자유선거가 실시되어 制憲국회, 헌법 제정, 대한민국 정부 출범으로 이어졌다. 한 마디로 유엔이 대한민국 정부 출범에 산파역을 담당했던 것이다. 또한 50년 북한이 6·25 남침을 강행했을 때도 유엔은 큰 희생을 甘受하며 대한민국 수호에 앞장서 유엔의 權威와 자유를 존중하는 국제질서를 지켰다. 휴전 이후 지난 60여 년 우리는 산업화를 통한 근대화, 정치의 민주화에 성공했다. 그것은 한 세대에 걸친 권위주의의 시기에도 통치자나 국민 모두가 고립과 독선을 피하고 국제 사회의 주류에 果敢히 합류함으로써 가능했던 業績임을 잊어선 안 된다.",행운,,幸運,幸運,
3급II,69,2015-05-23,15,hanjaeo_W,"다음 밑줄 친 漢字語 중 漢字로 표기된 것은 讀音을, 한글로 표기된 것은 漢字로 쓰시오.","민족의 명절 설을 맞으면 기다리는 가족들과의 반가운 해후를 생각하며 고향 길을 서두르게 된다. 우리의 설은 오랜 시간 맺어 온 이웃들과의 因緣을 記憶하며 앞으로 나갈 길을 생각하는 시간이라 할 수 있다. 해방 70년, 분단 70년을 맞는 올 乙未년 설에는 우리 민족이 겪어 온 역사의 의의를 되새겨 보게 된다. 70년 전 日帝 強占으로부터 해방된 興奮 속에서 우리는 큰 불운과 행운에 동시에 부딪치게 되었다. 강대국 간 밀약의 專橫으로 한반도가 북위 38도선으로 양분되며 비롯된 국토와 민족의 분단은 분명 우리 민족 최대의 불운이며 재앙이었다. 한편 바로 그 해 1945년에 새로운 국제秩序를 지향하는 유엔이 창설된 것은 분명 우리에게는 큰 행운이었다고 역사는 기록할 것이다. 동서 냉전의 대결은 시작되었고 공산 陣營의 붉은 세력이 아시아 대륙을 뒤덮어가는 가운데서 우리가 어떻게 자유로운 독립국가를 세울 수 있었는가. 다행히도 47년 유엔 총회는 어둡고 混亂스러운 狀況에서 한국인들 스스로 자유로운 선거를 통한 정부 수립을 진행할 것을 결의했다. 그리고 48년 5월 10일 우리는 역사상 처음으로 유엔 감시 하에 자유선거가 실시되어 制憲국회, 헌법 제정, 대한민국 정부 출범으로 이어졌다. 한 마디로 유엔이 대한민국 정부 출범에 산파역을 담당했던 것이다. 또한 50년 북한이 6·25 남침을 강행했을 때도 유엔은 큰 희생을 甘受하며 대한민국 수호에 앞장서 유엔의 權威와 자유를 존중하는 국제질서를 지켰다. 휴전 이후 지난 60여 년 우리는 산업화를 통한 근대화, 정치의 민주화에 성공했다. 그것은 한 세대에 걸친 권위주의의 시기에도 통치자나 국민 모두가 고립과 독선을 피하고 국제 사회의 주류에 果敢히 합류함으로써 가능했던 業績임을 잊어선 안 된다.",밀약,,密約,密約,
3급II,69,2015-05-23,16,dokeum_W,"다음 밑줄 친 漢字語 중 漢字로 표기된 것은 讀音을, 한글로 표기된 것은 漢字로 쓰시오.","민족의 명절 설을 맞으면 기다리는 가족들과의 반가운 해후를 생각하며 고향 길을 서두르게 된다. 우리의 설은 오랜 시간 맺어 온 이웃들과의 因緣을 記憶하며 앞으로 나갈 길을 생각하는 시간이라 할 수 있다. 해방 70년, 분단 70년을 맞는 올 乙未년 설에는 우리 민족이 겪어 온 역사의 의의를 되새겨 보게 된다. 70년 전 日帝 強占으로부터 해방된 興奮 속에서 우리는 큰 불운과 행운에 동시에 부딪치게 되었다. 강대국 간 밀약의 專橫으로 한반도가 북위 38도선으로 양분되며 비롯된 국토와 민족의 분단은 분명 우리 민족 최대의 불운이며 재앙이었다. 한편 바로 그 해 1945년에 새로운 국제秩序를 지향하는 유엔이 창설된 것은 분명 우리에게는 큰 행운이었다고 역사는 기록할 것이다. 동서 냉전의 대결은 시작되었고 공산 陣營의 붉은 세력이 아시아 대륙을 뒤덮어가는 가운데서 우리가 어떻게 자유로운 독립국가를 세울 수 있었는가. 다행히도 47년 유엔 총회는 어둡고 混亂스러운 狀況에서 한국인들 스스로 자유로운 선거를 통한 정부 수립을 진행할 것을 결의했다. 그리고 48년 5월 10일 우리는 역사상 처음으로 유엔 감시 하에 자유선거가 실시되어 制憲국회, 헌법 제정, 대한민국 정부 출범으로 이어졌다. 한 마디로 유엔이 대한민국 정부 출범에 산파역을 담당했던 것이다. 또한 50년 북한이 6·25 남침을 강행했을 때도 유엔은 큰 희생을 甘受하며 대한민국 수호에 앞장서 유엔의 權威와 자유를 존중하는 국제질서를 지켰다. 휴전 이후 지난 60여 년 우리는 산업화를 통한 근대화, 정치의 민주화에 성공했다. 그것은 한 세대에 걸친 권위주의의 시기에도 통치자나 국민 모두가 고립과 독선을 피하고 국제 사회의 주류에 果敢히 합류함으로써 가능했던 業績임을 잊어선 안 된다.",專橫,,전횡,전횡,
3급II,69,2015-05-23,17,hanjaeo_W,"다음 밑줄 친 漢字語 중 漢字로 표기된 것은 讀音을, 한글로 표기된 것은 漢字로 쓰시오.","민족의 명절 설을 맞으면 기다리는 가족들과의 반가운 해후를 생각하며 고향 길을 서두르게 된다. 우리의 설은 오랜 시간 맺어 온 이웃들과의 因緣을 記憶하며 앞으로 나갈 길을 생각하는 시간이라 할 수 있다. 해방 70년, 분단 70년을 맞는 올 乙未년 설에는 우리 민족이 겪어 온 역사의 의의를 되새겨 보게 된다. 70년 전 日帝 強占으로부터 해방된 興奮 속에서 우리는 큰 불운과 행운에 동시에 부딪치게 되었다. 강대국 간 밀약의 專橫으로 한반도가 북위 38도선으로 양분되며 비롯된 국토와 민족의 분단은 분명 우리 민족 최대의 불운이며 재앙이었다. 한편 바로 그 해 1945년에 새로운 국제秩序를 지향하는 유엔이 창설된 것은 분명 우리에게는 큰 행운이었다고 역사는 기록할 것이다. 동서 냉전의 대결은 시작되었고 공산 陣營의 붉은 세력이 아시아 대륙을 뒤덮어가는 가운데서 우리가 어떻게 자유로운 독립국가를 세울 수 있었는가. 다행히도 47년 유엔 총회는 어둡고 混亂스러운 狀況에서 한국인들 스스로 자유로운 선거를 통한 정부 수립을 진행할 것을 결의했다. 그리고 48년 5월 10일 우리는 역사상 처음으로 유엔 감시 하에 자유선거가 실시되어 制憲국회, 헌법 제정, 대한민국 정부 출범으로 이어졌다. 한 마디로 유엔이 대한민국 정부 출범에 산파역을 담당했던 것이다. 또한 50년 북한이 6·25 남침을 강행했을 때도 유엔은 큰 희생을 甘受하며 대한민국 수호에 앞장서 유엔의 權威와 자유를 존중하는 국제질서를 지켰다. 휴전 이후 지난 60여 년 우리는 산업화를 통한 근대화, 정치의 민주화에 성공했다. 그것은 한 세대에 걸친 권위주의의 시기에도 통치자나 국민 모두가 고립과 독선을 피하고 국제 사회의 주류에 果敢히 합류함으로써 가능했던 業績임을 잊어선 안 된다.",반도,,半島,半島,
3급II,69,2015-05-23,18,hanjaeo_W,"다음 밑줄 친 漢字語 중 漢字로 표기된 것은 讀音을, 한글로 표기된 것은 漢字로 쓰시오.","민족의 명절 설을 맞으면 기다리는 가족들과의 반가운 해후를 생각하며 고향 길을 서두르게 된다. 우리의 설은 오랜 시간 맺어 온 이웃들과의 因緣을 記憶하며 앞으로 나갈 길을 생각하는 시간이라 할 수 있다. 해방 70년, 분단 70년을 맞는 올 乙未년 설에는 우리 민족이 겪어 온 역사의 의의를 되새겨 보게 된다. 70년 전 日帝 強占으로부터 해방된 興奮 속에서 우리는 큰 불운과 행운에 동시에 부딪치게 되었다. 강대국 간 밀약의 專橫으로 한반도가 북위 38도선으로 양분되며 비롯된 국토와 민족의 분단은 분명 우리 민족 최대의 불운이며 재앙이었다. 한편 바로 그 해 1945년에 새로운 국제秩序를 지향하는 유엔이 창설된 것은 분명 우리에게는 큰 행운이었다고 역사는 기록할 것이다. 동서 냉전의 대결은 시작되었고 공산 陣營의 붉은 세력이 아시아 대륙을 뒤덮어가는 가운데서 우리가 어떻게 자유로운 독립국가를 세울 수 있었는가. 다행히도 47년 유엔 총회는 어둡고 混亂스러운 狀況에서 한국인들 스스로 자유로운 선거를 통한 정부 수립을 진행할 것을 결의했다. 그리고 48년 5월 10일 우리는 역사상 처음으로 유엔 감시 하에 자유선거가 실시되어 制憲국회, 헌법 제정, 대한민국 정부 출범으로 이어졌다. 한 마디로 유엔이 대한민국 정부 출범에 산파역을 담당했던 것이다. 또한 50년 북한이 6·25 남침을 강행했을 때도 유엔은 큰 희생을 甘受하며 대한민국 수호에 앞장서 유엔의 權威와 자유를 존중하는 국제질서를 지켰다. 휴전 이후 지난 60여 년 우리는 산업화를 통한 근대화, 정치의 민주화에 성공했다. 그것은 한 세대에 걸친 권위주의의 시기에도 통치자나 국민 모두가 고립과 독선을 피하고 국제 사회의 주류에 果敢히 합류함으로써 가능했던 業績임을 잊어선 안 된다.",최대,,最大,最大,
3급II,69,2015-05-23,19,dokeum_W,"다음 밑줄 친 漢字語 중 漢字로 표기된 것은 讀音을, 한글로 표기된 것은 漢字로 쓰시오.","민족의 명절 설을 맞으면 기다리는 가족들과의 반가운 해후를 생각하며 고향 길을 서두르게 된다. 우리의 설은 오랜 시간 맺어 온 이웃들과의 因緣을 記憶하며 앞으로 나갈 길을 생각하는 시간이라 할 수 있다. 해방 70년, 분단 70년을 맞는 올 乙未년 설에는 우리 민족이 겪어 온 역사의 의의를 되새겨 보게 된다. 70년 전 日帝 強占으로부터 해방된 興奮 속에서 우리는 큰 불운과 행운에 동시에 부딪치게 되었다. 강대국 간 밀약의 專橫으로 한반도가 북위 38도선으로 양분되며 비롯된 국토와 민족의 분단은 분명 우리 민족 최대의 불운이며 재앙이었다. 한편 바로 그 해 1945년에 새로운 국제秩序를 지향하는 유엔이 창설된 것은 분명 우리에게는 큰 행운이었다고 역사는 기록할 것이다. 동서 냉전의 대결은 시작되었고 공산 陣營의 붉은 세력이 아시아 대륙을 뒤덮어가는 가운데서 우리가 어떻게 자유로운 독립국가를 세울 수 있었는가. 다행히도 47년 유엔 총회는 어둡고 混亂스러운 狀況에서 한국인들 스스로 자유로운 선거를 통한 정부 수립을 진행할 것을 결의했다. 그리고 48년 5월 10일 우리는 역사상 처음으로 유엔 감시 하에 자유선거가 실시되어 制憲국회, 헌법 제정, 대한민국 정부 출범으로 이어졌다. 한 마디로 유엔이 대한민국 정부 출범에 산파역을 담당했던 것이다. 또한 50년 북한이 6·25 남침을 강행했을 때도 유엔은 큰 희생을 甘受하며 대한민국 수호에 앞장서 유엔의 權威와 자유를 존중하는 국제질서를 지켰다. 휴전 이후 지난 60여 년 우리는 산업화를 통한 근대화, 정치의 민주화에 성공했다. 그것은 한 세대에 걸친 권위주의의 시기에도 통치자나 국민 모두가 고립과 독선을 피하고 국제 사회의 주류에 果敢히 합류함으로써 가능했던 業績임을 잊어선 안 된다.",秩序,,질서,질서,
3급II,69,2015-05-23,20,hanjaeo_W,"다음 밑줄 친 漢字語 중 漢字로 표기된 것은 讀音을, 한글로 표기된 것은 漢字로 쓰시오.","민족의 명절 설을 맞으면 기다리는 가족들과의 반가운 해후를 생각하며 고향 길을 서두르게 된다. 우리의 설은 오랜 시간 맺어 온 이웃들과의 因緣을 記憶하며 앞으로 나갈 길을 생각하는 시간이라 할 수 있다. 해방 70년, 분단 70년을 맞는 올 乙未년 설에는 우리 민족이 겪어 온 역사의 의의를 되새겨 보게 된다. 70년 전 日帝 強占으로부터 해방된 興奮 속에서 우리는 큰 불운과 행운에 동시에 부딪치게 되었다. 강대국 간 밀약의 專橫으로 한반도가 북위 38도선으로 양분되며 비롯된 국토와 민족의 분단은 분명 우리 민족 최대의 불운이며 재앙이었다. 한편 바로 그 해 1945년에 새로운 국제秩序를 지향하는 유엔이 창설된 것은 분명 우리에게는 큰 행운이었다고 역사는 기록할 것이다. 동서 냉전의 대결은 시작되었고 공산 陣營의 붉은 세력이 아시아 대륙을 뒤덮어가는 가운데서 우리가 어떻게 자유로운 독립국가를 세울 수 있었는가. 다행히도 47년 유엔 총회는 어둡고 混亂스러운 狀況에서 한국인들 스스로 자유로운 선거를 통한 정부 수립을 진행할 것을 결의했다. 그리고 48년 5월 10일 우리는 역사상 처음으로 유엔 감시 하에 자유선거가 실시되어 制憲국회, 헌법 제정, 대한민국 정부 출범으로 이어졌다. 한 마디로 유엔이 대한민국 정부 출범에 산파역을 담당했던 것이다. 또한 50년 북한이 6·25 남침을 강행했을 때도 유엔은 큰 희생을 甘受하며 대한민국 수호에 앞장서 유엔의 權威와 자유를 존중하는 국제질서를 지켰다. 휴전 이후 지난 60여 년 우리는 산업화를 통한 근대화, 정치의 민주화에 성공했다. 그것은 한 세대에 걸친 권위주의의 시기에도 통치자나 국민 모두가 고립과 독선을 피하고 국제 사회의 주류에 果敢히 합류함으로써 가능했던 業績임을 잊어선 안 된다.",지향,,志向,志向,
3급II,69,2015-05-23,21,hanjaeo_W,"다음 밑줄 친 漢字語 중 漢字로 표기된 것은 讀音을, 한글로 표기된 것은 漢字로 쓰시오.","민족의 명절 설을 맞으면 기다리는 가족들과의 반가운 해후를 생각하며 고향 길을 서두르게 된다. 우리의 설은 오랜 시간 맺어 온 이웃들과의 因緣을 記憶하며 앞으로 나갈 길을 생각하는 시간이라 할 수 있다. 해방 70년, 분단 70년을 맞는 올 乙未년 설에는 우리 민족이 겪어 온 역사의 의의를 되새겨 보게 된다. 70년 전 日帝 強占으로부터 해방된 興奮 속에서 우리는 큰 불운과 행운에 동시에 부딪치게 되었다. 강대국 간 밀약의 專橫으로 한반도가 북위 38도선으로 양분되며 비롯된 국토와 민족의 분단은 분명 우리 민족 최대의 불운이며 재앙이었다. 한편 바로 그 해 1945년에 새로운 국제秩序를 지향하는 유엔이 창설된 것은 분명 우리에게는 큰 행운이었다고 역사는 기록할 것이다. 동서 냉전의 대결은 시작되었고 공산 陣營의 붉은 세력이 아시아 대륙을 뒤덮어가는 가운데서 우리가 어떻게 자유로운 독립국가를 세울 수 있었는가. 다행히도 47년 유엔 총회는 어둡고 混亂스러운 狀況에서 한국인들 스스로 자유로운 선거를 통한 정부 수립을 진행할 것을 결의했다. 그리고 48년 5월 10일 우리는 역사상 처음으로 유엔 감시 하에 자유선거가 실시되어 制憲국회, 헌법 제정, 대한민국 정부 출범으로 이어졌다. 한 마디로 유엔이 대한민국 정부 출범에 산파역을 담당했던 것이다. 또한 50년 북한이 6·25 남침을 강행했을 때도 유엔은 큰 희생을 甘受하며 대한민국 수호에 앞장서 유엔의 權威와 자유를 존중하는 국제질서를 지켰다. 휴전 이후 지난 60여 년 우리는 산업화를 통한 근대화, 정치의 민주화에 성공했다. 그것은 한 세대에 걸친 권위주의의 시기에도 통치자나 국민 모두가 고립과 독선을 피하고 국제 사회의 주류에 果敢히 합류함으로써 가능했던 業績임을 잊어선 안 된다.",창설,,創設,創設,
3급II,69,2015-05-23,22,hanjaeo_W,"다음 밑줄 친 漢字語 중 漢字로 표기된 것은 讀音을, 한글로 표기된 것은 漢字로 쓰시오.","민족의 명절 설을 맞으면 기다리는 가족들과의 반가운 해후를 생각하며 고향 길을 서두르게 된다. 우리의 설은 오랜 시간 맺어 온 이웃들과의 因緣을 記憶하며 앞으로 나갈 길을 생각하는 시간이라 할 수 있다. 해방 70년, 분단 70년을 맞는 올 乙未년 설에는 우리 민족이 겪어 온 역사의 의의를 되새겨 보게 된다. 70년 전 日帝 強占으로부터 해방된 興奮 속에서 우리는 큰 불운과 행운에 동시에 부딪치게 되었다. 강대국 간 밀약의 專橫으로 한반도가 북위 38도선으로 양분되며 비롯된 국토와 민족의 분단은 분명 우리 민족 최대의 불운이며 재앙이었다. 한편 바로 그 해 1945년에 새로운 국제秩序를 지향하는 유엔이 창설된 것은 분명 우리에게는 큰 행운이었다고 역사는 기록할 것이다. 동서 냉전의 대결은 시작되었고 공산 陣營의 붉은 세력이 아시아 대륙을 뒤덮어가는 가운데서 우리가 어떻게 자유로운 독립국가를 세울 수 있었는가. 다행히도 47년 유엔 총회는 어둡고 混亂스러운 狀況에서 한국인들 스스로 자유로운 선거를 통한 정부 수립을 진행할 것을 결의했다. 그리고 48년 5월 10일 우리는 역사상 처음으로 유엔 감시 하에 자유선거가 실시되어 制憲국회, 헌법 제정, 대한민국 정부 출범으로 이어졌다. 한 마디로 유엔이 대한민국 정부 출범에 산파역을 담당했던 것이다. 또한 50년 북한이 6·25 남침을 강행했을 때도 유엔은 큰 희생을 甘受하며 대한민국 수호에 앞장서 유엔의 權威와 자유를 존중하는 국제질서를 지켰다. 휴전 이후 지난 60여 년 우리는 산업화를 통한 근대화, 정치의 민주화에 성공했다. 그것은 한 세대에 걸친 권위주의의 시기에도 통치자나 국민 모두가 고립과 독선을 피하고 국제 사회의 주류에 果敢히 합류함으로써 가능했던 業績임을 잊어선 안 된다.",동서,,東西,東西,
3급II,69,2015-05-23,23,hanjaeo_W,"다음 밑줄 친 漢字語 중 漢字로 표기된 것은 讀音을, 한글로 표기된 것은 漢字로 쓰시오.","민족의 명절 설을 맞으면 기다리는 가족들과의 반가운 해후를 생각하며 고향 길을 서두르게 된다. 우리의 설은 오랜 시간 맺어 온 이웃들과의 因緣을 記憶하며 앞으로 나갈 길을 생각하는 시간이라 할 수 있다. 해방 70년, 분단 70년을 맞는 올 乙未년 설에는 우리 민족이 겪어 온 역사의 의의를 되새겨 보게 된다. 70년 전 日帝 強占으로부터 해방된 興奮 속에서 우리는 큰 불운과 행운에 동시에 부딪치게 되었다. 강대국 간 밀약의 專橫으로 한반도가 북위 38도선으로 양분되며 비롯된 국토와 민족의 분단은 분명 우리 민족 최대의 불운이며 재앙이었다. 한편 바로 그 해 1945년에 새로운 국제秩序를 지향하는 유엔이 창설된 것은 분명 우리에게는 큰 행운이었다고 역사는 기록할 것이다. 동서 냉전의 대결은 시작되었고 공산 陣營의 붉은 세력이 아시아 대륙을 뒤덮어가는 가운데서 우리가 어떻게 자유로운 독립국가를 세울 수 있었는가. 다행히도 47년 유엔 총회는 어둡고 混亂스러운 狀況에서 한국인들 스스로 자유로운 선거를 통한 정부 수립을 진행할 것을 결의했다. 그리고 48년 5월 10일 우리는 역사상 처음으로 유엔 감시 하에 자유선거가 실시되어 制憲국회, 헌법 제정, 대한민국 정부 출범으로 이어졌다. 한 마디로 유엔이 대한민국 정부 출범에 산파역을 담당했던 것이다. 또한 50년 북한이 6·25 남침을 강행했을 때도 유엔은 큰 희생을 甘受하며 대한민국 수호에 앞장서 유엔의 權威와 자유를 존중하는 국제질서를 지켰다. 휴전 이후 지난 60여 년 우리는 산업화를 통한 근대화, 정치의 민주화에 성공했다. 그것은 한 세대에 걸친 권위주의의 시기에도 통치자나 국민 모두가 고립과 독선을 피하고 국제 사회의 주류에 果敢히 합류함으로써 가능했던 業績임을 잊어선 안 된다.",냉전,,冷戰,冷戰,
3급II,69,2015-05-23,24,hanjaeo_W,"다음 밑줄 친 漢字語 중 漢字로 표기된 것은 讀音을, 한글로 표기된 것은 漢字로 쓰시오.","민족의 명절 설을 맞으면 기다리는 가족들과의 반가운 해후를 생각하며 고향 길을 서두르게 된다. 우리의 설은 오랜 시간 맺어 온 이웃들과의 因緣을 記憶하며 앞으로 나갈 길을 생각하는 시간이라 할 수 있다. 해방 70년, 분단 70년을 맞는 올 乙未년 설에는 우리 민족이 겪어 온 역사의 의의를 되새겨 보게 된다. 70년 전 日帝 強占으로부터 해방된 興奮 속에서 우리는 큰 불운과 행운에 동시에 부딪치게 되었다. 강대국 간 밀약의 專橫으로 한반도가 북위 38도선으로 양분되며 비롯된 국토와 민족의 분단은 분명 우리 민족 최대의 불운이며 재앙이었다. 한편 바로 그 해 1945년에 새로운 국제秩序를 지향하는 유엔이 창설된 것은 분명 우리에게는 큰 행운이었다고 역사는 기록할 것이다. 동서 냉전의 대결은 시작되었고 공산 陣營의 붉은 세력이 아시아 대륙을 뒤덮어가는 가운데서 우리가 어떻게 자유로운 독립국가를 세울 수 있었는가. 다행히도 47년 유엔 총회는 어둡고 混亂스러운 狀況에서 한국인들 스스로 자유로운 선거를 통한 정부 수립을 진행할 것을 결의했다. 그리고 48년 5월 10일 우리는 역사상 처음으로 유엔 감시 하에 자유선거가 실시되어 制憲국회, 헌법 제정, 대한민국 정부 출범으로 이어졌다. 한 마디로 유엔이 대한민국 정부 출범에 산파역을 담당했던 것이다. 또한 50년 북한이 6·25 남침을 강행했을 때도 유엔은 큰 희생을 甘受하며 대한민국 수호에 앞장서 유엔의 權威와 자유를 존중하는 국제질서를 지켰다. 휴전 이후 지난 60여 년 우리는 산업화를 통한 근대화, 정치의 민주화에 성공했다. 그것은 한 세대에 걸친 권위주의의 시기에도 통치자나 국민 모두가 고립과 독선을 피하고 국제 사회의 주류에 果敢히 합류함으로써 가능했던 業績임을 잊어선 안 된다.",시작,,始作,始作,
3급II,69,2015-05-23,25,hanjaeo_W,"다음 밑줄 친 漢字語 중 漢字로 표기된 것은 讀音을, 한글로 표기된 것은 漢字로 쓰시오.","민족의 명절 설을 맞으면 기다리는 가족들과의 반가운 해후를 생각하며 고향 길을 서두르게 된다. 우리의 설은 오랜 시간 맺어 온 이웃들과의 因緣을 記憶하며 앞으로 나갈 길을 생각하는 시간이라 할 수 있다. 해방 70년, 분단 70년을 맞는 올 乙未년 설에는 우리 민족이 겪어 온 역사의 의의를 되새겨 보게 된다. 70년 전 日帝 強占으로부터 해방된 興奮 속에서 우리는 큰 불운과 행운에 동시에 부딪치게 되었다. 강대국 간 밀약의 專橫으로 한반도가 북위 38도선으로 양분되며 비롯된 국토와 민족의 분단은 분명 우리 민족 최대의 불운이며 재앙이었다. 한편 바로 그 해 1945년에 새로운 국제秩序를 지향하는 유엔이 창설된 것은 분명 우리에게는 큰 행운이었다고 역사는 기록할 것이다. 동서 냉전의 대결은 시작되었고 공산 陣營의 붉은 세력이 아시아 대륙을 뒤덮어가는 가운데서 우리가 어떻게 자유로운 독립국가를 세울 수 있었는가. 다행히도 47년 유엔 총회는 어둡고 混亂스러운 狀況에서 한국인들 스스로 자유로운 선거를 통한 정부 수립을 진행할 것을 결의했다. 그리고 48년 5월 10일 우리는 역사상 처음으로 유엔 감시 하에 자유선거가 실시되어 制憲국회, 헌법 제정, 대한민국 정부 출범으로 이어졌다. 한 마디로 유엔이 대한민국 정부 출범에 산파역을 담당했던 것이다. 또한 50년 북한이 6·25 남침을 강행했을 때도 유엔은 큰 희생을 甘受하며 대한민국 수호에 앞장서 유엔의 權威와 자유를 존중하는 국제질서를 지켰다. 휴전 이후 지난 60여 년 우리는 산업화를 통한 근대화, 정치의 민주화에 성공했다. 그것은 한 세대에 걸친 권위주의의 시기에도 통치자나 국민 모두가 고립과 독선을 피하고 국제 사회의 주류에 果敢히 합류함으로써 가능했던 業績임을 잊어선 안 된다.",공산,,共産,共産,
3급II,69,2015-05-23,26,dokeum_W,"다음 밑줄 친 漢字語 중 漢字로 표기된 것은 讀音을, 한글로 표기된 것은 漢字로 쓰시오.","민족의 명절 설을 맞으면 기다리는 가족들과의 반가운 해후를 생각하며 고향 길을 서두르게 된다. 우리의 설은 오랜 시간 맺어 온 이웃들과의 因緣을 記憶하며 앞으로 나갈 길을 생각하는 시간이라 할 수 있다. 해방 70년, 분단 70년을 맞는 올 乙未년 설에는 우리 민족이 겪어 온 역사의 의의를 되새겨 보게 된다. 70년 전 日帝 強占으로부터 해방된 興奮 속에서 우리는 큰 불운과 행운에 동시에 부딪치게 되었다. 강대국 간 밀약의 專橫으로 한반도가 북위 38도선으로 양분되며 비롯된 국토와 민족의 분단은 분명 우리 민족 최대의 불운이며 재앙이었다. 한편 바로 그 해 1945년에 새로운 국제秩序를 지향하는 유엔이 창설된 것은 분명 우리에게는 큰 행운이었다고 역사는 기록할 것이다. 동서 냉전의 대결은 시작되었고 공산 陣營의 붉은 세력이 아시아 대륙을 뒤덮어가는 가운데서 우리가 어떻게 자유로운 독립국가를 세울 수 있었는가. 다행히도 47년 유엔 총회는 어둡고 混亂스러운 狀況에서 한국인들 스스로 자유로운 선거를 통한 정부 수립을 진행할 것을 결의했다. 그리고 48년 5월 10일 우리는 역사상 처음으로 유엔 감시 하에 자유선거가 실시되어 制憲국회, 헌법 제정, 대한민국 정부 출범으로 이어졌다. 한 마디로 유엔이 대한민국 정부 출범에 산파역을 담당했던 것이다. 또한 50년 북한이 6·25 남침을 강행했을 때도 유엔은 큰 희생을 甘受하며 대한민국 수호에 앞장서 유엔의 權威와 자유를 존중하는 국제질서를 지켰다. 휴전 이후 지난 60여 년 우리는 산업화를 통한 근대화, 정치의 민주화에 성공했다. 그것은 한 세대에 걸친 권위주의의 시기에도 통치자나 국민 모두가 고립과 독선을 피하고 국제 사회의 주류에 果敢히 합류함으로써 가능했던 業績임을 잊어선 안 된다.",陣營,,진영,진영,
3급II,69,2015-05-23,27,hanjaeo_W,"다음 밑줄 친 漢字語 중 漢字로 표기된 것은 讀音을, 한글로 표기된 것은 漢字로 쓰시오.","민족의 명절 설을 맞으면 기다리는 가족들과의 반가운 해후를 생각하며 고향 길을 서두르게 된다. 우리의 설은 오랜 시간 맺어 온 이웃들과의 因緣을 記憶하며 앞으로 나갈 길을 생각하는 시간이라 할 수 있다. 해방 70년, 분단 70년을 맞는 올 乙未년 설에는 우리 민족이 겪어 온 역사의 의의를 되새겨 보게 된다. 70년 전 日帝 強占으로부터 해방된 興奮 속에서 우리는 큰 불운과 행운에 동시에 부딪치게 되었다. 강대국 간 밀약의 專橫으로 한반도가 북위 38도선으로 양분되며 비롯된 국토와 민족의 분단은 분명 우리 민족 최대의 불운이며 재앙이었다. 한편 바로 그 해 1945년에 새로운 국제秩序를 지향하는 유엔이 창설된 것은 분명 우리에게는 큰 행운이었다고 역사는 기록할 것이다. 동서 냉전의 대결은 시작되었고 공산 陣營의 붉은 세력이 아시아 대륙을 뒤덮어가는 가운데서 우리가 어떻게 자유로운 독립국가를 세울 수 있었는가. 다행히도 47년 유엔 총회는 어둡고 混亂스러운 狀況에서 한국인들 스스로 자유로운 선거를 통한 정부 수립을 진행할 것을 결의했다. 그리고 48년 5월 10일 우리는 역사상 처음으로 유엔 감시 하에 자유선거가 실시되어 制憲국회, 헌법 제정, 대한민국 정부 출범으로 이어졌다. 한 마디로 유엔이 대한민국 정부 출범에 산파역을 담당했던 것이다. 또한 50년 북한이 6·25 남침을 강행했을 때도 유엔은 큰 희생을 甘受하며 대한민국 수호에 앞장서 유엔의 權威와 자유를 존중하는 국제질서를 지켰다. 휴전 이후 지난 60여 년 우리는 산업화를 통한 근대화, 정치의 민주화에 성공했다. 그것은 한 세대에 걸친 권위주의의 시기에도 통치자나 국민 모두가 고립과 독선을 피하고 국제 사회의 주류에 果敢히 합류함으로써 가능했던 業績임을 잊어선 안 된다.",자유,,自由,自由,
3급II,69,2015-05-23,28,hanjaeo_W,"다음 밑줄 친 漢字語 중 漢字로 표기된 것은 讀音을, 한글로 표기된 것은 漢字로 쓰시오.","민족의 명절 설을 맞으면 기다리는 가족들과의 반가운 해후를 생각하며 고향 길을 서두르게 된다. 우리의 설은 오랜 시간 맺어 온 이웃들과의 因緣을 記憶하며 앞으로 나갈 길을 생각하는 시간이라 할 수 있다. 해방 70년, 분단 70년을 맞는 올 乙未년 설에는 우리 민족이 겪어 온 역사의 의의를 되새겨 보게 된다. 70년 전 日帝 強占으로부터 해방된 興奮 속에서 우리는 큰 불운과 행운에 동시에 부딪치게 되었다. 강대국 간 밀약의 專橫으로 한반도가 북위 38도선으로 양분되며 비롯된 국토와 민족의 분단은 분명 우리 민족 최대의 불운이며 재앙이었다. 한편 바로 그 해 1945년에 새로운 국제秩序를 지향하는 유엔이 창설된 것은 분명 우리에게는 큰 행운이었다고 역사는 기록할 것이다. 동서 냉전의 대결은 시작되었고 공산 陣營의 붉은 세력이 아시아 대륙을 뒤덮어가는 가운데서 우리가 어떻게 자유로운 독립국가를 세울 수 있었는가. 다행히도 47년 유엔 총회는 어둡고 混亂스러운 狀況에서 한국인들 스스로 자유로운 선거를 통한 정부 수립을 진행할 것을 결의했다. 그리고 48년 5월 10일 우리는 역사상 처음으로 유엔 감시 하에 자유선거가 실시되어 制憲국회, 헌법 제정, 대한민국 정부 출범으로 이어졌다. 한 마디로 유엔이 대한민국 정부 출범에 산파역을 담당했던 것이다. 또한 50년 북한이 6·25 남침을 강행했을 때도 유엔은 큰 희생을 甘受하며 대한민국 수호에 앞장서 유엔의 權威와 자유를 존중하는 국제질서를 지켰다. 휴전 이후 지난 60여 년 우리는 산업화를 통한 근대화, 정치의 민주화에 성공했다. 그것은 한 세대에 걸친 권위주의의 시기에도 통치자나 국민 모두가 고립과 독선을 피하고 국제 사회의 주류에 果敢히 합류함으로써 가능했던 業績임을 잊어선 안 된다.",독립,,獨立,獨立,
3급II,69,2015-05-23,29,dokeum_W,"다음 밑줄 친 漢字語 중 漢字로 표기된 것은 讀音을, 한글로 표기된 것은 漢字로 쓰시오.","민족의 명절 설을 맞으면 기다리는 가족들과의 반가운 해후를 생각하며 고향 길을 서두르게 된다. 우리의 설은 오랜 시간 맺어 온 이웃들과의 因緣을 記憶하며 앞으로 나갈 길을 생각하는 시간이라 할 수 있다. 해방 70년, 분단 70년을 맞는 올 乙未년 설에는 우리 민족이 겪어 온 역사의 의의를 되새겨 보게 된다. 70년 전 日帝 強占으로부터 해방된 興奮 속에서 우리는 큰 불운과 행운에 동시에 부딪치게 되었다. 강대국 간 밀약의 專橫으로 한반도가 북위 38도선으로 양분되며 비롯된 국토와 민족의 분단은 분명 우리 민족 최대의 불운이며 재앙이었다. 한편 바로 그 해 1945년에 새로운 국제秩序를 지향하는 유엔이 창설된 것은 분명 우리에게는 큰 행운이었다고 역사는 기록할 것이다. 동서 냉전의 대결은 시작되었고 공산 陣營의 붉은 세력이 아시아 대륙을 뒤덮어가는 가운데서 우리가 어떻게 자유로운 독립국가를 세울 수 있었는가. 다행히도 47년 유엔 총회는 어둡고 混亂스러운 狀況에서 한국인들 스스로 자유로운 선거를 통한 정부 수립을 진행할 것을 결의했다. 그리고 48년 5월 10일 우리는 역사상 처음으로 유엔 감시 하에 자유선거가 실시되어 制憲국회, 헌법 제정, 대한민국 정부 출범으로 이어졌다. 한 마디로 유엔이 대한민국 정부 출범에 산파역을 담당했던 것이다. 또한 50년 북한이 6·25 남침을 강행했을 때도 유엔은 큰 희생을 甘受하며 대한민국 수호에 앞장서 유엔의 權威와 자유를 존중하는 국제질서를 지켰다. 휴전 이후 지난 60여 년 우리는 산업화를 통한 근대화, 정치의 민주화에 성공했다. 그것은 한 세대에 걸친 권위주의의 시기에도 통치자나 국민 모두가 고립과 독선을 피하고 국제 사회의 주류에 果敢히 합류함으로써 가능했던 業績임을 잊어선 안 된다.",混亂,,혼란,혼란,
3급II,69,2015-05-23,30,dokeum_W,"다음 밑줄 친 漢字語 중 漢字로 표기된 것은 讀音을, 한글로 표기된 것은 漢字로 쓰시오.","민족의 명절 설을 맞으면 기다리는 가족들과의 반가운 해후를 생각하며 고향 길을 서두르게 된다. 우리의 설은 오랜 시간 맺어 온 이웃들과의 因緣을 記憶하며 앞으로 나갈 길을 생각하는 시간이라 할 수 있다. 해방 70년, 분단 70년을 맞는 올 乙未년 설에는 우리 민족이 겪어 온 역사의 의의를 되새겨 보게 된다. 70년 전 日帝 強占으로부터 해방된 興奮 속에서 우리는 큰 불운과 행운에 동시에 부딪치게 되었다. 강대국 간 밀약의 專橫으로 한반도가 북위 38도선으로 양분되며 비롯된 국토와 민족의 분단은 분명 우리 민족 최대의 불운이며 재앙이었다. 한편 바로 그 해 1945년에 새로운 국제秩序를 지향하는 유엔이 창설된 것은 분명 우리에게는 큰 행운이었다고 역사는 기록할 것이다. 동서 냉전의 대결은 시작되었고 공산 陣營의 붉은 세력이 아시아 대륙을 뒤덮어가는 가운데서 우리가 어떻게 자유로운 독립국가를 세울 수 있었는가. 다행히도 47년 유엔 총회는 어둡고 混亂스러운 狀況에서 한국인들 스스로 자유로운 선거를 통한 정부 수립을 진행할 것을 결의했다. 그리고 48년 5월 10일 우리는 역사상 처음으로 유엔 감시 하에 자유선거가 실시되어 制憲국회, 헌법 제정, 대한민국 정부 출범으로 이어졌다. 한 마디로 유엔이 대한민국 정부 출범에 산파역을 담당했던 것이다. 또한 50년 북한이 6·25 남침을 강행했을 때도 유엔은 큰 희생을 甘受하며 대한민국 수호에 앞장서 유엔의 權威와 자유를 존중하는 국제질서를 지켰다. 휴전 이후 지난 60여 년 우리는 산업화를 통한 근대화, 정치의 민주화에 성공했다. 그것은 한 세대에 걸친 권위주의의 시기에도 통치자나 국민 모두가 고립과 독선을 피하고 국제 사회의 주류에 果敢히 합류함으로써 가능했던 業績임을 잊어선 안 된다.",狀況,,상황,상황,
3급II,69,2015-05-23,31,hanjaeo_W,"다음 밑줄 친 漢字語 중 漢字로 표기된 것은 讀音을, 한글로 표기된 것은 漢字로 쓰시오.","민족의 명절 설을 맞으면 기다리는 가족들과의 반가운 해후를 생각하며 고향 길을 서두르게 된다. 우리의 설은 오랜 시간 맺어 온 이웃들과의 因緣을 記憶하며 앞으로 나갈 길을 생각하는 시간이라 할 수 있다. 해방 70년, 분단 70년을 맞는 올 乙未년 설에는 우리 민족이 겪어 온 역사의 의의를 되새겨 보게 된다. 70년 전 日帝 強占으로부터 해방된 興奮 속에서 우리는 큰 불운과 행운에 동시에 부딪치게 되었다. 강대국 간 밀약의 專橫으로 한반도가 북위 38도선으로 양분되며 비롯된 국토와 민족의 분단은 분명 우리 민족 최대의 불운이며 재앙이었다. 한편 바로 그 해 1945년에 새로운 국제秩序를 지향하는 유엔이 창설된 것은 분명 우리에게는 큰 행운이었다고 역사는 기록할 것이다. 동서 냉전의 대결은 시작되었고 공산 陣營의 붉은 세력이 아시아 대륙을 뒤덮어가는 가운데서 우리가 어떻게 자유로운 독립국가를 세울 수 있었는가. 다행히도 47년 유엔 총회는 어둡고 混亂스러운 狀況에서 한국인들 스스로 자유로운 선거를 통한 정부 수립을 진행할 것을 결의했다. 그리고 48년 5월 10일 우리는 역사상 처음으로 유엔 감시 하에 자유선거가 실시되어 制憲국회, 헌법 제정, 대한민국 정부 출범으로 이어졌다. 한 마디로 유엔이 대한민국 정부 출범에 산파역을 담당했던 것이다. 또한 50년 북한이 6·25 남침을 강행했을 때도 유엔은 큰 희생을 甘受하며 대한민국 수호에 앞장서 유엔의 權威와 자유를 존중하는 국제질서를 지켰다. 휴전 이후 지난 60여 년 우리는 산업화를 통한 근대화, 정치의 민주화에 성공했다. 그것은 한 세대에 걸친 권위주의의 시기에도 통치자나 국민 모두가 고립과 독선을 피하고 국제 사회의 주류에 果敢히 합류함으로써 가능했던 業績임을 잊어선 안 된다.",선거,,選擧,選擧,
3급II,69,2015-05-23,32,hanjaeo_W,"다음 밑줄 친 漢字語 중 漢字로 표기된 것은 讀音을, 한글로 표기된 것은 漢字로 쓰시오.","민족의 명절 설을 맞으면 기다리는 가족들과의 반가운 해후를 생각하며 고향 길을 서두르게 된다. 우리의 설은 오랜 시간 맺어 온 이웃들과의 因緣을 記憶하며 앞으로 나갈 길을 생각하는 시간이라 할 수 있다. 해방 70년, 분단 70년을 맞는 올 乙未년 설에는 우리 민족이 겪어 온 역사의 의의를 되새겨 보게 된다. 70년 전 日帝 強占으로부터 해방된 興奮 속에서 우리는 큰 불운과 행운에 동시에 부딪치게 되었다. 강대국 간 밀약의 專橫으로 한반도가 북위 38도선으로 양분되며 비롯된 국토와 민족의 분단은 분명 우리 민족 최대의 불운이며 재앙이었다. 한편 바로 그 해 1945년에 새로운 국제秩序를 지향하는 유엔이 창설된 것은 분명 우리에게는 큰 행운이었다고 역사는 기록할 것이다. 동서 냉전의 대결은 시작되었고 공산 陣營의 붉은 세력이 아시아 대륙을 뒤덮어가는 가운데서 우리가 어떻게 자유로운 독립국가를 세울 수 있었는가. 다행히도 47년 유엔 총회는 어둡고 混亂스러운 狀況에서 한국인들 스스로 자유로운 선거를 통한 정부 수립을 진행할 것을 결의했다. 그리고 48년 5월 10일 우리는 역사상 처음으로 유엔 감시 하에 자유선거가 실시되어 制憲국회, 헌법 제정, 대한민국 정부 출범으로 이어졌다. 한 마디로 유엔이 대한민국 정부 출범에 산파역을 담당했던 것이다. 또한 50년 북한이 6·25 남침을 강행했을 때도 유엔은 큰 희생을 甘受하며 대한민국 수호에 앞장서 유엔의 權威와 자유를 존중하는 국제질서를 지켰다. 휴전 이후 지난 60여 년 우리는 산업화를 통한 근대화, 정치의 민주화에 성공했다. 그것은 한 세대에 걸친 권위주의의 시기에도 통치자나 국민 모두가 고립과 독선을 피하고 국제 사회의 주류에 果敢히 합류함으로써 가능했던 業績임을 잊어선 안 된다.",정부,,政府,政府,
3급II,69,2015-05-23,33,hanjaeo_W,"다음 밑줄 친 漢字語 중 漢字로 표기된 것은 讀音을, 한글로 표기된 것은 漢字로 쓰시오.","민족의 명절 설을 맞으면 기다리는 가족들과의 반가운 해후를 생각하며 고향 길을 서두르게 된다. 우리의 설은 오랜 시간 맺어 온 이웃들과의 因緣을 記憶하며 앞으로 나갈 길을 생각하는 시간이라 할 수 있다. 해방 70년, 분단 70년을 맞는 올 乙未년 설에는 우리 민족이 겪어 온 역사의 의의를 되새겨 보게 된다. 70년 전 日帝 強占으로부터 해방된 興奮 속에서 우리는 큰 불운과 행운에 동시에 부딪치게 되었다. 강대국 간 밀약의 專橫으로 한반도가 북위 38도선으로 양분되며 비롯된 국토와 민족의 분단은 분명 우리 민족 최대의 불운이며 재앙이었다. 한편 바로 그 해 1945년에 새로운 국제秩序를 지향하는 유엔이 창설된 것은 분명 우리에게는 큰 행운이었다고 역사는 기록할 것이다. 동서 냉전의 대결은 시작되었고 공산 陣營의 붉은 세력이 아시아 대륙을 뒤덮어가는 가운데서 우리가 어떻게 자유로운 독립국가를 세울 수 있었는가. 다행히도 47년 유엔 총회는 어둡고 混亂스러운 狀況에서 한국인들 스스로 자유로운 선거를 통한 정부 수립을 진행할 것을 결의했다. 그리고 48년 5월 10일 우리는 역사상 처음으로 유엔 감시 하에 자유선거가 실시되어 制憲국회, 헌법 제정, 대한민국 정부 출범으로 이어졌다. 한 마디로 유엔이 대한민국 정부 출범에 산파역을 담당했던 것이다. 또한 50년 북한이 6·25 남침을 강행했을 때도 유엔은 큰 희생을 甘受하며 대한민국 수호에 앞장서 유엔의 權威와 자유를 존중하는 국제질서를 지켰다. 휴전 이후 지난 60여 년 우리는 산업화를 통한 근대화, 정치의 민주화에 성공했다. 그것은 한 세대에 걸친 권위주의의 시기에도 통치자나 국민 모두가 고립과 독선을 피하고 국제 사회의 주류에 果敢히 합류함으로써 가능했던 業績임을 잊어선 안 된다.",진행,,進行,進行,
3급II,69,2015-05-23,34,hanjaeo_W,"다음 밑줄 친 漢字語 중 漢字로 표기된 것은 讀音을, 한글로 표기된 것은 漢字로 쓰시오.","민족의 명절 설을 맞으면 기다리는 가족들과의 반가운 해후를 생각하며 고향 길을 서두르게 된다. 우리의 설은 오랜 시간 맺어 온 이웃들과의 因緣을 記憶하며 앞으로 나갈 길을 생각하는 시간이라 할 수 있다. 해방 70년, 분단 70년을 맞는 올 乙未년 설에는 우리 민족이 겪어 온 역사의 의의를 되새겨 보게 된다. 70년 전 日帝 強占으로부터 해방된 興奮 속에서 우리는 큰 불운과 행운에 동시에 부딪치게 되었다. 강대국 간 밀약의 專橫으로 한반도가 북위 38도선으로 양분되며 비롯된 국토와 민족의 분단은 분명 우리 민족 최대의 불운이며 재앙이었다. 한편 바로 그 해 1945년에 새로운 국제秩序를 지향하는 유엔이 창설된 것은 분명 우리에게는 큰 행운이었다고 역사는 기록할 것이다. 동서 냉전의 대결은 시작되었고 공산 陣營의 붉은 세력이 아시아 대륙을 뒤덮어가는 가운데서 우리가 어떻게 자유로운 독립국가를 세울 수 있었는가. 다행히도 47년 유엔 총회는 어둡고 混亂스러운 狀況에서 한국인들 스스로 자유로운 선거를 통한 정부 수립을 진행할 것을 결의했다. 그리고 48년 5월 10일 우리는 역사상 처음으로 유엔 감시 하에 자유선거가 실시되어 制憲국회, 헌법 제정, 대한민국 정부 출범으로 이어졌다. 한 마디로 유엔이 대한민국 정부 출범에 산파역을 담당했던 것이다. 또한 50년 북한이 6·25 남침을 강행했을 때도 유엔은 큰 희생을 甘受하며 대한민국 수호에 앞장서 유엔의 權威와 자유를 존중하는 국제질서를 지켰다. 휴전 이후 지난 60여 년 우리는 산업화를 통한 근대화, 정치의 민주화에 성공했다. 그것은 한 세대에 걸친 권위주의의 시기에도 통치자나 국민 모두가 고립과 독선을 피하고 국제 사회의 주류에 果敢히 합류함으로써 가능했던 業績임을 잊어선 안 된다.",결의,,決議,決議,
3급II,69,2015-05-23,35,hanjaeo_W,"다음 밑줄 친 漢字語 중 漢字로 표기된 것은 讀音을, 한글로 표기된 것은 漢字로 쓰시오.","민족의 명절 설을 맞으면 기다리는 가족들과의 반가운 해후를 생각하며 고향 길을 서두르게 된다. 우리의 설은 오랜 시간 맺어 온 이웃들과의 因緣을 記憶하며 앞으로 나갈 길을 생각하는 시간이라 할 수 있다. 해방 70년, 분단 70년을 맞는 올 乙未년 설에는 우리 민족이 겪어 온 역사의 의의를 되새겨 보게 된다. 70년 전 日帝 強占으로부터 해방된 興奮 속에서 우리는 큰 불운과 행운에 동시에 부딪치게 되었다. 강대국 간 밀약의 專橫으로 한반도가 북위 38도선으로 양분되며 비롯된 국토와 민족의 분단은 분명 우리 민족 최대의 불운이며 재앙이었다. 한편 바로 그 해 1945년에 새로운 국제秩序를 지향하는 유엔이 창설된 것은 분명 우리에게는 큰 행운이었다고 역사는 기록할 것이다. 동서 냉전의 대결은 시작되었고 공산 陣營의 붉은 세력이 아시아 대륙을 뒤덮어가는 가운데서 우리가 어떻게 자유로운 독립국가를 세울 수 있었는가. 다행히도 47년 유엔 총회는 어둡고 混亂스러운 狀況에서 한국인들 스스로 자유로운 선거를 통한 정부 수립을 진행할 것을 결의했다. 그리고 48년 5월 10일 우리는 역사상 처음으로 유엔 감시 하에 자유선거가 실시되어 制憲국회, 헌법 제정, 대한민국 정부 출범으로 이어졌다. 한 마디로 유엔이 대한민국 정부 출범에 산파역을 담당했던 것이다. 또한 50년 북한이 6·25 남침을 강행했을 때도 유엔은 큰 희생을 甘受하며 대한민국 수호에 앞장서 유엔의 權威와 자유를 존중하는 국제질서를 지켰다. 휴전 이후 지난 60여 년 우리는 산업화를 통한 근대화, 정치의 민주화에 성공했다. 그것은 한 세대에 걸친 권위주의의 시기에도 통치자나 국민 모두가 고립과 독선을 피하고 국제 사회의 주류에 果敢히 합류함으로써 가능했던 業績임을 잊어선 안 된다.",실시,,實施,實施,
3급II,69,2015-05-23,36,dokeum_W,"다음 밑줄 친 漢字語 중 漢字로 표기된 것은 讀音을, 한글로 표기된 것은 漢字로 쓰시오.","민족의 명절 설을 맞으면 기다리는 가족들과의 반가운 해후를 생각하며 고향 길을 서두르게 된다. 우리의 설은 오랜 시간 맺어 온 이웃들과의 因緣을 記憶하며 앞으로 나갈 길을 생각하는 시간이라 할 수 있다. 해방 70년, 분단 70년을 맞는 올 乙未년 설에는 우리 민족이 겪어 온 역사의 의의를 되새겨 보게 된다. 70년 전 日帝 強占으로부터 해방된 興奮 속에서 우리는 큰 불운과 행운에 동시에 부딪치게 되었다. 강대국 간 밀약의 專橫으로 한반도가 북위 38도선으로 양분되며 비롯된 국토와 민족의 분단은 분명 우리 민족 최대의 불운이며 재앙이었다. 한편 바로 그 해 1945년에 새로운 국제秩序를 지향하는 유엔이 창설된 것은 분명 우리에게는 큰 행운이었다고 역사는 기록할 것이다. 동서 냉전의 대결은 시작되었고 공산 陣營의 붉은 세력이 아시아 대륙을 뒤덮어가는 가운데서 우리가 어떻게 자유로운 독립국가를 세울 수 있었는가. 다행히도 47년 유엔 총회는 어둡고 混亂스러운 狀況에서 한국인들 스스로 자유로운 선거를 통한 정부 수립을 진행할 것을 결의했다. 그리고 48년 5월 10일 우리는 역사상 처음으로 유엔 감시 하에 자유선거가 실시되어 制憲국회, 헌법 제정, 대한민국 정부 출범으로 이어졌다. 한 마디로 유엔이 대한민국 정부 출범에 산파역을 담당했던 것이다. 또한 50년 북한이 6·25 남침을 강행했을 때도 유엔은 큰 희생을 甘受하며 대한민국 수호에 앞장서 유엔의 權威와 자유를 존중하는 국제질서를 지켰다. 휴전 이후 지난 60여 년 우리는 산업화를 통한 근대화, 정치의 민주화에 성공했다. 그것은 한 세대에 걸친 권위주의의 시기에도 통치자나 국민 모두가 고립과 독선을 피하고 국제 사회의 주류에 果敢히 합류함으로써 가능했던 業績임을 잊어선 안 된다.",制憲,,제헌,제헌,
3급II,69,2015-05-23,37,hanjaeo_W,"다음 밑줄 친 漢字語 중 漢字로 표기된 것은 讀音을, 한글로 표기된 것은 漢字로 쓰시오.","민족의 명절 설을 맞으면 기다리는 가족들과의 반가운 해후를 생각하며 고향 길을 서두르게 된다. 우리의 설은 오랜 시간 맺어 온 이웃들과의 因緣을 記憶하며 앞으로 나갈 길을 생각하는 시간이라 할 수 있다. 해방 70년, 분단 70년을 맞는 올 乙未년 설에는 우리 민족이 겪어 온 역사의 의의를 되새겨 보게 된다. 70년 전 日帝 強占으로부터 해방된 興奮 속에서 우리는 큰 불운과 행운에 동시에 부딪치게 되었다. 강대국 간 밀약의 專橫으로 한반도가 북위 38도선으로 양분되며 비롯된 국토와 민족의 분단은 분명 우리 민족 최대의 불운이며 재앙이었다. 한편 바로 그 해 1945년에 새로운 국제秩序를 지향하는 유엔이 창설된 것은 분명 우리에게는 큰 행운이었다고 역사는 기록할 것이다. 동서 냉전의 대결은 시작되었고 공산 陣營의 붉은 세력이 아시아 대륙을 뒤덮어가는 가운데서 우리가 어떻게 자유로운 독립국가를 세울 수 있었는가. 다행히도 47년 유엔 총회는 어둡고 混亂스러운 狀況에서 한국인들 스스로 자유로운 선거를 통한 정부 수립을 진행할 것을 결의했다. 그리고 48년 5월 10일 우리는 역사상 처음으로 유엔 감시 하에 자유선거가 실시되어 制憲국회, 헌법 제정, 대한민국 정부 출범으로 이어졌다. 한 마디로 유엔이 대한민국 정부 출범에 산파역을 담당했던 것이다. 또한 50년 북한이 6·25 남침을 강행했을 때도 유엔은 큰 희생을 甘受하며 대한민국 수호에 앞장서 유엔의 權威와 자유를 존중하는 국제질서를 지켰다. 휴전 이후 지난 60여 년 우리는 산업화를 통한 근대화, 정치의 민주화에 성공했다. 그것은 한 세대에 걸친 권위주의의 시기에도 통치자나 국민 모두가 고립과 독선을 피하고 국제 사회의 주류에 果敢히 합류함으로써 가능했던 業績임을 잊어선 안 된다.",담당,,擔當,擔當,
3급II,69,2015-05-23,38,hanjaeo_W,"다음 밑줄 친 漢字語 중 漢字로 표기된 것은 讀音을, 한글로 표기된 것은 漢字로 쓰시오.","민족의 명절 설을 맞으면 기다리는 가족들과의 반가운 해후를 생각하며 고향 길을 서두르게 된다. 우리의 설은 오랜 시간 맺어 온 이웃들과의 因緣을 記憶하며 앞으로 나갈 길을 생각하는 시간이라 할 수 있다. 해방 70년, 분단 70년을 맞는 올 乙未년 설에는 우리 민족이 겪어 온 역사의 의의를 되새겨 보게 된다. 70년 전 日帝 強占으로부터 해방된 興奮 속에서 우리는 큰 불운과 행운에 동시에 부딪치게 되었다. 강대국 간 밀약의 專橫으로 한반도가 북위 38도선으로 양분되며 비롯된 국토와 민족의 분단은 분명 우리 민족 최대의 불운이며 재앙이었다. 한편 바로 그 해 1945년에 새로운 국제秩序를 지향하는 유엔이 창설된 것은 분명 우리에게는 큰 행운이었다고 역사는 기록할 것이다. 동서 냉전의 대결은 시작되었고 공산 陣營의 붉은 세력이 아시아 대륙을 뒤덮어가는 가운데서 우리가 어떻게 자유로운 독립국가를 세울 수 있었는가. 다행히도 47년 유엔 총회는 어둡고 混亂스러운 狀況에서 한국인들 스스로 자유로운 선거를 통한 정부 수립을 진행할 것을 결의했다. 그리고 48년 5월 10일 우리는 역사상 처음으로 유엔 감시 하에 자유선거가 실시되어 制憲국회, 헌법 제정, 대한민국 정부 출범으로 이어졌다. 한 마디로 유엔이 대한민국 정부 출범에 산파역을 담당했던 것이다. 또한 50년 북한이 6·25 남침을 강행했을 때도 유엔은 큰 희생을 甘受하며 대한민국 수호에 앞장서 유엔의 權威와 자유를 존중하는 국제질서를 지켰다. 휴전 이후 지난 60여 년 우리는 산업화를 통한 근대화, 정치의 민주화에 성공했다. 그것은 한 세대에 걸친 권위주의의 시기에도 통치자나 국민 모두가 고립과 독선을 피하고 국제 사회의 주류에 果敢히 합류함으로써 가능했던 業績임을 잊어선 안 된다.",남침,,南侵,南侵,
3급II,69,2015-05-23,39,dokeum_W,"다음 밑줄 친 漢字語 중 漢字로 표기된 것은 讀音을, 한글로 표기된 것은 漢字로 쓰시오.","민족의 명절 설을 맞으면 기다리는 가족들과의 반가운 해후를 생각하며 고향 길을 서두르게 된다. 우리의 설은 오랜 시간 맺어 온 이웃들과의 因緣을 記憶하며 앞으로 나갈 길을 생각하는 시간이라 할 수 있다. 해방 70년, 분단 70년을 맞는 올 乙未년 설에는 우리 민족이 겪어 온 역사의 의의를 되새겨 보게 된다. 70년 전 日帝 強占으로부터 해방된 興奮 속에서 우리는 큰 불운과 행운에 동시에 부딪치게 되었다. 강대국 간 밀약의 專橫으로 한반도가 북위 38도선으로 양분되며 비롯된 국토와 민족의 분단은 분명 우리 민족 최대의 불운이며 재앙이었다. 한편 바로 그 해 1945년에 새로운 국제秩序를 지향하는 유엔이 창설된 것은 분명 우리에게는 큰 행운이었다고 역사는 기록할 것이다. 동서 냉전의 대결은 시작되었고 공산 陣營의 붉은 세력이 아시아 대륙을 뒤덮어가는 가운데서 우리가 어떻게 자유로운 독립국가를 세울 수 있었는가. 다행히도 47년 유엔 총회는 어둡고 混亂스러운 狀況에서 한국인들 스스로 자유로운 선거를 통한 정부 수립을 진행할 것을 결의했다. 그리고 48년 5월 10일 우리는 역사상 처음으로 유엔 감시 하에 자유선거가 실시되어 制憲국회, 헌법 제정, 대한민국 정부 출범으로 이어졌다. 한 마디로 유엔이 대한민국 정부 출범에 산파역을 담당했던 것이다. 또한 50년 북한이 6·25 남침을 강행했을 때도 유엔은 큰 희생을 甘受하며 대한민국 수호에 앞장서 유엔의 權威와 자유를 존중하는 국제질서를 지켰다. 휴전 이후 지난 60여 년 우리는 산업화를 통한 근대화, 정치의 민주화에 성공했다. 그것은 한 세대에 걸친 권위주의의 시기에도 통치자나 국민 모두가 고립과 독선을 피하고 국제 사회의 주류에 果敢히 합류함으로써 가능했던 業績임을 잊어선 안 된다.",甘受,,감수,감수,
3급II,69,2015-05-23,40,hanjaeo_W,"다음 밑줄 친 漢字語 중 漢字로 표기된 것은 讀音을, 한글로 표기된 것은 漢字로 쓰시오.","민족의 명절 설을 맞으면 기다리는 가족들과의 반가운 해후를 생각하며 고향 길을 서두르게 된다. 우리의 설은 오랜 시간 맺어 온 이웃들과의 因緣을 記憶하며 앞으로 나갈 길을 생각하는 시간이라 할 수 있다. 해방 70년, 분단 70년을 맞는 올 乙未년 설에는 우리 민족이 겪어 온 역사의 의의를 되새겨 보게 된다. 70년 전 日帝 強占으로부터 해방된 興奮 속에서 우리는 큰 불운과 행운에 동시에 부딪치게 되었다. 강대국 간 밀약의 專橫으로 한반도가 북위 38도선으로 양분되며 비롯된 국토와 민족의 분단은 분명 우리 민족 최대의 불운이며 재앙이었다. 한편 바로 그 해 1945년에 새로운 국제秩序를 지향하는 유엔이 창설된 것은 분명 우리에게는 큰 행운이었다고 역사는 기록할 것이다. 동서 냉전의 대결은 시작되었고 공산 陣營의 붉은 세력이 아시아 대륙을 뒤덮어가는 가운데서 우리가 어떻게 자유로운 독립국가를 세울 수 있었는가. 다행히도 47년 유엔 총회는 어둡고 混亂스러운 狀況에서 한국인들 스스로 자유로운 선거를 통한 정부 수립을 진행할 것을 결의했다. 그리고 48년 5월 10일 우리는 역사상 처음으로 유엔 감시 하에 자유선거가 실시되어 制憲국회, 헌법 제정, 대한민국 정부 출범으로 이어졌다. 한 마디로 유엔이 대한민국 정부 출범에 산파역을 담당했던 것이다. 또한 50년 북한이 6·25 남침을 강행했을 때도 유엔은 큰 희생을 甘受하며 대한민국 수호에 앞장서 유엔의 權威와 자유를 존중하는 국제질서를 지켰다. 휴전 이후 지난 60여 년 우리는 산업화를 통한 근대화, 정치의 민주화에 성공했다. 그것은 한 세대에 걸친 권위주의의 시기에도 통치자나 국민 모두가 고립과 독선을 피하고 국제 사회의 주류에 果敢히 합류함으로써 가능했던 業績임을 잊어선 안 된다.",수호,,守護,守護,
3급II,69,2015-05-23,41,dokeum_W,"다음 밑줄 친 漢字語 중 漢字로 표기된 것은 讀音을, 한글로 표기된 것은 漢字로 쓰시오.","민족의 명절 설을 맞으면 기다리는 가족들과의 반가운 해후를 생각하며 고향 길을 서두르게 된다. 우리의 설은 오랜 시간 맺어 온 이웃들과의 因緣을 記憶하며 앞으로 나갈 길을 생각하는 시간이라 할 수 있다. 해방 70년, 분단 70년을 맞는 올 乙未년 설에는 우리 민족이 겪어 온 역사의 의의를 되새겨 보게 된다. 70년 전 日帝 強占으로부터 해방된 興奮 속에서 우리는 큰 불운과 행운에 동시에 부딪치게 되었다. 강대국 간 밀약의 專橫으로 한반도가 북위 38도선으로 양분되며 비롯된 국토와 민족의 분단은 분명 우리 민족 최대의 불운이며 재앙이었다. 한편 바로 그 해 1945년에 새로운 국제秩序를 지향하는 유엔이 창설된 것은 분명 우리에게는 큰 행운이었다고 역사는 기록할 것이다. 동서 냉전의 대결은 시작되었고 공산 陣營의 붉은 세력이 아시아 대륙을 뒤덮어가는 가운데서 우리가 어떻게 자유로운 독립국가를 세울 수 있었는가. 다행히도 47년 유엔 총회는 어둡고 混亂스러운 狀況에서 한국인들 스스로 자유로운 선거를 통한 정부 수립을 진행할 것을 결의했다. 그리고 48년 5월 10일 우리는 역사상 처음으로 유엔 감시 하에 자유선거가 실시되어 制憲국회, 헌법 제정, 대한민국 정부 출범으로 이어졌다. 한 마디로 유엔이 대한민국 정부 출범에 산파역을 담당했던 것이다. 또한 50년 북한이 6·25 남침을 강행했을 때도 유엔은 큰 희생을 甘受하며 대한민국 수호에 앞장서 유엔의 權威와 자유를 존중하는 국제질서를 지켰다. 휴전 이후 지난 60여 년 우리는 산업화를 통한 근대화, 정치의 민주화에 성공했다. 그것은 한 세대에 걸친 권위주의의 시기에도 통치자나 국민 모두가 고립과 독선을 피하고 국제 사회의 주류에 果敢히 합류함으로써 가능했던 業績임을 잊어선 안 된다.",權威,,권위,권위,
3급II,69,2015-05-23,42,hanjaeo_W,"다음 밑줄 친 漢字語 중 漢字로 표기된 것은 讀音을, 한글로 표기된 것은 漢字로 쓰시오.","민족의 명절 설을 맞으면 기다리는 가족들과의 반가운 해후를 생각하며 고향 길을 서두르게 된다. 우리의 설은 오랜 시간 맺어 온 이웃들과의 因緣을 記憶하며 앞으로 나갈 길을 생각하는 시간이라 할 수 있다. 해방 70년, 분단 70년을 맞는 올 乙未년 설에는 우리 민족이 겪어 온 역사의 의의를 되새겨 보게 된다. 70년 전 日帝 強占으로부터 해방된 興奮 속에서 우리는 큰 불운과 행운에 동시에 부딪치게 되었다. 강대국 간 밀약의 專橫으로 한반도가 북위 38도선으로 양분되며 비롯된 국토와 민족의 분단은 분명 우리 민족 최대의 불운이며 재앙이었다. 한편 바로 그 해 1945년에 새로운 국제秩序를 지향하는 유엔이 창설된 것은 분명 우리에게는 큰 행운이었다고 역사는 기록할 것이다. 동서 냉전의 대결은 시작되었고 공산 陣營의 붉은 세력이 아시아 대륙을 뒤덮어가는 가운데서 우리가 어떻게 자유로운 독립국가를 세울 수 있었는가. 다행히도 47년 유엔 총회는 어둡고 混亂스러운 狀況에서 한국인들 스스로 자유로운 선거를 통한 정부 수립을 진행할 것을 결의했다. 그리고 48년 5월 10일 우리는 역사상 처음으로 유엔 감시 하에 자유선거가 실시되어 制憲국회, 헌법 제정, 대한민국 정부 출범으로 이어졌다. 한 마디로 유엔이 대한민국 정부 출범에 산파역을 담당했던 것이다. 또한 50년 북한이 6·25 남침을 강행했을 때도 유엔은 큰 희생을 甘受하며 대한민국 수호에 앞장서 유엔의 權威와 자유를 존중하는 국제질서를 지켰다. 휴전 이후 지난 60여 년 우리는 산업화를 통한 근대화, 정치의 민주화에 성공했다. 그것은 한 세대에 걸친 권위주의의 시기에도 통치자나 국민 모두가 고립과 독선을 피하고 국제 사회의 주류에 果敢히 합류함으로써 가능했던 業績임을 잊어선 안 된다.",존중,,尊重,尊重,
3급II,69,2015-05-23,43,hanjaeo_W,"다음 밑줄 친 漢字語 중 漢字로 표기된 것은 讀音을, 한글로 표기된 것은 漢字로 쓰시오.","민족의 명절 설을 맞으면 기다리는 가족들과의 반가운 해후를 생각하며 고향 길을 서두르게 된다. 우리의 설은 오랜 시간 맺어 온 이웃들과의 因緣을 記憶하며 앞으로 나갈 길을 생각하는 시간이라 할 수 있다. 해방 70년, 분단 70년을 맞는 올 乙未년 설에는 우리 민족이 겪어 온 역사의 의의를 되새겨 보게 된다. 70년 전 日帝 強占으로부터 해방된 興奮 속에서 우리는 큰 불운과 행운에 동시에 부딪치게 되었다. 강대국 간 밀약의 專橫으로 한반도가 북위 38도선으로 양분되며 비롯된 국토와 민족의 분단은 분명 우리 민족 최대의 불운이며 재앙이었다. 한편 바로 그 해 1945년에 새로운 국제秩序를 지향하는 유엔이 창설된 것은 분명 우리에게는 큰 행운이었다고 역사는 기록할 것이다. 동서 냉전의 대결은 시작되었고 공산 陣營의 붉은 세력이 아시아 대륙을 뒤덮어가는 가운데서 우리가 어떻게 자유로운 독립국가를 세울 수 있었는가. 다행히도 47년 유엔 총회는 어둡고 混亂스러운 狀況에서 한국인들 스스로 자유로운 선거를 통한 정부 수립을 진행할 것을 결의했다. 그리고 48년 5월 10일 우리는 역사상 처음으로 유엔 감시 하에 자유선거가 실시되어 制憲국회, 헌법 제정, 대한민국 정부 출범으로 이어졌다. 한 마디로 유엔이 대한민국 정부 출범에 산파역을 담당했던 것이다. 또한 50년 북한이 6·25 남침을 강행했을 때도 유엔은 큰 희생을 甘受하며 대한민국 수호에 앞장서 유엔의 權威와 자유를 존중하는 국제질서를 지켰다. 휴전 이후 지난 60여 년 우리는 산업화를 통한 근대화, 정치의 민주화에 성공했다. 그것은 한 세대에 걸친 권위주의의 시기에도 통치자나 국민 모두가 고립과 독선을 피하고 국제 사회의 주류에 果敢히 합류함으로써 가능했던 業績임을 잊어선 안 된다.",세대,,世代,世代,
3급II,69,2015-05-23,44,hanjaeo_W,"다음 밑줄 친 漢字語 중 漢字로 표기된 것은 讀音을, 한글로 표기된 것은 漢字로 쓰시오.","민족의 명절 설을 맞으면 기다리는 가족들과의 반가운 해후를 생각하며 고향 길을 서두르게 된다. 우리의 설은 오랜 시간 맺어 온 이웃들과의 因緣을 記憶하며 앞으로 나갈 길을 생각하는 시간이라 할 수 있다. 해방 70년, 분단 70년을 맞는 올 乙未년 설에는 우리 민족이 겪어 온 역사의 의의를 되새겨 보게 된다. 70년 전 日帝 強占으로부터 해방된 興奮 속에서 우리는 큰 불운과 행운에 동시에 부딪치게 되었다. 강대국 간 밀약의 專橫으로 한반도가 북위 38도선으로 양분되며 비롯된 국토와 민족의 분단은 분명 우리 민족 최대의 불운이며 재앙이었다. 한편 바로 그 해 1945년에 새로운 국제秩序를 지향하는 유엔이 창설된 것은 분명 우리에게는 큰 행운이었다고 역사는 기록할 것이다. 동서 냉전의 대결은 시작되었고 공산 陣營의 붉은 세력이 아시아 대륙을 뒤덮어가는 가운데서 우리가 어떻게 자유로운 독립국가를 세울 수 있었는가. 다행히도 47년 유엔 총회는 어둡고 混亂스러운 狀況에서 한국인들 스스로 자유로운 선거를 통한 정부 수립을 진행할 것을 결의했다. 그리고 48년 5월 10일 우리는 역사상 처음으로 유엔 감시 하에 자유선거가 실시되어 制憲국회, 헌법 제정, 대한민국 정부 출범으로 이어졌다. 한 마디로 유엔이 대한민국 정부 출범에 산파역을 담당했던 것이다. 또한 50년 북한이 6·25 남침을 강행했을 때도 유엔은 큰 희생을 甘受하며 대한민국 수호에 앞장서 유엔의 權威와 자유를 존중하는 국제질서를 지켰다. 휴전 이후 지난 60여 년 우리는 산업화를 통한 근대화, 정치의 민주화에 성공했다. 그것은 한 세대에 걸친 권위주의의 시기에도 통치자나 국민 모두가 고립과 독선을 피하고 국제 사회의 주류에 果敢히 합류함으로써 가능했던 業績임을 잊어선 안 된다.",통치,,統治,統治,
3급II,69,2015-05-23,45,dokeum_W,"다음 밑줄 친 漢字語 중 漢字로 표기된 것은 讀音을, 한글로 표기된 것은 漢字로 쓰시오.","민족의 명절 설을 맞으면 기다리는 가족들과의 반가운 해후를 생각하며 고향 길을 서두르게 된다. 우리의 설은 오랜 시간 맺어 온 이웃들과의 因緣을 記憶하며 앞으로 나갈 길을 생각하는 시간이라 할 수 있다. 해방 70년, 분단 70년을 맞는 올 乙未년 설에는 우리 민족이 겪어 온 역사의 의의를 되새겨 보게 된다. 70년 전 日帝 強占으로부터 해방된 興奮 속에서 우리는 큰 불운과 행운에 동시에 부딪치게 되었다. 강대국 간 밀약의 專橫으로 한반도가 북위 38도선으로 양분되며 비롯된 국토와 민족의 분단은 분명 우리 민족 최대의 불운이며 재앙이었다. 한편 바로 그 해 1945년에 새로운 국제秩序를 지향하는 유엔이 창설된 것은 분명 우리에게는 큰 행운이었다고 역사는 기록할 것이다. 동서 냉전의 대결은 시작되었고 공산 陣營의 붉은 세력이 아시아 대륙을 뒤덮어가는 가운데서 우리가 어떻게 자유로운 독립국가를 세울 수 있었는가. 다행히도 47년 유엔 총회는 어둡고 混亂스러운 狀況에서 한국인들 스스로 자유로운 선거를 통한 정부 수립을 진행할 것을 결의했다. 그리고 48년 5월 10일 우리는 역사상 처음으로 유엔 감시 하에 자유선거가 실시되어 制憲국회, 헌법 제정, 대한민국 정부 출범으로 이어졌다. 한 마디로 유엔이 대한민국 정부 출범에 산파역을 담당했던 것이다. 또한 50년 북한이 6·25 남침을 강행했을 때도 유엔은 큰 희생을 甘受하며 대한민국 수호에 앞장서 유엔의 權威와 자유를 존중하는 국제질서를 지켰다. 휴전 이후 지난 60여 년 우리는 산업화를 통한 근대화, 정치의 민주화에 성공했다. 그것은 한 세대에 걸친 권위주의의 시기에도 통치자나 국민 모두가 고립과 독선을 피하고 국제 사회의 주류에 果敢히 합류함으로써 가능했던 業績임을 잊어선 안 된다.",果敢,,과감,과감,
3급II,69,2015-05-23,46,hanjaeo_W,"다음 밑줄 친 漢字語 중 漢字로 표기된 것은 讀音을, 한글로 표기된 것은 漢字로 쓰시오.","민족의 명절 설을 맞으면 기다리는 가족들과의 반가운 해후를 생각하며 고향 길을 서두르게 된다. 우리의 설은 오랜 시간 맺어 온 이웃들과의 因緣을 記憶하며 앞으로 나갈 길을 생각하는 시간이라 할 수 있다. 해방 70년, 분단 70년을 맞는 올 乙未년 설에는 우리 민족이 겪어 온 역사의 의의를 되새겨 보게 된다. 70년 전 日帝 強占으로부터 해방된 興奮 속에서 우리는 큰 불운과 행운에 동시에 부딪치게 되었다. 강대국 간 밀약의 專橫으로 한반도가 북위 38도선으로 양분되며 비롯된 국토와 민족의 분단은 분명 우리 민족 최대의 불운이며 재앙이었다. 한편 바로 그 해 1945년에 새로운 국제秩序를 지향하는 유엔이 창설된 것은 분명 우리에게는 큰 행운이었다고 역사는 기록할 것이다. 동서 냉전의 대결은 시작되었고 공산 陣營의 붉은 세력이 아시아 대륙을 뒤덮어가는 가운데서 우리가 어떻게 자유로운 독립국가를 세울 수 있었는가. 다행히도 47년 유엔 총회는 어둡고 混亂스러운 狀況에서 한국인들 스스로 자유로운 선거를 통한 정부 수립을 진행할 것을 결의했다. 그리고 48년 5월 10일 우리는 역사상 처음으로 유엔 감시 하에 자유선거가 실시되어 制憲국회, 헌법 제정, 대한민국 정부 출범으로 이어졌다. 한 마디로 유엔이 대한민국 정부 출범에 산파역을 담당했던 것이다. 또한 50년 북한이 6·25 남침을 강행했을 때도 유엔은 큰 희생을 甘受하며 대한민국 수호에 앞장서 유엔의 權威와 자유를 존중하는 국제질서를 지켰다. 휴전 이후 지난 60여 년 우리는 산업화를 통한 근대화, 정치의 민주화에 성공했다. 그것은 한 세대에 걸친 권위주의의 시기에도 통치자나 국민 모두가 고립과 독선을 피하고 국제 사회의 주류에 果敢히 합류함으로써 가능했던 業績임을 잊어선 안 된다.",합류,,合流,合流,
3급II,69,2015-05-23,47,dokeum_W,"다음 밑줄 친 漢字語 중 漢字로 표기된 것은 讀音을, 한글로 표기된 것은 漢字로 쓰시오.","민족의 명절 설을 맞으면 기다리는 가족들과의 반가운 해후를 생각하며 고향 길을 서두르게 된다. 우리의 설은 오랜 시간 맺어 온 이웃들과의 因緣을 記憶하며 앞으로 나갈 길을 생각하는 시간이라 할 수 있다. 해방 70년, 분단 70년을 맞는 올 乙未년 설에는 우리 민족이 겪어 온 역사의 의의를 되새겨 보게 된다. 70년 전 日帝 強占으로부터 해방된 興奮 속에서 우리는 큰 불운과 행운에 동시에 부딪치게 되었다. 강대국 간 밀약의 專橫으로 한반도가 북위 38도선으로 양분되며 비롯된 국토와 민족의 분단은 분명 우리 민족 최대의 불운이며 재앙이었다. 한편 바로 그 해 1945년에 새로운 국제秩序를 지향하는 유엔이 창설된 것은 분명 우리에게는 큰 행운이었다고 역사는 기록할 것이다. 동서 냉전의 대결은 시작되었고 공산 陣營의 붉은 세력이 아시아 대륙을 뒤덮어가는 가운데서 우리가 어떻게 자유로운 독립국가를 세울 수 있었는가. 다행히도 47년 유엔 총회는 어둡고 混亂스러운 狀況에서 한국인들 스스로 자유로운 선거를 통한 정부 수립을 진행할 것을 결의했다. 그리고 48년 5월 10일 우리는 역사상 처음으로 유엔 감시 하에 자유선거가 실시되어 制憲국회, 헌법 제정, 대한민국 정부 출범으로 이어졌다. 한 마디로 유엔이 대한민국 정부 출범에 산파역을 담당했던 것이다. 또한 50년 북한이 6·25 남침을 강행했을 때도 유엔은 큰 희생을 甘受하며 대한민국 수호에 앞장서 유엔의 權威와 자유를 존중하는 국제질서를 지켰다. 휴전 이후 지난 60여 년 우리는 산업화를 통한 근대화, 정치의 민주화에 성공했다. 그것은 한 세대에 걸친 권위주의의 시기에도 통치자나 국민 모두가 고립과 독선을 피하고 국제 사회의 주류에 果敢히 합류함으로써 가능했던 業績임을 잊어선 안 된다.",業績,,업적,업적,
3급II,69,2015-05-23,48,huneum_W,다음 漢字의 訓과 音을 쓰시오.,含,含,,머금을 함,머금을 함,
3급II,69,2015-05-23,49,huneum_W,다음 漢字의 訓과 音을 쓰시오.,徑,徑,,지름길 경,지름길 경,
3급II,69,2015-05-23,50,huneum_W,다음 漢字의 訓과 音을 쓰시오.,琴,琴,,거문고 금,거문고 금,
3급II,69,2015-05-23,51,huneum_W,다음 漢字의 訓과 音을 쓰시오.,陷,陷,,빠질 함,빠질 함,
3급II,69,2015-05-23,52,huneum_W,다음 漢字의 訓과 音을 쓰시오.,諾,諾,,허락할 낙,허락할 낙,
3급II,69,2015-05-23,53,huneum_W,다음 漢字의 訓과 音을 쓰시오.,段,段,,층계 단,층계 단,
3급II,69,2015-05-23,54,huneum_W,다음 漢字의 訓과 音을 쓰시오.,疲,疲,,피곤할 피,피곤할 피,
3급II,69,2015-05-23,55,huneum_W,다음 漢字의 訓과 音을 쓰시오.,途,途,,길 도,길 도,
3급II,69,2015-05-23,56,huneum_W,다음 漢字의 訓과 音을 쓰시오.,派,派,,갈래 파,갈래 파,
3급II,69,2015-05-23,57,huneum_W,다음 漢字의 訓과 音을 쓰시오.,絡,絡,,이을 락,이을 락,
3급II,69,2015-05-23,58,huneum_W,다음 漢字의 訓과 音을 쓰시오.,吏,吏,,벼슬아치 리,벼슬아치 리,
3급II,69,2015-05-23,59,huneum_W,다음 漢字의 訓과 音을 쓰시오.,擇,擇,,가릴 택,가릴 택,
3급II,69,2015-05-23,60,huneum_W,다음 漢字의 訓과 音을 쓰시오.,麻,麻,,삼 마,삼 마,
3급II,69,2015-05-23,61,huneum_W,다음 漢字의 訓과 音을 쓰시오.,鳴,鳴,,울 명,울 명,
3급II,69,2015-05-23,62,huneum_W,다음 漢字의 訓과 音을 쓰시오.,盤,盤,,소반/쟁반 반,소반/쟁반 반,
3급II,69,2015-05-23,63,huneum_W,다음 漢字의 訓과 音을 쓰시오.,付,付,,부칠 부,부칠 부,
3급II,69,2015-05-23,64,huneum_W,다음 漢字의 訓과 音을 쓰시오.,奪,奪,,빼앗을 탈,빼앗을 탈,
3급II,69,2015-05-23,65,huneum_W,다음 漢字의 訓과 音을 쓰시오.,快,快,,쾌할 쾌,쾌할 쾌,
3급II,69,2015-05-23,66,huneum_W,다음 漢字의 訓과 音을 쓰시오.,殊,殊,,다를 수,다를 수,
3급II,69,2015-05-23,67,huneum_W,다음 漢字의 訓과 音을 쓰시오.,側,側,,곁 측,곁 측,
3급II,69,2015-05-23,68,huneum_W,다음 漢字의 訓과 音을 쓰시오.,叔,叔,,아재비 숙,아재비 숙,
3급II,69,2015-05-23,69,huneum_W,다음 漢字의 訓과 音을 쓰시오.,岸,岸,,언덕 안,언덕 안,
3급II,69,2015-05-23,70,huneum_W,다음 漢字의 訓과 音을 쓰시오.,沿,沿,,따를/물따라갈 연,따를/물따라갈 연,
3급II,69,2015-05-23,71,huneum_W,다음 漢字의 訓과 音을 쓰시오.,昌,昌,,창성할 창,창성할 창,
3급II,69,2015-05-23,72,huneum_W,다음 漢字의 訓과 音을 쓰시오.,丁,丁,,고무래 정,고무래 정,
3급II,69,2015-05-23,73,huneum_W,다음 漢字의 訓과 音을 쓰시오.,裁,裁,,마를 재,마를 재,
3급II,69,2015-05-23,74,huneum_W,다음 漢字의 訓과 音을 쓰시오.,泥,泥,,진흙 니,진흙 니,
3급II,69,2015-05-23,75,dokeum_W,다음 漢字語의 讀音을 쓰시오.,拒否,拒否,,거부,거부,
3급II,69,2015-05-23,76,dokeum_W,다음 漢字語의 讀音을 쓰시오.,紛爭,紛爭,,분쟁,분쟁,
3급II,69,2015-05-23,77,dokeum_W,다음 漢字語의 讀音을 쓰시오.,奇拔,奇拔,,기발,기발,
3급II,69,2015-05-23,78,dokeum_W,다음 漢字語의 讀音을 쓰시오.,忍耐,忍耐,,인내,인내,
3급II,69,2015-05-23,79,dokeum_W,다음 漢字語의 讀音을 쓰시오.,巧妙,巧妙,,교묘,교묘,
3급II,69,2015-05-23,80,dokeum_W,다음 漢字語의 讀音을 쓰시오.,抵抗,抵抗,,저항,저항,
3급II,69,2015-05-23,81,dokeum_W,다음 漢字語의 讀音을 쓰시오.,距離,距離,,거리,거리,
3급II,69,2015-05-23,82,dokeum_W,다음 漢字語의 讀音을 쓰시오.,視聽,視聽,,시청,시청,
3급II,69,2015-05-23,83,dokeum_W,다음 漢字語의 讀音을 쓰시오.,算數,算數,,산수,산수,
3급II,69,2015-05-23,84,dokeum_W,다음 漢字語의 讀音을 쓰시오.,帳幕,帳幕,,장막,장막,
3급II,69,2015-05-23,85,dokeum_W,다음 漢字語의 讀音을 쓰시오.,怨望,怨望,,원망,원망,
3급II,69,2015-05-23,86,dokeum_W,다음 漢字語의 讀音을 쓰시오.,懇切,懇切,,간절,간절,
3급II,69,2015-05-23,87,dokeum_W,다음 漢字語의 讀音을 쓰시오.,求索,求索,,구색,구색,
3급II,69,2015-05-23,88,dokeum_W,다음 漢字語의 讀音을 쓰시오.,殿閣,殿閣,,전각,전각,
3급II,69,2015-05-23,89,dokeum_W,다음 漢字語의 讀音을 쓰시오.,乾濕,乾濕,,건습,건습,
3급II,69,2015-05-23,90,dokeum_W,다음 漢字語의 讀音을 쓰시오.,襲擊,襲擊,,습격,습격,
3급II,69,2015-05-23,91,dokeum_W,다음 漢字語의 讀音을 쓰시오.,波紋,波紋,,파문,파문,
3급II,69,2015-05-23,92,dokeum_W,다음 漢字語의 讀音을 쓰시오.,間隔,間隔,,간격,간격,
3급II,69,2015-05-23,93,dokeum_W,다음 漢字語의 讀音을 쓰시오.,姑息,姑息,,고식,고식,
3급II,69,2015-05-23,94,dokeum_W,다음 漢字語의 讀音을 쓰시오.,漏落,漏落,,누락,누락,
3급II,69,2015-05-23,95,dokeum_W,다음 漢字語의 讀音을 쓰시오.,惠澤,惠澤,,혜택,혜택,
3급II,69,2015-05-23,96,dokeum_W,다음 漢字語의 讀音을 쓰시오.,極甚,極甚,,극심,극심,
3급II,69,2015-05-23,97,dokeum_W,다음 漢字語의 讀音을 쓰시오.,肅整,肅整,,숙정,숙정,
3급II,69,2015-05-23,98,dokeum_W,다음 漢字語의 讀音을 쓰시오.,總帥,總帥,,총수,총수,
3급II,69,2015-05-23,99,dokeum_W,다음 漢字語의 讀音을 쓰시오.,丹楓,丹楓,,단풍,단풍,
3급II,69,2015-05-23,100,dokeum_W,다음 漢字語의 讀音을 쓰시오.,汗蒸,汗蒸,,한증,한증,
3급II,69,2015-05-23,101,dokeum_W,다음 漢字語의 讀音을 쓰시오.,爆彈,爆彈,,폭탄,폭탄,
3급II,69,2015-05-23,102,dokeum_W,다음 漢字語의 讀音을 쓰시오.,破裂,破裂,,파열,파열,
3급II,69,2015-05-23,103,jangeum_S,다음 漢字語 가운데 첫 음절이 길게 소리 나는 것을 골라 그 번호를 쓰시오.,,,"[""① 江河"", ""② 到達"", ""③ 末尾"", ""④ 微笑""]",②,② 到達,
3급II,69,2015-05-23,104,jangeum_S,다음 漢字語 가운데 첫 음절이 길게 소리 나는 것을 골라 그 번호를 쓰시오.,,,"[""① 頭痛"", ""② 每番"", ""③ 逃亡"", ""④ 明白""]",②,② 每番,
3급II,69,2015-05-23,105,jangeum_S,다음 漢字語 가운데 첫 음절이 길게 소리 나는 것을 골라 그 번호를 쓰시오.,,,"[""① 病患"", ""② 扶助"", ""③ 兵士"", ""④ 激烈""]",①,① 病患,
3급II,69,2015-05-23,106,jangeum_S,다음 漢字語 가운데 첫 음절이 길게 소리 나는 것을 골라 그 번호를 쓰시오.,,,"[""① 盜賊"", ""② 申告"", ""③ 靈魂"", ""④ 附屬""]",④,④ 附屬,
3급II,69,2015-05-23,107,jangeum_S,다음 漢字語 가운데 첫 음절이 길게 소리 나는 것을 골라 그 번호를 쓰시오.,,,"[""① 樹木"", ""② 督勵"", ""③ 變更"", ""④ 征伐""]",③,③ 變更,
3급II,69,2015-05-23,108,banui_W,다음 제시된 漢字와 反對(또는 相對)되는 漢字를 ( ) 안에 쓰시오.,加(    ),加( ),,減,減,
3급II,69,2015-05-23,109,banui_W,다음 제시된 漢字와 反對(또는 相對)되는 漢字를 ( ) 안에 쓰시오.,(    )豊,( )豊,,凶,凶,
3급II,69,2015-05-23,110,banui_W,다음 제시된 漢字와 反對(또는 相對)되는 漢字를 ( ) 안에 쓰시오.,推(    ),推( ),,引,引,
3급II,69,2015-05-23,111,banui_W,다음 제시된 漢字와 反對(또는 相對)되는 漢字를 ( ) 안에 쓰시오.,順(    ),順( ),,逆,逆,
3급II,69,2015-05-23,112,banui_W,다음 제시된 漢字와 反對(또는 相對)되는 漢字를 ( ) 안에 쓰시오.,(    )免,( )免,,任,任,
3급II,69,2015-05-23,113,banuieo_W,다음 漢字語의 反對語(또는 相對語)를 漢字(正字)로 쓰시오.,感情 - (      ),感情 ↔ ( ),,理性,理性,
3급II,69,2015-05-23,114,banuieo_W,다음 漢字語의 反對語(또는 相對語)를 漢字(正字)로 쓰시오.,臨時 - (      ),臨時 ↔ ( ),,經常,經常,
3급II,69,2015-05-23,115,banuieo_W,다음 漢字語의 反對語(또는 相對語)를 漢字(正字)로 쓰시오.,卑近 - (      ),卑近 ↔ ( ),,高遠,高遠,
3급II,69,2015-05-23,116,banuieo_W,다음 漢字語의 反對語(또는 相對語)를 漢字(正字)로 쓰시오.,許可 - (      ),許可 ↔ ( ),,禁止,禁止,
3급II,69,2015-05-23,117,banuieo_W,다음 漢字語의 反對語(또는 相對語)를 漢字(正字)로 쓰시오.,質疑 - (      ),質疑 ↔ ( ),,應答,應答,
3급II,69,2015-05-23,118,seongeo_W,다음 빈 칸에 알맞은 漢字(正字)를 써 넣어 漢字語(成語)를 완성하시오.,夫(    )婦隨 - 남편이 주장하고 아내가 잘 따름,夫( )婦隨,,唱,唱,
3급II,69,2015-05-23,119,seongeo_W,다음 빈 칸에 알맞은 漢字(正字)를 써 넣어 漢字語(成語)를 완성하시오.,安居危(      ) - 평안할 때 위험이 닥칠 것을 생각함.,安居危( ),,思,思,
3급II,69,2015-05-23,120,seongeo_W,다음 빈 칸에 알맞은 漢字(正字)를 써 넣어 漢字語(成語)를 완성하시오.,同(    )異夢 - 같이 행동하지만 속으로는 딴 생각을 함.,同( )異夢,,床,床,
3급II,69,2015-05-23,121,seongeo_W,다음 빈 칸에 알맞은 漢字(正字)를 써 넣어 漢字語(成語)를 완성하시오.,(    )蘭之契 - 쇠처럼 단단하고 난초처럼 그윽한 사귐의 의리를 맺음.,( )蘭之契,,金,金,
3급II,69,2015-05-23,122,seongeo_W,다음 빈 칸에 알맞은 漢字(正字)를 써 넣어 漢字語(成語)를 완성하시오.,命(    )頃刻 - 목숨이 경각에 달렸음.,命( )頃刻,,在,在,
3급II,69,2015-05-23,123,seongeo_W,다음 빈 칸에 알맞은 漢字(正字)를 써 넣어 漢字語(成語)를 완성하시오.,呼(    )器官 - 숨쉬기의 작용을 맡은 기관,呼( )器官,,吸,吸,
3급II,69,2015-05-23,124,seongeo_W,다음 빈 칸에 알맞은 漢字(正字)를 써 넣어 漢字語(成語)를 완성하시오.,富貴( )華 - 재산이 많고 지위가 높으며 귀하게 되어서 세상에 드러나 온갖 영광을 누림.,富貴( )華,,榮,榮,
3급II,69,2015-05-23,125,seongeo_W,다음 빈 칸에 알맞은 漢字(正字)를 써 넣어 漢字語(成語)를 완성하시오.,蛇心( )口 - 뱀의 마음과 부처의 입,蛇心( )口,,佛,佛,
3급II,69,2015-05-23,126,seongeo_W,다음 빈 칸에 알맞은 漢字(正字)를 써 넣어 漢字語(成語)를 완성하시오.,妻(    )子獄 - 처자가 있는 사람은 자유롭게 행동할 수 없음.,妻( )子獄,,城,城,
3급II,69,2015-05-23,127,seongeo_W,다음 빈 칸에 알맞은 漢字(正字)를 써 넣어 漢字語(成語)를 완성하시오.,厚顔( )恥 - 뻔뻔스러워 부끄러워할 줄 모름.,厚顔( )恥,,無,無,
3급II,69,2015-05-23,128,busu_W,다음 漢字의 部首를 쓰시오.,奉,奉,,大,大,
3급II,69,2015-05-23,129,busu_W,다음 漢字의 部首를 쓰시오.,哀,哀,,口,口,
3급II,69,2015-05-23,130,busu_W,다음 漢字의 部首를 쓰시오.,乘,乘,,丿,丿,
3급II,69,2015-05-23,131,busu_W,다음 漢字의 部首를 쓰시오.,平,平,,干,干,
3급II,69,2015-05-23,132,busu_W,다음 漢字의 部首를 쓰시오.,賴,賴,,貝,貝,
3급II,69,2015-05-23,133,yui_S,다음 漢字와 訓이 같거나 비슷한 漢字를 <보기>에서 찾아 그 번호를 쓰시오.,悠,悠,"[""① 幼"", ""② 久"", ""③ 貌"", ""④ 勢"", ""⑤ 餘"", ""⑥ 與"", ""⑦ 小"", ""⑧ 少"", ""⑨ 廢"", ""⑩ 害""]",②,② 久,
3급II,69,2015-05-23,134,yui_S,다음 漢字와 訓이 같거나 비슷한 漢字를 <보기>에서 찾아 그 번호를 쓰시오.,姿,姿,"[""① 幼"", ""② 久"", ""③ 貌"", ""④ 勢"", ""⑤ 餘"", ""⑥ 與"", ""⑦ 小"", ""⑧ 少"", ""⑨ 廢"", ""⑩ 害""]",③,③ 貌,
3급II,69,2015-05-23,135,yui_S,다음 漢字와 訓이 같거나 비슷한 漢字를 <보기>에서 찾아 그 번호를 쓰시오.,殘,殘,"[""① 幼"", ""② 久"", ""③ 貌"", ""④ 勢"", ""⑤ 餘"", ""⑥ 與"", ""⑦ 小"", ""⑧ 少"", ""⑨ 廢"", ""⑩ 害""]",⑤,⑤ 餘,
3급II,69,2015-05-23,136,yui_S,다음 漢字와 訓이 같거나 비슷한 漢字를 <보기>에서 찾아 그 번호를 쓰시오.,弊,弊,"[""① 幼"", ""② 久"", ""③ 貌"", ""④ 勢"", ""⑤ 餘"", ""⑥ 與"", ""⑦ 小"", ""⑧ 少"", ""⑨ 廢"", ""⑩ 害""]",⑩,⑩ 害,
3급II,69,2015-05-23,137,yui_S,다음 漢字와 訓이 같거나 비슷한 漢字를 <보기>에서 찾아 그 번호를 쓰시오.,稀,稀,"[""① 幼"", ""② 久"", ""③ 貌"", ""④ 勢"", ""⑤ 餘"", ""⑥ 與"", ""⑦ 小"", ""⑧ 少"", ""⑨ 廢"", ""⑩ 害""]",⑧,⑧ 少,
3급II,69,2015-05-23,138,dongeumeo_W,다음 漢字語와 音이 같으면서 풀이에 알맞은 漢字語를 漢字(正字)로 쓰시오.,(喪家) - 웃돈,(喪家),,上價,上價,
3급II,69,2015-05-23,139,dongeumeo_W,다음 漢字語와 音이 같으면서 풀이에 알맞은 漢字語를 漢字(正字)로 쓰시오.,(傾斜) - 축하할 만한 기쁜 일,(傾斜),,慶事,慶事,
3급II,69,2015-05-23,140,dongeumeo_W,다음 漢字語와 音이 같으면서 풀이에 알맞은 漢字語를 漢字(正字)로 쓰시오.,(拘束) - 옛 풍속,(拘束),,舊俗,舊俗,
3급II,69,2015-05-23,141,dongeumeo_W,다음 漢字語와 音이 같으면서 풀이에 알맞은 漢字語를 漢字(正字)로 쓰시오.,(侍婢) - 옳고 그름,(侍婢),,是非,是非,
3급II,69,2015-05-23,142,dongeumeo_W,다음 漢字語와 音이 같으면서 풀이에 알맞은 漢字語를 漢字(正字)로 쓰시오.,(栽培) - 두 번 절함,(栽培),,再拜,再拜,
3급II,69,2015-05-23,143,mean_W,다음 漢字語의 뜻을 쓰시오.,需給,需給,,수요와 공급,수요와 공급,
3급II,69,2015-05-23,144,mean_W,다음 漢字語의 뜻을 쓰시오.,貸借,貸借,,꾸어주거나 꾸어옴.,꾸어주거나 꾸어옴.,
3급II,69,2015-05-23,145,mean_W,다음 漢字語의 뜻을 쓰시오.,昇降,昇降,,오르고 내림,오르고 내림,
3급II,69,2015-05-23,146,mean_W,다음 漢字語의 뜻을 쓰시오.,覆蓋,覆蓋,,뚜껑/덮개,뚜껑/덮개,
3급II,69,2015-05-23,147,mean_W,다음 漢字語의 뜻을 쓰시오.,除籍,除籍,,"호적, 학적 등에서 이름을 지워 버림","호적, 학적 등에서 이름을 지워 버림",
3급II,69,2015-05-23,148,yakja_W,다음 漢字의 略字를 쓰시오.,將,將,,将,将,
3급II,69,2015-05-23,149,yakja_W,다음 漢字의 略字를 쓰시오.,壓,壓,,圧/压,圧/压,
3급II,69,2015-05-23,150,yakja_W,다음 漢字의 略字를 쓰시오.,聲,聲,,声,声,
3급II,70,2015-08-22,1,dokeum_W,다음 문장에서 밑줄 친 漢字語의 讀音을 쓰시오.,이 배우는 영화에서 配役을 맡았다.,配役,,배역,배역,
3급II,70,2015-08-22,2,dokeum_W,다음 문장에서 밑줄 친 漢字語의 讀音을 쓰시오.,3년 간 獄苦를 치르다.,獄苦,,옥고,옥고,
3급II,70,2015-08-22,3,dokeum_W,다음 문장에서 밑줄 친 漢字語의 讀音을 쓰시오.,일의 緩急을 조절하다.,緩急,,완급,완급,
3급II,70,2015-08-22,4,dokeum_W,다음 문장에서 밑줄 친 漢字語의 讀音을 쓰시오.,범인이 潛跡하여 경찰이 수색하고 있다.,潛跡,,잠적,잠적,
3급II,70,2015-08-22,5,dokeum_W,다음 문장에서 밑줄 친 漢字語의 讀音을 쓰시오.,책의 誤譯된 부분을 바로잡다.,誤譯,,오역,오역,
3급II,70,2015-08-22,6,dokeum_W,다음 문장에서 밑줄 친 漢字語의 讀音을 쓰시오.,자동차 警笛 소리에 놀라다.,警笛,,경적,경적,
3급II,70,2015-08-22,7,dokeum_W,다음 문장에서 밑줄 친 漢字語의 讀音을 쓰시오.,다른 사람의 글을 參照하다.,參照,,참조,참조,
3급II,70,2015-08-22,8,dokeum_W,다음 문장에서 밑줄 친 漢字語의 讀音을 쓰시오.,회사의 負債가 늘어 걱정이다.,負債,,부채,부채,
3급II,70,2015-08-22,9,dokeum_W,다음 문장에서 밑줄 친 漢字語의 讀音을 쓰시오.,사람들은 淺薄한 생각에서 벗어나자.,淺薄,,천박,천박,
3급II,70,2015-08-22,10,dokeum_W,다음 문장에서 밑줄 친 漢字語의 讀音을 쓰시오.,형은 자기의 주장을 貫徹했다.,貫徹,,관철,관철,
3급II,70,2015-08-22,11,dokeum_W,다음 문장에서 밑줄 친 漢字語의 讀音을 쓰시오.,민족을 超越하여 서로 도왔다.,超越,,초월,초월,
3급II,70,2015-08-22,12,dokeum_W,다음 문장에서 밑줄 친 漢字語의 讀音을 쓰시오.,오랫동안 榮辱의 세월을 보냈다.,榮辱,,영욕,영욕,
3급II,70,2015-08-22,13,dokeum_W,다음 문장에서 밑줄 친 漢字語의 讀音을 쓰시오.,젊었을 때 열심히 일하여 후에 潤澤한 생활을 하다.,潤澤,,윤택,윤택,
3급II,70,2015-08-22,14,dokeum_W,다음 문장에서 밑줄 친 漢字語의 讀音을 쓰시오.,전쟁 중 被擊으로 부상자 발생,被擊,,피격,피격,
3급II,70,2015-08-22,15,dokeum_W,다음 문장에서 밑줄 친 漢字語의 讀音을 쓰시오.,한국은 悠久한 역사를 가진 나라이다.,悠久,,유구,유구,
3급II,70,2015-08-22,16,dokeum_W,다음 문장에서 밑줄 친 漢字語의 讀音을 쓰시오.,그는 사람들의 懇請으로 연설을 했다.,懇請,,간청,간청,
3급II,70,2015-08-22,17,dokeum_W,다음 문장에서 밑줄 친 漢字語의 讀音을 쓰시오.,하천의 覆蓋 공사가 시작되었다.,覆蓋,,복개,복개,
3급II,70,2015-08-22,18,dokeum_W,다음 문장에서 밑줄 친 漢字語의 讀音을 쓰시오.,승전 소식에 시민들은 鼓舞되었다.,鼓舞,,고무,고무,
3급II,70,2015-08-22,19,dokeum_W,다음 문장에서 밑줄 친 漢字語의 讀音을 쓰시오.,결국 범인은 拘束되었다.,拘束,,구속,구속,
3급II,70,2015-08-22,20,dokeum_W,다음 문장에서 밑줄 친 漢字語의 讀音을 쓰시오.,정부는 행사 진행을 承諾하였다.,承諾,,승낙,승낙,
3급II,70,2015-08-22,21,dokeum_W,다음 漢字語의 讀音을 쓰시오.,發芽,發芽,,발아,발아,
3급II,70,2015-08-22,22,dokeum_W,다음 漢字語의 讀音을 쓰시오.,投影,投影,,투영,투영,
3급II,70,2015-08-22,23,dokeum_W,다음 漢字語의 讀音을 쓰시오.,逸話,逸話,,일화,일화,
3급II,70,2015-08-22,24,dokeum_W,다음 漢字語의 讀音을 쓰시오.,料亭,料亭,,요정,요정,
3급II,70,2015-08-22,25,dokeum_W,다음 漢字語의 讀音을 쓰시오.,整齊,整齊,,정제,정제,
3급II,70,2015-08-22,26,dokeum_W,다음 漢字語의 讀音을 쓰시오.,鑄鐵,鑄鐵,,주철,주철,
3급II,70,2015-08-22,27,dokeum_W,다음 漢字語의 讀音을 쓰시오.,干拓,干拓,,간척,간척,
3급II,70,2015-08-22,28,dokeum_W,다음 漢字語의 讀音을 쓰시오.,奪還,奪還,,탈환,탈환,
3급II,70,2015-08-22,29,dokeum_W,다음 漢字語의 讀音을 쓰시오.,割賦,割賦,,할부,할부,
3급II,70,2015-08-22,30,dokeum_W,다음 漢字語의 讀音을 쓰시오.,片貌,片貌,,편모,편모,
3급II,70,2015-08-22,31,dokeum_W,다음 漢字語의 讀音을 쓰시오.,印鑑,印鑑,,인감,인감,
3급II,70,2015-08-22,32,dokeum_W,다음 漢字語의 讀音을 쓰시오.,剛健,剛健,,강건,강건,
3급II,70,2015-08-22,33,dokeum_W,다음 漢字語의 讀音을 쓰시오.,緊密,緊密,,긴밀,긴밀,
3급II,70,2015-08-22,34,dokeum_W,다음 漢字語의 讀音을 쓰시오.,踏襲,踏襲,,답습,답습,
3급II,70,2015-08-22,35,dokeum_W,다음 漢字語의 讀音을 쓰시오.,脈絡,脈絡,,맥락,맥락,
3급II,70,2015-08-22,36,dokeum_W,다음 漢字語의 讀音을 쓰시오.,露宿,露宿,,노숙,노숙,
3급II,70,2015-08-22,37,dokeum_W,다음 漢字語의 讀音을 쓰시오.,臨終,臨終,,임종,임종,
3급II,70,2015-08-22,38,dokeum_W,다음 漢字語의 讀音을 쓰시오.,觸媒,觸媒,,촉매,촉매,
3급II,70,2015-08-22,39,dokeum_W,다음 漢字語의 讀音을 쓰시오.,默珠,默珠,,묵주,묵주,
3급II,70,2015-08-22,40,dokeum_W,다음 漢字語의 讀音을 쓰시오.,栽培,栽培,,재배,재배,
3급II,70,2015-08-22,41,dokeum_W,다음 漢字語의 讀音을 쓰시오.,寄附,寄附,,기부,기부,
3급II,70,2015-08-22,42,dokeum_W,다음 漢字語의 讀音을 쓰시오.,捕獲,捕獲,,포획,포획,
3급II,70,2015-08-22,43,dokeum_W,다음 漢字語의 讀音을 쓰시오.,技巧,技巧,,기교,기교,
3급II,70,2015-08-22,44,dokeum_W,다음 漢字語의 讀音을 쓰시오.,卑俗,卑俗,,비속,비속,
3급II,70,2015-08-22,45,dokeum_W,다음 漢字語의 讀音을 쓰시오.,廢車,廢車,,폐차,폐차,
3급II,70,2015-08-22,46,huneum_W,다음 漢字의 訓과 音을 쓰시오.,耐,耐,,견딜 내,견딜 내,
3급II,70,2015-08-22,47,huneum_W,다음 漢字의 訓과 音을 쓰시오.,寡,寡,,적을 과,적을 과,
3급II,70,2015-08-22,48,huneum_W,다음 漢字의 訓과 音을 쓰시오.,突,突,,갑자기 돌,갑자기 돌,
3급II,70,2015-08-22,49,huneum_W,다음 漢字의 訓과 音을 쓰시오.,嶺,嶺,,고개 령,고개 령,
3급II,70,2015-08-22,50,huneum_W,다음 漢字의 訓과 音을 쓰시오.,蒙,蒙,,어두울 몽,어두울 몽,
3급II,70,2015-08-22,51,huneum_W,다음 漢字의 訓과 音을 쓰시오.,尾,尾,,꼬리 미,꼬리 미,
3급II,70,2015-08-22,52,huneum_W,다음 漢字의 訓과 音을 쓰시오.,栗,栗,,밤 률,밤 률,
3급II,70,2015-08-22,53,huneum_W,다음 漢字의 訓과 音을 쓰시오.,碧,碧,,푸를 벽,푸를 벽,
3급II,70,2015-08-22,54,huneum_W,다음 漢字의 訓과 音을 쓰시오.,封,封,,봉할 봉,봉할 봉,
3급II,70,2015-08-22,55,huneum_W,다음 漢字의 訓과 音을 쓰시오.,斜,斜,,비낄 사,비낄 사,
3급II,70,2015-08-22,56,huneum_W,다음 漢字의 訓과 音을 쓰시오.,喪,喪,,잃을 상,잃을 상,
3급II,70,2015-08-22,57,huneum_W,다음 漢字의 訓과 音을 쓰시오.,憂,憂,,근심 우,근심 우,
3급II,70,2015-08-22,58,huneum_W,다음 漢字의 訓과 音을 쓰시오.,蒸,蒸,,찔 증,찔 증,
3급II,70,2015-08-22,59,huneum_W,다음 漢字의 訓과 音을 쓰시오.,倉,倉,,곳집 창,곳집 창,
3급II,70,2015-08-22,60,huneum_W,다음 漢字의 訓과 音을 쓰시오.,塔,塔,,탑 탑,탑 탑,
3급II,70,2015-08-22,61,huneum_W,다음 漢字의 訓과 音을 쓰시오.,硬,硬,,굳을 경,굳을 경,
3급II,70,2015-08-22,62,huneum_W,다음 漢字의 訓과 音을 쓰시오.,肺,肺,,허파 폐,허파 폐,
3급II,70,2015-08-22,63,huneum_W,다음 漢字의 訓과 音을 쓰시오.,汗,汗,,땀 한,땀 한,
3급II,70,2015-08-22,64,huneum_W,다음 漢字의 訓과 音을 쓰시오.,樓,樓,,다락 루,다락 루,
3급II,70,2015-08-22,65,huneum_W,다음 漢字의 訓과 音을 쓰시오.,陷,陷,,빠질 함,빠질 함,
3급II,70,2015-08-22,66,huneum_W,다음 漢字의 訓과 音을 쓰시오.,穴,穴,,굴 혈,굴 혈,
3급II,70,2015-08-22,67,huneum_W,다음 漢字의 訓과 音을 쓰시오.,旋,旋,,돌 선,돌 선,
3급II,70,2015-08-22,68,huneum_W,다음 漢字의 訓과 音을 쓰시오.,翼,翼,,날개 익,날개 익,
3급II,70,2015-08-22,69,huneum_W,다음 漢字의 訓과 音을 쓰시오.,滯,滯,,막힐 체,막힐 체,
3급II,70,2015-08-22,70,huneum_W,다음 漢字의 訓과 音을 쓰시오.,陵,陵,,언덕 릉,언덕 릉,
3급II,70,2015-08-22,71,huneum_W,다음 漢字의 訓과 音을 쓰시오.,溪,溪,,시내 계,시내 계,
3급II,70,2015-08-22,72,huneum_W,다음 漢字의 訓과 音을 쓰시오.,惜,惜,,아낄 석,아낄 석,
3급II,70,2015-08-22,73,jangeum_S,다음 漢字語 중 첫 음절이 長音으로 발음되는 것의 번호를 쓰시오.,,,"[""① 稀少"", ""② 寬大"", ""③ 換算"", ""④ 莫重""]",③,③ 換算,
3급II,70,2015-08-22,74,jangeum_S,다음 漢字語 중 첫 음절이 長音으로 발음되는 것의 번호를 쓰시오.,,,"[""① 胸像"", ""② 浸透"", ""③ 糖分"", ""④ 梅實""]",②,② 浸透,
3급II,70,2015-08-22,75,jangeum_S,다음 漢字語 중 첫 음절이 長音으로 발음되는 것의 번호를 쓰시오.,,,"[""① 帝王"", ""② 騎兵"", ""③ 逃避"", ""④ 芳年""]",①,① 帝王,
3급II,70,2015-08-22,76,jangeum_S,다음 漢字語 중 첫 음절이 長音으로 발음되는 것의 번호를 쓰시오.,,,"[""① 菊花"", ""② 漸次"", ""③ 陶工"", ""④ 邪敎""]",②,② 漸次,
3급II,70,2015-08-22,77,jangeum_S,다음 漢字語 중 첫 음절이 長音으로 발음되는 것의 번호를 쓰시오.,,,"[""① 禽獸"", ""② 腦裏"", ""③ 郎君"", ""④ 補修""]",④,④ 補修,
3급II,70,2015-08-22,78,hanjaeo_W,다음 문장에서 밑줄 친 漢字語를 漢字[正字]로 쓰시오.,사장은 사업 계획을 고안하다.,고안,,考案,考案,
3급II,70,2015-08-22,79,hanjaeo_W,다음 문장에서 밑줄 친 漢字語를 漢字[正字]로 쓰시오.,정보화 시대에 안구 건조증이 심해지고 있다.,안구,,眼球,眼球,
3급II,70,2015-08-22,80,hanjaeo_W,다음 문장에서 밑줄 친 漢字語를 漢字[正字]로 쓰시오.,세월호 참사의 여파가 아직도 크다.,여파,,餘波,餘波,
3급II,70,2015-08-22,81,hanjaeo_W,다음 문장에서 밑줄 친 漢字語를 漢字[正字]로 쓰시오.,그는 아직도 예술 활동을 활발히 한다.,예술,,藝術,藝術,
3급II,70,2015-08-22,82,hanjaeo_W,다음 문장에서 밑줄 친 漢字語를 漢字[正字]로 쓰시오.,위원들은 원탁 회의를 열었다.,원탁,,圓卓,圓卓,
3급II,70,2015-08-22,83,hanjaeo_W,다음 문장에서 밑줄 친 漢字語를 漢字[正字]로 쓰시오.,달은 지구를 도는 위성이다.,위성,,衛星,衛星,
3급II,70,2015-08-22,84,hanjaeo_W,다음 문장에서 밑줄 친 漢字語를 漢字[正字]로 쓰시오.,질문에 응답하다.,응답,,應答,應答,
3급II,70,2015-08-22,85,hanjaeo_W,다음 문장에서 밑줄 친 漢字語를 漢字[正字]로 쓰시오.,의원들은 예산안을 의결했다.,의결,,議決,議決,
3급II,70,2015-08-22,86,hanjaeo_W,다음 문장에서 밑줄 친 漢字語를 漢字[正字]로 쓰시오.,계속되는 저온으로 농작물 피해 예상,저온,,低溫,低溫,
3급II,70,2015-08-22,87,hanjaeo_W,다음 문장에서 밑줄 친 漢字語를 漢字[正字]로 쓰시오.,백두산은 신기한 절경이었다.,절경,,絶景,絶景,
3급II,70,2015-08-22,88,hanjaeo_W,다음 문장에서 밑줄 친 漢字語를 漢字[正字]로 쓰시오.,군에서 제대한 후 복학하다.,제대,,除隊,除隊,
3급II,70,2015-08-22,89,hanjaeo_W,다음 문장에서 밑줄 친 漢字語를 漢字[正字]로 쓰시오.,혼탁한 사회에서 지조 있는 삶이 필요하다.,지조,,志操,志操,
3급II,70,2015-08-22,90,hanjaeo_W,다음 문장에서 밑줄 친 漢字語를 漢字[正字]로 쓰시오.,예비군 훈련장에서 총성이 들렸다.,총성,,銃聲,銃聲,
3급II,70,2015-08-22,91,hanjaeo_W,다음 문장에서 밑줄 친 漢字語를 漢字[正字]로 쓰시오.,미래 생활의 대비책으로 저축을 한다.,저축,,貯蓄,貯蓄,
3급II,70,2015-08-22,92,hanjaeo_W,다음 문장에서 밑줄 친 漢字語를 漢字[正字]로 쓰시오.,토지를 측량하여 구획을 긋다.,측량,,測量,測量,
3급II,70,2015-08-22,93,hanjaeo_W,다음 문장에서 밑줄 친 漢字語를 漢字[正字]로 쓰시오.,골고루 이를 닦아 충치 예방,충치,,蟲齒,蟲齒,
3급II,70,2015-08-22,94,hanjaeo_W,다음 문장에서 밑줄 친 漢字語를 漢字[正字]로 쓰시오.,전통과 변화가 균형을 이루다.,전통,,傳統,傳統,
3급II,70,2015-08-22,95,hanjaeo_W,다음 문장에서 밑줄 친 漢字語를 漢字[正字]로 쓰시오.,여름철 폭우에 대비하다.,폭우,,暴雨,暴雨,
3급II,70,2015-08-22,96,hanjaeo_W,다음 문장에서 밑줄 친 漢字語를 漢字[正字]로 쓰시오.,전쟁의 극한 상황에서 살아남다.,극한,,極限,極限,
3급II,70,2015-08-22,97,hanjaeo_W,다음 문장에서 밑줄 친 漢字語를 漢字[正字]로 쓰시오.,구관이 명관이다.,구관,,舊官,舊官,
3급II,70,2015-08-22,98,hanjaeo_W,다음 문장에서 밑줄 친 漢字語를 漢字[正字]로 쓰시오.,금연 구역이 확대되는 추세에 있다.,금연,,禁煙,禁煙,
3급II,70,2015-08-22,99,hanjaeo_W,다음 문장에서 밑줄 친 漢字語를 漢字[正字]로 쓰시오.,대한민국 남단의 섬 마라도,남단,,南端,南端,
3급II,70,2015-08-22,100,hanjaeo_W,다음 문장에서 밑줄 친 漢字語를 漢字[正字]로 쓰시오.,선수와 감독이 서로 뭉쳐 우승하다.,감독,,監督,監督,
3급II,70,2015-08-22,101,hanjaeo_W,다음 문장에서 밑줄 친 漢字語를 漢字[正字]로 쓰시오.,고려가요를 줄여서 여요라고 한다.,여요,,麗謠,麗謠,
3급II,70,2015-08-22,102,hanjaeo_W,다음 문장에서 밑줄 친 漢字語를 漢字[正字]로 쓰시오.,악기를 조율하여 연주하다.,조율,,調律,調律,
3급II,70,2015-08-22,103,hanjaeo_W,다음 문장에서 밑줄 친 漢字語를 漢字[正字]로 쓰시오.,한가로이 목초를 뜯고 있는 소들,목초,,牧草,牧草,
3급II,70,2015-08-22,104,hanjaeo_W,다음 문장에서 밑줄 친 漢字語를 漢字[正字]로 쓰시오.,매일 신문을 읽으면 박식해진다.,박식,,博識,博識,
3급II,70,2015-08-22,105,hanjaeo_W,다음 문장에서 밑줄 친 漢字語를 漢字[正字]로 쓰시오.,세계로 웅비하는 청년들,웅비,,雄飛,雄飛,
3급II,70,2015-08-22,106,hanjaeo_W,다음 문장에서 밑줄 친 漢字語를 漢字[正字]로 쓰시오.,사원에서 들려오는 목탁 치는 소리,사원,,寺院,寺院,
3급II,70,2015-08-22,107,hanjaeo_W,다음 문장에서 밑줄 친 漢字語를 漢字[正字]로 쓰시오.,온화한 품성과 소박한 생활,소박,,素朴,素朴,
3급II,70,2015-08-22,108,yui_W,다음 漢字와 비슷한 뜻을 가진 漢字[正字]를 (     ) 안에 써넣어 문장에 적합한 漢字語가 되게 하시오.,정부는 광복절 (    )祝 행사를 가졌다.,( )祝,,慶,慶,
3급II,70,2015-08-22,109,yui_W,다음 漢字와 비슷한 뜻을 가진 漢字[正字]를 (     ) 안에 써넣어 문장에 적합한 漢字語가 되게 하시오.,산업화가 되면서 孤(      )하게 살아가는 사람들이 많아졌다.,孤( ),,獨,獨,
3급II,70,2015-08-22,110,yui_W,다음 漢字와 비슷한 뜻을 가진 漢字[正字]를 (     ) 안에 써넣어 문장에 적합한 漢字語가 되게 하시오.,영화를 극장에서 (    )覽하다.,( )覽,,觀,觀,
3급II,70,2015-08-22,111,yui_W,다음 漢字와 비슷한 뜻을 가진 漢字[正字]를 (     ) 안에 써넣어 문장에 적합한 漢字語가 되게 하시오.,그의 잘못된 태도에 憤(     )가 치밀었다.,憤( ),,怒,怒,
3급II,70,2015-08-22,112,yui_W,다음 漢字와 비슷한 뜻을 가진 漢字[正字]를 (     ) 안에 써넣어 문장에 적합한 漢字語가 되게 하시오.,합리적인 租(    ) 정책으로 국민들이 신뢰하다.,租( ),,稅,稅,
3급II,70,2015-08-22,113,banui_W,다음 漢字와 뜻이 反對 또는 相對되는 漢字[正字]를 써서 漢字語를 완성하시오.,큰 재난이 있은 후에 京(        ) 각지에서 성금이 도착했다.,京( ),,鄕,鄕,
3급II,70,2015-08-22,114,banui_W,다음 漢字와 뜻이 反對 또는 相對되는 漢字[正字]를 써서 漢字語를 완성하시오.,일의 功(    )를 따져 상과 벌을 주다.,功( ),,過,過,
3급II,70,2015-08-22,115,banui_W,다음 漢字와 뜻이 反對 또는 相對되는 漢字[正字]를 써서 漢字語를 완성하시오.,그녀는 감정의 (    )伏이 심했다.,( )伏,,起,起,
3급II,70,2015-08-22,116,banui_W,다음 漢字와 뜻이 反對 또는 相對되는 漢字[正字]를 써서 漢字語를 완성하시오.,경기에서 자기 팀 선수 사이에 ( )吸이 맞아야 한다.,( )吸,,呼,呼,
3급II,70,2015-08-22,117,banui_W,다음 漢字와 뜻이 反對 또는 相對되는 漢字[正字]를 써서 漢字語를 완성하시오.,법정에서 (    )非가 가려졌다.,( )非,,是,是,
3급II,70,2015-08-22,118,banuieo_W,다음 漢字語의 反對語 또는 相對語를 2음절로 된 漢字[正字]로 쓰시오.,好轉 ↔ (   ),好轉 ↔ ( ),,惡化,惡化,
3급II,70,2015-08-22,119,banuieo_W,다음 漢字語의 反對語 또는 相對語를 2음절로 된 漢字[正字]로 쓰시오.,白晝 ↔ (   ),白晝 ↔ ( ),,深夜,深夜,
3급II,70,2015-08-22,120,banuieo_W,다음 漢字語의 反對語 또는 相對語를 2음절로 된 漢字[正字]로 쓰시오.,精神 ↔ (   ),精神 ↔ ( ),,物質,物質,
3급II,70,2015-08-22,121,banuieo_W,다음 漢字語의 反對語 또는 相對語를 2음절로 된 漢字[正字]로 쓰시오.,減退 ↔ (   ),減退 ↔ ( ),,增進,增進,
3급II,70,2015-08-22,122,banuieo_W,다음 漢字語의 反對語 또는 相對語를 2음절로 된 漢字[正字]로 쓰시오.,支出 ↔ (   ),支出 ↔ ( ),,收入,收入,
3급II,70,2015-08-22,123,dongeumeo_W,"다음 漢字語의 同音異義語(음은 같되 뜻은 다른 말)를 漢字[正字]로 쓰되, 제시된 뜻에 맞는 것으로 하시오.",(渡河) - 서울 지방. 또는 서울 안.,(渡河),,都下,都下,
3급II,70,2015-08-22,124,dongeumeo_W,"다음 漢字語의 同音異義語(음은 같되 뜻은 다른 말)를 漢字[正字]로 쓰되, 제시된 뜻에 맞는 것으로 하시오.",(每期) - 상품을 사려는 분위기.,(每期),,買氣,買氣,
3급II,70,2015-08-22,125,dongeumeo_W,"다음 漢字語의 同音異義語(음은 같되 뜻은 다른 말)를 漢字[正字]로 쓰되, 제시된 뜻에 맞는 것으로 하시오.",(無信) - 무관인 신하.,(無信),,武臣,武臣,
3급II,70,2015-08-22,126,dongeumeo_W,"다음 漢字語의 同音異義語(음은 같되 뜻은 다른 말)를 漢字[正字]로 쓰되, 제시된 뜻에 맞는 것으로 하시오.",(架設) - 어떤 사실을 설명하기 위하여 설정한 가정.,(架設),,假說,假說,
3급II,70,2015-08-22,127,dongeumeo_W,"다음 漢字語의 同音異義語(음은 같되 뜻은 다른 말)를 漢字[正字]로 쓰되, 제시된 뜻에 맞는 것으로 하시오.",(私製) - 스승과 제자.,(私製),,師弟,師弟,
3급II,70,2015-08-22,128,seongeo_W,다음 (   ) 안에 알맞은 漢字[正字]를 써넣어 四字成語를 완성하시오.,(    )世濟民 : 세상을 다스리고 백성을 구함.,( )世濟民,,經,經,
3급II,70,2015-08-22,129,seongeo_W,다음 (   ) 안에 알맞은 漢字[正字]를 써넣어 四字成語를 완성하시오.,(    )攻不落 : 공격하기 어려워 좀처럼 함락되지 아니함.,( )攻不落,,難,難,
3급II,70,2015-08-22,130,seongeo_W,다음 (   ) 안에 알맞은 漢字[正字]를 써넣어 四字成語를 완성하시오.,東奔西(    ) : 사방 이리저리 바삐 돌아다님.,東奔西( ),,走,走,
3급II,70,2015-08-22,131,seongeo_W,다음 (   ) 안에 알맞은 漢字[正字]를 써넣어 四字成語를 완성하시오.,面從腹(    ) : 겉으로는 복종하면서 속으로 배반함.,面從腹( ),,背,背,
3급II,70,2015-08-22,132,seongeo_W,다음 (   ) 안에 알맞은 漢字[正字]를 써넣어 四字成語를 완성하시오.,結者( )之 : 일을 만든 사람이 일을 해결해야 한다는 뜻.,結者( )之,,解,解,
3급II,70,2015-08-22,133,seongeo_W,다음 (   ) 안에 알맞은 漢字[正字]를 써넣어 四字成語를 완성하시오.,克己( )禮 : 자기의 사욕을 극복하고 예를 회복함.,克己( )禮,,復,復,
3급II,70,2015-08-22,134,seongeo_W,다음 (   ) 안에 알맞은 漢字[正字]를 써넣어 四字成語를 완성하시오.,我田( )水 : 제 논에 물대기와 같은 말로 자기에게 이로운 대로 말함.,我田( )水,,引,引,
3급II,70,2015-08-22,135,seongeo_W,다음 (   ) 안에 알맞은 漢字[正字]를 써넣어 四字成語를 완성하시오.,一(    )兩得 : 한 가지 일로써 두 가지 이득을 얻음.,一( )兩得,,擧,擧,
3급II,70,2015-08-22,136,seongeo_W,다음 (   ) 안에 알맞은 漢字[正字]를 써넣어 四字成語를 완성하시오.,忠言( )耳 : 바르게 타이르는 말일수록 듣기 싫어함.,忠言( )耳,,逆,逆,
3급II,70,2015-08-22,137,seongeo_W,다음 (   ) 안에 알맞은 漢字[正字]를 써넣어 四字成語를 완성하시오.,興亡( )衰 : 흥하고 망하고 성하고 쇠하는 일.,興亡( )衰,,盛,盛,
3급II,70,2015-08-22,138,busu_W,다음 漢字의 部首를 쓰시오.,魂,魂,,鬼,鬼,
3급II,70,2015-08-22,139,busu_W,다음 漢字의 部首를 쓰시오.,脅,脅,,月(肉),月(肉),
3급II,70,2015-08-22,140,busu_W,다음 漢字의 部首를 쓰시오.,衝,衝,,行,行,
3급II,70,2015-08-22,141,busu_W,다음 漢字의 部首를 쓰시오.,井,井,,二,二,
3급II,70,2015-08-22,142,busu_W,다음 漢字의 部首를 쓰시오.,雙,雙,,隹,隹,
3급II,70,2015-08-22,143,yakja_W,다음 漢字의 略字를 쓰시오.,黨,黨,,党,党,
3급II,70,2015-08-22,144,yakja_W,다음 漢字의 略字를 쓰시오.,處,處,,処,処,
3급II,70,2015-08-22,145,yakja_W,다음 漢字의 略字를 쓰시오.,爲,爲,,為,為,
3급II,70,2015-08-22,146,mean_W,다음 漢字語의 뜻을 쓰시오.,墨香,墨香,,먹의 향기,먹의 향기,
3급II,70,2015-08-22,147,mean_W,다음 漢字語의 뜻을 쓰시오.,浮雲,浮雲,,뜬구름,뜬구름,
3급II,70,2015-08-22,148,mean_W,다음 漢字語의 뜻을 쓰시오.,旅愁,旅愁,,나그네의 근심,나그네의 근심,
3급II,70,2015-08-22,149,mean_W,다음 漢字語의 뜻을 쓰시오.,炎天,炎天,,몹시 더운 날씨,몹시 더운 날씨,
3급II,70,2015-08-22,150,mean_W,다음 漢字語의 뜻을 쓰시오.,前兆,前兆,,미리 나타나는 조짐,미리 나타나는 조짐,
3급II,71,2015-11-28,1,hanjaeo_W,"다음 밑줄 친 漢字語 중 漢字로 표기된 것은 讀音을, 한글로 표기된 것은 漢字로 쓰시오.","의과 대학이나 큰 종합 병원을 들어설 때 우리는 히포크라테스의 胸像과 ‘히포크라테스 憲章’을 자주 대한다. 그리스 의학자 히포크라테스(Hippocrates, BC 약 460~375)는 당시까지만 해도 인간의 질병을 마법이나 미신으로 해결하려는 것에 反對하여 臨床의 관찰과 經驗을 중시하는 ‘의학의 아버지’였다. 그는 그리스 각지를 여행하여 資料를 수집하고 의학을 연구했다. 그에 이르러서야 비로소 의학이 하나의 학문적 형태를 띠게 되었다. 병은 체내의 血液, 점액, 담즙, 흑담즙의 네 가지 체액 사이에 조화가 깨져서 일어난다는 체액설은 유명하며 이것에 基礎하여 나온 갈레노스(Galenos)의 기질 分類는 예로부터 一般적으로 받아들여지고 있다. 그의 의학 이론은 그 후 이슬람 세계와 유럽에 퍼져 근대 의학이 등장하기까지 오랫동안 그 지위를 지켜왔다. 그가 ‘의학의 아버지’라고 불리는 것은 당연한 일이다. 그는 의학의 과학화에 앞장섰을 뿐 아니라, 환자에 대한 의사의 윤리에 대해서도 후세의 의사들에게 模範을 제시했다. 의사가 환자의 입장에서 최선을 다할 것을 마음속에 되새기게 하는 ‘히포크라테스 헌장’ 亦是 그의 위대한 業績 중 하나이다. 그는 이 헌장을 통해서 그의 제자들에게 의사로서의 윤리뿐 아니라, 하나의 專門 지식으로써 의술을 부지런히 익힐 것을 당부하고 있다. “인생은 짧고 예술은 길다.” 바로 이 ‘히포크라테스 헌장’에 나오는 말이다. 여기서 ‘예술’이라는 말은 손으로 익히는 전문적인 기술, 보다 正確히 말하면 ‘의술’을 뜻한다. 의술을 배우는 것을 결코 쉬운 일이 아니다. 게으름을 부리면 세월이 금방 흘러간다. “소년이여, 늙기는 쉬워도 배우기는 어렵다.”는 中國의 유학자 주자의 유명한 말과 비슷한 뜻이다. 그런데 오늘날 이 말이 原來 뜻과는 무관하게 애용되고 있음을 본다. 학문과 예술은 그 生命력이 영원하지만, 인간은 죽으면 잊혀진다는 것이다. 그래서 후세에 남겨줄 훌륭한 업적을 쌓으라고 해석하는 境遇도 있다. 이러한 해석도 그럴듯하기는 하지만, 히포크라테스의 원래의 意圖와는 거리가 멀다.",의과,,醫科,醫科,
3급II,71,2015-11-28,2,hanjaeo_W,"다음 밑줄 친 漢字語 중 漢字로 표기된 것은 讀音을, 한글로 표기된 것은 漢字로 쓰시오.","의과 대학이나 큰 종합 병원을 들어설 때 우리는 히포크라테스의 胸像과 ‘히포크라테스 憲章’을 자주 대한다. 그리스 의학자 히포크라테스(Hippocrates, BC 약 460~375)는 당시까지만 해도 인간의 질병을 마법이나 미신으로 해결하려는 것에 反對하여 臨床의 관찰과 經驗을 중시하는 ‘의학의 아버지’였다. 그는 그리스 각지를 여행하여 資料를 수집하고 의학을 연구했다. 그에 이르러서야 비로소 의학이 하나의 학문적 형태를 띠게 되었다. 병은 체내의 血液, 점액, 담즙, 흑담즙의 네 가지 체액 사이에 조화가 깨져서 일어난다는 체액설은 유명하며 이것에 基礎하여 나온 갈레노스(Galenos)의 기질 分類는 예로부터 一般적으로 받아들여지고 있다. 그의 의학 이론은 그 후 이슬람 세계와 유럽에 퍼져 근대 의학이 등장하기까지 오랫동안 그 지위를 지켜왔다. 그가 ‘의학의 아버지’라고 불리는 것은 당연한 일이다. 그는 의학의 과학화에 앞장섰을 뿐 아니라, 환자에 대한 의사의 윤리에 대해서도 후세의 의사들에게 模範을 제시했다. 의사가 환자의 입장에서 최선을 다할 것을 마음속에 되새기게 하는 ‘히포크라테스 헌장’ 亦是 그의 위대한 業績 중 하나이다. 그는 이 헌장을 통해서 그의 제자들에게 의사로서의 윤리뿐 아니라, 하나의 專門 지식으로써 의술을 부지런히 익힐 것을 당부하고 있다. “인생은 짧고 예술은 길다.” 바로 이 ‘히포크라테스 헌장’에 나오는 말이다. 여기서 ‘예술’이라는 말은 손으로 익히는 전문적인 기술, 보다 正確히 말하면 ‘의술’을 뜻한다. 의술을 배우는 것을 결코 쉬운 일이 아니다. 게으름을 부리면 세월이 금방 흘러간다. “소년이여, 늙기는 쉬워도 배우기는 어렵다.”는 中國의 유학자 주자의 유명한 말과 비슷한 뜻이다. 그런데 오늘날 이 말이 原來 뜻과는 무관하게 애용되고 있음을 본다. 학문과 예술은 그 生命력이 영원하지만, 인간은 죽으면 잊혀진다는 것이다. 그래서 후세에 남겨줄 훌륭한 업적을 쌓으라고 해석하는 境遇도 있다. 이러한 해석도 그럴듯하기는 하지만, 히포크라테스의 원래의 意圖와는 거리가 멀다.",대학,,大學,大學,
3급II,71,2015-11-28,3,hanjaeo_W,"다음 밑줄 친 漢字語 중 漢字로 표기된 것은 讀音을, 한글로 표기된 것은 漢字로 쓰시오.","의과 대학이나 큰 종합 병원을 들어설 때 우리는 히포크라테스의 胸像과 ‘히포크라테스 憲章’을 자주 대한다. 그리스 의학자 히포크라테스(Hippocrates, BC 약 460~375)는 당시까지만 해도 인간의 질병을 마법이나 미신으로 해결하려는 것에 反對하여 臨床의 관찰과 經驗을 중시하는 ‘의학의 아버지’였다. 그는 그리스 각지를 여행하여 資料를 수집하고 의학을 연구했다. 그에 이르러서야 비로소 의학이 하나의 학문적 형태를 띠게 되었다. 병은 체내의 血液, 점액, 담즙, 흑담즙의 네 가지 체액 사이에 조화가 깨져서 일어난다는 체액설은 유명하며 이것에 基礎하여 나온 갈레노스(Galenos)의 기질 分類는 예로부터 一般적으로 받아들여지고 있다. 그의 의학 이론은 그 후 이슬람 세계와 유럽에 퍼져 근대 의학이 등장하기까지 오랫동안 그 지위를 지켜왔다. 그가 ‘의학의 아버지’라고 불리는 것은 당연한 일이다. 그는 의학의 과학화에 앞장섰을 뿐 아니라, 환자에 대한 의사의 윤리에 대해서도 후세의 의사들에게 模範을 제시했다. 의사가 환자의 입장에서 최선을 다할 것을 마음속에 되새기게 하는 ‘히포크라테스 헌장’ 亦是 그의 위대한 業績 중 하나이다. 그는 이 헌장을 통해서 그의 제자들에게 의사로서의 윤리뿐 아니라, 하나의 專門 지식으로써 의술을 부지런히 익힐 것을 당부하고 있다. “인생은 짧고 예술은 길다.” 바로 이 ‘히포크라테스 헌장’에 나오는 말이다. 여기서 ‘예술’이라는 말은 손으로 익히는 전문적인 기술, 보다 正確히 말하면 ‘의술’을 뜻한다. 의술을 배우는 것을 결코 쉬운 일이 아니다. 게으름을 부리면 세월이 금방 흘러간다. “소년이여, 늙기는 쉬워도 배우기는 어렵다.”는 中國의 유학자 주자의 유명한 말과 비슷한 뜻이다. 그런데 오늘날 이 말이 原來 뜻과는 무관하게 애용되고 있음을 본다. 학문과 예술은 그 生命력이 영원하지만, 인간은 죽으면 잊혀진다는 것이다. 그래서 후세에 남겨줄 훌륭한 업적을 쌓으라고 해석하는 境遇도 있다. 이러한 해석도 그럴듯하기는 하지만, 히포크라테스의 원래의 意圖와는 거리가 멀다.",병원,,病院,病院,
3급II,71,2015-11-28,4,dokeum_W,"다음 밑줄 친 漢字語 중 漢字로 표기된 것은 讀音을, 한글로 표기된 것은 漢字로 쓰시오.","의과 대학이나 큰 종합 병원을 들어설 때 우리는 히포크라테스의 胸像과 ‘히포크라테스 憲章’을 자주 대한다. 그리스 의학자 히포크라테스(Hippocrates, BC 약 460~375)는 당시까지만 해도 인간의 질병을 마법이나 미신으로 해결하려는 것에 反對하여 臨床의 관찰과 經驗을 중시하는 ‘의학의 아버지’였다. 그는 그리스 각지를 여행하여 資料를 수집하고 의학을 연구했다. 그에 이르러서야 비로소 의학이 하나의 학문적 형태를 띠게 되었다. 병은 체내의 血液, 점액, 담즙, 흑담즙의 네 가지 체액 사이에 조화가 깨져서 일어난다는 체액설은 유명하며 이것에 基礎하여 나온 갈레노스(Galenos)의 기질 分類는 예로부터 一般적으로 받아들여지고 있다. 그의 의학 이론은 그 후 이슬람 세계와 유럽에 퍼져 근대 의학이 등장하기까지 오랫동안 그 지위를 지켜왔다. 그가 ‘의학의 아버지’라고 불리는 것은 당연한 일이다. 그는 의학의 과학화에 앞장섰을 뿐 아니라, 환자에 대한 의사의 윤리에 대해서도 후세의 의사들에게 模範을 제시했다. 의사가 환자의 입장에서 최선을 다할 것을 마음속에 되새기게 하는 ‘히포크라테스 헌장’ 亦是 그의 위대한 業績 중 하나이다. 그는 이 헌장을 통해서 그의 제자들에게 의사로서의 윤리뿐 아니라, 하나의 專門 지식으로써 의술을 부지런히 익힐 것을 당부하고 있다. “인생은 짧고 예술은 길다.” 바로 이 ‘히포크라테스 헌장’에 나오는 말이다. 여기서 ‘예술’이라는 말은 손으로 익히는 전문적인 기술, 보다 正確히 말하면 ‘의술’을 뜻한다. 의술을 배우는 것을 결코 쉬운 일이 아니다. 게으름을 부리면 세월이 금방 흘러간다. “소년이여, 늙기는 쉬워도 배우기는 어렵다.”는 中國의 유학자 주자의 유명한 말과 비슷한 뜻이다. 그런데 오늘날 이 말이 原來 뜻과는 무관하게 애용되고 있음을 본다. 학문과 예술은 그 生命력이 영원하지만, 인간은 죽으면 잊혀진다는 것이다. 그래서 후세에 남겨줄 훌륭한 업적을 쌓으라고 해석하는 境遇도 있다. 이러한 해석도 그럴듯하기는 하지만, 히포크라테스의 원래의 意圖와는 거리가 멀다.",胸像,,흉상,흉상,
3급II,71,2015-11-28,5,dokeum_W,"다음 밑줄 친 漢字語 중 漢字로 표기된 것은 讀音을, 한글로 표기된 것은 漢字로 쓰시오.","의과 대학이나 큰 종합 병원을 들어설 때 우리는 히포크라테스의 胸像과 ‘히포크라테스 憲章’을 자주 대한다. 그리스 의학자 히포크라테스(Hippocrates, BC 약 460~375)는 당시까지만 해도 인간의 질병을 마법이나 미신으로 해결하려는 것에 反對하여 臨床의 관찰과 經驗을 중시하는 ‘의학의 아버지’였다. 그는 그리스 각지를 여행하여 資料를 수집하고 의학을 연구했다. 그에 이르러서야 비로소 의학이 하나의 학문적 형태를 띠게 되었다. 병은 체내의 血液, 점액, 담즙, 흑담즙의 네 가지 체액 사이에 조화가 깨져서 일어난다는 체액설은 유명하며 이것에 基礎하여 나온 갈레노스(Galenos)의 기질 分類는 예로부터 一般적으로 받아들여지고 있다. 그의 의학 이론은 그 후 이슬람 세계와 유럽에 퍼져 근대 의학이 등장하기까지 오랫동안 그 지위를 지켜왔다. 그가 ‘의학의 아버지’라고 불리는 것은 당연한 일이다. 그는 의학의 과학화에 앞장섰을 뿐 아니라, 환자에 대한 의사의 윤리에 대해서도 후세의 의사들에게 模範을 제시했다. 의사가 환자의 입장에서 최선을 다할 것을 마음속에 되새기게 하는 ‘히포크라테스 헌장’ 亦是 그의 위대한 業績 중 하나이다. 그는 이 헌장을 통해서 그의 제자들에게 의사로서의 윤리뿐 아니라, 하나의 專門 지식으로써 의술을 부지런히 익힐 것을 당부하고 있다. “인생은 짧고 예술은 길다.” 바로 이 ‘히포크라테스 헌장’에 나오는 말이다. 여기서 ‘예술’이라는 말은 손으로 익히는 전문적인 기술, 보다 正確히 말하면 ‘의술’을 뜻한다. 의술을 배우는 것을 결코 쉬운 일이 아니다. 게으름을 부리면 세월이 금방 흘러간다. “소년이여, 늙기는 쉬워도 배우기는 어렵다.”는 中國의 유학자 주자의 유명한 말과 비슷한 뜻이다. 그런데 오늘날 이 말이 原來 뜻과는 무관하게 애용되고 있음을 본다. 학문과 예술은 그 生命력이 영원하지만, 인간은 죽으면 잊혀진다는 것이다. 그래서 후세에 남겨줄 훌륭한 업적을 쌓으라고 해석하는 境遇도 있다. 이러한 해석도 그럴듯하기는 하지만, 히포크라테스의 원래의 意圖와는 거리가 멀다.",憲章,,헌장,헌장,
3급II,71,2015-11-28,6,hanjaeo_W,"다음 밑줄 친 漢字語 중 漢字로 표기된 것은 讀音을, 한글로 표기된 것은 漢字로 쓰시오.","의과 대학이나 큰 종합 병원을 들어설 때 우리는 히포크라테스의 胸像과 ‘히포크라테스 憲章’을 자주 대한다. 그리스 의학자 히포크라테스(Hippocrates, BC 약 460~375)는 당시까지만 해도 인간의 질병을 마법이나 미신으로 해결하려는 것에 反對하여 臨床의 관찰과 經驗을 중시하는 ‘의학의 아버지’였다. 그는 그리스 각지를 여행하여 資料를 수집하고 의학을 연구했다. 그에 이르러서야 비로소 의학이 하나의 학문적 형태를 띠게 되었다. 병은 체내의 血液, 점액, 담즙, 흑담즙의 네 가지 체액 사이에 조화가 깨져서 일어난다는 체액설은 유명하며 이것에 基礎하여 나온 갈레노스(Galenos)의 기질 分類는 예로부터 一般적으로 받아들여지고 있다. 그의 의학 이론은 그 후 이슬람 세계와 유럽에 퍼져 근대 의학이 등장하기까지 오랫동안 그 지위를 지켜왔다. 그가 ‘의학의 아버지’라고 불리는 것은 당연한 일이다. 그는 의학의 과학화에 앞장섰을 뿐 아니라, 환자에 대한 의사의 윤리에 대해서도 후세의 의사들에게 模範을 제시했다. 의사가 환자의 입장에서 최선을 다할 것을 마음속에 되새기게 하는 ‘히포크라테스 헌장’ 亦是 그의 위대한 業績 중 하나이다. 그는 이 헌장을 통해서 그의 제자들에게 의사로서의 윤리뿐 아니라, 하나의 專門 지식으로써 의술을 부지런히 익힐 것을 당부하고 있다. “인생은 짧고 예술은 길다.” 바로 이 ‘히포크라테스 헌장’에 나오는 말이다. 여기서 ‘예술’이라는 말은 손으로 익히는 전문적인 기술, 보다 正確히 말하면 ‘의술’을 뜻한다. 의술을 배우는 것을 결코 쉬운 일이 아니다. 게으름을 부리면 세월이 금방 흘러간다. “소년이여, 늙기는 쉬워도 배우기는 어렵다.”는 中國의 유학자 주자의 유명한 말과 비슷한 뜻이다. 그런데 오늘날 이 말이 原來 뜻과는 무관하게 애용되고 있음을 본다. 학문과 예술은 그 生命력이 영원하지만, 인간은 죽으면 잊혀진다는 것이다. 그래서 후세에 남겨줄 훌륭한 업적을 쌓으라고 해석하는 境遇도 있다. 이러한 해석도 그럴듯하기는 하지만, 히포크라테스의 원래의 意圖와는 거리가 멀다.",당시,,當時,當時,
3급II,71,2015-11-28,7,hanjaeo_W,"다음 밑줄 친 漢字語 중 漢字로 표기된 것은 讀音을, 한글로 표기된 것은 漢字로 쓰시오.","의과 대학이나 큰 종합 병원을 들어설 때 우리는 히포크라테스의 胸像과 ‘히포크라테스 憲章’을 자주 대한다. 그리스 의학자 히포크라테스(Hippocrates, BC 약 460~375)는 당시까지만 해도 인간의 질병을 마법이나 미신으로 해결하려는 것에 反對하여 臨床의 관찰과 經驗을 중시하는 ‘의학의 아버지’였다. 그는 그리스 각지를 여행하여 資料를 수집하고 의학을 연구했다. 그에 이르러서야 비로소 의학이 하나의 학문적 형태를 띠게 되었다. 병은 체내의 血液, 점액, 담즙, 흑담즙의 네 가지 체액 사이에 조화가 깨져서 일어난다는 체액설은 유명하며 이것에 基礎하여 나온 갈레노스(Galenos)의 기질 分類는 예로부터 一般적으로 받아들여지고 있다. 그의 의학 이론은 그 후 이슬람 세계와 유럽에 퍼져 근대 의학이 등장하기까지 오랫동안 그 지위를 지켜왔다. 그가 ‘의학의 아버지’라고 불리는 것은 당연한 일이다. 그는 의학의 과학화에 앞장섰을 뿐 아니라, 환자에 대한 의사의 윤리에 대해서도 후세의 의사들에게 模範을 제시했다. 의사가 환자의 입장에서 최선을 다할 것을 마음속에 되새기게 하는 ‘히포크라테스 헌장’ 亦是 그의 위대한 業績 중 하나이다. 그는 이 헌장을 통해서 그의 제자들에게 의사로서의 윤리뿐 아니라, 하나의 專門 지식으로써 의술을 부지런히 익힐 것을 당부하고 있다. “인생은 짧고 예술은 길다.” 바로 이 ‘히포크라테스 헌장’에 나오는 말이다. 여기서 ‘예술’이라는 말은 손으로 익히는 전문적인 기술, 보다 正確히 말하면 ‘의술’을 뜻한다. 의술을 배우는 것을 결코 쉬운 일이 아니다. 게으름을 부리면 세월이 금방 흘러간다. “소년이여, 늙기는 쉬워도 배우기는 어렵다.”는 中國의 유학자 주자의 유명한 말과 비슷한 뜻이다. 그런데 오늘날 이 말이 原來 뜻과는 무관하게 애용되고 있음을 본다. 학문과 예술은 그 生命력이 영원하지만, 인간은 죽으면 잊혀진다는 것이다. 그래서 후세에 남겨줄 훌륭한 업적을 쌓으라고 해석하는 境遇도 있다. 이러한 해석도 그럴듯하기는 하지만, 히포크라테스의 원래의 意圖와는 거리가 멀다.",인간,,人間,人間,
3급II,71,2015-11-28,8,hanjaeo_W,"다음 밑줄 친 漢字語 중 漢字로 표기된 것은 讀音을, 한글로 표기된 것은 漢字로 쓰시오.","의과 대학이나 큰 종합 병원을 들어설 때 우리는 히포크라테스의 胸像과 ‘히포크라테스 憲章’을 자주 대한다. 그리스 의학자 히포크라테스(Hippocrates, BC 약 460~375)는 당시까지만 해도 인간의 질병을 마법이나 미신으로 해결하려는 것에 反對하여 臨床의 관찰과 經驗을 중시하는 ‘의학의 아버지’였다. 그는 그리스 각지를 여행하여 資料를 수집하고 의학을 연구했다. 그에 이르러서야 비로소 의학이 하나의 학문적 형태를 띠게 되었다. 병은 체내의 血液, 점액, 담즙, 흑담즙의 네 가지 체액 사이에 조화가 깨져서 일어난다는 체액설은 유명하며 이것에 基礎하여 나온 갈레노스(Galenos)의 기질 分類는 예로부터 一般적으로 받아들여지고 있다. 그의 의학 이론은 그 후 이슬람 세계와 유럽에 퍼져 근대 의학이 등장하기까지 오랫동안 그 지위를 지켜왔다. 그가 ‘의학의 아버지’라고 불리는 것은 당연한 일이다. 그는 의학의 과학화에 앞장섰을 뿐 아니라, 환자에 대한 의사의 윤리에 대해서도 후세의 의사들에게 模範을 제시했다. 의사가 환자의 입장에서 최선을 다할 것을 마음속에 되새기게 하는 ‘히포크라테스 헌장’ 亦是 그의 위대한 業績 중 하나이다. 그는 이 헌장을 통해서 그의 제자들에게 의사로서의 윤리뿐 아니라, 하나의 專門 지식으로써 의술을 부지런히 익힐 것을 당부하고 있다. “인생은 짧고 예술은 길다.” 바로 이 ‘히포크라테스 헌장’에 나오는 말이다. 여기서 ‘예술’이라는 말은 손으로 익히는 전문적인 기술, 보다 正確히 말하면 ‘의술’을 뜻한다. 의술을 배우는 것을 결코 쉬운 일이 아니다. 게으름을 부리면 세월이 금방 흘러간다. “소년이여, 늙기는 쉬워도 배우기는 어렵다.”는 中國의 유학자 주자의 유명한 말과 비슷한 뜻이다. 그런데 오늘날 이 말이 原來 뜻과는 무관하게 애용되고 있음을 본다. 학문과 예술은 그 生命력이 영원하지만, 인간은 죽으면 잊혀진다는 것이다. 그래서 후세에 남겨줄 훌륭한 업적을 쌓으라고 해석하는 境遇도 있다. 이러한 해석도 그럴듯하기는 하지만, 히포크라테스의 원래의 意圖와는 거리가 멀다.",해결,,解決,解決,
3급II,71,2015-11-28,9,dokeum_W,"다음 밑줄 친 漢字語 중 漢字로 표기된 것은 讀音을, 한글로 표기된 것은 漢字로 쓰시오.","의과 대학이나 큰 종합 병원을 들어설 때 우리는 히포크라테스의 胸像과 ‘히포크라테스 憲章’을 자주 대한다. 그리스 의학자 히포크라테스(Hippocrates, BC 약 460~375)는 당시까지만 해도 인간의 질병을 마법이나 미신으로 해결하려는 것에 反對하여 臨床의 관찰과 經驗을 중시하는 ‘의학의 아버지’였다. 그는 그리스 각지를 여행하여 資料를 수집하고 의학을 연구했다. 그에 이르러서야 비로소 의학이 하나의 학문적 형태를 띠게 되었다. 병은 체내의 血液, 점액, 담즙, 흑담즙의 네 가지 체액 사이에 조화가 깨져서 일어난다는 체액설은 유명하며 이것에 基礎하여 나온 갈레노스(Galenos)의 기질 分類는 예로부터 一般적으로 받아들여지고 있다. 그의 의학 이론은 그 후 이슬람 세계와 유럽에 퍼져 근대 의학이 등장하기까지 오랫동안 그 지위를 지켜왔다. 그가 ‘의학의 아버지’라고 불리는 것은 당연한 일이다. 그는 의학의 과학화에 앞장섰을 뿐 아니라, 환자에 대한 의사의 윤리에 대해서도 후세의 의사들에게 模範을 제시했다. 의사가 환자의 입장에서 최선을 다할 것을 마음속에 되새기게 하는 ‘히포크라테스 헌장’ 亦是 그의 위대한 業績 중 하나이다. 그는 이 헌장을 통해서 그의 제자들에게 의사로서의 윤리뿐 아니라, 하나의 專門 지식으로써 의술을 부지런히 익힐 것을 당부하고 있다. “인생은 짧고 예술은 길다.” 바로 이 ‘히포크라테스 헌장’에 나오는 말이다. 여기서 ‘예술’이라는 말은 손으로 익히는 전문적인 기술, 보다 正確히 말하면 ‘의술’을 뜻한다. 의술을 배우는 것을 결코 쉬운 일이 아니다. 게으름을 부리면 세월이 금방 흘러간다. “소년이여, 늙기는 쉬워도 배우기는 어렵다.”는 中國의 유학자 주자의 유명한 말과 비슷한 뜻이다. 그런데 오늘날 이 말이 原來 뜻과는 무관하게 애용되고 있음을 본다. 학문과 예술은 그 生命력이 영원하지만, 인간은 죽으면 잊혀진다는 것이다. 그래서 후세에 남겨줄 훌륭한 업적을 쌓으라고 해석하는 境遇도 있다. 이러한 해석도 그럴듯하기는 하지만, 히포크라테스의 원래의 意圖와는 거리가 멀다.",反對,,반대,반대,
3급II,71,2015-11-28,10,dokeum_W,"다음 밑줄 친 漢字語 중 漢字로 표기된 것은 讀音을, 한글로 표기된 것은 漢字로 쓰시오.","의과 대학이나 큰 종합 병원을 들어설 때 우리는 히포크라테스의 胸像과 ‘히포크라테스 憲章’을 자주 대한다. 그리스 의학자 히포크라테스(Hippocrates, BC 약 460~375)는 당시까지만 해도 인간의 질병을 마법이나 미신으로 해결하려는 것에 反對하여 臨床의 관찰과 經驗을 중시하는 ‘의학의 아버지’였다. 그는 그리스 각지를 여행하여 資料를 수집하고 의학을 연구했다. 그에 이르러서야 비로소 의학이 하나의 학문적 형태를 띠게 되었다. 병은 체내의 血液, 점액, 담즙, 흑담즙의 네 가지 체액 사이에 조화가 깨져서 일어난다는 체액설은 유명하며 이것에 基礎하여 나온 갈레노스(Galenos)의 기질 分類는 예로부터 一般적으로 받아들여지고 있다. 그의 의학 이론은 그 후 이슬람 세계와 유럽에 퍼져 근대 의학이 등장하기까지 오랫동안 그 지위를 지켜왔다. 그가 ‘의학의 아버지’라고 불리는 것은 당연한 일이다. 그는 의학의 과학화에 앞장섰을 뿐 아니라, 환자에 대한 의사의 윤리에 대해서도 후세의 의사들에게 模範을 제시했다. 의사가 환자의 입장에서 최선을 다할 것을 마음속에 되새기게 하는 ‘히포크라테스 헌장’ 亦是 그의 위대한 業績 중 하나이다. 그는 이 헌장을 통해서 그의 제자들에게 의사로서의 윤리뿐 아니라, 하나의 專門 지식으로써 의술을 부지런히 익힐 것을 당부하고 있다. “인생은 짧고 예술은 길다.” 바로 이 ‘히포크라테스 헌장’에 나오는 말이다. 여기서 ‘예술’이라는 말은 손으로 익히는 전문적인 기술, 보다 正確히 말하면 ‘의술’을 뜻한다. 의술을 배우는 것을 결코 쉬운 일이 아니다. 게으름을 부리면 세월이 금방 흘러간다. “소년이여, 늙기는 쉬워도 배우기는 어렵다.”는 中國의 유학자 주자의 유명한 말과 비슷한 뜻이다. 그런데 오늘날 이 말이 原來 뜻과는 무관하게 애용되고 있음을 본다. 학문과 예술은 그 生命력이 영원하지만, 인간은 죽으면 잊혀진다는 것이다. 그래서 후세에 남겨줄 훌륭한 업적을 쌓으라고 해석하는 境遇도 있다. 이러한 해석도 그럴듯하기는 하지만, 히포크라테스의 원래의 意圖와는 거리가 멀다.",臨床,,임상,임상,
3급II,71,2015-11-28,11,hanjaeo_W,"다음 밑줄 친 漢字語 중 漢字로 표기된 것은 讀音을, 한글로 표기된 것은 漢字로 쓰시오.","의과 대학이나 큰 종합 병원을 들어설 때 우리는 히포크라테스의 胸像과 ‘히포크라테스 憲章’을 자주 대한다. 그리스 의학자 히포크라테스(Hippocrates, BC 약 460~375)는 당시까지만 해도 인간의 질병을 마법이나 미신으로 해결하려는 것에 反對하여 臨床의 관찰과 經驗을 중시하는 ‘의학의 아버지’였다. 그는 그리스 각지를 여행하여 資料를 수집하고 의학을 연구했다. 그에 이르러서야 비로소 의학이 하나의 학문적 형태를 띠게 되었다. 병은 체내의 血液, 점액, 담즙, 흑담즙의 네 가지 체액 사이에 조화가 깨져서 일어난다는 체액설은 유명하며 이것에 基礎하여 나온 갈레노스(Galenos)의 기질 分類는 예로부터 一般적으로 받아들여지고 있다. 그의 의학 이론은 그 후 이슬람 세계와 유럽에 퍼져 근대 의학이 등장하기까지 오랫동안 그 지위를 지켜왔다. 그가 ‘의학의 아버지’라고 불리는 것은 당연한 일이다. 그는 의학의 과학화에 앞장섰을 뿐 아니라, 환자에 대한 의사의 윤리에 대해서도 후세의 의사들에게 模範을 제시했다. 의사가 환자의 입장에서 최선을 다할 것을 마음속에 되새기게 하는 ‘히포크라테스 헌장’ 亦是 그의 위대한 業績 중 하나이다. 그는 이 헌장을 통해서 그의 제자들에게 의사로서의 윤리뿐 아니라, 하나의 專門 지식으로써 의술을 부지런히 익힐 것을 당부하고 있다. “인생은 짧고 예술은 길다.” 바로 이 ‘히포크라테스 헌장’에 나오는 말이다. 여기서 ‘예술’이라는 말은 손으로 익히는 전문적인 기술, 보다 正確히 말하면 ‘의술’을 뜻한다. 의술을 배우는 것을 결코 쉬운 일이 아니다. 게으름을 부리면 세월이 금방 흘러간다. “소년이여, 늙기는 쉬워도 배우기는 어렵다.”는 中國의 유학자 주자의 유명한 말과 비슷한 뜻이다. 그런데 오늘날 이 말이 原來 뜻과는 무관하게 애용되고 있음을 본다. 학문과 예술은 그 生命력이 영원하지만, 인간은 죽으면 잊혀진다는 것이다. 그래서 후세에 남겨줄 훌륭한 업적을 쌓으라고 해석하는 境遇도 있다. 이러한 해석도 그럴듯하기는 하지만, 히포크라테스의 원래의 意圖와는 거리가 멀다.",관찰,,觀察,觀察,
3급II,71,2015-11-28,12,dokeum_W,"다음 밑줄 친 漢字語 중 漢字로 표기된 것은 讀音을, 한글로 표기된 것은 漢字로 쓰시오.","의과 대학이나 큰 종합 병원을 들어설 때 우리는 히포크라테스의 胸像과 ‘히포크라테스 憲章’을 자주 대한다. 그리스 의학자 히포크라테스(Hippocrates, BC 약 460~375)는 당시까지만 해도 인간의 질병을 마법이나 미신으로 해결하려는 것에 反對하여 臨床의 관찰과 經驗을 중시하는 ‘의학의 아버지’였다. 그는 그리스 각지를 여행하여 資料를 수집하고 의학을 연구했다. 그에 이르러서야 비로소 의학이 하나의 학문적 형태를 띠게 되었다. 병은 체내의 血液, 점액, 담즙, 흑담즙의 네 가지 체액 사이에 조화가 깨져서 일어난다는 체액설은 유명하며 이것에 基礎하여 나온 갈레노스(Galenos)의 기질 分類는 예로부터 一般적으로 받아들여지고 있다. 그의 의학 이론은 그 후 이슬람 세계와 유럽에 퍼져 근대 의학이 등장하기까지 오랫동안 그 지위를 지켜왔다. 그가 ‘의학의 아버지’라고 불리는 것은 당연한 일이다. 그는 의학의 과학화에 앞장섰을 뿐 아니라, 환자에 대한 의사의 윤리에 대해서도 후세의 의사들에게 模範을 제시했다. 의사가 환자의 입장에서 최선을 다할 것을 마음속에 되새기게 하는 ‘히포크라테스 헌장’ 亦是 그의 위대한 業績 중 하나이다. 그는 이 헌장을 통해서 그의 제자들에게 의사로서의 윤리뿐 아니라, 하나의 專門 지식으로써 의술을 부지런히 익힐 것을 당부하고 있다. “인생은 짧고 예술은 길다.” 바로 이 ‘히포크라테스 헌장’에 나오는 말이다. 여기서 ‘예술’이라는 말은 손으로 익히는 전문적인 기술, 보다 正確히 말하면 ‘의술’을 뜻한다. 의술을 배우는 것을 결코 쉬운 일이 아니다. 게으름을 부리면 세월이 금방 흘러간다. “소년이여, 늙기는 쉬워도 배우기는 어렵다.”는 中國의 유학자 주자의 유명한 말과 비슷한 뜻이다. 그런데 오늘날 이 말이 原來 뜻과는 무관하게 애용되고 있음을 본다. 학문과 예술은 그 生命력이 영원하지만, 인간은 죽으면 잊혀진다는 것이다. 그래서 후세에 남겨줄 훌륭한 업적을 쌓으라고 해석하는 境遇도 있다. 이러한 해석도 그럴듯하기는 하지만, 히포크라테스의 원래의 意圖와는 거리가 멀다.",經驗,,경험,경험,
3급II,71,2015-11-28,13,hanjaeo_W,"다음 밑줄 친 漢字語 중 漢字로 표기된 것은 讀音을, 한글로 표기된 것은 漢字로 쓰시오.","의과 대학이나 큰 종합 병원을 들어설 때 우리는 히포크라테스의 胸像과 ‘히포크라테스 憲章’을 자주 대한다. 그리스 의학자 히포크라테스(Hippocrates, BC 약 460~375)는 당시까지만 해도 인간의 질병을 마법이나 미신으로 해결하려는 것에 反對하여 臨床의 관찰과 經驗을 중시하는 ‘의학의 아버지’였다. 그는 그리스 각지를 여행하여 資料를 수집하고 의학을 연구했다. 그에 이르러서야 비로소 의학이 하나의 학문적 형태를 띠게 되었다. 병은 체내의 血液, 점액, 담즙, 흑담즙의 네 가지 체액 사이에 조화가 깨져서 일어난다는 체액설은 유명하며 이것에 基礎하여 나온 갈레노스(Galenos)의 기질 分類는 예로부터 一般적으로 받아들여지고 있다. 그의 의학 이론은 그 후 이슬람 세계와 유럽에 퍼져 근대 의학이 등장하기까지 오랫동안 그 지위를 지켜왔다. 그가 ‘의학의 아버지’라고 불리는 것은 당연한 일이다. 그는 의학의 과학화에 앞장섰을 뿐 아니라, 환자에 대한 의사의 윤리에 대해서도 후세의 의사들에게 模範을 제시했다. 의사가 환자의 입장에서 최선을 다할 것을 마음속에 되새기게 하는 ‘히포크라테스 헌장’ 亦是 그의 위대한 業績 중 하나이다. 그는 이 헌장을 통해서 그의 제자들에게 의사로서의 윤리뿐 아니라, 하나의 專門 지식으로써 의술을 부지런히 익힐 것을 당부하고 있다. “인생은 짧고 예술은 길다.” 바로 이 ‘히포크라테스 헌장’에 나오는 말이다. 여기서 ‘예술’이라는 말은 손으로 익히는 전문적인 기술, 보다 正確히 말하면 ‘의술’을 뜻한다. 의술을 배우는 것을 결코 쉬운 일이 아니다. 게으름을 부리면 세월이 금방 흘러간다. “소년이여, 늙기는 쉬워도 배우기는 어렵다.”는 中國의 유학자 주자의 유명한 말과 비슷한 뜻이다. 그런데 오늘날 이 말이 原來 뜻과는 무관하게 애용되고 있음을 본다. 학문과 예술은 그 生命력이 영원하지만, 인간은 죽으면 잊혀진다는 것이다. 그래서 후세에 남겨줄 훌륭한 업적을 쌓으라고 해석하는 境遇도 있다. 이러한 해석도 그럴듯하기는 하지만, 히포크라테스의 원래의 意圖와는 거리가 멀다.",중시,,重視,重視,
3급II,71,2015-11-28,14,hanjaeo_W,"다음 밑줄 친 漢字語 중 漢字로 표기된 것은 讀音을, 한글로 표기된 것은 漢字로 쓰시오.","의과 대학이나 큰 종합 병원을 들어설 때 우리는 히포크라테스의 胸像과 ‘히포크라테스 憲章’을 자주 대한다. 그리스 의학자 히포크라테스(Hippocrates, BC 약 460~375)는 당시까지만 해도 인간의 질병을 마법이나 미신으로 해결하려는 것에 反對하여 臨床의 관찰과 經驗을 중시하는 ‘의학의 아버지’였다. 그는 그리스 각지를 여행하여 資料를 수집하고 의학을 연구했다. 그에 이르러서야 비로소 의학이 하나의 학문적 형태를 띠게 되었다. 병은 체내의 血液, 점액, 담즙, 흑담즙의 네 가지 체액 사이에 조화가 깨져서 일어난다는 체액설은 유명하며 이것에 基礎하여 나온 갈레노스(Galenos)의 기질 分類는 예로부터 一般적으로 받아들여지고 있다. 그의 의학 이론은 그 후 이슬람 세계와 유럽에 퍼져 근대 의학이 등장하기까지 오랫동안 그 지위를 지켜왔다. 그가 ‘의학의 아버지’라고 불리는 것은 당연한 일이다. 그는 의학의 과학화에 앞장섰을 뿐 아니라, 환자에 대한 의사의 윤리에 대해서도 후세의 의사들에게 模範을 제시했다. 의사가 환자의 입장에서 최선을 다할 것을 마음속에 되새기게 하는 ‘히포크라테스 헌장’ 亦是 그의 위대한 業績 중 하나이다. 그는 이 헌장을 통해서 그의 제자들에게 의사로서의 윤리뿐 아니라, 하나의 專門 지식으로써 의술을 부지런히 익힐 것을 당부하고 있다. “인생은 짧고 예술은 길다.” 바로 이 ‘히포크라테스 헌장’에 나오는 말이다. 여기서 ‘예술’이라는 말은 손으로 익히는 전문적인 기술, 보다 正確히 말하면 ‘의술’을 뜻한다. 의술을 배우는 것을 결코 쉬운 일이 아니다. 게으름을 부리면 세월이 금방 흘러간다. “소년이여, 늙기는 쉬워도 배우기는 어렵다.”는 中國의 유학자 주자의 유명한 말과 비슷한 뜻이다. 그런데 오늘날 이 말이 原來 뜻과는 무관하게 애용되고 있음을 본다. 학문과 예술은 그 生命력이 영원하지만, 인간은 죽으면 잊혀진다는 것이다. 그래서 후세에 남겨줄 훌륭한 업적을 쌓으라고 해석하는 境遇도 있다. 이러한 해석도 그럴듯하기는 하지만, 히포크라테스의 원래의 意圖와는 거리가 멀다.",각지,,各地,各地,
3급II,71,2015-11-28,15,hanjaeo_W,"다음 밑줄 친 漢字語 중 漢字로 표기된 것은 讀音을, 한글로 표기된 것은 漢字로 쓰시오.","의과 대학이나 큰 종합 병원을 들어설 때 우리는 히포크라테스의 胸像과 ‘히포크라테스 憲章’을 자주 대한다. 그리스 의학자 히포크라테스(Hippocrates, BC 약 460~375)는 당시까지만 해도 인간의 질병을 마법이나 미신으로 해결하려는 것에 反對하여 臨床의 관찰과 經驗을 중시하는 ‘의학의 아버지’였다. 그는 그리스 각지를 여행하여 資料를 수집하고 의학을 연구했다. 그에 이르러서야 비로소 의학이 하나의 학문적 형태를 띠게 되었다. 병은 체내의 血液, 점액, 담즙, 흑담즙의 네 가지 체액 사이에 조화가 깨져서 일어난다는 체액설은 유명하며 이것에 基礎하여 나온 갈레노스(Galenos)의 기질 分類는 예로부터 一般적으로 받아들여지고 있다. 그의 의학 이론은 그 후 이슬람 세계와 유럽에 퍼져 근대 의학이 등장하기까지 오랫동안 그 지위를 지켜왔다. 그가 ‘의학의 아버지’라고 불리는 것은 당연한 일이다. 그는 의학의 과학화에 앞장섰을 뿐 아니라, 환자에 대한 의사의 윤리에 대해서도 후세의 의사들에게 模範을 제시했다. 의사가 환자의 입장에서 최선을 다할 것을 마음속에 되새기게 하는 ‘히포크라테스 헌장’ 亦是 그의 위대한 業績 중 하나이다. 그는 이 헌장을 통해서 그의 제자들에게 의사로서의 윤리뿐 아니라, 하나의 專門 지식으로써 의술을 부지런히 익힐 것을 당부하고 있다. “인생은 짧고 예술은 길다.” 바로 이 ‘히포크라테스 헌장’에 나오는 말이다. 여기서 ‘예술’이라는 말은 손으로 익히는 전문적인 기술, 보다 正確히 말하면 ‘의술’을 뜻한다. 의술을 배우는 것을 결코 쉬운 일이 아니다. 게으름을 부리면 세월이 금방 흘러간다. “소년이여, 늙기는 쉬워도 배우기는 어렵다.”는 中國의 유학자 주자의 유명한 말과 비슷한 뜻이다. 그런데 오늘날 이 말이 原來 뜻과는 무관하게 애용되고 있음을 본다. 학문과 예술은 그 生命력이 영원하지만, 인간은 죽으면 잊혀진다는 것이다. 그래서 후세에 남겨줄 훌륭한 업적을 쌓으라고 해석하는 境遇도 있다. 이러한 해석도 그럴듯하기는 하지만, 히포크라테스의 원래의 意圖와는 거리가 멀다.",여행,,旅行,旅行,
3급II,71,2015-11-28,16,dokeum_W,"다음 밑줄 친 漢字語 중 漢字로 표기된 것은 讀音을, 한글로 표기된 것은 漢字로 쓰시오.","의과 대학이나 큰 종합 병원을 들어설 때 우리는 히포크라테스의 胸像과 ‘히포크라테스 憲章’을 자주 대한다. 그리스 의학자 히포크라테스(Hippocrates, BC 약 460~375)는 당시까지만 해도 인간의 질병을 마법이나 미신으로 해결하려는 것에 反對하여 臨床의 관찰과 經驗을 중시하는 ‘의학의 아버지’였다. 그는 그리스 각지를 여행하여 資料를 수집하고 의학을 연구했다. 그에 이르러서야 비로소 의학이 하나의 학문적 형태를 띠게 되었다. 병은 체내의 血液, 점액, 담즙, 흑담즙의 네 가지 체액 사이에 조화가 깨져서 일어난다는 체액설은 유명하며 이것에 基礎하여 나온 갈레노스(Galenos)의 기질 分類는 예로부터 一般적으로 받아들여지고 있다. 그의 의학 이론은 그 후 이슬람 세계와 유럽에 퍼져 근대 의학이 등장하기까지 오랫동안 그 지위를 지켜왔다. 그가 ‘의학의 아버지’라고 불리는 것은 당연한 일이다. 그는 의학의 과학화에 앞장섰을 뿐 아니라, 환자에 대한 의사의 윤리에 대해서도 후세의 의사들에게 模範을 제시했다. 의사가 환자의 입장에서 최선을 다할 것을 마음속에 되새기게 하는 ‘히포크라테스 헌장’ 亦是 그의 위대한 業績 중 하나이다. 그는 이 헌장을 통해서 그의 제자들에게 의사로서의 윤리뿐 아니라, 하나의 專門 지식으로써 의술을 부지런히 익힐 것을 당부하고 있다. “인생은 짧고 예술은 길다.” 바로 이 ‘히포크라테스 헌장’에 나오는 말이다. 여기서 ‘예술’이라는 말은 손으로 익히는 전문적인 기술, 보다 正確히 말하면 ‘의술’을 뜻한다. 의술을 배우는 것을 결코 쉬운 일이 아니다. 게으름을 부리면 세월이 금방 흘러간다. “소년이여, 늙기는 쉬워도 배우기는 어렵다.”는 中國의 유학자 주자의 유명한 말과 비슷한 뜻이다. 그런데 오늘날 이 말이 原來 뜻과는 무관하게 애용되고 있음을 본다. 학문과 예술은 그 生命력이 영원하지만, 인간은 죽으면 잊혀진다는 것이다. 그래서 후세에 남겨줄 훌륭한 업적을 쌓으라고 해석하는 境遇도 있다. 이러한 해석도 그럴듯하기는 하지만, 히포크라테스의 원래의 意圖와는 거리가 멀다.",資料,,자료,자료,
3급II,71,2015-11-28,17,hanjaeo_W,"다음 밑줄 친 漢字語 중 漢字로 표기된 것은 讀音을, 한글로 표기된 것은 漢字로 쓰시오.","의과 대학이나 큰 종합 병원을 들어설 때 우리는 히포크라테스의 胸像과 ‘히포크라테스 憲章’을 자주 대한다. 그리스 의학자 히포크라테스(Hippocrates, BC 약 460~375)는 당시까지만 해도 인간의 질병을 마법이나 미신으로 해결하려는 것에 反對하여 臨床의 관찰과 經驗을 중시하는 ‘의학의 아버지’였다. 그는 그리스 각지를 여행하여 資料를 수집하고 의학을 연구했다. 그에 이르러서야 비로소 의학이 하나의 학문적 형태를 띠게 되었다. 병은 체내의 血液, 점액, 담즙, 흑담즙의 네 가지 체액 사이에 조화가 깨져서 일어난다는 체액설은 유명하며 이것에 基礎하여 나온 갈레노스(Galenos)의 기질 分類는 예로부터 一般적으로 받아들여지고 있다. 그의 의학 이론은 그 후 이슬람 세계와 유럽에 퍼져 근대 의학이 등장하기까지 오랫동안 그 지위를 지켜왔다. 그가 ‘의학의 아버지’라고 불리는 것은 당연한 일이다. 그는 의학의 과학화에 앞장섰을 뿐 아니라, 환자에 대한 의사의 윤리에 대해서도 후세의 의사들에게 模範을 제시했다. 의사가 환자의 입장에서 최선을 다할 것을 마음속에 되새기게 하는 ‘히포크라테스 헌장’ 亦是 그의 위대한 業績 중 하나이다. 그는 이 헌장을 통해서 그의 제자들에게 의사로서의 윤리뿐 아니라, 하나의 專門 지식으로써 의술을 부지런히 익힐 것을 당부하고 있다. “인생은 짧고 예술은 길다.” 바로 이 ‘히포크라테스 헌장’에 나오는 말이다. 여기서 ‘예술’이라는 말은 손으로 익히는 전문적인 기술, 보다 正確히 말하면 ‘의술’을 뜻한다. 의술을 배우는 것을 결코 쉬운 일이 아니다. 게으름을 부리면 세월이 금방 흘러간다. “소년이여, 늙기는 쉬워도 배우기는 어렵다.”는 中國의 유학자 주자의 유명한 말과 비슷한 뜻이다. 그런데 오늘날 이 말이 原來 뜻과는 무관하게 애용되고 있음을 본다. 학문과 예술은 그 生命력이 영원하지만, 인간은 죽으면 잊혀진다는 것이다. 그래서 후세에 남겨줄 훌륭한 업적을 쌓으라고 해석하는 境遇도 있다. 이러한 해석도 그럴듯하기는 하지만, 히포크라테스의 원래의 意圖와는 거리가 멀다.",수집,,收集,收集,
3급II,71,2015-11-28,18,hanjaeo_W,"다음 밑줄 친 漢字語 중 漢字로 표기된 것은 讀音을, 한글로 표기된 것은 漢字로 쓰시오.","의과 대학이나 큰 종합 병원을 들어설 때 우리는 히포크라테스의 胸像과 ‘히포크라테스 憲章’을 자주 대한다. 그리스 의학자 히포크라테스(Hippocrates, BC 약 460~375)는 당시까지만 해도 인간의 질병을 마법이나 미신으로 해결하려는 것에 反對하여 臨床의 관찰과 經驗을 중시하는 ‘의학의 아버지’였다. 그는 그리스 각지를 여행하여 資料를 수집하고 의학을 연구했다. 그에 이르러서야 비로소 의학이 하나의 학문적 형태를 띠게 되었다. 병은 체내의 血液, 점액, 담즙, 흑담즙의 네 가지 체액 사이에 조화가 깨져서 일어난다는 체액설은 유명하며 이것에 基礎하여 나온 갈레노스(Galenos)의 기질 分類는 예로부터 一般적으로 받아들여지고 있다. 그의 의학 이론은 그 후 이슬람 세계와 유럽에 퍼져 근대 의학이 등장하기까지 오랫동안 그 지위를 지켜왔다. 그가 ‘의학의 아버지’라고 불리는 것은 당연한 일이다. 그는 의학의 과학화에 앞장섰을 뿐 아니라, 환자에 대한 의사의 윤리에 대해서도 후세의 의사들에게 模範을 제시했다. 의사가 환자의 입장에서 최선을 다할 것을 마음속에 되새기게 하는 ‘히포크라테스 헌장’ 亦是 그의 위대한 業績 중 하나이다. 그는 이 헌장을 통해서 그의 제자들에게 의사로서의 윤리뿐 아니라, 하나의 專門 지식으로써 의술을 부지런히 익힐 것을 당부하고 있다. “인생은 짧고 예술은 길다.” 바로 이 ‘히포크라테스 헌장’에 나오는 말이다. 여기서 ‘예술’이라는 말은 손으로 익히는 전문적인 기술, 보다 正確히 말하면 ‘의술’을 뜻한다. 의술을 배우는 것을 결코 쉬운 일이 아니다. 게으름을 부리면 세월이 금방 흘러간다. “소년이여, 늙기는 쉬워도 배우기는 어렵다.”는 中國의 유학자 주자의 유명한 말과 비슷한 뜻이다. 그런데 오늘날 이 말이 原來 뜻과는 무관하게 애용되고 있음을 본다. 학문과 예술은 그 生命력이 영원하지만, 인간은 죽으면 잊혀진다는 것이다. 그래서 후세에 남겨줄 훌륭한 업적을 쌓으라고 해석하는 境遇도 있다. 이러한 해석도 그럴듯하기는 하지만, 히포크라테스의 원래의 意圖와는 거리가 멀다.",연구,,硏究,硏究,
3급II,71,2015-11-28,19,hanjaeo_W,"다음 밑줄 친 漢字語 중 漢字로 표기된 것은 讀音을, 한글로 표기된 것은 漢字로 쓰시오.","의과 대학이나 큰 종합 병원을 들어설 때 우리는 히포크라테스의 胸像과 ‘히포크라테스 憲章’을 자주 대한다. 그리스 의학자 히포크라테스(Hippocrates, BC 약 460~375)는 당시까지만 해도 인간의 질병을 마법이나 미신으로 해결하려는 것에 反對하여 臨床의 관찰과 經驗을 중시하는 ‘의학의 아버지’였다. 그는 그리스 각지를 여행하여 資料를 수집하고 의학을 연구했다. 그에 이르러서야 비로소 의학이 하나의 학문적 형태를 띠게 되었다. 병은 체내의 血液, 점액, 담즙, 흑담즙의 네 가지 체액 사이에 조화가 깨져서 일어난다는 체액설은 유명하며 이것에 基礎하여 나온 갈레노스(Galenos)의 기질 分類는 예로부터 一般적으로 받아들여지고 있다. 그의 의학 이론은 그 후 이슬람 세계와 유럽에 퍼져 근대 의학이 등장하기까지 오랫동안 그 지위를 지켜왔다. 그가 ‘의학의 아버지’라고 불리는 것은 당연한 일이다. 그는 의학의 과학화에 앞장섰을 뿐 아니라, 환자에 대한 의사의 윤리에 대해서도 후세의 의사들에게 模範을 제시했다. 의사가 환자의 입장에서 최선을 다할 것을 마음속에 되새기게 하는 ‘히포크라테스 헌장’ 亦是 그의 위대한 業績 중 하나이다. 그는 이 헌장을 통해서 그의 제자들에게 의사로서의 윤리뿐 아니라, 하나의 專門 지식으로써 의술을 부지런히 익힐 것을 당부하고 있다. “인생은 짧고 예술은 길다.” 바로 이 ‘히포크라테스 헌장’에 나오는 말이다. 여기서 ‘예술’이라는 말은 손으로 익히는 전문적인 기술, 보다 正確히 말하면 ‘의술’을 뜻한다. 의술을 배우는 것을 결코 쉬운 일이 아니다. 게으름을 부리면 세월이 금방 흘러간다. “소년이여, 늙기는 쉬워도 배우기는 어렵다.”는 中國의 유학자 주자의 유명한 말과 비슷한 뜻이다. 그런데 오늘날 이 말이 原來 뜻과는 무관하게 애용되고 있음을 본다. 학문과 예술은 그 生命력이 영원하지만, 인간은 죽으면 잊혀진다는 것이다. 그래서 후세에 남겨줄 훌륭한 업적을 쌓으라고 해석하는 境遇도 있다. 이러한 해석도 그럴듯하기는 하지만, 히포크라테스의 원래의 意圖와는 거리가 멀다.",형태,,形態,形態,
3급II,71,2015-11-28,20,hanjaeo_W,"다음 밑줄 친 漢字語 중 漢字로 표기된 것은 讀音을, 한글로 표기된 것은 漢字로 쓰시오.","의과 대학이나 큰 종합 병원을 들어설 때 우리는 히포크라테스의 胸像과 ‘히포크라테스 憲章’을 자주 대한다. 그리스 의학자 히포크라테스(Hippocrates, BC 약 460~375)는 당시까지만 해도 인간의 질병을 마법이나 미신으로 해결하려는 것에 反對하여 臨床의 관찰과 經驗을 중시하는 ‘의학의 아버지’였다. 그는 그리스 각지를 여행하여 資料를 수집하고 의학을 연구했다. 그에 이르러서야 비로소 의학이 하나의 학문적 형태를 띠게 되었다. 병은 체내의 血液, 점액, 담즙, 흑담즙의 네 가지 체액 사이에 조화가 깨져서 일어난다는 체액설은 유명하며 이것에 基礎하여 나온 갈레노스(Galenos)의 기질 分類는 예로부터 一般적으로 받아들여지고 있다. 그의 의학 이론은 그 후 이슬람 세계와 유럽에 퍼져 근대 의학이 등장하기까지 오랫동안 그 지위를 지켜왔다. 그가 ‘의학의 아버지’라고 불리는 것은 당연한 일이다. 그는 의학의 과학화에 앞장섰을 뿐 아니라, 환자에 대한 의사의 윤리에 대해서도 후세의 의사들에게 模範을 제시했다. 의사가 환자의 입장에서 최선을 다할 것을 마음속에 되새기게 하는 ‘히포크라테스 헌장’ 亦是 그의 위대한 業績 중 하나이다. 그는 이 헌장을 통해서 그의 제자들에게 의사로서의 윤리뿐 아니라, 하나의 專門 지식으로써 의술을 부지런히 익힐 것을 당부하고 있다. “인생은 짧고 예술은 길다.” 바로 이 ‘히포크라테스 헌장’에 나오는 말이다. 여기서 ‘예술’이라는 말은 손으로 익히는 전문적인 기술, 보다 正確히 말하면 ‘의술’을 뜻한다. 의술을 배우는 것을 결코 쉬운 일이 아니다. 게으름을 부리면 세월이 금방 흘러간다. “소년이여, 늙기는 쉬워도 배우기는 어렵다.”는 中國의 유학자 주자의 유명한 말과 비슷한 뜻이다. 그런데 오늘날 이 말이 原來 뜻과는 무관하게 애용되고 있음을 본다. 학문과 예술은 그 生命력이 영원하지만, 인간은 죽으면 잊혀진다는 것이다. 그래서 후세에 남겨줄 훌륭한 업적을 쌓으라고 해석하는 境遇도 있다. 이러한 해석도 그럴듯하기는 하지만, 히포크라테스의 원래의 意圖와는 거리가 멀다.",체내,,體內,體內,
3급II,71,2015-11-28,21,dokeum_W,"다음 밑줄 친 漢字語 중 漢字로 표기된 것은 讀音을, 한글로 표기된 것은 漢字로 쓰시오.","의과 대학이나 큰 종합 병원을 들어설 때 우리는 히포크라테스의 胸像과 ‘히포크라테스 憲章’을 자주 대한다. 그리스 의학자 히포크라테스(Hippocrates, BC 약 460~375)는 당시까지만 해도 인간의 질병을 마법이나 미신으로 해결하려는 것에 反對하여 臨床의 관찰과 經驗을 중시하는 ‘의학의 아버지’였다. 그는 그리스 각지를 여행하여 資料를 수집하고 의학을 연구했다. 그에 이르러서야 비로소 의학이 하나의 학문적 형태를 띠게 되었다. 병은 체내의 血液, 점액, 담즙, 흑담즙의 네 가지 체액 사이에 조화가 깨져서 일어난다는 체액설은 유명하며 이것에 基礎하여 나온 갈레노스(Galenos)의 기질 分類는 예로부터 一般적으로 받아들여지고 있다. 그의 의학 이론은 그 후 이슬람 세계와 유럽에 퍼져 근대 의학이 등장하기까지 오랫동안 그 지위를 지켜왔다. 그가 ‘의학의 아버지’라고 불리는 것은 당연한 일이다. 그는 의학의 과학화에 앞장섰을 뿐 아니라, 환자에 대한 의사의 윤리에 대해서도 후세의 의사들에게 模範을 제시했다. 의사가 환자의 입장에서 최선을 다할 것을 마음속에 되새기게 하는 ‘히포크라테스 헌장’ 亦是 그의 위대한 業績 중 하나이다. 그는 이 헌장을 통해서 그의 제자들에게 의사로서의 윤리뿐 아니라, 하나의 專門 지식으로써 의술을 부지런히 익힐 것을 당부하고 있다. “인생은 짧고 예술은 길다.” 바로 이 ‘히포크라테스 헌장’에 나오는 말이다. 여기서 ‘예술’이라는 말은 손으로 익히는 전문적인 기술, 보다 正確히 말하면 ‘의술’을 뜻한다. 의술을 배우는 것을 결코 쉬운 일이 아니다. 게으름을 부리면 세월이 금방 흘러간다. “소년이여, 늙기는 쉬워도 배우기는 어렵다.”는 中國의 유학자 주자의 유명한 말과 비슷한 뜻이다. 그런데 오늘날 이 말이 原來 뜻과는 무관하게 애용되고 있음을 본다. 학문과 예술은 그 生命력이 영원하지만, 인간은 죽으면 잊혀진다는 것이다. 그래서 후세에 남겨줄 훌륭한 업적을 쌓으라고 해석하는 境遇도 있다. 이러한 해석도 그럴듯하기는 하지만, 히포크라테스의 원래의 意圖와는 거리가 멀다.",血液,,혈액,혈액,
3급II,71,2015-11-28,22,hanjaeo_W,"다음 밑줄 친 漢字語 중 漢字로 표기된 것은 讀音을, 한글로 표기된 것은 漢字로 쓰시오.","의과 대학이나 큰 종합 병원을 들어설 때 우리는 히포크라테스의 胸像과 ‘히포크라테스 憲章’을 자주 대한다. 그리스 의학자 히포크라테스(Hippocrates, BC 약 460~375)는 당시까지만 해도 인간의 질병을 마법이나 미신으로 해결하려는 것에 反對하여 臨床의 관찰과 經驗을 중시하는 ‘의학의 아버지’였다. 그는 그리스 각지를 여행하여 資料를 수집하고 의학을 연구했다. 그에 이르러서야 비로소 의학이 하나의 학문적 형태를 띠게 되었다. 병은 체내의 血液, 점액, 담즙, 흑담즙의 네 가지 체액 사이에 조화가 깨져서 일어난다는 체액설은 유명하며 이것에 基礎하여 나온 갈레노스(Galenos)의 기질 分類는 예로부터 一般적으로 받아들여지고 있다. 그의 의학 이론은 그 후 이슬람 세계와 유럽에 퍼져 근대 의학이 등장하기까지 오랫동안 그 지위를 지켜왔다. 그가 ‘의학의 아버지’라고 불리는 것은 당연한 일이다. 그는 의학의 과학화에 앞장섰을 뿐 아니라, 환자에 대한 의사의 윤리에 대해서도 후세의 의사들에게 模範을 제시했다. 의사가 환자의 입장에서 최선을 다할 것을 마음속에 되새기게 하는 ‘히포크라테스 헌장’ 亦是 그의 위대한 業績 중 하나이다. 그는 이 헌장을 통해서 그의 제자들에게 의사로서의 윤리뿐 아니라, 하나의 專門 지식으로써 의술을 부지런히 익힐 것을 당부하고 있다. “인생은 짧고 예술은 길다.” 바로 이 ‘히포크라테스 헌장’에 나오는 말이다. 여기서 ‘예술’이라는 말은 손으로 익히는 전문적인 기술, 보다 正確히 말하면 ‘의술’을 뜻한다. 의술을 배우는 것을 결코 쉬운 일이 아니다. 게으름을 부리면 세월이 금방 흘러간다. “소년이여, 늙기는 쉬워도 배우기는 어렵다.”는 中國의 유학자 주자의 유명한 말과 비슷한 뜻이다. 그런데 오늘날 이 말이 原來 뜻과는 무관하게 애용되고 있음을 본다. 학문과 예술은 그 生命력이 영원하지만, 인간은 죽으면 잊혀진다는 것이다. 그래서 후세에 남겨줄 훌륭한 업적을 쌓으라고 해석하는 境遇도 있다. 이러한 해석도 그럴듯하기는 하지만, 히포크라테스의 원래의 意圖와는 거리가 멀다.",조화,,調和,調和,
3급II,71,2015-11-28,23,dokeum_W,"다음 밑줄 친 漢字語 중 漢字로 표기된 것은 讀音을, 한글로 표기된 것은 漢字로 쓰시오.","의과 대학이나 큰 종합 병원을 들어설 때 우리는 히포크라테스의 胸像과 ‘히포크라테스 憲章’을 자주 대한다. 그리스 의학자 히포크라테스(Hippocrates, BC 약 460~375)는 당시까지만 해도 인간의 질병을 마법이나 미신으로 해결하려는 것에 反對하여 臨床의 관찰과 經驗을 중시하는 ‘의학의 아버지’였다. 그는 그리스 각지를 여행하여 資料를 수집하고 의학을 연구했다. 그에 이르러서야 비로소 의학이 하나의 학문적 형태를 띠게 되었다. 병은 체내의 血液, 점액, 담즙, 흑담즙의 네 가지 체액 사이에 조화가 깨져서 일어난다는 체액설은 유명하며 이것에 基礎하여 나온 갈레노스(Galenos)의 기질 分類는 예로부터 一般적으로 받아들여지고 있다. 그의 의학 이론은 그 후 이슬람 세계와 유럽에 퍼져 근대 의학이 등장하기까지 오랫동안 그 지위를 지켜왔다. 그가 ‘의학의 아버지’라고 불리는 것은 당연한 일이다. 그는 의학의 과학화에 앞장섰을 뿐 아니라, 환자에 대한 의사의 윤리에 대해서도 후세의 의사들에게 模範을 제시했다. 의사가 환자의 입장에서 최선을 다할 것을 마음속에 되새기게 하는 ‘히포크라테스 헌장’ 亦是 그의 위대한 業績 중 하나이다. 그는 이 헌장을 통해서 그의 제자들에게 의사로서의 윤리뿐 아니라, 하나의 專門 지식으로써 의술을 부지런히 익힐 것을 당부하고 있다. “인생은 짧고 예술은 길다.” 바로 이 ‘히포크라테스 헌장’에 나오는 말이다. 여기서 ‘예술’이라는 말은 손으로 익히는 전문적인 기술, 보다 正確히 말하면 ‘의술’을 뜻한다. 의술을 배우는 것을 결코 쉬운 일이 아니다. 게으름을 부리면 세월이 금방 흘러간다. “소년이여, 늙기는 쉬워도 배우기는 어렵다.”는 中國의 유학자 주자의 유명한 말과 비슷한 뜻이다. 그런데 오늘날 이 말이 原來 뜻과는 무관하게 애용되고 있음을 본다. 학문과 예술은 그 生命력이 영원하지만, 인간은 죽으면 잊혀진다는 것이다. 그래서 후세에 남겨줄 훌륭한 업적을 쌓으라고 해석하는 境遇도 있다. 이러한 해석도 그럴듯하기는 하지만, 히포크라테스의 원래의 意圖와는 거리가 멀다.",基礎,,기초,기초,
3급II,71,2015-11-28,24,dokeum_W,"다음 밑줄 친 漢字語 중 漢字로 표기된 것은 讀音을, 한글로 표기된 것은 漢字로 쓰시오.","의과 대학이나 큰 종합 병원을 들어설 때 우리는 히포크라테스의 胸像과 ‘히포크라테스 憲章’을 자주 대한다. 그리스 의학자 히포크라테스(Hippocrates, BC 약 460~375)는 당시까지만 해도 인간의 질병을 마법이나 미신으로 해결하려는 것에 反對하여 臨床의 관찰과 經驗을 중시하는 ‘의학의 아버지’였다. 그는 그리스 각지를 여행하여 資料를 수집하고 의학을 연구했다. 그에 이르러서야 비로소 의학이 하나의 학문적 형태를 띠게 되었다. 병은 체내의 血液, 점액, 담즙, 흑담즙의 네 가지 체액 사이에 조화가 깨져서 일어난다는 체액설은 유명하며 이것에 基礎하여 나온 갈레노스(Galenos)의 기질 分類는 예로부터 一般적으로 받아들여지고 있다. 그의 의학 이론은 그 후 이슬람 세계와 유럽에 퍼져 근대 의학이 등장하기까지 오랫동안 그 지위를 지켜왔다. 그가 ‘의학의 아버지’라고 불리는 것은 당연한 일이다. 그는 의학의 과학화에 앞장섰을 뿐 아니라, 환자에 대한 의사의 윤리에 대해서도 후세의 의사들에게 模範을 제시했다. 의사가 환자의 입장에서 최선을 다할 것을 마음속에 되새기게 하는 ‘히포크라테스 헌장’ 亦是 그의 위대한 業績 중 하나이다. 그는 이 헌장을 통해서 그의 제자들에게 의사로서의 윤리뿐 아니라, 하나의 專門 지식으로써 의술을 부지런히 익힐 것을 당부하고 있다. “인생은 짧고 예술은 길다.” 바로 이 ‘히포크라테스 헌장’에 나오는 말이다. 여기서 ‘예술’이라는 말은 손으로 익히는 전문적인 기술, 보다 正確히 말하면 ‘의술’을 뜻한다. 의술을 배우는 것을 결코 쉬운 일이 아니다. 게으름을 부리면 세월이 금방 흘러간다. “소년이여, 늙기는 쉬워도 배우기는 어렵다.”는 中國의 유학자 주자의 유명한 말과 비슷한 뜻이다. 그런데 오늘날 이 말이 原來 뜻과는 무관하게 애용되고 있음을 본다. 학문과 예술은 그 生命력이 영원하지만, 인간은 죽으면 잊혀진다는 것이다. 그래서 후세에 남겨줄 훌륭한 업적을 쌓으라고 해석하는 境遇도 있다. 이러한 해석도 그럴듯하기는 하지만, 히포크라테스의 원래의 意圖와는 거리가 멀다.",分類,,분류,분류,
3급II,71,2015-11-28,25,dokeum_W,"다음 밑줄 친 漢字語 중 漢字로 표기된 것은 讀音을, 한글로 표기된 것은 漢字로 쓰시오.","의과 대학이나 큰 종합 병원을 들어설 때 우리는 히포크라테스의 胸像과 ‘히포크라테스 憲章’을 자주 대한다. 그리스 의학자 히포크라테스(Hippocrates, BC 약 460~375)는 당시까지만 해도 인간의 질병을 마법이나 미신으로 해결하려는 것에 反對하여 臨床의 관찰과 經驗을 중시하는 ‘의학의 아버지’였다. 그는 그리스 각지를 여행하여 資料를 수집하고 의학을 연구했다. 그에 이르러서야 비로소 의학이 하나의 학문적 형태를 띠게 되었다. 병은 체내의 血液, 점액, 담즙, 흑담즙의 네 가지 체액 사이에 조화가 깨져서 일어난다는 체액설은 유명하며 이것에 基礎하여 나온 갈레노스(Galenos)의 기질 分類는 예로부터 一般적으로 받아들여지고 있다. 그의 의학 이론은 그 후 이슬람 세계와 유럽에 퍼져 근대 의학이 등장하기까지 오랫동안 그 지위를 지켜왔다. 그가 ‘의학의 아버지’라고 불리는 것은 당연한 일이다. 그는 의학의 과학화에 앞장섰을 뿐 아니라, 환자에 대한 의사의 윤리에 대해서도 후세의 의사들에게 模範을 제시했다. 의사가 환자의 입장에서 최선을 다할 것을 마음속에 되새기게 하는 ‘히포크라테스 헌장’ 亦是 그의 위대한 業績 중 하나이다. 그는 이 헌장을 통해서 그의 제자들에게 의사로서의 윤리뿐 아니라, 하나의 專門 지식으로써 의술을 부지런히 익힐 것을 당부하고 있다. “인생은 짧고 예술은 길다.” 바로 이 ‘히포크라테스 헌장’에 나오는 말이다. 여기서 ‘예술’이라는 말은 손으로 익히는 전문적인 기술, 보다 正確히 말하면 ‘의술’을 뜻한다. 의술을 배우는 것을 결코 쉬운 일이 아니다. 게으름을 부리면 세월이 금방 흘러간다. “소년이여, 늙기는 쉬워도 배우기는 어렵다.”는 中國의 유학자 주자의 유명한 말과 비슷한 뜻이다. 그런데 오늘날 이 말이 原來 뜻과는 무관하게 애용되고 있음을 본다. 학문과 예술은 그 生命력이 영원하지만, 인간은 죽으면 잊혀진다는 것이다. 그래서 후세에 남겨줄 훌륭한 업적을 쌓으라고 해석하는 境遇도 있다. 이러한 해석도 그럴듯하기는 하지만, 히포크라테스의 원래의 意圖와는 거리가 멀다.",一般,,일반,일반,
3급II,71,2015-11-28,26,hanjaeo_W,"다음 밑줄 친 漢字語 중 漢字로 표기된 것은 讀音을, 한글로 표기된 것은 漢字로 쓰시오.","의과 대학이나 큰 종합 병원을 들어설 때 우리는 히포크라테스의 胸像과 ‘히포크라테스 憲章’을 자주 대한다. 그리스 의학자 히포크라테스(Hippocrates, BC 약 460~375)는 당시까지만 해도 인간의 질병을 마법이나 미신으로 해결하려는 것에 反對하여 臨床의 관찰과 經驗을 중시하는 ‘의학의 아버지’였다. 그는 그리스 각지를 여행하여 資料를 수집하고 의학을 연구했다. 그에 이르러서야 비로소 의학이 하나의 학문적 형태를 띠게 되었다. 병은 체내의 血液, 점액, 담즙, 흑담즙의 네 가지 체액 사이에 조화가 깨져서 일어난다는 체액설은 유명하며 이것에 基礎하여 나온 갈레노스(Galenos)의 기질 分類는 예로부터 一般적으로 받아들여지고 있다. 그의 의학 이론은 그 후 이슬람 세계와 유럽에 퍼져 근대 의학이 등장하기까지 오랫동안 그 지위를 지켜왔다. 그가 ‘의학의 아버지’라고 불리는 것은 당연한 일이다. 그는 의학의 과학화에 앞장섰을 뿐 아니라, 환자에 대한 의사의 윤리에 대해서도 후세의 의사들에게 模範을 제시했다. 의사가 환자의 입장에서 최선을 다할 것을 마음속에 되새기게 하는 ‘히포크라테스 헌장’ 亦是 그의 위대한 業績 중 하나이다. 그는 이 헌장을 통해서 그의 제자들에게 의사로서의 윤리뿐 아니라, 하나의 專門 지식으로써 의술을 부지런히 익힐 것을 당부하고 있다. “인생은 짧고 예술은 길다.” 바로 이 ‘히포크라테스 헌장’에 나오는 말이다. 여기서 ‘예술’이라는 말은 손으로 익히는 전문적인 기술, 보다 正確히 말하면 ‘의술’을 뜻한다. 의술을 배우는 것을 결코 쉬운 일이 아니다. 게으름을 부리면 세월이 금방 흘러간다. “소년이여, 늙기는 쉬워도 배우기는 어렵다.”는 中國의 유학자 주자의 유명한 말과 비슷한 뜻이다. 그런데 오늘날 이 말이 原來 뜻과는 무관하게 애용되고 있음을 본다. 학문과 예술은 그 生命력이 영원하지만, 인간은 죽으면 잊혀진다는 것이다. 그래서 후세에 남겨줄 훌륭한 업적을 쌓으라고 해석하는 境遇도 있다. 이러한 해석도 그럴듯하기는 하지만, 히포크라테스의 원래의 意圖와는 거리가 멀다.",이론,,理論,理論,
3급II,71,2015-11-28,27,hanjaeo_W,"다음 밑줄 친 漢字語 중 漢字로 표기된 것은 讀音을, 한글로 표기된 것은 漢字로 쓰시오.","의과 대학이나 큰 종합 병원을 들어설 때 우리는 히포크라테스의 胸像과 ‘히포크라테스 憲章’을 자주 대한다. 그리스 의학자 히포크라테스(Hippocrates, BC 약 460~375)는 당시까지만 해도 인간의 질병을 마법이나 미신으로 해결하려는 것에 反對하여 臨床의 관찰과 經驗을 중시하는 ‘의학의 아버지’였다. 그는 그리스 각지를 여행하여 資料를 수집하고 의학을 연구했다. 그에 이르러서야 비로소 의학이 하나의 학문적 형태를 띠게 되었다. 병은 체내의 血液, 점액, 담즙, 흑담즙의 네 가지 체액 사이에 조화가 깨져서 일어난다는 체액설은 유명하며 이것에 基礎하여 나온 갈레노스(Galenos)의 기질 分類는 예로부터 一般적으로 받아들여지고 있다. 그의 의학 이론은 그 후 이슬람 세계와 유럽에 퍼져 근대 의학이 등장하기까지 오랫동안 그 지위를 지켜왔다. 그가 ‘의학의 아버지’라고 불리는 것은 당연한 일이다. 그는 의학의 과학화에 앞장섰을 뿐 아니라, 환자에 대한 의사의 윤리에 대해서도 후세의 의사들에게 模範을 제시했다. 의사가 환자의 입장에서 최선을 다할 것을 마음속에 되새기게 하는 ‘히포크라테스 헌장’ 亦是 그의 위대한 業績 중 하나이다. 그는 이 헌장을 통해서 그의 제자들에게 의사로서의 윤리뿐 아니라, 하나의 專門 지식으로써 의술을 부지런히 익힐 것을 당부하고 있다. “인생은 짧고 예술은 길다.” 바로 이 ‘히포크라테스 헌장’에 나오는 말이다. 여기서 ‘예술’이라는 말은 손으로 익히는 전문적인 기술, 보다 正確히 말하면 ‘의술’을 뜻한다. 의술을 배우는 것을 결코 쉬운 일이 아니다. 게으름을 부리면 세월이 금방 흘러간다. “소년이여, 늙기는 쉬워도 배우기는 어렵다.”는 中國의 유학자 주자의 유명한 말과 비슷한 뜻이다. 그런데 오늘날 이 말이 原來 뜻과는 무관하게 애용되고 있음을 본다. 학문과 예술은 그 生命력이 영원하지만, 인간은 죽으면 잊혀진다는 것이다. 그래서 후세에 남겨줄 훌륭한 업적을 쌓으라고 해석하는 境遇도 있다. 이러한 해석도 그럴듯하기는 하지만, 히포크라테스의 원래의 意圖와는 거리가 멀다.",세계,,世界,世界,
3급II,71,2015-11-28,28,hanjaeo_W,"다음 밑줄 친 漢字語 중 漢字로 표기된 것은 讀音을, 한글로 표기된 것은 漢字로 쓰시오.","의과 대학이나 큰 종합 병원을 들어설 때 우리는 히포크라테스의 胸像과 ‘히포크라테스 憲章’을 자주 대한다. 그리스 의학자 히포크라테스(Hippocrates, BC 약 460~375)는 당시까지만 해도 인간의 질병을 마법이나 미신으로 해결하려는 것에 反對하여 臨床의 관찰과 經驗을 중시하는 ‘의학의 아버지’였다. 그는 그리스 각지를 여행하여 資料를 수집하고 의학을 연구했다. 그에 이르러서야 비로소 의학이 하나의 학문적 형태를 띠게 되었다. 병은 체내의 血液, 점액, 담즙, 흑담즙의 네 가지 체액 사이에 조화가 깨져서 일어난다는 체액설은 유명하며 이것에 基礎하여 나온 갈레노스(Galenos)의 기질 分類는 예로부터 一般적으로 받아들여지고 있다. 그의 의학 이론은 그 후 이슬람 세계와 유럽에 퍼져 근대 의학이 등장하기까지 오랫동안 그 지위를 지켜왔다. 그가 ‘의학의 아버지’라고 불리는 것은 당연한 일이다. 그는 의학의 과학화에 앞장섰을 뿐 아니라, 환자에 대한 의사의 윤리에 대해서도 후세의 의사들에게 模範을 제시했다. 의사가 환자의 입장에서 최선을 다할 것을 마음속에 되새기게 하는 ‘히포크라테스 헌장’ 亦是 그의 위대한 業績 중 하나이다. 그는 이 헌장을 통해서 그의 제자들에게 의사로서의 윤리뿐 아니라, 하나의 專門 지식으로써 의술을 부지런히 익힐 것을 당부하고 있다. “인생은 짧고 예술은 길다.” 바로 이 ‘히포크라테스 헌장’에 나오는 말이다. 여기서 ‘예술’이라는 말은 손으로 익히는 전문적인 기술, 보다 正確히 말하면 ‘의술’을 뜻한다. 의술을 배우는 것을 결코 쉬운 일이 아니다. 게으름을 부리면 세월이 금방 흘러간다. “소년이여, 늙기는 쉬워도 배우기는 어렵다.”는 中國의 유학자 주자의 유명한 말과 비슷한 뜻이다. 그런데 오늘날 이 말이 原來 뜻과는 무관하게 애용되고 있음을 본다. 학문과 예술은 그 生命력이 영원하지만, 인간은 죽으면 잊혀진다는 것이다. 그래서 후세에 남겨줄 훌륭한 업적을 쌓으라고 해석하는 境遇도 있다. 이러한 해석도 그럴듯하기는 하지만, 히포크라테스의 원래의 意圖와는 거리가 멀다.",근대,,近代,近代,
3급II,71,2015-11-28,29,hanjaeo_W,"다음 밑줄 친 漢字語 중 漢字로 표기된 것은 讀音을, 한글로 표기된 것은 漢字로 쓰시오.","의과 대학이나 큰 종합 병원을 들어설 때 우리는 히포크라테스의 胸像과 ‘히포크라테스 憲章’을 자주 대한다. 그리스 의학자 히포크라테스(Hippocrates, BC 약 460~375)는 당시까지만 해도 인간의 질병을 마법이나 미신으로 해결하려는 것에 反對하여 臨床의 관찰과 經驗을 중시하는 ‘의학의 아버지’였다. 그는 그리스 각지를 여행하여 資料를 수집하고 의학을 연구했다. 그에 이르러서야 비로소 의학이 하나의 학문적 형태를 띠게 되었다. 병은 체내의 血液, 점액, 담즙, 흑담즙의 네 가지 체액 사이에 조화가 깨져서 일어난다는 체액설은 유명하며 이것에 基礎하여 나온 갈레노스(Galenos)의 기질 分類는 예로부터 一般적으로 받아들여지고 있다. 그의 의학 이론은 그 후 이슬람 세계와 유럽에 퍼져 근대 의학이 등장하기까지 오랫동안 그 지위를 지켜왔다. 그가 ‘의학의 아버지’라고 불리는 것은 당연한 일이다. 그는 의학의 과학화에 앞장섰을 뿐 아니라, 환자에 대한 의사의 윤리에 대해서도 후세의 의사들에게 模範을 제시했다. 의사가 환자의 입장에서 최선을 다할 것을 마음속에 되새기게 하는 ‘히포크라테스 헌장’ 亦是 그의 위대한 業績 중 하나이다. 그는 이 헌장을 통해서 그의 제자들에게 의사로서의 윤리뿐 아니라, 하나의 專門 지식으로써 의술을 부지런히 익힐 것을 당부하고 있다. “인생은 짧고 예술은 길다.” 바로 이 ‘히포크라테스 헌장’에 나오는 말이다. 여기서 ‘예술’이라는 말은 손으로 익히는 전문적인 기술, 보다 正確히 말하면 ‘의술’을 뜻한다. 의술을 배우는 것을 결코 쉬운 일이 아니다. 게으름을 부리면 세월이 금방 흘러간다. “소년이여, 늙기는 쉬워도 배우기는 어렵다.”는 中國의 유학자 주자의 유명한 말과 비슷한 뜻이다. 그런데 오늘날 이 말이 原來 뜻과는 무관하게 애용되고 있음을 본다. 학문과 예술은 그 生命력이 영원하지만, 인간은 죽으면 잊혀진다는 것이다. 그래서 후세에 남겨줄 훌륭한 업적을 쌓으라고 해석하는 境遇도 있다. 이러한 해석도 그럴듯하기는 하지만, 히포크라테스의 원래의 意圖와는 거리가 멀다.",등장,,登場,登場,
3급II,71,2015-11-28,30,hanjaeo_W,"다음 밑줄 친 漢字語 중 漢字로 표기된 것은 讀音을, 한글로 표기된 것은 漢字로 쓰시오.","의과 대학이나 큰 종합 병원을 들어설 때 우리는 히포크라테스의 胸像과 ‘히포크라테스 憲章’을 자주 대한다. 그리스 의학자 히포크라테스(Hippocrates, BC 약 460~375)는 당시까지만 해도 인간의 질병을 마법이나 미신으로 해결하려는 것에 反對하여 臨床의 관찰과 經驗을 중시하는 ‘의학의 아버지’였다. 그는 그리스 각지를 여행하여 資料를 수집하고 의학을 연구했다. 그에 이르러서야 비로소 의학이 하나의 학문적 형태를 띠게 되었다. 병은 체내의 血液, 점액, 담즙, 흑담즙의 네 가지 체액 사이에 조화가 깨져서 일어난다는 체액설은 유명하며 이것에 基礎하여 나온 갈레노스(Galenos)의 기질 分類는 예로부터 一般적으로 받아들여지고 있다. 그의 의학 이론은 그 후 이슬람 세계와 유럽에 퍼져 근대 의학이 등장하기까지 오랫동안 그 지위를 지켜왔다. 그가 ‘의학의 아버지’라고 불리는 것은 당연한 일이다. 그는 의학의 과학화에 앞장섰을 뿐 아니라, 환자에 대한 의사의 윤리에 대해서도 후세의 의사들에게 模範을 제시했다. 의사가 환자의 입장에서 최선을 다할 것을 마음속에 되새기게 하는 ‘히포크라테스 헌장’ 亦是 그의 위대한 業績 중 하나이다. 그는 이 헌장을 통해서 그의 제자들에게 의사로서의 윤리뿐 아니라, 하나의 專門 지식으로써 의술을 부지런히 익힐 것을 당부하고 있다. “인생은 짧고 예술은 길다.” 바로 이 ‘히포크라테스 헌장’에 나오는 말이다. 여기서 ‘예술’이라는 말은 손으로 익히는 전문적인 기술, 보다 正確히 말하면 ‘의술’을 뜻한다. 의술을 배우는 것을 결코 쉬운 일이 아니다. 게으름을 부리면 세월이 금방 흘러간다. “소년이여, 늙기는 쉬워도 배우기는 어렵다.”는 中國의 유학자 주자의 유명한 말과 비슷한 뜻이다. 그런데 오늘날 이 말이 原來 뜻과는 무관하게 애용되고 있음을 본다. 학문과 예술은 그 生命력이 영원하지만, 인간은 죽으면 잊혀진다는 것이다. 그래서 후세에 남겨줄 훌륭한 업적을 쌓으라고 해석하는 境遇도 있다. 이러한 해석도 그럴듯하기는 하지만, 히포크라테스의 원래의 意圖와는 거리가 멀다.",환자,,患者,患者,
3급II,71,2015-11-28,31,dokeum_W,"다음 밑줄 친 漢字語 중 漢字로 표기된 것은 讀音을, 한글로 표기된 것은 漢字로 쓰시오.","의과 대학이나 큰 종합 병원을 들어설 때 우리는 히포크라테스의 胸像과 ‘히포크라테스 憲章’을 자주 대한다. 그리스 의학자 히포크라테스(Hippocrates, BC 약 460~375)는 당시까지만 해도 인간의 질병을 마법이나 미신으로 해결하려는 것에 反對하여 臨床의 관찰과 經驗을 중시하는 ‘의학의 아버지’였다. 그는 그리스 각지를 여행하여 資料를 수집하고 의학을 연구했다. 그에 이르러서야 비로소 의학이 하나의 학문적 형태를 띠게 되었다. 병은 체내의 血液, 점액, 담즙, 흑담즙의 네 가지 체액 사이에 조화가 깨져서 일어난다는 체액설은 유명하며 이것에 基礎하여 나온 갈레노스(Galenos)의 기질 分類는 예로부터 一般적으로 받아들여지고 있다. 그의 의학 이론은 그 후 이슬람 세계와 유럽에 퍼져 근대 의학이 등장하기까지 오랫동안 그 지위를 지켜왔다. 그가 ‘의학의 아버지’라고 불리는 것은 당연한 일이다. 그는 의학의 과학화에 앞장섰을 뿐 아니라, 환자에 대한 의사의 윤리에 대해서도 후세의 의사들에게 模範을 제시했다. 의사가 환자의 입장에서 최선을 다할 것을 마음속에 되새기게 하는 ‘히포크라테스 헌장’ 亦是 그의 위대한 業績 중 하나이다. 그는 이 헌장을 통해서 그의 제자들에게 의사로서의 윤리뿐 아니라, 하나의 專門 지식으로써 의술을 부지런히 익힐 것을 당부하고 있다. “인생은 짧고 예술은 길다.” 바로 이 ‘히포크라테스 헌장’에 나오는 말이다. 여기서 ‘예술’이라는 말은 손으로 익히는 전문적인 기술, 보다 正確히 말하면 ‘의술’을 뜻한다. 의술을 배우는 것을 결코 쉬운 일이 아니다. 게으름을 부리면 세월이 금방 흘러간다. “소년이여, 늙기는 쉬워도 배우기는 어렵다.”는 中國의 유학자 주자의 유명한 말과 비슷한 뜻이다. 그런데 오늘날 이 말이 原來 뜻과는 무관하게 애용되고 있음을 본다. 학문과 예술은 그 生命력이 영원하지만, 인간은 죽으면 잊혀진다는 것이다. 그래서 후세에 남겨줄 훌륭한 업적을 쌓으라고 해석하는 境遇도 있다. 이러한 해석도 그럴듯하기는 하지만, 히포크라테스의 원래의 意圖와는 거리가 멀다.",模範,,모범,모범,
3급II,71,2015-11-28,32,hanjaeo_W,"다음 밑줄 친 漢字語 중 漢字로 표기된 것은 讀音을, 한글로 표기된 것은 漢字로 쓰시오.","의과 대학이나 큰 종합 병원을 들어설 때 우리는 히포크라테스의 胸像과 ‘히포크라테스 憲章’을 자주 대한다. 그리스 의학자 히포크라테스(Hippocrates, BC 약 460~375)는 당시까지만 해도 인간의 질병을 마법이나 미신으로 해결하려는 것에 反對하여 臨床의 관찰과 經驗을 중시하는 ‘의학의 아버지’였다. 그는 그리스 각지를 여행하여 資料를 수집하고 의학을 연구했다. 그에 이르러서야 비로소 의학이 하나의 학문적 형태를 띠게 되었다. 병은 체내의 血液, 점액, 담즙, 흑담즙의 네 가지 체액 사이에 조화가 깨져서 일어난다는 체액설은 유명하며 이것에 基礎하여 나온 갈레노스(Galenos)의 기질 分類는 예로부터 一般적으로 받아들여지고 있다. 그의 의학 이론은 그 후 이슬람 세계와 유럽에 퍼져 근대 의학이 등장하기까지 오랫동안 그 지위를 지켜왔다. 그가 ‘의학의 아버지’라고 불리는 것은 당연한 일이다. 그는 의학의 과학화에 앞장섰을 뿐 아니라, 환자에 대한 의사의 윤리에 대해서도 후세의 의사들에게 模範을 제시했다. 의사가 환자의 입장에서 최선을 다할 것을 마음속에 되새기게 하는 ‘히포크라테스 헌장’ 亦是 그의 위대한 業績 중 하나이다. 그는 이 헌장을 통해서 그의 제자들에게 의사로서의 윤리뿐 아니라, 하나의 專門 지식으로써 의술을 부지런히 익힐 것을 당부하고 있다. “인생은 짧고 예술은 길다.” 바로 이 ‘히포크라테스 헌장’에 나오는 말이다. 여기서 ‘예술’이라는 말은 손으로 익히는 전문적인 기술, 보다 正確히 말하면 ‘의술’을 뜻한다. 의술을 배우는 것을 결코 쉬운 일이 아니다. 게으름을 부리면 세월이 금방 흘러간다. “소년이여, 늙기는 쉬워도 배우기는 어렵다.”는 中國의 유학자 주자의 유명한 말과 비슷한 뜻이다. 그런데 오늘날 이 말이 原來 뜻과는 무관하게 애용되고 있음을 본다. 학문과 예술은 그 生命력이 영원하지만, 인간은 죽으면 잊혀진다는 것이다. 그래서 후세에 남겨줄 훌륭한 업적을 쌓으라고 해석하는 境遇도 있다. 이러한 해석도 그럴듯하기는 하지만, 히포크라테스의 원래의 意圖와는 거리가 멀다.",제시,,提示,提示,
3급II,71,2015-11-28,33,hanjaeo_W,"다음 밑줄 친 漢字語 중 漢字로 표기된 것은 讀音을, 한글로 표기된 것은 漢字로 쓰시오.","의과 대학이나 큰 종합 병원을 들어설 때 우리는 히포크라테스의 胸像과 ‘히포크라테스 憲章’을 자주 대한다. 그리스 의학자 히포크라테스(Hippocrates, BC 약 460~375)는 당시까지만 해도 인간의 질병을 마법이나 미신으로 해결하려는 것에 反對하여 臨床의 관찰과 經驗을 중시하는 ‘의학의 아버지’였다. 그는 그리스 각지를 여행하여 資料를 수집하고 의학을 연구했다. 그에 이르러서야 비로소 의학이 하나의 학문적 형태를 띠게 되었다. 병은 체내의 血液, 점액, 담즙, 흑담즙의 네 가지 체액 사이에 조화가 깨져서 일어난다는 체액설은 유명하며 이것에 基礎하여 나온 갈레노스(Galenos)의 기질 分類는 예로부터 一般적으로 받아들여지고 있다. 그의 의학 이론은 그 후 이슬람 세계와 유럽에 퍼져 근대 의학이 등장하기까지 오랫동안 그 지위를 지켜왔다. 그가 ‘의학의 아버지’라고 불리는 것은 당연한 일이다. 그는 의학의 과학화에 앞장섰을 뿐 아니라, 환자에 대한 의사의 윤리에 대해서도 후세의 의사들에게 模範을 제시했다. 의사가 환자의 입장에서 최선을 다할 것을 마음속에 되새기게 하는 ‘히포크라테스 헌장’ 亦是 그의 위대한 業績 중 하나이다. 그는 이 헌장을 통해서 그의 제자들에게 의사로서의 윤리뿐 아니라, 하나의 專門 지식으로써 의술을 부지런히 익힐 것을 당부하고 있다. “인생은 짧고 예술은 길다.” 바로 이 ‘히포크라테스 헌장’에 나오는 말이다. 여기서 ‘예술’이라는 말은 손으로 익히는 전문적인 기술, 보다 正確히 말하면 ‘의술’을 뜻한다. 의술을 배우는 것을 결코 쉬운 일이 아니다. 게으름을 부리면 세월이 금방 흘러간다. “소년이여, 늙기는 쉬워도 배우기는 어렵다.”는 中國의 유학자 주자의 유명한 말과 비슷한 뜻이다. 그런데 오늘날 이 말이 原來 뜻과는 무관하게 애용되고 있음을 본다. 학문과 예술은 그 生命력이 영원하지만, 인간은 죽으면 잊혀진다는 것이다. 그래서 후세에 남겨줄 훌륭한 업적을 쌓으라고 해석하는 境遇도 있다. 이러한 해석도 그럴듯하기는 하지만, 히포크라테스의 원래의 意圖와는 거리가 멀다.",최선,,最善,最善,
3급II,71,2015-11-28,34,dokeum_W,"다음 밑줄 친 漢字語 중 漢字로 표기된 것은 讀音을, 한글로 표기된 것은 漢字로 쓰시오.","의과 대학이나 큰 종합 병원을 들어설 때 우리는 히포크라테스의 胸像과 ‘히포크라테스 憲章’을 자주 대한다. 그리스 의학자 히포크라테스(Hippocrates, BC 약 460~375)는 당시까지만 해도 인간의 질병을 마법이나 미신으로 해결하려는 것에 反對하여 臨床의 관찰과 經驗을 중시하는 ‘의학의 아버지’였다. 그는 그리스 각지를 여행하여 資料를 수집하고 의학을 연구했다. 그에 이르러서야 비로소 의학이 하나의 학문적 형태를 띠게 되었다. 병은 체내의 血液, 점액, 담즙, 흑담즙의 네 가지 체액 사이에 조화가 깨져서 일어난다는 체액설은 유명하며 이것에 基礎하여 나온 갈레노스(Galenos)의 기질 分類는 예로부터 一般적으로 받아들여지고 있다. 그의 의학 이론은 그 후 이슬람 세계와 유럽에 퍼져 근대 의학이 등장하기까지 오랫동안 그 지위를 지켜왔다. 그가 ‘의학의 아버지’라고 불리는 것은 당연한 일이다. 그는 의학의 과학화에 앞장섰을 뿐 아니라, 환자에 대한 의사의 윤리에 대해서도 후세의 의사들에게 模範을 제시했다. 의사가 환자의 입장에서 최선을 다할 것을 마음속에 되새기게 하는 ‘히포크라테스 헌장’ 亦是 그의 위대한 業績 중 하나이다. 그는 이 헌장을 통해서 그의 제자들에게 의사로서의 윤리뿐 아니라, 하나의 專門 지식으로써 의술을 부지런히 익힐 것을 당부하고 있다. “인생은 짧고 예술은 길다.” 바로 이 ‘히포크라테스 헌장’에 나오는 말이다. 여기서 ‘예술’이라는 말은 손으로 익히는 전문적인 기술, 보다 正確히 말하면 ‘의술’을 뜻한다. 의술을 배우는 것을 결코 쉬운 일이 아니다. 게으름을 부리면 세월이 금방 흘러간다. “소년이여, 늙기는 쉬워도 배우기는 어렵다.”는 中國의 유학자 주자의 유명한 말과 비슷한 뜻이다. 그런데 오늘날 이 말이 原來 뜻과는 무관하게 애용되고 있음을 본다. 학문과 예술은 그 生命력이 영원하지만, 인간은 죽으면 잊혀진다는 것이다. 그래서 후세에 남겨줄 훌륭한 업적을 쌓으라고 해석하는 境遇도 있다. 이러한 해석도 그럴듯하기는 하지만, 히포크라테스의 원래의 意圖와는 거리가 멀다.",亦是,,역시,역시,
3급II,71,2015-11-28,35,dokeum_W,"다음 밑줄 친 漢字語 중 漢字로 표기된 것은 讀音을, 한글로 표기된 것은 漢字로 쓰시오.","의과 대학이나 큰 종합 병원을 들어설 때 우리는 히포크라테스의 胸像과 ‘히포크라테스 憲章’을 자주 대한다. 그리스 의학자 히포크라테스(Hippocrates, BC 약 460~375)는 당시까지만 해도 인간의 질병을 마법이나 미신으로 해결하려는 것에 反對하여 臨床의 관찰과 經驗을 중시하는 ‘의학의 아버지’였다. 그는 그리스 각지를 여행하여 資料를 수집하고 의학을 연구했다. 그에 이르러서야 비로소 의학이 하나의 학문적 형태를 띠게 되었다. 병은 체내의 血液, 점액, 담즙, 흑담즙의 네 가지 체액 사이에 조화가 깨져서 일어난다는 체액설은 유명하며 이것에 基礎하여 나온 갈레노스(Galenos)의 기질 分類는 예로부터 一般적으로 받아들여지고 있다. 그의 의학 이론은 그 후 이슬람 세계와 유럽에 퍼져 근대 의학이 등장하기까지 오랫동안 그 지위를 지켜왔다. 그가 ‘의학의 아버지’라고 불리는 것은 당연한 일이다. 그는 의학의 과학화에 앞장섰을 뿐 아니라, 환자에 대한 의사의 윤리에 대해서도 후세의 의사들에게 模範을 제시했다. 의사가 환자의 입장에서 최선을 다할 것을 마음속에 되새기게 하는 ‘히포크라테스 헌장’ 亦是 그의 위대한 業績 중 하나이다. 그는 이 헌장을 통해서 그의 제자들에게 의사로서의 윤리뿐 아니라, 하나의 專門 지식으로써 의술을 부지런히 익힐 것을 당부하고 있다. “인생은 짧고 예술은 길다.” 바로 이 ‘히포크라테스 헌장’에 나오는 말이다. 여기서 ‘예술’이라는 말은 손으로 익히는 전문적인 기술, 보다 正確히 말하면 ‘의술’을 뜻한다. 의술을 배우는 것을 결코 쉬운 일이 아니다. 게으름을 부리면 세월이 금방 흘러간다. “소년이여, 늙기는 쉬워도 배우기는 어렵다.”는 中國의 유학자 주자의 유명한 말과 비슷한 뜻이다. 그런데 오늘날 이 말이 原來 뜻과는 무관하게 애용되고 있음을 본다. 학문과 예술은 그 生命력이 영원하지만, 인간은 죽으면 잊혀진다는 것이다. 그래서 후세에 남겨줄 훌륭한 업적을 쌓으라고 해석하는 境遇도 있다. 이러한 해석도 그럴듯하기는 하지만, 히포크라테스의 원래의 意圖와는 거리가 멀다.",業績,,업적,업적,
3급II,71,2015-11-28,36,hanjaeo_W,"다음 밑줄 친 漢字語 중 漢字로 표기된 것은 讀音을, 한글로 표기된 것은 漢字로 쓰시오.","의과 대학이나 큰 종합 병원을 들어설 때 우리는 히포크라테스의 胸像과 ‘히포크라테스 憲章’을 자주 대한다. 그리스 의학자 히포크라테스(Hippocrates, BC 약 460~375)는 당시까지만 해도 인간의 질병을 마법이나 미신으로 해결하려는 것에 反對하여 臨床의 관찰과 經驗을 중시하는 ‘의학의 아버지’였다. 그는 그리스 각지를 여행하여 資料를 수집하고 의학을 연구했다. 그에 이르러서야 비로소 의학이 하나의 학문적 형태를 띠게 되었다. 병은 체내의 血液, 점액, 담즙, 흑담즙의 네 가지 체액 사이에 조화가 깨져서 일어난다는 체액설은 유명하며 이것에 基礎하여 나온 갈레노스(Galenos)의 기질 分類는 예로부터 一般적으로 받아들여지고 있다. 그의 의학 이론은 그 후 이슬람 세계와 유럽에 퍼져 근대 의학이 등장하기까지 오랫동안 그 지위를 지켜왔다. 그가 ‘의학의 아버지’라고 불리는 것은 당연한 일이다. 그는 의학의 과학화에 앞장섰을 뿐 아니라, 환자에 대한 의사의 윤리에 대해서도 후세의 의사들에게 模範을 제시했다. 의사가 환자의 입장에서 최선을 다할 것을 마음속에 되새기게 하는 ‘히포크라테스 헌장’ 亦是 그의 위대한 業績 중 하나이다. 그는 이 헌장을 통해서 그의 제자들에게 의사로서의 윤리뿐 아니라, 하나의 專門 지식으로써 의술을 부지런히 익힐 것을 당부하고 있다. “인생은 짧고 예술은 길다.” 바로 이 ‘히포크라테스 헌장’에 나오는 말이다. 여기서 ‘예술’이라는 말은 손으로 익히는 전문적인 기술, 보다 正確히 말하면 ‘의술’을 뜻한다. 의술을 배우는 것을 결코 쉬운 일이 아니다. 게으름을 부리면 세월이 금방 흘러간다. “소년이여, 늙기는 쉬워도 배우기는 어렵다.”는 中國의 유학자 주자의 유명한 말과 비슷한 뜻이다. 그런데 오늘날 이 말이 原來 뜻과는 무관하게 애용되고 있음을 본다. 학문과 예술은 그 生命력이 영원하지만, 인간은 죽으면 잊혀진다는 것이다. 그래서 후세에 남겨줄 훌륭한 업적을 쌓으라고 해석하는 境遇도 있다. 이러한 해석도 그럴듯하기는 하지만, 히포크라테스의 원래의 意圖와는 거리가 멀다.",제자,,弟子,弟子,
3급II,71,2015-11-28,37,dokeum_W,"다음 밑줄 친 漢字語 중 漢字로 표기된 것은 讀音을, 한글로 표기된 것은 漢字로 쓰시오.","의과 대학이나 큰 종합 병원을 들어설 때 우리는 히포크라테스의 胸像과 ‘히포크라테스 憲章’을 자주 대한다. 그리스 의학자 히포크라테스(Hippocrates, BC 약 460~375)는 당시까지만 해도 인간의 질병을 마법이나 미신으로 해결하려는 것에 反對하여 臨床의 관찰과 經驗을 중시하는 ‘의학의 아버지’였다. 그는 그리스 각지를 여행하여 資料를 수집하고 의학을 연구했다. 그에 이르러서야 비로소 의학이 하나의 학문적 형태를 띠게 되었다. 병은 체내의 血液, 점액, 담즙, 흑담즙의 네 가지 체액 사이에 조화가 깨져서 일어난다는 체액설은 유명하며 이것에 基礎하여 나온 갈레노스(Galenos)의 기질 分類는 예로부터 一般적으로 받아들여지고 있다. 그의 의학 이론은 그 후 이슬람 세계와 유럽에 퍼져 근대 의학이 등장하기까지 오랫동안 그 지위를 지켜왔다. 그가 ‘의학의 아버지’라고 불리는 것은 당연한 일이다. 그는 의학의 과학화에 앞장섰을 뿐 아니라, 환자에 대한 의사의 윤리에 대해서도 후세의 의사들에게 模範을 제시했다. 의사가 환자의 입장에서 최선을 다할 것을 마음속에 되새기게 하는 ‘히포크라테스 헌장’ 亦是 그의 위대한 業績 중 하나이다. 그는 이 헌장을 통해서 그의 제자들에게 의사로서의 윤리뿐 아니라, 하나의 專門 지식으로써 의술을 부지런히 익힐 것을 당부하고 있다. “인생은 짧고 예술은 길다.” 바로 이 ‘히포크라테스 헌장’에 나오는 말이다. 여기서 ‘예술’이라는 말은 손으로 익히는 전문적인 기술, 보다 正確히 말하면 ‘의술’을 뜻한다. 의술을 배우는 것을 결코 쉬운 일이 아니다. 게으름을 부리면 세월이 금방 흘러간다. “소년이여, 늙기는 쉬워도 배우기는 어렵다.”는 中國의 유학자 주자의 유명한 말과 비슷한 뜻이다. 그런데 오늘날 이 말이 原來 뜻과는 무관하게 애용되고 있음을 본다. 학문과 예술은 그 生命력이 영원하지만, 인간은 죽으면 잊혀진다는 것이다. 그래서 후세에 남겨줄 훌륭한 업적을 쌓으라고 해석하는 境遇도 있다. 이러한 해석도 그럴듯하기는 하지만, 히포크라테스의 원래의 意圖와는 거리가 멀다.",專門,,전문,전문,
3급II,71,2015-11-28,38,hanjaeo_W,"다음 밑줄 친 漢字語 중 漢字로 표기된 것은 讀音을, 한글로 표기된 것은 漢字로 쓰시오.","의과 대학이나 큰 종합 병원을 들어설 때 우리는 히포크라테스의 胸像과 ‘히포크라테스 憲章’을 자주 대한다. 그리스 의학자 히포크라테스(Hippocrates, BC 약 460~375)는 당시까지만 해도 인간의 질병을 마법이나 미신으로 해결하려는 것에 反對하여 臨床의 관찰과 經驗을 중시하는 ‘의학의 아버지’였다. 그는 그리스 각지를 여행하여 資料를 수집하고 의학을 연구했다. 그에 이르러서야 비로소 의학이 하나의 학문적 형태를 띠게 되었다. 병은 체내의 血液, 점액, 담즙, 흑담즙의 네 가지 체액 사이에 조화가 깨져서 일어난다는 체액설은 유명하며 이것에 基礎하여 나온 갈레노스(Galenos)의 기질 分類는 예로부터 一般적으로 받아들여지고 있다. 그의 의학 이론은 그 후 이슬람 세계와 유럽에 퍼져 근대 의학이 등장하기까지 오랫동안 그 지위를 지켜왔다. 그가 ‘의학의 아버지’라고 불리는 것은 당연한 일이다. 그는 의학의 과학화에 앞장섰을 뿐 아니라, 환자에 대한 의사의 윤리에 대해서도 후세의 의사들에게 模範을 제시했다. 의사가 환자의 입장에서 최선을 다할 것을 마음속에 되새기게 하는 ‘히포크라테스 헌장’ 亦是 그의 위대한 業績 중 하나이다. 그는 이 헌장을 통해서 그의 제자들에게 의사로서의 윤리뿐 아니라, 하나의 專門 지식으로써 의술을 부지런히 익힐 것을 당부하고 있다. “인생은 짧고 예술은 길다.” 바로 이 ‘히포크라테스 헌장’에 나오는 말이다. 여기서 ‘예술’이라는 말은 손으로 익히는 전문적인 기술, 보다 正確히 말하면 ‘의술’을 뜻한다. 의술을 배우는 것을 결코 쉬운 일이 아니다. 게으름을 부리면 세월이 금방 흘러간다. “소년이여, 늙기는 쉬워도 배우기는 어렵다.”는 中國의 유학자 주자의 유명한 말과 비슷한 뜻이다. 그런데 오늘날 이 말이 原來 뜻과는 무관하게 애용되고 있음을 본다. 학문과 예술은 그 生命력이 영원하지만, 인간은 죽으면 잊혀진다는 것이다. 그래서 후세에 남겨줄 훌륭한 업적을 쌓으라고 해석하는 境遇도 있다. 이러한 해석도 그럴듯하기는 하지만, 히포크라테스의 원래의 意圖와는 거리가 멀다.",지식,,知識,知識,
3급II,71,2015-11-28,39,hanjaeo_W,"다음 밑줄 친 漢字語 중 漢字로 표기된 것은 讀音을, 한글로 표기된 것은 漢字로 쓰시오.","의과 대학이나 큰 종합 병원을 들어설 때 우리는 히포크라테스의 胸像과 ‘히포크라테스 憲章’을 자주 대한다. 그리스 의학자 히포크라테스(Hippocrates, BC 약 460~375)는 당시까지만 해도 인간의 질병을 마법이나 미신으로 해결하려는 것에 反對하여 臨床의 관찰과 經驗을 중시하는 ‘의학의 아버지’였다. 그는 그리스 각지를 여행하여 資料를 수집하고 의학을 연구했다. 그에 이르러서야 비로소 의학이 하나의 학문적 형태를 띠게 되었다. 병은 체내의 血液, 점액, 담즙, 흑담즙의 네 가지 체액 사이에 조화가 깨져서 일어난다는 체액설은 유명하며 이것에 基礎하여 나온 갈레노스(Galenos)의 기질 分類는 예로부터 一般적으로 받아들여지고 있다. 그의 의학 이론은 그 후 이슬람 세계와 유럽에 퍼져 근대 의학이 등장하기까지 오랫동안 그 지위를 지켜왔다. 그가 ‘의학의 아버지’라고 불리는 것은 당연한 일이다. 그는 의학의 과학화에 앞장섰을 뿐 아니라, 환자에 대한 의사의 윤리에 대해서도 후세의 의사들에게 模範을 제시했다. 의사가 환자의 입장에서 최선을 다할 것을 마음속에 되새기게 하는 ‘히포크라테스 헌장’ 亦是 그의 위대한 業績 중 하나이다. 그는 이 헌장을 통해서 그의 제자들에게 의사로서의 윤리뿐 아니라, 하나의 專門 지식으로써 의술을 부지런히 익힐 것을 당부하고 있다. “인생은 짧고 예술은 길다.” 바로 이 ‘히포크라테스 헌장’에 나오는 말이다. 여기서 ‘예술’이라는 말은 손으로 익히는 전문적인 기술, 보다 正確히 말하면 ‘의술’을 뜻한다. 의술을 배우는 것을 결코 쉬운 일이 아니다. 게으름을 부리면 세월이 금방 흘러간다. “소년이여, 늙기는 쉬워도 배우기는 어렵다.”는 中國의 유학자 주자의 유명한 말과 비슷한 뜻이다. 그런데 오늘날 이 말이 原來 뜻과는 무관하게 애용되고 있음을 본다. 학문과 예술은 그 生命력이 영원하지만, 인간은 죽으면 잊혀진다는 것이다. 그래서 후세에 남겨줄 훌륭한 업적을 쌓으라고 해석하는 境遇도 있다. 이러한 해석도 그럴듯하기는 하지만, 히포크라테스의 원래의 意圖와는 거리가 멀다.",예술,,藝術,藝術,
3급II,71,2015-11-28,40,dokeum_W,"다음 밑줄 친 漢字語 중 漢字로 표기된 것은 讀音을, 한글로 표기된 것은 漢字로 쓰시오.","의과 대학이나 큰 종합 병원을 들어설 때 우리는 히포크라테스의 胸像과 ‘히포크라테스 憲章’을 자주 대한다. 그리스 의학자 히포크라테스(Hippocrates, BC 약 460~375)는 당시까지만 해도 인간의 질병을 마법이나 미신으로 해결하려는 것에 反對하여 臨床의 관찰과 經驗을 중시하는 ‘의학의 아버지’였다. 그는 그리스 각지를 여행하여 資料를 수집하고 의학을 연구했다. 그에 이르러서야 비로소 의학이 하나의 학문적 형태를 띠게 되었다. 병은 체내의 血液, 점액, 담즙, 흑담즙의 네 가지 체액 사이에 조화가 깨져서 일어난다는 체액설은 유명하며 이것에 基礎하여 나온 갈레노스(Galenos)의 기질 分類는 예로부터 一般적으로 받아들여지고 있다. 그의 의학 이론은 그 후 이슬람 세계와 유럽에 퍼져 근대 의학이 등장하기까지 오랫동안 그 지위를 지켜왔다. 그가 ‘의학의 아버지’라고 불리는 것은 당연한 일이다. 그는 의학의 과학화에 앞장섰을 뿐 아니라, 환자에 대한 의사의 윤리에 대해서도 후세의 의사들에게 模範을 제시했다. 의사가 환자의 입장에서 최선을 다할 것을 마음속에 되새기게 하는 ‘히포크라테스 헌장’ 亦是 그의 위대한 業績 중 하나이다. 그는 이 헌장을 통해서 그의 제자들에게 의사로서의 윤리뿐 아니라, 하나의 專門 지식으로써 의술을 부지런히 익힐 것을 당부하고 있다. “인생은 짧고 예술은 길다.” 바로 이 ‘히포크라테스 헌장’에 나오는 말이다. 여기서 ‘예술’이라는 말은 손으로 익히는 전문적인 기술, 보다 正確히 말하면 ‘의술’을 뜻한다. 의술을 배우는 것을 결코 쉬운 일이 아니다. 게으름을 부리면 세월이 금방 흘러간다. “소년이여, 늙기는 쉬워도 배우기는 어렵다.”는 中國의 유학자 주자의 유명한 말과 비슷한 뜻이다. 그런데 오늘날 이 말이 原來 뜻과는 무관하게 애용되고 있음을 본다. 학문과 예술은 그 生命력이 영원하지만, 인간은 죽으면 잊혀진다는 것이다. 그래서 후세에 남겨줄 훌륭한 업적을 쌓으라고 해석하는 境遇도 있다. 이러한 해석도 그럴듯하기는 하지만, 히포크라테스의 원래의 意圖와는 거리가 멀다.",正確,,정확,정확,
3급II,71,2015-11-28,41,hanjaeo_W,"다음 밑줄 친 漢字語 중 漢字로 표기된 것은 讀音을, 한글로 표기된 것은 漢字로 쓰시오.","의과 대학이나 큰 종합 병원을 들어설 때 우리는 히포크라테스의 胸像과 ‘히포크라테스 憲章’을 자주 대한다. 그리스 의학자 히포크라테스(Hippocrates, BC 약 460~375)는 당시까지만 해도 인간의 질병을 마법이나 미신으로 해결하려는 것에 反對하여 臨床의 관찰과 經驗을 중시하는 ‘의학의 아버지’였다. 그는 그리스 각지를 여행하여 資料를 수집하고 의학을 연구했다. 그에 이르러서야 비로소 의학이 하나의 학문적 형태를 띠게 되었다. 병은 체내의 血液, 점액, 담즙, 흑담즙의 네 가지 체액 사이에 조화가 깨져서 일어난다는 체액설은 유명하며 이것에 基礎하여 나온 갈레노스(Galenos)의 기질 分類는 예로부터 一般적으로 받아들여지고 있다. 그의 의학 이론은 그 후 이슬람 세계와 유럽에 퍼져 근대 의학이 등장하기까지 오랫동안 그 지위를 지켜왔다. 그가 ‘의학의 아버지’라고 불리는 것은 당연한 일이다. 그는 의학의 과학화에 앞장섰을 뿐 아니라, 환자에 대한 의사의 윤리에 대해서도 후세의 의사들에게 模範을 제시했다. 의사가 환자의 입장에서 최선을 다할 것을 마음속에 되새기게 하는 ‘히포크라테스 헌장’ 亦是 그의 위대한 業績 중 하나이다. 그는 이 헌장을 통해서 그의 제자들에게 의사로서의 윤리뿐 아니라, 하나의 專門 지식으로써 의술을 부지런히 익힐 것을 당부하고 있다. “인생은 짧고 예술은 길다.” 바로 이 ‘히포크라테스 헌장’에 나오는 말이다. 여기서 ‘예술’이라는 말은 손으로 익히는 전문적인 기술, 보다 正確히 말하면 ‘의술’을 뜻한다. 의술을 배우는 것을 결코 쉬운 일이 아니다. 게으름을 부리면 세월이 금방 흘러간다. “소년이여, 늙기는 쉬워도 배우기는 어렵다.”는 中國의 유학자 주자의 유명한 말과 비슷한 뜻이다. 그런데 오늘날 이 말이 原來 뜻과는 무관하게 애용되고 있음을 본다. 학문과 예술은 그 生命력이 영원하지만, 인간은 죽으면 잊혀진다는 것이다. 그래서 후세에 남겨줄 훌륭한 업적을 쌓으라고 해석하는 境遇도 있다. 이러한 해석도 그럴듯하기는 하지만, 히포크라테스의 원래의 意圖와는 거리가 멀다.",세월,,歲月,歲月,
3급II,71,2015-11-28,42,hanjaeo_W,"다음 밑줄 친 漢字語 중 漢字로 표기된 것은 讀音을, 한글로 표기된 것은 漢字로 쓰시오.","의과 대학이나 큰 종합 병원을 들어설 때 우리는 히포크라테스의 胸像과 ‘히포크라테스 憲章’을 자주 대한다. 그리스 의학자 히포크라테스(Hippocrates, BC 약 460~375)는 당시까지만 해도 인간의 질병을 마법이나 미신으로 해결하려는 것에 反對하여 臨床의 관찰과 經驗을 중시하는 ‘의학의 아버지’였다. 그는 그리스 각지를 여행하여 資料를 수집하고 의학을 연구했다. 그에 이르러서야 비로소 의학이 하나의 학문적 형태를 띠게 되었다. 병은 체내의 血液, 점액, 담즙, 흑담즙의 네 가지 체액 사이에 조화가 깨져서 일어난다는 체액설은 유명하며 이것에 基礎하여 나온 갈레노스(Galenos)의 기질 分類는 예로부터 一般적으로 받아들여지고 있다. 그의 의학 이론은 그 후 이슬람 세계와 유럽에 퍼져 근대 의학이 등장하기까지 오랫동안 그 지위를 지켜왔다. 그가 ‘의학의 아버지’라고 불리는 것은 당연한 일이다. 그는 의학의 과학화에 앞장섰을 뿐 아니라, 환자에 대한 의사의 윤리에 대해서도 후세의 의사들에게 模範을 제시했다. 의사가 환자의 입장에서 최선을 다할 것을 마음속에 되새기게 하는 ‘히포크라테스 헌장’ 亦是 그의 위대한 業績 중 하나이다. 그는 이 헌장을 통해서 그의 제자들에게 의사로서의 윤리뿐 아니라, 하나의 專門 지식으로써 의술을 부지런히 익힐 것을 당부하고 있다. “인생은 짧고 예술은 길다.” 바로 이 ‘히포크라테스 헌장’에 나오는 말이다. 여기서 ‘예술’이라는 말은 손으로 익히는 전문적인 기술, 보다 正確히 말하면 ‘의술’을 뜻한다. 의술을 배우는 것을 결코 쉬운 일이 아니다. 게으름을 부리면 세월이 금방 흘러간다. “소년이여, 늙기는 쉬워도 배우기는 어렵다.”는 中國의 유학자 주자의 유명한 말과 비슷한 뜻이다. 그런데 오늘날 이 말이 原來 뜻과는 무관하게 애용되고 있음을 본다. 학문과 예술은 그 生命력이 영원하지만, 인간은 죽으면 잊혀진다는 것이다. 그래서 후세에 남겨줄 훌륭한 업적을 쌓으라고 해석하는 境遇도 있다. 이러한 해석도 그럴듯하기는 하지만, 히포크라테스의 원래의 意圖와는 거리가 멀다.",소년,,少年,少年,
3급II,71,2015-11-28,43,dokeum_W,"다음 밑줄 친 漢字語 중 漢字로 표기된 것은 讀音을, 한글로 표기된 것은 漢字로 쓰시오.","의과 대학이나 큰 종합 병원을 들어설 때 우리는 히포크라테스의 胸像과 ‘히포크라테스 憲章’을 자주 대한다. 그리스 의학자 히포크라테스(Hippocrates, BC 약 460~375)는 당시까지만 해도 인간의 질병을 마법이나 미신으로 해결하려는 것에 反對하여 臨床의 관찰과 經驗을 중시하는 ‘의학의 아버지’였다. 그는 그리스 각지를 여행하여 資料를 수집하고 의학을 연구했다. 그에 이르러서야 비로소 의학이 하나의 학문적 형태를 띠게 되었다. 병은 체내의 血液, 점액, 담즙, 흑담즙의 네 가지 체액 사이에 조화가 깨져서 일어난다는 체액설은 유명하며 이것에 基礎하여 나온 갈레노스(Galenos)의 기질 分類는 예로부터 一般적으로 받아들여지고 있다. 그의 의학 이론은 그 후 이슬람 세계와 유럽에 퍼져 근대 의학이 등장하기까지 오랫동안 그 지위를 지켜왔다. 그가 ‘의학의 아버지’라고 불리는 것은 당연한 일이다. 그는 의학의 과학화에 앞장섰을 뿐 아니라, 환자에 대한 의사의 윤리에 대해서도 후세의 의사들에게 模範을 제시했다. 의사가 환자의 입장에서 최선을 다할 것을 마음속에 되새기게 하는 ‘히포크라테스 헌장’ 亦是 그의 위대한 業績 중 하나이다. 그는 이 헌장을 통해서 그의 제자들에게 의사로서의 윤리뿐 아니라, 하나의 專門 지식으로써 의술을 부지런히 익힐 것을 당부하고 있다. “인생은 짧고 예술은 길다.” 바로 이 ‘히포크라테스 헌장’에 나오는 말이다. 여기서 ‘예술’이라는 말은 손으로 익히는 전문적인 기술, 보다 正確히 말하면 ‘의술’을 뜻한다. 의술을 배우는 것을 결코 쉬운 일이 아니다. 게으름을 부리면 세월이 금방 흘러간다. “소년이여, 늙기는 쉬워도 배우기는 어렵다.”는 中國의 유학자 주자의 유명한 말과 비슷한 뜻이다. 그런데 오늘날 이 말이 原來 뜻과는 무관하게 애용되고 있음을 본다. 학문과 예술은 그 生命력이 영원하지만, 인간은 죽으면 잊혀진다는 것이다. 그래서 후세에 남겨줄 훌륭한 업적을 쌓으라고 해석하는 境遇도 있다. 이러한 해석도 그럴듯하기는 하지만, 히포크라테스의 원래의 意圖와는 거리가 멀다.",中國,,중국,중국,
3급II,71,2015-11-28,44,dokeum_W,"다음 밑줄 친 漢字語 중 漢字로 표기된 것은 讀音을, 한글로 표기된 것은 漢字로 쓰시오.","의과 대학이나 큰 종합 병원을 들어설 때 우리는 히포크라테스의 胸像과 ‘히포크라테스 憲章’을 자주 대한다. 그리스 의학자 히포크라테스(Hippocrates, BC 약 460~375)는 당시까지만 해도 인간의 질병을 마법이나 미신으로 해결하려는 것에 反對하여 臨床의 관찰과 經驗을 중시하는 ‘의학의 아버지’였다. 그는 그리스 각지를 여행하여 資料를 수집하고 의학을 연구했다. 그에 이르러서야 비로소 의학이 하나의 학문적 형태를 띠게 되었다. 병은 체내의 血液, 점액, 담즙, 흑담즙의 네 가지 체액 사이에 조화가 깨져서 일어난다는 체액설은 유명하며 이것에 基礎하여 나온 갈레노스(Galenos)의 기질 分類는 예로부터 一般적으로 받아들여지고 있다. 그의 의학 이론은 그 후 이슬람 세계와 유럽에 퍼져 근대 의학이 등장하기까지 오랫동안 그 지위를 지켜왔다. 그가 ‘의학의 아버지’라고 불리는 것은 당연한 일이다. 그는 의학의 과학화에 앞장섰을 뿐 아니라, 환자에 대한 의사의 윤리에 대해서도 후세의 의사들에게 模範을 제시했다. 의사가 환자의 입장에서 최선을 다할 것을 마음속에 되새기게 하는 ‘히포크라테스 헌장’ 亦是 그의 위대한 業績 중 하나이다. 그는 이 헌장을 통해서 그의 제자들에게 의사로서의 윤리뿐 아니라, 하나의 專門 지식으로써 의술을 부지런히 익힐 것을 당부하고 있다. “인생은 짧고 예술은 길다.” 바로 이 ‘히포크라테스 헌장’에 나오는 말이다. 여기서 ‘예술’이라는 말은 손으로 익히는 전문적인 기술, 보다 正確히 말하면 ‘의술’을 뜻한다. 의술을 배우는 것을 결코 쉬운 일이 아니다. 게으름을 부리면 세월이 금방 흘러간다. “소년이여, 늙기는 쉬워도 배우기는 어렵다.”는 中國의 유학자 주자의 유명한 말과 비슷한 뜻이다. 그런데 오늘날 이 말이 原來 뜻과는 무관하게 애용되고 있음을 본다. 학문과 예술은 그 生命력이 영원하지만, 인간은 죽으면 잊혀진다는 것이다. 그래서 후세에 남겨줄 훌륭한 업적을 쌓으라고 해석하는 境遇도 있다. 이러한 해석도 그럴듯하기는 하지만, 히포크라테스의 원래의 意圖와는 거리가 멀다.",原來,,원래,원래,
3급II,71,2015-11-28,45,hanjaeo_W,"다음 밑줄 친 漢字語 중 漢字로 표기된 것은 讀音을, 한글로 표기된 것은 漢字로 쓰시오.","의과 대학이나 큰 종합 병원을 들어설 때 우리는 히포크라테스의 胸像과 ‘히포크라테스 憲章’을 자주 대한다. 그리스 의학자 히포크라테스(Hippocrates, BC 약 460~375)는 당시까지만 해도 인간의 질병을 마법이나 미신으로 해결하려는 것에 反對하여 臨床의 관찰과 經驗을 중시하는 ‘의학의 아버지’였다. 그는 그리스 각지를 여행하여 資料를 수집하고 의학을 연구했다. 그에 이르러서야 비로소 의학이 하나의 학문적 형태를 띠게 되었다. 병은 체내의 血液, 점액, 담즙, 흑담즙의 네 가지 체액 사이에 조화가 깨져서 일어난다는 체액설은 유명하며 이것에 基礎하여 나온 갈레노스(Galenos)의 기질 分類는 예로부터 一般적으로 받아들여지고 있다. 그의 의학 이론은 그 후 이슬람 세계와 유럽에 퍼져 근대 의학이 등장하기까지 오랫동안 그 지위를 지켜왔다. 그가 ‘의학의 아버지’라고 불리는 것은 당연한 일이다. 그는 의학의 과학화에 앞장섰을 뿐 아니라, 환자에 대한 의사의 윤리에 대해서도 후세의 의사들에게 模範을 제시했다. 의사가 환자의 입장에서 최선을 다할 것을 마음속에 되새기게 하는 ‘히포크라테스 헌장’ 亦是 그의 위대한 業績 중 하나이다. 그는 이 헌장을 통해서 그의 제자들에게 의사로서의 윤리뿐 아니라, 하나의 專門 지식으로써 의술을 부지런히 익힐 것을 당부하고 있다. “인생은 짧고 예술은 길다.” 바로 이 ‘히포크라테스 헌장’에 나오는 말이다. 여기서 ‘예술’이라는 말은 손으로 익히는 전문적인 기술, 보다 正確히 말하면 ‘의술’을 뜻한다. 의술을 배우는 것을 결코 쉬운 일이 아니다. 게으름을 부리면 세월이 금방 흘러간다. “소년이여, 늙기는 쉬워도 배우기는 어렵다.”는 中國의 유학자 주자의 유명한 말과 비슷한 뜻이다. 그런데 오늘날 이 말이 原來 뜻과는 무관하게 애용되고 있음을 본다. 학문과 예술은 그 生命력이 영원하지만, 인간은 죽으면 잊혀진다는 것이다. 그래서 후세에 남겨줄 훌륭한 업적을 쌓으라고 해석하는 境遇도 있다. 이러한 해석도 그럴듯하기는 하지만, 히포크라테스의 원래의 意圖와는 거리가 멀다.",무관,,無關,無關,
3급II,71,2015-11-28,46,hanjaeo_W,"다음 밑줄 친 漢字語 중 漢字로 표기된 것은 讀音을, 한글로 표기된 것은 漢字로 쓰시오.","의과 대학이나 큰 종합 병원을 들어설 때 우리는 히포크라테스의 胸像과 ‘히포크라테스 憲章’을 자주 대한다. 그리스 의학자 히포크라테스(Hippocrates, BC 약 460~375)는 당시까지만 해도 인간의 질병을 마법이나 미신으로 해결하려는 것에 反對하여 臨床의 관찰과 經驗을 중시하는 ‘의학의 아버지’였다. 그는 그리스 각지를 여행하여 資料를 수집하고 의학을 연구했다. 그에 이르러서야 비로소 의학이 하나의 학문적 형태를 띠게 되었다. 병은 체내의 血液, 점액, 담즙, 흑담즙의 네 가지 체액 사이에 조화가 깨져서 일어난다는 체액설은 유명하며 이것에 基礎하여 나온 갈레노스(Galenos)의 기질 分類는 예로부터 一般적으로 받아들여지고 있다. 그의 의학 이론은 그 후 이슬람 세계와 유럽에 퍼져 근대 의학이 등장하기까지 오랫동안 그 지위를 지켜왔다. 그가 ‘의학의 아버지’라고 불리는 것은 당연한 일이다. 그는 의학의 과학화에 앞장섰을 뿐 아니라, 환자에 대한 의사의 윤리에 대해서도 후세의 의사들에게 模範을 제시했다. 의사가 환자의 입장에서 최선을 다할 것을 마음속에 되새기게 하는 ‘히포크라테스 헌장’ 亦是 그의 위대한 業績 중 하나이다. 그는 이 헌장을 통해서 그의 제자들에게 의사로서의 윤리뿐 아니라, 하나의 專門 지식으로써 의술을 부지런히 익힐 것을 당부하고 있다. “인생은 짧고 예술은 길다.” 바로 이 ‘히포크라테스 헌장’에 나오는 말이다. 여기서 ‘예술’이라는 말은 손으로 익히는 전문적인 기술, 보다 正確히 말하면 ‘의술’을 뜻한다. 의술을 배우는 것을 결코 쉬운 일이 아니다. 게으름을 부리면 세월이 금방 흘러간다. “소년이여, 늙기는 쉬워도 배우기는 어렵다.”는 中國의 유학자 주자의 유명한 말과 비슷한 뜻이다. 그런데 오늘날 이 말이 原來 뜻과는 무관하게 애용되고 있음을 본다. 학문과 예술은 그 生命력이 영원하지만, 인간은 죽으면 잊혀진다는 것이다. 그래서 후세에 남겨줄 훌륭한 업적을 쌓으라고 해석하는 境遇도 있다. 이러한 해석도 그럴듯하기는 하지만, 히포크라테스의 원래의 意圖와는 거리가 멀다.",애용,,愛用,愛用,
3급II,71,2015-11-28,47,dokeum_W,"다음 밑줄 친 漢字語 중 漢字로 표기된 것은 讀音을, 한글로 표기된 것은 漢字로 쓰시오.","의과 대학이나 큰 종합 병원을 들어설 때 우리는 히포크라테스의 胸像과 ‘히포크라테스 憲章’을 자주 대한다. 그리스 의학자 히포크라테스(Hippocrates, BC 약 460~375)는 당시까지만 해도 인간의 질병을 마법이나 미신으로 해결하려는 것에 反對하여 臨床의 관찰과 經驗을 중시하는 ‘의학의 아버지’였다. 그는 그리스 각지를 여행하여 資料를 수집하고 의학을 연구했다. 그에 이르러서야 비로소 의학이 하나의 학문적 형태를 띠게 되었다. 병은 체내의 血液, 점액, 담즙, 흑담즙의 네 가지 체액 사이에 조화가 깨져서 일어난다는 체액설은 유명하며 이것에 基礎하여 나온 갈레노스(Galenos)의 기질 分類는 예로부터 一般적으로 받아들여지고 있다. 그의 의학 이론은 그 후 이슬람 세계와 유럽에 퍼져 근대 의학이 등장하기까지 오랫동안 그 지위를 지켜왔다. 그가 ‘의학의 아버지’라고 불리는 것은 당연한 일이다. 그는 의학의 과학화에 앞장섰을 뿐 아니라, 환자에 대한 의사의 윤리에 대해서도 후세의 의사들에게 模範을 제시했다. 의사가 환자의 입장에서 최선을 다할 것을 마음속에 되새기게 하는 ‘히포크라테스 헌장’ 亦是 그의 위대한 業績 중 하나이다. 그는 이 헌장을 통해서 그의 제자들에게 의사로서의 윤리뿐 아니라, 하나의 專門 지식으로써 의술을 부지런히 익힐 것을 당부하고 있다. “인생은 짧고 예술은 길다.” 바로 이 ‘히포크라테스 헌장’에 나오는 말이다. 여기서 ‘예술’이라는 말은 손으로 익히는 전문적인 기술, 보다 正確히 말하면 ‘의술’을 뜻한다. 의술을 배우는 것을 결코 쉬운 일이 아니다. 게으름을 부리면 세월이 금방 흘러간다. “소년이여, 늙기는 쉬워도 배우기는 어렵다.”는 中國의 유학자 주자의 유명한 말과 비슷한 뜻이다. 그런데 오늘날 이 말이 原來 뜻과는 무관하게 애용되고 있음을 본다. 학문과 예술은 그 生命력이 영원하지만, 인간은 죽으면 잊혀진다는 것이다. 그래서 후세에 남겨줄 훌륭한 업적을 쌓으라고 해석하는 境遇도 있다. 이러한 해석도 그럴듯하기는 하지만, 히포크라테스의 원래의 意圖와는 거리가 멀다.",生命,,생명,생명,
3급II,71,2015-11-28,48,hanjaeo_W,"다음 밑줄 친 漢字語 중 漢字로 표기된 것은 讀音을, 한글로 표기된 것은 漢字로 쓰시오.","의과 대학이나 큰 종합 병원을 들어설 때 우리는 히포크라테스의 胸像과 ‘히포크라테스 憲章’을 자주 대한다. 그리스 의학자 히포크라테스(Hippocrates, BC 약 460~375)는 당시까지만 해도 인간의 질병을 마법이나 미신으로 해결하려는 것에 反對하여 臨床의 관찰과 經驗을 중시하는 ‘의학의 아버지’였다. 그는 그리스 각지를 여행하여 資料를 수집하고 의학을 연구했다. 그에 이르러서야 비로소 의학이 하나의 학문적 형태를 띠게 되었다. 병은 체내의 血液, 점액, 담즙, 흑담즙의 네 가지 체액 사이에 조화가 깨져서 일어난다는 체액설은 유명하며 이것에 基礎하여 나온 갈레노스(Galenos)의 기질 分類는 예로부터 一般적으로 받아들여지고 있다. 그의 의학 이론은 그 후 이슬람 세계와 유럽에 퍼져 근대 의학이 등장하기까지 오랫동안 그 지위를 지켜왔다. 그가 ‘의학의 아버지’라고 불리는 것은 당연한 일이다. 그는 의학의 과학화에 앞장섰을 뿐 아니라, 환자에 대한 의사의 윤리에 대해서도 후세의 의사들에게 模範을 제시했다. 의사가 환자의 입장에서 최선을 다할 것을 마음속에 되새기게 하는 ‘히포크라테스 헌장’ 亦是 그의 위대한 業績 중 하나이다. 그는 이 헌장을 통해서 그의 제자들에게 의사로서의 윤리뿐 아니라, 하나의 專門 지식으로써 의술을 부지런히 익힐 것을 당부하고 있다. “인생은 짧고 예술은 길다.” 바로 이 ‘히포크라테스 헌장’에 나오는 말이다. 여기서 ‘예술’이라는 말은 손으로 익히는 전문적인 기술, 보다 正確히 말하면 ‘의술’을 뜻한다. 의술을 배우는 것을 결코 쉬운 일이 아니다. 게으름을 부리면 세월이 금방 흘러간다. “소년이여, 늙기는 쉬워도 배우기는 어렵다.”는 中國의 유학자 주자의 유명한 말과 비슷한 뜻이다. 그런데 오늘날 이 말이 原來 뜻과는 무관하게 애용되고 있음을 본다. 학문과 예술은 그 生命력이 영원하지만, 인간은 죽으면 잊혀진다는 것이다. 그래서 후세에 남겨줄 훌륭한 업적을 쌓으라고 해석하는 境遇도 있다. 이러한 해석도 그럴듯하기는 하지만, 히포크라테스의 원래의 意圖와는 거리가 멀다.",영원,,永遠,永遠,
3급II,71,2015-11-28,49,dokeum_W,"다음 밑줄 친 漢字語 중 漢字로 표기된 것은 讀音을, 한글로 표기된 것은 漢字로 쓰시오.","의과 대학이나 큰 종합 병원을 들어설 때 우리는 히포크라테스의 胸像과 ‘히포크라테스 憲章’을 자주 대한다. 그리스 의학자 히포크라테스(Hippocrates, BC 약 460~375)는 당시까지만 해도 인간의 질병을 마법이나 미신으로 해결하려는 것에 反對하여 臨床의 관찰과 經驗을 중시하는 ‘의학의 아버지’였다. 그는 그리스 각지를 여행하여 資料를 수집하고 의학을 연구했다. 그에 이르러서야 비로소 의학이 하나의 학문적 형태를 띠게 되었다. 병은 체내의 血液, 점액, 담즙, 흑담즙의 네 가지 체액 사이에 조화가 깨져서 일어난다는 체액설은 유명하며 이것에 基礎하여 나온 갈레노스(Galenos)의 기질 分類는 예로부터 一般적으로 받아들여지고 있다. 그의 의학 이론은 그 후 이슬람 세계와 유럽에 퍼져 근대 의학이 등장하기까지 오랫동안 그 지위를 지켜왔다. 그가 ‘의학의 아버지’라고 불리는 것은 당연한 일이다. 그는 의학의 과학화에 앞장섰을 뿐 아니라, 환자에 대한 의사의 윤리에 대해서도 후세의 의사들에게 模範을 제시했다. 의사가 환자의 입장에서 최선을 다할 것을 마음속에 되새기게 하는 ‘히포크라테스 헌장’ 亦是 그의 위대한 業績 중 하나이다. 그는 이 헌장을 통해서 그의 제자들에게 의사로서의 윤리뿐 아니라, 하나의 專門 지식으로써 의술을 부지런히 익힐 것을 당부하고 있다. “인생은 짧고 예술은 길다.” 바로 이 ‘히포크라테스 헌장’에 나오는 말이다. 여기서 ‘예술’이라는 말은 손으로 익히는 전문적인 기술, 보다 正確히 말하면 ‘의술’을 뜻한다. 의술을 배우는 것을 결코 쉬운 일이 아니다. 게으름을 부리면 세월이 금방 흘러간다. “소년이여, 늙기는 쉬워도 배우기는 어렵다.”는 中國의 유학자 주자의 유명한 말과 비슷한 뜻이다. 그런데 오늘날 이 말이 原來 뜻과는 무관하게 애용되고 있음을 본다. 학문과 예술은 그 生命력이 영원하지만, 인간은 죽으면 잊혀진다는 것이다. 그래서 후세에 남겨줄 훌륭한 업적을 쌓으라고 해석하는 境遇도 있다. 이러한 해석도 그럴듯하기는 하지만, 히포크라테스의 원래의 意圖와는 거리가 멀다.",境遇,,경우,경우,
3급II,71,2015-11-28,50,dokeum_W,"다음 밑줄 친 漢字語 중 漢字로 표기된 것은 讀音을, 한글로 표기된 것은 漢字로 쓰시오.","의과 대학이나 큰 종합 병원을 들어설 때 우리는 히포크라테스의 胸像과 ‘히포크라테스 憲章’을 자주 대한다. 그리스 의학자 히포크라테스(Hippocrates, BC 약 460~375)는 당시까지만 해도 인간의 질병을 마법이나 미신으로 해결하려는 것에 反對하여 臨床의 관찰과 經驗을 중시하는 ‘의학의 아버지’였다. 그는 그리스 각지를 여행하여 資料를 수집하고 의학을 연구했다. 그에 이르러서야 비로소 의학이 하나의 학문적 형태를 띠게 되었다. 병은 체내의 血液, 점액, 담즙, 흑담즙의 네 가지 체액 사이에 조화가 깨져서 일어난다는 체액설은 유명하며 이것에 基礎하여 나온 갈레노스(Galenos)의 기질 分類는 예로부터 一般적으로 받아들여지고 있다. 그의 의학 이론은 그 후 이슬람 세계와 유럽에 퍼져 근대 의학이 등장하기까지 오랫동안 그 지위를 지켜왔다. 그가 ‘의학의 아버지’라고 불리는 것은 당연한 일이다. 그는 의학의 과학화에 앞장섰을 뿐 아니라, 환자에 대한 의사의 윤리에 대해서도 후세의 의사들에게 模範을 제시했다. 의사가 환자의 입장에서 최선을 다할 것을 마음속에 되새기게 하는 ‘히포크라테스 헌장’ 亦是 그의 위대한 業績 중 하나이다. 그는 이 헌장을 통해서 그의 제자들에게 의사로서의 윤리뿐 아니라, 하나의 專門 지식으로써 의술을 부지런히 익힐 것을 당부하고 있다. “인생은 짧고 예술은 길다.” 바로 이 ‘히포크라테스 헌장’에 나오는 말이다. 여기서 ‘예술’이라는 말은 손으로 익히는 전문적인 기술, 보다 正確히 말하면 ‘의술’을 뜻한다. 의술을 배우는 것을 결코 쉬운 일이 아니다. 게으름을 부리면 세월이 금방 흘러간다. “소년이여, 늙기는 쉬워도 배우기는 어렵다.”는 中國의 유학자 주자의 유명한 말과 비슷한 뜻이다. 그런데 오늘날 이 말이 原來 뜻과는 무관하게 애용되고 있음을 본다. 학문과 예술은 그 生命력이 영원하지만, 인간은 죽으면 잊혀진다는 것이다. 그래서 후세에 남겨줄 훌륭한 업적을 쌓으라고 해석하는 境遇도 있다. 이러한 해석도 그럴듯하기는 하지만, 히포크라테스의 원래의 意圖와는 거리가 멀다.",意圖,,의도,의도,
3급II,71,2015-11-28,51,huneum_W,다음 漢字의 訓과 音을 쓰시오.,乾,乾,,마를/하늘 건,마를/하늘 건,
3급II,71,2015-11-28,52,huneum_W,다음 漢字의 訓과 音을 쓰시오.,桃,桃,,복숭아 도,복숭아 도,
3급II,71,2015-11-28,53,huneum_W,다음 漢字의 訓과 音을 쓰시오.,勉,勉,,힘쓸 면,힘쓸 면,
3급II,71,2015-11-28,54,huneum_W,다음 漢字의 訓과 音을 쓰시오.,麻,麻,,삼 마,삼 마,
3급II,71,2015-11-28,55,huneum_W,다음 漢字의 訓과 音을 쓰시오.,貫,貫,,꿸 관,꿸 관,
3급II,71,2015-11-28,56,huneum_W,다음 漢字의 訓과 音을 쓰시오.,散,散,,흩을 산,흩을 산,
3급II,71,2015-11-28,57,huneum_W,다음 漢字의 訓과 音을 쓰시오.,燕,燕,,제비 연,제비 연,
3급II,71,2015-11-28,58,huneum_W,다음 漢字의 訓과 音을 쓰시오.,揮,揮,,휘두를 휘,휘두를 휘,
3급II,71,2015-11-28,59,huneum_W,다음 漢字의 訓과 音을 쓰시오.,爐,爐,,화로 로,화로 로,
3급II,71,2015-11-28,60,huneum_W,다음 漢字의 訓과 音을 쓰시오.,規,規,,법 규,법 규,
3급II,71,2015-11-28,61,huneum_W,다음 漢字의 訓과 音을 쓰시오.,泥,泥,,진흙 니,진흙 니,
3급II,71,2015-11-28,62,huneum_W,다음 漢字의 訓과 音을 쓰시오.,避,避,,피할 피,피할 피,
3급II,71,2015-11-28,63,huneum_W,다음 漢字의 訓과 音을 쓰시오.,普,普,,넓을 보,넓을 보,
3급II,71,2015-11-28,64,huneum_W,다음 漢字의 訓과 音을 쓰시오.,腐,腐,,썩을 부,썩을 부,
3급II,71,2015-11-28,65,huneum_W,다음 漢字의 訓과 音을 쓰시오.,淡,淡,,맑을 담,맑을 담,
3급II,71,2015-11-28,66,huneum_W,다음 漢字의 訓과 音을 쓰시오.,筋,筋,,힘줄 근,힘줄 근,
3급II,71,2015-11-28,67,huneum_W,다음 漢字의 訓과 音을 쓰시오.,歎,歎,,탄식할 탄,탄식할 탄,
3급II,71,2015-11-28,68,huneum_W,다음 漢字의 訓과 音을 쓰시오.,桑,桑,,뽕나무 상,뽕나무 상,
3급II,71,2015-11-28,69,huneum_W,다음 漢字의 訓과 音을 쓰시오.,築,築,,쌓을 축,쌓을 축,
3급II,71,2015-11-28,70,huneum_W,다음 漢字의 訓과 音을 쓰시오.,飯,飯,,밥 반,밥 반,
3급II,71,2015-11-28,71,huneum_W,다음 漢字의 訓과 音을 쓰시오.,突,突,,갑자기 돌,갑자기 돌,
3급II,71,2015-11-28,72,huneum_W,다음 漢字의 訓과 音을 쓰시오.,鎖,鎖,,쇠사슬 쇄,쇠사슬 쇄,
3급II,71,2015-11-28,73,huneum_W,다음 漢字의 訓과 音을 쓰시오.,潛,潛,,잠길 잠,잠길 잠,
3급II,71,2015-11-28,74,huneum_W,다음 漢字의 訓과 音을 쓰시오.,默,默,,잠잠할 묵,잠잠할 묵,
3급II,71,2015-11-28,75,huneum_W,다음 漢字의 訓과 音을 쓰시오.,麗,麗,,고울 려,고울 려,
3급II,71,2015-11-28,76,huneum_W,다음 漢字의 訓과 音을 쓰시오.,懇,懇,,간절할 간,간절할 간,
3급II,71,2015-11-28,77,huneum_W,다음 漢字의 訓과 音을 쓰시오.,暖,暖,,따뜻할 난,따뜻할 난,
3급II,71,2015-11-28,78,dokeum_W,다음 漢字語의 讀音을 쓰시오.,構成,構成,,구성,구성,
3급II,71,2015-11-28,79,dokeum_W,다음 漢字語의 讀音을 쓰시오.,周圍,周圍,,주위,주위,
3급II,71,2015-11-28,80,dokeum_W,다음 漢字語의 讀音을 쓰시오.,牧畜,牧畜,,목축,목축,
3급II,71,2015-11-28,81,dokeum_W,다음 漢字語의 讀音을 쓰시오.,崇拜,崇拜,,숭배,숭배,
3급II,71,2015-11-28,82,dokeum_W,다음 漢字語의 讀音을 쓰시오.,伯父,伯父,,백부,백부,
3급II,71,2015-11-28,83,dokeum_W,다음 漢字語의 讀音을 쓰시오.,激勵,激勵,,격려,격려,
3급II,71,2015-11-28,84,dokeum_W,다음 漢字語의 讀音을 쓰시오.,伐草,伐草,,벌초,벌초,
3급II,71,2015-11-28,85,dokeum_W,다음 漢字語의 讀音을 쓰시오.,複雜,複雜,,복잡,복잡,
3급II,71,2015-11-28,86,dokeum_W,다음 漢字語의 讀音을 쓰시오.,密林,密林,,밀림,밀림,
3급II,71,2015-11-28,87,dokeum_W,다음 漢字語의 讀音을 쓰시오.,靜寂,靜寂,,정적,정적,
3급II,71,2015-11-28,88,dokeum_W,다음 漢字語의 讀音을 쓰시오.,速步,速步,,속보,속보,
3급II,71,2015-11-28,89,dokeum_W,다음 漢字語의 讀音을 쓰시오.,老鍊,老鍊,,노련,노련,
3급II,71,2015-11-28,90,dokeum_W,다음 漢字語의 讀音을 쓰시오.,相逢,相逢,,상봉,상봉,
3급II,71,2015-11-28,91,dokeum_W,다음 漢字語의 讀音을 쓰시오.,單純,單純,,단순,단순,
3급II,71,2015-11-28,92,dokeum_W,다음 漢字語의 讀音을 쓰시오.,抗辯,抗辯,,항변,항변,
3급II,71,2015-11-28,93,dokeum_W,다음 漢字語의 讀音을 쓰시오.,邪惡,邪惡,,사악,사악,
3급II,71,2015-11-28,94,dokeum_W,다음 漢字語의 讀音을 쓰시오.,隆盛,隆盛,,융성,융성,
3급II,71,2015-11-28,95,dokeum_W,다음 漢字語의 讀音을 쓰시오.,克己,克己,,극기,극기,
3급II,71,2015-11-28,96,dokeum_W,다음 漢字語의 讀音을 쓰시오.,償還,償還,,상환,상환,
3급II,71,2015-11-28,97,dokeum_W,다음 漢字語의 讀音을 쓰시오.,貧窮,貧窮,,빈궁,빈궁,
3급II,71,2015-11-28,98,dokeum_W,다음 漢字語의 讀音을 쓰시오.,陳述,陳述,,진술,진술,
3급II,71,2015-11-28,99,dokeum_W,다음 漢字語의 讀音을 쓰시오.,缺損,缺損,,결손,결손,
3급II,71,2015-11-28,100,dokeum_W,다음 漢字語의 讀音을 쓰시오.,特殊,特殊,,특수,특수,
3급II,71,2015-11-28,101,dokeum_W,다음 漢字語의 讀音을 쓰시오.,巖壁,巖壁,,암벽,암벽,
3급II,71,2015-11-28,102,dokeum_W,다음 漢字語의 讀音을 쓰시오.,船員,船員,,선원,선원,
3급II,71,2015-11-28,103,jangeum_S,다음 漢字語 가운데 첫 음절이 길게 소리 나는 것을 골라 그 번호를 쓰시오.,,,"[""① 郎君"", ""② 能率"", ""③ 糧穀"", ""④ 冷湯""]",④,④ 冷湯,
3급II,71,2015-11-28,104,jangeum_S,다음 漢字語 가운데 첫 음절이 길게 소리 나는 것을 골라 그 번호를 쓰시오.,,,"[""① 致賀"", ""② 祈願"", ""③ 微弱"", ""④ 疲困""]",①,① 致賀,
3급II,71,2015-11-28,105,jangeum_S,다음 漢字語 가운데 첫 음절이 길게 소리 나는 것을 골라 그 번호를 쓰시오.,,,"[""① 姉妹"", ""② 波動"", ""③ 珠玉"", ""④ 低價""]",④,④ 低價,
3급II,71,2015-11-28,106,jangeum_S,다음 漢字語 가운데 첫 음절이 길게 소리 나는 것을 골라 그 번호를 쓰시오.,,,"[""① 田園"", ""② 圓滿"", ""③ 緩急"", ""④ 天井""]",③,③ 緩急,
3급II,71,2015-11-28,107,jangeum_S,다음 漢字語 가운데 첫 음절이 길게 소리 나는 것을 골라 그 번호를 쓰시오.,,,"[""① 丹靑"", ""② 殘金"", ""③ 閑暇"", ""④ 算出""]",④,④ 算出,
3급II,71,2015-11-28,108,banui_W,다음 제시된 漢字와 反對(또는 相對)되는 漢字를 (          ) 안에 쓰시오.,勝(    ),勝( ),,敗,敗,
3급II,71,2015-11-28,109,banui_W,다음 제시된 漢字와 反對(또는 相對)되는 漢字를 (          ) 안에 쓰시오.,(    )退,( )退,,進,進,
3급II,71,2015-11-28,110,banui_W,다음 제시된 漢字와 反對(또는 相對)되는 漢字를 (          ) 안에 쓰시오.,虛(    ),虛( ),,實,實,
3급II,71,2015-11-28,111,banui_W,다음 제시된 漢字와 反對(또는 相對)되는 漢字를 (          ) 안에 쓰시오.,(    )終,( )終,,始,始,
3급II,71,2015-11-28,112,banui_W,다음 제시된 漢字와 反對(또는 相對)되는 漢字를 (          ) 안에 쓰시오.,姑(    ),姑( ),,婦,婦,
3급II,71,2015-11-28,113,banuieo_W,다음 漢字語의 反對語(또는 相對語)를 漢字(正字)로 쓰시오.,拒否 - (    ),拒否 ↔ ( ),,承認,承認,
3급II,71,2015-11-28,114,banuieo_W,다음 漢字語의 反對語(또는 相對語)를 漢字(正字)로 쓰시오.,怨恨 - (    ),怨恨 ↔ ( ),,恩惠,恩惠,
3급II,71,2015-11-28,115,banuieo_W,다음 漢字語의 反對語(또는 相對語)를 漢字(正字)로 쓰시오.,義務 - (    ),義務 ↔ ( ),,權利,權利,
3급II,71,2015-11-28,116,banuieo_W,다음 漢字語의 反對語(또는 相對語)를 漢字(正字)로 쓰시오.,破壞 - (    ),破壞 ↔ ( ),,建設,建設,
3급II,71,2015-11-28,117,banuieo_W,다음 漢字語의 反對語(또는 相對語)를 漢字(正字)로 쓰시오.,許可 - (    ),許可 ↔ ( ),,禁止,禁止,
3급II,71,2015-11-28,118,seongeo_W,다음 빈 칸에 알맞은 漢字(正字)를 써 넣어 漢字語(成語)를 완성하시오.,(    )山幽谷 - 깊은 산의 으슥한 골짜기.,( )山幽谷,,深,深,
3급II,71,2015-11-28,119,seongeo_W,다음 빈 칸에 알맞은 漢字(正字)를 써 넣어 漢字語(成語)를 완성하시오.,朝(    )夕改 - 아침저녁으로 뜯어 고침.,朝( )夕改,,變,變,
3급II,71,2015-11-28,120,seongeo_W,다음 빈 칸에 알맞은 漢字(正字)를 써 넣어 漢字語(成語)를 완성하시오.,"因果( )報 - 좋은 인연에 좋은 과보가, 악한 인연에는 악한 과보가 옴.",因果( )報,,應,應,
3급II,71,2015-11-28,121,seongeo_W,다음 빈 칸에 알맞은 漢字(正字)를 써 넣어 漢字語(成語)를 완성하시오.,喜怒哀(   ) - 기쁨과 노여움과 슬픔과 즐거움.,喜怒哀( ),,樂,樂,
3급II,71,2015-11-28,122,seongeo_W,다음 빈 칸에 알맞은 漢字(正字)를 써 넣어 漢字語(成語)를 완성하시오.,壽福( )寧 - 장수하고 행복하며 건강하고 평안함.,壽福( )寧,,康,康,
3급II,71,2015-11-28,123,seongeo_W,다음 빈 칸에 알맞은 漢字(正字)를 써 넣어 漢字語(成語)를 완성하시오.,衆寡不(   ) - 적은 사람으로는 많은 사람을 대적하지 못함.,衆寡不( ),,敵,敵,
3급II,71,2015-11-28,124,seongeo_W,다음 빈 칸에 알맞은 漢字(正字)를 써 넣어 漢字語(成語)를 완성하시오.,不偏不(   ) - 어느 한쪽으로 치우치거나 기울어짐 없이 아주 공평함.,不偏不( ),,黨,黨,
3급II,71,2015-11-28,125,seongeo_W,다음 빈 칸에 알맞은 漢字(正字)를 써 넣어 漢字語(成語)를 완성하시오.,浩然之(   ) - 공명정대하여 조금도 부끄러울 바가 없는 도덕적 용기.,浩然之( ),,氣,氣,
3급II,71,2015-11-28,126,seongeo_W,다음 빈 칸에 알맞은 漢字(正字)를 써 넣어 漢字語(成語)를 완성하시오.,(   )前燈火 - 바람 앞의 등불이란 뜻으로 매우 위태로운 상황을 가리키는 말.,( )前燈火,,風,風,
3급II,71,2015-11-28,127,seongeo_W,다음 빈 칸에 알맞은 漢字(正字)를 써 넣어 漢字語(成語)를 완성하시오.,立身揚(   ) - 입신하여 이름을 널리 알림.,立身揚( ),,名,名,
3급II,71,2015-11-28,128,busu_W,다음 漢字의 部首를 쓰시오.,慶,慶,,心,心,
3급II,71,2015-11-28,129,busu_W,다음 漢字의 部首를 쓰시오.,常,常,,巾,巾,
3급II,71,2015-11-28,130,busu_W,다음 漢字의 部首를 쓰시오.,夜,夜,,夕,夕,
3급II,71,2015-11-28,131,busu_W,다음 漢字의 部首를 쓰시오.,邑,邑,,邑,邑,
3급II,71,2015-11-28,132,busu_W,다음 漢字의 部首를 쓰시오.,表,表,,衣,衣,
3급II,71,2015-11-28,133,yui_S,다음 漢字와 訓이 같거나 비슷한 漢字를 <보기>에서 찾아 그 번호를 쓰시오.,抑,抑,"[""① 納"", ""② 念"", ""③ 露"", ""④ 起"", ""⑤ 博"", ""⑥ 壓"", ""⑦ 豊"", ""⑧ 玄"", ""⑨ 線"", ""⑩ 毛""]",⑥,⑥ 壓,
3급II,71,2015-11-28,134,yui_S,다음 漢字와 訓이 같거나 비슷한 漢字를 <보기>에서 찾아 그 번호를 쓰시오.,黑,黑,"[""① 納"", ""② 念"", ""③ 露"", ""④ 起"", ""⑤ 博"", ""⑥ 壓"", ""⑦ 豊"", ""⑧ 玄"", ""⑨ 線"", ""⑩ 毛""]",⑧,⑧ 玄,
3급II,71,2015-11-28,135,yui_S,다음 漢字와 訓이 같거나 비슷한 漢字를 <보기>에서 찾아 그 번호를 쓰시오.,獻,獻,"[""① 納"", ""② 念"", ""③ 露"", ""④ 起"", ""⑤ 博"", ""⑥ 壓"", ""⑦ 豊"", ""⑧ 玄"", ""⑨ 線"", ""⑩ 毛""]",①,① 納,
3급II,71,2015-11-28,136,yui_S,다음 漢字와 訓이 같거나 비슷한 漢字를 <보기>에서 찾아 그 번호를 쓰시오.,洪,洪,"[""① 納"", ""② 念"", ""③ 露"", ""④ 起"", ""⑤ 博"", ""⑥ 壓"", ""⑦ 豊"", ""⑧ 玄"", ""⑨ 線"", ""⑩ 毛""]",⑤,⑤ 博,
3급II,71,2015-11-28,137,yui_S,다음 漢字와 訓이 같거나 비슷한 漢字를 <보기>에서 찾아 그 번호를 쓰시오.,髮,髮,"[""① 納"", ""② 念"", ""③ 露"", ""④ 起"", ""⑤ 博"", ""⑥ 壓"", ""⑦ 豊"", ""⑧ 玄"", ""⑨ 線"", ""⑩ 毛""]",⑩,⑩ 毛,
3급II,71,2015-11-28,138,dongeumeo_W,다음 漢字語와 音이 같으면서 풀이에 알맞은 漢字語를 漢字(正字)로 쓰시오.,(口碑) - 있어야 할 것은 빠짐없이 다 갖춤.,(口碑),,具備,具備,
3급II,71,2015-11-28,139,dongeumeo_W,다음 漢字語와 音이 같으면서 풀이에 알맞은 漢字語를 漢字(正字)로 쓰시오.,(流星) - 소리가 있음.,(流星),,有聲,有聲,
3급II,71,2015-11-28,140,dongeumeo_W,다음 漢字語와 音이 같으면서 풀이에 알맞은 漢字語를 漢字(正字)로 쓰시오.,(略史) - 약에 관한 일을 맡아보는 사람.,(略史),,藥師,藥師,
3급II,71,2015-11-28,141,dongeumeo_W,다음 漢字語와 音이 같으면서 풀이에 알맞은 漢字語를 漢字(正字)로 쓰시오.,(保釋) - 빛깔이 아름다우며 희귀한 광물.,(保釋),,寶石,寶石,
3급II,71,2015-11-28,142,dongeumeo_W,다음 漢字語와 音이 같으면서 풀이에 알맞은 漢字語를 漢字(正字)로 쓰시오.,(劇團) - 맨 끝.,(劇團),,極端,極端,
3급II,71,2015-11-28,143,mean_W,다음 漢字語의 뜻을 쓰시오.,支援,支援,,지지하여 도움.,지지하여 도움.,
3급II,71,2015-11-28,144,mean_W,다음 漢字語의 뜻을 쓰시오.,巨事,巨事,,매우 큰 일,매우 큰 일,
3급II,71,2015-11-28,145,mean_W,다음 漢字語의 뜻을 쓰시오.,歌舞,歌舞,,노래와 춤,노래와 춤,
3급II,71,2015-11-28,146,mean_W,다음 漢字語의 뜻을 쓰시오.,死傷,死傷,,죽거나 다침.,죽거나 다침.,
3급II,71,2015-11-28,147,mean_W,다음 漢字語의 뜻을 쓰시오.,産卵,産卵,,알을 낳음.,알을 낳음.,
3급II,71,2015-11-28,148,yakja_W,다음 漢字의 略字를 쓰시오.,斷,斷,,断,断,
3급II,71,2015-11-28,149,yakja_W,다음 漢字의 略字를 쓰시오.,監,監,,监,监,
3급II,71,2015-11-28,150,yakja_W,다음 漢字의 略字를 쓰시오.,鐵,鐵,,鉄,鉄,
3급II,72,2016-02-27,1,dokeum_W,다음 밑줄 친 漢字語의 讀音을 쓰시오.,"우리나라와 일본의 交流史는 삼국시대까지 소급이 가능하다. 그러나 일본어가 우리나라에 本格的으로 影響을 미치기 始作한 것은 朝鮮 通信使를 통한 수교 이후로, 이때부터 들어온 일본어 표현은 日帝 強占期를 통해 폭발적으로 늘어났으니 非但 軍隊뿐만 아니라 우리의 일상 언어 곳곳에 일본어에 뿌리를 둔 어휘와 표현이 많은 것은 어찌 보면 當然한 일일 수도 있다. 가까운 關係에 있는 언어들 사이에는 자연스럽게 서로 간섭이 일어날 수밖에 없기 때문이다. 그러나 일본어나 다른 외국어에 뿌리가 있는 말들을 순수한 우리말 단어, 우리말 표현인 것으로 잘못 알고 전국민이 이것들을 아무 거리낌없이 사용하도록 放置하는 것은 국어학자로서 부끄러운 일이다. 그것들을 調査하고 整理해서 우리 後代에게 記錄으로 남겨주는 일이 국어학과 국문학을 하는 사람들이 마땅히 해야 할 일일 것이기 때문이다. 이것이 筆者가 기자에게 자문해준 내용이다.",交流史,,교류사,교류사,
3급II,72,2016-02-27,2,dokeum_W,다음 밑줄 친 漢字語의 讀音을 쓰시오.,"우리나라와 일본의 交流史는 삼국시대까지 소급이 가능하다. 그러나 일본어가 우리나라에 本格的으로 影響을 미치기 始作한 것은 朝鮮 通信使를 통한 수교 이후로, 이때부터 들어온 일본어 표현은 日帝 強占期를 통해 폭발적으로 늘어났으니 非但 軍隊뿐만 아니라 우리의 일상 언어 곳곳에 일본어에 뿌리를 둔 어휘와 표현이 많은 것은 어찌 보면 當然한 일일 수도 있다. 가까운 關係에 있는 언어들 사이에는 자연스럽게 서로 간섭이 일어날 수밖에 없기 때문이다. 그러나 일본어나 다른 외국어에 뿌리가 있는 말들을 순수한 우리말 단어, 우리말 표현인 것으로 잘못 알고 전국민이 이것들을 아무 거리낌없이 사용하도록 放置하는 것은 국어학자로서 부끄러운 일이다. 그것들을 調査하고 整理해서 우리 後代에게 記錄으로 남겨주는 일이 국어학과 국문학을 하는 사람들이 마땅히 해야 할 일일 것이기 때문이다. 이것이 筆者가 기자에게 자문해준 내용이다.",本格的,,본격적,본격적,
3급II,72,2016-02-27,3,dokeum_W,다음 밑줄 친 漢字語의 讀音을 쓰시오.,"우리나라와 일본의 交流史는 삼국시대까지 소급이 가능하다. 그러나 일본어가 우리나라에 本格的으로 影響을 미치기 始作한 것은 朝鮮 通信使를 통한 수교 이후로, 이때부터 들어온 일본어 표현은 日帝 強占期를 통해 폭발적으로 늘어났으니 非但 軍隊뿐만 아니라 우리의 일상 언어 곳곳에 일본어에 뿌리를 둔 어휘와 표현이 많은 것은 어찌 보면 當然한 일일 수도 있다. 가까운 關係에 있는 언어들 사이에는 자연스럽게 서로 간섭이 일어날 수밖에 없기 때문이다. 그러나 일본어나 다른 외국어에 뿌리가 있는 말들을 순수한 우리말 단어, 우리말 표현인 것으로 잘못 알고 전국민이 이것들을 아무 거리낌없이 사용하도록 放置하는 것은 국어학자로서 부끄러운 일이다. 그것들을 調査하고 整理해서 우리 後代에게 記錄으로 남겨주는 일이 국어학과 국문학을 하는 사람들이 마땅히 해야 할 일일 것이기 때문이다. 이것이 筆者가 기자에게 자문해준 내용이다.",影響,,영향,영향,
3급II,72,2016-02-27,4,dokeum_W,다음 밑줄 친 漢字語의 讀音을 쓰시오.,"우리나라와 일본의 交流史는 삼국시대까지 소급이 가능하다. 그러나 일본어가 우리나라에 本格的으로 影響을 미치기 始作한 것은 朝鮮 通信使를 통한 수교 이후로, 이때부터 들어온 일본어 표현은 日帝 強占期를 통해 폭발적으로 늘어났으니 非但 軍隊뿐만 아니라 우리의 일상 언어 곳곳에 일본어에 뿌리를 둔 어휘와 표현이 많은 것은 어찌 보면 當然한 일일 수도 있다. 가까운 關係에 있는 언어들 사이에는 자연스럽게 서로 간섭이 일어날 수밖에 없기 때문이다. 그러나 일본어나 다른 외국어에 뿌리가 있는 말들을 순수한 우리말 단어, 우리말 표현인 것으로 잘못 알고 전국민이 이것들을 아무 거리낌없이 사용하도록 放置하는 것은 국어학자로서 부끄러운 일이다. 그것들을 調査하고 整理해서 우리 後代에게 記錄으로 남겨주는 일이 국어학과 국문학을 하는 사람들이 마땅히 해야 할 일일 것이기 때문이다. 이것이 筆者가 기자에게 자문해준 내용이다.",始作,,시작,시작,
3급II,72,2016-02-27,5,dokeum_W,다음 밑줄 친 漢字語의 讀音을 쓰시오.,"우리나라와 일본의 交流史는 삼국시대까지 소급이 가능하다. 그러나 일본어가 우리나라에 本格的으로 影響을 미치기 始作한 것은 朝鮮 通信使를 통한 수교 이후로, 이때부터 들어온 일본어 표현은 日帝 強占期를 통해 폭발적으로 늘어났으니 非但 軍隊뿐만 아니라 우리의 일상 언어 곳곳에 일본어에 뿌리를 둔 어휘와 표현이 많은 것은 어찌 보면 當然한 일일 수도 있다. 가까운 關係에 있는 언어들 사이에는 자연스럽게 서로 간섭이 일어날 수밖에 없기 때문이다. 그러나 일본어나 다른 외국어에 뿌리가 있는 말들을 순수한 우리말 단어, 우리말 표현인 것으로 잘못 알고 전국민이 이것들을 아무 거리낌없이 사용하도록 放置하는 것은 국어학자로서 부끄러운 일이다. 그것들을 調査하고 整理해서 우리 後代에게 記錄으로 남겨주는 일이 국어학과 국문학을 하는 사람들이 마땅히 해야 할 일일 것이기 때문이다. 이것이 筆者가 기자에게 자문해준 내용이다.",朝鮮,,조선,조선,
3급II,72,2016-02-27,6,dokeum_W,다음 밑줄 친 漢字語의 讀音을 쓰시오.,"우리나라와 일본의 交流史는 삼국시대까지 소급이 가능하다. 그러나 일본어가 우리나라에 本格的으로 影響을 미치기 始作한 것은 朝鮮 通信使를 통한 수교 이후로, 이때부터 들어온 일본어 표현은 日帝 強占期를 통해 폭발적으로 늘어났으니 非但 軍隊뿐만 아니라 우리의 일상 언어 곳곳에 일본어에 뿌리를 둔 어휘와 표현이 많은 것은 어찌 보면 當然한 일일 수도 있다. 가까운 關係에 있는 언어들 사이에는 자연스럽게 서로 간섭이 일어날 수밖에 없기 때문이다. 그러나 일본어나 다른 외국어에 뿌리가 있는 말들을 순수한 우리말 단어, 우리말 표현인 것으로 잘못 알고 전국민이 이것들을 아무 거리낌없이 사용하도록 放置하는 것은 국어학자로서 부끄러운 일이다. 그것들을 調査하고 整理해서 우리 後代에게 記錄으로 남겨주는 일이 국어학과 국문학을 하는 사람들이 마땅히 해야 할 일일 것이기 때문이다. 이것이 筆者가 기자에게 자문해준 내용이다.",通信使,,통신사,통신사,
3급II,72,2016-02-27,7,dokeum_W,다음 밑줄 친 漢字語의 讀音을 쓰시오.,"우리나라와 일본의 交流史는 삼국시대까지 소급이 가능하다. 그러나 일본어가 우리나라에 本格的으로 影響을 미치기 始作한 것은 朝鮮 通信使를 통한 수교 이후로, 이때부터 들어온 일본어 표현은 日帝 強占期를 통해 폭발적으로 늘어났으니 非但 軍隊뿐만 아니라 우리의 일상 언어 곳곳에 일본어에 뿌리를 둔 어휘와 표현이 많은 것은 어찌 보면 當然한 일일 수도 있다. 가까운 關係에 있는 언어들 사이에는 자연스럽게 서로 간섭이 일어날 수밖에 없기 때문이다. 그러나 일본어나 다른 외국어에 뿌리가 있는 말들을 순수한 우리말 단어, 우리말 표현인 것으로 잘못 알고 전국민이 이것들을 아무 거리낌없이 사용하도록 放置하는 것은 국어학자로서 부끄러운 일이다. 그것들을 調査하고 整理해서 우리 後代에게 記錄으로 남겨주는 일이 국어학과 국문학을 하는 사람들이 마땅히 해야 할 일일 것이기 때문이다. 이것이 筆者가 기자에게 자문해준 내용이다.",日帝,,일제,일제,
3급II,72,2016-02-27,8,dokeum_W,다음 밑줄 친 漢字語의 讀音을 쓰시오.,"우리나라와 일본의 交流史는 삼국시대까지 소급이 가능하다. 그러나 일본어가 우리나라에 本格的으로 影響을 미치기 始作한 것은 朝鮮 通信使를 통한 수교 이후로, 이때부터 들어온 일본어 표현은 日帝 強占期를 통해 폭발적으로 늘어났으니 非但 軍隊뿐만 아니라 우리의 일상 언어 곳곳에 일본어에 뿌리를 둔 어휘와 표현이 많은 것은 어찌 보면 當然한 일일 수도 있다. 가까운 關係에 있는 언어들 사이에는 자연스럽게 서로 간섭이 일어날 수밖에 없기 때문이다. 그러나 일본어나 다른 외국어에 뿌리가 있는 말들을 순수한 우리말 단어, 우리말 표현인 것으로 잘못 알고 전국민이 이것들을 아무 거리낌없이 사용하도록 放置하는 것은 국어학자로서 부끄러운 일이다. 그것들을 調査하고 整理해서 우리 後代에게 記錄으로 남겨주는 일이 국어학과 국문학을 하는 사람들이 마땅히 해야 할 일일 것이기 때문이다. 이것이 筆者가 기자에게 자문해준 내용이다.",強占期,,강점기,강점기,
3급II,72,2016-02-27,9,dokeum_W,다음 밑줄 친 漢字語의 讀音을 쓰시오.,"우리나라와 일본의 交流史는 삼국시대까지 소급이 가능하다. 그러나 일본어가 우리나라에 本格的으로 影響을 미치기 始作한 것은 朝鮮 通信使를 통한 수교 이후로, 이때부터 들어온 일본어 표현은 日帝 強占期를 통해 폭발적으로 늘어났으니 非但 軍隊뿐만 아니라 우리의 일상 언어 곳곳에 일본어에 뿌리를 둔 어휘와 표현이 많은 것은 어찌 보면 當然한 일일 수도 있다. 가까운 關係에 있는 언어들 사이에는 자연스럽게 서로 간섭이 일어날 수밖에 없기 때문이다. 그러나 일본어나 다른 외국어에 뿌리가 있는 말들을 순수한 우리말 단어, 우리말 표현인 것으로 잘못 알고 전국민이 이것들을 아무 거리낌없이 사용하도록 放置하는 것은 국어학자로서 부끄러운 일이다. 그것들을 調査하고 整理해서 우리 後代에게 記錄으로 남겨주는 일이 국어학과 국문학을 하는 사람들이 마땅히 해야 할 일일 것이기 때문이다. 이것이 筆者가 기자에게 자문해준 내용이다.",非但,,비단,비단,
3급II,72,2016-02-27,10,dokeum_W,다음 밑줄 친 漢字語의 讀音을 쓰시오.,"우리나라와 일본의 交流史는 삼국시대까지 소급이 가능하다. 그러나 일본어가 우리나라에 本格的으로 影響을 미치기 始作한 것은 朝鮮 通信使를 통한 수교 이후로, 이때부터 들어온 일본어 표현은 日帝 強占期를 통해 폭발적으로 늘어났으니 非但 軍隊뿐만 아니라 우리의 일상 언어 곳곳에 일본어에 뿌리를 둔 어휘와 표현이 많은 것은 어찌 보면 當然한 일일 수도 있다. 가까운 關係에 있는 언어들 사이에는 자연스럽게 서로 간섭이 일어날 수밖에 없기 때문이다. 그러나 일본어나 다른 외국어에 뿌리가 있는 말들을 순수한 우리말 단어, 우리말 표현인 것으로 잘못 알고 전국민이 이것들을 아무 거리낌없이 사용하도록 放置하는 것은 국어학자로서 부끄러운 일이다. 그것들을 調査하고 整理해서 우리 後代에게 記錄으로 남겨주는 일이 국어학과 국문학을 하는 사람들이 마땅히 해야 할 일일 것이기 때문이다. 이것이 筆者가 기자에게 자문해준 내용이다.",軍隊,,군대,군대,
3급II,72,2016-02-27,11,dokeum_W,다음 밑줄 친 漢字語의 讀音을 쓰시오.,"우리나라와 일본의 交流史는 삼국시대까지 소급이 가능하다. 그러나 일본어가 우리나라에 本格的으로 影響을 미치기 始作한 것은 朝鮮 通信使를 통한 수교 이후로, 이때부터 들어온 일본어 표현은 日帝 強占期를 통해 폭발적으로 늘어났으니 非但 軍隊뿐만 아니라 우리의 일상 언어 곳곳에 일본어에 뿌리를 둔 어휘와 표현이 많은 것은 어찌 보면 當然한 일일 수도 있다. 가까운 關係에 있는 언어들 사이에는 자연스럽게 서로 간섭이 일어날 수밖에 없기 때문이다. 그러나 일본어나 다른 외국어에 뿌리가 있는 말들을 순수한 우리말 단어, 우리말 표현인 것으로 잘못 알고 전국민이 이것들을 아무 거리낌없이 사용하도록 放置하는 것은 국어학자로서 부끄러운 일이다. 그것들을 調査하고 整理해서 우리 後代에게 記錄으로 남겨주는 일이 국어학과 국문학을 하는 사람들이 마땅히 해야 할 일일 것이기 때문이다. 이것이 筆者가 기자에게 자문해준 내용이다.",當然,,당연,당연,
3급II,72,2016-02-27,12,dokeum_W,다음 밑줄 친 漢字語의 讀音을 쓰시오.,"우리나라와 일본의 交流史는 삼국시대까지 소급이 가능하다. 그러나 일본어가 우리나라에 本格的으로 影響을 미치기 始作한 것은 朝鮮 通信使를 통한 수교 이후로, 이때부터 들어온 일본어 표현은 日帝 強占期를 통해 폭발적으로 늘어났으니 非但 軍隊뿐만 아니라 우리의 일상 언어 곳곳에 일본어에 뿌리를 둔 어휘와 표현이 많은 것은 어찌 보면 當然한 일일 수도 있다. 가까운 關係에 있는 언어들 사이에는 자연스럽게 서로 간섭이 일어날 수밖에 없기 때문이다. 그러나 일본어나 다른 외국어에 뿌리가 있는 말들을 순수한 우리말 단어, 우리말 표현인 것으로 잘못 알고 전국민이 이것들을 아무 거리낌없이 사용하도록 放置하는 것은 국어학자로서 부끄러운 일이다. 그것들을 調査하고 整理해서 우리 後代에게 記錄으로 남겨주는 일이 국어학과 국문학을 하는 사람들이 마땅히 해야 할 일일 것이기 때문이다. 이것이 筆者가 기자에게 자문해준 내용이다.",關係,,관계,관계,
3급II,72,2016-02-27,13,dokeum_W,다음 밑줄 친 漢字語의 讀音을 쓰시오.,"우리나라와 일본의 交流史는 삼국시대까지 소급이 가능하다. 그러나 일본어가 우리나라에 本格的으로 影響을 미치기 始作한 것은 朝鮮 通信使를 통한 수교 이후로, 이때부터 들어온 일본어 표현은 日帝 強占期를 통해 폭발적으로 늘어났으니 非但 軍隊뿐만 아니라 우리의 일상 언어 곳곳에 일본어에 뿌리를 둔 어휘와 표현이 많은 것은 어찌 보면 當然한 일일 수도 있다. 가까운 關係에 있는 언어들 사이에는 자연스럽게 서로 간섭이 일어날 수밖에 없기 때문이다. 그러나 일본어나 다른 외국어에 뿌리가 있는 말들을 순수한 우리말 단어, 우리말 표현인 것으로 잘못 알고 전국민이 이것들을 아무 거리낌없이 사용하도록 放置하는 것은 국어학자로서 부끄러운 일이다. 그것들을 調査하고 整理해서 우리 後代에게 記錄으로 남겨주는 일이 국어학과 국문학을 하는 사람들이 마땅히 해야 할 일일 것이기 때문이다. 이것이 筆者가 기자에게 자문해준 내용이다.",放置,,방치,방치,
3급II,72,2016-02-27,14,dokeum_W,다음 밑줄 친 漢字語의 讀音을 쓰시오.,"우리나라와 일본의 交流史는 삼국시대까지 소급이 가능하다. 그러나 일본어가 우리나라에 本格的으로 影響을 미치기 始作한 것은 朝鮮 通信使를 통한 수교 이후로, 이때부터 들어온 일본어 표현은 日帝 強占期를 통해 폭발적으로 늘어났으니 非但 軍隊뿐만 아니라 우리의 일상 언어 곳곳에 일본어에 뿌리를 둔 어휘와 표현이 많은 것은 어찌 보면 當然한 일일 수도 있다. 가까운 關係에 있는 언어들 사이에는 자연스럽게 서로 간섭이 일어날 수밖에 없기 때문이다. 그러나 일본어나 다른 외국어에 뿌리가 있는 말들을 순수한 우리말 단어, 우리말 표현인 것으로 잘못 알고 전국민이 이것들을 아무 거리낌없이 사용하도록 放置하는 것은 국어학자로서 부끄러운 일이다. 그것들을 調査하고 整理해서 우리 後代에게 記錄으로 남겨주는 일이 국어학과 국문학을 하는 사람들이 마땅히 해야 할 일일 것이기 때문이다. 이것이 筆者가 기자에게 자문해준 내용이다.",調査,,조사,조사,
3급II,72,2016-02-27,15,dokeum_W,다음 밑줄 친 漢字語의 讀音을 쓰시오.,"우리나라와 일본의 交流史는 삼국시대까지 소급이 가능하다. 그러나 일본어가 우리나라에 本格的으로 影響을 미치기 始作한 것은 朝鮮 通信使를 통한 수교 이후로, 이때부터 들어온 일본어 표현은 日帝 強占期를 통해 폭발적으로 늘어났으니 非但 軍隊뿐만 아니라 우리의 일상 언어 곳곳에 일본어에 뿌리를 둔 어휘와 표현이 많은 것은 어찌 보면 當然한 일일 수도 있다. 가까운 關係에 있는 언어들 사이에는 자연스럽게 서로 간섭이 일어날 수밖에 없기 때문이다. 그러나 일본어나 다른 외국어에 뿌리가 있는 말들을 순수한 우리말 단어, 우리말 표현인 것으로 잘못 알고 전국민이 이것들을 아무 거리낌없이 사용하도록 放置하는 것은 국어학자로서 부끄러운 일이다. 그것들을 調査하고 整理해서 우리 後代에게 記錄으로 남겨주는 일이 국어학과 국문학을 하는 사람들이 마땅히 해야 할 일일 것이기 때문이다. 이것이 筆者가 기자에게 자문해준 내용이다.",整理,,정리,정리,
3급II,72,2016-02-27,16,dokeum_W,다음 밑줄 친 漢字語의 讀音을 쓰시오.,"우리나라와 일본의 交流史는 삼국시대까지 소급이 가능하다. 그러나 일본어가 우리나라에 本格的으로 影響을 미치기 始作한 것은 朝鮮 通信使를 통한 수교 이후로, 이때부터 들어온 일본어 표현은 日帝 強占期를 통해 폭발적으로 늘어났으니 非但 軍隊뿐만 아니라 우리의 일상 언어 곳곳에 일본어에 뿌리를 둔 어휘와 표현이 많은 것은 어찌 보면 當然한 일일 수도 있다. 가까운 關係에 있는 언어들 사이에는 자연스럽게 서로 간섭이 일어날 수밖에 없기 때문이다. 그러나 일본어나 다른 외국어에 뿌리가 있는 말들을 순수한 우리말 단어, 우리말 표현인 것으로 잘못 알고 전국민이 이것들을 아무 거리낌없이 사용하도록 放置하는 것은 국어학자로서 부끄러운 일이다. 그것들을 調査하고 整理해서 우리 後代에게 記錄으로 남겨주는 일이 국어학과 국문학을 하는 사람들이 마땅히 해야 할 일일 것이기 때문이다. 이것이 筆者가 기자에게 자문해준 내용이다.",後代,,후대,후대,
3급II,72,2016-02-27,17,dokeum_W,다음 밑줄 친 漢字語의 讀音을 쓰시오.,"우리나라와 일본의 交流史는 삼국시대까지 소급이 가능하다. 그러나 일본어가 우리나라에 本格的으로 影響을 미치기 始作한 것은 朝鮮 通信使를 통한 수교 이후로, 이때부터 들어온 일본어 표현은 日帝 強占期를 통해 폭발적으로 늘어났으니 非但 軍隊뿐만 아니라 우리의 일상 언어 곳곳에 일본어에 뿌리를 둔 어휘와 표현이 많은 것은 어찌 보면 當然한 일일 수도 있다. 가까운 關係에 있는 언어들 사이에는 자연스럽게 서로 간섭이 일어날 수밖에 없기 때문이다. 그러나 일본어나 다른 외국어에 뿌리가 있는 말들을 순수한 우리말 단어, 우리말 표현인 것으로 잘못 알고 전국민이 이것들을 아무 거리낌없이 사용하도록 放置하는 것은 국어학자로서 부끄러운 일이다. 그것들을 調査하고 整理해서 우리 後代에게 記錄으로 남겨주는 일이 국어학과 국문학을 하는 사람들이 마땅히 해야 할 일일 것이기 때문이다. 이것이 筆者가 기자에게 자문해준 내용이다.",記錄,,기록,기록,
3급II,72,2016-02-27,18,dokeum_W,다음 밑줄 친 漢字語의 讀音을 쓰시오.,"우리나라와 일본의 交流史는 삼국시대까지 소급이 가능하다. 그러나 일본어가 우리나라에 本格的으로 影響을 미치기 始作한 것은 朝鮮 通信使를 통한 수교 이후로, 이때부터 들어온 일본어 표현은 日帝 強占期를 통해 폭발적으로 늘어났으니 非但 軍隊뿐만 아니라 우리의 일상 언어 곳곳에 일본어에 뿌리를 둔 어휘와 표현이 많은 것은 어찌 보면 當然한 일일 수도 있다. 가까운 關係에 있는 언어들 사이에는 자연스럽게 서로 간섭이 일어날 수밖에 없기 때문이다. 그러나 일본어나 다른 외국어에 뿌리가 있는 말들을 순수한 우리말 단어, 우리말 표현인 것으로 잘못 알고 전국민이 이것들을 아무 거리낌없이 사용하도록 放置하는 것은 국어학자로서 부끄러운 일이다. 그것들을 調査하고 整理해서 우리 後代에게 記錄으로 남겨주는 일이 국어학과 국문학을 하는 사람들이 마땅히 해야 할 일일 것이기 때문이다. 이것이 筆者가 기자에게 자문해준 내용이다.",筆者,,필자,필자,
3급II,72,2016-02-27,19,dokeum_W,다음 밑줄 친 漢字語의 讀音을 쓰시오.,"한글 爲主의 문자 生活을 한 지도 수십 년이 되었지만, 아직도 적은 音節數로 함축적인 의미를 나타내고자 할 때는 한자어가 즐겨 사용된다. 한자어를 한글로 써 놓고 보면 각 글자의 의미가 가려지기 때문에 뭔가 ‘神祕스럽고’, 所謂 ‘있어 보인다’고 생각하는 傾向도 있다. 그러나 의미와 용법에 어긋난 한자어의 남용은 오히려 문장의 격을 떨어뜨린다는 점을 銘心해야 할 것이다.",爲主,,위주,위주,
3급II,72,2016-02-27,20,dokeum_W,다음 밑줄 친 漢字語의 讀音을 쓰시오.,"한글 爲主의 문자 生活을 한 지도 수십 년이 되었지만, 아직도 적은 音節數로 함축적인 의미를 나타내고자 할 때는 한자어가 즐겨 사용된다. 한자어를 한글로 써 놓고 보면 각 글자의 의미가 가려지기 때문에 뭔가 ‘神祕스럽고’, 所謂 ‘있어 보인다’고 생각하는 傾向도 있다. 그러나 의미와 용법에 어긋난 한자어의 남용은 오히려 문장의 격을 떨어뜨린다는 점을 銘心해야 할 것이다.",生活,,생활,생활,
3급II,72,2016-02-27,21,dokeum_W,다음 밑줄 친 漢字語의 讀音을 쓰시오.,"한글 爲主의 문자 生活을 한 지도 수십 년이 되었지만, 아직도 적은 音節數로 함축적인 의미를 나타내고자 할 때는 한자어가 즐겨 사용된다. 한자어를 한글로 써 놓고 보면 각 글자의 의미가 가려지기 때문에 뭔가 ‘神祕스럽고’, 所謂 ‘있어 보인다’고 생각하는 傾向도 있다. 그러나 의미와 용법에 어긋난 한자어의 남용은 오히려 문장의 격을 떨어뜨린다는 점을 銘心해야 할 것이다.",音節數,,음절수,음절수,
3급II,72,2016-02-27,22,dokeum_W,다음 밑줄 친 漢字語의 讀音을 쓰시오.,"한글 爲主의 문자 生活을 한 지도 수십 년이 되었지만, 아직도 적은 音節數로 함축적인 의미를 나타내고자 할 때는 한자어가 즐겨 사용된다. 한자어를 한글로 써 놓고 보면 각 글자의 의미가 가려지기 때문에 뭔가 ‘神祕스럽고’, 所謂 ‘있어 보인다’고 생각하는 傾向도 있다. 그러나 의미와 용법에 어긋난 한자어의 남용은 오히려 문장의 격을 떨어뜨린다는 점을 銘心해야 할 것이다.",神祕,,신비,신비,
3급II,72,2016-02-27,23,dokeum_W,다음 밑줄 친 漢字語의 讀音을 쓰시오.,"한글 爲主의 문자 生活을 한 지도 수십 년이 되었지만, 아직도 적은 音節數로 함축적인 의미를 나타내고자 할 때는 한자어가 즐겨 사용된다. 한자어를 한글로 써 놓고 보면 각 글자의 의미가 가려지기 때문에 뭔가 ‘神祕스럽고’, 所謂 ‘있어 보인다’고 생각하는 傾向도 있다. 그러나 의미와 용법에 어긋난 한자어의 남용은 오히려 문장의 격을 떨어뜨린다는 점을 銘心해야 할 것이다.",所謂,,소위,소위,
3급II,72,2016-02-27,24,dokeum_W,다음 밑줄 친 漢字語의 讀音을 쓰시오.,"한글 爲主의 문자 生活을 한 지도 수십 년이 되었지만, 아직도 적은 音節數로 함축적인 의미를 나타내고자 할 때는 한자어가 즐겨 사용된다. 한자어를 한글로 써 놓고 보면 각 글자의 의미가 가려지기 때문에 뭔가 ‘神祕스럽고’, 所謂 ‘있어 보인다’고 생각하는 傾向도 있다. 그러나 의미와 용법에 어긋난 한자어의 남용은 오히려 문장의 격을 떨어뜨린다는 점을 銘心해야 할 것이다.",傾向,,경향,경향,
3급II,72,2016-02-27,25,dokeum_W,다음 밑줄 친 漢字語의 讀音을 쓰시오.,"한글 爲主의 문자 生活을 한 지도 수십 년이 되었지만, 아직도 적은 音節數로 함축적인 의미를 나타내고자 할 때는 한자어가 즐겨 사용된다. 한자어를 한글로 써 놓고 보면 각 글자의 의미가 가려지기 때문에 뭔가 ‘神祕스럽고’, 所謂 ‘있어 보인다’고 생각하는 傾向도 있다. 그러나 의미와 용법에 어긋난 한자어의 남용은 오히려 문장의 격을 떨어뜨린다는 점을 銘心해야 할 것이다.",銘心,,명심,명심,
3급II,72,2016-02-27,26,dokeum_W,다음 漢字語의 讀音을 쓰시오.,感激,感激,,감격,감격,
3급II,72,2016-02-27,27,dokeum_W,다음 漢字語의 讀音을 쓰시오.,潤澤,潤澤,,윤택,윤택,
3급II,72,2016-02-27,28,dokeum_W,다음 漢字語의 讀音을 쓰시오.,降伏,降伏,,항복,항복,
3급II,72,2016-02-27,29,dokeum_W,다음 漢字語의 讀音을 쓰시오.,默想,默想,,묵상,묵상,
3급II,72,2016-02-27,30,dokeum_W,다음 漢字語의 讀音을 쓰시오.,遊說,遊說,,유세,유세,
3급II,72,2016-02-27,31,dokeum_W,다음 漢字語의 讀音을 쓰시오.,鬪魂,鬪魂,,투혼,투혼,
3급II,72,2016-02-27,32,dokeum_W,다음 漢字語의 讀音을 쓰시오.,猛爆,猛爆,,맹폭,맹폭,
3급II,72,2016-02-27,33,dokeum_W,다음 漢字語의 讀音을 쓰시오.,貢獻,貢獻,,공헌,공헌,
3급II,72,2016-02-27,34,dokeum_W,다음 漢字語의 讀音을 쓰시오.,威勢,威勢,,위세,위세,
3급II,72,2016-02-27,35,dokeum_W,다음 漢字語의 讀音을 쓰시오.,啓導,啓導,,계도,계도,
3급II,72,2016-02-27,36,dokeum_W,다음 漢字語의 讀音을 쓰시오.,履歷,履歷,,이력,이력,
3급II,72,2016-02-27,37,dokeum_W,다음 漢字語의 讀音을 쓰시오.,悅樂,悅樂,,열락,열락,
3급II,72,2016-02-27,38,dokeum_W,다음 漢字語의 讀音을 쓰시오.,缺陷,缺陷,,결함,결함,
3급II,72,2016-02-27,39,dokeum_W,다음 漢字語의 讀音을 쓰시오.,承諾,承諾,,승낙,승낙,
3급II,72,2016-02-27,40,dokeum_W,다음 漢字語의 讀音을 쓰시오.,親庭,親庭,,친정,친정,
3급II,72,2016-02-27,41,dokeum_W,다음 漢字語의 讀音을 쓰시오.,要塞,要塞,,요새,요새,
3급II,72,2016-02-27,42,dokeum_W,다음 漢字語의 讀音을 쓰시오.,稀微,稀微,,희미,희미,
3급II,72,2016-02-27,43,dokeum_W,다음 漢字語의 讀音을 쓰시오.,便乘,便乘,,편승,편승,
3급II,72,2016-02-27,44,dokeum_W,다음 漢字語의 讀音을 쓰시오.,彈壓,彈壓,,탄압,탄압,
3급II,72,2016-02-27,45,dokeum_W,다음 漢字語의 讀音을 쓰시오.,不渡,不渡,,부도,부도,
3급II,72,2016-02-27,46,huneum_W,다음 漢字의 訓과 音을 쓰시오.,含,含,,머금을 함,머금을 함,
3급II,72,2016-02-27,47,huneum_W,다음 漢字의 訓과 音을 쓰시오.,懇,懇,,간절할 간,간절할 간,
3급II,72,2016-02-27,48,huneum_W,다음 漢字의 訓과 音을 쓰시오.,蓄,蓄,,모을 축,모을 축,
3급II,72,2016-02-27,49,huneum_W,다음 漢字의 訓과 音을 쓰시오.,衝,衝,,찌를 충,찌를 충,
3급II,72,2016-02-27,50,huneum_W,다음 漢字의 訓과 音을 쓰시오.,複,複,,겹칠 복,겹칠 복,
3급II,72,2016-02-27,51,huneum_W,다음 漢字의 訓과 音을 쓰시오.,哲,哲,,밝을 철,밝을 철,
3급II,72,2016-02-27,52,huneum_W,다음 漢字의 訓과 音을 쓰시오.,恒,恒,,항상 항,항상 항,
3급II,72,2016-02-27,53,huneum_W,다음 漢字의 訓과 音을 쓰시오.,愼,愼,,삼갈 신,삼갈 신,
3급II,72,2016-02-27,54,huneum_W,다음 漢字의 訓과 音을 쓰시오.,倫,倫,,인륜 륜,인륜 륜,
3급II,72,2016-02-27,55,huneum_W,다음 漢字의 訓과 音을 쓰시오.,已,已,,이미 이,이미 이,
3급II,72,2016-02-27,56,huneum_W,다음 漢字의 訓과 音을 쓰시오.,栗,栗,,밤 률,밤 률,
3급II,72,2016-02-27,57,huneum_W,다음 漢字의 訓과 音을 쓰시오.,裳,裳,,치마 상,치마 상,
3급II,72,2016-02-27,58,huneum_W,다음 漢字의 訓과 音을 쓰시오.,改,改,,고칠 개,고칠 개,
3급II,72,2016-02-27,59,huneum_W,다음 漢字의 訓과 音을 쓰시오.,僞,僞,,거짓 위,거짓 위,
3급II,72,2016-02-27,60,huneum_W,다음 漢字의 訓과 音을 쓰시오.,儀,儀,,거동 의,거동 의,
3급II,72,2016-02-27,61,huneum_W,다음 漢字의 訓과 音을 쓰시오.,覺,覺,,깨달을 각,깨달을 각,
3급II,72,2016-02-27,62,huneum_W,다음 漢字의 訓과 音을 쓰시오.,瓦,瓦,,기와 와,기와 와,
3급II,72,2016-02-27,63,huneum_W,다음 漢字의 訓과 音을 쓰시오.,襲,襲,,엄습할 습,엄습할 습,
3급II,72,2016-02-27,64,huneum_W,다음 漢字의 訓과 音을 쓰시오.,曾,曾,,일찍 증,일찍 증,
3급II,72,2016-02-27,65,huneum_W,다음 漢字의 訓과 音을 쓰시오.,浮,浮,,뜰 부,뜰 부,
3급II,72,2016-02-27,66,huneum_W,다음 漢字의 訓과 音을 쓰시오.,緩,緩,,느릴 완,느릴 완,
3급II,72,2016-02-27,67,huneum_W,다음 漢字의 訓과 音을 쓰시오.,御,御,,거느릴 어,거느릴 어,
3급II,72,2016-02-27,68,huneum_W,다음 漢字의 訓과 音을 쓰시오.,奮,奮,,떨칠 분,떨칠 분,
3급II,72,2016-02-27,69,huneum_W,다음 漢字의 訓과 音을 쓰시오.,踐,踐,,밟을 천,밟을 천,
3급II,72,2016-02-27,70,huneum_W,다음 漢字의 訓과 音을 쓰시오.,賣,賣,,팔 매,팔 매,
3급II,72,2016-02-27,71,huneum_W,다음 漢字의 訓과 音을 쓰시오.,司,司,,맡을 사,맡을 사,
3급II,72,2016-02-27,72,huneum_W,다음 漢字의 訓과 音을 쓰시오.,淺,淺,,얕을 천,얕을 천,
3급II,72,2016-02-27,73,hanjaeo_W,다음 밑줄 친 漢字語를 漢字(正字)로 쓰시오.,"완벽한 정보를 취득하고 분석할 수 있는 프로그램과 수많은 툴(Tool)의 전성시대에 살고 있는 지금, 라이프 스타일의 변화는 깊은 수렁에 빠진 낮은 경제 성장 가운데 소비 트렌드의 변화는 혁신적이기보다는 잠재적이다. 이러한 시기에 작은 변화는 사치의 소비에서 가치의 소비에 중심을 둔다는 점을 염두에 두어야 할 것이다.",정보,,情報,情報,
3급II,72,2016-02-27,74,hanjaeo_W,다음 밑줄 친 漢字語를 漢字(正字)로 쓰시오.,"완벽한 정보를 취득하고 분석할 수 있는 프로그램과 수많은 툴(Tool)의 전성시대에 살고 있는 지금, 라이프 스타일의 변화는 깊은 수렁에 빠진 낮은 경제 성장 가운데 소비 트렌드의 변화는 혁신적이기보다는 잠재적이다. 이러한 시기에 작은 변화는 사치의 소비에서 가치의 소비에 중심을 둔다는 점을 염두에 두어야 할 것이다.",취득,,取得,取得,
3급II,72,2016-02-27,75,hanjaeo_W,다음 밑줄 친 漢字語를 漢字(正字)로 쓰시오.,"완벽한 정보를 취득하고 분석할 수 있는 프로그램과 수많은 툴(Tool)의 전성시대에 살고 있는 지금, 라이프 스타일의 변화는 깊은 수렁에 빠진 낮은 경제 성장 가운데 소비 트렌드의 변화는 혁신적이기보다는 잠재적이다. 이러한 시기에 작은 변화는 사치의 소비에서 가치의 소비에 중심을 둔다는 점을 염두에 두어야 할 것이다.",전성,,全盛,全盛,
3급II,72,2016-02-27,76,hanjaeo_W,다음 밑줄 친 漢字語를 漢字(正字)로 쓰시오.,"완벽한 정보를 취득하고 분석할 수 있는 프로그램과 수많은 툴(Tool)의 전성시대에 살고 있는 지금, 라이프 스타일의 변화는 깊은 수렁에 빠진 낮은 경제 성장 가운데 소비 트렌드의 변화는 혁신적이기보다는 잠재적이다. 이러한 시기에 작은 변화는 사치의 소비에서 가치의 소비에 중심을 둔다는 점을 염두에 두어야 할 것이다.",변화,,變化,變化,
3급II,72,2016-02-27,77,hanjaeo_W,다음 밑줄 친 漢字語를 漢字(正字)로 쓰시오.,"완벽한 정보를 취득하고 분석할 수 있는 프로그램과 수많은 툴(Tool)의 전성시대에 살고 있는 지금, 라이프 스타일의 변화는 깊은 수렁에 빠진 낮은 경제 성장 가운데 소비 트렌드의 변화는 혁신적이기보다는 잠재적이다. 이러한 시기에 작은 변화는 사치의 소비에서 가치의 소비에 중심을 둔다는 점을 염두에 두어야 할 것이다.",경제,,經濟,經濟,
3급II,72,2016-02-27,78,hanjaeo_W,다음 밑줄 친 漢字語를 漢字(正字)로 쓰시오.,"완벽한 정보를 취득하고 분석할 수 있는 프로그램과 수많은 툴(Tool)의 전성시대에 살고 있는 지금, 라이프 스타일의 변화는 깊은 수렁에 빠진 낮은 경제 성장 가운데 소비 트렌드의 변화는 혁신적이기보다는 잠재적이다. 이러한 시기에 작은 변화는 사치의 소비에서 가치의 소비에 중심을 둔다는 점을 염두에 두어야 할 것이다.",소비,,消費,消費,
3급II,72,2016-02-27,79,hanjaeo_W,다음 밑줄 친 漢字語를 漢字(正字)로 쓰시오.,"완벽한 정보를 취득하고 분석할 수 있는 프로그램과 수많은 툴(Tool)의 전성시대에 살고 있는 지금, 라이프 스타일의 변화는 깊은 수렁에 빠진 낮은 경제 성장 가운데 소비 트렌드의 변화는 혁신적이기보다는 잠재적이다. 이러한 시기에 작은 변화는 사치의 소비에서 가치의 소비에 중심을 둔다는 점을 염두에 두어야 할 것이다.",염두,,念頭,念頭,
3급II,72,2016-02-27,80,hanjaeo_W,다음 밑줄 친 漢字語를 漢字(正字)로 쓰시오.,"삼강오륜의 가치 체계는 넓게는 국가, 좁게는 가족을 인간의 삶에 있어서 매우 중요한 단위로 삼는다. 유교의 오륜 덕목을 보면, 군신ㆍ부자ㆍ부부ㆍ형제ㆍ친우 사이의 도덕적 규범 모두가 중시되고 있으며, 이 가운데서 3개는 친족 관계에 의해 규정되어 있으므로 가족 중심적 성향이 있음이 발견된다.",가족,,家族,家族,
3급II,72,2016-02-27,81,hanjaeo_W,다음 밑줄 친 漢字語를 漢字(正字)로 쓰시오.,"삼강오륜의 가치 체계는 넓게는 국가, 좁게는 가족을 인간의 삶에 있어서 매우 중요한 단위로 삼는다. 유교의 오륜 덕목을 보면, 군신ㆍ부자ㆍ부부ㆍ형제ㆍ친우 사이의 도덕적 규범 모두가 중시되고 있으며, 이 가운데서 3개는 친족 관계에 의해 규정되어 있으므로 가족 중심적 성향이 있음이 발견된다.",인간,,人間,人間,
3급II,72,2016-02-27,82,hanjaeo_W,다음 밑줄 친 漢字語를 漢字(正字)로 쓰시오.,"삼강오륜의 가치 체계는 넓게는 국가, 좁게는 가족을 인간의 삶에 있어서 매우 중요한 단위로 삼는다. 유교의 오륜 덕목을 보면, 군신ㆍ부자ㆍ부부ㆍ형제ㆍ친우 사이의 도덕적 규범 모두가 중시되고 있으며, 이 가운데서 3개는 친족 관계에 의해 규정되어 있으므로 가족 중심적 성향이 있음이 발견된다.",단위,,單位,單位,
3급II,72,2016-02-27,83,hanjaeo_W,다음 밑줄 친 漢字語를 漢字(正字)로 쓰시오.,"삼강오륜의 가치 체계는 넓게는 국가, 좁게는 가족을 인간의 삶에 있어서 매우 중요한 단위로 삼는다. 유교의 오륜 덕목을 보면, 군신ㆍ부자ㆍ부부ㆍ형제ㆍ친우 사이의 도덕적 규범 모두가 중시되고 있으며, 이 가운데서 3개는 친족 관계에 의해 규정되어 있으므로 가족 중심적 성향이 있음이 발견된다.",덕목,,德目,德目,
3급II,72,2016-02-27,84,hanjaeo_W,다음 밑줄 친 漢字語를 漢字(正字)로 쓰시오.,"삼강오륜의 가치 체계는 넓게는 국가, 좁게는 가족을 인간의 삶에 있어서 매우 중요한 단위로 삼는다. 유교의 오륜 덕목을 보면, 군신ㆍ부자ㆍ부부ㆍ형제ㆍ친우 사이의 도덕적 규범 모두가 중시되고 있으며, 이 가운데서 3개는 친족 관계에 의해 규정되어 있으므로 가족 중심적 성향이 있음이 발견된다.",부자,,父子,父子,
3급II,72,2016-02-27,85,hanjaeo_W,다음 밑줄 친 漢字語를 漢字(正字)로 쓰시오.,"삼강오륜의 가치 체계는 넓게는 국가, 좁게는 가족을 인간의 삶에 있어서 매우 중요한 단위로 삼는다. 유교의 오륜 덕목을 보면, 군신ㆍ부자ㆍ부부ㆍ형제ㆍ친우 사이의 도덕적 규범 모두가 중시되고 있으며, 이 가운데서 3개는 친족 관계에 의해 규정되어 있으므로 가족 중심적 성향이 있음이 발견된다.",부부,,夫婦,夫婦,
3급II,72,2016-02-27,86,hanjaeo_W,다음 밑줄 친 漢字語를 漢字(正字)로 쓰시오.,"삼강오륜의 가치 체계는 넓게는 국가, 좁게는 가족을 인간의 삶에 있어서 매우 중요한 단위로 삼는다. 유교의 오륜 덕목을 보면, 군신ㆍ부자ㆍ부부ㆍ형제ㆍ친우 사이의 도덕적 규범 모두가 중시되고 있으며, 이 가운데서 3개는 친족 관계에 의해 규정되어 있으므로 가족 중심적 성향이 있음이 발견된다.",형제,,兄弟,兄弟,
3급II,72,2016-02-27,87,hanjaeo_W,다음 밑줄 친 漢字語를 漢字(正字)로 쓰시오.,"삼강오륜의 가치 체계는 넓게는 국가, 좁게는 가족을 인간의 삶에 있어서 매우 중요한 단위로 삼는다. 유교의 오륜 덕목을 보면, 군신ㆍ부자ㆍ부부ㆍ형제ㆍ친우 사이의 도덕적 규범 모두가 중시되고 있으며, 이 가운데서 3개는 친족 관계에 의해 규정되어 있으므로 가족 중심적 성향이 있음이 발견된다.",중시,,重視,重視,
3급II,72,2016-02-27,88,hanjaeo_W,다음 밑줄 친 漢字語를 漢字(正字)로 쓰시오.,"삼강오륜의 가치 체계는 넓게는 국가, 좁게는 가족을 인간의 삶에 있어서 매우 중요한 단위로 삼는다. 유교의 오륜 덕목을 보면, 군신ㆍ부자ㆍ부부ㆍ형제ㆍ친우 사이의 도덕적 규범 모두가 중시되고 있으며, 이 가운데서 3개는 친족 관계에 의해 규정되어 있으므로 가족 중심적 성향이 있음이 발견된다.",발견,,發見,發見,
3급II,72,2016-02-27,89,hanjaeo_W,다음 밑줄 친 漢字語를 漢字(正字)로 쓰시오.,"세종은 한글이 기존의 이두보다 훨씬 뛰어날 뿐만 아니라 배우기도 쉽다고 신하들에게 거듭 설명했다. 세종은 인재들을 사랑하고 백성들을 교화시킴으로써 풍속이 아름다운 국가를 만들었다. 각종 과학 기술의 발전으로 생산력도 크게 향상되었다. 한글은 세종대왕이 우리에게 남긴 ‘대한민국 최고의 문화유산’이다. 길이 후손에까지 물려주어 한민족이 영원히 쓸 수 있게끔 과학적으로 고안하고 설계한, 세계 문자 사상 전례 없는 뛰어난 발명품인 자질 문자 체계를 우리에게 선물한 것이다.",세종,,世宗,世宗,
3급II,72,2016-02-27,90,hanjaeo_W,다음 밑줄 친 漢字語를 漢字(正字)로 쓰시오.,"세종은 한글이 기존의 이두보다 훨씬 뛰어날 뿐만 아니라 배우기도 쉽다고 신하들에게 거듭 설명했다. 세종은 인재들을 사랑하고 백성들을 교화시킴으로써 풍속이 아름다운 국가를 만들었다. 각종 과학 기술의 발전으로 생산력도 크게 향상되었다. 한글은 세종대왕이 우리에게 남긴 ‘대한민국 최고의 문화유산’이다. 길이 후손에까지 물려주어 한민족이 영원히 쓸 수 있게끔 과학적으로 고안하고 설계한, 세계 문자 사상 전례 없는 뛰어난 발명품인 자질 문자 체계를 우리에게 선물한 것이다.",신하,,臣下,臣下,
3급II,72,2016-02-27,91,hanjaeo_W,다음 밑줄 친 漢字語를 漢字(正字)로 쓰시오.,"세종은 한글이 기존의 이두보다 훨씬 뛰어날 뿐만 아니라 배우기도 쉽다고 신하들에게 거듭 설명했다. 세종은 인재들을 사랑하고 백성들을 교화시킴으로써 풍속이 아름다운 국가를 만들었다. 각종 과학 기술의 발전으로 생산력도 크게 향상되었다. 한글은 세종대왕이 우리에게 남긴 ‘대한민국 최고의 문화유산’이다. 길이 후손에까지 물려주어 한민족이 영원히 쓸 수 있게끔 과학적으로 고안하고 설계한, 세계 문자 사상 전례 없는 뛰어난 발명품인 자질 문자 체계를 우리에게 선물한 것이다.",백성,,百姓,百姓,
3급II,72,2016-02-27,92,hanjaeo_W,다음 밑줄 친 漢字語를 漢字(正字)로 쓰시오.,"세종은 한글이 기존의 이두보다 훨씬 뛰어날 뿐만 아니라 배우기도 쉽다고 신하들에게 거듭 설명했다. 세종은 인재들을 사랑하고 백성들을 교화시킴으로써 풍속이 아름다운 국가를 만들었다. 각종 과학 기술의 발전으로 생산력도 크게 향상되었다. 한글은 세종대왕이 우리에게 남긴 ‘대한민국 최고의 문화유산’이다. 길이 후손에까지 물려주어 한민족이 영원히 쓸 수 있게끔 과학적으로 고안하고 설계한, 세계 문자 사상 전례 없는 뛰어난 발명품인 자질 문자 체계를 우리에게 선물한 것이다.",풍속,,風俗,風俗,
3급II,72,2016-02-27,93,hanjaeo_W,다음 밑줄 친 漢字語를 漢字(正字)로 쓰시오.,"세종은 한글이 기존의 이두보다 훨씬 뛰어날 뿐만 아니라 배우기도 쉽다고 신하들에게 거듭 설명했다. 세종은 인재들을 사랑하고 백성들을 교화시킴으로써 풍속이 아름다운 국가를 만들었다. 각종 과학 기술의 발전으로 생산력도 크게 향상되었다. 한글은 세종대왕이 우리에게 남긴 ‘대한민국 최고의 문화유산’이다. 길이 후손에까지 물려주어 한민족이 영원히 쓸 수 있게끔 과학적으로 고안하고 설계한, 세계 문자 사상 전례 없는 뛰어난 발명품인 자질 문자 체계를 우리에게 선물한 것이다.",각종,,各種,各種,
3급II,72,2016-02-27,94,hanjaeo_W,다음 밑줄 친 漢字語를 漢字(正字)로 쓰시오.,"세종은 한글이 기존의 이두보다 훨씬 뛰어날 뿐만 아니라 배우기도 쉽다고 신하들에게 거듭 설명했다. 세종은 인재들을 사랑하고 백성들을 교화시킴으로써 풍속이 아름다운 국가를 만들었다. 각종 과학 기술의 발전으로 생산력도 크게 향상되었다. 한글은 세종대왕이 우리에게 남긴 ‘대한민국 최고의 문화유산’이다. 길이 후손에까지 물려주어 한민족이 영원히 쓸 수 있게끔 과학적으로 고안하고 설계한, 세계 문자 사상 전례 없는 뛰어난 발명품인 자질 문자 체계를 우리에게 선물한 것이다.",과학,,科學,科學,
3급II,72,2016-02-27,95,hanjaeo_W,다음 밑줄 친 漢字語를 漢字(正字)로 쓰시오.,"세종은 한글이 기존의 이두보다 훨씬 뛰어날 뿐만 아니라 배우기도 쉽다고 신하들에게 거듭 설명했다. 세종은 인재들을 사랑하고 백성들을 교화시킴으로써 풍속이 아름다운 국가를 만들었다. 각종 과학 기술의 발전으로 생산력도 크게 향상되었다. 한글은 세종대왕이 우리에게 남긴 ‘대한민국 최고의 문화유산’이다. 길이 후손에까지 물려주어 한민족이 영원히 쓸 수 있게끔 과학적으로 고안하고 설계한, 세계 문자 사상 전례 없는 뛰어난 발명품인 자질 문자 체계를 우리에게 선물한 것이다.",기술,,技術,技術,
3급II,72,2016-02-27,96,hanjaeo_W,다음 밑줄 친 漢字語를 漢字(正字)로 쓰시오.,"세종은 한글이 기존의 이두보다 훨씬 뛰어날 뿐만 아니라 배우기도 쉽다고 신하들에게 거듭 설명했다. 세종은 인재들을 사랑하고 백성들을 교화시킴으로써 풍속이 아름다운 국가를 만들었다. 각종 과학 기술의 발전으로 생산력도 크게 향상되었다. 한글은 세종대왕이 우리에게 남긴 ‘대한민국 최고의 문화유산’이다. 길이 후손에까지 물려주어 한민족이 영원히 쓸 수 있게끔 과학적으로 고안하고 설계한, 세계 문자 사상 전례 없는 뛰어난 발명품인 자질 문자 체계를 우리에게 선물한 것이다.",최고,,最高,最高,
3급II,72,2016-02-27,97,hanjaeo_W,다음 밑줄 친 漢字語를 漢字(正字)로 쓰시오.,"세종은 한글이 기존의 이두보다 훨씬 뛰어날 뿐만 아니라 배우기도 쉽다고 신하들에게 거듭 설명했다. 세종은 인재들을 사랑하고 백성들을 교화시킴으로써 풍속이 아름다운 국가를 만들었다. 각종 과학 기술의 발전으로 생산력도 크게 향상되었다. 한글은 세종대왕이 우리에게 남긴 ‘대한민국 최고의 문화유산’이다. 길이 후손에까지 물려주어 한민족이 영원히 쓸 수 있게끔 과학적으로 고안하고 설계한, 세계 문자 사상 전례 없는 뛰어난 발명품인 자질 문자 체계를 우리에게 선물한 것이다.",영원,,永遠,永遠,
3급II,72,2016-02-27,98,hanjaeo_W,다음 밑줄 친 漢字語를 漢字(正字)로 쓰시오.,"세종은 한글이 기존의 이두보다 훨씬 뛰어날 뿐만 아니라 배우기도 쉽다고 신하들에게 거듭 설명했다. 세종은 인재들을 사랑하고 백성들을 교화시킴으로써 풍속이 아름다운 국가를 만들었다. 각종 과학 기술의 발전으로 생산력도 크게 향상되었다. 한글은 세종대왕이 우리에게 남긴 ‘대한민국 최고의 문화유산’이다. 길이 후손에까지 물려주어 한민족이 영원히 쓸 수 있게끔 과학적으로 고안하고 설계한, 세계 문자 사상 전례 없는 뛰어난 발명품인 자질 문자 체계를 우리에게 선물한 것이다.",고안,,考案,考案,
3급II,72,2016-02-27,99,hanjaeo_W,다음 밑줄 친 漢字語를 漢字(正字)로 쓰시오.,"세종은 한글이 기존의 이두보다 훨씬 뛰어날 뿐만 아니라 배우기도 쉽다고 신하들에게 거듭 설명했다. 세종은 인재들을 사랑하고 백성들을 교화시킴으로써 풍속이 아름다운 국가를 만들었다. 각종 과학 기술의 발전으로 생산력도 크게 향상되었다. 한글은 세종대왕이 우리에게 남긴 ‘대한민국 최고의 문화유산’이다. 길이 후손에까지 물려주어 한민족이 영원히 쓸 수 있게끔 과학적으로 고안하고 설계한, 세계 문자 사상 전례 없는 뛰어난 발명품인 자질 문자 체계를 우리에게 선물한 것이다.",설계,,設計,設計,
3급II,72,2016-02-27,100,hanjaeo_W,다음 밑줄 친 漢字語를 漢字(正字)로 쓰시오.,"세종은 한글이 기존의 이두보다 훨씬 뛰어날 뿐만 아니라 배우기도 쉽다고 신하들에게 거듭 설명했다. 세종은 인재들을 사랑하고 백성들을 교화시킴으로써 풍속이 아름다운 국가를 만들었다. 각종 과학 기술의 발전으로 생산력도 크게 향상되었다. 한글은 세종대왕이 우리에게 남긴 ‘대한민국 최고의 문화유산’이다. 길이 후손에까지 물려주어 한민족이 영원히 쓸 수 있게끔 과학적으로 고안하고 설계한, 세계 문자 사상 전례 없는 뛰어난 발명품인 자질 문자 체계를 우리에게 선물한 것이다.",전례,,前例,前例,
3급II,72,2016-02-27,101,hanjaeo_W,다음 밑줄 친 漢字語를 漢字(正字)로 쓰시오.,갈등과 대립이 심각해지고 있는 동아시아에서 평화로운 공존을 위해 노력하는 사람들이 있다. 바로 한･중･일 시민단체들이다.,대립,,對立,對立,
3급II,72,2016-02-27,102,hanjaeo_W,다음 밑줄 친 漢字語를 漢字(正字)로 쓰시오.,갈등과 대립이 심각해지고 있는 동아시아에서 평화로운 공존을 위해 노력하는 사람들이 있다. 바로 한･중･일 시민단체들이다.,평화,,平和,平和,
3급II,72,2016-02-27,103,jangeum_S,다음 漢字語 가운데 첫 음절이 長音으로 발음되는 것을 골라 그 번호를 쓰시오.,,,"[""① 收金"", ""② 達觀"", ""③ 端身"", ""④ 假名""]",④,④ 假名,
3급II,72,2016-02-27,104,jangeum_S,다음 漢字語 가운데 첫 음절이 長音으로 발음되는 것을 골라 그 번호를 쓰시오.,,,"[""① 減少"", ""② 克己"", ""③ 如何"", ""④ 隔年""]",①,① 減少,
3급II,72,2016-02-27,105,jangeum_S,다음 漢字語 가운데 첫 음절이 長音으로 발음되는 것을 골라 그 번호를 쓰시오.,,,"[""① 綿密"", ""② 硏究"", ""③ 銃擊"", ""④ 編入""]",②,② 硏究,
3급II,72,2016-02-27,106,jangeum_S,다음 漢字語 가운데 첫 음절이 長音으로 발음되는 것을 골라 그 번호를 쓰시오.,,,"[""① 構圖"", ""② 東京"", ""③ 待遇"", ""④ 官權""]",③,③ 待遇,
3급II,72,2016-02-27,107,jangeum_S,다음 漢字語 가운데 첫 음절이 長音으로 발음되는 것을 골라 그 번호를 쓰시오.,,,"[""① 墨香"", ""② 直角"", ""③ 禁止"", ""④ 江南""]",③,③ 禁止,
3급II,72,2016-02-27,108,banui_W,다음 漢字와 反對(또는 相對)되는 漢字를 써 넣어 글 속의 漢字語를 完成하시오.,賞(    )이 분명해야 한다는 한비자의 생각은 오늘날에도 유효하다.,賞( ),,罰,罰,
3급II,72,2016-02-27,109,banui_W,다음 漢字와 反對(또는 相對)되는 漢字를 써 넣어 글 속의 漢字語를 完成하시오.,그는 결식아동들을 (     )陽으로 도왔다.,( )陽,,陰,陰,
3급II,72,2016-02-27,110,banui_W,다음 漢字와 反對(또는 相對)되는 漢字를 써 넣어 글 속의 漢字語를 完成하시오.,오늘날 경제가 어려워지면서 업종별로 明(     )이 뚜렷이 갈리고 있다.,明( ),,暗,暗,
3급II,72,2016-02-27,111,banui_W,다음 漢字와 反對(또는 相對)되는 漢字를 써 넣어 글 속의 漢字語를 完成하시오.,남의 (   )凶 때마다 약간의 부조를 하는 것은 미덕의 하나임은 말할 것도 없다.,( )凶,,吉,吉,
3급II,72,2016-02-27,112,banui_W,다음 漢字와 反對(또는 相對)되는 漢字를 써 넣어 글 속의 漢字語를 完成하시오.,(    )否를 잘 분별하는 사람이 되어야 한다.,( )否,,可,可,
3급II,72,2016-02-27,113,banuieo_W,다음 漢字語의 反對語(또는 相對語)를 漢字(正字)로 쓰시오.,原因 ↔ (   )( ),原因 ↔ ( )( ),,結果,結果,
3급II,72,2016-02-27,114,banuieo_W,다음 漢字語의 反對語(또는 相對語)를 漢字(正字)로 쓰시오.,漸進 ↔ (    )( ),漸進 ↔ ( )( ),,急進,急進,
3급II,72,2016-02-27,115,banuieo_W,다음 漢字語의 反對語(또는 相對語)를 漢字(正字)로 쓰시오.,(   )( ) ↔ 排氣,( )( ) ↔ 排氣,,吸氣,吸氣,
3급II,72,2016-02-27,116,banuieo_W,다음 漢字語의 反對語(또는 相對語)를 漢字(正字)로 쓰시오.,夏至 ↔ (    )( ),夏至 ↔ ( )( ),,冬至,冬至,
3급II,72,2016-02-27,117,banuieo_W,다음 漢字語의 反對語(또는 相對語)를 漢字(正字)로 쓰시오.,(   )( ) ↔ 廢業,( )( ) ↔ 廢業,,開業,開業,
3급II,72,2016-02-27,118,seongeo_W,다음 빈 칸에 알맞은 漢字(正字)를 써 넣어 漢字語(成語)를 完成하시오.,苦盡甘(     ) : 고생 끝에 낙이 옴.,苦盡甘( ),,來,來,
3급II,72,2016-02-27,119,seongeo_W,다음 빈 칸에 알맞은 漢字(正字)를 써 넣어 漢字語(成語)를 完成하시오.,群( )割據 : 여러 영웅들이 각지에 자리를 잡고 서로 세력을 다툼.,群( )割據,,雄,雄,
3급II,72,2016-02-27,120,seongeo_W,다음 빈 칸에 알맞은 漢字(正字)를 써 넣어 漢字語(成語)를 完成하시오.,窮( )之策 : 생각다 못해 해내는 계책.,窮( )之策,,餘,餘,
3급II,72,2016-02-27,121,seongeo_W,다음 빈 칸에 알맞은 漢字(正字)를 써 넣어 漢字語(成語)를 完成하시오.,烏( )之卒 : 까마귀가 모인 것처럼 규율이 없는 병졸.,烏( )之卒,,合,合,
3급II,72,2016-02-27,122,seongeo_W,다음 빈 칸에 알맞은 漢字(正字)를 써 넣어 漢字語(成語)를 完成하시오.,錦衣(    )行 : 비단옷을 입고 밤에 다님.,錦衣( )行,,夜,夜,
3급II,72,2016-02-27,123,seongeo_W,다음 빈 칸에 알맞은 漢字(正字)를 써 넣어 漢字語(成語)를 完成하시오.,(   )在頃刻 : 목숨이 경각에 있다는 데서 거의 죽게 됨.,( )在頃刻,,命,命,
3급II,72,2016-02-27,124,seongeo_W,다음 빈 칸에 알맞은 漢字(正字)를 써 넣어 漢字語(成語)를 完成하시오.,孤掌(    )鳴 : 외손뼉은 울리지 않음.,孤掌( )鳴,,難,難,
3급II,72,2016-02-27,125,seongeo_W,다음 빈 칸에 알맞은 漢字(正字)를 써 넣어 漢字語(成語)를 完成하시오.,(   )曲肝腸 : 굽이굽이 사무친 속마음.,( )曲肝腸,,九,九,
3급II,72,2016-02-27,126,seongeo_W,다음 빈 칸에 알맞은 漢字(正字)를 써 넣어 漢字語(成語)를 完成하시오.,居安(    )危 : 편안히 살 때 위태로움을 생각함.,居安( )危,,思,思,
3급II,72,2016-02-27,127,seongeo_W,다음 빈 칸에 알맞은 漢字(正字)를 써 넣어 漢字語(成語)를 完成하시오.,事( )歸正 : 모든 잘잘못은 반드시 바른 길로 돌아옴.,事( )歸正,,必,必,
3급II,72,2016-02-27,128,busu_W,다음 漢字의 部首를 쓰시오.,呼,呼,,口,口,
3급II,72,2016-02-27,129,busu_W,다음 漢字의 部首를 쓰시오.,務,務,,力,力,
3급II,72,2016-02-27,130,busu_W,다음 漢字의 部首를 쓰시오.,殺,殺,,殳,殳,
3급II,72,2016-02-27,131,busu_W,다음 漢字의 部首를 쓰시오.,與,與,,臼,臼,
3급II,72,2016-02-27,132,busu_W,다음 漢字의 部首를 쓰시오.,黨,黨,,黑,黑,
3급II,72,2016-02-27,133,yui_S,다음 漢字와 訓이 같거나 비슷한 漢字를 <보기>에서 찾아 그 번호를 써 넣으시오.,街,街,"[""① 謠"", ""② 池"", ""③ 固"", ""④ 議"", ""⑤ 寧"", ""⑥ 邪"", ""⑦ 範"", ""⑧ 路""]",⑧,⑧ 路,
3급II,72,2016-02-27,134,yui_S,다음 漢字와 訓이 같거나 비슷한 漢字를 <보기>에서 찾아 그 번호를 써 넣으시오.,歌,歌,"[""① 謠"", ""② 池"", ""③ 固"", ""④ 議"", ""⑤ 寧"", ""⑥ 邪"", ""⑦ 範"", ""⑧ 路""]",①,① 謠,
3급II,72,2016-02-27,135,yui_S,다음 漢字와 訓이 같거나 비슷한 漢字를 <보기>에서 찾아 그 번호를 써 넣으시오.,堅,堅,"[""① 謠"", ""② 池"", ""③ 固"", ""④ 議"", ""⑤ 寧"", ""⑥ 邪"", ""⑦ 範"", ""⑧ 路""]",③,③ 固,
3급II,72,2016-02-27,136,yui_S,다음 漢字와 訓이 같거나 비슷한 漢字를 <보기>에서 찾아 그 번호를 써 넣으시오.,規,規,"[""① 謠"", ""② 池"", ""③ 固"", ""④ 議"", ""⑤ 寧"", ""⑥ 邪"", ""⑦ 範"", ""⑧ 路""]",⑦,⑦ 範,
3급II,72,2016-02-27,137,yui_S,다음 漢字와 訓이 같거나 비슷한 漢字를 <보기>에서 찾아 그 번호를 써 넣으시오.,論,論,"[""① 謠"", ""② 池"", ""③ 固"", ""④ 議"", ""⑤ 寧"", ""⑥ 邪"", ""⑦ 範"", ""⑧ 路""]",④,④ 議,
3급II,72,2016-02-27,138,dongeumeo_W,"다음 漢字語와 音이 같으며, 다음 풀이에 알맞은 漢字語를 쓰시오.",(剛斷) - 강연 하는 사람이 올라서도록 약간 높게 만든 자리.,(剛斷),,講壇,講壇,
3급II,72,2016-02-27,139,dongeumeo_W,"다음 漢字語와 音이 같으며, 다음 풀이에 알맞은 漢字語를 쓰시오.",(警戒) - 사물이나 지역이 분간되는 한계.,(警戒),,境界,境界,
3급II,72,2016-02-27,140,dongeumeo_W,"다음 漢字語와 音이 같으며, 다음 풀이에 알맞은 漢字語를 쓰시오.",(支障) - 손가락의 지문을 찍은 것.,(支障),,指章,指章,
3급II,72,2016-02-27,141,dongeumeo_W,"다음 漢字語와 音이 같으며, 다음 풀이에 알맞은 漢字語를 쓰시오.",(製藥) - 조건을 붙여 내용을 제한함.,(製藥),,制約,制約,
3급II,72,2016-02-27,142,dongeumeo_W,"다음 漢字語와 音이 같으며, 다음 풀이에 알맞은 漢字語를 쓰시오.",(電源) - 도시에서 떨어진 시골이나 교외.,(電源),,田園,田園,
3급II,72,2016-02-27,143,mean_W,다음 漢字語의 뜻을 쓰시오.,積善,積善,,착한 일을 많이 함.,착한 일을 많이 함.,
3급II,72,2016-02-27,144,mean_W,다음 漢字語의 뜻을 쓰시오.,栽培,栽培,,식물을 심어 가꿈.,식물을 심어 가꿈.,
3급II,72,2016-02-27,145,mean_W,다음 漢字語의 뜻을 쓰시오.,速步,速步,,빠른 걸음,빠른 걸음,
3급II,72,2016-02-27,146,mean_W,다음 漢字語의 뜻을 쓰시오.,攻守,攻守,,공격과 수비,공격과 수비,
3급II,72,2016-02-27,147,mean_W,다음 漢字語의 뜻을 쓰시오.,土器,土器,,흙으로 만든 그릇,흙으로 만든 그릇,
3급II,72,2016-02-27,148,yakja_W,다음 漢字의 略字를 쓰시오.,價,價,,價,價,
3급II,72,2016-02-27,149,yakja_W,다음 漢字의 略字를 쓰시오.,擔,擔,,担,担,
3급II,72,2016-02-27,150,yakja_W,다음 漢字의 略字를 쓰시오.,鐵,鐵,,鉄,鉄,
3급II,73,2016-06-18,1,dokeum_W,다음 문장에서 밑줄 친 漢字語의 讀音을 쓰시오.,당신 주장의 論據는 무엇인가?,論據,,논거,논거,
3급II,73,2016-06-18,2,dokeum_W,다음 문장에서 밑줄 친 漢字語의 讀音을 쓰시오.,우리는 悠久한 역사를 가졌다.,悠久,,유구,유구,
3급II,73,2016-06-18,3,dokeum_W,다음 문장에서 밑줄 친 漢字語의 讀音을 쓰시오.,힘들어도 逃避하지 마라.,逃避,,도피,도피,
3급II,73,2016-06-18,4,dokeum_W,다음 문장에서 밑줄 친 漢字語의 讀音을 쓰시오.,그 할머니는 매우 貞淑하셨다.,貞淑,,정숙,정숙,
3급II,73,2016-06-18,5,dokeum_W,다음 문장에서 밑줄 친 漢字語의 讀音을 쓰시오.,조선의 陶工이 가장 훌륭했다.,陶工,,도공,도공,
3급II,73,2016-06-18,6,dokeum_W,다음 문장에서 밑줄 친 漢字語의 讀音을 쓰시오.,어르신께 安否 전해주게나.,安否,,안부,안부,
3급II,73,2016-06-18,7,dokeum_W,다음 문장에서 밑줄 친 漢字語의 讀音을 쓰시오.,공장을 閉鎖했읍니다.,閉鎖,,폐쇄,폐쇄,
3급II,73,2016-06-18,8,dokeum_W,다음 문장에서 밑줄 친 漢字語의 讀音을 쓰시오.,이제 거의 완성 段階야.,段階,,단계,단계,
3급II,73,2016-06-18,9,dokeum_W,다음 문장에서 밑줄 친 漢字語의 讀音을 쓰시오.,後悔가 깊네요.,後悔,,후회,후회,
3급II,73,2016-06-18,10,dokeum_W,다음 문장에서 밑줄 친 漢字語의 讀音을 쓰시오.,이게 자네 조상의 墓碑일세.,墓碑,,묘비,묘비,
3급II,73,2016-06-18,11,dokeum_W,다음 문장에서 밑줄 친 漢字語의 讀音을 쓰시오.,내 의견을 簡略히 정리했음.,簡略,,간략,간략,
3급II,73,2016-06-18,12,dokeum_W,다음 문장에서 밑줄 친 漢字語의 讀音을 쓰시오.,그 회사는 堅實합니다.,堅實,,견실,견실,
3급II,73,2016-06-18,13,dokeum_W,다음 문장에서 밑줄 친 漢字語의 讀音을 쓰시오.,陳腐한 논쟁은 이제 그만하지.,陳腐,,진부,진부,
3급II,73,2016-06-18,14,dokeum_W,다음 문장에서 밑줄 친 漢字語의 讀音을 쓰시오.,서류를 紛失하면 안되지요,紛失,,분실,분실,
3급II,73,2016-06-18,15,dokeum_W,다음 문장에서 밑줄 친 漢字語의 讀音을 쓰시오.,極甚한 피로로 휴식해야만 해.,極甚,,극심,극심,
3급II,73,2016-06-18,16,dokeum_W,다음 문장에서 밑줄 친 漢字語의 讀音을 쓰시오.,성적이 漸進的으로 좋아집니다.,漸進的,,점진적,점진적,
3급II,73,2016-06-18,17,dokeum_W,다음 문장에서 밑줄 친 漢字語의 讀音을 쓰시오.,온라인상에 連載하고 있는 중입니다.,連載,,연재,연재,
3급II,73,2016-06-18,18,dokeum_W,다음 문장에서 밑줄 친 漢字語의 讀音을 쓰시오.,毛皮로 만든 옷이 많군요.,毛皮,,모피,모피,
3급II,73,2016-06-18,19,dokeum_W,다음 문장에서 밑줄 친 漢字語의 讀音을 쓰시오.,올 가을에는 전국을 遊覽하세.,遊覽,,유람,유람,
3급II,73,2016-06-18,20,dokeum_W,다음 문장에서 밑줄 친 漢字語의 讀音을 쓰시오.,시류에 잘 便乘하는군.,便乘,,편승,편승,
3급II,73,2016-06-18,21,dokeum_W,다음 漢字語의 讀音을 쓰시오.,勸誘,勸誘,,권유,권유,
3급II,73,2016-06-18,22,dokeum_W,다음 漢字語의 讀音을 쓰시오.,依賴,依賴,,의뢰,의뢰,
3급II,73,2016-06-18,23,dokeum_W,다음 漢字語의 讀音을 쓰시오.,獄苦,獄苦,,옥고,옥고,
3급II,73,2016-06-18,24,dokeum_W,다음 漢字語의 讀音을 쓰시오.,喪禮,喪禮,,상례,상례,
3급II,73,2016-06-18,25,dokeum_W,다음 漢字語의 讀音을 쓰시오.,讓位,讓位,,양위,양위,
3급II,73,2016-06-18,26,dokeum_W,다음 漢字語의 讀音을 쓰시오.,項目,項目,,항목,항목,
3급II,73,2016-06-18,27,dokeum_W,다음 漢字語의 讀音을 쓰시오.,執着,執着,,집착,집착,
3급II,73,2016-06-18,28,dokeum_W,다음 漢字語의 讀音을 쓰시오.,資源,資源,,자원,자원,
3급II,73,2016-06-18,29,dokeum_W,다음 漢字語의 讀音을 쓰시오.,拍車,拍車,,박차,박차,
3급II,73,2016-06-18,30,dokeum_W,다음 漢字語의 讀音을 쓰시오.,疏遠,疏遠,,소원,소원,
3급II,73,2016-06-18,31,dokeum_W,다음 漢字語의 讀音을 쓰시오.,慾求,慾求,,욕구,욕구,
3급II,73,2016-06-18,32,dokeum_W,다음 漢字語의 讀音을 쓰시오.,石塔,石塔,,석탑,석탑,
3급II,73,2016-06-18,33,dokeum_W,다음 漢字語의 讀音을 쓰시오.,臟器,臟器,,장기,장기,
3급II,73,2016-06-18,34,dokeum_W,다음 漢字語의 讀音을 쓰시오.,治粧,治粧,,치장,치장,
3급II,73,2016-06-18,35,dokeum_W,다음 漢字語의 讀音을 쓰시오.,株價,株價,,주가,주가,
3급II,73,2016-06-18,36,dokeum_W,다음 漢字語의 讀音을 쓰시오.,停滯,停滯,,정체,정체,
3급II,73,2016-06-18,37,dokeum_W,다음 漢字語의 讀音을 쓰시오.,履修,履修,,이수,이수,
3급II,73,2016-06-18,38,dokeum_W,다음 漢字語의 讀音을 쓰시오.,恭待,恭待,,공대,공대,
3급II,73,2016-06-18,39,dokeum_W,다음 漢字語의 讀音을 쓰시오.,明哲,明哲,,명철,명철,
3급II,73,2016-06-18,40,dokeum_W,다음 漢字語의 讀音을 쓰시오.,振作,振作,,진작,진작,
3급II,73,2016-06-18,41,dokeum_W,다음 漢字語의 讀音을 쓰시오.,惠澤,惠澤,,혜택,혜택,
3급II,73,2016-06-18,42,dokeum_W,다음 漢字語의 讀音을 쓰시오.,攻防,攻防,,공방,공방,
3급II,73,2016-06-18,43,dokeum_W,다음 漢字語의 讀音을 쓰시오.,賦課,賦課,,부과,부과,
3급II,73,2016-06-18,44,dokeum_W,다음 漢字語의 讀音을 쓰시오.,節槪,節槪,,절개,절개,
3급II,73,2016-06-18,45,dokeum_W,다음 漢字語의 讀音을 쓰시오.,墨香,墨香,,묵향,묵향,
3급II,73,2016-06-18,46,huneum_W,다음 漢字의 訓과 音을 쓰시오.,隔,隔,,사이뜰 격,사이뜰 격,
3급II,73,2016-06-18,47,huneum_W,다음 漢字의 訓과 音을 쓰시오.,腹,腹,,배 복,배 복,
3급II,73,2016-06-18,48,huneum_W,다음 漢字의 訓과 音을 쓰시오.,觸,觸,,닿을 촉,닿을 촉,
3급II,73,2016-06-18,49,huneum_W,다음 漢字의 訓과 音을 쓰시오.,貌,貌,,모양 모,모양 모,
3급II,73,2016-06-18,50,huneum_W,다음 漢字의 訓과 音을 쓰시오.,婢,婢,,계집종 비,계집종 비,
3급II,73,2016-06-18,51,huneum_W,다음 漢字의 訓과 音을 쓰시오.,愼,愼,,삼갈 신,삼갈 신,
3급II,73,2016-06-18,52,huneum_W,다음 漢字의 訓과 音을 쓰시오.,附,附,,붙을 부,붙을 부,
3급II,73,2016-06-18,53,huneum_W,다음 漢字의 訓과 音을 쓰시오.,燕,燕,,제비 연,제비 연,
3급II,73,2016-06-18,54,huneum_W,다음 漢字의 訓과 音을 쓰시오.,湯,湯,,끓을 탕,끓을 탕,
3급II,73,2016-06-18,55,huneum_W,다음 漢字의 訓과 音을 쓰시오.,巖,巖,,바위 암,바위 암,
3급II,73,2016-06-18,56,huneum_W,다음 漢字의 訓과 音을 쓰시오.,妻,妻,,아내 처,아내 처,
3급II,73,2016-06-18,57,huneum_W,다음 漢字의 訓과 音을 쓰시오.,隨,隨,,따를 수,따를 수,
3급II,73,2016-06-18,58,huneum_W,다음 漢字의 訓과 音을 쓰시오.,曆,曆,,책력 력,책력 력,
3급II,73,2016-06-18,59,huneum_W,다음 漢字의 訓과 音을 쓰시오.,笛,笛,,피리 적,피리 적,
3급II,73,2016-06-18,60,huneum_W,다음 漢字의 訓과 音을 쓰시오.,稀,稀,,드물 희,드물 희,
3급II,73,2016-06-18,61,huneum_W,다음 漢字의 訓과 音을 쓰시오.,鑑,鑑,,거울 감,거울 감,
3급II,73,2016-06-18,62,huneum_W,다음 漢字의 訓과 音을 쓰시오.,浸,浸,,잠길 침,잠길 침,
3급II,73,2016-06-18,63,huneum_W,다음 漢字의 訓과 音을 쓰시오.,碧,碧,,푸를 벽,푸를 벽,
3급II,73,2016-06-18,64,huneum_W,다음 漢字의 訓과 音을 쓰시오.,淫,淫,,음란할 음,음란할 음,
3급II,73,2016-06-18,65,huneum_W,다음 漢字의 訓과 音을 쓰시오.,瓦,瓦,,기와 와,기와 와,
3급II,73,2016-06-18,66,huneum_W,다음 漢字의 訓과 音을 쓰시오.,吹,吹,,불 취,불 취,
3급II,73,2016-06-18,67,huneum_W,다음 漢字의 訓과 音을 쓰시오.,恐,恐,,두려울 공,두려울 공,
3급II,73,2016-06-18,68,huneum_W,다음 漢字의 訓과 音을 쓰시오.,垂,垂,,드리울 수,드리울 수,
3급II,73,2016-06-18,69,huneum_W,다음 漢字의 訓과 音을 쓰시오.,蒼,蒼,,푸를 창,푸를 창,
3급II,73,2016-06-18,70,huneum_W,다음 漢字의 訓과 音을 쓰시오.,僧,僧,,중 승,중 승,
3급II,73,2016-06-18,71,huneum_W,다음 漢字의 訓과 音을 쓰시오.,牙,牙,,어금니 아,어금니 아,
3급II,73,2016-06-18,72,huneum_W,다음 漢字의 訓과 音을 쓰시오.,姑,姑,,시어미 고,시어미 고,
3급II,73,2016-06-18,73,hanjaeo_W,다음 밑줄 친 漢字語를 漢字(正字)로 쓰시오.,"사장이 기업을 성공적으로 육성하기 위해서는 먼저 회사의 대표로서 책임감을 가지고 직원들과 함께 해야 한다. 즉 그들의 모든 것을 이해하고 의사를 중시하며, 어려움을 공감하면서 관계를 원활하게 하려고 노력한다면 직원들은 사장을 존경하게 되고, 직원으로서의 업무에 성심을 다하며, 공동체라는 의식을 가지고 함께 발전하기 위한 노력을 할 것이며, 이를 통해 이와 같은 활동이 결과적으로는 자신들의 생계까지 보장하는 것이라 생각하게 될 것이다.",육성,,育成,育成,
3급II,73,2016-06-18,74,hanjaeo_W,다음 밑줄 친 漢字語를 漢字(正字)로 쓰시오.,"사장이 기업을 성공적으로 육성하기 위해서는 먼저 회사의 대표로서 책임감을 가지고 직원들과 함께 해야 한다. 즉 그들의 모든 것을 이해하고 의사를 중시하며, 어려움을 공감하면서 관계를 원활하게 하려고 노력한다면 직원들은 사장을 존경하게 되고, 직원으로서의 업무에 성심을 다하며, 공동체라는 의식을 가지고 함께 발전하기 위한 노력을 할 것이며, 이를 통해 이와 같은 활동이 결과적으로는 자신들의 생계까지 보장하는 것이라 생각하게 될 것이다.",대표,,代表,代表,
3급II,73,2016-06-18,75,hanjaeo_W,다음 밑줄 친 漢字語를 漢字(正字)로 쓰시오.,"사장이 기업을 성공적으로 육성하기 위해서는 먼저 회사의 대표로서 책임감을 가지고 직원들과 함께 해야 한다. 즉 그들의 모든 것을 이해하고 의사를 중시하며, 어려움을 공감하면서 관계를 원활하게 하려고 노력한다면 직원들은 사장을 존경하게 되고, 직원으로서의 업무에 성심을 다하며, 공동체라는 의식을 가지고 함께 발전하기 위한 노력을 할 것이며, 이를 통해 이와 같은 활동이 결과적으로는 자신들의 생계까지 보장하는 것이라 생각하게 될 것이다.",책임,,責任,責任,
3급II,73,2016-06-18,76,hanjaeo_W,다음 밑줄 친 漢字語를 漢字(正字)로 쓰시오.,"사장이 기업을 성공적으로 육성하기 위해서는 먼저 회사의 대표로서 책임감을 가지고 직원들과 함께 해야 한다. 즉 그들의 모든 것을 이해하고 의사를 중시하며, 어려움을 공감하면서 관계를 원활하게 하려고 노력한다면 직원들은 사장을 존경하게 되고, 직원으로서의 업무에 성심을 다하며, 공동체라는 의식을 가지고 함께 발전하기 위한 노력을 할 것이며, 이를 통해 이와 같은 활동이 결과적으로는 자신들의 생계까지 보장하는 것이라 생각하게 될 것이다.",직원,,職員,職員,
3급II,73,2016-06-18,77,hanjaeo_W,다음 밑줄 친 漢字語를 漢字(正字)로 쓰시오.,"사장이 기업을 성공적으로 육성하기 위해서는 먼저 회사의 대표로서 책임감을 가지고 직원들과 함께 해야 한다. 즉 그들의 모든 것을 이해하고 의사를 중시하며, 어려움을 공감하면서 관계를 원활하게 하려고 노력한다면 직원들은 사장을 존경하게 되고, 직원으로서의 업무에 성심을 다하며, 공동체라는 의식을 가지고 함께 발전하기 위한 노력을 할 것이며, 이를 통해 이와 같은 활동이 결과적으로는 자신들의 생계까지 보장하는 것이라 생각하게 될 것이다.",이해,,理解,理解,
3급II,73,2016-06-18,78,hanjaeo_W,다음 밑줄 친 漢字語를 漢字(正字)로 쓰시오.,"사장이 기업을 성공적으로 육성하기 위해서는 먼저 회사의 대표로서 책임감을 가지고 직원들과 함께 해야 한다. 즉 그들의 모든 것을 이해하고 의사를 중시하며, 어려움을 공감하면서 관계를 원활하게 하려고 노력한다면 직원들은 사장을 존경하게 되고, 직원으로서의 업무에 성심을 다하며, 공동체라는 의식을 가지고 함께 발전하기 위한 노력을 할 것이며, 이를 통해 이와 같은 활동이 결과적으로는 자신들의 생계까지 보장하는 것이라 생각하게 될 것이다.",의사,,意思,意思,
3급II,73,2016-06-18,79,hanjaeo_W,다음 밑줄 친 漢字語를 漢字(正字)로 쓰시오.,"사장이 기업을 성공적으로 육성하기 위해서는 먼저 회사의 대표로서 책임감을 가지고 직원들과 함께 해야 한다. 즉 그들의 모든 것을 이해하고 의사를 중시하며, 어려움을 공감하면서 관계를 원활하게 하려고 노력한다면 직원들은 사장을 존경하게 되고, 직원으로서의 업무에 성심을 다하며, 공동체라는 의식을 가지고 함께 발전하기 위한 노력을 할 것이며, 이를 통해 이와 같은 활동이 결과적으로는 자신들의 생계까지 보장하는 것이라 생각하게 될 것이다.",중시,,重視,重視,
3급II,73,2016-06-18,80,hanjaeo_W,다음 밑줄 친 漢字語를 漢字(正字)로 쓰시오.,"사장이 기업을 성공적으로 육성하기 위해서는 먼저 회사의 대표로서 책임감을 가지고 직원들과 함께 해야 한다. 즉 그들의 모든 것을 이해하고 의사를 중시하며, 어려움을 공감하면서 관계를 원활하게 하려고 노력한다면 직원들은 사장을 존경하게 되고, 직원으로서의 업무에 성심을 다하며, 공동체라는 의식을 가지고 함께 발전하기 위한 노력을 할 것이며, 이를 통해 이와 같은 활동이 결과적으로는 자신들의 생계까지 보장하는 것이라 생각하게 될 것이다.",관계,,關係,關係,
3급II,73,2016-06-18,81,hanjaeo_W,다음 밑줄 친 漢字語를 漢字(正字)로 쓰시오.,"사장이 기업을 성공적으로 육성하기 위해서는 먼저 회사의 대표로서 책임감을 가지고 직원들과 함께 해야 한다. 즉 그들의 모든 것을 이해하고 의사를 중시하며, 어려움을 공감하면서 관계를 원활하게 하려고 노력한다면 직원들은 사장을 존경하게 되고, 직원으로서의 업무에 성심을 다하며, 공동체라는 의식을 가지고 함께 발전하기 위한 노력을 할 것이며, 이를 통해 이와 같은 활동이 결과적으로는 자신들의 생계까지 보장하는 것이라 생각하게 될 것이다.",노력,,努力,努力,
3급II,73,2016-06-18,82,hanjaeo_W,다음 밑줄 친 漢字語를 漢字(正字)로 쓰시오.,"사장이 기업을 성공적으로 육성하기 위해서는 먼저 회사의 대표로서 책임감을 가지고 직원들과 함께 해야 한다. 즉 그들의 모든 것을 이해하고 의사를 중시하며, 어려움을 공감하면서 관계를 원활하게 하려고 노력한다면 직원들은 사장을 존경하게 되고, 직원으로서의 업무에 성심을 다하며, 공동체라는 의식을 가지고 함께 발전하기 위한 노력을 할 것이며, 이를 통해 이와 같은 활동이 결과적으로는 자신들의 생계까지 보장하는 것이라 생각하게 될 것이다.",존경,,尊敬,尊敬,
3급II,73,2016-06-18,83,hanjaeo_W,다음 밑줄 친 漢字語를 漢字(正字)로 쓰시오.,"사장이 기업을 성공적으로 육성하기 위해서는 먼저 회사의 대표로서 책임감을 가지고 직원들과 함께 해야 한다. 즉 그들의 모든 것을 이해하고 의사를 중시하며, 어려움을 공감하면서 관계를 원활하게 하려고 노력한다면 직원들은 사장을 존경하게 되고, 직원으로서의 업무에 성심을 다하며, 공동체라는 의식을 가지고 함께 발전하기 위한 노력을 할 것이며, 이를 통해 이와 같은 활동이 결과적으로는 자신들의 생계까지 보장하는 것이라 생각하게 될 것이다.",업무,,業務,業務,
3급II,73,2016-06-18,84,hanjaeo_W,다음 밑줄 친 漢字語를 漢字(正字)로 쓰시오.,"사장이 기업을 성공적으로 육성하기 위해서는 먼저 회사의 대표로서 책임감을 가지고 직원들과 함께 해야 한다. 즉 그들의 모든 것을 이해하고 의사를 중시하며, 어려움을 공감하면서 관계를 원활하게 하려고 노력한다면 직원들은 사장을 존경하게 되고, 직원으로서의 업무에 성심을 다하며, 공동체라는 의식을 가지고 함께 발전하기 위한 노력을 할 것이며, 이를 통해 이와 같은 활동이 결과적으로는 자신들의 생계까지 보장하는 것이라 생각하게 될 것이다.",성심,,誠心,誠心,
3급II,73,2016-06-18,85,hanjaeo_W,다음 밑줄 친 漢字語를 漢字(正字)로 쓰시오.,"사장이 기업을 성공적으로 육성하기 위해서는 먼저 회사의 대표로서 책임감을 가지고 직원들과 함께 해야 한다. 즉 그들의 모든 것을 이해하고 의사를 중시하며, 어려움을 공감하면서 관계를 원활하게 하려고 노력한다면 직원들은 사장을 존경하게 되고, 직원으로서의 업무에 성심을 다하며, 공동체라는 의식을 가지고 함께 발전하기 위한 노력을 할 것이며, 이를 통해 이와 같은 활동이 결과적으로는 자신들의 생계까지 보장하는 것이라 생각하게 될 것이다.",공동체,,共同體,共同體,
3급II,73,2016-06-18,86,hanjaeo_W,다음 밑줄 친 漢字語를 漢字(正字)로 쓰시오.,"사장이 기업을 성공적으로 육성하기 위해서는 먼저 회사의 대표로서 책임감을 가지고 직원들과 함께 해야 한다. 즉 그들의 모든 것을 이해하고 의사를 중시하며, 어려움을 공감하면서 관계를 원활하게 하려고 노력한다면 직원들은 사장을 존경하게 되고, 직원으로서의 업무에 성심을 다하며, 공동체라는 의식을 가지고 함께 발전하기 위한 노력을 할 것이며, 이를 통해 이와 같은 활동이 결과적으로는 자신들의 생계까지 보장하는 것이라 생각하게 될 것이다.",발전,,發展,發展,
3급II,73,2016-06-18,87,hanjaeo_W,다음 밑줄 친 漢字語를 漢字(正字)로 쓰시오.,"사장이 기업을 성공적으로 육성하기 위해서는 먼저 회사의 대표로서 책임감을 가지고 직원들과 함께 해야 한다. 즉 그들의 모든 것을 이해하고 의사를 중시하며, 어려움을 공감하면서 관계를 원활하게 하려고 노력한다면 직원들은 사장을 존경하게 되고, 직원으로서의 업무에 성심을 다하며, 공동체라는 의식을 가지고 함께 발전하기 위한 노력을 할 것이며, 이를 통해 이와 같은 활동이 결과적으로는 자신들의 생계까지 보장하는 것이라 생각하게 될 것이다.",활동,,活動,活動,
3급II,73,2016-06-18,88,hanjaeo_W,다음 밑줄 친 漢字語를 漢字(正字)로 쓰시오.,"사장이 기업을 성공적으로 육성하기 위해서는 먼저 회사의 대표로서 책임감을 가지고 직원들과 함께 해야 한다. 즉 그들의 모든 것을 이해하고 의사를 중시하며, 어려움을 공감하면서 관계를 원활하게 하려고 노력한다면 직원들은 사장을 존경하게 되고, 직원으로서의 업무에 성심을 다하며, 공동체라는 의식을 가지고 함께 발전하기 위한 노력을 할 것이며, 이를 통해 이와 같은 활동이 결과적으로는 자신들의 생계까지 보장하는 것이라 생각하게 될 것이다.",결과,,結果,結果,
3급II,73,2016-06-18,89,hanjaeo_W,다음 밑줄 친 漢字語를 漢字(正字)로 쓰시오.,"사장이 기업을 성공적으로 육성하기 위해서는 먼저 회사의 대표로서 책임감을 가지고 직원들과 함께 해야 한다. 즉 그들의 모든 것을 이해하고 의사를 중시하며, 어려움을 공감하면서 관계를 원활하게 하려고 노력한다면 직원들은 사장을 존경하게 되고, 직원으로서의 업무에 성심을 다하며, 공동체라는 의식을 가지고 함께 발전하기 위한 노력을 할 것이며, 이를 통해 이와 같은 활동이 결과적으로는 자신들의 생계까지 보장하는 것이라 생각하게 될 것이다.",자신,,自身,自身,
3급II,73,2016-06-18,90,hanjaeo_W,다음 밑줄 친 漢字語를 漢字(正字)로 쓰시오.,"사장이 기업을 성공적으로 육성하기 위해서는 먼저 회사의 대표로서 책임감을 가지고 직원들과 함께 해야 한다. 즉 그들의 모든 것을 이해하고 의사를 중시하며, 어려움을 공감하면서 관계를 원활하게 하려고 노력한다면 직원들은 사장을 존경하게 되고, 직원으로서의 업무에 성심을 다하며, 공동체라는 의식을 가지고 함께 발전하기 위한 노력을 할 것이며, 이를 통해 이와 같은 활동이 결과적으로는 자신들의 생계까지 보장하는 것이라 생각하게 될 것이다.",생계,,生計,生計,
3급II,73,2016-06-18,91,hanjaeo_W,다음 밑줄 친 漢字語를 漢字(正字)로 쓰시오.,국가 차원에서 정보와 통신 분야를 진흥시키기 위해서는 먼저 근성 있는 인재를 양성해야 한다. 그리고 이를 위해 정부는 먼저 개방적 견지의 차원에서 불합리한 제도가 있으면 과감히 정리하여 관련 있는 자들의 부담을 경감시켜 주고 보호하는 방향으로 정책을 시행하면 우리의 앞날은 밝아질 것이다.,차원,,次元,次元,
3급II,73,2016-06-18,92,hanjaeo_W,다음 밑줄 친 漢字語를 漢字(正字)로 쓰시오.,국가 차원에서 정보와 통신 분야를 진흥시키기 위해서는 먼저 근성 있는 인재를 양성해야 한다. 그리고 이를 위해 정부는 먼저 개방적 견지의 차원에서 불합리한 제도가 있으면 과감히 정리하여 관련 있는 자들의 부담을 경감시켜 주고 보호하는 방향으로 정책을 시행하면 우리의 앞날은 밝아질 것이다.,분야,,分野,分野,
3급II,73,2016-06-18,93,hanjaeo_W,다음 밑줄 친 漢字語를 漢字(正字)로 쓰시오.,국가 차원에서 정보와 통신 분야를 진흥시키기 위해서는 먼저 근성 있는 인재를 양성해야 한다. 그리고 이를 위해 정부는 먼저 개방적 견지의 차원에서 불합리한 제도가 있으면 과감히 정리하여 관련 있는 자들의 부담을 경감시켜 주고 보호하는 방향으로 정책을 시행하면 우리의 앞날은 밝아질 것이다.,근성,,根性,根性,
3급II,73,2016-06-18,94,hanjaeo_W,다음 밑줄 친 漢字語를 漢字(正字)로 쓰시오.,국가 차원에서 정보와 통신 분야를 진흥시키기 위해서는 먼저 근성 있는 인재를 양성해야 한다. 그리고 이를 위해 정부는 먼저 개방적 견지의 차원에서 불합리한 제도가 있으면 과감히 정리하여 관련 있는 자들의 부담을 경감시켜 주고 보호하는 방향으로 정책을 시행하면 우리의 앞날은 밝아질 것이다.,인재,,人材,人材,
3급II,73,2016-06-18,95,hanjaeo_W,다음 밑줄 친 漢字語를 漢字(正字)로 쓰시오.,국가 차원에서 정보와 통신 분야를 진흥시키기 위해서는 먼저 근성 있는 인재를 양성해야 한다. 그리고 이를 위해 정부는 먼저 개방적 견지의 차원에서 불합리한 제도가 있으면 과감히 정리하여 관련 있는 자들의 부담을 경감시켜 주고 보호하는 방향으로 정책을 시행하면 우리의 앞날은 밝아질 것이다.,정부,,政府,政府,
3급II,73,2016-06-18,96,hanjaeo_W,다음 밑줄 친 漢字語를 漢字(正字)로 쓰시오.,국가 차원에서 정보와 통신 분야를 진흥시키기 위해서는 먼저 근성 있는 인재를 양성해야 한다. 그리고 이를 위해 정부는 먼저 개방적 견지의 차원에서 불합리한 제도가 있으면 과감히 정리하여 관련 있는 자들의 부담을 경감시켜 주고 보호하는 방향으로 정책을 시행하면 우리의 앞날은 밝아질 것이다.,개방,,開放,開放,
3급II,73,2016-06-18,97,hanjaeo_W,다음 밑줄 친 漢字語를 漢字(正字)로 쓰시오.,국가 차원에서 정보와 통신 분야를 진흥시키기 위해서는 먼저 근성 있는 인재를 양성해야 한다. 그리고 이를 위해 정부는 먼저 개방적 견지의 차원에서 불합리한 제도가 있으면 과감히 정리하여 관련 있는 자들의 부담을 경감시켜 주고 보호하는 방향으로 정책을 시행하면 우리의 앞날은 밝아질 것이다.,견지,,見地,見地,
3급II,73,2016-06-18,98,hanjaeo_W,다음 밑줄 친 漢字語를 漢字(正字)로 쓰시오.,국가 차원에서 정보와 통신 분야를 진흥시키기 위해서는 먼저 근성 있는 인재를 양성해야 한다. 그리고 이를 위해 정부는 먼저 개방적 견지의 차원에서 불합리한 제도가 있으면 과감히 정리하여 관련 있는 자들의 부담을 경감시켜 주고 보호하는 방향으로 정책을 시행하면 우리의 앞날은 밝아질 것이다.,제도,,制度,制度,
3급II,73,2016-06-18,99,hanjaeo_W,다음 밑줄 친 漢字語를 漢字(正字)로 쓰시오.,국가 차원에서 정보와 통신 분야를 진흥시키기 위해서는 먼저 근성 있는 인재를 양성해야 한다. 그리고 이를 위해 정부는 먼저 개방적 견지의 차원에서 불합리한 제도가 있으면 과감히 정리하여 관련 있는 자들의 부담을 경감시켜 주고 보호하는 방향으로 정책을 시행하면 우리의 앞날은 밝아질 것이다.,경감,,輕減,輕減,
3급II,73,2016-06-18,100,hanjaeo_W,다음 밑줄 친 漢字語를 漢字(正字)로 쓰시오.,국가 차원에서 정보와 통신 분야를 진흥시키기 위해서는 먼저 근성 있는 인재를 양성해야 한다. 그리고 이를 위해 정부는 먼저 개방적 견지의 차원에서 불합리한 제도가 있으면 과감히 정리하여 관련 있는 자들의 부담을 경감시켜 주고 보호하는 방향으로 정책을 시행하면 우리의 앞날은 밝아질 것이다.,보호,,保護,保護,
3급II,73,2016-06-18,101,hanjaeo_W,다음 밑줄 친 漢字語를 漢字(正字)로 쓰시오.,국가 차원에서 정보와 통신 분야를 진흥시키기 위해서는 먼저 근성 있는 인재를 양성해야 한다. 그리고 이를 위해 정부는 먼저 개방적 견지의 차원에서 불합리한 제도가 있으면 과감히 정리하여 관련 있는 자들의 부담을 경감시켜 주고 보호하는 방향으로 정책을 시행하면 우리의 앞날은 밝아질 것이다.,방향,,方向,方向,
3급II,73,2016-06-18,102,hanjaeo_W,다음 밑줄 친 漢字語를 漢字(正字)로 쓰시오.,국가 차원에서 정보와 통신 분야를 진흥시키기 위해서는 먼저 근성 있는 인재를 양성해야 한다. 그리고 이를 위해 정부는 먼저 개방적 견지의 차원에서 불합리한 제도가 있으면 과감히 정리하여 관련 있는 자들의 부담을 경감시켜 주고 보호하는 방향으로 정책을 시행하면 우리의 앞날은 밝아질 것이다.,시행,,施行,施行,
3급II,73,2016-06-18,103,jangeum_S,다음 漢字語 가운데 첫 음절이 長音으로 발음되는 것을 골라 그 번호를 쓰시오.,,,"[""① 萬能"", ""② 縱隊"", ""③ 糧穀"", ""④ 桃園""]",①,① 萬能,
3급II,73,2016-06-18,104,jangeum_S,다음 漢字語 가운데 첫 음절이 長音으로 발음되는 것을 골라 그 번호를 쓰시오.,,,"[""① 炎天"", ""② 凍傷"", ""③ 抑揚"", ""④ 別離""]",②,② 凍傷,
3급II,73,2016-06-18,105,jangeum_S,다음 漢字語 가운데 첫 음절이 長音으로 발음되는 것을 골라 그 번호를 쓰시오.,,,"[""① 剛直"", ""② 乾達"", ""③ 禽獸"", ""④ 富強""]",④,④ 富強,
3급II,73,2016-06-18,106,jangeum_S,다음 漢字語 가운데 첫 음절이 長音으로 발음되는 것을 골라 그 번호를 쓰시오.,,,"[""① 慈悲"", ""② 嚴密"", ""③ 普及"", ""④ 帳簿""]",③,③ 普及,
3급II,73,2016-06-18,107,jangeum_S,다음 漢字語 가운데 첫 음절이 長音으로 발음되는 것을 골라 그 번호를 쓰시오.,,,"[""① 微細"", ""② 緖端"", ""③ 臺詞"", ""④ 若干""]",②,② 緖端,
3급II,73,2016-06-18,108,banui_W,다음 漢字와 反對(또는 相對)되는 漢字를 써 넣어 글 속의 漢字語를 完成하시오.,緩(    )을 잘 조절할 줄 알아야 한다.,緩( ),,急,急,
3급II,73,2016-06-18,109,banui_W,다음 漢字와 反對(또는 相對)되는 漢字를 써 넣어 글 속의 漢字語를 完成하시오.,그 거리는 사람들의 (         )來가 많지 않아요.,( )來,,往,往,
3급II,73,2016-06-18,110,banui_W,다음 漢字와 反對(또는 相對)되는 漢字를 써 넣어 글 속의 漢字語를 完成하시오.,(   )支를 꼼꼼하게 따져본다.,( )支,,收,收,
3급II,73,2016-06-18,111,banui_W,다음 漢字와 反對(또는 相對)되는 漢字를 써 넣어 글 속의 漢字語를 完成하시오.,흥분하지 말고 (       )末을 차근차근 이야기 해 봐라.,( )末,,本,本,
3급II,73,2016-06-18,112,banui_W,다음 漢字와 反對(또는 相對)되는 漢字를 써 넣어 글 속의 漢字語를 完成하시오.,이 그림의 (    )僞를 잘 밝혀주십시오.,( )僞,,眞,眞,
3급II,73,2016-06-18,113,banuieo_W,다음 漢字語의 反對語(또는 相對語)를 漢字(正字)로 쓰시오.,高雅 ↔ 卑( ),高雅 ↔ 卑( ),,俗,俗,
3급II,73,2016-06-18,114,banuieo_W,다음 漢字語의 反對語(또는 相對語)를 漢字(正字)로 쓰시오.,隆( ) ↔ 沈降,隆( ) ↔ 沈降,,起,起,
3급II,73,2016-06-18,115,banuieo_W,다음 漢字語의 反對語(또는 相對語)를 漢字(正字)로 쓰시오.,(   )( ) ↔ 複雜,( )( ) ↔ 複雜,,單純,單純,
3급II,73,2016-06-18,116,banuieo_W,다음 漢字語의 反對語(또는 相對語)를 漢字(正字)로 쓰시오.,新郞 ↔ (   )( ),新郞 ↔ ( )( ),,新婦,新婦,
3급II,73,2016-06-18,117,banuieo_W,다음 漢字語의 反對語(또는 相對語)를 漢字(正字)로 쓰시오.,(   )( ) ↔ 物質,( )( ) ↔ 物質,,精神,精神,
3급II,73,2016-06-18,118,seongeo_W,다음 빈 칸에 알맞은 漢字(正字)를 써 넣어 漢字語(成語)를 完成하시오.,多多(    )善 : 많으면 많을수록 좋음.,多多( )善,,益,益,
3급II,73,2016-06-18,119,seongeo_W,다음 빈 칸에 알맞은 漢字(正字)를 써 넣어 漢字語(成語)를 完成하시오.,言語道(    ) : 어이없어 말을 할 수가 없음.,言語道( ),,斷,斷,
3급II,73,2016-06-18,120,seongeo_W,다음 빈 칸에 알맞은 漢字(正字)를 써 넣어 漢字語(成語)를 完成하시오.,龍( )蛇尾 : 시작만 좋고 나중은 좋지 않음.,龍( )蛇尾,,頭,頭,
3급II,73,2016-06-18,121,seongeo_W,다음 빈 칸에 알맞은 漢字(正字)를 써 넣어 漢字語(成語)를 完成하시오.,氷( )之間 : 얼음과 숯의 사이처럼 서로 화합할 수 없는 사이를 말함.,氷( )之間,,炭,炭,
3급II,73,2016-06-18,122,seongeo_W,다음 빈 칸에 알맞은 漢字(正字)를 써 넣어 漢字語(成語)를 完成하시오.,(   )實相符 : 명목과 실상이 서로 부합함.,( )實相符,,名,名,
3급II,73,2016-06-18,123,seongeo_W,다음 빈 칸에 알맞은 漢字(正字)를 써 넣어 漢字語(成語)를 完成하시오.,玉骨仙(    ) : 옥과 같은 골격과 선인과 같은 풍채.,玉骨仙( ),,風,風,
3급II,73,2016-06-18,124,seongeo_W,다음 빈 칸에 알맞은 漢字(正字)를 써 넣어 漢字語(成語)를 完成하시오.,無不(    )知 : 무엇이든지 환히 통하여 모르는 것이 없음.,無不( )知,,通,通,
3급II,73,2016-06-18,125,seongeo_W,다음 빈 칸에 알맞은 漢字(正字)를 써 넣어 漢字語(成語)를 完成하시오.,(   )慮一失 : 지혜로운 자도 많은 생각하다가 간혹 실책이 있을 수 있음.,( )慮一失,,千,千,
3급II,73,2016-06-18,126,seongeo_W,다음 빈 칸에 알맞은 漢字(正字)를 써 넣어 漢字語(成語)를 完成하시오.,改( )遷善 : 잘못을 고치고 착하게 됨.,改( )遷善,,過,過,
3급II,73,2016-06-18,127,seongeo_W,다음 빈 칸에 알맞은 漢字(正字)를 써 넣어 漢字語(成語)를 完成하시오.,盡( )報國 : 충성을 다하여 나라의 은혜를 갚음.,盡( )報國,,忠,忠,
3급II,73,2016-06-18,128,busu_W,다음 漢字의 部首를 쓰시오.,已,已,,己,己,
3급II,73,2016-06-18,129,busu_W,다음 漢字의 部首를 쓰시오.,幽,幽,,幺,幺,
3급II,73,2016-06-18,130,busu_W,다음 漢字의 部首를 쓰시오.,亞,亞,,二,二,
3급II,73,2016-06-18,131,busu_W,다음 漢字의 部首를 쓰시오.,亦,亦,,亠,亠,
3급II,73,2016-06-18,132,busu_W,다음 漢字의 部首를 쓰시오.,昇,昇,,日,日,
3급II,73,2016-06-18,133,yui_S,다음 漢字와 訓이 같거나 비슷한 漢字를 <보기>에서 찾아 그 번호를 써 넣으시오.,講,講,"[""① 釋"", ""② 正"", ""③ 除"", ""④ 洲"", ""⑤ 畫"", ""⑥ 築"", ""⑦ 慧"", ""⑧ 樂""]",①,① 釋,
3급II,73,2016-06-18,134,yui_S,다음 漢字와 訓이 같거나 비슷한 漢字를 <보기>에서 찾아 그 번호를 써 넣으시오.,圖,圖,"[""① 釋"", ""② 正"", ""③ 除"", ""④ 洲"", ""⑤ 畫"", ""⑥ 築"", ""⑦ 慧"", ""⑧ 樂""]",⑤,⑤ 畫,
3급II,73,2016-06-18,135,yui_S,다음 漢字와 訓이 같거나 비슷한 漢字를 <보기>에서 찾아 그 번호를 써 넣으시오.,損,損,"[""① 釋"", ""② 正"", ""③ 除"", ""④ 洲"", ""⑤ 畫"", ""⑥ 築"", ""⑦ 慧"", ""⑧ 樂""]",③,③ 除,
3급II,73,2016-06-18,136,yui_S,다음 漢字와 訓이 같거나 비슷한 漢字를 <보기>에서 찾아 그 번호를 써 넣으시오.,悅,悅,"[""① 釋"", ""② 正"", ""③ 除"", ""④ 洲"", ""⑤ 畫"", ""⑥ 築"", ""⑦ 慧"", ""⑧ 樂""]",⑧,⑧ 樂,
3급II,73,2016-06-18,137,yui_S,다음 漢字와 訓이 같거나 비슷한 漢字를 <보기>에서 찾아 그 번호를 써 넣으시오.,智,智,"[""① 釋"", ""② 正"", ""③ 除"", ""④ 洲"", ""⑤ 畫"", ""⑥ 築"", ""⑦ 慧"", ""⑧ 樂""]",⑦,⑦ 慧,
3급II,73,2016-06-18,138,dongeumeo_W,"다음 漢字語와 音이 같으며, 다음 풀이에 알맞은 漢字語를 쓰시오.",(使館) - 역사의 발전 법칙에 대한 체계적인 견해.,(使館),,史觀,史觀,
3급II,73,2016-06-18,139,dongeumeo_W,"다음 漢字語와 音이 같으며, 다음 풀이에 알맞은 漢字語를 쓰시오.",(移籍) - 적을 이롭게 함.,(移籍),,利敵,利敵,
3급II,73,2016-06-18,140,dongeumeo_W,"다음 漢字語와 音이 같으며, 다음 풀이에 알맞은 漢字語를 쓰시오.",(倍數) - 강 호수 따위의 큰물을 등지고 있음.,(倍數),,背水,背水,
3급II,73,2016-06-18,141,dongeumeo_W,"다음 漢字語와 音이 같으며, 다음 풀이에 알맞은 漢字語를 쓰시오.",(葬事) - 장군과 병졸을 이르는 말.,(葬事),,將士,將士,
3급II,73,2016-06-18,142,dongeumeo_W,"다음 漢字語와 音이 같으며, 다음 풀이에 알맞은 漢字語를 쓰시오.",(星團) - 신을 모신 제단.,(星團),,聖壇,聖壇,
3급II,73,2016-06-18,143,mean_W,다음 漢字語의 뜻을 쓰시오.,未熟,未熟,,서투름,서투름,
3급II,73,2016-06-18,144,mean_W,다음 漢字語의 뜻을 쓰시오.,懸賞,懸賞,,"판매, 모집, 수배 등에 상금 따위를 내걺","판매, 모집, 수배 등에 상금 따위를 내걺",
3급II,73,2016-06-18,145,mean_W,다음 漢字語의 뜻을 쓰시오.,主幹,主幹,,어떤 일을 책임지고 맡아서 처리함,어떤 일을 책임지고 맡아서 처리함,
3급II,73,2016-06-18,146,mean_W,다음 漢字語의 뜻을 쓰시오.,固辭,固辭,,굳이 사양함,굳이 사양함,
3급II,73,2016-06-18,147,mean_W,다음 漢字語의 뜻을 쓰시오.,掃滅,掃滅,,쓸어서 없앰,쓸어서 없앰,
3급II,73,2016-06-18,148,yakja_W,다음 漢字의 略字를 쓰시오.,餘,餘,,餘,餘,
3급II,73,2016-06-18,149,yakja_W,다음 漢字의 略字를 쓰시오.,舊,舊,,舊,舊,
3급II,73,2016-06-18,150,yakja_W,다음 漢字의 略字를 쓰시오.,濟,濟,,済,済,
3급II,74,2016-08-27,1,dokeum_W,다음 문장에서 밑줄 친 漢字語의 讀音을 쓰시오.,신사임당의 慈愛로운 모습.,慈愛,,자애,자애,
3급II,74,2016-08-27,2,dokeum_W,다음 문장에서 밑줄 친 漢字語의 讀音을 쓰시오.,적군은 산에 潛伏하고 기회를 엿봤다.,潛伏,,잠복,잠복,
3급II,74,2016-08-27,3,dokeum_W,다음 문장에서 밑줄 친 漢字語의 讀音을 쓰시오.,새만금 干拓 사업으로 국토가 확장된다.,干拓,,간척,간척,
3급II,74,2016-08-27,4,dokeum_W,다음 문장에서 밑줄 친 漢字語의 讀音을 쓰시오.,결혼식에 親戚들이 모여 신랑신부를 축하했다.,親戚,,친척,친척,
3급II,74,2016-08-27,5,dokeum_W,다음 문장에서 밑줄 친 漢字語의 讀音을 쓰시오.,도지사는 경기 우승자들을 致賀했다.,致賀,,치하,치하,
3급II,74,2016-08-27,6,dokeum_W,다음 문장에서 밑줄 친 漢字語의 讀音을 쓰시오.,북한의 핵 威脅에 대비하자.,威脅,,위협,위협,
3급II,74,2016-08-27,7,dokeum_W,다음 문장에서 밑줄 친 漢字語의 讀音을 쓰시오.,출국하면서 돈을 換錢하였다.,換錢,,환전,환전,
3급II,74,2016-08-27,8,dokeum_W,다음 문장에서 밑줄 친 漢字語의 讀音을 쓰시오.,대학생들은 국토를 縱斷하며 인내와 더불어 애국심을 키웠다.,縱斷,,종단,종단,
3급II,74,2016-08-27,9,dokeum_W,다음 문장에서 밑줄 친 漢字語의 讀音을 쓰시오.,잡지 신년호에는 유익한 附錄이 있다.,附錄,,부록,부록,
3급II,74,2016-08-27,10,dokeum_W,다음 문장에서 밑줄 친 漢字語의 讀音을 쓰시오.,선생님은 漆板에 과제를 적어 알렸다.,漆板,,칠판,칠판,
3급II,74,2016-08-27,11,dokeum_W,다음 문장에서 밑줄 친 漢字語의 讀音을 쓰시오.,시는 韻律과 시어로 느낌과 생각을 함축적으로 표현한다.,韻律,,운율,운율,
3급II,74,2016-08-27,12,dokeum_W,다음 문장에서 밑줄 친 漢字語의 讀音을 쓰시오.,그 문장은 풍부하게 형용사나 부사로 修飾하여 표현했다.,修飾,,수식,수식,
3급II,74,2016-08-27,13,dokeum_W,다음 문장에서 밑줄 친 漢字語의 讀音을 쓰시오.,사람들은 전통을 踏襲하는 데 익숙하다.,踏襲,,답습,답습,
3급II,74,2016-08-27,14,dokeum_W,다음 문장에서 밑줄 친 漢字語의 讀音을 쓰시오.,사람들은 유행에 便乘하여 살아가는 경향이 있다.,便乘,,편승,편승,
3급II,74,2016-08-27,15,dokeum_W,다음 문장에서 밑줄 친 漢字語의 讀音을 쓰시오.,아기가 微熱이 있어 약을 먹였다.,微熱,,미열,미열,
3급II,74,2016-08-27,16,dokeum_W,다음 문장에서 밑줄 친 漢字語의 讀音을 쓰시오.,회사는 사원들에게 주식을 割當했다.,割當,,할당,할당,
3급II,74,2016-08-27,17,dokeum_W,다음 문장에서 밑줄 친 漢字語의 讀音을 쓰시오.,和睦한 가정은 평화가 깃든다.,和睦,,화목,화목,
3급II,74,2016-08-27,18,dokeum_W,다음 문장에서 밑줄 친 漢字語의 讀音을 쓰시오.,큰비가 오면 수해를 憂慮한다.,憂慮,,우려,우려,
3급II,74,2016-08-27,19,dokeum_W,다음 문장에서 밑줄 친 漢字語의 讀音을 쓰시오.,양 팀은 彼此 지쳐 있었다.,彼此,,피차,피차,
3급II,74,2016-08-27,20,dokeum_W,다음 문장에서 밑줄 친 漢字語의 讀音을 쓰시오.,경찰은 화재 원인이 漏電임을 밝혔다.,漏電,,누전,누전,
3급II,74,2016-08-27,21,dokeum_W,다음 漢字語의 讀音을 쓰시오.,隔離,隔離,,격리,격리,
3급II,74,2016-08-27,22,dokeum_W,다음 漢字語의 讀音을 쓰시오.,投稿,投稿,,투고,투고,
3급II,74,2016-08-27,23,dokeum_W,다음 漢字語의 讀音을 쓰시오.,鼓吹,鼓吹,,고취,고취,
3급II,74,2016-08-27,24,dokeum_W,다음 漢字語의 讀音을 쓰시오.,壯途,壯途,,장도,장도,
3급II,74,2016-08-27,25,dokeum_W,다음 漢字語의 讀音을 쓰시오.,釋尊,釋尊,,석존,석존,
3급II,74,2016-08-27,26,dokeum_W,다음 漢字語의 讀音을 쓰시오.,坐禪,坐禪,,좌선,좌선,
3급II,74,2016-08-27,27,dokeum_W,다음 漢字語의 讀音을 쓰시오.,隨筆,隨筆,,수필,수필,
3급II,74,2016-08-27,28,dokeum_W,다음 漢字語의 讀音을 쓰시오.,維持,維持,,유지,유지,
3급II,74,2016-08-27,29,dokeum_W,다음 漢字語의 讀音을 쓰시오.,勸誘,勸誘,,권유,권유,
3급II,74,2016-08-27,30,dokeum_W,다음 漢字語의 讀音을 쓰시오.,枝葉,枝葉,,지엽,지엽,
3급II,74,2016-08-27,31,dokeum_W,다음 漢字語의 讀音을 쓰시오.,影響,影響,,영향,영향,
3급II,74,2016-08-27,32,dokeum_W,다음 漢字語의 讀音을 쓰시오.,還拂,還拂,,환불,환불,
3급II,74,2016-08-27,33,dokeum_W,다음 漢字語의 讀音을 쓰시오.,壽宴,壽宴,,수연,수연,
3급II,74,2016-08-27,34,dokeum_W,다음 漢字語의 讀音을 쓰시오.,漠然,漠然,,막연,막연,
3급II,74,2016-08-27,35,dokeum_W,다음 漢字語의 讀音을 쓰시오.,履歷,履歷,,이력,이력,
3급II,74,2016-08-27,36,dokeum_W,다음 漢字語의 讀音을 쓰시오.,激勵,激勵,,격려,격려,
3급II,74,2016-08-27,37,dokeum_W,다음 漢字語의 讀音을 쓰시오.,遺蹟,遺蹟,,유적,유적,
3급II,74,2016-08-27,38,dokeum_W,다음 漢字語의 讀音을 쓰시오.,突風,突風,,돌풍,돌풍,
3급II,74,2016-08-27,39,dokeum_W,다음 漢字語의 讀音을 쓰시오.,騎馬,騎馬,,기마,기마,
3급II,74,2016-08-27,40,dokeum_W,다음 漢字語의 讀音을 쓰시오.,拳鬪,拳鬪,,권투,권투,
3급II,74,2016-08-27,41,dokeum_W,다음 漢字語의 讀音을 쓰시오.,戀慕,戀慕,,연모,연모,
3급II,74,2016-08-27,42,dokeum_W,다음 漢字語의 讀音을 쓰시오.,硬直,硬直,,경직,경직,
3급II,74,2016-08-27,43,dokeum_W,다음 漢字語의 讀音을 쓰시오.,蒼天,蒼天,,창천,창천,
3급II,74,2016-08-27,44,dokeum_W,다음 漢字語의 讀音을 쓰시오.,漸進,漸進,,점진,점진,
3급II,74,2016-08-27,45,dokeum_W,다음 漢字語의 讀音을 쓰시오.,豪傑,豪傑,,호걸,호걸,
3급II,74,2016-08-27,46,huneum_W,다음 漢字의 訓과 音을 쓰시오.,幹,幹,,줄기 간,줄기 간,
3급II,74,2016-08-27,47,huneum_W,다음 漢字의 訓과 音을 쓰시오.,耐,耐,,견딜 내,견딜 내,
3급II,74,2016-08-27,48,huneum_W,다음 漢字의 訓과 音을 쓰시오.,奴,奴,,종 노,종 노,
3급II,74,2016-08-27,49,huneum_W,다음 漢字의 訓과 音을 쓰시오.,臺,臺,,대 대,대 대,
3급II,74,2016-08-27,50,huneum_W,다음 漢字의 訓과 音을 쓰시오.,郞,郞,,사내 랑,사내 랑,
3급II,74,2016-08-27,51,huneum_W,다음 漢字의 訓과 音을 쓰시오.,裂,裂,,찢어질 렬,찢어질 렬,
3급II,74,2016-08-27,52,huneum_W,다음 漢字의 訓과 音을 쓰시오.,磨,磨,,갈 마,갈 마,
3급II,74,2016-08-27,53,huneum_W,다음 漢字의 訓과 音을 쓰시오.,槪,槪,,대개 개,대개 개,
3급II,74,2016-08-27,54,huneum_W,다음 漢字의 訓과 音을 쓰시오.,莫,莫,,없을 막,없을 막,
3급II,74,2016-08-27,55,huneum_W,다음 漢字의 訓과 音을 쓰시오.,綿,綿,,솜 면,솜 면,
3급II,74,2016-08-27,56,huneum_W,다음 漢字의 訓과 音을 쓰시오.,簿,簿,,문서 부,문서 부,
3급II,74,2016-08-27,57,huneum_W,다음 漢字의 訓과 音을 쓰시오.,蘇,蘇,,되살아날 소,되살아날 소,
3급II,74,2016-08-27,58,huneum_W,다음 漢字의 訓과 音을 쓰시오.,懇,懇,,간절할 간,간절할 간,
3급II,74,2016-08-27,59,huneum_W,다음 漢字의 訓과 音을 쓰시오.,衰,衰,,쇠할 쇠,쇠할 쇠,
3급II,74,2016-08-27,60,huneum_W,다음 漢字의 訓과 音을 쓰시오.,仰,仰,,우러를 앙,우러를 앙,
3급II,74,2016-08-27,61,huneum_W,다음 漢字의 訓과 音을 쓰시오.,夢,夢,,꿈 몽,꿈 몽,
3급II,74,2016-08-27,62,huneum_W,다음 漢字의 訓과 音을 쓰시오.,祈,祈,,빌 기,빌 기,
3급II,74,2016-08-27,63,huneum_W,다음 漢字의 訓과 音을 쓰시오.,抑,抑,,누를 억,누를 억,
3급II,74,2016-08-27,64,huneum_W,다음 漢字의 訓과 音을 쓰시오.,誇,誇,,자랑할 과,자랑할 과,
3급II,74,2016-08-27,65,huneum_W,다음 漢字의 訓과 音을 쓰시오.,羽,羽,,깃 우,깃 우,
3급II,74,2016-08-27,66,huneum_W,다음 漢字의 訓과 音을 쓰시오.,掌,掌,,손바닥 장,손바닥 장,
3급II,74,2016-08-27,67,huneum_W,다음 漢字의 訓과 音을 쓰시오.,柱,柱,,기둥 주,기둥 주,
3급II,74,2016-08-27,68,huneum_W,다음 漢字의 訓과 音을 쓰시오.,震,震,,우레 진,우레 진,
3급II,74,2016-08-27,69,huneum_W,다음 漢字의 訓과 音을 쓰시오.,觸,觸,,닿을 촉,닿을 촉,
3급II,74,2016-08-27,70,huneum_W,다음 漢字의 訓과 音을 쓰시오.,玄,玄,,검을 현,검을 현,
3급II,74,2016-08-27,71,huneum_W,다음 漢字의 訓과 音을 쓰시오.,渡,渡,,건널 도,건널 도,
3급II,74,2016-08-27,72,huneum_W,다음 漢字의 訓과 音을 쓰시오.,稀,稀,,드물 희,드물 희,
3급II,74,2016-08-27,73,jangeum_S,다음 漢字語 중 첫 음절이 長音으로 발음되는 것의 번호를 쓰시오.,,,"[""① 訴願"", ""② 曜日"", ""③ 胃腸"", ""④ 認知""]",②,② 曜日,
3급II,74,2016-08-27,74,jangeum_S,다음 漢字語 중 첫 음절이 長音으로 발음되는 것의 번호를 쓰시오.,,,"[""① 照明"", ""② 脚光"", ""③ 默念"", ""④ 愁心""]",①,① 照明,
3급II,74,2016-08-27,75,jangeum_S,다음 漢字語 중 첫 음절이 長音으로 발음되는 것의 번호를 쓰시오.,,,"[""① 溪谷"", ""② 獻金"", ""③ 盤石"", ""④ 拾得""]",②,② 獻金,
3급II,74,2016-08-27,76,jangeum_S,다음 漢字語 중 첫 음절이 長音으로 발음되는 것의 번호를 쓰시오.,,,"[""① 慣例"", ""② 樓閣"", ""③ 肥料"", ""④ 僧舞""]",③,③ 肥料,
3급II,74,2016-08-27,77,jangeum_S,다음 漢字語 중 첫 음절이 長音으로 발음되는 것의 번호를 쓰시오.,,,"[""① 緊急"", ""② 臨戰"", ""③ 削除"", ""④ 栽培""]",④,④ 栽培,
3급II,74,2016-08-27,78,hanjaeo_W,다음 문장에서 밑줄 친 漢字語를 漢字[正字]로 쓰시오.,국회는 수정 없이 원안을 통과시켰다.,원안,,原案,原案,
3급II,74,2016-08-27,79,hanjaeo_W,다음 문장에서 밑줄 친 漢字語를 漢字[正字]로 쓰시오.,사람들의 관심사를 착안하여 사업하다.,착안,,着眼,着眼,
3급II,74,2016-08-27,80,hanjaeo_W,다음 문장에서 밑줄 친 漢字語를 漢字[正字]로 쓰시오.,그는 눈빛으로 상대 선수를 제압했다.,제압,,制壓,制壓,
3급II,74,2016-08-27,81,hanjaeo_W,다음 문장에서 밑줄 친 漢字語를 漢字[正字]로 쓰시오.,그들은 한가히 여담을 즐겼다.,여담,,餘談,餘談,
3급II,74,2016-08-27,82,hanjaeo_W,다음 문장에서 밑줄 친 漢字語를 漢字[正字]로 쓰시오.,물질주의 허영에 들떠 방황하다.,허영,,虛榮,虛榮,
3급II,74,2016-08-27,83,hanjaeo_W,다음 문장에서 밑줄 친 漢字語를 漢字[正字]로 쓰시오.,녹음이 우거진 숲속을 거닐다.,녹음,,綠陰,綠陰,
3급II,74,2016-08-27,84,hanjaeo_W,다음 문장에서 밑줄 친 漢字語를 漢字[正字]로 쓰시오.,자동차가 고장이 나 걸어갔다.,고장,,故障,故障,
3급II,74,2016-08-27,85,hanjaeo_W,다음 문장에서 밑줄 친 漢字語를 漢字[正字]로 쓰시오.,설악산의 절경에 넋을 잃다.,절경,,絶景,絶景,
3급II,74,2016-08-27,86,hanjaeo_W,다음 문장에서 밑줄 친 漢字語를 漢字[正字]로 쓰시오.,건물 관리비를 전 주인과 정산했다.,정산,,精算,精算,
3급II,74,2016-08-27,87,hanjaeo_W,다음 문장에서 밑줄 친 漢字語를 漢字[正字]로 쓰시오.,우리나라 조선 산업이 위기이다.,조선,,造船,造船,
3급II,74,2016-08-27,88,hanjaeo_W,다음 문장에서 밑줄 친 漢字語를 漢字[正字]로 쓰시오.,지나온 과거를 성찰하고 미래를 대비한다.,성찰,,省察,省察,
3급II,74,2016-08-27,89,hanjaeo_W,다음 문장에서 밑줄 친 漢字語를 漢字[正字]로 쓰시오.,범법자들은 처벌을 받기 마련이다.,처벌,,處罰,處罰,
3급II,74,2016-08-27,90,hanjaeo_W,다음 문장에서 밑줄 친 漢字語를 漢字[正字]로 쓰시오.,아름다운 건물을 건축하여 도시 미관을 살린다.,건축,,建築,建築,
3급II,74,2016-08-27,91,hanjaeo_W,다음 문장에서 밑줄 친 漢字語를 漢字[正字]로 쓰시오.,양쪽 선수는 공격 태세를 갖췄다.,태세,,態勢,態勢,
3급II,74,2016-08-27,92,hanjaeo_W,다음 문장에서 밑줄 친 漢字語를 漢字[正字]로 쓰시오.,광고지를 배포하여 영업을 알린다.,배포,,配布,配布,
3급II,74,2016-08-27,93,hanjaeo_W,다음 문장에서 밑줄 친 漢字語를 漢字[正字]로 쓰시오.,기상 악화로 항공기가 결항하였다.,결항,,缺航,缺航,
3급II,74,2016-08-27,94,hanjaeo_W,다음 문장에서 밑줄 친 漢字語를 漢字[正字]로 쓰시오.,정확한 설명으로 사건의 의문이 해소되었다.,해소,,解消,解消,
3급II,74,2016-08-27,95,hanjaeo_W,다음 문장에서 밑줄 친 漢字語를 漢字[正字]로 쓰시오.,성현들의 가르침을 되새긴다.,성현,,聖賢,聖賢,
3급II,74,2016-08-27,96,hanjaeo_W,다음 문장에서 밑줄 친 漢字語를 漢字[正字]로 쓰시오.,요즘 각 당은 협치를 하자고 한다.,협치,,協治,協治,
3급II,74,2016-08-27,97,hanjaeo_W,다음 문장에서 밑줄 친 漢字語를 漢字[正字]로 쓰시오.,팀의 감독은 선수들로부터 신뢰를 받아야 한다.,감독,,監督,監督,
3급II,74,2016-08-27,98,hanjaeo_W,다음 문장에서 밑줄 친 漢字語를 漢字[正字]로 쓰시오.,강당에 모인 청중들은 연설을 들었다.,강당,,講堂,講堂,
3급II,74,2016-08-27,99,hanjaeo_W,다음 문장에서 밑줄 친 漢字語를 漢字[正字]로 쓰시오.,선생님의 지도로 학습 목표를 달성했다.,지도,,指導,指導,
3급II,74,2016-08-27,100,hanjaeo_W,다음 문장에서 밑줄 친 漢字語를 漢字[正字]로 쓰시오.,사장은 결재를 보류했다.,보류,,保留,保留,
3급II,74,2016-08-27,101,hanjaeo_W,다음 문장에서 밑줄 친 漢字語를 漢字[正字]로 쓰시오.,카드 사용이 만기가 되어 새로 발급받았다.,만기,,滿期,滿期,
3급II,74,2016-08-27,102,hanjaeo_W,다음 문장에서 밑줄 친 漢字語를 漢字[正字]로 쓰시오.,그는 공무로 지방에 출장을 갔다.,공무,,公務,公務,
3급II,74,2016-08-27,103,hanjaeo_W,다음 문장에서 밑줄 친 漢字語를 漢字[正字]로 쓰시오.,독서를 생활화하면 박식해진다.,박식,,博識,博識,
3급II,74,2016-08-27,104,hanjaeo_W,다음 문장에서 밑줄 친 漢字語를 漢字[正字]로 쓰시오.,산소를 깔끔하게 벌초했다.,벌초,,伐草,伐草,
3급II,74,2016-08-27,105,hanjaeo_W,다음 문장에서 밑줄 친 漢字語를 漢字[正字]로 쓰시오.,왕은 성벽을 높이 쌓아 적의 침입에 대비했다.,성벽,,城壁,城壁,
3급II,74,2016-08-27,106,hanjaeo_W,다음 문장에서 밑줄 친 漢字語를 漢字[正字]로 쓰시오.,병상에 누워 있는 환자를 위해 기도했다.,병상,,病床,病床,
3급II,74,2016-08-27,107,hanjaeo_W,다음 문장에서 밑줄 친 漢字語를 漢字[正字]로 쓰시오.,시장의 제안에 시민들의 반응은 냉소적이다.,냉소,,冷笑,冷笑,
3급II,74,2016-08-27,108,yui_W,다음 漢字와 비슷한 뜻을 가진 漢字[正字]를 (    ) 안에 써넣어 문장에 적합한 漢字語가 되게 하시오.,선수들은 剛( )한 기상으로 싸웠다.,剛( ),,健,健,
3급II,74,2016-08-27,109,yui_W,다음 漢字와 비슷한 뜻을 가진 漢字[正字]를 (    ) 안에 써넣어 문장에 적합한 漢字語가 되게 하시오.,부동산 구입의 契(      )을 하다.,契( ),,約,約,
3급II,74,2016-08-27,110,yui_W,다음 漢字와 비슷한 뜻을 가진 漢字[正字]를 (    ) 안에 써넣어 문장에 적합한 漢字語가 되게 하시오.,식재료를 具( )하고 요리하다.,具( ),,備,備,
3급II,74,2016-08-27,111,yui_W,다음 漢字와 비슷한 뜻을 가진 漢字[正字]를 (    ) 안에 써넣어 문장에 적합한 漢字語가 되게 하시오.,사람의 ( )髮을 통하여 유전자 검사를 하다.,( )髮,,毛,毛,
3급II,74,2016-08-27,112,yui_W,다음 漢字와 비슷한 뜻을 가진 漢字[正字]를 (    ) 안에 써넣어 문장에 적합한 漢字語가 되게 하시오.,권력을 (   )繼하다.,( )繼,,承,承,
3급II,74,2016-08-27,113,banui_W,다음 漢字와 뜻이 反對 또는 相對되는 漢字[正字]를 써서 漢字語를 완성하시오.,일의 ( )重에 따라 우선 처리하다.,( )重,,輕,輕,
3급II,74,2016-08-27,114,banui_W,다음 漢字와 뜻이 反對 또는 相對되는 漢字[正字]를 써서 漢字語를 완성하시오.,이번 경기는 선수들의 자세에서 (   )負가 갈렸다.,( )負,,勝,勝,
3급II,74,2016-08-27,115,banui_W,다음 漢字와 뜻이 反對 또는 相對되는 漢字[正字]를 써서 漢字語를 완성하시오.,좋은 정책으로 국민들의 貧( )의 차이가 줄었다.,貧( ),,富,富,
3급II,74,2016-08-27,116,banui_W,다음 漢字와 뜻이 反對 또는 相對되는 漢字[正字]를 써서 漢字語를 완성하시오.,그들의 사이는 氷( )의 관계라서 냉랭했다.,氷( ),,炭,炭,
3급II,74,2016-08-27,117,banui_W,다음 漢字와 뜻이 反對 또는 相對되는 漢字[正字]를 써서 漢字語를 완성하시오.,원료의 需( )이 잘 이루어지다.,需( ),,給,給,
3급II,74,2016-08-27,118,banuieo_W,다음 漢字語의 反對語 또는 相對語를 2음절로 된 漢字[正字]로 쓰시오.,複雜 ↔ (     ),複雜 ↔ ( ),,單純,單純,
3급II,74,2016-08-27,119,banuieo_W,다음 漢字語의 反對語 또는 相對語를 2음절로 된 漢字[正字]로 쓰시오.,現實 ↔ (     ),現實 ↔ ( ),,理想,理想,
3급II,74,2016-08-27,120,banuieo_W,다음 漢字語의 反對語 또는 相對語를 2음절로 된 漢字[正字]로 쓰시오.,稱讚 ↔ (     ),稱讚 ↔ ( ),,非難,非難,
3급II,74,2016-08-27,121,banuieo_W,다음 漢字語의 反對語 또는 相對語를 2음절로 된 漢字[正字]로 쓰시오.,支出 ↔ (     ),支出 ↔ ( ),,收入,收入,
3급II,74,2016-08-27,122,banuieo_W,다음 漢字語의 反對語 또는 相對語를 2음절로 된 漢字[正字]로 쓰시오.,迎新 ↔ (     ),迎新 ↔ ( ),,送舊,送舊,
3급II,74,2016-08-27,123,dongeumeo_W,"다음 漢字語의 同音異義語를 漢字로 쓰되, 제시된 뜻에 맞는 것으로 하시오.",(爆音) - 술을 한 차례에 아주 많이 마심.,(爆音),,暴飮,暴飮,
3급II,74,2016-08-27,124,dongeumeo_W,"다음 漢字語의 同音異義語를 漢字로 쓰되, 제시된 뜻에 맞는 것으로 하시오.",(補助) - 걸음걸이의 속도나 모양 따위의 상태.,(補助),,步調,步調,
3급II,74,2016-08-27,125,dongeumeo_W,"다음 漢字語의 同音異義語를 漢字로 쓰되, 제시된 뜻에 맞는 것으로 하시오.",(時刻) - 사물을 관찰하고 파악하는 기본적인 자세.,(時刻),,視角,視角,
3급II,74,2016-08-27,126,dongeumeo_W,"다음 漢字語의 同音異義語를 漢字로 쓰되, 제시된 뜻에 맞는 것으로 하시오.",(災禍) - 사람이 바라는 것을 충족시켜 주는 것.,(災禍),,財貨,財貨,
3급II,74,2016-08-27,127,dongeumeo_W,"다음 漢字語의 同音異義語를 漢字로 쓰되, 제시된 뜻에 맞는 것으로 하시오.",(衣香) - 무엇을 하려는 생각.,(衣香),,意向,意向,
3급II,74,2016-08-27,128,seongeo_W,다음 ( ) 안에 알맞은 漢字[正字]를 써서 四字成語를 완성하시오.,經世( )民 : 세상을 다스리고 백성을 구함.,經世( )民,,濟,濟,
3급II,74,2016-08-27,129,seongeo_W,다음 ( ) 안에 알맞은 漢字[正字]를 써서 四字成語를 완성하시오.,(    )猶不及 : 정도를 지나침은 미치지 않은 것만 못함.,( )猶不及,,過,過,
3급II,74,2016-08-27,130,seongeo_W,다음 ( ) 안에 알맞은 漢字[正字]를 써서 四字成語를 완성하시오.,近墨者(    ) : 나쁜 사람을 가까이 하면 물들기 쉬움.,近墨者( ),,黑,黑,
3급II,74,2016-08-27,131,seongeo_W,다음 ( ) 안에 알맞은 漢字[正字]를 써서 四字成語를 완성하시오.,東奔西( ) : 사방으로 이리저리 바삐 돌아다님.,東奔西( ),,走,走,
3급II,74,2016-08-27,132,seongeo_W,다음 ( ) 안에 알맞은 漢字[正字]를 써서 四字成語를 완성하시오.,面從腹(    ) : 겉으로는 복종하면서도 속으로는 배반함.,面從腹( ),,背,背,
3급II,74,2016-08-27,133,seongeo_W,다음 ( ) 안에 알맞은 漢字[正字]를 써서 四字成語를 완성하시오.,( )所不爲 : 못하는 것이 없음.,( )所不爲,,無,無,
3급II,74,2016-08-27,134,seongeo_W,다음 ( ) 안에 알맞은 漢字[正字]를 써서 四字成語를 완성하시오.,百家( )鳴 : 많은 학자들이 거리낌 없이 논쟁함.,百家( )鳴,,爭,爭,
3급II,74,2016-08-27,135,seongeo_W,다음 ( ) 안에 알맞은 漢字[正字]를 써서 四字成語를 완성하시오.,森(    )萬象 : 우주 속에 존재하는 모든 사물과 현상.,森( )萬象,,羅,羅,
3급II,74,2016-08-27,136,seongeo_W,다음 ( ) 안에 알맞은 漢字[正字]를 써서 四字成語를 완성하시오.,(    )父之利 : 제삼자가 이익을 취함을 이르는 말.,( )父之利,,漁,漁,
3급II,74,2016-08-27,137,seongeo_W,다음 ( ) 안에 알맞은 漢字[正字]를 써서 四字成語를 완성하시오.,"因果( )報 : 좋은 인연에는 좋은 과보가 오고, 악한 인연에는 악한 과보가 옴.",因果( )報,,應,應,
3급II,74,2016-08-27,138,busu_W,다음 漢字의 部首를 쓰시오.,耕,耕,,耒,耒,
3급II,74,2016-08-27,139,busu_W,다음 漢字의 部首를 쓰시오.,司,司,,口,口,
3급II,74,2016-08-27,140,busu_W,다음 漢字의 部首를 쓰시오.,雅,雅,,隹,隹,
3급II,74,2016-08-27,141,busu_W,다음 漢字의 部首를 쓰시오.,貞,貞,,貝,貝,
3급II,74,2016-08-27,142,busu_W,다음 漢字의 部首를 쓰시오.,項,項,,頁,頁,
3급II,74,2016-08-27,143,yakja_W,다음 漢字의 略字를 쓰시오.,寶,寶,,宝,宝,
3급II,74,2016-08-27,144,yakja_W,다음 漢字의 略字를 쓰시오.,蟲,蟲,,虫,虫,
3급II,74,2016-08-27,145,yakja_W,다음 漢字의 略字를 쓰시오.,齒,齒,,歯,歯,
3급II,74,2016-08-27,146,mean_W,다음 漢字語의 뜻을 쓰시오.,恥事,恥事,,부끄러운 일,부끄러운 일,
3급II,74,2016-08-27,147,mean_W,다음 漢字語의 뜻을 쓰시오.,徹夜,徹夜,,밤을 새움,밤을 새움,
3급II,74,2016-08-27,148,mean_W,다음 漢字語의 뜻을 쓰시오.,溫柔,溫柔,,따뜻하고 부드러움,따뜻하고 부드러움,
3급II,74,2016-08-27,149,mean_W,다음 漢字語의 뜻을 쓰시오.,雪辱,雪辱,,부끄러움을 씻음,부끄러움을 씻음,
3급II,74,2016-08-27,150,mean_W,다음 漢字語의 뜻을 쓰시오.,浮雲,浮雲,,뜬구름,뜬구름,
3급II,75,2016-11-26,1,dokeum_W,다음 문장에서 밑줄 친 漢字語의 讀音을 쓰시오.,힘들어도 忍耐해야 한다.,忍耐,,인내,인내,
3급II,75,2016-11-26,2,dokeum_W,다음 문장에서 밑줄 친 漢字語의 讀音을 쓰시오.,출산 獎勵 정책이 필요하다.,獎勵,,장려,장려,
3급II,75,2016-11-26,3,dokeum_W,다음 문장에서 밑줄 친 漢字語의 讀音을 쓰시오.,작은 일도 累積되면 커진다.,累積,,누적,누적,
3급II,75,2016-11-26,4,dokeum_W,다음 문장에서 밑줄 친 漢字語의 讀音을 쓰시오.,허약하면 免疫력도 떨어진다.,免疫,,면역,면역,
3급II,75,2016-11-26,5,dokeum_W,다음 문장에서 밑줄 친 漢字語의 讀音을 쓰시오.,寢臺는 깨끗이 사용해야 한다.,寢臺,,침대,침대,
3급II,75,2016-11-26,6,dokeum_W,다음 문장에서 밑줄 친 漢字語의 讀音을 쓰시오.,降伏하지 않고 끝까지 싸웠다.,降伏,,항복,항복,
3급II,75,2016-11-26,7,dokeum_W,다음 문장에서 밑줄 친 漢字語의 讀音을 쓰시오.,나는 그의 懇請을 받아들였다.,懇請,,간청,간청,
3급II,75,2016-11-26,8,dokeum_W,다음 문장에서 밑줄 친 漢字語의 讀音을 쓰시오.,오래 전에 펴낸 책을 增補했다.,增補,,증보,증보,
3급II,75,2016-11-26,9,dokeum_W,다음 문장에서 밑줄 친 漢字語의 讀音을 쓰시오.,傾斜진 곳은 조심히 걸어라.,傾斜,,경사,경사,
3급II,75,2016-11-26,10,dokeum_W,다음 문장에서 밑줄 친 漢字語의 讀音을 쓰시오.,인터넷을 檢索해 정보를 얻다.,檢索,,검색,검색,
3급II,75,2016-11-26,11,dokeum_W,다음 문장에서 밑줄 친 漢字語의 讀音을 쓰시오.,빈 공장을 閉鎖했다.,閉鎖,,폐쇄,폐쇄,
3급II,75,2016-11-26,12,dokeum_W,다음 문장에서 밑줄 친 漢字語의 讀音을 쓰시오.,슬픔을 昇華시킨 작품이다.,昇華,,승화,승화,
3급II,75,2016-11-26,13,dokeum_W,다음 문장에서 밑줄 친 漢字語의 讀音을 쓰시오.,개천을 覆蓋해 길을 만들었다.,覆蓋,,복개,복개,
3급II,75,2016-11-26,14,dokeum_W,다음 문장에서 밑줄 친 漢字語의 讀音을 쓰시오.,그 체조 선수는 참 柔軟하다.,柔軟,,유연,유연,
3급II,75,2016-11-26,15,dokeum_W,다음 문장에서 밑줄 친 漢字語의 讀音을 쓰시오.,짠 음식은 胃炎을 잘 일으킨다.,胃炎,,위염,위염,
3급II,75,2016-11-26,16,dokeum_W,다음 문장에서 밑줄 친 漢字語의 讀音을 쓰시오.,그는 餘裕 있게 살고 있다.,餘裕,,여유,여유,
3급II,75,2016-11-26,17,dokeum_W,다음 문장에서 밑줄 친 漢字語의 讀音을 쓰시오.,박물관은 유물을 收藏한다.,收藏,,수장,수장,
3급II,75,2016-11-26,18,dokeum_W,다음 문장에서 밑줄 친 漢字語의 讀音을 쓰시오.,遺蹟은 잘 보존하여야 한다.,遺蹟,,유적,유적,
3급II,75,2016-11-26,19,dokeum_W,다음 문장에서 밑줄 친 漢字語의 讀音을 쓰시오.,궁궐에 가면 殿閣들이 많다.,殿閣,,전각,전각,
3급II,75,2016-11-26,20,dokeum_W,다음 문장에서 밑줄 친 漢字語의 讀音을 쓰시오.,멋진 관현악 合奏를 들었다.,合奏,,합주,합주,
3급II,75,2016-11-26,21,dokeum_W,다음 문장에서 밑줄 친 漢字語의 讀音을 쓰시오.,북한은 핵무장을 劃策한다.,劃策,,획책,획책,
3급II,75,2016-11-26,22,dokeum_W,다음 문장에서 밑줄 친 漢字語의 讀音을 쓰시오.,繁昌하는 가게는 비결이 있다.,繁昌,,번창,번창,
3급II,75,2016-11-26,23,dokeum_W,다음 문장에서 밑줄 친 漢字語의 讀音을 쓰시오.,순국선열을 追慕하였다.,追慕,,추모,추모,
3급II,75,2016-11-26,24,dokeum_W,다음 문장에서 밑줄 친 漢字語의 讀音을 쓰시오.,3년 만에 우승컵을 奪還했다.,奪還,,탈환,탈환,
3급II,75,2016-11-26,25,dokeum_W,다음 문장에서 밑줄 친 漢字語의 讀音을 쓰시오.,우리 회사는 부서를 改編했다.,改編,,개편,개편,
3급II,75,2016-11-26,26,dokeum_W,다음 문장에서 밑줄 친 漢字語의 讀音을 쓰시오.,荷役이 지연되어 손실이 크다.,荷役,,하역,하역,
3급II,75,2016-11-26,27,dokeum_W,다음 문장에서 밑줄 친 漢字語의 讀音을 쓰시오.,원고지는 주최 측이 提供한다.,提供,,제공,제공,
3급II,75,2016-11-26,28,dokeum_W,다음 문장에서 밑줄 친 漢字語의 讀音을 쓰시오.,남에게 橫暴를 부리면 안 된다.,橫暴,,횡포,횡포,
3급II,75,2016-11-26,29,dokeum_W,다음 문장에서 밑줄 친 漢字語의 讀音을 쓰시오.,그는 하는 일에 懷疑를 느꼈다.,懷疑,,회의,회의,
3급II,75,2016-11-26,30,dokeum_W,다음 문장에서 밑줄 친 漢字語의 讀音을 쓰시오.,신제품 개발로 轉換하였다.,轉換,,전환,전환,
3급II,75,2016-11-26,31,dokeum_W,다음 문장에서 밑줄 친 漢字語의 讀音을 쓰시오.,그 회사는 浮沈을 거듭했다.,浮沈,,부침,부침,
3급II,75,2016-11-26,32,dokeum_W,다음 문장에서 밑줄 친 漢字語의 讀音을 쓰시오.,범인에게 懸賞金이 걸렸다.,懸賞金,,현상금,현상금,
3급II,75,2016-11-26,33,dokeum_W,다음 문장에서 밑줄 친 漢字語의 讀音을 쓰시오.,獻血은 다른 생명을 구한다.,獻血,,헌혈,헌혈,
3급II,75,2016-11-26,34,dokeum_W,다음 문장에서 밑줄 친 漢字語의 讀音을 쓰시오.,선생님 德澤에 진로를 정했다.,德澤,,덕택,덕택,
3급II,75,2016-11-26,35,dokeum_W,다음 문장에서 밑줄 친 漢字語의 讀音을 쓰시오.,沙漠에도 꽃이 핀다.,沙漠,,사막,사막,
3급II,75,2016-11-26,36,dokeum_W,다음 문장에서 밑줄 친 漢字語의 讀音을 쓰시오.,국가 안보는 徹底히 해야 한다.,徹底,,철저,철저,
3급II,75,2016-11-26,37,dokeum_W,다음 문장에서 밑줄 친 漢字語의 讀音을 쓰시오.,너무 돈만 밝히면 淺薄해진다.,淺薄,,천박,천박,
3급II,75,2016-11-26,38,dokeum_W,다음 문장에서 밑줄 친 漢字語의 讀音을 쓰시오.,진도 5의 地震이 발생했다.,地震,,지진,지진,
3급II,75,2016-11-26,39,dokeum_W,다음 문장에서 밑줄 친 漢字語의 讀音을 쓰시오.,숲속으로 探照燈을 비췄다.,探照燈,,탐조등,탐조등,
3급II,75,2016-11-26,40,dokeum_W,다음 문장에서 밑줄 친 漢字語의 讀音을 쓰시오.,식당의 주방은 淸潔해야 한다.,淸潔,,청결,청결,
3급II,75,2016-11-26,41,dokeum_W,다음 문장에서 밑줄 친 漢字語의 讀音을 쓰시오.,법에 抵觸되는 일은 하지 말자.,抵觸,,저촉,저촉,
3급II,75,2016-11-26,42,dokeum_W,다음 문장에서 밑줄 친 漢字語의 讀音을 쓰시오.,종교인들은 禁慾 생활을 한다.,禁慾,,금욕,금욕,
3급II,75,2016-11-26,43,dokeum_W,다음 문장에서 밑줄 친 漢字語의 讀音을 쓰시오.,선비들은 대개 雅號를 지녔다.,雅號,,아호,아호,
3급II,75,2016-11-26,44,dokeum_W,다음 문장에서 밑줄 친 漢字語의 讀音을 쓰시오.,대통령이 우방을 巡訪하였다.,巡訪,,순방,순방,
3급II,75,2016-11-26,45,dokeum_W,다음 문장에서 밑줄 친 漢字語의 讀音을 쓰시오.,그는 削髮하여 결의를 보였다.,削髮,,삭발,삭발,
3급II,75,2016-11-26,46,huneum_W,다음 漢字의 訓과 音을 쓰시오.,刊,刊,,새길 간,새길 간,
3급II,75,2016-11-26,47,huneum_W,다음 漢字의 訓과 音을 쓰시오.,絡,絡,,이을/얽을 락,이을/얽을 락,
3급II,75,2016-11-26,48,huneum_W,다음 漢字의 訓과 音을 쓰시오.,惜,惜,,아낄 석,아낄 석,
3급II,75,2016-11-26,49,huneum_W,다음 漢字의 訓과 音을 쓰시오.,譯,譯,,번역할 역,번역할 역,
3급II,75,2016-11-26,50,huneum_W,다음 漢字의 訓과 音을 쓰시오.,垂,垂,,드리울 수,드리울 수,
3급II,75,2016-11-26,51,huneum_W,다음 漢字의 訓과 音을 쓰시오.,潛,潛,,잠길 잠,잠길 잠,
3급II,75,2016-11-26,52,huneum_W,다음 漢字의 訓과 音을 쓰시오.,戚,戚,,친척 척,친척 척,
3급II,75,2016-11-26,53,huneum_W,다음 漢字의 訓과 音을 쓰시오.,浦,浦,,개 포,개 포,
3급II,75,2016-11-26,54,huneum_W,다음 漢字의 訓과 音을 쓰시오.,玄,玄,,검을 현,검을 현,
3급II,75,2016-11-26,55,huneum_W,다음 漢字의 訓과 音을 쓰시오.,諾,諾,,허락할 낙,허락할 낙,
3급II,75,2016-11-26,56,huneum_W,다음 漢字의 訓과 音을 쓰시오.,透,透,,사무칠 투,사무칠 투,
3급II,75,2016-11-26,57,huneum_W,다음 漢字의 訓과 音을 쓰시오.,洲,洲,,물가 주,물가 주,
3급II,75,2016-11-26,58,huneum_W,다음 漢字의 訓과 音을 쓰시오.,阿,阿,,언덕 아,언덕 아,
3급II,75,2016-11-26,59,huneum_W,다음 漢字의 訓과 音을 쓰시오.,獸,獸,,짐승 수,짐승 수,
3급II,75,2016-11-26,60,huneum_W,다음 漢字의 訓과 音을 쓰시오.,芳,芳,,꽃다울 방,꽃다울 방,
3급II,75,2016-11-26,61,huneum_W,다음 漢字의 訓과 音을 쓰시오.,途,途,,길 도,길 도,
3급II,75,2016-11-26,62,huneum_W,다음 漢字의 訓과 音을 쓰시오.,錦,錦,,비단 금,비단 금,
3급II,75,2016-11-26,63,huneum_W,다음 漢字의 訓과 音을 쓰시오.,賦,賦,,부세 부,부세 부,
3급II,75,2016-11-26,64,huneum_W,다음 漢字의 訓과 音을 쓰시오.,蘇,蘇,,되살아날 소,되살아날 소,
3급II,75,2016-11-26,65,huneum_W,다음 漢字의 訓과 音을 쓰시오.,莊,莊,,씩씩할 장,씩씩할 장,
3급II,75,2016-11-26,66,huneum_W,다음 漢字의 訓과 音을 쓰시오.,諸,諸,,모두 제,모두 제,
3급II,75,2016-11-26,67,huneum_W,다음 漢字의 訓과 音을 쓰시오.,殆,殆,,거의 태,거의 태,
3급II,75,2016-11-26,68,huneum_W,다음 漢字의 訓과 音을 쓰시오.,洪,洪,,넓을 홍,넓을 홍,
3급II,75,2016-11-26,69,huneum_W,다음 漢字의 訓과 音을 쓰시오.,忽,忽,,갑자기 홀,갑자기 홀,
3급II,75,2016-11-26,70,huneum_W,다음 漢字의 訓과 音을 쓰시오.,較,較,,견줄/비교할 교,견줄/비교할 교,
3급II,75,2016-11-26,71,huneum_W,다음 漢字의 訓과 音을 쓰시오.,倒,倒,,넘어질 도,넘어질 도,
3급II,75,2016-11-26,72,huneum_W,다음 漢字의 訓과 音을 쓰시오.,蒙,蒙,,어두울 몽,어두울 몽,
3급II,75,2016-11-26,73,hanjaeo_W,다음 밑줄 친 漢字語를 漢字(正字)로 쓰시오.,단오에는 그네 타고 씨름 한다.,단오,,端午,端午,
3급II,75,2016-11-26,74,hanjaeo_W,다음 밑줄 친 漢字語를 漢字(正字)로 쓰시오.,중요한 일은 기록을 해두자.,기록,,記錄,記錄,
3급II,75,2016-11-26,75,hanjaeo_W,다음 밑줄 친 漢字語를 漢字(正字)로 쓰시오.,총무가 여러 가지 일을 잘한다.,총무,,總務,總務,
3급II,75,2016-11-26,76,hanjaeo_W,다음 밑줄 친 漢字語를 漢字(正字)로 쓰시오.,세밀한 부분까지 잘 처리했다.,세밀,,細密,細密,
3급II,75,2016-11-26,77,hanjaeo_W,다음 밑줄 친 漢字語를 漢字(正字)로 쓰시오.,그는 책을 많이 읽어 박식하다.,박식,,博識,博識,
3급II,75,2016-11-26,78,hanjaeo_W,다음 밑줄 친 漢字語를 漢字(正字)로 쓰시오.,테러를 잘 방비해야 한다.,방비,,防備,防備,
3급II,75,2016-11-26,79,hanjaeo_W,다음 밑줄 친 漢字語를 漢字(正字)로 쓰시오.,현대전은 정보가 중요하다.,정보,,情報,情報,
3급II,75,2016-11-26,80,hanjaeo_W,다음 밑줄 친 漢字語를 漢字(正字)로 쓰시오.,복습은 효과적인 학습법이다.,복습,,復習,復習,
3급II,75,2016-11-26,81,hanjaeo_W,다음 밑줄 친 漢字語를 漢字(正字)로 쓰시오.,한국은 선진국으로 웅비하리라.,웅비,,雄飛,雄飛,
3급II,75,2016-11-26,82,hanjaeo_W,다음 밑줄 친 漢字語를 漢字(正字)로 쓰시오.,그 작가는 발상이 참신하다.,발상,,發想,發想,
3급II,75,2016-11-26,83,hanjaeo_W,다음 밑줄 친 漢字語를 漢字(正字)로 쓰시오.,백두산 천지는 신성한 곳이다.,신성,,神聖,神聖,
3급II,75,2016-11-26,84,hanjaeo_W,다음 밑줄 친 漢字語를 漢字(正字)로 쓰시오.,유익한 강의를 수강하였다.,수강,,受講,受講,
3급II,75,2016-11-26,85,hanjaeo_W,다음 밑줄 친 漢字語를 漢字(正字)로 쓰시오.,눈이 아파 안과에 다녀왔다.,안과,,眼科,眼科,
3급II,75,2016-11-26,86,hanjaeo_W,다음 밑줄 친 漢字語를 漢字(正字)로 쓰시오.,그 배우는 연기를 참 잘한다.,연기,,演技,演技,
3급II,75,2016-11-26,87,hanjaeo_W,다음 밑줄 친 漢字語를 漢字(正字)로 쓰시오.,지구 위에는 인공위성이 돈다.,위성,,衛星,衛星,
3급II,75,2016-11-26,88,hanjaeo_W,다음 밑줄 친 漢字語를 漢字(正字)로 쓰시오.,뒤탈이 없이 처리하여라.,처리,,處理,處理,
3급II,75,2016-11-26,89,hanjaeo_W,다음 밑줄 친 漢字語를 漢字(正字)로 쓰시오.,자기 집 앞 제설은 자기가 하자.,제설,,除雪,除雪,
3급II,75,2016-11-26,90,hanjaeo_W,다음 밑줄 친 漢字語를 漢字(正字)로 쓰시오.,적성에 맞는 직업을 찾아라.,직업,,職業,職業,
3급II,75,2016-11-26,91,hanjaeo_W,다음 밑줄 친 漢字語를 漢字(正字)로 쓰시오.,건축은 준비를 잘해야 한다.,건축,,建築,建築,
3급II,75,2016-11-26,92,hanjaeo_W,다음 밑줄 친 漢字語를 漢字(正字)로 쓰시오.,자기 위치를 잘 파악해야 한다.,위치,,位置,位置,
3급II,75,2016-11-26,93,hanjaeo_W,다음 밑줄 친 漢字語를 漢字(正字)로 쓰시오.,저 건물은 형태가 특이하다.,형태,,形態,形態,
3급II,75,2016-11-26,94,hanjaeo_W,다음 밑줄 친 漢字語를 漢字(正字)로 쓰시오.,그는 열심히 저축하였다.,저축,,貯蓄,貯蓄,
3급II,75,2016-11-26,95,hanjaeo_W,다음 밑줄 친 漢字語를 漢字(正字)로 쓰시오.,과제는 기한 안에 내야 한다.,기한,,期限,期限,
3급II,75,2016-11-26,96,hanjaeo_W,다음 밑줄 친 漢字語를 漢字(正字)로 쓰시오.,한국에는 종교의 자유가 있다.,종교,,宗敎,宗敎,
3급II,75,2016-11-26,97,hanjaeo_W,다음 밑줄 친 漢字語를 漢字(正字)로 쓰시오.,기상 관측은 매우 중요하다.,관측,,觀測,觀測,
3급II,75,2016-11-26,98,hanjaeo_W,다음 밑줄 친 漢字語를 漢字(正字)로 쓰시오.,저 선수의 등번호는 11번이야.,선수,,選手,選手,
3급II,75,2016-11-26,99,hanjaeo_W,다음 밑줄 친 漢字語를 漢字(正字)로 쓰시오.,전통을 잘 지켜 나가야 한다.,전통,,傳統,傳統,
3급II,75,2016-11-26,100,hanjaeo_W,다음 밑줄 친 漢字語를 漢字(正字)로 쓰시오.,비행기가 항로를 벗어났다.,항로,,航路,航路,
3급II,75,2016-11-26,101,hanjaeo_W,다음 밑줄 친 漢字語를 漢字(正字)로 쓰시오.,인권은 보호받아야 한다.,보호,,保護,保護,
3급II,75,2016-11-26,102,hanjaeo_W,다음 밑줄 친 漢字語를 漢字(正字)로 쓰시오.,끝까지 희망을 가지고 살자.,희망,,希望,希望,
3급II,75,2016-11-26,103,jangeum_S,다음 漢字語 가운데 첫 음절이 長音으로 발음되는 것을 골라 그 번호를 쓰시오.,,,"[""① 開拓"", ""② 墨客"", ""③ 假飾"", ""④ 縱隊""]",③,③ 假飾,
3급II,75,2016-11-26,104,jangeum_S,다음 漢字語 가운데 첫 음절이 長音으로 발음되는 것을 골라 그 번호를 쓰시오.,,,"[""① 愚直"", ""② 變化"", ""③ 勝利"", ""④ 蒼空""]",②,② 變化,
3급II,75,2016-11-26,105,jangeum_S,다음 漢字語 가운데 첫 음절이 長音으로 발음되는 것을 골라 그 번호를 쓰시오.,,,"[""① 被告"", ""② 執念"", ""③ 鐵塔"", ""④ 皇帝""]",①,① 被告,
3급II,75,2016-11-26,106,jangeum_S,다음 漢字語 가운데 첫 음절이 長音으로 발음되는 것을 골라 그 번호를 쓰시오.,,,"[""① 訴訟"", ""② 共著"", ""③ 陰曆"", ""④ 商人""]",②,② 共著,
3급II,75,2016-11-26,107,jangeum_S,다음 漢字語 가운데 첫 음절이 長音으로 발음되는 것을 골라 그 번호를 쓰시오.,,,"[""① 熟達"", ""② 銅像"", ""③ 盲信"", ""④ 御命""]",④,④ 御命,
3급II,75,2016-11-26,108,banui_W,다음 漢字와 反對(또는 相對)되는 漢字를 써 넣어 글 속의 漢字語를 完成하시오.,사람은 (    )裏가 같아야 한다.,( )裏,,表,表,
3급II,75,2016-11-26,109,banui_W,다음 漢字와 反對(또는 相對)되는 漢字를 써 넣어 글 속의 漢字語를 完成하시오.,살다보면 ( )辱을 겪는다.,( )辱,,榮,榮,
3급II,75,2016-11-26,110,banui_W,다음 漢字와 反對(또는 相對)되는 漢字를 써 넣어 글 속의 漢字語를 完成하시오.,사람을 오래 사귀면 (     )憎이 함께 생긴다.,( )憎,,愛,愛,
3급II,75,2016-11-26,111,banui_W,다음 漢字와 反對(또는 相對)되는 漢字를 써 넣어 글 속의 漢字語를 完成하시오.,그 사람에 대해서는 사람마다 好(   )가 엇갈린다.,好( ),,惡,惡,
3급II,75,2016-11-26,112,banui_W,다음 漢字와 反對(또는 相對)되는 漢字를 써 넣어 글 속의 漢字語를 完成하시오.,사람은 靈(    )이 모두 건강해야 한다.,靈( ),,肉,肉,
3급II,75,2016-11-26,113,banuieo_W,다음 漢字語의 反對語(또는 相對語)를 漢字(正字)로 쓰시오.,瞬間 ↔ 永( ),瞬間 ↔ 永( ),,遠,遠,
3급II,75,2016-11-26,114,banuieo_W,다음 漢字語의 反對語(또는 相對語)를 漢字(正字)로 쓰시오.,浪費 ↔ (   )約,浪費 ↔ ( )約,,節,節,
3급II,75,2016-11-26,115,banuieo_W,다음 漢字語의 反對語(또는 相對語)를 漢字(正字)로 쓰시오.,錯誤 ↔ 正( ),錯誤 ↔ 正( ),,確,確,
3급II,75,2016-11-26,116,banuieo_W,다음 漢字語의 反對語(또는 相對語)를 漢字(正字)로 쓰시오.,移動 ↔ (   )定,移動 ↔ ( )定,,固,固,
3급II,75,2016-11-26,117,banuieo_W,다음 漢字語의 反對語(또는 相對語)를 漢字(正字)로 쓰시오.,消滅 ↔ 存( ),消滅 ↔ 存( ),,續,續,
3급II,75,2016-11-26,118,seongeo_W,다음 빈 칸에 알맞은 漢字(正字)를 써 넣어 漢字語(成語)를 完成하시오.,過恭( )禮 : 지나친 공손은 예의가 아님.,過恭( )禮,,非,非,
3급II,75,2016-11-26,119,seongeo_W,다음 빈 칸에 알맞은 漢字(正字)를 써 넣어 漢字語(成語)를 完成하시오.,權謀( )數 : 권력을 위한 온갖 모략과 술책.,權謀( )數,,術,術,
3급II,75,2016-11-26,120,seongeo_W,다음 빈 칸에 알맞은 漢字(正字)를 써 넣어 漢字語(成語)를 完成하시오.,內憂外(     ) : 안팎의 여러 가지 어려움.,內憂外( ),,患,患,
3급II,75,2016-11-26,121,seongeo_W,다음 빈 칸에 알맞은 漢字(正字)를 써 넣어 漢字語(成語)를 完成하시오.,桃園結(     ) : 복숭아 정원에서 의를 맺음.,桃園結( ),,義,義,
3급II,75,2016-11-26,122,seongeo_W,다음 빈 칸에 알맞은 漢字(正字)를 써 넣어 漢字語(成語)를 完成하시오.,(    )刀亂麻 : 잘 드는 칼로 엉클어진 삼 가닥을 자름.,( )刀亂麻,,快,快,
3급II,75,2016-11-26,123,seongeo_W,다음 빈 칸에 알맞은 漢字(正字)를 써 넣어 漢字語(成語)를 完成하시오.,夫唱( )隨 : 남편이 주장하고 아내가 잘 따름.,夫唱( )隨,,婦,婦,
3급II,75,2016-11-26,124,seongeo_W,다음 빈 칸에 알맞은 漢字(正字)를 써 넣어 漢字語(成語)를 完成하시오.,(    )山之石 : 남의 허물도 내 수양에 도움이 될 수 있음.,( )山之石,,他,他,
3급II,75,2016-11-26,125,seongeo_W,다음 빈 칸에 알맞은 漢字(正字)를 써 넣어 漢字語(成語)를 完成하시오.,切(    )腐心 : 몹시 분해 이를 갈며 속을 썩임.,切( )腐心,,齒,齒,
3급II,75,2016-11-26,126,seongeo_W,다음 빈 칸에 알맞은 漢字(正字)를 써 넣어 漢字語(成語)를 完成하시오.,(    )株待兔 : 과거 일에 얽매어 변화가 없음.,( )株待兔,,守,守,
3급II,75,2016-11-26,127,seongeo_W,다음 빈 칸에 알맞은 漢字(正字)를 써 넣어 漢字語(成語)를 完成하시오.,衆寡不(     ) : 적은 수효로 많은 적을 막지 못함.,衆寡不( ),,敵,敵,
3급II,75,2016-11-26,128,busu_W,다음 漢字의 部首를 쓰시오.,鼓,鼓,,鼓,鼓,
3급II,75,2016-11-26,129,busu_W,다음 漢字의 部首를 쓰시오.,磨,磨,,石,石,
3급II,75,2016-11-26,130,busu_W,다음 漢字의 部首를 쓰시오.,封,封,,寸,寸,
3급II,75,2016-11-26,131,busu_W,다음 漢字의 部首를 쓰시오.,齊,齊,,齊,齊,
3급II,75,2016-11-26,132,busu_W,다음 漢字의 部首를 쓰시오.,此,此,,止,止,
3급II,75,2016-11-26,133,yui_S,다음 漢字와 訓이 같거나 비슷한 漢字를 <보기>에서 찾아 그 번호를 써 넣으시오.,康,康,"[""① 稚"", ""② 浪"", ""③ 安"", ""④ 徑"", ""⑤ 競"", ""⑥ 訣"", ""⑦ 尙"", ""⑧ 跡""]",③,③ 安,
3급II,75,2016-11-26,134,yui_S,다음 漢字와 訓이 같거나 비슷한 漢字를 <보기>에서 찾아 그 번호를 써 넣으시오.,爭,爭,"[""① 稚"", ""② 浪"", ""③ 安"", ""④ 徑"", ""⑤ 競"", ""⑥ 訣"", ""⑦ 尙"", ""⑧ 跡""]",⑤,⑤ 競,
3급II,75,2016-11-26,135,yui_S,다음 漢字와 訓이 같거나 비슷한 漢字를 <보기>에서 찾아 그 번호를 써 넣으시오.,幼,幼,"[""① 稚"", ""② 浪"", ""③ 安"", ""④ 徑"", ""⑤ 競"", ""⑥ 訣"", ""⑦ 尙"", ""⑧ 跡""]",①,① 稚,
3급II,75,2016-11-26,136,yui_S,다음 漢字와 訓이 같거나 비슷한 漢字를 <보기>에서 찾아 그 번호를 써 넣으시오.,崇,崇,"[""① 稚"", ""② 浪"", ""③ 安"", ""④ 徑"", ""⑤ 競"", ""⑥ 訣"", ""⑦ 尙"", ""⑧ 跡""]",⑦,⑦ 尙,
3급II,75,2016-11-26,137,yui_S,다음 漢字와 訓이 같거나 비슷한 漢字를 <보기>에서 찾아 그 번호를 써 넣으시오.,波,波,"[""① 稚"", ""② 浪"", ""③ 安"", ""④ 徑"", ""⑤ 競"", ""⑥ 訣"", ""⑦ 尙"", ""⑧ 跡""]",②,② 浪,
3급II,75,2016-11-26,138,dongeumeo_W,"다음 漢字語와 音이 같으며, 다음 풀이에 알맞은 漢字語를 쓰시오.",(無機) - 싸움에 쓰는 기구.,(無機),,武器,武器,
3급II,75,2016-11-26,139,dongeumeo_W,"다음 漢字語와 音이 같으며, 다음 풀이에 알맞은 漢字語를 쓰시오.",(構圖) - 예전의 길.,(構圖),,舊道,舊道,
3급II,75,2016-11-26,140,dongeumeo_W,"다음 漢字語와 音이 같으며, 다음 풀이에 알맞은 漢字語를 쓰시오.",(家産) - 더하여 셈함.,(家産),,加算,加算,
3급II,75,2016-11-26,141,dongeumeo_W,"다음 漢字語와 音이 같으며, 다음 풀이에 알맞은 漢字語를 쓰시오.",(監査) - 고맙게 느낌.,(監査),,感謝,感謝,
3급II,75,2016-11-26,142,dongeumeo_W,"다음 漢字語와 音이 같으며, 다음 풀이에 알맞은 漢字語를 쓰시오.",(私設) - 신문이나 잡지에서 써내는 논설.,(私設),,社說,社說,
3급II,75,2016-11-26,143,mean_W,다음 漢字語의 뜻을 쓰시오.,製鋼,製鋼,,강철을 만듦,강철을 만듦,
3급II,75,2016-11-26,144,mean_W,다음 漢字語의 뜻을 쓰시오.,避雷,避雷,,번개를 피함,번개를 피함,
3급II,75,2016-11-26,145,mean_W,다음 漢字語의 뜻을 쓰시오.,碧溪,碧溪,,푸른 시내,푸른 시내,
3급II,75,2016-11-26,146,mean_W,다음 漢字語의 뜻을 쓰시오.,遷都,遷都,,도읍을 옮김,도읍을 옮김,
3급II,75,2016-11-26,147,mean_W,다음 漢字語의 뜻을 쓰시오.,緩衝,緩衝,,부딪힘을 누그러뜨림,부딪힘을 누그러뜨림,
3급II,75,2016-11-26,148,yakja_W,다음 漢字의 略字를 쓰시오.,藝,藝,,芸,芸,
3급II,75,2016-11-26,149,yakja_W,다음 漢字의 略字를 쓰시오.,價,價,,価,価,
3급II,75,2016-11-26,150,yakja_W,다음 漢字의 略字를 쓰시오.,廣,廣,,広,広,
3급II,76,2017-02-25,1,dokeum_W,다음 문장에서 밑줄 친 漢字語의 讀音을 쓰시오.,흡연은 건강에 매우 나쁜 影響을 끼친다.,影響,,영향,영향,
3급II,76,2017-02-25,2,dokeum_W,다음 문장에서 밑줄 친 漢字語의 讀音을 쓰시오.,청소년은 나라의 중요한 資源이다.,資源,,자원,자원,
3급II,76,2017-02-25,3,dokeum_W,다음 문장에서 밑줄 친 漢字語의 讀音을 쓰시오.,주말이 되면 이 도로는 차량으로 극심한 停滯를 이룬다.,停滯,,정체,정체,
3급II,76,2017-02-25,4,dokeum_W,다음 문장에서 밑줄 친 漢字語의 讀音을 쓰시오.,感激의 눈물을 흘리다.,感激,,감격,감격,
3급II,76,2017-02-25,5,dokeum_W,다음 문장에서 밑줄 친 漢字語의 讀音을 쓰시오.,국회 의원 후보자의 遊說가 열렸다.,遊說,,유세,유세,
3급II,76,2017-02-25,6,dokeum_W,다음 문장에서 밑줄 친 漢字語의 讀音을 쓰시오.,불굴의 鬪魂을 발휘하다.,鬪魂,,투혼,투혼,
3급II,76,2017-02-25,7,dokeum_W,다음 문장에서 밑줄 친 漢字語의 讀音을 쓰시오.,난공불락의 要塞.,要塞,,요새,요새,
3급II,76,2017-02-25,8,dokeum_W,다음 문장에서 밑줄 친 漢字語의 讀音을 쓰시오.,청중들에게 통일 문제에 대해 講演하였다.,講演,,강연,강연,
3급II,76,2017-02-25,9,dokeum_W,다음 문장에서 밑줄 친 漢字語의 讀音을 쓰시오.,그곳은 접근이 容易하지 않다.,容易,,용이,용이,
3급II,76,2017-02-25,10,dokeum_W,다음 문장에서 밑줄 친 漢字語의 讀音을 쓰시오.,매사에 愼重하여 무리하게 일을 진행하지 않는다.,愼重,,신중,신중,
3급II,76,2017-02-25,11,dokeum_W,다음 문장에서 밑줄 친 漢字語의 讀音을 쓰시오.,그는 상의 없이 獨斷으로 일을 처리하곤 한다.,獨斷,,독단,독단,
3급II,76,2017-02-25,12,dokeum_W,다음 문장에서 밑줄 친 漢字語의 讀音을 쓰시오.,이번 조치로 적지 않은 사람들이 惠澤을 보게 되었다.,惠澤,,혜택,혜택,
3급II,76,2017-02-25,13,dokeum_W,다음 문장에서 밑줄 친 漢字語의 讀音을 쓰시오.,삼국 통일에 貢獻한 화랑도.,貢獻,,공헌,공헌,
3급II,76,2017-02-25,14,dokeum_W,다음 문장에서 밑줄 친 漢字語의 讀音을 쓰시오.,백제의 유적 踏査를 떠났다.,踏査,,답사,답사,
3급II,76,2017-02-25,15,dokeum_W,다음 문장에서 밑줄 친 漢字語의 讀音을 쓰시오.,설이 되면 親戚 어른께 두루 세배를 하러 다닌다.,親戚,,친척,친척,
3급II,76,2017-02-25,16,dokeum_W,다음 문장에서 밑줄 친 漢字語의 讀音을 쓰시오.,정부는 복지 문제에 많은 예산을 割愛할 것이다.,割愛,,할애,할애,
3급II,76,2017-02-25,17,dokeum_W,다음 문장에서 밑줄 친 漢字語의 讀音을 쓰시오.,형사재판에서 유죄의 인정은 확실한 證據가 있어야 한다.,證據,,증거,증거,
3급II,76,2017-02-25,18,dokeum_W,다음 문장에서 밑줄 친 漢字語의 讀音을 쓰시오.,전문의에게 진료를 依賴하였다.,依賴,,의뢰,의뢰,
3급II,76,2017-02-25,19,dokeum_W,다음 문장에서 밑줄 친 漢字語의 讀音을 쓰시오.,국립묘지에서 의장대를 사열한 뒤 헌화하고 默念했다.,默念,,묵념,묵념,
3급II,76,2017-02-25,20,dokeum_W,다음 문장에서 밑줄 친 漢字語의 讀音을 쓰시오.,글은 모름지기 사회의 모순을 파헤치고 국민을 옳은 길로 각성 내지는 啓蒙을 시켜야 하는 법이다.,啓蒙,,계몽,계몽,
3급II,76,2017-02-25,21,dokeum_W,다음 漢字語의 讀音을 쓰시오.,稀釋,稀釋,,희석,희석,
3급II,76,2017-02-25,22,dokeum_W,다음 漢字語의 讀音을 쓰시오.,懇切,懇切,,간절,간절,
3급II,76,2017-02-25,23,dokeum_W,다음 漢字語의 讀音을 쓰시오.,簡素,簡素,,간소,간소,
3급II,76,2017-02-25,24,dokeum_W,다음 漢字語의 讀音을 쓰시오.,衰落,衰落,,쇠락,쇠락,
3급II,76,2017-02-25,25,dokeum_W,다음 漢字語의 讀音을 쓰시오.,謙虛,謙虛,,겸허,겸허,
3급II,76,2017-02-25,26,dokeum_W,다음 漢字語의 讀音을 쓰시오.,承諾,承諾,,승낙,승낙,
3급II,76,2017-02-25,27,dokeum_W,다음 漢字語의 讀音을 쓰시오.,配慮,配慮,,배려,배려,
3급II,76,2017-02-25,28,dokeum_W,다음 漢字語의 讀音을 쓰시오.,微妙,微妙,,미묘,미묘,
3급II,76,2017-02-25,29,dokeum_W,다음 漢字語의 讀音을 쓰시오.,動機,動機,,동기,동기,
3급II,76,2017-02-25,30,dokeum_W,다음 漢字語의 讀音을 쓰시오.,隆盛,隆盛,,융성,융성,
3급II,76,2017-02-25,31,dokeum_W,다음 漢字語의 讀音을 쓰시오.,突破,突破,,돌파,돌파,
3급II,76,2017-02-25,32,dokeum_W,다음 漢字語의 讀音을 쓰시오.,發露,發露,,발로,발로,
3급II,76,2017-02-25,33,dokeum_W,다음 漢字語의 讀音을 쓰시오.,窮極,窮極,,궁극,궁극,
3급II,76,2017-02-25,34,dokeum_W,다음 漢字語의 讀音을 쓰시오.,執務,執務,,집무,집무,
3급II,76,2017-02-25,35,dokeum_W,다음 漢字語의 讀音을 쓰시오.,先輩,先輩,,선배,선배,
3급II,76,2017-02-25,36,dokeum_W,다음 漢字語의 讀音을 쓰시오.,端緖,端緖,,단서,단서,
3급II,76,2017-02-25,37,dokeum_W,다음 漢字語의 讀音을 쓰시오.,補給,補給,,보급,보급,
3급II,76,2017-02-25,38,dokeum_W,다음 漢字語의 讀音을 쓰시오.,模範,模範,,모범,모범,
3급II,76,2017-02-25,39,dokeum_W,다음 漢字語의 讀音을 쓰시오.,包含,包含,,포함,포함,
3급II,76,2017-02-25,40,dokeum_W,다음 漢字語의 讀音을 쓰시오.,稱頌,稱頌,,칭송,칭송,
3급II,76,2017-02-25,41,dokeum_W,다음 漢字語의 讀音을 쓰시오.,快樂,快樂,,쾌락,쾌락,
3급II,76,2017-02-25,42,dokeum_W,다음 漢字語의 讀音을 쓰시오.,惜別,惜別,,석별,석별,
3급II,76,2017-02-25,43,dokeum_W,다음 漢字語의 讀音을 쓰시오.,便乘,便乘,,편승,편승,
3급II,76,2017-02-25,44,dokeum_W,다음 漢字語의 讀音을 쓰시오.,不渡,不渡,,부도,부도,
3급II,76,2017-02-25,45,dokeum_W,다음 漢字語의 讀音을 쓰시오.,豪雨,豪雨,,호우,호우,
3급II,76,2017-02-25,46,huneum_W,다음 漢字의 訓과 音을 쓰시오.,架,架,,시렁 가,시렁 가,
3급II,76,2017-02-25,47,huneum_W,다음 漢字의 訓과 音을 쓰시오.,刻,刻,,새길 각,새길 각,
3급II,76,2017-02-25,48,huneum_W,다음 漢字의 訓과 音을 쓰시오.,鑑,鑑,,거울 감,거울 감,
3급II,76,2017-02-25,49,huneum_W,다음 漢字의 訓과 音을 쓰시오.,綱,綱,,벼리 강,벼리 강,
3급II,76,2017-02-25,50,huneum_W,다음 漢字의 訓과 音을 쓰시오.,儉,儉,,검소할 검,검소할 검,
3급II,76,2017-02-25,51,huneum_W,다음 漢字의 訓과 音을 쓰시오.,驚,驚,,놀랄 경,놀랄 경,
3급II,76,2017-02-25,52,huneum_W,다음 漢字의 訓과 音을 쓰시오.,姑,姑,,시어미 고,시어미 고,
3급II,76,2017-02-25,53,huneum_W,다음 漢字의 訓과 音을 쓰시오.,群,群,,무리 군,무리 군,
3급II,76,2017-02-25,54,huneum_W,다음 漢字의 訓과 音을 쓰시오.,耐,耐,,견딜 내,견딜 내,
3급II,76,2017-02-25,55,huneum_W,다음 漢字의 訓과 音을 쓰시오.,旦,旦,,아침 단,아침 단,
3급II,76,2017-02-25,56,huneum_W,다음 漢字의 訓과 音을 쓰시오.,淡,淡,,맑을 담,맑을 담,
3급II,76,2017-02-25,57,huneum_W,다음 漢字의 訓과 音을 쓰시오.,陶,陶,,질그릇 도,질그릇 도,
3급II,76,2017-02-25,58,huneum_W,다음 漢字의 訓과 音을 쓰시오.,覽,覽,,볼 람,볼 람,
3급II,76,2017-02-25,59,huneum_W,다음 漢字의 訓과 音을 쓰시오.,欄,欄,,난간 란,난간 란,
3급II,76,2017-02-25,60,huneum_W,다음 漢字의 訓과 音을 쓰시오.,勵,勵,,힘쓸 려,힘쓸 려,
3급II,76,2017-02-25,61,huneum_W,다음 漢字의 訓과 音을 쓰시오.,曆,曆,,책력 력,책력 력,
3급II,76,2017-02-25,62,huneum_W,다음 漢字의 訓과 音을 쓰시오.,履,履,,밟을 리,밟을 리,
3급II,76,2017-02-25,63,huneum_W,다음 漢字의 訓과 音을 쓰시오.,漠,漠,,넓을 막,넓을 막,
3급II,76,2017-02-25,64,huneum_W,다음 漢字의 訓과 音을 쓰시오.,猛,猛,,사나울 맹,사나울 맹,
3급II,76,2017-02-25,65,huneum_W,다음 漢字의 訓과 音을 쓰시오.,滅,滅,,멸할/꺼질 멸,멸할/꺼질 멸,
3급II,76,2017-02-25,66,huneum_W,다음 漢字의 訓과 音을 쓰시오.,迫,迫,,핍박할 박,핍박할 박,
3급II,76,2017-02-25,67,huneum_W,다음 漢字의 訓과 音을 쓰시오.,簿,簿,,문서 부,문서 부,
3급II,76,2017-02-25,68,huneum_W,다음 漢字의 訓과 音을 쓰시오.,錢,錢,,돈 전,돈 전,
3급II,76,2017-02-25,69,huneum_W,다음 漢字의 訓과 音을 쓰시오.,恕,恕,,용서할 서,용서할 서,
3급II,76,2017-02-25,70,huneum_W,다음 漢字의 訓과 音을 쓰시오.,疏,疏,,소통할 소,소통할 소,
3급II,76,2017-02-25,71,huneum_W,다음 漢字의 訓과 音을 쓰시오.,愁,愁,,근심 수,근심 수,
3급II,76,2017-02-25,72,huneum_W,다음 漢字의 訓과 音을 쓰시오.,裕,裕,,넉넉할 유,넉넉할 유,
3급II,76,2017-02-25,73,jangeum_S,다음 漢字語 중 첫 음절이 長音으로 발음되는 것의 번호를 쓰시오.,,,"[""① 聖戰"", ""② 星傳""]",①,① 聖戰,
3급II,76,2017-02-25,74,jangeum_S,다음 漢字語 중 첫 음절이 長音으로 발음되는 것의 번호를 쓰시오.,,,"[""① 燒身"", ""② 所信""]",②,② 所信,
3급II,76,2017-02-25,75,jangeum_S,다음 漢字語 중 첫 음절이 長音으로 발음되는 것의 번호를 쓰시오.,,,"[""① 長期"", ""② 壯氣""]",②,② 壯氣,
3급II,76,2017-02-25,76,jangeum_S,다음 漢字語 중 첫 음절이 長音으로 발음되는 것의 번호를 쓰시오.,,,"[""① 才士"", ""② 再思""]",②,② 再思,
3급II,76,2017-02-25,77,jangeum_S,다음 漢字語 중 첫 음절이 長音으로 발음되는 것의 번호를 쓰시오.,,,"[""① 造船"", ""② 朝鮮""]",①,① 造船,
3급II,76,2017-02-25,78,hanjaeo_W,다음 문장에서 밑줄 친 漢字語를 漢字[正字]로 쓰시오.,그들은 꽃다운 청춘을 모두 조국을 위해 바쳤다.,청춘,,靑春,靑春,
3급II,76,2017-02-25,79,hanjaeo_W,다음 문장에서 밑줄 친 漢字語를 漢字[正字]로 쓰시오.,백성은 나라의 근본입니다.,백성,,百姓,百姓,
3급II,76,2017-02-25,80,hanjaeo_W,다음 문장에서 밑줄 친 漢字語를 漢字[正字]로 쓰시오.,혼수를 심하게 따지는 결혼 풍속은 사라져야 한다.,풍속,,風俗,風俗,
3급II,76,2017-02-25,81,hanjaeo_W,다음 문장에서 밑줄 친 漢字語를 漢字[正字]로 쓰시오.,학업 성적의 향상.,향상,,向上,向上,
3급II,76,2017-02-25,82,hanjaeo_W,다음 문장에서 밑줄 친 漢字語를 漢字[正字]로 쓰시오.,그분은 후손을 위해 재물을 모으는 일조차도 없었다.,후손,,後孫,後孫,
3급II,76,2017-02-25,83,hanjaeo_W,다음 문장에서 밑줄 친 漢字語를 漢字[正字]로 쓰시오.,누구나 영원히 살기를 바란다.,영원,,永遠,永遠,
3급II,76,2017-02-25,84,hanjaeo_W,다음 문장에서 밑줄 친 漢字語를 漢字[正字]로 쓰시오.,이 건물은 자연광으로 실내를 밝힐 수 있도록 설계되었다.,설계,,設計,設計,
3급II,76,2017-02-25,85,hanjaeo_W,다음 문장에서 밑줄 친 漢字語를 漢字[正字]로 쓰시오.,세종 대왕은 역사에 길이 남을 많은 업적을 이루었다.,역사,,歷史,歷史,
3급II,76,2017-02-25,86,hanjaeo_W,다음 문장에서 밑줄 친 漢字語를 漢字[正字]로 쓰시오.,휴일 아침마다 늦잠을 잔다.,휴일,,休日,休日,
3급II,76,2017-02-25,87,hanjaeo_W,다음 문장에서 밑줄 친 漢字語를 漢字[正字]로 쓰시오.,남의 물건을 탐하지 마라.,물건,,物件,物件,
3급II,76,2017-02-25,88,hanjaeo_W,다음 문장에서 밑줄 친 漢字語를 漢字[正字]로 쓰시오.,민주주의 정신.,정신,,精神,精神,
3급II,76,2017-02-25,89,hanjaeo_W,다음 문장에서 밑줄 친 漢字語를 漢字[正字]로 쓰시오.,그와 나는 처지가 같다.,처지,,處地,處地,
3급II,76,2017-02-25,90,hanjaeo_W,다음 문장에서 밑줄 친 漢字語를 漢字[正字]로 쓰시오.,꼬마는 항상 미지의 세계를 동경하고 꿈꾼다.,세계,,世界,世界,
3급II,76,2017-02-25,91,hanjaeo_W,다음 문장에서 밑줄 친 漢字語를 漢字[正字]로 쓰시오.,신라는 중국과 문화적으로 활발히 교류하였다.,교류,,交流,交流,
3급II,76,2017-02-25,92,hanjaeo_W,다음 문장에서 밑줄 친 漢字語를 漢字[正字]로 쓰시오.,도덕적 기준은 사회마다 다르다.,도덕,,道德,道德,
3급II,76,2017-02-25,93,hanjaeo_W,다음 문장에서 밑줄 친 漢字語를 漢字[正字]로 쓰시오.,노력 경제의 원칙.,경제,,經濟,經濟,
3급II,76,2017-02-25,94,hanjaeo_W,다음 문장에서 밑줄 친 漢字語를 漢字[正字]로 쓰시오.,기업은 이익을 극대화하기 위해 애쓴다.,이익,,利益,利益,
3급II,76,2017-02-25,95,hanjaeo_W,다음 문장에서 밑줄 친 漢字語를 漢字[正字]로 쓰시오.,일이 무사하게 해결되었다.,무사,,無事,無事,
3급II,76,2017-02-25,96,hanjaeo_W,다음 문장에서 밑줄 친 漢字語를 漢字[正字]로 쓰시오.,세계 일주 여행.,여행,,旅行,旅行,
3급II,76,2017-02-25,97,hanjaeo_W,다음 문장에서 밑줄 친 漢字語를 漢字[正字]로 쓰시오.,심신을 수양하다.,수양,,修養,修養,
3급II,76,2017-02-25,98,hanjaeo_W,다음 문장에서 밑줄 친 漢字語를 漢字[正字]로 쓰시오.,그는 수영 선수로서 3년 연속 우승하는 기록을 세웠다.,기록,,記錄,記錄,
3급II,76,2017-02-25,99,hanjaeo_W,다음 문장에서 밑줄 친 漢字語를 漢字[正字]로 쓰시오.,어머니의 사랑은 위대하다.,위대,,偉大,偉大,
3급II,76,2017-02-25,100,hanjaeo_W,다음 문장에서 밑줄 친 漢字語를 漢字[正字]로 쓰시오.,누구든 말할 자유가 있다.,자유,,自由,自由,
3급II,76,2017-02-25,101,hanjaeo_W,다음 문장에서 밑줄 친 漢字語를 漢字[正字]로 쓰시오.,광복절 경축 행사.,경축,,慶祝,慶祝,
3급II,76,2017-02-25,102,hanjaeo_W,다음 문장에서 밑줄 친 漢字語를 漢字[正字]로 쓰시오.,대화로 서로 간에 오해를 풀었다.,오해,,誤解,誤解,
3급II,76,2017-02-25,103,hanjaeo_W,다음 문장에서 밑줄 친 漢字語를 漢字[正字]로 쓰시오.,마침내 가족 품으로 돌아왔다.,가족,,家族,家族,
3급II,76,2017-02-25,104,hanjaeo_W,다음 문장에서 밑줄 친 漢字語를 漢字[正字]로 쓰시오.,그 안건은 해당 부서에 통지되었다.,통지,,通知,通知,
3급II,76,2017-02-25,105,hanjaeo_W,다음 문장에서 밑줄 친 漢字語를 漢字[正字]로 쓰시오.,경찰이 출동했다는 정보가 들어왔다.,정보,,情報,情報,
3급II,76,2017-02-25,106,hanjaeo_W,다음 문장에서 밑줄 친 漢字語를 漢字[正字]로 쓰시오.,사회적인 변화에 따라 사람들의 가치관도 많이 달라졌다.,변화,,變化,變化,
3급II,76,2017-02-25,107,hanjaeo_W,다음 문장에서 밑줄 친 漢字語를 漢字[正字]로 쓰시오.,그들은 소비가 미덕이라는 사치 풍조만을 조장시켰다.,소비,,消費,消費,
3급II,76,2017-02-25,108,yui_S,다음 漢字와 訓이 같거나 비슷한 漢字를 <보기>에서 찾아 그 번호를 써 넣으시오.,街,街,"[""① 唱"", ""② 守"", ""③ 悟"", ""④ 鹽"", ""⑤ 陵"", ""⑥ 擊"", ""⑦ 導"", ""⑧ 路""]",⑧,⑧ 路,
3급II,76,2017-02-25,109,yui_S,다음 漢字와 訓이 같거나 비슷한 漢字를 <보기>에서 찾아 그 번호를 써 넣으시오.,歌,歌,"[""① 唱"", ""② 守"", ""③ 悟"", ""④ 鹽"", ""⑤ 陵"", ""⑥ 擊"", ""⑦ 導"", ""⑧ 路""]",①,① 唱,
3급II,76,2017-02-25,110,yui_S,다음 漢字와 訓이 같거나 비슷한 漢字를 <보기>에서 찾아 그 번호를 써 넣으시오.,覺,覺,"[""① 唱"", ""② 守"", ""③ 悟"", ""④ 鹽"", ""⑤ 陵"", ""⑥ 擊"", ""⑦ 導"", ""⑧ 路""]",③,③ 悟,
3급II,76,2017-02-25,111,yui_S,다음 漢字와 訓이 같거나 비슷한 漢字를 <보기>에서 찾아 그 번호를 써 넣으시오.,攻,攻,"[""① 唱"", ""② 守"", ""③ 悟"", ""④ 鹽"", ""⑤ 陵"", ""⑥ 擊"", ""⑦ 導"", ""⑧ 路""]",⑥,⑥ 擊,
3급II,76,2017-02-25,112,yui_S,다음 漢字와 訓이 같거나 비슷한 漢字를 <보기>에서 찾아 그 번호를 써 넣으시오.,丘,丘,"[""① 唱"", ""② 守"", ""③ 悟"", ""④ 鹽"", ""⑤ 陵"", ""⑥ 擊"", ""⑦ 導"", ""⑧ 路""]",⑤,⑤ 陵,
3급II,76,2017-02-25,113,banui_W,다음 제시된 漢字와 뜻이 反對 또는 相對되는 漢字[正字]를 (    ) 안에 써넣어 문맥에 어울리는 漢字語를 완성하시오.,우리나라는 예전엔 班(          )의 구별이 명확했던 계급 사회였다.,班( ),,常,常,
3급II,76,2017-02-25,114,banui_W,다음 제시된 漢字와 뜻이 反對 또는 相對되는 漢字[正字]를 (    ) 안에 써넣어 문맥에 어울리는 漢字語를 완성하시오.,사소한 것에 얽매여서 (         )末이 전도되어서는 안된다.,( )末,,本,本,
3급II,76,2017-02-25,115,banui_W,다음 제시된 漢字와 뜻이 反對 또는 相對되는 漢字[正字]를 (    ) 안에 써넣어 문맥에 어울리는 漢字語를 완성하시오.,師(   ) 관계의 위기를 극복하기 위한 다각적인 노력을 펼치다.,師( ),,弟,弟,
3급II,76,2017-02-25,116,banui_W,다음 제시된 漢字와 뜻이 反對 또는 相對되는 漢字[正字]를 (    ) 안에 써넣어 문맥에 어울리는 漢字語를 완성하시오.,주인공의 (    )活이 걸린 한 수에 이목이 집중되고 있다.,( )活,,死,死,
3급II,76,2017-02-25,117,banui_W,다음 제시된 漢字와 뜻이 反對 또는 相對되는 漢字[正字]를 (    ) 안에 써넣어 문맥에 어울리는 漢字語를 완성하시오.,"나는 이 사람에게 아무런 원한도, 憎(    )도, 적의도 느끼지 못하고 있다.",憎( ),,愛,愛,
3급II,76,2017-02-25,118,banuieo_W,다음 漢字語의 反對語 또는 相對語를 漢字[正字]로 쓰시오.,迎新,迎新 ↔ ( ),,送舊,送舊,
3급II,76,2017-02-25,119,banuieo_W,다음 漢字語의 反對語 또는 相對語를 漢字[正字]로 쓰시오.,現實,現實 ↔ ( ),,理想,理想,
3급II,76,2017-02-25,120,banuieo_W,다음 漢字語의 反對語 또는 相對語를 漢字[正字]로 쓰시오.,許可,許可 ↔ ( ),,禁止,禁止,
3급II,76,2017-02-25,121,banuieo_W,다음 漢字語의 反對語 또는 相對語를 漢字[正字]로 쓰시오.,結果,結果 ↔ ( ),,原因,原因,
3급II,76,2017-02-25,122,banuieo_W,다음 漢字語의 反對語 또는 相對語를 漢字[正字]로 쓰시오.,偶然,偶然 ↔ ( ),,必是,必是,
3급II,76,2017-02-25,123,dongeumeo_W,다음 제시된 뜻에 맞는 (    ) 속 漢字語의 同音異義語를 漢字[正字]로 쓰시오.,(佳作) - 거짓으로 꾸며서 행동함.,(佳作),,假作,假作,
3급II,76,2017-02-25,124,dongeumeo_W,다음 제시된 뜻에 맞는 (    ) 속 漢字語의 同音異義語를 漢字[正字]로 쓰시오.,(副賞) - 부유한 상인.,(副賞),,富商,富商,
3급II,76,2017-02-25,125,dongeumeo_W,다음 제시된 뜻에 맞는 (    ) 속 漢字語의 同音異義語를 漢字[正字]로 쓰시오.,(衣冠) - 의술에 종사하던 벼슬아치.,(衣冠),,醫官,醫官,
3급II,76,2017-02-25,126,dongeumeo_W,다음 제시된 뜻에 맞는 (    ) 속 漢字語의 同音異義語를 漢字[正字]로 쓰시오.,(全員) - 도시에서 떨어진 시골이나 교외.,(全員),,田園,田園,
3급II,76,2017-02-25,127,dongeumeo_W,다음 제시된 뜻에 맞는 (    ) 속 漢字語의 同音異義語를 漢字[正字]로 쓰시오.,(指章) - 일하는 데 방해가 되는 장애.,(指章),,支障,支障,
3급II,76,2017-02-25,128,seongeo_W,다음 ( ) 안에 알맞은 漢字[正字]를 써서 四字成語를 완성하시오.,龍(    )蛇尾 : 시작만 좋고 나중은 나쁨.,龍( )蛇尾,,頭,頭,
3급II,76,2017-02-25,129,seongeo_W,다음 ( ) 안에 알맞은 漢字[正字]를 써서 四字成語를 완성하시오.,十中( )九 : 열이면 그 중 여덟이나 아홉은 그러함.,十中( )九,,八,八,
3급II,76,2017-02-25,130,seongeo_W,다음 ( ) 안에 알맞은 漢字[正字]를 써서 四字成語를 완성하시오.,改(    )遷善 : 잘못을 고치고 착하게 됨.,改( )遷善,,過,過,
3급II,76,2017-02-25,131,seongeo_W,다음 ( ) 안에 알맞은 漢字[正字]를 써서 四字成語를 완성하시오.,烏合之(    ) : 까마귀가 모인 것처럼 규율이 없는 병졸.,烏合之( ),,卒,卒,
3급II,76,2017-02-25,132,seongeo_W,다음 ( ) 안에 알맞은 漢字[正字]를 써서 四字成語를 완성하시오.,坐井( )天 : 우물에 앉아 하늘을 봄. 좁은 견문.,坐井( )天,,觀,觀,
3급II,76,2017-02-25,133,seongeo_W,다음 ( ) 안에 알맞은 漢字[正字]를 써서 四字成語를 완성하시오.,內憂外(    ) : 나라 안팎의 근심 걱정.,內憂外( ),,患,患,
3급II,76,2017-02-25,134,seongeo_W,다음 ( ) 안에 알맞은 漢字[正字]를 써서 四字成語를 완성하시오.,孤掌( )鳴 : 외손뼉은 울리지 않음.,孤掌( )鳴,,難,難,
3급II,76,2017-02-25,135,seongeo_W,다음 ( ) 안에 알맞은 漢字[正字]를 써서 四字成語를 완성하시오.,森羅( )象 : 우주 속에 존재하는 모든 사물과 현상.,森羅( )象,,萬,萬,
3급II,76,2017-02-25,136,seongeo_W,다음 ( ) 안에 알맞은 漢字[正字]를 써서 四字成語를 완성하시오.,(    )盡悲來 : 즐거운 일이 다하면 슬픈 일이 옮.,( )盡悲來,,興,興,
3급II,76,2017-02-25,137,seongeo_W,다음 ( ) 안에 알맞은 漢字[正字]를 써서 四字成語를 완성하시오.,賢母( )妻 : 어진 어머니이자 착한 아내.,賢母( )妻,,良,良,
3급II,76,2017-02-25,138,busu_W,다음 漢字의 部首를 쓰시오.,幹,幹,,干,干,
3급II,76,2017-02-25,139,busu_W,다음 漢字의 部首를 쓰시오.,頃,頃,,頁,頁,
3급II,76,2017-02-25,140,busu_W,다음 漢字의 部首를 쓰시오.,農,農,,辰,辰,
3급II,76,2017-02-25,141,busu_W,다음 漢字의 部首를 쓰시오.,麥,麥,,麥,麥,
3급II,76,2017-02-25,142,busu_W,다음 漢字의 部首를 쓰시오.,屬,屬,,尸,尸,
3급II,76,2017-02-25,143,yakja_W,다음 漢字의 略字를 쓰시오.,權,權,,权/權,权/權,
3급II,76,2017-02-25,144,yakja_W,다음 漢字의 略字를 쓰시오.,監,監,,監,監,
3급II,76,2017-02-25,145,yakja_W,다음 漢字의 略字를 쓰시오.,應,應,,応,応,
3급II,76,2017-02-25,146,mean_W,다음 漢字語의 뜻을 쓰시오.,徹夜,徹夜,,밤새움,밤새움,
3급II,76,2017-02-25,147,mean_W,다음 漢字語의 뜻을 쓰시오.,懸案,懸案,,걸린 문제(안건),걸린 문제(안건),
3급II,76,2017-02-25,148,mean_W,다음 漢字語의 뜻을 쓰시오.,勤勉,勤勉,,부지런히 일하며 힘씀,부지런히 일하며 힘씀,
3급II,76,2017-02-25,149,mean_W,다음 漢字語의 뜻을 쓰시오.,絶景,絶景,,더할 나위 없이 훌륭한 경치,더할 나위 없이 훌륭한 경치,
3급II,76,2017-02-25,150,mean_W,다음 漢字語의 뜻을 쓰시오.,薄氷,薄氷,,살얼음/근소한 차이,살얼음/근소한 차이,
3급II,77,2017-05-27,1,dokeum_W,다음 문장에서 밑줄 친 漢字語의 讀音을 쓰시오.,器機 변경을 통해 상품의 供給이 원활하게 이루어지는 瞬間이 왔다.,器機,,기기,기기,
3급II,77,2017-05-27,2,dokeum_W,다음 문장에서 밑줄 친 漢字語의 讀音을 쓰시오.,器機 변경을 통해 상품의 供給이 원활하게 이루어지는 瞬間이 왔다.,供給,,공급,공급,
3급II,77,2017-05-27,3,dokeum_W,다음 문장에서 밑줄 친 漢字語의 讀音을 쓰시오.,器機 변경을 통해 상품의 供給이 원활하게 이루어지는 瞬間이 왔다.,瞬間,,순간,순간,
3급II,77,2017-05-27,4,dokeum_W,다음 문장에서 밑줄 친 漢字語의 讀音을 쓰시오.,플라시보 효과란 僞藥을 이용한 神奇한 효과이다.,僞藥,,위약,위약,
3급II,77,2017-05-27,5,dokeum_W,다음 문장에서 밑줄 친 漢字語의 讀音을 쓰시오.,플라시보 효과란 僞藥을 이용한 神奇한 효과이다.,神奇,,신기,신기,
3급II,77,2017-05-27,6,dokeum_W,다음 문장에서 밑줄 친 漢字語의 讀音을 쓰시오.,"冷徹한 비판보다 激勵를 통한 信賴, 疏通의 構築이 긍정적인 影響을 미친다.",冷徹,,냉철,냉철,
3급II,77,2017-05-27,7,dokeum_W,다음 문장에서 밑줄 친 漢字語의 讀音을 쓰시오.,"冷徹한 비판보다 激勵를 통한 信賴, 疏通의 構築이 긍정적인 影響을 미친다.",激勵,,격려,격려,
3급II,77,2017-05-27,8,dokeum_W,다음 문장에서 밑줄 친 漢字語의 讀音을 쓰시오.,"冷徹한 비판보다 激勵를 통한 信賴, 疏通의 構築이 긍정적인 影響을 미친다.",信賴,,신뢰,신뢰,
3급II,77,2017-05-27,9,dokeum_W,다음 문장에서 밑줄 친 漢字語의 讀音을 쓰시오.,"冷徹한 비판보다 激勵를 통한 信賴, 疏通의 構築이 긍정적인 影響을 미친다.",疏通,,소통,소통,
3급II,77,2017-05-27,10,dokeum_W,다음 문장에서 밑줄 친 漢字語의 讀音을 쓰시오.,"冷徹한 비판보다 激勵를 통한 信賴, 疏通의 構築이 긍정적인 影響을 미친다.",構築,,구축,구축,
3급II,77,2017-05-27,11,dokeum_W,다음 문장에서 밑줄 친 漢字語의 讀音을 쓰시오.,"冷徹한 비판보다 激勵를 통한 信賴, 疏通의 構築이 긍정적인 影響을 미친다.",影響,,영향,영향,
3급II,77,2017-05-27,12,dokeum_W,다음 문장에서 밑줄 친 漢字語의 讀音을 쓰시오.,현대인은 頭腦에서 비롯된 많은 질환과 鬪病하고 있다.,頭腦,,두뇌,두뇌,
3급II,77,2017-05-27,13,dokeum_W,다음 문장에서 밑줄 친 漢字語의 讀音을 쓰시오.,현대인은 頭腦에서 비롯된 많은 질환과 鬪病하고 있다.,鬪病,,투병,투병,
3급II,77,2017-05-27,14,dokeum_W,다음 문장에서 밑줄 친 漢字語의 讀音을 쓰시오.,階層 간의 憤怒를 率直하고 克明하게 드러낸 김 博士의 글은 감동적이었다.,階層,,계층,계층,
3급II,77,2017-05-27,15,dokeum_W,다음 문장에서 밑줄 친 漢字語의 讀音을 쓰시오.,階層 간의 憤怒를 率直하고 克明하게 드러낸 김 博士의 글은 감동적이었다.,憤怒,,분노,분노,
3급II,77,2017-05-27,16,dokeum_W,다음 문장에서 밑줄 친 漢字語의 讀音을 쓰시오.,階層 간의 憤怒를 率直하고 克明하게 드러낸 김 博士의 글은 감동적이었다.,率直,,솔직,솔직,
3급II,77,2017-05-27,17,dokeum_W,다음 문장에서 밑줄 친 漢字語의 讀音을 쓰시오.,階層 간의 憤怒를 率直하고 克明하게 드러낸 김 博士의 글은 감동적이었다.,克明,,극명,극명,
3급II,77,2017-05-27,18,dokeum_W,다음 문장에서 밑줄 친 漢字語의 讀音을 쓰시오.,階層 간의 憤怒를 率直하고 克明하게 드러낸 김 博士의 글은 감동적이었다.,博士,,박사,박사,
3급II,77,2017-05-27,19,dokeum_W,다음 문장에서 밑줄 친 漢字語의 讀音을 쓰시오.,그의 趣味는 麥酒를 마시며 음악을 듣는 것이다.,趣味,,취미,취미,
3급II,77,2017-05-27,20,dokeum_W,다음 문장에서 밑줄 친 漢字語의 讀音을 쓰시오.,그의 趣味는 麥酒를 마시며 음악을 듣는 것이다.,麥酒,,맥주,맥주,
3급II,77,2017-05-27,21,dokeum_W,다음 漢字語의 讀音을 쓰시오.,告祀,告祀,,고사,고사,
3급II,77,2017-05-27,22,dokeum_W,다음 漢字語의 讀音을 쓰시오.,覆蓋,覆蓋,,복개,복개,
3급II,77,2017-05-27,23,dokeum_W,다음 漢字語의 讀音을 쓰시오.,公暇,公暇,,공가,공가,
3급II,77,2017-05-27,24,dokeum_W,다음 漢字語의 讀音을 쓰시오.,別途,別途,,별도,별도,
3급II,77,2017-05-27,25,dokeum_W,다음 漢字語의 讀音을 쓰시오.,凍裂,凍裂,,동렬,동렬,
3급II,77,2017-05-27,26,dokeum_W,다음 漢字語의 讀音을 쓰시오.,隆昌,隆昌,,융창,융창,
3급II,77,2017-05-27,27,dokeum_W,다음 漢字語의 讀音을 쓰시오.,雷聲,雷聲,,뇌성,뇌성,
3급II,77,2017-05-27,28,dokeum_W,다음 漢字語의 讀音을 쓰시오.,索漠,索漠,,삭막,삭막,
3급II,77,2017-05-27,29,dokeum_W,다음 漢字語의 讀音을 쓰시오.,觸媒,觸媒,,촉매,촉매,
3급II,77,2017-05-27,30,dokeum_W,다음 漢字語의 讀音을 쓰시오.,隔差,隔差,,격차,격차,
3급II,77,2017-05-27,31,dokeum_W,다음 漢字語의 讀音을 쓰시오.,錯誤,錯誤,,착오,착오,
3급II,77,2017-05-27,32,dokeum_W,다음 漢字語의 讀音을 쓰시오.,尺度,尺度,,척도,척도,
3급II,77,2017-05-27,33,dokeum_W,다음 漢字語의 讀音을 쓰시오.,快擧,快擧,,쾌거,쾌거,
3급II,77,2017-05-27,34,dokeum_W,다음 漢字語의 讀音을 쓰시오.,汗蒸,汗蒸,,한증,한증,
3급II,77,2017-05-27,35,dokeum_W,다음 漢字語의 讀音을 쓰시오.,回收,回收,,회수,회수,
3급II,77,2017-05-27,36,dokeum_W,다음 漢字語의 讀音을 쓰시오.,暴露,暴露,,폭로,폭로,
3급II,77,2017-05-27,37,dokeum_W,다음 漢字語의 讀音을 쓰시오.,狀況,狀況,,상황,상황,
3급II,77,2017-05-27,38,dokeum_W,다음 漢字語의 讀音을 쓰시오.,領域,領域,,영역,영역,
3급II,77,2017-05-27,39,dokeum_W,다음 漢字語의 讀音을 쓰시오.,衰殘,衰殘,,쇠잔,쇠잔,
3급II,77,2017-05-27,40,dokeum_W,다음 漢字語의 讀音을 쓰시오.,遺跡,遺跡,,유적,유적,
3급II,77,2017-05-27,41,dokeum_W,다음 漢字語의 讀音을 쓰시오.,誘惑,誘惑,,유혹,유혹,
3급II,77,2017-05-27,42,dokeum_W,다음 漢字語의 讀音을 쓰시오.,模樣,模樣,,모양,모양,
3급II,77,2017-05-27,43,dokeum_W,다음 漢字語의 讀音을 쓰시오.,裝飾,裝飾,,장식,장식,
3급II,77,2017-05-27,44,dokeum_W,다음 漢字語의 讀音을 쓰시오.,韻律,韻律,,운율,운율,
3급II,77,2017-05-27,45,dokeum_W,다음 漢字語의 讀音을 쓰시오.,奪還,奪還,,탈환,탈환,
3급II,77,2017-05-27,46,huneum_W,다음 漢字의 訓과 音을 쓰시오.,弊,弊,,폐단 폐,폐단 폐,
3급II,77,2017-05-27,47,huneum_W,다음 漢字의 訓과 音을 쓰시오.,刊,刊,,새길 간,새길 간,
3급II,77,2017-05-27,48,huneum_W,다음 漢字의 訓과 音을 쓰시오.,湯,湯,,끓일 탕,끓일 탕,
3급II,77,2017-05-27,49,huneum_W,다음 漢字의 訓과 音을 쓰시오.,寡,寡,,적을 과,적을 과,
3급II,77,2017-05-27,50,huneum_W,다음 漢字의 訓과 音을 쓰시오.,吹,吹,,불 취,불 취,
3급II,77,2017-05-27,51,huneum_W,다음 漢字의 訓과 音을 쓰시오.,拳,拳,,주먹 권,주먹 권,
3급II,77,2017-05-27,52,huneum_W,다음 漢字의 訓과 音을 쓰시오.,淺,淺,,얕을 천,얕을 천,
3급II,77,2017-05-27,53,huneum_W,다음 漢字의 訓과 音을 쓰시오.,娘,娘,,계집 낭,계집 낭,
3급II,77,2017-05-27,54,huneum_W,다음 漢字의 訓과 音을 쓰시오.,摘,摘,,딸 적,딸 적,
3급II,77,2017-05-27,55,huneum_W,다음 漢字의 訓과 音을 쓰시오.,踏,踏,,밟을 답,밟을 답,
3급II,77,2017-05-27,56,huneum_W,다음 漢字의 訓과 音을 쓰시오.,刺,刺,,찌를 자,찌를 자,
3급II,77,2017-05-27,57,huneum_W,다음 漢字의 訓과 音을 쓰시오.,企,企,,꾀할 기,꾀할 기,
3급II,77,2017-05-27,58,huneum_W,다음 漢字의 訓과 音을 쓰시오.,翼,翼,,날개 익,날개 익,
3급II,77,2017-05-27,59,huneum_W,다음 漢字의 訓과 音을 쓰시오.,突,突,,갑자기 돌,갑자기 돌,
3급II,77,2017-05-27,60,huneum_W,다음 漢字의 訓과 音을 쓰시오.,烏,烏,,까마귀 오,까마귀 오,
3급II,77,2017-05-27,61,huneum_W,다음 漢字의 訓과 音을 쓰시오.,絡,絡,,이을 락,이을 락,
3급II,77,2017-05-27,62,huneum_W,다음 漢字의 訓과 音을 쓰시오.,阿,阿,,언덕 아,언덕 아,
3급II,77,2017-05-27,63,huneum_W,다음 漢字의 訓과 音을 쓰시오.,祿,祿,,녹 록,녹 록,
3급II,77,2017-05-27,64,huneum_W,다음 漢字의 訓과 音을 쓰시오.,述,述,,펼 술,펼 술,
3급II,77,2017-05-27,65,huneum_W,다음 漢字의 訓과 音을 쓰시오.,吏,吏,,벼슬아치 리,벼슬아치 리,
3급II,77,2017-05-27,66,huneum_W,다음 漢字의 訓과 音을 쓰시오.,熟,熟,,익을 숙,익을 숙,
3급II,77,2017-05-27,67,huneum_W,다음 漢字의 訓과 音을 쓰시오.,幕,幕,,장막 막,장막 막,
3급II,77,2017-05-27,68,huneum_W,다음 漢字의 訓과 音을 쓰시오.,燒,燒,,사를 소,사를 소,
3급II,77,2017-05-27,69,huneum_W,다음 漢字의 訓과 音을 쓰시오.,妄,妄,,망령될 망,망령될 망,
3급II,77,2017-05-27,70,huneum_W,다음 漢字의 訓과 音을 쓰시오.,舌,舌,,혀 설,혀 설,
3급II,77,2017-05-27,71,huneum_W,다음 漢字의 訓과 音을 쓰시오.,盟,盟,,맹세할 맹,맹세할 맹,
3급II,77,2017-05-27,72,huneum_W,다음 漢字의 訓과 音을 쓰시오.,眠,眠,,잘 면,잘 면,
3급II,77,2017-05-27,73,jangeum_S,다음 漢字語 중 첫음절이 長音으로 발음되는 것의 번호를 쓰시오.,,,"[""① 非但"", ""② 鼻端""]",②,② 鼻端,
3급II,77,2017-05-27,74,jangeum_S,다음 漢字語 중 첫음절이 長音으로 발음되는 것의 번호를 쓰시오.,,,"[""① 照會"", ""② 朝會""]",①,① 照會,
3급II,77,2017-05-27,75,jangeum_S,다음 漢字語 중 첫음절이 長音으로 발음되는 것의 번호를 쓰시오.,,,"[""① 化粧"", ""② 火葬""]",②,② 火葬,
3급II,77,2017-05-27,76,jangeum_S,다음 漢字語 중 첫음절이 長音으로 발음되는 것의 번호를 쓰시오.,,,"[""① 操作"", ""② 造作""]",②,② 造作,
3급II,77,2017-05-27,77,jangeum_S,다음 漢字語 중 첫음절이 長音으로 발음되는 것의 번호를 쓰시오.,,,"[""① 史庫"", ""② 思考""]",①,① 史庫,
3급II,77,2017-05-27,78,hanjaeo_W,다음 문장에서 밑줄 친 漢字語를 漢字[正字]로 쓰시오.,티베트 라싸 공항이 3500미터 고지라는 말에 갑자기 머리가 아파 일정을 취소하고 숙소로 돌아왔다. 여인숙 수준의 호텔에는 두통약은커녕 영어가 통하는 직원도 없었다.,공항,,空港,空港,
3급II,77,2017-05-27,79,hanjaeo_W,다음 문장에서 밑줄 친 漢字語를 漢字[正字]로 쓰시오.,티베트 라싸 공항이 3500미터 고지라는 말에 갑자기 머리가 아파 일정을 취소하고 숙소로 돌아왔다. 여인숙 수준의 호텔에는 두통약은커녕 영어가 통하는 직원도 없었다.,고지,,高地,高地,
3급II,77,2017-05-27,80,hanjaeo_W,다음 문장에서 밑줄 친 漢字語를 漢字[正字]로 쓰시오.,티베트 라싸 공항이 3500미터 고지라는 말에 갑자기 머리가 아파 일정을 취소하고 숙소로 돌아왔다. 여인숙 수준의 호텔에는 두통약은커녕 영어가 통하는 직원도 없었다.,일정,,日程,日程,
3급II,77,2017-05-27,81,hanjaeo_W,다음 문장에서 밑줄 친 漢字語를 漢字[正字]로 쓰시오.,티베트 라싸 공항이 3500미터 고지라는 말에 갑자기 머리가 아파 일정을 취소하고 숙소로 돌아왔다. 여인숙 수준의 호텔에는 두통약은커녕 영어가 통하는 직원도 없었다.,취소,,取消,取消,
3급II,77,2017-05-27,82,hanjaeo_W,다음 문장에서 밑줄 친 漢字語를 漢字[正字]로 쓰시오.,티베트 라싸 공항이 3500미터 고지라는 말에 갑자기 머리가 아파 일정을 취소하고 숙소로 돌아왔다. 여인숙 수준의 호텔에는 두통약은커녕 영어가 통하는 직원도 없었다.,숙소,,宿所,宿所,
3급II,77,2017-05-27,83,hanjaeo_W,다음 문장에서 밑줄 친 漢字語를 漢字[正字]로 쓰시오.,티베트 라싸 공항이 3500미터 고지라는 말에 갑자기 머리가 아파 일정을 취소하고 숙소로 돌아왔다. 여인숙 수준의 호텔에는 두통약은커녕 영어가 통하는 직원도 없었다.,수준,,水準,水準,
3급II,77,2017-05-27,84,hanjaeo_W,다음 문장에서 밑줄 친 漢字語를 漢字[正字]로 쓰시오.,티베트 라싸 공항이 3500미터 고지라는 말에 갑자기 머리가 아파 일정을 취소하고 숙소로 돌아왔다. 여인숙 수준의 호텔에는 두통약은커녕 영어가 통하는 직원도 없었다.,직원,,職員,職員,
3급II,77,2017-05-27,85,hanjaeo_W,다음 문장에서 밑줄 친 漢字語를 漢字[正字]로 쓰시오.,"생명 구조품이라는 글씨를 보자 두통이 금세 사라졌다. 그런데 그것은 그저 공기발생기였다. 생각만으로도 두통이 사라지다니, 약을 먹지 않고도 기분만으로 실제 치료 효과가 생겼다. 지푸라기라도 잡아야 하는 환자에게 의사의 정확한 의학 정보도 중요하지만 훈훈한 말 한 마디가 때론 더 효과적이다. 영국 의사 97%가 환자에게 가짜 약을 처방한 경험이 있다. 물론 치료 목적의 선한 의도이며 해결책이다.",구조,,救助,救助,
3급II,77,2017-05-27,86,hanjaeo_W,다음 문장에서 밑줄 친 漢字語를 漢字[正字]로 쓰시오.,"생명 구조품이라는 글씨를 보자 두통이 금세 사라졌다. 그런데 그것은 그저 공기발생기였다. 생각만으로도 두통이 사라지다니, 약을 먹지 않고도 기분만으로 실제 치료 효과가 생겼다. 지푸라기라도 잡아야 하는 환자에게 의사의 정확한 의학 정보도 중요하지만 훈훈한 말 한 마디가 때론 더 효과적이다. 영국 의사 97%가 환자에게 가짜 약을 처방한 경험이 있다. 물론 치료 목적의 선한 의도이며 해결책이다.",기분,,氣分,氣分,
3급II,77,2017-05-27,87,hanjaeo_W,다음 문장에서 밑줄 친 漢字語를 漢字[正字]로 쓰시오.,"생명 구조품이라는 글씨를 보자 두통이 금세 사라졌다. 그런데 그것은 그저 공기발생기였다. 생각만으로도 두통이 사라지다니, 약을 먹지 않고도 기분만으로 실제 치료 효과가 생겼다. 지푸라기라도 잡아야 하는 환자에게 의사의 정확한 의학 정보도 중요하지만 훈훈한 말 한 마디가 때론 더 효과적이다. 영국 의사 97%가 환자에게 가짜 약을 처방한 경험이 있다. 물론 치료 목적의 선한 의도이며 해결책이다.",실제,,實際,實際,
3급II,77,2017-05-27,88,hanjaeo_W,다음 문장에서 밑줄 친 漢字語를 漢字[正字]로 쓰시오.,"생명 구조품이라는 글씨를 보자 두통이 금세 사라졌다. 그런데 그것은 그저 공기발생기였다. 생각만으로도 두통이 사라지다니, 약을 먹지 않고도 기분만으로 실제 치료 효과가 생겼다. 지푸라기라도 잡아야 하는 환자에게 의사의 정확한 의학 정보도 중요하지만 훈훈한 말 한 마디가 때론 더 효과적이다. 영국 의사 97%가 환자에게 가짜 약을 처방한 경험이 있다. 물론 치료 목적의 선한 의도이며 해결책이다.",효과,,效果,效果,
3급II,77,2017-05-27,89,hanjaeo_W,다음 문장에서 밑줄 친 漢字語를 漢字[正字]로 쓰시오.,"생명 구조품이라는 글씨를 보자 두통이 금세 사라졌다. 그런데 그것은 그저 공기발생기였다. 생각만으로도 두통이 사라지다니, 약을 먹지 않고도 기분만으로 실제 치료 효과가 생겼다. 지푸라기라도 잡아야 하는 환자에게 의사의 정확한 의학 정보도 중요하지만 훈훈한 말 한 마디가 때론 더 효과적이다. 영국 의사 97%가 환자에게 가짜 약을 처방한 경험이 있다. 물론 치료 목적의 선한 의도이며 해결책이다.",환자,,患者,患者,
3급II,77,2017-05-27,90,hanjaeo_W,다음 문장에서 밑줄 친 漢字語를 漢字[正字]로 쓰시오.,"생명 구조품이라는 글씨를 보자 두통이 금세 사라졌다. 그런데 그것은 그저 공기발생기였다. 생각만으로도 두통이 사라지다니, 약을 먹지 않고도 기분만으로 실제 치료 효과가 생겼다. 지푸라기라도 잡아야 하는 환자에게 의사의 정확한 의학 정보도 중요하지만 훈훈한 말 한 마디가 때론 더 효과적이다. 영국 의사 97%가 환자에게 가짜 약을 처방한 경험이 있다. 물론 치료 목적의 선한 의도이며 해결책이다.",의사,,醫師,醫師,
3급II,77,2017-05-27,91,hanjaeo_W,다음 문장에서 밑줄 친 漢字語를 漢字[正字]로 쓰시오.,"생명 구조품이라는 글씨를 보자 두통이 금세 사라졌다. 그런데 그것은 그저 공기발생기였다. 생각만으로도 두통이 사라지다니, 약을 먹지 않고도 기분만으로 실제 치료 효과가 생겼다. 지푸라기라도 잡아야 하는 환자에게 의사의 정확한 의학 정보도 중요하지만 훈훈한 말 한 마디가 때론 더 효과적이다. 영국 의사 97%가 환자에게 가짜 약을 처방한 경험이 있다. 물론 치료 목적의 선한 의도이며 해결책이다.",정보,,情報,情報,
3급II,77,2017-05-27,92,hanjaeo_W,다음 문장에서 밑줄 친 漢字語를 漢字[正字]로 쓰시오.,"생명 구조품이라는 글씨를 보자 두통이 금세 사라졌다. 그런데 그것은 그저 공기발생기였다. 생각만으로도 두통이 사라지다니, 약을 먹지 않고도 기분만으로 실제 치료 효과가 생겼다. 지푸라기라도 잡아야 하는 환자에게 의사의 정확한 의학 정보도 중요하지만 훈훈한 말 한 마디가 때론 더 효과적이다. 영국 의사 97%가 환자에게 가짜 약을 처방한 경험이 있다. 물론 치료 목적의 선한 의도이며 해결책이다.",중요,,重要,重要,
3급II,77,2017-05-27,93,hanjaeo_W,다음 문장에서 밑줄 친 漢字語를 漢字[正字]로 쓰시오.,"생명 구조품이라는 글씨를 보자 두통이 금세 사라졌다. 그런데 그것은 그저 공기발생기였다. 생각만으로도 두통이 사라지다니, 약을 먹지 않고도 기분만으로 실제 치료 효과가 생겼다. 지푸라기라도 잡아야 하는 환자에게 의사의 정확한 의학 정보도 중요하지만 훈훈한 말 한 마디가 때론 더 효과적이다. 영국 의사 97%가 환자에게 가짜 약을 처방한 경험이 있다. 물론 치료 목적의 선한 의도이며 해결책이다.",처방,,處方,處方,
3급II,77,2017-05-27,94,hanjaeo_W,다음 문장에서 밑줄 친 漢字語를 漢字[正字]로 쓰시오.,"생명 구조품이라는 글씨를 보자 두통이 금세 사라졌다. 그런데 그것은 그저 공기발생기였다. 생각만으로도 두통이 사라지다니, 약을 먹지 않고도 기분만으로 실제 치료 효과가 생겼다. 지푸라기라도 잡아야 하는 환자에게 의사의 정확한 의학 정보도 중요하지만 훈훈한 말 한 마디가 때론 더 효과적이다. 영국 의사 97%가 환자에게 가짜 약을 처방한 경험이 있다. 물론 치료 목적의 선한 의도이며 해결책이다.",목적,,目的,目的,
3급II,77,2017-05-27,95,hanjaeo_W,다음 문장에서 밑줄 친 漢字語를 漢字[正字]로 쓰시오.,"생명 구조품이라는 글씨를 보자 두통이 금세 사라졌다. 그런데 그것은 그저 공기발생기였다. 생각만으로도 두통이 사라지다니, 약을 먹지 않고도 기분만으로 실제 치료 효과가 생겼다. 지푸라기라도 잡아야 하는 환자에게 의사의 정확한 의학 정보도 중요하지만 훈훈한 말 한 마디가 때론 더 효과적이다. 영국 의사 97%가 환자에게 가짜 약을 처방한 경험이 있다. 물론 치료 목적의 선한 의도이며 해결책이다.",의도,,意圖,意圖,
3급II,77,2017-05-27,96,hanjaeo_W,다음 문장에서 밑줄 친 漢字語를 漢字[正字]로 쓰시오.,"생명 구조품이라는 글씨를 보자 두통이 금세 사라졌다. 그런데 그것은 그저 공기발생기였다. 생각만으로도 두통이 사라지다니, 약을 먹지 않고도 기분만으로 실제 치료 효과가 생겼다. 지푸라기라도 잡아야 하는 환자에게 의사의 정확한 의학 정보도 중요하지만 훈훈한 말 한 마디가 때론 더 효과적이다. 영국 의사 97%가 환자에게 가짜 약을 처방한 경험이 있다. 물론 치료 목적의 선한 의도이며 해결책이다.",해결,,解決,解決,
3급II,77,2017-05-27,97,hanjaeo_W,다음 문장에서 밑줄 친 漢字語를 漢字[正字]로 쓰시오.,복싱의 전설 무하메드 알리는 32년간 파킨슨병을 앓다 사망했다. 파킨슨병은 머리에서 도파민이 적게 생산되면서 운동 신경이 제대로 안 움직이는 병이다. 캐나다 연구팀이 유명한 학술지 ‘사이언스’에 보고한 바에 의하면 ‘가짜 약(설탕)을 환자에게 먹였더니 마치 약 먹은 것처럼 뚜벅뚜벅 걸어갔다’고 한다.,전설,,傳說,傳說,
3급II,77,2017-05-27,98,hanjaeo_W,다음 문장에서 밑줄 친 漢字語를 漢字[正字]로 쓰시오.,복싱의 전설 무하메드 알리는 32년간 파킨슨병을 앓다 사망했다. 파킨슨병은 머리에서 도파민이 적게 생산되면서 운동 신경이 제대로 안 움직이는 병이다. 캐나다 연구팀이 유명한 학술지 ‘사이언스’에 보고한 바에 의하면 ‘가짜 약(설탕)을 환자에게 먹였더니 마치 약 먹은 것처럼 뚜벅뚜벅 걸어갔다’고 한다.,사망,,死亡,死亡,
3급II,77,2017-05-27,99,hanjaeo_W,다음 문장에서 밑줄 친 漢字語를 漢字[正字]로 쓰시오.,복싱의 전설 무하메드 알리는 32년간 파킨슨병을 앓다 사망했다. 파킨슨병은 머리에서 도파민이 적게 생산되면서 운동 신경이 제대로 안 움직이는 병이다. 캐나다 연구팀이 유명한 학술지 ‘사이언스’에 보고한 바에 의하면 ‘가짜 약(설탕)을 환자에게 먹였더니 마치 약 먹은 것처럼 뚜벅뚜벅 걸어갔다’고 한다.,생산,,生産,生産,
3급II,77,2017-05-27,100,hanjaeo_W,다음 문장에서 밑줄 친 漢字語를 漢字[正字]로 쓰시오.,복싱의 전설 무하메드 알리는 32년간 파킨슨병을 앓다 사망했다. 파킨슨병은 머리에서 도파민이 적게 생산되면서 운동 신경이 제대로 안 움직이는 병이다. 캐나다 연구팀이 유명한 학술지 ‘사이언스’에 보고한 바에 의하면 ‘가짜 약(설탕)을 환자에게 먹였더니 마치 약 먹은 것처럼 뚜벅뚜벅 걸어갔다’고 한다.,운동,,運動,運動,
3급II,77,2017-05-27,101,hanjaeo_W,다음 문장에서 밑줄 친 漢字語를 漢字[正字]로 쓰시오.,복싱의 전설 무하메드 알리는 32년간 파킨슨병을 앓다 사망했다. 파킨슨병은 머리에서 도파민이 적게 생산되면서 운동 신경이 제대로 안 움직이는 병이다. 캐나다 연구팀이 유명한 학술지 ‘사이언스’에 보고한 바에 의하면 ‘가짜 약(설탕)을 환자에게 먹였더니 마치 약 먹은 것처럼 뚜벅뚜벅 걸어갔다’고 한다.,연구,,硏究,硏究,
3급II,77,2017-05-27,102,hanjaeo_W,다음 문장에서 밑줄 친 漢字語를 漢字[正字]로 쓰시오.,복싱의 전설 무하메드 알리는 32년간 파킨슨병을 앓다 사망했다. 파킨슨병은 머리에서 도파민이 적게 생산되면서 운동 신경이 제대로 안 움직이는 병이다. 캐나다 연구팀이 유명한 학술지 ‘사이언스’에 보고한 바에 의하면 ‘가짜 약(설탕)을 환자에게 먹였더니 마치 약 먹은 것처럼 뚜벅뚜벅 걸어갔다’고 한다.,학술,,學術,學術,
3급II,77,2017-05-27,103,hanjaeo_W,다음 문장에서 밑줄 친 漢字語를 漢字[正字]로 쓰시오.,플라시보 효과가 끊어진 신경을 연결하거나 암을 퇴치하지는 않는다. 인간의 머리는 갖가지 치료제를 갖춘 천연약국이다. ‘점점 좋아지고 있다.’는 매일 매일 자기 암시로 천연 약을 만들어 내자.,연결,,連結,連結,
3급II,77,2017-05-27,104,hanjaeo_W,다음 문장에서 밑줄 친 漢字語를 漢字[正字]로 쓰시오.,플라시보 효과가 끊어진 신경을 연결하거나 암을 퇴치하지는 않는다. 인간의 머리는 갖가지 치료제를 갖춘 천연약국이다. ‘점점 좋아지고 있다.’는 매일 매일 자기 암시로 천연 약을 만들어 내자.,퇴치,,退治,退治,
3급II,77,2017-05-27,105,hanjaeo_W,다음 문장에서 밑줄 친 漢字語를 漢字[正字]로 쓰시오.,플라시보 효과가 끊어진 신경을 연결하거나 암을 퇴치하지는 않는다. 인간의 머리는 갖가지 치료제를 갖춘 천연약국이다. ‘점점 좋아지고 있다.’는 매일 매일 자기 암시로 천연 약을 만들어 내자.,천연,,天然,天然,
3급II,77,2017-05-27,106,hanjaeo_W,다음 문장에서 밑줄 친 漢字語를 漢字[正字]로 쓰시오.,플라시보 효과가 끊어진 신경을 연결하거나 암을 퇴치하지는 않는다. 인간의 머리는 갖가지 치료제를 갖춘 천연약국이다. ‘점점 좋아지고 있다.’는 매일 매일 자기 암시로 천연 약을 만들어 내자.,자기,,自己,自己,
3급II,77,2017-05-27,107,hanjaeo_W,다음 문장에서 밑줄 친 漢字語를 漢字[正字]로 쓰시오.,플라시보 효과가 끊어진 신경을 연결하거나 암을 퇴치하지는 않는다. 인간의 머리는 갖가지 치료제를 갖춘 천연약국이다. ‘점점 좋아지고 있다.’는 매일 매일 자기 암시로 천연 약을 만들어 내자.,암시,,暗示,暗示,
3급II,77,2017-05-27,108,yui_W,다음 漢字와 비슷한 뜻을 가진 漢字[正字]를 (      ) 안에 써넣으시오.,이 향료는 무척 稀(    )한 것이다.,稀( ),,貴,貴,
3급II,77,2017-05-27,109,yui_W,다음 漢字와 비슷한 뜻을 가진 漢字[正字]를 (      ) 안에 써넣으시오.,성현들은 憎(   )보다 사랑을 주장했다.,憎( ),,惡,惡,
3급II,77,2017-05-27,110,yui_W,다음 漢字와 비슷한 뜻을 가진 漢字[正字]를 (      ) 안에 써넣으시오.,요즘은 얕고 넓은 知(     )을 다루는 책이 많다.,知( ),,識,識,
3급II,77,2017-05-27,111,yui_W,다음 漢字와 비슷한 뜻을 가진 漢字[正字]를 (      ) 안에 써넣으시오.,그의 (   )就적인 성격은 결국 성공을 이뤄냈다.,( )就,,進,進,
3급II,77,2017-05-27,112,yui_W,다음 漢字와 비슷한 뜻을 가진 漢字[正字]를 (      ) 안에 써넣으시오.,集(   )의 협력이 큰 힘을 만든다.,集( ),,團,團,
3급II,77,2017-05-27,113,banui_W,다음 漢字와 뜻이 反對 또는 相對되는 漢字[正字]를 써 넣으시오.,계획했던 일을 실행할 것인지 ( )否를 알려 주세요.,( )否,,可,可,
3급II,77,2017-05-27,114,banui_W,다음 漢字와 뜻이 反對 또는 相對되는 漢字[正字]를 써 넣으시오.,잘잘못에 대한 賞(    ) 기준이 명확해야 한다.,賞( ),,罰,罰,
3급II,77,2017-05-27,115,banui_W,다음 漢字와 뜻이 反對 또는 相對되는 漢字[正字]를 써 넣으시오.,사업의 損(   ) 계산은 정확하게 이뤄졌다.,損( ),,益,益,
3급II,77,2017-05-27,116,banui_W,다음 漢字와 뜻이 反對 또는 相對되는 漢字[正字]를 써 넣으시오.,"가는 사람, 오는 사람을 위한 ( )迎 행사가 있었다.",( )迎,,送,送,
3급II,77,2017-05-27,117,banui_W,다음 漢字와 뜻이 反對 또는 相對되는 漢字[正字]를 써 넣으시오.,자기보다 국가의 (     )危만을 걱정했던 이순신 장군.,( )危,,安,安,
3급II,77,2017-05-27,118,banuieo_W,다음 漢字語의 反對語 또는 相對語를 漢字[正字]로 써 넣으시오.,減少 - ( )加,減少 - ( )加,,增,增,
3급II,77,2017-05-27,119,banuieo_W,다음 漢字語의 反對語 또는 相對語를 漢字[正字]로 써 넣으시오.,拒( ) - 承諾,拒( ) - 承諾,,絶,絶,
3급II,77,2017-05-27,120,banuieo_W,다음 漢字語의 反對語 또는 相對語를 漢字[正字]로 써 넣으시오.,拘( ) - 釋放,拘( ) - 釋放,,禁,禁,
3급II,77,2017-05-27,121,banuieo_W,다음 漢字語의 反對語 또는 相對語를 漢字[正字]로 써 넣으시오.,往( ) - 片道,往( ) - 片道,,復,復,
3급II,77,2017-05-27,122,banuieo_W,다음 漢字語의 反對語 또는 相對語를 漢字[正字]로 써 넣으시오.,容易 - 困(    ),容易 - 困( ),,難,難,
3급II,77,2017-05-27,123,dongeumeo_W,다음 漢字語의 同音異議語를 제시된 뜻에 맞게 漢字로 쓰시오.,(短歌) - 낱개의 값.,(短歌),,單價,單價,
3급II,77,2017-05-27,124,dongeumeo_W,다음 漢字語의 同音異議語를 제시된 뜻에 맞게 漢字로 쓰시오.,(經費) - 만일을 염려하여 미리 살피고 지킴.,(經費),,警備,警備,
3급II,77,2017-05-27,125,dongeumeo_W,다음 漢字語의 同音異議語를 제시된 뜻에 맞게 漢字로 쓰시오.,(寶藏) - 일이 잘 되도록 보호함.,(寶藏),,保障,保障,
3급II,77,2017-05-27,126,dongeumeo_W,다음 漢字語의 同音異議語를 제시된 뜻에 맞게 漢字로 쓰시오.,(感謝) - 감독하고 검사함.,(感謝),,監査,監査,
3급II,77,2017-05-27,127,dongeumeo_W,다음 漢字語의 同音異議語를 제시된 뜻에 맞게 漢字로 쓰시오.,(壯觀) - 장수. 군사를 거느리는 우두머리.,(壯觀),,將官,將官,
3급II,77,2017-05-27,128,seongeo_W,다음 ( ) 안에 알맞은 漢字[正字]를 써서 四字成語를 완성하시오.,轉禍(   )福 - 나쁜 일이 바뀌어 오히려 복이 됨.,轉禍( )福,,爲,爲,
3급II,77,2017-05-27,129,seongeo_W,다음 ( ) 안에 알맞은 漢字[正字]를 써서 四字成語를 완성하시오.,(    )馬看山 - 자세히 보지 않음을 가리키는 말.,( )馬看山,,走,走,
3급II,77,2017-05-27,130,seongeo_W,다음 ( ) 안에 알맞은 漢字[正字]를 써서 四字成語를 완성하시오.,縱橫( )盡 - 자유자재로 행동하여 거침이 없음.,縱橫( )盡,,無,無,
3급II,77,2017-05-27,131,seongeo_W,다음 ( ) 안에 알맞은 漢字[正字]를 써서 四字成語를 완성하시오.,英(    )豪傑 - 재주가 뛰어나고 기개와 풍모가 있는 사람.,英( )豪傑,,雄,雄,
3급II,77,2017-05-27,132,seongeo_W,다음 ( ) 안에 알맞은 漢字[正字]를 써서 四字成語를 완성하시오.,緣木( )魚 - 도저히 불가능한 일을 하려함을 가리키는 말.,緣木( )魚,,求,求,
3급II,77,2017-05-27,133,seongeo_W,다음 ( ) 안에 알맞은 漢字[正字]를 써서 四字成語를 완성하시오.,欲速不(    ) - 일을 서두르면 오히려 이루지 못함.,欲速不( ),,達,達,
3급II,77,2017-05-27,134,seongeo_W,다음 ( ) 안에 알맞은 漢字[正字]를 써서 四字成語를 완성하시오.,桑田碧(    ) - 세상일이 덧없이 변천함.,桑田碧( ),,海,海,
3급II,77,2017-05-27,135,seongeo_W,다음 ( ) 안에 알맞은 漢字[正字]를 써서 四字成語를 완성하시오.,門前薄(    ) - 문 앞에서 푸대접함.,門前薄( ),,待,待,
3급II,77,2017-05-27,136,seongeo_W,다음 ( ) 안에 알맞은 漢字[正字]를 써서 四字成語를 완성하시오.,步(    )堂堂 - 걸음걸이가 의젓함.,步( )堂堂,,武,武,
3급II,77,2017-05-27,137,seongeo_W,다음 ( ) 안에 알맞은 漢字[正字]를 써서 四字成語를 완성하시오.,彼此( )般 - 두 편이 서로 같음.,彼此( )般,,一,一,
3급II,77,2017-05-27,138,busu_W,다음 漢字의 部首를 쓰시오.,卑,卑,,十,十,
3급II,77,2017-05-27,139,busu_W,다음 漢字의 部首를 쓰시오.,去,去,,厶,厶,
3급II,77,2017-05-27,140,busu_W,다음 漢字의 部首를 쓰시오.,更,更,,曰,曰,
3급II,77,2017-05-27,141,busu_W,다음 漢字의 部首를 쓰시오.,象,象,,豕,豕,
3급II,77,2017-05-27,142,busu_W,다음 漢字의 部首를 쓰시오.,壽,壽,,士,士,
3급II,77,2017-05-27,143,yakja_W,다음 漢字의 略字를 쓰시오.,假,假,,仮,仮,
3급II,77,2017-05-27,144,yakja_W,다음 漢字의 略字를 쓰시오.,總,總,,総,総,
3급II,77,2017-05-27,145,yakja_W,다음 漢字의 略字를 쓰시오.,興,興,,兴,兴,
3급II,77,2017-05-27,146,mean_W,다음 漢字語의 뜻을 쓰시오.,讓渡,讓渡,,물건을 남에게 넘겨 줌,물건을 남에게 넘겨 줌,
3급II,77,2017-05-27,147,mean_W,다음 漢字語의 뜻을 쓰시오.,舊因,舊因,,오래 된 인연,오래 된 인연,
3급II,77,2017-05-27,148,mean_W,다음 漢字語의 뜻을 쓰시오.,慶事,慶事,,축하할 만한 기쁜 일,축하할 만한 기쁜 일,
3급II,77,2017-05-27,149,mean_W,다음 漢字語의 뜻을 쓰시오.,頃刻,頃刻,,"눈 깜빡할 사이, 극히 짧은 시간","눈 깜빡할 사이, 극히 짧은 시간",
3급II,77,2017-05-27,150,mean_W,다음 漢字語의 뜻을 쓰시오.,固辭,固辭,,제의나 권유를 굳이 사양함,제의나 권유를 굳이 사양함,
3급II,78,2017-08-26,1,dokeum_W,다음 문장에서 밑줄 친 漢字語의 讀音을 쓰시오.,오늘 연설의 骨幹은 일자리 창출이다.,骨幹,,골간,골간,
3급II,78,2017-08-26,2,dokeum_W,다음 문장에서 밑줄 친 漢字語의 讀音을 쓰시오.,懇切한 祈願 덕분에 환자는 蘇生하였다.,懇切,,간절,간절,
3급II,78,2017-08-26,3,dokeum_W,다음 문장에서 밑줄 친 漢字語의 讀音을 쓰시오.,懇切한 祈願 덕분에 환자는 蘇生하였다.,祈願,,기원,기원,
3급II,78,2017-08-26,4,dokeum_W,다음 문장에서 밑줄 친 漢字語의 讀音을 쓰시오.,懇切한 祈願 덕분에 환자는 蘇生하였다.,蘇生,,소생,소생,
3급II,78,2017-08-26,5,dokeum_W,다음 문장에서 밑줄 친 漢字語의 讀音을 쓰시오.,불이 나 건물이 燒失되었다.,燒失,,소실,소실,
3급II,78,2017-08-26,6,dokeum_W,다음 문장에서 밑줄 친 漢字語의 讀音을 쓰시오.,독수리가 蒼空을 돌고 있다.,蒼空,,창공,창공,
3급II,78,2017-08-26,7,dokeum_W,다음 문장에서 밑줄 친 漢字語의 讀音을 쓰시오.,실내에 아름다운 旋律이 울려 퍼진다.,旋律,,선율,선율,
3급II,78,2017-08-26,8,dokeum_W,다음 문장에서 밑줄 친 漢字語의 讀音을 쓰시오.,우리 팀은 축구 시합에서 惜敗하였다.,惜敗,,석패,석패,
3급II,78,2017-08-26,9,dokeum_W,다음 문장에서 밑줄 친 漢字語의 讀音을 쓰시오.,남의 잘못을 容恕하다.,容恕,,용서,용서,
3급II,78,2017-08-26,10,dokeum_W,다음 문장에서 밑줄 친 漢字語의 讀音을 쓰시오.,그는 削髮하고 절에 가 參禪하였다.,削髮,,삭발,삭발,
3급II,78,2017-08-26,11,dokeum_W,다음 문장에서 밑줄 친 漢字語의 讀音을 쓰시오.,그는 削髮하고 절에 가 參禪하였다.,參禪,,참선,참선,
3급II,78,2017-08-26,12,dokeum_W,다음 문장에서 밑줄 친 漢字語의 讀音을 쓰시오.,다시 말하는 것이 蛇足을 다는 것 같아 念慮되었다.,蛇足,,사족,사족,
3급II,78,2017-08-26,13,dokeum_W,다음 문장에서 밑줄 친 漢字語의 讀音을 쓰시오.,다시 말하는 것이 蛇足을 다는 것 같아 念慮되었다.,念慮,,염려,염려,
3급II,78,2017-08-26,14,dokeum_W,다음 문장에서 밑줄 친 漢字語의 讀音을 쓰시오.,밭에 施肥를 잘하여 채소를 가꾸다.,施肥,,시비,시비,
3급II,78,2017-08-26,15,dokeum_W,다음 문장에서 밑줄 친 漢字語의 讀音을 쓰시오.,奔走한 일상에서 暫時 벗어나 산행을 하다.,奔走,,분주,분주,
3급II,78,2017-08-26,16,dokeum_W,다음 문장에서 밑줄 친 漢字語의 讀音을 쓰시오.,奔走한 일상에서 暫時 벗어나 산행을 하다.,暫時,,잠시,잠시,
3급II,78,2017-08-26,17,dokeum_W,다음 문장에서 밑줄 친 漢字語의 讀音을 쓰시오.,賦役에 동원된 사람들은 免稅의 혜택을 받았다.,賦役,,부역,부역,
3급II,78,2017-08-26,18,dokeum_W,다음 문장에서 밑줄 친 漢字語의 讀音을 쓰시오.,賦役에 동원된 사람들은 免稅의 혜택을 받았다.,免稅,,면세,면세,
3급II,78,2017-08-26,19,dokeum_W,다음 문장에서 밑줄 친 漢字語의 讀音을 쓰시오.,경찰은 犯罪를 밝히기 위해 綿密히 조사했다.,犯罪,,범죄,범죄,
3급II,78,2017-08-26,20,dokeum_W,다음 문장에서 밑줄 친 漢字語의 讀音을 쓰시오.,경찰은 犯罪를 밝히기 위해 綿密히 조사했다.,綿密,,면밀,면밀,
3급II,78,2017-08-26,21,dokeum_W,다음 漢字語의 讀音을 쓰시오.,親睦,親睦,,친목,친목,
3급II,78,2017-08-26,22,dokeum_W,다음 漢字語의 讀音을 쓰시오.,變貌,變貌,,변모,변모,
3급II,78,2017-08-26,23,dokeum_W,다음 漢字語의 讀音을 쓰시오.,臨床,臨床,,임상,임상,
3급II,78,2017-08-26,24,dokeum_W,다음 漢字語의 讀音을 쓰시오.,衝突,衝突,,충돌,충돌,
3급II,78,2017-08-26,25,dokeum_W,다음 漢字語의 讀音을 쓰시오.,渡河,渡河,,도하,도하,
3급II,78,2017-08-26,26,dokeum_W,다음 漢字語의 讀音을 쓰시오.,耐熱,耐熱,,내열,내열,
3급II,78,2017-08-26,27,dokeum_W,다음 漢字語의 讀音을 쓰시오.,鐵拳,鐵拳,,철권,철권,
3급II,78,2017-08-26,28,dokeum_W,다음 漢字語의 讀音을 쓰시오.,損壞,損壞,,손괴,손괴,
3급II,78,2017-08-26,29,dokeum_W,다음 漢字語의 讀音을 쓰시오.,慈堂,慈堂,,자당,자당,
3급II,78,2017-08-26,30,dokeum_W,다음 漢字語의 讀音을 쓰시오.,貯藏,貯藏,,저장,저장,
3급II,78,2017-08-26,31,dokeum_W,다음 漢字語의 讀音을 쓰시오.,決裁,決裁,,결재,결재,
3급II,78,2017-08-26,32,dokeum_W,다음 漢字語의 讀音을 쓰시오.,著述,著述,,저술,저술,
3급II,78,2017-08-26,33,dokeum_W,다음 漢字語의 讀音을 쓰시오.,靜寂,靜寂,,정적,정적,
3급II,78,2017-08-26,34,dokeum_W,다음 漢字語의 讀音을 쓰시오.,炎症,炎症,,염증,염증,
3급II,78,2017-08-26,35,dokeum_W,다음 漢字語의 讀音을 쓰시오.,鎭火,鎭火,,진화,진화,
3급II,78,2017-08-26,36,dokeum_W,다음 漢字語의 讀音을 쓰시오.,奪取,奪取,,탈취,탈취,
3급II,78,2017-08-26,37,dokeum_W,다음 漢字語의 讀音을 쓰시오.,編制,編制,,편제,편제,
3급II,78,2017-08-26,38,dokeum_W,다음 漢字語의 讀音을 쓰시오.,均衡,均衡,,균형,균형,
3급II,78,2017-08-26,39,dokeum_W,다음 漢字語의 讀音을 쓰시오.,懷古,懷古,,회고,회고,
3급II,78,2017-08-26,40,dokeum_W,다음 漢字語의 讀音을 쓰시오.,廢車,廢車,,폐차,폐차,
3급II,78,2017-08-26,41,dokeum_W,다음 漢字語의 讀音을 쓰시오.,透視,透視,,투시,투시,
3급II,78,2017-08-26,42,dokeum_W,다음 漢字語의 讀音을 쓰시오.,錯誤,錯誤,,착오,착오,
3급II,78,2017-08-26,43,dokeum_W,다음 漢字語의 讀音을 쓰시오.,彼此,彼此,,피차,피차,
3급II,78,2017-08-26,44,dokeum_W,다음 漢字語의 讀音을 쓰시오.,徵兆,徵兆,,징조,징조,
3급II,78,2017-08-26,45,dokeum_W,다음 漢字語의 讀音을 쓰시오.,汗蒸,汗蒸,,한증,한증,
3급II,78,2017-08-26,46,huneum_W,다음 漢字의 訓과 音을 쓰시오.,丘,丘,,언덕 구,언덕 구,
3급II,78,2017-08-26,47,huneum_W,다음 漢字의 訓과 音을 쓰시오.,脚,脚,,다리 각,다리 각,
3급II,78,2017-08-26,48,huneum_W,다음 漢字의 訓과 音을 쓰시오.,哭,哭,,울 곡,울 곡,
3급II,78,2017-08-26,49,huneum_W,다음 漢字의 訓과 音을 쓰시오.,寧,寧,,편안 녕,편안 녕,
3급II,78,2017-08-26,50,huneum_W,다음 漢字의 訓과 音을 쓰시오.,踏,踏,,밟을 답,밟을 답,
3급II,78,2017-08-26,51,huneum_W,다음 漢字의 訓과 音을 쓰시오.,絡,絡,,이을/얽을 락,이을/얽을 락,
3급II,78,2017-08-26,52,huneum_W,다음 漢字의 訓과 音을 쓰시오.,剛,剛,,굳셀 강,굳셀 강,
3급II,78,2017-08-26,53,huneum_W,다음 漢字의 訓과 音을 쓰시오.,兼,兼,,겸할 겸,겸할 겸,
3급II,78,2017-08-26,54,huneum_W,다음 漢字의 訓과 音을 쓰시오.,涼,涼,,서늘할 량,서늘할 량,
3급II,78,2017-08-26,55,huneum_W,다음 漢字의 訓과 音을 쓰시오.,琴,琴,,거문고 금,거문고 금,
3급II,78,2017-08-26,56,huneum_W,다음 漢字의 訓과 音을 쓰시오.,露,露,,이슬 로,이슬 로,
3급II,78,2017-08-26,57,huneum_W,다음 漢字의 訓과 音을 쓰시오.,媒,媒,,중매 매,중매 매,
3급II,78,2017-08-26,58,huneum_W,다음 漢字의 訓과 音을 쓰시오.,途,途,,길 도,길 도,
3급II,78,2017-08-26,59,huneum_W,다음 漢字의 訓과 音을 쓰시오.,譜,譜,,족보 보,족보 보,
3급II,78,2017-08-26,60,huneum_W,다음 漢字의 訓과 音을 쓰시오.,濕,濕,,젖을 습,젖을 습,
3급II,78,2017-08-26,61,huneum_W,다음 漢字의 訓과 音을 쓰시오.,賴,賴,,의뢰할 뢰,의뢰할 뢰,
3급II,78,2017-08-26,62,huneum_W,다음 漢字의 訓과 音을 쓰시오.,緖,緖,,실마리 서,실마리 서,
3급II,78,2017-08-26,63,huneum_W,다음 漢字의 訓과 音을 쓰시오.,抑,抑,,누를 억,누를 억,
3급II,78,2017-08-26,64,huneum_W,다음 漢字의 訓과 音을 쓰시오.,裏,裏,,속 리,속 리,
3급II,78,2017-08-26,65,huneum_W,다음 漢字의 訓과 音을 쓰시오.,染,染,,물들 염,물들 염,
3급II,78,2017-08-26,66,huneum_W,다음 漢字의 訓과 音을 쓰시오.,礎,礎,,주춧돌 초,주춧돌 초,
3급II,78,2017-08-26,67,huneum_W,다음 漢字의 訓과 音을 쓰시오.,磨,磨,,갈 마,갈 마,
3급II,78,2017-08-26,68,huneum_W,다음 漢字의 訓과 音을 쓰시오.,愚,愚,,어리석을 우,어리석을 우,
3급II,78,2017-08-26,69,huneum_W,다음 漢字의 訓과 音을 쓰시오.,湯,湯,,끓을 탕,끓을 탕,
3급II,78,2017-08-26,70,huneum_W,다음 漢字의 訓과 音을 쓰시오.,晩,晩,,늦을 만,늦을 만,
3급II,78,2017-08-26,71,huneum_W,다음 漢字의 訓과 音을 쓰시오.,摘,摘,,딸 적,딸 적,
3급II,78,2017-08-26,72,huneum_W,다음 漢字의 訓과 音을 쓰시오.,換,換,,바꿀 환,바꿀 환,
3급II,78,2017-08-26,73,jangeum_S,다음 同音異義語의 첫 음절이 長音으로 발음되는 것의 번호를 고르시오.,,,"[""① 聖像"", ""② 星霜""]",①,① 聖像,
3급II,78,2017-08-26,74,jangeum_S,다음 同音異義語의 첫 음절이 長音으로 발음되는 것의 번호를 고르시오.,,,"[""① 限量"", ""② 閑良""]",①,① 限量,
3급II,78,2017-08-26,75,jangeum_S,다음 同音異義語의 첫 음절이 長音으로 발음되는 것의 번호를 고르시오.,,,"[""① 陳材"", ""② 震災""]",②,② 震災,
3급II,78,2017-08-26,76,jangeum_S,다음 同音異義語의 첫 음절이 長音으로 발음되는 것의 번호를 고르시오.,,,"[""① 停滯"", ""② 整體""]",②,② 整體,
3급II,78,2017-08-26,77,jangeum_S,다음 同音異義語의 첫 음절이 長音으로 발음되는 것의 번호를 고르시오.,,,"[""① 與受"", ""② 旅愁""]",①,① 與受,
3급II,78,2017-08-26,78,hanjaeo_W,다음 문장에서 밑줄 친 漢字語를 漢字(正字)로 쓰시오.,전시한 여러 물건들에서 착안하여 새로운 제품을 생산해 냈다.,전시,,展示,展示,
3급II,78,2017-08-26,79,hanjaeo_W,다음 문장에서 밑줄 친 漢字語를 漢字(正字)로 쓰시오.,전시한 여러 물건들에서 착안하여 새로운 제품을 생산해 냈다.,물건,,物件,物件,
3급II,78,2017-08-26,80,hanjaeo_W,다음 문장에서 밑줄 친 漢字語를 漢字(正字)로 쓰시오.,전시한 여러 물건들에서 착안하여 새로운 제품을 생산해 냈다.,착안,,着眼,着眼,
3급II,78,2017-08-26,81,hanjaeo_W,다음 문장에서 밑줄 친 漢字語를 漢字(正字)로 쓰시오.,전시한 여러 물건들에서 착안하여 새로운 제품을 생산해 냈다.,제품,,製品,製品,
3급II,78,2017-08-26,82,hanjaeo_W,다음 문장에서 밑줄 친 漢字語를 漢字(正字)로 쓰시오.,암실에서 사진을 인화하다.,암실,,暗室,暗室,
3급II,78,2017-08-26,83,hanjaeo_W,다음 문장에서 밑줄 친 漢字語를 漢字(正字)로 쓰시오.,암실에서 사진을 인화하다.,사진,,寫眞,寫眞,
3급II,78,2017-08-26,84,hanjaeo_W,다음 문장에서 밑줄 친 漢字語를 漢字(正字)로 쓰시오.,암실에서 사진을 인화하다.,인화,,印畫,印畫,
3급II,78,2017-08-26,85,hanjaeo_W,다음 문장에서 밑줄 친 漢字語를 漢字(正字)로 쓰시오.,우리 팀은 이번 경기에서 압승을 거두고 결승전에 진출했다.,경기,,競技,競技,
3급II,78,2017-08-26,86,hanjaeo_W,다음 문장에서 밑줄 친 漢字語를 漢字(正字)로 쓰시오.,우리 팀은 이번 경기에서 압승을 거두고 결승전에 진출했다.,압승,,壓勝,壓勝,
3급II,78,2017-08-26,87,hanjaeo_W,다음 문장에서 밑줄 친 漢字語를 漢字(正字)로 쓰시오.,우리 팀은 이번 경기에서 압승을 거두고 결승전에 진출했다.,진출,,進出,進出,
3급II,78,2017-08-26,88,hanjaeo_W,다음 문장에서 밑줄 친 漢字語를 漢字(正字)로 쓰시오.,많은 고려 속요가 백성들의 입을 통하여 전승되어 내려오다가 조선 시대에 문자로 기록되었다.,고려,,高麗,高麗,
3급II,78,2017-08-26,89,hanjaeo_W,다음 문장에서 밑줄 친 漢字語를 漢字(正字)로 쓰시오.,많은 고려 속요가 백성들의 입을 통하여 전승되어 내려오다가 조선 시대에 문자로 기록되었다.,속요,,俗謠,俗謠,
3급II,78,2017-08-26,90,hanjaeo_W,다음 문장에서 밑줄 친 漢字語를 漢字(正字)로 쓰시오.,많은 고려 속요가 백성들의 입을 통하여 전승되어 내려오다가 조선 시대에 문자로 기록되었다.,전승,,傳承,傳承,
3급II,78,2017-08-26,91,hanjaeo_W,다음 문장에서 밑줄 친 漢字語를 漢字(正字)로 쓰시오.,많은 고려 속요가 백성들의 입을 통하여 전승되어 내려오다가 조선 시대에 문자로 기록되었다.,기록,,記錄,記錄,
3급II,78,2017-08-26,92,hanjaeo_W,다음 문장에서 밑줄 친 漢字語를 漢字(正字)로 쓰시오.,도둑은 야심한 시간에 어둠을 틈 타 남의 집에 침입했다.,야심,,夜深,夜深,
3급II,78,2017-08-26,93,hanjaeo_W,다음 문장에서 밑줄 친 漢字語를 漢字(正字)로 쓰시오.,도둑은 야심한 시간에 어둠을 틈 타 남의 집에 침입했다.,침입,,侵入,侵入,
3급II,78,2017-08-26,94,hanjaeo_W,다음 문장에서 밑줄 친 漢字語를 漢字(正字)로 쓰시오.,인생은 짧고 예술은 길다.,예술,,藝術,藝術,
3급II,78,2017-08-26,95,hanjaeo_W,다음 문장에서 밑줄 친 漢字語를 漢字(正字)로 쓰시오.,피고는 직원의 호위를 받으며 법원에 도착했다.,호위,,護衛,護衛,
3급II,78,2017-08-26,96,hanjaeo_W,다음 문장에서 밑줄 친 漢字語를 漢字(正字)로 쓰시오.,피고는 직원의 호위를 받으며 법원에 도착했다.,법원,,法院,法院,
3급II,78,2017-08-26,97,hanjaeo_W,다음 문장에서 밑줄 친 漢字語를 漢字(正字)로 쓰시오.,우리나라는 신생아의 출생이 감소하여 인구 절벽에 이를 것이라고 경고하고 있다.,감소,,減少,減少,
3급II,78,2017-08-26,98,hanjaeo_W,다음 문장에서 밑줄 친 漢字語를 漢字(正字)로 쓰시오.,우리나라는 신생아의 출생이 감소하여 인구 절벽에 이를 것이라고 경고하고 있다.,절벽,,絶壁,絶壁,
3급II,78,2017-08-26,99,hanjaeo_W,다음 문장에서 밑줄 친 漢字語를 漢字(正字)로 쓰시오.,우리나라는 신생아의 출생이 감소하여 인구 절벽에 이를 것이라고 경고하고 있다.,경고,,警告,警告,
3급II,78,2017-08-26,100,hanjaeo_W,다음 문장에서 밑줄 친 漢字語를 漢字(正字)로 쓰시오.,그는 부정 축재 혐의로 경찰의 조사를 받고 있다.,축재,,蓄財,蓄財,
3급II,78,2017-08-26,101,hanjaeo_W,다음 문장에서 밑줄 친 漢字語를 漢字(正字)로 쓰시오.,그는 부정 축재 혐의로 경찰의 조사를 받고 있다.,조사,,調査,調査,
3급II,78,2017-08-26,102,hanjaeo_W,다음 문장에서 밑줄 친 漢字語를 漢字(正字)로 쓰시오.,그는 온갖 풍파를 겪으면서도 퇴보하지 않고 꿋꿋이 살아간다.,풍파,,風波,風波,
3급II,78,2017-08-26,103,hanjaeo_W,다음 문장에서 밑줄 친 漢字語를 漢字(正字)로 쓰시오.,그는 온갖 풍파를 겪으면서도 퇴보하지 않고 꿋꿋이 살아간다.,퇴보,,退步,退步,
3급II,78,2017-08-26,104,hanjaeo_W,다음 문장에서 밑줄 친 漢字語를 漢字(正字)로 쓰시오.,겨울철에 난방이 잘 되는 사무실에서 업무를 본다.,난방,,暖房,暖房,
3급II,78,2017-08-26,105,hanjaeo_W,다음 문장에서 밑줄 친 漢字語를 漢字(正字)로 쓰시오.,겨울철에 난방이 잘 되는 사무실에서 업무를 본다.,업무,,業務,業務,
3급II,78,2017-08-26,106,hanjaeo_W,다음 문장에서 밑줄 친 漢字語를 漢字(正字)로 쓰시오.,건강을 위하여 휴식을 취하다.,건강,,健康,健康,
3급II,78,2017-08-26,107,hanjaeo_W,다음 문장에서 밑줄 친 漢字語를 漢字(正字)로 쓰시오.,건강을 위하여 휴식을 취하다.,휴식,,休息,休息,
3급II,78,2017-08-26,108,yui_W,다음 漢字와 비슷한 뜻을 가진 漢字(正字)를 (           ) 안에 써서 문장에 적합한 漢字語가 되게 하시오.,소설에는 전란을 겪은 사람들의 ( )哀가 담겨 있다.,( )哀,,悲,悲,
3급II,78,2017-08-26,109,yui_W,다음 漢字와 비슷한 뜻을 가진 漢字(正字)를 (           ) 안에 써서 문장에 적합한 漢字語가 되게 하시오.,회사는 (    )歷 사원을 모집한다.,( )歷,,經,經,
3급II,78,2017-08-26,110,yui_W,다음 漢字와 비슷한 뜻을 가진 漢字(正字)를 (           ) 안에 써서 문장에 적합한 漢字語가 되게 하시오.,이 표지판은 건물 사이의 (            )界를 나타낸다.,( )界,,境,境,
3급II,78,2017-08-26,111,yui_W,다음 漢字와 비슷한 뜻을 가진 漢字(正字)를 (           ) 안에 써서 문장에 적합한 漢字語가 되게 하시오.,생각이 極(     )으로 흐르면 사고의 중심을 잃을 수 있다.,極( ),,端,端,
3급II,78,2017-08-26,112,yui_W,다음 漢字와 비슷한 뜻을 가진 漢字(正字)를 (           ) 안에 써서 문장에 적합한 漢字語가 되게 하시오.,이번 여행은 험난한 路(         )이 포함된다.,路( ),,程,程,
3급II,78,2017-08-26,113,banui_W,다음 漢字와 뜻이 反對 또는 相對되는 漢字(正字)를 (       ) 안에 써서 漢字語를 완성하시오.,축구 경기는 攻(    )의 전환이 빠르게 이루어진다.,攻( ),,守,守,
3급II,78,2017-08-26,114,banui_W,다음 漢字와 뜻이 反對 또는 相對되는 漢字(正字)를 (       ) 안에 써서 漢字語를 완성하시오.,화살처럼 빠른 光(      )을 허송하다.,光( ),,陰,陰,
3급II,78,2017-08-26,115,banui_W,다음 漢字와 뜻이 反對 또는 相對되는 漢字(正字)를 (       ) 안에 써서 漢字語를 완성하시오.,한국어는 (   )卑 관계를 나타내는 경어법이 발달했다.,( )卑,,尊,尊,
3급II,78,2017-08-26,116,banui_W,다음 漢字와 뜻이 反對 또는 相對되는 漢字(正字)를 (       ) 안에 써서 漢字語를 완성하시오.,정부는 국민들의 (      )富 격차가 줄도록 노력해야 한다.,( )富,,貧,貧,
3급II,78,2017-08-26,117,banui_W,다음 漢字와 뜻이 反對 또는 相對되는 漢字(正字)를 (       ) 안에 써서 漢字語를 완성하시오.,이번에는 (   )順으로 호명하여 입장시킨다.,( )順,,逆,逆,
3급II,78,2017-08-26,118,banuieo_W,다음 漢字語의 反對語 또는 相對語를 2음절로 된 漢字(正字)로 쓰시오.,紛爭 ↔ (   ),紛爭 ↔ ( ),,和解,和解,
3급II,78,2017-08-26,119,banuieo_W,다음 漢字語의 反對語 또는 相對語를 2음절로 된 漢字(正字)로 쓰시오.,外延 ↔ (   ),外延 ↔ ( ),,內包,內包,
3급II,78,2017-08-26,120,banuieo_W,다음 漢字語의 反對語 또는 相對語를 2음절로 된 漢字(正字)로 쓰시오.,怨恨 ↔ (   ),怨恨 ↔ ( ),,恩惠,恩惠,
3급II,78,2017-08-26,121,banuieo_W,다음 漢字語의 反對語 또는 相對語를 2음절로 된 漢字(正字)로 쓰시오.,總角 ↔ (   ),總角 ↔ ( ),,處女,處女,
3급II,78,2017-08-26,122,banuieo_W,다음 漢字語의 反對語 또는 相對語를 2음절로 된 漢字(正字)로 쓰시오.,苦痛 ↔ (   ),苦痛 ↔ ( ),,快樂/安樂,快樂/安樂,
3급II,78,2017-08-26,123,dongeumeo_W,다음 제시된 뜻을 참조하여 (   ) 속 漢字語의 同音異義語를 漢字(正字)로 쓰시오.,(病死) - 군대가 들어 거처하는 집.,(病死),,兵舍,兵舍,
3급II,78,2017-08-26,124,dongeumeo_W,다음 제시된 뜻을 참조하여 (   ) 속 漢字語의 同音異義語를 漢字(正字)로 쓰시오.,(奮起) - 1년을 3개월씩 넷으로 구분한 기간.,(奮起),,分期,分期,
3급II,78,2017-08-26,125,dongeumeo_W,다음 제시된 뜻을 참조하여 (   ) 속 漢字語의 同音異義語를 漢字(正字)로 쓰시오.,(想到) - 항상 변하지 아니하는 떳떳한 도리.,(想到),,常道,常道,
3급II,78,2017-08-26,126,dongeumeo_W,다음 제시된 뜻을 참조하여 (   ) 속 漢字語의 同音異義語를 漢字(正字)로 쓰시오.,(保釋) - 단단하고 아름다운 귀한 광물.,(保釋),,寶石,寶石,
3급II,78,2017-08-26,127,dongeumeo_W,다음 제시된 뜻을 참조하여 (   ) 속 漢字語의 同音異義語를 漢字(正字)로 쓰시오.,(架設) - 어떤 사실을 설명하거나 이론 체계를 연역하기 위해 설정한 가정.,(架設),,假說,假說,
3급II,78,2017-08-26,128,seongeo_W,다음 (        ) 안에 알맞은 漢字(正字)를 써서 四字成語를 완성하시오.,輕(    )妄動 : 깊이 생각지 않고 경솔하게 행동함.,輕( )妄動,,擧,擧,
3급II,78,2017-08-26,129,seongeo_W,다음 (        ) 안에 알맞은 漢字(正字)를 써서 四字成語를 완성하시오.,巧言( )色 : 교묘한 말과 좋게 꾸미는 얼굴빛.,巧言( )色,,令,令,
3급II,78,2017-08-26,130,seongeo_W,다음 (        ) 안에 알맞은 漢字(正字)를 써서 四字成語를 완성하시오.,窮(    )之策 : 생각다 못해 해내는 계책.,窮( )之策,,餘,餘,
3급II,78,2017-08-26,131,seongeo_W,다음 (        ) 안에 알맞은 漢字(正字)를 써서 四字成語를 완성하시오.,無(    )徒食 : 아무 하는 일 없이 한갓 먹기만 함.,無( )徒食,,爲,爲,
3급II,78,2017-08-26,132,seongeo_W,다음 (        ) 안에 알맞은 漢字(正字)를 써서 四字成語를 완성하시오.,(    )身齊家 : 몸을 닦고 집안을 바로 잡음.,( )身齊家,,修,修,
3급II,78,2017-08-26,133,seongeo_W,다음 (        ) 안에 알맞은 漢字(正字)를 써서 四字成語를 완성하시오.,實事求(    ) : 사실에 근거하여 진상을 탐구함.,實事求( ),,是,是,
3급II,78,2017-08-26,134,seongeo_W,다음 (        ) 안에 알맞은 漢字(正字)를 써서 四字成語를 완성하시오.,"因果( )報 : 좋은 인연에는 좋은 과보가 오고, 악한 인연에는 악한 과보가 옴.",因果( )報,,應,應,
3급II,78,2017-08-26,135,seongeo_W,다음 (        ) 안에 알맞은 漢字(正字)를 써서 四字成語를 완성하시오.,日就月(   ) : 날로 달로 진보함.,日就月( ),,將,將,
3급II,78,2017-08-26,136,seongeo_W,다음 (        ) 안에 알맞은 漢字(正字)를 써서 四字成語를 완성하시오.,(   )口難防 : 여러 사람의 말은 막기가 어려움.,( )口難防,,衆,衆,
3급II,78,2017-08-26,137,seongeo_W,다음 (        ) 안에 알맞은 漢字(正字)를 써서 四字成語를 완성하시오.,破顔大(   ) : 즐거운 표정으로 한바탕 웃음.,破顔大( ),,笑,笑,
3급II,78,2017-08-26,138,busu_W,다음 漢字의 部首를 쓰시오.,戲,戲,,戈,戈,
3급II,78,2017-08-26,139,busu_W,다음 漢字의 部首를 쓰시오.,魂,魂,,鬼,鬼,
3급II,78,2017-08-26,140,busu_W,다음 漢字의 部首를 쓰시오.,畢,畢,,田,田,
3급II,78,2017-08-26,141,busu_W,다음 漢字의 部首를 쓰시오.,稚,稚,,禾,禾,
3급II,78,2017-08-26,142,busu_W,다음 漢字의 部首를 쓰시오.,宙,宙,,宀,宀,
3급II,78,2017-08-26,143,yakja_W,다음 漢字의 略字를 쓰시오.,黨,黨,,党,党,
3급II,78,2017-08-26,144,yakja_W,다음 漢字의 略字를 쓰시오.,聲,聲,,声,声,
3급II,78,2017-08-26,145,yakja_W,다음 漢字의 略字를 쓰시오.,齒,齒,,歯,歯,
3급II,78,2017-08-26,146,mean_W,다음 漢字語의 뜻을 쓰시오.,過慾,過慾,,지나친 욕심,지나친 욕심,
3급II,78,2017-08-26,147,mean_W,다음 漢字語의 뜻을 쓰시오.,省察,省察,,반성하여 살핌,반성하여 살핌,
3급II,78,2017-08-26,148,mean_W,다음 漢字語의 뜻을 쓰시오.,喜壽,喜壽,,나이 77세,나이 77세,
3급II,78,2017-08-26,149,mean_W,다음 漢字語의 뜻을 쓰시오.,凶夢,凶夢,,불길한 꿈,불길한 꿈,
3급II,78,2017-08-26,150,mean_W,다음 漢字語의 뜻을 쓰시오.,悔改,悔改,,잘못을 뉘우치고 고침,잘못을 뉘우치고 고침,
3급II,79,2017-11-25,1,dokeum_W,다음 문장에서 밑줄 친 漢字語의 讀音을 쓰시오.,졸업식에서 優秀한 학생에게 상장을 授與하고 稱讚했다.,優秀,,우수,우수,
3급II,79,2017-11-25,2,dokeum_W,다음 문장에서 밑줄 친 漢字語의 讀音을 쓰시오.,졸업식에서 優秀한 학생에게 상장을 授與하고 稱讚했다.,授與,,수여,수여,
3급II,79,2017-11-25,3,dokeum_W,다음 문장에서 밑줄 친 漢字語의 讀音을 쓰시오.,졸업식에서 優秀한 학생에게 상장을 授與하고 稱讚했다.,稱讚,,칭찬,칭찬,
3급II,79,2017-11-25,4,dokeum_W,다음 문장에서 밑줄 친 漢字語의 讀音을 쓰시오.,반란군들이 고대 遺蹟을 破壞하니 哀痛하기 그지없다.,遺蹟,,유적,유적,
3급II,79,2017-11-25,5,dokeum_W,다음 문장에서 밑줄 친 漢字語의 讀音을 쓰시오.,반란군들이 고대 遺蹟을 破壞하니 哀痛하기 그지없다.,破壞,,파괴,파괴,
3급II,79,2017-11-25,6,dokeum_W,다음 문장에서 밑줄 친 漢字語의 讀音을 쓰시오.,반란군들이 고대 遺蹟을 破壞하니 哀痛하기 그지없다.,哀痛,,애통,애통,
3급II,79,2017-11-25,7,dokeum_W,다음 문장에서 밑줄 친 漢字語의 讀音을 쓰시오.,노인의 健康을 維持하려면 심신에 衝擊을 주지 않도록 조심해야 한다.,健康,,건강,건강,
3급II,79,2017-11-25,8,dokeum_W,다음 문장에서 밑줄 친 漢字語의 讀音을 쓰시오.,노인의 健康을 維持하려면 심신에 衝擊을 주지 않도록 조심해야 한다.,維持,,유지,유지,
3급II,79,2017-11-25,9,dokeum_W,다음 문장에서 밑줄 친 漢字語의 讀音을 쓰시오.,노인의 健康을 維持하려면 심신에 衝擊을 주지 않도록 조심해야 한다.,衝擊,,충격,충격,
3급II,79,2017-11-25,10,dokeum_W,다음 문장에서 밑줄 친 漢字語의 讀音을 쓰시오.,여러분의 입사를 歡迎하며 이곳에서 誠實하게 근무하기를 當付합니다.,歡迎,,환영,환영,
3급II,79,2017-11-25,11,dokeum_W,다음 문장에서 밑줄 친 漢字語의 讀音을 쓰시오.,여러분의 입사를 歡迎하며 이곳에서 誠實하게 근무하기를 當付합니다.,誠實,,성실,성실,
3급II,79,2017-11-25,12,dokeum_W,다음 문장에서 밑줄 친 漢字語의 讀音을 쓰시오.,여러분의 입사를 歡迎하며 이곳에서 誠實하게 근무하기를 當付합니다.,當付,,당부,당부,
3급II,79,2017-11-25,13,dokeum_W,다음 문장에서 밑줄 친 漢字語의 讀音을 쓰시오.,광부들이 鑛山에서 캐낸 鐵鋼을 산업 需要에 맞추어 供給하였다.,鑛山,,광산,광산,
3급II,79,2017-11-25,14,dokeum_W,다음 문장에서 밑줄 친 漢字語의 讀音을 쓰시오.,광부들이 鑛山에서 캐낸 鐵鋼을 산업 需要에 맞추어 供給하였다.,鐵鋼,,철강,철강,
3급II,79,2017-11-25,15,dokeum_W,다음 문장에서 밑줄 친 漢字語의 讀音을 쓰시오.,광부들이 鑛山에서 캐낸 鐵鋼을 산업 需要에 맞추어 供給하였다.,需要,,수요,수요,
3급II,79,2017-11-25,16,dokeum_W,다음 문장에서 밑줄 친 漢字語의 讀音을 쓰시오.,광부들이 鑛山에서 캐낸 鐵鋼을 산업 需要에 맞추어 供給하였다.,供給,,공급,공급,
3급II,79,2017-11-25,17,dokeum_W,다음 문장에서 밑줄 친 漢字語의 讀音을 쓰시오.,微笑를 띈 光彩 나는 저 얼굴에 候補의 履歷이 잘 드러난다.,微笑,,미소,미소,
3급II,79,2017-11-25,18,dokeum_W,다음 문장에서 밑줄 친 漢字語의 讀音을 쓰시오.,微笑를 띈 光彩 나는 저 얼굴에 候補의 履歷이 잘 드러난다.,光彩,,광채,광채,
3급II,79,2017-11-25,19,dokeum_W,다음 문장에서 밑줄 친 漢字語의 讀音을 쓰시오.,微笑를 띈 光彩 나는 저 얼굴에 候補의 履歷이 잘 드러난다.,候補,,후보,후보,
3급II,79,2017-11-25,20,dokeum_W,다음 문장에서 밑줄 친 漢字語의 讀音을 쓰시오.,微笑를 띈 光彩 나는 저 얼굴에 候補의 履歷이 잘 드러난다.,履歷,,이력,이력,
3급II,79,2017-11-25,21,dokeum_W,다음 漢字語의 讀音을 쓰시오.,京畿,京畿,,경기,경기,
3급II,79,2017-11-25,22,dokeum_W,다음 漢字語의 讀音을 쓰시오.,豪傑,豪傑,,호걸,호걸,
3급II,79,2017-11-25,23,dokeum_W,다음 漢字語의 讀音을 쓰시오.,接觸,接觸,,접촉,접촉,
3급II,79,2017-11-25,24,dokeum_W,다음 漢字語의 讀音을 쓰시오.,繁榮,繁榮,,번영,번영,
3급II,79,2017-11-25,25,dokeum_W,다음 漢字語의 讀音을 쓰시오.,辭讓,辭讓,,사양,사양,
3급II,79,2017-11-25,26,dokeum_W,다음 漢字語의 讀音을 쓰시오.,殘額,殘額,,잔액,잔액,
3급II,79,2017-11-25,27,dokeum_W,다음 漢字語의 讀音을 쓰시오.,舞鶴,舞鶴,,무학,무학,
3급II,79,2017-11-25,28,dokeum_W,다음 漢字語의 讀音을 쓰시오.,沿岸,沿岸,,연안,연안,
3급II,79,2017-11-25,29,dokeum_W,다음 漢字語의 讀音을 쓰시오.,亞鉛,亞鉛,,아연,아연,
3급II,79,2017-11-25,30,dokeum_W,다음 漢字語의 讀音을 쓰시오.,拘束,拘束,,구속,구속,
3급II,79,2017-11-25,31,dokeum_W,다음 漢字語의 讀音을 쓰시오.,秩序,秩序,,질서,질서,
3급II,79,2017-11-25,32,dokeum_W,다음 漢字語의 讀音을 쓰시오.,奴婢,奴婢,,노비,노비,
3급II,79,2017-11-25,33,dokeum_W,다음 漢字語의 讀音을 쓰시오.,潤澤,潤澤,,윤택,윤택,
3급II,79,2017-11-25,34,dokeum_W,다음 漢字語의 讀音을 쓰시오.,鼓吹,鼓吹,,고취,고취,
3급II,79,2017-11-25,35,dokeum_W,다음 漢字語의 讀音을 쓰시오.,決裁,決裁,,결재,결재,
3급II,79,2017-11-25,36,dokeum_W,다음 漢字語의 讀音을 쓰시오.,割據,割據,,할거,할거,
3급II,79,2017-11-25,37,dokeum_W,다음 漢字語의 讀音을 쓰시오.,降臨,降臨,,강림,강림,
3급II,79,2017-11-25,38,dokeum_W,다음 漢字語의 讀音을 쓰시오.,積載,積載,,적재,적재,
3급II,79,2017-11-25,39,dokeum_W,다음 漢字語의 讀音을 쓰시오.,獎勵,獎勵,,장려,장려,
3급II,79,2017-11-25,40,dokeum_W,다음 漢字語의 讀音을 쓰시오.,催眠,催眠,,최면,최면,
3급II,79,2017-11-25,41,dokeum_W,다음 漢字語의 讀音을 쓰시오.,奮鬪,奮鬪,,분투,분투,
3급II,79,2017-11-25,42,dokeum_W,다음 漢字語의 讀音을 쓰시오.,緊急,緊急,,긴급,긴급,
3급II,79,2017-11-25,43,dokeum_W,다음 漢字語의 讀音을 쓰시오.,契約,契約,,계약,계약,
3급II,79,2017-11-25,44,dokeum_W,다음 漢字語의 讀音을 쓰시오.,頃刻,頃刻,,경각,경각,
3급II,79,2017-11-25,45,dokeum_W,다음 漢字語의 讀音을 쓰시오.,腐植,腐植,,부식,부식,
3급II,79,2017-11-25,46,huneum_W,다음 漢字의 訓과 音을 쓰시오.,弓,弓,,활 궁,활 궁,
3급II,79,2017-11-25,47,huneum_W,다음 漢字의 訓과 音을 쓰시오.,霜,霜,,서리 상,서리 상,
3급II,79,2017-11-25,48,huneum_W,다음 漢字의 訓과 音을 쓰시오.,拳,拳,,주먹 권,주먹 권,
3급II,79,2017-11-25,49,huneum_W,다음 漢字의 訓과 音을 쓰시오.,克,克,,이길 극,이길 극,
3급II,79,2017-11-25,50,huneum_W,다음 漢字의 訓과 音을 쓰시오.,侍,侍,,모실 시,모실 시,
3급II,79,2017-11-25,51,huneum_W,다음 漢字의 訓과 音을 쓰시오.,距,距,,상거할 거,상거할 거,
3급II,79,2017-11-25,52,huneum_W,다음 漢字의 訓과 音을 쓰시오.,溪,溪,,시내 계,시내 계,
3급II,79,2017-11-25,53,huneum_W,다음 漢字의 訓과 音을 쓰시오.,稀,稀,,드물 희,드물 희,
3급II,79,2017-11-25,54,huneum_W,다음 漢字의 訓과 音을 쓰시오.,懇,懇,,간절할 간,간절할 간,
3급II,79,2017-11-25,55,huneum_W,다음 漢字의 訓과 音을 쓰시오.,拾,拾,,주울 습/열 십,주울 습/열 십,
3급II,79,2017-11-25,56,huneum_W,다음 漢字의 訓과 音을 쓰시오.,幹,幹,,줄기 간,줄기 간,
3급II,79,2017-11-25,57,huneum_W,다음 漢字의 訓과 音을 쓰시오.,帥,帥,,장수 수,장수 수,
3급II,79,2017-11-25,58,huneum_W,다음 漢字의 訓과 音을 쓰시오.,樓,樓,,다락 루,다락 루,
3급II,79,2017-11-25,59,huneum_W,다음 漢字의 訓과 音을 쓰시오.,乾,乾,,하늘/마를 건,하늘/마를 건,
3급II,79,2017-11-25,60,huneum_W,다음 漢字의 訓과 音을 쓰시오.,司,司,,맡을 사,맡을 사,
3급II,79,2017-11-25,61,huneum_W,다음 漢字의 訓과 音을 쓰시오.,逢,逢,,만날 봉,만날 봉,
3급II,79,2017-11-25,62,huneum_W,다음 漢字의 訓과 音을 쓰시오.,奔,奔,,달릴 분,달릴 분,
3급II,79,2017-11-25,63,huneum_W,다음 漢字의 訓과 音을 쓰시오.,鑑,鑑,,거울 감,거울 감,
3급II,79,2017-11-25,64,huneum_W,다음 漢字의 訓과 音을 쓰시오.,夢,夢,,꿈 몽,꿈 몽,
3급II,79,2017-11-25,65,huneum_W,다음 漢字의 訓과 音을 쓰시오.,寡,寡,,적을 과,적을 과,
3급II,79,2017-11-25,66,huneum_W,다음 漢字의 訓과 音을 쓰시오.,旋,旋,,돌 선,돌 선,
3급II,79,2017-11-25,67,huneum_W,다음 漢字의 訓과 音을 쓰시오.,詞,詞,,말/글 사,말/글 사,
3급II,79,2017-11-25,68,huneum_W,다음 漢字의 訓과 音을 쓰시오.,槪,槪,,대개 개,대개 개,
3급II,79,2017-11-25,69,huneum_W,다음 漢字의 訓과 音을 쓰시오.,瞬,瞬,,눈 깜짝일 순,눈 깜짝일 순,
3급II,79,2017-11-25,70,huneum_W,다음 漢字의 訓과 音을 쓰시오.,誇,誇,,자랑할 과,자랑할 과,
3급II,79,2017-11-25,71,huneum_W,다음 漢字의 訓과 音을 쓰시오.,飾,飾,,꾸밀 식,꾸밀 식,
3급II,79,2017-11-25,72,huneum_W,다음 漢字의 訓과 音을 쓰시오.,署,署,,마을/관청 서,마을/관청 서,
3급II,79,2017-11-25,73,jangeum_S,다음 漢字語 중 첫음절이 길게 발음되는 것의 번호를 쓰시오.,,,"[""① 科擧"", ""② 過去""]",②,② 過去,
3급II,79,2017-11-25,74,jangeum_S,다음 漢字語 중 첫음절이 길게 발음되는 것의 번호를 쓰시오.,,,"[""① 感謝"", ""② 監査""]",①,① 感謝,
3급II,79,2017-11-25,75,jangeum_S,다음 漢字語 중 첫음절이 길게 발음되는 것의 번호를 쓰시오.,,,"[""① 苦戰"", ""② 古典""]",②,② 古典,
3급II,79,2017-11-25,76,jangeum_S,다음 漢字語 중 첫음절이 길게 발음되는 것의 번호를 쓰시오.,,,"[""① 武器"", ""② 無機""]",①,① 武器,
3급II,79,2017-11-25,77,jangeum_S,다음 漢字語 중 첫음절이 길게 발음되는 것의 번호를 쓰시오.,,,"[""① 聖人"", ""② 成人""]",①,① 聖人,
3급II,79,2017-11-25,78,hanjaeo_W,다음 문장에서 밑줄 친 漢字語를 漢字[正字]로 쓰시오.,"가을이 되어 고향은 풍년이 들었다. 들녘에는 누런 벼들이 넘실거리고, 과수원에는 과일들이 탐스럽게 익었다. 항구에는 배들마다 만선으로 들어온다. 전국적으로 화물의 이동이 활발하여 국민이 다 배불리 잘 먹고 행복하다.",고향,,故鄕,故鄕,
3급II,79,2017-11-25,79,hanjaeo_W,다음 문장에서 밑줄 친 漢字語를 漢字[正字]로 쓰시오.,"가을이 되어 고향은 풍년이 들었다. 들녘에는 누런 벼들이 넘실거리고, 과수원에는 과일들이 탐스럽게 익었다. 항구에는 배들마다 만선으로 들어온다. 전국적으로 화물의 이동이 활발하여 국민이 다 배불리 잘 먹고 행복하다.",풍년,,豊年,豊年,
3급II,79,2017-11-25,80,hanjaeo_W,다음 문장에서 밑줄 친 漢字語를 漢字[正字]로 쓰시오.,"가을이 되어 고향은 풍년이 들었다. 들녘에는 누런 벼들이 넘실거리고, 과수원에는 과일들이 탐스럽게 익었다. 항구에는 배들마다 만선으로 들어온다. 전국적으로 화물의 이동이 활발하여 국민이 다 배불리 잘 먹고 행복하다.",과수원,,果樹園,果樹園,
3급II,79,2017-11-25,81,hanjaeo_W,다음 문장에서 밑줄 친 漢字語를 漢字[正字]로 쓰시오.,"가을이 되어 고향은 풍년이 들었다. 들녘에는 누런 벼들이 넘실거리고, 과수원에는 과일들이 탐스럽게 익었다. 항구에는 배들마다 만선으로 들어온다. 전국적으로 화물의 이동이 활발하여 국민이 다 배불리 잘 먹고 행복하다.",항구,,港口,港口,
3급II,79,2017-11-25,82,hanjaeo_W,다음 문장에서 밑줄 친 漢字語를 漢字[正字]로 쓰시오.,"가을이 되어 고향은 풍년이 들었다. 들녘에는 누런 벼들이 넘실거리고, 과수원에는 과일들이 탐스럽게 익었다. 항구에는 배들마다 만선으로 들어온다. 전국적으로 화물의 이동이 활발하여 국민이 다 배불리 잘 먹고 행복하다.",만선,,滿船,滿船,
3급II,79,2017-11-25,83,hanjaeo_W,다음 문장에서 밑줄 친 漢字語를 漢字[正字]로 쓰시오.,"가을이 되어 고향은 풍년이 들었다. 들녘에는 누런 벼들이 넘실거리고, 과수원에는 과일들이 탐스럽게 익었다. 항구에는 배들마다 만선으로 들어온다. 전국적으로 화물의 이동이 활발하여 국민이 다 배불리 잘 먹고 행복하다.",화물,,貨物,貨物,
3급II,79,2017-11-25,84,hanjaeo_W,다음 문장에서 밑줄 친 漢字語를 漢字[正字]로 쓰시오.,"가을이 되어 고향은 풍년이 들었다. 들녘에는 누런 벼들이 넘실거리고, 과수원에는 과일들이 탐스럽게 익었다. 항구에는 배들마다 만선으로 들어온다. 전국적으로 화물의 이동이 활발하여 국민이 다 배불리 잘 먹고 행복하다.",이동,,移動,移動,
3급II,79,2017-11-25,85,hanjaeo_W,다음 문장에서 밑줄 친 漢字語를 漢字[正字]로 쓰시오.,"가을이 되어 고향은 풍년이 들었다. 들녘에는 누런 벼들이 넘실거리고, 과수원에는 과일들이 탐스럽게 익었다. 항구에는 배들마다 만선으로 들어온다. 전국적으로 화물의 이동이 활발하여 국민이 다 배불리 잘 먹고 행복하다.",행복,,幸福,幸福,
3급II,79,2017-11-25,86,hanjaeo_W,다음 문장에서 밑줄 친 漢字語를 漢字[正字]로 쓰시오.,수출이 늘어나서 경제가 희망으로 가득하다. 국민은 소득이 늘어나니 저축도 그전보다 많이 한다. 동네마다 즐겁게 축제를 벌이고 예술가들은 쾌활한 분위기에서 다양한 작품들을 창조한다.,경제,,經濟,經濟,
3급II,79,2017-11-25,87,hanjaeo_W,다음 문장에서 밑줄 친 漢字語를 漢字[正字]로 쓰시오.,수출이 늘어나서 경제가 희망으로 가득하다. 국민은 소득이 늘어나니 저축도 그전보다 많이 한다. 동네마다 즐겁게 축제를 벌이고 예술가들은 쾌활한 분위기에서 다양한 작품들을 창조한다.,희망,,希望,希望,
3급II,79,2017-11-25,88,hanjaeo_W,다음 문장에서 밑줄 친 漢字語를 漢字[正字]로 쓰시오.,수출이 늘어나서 경제가 희망으로 가득하다. 국민은 소득이 늘어나니 저축도 그전보다 많이 한다. 동네마다 즐겁게 축제를 벌이고 예술가들은 쾌활한 분위기에서 다양한 작품들을 창조한다.,소득,,所得,所得,
3급II,79,2017-11-25,89,hanjaeo_W,다음 문장에서 밑줄 친 漢字語를 漢字[正字]로 쓰시오.,수출이 늘어나서 경제가 희망으로 가득하다. 국민은 소득이 늘어나니 저축도 그전보다 많이 한다. 동네마다 즐겁게 축제를 벌이고 예술가들은 쾌활한 분위기에서 다양한 작품들을 창조한다.,저축,,貯蓄,貯蓄,
3급II,79,2017-11-25,90,hanjaeo_W,다음 문장에서 밑줄 친 漢字語를 漢字[正字]로 쓰시오.,수출이 늘어나서 경제가 희망으로 가득하다. 국민은 소득이 늘어나니 저축도 그전보다 많이 한다. 동네마다 즐겁게 축제를 벌이고 예술가들은 쾌활한 분위기에서 다양한 작품들을 창조한다.,축제,,祝祭,祝祭,
3급II,79,2017-11-25,91,hanjaeo_W,다음 문장에서 밑줄 친 漢字語를 漢字[正字]로 쓰시오.,수출이 늘어나서 경제가 희망으로 가득하다. 국민은 소득이 늘어나니 저축도 그전보다 많이 한다. 동네마다 즐겁게 축제를 벌이고 예술가들은 쾌활한 분위기에서 다양한 작품들을 창조한다.,예술가,,藝術家,藝術家,
3급II,79,2017-11-25,92,hanjaeo_W,다음 문장에서 밑줄 친 漢字語를 漢字[正字]로 쓰시오.,수출이 늘어나서 경제가 희망으로 가득하다. 국민은 소득이 늘어나니 저축도 그전보다 많이 한다. 동네마다 즐겁게 축제를 벌이고 예술가들은 쾌활한 분위기에서 다양한 작품들을 창조한다.,쾌활,,快活,快活,
3급II,79,2017-11-25,93,hanjaeo_W,다음 문장에서 밑줄 친 漢字語를 漢字[正字]로 쓰시오.,수출이 늘어나서 경제가 희망으로 가득하다. 국민은 소득이 늘어나니 저축도 그전보다 많이 한다. 동네마다 즐겁게 축제를 벌이고 예술가들은 쾌활한 분위기에서 다양한 작품들을 창조한다.,창조,,創造,創造,
3급II,79,2017-11-25,94,hanjaeo_W,다음 문장에서 밑줄 친 漢字語를 漢字[正字]로 쓰시오.,"과거 나라들의 흥망을 고찰한 결과 다음과 같은 결론을 얻었다. 나라가 잘되려면 첫째로 부강한 나라를 만들려는 국민의 의지가 무엇보다 중요하다. 둘째로, 통치자는 포악해서는 안 된다. 국민을 사랑하고 선정을 베풀어야 한다. 그래야 국민이 그를 존경하고 따른다. 셋째로, 우리나라를 쳐들어오는 적군을 물리치려면 땅의 측량을 잘 하여 축성을 튼튼하게 해야 한다. 그래야 적군이 침입하려고 했을 때 조기에 패퇴시킬 수 있다.",흥망,,興亡,興亡,
3급II,79,2017-11-25,95,hanjaeo_W,다음 문장에서 밑줄 친 漢字語를 漢字[正字]로 쓰시오.,"과거 나라들의 흥망을 고찰한 결과 다음과 같은 결론을 얻었다. 나라가 잘되려면 첫째로 부강한 나라를 만들려는 국민의 의지가 무엇보다 중요하다. 둘째로, 통치자는 포악해서는 안 된다. 국민을 사랑하고 선정을 베풀어야 한다. 그래야 국민이 그를 존경하고 따른다. 셋째로, 우리나라를 쳐들어오는 적군을 물리치려면 땅의 측량을 잘 하여 축성을 튼튼하게 해야 한다. 그래야 적군이 침입하려고 했을 때 조기에 패퇴시킬 수 있다.",고찰,,考察,考察,
3급II,79,2017-11-25,96,hanjaeo_W,다음 문장에서 밑줄 친 漢字語를 漢字[正字]로 쓰시오.,"과거 나라들의 흥망을 고찰한 결과 다음과 같은 결론을 얻었다. 나라가 잘되려면 첫째로 부강한 나라를 만들려는 국민의 의지가 무엇보다 중요하다. 둘째로, 통치자는 포악해서는 안 된다. 국민을 사랑하고 선정을 베풀어야 한다. 그래야 국민이 그를 존경하고 따른다. 셋째로, 우리나라를 쳐들어오는 적군을 물리치려면 땅의 측량을 잘 하여 축성을 튼튼하게 해야 한다. 그래야 적군이 침입하려고 했을 때 조기에 패퇴시킬 수 있다.",부강,,富強,富強,
3급II,79,2017-11-25,97,hanjaeo_W,다음 문장에서 밑줄 친 漢字語를 漢字[正字]로 쓰시오.,"과거 나라들의 흥망을 고찰한 결과 다음과 같은 결론을 얻었다. 나라가 잘되려면 첫째로 부강한 나라를 만들려는 국민의 의지가 무엇보다 중요하다. 둘째로, 통치자는 포악해서는 안 된다. 국민을 사랑하고 선정을 베풀어야 한다. 그래야 국민이 그를 존경하고 따른다. 셋째로, 우리나라를 쳐들어오는 적군을 물리치려면 땅의 측량을 잘 하여 축성을 튼튼하게 해야 한다. 그래야 적군이 침입하려고 했을 때 조기에 패퇴시킬 수 있다.",의지,,意志,意志,
3급II,79,2017-11-25,98,hanjaeo_W,다음 문장에서 밑줄 친 漢字語를 漢字[正字]로 쓰시오.,"과거 나라들의 흥망을 고찰한 결과 다음과 같은 결론을 얻었다. 나라가 잘되려면 첫째로 부강한 나라를 만들려는 국민의 의지가 무엇보다 중요하다. 둘째로, 통치자는 포악해서는 안 된다. 국민을 사랑하고 선정을 베풀어야 한다. 그래야 국민이 그를 존경하고 따른다. 셋째로, 우리나라를 쳐들어오는 적군을 물리치려면 땅의 측량을 잘 하여 축성을 튼튼하게 해야 한다. 그래야 적군이 침입하려고 했을 때 조기에 패퇴시킬 수 있다.",통치자,,統治者,統治者,
3급II,79,2017-11-25,99,hanjaeo_W,다음 문장에서 밑줄 친 漢字語를 漢字[正字]로 쓰시오.,"과거 나라들의 흥망을 고찰한 결과 다음과 같은 결론을 얻었다. 나라가 잘되려면 첫째로 부강한 나라를 만들려는 국민의 의지가 무엇보다 중요하다. 둘째로, 통치자는 포악해서는 안 된다. 국민을 사랑하고 선정을 베풀어야 한다. 그래야 국민이 그를 존경하고 따른다. 셋째로, 우리나라를 쳐들어오는 적군을 물리치려면 땅의 측량을 잘 하여 축성을 튼튼하게 해야 한다. 그래야 적군이 침입하려고 했을 때 조기에 패퇴시킬 수 있다.",포악,,暴惡,暴惡,
3급II,79,2017-11-25,100,hanjaeo_W,다음 문장에서 밑줄 친 漢字語를 漢字[正字]로 쓰시오.,"과거 나라들의 흥망을 고찰한 결과 다음과 같은 결론을 얻었다. 나라가 잘되려면 첫째로 부강한 나라를 만들려는 국민의 의지가 무엇보다 중요하다. 둘째로, 통치자는 포악해서는 안 된다. 국민을 사랑하고 선정을 베풀어야 한다. 그래야 국민이 그를 존경하고 따른다. 셋째로, 우리나라를 쳐들어오는 적군을 물리치려면 땅의 측량을 잘 하여 축성을 튼튼하게 해야 한다. 그래야 적군이 침입하려고 했을 때 조기에 패퇴시킬 수 있다.",선정,,善政,善政,
3급II,79,2017-11-25,101,hanjaeo_W,다음 문장에서 밑줄 친 漢字語를 漢字[正字]로 쓰시오.,"과거 나라들의 흥망을 고찰한 결과 다음과 같은 결론을 얻었다. 나라가 잘되려면 첫째로 부강한 나라를 만들려는 국민의 의지가 무엇보다 중요하다. 둘째로, 통치자는 포악해서는 안 된다. 국민을 사랑하고 선정을 베풀어야 한다. 그래야 국민이 그를 존경하고 따른다. 셋째로, 우리나라를 쳐들어오는 적군을 물리치려면 땅의 측량을 잘 하여 축성을 튼튼하게 해야 한다. 그래야 적군이 침입하려고 했을 때 조기에 패퇴시킬 수 있다.",존경,,尊敬,尊敬,
3급II,79,2017-11-25,102,hanjaeo_W,다음 문장에서 밑줄 친 漢字語를 漢字[正字]로 쓰시오.,"과거 나라들의 흥망을 고찰한 결과 다음과 같은 결론을 얻었다. 나라가 잘되려면 첫째로 부강한 나라를 만들려는 국민의 의지가 무엇보다 중요하다. 둘째로, 통치자는 포악해서는 안 된다. 국민을 사랑하고 선정을 베풀어야 한다. 그래야 국민이 그를 존경하고 따른다. 셋째로, 우리나라를 쳐들어오는 적군을 물리치려면 땅의 측량을 잘 하여 축성을 튼튼하게 해야 한다. 그래야 적군이 침입하려고 했을 때 조기에 패퇴시킬 수 있다.",적군,,敵軍,敵軍,
3급II,79,2017-11-25,103,hanjaeo_W,다음 문장에서 밑줄 친 漢字語를 漢字[正字]로 쓰시오.,"과거 나라들의 흥망을 고찰한 결과 다음과 같은 결론을 얻었다. 나라가 잘되려면 첫째로 부강한 나라를 만들려는 국민의 의지가 무엇보다 중요하다. 둘째로, 통치자는 포악해서는 안 된다. 국민을 사랑하고 선정을 베풀어야 한다. 그래야 국민이 그를 존경하고 따른다. 셋째로, 우리나라를 쳐들어오는 적군을 물리치려면 땅의 측량을 잘 하여 축성을 튼튼하게 해야 한다. 그래야 적군이 침입하려고 했을 때 조기에 패퇴시킬 수 있다.",측량,,測量,測量,
3급II,79,2017-11-25,104,hanjaeo_W,다음 문장에서 밑줄 친 漢字語를 漢字[正字]로 쓰시오.,"과거 나라들의 흥망을 고찰한 결과 다음과 같은 결론을 얻었다. 나라가 잘되려면 첫째로 부강한 나라를 만들려는 국민의 의지가 무엇보다 중요하다. 둘째로, 통치자는 포악해서는 안 된다. 국민을 사랑하고 선정을 베풀어야 한다. 그래야 국민이 그를 존경하고 따른다. 셋째로, 우리나라를 쳐들어오는 적군을 물리치려면 땅의 측량을 잘 하여 축성을 튼튼하게 해야 한다. 그래야 적군이 침입하려고 했을 때 조기에 패퇴시킬 수 있다.",축성,,築城,築城,
3급II,79,2017-11-25,105,hanjaeo_W,다음 문장에서 밑줄 친 漢字語를 漢字[正字]로 쓰시오.,"과거 나라들의 흥망을 고찰한 결과 다음과 같은 결론을 얻었다. 나라가 잘되려면 첫째로 부강한 나라를 만들려는 국민의 의지가 무엇보다 중요하다. 둘째로, 통치자는 포악해서는 안 된다. 국민을 사랑하고 선정을 베풀어야 한다. 그래야 국민이 그를 존경하고 따른다. 셋째로, 우리나라를 쳐들어오는 적군을 물리치려면 땅의 측량을 잘 하여 축성을 튼튼하게 해야 한다. 그래야 적군이 침입하려고 했을 때 조기에 패퇴시킬 수 있다.",침입,,侵入,侵入,
3급II,79,2017-11-25,106,hanjaeo_W,다음 문장에서 밑줄 친 漢字語를 漢字[正字]로 쓰시오.,"과거 나라들의 흥망을 고찰한 결과 다음과 같은 결론을 얻었다. 나라가 잘되려면 첫째로 부강한 나라를 만들려는 국민의 의지가 무엇보다 중요하다. 둘째로, 통치자는 포악해서는 안 된다. 국민을 사랑하고 선정을 베풀어야 한다. 그래야 국민이 그를 존경하고 따른다. 셋째로, 우리나라를 쳐들어오는 적군을 물리치려면 땅의 측량을 잘 하여 축성을 튼튼하게 해야 한다. 그래야 적군이 침입하려고 했을 때 조기에 패퇴시킬 수 있다.",조기,,早期,早期,
3급II,79,2017-11-25,107,hanjaeo_W,다음 문장에서 밑줄 친 漢字語를 漢字[正字]로 쓰시오.,"과거 나라들의 흥망을 고찰한 결과 다음과 같은 결론을 얻었다. 나라가 잘되려면 첫째로 부강한 나라를 만들려는 국민의 의지가 무엇보다 중요하다. 둘째로, 통치자는 포악해서는 안 된다. 국민을 사랑하고 선정을 베풀어야 한다. 그래야 국민이 그를 존경하고 따른다. 셋째로, 우리나라를 쳐들어오는 적군을 물리치려면 땅의 측량을 잘 하여 축성을 튼튼하게 해야 한다. 그래야 적군이 침입하려고 했을 때 조기에 패퇴시킬 수 있다.",패퇴,,敗退,敗退,
3급II,79,2017-11-25,108,yui_W,다음 (        ) 안에 밑줄 친 漢字와 뜻이 같거나 비슷한 漢字[正字]를 써넣어 문장에 어울리는 단어를 완성하시오.,육지와 섬을 (        )梁으로 연결하였다.,( )梁,,橋,橋,
3급II,79,2017-11-25,109,yui_W,다음 (        ) 안에 밑줄 친 漢字와 뜻이 같거나 비슷한 漢字[正字]를 써넣어 문장에 어울리는 단어를 완성하시오.,의견이 다르다고 다른 사람을 抑( )하면 안 된다.,抑( ),,壓,壓,
3급II,79,2017-11-25,110,yui_W,다음 (        ) 안에 밑줄 친 漢字와 뜻이 같거나 비슷한 漢字[正字]를 써넣어 문장에 어울리는 단어를 완성하시오.,사진 촬영을 하지 않는다는 조건으로 겨우 취재를 (          )諾 받았다.,( )諾,,許,許,
3급II,79,2017-11-25,111,yui_W,다음 (        ) 안에 밑줄 친 漢字와 뜻이 같거나 비슷한 漢字[正字]를 써넣어 문장에 어울리는 단어를 완성하시오.,신라의 청년 수양 단체인 화랑은 학문을 수양하고 강인한 체력을 (    )磨하도록 하였다.,( )磨,,硏/練/鍊,硏/練/鍊,
3급II,79,2017-11-25,112,yui_W,다음 (        ) 안에 밑줄 친 漢字와 뜻이 같거나 비슷한 漢字[正字]를 써넣어 문장에 어울리는 단어를 완성하시오.,책임을 맡은 사람은 자기가 맡은 일을 錯(       ) 없이 정확하게 처리해야 한다.,錯( ),,誤,誤,
3급II,79,2017-11-25,113,banui_W,다음 (     ) 안에 밑줄 친 漢字와 뜻이 反對 또는 相對되는 漢字[正字]를 써넣어 문장에 어울리는 단어를 완성하시오.,집안이 화목하려면 姑(        ) 간에 화목해야 한다.,姑( ),,婦,婦,
3급II,79,2017-11-25,114,banui_W,다음 (     ) 안에 밑줄 친 漢字와 뜻이 反對 또는 相對되는 漢字[正字]를 써넣어 문장에 어울리는 단어를 완성하시오.,(    )夕으로 시원한 바람이 부는 걸 보니 가을이 왔다.,( )夕,,朝,朝,
3급II,79,2017-11-25,115,banui_W,다음 (     ) 안에 밑줄 친 漢字와 뜻이 反對 또는 相對되는 漢字[正字]를 써넣어 문장에 어울리는 단어를 완성하시오.,건강의 가장 기본은 呼(        )을 고르고 편안하게 잘 하는 것이다.,呼( ),,吸,吸,
3급II,79,2017-11-25,116,banui_W,다음 (     ) 안에 밑줄 친 漢字와 뜻이 反對 또는 相對되는 漢字[正字]를 써넣어 문장에 어울리는 단어를 완성하시오.,개울을 안전하게 건너려면 물의 (    )淺을 잘 헤아려야 한다.,( )淺,,深,深,
3급II,79,2017-11-25,117,banui_W,다음 (     ) 안에 밑줄 친 漢字와 뜻이 反對 또는 相對되는 漢字[正字]를 써넣어 문장에 어울리는 단어를 완성하시오.,저 선수는 잘하는데 다만 (       )伏이 심한 것이 단점이다.,( )伏,,起,起,
3급II,79,2017-11-25,118,banuieo_W,다음 漢字語의 反對語 또는 相對語가 되도록 (         ) 안에 알맞은 漢字[正字]를 써 넣으시오.,溫暖 - (   )冷,溫暖 - ( )冷,,寒,寒,
3급II,79,2017-11-25,119,banuieo_W,다음 漢字語의 反對語 또는 相對語가 되도록 (         ) 안에 알맞은 漢字[正字]를 써 넣으시오.,權利 - 義( ),權利 - 義( ),,務,務,
3급II,79,2017-11-25,120,banuieo_W,다음 漢字語의 反對語 또는 相對語가 되도록 (         ) 안에 알맞은 漢字[正字]를 써 넣으시오.,增加 - 減( ),增加 - 減( ),,少,少,
3급II,79,2017-11-25,121,banuieo_W,다음 漢字語의 反對語 또는 相對語가 되도록 (         ) 안에 알맞은 漢字[正字]를 써 넣으시오.,卑賤 - (   )雅,卑賤 - ( )雅,,高,高,
3급II,79,2017-11-25,122,banuieo_W,다음 漢字語의 反對語 또는 相對語가 되도록 (         ) 안에 알맞은 漢字[正字]를 써 넣으시오.,複雜 - 單( ),複雜 - 單( ),,純,純,
3급II,79,2017-11-25,123,dongeumeo_W,다음 漢字語의 同音異義語를 제시된 뜻에 맞게 漢字로 쓰시오.,(金紙) - 하지 못하게 함.,(金紙),,禁止,禁止,
3급II,79,2017-11-25,124,dongeumeo_W,다음 漢字語의 同音異義語를 제시된 뜻에 맞게 漢字로 쓰시오.,(大喪) - 사막 등의 오지에서 낙타를 몰며 무리를 지어 장사하는 집단.,(大喪),,隊商,隊商,
3급II,79,2017-11-25,125,dongeumeo_W,다음 漢字語의 同音異義語를 제시된 뜻에 맞게 漢字로 쓰시오.,(印度) - 이끌어 안내함.,(印度),,引導,引導,
3급II,79,2017-11-25,126,dongeumeo_W,다음 漢字語의 同音異義語를 제시된 뜻에 맞게 漢字로 쓰시오.,(非常) - 높이 날아오름.,(非常),,飛上,飛上,
3급II,79,2017-11-25,127,dongeumeo_W,다음 漢字語의 同音異義語를 제시된 뜻에 맞게 漢字로 쓰시오.,(演技) - 불에 탈 때 생겨나는 흐릿한 기체나 기운.,(演技),,煙氣,煙氣,
3급II,79,2017-11-25,128,seongeo_W,다음 ( ) 안에 알맞은 漢字[正字]를 써서 四字成語를 완성하시오.,(    )壤之差 : 하늘과 땅 사이와 같이 엄청난 차이.,( )壤之差,,天,天,
3급II,79,2017-11-25,129,seongeo_W,다음 ( ) 안에 알맞은 漢字[正字]를 써서 四字成語를 완성하시오.,"一(    )相通 : 상태, 성질 따위가 서로 통하거나 비슷해짐.",一( )相通,,脈,脈,
3급II,79,2017-11-25,130,seongeo_W,다음 ( ) 안에 알맞은 漢字[正字]를 써서 四字成語를 완성하시오.,結草( )恩 : 죽은 뒤에도 은혜를 잊지 않음.,結草( )恩,,報,報,
3급II,79,2017-11-25,131,seongeo_W,다음 ( ) 안에 알맞은 漢字[正字]를 써서 四字成語를 완성하시오.,(    )學多識 : 학식이 넓고 아는 것이 많음.,( )學多識,,博,博,
3급II,79,2017-11-25,132,seongeo_W,다음 ( ) 안에 알맞은 漢字[正字]를 써서 四字成語를 완성하시오.,安(    )樂道 : 가난해도 편안한 마음으로 도를 즐겨 지킴.,安( )樂道,,貧,貧,
3급II,79,2017-11-25,133,seongeo_W,다음 ( ) 안에 알맞은 漢字[正字]를 써서 四字成語를 완성하시오.,(    )火可親 : 등불을 가까이 하여 글 읽기에 좋음.,( )火可親,,燈,燈,
3급II,79,2017-11-25,134,seongeo_W,다음 ( ) 안에 알맞은 漢字[正字]를 써서 四字成語를 완성하시오.,始終( )一 : 처음부터 끝까지 변함없이 한결같음.,始終( )一,,如,如,
3급II,79,2017-11-25,135,seongeo_W,다음 ( ) 안에 알맞은 漢字[正字]를 써서 四字成語를 완성하시오.,(    )下無人 : 눈 아래에 사람이 없다는 뜻. 방자하고 교만하여 다른 사람을 업신여김.,( )下無人,,眼,眼,
3급II,79,2017-11-25,136,seongeo_W,다음 ( ) 안에 알맞은 漢字[正字]를 써서 四字成語를 완성하시오.,有(    )無患 : 미리 준비가 되어 있으면 걱정할 것이 없음.,有( )無患,,備,備,
3급II,79,2017-11-25,137,seongeo_W,다음 ( ) 안에 알맞은 漢字[正字]를 써서 四字成語를 완성하시오.,忠言( )耳 : 바르게 타이르는 말일수록 귀에 거슬림.,忠言( )耳,,逆,逆,
3급II,79,2017-11-25,138,busu_W,다음 漢字의 部首를 쓰시오.,裳,裳,,衣,衣,
3급II,79,2017-11-25,139,busu_W,다음 漢字의 部首를 쓰시오.,戚,戚,,戈,戈,
3급II,79,2017-11-25,140,busu_W,다음 漢字의 部首를 쓰시오.,街,街,,行,行,
3급II,79,2017-11-25,141,busu_W,다음 漢字의 部首를 쓰시오.,泰,泰,,水,水,
3급II,79,2017-11-25,142,busu_W,다음 漢字의 部首를 쓰시오.,乘,乘,,丿,丿,
3급II,79,2017-11-25,143,yakja_W,다음 漢字의 略字를 쓰시오.,處,處,,"处, 処","处, 処",
3급II,79,2017-11-25,144,yakja_W,다음 漢字의 略字를 쓰시오.,邊,邊,,辺 / 边,辺 / 边,
3급II,79,2017-11-25,145,yakja_W,다음 漢字의 略字를 쓰시오.,齒,齒,,歯,歯,
3급II,79,2017-11-25,146,mean_W,다음 漢字語의 뜻을 쓰시오.,解氷,解氷,,얼음이 녹음,얼음이 녹음,
3급II,79,2017-11-25,147,mean_W,다음 漢字語의 뜻을 쓰시오.,越境,越境,,경계를 넘음,경계를 넘음,
3급II,79,2017-11-25,148,mean_W,다음 漢字語의 뜻을 쓰시오.,恥辱,恥辱,,부끄러움과 욕됨,부끄러움과 욕됨,
3급II,79,2017-11-25,149,mean_W,다음 漢字語의 뜻을 쓰시오.,甘受,甘受,,즐거이 받음,즐거이 받음,
3급II,79,2017-11-25,150,mean_W,다음 漢字語의 뜻을 쓰시오.,奪取,奪取,,빼앗아 가짐,빼앗아 가짐,
3급II,80,2018-02-24,1,dokeum_W,"다음 밑줄 친 漢字語 중 漢字 표기는 讀音을, 한글 표기는 漢字[正字]로 바꾸어 쓰시오.",나 자신의 價値를 결정짓는 것은 내가 얼마나 높은 사회적 지위나 名譽 또는 얼마나 많은 재산을 갖고 있는가가 아니라 나 자신의 靈魂과 얼마나 일치되어 있는가이다.,價値,,가치,가치,
3급II,80,2018-02-24,2,dokeum_W,"다음 밑줄 친 漢字語 중 漢字 표기는 讀音을, 한글 표기는 漢字[正字]로 바꾸어 쓰시오.",나 자신의 價値를 결정짓는 것은 내가 얼마나 높은 사회적 지위나 名譽 또는 얼마나 많은 재산을 갖고 있는가가 아니라 ...,名譽,,명예,명예,
3급II,80,2018-02-24,3,hanjaeo_W,"다음 밑줄 친 漢字語 중 漢字 표기는 讀音을, 한글 표기는 漢字[正字]로 바꾸어 쓰시오.",나 자신의 價値를 결정짓는 것은 ... 얼마나 많은 재산을 갖고 있는가가 아니라 ...,재산,,財産,財産,
3급II,80,2018-02-24,4,dokeum_W,"다음 밑줄 친 漢字語 중 漢字 표기는 讀音을, 한글 표기는 漢字[正字]로 바꾸어 쓰시오.",나 자신의 價値를 결정짓는 것은 ... 나 자신의 靈魂과 얼마나 일치되어 있는가이다.,靈魂,,영혼,영혼,
3급II,80,2018-02-24,5,hanjaeo_W,"다음 밑줄 친 漢字語 중 漢字 표기는 讀音을, 한글 표기는 漢字[正字]로 바꾸어 쓰시오.",여백과 공간의 아름다움은 단순함과 簡素함에 있다.,여백,,餘白,餘白,
3급II,80,2018-02-24,6,hanjaeo_W,"다음 밑줄 친 漢字語 중 漢字 표기는 讀音을, 한글 표기는 漢字[正字]로 바꾸어 쓰시오.",여백과 공간의 아름다움은 단순함과 簡素함에 있다.,단순함,,單純,單純,
3급II,80,2018-02-24,7,dokeum_W,"다음 밑줄 친 漢字語 중 漢字 표기는 讀音을, 한글 표기는 漢字[正字]로 바꾸어 쓰시오.",여백과 공간의 아름다움은 단순함과 簡素함에 있다.,簡素,,간소,간소,
3급II,80,2018-02-24,8,dokeum_W,"다음 밑줄 친 漢字語 중 漢字 표기는 讀音을, 한글 표기는 漢字[正字]로 바꾸어 쓰시오.","이러한 風潮는 자연히 학문보다는 교양을, 신념보다는 수단을 찾는 傾向을 만드는 것 같다.",風潮,,풍조,풍조,
3급II,80,2018-02-24,9,hanjaeo_W,"다음 밑줄 친 漢字語 중 漢字 표기는 讀音을, 한글 표기는 漢字[正字]로 바꾸어 쓰시오.","이러한 風潮는 자연히 학문보다는 교양을, 신념보다는 수단을 찾는 傾向을 만드는 것 같다.",교양,,敎養,敎養,
3급II,80,2018-02-24,10,dokeum_W,"다음 밑줄 친 漢字語 중 漢字 표기는 讀音을, 한글 표기는 漢字[正字]로 바꾸어 쓰시오.","이러한 風潮는 자연히 학문보다는 교양을, 신념보다는 수단을 찾는 傾向을 만드는 것 같다.",傾向,,경향,경향,
3급II,80,2018-02-24,11,hanjaeo_W,"다음 밑줄 친 漢字語 중 漢字 표기는 讀音을, 한글 표기는 漢字[正字]로 바꾸어 쓰시오.",젊은 학생은 고전을 읽기보다는 映畫에서 줄거리를 알면 되는 것으로 생각하며 ...,고전,,古典,古典,
3급II,80,2018-02-24,12,dokeum_W,"다음 밑줄 친 漢字語 중 漢字 표기는 讀音을, 한글 표기는 漢字[正字]로 바꾸어 쓰시오.",젊은 학생은 고전을 읽기보다는 映畫에서 줄거리를 알면 되는 것으로 생각하며 ...,映畫,,영화,영화,
3급II,80,2018-02-24,13,hanjaeo_W,"다음 밑줄 친 漢字語 중 漢字 표기는 讀音을, 한글 표기는 漢字[正字]로 바꾸어 쓰시오.",최근의 통계에 의하면 우리나라 독서율이 ...,최근,,最近,最近,
3급II,80,2018-02-24,14,hanjaeo_W,"다음 밑줄 친 漢字語 중 漢字 표기는 讀音을, 한글 표기는 漢字[正字]로 바꾸어 쓰시오.",최근의 통계에 의하면 우리나라 독서율이 ...,통계,,統計,統計,
3급II,80,2018-02-24,15,hanjaeo_W,"다음 밑줄 친 漢字語 중 漢字 표기는 讀音을, 한글 표기는 漢字[正字]로 바꾸어 쓰시오.",독자를 의식하고 어려운 이야기도 쉽게 쓰는 것.,의식,,意識,意識,
3급II,80,2018-02-24,16,dokeum_W,"다음 밑줄 친 漢字語 중 漢字 표기는 讀音을, 한글 표기는 漢字[正字]로 바꾸어 쓰시오.",기자의 글쓰기가 가진 이 두 가지 特徵은 기자가 아닌 사람들의 글쓰기에도 대단히 유용한 바탕이 된다.,特徵,,특징,특징,
3급II,80,2018-02-24,17,dokeum_W,"다음 밑줄 친 漢字語 중 漢字 표기는 讀音을, 한글 표기는 漢字[正字]로 바꾸어 쓰시오.",독자를 의식한다는 것은 疏通 또는 의사 전달 글쓰기의 기본이다.,疏通,,소통,소통,
3급II,80,2018-02-24,18,hanjaeo_W,"다음 밑줄 친 漢字語 중 漢字 표기는 讀音을, 한글 표기는 漢字[正字]로 바꾸어 쓰시오.",독자를 의식한다는 것은 疏通 또는 의사 전달 글쓰기의 기본이다.,전달,,傳達,傳達,
3급II,80,2018-02-24,19,dokeum_W,"다음 밑줄 친 漢字語 중 漢字 표기는 讀音을, 한글 표기는 漢字[正字]로 바꾸어 쓰시오.",아무리 잘 썼다 해도 읽는 사람이 받아들이지 못한다면 折半의 성공에 불과하다.,折半,,절반,절반,
3급II,80,2018-02-24,20,hanjaeo_W,"다음 밑줄 친 漢字語 중 漢字 표기는 讀音을, 한글 표기는 漢字[正字]로 바꾸어 쓰시오.",다른 사람이 내 글을 어떻게 읽을 것인가를 항상 염두에 두고 ...,염두,,念頭,念頭,
3급II,80,2018-02-24,21,hanjaeo_W,"다음 밑줄 친 漢字語 중 漢字 표기는 讀音을, 한글 표기는 漢字[正字]로 바꾸어 쓰시오.",그들의 처지에서 내가 쓴 글을 볼 줄 알아야 한다.,처지,,處地,處地,
3급II,80,2018-02-24,22,hanjaeo_W,"다음 밑줄 친 漢字語 중 漢字 표기는 讀音을, 한글 표기는 漢字[正字]로 바꾸어 쓰시오.",상대에 따라 내 글쓰기의 수위를 조절할 수 있어야 한다는 얘기다.,조절,,調節,調節,
3급II,80,2018-02-24,23,hanjaeo_W,"다음 밑줄 친 漢字語 중 漢字 표기는 讀音을, 한글 표기는 漢字[正字]로 바꾸어 쓰시오.","그래야 내가 하려는 이야기가 좀 더 많은 사람에게, 좀 더 명확하게 받아들여진다.",명확,,明確,明確,
3급II,80,2018-02-24,24,dokeum_W,"다음 밑줄 친 漢字語 중 漢字 표기는 讀音을, 한글 표기는 漢字[正字]로 바꾸어 쓰시오.","사실 같은 媒體, 심지어 같은 기사라도 지면으로 읽는 것과 온라인으로 읽는 것은 천양지차다.",媒體,,매체,매체,
3급II,80,2018-02-24,25,hanjaeo_W,"다음 밑줄 친 漢字語 중 漢字 표기는 讀音을, 한글 표기는 漢字[正字]로 바꾸어 쓰시오.",지면은 정치부터 연예에 이르기까지 여러 종류의 기사를 일단 보게 되고 ...,연예,,演藝,演藝,
3급II,80,2018-02-24,26,dokeum_W,"다음 밑줄 친 漢字語 중 漢字 표기는 讀音을, 한글 표기는 漢字[正字]로 바꾸어 쓰시오.",아무래도 기사를 選擇하는 폭이 넓을 수밖에 없다.,選擇,,선택,선택,
3급II,80,2018-02-24,27,hanjaeo_W,"다음 밑줄 친 漢字語 중 漢字 표기는 讀音을, 한글 표기는 漢字[正字]로 바꾸어 쓰시오.",종이 신문이 단지 多樣한 내용의 기사만 제공하는 것은 아니다.,신문,,新聞,新聞,
3급II,80,2018-02-24,28,dokeum_W,"다음 밑줄 친 漢字語 중 漢字 표기는 讀音을, 한글 표기는 漢字[正字]로 바꾸어 쓰시오.",종이 신문이 단지 多樣한 내용의 기사만 제공하는 것은 아니다.,多樣,,다양,다양,
3급II,80,2018-02-24,29,hanjaeo_W,"다음 밑줄 친 漢字語 중 漢字 표기는 讀音을, 한글 표기는 漢字[正字]로 바꾸어 쓰시오.","크게 보아 정치, 경제, 사회, 국제면 기사에서는 사실을 짧게 전달하는 기사들이 주를 이루고 ...",경제,,經濟,經濟,
3급II,80,2018-02-24,30,dokeum_W,"다음 밑줄 친 漢字語 중 漢字 표기는 讀音을, 한글 표기는 漢字[正字]로 바꾸어 쓰시오.","문화나 생활, 체육면 등에는 쓰는 사람에 따라 다른 觀點으로 풀어내는 긴 기사들이 많다.",觀點,,관점,관점,
3급II,80,2018-02-24,31,dokeum_W,"다음 밑줄 친 漢字語 중 漢字 표기는 讀音을, 한글 표기는 漢字[正字]로 바꾸어 쓰시오.",문학과 예술에는 어느 정도 天賦의 재능이 요구된다.,天賦,,천부,천부,
3급II,80,2018-02-24,32,hanjaeo_W,"다음 밑줄 친 漢字語 중 漢字 표기는 讀音을, 한글 표기는 漢字[正字]로 바꾸어 쓰시오.",그러나 그것 이상으로 중요한 것은 부단한 노력과 훈련이다.,부단,,不斷,不斷,
3급II,80,2018-02-24,33,dokeum_W,"다음 밑줄 친 漢字語 중 漢字 표기는 讀音을, 한글 표기는 漢字[正字]로 바꾸어 쓰시오.",百鍊 千磨의 노력이 명문을 창조한다.,百鍊,,백련,백련,
3급II,80,2018-02-24,34,dokeum_W,"다음 밑줄 친 漢字語 중 漢字 표기는 讀音을, 한글 표기는 漢字[正字]로 바꾸어 쓰시오.",百鍊 千磨의 노력이 명문을 창조한다.,千磨,,천마,천마,
3급II,80,2018-02-24,35,dokeum_W,"다음 밑줄 친 漢字語 중 漢字 표기는 讀音을, 한글 표기는 漢字[正字]로 바꾸어 쓰시오.",刻苦 勉勵의 훈련에서 좋은 문장이 탄생한다.,刻苦,,각고,각고,
3급II,80,2018-02-24,36,dokeum_W,"다음 밑줄 친 漢字語 중 漢字 표기는 讀音을, 한글 표기는 漢字[正字]로 바꾸어 쓰시오.",刻苦 勉勵의 훈련에서 좋은 문장이 탄생한다.,勉勵,,면려,면려,
3급II,80,2018-02-24,37,hanjaeo_W,"다음 밑줄 친 漢字語 중 漢字 표기는 讀音을, 한글 표기는 漢字[正字]로 바꾸어 쓰시오.",문장 수업은 하나의 고행도다.,수업,,修業,修業,
3급II,80,2018-02-24,38,hanjaeo_W,"다음 밑줄 친 漢字語 중 漢字 표기는 讀音을, 한글 표기는 漢字[正字]로 바꾸어 쓰시오.",그것이 서울로 입성해 터 잡을 때 나의 전 재산이었다.,입성,,入城,入城,
3급II,80,2018-02-24,39,hanjaeo_W,"다음 밑줄 친 漢字語 중 漢字 표기는 讀音을, 한글 표기는 漢字[正字]로 바꾸어 쓰시오.",이제 돈벌이를 위한 나의 노동을 좀 멈춘들 어떠랴.,노동,,勞動,勞動,
3급II,80,2018-02-24,40,hanjaeo_W,"다음 밑줄 친 漢字語 중 漢字 표기는 讀音을, 한글 표기는 漢字[正字]로 바꾸어 쓰시오.",신체 건강한 세 아이가 있으며 ...,건강,,健康,健康,
3급II,80,2018-02-24,41,dokeum_W,"다음 밑줄 친 漢字語 중 漢字 표기는 讀音을, 한글 표기는 漢字[正字]로 바꾸어 쓰시오.",한참동안 까먹어도 될 정도의 貯蓄도 있다.,貯蓄,,저축,저축,
3급II,80,2018-02-24,42,dokeum_W,"다음 밑줄 친 漢字語 중 漢字 표기는 讀音을, 한글 표기는 漢字[正字]로 바꾸어 쓰시오.",이만하면 분에 넘치는 恩惠롭고 행복한 條件이다.,恩惠,,은혜,은혜,
3급II,80,2018-02-24,43,dokeum_W,"다음 밑줄 친 漢字語 중 漢字 표기는 讀音을, 한글 표기는 漢字[正字]로 바꾸어 쓰시오.",이만하면 분에 넘치는 恩惠롭고 행복한 條件이다.,條件,,조건,조건,
3급II,80,2018-02-24,44,dokeum_W,"다음 밑줄 친 漢字語 중 漢字 표기는 讀音을, 한글 표기는 漢字[正字]로 바꾸어 쓰시오.",얼마나 많은 이 땅의 가장들이 자기 지향을 좆아 일상과 欲望으로부터 해방되고 싶어도 ...,欲望,,욕망,욕망,
3급II,80,2018-02-24,45,hanjaeo_W,"다음 밑줄 친 漢字語 중 漢字 표기는 讀音을, 한글 표기는 漢字[正字]로 바꾸어 쓰시오.",일상과 欲望으로부터 해방되고 싶어도 ...,해방,,解放,解放,
3급II,80,2018-02-24,46,hanjaeo_W,"다음 밑줄 친 漢字語 중 漢字 표기는 讀音을, 한글 표기는 漢字[正字]로 바꾸어 쓰시오.",달리는 기차 또한 우리를 슬프게 한다.,기차,,汽車,汽車,
3급II,80,2018-02-24,47,dokeum_W,"다음 밑줄 친 漢字語 중 漢字 표기는 讀音을, 한글 표기는 漢字[正字]로 바꾸어 쓰시오.",유령의 무리처럼 요란스럽게 지나가는 불 밝힌 차창에 微笑 띤 어여쁜 여인의 모습이 보일 때.,微笑,,미소,미소,
3급II,80,2018-02-24,48,dokeum_W,"다음 밑줄 친 漢字語 중 漢字 표기는 讀音을, 한글 표기는 漢字[正字]로 바꾸어 쓰시오.",華麗하고 盛大한 가면 무도회에서 돌아왔을 때.,華麗,,화려,화려,
3급II,80,2018-02-24,49,dokeum_W,"다음 밑줄 친 漢字語 중 漢字 표기는 讀音을, 한글 표기는 漢字[正字]로 바꾸어 쓰시오.",華麗하고 盛大한 가면 무도회에서 돌아왔을 때.,盛大,,성대,성대,
3급II,80,2018-02-24,50,hanjaeo_W,"다음 밑줄 친 漢字語 중 漢字 표기는 讀音을, 한글 표기는 漢字[正字]로 바꾸어 쓰시오.",華麗하고 盛大한 가면 무도회에서 돌아왔을 때.,가면,,假面,假面,
3급II,80,2018-02-24,51,dokeum_W,"다음 밑줄 친 漢字語 중 漢字 표기는 讀音을, 한글 표기는 漢字[正字]로 바꾸어 쓰시오.",부드러운 아침공기가 가늘고 소리 없는 비를 戲弄할 때 ...,戲弄,,희롱,희롱,
3급II,80,2018-02-24,52,dokeum_W,"다음 밑줄 친 漢字語 중 漢字 표기는 讀音을, 한글 표기는 漢字[正字]로 바꾸어 쓰시오.",네 육신이 차지한 것은 萬象 가운데 한 미진 ...,萬象,,만상,만상,
3급II,80,2018-02-24,53,dokeum_W,"다음 밑줄 친 漢字語 중 漢字 표기는 讀音을, 한글 표기는 漢字[正字]로 바꾸어 쓰시오.",네 영혼이 차지한 것은 세상에 充滿한 마음의 한 조각.,充滿,,충만,충만,
3급II,80,2018-02-24,54,dokeum_W,"다음 밑줄 친 漢字語 중 漢字 표기는 讀音을, 한글 표기는 漢字[正字]로 바꾸어 쓰시오.","그것이 어떤 것이며, 노령과 애욕과 病弱 끝에 어떻게 되는 것인가를 생각해 보라.",病弱,,병약,병약,
3급II,80,2018-02-24,55,hanjaeo_W,"다음 밑줄 친 漢字語 중 漢字 표기는 讀音을, 한글 표기는 漢字[正字]로 바꾸어 쓰시오.","또는, 그 본질, 원형에 想到하여 ...",원형,,原形,原形,
3급II,80,2018-02-24,56,dokeum_W,"다음 밑줄 친 漢字語 중 漢字 표기는 讀音을, 한글 표기는 漢字[正字]로 바꾸어 쓰시오.","또는, 그 본질, 원형에 想到하여 가상에서 분리된 정체를 살펴보고 ...",想到,,상도,상도,
3급II,80,2018-02-24,57,dokeum_W,"다음 밑줄 친 漢字語 중 漢字 표기는 讀音을, 한글 표기는 漢字[正字]로 바꾸어 쓰시오.",만상의 본질이 그의 특수한 원형을 維持할 수 있는 制限된 시간을 생각해 보라.,維持,,유지,유지,
3급II,80,2018-02-24,58,dokeum_W,"다음 밑줄 친 漢字語 중 漢字 표기는 讀音을, 한글 표기는 漢字[正字]로 바꾸어 쓰시오.",만상의 본질이 그의 특수한 원형을 維持할 수 있는 制限된 시간을 생각해 보라.,制限,,제한,제한,
3급II,80,2018-02-24,59,hanjaeo_W,"다음 밑줄 친 漢字語 중 漢字 표기는 讀音을, 한글 표기는 漢字[正字]로 바꾸어 쓰시오.",만상의 본질이 그의 특수한 원형을 維持할 수 있는 制限된 시간을 생각해 보라.,시간,,時間,時間,
3급II,80,2018-02-24,60,dokeum_W,"다음 밑줄 친 漢字語 중 漢字 표기는 讀音을, 한글 표기는 漢字[正字]로 바꾸어 쓰시오.","아니, 腐敗란, 만상의 원리 원칙에도 작용하는 것으로 ...",腐敗,,부패,부패,
3급II,80,2018-02-24,61,dokeum_W,"다음 밑줄 친 漢字語 중 漢字 표기는 讀音을, 한글 표기는 漢字[正字]로 바꾸어 쓰시오.","만상은 곧 진애요, 水液이요, 악취요 骨片.",水液,,수액,수액,
3급II,80,2018-02-24,62,dokeum_W,"다음 밑줄 친 漢字語 중 漢字 표기는 讀音을, 한글 표기는 漢字[正字]로 바꾸어 쓰시오.","만상은 곧 진애요, 水液이요, 악취요 骨片.",骨片,,골편,골편,
3급II,80,2018-02-24,63,dokeum_W,"다음 밑줄 친 漢字語 중 漢字 표기는 讀音을, 한글 표기는 漢字[正字]로 바꾸어 쓰시오.","너의 대리석은 흙의 硬結, 너의 금은은 흙의 잔사에 지나지 못하고 ...",硬結,,경결,경결,
3급II,80,2018-02-24,64,hanjaeo_W,"다음 밑줄 친 漢字語 중 漢字 표기는 讀音을, 한글 표기는 漢字[正字]로 바꾸어 쓰시오.","너의 대리석은 흙의 硬結, 너의 금은은 흙의 잔사에 지나지 못하고 ...",금은,,金銀,金銀,
3급II,80,2018-02-24,65,dokeum_W,"다음 밑줄 친 漢字語 중 漢字 표기는 讀音을, 한글 표기는 漢字[正字]로 바꾸어 쓰시오.",그 수많은 천체에서 오는 빛은 그와 그가 접하고 있는 세계를 分離시킬 것이다.,分離,,분리,분리,
3급II,80,2018-02-24,66,hanjaeo_W,"다음 밑줄 친 漢字語 중 漢字 표기는 讀音을, 한글 표기는 漢字[正字]로 바꾸어 쓰시오.",우리들은 저 수많은 천체 속에서 인간에게 숭고한 미의 영원한 실재를 주기 위하여 ...,영원한,,永遠,永遠,
3급II,80,2018-02-24,67,hanjaeo_W,"다음 밑줄 친 漢字語 중 漢字 표기는 讀音을, 한글 표기는 漢字[正字]로 바꾸어 쓰시오.",도시 거리의 한 가운데 서서 천체를 바라볼 때 그것은 얼마나 위대한가!,도시,,都市,都市,
3급II,80,2018-02-24,68,dokeum_W,"다음 밑줄 친 漢字語 중 漢字 표기는 讀音을, 한글 표기는 漢字[正字]로 바꾸어 쓰시오.",만일 1천 년 동안에 하룻밤만 별이 나타난다면 사람들은 얼마나 별을 信仰하고 崇拜할 것인가?,信仰,,신앙,신앙,
3급II,80,2018-02-24,69,dokeum_W,"다음 밑줄 친 漢字語 중 漢字 표기는 讀音을, 한글 표기는 漢字[正字]로 바꾸어 쓰시오.",만일 1천 년 동안에 하룻밤만 별이 나타난다면 사람들은 얼마나 별을 信仰하고 崇拜할 것인가?,崇拜,,숭배,숭배,
3급II,80,2018-02-24,70,dokeum_W,"다음 밑줄 친 漢字語 중 漢字 표기는 讀音을, 한글 표기는 漢字[正字]로 바꾸어 쓰시오.",그리고 이렇게 나타난 신이 도시의 기억을 몇 세대에 걸쳐서 保存하리라!,保存,,보존,보존,
3급II,80,2018-02-24,71,hanjaeo_W,"다음 밑줄 친 漢字語 중 漢字 표기는 讀音을, 한글 표기는 漢字[正字]로 바꾸어 쓰시오.",그러나 미의 이러한 사신은 밤마다 나타나 훈계할 듯한 姿態로 宇宙를 비추고 있다.,사신,,使臣,使臣,
3급II,80,2018-02-24,72,dokeum_W,"다음 밑줄 친 漢字語 중 漢字 표기는 讀音을, 한글 표기는 漢字[正字]로 바꾸어 쓰시오.",그러나 미의 이러한 사신은 밤마다 나타나 훈계할 듯한 姿態로 宇宙를 비추고 있다.,姿態,,자태,자태,
3급II,80,2018-02-24,73,dokeum_W,"다음 밑줄 친 漢字語 중 漢字 표기는 讀音을, 한글 표기는 漢字[正字]로 바꾸어 쓰시오.",그러나 미의 이러한 사신은 밤마다 나타나 훈계할 듯한 姿態로 宇宙를 비추고 있다.,宇宙,,우주,우주,
3급II,80,2018-02-24,74,dokeum_W,"다음 밑줄 친 漢字語 중 漢字 표기는 讀音을, 한글 표기는 漢字[正字]로 바꾸어 쓰시오.",별은 그 어떤 경건한 생각을 깨우쳐 준다. 恒常 존재하지만 접근할 수 없기 때문이다.,恒常,,항상,항상,
3급II,80,2018-02-24,75,dokeum_W,"다음 밑줄 친 漢字語 중 漢字 표기는 讀音을, 한글 표기는 漢字[正字]로 바꾸어 쓰시오.",그러나 자연계의 모든 것은 마음의 문을 열고서 그 감화를 받자 할 때에는 유사한 感銘을 준다.,感銘,,감명,감명,
3급II,80,2018-02-24,76,huneum_W,다음 漢字의 訓과 音을 쓰시오.,催,催,,재촉할 최,재촉할 최,
3급II,80,2018-02-24,77,huneum_W,다음 漢字의 訓과 音을 쓰시오.,悔,悔,,뉘우칠 회,뉘우칠 회,
3급II,80,2018-02-24,78,huneum_W,다음 漢字의 訓과 音을 쓰시오.,構,構,,얽을 구,얽을 구,
3급II,80,2018-02-24,79,huneum_W,다음 漢字의 訓과 音을 쓰시오.,讓,讓,,사양할 양,사양할 양,
3급II,80,2018-02-24,80,huneum_W,다음 漢字의 訓과 音을 쓰시오.,灰,灰,,재 회,재 회,
3급II,80,2018-02-24,81,huneum_W,다음 漢字의 訓과 音을 쓰시오.,寧,寧,,편안 녕,편안 녕,
3급II,80,2018-02-24,82,huneum_W,다음 漢字의 訓과 音을 쓰시오.,雷,雷,,우레 뢰,우레 뢰,
3급II,80,2018-02-24,83,huneum_W,다음 漢字의 訓과 音을 쓰시오.,混,混,,섞을 혼,섞을 혼,
3급II,80,2018-02-24,84,huneum_W,다음 漢字의 訓과 音을 쓰시오.,載,載,,실을 재,실을 재,
3급II,80,2018-02-24,85,huneum_W,다음 漢字의 訓과 音을 쓰시오.,寄,寄,,부칠 기,부칠 기,
3급II,80,2018-02-24,86,huneum_W,다음 漢字의 訓과 音을 쓰시오.,登,登,,오를 등,오를 등,
3급II,80,2018-02-24,87,huneum_W,다음 漢字의 訓과 音을 쓰시오.,飛,飛,,날 비,날 비,
3급II,80,2018-02-24,88,huneum_W,다음 漢字의 訓과 音을 쓰시오.,耕,耕,,밭갈 경,밭갈 경,
3급II,80,2018-02-24,89,huneum_W,다음 漢字의 訓과 音을 쓰시오.,肺,肺,,허파 폐,허파 폐,
3급II,80,2018-02-24,90,huneum_W,다음 漢字의 訓과 音을 쓰시오.,陶,陶,,질그릇 도,질그릇 도,
3급II,80,2018-02-24,91,huneum_W,다음 漢字의 訓과 音을 쓰시오.,稿,稿,,볏집/원고 고,볏집/원고 고,
3급II,80,2018-02-24,92,huneum_W,다음 漢字의 訓과 音을 쓰시오.,哭,哭,,울 곡,울 곡,
3급II,80,2018-02-24,93,huneum_W,다음 漢字의 訓과 音을 쓰시오.,漁,漁,,고기잡을 어,고기잡을 어,
3급II,80,2018-02-24,94,huneum_W,다음 漢字의 訓과 音을 쓰시오.,環,環,,고리 환,고리 환,
3급II,80,2018-02-24,95,huneum_W,다음 漢字의 訓과 音을 쓰시오.,池,池,,못 지,못 지,
3급II,80,2018-02-24,96,huneum_W,다음 漢字의 訓과 音을 쓰시오.,桑,桑,,뽕나무 상,뽕나무 상,
3급II,80,2018-02-24,97,huneum_W,다음 漢字의 訓과 音을 쓰시오.,徑,徑,,지름길/길 경,지름길/길 경,
3급II,80,2018-02-24,98,huneum_W,다음 漢字의 訓과 音을 쓰시오.,賴,賴,,의뢰할 뢰,의뢰할 뢰,
3급II,80,2018-02-24,99,huneum_W,다음 漢字의 訓과 音을 쓰시오.,飮,飮,,마실 음,마실 음,
3급II,80,2018-02-24,100,huneum_W,다음 漢字의 訓과 音을 쓰시오.,盡,盡,,다할 진,다할 진,
3급II,80,2018-02-24,101,huneum_W,다음 漢字의 訓과 音을 쓰시오.,兔,兔,,토끼 토,토끼 토,
3급II,80,2018-02-24,102,huneum_W,다음 漢字의 訓과 音을 쓰시오.,蒸,蒸,,찔 증,찔 증,
3급II,80,2018-02-24,103,jangeum_S,다음 漢字語 중 첫 음절이 長音으로 발음되는 것의 번호를 쓰시오.,,,"[""① 裁判"", ""② 再版""]",②,② 再版,
3급II,80,2018-02-24,104,jangeum_S,다음 漢字語 중 첫 음절이 長音으로 발음되는 것의 번호를 쓰시오.,,,"[""① 化粧"", ""② 火葬""]",②,② 火葬,
3급II,80,2018-02-24,105,jangeum_S,다음 漢字語 중 첫 음절이 長音으로 발음되는 것의 번호를 쓰시오.,,,"[""① 果木"", ""➁ 科目""]",①,① 果木,
3급II,80,2018-02-24,106,jangeum_S,다음 漢字語 중 첫 음절이 長音으로 발음되는 것의 번호를 쓰시오.,,,"[""① 房門"", ""② 訪問""]",②,② 訪問,
3급II,80,2018-02-24,107,jangeum_S,다음 漢字語 중 첫 음절이 長音으로 발음되는 것의 번호를 쓰시오.,,,"[""① 負傷"", ""② 浮上""]",①,① 負傷,
3급II,80,2018-02-24,108,banui_W,다음 漢字와 뜻이 反對 또는 相對되는 漢字[正字]를 써 넣으시오.,오랜만에 만났지만 (          )憎이 교차하는 묘한 심정이었다.,( )憎,,愛,愛,
3급II,80,2018-02-24,109,banui_W,다음 漢字와 뜻이 反對 또는 相對되는 漢字[正字]를 써 넣으시오.,먼저 (    )失을 잘 따져본 다음 추진하기로 하였다.,( )失,,得,得,
3급II,80,2018-02-24,110,banui_W,다음 漢字와 뜻이 反對 또는 相對되는 漢字[正字]를 써 넣으시오.,그는 (    )辱으로 점철된 일생을 살다 갔다.,( )辱,,榮,榮,
3급II,80,2018-02-24,111,banui_W,다음 漢字와 뜻이 反對 또는 相對되는 漢字[正字]를 써 넣으시오.,예전과 달리 이제는 貧(            )격차가 많이 줄어들었다.,貧( ),,富,富,
3급II,80,2018-02-24,112,banui_W,다음 漢字와 뜻이 反對 또는 相對되는 漢字[正字]를 써 넣으시오.,마치 主(    )이 전도된 느낌이 들었다.,主( ),,客,客,
3급II,80,2018-02-24,113,banuieo_W,다음 漢字語의 反對語 또는 相對語를 漢字[正字]로 써 넣으시오.,破壞,破壞,,建設,建設,
3급II,80,2018-02-24,114,banuieo_W,다음 漢字語의 反對語 또는 相對語를 漢字[正字]로 써 넣으시오.,精神,精神,,物質,物質,
3급II,80,2018-02-24,115,banuieo_W,다음 漢字語의 反對語 또는 相對語를 漢字[正字]로 써 넣으시오.,減少,減少,,增加,增加,
3급II,80,2018-02-24,116,banuieo_W,다음 漢字語의 反對語 또는 相對語를 漢字[正字]로 써 넣으시오.,稱讚,稱讚,,非難,非難,
3급II,80,2018-02-24,117,banuieo_W,다음 漢字語의 反對語 또는 相對語를 漢字[正字]로 써 넣으시오.,內憂,內憂,,外患,外患,
3급II,80,2018-02-24,118,yui_S,다음 漢字와 訓이 같거나 비슷한 漢字를 <보기>에서 찾아 그 번호를 써 넣으시오.,丘,丘,"[""① 班"", ""② 擊"", ""③ 歡"", ""④ 頌"", ""⑤ 陣"", ""⑥ 顯"", ""⑦ 列"", ""⑧ 洋"", ""⑨ 寂"", ""⑩ 陵""]",⑩,⑩ 陵,
3급II,80,2018-02-24,119,yui_S,다음 漢字와 訓이 같거나 비슷한 漢字를 <보기>에서 찾아 그 번호를 써 넣으시오.,打,打,"[""① 班"", ""② 擊"", ""③ 歡"", ""④ 頌"", ""⑤ 陣"", ""⑥ 顯"", ""⑦ 列"", ""⑧ 洋"", ""⑨ 寂"", ""⑩ 陵""]",②,② 擊,
3급II,80,2018-02-24,120,yui_S,다음 漢字와 訓이 같거나 비슷한 漢字를 <보기>에서 찾아 그 번호를 써 넣으시오.,著,著,"[""① 班"", ""② 擊"", ""③ 歡"", ""④ 頌"", ""⑤ 陣"", ""⑥ 顯"", ""⑦ 列"", ""⑧ 洋"", ""⑨ 寂"", ""⑩ 陵""]",⑥,⑥ 顯,
3급II,80,2018-02-24,121,yui_S,다음 漢字와 訓이 같거나 비슷한 漢字를 <보기>에서 찾아 그 번호를 써 넣으시오.,靜,靜,"[""① 班"", ""② 擊"", ""③ 歡"", ""④ 頌"", ""⑤ 陣"", ""⑥ 顯"", ""⑦ 列"", ""⑧ 洋"", ""⑨ 寂"", ""⑩ 陵""]",⑨,⑨ 寂,
3급II,80,2018-02-24,122,yui_S,다음 漢字와 訓이 같거나 비슷한 漢字를 <보기>에서 찾아 그 번호를 써 넣으시오.,喜,喜,"[""① 班"", ""② 擊"", ""③ 歡"", ""④ 頌"", ""⑤ 陣"", ""⑥ 顯"", ""⑦ 列"", ""⑧ 洋"", ""⑨ 寂"", ""⑩ 陵""]",③,③ 歡,
3급II,80,2018-02-24,123,seongeo_W,다음 빈 칸에 알맞은 漢字[正字]를 써 넣어 漢字語(成語)를 完成하시오.,臨(    )無退 - 전장에 나아가서 물러서지 않음.,臨( )無退,,戰,戰,
3급II,80,2018-02-24,124,seongeo_W,다음 빈 칸에 알맞은 漢字[正字]를 써 넣어 漢字語(成語)를 完成하시오.,同(    )異夢 - 겉으로는 같이 행동하나 속으로는 다른 뜻을 가짐.,同( )異夢,,床,床,
3급II,80,2018-02-24,125,seongeo_W,다음 빈 칸에 알맞은 漢字[正字]를 써 넣어 漢字語(成語)를 完成하시오.,嚴冬( )寒 - 깊은 겨울의 심한 추위.,嚴冬( )寒,,雪,雪,
3급II,80,2018-02-24,126,seongeo_W,다음 빈 칸에 알맞은 漢字[正字]를 써 넣어 漢字語(成語)를 完成하시오.,麻(    )太子 - 신라 경순왕의 아들.,麻( )太子,,衣,衣,
3급II,80,2018-02-24,127,seongeo_W,다음 빈 칸에 알맞은 漢字[正字]를 써 넣어 漢字語(成語)를 完成하시오.,轉禍爲(    ) - 재앙이 바뀌어 오히려 복이 됨.,轉禍爲( ),,福,福,
3급II,80,2018-02-24,128,seongeo_W,다음 빈 칸에 알맞은 漢字[正字]를 써 넣어 漢字語(成語)를 完成하시오.,滅私( )公 - 사욕을 버리고 공익을 위해 힘씀.,滅私( )公,,奉,奉,
3급II,80,2018-02-24,129,seongeo_W,다음 빈 칸에 알맞은 漢字[正字]를 써 넣어 漢字語(成語)를 完成하시오.,浩(    )之氣 - 거침없이 넓고 큰 기개.,浩( )之氣,,然,然,
3급II,80,2018-02-24,130,seongeo_W,다음 빈 칸에 알맞은 漢字[正字]를 써 넣어 漢字語(成語)를 完成하시오.,(    )卷有益 - 책을 펴서 읽으면 반드시 이로움이 있다.,( )卷有益,,開,開,
3급II,80,2018-02-24,131,seongeo_W,다음 빈 칸에 알맞은 漢字[正字]를 써 넣어 漢字語(成語)를 完成하시오.,(    )志一貫 - 처음 세운 뜻을 끝까지 밀고 나감.,( )志一貫,,初,初,
3급II,80,2018-02-24,132,seongeo_W,다음 빈 칸에 알맞은 漢字[正字]를 써 넣어 漢字語(成語)를 完成하시오.,仁義( )智 - 사람으로서 ...,仁義( )智,,禮,禮,
3급II,80,2018-02-24,133,dongeumeo_W,다음 漢字語의 同音異義語를 제시한 뜻에 맞게 漢字[正字]로 쓰시오.,"技士 - (     ) 신문, 잡지에서 사실을 알리는 글.",技士,,記事,記事,
3급II,80,2018-02-24,134,dongeumeo_W,다음 漢字語의 同音異義語를 제시한 뜻에 맞게 漢字[正字]로 쓰시오.,首相 - (     ) 상을 받음.,首相,,受賞,受賞,
3급II,80,2018-02-24,135,dongeumeo_W,다음 漢字語의 同音異義語를 제시한 뜻에 맞게 漢字[正字]로 쓰시오.,電源 - (     ) 시골이나 교외.,電源,,田園,田園,
3급II,80,2018-02-24,136,dongeumeo_W,다음 漢字語의 同音異義語를 제시한 뜻에 맞게 漢字[正字]로 쓰시오.,短期 - (     ) 단체를 상징하는 깃발.,短期,,團旗,團旗,
3급II,80,2018-02-24,137,dongeumeo_W,다음 漢字語의 同音異義語를 제시한 뜻에 맞게 漢字[正字]로 쓰시오.,移籍 - (     ) 적을 이롭게 함.,移籍,,利敵,利敵,
3급II,80,2018-02-24,138,mean_W,다음 漢字語의 뜻을 쓰시오.,屈從,屈從,,제 뜻을 굽혀 남에게 복종함.,제 뜻을 굽혀 남에게 복종함.,
3급II,80,2018-02-24,139,mean_W,다음 漢字語의 뜻을 쓰시오.,着眼,着眼,,눈여겨 봄. 실마리를 얻음.,눈여겨 봄. 실마리를 얻음.,
3급II,80,2018-02-24,140,mean_W,다음 漢字語의 뜻을 쓰시오.,勸獎,勸獎,,권하여 장려함.,권하여 장려함.,
3급II,80,2018-02-24,141,mean_W,다음 漢字語의 뜻을 쓰시오.,師弟,師弟,,스승과 제자,스승과 제자,
3급II,80,2018-02-24,142,mean_W,다음 漢字語의 뜻을 쓰시오.,彼此,彼此,,이쪽과 저쪽. 이것과 저것.,이쪽과 저쪽. 이것과 저것.,
3급II,80,2018-02-24,143,busu_W,다음 漢字의 部首를 쓰시오.,黃,黃,,黃,黃,
3급II,80,2018-02-24,144,busu_W,다음 漢字의 部首를 쓰시오.,赤,赤,,赤,赤,
3급II,80,2018-02-24,145,busu_W,다음 漢字의 部首를 쓰시오.,街,街,,行,行,
3급II,80,2018-02-24,146,busu_W,다음 漢字의 部首를 쓰시오.,委,委,,女,女,
3급II,80,2018-02-24,147,busu_W,다음 漢字의 部首를 쓰시오.,乘,乘,,丿,丿,
3급II,80,2018-02-24,148,yakja_W,다음 漢字의 略字를 쓰시오.,號,號,,號,號,
3급II,80,2018-02-24,149,yakja_W,다음 漢字의 略字를 쓰시오.,黨,黨,,黨,黨,
3급II,80,2018-02-24,150,yakja_W,다음 漢字의 略字를 쓰시오.,舊,舊,,舊,舊,
3급II,81,2018-06-02,1,dokeum_W,다음 밑줄 친 漢字語의 讀音을 쓰시오.,산과 바다에서 하계 修鍊을 한다.,修鍊,,수련,수련,
3급II,81,2018-06-02,2,dokeum_W,다음 밑줄 친 漢字語의 讀音을 쓰시오.,休暇를 내서 고향에 다녀왔다.,休暇,,휴가,휴가,
3급II,81,2018-06-02,3,dokeum_W,다음 밑줄 친 漢字語의 讀音을 쓰시오.,이성 또는 양심의 명령이 갖는다는 것은 權威 내지 拘束力은 따로 설명되어야 한다.,權威,,권위,권위,
3급II,81,2018-06-02,4,dokeum_W,다음 밑줄 친 漢字語의 讀音을 쓰시오.,이성 또는 양심의 명령이 갖는다는 것은 權威 내지 拘束力은 따로 설명되어야 한다.,拘束,,구속,구속,
3급II,81,2018-06-02,5,dokeum_W,다음 밑줄 친 漢字語의 讀音을 쓰시오.,소설은 架空의 세계를 아름답게 그려낸다.,架空,,가공,가공,
3급II,81,2018-06-02,6,dokeum_W,다음 밑줄 친 漢字語의 讀音을 쓰시오.,전자 商街에서 TV를 삽니다.,商街,,상가,상가,
3급II,81,2018-06-02,7,dokeum_W,다음 밑줄 친 漢字語의 讀音을 쓰시오.,"멋이란 어감은 卑下보다는 讚辭요, 암울이 아니고 明快이며, 혐오가 아니라 親近의 정이 들어 있는 것이다.",卑下,,비하,비하,
3급II,81,2018-06-02,8,dokeum_W,다음 밑줄 친 漢字語의 讀音을 쓰시오.,"멋이란 어감은 卑下보다는 讚辭요, 암울이 아니고 明快이며, 혐오가 아니라 親近의 정이 들어 있는 것이다.",讚辭,,찬사,찬사,
3급II,81,2018-06-02,9,dokeum_W,다음 밑줄 친 漢字語의 讀音을 쓰시오.,"멋이란 어감은 卑下보다는 讚辭요, 암울이 아니고 明快이며, 혐오가 아니라 親近의 정이 들어 있는 것이다.",明快,,명쾌,명쾌,
3급II,81,2018-06-02,10,dokeum_W,다음 밑줄 친 漢字語의 讀音을 쓰시오.,"멋이란 어감은 卑下보다는 讚辭요, 암울이 아니고 明快이며, 혐오가 아니라 親近의 정이 들어 있는 것이다.",親近,,친근,친근,
3급II,81,2018-06-02,11,dokeum_W,다음 밑줄 친 漢字語의 讀音을 쓰시오.,한국문학의 傳統과 주체성은 가장 強烈한 狀況 의식의 소유자들에 의해 만들어져 나갈 것이다.,傳統,,전통,전통,
3급II,81,2018-06-02,12,dokeum_W,다음 밑줄 친 漢字語의 讀音을 쓰시오.,한국문학의 傳統과 주체성은 가장 強烈한 狀況 의식의 소유자들에 의해 만들어져 나갈 것이다.,強烈,,강렬,강렬,
3급II,81,2018-06-02,13,dokeum_W,다음 밑줄 친 漢字語의 讀音을 쓰시오.,한국문학의 傳統과 주체성은 가장 強烈한 狀況 의식의 소유자들에 의해 만들어져 나갈 것이다.,狀況,,상황,상황,
3급II,81,2018-06-02,14,dokeum_W,다음 밑줄 친 漢字語의 讀音을 쓰시오.,"雅淡, 전아, 規制, 重厚한 맛의 세계에서 느낄 수 없는 맛이 멋이다.",雅淡,,아담,아담,
3급II,81,2018-06-02,15,dokeum_W,다음 밑줄 친 漢字語의 讀音을 쓰시오.,"雅淡, 전아, 規制, 重厚한 맛의 세계에서 느낄 수 없는 맛이 멋이다.",規制,,규제,규제,
3급II,81,2018-06-02,16,dokeum_W,다음 밑줄 친 漢字語의 讀音을 쓰시오.,"雅淡, 전아, 規制, 重厚한 맛의 세계에서 느낄 수 없는 맛이 멋이다.",重厚,,중후,중후,
3급II,81,2018-06-02,17,dokeum_W,다음 밑줄 친 漢字語의 讀音을 쓰시오.,進取的이고 實踐力 있는 정부가 필요하다.,進取,,진취,진취,
3급II,81,2018-06-02,18,dokeum_W,다음 밑줄 친 漢字語의 讀音을 쓰시오.,進取的이고 實踐力 있는 정부가 필요하다.,實踐,,실천,실천,
3급II,81,2018-06-02,19,dokeum_W,다음 밑줄 친 漢字語의 讀音을 쓰시오.,獨善과 固執이 지배하는 사회는 발전하지 않는다.,獨善,,독선,독선,
3급II,81,2018-06-02,20,dokeum_W,다음 밑줄 친 漢字語의 讀音을 쓰시오.,獨善과 固執이 지배하는 사회는 발전하지 않는다.,固執,,고집,고집,
3급II,81,2018-06-02,21,dokeum_W,다음 漢字語의 讀音을 쓰시오.,佳約,佳約,,가약,가약,
3급II,81,2018-06-02,22,dokeum_W,다음 漢字語의 讀音을 쓰시오.,承諾,承諾,,승낙,승낙,
3급II,81,2018-06-02,23,dokeum_W,다음 漢字語의 讀音을 쓰시오.,忍耐,忍耐,,인내,인내,
3급II,81,2018-06-02,24,dokeum_W,다음 漢字語의 讀音을 쓰시오.,甚難,甚難,,심난,심난,
3급II,81,2018-06-02,25,dokeum_W,다음 漢字語의 讀音을 쓰시오.,巖盤,巖盤,,암반,암반,
3급II,81,2018-06-02,26,dokeum_W,다음 漢字語의 讀音을 쓰시오.,改閣,改閣,,개각,개각,
3급II,81,2018-06-02,27,dokeum_W,다음 漢字語의 讀音을 쓰시오.,項目,項目,,항목,항목,
3급II,81,2018-06-02,28,dokeum_W,다음 漢字語의 讀音을 쓰시오.,康寧,康寧,,강녕,강녕,
3급II,81,2018-06-02,29,dokeum_W,다음 漢字語의 讀音을 쓰시오.,離脫,離脫,,이탈,이탈,
3급II,81,2018-06-02,30,dokeum_W,다음 漢字語의 讀音을 쓰시오.,晩婚,晩婚,,만혼,만혼,
3급II,81,2018-06-02,31,dokeum_W,다음 漢字語의 讀音을 쓰시오.,視察,視察,,시찰,시찰,
3급II,81,2018-06-02,32,dokeum_W,다음 漢字語의 讀音을 쓰시오.,假飾,假飾,,가식,가식,
3급II,81,2018-06-02,33,dokeum_W,다음 漢字語의 讀音을 쓰시오.,立脚,立脚,,입각,입각,
3급II,81,2018-06-02,34,dokeum_W,다음 漢字語의 讀音을 쓰시오.,端緖,端緖,,단서,단서,
3급II,81,2018-06-02,35,dokeum_W,다음 漢字語의 讀音을 쓰시오.,暖房,暖房,,난방,난방,
3급II,81,2018-06-02,36,dokeum_W,다음 漢字語의 讀音을 쓰시오.,官吏,官吏,,관리,관리,
3급II,81,2018-06-02,37,dokeum_W,다음 漢字語의 讀音을 쓰시오.,淺薄,淺薄,,천박,천박,
3급II,81,2018-06-02,38,dokeum_W,다음 漢字語의 讀音을 쓰시오.,納品,納品,,납품,납품,
3급II,81,2018-06-02,39,dokeum_W,다음 漢字語의 讀音을 쓰시오.,價値,價値,,가치,가치,
3급II,81,2018-06-02,40,dokeum_W,다음 漢字語의 讀音을 쓰시오.,審査,審査,,심사,심사,
3급II,81,2018-06-02,41,dokeum_W,다음 漢字語의 讀音을 쓰시오.,貫徹,貫徹,,관철,관철,
3급II,81,2018-06-02,42,dokeum_W,다음 漢字語의 讀音을 쓰시오.,覺悟,覺悟,,각오,각오,
3급II,81,2018-06-02,43,dokeum_W,다음 漢字語의 讀音을 쓰시오.,蓄財,蓄財,,축재,축재,
3급II,81,2018-06-02,44,dokeum_W,다음 漢字語의 讀音을 쓰시오.,紅顔,紅顔,,홍안,홍안,
3급II,81,2018-06-02,45,dokeum_W,다음 漢字語의 讀音을 쓰시오.,金額,金額,,금액,금액,
3급II,81,2018-06-02,46,hanjaeo_W,다음 밑줄 친 낱말을 漢字(正字)로 쓰시오.,우리 가요에는 슬픈 정조를 지닌 작품이 많다.,가요,,歌謠,歌謠,
3급II,81,2018-06-02,47,hanjaeo_W,다음 밑줄 친 낱말을 漢字(正字)로 쓰시오.,우리 가요에는 슬픈 정조를 지닌 작품이 많다.,정조,,情調,情調,
3급II,81,2018-06-02,48,hanjaeo_W,다음 밑줄 친 낱말을 漢字(正字)로 쓰시오.,이러한 것들의 효과는 인간의 감정에 관한 깊은 인식에 의존하고 있다.,인식,,認識,認識,
3급II,81,2018-06-02,49,hanjaeo_W,다음 밑줄 친 낱말을 漢字(正字)로 쓰시오.,그리고 점차 지식과 교양의 도구로 확대되었다. 위에 인용한 글에서도 밝힌 바와 같이 문자가 통치의 방편으로 쓰이는 것은 계속되면서도 지배층을 형성하는 이른바 사대부들은 문자를 향유함으로써 정신생활을 풍요롭게 하였고 문장을 안다는 것이 출세를 보장하는 방편이었다.,교양,,敎養,敎養,
3급II,81,2018-06-02,50,hanjaeo_W,다음 밑줄 친 낱말을 漢字(正字)로 쓰시오.,그리고 점차 지식과 교양의 도구로 확대되었다.,도구,,道具,道具,
3급II,81,2018-06-02,51,hanjaeo_W,다음 밑줄 친 낱말을 漢字(正字)로 쓰시오.,위에 인용한 글에서도 밝힌 바와 같이...,인용,,引用,引用,
3급II,81,2018-06-02,52,hanjaeo_W,다음 밑줄 친 낱말을 漢字(正字)로 쓰시오.,문자가 통치의 방편으로 쓰이는 것은 계속되면서도...,방편,,方便,方便,
3급II,81,2018-06-02,53,hanjaeo_W,다음 밑줄 친 낱말을 漢字(正字)로 쓰시오.,지배층을 형성하는 이른바 사대부들은...,지배,,支配,支配,
3급II,81,2018-06-02,54,hanjaeo_W,다음 밑줄 친 낱말을 漢字(正字)로 쓰시오.,지배층을 형성하는 이른바 사대부들은...,형성,,形成,形成,
3급II,81,2018-06-02,55,hanjaeo_W,다음 밑줄 친 낱말을 漢字(正字)로 쓰시오.,지배층을 형성하는 이른바 사대부들은...,사대부,,士大夫,士大夫,
3급II,81,2018-06-02,56,hanjaeo_W,다음 밑줄 친 낱말을 漢字(正字)로 쓰시오.,문자를 향유함으로써 정신생활을 풍요롭게 하였고...,정신,,精神,精神,
3급II,81,2018-06-02,57,hanjaeo_W,다음 밑줄 친 낱말을 漢字(正字)로 쓰시오.,문장을 안다는 것이 출세를 보장하는 방편이었다.,보장,,保障,保障,
3급II,81,2018-06-02,58,hanjaeo_W,다음 밑줄 친 낱말을 漢字(正字)로 쓰시오.,물질적 가치관이 만연해짐에 따라 사고는 창조적 혹은 유기적 기능이 위축되며 공리적 기계적인 것으로 변화되었다.,사고,,思考,思考,
3급II,81,2018-06-02,59,hanjaeo_W,다음 밑줄 친 낱말을 漢字(正字)로 쓰시오.,물질적 가치관이 만연해짐에 따라 사고는 창조적 혹은 유기적 기능이 위축되며...,창조,,創造,創造,
3급II,81,2018-06-02,60,hanjaeo_W,다음 밑줄 친 낱말을 漢字(正字)로 쓰시오.,공리적 기계적인 것으로 변화되었다.,공리,,功利,功利,
3급II,81,2018-06-02,61,hanjaeo_W,다음 밑줄 친 낱말을 漢字(正字)로 쓰시오.,휴머니즘이란 어느 일정한 관념 형태를 일컫는 것은 아니다. 인간이 살아오는 동안 특정한 역사적 상황 밑에서 그때그때 발현된 인간의 심적 태도를 말하는 것이다.,관념,,觀念,觀念,
3급II,81,2018-06-02,62,hanjaeo_W,다음 밑줄 친 낱말을 漢字(正字)로 쓰시오.,인간이 살아오는 동안 특정한 역사적 상황 밑에서...,역사,,歷史,歷史,
3급II,81,2018-06-02,63,hanjaeo_W,다음 밑줄 친 낱말을 漢字(正字)로 쓰시오.,그때그때 발현된 인간의 심적 태도를 말하는 것이다.,태도,,態度,態度,
3급II,81,2018-06-02,64,hanjaeo_W,다음 밑줄 친 낱말을 漢字(正字)로 쓰시오.,충분한 휴식과 과음을 하지 않는 것이 중요합니다.,충분,,充分,充分,
3급II,81,2018-06-02,65,hanjaeo_W,다음 밑줄 친 낱말을 漢字(正字)로 쓰시오.,충분한 휴식과 과음을 하지 않는 것이 중요합니다.,과음,,過飮,過飮,
3급II,81,2018-06-02,66,hanjaeo_W,다음 밑줄 친 낱말을 漢字(正字)로 쓰시오.,폐의약품은 약국에서 수거하여 안전하게 처리합니다.,약국,,藥局,藥局,
3급II,81,2018-06-02,67,hanjaeo_W,다음 밑줄 친 낱말을 漢字(正字)로 쓰시오.,폐의약품은 약국에서 수거하여 안전하게 처리합니다.,수거,,收去,收去,
3급II,81,2018-06-02,68,hanjaeo_W,다음 밑줄 친 낱말을 漢字(正字)로 쓰시오.,폐의약품은 약국에서 수거하여 안전하게 처리합니다.,처리,,處理,處理,
3급II,81,2018-06-02,69,hanjaeo_W,다음 밑줄 친 낱말을 漢字(正字)로 쓰시오.,관절이나 근육 부위를 유연하게 하세요.,관절,,關節,關節,
3급II,81,2018-06-02,70,hanjaeo_W,다음 밑줄 친 낱말을 漢字(正字)로 쓰시오.,서예나 수묵화에는 공간을 자유롭게 달리며 무한적인 움직임이 있기 때문에 그들은 애착심을 느끼는 것이다.,서예,,書藝,書藝,
3급II,81,2018-06-02,71,hanjaeo_W,다음 밑줄 친 낱말을 漢字(正字)로 쓰시오.,서예나 수묵화에는 공간을 자유롭게 달리며 무한적인 움직임이 있기 때문에...,무한,,無限,無限,
3급II,81,2018-06-02,72,hanjaeo_W,다음 밑줄 친 낱말을 漢字(正字)로 쓰시오.,그들은 애착심을 느끼는 것이다.,애착,,愛着,愛着,
3급II,81,2018-06-02,73,hanjaeo_W,다음 밑줄 친 낱말을 漢字(正字)로 쓰시오.,세 등장 인물의 성격적 차이나 운명적 특수성이나 그 시대적 배경 같은 것은 결코 아니다.,등장,,登場,登場,
3급II,81,2018-06-02,74,hanjaeo_W,다음 밑줄 친 낱말을 漢字(正字)로 쓰시오.,세 등장 인물의 성격적 차이나 운명적 특수성이나...,운명,,運命,運命,
3급II,81,2018-06-02,75,hanjaeo_W,다음 밑줄 친 낱말을 漢字(正字)로 쓰시오.,그 시대적 배경 같은 것은 결코 아니다.,배경,,背景,背景,
3급II,81,2018-06-02,76,huneum_W,다음 漢字의 訓과 音을 쓰시오.,翼,翼,,날개 익,날개 익,
3급II,81,2018-06-02,77,huneum_W,다음 漢字의 訓과 音을 쓰시오.,菌,菌,,버섯 균,버섯 균,
3급II,81,2018-06-02,78,huneum_W,다음 漢字의 訓과 音을 쓰시오.,尾,尾,,꼬리 미,꼬리 미,
3급II,81,2018-06-02,79,huneum_W,다음 漢字의 訓과 音을 쓰시오.,契,契,,맺을 계,맺을 계,
3급II,81,2018-06-02,80,huneum_W,다음 漢字의 訓과 音을 쓰시오.,拓,拓,,넓힐 척,넓힐 척,
3급II,81,2018-06-02,81,huneum_W,다음 漢字의 訓과 音을 쓰시오.,慧,慧,,슬기로울 혜,슬기로울 혜,
3급II,81,2018-06-02,82,huneum_W,다음 漢字의 訓과 音을 쓰시오.,鑑,鑑,,거울 감,거울 감,
3급II,81,2018-06-02,83,huneum_W,다음 漢字의 訓과 音을 쓰시오.,版,版,,판목 판,판목 판,
3급II,81,2018-06-02,84,huneum_W,다음 漢字의 訓과 音을 쓰시오.,媒,媒,,중매 매,중매 매,
3급II,81,2018-06-02,85,huneum_W,다음 漢字의 訓과 音을 쓰시오.,愁,愁,,근심 수,근심 수,
3급II,81,2018-06-02,86,huneum_W,다음 漢字의 訓과 音을 쓰시오.,豪,豪,,호걸 호,호걸 호,
3급II,81,2018-06-02,87,huneum_W,다음 漢字의 訓과 音을 쓰시오.,備,備,,갖출 비,갖출 비,
3급II,81,2018-06-02,88,huneum_W,다음 漢字의 訓과 音을 쓰시오.,脅,脅,,위협할 협,위협할 협,
3급II,81,2018-06-02,89,huneum_W,다음 漢字의 訓과 音을 쓰시오.,蹟,蹟,,자취 적,자취 적,
3급II,81,2018-06-02,90,huneum_W,다음 漢字의 訓과 音을 쓰시오.,錯,錯,,어긋날 착,어긋날 착,
3급II,81,2018-06-02,91,huneum_W,다음 漢字의 訓과 音을 쓰시오.,刊,刊,,새길 간,새길 간,
3급II,81,2018-06-02,92,huneum_W,다음 漢字의 訓과 音을 쓰시오.,衡,衡,,저울대 형,저울대 형,
3급II,81,2018-06-02,93,huneum_W,다음 漢字의 訓과 音을 쓰시오.,浩,浩,,넓을 호,넓을 호,
3급II,81,2018-06-02,94,huneum_W,다음 漢字의 訓과 音을 쓰시오.,核,核,,씨 핵,씨 핵,
3급II,81,2018-06-02,95,huneum_W,다음 漢字의 訓과 音을 쓰시오.,澤,澤,,못 택,못 택,
3급II,81,2018-06-02,96,huneum_W,다음 漢字의 訓과 音을 쓰시오.,編,編,,엮을 편,엮을 편,
3급II,81,2018-06-02,97,huneum_W,다음 漢字의 訓과 音을 쓰시오.,削,削,,깎을 삭,깎을 삭,
3급II,81,2018-06-02,98,huneum_W,다음 漢字의 訓과 音을 쓰시오.,虎,虎,,범 호,범 호,
3급II,81,2018-06-02,99,huneum_W,다음 漢字의 訓과 音을 쓰시오.,幹,幹,,줄기 간,줄기 간,
3급II,81,2018-06-02,100,huneum_W,다음 漢字의 訓과 音을 쓰시오.,踏,踏,,밟을 답,밟을 답,
3급II,81,2018-06-02,101,huneum_W,다음 漢字의 訓과 音을 쓰시오.,催,催,,재촉할 최,재촉할 최,
3급II,81,2018-06-02,102,huneum_W,다음 漢字의 訓과 音을 쓰시오.,或,或,,혹 혹,혹 혹,
3급II,81,2018-06-02,103,jangeum_S,다음 漢字語 중 첫 음절이 길게 발음되는 것의 번호를 쓰시오.,,,"[""① 前後"", ""② 戰後""]",②,② 戰後,
3급II,81,2018-06-02,104,jangeum_S,다음 漢字語 중 첫 음절이 길게 발음되는 것의 번호를 쓰시오.,,,"[""① 古宮"", ""② 孤窮""]",①,① 古宮,
3급II,81,2018-06-02,105,jangeum_S,다음 漢字語 중 첫 음절이 길게 발음되는 것의 번호를 쓰시오.,,,"[""① 口頭"", ""➁ 句讀""]",①,① 口頭,
3급II,81,2018-06-02,106,jangeum_S,다음 漢字語 중 첫 음절이 길게 발음되는 것의 번호를 쓰시오.,,,"[""① 政黨"", ""② 正當""]",②,② 正當,
3급II,81,2018-06-02,107,jangeum_S,다음 漢字語 중 첫 음절이 길게 발음되는 것의 번호를 쓰시오.,,,"[""① 微笑"", ""② 美蘇""]",②,② 美蘇,
3급II,81,2018-06-02,108,yui_W,다음 (       ) 안에 비슷한 뜻을 가진 漢字(正字)를 써 넣어 널리 쓰이는 단어를 완성하시오.,家 - (   ),家( ),,宅,宅,
3급II,81,2018-06-02,109,yui_W,다음 (       ) 안에 비슷한 뜻을 가진 漢字(正字)를 써 넣어 널리 쓰이는 단어를 완성하시오.,慶 - (   ),慶( ),,祝,祝,
3급II,81,2018-06-02,110,yui_W,다음 (       ) 안에 비슷한 뜻을 가진 漢字(正字)를 써 넣어 널리 쓰이는 단어를 완성하시오.,受 - (   ),受( ),,領,領,
3급II,81,2018-06-02,111,yui_W,다음 (       ) 안에 비슷한 뜻을 가진 漢字(正字)를 써 넣어 널리 쓰이는 단어를 완성하시오.,永 - (   ),永( ),,遠,遠,
3급II,81,2018-06-02,112,yui_W,다음 (       ) 안에 비슷한 뜻을 가진 漢字(正字)를 써 넣어 널리 쓰이는 단어를 완성하시오.,毒 - (   ),毒( ),,害,害,
3급II,81,2018-06-02,113,banui_W,다음 ( ) 안에 뜻이 反對 또는 相對되는 漢字를 써 넣어 널리 쓰이는 단어를 만드시오.,陸 ↔ ( ),陸( ),,海,海,
3급II,81,2018-06-02,114,banui_W,다음 ( ) 안에 뜻이 反對 또는 相對되는 漢字를 써 넣어 널리 쓰이는 단어를 만드시오.,呼 ↔ ( ),呼( ),,吸,吸,
3급II,81,2018-06-02,115,banui_W,다음 ( ) 안에 뜻이 反對 또는 相對되는 漢字를 써 넣어 널리 쓰이는 단어를 만드시오.,得 ↔ ( ),得( ),,失,失,
3급II,81,2018-06-02,116,banui_W,다음 ( ) 안에 뜻이 反對 또는 相對되는 漢字를 써 넣어 널리 쓰이는 단어를 만드시오.,京 ↔ ( ),京( ),,鄕,鄕,
3급II,81,2018-06-02,117,banui_W,다음 ( ) 안에 뜻이 反對 또는 相對되는 漢字를 써 넣어 널리 쓰이는 단어를 만드시오.,起 ↔ ( ),起( ),,結,結,
3급II,81,2018-06-02,118,banuieo_W,다음 漢字語의 反對語 또는 相對語를 漢字(正字)로 쓰시오.,許可,許可,,禁止,禁止,
3급II,81,2018-06-02,119,banuieo_W,다음 漢字語의 反對語 또는 相對語를 漢字(正字)로 쓰시오.,差別,差別,,平等,平等,
3급II,81,2018-06-02,120,banuieo_W,다음 漢字語의 反對語 또는 相對語를 漢字(正字)로 쓰시오.,複雜,複雜,,單純,單純,
3급II,81,2018-06-02,121,banuieo_W,다음 漢字語의 反對語 또는 相對語를 漢字(正字)로 쓰시오.,夏至,夏至,,冬至,冬至,
3급II,81,2018-06-02,122,banuieo_W,다음 漢字語의 反對語 또는 相對語를 漢字(正字)로 쓰시오.,減少,減少,,增加,增加,
3급II,81,2018-06-02,123,dongeumeo_W,다음 漢字語의 同音異義語를 제시한 뜻에 맞는 漢字(正字)로 쓰시오.,強化 - (     ) 강의하듯 쉽게 풀어 이야기함.,強化,,講話,講話,
3급II,81,2018-06-02,124,dongeumeo_W,다음 漢字語의 同音異義語를 제시한 뜻에 맞는 漢字(正字)로 쓰시오.,槪說 - (     ) 일을 새로 만들어 시작함.,槪說,,開設,開設,
3급II,81,2018-06-02,125,dongeumeo_W,다음 漢字語의 同音異義語를 제시한 뜻에 맞는 漢字(正字)로 쓰시오.,感傷 - (     ) 마음속에 일어나는 느낌이나 생각.,感傷,,感想,感想,
3급II,81,2018-06-02,126,dongeumeo_W,다음 漢字語의 同音異義語를 제시한 뜻에 맞는 漢字(正字)로 쓰시오.,邪人 - (     ) 절의 도장.,邪人,,寺印,寺印,
3급II,81,2018-06-02,127,dongeumeo_W,다음 漢字語의 同音異義語를 제시한 뜻에 맞는 漢字(正字)로 쓰시오.,水星 - (     ) 적의 공격을 막기 위해 성을 지킴.,水星,,守城,守城,
3급II,81,2018-06-02,128,seongeo_W,다음 (       ) 안에 알맞은 漢字(正字)를 써 넣어 사자성어를 완성하시오.,(    )終如一 - 처음부터 끝까지 한결 같아 변함없음.,( )終如一,,始,始,
3급II,81,2018-06-02,129,seongeo_W,다음 (       ) 안에 알맞은 漢字(正字)를 써 넣어 사자성어를 완성하시오.,送(    )迎新 - 묵은해를 보내고 새해를 맞음.,送( )迎新,,舊,舊,
3급II,81,2018-06-02,130,seongeo_W,다음 (       ) 안에 알맞은 漢字(正字)를 써 넣어 사자성어를 완성하시오.,"北(    )三友 - 거문고, 술, 시를 아울러 이르는 말.",北( )三友,,窓,窓,
3급II,81,2018-06-02,131,seongeo_W,다음 (       ) 안에 알맞은 漢字(正字)를 써 넣어 사자성어를 완성하시오.,緣木( )魚 - 도저히 불가능한 일을 굳이 하려는 것을 비유.,緣木( )魚,,求,求,
3급II,81,2018-06-02,132,seongeo_W,다음 (       ) 안에 알맞은 漢字(正字)를 써 넣어 사자성어를 완성하시오.,百年( )淸 - 아무리 오래 기다려도 일이 이루어지기 어려움.,百年( )淸,,河,河,
3급II,81,2018-06-02,133,seongeo_W,다음 (       ) 안에 알맞은 漢字(正字)를 써 넣어 사자성어를 완성하시오.,經世( )民 - 세상을 다스리고 백성을 구함.,經世( )民,,濟,濟,
3급II,81,2018-06-02,134,seongeo_W,다음 (       ) 안에 알맞은 漢字(正字)를 써 넣어 사자성어를 완성하시오.,格物( )知 - 사물의 이치를 연구하여 지식을 확고히 함.,格物( )知,,致,致,
3급II,81,2018-06-02,135,seongeo_W,다음 (       ) 안에 알맞은 漢字(正字)를 써 넣어 사자성어를 완성하시오.,電光( )火 - 몹시 짧은 시간을 일컫는 말.,電光( )火,,石,石,
3급II,81,2018-06-02,136,seongeo_W,다음 (       ) 안에 알맞은 漢字(正字)를 써 넣어 사자성어를 완성하시오.,江湖( )波 - 강이나 호수 위에 하얗게 어린 기운.,江湖( )波,,煙,煙,
3급II,81,2018-06-02,137,seongeo_W,다음 (       ) 안에 알맞은 漢字(正字)를 써 넣어 사자성어를 완성하시오.,(   )馬看山 - 자세히 보지 않음을 가리키는 말.,( )馬看山,,走,走,
3급II,81,2018-06-02,138,busu_W,다음 漢字의 部首를 쓰시오.,需,需,,雨,雨,
3급II,81,2018-06-02,139,busu_W,다음 漢字의 部首를 쓰시오.,息,息,,心,心,
3급II,81,2018-06-02,140,busu_W,다음 漢字의 部首를 쓰시오.,危,危,,卩,卩,
3급II,81,2018-06-02,141,busu_W,다음 漢字의 部首를 쓰시오.,潤,潤,,水,水,
3급II,81,2018-06-02,142,busu_W,다음 漢字의 部首를 쓰시오.,粧,粧,,米,米,
3급II,81,2018-06-02,143,yakja_W,다음 漢字의 略字를 쓰시오.,齒,齒,,歯,歯,
3급II,81,2018-06-02,144,yakja_W,다음 漢字의 略字를 쓰시오.,號,號,,号,号,
3급II,81,2018-06-02,145,yakja_W,다음 漢字의 略字를 쓰시오.,聲,聲,,声,声,
3급II,81,2018-06-02,146,mean_W,다음 漢字語의 뜻을 쓰시오.,深夜,深夜,,깊은 밤,깊은 밤,
3급II,81,2018-06-02,147,mean_W,다음 漢字語의 뜻을 쓰시오.,是非,是非,,옳고 그름,옳고 그름,
3급II,81,2018-06-02,148,mean_W,다음 漢字語의 뜻을 쓰시오.,未久,未久,,동안이 오래지 않음,동안이 오래지 않음,
3급II,81,2018-06-02,149,mean_W,다음 漢字語의 뜻을 쓰시오.,集散,集散,,모임과 흩어짐,모임과 흩어짐,
3급II,81,2018-06-02,150,mean_W,다음 漢字語의 뜻을 쓰시오.,拜禮,拜禮,,절하는 예,절하는 예,
3급II,82,2018-08-25,1,dokeum_W,다음 밑줄 친 漢字語의 讀音을 쓰시오.,均衡 속에 있는 눈에 거슬리지 않는 破格이 수필인가 한다.,均衡,,균형,균형,
3급II,82,2018-08-25,2,dokeum_W,다음 밑줄 친 漢字語의 讀音을 쓰시오.,均衡 속에 있는 눈에 거슬리지 않는 破格이 수필인가 한다.,破格,,파격,파격,
3급II,82,2018-08-25,3,dokeum_W,다음 밑줄 친 漢字語의 讀音을 쓰시오.,나무는 주어진 분수에 滿足할 줄 안다. 厚薄과 불만족을 말하지 않는다.,滿足,,만족,만족,
3급II,82,2018-08-25,4,dokeum_W,다음 밑줄 친 漢字語의 讀音을 쓰시오.,나무는 주어진 분수에 滿足할 줄 안다. 厚薄과 불만족을 말하지 않는다.,厚薄,,후박,후박,
3급II,82,2018-08-25,5,dokeum_W,다음 밑줄 친 漢字語의 讀音을 쓰시오.,"첫째 그 의기를 배울 것이요, 둘째 그 剛直을 배우자.",剛直,,강직,강직,
3급II,82,2018-08-25,6,dokeum_W,다음 밑줄 친 漢字語의 讀音을 쓰시오.,10년을 하루같이 起居와 動靜을 같이하여 서로 사이에 一脈의 진정이 통해왔다.,起居,,기거,기거,
3급II,82,2018-08-25,7,dokeum_W,다음 밑줄 친 漢字語의 讀音을 쓰시오.,10년을 하루같이 起居와 動靜을 같이하여 서로 사이에 一脈의 진정이 통해왔다.,動靜,,동정,동정,
3급II,82,2018-08-25,8,dokeum_W,다음 밑줄 친 漢字語의 讀音을 쓰시오.,10년을 하루같이 起居와 動靜을 같이하여 서로 사이에 一脈의 진정이 통해왔다.,一脈,,일맥,일맥,
3급II,82,2018-08-25,9,dokeum_W,다음 밑줄 친 漢字語의 讀音을 쓰시오.,開放되고 국제화된 방향으로 나라를 改造해나가는 것 그 일이 나라를 救援하는 길이란 최남선의 선각은 아직도 유효하다.,開放,,개방,개방,
3급II,82,2018-08-25,10,dokeum_W,다음 밑줄 친 漢字語의 讀音을 쓰시오.,開放되고 국제화된 방향으로 나라를 改造해나가는 것 그 일이 나라를 救援하는 길이란 최남선의 선각은 아직도 유효하다.,改造,,개조,개조,
3급II,82,2018-08-25,11,dokeum_W,다음 밑줄 친 漢字語의 讀音을 쓰시오.,開放되고 국제화된 방향으로 나라를 改造해나가는 것 그 일이 나라를 救援하는 길이란 최남선의 선각은 아직도 유효하다.,救援,,구원,구원,
3급II,82,2018-08-25,12,dokeum_W,다음 밑줄 친 漢字語의 讀音을 쓰시오.,거기에는 의식에 따르는 어떠한 劇的 요소도 없이 講和에서 豫期할 수 있는 화해의 정신도 엿볼 수 없었다.,劇的,,극적,극적,
3급II,82,2018-08-25,13,dokeum_W,다음 밑줄 친 漢字語의 讀音을 쓰시오.,거기에는 의식에 따르는 어떠한 劇的 요소도 없이 講和에서 豫期할 수 있는 화해의 정신도 엿볼 수 없었다.,講和,,강화,강화,
3급II,82,2018-08-25,14,dokeum_W,다음 밑줄 친 漢字語의 讀音을 쓰시오.,거기에는 의식에 따르는 어떠한 劇的 요소도 없이 講和에서 豫期할 수 있는 화해의 정신도 엿볼 수 없었다.,豫期,,예기,예기,
3급II,82,2018-08-25,15,dokeum_W,다음 밑줄 친 漢字語의 讀音을 쓰시오.,송죽에서 변함없는 節槪를 보았고 백로에서 티 없는 純潔을 읊었다.,節槪,,절개,절개,
3급II,82,2018-08-25,16,dokeum_W,다음 밑줄 친 漢字語의 讀音을 쓰시오.,송죽에서 변함없는 節槪를 보았고 백로에서 티 없는 純潔을 읊었다.,純潔,,순결,순결,
3급II,82,2018-08-25,17,dokeum_W,다음 밑줄 친 漢字語의 讀音을 쓰시오.,역시 志操는 어느 때는 선비와 교양인과 指導者의 생명이다.,志操,,지조,지조,
3급II,82,2018-08-25,18,dokeum_W,다음 밑줄 친 漢字語의 讀音을 쓰시오.,역시 志操는 어느 때는 선비와 교양인과 指導者의 생명이다.,指導者,,지도자,지도자,
3급II,82,2018-08-25,19,dokeum_W,다음 밑줄 친 漢字語의 讀音을 쓰시오.,明鏡같이 고운 바다는 詩趣가 있어 좋고 파도치는 바다는 패기가 있어 좋다.,明鏡,,명경,명경,
3급II,82,2018-08-25,20,dokeum_W,다음 밑줄 친 漢字語의 讀音을 쓰시오.,明鏡같이 고운 바다는 詩趣가 있어 좋고 파도치는 바다는 패기가 있어 좋다.,詩趣,,시취,시취,
3급II,82,2018-08-25,21,dokeum_W,다음 漢字語의 讀音을 쓰시오.,康寧,康寧,,강녕,강녕,
3급II,82,2018-08-25,22,dokeum_W,다음 漢字語의 讀音을 쓰시오.,詳細,詳細,,상세,상세,
3급II,82,2018-08-25,23,dokeum_W,다음 漢字語의 讀音을 쓰시오.,嚴肅,嚴肅,,엄숙,엄숙,
3급II,82,2018-08-25,24,dokeum_W,다음 漢字語의 讀音을 쓰시오.,疏通,疏通,,소통,소통,
3급II,82,2018-08-25,25,dokeum_W,다음 漢字語의 讀音을 쓰시오.,遊覽,遊覽,,유람,유람,
3급II,82,2018-08-25,26,dokeum_W,다음 漢字語의 讀音을 쓰시오.,葬儀,葬儀,,장의,장의,
3급II,82,2018-08-25,27,dokeum_W,다음 漢字語의 讀音을 쓰시오.,認識,認識,,인식,인식,
3급II,82,2018-08-25,28,dokeum_W,다음 漢字語의 讀音을 쓰시오.,納稅,納稅,,납세,납세,
3급II,82,2018-08-25,29,dokeum_W,다음 漢字語의 讀音을 쓰시오.,織物,織物,,직물,직물,
3급II,82,2018-08-25,30,dokeum_W,다음 漢字語의 讀音을 쓰시오.,架設,架設,,가설,가설,
3급II,82,2018-08-25,31,dokeum_W,다음 漢字語의 讀音을 쓰시오.,錯雜,錯雜,,착잡,착잡,
3급II,82,2018-08-25,32,dokeum_W,다음 漢字語의 讀音을 쓰시오.,非但,非但,,비단,비단,
3급II,82,2018-08-25,33,dokeum_W,다음 漢字語의 讀音을 쓰시오.,爭奪,爭奪,,쟁탈,쟁탈,
3급II,82,2018-08-25,34,dokeum_W,다음 漢字語의 讀音을 쓰시오.,拳鬪,拳鬪,,권투,권투,
3급II,82,2018-08-25,35,dokeum_W,다음 漢字語의 讀音을 쓰시오.,脚光,脚光,,각광,각광,
3급II,82,2018-08-25,36,dokeum_W,다음 漢字語의 讀音을 쓰시오.,頭腦,頭腦,,두뇌,두뇌,
3급II,82,2018-08-25,37,dokeum_W,다음 漢字語의 讀音을 쓰시오.,果糖,果糖,,과당,과당,
3급II,82,2018-08-25,38,dokeum_W,다음 漢字語의 讀音을 쓰시오.,祝賀,祝賀,,축하,축하,
3급II,82,2018-08-25,39,dokeum_W,다음 漢字語의 讀音을 쓰시오.,街路,街路,,가로,가로,
3급II,82,2018-08-25,40,dokeum_W,다음 漢字語의 讀音을 쓰시오.,陷沒,陷沒,,함몰,함몰,
3급II,82,2018-08-25,41,dokeum_W,다음 漢字語의 讀音을 쓰시오.,忍耐,忍耐,,인내,인내,
3급II,82,2018-08-25,42,dokeum_W,다음 漢字語의 讀音을 쓰시오.,弊端,弊端,,폐단,폐단,
3급II,82,2018-08-25,43,dokeum_W,다음 漢字語의 讀音을 쓰시오.,看守,看守,,간수,간수,
3급II,82,2018-08-25,44,dokeum_W,다음 漢字語의 讀音을 쓰시오.,肺臟,肺臟,,폐장,폐장,
3급II,82,2018-08-25,45,dokeum_W,다음 漢字語의 讀音을 쓰시오.,捕獲,捕獲,,포획,포획,
3급II,82,2018-08-25,46,hanjaeo_W,다음 밑줄 친 낱말을 漢字(正字)로 쓰시오.,"이 책에서 제시하는 방법은 변화를 원하는 모든 이들에게 적용될 수 있다. 불어난 체중을 줄이려는 사람에게도, 인간관계를 개선하고 싶은 내성적인 사람에게도 월급을 올리고 싶은 직장인에게도 매출과 이익을 늘리려는 사장님에게도 심지어 정책 수립과 실행에 애를 먹는 지자체나 정부 기관에게도 이 책은 유용할 것이다.",제시,,提示,提示,
3급II,82,2018-08-25,47,hanjaeo_W,다음 밑줄 친 낱말을 漢字(正字)로 쓰시오.,이 책에서 제시하는 방법은 변화를 원하는 모든 이들에게 적용될 수 있다.,변화,,變化,變化,
3급II,82,2018-08-25,48,hanjaeo_W,다음 밑줄 친 낱말을 漢字(正字)로 쓰시오.,불어난 체중을 줄이려는 사람에게도...,체중,,體重,體重,
3급II,82,2018-08-25,49,hanjaeo_W,다음 밑줄 친 낱말을 漢字(正字)로 쓰시오.,인간관계를 개선하고 싶은 내성적인 사람에게도...,내성,,內省,內省,
3급II,82,2018-08-25,50,hanjaeo_W,다음 밑줄 친 낱말을 漢字(正字)로 쓰시오.,월급을 올리고 싶은 직장인에게도...,월급,,月給,月給,
3급II,82,2018-08-25,51,hanjaeo_W,다음 밑줄 친 낱말을 漢字(正字)로 쓰시오.,월급을 올리고 싶은 직장인에게도...,직장,,職場,職場,
3급II,82,2018-08-25,52,hanjaeo_W,다음 밑줄 친 낱말을 漢字(正字)로 쓰시오.,매출과 이익을 늘리려는 사장님에게도...,매출,,賣出,賣出,
3급II,82,2018-08-25,53,hanjaeo_W,다음 밑줄 친 낱말을 漢字(正字)로 쓰시오.,매출과 이익을 늘리려는 사장님에게도...,이익,,利益,利益,
3급II,82,2018-08-25,54,hanjaeo_W,다음 밑줄 친 낱말을 漢字(正字)로 쓰시오.,정책 수립과 실행에 애를 먹는 지자체나 정부 기관에게도...,수립,,樹立,樹立,
3급II,82,2018-08-25,55,hanjaeo_W,다음 밑줄 친 낱말을 漢字(正字)로 쓰시오.,정책 수립과 실행에 애를 먹는 지자체나 정부 기관에게도...,실행,,實行,實行,
3급II,82,2018-08-25,56,hanjaeo_W,다음 밑줄 친 낱말을 漢字(正字)로 쓰시오.,정책 수립과 실행에 애를 먹는 지자체나 정부 기관에게도...,정부,,政府,政府,
3급II,82,2018-08-25,57,hanjaeo_W,다음 밑줄 친 낱말을 漢字(正字)로 쓰시오.,이 책은 유용할 것이다.,유용,,有用,有用,
3급II,82,2018-08-25,58,hanjaeo_W,다음 밑줄 친 낱말을 漢字(正字)로 쓰시오.,나는 우리 시대의 사람들이 스트레스나 걱정이라는 말 대신 왜 두려움이라는 표현을 선호하는지 궁금했다. 그에 대한 답은 의사들이 교육받는 현장에서 찾을 수 있었다.,표현,,表現,表現,
3급II,82,2018-08-25,59,hanjaeo_W,다음 밑줄 친 낱말을 漢字(正字)로 쓰시오.,나는 우리 시대의 사람들이 스트레스나 걱정이라는 말 대신 왜 두려움이라는 표현을 선호하는지 궁금했다.,선호,,選好,選好,
3급II,82,2018-08-25,60,hanjaeo_W,다음 밑줄 친 낱말을 漢字(正字)로 쓰시오.,그에 대한 답은 의사들이 교육받는 현장에서 찾을 수 있었다.,의사,,醫師,醫師,
3급II,82,2018-08-25,61,hanjaeo_W,다음 밑줄 친 낱말을 漢字(正字)로 쓰시오.,두려움을 당연하게 받아들이고 야망을 품었을 때 자연스럽게 나타나는 신호로 이해하는 것이 희망을 유지하고 세상을 더 낙관적으로 만들 수 있는 방법이다.,당연,,當然,當然,
3급II,82,2018-08-25,62,hanjaeo_W,다음 밑줄 친 낱말을 漢字(正字)로 쓰시오.,두려움을 당연하게 받아들이고 야망을 품었을 때...,야망,,野望,野望,
3급II,82,2018-08-25,63,hanjaeo_W,다음 밑줄 친 낱말을 漢字(正字)로 쓰시오.,자연스럽게 나타나는 신호로 이해하는 것이...,신호,,信號,信號,
3급II,82,2018-08-25,64,hanjaeo_W,다음 밑줄 친 낱말을 漢字(正字)로 쓰시오.,희망을 유지하고 세상을 더 낙관적으로 만들 수 있는 방법이다.,낙관,,樂觀,樂觀,
3급II,82,2018-08-25,65,hanjaeo_W,다음 밑줄 친 낱말을 漢字(正字)로 쓰시오.,연구에 의하면 작은 정보에 세심한 주의를 기울여야 한다고 한다.,연구,,硏究,硏究,
3급II,82,2018-08-25,66,hanjaeo_W,다음 밑줄 친 낱말을 漢字(正字)로 쓰시오.,연구에 의하면 작은 정보에 세심한 주의를 기울여야 한다고 한다.,정보,,情報,情報,
3급II,82,2018-08-25,67,hanjaeo_W,다음 밑줄 친 낱말을 漢字(正字)로 쓰시오.,연구에 의하면 작은 정보에 세심한 주의를 기울여야 한다고 한다.,주의,,注意,注意,
3급II,82,2018-08-25,68,hanjaeo_W,다음 밑줄 친 낱말을 漢字(正字)로 쓰시오.,급진적이고 혁명적인 방법을 통해 목표에 도달하고자 하는 시도들은 두려움을 증가시키기 때문에 대개 실패하기 마련이다.,급진,,急進,急進,
3급II,82,2018-08-25,69,hanjaeo_W,다음 밑줄 친 낱말을 漢字(正字)로 쓰시오.,급진적이고 혁명적인 방법을 통해 목표에 도달하고자 하는 시도들은...,도달,,到達,到達,
3급II,82,2018-08-25,70,hanjaeo_W,다음 밑줄 친 낱말을 漢字(正字)로 쓰시오.,두려움을 증가시키기 때문에 대개 실패하기 마련이다.,증가,,增加,增加,
3급II,82,2018-08-25,71,hanjaeo_W,다음 밑줄 친 낱말을 漢字(正字)로 쓰시오.,두려움을 증가시키기 때문에 대개 실패하기 마련이다.,실패,,失敗,失敗,
3급II,82,2018-08-25,72,hanjaeo_W,다음 밑줄 친 낱말을 漢字(正字)로 쓰시오.,심리학에 의하면 과소평가 받는 사람들은 비판에 대해서 노기로 맞서고 충고에 대해서는 무시로 대응하는 성향이 있다고 한다.,과소,,過小,過小,
3급II,82,2018-08-25,73,hanjaeo_W,다음 밑줄 친 낱말을 漢字(正字)로 쓰시오.,비판에 대해서 노기로 맞서고...,노기,,怒氣,怒氣,
3급II,82,2018-08-25,74,hanjaeo_W,다음 밑줄 친 낱말을 漢字(正字)로 쓰시오.,충고에 대해서는 무시로 대응하는 성향이 있다고 한다.,충고,,忠告,忠告,
3급II,82,2018-08-25,75,hanjaeo_W,다음 밑줄 친 낱말을 漢字(正字)로 쓰시오.,대응하는 성향이 있다고 한다.,성향,,性向,性向,
3급II,82,2018-08-25,76,huneum_W,다음 漢字의 訓과 音을 쓰시오.,爐,爐,,화로 로,화로 로,
3급II,82,2018-08-25,77,huneum_W,다음 漢字의 訓과 音을 쓰시오.,諾,諾,,허락할 낙,허락할 낙,
3급II,82,2018-08-25,78,huneum_W,다음 漢字의 訓과 音을 쓰시오.,娘,娘,,계집 낭,계집 낭,
3급II,82,2018-08-25,79,huneum_W,다음 漢字의 訓과 音을 쓰시오.,症,症,,증세 증,증세 증,
3급II,82,2018-08-25,80,huneum_W,다음 漢字의 訓과 音을 쓰시오.,紋,紋,,무늬 문,무늬 문,
3급II,82,2018-08-25,81,huneum_W,다음 漢字의 訓과 音을 쓰시오.,督,督,,감독할 독,감독할 독,
3급II,82,2018-08-25,82,huneum_W,다음 漢字의 訓과 音을 쓰시오.,樓,樓,,다락 루,다락 루,
3급II,82,2018-08-25,83,huneum_W,다음 漢字의 訓과 音을 쓰시오.,練,練,,익힐 련,익힐 련,
3급II,82,2018-08-25,84,huneum_W,다음 漢字의 訓과 音을 쓰시오.,逸,逸,,편안할 일,편안할 일,
3급II,82,2018-08-25,85,huneum_W,다음 漢字의 訓과 音을 쓰시오.,促,促,,재촉할 촉,재촉할 촉,
3급II,82,2018-08-25,86,huneum_W,다음 漢字의 訓과 音을 쓰시오.,隔,隔,,사이뜰 격,사이뜰 격,
3급II,82,2018-08-25,87,huneum_W,다음 漢字의 訓과 音을 쓰시오.,謙,謙,,겸손할 겸,겸손할 겸,
3급II,82,2018-08-25,88,huneum_W,다음 漢字의 訓과 音을 쓰시오.,廊,廊,,사랑채/행랑 랑,사랑채/행랑 랑,
3급II,82,2018-08-25,89,huneum_W,다음 漢字의 訓과 音을 쓰시오.,妃,妃,,왕비 비,왕비 비,
3급II,82,2018-08-25,90,huneum_W,다음 漢字의 訓과 音을 쓰시오.,浦,浦,,개 포,개 포,
3급II,82,2018-08-25,91,huneum_W,다음 漢字의 訓과 音을 쓰시오.,淑,淑,,맑을 숙,맑을 숙,
3급II,82,2018-08-25,92,huneum_W,다음 漢字의 訓과 音을 쓰시오.,閣,閣,,집 각,집 각,
3급II,82,2018-08-25,93,huneum_W,다음 漢字의 訓과 音을 쓰시오.,孟,孟,,맏 맹,맏 맹,
3급II,82,2018-08-25,94,huneum_W,다음 漢字의 訓과 音을 쓰시오.,廷,廷,,조정 정,조정 정,
3급II,82,2018-08-25,95,huneum_W,다음 漢字의 訓과 音을 쓰시오.,澤,澤,,못 택,못 택,
3급II,82,2018-08-25,96,huneum_W,다음 漢字의 訓과 音을 쓰시오.,胡,胡,,되 호,되 호,
3급II,82,2018-08-25,97,huneum_W,다음 漢字의 訓과 音을 쓰시오.,乾,乾,,하늘/마를 건,하늘/마를 건,
3급II,82,2018-08-25,98,huneum_W,다음 漢字의 訓과 音을 쓰시오.,距,距,,상거할 거,상거할 거,
3급II,82,2018-08-25,99,huneum_W,다음 漢字의 訓과 音을 쓰시오.,鋼,鋼,,강철 강,강철 강,
3급II,82,2018-08-25,100,huneum_W,다음 漢字의 訓과 音을 쓰시오.,項,項,,항목 항,항목 항,
3급II,82,2018-08-25,101,huneum_W,다음 漢字의 訓과 音을 쓰시오.,橫,橫,,가로 횡,가로 횡,
3급II,82,2018-08-25,102,huneum_W,다음 漢字의 訓과 音을 쓰시오.,穴,穴,,굴 혈,굴 혈,
3급II,82,2018-08-25,103,jangeum_S,다음 漢字語 중 첫 음절이 길게 발음되는 것의 번호를 쓰시오.,,,"[""① 校舍"", ""② 巧邪""]",①,① 校舍,
3급II,82,2018-08-25,104,jangeum_S,다음 漢字語 중 첫 음절이 길게 발음되는 것의 번호를 쓰시오.,,,"[""① 天才"", ""② 淺才""]",②,② 淺才,
3급II,82,2018-08-25,105,jangeum_S,다음 漢字語 중 첫 음절이 길게 발음되는 것의 번호를 쓰시오.,,,"[""① 恒久"", ""② 港口""]",②,② 港口,
3급II,82,2018-08-25,106,jangeum_S,다음 漢字語 중 첫 음절이 길게 발음되는 것의 번호를 쓰시오.,,,"[""① 宣戰"", ""② 善戰""]",②,② 善戰,
3급II,82,2018-08-25,107,jangeum_S,다음 漢字語 중 첫 음절이 길게 발음되는 것의 번호를 쓰시오.,,,"[""① 盡心"", ""② 眞心""]",①,① 盡心,
3급II,82,2018-08-25,108,yui_W,다음 (          ) 안에 비슷한 뜻을 가진 漢字(正字)를 써 넣어 널리 쓰이는 단어를 완성하시오.,美 - (   ),美( ),,麗,麗,
3급II,82,2018-08-25,109,yui_W,다음 (          ) 안에 비슷한 뜻을 가진 漢字(正字)를 써 넣어 널리 쓰이는 단어를 완성하시오.,靈 - (   ),靈( ),,神,神,
3급II,82,2018-08-25,110,yui_W,다음 (          ) 안에 비슷한 뜻을 가진 漢字(正字)를 써 넣어 널리 쓰이는 단어를 완성하시오.,質 - (   ),質( ),,朴,朴,
3급II,82,2018-08-25,111,yui_W,다음 (          ) 안에 비슷한 뜻을 가진 漢字(正字)를 써 넣어 널리 쓰이는 단어를 완성하시오.,具 - (   ),具( ),,備,備,
3급II,82,2018-08-25,112,yui_W,다음 (          ) 안에 비슷한 뜻을 가진 漢字(正字)를 써 넣어 널리 쓰이는 단어를 완성하시오.,恭 - (   ),恭( ),,敬,敬,
3급II,82,2018-08-25,113,banui_W,다음 ( ) 안에 뜻이 反對 또는 相對되는 漢字를 써 넣어 널리 쓰이는 단어를 만드시오.,攻 ↔ ( ),攻( ),,防,防,
3급II,82,2018-08-25,114,banui_W,다음 ( ) 안에 뜻이 反對 또는 相對되는 漢字를 써 넣어 널리 쓰이는 단어를 만드시오.,陰 ↔ ( ),陰( ),,陽,陽,
3급II,82,2018-08-25,115,banui_W,다음 ( ) 안에 뜻이 反對 또는 相對되는 漢字를 써 넣어 널리 쓰이는 단어를 만드시오.,及 ↔ ( ),及( ),,落,落,
3급II,82,2018-08-25,116,banui_W,다음 ( ) 안에 뜻이 反對 또는 相對되는 漢字를 써 넣어 널리 쓰이는 단어를 만드시오.,集 ↔ ( ),集( ),,配,配,
3급II,82,2018-08-25,117,banui_W,다음 ( ) 안에 뜻이 反對 또는 相對되는 漢字를 써 넣어 널리 쓰이는 단어를 만드시오.,投 ↔ ( ),投( ),,打,打,
3급II,82,2018-08-25,118,banuieo_W,다음 漢字語의 反對語 또는 相對語를 漢字(正字)로 쓰시오.,溫暖,溫暖,,寒冷,寒冷,
3급II,82,2018-08-25,119,banuieo_W,다음 漢字語의 反對語 또는 相對語를 漢字(正字)로 쓰시오.,白晝,白晝,,深夜,深夜,
3급II,82,2018-08-25,120,banuieo_W,다음 漢字語의 反對語 또는 相對語를 漢字(正字)로 쓰시오.,總角,總角,,處女,處女,
3급II,82,2018-08-25,121,banuieo_W,다음 漢字語의 反對語 또는 相對語를 漢字(正字)로 쓰시오.,許可,許可,,禁止,禁止,
3급II,82,2018-08-25,122,banuieo_W,다음 漢字語의 反對語 또는 相對語를 漢字(正字)로 쓰시오.,怨恨,怨恨,,恩惠,恩惠,
3급II,82,2018-08-25,123,dongeumeo_W,다음 漢字語의 同音異義語를 제시한 뜻에 맞는 漢字(正字)로 쓰시오.,感謝 - (    ) 감독하고 검사함.,感謝,,監査,監査,
3급II,82,2018-08-25,124,dongeumeo_W,다음 漢字語의 同音異義語를 제시한 뜻에 맞는 漢字(正字)로 쓰시오.,強辯 - (    ) 강가.,強辯,,江邊,江邊,
3급II,82,2018-08-25,125,dongeumeo_W,다음 漢字語의 同音異義語를 제시한 뜻에 맞는 漢字(正字)로 쓰시오.,單元 - (    ) 어떤 단체에 속한 사람.,單元,,團員,團員,
3급II,82,2018-08-25,126,dongeumeo_W,다음 漢字語의 同音異義語를 제시한 뜻에 맞는 漢字(正字)로 쓰시오.,"契機 - (    ) 길이, 무게 따위나 온도, 강도를 재는 기구.",契機,,計器,計器,
3급II,82,2018-08-25,127,dongeumeo_W,다음 漢字語의 同音異義語를 제시한 뜻에 맞는 漢字(正字)로 쓰시오.,警戒 - (     ) 사물이나 지역이 분간되는 한계.,警戒,,境界,境界,
3급II,82,2018-08-25,128,seongeo_W,다음 (       ) 안에 알맞은 漢字(正字)를 써 넣어 사자성어를 완성하시오.,同(    )異夢 - 같은 잠자리에서 다른 꿈을 꿈.,同( )異夢,,床,床,
3급II,82,2018-08-25,129,seongeo_W,다음 (       ) 안에 알맞은 漢字(正字)를 써 넣어 사자성어를 완성하시오.,滅私( )公 - 사적인 것을 버리고 공적인 것을 위해 일함.,滅私( )公,,奉,奉,
3급II,82,2018-08-25,130,seongeo_W,다음 (       ) 안에 알맞은 漢字(正字)를 써 넣어 사자성어를 완성하시오.,面從腹(     ) - 겉으로는 복종하면서도 속으로 배신함.,面從腹( ),,背,背,
3급II,82,2018-08-25,131,seongeo_W,다음 (       ) 안에 알맞은 漢字(正字)를 써 넣어 사자성어를 완성하시오.,夫唱( )隨 - 남편이 부르면 아내가 따른다는 뜻.,夫唱( )隨,,婦,婦,
3급II,82,2018-08-25,132,seongeo_W,다음 (       ) 안에 알맞은 漢字(正字)를 써 넣어 사자성어를 완성하시오.,(    )東肉西 - 제사 때 생선은 동쪽에 고기는 서쪽에 놓음.,( )東肉西,,魚,魚,
3급II,82,2018-08-25,133,seongeo_W,다음 (       ) 안에 알맞은 漢字(正字)를 써 넣어 사자성어를 완성하시오.,雨順風(     ) - 비가 때맞추어 알맞게 내리고 바람이 고르게 붐.,雨順風( ),,調,調,
3급II,82,2018-08-25,134,seongeo_W,다음 (       ) 안에 알맞은 漢字(正字)를 써 넣어 사자성어를 완성하시오.,(    )兆蒼生 - 수많은 백성.,( )兆蒼生,,億,億,
3급II,82,2018-08-25,135,seongeo_W,다음 (       ) 안에 알맞은 漢字(正字)를 써 넣어 사자성어를 완성하시오.,竹馬( )友 - 어릴 때부터 친하게 사귄 벗.,竹馬( )友,,故,故,
3급II,82,2018-08-25,136,seongeo_W,다음 (       ) 안에 알맞은 漢字(正字)를 써 넣어 사자성어를 완성하시오.,衆寡不(    ) - 적은 사람으로 많은 사람을 대적하지 못함.,衆寡不( ),,敵,敵,
3급II,82,2018-08-25,137,seongeo_W,다음 (       ) 안에 알맞은 漢字(正字)를 써 넣어 사자성어를 완성하시오.,自初( )終 - 처음부터 끝까지 이르는 동안 또 그 사실.,自初( )終,,至,至,
3급II,82,2018-08-25,138,busu_W,다음 漢字의 部首를 쓰시오.,拜,拜,,手,手,
3급II,82,2018-08-25,139,busu_W,다음 漢字의 部首를 쓰시오.,産,産,,生,生,
3급II,82,2018-08-25,140,busu_W,다음 漢字의 部首를 쓰시오.,貧,貧,,貝,貝,
3급II,82,2018-08-25,141,busu_W,다음 漢字의 部首를 쓰시오.,祭,祭,,示,示,
3급II,82,2018-08-25,142,busu_W,다음 漢字의 部首를 쓰시오.,演,演,,水,水,
3급II,82,2018-08-25,143,yakja_W,다음 漢字의 略字를 쓰시오.,餘,餘,,余,余,
3급II,82,2018-08-25,144,yakja_W,다음 漢字의 略字를 쓰시오.,榮,榮,,栄,栄,
3급II,82,2018-08-25,145,yakja_W,다음 漢字의 略字를 쓰시오.,擔,擔,,担,担,
3급II,82,2018-08-25,146,mean_W,다음 漢字語의 뜻을 쓰시오.,哀歡,哀歡,,슬픔과 기쁨,슬픔과 기쁨,
3급II,82,2018-08-25,147,mean_W,다음 漢字語의 뜻을 쓰시오.,假名,假名,,거짓 이름,거짓 이름,
3급II,82,2018-08-25,148,mean_W,다음 漢字語의 뜻을 쓰시오.,形影,形影,,형체와 그림자,형체와 그림자,
3급II,82,2018-08-25,149,mean_W,다음 漢字語의 뜻을 쓰시오.,氷炭,氷炭,,얼음과 숯(정반대),얼음과 숯(정반대),
3급II,82,2018-08-25,150,mean_W,다음 漢字語의 뜻을 쓰시오.,群雄,群雄,,여러 영웅,여러 영웅,
3급II,83,2018-11-24,1,dokeum_W,다음 밑줄 친 漢字語의 讀音을 쓰시오.,祈雨祭를 지내던 溪谷 끝까지 내려와 가재를 잡아먹는 곰을 본 사람도 있습니다.,祈雨祭,,기우제,기우제,
3급II,83,2018-11-24,2,dokeum_W,다음 밑줄 친 漢字語의 讀音을 쓰시오.,祈雨祭를 지내던 溪谷 끝까지 내려와 가재를 잡아먹는 곰을 본 사람도 있습니다.,溪谷,,계곡,계곡,
3급II,83,2018-11-24,3,dokeum_W,다음 밑줄 친 漢字語의 讀音을 쓰시오.,밤이 되면 그믐 漆夜에 팔봉산도 사람이 寢所로 들어가듯 아주 없어져 버립니다.,漆夜,,칠야,칠야,
3급II,83,2018-11-24,4,dokeum_W,다음 밑줄 친 漢字語의 讀音을 쓰시오.,밤이 되면 그믐 漆夜에 팔봉산도 사람이 寢所로 들어가듯 아주 없어져 버립니다.,寢所,,침소,침소,
3급II,83,2018-11-24,5,dokeum_W,다음 밑줄 친 漢字語의 讀音을 쓰시오.,팔봉산 허리를 넘는 鐵骨 전신주가 소식의 제목만을 符號로 전하는 것 같습니다.,鐵骨,,철골,철골,
3급II,83,2018-11-24,6,dokeum_W,다음 밑줄 친 漢字語의 讀音을 쓰시오.,팔봉산 허리를 넘는 鐵骨 전신주가 소식의 제목만을 符號로 전하는 것 같습니다.,符號,,부호,부호,
3급II,83,2018-11-24,7,dokeum_W,다음 밑줄 친 漢字語의 讀音을 쓰시오.,그들을 보냄이 너의 타고난 天職이며 그 길을 引導하고 그 길을 가리킴이 너의 천명이다.,天職,,천직,천직,
3급II,83,2018-11-24,8,dokeum_W,다음 밑줄 친 漢字語의 讀音을 쓰시오.,그들을 보냄이 너의 타고난 天職이며 그 길을 引導하고 그 길을 가리킴이 너의 천명이다.,引導,,인도,인도,
3급II,83,2018-11-24,9,dokeum_W,다음 밑줄 친 漢字語의 讀音을 쓰시오.,貞操의 고귀성이 여기에 있다. 지조도 마찬가지다. 자기 사상과 信念과 양심과 주체는 집어던지고 시세에 따라 명리의 세도에 參與한다.,貞操,,정조,정조,
3급II,83,2018-11-24,10,dokeum_W,다음 밑줄 친 漢字語의 讀音을 쓰시오.,자기 사상과 信念과 양심과 주체는 집어던지고 시세에 따라 명리의 세도에 參與한다.,信念,,신념,신념,
3급II,83,2018-11-24,11,dokeum_W,다음 밑줄 친 漢字語의 讀音을 쓰시오.,자기 사상과 信念과 양심과 주체는 집어던지고 시세에 따라 명리의 세도에 參與한다.,參與,,참여,참여,
3급II,83,2018-11-24,12,dokeum_W,다음 밑줄 친 漢字語의 讀音을 쓰시오.,"행위의 선악을 判斷하기도 전에 행위하는 것, 그것이 바로 熱情이며 아픔인 것이다. 그 아픔이 본능적 慾望의 순수라면 무엇을 주저할 것인가.",判斷,,판단,판단,
3급II,83,2018-11-24,13,dokeum_W,다음 밑줄 친 漢字語의 讀音을 쓰시오.,"행위의 선악을 判斷하기도 전에 행위하는 것, 그것이 바로 熱情이며 아픔인 것이다.",熱情,,열정,열정,
3급II,83,2018-11-24,14,dokeum_W,다음 밑줄 친 漢字語의 讀音을 쓰시오.,그 아픔이 본능적 慾望의 순수라면 무엇을 주저할 것인가.,慾望,,욕망,욕망,
3급II,83,2018-11-24,15,dokeum_W,다음 밑줄 친 漢字語의 讀音을 쓰시오.,자유가 喪失되어 가고 있다는 것을 우리는 이성의 慧眼으로 직시한다.,喪失,,상실,상실,
3급II,83,2018-11-24,16,dokeum_W,다음 밑줄 친 漢字語의 讀音을 쓰시오.,자유가 喪失되어 가고 있다는 것을 우리는 이성의 慧眼으로 직시한다.,慧眼,,혜안,혜안,
3급II,83,2018-11-24,17,dokeum_W,다음 밑줄 친 漢字語의 讀音을 쓰시오.,자유와 권리에 따르는 責任과 義務를 다하여 봉사하는 국민 精神을 드높인다.,責任,,책임,책임,
3급II,83,2018-11-24,18,dokeum_W,다음 밑줄 친 漢字語의 讀音을 쓰시오.,자유와 권리에 따르는 責任과 義務를 다하여 봉사하는 국민 精神을 드높인다.,義務,,의무,의무,
3급II,83,2018-11-24,19,dokeum_W,다음 밑줄 친 漢字語의 讀音을 쓰시오.,자유와 권리에 따르는 責任과 義務를 다하여 봉사하는 국민 精神을 드높인다.,精神,,정신,정신,
3급II,83,2018-11-24,20,dokeum_W,다음 밑줄 친 漢字語의 讀音을 쓰시오.,잠자리에 드니 고요하기가 僧房에서 참선에 들어간 스님 같다.,僧房,,승방,승방,
3급II,83,2018-11-24,21,dokeum_W,다음 漢字語의 讀音을 쓰시오.,筆耕,筆耕,,필경,필경,
3급II,83,2018-11-24,22,dokeum_W,다음 漢字語의 讀音을 쓰시오.,許諾,許諾,,허락,허락,
3급II,83,2018-11-24,23,dokeum_W,다음 漢字語의 讀音을 쓰시오.,奴婢,奴婢,,노비,노비,
3급II,83,2018-11-24,24,dokeum_W,다음 漢字語의 讀音을 쓰시오.,扶助,扶助,,부조,부조,
3급II,83,2018-11-24,25,dokeum_W,다음 漢字語의 讀音을 쓰시오.,電波,電波,,전파,전파,
3급II,83,2018-11-24,26,dokeum_W,다음 漢字語의 讀音을 쓰시오.,安寧,安寧,,안녕,안녕,
3급II,83,2018-11-24,27,dokeum_W,다음 漢字語의 讀音을 쓰시오.,糖類,糖類,,당류,당류,
3급II,83,2018-11-24,28,dokeum_W,다음 漢字語의 讀音을 쓰시오.,監察,監察,,감찰,감찰,
3급II,83,2018-11-24,29,dokeum_W,다음 漢字語의 讀音을 쓰시오.,啓蒙,啓蒙,,계몽,계몽,
3급II,83,2018-11-24,30,dokeum_W,다음 漢字語의 讀音을 쓰시오.,泥炭,泥炭,,이탄,이탄,
3급II,83,2018-11-24,31,dokeum_W,다음 漢字語의 讀音을 쓰시오.,街頭,街頭,,가두,가두,
3급II,83,2018-11-24,32,dokeum_W,다음 漢字語의 讀音을 쓰시오.,色彩,色彩,,색채,색채,
3급II,83,2018-11-24,33,dokeum_W,다음 漢字語의 讀音을 쓰시오.,落雷,落雷,,낙뢰,낙뢰,
3급II,83,2018-11-24,34,dokeum_W,다음 漢字語의 讀音을 쓰시오.,履行,履行,,이행,이행,
3급II,83,2018-11-24,35,dokeum_W,다음 漢字語의 讀音을 쓰시오.,樓閣,樓閣,,누각,누각,
3급II,83,2018-11-24,36,dokeum_W,다음 漢字語의 讀音을 쓰시오.,謙讓,謙讓,,겸양,겸양,
3급II,83,2018-11-24,37,dokeum_W,다음 漢字語의 讀音을 쓰시오.,懇切,懇切,,간절,간절,
3급II,83,2018-11-24,38,dokeum_W,다음 漢字語의 讀音을 쓰시오.,總評,總評,,총평,총평,
3급II,83,2018-11-24,39,dokeum_W,다음 漢字語의 讀音을 쓰시오.,捕獲,捕獲,,포획,포획,
3급II,83,2018-11-24,40,dokeum_W,다음 漢字語의 讀音을 쓰시오.,明鏡,明鏡,,명경,명경,
3급II,83,2018-11-24,41,dokeum_W,다음 漢字語의 讀音을 쓰시오.,偏向,偏向,,편향,편향,
3급II,83,2018-11-24,42,dokeum_W,다음 漢字語의 讀音을 쓰시오.,段階,段階,,단계,단계,
3급II,83,2018-11-24,43,dokeum_W,다음 漢字語의 讀音을 쓰시오.,陷沒,陷沒,,함몰,함몰,
3급II,83,2018-11-24,44,dokeum_W,다음 漢字語의 讀音을 쓰시오.,賀客,賀客,,하객,하객,
3급II,83,2018-11-24,45,dokeum_W,다음 漢字語의 讀音을 쓰시오.,郞君,郞君,,낭군,낭군,
3급II,83,2018-11-24,46,hanjaeo_W,다음 밑줄 친 낱말을 漢字(正字)로 쓰시오.,작은 해결이 큰 사고를 방지한다.,해결,,解決,解決,
3급II,83,2018-11-24,47,hanjaeo_W,다음 밑줄 친 낱말을 漢字(正字)로 쓰시오.,작은 해결이 큰 사고를 방지한다.,사고,,事故,事故,
3급II,83,2018-11-24,48,hanjaeo_W,다음 밑줄 친 낱말을 漢字(正字)로 쓰시오.,작은 해결이 큰 사고를 방지한다.,방지,,防止,防止,
3급II,83,2018-11-24,49,hanjaeo_W,다음 밑줄 친 낱말을 漢字(正字)로 쓰시오.,"미시간 대학 경영학과 교수인 칼 바이크 박사는 실수와 관련하여 흥미로운 연구를 한 적이 있다. 그의 연구 대상은 응급실, 항공모함, 항공 관제 센터, 원자로 통제실, 소방서에 근무하는 사람들이었다.",교수,,敎授,敎授,
3급II,83,2018-11-24,50,hanjaeo_W,다음 밑줄 친 낱말을 漢字(正字)로 쓰시오.,미시간 대학 경영학과 교수인 칼 바이크 박사는 실수와 관련하여 흥미로운 연구를 한 적이 있다.,박사,,博士,博士,
3급II,83,2018-11-24,51,hanjaeo_W,다음 밑줄 친 낱말을 漢字(正字)로 쓰시오.,실수와 관련하여 흥미로운 연구를 한 적이 있다.,흥미,,興味,興味,
3급II,83,2018-11-24,52,hanjaeo_W,다음 밑줄 친 낱말을 漢字(正字)로 쓰시오.,실수와 관련하여 흥미로운 연구를 한 적이 있다.,연구,,硏究,硏究,
3급II,83,2018-11-24,53,hanjaeo_W,다음 밑줄 친 낱말을 漢字(正字)로 쓰시오.,"그의 연구 대상은 응급실, 항공모함, 항공 관제 센터, 원자로 통제실, 소방서에 근무하는 사람들이었다.",응급,,應急,應急,
3급II,83,2018-11-24,54,hanjaeo_W,다음 밑줄 친 낱말을 漢字(正字)로 쓰시오.,"그의 연구 대상은 응급실, 항공모함, 항공 관제 센터, 원자로 통제실, 소방서에 근무하는 사람들이었다.",항공,,航空,航空,
3급II,83,2018-11-24,55,hanjaeo_W,다음 밑줄 친 낱말을 漢字(正字)로 쓰시오.,"그의 연구 대상은 응급실, 항공모함, 항공 관제 센터, 원자로 통제실, 소방서에 근무하는 사람들이었다.",통제,,統制,統制,
3급II,83,2018-11-24,56,hanjaeo_W,다음 밑줄 친 낱말을 漢字(正字)로 쓰시오.,그녀의 남편은 공감대가 부족한 사람이었다. 친구가 전화로 심각한 문제를 상담해 와도 관심을 보이는 법이 없었다.,남편,,男便,男便,
3급II,83,2018-11-24,57,hanjaeo_W,다음 밑줄 친 낱말을 漢字(正字)로 쓰시오.,친구가 전화로 심각한 문제를 상담해 와도 관심을 보이는 법이 없었다.,친구,,親舊,親舊,
3급II,83,2018-11-24,58,hanjaeo_W,다음 밑줄 친 낱말을 漢字(正字)로 쓰시오.,친구가 전화로 심각한 문제를 상담해 와도 관심을 보이는 법이 없었다.,관심,,關心,關心,
3급II,83,2018-11-24,59,hanjaeo_W,다음 밑줄 친 낱말을 漢字(正字)로 쓰시오.,체육관에서 운동을 시작했는데 무릎에 통증이 느껴진다면 이 신호를 무시할 수 있겠는가? 이 경우 운동의 속도를 늦추거나 운동량을 조절해야 할 것이다. 또 통증이 지속된다면 의사를 찾아가야 한다.,운동,,運動,運動,
3급II,83,2018-11-24,60,hanjaeo_W,다음 밑줄 친 낱말을 漢字(正字)로 쓰시오.,체육관에서 운동을 시작했는데 무릎에 통증이 느껴진다면...,시작,,始作,始作,
3급II,83,2018-11-24,61,hanjaeo_W,다음 밑줄 친 낱말을 漢字(正字)로 쓰시오.,이 경우 운동의 속도를 늦추거나 운동량을 조절해야 할 것이다.,속도,,速度,速度,
3급II,83,2018-11-24,62,hanjaeo_W,다음 밑줄 친 낱말을 漢字(正字)로 쓰시오.,이 경우 운동의 속도를 늦추거나 운동량을 조절해야 할 것이다.,조절,,調節,調節,
3급II,83,2018-11-24,63,hanjaeo_W,다음 밑줄 친 낱말을 漢字(正字)로 쓰시오.,또 통증이 지속된다면 의사를 찾아가야 한다.,의사,,醫師,醫師,
3급II,83,2018-11-24,64,hanjaeo_W,다음 밑줄 친 낱말을 漢字(正字)로 쓰시오.,참된 창조자는 항상 흔해 빠지고 하찮은 것에 주목할 만한 의의를 발견하는 사람이다.,창조,,創造,創造,
3급II,83,2018-11-24,65,hanjaeo_W,다음 밑줄 친 낱말을 漢字(正字)로 쓰시오.,참된 창조자는 항상 흔해 빠지고 하찮은 것에 주목할 만한 의의를 발견하는 사람이다.,주목,,注目,注目,
3급II,83,2018-11-24,66,hanjaeo_W,다음 밑줄 친 낱말을 漢字(正字)로 쓰시오.,참된 창조자는 항상 흔해 빠지고 하찮은 것에 주목할 만한 의의를 발견하는 사람이다.,발견,,發見,發見,
3급II,83,2018-11-24,67,hanjaeo_W,다음 밑줄 친 낱말을 漢字(正字)로 쓰시오.,진보의 위대한 순간은 아주 작은 것에 주의를 기울이는 평범한 일상으로부터 시작된다.,진보,,進步,進步,
3급II,83,2018-11-24,68,hanjaeo_W,다음 밑줄 친 낱말을 漢字(正字)로 쓰시오.,진보의 위대한 순간은 아주 작은 것에 주의를 기울이는 평범한 일상으로부터 시작된다.,위대,,偉大,偉大,
3급II,83,2018-11-24,69,hanjaeo_W,다음 밑줄 친 낱말을 漢字(正字)로 쓰시오.,진보의 위대한 순간은 아주 작은 것에 주의를 기울이는 평범한 일상으로부터 시작된다.,일상,,日常,日常,
3급II,83,2018-11-24,70,hanjaeo_W,다음 밑줄 친 낱말을 漢字(正字)로 쓰시오.,모두들 자신이 제안한 아이디어가 실현되고 하루하루 삶의 과정이 개선되는 것에 만족감을 표현했다.,제안,,提案,提案,
3급II,83,2018-11-24,71,hanjaeo_W,다음 밑줄 친 낱말을 漢字(正字)로 쓰시오.,모두들 자신이 제안한 아이디어가 실현되고 하루하루 삶의 과정이 개선되는 것에 만족감을 표현했다.,실현,,實現,實現,
3급II,83,2018-11-24,72,hanjaeo_W,다음 밑줄 친 낱말을 漢字(正字)로 쓰시오.,모두들 자신이 제안한 아이디어가 실현되고 하루하루 삶의 과정이 개선되는 것에 만족감을 표현했다.,과정,,過程,過程,
3급II,83,2018-11-24,73,hanjaeo_W,다음 밑줄 친 낱말을 漢字(正字)로 쓰시오.,모두들 자신이 제안한 아이디어가 실현되고 하루하루 삶의 과정이 개선되는 것에 만족감을 표현했다.,개선,,改善,改善,
3급II,83,2018-11-24,74,hanjaeo_W,다음 밑줄 친 낱말을 漢字(正字)로 쓰시오.,모두들 자신이 제안한 아이디어가 실현되고 하루하루 삶의 과정이 개선되는 것에 만족감을 표현했다.,만족,,滿足,滿足,
3급II,83,2018-11-24,75,hanjaeo_W,다음 밑줄 친 낱말을 漢字(正字)로 쓰시오.,위대한 성과는 소소한 일들이 모여 조금씩 이루어진 것이다.,성과,,成果,成果,
3급II,83,2018-11-24,76,huneum_W,다음 漢字의 訓과 音을 쓰시오.,宴,宴,,잔치 연,잔치 연,
3급II,83,2018-11-24,77,huneum_W,다음 漢字의 訓과 音을 쓰시오.,繁,繁,,번성할 번,번성할 번,
3급II,83,2018-11-24,78,huneum_W,다음 漢字의 訓과 音을 쓰시오.,拾,拾,,주울 습/열 십,주울 습/열 십,
3급II,83,2018-11-24,79,huneum_W,다음 漢字의 訓과 音을 쓰시오.,著,著,,나타날 저,나타날 저,
3급II,83,2018-11-24,80,huneum_W,다음 漢字의 訓과 音을 쓰시오.,猶,猶,,오히려 유,오히려 유,
3급II,83,2018-11-24,81,huneum_W,다음 漢字의 訓과 音을 쓰시오.,貌,貌,,모양 모,모양 모,
3급II,83,2018-11-24,82,huneum_W,다음 漢字의 訓과 音을 쓰시오.,菌,菌,,버섯 균,버섯 균,
3급II,83,2018-11-24,83,huneum_W,다음 漢字의 訓과 音을 쓰시오.,猛,猛,,사나울 맹,사나울 맹,
3급II,83,2018-11-24,84,huneum_W,다음 漢字의 訓과 音을 쓰시오.,絡,絡,,이을/얽을 락,이을/얽을 락,
3급II,83,2018-11-24,85,huneum_W,다음 漢字의 訓과 音을 쓰시오.,鑄,鑄,,쇠불릴 주,쇠불릴 주,
3급II,83,2018-11-24,86,huneum_W,다음 漢字의 訓과 音을 쓰시오.,恥,恥,,부끄러울 치,부끄러울 치,
3급II,83,2018-11-24,87,huneum_W,다음 漢字의 訓과 音을 쓰시오.,惑,惑,,미혹할 혹,미혹할 혹,
3급II,83,2018-11-24,88,huneum_W,다음 漢字의 訓과 音을 쓰시오.,劍,劍,,칼 검,칼 검,
3급II,83,2018-11-24,89,huneum_W,다음 漢字의 訓과 音을 쓰시오.,頃,頃,,이랑/잠깐 경,이랑/잠깐 경,
3급II,83,2018-11-24,90,huneum_W,다음 漢字의 訓과 音을 쓰시오.,腦,腦,,골/뇌수 뇌,골/뇌수 뇌,
3급II,83,2018-11-24,91,huneum_W,다음 漢字의 訓과 音을 쓰시오.,桃,桃,,복숭아 도,복숭아 도,
3급II,83,2018-11-24,92,huneum_W,다음 漢字의 訓과 音을 쓰시오.,殊,殊,,다를 수,다를 수,
3급II,83,2018-11-24,93,huneum_W,다음 漢字의 訓과 音을 쓰시오.,詳,詳,,자세할 상,자세할 상,
3급II,83,2018-11-24,94,huneum_W,다음 漢字의 訓과 音을 쓰시오.,隆,隆,,높을 륭,높을 륭,
3급II,83,2018-11-24,95,huneum_W,다음 漢字의 訓과 音을 쓰시오.,傑,傑,,뛰어날 걸,뛰어날 걸,
3급II,83,2018-11-24,96,huneum_W,다음 漢字의 訓과 音을 쓰시오.,胸,胸,,가슴 흉,가슴 흉,
3급II,83,2018-11-24,97,huneum_W,다음 漢字의 訓과 音을 쓰시오.,蓋,蓋,,덮을 개,덮을 개,
3급II,83,2018-11-24,98,huneum_W,다음 漢字의 訓과 音을 쓰시오.,項,項,,항목 항,항목 항,
3급II,83,2018-11-24,99,huneum_W,다음 漢字의 訓과 音을 쓰시오.,械,械,,기계 계,기계 계,
3급II,83,2018-11-24,100,huneum_W,다음 漢字의 訓과 音을 쓰시오.,懸,懸,,달 현,달 현,
3급II,83,2018-11-24,101,huneum_W,다음 漢字의 訓과 音을 쓰시오.,脅,脅,,위협할 협,위협할 협,
3급II,83,2018-11-24,102,huneum_W,다음 漢字의 訓과 音을 쓰시오.,畢,畢,,마칠 필,마칠 필,
3급II,83,2018-11-24,103,jangeum_S,다음 漢字語 중 첫 음절이 길게 발음되는 것의 번호를 쓰시오.,,,"[""① 感謝"", ""② 甘死""]",①,① 感謝,
3급II,83,2018-11-24,104,jangeum_S,다음 漢字語 중 첫 음절이 길게 발음되는 것의 번호를 쓰시오.,,,"[""① 乾物"", ""② 建物""]",②,② 建物,
3급II,83,2018-11-24,105,jangeum_S,다음 漢字語 중 첫 음절이 길게 발음되는 것의 번호를 쓰시오.,,,"[""① 否認"", ""② 婦人""]",①,① 否認,
3급II,83,2018-11-24,106,jangeum_S,다음 漢字語 중 첫 음절이 길게 발음되는 것의 번호를 쓰시오.,,,"[""① 船首"", ""② 選手""]",②,② 選手,
3급II,83,2018-11-24,107,jangeum_S,다음 漢字語 중 첫 음절이 길게 발음되는 것의 번호를 쓰시오.,,,"[""① 住居"", ""② 走去""]",①,① 住居,
3급II,83,2018-11-24,108,yui_W,다음 (          ) 안에 비슷한 뜻을 가진 漢字(正字)를 써 넣어 널리 쓰이는 단어를 완성하시오.,病 - (   ),病( ),,患,患,
3급II,83,2018-11-24,109,yui_W,다음 (          ) 안에 비슷한 뜻을 가진 漢字(正字)를 써 넣어 널리 쓰이는 단어를 완성하시오.,京 - (   ),京( ),,都,都,
3급II,83,2018-11-24,110,yui_W,다음 (          ) 안에 비슷한 뜻을 가진 漢字(正字)를 써 넣어 널리 쓰이는 단어를 완성하시오.,毒 - (   ),毒( ),,害,害,
3급II,83,2018-11-24,111,yui_W,다음 (          ) 안에 비슷한 뜻을 가진 漢字(正字)를 써 넣어 널리 쓰이는 단어를 완성하시오.,端 - (   ),端( ),,末,末,
3급II,83,2018-11-24,112,yui_W,다음 (          ) 안에 비슷한 뜻을 가진 漢字(正字)를 써 넣어 널리 쓰이는 단어를 완성하시오.,鬪 - (   ),鬪( ),,爭,爭,
3급II,83,2018-11-24,113,banui_W,다음 ( ) 안에 뜻이 反對 또는 相對되는 漢字를 써 넣어 널리 쓰이는 단어를 만드시오.,功 ↔ ( ),功( ),,罪,罪,
3급II,83,2018-11-24,114,banui_W,다음 ( ) 안에 뜻이 反對 또는 相對되는 漢字를 써 넣어 널리 쓰이는 단어를 만드시오.,陸 ↔ ( ),陸( ),,海,海,
3급II,83,2018-11-24,115,banui_W,다음 ( ) 안에 뜻이 反對 또는 相對되는 漢字를 써 넣어 널리 쓰이는 단어를 만드시오.,將 ↔ ( ),將( ),,卒/兵,卒/兵,
3급II,83,2018-11-24,116,banui_W,다음 ( ) 안에 뜻이 反對 또는 相對되는 漢字를 써 넣어 널리 쓰이는 단어를 만드시오.,勝 ↔ ( ),勝( ),,敗,敗,
3급II,83,2018-11-24,117,banui_W,다음 ( ) 안에 뜻이 反對 또는 相對되는 漢字를 써 넣어 널리 쓰이는 단어를 만드시오.,貧 ↔ ( ),貧( ),,富,富,
3급II,83,2018-11-24,118,banuieo_W,다음 漢字語의 反對語 또는 相對語를 漢字(正字)로 쓰시오.,外延,外延,,內包,內包,
3급II,83,2018-11-24,119,banuieo_W,다음 漢字語의 反對語 또는 相對語를 漢字(正字)로 쓰시오.,脫退,脫退,,加入,加入,
3급II,83,2018-11-24,120,banuieo_W,다음 漢字語의 反對語 또는 相對語를 漢字(正字)로 쓰시오.,溫暖,溫暖,,寒冷,寒冷,
3급II,83,2018-11-24,121,banuieo_W,다음 漢字語의 反對語 또는 相對語를 漢字(正字)로 쓰시오.,革新,革新,,保守,保守,
3급II,83,2018-11-24,122,banuieo_W,다음 漢字語의 反對語 또는 相對語를 漢字(正字)로 쓰시오.,複雜,複雜,,單純,單純,
3급II,83,2018-11-24,123,dongeumeo_W,다음 漢字語의 同音異義語를 제시한 뜻에 맞는 漢字(正字)로 쓰시오.,架設 - (    ) 어떤 사실을 설명하기 위한 가정.,架設,,假說,假說,
3급II,83,2018-11-24,124,dongeumeo_W,다음 漢字語의 同音異義語를 제시한 뜻에 맞는 漢字(正字)로 쓰시오.,強襲 - (    ) 학문 따위를 가르치고 익힘.,強襲,,講習,講習,
3급II,83,2018-11-24,125,dongeumeo_W,다음 漢字語의 同音異義語를 제시한 뜻에 맞는 漢字(正字)로 쓰시오.,考慮 - (    ) 왕건이 개성에 도읍하여 세운 나라.,考慮,,高麗,高麗,
3급II,83,2018-11-24,126,dongeumeo_W,다음 漢字語의 同音異義語를 제시한 뜻에 맞는 漢字(正字)로 쓰시오.,經費 - (     ) 도난 따위를 염려하여 미리 살피고 지키는 일.,經費,,警備,警備,
3급II,83,2018-11-24,127,dongeumeo_W,다음 漢字語의 同音異義語를 제시한 뜻에 맞는 漢字(正字)로 쓰시오.,告訴 - (     ) 쓴웃음.,告訴,,苦笑,苦笑,
3급II,83,2018-11-24,128,seongeo_W,다음 (       ) 안에 알맞은 漢字(正字)를 써 넣어 사자성어를 완성하시오.,近墨者(     ) - 나쁜 사람을 가까이 하면 물들기 쉬움.,近墨者( ),,黑,黑,
3급II,83,2018-11-24,129,seongeo_W,다음 (       ) 안에 알맞은 漢字(正字)를 써 넣어 사자성어를 완성하시오.,吉凶禍(     ) - 길흉과 화복.,吉凶禍( ),,福,福,
3급II,83,2018-11-24,130,seongeo_W,다음 (       ) 안에 알맞은 漢字(正字)를 써 넣어 사자성어를 완성하시오.,錦衣還(     ) - 출세하여 고향에 돌아옴을 이름.,錦衣還( ),,鄕,鄕,
3급II,83,2018-11-24,131,seongeo_W,다음 (       ) 안에 알맞은 漢字(正字)를 써 넣어 사자성어를 완성하시오.,無(   )徒食 - 아무 하는 일 없이 한갓 먹기만 함.,無( )徒食,,爲,爲,
3급II,83,2018-11-24,132,seongeo_W,다음 (       ) 안에 알맞은 漢字(正字)를 써 넣어 사자성어를 완성하시오.,怒甲( )乙 - 어떤 사람에게 당한 화풀이를 다른 이에게 함.,怒甲( )乙,,移,移,
3급II,83,2018-11-24,133,seongeo_W,다음 (       ) 안에 알맞은 漢字(正字)를 써 넣어 사자성어를 완성하시오.,金(   )玉條 - 금옥과 같이 몹시 귀중한 법칙이나 규정.,金( )玉條,,科,科,
3급II,83,2018-11-24,134,seongeo_W,다음 (       ) 안에 알맞은 漢字(正字)를 써 넣어 사자성어를 완성하시오.,滅私( )公 - 사적인 것을 버리고 공적인 것을 위해 힘써 일함.,滅私( )公,,奉,奉,
3급II,83,2018-11-24,135,seongeo_W,다음 (       ) 안에 알맞은 漢字(正字)를 써 넣어 사자성어를 완성하시오.,面從腹(     ) - 겉으로 복종하면서도 속으로 배반함.,面從腹( ),,背,背,
3급II,83,2018-11-24,136,seongeo_W,다음 (       ) 안에 알맞은 漢字(正字)를 써 넣어 사자성어를 완성하시오.,"北(    )三友 - 거문고, 술, 시를 아울러 일컫는 말.",北( )三友,,窓,窓,
3급II,83,2018-11-24,137,seongeo_W,다음 (       ) 안에 알맞은 漢字(正字)를 써 넣어 사자성어를 완성하시오.,(    )邪顯正 - 그릇된 생각을 깨뜨리고 바른 도리를 드러냄.,( )邪顯正,,破,破,
3급II,83,2018-11-24,138,busu_W,다음 漢字의 部首를 쓰시오.,缺,缺,,缶,缶,
3급II,83,2018-11-24,139,busu_W,다음 漢字의 部首를 쓰시오.,固,固,,囗,囗,
3급II,83,2018-11-24,140,busu_W,다음 漢字의 部首를 쓰시오.,承,承,,手,手,
3급II,83,2018-11-24,141,busu_W,다음 漢字의 部首를 쓰시오.,直,直,,目,目,
3급II,83,2018-11-24,142,busu_W,다음 漢字의 部首를 쓰시오.,蓄,蓄,,艸(艹),艸(艹),
3급II,83,2018-11-24,143,yakja_W,다음 漢字의 略字를 쓰시오.,藥,藥,,薬,薬,
3급II,83,2018-11-24,144,yakja_W,다음 漢字의 略字를 쓰시오.,續,續,,続,続,
3급II,83,2018-11-24,145,yakja_W,다음 漢字의 略字를 쓰시오.,萬,萬,,万,万,
3급II,83,2018-11-24,146,mean_W,다음 漢字語의 뜻을 쓰시오.,剛柔,剛柔,,굳셈과 부드러움,굳셈과 부드러움,
3급II,83,2018-11-24,147,mean_W,다음 漢字語의 뜻을 쓰시오.,早晩,早晩,,이름과 늦음,이름과 늦음,
3급II,83,2018-11-24,148,mean_W,다음 漢字語의 뜻을 쓰시오.,輕減,輕減,,감하여 가볍게 함,감하여 가볍게 함,
3급II,83,2018-11-24,149,mean_W,다음 漢字語의 뜻을 쓰시오.,紅顔,紅顔,,젊어서 혈색이 좋은 얼굴,젊어서 혈색이 좋은 얼굴,
3급II,83,2018-11-24,150,mean_W,다음 漢字語의 뜻을 쓰시오.,愛戀,愛戀,,사랑하며 그리워함,사랑하며 그리워함,
3급II,84,2019-02-23,1,dokeum_W,다음 밑줄 친 漢字語의 讀音을 쓰시오.,지금 젊은 세대에게는 전통적 문화의 傳授가 斷絶되어 있다.,傳授,,전수,전수,
3급II,84,2019-02-23,2,dokeum_W,다음 밑줄 친 漢字語의 讀音을 쓰시오.,지금 젊은 세대에게는 전통적 문화의 傳授가 斷絶되어 있다.,斷絶,,단절,단절,
3급II,84,2019-02-23,3,dokeum_W,다음 밑줄 친 漢字語의 讀音을 쓰시오.,국어가 문화 創造의 완전한 도구가 되려면 문화생활에서 오는 複雜 多端한 감정을 완전히 표현할 수 있어야 한다.,創造,,창조,창조,
3급II,84,2019-02-23,4,dokeum_W,다음 밑줄 친 漢字語의 讀音을 쓰시오.,국어가 문화 創造의 완전한 도구가 되려면 문화생활에서 오는 複雜 多端한 감정을 완전히 표현할 수 있어야 한다.,複雜,,복잡,복잡,
3급II,84,2019-02-23,5,dokeum_W,다음 밑줄 친 漢字語의 讀音을 쓰시오.,국어가 문화 創造의 완전한 도구가 되려면 문화생활에서 오는 複雜 多端한 감정을 완전히 표현할 수 있어야 한다.,多端,,다단,다단,
3급II,84,2019-02-23,6,dokeum_W,다음 밑줄 친 漢字語의 讀音을 쓰시오.,그런 사람의 頭腦에서 치밀한 思考나 정확한 판단을 期待하기는 어렵다.,頭腦,,두뇌,두뇌,
3급II,84,2019-02-23,7,dokeum_W,다음 밑줄 친 漢字語의 讀音을 쓰시오.,그런 사람의 頭腦에서 치밀한 思考나 정확한 판단을 期待하기는 어렵다.,思考,,사고,사고,
3급II,84,2019-02-23,8,dokeum_W,다음 밑줄 친 漢字語의 讀音을 쓰시오.,그런 사람의 頭腦에서 치밀한 思考나 정확한 판단을 期待하기는 어렵다.,期待,,기대,기대,
3급II,84,2019-02-23,9,dokeum_W,다음 밑줄 친 漢字語의 讀音을 쓰시오.,한자는 지능 啓發에 有益하다.,啓發,,계발,계발,
3급II,84,2019-02-23,10,dokeum_W,다음 밑줄 친 漢字語의 讀音을 쓰시오.,한자는 지능 啓發에 有益하다.,有益,,유익,유익,
3급II,84,2019-02-23,11,dokeum_W,다음 밑줄 친 漢字語의 讀音을 쓰시오.,문자를 통하여 知識과 敎養의 폭을 넓히고 深化시켜간다.,知識,,지식,지식,
3급II,84,2019-02-23,12,dokeum_W,다음 밑줄 친 漢字語의 讀音을 쓰시오.,문자를 통하여 知識과 敎養의 폭을 넓히고 深化시켜간다.,敎養,,교양,교양,
3급II,84,2019-02-23,13,dokeum_W,다음 밑줄 친 漢字語의 讀音을 쓰시오.,문자를 통하여 知識과 敎養의 폭을 넓히고 深化시켜간다.,深化,,심화,심화,
3급II,84,2019-02-23,14,dokeum_W,다음 밑줄 친 漢字語의 讀音을 쓰시오.,시적 진리는 總體性의 진리 그리고 想像 속의 진리이며 逆說의 진리가 되는 것이다.,總體性,,총체성,총체성,
3급II,84,2019-02-23,15,dokeum_W,다음 밑줄 친 漢字語의 讀音을 쓰시오.,시적 진리는 總體性의 진리 그리고 想像 속의 진리이며 逆說의 진리가 되는 것이다.,想像,,상상,상상,
3급II,84,2019-02-23,16,dokeum_W,다음 밑줄 친 漢字語의 讀音을 쓰시오.,시적 진리는 總體性의 진리 그리고 想像 속의 진리이며 逆說의 진리가 되는 것이다.,逆說,,역설,역설,
3급II,84,2019-02-23,17,dokeum_W,다음 밑줄 친 漢字語의 讀音을 쓰시오.,부활의 등장인물인 카츄사의 流刑에 눈물을 흘리기보다는 환각제에 취하거나 野球 競技에 몰두하기를 원한다. 그들은 모든 정신적 비전을 拒否한다.,流刑,,유형,유형,
3급II,84,2019-02-23,18,dokeum_W,다음 밑줄 친 漢字語의 讀音을 쓰시오.,부활의 등장인물인 카츄사의 流刑에 눈물을 흘리기보다는 환각제에 취하거나 野球 競技에 몰두하기를 원한다.,野球,,야구,야구,
3급II,84,2019-02-23,19,dokeum_W,다음 밑줄 친 漢字語의 讀音을 쓰시오.,부활의 등장인물인 카츄사의 流刑에 눈물을 흘리기보다는 환각제에 취하거나 野球 競技에 몰두하기를 원한다.,競技,,경기,경기,
3급II,84,2019-02-23,20,dokeum_W,다음 밑줄 친 漢字語의 讀音을 쓰시오.,그들은 모든 정신적 비전을 拒否한다.,拒否,,거부,거부,
3급II,84,2019-02-23,21,dokeum_W,다음 漢字語의 讀音을 쓰시오.,災害,災害,,재해,재해,
3급II,84,2019-02-23,22,dokeum_W,다음 漢字語의 讀音을 쓰시오.,犯罪,犯罪,,범죄,범죄,
3급II,84,2019-02-23,23,dokeum_W,다음 漢字語의 讀音을 쓰시오.,道具,道具,,도구,도구,
3급II,84,2019-02-23,24,dokeum_W,다음 漢字語의 讀音을 쓰시오.,宣言,宣言,,선언,선언,
3급II,84,2019-02-23,25,dokeum_W,다음 漢字語의 讀音을 쓰시오.,虛構,虛構,,허구,허구,
3급II,84,2019-02-23,26,dokeum_W,다음 漢字語의 讀音을 쓰시오.,意味,意味,,의미,의미,
3급II,84,2019-02-23,27,dokeum_W,다음 漢字語의 讀音을 쓰시오.,聖域,聖域,,성역,성역,
3급II,84,2019-02-23,28,dokeum_W,다음 漢字語의 讀音을 쓰시오.,層段,層段,,층단,층단,
3급II,84,2019-02-23,29,dokeum_W,다음 漢字語의 讀音을 쓰시오.,素材,素材,,소재,소재,
3급II,84,2019-02-23,30,dokeum_W,다음 漢字語의 讀音을 쓰시오.,含蓄,含蓄,,함축,함축,
3급II,84,2019-02-23,31,dokeum_W,다음 漢字語의 讀音을 쓰시오.,認可,認可,,인가,인가,
3급II,84,2019-02-23,32,dokeum_W,다음 漢字語의 讀音을 쓰시오.,象徵,象徵,,상징,상징,
3급II,84,2019-02-23,33,dokeum_W,다음 漢字語의 讀音을 쓰시오.,情緖,情緖,,정서,정서,
3급II,84,2019-02-23,34,dokeum_W,다음 漢字語의 讀音을 쓰시오.,批評,批評,,비평,비평,
3급II,84,2019-02-23,35,dokeum_W,다음 漢字語의 讀音을 쓰시오.,外延,外延,,외연,외연,
3급II,84,2019-02-23,36,dokeum_W,다음 漢字語의 讀音을 쓰시오.,陳述,陳述,,진술,진술,
3급II,84,2019-02-23,37,dokeum_W,다음 漢字語의 讀音을 쓰시오.,效果,效果,,효과,효과,
3급II,84,2019-02-23,38,dokeum_W,다음 漢字語의 讀音을 쓰시오.,組織,組織,,조직,조직,
3급II,84,2019-02-23,39,dokeum_W,다음 漢字語의 讀音을 쓰시오.,秩序,秩序,,질서,질서,
3급II,84,2019-02-23,40,dokeum_W,다음 漢字語의 讀音을 쓰시오.,制限,制限,,제한,제한,
3급II,84,2019-02-23,41,dokeum_W,다음 漢字語의 讀音을 쓰시오.,高貴,高貴,,고귀,고귀,
3급II,84,2019-02-23,42,dokeum_W,다음 漢字語의 讀音을 쓰시오.,行爲,行爲,,행위,행위,
3급II,84,2019-02-23,43,dokeum_W,다음 漢字語의 讀音을 쓰시오.,分類,分類,,분류,분류,
3급II,84,2019-02-23,44,dokeum_W,다음 漢字語의 讀音을 쓰시오.,表現,表現,,표현,표현,
3급II,84,2019-02-23,45,dokeum_W,다음 漢字語의 讀音을 쓰시오.,保存,保存,,보존,보존,
3급II,84,2019-02-23,46,hanjaeo_W,다음 밑줄 친 낱말을 漢字(正字)로 쓰시오.,바다는 나의 광대한 영토다. 그 풍요로운 자유가 나의 주권이다. 그 공화국에서 나는 자유의 깃발을 공화국의 국기처럼 나부끼며 자유를 호흡할 것이다. 바다는 자유의 공원이다.,광대,,廣大,廣大,
3급II,84,2019-02-23,47,hanjaeo_W,다음 밑줄 친 낱말을 漢字(正字)로 쓰시오.,바다는 나의 광대한 영토다. 그 풍요로운 자유가 나의 주권이다.,영토,,領土,領土,
3급II,84,2019-02-23,48,hanjaeo_W,다음 밑줄 친 낱말을 漢字(正字)로 쓰시오.,그 풍요로운 자유가 나의 주권이다.,주권,,主權,主權,
3급II,84,2019-02-23,49,hanjaeo_W,다음 밑줄 친 낱말을 漢字(正字)로 쓰시오.,그 공화국에서 나는 자유의 깃발을 공화국의 국기처럼 나부끼며 자유를 호흡할 것이다.,호흡,,呼吸,呼吸,
3급II,84,2019-02-23,50,hanjaeo_W,다음 밑줄 친 낱말을 漢字(正字)로 쓰시오.,바다는 자유의 공원이다.,공원,,公園,公園,
3급II,84,2019-02-23,51,hanjaeo_W,다음 밑줄 친 낱말을 漢字(正字)로 쓰시오.,나는 박물관의 피해 조사에 온 하루 동안 여념이 없었다. 부산에 보낼 보고서를 항공편으로 보내고 난 다음 나는 비로소 마음의 여유를 얻었다.,조사,,調査,調査,
3급II,84,2019-02-23,52,hanjaeo_W,다음 밑줄 친 낱말을 漢字(正字)로 쓰시오.,나는 박물관의 피해 조사에 온 하루 동안 여념이 없었다.,여념,,餘念,餘念,
3급II,84,2019-02-23,53,hanjaeo_W,다음 밑줄 친 낱말을 漢字(正字)로 쓰시오.,부산에 보낼 보고서를 항공편으로 보내고 난 다음 나는 비로소 마음의 여유를 얻었다.,보고서,,報告書,報告書,
3급II,84,2019-02-23,54,hanjaeo_W,다음 밑줄 친 낱말을 漢字(正字)로 쓰시오.,부산에 보낼 보고서를 항공편으로 보내고 난 다음 나는 비로소 마음의 여유를 얻었다.,항공,,航空,航空,
3급II,84,2019-02-23,55,hanjaeo_W,다음 밑줄 친 낱말을 漢字(正字)로 쓰시오.,"사물을 날카롭게 관찰하고 예민한 감수성을 기른다. 이것들은 논술에 필요한 배경 지식, 사고력, 표현력을 기르는 첩경이다.",관찰,,觀察,觀察,
3급II,84,2019-02-23,56,hanjaeo_W,다음 밑줄 친 낱말을 漢字(正字)로 쓰시오.,"사물을 날카롭게 관찰하고 예민한 감수성을 기른다. 이것들은 논술에 필요한 배경 지식, 사고력, 표현력을 기르는 첩경이다.",필요,,必要,必要,
3급II,84,2019-02-23,57,hanjaeo_W,다음 밑줄 친 낱말을 漢字(正字)로 쓰시오.,"사물을 날카롭게 관찰하고 예민한 감수성을 기른다. 이것들은 논술에 필요한 배경 지식, 사고력, 표현력을 기르는 첩경이다.",배경,,背景,背景,
3급II,84,2019-02-23,58,hanjaeo_W,다음 밑줄 친 낱말을 漢字(正字)로 쓰시오.,"나무는 서로 속속들이 이해하고 진심으로 동정하고 공감한다. 서로 마주보기만 해도 기쁘고, 일생을 이웃하고 살아도 싫증나지 않는 참다운 친구다.",이해,,理解,理解,
3급II,84,2019-02-23,59,hanjaeo_W,다음 밑줄 친 낱말을 漢字(正字)로 쓰시오.,나무는 서로 속속들이 이해하고 진심으로 동정하고 공감한다.,진심,,眞心,眞心,
3급II,84,2019-02-23,60,hanjaeo_W,다음 밑줄 친 낱말을 漢字(正字)로 쓰시오.,나무는 서로 속속들이 이해하고 진심으로 동정하고 공감한다.,공감,,共感,共感,
3급II,84,2019-02-23,61,hanjaeo_W,다음 밑줄 친 낱말을 漢字(正字)로 쓰시오.,"서로 마주보기만 해도 기쁘고, 일생을 이웃하고 살아도 싫증나지 않는 참다운 친구다.",친구,,親舊,親舊,
3급II,84,2019-02-23,62,hanjaeo_W,다음 밑줄 친 낱말을 漢字(正字)로 쓰시오.,"황금만능의 천하에서 청빈을 예찬할 만큼 곤경에 빠져있다는 것은 비참한 일이다. 그러나 이왕 부자가 못 된 바에는 빈궁은 도저히 물리칠 수 없는 일이니 사람이 청빈을 극구 예찬함은 우리들 선량한 빈자가 이 세상을 살아가는 데 있어 그것은 절대로 필요한 한 개의 무기요, 또 위안이다.",청빈,,淸貧,淸貧,
3급II,84,2019-02-23,63,hanjaeo_W,다음 밑줄 친 낱말을 漢字(正字)로 쓰시오.,그러나 이왕 부자가 못 된 바에는...,부자,,富者,富者,
3급II,84,2019-02-23,64,hanjaeo_W,다음 밑줄 친 낱말을 漢字(正字)로 쓰시오.,사람이 청빈을 극구 예찬함은...,극구,,極口,極口,
3급II,84,2019-02-23,65,hanjaeo_W,다음 밑줄 친 낱말을 漢字(正字)로 쓰시오.,"우리들 선량한 빈자가 이 세상을 살아가는 데 있어 그것은 절대로 필요한 한 개의 무기요, 또 위안이다.",선량,,善良,善良,
3급II,84,2019-02-23,66,hanjaeo_W,다음 밑줄 친 낱말을 漢字(正字)로 쓰시오.,"우리들 선량한 빈자가 이 세상을 살아가는 데 있어 그것은 절대로 필요한 한 개의 무기요, 또 위안이다.",무기,,武器,武器,
3급II,84,2019-02-23,67,hanjaeo_W,다음 밑줄 친 낱말을 漢字(正字)로 쓰시오.,며칠째 순항이 계속되니 선원들은 긴장이 풀려 밤이면 남십자성 아래에서 담화의 꽃을 피우고 뱃전에 서서 콧노래를 불렀다.,선원,,船員,船員,
3급II,84,2019-02-23,68,hanjaeo_W,다음 밑줄 친 낱말을 漢字(正字)로 쓰시오.,며칠째 순항이 계속되니 선원들은 긴장이 풀려 밤이면 남십자성 아래에서 담화의 꽃을 피우고 뱃전에 서서 콧노래를 불렀다.,담화,,談話,談話,
3급II,84,2019-02-23,69,hanjaeo_W,다음 밑줄 친 낱말을 漢字(正字)로 쓰시오.,"하나의 문자가 다른 민족이나 국가에 전파되는 문화현상에 얼마나 많은 정치, 경제, 사회적 제반 여건이 함께 움직여야 하는가를 생각해 보았는가.",민족,,民族,民族,
3급II,84,2019-02-23,70,hanjaeo_W,다음 밑줄 친 낱말을 漢字(正字)로 쓰시오.,"하나의 문자가 다른 민족이나 국가에 전파되는 문화현상에 얼마나 많은 정치, 경제, 사회적 제반 여건이 함께 움직여야 하는가를 생각해 보았는가.",정치,,政治,政治,
3급II,84,2019-02-23,71,hanjaeo_W,다음 밑줄 친 낱말을 漢字(正字)로 쓰시오.,"하나의 문자가 다른 민족이나 국가에 전파되는 문화현상에 얼마나 많은 정치, 경제, 사회적 제반 여건이 함께 움직여야 하는가를 생각해 보았는가.",경제,,經濟,經濟,
3급II,84,2019-02-23,72,hanjaeo_W,다음 밑줄 친 낱말을 漢字(正字)로 쓰시오.,"최첨단 신경 과학의 성과를 활용한다. 신경 과학에서는 인간의 뇌가 정보를 한꺼번에 수용할 때보다 아주 작은 정보, 일반적으로 믿는 것보다 훨씬 더 적은 정보를 조금씩 수용할 때 더 효과적으로 작동한다고 얘기한다.",과학,,科學,科學,
3급II,84,2019-02-23,73,hanjaeo_W,다음 밑줄 친 낱말을 漢字(正字)로 쓰시오.,최첨단 신경 과학의 성과를 활용한다.,활용,,活用,活用,
3급II,84,2019-02-23,74,hanjaeo_W,다음 밑줄 친 낱말을 漢字(正字)로 쓰시오.,인간의 뇌가 정보를 한꺼번에 수용할 때보다...,수용,,受容,受容,
3급II,84,2019-02-23,75,hanjaeo_W,다음 밑줄 친 낱말을 漢字(正字)로 쓰시오.,더 효과적으로 작동한다고 얘기한다.,작동,,作動,作動,
3급II,84,2019-02-23,76,huneum_W,다음 漢字의 訓과 音을 쓰시오.,贊,贊,,도울 찬,도울 찬,
3급II,84,2019-02-23,77,huneum_W,다음 漢字의 訓과 音을 쓰시오.,執,執,,잡을 집,잡을 집,
3급II,84,2019-02-23,78,huneum_W,다음 漢字의 訓과 音을 쓰시오.,憎,憎,,미울 증,미울 증,
3급II,84,2019-02-23,79,huneum_W,다음 漢字의 訓과 音을 쓰시오.,諸,諸,,모두 제,모두 제,
3급II,84,2019-02-23,80,huneum_W,다음 漢字의 訓과 音을 쓰시오.,菜,菜,,나물 채,나물 채,
3급II,84,2019-02-23,81,huneum_W,다음 漢字의 訓과 音을 쓰시오.,稀,稀,,드물 희,드물 희,
3급II,84,2019-02-23,82,huneum_W,다음 漢字의 訓과 音을 쓰시오.,核,核,,씨 핵,씨 핵,
3급II,84,2019-02-23,83,huneum_W,다음 漢字의 訓과 音을 쓰시오.,岸,岸,,언덕 안,언덕 안,
3급II,84,2019-02-23,84,huneum_W,다음 漢字의 訓과 音을 쓰시오.,愁,愁,,근심 수,근심 수,
3급II,84,2019-02-23,85,huneum_W,다음 漢字의 訓과 音을 쓰시오.,奪,奪,,빼앗을 탈,빼앗을 탈,
3급II,84,2019-02-23,86,huneum_W,다음 漢字의 訓과 音을 쓰시오.,鋼,鋼,,강철 강,강철 강,
3급II,84,2019-02-23,87,huneum_W,다음 漢字의 訓과 音을 쓰시오.,觸,觸,,닿을 촉,닿을 촉,
3급II,84,2019-02-23,88,huneum_W,다음 漢字의 訓과 音을 쓰시오.,沿,沿,,물따라갈/따를 연,물따라갈/따를 연,
3급II,84,2019-02-23,89,huneum_W,다음 漢字의 訓과 音을 쓰시오.,猶,猶,,오히려 유,오히려 유,
3급II,84,2019-02-23,90,huneum_W,다음 漢字의 訓과 音을 쓰시오.,恐,恐,,두려울 공,두려울 공,
3급II,84,2019-02-23,91,huneum_W,다음 漢字의 訓과 音을 쓰시오.,陶,陶,,질그릇 도,질그릇 도,
3급II,84,2019-02-23,92,huneum_W,다음 漢字의 訓과 音을 쓰시오.,透,透,,사무칠 투,사무칠 투,
3급II,84,2019-02-23,93,huneum_W,다음 漢字의 訓과 音을 쓰시오.,昇,昇,,오를 승,오를 승,
3급II,84,2019-02-23,94,huneum_W,다음 漢字의 訓과 音을 쓰시오.,謀,謀,,꾀 모,꾀 모,
3급II,84,2019-02-23,95,huneum_W,다음 漢字의 訓과 音을 쓰시오.,忽,忽,,갑자기 홀,갑자기 홀,
3급II,84,2019-02-23,96,huneum_W,다음 漢字의 訓과 音을 쓰시오.,弓,弓,,활 궁,활 궁,
3급II,84,2019-02-23,97,huneum_W,다음 漢字의 訓과 音을 쓰시오.,符,符,,부호 부,부호 부,
3급II,84,2019-02-23,98,huneum_W,다음 漢字의 訓과 音을 쓰시오.,湯,湯,,끓을 탕,끓을 탕,
3급II,84,2019-02-23,99,huneum_W,다음 漢字의 訓과 音을 쓰시오.,緊,緊,,긴할 긴,긴할 긴,
3급II,84,2019-02-23,100,huneum_W,다음 漢字의 訓과 音을 쓰시오.,征,征,,칠 정,칠 정,
3급II,84,2019-02-23,101,huneum_W,다음 漢字의 訓과 音을 쓰시오.,浸,浸,,잠길 침,잠길 침,
3급II,84,2019-02-23,102,huneum_W,다음 漢字의 訓과 音을 쓰시오.,乾,乾,,하늘/마를 건,하늘/마를 건,
3급II,84,2019-02-23,103,jangeum_S,다음 漢字語 중 첫 음절이 길게 발음되는 것의 번호를 쓰시오.,,,"[""① 佳詞"", ""② 家舍""]",①,① 佳詞,
3급II,84,2019-02-23,104,jangeum_S,다음 漢字語 중 첫 음절이 길게 발음되는 것의 번호를 쓰시오.,,,"[""① 浮上"", ""② 副賞""]",②,② 副賞,
3급II,84,2019-02-23,105,jangeum_S,다음 漢字語 중 첫 음절이 길게 발음되는 것의 번호를 쓰시오.,,,"[""① 銅貨"", ""② 童畫""]",②,② 童畫,
3급II,84,2019-02-23,106,jangeum_S,다음 漢字語 중 첫 음절이 길게 발음되는 것의 번호를 쓰시오.,,,"[""① 價値"", ""② 假齒""]",②,② 假齒,
3급II,84,2019-02-23,107,jangeum_S,다음 漢字語 중 첫 음절이 길게 발음되는 것의 번호를 쓰시오.,,,"[""① 姓名"", ""② 聲明""]",①,① 姓名,
3급II,84,2019-02-23,108,yui_W,다음 (       ) 안에 비슷한 뜻을 가진 漢字(正字)를 써넣어 널리 쓰이는 단어를 완성하시오.,街 - (   ),街( ),,路,路,
3급II,84,2019-02-23,109,yui_W,다음 (       ) 안에 비슷한 뜻을 가진 漢字(正字)를 써넣어 널리 쓰이는 단어를 완성하시오.,英 - (   ),英( ),,特,特,
3급II,84,2019-02-23,110,yui_W,다음 (       ) 안에 비슷한 뜻을 가진 漢字(正字)를 써넣어 널리 쓰이는 단어를 완성하시오.,扶 - (   ),扶( ),,助,助,
3급II,84,2019-02-23,111,yui_W,다음 (       ) 안에 비슷한 뜻을 가진 漢字(正字)를 써넣어 널리 쓰이는 단어를 완성하시오.,奉 - (   ),奉( ),,仕,仕,
3급II,84,2019-02-23,112,yui_W,다음 (       ) 안에 비슷한 뜻을 가진 漢字(正字)를 써넣어 널리 쓰이는 단어를 완성하시오.,喜 - (   ),喜( ),,樂,樂,
3급II,84,2019-02-23,113,banui_W,다음 (       ) 안에 뜻이 反對 또는 相對되는 漢字를 써넣어 널리 쓰이는 단어를 만드시오.,海 ↔ ( ),海( ),,陸,陸,
3급II,84,2019-02-23,114,banui_W,다음 (       ) 안에 뜻이 反對 또는 相對되는 漢字를 써넣어 널리 쓰이는 단어를 만드시오.,祖 ↔ ( ),祖( ),,孫,孫,
3급II,84,2019-02-23,115,banui_W,다음 (       ) 안에 뜻이 反對 또는 相對되는 漢字를 써넣어 널리 쓰이는 단어를 만드시오.,凶 ↔ ( ),凶( ),,吉,吉,
3급II,84,2019-02-23,116,banui_W,다음 (       ) 안에 뜻이 反對 또는 相對되는 漢字를 써넣어 널리 쓰이는 단어를 만드시오.,起 ↔ ( ),起( ),,結,結,
3급II,84,2019-02-23,117,banui_W,다음 (       ) 안에 뜻이 反對 또는 相對되는 漢字를 써넣어 널리 쓰이는 단어를 만드시오.,興 ↔ ( ),興( ),,亡,亡,
3급II,84,2019-02-23,118,banuieo_W,다음 漢字語의 反對語 또는 相對語를 漢字(正字)로 쓰시오.,消滅,消滅,,生成,生成,
3급II,84,2019-02-23,119,banuieo_W,다음 漢字語의 反對語 또는 相對語를 漢字(正字)로 쓰시오.,支出,支出,,收入,收入,
3급II,84,2019-02-23,120,banuieo_W,다음 漢字語의 反對語 또는 相對語를 漢字(正字)로 쓰시오.,怨恨,怨恨,,恩惠,恩惠,
3급II,84,2019-02-23,121,banuieo_W,다음 漢字語의 反對語 또는 相對語를 漢字(正字)로 쓰시오.,稱讚,稱讚,,非難,非難,
3급II,84,2019-02-23,122,banuieo_W,다음 漢字語의 反對語 또는 相對語를 漢字(正字)로 쓰시오.,質疑,質疑,,應答,應答,
3급II,84,2019-02-23,123,dongeumeo_W,다음 漢字語의 同音異義語를 제시한 뜻에 맞는 漢字(正字)로 쓰시오.,軍需 - (    ) 군의 행정을 맡아보는 으뜸 직위.,軍需,,郡守,郡守,
3급II,84,2019-02-23,124,dongeumeo_W,다음 漢字語의 同音異義語를 제시한 뜻에 맞는 漢字(正字)로 쓰시오.,豫防 - (    ) 예를 갖추는 의미로 인사차 방문함.,豫防,,禮訪,禮訪,
3급II,84,2019-02-23,125,dongeumeo_W,다음 漢字語의 同音異義語를 제시한 뜻에 맞는 漢字(正字)로 쓰시오.,固辭 - (    ) 유래가 있는 옛날의 일.,固辭,,故事,故事,
3급II,84,2019-02-23,126,dongeumeo_W,다음 漢字語의 同音異義語를 제시한 뜻에 맞는 漢字(正字)로 쓰시오.,變更 - (    ) 나라의 경계가 되는 변두리 땅.,變更,,邊境,邊境,
3급II,84,2019-02-23,127,dongeumeo_W,다음 漢字語의 同音異義語를 제시한 뜻에 맞는 漢字(正字)로 쓰시오.,詩選 - (    ) 눈이 가는 길.,詩選,,視線,視線,
3급II,84,2019-02-23,128,seongeo_W,다음 (      ) 안에 알맞은 漢字(正字)를 써넣어 사자성어를 완성하시오.,江湖(   )波 - 강이나 호수 위에 하얗게 서린 기운. 자연 풍경.,江湖( )波,,煙,煙,
3급II,84,2019-02-23,129,seongeo_W,다음 (      ) 안에 알맞은 漢字(正字)를 써넣어 사자성어를 완성하시오.,壽福(   )寧 - 장수하여 행복하며 건강하고 평안함.,壽福( )寧,,康,康,
3급II,84,2019-02-23,130,seongeo_W,다음 (      ) 안에 알맞은 漢字(正字)를 써넣어 사자성어를 완성하시오.,藥( )甘草 - 무슨 일이나 빠짐없이 낌.,藥( )甘草,,房,房,
3급II,84,2019-02-23,131,seongeo_W,다음 (      ) 안에 알맞은 漢字(正字)를 써넣어 사자성어를 완성하시오.,(    )光石火 - 몹시 짧은 시간.,( )光石火,,電,電,
3급II,84,2019-02-23,132,seongeo_W,다음 (      ) 안에 알맞은 漢字(正字)를 써넣어 사자성어를 완성하시오.,兼人之(    ) - 혼자서 능히 여러 사람을 당해낼 만한 용기.,兼人之( ),,勇,勇,
3급II,84,2019-02-23,133,seongeo_W,다음 (      ) 안에 알맞은 漢字(正字)를 써넣어 사자성어를 완성하시오.,(    )履薄氷 - 살얼음을 밟는 것과 같다는 것으로 불안한 지경.,( )履薄氷,,如,如,
3급II,84,2019-02-23,134,seongeo_W,다음 (      ) 안에 알맞은 漢字(正字)를 써넣어 사자성어를 완성하시오.,今(    )初聞 - 바로 지금 처음으로 들음.,今( )初聞,,始,始,
3급II,84,2019-02-23,135,seongeo_W,다음 (      ) 안에 알맞은 漢字(正字)를 써넣어 사자성어를 완성하시오.,離合( )散 - 헤어졌다 모였다 하는 일.,離合( )散,,集,集,
3급II,84,2019-02-23,136,seongeo_W,다음 (      ) 안에 알맞은 漢字(正字)를 써넣어 사자성어를 완성하시오.,(    )在頃刻 - 목숨이 경각에 있다는 데서 거의 죽게 됨을 이름.,( )在頃刻,,命,命,
3급II,84,2019-02-23,137,seongeo_W,다음 (      ) 안에 알맞은 漢字(正字)를 써넣어 사자성어를 완성하시오.,秋風落(    ) - 가을바람에 떨어져 떨어지는 낙엽.,秋風落( ),,葉,葉,
3급II,84,2019-02-23,138,busu_W,다음 漢字의 部首를 쓰시오.,男,男,,田,田,
3급II,84,2019-02-23,139,busu_W,다음 漢字의 部首를 쓰시오.,列,列,,刀(刂),刀(刂),
3급II,84,2019-02-23,140,busu_W,다음 漢字의 部首를 쓰시오.,是,是,,日,日,
3급II,84,2019-02-23,141,busu_W,다음 漢字의 部首를 쓰시오.,印,印,,卩,卩,
3급II,84,2019-02-23,142,busu_W,다음 漢字의 部首를 쓰시오.,將,將,,寸,寸,
3급II,84,2019-02-23,143,yakja_W,다음 漢字의 略字를 쓰시오.,續,續,,続,続,
3급II,84,2019-02-23,144,yakja_W,다음 漢字의 略字를 쓰시오.,寶,寶,,宝,宝,
3급II,84,2019-02-23,145,yakja_W,다음 漢字의 略字를 쓰시오.,賢,賢,,䝨,䝨,
3급II,84,2019-02-23,146,mean_W,다음 漢字語의 뜻을 쓰시오.,山積,山積,,산더미같이 쌓임,산더미같이 쌓임,
3급II,84,2019-02-23,147,mean_W,다음 漢字語의 뜻을 쓰시오.,京鄕,京鄕,,서울과 시골,서울과 시골,
3급II,84,2019-02-23,148,mean_W,다음 漢字語의 뜻을 쓰시오.,附記,附記,,원문에 덧붙여 적음,원문에 덧붙여 적음,
3급II,84,2019-02-23,149,mean_W,다음 漢字語의 뜻을 쓰시오.,模寫,模寫,,사물의 형체를 그대로 그림,사물의 형체를 그대로 그림,
3급II,84,2019-02-23,150,mean_W,다음 漢字語의 뜻을 쓰시오.,修身,修身,,마음과 행실을 닦아 수양함.,마음과 행실을 닦아 수양함.,
3급II,85,2019-06-01,1,dokeum_W,다음 밑줄 친 漢字語의 讀音을 쓰시오.,"우리의 주거 環境, 衣服, 飮食 등 생활 문화는 전통적인 樣式을 벗어나고 있습니다.",環境,,환경,환경,
3급II,85,2019-06-01,2,dokeum_W,다음 밑줄 친 漢字語의 讀音을 쓰시오.,"우리의 주거 環境, 衣服, 飮食 등 생활 문화는 전통적인 樣式을 벗어나고 있습니다.",衣服,,의복,의복,
3급II,85,2019-06-01,3,dokeum_W,다음 밑줄 친 漢字語의 讀音을 쓰시오.,"우리의 주거 環境, 衣服, 飮食 등 생활 문화는 전통적인 樣式을 벗어나고 있습니다.",飮食,,음식,음식,
3급II,85,2019-06-01,4,dokeum_W,다음 밑줄 친 漢字語의 讀音을 쓰시오.,"우리의 주거 環境, 衣服, 飮食 등 생활 문화는 전통적인 樣式을 벗어나고 있습니다.",樣式,,양식,양식,
3급II,85,2019-06-01,5,dokeum_W,다음 밑줄 친 漢字語의 讀音을 쓰시오.,"세종은 農器具, 水利 施設 등을 개발하여 벼농사에 심혈을 기울였습니다.",農器具,,농기구,농기구,
3급II,85,2019-06-01,6,dokeum_W,다음 밑줄 친 漢字語의 讀音을 쓰시오.,"세종은 農器具, 水利 施設 등을 개발하여 벼농사에 심혈을 기울였습니다.",施設,,시설,시설,
3급II,85,2019-06-01,7,dokeum_W,다음 밑줄 친 漢字語의 讀音을 쓰시오.,모든 사물이 細密화・精巧화・고급화의 길을 모색하고 있다.,細密,,세밀,세밀,
3급II,85,2019-06-01,8,dokeum_W,다음 밑줄 친 漢字語의 讀音을 쓰시오.,모든 사물이 細密화・精巧화・고급화의 길을 모색하고 있다.,精巧,,정교,정교,
3급II,85,2019-06-01,9,dokeum_W,다음 밑줄 친 漢字語의 讀音을 쓰시오.,그러한 影響이 다소는 있을지 모르나 그 주된 원인은 理性의 缺如와 道義心의 喪失에 있다고 본다.,影響,,영향,영향,
3급II,85,2019-06-01,10,dokeum_W,다음 밑줄 친 漢字語의 讀音을 쓰시오.,그러한 影響이 다소는 있을지 모르나 그 주된 원인은 理性의 缺如와 道義心의 喪失에 있다고 본다.,缺如,,결여,결여,
3급II,85,2019-06-01,11,dokeum_W,다음 밑줄 친 漢字語의 讀音을 쓰시오.,그러한 影響이 다소는 있을지 모르나 그 주된 원인은 理性의 缺如와 道義心의 喪失에 있다고 본다.,喪失,,상실,상실,
3급II,85,2019-06-01,12,dokeum_W,다음 밑줄 친 漢字語의 讀音을 쓰시오.,한국인 학생들의 頭腦가 優秀하다.,頭腦,,두뇌,두뇌,
3급II,85,2019-06-01,13,dokeum_W,다음 밑줄 친 漢字語의 讀音을 쓰시오.,한국인 학생들의 頭腦가 優秀하다.,優秀,,우수,우수,
3급II,85,2019-06-01,14,dokeum_W,다음 밑줄 친 漢字語의 讀音을 쓰시오.,문자생활을 圓滿히 하고 학문적 基礎를 튼튼히 하기 위해 漢字 교육을 積極적으로 推進합니다.,圓滿,,원만,원만,
3급II,85,2019-06-01,15,dokeum_W,다음 밑줄 친 漢字語의 讀音을 쓰시오.,문자생활을 圓滿히 하고 학문적 基礎를 튼튼히 하기 위해 漢字 교육을 積極적으로 推進합니다.,基礎,,기초,기초,
3급II,85,2019-06-01,16,dokeum_W,다음 밑줄 친 漢字語의 讀音을 쓰시오.,문자생활을 圓滿히 하고 학문적 基礎를 튼튼히 하기 위해 漢字 교육을 積極적으로 推進합니다.,積極,,적극,적극,
3급II,85,2019-06-01,17,dokeum_W,다음 밑줄 친 漢字語의 讀音을 쓰시오.,문자생활을 圓滿히 하고 학문적 基礎를 튼튼히 하기 위해 漢字 교육을 積極적으로 推進합니다.,推進,,추진,추진,
3급II,85,2019-06-01,18,dokeum_W,다음 밑줄 친 漢字語의 讀音을 쓰시오.,多商量 사물에 대한 날카로운 觀察력과 예민한 감수성을 平素에 기르라는 것이다.,多商量,,다상량,다상량,
3급II,85,2019-06-01,19,dokeum_W,다음 밑줄 친 漢字語의 讀音을 쓰시오.,多商量 사물에 대한 날카로운 觀察력과 예민한 감수성을 平素에 기르라는 것이다.,觀察,,관찰,관찰,
3급II,85,2019-06-01,20,dokeum_W,다음 밑줄 친 漢字語의 讀音을 쓰시오.,多商量 사물에 대한 날카로운 觀察력과 예민한 감수성을 平素에 기르라는 것이다.,平素,,평소,평소,
3급II,85,2019-06-01,21,dokeum_W,다음 漢字語의 讀音을 쓰시오.,淸貧,淸貧,,청빈,청빈,
3급II,85,2019-06-01,22,dokeum_W,다음 漢字語의 讀音을 쓰시오.,必然,必然,,필연,필연,
3급II,85,2019-06-01,23,dokeum_W,다음 漢字語의 讀音을 쓰시오.,詩聖,詩聖,,시성,시성,
3급II,85,2019-06-01,24,dokeum_W,다음 漢字語의 讀音을 쓰시오.,歎息,歎息,,탄식,탄식,
3급II,85,2019-06-01,25,dokeum_W,다음 漢字語의 讀音을 쓰시오.,假飾,假飾,,가식,가식,
3급II,85,2019-06-01,26,dokeum_W,다음 漢字語의 讀音을 쓰시오.,禮讚,禮讚,,예찬,예찬,
3급II,85,2019-06-01,27,dokeum_W,다음 漢字語의 讀音을 쓰시오.,愼重,愼重,,신중,신중,
3급II,85,2019-06-01,28,dokeum_W,다음 漢字語의 讀音을 쓰시오.,雙手,雙手,,쌍수,쌍수,
3급II,85,2019-06-01,29,dokeum_W,다음 漢字語의 讀音을 쓰시오.,抑揚,抑揚,,억양,억양,
3급II,85,2019-06-01,30,dokeum_W,다음 漢字語의 讀音을 쓰시오.,黑髮,黑髮,,흑발,흑발,
3급II,85,2019-06-01,31,dokeum_W,다음 漢字語의 讀音을 쓰시오.,祭祀,祭祀,,제사,제사,
3급II,85,2019-06-01,32,dokeum_W,다음 漢字語의 讀音을 쓰시오.,傷處,傷處,,상처,상처,
3급II,85,2019-06-01,33,dokeum_W,다음 漢字語의 讀音을 쓰시오.,博覽,博覽,,박람,박람,
3급II,85,2019-06-01,34,dokeum_W,다음 漢字語의 讀音을 쓰시오.,默想,默想,,묵상,묵상,
3급II,85,2019-06-01,35,dokeum_W,다음 漢字語의 讀音을 쓰시오.,震動,震動,,진동,진동,
3급II,85,2019-06-01,36,dokeum_W,다음 漢字語의 讀音을 쓰시오.,快速,快速,,쾌속,쾌속,
3급II,85,2019-06-01,37,dokeum_W,다음 漢字語의 讀音을 쓰시오.,我執,我執,,아집,아집,
3급II,85,2019-06-01,38,dokeum_W,다음 漢字語의 讀音을 쓰시오.,飯床,飯床,,반상,반상,
3급II,85,2019-06-01,39,dokeum_W,다음 漢字語의 讀音을 쓰시오.,政治,政治,,정치,정치,
3급II,85,2019-06-01,40,dokeum_W,다음 漢字語의 讀音을 쓰시오.,審査,審査,,심사,심사,
3급II,85,2019-06-01,41,dokeum_W,다음 漢字語의 讀音을 쓰시오.,甚難,甚難,,심난,심난,
3급II,85,2019-06-01,42,dokeum_W,다음 漢字語의 讀音을 쓰시오.,看板,看板,,간판,간판,
3급II,85,2019-06-01,43,dokeum_W,다음 漢字語의 讀音을 쓰시오.,卓越,卓越,,탁월,탁월,
3급II,85,2019-06-01,44,dokeum_W,다음 漢字語의 讀音을 쓰시오.,億兆,億兆,,억조,억조,
3급II,85,2019-06-01,45,dokeum_W,다음 漢字語의 讀音을 쓰시오.,貿易,貿易,,무역,무역,
3급II,85,2019-06-01,46,hanjaeo_W,다음 밑줄 친 낱말을 漢字(正字)로 쓰시오.,지배층을 형성하는 사대부들은 문자를 사용함으로써 정신문화 생활을 풍요롭게 하였고 문자를 안다는 것이 지식을 쌓고 교양을 넓히며 출세를 보장하는 방편이 되었다.,지배,,支配,支配,
3급II,85,2019-06-01,47,hanjaeo_W,다음 밑줄 친 낱말을 漢字(正字)로 쓰시오.,지배층을 형성하는 사대부들은 문자를 사용함으로써 정신문화 생활을 풍요롭게 하였고 문자를 안다는 것이 지식을 쌓고 교양을 넓히며 출세를 보장하는 방편이 되었다.,사대부,,士大夫,士大夫,
3급II,85,2019-06-01,48,hanjaeo_W,다음 밑줄 친 낱말을 漢字(正字)로 쓰시오.,지배층을 형성하는 사대부들은 문자를 사용함으로써 정신문화 생활을 풍요롭게 하였고 문자를 안다는 것이 지식을 쌓고 교양을 넓히며 출세를 보장하는 방편이 되었다.,사용,,使用,使用,
3급II,85,2019-06-01,49,hanjaeo_W,다음 밑줄 친 낱말을 漢字(正字)로 쓰시오.,지배층을 형성하는 사대부들은 문자를 사용함으로써 정신문화 생활을 풍요롭게 하였고 문자를 안다는 것이 지식을 쌓고 교양을 넓히며 출세를 보장하는 방편이 되었다.,지식,,知識,知識,
3급II,85,2019-06-01,50,hanjaeo_W,다음 밑줄 친 낱말을 漢字(正字)로 쓰시오.,지배층을 형성하는 사대부들은 문자를 사용함으로써 정신문화 생활을 풍요롭게 하였고 문자를 안다는 것이 지식을 쌓고 교양을 넓히며 출세를 보장하는 방편이 되었다.,교양,,敎養,敎養,
3급II,85,2019-06-01,51,hanjaeo_W,다음 밑줄 친 낱말을 漢字(正字)로 쓰시오.,지배층을 형성하는 사대부들은 문자를 사용함으로써 정신문화 생활을 풍요롭게 하였고 문자를 안다는 것이 지식을 쌓고 교양을 넓히며 출세를 보장하는 방편이 되었다.,보장,,保障,保障,
3급II,85,2019-06-01,52,hanjaeo_W,다음 밑줄 친 낱말을 漢字(正字)로 쓰시오.,문화의 발전과 향상은 주로 사회 제도에 있는 것이다.,발전,,發展,發展,
3급II,85,2019-06-01,53,hanjaeo_W,다음 밑줄 친 낱말을 漢字(正字)로 쓰시오.,문화의 발전과 향상은 주로 사회 제도에 있는 것이다.,향상,,向上,向上,
3급II,85,2019-06-01,54,hanjaeo_W,다음 밑줄 친 낱말을 漢字(正字)로 쓰시오.,문화의 발전과 향상은 주로 사회 제도에 있는 것이다.,제도,,制度,制度,
3급II,85,2019-06-01,55,hanjaeo_W,다음 밑줄 친 낱말을 漢字(正字)로 쓰시오.,한자는 전통 문화를 전수시키는 동시에 신문화 창조의 방편도 되었다.,전수,,傳授,傳授,
3급II,85,2019-06-01,56,hanjaeo_W,다음 밑줄 친 낱말을 漢字(正字)로 쓰시오.,한자는 전통 문화를 전수시키는 동시에 신문화 창조의 방편도 되었다.,창조,,創造,創造,
3급II,85,2019-06-01,57,hanjaeo_W,다음 밑줄 친 낱말을 漢字(正字)로 쓰시오.,한자는 전통 문화를 전수시키는 동시에 신문화 창조의 방편도 되었다.,방편,,方便,方便,
3급II,85,2019-06-01,58,hanjaeo_W,다음 밑줄 친 낱말을 漢字(正字)로 쓰시오.,민족문학은 민족의 저층에 내재한 공감 영역의 자기 확인이다. 따라서 그것은 현실적이기보다는 신화적이다.,내재,,內在,內在,
3급II,85,2019-06-01,59,hanjaeo_W,다음 밑줄 친 낱말을 漢字(正字)로 쓰시오.,민족문학은 민족의 저층에 내재한 공감 영역의 자기 확인이다. 따라서 그것은 현실적이기보다는 신화적이다.,공감,,共感,共感,
3급II,85,2019-06-01,60,hanjaeo_W,다음 밑줄 친 낱말을 漢字(正字)로 쓰시오.,민족문학은 민족의 저층에 내재한 공감 영역의 자기 확인이다. 따라서 그것은 현실적이기보다는 신화적이다.,확인,,確認,確認,
3급II,85,2019-06-01,61,hanjaeo_W,다음 밑줄 친 낱말을 漢字(正字)로 쓰시오.,민족문학은 민족의 저층에 내재한 공감 영역의 자기 확인이다. 따라서 그것은 현실적이기보다는 신화적이다.,신화,,神話,神話,
3급II,85,2019-06-01,62,hanjaeo_W,다음 밑줄 친 낱말을 漢字(正字)로 쓰시오.,"민족문학의 본질은 끊임없이 생성, 변화, 자기 창조를 거듭하면서 영원성을 추구하는 것이다.",본질,,本質,本質,
3급II,85,2019-06-01,63,hanjaeo_W,다음 밑줄 친 낱말을 漢字(正字)로 쓰시오.,"민족문학의 본질은 끊임없이 생성, 변화, 자기 창조를 거듭하면서 영원성을 추구하는 것이다.",영원,,永遠,永遠,
3급II,85,2019-06-01,64,hanjaeo_W,다음 밑줄 친 낱말을 漢字(正字)로 쓰시오.,그들에게 있어서 행복이란 육체적 쾌락이며 물질적 풍요에 있는 것처럼 보인다.,행복,,幸福,幸福,
3급II,85,2019-06-01,65,hanjaeo_W,다음 밑줄 친 낱말을 漢字(正字)로 쓰시오.,그들에게 있어서 행복이란 육체적 쾌락이며 물질적 풍요에 있는 것처럼 보인다.,육체,,肉體,肉體,
3급II,85,2019-06-01,66,hanjaeo_W,다음 밑줄 친 낱말을 漢字(正字)로 쓰시오.,물질적 세계관이 만연해짐에 따라 사고는 창조적 혹은 유기적 기능이 위축되며 공리적 기계적인 것으로 변화되었다.,세계,,世界,世界,
3급II,85,2019-06-01,67,hanjaeo_W,다음 밑줄 친 낱말을 漢字(正字)로 쓰시오.,물질적 세계관이 만연해짐에 따라 사고는 창조적 혹은 유기적 기능이 위축되며 공리적 기계적인 것으로 변화되었다.,사고,,思考,思考,
3급II,85,2019-06-01,68,hanjaeo_W,다음 밑줄 친 낱말을 漢字(正字)로 쓰시오.,물질적 세계관이 만연해짐에 따라 사고는 창조적 혹은 유기적 기능이 위축되며 공리적 기계적인 것으로 변화되었다.,변화,,變化,變化,
3급II,85,2019-06-01,69,hanjaeo_W,다음 밑줄 친 낱말을 漢字(正字)로 쓰시오.,분노 조절이 안 된다면 이렇게 해 보자. 자기 반성을 하거나 스스로에게 가혹하게 구는 장면을 떠올리자. 자기비판이 강한 사람은 대개 타인에게 친절한 경우가 있다.,조절,,調節,調節,
3급II,85,2019-06-01,70,hanjaeo_W,다음 밑줄 친 낱말을 漢字(正字)로 쓰시오.,분노 조절이 안 된다면 이렇게 해 보자. 자기 반성을 하거나 스스로에게 가혹하게 구는 장면을 떠올리자. 자기비판이 강한 사람은 대개 타인에게 친절한 경우가 있다.,반성,,反省,反省,
3급II,85,2019-06-01,71,hanjaeo_W,다음 밑줄 친 낱말을 漢字(正字)로 쓰시오.,분노 조절이 안 된다면 이렇게 해 보자. 자기 반성을 하거나 스스로에게 가혹하게 구는 장면을 떠올리자. 자기비판이 강한 사람은 대개 타인에게 친절한 경우가 있다.,장면,,場面,場面,
3급II,85,2019-06-01,72,hanjaeo_W,다음 밑줄 친 낱말을 漢字(正字)로 쓰시오.,분노 조절이 안 된다면 이렇게 해 보자. 자기 반성을 하거나 스스로에게 가혹하게 구는 장면을 떠올리자. 자기비판이 강한 사람은 대개 타인에게 친절한 경우가 있다.,친절,,親切,親切,
3급II,85,2019-06-01,73,hanjaeo_W,다음 밑줄 친 낱말을 漢字(正字)로 쓰시오.,"UCLA 의과대학에서 수행한 22년의 연구 성과물. 가장 단순하고, 가장 쉬운 것부터 시작하라.",의과,,醫科,醫科,
3급II,85,2019-06-01,74,hanjaeo_W,다음 밑줄 친 낱말을 漢字(正字)로 쓰시오.,"UCLA 의과대학에서 수행한 22년의 연구 성과물. 가장 단순하고, 가장 쉬운 것부터 시작하라.",연구,,硏究,硏究,
3급II,85,2019-06-01,75,hanjaeo_W,다음 밑줄 친 낱말을 漢字(正字)로 쓰시오.,"UCLA 의과대학에서 수행한 22년의 연구 성과물. 가장 단순하고, 가장 쉬운 것부터 시작하라.",시작,,始作,始作,
3급II,85,2019-06-01,76,huneum_W,다음 漢字의 訓과 音을 쓰시오.,貢,貢,,바칠 공,바칠 공,
3급II,85,2019-06-01,77,huneum_W,다음 漢字의 訓과 音을 쓰시오.,辯,辯,,말씀 변,말씀 변,
3급II,85,2019-06-01,78,huneum_W,다음 漢字의 訓과 音을 쓰시오.,微,微,,작을 미,작을 미,
3급II,85,2019-06-01,79,huneum_W,다음 漢字의 訓과 音을 쓰시오.,糖,糖,,엿 당,엿 당,
3급II,85,2019-06-01,80,huneum_W,다음 漢字의 訓과 音을 쓰시오.,綱,綱,,벼리 강,벼리 강,
3급II,85,2019-06-01,81,huneum_W,다음 漢字의 訓과 音을 쓰시오.,屋,屋,,집 옥,집 옥,
3급II,85,2019-06-01,82,huneum_W,다음 漢字의 訓과 音을 쓰시오.,檀,檀,,박달나무 단,박달나무 단,
3급II,85,2019-06-01,83,huneum_W,다음 漢字의 訓과 音을 쓰시오.,鑛,鑛,,쇳돌 광,쇳돌 광,
3급II,85,2019-06-01,84,huneum_W,다음 漢字의 訓과 音을 쓰시오.,襲,襲,,엄습할 습,엄습할 습,
3급II,85,2019-06-01,85,huneum_W,다음 漢字의 訓과 音을 쓰시오.,倒,倒,,넘어질 도,넘어질 도,
3급II,85,2019-06-01,86,huneum_W,다음 漢字의 訓과 音을 쓰시오.,訣,訣,,이별할 결,이별할 결,
3급II,85,2019-06-01,87,huneum_W,다음 漢字의 訓과 音을 쓰시오.,征,征,,칠 정,칠 정,
3급II,85,2019-06-01,88,huneum_W,다음 漢字의 訓과 音을 쓰시오.,律,律,,법칙 률,법칙 률,
3급II,85,2019-06-01,89,huneum_W,다음 漢字의 訓과 音을 쓰시오.,鏡,鏡,,거울 경,거울 경,
3급II,85,2019-06-01,90,huneum_W,다음 漢字의 訓과 音을 쓰시오.,驛,驛,,역 역,역 역,
3급II,85,2019-06-01,91,huneum_W,다음 漢字의 訓과 音을 쓰시오.,督,督,,감독할 독,감독할 독,
3급II,85,2019-06-01,92,huneum_W,다음 漢字의 訓과 音을 쓰시오.,奇,奇,,기특할 기,기특할 기,
3급II,85,2019-06-01,93,huneum_W,다음 漢字의 訓과 音을 쓰시오.,屈,屈,,굽힐 굴,굽힐 굴,
3급II,85,2019-06-01,94,huneum_W,다음 漢字의 訓과 音을 쓰시오.,猛,猛,,사나울 맹,사나울 맹,
3급II,85,2019-06-01,95,huneum_W,다음 漢字의 訓과 音을 쓰시오.,翼,翼,,날개 익,날개 익,
3급II,85,2019-06-01,96,huneum_W,다음 漢字의 訓과 音을 쓰시오.,紀,紀,,벼리 기,벼리 기,
3급II,85,2019-06-01,97,huneum_W,다음 漢字의 訓과 音을 쓰시오.,娘,娘,,계집 낭,계집 낭,
3급II,85,2019-06-01,98,huneum_W,다음 漢字의 訓과 音을 쓰시오.,浸,浸,,잠길 침,잠길 침,
3급II,85,2019-06-01,99,huneum_W,다음 漢字의 訓과 音을 쓰시오.,恒,恒,,항상 항,항상 항,
3급II,85,2019-06-01,100,huneum_W,다음 漢字의 訓과 音을 쓰시오.,被,被,,입을 피,입을 피,
3급II,85,2019-06-01,101,huneum_W,다음 漢字의 訓과 音을 쓰시오.,魂,魂,,넋 혼,넋 혼,
3급II,85,2019-06-01,102,huneum_W,다음 漢字의 訓과 音을 쓰시오.,觸,觸,,닿을 촉,닿을 촉,
3급II,85,2019-06-01,103,jangeum_S,다음 漢字語 중 첫 음절이 길게 발음되는 것의 번호를 쓰시오.,,,"[""① 絲狀"", ""② 事象""]",②,② 事象,
3급II,85,2019-06-01,104,jangeum_S,다음 漢字語 중 첫 음절이 길게 발음되는 것의 번호를 쓰시오.,,,"[""① 古典"", ""② 苦戰""]",①,① 古典,
3급II,85,2019-06-01,105,jangeum_S,다음 漢字語 중 첫 음절이 길게 발음되는 것의 번호를 쓰시오.,,,"[""① 姓名"", ""② 聲明""]",①,① 姓名,
3급II,85,2019-06-01,106,jangeum_S,다음 漢字語 중 첫 음절이 길게 발음되는 것의 번호를 쓰시오.,,,"[""① 家口"", ""② 佳句""]",②,② 佳句,
3급II,85,2019-06-01,107,jangeum_S,다음 漢字語 중 첫 음절이 길게 발음되는 것의 번호를 쓰시오.,,,"[""① 有利"", ""② 遊離""]",①,① 有利,
3급II,85,2019-06-01,108,yui_W,다음 (          ) 안에 비슷한 뜻을 가진 漢字(正字)를 써넣어 널리 쓰이는 단어를 완성하시오.,希 - (    ),希( ),,望,望,
3급II,85,2019-06-01,109,yui_W,다음 (          ) 안에 비슷한 뜻을 가진 漢字(正字)를 써넣어 널리 쓰이는 단어를 완성하시오.,河 - (    ),河( ),,川,川,
3급II,85,2019-06-01,110,yui_W,다음 (          ) 안에 비슷한 뜻을 가진 漢字(正字)를 써넣어 널리 쓰이는 단어를 완성하시오.,陸 - (    ),陸( ),,地,地,
3급II,85,2019-06-01,111,yui_W,다음 (          ) 안에 비슷한 뜻을 가진 漢字(正字)를 써넣어 널리 쓰이는 단어를 완성하시오.,君 - (    ),君( ),,王,王,
3급II,85,2019-06-01,112,yui_W,다음 (          ) 안에 비슷한 뜻을 가진 漢字(正字)를 써넣어 널리 쓰이는 단어를 완성하시오.,報 - (    ),報( ),,告,告,
3급II,85,2019-06-01,113,banui_W,다음 (      ) 안에 뜻이 反對 또는 相對되는 漢字를 써넣어 단어를 만드시오.,登 ↔ ( ),登( ),,落,落,
3급II,85,2019-06-01,114,banui_W,다음 (      ) 안에 뜻이 反對 또는 相對되는 漢字를 써넣어 단어를 만드시오.,善 ↔ ( ),善( ),,惡,惡,
3급II,85,2019-06-01,115,banui_W,다음 (      ) 안에 뜻이 反對 또는 相對되는 漢字를 써넣어 단어를 만드시오.,將 ↔ ( ),將( ),,卒/兵,卒/兵,
3급II,85,2019-06-01,116,banui_W,다음 (      ) 안에 뜻이 反對 또는 相對되는 漢字를 써넣어 단어를 만드시오.,呼 ↔ ( ),呼( ),,吸,吸,
3급II,85,2019-06-01,117,banui_W,다음 (      ) 안에 뜻이 反對 또는 相對되는 漢字를 써넣어 단어를 만드시오.,忠 ↔ ( ),忠( ),,逆,逆,
3급II,85,2019-06-01,118,banuieo_W,다음 漢字語의 反對語 또는 相對語를 漢字(正字)로 쓰시오.,複雜,複雜,,單純,單純,
3급II,85,2019-06-01,119,banuieo_W,다음 漢字語의 反對語 또는 相對語를 漢字(正字)로 쓰시오.,溫暖,溫暖,,寒冷,寒冷,
3급II,85,2019-06-01,120,banuieo_W,다음 漢字語의 反對語 또는 相對語를 漢字(正字)로 쓰시오.,許可,許可,,禁止,禁止,
3급II,85,2019-06-01,121,banuieo_W,다음 漢字語의 反對語 또는 相對語를 漢字(正字)로 쓰시오.,結果,結果,,原因,原因,
3급II,85,2019-06-01,122,banuieo_W,다음 漢字語의 反對語 또는 相對語를 漢字(正字)로 쓰시오.,白晝,白晝,,深夜,深夜,
3급II,85,2019-06-01,123,dongeumeo_W,다음 漢字語의 同音異義語를 제시한 뜻에 맞는 漢字(正字)로 쓰시오.,個數 - (    ) 고쳐서 바로 잡거나 다시 만듦.,個數,,改修,改修,
3급II,85,2019-06-01,124,dongeumeo_W,다음 漢字語의 同音異義語를 제시한 뜻에 맞는 漢字(正字)로 쓰시오.,"乾縮 - (    ) 집이나 성, 다리 등의 구조물을 세우거나 쌓아 만듦.",乾縮,,建築,建築,
3급II,85,2019-06-01,125,dongeumeo_W,다음 漢字語의 同音異義語를 제시한 뜻에 맞는 漢字(正字)로 쓰시오.,水星 - (    ) 적의 공격을 막기 위해 성을 지킴.,水星,,守城,守城,
3급II,85,2019-06-01,126,dongeumeo_W,다음 漢字語의 同音異義語를 제시한 뜻에 맞는 漢字(正字)로 쓰시오.,慶宴 - (    ) 예술이나 재주 따위의 실력을 겨룸.,慶宴,,競演,競演,
3급II,85,2019-06-01,127,dongeumeo_W,다음 漢字語의 同音異義語를 제시한 뜻에 맞는 漢字(正字)로 쓰시오.,拘束 - (    ) 낡은 풍속.,拘束,,舊俗,舊俗,
3급II,85,2019-06-01,128,seongeo_W,다음 (      ) 안에 알맞은 漢字(正字)를 써넣어 사자성어를 완성하시오.,興亡(   )衰 - 흥하고 망하고 성하고 쇠하는 일.,興亡( )衰,,盛,盛,
3급II,85,2019-06-01,129,seongeo_W,다음 (      ) 안에 알맞은 漢字(正字)를 써넣어 사자성어를 완성하시오.,藥( )甘草 - 무슨 일이나 빠짐없이 낌.,藥( )甘草,,房,房,
3급II,85,2019-06-01,130,seongeo_W,다음 (      ) 안에 알맞은 漢字(正字)를 써넣어 사자성어를 완성하시오.,花( )月夕 - 꽃 피는 아침과 달 뜨는 저녁.,花( )月夕,,朝,朝,
3급II,85,2019-06-01,131,seongeo_W,다음 (      ) 안에 알맞은 漢字(正字)를 써넣어 사자성어를 완성하시오.,"緣木(   )魚 - 나무에서 물고기를 구한다는 뜻, 도저히 불가능한 일을 비유함.",緣木( )魚,,求,求,
3급II,85,2019-06-01,132,seongeo_W,다음 (      ) 안에 알맞은 漢字(正字)를 써넣어 사자성어를 완성하시오.,附( )雷同 - 주견 없이 남의 의견이나 행동을 덩달아 따름.,附( )雷同,,和,和,
3급II,85,2019-06-01,133,seongeo_W,다음 (      ) 안에 알맞은 漢字(正字)를 써넣어 사자성어를 완성하시오.,"風前( )火 - 바람 앞의 등불이라는 뜻, 매우 위태로운 처지를 비유함.",風前( )火,,燈,燈,
3급II,85,2019-06-01,134,seongeo_W,다음 (      ) 안에 알맞은 漢字(正字)를 써넣어 사자성어를 완성하시오.,"天高( )肥 - 하늘은 높고 말을 살찐다는 뜻, 가을철을 비유함.",天高( )肥,,馬,馬,
3급II,85,2019-06-01,135,seongeo_W,다음 (      ) 안에 알맞은 漢字(正字)를 써넣어 사자성어를 완성하시오.,衆寡不(   ) - 적은 사람으로는 많은 사람을 대적하지 못함.,衆寡不( ),,敵,敵,
3급II,85,2019-06-01,136,seongeo_W,다음 (      ) 안에 알맞은 漢字(正字)를 써넣어 사자성어를 완성하시오.,(   )虎衝鼻 - 잠자는 범의 코를 찌름. 스스로 화를 불러들임.,( )虎衝鼻,,宿,宿,
3급II,85,2019-06-01,137,seongeo_W,다음 (      ) 안에 알맞은 漢字(正字)를 써넣어 사자성어를 완성하시오.,怒甲( )乙 - 어떤 사람에게 당한 화풀이를 다른 사람에게 해 댐.,怒甲( )乙,,移,移,
3급II,85,2019-06-01,138,busu_W,다음 漢字의 部首를 쓰시오.,擧,擧,,手,手,
3급II,85,2019-06-01,139,busu_W,다음 漢字의 部首를 쓰시오.,敬,敬,,攵(攴),攵(攴),
3급II,85,2019-06-01,140,busu_W,다음 漢字의 部首를 쓰시오.,牧,牧,,牛,牛,
3급II,85,2019-06-01,141,busu_W,다음 漢字의 部首를 쓰시오.,副,副,,刂(刀),刂(刀),
3급II,85,2019-06-01,142,busu_W,다음 漢字의 部首를 쓰시오.,是,是,,日,日,
3급II,85,2019-06-01,143,yakja_W,다음 漢字의 略字를 쓰시오.,監,監,,监,监,
3급II,85,2019-06-01,144,yakja_W,다음 漢字의 略字를 쓰시오.,壓,壓,,圧,圧,
3급II,85,2019-06-01,145,yakja_W,다음 漢字의 略字를 쓰시오.,賣,賣,,売,売,
3급II,85,2019-06-01,146,mean_W,다음 漢字語의 뜻을 쓰시오.,縱橫,縱橫,,세로와 가로,세로와 가로,
3급II,85,2019-06-01,147,mean_W,다음 漢字語의 뜻을 쓰시오.,表裏,表裏,,겉과 속/안과 밖,겉과 속/안과 밖,
3급II,85,2019-06-01,148,mean_W,다음 漢字語의 뜻을 쓰시오.,徵稅,徵稅,,조세를 징수함,조세를 징수함,
3급II,85,2019-06-01,149,mean_W,다음 漢字語의 뜻을 쓰시오.,虛僞,虛僞,,거짓/그릇된 지식,거짓/그릇된 지식,
3급II,85,2019-06-01,150,mean_W,다음 漢字語의 뜻을 쓰시오.,消滅,消滅,,사라져 없어짐,사라져 없어짐,
3급II,86,2019-08-24,1,dokeum_W,다음 밑줄 친 漢字語의 讀音을 쓰시오.,"知識, 信仰, 법률, 도덕, 慣習 등 그 사회 구성원들이 이루어 놓은 總體的 결과가 문화다.",知識,,지식,지식,
3급II,86,2019-08-24,2,dokeum_W,다음 밑줄 친 漢字語의 讀音을 쓰시오.,"知識, 信仰, 법률, 도덕, 慣習 등 그 사회 구성원들이 이루어 놓은 總體的 결과가 문화다.",信仰,,신앙,신앙,
3급II,86,2019-08-24,3,dokeum_W,다음 밑줄 친 漢字語의 讀音을 쓰시오.,"知識, 信仰, 법률, 도덕, 慣習 등 그 사회 구성원들이 이루어 놓은 總體的 결과가 문화다.",慣習,,관습,관습,
3급II,86,2019-08-24,4,dokeum_W,다음 밑줄 친 漢字語의 讀音을 쓰시오.,"知識, 信仰, 법률, 도덕, 慣習 등 그 사회 구성원들이 이루어 놓은 總體的 결과가 문화다.",總體的,,총체적,총체적,
3급II,86,2019-08-24,5,dokeum_W,다음 밑줄 친 漢字語의 讀音을 쓰시오.,하나의 문자 체계를 완성하는 일이 얼마나 至難한 일인가는 想像하기 어렵지 않습니다.,至難,,지난,지난,
3급II,86,2019-08-24,6,dokeum_W,다음 밑줄 친 漢字語의 讀音을 쓰시오.,하나의 문자 체계를 완성하는 일이 얼마나 至難한 일인가는 想像하기 어렵지 않습니다.,想像,,상상,상상,
3급II,86,2019-08-24,7,dokeum_W,다음 밑줄 친 漢字語의 讀音을 쓰시오.,우리나라 書寫체계의 變遷을 살펴보자.,書寫,,서사,서사,
3급II,86,2019-08-24,8,dokeum_W,다음 밑줄 친 漢字語의 讀音을 쓰시오.,우리나라 書寫체계의 變遷을 살펴보자.,變遷,,변천,변천,
3급II,86,2019-08-24,9,dokeum_W,다음 밑줄 친 漢字語의 讀音을 쓰시오.,이미 굳어진 외래어는 관용을 尊重하되 그 範圍와 用例는 따로 정한다.,尊重,,존중,존중,
3급II,86,2019-08-24,10,dokeum_W,다음 밑줄 친 漢字語의 讀音을 쓰시오.,이미 굳어진 외래어는 관용을 尊重하되 그 範圍와 用例는 따로 정한다.,範圍,,범위,범위,
3급II,86,2019-08-24,11,dokeum_W,다음 밑줄 친 漢字語의 讀音을 쓰시오.,이미 굳어진 외래어는 관용을 尊重하되 그 範圍와 用例는 따로 정한다.,用例,,용례,용례,
3급II,86,2019-08-24,12,dokeum_W,다음 밑줄 친 漢字語의 讀音을 쓰시오.,서재필은 急進的 혁명을 시도하다가 그것이 失敗하여 亡命했던 사람이다.,急進的,,급진적,급진적,
3급II,86,2019-08-24,13,dokeum_W,다음 밑줄 친 漢字語의 讀音을 쓰시오.,서재필은 急進的 혁명을 시도하다가 그것이 失敗하여 亡命했던 사람이다.,失敗,,실패,실패,
3급II,86,2019-08-24,14,dokeum_W,다음 밑줄 친 漢字語의 讀音을 쓰시오.,서재필은 急進的 혁명을 시도하다가 그것이 失敗하여 亡命했던 사람이다.,亡命,,망명,망명,
3급II,86,2019-08-24,15,dokeum_W,다음 밑줄 친 漢字語의 讀音을 쓰시오.,한복은 그 優雅한 着用 姿態가 어떠한 패션도 능가하는 神奇한 매력이 있다고 합니다.,優雅,,우아,우아,
3급II,86,2019-08-24,16,dokeum_W,다음 밑줄 친 漢字語의 讀音을 쓰시오.,한복은 그 優雅한 着用 姿態가 어떠한 패션도 능가하는 神奇한 매력이 있다고 합니다.,姿態,,자태,자태,
3급II,86,2019-08-24,17,dokeum_W,다음 밑줄 친 漢字語의 讀音을 쓰시오.,한복은 그 優雅한 着用 姿態가 어떠한 패션도 능가하는 神奇한 매력이 있다고 합니다.,神奇,,신기,신기,
3급II,86,2019-08-24,18,dokeum_W,다음 밑줄 친 漢字語의 讀音을 쓰시오.,세종대왕은 果敢한 實踐 의지를 갖고 勇斷을 내립니다.,果敢,,과감,과감,
3급II,86,2019-08-24,19,dokeum_W,다음 밑줄 친 漢字語의 讀音을 쓰시오.,세종대왕은 果敢한 實踐 의지를 갖고 勇斷을 내립니다.,實踐,,실천,실천,
3급II,86,2019-08-24,20,dokeum_W,다음 밑줄 친 漢字語의 讀音을 쓰시오.,세종대왕은 果敢한 實踐 의지를 갖고 勇斷을 내립니다.,勇斷,,용단,용단,
3급II,86,2019-08-24,21,dokeum_W,다음 漢字語의 讀音을 쓰시오.,偶然,偶然,,우연,우연,
3급II,86,2019-08-24,22,dokeum_W,다음 漢字語의 讀音을 쓰시오.,戶籍,戶籍,,호적,호적,
3급II,86,2019-08-24,23,dokeum_W,다음 漢字語의 讀音을 쓰시오.,覆蓋,覆蓋,,복개,복개,
3급II,86,2019-08-24,24,dokeum_W,다음 漢字語의 讀音을 쓰시오.,培養,培養,,배양,배양,
3급II,86,2019-08-24,25,dokeum_W,다음 漢字語의 讀音을 쓰시오.,食盤,食盤,,식반,식반,
3급II,86,2019-08-24,26,dokeum_W,다음 漢字語의 讀音을 쓰시오.,位置,位置,,위치,위치,
3급II,86,2019-08-24,27,dokeum_W,다음 漢字語의 讀音을 쓰시오.,歡迎,歡迎,,환영,환영,
3급II,86,2019-08-24,28,dokeum_W,다음 漢字語의 讀音을 쓰시오.,抵當,抵當,,저당,저당,
3급II,86,2019-08-24,29,dokeum_W,다음 漢字語의 讀音을 쓰시오.,移住,移住,,이주,이주,
3급II,86,2019-08-24,30,dokeum_W,다음 漢字語의 讀音을 쓰시오.,貌樣,貌樣,,모양,모양,
3급II,86,2019-08-24,31,dokeum_W,다음 漢字語의 讀音을 쓰시오.,沙上,沙上,,사상,사상,
3급II,86,2019-08-24,32,dokeum_W,다음 漢字語의 讀音을 쓰시오.,賞讚,賞讚,,상찬,상찬,
3급II,86,2019-08-24,33,dokeum_W,다음 漢字語의 讀音을 쓰시오.,要緊,要緊,,요긴,요긴,
3급II,86,2019-08-24,34,dokeum_W,다음 漢字語의 讀音을 쓰시오.,送付,送付,,송부,송부,
3급II,86,2019-08-24,35,dokeum_W,다음 漢字語의 讀音을 쓰시오.,菊花,菊花,,국화,국화,
3급II,86,2019-08-24,36,dokeum_W,다음 漢字語의 讀音을 쓰시오.,讓步,讓步,,양보,양보,
3급II,86,2019-08-24,37,dokeum_W,다음 漢字語의 讀音을 쓰시오.,架設,架設,,가설,가설,
3급II,86,2019-08-24,38,dokeum_W,다음 漢字語의 讀音을 쓰시오.,統治,統治,,통치,통치,
3급II,86,2019-08-24,39,dokeum_W,다음 漢字語의 讀音을 쓰시오.,宣告,宣告,,선고,선고,
3급II,86,2019-08-24,40,dokeum_W,다음 漢字語의 讀音을 쓰시오.,厚薄,厚薄,,후박,후박,
3급II,86,2019-08-24,41,dokeum_W,다음 漢字語의 讀音을 쓰시오.,幹線,幹線,,간선,간선,
3급II,86,2019-08-24,42,dokeum_W,다음 漢字語의 讀音을 쓰시오.,顔面,顔面,,안면,안면,
3급II,86,2019-08-24,43,dokeum_W,다음 漢字語의 讀音을 쓰시오.,獎勵,獎勵,,장려,장려,
3급II,86,2019-08-24,44,dokeum_W,다음 漢字語의 讀音을 쓰시오.,財務,財務,,재무,재무,
3급II,86,2019-08-24,45,dokeum_W,다음 漢字語의 讀音을 쓰시오.,檀紀,檀紀,,단기,단기,
3급II,86,2019-08-24,46,hanjaeo_W,다음 밑줄 친 낱말을 漢字(正字)로 쓰시오.,약한 자에게 오는 행복은 재난을 동반하는 일이 많다.,행복,,幸福,幸福,
3급II,86,2019-08-24,47,hanjaeo_W,다음 밑줄 친 낱말을 漢字(正字)로 쓰시오.,인간이 지배해야 할 과학이 인간을 지배한다. 인간이 생각을 표현하기 위해서 만든 언어가 인간의 생각을 규제한다. 한 집단의 특정한 음식의 맛이 미각을 지배한다.,지배,,支配,支配,
3급II,86,2019-08-24,48,hanjaeo_W,다음 밑줄 친 낱말을 漢字(正字)로 쓰시오.,인간이 지배해야 할 과학이 인간을 지배한다.,과학,,科學,科學,
3급II,86,2019-08-24,49,hanjaeo_W,다음 밑줄 친 낱말을 漢字(正字)로 쓰시오.,인간이 생각을 표현하기 위해서 만든 언어가 인간의 생각을 규제한다.,표현,,表現,表現,
3급II,86,2019-08-24,50,hanjaeo_W,다음 밑줄 친 낱말을 漢字(正字)로 쓰시오.,인간이 생각을 표현하기 위해서 만든 언어가 인간의 생각을 규제한다.,규제,,規制,規制,
3급II,86,2019-08-24,51,hanjaeo_W,다음 밑줄 친 낱말을 漢字(正字)로 쓰시오.,한 집단의 특정한 음식의 맛이 미각을 지배한다.,집단,,集團,集團,
3급II,86,2019-08-24,52,hanjaeo_W,다음 밑줄 친 낱말을 漢字(正字)로 쓰시오.,오늘날 한국인의 가옥은 서양식으로 바뀌고 일상생활에서는 양복이 한복을 대체했다.,가옥,,家屋,家屋,
3급II,86,2019-08-24,53,hanjaeo_W,다음 밑줄 친 낱말을 漢字(正字)로 쓰시오.,과거 어느 시기의 사상이나 방법론에 대한 평가는 엄밀히 역사적 입장에서 이루어져야 한다.,과거,,過去,過去,
3급II,86,2019-08-24,54,hanjaeo_W,다음 밑줄 친 낱말을 漢字(正字)로 쓰시오.,과거 어느 시기의 사상이나 방법론에 대한 평가는 엄밀히 역사적 입장에서 이루어져야 한다.,방법,,方法,方法,
3급II,86,2019-08-24,55,hanjaeo_W,다음 밑줄 친 낱말을 漢字(正字)로 쓰시오.,과거 어느 시기의 사상이나 방법론에 대한 평가는 엄밀히 역사적 입장에서 이루어져야 한다.,역사,,歷史,歷史,
3급II,86,2019-08-24,56,hanjaeo_W,다음 밑줄 친 낱말을 漢字(正字)로 쓰시오.,과거 어느 시기의 사상이나 방법론에 대한 평가는 엄밀히 역사적 입장에서 이루어져야 한다.,입장,,立場,立場,
3급II,86,2019-08-24,57,hanjaeo_W,다음 밑줄 친 낱말을 漢字(正字)로 쓰시오.,외래 사상의 도전 앞에서 전통을 전적으로 부정하는 것이 아니라 그것을 새로운 각도에서 고찰하고 비판적으로 재평가하는 것이 필요하다.,외래,,外來,外來,
3급II,86,2019-08-24,58,hanjaeo_W,다음 밑줄 친 낱말을 漢字(正字)로 쓰시오.,외래 사상의 도전 앞에서 전통을 전적으로 부정하는 것이 아니라 그것을 새로운 각도에서 고찰하고 비판적으로 재평가하는 것이 필요하다.,각도,,角度,角度,
3급II,86,2019-08-24,59,hanjaeo_W,다음 밑줄 친 낱말을 漢字(正字)로 쓰시오.,외래 사상의 도전 앞에서 전통을 전적으로 부정하는 것이 아니라 그것을 새로운 각도에서 고찰하고 비판적으로 재평가하는 것이 필요하다.,고찰,,考察,考察,
3급II,86,2019-08-24,60,hanjaeo_W,다음 밑줄 친 낱말을 漢字(正字)로 쓰시오.,상품 광고는 원래 윤리도 당위성도 무시하고 심리적 효과만을 노리는 것이다.,상품,,商品,商品,
3급II,86,2019-08-24,61,hanjaeo_W,다음 밑줄 친 낱말을 漢字(正字)로 쓰시오.,상품 광고는 원래 윤리도 당위성도 무시하고 심리적 효과만을 노리는 것이다.,무시,,無視,無視,
3급II,86,2019-08-24,62,hanjaeo_W,다음 밑줄 친 낱말을 漢字(正字)로 쓰시오.,상품 광고는 원래 윤리도 당위성도 무시하고 심리적 효과만을 노리는 것이다.,심리,,心理,心理,
3급II,86,2019-08-24,63,hanjaeo_W,다음 밑줄 친 낱말을 漢字(正字)로 쓰시오.,대학교육의 세 가지 기능은 ㉠ 고급 노동력의 양성과 공급 ㉡ 지식과 문화의 전수와 발전 ㉢ 분석적・논리적 지성을 위한 수련 등이다.,노동,,勞動,勞動,
3급II,86,2019-08-24,64,hanjaeo_W,다음 밑줄 친 낱말을 漢字(正字)로 쓰시오.,대학교육의 세 가지 기능은 ㉠ 고급 노동력의 양성과 공급 ㉡ 지식과 문화의 전수와 발전 ㉢ 분석적・논리적 지성을 위한 수련 등이다.,전수,,傳受(授),傳受(授),
3급II,86,2019-08-24,65,hanjaeo_W,다음 밑줄 친 낱말을 漢字(正字)로 쓰시오.,대학교육의 세 가지 기능은 ㉠ 고급 노동력의 양성과 공급 ㉡ 지식과 문화의 전수와 발전 ㉢ 분석적・논리적 지성을 위한 수련 등이다.,발전,,發展,發展,
3급II,86,2019-08-24,66,hanjaeo_W,다음 밑줄 친 낱말을 漢字(正字)로 쓰시오.,대학교육의 세 가지 기능은 ㉠ 고급 노동력의 양성과 공급 ㉡ 지식과 문화의 전수와 발전 ㉢ 분석적・논리적 지성을 위한 수련 등이다.,수련,,修練(鍊),修練(鍊),
3급II,86,2019-08-24,67,hanjaeo_W,다음 밑줄 친 낱말을 漢字(正字)로 쓰시오.,작곡가의 의도와는 아랑곳 없는 엉뚱한 인상이다.,작곡,,作曲,作曲,
3급II,86,2019-08-24,68,hanjaeo_W,다음 밑줄 친 낱말을 漢字(正字)로 쓰시오.,작곡가의 의도와는 아랑곳 없는 엉뚱한 인상이다.,의도,,意圖,意圖,
3급II,86,2019-08-24,69,hanjaeo_W,다음 밑줄 친 낱말을 漢字(正字)로 쓰시오.,객관적이라고 주장된 내용도 필연적으로 시대적・문화적 여건에 의해서 변화한다.,객관,,客觀,客觀,
3급II,86,2019-08-24,70,hanjaeo_W,다음 밑줄 친 낱말을 漢字(正字)로 쓰시오.,객관적이라고 주장된 내용도 필연적으로 시대적・문화적 여건에 의해서 변화한다.,시대,,時代,時代,
3급II,86,2019-08-24,71,hanjaeo_W,다음 밑줄 친 낱말을 漢字(正字)로 쓰시오.,"그러나 이러한 언어적, 형식적 접근이 문학에 관한 담론의 전부일 수 없다.",형식,,形式,形式,
3급II,86,2019-08-24,72,hanjaeo_W,다음 밑줄 친 낱말을 漢字(正字)로 쓰시오.,"그러나 이러한 언어적, 형식적 접근이 문학에 관한 담론의 전부일 수 없다.",접근,,接近,接近,
3급II,86,2019-08-24,73,hanjaeo_W,다음 밑줄 친 낱말을 漢字(正字)로 쓰시오.,"그러나 이러한 언어적, 형식적 접근이 문학에 관한 담론의 전부일 수 없다.",담론,,談論,談論,
3급II,86,2019-08-24,74,hanjaeo_W,다음 밑줄 친 낱말을 漢字(正字)로 쓰시오.,"황금만등주의에 의한 정신적, 도덕적 타락이 이토록 자심했던 시대는 아마도 없었을 것이다.",황금,,黃金,黃金,
3급II,86,2019-08-24,75,hanjaeo_W,다음 밑줄 친 낱말을 漢字(正字)로 쓰시오.,"황금만등주의에 의한 정신적, 도덕적 타락이 이토록 자심했던 시대는 아마도 없었을 것이다.",도덕,,道德,道德,
3급II,86,2019-08-24,76,huneum_W,다음 漢字의 訓과 音을 쓰시오.,羽,羽,,깃 우,깃 우,
3급II,86,2019-08-24,77,huneum_W,다음 漢字의 訓과 音을 쓰시오.,符,符,,부호 부,부호 부,
3급II,86,2019-08-24,78,huneum_W,다음 漢字의 訓과 音을 쓰시오.,刷,刷,,인쇄할 쇄,인쇄할 쇄,
3급II,86,2019-08-24,79,huneum_W,다음 漢字의 訓과 音을 쓰시오.,井,井,,우물 정,우물 정,
3급II,86,2019-08-24,80,huneum_W,다음 漢字의 訓과 音을 쓰시오.,紋,紋,,무늬 문,무늬 문,
3급II,86,2019-08-24,81,huneum_W,다음 漢字의 訓과 音을 쓰시오.,皮,皮,,가죽 피,가죽 피,
3급II,86,2019-08-24,82,huneum_W,다음 漢字의 訓과 音을 쓰시오.,枝,枝,,가지 지,가지 지,
3급II,86,2019-08-24,83,huneum_W,다음 漢字의 訓과 音을 쓰시오.,突,突,,갑자기 돌,갑자기 돌,
3급II,86,2019-08-24,84,huneum_W,다음 漢字의 訓과 音을 쓰시오.,裂,裂,,찢어질 렬,찢어질 렬,
3급II,86,2019-08-24,85,huneum_W,다음 漢字의 訓과 音을 쓰시오.,姑,姑,,시어미 고,시어미 고,
3급II,86,2019-08-24,86,huneum_W,다음 漢字의 訓과 音을 쓰시오.,閣,閣,,집 각,집 각,
3급II,86,2019-08-24,87,huneum_W,다음 漢字의 訓과 音을 쓰시오.,卷,卷,,책 권,책 권,
3급II,86,2019-08-24,88,huneum_W,다음 漢字의 訓과 音을 쓰시오.,其,其,,그 기,그 기,
3급II,86,2019-08-24,89,huneum_W,다음 漢字의 訓과 音을 쓰시오.,項,項,,항목 항,항목 항,
3급II,86,2019-08-24,90,huneum_W,다음 漢字의 訓과 音을 쓰시오.,桂,桂,,계수나무 계,계수나무 계,
3급II,86,2019-08-24,91,huneum_W,다음 漢字의 訓과 音을 쓰시오.,沈,沈,,잠길 침/성 심,잠길 침/성 심,
3급II,86,2019-08-24,92,huneum_W,다음 漢字의 訓과 音을 쓰시오.,兼,兼,,겸할 겸,겸할 겸,
3급II,86,2019-08-24,93,huneum_W,다음 漢字의 訓과 音을 쓰시오.,侍,侍,,모실 시,모실 시,
3급II,86,2019-08-24,94,huneum_W,다음 漢字의 訓과 音을 쓰시오.,剛,剛,,굳셀 강,굳셀 강,
3급II,86,2019-08-24,95,huneum_W,다음 漢字의 訓과 音을 쓰시오.,忽,忽,,갑자기 홀,갑자기 홀,
3급II,86,2019-08-24,96,huneum_W,다음 漢字의 訓과 音을 쓰시오.,康,康,,편안 강,편안 강,
3급II,86,2019-08-24,97,huneum_W,다음 漢字의 訓과 音을 쓰시오.,倫,倫,,인륜 륜,인륜 륜,
3급II,86,2019-08-24,98,huneum_W,다음 漢字의 訓과 音을 쓰시오.,泥,泥,,진흙 니,진흙 니,
3급II,86,2019-08-24,99,huneum_W,다음 漢字의 訓과 音을 쓰시오.,壞,壞,,무너질 괴,무너질 괴,
3급II,86,2019-08-24,100,huneum_W,다음 漢字의 訓과 音을 쓰시오.,盲,盲,,소경/눈멀 맹,소경/눈멀 맹,
3급II,86,2019-08-24,101,huneum_W,다음 漢字의 訓과 音을 쓰시오.,距,距,,상거할 거,상거할 거,
3급II,86,2019-08-24,102,huneum_W,다음 漢字의 訓과 音을 쓰시오.,逸,逸,,편안할 일,편안할 일,
3급II,86,2019-08-24,103,jangeum_S,다음 漢字語 중 첫 음절이 길게 발음되는 것의 번호를 쓰시오.,,,"[""① 朝鮮"", ""② 造船""]",②,② 造船,
3급II,86,2019-08-24,104,jangeum_S,다음 漢字語 중 첫 음절이 길게 발음되는 것의 번호를 쓰시오.,,,"[""① 小生"", ""② 蘇生""]",①,① 小生,
3급II,86,2019-08-24,105,jangeum_S,다음 漢字語 중 첫 음절이 길게 발음되는 것의 번호를 쓰시오.,,,"[""① 絲狀"", ""② 四象""]",②,② 四象,
3급II,86,2019-08-24,106,jangeum_S,다음 漢字語 중 첫 음절이 길게 발음되는 것의 번호를 쓰시오.,,,"[""① 感謝"", ""② 監査""]",①,① 感謝,
3급II,86,2019-08-24,107,jangeum_S,다음 漢字語 중 첫 음절이 길게 발음되는 것의 번호를 쓰시오.,,,"[""① 專攻"", ""② 電工""]",②,② 電工,
3급II,86,2019-08-24,108,yui_W,다음 (       ) 안에 비슷한 뜻을 가진 漢字(正字)를 써넣어 널리 쓰이는 단어를 완성하시오.,潔 - (   ),潔( ),,白,白,
3급II,86,2019-08-24,109,yui_W,다음 (       ) 안에 비슷한 뜻을 가진 漢字(正字)를 써넣어 널리 쓰이는 단어를 완성하시오.,病 - (   ),病( ),,患,患,
3급II,86,2019-08-24,110,yui_W,다음 (       ) 안에 비슷한 뜻을 가진 漢字(正字)를 써넣어 널리 쓰이는 단어를 완성하시오.,歌 - (   ),歌( ),,謠,謠,
3급II,86,2019-08-24,111,yui_W,다음 (       ) 안에 비슷한 뜻을 가진 漢字(正字)를 써넣어 널리 쓰이는 단어를 완성하시오.,永 - (   ),永( ),,遠,遠,
3급II,86,2019-08-24,112,yui_W,다음 (       ) 안에 비슷한 뜻을 가진 漢字(正字)를 써넣어 널리 쓰이는 단어를 완성하시오.,興 - (   ),興( ),,起,起,
3급II,86,2019-08-24,113,banui_W,다음 (       ) 안에 뜻이 反對 또는 相對되는 漢字를 써넣어 단어를 만드시오.,民 ↔ ( ),民( ),,官,官,
3급II,86,2019-08-24,114,banui_W,다음 (       ) 안에 뜻이 反對 또는 相對되는 漢字를 써넣어 단어를 만드시오.,凶 ↔ ( ),凶( ),,吉,吉,
3급II,86,2019-08-24,115,banui_W,다음 (       ) 안에 뜻이 反對 또는 相對되는 漢字를 써넣어 단어를 만드시오.,投 ↔ ( ),投( ),,打,打,
3급II,86,2019-08-24,116,banui_W,다음 (       ) 안에 뜻이 反對 또는 相對되는 漢字를 써넣어 단어를 만드시오.,胸 ↔ ( ),胸( ),,背,背,
3급II,86,2019-08-24,117,banui_W,다음 (       ) 안에 뜻이 反對 또는 相對되는 漢字를 써넣어 단어를 만드시오.,喜 ↔ ( ),喜( ),,悲,悲,
3급II,86,2019-08-24,118,banuieo_W,다음 漢字語의 反對語 또는 相對語를 漢字(正字)로 쓰시오.,複雜,複雜,,單純,單純,
3급II,86,2019-08-24,119,banuieo_W,다음 漢字語의 反對語 또는 相對語를 漢字(正字)로 쓰시오.,好轉,好轉,,惡化,惡化,
3급II,86,2019-08-24,120,banuieo_W,다음 漢字語의 反對語 또는 相對語를 漢字(正字)로 쓰시오.,差別,差別,,平等,平等,
3급II,86,2019-08-24,121,banuieo_W,다음 漢字語의 反對語 또는 相對語를 漢字(正字)로 쓰시오.,苦痛,苦痛,,快樂,快樂,
3급II,86,2019-08-24,122,banuieo_W,다음 漢字語의 反對語 또는 相對語를 漢字(正字)로 쓰시오.,禁止,禁止,,許可,許可,
3급II,86,2019-08-24,123,dongeumeo_W,다음 漢字語의 同音異義語를 제시한 뜻에 맞는 漢字(正字)로 쓰시오.,降雪 - (    ) 강론하여 설명함.,降雪,,講說,講說,
3급II,86,2019-08-24,124,dongeumeo_W,다음 漢字語의 同音異義語를 제시한 뜻에 맞는 漢字(正字)로 쓰시오.,警戒 - (    ) 사물이나 지역이 분간되는 한계.,警戒,,境界,境界,
3급II,86,2019-08-24,125,dongeumeo_W,다음 漢字語의 同音異義語를 제시한 뜻에 맞는 漢字(正字)로 쓰시오.,輕傷 - (    ) 일정한 상태로 계속하여 변동이 없음.,輕傷,,經常,經常,
3급II,86,2019-08-24,126,dongeumeo_W,다음 漢字語의 同音異義語를 제시한 뜻에 맞는 漢字(正字)로 쓰시오.,記載 - (    ) 기구와 재료.,記載,,器材,器材,
3급II,86,2019-08-24,127,dongeumeo_W,다음 漢字語의 同音異義語를 제시한 뜻에 맞는 漢字(正字)로 쓰시오.,有聲 - (    ) 대기권에서 빛을 내며 떨어지는 작은 물체.,有聲,,流星,流星,
3급II,86,2019-08-24,128,seongeo_W,다음 (      ) 안에 알맞은 漢字(正字)를 써넣어 사자성어를 완성하시오.,(   )母良妻 - 어진 어머니이면서 착한 아내.,( )母良妻,,賢,賢,
3급II,86,2019-08-24,129,seongeo_W,다음 (      ) 안에 알맞은 漢字(正字)를 써넣어 사자성어를 완성하시오.,龍( )蛇尾 - 시작만 좋고 나중은 좋지 않음을 비유함.,龍( )蛇尾,,頭,頭,
3급II,86,2019-08-24,130,seongeo_W,다음 (      ) 안에 알맞은 漢字(正字)를 써넣어 사자성어를 완성하시오.,甲( )乙女 - 평범한 보통 사람들.,甲( )乙女,,男,男,
3급II,86,2019-08-24,131,seongeo_W,다음 (      ) 안에 알맞은 漢字(正字)를 써넣어 사자성어를 완성하시오.,江(    )煙波 - 강이나 호수 위에 하얐게 어린 기운.,江( )煙波,,湖,湖,
3급II,86,2019-08-24,132,seongeo_W,다음 (      ) 안에 알맞은 漢字(正字)를 써넣어 사자성어를 완성하시오.,泰山北(    ) - 태산과 북두성을 이르는 말.,泰山北( ),,斗,斗,
3급II,86,2019-08-24,133,seongeo_W,다음 (      ) 안에 알맞은 漢字(正字)를 써넣어 사자성어를 완성하시오.,君(    )臣綱 - 임금은 신하의 모범이 되어야 함.,君( )臣綱,,爲,爲,
3급II,86,2019-08-24,134,seongeo_W,다음 (      ) 안에 알맞은 漢字(正字)를 써넣어 사자성어를 완성하시오.,秋風落(    ) - 가을 바람에 떨어지는 낙엽.,秋風落( ),,葉,葉,
3급II,86,2019-08-24,135,seongeo_W,다음 (      ) 안에 알맞은 漢字(正字)를 써넣어 사자성어를 완성하시오.,累卵之(    ) - 달걀을 포개 놓은 듯한 몹시 위태로운 형세.,累卵之( ),,勢/危,勢/危,
3급II,86,2019-08-24,136,seongeo_W,다음 (      ) 안에 알맞은 漢字(正字)를 써넣어 사자성어를 완성하시오.,(    )陵桃源 - 속세를 떠난 별천지.,( )陵桃源,,武,武,
3급II,86,2019-08-24,137,seongeo_W,다음 (      ) 안에 알맞은 漢字(正字)를 써넣어 사자성어를 완성하시오.,宿虎衝(    ) - 잠자는 범의 코를 찌른다는 뜻으로 화를 불러들임.,宿虎衝( ),,鼻,鼻,
3급II,86,2019-08-24,138,busu_W,다음 漢字의 部首를 쓰시오.,故,故,,攵(攴),攵(攴),
3급II,86,2019-08-24,139,busu_W,다음 漢字의 部首를 쓰시오.,麗,麗,,鹿,鹿,
3급II,86,2019-08-24,140,busu_W,다음 漢字의 部首를 쓰시오.,列,列,,刂(刀),刂(刀),
3급II,86,2019-08-24,141,busu_W,다음 漢字의 部首를 쓰시오.,量,量,,里,里,
3급II,86,2019-08-24,142,busu_W,다음 漢字의 部首를 쓰시오.,聖,聖,,耳,耳,
3급II,86,2019-08-24,143,yakja_W,다음 漢字의 略字를 쓰시오.,壓,壓,,圧,圧,
3급II,86,2019-08-24,144,yakja_W,다음 漢字의 略字를 쓰시오.,萬,萬,,万,万,
3급II,86,2019-08-24,145,yakja_W,다음 漢字의 略字를 쓰시오.,拜,拜,,拝,拝,
3급II,86,2019-08-24,146,mean_W,다음 漢字語의 뜻을 쓰시오.,早晩,早晩,,이름과 늦음,이름과 늦음,
3급II,86,2019-08-24,147,mean_W,다음 漢字語의 뜻을 쓰시오.,京鄕,京鄕,,서울과 시골,서울과 시골,
3급II,86,2019-08-24,148,mean_W,다음 漢字語의 뜻을 쓰시오.,溫冷,溫冷,,따뜻함과 서늘함,따뜻함과 서늘함,
3급II,86,2019-08-24,149,mean_W,다음 漢字語의 뜻을 쓰시오.,英特,英特,,(영민하고) 빼어나 특별함,(영민하고) 빼어나 특별함,
3급II,86,2019-08-24,150,mean_W,다음 漢字語의 뜻을 쓰시오.,明滅,明滅,,밝았다 어두웠다 함,밝았다 어두웠다 함,
3급II,87,2019-11-23,1,dokeum_W,다음 밑줄 친 漢字語의 讀音을 쓰시오.,외래사상에 의거하여 過激한 變革을 시도하고 전통적 價値를 破壞하려는 것은 옳지 않다.,過激,,과격,과격,
3급II,87,2019-11-23,2,dokeum_W,다음 밑줄 친 漢字語의 讀音을 쓰시오.,외래사상에 의거하여 過激한 變革을 시도하고 전통적 價値를 破壞하려는 것은 옳지 않다.,變革,,변혁,변혁,
3급II,87,2019-11-23,3,dokeum_W,다음 밑줄 친 漢字語의 讀音을 쓰시오.,외래사상에 의거하여 過激한 變革을 시도하고 전통적 價値를 破壞하려는 것은 옳지 않다.,價値,,가치,가치,
3급II,87,2019-11-23,4,dokeum_W,다음 밑줄 친 漢字語의 讀音을 쓰시오.,외래사상에 의거하여 過激한 變革을 시도하고 전통적 價値를 破壞하려는 것은 옳지 않다.,破壞,,파괴,파괴,
3급II,87,2019-11-23,5,dokeum_W,다음 밑줄 친 漢字語의 讀音을 쓰시오.,새로 만든 辭典의 原稿를 교정하는 作業을 한다.,辭典,,사전,사전,
3급II,87,2019-11-23,6,dokeum_W,다음 밑줄 친 漢字語의 讀音을 쓰시오.,새로 만든 辭典의 原稿를 교정하는 作業을 한다.,原稿,,원고,원고,
3급II,87,2019-11-23,7,dokeum_W,다음 밑줄 친 漢字語의 讀音을 쓰시오.,새로 만든 辭典의 原稿를 교정하는 作業을 한다.,作業,,작업,작업,
3급II,87,2019-11-23,8,dokeum_W,다음 밑줄 친 漢字語의 讀音을 쓰시오.,현대 사상의 가장 두드러진 特徵은 인간을 하나의 總體로서 이해하려는 企圖이다.,特徵,,특징,특징,
3급II,87,2019-11-23,9,dokeum_W,다음 밑줄 친 漢字語의 讀音을 쓰시오.,현대 사상의 가장 두드러진 特徵은 인간을 하나의 總體로서 이해하려는 企圖이다.,總體,,총체,총체,
3급II,87,2019-11-23,10,dokeum_W,다음 밑줄 친 漢字語의 讀音을 쓰시오.,현대 사상의 가장 두드러진 特徵은 인간을 하나의 總體로서 이해하려는 企圖이다.,企圖,,기도,기도,
3급II,87,2019-11-23,11,dokeum_W,다음 밑줄 친 漢字語의 讀音을 쓰시오.,"시, 소설에 비해 隨想은 보다 자유롭게 쓰는 글이다.",隨想,,수상,수상,
3급II,87,2019-11-23,12,dokeum_W,다음 밑줄 친 漢字語의 讀音을 쓰시오.,言語가 음성적 記號이며 의미는 음성의 區別에 의해 附與된다는 사실을 確認시켜 준다.,記號,,기호,기호,
3급II,87,2019-11-23,13,dokeum_W,다음 밑줄 친 漢字語의 讀音을 쓰시오.,言語가 음성적 記號이며 의미는 음성의 區別에 의해 附與된다는 사실을 確認시켜 준다.,區別,,구별,구별,
3급II,87,2019-11-23,14,dokeum_W,다음 밑줄 친 漢字語의 讀音을 쓰시오.,言語가 음성적 記號이며 의미는 음성의 區別에 의해 附與된다는 사실을 確認시켜 준다.,附與,,부여,부여,
3급II,87,2019-11-23,15,dokeum_W,다음 밑줄 친 漢字語의 讀音을 쓰시오.,言語가 음성적 記號이며 의미는 음성의 區別에 의해 附與된다는 사실을 確認시켜 준다.,確認,,확인,확인,
3급II,87,2019-11-23,16,dokeum_W,다음 밑줄 친 漢字語의 讀音을 쓰시오.,삶에 대한 窮極的 질문과 結付되지 않은 非專門的이고 自閉的 문학 硏究는 바람직하지 않다.,窮極,,궁극,궁극,
3급II,87,2019-11-23,17,dokeum_W,다음 밑줄 친 漢字語의 讀音을 쓰시오.,삶에 대한 窮極的 질문과 結付되지 않은 非專門的이고 自閉的 문학 硏究는 바람직하지 않다.,結付,,결부,결부,
3급II,87,2019-11-23,18,dokeum_W,다음 밑줄 친 漢字語의 讀音을 쓰시오.,삶에 대한 窮極的 질문과 結付되지 않은 非專門的이고 自閉的 문학 硏究는 바람직하지 않다.,專門,,전문,전문,
3급II,87,2019-11-23,19,dokeum_W,다음 밑줄 친 漢字語의 讀音을 쓰시오.,삶에 대한 窮極的 질문과 結付되지 않은 非專門的이고 自閉的 문학 硏究는 바람직하지 않다.,自閉,,자폐,자폐,
3급II,87,2019-11-23,20,dokeum_W,다음 밑줄 친 漢字語의 讀音을 쓰시오.,삶에 대한 窮極的 질문과 結付되지 않은 非專門的이고 自閉的 문학 硏究는 바람직하지 않다.,硏究,,연구,연구,
3급II,87,2019-11-23,21,dokeum_W,다음 漢字語의 讀音을 쓰시오.,衰弱,衰弱,,쇠약,쇠약,
3급II,87,2019-11-23,22,dokeum_W,다음 漢字語의 讀音을 쓰시오.,階段,階段,,계단,계단,
3급II,87,2019-11-23,23,dokeum_W,다음 漢字語의 讀音을 쓰시오.,衣裳,衣裳,,의상,의상,
3급II,87,2019-11-23,24,dokeum_W,다음 漢字語의 讀音을 쓰시오.,鎭痛,鎭痛,,진통,진통,
3급II,87,2019-11-23,25,dokeum_W,다음 漢字語의 讀音을 쓰시오.,順從,順從,,순종,순종,
3급II,87,2019-11-23,26,dokeum_W,다음 漢字語의 讀音을 쓰시오.,博愛,博愛,,박애,박애,
3급II,87,2019-11-23,27,dokeum_W,다음 漢字語의 讀音을 쓰시오.,請誘,請誘,,청유,청유,
3급II,87,2019-11-23,28,dokeum_W,다음 漢字語의 讀音을 쓰시오.,迫近,迫近,,박근,박근,
3급II,87,2019-11-23,29,dokeum_W,다음 漢字語의 讀音을 쓰시오.,稀少,稀少,,희소,희소,
3급II,87,2019-11-23,30,dokeum_W,다음 漢字語의 讀音을 쓰시오.,探訪,探訪,,탐방,탐방,
3급II,87,2019-11-23,31,dokeum_W,다음 漢字語의 讀音을 쓰시오.,靜閑,靜閑,,정한,정한,
3급II,87,2019-11-23,32,dokeum_W,다음 漢字語의 讀音을 쓰시오.,紋樣,紋樣,,문양,문양,
3급II,87,2019-11-23,33,dokeum_W,다음 漢字語의 讀音을 쓰시오.,沈默,沈默,,침묵,침묵,
3급II,87,2019-11-23,34,dokeum_W,다음 漢字語의 讀音을 쓰시오.,蛇足,蛇足,,사족,사족,
3급II,87,2019-11-23,35,dokeum_W,다음 漢字語의 讀音을 쓰시오.,報道,報道,,보도,보도,
3급II,87,2019-11-23,36,dokeum_W,다음 漢字語의 讀音을 쓰시오.,施政,施政,,시정,시정,
3급II,87,2019-11-23,37,dokeum_W,다음 漢字語의 讀音을 쓰시오.,億兆,億兆,,억조,억조,
3급II,87,2019-11-23,38,dokeum_W,다음 漢字語의 讀音을 쓰시오.,衝突,衝突,,충돌,충돌,
3급II,87,2019-11-23,39,dokeum_W,다음 漢字語의 讀音을 쓰시오.,服飾,服飾,,복식,복식,
3급II,87,2019-11-23,40,dokeum_W,다음 漢字語의 讀音을 쓰시오.,選擇,選擇,,선택,선택,
3급II,87,2019-11-23,41,dokeum_W,다음 漢字語의 讀音을 쓰시오.,貯蓄,貯蓄,,저축,저축,
3급II,87,2019-11-23,42,dokeum_W,다음 漢字語의 讀音을 쓰시오.,富豪,富豪,,부호,부호,
3급II,87,2019-11-23,43,dokeum_W,다음 漢字語의 讀音을 쓰시오.,奪還,奪還,,탈환,탈환,
3급II,87,2019-11-23,44,dokeum_W,다음 漢字語의 讀音을 쓰시오.,割據,割據,,할거,할거,
3급II,87,2019-11-23,45,dokeum_W,다음 漢字語의 讀音을 쓰시오.,畢納,畢納,,필납,필납,
3급II,87,2019-11-23,46,hanjaeo_W,다음 밑줄 친 낱말을 漢字(正字)로 쓰시오.,"사회적 생존의 필연성과 결부되어 있지 않은 고유문화 - 가옥, 복식, 놀이, 음악, 음식 등 한 공동체가 전통적으로 이어온 양식과 관례와 풍습, 이런 고유문화는 긴 역사를 가지고 있다고 하나, 반드시 꼭 그런 형태와 내용을 갖추어야 할 필연성이 있었던 것은 아니었다.",필연,,必然,必然,
3급II,87,2019-11-23,47,hanjaeo_W,다음 밑줄 친 낱말을 漢字(正字)로 쓰시오.,"사회적 생존의 필연성과 결부되어 있지 않은 고유문화 - 가옥, 복식, 놀이, 음악, 음식 등 한 공동체가 전통적으로 이어온 양식과 관례와 풍습...",고유,,固有,固有,
3급II,87,2019-11-23,48,hanjaeo_W,다음 밑줄 친 낱말을 漢字(正字)로 쓰시오.,"고유문화 - 가옥, 복식, 놀이, 음악, 음식 등...",가옥,,家屋,家屋,
3급II,87,2019-11-23,49,hanjaeo_W,다음 밑줄 친 낱말을 漢字(正字)로 쓰시오.,"가옥, 복식, 놀이, 음악, 음식 등 한 공동체가 전통적으로 이어온 양식과 관례와 풍습...",음식,,飮食,飮食,
3급II,87,2019-11-23,50,hanjaeo_W,다음 밑줄 친 낱말을 漢字(正字)로 쓰시오.,한 공동체가 전통적으로 이어온 양식과 관례와 풍습...,전통,,傳統,傳統,
3급II,87,2019-11-23,51,hanjaeo_W,다음 밑줄 친 낱말을 漢字(正字)로 쓰시오.,한 공동체가 전통적으로 이어온 양식과 관례와 풍습...,풍습,,風習,風習,
3급II,87,2019-11-23,52,hanjaeo_W,다음 밑줄 친 낱말을 漢字(正字)로 쓰시오.,반드시 꼭 그런 형태와 내용을 갖추어야 할 필연성이 있었던 것은 아니었다.,형태,,形態,形態,
3급II,87,2019-11-23,53,hanjaeo_W,다음 밑줄 친 낱말을 漢字(正字)로 쓰시오.,"통일의 조건, 방법, 원칙, 당위성, 가능성에 대한 정밀하고 객관적인 성찰과 판단을 거듭해야 할 것이다.",방법,,方法,方法,
3급II,87,2019-11-23,54,hanjaeo_W,다음 밑줄 친 낱말을 漢字(正字)로 쓰시오.,"통일의 조건, 방법, 원칙, 당위성, 가능성에 대한 정밀하고 객관적인 성찰과 판단을 거듭해야 할 것이다.",당위,,當爲,當爲,
3급II,87,2019-11-23,55,hanjaeo_W,다음 밑줄 친 낱말을 漢字(正字)로 쓰시오.,"통일의 조건, 방법, 원칙, 당위성, 가능성에 대한 정밀하고 객관적인 성찰과 판단을 거듭해야 할 것이다.",정밀,,精密,精密,
3급II,87,2019-11-23,56,hanjaeo_W,다음 밑줄 친 낱말을 漢字(正字)로 쓰시오.,"통일의 조건, 방법, 원칙, 당위성, 가능성에 대한 정밀하고 객관적인 성찰과 판단을 거듭해야 할 것이다.",객관,,客觀,客觀,
3급II,87,2019-11-23,57,hanjaeo_W,다음 밑줄 친 낱말을 漢字(正字)로 쓰시오.,"통일의 조건, 방법, 원칙, 당위성, 가능성에 대한 정밀하고 객관적인 성찰과 판단을 거듭해야 할 것이다.",성찰,,省察,省察,
3급II,87,2019-11-23,58,hanjaeo_W,다음 밑줄 친 낱말을 漢字(正字)로 쓰시오.,진리를 탐구하고 세계와 삶을 더 깊이 이해하기 위하여 시류에 역행하는 것도 대학의 중요한 책무다.,진리,,眞理,眞理,
3급II,87,2019-11-23,59,hanjaeo_W,다음 밑줄 친 낱말을 漢字(正字)로 쓰시오.,진리를 탐구하고 세계와 삶을 더 깊이 이해하기 위하여 시류에 역행하는 것도 대학의 중요한 책무다.,세계,,世界,世界,
3급II,87,2019-11-23,60,hanjaeo_W,다음 밑줄 친 낱말을 漢字(正字)로 쓰시오.,진리를 탐구하고 세계와 삶을 더 깊이 이해하기 위하여 시류에 역행하는 것도 대학의 중요한 책무다.,시류,,時流,時流,
3급II,87,2019-11-23,61,hanjaeo_W,다음 밑줄 친 낱말을 漢字(正字)로 쓰시오.,진리를 탐구하고 세계와 삶을 더 깊이 이해하기 위하여 시류에 역행하는 것도 대학의 중요한 책무다.,역행,,逆行,逆行,
3급II,87,2019-11-23,62,hanjaeo_W,다음 밑줄 친 낱말을 漢字(正字)로 쓰시오.,진리를 탐구하고 세계와 삶을 더 깊이 이해하기 위하여 시류에 역행하는 것도 대학의 중요한 책무다.,책무,,責務,責務,
3급II,87,2019-11-23,63,hanjaeo_W,다음 밑줄 친 낱말을 漢字(正字)로 쓰시오.,우상이나 신화의 경우를 제외하고 현실적 인간을 신으로 받드는 종교는 별로 없다.,신화,,神話,神話,
3급II,87,2019-11-23,64,hanjaeo_W,다음 밑줄 친 낱말을 漢字(正字)로 쓰시오.,우상이나 신화의 경우를 제외하고 현실적 인간을 신으로 받드는 종교는 별로 없다.,제외,,除外,除外,
3급II,87,2019-11-23,65,hanjaeo_W,다음 밑줄 친 낱말을 漢字(正字)로 쓰시오.,우상이나 신화의 경우를 제외하고 현실적 인간을 신으로 받드는 종교는 별로 없다.,현실,,現實,現實,
3급II,87,2019-11-23,66,hanjaeo_W,다음 밑줄 친 낱말을 漢字(正字)로 쓰시오.,우상이나 신화의 경우를 제외하고 현실적 인간을 신으로 받드는 종교는 별로 없다.,종교,,宗敎,宗敎,
3급II,87,2019-11-23,67,hanjaeo_W,다음 밑줄 친 낱말을 漢字(正字)로 쓰시오.,한국적인 것과 타자적인 것은 본질적으로 섞이거나 융합될 수 없는 것처럼 보인다.,타자,,他者,他者,
3급II,87,2019-11-23,68,hanjaeo_W,다음 밑줄 친 낱말을 漢字(正字)로 쓰시오.,한국적인 것과 타자적인 것은 본질적으로 섞이거나 융합될 수 없는 것처럼 보인다.,본질,,本質,本質,
3급II,87,2019-11-23,69,hanjaeo_W,다음 밑줄 친 낱말을 漢字(正字)로 쓰시오.,서양철학보다 동양철학이 보다 암시적이고 상징적이다.,동양,,東洋,東洋,
3급II,87,2019-11-23,70,hanjaeo_W,다음 밑줄 친 낱말을 漢字(正字)로 쓰시오.,서양철학보다 동양철학이 보다 암시적이고 상징적이다.,암시,,暗示,暗示,
3급II,87,2019-11-23,71,hanjaeo_W,다음 밑줄 친 낱말을 漢字(正字)로 쓰시오.,개인의 역할 분담을 전제로 단체가 구성되었다.,분담,,分擔,分擔,
3급II,87,2019-11-23,72,hanjaeo_W,다음 밑줄 친 낱말을 漢字(正字)로 쓰시오.,개인의 역할 분담을 전제로 단체가 구성되었다.,전제,,前提,前提,
3급II,87,2019-11-23,73,hanjaeo_W,다음 밑줄 친 낱말을 漢字(正字)로 쓰시오.,어디에 있건 각기 창의력을 발휘하여 함께 고생한 단원들의 행복에 기여한다.,창의,,創意,創意,
3급II,87,2019-11-23,74,hanjaeo_W,다음 밑줄 친 낱말을 漢字(正字)로 쓰시오.,어디에 있건 각기 창의력을 발휘하여 함께 고생한 단원들의 행복에 기여한다.,단원,,團員,團員,
3급II,87,2019-11-23,75,hanjaeo_W,다음 밑줄 친 낱말을 漢字(正字)로 쓰시오.,어디에 있건 각기 창의력을 발휘하여 함께 고생한 단원들의 행복에 기여한다.,행복,,幸福,幸福,
3급II,87,2019-11-23,76,huneum_W,다음 漢字의 訓과 音을 쓰시오.,齊,齊,,가지런할 제,가지런할 제,
3급II,87,2019-11-23,77,huneum_W,다음 漢字의 訓과 音을 쓰시오.,沿,沿,,물따라갈/따를 연,물따라갈/따를 연,
3급II,87,2019-11-23,78,huneum_W,다음 漢字의 訓과 音을 쓰시오.,兔,兔,,토끼 토,토끼 토,
3급II,87,2019-11-23,79,huneum_W,다음 漢字의 訓과 音을 쓰시오.,穴,穴,,굴 혈,굴 혈,
3급II,87,2019-11-23,80,huneum_W,다음 漢字의 訓과 音을 쓰시오.,奏,奏,,아뢸 주,아뢸 주,
3급II,87,2019-11-23,81,huneum_W,다음 漢字의 訓과 音을 쓰시오.,殆,殆,,거의 태,거의 태,
3급II,87,2019-11-23,82,huneum_W,다음 漢字의 訓과 音을 쓰시오.,眼,眼,,눈 안,눈 안,
3급II,87,2019-11-23,83,huneum_W,다음 漢字의 訓과 音을 쓰시오.,翼,翼,,날개 익,날개 익,
3급II,87,2019-11-23,84,huneum_W,다음 漢字의 訓과 音을 쓰시오.,莫,莫,,없을 막,없을 막,
3급II,87,2019-11-23,85,huneum_W,다음 漢字의 訓과 音을 쓰시오.,漸,漸,,점점 점,점점 점,
3급II,87,2019-11-23,86,huneum_W,다음 漢字의 訓과 音을 쓰시오.,項,項,,항목 항,항목 항,
3급II,87,2019-11-23,87,huneum_W,다음 漢字의 訓과 音을 쓰시오.,葬,葬,,장사지낼 장,장사지낼 장,
3급II,87,2019-11-23,88,huneum_W,다음 漢字의 訓과 音을 쓰시오.,抵,抵,,막을 저,막을 저,
3급II,87,2019-11-23,89,huneum_W,다음 漢字의 訓과 音을 쓰시오.,最,最,,가장 최,가장 최,
3급II,87,2019-11-23,90,huneum_W,다음 漢字의 訓과 音을 쓰시오.,弄,弄,,희롱할 롱,희롱할 롱,
3급II,87,2019-11-23,91,huneum_W,다음 漢字의 訓과 音을 쓰시오.,抑,抑,,누를 억,누를 억,
3급II,87,2019-11-23,92,huneum_W,다음 漢字의 訓과 音을 쓰시오.,野,野,,들 야,들 야,
3급II,87,2019-11-23,93,huneum_W,다음 漢字의 訓과 音을 쓰시오.,浸,浸,,잠길 침,잠길 침,
3급II,87,2019-11-23,94,huneum_W,다음 漢字의 訓과 音을 쓰시오.,肥,肥,,살찔 비,살찔 비,
3급II,87,2019-11-23,95,huneum_W,다음 漢字의 訓과 音을 쓰시오.,渡,渡,,건널 도,건널 도,
3급II,87,2019-11-23,96,huneum_W,다음 漢字의 訓과 音을 쓰시오.,恐,恐,,두려울 공,두려울 공,
3급II,87,2019-11-23,97,huneum_W,다음 漢字의 訓과 音을 쓰시오.,賊,賊,,도둑 적,도둑 적,
3급II,87,2019-11-23,98,huneum_W,다음 漢字의 訓과 音을 쓰시오.,獄,獄,,옥 옥,옥 옥,
3급II,87,2019-11-23,99,huneum_W,다음 漢字의 訓과 音을 쓰시오.,脚,脚,,다리 각,다리 각,
3급II,87,2019-11-23,100,huneum_W,다음 漢字의 訓과 音을 쓰시오.,桂,桂,,계수나무 계,계수나무 계,
3급II,87,2019-11-23,101,huneum_W,다음 漢字의 訓과 音을 쓰시오.,姑,姑,,시어미 고,시어미 고,
3급II,87,2019-11-23,102,huneum_W,다음 漢字의 訓과 音을 쓰시오.,漏,漏,,샐 루,샐 루,
3급II,87,2019-11-23,103,jangeum_S,다음 漢字語 중 첫 음절이 길게 발음되는 것의 번호를 쓰시오.,,,"[""① 減毒"", ""② 監督""]",①,① 減毒,
3급II,87,2019-11-23,104,jangeum_S,다음 漢字語 중 첫 음절이 길게 발음되는 것의 번호를 쓰시오.,,,"[""① 科目"", ""② 果木""]",②,② 果木,
3급II,87,2019-11-23,105,jangeum_S,다음 漢字語 중 첫 음절이 길게 발음되는 것의 번호를 쓰시오.,,,"[""① 大使"", ""② 臺詞""]",①,① 大使,
3급II,87,2019-11-23,106,jangeum_S,다음 漢字語 중 첫 음절이 길게 발음되는 것의 번호를 쓰시오.,,,"[""① 碑銘"", ""② 悲鳴""]",②,② 悲鳴,
3급II,87,2019-11-23,107,jangeum_S,다음 漢字語 중 첫 음절이 길게 발음되는 것의 번호를 쓰시오.,,,"[""① 成長"", ""② 盛裝""]",②,② 盛裝,
3급II,87,2019-11-23,108,yui_W,다음 (          ) 안에 비슷한 뜻을 가진 漢字(正字)를 써넣어 널리 쓰이는 단어를 완성하시오.,恭 - (    ),恭( ),,敬,敬,
3급II,87,2019-11-23,109,yui_W,다음 (          ) 안에 비슷한 뜻을 가진 漢字(正字)를 써넣어 널리 쓰이는 단어를 완성하시오.,(   ) - 祝,( )祝,,慶,慶,
3급II,87,2019-11-23,110,yui_W,다음 (          ) 안에 비슷한 뜻을 가진 漢字(正字)를 써넣어 널리 쓰이는 단어를 완성하시오.,競 - (    ),競( ),,爭,爭,
3급II,87,2019-11-23,111,yui_W,다음 (          ) 안에 비슷한 뜻을 가진 漢字(正字)를 써넣어 널리 쓰이는 단어를 완성하시오.,知 - (    ),知( ),,識,識,
3급II,87,2019-11-23,112,yui_W,다음 (          ) 안에 비슷한 뜻을 가진 漢字(正字)를 써넣어 널리 쓰이는 단어를 완성하시오.,殘 - (    ),殘( ),,餘,餘,
3급II,87,2019-11-23,113,banui_W,다음 (      ) 안에 뜻이 反對 또는 相對되는 漢字(正字)를 써넣어 단어를 만드시오.,攻 ↔ ( ),攻( ),,防,防,
3급II,87,2019-11-23,114,banui_W,다음 (      ) 안에 뜻이 反對 또는 相對되는 漢字(正字)를 써넣어 단어를 만드시오.,利 ↔ ( ),利( ),,害,害,
3급II,87,2019-11-23,115,banui_W,다음 (      ) 안에 뜻이 反對 또는 相對되는 漢字(正字)를 써넣어 단어를 만드시오.,始 ↔ ( ),始( ),,終,終,
3급II,87,2019-11-23,116,banui_W,다음 (      ) 안에 뜻이 反對 또는 相對되는 漢字(正字)를 써넣어 단어를 만드시오.,呼 ↔ ( ),呼( ),,吸,吸,
3급II,87,2019-11-23,117,banui_W,다음 (      ) 안에 뜻이 反對 또는 相對되는 漢字(正字)를 써넣어 단어를 만드시오.,投 ↔ ( ),投( ),,打,打,
3급II,87,2019-11-23,118,banuieo_W,다음 漢字語의 反對語 또는 相對語를 漢字(正字)로 쓰시오.,迎新,迎新,,送舊,送舊,
3급II,87,2019-11-23,119,banuieo_W,다음 漢字語의 反對語 또는 相對語를 漢字(正字)로 쓰시오.,怨恨,怨恨,,恩惠,恩惠,
3급II,87,2019-11-23,120,banuieo_W,다음 漢字語의 反對語 또는 相對語를 漢字(正字)로 쓰시오.,支出,支出,,收入,收入,
3급II,87,2019-11-23,121,banuieo_W,다음 漢字語의 反對語 또는 相對語를 漢字(正字)로 쓰시오.,解散,解散,,集合,集合,
3급II,87,2019-11-23,122,banuieo_W,다음 漢字語의 反對語 또는 相對語를 漢字(正字)로 쓰시오.,寒冷,寒冷,,溫暖,溫暖,
3급II,87,2019-11-23,123,dongeumeo_W,다음 漢字語의 同音異義語를 제시한 뜻에 맞는 漢字(正字)로 쓰시오.,盤上 - (    ) 양반과 상사람을 아울러 이르는 말.,盤上,,班常,班常,
3급II,87,2019-11-23,124,dongeumeo_W,다음 漢字語의 同音異義語를 제시한 뜻에 맞는 漢字(正字)로 쓰시오.,強辯 - (    ) 강가.,強辯,,江邊,江邊,
3급II,87,2019-11-23,125,dongeumeo_W,다음 漢字語의 同音異義語를 제시한 뜻에 맞는 漢字(正字)로 쓰시오.,槪說 - (    ) 새로 마련하여 일을 시작함.,槪說,,開設,開設,
3급II,87,2019-11-23,126,dongeumeo_W,다음 漢字語의 同音異義語를 제시한 뜻에 맞는 漢字(正字)로 쓰시오.,傾向 - (     ) 서울과 시골.,傾向,,京鄕,京鄕,
3급II,87,2019-11-23,127,dongeumeo_W,다음 漢字語의 同音異義語를 제시한 뜻에 맞는 漢字(正字)로 쓰시오.,桃花 - (     ) 폭약을 터지게 하는 불. 사건의 원인이나 동기를 비유하는 말.,桃花,,導火,導火,
3급II,87,2019-11-23,128,seongeo_W,다음 (       ) 안에 알맞은 漢字(正字)를 써넣어 사자성어를 완성하시오.,(   )物生心 - 물건을 보면 가지고 싶은 생각이 듦.,( )物生心,,見,見,
3급II,87,2019-11-23,129,seongeo_W,다음 (       ) 안에 알맞은 漢字(正字)를 써넣어 사자성어를 완성하시오.,明鏡(    )水 - 고요하고 잔잔한 마음을 물에 비유함.,明鏡( )水,,止,止,
3급II,87,2019-11-23,130,seongeo_W,다음 (       ) 안에 알맞은 漢字(正字)를 써넣어 사자성어를 완성하시오.,兼人之(     ) - 혼자서 여러 사람을 당해낼 만한 용기.,兼人之( ),,勇,勇,
3급II,87,2019-11-23,131,seongeo_W,다음 (       ) 안에 알맞은 漢字(正字)를 써넣어 사자성어를 완성하시오.,百年(    )淸 - 아무리 기다려도 일이 이루어지기 어려움.,百年( )淸,,河,河,
3급II,87,2019-11-23,132,seongeo_W,다음 (       ) 안에 알맞은 漢字(正字)를 써넣어 사자성어를 완성하시오.,輕( )妄動 - 깊이 생각해 보지도 않고 경솔하게 행동함.,輕( )妄動,,擧,擧,
3급II,87,2019-11-23,133,seongeo_W,다음 (       ) 안에 알맞은 漢字(正字)를 써넣어 사자성어를 완성하시오.,千篇一(     ) - 많은 사물이 색다른 바가 없이 비슷비슷함.,千篇一( ),,律,律,
3급II,87,2019-11-23,134,seongeo_W,다음 (       ) 안에 알맞은 漢字(正字)를 써넣어 사자성어를 완성하시오.,進退兩(   ) - 나아갈 수도 물러갈 수도 없는 궁지에 몰린 상황.,進退兩( ),,難,難,
3급II,87,2019-11-23,135,seongeo_W,다음 (       ) 안에 알맞은 漢字(正字)를 써넣어 사자성어를 완성하시오.,日就月(   ) - 날로 달로 자라나감.,日就月( ),,將,將,
3급II,87,2019-11-23,136,seongeo_W,다음 (       ) 안에 알맞은 漢字(正字)를 써넣어 사자성어를 완성하시오.,適(   )適所 - 마땅한 인재를 마땅한 자리에 씀.,適( )適所,,材,材,
3급II,87,2019-11-23,137,seongeo_W,다음 (       ) 안에 알맞은 漢字(正字)를 써넣어 사자성어를 완성하시오.,參(   )萬像 - 우주 속에 존재하는 모든 사물과 모든 현상.,參( )萬像,,羅,羅,
3급II,87,2019-11-23,138,busu_W,다음 漢字의 部首를 쓰시오.,決,決,,氵(水),氵(水),
3급II,87,2019-11-23,139,busu_W,다음 漢字의 部首를 쓰시오.,房,房,,戶,戶,
3급II,87,2019-11-23,140,busu_W,다음 漢字의 部首를 쓰시오.,技,技,,扌(手),扌(手),
3급II,87,2019-11-23,141,busu_W,다음 漢字의 部首를 쓰시오.,義,義,,羊,羊,
3급II,87,2019-11-23,142,busu_W,다음 漢字의 部首를 쓰시오.,路,路,,足,足,
3급II,87,2019-11-23,143,yakja_W,다음 漢字의 略字를 쓰시오.,寶,寶,,宝,宝,
3급II,87,2019-11-23,144,yakja_W,다음 漢字의 略字를 쓰시오.,兒,兒,,児,児,
3급II,87,2019-11-23,145,yakja_W,다음 漢字의 略字를 쓰시오.,黨,黨,,党,党,
3급II,87,2019-11-23,146,mean_W,다음 漢字語의 뜻을 쓰시오.,故友,故友,,사귄 지 오래 된 벗 / 세상을 떠난 벗,사귄 지 오래 된 벗 / 세상을 떠난 벗,
3급II,87,2019-11-23,147,mean_W,다음 漢字語의 뜻을 쓰시오.,存廢,存廢,,보존과 폐지,보존과 폐지,
3급II,87,2019-11-23,148,mean_W,다음 漢字語의 뜻을 쓰시오.,康寧,康寧,,몸이 건강하고 마음이 평안함,몸이 건강하고 마음이 평안함,
3급II,87,2019-11-23,149,mean_W,다음 漢字語의 뜻을 쓰시오.,顯微,顯微,,나타나 있음과 희미함 / 미소한 물체를 명백히 함,나타나 있음과 희미함 / 미소한 물체를 명백히 함,
3급II,87,2019-11-23,150,mean_W,다음 漢字語의 뜻을 쓰시오.,倒置,倒置,,뒤바뀜. 뒤바꾸어 둠,뒤바뀜. 뒤바꾸어 둠,
3급II,90,2020-08-22,1,dokeum_W,다음 밑줄 친 漢字語의 讀音을 쓰시오.,표현 자체도 獨創的이고 아름답지만 脚韻을 맞추는 節制된 형식을 통해 더욱 豊富한 언어 감각을 훈련시키기에는 시 암송이야말로 最善의 방식이다.,獨創,,독창,독창,
3급II,90,2020-08-22,2,dokeum_W,다음 밑줄 친 漢字語의 讀音을 쓰시오.,표현 자체도 獨創的이고 아름답지만 脚韻을 맞추는 節制된 형식을 통해 더욱 豊富한 언어 감각을 훈련시키기에는 시 암송이야말로 最善의 방식이다.,脚韻,,각운,각운,
3급II,90,2020-08-22,3,dokeum_W,다음 밑줄 친 漢字語의 讀音을 쓰시오.,표현 자체도 獨創的이고 아름답지만 脚韻을 맞추는 節制된 형식을 통해 더욱 豊富한 언어 감각을 훈련시키기에는 시 암송이야말로 最善의 방식이다.,節制,,절제,절제,
3급II,90,2020-08-22,4,dokeum_W,다음 밑줄 친 漢字語의 讀音을 쓰시오.,표현 자체도 獨創的이고 아름답지만 脚韻을 맞추는 節制된 형식을 통해 더욱 豊富한 언어 감각을 훈련시키기에는 시 암송이야말로 最善의 방식이다.,豊富,,풍부,풍부,
3급II,90,2020-08-22,5,dokeum_W,다음 밑줄 친 漢字語의 讀音을 쓰시오.,표현 자체도 獨創的이고 아름답지만 脚韻을 맞추는 節制된 형식을 통해 더욱 豊富한 언어 감각을 훈련시키기에는 시 암송이야말로 最善의 방식이다.,最善,,최선,최선,
3급II,90,2020-08-22,6,dokeum_W,다음 밑줄 친 漢字語의 讀音을 쓰시오.,밤이 되면 달도 없는 그믐 漆夜에 팔봉산도 寢所로 들어가듯 어둠 속으로 없어져 버립니다.,漆夜,,칠야,칠야,
3급II,90,2020-08-22,7,dokeum_W,다음 밑줄 친 漢字語의 讀音을 쓰시오.,밤이 되면 달도 없는 그믐 漆夜에 팔봉산도 寢所로 들어가듯 어둠 속으로 없어져 버립니다.,寢所,,침소,침소,
3급II,90,2020-08-22,8,dokeum_W,다음 밑줄 친 漢字語의 讀音을 쓰시오.,하늘을 우러러 恒常 感謝하고 讚頌하고 默想한다.,恒常,,항상,항상,
3급II,90,2020-08-22,9,dokeum_W,다음 밑줄 친 漢字語의 讀音을 쓰시오.,하늘을 우러러 恒常 感謝하고 讚頌하고 默想한다.,感謝,,감사,감사,
3급II,90,2020-08-22,10,dokeum_W,다음 밑줄 친 漢字語의 讀音을 쓰시오.,하늘을 우러러 恒常 感謝하고 讚頌하고 默想한다.,讚頌,,찬송,찬송,
3급II,90,2020-08-22,11,dokeum_W,다음 밑줄 친 漢字語의 讀音을 쓰시오.,하늘을 우러러 恒常 感謝하고 讚頌하고 默想한다.,默想,,묵상,묵상,
3급II,90,2020-08-22,12,dokeum_W,다음 밑줄 친 漢字語의 讀音을 쓰시오.,공익과 秩序를 앞세우며 능률과 실질을 崇尙하고 敬愛와 신의에 뿌리박은 상조의 전통을 이어받아 明朗하고 따뜻한 협동 정신을 북돋운다.,秩序,,질서,질서,
3급II,90,2020-08-22,13,dokeum_W,다음 밑줄 친 漢字語의 讀音을 쓰시오.,공익과 秩序를 앞세우며 능률과 실질을 崇尙하고 敬愛와 신의에 뿌리박은 상조의 전통을 이어받아 明朗하고 따뜻한 협동 정신을 북돋운다.,崇尙,,숭상,숭상,
3급II,90,2020-08-22,14,dokeum_W,다음 밑줄 친 漢字語의 讀音을 쓰시오.,공익과 秩序를 앞세우며 능률과 실질을 崇尙하고 敬愛와 신의에 뿌리박은 상조의 전통을 이어받아 明朗하고 따뜻한 협동 정신을 북돋운다.,敬愛,,경애,경애,
3급II,90,2020-08-22,15,dokeum_W,다음 밑줄 친 漢字語의 讀音을 쓰시오.,공익과 秩序를 앞세우며 능률과 실질을 崇尙하고 敬愛와 신의에 뿌리박은 상조의 전통을 이어받아 明朗하고 따뜻한 협동 정신을 북돋운다.,明朗,,명랑,명랑,
3급II,90,2020-08-22,16,dokeum_W,다음 밑줄 친 漢字語의 讀音을 쓰시오.,志操란 것은 순일한 정신을 지키기 위한 불타는 信念이며 눈물겨운 精誠이며 冷徹한 확집이요 高貴한 투쟁이기까지 하다.,志操,,지조,지조,
3급II,90,2020-08-22,17,dokeum_W,다음 밑줄 친 漢字語의 讀音을 쓰시오.,志操란 것은 순일한 정신을 지키기 위한 불타는 信念이며 눈물겨운 精誠이며 冷徹한 확집이요 高貴한 투쟁이기까지 하다.,信念,,신념,신념,
3급II,90,2020-08-22,18,dokeum_W,다음 밑줄 친 漢字語의 讀音을 쓰시오.,志操란 것은 순일한 정신을 지키기 위한 불타는 信念이며 눈물겨운 精誠이며 冷徹한 확집이요 高貴한 투쟁이기까지 하다.,精誠,,정성,정성,
3급II,90,2020-08-22,19,dokeum_W,다음 밑줄 친 漢字語의 讀音을 쓰시오.,志操란 것은 순일한 정신을 지키기 위한 불타는 信念이며 눈물겨운 精誠이며 冷徹한 확집이요 高貴한 투쟁이기까지 하다.,冷徹,,냉철,냉철,
3급II,90,2020-08-22,20,dokeum_W,다음 밑줄 친 漢字語의 讀音을 쓰시오.,志操란 것은 순일한 정신을 지키기 위한 불타는 信念이며 눈물겨운 精誠이며 冷徹한 확집이요 高貴한 투쟁이기까지 하다.,高貴,,고귀,고귀,
3급II,90,2020-08-22,21,dokeum_W,다음 漢字語의 讀音을 쓰시오.,援助,援助,,원조,원조,
3급II,90,2020-08-22,22,dokeum_W,다음 漢字語의 讀音을 쓰시오.,潤澤,潤澤,,윤택,윤택,
3급II,90,2020-08-22,23,dokeum_W,다음 漢字語의 讀音을 쓰시오.,負擔,負擔,,부담,부담,
3급II,90,2020-08-22,24,dokeum_W,다음 漢字語의 讀音을 쓰시오.,礎石,礎石,,초석,초석,
3급II,90,2020-08-22,25,dokeum_W,다음 漢字語의 讀音을 쓰시오.,抵抗,抵抗,,저항,저항,
3급II,90,2020-08-22,26,dokeum_W,다음 漢字語의 讀音을 쓰시오.,檀紀,檀紀,,단기,단기,
3급II,90,2020-08-22,27,dokeum_W,다음 漢字語의 讀音을 쓰시오.,貌樣,貌樣,,모양,모양,
3급II,90,2020-08-22,28,dokeum_W,다음 漢字語의 讀音을 쓰시오.,浸透,浸透,,침투,침투,
3급II,90,2020-08-22,29,dokeum_W,다음 漢字語의 讀音을 쓰시오.,裁判,裁判,,재판,재판,
3급II,90,2020-08-22,30,dokeum_W,다음 漢字語의 讀音을 쓰시오.,射擊,射擊,,사격,사격,
3급II,90,2020-08-22,31,dokeum_W,다음 漢字語의 讀音을 쓰시오.,架橋,架橋,,가교,가교,
3급II,90,2020-08-22,32,dokeum_W,다음 漢字語의 讀音을 쓰시오.,激勵,激勵,,격려,격려,
3급II,90,2020-08-22,33,dokeum_W,다음 漢字語의 讀音을 쓰시오.,沿革,沿革,,연혁,연혁,
3급II,90,2020-08-22,34,dokeum_W,다음 漢字語의 讀音을 쓰시오.,槪論,槪論,,개론,개론,
3급II,90,2020-08-22,35,dokeum_W,다음 漢字語의 讀音을 쓰시오.,派黨,派黨,,파당,파당,
3급II,90,2020-08-22,36,dokeum_W,다음 漢字語의 讀音을 쓰시오.,卽位,卽位,,즉위,즉위,
3급II,90,2020-08-22,37,dokeum_W,다음 漢字語의 讀音을 쓰시오.,監獄,監獄,,감옥,감옥,
3급II,90,2020-08-22,38,dokeum_W,다음 漢字語의 讀音을 쓰시오.,候補,候補,,후보,후보,
3급II,90,2020-08-22,39,dokeum_W,다음 漢字語의 讀音을 쓰시오.,幼稚,幼稚,,유치,유치,
3급II,90,2020-08-22,40,dokeum_W,다음 漢字語의 讀音을 쓰시오.,胃臟,胃臟,,위장,위장,
3급II,90,2020-08-22,41,dokeum_W,다음 漢字語의 讀音을 쓰시오.,給料,給料,,급료,급료,
3급II,90,2020-08-22,42,dokeum_W,다음 漢字語의 讀音을 쓰시오.,逸品,逸品,,일품,일품,
3급II,90,2020-08-22,43,dokeum_W,다음 漢字語의 讀音을 쓰시오.,廢止,廢止,,폐지,폐지,
3급II,90,2020-08-22,44,dokeum_W,다음 漢字語의 讀音을 쓰시오.,葬禮,葬禮,,장례,장례,
3급II,90,2020-08-22,45,dokeum_W,다음 漢字語의 讀音을 쓰시오.,賦與,賦與,,부여,부여,
3급II,90,2020-08-22,46,hanjaeo_W,다음 밑줄 친 낱말을 漢字(正字)로 쓰시오.,"월남 패망은 리더십이 얼마나 중요한지, 국가의 안보가 얼마나 중요한지 세계 여러 나라에 교훈을 준 역사적 사건이었다.",패망,,敗亡,敗亡,
3급II,90,2020-08-22,47,hanjaeo_W,다음 밑줄 친 낱말을 漢字(正字)로 쓰시오.,"월남 패망은 리더십이 얼마나 중요한지, 국가의 안보가 얼마나 중요한지 세계 여러 나라에 교훈을 준 역사적 사건이었다.",중요,,重要,重要,
3급II,90,2020-08-22,48,hanjaeo_W,다음 밑줄 친 낱말을 漢字(正字)로 쓰시오.,"월남 패망은 리더십이 얼마나 중요한지, 국가의 안보가 얼마나 중요한지 세계 여러 나라에 교훈을 준 역사적 사건이었다.",안보,,安保,安保,
3급II,90,2020-08-22,49,hanjaeo_W,다음 밑줄 친 낱말을 漢字(正字)로 쓰시오.,"월남 패망은 리더십이 얼마나 중요한지, 국가의 안보가 얼마나 중요한지 세계 여러 나라에 교훈을 준 역사적 사건이었다.",세계,,世界,世界,
3급II,90,2020-08-22,50,hanjaeo_W,다음 밑줄 친 낱말을 漢字(正字)로 쓰시오.,"월남 패망은 리더십이 얼마나 중요한지, 국가의 안보가 얼마나 중요한지 세계 여러 나라에 교훈을 준 역사적 사건이었다.",역사,,歷史,歷史,
3급II,90,2020-08-22,51,hanjaeo_W,다음 밑줄 친 낱말을 漢字(正字)로 쓰시오.,"월남 패망은 리더십이 얼마나 중요한지, 국가의 안보가 얼마나 중요한지 세계 여러 나라에 교훈을 준 역사적 사건이었다.",사건,,事件,事件,
3급II,90,2020-08-22,52,hanjaeo_W,다음 밑줄 친 낱말을 漢字(正字)로 쓰시오.,구성원 각자의 행동과 평화로운 질서를 통한 공동 이익과 발전을 꾀해야 한다.,행동,,行動,行動,
3급II,90,2020-08-22,53,hanjaeo_W,다음 밑줄 친 낱말을 漢字(正字)로 쓰시오.,구성원 각자의 행동과 평화로운 질서를 통한 공동 이익과 발전을 꾀해야 한다.,이익,,利益,利益,
3급II,90,2020-08-22,54,hanjaeo_W,다음 밑줄 친 낱말을 漢字(正字)로 쓰시오.,구성원 각자의 행동과 평화로운 질서를 통한 공동 이익과 발전을 꾀해야 한다.,발전,,發展,發展,
3급II,90,2020-08-22,55,hanjaeo_W,다음 밑줄 친 낱말을 漢字(正字)로 쓰시오.,"꿈이 없으면 미래가 없고, 용기와 열정이 식으면 미래는 열리지 않는다.",미래,,未來,未來,
3급II,90,2020-08-22,56,hanjaeo_W,다음 밑줄 친 낱말을 漢字(正字)로 쓰시오.,"꿈이 없으면 미래가 없고, 용기와 열정이 식으면 미래는 열리지 않는다.",용기,,勇氣,勇氣,
3급II,90,2020-08-22,57,hanjaeo_W,다음 밑줄 친 낱말을 漢字(正字)로 쓰시오.,"꿈이 없으면 미래가 없고, 용기와 열정이 식으면 미래는 열리지 않는다.",열정,,熱情,熱情,
3급II,90,2020-08-22,58,hanjaeo_W,다음 밑줄 친 낱말을 漢字(正字)로 쓰시오.,자신이 과장되고 극단적인 방법으로 그 두려움을 없애려고 한다는 사실조차 인식하지 못한다.,자신,,自身,自身,
3급II,90,2020-08-22,59,hanjaeo_W,다음 밑줄 친 낱말을 漢字(正字)로 쓰시오.,자신이 과장되고 극단적인 방법으로 그 두려움을 없애려고 한다는 사실조차 인식하지 못한다.,극단,,極端,極端,
3급II,90,2020-08-22,60,hanjaeo_W,다음 밑줄 친 낱말을 漢字(正字)로 쓰시오.,자신이 과장되고 극단적인 방법으로 그 두려움을 없애려고 한다는 사실조차 인식하지 못한다.,인식,,認識,認識,
3급II,90,2020-08-22,61,hanjaeo_W,다음 밑줄 친 낱말을 漢字(正字)로 쓰시오.,수준을 높여 실현하려는 욕구는 다른 한편 과욕 때문이다. 속도가 경쟁력이라고 떠들어 대는 시대에 사람들은 결과를 빨리 보고 싶어 한다.,수준,,水準,水準,
3급II,90,2020-08-22,62,hanjaeo_W,다음 밑줄 친 낱말을 漢字(正字)로 쓰시오.,수준을 높여 실현하려는 욕구는 다른 한편 과욕 때문이다. 속도가 경쟁력이라고 떠들어 대는 시대에 사람들은 결과를 빨리 보고 싶어 한다.,실현,,實現,實現,
3급II,90,2020-08-22,63,hanjaeo_W,다음 밑줄 친 낱말을 漢字(正字)로 쓰시오.,수준을 높여 실현하려는 욕구는 다른 한편 과욕 때문이다. 속도가 경쟁력이라고 떠들어 대는 시대에 사람들은 결과를 빨리 보고 싶어 한다.,속도,,速度,速度,
3급II,90,2020-08-22,64,hanjaeo_W,다음 밑줄 친 낱말을 漢字(正字)로 쓰시오.,수준을 높여 실현하려는 욕구는 다른 한편 과욕 때문이다. 속도가 경쟁력이라고 떠들어 대는 시대에 사람들은 결과를 빨리 보고 싶어 한다.,경쟁,,競爭,競爭,
3급II,90,2020-08-22,65,hanjaeo_W,다음 밑줄 친 낱말을 漢字(正字)로 쓰시오.,수준을 높여 실현하려는 욕구는 다른 한편 과욕 때문이다. 속도가 경쟁력이라고 떠들어 대는 시대에 사람들은 결과를 빨리 보고 싶어 한다.,결과,,結果,結果,
3급II,90,2020-08-22,66,hanjaeo_W,다음 밑줄 친 낱말을 漢字(正字)로 쓰시오.,세 여성들 모두 건강에 좋은 음식을 선택하여 식사를 줄일 수 있게 되었다.,여성,,女性,女性,
3급II,90,2020-08-22,67,hanjaeo_W,다음 밑줄 친 낱말을 漢字(正字)로 쓰시오.,세 여성들 모두 건강에 좋은 음식을 선택하여 식사를 줄일 수 있게 되었다.,건강,,健康,健康,
3급II,90,2020-08-22,68,hanjaeo_W,다음 밑줄 친 낱말을 漢字(正字)로 쓰시오.,세 여성들 모두 건강에 좋은 음식을 선택하여 식사를 줄일 수 있게 되었다.,음식,,飮食,飮食,
3급II,90,2020-08-22,69,hanjaeo_W,다음 밑줄 친 낱말을 漢字(正字)로 쓰시오.,어떤 특별한 목표를 달성하고자 한다면 매일 이렇게 자문해 보도록 하자.,특별,,特別,特別,
3급II,90,2020-08-22,70,hanjaeo_W,다음 밑줄 친 낱말을 漢字(正字)로 쓰시오.,어떤 특별한 목표를 달성하고자 한다면 매일 이렇게 자문해 보도록 하자.,달성,,達成,達成,
3급II,90,2020-08-22,71,hanjaeo_W,다음 밑줄 친 낱말을 漢字(正字)로 쓰시오.,어떤 특별한 목표를 달성하고자 한다면 매일 이렇게 자문해 보도록 하자.,매일,,每日,每日,
3급II,90,2020-08-22,72,hanjaeo_W,다음 밑줄 친 낱말을 漢字(正字)로 쓰시오.,"가족이나 친구, 직장 동료, 아니면 고객들에게 짜증나는 상황이 있는지 생각해보라. 그것을 아는 것만으로도 실수를 반복할 가능성을 줄일 수 있다.",가족,,家族,家族,
3급II,90,2020-08-22,73,hanjaeo_W,다음 밑줄 친 낱말을 漢字(正字)로 쓰시오.,"가족이나 친구, 직장 동료, 아니면 고객들에게 짜증나는 상황이 있는지 생각해보라. 그것을 아는 것만으로도 실수를 반복할 가능성을 줄일 수 있다.",친구,,親舊,親舊,
3급II,90,2020-08-22,74,hanjaeo_W,다음 밑줄 친 낱말을 漢字(正字)로 쓰시오.,"가족이나 친구, 직장 동료, 아니면 고객들에게 짜증나는 상황이 있는지 생각해보라. 그것을 아는 것만으로도 실수를 반복할 가능성을 줄일 수 있다.",직장,,職場,職場,
3급II,90,2020-08-22,75,hanjaeo_W,다음 밑줄 친 낱말을 漢字(正字)로 쓰시오.,"가족이나 친구, 직장 동료, 아니면 고객들에게 짜증나는 상황이 있는지 생각해보라. 그것을 아는 것만으로도 실수를 반복할 가능성을 줄일 수 있다.",실수,,失手,失手,
3급II,90,2020-08-22,76,huneum_W,다음 漢字의 訓과 音을 쓰시오.,顔,顔,,낯 안,낯 안,
3급II,90,2020-08-22,77,huneum_W,다음 漢字의 訓과 音을 쓰시오.,裕,裕,,넉넉할 유,넉넉할 유,
3급II,90,2020-08-22,78,huneum_W,다음 漢字의 訓과 音을 쓰시오.,祕,祕,,숨길 비,숨길 비,
3급II,90,2020-08-22,79,huneum_W,다음 漢字의 訓과 音을 쓰시오.,距,距,,상거할 거,상거할 거,
3급II,90,2020-08-22,80,huneum_W,다음 漢字의 訓과 音을 쓰시오.,侍,侍,,모실 시,모실 시,
3급II,90,2020-08-22,81,huneum_W,다음 漢字의 訓과 音을 쓰시오.,署,署,,마을 서,마을 서,
3급II,90,2020-08-22,82,huneum_W,다음 漢字의 訓과 音을 쓰시오.,燕,燕,,제비 연,제비 연,
3급II,90,2020-08-22,83,huneum_W,다음 漢字의 訓과 音을 쓰시오.,奔,奔,,달릴 분,달릴 분,
3급II,90,2020-08-22,84,huneum_W,다음 漢字의 訓과 音을 쓰시오.,跡,跡,,발자취 적,발자취 적,
3급II,90,2020-08-22,85,huneum_W,다음 漢字의 訓과 音을 쓰시오.,娘,娘,,계집 낭,계집 낭,
3급II,90,2020-08-22,86,huneum_W,다음 漢字의 訓과 音을 쓰시오.,惑,惑,,미혹할 혹,미혹할 혹,
3급II,90,2020-08-22,87,huneum_W,다음 漢字의 訓과 音을 쓰시오.,微,微,,작을 미,작을 미,
3급II,90,2020-08-22,88,huneum_W,다음 漢字의 訓과 音을 쓰시오.,乘,乘,,탈 승,탈 승,
3급II,90,2020-08-22,89,huneum_W,다음 漢字의 訓과 音을 쓰시오.,桂,桂,,계수나무 계,계수나무 계,
3급II,90,2020-08-22,90,huneum_W,다음 漢字의 訓과 音을 쓰시오.,底,底,,밑 저,밑 저,
3급II,90,2020-08-22,91,huneum_W,다음 漢字의 訓과 音을 쓰시오.,詳,詳,,자세할 상,자세할 상,
3급II,90,2020-08-22,92,huneum_W,다음 漢字의 訓과 音을 쓰시오.,悠,悠,,멀 유,멀 유,
3급II,90,2020-08-22,93,huneum_W,다음 漢字의 訓과 音을 쓰시오.,尾,尾,,꼬리 미,꼬리 미,
3급II,90,2020-08-22,94,huneum_W,다음 漢字의 訓과 音을 쓰시오.,碧,碧,,푸를 벽,푸를 벽,
3급II,90,2020-08-22,95,huneum_W,다음 漢字의 訓과 音을 쓰시오.,栗,栗,,밤 률,밤 률,
3급II,90,2020-08-22,96,huneum_W,다음 漢字의 訓과 音을 쓰시오.,懷,懷,,품을 회,품을 회,
3급II,90,2020-08-22,97,huneum_W,다음 漢字의 訓과 音을 쓰시오.,貿,貿,,무역할 무,무역할 무,
3급II,90,2020-08-22,98,huneum_W,다음 漢字의 訓과 音을 쓰시오.,侵,侵,,침노할 침,침노할 침,
3급II,90,2020-08-22,99,huneum_W,다음 漢字의 訓과 音을 쓰시오.,茂,茂,,무성할 무,무성할 무,
3급II,90,2020-08-22,100,huneum_W,다음 漢字의 訓과 音을 쓰시오.,途,途,,길 도,길 도,
3급II,90,2020-08-22,101,huneum_W,다음 漢字의 訓과 音을 쓰시오.,紋,紋,,무늬 문,무늬 문,
3급II,90,2020-08-22,102,huneum_W,다음 漢字의 訓과 音을 쓰시오.,奮,奮,,떨칠 분,떨칠 분,
3급II,90,2020-08-22,103,jangeum_S,다음 漢字語 중 첫 음절이 길게 발음되는 것의 번호를 쓰시오.,,,"[""① 詩仙"", ""② 視線""]",②,② 視線,
3급II,90,2020-08-22,104,jangeum_S,다음 漢字語 중 첫 음절이 길게 발음되는 것의 번호를 쓰시오.,,,"[""① 喪妻"", ""② 傷處""]",①,① 喪妻,
3급II,90,2020-08-22,105,jangeum_S,다음 漢字語 중 첫 음절이 길게 발음되는 것의 번호를 쓰시오.,,,"[""① 電器"", ""② 前期""]",①,① 電器,
3급II,90,2020-08-22,106,jangeum_S,다음 漢字語 중 첫 음절이 길게 발음되는 것의 번호를 쓰시오.,,,"[""① 邊境"", ""② 變更""]",②,② 變更,
3급II,90,2020-08-22,107,jangeum_S,다음 漢字語 중 첫 음절이 길게 발음되는 것의 번호를 쓰시오.,,,"[""① 歌詞"", ""② 假死""]",②,② 假死,
3급II,90,2020-08-22,108,yui_W,다음 (          ) 안에 비슷한 뜻을 가진 漢字(正字)를 써넣어 널리 쓰이는 단어를 완성하시오.,構 - (    ),構( ),,築,築,
3급II,90,2020-08-22,109,yui_W,다음 (          ) 안에 비슷한 뜻을 가진 漢字(正字)를 써넣어 널리 쓰이는 단어를 완성하시오.,練 - (    ),練( ),,習,習,
3급II,90,2020-08-22,110,yui_W,다음 (          ) 안에 비슷한 뜻을 가진 漢字(正字)를 써넣어 널리 쓰이는 단어를 완성하시오.,契 - (    ),契( ),,約,約,
3급II,90,2020-08-22,111,yui_W,다음 (          ) 안에 비슷한 뜻을 가진 漢字(正字)를 써넣어 널리 쓰이는 단어를 완성하시오.,衰 - (    ),衰( ),,弱,弱,
3급II,90,2020-08-22,112,yui_W,다음 (          ) 안에 비슷한 뜻을 가진 漢字(正字)를 써넣어 널리 쓰이는 단어를 완성하시오.,獲 - (    ),獲( ),,得,得,
3급II,90,2020-08-22,113,banui_W,다음 (      ) 안에 뜻이 反對 또는 相對되는 漢字(正字)를 써넣어 단어를 만드시오.,將 ↔ ( ),將( ),,卒,卒,
3급II,90,2020-08-22,114,banui_W,다음 (      ) 안에 뜻이 反對 또는 相對되는 漢字(正字)를 써넣어 단어를 만드시오.,喜 ↔ ( ),喜( ),,怒,怒,
3급II,90,2020-08-22,115,banui_W,다음 (      ) 안에 뜻이 反對 또는 相對되는 漢字(正字)를 써넣어 단어를 만드시오.,氷 ↔ ( ),氷( ),,炭,炭,
3급II,90,2020-08-22,116,banui_W,다음 (      ) 안에 뜻이 反對 또는 相對되는 漢字(正字)를 써넣어 단어를 만드시오.,及 ↔ ( ),及( ),,落,落,
3급II,90,2020-08-22,117,banui_W,다음 (      ) 안에 뜻이 反對 또는 相對되는 漢字(正字)를 써넣어 단어를 만드시오.,姑 ↔ ( ),姑( ),,婦,婦,
3급II,90,2020-08-22,118,banuieo_W,다음 漢字語의 反對語 또는 相對語를 漢字(正字)로 쓰시오.,外延,外延,,內包,內包,
3급II,90,2020-08-22,119,banuieo_W,다음 漢字語의 反對語 또는 相對語를 漢字(正字)로 쓰시오.,增進,增進,,減退,減退,
3급II,90,2020-08-22,120,banuieo_W,다음 漢字語의 反對語 또는 相對語를 漢字(正字)로 쓰시오.,苦痛,苦痛,,快樂,快樂,
3급II,90,2020-08-22,121,banuieo_W,다음 漢字語의 反對語 또는 相對語를 漢字(正字)로 쓰시오.,好轉,好轉,,惡化,惡化,
3급II,90,2020-08-22,122,banuieo_W,다음 漢字語의 反對語 또는 相對語를 漢字(正字)로 쓰시오.,容易,容易,,難解,難解,
3급II,90,2020-08-22,123,dongeumeo_W,다음 漢字語의 同音異義語를 제시한 뜻에 맞는 漢字(正字)로 쓰시오.,降雪 - (    ) 강론하여 설명함.,降雪,,講說,講說,
3급II,90,2020-08-22,124,dongeumeo_W,다음 漢字語의 同音異義語를 제시한 뜻에 맞는 漢字(正字)로 쓰시오.,經費 - (    ) 미리 살피고 지키는 일.,經費,,警備,警備,
3급II,90,2020-08-22,125,dongeumeo_W,다음 漢字語의 同音異義語를 제시한 뜻에 맞는 漢字(正字)로 쓰시오.,空砲 - (    ) 일반에게 널리 알림.,空砲,,公布,公布,
3급II,90,2020-08-22,126,dongeumeo_W,다음 漢字語의 同音異義語를 제시한 뜻에 맞는 漢字(正字)로 쓰시오.,浮上 - (     ) 상장 외에 덧붙여주는 상품.,浮上,,副賞,副賞,
3급II,90,2020-08-22,127,dongeumeo_W,다음 漢字語의 同音異義語를 제시한 뜻에 맞는 漢字(正字)로 쓰시오.,星團 - (     ) 신을 모신 제단.,星團,,聖壇,聖壇,
3급II,90,2020-08-22,128,seongeo_W,다음 (       ) 안에 알맞은 漢字(正字)를 써넣어 사자성어를 완성하시오.,千篇一(     ) - 많은 사물이 색다른 바가 없이 비슷비슷함.,千篇一( ),,律,律,
3급II,90,2020-08-22,129,seongeo_W,다음 (       ) 안에 알맞은 漢字(正字)를 써넣어 사자성어를 완성하시오.,雨順風(     ) - 비가 오고 바람이 부는 것이 때와 분량이 맞음.,雨順風( ),,調,調,
3급II,90,2020-08-22,130,seongeo_W,다음 (       ) 안에 알맞은 漢字(正字)를 써넣어 사자성어를 완성하시오.,拍掌大(     ) - 손뼉치고 크게 웃음.,拍掌大( ),,笑,笑,
3급II,90,2020-08-22,131,seongeo_W,다음 (       ) 안에 알맞은 漢字(正字)를 써넣어 사자성어를 완성하시오.,金( )湯池 - 방비가 완벽함.,金( )湯池,,城,城,
3급II,90,2020-08-22,132,seongeo_W,다음 (       ) 안에 알맞은 漢字(正字)를 써넣어 사자성어를 완성하시오.,"(   )刀直入 - 한 칼로 바로 직진해 들어간다는 뜻으로, 요점으로 바로 들어감을 비유.",( )刀直入,,單,單,
3급II,90,2020-08-22,133,seongeo_W,다음 (       ) 안에 알맞은 漢字(正字)를 써넣어 사자성어를 완성하시오.,亂( )賊子 - 나라를 어지럽히는 신하와 불효하는 자식.,亂( )賊子,,臣,臣,
3급II,90,2020-08-22,134,seongeo_W,다음 (       ) 안에 알맞은 漢字(正字)를 써넣어 사자성어를 완성하시오.,九(    )肝腸 - 굽이굽이 사무친 속마음.,九( )肝腸,,曲,曲,
3급II,90,2020-08-22,135,seongeo_W,다음 (       ) 안에 알맞은 漢字(正字)를 써넣어 사자성어를 완성하시오.,(    )齒腐心 - 몹시 분하여 이를 갈면서 속을 썩임.,( )齒腐心,,切,切,
3급II,90,2020-08-22,136,seongeo_W,다음 (       ) 안에 알맞은 漢字(正字)를 써넣어 사자성어를 완성하시오.,今(    )初聞 - 바로 지금 처음으로 들음.,今( )初聞,,始,始,
3급II,90,2020-08-22,137,seongeo_W,다음 (       ) 안에 알맞은 漢字(正字)를 써넣어 사자성어를 완성하시오.,竹馬( )友 - 어릴 때부터 친하게 사귄 벗.,竹馬( )友,,故,故,
3급II,90,2020-08-22,138,busu_W,다음 漢字의 部首를 쓰시오.,考,考,,老,老,
3급II,90,2020-08-22,139,busu_W,다음 漢字의 部首를 쓰시오.,南,南,,十,十,
3급II,90,2020-08-22,140,busu_W,다음 漢字의 部首를 쓰시오.,禁,禁,,示,示,
3급II,90,2020-08-22,141,busu_W,다음 漢字의 部首를 쓰시오.,密,密,,宀,宀,
3급II,90,2020-08-22,142,busu_W,다음 漢字의 部首를 쓰시오.,武,武,,止,止,
3급II,90,2020-08-22,143,yakja_W,다음 漢字의 略字를 쓰시오.,缺,缺,,欠,欠,
3급II,90,2020-08-22,144,yakja_W,다음 漢字의 略字를 쓰시오.,寶,寶,,宝,宝,
3급II,90,2020-08-22,145,yakja_W,다음 漢字의 略字를 쓰시오.,鄕,鄕,,郷,郷,
3급II,90,2020-08-22,146,mean_W,다음 漢字語의 뜻을 쓰시오.,繼走,繼走,,이어달리기,이어달리기,
3급II,90,2020-08-22,147,mean_W,다음 漢字語의 뜻을 쓰시오.,頃刻,頃刻,,눈 깜빡할 사이/아주 짧은 시간,눈 깜빡할 사이/아주 짧은 시간,
3급II,90,2020-08-22,148,mean_W,다음 漢字語의 뜻을 쓰시오.,師範,師範,,모범/본보기/기예를 가르치는 사람,모범/본보기/기예를 가르치는 사람,
3급II,90,2020-08-22,149,mean_W,다음 漢字語의 뜻을 쓰시오.,勝算,勝算,,이길 수 있는 가능성,이길 수 있는 가능성,
3급II,90,2020-08-22,150,mean_W,다음 漢字語의 뜻을 쓰시오.,村居,村居,,시골에서 삶,시골에서 삶,
3급II,91,2020-11-21,1,dokeum_W,다음 밑줄 친 漢字語의 讀音을 쓰시오.,速度에 置重하고 매달리게 되면 중심을 잃고 넘어지기 쉽고 目標 달성은커녕 退步로 이어질 가능성이 크다.,速度,,속도,속도,
3급II,91,2020-11-21,2,dokeum_W,다음 밑줄 친 漢字語의 讀音을 쓰시오.,速度에 置重하고 매달리게 되면 중심을 잃고 넘어지기 쉽고 目標 달성은커녕 退步로 이어질 가능성이 크다.,置重,,치중,치중,
3급II,91,2020-11-21,3,dokeum_W,다음 밑줄 친 漢字語의 讀音을 쓰시오.,速度에 置重하고 매달리게 되면 중심을 잃고 넘어지기 쉽고 目標 달성은커녕 退步로 이어질 가능성이 크다.,目標,,목표,목표,
3급II,91,2020-11-21,4,dokeum_W,다음 밑줄 친 漢字語의 讀音을 쓰시오.,速度에 置重하고 매달리게 되면 중심을 잃고 넘어지기 쉽고 目標 달성은커녕 退步로 이어질 가능성이 크다.,退步,,퇴보,퇴보,
3급II,91,2020-11-21,5,dokeum_W,다음 밑줄 친 漢字語의 讀音을 쓰시오.,興味와 재미는 진행의 속도를 漸次 높여 줄 것이며 窮極的으로 목표 지점에 더 빠르게 到着할 수 있도록 만들어 줄 것이다.,興味,,흥미,흥미,
3급II,91,2020-11-21,6,dokeum_W,다음 밑줄 친 漢字語의 讀音을 쓰시오.,興味와 재미는 진행의 속도를 漸次 높여 줄 것이며 窮極的으로 목표 지점에 더 빠르게 到着할 수 있도록 만들어 줄 것이다.,漸次,,점차,점차,
3급II,91,2020-11-21,7,dokeum_W,다음 밑줄 친 漢字語의 讀音을 쓰시오.,興味와 재미는 진행의 속도를 漸次 높여 줄 것이며 窮極的으로 목표 지점에 더 빠르게 到着할 수 있도록 만들어 줄 것이다.,窮極,,궁극,궁극,
3급II,91,2020-11-21,8,dokeum_W,다음 밑줄 친 漢字語의 讀音을 쓰시오.,興味와 재미는 진행의 속도를 漸次 높여 줄 것이며 窮極的으로 목표 지점에 더 빠르게 到着할 수 있도록 만들어 줄 것이다.,到着,,도착,도착,
3급II,91,2020-11-21,9,dokeum_W,다음 밑줄 친 漢字語의 讀音을 쓰시오.,"개인뿐 아니라 企業, 병원, 극단, 대학, 政府 기관 등 多樣한 組織에 컨설팅 한다.",企業,,기업,기업,
3급II,91,2020-11-21,10,dokeum_W,다음 밑줄 친 漢字語의 讀音을 쓰시오.,"개인뿐 아니라 企業, 병원, 극단, 대학, 政府 기관 등 多樣한 組織에 컨설팅 한다.",政府,,정부,정부,
3급II,91,2020-11-21,11,dokeum_W,다음 밑줄 친 漢字語의 讀音을 쓰시오.,"개인뿐 아니라 企業, 병원, 극단, 대학, 政府 기관 등 多樣한 組織에 컨설팅 한다.",多樣,,다양,다양,
3급II,91,2020-11-21,12,dokeum_W,다음 밑줄 친 漢字語의 讀音을 쓰시오.,"개인뿐 아니라 企業, 병원, 극단, 대학, 政府 기관 등 多樣한 組織에 컨설팅 한다.",組織,,조직,조직,
3급II,91,2020-11-21,13,dokeum_W,다음 밑줄 친 漢字語의 讀音을 쓰시오.,사람들은 변화를 원할 때 革新 전략을 미리 떠 올린다. 혁신을 創造的인 破壞의 한 유형으로 생각하는 傾向이 있다.,革新,,혁신,혁신,
3급II,91,2020-11-21,14,dokeum_W,다음 밑줄 친 漢字語의 讀音을 쓰시오.,사람들은 변화를 원할 때 革新 전략을 미리 떠 올린다. 혁신을 創造的인 破壞의 한 유형으로 생각하는 傾向이 있다.,創造,,창조,창조,
3급II,91,2020-11-21,15,dokeum_W,다음 밑줄 친 漢字語의 讀音을 쓰시오.,사람들은 변화를 원할 때 革新 전략을 미리 떠 올린다. 혁신을 創造的인 破壞의 한 유형으로 생각하는 傾向이 있다.,破壞,,파괴,파괴,
3급II,91,2020-11-21,16,dokeum_W,다음 밑줄 친 漢字語의 讀音을 쓰시오.,사람들은 변화를 원할 때 革新 전략을 미리 떠 올린다. 혁신을 創造的인 破壞의 한 유형으로 생각하는 傾向이 있다.,傾向,,경향,경향,
3급II,91,2020-11-21,17,dokeum_W,다음 밑줄 친 漢字語의 讀音을 쓰시오.,미국은 軍需品의 질과 양을 올려야 했다. 전시 상황이라 시간도 촉박했다. 이 압력은 熟練된 감독관들이 미국으로 差出되면서 더욱 激烈해졌다.,軍需品,,군수품,군수품,
3급II,91,2020-11-21,18,dokeum_W,다음 밑줄 친 漢字語의 讀音을 쓰시오.,미국은 軍需品의 질과 양을 올려야 했다. 전시 상황이라 시간도 촉박했다. 이 압력은 熟練된 감독관들이 미국으로 差出되면서 더욱 激烈해졌다.,熟練,,숙련,숙련,
3급II,91,2020-11-21,19,dokeum_W,다음 밑줄 친 漢字語의 讀音을 쓰시오.,미국은 軍需品의 질과 양을 올려야 했다. 전시 상황이라 시간도 촉박했다. 이 압력은 熟練된 감독관들이 미국으로 差出되면서 더욱 激烈해졌다.,差出,,차출,차출,
3급II,91,2020-11-21,20,dokeum_W,다음 밑줄 친 漢字語의 讀音을 쓰시오.,미국은 軍需品의 질과 양을 올려야 했다. 전시 상황이라 시간도 촉박했다. 이 압력은 熟練된 감독관들이 미국으로 差出되면서 더욱 激烈해졌다.,激烈,,격렬,격렬,
3급II,91,2020-11-21,21,dokeum_W,다음 漢字語의 讀音을 쓰시오.,思慕,思慕,,사모,사모,
3급II,91,2020-11-21,22,dokeum_W,다음 漢字語의 讀音을 쓰시오.,飯床,飯床,,반상,반상,
3급II,91,2020-11-21,23,dokeum_W,다음 漢字語의 讀音을 쓰시오.,垂直,垂直,,수직,수직,
3급II,91,2020-11-21,24,dokeum_W,다음 漢字語의 讀音을 쓰시오.,繁盛,繁盛,,번성,번성,
3급II,91,2020-11-21,25,dokeum_W,다음 漢字語의 讀音을 쓰시오.,佳作,佳作,,가작,가작,
3급II,91,2020-11-21,26,dokeum_W,다음 漢字語의 讀音을 쓰시오.,精妙,精妙,,정묘,정묘,
3급II,91,2020-11-21,27,dokeum_W,다음 漢字語의 讀音을 쓰시오.,規範,規範,,규범,규범,
3급II,91,2020-11-21,28,dokeum_W,다음 漢字語의 讀音을 쓰시오.,燒失,燒失,,소실,소실,
3급II,91,2020-11-21,29,dokeum_W,다음 漢字語의 讀音을 쓰시오.,血盟,血盟,,혈맹,혈맹,
3급II,91,2020-11-21,30,dokeum_W,다음 漢字語의 讀音을 쓰시오.,射擊,射擊,,사격,사격,
3급II,91,2020-11-21,31,dokeum_W,다음 漢字語의 讀音을 쓰시오.,顔面,顔面,,안면,안면,
3급II,91,2020-11-21,32,dokeum_W,다음 漢字語의 讀音을 쓰시오.,葬禮,葬禮,,장례,장례,
3급II,91,2020-11-21,33,dokeum_W,다음 漢字語의 讀音을 쓰시오.,修飾,修飾,,수식,수식,
3급II,91,2020-11-21,34,dokeum_W,다음 漢字語의 讀音을 쓰시오.,免疫,免疫,,면역,면역,
3급II,91,2020-11-21,35,dokeum_W,다음 漢字語의 讀音을 쓰시오.,拍掌,拍掌,,박장,박장,
3급II,91,2020-11-21,36,dokeum_W,다음 漢字語의 讀音을 쓰시오.,群舞,群舞,,군무,군무,
3급II,91,2020-11-21,37,dokeum_W,다음 漢字語의 讀音을 쓰시오.,審査,審査,,심사,심사,
3급II,91,2020-11-21,38,dokeum_W,다음 漢字語의 讀音을 쓰시오.,深刻,深刻,,심각,심각,
3급II,91,2020-11-21,39,dokeum_W,다음 漢字語의 讀音을 쓰시오.,博愛,博愛,,박애,박애,
3급II,91,2020-11-21,40,dokeum_W,다음 漢字語의 讀音을 쓰시오.,倉庫,倉庫,,창고,창고,
3급II,91,2020-11-21,41,dokeum_W,다음 漢字語의 讀音을 쓰시오.,腹痛,腹痛,,복통,복통,
3급II,91,2020-11-21,42,dokeum_W,다음 漢字語의 讀音을 쓰시오.,聲帶,聲帶,,성대,성대,
3급II,91,2020-11-21,43,dokeum_W,다음 漢字語의 讀音을 쓰시오.,鶴壽,鶴壽,,학수,학수,
3급II,91,2020-11-21,44,dokeum_W,다음 漢字語의 讀音을 쓰시오.,就寢,就寢,,취침,취침,
3급II,91,2020-11-21,45,dokeum_W,다음 漢字語의 讀音을 쓰시오.,偏執,偏執,,편집,편집,
3급II,91,2020-11-21,46,hanjaeo_W,다음 밑줄 친 낱말을 漢字(正字)로 쓰시오.,건강한 습관을 들이는 데 성공한 사람들은 잘 먹고 운동하는 것을 자존심의 원천으로 바꿀 수 있는 사람이다.,건강,,健康,健康,
3급II,91,2020-11-21,47,hanjaeo_W,다음 밑줄 친 낱말을 漢字(正字)로 쓰시오.,건강한 습관을 들이는 데 성공한 사람들은 잘 먹고 운동하는 것을 자존심의 원천으로 바꿀 수 있는 사람이다.,성공,,成功,成功,
3급II,91,2020-11-21,48,hanjaeo_W,다음 밑줄 친 낱말을 漢字(正字)로 쓰시오.,건강한 습관을 들이는 데 성공한 사람들은 잘 먹고 운동하는 것을 자존심의 원천으로 바꿀 수 있는 사람이다.,운동,,運動,運動,
3급II,91,2020-11-21,49,hanjaeo_W,다음 밑줄 친 낱말을 漢字(正字)로 쓰시오.,건강한 습관을 들이는 데 성공한 사람들은 잘 먹고 운동하는 것을 자존심의 원천으로 바꿀 수 있는 사람이다.,자존,,自尊,自尊,
3급II,91,2020-11-21,50,hanjaeo_W,다음 밑줄 친 낱말을 漢字(正字)로 쓰시오.,항공사는 올리브를 빼고 네 가지 재료로 된 샐러드로 대신함으로써 매년 50만 달러를 절약할 수 있게 되었다.,항공,,航空,航空,
3급II,91,2020-11-21,51,hanjaeo_W,다음 밑줄 친 낱말을 漢字(正字)로 쓰시오.,항공사는 올리브를 빼고 네 가지 재료로 된 샐러드로 대신함으로써 매년 50만 달러를 절약할 수 있게 되었다.,재료,,材料,材料,
3급II,91,2020-11-21,52,hanjaeo_W,다음 밑줄 친 낱말을 漢字(正字)로 쓰시오.,항공사는 올리브를 빼고 네 가지 재료로 된 샐러드로 대신함으로써 매년 50만 달러를 절약할 수 있게 되었다.,대신,,代身,代身,
3급II,91,2020-11-21,53,hanjaeo_W,다음 밑줄 친 낱말을 漢字(正字)로 쓰시오.,항공사는 올리브를 빼고 네 가지 재료로 된 샐러드로 대신함으로써 매년 50만 달러를 절약할 수 있게 되었다.,매년,,每年,每年,
3급II,91,2020-11-21,54,hanjaeo_W,다음 밑줄 친 낱말을 漢字(正字)로 쓰시오.,항공사는 올리브를 빼고 네 가지 재료로 된 샐러드로 대신함으로써 매년 50만 달러를 절약할 수 있게 되었다.,절약,,節約,節約,
3급II,91,2020-11-21,55,hanjaeo_W,다음 밑줄 친 낱말을 漢字(正字)로 쓰시오.,손만 깨끗이 관리해도 사망률을 많이 줄일 수 있었다. 사람들에게 손 씻는 법을 가르치는 것이 대륙 전체에 새로운 배관 시설을 설치하고 치료법을 제시하는 것보다 훨씬 쉽고 간단한 예방 방법이었다.,사망,,死亡,死亡,
3급II,91,2020-11-21,56,hanjaeo_W,다음 밑줄 친 낱말을 漢字(正字)로 쓰시오.,손만 깨끗이 관리해도 사망률을 많이 줄일 수 있었다. 사람들에게 손 씻는 법을 가르치는 것이 대륙 전체에 새로운 배관 시설을 설치하고 치료법을 제시하는 것보다 훨씬 쉽고 간단한 예방 방법이었다.,대륙,,大陸,大陸,
3급II,91,2020-11-21,57,hanjaeo_W,다음 밑줄 친 낱말을 漢字(正字)로 쓰시오.,손만 깨끗이 관리해도 사망률을 많이 줄일 수 있었다. 사람들에게 손 씻는 법을 가르치는 것이 대륙 전체에 새로운 배관 시설을 설치하고 치료법을 제시하는 것보다 훨씬 쉽고 간단한 예방 방법이었다.,시설,,施設,施設,
3급II,91,2020-11-21,58,hanjaeo_W,다음 밑줄 친 낱말을 漢字(正字)로 쓰시오.,손만 깨끗이 관리해도 사망률을 많이 줄일 수 있었다. 사람들에게 손 씻는 법을 가르치는 것이 대륙 전체에 새로운 배관 시설을 설치하고 치료법을 제시하는 것보다 훨씬 쉽고 간단한 예방 방법이었다.,제시,,提示,提示,
3급II,91,2020-11-21,59,hanjaeo_W,다음 밑줄 친 낱말을 漢字(正字)로 쓰시오.,손만 깨끗이 관리해도 사망률을 많이 줄일 수 있었다. 사람들에게 손 씻는 법을 가르치는 것이 대륙 전체에 새로운 배관 시설을 설치하고 치료법을 제시하는 것보다 훨씬 쉽고 간단한 예방 방법이었다.,방법,,方法,方法,
3급II,91,2020-11-21,60,hanjaeo_W,다음 밑줄 친 낱말을 漢字(正字)로 쓰시오.,"사람들은 자신의 감정을 일기에 털어 놓는다. 연구에 따르면 일기를 적는 사람들이 의사, 성직자, 친구에게 이야기하는 사람들과 마찬가지로 신체적인 면과 심리적인 면에서 편안함을 되찾는다고 한다.",감정,,感情,感情,
3급II,91,2020-11-21,61,hanjaeo_W,다음 밑줄 친 낱말을 漢字(正字)로 쓰시오.,"사람들은 자신의 감정을 일기에 털어 놓는다. 연구에 따르면 일기를 적는 사람들이 의사, 성직자, 친구에게 이야기하는 사람들과 마찬가지로 신체적인 면과 심리적인 면에서 편안함을 되찾는다고 한다.",연구,,硏究,硏究,
3급II,91,2020-11-21,62,hanjaeo_W,다음 밑줄 친 낱말을 漢字(正字)로 쓰시오.,"사람들은 자신의 감정을 일기에 털어 놓는다. 연구에 따르면 일기를 적는 사람들이 의사, 성직자, 친구에게 이야기하는 사람들과 마찬가지로 신체적인 면과 심리적인 면에서 편안함을 되찾는다고 한다.",의사,,醫師,醫師,
3급II,91,2020-11-21,63,hanjaeo_W,다음 밑줄 친 낱말을 漢字(正字)로 쓰시오.,"사람들은 자신의 감정을 일기에 털어 놓는다. 연구에 따르면 일기를 적는 사람들이 의사, 성직자, 친구에게 이야기하는 사람들과 마찬가지로 신체적인 면과 심리적인 면에서 편안함을 되찾는다고 한다.",친구,,親舊,親舊,
3급II,91,2020-11-21,64,hanjaeo_W,다음 밑줄 친 낱말을 漢字(正字)로 쓰시오.,"사람들은 자신의 감정을 일기에 털어 놓는다. 연구에 따르면 일기를 적는 사람들이 의사, 성직자, 친구에게 이야기하는 사람들과 마찬가지로 신체적인 면과 심리적인 면에서 편안함을 되찾는다고 한다.",심리,,心理,心理,
3급II,91,2020-11-21,65,hanjaeo_W,다음 밑줄 친 낱말을 漢字(正字)로 쓰시오.,"사람들은 자신의 감정을 일기에 털어 놓는다. 연구에 따르면 일기를 적는 사람들이 의사, 성직자, 친구에게 이야기하는 사람들과 마찬가지로 신체적인 면과 심리적인 면에서 편안함을 되찾는다고 한다.",편안,,便安,便安,
3급II,91,2020-11-21,66,hanjaeo_W,다음 밑줄 친 낱말을 漢字(正字)로 쓰시오.,종교의 인간에 대한 요구는 매우 엄숙한 것이므로 풍자가는 사람들이 표방하는 것과 실행하는 것과의 모순을 즐겨 이용한다.,종교,,宗敎,宗敎,
3급II,91,2020-11-21,67,hanjaeo_W,다음 밑줄 친 낱말을 漢字(正字)로 쓰시오.,종교의 인간에 대한 요구는 매우 엄숙한 것이므로 풍자가는 사람들이 표방하는 것과 실행하는 것과의 모순을 즐겨 이용한다.,요구,,要求,要求,
3급II,91,2020-11-21,68,hanjaeo_W,다음 밑줄 친 낱말을 漢字(正字)로 쓰시오.,종교의 인간에 대한 요구는 매우 엄숙한 것이므로 풍자가는 사람들이 표방하는 것과 실행하는 것과의 모순을 즐겨 이용한다.,실행,,實行,實行,
3급II,91,2020-11-21,69,hanjaeo_W,다음 밑줄 친 낱말을 漢字(正字)로 쓰시오.,종교의 인간에 대한 요구는 매우 엄숙한 것이므로 풍자가는 사람들이 표방하는 것과 실행하는 것과의 모순을 즐겨 이용한다.,이용,,利用,利用,
3급II,91,2020-11-21,70,hanjaeo_W,다음 밑줄 친 낱말을 漢字(正字)로 쓰시오.,"수필은 청춘의 글은 아니요 서른여섯 중년 고개를 넘어선 사람의 글이며, 정열이나 심오한 지성을 내포한 문학이 아니요, 그저 수필가가 쓴 단순한 글이다.",청춘,,靑春,靑春,
3급II,91,2020-11-21,71,hanjaeo_W,다음 밑줄 친 낱말을 漢字(正字)로 쓰시오.,"수필은 청춘의 글은 아니요 서른여섯 중년 고개를 넘어선 사람의 글이며, 정열이나 심오한 지성을 내포한 문학이 아니요, 그저 수필가가 쓴 단순한 글이다.",지성,,知性,知性,
3급II,91,2020-11-21,72,hanjaeo_W,다음 밑줄 친 낱말을 漢字(正字)로 쓰시오.,"수필은 청춘의 글은 아니요 서른여섯 중년 고개를 넘어선 사람의 글이며, 정열이나 심오한 지성을 내포한 문학이 아니요, 그저 수필가가 쓴 단순한 글이다.",내포,,內包,內包,
3급II,91,2020-11-21,73,hanjaeo_W,다음 밑줄 친 낱말을 漢字(正字)로 쓰시오.,"수필은 청춘의 글은 아니요 서른여섯 중년 고개를 넘어선 사람의 글이며, 정열이나 심오한 지성을 내포한 문학이 아니요, 그저 수필가가 쓴 단순한 글이다.",단순,,單純,單純,
3급II,91,2020-11-21,74,hanjaeo_W,다음 밑줄 친 낱말을 漢字(正字)로 쓰시오.,"문화라 함은 과학, 예술, 정치, 경제 등 인간 생활의 모든 일을 총괄 포함시키는 말이다.",과학,,科學,科學,
3급II,91,2020-11-21,75,hanjaeo_W,다음 밑줄 친 낱말을 漢字(正字)로 쓰시오.,"문화라 함은 과학, 예술, 정치, 경제 등 인간 생활의 모든 일을 총괄 포함시키는 말이다.",예술,,藝術,藝術,
3급II,91,2020-11-21,76,huneum_W,다음 漢字의 訓과 音을 쓰시오.,影,影,,그림자 영,그림자 영,
3급II,91,2020-11-21,77,huneum_W,다음 漢字의 訓과 音을 쓰시오.,淑,淑,,맑을 숙,맑을 숙,
3급II,91,2020-11-21,78,huneum_W,다음 漢字의 訓과 音을 쓰시오.,昇,昇,,오를 승,오를 승,
3급II,91,2020-11-21,79,huneum_W,다음 漢字의 訓과 音을 쓰시오.,辰,辰,,별 진/때 신,별 진/때 신,
3급II,91,2020-11-21,80,huneum_W,다음 漢字의 訓과 音을 쓰시오.,彼,彼,,저 피,저 피,
3급II,91,2020-11-21,81,huneum_W,다음 漢字의 訓과 音을 쓰시오.,桃,桃,,복숭아 도,복숭아 도,
3급II,91,2020-11-21,82,huneum_W,다음 漢字의 訓과 音을 쓰시오.,皮,皮,,가죽 피,가죽 피,
3급II,91,2020-11-21,83,huneum_W,다음 漢字의 訓과 音을 쓰시오.,譜,譜,,족보 보,족보 보,
3급II,91,2020-11-21,84,huneum_W,다음 漢字의 訓과 音을 쓰시오.,廷,廷,,조정 정,조정 정,
3급II,91,2020-11-21,85,huneum_W,다음 漢字의 訓과 音을 쓰시오.,玄,玄,,검을 현,검을 현,
3급II,91,2020-11-21,86,huneum_W,다음 漢字의 訓과 音을 쓰시오.,換,換,,바꿀 환,바꿀 환,
3급II,91,2020-11-21,87,huneum_W,다음 漢字의 訓과 音을 쓰시오.,隔,隔,,사이뜰 격,사이뜰 격,
3급II,91,2020-11-21,88,huneum_W,다음 漢字의 訓과 音을 쓰시오.,猛,猛,,사나울 맹,사나울 맹,
3급II,91,2020-11-21,89,huneum_W,다음 漢字의 訓과 音을 쓰시오.,閣,閣,,집 각,집 각,
3급II,91,2020-11-21,90,huneum_W,다음 漢字의 訓과 音을 쓰시오.,露,露,,이슬 로,이슬 로,
3급II,91,2020-11-21,91,huneum_W,다음 漢字의 訓과 音을 쓰시오.,拳,拳,,주먹 권,주먹 권,
3급II,91,2020-11-21,92,huneum_W,다음 漢字의 訓과 音을 쓰시오.,胸,胸,,가슴 흉,가슴 흉,
3급II,91,2020-11-21,93,huneum_W,다음 漢字의 訓과 音을 쓰시오.,禪,禪,,선 선,선 선,
3급II,91,2020-11-21,94,huneum_W,다음 漢字의 訓과 音을 쓰시오.,峯,峯,,봉우리 봉,봉우리 봉,
3급II,91,2020-11-21,95,huneum_W,다음 漢字의 訓과 音을 쓰시오.,幼,幼,,어릴 유,어릴 유,
3급II,91,2020-11-21,96,huneum_W,다음 漢字의 訓과 音을 쓰시오.,脚,脚,,다리 각,다리 각,
3급II,91,2020-11-21,97,huneum_W,다음 漢字의 訓과 音을 쓰시오.,衡,衡,,저울대 형,저울대 형,
3급II,91,2020-11-21,98,huneum_W,다음 漢字의 訓과 音을 쓰시오.,肝,肝,,간 간,간 간,
3급II,91,2020-11-21,99,huneum_W,다음 漢字의 訓과 音을 쓰시오.,催,催,,재촉할 최,재촉할 최,
3급II,91,2020-11-21,100,huneum_W,다음 漢字의 訓과 音을 쓰시오.,楓,楓,,단풍 풍,단풍 풍,
3급II,91,2020-11-21,101,huneum_W,다음 漢字의 訓과 音을 쓰시오.,湯,湯,,끓을 탕,끓을 탕,
3급II,91,2020-11-21,102,huneum_W,다음 漢字의 訓과 音을 쓰시오.,含,含,,머금을 함,머금을 함,
3급II,91,2020-11-21,103,jangeum_S,다음 漢字語 중 첫 음절이 길게 발음되는 것의 번호를 쓰시오.,,,"[""① 流刑"", ""② 有形""]",②,② 有形,
3급II,91,2020-11-21,104,jangeum_S,다음 漢字語 중 첫 음절이 길게 발음되는 것의 번호를 쓰시오.,,,"[""① 減毒"", ""② 監督""]",①,① 減毒,
3급II,91,2020-11-21,105,jangeum_S,다음 漢字語 중 첫 음절이 길게 발음되는 것의 번호를 쓰시오.,,,"[""① 徒勞"", ""② 道路""]",②,② 道路,
3급II,91,2020-11-21,106,jangeum_S,다음 漢字語 중 첫 음절이 길게 발음되는 것의 번호를 쓰시오.,,,"[""① 假裝"", ""② 家藏""]",①,① 假裝,
3급II,91,2020-11-21,107,jangeum_S,다음 漢字語 중 첫 음절이 길게 발음되는 것의 번호를 쓰시오.,,,"[""① 團地"", ""② 斷指""]",②,② 斷指,
3급II,91,2020-11-21,108,yui_W,다음 (          ) 안에 비슷한 뜻을 가진 漢字(正字)를 써넣어 널리 쓰이는 단어를 완성하시오.,(    )靈,( )靈,,神,神,
3급II,91,2020-11-21,109,yui_W,다음 (          ) 안에 비슷한 뜻을 가진 漢字(正字)를 써넣어 널리 쓰이는 단어를 완성하시오.,陳(    ),陳( ),,列,列,
3급II,91,2020-11-21,110,yui_W,다음 (          ) 안에 비슷한 뜻을 가진 漢字(正字)를 써넣어 널리 쓰이는 단어를 완성하시오.,境(    ),境( ),,界,界,
3급II,91,2020-11-21,111,yui_W,다음 (          ) 안에 비슷한 뜻을 가진 漢字(正字)를 써넣어 널리 쓰이는 단어를 완성하시오.,(    )特,( )特,,英,英,
3급II,91,2020-11-21,112,yui_W,다음 (          ) 안에 비슷한 뜻을 가진 漢字(正字)를 써넣어 널리 쓰이는 단어를 완성하시오.,連(    ),連( ),,續,續,
3급II,91,2020-11-21,113,banui_W,다음 (      ) 안에 뜻이 反對 또는 相對되는 漢字(正字)를 써넣어 단어를 만드시오.,攻 ↔ ( ),攻( ),,守,守,
3급II,91,2020-11-21,114,banui_W,다음 (      ) 안에 뜻이 反對 또는 相對되는 漢字(正字)를 써넣어 단어를 만드시오.,緩 ↔ ( ),緩( ),,急,急,
3급II,91,2020-11-21,115,banui_W,다음 (      ) 안에 뜻이 反對 또는 相對되는 漢字(正字)를 써넣어 단어를 만드시오.,損 ↔ ( ),損( ),,得,得,
3급II,91,2020-11-21,116,banui_W,다음 (      ) 안에 뜻이 反對 또는 相對되는 漢字(正字)를 써넣어 단어를 만드시오.,班 ↔ ( ),班( ),,常,常,
3급II,91,2020-11-21,117,banui_W,다음 (      ) 안에 뜻이 反對 또는 相對되는 漢字(正字)를 써넣어 단어를 만드시오.,豫 ↔ ( ),豫( ),,決,決,
3급II,91,2020-11-21,118,banuieo_W,다음 漢字語의 反對語 또는 相對語를 漢字(正字)로 쓰시오.,紛爭,紛爭,,和解,和解,
3급II,91,2020-11-21,119,banuieo_W,다음 漢字語의 反對語 또는 相對語를 漢字(正字)로 쓰시오.,拒否,拒否,,承認,承認,
3급II,91,2020-11-21,120,banuieo_W,다음 漢字語의 反對語 또는 相對語를 漢字(正字)로 쓰시오.,高踏,高踏,,世俗,世俗,
3급II,91,2020-11-21,121,banuieo_W,다음 漢字語의 反對語 또는 相對語를 漢字(正字)로 쓰시오.,禁止,禁止,,許可,許可,
3급II,91,2020-11-21,122,banuieo_W,다음 漢字語의 反對語 또는 相對語를 漢字(正字)로 쓰시오.,遠洋,遠洋,,近海,近海,
3급II,91,2020-11-21,123,dongeumeo_W,다음 漢字語의 同音異義語를 제시한 뜻에 맞는 漢字(正字)로 쓰시오.,鄕愁 - (    ) 향을 풍기는 액체 화장품.,鄕愁,,香水,香水,
3급II,91,2020-11-21,124,dongeumeo_W,다음 漢字語의 同音異義語를 제시한 뜻에 맞는 漢字(正字)로 쓰시오.,鎭火 - (    ) 일이나 사물 따위가 점점 발달해 감.,鎭火,,進化,進化,
3급II,91,2020-11-21,125,dongeumeo_W,다음 漢字語의 同音異義語를 제시한 뜻에 맞는 漢字(正字)로 쓰시오.,電源 - (     ) 도시에서 떨어진 시골이나 교외.,電源,,田園,田園,
3급II,91,2020-11-21,126,dongeumeo_W,다음 漢字語의 同音異義語를 제시한 뜻에 맞는 漢字(正字)로 쓰시오.,沙果 - (     ) 잘못을 인정하고 용서를 빔.,沙果,,謝過,謝過,
3급II,91,2020-11-21,127,dongeumeo_W,다음 漢字語의 同音異義語를 제시한 뜻에 맞는 漢字(正字)로 쓰시오.,保釋 - (     ) 빛깔이 아름다우며 희귀한 광물.,保釋,,寶石,寶石,
3급II,91,2020-11-21,128,seongeo_W,다음 (       ) 안에 알맞은 漢字(正字)를 써넣어 사자성어를 완성하시오.,滅私(    )公 - 사적인 것을 버리고 공적인 것을 위해 일함.,滅私( )公,,奉,奉,
3급II,91,2020-11-21,129,seongeo_W,다음 (       ) 안에 알맞은 漢字(正字)를 써넣어 사자성어를 완성하시오.,"魚( )肉尾 - 물고기는 머리 쪽이, 짐승 고기는 꼬리 쪽이 맛있다는 말.",魚( )肉尾,,頭,頭,
3급II,91,2020-11-21,130,seongeo_W,다음 (       ) 안에 알맞은 漢字(正字)를 써넣어 사자성어를 완성하시오.,角者無(     ) - 뿔이 있는 짐승은 날카로운 이빨이 없다는 뜻.,角者無( ),,齒,齒,
3급II,91,2020-11-21,131,seongeo_W,다음 (       ) 안에 알맞은 漢字(正字)를 써넣어 사자성어를 완성하시오.,(   )天勤民 - 하늘을 공경하고 백성을 다스리기에 부지런함.,( )天勤民,,敬,敬,
3급II,91,2020-11-21,132,seongeo_W,다음 (       ) 안에 알맞은 漢字(正字)를 써넣어 사자성어를 완성하시오.,怒甲( )乙 - 어떤 사람에게 당한 화풀이를 다른 사람에게 해 댐.,怒甲( )乙,,移,移,
3급II,91,2020-11-21,133,seongeo_W,다음 (       ) 안에 알맞은 漢字(正字)를 써넣어 사자성어를 완성하시오.,百戰百(    ) - 싸우는 때마다 모조리 이김.,百戰百( ),,勝,勝,
3급II,91,2020-11-21,134,seongeo_W,다음 (       ) 안에 알맞은 漢字(正字)를 써넣어 사자성어를 완성하시오.,莫(    )之友 - 서로의 뜻을 거스르지 않는 친한 벗.,莫( )之友,,逆,逆,
3급II,91,2020-11-21,135,seongeo_W,다음 (       ) 안에 알맞은 漢字(正字)를 써넣어 사자성어를 완성하시오.,玉骨( )風 - 옥과 같은 골격과 선인과 같은 풍채.,玉骨( )風,,仙,仙,
3급II,91,2020-11-21,136,seongeo_W,다음 (       ) 안에 알맞은 漢字(正字)를 써넣어 사자성어를 완성하시오.,(    )兆蒼生 - 수많은 백성.,( )兆蒼生,,億,億,
3급II,91,2020-11-21,137,seongeo_W,다음 (       ) 안에 알맞은 漢字(正字)를 써넣어 사자성어를 완성하시오.,(    )履薄氷 - 살얼음을 밟는 것과 같다는 뜻.,( )履薄氷,,如,如,
3급II,91,2020-11-21,138,busu_W,다음 漢字의 部首를 쓰시오.,慶,慶,,心,心,
3급II,91,2020-11-21,139,busu_W,다음 漢字의 部首를 쓰시오.,難,難,,隹,隹,
3급II,91,2020-11-21,140,busu_W,다음 漢字의 部首를 쓰시오.,牧,牧,,牛,牛,
3급II,91,2020-11-21,141,busu_W,다음 漢字의 部首를 쓰시오.,測,測,,氵(水),氵(水),
3급II,91,2020-11-21,142,busu_W,다음 漢字의 部首를 쓰시오.,更,更,,曰,曰,
3급II,91,2020-11-21,143,yakja_W,다음 漢字의 略字를 쓰시오.,擧,擧,,挙/舉,挙/舉,
3급II,91,2020-11-21,144,yakja_W,다음 漢字의 略字를 쓰시오.,擔,擔,,担,担,
3급II,91,2020-11-21,145,yakja_W,다음 漢字의 略字를 쓰시오.,收,收,,収,収,
3급II,91,2020-11-21,146,mean_W,다음 漢字語의 뜻을 쓰시오.,去留,去留,,떠남과 머무름,떠남과 머무름,
3급II,91,2020-11-21,147,mean_W,다음 漢字語의 뜻을 쓰시오.,堅固,堅固,,굳고 튼튼함,굳고 튼튼함,
3급II,91,2020-11-21,148,mean_W,다음 漢字語의 뜻을 쓰시오.,送迎,送迎,,보내고 맞음,보내고 맞음,
3급II,91,2020-11-21,149,mean_W,다음 漢字語의 뜻을 쓰시오.,榮轉,榮轉,,높은 지위나 자리로 옮김,높은 지위나 자리로 옮김,
3급II,91,2020-11-21,150,mean_W,다음 漢字語의 뜻을 쓰시오.,悠久,悠久,,길고 오램,길고 오램,
3급II,92,2021-05-15,1,dokeum_W,다음 밑줄 친 漢字語의 讀音을 쓰시오.,朝鮮의 要請에 따라 參戰한 명나라는 壬辰 왜란 7년 중 4년이나 휴전하면서 일본과 祕密스럽게 강화 會談을 進行했다.,朝鮮,,조선,조선,
3급II,92,2021-05-15,2,dokeum_W,다음 밑줄 친 漢字語의 讀音을 쓰시오.,朝鮮의 要請에 따라 參戰한 명나라는 壬辰 왜란 7년 중 4년이나 휴전하면서 일본과 祕密스럽게 강화 會談을 進行했다.,要請,,요청,요청,
3급II,92,2021-05-15,3,dokeum_W,다음 밑줄 친 漢字語의 讀音을 쓰시오.,朝鮮의 要請에 따라 參戰한 명나라는 壬辰 왜란 7년 중 4년이나 휴전하면서 일본과 祕密스럽게 강화 會談을 進行했다.,參戰,,참전,참전,
3급II,92,2021-05-15,4,dokeum_W,다음 밑줄 친 漢字語의 讀音을 쓰시오.,朝鮮의 要請에 따라 參戰한 명나라는 壬辰 왜란 7년 중 4년이나 휴전하면서 일본과 祕密스럽게 강화 會談을 進行했다.,壬辰,,임진,임진,
3급II,92,2021-05-15,5,dokeum_W,다음 밑줄 친 漢字語의 讀音을 쓰시오.,朝鮮의 要請에 따라 參戰한 명나라는 壬辰 왜란 7년 중 4년이나 휴전하면서 일본과 祕密스럽게 강화 會談을 進行했다.,祕密,,비밀,비밀,
3급II,92,2021-05-15,6,dokeum_W,다음 밑줄 친 漢字語의 讀音을 쓰시오.,朝鮮의 要請에 따라 參戰한 명나라는 壬辰 왜란 7년 중 4년이나 휴전하면서 일본과 祕密스럽게 강화 會談을 進行했다.,會談,,회담,회담,
3급II,92,2021-05-15,7,dokeum_W,다음 밑줄 친 漢字語의 讀音을 쓰시오.,朝鮮의 要請에 따라 參戰한 명나라는 壬辰 왜란 7년 중 4년이나 휴전하면서 일본과 祕密스럽게 강화 會談을 進行했다.,進行,,진행,진행,
3급II,92,2021-05-15,8,dokeum_W,다음 밑줄 친 漢字語의 讀音을 쓰시오.,"코로나19의 주요 症狀으로는 발열과 기침, 呼吸 困難 등이 나타나며, 환자에 따라 頭痛, 근육통, 오한 등이 나타나기도 한다.",症狀,,증상,증상,
3급II,92,2021-05-15,9,dokeum_W,다음 밑줄 친 漢字語의 讀音을 쓰시오.,"코로나19의 주요 症狀으로는 발열과 기침, 呼吸 困難 등이 나타나며, 환자에 따라 頭痛, 근육통, 오한 등이 나타나기도 한다.",呼吸,,호흡,호흡,
3급II,92,2021-05-15,10,dokeum_W,다음 밑줄 친 漢字語의 讀音을 쓰시오.,"코로나19의 주요 症狀으로는 발열과 기침, 呼吸 困難 등이 나타나며, 환자에 따라 頭痛, 근육통, 오한 등이 나타나기도 한다.",困難,,곤란,곤란,
3급II,92,2021-05-15,11,dokeum_W,다음 밑줄 친 漢字語의 讀音을 쓰시오.,"코로나19의 주요 症狀으로는 발열과 기침, 呼吸 困難 등이 나타나며, 환자에 따라 頭痛, 근육통, 오한 등이 나타나기도 한다.",頭痛,,두통,두통,
3급II,92,2021-05-15,12,dokeum_W,다음 밑줄 친 漢字語의 讀音을 쓰시오.,健康한 성인은 시간이 지나면 回復될 가능성이 크지만 老弱한 사람이나 基底 疾病이 있는 사람은 치명적일 수 있다.,健康,,건강,건강,
3급II,92,2021-05-15,13,dokeum_W,다음 밑줄 친 漢字語의 讀音을 쓰시오.,健康한 성인은 시간이 지나면 回復될 가능성이 크지만 老弱한 사람이나 基底 疾病이 있는 사람은 치명적일 수 있다.,回復,,회복,회복,
3급II,92,2021-05-15,14,dokeum_W,다음 밑줄 친 漢字語의 讀音을 쓰시오.,健康한 성인은 시간이 지나면 回復될 가능성이 크지만 老弱한 사람이나 基底 疾病이 있는 사람은 치명적일 수 있다.,老弱,,노약,노약,
3급II,92,2021-05-15,15,dokeum_W,다음 밑줄 친 漢字語의 讀音을 쓰시오.,健康한 성인은 시간이 지나면 回復될 가능성이 크지만 老弱한 사람이나 基底 疾病이 있는 사람은 치명적일 수 있다.,基底,,기저,기저,
3급II,92,2021-05-15,16,dokeum_W,다음 밑줄 친 漢字語의 讀音을 쓰시오.,健康한 성인은 시간이 지나면 回復될 가능성이 크지만 老弱한 사람이나 基底 疾病이 있는 사람은 치명적일 수 있다.,疾病,,질병,질병,
3급II,92,2021-05-15,17,dokeum_W,다음 밑줄 친 漢字語의 讀音을 쓰시오.,기업의 책무는 고용을 창출하고 適法한 稅金을 納付하며 기술을 향상시켜 인류에 供獻하는 것이다.,適法,,적법,적법,
3급II,92,2021-05-15,18,dokeum_W,다음 밑줄 친 漢字語의 讀音을 쓰시오.,기업의 책무는 고용을 창출하고 適法한 稅金을 納付하며 기술을 향상시켜 인류에 供獻하는 것이다.,稅金,,세금,세금,
3급II,92,2021-05-15,19,dokeum_W,다음 밑줄 친 漢字語의 讀音을 쓰시오.,기업의 책무는 고용을 창출하고 適法한 稅金을 納付하며 기술을 향상시켜 인류에 供獻하는 것이다.,納付,,납부,납부,
3급II,92,2021-05-15,20,dokeum_W,다음 밑줄 친 漢字語의 讀音을 쓰시오.,기업의 책무는 고용을 창출하고 適法한 稅金을 納付하며 기술을 향상시켜 인류에 供獻하는 것이다.,供獻,,공헌,공헌,
3급II,92,2021-05-15,21,dokeum_W,다음 漢字語의 讀音을 쓰시오.,慰勞,慰勞,,위로,위로,
3급II,92,2021-05-15,22,dokeum_W,다음 漢字語의 讀音을 쓰시오.,補充,補充,,보충,보충,
3급II,92,2021-05-15,23,dokeum_W,다음 漢字語의 讀音을 쓰시오.,象牙,象牙,,상아,상아,
3급II,92,2021-05-15,24,dokeum_W,다음 漢字語의 讀音을 쓰시오.,海岸,海岸,,해안,해안,
3급II,92,2021-05-15,25,dokeum_W,다음 漢字語의 讀音을 쓰시오.,追越,追越,,추월,추월,
3급II,92,2021-05-15,26,dokeum_W,다음 漢字語의 讀音을 쓰시오.,配役,配役,,배역,배역,
3급II,92,2021-05-15,27,dokeum_W,다음 漢字語의 讀音을 쓰시오.,幼兒,幼兒,,유아,유아,
3급II,92,2021-05-15,28,dokeum_W,다음 漢字語의 讀音을 쓰시오.,透徹,透徹,,투철,투철,
3급II,92,2021-05-15,29,dokeum_W,다음 漢字語의 讀音을 쓰시오.,奪取,奪取,,탈취,탈취,
3급II,92,2021-05-15,30,dokeum_W,다음 漢字語의 讀音을 쓰시오.,珠玉,珠玉,,주옥,주옥,
3급II,92,2021-05-15,31,dokeum_W,다음 漢字語의 讀音을 쓰시오.,餘裕,餘裕,,여유,여유,
3급II,92,2021-05-15,32,dokeum_W,다음 漢字語의 讀音을 쓰시오.,麥飯,麥飯,,맥반,맥반,
3급II,92,2021-05-15,33,dokeum_W,다음 漢字語의 讀音을 쓰시오.,墨書,墨書,,묵서,묵서,
3급II,92,2021-05-15,34,dokeum_W,다음 漢字語의 讀音을 쓰시오.,騎兵,騎兵,,기병,기병,
3급II,92,2021-05-15,35,dokeum_W,다음 漢字語의 讀音을 쓰시오.,獲得,獲得,,획득,획득,
3급II,92,2021-05-15,36,dokeum_W,다음 漢字語의 讀音을 쓰시오.,廢止,廢止,,폐지,폐지,
3급II,92,2021-05-15,37,dokeum_W,다음 漢字語의 讀音을 쓰시오.,干拓,干拓,,간척,간척,
3급II,92,2021-05-15,38,dokeum_W,다음 漢字語의 讀音을 쓰시오.,菊花,菊花,,국화,국화,
3급II,92,2021-05-15,39,dokeum_W,다음 漢字語의 讀音을 쓰시오.,習慣,習慣,,습관,습관,
3급II,92,2021-05-15,40,dokeum_W,다음 漢字語의 讀音을 쓰시오.,抗訴,抗訴,,항소,항소,
3급II,92,2021-05-15,41,dokeum_W,다음 漢字語의 讀音을 쓰시오.,容恕,容恕,,용서,용서,
3급II,92,2021-05-15,42,dokeum_W,다음 漢字語의 讀音을 쓰시오.,丹楓,丹楓,,단풍,단풍,
3급II,92,2021-05-15,43,dokeum_W,다음 漢字語의 讀音을 쓰시오.,裁判,裁判,,재판,재판,
3급II,92,2021-05-15,44,dokeum_W,다음 漢字語의 讀音을 쓰시오.,仁慈,仁慈,,인자,인자,
3급II,92,2021-05-15,45,dokeum_W,다음 漢字語의 讀音을 쓰시오.,韻律,韻律,,운율,운율,
3급II,92,2021-05-15,46,hanjaeo_W,다음 밑줄 친 낱말을 漢字(正字)로 쓰시오.,"지난날에는 스승과 제자의 윤리, 즉 사제의 윤리가 하나의 규범을 지녔기 때문에 그것을 이상적인 것으로 미화시켜 인식하려는 경향이 없지 않았다.",사제,,師弟,師弟,
3급II,92,2021-05-15,47,hanjaeo_W,다음 밑줄 친 낱말을 漢字(正字)로 쓰시오.,"지난날에는 스승과 제자의 윤리, 즉 사제의 윤리가 하나의 규범을 지녔기 때문에 그것을 이상적인 것으로 미화시켜 인식하려는 경향이 없지 않았다.",이상,,理想,理想,
3급II,92,2021-05-15,48,hanjaeo_W,다음 밑줄 친 낱말을 漢字(正字)로 쓰시오.,"지난날에는 스승과 제자의 윤리, 즉 사제의 윤리가 하나의 규범을 지녔기 때문에 그것을 이상적인 것으로 미화시켜 인식하려는 경향이 없지 않았다.",인식,,認識,認識,
3급II,92,2021-05-15,49,hanjaeo_W,다음 밑줄 친 낱말을 漢字(正字)로 쓰시오.,민주주의 사회에 알맞은 사제의 새로운 윤리가 제시되지 않았으니 우리도 역시 지난날의 규범을 이상적인 것으로 인식하지 않을 수 없다.,제시,,提示,提示,
3급II,92,2021-05-15,50,hanjaeo_W,다음 밑줄 친 낱말을 漢字(正字)로 쓰시오.,"군주 체제가 없어진 오늘날 군주에 대한 충성이란 윤리관이 존속할 수 없고, 가부장의 왕국인 가족 제도가 허물어진 오늘날 역사 기록이나 전설에 남을 효자 효부를 바랄 수도 없다.",체제,,體制,體制,
3급II,92,2021-05-15,51,hanjaeo_W,다음 밑줄 친 낱말을 漢字(正字)로 쓰시오.,군주 체제가 없어진 오늘날 군주에 대한 충성이란 윤리관이 존속할 수 없고...,충성,,忠誠,忠誠,
3급II,92,2021-05-15,52,hanjaeo_W,다음 밑줄 친 낱말을 漢字(正字)로 쓰시오.,"군주 체제가 없어진 오늘날 군주에 대한 충성이란 윤리관이 존속할 수 없고, 가부장의 왕국인 가족 제도가 허물어진 오늘날...",가족,,家族,家族,
3급II,92,2021-05-15,53,hanjaeo_W,다음 밑줄 친 낱말을 漢字(正字)로 쓰시오.,가부장의 왕국인 가족 제도가 허물어진 오늘날 역사 기록이나 전설에 남을 효자 효부를 바랄 수도 없다.,역사,,歷史,歷史,
3급II,92,2021-05-15,54,hanjaeo_W,다음 밑줄 친 낱말을 漢字(正字)로 쓰시오.,가부장의 왕국인 가족 제도가 허물어진 오늘날 역사 기록이나 전설에 남을 효자 효부를 바랄 수도 없다.,기록,,記錄,記錄,
3급II,92,2021-05-15,55,hanjaeo_W,다음 밑줄 친 낱말을 漢字(正字)로 쓰시오.,그러나 아무리 교육 제도가 달라져도 제자와 스승의 의리만은 변경될 수 없을 것 같다.,교육,,敎育,敎育,
3급II,92,2021-05-15,56,hanjaeo_W,다음 밑줄 친 낱말을 漢字(正字)로 쓰시오.,사람만의 능력이라고 간주되어온 사고와 판단의 영역을 기계가 한 발 한 발 접수해 들어오는 미래는 불가피하다.,사고,,思考,思考,
3급II,92,2021-05-15,57,hanjaeo_W,다음 밑줄 친 낱말을 漢字(正字)로 쓰시오.,사람만의 능력이라고 간주되어온 사고와 판단의 영역을 기계가 한 발 한 발 접수해 들어오는 미래는 불가피하다.,접수,,接受,接受,
3급II,92,2021-05-15,58,hanjaeo_W,다음 밑줄 친 낱말을 漢字(正字)로 쓰시오.,사람만의 능력이라고 간주되어온 사고와 판단의 영역을 기계가 한 발 한 발 접수해 들어오는 미래는 불가피하다.,미래,,未來,未來,
3급II,92,2021-05-15,59,hanjaeo_W,다음 밑줄 친 낱말을 漢字(正字)로 쓰시오.,슈퍼 인공 지능의 출현도 시간 문제로 보인다.,인공,,人工,人工,
3급II,92,2021-05-15,60,hanjaeo_W,다음 밑줄 친 낱말을 漢字(正字)로 쓰시오.,슈퍼 인공 지능의 출현도 시간 문제로 보인다.,출현,,出現,出現,
3급II,92,2021-05-15,61,hanjaeo_W,다음 밑줄 친 낱말을 漢字(正字)로 쓰시오.,슈퍼 인공 지능의 출현도 시간 문제로 보인다.,시간,,時間,時間,
3급II,92,2021-05-15,62,hanjaeo_W,다음 밑줄 친 낱말을 漢字(正字)로 쓰시오.,이 문제는 인공 지능과 자동화 기술의 발달 정도와 업무 영역에 따라 달라질 것이다.,지능,,知能,知能,
3급II,92,2021-05-15,63,hanjaeo_W,다음 밑줄 친 낱말을 漢字(正字)로 쓰시오.,이 문제는 인공 지능과 자동화 기술의 발달 정도와 업무 영역에 따라 달라질 것이다.,기술,,技術,技術,
3급II,92,2021-05-15,64,hanjaeo_W,다음 밑줄 친 낱말을 漢字(正字)로 쓰시오.,이 문제는 인공 지능과 자동화 기술의 발달 정도와 업무 영역에 따라 달라질 것이다.,발달,,發達,發達,
3급II,92,2021-05-15,65,hanjaeo_W,다음 밑줄 친 낱말을 漢字(正字)로 쓰시오.,이 문제는 인공 지능과 자동화 기술의 발달 정도와 업무 영역에 따라 달라질 것이다.,정도,,程度,程度,
3급II,92,2021-05-15,66,hanjaeo_W,다음 밑줄 친 낱말을 漢字(正字)로 쓰시오.,이 문제는 인공 지능과 자동화 기술의 발달 정도와 업무 영역에 따라 달라질 것이다.,업무,,業務,業務,
3급II,92,2021-05-15,67,hanjaeo_W,다음 밑줄 친 낱말을 漢字(正字)로 쓰시오.,"문화란 자연 상태의 사물에 인간의 작용을 가하여, 그것을 변화시키거나 새롭게 창조해 낸 것을 의미한다.",자연,,自然,自然,
3급II,92,2021-05-15,68,hanjaeo_W,다음 밑줄 친 낱말을 漢字(正字)로 쓰시오.,"문화란 자연 상태의 사물에 인간의 작용을 가하여, 그것을 변화시키거나 새롭게 창조해 낸 것을 의미한다.",작용,,作用,作用,
3급II,92,2021-05-15,69,hanjaeo_W,다음 밑줄 친 낱말을 漢字(正字)로 쓰시오.,"문화란 자연 상태의 사물에 인간의 작용을 가하여, 그것을 변화시키거나 새롭게 창조해 낸 것을 의미한다.",변화,,變化,變化,
3급II,92,2021-05-15,70,hanjaeo_W,다음 밑줄 친 낱말을 漢字(正字)로 쓰시오.,"문화란 자연 상태의 사물에 인간의 작용을 가하여, 그것을 변화시키거나 새롭게 창조해 낸 것을 의미한다.",창조,,創造,創造,
3급II,92,2021-05-15,71,hanjaeo_W,다음 밑줄 친 낱말을 漢字(正字)로 쓰시오.,"문화란 자연 상태의 사물에 인간의 작용을 가하여, 그것을 변화시키거나 새롭게 창조해 낸 것을 의미한다.",의미,,意味,意味,
3급II,92,2021-05-15,72,hanjaeo_W,다음 밑줄 친 낱말을 漢字(正字)로 쓰시오.,"넓은 의미의 문화에는 정치나 경제, 법과 제도, 문학과 예술, 도덕, 종교, 풍속 등 인간의 모든 산물이 포함된다.",경제,,經濟,經濟,
3급II,92,2021-05-15,73,hanjaeo_W,다음 밑줄 친 낱말을 漢字(正字)로 쓰시오.,"넓은 의미의 문화에는 정치나 경제, 법과 제도, 문학과 예술, 도덕, 종교, 풍속 등 인간의 모든 산물이 포함된다.",도덕,,道德,道德,
3급II,92,2021-05-15,74,hanjaeo_W,다음 밑줄 친 낱말을 漢字(正字)로 쓰시오.,"넓은 의미의 문화에는 정치나 경제, 법과 제도, 문학과 예술, 도덕, 종교, 풍속 등 인간의 모든 산물이 포함된다.",풍속,,風俗,風俗,
3급II,92,2021-05-15,75,hanjaeo_W,다음 밑줄 친 낱말을 漢字(正字)로 쓰시오.,"넓은 의미의 문화에는 정치나 경제, 법과 제도, 문학과 예술, 도덕, 종교, 풍속 등 인간의 모든 산물이 포함된다.",산물,,産物,産物,
3급II,92,2021-05-15,76,huneum_W,다음 漢字의 訓과 音을 쓰시오.,我,我,,나 아,나 아,
3급II,92,2021-05-15,77,huneum_W,다음 漢字의 訓과 音을 쓰시오.,豫,豫,,미리 예,미리 예,
3급II,92,2021-05-15,78,huneum_W,다음 漢字의 訓과 音을 쓰시오.,薄,薄,,엷을 박,엷을 박,
3급II,92,2021-05-15,79,huneum_W,다음 漢字의 訓과 音을 쓰시오.,凡,凡,,무릇 범,무릇 범,
3급II,92,2021-05-15,80,huneum_W,다음 漢字의 訓과 音을 쓰시오.,針,針,,바늘 침,바늘 침,
3급II,92,2021-05-15,81,huneum_W,다음 漢字의 訓과 音을 쓰시오.,陶,陶,,질그릇 도,질그릇 도,
3급II,92,2021-05-15,82,huneum_W,다음 漢字의 訓과 音을 쓰시오.,臺,臺,,대 대,대 대,
3급II,92,2021-05-15,83,huneum_W,다음 漢字의 訓과 音을 쓰시오.,姑,姑,,시어미 고,시어미 고,
3급II,92,2021-05-15,84,huneum_W,다음 漢字의 訓과 音을 쓰시오.,谷,谷,,골 곡,골 곡,
3급II,92,2021-05-15,85,huneum_W,다음 漢字의 訓과 音을 쓰시오.,沙,沙,,모래 사,모래 사,
3급II,92,2021-05-15,86,huneum_W,다음 漢字의 訓과 音을 쓰시오.,釋,釋,,풀 석,풀 석,
3급II,92,2021-05-15,87,huneum_W,다음 漢字의 訓과 音을 쓰시오.,綿,綿,,솜 면,솜 면,
3급II,92,2021-05-15,88,huneum_W,다음 漢字의 訓과 音을 쓰시오.,顔,顔,,낯 안,낯 안,
3급II,92,2021-05-15,89,huneum_W,다음 漢字의 訓과 音을 쓰시오.,就,就,,나아갈 취,나아갈 취,
3급II,92,2021-05-15,90,huneum_W,다음 漢字의 訓과 音을 쓰시오.,橫,橫,,가로 횡,가로 횡,
3급II,92,2021-05-15,91,huneum_W,다음 漢字의 訓과 音을 쓰시오.,泥,泥,,진흙 니,진흙 니,
3급II,92,2021-05-15,92,huneum_W,다음 漢字의 訓과 音을 쓰시오.,泰,泰,,클 태,클 태,
3급II,92,2021-05-15,93,huneum_W,다음 漢字의 訓과 音을 쓰시오.,職,職,,직분 직,직분 직,
3급II,92,2021-05-15,94,huneum_W,다음 漢字의 訓과 音을 쓰시오.,影,影,,그림자 영,그림자 영,
3급II,92,2021-05-15,95,huneum_W,다음 漢字의 訓과 音을 쓰시오.,株,株,,그루 주,그루 주,
3급II,92,2021-05-15,96,huneum_W,다음 漢字의 訓과 音을 쓰시오.,贊,贊,,도울 찬,도울 찬,
3급II,92,2021-05-15,97,huneum_W,다음 漢字의 訓과 音을 쓰시오.,聽,聽,,들을 청,들을 청,
3급II,92,2021-05-15,98,huneum_W,다음 漢字의 訓과 音을 쓰시오.,久,久,,오랠 구,오랠 구,
3급II,92,2021-05-15,99,huneum_W,다음 漢字의 訓과 音을 쓰시오.,倫,倫,,인륜 륜,인륜 륜,
3급II,92,2021-05-15,100,huneum_W,다음 漢字의 訓과 音을 쓰시오.,夢,夢,,꿈 몽,꿈 몽,
3급II,92,2021-05-15,101,huneum_W,다음 漢字의 訓과 音을 쓰시오.,伯,伯,,맏 백,맏 백,
3급II,92,2021-05-15,102,huneum_W,다음 漢字의 訓과 音을 쓰시오.,寂,寂,,고요할 적,고요할 적,
3급II,92,2021-05-15,103,jangeum_S,다음 漢字語 중 첫 음절이 길게 발음되는 것의 번호를 쓰시오.,,,"[""① 元祖"", ""② 援助""]",②,② 援助,
3급II,92,2021-05-15,104,jangeum_S,다음 漢字語 중 첫 음절이 길게 발음되는 것의 번호를 쓰시오.,,,"[""① 感謝"", ""② 監査""]",①,① 感謝,
3급II,92,2021-05-15,105,jangeum_S,다음 漢字語 중 첫 음절이 길게 발음되는 것의 번호를 쓰시오.,,,"[""① 聯政"", ""② 戀情""]",②,② 戀情,
3급II,92,2021-05-15,106,jangeum_S,다음 漢字語 중 첫 음절이 길게 발음되는 것의 번호를 쓰시오.,,,"[""① 下手"", ""② 河水""]",①,① 下手,
3급II,92,2021-05-15,107,jangeum_S,다음 漢字語 중 첫 음절이 길게 발음되는 것의 번호를 쓰시오.,,,"[""① 富者"", ""② 父子""]",①,① 富者,
3급II,92,2021-05-15,108,yui_W,다음 (       ) 안에 비슷한 뜻을 가진 漢字(正字)를 써넣어 널리 쓰이는 단어를 완성하시오.,(    )爭,( )爭,,競/戰,競/戰,
3급II,92,2021-05-15,109,yui_W,다음 (       ) 안에 비슷한 뜻을 가진 漢字(正字)를 써넣어 널리 쓰이는 단어를 완성하시오.,始(    ),始( ),,初,初,
3급II,92,2021-05-15,110,yui_W,다음 (       ) 안에 비슷한 뜻을 가진 漢字(正字)를 써넣어 널리 쓰이는 단어를 완성하시오.,(    )哀,( )哀,,悲,悲,
3급II,92,2021-05-15,111,yui_W,다음 (       ) 안에 비슷한 뜻을 가진 漢字(正字)를 써넣어 널리 쓰이는 단어를 완성하시오.,居(    ),居( ),,住,住,
3급II,92,2021-05-15,112,yui_W,다음 (       ) 안에 비슷한 뜻을 가진 漢字(正字)를 써넣어 널리 쓰이는 단어를 완성하시오.,壽(    ),壽( ),,命,命,
3급II,92,2021-05-15,113,banui_W,다음 (       ) 안에 뜻이 反對 또는 相對되는 漢字(正字)를 써넣어 단어를 만드시오.,增 ↔ ( ),增( ),,減,減,
3급II,92,2021-05-15,114,banui_W,다음 (       ) 안에 뜻이 反對 또는 相對되는 漢字(正字)를 써넣어 단어를 만드시오.,勝 ↔ ( ),勝( ),,敗(負),敗(負),
3급II,92,2021-05-15,115,banui_W,다음 (       ) 안에 뜻이 反對 또는 相對되는 漢字(正字)를 써넣어 단어를 만드시오.,有 ↔ ( ),有( ),,無,無,
3급II,92,2021-05-15,116,banui_W,다음 (       ) 안에 뜻이 反對 또는 相對되는 漢字(正字)를 써넣어 단어를 만드시오.,溫 ↔ ( ),溫( ),,冷,冷,
3급II,92,2021-05-15,117,banui_W,다음 (       ) 안에 뜻이 反對 또는 相對되는 漢字(正字)를 써넣어 단어를 만드시오.,夫 ↔ ( ),夫( ),,婦,婦,
3급II,92,2021-05-15,118,banuieo_W,다음 漢字語의 反對語 또는 相對語를 漢字(正字)로 쓰시오.,脫退,脫退,,加入,加入,
3급II,92,2021-05-15,119,banuieo_W,다음 漢字語의 反對語 또는 相對語를 漢字(正字)로 쓰시오.,外延,外延,,內包,內包,
3급II,92,2021-05-15,120,banuieo_W,다음 漢字語의 反對語 또는 相對語를 漢字(正字)로 쓰시오.,迎新,迎新,,送舊,送舊,
3급II,92,2021-05-15,121,banuieo_W,다음 漢字語의 反對語 또는 相對語를 漢字(正字)로 쓰시오.,差別,差別,,平等,平等,
3급II,92,2021-05-15,122,banuieo_W,다음 漢字語의 反對語 또는 相對語를 漢字(正字)로 쓰시오.,閉鎖,閉鎖,,開放,開放,
3급II,92,2021-05-15,123,dongeumeo_W,다음 漢字語의 同音異義語를 제시한 뜻에 맞는 漢字(正字)로 쓰시오.,詩碑 - (     ) 옳음과 그름.,詩碑,,是非,是非,
3급II,92,2021-05-15,124,dongeumeo_W,다음 漢字語의 同音異義語를 제시한 뜻에 맞는 漢字(正字)로 쓰시오.,毒酒 - (     ) 혼자서 뜀.,毒酒,,獨走,獨走,
3급II,92,2021-05-15,125,dongeumeo_W,다음 漢字語의 同音異義語를 제시한 뜻에 맞는 漢字(正字)로 쓰시오.,訪韓 - (     ) 추위를 막음.,訪韓,,防寒,防寒,
3급II,92,2021-05-15,126,dongeumeo_W,다음 漢字語의 同音異義語를 제시한 뜻에 맞는 漢字(正字)로 쓰시오.,熱講 - (     ) 여러 강한 나라들.,熱講,,列強,列強,
3급II,92,2021-05-15,127,dongeumeo_W,다음 漢字語의 同音異義語를 제시한 뜻에 맞는 漢字(正字)로 쓰시오.,架設 - (     ) 어떤 사실을 설명하려고 설정한 가정.,架設,,假說,假說,
3급II,92,2021-05-15,128,seongeo_W,다음 (       ) 안에 알맞은 漢字(正字)를 써넣어 사자성어를 완성하시오.,一(    )揮之 : 한숨에 글씨나 그림을 죽 쓰거나 그림.,一( )揮之,,筆,筆,
3급II,92,2021-05-15,129,seongeo_W,다음 (       ) 안에 알맞은 漢字(正字)를 써넣어 사자성어를 완성하시오.,勿失( )機 : 좋은 기회를 놓치지 않음.,勿失( )機,,好,好,
3급II,92,2021-05-15,130,seongeo_W,다음 (       ) 안에 알맞은 漢字(正字)를 써넣어 사자성어를 완성하시오.,(    )耕夜讀 : 낮에는 일 하고 밤에는 책을 읽음.,( )耕夜讀,,晝,晝,
3급II,92,2021-05-15,131,seongeo_W,다음 (       ) 안에 알맞은 漢字(正字)를 써넣어 사자성어를 완성하시오.,改過遷(     ) : 잘못을 고치고 착하게 됨.,改過遷( ),,善,善,
3급II,92,2021-05-15,132,seongeo_W,다음 (       ) 안에 알맞은 漢字(正字)를 써넣어 사자성어를 완성하시오.,(    )擧妄動 : 깊이 생각하지 않고 경솔하게 행동함.,( )擧妄動,,輕,輕,
3급II,92,2021-05-15,133,seongeo_W,다음 (       ) 안에 알맞은 漢字(正字)를 써넣어 사자성어를 완성하시오.,大(   )晩成 : 큰 그릇을 만드는 데는 시간이 많이 걸림.,大( )晩成,,器,器,
3급II,92,2021-05-15,134,seongeo_W,다음 (       ) 안에 알맞은 漢字(正字)를 써넣어 사자성어를 완성하시오.,優柔不(   ) : 어물어물하며 딱 잘라 결단을 내리지 못 함.,優柔不( ),,斷,斷,
3급II,92,2021-05-15,135,seongeo_W,다음 (       ) 안에 알맞은 漢字(正字)를 써넣어 사자성어를 완성하시오.,賢母( )妻 : 어진 어머니이면서 착한 아내.,賢母( )妻,,良,良,
3급II,92,2021-05-15,136,seongeo_W,다음 (       ) 안에 알맞은 漢字(正字)를 써넣어 사자성어를 완성하시오.,轉禍爲(   ) : 화가 바뀌어 복이 됨.,轉禍爲( ),,福,福,
3급II,92,2021-05-15,137,seongeo_W,다음 (       ) 안에 알맞은 漢字(正字)를 써넣어 사자성어를 완성하시오.,名(   )相符 : 명목과 실상이 서로 부합함.,名( )相符,,實,實,
3급II,92,2021-05-15,138,busu_W,다음 漢字의 部首를 쓰시오.,雙,雙,,隹,隹,
3급II,92,2021-05-15,139,busu_W,다음 漢字의 部首를 쓰시오.,暫,暫,,日,日,
3급II,92,2021-05-15,140,busu_W,다음 漢字의 部首를 쓰시오.,換,換,,手,手,
3급II,92,2021-05-15,141,busu_W,다음 漢字의 部首를 쓰시오.,克,克,,儿,儿,
3급II,92,2021-05-15,142,busu_W,다음 漢字의 部首를 쓰시오.,吏,吏,,口,口,
3급II,92,2021-05-15,143,yakja_W,다음 漢字의 略字를 쓰시오.,聲,聲,,声,声,
3급II,92,2021-05-15,144,yakja_W,다음 漢字의 略字를 쓰시오.,賣,賣,,売,売,
3급II,92,2021-05-15,145,yakja_W,다음 漢字의 略字를 쓰시오.,齒,齒,,歯,歯,
3급II,92,2021-05-15,146,mean_W,다음 漢字語의 뜻을 쓰시오.,粉乳,粉乳,,가루우유,가루우유,
3급II,92,2021-05-15,147,mean_W,다음 漢字語의 뜻을 쓰시오.,礎石,礎石,,주춧돌,주춧돌,
3급II,92,2021-05-15,148,mean_W,다음 漢字語의 뜻을 쓰시오.,畜舍,畜舍,,가축 기르는 건물,가축 기르는 건물,
3급II,92,2021-05-15,149,mean_W,다음 漢字語의 뜻을 쓰시오.,鹽分,鹽分,,소금기,소금기,
3급II,92,2021-05-15,150,mean_W,다음 漢字語의 뜻을 쓰시오.,稀少,稀少,,(매우)드물고 적음,(매우)드물고 적음,
3급II,93,2021-07-10,1,dokeum_W,다음 문장에서 밑줄 친 漢字語의 讀音을 쓰시오.,국군은 악전 苦鬪 끝에 고지를 奪還했다.,苦鬪,,고투,고투,
3급II,93,2021-07-10,2,dokeum_W,다음 문장에서 밑줄 친 漢字語의 讀音을 쓰시오.,국군은 악전 苦鬪 끝에 고지를 奪還했다.,奪還,,탈환,탈환,
3급II,93,2021-07-10,3,dokeum_W,다음 문장에서 밑줄 친 漢字語의 讀音을 쓰시오.,그는 透徹한 사명 意識으로 사업에 도전했다.,透徹,,투철,투철,
3급II,93,2021-07-10,4,dokeum_W,다음 문장에서 밑줄 친 漢字語의 讀音을 쓰시오.,그는 透徹한 사명 意識으로 사업에 도전했다.,意識,,의식,의식,
3급II,93,2021-07-10,5,dokeum_W,다음 문장에서 밑줄 친 漢字語의 讀音을 쓰시오.,봄철 방송 改編에 따라 프로그램들이 신설 또는 脫落하였다.,改編,,개편,개편,
3급II,93,2021-07-10,6,dokeum_W,다음 문장에서 밑줄 친 漢字語의 讀音을 쓰시오.,봄철 방송 改編에 따라 프로그램들이 신설 또는 脫落하였다.,脫落,,탈락,탈락,
3급II,93,2021-07-10,7,dokeum_W,다음 문장에서 밑줄 친 漢字語의 讀音을 쓰시오.,온종일 일에 시달린 그는 疲弊한 몸으로 歸家한 후 오랜 시간 就寢을 했다.,疲弊,,피폐,피폐,
3급II,93,2021-07-10,8,dokeum_W,다음 문장에서 밑줄 친 漢字語의 讀音을 쓰시오.,온종일 일에 시달린 그는 疲弊한 몸으로 歸家한 후 오랜 시간 就寢을 했다.,歸家,,귀가,귀가,
3급II,93,2021-07-10,9,dokeum_W,다음 문장에서 밑줄 친 漢字語의 讀音을 쓰시오.,온종일 일에 시달린 그는 疲弊한 몸으로 歸家한 후 오랜 시간 就寢을 했다.,就寢,,취침,취침,
3급II,93,2021-07-10,10,dokeum_W,다음 문장에서 밑줄 친 漢字語의 讀音을 쓰시오.,외국과 상거래하며 租稅를 納付한다.,租稅,,조세,조세,
3급II,93,2021-07-10,11,dokeum_W,다음 문장에서 밑줄 친 漢字語의 讀音을 쓰시오.,외국과 상거래하며 租稅를 納付한다.,納付,,납부,납부,
3급II,93,2021-07-10,12,dokeum_W,다음 문장에서 밑줄 친 漢字語의 讀音을 쓰시오.,전기를 많이 사용하면 割增 요금을 賦課한다.,割增,,할증,할증,
3급II,93,2021-07-10,13,dokeum_W,다음 문장에서 밑줄 친 漢字語의 讀音을 쓰시오.,전기를 많이 사용하면 割增 요금을 賦課한다.,賦課,,부과,부과,
3급II,93,2021-07-10,14,dokeum_W,다음 문장에서 밑줄 친 漢字語의 讀音을 쓰시오.,그는 직장 동료의 影響으로 奮發하여 승진했다.,影響,,영향,영향,
3급II,93,2021-07-10,15,dokeum_W,다음 문장에서 밑줄 친 漢字語의 讀音을 쓰시오.,그는 직장 동료의 影響으로 奮發하여 승진했다.,奮發,,분발,분발,
3급II,93,2021-07-10,16,dokeum_W,다음 문장에서 밑줄 친 漢字語의 讀音을 쓰시오.,나의 懸案 문제를 熟考 끝에 마무리 지었다.,懸案,,현안,현안,
3급II,93,2021-07-10,17,dokeum_W,다음 문장에서 밑줄 친 漢字語의 讀音을 쓰시오.,나의 懸案 문제를 熟考 끝에 마무리 지었다.,熟考,,숙고,숙고,
3급II,93,2021-07-10,18,dokeum_W,다음 문장에서 밑줄 친 漢字語의 讀音을 쓰시오.,적의 威脅에 맞서기 위해 강군을 육성해야 한다.,威脅,,위협,위협,
3급II,93,2021-07-10,19,dokeum_W,다음 문장에서 밑줄 친 漢字語의 讀音을 쓰시오.,오랜만에 고향에 오니 感懷가 새롭다.,感懷,,감회,감회,
3급II,93,2021-07-10,20,dokeum_W,다음 문장에서 밑줄 친 漢字語의 讀音을 쓰시오.,그는 소원을 懇求하며 기도했다.,懇求,,간구,간구,
3급II,93,2021-07-10,21,dokeum_W,다음 漢字語의 讀音을 쓰시오.,默契,默契,,묵계,묵계,
3급II,93,2021-07-10,22,dokeum_W,다음 漢字語의 讀音을 쓰시오.,媒介,媒介,,매개,매개,
3급II,93,2021-07-10,23,dokeum_W,다음 漢字語의 讀音을 쓰시오.,景槪,景槪,,경개,경개,
3급II,93,2021-07-10,24,dokeum_W,다음 漢字語의 讀音을 쓰시오.,剛斷,剛斷,,강단,강단,
3급II,93,2021-07-10,25,dokeum_W,다음 漢字語의 讀音을 쓰시오.,鼓吹,鼓吹,,고취,고취,
3급II,93,2021-07-10,26,dokeum_W,다음 漢字語의 讀音을 쓰시오.,哭聲,哭聲,,곡성,곡성,
3급II,93,2021-07-10,27,dokeum_W,다음 漢字語의 讀音을 쓰시오.,米穀,米穀,,미곡,미곡,
3급II,93,2021-07-10,28,dokeum_W,다음 漢字語의 讀音을 쓰시오.,寬待,寬待,,관대,관대,
3급II,93,2021-07-10,29,dokeum_W,다음 漢字語의 讀音을 쓰시오.,滅菌,滅菌,,멸균,멸균,
3급II,93,2021-07-10,30,dokeum_W,다음 漢字語의 讀音을 쓰시오.,應諾,應諾,,응낙,응낙,
3급II,93,2021-07-10,31,dokeum_W,다음 漢字語의 讀音을 쓰시오.,腦裏,腦裏,,뇌리,뇌리,
3급II,93,2021-07-10,32,dokeum_W,다음 漢字語의 讀音을 쓰시오.,渡河,渡河,,도하,도하,
3급II,93,2021-07-10,33,dokeum_W,다음 漢字語의 讀音을 쓰시오.,督勵,督勵,,독려,독려,
3급II,93,2021-07-10,34,dokeum_W,다음 漢字語의 讀音을 쓰시오.,爐邊,爐邊,,노변,노변,
3급II,93,2021-07-10,35,dokeum_W,다음 漢字語의 讀音을 쓰시오.,戲弄,戲弄,,희롱,희롱,
3급II,93,2021-07-10,36,dokeum_W,다음 漢字語의 讀音을 쓰시오.,隆崇,隆崇,,융숭,융숭,
3급II,93,2021-07-10,37,dokeum_W,다음 漢字語의 讀音을 쓰시오.,麥酒,麥酒,,맥주,맥주,
3급II,93,2021-07-10,38,dokeum_W,다음 漢字語의 讀音을 쓰시오.,綿密,綿密,,면밀,면밀,
3급II,93,2021-07-10,39,dokeum_W,다음 漢字語의 讀音을 쓰시오.,戀慕,戀慕,,연모,연모,
3급II,93,2021-07-10,40,dokeum_W,다음 漢字語의 讀音을 쓰시오.,浮沈,浮沈,,부침,부침,
3급II,93,2021-07-10,41,dokeum_W,다음 漢字語의 讀音을 쓰시오.,喪失,喪失,,상실,상실,
3급II,93,2021-07-10,42,dokeum_W,다음 漢字語의 讀音을 쓰시오.,濕潤,濕潤,,습윤,습윤,
3급II,93,2021-07-10,43,dokeum_W,다음 漢字語의 讀音을 쓰시오.,悠久,悠久,,유구,유구,
3급II,93,2021-07-10,44,dokeum_W,다음 漢字語의 讀音을 쓰시오.,靜寂,靜寂,,정적,정적,
3급II,93,2021-07-10,45,dokeum_W,다음 漢字語의 讀音을 쓰시오.,啓蒙,啓蒙,,계몽,계몽,
3급II,93,2021-07-10,46,huneum_W,다음 漢字의 訓과 音을 쓰시오.,雅,雅,,맑을 아,맑을 아,
3급II,93,2021-07-10,47,huneum_W,다음 漢字의 訓과 音을 쓰시오.,暫,暫,,잠깐 잠,잠깐 잠,
3급II,93,2021-07-10,48,huneum_W,다음 漢字의 訓과 音을 쓰시오.,役,役,,부릴 역,부릴 역,
3급II,93,2021-07-10,49,huneum_W,다음 漢字의 訓과 音을 쓰시오.,頂,頂,,정수리 정,정수리 정,
3급II,93,2021-07-10,50,huneum_W,다음 漢字의 訓과 音을 쓰시오.,憎,憎,,미울 증,미울 증,
3급II,93,2021-07-10,51,huneum_W,다음 漢字의 訓과 音을 쓰시오.,倉,倉,,곳집 창,곳집 창,
3급II,93,2021-07-10,52,huneum_W,다음 漢字의 訓과 音을 쓰시오.,値,値,,값 치,값 치,
3급II,93,2021-07-10,53,huneum_W,다음 漢字의 訓과 音을 쓰시오.,吐,吐,,토할 토,토할 토,
3급II,93,2021-07-10,54,huneum_W,다음 漢字의 訓과 音을 쓰시오.,被,被,,입을 피,입을 피,
3급II,93,2021-07-10,55,huneum_W,다음 漢字의 訓과 音을 쓰시오.,畢,畢,,마칠 필,마칠 필,
3급II,93,2021-07-10,56,huneum_W,다음 漢字의 訓과 音을 쓰시오.,何,何,,어찌 하,어찌 하,
3급II,93,2021-07-10,57,huneum_W,다음 漢字의 訓과 音을 쓰시오.,佳,佳,,아름다울 가,아름다울 가,
3급II,93,2021-07-10,58,huneum_W,다음 漢字의 訓과 音을 쓰시오.,項,項,,항목 항,항목 항,
3급II,93,2021-07-10,59,huneum_W,다음 漢字의 訓과 音을 쓰시오.,幹,幹,,줄기 간,줄기 간,
3급II,93,2021-07-10,60,huneum_W,다음 漢字의 訓과 音을 쓰시오.,兼,兼,,겸할 겸,겸할 겸,
3급II,93,2021-07-10,61,huneum_W,다음 漢字의 訓과 音을 쓰시오.,禽,禽,,새 금,새 금,
3급II,93,2021-07-10,62,huneum_W,다음 漢字의 訓과 音을 쓰시오.,旦,旦,,아침 단,아침 단,
3급II,93,2021-07-10,63,huneum_W,다음 漢字의 訓과 音을 쓰시오.,途,途,,길 도,길 도,
3급II,93,2021-07-10,64,huneum_W,다음 漢字의 訓과 音을 쓰시오.,凍,凍,,얼 동,얼 동,
3급II,93,2021-07-10,65,huneum_W,다음 漢字의 訓과 音을 쓰시오.,穴,穴,,굴 혈,굴 혈,
3급II,93,2021-07-10,66,huneum_W,다음 漢字의 訓과 音을 쓰시오.,祿,祿,,녹 록,녹 록,
3급II,93,2021-07-10,67,huneum_W,다음 漢字의 訓과 音을 쓰시오.,晩,晩,,늦을 만,늦을 만,
3급II,93,2021-07-10,68,huneum_W,다음 漢字의 訓과 音을 쓰시오.,盤,盤,,소반 반,소반 반,
3급II,93,2021-07-10,69,huneum_W,다음 漢字의 訓과 音을 쓰시오.,削,削,,깎을 삭,깎을 삭,
3급II,93,2021-07-10,70,huneum_W,다음 漢字의 訓과 音을 쓰시오.,汗,汗,,땀 한,땀 한,
3급II,93,2021-07-10,71,huneum_W,다음 漢字의 訓과 音을 쓰시오.,蒼,蒼,,푸를 창,푸를 창,
3급II,93,2021-07-10,72,huneum_W,다음 漢字의 訓과 音을 쓰시오.,仰,仰,,우러를 앙,우러를 앙,
3급II,93,2021-07-10,73,jangeum_S,다음 중 첫음절이 長音으로 발음되는 것을 고르시오.,,,"[""① 但書"", ""② 端緖""]",①,① 但書,
3급II,93,2021-07-10,74,jangeum_S,다음 중 첫음절이 長音으로 발음되는 것을 고르시오.,,,"[""① 都請"", ""② 道廳""]",②,② 道廳,
3급II,93,2021-07-10,75,jangeum_S,다음 중 첫음절이 長音으로 발음되는 것을 고르시오.,,,"[""① 限量"", ""② 寒涼""]",①,① 限量,
3급II,93,2021-07-10,76,jangeum_S,다음 중 첫음절이 長音으로 발음되는 것을 고르시오.,,,"[""① 統將"", ""② 通帳""]",①,① 統將,
3급II,93,2021-07-10,77,jangeum_S,다음 중 첫음절이 長音으로 발음되는 것을 고르시오.,,,"[""① 奴子"", ""② 路資""]",②,② 路資,
3급II,93,2021-07-10,78,hanjaeo_W,다음 문장에서 밑줄 친 漢字語를 漢字(正字)로 쓰시오.,그는 입사 시험에서 차석으로 합격하는 영광을 누렸다.,차석,,次席,次席,
3급II,93,2021-07-10,79,hanjaeo_W,다음 문장에서 밑줄 친 漢字語를 漢字(正字)로 쓰시오.,그는 입사 시험에서 차석으로 합격하는 영광을 누렸다.,합격,,合格,合格,
3급II,93,2021-07-10,80,hanjaeo_W,다음 문장에서 밑줄 친 漢字語를 漢字(正字)로 쓰시오.,그는 입사 시험에서 차석으로 합격하는 영광을 누렸다.,영광,,榮光,榮光,
3급II,93,2021-07-10,81,hanjaeo_W,다음 문장에서 밑줄 친 漢字語를 漢字(正字)로 쓰시오.,회사 직원에 대한 감찰을 한 후 책임을 지게 했다.,직원,,職員,職員,
3급II,93,2021-07-10,82,hanjaeo_W,다음 문장에서 밑줄 친 漢字語를 漢字(正字)로 쓰시오.,회사 직원에 대한 감찰을 한 후 책임을 지게 했다.,감찰,,監察,監察,
3급II,93,2021-07-10,83,hanjaeo_W,다음 문장에서 밑줄 친 漢字語를 漢字(正字)로 쓰시오.,회사 직원에 대한 감찰을 한 후 책임을 지게 했다.,책임,,責任,責任,
3급II,93,2021-07-10,84,hanjaeo_W,다음 문장에서 밑줄 친 漢字語를 漢字(正字)로 쓰시오.,그는 난처한 일은 뒤로 미루고 쉬운 일부터 해결했다.,난처,,難處,難處,
3급II,93,2021-07-10,85,hanjaeo_W,다음 문장에서 밑줄 친 漢字語를 漢字(正字)로 쓰시오.,그는 난처한 일은 뒤로 미루고 쉬운 일부터 해결했다.,해결,,解決,解決,
3급II,93,2021-07-10,86,hanjaeo_W,다음 문장에서 밑줄 친 漢字語를 漢字(正字)로 쓰시오.,저축은 불확실한 미래를 보장해 준다.,저축,,貯蓄,貯蓄,
3급II,93,2021-07-10,87,hanjaeo_W,다음 문장에서 밑줄 친 漢字語를 漢字(正字)로 쓰시오.,저축은 불확실한 미래를 보장해 준다.,미래,,未來,未來,
3급II,93,2021-07-10,88,hanjaeo_W,다음 문장에서 밑줄 친 漢字語를 漢字(正字)로 쓰시오.,저축은 불확실한 미래를 보장해 준다.,보장,,保障,保障,
3급II,93,2021-07-10,89,hanjaeo_W,다음 문장에서 밑줄 친 漢字語를 漢字(正字)로 쓰시오.,공원에서 불법으로 식물을 취득하는 것은 금한다.,공원,,公園,公園,
3급II,93,2021-07-10,90,hanjaeo_W,다음 문장에서 밑줄 친 漢字語를 漢字(正字)로 쓰시오.,공원에서 불법으로 식물을 취득하는 것은 금한다.,불법,,不法,不法,
3급II,93,2021-07-10,91,hanjaeo_W,다음 문장에서 밑줄 친 漢字語를 漢字(正字)로 쓰시오.,공원에서 불법으로 식물을 취득하는 것은 금한다.,취득,,取得,取得,
3급II,93,2021-07-10,92,hanjaeo_W,다음 문장에서 밑줄 친 漢字語를 漢字(正字)로 쓰시오.,대타 전략을 쓴 감독의 예상은 적중하여 야구 경기의 흐름을 바꾸어 놓았다.,대타,,代打,代打,
3급II,93,2021-07-10,93,hanjaeo_W,다음 문장에서 밑줄 친 漢字語를 漢字(正字)로 쓰시오.,대타 전략을 쓴 감독의 예상은 적중하여 야구 경기의 흐름을 바꾸어 놓았다.,적중,,的中,的中,
3급II,93,2021-07-10,94,hanjaeo_W,다음 문장에서 밑줄 친 漢字語를 漢字(正字)로 쓰시오.,대타 전략을 쓴 감독의 예상은 적중하여 야구 경기의 흐름을 바꾸어 놓았다.,경기,,競技,競技,
3급II,93,2021-07-10,95,hanjaeo_W,다음 문장에서 밑줄 친 漢字語를 漢字(正字)로 쓰시오.,술을 과음하면 건강을 해친다.,과음,,過飮,過飮,
3급II,93,2021-07-10,96,hanjaeo_W,다음 문장에서 밑줄 친 漢字語를 漢字(正字)로 쓰시오.,술을 과음하면 건강을 해친다.,건강,,健康,健康,
3급II,93,2021-07-10,97,hanjaeo_W,다음 문장에서 밑줄 친 漢字語를 漢字(正字)로 쓰시오.,김 회장은 문화 재단을 설립하여 사회에 기여했다.,재단,,財團,財團,
3급II,93,2021-07-10,98,hanjaeo_W,다음 문장에서 밑줄 친 漢字語를 漢字(正字)로 쓰시오.,김 회장은 문화 재단을 설립하여 사회에 기여했다.,설립,,設立,設立,
3급II,93,2021-07-10,99,hanjaeo_W,다음 문장에서 밑줄 친 漢字語를 漢字(正字)로 쓰시오.,배달원은 주문한 상품을 전달하였다.,상품,,商品,商品,
3급II,93,2021-07-10,100,hanjaeo_W,다음 문장에서 밑줄 친 漢字語를 漢字(正字)로 쓰시오.,배달원은 주문한 상품을 전달하였다.,전달,,傳達,傳達,
3급II,93,2021-07-10,101,hanjaeo_W,다음 문장에서 밑줄 친 漢字語를 漢字(正字)로 쓰시오.,그는 군을 제대한 후 회사 업무에 복귀했다.,제대,,除隊,除隊,
3급II,93,2021-07-10,102,hanjaeo_W,다음 문장에서 밑줄 친 漢字語를 漢字(正字)로 쓰시오.,그는 군을 제대한 후 회사 업무에 복귀했다.,업무,,業務,業務,
3급II,93,2021-07-10,103,hanjaeo_W,다음 문장에서 밑줄 친 漢字語를 漢字(正字)로 쓰시오.,목표 달성을 위해서는 올바른 지도가 필요하다.,지도,,指導,指導,
3급II,93,2021-07-10,104,hanjaeo_W,다음 문장에서 밑줄 친 漢字語를 漢字(正字)로 쓰시오.,목표 달성을 위해서는 올바른 지도가 필요하다.,필요,,必要,必要,
3급II,93,2021-07-10,105,hanjaeo_W,다음 문장에서 밑줄 친 漢字語를 漢字(正字)로 쓰시오.,나는 집에서 녹화 방송을 시청했다.,녹화,,錄畫,錄畫,
3급II,93,2021-07-10,106,hanjaeo_W,다음 문장에서 밑줄 친 漢字語를 漢字(正字)로 쓰시오.,나는 집에서 녹화 방송을 시청했다.,방송,,放送,放送,
3급II,93,2021-07-10,107,hanjaeo_W,다음 문장에서 밑줄 친 漢字語를 漢字(正字)로 쓰시오.,정원에는 꽃들이 만개하여 화사하다.,만개,,滿開,滿開,
3급II,93,2021-07-10,108,yui_W,다음 漢字와 비슷한 뜻을 가진 漢字(正字)를 (            ) 안에 써서 문장에 적합한 漢字語가 되게 하시오.,그는 淨(     )한 마음으로 평생을 살았다.,淨( ),,潔,潔,
3급II,93,2021-07-10,109,yui_W,다음 漢字와 비슷한 뜻을 가진 漢字(正字)를 (            ) 안에 써서 문장에 적합한 漢字語가 되게 하시오.,사회가 각박해지면서 憤(               ) 조절이 안 되는 사람이 많아졌다.,憤( ),,怒,怒,
3급II,93,2021-07-10,110,yui_W,다음 漢字와 비슷한 뜻을 가진 漢字(正字)를 (            ) 안에 써서 문장에 적합한 漢字語가 되게 하시오.,상점에는 많은 상품이 具(              ) 되어 있다.,具( ),,備,備,
3급II,93,2021-07-10,111,yui_W,다음 漢字와 비슷한 뜻을 가진 漢字(正字)를 (            ) 안에 써서 문장에 적합한 漢字語가 되게 하시오.,회원에게 (       )絡하여 긴급히 소집했다.,( )絡,,連,連,
3급II,93,2021-07-10,112,yui_W,다음 漢字와 비슷한 뜻을 가진 漢字(正字)를 (            ) 안에 써서 문장에 적합한 漢字語가 되게 하시오.,왕이 승하하여 세자가 왕위를 (   )繼했다.,( )繼,,承,承,
3급II,93,2021-07-10,113,banui_W,다음 漢字와 뜻이 反對 또는 相對되는 漢字(正字)를 써서 漢字語를 완성하시오.,지진으로 여러 곳에서 (        )陷이 발생해 피해가 컸다.,( )陷,,起,起,
3급II,93,2021-07-10,114,banui_W,다음 漢字와 뜻이 反對 또는 相對되는 漢字(正字)를 써서 漢字語를 완성하시오.,성수기에 상품 需(        )에 차질이 없도록 대비한다.,需( ),,給,給,
3급II,93,2021-07-10,115,banui_W,다음 漢字와 뜻이 反對 또는 相對되는 漢字(正字)를 써서 漢字語를 완성하시오.,임금 협상이 (       )使 합의로 마무리 되었다.,( )使,,勞,勞,
3급II,93,2021-07-10,116,banui_W,다음 漢字와 뜻이 反對 또는 相對되는 漢字(正字)를 써서 漢字語를 완성하시오.,노력과 정직 여부에 따라 사람의 (   )衰가 결정된다.,( )衰,,盛,盛,
3급II,93,2021-07-10,117,banui_W,다음 漢字와 뜻이 反對 또는 相對되는 漢字(正字)를 써서 漢字語를 완성하시오.,살면서 어떠한 일의 (        )退를 결정해야 할 때가 있다.,( )退,,進,進,
3급II,93,2021-07-10,118,banuieo_W,다음 漢字語의 反對語 또는 相對語를 2음절로 된 漢字(正字)로 쓰시오.,結果,結果,,原因,原因,
3급II,93,2021-07-10,119,banuieo_W,다음 漢字語의 反對語 또는 相對語를 2음절로 된 漢字(正字)로 쓰시오.,複雜,複雜,,單純,單純,
3급II,93,2021-07-10,120,banuieo_W,다음 漢字語의 反對語 또는 相對語를 2음절로 된 漢字(正字)로 쓰시오.,支出,支出,,收入,收入,
3급II,93,2021-07-10,121,banuieo_W,다음 漢字語의 反對語 또는 相對語를 2음절로 된 漢字(正字)로 쓰시오.,許可,許可,,禁止,禁止,
3급II,93,2021-07-10,122,banuieo_W,다음 漢字語의 反對語 또는 相對語를 2음절로 된 漢字(正字)로 쓰시오.,物質,物質,,精神,精神,
3급II,93,2021-07-10,123,dongeumeo_W,"다음 漢字語의 同音異義語를 漢字(正字)로 쓰되, 제시된 뜻에 맞는 것으로 하시오.",利用 - (     ) 이발과 미용을 통틀어 이르는 말.,利用,,理容,理容,
3급II,93,2021-07-10,124,dongeumeo_W,"다음 漢字語의 同音異義語를 漢字(正字)로 쓰되, 제시된 뜻에 맞는 것으로 하시오.",培植 - (     ) 군대나 단체 같은 데서 식사를 나누어 줌.,培植,,配食,配食,
3급II,93,2021-07-10,125,dongeumeo_W,"다음 漢字語의 同音異義語를 漢字(正字)로 쓰되, 제시된 뜻에 맞는 것으로 하시오.",方手 - (     ) 물이 흘러 들어오는 것을 막음.,方手,,防水,防水,
3급II,93,2021-07-10,126,dongeumeo_W,"다음 漢字語의 同音異義語를 漢字(正字)로 쓰되, 제시된 뜻에 맞는 것으로 하시오.",製藥 - (     ) 사물의 성립에 필요한 조건이나 규정.,製藥,,制約,制約,
3급II,93,2021-07-10,127,dongeumeo_W,"다음 漢字語의 同音異義語를 漢字(正字)로 쓰되, 제시된 뜻에 맞는 것으로 하시오.",無機 - (     ) 전쟁에 쓰이는 온갖 기구.,無機,,武器,武器,
3급II,93,2021-07-10,128,seongeo_W,다음 (       ) 안에 알맞은 漢字(正字)를 써서 四字成語를 완성하시오.,居安( )危 : 편안히 살 때 위태로움을 생각함.,居安( )危,,思,思,
3급II,93,2021-07-10,129,seongeo_W,다음 (       ) 안에 알맞은 漢字(正字)를 써서 四字成語를 완성하시오.,(   )學阿世 : 학문을 왜곡하여 세속에 아부함.,( )學阿世,,曲,曲,
3급II,93,2021-07-10,130,seongeo_W,다음 (       ) 안에 알맞은 漢字(正字)를 써서 四字成語를 완성하시오.,內憂外(     ) : 나라 안팎의 근심 걱정.,內憂外( ),,患,患,
3급II,93,2021-07-10,131,seongeo_W,다음 (       ) 안에 알맞은 漢字(正字)를 써서 四字成語를 완성하시오.,論功行(    ) : 세운 공을 논정하여 상을 줌.,論功行( ),,賞,賞,
3급II,93,2021-07-10,132,seongeo_W,다음 (       ) 안에 알맞은 漢字(正字)를 써서 四字成語를 완성하시오.,莫(    )之友 : 서로의 뜻을 거스르지 않는 친한 벗.,莫( )之友,,逆,逆,
3급II,93,2021-07-10,133,seongeo_W,다음 (       ) 안에 알맞은 漢字(正字)를 써서 四字成語를 완성하시오.,夫唱( )隨 : 남편이 부르면 아내가 따른다.,夫唱( )隨,,婦,婦,
3급II,93,2021-07-10,134,seongeo_W,다음 (       ) 안에 알맞은 漢字(正字)를 써서 四字成語를 완성하시오.,森(    )萬象 : 우주에 존재하는 모든 사물과 현상.,森( )萬象,,羅,羅,
3급II,93,2021-07-10,135,seongeo_W,다음 (       ) 안에 알맞은 漢字(正字)를 써서 四字成語를 완성하시오.,溫(    )知新 : 옛 것을 익혀 새 것을 앎.,溫( )知新,,故,故,
3급II,93,2021-07-10,136,seongeo_W,다음 (       ) 안에 알맞은 漢字(正字)를 써서 四字成語를 완성하시오.,自初至(    ) : 처음부터 끝까지.,自初至( ),,終,終,
3급II,93,2021-07-10,137,seongeo_W,다음 (       ) 안에 알맞은 漢字(正字)를 써서 四字成語를 완성하시오.,(    )擧妄動 : 깊이 생각지 않고 경솔하게 행동함.,( )擧妄動,,輕,輕,
3급II,93,2021-07-10,138,busu_W,다음 漢字의 部首를 쓰시오.,脚,脚,,⺼(肉),⺼(肉),
3급II,93,2021-07-10,139,busu_W,다음 漢字의 部首를 쓰시오.,貸,貸,,貝,貝,
3급II,93,2021-07-10,140,busu_W,다음 漢字의 部首를 쓰시오.,盟,盟,,皿,皿,
3급II,93,2021-07-10,141,busu_W,다음 漢字의 部首를 쓰시오.,卑,卑,,十,十,
3급II,93,2021-07-10,142,busu_W,다음 漢字의 部首를 쓰시오.,審,審,,宀,宀,
3급II,93,2021-07-10,143,yakja_W,다음 漢字의 略字를 쓰시오.,黨,黨,,党,党,
3급II,93,2021-07-10,144,yakja_W,다음 漢字의 略字를 쓰시오.,爲,爲,,為,為,
3급II,93,2021-07-10,145,yakja_W,다음 漢字의 略字를 쓰시오.,齒,齒,,歯,歯,
3급II,93,2021-07-10,146,mean_W,다음 漢字語의 뜻을 쓰시오.,授乳,授乳,,젖을 먹임,젖을 먹임,
3급II,93,2021-07-10,147,mean_W,다음 漢字語의 뜻을 쓰시오.,夜深,夜深,,밤이 깊음,밤이 깊음,
3급II,93,2021-07-10,148,mean_W,다음 漢字語의 뜻을 쓰시오.,魚湯,魚湯,,생선국,생선국,
3급II,93,2021-07-10,149,mean_W,다음 漢字語의 뜻을 쓰시오.,炎天,炎天,,몹시 더운 날씨,몹시 더운 날씨,
3급II,93,2021-07-10,150,mean_W,다음 漢字語의 뜻을 쓰시오.,臨迫,臨迫,,(때가) 다가옴,(때가) 다가옴,
3급II,94,2021-09-11,1,dokeum_W,다음 밑줄 친 漢字語의 讀音을 쓰시오.,유네스코 세계유산위원회는 일본의 強制 徵用 被害 왜곡 試圖에 공개적으로 警告했다.,強制,,강제,강제,
3급II,94,2021-09-11,2,dokeum_W,다음 밑줄 친 漢字語의 讀音을 쓰시오.,유네스코 세계유산위원회는 일본의 強制 徵用 被害 왜곡 試圖에 공개적으로 警告했다.,徵用,,징용,징용,
3급II,94,2021-09-11,3,dokeum_W,다음 밑줄 친 漢字語의 讀音을 쓰시오.,유네스코 세계유산위원회는 일본의 強制 徵用 被害 왜곡 試圖에 공개적으로 警告했다.,被害,,피해,피해,
3급II,94,2021-09-11,4,dokeum_W,다음 밑줄 친 漢字語의 讀音을 쓰시오.,유네스코 세계유산위원회는 일본의 強制 徵用 被害 왜곡 試圖에 공개적으로 警告했다.,試圖,,시도,시도,
3급II,94,2021-09-11,5,dokeum_W,다음 밑줄 친 漢字語의 讀音을 쓰시오.,유네스코 세계유산위원회는 일본의 強制 徵用 被害 왜곡 試圖에 공개적으로 警告했다.,警告,,경고,경고,
3급II,94,2021-09-11,6,dokeum_W,다음 밑줄 친 漢字語의 讀音을 쓰시오.,"일본은 2015년 6월 군함도 등 근대 산업 시설이 세계문화유산으로 登載될 당시에, 많은 한국인이 강제로 動員되어 가혹한 環境에서 노동한 사실이 있음을 認識하고, 희생자를 기리기 위한 조치를 하겠다는 약속을 이행하지 않고 있다고 指摘하면서 강한 유감을 표했다.",登載,,등재,등재,
3급II,94,2021-09-11,7,dokeum_W,다음 밑줄 친 漢字語의 讀音을 쓰시오.,"일본은 2015년 6월 군함도 등 근대 산업 시설이 세계문화유산으로 登載될 당시에, 많은 한국인이 강제로 動員되어 가혹한 環境에서 노동한 사실이 있음을 認識하고, 희생자를 기리기 위한 조치를 하겠다는 약속을 이행하지 않고 있다고 指摘하면서 강한 유감을 표했다.",動員,,동원,동원,
3급II,94,2021-09-11,8,dokeum_W,다음 밑줄 친 漢字語의 讀音을 쓰시오.,"일본은 2015년 6월 군함도 등 근대 산업 시설이 세계문화유산으로 登載될 당시에, 많은 한국인이 강제로 動員되어 가혹한 環境에서 노동한 사실이 있음을 認識하고, 희생자를 기리기 위한 조치를 하겠다는 약속을 이행하지 않고 있다고 指摘하면서 강한 유감을 표했다.",環境,,환경,환경,
3급II,94,2021-09-11,9,dokeum_W,다음 밑줄 친 漢字語의 讀音을 쓰시오.,"일본은 2015년 6월 군함도 등 근대 산업 시설이 세계문화유산으로 登載될 당시에, 많은 한국인이 강제로 動員되어 가혹한 環境에서 노동한 사실이 있음을 認識하고, 희생자를 기리기 위한 조치를 하겠다는 약속을 이행하지 않고 있다고 指摘하면서 강한 유감을 표했다.",認識,,인식,인식,
3급II,94,2021-09-11,10,dokeum_W,다음 밑줄 친 漢字語의 讀音을 쓰시오.,"일본은 2015년 6월 군함도 등 근대 산업 시설이 세계문화유산으로 登載될 당시에, 많은 한국인이 강제로 動員되어 가혹한 環境에서 노동한 사실이 있음을 認識하고, 희생자를 기리기 위한 조치를 하겠다는 약속을 이행하지 않고 있다고 指摘하면서 강한 유감을 표했다.",指摘,,지적,지적,
3급II,94,2021-09-11,11,dokeum_W,다음 밑줄 친 漢字語의 讀音을 쓰시오.,"병자호란 때 인조는, 조선을 侵攻하고 남한산성을 封鎖한 청에 맞서 싸웠으나 끝내 敗北하여 恥辱을 견뎌야 했다.",侵攻,,침공,침공,
3급II,94,2021-09-11,12,dokeum_W,다음 밑줄 친 漢字語의 讀音을 쓰시오.,"병자호란 때 인조는, 조선을 侵攻하고 남한산성을 封鎖한 청에 맞서 싸웠으나 끝내 敗北하여 恥辱을 견뎌야 했다.",封鎖,,봉쇄,봉쇄,
3급II,94,2021-09-11,13,dokeum_W,다음 밑줄 친 漢字語의 讀音을 쓰시오.,"병자호란 때 인조는, 조선을 侵攻하고 남한산성을 封鎖한 청에 맞서 싸웠으나 끝내 敗北하여 恥辱을 견뎌야 했다.",敗北,,패배,패배,
3급II,94,2021-09-11,14,dokeum_W,다음 밑줄 친 漢字語의 讀音을 쓰시오.,"병자호란 때 인조는, 조선을 侵攻하고 남한산성을 封鎖한 청에 맞서 싸웠으나 끝내 敗北하여 恥辱을 견뎌야 했다.",恥辱,,치욕,치욕,
3급II,94,2021-09-11,15,dokeum_W,다음 밑줄 친 漢字語의 讀音을 쓰시오.,국제 관계에서 신뢰보다는 힘에 의한 秩序가 우선한다는 것을 통감해야만 했다.,秩序,,질서,질서,
3급II,94,2021-09-11,16,dokeum_W,다음 밑줄 친 漢字語의 讀音을 쓰시오.,메타버스 안에서는 온라인 속에 만들어진 회사의 여러 部署들을 자유롭게 體驗할 수도 있다.,部署,,부서,부서,
3급II,94,2021-09-11,17,dokeum_W,다음 밑줄 친 漢字語의 讀音을 쓰시오.,메타버스 안에서는 온라인 속에 만들어진 회사의 여러 部署들을 자유롭게 體驗할 수도 있다.,體驗,,체험,체험,
3급II,94,2021-09-11,18,dokeum_W,다음 밑줄 친 漢字語의 讀音을 쓰시오.,施策에 따라 支援 받을 이 기술은 앞으로 많은 부문에 影響을 끼칠 것임이 분명하다.,施策,,시책,시책,
3급II,94,2021-09-11,19,dokeum_W,다음 밑줄 친 漢字語의 讀音을 쓰시오.,施策에 따라 支援 받을 이 기술은 앞으로 많은 부문에 影響을 끼칠 것임이 분명하다.,支援,,지원,지원,
3급II,94,2021-09-11,20,dokeum_W,다음 밑줄 친 漢字語의 讀音을 쓰시오.,施策에 따라 支援 받을 이 기술은 앞으로 많은 부문에 影響을 끼칠 것임이 분명하다.,影響,,영향,영향,
3급II,94,2021-09-11,21,dokeum_W,다음 漢字語의 讀音을 쓰시오.,觀察,觀察,,관찰,관찰,
3급II,94,2021-09-11,22,dokeum_W,다음 漢字語의 讀音을 쓰시오.,請求,請求,,청구,청구,
3급II,94,2021-09-11,23,dokeum_W,다음 漢字語의 讀音을 쓰시오.,慣習,慣習,,관습,관습,
3급II,94,2021-09-11,24,dokeum_W,다음 漢字語의 讀音을 쓰시오.,克服,克服,,극복,극복,
3급II,94,2021-09-11,25,dokeum_W,다음 漢字語의 讀音을 쓰시오.,免除,免除,,면제,면제,
3급II,94,2021-09-11,26,dokeum_W,다음 漢字語의 讀音을 쓰시오.,謙稱,謙稱,,겸칭,겸칭,
3급II,94,2021-09-11,27,dokeum_W,다음 漢字語의 讀音을 쓰시오.,附加,附加,,부가,부가,
3급II,94,2021-09-11,28,dokeum_W,다음 漢字語의 讀音을 쓰시오.,階層,階層,,계층,계층,
3급II,94,2021-09-11,29,dokeum_W,다음 漢字語의 讀音을 쓰시오.,債券,債券,,채권,채권,
3급II,94,2021-09-11,30,dokeum_W,다음 漢字語의 讀音을 쓰시오.,復元,復元,,복원,복원,
3급II,94,2021-09-11,31,dokeum_W,다음 漢字語의 讀音을 쓰시오.,比較,比較,,비교,비교,
3급II,94,2021-09-11,32,dokeum_W,다음 漢字語의 讀音을 쓰시오.,損傷,損傷,,손상,손상,
3급II,94,2021-09-11,33,dokeum_W,다음 漢字語의 讀音을 쓰시오.,感謝,感謝,,감사,감사,
3급II,94,2021-09-11,34,dokeum_W,다음 漢字語의 讀音을 쓰시오.,追越,追越,,추월,추월,
3급II,94,2021-09-11,35,dokeum_W,다음 漢字語의 讀音을 쓰시오.,時效,時效,,시효,시효,
3급II,94,2021-09-11,36,dokeum_W,다음 漢字語의 讀音을 쓰시오.,牙城,牙城,,아성,아성,
3급II,94,2021-09-11,37,dokeum_W,다음 漢字語의 讀音을 쓰시오.,良好,良好,,양호,양호,
3급II,94,2021-09-11,38,dokeum_W,다음 漢字語의 讀音을 쓰시오.,疫病,疫病,,역병,역병,
3급II,94,2021-09-11,39,dokeum_W,다음 漢字語의 讀音을 쓰시오.,弊端,弊端,,폐단,폐단,
3급II,94,2021-09-11,40,dokeum_W,다음 漢字語의 讀音을 쓰시오.,僞證,僞證,,위증,위증,
3급II,94,2021-09-11,41,dokeum_W,다음 漢字語의 讀音을 쓰시오.,槪論,槪論,,개론,개론,
3급II,94,2021-09-11,42,dokeum_W,다음 漢字語의 讀音을 쓰시오.,追更,追更,,추경,추경,
3급II,94,2021-09-11,43,dokeum_W,다음 漢字語의 讀音을 쓰시오.,誘致,誘致,,유치,유치,
3급II,94,2021-09-11,44,dokeum_W,다음 漢字語의 讀音을 쓰시오.,總選,總選,,총선,총선,
3급II,94,2021-09-11,45,dokeum_W,다음 漢字語의 讀音을 쓰시오.,錯覺,錯覺,,착각,착각,
3급II,94,2021-09-11,46,hanjaeo_W,다음 밑줄 친 낱말을 漢字(正字)로 쓰시오.,"가스라이팅은 타인의 심리나 상황을 교묘하게 조작해 타인에 대한 지배력을 강화하는 행위로, <가스등(Gas Light)>(1938)이란 연극에서 유래한 용어이다.",조작,,造作,造作,
3급II,94,2021-09-11,47,hanjaeo_W,다음 밑줄 친 낱말을 漢字(正字)로 쓰시오.,"가스라이팅은 타인의 심리나 상황을 교묘하게 조작해 타인에 대한 지배력을 강화하는 행위로, <가스등(Gas Light)>(1938)이란 연극에서 유래한 용어이다.",유래,,由來,由來,
3급II,94,2021-09-11,48,hanjaeo_W,다음 밑줄 친 낱말을 漢字(正字)로 쓰시오.,"가해자는 피해자에게 자신을 못 믿을 존재로 속단하게 만들고, 타인의 명령에 맹종하게 한다.",속단,,速斷,速斷,
3급II,94,2021-09-11,49,hanjaeo_W,다음 밑줄 친 낱말을 漢字(正字)로 쓰시오.,"가해자는 피해자에게 자신을 못 믿을 존재로 속단하게 만들고, 타인의 명령에 맹종하게 한다.",명령,,命令,命令,
3급II,94,2021-09-11,50,hanjaeo_W,다음 밑줄 친 낱말을 漢字(正字)로 쓰시오.,기존 바이러스 변종인 델타는 전염력이 알파형보다 약 1.6배나 더 강해서 단기간에 전세계로 퍼져 나갈 것이라는 소식은 모든 사람을 우울하게 했다.,변종,,變種,變種,
3급II,94,2021-09-11,51,hanjaeo_W,다음 밑줄 친 낱말을 漢字(正字)로 쓰시오.,기존 바이러스 변종인 델타는 전염력이 알파형보다 약 1.6배나 더 강해서 단기간에 전세계로 퍼져 나갈 것이라는 소식은 모든 사람을 우울하게 했다.,단기간,,短期間,短期間,
3급II,94,2021-09-11,52,hanjaeo_W,다음 밑줄 친 낱말을 漢字(正字)로 쓰시오.,기존 바이러스 변종인 델타는 전염력이 알파형보다 약 1.6배나 더 강해서 단기간에 전세계로 퍼져 나갈 것이라는 소식은 모든 사람을 우울하게 했다.,소식,,消息,消息,
3급II,94,2021-09-11,53,hanjaeo_W,다음 밑줄 친 낱말을 漢字(正字)로 쓰시오.,챗봇의 사용은 이제 우리 일상에서 어렵지 않게 찾아볼 수 있다. 많은 기업들이 전화 상담을 챗봇으로 대체하고 있는 추세이다.,일상,,日常,日常,
3급II,94,2021-09-11,54,hanjaeo_W,다음 밑줄 친 낱말을 漢字(正字)로 쓰시오.,챗봇의 사용은 이제 우리 일상에서 어렵지 않게 찾아볼 수 있다. 많은 기업들이 전화 상담을 챗봇으로 대체하고 있는 추세이다.,전화,,電話,電話,
3급II,94,2021-09-11,55,hanjaeo_W,다음 밑줄 친 낱말을 漢字(正字)로 쓰시오.,이에 과학기술정보통신부가 발표한 ‘AI 윤리 기준’과 함께 개인정보보호위원회는 AI 시대를 대비하기 위해 그 수단으로 ‘AI 자율 점검표’를 방송에서 공개했다.,통신,,通信,通信,
3급II,94,2021-09-11,56,hanjaeo_W,다음 밑줄 친 낱말을 漢字(正字)로 쓰시오.,이에 과학기술정보통신부가 발표한 ‘AI 윤리 기준’과 함께 개인정보보호위원회는 AI 시대를 대비하기 위해 그 수단으로 ‘AI 자율 점검표’를 방송에서 공개했다.,기준,,基準,基準,
3급II,94,2021-09-11,57,hanjaeo_W,다음 밑줄 친 낱말을 漢字(正字)로 쓰시오.,이에 과학기술정보통신부가 발표한 ‘AI 윤리 기준’과 함께 개인정보보호위원회는 AI 시대를 대비하기 위해 그 수단으로 ‘AI 자율 점검표’를 방송에서 공개했다.,정보,,情報,情報,
3급II,94,2021-09-11,58,hanjaeo_W,다음 밑줄 친 낱말을 漢字(正字)로 쓰시오.,이에 과학기술정보통신부가 발표한 ‘AI 윤리 기준’과 함께 개인정보보호위원회는 AI 시대를 대비하기 위해 그 수단으로 ‘AI 자율 점검표’를 방송에서 공개했다.,대비,,對備,對備,
3급II,94,2021-09-11,59,hanjaeo_W,다음 밑줄 친 낱말을 漢字(正字)로 쓰시오.,이에 과학기술정보통신부가 발표한 ‘AI 윤리 기준’과 함께 개인정보보호위원회는 AI 시대를 대비하기 위해 그 수단으로 ‘AI 자율 점검표’를 방송에서 공개했다.,자율,,自律,自律,
3급II,94,2021-09-11,60,hanjaeo_W,다음 밑줄 친 낱말을 漢字(正字)로 쓰시오.,이에 과학기술정보통신부가 발표한 ‘AI 윤리 기준’과 함께 개인정보보호위원회는 AI 시대를 대비하기 위해 그 수단으로 ‘AI 자율 점검표’를 방송에서 공개했다.,방송,,放送,放送,
3급II,94,2021-09-11,61,hanjaeo_W,다음 밑줄 친 낱말을 漢字(正字)로 쓰시오.,이는 인공 지능 설계 및 개발·운영 과정에서 개인 정보를 안전하게 처리하기 위해 지켜야 할 개인정보보호법상의 주요 책무·권리 사항을 알려 주는 안내서다.,지능,,知能,知能,
3급II,94,2021-09-11,62,hanjaeo_W,다음 밑줄 친 낱말을 漢字(正字)로 쓰시오.,이는 인공 지능 설계 및 개발·운영 과정에서 개인 정보를 안전하게 처리하기 위해 지켜야 할 개인정보보호법상의 주요 책무·권리 사항을 알려 주는 안내서다.,설계,,設計,設計,
3급II,94,2021-09-11,63,hanjaeo_W,다음 밑줄 친 낱말을 漢字(正字)로 쓰시오.,이는 인공 지능 설계 및 개발·운영 과정에서 개인 정보를 안전하게 처리하기 위해 지켜야 할 개인정보보호법상의 주요 책무·권리 사항을 알려 주는 안내서다.,과정,,過程,過程,
3급II,94,2021-09-11,64,hanjaeo_W,다음 밑줄 친 낱말을 漢字(正字)로 쓰시오.,이는 인공 지능 설계 및 개발·운영 과정에서 개인 정보를 안전하게 처리하기 위해 지켜야 할 개인정보보호법상의 주요 책무·권리 사항을 알려 주는 안내서다.,안전,,安全,安全,
3급II,94,2021-09-11,65,hanjaeo_W,다음 밑줄 친 낱말을 漢字(正字)로 쓰시오.,이는 인공 지능 설계 및 개발·운영 과정에서 개인 정보를 안전하게 처리하기 위해 지켜야 할 개인정보보호법상의 주요 책무·권리 사항을 알려 주는 안내서다.,처리,,處理,處理,
3급II,94,2021-09-11,66,hanjaeo_W,다음 밑줄 친 낱말을 漢字(正字)로 쓰시오.,이는 인공 지능 설계 및 개발·운영 과정에서 개인 정보를 안전하게 처리하기 위해 지켜야 할 개인정보보호법상의 주요 책무·권리 사항을 알려 주는 안내서다.,책무,,責務,責務,
3급II,94,2021-09-11,67,hanjaeo_W,다음 밑줄 친 낱말을 漢字(正字)로 쓰시오.,이는 인공 지능 설계 및 개발·운영 과정에서 개인 정보를 안전하게 처리하기 위해 지켜야 할 개인정보보호법상의 주요 책무·권리 사항을 알려 주는 안내서다.,권리,,權利,權利,
3급II,94,2021-09-11,68,hanjaeo_W,다음 밑줄 친 낱말을 漢字(正字)로 쓰시오.,이는 인공 지능 설계 및 개발·운영 과정에서 개인 정보를 안전하게 처리하기 위해 지켜야 할 개인정보보호법상의 주요 책무·권리 사항을 알려 주는 안내서다.,안내서,,案內書,案內書,
3급II,94,2021-09-11,69,hanjaeo_W,다음 밑줄 친 낱말을 漢字(正字)로 쓰시오.,"‘개인 정보 수집’ 단계에서의 주요 점검 목록에는 ‘합법적인 동의 방법’, ‘수집 근거 확인’, 목적을 구체적으로 작성하고 이용자가 충분히 예측할 수 있는 안내’가 있다.",목록,,目錄,目錄,
3급II,94,2021-09-11,70,hanjaeo_W,다음 밑줄 친 낱말을 漢字(正字)로 쓰시오.,"‘개인 정보 수집’ 단계에서의 주요 점검 목록에는 ‘합법적인 동의 방법’, ‘수집 근거 확인’, 목적을 구체적으로 작성하고 이용자가 충분히 예측할 수 있는 안내’가 있다.",합법,,合法,合法,
3급II,94,2021-09-11,71,hanjaeo_W,다음 밑줄 친 낱말을 漢字(正字)로 쓰시오.,"‘개인 정보 수집’ 단계에서의 주요 점검 목록에는 ‘합법적인 동의 방법’, ‘수집 근거 확인’, 목적을 구체적으로 작성하고 이용자가 충분히 예측할 수 있는 안내’가 있다.",수집,,收集,收集,
3급II,94,2021-09-11,72,hanjaeo_W,다음 밑줄 친 낱말을 漢字(正字)로 쓰시오.,한 나라의 통치가 미치는 범위를 영해로 인정한다면 독도는 고려 이후 지도에서 우리 영토로 나타나기 때문에 이것을 기준으로 해야 한다.,통치,,統治,統治,
3급II,94,2021-09-11,73,hanjaeo_W,다음 밑줄 친 낱말을 漢字(正字)로 쓰시오.,한 나라의 통치가 미치는 범위를 영해로 인정한다면 독도는 고려 이후 지도에서 우리 영토로 나타나기 때문에 이것을 기준으로 해야 한다.,영해,,領海,領海,
3급II,94,2021-09-11,74,hanjaeo_W,다음 밑줄 친 낱말을 漢字(正字)로 쓰시오.,한 나라의 통치가 미치는 범위를 영해로 인정한다면 독도는 고려 이후 지도에서 우리 영토로 나타나기 때문에 이것을 기준으로 해야 한다.,독도,,獨島,獨島,
3급II,94,2021-09-11,75,hanjaeo_W,다음 밑줄 친 낱말을 漢字(正字)로 쓰시오.,한 나라의 통치가 미치는 범위를 영해로 인정한다면 독도는 고려 이후 지도에서 우리 영토로 나타나기 때문에 이것을 기준으로 해야 한다.,고려,,高麗,高麗,
3급II,94,2021-09-11,76,huneum_W,다음 漢字의 訓과 音을 쓰시오.,汗,汗,,땀 한,땀 한,
3급II,94,2021-09-11,77,huneum_W,다음 漢字의 訓과 音을 쓰시오.,桑,桑,,뽕나무 상,뽕나무 상,
3급II,94,2021-09-11,78,huneum_W,다음 漢字의 訓과 音을 쓰시오.,畢,畢,,마칠 필,마칠 필,
3급II,94,2021-09-11,79,huneum_W,다음 漢字의 訓과 音을 쓰시오.,蒸,蒸,,찔 증,찔 증,
3급II,94,2021-09-11,80,huneum_W,다음 漢字의 訓과 音을 쓰시오.,襲,襲,,엄습할 습,엄습할 습,
3급II,94,2021-09-11,81,huneum_W,다음 漢字의 訓과 音을 쓰시오.,殆,殆,,거의 태,거의 태,
3급II,94,2021-09-11,82,huneum_W,다음 漢字의 訓과 音을 쓰시오.,勵,勵,,힘쓸 려,힘쓸 려,
3급II,94,2021-09-11,83,huneum_W,다음 漢字의 訓과 音을 쓰시오.,製,製,,지을 제,지을 제,
3급II,94,2021-09-11,84,huneum_W,다음 漢字의 訓과 音을 쓰시오.,脚,脚,,다리 각,다리 각,
3급II,94,2021-09-11,85,huneum_W,다음 漢字의 訓과 音을 쓰시오.,漆,漆,,옻 칠,옻 칠,
3급II,94,2021-09-11,86,huneum_W,다음 漢字의 訓과 音을 쓰시오.,透,透,,사무칠 투,사무칠 투,
3급II,94,2021-09-11,87,huneum_W,다음 漢字의 訓과 音을 쓰시오.,臨,臨,,임할 림,임할 림,
3급II,94,2021-09-11,88,huneum_W,다음 漢字의 訓과 音을 쓰시오.,寢,寢,,잘 침,잘 침,
3급II,94,2021-09-11,89,huneum_W,다음 漢字의 訓과 音을 쓰시오.,觸,觸,,닿을 촉,닿을 촉,
3급II,94,2021-09-11,90,huneum_W,다음 漢字의 訓과 音을 쓰시오.,逸,逸,,편안할 일,편안할 일,
3급II,94,2021-09-11,91,huneum_W,다음 漢字의 訓과 音을 쓰시오.,距,距,,상거할 거,상거할 거,
3급II,94,2021-09-11,92,huneum_W,다음 漢字의 訓과 音을 쓰시오.,蒼,蒼,,푸를 창,푸를 창,
3급II,94,2021-09-11,93,huneum_W,다음 漢字의 訓과 音을 쓰시오.,揮,揮,,휘두를 휘,휘두를 휘,
3급II,94,2021-09-11,94,huneum_W,다음 漢字의 訓과 音을 쓰시오.,隙,隙,,사이뜰 격,사이뜰 격,
3급II,94,2021-09-11,95,huneum_W,다음 漢字의 訓과 音을 쓰시오.,泥,泥,,진흙 니,진흙 니,
3급II,94,2021-09-11,96,huneum_W,다음 漢字의 訓과 音을 쓰시오.,崇,崇,,높을 숭,높을 숭,
3급II,94,2021-09-11,97,huneum_W,다음 漢字의 訓과 音을 쓰시오.,歎,歎,,탄식할 탄,탄식할 탄,
3급II,94,2021-09-11,98,huneum_W,다음 漢字의 訓과 音을 쓰시오.,刺,刺,,찌를 자 | 찌를 척 | 수라 라,찌를 자 | 찌를 척 | 수라 라,
3급II,94,2021-09-11,99,huneum_W,다음 漢字의 訓과 音을 쓰시오.,瞬,瞬,,눈깜짝일 순,눈깜짝일 순,
3급II,94,2021-09-11,100,huneum_W,다음 漢字의 訓과 音을 쓰시오.,微,微,,작을 미,작을 미,
3급II,94,2021-09-11,101,huneum_W,다음 漢字의 訓과 音을 쓰시오.,着,着,,붙을 착,붙을 착,
3급II,94,2021-09-11,102,huneum_W,다음 漢字의 訓과 音을 쓰시오.,壓,壓,,누를 압,누를 압,
3급II,94,2021-09-11,103,jangeum_S,다음 漢字語 중 첫 음절이 길게 발음되는 것의 번호를 쓰시오.,,,"[""① 死票"", ""② 師表""]",①,① 死票,
3급II,94,2021-09-11,104,jangeum_S,다음 漢字語 중 첫 음절이 길게 발음되는 것의 번호를 쓰시오.,,,"[""① 苦戰"", ""② 古典""]",②,② 古典,
3급II,94,2021-09-11,105,jangeum_S,다음 漢字語 중 첫 음절이 길게 발음되는 것의 번호를 쓰시오.,,,"[""① 遠征"", ""② 圓井""]",①,① 遠征,
3급II,94,2021-09-11,106,jangeum_S,다음 漢字語 중 첫 음절이 길게 발음되는 것의 번호를 쓰시오.,,,"[""① 代謝"", ""② 臺詞""]",①,① 代謝,
3급II,94,2021-09-11,107,jangeum_S,다음 漢字語 중 첫 음절이 길게 발음되는 것의 번호를 쓰시오.,,,"[""① 碑版"", ""② 批判""]",②,② 批判,
3급II,94,2021-09-11,108,yui_W,뜻풀이를 참고하여 (      ) 안에 비슷한 뜻을 가진 漢字(正字)를 써넣어 널리 쓰이는 단어를 완성하시오.,(   ) - 白 : 잘못이 없음.,( )白,,潔,潔,
3급II,94,2021-09-11,109,yui_W,뜻풀이를 참고하여 (      ) 안에 비슷한 뜻을 가진 漢字(正字)를 써넣어 널리 쓰이는 단어를 완성하시오.,到 - (   ) : 다다름.,到( ),,達,達,
3급II,94,2021-09-11,110,yui_W,뜻풀이를 참고하여 (      ) 안에 비슷한 뜻을 가진 漢字(正字)를 써넣어 널리 쓰이는 단어를 완성하시오.,稀 - (   ) : 아주 드묾.,稀( ),,少/貴,少/貴,
3급II,94,2021-09-11,111,yui_W,뜻풀이를 참고하여 (      ) 안에 비슷한 뜻을 가진 漢字(正字)를 써넣어 널리 쓰이는 단어를 완성하시오.,(   ) - 始 : 새롭게 엶.,( )始,,創,創,
3급II,94,2021-09-11,112,yui_W,뜻풀이를 참고하여 (      ) 안에 비슷한 뜻을 가진 漢字(正字)를 써넣어 널리 쓰이는 단어를 완성하시오.,委 - (   ) : 맡김.,委( ),,任,任,
3급II,94,2021-09-11,113,banui_W,뜻풀이를 참고하여 (      ) 안에 뜻이 반대 또는 상대되는 漢字(正字)를 써넣어 단어를 만드시오.,(   ) ↔ 落 : 붙고 떨어짐.,( )落,,當,當,
3급II,94,2021-09-11,114,banui_W,뜻풀이를 참고하여 (      ) 안에 뜻이 반대 또는 상대되는 漢字(正字)를 써넣어 단어를 만드시오.,緩 ↔ ( ) : 느리고 빠름.,緩( ),,急,急,
3급II,94,2021-09-11,115,banui_W,뜻풀이를 참고하여 (      ) 안에 뜻이 반대 또는 상대되는 漢字(正字)를 써넣어 단어를 만드시오.,喜 ↔ ( ) : 기쁨과 슬픔.,喜( ),,悲,悲,
3급II,94,2021-09-11,116,banui_W,뜻풀이를 참고하여 (      ) 안에 뜻이 반대 또는 상대되는 漢字(正字)를 써넣어 단어를 만드시오.,吉 ↔ ( ) : 좋음과 언짢음.,吉( ),,凶,凶,
3급II,94,2021-09-11,117,banui_W,뜻풀이를 참고하여 (      ) 안에 뜻이 반대 또는 상대되는 漢字(正字)를 써넣어 단어를 만드시오.,(   ) ↔ 炭 : 정반대됨.,( )炭,,氷,氷,
3급II,94,2021-09-11,118,banuieo_W,다음 漢字語의 반대어 또는 상대어를 漢字(正字)로 쓰시오.,複雜,複雜,,單純,單純,
3급II,94,2021-09-11,119,banuieo_W,다음 漢字語의 반대어 또는 상대어를 漢字(正字)로 쓰시오.,白晝,白晝,,深夜,深夜,
3급II,94,2021-09-11,120,banuieo_W,다음 漢字語의 반대어 또는 상대어를 漢字(正字)로 쓰시오.,低下,低下,,向上,向上,
3급II,94,2021-09-11,121,banuieo_W,다음 漢字語의 반대어 또는 상대어를 漢字(正字)로 쓰시오.,增進,增進,,減退,減退,
3급II,94,2021-09-11,122,banuieo_W,다음 漢字語의 반대어 또는 상대어를 漢字(正字)로 쓰시오.,容易,容易,,難解,難解,
3급II,94,2021-09-11,123,dongeumeo_W,다음 漢字語의 同音異義語를 제시한 뜻에 맞는 漢字(正字)로 쓰시오.,煙氣 - (    ) 배우가 역할을 표현하는 행위,煙氣,,演技,演技,
3급II,94,2021-09-11,124,dongeumeo_W,다음 漢字語의 同音異義語를 제시한 뜻에 맞는 漢字(正字)로 쓰시오.,傾注 - (    ) 빠르기를 겨룸.,傾注,,競走,競走,
3급II,94,2021-09-11,125,dongeumeo_W,다음 漢字語의 同音異義語를 제시한 뜻에 맞는 漢字(正字)로 쓰시오.,"祭儀 - (    ) 의견이나 의논, 의안을 내놓음.",祭儀,,提議,提議,
3급II,94,2021-09-11,126,dongeumeo_W,다음 漢字語의 同音異義語를 제시한 뜻에 맞는 漢字(正字)로 쓰시오.,汽管 - (    ) 생리 기능을 수행하는 생물체의 각 부분.,汽管,,器官,器官,
3급II,94,2021-09-11,127,dongeumeo_W,다음 漢字語의 同音異義語를 제시한 뜻에 맞는 漢字(正字)로 쓰시오.,負商 - (    ) 상장에 덧붙여 주는 상금이나 상품.,負商,,副賞,副賞,
3급II,94,2021-09-11,128,seongeo_W,다음 (       ) 안에 알맞은 漢字(正字)를 써넣어 사자성어를 완성하시오.,龍(   )蛇尾 : 시작만 좋고 나중은 좋지 않음을 비유하는 말.,龍( )蛇尾,,頭,頭,
3급II,94,2021-09-11,129,seongeo_W,다음 (       ) 안에 알맞은 漢字(正字)를 써넣어 사자성어를 완성하시오.,曲(   )阿世 : 학문을 왜곡하여 세속에 아부함.,曲( )阿世,,學,學,
3급II,94,2021-09-11,130,seongeo_W,다음 (       ) 안에 알맞은 漢字(正字)를 써넣어 사자성어를 완성하시오.,近朱者(     ) : 붉은 색을 가까이 하는 사람은 붉어지게 됨.,近朱者( ),,赤,赤,
3급II,94,2021-09-11,131,seongeo_W,다음 (       ) 안에 알맞은 漢字(正字)를 써넣어 사자성어를 완성하시오.,莫(    )之友 : 서로의 뜻을 거스리지 않는 친한 벗.,莫( )之友,,逆,逆,
3급II,94,2021-09-11,132,seongeo_W,다음 (       ) 안에 알맞은 漢字(正字)를 써넣어 사자성어를 완성하시오.,勿失( )機 : 좋은 기회를 놓치지 않음.,勿失( )機,,好,好,
3급II,94,2021-09-11,133,seongeo_W,다음 (       ) 안에 알맞은 漢字(正字)를 써넣어 사자성어를 완성하시오.,守株( )兔 : 융통성 없이 한 가지만을 내내 고집함.,守株( )兔,,待,待,
3급II,94,2021-09-11,134,seongeo_W,다음 (       ) 안에 알맞은 漢字(正字)를 써넣어 사자성어를 완성하시오.,山紫水(    ) : 경치가 썩 아름다움을 이르는 말.,山紫水( ),,明,明,
3급II,94,2021-09-11,135,seongeo_W,다음 (       ) 안에 알맞은 漢字(正字)를 써넣어 사자성어를 완성하시오.,森(    )萬象 : 우주 존재하는 모든 사물과 현상.,森( )萬象,,羅,羅,
3급II,94,2021-09-11,136,seongeo_W,다음 (       ) 안에 알맞은 漢字(正字)를 써넣어 사자성어를 완성하시오.,天人共(    ) : 도저히 용서할 수 없음을 이르는 말.,天人共( ),,怒,怒,
3급II,94,2021-09-11,137,seongeo_W,다음 (       ) 안에 알맞은 漢字(正字)를 써넣어 사자성어를 완성하시오.,(    )之度外 : 내버려두어 더 이상 문제 삼지 아니함.,( )之度外,,置,置,
3급II,94,2021-09-11,138,busu_W,다음 漢字의 部首를 쓰시오.,賢,賢,,貝,貝,
3급II,94,2021-09-11,139,busu_W,다음 漢字의 部首를 쓰시오.,豊,豊,,豆,豆,
3급II,94,2021-09-11,140,busu_W,다음 漢字의 部首를 쓰시오.,鬪,鬪,,鬥,鬥,
3급II,94,2021-09-11,141,busu_W,다음 漢字의 部首를 쓰시오.,乘,乘,,丿,丿,
3급II,94,2021-09-11,142,busu_W,다음 漢字의 部首를 쓰시오.,取,取,,又,又,
3급II,94,2021-09-11,143,yakja_W,다음 漢字의 略字를 쓰시오.,黨,黨,,党,党,
3급II,94,2021-09-11,144,yakja_W,다음 漢字의 略字를 쓰시오.,寫,寫,,写,写,
3급II,94,2021-09-11,145,yakja_W,다음 漢字의 略字를 쓰시오.,興,興,,兴,兴,
3급II,94,2021-09-11,146,mean_W,다음 漢字語의 뜻을 쓰시오.,繼承,繼承,,"선대의 업적, 유산, 전통, 지위 따위를 물려받아 이어 나감.","선대의 업적, 유산, 전통, 지위 따위를 물려받아 이어 나감.",
3급II,94,2021-09-11,147,mean_W,다음 漢字語의 뜻을 쓰시오.,緊要,緊要,,긴밀히 관여되어 있어서 꼭 필요하다,긴밀히 관여되어 있어서 꼭 필요하다,
3급II,94,2021-09-11,148,mean_W,다음 漢字語의 뜻을 쓰시오.,覆蓋,覆蓋,,더러워진 하천에 덮개 구조물을 씌워 겉으로 드러나지 않도록 함.,더러워진 하천에 덮개 구조물을 씌워 겉으로 드러나지 않도록 함.,
3급II,94,2021-09-11,149,mean_W,다음 漢字語의 뜻을 쓰시오.,衰弱,衰弱,,힘이나 세력 따위가 줄어서 약함.,힘이나 세력 따위가 줄어서 약함.,
3급II,94,2021-09-11,150,mean_W,다음 漢字語의 뜻을 쓰시오.,滯納,滯納,,세금을 정해진 기한까지 내지 못하고 밀림,세금을 정해진 기한까지 내지 못하고 밀림,
3급II,95,2021-11-20,1,dokeum_W,다음 문장에서 밑줄 친 漢字語의 讀音을 쓰시오.,말은 은이요 沈默은 금이다.,沈默,,침묵,침묵,
3급II,95,2021-11-20,2,dokeum_W,다음 문장에서 밑줄 친 漢字語의 讀音을 쓰시오.,생각이 깊은 사람은 幼稚한 행동을 하지 않는다.,幼稚,,유치,유치,
3급II,95,2021-11-20,3,dokeum_W,다음 문장에서 밑줄 친 漢字語의 讀音을 쓰시오.,漆黑같이 어둡고 비오는 밤에는 弊害를 가져온다.,漆黑,,칠흑,칠흑,
3급II,95,2021-11-20,4,dokeum_W,다음 문장에서 밑줄 친 漢字語의 讀音을 쓰시오.,漆黑같이 어둡고 비오는 밤에는 弊害를 가져온다.,弊害,,폐해,폐해,
3급II,95,2021-11-20,5,dokeum_W,다음 문장에서 밑줄 친 漢字語의 讀音을 쓰시오.,농약을 사용할 때는 규정대로 물을 타 稀釋해 사용해야 안전하다.,稀釋,,희석,희석,
3급II,95,2021-11-20,6,dokeum_W,다음 문장에서 밑줄 친 漢字語의 讀音을 쓰시오.,우리는 호국 英靈들의 獻身을 늘 잊지 말고 기려야 한다.,英靈,,영령,영령,
3급II,95,2021-11-20,7,dokeum_W,다음 문장에서 밑줄 친 漢字語의 讀音을 쓰시오.,우리는 호국 英靈들의 獻身을 늘 잊지 말고 기려야 한다.,獻身,,헌신,헌신,
3급II,95,2021-11-20,8,dokeum_W,다음 문장에서 밑줄 친 漢字語의 讀音을 쓰시오.,자연재해로 생물이 크게 늘거나 줄면 環境 생태계의 平衡이 깨지게 된다.,環境,,환경,환경,
3급II,95,2021-11-20,9,dokeum_W,다음 문장에서 밑줄 친 漢字語의 讀音을 쓰시오.,자연재해로 생물이 크게 늘거나 줄면 環境 생태계의 平衡이 깨지게 된다.,平衡,,평형,평형,
3급II,95,2021-11-20,10,dokeum_W,다음 문장에서 밑줄 친 漢字語의 讀音을 쓰시오.,자유 통일을 懇切히 追求하려면 먼저 나부터 자유 시민의 책임과 役割을 다해야 한다.,懇切,,간절,간절,
3급II,95,2021-11-20,11,dokeum_W,다음 문장에서 밑줄 친 漢字語의 讀音을 쓰시오.,자유 통일을 懇切히 追求하려면 먼저 나부터 자유 시민의 책임과 役割을 다해야 한다.,追求,,추구,추구,
3급II,95,2021-11-20,12,dokeum_W,다음 문장에서 밑줄 친 漢字語의 讀音을 쓰시오.,자유 통일을 懇切히 追求하려면 먼저 나부터 자유 시민의 책임과 役割을 다해야 한다.,役割,,역할,역할,
3급II,95,2021-11-20,13,dokeum_W,다음 문장에서 밑줄 친 漢字語의 讀音을 쓰시오.,"재택 勤務가 늘고, 인간의 壽命이 늘어나는 미래에는 想像하지 못할 직업이 다양하게 생길 것이다.",勤務,,근무,근무,
3급II,95,2021-11-20,14,dokeum_W,다음 문장에서 밑줄 친 漢字語의 讀音을 쓰시오.,"재택 勤務가 늘고, 인간의 壽命이 늘어나는 미래에는 想像하지 못할 직업이 다양하게 생길 것이다.",壽命,,수명,수명,
3급II,95,2021-11-20,15,dokeum_W,다음 문장에서 밑줄 친 漢字語의 讀音을 쓰시오.,"재택 勤務가 늘고, 인간의 壽命이 늘어나는 미래에는 想像하지 못할 직업이 다양하게 생길 것이다.",想像,,상상,상상,
3급II,95,2021-11-20,16,dokeum_W,다음 문장에서 밑줄 친 漢字語의 讀音을 쓰시오.,疫病은 인류가 시급히 克服해야 할 수많은 과제를 露出시켰다.,疫病,,역병,역병,
3급II,95,2021-11-20,17,dokeum_W,다음 문장에서 밑줄 친 漢字語의 讀音을 쓰시오.,疫病은 인류가 시급히 克服해야 할 수많은 과제를 露出시켰다.,克服,,극복,극복,
3급II,95,2021-11-20,18,dokeum_W,다음 문장에서 밑줄 친 漢字語의 讀音을 쓰시오.,疫病은 인류가 시급히 克服해야 할 수많은 과제를 露出시켰다.,露出,,노출,노출,
3급II,95,2021-11-20,19,dokeum_W,다음 문장에서 밑줄 친 漢字語의 讀音을 쓰시오.,중공군의 介入으로 국군의 북진통일과 북한 解放은 이루지 못한 채 우리의 과제가 되었다.,介入,,개입,개입,
3급II,95,2021-11-20,20,dokeum_W,다음 문장에서 밑줄 친 漢字語의 讀音을 쓰시오.,중공군의 介入으로 국군의 북진통일과 북한 解放은 이루지 못한 채 우리의 과제가 되었다.,解放,,해방,해방,
3급II,95,2021-11-20,21,dokeum_W,다음 漢字語의 讀音을 쓰시오.,超越,超越,,초월,초월,
3급II,95,2021-11-20,22,dokeum_W,다음 漢字語의 讀音을 쓰시오.,發揮,發揮,,발휘,발휘,
3급II,95,2021-11-20,23,dokeum_W,다음 漢字語의 讀音을 쓰시오.,坐禪,坐禪,,좌선,좌선,
3급II,95,2021-11-20,24,dokeum_W,다음 漢字語의 讀音을 쓰시오.,祝賀,祝賀,,축하,축하,
3급II,95,2021-11-20,25,dokeum_W,다음 漢字語의 讀音을 쓰시오.,豪傑,豪傑,,호걸,호걸,
3급II,95,2021-11-20,26,dokeum_W,다음 漢字語의 讀音을 쓰시오.,炎症,炎症,,염증,염증,
3급II,95,2021-11-20,27,dokeum_W,다음 漢字語의 讀音을 쓰시오.,喜悅,喜悅,,희열,희열,
3급II,95,2021-11-20,28,dokeum_W,다음 漢字語의 讀音을 쓰시오.,皮革,皮革,,피혁,피혁,
3급II,95,2021-11-20,29,dokeum_W,다음 漢字語의 讀音을 쓰시오.,安逸,安逸,,안일,안일,
3급II,95,2021-11-20,30,dokeum_W,다음 漢字語의 讀音을 쓰시오.,忍耐,忍耐,,인내,인내,
3급II,95,2021-11-20,31,dokeum_W,다음 漢字語의 讀音을 쓰시오.,漸進,漸進,,점진,점진,
3급II,95,2021-11-20,32,dokeum_W,다음 漢字語의 讀音을 쓰시오.,干拓,干拓,,간척,간척,
3급II,95,2021-11-20,33,dokeum_W,다음 漢字語의 讀音을 쓰시오.,銃劍,銃劍,,총검,총검,
3급II,95,2021-11-20,34,dokeum_W,다음 漢字語의 讀音을 쓰시오.,節槪,節槪,,절개,절개,
3급II,95,2021-11-20,35,dokeum_W,다음 漢字語의 讀音을 쓰시오.,乾濕,乾濕,,건습,건습,
3급II,95,2021-11-20,36,dokeum_W,다음 漢字語의 讀音을 쓰시오.,隔離,隔離,,격리,격리,
3급II,95,2021-11-20,37,dokeum_W,다음 漢字語의 讀音을 쓰시오.,謙讓,謙讓,,겸양,겸양,
3급II,95,2021-11-20,38,dokeum_W,다음 漢字語의 讀音을 쓰시오.,農耕,農耕,,농경,농경,
3급II,95,2021-11-20,39,dokeum_W,다음 漢字語의 讀音을 쓰시오.,誘致,誘致,,유치,유치,
3급II,95,2021-11-20,40,dokeum_W,다음 漢字語의 讀音을 쓰시오.,基礎,基礎,,기초,기초,
3급II,95,2021-11-20,41,dokeum_W,다음 漢字語의 讀音을 쓰시오.,督促,督促,,독촉,독촉,
3급II,95,2021-11-20,42,dokeum_W,다음 漢字語의 讀音을 쓰시오.,胡亂,胡亂,,호란,호란,
3급II,95,2021-11-20,43,dokeum_W,다음 漢字語의 讀音을 쓰시오.,鎭靜,鎭靜,,진정,진정,
3급II,95,2021-11-20,44,dokeum_W,다음 漢字語의 讀音을 쓰시오.,熟眠,熟眠,,숙면,숙면,
3급II,95,2021-11-20,45,dokeum_W,다음 漢字語의 讀音을 쓰시오.,餘震,餘震,,여진,여진,
3급II,95,2021-11-20,46,huneum_W,다음 漢字의 訓과 音을 쓰시오.,井,井,,우물 정,우물 정,
3급II,95,2021-11-20,47,huneum_W,다음 漢字의 訓과 音을 쓰시오.,暖,暖,,따뜻할 난,따뜻할 난,
3급II,95,2021-11-20,48,huneum_W,다음 漢字의 訓과 音을 쓰시오.,橫,橫,,가로 횡,가로 횡,
3급II,95,2021-11-20,49,huneum_W,다음 漢字의 訓과 音을 쓰시오.,薄,薄,,엷을 박,엷을 박,
3급II,95,2021-11-20,50,huneum_W,다음 漢字의 訓과 音을 쓰시오.,祀,祀,,제사 사,제사 사,
3급II,95,2021-11-20,51,huneum_W,다음 漢字의 訓과 音을 쓰시오.,汗,汗,,땀 한,땀 한,
3급II,95,2021-11-20,52,huneum_W,다음 漢字의 訓과 音을 쓰시오.,莫,莫,,없을 막,없을 막,
3급II,95,2021-11-20,53,huneum_W,다음 漢字의 訓과 音을 쓰시오.,貞,貞,,곧을 정,곧을 정,
3급II,95,2021-11-20,54,huneum_W,다음 漢字의 訓과 音을 쓰시오.,念,念,,생각 념,생각 념,
3급II,95,2021-11-20,55,huneum_W,다음 漢字의 訓과 音을 쓰시오.,姑,姑,,시어미 고,시어미 고,
3급II,95,2021-11-20,56,huneum_W,다음 漢字의 訓과 音을 쓰시오.,愚,愚,,어리석을 우,어리석을 우,
3급II,95,2021-11-20,57,huneum_W,다음 漢字의 訓과 音을 쓰시오.,哀,哀,,슬플 애,슬플 애,
3급II,95,2021-11-20,58,huneum_W,다음 漢字의 訓과 音을 쓰시오.,笛,笛,,피리 적,피리 적,
3급II,95,2021-11-20,59,huneum_W,다음 漢字의 訓과 音을 쓰시오.,奪,奪,,빼앗을 탈,빼앗을 탈,
3급II,95,2021-11-20,60,huneum_W,다음 漢字의 訓과 音을 쓰시오.,桑,桑,,뽕나무 상,뽕나무 상,
3급II,95,2021-11-20,61,huneum_W,다음 漢字의 訓과 音을 쓰시오.,浮,浮,,뜰 부,뜰 부,
3급II,95,2021-11-20,62,huneum_W,다음 漢字의 訓과 音을 쓰시오.,淨,淨,,깨끗할 정,깨끗할 정,
3급II,95,2021-11-20,63,huneum_W,다음 漢字의 訓과 音을 쓰시오.,何,何,,어찌 하,어찌 하,
3급II,95,2021-11-20,64,huneum_W,다음 漢字의 訓과 音을 쓰시오.,菜,菜,,나물 채,나물 채,
3급II,95,2021-11-20,65,huneum_W,다음 漢字의 訓과 音을 쓰시오.,衰,衰,,쇠할 쇠,쇠할 쇠,
3급II,95,2021-11-20,66,huneum_W,다음 漢字의 訓과 音을 쓰시오.,建,建,,세울 건,세울 건,
3급II,95,2021-11-20,67,huneum_W,다음 漢字의 訓과 音을 쓰시오.,麥,麥,,보리 맥,보리 맥,
3급II,95,2021-11-20,68,huneum_W,다음 漢字의 訓과 音을 쓰시오.,柱,柱,,기둥 주,기둥 주,
3급II,95,2021-11-20,69,huneum_W,다음 漢字의 訓과 音을 쓰시오.,澤,澤,,못 택,못 택,
3급II,95,2021-11-20,70,huneum_W,다음 漢字의 訓과 音을 쓰시오.,畢,畢,,마칠 필,마칠 필,
3급II,95,2021-11-20,71,huneum_W,다음 漢字의 訓과 音을 쓰시오.,柔,柔,,부드러울 유,부드러울 유,
3급II,95,2021-11-20,72,huneum_W,다음 漢字의 訓과 音을 쓰시오.,次,次,,버금 차,버금 차,
3급II,95,2021-11-20,73,jangeum_S,다음 중 첫음절이 長音으로 발음되는 것을 고르시오.,,,"[""① 同期"", ""② 動機""]",②,② 動機,
3급II,95,2021-11-20,74,jangeum_S,다음 중 첫음절이 長音으로 발음되는 것을 고르시오.,,,"[""① 會議"", ""② 懷疑""]",①,① 會議,
3급II,95,2021-11-20,75,jangeum_S,다음 중 첫음절이 長音으로 발음되는 것을 고르시오.,,,"[""① 醫師"", ""② 意思""]",②,② 意思,
3급II,95,2021-11-20,76,jangeum_S,다음 중 첫음절이 長音으로 발음되는 것을 고르시오.,,,"[""① 感謝"", ""② 監査""]",①,① 感謝,
3급II,95,2021-11-20,77,jangeum_S,다음 중 첫음절이 長音으로 발음되는 것을 고르시오.,,,"[""① 郵政"", ""② 友情""]",②,② 友情,
3급II,95,2021-11-20,78,hanjaeo_W,다음 문장에서 밑줄 친 漢字語를 漢字(正字)로 쓰시오.,흡연은 건강에 가장 유해한데 청소년 흡연이 더욱 그렇다.,흡연,,吸煙,吸煙,
3급II,95,2021-11-20,79,hanjaeo_W,다음 문장에서 밑줄 친 漢字語를 漢字(正字)로 쓰시오.,흡연은 건강에 가장 유해한데 청소년 흡연이 더욱 그렇다.,건강,,健康,健康,
3급II,95,2021-11-20,80,hanjaeo_W,다음 문장에서 밑줄 친 漢字語를 漢字(正字)로 쓰시오.,"코로나 19로부터 나를 보호하려면 마스크 착용, 손씻기를 생활 수칙으로 지켜야 한다.",보호,,保護,保護,
3급II,95,2021-11-20,81,hanjaeo_W,다음 문장에서 밑줄 친 漢字語를 漢字(正字)로 쓰시오.,"코로나 19로부터 나를 보호하려면 마스크 착용, 손씻기를 생활 수칙으로 지켜야 한다.",착용,,着用,着用,
3급II,95,2021-11-20,82,hanjaeo_W,다음 문장에서 밑줄 친 漢字語를 漢字(正字)로 쓰시오.,"코로나 19로부터 나를 보호하려면 마스크 착용, 손씻기를 생활 수칙으로 지켜야 한다.",수칙,,守則,守則,
3급II,95,2021-11-20,83,hanjaeo_W,다음 문장에서 밑줄 친 漢字語를 漢字(正字)로 쓰시오.,"인도의 마하트마 간디는 현대 문명의 질병으로 도덕 없는 상업, 양심 없는 쾌락, 희생 없는 종교 등을 들었다.",상업,,商業,商業,
3급II,95,2021-11-20,84,hanjaeo_W,다음 문장에서 밑줄 친 漢字語를 漢字(正字)로 쓰시오.,"인도의 마하트마 간디는 현대 문명의 질병으로 도덕 없는 상업, 양심 없는 쾌락, 희생 없는 종교 등을 들었다.",쾌락,,快樂,快樂,
3급II,95,2021-11-20,85,hanjaeo_W,다음 문장에서 밑줄 친 漢字語를 漢字(正字)로 쓰시오.,"인도의 마하트마 간디는 현대 문명의 질병으로 도덕 없는 상업, 양심 없는 쾌락, 희생 없는 종교 등을 들었다.",종교,,宗敎,宗敎,
3급II,95,2021-11-20,86,hanjaeo_W,다음 문장에서 밑줄 친 漢字語를 漢字(正字)로 쓰시오.,날씨는 생산 활동과 밀접하여 촌락에서는 날씨를 중요하게 여긴다.,생산,,生産,生産,
3급II,95,2021-11-20,87,hanjaeo_W,다음 문장에서 밑줄 친 漢字語를 漢字(正字)로 쓰시오.,날씨는 생산 활동과 밀접하여 촌락에서는 날씨를 중요하게 여긴다.,밀접,,密接,密接,
3급II,95,2021-11-20,88,hanjaeo_W,다음 문장에서 밑줄 친 漢字語를 漢字(正字)로 쓰시오.,날씨는 생산 활동과 밀접하여 촌락에서는 날씨를 중요하게 여긴다.,촌락,,村落,村落,
3급II,95,2021-11-20,89,hanjaeo_W,다음 문장에서 밑줄 친 漢字語를 漢字(正字)로 쓰시오.,남녀 및 부부는 서로 갈등하는 관계가 아니라 서로 존중하고 화합하는 관계이다.,부부,,夫婦,夫婦,
3급II,95,2021-11-20,90,hanjaeo_W,다음 문장에서 밑줄 친 漢字語를 漢字(正字)로 쓰시오.,남녀 및 부부는 서로 갈등하는 관계가 아니라 서로 존중하고 화합하는 관계이다.,관계,,關係,關係,
3급II,95,2021-11-20,91,hanjaeo_W,다음 문장에서 밑줄 친 漢字語를 漢字(正字)로 쓰시오.,남녀 및 부부는 서로 갈등하는 관계가 아니라 서로 존중하고 화합하는 관계이다.,존중,,尊重,尊重,
3급II,95,2021-11-20,92,hanjaeo_W,다음 문장에서 밑줄 친 漢字語를 漢字(正字)로 쓰시오.,"나라의 빈부를 결정하는 원인은 인종, 자연 환경이 아니라 문화라는 학설이 지지를 얻고 있다.",빈부,,貧富,貧富,
3급II,95,2021-11-20,93,hanjaeo_W,다음 문장에서 밑줄 친 漢字語를 漢字(正字)로 쓰시오.,"나라의 빈부를 결정하는 원인은 인종, 자연 환경이 아니라 문화라는 학설이 지지를 얻고 있다.",원인,,原因,原因,
3급II,95,2021-11-20,94,hanjaeo_W,다음 문장에서 밑줄 친 漢字語를 漢字(正字)로 쓰시오.,"나라의 빈부를 결정하는 원인은 인종, 자연 환경이 아니라 문화라는 학설이 지지를 얻고 있다.",자연,,自然,自然,
3급II,95,2021-11-20,95,hanjaeo_W,다음 문장에서 밑줄 친 漢字語를 漢字(正字)로 쓰시오.,"나라의 빈부를 결정하는 원인은 인종, 자연 환경이 아니라 문화라는 학설이 지지를 얻고 있다.",학설,,學說,學說,
3급II,95,2021-11-20,96,hanjaeo_W,다음 문장에서 밑줄 친 漢字語를 漢字(正字)로 쓰시오.,1960년대 한국은 아프리카 가나와 수준이 비슷하였는데 현재는 10배 정도 차이가 나 한국은 10대 경제 대국이 되었다.,수준,,水準,水準,
3급II,95,2021-11-20,97,hanjaeo_W,다음 문장에서 밑줄 친 漢字語를 漢字(正字)로 쓰시오.,1960년대 한국은 아프리카 가나와 수준이 비슷하였는데 현재는 10배 정도 차이가 나 한국은 10대 경제 대국이 되었다.,정도,,程度,程度,
3급II,95,2021-11-20,98,hanjaeo_W,다음 문장에서 밑줄 친 漢字語를 漢字(正字)로 쓰시오.,1960년대 한국은 아프리카 가나와 수준이 비슷하였는데 현재는 10배 정도 차이가 나 한국은 10대 경제 대국이 되었다.,경제,,經濟,經濟,
3급II,95,2021-11-20,99,hanjaeo_W,다음 문장에서 밑줄 친 漢字語를 漢字(正字)로 쓰시오.,‘오늘의 소식’이라 하면 될 것을 ‘투데이 뉴스’라고 하는 외국어 의존 악습을 청산해야 한다.,소식,,消息,消息,
3급II,95,2021-11-20,100,hanjaeo_W,다음 문장에서 밑줄 친 漢字語를 漢字(正字)로 쓰시오.,‘오늘의 소식’이라 하면 될 것을 ‘투데이 뉴스’라고 하는 외국어 의존 악습을 청산해야 한다.,악습,,惡習,惡習,
3급II,95,2021-11-20,101,hanjaeo_W,다음 문장에서 밑줄 친 漢字語를 漢字(正字)로 쓰시오.,‘오늘의 소식’이라 하면 될 것을 ‘투데이 뉴스’라고 하는 외국어 의존 악습을 청산해야 한다.,청산,,淸算,淸算,
3급II,95,2021-11-20,102,hanjaeo_W,다음 문장에서 밑줄 친 漢字語를 漢字(正字)로 쓰시오.,"한국 전쟁의 국군포로 총수는 8만 여 명인데 8,300여 명만 돌아왔고, 대부분 석탄 광산에서 중노동으로 죽어갔고, 탈북한 분이 80여 분인데 20여 분만 생존한다.",전쟁,,戰爭,戰爭,
3급II,95,2021-11-20,103,hanjaeo_W,다음 문장에서 밑줄 친 漢字語를 漢字(正字)로 쓰시오.,"한국 전쟁의 국군포로 총수는 8만 여 명인데 8,300여 명만 돌아왔고, 대부분 석탄 광산에서 중노동으로 죽어갔고, 탈북한 분이 80여 분인데 20여 분만 생존한다.",총수,,總數,總數,
3급II,95,2021-11-20,104,hanjaeo_W,다음 문장에서 밑줄 친 漢字語를 漢字(正字)로 쓰시오.,"한국 전쟁의 국군포로 총수는 8만 여 명인데 8,300여 명만 돌아왔고, 대부분 석탄 광산에서 중노동으로 죽어갔고, 탈북한 분이 80여 분인데 20여 분만 생존한다.",석탄,,石炭,石炭,
3급II,95,2021-11-20,105,hanjaeo_W,다음 문장에서 밑줄 친 漢字語를 漢字(正字)로 쓰시오.,카이로 회담에서는 일본에 대한 연합국 대응과 전후 처리 문제를 협의하고 조선의 독립을 처음으로 명문화하였다.,대응,,對應,對應,
3급II,95,2021-11-20,106,hanjaeo_W,다음 문장에서 밑줄 친 漢字語를 漢字(正字)로 쓰시오.,카이로 회담에서는 일본에 대한 연합국 대응과 전후 처리 문제를 협의하고 조선의 독립을 처음으로 명문화하였다.,처리,,處理,處理,
3급II,95,2021-11-20,107,hanjaeo_W,다음 문장에서 밑줄 친 漢字語를 漢字(正字)로 쓰시오.,카이로 회담에서는 일본에 대한 연합국 대응과 전후 처리 문제를 협의하고 조선의 독립을 처음으로 명문화하였다.,조선,,朝鮮,朝鮮,
3급II,95,2021-11-20,108,yui_W,다음 漢字와 비슷한 뜻을 가진 漢字(正字)를 (     ) 안에 써서 문장에 적합한 漢字語가 되게 하시오.,주장이 (   )硬하면 반발도 커서 부드럽게 설득함이 좋다.,( )硬,,強(强),強(强),
3급II,95,2021-11-20,109,yui_W,다음 漢字와 비슷한 뜻을 가진 漢字(正字)를 (     ) 안에 써서 문장에 적합한 漢字語가 되게 하시오.,인간은 모든 抑(    )으로부터 해방될 자유와 권리가 있다.,抑( ),,壓,壓,
3급II,95,2021-11-20,110,yui_W,다음 漢字와 비슷한 뜻을 가진 漢字(正字)를 (     ) 안에 써서 문장에 적합한 漢字語가 되게 하시오.,"부모님께 효도, 어른께 恭(    )함은 인간의 근본 도리다.",恭( ),,敬,敬,
3급II,95,2021-11-20,111,yui_W,다음 漢字와 비슷한 뜻을 가진 漢字(正字)를 (     ) 안에 써서 문장에 적합한 漢字語가 되게 하시오.,서류나 문서를 (   )僞로 작성하면 범죄가 된다.,( )僞,,虛,虛,
3급II,95,2021-11-20,112,yui_W,다음 漢字와 비슷한 뜻을 가진 漢字(正字)를 (     ) 안에 써서 문장에 적합한 漢字語가 되게 하시오.,奔(   )한 일상에서 잠시 멈춰 쉬면서 자기를 찾아야 한다.,奔( ),,走,走,
3급II,95,2021-11-20,113,banui_W,다음 漢字와 뜻이 반대 또는 상대되는 漢字(正字)를 써서 漢字語를 완성하시오.,여야는 국회에서 攻(     )을 치열하게 벌였다.,攻( ),,防,防,
3급II,95,2021-11-20,114,banui_W,다음 漢字와 뜻이 반대 또는 상대되는 漢字(正字)를 써서 漢字語를 완성하시오.,감정의 (   )伏이 심할 때는 수필을 읽거나 산보를 한다.,( )伏,,起,起,
3급II,95,2021-11-20,115,banui_W,다음 漢字와 뜻이 반대 또는 상대되는 漢字(正字)를 써서 漢字語를 완성하시오.,가족은 (   )辱의 세월을 함께 하는 사랑의 공동체이다.,( )辱,,榮,榮,
3급II,95,2021-11-20,116,banui_W,다음 漢字와 뜻이 반대 또는 상대되는 漢字(正字)를 써서 漢字語를 완성하시오.,"사전, 사후에 뇌물을 (   )受하면 범죄가 된다.",( )受,,授,授,
3급II,95,2021-11-20,117,banui_W,다음 漢字와 뜻이 반대 또는 상대되는 漢字(正字)를 써서 漢字語를 완성하시오.,조직의 부정부패를 막으려면 賞( )을 분명히 해야 한다.,賞( ),,罰,罰,
3급II,95,2021-11-20,118,banuieo_W,다음 漢字語의 반대어 또는 상대어를 2음절로 된 漢字(正字)로 쓰시오.,拒否,拒否,,承認,承認,
3급II,95,2021-11-20,119,banuieo_W,다음 漢字語의 반대어 또는 상대어를 2음절로 된 漢字(正字)로 쓰시오.,怨恨,怨恨,,恩惠,恩惠,
3급II,95,2021-11-20,120,banuieo_W,다음 漢字語의 반대어 또는 상대어를 2음절로 된 漢字(正字)로 쓰시오.,精神,精神,,物質,物質,
3급II,95,2021-11-20,121,banuieo_W,다음 漢字語의 반대어 또는 상대어를 2음절로 된 漢字(正字)로 쓰시오.,稱讚,稱讚,,非難,非難,
3급II,95,2021-11-20,122,banuieo_W,다음 漢字語의 반대어 또는 상대어를 2음절로 된 漢字(正字)로 쓰시오.,架空,架空,,實在,實在,
3급II,95,2021-11-20,123,dongeumeo_W,"다음 漢字語의 동음이의어를 漢字(正字)로 쓰되, 제시된 뜻에 맞는 것으로 하시오.",飛火 - (    ) 슬픈 이야기.,飛火,,悲話,悲話,
3급II,95,2021-11-20,124,dongeumeo_W,"다음 漢字語의 동음이의어를 漢字(正字)로 쓰되, 제시된 뜻에 맞는 것으로 하시오.",剛斷 - (    ) 강연자가 올라서도록 높게 만든 자리.,剛斷,,講壇,講壇,
3급II,95,2021-11-20,125,dongeumeo_W,"다음 漢字語의 동음이의어를 漢字(正字)로 쓰되, 제시된 뜻에 맞는 것으로 하시오.",附帶 - (    ) 일정 규모로 편성된 군대.,附帶,,部隊,部隊,
3급II,95,2021-11-20,126,dongeumeo_W,"다음 漢字語의 동음이의어를 漢字(正字)로 쓰되, 제시된 뜻에 맞는 것으로 하시오.",競技 - (    ) 매매나 거래에 나타나는 경제 활동 상태,競技,,景氣,景氣,
3급II,95,2021-11-20,127,dongeumeo_W,"다음 漢字語의 동음이의어를 漢字(正字)로 쓰되, 제시된 뜻에 맞는 것으로 하시오.",辭表 - (    ) 선거 때 낙선한 후보자에게 던져진 표.,辭表,,死票,死票,
3급II,95,2021-11-20,128,seongeo_W,다음 (   ) 안에 알맞은 漢字(正字)를 써서 四字成語를 완성하시오.,(    )舊迎新 : 묵은 해를 보내고 새해를 맞음.,( )舊迎新,,送,送,
3급II,95,2021-11-20,129,seongeo_W,다음 (   ) 안에 알맞은 漢字(正字)를 써서 四字成語를 완성하시오.,(    )上加霜 : 엎친 데 덮친 격.,( )上加霜,,雪,雪,
3급II,95,2021-11-20,130,seongeo_W,다음 (   ) 안에 알맞은 漢字(正字)를 써서 四字成語를 완성하시오.,兼人之(    ) : 혼자 능히 여럿을 당해낼 용기.,兼人之( ),,勇,勇,
3급II,95,2021-11-20,131,seongeo_W,다음 (   ) 안에 알맞은 漢字(正字)를 써서 四字成語를 완성하시오.,(    )母良妻 : 어진 어머니이면서 착한 아내.,( )母良妻,,賢,賢,
3급II,95,2021-11-20,132,seongeo_W,다음 (   ) 안에 알맞은 漢字(正字)를 써서 四字成語를 완성하시오.,鶴(    )苦待 : 학의 목 길게 빼듯 몹시 기다림.,鶴( )苦待,,首,首,
3급II,95,2021-11-20,133,seongeo_W,다음 (   ) 안에 알맞은 漢字(正字)를 써서 四字成語를 완성하시오.,"高臺( )室 : 높은 대와 넓은 집, 곧 굉장히 크고 좋은 집.",高臺( )室,,廣,廣,
3급II,95,2021-11-20,134,seongeo_W,다음 (   ) 안에 알맞은 漢字(正字)를 써서 四字成語를 완성하시오.,三旬九(    ) : 가난해 끼니를 많이 거름.,三旬九( ),,食,食,
3급II,95,2021-11-20,135,seongeo_W,다음 (   ) 안에 알맞은 漢字(正字)를 써서 四字成語를 완성하시오.,日就月(    ) : 날로 달로 자라나감.,日就月( ),,將,將,
3급II,95,2021-11-20,136,seongeo_W,다음 (   ) 안에 알맞은 漢字(正字)를 써서 四字成語를 완성하시오.,藥(    )甘草 : 무슨 일이나 빠짐없이 끼임.,藥( )甘草,,房,房,
3급II,95,2021-11-20,137,seongeo_W,다음 (   ) 안에 알맞은 漢字(正字)를 써서 四字成語를 완성하시오.,(    )山幽谷 : 깊은 산의 으슥한 골짜기.,( )山幽谷,,深,深,
3급II,95,2021-11-20,138,busu_W,다음 漢字의 부수를 쓰시오.,契,契,,大,大,
3급II,95,2021-11-20,139,busu_W,다음 漢字의 부수를 쓰시오.,斜,斜,,斗,斗,
3급II,95,2021-11-20,140,busu_W,다음 漢字의 부수를 쓰시오.,暫,暫,,日,日,
3급II,95,2021-11-20,141,busu_W,다음 漢字의 부수를 쓰시오.,惑,惑,,心,心,
3급II,95,2021-11-20,142,busu_W,다음 漢字의 부수를 쓰시오.,突,突,,穴,穴,
3급II,95,2021-11-20,143,yakja_W,다음 漢字의 略字를 쓰시오.,興,興,,兴,兴,
3급II,95,2021-11-20,144,yakja_W,다음 漢字의 略字를 쓰시오.,蟲,蟲,,虫,虫,
3급II,95,2021-11-20,145,yakja_W,다음 漢字의 略字를 쓰시오.,傳,傳,,伝,伝,
3급II,95,2021-11-20,146,mean_W,다음 漢字語의 뜻을 쓰시오.,騎手,騎手,,경마에서 말 타는 사람,경마에서 말 타는 사람,
3급II,95,2021-11-20,147,mean_W,다음 漢字語의 뜻을 쓰시오.,演士,演士,,연설하는 사람,연설하는 사람,
3급II,95,2021-11-20,148,mean_W,다음 漢字語의 뜻을 쓰시오.,需給,需給,,수요와 공급,수요와 공급,
3급II,95,2021-11-20,149,mean_W,다음 漢字語의 뜻을 쓰시오.,是正,是正,,잘못을 바로잡음,잘못을 바로잡음,
3급II,95,2021-11-20,150,mean_W,다음 漢字語의 뜻을 쓰시오.,補助,補助,,보태어 도움,보태어 도움,
3급II,96,2022-02-26,1,dokeum_W,다음 문장에서 밑줄 친 漢字語의 讀音을 쓰시오.,"하루를 充滿하게 살아가기 위해서는 親切과 희망, 일상에서 느끼는 소소한 행복의 중요함을 깨달아야 한다.",充滿,,충만,충만,
3급II,96,2022-02-26,2,dokeum_W,다음 문장에서 밑줄 친 漢字語의 讀音을 쓰시오.,"하루를 充滿하게 살아가기 위해서는 親切과 희망, 일상에서 느끼는 소소한 행복의 중요함을 깨달아야 한다.",親切,,친절,친절,
3급II,96,2022-02-26,3,dokeum_W,다음 문장에서 밑줄 친 漢字語의 讀音을 쓰시오.,올바른 訓育을 위해서는 아이가 배워야 할 것을 明確하게 알려 주어야 한다. 簡潔하게 하는 것이 核心이다.,訓育,,훈육,훈육,
3급II,96,2022-02-26,4,dokeum_W,다음 문장에서 밑줄 친 漢字語의 讀音을 쓰시오.,올바른 訓育을 위해서는 아이가 배워야 할 것을 明確하게 알려 주어야 한다. 簡潔하게 하는 것이 核心이다.,明確,,명확,명확,
3급II,96,2022-02-26,5,dokeum_W,다음 문장에서 밑줄 친 漢字語의 讀音을 쓰시오.,올바른 訓育을 위해서는 아이가 배워야 할 것을 明確하게 알려 주어야 한다. 簡潔하게 하는 것이 核心이다.,簡潔,,간결,간결,
3급II,96,2022-02-26,6,dokeum_W,다음 문장에서 밑줄 친 漢字語의 讀音을 쓰시오.,올바른 訓育을 위해서는 아이가 배워야 할 것을 明確하게 알려 주어야 한다. 簡潔하게 하는 것이 核心이다.,核心,,핵심,핵심,
3급II,96,2022-02-26,7,dokeum_W,다음 문장에서 밑줄 친 漢字語의 讀音을 쓰시오.,가족관계는 바른 인성을 형성하는 데 중요한 影響을 준다.,影響,,영향,영향,
3급II,96,2022-02-26,8,dokeum_W,다음 문장에서 밑줄 친 漢字語의 讀音을 쓰시오.,현대에서는 경제활동의 基盤을 제공하는 運輸·통신 등의 사회간접자본에 대한 公共 投資가 중요하다.,基盤,,기반,기반,
3급II,96,2022-02-26,9,dokeum_W,다음 문장에서 밑줄 친 漢字語의 讀音을 쓰시오.,현대에서는 경제활동의 基盤을 제공하는 運輸·통신 등의 사회간접자본에 대한 公共 投資가 중요하다.,運輸,,운수,운수,
3급II,96,2022-02-26,10,dokeum_W,다음 문장에서 밑줄 친 漢字語의 讀音을 쓰시오.,현대에서는 경제활동의 基盤을 제공하는 運輸·통신 등의 사회간접자본에 대한 公共 投資가 중요하다.,公共,,공공,공공,
3급II,96,2022-02-26,11,dokeum_W,다음 문장에서 밑줄 친 漢字語의 讀音을 쓰시오.,현대에서는 경제활동의 基盤을 제공하는 運輸·통신 등의 사회간접자본에 대한 公共 投資가 중요하다.,投資,,투자,투자,
3급II,96,2022-02-26,12,dokeum_W,다음 문장에서 밑줄 친 漢字語의 讀音을 쓰시오.,"서재필은 독립협회를 만들고, 우리의 민족정신을 鼓吹하기 위해 독립신문을 創刊하였다.",鼓吹,,고취,고취,
3급II,96,2022-02-26,13,dokeum_W,다음 문장에서 밑줄 친 漢字語의 讀音을 쓰시오.,"서재필은 독립협회를 만들고, 우리의 민족정신을 鼓吹하기 위해 독립신문을 創刊하였다.",創刊,,창간,창간,
3급II,96,2022-02-26,14,dokeum_W,다음 문장에서 밑줄 친 漢字語의 讀音을 쓰시오.,그 제품은 반드시 殺菌과 密封을 거친다.,殺菌,,살균,살균,
3급II,96,2022-02-26,15,dokeum_W,다음 문장에서 밑줄 친 漢字語의 讀音을 쓰시오.,그 제품은 반드시 殺菌과 密封을 거친다.,密封,,밀봉,밀봉,
3급II,96,2022-02-26,16,dokeum_W,다음 문장에서 밑줄 친 漢字語의 讀音을 쓰시오.,침수되고 많은 사람들의 인명이 頃刻에 달려 있었다.,浸水,,침수,침수,
3급II,96,2022-02-26,17,dokeum_W,다음 문장에서 밑줄 친 漢字語의 讀音을 쓰시오.,침수되고 많은 사람들의 인명이 頃刻에 달려 있었다.,頃刻,,경각,경각,
3급II,96,2022-02-26,18,dokeum_W,다음 문장에서 밑줄 친 漢字語의 讀音을 쓰시오.,중요한 속보를 전하기 위해 緊迫한 상황에도 불구하고 沈着하게 일을 처리해 내는 모습에 다른 사람들은 완전히 壓倒를 당하였다.,緊迫,,긴박,긴박,
3급II,96,2022-02-26,19,dokeum_W,다음 문장에서 밑줄 친 漢字語의 讀音을 쓰시오.,중요한 속보를 전하기 위해 緊迫한 상황에도 불구하고 沈着하게 일을 처리해 내는 모습에 다른 사람들은 완전히 壓倒를 당하였다.,沈着,,침착,침착,
3급II,96,2022-02-26,20,dokeum_W,다음 문장에서 밑줄 친 漢字語의 讀音을 쓰시오.,중요한 속보를 전하기 위해 緊迫한 상황에도 불구하고 沈着하게 일을 처리해 내는 모습에 다른 사람들은 완전히 壓倒를 당하였다.,壓倒,,압도,압도,
3급II,96,2022-02-26,21,dokeum_W,다음 漢字語의 讀音을 쓰시오.,佳味,佳味,,가미,가미,
3급II,96,2022-02-26,22,dokeum_W,다음 漢字語의 讀音을 쓰시오.,觸覺,觸覺,,촉각,촉각,
3급II,96,2022-02-26,23,dokeum_W,다음 漢字語의 讀音을 쓰시오.,頭腦,頭腦,,두뇌,두뇌,
3급II,96,2022-02-26,24,dokeum_W,다음 漢字語의 讀音을 쓰시오.,脚光,脚光,,각광,각광,
3급II,96,2022-02-26,25,dokeum_W,다음 漢字語의 讀音을 쓰시오.,懇曲,懇曲,,간곡,간곡,
3급II,96,2022-02-26,26,dokeum_W,다음 漢字語의 讀音을 쓰시오.,鋼鐵,鋼鐵,,강철,강철,
3급II,96,2022-02-26,27,dokeum_W,다음 漢字語의 讀音을 쓰시오.,承諾,承諾,,승낙,승낙,
3급II,96,2022-02-26,28,dokeum_W,다음 漢字語의 讀音을 쓰시오.,茶禮,茶禮,,다례,다례,
3급II,96,2022-02-26,29,dokeum_W,다음 漢字語의 讀音을 쓰시오.,踏襲,踏襲,,답습,답습,
3급II,96,2022-02-26,30,dokeum_W,다음 漢字語의 讀音을 쓰시오.,陶藝,陶藝,,도예,도예,
3급II,96,2022-02-26,31,dokeum_W,다음 漢字語의 讀音을 쓰시오.,脈絡,脈絡,,맥락,맥락,
3급II,96,2022-02-26,32,dokeum_W,다음 漢字語의 讀音을 쓰시오.,荒涼,荒涼,,황량,황량,
3급II,96,2022-02-26,33,dokeum_W,다음 漢字語의 讀音을 쓰시오.,督勵,督勵,,독려,독려,
3급II,96,2022-02-26,34,dokeum_W,다음 漢字語의 讀音을 쓰시오.,冊曆,冊曆,,책력,책력,
3급II,96,2022-02-26,35,dokeum_W,다음 漢字語의 讀音을 쓰시오.,硏磨,硏磨,,연마,연마,
3급II,96,2022-02-26,36,dokeum_W,다음 漢字語의 讀音을 쓰시오.,沙漠,沙漠,,사막,사막,
3급II,96,2022-02-26,37,dokeum_W,다음 漢字語의 讀音을 쓰시오.,浮揚,浮揚,,부양,부양,
3급II,96,2022-02-26,38,dokeum_W,다음 漢字語의 讀音을 쓰시오.,稀釋,稀釋,,희석,희석,
3급II,96,2022-02-26,39,dokeum_W,다음 漢字語의 讀音을 쓰시오.,豫審,豫審,,예심,예심,
3급II,96,2022-02-26,40,dokeum_W,다음 漢字語의 讀音을 쓰시오.,哀痛,哀痛,,애통,애통,
3급II,96,2022-02-26,41,dokeum_W,다음 漢字語의 讀音을 쓰시오.,壽宴,壽宴,,수연,수연,
3급II,96,2022-02-26,42,dokeum_W,다음 漢字語의 讀音을 쓰시오.,懷柔,懷柔,,회유,회유,
3급II,96,2022-02-26,43,dokeum_W,다음 漢字語의 讀音을 쓰시오.,鬪魂,鬪魂,,투혼,투혼,
3급II,96,2022-02-26,44,dokeum_W,다음 漢字語의 讀音을 쓰시오.,缺陷,缺陷,,결함,결함,
3급II,96,2022-02-26,45,dokeum_W,다음 漢字語의 讀音을 쓰시오.,危殆,危殆,,위태,위태,
3급II,96,2022-02-26,46,huneum_W,다음 漢字의 訓과 音을 쓰시오.,卑,卑,,낮을 비,낮을 비,
3급II,96,2022-02-26,47,huneum_W,다음 漢字의 訓과 音을 쓰시오.,欄,欄,,난간 란,난간 란,
3급II,96,2022-02-26,48,huneum_W,다음 漢字의 訓과 音을 쓰시오.,侍,侍,,모실 시,모실 시,
3급II,96,2022-02-26,49,huneum_W,다음 漢字의 訓과 音을 쓰시오.,耕,耕,,밭갈[犁田] 경,밭갈[犁田] 경,
3급II,96,2022-02-26,50,huneum_W,다음 漢字의 訓과 音을 쓰시오.,拳,拳,,주먹 권,주먹 권,
3급II,96,2022-02-26,51,huneum_W,다음 漢字의 訓과 音을 쓰시오.,愚,愚,,어리석을 우,어리석을 우,
3급II,96,2022-02-26,52,huneum_W,다음 漢字의 訓과 音을 쓰시오.,抵,抵,,막을[抗] 저,막을[抗] 저,
3급II,96,2022-02-26,53,huneum_W,다음 漢字의 訓과 音을 쓰시오.,跡,跡,,발자취 적,발자취 적,
3급II,96,2022-02-26,54,huneum_W,다음 漢字의 訓과 音을 쓰시오.,館,館,,집 관,집 관,
3급II,96,2022-02-26,55,huneum_W,다음 漢字의 訓과 音을 쓰시오.,沒,沒,,빠질 몰,빠질 몰,
3급II,96,2022-02-26,56,huneum_W,다음 漢字의 訓과 音을 쓰시오.,巖,巖,,바위 암,바위 암,
3급II,96,2022-02-26,57,huneum_W,다음 漢字의 訓과 音을 쓰시오.,糖,糖,,엿 당,엿 당,
3급II,96,2022-02-26,58,huneum_W,다음 漢字의 訓과 音을 쓰시오.,燒,燒,,사를 소,사를 소,
3급II,96,2022-02-26,59,huneum_W,다음 漢字의 訓과 音을 쓰시오.,畢,畢,,마칠 필,마칠 필,
3급II,96,2022-02-26,60,huneum_W,다음 漢字의 訓과 音을 쓰시오.,梅,梅,,매화 매,매화 매,
3급II,96,2022-02-26,61,huneum_W,다음 漢字의 訓과 音을 쓰시오.,夢,夢,,꿈 몽,꿈 몽,
3급II,96,2022-02-26,62,huneum_W,다음 漢字의 訓과 音을 쓰시오.,沿,沿,,물따라갈/따를 연,물따라갈/따를 연,
3급II,96,2022-02-26,63,huneum_W,다음 漢字의 訓과 音을 쓰시오.,越,越,,넘을 월,넘을 월,
3급II,96,2022-02-26,64,huneum_W,다음 漢字의 訓과 音을 쓰시오.,溪,溪,,시내 계,시내 계,
3급II,96,2022-02-26,65,huneum_W,다음 漢字의 訓과 音을 쓰시오.,淫,淫,,음란할 음,음란할 음,
3급II,96,2022-02-26,66,huneum_W,다음 漢字의 訓과 音을 쓰시오.,靈,靈,,신령 령,신령 령,
3급II,96,2022-02-26,67,huneum_W,다음 漢字의 訓과 音을 쓰시오.,醉,醉,,취할 취,취할 취,
3급II,96,2022-02-26,68,huneum_W,다음 漢字의 訓과 音을 쓰시오.,微,微,,작을 미,작을 미,
3급II,96,2022-02-26,69,huneum_W,다음 漢字의 訓과 音을 쓰시오.,邪,邪,,간사할 사,간사할 사,
3급II,96,2022-02-26,70,huneum_W,다음 漢字의 訓과 音을 쓰시오.,輩,輩,,무리 배,무리 배,
3급II,96,2022-02-26,71,huneum_W,다음 漢字의 訓과 音을 쓰시오.,猛,猛,,사나울 맹,사나울 맹,
3급II,96,2022-02-26,72,huneum_W,다음 漢字의 訓과 音을 쓰시오.,逸,逸,,편안할 일,편안할 일,
3급II,96,2022-02-26,73,jangeum_S,다음 중 첫음절이 長音으로 발음되는 것을 고르시오.,,,"[""① 店員"", ""② 點圓""]",①,① 店員,
3급II,96,2022-02-26,74,jangeum_S,다음 중 첫음절이 長音으로 발음되는 것을 고르시오.,,,"[""① 軍師"", ""② 郡史""]",②,② 郡史,
3급II,96,2022-02-26,75,jangeum_S,다음 중 첫음절이 長音으로 발음되는 것을 고르시오.,,,"[""① 房門"", ""② 訪問""]",②,② 訪問,
3급II,96,2022-02-26,76,jangeum_S,다음 중 첫음절이 長音으로 발음되는 것을 고르시오.,,,"[""① 代謝"", ""② 臺詞""]",①,① 代謝,
3급II,96,2022-02-26,77,jangeum_S,다음 중 첫음절이 長音으로 발음되는 것을 고르시오.,,,"[""① 拜具"", ""② 排球""]",①,① 拜具,
3급II,96,2022-02-26,78,hanjaeo_W,다음 문장에서 밑줄 친 漢字語를 漢字(正字)로 쓰시오.,"물체들이 서로 다른 모습을 띠는 것은 원자들의 모양과 위치, 그리고 배열 구조가 다르기 때문이다.",물체,,物體,物體,
3급II,96,2022-02-26,79,hanjaeo_W,다음 문장에서 밑줄 친 漢字語를 漢字(正字)로 쓰시오.,"물체들이 서로 다른 모습을 띠는 것은 원자들의 모양과 위치, 그리고 배열 구조가 다르기 때문이다.",위치,,位置,位置,
3급II,96,2022-02-26,80,hanjaeo_W,다음 문장에서 밑줄 친 漢字語를 漢字(正字)로 쓰시오.,"물체들이 서로 다른 모습을 띠는 것은 원자들의 모양과 위치, 그리고 배열 구조가 다르기 때문이다.",배열,,配列,配列,
3급II,96,2022-02-26,81,hanjaeo_W,다음 문장에서 밑줄 친 漢字語를 漢字(正字)로 쓰시오.,통일신라는 점차 혼란에 빠지기 시작했다.,통일신라,,統一新羅,統一新羅,
3급II,96,2022-02-26,82,hanjaeo_W,다음 문장에서 밑줄 친 漢字語를 漢字(正字)로 쓰시오.,선거에 승리하기 위해서는 국민의 지지를 받는 것이 중요하다.,선거,,選擧,選擧,
3급II,96,2022-02-26,83,hanjaeo_W,다음 문장에서 밑줄 친 漢字語를 漢字(正字)로 쓰시오.,선거에 승리하기 위해서는 국민의 지지를 받는 것이 중요하다.,승리,,勝利,勝利,
3급II,96,2022-02-26,84,hanjaeo_W,다음 문장에서 밑줄 친 漢字語를 漢字(正字)로 쓰시오.,선거에 승리하기 위해서는 국민의 지지를 받는 것이 중요하다.,중요,,重要,重要,
3급II,96,2022-02-26,85,hanjaeo_W,다음 문장에서 밑줄 친 漢字語를 漢字(正字)로 쓰시오.,중북부 해안 지역을 중심으로 대설 특보가 내려졌다. 안전에 유의해야 한다.,특보,,特報,特報,
3급II,96,2022-02-26,86,hanjaeo_W,다음 문장에서 밑줄 친 漢字語를 漢字(正字)로 쓰시오.,중북부 해안 지역을 중심으로 대설 특보가 내려졌다. 안전에 유의해야 한다.,유의,,留意,留意,
3급II,96,2022-02-26,87,hanjaeo_W,다음 문장에서 밑줄 친 漢字語를 漢字(正字)로 쓰시오.,부동산 정책에서는 금리가 주택 가격에 주는 영향을 고려해야 한다는 주장이 있다.,주택,,住宅,住宅,
3급II,96,2022-02-26,88,hanjaeo_W,다음 문장에서 밑줄 친 漢字語를 漢字(正字)로 쓰시오.,부동산 정책에서는 금리가 주택 가격에 주는 영향을 고려해야 한다는 주장이 있다.,가격,,價格,價格,
3급II,96,2022-02-26,89,hanjaeo_W,다음 문장에서 밑줄 친 漢字語를 漢字(正字)로 쓰시오.,방역을 위해 경기 관람 시 마스크를 쓰지 않은 관중들은 입장해서는 안 된다고 경고했다.,경기,,競技,競技,
3급II,96,2022-02-26,90,hanjaeo_W,다음 문장에서 밑줄 친 漢字語를 漢字(正字)로 쓰시오.,방역을 위해 경기 관람 시 마스크를 쓰지 않은 관중들은 입장해서는 안 된다고 경고했다.,관중,,觀衆,觀衆,
3급II,96,2022-02-26,91,hanjaeo_W,다음 문장에서 밑줄 친 漢字語를 漢字(正字)로 쓰시오.,방역을 위해 경기 관람 시 마스크를 쓰지 않은 관중들은 입장해서는 안 된다고 경고했다.,경고,,警告,警告,
3급II,96,2022-02-26,92,hanjaeo_W,다음 문장에서 밑줄 친 漢字語를 漢字(正字)로 쓰시오.,강력한 토네이도로 도시 전체가 봉쇄되었다.,강력,,強力,強力,
3급II,96,2022-02-26,93,hanjaeo_W,다음 문장에서 밑줄 친 漢字語를 漢字(正字)로 쓰시오.,토네이도의 중심 부근은 매우 강한 상승 기류를 가진 저기압성 폭풍으로...,폭풍,,暴風,暴風,
3급II,96,2022-02-26,94,hanjaeo_W,다음 문장에서 밑줄 친 漢字語를 漢字(正字)로 쓰시오.,유엔은 2030년 탄소 배출량이 2010년 대비 16% 증가할 것으로 전망하고 있다.,탄소,,炭素,炭素,
3급II,96,2022-02-26,95,hanjaeo_W,다음 문장에서 밑줄 친 漢字語를 漢字(正字)로 쓰시오.,유엔은 2030년 탄소 배출량이 2010년 대비 16% 증가할 것으로 전망하고 있다.,증가,,增加,增加,
3급II,96,2022-02-26,96,hanjaeo_W,다음 문장에서 밑줄 친 漢字語를 漢字(正字)로 쓰시오.,유엔은 2030년 탄소 배출량이 2010년 대비 16% 증가할 것으로 전망하고 있다.,전망,,展望,展望,
3급II,96,2022-02-26,97,hanjaeo_W,다음 문장에서 밑줄 친 漢字語를 漢字(正字)로 쓰시오.,"인공달팽이관의 외부 장치, 즉 외부의 소리를 전기의 신호로 바꾸어 인공달팽이관에 넣어주는 장치가 고장 나면 소리가 들리지 않는다.",전기,,電氣,電氣,
3급II,96,2022-02-26,98,hanjaeo_W,다음 문장에서 밑줄 친 漢字語를 漢字(正字)로 쓰시오.,"인공달팽이관의 외부 장치, 즉 외부의 소리를 전기의 신호로 바꾸어 인공달팽이관에 넣어주는 장치가 고장 나면 소리가 들리지 않는다.",신호,,信號,信號,
3급II,96,2022-02-26,99,hanjaeo_W,다음 문장에서 밑줄 친 漢字語를 漢字(正字)로 쓰시오.,"자율주행차에서 ‘눈’의 역할을 하는 것은 카메라, 레이더, 라이다(LiDAR)다. 카메라는 렌즈로 주변 물체를 식별한다.",자율주행차,,自律走行車,自律走行車,
3급II,96,2022-02-26,100,hanjaeo_W,다음 문장에서 밑줄 친 漢字語를 漢字(正字)로 쓰시오.,"자율주행차에서 ‘눈’의 역할을 하는 것은 카메라, 레이더, 라이다(LiDAR)다. 카메라는 렌즈로 주변 물체를 식별한다.",식별,,識別,識別,
3급II,96,2022-02-26,101,hanjaeo_W,다음 문장에서 밑줄 친 漢字語를 漢字(正字)로 쓰시오.,"라이다는 ‘라이트(Light)’와 ‘레이더(Radar)’의 합성어로, 전파 대신 빛을 쏘기 때문에 레이더가 못 보는 사각 지대까지 파악한다.",사각,,死角,死角,
3급II,96,2022-02-26,102,hanjaeo_W,다음 문장에서 밑줄 친 漢字語를 漢字(正字)로 쓰시오.,"라이다는 ‘라이트(Light)’와 ‘레이더(Radar)’의 합성어로, 전파 대신 빛을 쏘기 때문에 레이더가 못 보는 사각 지대까지 파악한다.",지대,,地帶,地帶,
3급II,96,2022-02-26,103,hanjaeo_W,다음 문장에서 밑줄 친 漢字語를 漢字(正字)로 쓰시오.,"코로나 사태 이후 개인 투자자들은 인터넷, 소셜네트워크서비스(SNS) 등을 매개로 열린 집단 지성이 가능해져 많은 투자 정보를 습득하고 투자 대상에 접근할 수 있게 되었다.",사태,,事態,事態,
3급II,96,2022-02-26,104,hanjaeo_W,다음 문장에서 밑줄 친 漢字語를 漢字(正字)로 쓰시오.,"코로나 사태 이후 개인 투자자들은 인터넷, 소셜네트워크서비스(SNS) 등을 매개로 열린 집단 지성이 가능해져 많은 투자 정보를 습득하고 투자 대상에 접근할 수 있게 되었다.",집단,,集團,集團,
3급II,96,2022-02-26,105,hanjaeo_W,다음 문장에서 밑줄 친 漢字語를 漢字(正字)로 쓰시오.,"코로나 사태 이후 개인 투자자들은 인터넷, 소셜네트워크서비스(SNS) 등을 매개로 열린 집단 지성이 가능해져 많은 투자 정보를 습득하고 투자 대상에 접근할 수 있게 되었다.",지성,,知性,知性,
3급II,96,2022-02-26,106,hanjaeo_W,다음 문장에서 밑줄 친 漢字語를 漢字(正字)로 쓰시오.,"코로나 사태 이후 개인 투자자들은 인터넷, 소셜네트워크서비스(SNS) 등을 매개로 열린 집단 지성이 가능해져 많은 투자 정보를 습득하고 투자 대상에 접근할 수 있게 되었다.",습득,,習得,習得,
3급II,96,2022-02-26,107,hanjaeo_W,다음 문장에서 밑줄 친 漢字語를 漢字(正字)로 쓰시오.,"코로나 사태 이후 개인 투자자들은 인터넷, 소셜네트워크서비스(SNS) 등을 매개로 열린 집단 지성이 가능해져 많은 투자 정보를 습득하고 투자 대상에 접근할 수 있게 되었다.",접근,,接近,接近,
3급II,96,2022-02-26,108,yui_W,다음 漢字와 비슷한 뜻을 가진 漢字(正字)를 (       ) 안에 써서 문장에 적합한 漢字語가 되게 하시오.,공무상 제대로 행정 처리를 했는지 반드시 (      )察해야 한다.,( )察,,監,監,
3급II,96,2022-02-26,109,yui_W,다음 漢字와 비슷한 뜻을 가진 漢字(正字)를 (       ) 안에 써서 문장에 적합한 漢字語가 되게 하시오.,그는 病(   )이 깊어짐에 따라 더 이상의 치료를 멈추고 집으로 돌아가기를 원했다.,病( ),,患,患,
3급II,96,2022-02-26,110,yui_W,다음 漢字와 비슷한 뜻을 가진 漢字(正字)를 (       ) 안에 써서 문장에 적합한 漢字語가 되게 하시오.,과학의 달을 맞아 우주 분야의 지식에 (   )達한 전문가를 인터뷰하기로 하였다.,( )達,,通,通,
3급II,96,2022-02-26,111,yui_W,다음 漢字와 비슷한 뜻을 가진 漢字(正字)를 (       ) 안에 써서 문장에 적합한 漢字語가 되게 하시오.,결국 독일은 1차 세계대전에서 敗(   )하였다.,敗( ),,北,北,
3급II,96,2022-02-26,112,yui_W,다음 漢字와 비슷한 뜻을 가진 漢字(正字)를 (       ) 안에 써서 문장에 적합한 漢字語가 되게 하시오.,식약처는 몇몇 기업에게 백신의 ( )造를 허가하였다.,( )造,,製,製,
3급II,96,2022-02-26,113,banui_W,다음 漢字와 뜻이 反對 또는 相對되는 漢字(正字)를 써서 漢字語를 완성하시오.,지금에 와서 지난날의 功(             )를 묻는 것은 어떤 도움이 되겠는가?,功( ),,過,過,
3급II,96,2022-02-26,114,banui_W,다음 漢字와 뜻이 反對 또는 相對되는 漢字(正字)를 써서 漢字語를 완성하시오.,예전에는 많은 사람들이 풍수적으로 터의 (       )凶을 따져 집을 짓곤 했다.,( )凶,,吉,吉,
3급II,96,2022-02-26,115,banui_W,다음 漢字와 뜻이 反對 또는 相對되는 漢字(正字)를 써서 漢字語를 완성하시오.,임금은 文(    )를 고루 갖춘 신하들을 신임하였다.,文( ),,武,武,
3급II,96,2022-02-26,116,banui_W,다음 漢字와 뜻이 反對 또는 相對되는 漢字(正字)를 써서 漢字語를 완성하시오.,뇌물이나 금품 (        )受시에는 처벌을 받게 된다.,( )受,,授,授,
3급II,96,2022-02-26,117,banui_W,다음 漢字와 뜻이 反對 또는 相對되는 漢字(正字)를 써서 漢字語를 완성하시오.,우리나라는 勞(       ) 안정을 위한 많은 법률 제도가 여전히 필요하다.,勞( ),,使,使,
3급II,96,2022-02-26,118,banuieo_W,다음 漢字語의 反對語 또는 相對語를 2음절로 된 漢字(正字)로 쓰시오.,白晝,白晝,,深夜,深夜,
3급II,96,2022-02-26,119,banuieo_W,다음 漢字語의 反對語 또는 相對語를 2음절로 된 漢字(正字)로 쓰시오.,向上,向上,,低下,低下,
3급II,96,2022-02-26,120,banuieo_W,다음 漢字語의 反對語 또는 相對語를 2음절로 된 漢字(正字)로 쓰시오.,稱讚,稱讚,,非難,非難,
3급II,96,2022-02-26,121,banuieo_W,다음 漢字語의 反對語 또는 相對語를 2음절로 된 漢字(正字)로 쓰시오.,破壞,破壞,,建設,建設,
3급II,96,2022-02-26,122,banuieo_W,다음 漢字語의 反對語 또는 相對語를 2음절로 된 漢字(正字)로 쓰시오.,虛僞,虛僞,,眞實,眞實,
3급II,96,2022-02-26,123,dongeumeo_W,"다음 漢字語의 同音異義語를 漢字(正字)로 쓰되, 제시된 뜻에 맞는 것으로 하시오.",絶世 - (       ) 세금을 적게 냄.,絶世,,節稅,節稅,
3급II,96,2022-02-26,124,dongeumeo_W,"다음 漢字語의 同音異義語를 漢字(正字)로 쓰되, 제시된 뜻에 맞는 것으로 하시오.",泥狀 - (       ) 생각해 볼 때 가장 완전하다고 여겨지는 상태.,泥狀,,理想,理想,
3급II,96,2022-02-26,125,dongeumeo_W,"다음 漢字語의 同音異義語를 漢字(正字)로 쓰되, 제시된 뜻에 맞는 것으로 하시오.",龍旗 - () 물건을 담는 그릇.,龍旗,,容器,容器,
3급II,96,2022-02-26,126,dongeumeo_W,"다음 漢字語의 同音異義語를 漢字(正字)로 쓰되, 제시된 뜻에 맞는 것으로 하시오.",良好 - (       ) 기르고 보호함.,良好,,養護,養護,
3급II,96,2022-02-26,127,dongeumeo_W,"다음 漢字語의 同音異義語를 漢字(正字)로 쓰되, 제시된 뜻에 맞는 것으로 하시오.",變更 - (       ) 나라의 경계가 되는 변두리의 땅,變更,,邊境,邊境,
3급II,96,2022-02-26,128,seongeo_W,다음 (     ) 안에 알맞은 漢字(正字)를 써서 四字成語를 완성하시오.,鶴首苦(     ),鶴首苦( ),,待,待,
3급II,96,2022-02-26,129,seongeo_W,다음 (     ) 안에 알맞은 漢字(正字)를 써서 四字成語를 완성하시오.,(   )離滅裂,( )離滅裂,,支,支,
3급II,96,2022-02-26,130,seongeo_W,다음 (     ) 안에 알맞은 漢字(正字)를 써서 四字成語를 완성하시오.,轉禍( )福,轉禍( )福,,爲,爲,
3급II,96,2022-02-26,131,seongeo_W,다음 (     ) 안에 알맞은 漢字(正字)를 써서 四字成語를 완성하시오.,縱橫( )盡,縱橫( )盡,,無,無,
3급II,96,2022-02-26,132,seongeo_W,다음 (     ) 안에 알맞은 漢字(正字)를 써서 四字成語를 완성하시오.,(   )退維谷,( )退維谷,,進,進,
3급II,96,2022-02-26,133,seongeo_W,다음 (     ) 안에 알맞은 漢字(正字)를 써서 四字成語를 완성하시오.,竹馬( )友,竹馬( )友,,故,故,
3급II,96,2022-02-26,134,seongeo_W,다음 (     ) 안에 알맞은 漢字(正字)를 써서 四字成語를 완성하시오.,日就月(     ),日就月( ),,將,將,
3급II,96,2022-02-26,135,seongeo_W,다음 (     ) 안에 알맞은 漢字(正字)를 써서 四字成語를 완성하시오.,附(   )雷同,附( )雷同,,和,和,
3급II,96,2022-02-26,136,seongeo_W,다음 (     ) 안에 알맞은 漢字(正字)를 써서 四字成語를 완성하시오.,拔(   )塞源,拔( )塞源,,本,本,
3급II,96,2022-02-26,137,seongeo_W,다음 (     ) 안에 알맞은 漢字(正字)를 써서 四字成語를 완성하시오.,權謀( )數,權謀( )數,,術,術,
3급II,96,2022-02-26,138,busu_W,다음 漢字의 部首를 쓰시오.,康,康,,广,广,
3급II,96,2022-02-26,139,busu_W,다음 漢字의 部首를 쓰시오.,舊,舊,,臼,臼,
3급II,96,2022-02-26,140,busu_W,다음 漢字의 部首를 쓰시오.,綠,綠,,糸,糸,
3급II,96,2022-02-26,141,busu_W,다음 漢字의 部首를 쓰시오.,飛,飛,,飛,飛,
3급II,96,2022-02-26,142,busu_W,다음 漢字의 部首를 쓰시오.,飮,飮,,食(飠),食(飠),
3급II,96,2022-02-26,143,yakja_W,다음 漢字의 略字를 쓰시오.,興,興,,兴,兴,
3급II,96,2022-02-26,144,yakja_W,다음 漢字의 略字를 쓰시오.,總,總,,総,総,
3급II,96,2022-02-26,145,yakja_W,다음 漢字의 略字를 쓰시오.,應,應,,応,応,
3급II,96,2022-02-26,146,mean_W,다음 漢字語의 뜻을 쓰시오.,假說,假說,,어떤 사실을 설명하기 위해 설정한 가정,어떤 사실을 설명하기 위해 설정한 가정,
3급II,96,2022-02-26,147,mean_W,다음 漢字語의 뜻을 쓰시오.,未詳,未詳,,알려지지 않음.,알려지지 않음.,
3급II,96,2022-02-26,148,mean_W,다음 漢字語의 뜻을 쓰시오.,丹粧,丹粧,,"얼굴, 머리, 옷차림 따위를 곱게 꾸밈.","얼굴, 머리, 옷차림 따위를 곱게 꾸밈.",
3급II,96,2022-02-26,149,mean_W,다음 漢字語의 뜻을 쓰시오.,發砲,發砲,,총이나 포를 쏨.,총이나 포를 쏨.,
3급II,96,2022-02-26,150,mean_W,다음 漢字語의 뜻을 쓰시오.,契機,契機,,어떤 일이 일어나거나 변화하도록 만드는 결,어떤 일이 일어나거나 변화하도록 만드는 결,
3급II,97,2022-05-28,1,dokeum_W,다음 문장에서 밑줄 친 漢字語의 讀音을 쓰시오.,그는 우리를 激勵하고 慰安하기 위해 그런 말씀을 하셨단다.,激勵,,격려,격려,
3급II,97,2022-05-28,2,dokeum_W,다음 문장에서 밑줄 친 漢字語의 讀音을 쓰시오.,그는 우리를 激勵하고 慰安하기 위해 그런 말씀을 하셨단다.,慰安,,위안,위안,
3급II,97,2022-05-28,3,dokeum_W,다음 문장에서 밑줄 친 漢字語의 讀音을 쓰시오.,강도들은 警察署를 侵犯하여 拳銃 두 정을 奪取하였다.,警察署,,경찰서,경찰서,
3급II,97,2022-05-28,4,dokeum_W,다음 문장에서 밑줄 친 漢字語의 讀音을 쓰시오.,강도들은 警察署를 侵犯하여 拳銃 두 정을 奪取하였다.,侵犯,,침범,침범,
3급II,97,2022-05-28,5,dokeum_W,다음 문장에서 밑줄 친 漢字語의 讀音을 쓰시오.,강도들은 警察署를 侵犯하여 拳銃 두 정을 奪取하였다.,拳銃,,권총,권총,
3급II,97,2022-05-28,6,dokeum_W,다음 문장에서 밑줄 친 漢字語의 讀音을 쓰시오.,강도들은 警察署를 侵犯하여 拳銃 두 정을 奪取하였다.,奪取,,탈취,탈취,
3급II,97,2022-05-28,7,dokeum_W,다음 문장에서 밑줄 친 漢字語의 讀音을 쓰시오.,그녀는 손을 모아 樓閣의 懸板을 향해 절을 하고 또 한다.,樓閣,,누각,누각,
3급II,97,2022-05-28,8,dokeum_W,다음 문장에서 밑줄 친 漢字語의 讀音을 쓰시오.,그녀는 손을 모아 樓閣의 懸板을 향해 절을 하고 또 한다.,懸板,,현판,현판,
3급II,97,2022-05-28,9,dokeum_W,다음 문장에서 밑줄 친 漢字語의 讀音을 쓰시오.,"우리는 悠久한 역사 속에서 풍속과 習慣, 의식주의 공통성을 가지게 되었다.",悠久,,유구,유구,
3급II,97,2022-05-28,10,dokeum_W,다음 문장에서 밑줄 친 漢字語의 讀音을 쓰시오.,"우리는 悠久한 역사 속에서 풍속과 習慣, 의식주의 공통성을 가지게 되었다.",習慣,,습관,습관,
3급II,97,2022-05-28,11,dokeum_W,다음 문장에서 밑줄 친 漢字語의 讀音을 쓰시오.,暴雪 때문에 그 지역과 聯絡이 두절된 지 사흘째다.,暴雪,,폭설,폭설,
3급II,97,2022-05-28,12,dokeum_W,다음 문장에서 밑줄 친 漢字語의 讀音을 쓰시오.,暴雪 때문에 그 지역과 聯絡이 두절된 지 사흘째다.,聯絡,,연락,연락,
3급II,97,2022-05-28,13,dokeum_W,다음 문장에서 밑줄 친 漢字語의 讀音을 쓰시오.,그녀는 우리에게 隆崇한 대접과 餘興을 베풀어 주었다.,隆崇,,융숭,융숭,
3급II,97,2022-05-28,14,dokeum_W,다음 문장에서 밑줄 친 漢字語의 讀音을 쓰시오.,그녀는 우리에게 隆崇한 대접과 餘興을 베풀어 주었다.,餘興,,여흥,여흥,
3급II,97,2022-05-28,15,dokeum_W,다음 문장에서 밑줄 친 漢字語의 讀音을 쓰시오.,며칠 전에 본 영화의 殘像이 아직도 腦裏 속에 남아 있다.,殘像,,잔상,잔상,
3급II,97,2022-05-28,16,dokeum_W,다음 문장에서 밑줄 친 漢字語의 讀音을 쓰시오.,며칠 전에 본 영화의 殘像이 아직도 腦裏 속에 남아 있다.,腦裏,,뇌리,뇌리,
3급II,97,2022-05-28,17,dokeum_W,다음 문장에서 밑줄 친 漢字語의 讀音을 쓰시오.,細菌의 浸透를 막으려면 손과 발을 깨끗이 씻으세요.,細菌,,세균,세균,
3급II,97,2022-05-28,18,dokeum_W,다음 문장에서 밑줄 친 漢字語의 讀音을 쓰시오.,細菌의 浸透를 막으려면 손과 발을 깨끗이 씻으세요.,浸透,,침투,침투,
3급II,97,2022-05-28,19,dokeum_W,다음 문장에서 밑줄 친 漢字語의 讀音을 쓰시오.,이번 비행장 爆擊으로 적국의 공군력은 顯著하게 약화되었을 것이다.,爆擊,,폭격,폭격,
3급II,97,2022-05-28,20,dokeum_W,다음 문장에서 밑줄 친 漢字語의 讀音을 쓰시오.,이번 비행장 爆擊으로 적국의 공군력은 顯著하게 약화되었을 것이다.,顯著,,현저,현저,
3급II,97,2022-05-28,21,dokeum_W,다음 漢字語의 讀音을 쓰시오.,寡默,寡默,,과묵,과묵,
3급II,97,2022-05-28,22,dokeum_W,다음 漢字語의 讀音을 쓰시오.,鍊磨,鍊磨,,연마,연마,
3급II,97,2022-05-28,23,dokeum_W,다음 漢字語의 讀音을 쓰시오.,麥飯,麥飯,,맥반,맥반,
3급II,97,2022-05-28,24,dokeum_W,다음 漢字語의 讀音을 쓰시오.,宇宙,宇宙,,우주,우주,
3급II,97,2022-05-28,25,dokeum_W,다음 漢字語의 讀音을 쓰시오.,執刀,執刀,,집도,집도,
3급II,97,2022-05-28,26,dokeum_W,다음 漢字語의 讀音을 쓰시오.,換拂,換拂,,환불,환불,
3급II,97,2022-05-28,27,dokeum_W,다음 漢字語의 讀音을 쓰시오.,媒介,媒介,,매개,매개,
3급II,97,2022-05-28,28,dokeum_W,다음 漢字語의 讀音을 쓰시오.,沿岸,沿岸,,연안,연안,
3급II,97,2022-05-28,29,dokeum_W,다음 漢字語의 讀音을 쓰시오.,謙虛,謙虛,,겸허,겸허,
3급II,97,2022-05-28,30,dokeum_W,다음 漢字語의 讀音을 쓰시오.,符籍,符籍,,부적,부적,
3급II,97,2022-05-28,31,dokeum_W,다음 漢字語의 讀音을 쓰시오.,鼓吹,鼓吹,,고취,고취,
3급II,97,2022-05-28,32,dokeum_W,다음 漢字語의 讀音을 쓰시오.,摘芽,摘芽,,적아,적아,
3급II,97,2022-05-28,33,dokeum_W,다음 漢字語의 讀音을 쓰시오.,戀慕,戀慕,,연모,연모,
3급II,97,2022-05-28,34,dokeum_W,다음 漢字語의 讀音을 쓰시오.,御殿,御殿,,어전,어전,
3급II,97,2022-05-28,35,dokeum_W,다음 漢字語의 讀音을 쓰시오.,怪獸,怪獸,,괴수,괴수,
3급II,97,2022-05-28,36,dokeum_W,다음 漢字語의 讀音을 쓰시오.,懇請,懇請,,간청,간청,
3급II,97,2022-05-28,37,dokeum_W,다음 漢字語의 讀音을 쓰시오.,漸染,漸染,,점염,점염,
3급II,97,2022-05-28,38,dokeum_W,다음 漢字語의 讀音을 쓰시오.,繁昌,繁昌,,번창,번창,
3급II,97,2022-05-28,39,dokeum_W,다음 漢字語의 讀音을 쓰시오.,徵兆,徵兆,,징조,징조,
3급II,97,2022-05-28,40,dokeum_W,다음 漢字語의 讀音을 쓰시오.,肺炎,肺炎,,폐렴,폐렴,
3급II,97,2022-05-28,41,dokeum_W,다음 漢字語의 讀音을 쓰시오.,剛斷,剛斷,,강단,강단,
3급II,97,2022-05-28,42,dokeum_W,다음 漢字語의 讀音을 쓰시오.,償還,償還,,상환,상환,
3급II,97,2022-05-28,43,dokeum_W,다음 漢字語의 讀音을 쓰시오.,啓蒙,啓蒙,,계몽,계몽,
3급II,97,2022-05-28,44,dokeum_W,다음 漢字語의 讀音을 쓰시오.,愚弄,愚弄,,우롱,우롱,
3급II,97,2022-05-28,45,dokeum_W,다음 漢字語의 讀音을 쓰시오.,拘留,拘留,,구류,구류,
3급II,97,2022-05-28,46,huneum_W,다음 漢字의 訓・音을 쓰시오.,照,照,,비칠 조,비칠 조,
3급II,97,2022-05-28,47,huneum_W,다음 漢字의 訓・音을 쓰시오.,恕,恕,,용서할 서,용서할 서,
3급II,97,2022-05-28,48,huneum_W,다음 漢字의 訓・音을 쓰시오.,眠,眠,,잘 면,잘 면,
3급II,97,2022-05-28,49,huneum_W,다음 漢字의 訓・音을 쓰시오.,械,械,,기계 계,기계 계,
3급II,97,2022-05-28,50,huneum_W,다음 漢字의 訓・音을 쓰시오.,迫,迫,,핍박할 박,핍박할 박,
3급II,97,2022-05-28,51,huneum_W,다음 漢字의 訓・音을 쓰시오.,奴,奴,,종 노,종 노,
3급II,97,2022-05-28,52,huneum_W,다음 漢字의 訓・音을 쓰시오.,贊,贊,,도울 찬,도울 찬,
3급II,97,2022-05-28,53,huneum_W,다음 漢字의 訓・音을 쓰시오.,恐,恐,,두려울 공,두려울 공,
3급II,97,2022-05-28,54,huneum_W,다음 漢字의 訓・音을 쓰시오.,顔,顔,,낯 안,낯 안,
3급II,97,2022-05-28,55,huneum_W,다음 漢字의 訓・音을 쓰시오.,片,片,,조각 편,조각 편,
3급II,97,2022-05-28,56,huneum_W,다음 漢字의 訓・音을 쓰시오.,寂,寂,,고요할 적,고요할 적,
3급II,97,2022-05-28,57,huneum_W,다음 漢字의 訓・音을 쓰시오.,釋,釋,,풀 석,풀 석,
3급II,97,2022-05-28,58,huneum_W,다음 漢字의 訓・音을 쓰시오.,玄,玄,,검을 현,검을 현,
3급II,97,2022-05-28,59,huneum_W,다음 漢字의 訓・音을 쓰시오.,諾,諾,,허락할 낙,허락할 낙,
3급II,97,2022-05-28,60,huneum_W,다음 漢字의 訓・音을 쓰시오.,卽,卽,,곧 즉,곧 즉,
3급II,97,2022-05-28,61,huneum_W,다음 漢字의 訓・音을 쓰시오.,憤,憤,,분할 분,분할 분,
3급II,97,2022-05-28,62,huneum_W,다음 漢字의 訓・音을 쓰시오.,悟,悟,,깨달을 오,깨달을 오,
3급II,97,2022-05-28,63,huneum_W,다음 漢字의 訓・音을 쓰시오.,虎,虎,,범 호,범 호,
3급II,97,2022-05-28,64,huneum_W,다음 漢字의 訓・音을 쓰시오.,稚,稚,,어릴 치,어릴 치,
3급II,97,2022-05-28,65,huneum_W,다음 漢字의 訓・音을 쓰시오.,睦,睦,,화목할 목,화목할 목,
3급II,97,2022-05-28,66,huneum_W,다음 漢字의 訓・音을 쓰시오.,劍,劍,,칼 검,칼 검,
3급II,97,2022-05-28,67,huneum_W,다음 漢字의 訓・音을 쓰시오.,響,響,,울릴 향,울릴 향,
3급II,97,2022-05-28,68,huneum_W,다음 漢字의 訓・音을 쓰시오.,婢,婢,,계집종 비,계집종 비,
3급II,97,2022-05-28,69,huneum_W,다음 漢字의 訓・音을 쓰시오.,翼,翼,,날개 익,날개 익,
3급II,97,2022-05-28,70,huneum_W,다음 漢字의 訓・音을 쓰시오.,錦,錦,,비단 금,비단 금,
3급II,97,2022-05-28,71,huneum_W,다음 漢字의 訓・音을 쓰시오.,峯,峯,,봉우리 봉,봉우리 봉,
3급II,97,2022-05-28,72,huneum_W,다음 漢字의 訓・音을 쓰시오.,側,側,,곁 측,곁 측,
3급II,97,2022-05-28,73,jangeum_S,다음 중 첫음절이 長音으로 발음되는 것을 고르시오.,,,"[""① 悔色"", ""② 灰色""]",①,① 悔色,
3급II,97,2022-05-28,74,jangeum_S,다음 중 첫음절이 長音으로 발음되는 것을 고르시오.,,,"[""① 歌辭"", ""② 假死""]",②,② 假死,
3급II,97,2022-05-28,75,jangeum_S,다음 중 첫음절이 長音으로 발음되는 것을 고르시오.,,,"[""① 祭儀"", ""② 提議""]",①,① 祭儀,
3급II,97,2022-05-28,76,jangeum_S,다음 중 첫음절이 長音으로 발음되는 것을 고르시오.,,,"[""① 變更"", ""② 邊境""]",①,① 變更,
3급II,97,2022-05-28,77,jangeum_S,다음 중 첫음절이 長音으로 발음되는 것을 고르시오.,,,"[""① 移轉"", ""② 以前""]",②,② 以前,
3급II,97,2022-05-28,78,hanjaeo_W,다음 문장에서 밑줄 친 漢字語를 漢字(正字)로 쓰시오.,한 보건 단체에서 국민의 건강을 위해 공중식당에서 금연을 하자는 캠페인을 벌였다.,단체,,團體,團體,
3급II,97,2022-05-28,79,hanjaeo_W,다음 문장에서 밑줄 친 漢字語를 漢字(正字)로 쓰시오.,한 보건 단체에서 국민의 건강을 위해 공중식당에서 금연을 하자는 캠페인을 벌였다.,건강,,健康,健康,
3급II,97,2022-05-28,80,hanjaeo_W,다음 문장에서 밑줄 친 漢字語를 漢字(正字)로 쓰시오.,한 보건 단체에서 국민의 건강을 위해 공중식당에서 금연을 하자는 캠페인을 벌였다.,금연,,禁煙,禁煙,
3급II,97,2022-05-28,81,hanjaeo_W,다음 문장에서 밑줄 친 漢字語를 漢字(正字)로 쓰시오.,우리는 결혼반지를 맞추려고 오후 내내 귀금속 도매 상가를 돌아다녔다.,도매,,都賣,都賣,
3급II,97,2022-05-28,82,hanjaeo_W,다음 문장에서 밑줄 친 漢字語를 漢字(正字)로 쓰시오.,우리는 결혼반지를 맞추려고 오후 내내 귀금속 도매 상가를 돌아다녔다.,상가,,商街,商街,
3급II,97,2022-05-28,83,hanjaeo_W,다음 문장에서 밑줄 친 漢字語를 漢字(正字)로 쓰시오.,관사에 들어가서 내가 고등학교를 졸업할 때까지 그곳에서 살았다.,관사,,官舍,官舍,
3급II,97,2022-05-28,84,hanjaeo_W,다음 문장에서 밑줄 친 漢字語를 漢字(正字)로 쓰시오.,관사에 들어가서 내가 고등학교를 졸업할 때까지 그곳에서 살았다.,졸업,,卒業,卒業,
3급II,97,2022-05-28,85,hanjaeo_W,다음 문장에서 밑줄 친 漢字語를 漢字(正字)로 쓰시오.,"지역 신문은 중고품 매매, 구직, 부동산 거래 등과 같은 생활 정보로 지면이 꾸며진다.",구직,,求職,求職,
3급II,97,2022-05-28,86,hanjaeo_W,다음 문장에서 밑줄 친 漢字語를 漢字(正字)로 쓰시오.,"지역 신문은 중고품 매매, 구직, 부동산 거래 등과 같은 생활 정보로 지면이 꾸며진다.",부동산,,不動産,不動産,
3급II,97,2022-05-28,87,hanjaeo_W,다음 문장에서 밑줄 친 漢字語를 漢字(正字)로 쓰시오.,"지역 신문은 중고품 매매, 구직, 부동산 거래 등과 같은 생활 정보로 지면이 꾸며진다.",거래,,去來,去來,
3급II,97,2022-05-28,88,hanjaeo_W,다음 문장에서 밑줄 친 漢字語를 漢字(正字)로 쓰시오.,"지역 신문은 중고품 매매, 구직, 부동산 거래 등과 같은 생활 정보로 지면이 꾸며진다.",정보,,情報,情報,
3급II,97,2022-05-28,89,hanjaeo_W,다음 문장에서 밑줄 친 漢字語를 漢字(正字)로 쓰시오.,우리들은 모두가 행복하고 고귀하게 살 권리를 지니고 있다고 열변을 토했다.,행복,,幸福,幸福,
3급II,97,2022-05-28,90,hanjaeo_W,다음 문장에서 밑줄 친 漢字語를 漢字(正字)로 쓰시오.,우리들은 모두가 행복하고 고귀하게 살 권리를 지니고 있다고 열변을 토했다.,고귀,,高貴,高貴,
3급II,97,2022-05-28,91,hanjaeo_W,다음 문장에서 밑줄 친 漢字語를 漢字(正字)로 쓰시오.,우리들은 모두가 행복하고 고귀하게 살 권리를 지니고 있다고 열변을 토했다.,권리,,權利,權利,
3급II,97,2022-05-28,92,hanjaeo_W,다음 문장에서 밑줄 친 漢字語를 漢字(正字)로 쓰시오.,단순하게 보여도 설화 문학은 옛 선인들의 의식을 들여다볼 수 있는 창이야.,단순,,單純,單純,
3급II,97,2022-05-28,93,hanjaeo_W,다음 문장에서 밑줄 친 漢字語를 漢字(正字)로 쓰시오.,단순하게 보여도 설화 문학은 옛 선인들의 의식을 들여다볼 수 있는 창이야.,설화,,說話,說話,
3급II,97,2022-05-28,94,hanjaeo_W,다음 문장에서 밑줄 친 漢字語를 漢字(正字)로 쓰시오.,단순하게 보여도 설화 문학은 옛 선인들의 의식을 들여다볼 수 있는 창이야.,의식,,意識,意識,
3급II,97,2022-05-28,95,hanjaeo_W,다음 문장에서 밑줄 친 漢字語를 漢字(正字)로 쓰시오.,그는 극단의 상황에서도 절대 평정심을 잃지 않고 오히려 삶의 희망을 찾았다.,극단,,極端,極端,
3급II,97,2022-05-28,96,hanjaeo_W,다음 문장에서 밑줄 친 漢字語를 漢字(正字)로 쓰시오.,그는 극단의 상황에서도 절대 평정심을 잃지 않고 오히려 삶의 희망을 찾았다.,희망,,希望,希望,
3급II,97,2022-05-28,97,hanjaeo_W,다음 문장에서 밑줄 친 漢字語를 漢字(正字)로 쓰시오.,의사는 눈병의 증세가 더 심한 오른쪽 눈에 안대를 대주었다.,의사,,醫師,醫師,
3급II,97,2022-05-28,98,hanjaeo_W,다음 문장에서 밑줄 친 漢字語를 漢字(正字)로 쓰시오.,의사는 눈병의 증세가 더 심한 오른쪽 눈에 안대를 대주었다.,안대,,眼帶,眼帶,
3급II,97,2022-05-28,99,hanjaeo_W,다음 문장에서 밑줄 친 漢字語를 漢字(正字)로 쓰시오.,국가 경쟁력 강화를 위해서는 노사 관계가 원만해야 한다.,경쟁,,競爭,競爭,
3급II,97,2022-05-28,100,hanjaeo_W,다음 문장에서 밑줄 친 漢字語를 漢字(正字)로 쓰시오.,국가 경쟁력 강화를 위해서는 노사 관계가 원만해야 한다.,노사,,勞使,勞使,
3급II,97,2022-05-28,101,hanjaeo_W,다음 문장에서 밑줄 친 漢字語를 漢字(正字)로 쓰시오.,국가 경쟁력 강화를 위해서는 노사 관계가 원만해야 한다.,관계,,關係,關係,
3급II,97,2022-05-28,102,hanjaeo_W,다음 문장에서 밑줄 친 漢字語를 漢字(正字)로 쓰시오.,국가 경쟁력 강화를 위해서는 노사 관계가 원만해야 한다.,원만,,圓滿,圓滿,
3급II,97,2022-05-28,103,hanjaeo_W,다음 문장에서 밑줄 친 漢字語를 漢字(正字)로 쓰시오.,정부는 이들 지역에 혁신 거점을 조성하고 지역 밀착형 생활 사회 간접 자본 공급을 확대할 계획이다.,정부,,政府,政府,
3급II,97,2022-05-28,104,hanjaeo_W,다음 문장에서 밑줄 친 漢字語를 漢字(正字)로 쓰시오.,정부는 이들 지역에 혁신 거점을 조성하고 지역 밀착형 생활 사회 간접 자본 공급을 확대할 계획이다.,밀착,,密着,密着,
3급II,97,2022-05-28,105,hanjaeo_W,다음 문장에서 밑줄 친 漢字語를 漢字(正字)로 쓰시오.,정부는 이들 지역에 혁신 거점을 조성하고 지역 밀착형 생활 사회 간접 자본 공급을 확대할 계획이다.,간접,,間接,間接,
3급II,97,2022-05-28,106,hanjaeo_W,다음 문장에서 밑줄 친 漢字語를 漢字(正字)로 쓰시오.,상수원 보호 구역에는 폐수 정화 시설을 설치해야 한다.,보호,,保護,保護,
3급II,97,2022-05-28,107,hanjaeo_W,다음 문장에서 밑줄 친 漢字語를 漢字(正字)로 쓰시오.,상수원 보호 구역에는 폐수 정화 시설을 설치해야 한다.,설치,,設置,設置,
3급II,97,2022-05-28,108,yui_W,다음 漢字와 비슷한 뜻을 가진 漢字(正字)를 (         ) 안에 써서 문장에 적합한 漢字語가 되게 하시오.,궁수는 날카로운 화살로 적의 (   )帥를 쐈다.,( )帥,,將,將,
3급II,97,2022-05-28,109,yui_W,다음 漢字와 비슷한 뜻을 가진 漢字(正字)를 (         ) 안에 써서 문장에 적합한 漢字語가 되게 하시오.,부모님을 恭(     )하는 것은 도의적 의무라고 할 수 있다.,恭( ),,敬,敬,
3급II,97,2022-05-28,110,yui_W,다음 漢字와 비슷한 뜻을 가진 漢字(正字)를 (         ) 안에 써서 문장에 적합한 漢字語가 되게 하시오.,그 사고는 서류상의 錯(      )가 생겨서 일어난 일이다.,錯( ),,誤,誤,
3급II,97,2022-05-28,111,yui_W,다음 漢字와 비슷한 뜻을 가진 漢字(正字)를 (         ) 안에 써서 문장에 적합한 漢字語가 되게 하시오.,이 의자는 무척 堅(   )하게 만들어졌다.,堅( ),,固,固,
3급II,97,2022-05-28,112,yui_W,다음 漢字와 비슷한 뜻을 가진 漢字(正字)를 (         ) 안에 써서 문장에 적합한 漢字語가 되게 하시오.,아래에 (    )列되어 있는 단어들의 공통점은 무엇일까요?,( )列,,羅,羅,
3급II,97,2022-05-28,113,banui_W,다음 漢字와 뜻이 反對 또는 相對되는 漢字(正字)를 써서 漢字語를 완성하시오.,이 법안을 두고 지지파와 반대파 간에 열띤 攻(    )이 벌어졌다.,攻( ),,防,防,
3급II,97,2022-05-28,114,banui_W,다음 漢字와 뜻이 反對 또는 相對되는 漢字(正字)를 써서 漢字語를 완성하시오.,우리 사회는 아직까지 (    )富의 차가 심하다.,( )富,,貧,貧,
3급II,97,2022-05-28,115,banui_W,다음 漢字와 뜻이 反對 또는 相對되는 漢字(正字)를 써서 漢字語를 완성하시오.,"승부가 결정되자마자, 치열하게 경쟁했던 두 선수의 얼굴에 喜(   )가 엇갈렸다.",喜( ),,悲,悲,
3급II,97,2022-05-28,116,banui_W,다음 漢字와 뜻이 反對 또는 相對되는 漢字(正字)를 써서 漢字語를 완성하시오.,그는 투자에 앞서 재빠르게 損( )을 따져 보았다.,損( ),,益,益,
3급II,97,2022-05-28,117,banui_W,다음 漢字와 뜻이 反對 또는 相對되는 漢字(正字)를 써서 漢字語를 완성하시오.,승패가 같은 경우 골 (    )失차로 본선 진출을 가린다.,( )失,,得,得,
3급II,97,2022-05-28,118,banuieo_W,다음 漢字語의 反對語 또는 相對語를 2음절로 된 漢字(正字)로 쓰시오.,拒否,拒否,,承認,承認,
3급II,97,2022-05-28,119,banuieo_W,다음 漢字語의 反對語 또는 相對語를 2음절로 된 漢字(正字)로 쓰시오.,迎新,迎新,,送舊,送舊,
3급II,97,2022-05-28,120,banuieo_W,다음 漢字語의 反對語 또는 相對語를 2음절로 된 漢字(正字)로 쓰시오.,苦痛,苦痛,,快樂,快樂,
3급II,97,2022-05-28,121,banuieo_W,다음 漢字語의 反對語 또는 相對語를 2음절로 된 漢字(正字)로 쓰시오.,減退,減退,,增進,增進,
3급II,97,2022-05-28,122,banuieo_W,다음 漢字語의 反對語 또는 相對語를 2음절로 된 漢字(正字)로 쓰시오.,原因,原因,,結果,結果,
3급II,97,2022-05-28,123,dongeumeo_W,"다음 漢字語의 同音異義語를 漢字(正字)로 쓰되, 제시된 뜻에 맞는 것으로 하시오.",疏遠 - (    ) 어떤 일이 이루어지기를 바람. 또는 그런 일.,疏遠,,所願,所願,
3급II,97,2022-05-28,124,dongeumeo_W,"다음 漢字語의 同音異義語를 漢字(正字)로 쓰되, 제시된 뜻에 맞는 것으로 하시오.",舞技 - (    ) 전쟁이나 싸움에 사용되는 기구를 통틀어 이르는 말.,舞技,,武器,武器,
3급II,97,2022-05-28,125,dongeumeo_W,"다음 漢字語의 同音異義語를 漢字(正字)로 쓰되, 제시된 뜻에 맞는 것으로 하시오.",造機 - (    ) 아침 일찍 일어남.,造機,,早起,早起,
3급II,97,2022-05-28,126,dongeumeo_W,"다음 漢字語의 同音異義語를 漢字(正字)로 쓰되, 제시된 뜻에 맞는 것으로 하시오.",蘭芳 - (    ) 실내의 온도를 높여 따뜻하게 하는 일.,蘭芳,,暖(煖)房,暖(煖)房,
3급II,97,2022-05-28,127,dongeumeo_W,"다음 漢字語의 同音異義語를 漢字(正字)로 쓰되, 제시된 뜻에 맞는 것으로 하시오.",飛上 - (    ) 뜻밖의 긴급한 사태.,飛上,,非常,非常,
3급II,97,2022-05-28,128,seongeo_W,다음 (        ) 안에 알맞은 漢字(正字)를 써서 四字成語를 완성하시오.,(   )骨仙風 : 살빛이 희고 고결하여 신선과 같은 풍채.,( )骨仙風,,玉,玉,
3급II,97,2022-05-28,129,seongeo_W,다음 (        ) 안에 알맞은 漢字(正字)를 써서 四字成語를 완성하시오.,改過遷(    ) : 지난날의 잘못이나 허물을 고쳐 올바르고 착하게 됨.,改過遷( ),,善,善,
3급II,97,2022-05-28,130,seongeo_W,다음 (        ) 안에 알맞은 漢字(正字)를 써서 四字成語를 완성하시오.,無(    )徒食 : 하는 일 없이 놀고먹음.,無( )徒食,,爲,爲,
3급II,97,2022-05-28,131,seongeo_W,다음 (        ) 안에 알맞은 漢字(正字)를 써서 四字成語를 완성하시오.,姑(    )之計 : 우선 당장 편한 것만을 택하는 꾀나 방법.,姑( )之計,,息,息,
3급II,97,2022-05-28,132,seongeo_W,다음 (        ) 안에 알맞은 漢字(正字)를 써서 四字成語를 완성하시오.,(    )思熟考 : 깊이 잘 생각함.,( )思熟考,,深,深,
3급II,97,2022-05-28,133,seongeo_W,다음 (        ) 안에 알맞은 漢字(正字)를 써서 四字成語를 완성하시오.,(    )學阿世 : 바른길에서 벗어난 학문으로 세상 사람에게 아첨함.,( )學阿世,,曲,曲,
3급II,97,2022-05-28,134,seongeo_W,다음 (        ) 안에 알맞은 漢字(正字)를 써서 四字成語를 완성하시오.,"桑(    )碧海 : 뽕나무밭이 변하여 푸른 바다가 된다는 뜻으로, 세상일의 변천이 심함을 비유적으로 이르는 말.",桑( )碧海,,田,田,
3급II,97,2022-05-28,135,seongeo_W,다음 (        ) 안에 알맞은 漢字(正字)를 써서 四字成語를 완성하시오.,(    )株待兔 : 한 가지 일에만 얽매여 발전을 모르는 어리석은 사람을 비유적으로 이르는 말.,( )株待兔,,守,守,
3급II,97,2022-05-28,136,seongeo_W,다음 (        ) 안에 알맞은 漢字(正字)를 써서 四字成語를 완성하시오.,近墨者( ) : 지내면 나쁜 버릇에 물들기 쉬움을 비유적으로 이르는 말.,近墨者( ),,黑,黑,
3급II,97,2022-05-28,137,seongeo_W,다음 (        ) 안에 알맞은 漢字(正字)를 써서 四字成語를 완성하시오.,切(   )腐心 : 몹시 분하여 이를 갈며 속을 썩임.,切( )腐心,,齒,齒,
3급II,97,2022-05-28,138,busu_W,다음 漢字의 部首를 쓰시오.,票,票,,示,示,
3급II,97,2022-05-28,139,busu_W,다음 漢字의 部首를 쓰시오.,項,項,,頁,頁,
3급II,97,2022-05-28,140,busu_W,다음 漢字의 部首를 쓰시오.,盲,盲,,目,目,
3급II,97,2022-05-28,141,busu_W,다음 漢字의 部首를 쓰시오.,幹,幹,,干,干,
3급II,97,2022-05-28,142,busu_W,다음 漢字의 部首를 쓰시오.,栗,栗,,木,木,
3급II,97,2022-05-28,143,yakja_W,다음 漢字의 略字를 쓰시오.,擔,擔,,担,担,
3급II,97,2022-05-28,144,yakja_W,다음 漢字의 略字를 쓰시오.,處,處,,処,処,
3급II,97,2022-05-28,145,yakja_W,다음 漢字의 略字를 쓰시오.,壓,壓,,圧,圧,
3급II,97,2022-05-28,146,mean_W,다음 漢字語의 뜻을 쓰시오.,微笑,微笑,,소리 없이 빙긋이 웃음.,소리 없이 빙긋이 웃음.,
3급II,97,2022-05-28,147,mean_W,다음 漢字語의 뜻을 쓰시오.,露宿,露宿,,한데에서 잠을 잠.,한데에서 잠을 잠.,
3급II,97,2022-05-28,148,mean_W,다음 漢字語의 뜻을 쓰시오.,猛毒,猛毒,,심한 독기.,심한 독기.,
3급II,97,2022-05-28,149,mean_W,다음 漢字語의 뜻을 쓰시오.,僞證,僞證,,거짓으로 증명함. 또는 그런 증거.,거짓으로 증명함. 또는 그런 증거.,
3급II,97,2022-05-28,150,mean_W,다음 漢字語의 뜻을 쓰시오.,潛跡,潛跡,,종적을 아주 숨김.,종적을 아주 숨김.,
3급II,98,2022-08-27,1,dokeum_W,다음 문장에서 밑줄 친 漢字語의 讀音을 쓰시오.,기업의 탐욕으로 소비자들의 건강과 안전을 威脅하는 일을 막기 위한 윤리 綱領이 만들어졌다.,威脅,,위협,위협,
3급II,98,2022-08-27,2,dokeum_W,다음 문장에서 밑줄 친 漢字語의 讀音을 쓰시오.,기업의 탐욕으로 소비자들의 건강과 안전을 威脅하는 일을 막기 위한 윤리 綱領이 만들어졌다.,綱領,,강령,강령,
3급II,98,2022-08-27,3,dokeum_W,다음 문장에서 밑줄 친 漢字語의 讀音을 쓰시오.,무분별한 야생동물 捕獲을 막기 위한 妙策을 마련해야 한다.,捕獲,,포획,포획,
3급II,98,2022-08-27,4,dokeum_W,다음 문장에서 밑줄 친 漢字語의 讀音을 쓰시오.,무분별한 야생동물 捕獲을 막기 위한 妙策을 마련해야 한다.,妙策,,묘책,묘책,
3급II,98,2022-08-27,5,dokeum_W,다음 문장에서 밑줄 친 漢字語의 讀音을 쓰시오.,전 국민의 餘裕롭고 潤澤한 삶을 擔保할 수 있도록 국토 均衡 발전안을 貫徹시켜야 한다.,餘裕,,여유,여유,
3급II,98,2022-08-27,6,dokeum_W,다음 문장에서 밑줄 친 漢字語의 讀音을 쓰시오.,전 국민의 餘裕롭고 潤澤한 삶을 擔保할 수 있도록 국토 均衡 발전안을 貫徹시켜야 한다.,潤澤,,윤택,윤택,
3급II,98,2022-08-27,7,dokeum_W,다음 문장에서 밑줄 친 漢字語의 讀音을 쓰시오.,전 국민의 餘裕롭고 潤澤한 삶을 擔保할 수 있도록 국토 均衡 발전안을 貫徹시켜야 한다.,擔保,,담보,담보,
3급II,98,2022-08-27,8,dokeum_W,다음 문장에서 밑줄 친 漢字語의 讀音을 쓰시오.,전 국민의 餘裕롭고 潤澤한 삶을 擔保할 수 있도록 국토 均衡 발전안을 貫徹시켜야 한다.,均衡,,균형,균형,
3급II,98,2022-08-27,9,dokeum_W,다음 문장에서 밑줄 친 漢字語의 讀音을 쓰시오.,전 국민의 餘裕롭고 潤澤한 삶을 擔保할 수 있도록 국토 均衡 발전안을 貫徹시켜야 한다.,貫徹,,관철,관철,
3급II,98,2022-08-27,10,dokeum_W,다음 문장에서 밑줄 친 漢字語의 讀音을 쓰시오.,최근 기업 倒産의 이유 중 하나는 累積된 債務 관리를 소홀히 한 데 있다는 指摘은 정확하다.,倒産,,도산,도산,
3급II,98,2022-08-27,11,dokeum_W,다음 문장에서 밑줄 친 漢字語의 讀音을 쓰시오.,최근 기업 倒産의 이유 중 하나는 累積된 債務 관리를 소홀히 한 데 있다는 指摘은 정확하다.,累積,,누적,누적,
3급II,98,2022-08-27,12,dokeum_W,다음 문장에서 밑줄 친 漢字語의 讀音을 쓰시오.,최근 기업 倒産의 이유 중 하나는 累積된 債務 관리를 소홀히 한 데 있다는 指摘은 정확하다.,債務,,채무,채무,
3급II,98,2022-08-27,13,dokeum_W,다음 문장에서 밑줄 친 漢字語의 讀音을 쓰시오.,최근 기업 倒産의 이유 중 하나는 累積된 債務 관리를 소홀히 한 데 있다는 指摘은 정확하다.,指摘,,지적,지적,
3급II,98,2022-08-27,14,dokeum_W,다음 문장에서 밑줄 친 漢字語의 讀音을 쓰시오.,회원 가입 신청을 承諾한 후에 숙박 仲介 서비스 및 숙박 割引 쿠폰을 받을 수 있다.,承諾,,승낙,승낙,
3급II,98,2022-08-27,15,dokeum_W,다음 문장에서 밑줄 친 漢字語의 讀音을 쓰시오.,회원 가입 신청을 承諾한 후에 숙박 仲介 서비스 및 숙박 割引 쿠폰을 받을 수 있다.,仲介,,중개,중개,
3급II,98,2022-08-27,16,dokeum_W,다음 문장에서 밑줄 친 漢字語의 讀音을 쓰시오.,회원 가입 신청을 承諾한 후에 숙박 仲介 서비스 및 숙박 割引 쿠폰을 받을 수 있다.,割引,,할인,할인,
3급II,98,2022-08-27,17,dokeum_W,다음 문장에서 밑줄 친 漢字語의 讀音을 쓰시오.,최근 신성 폭발보다는 規模가 작은 微細 핵융합 현상이지만 위력은 역시 可恐할 만한 恒星 폭발 현상이 발견되었다.,規模,,규모,규모,
3급II,98,2022-08-27,18,dokeum_W,다음 문장에서 밑줄 친 漢字語의 讀音을 쓰시오.,최근 신성 폭발보다는 規模가 작은 微細 핵융합 현상이지만 위력은 역시 可恐할 만한 恒星 폭발 현상이 발견되었다.,微細,,미세,미세,
3급II,98,2022-08-27,19,dokeum_W,다음 문장에서 밑줄 친 漢字語의 讀音을 쓰시오.,최근 신성 폭발보다는 規模가 작은 微細 핵융합 현상이지만 위력은 역시 可恐할 만한 恒星 폭발 현상이 발견되었다.,可恐,,가공,가공,
3급II,98,2022-08-27,20,dokeum_W,다음 문장에서 밑줄 친 漢字語의 讀音을 쓰시오.,최근 신성 폭발보다는 規模가 작은 微細 핵융합 현상이지만 위력은 역시 可恐할 만한 恒星 폭발 현상이 발견되었다.,恒星,,항성,항성,
3급II,98,2022-08-27,21,dokeum_W,다음 漢字語의 讀音을 쓰시오.,疫疾,疫疾,,역질,역질,
3급II,98,2022-08-27,22,dokeum_W,다음 漢字語의 讀音을 쓰시오.,訴訟,訴訟,,소송,소송,
3급II,98,2022-08-27,23,dokeum_W,다음 漢字語의 讀音을 쓰시오.,縱橫,縱橫,,종횡,종횡,
3급II,98,2022-08-27,24,dokeum_W,다음 漢字語의 讀音을 쓰시오.,被襲,被襲,,피습,피습,
3급II,98,2022-08-27,25,dokeum_W,다음 漢字語의 讀音을 쓰시오.,強硬,強硬,,강경,강경,
3급II,98,2022-08-27,26,dokeum_W,다음 漢字語의 讀音을 쓰시오.,賦與,賦與,,부여,부여,
3급II,98,2022-08-27,27,dokeum_W,다음 漢字語의 讀音을 쓰시오.,喜悅,喜悅,,희열,희열,
3급II,98,2022-08-27,28,dokeum_W,다음 漢字語의 讀音을 쓰시오.,弊端,弊端,,폐단,폐단,
3급II,98,2022-08-27,29,dokeum_W,다음 漢字語의 讀音을 쓰시오.,衝擊,衝擊,,충격,충격,
3급II,98,2022-08-27,30,dokeum_W,다음 漢字語의 讀音을 쓰시오.,管掌,管掌,,관장,관장,
3급II,98,2022-08-27,31,dokeum_W,다음 漢字語의 讀音을 쓰시오.,柔軟,柔軟,,유연,유연,
3급II,98,2022-08-27,32,dokeum_W,다음 漢字語의 讀音을 쓰시오.,緊密,緊密,,긴밀,긴밀,
3급II,98,2022-08-27,33,dokeum_W,다음 漢字語의 讀音을 쓰시오.,踏査,踏査,,답사,답사,
3급II,98,2022-08-27,34,dokeum_W,다음 漢字語의 讀音을 쓰시오.,脫稿,脫稿,,탈고,탈고,
3급II,98,2022-08-27,35,dokeum_W,다음 漢字語의 讀音을 쓰시오.,恥辱,恥辱,,치욕,치욕,
3급II,98,2022-08-27,36,dokeum_W,다음 漢字語의 讀音을 쓰시오.,報償,報償,,보상,보상,
3급II,98,2022-08-27,37,dokeum_W,다음 漢字語의 讀音을 쓰시오.,閉鎖,閉鎖,,폐쇄,폐쇄,
3급II,98,2022-08-27,38,dokeum_W,다음 漢字語의 讀音을 쓰시오.,裁斷,裁斷,,재단,재단,
3급II,98,2022-08-27,39,dokeum_W,다음 漢字語의 讀音을 쓰시오.,獻納,獻納,,헌납,헌납,
3급II,98,2022-08-27,40,dokeum_W,다음 漢字語의 讀音을 쓰시오.,秩序,秩序,,질서,질서,
3급II,98,2022-08-27,41,dokeum_W,다음 漢字語의 讀音을 쓰시오.,偏見,偏見,,편견,편견,
3급II,98,2022-08-27,42,dokeum_W,다음 漢字語의 讀音을 쓰시오.,僞裝,僞裝,,위장,위장,
3급II,98,2022-08-27,43,dokeum_W,다음 漢字語의 讀音을 쓰시오.,悔改,悔改,,회개,회개,
3급II,98,2022-08-27,44,dokeum_W,다음 漢字語의 讀音을 쓰시오.,削除,削除,,삭제,삭제,
3급II,98,2022-08-27,45,dokeum_W,다음 漢字語의 讀音을 쓰시오.,禽獸,禽獸,,금수,금수,
3급II,98,2022-08-27,46,huneum_W,다음 漢字의 訓과 音을 쓰시오.,簿,簿,,문서 부,문서 부,
3급II,98,2022-08-27,47,huneum_W,다음 漢字의 訓과 音을 쓰시오.,隆,隆,,높을 륭,높을 륭,
3급II,98,2022-08-27,48,huneum_W,다음 漢字의 訓과 音을 쓰시오.,懇,懇,,간절할 간,간절할 간,
3급II,98,2022-08-27,49,huneum_W,다음 漢字의 訓과 音을 쓰시오.,荷,荷,,멜 하,멜 하,
3급II,98,2022-08-27,50,huneum_W,다음 漢字의 訓과 音을 쓰시오.,契,契,,맺을 계,맺을 계,
3급II,98,2022-08-27,51,huneum_W,다음 漢字의 訓과 音을 쓰시오.,勵,勵,,힘쓸 려,힘쓸 려,
3급II,98,2022-08-27,52,huneum_W,다음 漢字의 訓과 音을 쓰시오.,芳,芳,,꽃다울 방,꽃다울 방,
3급II,98,2022-08-27,53,huneum_W,다음 漢字의 訓과 音을 쓰시오.,偶,偶,,짝 우,짝 우,
3급II,98,2022-08-27,54,huneum_W,다음 漢字의 訓과 音을 쓰시오.,忽,忽,,갑자기 홀,갑자기 홀,
3급II,98,2022-08-27,55,huneum_W,다음 漢字의 訓과 音을 쓰시오.,戚,戚,,친척 척,친척 척,
3급II,98,2022-08-27,56,huneum_W,다음 漢字의 訓과 音을 쓰시오.,殆,殆,,거의 태,거의 태,
3급II,98,2022-08-27,57,huneum_W,다음 漢字의 訓과 音을 쓰시오.,兆,兆,,억조 조,억조 조,
3급II,98,2022-08-27,58,huneum_W,다음 漢字의 訓과 音을 쓰시오.,畢,畢,,마칠 필,마칠 필,
3급II,98,2022-08-27,59,huneum_W,다음 漢字의 訓과 音을 쓰시오.,需,需,,쓰일/쓸 수,쓰일/쓸 수,
3급II,98,2022-08-27,60,huneum_W,다음 漢字의 訓과 音을 쓰시오.,奮,奮,,떨칠 분,떨칠 분,
3급II,98,2022-08-27,61,huneum_W,다음 漢字의 訓과 音을 쓰시오.,悠,悠,,멀 유,멀 유,
3급II,98,2022-08-27,62,huneum_W,다음 漢字의 訓과 音을 쓰시오.,陶,陶,,질그릇 도,질그릇 도,
3급II,98,2022-08-27,63,huneum_W,다음 漢字의 訓과 音을 쓰시오.,畿,畿,,경기 기,경기 기,
3급II,98,2022-08-27,64,huneum_W,다음 漢字의 訓과 音을 쓰시오.,貿,貿,,무역할 무,무역할 무,
3급II,98,2022-08-27,65,huneum_W,다음 漢字의 訓과 音을 쓰시오.,突,突,,갑자기 돌,갑자기 돌,
3급II,98,2022-08-27,66,huneum_W,다음 漢字의 訓과 音을 쓰시오.,率,率,,비율 률/거느릴 솔,비율 률/거느릴 솔,
3급II,98,2022-08-27,67,huneum_W,다음 漢字의 訓과 音을 쓰시오.,錯,錯,,어긋날 착,어긋날 착,
3급II,98,2022-08-27,68,huneum_W,다음 漢字의 訓과 音을 쓰시오.,恕,恕,,용서할 서,용서할 서,
3급II,98,2022-08-27,69,huneum_W,다음 漢字의 訓과 音을 쓰시오.,豪,豪,,호걸 호,호걸 호,
3급II,98,2022-08-27,70,huneum_W,다음 漢字의 訓과 音을 쓰시오.,陳,陳,,베풀/묵을 진,베풀/묵을 진,
3급II,98,2022-08-27,71,huneum_W,다음 漢字의 訓과 音을 쓰시오.,薄,薄,,엷을 박,엷을 박,
3급II,98,2022-08-27,72,huneum_W,다음 漢字의 訓과 音을 쓰시오.,壬,壬,,북방 임,북방 임,
3급II,98,2022-08-27,73,jangeum_S,다음 중 첫음절이 長音으로 발음되는 것을 고르시오.,,,"[""① 誇張"", ""② 課長""]",①,① 誇張,
3급II,98,2022-08-27,74,jangeum_S,다음 중 첫음절이 長音으로 발음되는 것을 고르시오.,,,"[""① 嶺上"", ""② 影像""]",②,② 影像,
3급II,98,2022-08-27,75,jangeum_S,다음 중 첫음절이 長音으로 발음되는 것을 고르시오.,,,"[""① 玄琴"", ""② 現金""]",②,② 現金,
3급II,98,2022-08-27,76,jangeum_S,다음 중 첫음절이 長音으로 발음되는 것을 고르시오.,,,"[""① 點點"", ""② 漸漸""]",②,② 漸漸,
3급II,98,2022-08-27,77,jangeum_S,다음 중 첫음절이 長音으로 발음되는 것을 고르시오.,,,"[""① 史庫"", ""② 思考""]",①,① 史庫,
3급II,98,2022-08-27,78,hanjaeo_W,다음 문장에서 밑줄 친 漢字語를 漢字(正字)로 쓰시오.,"교육은 개인이나 집단이 가진 지식, 기술, 기능, 가치관 등을 대상자에게 바람직한 방향으로 가르치고 배우는 활동이다.",개인,,個人,個人,
3급II,98,2022-08-27,79,hanjaeo_W,다음 문장에서 밑줄 친 漢字語를 漢字(正字)로 쓰시오.,"교육은 개인이나 집단이 가진 지식, 기술, 기능, 가치관 등을 대상자에게 바람직한 방향으로 가르치고 배우는 활동이다.",집단,,集團,集團,
3급II,98,2022-08-27,80,hanjaeo_W,다음 문장에서 밑줄 친 漢字語를 漢字(正字)로 쓰시오.,"교육은 개인이나 집단이 가진 지식, 기술, 기능, 가치관 등을 대상자에게 바람직한 방향으로 가르치고 배우는 활동이다.",지식,,知識,知識,
3급II,98,2022-08-27,81,hanjaeo_W,다음 문장에서 밑줄 친 漢字語를 漢字(正字)로 쓰시오.,"교육은 개인이나 집단이 가진 지식, 기술, 기능, 가치관 등을 대상자에게 바람직한 방향으로 가르치고 배우는 활동이다.",기술,,技術,技術,
3급II,98,2022-08-27,82,hanjaeo_W,다음 문장에서 밑줄 친 漢字語를 漢字(正字)로 쓰시오.,"교육은 개인이나 집단이 가진 지식, 기술, 기능, 가치관 등을 대상자에게 바람직한 방향으로 가르치고 배우는 활동이다.",방향,,方向,方向,
3급II,98,2022-08-27,83,hanjaeo_W,다음 문장에서 밑줄 친 漢字語를 漢字(正字)로 쓰시오.,"교육은 개인이나 집단이 가진 지식, 기술, 기능, 가치관 등을 대상자에게 바람직한 방향으로 가르치고 배우는 활동이다.",활동,,活動,活動,
3급II,98,2022-08-27,84,hanjaeo_W,다음 문장에서 밑줄 친 漢字語를 漢字(正字)로 쓰시오.,"문화란 ‘자연 상태에서 벗어나 일정한 목적 또는 이상을 실현하고자 사회 구성원에 의하여 습득, 공유, 전달되는 행동 양식이나 생활 양식의 과정 및 그 과정에서 이룩하여 낸 물질적ㆍ정신적 소득’을 통틀어 이르는 말이다.",상태,,狀態,狀態,
3급II,98,2022-08-27,85,hanjaeo_W,다음 문장에서 밑줄 친 漢字語를 漢字(正字)로 쓰시오.,"문화란 ‘자연 상태에서 벗어나 일정한 목적 또는 이상을 실현하고자 사회 구성원에 의하여 습득, 공유, 전달되는 행동 양식이나 생활 양식의 과정 및 그 과정에서 이룩하여 낸 물질적ㆍ정신적 소득’을 통틀어 이르는 말이다.",목적,,目的,目的,
3급II,98,2022-08-27,86,hanjaeo_W,다음 문장에서 밑줄 친 漢字語를 漢字(正字)로 쓰시오.,"문화란 ‘자연 상태에서 벗어나 일정한 목적 또는 이상을 실현하고자 사회 구성원에 의하여 습득, 공유, 전달되는 행동 양식이나 생활 양식의 과정 및 그 과정에서 이룩하여 낸 물질적ㆍ정신적 소득’을 통틀어 이르는 말이다.",이상,,理想,理想,
3급II,98,2022-08-27,87,hanjaeo_W,다음 문장에서 밑줄 친 漢字語를 漢字(正字)로 쓰시오.,"문화란 ‘자연 상태에서 벗어나 일정한 목적 또는 이상을 실현하고자 사회 구성원에 의하여 습득, 공유, 전달되는 행동 양식이나 생활 양식의 과정 및 그 과정에서 이룩하여 낸 물질적ㆍ정신적 소득’을 통틀어 이르는 말이다.",사회,,社會,社會,
3급II,98,2022-08-27,88,hanjaeo_W,다음 문장에서 밑줄 친 漢字語를 漢字(正字)로 쓰시오.,"문화란 ‘자연 상태에서 벗어나 일정한 목적 또는 이상을 실현하고자 사회 구성원에 의하여 습득, 공유, 전달되는 행동 양식이나 생활 양식의 과정 및 그 과정에서 이룩하여 낸 물질적ㆍ정신적 소득’을 통틀어 이르는 말이다.",공유,,共有,共有,
3급II,98,2022-08-27,89,hanjaeo_W,다음 문장에서 밑줄 친 漢字語를 漢字(正字)로 쓰시오.,"문화란 ‘자연 상태에서 벗어나 일정한 목적 또는 이상을 실현하고자 사회 구성원에 의하여 습득, 공유, 전달되는 행동 양식이나 생활 양식의 과정 및 그 과정에서 이룩하여 낸 물질적ㆍ정신적 소득’을 통틀어 이르는 말이다.",전달,,傳達,傳達,
3급II,98,2022-08-27,90,hanjaeo_W,다음 문장에서 밑줄 친 漢字語를 漢字(正字)로 쓰시오.,"문화란 ‘자연 상태에서 벗어나 일정한 목적 또는 이상을 실현하고자 사회 구성원에 의하여 습득, 공유, 전달되는 행동 양식이나 생활 양식의 과정 및 그 과정에서 이룩하여 낸 물질적ㆍ정신적 소득’을 통틀어 이르는 말이다.",과정,,過程,過程,
3급II,98,2022-08-27,91,hanjaeo_W,다음 문장에서 밑줄 친 漢字語를 漢字(正字)로 쓰시오.,"문화란 ‘자연 상태에서 벗어나 일정한 목적 또는 이상을 실현하고자 사회 구성원에 의하여 습득, 공유, 전달되는 행동 양식이나 생활 양식의 과정 및 그 과정에서 이룩하여 낸 물질적ㆍ정신적 소득’을 통틀어 이르는 말이다.",물질,,物質,物質,
3급II,98,2022-08-27,92,hanjaeo_W,다음 문장에서 밑줄 친 漢字語를 漢字(正字)로 쓰시오.,"문화란 ‘자연 상태에서 벗어나 일정한 목적 또는 이상을 실현하고자 사회 구성원에 의하여 습득, 공유, 전달되는 행동 양식이나 생활 양식의 과정 및 그 과정에서 이룩하여 낸 물질적ㆍ정신적 소득’을 통틀어 이르는 말이다.",정신,,精神,精神,
3급II,98,2022-08-27,93,hanjaeo_W,다음 문장에서 밑줄 친 漢字語를 漢字(正字)로 쓰시오.,"문화란 ‘자연 상태에서 벗어나 일정한 목적 또는 이상을 실현하고자 사회 구성원에 의하여 습득, 공유, 전달되는 행동 양식이나 생활 양식의 과정 및 그 과정에서 이룩하여 낸 물질적ㆍ정신적 소득’을 통틀어 이르는 말이다.",소득,,所得,所得,
3급II,98,2022-08-27,94,hanjaeo_W,다음 문장에서 밑줄 친 漢字語를 漢字(正字)로 쓰시오.,"환경은 여러 가지 복합적인 생태계의 작용에 의해 복구, 유지되면서 지속적으로 생명체의 생명 활동을 가능하게 해 왔다.",작용,,作用,作用,
3급II,98,2022-08-27,95,hanjaeo_W,다음 문장에서 밑줄 친 漢字語를 漢字(正字)로 쓰시오.,"환경은 여러 가지 복합적인 생태계의 작용에 의해 복구, 유지되면서 지속적으로 생명체의 생명 활동을 가능하게 해 왔다.",복구,,復舊,復舊,
3급II,98,2022-08-27,96,hanjaeo_W,다음 문장에서 밑줄 친 漢字語를 漢字(正字)로 쓰시오.,기술 경쟁의 승패가 국가 안보와 직결되는 국제 정세 안에서 글로벌 기술 경쟁에 대한 지정학적 상황을 확인하고 기술 주권을 확보하고 기술을 선도해 가기 위한 우리나라의 전략적 대응의 최선 방안을 찾기 위한 논의가 진행되고 있다.,경쟁,,競爭,競爭,
3급II,98,2022-08-27,97,hanjaeo_W,다음 문장에서 밑줄 친 漢字語를 漢字(正字)로 쓰시오.,기술 경쟁의 승패가 국가 안보와 직결되는 국제 정세 안에서 글로벌 기술 경쟁에 대한 지정학적 상황을 확인하고 기술 주권을 확보하고 기술을 선도해 가기 위한 우리나라의 전략적 대응의 최선 방안을 찾기 위한 논의가 진행되고 있다.,승패,,勝敗,勝敗,
3급II,98,2022-08-27,98,hanjaeo_W,다음 문장에서 밑줄 친 漢字語를 漢字(正字)로 쓰시오.,기술 경쟁의 승패가 국가 안보와 직결되는 국제 정세 안에서 글로벌 기술 경쟁에 대한 지정학적 상황을 확인하고 기술 주권을 확보하고 기술을 선도해 가기 위한 우리나라의 전략적 대응의 최선 방안을 찾기 위한 논의가 진행되고 있다.,직결,,直結,直結,
3급II,98,2022-08-27,99,hanjaeo_W,다음 문장에서 밑줄 친 漢字語를 漢字(正字)로 쓰시오.,기술 경쟁의 승패가 국가 안보와 직결되는 국제 정세 안에서 글로벌 기술 경쟁에 대한 지정학적 상황을 확인하고 기술 주권을 확보하고 기술을 선도해 가기 위한 우리나라의 전략적 대응의 최선 방안을 찾기 위한 논의가 진행되고 있다.,국제,,國際,國際,
3급II,98,2022-08-27,100,hanjaeo_W,다음 문장에서 밑줄 친 漢字語를 漢字(正字)로 쓰시오.,기술 경쟁의 승패가 국가 안보와 직결되는 국제 정세 안에서 글로벌 기술 경쟁에 대한 지정학적 상황을 확인하고 기술 주권을 확보하고 기술을 선도해 가기 위한 우리나라의 전략적 대응의 최선 방안을 찾기 위한 논의가 진행되고 있다.,정세,,情勢,情勢,
3급II,98,2022-08-27,101,hanjaeo_W,다음 문장에서 밑줄 친 漢字語를 漢字(正字)로 쓰시오.,기술 경쟁의 승패가 국가 안보와 직결되는 국제 정세 안에서 글로벌 기술 경쟁에 대한 지정학적 상황을 확인하고 기술 주권을 확보하고 기술을 선도해 가기 위한 우리나라의 전략적 대응의 최선 방안을 찾기 위한 논의가 진행되고 있다.,지정학,,地政學,地政學,
3급II,98,2022-08-27,102,hanjaeo_W,다음 문장에서 밑줄 친 漢字語를 漢字(正字)로 쓰시오.,기술 경쟁의 승패가 국가 안보와 직결되는 국제 정세 안에서 글로벌 기술 경쟁에 대한 지정학적 상황을 확인하고 기술 주권을 확보하고 기술을 선도해 가기 위한 우리나라의 전략적 대응의 최선 방안을 찾기 위한 논의가 진행되고 있다.,확인,,確認,確認,
3급II,98,2022-08-27,103,hanjaeo_W,다음 문장에서 밑줄 친 漢字語를 漢字(正字)로 쓰시오.,기술 경쟁의 승패가 국가 안보와 직결되는 국제 정세 안에서 글로벌 기술 경쟁에 대한 지정학적 상황을 확인하고 기술 주권을 확보하고 기술을 선도해 가기 위한 우리나라의 전략적 대응의 최선 방안을 찾기 위한 논의가 진행되고 있다.,주권,,主權,主權,
3급II,98,2022-08-27,104,hanjaeo_W,다음 문장에서 밑줄 친 漢字語를 漢字(正字)로 쓰시오.,기술 경쟁의 승패가 국가 안보와 직결되는 국제 정세 안에서 글로벌 기술 경쟁에 대한 지정학적 상황을 확인하고 기술 주권을 확보하고 기술을 선도해 가기 위한 우리나라의 전략적 대응의 최선 방안을 찾기 위한 논의가 진행되고 있다.,선도,,先導,先導,
3급II,98,2022-08-27,105,hanjaeo_W,다음 문장에서 밑줄 친 漢字語를 漢字(正字)로 쓰시오.,기술 경쟁의 승패가 국가 안보와 직결되는 국제 정세 안에서 글로벌 기술 경쟁에 대한 지정학적 상황을 확인하고 기술 주권을 확보하고 기술을 선도해 가기 위한 우리나라의 전략적 대응의 최선 방안을 찾기 위한 논의가 진행되고 있다.,최선,,最善,最善,
3급II,98,2022-08-27,106,hanjaeo_W,다음 문장에서 밑줄 친 漢字語를 漢字(正字)로 쓰시오.,기술 경쟁의 승패가 국가 안보와 직결되는 국제 정세 안에서 글로벌 기술 경쟁에 대한 지정학적 상황을 확인하고 기술 주권을 확보하고 기술을 선도해 가기 위한 우리나라의 전략적 대응의 최선 방안을 찾기 위한 논의가 진행되고 있다.,논의,,論議,論議,
3급II,98,2022-08-27,107,hanjaeo_W,다음 문장에서 밑줄 친 漢字語를 漢字(正字)로 쓰시오.,기술 경쟁의 승패가 국가 안보와 직결되는 국제 정세 안에서 글로벌 기술 경쟁에 대한 지정학적 상황을 확인하고 기술 주권을 확보하고 기술을 선도해 가기 위한 우리나라의 전략적 대응의 최선 방안을 찾기 위한 논의가 진행되고 있다.,진행,,進行,進行,
3급II,98,2022-08-27,108,yui_W,다음 漢字와 비슷한 뜻을 가진 漢字(正字)를 (           ) 안에 써서 문장에 적합한 漢字語가 되게 하시오.,착륙 지시를 기다리는 항공기들이 공항 상공을 旋(         )했다.,旋( ),,回,回,
3급II,98,2022-08-27,109,yui_W,다음 漢字와 비슷한 뜻을 가진 漢字(正字)를 (           ) 안에 써서 문장에 적합한 漢字語가 되게 하시오.,정부 부처와 지방자치단체의 법령 (     )釋이 다르면 안 된다.,( )釋,,解,解,
3급II,98,2022-08-27,110,yui_W,다음 漢字와 비슷한 뜻을 가진 漢字(正字)를 (           ) 안에 써서 문장에 적합한 漢字語가 되게 하시오.,어떤 나라든 그 나라만의 독특한 慣(    )을 지니고 있다.,慣( ),,習,習,
3급II,98,2022-08-27,111,yui_W,다음 漢字와 비슷한 뜻을 가진 漢字(正字)를 (           ) 안에 써서 문장에 적합한 漢字語가 되게 하시오.,말을 한 (    )絡을 이해해야 그 정확한 의미를 이해할 수 있다.,( )絡,,脈,脈,
3급II,98,2022-08-27,112,yui_W,다음 漢字와 비슷한 뜻을 가진 漢字(正字)를 (           ) 안에 써서 문장에 적합한 漢字語가 되게 하시오.,신제품 발표회를 위해 사무실은 하루종일 奔(       )했다.,奔( ),,走,走,
3급II,98,2022-08-27,113,banui_W,다음 漢字와 뜻이 反對 또는 相對되는 漢字(正字)를 써서 漢字語를 완성하시오.,사안의 緩(   )에 따라 시행 순서를 결정해야 한다.,緩( ),,急,急,
3급II,98,2022-08-27,114,banui_W,다음 漢字와 뜻이 反對 또는 相對되는 漢字(正字)를 써서 漢字語를 완성하시오.,직원의 (    )免을 위한 인사위원회가 개최되었다.,( )免,,任,任,
3급II,98,2022-08-27,115,banui_W,다음 漢字와 뜻이 反對 또는 相對되는 漢字(正字)를 써서 漢字語를 완성하시오.,모든 禍(    )의 근원은 입이므로 말을 조심하도록 했다.,禍( ),,福,福,
3급II,98,2022-08-27,116,banui_W,다음 漢字와 뜻이 反對 또는 相對되는 漢字(正字)를 써서 漢字語를 완성하시오.,군자는 용모와 내면이 일치하여 (    )裏가 한결같은 사람이다.,( )裏,,表,表,
3급II,98,2022-08-27,117,banui_W,다음 漢字와 뜻이 反對 또는 相對되는 漢字(正字)를 써서 漢字語를 완성하시오.,사회적 환경 변화에 어떻게 적응하느냐에 따라 기업의 (    )衰가 결정된다.,( )衰,,盛,盛,
3급II,98,2022-08-27,118,banuieo_W,다음 漢字語의 反對語 또는 相對語를 2음절로 된 漢字(正字)로 쓰시오.,架空,架空,,實在,實在,
3급II,98,2022-08-27,119,banuieo_W,다음 漢字語의 反對語 또는 相對語를 2음절로 된 漢字(正字)로 쓰시오.,消滅,消滅,,發生,發生,
3급II,98,2022-08-27,120,banuieo_W,다음 漢字語의 反對語 또는 相對語를 2음절로 된 漢字(正字)로 쓰시오.,外延,外延,,內包,內包,
3급II,98,2022-08-27,121,banuieo_W,다음 漢字語의 反對語 또는 相對語를 2음절로 된 漢字(正字)로 쓰시오.,遠隔,遠隔,,近接,近接,
3급II,98,2022-08-27,122,banuieo_W,다음 漢字語의 反對語 또는 相對語를 2음절로 된 漢字(正字)로 쓰시오.,怨恨,怨恨,,恩惠,恩惠,
3급II,98,2022-08-27,123,dongeumeo_W,"다음 漢字語의 同音異義語를 漢字(正字)로 쓰되, 제시된 뜻에 맞는 것으로 하시오.",補助 - (    ) 걸음걸이의 속도나 모양 등의 상태.,補助,,步調,步調,
3급II,98,2022-08-27,124,dongeumeo_W,"다음 漢字語의 同音異義語를 漢字(正字)로 쓰되, 제시된 뜻에 맞는 것으로 하시오.",致賀 - (    ) 통치가 미치는 범위나 구역.,致賀,,治下,治下,
3급II,98,2022-08-27,125,dongeumeo_W,"다음 漢字語의 同音異義語를 漢字(正字)로 쓰되, 제시된 뜻에 맞는 것으로 하시오.",聯騎 - (    ) 불에 탈 때에 생겨나는 흐릿한 기체.,聯騎,,煙氣,煙氣,
3급II,98,2022-08-27,126,dongeumeo_W,"다음 漢字語의 同音異義語를 漢字(正字)로 쓰되, 제시된 뜻에 맞는 것으로 하시오.",鄕愁 - (    ) 향을 풍기는 액체 화장품.,鄕愁,,香水,香水,
3급II,98,2022-08-27,127,dongeumeo_W,"다음 漢字語의 同音異義語를 漢字(正字)로 쓰되, 제시된 뜻에 맞는 것으로 하시오.",傾斜 - (    ) 축하할 만한 기쁜 일.,傾斜,,慶事,慶事,
3급II,98,2022-08-27,128,seongeo_W,다음 ( ) 안에 알맞은 漢字(正字)를 써서 四字成語를 완성하시오.,一(    )春夢 : 헛된 영화나 덧없는 일.,一( )春夢,,場,場,
3급II,98,2022-08-27,129,seongeo_W,다음 ( ) 안에 알맞은 漢字(正字)를 써서 四字成語를 완성하시오.,(    )株待兎 : 고지식하고 융통성이 없어 구습과 전례만 고집함.,( )株待兎,,守,守,
3급II,98,2022-08-27,130,seongeo_W,다음 ( ) 안에 알맞은 漢字(正字)를 써서 四字成語를 완성하시오.,(    )邪顯正 : 그릇된 생각을 버리고 올바른 도리를 행함.,( )邪顯正,,破,破,
3급II,98,2022-08-27,131,seongeo_W,다음 ( ) 안에 알맞은 漢字(正字)를 써서 四字成語를 완성하시오.,日久月(     ) : 세월이 흐를수록 더함.,日久月( ),,深,深,
3급II,98,2022-08-27,132,seongeo_W,다음 ( ) 안에 알맞은 漢字(正字)를 써서 四字成語를 완성하시오.,(    )身揚名 : 출세하여 이름을 세상에 떨침.,( )身揚名,,立,立,
3급II,98,2022-08-27,133,seongeo_W,다음 ( ) 안에 알맞은 漢字(正字)를 써서 四字成語를 완성하시오.,附(    )雷同 : 줏대 없이 남의 의견에 따라 움직임.,附( )雷同,,和,和,
3급II,98,2022-08-27,134,seongeo_W,다음 ( ) 안에 알맞은 漢字(正字)를 써서 四字成語를 완성하시오.,面從腹(     ) : 겉으로는 복종하는 체하면서 내심으로는 배반함.,面從腹( ),,背,背,
3급II,98,2022-08-27,135,seongeo_W,다음 ( ) 안에 알맞은 漢字(正字)를 써서 四字成語를 완성하시오.,勿失( )機 : 좋은 기회를 놓치지 아니함.,勿失( )機,,機,機,
3급II,98,2022-08-27,136,seongeo_W,다음 ( ) 안에 알맞은 漢字(正字)를 써서 四字成語를 완성하시오.,首丘初(     ) : 고향을 그리워하는 마음.,首丘初( ),,心,心,
3급II,98,2022-08-27,137,seongeo_W,다음 ( ) 안에 알맞은 漢字(正字)를 써서 四字成語를 완성하시오.,明若( )火 : 불을 보듯 분명하고 뻔함.,明若( )火,,觀,觀,
3급II,98,2022-08-27,138,busu_W,다음 漢字의 部首를 쓰시오.,益,益,,皿,皿,
3급II,98,2022-08-27,139,busu_W,다음 漢字의 部首를 쓰시오.,至,至,,至,至,
3급II,98,2022-08-27,140,busu_W,다음 漢字의 部首를 쓰시오.,卓,卓,,十,十,
3급II,98,2022-08-27,141,busu_W,다음 漢字의 部首를 쓰시오.,興,興,,臼,臼,
3급II,98,2022-08-27,142,busu_W,다음 漢字의 部首를 쓰시오.,眞,眞,,目,目,
3급II,98,2022-08-27,143,yakja_W,다음 漢字의 略字를 쓰시오.,處,處,,処,処,
3급II,98,2022-08-27,144,yakja_W,다음 漢字의 略字를 쓰시오.,缺,缺,,欠,欠,
3급II,98,2022-08-27,145,yakja_W,다음 漢字의 略字를 쓰시오.,壓,壓,,圧,圧,
3급II,98,2022-08-27,146,mean_W,다음 漢字語의 뜻을 쓰시오.,剛度,剛度,,단단하고 센 정도,단단하고 센 정도,
3급II,98,2022-08-27,147,mean_W,다음 漢字語의 뜻을 쓰시오.,諸島,諸島,,모든 섬,모든 섬,
3급II,98,2022-08-27,148,mean_W,다음 漢字語의 뜻을 쓰시오.,拘束,拘束,,(행동이나 생각의) 자유를 제한함,(행동이나 생각의) 자유를 제한함,
3급II,98,2022-08-27,149,mean_W,다음 漢字語의 뜻을 쓰시오.,推計,推計,,(일부로 전체를) 미루어 계산함,(일부로 전체를) 미루어 계산함,
3급II,98,2022-08-27,150,mean_W,다음 漢字語의 뜻을 쓰시오.,獨奏,獨奏,,한 연주하는 사람이 악기를 연주함,한 연주하는 사람이 악기를 연주함,
3급II,99,2022-11-26,1,dokeum_W,다음 문장에서 밑줄 친 漢字語의 讀音을 쓰시오.,그는 스님이 되기 위해 削髮을 하고 출가했다.,削髮,,삭발,삭발,
3급II,99,2022-11-26,2,dokeum_W,다음 문장에서 밑줄 친 漢字語의 讀音을 쓰시오.,세종대왕은 자신의 말에 盲從하는 사람을 믿지 않았다.,盲從,,맹종,맹종,
3급II,99,2022-11-26,3,dokeum_W,다음 문장에서 밑줄 친 漢字語의 讀音을 쓰시오.,疲困이 겹치면 우리 몸에 들어오는 병균을 보호하는 免疫 체계가 흔들린다.,疲困,,피곤,피곤,
3급II,99,2022-11-26,4,dokeum_W,다음 문장에서 밑줄 친 漢字語의 讀音을 쓰시오.,疲困이 겹치면 우리 몸에 들어오는 병균을 보호하는 免疫 체계가 흔들린다.,免疫,,면역,면역,
3급II,99,2022-11-26,5,dokeum_W,다음 문장에서 밑줄 친 漢字語의 讀音을 쓰시오.,저출산은 농촌 지역의 消滅을 가져올 것이라는 경고가 많다.,消滅,,소멸,소멸,
3급II,99,2022-11-26,6,dokeum_W,다음 문장에서 밑줄 친 漢字語의 讀音을 쓰시오.,근거없이 남을 謀陷하는 것은 처벌의 대상이 될 수 있다.,謀陷,,모함,모함,
3급II,99,2022-11-26,7,dokeum_W,다음 문장에서 밑줄 친 漢字語의 讀音을 쓰시오.,각 단체에서는 微妙한 시각차이가 있다.,微妙,,미묘,미묘,
3급II,99,2022-11-26,8,dokeum_W,다음 문장에서 밑줄 친 漢字語의 讀音을 쓰시오.,민법에서는 당사자가 몹시 窮迫하여 현저하게 공정을 잃은 법률 행위는 무효로 하고 있다.,窮迫,,궁박,궁박,
3급II,99,2022-11-26,9,dokeum_W,다음 문장에서 밑줄 친 漢字語의 讀音을 쓰시오.,최근 집안에서 간단하게 먹을 채소를 栽培하는 것이 유행이다.,栽培,,재배,재배,
3급II,99,2022-11-26,10,dokeum_W,다음 문장에서 밑줄 친 漢字語의 讀音을 쓰시오.,"오래된 음식을 먹으면 腹痛은 물론이고, 危險할 수도 있다.",腹痛,,복통,복통,
3급II,99,2022-11-26,11,dokeum_W,다음 문장에서 밑줄 친 漢字語의 讀音을 쓰시오.,"오래된 음식을 먹으면 腹痛은 물론이고, 危險할 수도 있다.",危險,,위험,위험,
3급II,99,2022-11-26,12,dokeum_W,다음 문장에서 밑줄 친 漢字語의 讀音을 쓰시오.,국회에는 다양한 附屬 기관이 있다.,附屬,,부속,부속,
3급II,99,2022-11-26,13,dokeum_W,다음 문장에서 밑줄 친 漢字語의 讀音을 쓰시오.,가끔 激奮 팬들이 운동장에 난입하곤 한다.,激奮,,격분,격분,
3급II,99,2022-11-26,14,dokeum_W,다음 문장에서 밑줄 친 漢字語의 讀音을 쓰시오.,상사의 부당한 명령에는 더이상 卑屈하게 따르지 않겠다.,卑屈,,비굴,비굴,
3급II,99,2022-11-26,15,dokeum_W,다음 문장에서 밑줄 친 漢字語의 讀音을 쓰시오.,沙漠은 강수량이 적어서 식물이나 생물이 살기 어렵다.,沙漠,,사막,사막,
3급II,99,2022-11-26,16,dokeum_W,다음 문장에서 밑줄 친 漢字語의 讀音을 쓰시오.,은행에서 받은 대출금 償還을 위해 좀 더 절약해야 한다.,償還,,상환,상환,
3급II,99,2022-11-26,17,dokeum_W,다음 문장에서 밑줄 친 漢字語의 讀音을 쓰시오.,그 연구팀은 ‘척수 損傷' 관련 주제로 학술 대상을 수상했다.,損傷,,손상,손상,
3급II,99,2022-11-26,18,dokeum_W,다음 문장에서 밑줄 친 漢字語의 讀音을 쓰시오.,謙讓과 절제를 잃은 삶은 결국 불행에 이르게 된다.,謙讓,,겸양,겸양,
3급II,99,2022-11-26,19,dokeum_W,다음 문장에서 밑줄 친 漢字語의 讀音을 쓰시오.,규제는 성장 동력을 상실하지 않도록 柔軟해져야 한다.,柔軟,,유연,유연,
3급II,99,2022-11-26,20,dokeum_W,다음 문장에서 밑줄 친 漢字語의 讀音을 쓰시오.,담양에서 遺跡이 발견되었다.,遺跡,,유적,유적,
3급II,99,2022-11-26,21,dokeum_W,다음 漢字語의 讀音을 쓰시오.,誤譯,誤譯,,오역,오역,
3급II,99,2022-11-26,22,dokeum_W,다음 漢字語의 讀音을 쓰시오.,追憶,追憶,,추억,추억,
3급II,99,2022-11-26,23,dokeum_W,다음 漢字語의 讀音을 쓰시오.,影像,影像,,영상,영상,
3급II,99,2022-11-26,24,dokeum_W,다음 漢字語의 讀音을 쓰시오.,覺悟,覺悟,,각오,각오,
3급II,99,2022-11-26,25,dokeum_W,다음 漢字語의 讀音을 쓰시오.,恥辱,恥辱,,치욕,치욕,
3급II,99,2022-11-26,26,dokeum_W,다음 漢字語의 讀音을 쓰시오.,需給,需給,,수급,수급,
3급II,99,2022-11-26,27,dokeum_W,다음 漢字語의 讀音을 쓰시오.,愚弄,愚弄,,우롱,우롱,
3급II,99,2022-11-26,28,dokeum_W,다음 漢字語의 讀音을 쓰시오.,越尺,越尺,,월척,월척,
3급II,99,2022-11-26,29,dokeum_W,다음 漢字語의 讀音을 쓰시오.,僞證,僞證,,위증,위증,
3급II,99,2022-11-26,30,dokeum_W,다음 漢字語의 讀音을 쓰시오.,潤澤,潤澤,,윤택,윤택,
3급II,99,2022-11-26,31,dokeum_W,다음 漢字語의 讀音을 쓰시오.,忍耐,忍耐,,인내,인내,
3급II,99,2022-11-26,32,dokeum_W,다음 漢字語의 讀音을 쓰시오.,負擔,負擔,,부담,부담,
3급II,99,2022-11-26,33,dokeum_W,다음 漢字語의 讀音을 쓰시오.,賃貸,賃貸,,임대,임대,
3급II,99,2022-11-26,34,dokeum_W,다음 漢字語의 讀音을 쓰시오.,潛伏,潛伏,,잠복,잠복,
3급II,99,2022-11-26,35,dokeum_W,다음 漢字語의 讀音을 쓰시오.,管掌,管掌,,관장,관장,
3급II,99,2022-11-26,36,dokeum_W,다음 漢字語의 讀音을 쓰시오.,裁判,裁判,,재판,재판,
3급II,99,2022-11-26,37,dokeum_W,다음 漢字語의 讀音을 쓰시오.,編著,編著,,편저,편저,
3급II,99,2022-11-26,38,dokeum_W,다음 漢字語의 讀音을 쓰시오.,閑寂,閑寂,,한적,한적,
3급II,99,2022-11-26,39,dokeum_W,다음 漢字語의 讀音을 쓰시오.,賦役,賦役,,부역,부역,
3급II,99,2022-11-26,40,dokeum_W,다음 漢字語의 讀音을 쓰시오.,整齊,整齊,,정제,정제,
3급II,99,2022-11-26,41,dokeum_W,다음 漢字語의 讀音을 쓰시오.,卽刻,卽刻,,즉각,즉각,
3급II,99,2022-11-26,42,dokeum_W,다음 漢字語의 讀音을 쓰시오.,繁昌,繁昌,,번창,번창,
3급II,99,2022-11-26,43,dokeum_W,다음 漢字語의 讀音을 쓰시오.,異彩,異彩,,이채,이채,
3급II,99,2022-11-26,44,dokeum_W,다음 漢字語의 讀音을 쓰시오.,淺薄,淺薄,,천박,천박,
3급II,99,2022-11-26,45,dokeum_W,다음 漢字語의 讀音을 쓰시오.,透徹,透徹,,투철,투철,
3급II,99,2022-11-26,46,huneum_W,다음 漢字의 訓과 音을 쓰시오.,譽,譽,,기릴 예,기릴 예,
3급II,99,2022-11-26,47,huneum_W,다음 漢字의 訓과 音을 쓰시오.,援,援,,도울 원,도울 원,
3급II,99,2022-11-26,48,huneum_W,다음 漢字의 訓과 音을 쓰시오.,蛇,蛇,,뱀 사,뱀 사,
3급II,99,2022-11-26,49,huneum_W,다음 漢字의 訓과 音을 쓰시오.,硬,硬,,굳을 경,굳을 경,
3급II,99,2022-11-26,50,huneum_W,다음 漢字의 訓과 音을 쓰시오.,漏,漏,,샐 루,샐 루,
3급II,99,2022-11-26,51,huneum_W,다음 漢字의 訓과 音을 쓰시오.,姑,姑,,시어미 고,시어미 고,
3급II,99,2022-11-26,52,huneum_W,다음 漢字의 訓과 音을 쓰시오.,泥,泥,,진흙 니,진흙 니,
3급II,99,2022-11-26,53,huneum_W,다음 漢字의 訓과 音을 쓰시오.,崇,崇,,높을 숭,높을 숭,
3급II,99,2022-11-26,54,huneum_W,다음 漢字의 訓과 音을 쓰시오.,畢,畢,,마칠 필,마칠 필,
3급II,99,2022-11-26,55,huneum_W,다음 漢字의 訓과 音을 쓰시오.,織,織,,짤 직,짤 직,
3급II,99,2022-11-26,56,huneum_W,다음 漢字의 訓과 音을 쓰시오.,勵,勵,,힘쓸 려,힘쓸 려,
3급II,99,2022-11-26,57,huneum_W,다음 漢字의 訓과 音을 쓰시오.,釋,釋,,풀 석,풀 석,
3급II,99,2022-11-26,58,huneum_W,다음 漢字의 訓과 音을 쓰시오.,鑄,鑄,,쇠 불릴 주,쇠 불릴 주,
3급II,99,2022-11-26,59,huneum_W,다음 漢字의 訓과 音을 쓰시오.,岸,岸,,언덕 안,언덕 안,
3급II,99,2022-11-26,60,huneum_W,다음 漢字의 訓과 音을 쓰시오.,慰,慰,,위로할 위,위로할 위,
3급II,99,2022-11-26,61,huneum_W,다음 漢字의 訓과 音을 쓰시오.,突,突,,갑자기 돌,갑자기 돌,
3급II,99,2022-11-26,62,huneum_W,다음 漢字의 訓과 音을 쓰시오.,跡,跡,,자취 적,자취 적,
3급II,99,2022-11-26,63,huneum_W,다음 漢字의 訓과 音을 쓰시오.,逢,逢,,만날 봉,만날 봉,
3급II,99,2022-11-26,64,huneum_W,다음 漢字의 訓과 音을 쓰시오.,弊,弊,,해질/폐단 폐,해질/폐단 폐,
3급II,99,2022-11-26,65,huneum_W,다음 漢字의 訓과 音을 쓰시오.,悠,悠,,멀 유,멀 유,
3급II,99,2022-11-26,66,huneum_W,다음 漢字의 訓과 音을 쓰시오.,巡,巡,,돌 순,돌 순,
3급II,99,2022-11-26,67,huneum_W,다음 漢字의 訓과 音을 쓰시오.,戲,戲,,놀이 희,놀이 희,
3급II,99,2022-11-26,68,huneum_W,다음 漢字의 訓과 音을 쓰시오.,奪,奪,,빼앗을 탈,빼앗을 탈,
3급II,99,2022-11-26,69,huneum_W,다음 漢字의 訓과 音을 쓰시오.,磨,磨,,갈 마,갈 마,
3급II,99,2022-11-26,70,huneum_W,다음 漢字의 訓과 音을 쓰시오.,維,維,,벼리 유,벼리 유,
3급II,99,2022-11-26,71,huneum_W,다음 漢字의 訓과 音을 쓰시오.,隨,隨,,따를 수,따를 수,
3급II,99,2022-11-26,72,huneum_W,다음 漢字의 訓과 音을 쓰시오.,襲,襲,,엄습할 습,엄습할 습,
3급II,99,2022-11-26,73,jangeum_S,다음 중 첫음절이 長音으로 발음되는 것을 고르시오.,,,"[""① 戒壇"", ""② 階段""]",①,① 戒壇,
3급II,99,2022-11-26,74,jangeum_S,다음 중 첫음절이 長音으로 발음되는 것을 고르시오.,,,"[""① 孤戰"", ""② 古典""]",②,② 古典,
3급II,99,2022-11-26,75,jangeum_S,다음 중 첫음절이 長音으로 발음되는 것을 고르시오.,,,"[""① 遠征"", ""② 園丁""]",①,① 遠征,
3급II,99,2022-11-26,76,jangeum_S,다음 중 첫음절이 長音으로 발음되는 것을 고르시오.,,,"[""① 私禮"", ""② 謝禮""]",②,② 謝禮,
3급II,99,2022-11-26,77,jangeum_S,다음 중 첫음절이 長音으로 발음되는 것을 고르시오.,,,"[""① 電子"", ""② 前者""]",①,① 電子,
3급II,99,2022-11-26,78,hanjaeo_W,다음 문장에서 밑줄 친 漢字語를 漢字(正字)로 쓰시오.,민족사학자들은 일제 식민 정책의 이론적 근거가 되고 있던 일본 관학자들의 식민 사관에 정면으로 맞서...,식민,,植民,植民,
3급II,99,2022-11-26,79,hanjaeo_W,다음 문장에서 밑줄 친 漢字語를 漢字(正字)로 쓰시오.,민족사학자들은 일제 식민 정책의 이론적 근거가 되고 있던 일본 관학자들의 식민 사관에 정면으로 맞서...,이론,,理論,理論,
3급II,99,2022-11-26,80,hanjaeo_W,다음 문장에서 밑줄 친 漢字語를 漢字(正字)로 쓰시오.,민족사학자들은 일제 식민 정책의 이론적 근거가 되고 있던 일본 관학자들의 식민 사관에 정면으로 맞서...,관학,,官學,官學,
3급II,99,2022-11-26,81,hanjaeo_W,다음 문장에서 밑줄 친 漢字語를 漢字(正字)로 쓰시오.,민족사학자들은 일제 식민 정책의 이론적 근거가 되고 있던 일본 관학자들의 식민 사관에 정면으로 맞서...,사관,,史觀,史觀,
3급II,99,2022-11-26,82,hanjaeo_W,다음 문장에서 밑줄 친 漢字語를 漢字(正字)로 쓰시오.,민족사학자들은 일제 식민 정책의 이론적 근거가 되고 있던 일본 관학자들의 식민 사관에 정면으로 맞서...,정면,,正面,正面,
3급II,99,2022-11-26,83,hanjaeo_W,다음 문장에서 밑줄 친 漢字語를 漢字(正字)로 쓰시오.,...국가와 민족의 자강과 독립을 위한 민족정신을 고취하고자 하였다.,자강,,自強,自強,
3급II,99,2022-11-26,84,hanjaeo_W,다음 문장에서 밑줄 친 漢字語를 漢字(正字)로 쓰시오.,...국가와 민족의 자강과 독립을 위한 민족정신을 고취하고자 하였다.,독립,,獨立,獨立,
3급II,99,2022-11-26,85,hanjaeo_W,다음 문장에서 밑줄 친 漢字語를 漢字(正字)로 쓰시오.,"이 가운데서도 낭가사상은 여타의 관념적이고 추상적인 정신사관에 비해 보다 구체적으로 인식하고, 기록하고 있어 단연 이채롭다.",여타,,餘他,餘他,
3급II,99,2022-11-26,86,hanjaeo_W,다음 문장에서 밑줄 친 漢字語를 漢字(正字)로 쓰시오.,"이 가운데서도 낭가사상은 여타의 관념적이고 추상적인 정신사관에 비해 보다 구체적으로 인식하고, 기록하고 있어 단연 이채롭다.",구체,,具體,具體,
3급II,99,2022-11-26,87,hanjaeo_W,다음 문장에서 밑줄 친 漢字語를 漢字(正字)로 쓰시오.,"이 가운데서도 낭가사상은 여타의 관념적이고 추상적인 정신사관에 비해 보다 구체적으로 인식하고, 기록하고 있어 단연 이채롭다.",인식,,認識,認識,
3급II,99,2022-11-26,88,hanjaeo_W,다음 문장에서 밑줄 친 漢字語를 漢字(正字)로 쓰시오.,"이 가운데서도 낭가사상은 여타의 관념적이고 추상적인 정신사관에 비해 보다 구체적으로 인식하고, 기록하고 있어 단연 이채롭다.",기록,,記錄,記錄,
3급II,99,2022-11-26,89,hanjaeo_W,다음 문장에서 밑줄 친 漢字語를 漢字(正字)로 쓰시오.,낭가사상은 민족적이고 근대 지향적인 실학 사상과 당시 서양의 주된 사상 조류인 민족주의를 수용...,근대,,近代,近代,
3급II,99,2022-11-26,90,hanjaeo_W,다음 문장에서 밑줄 친 漢字語를 漢字(正字)로 쓰시오.,낭가사상은 민족적이고 근대 지향적인 실학 사상과 당시 서양의 주된 사상 조류인 민족주의를 수용...,지향,,指向,指向,
3급II,99,2022-11-26,91,hanjaeo_W,다음 문장에서 밑줄 친 漢字語를 漢字(正字)로 쓰시오.,낭가사상은 민족적이고 근대 지향적인 실학 사상과 당시 서양의 주된 사상 조류인 민족주의를 수용...,사상,,思想,思想,
3급II,99,2022-11-26,92,hanjaeo_W,다음 문장에서 밑줄 친 漢字語를 漢字(正字)로 쓰시오.,낭가사상은 민족적이고 근대 지향적인 실학 사상과 당시 서양의 주된 사상 조류인 민족주의를 수용...,서양,,西洋,西洋,
3급II,99,2022-11-26,93,hanjaeo_W,다음 문장에서 밑줄 친 漢字語를 漢字(正字)로 쓰시오.,낭가사상은 민족적이고 근대 지향적인 실학 사상과 당시 서양의 주된 사상 조류인 민족주의를 수용...,수용,,受容,受容,
3급II,99,2022-11-26,94,hanjaeo_W,다음 문장에서 밑줄 친 漢字語를 漢字(正字)로 쓰시오.,...전통적인 민족사상의 기원·전승·기능을 설명하고 있다.,전통,,傳統,傳統,
3급II,99,2022-11-26,95,hanjaeo_W,다음 문장에서 밑줄 친 漢字語를 漢字(正字)로 쓰시오.,...전통적인 민족사상의 기원·전승·기능을 설명하고 있다.,설명,,說明,說明,
3급II,99,2022-11-26,96,hanjaeo_W,다음 문장에서 밑줄 친 漢字語를 漢字(正字)로 쓰시오.,...민족의 진로와 시대 정신을 밝히고자 한 데 낭가사상의 특성이 있다.,진로,,進路,進路,
3급II,99,2022-11-26,97,hanjaeo_W,다음 문장에서 밑줄 친 漢字語를 漢字(正字)로 쓰시오.,...민족의 진로와 시대 정신을 밝히고자 한 데 낭가사상의 특성이 있다.,정신,,精神,精神,
3급II,99,2022-11-26,98,hanjaeo_W,다음 문장에서 밑줄 친 漢字語를 漢字(正字)로 쓰시오.,...민족의 진로와 시대 정신을 밝히고자 한 데 낭가사상의 특성이 있다.,특성,,特性,特性,
3급II,99,2022-11-26,99,hanjaeo_W,다음 문장에서 밑줄 친 漢字語를 漢字(正字)로 쓰시오.,경제 발전은 공공 분야의 경제 상태와 상황을 연구할 때 주로 다루는 개념이며...,경제,,經濟,經濟,
3급II,99,2022-11-26,100,hanjaeo_W,다음 문장에서 밑줄 친 漢字語를 漢字(正字)로 쓰시오.,경제 발전은 공공 분야의 경제 상태와 상황을 연구할 때 주로 다루는 개념이며...,발전,,發展,發展,
3급II,99,2022-11-26,101,hanjaeo_W,다음 문장에서 밑줄 친 漢字語를 漢字(正字)로 쓰시오.,경제 발전은 공공 분야의 경제 상태와 상황을 연구할 때 주로 다루는 개념이며...,공공,,公共,公共,
3급II,99,2022-11-26,102,hanjaeo_W,다음 문장에서 밑줄 친 漢字語를 漢字(正字)로 쓰시오.,경제 발전은 공공 분야의 경제 상태와 상황을 연구할 때 주로 다루는 개념이며...,분야,,分野,分野,
3급II,99,2022-11-26,103,hanjaeo_W,다음 문장에서 밑줄 친 漢字語를 漢字(正字)로 쓰시오.,경제 발전은 공공 분야의 경제 상태와 상황을 연구할 때 주로 다루는 개념이며...,상태,,狀態,狀態,
3급II,99,2022-11-26,104,hanjaeo_W,다음 문장에서 밑줄 친 漢字語를 漢字(正字)로 쓰시오.,경제 발전은 공공 분야의 경제 상태와 상황을 연구할 때 주로 다루는 개념이며...,연구,,硏究,硏究,
3급II,99,2022-11-26,105,hanjaeo_W,다음 문장에서 밑줄 친 漢字語를 漢字(正字)로 쓰시오.,"...국가, 지역, 지역 사회, 개인의 경제적 행복과 삶의 질이 목표에 따라 향상되는 과정에 주로 관심을 둔다.",개인,,個人,個人,
3급II,99,2022-11-26,106,hanjaeo_W,다음 문장에서 밑줄 친 漢字語를 漢字(正字)로 쓰시오.,"...국가, 지역, 지역 사회, 개인의 경제적 행복과 삶의 질이 목표에 따라 향상되는 과정에 주로 관심을 둔다.",행복,,幸福,幸福,
3급II,99,2022-11-26,107,hanjaeo_W,다음 문장에서 밑줄 친 漢字語를 漢字(正字)로 쓰시오.,"...국가, 지역, 지역 사회, 개인의 경제적 행복과 삶의 질이 목표에 따라 향상되는 과정에 주로 관심을 둔다.",과정,,過程,過程,
3급II,99,2022-11-26,108,yui_W,다음 漢字와 비슷한 뜻을 가진 漢字(正字)를 ( ) 안에 써서 문장에 적합한 漢字語가 되게 하시오.,우리나라 아이돌 그룹이 유엔 총회에서 贊(   ) 연설을 했다.,贊( ),,助,助,
3급II,99,2022-11-26,109,yui_W,다음 漢字와 비슷한 뜻을 가진 漢字(正字)를 ( ) 안에 써서 문장에 적합한 漢字語가 되게 하시오.,정부는 (   )話를 통해 남북 이산가족 문제 당국간 회담을 제안했다.,( )話,,談,談,
3급II,99,2022-11-26,110,yui_W,다음 漢字와 비슷한 뜻을 가진 漢字(正字)를 ( ) 안에 써서 문장에 적합한 漢字語가 되게 하시오.,시장은 태풍으로 인한 사고 (   )拾에 최선을 다할 것이라고 발표했다.,( )拾,,收,收,
3급II,99,2022-11-26,111,yui_W,다음 漢字와 비슷한 뜻을 가진 漢字(正字)를 ( ) 안에 써서 문장에 적합한 漢字語가 되게 하시오.,수익금은 단원들에게 均(     )하게 나누어 주었다.,均( ),,等,等,
3급II,99,2022-11-26,112,yui_W,다음 漢字와 비슷한 뜻을 가진 漢字(正字)를 ( ) 안에 써서 문장에 적합한 漢字語가 되게 하시오.,국제 사회는 북한에 핵 (    )察을 받을 것을 요구하고 있다.,( )察,,査,査,
3급II,99,2022-11-26,113,banui_W,다음 漢字와 뜻이 반대 또는 상대되는 漢字(正字)를 써서 漢字語를 완성하시오.,청년들에게는 직업의 (     )賤보다 직업의 임금이 얼마냐인가가 우선이 되었다.,( )賤,,貴,貴,
3급II,99,2022-11-26,114,banui_W,다음 漢字와 뜻이 반대 또는 상대되는 漢字(正字)를 써서 漢字語를 완성하시오.,국회 豫(   )위원회가 다음 주에 개최된다.,豫( ),,決,決,
3급II,99,2022-11-26,115,banui_W,다음 漢字와 뜻이 반대 또는 상대되는 漢字(正字)를 써서 漢字語를 완성하시오.,그 기업은 (   )衰를 거듭하며 성장했다.,( )衰,,盛,盛,
3급II,99,2022-11-26,116,banui_W,다음 漢字와 뜻이 반대 또는 상대되는 漢字(正字)를 써서 漢字語를 완성하시오.,(   )裏가 부동하면 사람들로부터 비난을 받는다.,( )裏,,表,表,
3급II,99,2022-11-26,117,banui_W,다음 漢字와 뜻이 반대 또는 상대되는 漢字(正字)를 써서 漢字語를 완성하시오.,농협은 각 지역에서 농산물 ( )散 기지 역할을 한다.,( )散,,集,集,
3급II,99,2022-11-26,118,banuieo_W,다음 漢字語의 반대어 또는 상대어를 2음절로 된 漢字(正字)로 쓰시오.,外延,外延,,內包,內包,
3급II,99,2022-11-26,119,banuieo_W,다음 漢字語의 반대어 또는 상대어를 2음절로 된 漢字(正字)로 쓰시오.,複雜,複雜,,單純,單純,
3급II,99,2022-11-26,120,banuieo_W,다음 漢字語의 반대어 또는 상대어를 2음절로 된 漢字(正字)로 쓰시오.,怨恨,怨恨,,恩惠,恩惠,
3급II,99,2022-11-26,121,banuieo_W,다음 漢字語의 반대어 또는 상대어를 2음절로 된 漢字(正字)로 쓰시오.,溫暖,溫暖,,寒冷,寒冷,
3급II,99,2022-11-26,122,banuieo_W,다음 漢字語의 반대어 또는 상대어를 2음절로 된 漢字(正字)로 쓰시오.,許可,許可,,禁止,禁止,
3급II,99,2022-11-26,123,dongeumeo_W,"다음 漢字語의 동음이의어를 漢字(正字)로 쓰되, 제시된 뜻에 맞는 것으로 하시오.",速步 - (    ) 앞의 보도에 잇달은 소식.,速步,,續報,續報,
3급II,99,2022-11-26,124,dongeumeo_W,"다음 漢字語의 동음이의어를 漢字(正字)로 쓰되, 제시된 뜻에 맞는 것으로 하시오.",上卷 - (    ) 상업상의 권리.,上卷,,商權,商權,
3급II,99,2022-11-26,125,dongeumeo_W,"다음 漢字語의 동음이의어를 漢字(正字)로 쓰되, 제시된 뜻에 맞는 것으로 하시오.",氣象 - (    ) 잠자리에서 일어남.,氣象,,起床,起床,
3급II,99,2022-11-26,126,dongeumeo_W,"다음 漢字語의 동음이의어를 漢字(正字)로 쓰되, 제시된 뜻에 맞는 것으로 하시오.",幼稚 - (    ) 남의 물건을 맡아 둠.,幼稚,,留置,留置,
3급II,99,2022-11-26,127,dongeumeo_W,"다음 漢字語의 동음이의어를 漢字(正字)로 쓰되, 제시된 뜻에 맞는 것으로 하시오.",家戶 - (    ) 보호하고 도와줌.,家戶,,加護,加護,
3급II,99,2022-11-26,128,seongeo_W,다음 (      ) 안에 알맞은 漢字(正字)를 써서 四字成語를 완성하시오.,(    )價紅裳 : 같은 값이면 품질이 좋은 것을 택한다는 뜻.,( )價紅裳,,同,同,
3급II,99,2022-11-26,129,seongeo_W,다음 (      ) 안에 알맞은 漢字(正字)를 써서 四字成語를 완성하시오.,無(    )不爲 : 못하는 것이 없음,無( )不爲,,所,所,
3급II,99,2022-11-26,130,seongeo_W,다음 (      ) 안에 알맞은 漢字(正字)를 써서 四字成語를 완성하시오.,衆口難(    ) : 여러 사람의 말은 막기가 어렵다는 뜻.,衆口難( ),,防,防,
3급II,99,2022-11-26,131,seongeo_W,다음 (      ) 안에 알맞은 漢字(正字)를 써서 四字成語를 완성하시오.,(    )頃蒼波 : 한없이 넓고 푸른 바다,( )頃蒼波,,萬,萬,
3급II,99,2022-11-26,132,seongeo_W,다음 (      ) 안에 알맞은 漢字(正字)를 써서 四字成語를 완성하시오.,漸(    )佳境 : 점점 흥미로운 경지로 들어감.,漸( )佳境,,入,入,
3급II,99,2022-11-26,133,seongeo_W,다음 (      ) 안에 알맞은 漢字(正字)를 써서 四字成語를 완성하시오.,朝(    )夕改 : 일을 자주 뜯어고침.,朝( )夕改,,變,變,
3급II,99,2022-11-26,134,seongeo_W,다음 (      ) 안에 알맞은 漢字(正字)를 써서 四字成語를 완성하시오.,桑(    )碧海 : 세상일이 덧없이 바뀜.,桑( )碧海,,田,田,
3급II,99,2022-11-26,135,seongeo_W,다음 (      ) 안에 알맞은 漢字(正字)를 써서 四字成語를 완성하시오.,(    )虎衝鼻 : 화를 스스로 불러들임.,( )虎衝鼻,,宿,宿,
3급II,99,2022-11-26,136,seongeo_W,다음 (      ) 안에 알맞은 漢字(正字)를 써서 四字成語를 완성하시오.,(    )擧妄動 : 깊이 생각해 보지도 않고 경솔하게 행동함.,( )擧妄動,,輕,輕,
3급II,99,2022-11-26,137,seongeo_W,다음 (      ) 안에 알맞은 漢字(正字)를 써서 四字成語를 완성하시오.,群(    )割據 : 많은 영웅들이 서로 세력을 다툼.,群( )割據,,雄,雄,
3급II,99,2022-11-26,138,busu_W,다음 漢字의 부수를 쓰시오.,兼,兼,,八,八,
3급II,99,2022-11-26,139,busu_W,다음 漢字의 부수를 쓰시오.,啓,啓,,口,口,
3급II,99,2022-11-26,140,busu_W,다음 漢字의 부수를 쓰시오.,鼓,鼓,,鼓,鼓,
3급II,99,2022-11-26,141,busu_W,다음 漢字의 부수를 쓰시오.,筋,筋,,竹,竹,
3급II,99,2022-11-26,142,busu_W,다음 漢字의 부수를 쓰시오.,賴,賴,,貝,貝,
3급II,99,2022-11-26,143,yakja_W,다음 漢字의 略字를 쓰시오.,畫,畫,,画,画,
3급II,99,2022-11-26,144,yakja_W,다음 漢字의 略字를 쓰시오.,質,質,,貭,貭,
3급II,99,2022-11-26,145,yakja_W,다음 漢字의 略字를 쓰시오.,醫,醫,,医,医,
3급II,99,2022-11-26,146,mean_W,다음 漢字語의 뜻을 쓰시오.,遷都,遷都,,도읍을 옮김,도읍을 옮김,
3급II,99,2022-11-26,147,mean_W,다음 漢字語의 뜻을 쓰시오.,獻納,獻納,,돈과 물품을 바침,돈과 물품을 바침,
3급II,99,2022-11-26,148,mean_W,다음 漢字語의 뜻을 쓰시오.,但書,但書,,"본문의 설명이나 조건, 예외 등을 밝힌 글.","본문의 설명이나 조건, 예외 등을 밝힌 글.",
3급II,99,2022-11-26,149,mean_W,다음 漢字語의 뜻을 쓰시오.,覆蓋,覆蓋,,하천에 구조물을 덮음.,하천에 구조물을 덮음.,
3급II,99,2022-11-26,150,mean_W,다음 漢字語의 뜻을 쓰시오.,抵觸,抵觸,,법률이나 규칙 등에 위반되거나 거슬림,법률이나 규칙 등에 위반되거나 거슬림,
3급II,100,2023-02-25,1,dokeum_W,다음 밑줄 친 漢字語의 讀音을 쓰시오.,예전에는 惠澤을 받지 못하는 선수를 돕지 못했던 과거를 述懷하며 훌륭한 선수를 輩出하는 현재 狀況에 만족스런 微笑를 띠었다.,惠澤,,혜택,혜택,
3급II,100,2023-02-25,2,dokeum_W,다음 밑줄 친 漢字語의 讀音을 쓰시오.,예전에는 惠澤을 받지 못하는 선수를 돕지 못했던 과거를 述懷하며 훌륭한 선수를 輩出하는 현재 狀況에 만족스런 微笑를 띠었다.,述懷,,술회,술회,
3급II,100,2023-02-25,3,dokeum_W,다음 밑줄 친 漢字語의 讀音을 쓰시오.,예전에는 惠澤을 받지 못하는 선수를 돕지 못했던 과거를 述懷하며 훌륭한 선수를 輩出하는 현재 狀況에 만족스런 微笑를 띠었다.,輩出,,배출,배출,
3급II,100,2023-02-25,4,dokeum_W,다음 밑줄 친 漢字語의 讀音을 쓰시오.,예전에는 惠澤을 받지 못하는 선수를 돕지 못했던 과거를 述懷하며 훌륭한 선수를 輩出하는 현재 狀況에 만족스런 微笑를 띠었다.,狀況,,상황,상황,
3급II,100,2023-02-25,5,dokeum_W,다음 밑줄 친 漢字語의 讀音을 쓰시오.,예전에는 惠澤을 받지 못하는 선수를 돕지 못했던 과거를 述懷하며 훌륭한 선수를 輩出하는 현재 狀況에 만족스런 微笑를 띠었다.,微笑,,미소,미소,
3급II,100,2023-02-25,6,dokeum_W,다음 밑줄 친 漢字語의 讀音을 쓰시오.,被害를 緩和할 수 있는 方針이 恒常 필요하다.,被害,,피해,피해,
3급II,100,2023-02-25,7,dokeum_W,다음 밑줄 친 漢字語의 讀音을 쓰시오.,被害를 緩和할 수 있는 方針이 恒常 필요하다.,緩和,,완화,완화,
3급II,100,2023-02-25,8,dokeum_W,다음 밑줄 친 漢字語의 讀音을 쓰시오.,被害를 緩和할 수 있는 方針이 恒常 필요하다.,方針,,방침,방침,
3급II,100,2023-02-25,9,dokeum_W,다음 밑줄 친 漢字語의 讀音을 쓰시오.,被害를 緩和할 수 있는 方針이 恒常 필요하다.,恒常,,항상,항상,
3급II,100,2023-02-25,10,dokeum_W,다음 밑줄 친 漢字語의 讀音을 쓰시오.,政策을 推進하려면 需要를 豫測하고 負擔을 줄이는 與件 마련이 시급하다.,政策,,정책,정책,
3급II,100,2023-02-25,11,dokeum_W,다음 밑줄 친 漢字語의 讀音을 쓰시오.,政策을 推進하려면 需要를 豫測하고 負擔을 줄이는 與件 마련이 시급하다.,推進,,추진,추진,
3급II,100,2023-02-25,12,dokeum_W,다음 밑줄 친 漢字語의 讀音을 쓰시오.,政策을 推進하려면 需要를 豫測하고 負擔을 줄이는 與件 마련이 시급하다.,需要,,수요,수요,
3급II,100,2023-02-25,13,dokeum_W,다음 밑줄 친 漢字語의 讀音을 쓰시오.,政策을 推進하려면 需要를 豫測하고 負擔을 줄이는 與件 마련이 시급하다.,豫測,,예측,예측,
3급II,100,2023-02-25,14,dokeum_W,다음 밑줄 친 漢字語의 讀音을 쓰시오.,政策을 推進하려면 需要를 豫測하고 負擔을 줄이는 與件 마련이 시급하다.,負擔,,부담,부담,
3급II,100,2023-02-25,15,dokeum_W,다음 밑줄 친 漢字語의 讀音을 쓰시오.,政策을 推進하려면 需要를 豫測하고 負擔을 줄이는 與件 마련이 시급하다.,與件,,여건,여건,
3급II,100,2023-02-25,16,dokeum_W,다음 밑줄 친 漢字語의 讀音을 쓰시오.,境遇에 맞지 않는 규제를 積極 廢止하는 計劃을 세워 改革을 이뤄나가겠다.,境遇,,경우,경우,
3급II,100,2023-02-25,17,dokeum_W,다음 밑줄 친 漢字語의 讀音을 쓰시오.,境遇에 맞지 않는 규제를 積極 廢止하는 計劃을 세워 改革을 이뤄나가겠다.,積極,,적극,적극,
3급II,100,2023-02-25,18,dokeum_W,다음 밑줄 친 漢字語의 讀音을 쓰시오.,境遇에 맞지 않는 규제를 積極 廢止하는 計劃을 세워 改革을 이뤄나가겠다.,廢止,,폐지,폐지,
3급II,100,2023-02-25,19,dokeum_W,다음 밑줄 친 漢字語의 讀音을 쓰시오.,境遇에 맞지 않는 규제를 積極 廢止하는 計劃을 세워 改革을 이뤄나가겠다.,計劃,,계획,계획,
3급II,100,2023-02-25,20,dokeum_W,다음 밑줄 친 漢字語의 讀音을 쓰시오.,境遇에 맞지 않는 규제를 積極 廢止하는 計劃을 세워 改革을 이뤄나가겠다.,改革,,개혁,개혁,
3급II,100,2023-02-25,21,dokeum_W,다음 漢字語의 讀音을 쓰시오.,賃借,賃借,,임차,임차,
3급II,100,2023-02-25,22,dokeum_W,다음 漢字語의 讀音을 쓰시오.,移轉,移轉,,이전,이전,
3급II,100,2023-02-25,23,dokeum_W,다음 漢字語의 讀音을 쓰시오.,疾患,疾患,,질환,질환,
3급II,100,2023-02-25,24,dokeum_W,다음 漢字語의 讀音을 쓰시오.,安否,安否,,안부,안부,
3급II,100,2023-02-25,25,dokeum_W,다음 漢字語의 讀音을 쓰시오.,抗拒,抗拒,,항거,항거,
3급II,100,2023-02-25,26,dokeum_W,다음 漢字語의 讀音을 쓰시오.,哀歡,哀歡,,애환,애환,
3급II,100,2023-02-25,27,dokeum_W,다음 漢字語의 讀音을 쓰시오.,氷炭,氷炭,,빙탄,빙탄,
3급II,100,2023-02-25,28,dokeum_W,다음 漢字語의 讀音을 쓰시오.,奴婢,奴婢,,노비,노비,
3급II,100,2023-02-25,29,dokeum_W,다음 漢字語의 讀音을 쓰시오.,下降,下降,,하강,하강,
3급II,100,2023-02-25,30,dokeum_W,다음 漢字語의 讀音을 쓰시오.,悠久,悠久,,유구,유구,
3급II,100,2023-02-25,31,dokeum_W,다음 漢字語의 讀音을 쓰시오.,裝飾,裝飾,,장식,장식,
3급II,100,2023-02-25,32,dokeum_W,다음 漢字語의 讀音을 쓰시오.,忍耐,忍耐,,인내,인내,
3급II,100,2023-02-25,33,dokeum_W,다음 漢字語의 讀音을 쓰시오.,征伐,征伐,,정벌,정벌,
3급II,100,2023-02-25,34,dokeum_W,다음 漢字語의 讀音을 쓰시오.,錯誤,錯誤,,착오,착오,
3급II,100,2023-02-25,35,dokeum_W,다음 漢字語의 讀音을 쓰시오.,著作,著作,,저작,저작,
3급II,100,2023-02-25,36,dokeum_W,다음 漢字語의 讀音을 쓰시오.,聽聞,聽聞,,청문,청문,
3급II,100,2023-02-25,37,dokeum_W,다음 漢字語의 讀音을 쓰시오.,祭祀,祭祀,,제사,제사,
3급II,100,2023-02-25,38,dokeum_W,다음 漢字語의 讀音을 쓰시오.,參席,參席,,참석,참석,
3급II,100,2023-02-25,39,dokeum_W,다음 漢字語의 讀音을 쓰시오.,辰宿,辰宿,,진수,진수,
3급II,100,2023-02-25,40,dokeum_W,다음 漢字語의 讀音을 쓰시오.,凶暴,凶暴,,흉포,흉포,
3급II,100,2023-02-25,41,dokeum_W,다음 漢字語의 讀音을 쓰시오.,周圍,周圍,,주위,주위,
3급II,100,2023-02-25,42,dokeum_W,다음 漢字語의 讀音을 쓰시오.,沈沒,沈沒,,침몰,침몰,
3급II,100,2023-02-25,43,dokeum_W,다음 漢字語의 讀音을 쓰시오.,疲困,疲困,,피곤,피곤,
3급II,100,2023-02-25,44,dokeum_W,다음 漢字語의 讀音을 쓰시오.,探索,探索,,탐색,탐색,
3급II,100,2023-02-25,45,dokeum_W,다음 漢字語의 讀音을 쓰시오.,催促,催促,,최촉,최촉,
3급II,100,2023-02-25,46,huneum_W,다음 漢字의 訓과 音을 쓰시오.,窮,窮,,다할/궁할 궁,다할/궁할 궁,
3급II,100,2023-02-25,47,huneum_W,다음 漢字의 訓과 音을 쓰시오.,忽,忽,,갑자기 홀,갑자기 홀,
3급II,100,2023-02-25,48,huneum_W,다음 漢字의 訓과 音을 쓰시오.,假,假,,거짓 가,거짓 가,
3급II,100,2023-02-25,49,huneum_W,다음 漢字의 訓과 音을 쓰시오.,何,何,,어찌 하,어찌 하,
3급II,100,2023-02-25,50,huneum_W,다음 漢字의 訓과 音을 쓰시오.,克,克,,이길 극,이길 극,
3급II,100,2023-02-25,51,huneum_W,다음 漢字의 訓과 音을 쓰시오.,諾,諾,,허락할 낙,허락할 낙,
3급II,100,2023-02-25,52,huneum_W,다음 漢字의 訓과 音을 쓰시오.,彼,彼,,저 피,저 피,
3급II,100,2023-02-25,53,huneum_W,다음 漢字의 訓과 音을 쓰시오.,寧,寧,,편안 녕,편안 녕,
3급II,100,2023-02-25,54,huneum_W,다음 漢字의 訓과 音을 쓰시오.,派,派,,갈래 파,갈래 파,
3급II,100,2023-02-25,55,huneum_W,다음 漢字의 訓과 音을 쓰시오.,但,但,,다만 단,다만 단,
3급II,100,2023-02-25,56,huneum_W,다음 漢字의 訓과 音을 쓰시오.,鬪,鬪,,싸움 투,싸움 투,
3급II,100,2023-02-25,57,huneum_W,다음 漢字의 訓과 音을 쓰시오.,桃,桃,,복숭아 도,복숭아 도,
3급II,100,2023-02-25,58,huneum_W,다음 漢字의 訓과 音을 쓰시오.,歎,歎,,탄식할 탄,탄식할 탄,
3급II,100,2023-02-25,59,huneum_W,다음 漢字의 訓과 音을 쓰시오.,亂,亂,,어지러울 란,어지러울 란,
3급II,100,2023-02-25,60,huneum_W,다음 漢字의 訓과 音을 쓰시오.,翼,翼,,날개 익,날개 익,
3급II,100,2023-02-25,61,huneum_W,다음 漢字의 訓과 音을 쓰시오.,賴,賴,,의뢰할 뢰,의뢰할 뢰,
3급II,100,2023-02-25,62,huneum_W,다음 漢字의 訓과 音을 쓰시오.,亞,亞,,버금 아,버금 아,
3급II,100,2023-02-25,63,huneum_W,다음 漢字의 訓과 音을 쓰시오.,磨,磨,,갈 마,갈 마,
3급II,100,2023-02-25,64,huneum_W,다음 漢字의 訓과 音을 쓰시오.,漆,漆,,옻 칠,옻 칠,
3급II,100,2023-02-25,65,huneum_W,다음 漢字의 訓과 音을 쓰시오.,媒,媒,,중매 매,중매 매,
3급II,100,2023-02-25,66,huneum_W,다음 漢字의 訓과 音을 쓰시오.,贊,贊,,도울 찬,도울 찬,
3급II,100,2023-02-25,67,huneum_W,다음 漢字의 訓과 音을 쓰시오.,頌,頌,,기릴/칭송할 송,기릴/칭송할 송,
3급II,100,2023-02-25,68,huneum_W,다음 漢字의 訓과 音을 쓰시오.,薄,薄,,엷을 박,엷을 박,
3급II,100,2023-02-25,69,huneum_W,다음 漢字의 訓과 音을 쓰시오.,漸,漸,,점점 점,점점 점,
3급II,100,2023-02-25,70,huneum_W,다음 漢字의 訓과 音을 쓰시오.,浮,浮,,뜰 부,뜰 부,
3급II,100,2023-02-25,71,huneum_W,다음 漢字의 訓과 音을 쓰시오.,姉,姉,,손윗누이 자,손윗누이 자,
3급II,100,2023-02-25,72,huneum_W,다음 漢字의 訓과 音을 쓰시오.,司,司,,맡을 사,맡을 사,
3급II,100,2023-02-25,73,jangeum_S,다음 중 첫음절이 長音으로 발음되는 것을 고르시오.,,,"[""① 感謝"", ""② 監査""]",①,① 感謝,
3급II,100,2023-02-25,74,jangeum_S,다음 중 첫음절이 長音으로 발음되는 것을 고르시오.,,,"[""① 變更"", ""② 邊警""]",①,① 變更,
3급II,100,2023-02-25,75,jangeum_S,다음 중 첫음절이 長音으로 발음되는 것을 고르시오.,,,"[""① 新寺"", ""② 信史""]",②,② 信史,
3급II,100,2023-02-25,76,jangeum_S,다음 중 첫음절이 長音으로 발음되는 것을 고르시오.,,,"[""① 電氣"", ""② 傳記""]",①,① 電氣,
3급II,100,2023-02-25,77,jangeum_S,다음 중 첫음절이 長音으로 발음되는 것을 고르시오.,,,"[""① 右旋"", ""② 郵船""]",①,① 右旋,
3급II,100,2023-02-25,78,hanjaeo_W,다음 문장의 밑줄 친 단어를 漢字(正字)로 쓰시오.,그는 사고로 선수 생활을 그만두게 되어 절망에 빠져 있었지만 마음을 되잡아 봉사 활동을 통해 행복을 되찾았다.,선수,,選手,選手,
3급II,100,2023-02-25,79,hanjaeo_W,다음 문장의 밑줄 친 단어를 漢字(正字)로 쓰시오.,그는 사고로 선수 생활을 그만두게 되어 절망에 빠져 있었지만 마음을 되잡아 봉사 활동을 통해 행복을 되찾았다.,절망,,絶望,絶望,
3급II,100,2023-02-25,80,hanjaeo_W,다음 문장의 밑줄 친 단어를 漢字(正字)로 쓰시오.,그는 사고로 선수 생활을 그만두게 되어 절망에 빠져 있었지만 마음을 되잡아 봉사 활동을 통해 행복을 되찾았다.,봉사,,奉仕,奉仕,
3급II,100,2023-02-25,81,hanjaeo_W,다음 문장의 밑줄 친 단어를 漢字(正字)로 쓰시오.,그는 사고로 선수 생활을 그만두게 되어 절망에 빠져 있었지만 마음을 되잡아 봉사 활동을 통해 행복을 되찾았다.,행복,,幸福,幸福,
3급II,100,2023-02-25,82,hanjaeo_W,다음 문장의 밑줄 친 단어를 漢字(正字)로 쓰시오.,옥상에서 청소를 하다 고압선을 건드려 장애를 갖게 되었다.,옥상,,屋上,屋上,
3급II,100,2023-02-25,83,hanjaeo_W,다음 문장의 밑줄 친 단어를 漢字(正字)로 쓰시오.,옥상에서 청소를 하다 고압선을 건드려 장애를 갖게 되었다.,청소,,淸掃,淸掃,
3급II,100,2023-02-25,84,hanjaeo_W,다음 문장의 밑줄 친 단어를 漢字(正字)로 쓰시오.,옥상에서 청소를 하다 고압선을 건드려 장애를 갖게 되었다.,고압선,,高壓線,高壓線,
3급II,100,2023-02-25,85,hanjaeo_W,다음 문장의 밑줄 친 단어를 漢字(正字)로 쓰시오.,교도 시설에서 강연자는 공부라는 것은 의미를 찾아가는 과정임을 강조하셨다.,시설,,施設,施設,
3급II,100,2023-02-25,86,hanjaeo_W,다음 문장의 밑줄 친 단어를 漢字(正字)로 쓰시오.,교도 시설에서 강연자는 공부라는 것은 의미를 찾아가는 과정임을 강조하셨다.,공부,,工夫,工夫,
3급II,100,2023-02-25,87,hanjaeo_W,다음 문장의 밑줄 친 단어를 漢字(正字)로 쓰시오.,교도 시설에서 강연자는 공부라는 것은 의미를 찾아가는 과정임을 강조하셨다.,의미,,意味,意味,
3급II,100,2023-02-25,88,hanjaeo_W,다음 문장의 밑줄 친 단어를 漢字(正字)로 쓰시오.,교도 시설에서 강연자는 공부라는 것은 의미를 찾아가는 과정임을 강조하셨다.,과정,,過程,過程,
3급II,100,2023-02-25,89,hanjaeo_W,다음 문장의 밑줄 친 단어를 漢字(正字)로 쓰시오.,교도 시설에서 강연자는 공부라는 것은 의미를 찾아가는 과정임을 강조하셨다.,강조,,強調,強調,
3급II,100,2023-02-25,90,hanjaeo_W,다음 문장의 밑줄 친 단어를 漢字(正字)로 쓰시오.,선량한 가입자의 과한 과세를 경감하고 해결하기 위한 규제가 필요하다.,선량,,善良,善良,
3급II,100,2023-02-25,91,hanjaeo_W,다음 문장의 밑줄 친 단어를 漢字(正字)로 쓰시오.,선량한 가입자의 과한 과세를 경감하고 해결하기 위한 규제가 필요하다.,과세,,課稅,課稅,
3급II,100,2023-02-25,92,hanjaeo_W,다음 문장의 밑줄 친 단어를 漢字(正字)로 쓰시오.,선량한 가입자의 과한 과세를 경감하고 해결하기 위한 규제가 필요하다.,경감,,輕減,輕減,
3급II,100,2023-02-25,93,hanjaeo_W,다음 문장의 밑줄 친 단어를 漢字(正字)로 쓰시오.,선량한 가입자의 과한 과세를 경감하고 해결하기 위한 규제가 필요하다.,해결,,解決,解決,
3급II,100,2023-02-25,94,hanjaeo_W,다음 문장의 밑줄 친 단어를 漢字(正字)로 쓰시오.,선량한 가입자의 과한 과세를 경감하고 해결하기 위한 규제가 필요하다.,규제,,規制,規制,
3급II,100,2023-02-25,95,hanjaeo_W,다음 문장의 밑줄 친 단어를 漢字(正字)로 쓰시오.,고속도로에서는 허용된 기준 속도를 확인하고 주행해야 한다.,허용,,許容,許容,
3급II,100,2023-02-25,96,hanjaeo_W,다음 문장의 밑줄 친 단어를 漢字(正字)로 쓰시오.,고속도로에서는 허용된 기준 속도를 확인하고 주행해야 한다.,기준,,基準,基準,
3급II,100,2023-02-25,97,hanjaeo_W,다음 문장의 밑줄 친 단어를 漢字(正字)로 쓰시오.,고속도로에서는 허용된 기준 속도를 확인하고 주행해야 한다.,속도,,速度,速度,
3급II,100,2023-02-25,98,hanjaeo_W,다음 문장의 밑줄 친 단어를 漢字(正字)로 쓰시오.,고속도로에서는 허용된 기준 속도를 확인하고 주행해야 한다.,확인,,確認,確認,
3급II,100,2023-02-25,99,hanjaeo_W,다음 문장의 밑줄 친 단어를 漢字(正字)로 쓰시오.,열악한 지위에 있는 상인들이 대기업들과의 저가 전쟁에서 지지 않게 해야 한다.,지위,,地位,地位,
3급II,100,2023-02-25,100,hanjaeo_W,다음 문장의 밑줄 친 단어를 漢字(正字)로 쓰시오.,열악한 지위에 있는 상인들이 대기업들과의 저가 전쟁에서 지지 않게 해야 한다.,저가,,低價,低價,
3급II,100,2023-02-25,101,hanjaeo_W,다음 문장의 밑줄 친 단어를 漢字(正字)로 쓰시오.,열악한 지위에 있는 상인들이 대기업들과의 저가 전쟁에서 지지 않게 해야 한다.,전쟁,,戰爭,戰爭,
3급II,100,2023-02-25,102,hanjaeo_W,다음 문장의 밑줄 친 단어를 漢字(正字)로 쓰시오.,과거 마약 경험이 있다고 고백한 마약 퇴치 운동본부의 재활센터 직원은 마약 확산 추세가 심각하다며 우려를 표했고 이에 법무부는 강력한 단속과 처벌을 주도해 나가겠다고 말했다.,고백,,告白,告白,
3급II,100,2023-02-25,103,hanjaeo_W,다음 문장의 밑줄 친 단어를 漢字(正字)로 쓰시오.,과거 마약 경험이 있다고 고백한 마약 퇴치 운동본부의 재활센터 직원은 마약 확산 추세가 심각하다며 우려를 표했고 이에 법무부는 강력한 단속과 처벌을 주도해 나가겠다고 말했다.,퇴치,,退治,退治,
3급II,100,2023-02-25,104,hanjaeo_W,다음 문장의 밑줄 친 단어를 漢字(正字)로 쓰시오.,과거 마약 경험이 있다고 고백한 마약 퇴치 운동본부의 재활센터 직원은 마약 확산 추세가 심각하다며 우려를 표했고 이에 법무부는 강력한 단속과 처벌을 주도해 나가겠다고 말했다.,재활,,再活,再活,
3급II,100,2023-02-25,105,hanjaeo_W,다음 문장의 밑줄 친 단어를 漢字(正字)로 쓰시오.,과거 마약 경험이 있다고 고백한 마약 퇴치 운동본부의 재활센터 직원은 마약 확산 추세가 심각하다며 우려를 표했고 이에 법무부는 강력한 단속과 처벌을 주도해 나가겠다고 말했다.,단속,,團束,團束,
3급II,100,2023-02-25,106,hanjaeo_W,다음 문장의 밑줄 친 단어를 漢字(正字)로 쓰시오.,과거 마약 경험이 있다고 고백한 마약 퇴치 운동본부의 재활센터 직원은 마약 확산 추세가 심각하다며 우려를 표했고 이에 법무부는 강력한 단속과 처벌을 주도해 나가겠다고 말했다.,처벌,,處罰,處罰,
3급II,100,2023-02-25,107,hanjaeo_W,다음 문장의 밑줄 친 단어를 漢字(正字)로 쓰시오.,과거 마약 경험이 있다고 고백한 마약 퇴치 운동본부의 재활센터 직원은 마약 확산 추세가 심각하다며 우려를 표했고 이에 법무부는 강력한 단속과 처벌을 주도해 나가겠다고 말했다.,주도,,主導,主導,
3급II,100,2023-02-25,108,yui_W,다음 漢字와 비슷한 뜻을 가진 漢字(正字)를 (          ) 안에 써넣으시오.,아이들의 행렬 (      )隔이 넓혀졌다.,( )隔,,間,間,
3급II,100,2023-02-25,109,yui_W,다음 漢字와 비슷한 뜻을 가진 漢字(正字)를 (          ) 안에 써넣으시오.,늦가을의 (     )涼한 날씨가 느껴졌다.,( )涼,,冷,冷,
3급II,100,2023-02-25,110,yui_W,다음 漢字와 비슷한 뜻을 가진 漢字(正字)를 (          ) 안에 써넣으시오.,원시의 모습을 닮은 듯한 森( )에 들어섰다.,森( ),,林,林,
3급II,100,2023-02-25,111,yui_W,다음 漢字와 비슷한 뜻을 가진 漢字(正字)를 (          ) 안에 써넣으시오.,컴퓨터의 接(     )이 느려 불편했던 예전이 떠올랐다.,接( ),,續,續,
3급II,100,2023-02-25,112,yui_W,다음 漢字와 비슷한 뜻을 가진 漢字(正字)를 (          ) 안에 써넣으시오.,왜구의 (    )犯이 잦아 백성들의 생활이 말이 아니었다.,( )犯,,侵,侵,
3급II,100,2023-02-25,113,banui_W,다음 漢字와 뜻이 反對 또는 相對되는 漢字(正字)를 (            ) 안에 써넣으시오.,오늘은 조수 干(      )의 차가 제일 심한 날이다.,干( ),,滿,滿,
3급II,100,2023-02-25,114,banui_W,다음 漢字와 뜻이 反對 또는 相對되는 漢字(正字)를 (            ) 안에 써넣으시오.,친한 지인과 재화의 (        )喪을 따지는 일은 쉽지 않다.,( )喪,,得,得,
3급II,100,2023-02-25,115,banui_W,다음 漢字와 뜻이 反對 또는 相對되는 漢字(正字)를 (            ) 안에 써넣으시오.,부모님과 상봉하는 그의 모습에서 (      )憎의 그림자가 느껴졌다.,( )憎,,愛,愛,
3급II,100,2023-02-25,116,banui_W,다음 漢字와 뜻이 反對 또는 相對되는 漢字(正字)를 (            ) 안에 써넣으시오.,앞으로 그 일의 (      )背가 어찌될지 궁금하다.,( )背,,向,向,
3급II,100,2023-02-25,117,banui_W,다음 漢字와 뜻이 反對 또는 相對되는 漢字(正字)를 (            ) 안에 써넣으시오.,그림의 (    )僞를 따지는 일은 전문적인 지식이 필요하다.,( )僞,,眞,眞,
3급II,100,2023-02-25,118,banuieo_W,다음 漢字語의 反對語 또는 相對語를 2음절로 된 漢字(正字)로 쓰시오.,苦痛,苦痛,,快樂,快樂,
3급II,100,2023-02-25,119,banuieo_W,다음 漢字語의 反對語 또는 相對語를 2음절로 된 漢字(正字)로 쓰시오.,架空,架空,,實在,實在,
3급II,100,2023-02-25,120,banuieo_W,다음 漢字語의 反對語 또는 相對語를 2음절로 된 漢字(正字)로 쓰시오.,分散,分散,,集中,集中,
3급II,100,2023-02-25,121,banuieo_W,다음 漢字語의 反對語 또는 相對語를 2음절로 된 漢字(正字)로 쓰시오.,外延,外延,,內包,內包,
3급II,100,2023-02-25,122,banuieo_W,다음 漢字語의 反對語 또는 相對語를 2음절로 된 漢字(正字)로 쓰시오.,差別,差別,,平等,平等,
3급II,100,2023-02-25,123,dongeumeo_W,다음 漢字語의 同音異義語를 제시된 뜻에 맞는 漢字(正字)로 쓰시오.,孤掌 - (   ) 기계나 설비 따위에 이상이 생김.,孤掌,,故障,故障,
3급II,100,2023-02-25,124,dongeumeo_W,다음 漢字語의 同音異義語를 제시된 뜻에 맞는 漢字(正字)로 쓰시오.,扶桑 - (   ) 상장에 덧붙여 주는 상.,扶桑,,副賞,副賞,
3급II,100,2023-02-25,125,dongeumeo_W,다음 漢字語의 同音異義語를 제시된 뜻에 맞는 漢字(正字)로 쓰시오.,死票 - (   ) 학식과 덕행이 높아 남의 모범이 될 만한 인물.,死票,,師表,師表,
3급II,100,2023-02-25,126,dongeumeo_W,다음 漢字語의 同音異義語를 제시된 뜻에 맞는 漢字(正字)로 쓰시오.,援引 - (   ) 어떤 일의 근본이 되는 까닭.,援引,,原因,原因,
3급II,100,2023-02-25,127,dongeumeo_W,다음 漢字語의 同音異義語를 제시된 뜻에 맞는 漢字(正字)로 쓰시오.,淺才 - (   ) 자연 현상으로 인한 재난.,淺才,,天災,天災,
3급II,100,2023-02-25,128,seongeo_W,다음 (    ) 안에 알맞은 漢字(正字)를 써서 四字成語를 완성하시오.,申申( )付 : 거듭하여 간곡히 부탁함.,申申( )付,,當,當,
3급II,100,2023-02-25,129,seongeo_W,다음 (    ) 안에 알맞은 漢字(正字)를 써서 四字成語를 완성하시오.,甘言利(    ) : 남의 비위에 맞게 꾸민 말.,甘言利( ),,說,說,
3급II,100,2023-02-25,130,seongeo_W,다음 (    ) 안에 알맞은 漢字(正字)를 써서 四字成語를 완성하시오.,誇大妄(    ) : 턱없이 과장하여 엉뚱하게 생각함.,誇大妄( ),,想,想,
3급II,100,2023-02-25,131,seongeo_W,다음 (    ) 안에 알맞은 漢字(正字)를 써서 四字成語를 완성하시오.,男(    )女卑 : 남자를 여자보다 존중하는 일.,男( )女卑,,尊,尊,
3급II,100,2023-02-25,132,seongeo_W,다음 (    ) 안에 알맞은 漢字(正字)를 써서 四字成語를 완성하시오.,連(    )責任 : 두 사람 이상이 함께 지는 책임.,連( )責任,,帶,帶,
3급II,100,2023-02-25,133,seongeo_W,다음 (    ) 안에 알맞은 漢字(正字)를 써서 四字成語를 완성하시오.,明若( )火 : 불 보듯 밝아 보임.,明若( )火,,觀,觀,
3급II,100,2023-02-25,134,seongeo_W,다음 (    ) 안에 알맞은 漢字(正字)를 써서 四字成語를 완성하시오.,伯仲之(    ) : 우열의 차이가 없이 엇비슷함.,伯仲之( ),,勢,勢,
3급II,100,2023-02-25,135,seongeo_W,다음 (    ) 안에 알맞은 漢字(正字)를 써서 四字成語를 완성하시오.,嚴冬雪(    ) : 눈 내리는 깊은 겨울의 심한 추위.,嚴冬雪( ),,寒,寒,
3급II,100,2023-02-25,136,seongeo_W,다음 (    ) 안에 알맞은 漢字(正字)를 써서 四字成語를 완성하시오.,赤貧如(    ) : 마치 물로 씻은 듯 아무 것도 가진 것이 없음.,赤貧如( ),,洗,洗,
3급II,100,2023-02-25,137,seongeo_W,다음 (    ) 안에 알맞은 漢字(正字)를 써서 四字成語를 완성하시오.,(    )無孟浪 : 터무니 없이 허황되고 실상이 없음.,( )無孟浪,,虛,虛,
3급II,100,2023-02-25,138,busu_W,다음 漢字의 部首를 쓰시오.,象,象,,豕,豕,
3급II,100,2023-02-25,139,busu_W,다음 漢字의 部首를 쓰시오.,畫,畫,,田,田,
3급II,100,2023-02-25,140,busu_W,다음 漢字의 部首를 쓰시오.,壽,壽,,士,士,
3급II,100,2023-02-25,141,busu_W,다음 漢字의 部首를 쓰시오.,免,免,,儿,儿,
3급II,100,2023-02-25,142,busu_W,다음 漢字의 部首를 쓰시오.,曲,曲,,曰,曰,
3급II,100,2023-02-25,143,yakja_W,다음 漢字의 略字를 쓰시오.,關,關,,関,関,
3급II,100,2023-02-25,144,yakja_W,다음 漢字의 略字를 쓰시오.,圖,圖,,図,図,
3급II,100,2023-02-25,145,yakja_W,다음 漢字의 略字를 쓰시오.,聲,聲,,声,声,
3급II,100,2023-02-25,146,mean_W,다음 漢字語의 뜻을 쓰시오.,骨子,骨子,,요긴한 부분,요긴한 부분,
3급II,100,2023-02-25,147,mean_W,다음 漢字語의 뜻을 쓰시오.,卓越,卓越,,월등히 뛰어남,월등히 뛰어남,
3급II,100,2023-02-25,148,mean_W,다음 漢字語의 뜻을 쓰시오.,刺衝,刺衝,,찌름,찌름,
3급II,100,2023-02-25,149,mean_W,다음 漢字語의 뜻을 쓰시오.,商量,商量,,헤아려 잘 생각함,헤아려 잘 생각함,
3급II,100,2023-02-25,150,mean_W,다음 漢字語의 뜻을 쓰시오.,傾倒,傾倒,,기울어 넘어짐/마음을 기울여 열중함,기울어 넘어짐/마음을 기울여 열중함,
3급II,101,2023-06-03,1,dokeum_W,다음 밑줄 친 漢字語의 讀音을 쓰시오.,彼此 말은 안 했지만 둘의 뜻이 통했다.,彼此,,피차,피차,
3급II,101,2023-06-03,2,dokeum_W,다음 밑줄 친 漢字語의 讀音을 쓰시오.,오늘은 어머니 生辰날이다.,生辰,,생신,생신,
3급II,101,2023-06-03,3,dokeum_W,다음 밑줄 친 漢字語의 讀音을 쓰시오.,한 시민이 행인에게 도움을 呼訴했다.,呼訴,,호소,호소,
3급II,101,2023-06-03,4,dokeum_W,다음 밑줄 친 漢字語의 讀音을 쓰시오.,그들은 서로 조금씩 讓步하기로 했다.,讓步,,양보,양보,
3급II,101,2023-06-03,5,dokeum_W,다음 밑줄 친 漢字語의 讀音을 쓰시오.,그는 응시자 중 拔群의 실력을 보여주었다.,拔群,,발군,발군,
3급II,101,2023-06-03,6,dokeum_W,다음 밑줄 친 漢字語의 讀音을 쓰시오.,문제점 補完을 위하여 최선을 다하였다.,補完,,보완,보완,
3급II,101,2023-06-03,7,dokeum_W,다음 밑줄 친 漢字語의 讀音을 쓰시오.,모든 준비를 徹底히 합시다.,徹底,,철저,철저,
3급II,101,2023-06-03,8,dokeum_W,다음 밑줄 친 漢字語의 讀音을 쓰시오.,溫突은 방을 덥히는 장치다.,溫突,,온돌,온돌,
3급II,101,2023-06-03,9,dokeum_W,다음 밑줄 친 漢字語의 讀音을 쓰시오.,각자 役割 분담을 하였다.,役割,,역할,역할,
3급II,101,2023-06-03,10,dokeum_W,다음 밑줄 친 漢字語의 讀音을 쓰시오.,나는 논설문을 쓸 때는 槪要를 먼저 작성한다.,槪要,,개요,개요,
3급II,101,2023-06-03,11,dokeum_W,다음 밑줄 친 漢字語의 讀音을 쓰시오.,이 그림을 벽면에 附着해 보자.,附着,,부착,부착,
3급II,101,2023-06-03,12,dokeum_W,다음 밑줄 친 漢字語의 讀音을 쓰시오.,그녀는 남편의 약속을 信賴하였다.,信賴,,신뢰,신뢰,
3급II,101,2023-06-03,13,dokeum_W,다음 밑줄 친 漢字語의 讀音을 쓰시오.,수술 환자에게 긴급 輸血을 하였다.,輸血,,수혈,수혈,
3급II,101,2023-06-03,14,dokeum_W,다음 밑줄 친 漢字語의 讀音을 쓰시오.,숫자를 차례대로 排列하시오.,排列,,배열,배열,
3급II,101,2023-06-03,15,dokeum_W,다음 밑줄 친 漢字語의 讀音을 쓰시오.,붕괴 사건은 관리 疏忽이 원인이었다.,疏忽,,소홀,소홀,
3급II,101,2023-06-03,16,dokeum_W,다음 밑줄 친 漢字語의 讀音을 쓰시오.,借名 계좌를 만들면 처벌받는다.,借名,,차명,차명,
3급II,101,2023-06-03,17,dokeum_W,다음 밑줄 친 漢字語의 讀音을 쓰시오.,탐험대가 북극을 遠征하였다.,遠征,,원정,원정,
3급II,101,2023-06-03,18,dokeum_W,다음 밑줄 친 漢字語의 讀音을 쓰시오.,그 지역에서는 기독교도가 迫害를 당하였다.,迫害,,박해,박해,
3급II,101,2023-06-03,19,dokeum_W,다음 밑줄 친 漢字語의 讀音을 쓰시오.,제물의 陳設은 가문에 따라 다소 차이가 있다.,陳設,,진설,진설,
3급II,101,2023-06-03,20,dokeum_W,다음 밑줄 친 漢字語의 讀音을 쓰시오.,그녀는 아버지의 병이 낫기를 懇求했다.,懇求,,간구,간구,
3급II,101,2023-06-03,21,dokeum_W,다음 漢字語의 讀音을 쓰시오.,拾得,拾得,,습득,습득,
3급II,101,2023-06-03,22,dokeum_W,다음 漢字語의 讀音을 쓰시오.,浮沈,浮沈,,부침,부침,
3급II,101,2023-06-03,23,dokeum_W,다음 漢字語의 讀音을 쓰시오.,憂慮,憂慮,,우려,우려,
3급II,101,2023-06-03,24,dokeum_W,다음 漢字語의 讀音을 쓰시오.,還收,還收,,환수,환수,
3급II,101,2023-06-03,25,dokeum_W,다음 漢字語의 讀音을 쓰시오.,鹽田,鹽田,,염전,염전,
3급II,101,2023-06-03,26,dokeum_W,다음 漢字語의 讀音을 쓰시오.,雅淡,雅淡,,아담,아담,
3급II,101,2023-06-03,27,dokeum_W,다음 漢字語의 讀音을 쓰시오.,供養,供養,,공양,공양,
3급II,101,2023-06-03,28,dokeum_W,다음 漢字語의 讀音을 쓰시오.,沙丘,沙丘,,사구,사구,
3급II,101,2023-06-03,29,dokeum_W,다음 漢字語의 讀音을 쓰시오.,企劃,企劃,,기획,기획,
3급II,101,2023-06-03,30,dokeum_W,다음 漢字語의 讀音을 쓰시오.,隔離,隔離,,격리,격리,
3급II,101,2023-06-03,31,dokeum_W,다음 漢字語의 讀音을 쓰시오.,樓閣,樓閣,,누각,누각,
3급II,101,2023-06-03,32,dokeum_W,다음 漢字語의 讀音을 쓰시오.,催眠,催眠,,최면,최면,
3급II,101,2023-06-03,33,dokeum_W,다음 漢字語의 讀音을 쓰시오.,屈辱,屈辱,,굴욕,굴욕,
3급II,101,2023-06-03,34,dokeum_W,다음 漢字語의 讀音을 쓰시오.,誘導,誘導,,유도,유도,
3급II,101,2023-06-03,35,dokeum_W,다음 漢字語의 讀音을 쓰시오.,腹背,腹背,,복배,복배,
3급II,101,2023-06-03,36,dokeum_W,다음 漢字語의 讀音을 쓰시오.,症勢,症勢,,증세,증세,
3급II,101,2023-06-03,37,dokeum_W,다음 漢字語의 讀音을 쓰시오.,臺詞,臺詞,,대사,대사,
3급II,101,2023-06-03,38,dokeum_W,다음 漢字語의 讀音을 쓰시오.,荒廢,荒廢,,황폐,황폐,
3급II,101,2023-06-03,39,dokeum_W,다음 漢字語의 讀音을 쓰시오.,比較,比較,,비교,비교,
3급II,101,2023-06-03,40,dokeum_W,다음 漢字語의 讀音을 쓰시오.,未熟,未熟,,미숙,미숙,
3급II,101,2023-06-03,41,dokeum_W,다음 漢字語의 讀音을 쓰시오.,虛像,虛像,,허상,허상,
3급II,101,2023-06-03,42,dokeum_W,다음 漢字語의 讀音을 쓰시오.,鎭壓,鎭壓,,진압,진압,
3급II,101,2023-06-03,43,dokeum_W,다음 漢字語의 讀音을 쓰시오.,換拂,換拂,,환불,환불,
3급II,101,2023-06-03,44,dokeum_W,다음 漢字語의 讀音을 쓰시오.,覺悟,覺悟,,각오,각오,
3급II,101,2023-06-03,45,dokeum_W,다음 漢字語의 讀音을 쓰시오.,贊翼,贊翼,,찬익,찬익,
3급II,101,2023-06-03,46,huneum_W,다음 漢字의 訓과 音을 쓰시오.,淑,淑,,맑을 숙,맑을 숙,
3급II,101,2023-06-03,47,huneum_W,다음 漢字의 訓과 音을 쓰시오.,訣,訣,,이별할 결,이별할 결,
3급II,101,2023-06-03,48,huneum_W,다음 漢字의 訓과 音을 쓰시오.,季,季,,계절 계,계절 계,
3급II,101,2023-06-03,49,huneum_W,다음 漢字의 訓과 音을 쓰시오.,恕,恕,,용서할 서,용서할 서,
3급II,101,2023-06-03,50,huneum_W,다음 漢字의 訓과 音을 쓰시오.,蒼,蒼,,푸를 창,푸를 창,
3급II,101,2023-06-03,51,huneum_W,다음 漢字의 訓과 音을 쓰시오.,壯,壯,,장할 장,장할 장,
3급II,101,2023-06-03,52,huneum_W,다음 漢字의 訓과 音을 쓰시오.,池,池,,못 지,못 지,
3급II,101,2023-06-03,53,huneum_W,다음 漢字의 訓과 音을 쓰시오.,祕,祕,,숨길 비,숨길 비,
3급II,101,2023-06-03,54,huneum_W,다음 漢字의 訓과 音을 쓰시오.,鋼,鋼,,강철 강,강철 강,
3급II,101,2023-06-03,55,huneum_W,다음 漢字의 訓과 音을 쓰시오.,鼓,鼓,,북 고,북 고,
3급II,101,2023-06-03,56,huneum_W,다음 漢字의 訓과 音을 쓰시오.,秩,秩,,차례 질,차례 질,
3급II,101,2023-06-03,57,huneum_W,다음 漢字의 訓과 音을 쓰시오.,賤,賤,,천할 천,천할 천,
3급II,101,2023-06-03,58,huneum_W,다음 漢字의 訓과 音을 쓰시오.,編,編,,엮을 편,엮을 편,
3급II,101,2023-06-03,59,huneum_W,다음 漢字의 訓과 音을 쓰시오.,訟,訟,,송사할 송,송사할 송,
3급II,101,2023-06-03,60,huneum_W,다음 漢字의 訓과 音을 쓰시오.,策,策,,꾀 책,꾀 책,
3급II,101,2023-06-03,61,huneum_W,다음 漢字의 訓과 音을 쓰시오.,寬,寬,,너그러울 관,너그러울 관,
3급II,101,2023-06-03,62,huneum_W,다음 漢字의 訓과 音을 쓰시오.,畜,畜,,짐승 축,짐승 축,
3급II,101,2023-06-03,63,huneum_W,다음 漢字의 訓과 音을 쓰시오.,浩,浩,,넓을 호,넓을 호,
3급II,101,2023-06-03,64,huneum_W,다음 漢字의 訓과 音을 쓰시오.,墨,墨,,먹 묵,먹 묵,
3급II,101,2023-06-03,65,huneum_W,다음 漢字의 訓과 音을 쓰시오.,脚,脚,,다리 각,다리 각,
3급II,101,2023-06-03,66,huneum_W,다음 漢字의 訓과 音을 쓰시오.,禍,禍,,재앙 화,재앙 화,
3급II,101,2023-06-03,67,huneum_W,다음 漢字의 訓과 音을 쓰시오.,悔,悔,,뉘우칠 회,뉘우칠 회,
3급II,101,2023-06-03,68,huneum_W,다음 漢字의 訓과 音을 쓰시오.,啓,啓,,열 계,열 계,
3급II,101,2023-06-03,69,huneum_W,다음 漢字의 訓과 音을 쓰시오.,謀,謀,,꾀 모,꾀 모,
3급II,101,2023-06-03,70,huneum_W,다음 漢字의 訓과 音을 쓰시오.,殿,殿,,전각 전,전각 전,
3급II,101,2023-06-03,71,huneum_W,다음 漢字의 訓과 音을 쓰시오.,貞,貞,,곧을 정,곧을 정,
3급II,101,2023-06-03,72,huneum_W,다음 漢字의 訓과 音을 쓰시오.,寧,寧,,편안 녕,편안 녕,
3급II,101,2023-06-03,73,busu_W,다음 漢字의 部首를 쓰시오.,項,項,,頁,頁,
3급II,101,2023-06-03,74,busu_W,다음 漢字의 部首를 쓰시오.,陷,陷,,阜(阝),阜(阝),
3급II,101,2023-06-03,75,busu_W,다음 漢字의 部首를 쓰시오.,含,含,,口,口,
3급II,101,2023-06-03,76,busu_W,다음 漢字의 部首를 쓰시오.,我,我,,戈,戈,
3급II,101,2023-06-03,77,busu_W,다음 漢字의 部首를 쓰시오.,默,默,,黑,黑,
3급II,101,2023-06-03,78,yakja_W,다음 漢字의 略字를 쓰시오.,黨,黨,,党,党,
3급II,101,2023-06-03,79,yakja_W,다음 漢字의 略字를 쓰시오.,藝,藝,,芸 兿,芸 兿,
3급II,101,2023-06-03,80,yakja_W,다음 漢字의 略字를 쓰시오.,寶,寶,,宝,宝,
3급II,101,2023-06-03,81,jangeum_S,다음 漢字語 중 첫소리가 長音인 것을 가려 그 번호를 쓰시오.,,,"[""① 感謝"", ""② 監司""]",①,① 感謝,
3급II,101,2023-06-03,82,jangeum_S,다음 漢字語 중 첫소리가 長音인 것을 가려 그 번호를 쓰시오.,,,"[""① 苦戰"", ""② 古典""]",②,② 古典,
3급II,101,2023-06-03,83,jangeum_S,다음 漢字語 중 첫소리가 長音인 것을 가려 그 번호를 쓰시오.,,,"[""① 道路"", ""② 徒勞""]",①,① 道路,
3급II,101,2023-06-03,84,jangeum_S,다음 漢字語 중 첫소리가 長音인 것을 가려 그 번호를 쓰시오.,,,"[""① 訪問"", ""② 房門""]",①,① 訪問,
3급II,101,2023-06-03,85,jangeum_S,다음 漢字語 중 첫소리가 長音인 것을 가려 그 번호를 쓰시오.,,,"[""① 船首"", ""② 選手""]",②,② 選手,
3급II,101,2023-06-03,86,yui_W,다음 (     ) 안에 밑줄 친 漢字와 뜻이 같거나 비슷한 漢字를 正字로 적어 문장을 완성하시오.,정부의 개발을 위해 수용된 토지에 대한 ( )償이 이루어졌다.,( )償,,報,報,
3급II,101,2023-06-03,87,yui_W,다음 (     ) 안에 밑줄 친 漢字와 뜻이 같거나 비슷한 漢字를 正字로 적어 문장을 완성하시오.,그 소설가는 珠(      )과 같은 단편을 발표했다.,珠( ),,玉,玉,
3급II,101,2023-06-03,88,yui_W,다음 (     ) 안에 밑줄 친 漢字와 뜻이 같거나 비슷한 漢字를 正字로 적어 문장을 완성하시오.,그림을 보는 안목이 (         )越했다.,( )越,,卓,卓,
3급II,101,2023-06-03,89,yui_W,다음 (     ) 안에 밑줄 친 漢字와 뜻이 같거나 비슷한 漢字를 正字로 적어 문장을 완성하시오.,비행기가 갑자기 동쪽으로 旋( )를 했다.,旋( ),,回,回,
3급II,101,2023-06-03,90,yui_W,다음 (     ) 안에 밑줄 친 漢字와 뜻이 같거나 비슷한 漢字를 正字로 적어 문장을 완성하시오.,지나가던 행렬이 갑자기 우리 앞에서 ( )止했다.,( )止,,停,停,
3급II,101,2023-06-03,91,banui_W,다음 (          ) 안에 밑줄 친 漢字와 뜻이 상대(또는 반대)되는 漢字를 正字로 적어 문장을 완성하시오.,그 집안은 姑(        ) 사이가 모녀지간처럼 화목하다.,姑( ),,婦,婦,
3급II,101,2023-06-03,92,banui_W,다음 (          ) 안에 밑줄 친 漢字와 뜻이 상대(또는 반대)되는 漢字를 正字로 적어 문장을 완성하시오.,노사의 화합 여부에 따라 기업의 (    )衰가 좌우된다.,( )衰,,盛,盛,
3급II,101,2023-06-03,93,banui_W,다음 (          ) 안에 밑줄 친 漢字와 뜻이 상대(또는 반대)되는 漢字를 正字로 적어 문장을 완성하시오.,이 팀은 기동력이 뛰어나 攻(            ) 전환이 빠르다.,攻( ),,守,守,
3급II,101,2023-06-03,94,banui_W,다음 (          ) 안에 밑줄 친 漢字와 뜻이 상대(또는 반대)되는 漢字를 正字로 적어 문장을 완성하시오.,경찰은 그 사건의 (        )僞를 낱낱이 밝혀야 한다.,( )僞,,眞,眞,
3급II,101,2023-06-03,95,banui_W,다음 (          ) 안에 밑줄 친 漢字와 뜻이 상대(또는 반대)되는 漢字를 正字로 적어 문장을 완성하시오.,그는 군인들의 (       )罰을 맡아보는 직책에 있다.,( )罰,,賞,賞,
3급II,101,2023-06-03,96,banuieo_W,다음 두 단어가 상대(또는 반대)되는 漢字語가 되도록 ( ) 안에 알맞은 漢字(正字)를 쓰시오.,喜悅 ↔ 憤(    ),喜悅 ↔ 憤( ),,怒,怒,
3급II,101,2023-06-03,97,banuieo_W,다음 두 단어가 상대(또는 반대)되는 漢字語가 되도록 ( ) 안에 알맞은 漢字(正字)를 쓰시오.,( )(   ) ↔ 紛爭,( )( ) ↔ 紛爭,,和解,和解,
3급II,101,2023-06-03,98,banuieo_W,다음 두 단어가 상대(또는 반대)되는 漢字語가 되도록 ( ) 안에 알맞은 漢字(正字)를 쓰시오.,( )諾 ↔ 拒否,( )諾 ↔ 拒否,,承,承,
3급II,101,2023-06-03,99,banuieo_W,다음 두 단어가 상대(또는 반대)되는 漢字語가 되도록 ( ) 안에 알맞은 漢字(正字)를 쓰시오.,儉約 ↔ 浪(    ),儉約 ↔ 浪( ),,費,費,
3급II,101,2023-06-03,100,banuieo_W,다음 두 단어가 상대(또는 반대)되는 漢字語가 되도록 ( ) 안에 알맞은 漢字(正字)를 쓰시오.,拘(    ) ↔ 釋放,拘( ) ↔ 釋放,,束,束,
3급II,101,2023-06-03,101,mean_W,다음 漢字語의 뜻을 쓰시오.,餘裕,餘裕,,넉넉하고 남음이 있음,넉넉하고 남음이 있음,
3급II,101,2023-06-03,102,mean_W,다음 漢字語의 뜻을 쓰시오.,國譯,國譯,,다른 나라 말로 된 것을 자기 나라 말로 번역함.,다른 나라 말로 된 것을 자기 나라 말로 번역함.,
3급II,101,2023-06-03,103,mean_W,다음 漢字語의 뜻을 쓰시오.,獻花,獻花,,꽃을 바침,꽃을 바침,
3급II,101,2023-06-03,104,mean_W,다음 漢字語의 뜻을 쓰시오.,落雷,落雷,,벼락이 떨어짐,벼락이 떨어짐,
3급II,101,2023-06-03,105,mean_W,다음 漢字語의 뜻을 쓰시오.,老顔,老顔,,노인의 얼굴,노인의 얼굴,
3급II,101,2023-06-03,106,dongeumeo_W,다음 (    ) 속 단어의 同音異義語를 주어진 뜻에 맞게 漢字(正字)로 쓰시오.,(強辯) 강가.,(強辯),,江邊,江邊,
3급II,101,2023-06-03,107,dongeumeo_W,다음 (    ) 속 단어의 同音異義語를 주어진 뜻에 맞게 漢字(正字)로 쓰시오.,(畫材) 불이 나는 재앙.,(畫材),,火災,火災,
3급II,101,2023-06-03,108,dongeumeo_W,다음 (    ) 속 단어의 同音異義語를 주어진 뜻에 맞게 漢字(正字)로 쓰시오.,(燒祭) 더럽거나 어지러운 것을 쓸고 닦아서 깨끗하게 함.,(燒祭),,掃除,掃除,
3급II,101,2023-06-03,109,dongeumeo_W,다음 (    ) 속 단어의 同音異義語를 주어진 뜻에 맞게 漢字(正字)로 쓰시오.,(一相) 매일 반복되는 생활.,(一相),,日常,日常,
3급II,101,2023-06-03,110,dongeumeo_W,다음 (    ) 속 단어의 同音異義語를 주어진 뜻에 맞게 漢字(正字)로 쓰시오.,(招待) 한 계통의 연대나 세대의 첫머리.,(招待),,初代,初代,
3급II,101,2023-06-03,111,seongeo_W,다음 ( ) 안에 알맞은 漢字를 적어 四字成語를 완성하시오.,宿虎衝(   ): 자는 호랑이의 코를 찌름.,宿虎衝( ),,鼻,鼻,
3급II,101,2023-06-03,112,seongeo_W,다음 ( ) 안에 알맞은 漢字를 적어 四字成語를 완성하시오.,(   )高萬丈: 기운이 높이 치솟고 멀리까지 뻗침.,( )高萬丈,,氣,氣,
3급II,101,2023-06-03,113,seongeo_W,다음 ( ) 안에 알맞은 漢字를 적어 四字成語를 완성하시오.,(   )出鬼沒: 귀신같이 나타났다가 귀신같이 사라짐.,( )出鬼沒,,神,神,
3급II,101,2023-06-03,114,seongeo_W,다음 ( ) 안에 알맞은 漢字를 적어 四字成語를 완성하시오.,如履薄(   ): 살얼음을 밟는 것과 같음.,如履薄( ),,氷,氷,
3급II,101,2023-06-03,115,seongeo_W,다음 ( ) 안에 알맞은 漢字를 적어 四字成語를 완성하시오.,三旬九(   ): 삼십 일 동안 아홉 끼니밖에 먹지 못함. 몹시 가난함.,三旬九( ),,食,食,
3급II,101,2023-06-03,116,seongeo_W,다음 ( ) 안에 알맞은 漢字를 적어 四字成語를 완성하시오.,進(   )維谷: 나아가고 물러날 길이 오직 골짜기뿐임.,進( )維谷,,退,退,
3급II,101,2023-06-03,117,seongeo_W,다음 ( ) 안에 알맞은 漢字를 적어 四字成語를 완성하시오.,滅私( )公: 사사로움을 버리고 공익을 받듦.,滅私( )公,,奉,奉,
3급II,101,2023-06-03,118,seongeo_W,다음 ( ) 안에 알맞은 漢字를 적어 四字成語를 완성하시오.,山紫水(   ): 산의 초목에 붉은 단풍이 들고 물은 맑음.,山紫水( ),,明,明,
3급II,101,2023-06-03,119,seongeo_W,다음 ( ) 안에 알맞은 漢字를 적어 四字成語를 완성하시오.,大(   )晩成: 크게 될 사람은 늦게 이루어짐.,大( )晩成,,器,器,
3급II,101,2023-06-03,120,seongeo_W,다음 ( ) 안에 알맞은 漢字를 적어 四字成語를 완성하시오.,蓋世之(   ): 세상을 뒤덮을 만큼 뛰어난 재주.,蓋世之( ),,才,才,
3급II,101,2023-06-03,121,hanjaeo_W,다음 문장의 밑줄 친 漢字語를 正字의 漢字로 쓰시오.,경제가 어려워지면서 국채도 늘어났다.,경제,,經濟,經濟,
3급II,101,2023-06-03,122,hanjaeo_W,다음 문장의 밑줄 친 漢字語를 正字의 漢字로 쓰시오.,광복절에는 각 기관별로 경축 행사를 갖는다.,경축,,慶祝,慶祝,
3급II,101,2023-06-03,123,hanjaeo_W,다음 문장의 밑줄 친 漢字語를 正字의 漢字로 쓰시오.,이 영화는 주연보다 조연들의 열연이 돋보인다.,열연,,熱演,熱演,
3급II,101,2023-06-03,124,hanjaeo_W,다음 문장의 밑줄 친 漢字語를 正字의 漢字로 쓰시오.,수술 이후 그는 술과 음식을 절제하였다.,절제,,節制,節制,
3급II,101,2023-06-03,125,hanjaeo_W,다음 문장의 밑줄 친 漢字語를 正字의 漢字로 쓰시오.,우리는 우리 앞에 놓인 문제를 좀더 깊이 통찰해야 한다.,통찰,,洞察,洞察,
3급II,101,2023-06-03,126,hanjaeo_W,다음 문장의 밑줄 친 漢字語를 正字의 漢字로 쓰시오.,나는 이번 가창 대회에서 독창 부분을 맡았다.,독창,,獨唱,獨唱,
3급II,101,2023-06-03,127,hanjaeo_W,다음 문장의 밑줄 친 漢字語를 正字의 漢字로 쓰시오.,그녀는 바로 근접거리에서 영화배우를 보았다며 자랑했다.,근접,,近接,近接,
3급II,101,2023-06-03,128,hanjaeo_W,다음 문장의 밑줄 친 漢字語를 正字의 漢字로 쓰시오.,시어머니와 며느리의 관계가 원만한 편이다.,관계,,關係,關係,
3급II,101,2023-06-03,129,hanjaeo_W,다음 문장의 밑줄 친 漢字語를 正字의 漢字로 쓰시오.,산유국들의 석유 감산으로 기름값 인상되었다.,감산,,減産,減産,
3급II,101,2023-06-03,130,hanjaeo_W,다음 문장의 밑줄 친 漢字語를 正字의 漢字로 쓰시오.,체육 대회에서 아이들은 백 미터 경주를 벌였다.,경주,,競走,競走,
3급II,101,2023-06-03,131,hanjaeo_W,다음 문장의 밑줄 친 漢字語를 正字의 漢字로 쓰시오.,세종대왕은 위민정치를 하셨다.,위민,,爲民,爲民,
3급II,101,2023-06-03,132,hanjaeo_W,다음 문장의 밑줄 친 漢字語를 正字의 漢字로 쓰시오.,이 논문의 약점은 결론 부분이 취약하다는 것이다.,결론,,結論,結論,
3급II,101,2023-06-03,133,hanjaeo_W,다음 문장의 밑줄 친 漢字語를 正字의 漢字로 쓰시오.,이번 수상은 나에게 영광스러운 일이다.,영광,,榮光,榮光,
3급II,101,2023-06-03,134,hanjaeo_W,다음 문장의 밑줄 친 漢字語를 正字의 漢字로 쓰시오.,정성을 다해 소원을 빌면 반드시 이루어진다.,소원,,所願,所願,
3급II,101,2023-06-03,135,hanjaeo_W,다음 문장의 밑줄 친 漢字語를 正字의 漢字로 쓰시오.,이것은 조선 시대의 책을 필사한 사본이다.,필사,,筆寫,筆寫,
3급II,101,2023-06-03,136,hanjaeo_W,다음 문장의 밑줄 친 漢字語를 正字의 漢字로 쓰시오.,그는 자신의 가설을 증명하기 위해 몇 가지 실험을 했다.,가설,,假說,假說,
3급II,101,2023-06-03,137,hanjaeo_W,다음 문장의 밑줄 친 漢字語를 正字의 漢字로 쓰시오.,나의 여행은 즐겁고 신나는 일들의 연속이었다.,연속,,連續,連續,
3급II,101,2023-06-03,138,hanjaeo_W,다음 문장의 밑줄 친 漢字語를 正字의 漢字로 쓰시오.,이번 행사는 시민들의 협조로 무사히 치러졌다.,협조,,協助,協助,
3급II,101,2023-06-03,139,hanjaeo_W,다음 문장의 밑줄 친 漢字語를 正字의 漢字로 쓰시오.,우리 회사는 평균 두 달에 한 번꼴로 상여금이 지급된다.,지급,,支給,支給,
3급II,101,2023-06-03,140,hanjaeo_W,다음 문장의 밑줄 친 漢字語를 正字의 漢字로 쓰시오.,저곳이 바로 단종이 유배되었던 청령포이다.,유배,,流配,流配,
3급II,101,2023-06-03,141,hanjaeo_W,다음 문장의 밑줄 친 漢字語를 正字의 漢字로 쓰시오.,국무 위원은 국무총리의 제청으로 대통령이 임명한다.,제청,,提請,提請,
3급II,101,2023-06-03,142,hanjaeo_W,다음 문장의 밑줄 친 漢字語를 正字의 漢字로 쓰시오.,나는 그녀의 정성이 담긴 선물에 감격했다.,정성,,精誠,精誠,
3급II,101,2023-06-03,143,hanjaeo_W,다음 문장의 밑줄 친 漢字語를 正字의 漢字로 쓰시오.,성안의 백성들이 흙으로 성벽을 쌓았다.,성벽,,城壁,城壁,
3급II,101,2023-06-03,144,hanjaeo_W,다음 문장의 밑줄 친 漢字語를 正字의 漢字로 쓰시오.,그 일은 우리가 마땅히 책임을 져야 할 일이다.,책임,,責任,責任,
3급II,101,2023-06-03,145,hanjaeo_W,다음 문장의 밑줄 친 漢字語를 正字의 漢字로 쓰시오.,우리들은 모두 통일에 대한 희망을 마음속에 갖고 있다.,희망,,希望,希望,
3급II,101,2023-06-03,146,hanjaeo_W,다음 문장의 밑줄 친 漢字語를 正字의 漢字로 쓰시오.,건강을 위하여 흡연을 삼가야 한다.,흡연,,吸煙,吸煙,
3급II,101,2023-06-03,147,hanjaeo_W,다음 문장의 밑줄 친 漢字語를 正字의 漢字로 쓰시오.,그들은 결혼한다고 아주 광고를 하고 다녔다.,광고,,廣告,廣告,
3급II,101,2023-06-03,148,hanjaeo_W,다음 문장의 밑줄 친 漢字語를 正字의 漢字로 쓰시오.,마스크 등 보건용품의 원활한 보급이 필요하다.,보건,,保健,保健,
3급II,101,2023-06-03,149,hanjaeo_W,다음 문장의 밑줄 친 漢字語를 正字의 漢字로 쓰시오.,사관 학교에 여자들의 입학이 허용되었다.,허용,,許容,許容,
3급II,101,2023-06-03,150,hanjaeo_W,다음 문장의 밑줄 친 漢字語를 正字의 漢字로 쓰시오.,선생님은 오랜 병고 끝에 오늘 돌아가셨습니다.,병고,,病故,病故,
3급II,102,2023-08-26,1,dokeum_W,다음 밑줄 친 漢字語의 讀音을 쓰시오.,그는 보석 감정을 依賴했다.,依賴,,의뢰,의뢰,
3급II,102,2023-08-26,2,dokeum_W,다음 밑줄 친 漢字語의 讀音을 쓰시오.,그녀는 늘 端雅한 한복 차림이다.,端雅,,단아,단아,
3급II,102,2023-08-26,3,dokeum_W,다음 밑줄 친 漢字語의 讀音을 쓰시오.,의사가 어두운 顔色으로 보호자를 찾았다.,顔色,,안색,안색,
3급II,102,2023-08-26,4,dokeum_W,다음 밑줄 친 漢字語의 讀音을 쓰시오.,그 가수는 십 대 청소년들을 熱狂의 도가니로 몰아넣었다.,熱狂,,열광,열광,
3급II,102,2023-08-26,5,dokeum_W,다음 밑줄 친 漢字語의 讀音을 쓰시오.,동생이 자꾸 학원에 다니지 않겠다며 固執을 세웠다.,固執,,고집,고집,
3급II,102,2023-08-26,6,dokeum_W,다음 밑줄 친 漢字語의 讀音을 쓰시오.,세금을 상습적으로 滯納시키는 사례가 늘고 있다.,滯納,,체납,체납,
3급II,102,2023-08-26,7,dokeum_W,다음 밑줄 친 漢字語의 讀音을 쓰시오.,그는 稀微한 전등 아래서 무엇인가를 찾고 있었다.,稀微,,희미,희미,
3급II,102,2023-08-26,8,dokeum_W,다음 밑줄 친 漢字語의 讀音을 쓰시오.,그는 반대 세력들을 강제수용소에 幽閉시켰다.,幽閉,,유폐,유폐,
3급II,102,2023-08-26,9,dokeum_W,다음 밑줄 친 漢字語의 讀音을 쓰시오.,그들 부부는 성격 차이로 결국은 訣別을 선언하였다.,訣別,,결별,결별,
3급II,102,2023-08-26,10,dokeum_W,다음 밑줄 친 漢字語의 讀音을 쓰시오.,그는 적에게 洗腦를 당해 아군을 비난하였다.,洗腦,,세뇌,세뇌,
3급II,102,2023-08-26,11,dokeum_W,다음 밑줄 친 漢字語의 讀音을 쓰시오.,符籍이 액을 면할 수는 없다.,符籍,,부적,부적,
3급II,102,2023-08-26,12,dokeum_W,다음 밑줄 친 漢字語의 讀音을 쓰시오.,이 장치는 차량의 속도 制御에 꼭 필요한 것이다.,制御,,제어,제어,
3급II,102,2023-08-26,13,dokeum_W,다음 밑줄 친 漢字語의 讀音을 쓰시오.,포탄이 터지자 땅이 震動을 했다.,震動,,진동,진동,
3급II,102,2023-08-26,14,dokeum_W,다음 밑줄 친 漢字語의 讀音을 쓰시오.,범인은 경찰관의 誘導 심문에 넘어갔다.,誘導,,유도,유도,
3급II,102,2023-08-26,15,dokeum_W,다음 밑줄 친 漢字語의 讀音을 쓰시오.,그 의학자는 백신 개발에 평생을 獻身했다.,獻身,,헌신,헌신,
3급II,102,2023-08-26,16,dokeum_W,다음 밑줄 친 漢字語의 讀音을 쓰시오.,이 작품은 물질문명 속에서 疲弊해 가는 현대인들의 모습을 담았다.,疲弊,,피폐,피폐,
3급II,102,2023-08-26,17,dokeum_W,다음 밑줄 친 漢字語의 讀音을 쓰시오.,철수의 폭탄발언이 우리 모두를 緊張시켰다.,緊張,,긴장,긴장,
3급II,102,2023-08-26,18,dokeum_W,다음 밑줄 친 漢字語의 讀音을 쓰시오.,그는 정성을 다해 기도하면 聖靈을 받으리라 믿었다.,聖靈,,성령,성령,
3급II,102,2023-08-26,19,dokeum_W,다음 밑줄 친 漢字語의 讀音을 쓰시오.,그는 이번 사건과 밀접한 關聯이 있는 인물이다.,關聯,,관련,관련,
3급II,102,2023-08-26,20,dokeum_W,다음 밑줄 친 漢字語의 讀音을 쓰시오.,그는 피고의 비밀을 暴露했다.,暴露,,폭로,폭로,
3급II,102,2023-08-26,21,dokeum_W,다음 漢字語의 讀音을 쓰시오.,洋裁,洋裁,,양재,양재,
3급II,102,2023-08-26,22,dokeum_W,다음 漢字語의 讀音을 쓰시오.,明妃,明妃,,명비,명비,
3급II,102,2023-08-26,23,dokeum_W,다음 漢字語의 讀音을 쓰시오.,連坐,連坐,,연좌,연좌,
3급II,102,2023-08-26,24,dokeum_W,다음 漢字語의 讀音을 쓰시오.,隔離,隔離,,격리,격리,
3급II,102,2023-08-26,25,dokeum_W,다음 漢字語의 讀音을 쓰시오.,讚揚,讚揚,,찬양,찬양,
3급II,102,2023-08-26,26,dokeum_W,다음 漢字語의 讀音을 쓰시오.,利潤,利潤,,이윤,이윤,
3급II,102,2023-08-26,27,dokeum_W,다음 漢字語의 讀音을 쓰시오.,謀陷,謀陷,,모함,모함,
3급II,102,2023-08-26,28,dokeum_W,다음 漢字語의 讀音을 쓰시오.,再覆,再覆,,재복,재복,
3급II,102,2023-08-26,29,dokeum_W,다음 漢字語의 讀音을 쓰시오.,醉興,醉興,,취흥,취흥,
3급II,102,2023-08-26,30,dokeum_W,다음 漢字語의 讀音을 쓰시오.,風浪,風浪,,풍랑,풍랑,
3급II,102,2023-08-26,31,dokeum_W,다음 漢字語의 讀音을 쓰시오.,浮沈,浮沈,,부침,부침,
3급II,102,2023-08-26,32,dokeum_W,다음 漢字語의 讀音을 쓰시오.,輪疾,輪疾,,윤질,윤질,
3급II,102,2023-08-26,33,dokeum_W,다음 漢字語의 讀音을 쓰시오.,削髮,削髮,,삭발,삭발,
3급II,102,2023-08-26,34,dokeum_W,다음 漢字語의 讀音을 쓰시오.,總帥,總帥,,총수,총수,
3급II,102,2023-08-26,35,dokeum_W,다음 漢字語의 讀音을 쓰시오.,許諾,許諾,,허락,허락,
3급II,102,2023-08-26,36,dokeum_W,다음 漢字語의 讀音을 쓰시오.,廢業,廢業,,폐업,폐업,
3급II,102,2023-08-26,37,dokeum_W,다음 漢字語의 讀音을 쓰시오.,逆刺,逆刺,,역자,역자,
3급II,102,2023-08-26,38,dokeum_W,다음 漢字語의 讀音을 쓰시오.,合葬,合葬,,합장,합장,
3급II,102,2023-08-26,39,dokeum_W,다음 漢字語의 讀音을 쓰시오.,麥涼,麥涼,,맥량,맥량,
3급II,102,2023-08-26,40,dokeum_W,다음 漢字語의 讀音을 쓰시오.,排列,排列,,배열,배열,
3급II,102,2023-08-26,41,dokeum_W,다음 漢字語의 讀音을 쓰시오.,恥辱,恥辱,,치욕,치욕,
3급II,102,2023-08-26,42,dokeum_W,다음 漢字語의 讀音을 쓰시오.,封鎖,封鎖,,봉쇄,봉쇄,
3급II,102,2023-08-26,43,dokeum_W,다음 漢字語의 讀音을 쓰시오.,進學率,進學率,,진학률,진학률,
3급II,102,2023-08-26,44,dokeum_W,다음 漢字語의 讀音을 쓰시오.,丹楓,丹楓,,단풍,단풍,
3급II,102,2023-08-26,45,dokeum_W,다음 漢字語의 讀音을 쓰시오.,捕卒,捕卒,,포졸,포졸,
3급II,102,2023-08-26,46,huneum_W,다음 漢字의 訓과 音을 쓰시오.,詳,詳,,자세할 상,자세할 상,
3급II,102,2023-08-26,47,huneum_W,다음 漢字의 訓과 音을 쓰시오.,欄,欄,,난간 란,난간 란,
3급II,102,2023-08-26,48,huneum_W,다음 漢字의 訓과 音을 쓰시오.,較,較,,견줄/비교할 교,견줄/비교할 교,
3급II,102,2023-08-26,49,huneum_W,다음 漢字의 訓과 音을 쓰시오.,淫,淫,,음란할 음,음란할 음,
3급II,102,2023-08-26,50,huneum_W,다음 漢字의 訓과 音을 쓰시오.,抵,抵,,막을[抗] 저,막을[抗] 저,
3급II,102,2023-08-26,51,huneum_W,다음 漢字의 訓과 音을 쓰시오.,肥,肥,,살찔 비,살찔 비,
3급II,102,2023-08-26,52,huneum_W,다음 漢字의 訓과 音을 쓰시오.,稚,稚,,어릴 치,어릴 치,
3급II,102,2023-08-26,53,huneum_W,다음 漢字의 訓과 音을 쓰시오.,盤,盤,,소반 반,소반 반,
3급II,102,2023-08-26,54,huneum_W,다음 漢字의 訓과 音을 쓰시오.,耐,耐,,견딜 내,견딜 내,
3급II,102,2023-08-26,55,huneum_W,다음 漢字의 訓과 音을 쓰시오.,逸,逸,,편안할 일,편안할 일,
3급II,102,2023-08-26,56,huneum_W,다음 漢字의 訓과 音을 쓰시오.,割,割,,벨 할,벨 할,
3급II,102,2023-08-26,57,huneum_W,다음 漢字의 訓과 音을 쓰시오.,忽,忽,,갑자기 홀,갑자기 홀,
3급II,102,2023-08-26,58,huneum_W,다음 漢字의 訓과 音을 쓰시오.,耕,耕,,밭갈[犁田] 경,밭갈[犁田] 경,
3급II,102,2023-08-26,59,huneum_W,다음 漢字의 訓과 音을 쓰시오.,奪,奪,,빼앗을 탈,빼앗을 탈,
3급II,102,2023-08-26,60,huneum_W,다음 漢字의 訓과 音을 쓰시오.,柔,柔,,부드러울 유,부드러울 유,
3급II,102,2023-08-26,61,huneum_W,다음 漢字의 訓과 音을 쓰시오.,禽,禽,,새 금,새 금,
3급II,102,2023-08-26,62,huneum_W,다음 漢字의 訓과 音을 쓰시오.,腐,腐,,썩을 부,썩을 부,
3급II,102,2023-08-26,63,huneum_W,다음 漢字의 訓과 音을 쓰시오.,鑑,鑑,,거울 감,거울 감,
3급II,102,2023-08-26,64,huneum_W,다음 漢字의 訓과 音을 쓰시오.,礎,礎,,주춧돌 초,주춧돌 초,
3급II,102,2023-08-26,65,huneum_W,다음 漢字의 訓과 音을 쓰시오.,愼,愼,,삼갈 신,삼갈 신,
3급II,102,2023-08-26,66,huneum_W,다음 漢字의 訓과 音을 쓰시오.,遷,遷,,옮길 천,옮길 천,
3급II,102,2023-08-26,67,huneum_W,다음 漢字의 訓과 音을 쓰시오.,誇,誇,,자랑할 과,자랑할 과,
3급II,102,2023-08-26,68,huneum_W,다음 漢字의 訓과 音을 쓰시오.,薄,薄,,엷을 박,엷을 박,
3급II,102,2023-08-26,69,huneum_W,다음 漢字의 訓과 音을 쓰시오.,脅,脅,,위협할 협,위협할 협,
3급II,102,2023-08-26,70,huneum_W,다음 漢字의 訓과 音을 쓰시오.,奮,奮,,떨칠 분,떨칠 분,
3급II,102,2023-08-26,71,huneum_W,다음 漢字의 訓과 音을 쓰시오.,裂,裂,,찢어질 렬,찢어질 렬,
3급II,102,2023-08-26,72,huneum_W,다음 漢字의 訓과 音을 쓰시오.,淺,淺,,얕을 천,얕을 천,
3급II,102,2023-08-26,73,busu_W,다음 漢字의 部首를 쓰시오.,曆,曆,,日,日,
3급II,102,2023-08-26,74,busu_W,다음 漢字의 部首를 쓰시오.,登,登,,癶,癶,
3급II,102,2023-08-26,75,busu_W,다음 漢字의 部首를 쓰시오.,策,策,,竹(⺮),竹(⺮),
3급II,102,2023-08-26,76,busu_W,다음 漢字의 部首를 쓰시오.,租,租,,禾,禾,
3급II,102,2023-08-26,77,busu_W,다음 漢字의 部首를 쓰시오.,獄,獄,,犬(犭),犬(犭),
3급II,102,2023-08-26,78,yakja_W,다음 漢字의 略字를 쓰시오.,壓,壓,,圧,圧,
3급II,102,2023-08-26,79,yakja_W,다음 漢字의 略字를 쓰시오.,黨,黨,,党,党,
3급II,102,2023-08-26,80,yakja_W,다음 漢字의 略字를 쓰시오.,寶,寶,,宝,宝,
3급II,102,2023-08-26,81,jangeum_S,다음 漢字語 중 첫소리가 長音인 것을 가려 그 번호를 쓰시오.,,,"[""① 假死"", ""② 歌詞""]",①,① 假死,
3급II,102,2023-08-26,82,jangeum_S,다음 漢字語 중 첫소리가 長音인 것을 가려 그 번호를 쓰시오.,,,"[""① 團地"", ""② 斷指""]",②,② 斷指,
3급II,102,2023-08-26,83,jangeum_S,다음 漢字語 중 첫소리가 長音인 것을 가려 그 번호를 쓰시오.,,,"[""① 無期"", ""② 武器""]",②,② 武器,
3급II,102,2023-08-26,84,jangeum_S,다음 漢字語 중 첫소리가 長音인 것을 가려 그 번호를 쓰시오.,,,"[""① 思想"", ""② 沙上""]",①,① 思想,
3급II,102,2023-08-26,85,jangeum_S,다음 漢字語 중 첫소리가 長音인 것을 가려 그 번호를 쓰시오.,,,"[""① 演技"", ""② 緣起""]",①,① 演技,
3급II,102,2023-08-26,86,yui_W,다음 (      ) 안에 밑줄 친 漢字와 뜻이 같거나 비슷한 漢字를 正字로 적어 문장을 완성하시오.,그림을 보는 그의 안목은 (            )越했다.,( )越,,卓,卓,
3급II,102,2023-08-26,87,yui_W,다음 (      ) 안에 밑줄 친 漢字와 뜻이 같거나 비슷한 漢字를 正字로 적어 문장을 완성하시오.,동물의 세계에도 엄격한 秩(            )가 있다.,秩( ),,序,序,
3급II,102,2023-08-26,88,yui_W,다음 (      ) 안에 밑줄 친 漢字와 뜻이 같거나 비슷한 漢字를 正字로 적어 문장을 완성하시오.,그의 釋(    ) 사실이 알려지자 온 국민이 환호했다.,釋( ),,放,放,
3급II,102,2023-08-26,89,yui_W,다음 (      ) 안에 밑줄 친 漢字와 뜻이 같거나 비슷한 漢字를 正字로 적어 문장을 완성하시오.,그는 (    )猛과 지략을 겸비한 장수이다.,( )猛,,勇,勇,
3급II,102,2023-08-26,90,yui_W,다음 (      ) 안에 밑줄 친 漢字와 뜻이 같거나 비슷한 漢字를 正字로 적어 문장을 완성하시오.,홍수로 물 供(     )이 원활하지 않았다.,供( ),,給,給,
3급II,102,2023-08-26,91,banui_W,다음 (      ) 안에 밑줄 친 漢字와 뜻이 상대(또는 반대)되는 漢字를 正字로 적어 문장을 완성하시오.,그의 주장은 아직도 (        )僞가 가려지지 않고 있다.,( )僞,,眞,眞,
3급II,102,2023-08-26,92,banui_W,다음 (      ) 안에 밑줄 친 漢字와 뜻이 상대(또는 반대)되는 漢字를 正字로 적어 문장을 완성하시오.,일의 緩(   )을 잘 조절하여 처리하시오.,緩( ),,急,急,
3급II,102,2023-08-26,93,banui_W,다음 (      ) 안에 밑줄 친 漢字와 뜻이 상대(또는 반대)되는 漢字를 正字로 적어 문장을 완성하시오.,합격자 발표장은 그야말로 喜( )가 엇갈렸다.,喜( ),,悲,悲,
3급II,102,2023-08-26,94,banui_W,다음 (      ) 안에 밑줄 친 漢字와 뜻이 상대(또는 반대)되는 漢字를 正字로 적어 문장을 완성하시오.,요즘 건축물들은 冷(      )방에 특히 신경을 쓴다.,冷( ),,暖,暖,
3급II,102,2023-08-26,95,banui_W,다음 (      ) 안에 밑줄 친 漢字와 뜻이 상대(또는 반대)되는 漢字를 正字로 적어 문장을 완성하시오.,그 물건과 이 물건은 (       )壤지차다.,( )壤,,天,天,
3급II,102,2023-08-26,96,banuieo_W,다음 두 단어가 상대(또는 반대)되는 漢字語가 되도록 ( ) 안에 알맞은 漢字(正字)를 쓰시오.,往(    ) ↔ 片道,往( ) ↔ 片道,,復,復,
3급II,102,2023-08-26,97,banuieo_W,다음 두 단어가 상대(또는 반대)되는 漢字語가 되도록 ( ) 안에 알맞은 漢字(正字)를 쓰시오.,( )讀 ↔ 默讀,( )讀 ↔ 默讀,,朗,朗,
3급II,102,2023-08-26,98,banuieo_W,다음 두 단어가 상대(또는 반대)되는 漢字語가 되도록 ( ) 안에 알맞은 漢字(正字)를 쓰시오.,複雜 ↔ 單(    ),複雜 ↔ 單( ),,純,純,
3급II,102,2023-08-26,99,banuieo_W,다음 두 단어가 상대(또는 반대)되는 漢字語가 되도록 ( ) 안에 알맞은 漢字(正字)를 쓰시오.,和(    ) ↔ 紛爭,和( ) ↔ 紛爭,,解,解,
3급II,102,2023-08-26,100,banuieo_W,다음 두 단어가 상대(또는 반대)되는 漢字語가 되도록 ( ) 안에 알맞은 漢字(正字)를 쓰시오.,官(   ) ↔ 民卑,官( ) ↔ 民卑,,尊,尊,
3급II,102,2023-08-26,101,mean_W,다음 漢字語의 뜻을 쓰시오.,巖泉,巖泉,,바위샘,바위샘,
3급II,102,2023-08-26,102,mean_W,다음 漢字語의 뜻을 쓰시오.,蒼松,蒼松,,푸른 소나무.,푸른 소나무.,
3급II,102,2023-08-26,103,mean_W,다음 漢字語의 뜻을 쓰시오.,晩冬,晩冬,,늦겨울.,늦겨울.,
3급II,102,2023-08-26,104,mean_W,다음 漢字語의 뜻을 쓰시오.,友輩,友輩,,친구 무리.,친구 무리.,
3급II,102,2023-08-26,105,mean_W,다음 漢字語의 뜻을 쓰시오.,徹夜,徹夜,,밤새움. 잠을 자지 않고 밤을 보냄.,밤새움. 잠을 자지 않고 밤을 보냄.,
3급II,102,2023-08-26,106,dongeumeo_W,다음 (     ) 속 단어의 同音異義語를 주어진 뜻에 맞게 漢字(正字)로 쓰시오.,(加擊) 물건의 가치를 돈으로 나타낸 것.,(加擊),,價格,價格,
3급II,102,2023-08-26,107,dongeumeo_W,다음 (     ) 속 단어의 同音異義語를 주어진 뜻에 맞게 漢字(正字)로 쓰시오.,(市隱) 은혜를 베풂.,(市隱),,施恩,施恩,
3급II,102,2023-08-26,108,dongeumeo_W,다음 (     ) 속 단어의 同音異義語를 주어진 뜻에 맞게 漢字(正字)로 쓰시오.,(獸心) 물의 깊이.,(獸心),,水深,水深,
3급II,102,2023-08-26,109,dongeumeo_W,다음 (     ) 속 단어의 同音異義語를 주어진 뜻에 맞게 漢字(正字)로 쓰시오.,(懷爐) 어디를 갔다가 돌아오는 길.,(懷爐),,回路,回路,
3급II,102,2023-08-26,110,dongeumeo_W,다음 (     ) 속 단어의 同音異義語를 주어진 뜻에 맞게 漢字(正字)로 쓰시오.,(貨財) 불로 인한 재난.,(貨財),,火災,火災,
3급II,102,2023-08-26,111,seongeo_W,다음 ( ) 안에 알맞은 漢字를 적어 四字成語를 완성하시오.,面從腹(    ): 겉으로는 복종하는 체하면서 내심으로는 배반함.,面從腹( ),,背,背,
3급II,102,2023-08-26,112,seongeo_W,다음 ( ) 안에 알맞은 漢字를 적어 四字成語를 완성하시오.,愚問( )答: 어리석은 질문에 대한 현명한 대답.,愚問( )答,,賢,賢,
3급II,102,2023-08-26,113,seongeo_W,다음 ( ) 안에 알맞은 漢字를 적어 四字成語를 완성하시오.,守株( )兔: 한 가지 일에만 얽매여 발전을 모르는 어리석음.,守株( )兔,,待,待,
3급II,102,2023-08-26,114,seongeo_W,다음 ( ) 안에 알맞은 漢字를 적어 四字成語를 완성하시오.,(    )邪顯正: 사악함을 버리고 올바른 도리를 따름.,( )邪顯正,,破,破,
3급II,102,2023-08-26,115,seongeo_W,다음 ( ) 안에 알맞은 漢字를 적어 四字成語를 완성하시오.,生者( )滅: 생명이 있는 것은 반드시 죽음.,生者( )滅,,必,必,
3급II,102,2023-08-26,116,seongeo_W,다음 ( ) 안에 알맞은 漢字를 적어 四字成語를 완성하시오.,江湖( )波: 강이나 호수 위에 안개처럼 보얗게 이는 잔물결.,江湖( )波,,煙,煙,
3급II,102,2023-08-26,117,seongeo_W,다음 ( ) 안에 알맞은 漢字를 적어 四字成語를 완성하시오.,龍(    )鳳湯: 용 고기로 맛을 낸 요리와 봉새로 끓인 탕.,龍( )鳳湯,,味,味,
3급II,102,2023-08-26,118,seongeo_W,다음 ( ) 안에 알맞은 漢字를 적어 四字成語를 완성하시오.,凍氷( )雪: 얼어붙은 얼음과 차가운 눈.,凍氷( )雪,,寒,寒,
3급II,102,2023-08-26,119,seongeo_W,다음 ( ) 안에 알맞은 漢字를 적어 四字成語를 완성하시오.,勿(    )好機: 좋은 기회를 놓치지 않음.,勿( )好機,,失,失,
3급II,102,2023-08-26,120,seongeo_W,다음 ( ) 안에 알맞은 漢字를 적어 四字成語를 완성하시오.,伯仲之(    ): 누가 첫째이고 둘째인지 구분하기 어려움.,伯仲之( ),,勢,勢,
3급II,102,2023-08-26,121,hanjaeo_W,다음 문장의 밑줄 친 漢字語를 正字의 漢字로 쓰시오.,개헌안에 대한 공감대가 형성되어 갔다.,공감대,,共感帶,共感帶,
3급II,102,2023-08-26,122,hanjaeo_W,다음 문장의 밑줄 친 漢字語를 正字의 漢字로 쓰시오.,이웃을 음해하는 것은 계명에 어긋난다.,음해,,陰害,陰害,
3급II,102,2023-08-26,123,hanjaeo_W,다음 문장의 밑줄 친 漢字語를 正字의 漢字로 쓰시오.,폭포는 용이 승천했다는 전설에 어울리는 모습이었다.,전설,,傳說,傳說,
3급II,102,2023-08-26,124,hanjaeo_W,다음 문장의 밑줄 친 漢字語를 正字의 漢字로 쓰시오.,그는 이번에 중요한 직책을 맡았다.,직책,,職責,職責,
3급II,102,2023-08-26,125,hanjaeo_W,다음 문장의 밑줄 친 漢字語를 正字의 漢字로 쓰시오.,홍보용 책자를 각 지역구로 배포하였다.,배포,,配布,配布,
3급II,102,2023-08-26,126,hanjaeo_W,다음 문장의 밑줄 친 漢字語를 正字의 漢字로 쓰시오.,무슨 비가 이렇게 극성맞게 오는지 모르겠다.,극성,,極盛,極盛,
3급II,102,2023-08-26,127,hanjaeo_W,다음 문장의 밑줄 친 漢字語를 正字의 漢字로 쓰시오.,아프리카 한 국가에서 정변이 일어났다.,정변,,政變,政變,
3급II,102,2023-08-26,128,hanjaeo_W,다음 문장의 밑줄 친 漢字語를 正字의 漢字로 쓰시오.,죄를 졌으면 응당 벌을 받아야 마땅하다.,응당,,應當,應當,
3급II,102,2023-08-26,129,hanjaeo_W,다음 문장의 밑줄 친 漢字語를 正字의 漢字로 쓰시오.,우리는 벌칙을 새로 만들었다.,벌칙,,罰則,罰則,
3급II,102,2023-08-26,130,hanjaeo_W,다음 문장의 밑줄 친 漢字語를 正字의 漢字로 쓰시오.,그녀는 이 일을 맡은 담당자와 아주 친밀하다고 한다.,친밀,,親密,親密,
3급II,102,2023-08-26,131,hanjaeo_W,다음 문장의 밑줄 친 漢字語를 正字의 漢字로 쓰시오.,담벼락에 붙은 벽보 앞에서 사람들이 웅성거렸다.,벽보,,壁報,壁報,
3급II,102,2023-08-26,132,hanjaeo_W,다음 문장의 밑줄 친 漢字語를 正字의 漢字로 쓰시오.,학교 건물은 올해 증축을 했다.,증축,,增築,增築,
3급II,102,2023-08-26,133,hanjaeo_W,다음 문장의 밑줄 친 漢字語를 正字의 漢字로 쓰시오.,우리나라의 인구 감소폭이 점점 커지고 있다.,감소,,減少,減少,
3급II,102,2023-08-26,134,hanjaeo_W,다음 문장의 밑줄 친 漢字語를 正字의 漢字로 쓰시오.,그는 왕의 호위를 맡게 되었다.,호위,,護衛,護衛,
3급II,102,2023-08-26,135,hanjaeo_W,다음 문장의 밑줄 친 漢字語를 正字의 漢字로 쓰시오.,그는 온상을 만들어 갖가지 식물을 재배한다.,온상,,溫床,溫床,
3급II,102,2023-08-26,136,hanjaeo_W,다음 문장의 밑줄 친 漢字語를 正字의 漢字로 쓰시오.,그는 제보가 사실인지 확인해 보았다.,확인,,確認,確認,
3급II,102,2023-08-26,137,hanjaeo_W,다음 문장의 밑줄 친 漢字語를 正字의 漢字로 쓰시오.,이번 여행을 통해 청년은 유럽에 대한 견문을 넓혔다.,견문,,見聞,見聞,
3급II,102,2023-08-26,138,hanjaeo_W,다음 문장의 밑줄 친 漢字語를 正字의 漢字로 쓰시오.,그해 우리 가족에게는 뜻하지 않은 수난이 닥쳤다.,수난,,受難,受難,
3급II,102,2023-08-26,139,hanjaeo_W,다음 문장의 밑줄 친 漢字語를 正字의 漢字로 쓰시오.,신입 사원은 자동차 운전에 경험이 적다.,경험,,經驗,經驗,
3급II,102,2023-08-26,140,hanjaeo_W,다음 문장의 밑줄 친 漢字語를 正字의 漢字로 쓰시오.,야당은 지난 선거에서 내각제를 공약했다.,공약,,公約,公約,
3급II,102,2023-08-26,141,hanjaeo_W,다음 문장의 밑줄 친 漢字語를 正字의 漢字로 쓰시오.,박 형사가 용의자를 경찰서에 유치하였다.,유치,,留置,留置,
3급II,102,2023-08-26,142,hanjaeo_W,다음 문장의 밑줄 친 漢字語를 正字의 漢字로 쓰시오.,사원들을 감시하는 것은 불법이다.,감시,,監視,監視,
3급II,102,2023-08-26,143,hanjaeo_W,다음 문장의 밑줄 친 漢字語를 正字의 漢字로 쓰시오.,고려 때는 왜구들이 남해안으로 자주 침입해 들어왔다.,침입,,侵入,侵入,
3급II,102,2023-08-26,144,hanjaeo_W,다음 문장의 밑줄 친 漢字語를 正字의 漢字로 쓰시오.,대통령이 방미를 마치고 귀국하였다.,방미,,訪美,訪美,
3급II,102,2023-08-26,145,hanjaeo_W,다음 문장의 밑줄 친 漢字語를 正字의 漢字로 쓰시오.,천체를 관측하면서부터 우주의 신비가 베일을 벗고 있다.,관측,,觀測,觀測,
3급II,102,2023-08-26,146,hanjaeo_W,다음 문장의 밑줄 친 漢字語를 正字의 漢字로 쓰시오.,그는 제대를 3개월 앞둔 말년 병장이다.,제대,,除隊,除隊,
3급II,102,2023-08-26,147,hanjaeo_W,다음 문장의 밑줄 친 漢字語를 正字의 漢字로 쓰시오.,저 후배는 이제 학교에 출강시켜도 되겠다.,출강,,出講,出講,
3급II,102,2023-08-26,148,hanjaeo_W,다음 문장의 밑줄 친 漢字語를 正字의 漢字로 쓰시오.,할아버지는 아버지의 처신에 노기를 띠셨다.,노기,,怒氣,怒氣,
3급II,102,2023-08-26,149,hanjaeo_W,다음 문장의 밑줄 친 漢字語를 正字의 漢字로 쓰시오.,그는 여분의 돈을 남겨두었다.,여분,,餘分,餘分,
3급II,102,2023-08-26,150,hanjaeo_W,다음 문장의 밑줄 친 漢字語를 正字의 漢字로 쓰시오.,그의 한 마디에 우리의 모든 의심이 일소되었다.,일소,,一掃,一掃,
3급II,103,2023-11-11,1,dokeum_W,다음 밑줄 친 漢字語의 讀音을 쓰시오.,수입업계는 최근의 換率 급상승에 큰 타격을 받고 있다.,換率,,환율,환율,
3급II,103,2023-11-11,2,dokeum_W,다음 밑줄 친 漢字語의 讀音을 쓰시오.,할머니께서는 사돈도령이 잘생겼다며 稱讚하셨다.,稱讚,,칭찬,칭찬,
3급II,103,2023-11-11,3,dokeum_W,다음 밑줄 친 漢字語의 讀音을 쓰시오.,그는 사업이 繁昌하여 많은 돈을 벌었다.,繁昌,,번창,번창,
3급II,103,2023-11-11,4,dokeum_W,다음 밑줄 친 漢字語의 讀音을 쓰시오.,현장에서 발견된 지문을 국과수에 감식을 依賴하였다.,依賴,,의뢰,의뢰,
3급II,103,2023-11-11,5,dokeum_W,다음 밑줄 친 漢字語의 讀音을 쓰시오.,그윽한 달빛 아래에 목련화가 韻致있게 피어 있었다.,韻致,,운치,운치,
3급II,103,2023-11-11,6,dokeum_W,다음 밑줄 친 漢字語의 讀音을 쓰시오.,아군은 빼앗겼던 지역을 奪還하는 데에 성공했다.,奪還,,탈환,탈환,
3급II,103,2023-11-11,7,dokeum_W,다음 밑줄 친 漢字語의 讀音을 쓰시오.,우리 가족은 돌아가신 할머니를 追慕하여 제사를 지냈다.,追慕,,추모,추모,
3급II,103,2023-11-11,8,dokeum_W,다음 밑줄 친 漢字語의 讀音을 쓰시오.,순간 그 선수는 均衡 감각을 잃고 평균대에서 떨어져 버렸다.,均衡,,균형,균형,
3급II,103,2023-11-11,9,dokeum_W,다음 밑줄 친 漢字語의 讀音을 쓰시오.,이 병원에서는 암환자들만 專擔으로 치료한다.,專擔,,전담,전담,
3급II,103,2023-11-11,10,dokeum_W,다음 밑줄 친 漢字語의 讀音을 쓰시오.,한 죄수가 감시가 疏忽한 틈을 타 도망쳤다.,疏忽,,소홀,소홀,
3급II,103,2023-11-11,11,dokeum_W,다음 밑줄 친 漢字語의 讀音을 쓰시오.,방이 꽃으로 예쁘게 治粧되었다.,治粧,,치장,치장,
3급II,103,2023-11-11,12,dokeum_W,다음 밑줄 친 漢字語의 讀音을 쓰시오.,우리의 경제 성장을 서방 언론들은 奇跡이라고 칭했다.,奇跡,,기적,기적,
3급II,103,2023-11-11,13,dokeum_W,다음 밑줄 친 漢字語의 讀音을 쓰시오.,청소년들에게 범죄를 부추기고 脅迫한 사람들이 붙잡혔다.,脅迫,,협박,협박,
3급II,103,2023-11-11,14,dokeum_W,다음 밑줄 친 漢字語의 讀音을 쓰시오.,그 회사는 근무 경력이 많고 실적이 좋은 사원에게 優待를 해 주었다.,優待,,우대,우대,
3급II,103,2023-11-11,15,dokeum_W,다음 밑줄 친 漢字語의 讀音을 쓰시오.,형제는 수확한 穀物을 공평하게 나누었다.,穀物,,곡물,곡물,
3급II,103,2023-11-11,16,dokeum_W,다음 밑줄 친 漢字語의 讀音을 쓰시오.,대학 입학시험의 채점에는 한치의 誤差도 있어서는 안 된다.,誤差,,오차,오차,
3급II,103,2023-11-11,17,dokeum_W,다음 밑줄 친 漢字語의 讀音을 쓰시오.,바위 타는 솜씨로 보아 저 사람은 巖壁 등반가인가 보다.,巖壁,,암벽,암벽,
3급II,103,2023-11-11,18,dokeum_W,다음 밑줄 친 漢字語의 讀音을 쓰시오.,熟達된 조교가 총검술 시범을 보였다.,熟達,,숙달,숙달,
3급II,103,2023-11-11,19,dokeum_W,다음 밑줄 친 漢字語의 讀音을 쓰시오.,이 주사는 통증을 가라앉히는 鎭痛 효과가 있다.,鎭痛,,진통,진통,
3급II,103,2023-11-11,20,dokeum_W,다음 밑줄 친 漢字語의 讀音을 쓰시오.,이 문제는 여야를 超越하여 힘을 모아 해결해야 한다.,超越,,초월,초월,
3급II,103,2023-11-11,21,dokeum_W,다음 漢字語의 讀音을 쓰시오.,鬪志,鬪志,,투지,투지,
3급II,103,2023-11-11,22,dokeum_W,다음 漢字語의 讀音을 쓰시오.,燒酒,燒酒,,소주,소주,
3급II,103,2023-11-11,23,dokeum_W,다음 漢字語의 讀音을 쓰시오.,續刊,續刊,,속간,속간,
3급II,103,2023-11-11,24,dokeum_W,다음 漢字語의 讀音을 쓰시오.,休館,休館,,휴관,휴관,
3급II,103,2023-11-11,25,dokeum_W,다음 漢字語의 讀音을 쓰시오.,北側,北側,,북측,북측,
3급II,103,2023-11-11,26,dokeum_W,다음 漢字語의 讀音을 쓰시오.,威勢,威勢,,위세,위세,
3급II,103,2023-11-11,27,dokeum_W,다음 漢字語의 讀音을 쓰시오.,參與,參與,,참여,참여,
3급II,103,2023-11-11,28,dokeum_W,다음 漢字語의 讀音을 쓰시오.,構成,構成,,구성,구성,
3급II,103,2023-11-11,29,dokeum_W,다음 漢字語의 讀音을 쓰시오.,探求,探求,,탐구,탐구,
3급II,103,2023-11-11,30,dokeum_W,다음 漢字語의 讀音을 쓰시오.,榮譽,榮譽,,영예,영예,
3급II,103,2023-11-11,31,dokeum_W,다음 漢字語의 讀音을 쓰시오.,連坐,連坐,,연좌,연좌,
3급II,103,2023-11-11,32,dokeum_W,다음 漢字語의 讀音을 쓰시오.,六旬,六旬,,육순,육순,
3급II,103,2023-11-11,33,dokeum_W,다음 漢字語의 讀音을 쓰시오.,昇天,昇天,,승천,승천,
3급II,103,2023-11-11,34,dokeum_W,다음 漢字語의 讀音을 쓰시오.,呼訴,呼訴,,호소,호소,
3급II,103,2023-11-11,35,dokeum_W,다음 漢字語의 讀音을 쓰시오.,價値,價値,,가치,가치,
3급II,103,2023-11-11,36,dokeum_W,다음 漢字語의 讀音을 쓰시오.,刻印,刻印,,각인,각인,
3급II,103,2023-11-11,37,dokeum_W,다음 漢字語의 讀音을 쓰시오.,彩色,彩色,,채색,채색,
3급II,103,2023-11-11,38,dokeum_W,다음 漢字語의 讀音을 쓰시오.,行蹟,行蹟,,행적,행적,
3급II,103,2023-11-11,39,dokeum_W,다음 漢字語의 讀音을 쓰시오.,狂信,狂信,,광신,광신,
3급II,103,2023-11-11,40,dokeum_W,다음 漢字語의 讀音을 쓰시오.,遠征,遠征,,원정,원정,
3급II,103,2023-11-11,41,dokeum_W,다음 漢字語의 讀音을 쓰시오.,症候,症候,,증후,증후,
3급II,103,2023-11-11,42,dokeum_W,다음 漢字語의 讀音을 쓰시오.,絶緣,絶緣,,절연,절연,
3급II,103,2023-11-11,43,dokeum_W,다음 漢字語의 讀音을 쓰시오.,豫言,豫言,,예언,예언,
3급II,103,2023-11-11,44,dokeum_W,다음 漢字語의 讀音을 쓰시오.,表裏,表裏,,표리,표리,
3급II,103,2023-11-11,45,dokeum_W,다음 漢字語의 讀音을 쓰시오.,沈沒,沈沒,,침몰,침몰,
3급II,103,2023-11-11,46,huneum_W,다음 漢字의 訓과 音을 쓰시오.,胸,胸,,가슴 흉,가슴 흉,
3급II,103,2023-11-11,47,huneum_W,다음 漢字의 訓과 音을 쓰시오.,悠,悠,,멀 유,멀 유,
3급II,103,2023-11-11,48,huneum_W,다음 漢字의 訓과 音을 쓰시오.,刀,刀,,칼 도,칼 도,
3급II,103,2023-11-11,49,huneum_W,다음 漢字의 訓과 音을 쓰시오.,耕,耕,,밭갈[犁田] 경,밭갈[犁田] 경,
3급II,103,2023-11-11,50,huneum_W,다음 漢字의 訓과 音을 쓰시오.,輩,輩,,무리 배,무리 배,
3급II,103,2023-11-11,51,huneum_W,다음 漢字의 訓과 音을 쓰시오.,浩,浩,,넓을 호,넓을 호,
3급II,103,2023-11-11,52,huneum_W,다음 漢字의 訓과 音을 쓰시오.,醉,醉,,취할 취,취할 취,
3급II,103,2023-11-11,53,huneum_W,다음 漢字의 訓과 音을 쓰시오.,睦,睦,,화목할 목,화목할 목,
3급II,103,2023-11-11,54,huneum_W,다음 漢字의 訓과 音을 쓰시오.,飯,飯,,밥 반,밥 반,
3급II,103,2023-11-11,55,huneum_W,다음 漢字의 訓과 音을 쓰시오.,腦,腦,,골/뇌수 뇌,골/뇌수 뇌,
3급II,103,2023-11-11,56,huneum_W,다음 漢字의 訓과 音을 쓰시오.,陷,陷,,빠질 함,빠질 함,
3급II,103,2023-11-11,57,huneum_W,다음 漢字의 訓과 音을 쓰시오.,債,債,,빚 채,빚 채,
3급II,103,2023-11-11,58,huneum_W,다음 漢字의 訓과 音을 쓰시오.,肝,肝,,간 간,간 간,
3급II,103,2023-11-11,59,huneum_W,다음 漢字의 訓과 音을 쓰시오.,稀,稀,,드물 희,드물 희,
3급II,103,2023-11-11,60,huneum_W,다음 漢字의 訓과 音을 쓰시오.,銘,銘,,새길 명,새길 명,
3급II,103,2023-11-11,61,huneum_W,다음 漢字의 訓과 音을 쓰시오.,宴,宴,,잔치 연,잔치 연,
3급II,103,2023-11-11,62,huneum_W,다음 漢字의 訓과 音을 쓰시오.,潤,潤,,불을 윤,불을 윤,
3급II,103,2023-11-11,63,huneum_W,다음 漢字의 訓과 音을 쓰시오.,兔,兔,,토끼 토,토끼 토,
3급II,103,2023-11-11,64,huneum_W,다음 漢字의 訓과 音을 쓰시오.,桂,桂,,계수나무 계,계수나무 계,
3급II,103,2023-11-11,65,huneum_W,다음 漢字의 訓과 音을 쓰시오.,踏,踏,,밟을 답,밟을 답,
3급II,103,2023-11-11,66,huneum_W,다음 漢字의 訓과 音을 쓰시오.,捕,捕,,잡을 포,잡을 포,
3급II,103,2023-11-11,67,huneum_W,다음 漢字의 訓과 音을 쓰시오.,徹,徹,,통할 철,통할 철,
3급II,103,2023-11-11,68,huneum_W,다음 漢字의 訓과 音을 쓰시오.,尺,尺,,자 척,자 척,
3급II,103,2023-11-11,69,huneum_W,다음 漢字의 訓과 音을 쓰시오.,禽,禽,,새 금,새 금,
3급II,103,2023-11-11,70,huneum_W,다음 漢字의 訓과 音을 쓰시오.,掌,掌,,손바닥 장,손바닥 장,
3급II,103,2023-11-11,71,huneum_W,다음 漢字의 訓과 音을 쓰시오.,壽,壽,,목숨 수,목숨 수,
3급II,103,2023-11-11,72,huneum_W,다음 漢字의 訓과 音을 쓰시오.,渡,渡,,건널 도,건널 도,
3급II,103,2023-11-11,73,busu_W,다음 漢字의 部首를 쓰시오.,奏,奏,,大,大,
3급II,103,2023-11-11,74,busu_W,다음 漢字의 部首를 쓰시오.,盤,盤,,皿,皿,
3급II,103,2023-11-11,75,busu_W,다음 漢字의 部首를 쓰시오.,乾,乾,,乙,乙,
3급II,103,2023-11-11,76,busu_W,다음 漢字의 部首를 쓰시오.,香,香,,香,香,
3급II,103,2023-11-11,77,busu_W,다음 漢字의 部首를 쓰시오.,哀,哀,,口,口,
3급II,103,2023-11-11,78,yakja_W,다음 漢字의 略字를 쓰시오.,濟,濟,,済,済,
3급II,103,2023-11-11,79,yakja_W,다음 漢字의 略字를 쓰시오.,餘,餘,,余,余,
3급II,103,2023-11-11,80,yakja_W,다음 漢字의 略字를 쓰시오.,興,興,,兴,兴,
3급II,103,2023-11-11,81,jangeum_S,다음 漢字語 중 첫소리가 長音인 것을 가려 그 번호를 쓰시오.,,,"[""① 傾注"", ""② 競走""]",②,② 競走,
3급II,103,2023-11-11,82,jangeum_S,다음 漢字語 중 첫소리가 長音인 것을 가려 그 번호를 쓰시오.,,,"[""① 浮上"", ""② 副賞""]",②,② 副賞,
3급II,103,2023-11-11,83,jangeum_S,다음 漢字語 중 첫소리가 長音인 것을 가려 그 번호를 쓰시오.,,,"[""① 刺擊"", ""② 資格""]",①,① 刺擊,
3급II,103,2023-11-11,84,jangeum_S,다음 漢字語 중 첫소리가 長音인 것을 가려 그 번호를 쓰시오.,,,"[""① 拘束"", ""② 舊俗""]",②,② 舊俗,
3급II,103,2023-11-11,85,jangeum_S,다음 漢字語 중 첫소리가 長音인 것을 가려 그 번호를 쓰시오.,,,"[""① 玄琴"", ""② 現金""]",②,② 現金,
3급II,103,2023-11-11,86,yui_W,다음 (       ) 안에 밑줄 친 漢字와 뜻이 같거나 비슷한 漢字를 正字로 적어 문장을 완성하시오.,나는 남의 간섭이나 抑(          )을 제일 싫어한다.,抑( ),,壓,壓,
3급II,103,2023-11-11,87,yui_W,다음 (       ) 안에 밑줄 친 漢字와 뜻이 같거나 비슷한 漢字를 正字로 적어 문장을 완성하시오.,대폭적인 예산 削(       )으로 사업이 축소되었다.,削( ),,減,減,
3급II,103,2023-11-11,88,yui_W,다음 (       ) 안에 밑줄 친 漢字와 뜻이 같거나 비슷한 漢字를 正字로 적어 문장을 완성하시오.,(    )祀를 지내러 고향에 내려갔다.,( )祀,,祭,祭,
3급II,103,2023-11-11,89,yui_W,다음 (       ) 안에 밑줄 친 漢字와 뜻이 같거나 비슷한 漢字를 正字로 적어 문장을 완성하시오.,할아버지 대에 가문이 크게 隆( )했었다.,隆( ),,盛,盛,
3급II,103,2023-11-11,90,yui_W,다음 (       ) 안에 밑줄 친 漢字와 뜻이 같거나 비슷한 漢字를 正字로 적어 문장을 완성하시오.,오늘 수업한 내용도 학기말 시험 범위에 (    )含된다.,( )含,,包,包,
3급II,103,2023-11-11,91,banui_W,다음 (       ) 안에 밑줄 친 漢字와 뜻이 상대(또는 반대)되는 漢字를 正字로 적어 문장을 완성하시오.,합격자 발표장은 그야말로 喜(    )가 엇갈렸다.,喜( ),,悲,悲,
3급II,103,2023-11-11,92,banui_W,다음 (       ) 안에 밑줄 친 漢字와 뜻이 상대(또는 반대)되는 漢字를 正字로 적어 문장을 완성하시오.,그의 주장은 아직도 (         )僞가 가려지지 않고 있다.,( )僞,,眞,眞,
3급II,103,2023-11-11,93,banui_W,다음 (       ) 안에 밑줄 친 漢字와 뜻이 상대(또는 반대)되는 漢字를 正字로 적어 문장을 완성하시오.,그 집안은 姑(     ) 사이가 모녀지간처럼 화목하다.,姑( ),,婦,婦,
3급II,103,2023-11-11,94,banui_W,다음 (       ) 안에 밑줄 친 漢字와 뜻이 상대(또는 반대)되는 漢字를 正字로 적어 문장을 완성하시오.,왜구 수의 (     )寡를 헤아려 수군의 배치를 적절히 조율했다.,( )寡,,衆,衆,
3급II,103,2023-11-11,95,banui_W,다음 (       ) 안에 밑줄 친 漢字와 뜻이 상대(또는 반대)되는 漢字를 正字로 적어 문장을 완성하시오.,인생의 길흉과 禍(         )을 어찌 미리 점치리오.,禍( ),,福,福,
3급II,103,2023-11-11,96,banuieo_W,다음 두 단어가 상대(또는 반대)되는 漢字語가 되도록 ( ) 안에 알맞은 漢字(正字)를 쓰시오.,保(    ) ↔ 革新,保( ) ↔ 革新,,守,守,
3급II,103,2023-11-11,97,banuieo_W,다음 두 단어가 상대(또는 반대)되는 漢字語가 되도록 ( ) 안에 알맞은 漢字(正字)를 쓰시오.,( )貴 ↔ 貧賤,( )貴 ↔ 貧賤,,富,富,
3급II,103,2023-11-11,98,banuieo_W,다음 두 단어가 상대(또는 반대)되는 漢字語가 되도록 ( ) 안에 알맞은 漢字(正字)를 쓰시오.,需要 ↔ 供(     ),需要 ↔ 供( ),,給,給,
3급II,103,2023-11-11,99,banuieo_W,다음 두 단어가 상대(또는 반대)되는 漢字語가 되도록 ( ) 안에 알맞은 漢字(正字)를 쓰시오.,剛健 ↔ 柔(     ),剛健 ↔ 柔( ),,弱,弱,
3급II,103,2023-11-11,100,banuieo_W,다음 두 단어가 상대(또는 반대)되는 漢字語가 되도록 ( ) 안에 알맞은 漢字(正字)를 쓰시오.,(     )諾 ↔ 拒否,( )諾 ↔ 拒否,,承,承,
3급II,103,2023-11-11,101,mean_W,다음 漢字語의 뜻을 쓰시오.,慾氣,慾氣,,욕심,욕심,
3급II,103,2023-11-11,102,mean_W,다음 漢字語의 뜻을 쓰시오.,獻議,獻議,,윗사람에게 의견을 아룀,윗사람에게 의견을 아룀,
3급II,103,2023-11-11,103,mean_W,다음 漢字語의 뜻을 쓰시오.,蛇紋,蛇紋,,뱀무늬/뱀무늬 껍질 모양의,뱀무늬/뱀무늬 껍질 모양의,
3급II,103,2023-11-11,104,mean_W,다음 漢字語의 뜻을 쓰시오.,脚毛,脚毛,,다리털,다리털,
3급II,103,2023-11-11,105,mean_W,다음 漢字語의 뜻을 쓰시오.,麗貌,麗貌,,고운 모습,고운 모습,
3급II,103,2023-11-11,106,dongeumeo_W,다음 (        ) 속 단어의 同音異義語를 주어진 뜻에 맞게 漢字(正字)로 쓰시오.,(怨苦) 법원에 민사 소송을 제기한 사람.,(怨苦),,原告,原告,
3급II,103,2023-11-11,107,dongeumeo_W,다음 (        ) 속 단어의 同音異義語를 주어진 뜻에 맞게 漢字(正字)로 쓰시오.,(爆音) 술을 한꺼번에 많이 마심.,(爆音),,暴飮,暴飮,
3급II,103,2023-11-11,108,dongeumeo_W,다음 (        ) 속 단어의 同音異義語를 주어진 뜻에 맞게 漢字(正字)로 쓰시오.,(閑良) 한정된 분량.,(閑良),,限量,限量,
3급II,103,2023-11-11,109,dongeumeo_W,다음 (        ) 속 단어의 同音異義語를 주어진 뜻에 맞게 漢字(正字)로 쓰시오.,(半裝) 반을 대표하여 일을 맡아보는 사람.,(半裝),,班長,班長,
3급II,103,2023-11-11,110,dongeumeo_W,다음 (        ) 속 단어의 同音異義語를 주어진 뜻에 맞게 漢字(正字)로 쓰시오.,(薄謝) 대학에서 수여하는 가장 높은 학위.,(薄謝),,博士,博士,
3급II,103,2023-11-11,111,seongeo_W,다음 ( ) 안에 알맞은 漢字를 적어 四字成語를 완성하시오.,一(    )春夢: 한바탕의 봄꿈.,一( )春夢,,場,場,
3급II,103,2023-11-11,112,seongeo_W,다음 ( ) 안에 알맞은 漢字를 적어 四字成語를 완성하시오.,爐邊情(    ): 화롯가에 둘러앉아서 서로 한가롭게 주고받는 이야기.,爐邊情( ),,談,談,
3급II,103,2023-11-11,113,seongeo_W,다음 ( ) 안에 알맞은 漢字를 적어 四字成語를 완성하시오.,(    )齒腐心: 몹시 분하여 이를 갈며 속을 썩임.,( )齒腐心,,切,切,
3급II,103,2023-11-11,114,seongeo_W,다음 ( ) 안에 알맞은 漢字를 적어 四字成語를 완성하시오.,碧海桑(    ): 푸른 바다가 뽕나무밭이 됨.,碧海桑( ),,田,田,
3급II,103,2023-11-11,115,seongeo_W,다음 ( ) 안에 알맞은 漢字를 적어 四字成語를 완성하시오.,(    )離滅裂: 흩어지고 찢기어 갈피를 잡을 수 없음.,( )離滅裂,,支,支,
3급II,103,2023-11-11,116,seongeo_W,다음 ( ) 안에 알맞은 漢字를 적어 四字成語를 완성하시오.,愚公( )山: 우공이 산을 옮김.,愚公( )山,,移,移,
3급II,103,2023-11-11,117,seongeo_W,다음 ( ) 안에 알맞은 漢字를 적어 四字成語를 완성하시오.,偶像崇(    ): 신 이외의 사람이나 물체를 신앙의 대상으로 숭배하는 일.,偶像崇( ),,拜,拜,
3급II,103,2023-11-11,118,seongeo_W,다음 ( ) 안에 알맞은 漢字를 적어 四字成語를 완성하시오.,炎涼世(    ): 세력이 있을 때는 아첨하여 따르고 세력이 없어지면 푸대접하는 세상 인심.,炎涼世( ),,態,態,
3급II,103,2023-11-11,119,seongeo_W,다음 ( ) 안에 알맞은 漢字를 적어 四字成語를 완성하시오.,"骨(    )之親: 부자, 형제 등의 육친.",骨( )之親,,肉,肉,
3급II,103,2023-11-11,120,seongeo_W,다음 ( ) 안에 알맞은 漢字를 적어 四字成語를 완성하시오.,時機尙(    ): 어떤 일을 하기에 아직 때가 이름.,時機尙( ),,早,早,
3급II,103,2023-11-11,121,hanjaeo_W,다음 문장의 밑줄 친 漢字語를 正字의 漢字로 쓰시오.,작은아버님께서 입원하셨다는 소식에 온 가족이 놀랐다.,소식,,消息,消息,
3급II,103,2023-11-11,122,hanjaeo_W,다음 문장의 밑줄 친 漢字語를 正字의 漢字로 쓰시오.,김 선생님은 요즘 새 극단의 창단으로 무척 바쁘다.,창단,,創團,創團,
3급II,103,2023-11-11,123,hanjaeo_W,다음 문장의 밑줄 친 漢字語를 正字의 漢字로 쓰시오.,신춘문예 당선된 그를 축하해 주었다.,당선,,當選,當選,
3급II,103,2023-11-11,124,hanjaeo_W,다음 문장의 밑줄 친 漢字語를 正字의 漢字로 쓰시오.,그의 열창에 사람들은 아낌없는 박수를 보냈다.,열창,,熱唱,熱唱,
3급II,103,2023-11-11,125,hanjaeo_W,다음 문장의 밑줄 친 漢字語를 正字의 漢字로 쓰시오.,그 정도 실력으로는 아직 초보에 지나지 않는다.,초보,,初步,初步,
3급II,103,2023-11-11,126,hanjaeo_W,다음 문장의 밑줄 친 漢字語를 正字의 漢字로 쓰시오.,그는 늘 예의가 바르고 반듯해서 누구에게나 호감을 산다.,호감,,好感,好感,
3급II,103,2023-11-11,127,hanjaeo_W,다음 문장의 밑줄 친 漢字語를 正字의 漢字로 쓰시오.,규정을 어겼으니 처벌을 받는 것은 자명적인 일이다.,처벌,,處罰,處罰,
3급II,103,2023-11-11,128,hanjaeo_W,다음 문장의 밑줄 친 漢字語를 正字의 漢字로 쓰시오.,병이나 종이 등 재활용품의 회수가 잘 이루어지지 않고 있다.,회수,,回收,回收,
3급II,103,2023-11-11,129,hanjaeo_W,다음 문장의 밑줄 친 漢字語를 正字의 漢字로 쓰시오.,예보되지 않은 폭풍우로 어선들이 큰 피해를 입었다.,어선,,漁船,漁船,
3급II,103,2023-11-11,130,hanjaeo_W,다음 문장의 밑줄 친 漢字語를 正字의 漢字로 쓰시오.,이곳은 통제 구역이므로 개인이 사사로이 출입할 수 없다.,통제,,統制,統制,
3급II,103,2023-11-11,131,hanjaeo_W,다음 문장의 밑줄 친 漢字語를 正字의 漢字로 쓰시오.,영화의 주제 의식은 감독의 연출을 통해서 드러난다.,연출,,演出,演出,
3급II,103,2023-11-11,132,hanjaeo_W,다음 문장의 밑줄 친 漢字語를 正字의 漢字로 쓰시오.,그는 방 안의 냄새를 제거하기 위해 방향제를 뿌렸다.,제거,,除去,除去,
3급II,103,2023-11-11,133,hanjaeo_W,다음 문장의 밑줄 친 漢字語를 正字의 漢字로 쓰시오.,그는 아들의 말을 시종 묵묵히 듣고만 있다.,시종,,始終,始終,
3급II,103,2023-11-11,134,hanjaeo_W,다음 문장의 밑줄 친 漢字語를 正字의 漢字로 쓰시오.,나는 친구에게 그 계획의 불가능성을 암시해 주었다.,암시,,暗示,暗示,
3급II,103,2023-11-11,135,hanjaeo_W,다음 문장의 밑줄 친 漢字語를 正字의 漢字로 쓰시오.,그 스님은 수많은 재소자들을 갱생의 길로 인도해 주었다.,인도,,引導,引導,
3급II,103,2023-11-11,136,hanjaeo_W,다음 문장의 밑줄 친 漢字語를 正字의 漢字로 쓰시오.,현재 우리나라 대통령의 임기는 5년이다.,임기,,任期,任期,
3급II,103,2023-11-11,137,hanjaeo_W,다음 문장의 밑줄 친 漢字語를 正字의 漢字로 쓰시오.,할아버지는 태극무늬가 그려진 부채를 부치고 계셨다.,태극,,太極,太極,
3급II,103,2023-11-11,138,hanjaeo_W,다음 문장의 밑줄 친 漢字語를 正字의 漢字로 쓰시오.,이번 계획의 실시 여부는 다수결로 정하기로 했다.,실시,,實施,實施,
3급II,103,2023-11-11,139,hanjaeo_W,다음 문장의 밑줄 친 漢字語를 正字의 漢字로 쓰시오.,책상 위에는 성경책이 펼쳐진 채 놓여 있었다.,성경,,聖經,聖經,
3급II,103,2023-11-11,140,hanjaeo_W,다음 문장의 밑줄 친 漢字語를 正字의 漢字로 쓰시오.,다행히 아버지의 병환은 차츰 차츰 나아져 갔다.,병환,,病患,病患,
3급II,103,2023-11-11,141,hanjaeo_W,다음 문장의 밑줄 친 漢字語를 正字의 漢字로 쓰시오.,경찰은 유흥업소 밀집 지역에서 음주 단속을 강화하였다.,밀집,,密集,密集,
3급II,103,2023-11-11,142,hanjaeo_W,다음 문장의 밑줄 친 漢字語를 正字의 漢字로 쓰시오.,어머니는 할아버지의 다리를 정성 들여 주무르셨다.,정성,,精誠,精誠,
3급II,103,2023-11-11,143,hanjaeo_W,다음 문장의 밑줄 친 漢字語를 正字의 漢字로 쓰시오.,그는 우리 일에 협조적이고 대단히 열성적이었다.,협조,,協助,協助,
3급II,103,2023-11-11,144,hanjaeo_W,다음 문장의 밑줄 친 漢字語를 正字의 漢字로 쓰시오.,"우리 호텔은 수영장, 식당 같은 부대시설이 완비되어 있다.",완비,,完備,完備,
3급II,103,2023-11-11,145,hanjaeo_W,다음 문장의 밑줄 친 漢字語를 正字의 漢字로 쓰시오.,이번 인사에서 그는 차관에서 장관으로 승진했다.,차관,,次官,次官,
3급II,103,2023-11-11,146,hanjaeo_W,다음 문장의 밑줄 친 漢字語를 正字의 漢字로 쓰시오.,산사태 방지를 위해 경사지에 나무를 심었다.,방지,,防止,防止,
3급II,103,2023-11-11,147,hanjaeo_W,다음 문장의 밑줄 친 漢字語를 正字의 漢字로 쓰시오.,겨우내 얼었던 땅이 해빙되면서 길이 질퍽거린다.,해빙,,解氷,解氷,
3급II,103,2023-11-11,148,hanjaeo_W,다음 문장의 밑줄 친 漢字語를 正字의 漢字로 쓰시오.,중부 지방에 호우 예비 특보가 발효됐다.,특보,,特報,特報,
3급II,103,2023-11-11,149,hanjaeo_W,다음 문장의 밑줄 친 漢字語를 正字의 漢字로 쓰시오.,그는 마감 일자가 지났다며 서류의 접수를 거부했다.,접수,,接受,接受,
3급II,103,2023-11-11,150,hanjaeo_W,다음 문장의 밑줄 친 漢字語를 正字의 漢字로 쓰시오.,냉해 때문에 올해 과일 농가들은 큰 피해를 보았다.,냉해,,冷害,冷害,
3급II,104,2024-02-24,1,dokeum_W,다음 밑줄 친 漢字語의 讀音을 쓰시오.,양 팀이 결승 진출권을 놓고 激突하였다.,激突,,격돌,격돌,
3급II,104,2024-02-24,2,dokeum_W,다음 밑줄 친 漢字語의 讀音을 쓰시오.,성균관 유생들이 임금께 上疏를 올렸다.,上疏,,상소,상소,
3급II,104,2024-02-24,3,dokeum_W,다음 밑줄 친 漢字語의 讀音을 쓰시오.,모세는 신으로부터 啓示를 받았다.,啓示,,계시,계시,
3급II,104,2024-02-24,4,dokeum_W,다음 밑줄 친 漢字語의 讀音을 쓰시오.,서리를 맞고 피는 菊花는 흔히 곧은 절개로 비유된다.,菊花,,국화,국화,
3급II,104,2024-02-24,5,dokeum_W,다음 밑줄 친 漢字語의 讀音을 쓰시오.,腦炎은 일반적으로 모기에 의해 전염된다.,腦炎,,뇌염,뇌염,
3급II,104,2024-02-24,6,dokeum_W,다음 밑줄 친 漢字語의 讀音을 쓰시오.,긴급 대출을 신청하니 高率의 이자가 부과되었다.,高率,,고율,고율,
3급II,104,2024-02-24,7,dokeum_W,다음 밑줄 친 漢字語의 讀音을 쓰시오.,마음을 鎭靜시키고 다시 천천히 편지를 읽어 보았다.,鎭靜,,진정,진정,
3급II,104,2024-02-24,8,dokeum_W,다음 밑줄 친 漢字語의 讀音을 쓰시오.,干拓地 사업의 성공으로 국토의 면적이 넓어졌다.,干拓地,,간척지,간척지,
3급II,104,2024-02-24,9,dokeum_W,다음 밑줄 친 漢字語의 讀音을 쓰시오.,마을 사람들은 이 절의 부처님이 靈驗하다고 믿는다.,靈驗,,영험,영험,
3급II,104,2024-02-24,10,dokeum_W,다음 밑줄 친 漢字語의 讀音을 쓰시오.,사령관의 무분별한 행위가 군의 名譽를 실추시켰다.,名譽,,명예,명예,
3급II,104,2024-02-24,11,dokeum_W,다음 밑줄 친 漢字語의 讀音을 쓰시오.,나이가 들고 몸이 衰弱해져 더 이상 농사일을 할 수 없다.,衰弱,,쇠약,쇠약,
3급II,104,2024-02-24,12,dokeum_W,다음 밑줄 친 漢字語의 讀音을 쓰시오.,누군가에 의해서 기록이 削除되어 있었다.,削除,,삭제,삭제,
3급II,104,2024-02-24,13,dokeum_W,다음 밑줄 친 漢字語의 讀音을 쓰시오.,젊어서 지나친 慾望에 빠지지 않도록 수양이 필요하다.,慾望,,욕망,욕망,
3급II,104,2024-02-24,14,dokeum_W,다음 밑줄 친 漢字語의 讀音을 쓰시오.,이 제품은 耐熱강도가 그 어떤 제품보다 우수하다.,耐熱,,내열,내열,
3급II,104,2024-02-24,15,dokeum_W,다음 밑줄 친 漢字語의 讀音을 쓰시오.,이 약은 먹기만 하면 卽效를 본다.,卽效,,즉효,즉효,
3급II,104,2024-02-24,16,dokeum_W,다음 밑줄 친 漢字語의 讀音을 쓰시오.,그 회사는 冷凍 식품을 전문으로 판매한다.,冷凍,,냉동,냉동,
3급II,104,2024-02-24,17,dokeum_W,다음 밑줄 친 漢字語의 讀音을 쓰시오.,계약 기간이 지나 보험의 효력이 消滅되었다.,消滅,,소멸,소멸,
3급II,104,2024-02-24,18,dokeum_W,다음 밑줄 친 漢字語의 讀音을 쓰시오.,신문에 대통령 담화문이 全載되었다.,全載,,전재,전재,
3급II,104,2024-02-24,19,dokeum_W,다음 밑줄 친 漢字語의 讀音을 쓰시오.,지금은 철광석을 再鍊하는 과정을 거치고 있다.,再鍊,,재련,재련,
3급II,104,2024-02-24,20,dokeum_W,다음 밑줄 친 漢字語의 讀音을 쓰시오.,정부는 생필품의 수출입에는 관세 賦課를 없앨 예정이다.,賦課,,부과,부과,
3급II,104,2024-02-24,21,dokeum_W,다음 漢字語의 讀音을 쓰시오.,熟醉,熟醉,,숙취,숙취,
3급II,104,2024-02-24,22,dokeum_W,다음 漢字語의 讀音을 쓰시오.,浪費,浪費,,낭비,낭비,
3급II,104,2024-02-24,23,dokeum_W,다음 漢字語의 讀音을 쓰시오.,陷落,陷落,,함락,함락,
3급II,104,2024-02-24,24,dokeum_W,다음 漢字語의 讀音을 쓰시오.,端緖,端緖,,단서,단서,
3급II,104,2024-02-24,25,dokeum_W,다음 漢字語의 讀音을 쓰시오.,發芽,發芽,,발아,발아,
3급II,104,2024-02-24,26,dokeum_W,다음 漢字語의 讀音을 쓰시오.,立脚,立脚,,입각,입각,
3급II,104,2024-02-24,27,dokeum_W,다음 漢字語의 讀音을 쓰시오.,徹底,徹底,,철저,철저,
3급II,104,2024-02-24,28,dokeum_W,다음 漢字語의 讀音을 쓰시오.,巧妙,巧妙,,교묘,교묘,
3급II,104,2024-02-24,29,dokeum_W,다음 漢字語의 讀音을 쓰시오.,果糖,果糖,,과당,과당,
3급II,104,2024-02-24,30,dokeum_W,다음 漢字語의 讀音을 쓰시오.,陳設,陳設,,진설,진설,
3급II,104,2024-02-24,31,dokeum_W,다음 漢字語의 讀音을 쓰시오.,許諾,許諾,,허락,허락,
3급II,104,2024-02-24,32,dokeum_W,다음 漢字語의 讀音을 쓰시오.,機微,機微,,기미,기미,
3급II,104,2024-02-24,33,dokeum_W,다음 漢字語의 讀音을 쓰시오.,忽待,忽待,,홀대,홀대,
3급II,104,2024-02-24,34,dokeum_W,다음 漢字語의 讀音을 쓰시오.,還流,還流,,환류,환류,
3급II,104,2024-02-24,35,dokeum_W,다음 漢字語의 讀音을 쓰시오.,著作,著作,,저작,저작,
3급II,104,2024-02-24,36,dokeum_W,다음 漢字語의 讀音을 쓰시오.,浮華,浮華,,부화,부화,
3급II,104,2024-02-24,37,dokeum_W,다음 漢字語의 讀音을 쓰시오.,藏置,藏置,,장치,장치,
3급II,104,2024-02-24,38,dokeum_W,다음 漢字語의 讀音을 쓰시오.,槪要,槪要,,개요,개요,
3급II,104,2024-02-24,39,dokeum_W,다음 漢字語의 讀音을 쓰시오.,飯酒,飯酒,,반주,반주,
3급II,104,2024-02-24,40,dokeum_W,다음 漢字語의 讀音을 쓰시오.,商魂,商魂,,상혼,상혼,
3급II,104,2024-02-24,41,dokeum_W,다음 漢字語의 讀音을 쓰시오.,追慕,追慕,,추모,추모,
3급II,104,2024-02-24,42,dokeum_W,다음 漢字語의 讀音을 쓰시오.,懷疑,懷疑,,회의,회의,
3급II,104,2024-02-24,43,dokeum_W,다음 漢字語의 讀音을 쓰시오.,投稿,投稿,,투고,투고,
3급II,104,2024-02-24,44,dokeum_W,다음 漢字語의 讀音을 쓰시오.,先拂,先拂,,선불,선불,
3급II,104,2024-02-24,45,dokeum_W,다음 漢字語의 讀音을 쓰시오.,橫列,橫列,,횡렬,횡렬,
3급II,104,2024-02-24,46,huneum_W,다음 漢字의 訓과 音을 쓰시오.,妄,妄,,망령될 망,망령될 망,
3급II,104,2024-02-24,47,huneum_W,다음 漢字의 訓과 音을 쓰시오.,裏,裏,,속 리,속 리,
3급II,104,2024-02-24,48,huneum_W,다음 漢字의 訓과 音을 쓰시오.,訣,訣,,이별할 결,이별할 결,
3급II,104,2024-02-24,49,huneum_W,다음 漢字의 訓과 音을 쓰시오.,隆,隆,,높을 륭,높을 륭,
3급II,104,2024-02-24,50,huneum_W,다음 漢字의 訓과 音을 쓰시오.,淑,淑,,맑을 숙,맑을 숙,
3급II,104,2024-02-24,51,huneum_W,다음 漢字의 訓과 音을 쓰시오.,稚,稚,,어릴 치,어릴 치,
3급II,104,2024-02-24,52,huneum_W,다음 漢字의 訓과 音을 쓰시오.,錯,錯,,어긋날 착,어긋날 착,
3급II,104,2024-02-24,53,huneum_W,다음 漢字의 訓과 音을 쓰시오.,勵,勵,,힘쓸 려,힘쓸 려,
3급II,104,2024-02-24,54,huneum_W,다음 漢字의 訓과 音을 쓰시오.,漆,漆,,옻 칠,옻 칠,
3급II,104,2024-02-24,55,huneum_W,다음 漢字의 訓과 音을 쓰시오.,弊,弊,,폐단/해질 폐,폐단/해질 폐,
3급II,104,2024-02-24,56,huneum_W,다음 漢字의 訓과 音을 쓰시오.,簿,簿,,문서 부,문서 부,
3급II,104,2024-02-24,57,huneum_W,다음 漢字의 訓과 音을 쓰시오.,拔,拔,,뽑을 발,뽑을 발,
3급II,104,2024-02-24,58,huneum_W,다음 漢字의 訓과 音을 쓰시오.,値,値,,값 치,값 치,
3급II,104,2024-02-24,59,huneum_W,다음 漢字의 訓과 音을 쓰시오.,滯,滯,,막힐 체,막힐 체,
3급II,104,2024-02-24,60,huneum_W,다음 漢字의 訓과 音을 쓰시오.,臟,臟,,오장 장,오장 장,
3급II,104,2024-02-24,61,huneum_W,다음 漢字의 訓과 音을 쓰시오.,脅,脅,,위협할 협,위협할 협,
3급II,104,2024-02-24,62,huneum_W,다음 漢字의 訓과 音을 쓰시오.,貸,貸,,빌릴/뀌 대,빌릴/뀌 대,
3급II,104,2024-02-24,63,huneum_W,다음 漢字의 訓과 音을 쓰시오.,契,契,,맺을 계,맺을 계,
3급II,104,2024-02-24,64,huneum_W,다음 漢字의 訓과 音을 쓰시오.,裁,裁,,옷마를 재,옷마를 재,
3급II,104,2024-02-24,65,huneum_W,다음 漢字의 訓과 音을 쓰시오.,喪,喪,,잃을 상,잃을 상,
3급II,104,2024-02-24,66,huneum_W,다음 漢字의 訓과 音을 쓰시오.,猶,猶,,오히려 유,오히려 유,
3급II,104,2024-02-24,67,huneum_W,다음 漢字의 訓과 音을 쓰시오.,潛,潛,,잠길 잠,잠길 잠,
3급II,104,2024-02-24,68,huneum_W,다음 漢字의 訓과 音을 쓰시오.,謙,謙,,겸손할 겸,겸손할 겸,
3급II,104,2024-02-24,69,huneum_W,다음 漢字의 訓과 音을 쓰시오.,衝,衝,,찌를 충,찌를 충,
3급II,104,2024-02-24,70,huneum_W,다음 漢字의 訓과 音을 쓰시오.,誘,誘,,꿸 유,꿸 유,
3급II,104,2024-02-24,71,huneum_W,다음 漢字의 訓과 音을 쓰시오.,訴,訴,,호소할 소,호소할 소,
3급II,104,2024-02-24,72,huneum_W,다음 漢字의 訓과 音을 쓰시오.,漸,漸,,점점 점,점점 점,
3급II,104,2024-02-24,73,busu_W,다음 漢字의 部首를 쓰시오.,幼,幼,,幺,幺,
3급II,104,2024-02-24,74,busu_W,다음 漢字의 部首를 쓰시오.,盟,盟,,皿,皿,
3급II,104,2024-02-24,75,busu_W,다음 漢字의 部首를 쓰시오.,賴,賴,,貝,貝,
3급II,104,2024-02-24,76,busu_W,다음 漢字의 部首를 쓰시오.,畿,畿,,田,田,
3급II,104,2024-02-24,77,busu_W,다음 漢字의 部首를 쓰시오.,乘,乘,,丿,丿,
3급II,104,2024-02-24,78,yakja_W,다음 漢字의 略字를 쓰시오.,師,師,,师,师,
3급II,104,2024-02-24,79,yakja_W,다음 漢字의 略字를 쓰시오.,斷,斷,,断,断,
3급II,104,2024-02-24,80,yakja_W,다음 漢字의 略字를 쓰시오.,寶,寶,,宝,宝,
3급II,104,2024-02-24,81,jangeum_S,다음 漢字語 중 첫소리가 長音인 것을 가려 그 번호를 쓰시오.,,,"[""① 感想"", ""② 鑑賞""]",①,① 感想,
3급II,104,2024-02-24,82,jangeum_S,다음 漢字語 중 첫소리가 長音인 것을 가려 그 번호를 쓰시오.,,,"[""① 動議"", ""② 冬衣""]",①,① 動議,
3급II,104,2024-02-24,83,jangeum_S,다음 漢字語 중 첫소리가 長音인 것을 가려 그 번호를 쓰시오.,,,"[""① 無代"", ""② 舞臺""]",②,② 舞臺,
3급II,104,2024-02-24,84,jangeum_S,다음 漢字語 중 첫소리가 長音인 것을 가려 그 번호를 쓰시오.,,,"[""① 班長"", ""② 半裝""]",②,② 半裝,
3급II,104,2024-02-24,85,jangeum_S,다음 漢字語 중 첫소리가 長音인 것을 가려 그 번호를 쓰시오.,,,"[""① 奉仕"", ""② 封事""]",①,① 奉仕,
3급II,104,2024-02-24,86,yui_W,다음 (        ) 안에 밑줄 친 漢字와 뜻이 같거나 비슷한 漢字를 正字로 적어 문장을 완성하시오.,그는 귀공자다운 (        )貌를 풍기는 사람이었다.,( )貌,,面/容,面/容,
3급II,104,2024-02-24,87,yui_W,다음 (        ) 안에 밑줄 친 漢字와 뜻이 같거나 비슷한 漢字를 正字로 적어 문장을 완성하시오.,우리나라는 (      )鋼 산업에서 세계를 주름잡고 있다.,( )鋼,,鐵,鐵,
3급II,104,2024-02-24,88,yui_W,다음 (        ) 안에 밑줄 친 漢字와 뜻이 같거나 비슷한 漢字를 正字로 적어 문장을 완성하시오.,예로부터 성군은 하늘을 恭(              )하고 백성을 사랑했다.,恭( ),,敬,敬,
3급II,104,2024-02-24,89,yui_W,다음 (        ) 안에 밑줄 친 漢字와 뜻이 같거나 비슷한 漢字를 正字로 적어 문장을 완성하시오.,현대 의학은 인간의 壽(           )을 연장하는 데 큰 공헌을 했다.,壽( ),,命,命,
3급II,104,2024-02-24,90,yui_W,다음 (        ) 안에 밑줄 친 漢字와 뜻이 같거나 비슷한 漢字를 正字로 적어 문장을 완성하시오.,현미경으로 微(       )한 물체를 확대하여 관찰할 수 있다.,微( ),,細,細,
3급II,104,2024-02-24,91,banui_W,다음 (        ) 안에 밑줄 친 漢字와 뜻이 상대(또는 반대)되는 漢字를 正字로 적어 문장을 완성하시오.,그는 감정의 (       )伏이 심하여 대하기 힘들다.,( )伏,,起,起,
3급II,104,2024-02-24,92,banui_W,다음 (        ) 안에 밑줄 친 漢字와 뜻이 상대(또는 반대)되는 漢字를 正字로 적어 문장을 완성하시오.,법은 사람의 (       )賤을 따지지 않는다.,( )賤,,貴,貴,
3급II,104,2024-02-24,93,banui_W,다음 (        ) 안에 밑줄 친 漢字와 뜻이 상대(또는 반대)되는 漢字를 正字로 적어 문장을 완성하시오.,사업의 損(     ) 분기점에 이르렀다.,損( ),,益,益,
3급II,104,2024-02-24,94,banui_W,다음 (        ) 안에 밑줄 친 漢字와 뜻이 상대(또는 반대)되는 漢字를 正字로 적어 문장을 완성하시오.,그들은 최저 임금 문제를 놓고 격한 攻( )을 벌였다.,攻( ),,防,防,
3급II,104,2024-02-24,95,banui_W,다음 (        ) 안에 밑줄 친 漢字와 뜻이 상대(또는 반대)되는 漢字를 正字로 적어 문장을 완성하시오.,요즘 부동산 시세는 (        )夕으로 대중없이 변한다.,( )夕,,朝,朝,
3급II,104,2024-02-24,96,banuieo_W,다음 두 단어가 상대(또는 반대)되는 漢字語가 되도록 ( ) 안에 알맞은 漢字(正字)를 쓰시오.,左遷 ↔ ( )轉,左遷 ↔ ( )轉,,榮,榮,
3급II,104,2024-02-24,97,banuieo_W,다음 두 단어가 상대(또는 반대)되는 漢字語가 되도록 ( ) 안에 알맞은 漢字(正字)를 쓰시오.,拘(    ) ↔ 釋放,拘( ) ↔ 釋放,,束,束,
3급II,104,2024-02-24,98,banuieo_W,다음 두 단어가 상대(또는 반대)되는 漢字語가 되도록 ( ) 안에 알맞은 漢字(正字)를 쓰시오.,存續 ↔ 廢(    ),存續 ↔ 廢( ),,止,止,
3급II,104,2024-02-24,99,banuieo_W,다음 두 단어가 상대(또는 반대)되는 漢字語가 되도록 ( ) 안에 알맞은 漢字(正字)를 쓰시오.,促進 ↔ 抑(    ),促進 ↔ 抑( ),,制,制,
3급II,104,2024-02-24,100,banuieo_W,다음 두 단어가 상대(또는 반대)되는 漢字語가 되도록 ( ) 안에 알맞은 漢字(正字)를 쓰시오.,(     )神 ↔ 物質,( )神 ↔ 物質,,精,精,
3급II,104,2024-02-24,101,mean_W,다음 漢字語의 뜻을 쓰시오.,淺學,淺學,,학식이 얕음.,학식이 얕음.,
3급II,104,2024-02-24,102,mean_W,다음 漢字語의 뜻을 쓰시오.,肥壤,肥壤,,비옥하고 기름진 땅,비옥하고 기름진 땅,
3급II,104,2024-02-24,103,mean_W,다음 漢字語의 뜻을 쓰시오.,兔角,兔角,,토끼의 뿔/세상에 없는 것.,토끼의 뿔/세상에 없는 것.,
3급II,104,2024-02-24,104,mean_W,다음 漢字語의 뜻을 쓰시오.,殘影,殘影,,희미하게 남은 그림자.,희미하게 남은 그림자.,
3급II,104,2024-02-24,105,mean_W,다음 漢字語의 뜻을 쓰시오.,芳緣,芳緣,,꽃향기처럼 향기롭고 아름다운 인연/부부나 사랑의 인연,꽃향기처럼 향기롭고 아름다운 인연/부부나 사랑의 인연,
3급II,104,2024-02-24,106,dongeumeo_W,다음 (       ) 속 단어의 同音異義語를 주어진 뜻에 맞게 漢字(正字)로 쓰시오.,(歌辭) - 죽은 것처럼 보이는 상태.,(歌辭),,假死,假死,
3급II,104,2024-02-24,107,dongeumeo_W,다음 (       ) 속 단어의 同音異義語를 주어진 뜻에 맞게 漢字(正字)로 쓰시오.,(背水) - 어떤 수의 갑절이 되는 수.,(背水),,倍數,倍數,
3급II,104,2024-02-24,108,dongeumeo_W,다음 (       ) 속 단어의 同音異義語를 주어진 뜻에 맞게 漢字(正字)로 쓰시오.,(信聽) - 단체나 기관에 어떠한 일이나 물건을 알려 청구함.,(信聽),,申請,申請,
3급II,104,2024-02-24,109,dongeumeo_W,다음 (       ) 속 단어의 同音異義語를 주어진 뜻에 맞게 漢字(正字)로 쓰시오.,(失時) - 실제로 시행함.,(失時),,實施,實施,
3급II,104,2024-02-24,110,dongeumeo_W,다음 (       ) 속 단어의 同音異義語를 주어진 뜻에 맞게 漢字(正字)로 쓰시오.,(惡聲) - 성인이라고 이를 정도로 뛰어난 음악가.,(惡聲),,樂聖,樂聖,
3급II,104,2024-02-24,111,seongeo_W,다음 ( ) 안에 알맞은 漢字를 적어 四字成語를 완성하시오.,(    )卵擊石: 달걀로 돌을 침.,( )卵擊石,,以,以,
3급II,104,2024-02-24,112,seongeo_W,다음 ( ) 안에 알맞은 漢字를 적어 四字成語를 완성하시오.,夫爲( )綱: 아내는 남편을 섬기는 것이 근본임.,夫爲( )綱,,婦,婦,
3급II,104,2024-02-24,113,seongeo_W,다음 ( ) 안에 알맞은 漢字를 적어 四字成語를 완성하시오.,不(    )抗力: 사람의 힘으로는 저항할 수 없는 힘.,不( )抗力,,可,可,
3급II,104,2024-02-24,114,seongeo_W,다음 ( ) 안에 알맞은 漢字를 적어 四字成語를 완성하시오.,氷(    )之間: 얼음과 숯불의 사이.,氷( )之間,,炭,炭,
3급II,104,2024-02-24,115,seongeo_W,다음 ( ) 안에 알맞은 漢字를 적어 四字成語를 완성하시오.,紅爐點(    ): 빨갛게 달아오른 화로 위에 약간의 눈.,紅爐點( ),,雪,雪,
3급II,104,2024-02-24,116,seongeo_W,다음 ( ) 안에 알맞은 漢字를 적어 四字成語를 완성하시오.,(    )刀亂麻: 잘 드는 칼로 마구 헝클어진 삼 가닥을 자름.,( )刀亂麻,,快,快,
3급II,104,2024-02-24,117,seongeo_W,다음 ( ) 안에 알맞은 漢字를 적어 四字成語를 완성하시오.,讓渡所(    ): 자산을 양도함으로써 발생하는 소득.,讓渡所( ),,得,得,
3급II,104,2024-02-24,118,seongeo_W,다음 ( ) 안에 알맞은 漢字를 적어 四字成語를 완성하시오.,(    )井雜輩: 시정에 떠돌아다니는 점잖지 못한 무리.,( )井雜輩,,市,市,
3급II,104,2024-02-24,119,seongeo_W,다음 ( ) 안에 알맞은 漢字를 적어 四字成語를 완성하시오.,美風良(    ): 아름답고 좋은 풍속이나 기풍.,美風良( ),,俗,俗,
3급II,104,2024-02-24,120,seongeo_W,다음 ( ) 안에 알맞은 漢字를 적어 四字成語를 완성하시오.,牛(    )萬里: 우직한 소의 걸음이 만 리를 감.,牛( )萬里,,步,步,
3급II,104,2024-02-24,121,hanjaeo_W,다음 문장의 밑줄 친 漢字語를 正字의 漢字로 쓰시오.,그 섬에는 아직 원시 부족이 살고 있다.,원시,,原始,原始,
3급II,104,2024-02-24,122,hanjaeo_W,다음 문장의 밑줄 친 漢字語를 正字의 漢字로 쓰시오.,우리와 노조가 연대하여 투쟁을 했다.,연대,,連帶,連帶,
3급II,104,2024-02-24,123,hanjaeo_W,다음 문장의 밑줄 친 漢字語를 正字의 漢字로 쓰시오.,독재정권은 정부 인사들을 압살하였다.,압살,,壓殺,壓殺,
3급II,104,2024-02-24,124,hanjaeo_W,다음 문장의 밑줄 친 漢字語를 正字의 漢字로 쓰시오.,어민들은 풍어를 기원하고 제를 올렸다.,풍어,,豊漁,豊漁,
3급II,104,2024-02-24,125,hanjaeo_W,다음 문장의 밑줄 친 漢字語를 正字의 漢字로 쓰시오.,그는 간혹 참고 문헌에서 원하는 정보를 찾는다.,참고,,參考,參考,
3급II,104,2024-02-24,126,hanjaeo_W,다음 문장의 밑줄 친 漢字語를 正字의 漢字로 쓰시오.,경기가 좋아져 건축 사업이 활발해졌다.,건축,,建築,建築,
3급II,104,2024-02-24,127,hanjaeo_W,다음 문장의 밑줄 친 漢字語를 正字의 漢字로 쓰시오.,기왕이면 장래가 보장되는 직업을 선택해라.,장래,,將來,將來,
3급II,104,2024-02-24,128,hanjaeo_W,다음 문장의 밑줄 친 漢字語를 正字의 漢字로 쓰시오.,그는 아버지 권력만 믿고 너무 기세를 부린다.,기세,,氣勢,氣勢,
3급II,104,2024-02-24,129,hanjaeo_W,다음 문장의 밑줄 친 漢字語를 正字의 漢字로 쓰시오.,작가는 절필을 선언하고 더 이상 글을 쓰지 않았다.,절필,,絶筆,絶筆,
3급II,104,2024-02-24,130,hanjaeo_W,다음 문장의 밑줄 친 漢字語를 正字의 漢字로 쓰시오.,저 산은 푸른 빛으로 보아 나무들이 밀집되어 있는 듯하다.,밀집,,密集,密集,
3급II,104,2024-02-24,131,hanjaeo_W,다음 문장의 밑줄 친 漢字語를 正字의 漢字로 쓰시오.,그는 뇌물을 받아 사법부로부터 처벌을 받게 되었다.,처벌,,處罰,處罰,
3급II,104,2024-02-24,132,hanjaeo_W,다음 문장의 밑줄 친 漢字語를 正字의 漢字로 쓰시오.,종이를 오리는 과정에서 파지가 많이 생겼다.,파지,,破紙,破紙,
3급II,104,2024-02-24,133,hanjaeo_W,다음 문장의 밑줄 친 漢字語를 正字의 漢字로 쓰시오.,섬진강 하구에는 물고기와 철새가 많다.,하구,,河口,河口,
3급II,104,2024-02-24,134,hanjaeo_W,다음 문장의 밑줄 친 漢字語를 正字의 漢字로 쓰시오.,올해 농작물의 충해가 심하여 걱정이다.,충해,,蟲害,蟲害,
3급II,104,2024-02-24,135,hanjaeo_W,다음 문장의 밑줄 친 漢字語를 正字의 漢字로 쓰시오.,그는 많은 기예를 고루 갖추고 있었다.,기예,,技藝,技藝,
3급II,104,2024-02-24,136,hanjaeo_W,다음 문장의 밑줄 친 漢字語를 正字의 漢字로 쓰시오.,경기침체가 심화되자 정부는 대규모 투자를 단행했다.,심화,,深化,深化,
3급II,104,2024-02-24,137,hanjaeo_W,다음 문장의 밑줄 친 漢字語를 正字의 漢字로 쓰시오.,그들은 변화된 세태에 쉽게 순응했다.,순응,,順應,順應,
3급II,104,2024-02-24,138,hanjaeo_W,다음 문장의 밑줄 친 漢字語를 正字의 漢字로 쓰시오.,이성계는 위화도에서 회군을 단행했다.,회군,,回軍,回軍,
3급II,104,2024-02-24,139,hanjaeo_W,다음 문장의 밑줄 친 漢字語를 正字의 漢字로 쓰시오.,작년에 비해 비용이 많이 경감되어 생산성이 향상되었다.,경감,,輕減,輕減,
3급II,104,2024-02-24,140,hanjaeo_W,다음 문장의 밑줄 친 漢字語를 正字의 漢字로 쓰시오.,정부는 그 문제의 대응책을 강구했다.,강구,,講究,講究,
3급II,104,2024-02-24,141,hanjaeo_W,다음 문장의 밑줄 친 漢字語를 正字의 漢字로 쓰시오.,그녀는 상사에 대해 적의를 품고 있었다.,적의,,敵意,敵意,
3급II,104,2024-02-24,142,hanjaeo_W,다음 문장의 밑줄 친 漢字語를 正字의 漢字로 쓰시오.,김 교수는 유력한 감사원장 후보로 거론되고 있다.,거론,,擧論,擧論,
3급II,104,2024-02-24,143,hanjaeo_W,다음 문장의 밑줄 친 漢字語를 正字의 漢字로 쓰시오.,그 맞벌이 부부는 가사를 각자 분담한다.,분담,,分擔,分擔,
3급II,104,2024-02-24,144,hanjaeo_W,다음 문장의 밑줄 친 漢字語를 正字의 漢字로 쓰시오.,고려는 몽고의 침입에 대해 환난을 극복했다.,환난,,患難,患難,
3급II,104,2024-02-24,145,hanjaeo_W,다음 문장의 밑줄 친 漢字語를 正字의 漢字로 쓰시오.,그는 혼자서 옛날 거닐었던 노정을 따라 걸었다.,노정,,路程,路程,
3급II,104,2024-02-24,146,hanjaeo_W,다음 문장의 밑줄 친 漢字語를 正字의 漢字로 쓰시오.,대법원은 그 안건을 헌법재판소로 이송했다.,이송,,移送,移送,
3급II,104,2024-02-24,147,hanjaeo_W,다음 문장의 밑줄 친 漢字語를 正字의 漢字로 쓰시오.,조사 결과 이들은 마약을 흡입해 온 것으로 드러났다.,흡입,,吸入,吸入,
3급II,104,2024-02-24,148,hanjaeo_W,다음 문장의 밑줄 친 漢字語를 正字의 漢字로 쓰시오.,그는 지조 있는 사람이다.,지조,,志操,志操,
3급II,104,2024-02-24,149,hanjaeo_W,다음 문장의 밑줄 친 漢字語를 正字의 漢字로 쓰시오.,근래 세관에서 많은 밀수품을 적발했다.,세관,,稅關,稅關,
3급II,104,2024-02-24,150,hanjaeo_W,다음 문장의 밑줄 친 漢字語를 正字의 漢字로 쓰시오.,이 물건은 급조한 것이라서 품질이 떨어진다.,급조,,急造,急造,
3급II,105,2024-05-25,1,dokeum_W,다음 밑줄 친 漢字語의 讀音을 쓰시오.,그 배우는 시청자들에게서 아낌없는 讚辭를 받는다.,讚辭,,찬사,찬사,
3급II,105,2024-05-25,2,dokeum_W,다음 밑줄 친 漢字語의 讀音을 쓰시오.,알코올 含量에 따라 술의 도수가 결정된다.,含量,,함량,함량,
3급II,105,2024-05-25,3,dokeum_W,다음 밑줄 친 漢字語의 讀音을 쓰시오.,이 암벽은 언제 보아도 莊嚴한 기백이 넘쳐흐른다.,莊嚴,,장엄,장엄,
3급II,105,2024-05-25,4,dokeum_W,다음 밑줄 친 漢字語의 讀音을 쓰시오.,범인은 자신의 行蹟을 지웠다.,行蹟,,행적,행적,
3급II,105,2024-05-25,5,dokeum_W,다음 밑줄 친 漢字語의 讀音을 쓰시오.,그는 高尙한 말투로 말했다.,高尙,,고상,고상,
3급II,105,2024-05-25,6,dokeum_W,다음 밑줄 친 漢字語의 讀音을 쓰시오.,철수의 안색이 무척 蒼白하다.,蒼白,,창백,창백,
3급II,105,2024-05-25,7,dokeum_W,다음 밑줄 친 漢字語의 讀音을 쓰시오.,정부는 文盲 퇴치 운동을 장려하였다.,文盲,,문맹,문맹,
3급II,105,2024-05-25,8,dokeum_W,다음 밑줄 친 漢字語의 讀音을 쓰시오.,그는 공부에 대한 意欲이 대단했다.,意欲,,의욕,의욕,
3급II,105,2024-05-25,9,dokeum_W,다음 밑줄 친 漢字語의 讀音을 쓰시오.,인생에 懷疑를 느껴서는 안 된다.,懷疑,,회의,회의,
3급II,105,2024-05-25,10,dokeum_W,다음 밑줄 친 漢字語의 讀音을 쓰시오.,먹음직스러운 포도가 銀盤 위에 놓여 있다.,銀盤,,은반,은반,
3급II,105,2024-05-25,11,dokeum_W,다음 밑줄 친 漢字語의 讀音을 쓰시오.,김 교수는 한국어 연구에 평생을 獻身했다.,獻身,,헌신,헌신,
3급II,105,2024-05-25,12,dokeum_W,다음 밑줄 친 漢字語의 讀音을 쓰시오.,군인들에게 새 군복을 補給하였다.,補給,,보급,보급,
3급II,105,2024-05-25,13,dokeum_W,다음 밑줄 친 漢字語의 讀音을 쓰시오.,결혼식을 慶賀하며 이 화분을 보냅니다.,慶賀,,경하,경하,
3급II,105,2024-05-25,14,dokeum_W,다음 밑줄 친 漢字語의 讀音을 쓰시오.,국가의 名譽을 걸고 시합에 임했다.,名譽,,명예,명예,
3급II,105,2024-05-25,15,dokeum_W,다음 밑줄 친 漢字語의 讀音을 쓰시오.,그의 의견에는 긍정적인 側面도 있다.,側面,,측면,측면,
3급II,105,2024-05-25,16,dokeum_W,다음 밑줄 친 漢字語의 讀音을 쓰시오.,어디선가 怪常한 울음 소리가 들렸다.,怪常,,괴상,괴상,
3급II,105,2024-05-25,17,dokeum_W,다음 밑줄 친 漢字語의 讀音을 쓰시오.,경찰은 범인을 향해 拳銃을 쏘았다.,拳銃,,권총,권총,
3급II,105,2024-05-25,18,dokeum_W,다음 밑줄 친 漢字語의 讀音을 쓰시오.,텃밭에 고추를 栽培했다.,栽培,,재배,재배,
3급II,105,2024-05-25,19,dokeum_W,다음 밑줄 친 漢字語의 讀音을 쓰시오.,식량은 창고에 충분히 貯藏되어 있다.,貯藏,,저장,저장,
3급II,105,2024-05-25,20,dokeum_W,다음 밑줄 친 漢字語의 讀音을 쓰시오.,나는 그 곡을 樂譜 없이도 연주할 수 있다.,樂譜,,악보,악보,
3급II,105,2024-05-25,21,dokeum_W,다음 漢字語의 讀音을 쓰시오.,隔離,隔離,,격리,격리,
3급II,105,2024-05-25,22,dokeum_W,다음 漢字語의 讀音을 쓰시오.,稀釋,稀釋,,희석,희석,
3급II,105,2024-05-25,23,dokeum_W,다음 漢字語의 讀音을 쓰시오.,鼓吹,鼓吹,,고취,고취,
3급II,105,2024-05-25,24,dokeum_W,다음 漢字語의 讀音을 쓰시오.,推仰,推仰,,추앙,추앙,
3급II,105,2024-05-25,25,dokeum_W,다음 漢字語의 讀音을 쓰시오.,舍廊,舍廊,,사랑,사랑,
3급II,105,2024-05-25,26,dokeum_W,다음 漢字語의 讀音을 쓰시오.,縱橫,縱橫,,종횡,종횡,
3급II,105,2024-05-25,27,dokeum_W,다음 漢字語의 讀音을 쓰시오.,貫徹,貫徹,,관철,관철,
3급II,105,2024-05-25,28,dokeum_W,다음 漢字語의 讀音을 쓰시오.,臺帳,臺帳,,대장,대장,
3급II,105,2024-05-25,29,dokeum_W,다음 漢字語의 讀音을 쓰시오.,痛症,痛症,,통증,통증,
3급II,105,2024-05-25,30,dokeum_W,다음 漢字語의 讀音을 쓰시오.,追越,追越,,추월,추월,
3급II,105,2024-05-25,31,dokeum_W,다음 漢字語의 讀音을 쓰시오.,寂莫,寂莫,,적막,적막,
3급II,105,2024-05-25,32,dokeum_W,다음 漢字語의 讀音을 쓰시오.,繁昌,繁昌,,번창,번창,
3급II,105,2024-05-25,33,dokeum_W,다음 漢字語의 讀音을 쓰시오.,狀啓,狀啓,,장계,장계,
3급II,105,2024-05-25,34,dokeum_W,다음 漢字語의 讀音을 쓰시오.,吐露,吐露,,토로,토로,
3급II,105,2024-05-25,35,dokeum_W,다음 漢字語의 讀音을 쓰시오.,磨滅,磨滅,,마멸,마멸,
3급II,105,2024-05-25,36,dokeum_W,다음 漢字語의 讀音을 쓰시오.,統率,統率,,통솔,통솔,
3급II,105,2024-05-25,37,dokeum_W,다음 漢字語의 讀音을 쓰시오.,免疫,免疫,,면역,면역,
3급II,105,2024-05-25,38,dokeum_W,다음 漢字語의 讀音을 쓰시오.,破壞,破壞,,파괴,파괴,
3급II,105,2024-05-25,39,dokeum_W,다음 漢字語의 讀音을 쓰시오.,誘惑,誘惑,,유혹,유혹,
3급II,105,2024-05-25,40,dokeum_W,다음 漢字語의 讀音을 쓰시오.,還拂,還拂,,환불,환불,
3급II,105,2024-05-25,41,dokeum_W,다음 漢字語의 讀音을 쓰시오.,恥辱,恥辱,,치욕,치욕,
3급II,105,2024-05-25,42,dokeum_W,다음 漢字語의 讀音을 쓰시오.,仲裁,仲裁,,중재,중재,
3급II,105,2024-05-25,43,dokeum_W,다음 漢字語의 讀音을 쓰시오.,昇進,昇進,,승진,승진,
3급II,105,2024-05-25,44,dokeum_W,다음 漢字語의 讀音을 쓰시오.,沈默,沈默,,침묵,침묵,
3급II,105,2024-05-25,45,dokeum_W,다음 漢字語의 讀音을 쓰시오.,謀陷,謀陷,,모함,모함,
3급II,105,2024-05-25,46,huneum_W,다음 漢字의 訓과 音을 쓰시오.,墓,墓,,무덤 묘,무덤 묘,
3급II,105,2024-05-25,47,huneum_W,다음 漢字의 訓과 音을 쓰시오.,醉,醉,,취할 취,취할 취,
3급II,105,2024-05-25,48,huneum_W,다음 漢字의 訓과 音을 쓰시오.,笛,笛,,피리 적,피리 적,
3급II,105,2024-05-25,49,huneum_W,다음 漢字의 訓과 音을 쓰시오.,軟,軟,,연할 연,연할 연,
3급II,105,2024-05-25,50,huneum_W,다음 漢字의 訓과 音을 쓰시오.,礎,礎,,주춧돌 초,주춧돌 초,
3급II,105,2024-05-25,51,huneum_W,다음 漢字의 訓과 音을 쓰시오.,眠,眠,,잘 면,잘 면,
3급II,105,2024-05-25,52,huneum_W,다음 漢字의 訓과 音을 쓰시오.,騎,騎,,말탈 기,말탈 기,
3급II,105,2024-05-25,53,huneum_W,다음 漢字의 訓과 音을 쓰시오.,卵,卵,,알 란,알 란,
3급II,105,2024-05-25,54,huneum_W,다음 漢字의 訓과 音을 쓰시오.,粧,粧,,단장할 장,단장할 장,
3급II,105,2024-05-25,55,huneum_W,다음 漢字의 訓과 音을 쓰시오.,胸,胸,,가슴 흉,가슴 흉,
3급II,105,2024-05-25,56,huneum_W,다음 漢字의 訓과 音을 쓰시오.,慣,慣,,익숙할 관,익숙할 관,
3급II,105,2024-05-25,57,huneum_W,다음 漢字의 訓과 音을 쓰시오.,鶴,鶴,,학 학,학 학,
3급II,105,2024-05-25,58,huneum_W,다음 漢字의 訓과 音을 쓰시오.,智,智,,슬기/지혜 지,슬기/지혜 지,
3급II,105,2024-05-25,59,huneum_W,다음 漢字의 訓과 音을 쓰시오.,泉,泉,,샘 천,샘 천,
3급II,105,2024-05-25,60,huneum_W,다음 漢字의 訓과 音을 쓰시오.,倫,倫,,인륜 륜,인륜 륜,
3급II,105,2024-05-25,61,huneum_W,다음 漢字의 訓과 音을 쓰시오.,浩,浩,,넓을 호,넓을 호,
3급II,105,2024-05-25,62,huneum_W,다음 漢字의 訓과 音을 쓰시오.,恭,恭,,공손할 공,공손할 공,
3급II,105,2024-05-25,63,huneum_W,다음 漢字의 訓과 音을 쓰시오.,値,値,,값 치,값 치,
3급II,105,2024-05-25,64,huneum_W,다음 漢字의 訓과 音을 쓰시오.,悅,悅,,기쁠 열,기쁠 열,
3급II,105,2024-05-25,65,huneum_W,다음 漢字의 訓과 音을 쓰시오.,腦,腦,,골/뇌수 뇌,골/뇌수 뇌,
3급II,105,2024-05-25,66,huneum_W,다음 漢字의 訓과 音을 쓰시오.,覽,覽,,볼 람,볼 람,
3급II,105,2024-05-25,67,huneum_W,다음 漢字의 訓과 音을 쓰시오.,楓,楓,,단풍 풍,단풍 풍,
3급II,105,2024-05-25,68,huneum_W,다음 漢字의 訓과 音을 쓰시오.,碑,碑,,비석 비,비석 비,
3급II,105,2024-05-25,69,huneum_W,다음 漢字의 訓과 音을 쓰시오.,渡,渡,,건널 도,건널 도,
3급II,105,2024-05-25,70,huneum_W,다음 漢字의 訓과 音을 쓰시오.,潤,潤,,불을 윤,불을 윤,
3급II,105,2024-05-25,71,huneum_W,다음 漢字의 訓과 音을 쓰시오.,獸,獸,,짐승 수,짐승 수,
3급II,105,2024-05-25,72,huneum_W,다음 漢字의 訓과 音을 쓰시오.,債,債,,빚 채,빚 채,
3급II,105,2024-05-25,73,busu_W,다음 漢字의 部首를 쓰시오.,衡,衡,,行,行,
3급II,105,2024-05-25,74,busu_W,다음 漢字의 部首를 쓰시오.,瓦,瓦,,瓦,瓦,
3급II,105,2024-05-25,75,busu_W,다음 漢字의 部首를 쓰시오.,幽,幽,,幺,幺,
3급II,105,2024-05-25,76,busu_W,다음 漢字의 部首를 쓰시오.,濕,濕,,水(氵),水(氵),
3급II,105,2024-05-25,77,busu_W,다음 漢字의 部首를 쓰시오.,央,央,,大,大,
3급II,105,2024-05-25,78,yakja_W,다음 漢字의 略字를 쓰시오.,壓,壓,,圧,圧,
3급II,105,2024-05-25,79,yakja_W,다음 漢字의 略字를 쓰시오.,黨,黨,,党,党,
3급II,105,2024-05-25,80,yakja_W,다음 漢字의 略字를 쓰시오.,餘,餘,,余,余,
3급II,105,2024-05-25,81,jangeum_S,다음 漢字語 중 첫소리가 長音인 것을 가려 그 번호를 쓰시오.,,,"[""① 排球"", ""② 配球""]",②,② 配球,
3급II,105,2024-05-25,82,jangeum_S,다음 漢字語 중 첫소리가 長音인 것을 가려 그 번호를 쓰시오.,,,"[""① 救助"", ""② 構造""]",①,① 救助,
3급II,105,2024-05-25,83,jangeum_S,다음 漢字語 중 첫소리가 長音인 것을 가려 그 번호를 쓰시오.,,,"[""① 否認"", ""② 婦人""]",①,① 否認,
3급II,105,2024-05-25,84,jangeum_S,다음 漢字語 중 첫소리가 長音인 것을 가려 그 번호를 쓰시오.,,,"[""① 邪氣"", ""② 事記""]",②,② 事記,
3급II,105,2024-05-25,85,jangeum_S,다음 漢字語 중 첫소리가 長音인 것을 가려 그 번호를 쓰시오.,,,"[""① 聯句"", ""② 硏究""]",②,② 硏究,
3급II,105,2024-05-25,86,yui_W,다음 (      ) 안에 밑줄 친 漢字와 뜻이 같거나 비슷한 漢字를 正字로 적어 문장을 완성하시오.,연휴 기간 동안 중앙선 (        )犯에 따른 교통사고가 특히 많았다.,( )犯,,侵,侵,
3급II,105,2024-05-25,87,yui_W,다음 (      ) 안에 밑줄 친 漢字와 뜻이 같거나 비슷한 漢字를 正字로 적어 문장을 완성하시오.,이 제품의 검사증은 제품의 뒷면에 附( )되어 있습니다.,附( ),,着,着,
3급II,105,2024-05-25,88,yui_W,다음 (      ) 안에 밑줄 친 漢字와 뜻이 같거나 비슷한 漢字를 正字로 적어 문장을 완성하시오.,그녀의 우아한 (     )貌는 한 떨기 목련을 닮았다.,( )貌,,容,容,
3급II,105,2024-05-25,89,yui_W,다음 (      ) 안에 밑줄 친 漢字와 뜻이 같거나 비슷한 漢字를 正字로 적어 문장을 완성하시오.,회원들은 회칙에서 필요 없는 조항의 削(    )를 요구했다.,削( ),,除,除,
3급II,105,2024-05-25,90,yui_W,다음 (      ) 안에 밑줄 친 漢字와 뜻이 같거나 비슷한 漢字를 正字로 적어 문장을 완성하시오.,그 두 나라 사이에는 오랜 전쟁으로 인한 憎(      )의 골이 깊다.,憎( ),,惡,惡,
3급II,105,2024-05-25,91,banui_W,다음 (      ) 안에 밑줄 친 漢字와 뜻이 상대(또는 반대)되는 漢字를 正字로 적어 문장을 완성하시오.,전투의 승패는 병력의 (       )寡만으로 좌우되는 게 아니다.,( )寡,,多/衆,多/衆,
3급II,105,2024-05-25,92,banui_W,다음 (      ) 안에 밑줄 친 漢字와 뜻이 상대(또는 반대)되는 漢字를 正字로 적어 문장을 완성하시오.,그는 군인들의 賞(      )을 맡아보는 직책에 있다.,賞( ),,罰,罰,
3급II,105,2024-05-25,93,banui_W,다음 (      ) 안에 밑줄 친 漢字와 뜻이 상대(또는 반대)되는 漢字를 正字로 적어 문장을 완성하시오.,대통령 (    )妻가 우리 마을을 방문했다.,( )妻,,夫,夫,
3급II,105,2024-05-25,94,banui_W,다음 (      ) 안에 밑줄 친 漢字와 뜻이 상대(또는 반대)되는 漢字를 正字로 적어 문장을 완성하시오.,국가의 存(   )은 젊은이들의 손에 달려 있다.,存( ),,亡,亡,
3급II,105,2024-05-25,95,banui_W,다음 (      ) 안에 밑줄 친 漢字와 뜻이 상대(또는 반대)되는 漢字를 正字로 적어 문장을 완성하시오.,일의 緩(    )을 잘 조절하여 처리하시오.,緩( ),,急,急,
3급II,105,2024-05-25,96,banuieo_W,다음 두 단어가 상대(또는 반대)되는 漢字語가 되도록 ( ) 안에 알맞은 漢字(正字)를 쓰시오.,散在 ↔ ( )集,散在 ↔ ( )集,,密,密,
3급II,105,2024-05-25,97,banuieo_W,다음 두 단어가 상대(또는 반대)되는 漢字語가 되도록 ( ) 안에 알맞은 漢字(正字)를 쓰시오.,富貴 ↔ ( )賤,富貴 ↔ ( )賤,,貧,貧,
3급II,105,2024-05-25,98,banuieo_W,다음 두 단어가 상대(또는 반대)되는 漢字語가 되도록 ( ) 안에 알맞은 漢字(正字)를 쓰시오.,加數 ↔ ( )數,加數 ↔ ( )數,,減,減,
3급II,105,2024-05-25,99,banuieo_W,다음 두 단어가 상대(또는 반대)되는 漢字語가 되도록 ( ) 안에 알맞은 漢字(正字)를 쓰시오.,( )殊 ↔ 一般,( )殊 ↔ 一般,,特,特,
3급II,105,2024-05-25,100,banuieo_W,다음 두 단어가 상대(또는 반대)되는 漢字語가 되도록 ( ) 안에 알맞은 漢字(正字)를 쓰시오.,(   )止 ↔ 許可,( )止 ↔ 許可,,禁,禁,
3급II,105,2024-05-25,101,mean_W,다음 漢字語의 뜻을 쓰시오.,故丘,故丘,,고향.,고향.,
3급II,105,2024-05-25,102,mean_W,다음 漢字語의 뜻을 쓰시오.,皇恩,皇恩,,황제의 은혜.,황제의 은혜.,
3급II,105,2024-05-25,103,mean_W,다음 漢字語의 뜻을 쓰시오.,草徑,草徑,,풀이 무성하게 난 좁은 길.,풀이 무성하게 난 좁은 길.,
3급II,105,2024-05-25,104,mean_W,다음 漢字語의 뜻을 쓰시오.,微動,微動,,약간 움직임.,약간 움직임.,
3급II,105,2024-05-25,105,mean_W,다음 漢字語의 뜻을 쓰시오.,盛宴,盛宴,,성대한 연회.,성대한 연회.,
3급II,105,2024-05-25,106,dongeumeo_W,다음 (     ) 속 단어의 同音異義語를 주어진 뜻에 맞게 漢字(正字)로 쓰시오.,"(徒勞) - 사람, 차 따위가 잘 다닐 수 있도록 만들어 놓은 넓은 길.",(徒勞),,道路,道路,
3급II,105,2024-05-25,107,dongeumeo_W,다음 (     ) 속 단어의 同音異義語를 주어진 뜻에 맞게 漢字(正字)로 쓰시오.,(木絲) - 교회에서 예배를 인도하고 신자의 영적 생활을 지도하는 성직자.,(木絲),,牧師,牧師,
3급II,105,2024-05-25,108,dongeumeo_W,다음 (     ) 속 단어의 同音異義語를 주어진 뜻에 맞게 漢字(正字)로 쓰시오.,(班員) - 원을 지름을 기준으로 이등분한 한쪽 부분.,(班員),,半圓,半圓,
3급II,105,2024-05-25,109,dongeumeo_W,다음 (     ) 속 단어의 同音異義語를 주어진 뜻에 맞게 漢字(正字)로 쓰시오.,(私力) - 회사의 역사.,(私力),,社歷,社歷,
3급II,105,2024-05-25,110,dongeumeo_W,다음 (     ) 속 단어의 同音異義語를 주어진 뜻에 맞게 漢字(正字)로 쓰시오.,(弱點) - 약을 파는 가게.,(弱點),,藥店,藥店,
3급II,105,2024-05-25,111,seongeo_W,다음 ( ) 안에 알맞은 漢字를 적어 四字成語를 완성하시오.,(    )虎衝鼻: 자는 호랑이의 코를 찌름.,( )虎衝鼻,,宿,宿,
3급II,105,2024-05-25,112,seongeo_W,다음 ( ) 안에 알맞은 漢字를 적어 四字成語를 완성하시오.,(    )猶不及: 정도를 지나침은 미치지 못함과 같음.,( )猶不及,,過,過,
3급II,105,2024-05-25,113,seongeo_W,다음 ( ) 안에 알맞은 漢字를 적어 四字成語를 완성하시오.,識字憂(    ): 학식이 있는 것이 오히려 근심을 사게 됨.,識字憂( ),,患,患,
3급II,105,2024-05-25,114,seongeo_W,다음 ( ) 안에 알맞은 漢字를 적어 四字成語를 완성하시오.,(    )盡悲來: 즐거운 일이 다하면 슬픈 일이 닥쳐옴.,( )盡悲來,,興,興,
3급II,105,2024-05-25,115,seongeo_W,다음 ( ) 안에 알맞은 漢字를 적어 四字成語를 완성하시오.,如履薄(    ): 살얼음을 밟는 것과 같음.,如履薄( ),,氷,氷,
3급II,105,2024-05-25,116,seongeo_W,다음 ( ) 안에 알맞은 漢字를 적어 四字成語를 완성하시오.,結者( )之: 맺은 사람이 풂.,結者( )之,,解,解,
3급II,105,2024-05-25,117,seongeo_W,다음 ( ) 안에 알맞은 漢字를 적어 四字成語를 완성하시오.,漸入佳(    ): 들어갈수록 점점 경치가 좋음.,漸入佳( ),,境,境,
3급II,105,2024-05-25,118,seongeo_W,다음 ( ) 안에 알맞은 漢字를 적어 四字成語를 완성하시오.,轉禍爲(    ): 화가 바뀌어 오히려 복이 됨.,轉禍爲( ),,福,福,
3급II,105,2024-05-25,119,seongeo_W,다음 ( ) 안에 알맞은 漢字를 적어 四字成語를 완성하시오.,我田( )水: 자기 논에 물 대기.,我田( )水,,引,引,
3급II,105,2024-05-25,120,seongeo_W,다음 ( ) 안에 알맞은 漢字를 적어 四字成語를 완성하시오.,群(    )割據: 여러 영웅이 각기 한 지방씩 차지하고 위세를 부림.,群( )割據,,雄,雄,
3급II,105,2024-05-25,121,hanjaeo_W,다음 문장의 밑줄 친 漢字語를 正字의 漢字로 쓰시오.,아파트의 신축 공사는 상당히 오래 걸릴 것이다.,신축,,新築,新築,
3급II,105,2024-05-25,122,hanjaeo_W,다음 문장의 밑줄 친 漢字語를 正字의 漢字로 쓰시오.,모든 전쟁 범죄자들은 철저히 단죄해야 한다.,단죄,,斷罪,斷罪,
3급II,105,2024-05-25,123,hanjaeo_W,다음 문장의 밑줄 친 漢字語를 正字의 漢字로 쓰시오.,그 기관이 감사원의 감찰을 받고 있다.,감찰,,監察,監察,
3급II,105,2024-05-25,124,hanjaeo_W,다음 문장의 밑줄 친 漢字語를 正字의 漢字로 쓰시오.,노사간의 협조로 난국을 극복하였다.,협조,,協調,協調,
3급II,105,2024-05-25,125,hanjaeo_W,다음 문장의 밑줄 친 漢字語를 正字의 漢字로 쓰시오.,철수는 가끔 수업 시간에 혼자 공상하곤 한다.,공상,,空想,空想,
3급II,105,2024-05-25,126,hanjaeo_W,다음 문장의 밑줄 친 漢字語를 正字의 漢字로 쓰시오.,이 적금은 만기가 얼마 남지 않았다.,만기,,滿期,滿期,
3급II,105,2024-05-25,127,hanjaeo_W,다음 문장의 밑줄 친 漢字語를 正字의 漢字로 쓰시오.,나는 신문 논설을 많이 읽는다.,논설,,論說,論說,
3급II,105,2024-05-25,128,hanjaeo_W,다음 문장의 밑줄 친 漢字語를 正字의 漢字로 쓰시오.,표현의 자유를 달라고 청원하였다.,청원,,請願,請願,
3급II,105,2024-05-25,129,hanjaeo_W,다음 문장의 밑줄 친 漢字語를 正字의 漢字로 쓰시오.,그곳의 차로는 단선으로 되어 있다.,단선,,單線,單線,
3급II,105,2024-05-25,130,hanjaeo_W,다음 문장의 밑줄 친 漢字語를 正字의 漢字로 쓰시오.,컴퓨터에 새 프로그램을 설치하였다.,설치,,設置,設置,
3급II,105,2024-05-25,131,hanjaeo_W,다음 문장의 밑줄 친 漢字語를 正字의 漢字로 쓰시오.,부동산 투기를 근절할 대책을 마련했다.,근절,,根絶,根絶,
3급II,105,2024-05-25,132,hanjaeo_W,다음 문장의 밑줄 친 漢字語를 正字의 漢字로 쓰시오.,그는 육군 장교로 근무했다.,장교,,將校,將校,
3급II,105,2024-05-25,133,hanjaeo_W,다음 문장의 밑줄 친 漢字語를 正字의 漢字로 쓰시오.,친지들이 시제를 드리려고 종가집에 모였다.,시제,,時祭,時祭,
3급II,105,2024-05-25,134,hanjaeo_W,다음 문장의 밑줄 친 漢字語를 正字의 漢字로 쓰시오.,그의 그림은 대중으로부터 큰 호응을 얻었다.,호응,,呼應,呼應,
3급II,105,2024-05-25,135,hanjaeo_W,다음 문장의 밑줄 친 漢字語를 正字의 漢字로 쓰시오.,무대가 있는 강당에 모여 합창 연습을 했다.,강당,,講堂,講堂,
3급II,105,2024-05-25,136,hanjaeo_W,다음 문장의 밑줄 친 漢字語를 正字의 漢字로 쓰시오.,국회는 오늘 예산안을 의결했다.,의결,,議決,議決,
3급II,105,2024-05-25,137,hanjaeo_W,다음 문장의 밑줄 친 漢字語를 正字의 漢字로 쓰시오.,정부는 민원 담당 인원을 증원했다.,증원,,增員,增員,
3급II,105,2024-05-25,138,hanjaeo_W,다음 문장의 밑줄 친 漢字語를 正字의 漢字로 쓰시오.,베풀어 주신 은혜에 꼭 보답을 하고 싶습니다.,보답,,報答,報答,
3급II,105,2024-05-25,139,hanjaeo_W,다음 문장의 밑줄 친 漢字語를 正字의 漢字로 쓰시오.,옥체를 보존하옵소서.,옥체,,玉體,玉體,
3급II,105,2024-05-25,140,hanjaeo_W,다음 문장의 밑줄 친 漢字語를 正字의 漢字로 쓰시오.,나는 저녁 방송을 보고 그 사실을 알았다.,방송,,放送,放送,
3급II,105,2024-05-25,141,hanjaeo_W,다음 문장의 밑줄 친 漢字語를 正字의 漢字로 쓰시오.,행동을 잘 해야 대접을 받는다.,대접,,待接,待接,
3급II,105,2024-05-25,142,hanjaeo_W,다음 문장의 밑줄 친 漢字語를 正字의 漢字로 쓰시오.,전쟁 중에 타향에서 피난살이를 하였다.,타향,,他鄕,他鄕,
3급II,105,2024-05-25,143,hanjaeo_W,다음 문장의 밑줄 친 漢字語를 正字의 漢字로 쓰시오.,회사의 사업자 등록을 마쳤다.,등록,,登錄,登錄,
3급II,105,2024-05-25,144,hanjaeo_W,다음 문장의 밑줄 친 漢字語를 正字의 漢字로 쓰시오.,한국 사회의 저변에 깔린 이기주의는 하루속히 극복되어야 한다.,저변,,低邊,低邊,
3급II,105,2024-05-25,145,hanjaeo_W,다음 문장의 밑줄 친 漢字語를 正字의 漢字로 쓰시오.,어느 쪽이 좋은지 득실을 따져 보았다.,득실,,得失,得失,
3급II,105,2024-05-25,146,hanjaeo_W,다음 문장의 밑줄 친 漢字語를 正字의 漢字로 쓰시오.,그들은 담소를 나누며 식사를 했다.,담소,,談笑,談笑,
3급II,105,2024-05-25,147,hanjaeo_W,다음 문장의 밑줄 친 漢字語를 正字의 漢字로 쓰시오.,달리기 경주에 참가했다.,경주,,競走,競走,
3급II,105,2024-05-25,148,hanjaeo_W,다음 문장의 밑줄 친 漢字語를 正字의 漢字로 쓰시오.,임금은 시혜를 베풀어 그를 석방하였다.,시혜,,施惠,施惠,
3급II,105,2024-05-25,149,hanjaeo_W,다음 문장의 밑줄 친 漢字語를 正字의 漢字로 쓰시오.,만반의 태세를 갖추었다.,태세,,態勢,態勢,
3급II,105,2024-05-25,150,hanjaeo_W,다음 문장의 밑줄 친 漢字語를 正字의 漢字로 쓰시오.,외국 문물을 받아들이기 위해 개항을 결정하였다.,개항,,開港,開港,
3급II,106,2024-08-24,1,dokeum_W,다음 밑줄 친 漢字語의 讀音을 쓰시오.,조련사는 猛獸를 애완동물처럼 쉽게 다루었다.,猛獸,,맹수,맹수,
3급II,106,2024-08-24,2,dokeum_W,다음 밑줄 친 漢字語의 讀音을 쓰시오.,바야흐로 암 征服의 시대가 다가온다.,征服,,정복,정복,
3급II,106,2024-08-24,3,dokeum_W,다음 밑줄 친 漢字語의 讀音을 쓰시오.,불길을 막기 위해 내벽을 耐火재료로 마감했다.,耐火,,내화,내화,
3급II,106,2024-08-24,4,dokeum_W,다음 밑줄 친 漢字語의 讀音을 쓰시오.,벤젠은 휘발성이 강해 금방 蒸發해 버린다.,蒸發,,증발,증발,
3급II,106,2024-08-24,5,dokeum_W,다음 밑줄 친 漢字語의 讀音을 쓰시오.,그 장수는 單騎로 말을 달려 적진에 뛰어들었다.,單騎,,단기,단기,
3급II,106,2024-08-24,6,dokeum_W,다음 밑줄 친 漢字語의 讀音을 쓰시오.,명예에 대한 그 사람의 慾望은 끝이 없어 보인다.,慾望,,욕망,욕망,
3급II,106,2024-08-24,7,dokeum_W,다음 밑줄 친 漢字語의 讀音을 쓰시오.,요즘 비가 와서 밭이 풀로 茂盛하다.,茂盛,,무성,무성,
3급II,106,2024-08-24,8,dokeum_W,다음 밑줄 친 漢字語의 讀音을 쓰시오.,그는 奇巧한 솜씨로 소매치기를 했다.,奇巧,,기교,기교,
3급II,106,2024-08-24,9,dokeum_W,다음 밑줄 친 漢字語의 讀音을 쓰시오.,그가 나에게 고백했던 모든 것이 虛僞로 밝혀졌다.,虛僞,,허위,허위,
3급II,106,2024-08-24,10,dokeum_W,다음 밑줄 친 漢字語의 讀音을 쓰시오.,도시의 인심이 시골에 비해 索漠한 것이 사실이다.,索漠,,삭막,삭막,
3급II,106,2024-08-24,11,dokeum_W,다음 밑줄 친 漢字語의 讀音을 쓰시오.,右翼의 전열이 흐트러지고 있다.,右翼,,우익,우익,
3급II,106,2024-08-24,12,dokeum_W,다음 밑줄 친 漢字語의 讀音을 쓰시오.,옷장 문을 열어 濕氣를 제거하고 냄새를 없앴다.,濕氣,,습기,습기,
3급II,106,2024-08-24,13,dokeum_W,다음 밑줄 친 漢字語의 讀音을 쓰시오.,문제점 補完을 위하여 최선을 다하였다.,補完,,보완,보완,
3급II,106,2024-08-24,14,dokeum_W,다음 밑줄 친 漢字語의 讀音을 쓰시오.,약자를 陵辱하는 것은 강자의 도리가 아니다.,陵辱,,능욕,능욕,
3급II,106,2024-08-24,15,dokeum_W,다음 밑줄 친 漢字語의 讀音을 쓰시오.,그녀는 국보급 유물을 국가에 獻納하였다.,獻納,,헌납,헌납,
3급II,106,2024-08-24,16,dokeum_W,다음 밑줄 친 漢字語의 讀音을 쓰시오.,도마의 雜菌 제거를 위해 소독을 하였다.,雜菌,,잡균,잡균,
3급II,106,2024-08-24,17,dokeum_W,다음 밑줄 친 漢字語의 讀音을 쓰시오.,어디선가 微光이 들어오고 있었다.,微光,,미광,미광,
3급II,106,2024-08-24,18,dokeum_W,다음 밑줄 친 漢字語의 讀音을 쓰시오.,사채업자한테 빚을 督促받는 일이 없었으면 좋겠다.,督促,,독촉,독촉,
3급II,106,2024-08-24,19,dokeum_W,다음 밑줄 친 漢字語의 讀音을 쓰시오.,4번 타자로 나선 그의 기량은 팀 내에서도 拔群이었다.,拔群,,발군,발군,
3급II,106,2024-08-24,20,dokeum_W,다음 밑줄 친 漢字語의 讀音을 쓰시오.,그는 회사가 비자금을 조성했다는 것을 漏出했다.,漏出,,누출,누출,
3급II,106,2024-08-24,21,dokeum_W,다음 漢字語의 讀音을 쓰시오.,憤痛,憤痛,,분통,분통,
3급II,106,2024-08-24,22,dokeum_W,다음 漢字語의 讀音을 쓰시오.,殘忍,殘忍,,잔인,잔인,
3급II,106,2024-08-24,23,dokeum_W,다음 漢字語의 讀音을 쓰시오.,蘭房,蘭房,,난방,난방,
3급II,106,2024-08-24,24,dokeum_W,다음 漢字語의 讀音을 쓰시오.,貯藏,貯藏,,저장,저장,
3급II,106,2024-08-24,25,dokeum_W,다음 漢字語의 讀音을 쓰시오.,陷沒,陷沒,,함몰,함몰,
3급II,106,2024-08-24,26,dokeum_W,다음 漢字語의 讀音을 쓰시오.,討伐,討伐,,토벌,토벌,
3급II,106,2024-08-24,27,dokeum_W,다음 漢字語의 讀音을 쓰시오.,還屬,還屬,,환속,환속,
3급II,106,2024-08-24,28,dokeum_W,다음 漢字語의 讀音을 쓰시오.,許諾,許諾,,허락,허락,
3급II,106,2024-08-24,29,dokeum_W,다음 漢字語의 讀音을 쓰시오.,排烈,排烈,,배열,배열,
3급II,106,2024-08-24,30,dokeum_W,다음 漢字語의 讀音을 쓰시오.,靈感,靈感,,영감,영감,
3급II,106,2024-08-24,31,dokeum_W,다음 漢字語의 讀音을 쓰시오.,鑄造,鑄造,,주조,주조,
3급II,106,2024-08-24,32,dokeum_W,다음 漢字語의 讀音을 쓰시오.,勝率,勝率,,승률,승률,
3급II,106,2024-08-24,33,dokeum_W,다음 漢字語의 讀音을 쓰시오.,突擊,突擊,,돌격,돌격,
3급II,106,2024-08-24,34,dokeum_W,다음 漢字語의 讀音을 쓰시오.,激怒,激怒,,격노,격노,
3급II,106,2024-08-24,35,dokeum_W,다음 漢字語의 讀音을 쓰시오.,祈願,祈願,,기원,기원,
3급II,106,2024-08-24,36,dokeum_W,다음 漢字語의 讀音을 쓰시오.,役割,役割,,역할,역할,
3급II,106,2024-08-24,37,dokeum_W,다음 漢字語의 讀音을 쓰시오.,避身,避身,,피신,피신,
3급II,106,2024-08-24,38,dokeum_W,다음 漢字語의 讀音을 쓰시오.,暴露,暴露,,폭로,폭로,
3급II,106,2024-08-24,39,dokeum_W,다음 漢字語의 讀音을 쓰시오.,缺點,缺點,,결점,결점,
3급II,106,2024-08-24,40,dokeum_W,다음 漢字語의 讀音을 쓰시오.,聯絡,聯絡,,연락,연락,
3급II,106,2024-08-24,41,dokeum_W,다음 漢字語의 讀音을 쓰시오.,推理,推理,,추리,추리,
3급II,106,2024-08-24,42,dokeum_W,다음 漢字語의 讀音을 쓰시오.,共鳴,共鳴,,공명,공명,
3급II,106,2024-08-24,43,dokeum_W,다음 漢字語의 讀音을 쓰시오.,雪糖,雪糖,,설탕,설탕,
3급II,106,2024-08-24,44,dokeum_W,다음 漢字語의 讀音을 쓰시오.,奏效,奏效,,주효,주효,
3급II,106,2024-08-24,45,dokeum_W,다음 漢字語의 讀音을 쓰시오.,誘導,誘導,,유도,유도,
3급II,106,2024-08-24,46,huneum_W,다음 漢字의 訓과 音을 쓰시오.,編,編,,엮을 편,엮을 편,
3급II,106,2024-08-24,47,huneum_W,다음 漢字의 訓과 音을 쓰시오.,炭,炭,,숯 탄,숯 탄,
3급II,106,2024-08-24,48,huneum_W,다음 漢字의 訓과 音을 쓰시오.,爐,爐,,화로 로,화로 로,
3급II,106,2024-08-24,49,huneum_W,다음 漢字의 訓과 音을 쓰시오.,署,署,,마을 서,마을 서,
3급II,106,2024-08-24,50,huneum_W,다음 漢字의 訓과 音을 쓰시오.,姿,姿,,모양 자,모양 자,
3급II,106,2024-08-24,51,huneum_W,다음 漢字의 訓과 音을 쓰시오.,隔,隔,,사이뜰 격,사이뜰 격,
3급II,106,2024-08-24,52,huneum_W,다음 漢字의 訓과 音을 쓰시오.,緩,緩,,느릴 완,느릴 완,
3급II,106,2024-08-24,53,huneum_W,다음 漢字의 訓과 音을 쓰시오.,髮,髮,,터럭 발,터럭 발,
3급II,106,2024-08-24,54,huneum_W,다음 漢字의 訓과 音을 쓰시오.,壓,壓,,누를 압,누를 압,
3급II,106,2024-08-24,55,huneum_W,다음 漢字의 訓과 音을 쓰시오.,消,消,,사라질 소,사라질 소,
3급II,106,2024-08-24,56,huneum_W,다음 漢字의 訓과 音을 쓰시오.,甚,甚,,심할 심,심할 심,
3급II,106,2024-08-24,57,huneum_W,다음 漢字의 訓과 音을 쓰시오.,窮,窮,,다할/궁할 궁,다할/궁할 궁,
3급II,106,2024-08-24,58,huneum_W,다음 漢字의 訓과 音을 쓰시오.,雙,雙,,두/쌍 쌍,두/쌍 쌍,
3급II,106,2024-08-24,59,huneum_W,다음 漢字의 訓과 音을 쓰시오.,戀,戀,,그리워할/그릴 련,그리워할/그릴 련,
3급II,106,2024-08-24,60,huneum_W,다음 漢字의 訓과 音을 쓰시오.,斷,斷,,끊을 단,끊을 단,
3급II,106,2024-08-24,61,huneum_W,다음 漢字의 訓과 音을 쓰시오.,荷,荷,,멜 하,멜 하,
3급II,106,2024-08-24,62,huneum_W,다음 漢字의 訓과 音을 쓰시오.,碑,碑,,비석 비,비석 비,
3급II,106,2024-08-24,63,huneum_W,다음 漢字의 訓과 音을 쓰시오.,假,假,,거짓 가,거짓 가,
3급II,106,2024-08-24,64,huneum_W,다음 漢字의 訓과 音을 쓰시오.,暫,暫,,잠깐 잠,잠깐 잠,
3급II,106,2024-08-24,65,huneum_W,다음 漢字의 訓과 音을 쓰시오.,徹,徹,,통할 철,통할 철,
3급II,106,2024-08-24,66,huneum_W,다음 漢字의 訓과 音을 쓰시오.,奪,奪,,빼앗을 탈,빼앗을 탈,
3급II,106,2024-08-24,67,huneum_W,다음 漢字의 訓과 音을 쓰시오.,肥,肥,,살찔 비,살찔 비,
3급II,106,2024-08-24,68,huneum_W,다음 漢字의 訓과 音을 쓰시오.,梁,梁,,들보/돌다리 량,들보/돌다리 량,
3급II,106,2024-08-24,69,huneum_W,다음 漢字의 訓과 音을 쓰시오.,貫,貫,,꿸 관,꿸 관,
3급II,106,2024-08-24,70,huneum_W,다음 漢字의 訓과 音을 쓰시오.,黨,黨,,무리 당,무리 당,
3급II,106,2024-08-24,71,huneum_W,다음 漢字의 訓과 音을 쓰시오.,慶,慶,,경사 경,경사 경,
3급II,106,2024-08-24,72,huneum_W,다음 漢字의 訓과 音을 쓰시오.,雷,雷,,우레 뢰,우레 뢰,
3급II,106,2024-08-24,73,busu_W,다음 漢字의 部首를 쓰시오.,稚,稚,,禾,禾,
3급II,106,2024-08-24,74,busu_W,다음 漢字의 部首를 쓰시오.,弄,弄,,廾,廾,
3급II,106,2024-08-24,75,busu_W,다음 漢字의 部首를 쓰시오.,慕,慕,,心(㣺),心(㣺),
3급II,106,2024-08-24,76,busu_W,다음 漢字의 部首를 쓰시오.,坐,坐,,土,土,
3급II,106,2024-08-24,77,busu_W,다음 漢字의 部首를 쓰시오.,剛,剛,,刀(刂),刀(刂),
3급II,106,2024-08-24,78,yakja_W,다음 漢字의 略字를 쓰시오.,擔,擔,,担,担,
3급II,106,2024-08-24,79,yakja_W,다음 漢字의 略字를 쓰시오.,齒,齒,,歯,歯,
3급II,106,2024-08-24,80,yakja_W,다음 漢字의 略字를 쓰시오.,驗,驗,,験,験,
3급II,106,2024-08-24,81,jangeum_S,다음 漢字語 중 첫소리가 長音인 것을 가려 그 번호를 쓰시오.,,,"[""① 醫師"", ""② 意思""]",②,② 意思,
3급II,106,2024-08-24,82,jangeum_S,다음 漢字語 중 첫소리가 長音인 것을 가려 그 번호를 쓰시오.,,,"[""① 訴文"", ""② 所聞""]",②,② 所聞,
3급II,106,2024-08-24,83,jangeum_S,다음 漢字語 중 첫소리가 長音인 것을 가려 그 번호를 쓰시오.,,,"[""① 遊離"", ""② 有利""]",②,② 有利,
3급II,106,2024-08-24,84,jangeum_S,다음 漢字語 중 첫소리가 長音인 것을 가려 그 번호를 쓰시오.,,,"[""① 視角"", ""② 時刻""]",①,① 視角,
3급II,106,2024-08-24,85,jangeum_S,다음 漢字語 중 첫소리가 長音인 것을 가려 그 번호를 쓰시오.,,,"[""① 浮上"", ""② 負傷""]",②,② 負傷,
3급II,106,2024-08-24,86,yui_W,다음 (      ) 안에 밑줄 친 漢字와 뜻이 같거나 비슷한 漢字를 正字로 적어 문장을 완성하시오.,각계의 저명인사들의 贊(         )로 기념식을 성황리에 마쳤다.,贊( ),,助,助,
3급II,106,2024-08-24,87,yui_W,다음 (      ) 안에 밑줄 친 漢字와 뜻이 같거나 비슷한 漢字를 正字로 적어 문장을 완성하시오.,이 온천은 피부병에 (        )越한 효과가 있다.,( )越,,卓,卓,
3급II,106,2024-08-24,88,yui_W,다음 (      ) 안에 밑줄 친 漢字와 뜻이 같거나 비슷한 漢字를 正字로 적어 문장을 완성하시오.,그 소설가는 珠(     )과 같은 단편을 발표했다.,珠( ),,玉,玉,
3급II,106,2024-08-24,89,yui_W,다음 (      ) 안에 밑줄 친 漢字와 뜻이 같거나 비슷한 漢字를 正字로 적어 문장을 완성하시오.,그는 게시판에 벽보를 附(        )하였다.,附( ),,着,着,
3급II,106,2024-08-24,90,yui_W,다음 (      ) 안에 밑줄 친 漢字와 뜻이 같거나 비슷한 漢字를 正字로 적어 문장을 완성하시오.,審(   ) 위원은 참가자의 노래 실력을 강평했다.,審( ),,査,査,
3급II,106,2024-08-24,91,banui_W,다음 (      ) 안에 밑줄 친 漢字와 뜻이 상대(또는 반대)되는 漢字를 正字로 적어 문장을 완성하시오.,농산물은 적정한 需(      )을 예상하여 미리 가격을 책정하기가 어렵다.,需( ),,給,給,
3급II,106,2024-08-24,92,banui_W,다음 (      ) 안에 밑줄 친 漢字와 뜻이 상대(또는 반대)되는 漢字를 正字로 적어 문장을 완성하시오.,지난달 매출액을 계산하기 위해 (     )拂 대장을 검토해 보았다.,( )拂,,受,受,
3급II,106,2024-08-24,93,banui_W,다음 (      ) 안에 밑줄 친 漢字와 뜻이 상대(또는 반대)되는 漢字를 正字로 적어 문장을 완성하시오.,직원을 增(    )하는 문제는 김 부장의 소관이다.,增( ),,減,減,
3급II,106,2024-08-24,94,banui_W,다음 (      ) 안에 밑줄 친 漢字와 뜻이 상대(또는 반대)되는 漢字를 正字로 적어 문장을 완성하시오.,그는 (    )裏가 다른 음흉한 사람이니 조심하여야 한다.,( )裏,,表,表,
3급II,106,2024-08-24,95,banui_W,다음 (      ) 안에 밑줄 친 漢字와 뜻이 상대(또는 반대)되는 漢字를 正字로 적어 문장을 완성하시오.,사람은 지위의 (      )卑에 의해 차별받아서는 안 된다.,( )卑,,尊,尊,
3급II,106,2024-08-24,96,banuieo_W,다음 두 단어가 상대(또는 반대)되는 漢字語가 되도록 ( ) 안에 알맞은 漢字(正字)를 쓰시오.,高雅 ↔ ( )俗,高雅 ↔ ( )俗,,低,低,
3급II,106,2024-08-24,97,banuieo_W,다음 두 단어가 상대(또는 반대)되는 漢字語가 되도록 ( ) 안에 알맞은 漢字(正字)를 쓰시오.,( )睦 ↔ 反目,( )睦 ↔ 反目,,和,和,
3급II,106,2024-08-24,98,banuieo_W,다음 두 단어가 상대(또는 반대)되는 漢字語가 되도록 ( ) 안에 알맞은 漢字(正字)를 쓰시오.,拾(    ) ↔ 紛失,拾( ) ↔ 紛失,,得,得,
3급II,106,2024-08-24,99,banuieo_W,다음 두 단어가 상대(또는 반대)되는 漢字語가 되도록 ( ) 안에 알맞은 漢字(正字)를 쓰시오.,左遷 ↔ ( )轉,左遷 ↔ ( )轉,,榮,榮,
3급II,106,2024-08-24,100,banuieo_W,다음 두 단어가 상대(또는 반대)되는 漢字語가 되도록 ( ) 안에 알맞은 漢字(正字)를 쓰시오.,結(   ) ↔ 原因,結( ) ↔ 原因,,果,果,
3급II,106,2024-08-24,101,mean_W,다음 漢字語의 뜻을 쓰시오.,牧養,牧養,,가축 따위를 침.,가축 따위를 침.,
3급II,106,2024-08-24,102,mean_W,다음 漢字語의 뜻을 쓰시오.,自耕,自耕,,자기 스스로 농사를 지음.,자기 스스로 농사를 지음.,
3급II,106,2024-08-24,103,mean_W,다음 漢字語의 뜻을 쓰시오.,熟眠,熟眠,,깊이 든 잠.,깊이 든 잠.,
3급II,106,2024-08-24,104,mean_W,다음 漢字語의 뜻을 쓰시오.,載送,載送,,실어서 보냄.,실어서 보냄.,
3급II,106,2024-08-24,105,mean_W,다음 漢字語의 뜻을 쓰시오.,峯頭,峯頭,,산봉우리의 맨 꼭대기.,산봉우리의 맨 꼭대기.,
3급II,106,2024-08-24,106,dongeumeo_W,다음 (     ) 속 단어의 同音異義語를 주어진 뜻에 맞게 漢字(正字)로 쓰시오.,(善驚) - 신선이 사는 곳.,(善驚),,仙境,仙境,
3급II,106,2024-08-24,107,dongeumeo_W,다음 (     ) 속 단어의 同音異義語를 주어진 뜻에 맞게 漢字(正字)로 쓰시오.,(提起) - 제사에 쓰는 그릇.,(提起),,祭器,祭器,
3급II,106,2024-08-24,108,dongeumeo_W,다음 (     ) 속 단어의 同音異義語를 주어진 뜻에 맞게 漢字(正字)로 쓰시오.,(虎威) - 곁에서 보호하고 지킴.,(虎威),,護衛,護衛,
3급II,106,2024-08-24,109,dongeumeo_W,다음 (     ) 속 단어의 同音異義語를 주어진 뜻에 맞게 漢字(正字)로 쓰시오.,(再整) - 돈에 관한 여러 가지 일.,(再整),,財政,財政,
3급II,106,2024-08-24,110,dongeumeo_W,다음 (     ) 속 단어의 同音異義語를 주어진 뜻에 맞게 漢字(正字)로 쓰시오.,(悅然) - 열렬하게 연기함.,(悅然),,熱演,熱演,
3급II,106,2024-08-24,111,seongeo_W,다음 ( ) 안에 알맞은 漢字를 적어 四字成語를 완성하시오.,(    )字憂患: 학식이 있는 것이 오히려 근심을 사게 됨.,( )字憂患,,識,識,
3급II,106,2024-08-24,112,seongeo_W,다음 ( ) 안에 알맞은 漢字를 적어 四字成語를 완성하시오.,(    )手無策: 손을 묶은 것처럼 어찌할 도리가 없어 꼼짝 못 함.,( )手無策,,束,束,
3급II,106,2024-08-24,113,seongeo_W,다음 ( ) 안에 알맞은 漢字를 적어 四字成語를 완성하시오.,克(    )復禮: 자기의 욕심을 누르고 착한 본성의 예도를 회복함.,克( )復禮,,己,己,
3급II,106,2024-08-24,114,seongeo_W,다음 ( ) 안에 알맞은 漢字를 적어 四字成語를 완성하시오.,"(    )兆蒼生: 수많은 무성한 생물, 수많은 백성을 이름.",( )兆蒼生,,億,億,
3급II,106,2024-08-24,115,seongeo_W,다음 ( ) 안에 알맞은 漢字를 적어 四字成語를 완성하시오.,破顔( )笑: 매우 즐거운 표정으로 활짝 웃음.,破顔( )笑,,大,大,
3급II,106,2024-08-24,116,seongeo_W,다음 ( ) 안에 알맞은 漢字를 적어 四字成語를 완성하시오.,首丘( )心: 여우가 죽을 때에 머리를 자기가 살던 굴 쪽으로 둠.,首丘( )心,,初,初,
3급II,106,2024-08-24,117,seongeo_W,다음 ( ) 안에 알맞은 漢字를 적어 四字成語를 완성하시오.,權謀( )數: 수단과 방법을 가리지 아니하는 온갖 모략이나 술책.,權謀( )數,,術,術,
3급II,106,2024-08-24,118,seongeo_W,다음 ( ) 안에 알맞은 漢字를 적어 四字成語를 완성하시오.,衆寡不(    ): 적은 수효로 많은 수효를 대적하지 못함.,衆寡不( ),,敵,敵,
3급II,106,2024-08-24,119,seongeo_W,다음 ( ) 안에 알맞은 漢字를 적어 四字成語를 완성하시오.,守株( )兔: 한 가지 일에만 얽매여 발전을 모르는 어리석음.,守株( )兔,,待,待,
3급II,106,2024-08-24,120,seongeo_W,다음 ( ) 안에 알맞은 漢字를 적어 四字成語를 완성하시오.,君爲( )綱: 신하는 임금을 섬기는 것이 근본임.,君爲( )綱,,臣,臣,
3급II,106,2024-08-24,121,hanjaeo_W,다음 문장의 밑줄 친 漢字語를 正字의 漢字로 쓰시오.,그는 컴퓨터 한 대에 세 개의 모니터를 접속하여 사용한다.,접속,,接續,接續,
3급II,106,2024-08-24,122,hanjaeo_W,다음 문장의 밑줄 친 漢字語를 正字의 漢字로 쓰시오.,그는 오한이 들었는지 온몸을 부들대며 추워했다.,오한,,惡寒,惡寒,
3급II,106,2024-08-24,123,hanjaeo_W,다음 문장의 밑줄 친 漢字語를 正字의 漢字로 쓰시오.,한때 로마는 유럽 대부분 지역을 지배하였다.,지배,,支配,支配,
3급II,106,2024-08-24,124,hanjaeo_W,다음 문장의 밑줄 친 漢字語를 正字의 漢字로 쓰시오.,거래하는 회사에서 물품 대금 청구가 들어왔다.,청구,,請求,請求,
3급II,106,2024-08-24,125,hanjaeo_W,다음 문장의 밑줄 친 漢字語를 正字의 漢字로 쓰시오.,새로 지은 한옥은 뒷산의 경관과 잘 어우러졌다.,경관,,景觀,景觀,
3급II,106,2024-08-24,126,hanjaeo_W,다음 문장의 밑줄 친 漢字語를 正字의 漢字로 쓰시오.,그녀는 각막 이식 수술을 받고 시력을 회복하였다.,이식,,移植,移植,
3급II,106,2024-08-24,127,hanjaeo_W,다음 문장의 밑줄 친 漢字語를 正字의 漢字로 쓰시오.,말소리만 들으면 그를 외국인으로 오해할 만도 하다.,오해,,誤解,誤解,
3급II,106,2024-08-24,128,hanjaeo_W,다음 문장의 밑줄 친 漢字語를 正字의 漢字로 쓰시오.,슬라이드를 통해 곤충의 변태를 관찰하였다.,변태,,變態,變態,
3급II,106,2024-08-24,129,hanjaeo_W,다음 문장의 밑줄 친 漢字語를 正字의 漢字로 쓰시오.,원효는 불교의 모든 종파를 통합하기 위해 노력했다.,통합,,統合,統合,
3급II,106,2024-08-24,130,hanjaeo_W,다음 문장의 밑줄 친 漢字語를 正字의 漢字로 쓰시오.,고로쇠 수액은 경칩을 전후하여 채취한다.,수액,,樹液,樹液,
3급II,106,2024-08-24,131,hanjaeo_W,다음 문장의 밑줄 친 漢字語를 正字의 漢字로 쓰시오.,그는 버려진 고철을 모아서 조각 작품으로 재활용했다.,고철,,古鐵,古鐵,
3급II,106,2024-08-24,132,hanjaeo_W,다음 문장의 밑줄 친 漢字語를 正字의 漢字로 쓰시오.,내 차는 연식이 오래된 고물차라 고장이 잦다.,고장,,故障,故障,
3급II,106,2024-08-24,133,hanjaeo_W,다음 문장의 밑줄 친 漢字語를 正字의 漢字로 쓰시오.,실린더 안으로 흡입된 공기는 피스톤의 압축으로 고온이 된다.,흡입,,吸入,吸入,
3급II,106,2024-08-24,134,hanjaeo_W,다음 문장의 밑줄 친 漢字語를 正字의 漢字로 쓰시오.,이 극장은 수용 인원이 얼마 되지 않는다.,수용,,收容,收容,
3급II,106,2024-08-24,135,hanjaeo_W,다음 문장의 밑줄 친 漢字語를 正字의 漢字로 쓰시오.,대대로 내려오는 할아버지 집이 문화재로 지정되었다.,지정,,指定,指定,
3급II,106,2024-08-24,136,hanjaeo_W,다음 문장의 밑줄 친 漢字語를 正字의 漢字로 쓰시오.,우리에게는 선택의 여지가 남아 있지 않다.,여지,,餘地,餘地,
3급II,106,2024-08-24,137,hanjaeo_W,다음 문장의 밑줄 친 漢字語를 正字의 漢字로 쓰시오.,의사의 처방을 받아 약국에 약을 사러 갔다.,처방,,處方,處方,
3급II,106,2024-08-24,138,hanjaeo_W,다음 문장의 밑줄 친 漢字語를 正字의 漢字로 쓰시오.,출퇴근 시간에 지하철 노선은 발 디딜 틈도 없이 만원이다.,만원,,滿員,滿員,
3급II,106,2024-08-24,139,hanjaeo_W,다음 문장의 밑줄 친 漢字語를 正字의 漢字로 쓰시오.,새벽녘 호수 주위에는 안개가 자욱하게 끼어 있었다.,호수,,湖水,湖水,
3급II,106,2024-08-24,140,hanjaeo_W,다음 문장의 밑줄 친 漢字語를 正字의 漢字로 쓰시오.,우리 회사는 각종 자격증을 고과에 반영하고 있다.,고과,,考課,考課,
3급II,106,2024-08-24,141,hanjaeo_W,다음 문장의 밑줄 친 漢字語를 正字의 漢字로 쓰시오.,콜레라 확산 방지를 위하여 위생 검사를 철저히 하고 있다.,방지,,防止,防止,
3급II,106,2024-08-24,142,hanjaeo_W,다음 문장의 밑줄 친 漢字語를 正字의 漢字로 쓰시오.,건물 입구에 들어서자 경비가 방문 목적을 물었다.,경비,,警備,警備,
3급II,106,2024-08-24,143,hanjaeo_W,다음 문장의 밑줄 친 漢字語를 正字의 漢字로 쓰시오.,불시착을 시도한 비행기가 무사히 들판에 착륙하였다.,시도,,試圖,試圖,
3급II,106,2024-08-24,144,hanjaeo_W,다음 문장의 밑줄 친 漢字語를 正字의 漢字로 쓰시오.,해방 직후는 좌우익 이념의 대립이 극단으로 치달았다.,극단,,極端,極端,
3급II,106,2024-08-24,145,hanjaeo_W,다음 문장의 밑줄 친 漢字語를 正字의 漢字로 쓰시오.,원주에는 닥나무로 종이를 만드는 제지 공방이 많이 있었다.,제지,,製紙,製紙,
3급II,106,2024-08-24,146,hanjaeo_W,다음 문장의 밑줄 친 漢字語를 正字의 漢字로 쓰시오.,친일파들은 일경에 독립운동가를 밀고하여 친일에 앞장섰다.,밀고,,密告,密告,
3급II,106,2024-08-24,147,hanjaeo_W,다음 문장의 밑줄 친 漢字語를 正字의 漢字로 쓰시오.,우리 한복은 무엇보다 곡선의 아름다움을 빼놓을 수 없다.,곡선,,曲線,曲線,
3급II,106,2024-08-24,148,hanjaeo_W,다음 문장의 밑줄 친 漢字語를 正字의 漢字로 쓰시오.,비행기가 계기 고장으로 항로를 벗어났다.,항로,,航路,航路,
3급II,106,2024-08-24,149,hanjaeo_W,다음 문장의 밑줄 친 漢字語를 正字의 漢字로 쓰시오.,두 사람은 동료들의 축복 속에 결혼식을 올렸다.,축복,,祝福,祝福,
3급II,106,2024-08-24,150,hanjaeo_W,다음 문장의 밑줄 친 漢字語를 正字의 漢字로 쓰시오.,이 트랙터는 조작이 간단해서 여성들도 다룰 수가 있다.,조작,,操作,操作,
3급II,107,2024-11-09,1,dokeum_W,다음 밑줄 친 漢字語의 讀音을 쓰시오.,그의 豪華로운 저택은 온통 대리석으로 꾸며져 있었다.,豪華,,호화,호화,
3급II,107,2024-11-09,2,dokeum_W,다음 밑줄 친 漢字語의 讀音을 쓰시오.,橫斷보도 앞에서 모든 차들은 우선멈춤을 해야 한다.,橫斷,,횡단,횡단,
3급II,107,2024-11-09,3,dokeum_W,다음 밑줄 친 漢字語의 讀音을 쓰시오.,나는 매년 獻血 기부를 통해 사랑 나눔을 실천하고 있다.,獻血,,헌혈,헌혈,
3급II,107,2024-11-09,4,dokeum_W,다음 밑줄 친 漢字語의 讀音을 쓰시오.,외식 산업이 繁昌할수록 가정 내 쌀 소비량은 줄어든다.,繁昌,,번창,번창,
3급II,107,2024-11-09,5,dokeum_W,다음 밑줄 친 漢字語의 讀音을 쓰시오.,피아니스트가 갑자기 演奏를 멈추자 객석이 술렁이기 시작했다.,演奏,,연주,연주,
3급II,107,2024-11-09,6,dokeum_W,다음 밑줄 친 漢字語의 讀音을 쓰시오.,그의 동작 하나하나에서 연기 이십 년의 貫祿이 묻어났다.,貫祿,,관록,관록,
3급II,107,2024-11-09,7,dokeum_W,다음 밑줄 친 漢字語의 讀音을 쓰시오.,대학원 진학을 앞두고 나는 취직에 대한 誘惑에 시달렸다.,誘惑,,유혹,유혹,
3급II,107,2024-11-09,8,dokeum_W,다음 밑줄 친 漢字語의 讀音을 쓰시오.,세균의 浸透를 막으려면 손과 발을 깨끗이 씻으세요.,浸透,,침투,침투,
3급II,107,2024-11-09,9,dokeum_W,다음 밑줄 친 漢字語의 讀音을 쓰시오.,두 팀은 결승전에서 激突하게 되었다.,激突,,격돌,격돌,
3급II,107,2024-11-09,10,dokeum_W,다음 밑줄 친 漢字語의 讀音을 쓰시오.,청소년들에게 범죄를 부추기고 脅迫한 무리가 붙잡혔다.,脅迫,,협박,협박,
3급II,107,2024-11-09,11,dokeum_W,다음 밑줄 친 漢字語의 讀音을 쓰시오.,이상 과열 현상을 보였던 증시가 鎭靜 국면에 접어들었다.,鎭靜,,진정,진정,
3급II,107,2024-11-09,12,dokeum_W,다음 밑줄 친 漢字語의 讀音을 쓰시오.,그는 할아버지가 돌아가셨다는 衝擊에서 벗어나지 못하고 있다.,衝擊,,충격,충격,
3급II,107,2024-11-09,13,dokeum_W,다음 밑줄 친 漢字語의 讀音을 쓰시오.,선수들은 이번 대회에서 꼭 우승하겠다고 覺悟를 다졌다.,覺悟,,각오,각오,
3급II,107,2024-11-09,14,dokeum_W,다음 밑줄 친 漢字語의 讀音을 쓰시오.,장례식장은 고인을 追慕하는 장중한 분위기로 가득하였다.,追慕,,추모,추모,
3급II,107,2024-11-09,15,dokeum_W,다음 밑줄 친 漢字語의 讀音을 쓰시오.,이 병은 전염성이 강해 환자의 隔離가 필요하다.,隔離,,격리,격리,
3급II,107,2024-11-09,16,dokeum_W,다음 밑줄 친 漢字語의 讀音을 쓰시오.,영식은 監獄 생활을 하는 동안 독실한 가톨릭 신자가 되었다.,監獄,,감옥,감옥,
3급II,107,2024-11-09,17,dokeum_W,다음 밑줄 친 漢字語의 讀音을 쓰시오.,나는 억울하게도 謀陷을 받아 직장을 잃었다.,謀陷,,모함,모함,
3급II,107,2024-11-09,18,dokeum_W,다음 밑줄 친 漢字語의 讀音을 쓰시오.,시골 땅이 공업 지역으로 선정되면서 토지 報償을 받게 되었다.,報償,,보상,보상,
3급II,107,2024-11-09,19,dokeum_W,다음 밑줄 친 漢字語의 讀音을 쓰시오.,그 배우는 영화에서 항상 이웃집 아저씨 役割만을 한다.,役割,,역할,역할,
3급II,107,2024-11-09,20,dokeum_W,다음 밑줄 친 漢字語의 讀音을 쓰시오.,시간을 잘 사용하는 사람은 인생을 浪費하지 않는다.,浪費,,낭비,낭비,
3급II,107,2024-11-09,21,dokeum_W,다음 漢字語의 讀音을 쓰시오.,討論,討論,,토론,토론,
3급II,107,2024-11-09,22,dokeum_W,다음 漢字語의 讀音을 쓰시오.,浮刻,浮刻,,부각,부각,
3급II,107,2024-11-09,23,dokeum_W,다음 漢字語의 讀音을 쓰시오.,端雅,端雅,,단아,단아,
3급II,107,2024-11-09,24,dokeum_W,다음 漢字語의 讀音을 쓰시오.,免疫,免疫,,면역,면역,
3급II,107,2024-11-09,25,dokeum_W,다음 漢字語의 讀音을 쓰시오.,淨化,淨化,,정화,정화,
3급II,107,2024-11-09,26,dokeum_W,다음 漢字語의 讀音을 쓰시오.,靈感,靈感,,영감,영감,
3급II,107,2024-11-09,27,dokeum_W,다음 漢字語의 讀音을 쓰시오.,思索,思索,,사색,사색,
3급II,107,2024-11-09,28,dokeum_W,다음 漢字語의 讀音을 쓰시오.,乘車,乘車,,승차,승차,
3급II,107,2024-11-09,29,dokeum_W,다음 漢字語의 讀音을 쓰시오.,短劍,短劍,,단검,단검,
3급II,107,2024-11-09,30,dokeum_W,다음 漢字語의 讀音을 쓰시오.,疏脫,疏脫,,소탈,소탈,
3급II,107,2024-11-09,31,dokeum_W,다음 漢字語의 讀音을 쓰시오.,宇宙,宇宙,,우주,우주,
3급II,107,2024-11-09,32,dokeum_W,다음 漢字語의 讀音을 쓰시오.,族譜,族譜,,족보,족보,
3급II,107,2024-11-09,33,dokeum_W,다음 漢字語의 讀音을 쓰시오.,培養,培養,,배양,배양,
3급II,107,2024-11-09,34,dokeum_W,다음 漢字語의 讀音을 쓰시오.,脚光,脚光,,각광,각광,
3급II,107,2024-11-09,35,dokeum_W,다음 漢字語의 讀音을 쓰시오.,傾斜,傾斜,,경사,경사,
3급II,107,2024-11-09,36,dokeum_W,다음 漢字語의 讀音을 쓰시오.,高揚,高揚,,고양,고양,
3급II,107,2024-11-09,37,dokeum_W,다음 漢字語의 讀音을 쓰시오.,開拓,開拓,,개척,개척,
3급II,107,2024-11-09,38,dokeum_W,다음 漢字語의 讀音을 쓰시오.,延滯,延滯,,연체,연체,
3급II,107,2024-11-09,39,dokeum_W,다음 漢字語의 讀音을 쓰시오.,寄附,寄附,,기부,기부,
3급II,107,2024-11-09,40,dokeum_W,다음 漢字語의 讀音을 쓰시오.,通譯,通譯,,통역,통역,
3급II,107,2024-11-09,41,dokeum_W,다음 漢字語의 讀音을 쓰시오.,沈默,沈默,,침묵,침묵,
3급II,107,2024-11-09,42,dokeum_W,다음 漢字語의 讀音을 쓰시오.,照明,照明,,조명,조명,
3급II,107,2024-11-09,43,dokeum_W,다음 漢字語의 讀音을 쓰시오.,變貌,變貌,,변모,변모,
3급II,107,2024-11-09,44,dokeum_W,다음 漢字語의 讀音을 쓰시오.,著作,著作,,저작,저작,
3급II,107,2024-11-09,45,dokeum_W,다음 漢字語의 讀音을 쓰시오.,舞臺,舞臺,,무대,무대,
3급II,107,2024-11-09,46,huneum_W,다음 漢字의 訓과 音을 쓰시오.,踏,踏,,밟을 답,밟을 답,
3급II,107,2024-11-09,47,huneum_W,다음 漢字의 訓과 音을 쓰시오.,影,影,,그림자 영,그림자 영,
3급II,107,2024-11-09,48,huneum_W,다음 漢字의 訓과 音을 쓰시오.,稚,稚,,어릴 치,어릴 치,
3급II,107,2024-11-09,49,huneum_W,다음 漢字의 訓과 音을 쓰시오.,愁,愁,,근심 수,근심 수,
3급II,107,2024-11-09,50,huneum_W,다음 漢字의 訓과 音을 쓰시오.,腹,腹,,배 복,배 복,
3급II,107,2024-11-09,51,huneum_W,다음 漢字의 訓과 音을 쓰시오.,付,付,,부칠 부,부칠 부,
3급II,107,2024-11-09,52,huneum_W,다음 漢字의 訓과 音을 쓰시오.,魂,魂,,넋 혼,넋 혼,
3급II,107,2024-11-09,53,huneum_W,다음 漢字의 訓과 音을 쓰시오.,浩,浩,,넓을 호,넓을 호,
3급II,107,2024-11-09,54,huneum_W,다음 漢字의 訓과 音을 쓰시오.,醉,醉,,취할 취,취할 취,
3급II,107,2024-11-09,55,huneum_W,다음 漢字의 訓과 音을 쓰시오.,畿,畿,,경기(京畿) 기,경기(京畿) 기,
3급II,107,2024-11-09,56,huneum_W,다음 漢字의 訓과 音을 쓰시오.,症,症,,증세 증,증세 증,
3급II,107,2024-11-09,57,huneum_W,다음 漢字의 訓과 音을 쓰시오.,霜,霜,,서리 상,서리 상,
3급II,107,2024-11-09,58,huneum_W,다음 漢字의 訓과 音을 쓰시오.,凍,凍,,얼 동,얼 동,
3급II,107,2024-11-09,59,huneum_W,다음 漢字의 訓과 音을 쓰시오.,捕,捕,,잡을 포,잡을 포,
3급II,107,2024-11-09,60,huneum_W,다음 漢字의 訓과 音을 쓰시오.,塔,塔,,탑 탑,탑 탑,
3급II,107,2024-11-09,61,huneum_W,다음 漢字의 訓과 音을 쓰시오.,宴,宴,,잔치 연,잔치 연,
3급II,107,2024-11-09,62,huneum_W,다음 漢字의 訓과 音을 쓰시오.,讓,讓,,사양할 양,사양할 양,
3급II,107,2024-11-09,63,huneum_W,다음 漢字의 訓과 音을 쓰시오.,礎,礎,,주춧돌 초,주춧돌 초,
3급II,107,2024-11-09,64,huneum_W,다음 漢字의 訓과 音을 쓰시오.,胸,胸,,가슴 흉,가슴 흉,
3급II,107,2024-11-09,65,huneum_W,다음 漢字의 訓과 音을 쓰시오.,慣,慣,,익숙할 관,익숙할 관,
3급II,107,2024-11-09,66,huneum_W,다음 漢字의 訓과 音을 쓰시오.,肝,肝,,간 간,간 간,
3급II,107,2024-11-09,67,huneum_W,다음 漢字의 訓과 音을 쓰시오.,誇,誇,,자랑할 과,자랑할 과,
3급II,107,2024-11-09,68,huneum_W,다음 漢字의 訓과 音을 쓰시오.,笛,笛,,피리 적,피리 적,
3급II,107,2024-11-09,69,huneum_W,다음 漢字의 訓과 音을 쓰시오.,洪,洪,,넓을 홍,넓을 홍,
3급II,107,2024-11-09,70,huneum_W,다음 漢字의 訓과 音을 쓰시오.,瞬,瞬,,눈깜짝일 순,눈깜짝일 순,
3급II,107,2024-11-09,71,huneum_W,다음 漢字의 訓과 音을 쓰시오.,栽,栽,,심을 재,심을 재,
3급II,107,2024-11-09,72,huneum_W,다음 漢字의 訓과 音을 쓰시오.,狂,狂,,미칠 광,미칠 광,
3급II,107,2024-11-09,73,busu_W,다음 漢字의 部首를 쓰시오.,谷,谷,,谷,谷,
3급II,107,2024-11-09,74,busu_W,다음 漢字의 部首를 쓰시오.,兆,兆,,儿,儿,
3급II,107,2024-11-09,75,busu_W,다음 漢字의 部首를 쓰시오.,吏,吏,,口,口,
3급II,107,2024-11-09,76,busu_W,다음 漢字의 部首를 쓰시오.,井,井,,二,二,
3급II,107,2024-11-09,77,busu_W,다음 漢字의 部首를 쓰시오.,幽,幽,,幺,幺,
3급II,107,2024-11-09,78,yakja_W,다음 漢字의 略字를 쓰시오.,擔,擔,,担,担,
3급II,107,2024-11-09,79,yakja_W,다음 漢字의 略字를 쓰시오.,圖,圖,,读,读,
3급II,107,2024-11-09,80,yakja_W,다음 漢字의 略字를 쓰시오.,餘,餘,,余,余,
3급II,107,2024-11-09,81,jangeum_S,다음 漢字語 중 첫소리가 長音인 것을 가려 그 번호를 쓰시오.,,,"[""① 古典"", ""② 苦戰""]",①,① 古典,
3급II,107,2024-11-09,82,jangeum_S,다음 漢字語 중 첫소리가 長音인 것을 가려 그 번호를 쓰시오.,,,"[""① 保手"", ""② 補修""]",②,② 補修,
3급II,107,2024-11-09,83,jangeum_S,다음 漢字語 중 첫소리가 長音인 것을 가려 그 번호를 쓰시오.,,,"[""① 死者"", ""② 師子""]",①,① 死者,
3급II,107,2024-11-09,84,jangeum_S,다음 漢字語 중 첫소리가 長音인 것을 가려 그 번호를 쓰시오.,,,"[""① 聖人"", ""② 成仁""]",①,① 聖人,
3급II,107,2024-11-09,85,jangeum_S,다음 漢字語 중 첫소리가 長音인 것을 가려 그 번호를 쓰시오.,,,"[""① 過去"", ""② 科擧""]",①,① 過去,
3급II,107,2024-11-09,86,yui_W,다음 (         ) 안에 밑줄 친 漢字와 뜻이 같거나 비슷한 漢字를 正字로 적어 문장을 완성하시오.,동네 사람들은 할아버지를 무척 恭(    )하였다.,恭( ),,敬,敬,
3급II,107,2024-11-09,87,yui_W,다음 (         ) 안에 밑줄 친 漢字와 뜻이 같거나 비슷한 漢字를 正字로 적어 문장을 완성하시오.,기자들은 기사를 송고하느라 奔(    )했다.,奔( ),,走,走,
3급II,107,2024-11-09,88,yui_W,다음 (         ) 안에 밑줄 친 漢字와 뜻이 같거나 비슷한 漢字를 正字로 적어 문장을 완성하시오.,그림을 보는 그의 안목이 누구보다 (    )越했다.,( )越,,卓,卓,
3급II,107,2024-11-09,89,yui_W,다음 (         ) 안에 밑줄 친 漢字와 뜻이 같거나 비슷한 漢字를 正字로 적어 문장을 완성하시오.,그러한 폐습은 (       )久히 없애야 한다.,( )久,,永,永,
3급II,107,2024-11-09,90,yui_W,다음 (         ) 안에 밑줄 친 漢字와 뜻이 같거나 비슷한 漢字를 正字로 적어 문장을 완성하시오.,공항을 이륙한 비행기가 갑자기 동쪽으로 旋( )를 했다.,旋( ),,回,回,
3급II,107,2024-11-09,91,banui_W,다음 (         ) 안에 밑줄 친 漢字와 뜻이 상대(또는 반대)되는 漢字를 正字로 적어 문장을 완성하시오.,씨름판에서 두 선수가 進(       )를 거듭하며 접전을 벌이고 있다.,進( ),,退,退,
3급II,107,2024-11-09,92,banui_W,다음 (         ) 안에 밑줄 친 漢字와 뜻이 상대(또는 반대)되는 漢字를 正字로 적어 문장을 완성하시오.,최근 몇 달 동안 경기 악화로 부동산 (    )買가 거의 이루어지지 않고 있다.,( )買,,賣,賣,
3급II,107,2024-11-09,93,banui_W,다음 (         ) 안에 밑줄 친 漢字와 뜻이 상대(또는 반대)되는 漢字를 正字로 적어 문장을 완성하시오.,(    )裏가 부동하면 사람들로부터 비난을 받는다.,( )裏,,表,表,
3급II,107,2024-11-09,94,banui_W,다음 (         ) 안에 밑줄 친 漢字와 뜻이 상대(또는 반대)되는 漢字를 正字로 적어 문장을 완성하시오.,죄의 (    )重에 따라 죄인을 처벌한다.,( )重,,輕,輕,
3급II,107,2024-11-09,95,banui_W,다음 (         ) 안에 밑줄 친 漢字와 뜻이 상대(또는 반대)되는 漢字를 正字로 적어 문장을 완성하시오.,그는 투자에 앞서 먼저 損(       )을 따져 보았다.,損( ),,益,益,
3급II,107,2024-11-09,96,banuieo_W,다음 두 단어가 상대(또는 반대)되는 漢字語가 되도록 ( ) 안에 알맞은 漢字(正字)를 쓰시오.,( )髮 ↔ 紅顔,( )髮 ↔ 紅顔,,白,白,
3급II,107,2024-11-09,97,banuieo_W,다음 두 단어가 상대(또는 반대)되는 漢字語가 되도록 ( ) 안에 알맞은 漢字(正字)를 쓰시오.,( )柔 ↔ 內剛,( )柔 ↔ 內剛,,外,外,
3급II,107,2024-11-09,98,banuieo_W,다음 두 단어가 상대(또는 반대)되는 漢字語가 되도록 ( ) 안에 알맞은 漢字(正字)를 쓰시오.,需要 ↔ 供(     ),需要 ↔ 供( ),,給,給,
3급II,107,2024-11-09,99,banuieo_W,다음 두 단어가 상대(또는 반대)되는 漢字語가 되도록 ( ) 안에 알맞은 漢字(正字)를 쓰시오.,( )認 ↔ 拒絶,( )認 ↔ 拒絶,,承,承,
3급II,107,2024-11-09,100,banuieo_W,다음 두 단어가 상대(또는 반대)되는 漢字語가 되도록 ( ) 안에 알맞은 漢字(正字)를 쓰시오.,平等 ↔ 差(        ),平等 ↔ 差( ),,別,別,
3급II,107,2024-11-09,101,mean_W,다음 漢字語의 뜻을 쓰시오.,抑哀,抑哀,,슬픔을 억제함.,슬픔을 억제함.,
3급II,107,2024-11-09,102,mean_W,다음 漢字語의 뜻을 쓰시오.,御印,御印,,임금의 도장.,임금의 도장.,
3급II,107,2024-11-09,103,mean_W,다음 漢字語의 뜻을 쓰시오.,隆遇,隆遇,,융숭한 대우.,융숭한 대우.,
3급II,107,2024-11-09,104,mean_W,다음 漢字語의 뜻을 쓰시오.,懇勸,懇勸,,간절히 권함.,간절히 권함.,
3급II,107,2024-11-09,105,mean_W,다음 漢字語의 뜻을 쓰시오.,刊出,刊出,,발간하여 냄.,발간하여 냄.,
3급II,107,2024-11-09,106,dongeumeo_W,다음 (          ) 속 단어의 同音異義語를 주어진 뜻에 맞게 漢字(正字)로 쓰시오.,(陣地) - 참된 지식.,(陣地),,眞知,眞知,
3급II,107,2024-11-09,107,dongeumeo_W,다음 (          ) 속 단어의 同音異義語를 주어진 뜻에 맞게 漢字(正字)로 쓰시오.,(直腸) - 사람들이 일정한 직업을 가지고 일하는 곳.,(直腸),,職場,職場,
3급II,107,2024-11-09,108,dongeumeo_W,다음 (          ) 속 단어의 同音異義語를 주어진 뜻에 맞게 漢字(正字)로 쓰시오.,(指話) - 종이에 인쇄를 하여 만든 화폐.,(指話),,紙貨,紙貨,
3급II,107,2024-11-09,109,dongeumeo_W,다음 (          ) 속 단어의 同音異義語를 주어진 뜻에 맞게 漢字(正字)로 쓰시오.,(酒草) - 한 주일의 처음.,(酒草),,週初,週初,
3급II,107,2024-11-09,110,dongeumeo_W,다음 (          ) 속 단어의 同音異義語를 주어진 뜻에 맞게 漢字(正字)로 쓰시오.,(正史) - 정치 또는 행정상의 일.,(正史),,政事,政事,
3급II,107,2024-11-09,111,seongeo_W,다음 ( ) 안에 알맞은 漢字를 적어 四字成語를 완성하시오.,(    )唱婦隨: 남편이 주장하고 아내가 이에 잘 따름.,( )唱婦隨,,夫,夫,
3급II,107,2024-11-09,112,seongeo_W,다음 ( ) 안에 알맞은 漢字를 적어 四字成語를 완성하시오.,森羅( )象: 우주에 있는 온갖 사물과 현상.,森羅( )象,,萬,萬,
3급II,107,2024-11-09,113,seongeo_W,다음 ( ) 안에 알맞은 漢字를 적어 四字成語를 완성하시오.,吉(    )禍福: 길흉과 화복을 아울러 이름.,吉( )禍福,,凶,凶,
3급II,107,2024-11-09,114,seongeo_W,다음 ( ) 안에 알맞은 漢字를 적어 四字成語를 완성하시오.,伯仲之(    ): 누가 첫째이고 둘째인지 구분하기 어려움.,伯仲之( ),,勢,勢,
3급II,107,2024-11-09,115,seongeo_W,다음 ( ) 안에 알맞은 漢字를 적어 四字成語를 완성하시오.,興(    )盛衰: 흥성하고 멸망함과 번성하고 쇠퇴함.,興( )盛衰,,亡,亡,
3급II,107,2024-11-09,116,seongeo_W,다음 ( ) 안에 알맞은 漢字를 적어 四字成語를 완성하시오.,國泰民(    ): 나라가 태평하고 백성이 편안함.,國泰民( ),,安,安,
3급II,107,2024-11-09,117,seongeo_W,다음 ( ) 안에 알맞은 漢字를 적어 四字成語를 완성하시오.,"魚頭( )尾: 물고기 머리와 짐승 고기의 꼬리, 맛있다는 고기 부위를 이름.",魚頭( )尾,,肉,肉,
3급II,107,2024-11-09,118,seongeo_W,다음 ( ) 안에 알맞은 漢字를 적어 四字成語를 완성하시오.,"(    )耕夜讀: 낮에는 농사짓고, 밤에는 글을 읽음.",( )耕夜讀,,晝,晝,
3급II,107,2024-11-09,119,seongeo_W,다음 ( ) 안에 알맞은 漢字를 적어 四字成語를 완성하시오.,賢母( )妻: 어진 어머니이면서 착한 아내.,賢母( )妻,,良,良,
3급II,107,2024-11-09,120,seongeo_W,다음 ( ) 안에 알맞은 漢字를 적어 四字成語를 완성하시오.,金枝玉(    ): 금으로 된 가지와 옥으로 된 잎.,金枝玉( ),,葉,葉,
3급II,107,2024-11-09,121,hanjaeo_W,다음 문장의 밑줄 친 漢字語를 正字의 漢字로 쓰시오.,그는 행군 도중에 다리를 다쳐 대열에서 낙오되었다.,행군,,行軍,行軍,
3급II,107,2024-11-09,122,hanjaeo_W,다음 문장의 밑줄 친 漢字語를 正字의 漢字로 쓰시오.,며칠 동안 나는 충치로 심하게 고생을 했다.,충치,,蟲齒,蟲齒,
3급II,107,2024-11-09,123,hanjaeo_W,다음 문장의 밑줄 친 漢字語를 正字의 漢字로 쓰시오.,우리나라에서 허가 없이 총포를 소지하는 것은 불법이다.,불법,,不法,不法,
3급II,107,2024-11-09,124,hanjaeo_W,다음 문장의 밑줄 친 漢字語를 正字의 漢字로 쓰시오.,우리 학교는 매해 가을 현장 학습을 실시하고 있다.,학습,,學習,學習,
3급II,107,2024-11-09,125,hanjaeo_W,다음 문장의 밑줄 친 漢字語를 正字의 漢字로 쓰시오.,평택은 경기도와 충청도의 접경 지역이다.,접경,,接境,接境,
3급II,107,2024-11-09,126,hanjaeo_W,다음 문장의 밑줄 친 漢字語를 正字의 漢字로 쓰시오.,아내는 살림을 알뜰하게 하여 생활비를 많이 절감하였다.,생활,,生活,生活,
3급II,107,2024-11-09,127,hanjaeo_W,다음 문장의 밑줄 친 漢字語를 正字의 漢字로 쓰시오.,할아버지 소유의 땅이 철도 부지로 흡수되었다.,소유,,所有,所有,
3급II,107,2024-11-09,128,hanjaeo_W,다음 문장의 밑줄 친 漢字語를 正字의 漢字로 쓰시오.,그는 이번에 장학금 수혜 대상자로 선정되었다.,수혜,,受惠,受惠,
3급II,107,2024-11-09,129,hanjaeo_W,다음 문장의 밑줄 친 漢字語를 正字의 漢字로 쓰시오.,어머니는 대장암 수술을 받고 완치되셨다.,완치,,完治,完治,
3급II,107,2024-11-09,130,hanjaeo_W,다음 문장의 밑줄 친 漢字語를 正字의 漢字로 쓰시오.,침몰한 배의 승선원은 모두 구조되었다.,구조,,救助,救助,
3급II,107,2024-11-09,131,hanjaeo_W,다음 문장의 밑줄 친 漢字語를 正字의 漢字로 쓰시오.,거래하는 회사에서 물품 대금 청구가 들어왔다.,청구,,請求,請求,
3급II,107,2024-11-09,132,hanjaeo_W,다음 문장의 밑줄 친 漢字語를 正字의 漢字로 쓰시오.,이번 행사는 시민들의 협조로 무사히 치러졌다.,협조,,協調,協調,
3급II,107,2024-11-09,133,hanjaeo_W,다음 문장의 밑줄 친 漢字語를 正字의 漢字로 쓰시오.,나는 행복과 기쁨의 충만을 간절히 바라고 바랐다.,충만,,充滿,充滿,
3급II,107,2024-11-09,134,hanjaeo_W,다음 문장의 밑줄 친 漢字語를 正字의 漢字로 쓰시오.,바이러스는 전자 현미경으로만 관찰이 가능하다.,관찰,,觀察,觀察,
3급II,107,2024-11-09,135,hanjaeo_W,다음 문장의 밑줄 친 漢字語를 正字의 漢字로 쓰시오.,우리 회는 먼저 총칙부터 정했다.,총칙,,總則,總則,
3급II,107,2024-11-09,136,hanjaeo_W,다음 문장의 밑줄 친 漢字語를 正字의 漢字로 쓰시오.,전화가 연결이 잘 안되어 계속 불통이다.,연결,,連結,連結,
3급II,107,2024-11-09,137,hanjaeo_W,다음 문장의 밑줄 친 漢字語를 正字의 漢字로 쓰시오.,여기에서 도로 작업을 할 수 있도록 허용해 주십시오.,허용,,許容,許容,
3급II,107,2024-11-09,138,hanjaeo_W,다음 문장의 밑줄 친 漢字語를 正字의 漢字로 쓰시오.,그녀는 허위 사실을 유포시킨 죄로 경찰에 붙잡혔다.,유포,,流布,流布,
3급II,107,2024-11-09,139,hanjaeo_W,다음 문장의 밑줄 친 漢字語를 正字의 漢字로 쓰시오.,그는 학생이라 아직은 많은 사회적인 제약을 받는다.,제약,,制約,制約,
3급II,107,2024-11-09,140,hanjaeo_W,다음 문장의 밑줄 친 漢字語를 正字의 漢字로 쓰시오.,소년은 처벌받을 것이 두려워서 거짓말을 하였다.,처벌,,處罰,處罰,
3급II,107,2024-11-09,141,hanjaeo_W,다음 문장의 밑줄 친 漢字語를 正字의 漢字로 쓰시오.,복도에는 응급 상황을 알리는 비상벨이 설치되어 있다.,응급,,應急,應急,
3급II,107,2024-11-09,142,hanjaeo_W,다음 문장의 밑줄 친 漢字語를 正字의 漢字로 쓰시오.,정부가 북한에 고위 당국자 회담 제의를 하였다.,회담,,會談,會談,
3급II,107,2024-11-09,143,hanjaeo_W,다음 문장의 밑줄 친 漢字語를 正字의 漢字로 쓰시오.,내년에는 두 개의 프로 야구 팀이 더 창설될 것이다.,창설,,創設,創設,
3급II,107,2024-11-09,144,hanjaeo_W,다음 문장의 밑줄 친 漢字語를 正字의 漢字로 쓰시오.,국민이 낸 방위성금을 모아 군대의 무기를 재정비했다.,방위,,防衛,防衛,
3급II,107,2024-11-09,145,hanjaeo_W,다음 문장의 밑줄 친 漢字語를 正字의 漢字로 쓰시오.,도착한 구조대는 응급 환자를 병원으로 즉각 이송했다.,이송,,移送,移送,
3급II,107,2024-11-09,146,hanjaeo_W,다음 문장의 밑줄 친 漢字語를 正字의 漢字로 쓰시오.,오늘 군비 증가를 위한 장성급 회담이 예정되어 있다.,장성,,將星,將星,
3급II,107,2024-11-09,147,hanjaeo_W,다음 문장의 밑줄 친 漢字語를 正字의 漢字로 쓰시오.,강당에서 개교기념일 경축 행사가 열렸다.,경축,,慶祝,慶祝,
3급II,107,2024-11-09,148,hanjaeo_W,다음 문장의 밑줄 친 漢字語를 正字의 漢字로 쓰시오.,경호원들은 차에서 내린 그를 철통같이 경호하였다.,경호,,警護,警護,
3급II,107,2024-11-09,149,hanjaeo_W,다음 문장의 밑줄 친 漢字語를 正字의 漢字로 쓰시오.,아이는 세배 자체보다는 세뱃돈에 더 관심이 많은 듯했다.,세배,,歲拜,歲拜,
3급II,107,2024-11-09,150,hanjaeo_W,다음 문장의 밑줄 친 漢字語를 正字의 漢字로 쓰시오.,책상을 조금만 더 벽에 밀착시켜 주세요.,밀착,,密着,密着,
3급II,108,2025-02-22,1,dokeum_W,다음 밑줄 친 漢字語의 讀音을 쓰시오.,경사가 급한 커브 길에서 追越하는 것은 대단히 위험하다.,追越,,추월,추월,
3급II,108,2025-02-22,2,dokeum_W,다음 밑줄 친 漢字語의 讀音을 쓰시오.,기한이 얼마 남지 않았음에도 그는 餘裕를 부렸다.,餘裕,,여유,여유,
3급II,108,2025-02-22,3,dokeum_W,다음 밑줄 친 漢字語의 讀音을 쓰시오.,이 세상은 우리가 想像한 것보다 훨씬 다양하고 복잡하다.,想像,,상상,상상,
3급II,108,2025-02-22,4,dokeum_W,다음 밑줄 친 漢字語의 讀音을 쓰시오.,그 의학자는 백신 개발에 평생을 獻身했다.,獻身,,헌신,헌신,
3급II,108,2025-02-22,5,dokeum_W,다음 밑줄 친 漢字語의 讀音을 쓰시오.,소작인은 지주에게 수확물의 대부분을 貢納해야만 했다.,貢納,,공납,공납,
3급II,108,2025-02-22,6,dokeum_W,다음 밑줄 친 漢字語의 讀音을 쓰시오.,갈팡질팡하는 정책이 이 사태의 禍根이라고 할 수 있다.,禍根,,화근,화근,
3급II,108,2025-02-22,7,dokeum_W,다음 밑줄 친 漢字語의 讀音을 쓰시오.,아버지께서는 자동차의 尾燈을 손보고 계셨다.,尾燈,,미등,미등,
3급II,108,2025-02-22,8,dokeum_W,다음 밑줄 친 漢字語의 讀音을 쓰시오.,그는 나를 안심시키려고 어설픈 煙幕을 쳤다.,煙幕,,연막,연막,
3급II,108,2025-02-22,9,dokeum_W,다음 밑줄 친 漢字語의 讀音을 쓰시오.,그는 宿疾이 재발하여 병원에 입원했다.,宿疾,,숙질,숙질,
3급II,108,2025-02-22,10,dokeum_W,다음 밑줄 친 漢字語의 讀音을 쓰시오.,그 수집가는 수많은 골동품을 收藏하고 있다.,收藏,,수장,수장,
3급II,108,2025-02-22,11,dokeum_W,다음 밑줄 친 漢字語의 讀音을 쓰시오.,정부의 보조금이 대폭 削減되었다.,削減,,삭감,삭감,
3급II,108,2025-02-22,12,dokeum_W,다음 밑줄 친 漢字語의 讀音을 쓰시오.,자동차의 排氣 가스는 미세먼지의 주범이기도 하다.,排氣,,배기,배기,
3급II,108,2025-02-22,13,dokeum_W,다음 밑줄 친 漢字語의 讀音을 쓰시오.,그는 국회의원 선거에 候補로 등록했다.,候補,,후보,후보,
3급II,108,2025-02-22,14,dokeum_W,다음 밑줄 친 漢字語의 讀音을 쓰시오.,명상가는 인생의 의미를 찾으려고 깊은 思索에 잠겼다.,思索,,사색,사색,
3급II,108,2025-02-22,15,dokeum_W,다음 밑줄 친 漢字語의 讀音을 쓰시오.,일제는 우리나라 젊은이들을 강제로 徵集하였다.,徵集,,징집,징집,
3급II,108,2025-02-22,16,dokeum_W,다음 밑줄 친 漢字語의 讀音을 쓰시오.,오래 전 우리 집안은 滅族을 당할 뻔했다.,滅族,,멸족,멸족,
3급II,108,2025-02-22,17,dokeum_W,다음 밑줄 친 漢字語의 讀音을 쓰시오.,그는 화가로서 天賦의 자질을 지니고 있다.,天賦,,천부,천부,
3급II,108,2025-02-22,18,dokeum_W,다음 밑줄 친 漢字語의 讀音을 쓰시오.,그는 아무 죄없이 일주일간이나 軟禁되었다.,軟禁,,연금,연금,
3급II,108,2025-02-22,19,dokeum_W,다음 밑줄 친 漢字語의 讀音을 쓰시오.,그의 勇猛은 군인들의 귀감이 되었다.,勇猛,,용맹,용맹,
3급II,108,2025-02-22,20,dokeum_W,다음 밑줄 친 漢字語의 讀音을 쓰시오.,방사능이 암세포가 퍼진 부위에 透射되었다.,透射,,투사,투사,
3급II,108,2025-02-22,21,dokeum_W,다음 漢字語의 讀音을 쓰시오.,蘇生,蘇生,,소생,소생,
3급II,108,2025-02-22,22,dokeum_W,다음 漢字語의 讀音을 쓰시오.,誇張,誇張,,과장,과장,
3급II,108,2025-02-22,23,dokeum_W,다음 漢字語의 讀音을 쓰시오.,整齊,整齊,,정제,정제,
3급II,108,2025-02-22,24,dokeum_W,다음 漢字語의 讀音을 쓰시오.,顔面,顔面,,안면,안면,
3급II,108,2025-02-22,25,dokeum_W,다음 漢字語의 讀音을 쓰시오.,症勢,症勢,,증세,증세,
3급II,108,2025-02-22,26,dokeum_W,다음 漢字語의 讀音을 쓰시오.,浮沈,浮沈,,부침,부침,
3급II,108,2025-02-22,27,dokeum_W,다음 漢字語의 讀音을 쓰시오.,裁可,裁可,,재가,재가,
3급II,108,2025-02-22,28,dokeum_W,다음 漢字語의 讀音을 쓰시오.,幽靈,幽靈,,유령,유령,
3급II,108,2025-02-22,29,dokeum_W,다음 漢字語의 讀音을 쓰시오.,聯關,聯關,,연관,연관,
3급II,108,2025-02-22,30,dokeum_W,다음 漢字語의 讀音을 쓰시오.,盤松,盤松,,반송,반송,
3급II,108,2025-02-22,31,dokeum_W,다음 漢字語의 讀音을 쓰시오.,心醉,心醉,,심취,심취,
3급II,108,2025-02-22,32,dokeum_W,다음 漢字語의 讀音을 쓰시오.,細微,細微,,세미,세미,
3급II,108,2025-02-22,33,dokeum_W,다음 漢字語의 讀音을 쓰시오.,促迫,促迫,,촉박,촉박,
3급II,108,2025-02-22,34,dokeum_W,다음 漢字語의 讀音을 쓰시오.,猶豫,猶豫,,유예,유예,
3급II,108,2025-02-22,35,dokeum_W,다음 漢字語의 讀音을 쓰시오.,周旋,周旋,,주선,주선,
3급II,108,2025-02-22,36,dokeum_W,다음 漢字語의 讀音을 쓰시오.,寢臺,寢臺,,침대,침대,
3급II,108,2025-02-22,37,dokeum_W,다음 漢字語의 讀音을 쓰시오.,彩度,彩度,,채도,채도,
3급II,108,2025-02-22,38,dokeum_W,다음 漢字語의 讀音을 쓰시오.,封鎖,封鎖,,봉쇄,봉쇄,
3급II,108,2025-02-22,39,dokeum_W,다음 漢字語의 讀音을 쓰시오.,巡察,巡察,,순찰,순찰,
3급II,108,2025-02-22,40,dokeum_W,다음 漢字語의 讀音을 쓰시오.,哀傷,哀傷,,애상,애상,
3급II,108,2025-02-22,41,dokeum_W,다음 漢字語의 讀音을 쓰시오.,隔差,隔差,,격차,격차,
3급II,108,2025-02-22,42,dokeum_W,다음 漢字語의 讀音을 쓰시오.,激突,激突,,격돌,격돌,
3급II,108,2025-02-22,43,dokeum_W,다음 漢字語의 讀音을 쓰시오.,圖謀,圖謀,,도모,도모,
3급II,108,2025-02-22,44,dokeum_W,다음 漢字語의 讀音을 쓰시오.,衝動,衝動,,충동,충동,
3급II,108,2025-02-22,45,dokeum_W,다음 漢字語의 讀音을 쓰시오.,驛舍,驛舍,,역사,역사,
3급II,108,2025-02-22,46,huneum_W,다음 漢字의 訓과 音을 쓰시오.,獲,獲,,얻을 획,얻을 획,
3급II,108,2025-02-22,47,huneum_W,다음 漢字의 訓과 音을 쓰시오.,橫,橫,,가로 횡,가로 횡,
3급II,108,2025-02-22,48,huneum_W,다음 漢字의 訓과 音을 쓰시오.,浩,浩,,넓을 호,넓을 호,
3급II,108,2025-02-22,49,huneum_W,다음 漢字의 訓과 音을 쓰시오.,稀,稀,,드물 희,드물 희,
3급II,108,2025-02-22,50,huneum_W,다음 漢字의 訓과 音을 쓰시오.,隨,隨,,따를 수,따를 수,
3급II,108,2025-02-22,51,huneum_W,다음 漢字의 訓과 音을 쓰시오.,蒸,蒸,,찔 증,찔 증,
3급II,108,2025-02-22,52,huneum_W,다음 漢字의 訓과 音을 쓰시오.,丈,丈,,어른 장,어른 장,
3급II,108,2025-02-22,53,huneum_W,다음 漢字의 訓과 音을 쓰시오.,悅,悅,,기쁠 열,기쁠 열,
3급II,108,2025-02-22,54,huneum_W,다음 漢字의 訓과 音을 쓰시오.,貌,貌,,모양 모,모양 모,
3급II,108,2025-02-22,55,huneum_W,다음 漢字의 訓과 音을 쓰시오.,夢,夢,,꿈 몽,꿈 몽,
3급II,108,2025-02-22,56,huneum_W,다음 漢字의 訓과 音을 쓰시오.,錦,錦,,비단 금,비단 금,
3급II,108,2025-02-22,57,huneum_W,다음 漢字의 訓과 音을 쓰시오.,誘,誘,,꿸 유,꿸 유,
3급II,108,2025-02-22,58,huneum_W,다음 漢字의 訓과 音을 쓰시오.,穴,穴,,굴 혈,굴 혈,
3급II,108,2025-02-22,59,huneum_W,다음 漢字의 訓과 音을 쓰시오.,雅,雅,,맑을 아,맑을 아,
3급II,108,2025-02-22,60,huneum_W,다음 漢字의 訓과 音을 쓰시오.,恥,恥,,부끄러울 치,부끄러울 치,
3급II,108,2025-02-22,61,huneum_W,다음 漢字의 訓과 音을 쓰시오.,丹,丹,,붉을 단,붉을 단,
3급II,108,2025-02-22,62,huneum_W,다음 漢字의 訓과 音을 쓰시오.,巖,巖,,바위 암,바위 암,
3급II,108,2025-02-22,63,huneum_W,다음 漢字의 訓과 音을 쓰시오.,惜,惜,,아낄 석,아낄 석,
3급II,108,2025-02-22,64,huneum_W,다음 漢字의 訓과 音을 쓰시오.,燕,燕,,제비 연,제비 연,
3급II,108,2025-02-22,65,huneum_W,다음 漢字의 訓과 音을 쓰시오.,介,介,,낄 개,낄 개,
3급II,108,2025-02-22,66,huneum_W,다음 漢字의 訓과 音을 쓰시오.,乘,乘,,탈 승,탈 승,
3급II,108,2025-02-22,67,huneum_W,다음 漢字의 訓과 音을 쓰시오.,淡,淡,,맑을 담,맑을 담,
3급II,108,2025-02-22,68,huneum_W,다음 漢字의 訓과 音을 쓰시오.,硬,硬,,굳을 경,굳을 경,
3급II,108,2025-02-22,69,huneum_W,다음 漢字의 訓과 音을 쓰시오.,栽,栽,,심을 재,심을 재,
3급II,108,2025-02-22,70,huneum_W,다음 漢字의 訓과 音을 쓰시오.,拔,拔,,뽑을 발,뽑을 발,
3급II,108,2025-02-22,71,huneum_W,다음 漢字의 訓과 音을 쓰시오.,紋,紋,,무늬 문,무늬 문,
3급II,108,2025-02-22,72,huneum_W,다음 漢字의 訓과 音을 쓰시오.,恕,恕,,용서할 서,용서할 서,
3급II,108,2025-02-22,73,busu_W,다음 漢字의 部首를 쓰시오.,豪,豪,,豕,豕,
3급II,108,2025-02-22,74,busu_W,다음 漢字의 部首를 쓰시오.,麻,麻,,麻,麻,
3급II,108,2025-02-22,75,busu_W,다음 漢字의 部首를 쓰시오.,鹽,鹽,,鹵,鹵,
3급II,108,2025-02-22,76,busu_W,다음 漢字의 部首를 쓰시오.,默,默,,黑,黑,
3급II,108,2025-02-22,77,busu_W,다음 漢字의 部首를 쓰시오.,殊,殊,,歹,歹,
3급II,108,2025-02-22,78,yakja_W,다음 漢字의 略字를 쓰시오.,應,應,,応,応,
3급II,108,2025-02-22,79,yakja_W,다음 漢字의 略字를 쓰시오.,興,興,,兴,兴,
3급II,108,2025-02-22,80,yakja_W,다음 漢字의 略字를 쓰시오.,寶,寶,,宝,宝,
3급II,108,2025-02-22,81,jangeum_S,다음 漢字語 중 첫소리가 長音인 것을 가려 그 번호를 쓰시오.,,,"[""① 連珠"", ""② 演奏""]",②,② 演奏,
3급II,108,2025-02-22,82,jangeum_S,다음 漢字語 중 첫소리가 長音인 것을 가려 그 번호를 쓰시오.,,,"[""① 所願"", ""② 疏遠""]",①,① 所願,
3급II,108,2025-02-22,83,jangeum_S,다음 漢字語 중 첫소리가 長音인 것을 가려 그 번호를 쓰시오.,,,"[""① 童話"", ""② 同化""]",①,① 童話,
3급II,108,2025-02-22,84,jangeum_S,다음 漢字語 중 첫소리가 長音인 것을 가려 그 번호를 쓰시오.,,,"[""① 舊俗"", ""② 拘束""]",①,① 舊俗,
3급II,108,2025-02-22,85,jangeum_S,다음 漢字語 중 첫소리가 長音인 것을 가려 그 번호를 쓰시오.,,,"[""① 船首"", ""② 選手""]",②,② 選手,
3급II,108,2025-02-22,86,yui_W,다음 (     ) 안에 밑줄 친 漢字와 뜻이 같거나 비슷한 漢字를 正字로 적어 문장을 완성하시오.,드넓은 평야에는 오곡이 茂(           )하게 자랐다.,茂( ),,盛,盛,
3급II,108,2025-02-22,87,yui_W,다음 (     ) 안에 밑줄 친 漢字와 뜻이 같거나 비슷한 漢字를 正字로 적어 문장을 완성하시오.,정부는 농가에 댐 건설로 인한 피해를 ( )償할 방침이다.,( )償,,報,報,
3급II,108,2025-02-22,88,yui_W,다음 (     ) 안에 밑줄 친 漢字와 뜻이 같거나 비슷한 漢字를 正字로 적어 문장을 완성하시오.,세 살 때 아버지를 여읜 나에 대한 할아버지의 慈(      )는 각별하셨다.,慈( ),,愛,愛,
3급II,108,2025-02-22,89,yui_W,다음 (     ) 안에 밑줄 친 漢字와 뜻이 같거나 비슷한 漢字를 正字로 적어 문장을 완성하시오.,여기저기 물건의 가격을 꼼꼼히 (   )較해 보고 구매처를 정했다.,( )較,,比,比,
3급II,108,2025-02-22,90,yui_W,다음 (     ) 안에 밑줄 친 漢字와 뜻이 같거나 비슷한 漢字를 正字로 적어 문장을 완성하시오.,그들은 북방 민족의 剛(      )하고 진취적인 기풍을 간직하고 있다.,剛( ),,健,健,
3급II,108,2025-02-22,91,banui_W,다음 (     ) 안에 밑줄 친 漢字와 뜻이 상대(또는 반대)되는 漢字를 正字로 적어 문장을 완성하시오.,이 야구장은 천정이 (       )閉될 수 있도록 설계되었다.,( )閉,,開,開,
3급II,108,2025-02-22,92,banui_W,다음 (     ) 안에 밑줄 친 漢字와 뜻이 상대(또는 반대)되는 漢字를 正字로 적어 문장을 완성하시오.,선생님은 시험 문항의 (      )易를 조절해 가면서 출제하였다.,( )易,,難,難,
3급II,108,2025-02-22,93,banui_W,다음 (     ) 안에 밑줄 친 漢字와 뜻이 상대(또는 반대)되는 漢字를 正字로 적어 문장을 완성하시오.,누군가를 賞(   )하는 일은 매우 신중해야 한다.,賞( ),,罰,罰,
3급II,108,2025-02-22,94,banui_W,다음 (     ) 안에 밑줄 친 漢字와 뜻이 상대(또는 반대)되는 漢字를 正字로 적어 문장을 완성하시오.,그 선수는 매우 대담한 성격에 ( )負 근성도 끈질겼다.,( )負,,勝,勝,
3급II,108,2025-02-22,95,banui_W,다음 (     ) 안에 밑줄 친 漢字와 뜻이 상대(또는 반대)되는 漢字를 正字로 적어 문장을 완성하시오.,재산의 (   )寡나 지위의 고하로 품격을 논하는 것은 잘못이다.,( )寡,,多,多,
3급II,108,2025-02-22,96,banuieo_W,다음 두 단어가 상대(또는 반대)되는 漢字語가 되도록 ( ) 안에 알맞은 漢字(正字)를 쓰시오.,割(   ) ↔ 割增,割( ) ↔ 割增,,引,引,
3급II,108,2025-02-22,97,banuieo_W,다음 두 단어가 상대(또는 반대)되는 漢字語가 되도록 ( ) 안에 알맞은 漢字(正字)를 쓰시오.,架空 ↔ ( )在,架空 ↔ ( )在,,實,實,
3급II,108,2025-02-22,98,banuieo_W,다음 두 단어가 상대(또는 반대)되는 漢字語가 되도록 ( ) 안에 알맞은 漢字(正字)를 쓰시오.,( )遷 ↔ 昇階,( )遷 ↔ 昇階,,左,左,
3급II,108,2025-02-22,99,banuieo_W,다음 두 단어가 상대(또는 반대)되는 漢字語가 되도록 ( ) 안에 알맞은 漢字(正字)를 쓰시오.,抵抗 ↔ 屈(        ),抵抗 ↔ 屈( ),,服,服,
3급II,108,2025-02-22,100,banuieo_W,다음 두 단어가 상대(또는 반대)되는 漢字語가 되도록 ( ) 안에 알맞은 漢字(正字)를 쓰시오.,愼重 ↔ (    )率,愼重 ↔ ( )率,,輕,輕,
3급II,108,2025-02-22,101,mean_W,다음 漢字語의 뜻을 쓰시오.,師弟,師弟,,스승과 제자,스승과 제자,
3급II,108,2025-02-22,102,mean_W,다음 漢字語의 뜻을 쓰시오.,驚倒,驚倒,,놀라 넘어짐,놀라 넘어짐,
3급II,108,2025-02-22,103,mean_W,다음 漢字語의 뜻을 쓰시오.,賢愚,賢愚,,현명함과 어리석음,현명함과 어리석음,
3급II,108,2025-02-22,104,mean_W,다음 漢字語의 뜻을 쓰시오.,宮裏,宮裏,,궁중,궁중,
3급II,108,2025-02-22,105,mean_W,다음 漢字語의 뜻을 쓰시오.,槪觀,槪觀,,대강 살펴봄,대강 살펴봄,
3급II,108,2025-02-22,106,dongeumeo_W,다음 (         ) 속 단어의 同音異義語를 주어진 뜻에 맞게 漢字(正字)로 쓰시오.,(加擔) - 길거리에 떠도는 말이나 화젯거리.,(加擔),,街談,街談,
3급II,108,2025-02-22,107,dongeumeo_W,다음 (         ) 속 단어의 同音異義語를 주어진 뜻에 맞게 漢字(正字)로 쓰시오.,(檀家) - 어떤 단체의 노래.,(檀家),,團歌,團歌,
3급II,108,2025-02-22,108,dongeumeo_W,다음 (         ) 속 단어의 同音異義語를 주어진 뜻에 맞게 漢字(正字)로 쓰시오.,(非常) - 높이 날아오름.,(非常),,飛上,飛上,
3급II,108,2025-02-22,109,dongeumeo_W,다음 (         ) 속 단어의 同音異義語를 주어진 뜻에 맞게 漢字(正字)로 쓰시오.,(監事) - 고마움을 나타내는 인사.,(監事),,感謝,感謝,
3급II,108,2025-02-22,110,dongeumeo_W,다음 (         ) 속 단어의 同音異義語를 주어진 뜻에 맞게 漢字(正字)로 쓰시오.,(株式) - 끼니에 주로 먹는 음식.,(株式),,主食,主食,
3급II,108,2025-02-22,111,seongeo_W,다음 ( ) 안에 알맞은 漢字를 적어 四字成語를 완성하시오.,漸(    )佳境 : 들어갈수록 점점 경치가 좋음.,漸( )佳境,,入,入,
3급II,108,2025-02-22,112,seongeo_W,다음 ( ) 안에 알맞은 漢字를 적어 四字成語를 완성하시오.,怒甲( )乙 : 갑에게서 당한 노여움을 을에게 옮김.,怒甲( )乙,,移,移,
3급II,108,2025-02-22,113,seongeo_W,다음 ( ) 안에 알맞은 漢字를 적어 四字成語를 완성하시오.,(    )芳百世 : 꽃다운 이름이 후세에 길이 전함.,( )芳百世,,流,流,
3급II,108,2025-02-22,114,seongeo_W,다음 ( ) 안에 알맞은 漢字를 적어 四字成語를 완성하시오.,龍(    )鳳湯 : 용 고기로 맛을 낸 요리와 봉새로 끓인 탕.,龍( )鳳湯,,味,味,
3급II,108,2025-02-22,115,seongeo_W,다음 ( ) 안에 알맞은 漢字를 적어 四字成語를 완성하시오.,金枝玉(    ) : 금으로 된 가지와 옥으로 된 잎.,金枝玉( ),,葉,葉,
3급II,108,2025-02-22,116,seongeo_W,다음 ( ) 안에 알맞은 漢字를 적어 四字成語를 완성하시오.,壽(    )康寧 : 오래 살고 복을 누리며 건강하고 평안함.,壽( )康寧,,福,福,
3급II,108,2025-02-22,117,seongeo_W,다음 ( ) 안에 알맞은 漢字를 적어 四字成語를 완성하시오.,一(    )貫之 : 하나의 방법이나 태도로써 처음부터 끝까지 한결같음.,一( )貫之,,以,以,
3급II,108,2025-02-22,118,seongeo_W,다음 ( ) 안에 알맞은 漢字를 적어 四字成語를 완성하시오.,萬頃蒼(    ) : 한없이 넓고 넓은 바다.,萬頃蒼( ),,波,波,
3급II,108,2025-02-22,119,seongeo_W,다음 ( ) 안에 알맞은 漢字를 적어 四字成語를 완성하시오.,近墨者(    ) : 먹을 가까이하는 사람은 검어짐.,近墨者( ),,黑,黑,
3급II,108,2025-02-22,120,seongeo_W,다음 ( ) 안에 알맞은 漢字를 적어 四字成語를 완성하시오.,勿(    )好機 : 좋은 기회를 놓치지 말라는 뜻.,勿( )好機,,失,失,
3급II,108,2025-02-22,121,hanjaeo_W,다음 문장의 밑줄 친 漢字語를 正字의 漢字로 쓰시오.,환경 단체가 환경 오염의 심각성을 경고하고 나섰다.,경고,,警告,警告,
3급II,108,2025-02-22,122,hanjaeo_W,다음 문장의 밑줄 친 漢字語를 正字의 漢字로 쓰시오.,막내는 거짓말을 안 하겠다고 철석같이 약속했다.,약속,,約束,約束,
3급II,108,2025-02-22,123,hanjaeo_W,다음 문장의 밑줄 친 漢字語를 正字의 漢字로 쓰시오.,갓 입사한 그는 아직은 경험이 부족해 일하는 것이 서툴다.,경험,,經驗,經驗,
3급II,108,2025-02-22,124,hanjaeo_W,다음 문장의 밑줄 친 漢字語를 正字의 漢字로 쓰시오.,비리 연루된 정치인으로 김 모 씨가 거명되었다.,거명,,擧名,擧名,
3급II,108,2025-02-22,125,hanjaeo_W,다음 문장의 밑줄 친 漢字語를 正字의 漢字로 쓰시오.,선생님은 우리에게 프랑스어의 발음 규칙을 설명해 주셨다.,규칙,,規則,規則,
3급II,108,2025-02-22,126,hanjaeo_W,다음 문장의 밑줄 친 漢字語를 正字의 漢字로 쓰시오.,절대 권력을 휘두르려는 음흉스러운 계획은 수포로 돌아갔다.,음흉,,陰凶,陰凶,
3급II,108,2025-02-22,127,hanjaeo_W,다음 문장의 밑줄 친 漢字語를 正字의 漢字로 쓰시오.,수리를 마친 부품들을 분해한 역순으로 조립하였다.,역순,,逆順,逆順,
3급II,108,2025-02-22,128,hanjaeo_W,다음 문장의 밑줄 친 漢字語를 正字의 漢字로 쓰시오.,구소련의 공산정권은 민중의 힘에 무너지고 말았다.,민중,,民衆,民衆,
3급II,108,2025-02-22,129,hanjaeo_W,다음 문장의 밑줄 친 漢字語를 正字의 漢字로 쓰시오.,이번 장마로 많은 사람들이 수재를 당했다.,수재,,水災,水災,
3급II,108,2025-02-22,130,hanjaeo_W,다음 문장의 밑줄 친 漢字語를 正字의 漢字로 쓰시오.,휴학한 그는 입영에 관한 병무 상담을 신청했다.,병무,,兵務,兵務,
3급II,108,2025-02-22,131,hanjaeo_W,다음 문장의 밑줄 친 漢字語를 正字의 漢字로 쓰시오.,경찰들은 이번 사건을 결말지으려 불철주야 고심했다.,결말,,結末,結末,
3급II,108,2025-02-22,132,hanjaeo_W,다음 문장의 밑줄 친 漢字語를 正字의 漢字로 쓰시오.,삼바 춤을 추는 댄서들의 모습은 무척 정열적이었다.,정열,,情熱,情熱,
3급II,108,2025-02-22,133,hanjaeo_W,다음 문장의 밑줄 친 漢字語를 正字의 漢字로 쓰시오.,어젯밤에 내렸던 태풍 주의보가 6시간 만에 해제되었다.,해제,,解除,解除,
3급II,108,2025-02-22,134,hanjaeo_W,다음 문장의 밑줄 친 漢字語를 正字의 漢字로 쓰시오.,양국은 외교 관계 수립을 위한 회담 개최에 합의했다.,합의,,合議,合議,
3급II,108,2025-02-22,135,hanjaeo_W,다음 문장의 밑줄 친 漢字語를 正字의 漢字로 쓰시오.,기상 이변과 계속되는 냉해로 농작물의 피해가 늘고 있다.,냉해,,冷害,冷害,
3급II,108,2025-02-22,136,hanjaeo_W,다음 문장의 밑줄 친 漢字語를 正字의 漢字로 쓰시오.,이 방송국 논설위원의 논조는 대개 보수적이다.,논조,,論調,論調,
3급II,108,2025-02-22,137,hanjaeo_W,다음 문장의 밑줄 친 漢字語를 正字의 漢字로 쓰시오.,그는 왕성한 소화력만 믿고 과식과 폭음을 일삼았다.,폭음,,暴飮,暴飮,
3급II,108,2025-02-22,138,hanjaeo_W,다음 문장의 밑줄 친 漢字語를 正字의 漢字로 쓰시오.,그 나그네는 도둑으로 오인되어 곤욕을 치렀다.,오인,,誤認,誤認,
3급II,108,2025-02-22,139,hanjaeo_W,다음 문장의 밑줄 친 漢字語를 正字의 漢字로 쓰시오.,그녀는 이번 주까지 공문서 기안을 끝낼 계획이다.,기안,,起案,起案,
3급II,108,2025-02-22,140,hanjaeo_W,다음 문장의 밑줄 친 漢字語를 正字의 漢字로 쓰시오.,문자로 소리를 나타내는 데에는 본질적 한계가 있다.,한계,,限界,限界,
3급II,108,2025-02-22,141,hanjaeo_W,다음 문장의 밑줄 친 漢字語를 正字의 漢字로 쓰시오.,갑자기 내린 폭설 때문에 항공기가 출항하지 못했다.,출항,,出航,出航,
3급II,108,2025-02-22,142,hanjaeo_W,다음 문장의 밑줄 친 漢字語를 正字의 漢字로 쓰시오.,나는 사막의 한가운데에서 자연의 순결을 느낄 수 있었다.,자연,,自然,自然,
3급II,108,2025-02-22,143,hanjaeo_W,다음 문장의 밑줄 친 漢字語를 正字의 漢字로 쓰시오.,군은 적의 공격에 대비해 다각적인 방비책을 모색했다.,방비,,防備,防備,
3급II,108,2025-02-22,144,hanjaeo_W,다음 문장의 밑줄 친 漢字語를 正字의 漢字로 쓰시오.,정계와 재계의 밀착은 부패를 초래하기 마련이다.,밀착,,密着,密着,
3급II,108,2025-02-22,145,hanjaeo_W,다음 문장의 밑줄 친 漢字語를 正字의 漢字로 쓰시오.,그녀는 꽃꽂이 경진 대회에 나가 수상한 경력이 있다.,경진,,競進,競進,
3급II,108,2025-02-22,146,hanjaeo_W,다음 문장의 밑줄 친 漢字語를 正字의 漢字로 쓰시오.,김 기자는 사고 목격자에게 인터뷰를 요청했다.,요청,,要請,要請,
3급II,108,2025-02-22,147,hanjaeo_W,다음 문장의 밑줄 친 漢字語를 正字의 漢字로 쓰시오.,남은 음식은 용기에 담아 냉장고에 보관하였다.,용기,,容器,容器,
3급II,108,2025-02-22,148,hanjaeo_W,다음 문장의 밑줄 친 漢字語를 正字의 漢字로 쓰시오.,해수온 상승으로 동해에서도 방어 조업이 가능해졌다.,조업,,操業,操業,
3급II,108,2025-02-22,149,hanjaeo_W,다음 문장의 밑줄 친 漢字語를 正字의 漢字로 쓰시오.,팔의 뼈에 금이 가서 한동안 부목을 대고 생활했다.,부목,,副木,副木,
3급II,108,2025-02-22,150,hanjaeo_W,다음 문장의 밑줄 친 漢字語를 正字의 漢字로 쓰시오.,새해를 맞아 대청소를 하고 가구들을 새롭게 배치했다.,배치,,配置,配置,
3급II,109,2025-05-24,1,dokeum_W,다음 밑줄 친 漢字語의 讀音을 쓰시오.,이 신제품 컴퓨터에는 다양한 멀티미디어 기능이 內藏되어 있다.,內藏,,내장,내장,
3급II,109,2025-05-24,2,dokeum_W,다음 밑줄 친 漢字語의 讀音을 쓰시오.,학창 시절의 追憶을 잊을 수가 없다.,追憶,,추억,추억,
3급II,109,2025-05-24,3,dokeum_W,다음 밑줄 친 漢字語의 讀音을 쓰시오.,정서적 풍요는 潤澤한 삶의 필수조건이다.,潤澤,,윤택,윤택,
3급II,109,2025-05-24,4,dokeum_W,다음 밑줄 친 漢字語의 讀音을 쓰시오.,기업의 倒産을 막기 위해서는 노사가 조금씩 양보해야 한다.,倒産,,도산,도산,
3급II,109,2025-05-24,5,dokeum_W,다음 밑줄 친 漢字語의 讀音을 쓰시오.,국제적인 경기 沈滯로 수출량이 격감하였다.,沈滯,,침체,침체,
3급II,109,2025-05-24,6,dokeum_W,다음 밑줄 친 漢字語의 讀音을 쓰시오.,집이 없는 그에게 겨울은 殘忍한 계절이었다.,殘忍,,잔인,잔인,
3급II,109,2025-05-24,7,dokeum_W,다음 밑줄 친 漢字語의 讀音을 쓰시오.,여름철에는 전염병의 발병이 憂慮된다.,憂慮,,우려,우려,
3급II,109,2025-05-24,8,dokeum_W,다음 밑줄 친 漢字語의 讀音을 쓰시오.,독립운동가들은 상해와 만주 일대를 舞臺로 삼아 활동했다.,舞臺,,무대,무대,
3급II,109,2025-05-24,9,dokeum_W,다음 밑줄 친 漢字語의 讀音을 쓰시오.,음식 맛은 손끝에서 나온다고 하지만 음식 맛을 내는 祕訣을 알아 두면 편리하다.,祕訣,,비결,비결,
3급II,109,2025-05-24,10,dokeum_W,다음 밑줄 친 漢字語의 讀音을 쓰시오.,권투 시합을 위해 운동장 한가운데에 架設 링을 만들었다.,架設,,가설,가설,
3급II,109,2025-05-24,11,dokeum_W,다음 밑줄 친 漢字語의 讀音을 쓰시오.,교육은 국가의 장래와 밀접한 關聯을 맺고 있다.,關聯,,관련,관련,
3급II,109,2025-05-24,12,dokeum_W,다음 밑줄 친 漢字語의 讀音을 쓰시오.,기후 문제는 미래의 인류 생존에 큰 威脅이 아닐 수 없다.,威脅,,위협,위협,
3급II,109,2025-05-24,13,dokeum_W,다음 밑줄 친 漢字語의 讀音을 쓰시오.,정부에서 피해를 입은 사람들에 대한 생필품 提供을 서둘렀다.,提供,,제공,제공,
3급II,109,2025-05-24,14,dokeum_W,다음 밑줄 친 漢字語의 讀音을 쓰시오.,부대 위에는 헬기 몇 대가 공중을 旋回하고 있었다.,旋回,,선회,선회,
3급II,109,2025-05-24,15,dokeum_W,다음 밑줄 친 漢字語의 讀音을 쓰시오.,그는 지난날의 잘못들을 반성하면서 悔恨의 눈물을 흘렸다.,悔恨,,회한,회한,
3급II,109,2025-05-24,16,dokeum_W,다음 밑줄 친 漢字語의 讀音을 쓰시오.,무분별한 捕獲으로 멸종 위기에 놓여 있는 동물이 많다.,捕獲,,포획,포획,
3급II,109,2025-05-24,17,dokeum_W,다음 밑줄 친 漢字語의 讀音을 쓰시오.,여러 날의 熟考 끝에 최선의 해결책을 얻었다.,熟考,,숙고,숙고,
3급II,109,2025-05-24,18,dokeum_W,다음 밑줄 친 漢字語의 讀音을 쓰시오.,자주 직장에 지각하던 김 과장은 勤愼하라는 명을 받았다.,勤愼,,근신,근신,
3급II,109,2025-05-24,19,dokeum_W,다음 밑줄 친 漢字語의 讀音을 쓰시오.,높은 경지에 이르기 위해서는 고된 修鍊이 필요하다.,修鍊,,수련,수련,
3급II,109,2025-05-24,20,dokeum_W,다음 밑줄 친 漢字語의 讀音을 쓰시오.,사회의 안녕을 지키는 차원에서 세금 脫漏를 근절해야 한다.,脫漏,,탈루,탈루,
3급II,109,2025-05-24,21,dokeum_W,다음 漢字語의 讀音을 쓰시오.,假借,假借,,가차,가차,
3급II,109,2025-05-24,22,dokeum_W,다음 漢字語의 讀音을 쓰시오.,稱讚,稱讚,,칭찬,칭찬,
3급II,109,2025-05-24,23,dokeum_W,다음 漢字語의 讀音을 쓰시오.,怪奇,怪奇,,괴기,괴기,
3급II,109,2025-05-24,24,dokeum_W,다음 漢字語의 讀音을 쓰시오.,累代,累代,,누대,누대,
3급II,109,2025-05-24,25,dokeum_W,다음 漢字語의 讀音을 쓰시오.,督勵,督勵,,독려,독려,
3급II,109,2025-05-24,26,dokeum_W,다음 漢字語의 讀音을 쓰시오.,置簿,置簿,,치부,치부,
3급II,109,2025-05-24,27,dokeum_W,다음 漢字語의 讀音을 쓰시오.,免責,免責,,면책,면책,
3급II,109,2025-05-24,28,dokeum_W,다음 漢字語의 讀音을 쓰시오.,比較,比較,,비교,비교,
3급II,109,2025-05-24,29,dokeum_W,다음 漢字語의 讀音을 쓰시오.,缺損,缺損,,결손,결손,
3급II,109,2025-05-24,30,dokeum_W,다음 漢字語의 讀音을 쓰시오.,廢刊,廢刊,,폐간,폐간,
3급II,109,2025-05-24,31,dokeum_W,다음 漢字語의 讀音을 쓰시오.,宣布,宣布,,선포,선포,
3급II,109,2025-05-24,32,dokeum_W,다음 漢字語의 讀音을 쓰시오.,巡訪,巡訪,,순방,순방,
3급II,109,2025-05-24,33,dokeum_W,다음 漢字語의 讀音을 쓰시오.,榮辱,榮辱,,영욕,영욕,
3급II,109,2025-05-24,34,dokeum_W,다음 漢字語의 讀音을 쓰시오.,卓越,卓越,,탁월,탁월,
3급II,109,2025-05-24,35,dokeum_W,다음 漢字語의 讀音을 쓰시오.,浮織,浮織,,부직,부직,
3급II,109,2025-05-24,36,dokeum_W,다음 漢字語의 讀音을 쓰시오.,陷沒,陷沒,,함몰,함몰,
3급II,109,2025-05-24,37,dokeum_W,다음 漢字語의 讀音을 쓰시오.,裂傷,裂傷,,열상,열상,
3급II,109,2025-05-24,38,dokeum_W,다음 漢字語의 讀音을 쓰시오.,芳名,芳名,,방명,방명,
3급II,109,2025-05-24,39,dokeum_W,다음 漢字語의 讀音을 쓰시오.,轉役,轉役,,전역,전역,
3급II,109,2025-05-24,40,dokeum_W,다음 漢字語의 讀音을 쓰시오.,總帥,總帥,,총수,총수,
3급II,109,2025-05-24,41,dokeum_W,다음 漢字語의 讀音을 쓰시오.,瞬間,瞬間,,순간,순간,
3급II,109,2025-05-24,42,dokeum_W,다음 漢字語의 讀音을 쓰시오.,仲裁,仲裁,,중재,중재,
3급II,109,2025-05-24,43,dokeum_W,다음 漢字語의 讀音을 쓰시오.,浸透,浸透,,침투,침투,
3급II,109,2025-05-24,44,dokeum_W,다음 漢字語의 讀音을 쓰시오.,觸發,觸發,,촉발,촉발,
3급II,109,2025-05-24,45,dokeum_W,다음 漢字語의 讀音을 쓰시오.,粧飾,粧飾,,장식,장식,
3급II,109,2025-05-24,46,huneum_W,다음 漢字의 訓과 音을 쓰시오.,適,適,,맞을 적,맞을 적,
3급II,109,2025-05-24,47,huneum_W,다음 漢字의 訓과 音을 쓰시오.,樣,樣,,모양 양,모양 양,
3급II,109,2025-05-24,48,huneum_W,다음 漢字의 訓과 音을 쓰시오.,騎,騎,,말탈 기,말탈 기,
3급II,109,2025-05-24,49,huneum_W,다음 漢字의 訓과 音을 쓰시오.,湯,湯,,끓을 탕,끓을 탕,
3급II,109,2025-05-24,50,huneum_W,다음 漢字의 訓과 音을 쓰시오.,企,企,,꾀할 기,꾀할 기,
3급II,109,2025-05-24,51,huneum_W,다음 漢字의 訓과 音을 쓰시오.,菌,菌,,버섯 균,버섯 균,
3급II,109,2025-05-24,52,huneum_W,다음 漢字의 訓과 音을 쓰시오.,延,延,,늘일 연,늘일 연,
3급II,109,2025-05-24,53,huneum_W,다음 漢字의 訓과 音을 쓰시오.,荒,荒,,거칠 황,거칠 황,
3급II,109,2025-05-24,54,huneum_W,다음 漢字의 訓과 音을 쓰시오.,範,範,,법 범,법 범,
3급II,109,2025-05-24,55,huneum_W,다음 漢字의 訓과 音을 쓰시오.,僧,僧,,중 승,중 승,
3급II,109,2025-05-24,56,huneum_W,다음 漢字의 訓과 音을 쓰시오.,蒼,蒼,,푸를 창,푸를 창,
3급II,109,2025-05-24,57,huneum_W,다음 漢字의 訓과 音을 쓰시오.,貿,貿,,무역할 무,무역할 무,
3급II,109,2025-05-24,58,huneum_W,다음 漢字의 訓과 音을 쓰시오.,獸,獸,,짐승 수,짐승 수,
3급II,109,2025-05-24,59,huneum_W,다음 漢字의 訓과 音을 쓰시오.,謀,謀,,꾀 모,꾀 모,
3급II,109,2025-05-24,60,huneum_W,다음 漢字의 訓과 音을 쓰시오.,賀,賀,,하례할 하,하례할 하,
3급II,109,2025-05-24,61,huneum_W,다음 漢字의 訓과 音을 쓰시오.,鳴,鳴,,울 명,울 명,
3급II,109,2025-05-24,62,huneum_W,다음 漢字의 訓과 音을 쓰시오.,摘,摘,,딸[手收] 적,딸[手收] 적,
3급II,109,2025-05-24,63,huneum_W,다음 漢字의 訓과 音을 쓰시오.,顯,顯,,나타날 현,나타날 현,
3급II,109,2025-05-24,64,huneum_W,다음 漢字의 訓과 音을 쓰시오.,御,御,,거느릴 어,거느릴 어,
3급II,109,2025-05-24,65,huneum_W,다음 漢字의 訓과 音을 쓰시오.,輸,輸,,보낼 수,보낼 수,
3급II,109,2025-05-24,66,huneum_W,다음 漢字의 訓과 音을 쓰시오.,審,審,,살필 심,살필 심,
3급II,109,2025-05-24,67,huneum_W,다음 漢字의 訓과 音을 쓰시오.,慕,慕,,그릴 모,그릴 모,
3급II,109,2025-05-24,68,huneum_W,다음 漢字의 訓과 音을 쓰시오.,皮,皮,,가죽 피,가죽 피,
3급II,109,2025-05-24,69,huneum_W,다음 漢字의 訓과 音을 쓰시오.,蒙,蒙,,어두울 몽,어두울 몽,
3급II,109,2025-05-24,70,huneum_W,다음 漢字의 訓과 音을 쓰시오.,振,振,,떨칠 진,떨칠 진,
3급II,109,2025-05-24,71,huneum_W,다음 漢字의 訓과 音을 쓰시오.,汗,汗,,땀 한,땀 한,
3급II,109,2025-05-24,72,huneum_W,다음 漢字의 訓과 音을 쓰시오.,厚,厚,,두터울 후,두터울 후,
3급II,109,2025-05-24,73,busu_W,다음 漢字의 部首를 쓰시오.,麥,麥,,麥,麥,
3급II,109,2025-05-24,74,busu_W,다음 漢字의 部首를 쓰시오.,襲,襲,,衣,衣,
3급II,109,2025-05-24,75,busu_W,다음 漢字의 部首를 쓰시오.,牙,牙,,牙,牙,
3급II,109,2025-05-24,76,busu_W,다음 漢字의 部首를 쓰시오.,衰,衰,,衣,衣,
3급II,109,2025-05-24,77,busu_W,다음 漢字의 部首를 쓰시오.,亞,亞,,二,二,
3급II,109,2025-05-24,78,yakja_W,다음 漢字의 略字를 쓰시오.,鐵,鐵,,鉄,鉄,
3급II,109,2025-05-24,79,yakja_W,다음 漢字의 略字를 쓰시오.,寫,寫,,写㝍冩,写㝍冩,
3급II,109,2025-05-24,80,yakja_W,다음 漢字의 略字를 쓰시오.,卒,卒,,卆,卆,
3급II,109,2025-05-24,81,jangeum_S,다음 漢字語 중 첫소리가 長音인 것을 가려 그 번호를 쓰시오.,,,"[""① 非行"", ""② 飛行""]",①,① 非行,
3급II,109,2025-05-24,82,jangeum_S,다음 漢字語 중 첫소리가 長音인 것을 가려 그 번호를 쓰시오.,,,"[""① 笑話"", ""② 消化""]",①,① 笑話,
3급II,109,2025-05-24,83,jangeum_S,다음 漢字語 중 첫소리가 長音인 것을 가려 그 번호를 쓰시오.,,,"[""① 良酒"", ""② 兩主""]",②,② 兩主,
3급II,109,2025-05-24,84,jangeum_S,다음 漢字語 중 첫소리가 長音인 것을 가려 그 번호를 쓰시오.,,,"[""① 願書"", ""② 原書""]",①,① 願書,
3급II,109,2025-05-24,85,jangeum_S,다음 漢字語 중 첫소리가 長音인 것을 가려 그 번호를 쓰시오.,,,"[""① 義務"", ""② 醫務""]",①,① 義務,
3급II,109,2025-05-24,86,yui_W,다음 (      ) 안에 밑줄 친 漢字와 뜻이 같거나 비슷한 漢字를 正字로 적어 문장을 완성하시오.,그는 자신의 존재가 모래알보다 微(    )하다고 느꼈다.,微( ),,小/細,小/細,
3급II,109,2025-05-24,87,yui_W,다음 (      ) 안에 밑줄 친 漢字와 뜻이 같거나 비슷한 漢字를 正字로 적어 문장을 완성하시오.,어머니는 천지신명께 정성 들여 (    )獻을 하신다.,( )獻,,奉,奉,
3급II,109,2025-05-24,88,yui_W,다음 (      ) 안에 밑줄 친 漢字와 뜻이 같거나 비슷한 漢字를 正字로 적어 문장을 완성하시오.,우리는 선생님의 (      )寧과 무병장수를 축원하였다.,( )寧,,康/安,康/安,
3급II,109,2025-05-24,89,yui_W,다음 (      ) 안에 밑줄 친 漢字와 뜻이 같거나 비슷한 漢字를 正字로 적어 문장을 완성하시오.,그는 剛(    )한 성품과 의지를 지닌 사나이였다.,剛( ),,健,健,
3급II,109,2025-05-24,90,yui_W,다음 (      ) 안에 밑줄 친 漢字와 뜻이 같거나 비슷한 漢字를 正字로 적어 문장을 완성하시오.,지붕이 넓은 이 층 건물은 별장이라기보다는 (       )殿 같았다.,( )殿,,宮,宮,
3급II,109,2025-05-24,91,banui_W,다음 (      ) 안에 밑줄 친 漢字와 뜻이 상대(또는 반대)되는 漢字를 正字로 적어 문장을 완성하시오.,사안의 緩(   )에 따라 행정 관서의 지원에 차별이 있을 수 있다.,緩( ),,急,急,
3급II,109,2025-05-24,92,banui_W,다음 (      ) 안에 밑줄 친 漢字와 뜻이 상대(또는 반대)되는 漢字를 正字로 적어 문장을 완성하시오.,우리 축구 대표팀은 攻(         )의 전환이 무척 빠르다.,攻( ),,守,守,
3급II,109,2025-05-24,93,banui_W,다음 (      ) 안에 밑줄 친 漢字와 뜻이 상대(또는 반대)되는 漢字를 正字로 적어 문장을 완성하시오.,지난달에는 생필품의 균형 있는 需(    )이 이루어졌다.,需( ),,給,給,
3급II,109,2025-05-24,94,banui_W,다음 (      ) 안에 밑줄 친 漢字와 뜻이 상대(또는 반대)되는 漢字를 正字로 적어 문장을 완성하시오.,그 사람과 나 사이에는 아무런 ( )怨도 없다.,( )怨,,恩,恩,
3급II,109,2025-05-24,95,banui_W,다음 (      ) 안에 밑줄 친 漢字와 뜻이 상대(또는 반대)되는 漢字를 正字로 적어 문장을 완성하시오.,장군은 사사로운 정에 얽매이지 않고 賞(      )을 엄격하게 하였다.,賞( ),,罰,罰,
3급II,109,2025-05-24,96,banuieo_W,다음 두 단어가 상대(또는 반대)되는 漢字語가 되도록 ( ) 안에 알맞은 漢字(正字)를 쓰시오.,昇(    ) ↔ 降臨,昇( ) ↔ 降臨,,天,天,
3급II,109,2025-05-24,97,banuieo_W,다음 두 단어가 상대(또는 반대)되는 漢字語가 되도록 ( ) 안에 알맞은 漢字(正字)를 쓰시오.,( )諾 ↔ 拒否,( )諾 ↔ 拒否,,承,承,
3급II,109,2025-05-24,98,banuieo_W,다음 두 단어가 상대(또는 반대)되는 漢字語가 되도록 ( ) 안에 알맞은 漢字(正字)를 쓰시오.,相峯 ↔ 離(       ),相峯 ↔ 離( ),,別,別,
3급II,109,2025-05-24,99,banuieo_W,다음 두 단어가 상대(또는 반대)되는 漢字語가 되도록 ( ) 안에 알맞은 漢字(正字)를 쓰시오.,滅(    ) ↔ 隆興,滅( ) ↔ 隆興,,亡,亡,
3급II,109,2025-05-24,100,banuieo_W,다음 두 단어가 상대(또는 반대)되는 漢字語가 되도록 ( ) 안에 알맞은 漢字(正字)를 쓰시오.,嚴(   ) ↔ 寬大,嚴( ) ↔ 寬大,,格,格,
3급II,109,2025-05-24,101,mean_W,다음 漢字語의 뜻을 쓰시오.,打鼓,打鼓,,북을 침,북을 침,
3급II,109,2025-05-24,102,mean_W,다음 漢字語의 뜻을 쓰시오.,推測,推測,,미루어 헤아림,미루어 헤아림,
3급II,109,2025-05-24,103,mean_W,다음 漢字語의 뜻을 쓰시오.,掌紋,掌紋,,손바닥에 무늬 난 손금의,손바닥에 무늬 난 손금의,
3급II,109,2025-05-24,104,mean_W,다음 漢字語의 뜻을 쓰시오.,偶列,偶列,,짝수의 열,짝수의 열,
3급II,109,2025-05-24,105,mean_W,다음 漢字語의 뜻을 쓰시오.,獎誘,獎誘,,장려하며 권유함,장려하며 권유함,
3급II,109,2025-05-24,106,dongeumeo_W,다음 (        ) 속 단어의 同音異義語를 주어진 뜻에 맞게 漢字(正字)로 쓰시오.,(甘辭) - 고마움을 나타내는 인사.,(甘辭),,感謝,感謝,
3급II,109,2025-05-24,107,dongeumeo_W,다음 (        ) 속 단어의 同音異義語를 주어진 뜻에 맞게 漢字(正字)로 쓰시오.,(獨聖) - 독이 있는 성분.,(獨聖),,毒性,毒性,
3급II,109,2025-05-24,108,dongeumeo_W,다음 (        ) 속 단어의 同音異義語를 주어진 뜻에 맞게 漢字(正字)로 쓰시오.,(買占) - 물건을 파는 작은 상점.,(買占),,賣店,賣店,
3급II,109,2025-05-24,109,dongeumeo_W,다음 (        ) 속 단어의 同音異義語를 주어진 뜻에 맞게 漢字(正字)로 쓰시오.,(方田) - 전기를 띤 물체에서 전기가 외부로 흘러나오는 현상.,(方田),,放電,放電,
3급II,109,2025-05-24,110,dongeumeo_W,다음 (        ) 속 단어의 同音異義語를 주어진 뜻에 맞게 漢字(正字)로 쓰시오.,(事端) - 군대 편성 단위의 하나.,(事端),,師團,師團,
3급II,109,2025-05-24,111,seongeo_W,다음 ( ) 안에 알맞은 漢字를 적어 四字成語를 완성하시오.,日就月(    ) : 날마다 자라고 달마다 발전함.,日就月( ),,將,將,
3급II,109,2025-05-24,112,seongeo_W,다음 ( ) 안에 알맞은 漢字를 적어 四字成語를 완성하시오.,莫逆之(    ) : 뜻이 맞아 서로 거스르는 일이 없는 벗.,莫逆之( ),,友,友,
3급II,109,2025-05-24,113,seongeo_W,다음 ( ) 안에 알맞은 漢字를 적어 四字成語를 완성하시오.,切(    )腐心 : 분하여 이를 갈며 속을 썩임.,切( )腐心,,齒,齒,
3급II,109,2025-05-24,114,seongeo_W,다음 ( ) 안에 알맞은 漢字를 적어 四字成語를 완성하시오.,森羅( )像 : 우주에 있는 온갖 사물과 현상.,森羅( )像,,萬,萬,
3급II,109,2025-05-24,115,seongeo_W,다음 ( ) 안에 알맞은 漢字를 적어 四字成語를 완성하시오.,近墨者(    ) : 먹을 가까이하는 사람은 검어짐.,近墨者( ),,黑,黑,
3급II,109,2025-05-24,116,seongeo_W,다음 ( ) 안에 알맞은 漢字를 적어 四字成語를 완성하시오.,漸(    )佳境 : 들어갈수록 점점 경치가 좋음.,漸( )佳境,,入,入,
3급II,109,2025-05-24,117,seongeo_W,다음 ( ) 안에 알맞은 漢字를 적어 四字成語를 완성하시오.,(    )過遷善 : 허물을 고쳐 착하게 됨.,( )過遷善,,改,改,
3급II,109,2025-05-24,118,seongeo_W,다음 ( ) 안에 알맞은 漢字를 적어 四字成語를 완성하시오.,(    )擧妄動 : 가볍고 망령되게 행동함.,( )擧妄動,,輕,輕,
3급II,109,2025-05-24,119,seongeo_W,다음 ( ) 안에 알맞은 漢字를 적어 四字成語를 완성하시오.,衆寡不(    ) : 적은 수효로 많은 수효를 대적하지 못함.,衆寡不( ),,敵,敵,
3급II,109,2025-05-24,120,seongeo_W,다음 ( ) 안에 알맞은 漢字를 적어 四字成語를 완성하시오.,(    )衝右突 : 이리저리 마구 찌르고 부딪침.,( )衝右突,,左,左,
3급II,109,2025-05-24,121,hanjaeo_W,다음 문장의 밑줄 친 漢字語를 正字의 漢字로 쓰시오.,생산 자동화는 원가의 절감과 생산성 향상에 기여할 것이다.,절감,,節減,節減,
3급II,109,2025-05-24,122,hanjaeo_W,다음 문장의 밑줄 친 漢字語를 正字의 漢字로 쓰시오.,주례사가 끝나고 신부 친구들의 축가가 시작되었다.,축가,,祝歌,祝歌,
3급II,109,2025-05-24,123,hanjaeo_W,다음 문장의 밑줄 친 漢字語를 正字의 漢字로 쓰시오.,어머님의 음식에는 어머니의 정성이 들어 있다.,정성,,精誠,精誠,
3급II,109,2025-05-24,124,hanjaeo_W,다음 문장의 밑줄 친 漢字語를 正字의 漢字로 쓰시오.,나는 그 학생에게 영어 지도를 해주고 있다.,지도,,指導,指導,
3급II,109,2025-05-24,125,hanjaeo_W,다음 문장의 밑줄 친 漢字語를 正字의 漢字로 쓰시오.,주민들은 정부에 그린벨트의 전면 해제를 요구했다.,해제,,解除,解除,
3급II,109,2025-05-24,126,hanjaeo_W,다음 문장의 밑줄 친 漢字語를 正字의 漢字로 쓰시오.,그곳에 들어가려면 신원 확인을 받아야 한다.,확인,,確認,確認,
3급II,109,2025-05-24,127,hanjaeo_W,다음 문장의 밑줄 친 漢字語를 正字의 漢字로 쓰시오.,오늘은 담당 의사가 휴진이라 다른 의사에게 진료를 받았다.,담당,,擔當,擔當,
3급II,109,2025-05-24,128,hanjaeo_W,다음 문장의 밑줄 친 漢字語를 正字의 漢字로 쓰시오.,칡뿌리를 잘라서 찧으면 녹말이 물에 가라앉는다.,녹말,,綠末,綠末,
3급II,109,2025-05-24,129,hanjaeo_W,다음 문장의 밑줄 친 漢字語를 正字의 漢字로 쓰시오.,우리 밴드는 대학 축제에서 축하 공연을 해 달라는 요청을 받았다.,요청,,要請,要請,
3급II,109,2025-05-24,130,hanjaeo_W,다음 문장의 밑줄 친 漢字語를 正字의 漢字로 쓰시오.,그가 장차 큰 사람이 될 것으로 기대된다.,기대,,期待,期待,
3급II,109,2025-05-24,131,hanjaeo_W,다음 문장의 밑줄 친 漢字語를 正字의 漢字로 쓰시오.,우리 팀은 상대에게 30점이라는 큰 점수 차로 압승하였다.,압승,,壓勝,壓勝,
3급II,109,2025-05-24,132,hanjaeo_W,다음 문장의 밑줄 친 漢字語를 正字의 漢字로 쓰시오.,그는 계산기를 두드리는 것보다 암산하는 것이 더 빠르다.,암산,,暗算,暗算,
3급II,109,2025-05-24,133,hanjaeo_W,다음 문장의 밑줄 친 漢字語를 正字의 漢字로 쓰시오.,이 교수님의 강연은 막힘없어 매번 청중들을 매료시킨다.,강연,,講演,講演,
3급II,109,2025-05-24,134,hanjaeo_W,다음 문장의 밑줄 친 漢字語를 正字의 漢字로 쓰시오.,이곳은 한때 석탄을 캐던 광산이었는데 지금은 폐광되었다.,석탄,,石炭,石炭,
3급II,109,2025-05-24,135,hanjaeo_W,다음 문장의 밑줄 친 漢字語를 正字의 漢字로 쓰시오.,아버님께서는 숙환으로 고생하시다가 별세하셨다.,숙환,,宿患,宿患,
3급II,109,2025-05-24,136,hanjaeo_W,다음 문장의 밑줄 친 漢字語를 正字의 漢字로 쓰시오.,그는 항상 어른을 존경하는 태도를 보였다.,존경,,尊敬,尊敬,
3급II,109,2025-05-24,137,hanjaeo_W,다음 문장의 밑줄 친 漢字語를 正字의 漢字로 쓰시오.,이온 음료는 물보다 체내에 빠르게 흡수된다고 한다.,흡수,,吸收,吸收,
3급II,109,2025-05-24,138,hanjaeo_W,다음 문장의 밑줄 친 漢字語를 正字의 漢字로 쓰시오.,직원들은 서로 새해 복 많이 받으시라고 덕담을 주고받았다.,덕담,,德談,德談,
3급II,109,2025-05-24,139,hanjaeo_W,다음 문장의 밑줄 친 漢字語를 正字의 漢字로 쓰시오.,그에게 배달된 소포를 뜯어보니 책이 들어 있었다.,배달,,配達,配達,
3급II,109,2025-05-24,140,hanjaeo_W,다음 문장의 밑줄 친 漢字語를 正字의 漢字로 쓰시오.,거친 파도가 절벽과 부딪치며 철썩거리고 있다.,절벽,,絶壁,絶壁,
3급II,109,2025-05-24,141,hanjaeo_W,다음 문장의 밑줄 친 漢字語를 正字의 漢字로 쓰시오.,밤사이 눈이 많이 내려 도로에 결빙 구간이 많다.,결빙,,結氷,結氷,
3급II,109,2025-05-24,142,hanjaeo_W,다음 문장의 밑줄 친 漢字語를 正字의 漢字로 쓰시오.,이곳은 통제 구역이므로 개인이 사사로이 출입할 수 없다.,통제,,統制,統制,
3급II,109,2025-05-24,143,hanjaeo_W,다음 문장의 밑줄 친 漢字語를 正字의 漢字로 쓰시오.,그 선수는 비신사적인 행동으로 심판에게 경고를 받았다.,행동,,行動,行動,
3급II,109,2025-05-24,144,hanjaeo_W,다음 문장의 밑줄 친 漢字語를 正字의 漢字로 쓰시오.,남자 일변도의 사관 학교에 여자들의 입학이 허용되었다.,허용,,許容,許容,
3급II,109,2025-05-24,145,hanjaeo_W,다음 문장의 밑줄 친 漢字語를 正字의 漢字로 쓰시오.,스포츠를 통해 두 나라의 우애와 친선이 획기적으로 증진되었다.,증진,,增進,增進,
3급II,109,2025-05-24,146,hanjaeo_W,다음 문장의 밑줄 친 漢字語를 正字의 漢字로 쓰시오.,빠듯한 경비 때문에 멀리 여행을 가는 것은 힘들겠다.,경비,,經費,經費,
3급II,109,2025-05-24,147,hanjaeo_W,다음 문장의 밑줄 친 漢字語를 正字의 漢字로 쓰시오.,그는 아침에 사무실에 들어오면서 항상 직원 모두에게 큰 소리로 인사한다.,직원,,職員,職員,
3급II,109,2025-05-24,148,hanjaeo_W,다음 문장의 밑줄 친 漢字語를 正字의 漢字로 쓰시오.,우리 모임의 회장은 연임이 가능하다.,연임,,連任,連任,
3급II,109,2025-05-24,149,hanjaeo_W,다음 문장의 밑줄 친 漢字語를 正字의 漢字로 쓰시오.,이번 행사는 시민들의 협조로 무사히 치러졌다.,협조,,協助,協助,
3급II,109,2025-05-24,150,hanjaeo_W,다음 문장의 밑줄 친 漢字語를 正字의 漢字로 쓰시오.,지난번 홍수에 고향 땅이 물에 잠겼다.,고향,,故鄕,故鄕,
3급II,110,2025-08-23,1,dokeum_W,다음 밑줄 친 漢字語의 讀音을 쓰시오.,관중들은 선수들에게 힘내라고 督勵했다.,督勵,,독려,독려,
3급II,110,2025-08-23,2,dokeum_W,다음 밑줄 친 漢字語의 讀音을 쓰시오.,이 시간이면 도로는 많은 차들로 停滯가 심하다.,停滯,,정체,정체,
3급II,110,2025-08-23,3,dokeum_W,다음 밑줄 친 漢字語의 讀音을 쓰시오.,병사들은 彈倉을 갈아 끼웠다.,彈倉,,탄창,탄창,
3급II,110,2025-08-23,4,dokeum_W,다음 밑줄 친 漢字語의 讀音을 쓰시오.,우리의 시위 행위가 어느 법에 抵觸한단 말씀이세요?,抵觸,,저촉,저촉,
3급II,110,2025-08-23,5,dokeum_W,다음 밑줄 친 漢字語의 讀音을 쓰시오.,축구협회는 철수를 국가대표에 選拔했다.,選拔,,선발,선발,
3급II,110,2025-08-23,6,dokeum_W,다음 밑줄 친 漢字語의 讀音을 쓰시오.,그는 분위기에 陶醉되어 연거푸 술을 마셔댔다.,陶醉,,도취,도취,
3급II,110,2025-08-23,7,dokeum_W,다음 밑줄 친 漢字語의 讀音을 쓰시오.,노인의 기력은 갈수록 衰殘해졌다.,衰殘,,쇠잔,쇠잔,
3급II,110,2025-08-23,8,dokeum_W,다음 밑줄 친 漢字語의 讀音을 쓰시오.,그는 현재 모처에 拘禁되어 있다는 소문이 있다.,拘禁,,구금,구금,
3급II,110,2025-08-23,9,dokeum_W,다음 밑줄 친 漢字語의 讀音을 쓰시오.,양국 정상은 連鎖 회담을 가졌다.,連鎖,,연쇄,연쇄,
3급II,110,2025-08-23,10,dokeum_W,다음 밑줄 친 漢字語의 讀音을 쓰시오.,질주하는 飛虎의 눈은 사냥감에 고정되어 있다.,飛虎,,비호,비호,
3급II,110,2025-08-23,11,dokeum_W,다음 밑줄 친 漢字語의 讀音을 쓰시오.,서해 바다는 蒼然히 푸르렀다.,蒼然,,창연,창연,
3급II,110,2025-08-23,12,dokeum_W,다음 밑줄 친 漢字語의 讀音을 쓰시오.,우리는 지난 패배에 대해 恥辱을 이번 승리로 갚았다.,恥辱,,치욕,치욕,
3급II,110,2025-08-23,13,dokeum_W,다음 밑줄 친 漢字語의 讀音을 쓰시오.,그 환자의 숨이 멎자 腦波의 움직임이 멈췄다.,腦波,,뇌파,뇌파,
3급II,110,2025-08-23,14,dokeum_W,다음 밑줄 친 漢字語의 讀音을 쓰시오.,우리가 탄 배는 激浪을 헤치며 나갔다.,激浪,,격랑,격랑,
3급II,110,2025-08-23,15,dokeum_W,다음 밑줄 친 漢字語의 讀音을 쓰시오.,그는 나의 부탁을 고맙게도 應諾했다.,應諾,,응낙,응낙,
3급II,110,2025-08-23,16,dokeum_W,다음 밑줄 친 漢字語의 讀音을 쓰시오.,사회자에 의해 논쟁이 仲裁되었다.,仲裁,,중재,중재,
3급II,110,2025-08-23,17,dokeum_W,다음 밑줄 친 漢字語의 讀音을 쓰시오.,여야는 서로 信賴하여야 한다.,信賴,,신뢰,신뢰,
3급II,110,2025-08-23,18,dokeum_W,다음 밑줄 친 漢字語의 讀音을 쓰시오.,정부가 그 사람들에게 피해를 전액 補償한다고 한다.,補償,,보상,보상,
3급II,110,2025-08-23,19,dokeum_W,다음 밑줄 친 漢字語의 讀音을 쓰시오.,사장은 후계자에게 경영권을 讓渡했다.,讓渡,,양도,양도,
3급II,110,2025-08-23,20,dokeum_W,다음 밑줄 친 漢字語의 讀音을 쓰시오.,도둑 세 명이 얼굴에 覆面을 하고 침입했다.,覆面,,복면,복면,
3급II,110,2025-08-23,21,dokeum_W,다음 漢字語의 讀音을 쓰시오.,陳述,陳述,,진술,진술,
3급II,110,2025-08-23,22,dokeum_W,다음 漢字語의 讀音을 쓰시오.,沙糖,沙糖,,사탕,사탕,
3급II,110,2025-08-23,23,dokeum_W,다음 漢字語의 讀音을 쓰시오.,默認,默認,,묵인,묵인,
3급II,110,2025-08-23,24,dokeum_W,다음 漢字語의 讀音을 쓰시오.,憂顔,憂顔,,우안,우안,
3급II,110,2025-08-23,25,dokeum_W,다음 漢字語의 讀音을 쓰시오.,殆半,殆半,,태반,태반,
3급II,110,2025-08-23,26,dokeum_W,다음 漢字語의 讀音을 쓰시오.,端緖,端緖,,단서,단서,
3급II,110,2025-08-23,27,dokeum_W,다음 漢字語의 讀音을 쓰시오.,退鬼,退鬼,,퇴귀,퇴귀,
3급II,110,2025-08-23,28,dokeum_W,다음 漢字語의 讀音을 쓰시오.,扶持,扶持,,부지,부지,
3급II,110,2025-08-23,29,dokeum_W,다음 漢字語의 讀音을 쓰시오.,巡察,巡察,,순찰,순찰,
3급II,110,2025-08-23,30,dokeum_W,다음 漢字語의 讀音을 쓰시오.,輕薄,輕薄,,경박,경박,
3급II,110,2025-08-23,31,dokeum_W,다음 漢字語의 讀音을 쓰시오.,計巧,計巧,,계교,계교,
3급II,110,2025-08-23,32,dokeum_W,다음 漢字語의 讀音을 쓰시오.,換錢,換錢,,환전,환전,
3급II,110,2025-08-23,33,dokeum_W,다음 漢字語의 讀音을 쓰시오.,脅迫,脅迫,,협박,협박,
3급II,110,2025-08-23,34,dokeum_W,다음 漢字語의 讀音을 쓰시오.,衝突,衝突,,충돌,충돌,
3급II,110,2025-08-23,35,dokeum_W,다음 漢字語의 讀音을 쓰시오.,慈堂,慈堂,,자당,자당,
3급II,110,2025-08-23,36,dokeum_W,다음 漢字語의 讀音을 쓰시오.,熟議,熟議,,숙의,숙의,
3급II,110,2025-08-23,37,dokeum_W,다음 漢字語의 讀音을 쓰시오.,爭訴,爭訴,,쟁소,쟁소,
3급II,110,2025-08-23,38,dokeum_W,다음 漢字語의 讀音을 쓰시오.,疏通,疏通,,소통,소통,
3급II,110,2025-08-23,39,dokeum_W,다음 漢字語의 讀音을 쓰시오.,淨洗,淨洗,,정세,정세,
3급II,110,2025-08-23,40,dokeum_W,다음 漢字語의 讀音을 쓰시오.,懸門,懸門,,현문,현문,
3급II,110,2025-08-23,41,dokeum_W,다음 漢字語의 讀音을 쓰시오.,優越,優越,,우월,우월,
3급II,110,2025-08-23,42,dokeum_W,다음 漢字語의 讀音을 쓰시오.,暴露,暴露,,폭로,폭로,
3급II,110,2025-08-23,43,dokeum_W,다음 漢字語의 讀音을 쓰시오.,稅吏,稅吏,,세리,세리,
3급II,110,2025-08-23,44,dokeum_W,다음 漢字語의 讀音을 쓰시오.,漏出,漏出,,누출,누출,
3급II,110,2025-08-23,45,dokeum_W,다음 漢字語의 讀音을 쓰시오.,傾倒,傾倒,,경도,경도,
3급II,110,2025-08-23,46,huneum_W,다음 漢字의 訓과 音을 쓰시오.,曾,曾,,일찍/일찍이 증,일찍/일찍이 증,
3급II,110,2025-08-23,47,huneum_W,다음 漢字의 訓과 音을 쓰시오.,殿,殿,,전각 전,전각 전,
3급II,110,2025-08-23,48,huneum_W,다음 漢字의 訓과 音을 쓰시오.,桑,桑,,뽕나무 상,뽕나무 상,
3급II,110,2025-08-23,49,huneum_W,다음 漢字의 訓과 音을 쓰시오.,妃,妃,,왕비 비,왕비 비,
3급II,110,2025-08-23,50,huneum_W,다음 漢字의 訓과 音을 쓰시오.,宙,宙,,집 주,집 주,
3급II,110,2025-08-23,51,huneum_W,다음 漢字의 訓과 音을 쓰시오.,曆,曆,,책력 력,책력 력,
3급II,110,2025-08-23,52,huneum_W,다음 漢字의 訓과 音을 쓰시오.,梅,梅,,매화 매,매화 매,
3급II,110,2025-08-23,53,huneum_W,다음 漢字의 訓과 音을 쓰시오.,瓦,瓦,,기와 와,기와 와,
3급II,110,2025-08-23,54,huneum_W,다음 漢字의 訓과 音을 쓰시오.,維,維,,벼리 유,벼리 유,
3급II,110,2025-08-23,55,huneum_W,다음 漢字의 訓과 音을 쓰시오.,我,我,,나 아,나 아,
3급II,110,2025-08-23,56,huneum_W,다음 漢字의 訓과 音을 쓰시오.,畢,畢,,마칠 필,마칠 필,
3급II,110,2025-08-23,57,huneum_W,다음 漢字의 訓과 音을 쓰시오.,借,借,,빌/빌릴 차,빌/빌릴 차,
3급II,110,2025-08-23,58,huneum_W,다음 漢字의 訓과 音을 쓰시오.,頂,頂,,정수리 정,정수리 정,
3급II,110,2025-08-23,59,huneum_W,다음 漢字의 訓과 音을 쓰시오.,懷,懷,,품을 회,품을 회,
3급II,110,2025-08-23,60,huneum_W,다음 漢字의 訓과 音을 쓰시오.,封,封,,봉할 봉,봉할 봉,
3급II,110,2025-08-23,61,huneum_W,다음 漢字의 訓과 音을 쓰시오.,刺,刺,,찌를 자/찌를 척,찌를 자/찌를 척,
3급II,110,2025-08-23,62,huneum_W,다음 漢字의 訓과 音을 쓰시오.,鑄,鑄,,쇠불릴 주,쇠불릴 주,
3급II,110,2025-08-23,63,huneum_W,다음 漢字의 訓과 音을 쓰시오.,羽,羽,,깃 우,깃 우,
3급II,110,2025-08-23,64,huneum_W,다음 漢字의 訓과 音을 쓰시오.,久,久,,오랠 구,오랠 구,
3급II,110,2025-08-23,65,huneum_W,다음 漢字의 訓과 音을 쓰시오.,冠,冠,,갓 관,갓 관,
3급II,110,2025-08-23,66,huneum_W,다음 漢字의 訓과 音을 쓰시오.,恐,恐,,두려울 공,두려울 공,
3급II,110,2025-08-23,67,huneum_W,다음 漢字의 訓과 音을 쓰시오.,齊,齊,,가지런할 제,가지런할 제,
3급II,110,2025-08-23,68,huneum_W,다음 漢字의 訓과 音을 쓰시오.,澤,澤,,못 택,못 택,
3급II,110,2025-08-23,69,huneum_W,다음 漢字의 訓과 音을 쓰시오.,寬,寬,,너그로울 관,너그로울 관,
3급II,110,2025-08-23,70,huneum_W,다음 漢字의 訓과 音을 쓰시오.,丙,丙,,남녘 병,남녘 병,
3급II,110,2025-08-23,71,huneum_W,다음 漢字의 訓과 音을 쓰시오.,偶,偶,,짝 우,짝 우,
3급II,110,2025-08-23,72,huneum_W,다음 漢字의 訓과 音을 쓰시오.,奏,奏,,아뢸 주,아뢸 주,
3급II,110,2025-08-23,73,busu_W,다음 漢字의 部首를 쓰시오.,辰,辰,,辰,辰,
3급II,110,2025-08-23,74,busu_W,다음 漢字의 部首를 쓰시오.,燕,燕,,火(灬),火(灬),
3급II,110,2025-08-23,75,busu_W,다음 漢字의 部首를 쓰시오.,禽,禽,,禸,禸,
3급II,110,2025-08-23,76,busu_W,다음 漢字의 部首를 쓰시오.,亭,亭,,亠,亠,
3급II,110,2025-08-23,77,busu_W,다음 漢字의 部首를 쓰시오.,雷,雷,,雨,雨,
3급II,110,2025-08-23,78,yakja_W,다음 漢字의 略字를 쓰시오.,師,師,,师,师,
3급II,110,2025-08-23,79,yakja_W,다음 漢字의 略字를 쓰시오.,聲,聲,,声,声,
3급II,110,2025-08-23,80,yakja_W,다음 漢字의 略字를 쓰시오.,燈,燈,,灯,灯,
3급II,110,2025-08-23,81,jangeum_S,다음 漢字語 중 첫소리가 長音인 것을 가려 그 번호를 쓰시오.,,,"[""① 微笑"", ""② 美蘇""]",②,② 美蘇,
3급II,110,2025-08-23,82,jangeum_S,다음 漢字語 중 첫소리가 長音인 것을 가려 그 번호를 쓰시오.,,,"[""① 上官"", ""② 相關""]",①,① 上官,
3급II,110,2025-08-23,83,jangeum_S,다음 漢字語 중 첫소리가 長音인 것을 가려 그 번호를 쓰시오.,,,"[""① 諸士"", ""② 祭祀""]",②,② 祭祀,
3급II,110,2025-08-23,84,jangeum_S,다음 漢字語 중 첫소리가 長音인 것을 가려 그 번호를 쓰시오.,,,"[""① 強辯"", ""② 江邊""]",①,① 強辯,
3급II,110,2025-08-23,85,jangeum_S,다음 漢字語 중 첫소리가 長音인 것을 가려 그 번호를 쓰시오.,,,"[""① 競技"", ""② 京畿""]",①,① 競技,
3급II,110,2025-08-23,86,yui_W,다음 (     ) 안에 밑줄 친 漢字와 뜻이 같거나 비슷한 漢字를 正字로 적어 문장을 완성하시오.,사물들은 (     )覺을 통해서 우리에게 지각된다.,( )覺,,感,感,
3급II,110,2025-08-23,87,yui_W,다음 (     ) 안에 밑줄 친 漢字와 뜻이 같거나 비슷한 漢字를 正字로 적어 문장을 완성하시오.,이 나무들은 (     )栽 후 돌보지 않아 생육 상태가 좋지 않다.,( )栽,,植,植,
3급II,110,2025-08-23,88,yui_W,다음 (     ) 안에 밑줄 친 漢字와 뜻이 같거나 비슷한 漢字를 正字로 적어 문장을 완성하시오.,아이에게 일찍 자고 일찍 일어나는 ( )慣을 기르도록 가르쳤다.,( )慣,,習,習,
3급II,110,2025-08-23,89,yui_W,다음 (     ) 안에 밑줄 친 漢字와 뜻이 같거나 비슷한 漢字를 正字로 적어 문장을 완성하시오.,적군은 연막전술에 능했으므로 삼엄한 ( )戒가 필요했다.,( )戒,,警,警,
3급II,110,2025-08-23,90,yui_W,다음 (     ) 안에 밑줄 친 漢字와 뜻이 같거나 비슷한 漢字를 正字로 적어 문장을 완성하시오.,조국의 분단은 많은 사람이 가족과 訣( )하게 만들었다.,訣( ),,別,別,
3급II,110,2025-08-23,91,banui_W,다음 (         ) 안에 밑줄 친 漢字와 뜻이 상대(또는 반대)되는 漢字를 正字로 적어 문장을 완성하시오.,급하게 내달려 온 그는 (        )吸을 가다듬기 위해 물 한 모금을 마셨다.,( )吸,,呼,呼,
3급II,110,2025-08-23,92,banui_W,다음 (         ) 안에 밑줄 친 漢字와 뜻이 상대(또는 반대)되는 漢字를 正字로 적어 문장을 완성하시오.,위원들은 상정된 안건에 대해 贊(    ) 양론으로 나뉘었다.,贊( ),,反,反,
3급II,110,2025-08-23,93,banui_W,다음 (         ) 안에 밑줄 친 漢字와 뜻이 상대(또는 반대)되는 漢字를 正字로 적어 문장을 완성하시오.,우리나라의 서해안은 干(         )의 차가 커서 간석지가 넓게 발달하였다.,干( ),,滿,滿,
3급II,110,2025-08-23,94,banui_W,다음 (         ) 안에 밑줄 친 漢字와 뜻이 상대(또는 반대)되는 漢字를 正字로 적어 문장을 완성하시오.,그녀는 이 소설에서 인생의 고통과 투쟁을 (       )減 없이 묘사하였다.,( )減,,加,加,
3급II,110,2025-08-23,95,banui_W,다음 (         ) 안에 밑줄 친 漢字와 뜻이 상대(또는 반대)되는 漢字를 正字로 적어 문장을 완성하시오.,이번에 선거법 개정안을 與(            ) 공동으로 발의하여 처리하였다.,與( ),,野,野,
3급II,110,2025-08-23,96,banuieo_W,다음 두 단어가 상대(또는 반대)되는 漢字語가 되도록 ( ) 안에 알맞은 漢字(正字)를 쓰시오.,( )奮 ↔ 安靜,( )奮 ↔ 安靜,,興,興,
3급II,110,2025-08-23,97,banuieo_W,다음 두 단어가 상대(또는 반대)되는 漢字語가 되도록 ( ) 안에 알맞은 漢字(正字)를 쓰시오.,( )縱 ↔ 連衡,( )縱 ↔ 連衡,,合,合,
3급II,110,2025-08-23,98,banuieo_W,다음 두 단어가 상대(또는 반대)되는 漢字語가 되도록 ( ) 안에 알맞은 漢字(正字)를 쓰시오.,需(   ) ↔ 供給,需( ) ↔ 供給,,要,要,
3급II,110,2025-08-23,99,banuieo_W,다음 두 단어가 상대(또는 반대)되는 漢字語가 되도록 ( ) 안에 알맞은 漢字(正字)를 쓰시오.,緊縮 ↔ 緩(    ),緊縮 ↔ 緩( ),,和,和,
3급II,110,2025-08-23,100,banuieo_W,다음 두 단어가 상대(또는 반대)되는 漢字語가 되도록 ( ) 안에 알맞은 漢字(正字)를 쓰시오.,高雅 ↔ 卑(       ),高雅 ↔ 卑( ),,俗,俗,
3급II,110,2025-08-23,101,mean_W,다음 漢字語의 뜻을 쓰시오.,丹漆,丹漆,,붉은 칠,붉은 칠,
3급II,110,2025-08-23,102,mean_W,다음 漢字語의 뜻을 쓰시오.,稚魚,稚魚,,어린 물고기,어린 물고기,
3급II,110,2025-08-23,103,mean_W,다음 漢字語의 뜻을 쓰시오.,島影,島影,,섬의 그림자,섬의 그림자,
3급II,110,2025-08-23,104,mean_W,다음 漢字語의 뜻을 쓰시오.,得喪,得喪,,얻음과 잃음/이익과 손해,얻음과 잃음/이익과 손해,
3급II,110,2025-08-23,105,mean_W,다음 漢字語의 뜻을 쓰시오.,旋回,旋回,,빙글빙글 돎,빙글빙글 돎,
3급II,110,2025-08-23,106,dongeumeo_W,다음 (         ) 속 단어의 同音異義語를 주어진 뜻에 맞게 漢字(正字)로 쓰시오.,(寶樹) - 전통적인 것을 옹호하며 유지하려 함.,(寶樹),,保守,保守,
3급II,110,2025-08-23,107,dongeumeo_W,다음 (         ) 속 단어의 同音異義語를 주어진 뜻에 맞게 漢字(正字)로 쓰시오.,(營屬) - 영원히 계속함.,(營屬),,永續,永續,
3급II,110,2025-08-23,108,dongeumeo_W,다음 (         ) 속 단어의 同音異義語를 주어진 뜻에 맞게 漢字(正字)로 쓰시오.,(許約) - 힘이나 기운이 없고 약함.,(許約),,虛弱,虛弱,
3급II,110,2025-08-23,109,dongeumeo_W,다음 (         ) 속 단어의 同音異義語를 주어진 뜻에 맞게 漢字(正字)로 쓰시오.,(秀才) - 물로 입는 피해.,(秀才),,水災,水災,
3급II,110,2025-08-23,110,dongeumeo_W,다음 (         ) 속 단어의 同音異義語를 주어진 뜻에 맞게 漢字(正字)로 쓰시오.,(科第) - 처리하거나 해결해야 할 문제.,(科第),,課題,課題,
3급II,110,2025-08-23,111,seongeo_W,다음 ( ) 안에 알맞은 漢字를 적어 四字成語를 완성하시오.,轉禍爲(   ) : 화가 바뀌어 오히려 복이 됨.,轉禍爲( ),,福,福,
3급II,110,2025-08-23,112,seongeo_W,다음 ( ) 안에 알맞은 漢字를 적어 四字成語를 완성하시오.,大(   )晩成 : 큰 그릇을 만드는 데는 시간이 오래 걸림.,大( )晩成,,器,器,
3급II,110,2025-08-23,113,seongeo_W,다음 ( ) 안에 알맞은 漢字를 적어 四字成語를 완성하시오.,適(    )適所 : 알맞은 인재를 알맞은 자리에 씀.,適( )適所,,材,材,
3급II,110,2025-08-23,114,seongeo_W,다음 ( ) 안에 알맞은 漢字를 적어 四字成語를 완성하시오.,(    )事求是 : 사실에 토대를 두어 진리를 탐구하는 일.,( )事求是,,實,實,
3급II,110,2025-08-23,115,seongeo_W,다음 ( ) 안에 알맞은 漢字를 적어 四字成語를 완성하시오.,群(    )割據 : 여러 영웅이 각기 한 지방씩 차지하고 위세를 부림.,群( )割據,,雄,雄,
3급II,110,2025-08-23,116,seongeo_W,다음 ( ) 안에 알맞은 漢字를 적어 四字成語를 완성하시오.,(    )離滅裂 : 흩어지고 찢기어 갈피를 잡을 수 없음.,( )離滅裂,,支,支,
3급II,110,2025-08-23,117,seongeo_W,다음 ( ) 안에 알맞은 漢字를 적어 四字成語를 완성하시오.,窮(    )之策 : 궁한 나머지 생각다 못하여 짜낸 계책.,窮( )之策,,餘,餘,
3급II,110,2025-08-23,118,seongeo_W,다음 ( ) 안에 알맞은 漢字를 적어 四字成語를 완성하시오.,(    )陵桃源 : 세상과 따로 떨어진 별천지.,( )陵桃源,,武,武,
3급II,110,2025-08-23,119,seongeo_W,다음 ( ) 안에 알맞은 漢字를 적어 四字成語를 완성하시오.,森(    )萬象 : 온갖 사물과 현상.,森( )萬象,,羅,羅,
3급II,110,2025-08-23,120,seongeo_W,다음 ( ) 안에 알맞은 漢字를 적어 四字成語를 완성하시오.,孤掌( )鳴 : 외손뼉만으로는 소리가 울리지 아니함.,孤掌( )鳴,,難,難,
3급II,110,2025-08-23,121,hanjaeo_W,다음 문장의 밑줄 친 漢字語를 正字의 漢字로 쓰시오.,그들은 결승전에서 상대팀에게 압승을 거두었다.,압승,,壓勝,壓勝,
3급II,110,2025-08-23,122,hanjaeo_W,다음 문장의 밑줄 친 漢字語를 正字의 漢字로 쓰시오.,교통난은 도로 개선으로 어느 정도 해결할 수 있다.,해결,,解決,解決,
3급II,110,2025-08-23,123,hanjaeo_W,다음 문장의 밑줄 친 漢字語를 正字의 漢字로 쓰시오.,감독은 모든 배우에게 적당한 배역을 배분하였다.,배분,,配分,配分,
3급II,110,2025-08-23,124,hanjaeo_W,다음 문장의 밑줄 친 漢字語를 正字의 漢字로 쓰시오.,건설회사가 교회 중앙건물 옆에 부건물도 증축했다.,증축,,增築,增築,
3급II,110,2025-08-23,125,hanjaeo_W,다음 문장의 밑줄 친 漢字語를 正字의 漢字로 쓰시오.,어머니는 원예를 취미로 삼고 있다.,원예,,園藝,園藝,
3급II,110,2025-08-23,126,hanjaeo_W,다음 문장의 밑줄 친 漢字語를 正字의 漢字로 쓰시오.,우리나라 농정의 가장 큰 문제는 시장개방과 관련 있다.,농정,,農政,農政,
3급II,110,2025-08-23,127,hanjaeo_W,다음 문장의 밑줄 친 漢字語를 正字의 漢字로 쓰시오.,그가 이번 사건의 배후를 들춰냈다.,배후,,背後,背後,
3급II,110,2025-08-23,128,hanjaeo_W,다음 문장의 밑줄 친 漢字語를 正字의 漢字로 쓰시오.,범인의 보복이 두려워 범행 신고를 망설였다.,보복,,報復,報復,
3급II,110,2025-08-23,129,hanjaeo_W,다음 문장의 밑줄 친 漢字語를 正字의 漢字로 쓰시오.,우리 집의 모든 벽지는 불에 타지 않는 재질로 처리되었다.,처리,,處理,處理,
3급II,110,2025-08-23,130,hanjaeo_W,다음 문장의 밑줄 친 漢字語를 正字의 漢字로 쓰시오.,요즘 청소년들을 잘 수련시켜서 밝은 사회의 성원이 되도록 도와야 할 것이다.,수련,,修練,修練,
3급II,110,2025-08-23,131,hanjaeo_W,다음 문장의 밑줄 친 漢字語를 正字의 漢字로 쓰시오.,그런 저질의 책은 읽지 마라.,저질,,低質,低質,
3급II,110,2025-08-23,132,hanjaeo_W,다음 문장의 밑줄 친 漢字語를 正字의 漢字로 쓰시오.,낯선 군인이 보초병에게 붉은 까마귀라고 암호를 댔다.,암호,,暗號,暗號,
3급II,110,2025-08-23,133,hanjaeo_W,다음 문장의 밑줄 친 漢字語를 正字의 漢字로 쓰시오.,철수는 항상 자신이 천리안을 가졌다고 주장했다.,천리안,,千里眼,千里眼,
3급II,110,2025-08-23,134,hanjaeo_W,다음 문장의 밑줄 친 漢字語를 正字의 漢字로 쓰시오.,공인 기관의 검인이 찍힌 물품은 안심하고 살 수 있다.,검인,,檢印,檢印,
3급II,110,2025-08-23,135,hanjaeo_W,다음 문장의 밑줄 친 漢字語를 正字의 漢字로 쓰시오.,이 지역에 현재 시공 중인 상가 건물이 몇 동이나 됩니까?,시공,,施工,施工,
3급II,110,2025-08-23,136,hanjaeo_W,다음 문장의 밑줄 친 漢字語를 正字의 漢字로 쓰시오.,젊은 사람들은 일 처리에 대한 착상이 기발하다.,착상,,着想,着想,
3급II,110,2025-08-23,137,hanjaeo_W,다음 문장의 밑줄 친 漢字語를 正字의 漢字로 쓰시오.,모든 일이 실패로 돌아가자 그는 자신의 비운을 한탄했다.,비운,,悲運,悲運,
3급II,110,2025-08-23,138,hanjaeo_W,다음 문장의 밑줄 친 漢字語를 正字의 漢字로 쓰시오.,둘이 한 숨도 쉬지 않고 속보로 길을 줄인 끝에 읍내 어귀에 도착했을 때는 정오가 설핏 지났을 무렵이었다.,정오,,正午,正午,
3급II,110,2025-08-23,139,hanjaeo_W,다음 문장의 밑줄 친 漢字語를 正字의 漢字로 쓰시오.,그는 사실상 실권을 하게 되었다.,실권,,失權,失權,
3급II,110,2025-08-23,140,hanjaeo_W,다음 문장의 밑줄 친 漢字語를 正字의 漢字로 쓰시오.,옛날에는 서적이 흔치 않아 재미난 이야기가 소리꾼들에 의해 구연되었다.,구연,,口演,口演,
3급II,110,2025-08-23,141,hanjaeo_W,다음 문장의 밑줄 친 漢字語를 正字의 漢字로 쓰시오.,그 동네는 향우회가 중심이 되어 여러 가지 선행을 한다.,향우회,,鄕友會,鄕友會,
3급II,110,2025-08-23,142,hanjaeo_W,다음 문장의 밑줄 친 漢字語를 正字의 漢字로 쓰시오.,김 과장은 폐기물 관리에 관한 현장 경력을 쌓았다.,경력,,經歷,經歷,
3급II,110,2025-08-23,143,hanjaeo_W,다음 문장의 밑줄 친 漢字語를 正字의 漢字로 쓰시오.,올해는 사과와 배 등 과일이 풍작이다.,풍작,,豊作,豊作,
3급II,110,2025-08-23,144,hanjaeo_W,다음 문장의 밑줄 친 漢字語를 正字의 漢字로 쓰시오.,전 국민의 총의를 얻을 능력 있는 자에게 정치를 맡겨야 한다.,능력,,能力,能力,
3급II,110,2025-08-23,145,hanjaeo_W,다음 문장의 밑줄 친 漢字語를 正字의 漢字로 쓰시오.,그 재야 인사의 활동은 하나하나 정보기관의 감시를 받고 있었다.,감시,,監視,監視,
3급II,110,2025-08-23,146,hanjaeo_W,다음 문장의 밑줄 친 漢字語를 正字의 漢字로 쓰시오.,거래처 바이어가 갑자기 찾아오는 바람에 오늘 회의가 취소되었다.,취소,,取消,取消,
3급II,110,2025-08-23,147,hanjaeo_W,다음 문장의 밑줄 친 漢字語를 正字의 漢字로 쓰시오.,고려청자는 빛깔이며 무늬가 매우 유려하다.,유려,,流麗,流麗,
3급II,110,2025-08-23,148,hanjaeo_W,다음 문장의 밑줄 친 漢字語를 正字의 漢字로 쓰시오.,학교 당국은 교양과목 점수가 과락한 학생들을 구제해 주었다.,당국,,當局,當局,
3급II,110,2025-08-23,149,hanjaeo_W,다음 문장의 밑줄 친 漢字語를 正字의 漢字로 쓰시오.,당시에는 언론에 대한 정부의 통제가 심각했다.,언론,,言論,言論,
3급II,110,2025-08-23,150,hanjaeo_W,다음 문장의 밑줄 친 漢字語를 正字의 漢字로 쓰시오.,새 안무에는 허리를 사용하는 율동들을 포함시켰다.,사용,,使用,使用,
3급II,111,2025-11-15,1,dokeum_W,다음 밑줄 친 漢字語의 讀音을 쓰시오.,철수의 학습 計劃은 말만 거창하였다.,計劃,,계획,계획,
3급II,111,2025-11-15,2,dokeum_W,다음 밑줄 친 漢字語의 讀音을 쓰시오.,그는 새로운 판매 시장을 開拓해 회사에 활력을 불어넣었다.,開拓,,개척,개척,
3급II,111,2025-11-15,3,dokeum_W,다음 밑줄 친 漢字語의 讀音을 쓰시오.,그 지시는 적의 浸透를 저지하라는 것이었다.,浸透,,침투,침투,
3급II,111,2025-11-15,4,dokeum_W,다음 밑줄 친 漢字語의 讀音을 쓰시오.,그는 자신과 관계가 없는 일에는 잘 介入하지 않는다.,介入,,개입,개입,
3급II,111,2025-11-15,5,dokeum_W,다음 밑줄 친 漢字語의 讀音을 쓰시오.,그는 선물 상자를 예쁜 리본으로 裝飾하기를 원했다.,裝飾,,장식,장식,
3급II,111,2025-11-15,6,dokeum_W,다음 밑줄 친 漢字語의 讀音을 쓰시오.,교황은 이곳 신자들에게 歡送받으며 비행기에 올랐다.,歡送,,환송,환송,
3급II,111,2025-11-15,7,dokeum_W,다음 밑줄 친 漢字語의 讀音을 쓰시오.,그 동물원에 가면 白虎도 볼 수 있단다.,白虎,,백호,백호,
3급II,111,2025-11-15,8,dokeum_W,다음 밑줄 친 漢字語의 讀音을 쓰시오.,나는 선생님께 영어 에세이 쓰는 受業을 받았다.,受業,,수업,수업,
3급II,111,2025-11-15,9,dokeum_W,다음 밑줄 친 漢字語의 讀音을 쓰시오.,양국 首腦들이 모여 상호 관심사를 협의했다.,首腦,,수뇌,수뇌,
3급II,111,2025-11-15,10,dokeum_W,다음 밑줄 친 漢字語의 讀音을 쓰시오.,책의 가치를 모르는 사람들에 의해 많은 장서가 奪取되었다.,奪取,,탈취,탈취,
3급II,111,2025-11-15,11,dokeum_W,다음 밑줄 친 漢字語의 讀音을 쓰시오.,그가 나타나자 사람들의 顔面이 바뀌기 시작했다.,顔面,,안면,안면,
3급II,111,2025-11-15,12,dokeum_W,다음 밑줄 친 漢字語의 讀音을 쓰시오.,고구려 수도를 평양으로 遷都시킨 왕이 누군지 아니?,遷都,,천도,천도,
3급II,111,2025-11-15,13,dokeum_W,다음 밑줄 친 漢字語의 讀音을 쓰시오.,그는 국회의원 선거에 候補로 등록했다.,候補,,후보,후보,
3급II,111,2025-11-15,14,dokeum_W,다음 밑줄 친 漢字語의 讀音을 쓰시오.,홍 선수가 골을 넣자 폭발음 같은 함성으로 스탠드 전체가 震動했다.,震動,,진동,진동,
3급II,111,2025-11-15,15,dokeum_W,다음 밑줄 친 漢字語의 讀音을 쓰시오.,이 용의자 중에서 누가 범인 같은지 指摘할 수 있겠습니까?,指摘,,지적,지적,
3급II,111,2025-11-15,16,dokeum_W,다음 밑줄 친 漢字語의 讀音을 쓰시오.,그의 失脚 후 권력 투쟁이 치열하게 전개되었다.,失脚,,실각,실각,
3급II,111,2025-11-15,17,dokeum_W,다음 밑줄 친 漢字語의 讀音을 쓰시오.,부대 위에는 헬기 몇 대가 공중을 旋回하고 있었다.,旋回,,선회,선회,
3급II,111,2025-11-15,18,dokeum_W,다음 밑줄 친 漢字語의 讀音을 쓰시오.,반란군은 의원들을 전부 유치장에 抑留시켰다.,抑留,,억류,억류,
3급II,111,2025-11-15,19,dokeum_W,다음 밑줄 친 漢字語의 讀音을 쓰시오.,그들은 바닷가에서 日沒을 바라보았다.,日沒,,일몰,일몰,
3급II,111,2025-11-15,20,dokeum_W,다음 밑줄 친 漢字語의 讀音을 쓰시오.,김 화백의 작품 전시회가 이 畫廊에서 개최된다.,畫廊,,화랑,화랑,
3급II,111,2025-11-15,21,dokeum_W,다음 漢字語의 讀音을 쓰시오.,文豪,文豪,,문호,문호,
3급II,111,2025-11-15,22,dokeum_W,다음 漢字語의 讀音을 쓰시오.,僧舞,僧舞,,승무,승무,
3급II,111,2025-11-15,23,dokeum_W,다음 漢字語의 讀音을 쓰시오.,巡察,巡察,,순찰,순찰,
3급II,111,2025-11-15,24,dokeum_W,다음 漢字語의 讀音을 쓰시오.,名譽,名譽,,명예,명예,
3급II,111,2025-11-15,25,dokeum_W,다음 漢字語의 讀音을 쓰시오.,鼓吹,鼓吹,,고취,고취,
3급II,111,2025-11-15,26,dokeum_W,다음 漢字語의 讀音을 쓰시오.,連鎖,連鎖,,연쇄,연쇄,
3급II,111,2025-11-15,27,dokeum_W,다음 漢字語의 讀音을 쓰시오.,幕舍,幕舍,,막사,막사,
3급II,111,2025-11-15,28,dokeum_W,다음 漢字語의 讀音을 쓰시오.,雙立,雙立,,쌍립,쌍립,
3급II,111,2025-11-15,29,dokeum_W,다음 漢字語의 讀音을 쓰시오.,哀惜,哀惜,,애석,애석,
3급II,111,2025-11-15,30,dokeum_W,다음 漢字語의 讀音을 쓰시오.,符合,符合,,부합,부합,
3급II,111,2025-11-15,31,dokeum_W,다음 漢字語의 讀音을 쓰시오.,寡默,寡默,,과묵,과묵,
3급II,111,2025-11-15,32,dokeum_W,다음 漢字語의 讀音을 쓰시오.,管掌,管掌,,관장,관장,
3급II,111,2025-11-15,33,dokeum_W,다음 漢字語의 讀音을 쓰시오.,德澤,德澤,,덕택,덕택,
3급II,111,2025-11-15,34,dokeum_W,다음 漢字語의 讀音을 쓰시오.,依賴,依賴,,의뢰,의뢰,
3급II,111,2025-11-15,35,dokeum_W,다음 漢字語의 讀音을 쓰시오.,減免,減免,,감면,감면,
3급II,111,2025-11-15,36,dokeum_W,다음 漢字語의 讀音을 쓰시오.,降臨,降臨,,강림,강림,
3급II,111,2025-11-15,37,dokeum_W,다음 漢字語의 讀音을 쓰시오.,要塞,要塞,,요새,요새,
3급II,111,2025-11-15,38,dokeum_W,다음 漢字語의 讀音을 쓰시오.,危殆,危殆,,위태,위태,
3급II,111,2025-11-15,39,dokeum_W,다음 漢字語의 讀音을 쓰시오.,蒸發,蒸發,,증발,증발,
3급II,111,2025-11-15,40,dokeum_W,다음 漢字語의 讀音을 쓰시오.,恭敬,恭敬,,공경,공경,
3급II,111,2025-11-15,41,dokeum_W,다음 漢字語의 讀音을 쓰시오.,悔改,悔改,,회개,회개,
3급II,111,2025-11-15,42,dokeum_W,다음 漢字語의 讀音을 쓰시오.,端雅,端雅,,단아,단아,
3급II,111,2025-11-15,43,dokeum_W,다음 漢字語의 讀音을 쓰시오.,脅迫,脅迫,,협박,협박,
3급II,111,2025-11-15,44,dokeum_W,다음 漢字語의 讀音을 쓰시오.,誘導,誘導,,유도,유도,
3급II,111,2025-11-15,45,dokeum_W,다음 漢字語의 讀音을 쓰시오.,基礎,基礎,,기초,기초,
3급II,111,2025-11-15,46,huneum_W,다음 漢字의 訓과 音을 쓰시오.,忍,忍,,참을 인,참을 인,
3급II,111,2025-11-15,47,huneum_W,다음 漢字의 訓과 音을 쓰시오.,谷,谷,,골 곡,골 곡,
3급II,111,2025-11-15,48,huneum_W,다음 漢字의 訓과 音을 쓰시오.,淺,淺,,얕을 천,얕을 천,
3급II,111,2025-11-15,49,huneum_W,다음 漢字의 訓과 音을 쓰시오.,兔,兔,,토끼 토,토끼 토,
3급II,111,2025-11-15,50,huneum_W,다음 漢字의 訓과 音을 쓰시오.,牙,牙,,어금니 아,어금니 아,
3급II,111,2025-11-15,51,huneum_W,다음 漢字의 訓과 音을 쓰시오.,飯,飯,,밥 반,밥 반,
3급II,111,2025-11-15,52,huneum_W,다음 漢字의 訓과 音을 쓰시오.,稀,稀,,드물 희,드물 희,
3급II,111,2025-11-15,53,huneum_W,다음 漢字의 訓과 音을 쓰시오.,宴,宴,,잔치 연,잔치 연,
3급II,111,2025-11-15,54,huneum_W,다음 漢字의 訓과 音을 쓰시오.,烏,烏,,까마귀 오,까마귀 오,
3급II,111,2025-11-15,55,huneum_W,다음 漢字의 訓과 音을 쓰시오.,孟,孟,,맏 맹,맏 맹,
3급II,111,2025-11-15,56,huneum_W,다음 漢字의 訓과 音을 쓰시오.,肥,肥,,살찔 비,살찔 비,
3급II,111,2025-11-15,57,huneum_W,다음 漢字의 訓과 音을 쓰시오.,宙,宙,,집 주,집 주,
3급II,111,2025-11-15,58,huneum_W,다음 漢字의 訓과 音을 쓰시오.,裏,裏,,속 리,속 리,
3급II,111,2025-11-15,59,huneum_W,다음 漢字의 訓과 音을 쓰시오.,劍,劍,,칼 검,칼 검,
3급II,111,2025-11-15,60,huneum_W,다음 漢字의 訓과 音을 쓰시오.,雷,雷,,우레 뢰,우레 뢰,
3급II,111,2025-11-15,61,huneum_W,다음 漢字의 訓과 音을 쓰시오.,浩,浩,,넓을 호,넓을 호,
3급II,111,2025-11-15,62,huneum_W,다음 漢字의 訓과 音을 쓰시오.,晩,晩,,늦을 만,늦을 만,
3급II,111,2025-11-15,63,huneum_W,다음 漢字의 訓과 音을 쓰시오.,祈,祈,,빌 기,빌 기,
3급II,111,2025-11-15,64,huneum_W,다음 漢字의 訓과 音을 쓰시오.,眠,眠,,잘 면,잘 면,
3급II,111,2025-11-15,65,huneum_W,다음 漢字의 訓과 音을 쓰시오.,旦,旦,,아침 단,아침 단,
3급II,111,2025-11-15,66,huneum_W,다음 漢字의 訓과 音을 쓰시오.,履,履,,밟을 리,밟을 리,
3급II,111,2025-11-15,67,huneum_W,다음 漢字의 訓과 音을 쓰시오.,薄,薄,,엷을 박,엷을 박,
3급II,111,2025-11-15,68,huneum_W,다음 漢字의 訓과 音을 쓰시오.,柱,柱,,기둥 주,기둥 주,
3급II,111,2025-11-15,69,huneum_W,다음 漢字의 訓과 音을 쓰시오.,濕,濕,,젖을 습,젖을 습,
3급II,111,2025-11-15,70,huneum_W,다음 漢字의 訓과 音을 쓰시오.,腹,腹,,배 복,배 복,
3급II,111,2025-11-15,71,huneum_W,다음 漢字의 訓과 音을 쓰시오.,沿,沿,,물따라갈/따를 연,물따라갈/따를 연,
3급II,111,2025-11-15,72,huneum_W,다음 漢字의 訓과 音을 쓰시오.,弓,弓,,활 궁,활 궁,
3급II,111,2025-11-15,73,busu_W,다음 漢字의 部首를 쓰시오.,鹽,鹽,,鹵,鹵,
3급II,111,2025-11-15,74,busu_W,다음 漢字의 部首를 쓰시오.,兼,兼,,八,八,
3급II,111,2025-11-15,75,busu_W,다음 漢字의 部首를 쓰시오.,刷,刷,,刀(刂),刀(刂),
3급II,111,2025-11-15,76,busu_W,다음 漢字의 部首를 쓰시오.,齊,齊,,齊,齊,
3급II,111,2025-11-15,77,busu_W,다음 漢字의 部首를 쓰시오.,梁,梁,,木,木,
3급II,111,2025-11-15,78,yakja_W,다음 漢字의 略字를 쓰시오.,假,假,,仮,仮,
3급II,111,2025-11-15,79,yakja_W,다음 漢字의 略字를 쓰시오.,實,實,,実,実,
3급II,111,2025-11-15,80,yakja_W,다음 漢字의 略字를 쓰시오.,寶,寶,,宝,宝,
3급II,111,2025-11-15,81,jangeum_S,다음 漢字語 중 첫소리가 長音인 것을 가려 그 번호를 쓰시오.,,,"[""① 古宮"", ""② 高級""]",①,① 古宮,
3급II,111,2025-11-15,82,jangeum_S,다음 漢字語 중 첫소리가 長音인 것을 가려 그 번호를 쓰시오.,,,"[""① 圖章"", ""② 道場""]",②,② 道場,
3급II,111,2025-11-15,83,jangeum_S,다음 漢字語 중 첫소리가 長音인 것을 가려 그 번호를 쓰시오.,,,"[""① 構造"", ""② 救助""]",②,② 救助,
3급II,111,2025-11-15,84,jangeum_S,다음 漢字語 중 첫소리가 長音인 것을 가려 그 번호를 쓰시오.,,,"[""① 是認"", ""② 詩人""]",①,① 是認,
3급II,111,2025-11-15,85,jangeum_S,다음 漢字語 중 첫소리가 長音인 것을 가려 그 번호를 쓰시오.,,,"[""① 再版"", ""② 裁判""]",①,① 再版,
3급II,111,2025-11-15,86,yui_W,다음 (        ) 안에 밑줄 친 漢字와 뜻이 같거나 비슷한 漢字를 正字로 적어 문장을 완성하시오.,그는 熟(    )된 동작으로 시범을 보였다.,熟( ),,練,練,
3급II,111,2025-11-15,87,yui_W,다음 (        ) 안에 밑줄 친 漢字와 뜻이 같거나 비슷한 漢字를 正字로 적어 문장을 완성하시오.,그 여인에 대한 사모의 마음이 懇(   )하다.,懇( ),,切,切,
3급II,111,2025-11-15,88,yui_W,다음 (        ) 안에 밑줄 친 漢字와 뜻이 같거나 비슷한 漢字를 正字로 적어 문장을 완성하시오.,증조할아버지 대에 가문이 크게 隆(     )했었다.,隆( ),,盛,盛,
3급II,111,2025-11-15,89,yui_W,다음 (        ) 안에 밑줄 친 漢字와 뜻이 같거나 비슷한 漢字를 正字로 적어 문장을 완성하시오.,올해는 이상하게도 자꾸 (          )禍가 든다.,( )禍,,災,災,
3급II,111,2025-11-15,90,yui_W,다음 (        ) 안에 밑줄 친 漢字와 뜻이 같거나 비슷한 漢字를 正字로 적어 문장을 완성하시오.,그는 언어 (      )覺이 뛰어난 작가이다.,( )覺,,感,感,
3급II,111,2025-11-15,91,banui_W,다음 (        ) 안에 밑줄 친 漢字와 뜻이 상대(또는 반대)되는 漢字를 正字로 적어 문장을 완성하시오.,그 정책에 대해 여야의 정치적 攻(   )이 며칠째 지속되고 있다.,攻( ),,防,防,
3급II,111,2025-11-15,92,banui_W,다음 (        ) 안에 밑줄 친 漢字와 뜻이 상대(또는 반대)되는 漢字를 正字로 적어 문장을 완성하시오.,선생께서는 항시 喜(        )의 감정을 겉으로 드러내지 않으셨다.,喜( ),,怒,怒,
3급II,111,2025-11-15,93,banui_W,다음 (        ) 안에 밑줄 친 漢字와 뜻이 상대(또는 반대)되는 漢字를 正字로 적어 문장을 완성하시오.,그 집안은 姑(        ) 사이가 모녀지간처럼 화목하다.,姑( ),,婦,婦,
3급II,111,2025-11-15,94,banui_W,다음 (        ) 안에 밑줄 친 漢字와 뜻이 상대(또는 반대)되는 漢字를 正字로 적어 문장을 완성하시오.,"지진으로 (      )陷이 발생해 인적, 물적 피해가 컸다.",( )陷,,起,起,
3급II,111,2025-11-15,95,banui_W,다음 (        ) 안에 밑줄 친 漢字와 뜻이 상대(또는 반대)되는 漢字를 正字로 적어 문장을 완성하시오.,갑옷을 입은 채 조복을 입고 胸(   )를 바로잡았다.,胸( ),,背,背,
3급II,111,2025-11-15,96,banuieo_W,다음 두 단어가 상대(또는 반대)되는 漢字語가 되도록 ( ) 안에 알맞은 漢字(正字)를 쓰시오.,結(   ) ↔ 原因,結( ) ↔ 原因,,果,果,
3급II,111,2025-11-15,97,banuieo_W,다음 두 단어가 상대(또는 반대)되는 漢字語가 되도록 ( ) 안에 알맞은 漢字(正字)를 쓰시오.,建設 ↔ ( )壞,建設 ↔ ( )壞,,破,破,
3급II,111,2025-11-15,98,banuieo_W,다음 두 단어가 상대(또는 반대)되는 漢字語가 되도록 ( ) 안에 알맞은 漢字(正字)를 쓰시오.,( )用 ↔ 死藏,( )用 ↔ 死藏,,活,活,
3급II,111,2025-11-15,99,banuieo_W,다음 두 단어가 상대(또는 반대)되는 漢字語가 되도록 ( ) 안에 알맞은 漢字(正字)를 쓰시오.,偶然 ↔ ( )然,偶然 ↔ ( )然,,必,必,
3급II,111,2025-11-15,100,banuieo_W,다음 두 단어가 상대(또는 반대)되는 漢字語가 되도록 ( ) 안에 알맞은 漢字(正字)를 쓰시오.,(   )諾 ↔ 拒絶,( )諾 ↔ 拒絶,,承,承,
3급II,111,2025-11-15,101,mean_W,다음 漢字語의 뜻을 쓰시오.,謀慮,謀慮,,어떤 일을 꾀하는 깊은 계략.,어떤 일을 꾀하는 깊은 계략.,
3급II,111,2025-11-15,102,mean_W,다음 漢字語의 뜻을 쓰시오.,鳴響,鳴響,,소리가 울려 퍼짐.,소리가 울려 퍼짐.,
3급II,111,2025-11-15,103,mean_W,다음 漢字語의 뜻을 쓰시오.,難峯,難峯,,오르기 어려운 산.,오르기 어려운 산.,
3급II,111,2025-11-15,104,mean_W,다음 漢字語의 뜻을 쓰시오.,宿訟,宿訟,,오랫동안 결판이 안 나는 소송.,오랫동안 결판이 안 나는 소송.,
3급II,111,2025-11-15,105,mean_W,다음 漢字語의 뜻을 쓰시오.,貸去,貸去,,남이 꾸어 감.,남이 꾸어 감.,
3급II,111,2025-11-15,106,dongeumeo_W,다음 (     ) 속 단어의 同音異義語를 주어진 뜻에 맞게 漢字(正字)로 쓰시오.,(修好) - 지키고 보호함.,(修好),,守護,守護,
3급II,111,2025-11-15,107,dongeumeo_W,다음 (     ) 속 단어의 同音異義語를 주어진 뜻에 맞게 漢字(正字)로 쓰시오.,(班員) - 원의 반쪽.,(班員),,半圓,半圓,
3급II,111,2025-11-15,108,dongeumeo_W,다음 (     ) 속 단어의 同音異義語를 주어진 뜻에 맞게 漢字(正字)로 쓰시오.,(頭尾) - 쌀 한 말.,(頭尾),,斗米,斗米,
3급II,111,2025-11-15,109,dongeumeo_W,다음 (     ) 속 단어의 同音異義語를 주어진 뜻에 맞게 漢字(正字)로 쓰시오.,(萬機) - 정한 기한이 다 참.,(萬機),,滿期,滿期,
3급II,111,2025-11-15,110,dongeumeo_W,다음 (     ) 속 단어의 同音異義語를 주어진 뜻에 맞게 漢字(正字)로 쓰시오.,(敵黨) - 꼭 들어맞음.,(敵黨),,的當,的當,
3급II,111,2025-11-15,111,seongeo_W,다음 ( ) 안에 알맞은 漢字를 적어 四字成語를 완성하시오.,群(    )割據 : 영웅들이 각기 한 지방씩 차지하고 위세를 부림.,群( )割據,,雄,雄,
3급II,111,2025-11-15,112,seongeo_W,다음 ( ) 안에 알맞은 漢字를 적어 四字成語를 완성하시오.,金枝玉(    ) : 금으로 된 가지와 옥으로 된 잎.,金枝玉( ),,葉,葉,
3급II,111,2025-11-15,113,seongeo_W,다음 ( ) 안에 알맞은 漢字를 적어 四字成語를 완성하시오.,優柔不(    ) : 마음이 부드럽고 순하여 결단성이 없음.,優柔不( ),,斷,斷,
3급II,111,2025-11-15,114,seongeo_W,다음 ( ) 안에 알맞은 漢字를 적어 四字成語를 완성하시오.,東奔西(    ) : 동쪽으로 뛰고 서쪽으로 뜀.,東奔西( ),,走,走,
3급II,111,2025-11-15,115,seongeo_W,다음 ( ) 안에 알맞은 漢字를 적어 四字成語를 완성하시오.,易地( )之 : 처지를 바꾸어서 생각하여 봄.,易地( )之,,思,思,
3급II,111,2025-11-15,116,seongeo_W,다음 ( ) 안에 알맞은 漢字를 적어 四字成語를 완성하시오.,明若( )火 : 불을 보듯 분명하고 뻔함.,明若( )火,,觀,觀,
3급II,111,2025-11-15,117,seongeo_W,다음 ( ) 안에 알맞은 漢字를 적어 四字成語를 완성하시오.,(    )字憂患 : 학식이 있는 것이 오히려 근심을 사게 됨.,( )字憂患,,識,識,
3급II,111,2025-11-15,118,seongeo_W,다음 ( ) 안에 알맞은 漢字를 적어 四字成語를 완성하시오.,(    )陵桃源 : 세상과 따로 떨어진 별천지.,( )陵桃源,,武,武,
3급II,111,2025-11-15,119,seongeo_W,다음 ( ) 안에 알맞은 漢字를 적어 四字成語를 완성하시오.,(    )身成仁 : 자기의 몸을 희생하여 인을 이룸.,( )身成仁,,殺,殺,
3급II,111,2025-11-15,120,seongeo_W,다음 ( ) 안에 알맞은 漢字를 적어 四字成語를 완성하시오.,(    )耕夜讀 : 낮에는 농사짓고 밤에는 글을 읽음.,( )耕夜讀,,晝,晝,
3급II,111,2025-11-15,121,hanjaeo_W,다음 문장의 밑줄 친 漢字語를 正字의 漢字로 쓰시오.,쇼핑 중독인 언니는 쓸데없는 물건을 계속 사들였다.,중독,,中毒,中毒,
3급II,111,2025-11-15,122,hanjaeo_W,다음 문장의 밑줄 친 漢字語를 正字의 漢字로 쓰시오.,함께 어려움을 겪고 나니 서로가 더 친밀하게 느껴진다.,친밀,,親密,親密,
3급II,111,2025-11-15,123,hanjaeo_W,다음 문장의 밑줄 친 漢字語를 正字의 漢字로 쓰시오.,첫출발을 함박눈이 축복해 주는 것 같다.,축복,,祝福,祝福,
3급II,111,2025-11-15,124,hanjaeo_W,다음 문장의 밑줄 친 漢字語를 正字의 漢字로 쓰시오.,썩은 것은 모두 제외하고 성한 것만 골라 담아라.,제외,,除外,除外,
3급II,111,2025-11-15,125,hanjaeo_W,다음 문장의 밑줄 친 漢字語를 正字의 漢字로 쓰시오.,그 폭포에는 빙벽을 등반하는 사람들이 몰렸다.,빙벽,,氷壁,氷壁,
3급II,111,2025-11-15,126,hanjaeo_W,다음 문장의 밑줄 친 漢字語를 正字의 漢字로 쓰시오.,독점적 지위를 이용해 폭리를 취한 업자들이 적발되었다.,이용,,利用,利用,
3급II,111,2025-11-15,127,hanjaeo_W,다음 문장의 밑줄 친 漢字語를 正字의 漢字로 쓰시오.,이 음식점은 영업이 한 달 이상 정지된 상태이다.,정지,,停止,停止,
3급II,111,2025-11-15,128,hanjaeo_W,다음 문장의 밑줄 친 漢字語를 正字의 漢字로 쓰시오.,그는 우편물을 선별하는 작업을 한다.,선별,,選別,選別,
3급II,111,2025-11-15,129,hanjaeo_W,다음 문장의 밑줄 친 漢字語를 正字의 漢字로 쓰시오.,주말에는 교외로 나들이를 갔다.,주말,,週末,週末,
3급II,111,2025-11-15,130,hanjaeo_W,다음 문장의 밑줄 친 漢字語를 正字의 漢字로 쓰시오.,이 복지관에서 진행하는 프로그램들은 모두 무료입니다.,무료,,無料,無料,
3급II,111,2025-11-15,131,hanjaeo_W,다음 문장의 밑줄 친 漢字語를 正字의 漢字로 쓰시오.,그 회사는 부족한 노동력을 기계로 대치하였다.,회사,,會社,會社,
3급II,111,2025-11-15,132,hanjaeo_W,다음 문장의 밑줄 친 漢字語를 正字의 漢字로 쓰시오.,지금의 위기에서 벗어날 가망이 보이지 않는다.,가망,,可望,可望,
3급II,111,2025-11-15,133,hanjaeo_W,다음 문장의 밑줄 친 漢字語를 正字의 漢字로 쓰시오.,그는 어른과 아이들을 모두 평등하게 대접하는 사람이다.,평등,,平等,平等,
3급II,111,2025-11-15,134,hanjaeo_W,다음 문장의 밑줄 친 漢字語를 正字의 漢字로 쓰시오.,환자는 병원에서 한 달 만에 퇴원했다.,퇴원,,退院,退院,
3급II,111,2025-11-15,135,hanjaeo_W,다음 문장의 밑줄 친 漢字語를 正字의 漢字로 쓰시오.,그림을 보는 그의 안목은 듣던 대로 탁월했다.,안목,,眼目,眼目,
3급II,111,2025-11-15,136,hanjaeo_W,다음 문장의 밑줄 친 漢字語를 正字의 漢字로 쓰시오.,급유를 마친 비행기는 다시 목적지를 향해 출발했다.,급유,,給油,給油,
3급II,111,2025-11-15,137,hanjaeo_W,다음 문장의 밑줄 친 漢字語를 正字의 漢字로 쓰시오.,석유에 의존하는 경제는 안보상으로 불안할 수 있다.,안보,,安保,安保,
3급II,111,2025-11-15,138,hanjaeo_W,다음 문장의 밑줄 친 漢字語를 正字의 漢字로 쓰시오.,이번 마라톤 대회에는 이름난 건각들이 상당수 참가하였다.,참가,,參加,參加,
3급II,111,2025-11-15,139,hanjaeo_W,다음 문장의 밑줄 친 漢字語를 正字의 漢字로 쓰시오.,잠시 휴학했던 민호는 이번 학기에 복학을 결정했다.,복학,,復學,復學,
3급II,111,2025-11-15,140,hanjaeo_W,다음 문장의 밑줄 친 漢字語를 正字의 漢字로 쓰시오.,나는 형제가 많아서 독방을 쓸 수가 없다.,형제,,兄弟,兄弟,
3급II,111,2025-11-15,141,hanjaeo_W,다음 문장의 밑줄 친 漢字語를 正字의 漢字로 쓰시오.,아이는 허공에 비눗방울을 불어 날리며 즐거워했다.,허공,,虛空,虛空,
3급II,111,2025-11-15,142,hanjaeo_W,다음 문장의 밑줄 친 漢字語를 正字의 漢字로 쓰시오.,오늘부터 올해 추곡 수매가 시작되었다.,시작,,始作,始作,
3급II,111,2025-11-15,143,hanjaeo_W,다음 문장의 밑줄 친 漢字語를 正字의 漢字로 쓰시오.,한잠 자고 나니까 혼미하던 정신이 좀 맑아지는 것 같다.,정신,,精神,精神,
3급II,111,2025-11-15,144,hanjaeo_W,다음 문장의 밑줄 친 漢字語를 正字의 漢字로 쓰시오.,그녀의 편지를 받고 새삼 그녀의 달필에 감탄했다.,달필,,達筆,達筆,
3급II,111,2025-11-15,145,hanjaeo_W,다음 문장의 밑줄 친 漢字語를 正字의 漢字로 쓰시오.,경찰이 광복절 행사 때문에 도심 도로를 통제하였다.,행사,,行事,行事,
3급II,111,2025-11-15,146,hanjaeo_W,다음 문장의 밑줄 친 漢字語를 正字의 漢字로 쓰시오.,우리 기숙사는 밤 12시가 넘으면 소등해야 한다.,소등,,消燈,消燈,
3급II,111,2025-11-15,147,hanjaeo_W,다음 문장의 밑줄 친 漢字語를 正字의 漢字로 쓰시오.,네가 하는 일이 하도 한심스러워 말이 안 나온다.,한심,,寒心,寒心,
3급II,111,2025-11-15,148,hanjaeo_W,다음 문장의 밑줄 친 漢字語를 正字의 漢字로 쓰시오.,연극 공연 시작 10분 전에 객석이 관객으로 가득 찼다.,공연,,公演,公演,
3급II,111,2025-11-15,149,hanjaeo_W,다음 문장의 밑줄 친 漢字語를 正字의 漢字로 쓰시오.,우리는 최후의 순간까지 최선을 다했다.,최후,,最後,最後,
3급II,111,2025-11-15,150,hanjaeo_W,다음 문장의 밑줄 친 漢字語를 正字의 漢字로 쓰시오.,이 이야기는 생명 존중을 교훈으로 하고 있다.,생명,,生命,生命,
3급II,112,2026-02-28,1,dokeum_W,다음 밑줄 친 漢字語의 讀音을 쓰시오.,도시에 각종 범죄가 橫行했다.,橫行,,횡행,횡행,
3급II,112,2026-02-28,2,dokeum_W,다음 밑줄 친 漢字語의 讀音을 쓰시오.,설악산의 奇巖은 감탄을 자아낸다.,奇巖,,기암,기암,
3급II,112,2026-02-28,3,dokeum_W,다음 밑줄 친 漢字語의 讀音을 쓰시오.,공장이 폭격에 의해 破壞당했다.,破壞,,파괴,파괴,
3급II,112,2026-02-28,4,dokeum_W,다음 밑줄 친 漢字語의 讀音을 쓰시오.,그는 무슨 患亂이 닥칠지 몰라 두려움에 떨었다.,患亂,,환란,환란,
3급II,112,2026-02-28,5,dokeum_W,다음 밑줄 친 漢字語의 讀音을 쓰시오.,사람의 직업만 보고 賤待해서는 안 된다.,賤待,,천대,천대,
3급II,112,2026-02-28,6,dokeum_W,다음 밑줄 친 漢字語의 讀音을 쓰시오.,회사는 과잉 투자로 倒産했다.,倒産,,도산,도산,
3급II,112,2026-02-28,7,dokeum_W,다음 밑줄 친 漢字語의 讀音을 쓰시오.,소련군이 점차 壓迫해 오자 독일은 본국으로 후퇴했다.,壓迫,,압박,압박,
3급II,112,2026-02-28,8,dokeum_W,다음 밑줄 친 漢字語의 讀音을 쓰시오.,그의 오해 때문에 착한 아내가 疏薄당했다.,疏薄,,소박,소박,
3급II,112,2026-02-28,9,dokeum_W,다음 밑줄 친 漢字語의 讀音을 쓰시오.,그들은 위험한 사상에 感染이 되었다.,感染,,감염,감염,
3급II,112,2026-02-28,10,dokeum_W,다음 밑줄 친 漢字語의 讀音을 쓰시오.,아군이 적군에게 逆襲을 당했다.,逆襲,,역습,역습,
3급II,112,2026-02-28,11,dokeum_W,다음 밑줄 친 漢字語의 讀音을 쓰시오.,선거에서 참패해서 당 자체가 消滅했다.,消滅,,소멸,소멸,
3급II,112,2026-02-28,12,dokeum_W,다음 밑줄 친 漢字語의 讀音을 쓰시오.,그의 육신은 이제 하루가 다르게 衰殘해졌다.,衰殘,,쇠잔,쇠잔,
3급II,112,2026-02-28,13,dokeum_W,다음 밑줄 친 漢字語의 讀音을 쓰시오.,밤이 되자 군인들은 부대 주위를 森嚴히 경계하기 시작했다.,森嚴,,삼엄,삼엄,
3급II,112,2026-02-28,14,dokeum_W,다음 밑줄 친 漢字語의 讀音을 쓰시오.,인간은 버림받을 때에 孤愁를 맛보기 마련이다.,孤愁,,고수,고수,
3급II,112,2026-02-28,15,dokeum_W,다음 밑줄 친 漢字語의 讀音을 쓰시오.,강도는 행인의 가방을 强奪했다.,强奪,,강탈,강탈,
3급II,112,2026-02-28,16,dokeum_W,다음 밑줄 친 漢字語의 讀音을 쓰시오.,선생님의 遺稿를 모아 출판했다.,遺稿,,유고,유고,
3급II,112,2026-02-28,17,dokeum_W,다음 밑줄 친 漢字語의 讀音을 쓰시오.,더운 날씨에 溪流에 발을 담그니 시원했다.,溪流,,계류,계류,
3급II,112,2026-02-28,18,dokeum_W,다음 밑줄 친 漢字語의 讀音을 쓰시오.,산속 깊이 숨겨져 있는 오래된 절의 고색이 蒼然하다.,蒼然,,창연,창연,
3급II,112,2026-02-28,19,dokeum_W,다음 밑줄 친 漢字語의 讀音을 쓰시오.,실업자 문제가 최근의 주요 懸案으로 떠오르고 있다.,懸案,,현안,현안,
3급II,112,2026-02-28,20,dokeum_W,다음 밑줄 친 漢字語의 讀音을 쓰시오.,업무를 정리하기에는 남은 시간이 너무 促急했다.,促急,,촉급,촉급,
3급II,112,2026-02-28,21,dokeum_W,다음 漢字語의 讀音을 쓰시오.,陶醉,陶醉,,도취,도취,
3급II,112,2026-02-28,22,dokeum_W,다음 漢字語의 讀音을 쓰시오.,離懷,離懷,,이회,이회,
3급II,112,2026-02-28,23,dokeum_W,다음 漢字語의 讀音을 쓰시오.,顯揚,顯揚,,현양,현양,
3급II,112,2026-02-28,24,dokeum_W,다음 漢字語의 讀音을 쓰시오.,恩功,恩功,,은공,은공,
3급II,112,2026-02-28,25,dokeum_W,다음 漢字語의 讀音을 쓰시오.,洗腦,洗腦,,세뇌,세뇌,
3급II,112,2026-02-28,26,dokeum_W,다음 漢字語의 讀音을 쓰시오.,靈境,靈境,,영경,영경,
3급II,112,2026-02-28,27,dokeum_W,다음 漢字語의 讀音을 쓰시오.,短項,短項,,단항,단항,
3급II,112,2026-02-28,28,dokeum_W,다음 漢字語의 讀音을 쓰시오.,熱裂,熱裂,,열렬,열렬,
3급II,112,2026-02-28,29,dokeum_W,다음 漢字語의 讀音을 쓰시오.,萬騎,萬騎,,만기,만기,
3급II,112,2026-02-28,30,dokeum_W,다음 漢字語의 讀音을 쓰시오.,延滯,延滯,,연체,연체,
3급II,112,2026-02-28,31,dokeum_W,다음 漢字語의 讀音을 쓰시오.,完封,完封,,완봉,완봉,
3급II,112,2026-02-28,32,dokeum_W,다음 漢字語의 讀音을 쓰시오.,奮發,奮發,,분발,분발,
3급II,112,2026-02-28,33,dokeum_W,다음 漢字語의 讀音을 쓰시오.,累計,累計,,누계,누계,
3급II,112,2026-02-28,34,dokeum_W,다음 漢字語의 讀音을 쓰시오.,暗默,暗默,,암묵,암묵,
3급II,112,2026-02-28,35,dokeum_W,다음 漢字語의 讀音을 쓰시오.,貫徹,貫徹,,관철,관철,
3급II,112,2026-02-28,36,dokeum_W,다음 漢字語의 讀音을 쓰시오.,干拓,干拓,,간척,간척,
3급II,112,2026-02-28,37,dokeum_W,다음 漢字語의 讀音을 쓰시오.,憂慮,憂慮,,우려,우려,
3급II,112,2026-02-28,38,dokeum_W,다음 漢字語의 讀音을 쓰시오.,許諾,許諾,,허락,허락,
3급II,112,2026-02-28,39,dokeum_W,다음 漢字語의 讀音을 쓰시오.,漆板,漆板,,칠판,칠판,
3급II,112,2026-02-28,40,dokeum_W,다음 漢字語의 讀音을 쓰시오.,能率,能率,,능률,능률,
3급II,112,2026-02-28,41,dokeum_W,다음 漢字語의 讀音을 쓰시오.,露宿,露宿,,노숙,노숙,
3급II,112,2026-02-28,42,dokeum_W,다음 漢字語의 讀音을 쓰시오.,印刷,印刷,,인쇄,인쇄,
3급II,112,2026-02-28,43,dokeum_W,다음 漢字語의 讀音을 쓰시오.,弄舌,弄舌,,농설,농설,
3급II,112,2026-02-28,44,dokeum_W,다음 漢字語의 讀音을 쓰시오.,血糖,血糖,,혈당,혈당,
3급II,112,2026-02-28,45,dokeum_W,다음 漢字語의 讀音을 쓰시오.,踏査,踏査,,답사,답사,
3급II,112,2026-02-28,46,huneum_W,다음 漢字의 訓과 音을 쓰시오.,證,證,,증거 증,증거 증,
3급II,112,2026-02-28,47,huneum_W,다음 漢字의 訓과 音을 쓰시오.,慕,慕,,그릴 모,그릴 모,
3급II,112,2026-02-28,48,huneum_W,다음 漢字의 訓과 音을 쓰시오.,殊,殊,,다를 수,다를 수,
3급II,112,2026-02-28,49,huneum_W,다음 漢字의 訓과 音을 쓰시오.,拘,拘,,잡을 구,잡을 구,
3급II,112,2026-02-28,50,huneum_W,다음 漢字의 訓과 音을 쓰시오.,菌,菌,,버섯 균,버섯 균,
3급II,112,2026-02-28,51,huneum_W,다음 漢字의 訓과 音을 쓰시오.,避,避,,피할 피,피할 피,
3급II,112,2026-02-28,52,huneum_W,다음 漢字의 訓과 音을 쓰시오.,吐,吐,,토할 토,토할 토,
3급II,112,2026-02-28,53,huneum_W,다음 漢字의 訓과 音을 쓰시오.,鉛,鉛,,납 연,납 연,
3급II,112,2026-02-28,54,huneum_W,다음 漢字의 訓과 音을 쓰시오.,磨,磨,,갈 마,갈 마,
3급II,112,2026-02-28,55,huneum_W,다음 漢字의 訓과 音을 쓰시오.,忽,忽,,갑자기 홀,갑자기 홀,
3급II,112,2026-02-28,56,huneum_W,다음 漢字의 訓과 音을 쓰시오.,珠,珠,,구슬 주,구슬 주,
3급II,112,2026-02-28,57,huneum_W,다음 漢字의 訓과 音을 쓰시오.,吏,吏,,벼슬아치/관리 리,벼슬아치/관리 리,
3급II,112,2026-02-28,58,huneum_W,다음 漢字의 訓과 音을 쓰시오.,貢,貢,,바칠 공,바칠 공,
3급II,112,2026-02-28,59,huneum_W,다음 漢字의 訓과 音을 쓰시오.,含,含,,머금을 함,머금을 함,
3급II,112,2026-02-28,60,huneum_W,다음 漢字의 訓과 音을 쓰시오.,昌,昌,,창성할 창,창성할 창,
3급II,112,2026-02-28,61,huneum_W,다음 漢字의 訓과 音을 쓰시오.,悟,悟,,깨달을 오,깨달을 오,
3급II,112,2026-02-28,62,huneum_W,다음 漢字의 訓과 音을 쓰시오.,聯,聯,,연이을 련,연이을 련,
3급II,112,2026-02-28,63,huneum_W,다음 漢字의 訓과 音을 쓰시오.,虎,虎,,범 호,범 호,
3급II,112,2026-02-28,64,huneum_W,다음 漢字의 訓과 音을 쓰시오.,勿,勿,,말[禁] 물,말[禁] 물,
3급II,112,2026-02-28,65,huneum_W,다음 漢字의 訓과 音을 쓰시오.,綿,綿,,솜 면,솜 면,
3급II,112,2026-02-28,66,huneum_W,다음 漢字의 訓과 音을 쓰시오.,兼,兼,,겸할 겸,겸할 겸,
3급II,112,2026-02-28,67,huneum_W,다음 漢字의 訓과 音을 쓰시오.,翼,翼,,날개 익,날개 익,
3급II,112,2026-02-28,68,huneum_W,다음 漢字의 訓과 音을 쓰시오.,尺,尺,,자 척,자 척,
3급II,112,2026-02-28,69,huneum_W,다음 漢字의 訓과 音을 쓰시오.,賴,賴,,의뢰할 뢰,의뢰할 뢰,
3급II,112,2026-02-28,70,huneum_W,다음 漢字의 訓과 音을 쓰시오.,納,納,,들일 납,들일 납,
3급II,112,2026-02-28,71,huneum_W,다음 漢字의 訓과 音을 쓰시오.,桂,桂,,계수나무 계,계수나무 계,
3급II,112,2026-02-28,72,huneum_W,다음 漢字의 訓과 音을 쓰시오.,尙,尙,,오히려 상,오히려 상,
3급II,112,2026-02-28,73,busu_W,다음 漢字의 部首를 쓰시오.,卓,卓,,十,十,
3급II,112,2026-02-28,74,busu_W,다음 漢字의 部首를 쓰시오.,追,追,,辵(辶),辵(辶),
3급II,112,2026-02-28,75,busu_W,다음 漢字의 部首를 쓰시오.,突,突,,穴,穴,
3급II,112,2026-02-28,76,busu_W,다음 漢字의 部首를 쓰시오.,執,執,,土,土,
3급II,112,2026-02-28,77,busu_W,다음 漢字의 部首를 쓰시오.,泰,泰,,水(氺),水(氺),
3급II,112,2026-02-28,78,yakja_W,다음 漢字의 略字를 쓰시오.,聲,聲,,声,声,
3급II,112,2026-02-28,79,yakja_W,다음 漢字의 略字를 쓰시오.,燈,燈,,灯,灯,
3급II,112,2026-02-28,80,yakja_W,다음 漢字의 略字를 쓰시오.,濟,濟,,済,済,
3급II,112,2026-02-28,81,jangeum_S,다음 漢字語 중 첫소리가 長音인 것을 가려 그 번호를 쓰시오.,,,"[""① 歌曲"", ""② 佳句""]",②,② 佳句,
3급II,112,2026-02-28,82,jangeum_S,다음 漢字語 중 첫소리가 長音인 것을 가려 그 번호를 쓰시오.,,,"[""① 老童"", ""② 勞動""]",①,① 老童,
3급II,112,2026-02-28,83,jangeum_S,다음 漢字語 중 첫소리가 長音인 것을 가려 그 번호를 쓰시오.,,,"[""① 都市"", ""② 道試""]",②,② 道試,
3급II,112,2026-02-28,84,jangeum_S,다음 漢字語 중 첫소리가 長音인 것을 가려 그 번호를 쓰시오.,,,"[""① 無期"", ""② 舞技""]",②,② 舞技,
3급II,112,2026-02-28,85,jangeum_S,다음 漢字語 중 첫소리가 長音인 것을 가려 그 번호를 쓰시오.,,,"[""① 訪問"", ""② 方文""]",①,① 訪問,
3급II,112,2026-02-28,86,yui_W,다음 (     ) 안에 밑줄 친 漢字와 뜻이 같거나 비슷한 漢字를 正字로 적어 문장을 완성하시오.,이것과 저것은 사실상 微(        )한 차이밖에 없다.,微( ),,小,小,
3급II,112,2026-02-28,87,yui_W,다음 (     ) 안에 밑줄 친 漢字와 뜻이 같거나 비슷한 漢字를 正字로 적어 문장을 완성하시오.,이 작품은 인류 역사상 가장 위대한 著( ) 가운데 하나이다.,著( ),,作,作,
3급II,112,2026-02-28,88,yui_W,다음 (     ) 안에 밑줄 친 漢字와 뜻이 같거나 비슷한 漢字를 正字로 적어 문장을 완성하시오.,내일의 (    )寧을 보장할 수 없는 사태가 계속된다.,( )寧,,安,安,
3급II,112,2026-02-28,89,yui_W,다음 (     ) 안에 밑줄 친 漢字와 뜻이 같거나 비슷한 漢字를 正字로 적어 문장을 완성하시오.,곡조에 ( )哀가 스며 있다.,( )哀,,悲,悲,
3급II,112,2026-02-28,90,yui_W,다음 (     ) 안에 밑줄 친 漢字와 뜻이 같거나 비슷한 漢字를 正字로 적어 문장을 완성하시오.,강대국과 약소국 사이의 秩(             )가 재편되고 있다.,秩( ),,序,序,
3급II,112,2026-02-28,91,banui_W,다음 (          ) 안에 밑줄 친 漢字와 뜻이 상대(또는 반대)되는 漢字를 正字로 적어 문장을 완성하시오.,상품의 需(    )이 원활히 잘 되고 있다.,需( ),,給,給,
3급II,112,2026-02-28,92,banui_W,다음 (          ) 안에 밑줄 친 漢字와 뜻이 상대(또는 반대)되는 漢字를 正字로 적어 문장을 완성하시오.,그와는 (    )憎의 관계라 할 수 있다.,( )憎,,愛,愛,
3급II,112,2026-02-28,93,banui_W,다음 (          ) 안에 밑줄 친 漢字와 뜻이 상대(또는 반대)되는 漢字를 正字로 적어 문장을 완성하시오.,새 입시 제도 도입에 대해 贊( )이 분분하다.,贊( ),,反,反,
3급II,112,2026-02-28,94,banui_W,다음 (          ) 안에 밑줄 친 漢字와 뜻이 상대(또는 반대)되는 漢字를 正字로 적어 문장을 완성하시오.,대통령 (     )妻가 우리 마을을 방문했다.,( )妻,,夫,夫,
3급II,112,2026-02-28,95,banui_W,다음 (          ) 안에 밑줄 친 漢字와 뜻이 상대(또는 반대)되는 漢字를 正字로 적어 문장을 완성하시오.,(    )裏가 부동하면 사람들로부터 비난을 받는다.,( )裏,,表,表,
3급II,112,2026-02-28,96,banuieo_W,다음 두 단어가 상대(또는 반대)되는 漢字語가 되도록 ( ) 안에 알맞은 漢字(正字)를 쓰시오.,架空 ↔ 實(    ),架空 ↔ 實( ),,在,在,
3급II,112,2026-02-28,97,banuieo_W,다음 두 단어가 상대(또는 반대)되는 漢字語가 되도록 ( ) 안에 알맞은 漢字(正字)를 쓰시오.,外柔 ↔ ( )剛,外柔 ↔ ( )剛,,內,內,
3급II,112,2026-02-28,98,banuieo_W,다음 두 단어가 상대(또는 반대)되는 漢字語가 되도록 ( ) 안에 알맞은 漢字(正字)를 쓰시오.,緊縮 ↔ 緩(    ),緊縮 ↔ 緩( ),,和,和,
3급II,112,2026-02-28,99,banuieo_W,다음 두 단어가 상대(또는 반대)되는 漢字語가 되도록 ( ) 안에 알맞은 漢字(正字)를 쓰시오.,拾得 ↔ 紛(    ),拾得 ↔ 紛( ),,失,失,
3급II,112,2026-02-28,100,banuieo_W,다음 두 단어가 상대(또는 반대)되는 漢字語가 되도록 ( ) 안에 알맞은 漢字(正字)를 쓰시오.,(   )裕 ↔ 貧窮,( )裕 ↔ 貧窮,,富,富,
3급II,112,2026-02-28,101,mean_W,다음 漢字語의 뜻을 쓰시오.,招誘,招誘,,불러서 권유함.,불러서 권유함.,
3급II,112,2026-02-28,102,mean_W,다음 漢字語의 뜻을 쓰시오.,旬刊,旬刊,,"신문, 잡지 등을 열흘에 한 번 발행함.","신문, 잡지 등을 열흘에 한 번 발행함.",
3급II,112,2026-02-28,103,mean_W,다음 漢字語의 뜻을 쓰시오.,漸層,漸層,,점진적으로 끌어올려 표현함.,점진적으로 끌어올려 표현함.,
3급II,112,2026-02-28,104,mean_W,다음 漢字語의 뜻을 쓰시오.,沈下,沈下,,가라앉아 내림.,가라앉아 내림.,
3급II,112,2026-02-28,105,mean_W,다음 漢字語의 뜻을 쓰시오.,中途,中途,,일이 진행되어 가는 동안.,일이 진행되어 가는 동안.,
3급II,112,2026-02-28,106,dongeumeo_W,다음 (    ) 속 단어의 同音異義語를 주어진 뜻에 맞게 漢字(正字)로 쓰시오.,(事狀) - 역사에 나타나 있는바.,(事狀),,史上,史上,
3급II,112,2026-02-28,107,dongeumeo_W,다음 (    ) 속 단어의 同音異義語를 주어진 뜻에 맞게 漢字(正字)로 쓰시오.,(四仙) - 죽을 고비.,(四仙),,死線,死線,
3급II,112,2026-02-28,108,dongeumeo_W,다음 (    ) 속 단어의 同音異義語를 주어진 뜻에 맞게 漢字(正字)로 쓰시오.,(職官) - 대상이나 현상을 보고 즉각적으로 느끼는 깨달음.,(職官),,直觀,直觀,
3급II,112,2026-02-28,109,dongeumeo_W,다음 (    ) 속 단어의 同音異義語를 주어진 뜻에 맞게 漢字(正字)로 쓰시오.,(進止) - 참된 지식.,(進止),,眞知,眞知,
3급II,112,2026-02-28,110,dongeumeo_W,다음 (    ) 속 단어의 同音異義語를 주어진 뜻에 맞게 漢字(正字)로 쓰시오.,(初約) - 풀 종류로 된 약재.,(初約),,草藥,草藥,
3급II,112,2026-02-28,111,seongeo_W,다음 ( ) 안에 알맞은 漢字를 적어 四字成語를 완성하시오.,"吉(   )禍福 : 좋은 일과 나쁜 일, 행복한 일과 불행한 일.",吉( )禍福,,凶,凶,
3급II,112,2026-02-28,112,seongeo_W,다음 ( ) 안에 알맞은 漢字를 적어 四字成語를 완성하시오.,面從腹(   ) : 겉으로는 복종하는 체하면서 내심으로는 배반함.,面從腹( ),,背,背,
3급II,112,2026-02-28,113,seongeo_W,다음 ( ) 안에 알맞은 漢字를 적어 四字成語를 완성하시오.,桑田碧(   ) : 뽕나무 밭이 변하여 푸른 바다가 됨.,桑田碧( ),,海,海,
3급II,112,2026-02-28,114,seongeo_W,다음 ( ) 안에 알맞은 漢字를 적어 四字成語를 완성하시오.,(    )謀術數 : 목적 달성을 위하여 수단과 방법을 가리지 아니하는 온갖 모략이나 술책.,( )謀術數,,權,權,
3급II,112,2026-02-28,115,seongeo_W,다음 ( ) 안에 알맞은 漢字를 적어 四字成語를 완성하시오.,易(    )思之 : 처지를 바꾸어서 생각하여 봄.,易( )思之,,地,地,
3급II,112,2026-02-28,116,seongeo_W,다음 ( ) 안에 알맞은 漢字를 적어 四字成語를 완성하시오.,東奔西(    ) : 동쪽으로 뛰고 서쪽으로 뜀.,東奔西( ),,走,走,
3급II,112,2026-02-28,117,seongeo_W,다음 ( ) 안에 알맞은 漢字를 적어 四字成語를 완성하시오.,同(    )異夢 : 같은 자리에 자면서 다른 꿈을 꿈.,同( )異夢,,床,床,
3급II,112,2026-02-28,118,seongeo_W,다음 ( ) 안에 알맞은 漢字를 적어 四字成語를 완성하시오.,群(    )割據 : 여러 영웅이 각기 한 지방씩 차지하고 위세를 부림.,群( )割據,,雄,雄,
3급II,112,2026-02-28,119,seongeo_W,다음 ( ) 안에 알맞은 漢字를 적어 四字成語를 완성하시오.,(    )齒腐心 : 몹시 분하여 이를 갈며 속을 썩임.,( )齒腐心,,切,切,
3급II,112,2026-02-28,120,seongeo_W,다음 ( ) 안에 알맞은 漢字를 적어 四字成語를 완성하시오.,改(    )遷善 : 허물을 고쳐 착하게 됨.,改( )遷善,,過,過,
3급II,112,2026-02-28,121,hanjaeo_W,다음 문장의 밑줄 친 漢字語를 正字의 漢字로 쓰시오.,그는 공사비 남용으로 인한 인책으로 좌천되었다.,인책,,引責,引責,
3급II,112,2026-02-28,122,hanjaeo_W,다음 문장의 밑줄 친 漢字語를 正字의 漢字로 쓰시오.,그 안건에 대해 거수로 찬반을 표결하도록 합시다.,표결,,表決/票決,表決/票決,
3급II,112,2026-02-28,123,hanjaeo_W,다음 문장의 밑줄 친 漢字語를 正字의 漢字로 쓰시오.,요즘 출판업에서도 첨단 기술을 응용하여 책을 제작한다.,응용,,應用,應用,
3급II,112,2026-02-28,124,hanjaeo_W,다음 문장의 밑줄 친 漢字語를 正字의 漢字로 쓰시오.,학생들에게 수학 문제를 풀고 나서 검산을 하라고 지도했다.,지도,,指導,指導,
3급II,112,2026-02-28,125,hanjaeo_W,다음 문장의 밑줄 친 漢字語를 正字의 漢字로 쓰시오.,학교에서 강연을 한 강연자에게 사례를 했다.,사례,,謝禮,謝禮,
3급II,112,2026-02-28,126,hanjaeo_W,다음 문장의 밑줄 친 漢字語를 正字의 漢字로 쓰시오.,경찰은 피해자로부터 범인의 인상착의를 확인하였다.,확인,,確認,確認,
3급II,112,2026-02-28,127,hanjaeo_W,다음 문장의 밑줄 친 漢字語를 正字의 漢字로 쓰시오.,오늘은 여관방에서 여독을 풀고 다시 길을 떠날 참이다.,여독,,旅毒,旅毒,
3급II,112,2026-02-28,128,hanjaeo_W,다음 문장의 밑줄 친 漢字語를 正字의 漢字로 쓰시오.,군사 훈련에서는 가상의 적에 대한 공격과 방어를 한다.,가상,,假想,假想,
3급II,112,2026-02-28,129,hanjaeo_W,다음 문장의 밑줄 친 漢字語를 正字의 漢字로 쓰시오.,그는 성격이 포악하여 많은 사람이 멀리한다.,성격,,性格,性格,
3급II,112,2026-02-28,130,hanjaeo_W,다음 문장의 밑줄 친 漢字語를 正字의 漢字로 쓰시오.,이번 학기에는 필수 과목을 두 개 신청했다.,과목,,科目,科目,
3급II,112,2026-02-28,131,hanjaeo_W,다음 문장의 밑줄 친 漢字語를 正字의 漢字로 쓰시오.,경비하고 순경이 거수자에게 다가왔다.,경비,,警備,警備,
3급II,112,2026-02-28,132,hanjaeo_W,다음 문장의 밑줄 친 漢字語를 正字의 漢字로 쓰시오.,사건 증거를 열거하자면 하나 둘이 아니다.,열거,,列擧,列擧,
3급II,112,2026-02-28,133,hanjaeo_W,다음 문장의 밑줄 친 漢字語를 正字의 漢字로 쓰시오.,영화의 경우 다른 언론 출판과 달리 검열의 허용 여부가 많이 논란된다.,논란,,論難,論難,
3급II,112,2026-02-28,134,hanjaeo_W,다음 문장의 밑줄 친 漢字語를 正字의 漢字로 쓰시오.,그들은 인솔자가 지시하는 것을 전혀 존중하는 눈치가 아니었다.,존중,,尊重,尊重,
3급II,112,2026-02-28,135,hanjaeo_W,다음 문장의 밑줄 친 漢字語를 正字의 漢字로 쓰시오.,회사에서는 올해 우리 부서에 대리로 승진하는 사원이 없음을 통보하였다.,통보,,通報,通報,
3급II,112,2026-02-28,136,hanjaeo_W,다음 문장의 밑줄 친 漢字語를 正字의 漢字로 쓰시오.,변호사들은 재판을 하는 데 정해진 절차를 밟아야 한다.,절차,,節次,節次,
3급II,112,2026-02-28,137,hanjaeo_W,다음 문장의 밑줄 친 漢字語를 正字의 漢字로 쓰시오.,올해로 우리 회사는 창립 50주년이 되었다.,창립,,創立,創立,
3급II,112,2026-02-28,138,hanjaeo_W,다음 문장의 밑줄 친 漢字語를 正字의 漢字로 쓰시오.,누나는 학교 수업을 마치면 집 앞에 있는 독서실에서 총무 일을 한다.,총무,,總務,總務,
3급II,112,2026-02-28,139,hanjaeo_W,다음 문장의 밑줄 친 漢字語를 正字의 漢字로 쓰시오.,터널이 우리 마을과 이웃 마을을 연결시켰다.,연결,,連結,連結,
3급II,112,2026-02-28,140,hanjaeo_W,다음 문장의 밑줄 친 漢字語를 正字의 漢字로 쓰시오.,그 선수는 심판의 판정에 끝내 승복하지 않았다.,승복,,承服,承服,
3급II,112,2026-02-28,141,hanjaeo_W,다음 문장의 밑줄 친 漢字語를 正字의 漢字로 쓰시오.,기계에서 이물질이 제거되자 작동이 수월해졌다.,제거,,除去,除去,
3급II,112,2026-02-28,142,hanjaeo_W,다음 문장의 밑줄 친 漢字語를 正字의 漢字로 쓰시오.,그의 수필에서 삶에 대한 통찰을 엿볼 수 있다.,통찰,,洞察,洞察,
3급II,112,2026-02-28,143,hanjaeo_W,다음 문장의 밑줄 친 漢字語를 正字의 漢字로 쓰시오.,이 부족은 태양을 신성시한다.,신성시,,神聖視,神聖視,
3급II,112,2026-02-28,144,hanjaeo_W,다음 문장의 밑줄 친 漢字語를 正字의 漢字로 쓰시오.,오늘로 1학년 1학기 과정을 마치고 여름 방학에 들어간다.,과정,,課程,課程,
3급II,112,2026-02-28,145,hanjaeo_W,다음 문장의 밑줄 친 漢字語를 正字의 漢字로 쓰시오.,그는 대학에 등록할 돈을 마련하기 위해 열심히 일을 했다.,등록,,登錄,登錄,
3급II,112,2026-02-28,146,hanjaeo_W,다음 문장의 밑줄 친 漢字語를 正字의 漢字로 쓰시오.,누구라도 타인의 사생활을 침해해서는 안 된다.,타인,,他人,他人,
3급II,112,2026-02-28,147,hanjaeo_W,다음 문장의 밑줄 친 漢字語를 正字의 漢字로 쓰시오.,도시 노동자의 생활비 경감을 위한 농산물 저가 정책을 시행한다.,저가,,低價,低價,
3급II,112,2026-02-28,148,hanjaeo_W,다음 문장의 밑줄 친 漢字語를 正字의 漢字로 쓰시오.,그 그림에 나타난 소녀의 이미지가 참 청순하다.,청순,,淸純,淸純,
3급II,112,2026-02-28,149,hanjaeo_W,다음 문장의 밑줄 친 漢字語를 正字의 漢字로 쓰시오.,적국의 제안을 그대로 수용하는 것은 너무 치욕적이다.,수용,,受容,受容,
3급II,112,2026-02-28,150,hanjaeo_W,다음 문장의 밑줄 친 漢字語를 正字의 漢字로 쓰시오.,남미에서 경찰이 마약이 밀매되는 현장을 급습했다.,밀매,,密賣,密賣,
3급II,113,2026-05-23,1,dokeum_W,다음 밑줄 친 漢字語의 讀音을 쓰시오.,이 영화는 沈沒하는 거대한 함선의 모습을 웅장하게 표현했다.,沈沒,,침몰,침몰,
3급II,113,2026-05-23,2,dokeum_W,다음 밑줄 친 漢字語의 讀音을 쓰시오.,새로 취임한 부장은 우리 부서의 잘못된 회식 문화를 排擊하겠다고 선언했다.,排擊,,배격,배격,
3급II,113,2026-05-23,3,dokeum_W,다음 밑줄 친 漢字語의 讀音을 쓰시오.,광우병에 걸린 소들이 다른 소들과 隔離되어 있다.,隔離,,격리,격리,
3급II,113,2026-05-23,4,dokeum_W,다음 밑줄 친 漢字語의 讀音을 쓰시오.,이번 전시회 企劃에는 김 실장의 의견이 많이 반영되었다.,企劃,,기획,기획,
3급II,113,2026-05-23,5,dokeum_W,다음 밑줄 친 漢字語의 讀音을 쓰시오.,그는 나에게 왜 거짓말을 했느냐고 追窮하였다.,追窮,,추궁,추궁,
3급II,113,2026-05-23,6,dokeum_W,다음 밑줄 친 漢字語의 讀音을 쓰시오.,우리 팀은 정상을 奪還하기 위해 그동안 맹훈련을 했다.,奪還,,탈환,탈환,
3급II,113,2026-05-23,7,dokeum_W,다음 밑줄 친 漢字語의 讀音을 쓰시오.,입선자들에게는 상장과 부상을 附與할 예정이다.,附與,,부여,부여,
3급II,113,2026-05-23,8,dokeum_W,다음 밑줄 친 漢字語의 讀音을 쓰시오.,사촌 언니는 나에게 생명 보험을 勸誘하였다.,勸誘,,권유,권유,
3급II,113,2026-05-23,9,dokeum_W,다음 밑줄 친 漢字語의 讀音을 쓰시오.,審判은 투수가 던진 첫 번째 공을 스트라이크로 판정했다.,審判,,심판,심판,
3급II,113,2026-05-23,10,dokeum_W,다음 밑줄 친 漢字語의 讀音을 쓰시오.,그 사건은 점차 사람들의 腦裏에서 잊혀 가고 있다.,腦裏,,뇌리,뇌리,
3급II,113,2026-05-23,11,dokeum_W,다음 밑줄 친 漢字語의 讀音을 쓰시오.,불만이 累積되면 언젠가는 표출되게 마련이다.,累積,,누적,누적,
3급II,113,2026-05-23,12,dokeum_W,다음 밑줄 친 漢字語의 讀音을 쓰시오.,그는 지금까지 두 번 脫獄했다.,脫獄,,탈옥,탈옥,
3급II,113,2026-05-23,13,dokeum_W,다음 밑줄 친 漢字語의 讀音을 쓰시오.,그는 얼굴을 모자와 콧수염으로 僞裝하고 남자의 뒤를 밟았다.,僞裝,,위장,위장,
3급II,113,2026-05-23,14,dokeum_W,다음 밑줄 친 漢字語의 讀音을 쓰시오.,그녀는 재즈풍의 음악을 정열적으로 演奏하고 있다.,演奏,,연주,연주,
3급II,113,2026-05-23,15,dokeum_W,다음 밑줄 친 漢字語의 讀音을 쓰시오.,재판부는 2년 동안 형의 집행을 猶豫하기로 했다.,猶豫,,유예,유예,
3급II,113,2026-05-23,16,dokeum_W,다음 밑줄 친 漢字語의 讀音을 쓰시오.,그는 행정병에서 통신병으로 補職이 바뀌었다.,補職,,보직,보직,
3급II,113,2026-05-23,17,dokeum_W,다음 밑줄 친 漢字語의 讀音을 쓰시오.,그의 동작 하나하나에서 연기 이십 년의 貫祿이 묻어났다.,貫祿,,관록,관록,
3급II,113,2026-05-23,18,dokeum_W,다음 밑줄 친 漢字語의 讀音을 쓰시오.,쌀 소비를 促進하기 위한 민간 기구가 출범했다.,促進,,촉진,촉진,
3급II,113,2026-05-23,19,dokeum_W,다음 밑줄 친 漢字語의 讀音을 쓰시오.,물가가 올라서 서민들의 가계를 壓迫하고 있다.,壓迫,,압박,압박,
3급II,113,2026-05-23,20,dokeum_W,다음 밑줄 친 漢字語의 讀音을 쓰시오.,아군은 猛攻을 퍼부어 백마고지를 탈환했다.,猛攻,,맹공,맹공,
3급II,113,2026-05-23,21,dokeum_W,다음 漢字語의 讀音을 쓰시오.,拔群,拔群,,발군,발군,
3급II,113,2026-05-23,22,dokeum_W,다음 漢字語의 讀音을 쓰시오.,自壞,自壞,,자괴,자괴,
3급II,113,2026-05-23,23,dokeum_W,다음 漢字語의 讀音을 쓰시오.,獻納,獻納,,헌납,헌납,
3급II,113,2026-05-23,24,dokeum_W,다음 漢字語의 讀音을 쓰시오.,盤石,盤石,,반석,반석,
3급II,113,2026-05-23,25,dokeum_W,다음 漢字語의 讀音을 쓰시오.,懇切,懇切,,간절,간절,
3급II,113,2026-05-23,26,dokeum_W,다음 漢字語의 讀音을 쓰시오.,祈福,祈福,,기복,기복,
3급II,113,2026-05-23,27,dokeum_W,다음 漢字語의 讀音을 쓰시오.,率先,率先,,솔선,솔선,
3급II,113,2026-05-23,28,dokeum_W,다음 漢字語의 讀音을 쓰시오.,燃燒,燃燒,,연소,연소,
3급II,113,2026-05-23,29,dokeum_W,다음 漢字語의 讀音을 쓰시오.,閉鎖,閉鎖,,폐쇄,폐쇄,
3급II,113,2026-05-23,30,dokeum_W,다음 漢字語의 讀音을 쓰시오.,分讓,分讓,,분양,분양,
3급II,113,2026-05-23,31,dokeum_W,다음 漢字語의 讀音을 쓰시오.,衡平,衡平,,형평,형평,
3급II,113,2026-05-23,32,dokeum_W,다음 漢字語의 讀音을 쓰시오.,怪奇,怪奇,,괴기,괴기,
3급II,113,2026-05-23,33,dokeum_W,다음 漢字語의 讀音을 쓰시오.,戲弄,戲弄,,희롱,희롱,
3급II,113,2026-05-23,34,dokeum_W,다음 漢字語의 讀音을 쓰시오.,呼訴,呼訴,,호소,호소,
3급II,113,2026-05-23,35,dokeum_W,다음 漢字語의 讀音을 쓰시오.,覆土,覆土,,복토,복토,
3급II,113,2026-05-23,36,dokeum_W,다음 漢字語의 讀音을 쓰시오.,彼岸,彼岸,,피안,피안,
3급II,113,2026-05-23,37,dokeum_W,다음 漢字語의 讀音을 쓰시오.,困辱,困辱,,곤욕,곤욕,
3급II,113,2026-05-23,38,dokeum_W,다음 漢字語의 讀音을 쓰시오.,拘引,拘引,,구인,구인,
3급II,113,2026-05-23,39,dokeum_W,다음 漢字語의 讀音을 쓰시오.,裁斷,裁斷,,재단,재단,
3급II,113,2026-05-23,40,dokeum_W,다음 漢字語의 讀音을 쓰시오.,收藏,收藏,,수장,수장,
3급II,113,2026-05-23,41,dokeum_W,다음 漢字語의 讀音을 쓰시오.,探索,探索,,탐색,탐색,
3급II,113,2026-05-23,42,dokeum_W,다음 漢字語의 讀音을 쓰시오.,含意,含意,,함의,함의,
3급II,113,2026-05-23,43,dokeum_W,다음 漢字語의 讀音을 쓰시오.,緩晩,緩晩,,완만,완만,
3급II,113,2026-05-23,44,dokeum_W,다음 漢字語의 讀音을 쓰시오.,巡禮,巡禮,,순례,순례,
3급II,113,2026-05-23,45,dokeum_W,다음 漢字語의 讀音을 쓰시오.,周旋,周旋,,주선,주선,
3급II,113,2026-05-23,46,huneum_W,다음 漢字의 訓과 音을 쓰시오.,歸,歸,,돌아갈 귀,돌아갈 귀,
3급II,113,2026-05-23,47,huneum_W,다음 漢字의 訓과 音을 쓰시오.,鹽,鹽,,소금 염,소금 염,
3급II,113,2026-05-23,48,huneum_W,다음 漢字의 訓과 音을 쓰시오.,映,映,,비칠 영,비칠 영,
3급II,113,2026-05-23,49,huneum_W,다음 漢字의 訓과 音을 쓰시오.,伯,伯,,맏 백,맏 백,
3급II,113,2026-05-23,50,huneum_W,다음 漢字의 訓과 音을 쓰시오.,卓,卓,,높을 탁,높을 탁,
3급II,113,2026-05-23,51,huneum_W,다음 漢字의 訓과 音을 쓰시오.,換,換,,바꿀 환,바꿀 환,
3급II,113,2026-05-23,52,huneum_W,다음 漢字의 訓과 音을 쓰시오.,柱,柱,,기둥 주,기둥 주,
3급II,113,2026-05-23,53,huneum_W,다음 漢字의 訓과 音을 쓰시오.,介,介,,낄 개,낄 개,
3급II,113,2026-05-23,54,huneum_W,다음 漢字의 訓과 音을 쓰시오.,拍,拍,,칠 박,칠 박,
3급II,113,2026-05-23,55,huneum_W,다음 漢字의 訓과 音을 쓰시오.,勿,勿,,말[禁] 물,말[禁] 물,
3급II,113,2026-05-23,56,huneum_W,다음 漢字의 訓과 音을 쓰시오.,征,征,,칠 정,칠 정,
3급II,113,2026-05-23,57,huneum_W,다음 漢字의 訓과 音을 쓰시오.,霜,霜,,서리 상,서리 상,
3급II,113,2026-05-23,58,huneum_W,다음 漢字의 訓과 音을 쓰시오.,倒,倒,,넘어질 도,넘어질 도,
3급II,113,2026-05-23,59,huneum_W,다음 漢字의 訓과 音을 쓰시오.,雅,雅,,맑을 아,맑을 아,
3급II,113,2026-05-23,60,huneum_W,다음 漢字의 訓과 音을 쓰시오.,留,留,,머무를 류,머무를 류,
3급II,113,2026-05-23,61,huneum_W,다음 漢字의 訓과 音을 쓰시오.,池,池,,못 지,못 지,
3급II,113,2026-05-23,62,huneum_W,다음 漢字의 訓과 音을 쓰시오.,央,央,,가운데 앙,가운데 앙,
3급II,113,2026-05-23,63,huneum_W,다음 漢字의 訓과 音을 쓰시오.,遊,遊,,놀 유,놀 유,
3급II,113,2026-05-23,64,huneum_W,다음 漢字의 訓과 音을 쓰시오.,掃,掃,,쓸[掃除] 소,쓸[掃除] 소,
3급II,113,2026-05-23,65,huneum_W,다음 漢字의 訓과 音을 쓰시오.,絡,絡,,이을/얽을 락,이을/얽을 락,
3급II,113,2026-05-23,66,huneum_W,다음 漢字의 訓과 音을 쓰시오.,刻,刻,,새길 각,새길 각,
3급II,113,2026-05-23,67,huneum_W,다음 漢字의 訓과 音을 쓰시오.,飮,飮,,마실 음,마실 음,
3급II,113,2026-05-23,68,huneum_W,다음 漢字의 訓과 音을 쓰시오.,久,久,,오랠 구,오랠 구,
3급II,113,2026-05-23,69,huneum_W,다음 漢字의 訓과 音을 쓰시오.,保,保,,지킬 보,지킬 보,
3급II,113,2026-05-23,70,huneum_W,다음 漢字의 訓과 音을 쓰시오.,求,求,,구할[索] 구,구할[索] 구,
3급II,113,2026-05-23,71,huneum_W,다음 漢字의 訓과 音을 쓰시오.,顔,顔,,낯 안,낯 안,
3급II,113,2026-05-23,72,huneum_W,다음 漢字의 訓과 音을 쓰시오.,宇,宇,,집 우,집 우,
3급II,113,2026-05-23,73,busu_W,다음 漢字의 部首를 쓰시오.,差,差,,工,工,
3급II,113,2026-05-23,74,busu_W,다음 漢字의 部首를 쓰시오.,衛,衛,,行,行,
3급II,113,2026-05-23,75,busu_W,다음 漢字의 部首를 쓰시오.,肖,肖,,肉(月),肉(月),
3급II,113,2026-05-23,76,busu_W,다음 漢字의 部首를 쓰시오.,栽,栽,,木,木,
3급II,113,2026-05-23,77,busu_W,다음 漢字의 部首를 쓰시오.,鬼,鬼,,鬼,鬼,
3급II,113,2026-05-23,78,yakja_W,다음 漢字의 略字를 쓰시오.,邊,邊,,辺 边,辺 边,
3급II,113,2026-05-23,79,yakja_W,다음 漢字의 略字를 쓰시오.,假,假,,仮,仮,
3급II,113,2026-05-23,80,yakja_W,다음 漢字의 略字를 쓰시오.,廣,廣,,広,広,
3급II,113,2026-05-23,81,jangeum_S,다음 漢字語 중 첫소리가 長音인 것을 가려 그 번호를 쓰시오.,,,"[""① 乾綱"", ""② 健康""]",②,② 健康,
3급II,113,2026-05-23,82,jangeum_S,다음 漢字語 중 첫소리가 長音인 것을 가려 그 번호를 쓰시오.,,,"[""① 郵政"", ""② 友情""]",②,② 友情,
3급II,113,2026-05-23,83,jangeum_S,다음 漢字語 중 첫소리가 長音인 것을 가려 그 번호를 쓰시오.,,,"[""① 訪問"", ""② 房門""]",①,① 訪問,
3급II,113,2026-05-23,84,jangeum_S,다음 漢字語 중 첫소리가 長音인 것을 가려 그 번호를 쓰시오.,,,"[""① 全市"", ""② 戰時""]",②,② 戰時,
3급II,113,2026-05-23,85,jangeum_S,다음 漢字語 중 첫소리가 長音인 것을 가려 그 번호를 쓰시오.,,,"[""① 小食"", ""② 消息""]",①,① 小食,
3급II,113,2026-05-23,86,yui_W,다음 (      ) 안에 밑줄 친 漢字와 뜻이 같거나 비슷한 漢字를 正字로 적어 문장을 완성하시오.,학교 교육은 인격 함양과 더불어 지식 獲( )을 주목적으로 한다.,獲( ),,得,得,
3급II,113,2026-05-23,87,yui_W,다음 (      ) 안에 밑줄 친 漢字와 뜻이 같거나 비슷한 漢字를 正字로 적어 문장을 완성하시오.,이 지역의 부족민들은 일찍부터 ( )耕을 중심으로 생활했다.,( )耕,,農,農,
3급II,113,2026-05-23,88,yui_W,다음 (      ) 안에 밑줄 친 漢字와 뜻이 같거나 비슷한 漢字를 正字로 적어 문장을 완성하시오.,그들은 의견 차이를 좁히지 못하고 결국 訣(     )하고 말았다.,訣( ),,別,別,
3급II,113,2026-05-23,89,yui_W,다음 (      ) 안에 밑줄 친 漢字와 뜻이 같거나 비슷한 漢字를 正字로 적어 문장을 완성하시오.,공습으로 인하여 작전 지역의 거의 모든 ( )梁이 파괴되었다.,( )梁,,橋,橋,
3급II,113,2026-05-23,90,yui_W,다음 (      ) 안에 밑줄 친 漢字와 뜻이 같거나 비슷한 漢字를 正字로 적어 문장을 완성하시오.,검찰에서는 용의자를 무죄라고 결론짓고 釋(    )하였다.,釋( ),,放,放,
3급II,113,2026-05-23,91,banui_W,다음 (      ) 안에 밑줄 친 漢字와 뜻이 상대(또는 반대)되는 漢字를 正字로 적어 문장을 완성하시오.,가정불화의 원인 중의 하나가 바로 姑( ) 사이의 갈등이다.,姑( ),,婦,婦,
3급II,113,2026-05-23,92,banui_W,다음 (      ) 안에 밑줄 친 漢字와 뜻이 상대(또는 반대)되는 漢字를 正字로 적어 문장을 완성하시오.,그는 신분의 (    )賤을 가리지 않고 인재를 등용했다.,( )賤,,貴,貴,
3급II,113,2026-05-23,93,banui_W,다음 (      ) 안에 밑줄 친 漢字와 뜻이 상대(또는 반대)되는 漢字를 正字로 적어 문장을 완성하시오.,우리나라의 서해안은 干(       )의 차가 크다.,干( ),,滿,滿,
3급II,113,2026-05-23,94,banui_W,다음 (      ) 안에 밑줄 친 漢字와 뜻이 상대(또는 반대)되는 漢字를 正字로 적어 문장을 완성하시오.,영화는 주인공의 (    )歡이 어린 일생을 담담하게 그려냈다.,( )歡,,悲,悲,
3급II,113,2026-05-23,95,banui_W,다음 (      ) 안에 밑줄 친 漢字와 뜻이 상대(또는 반대)되는 漢字를 正字로 적어 문장을 완성하시오.,개성은 인삼의 (    )散과 판매로 이름난 곳이었다.,( )散,,集,集,
3급II,113,2026-05-23,96,banuieo_W,다음 두 단어가 상대(또는 반대)되는 漢字語가 되도록 ( ) 안에 알맞은 漢字(正字)를 쓰시오.,( )然 ↔ 蓋然,( )然 ↔ 蓋然,,必,必,
3급II,113,2026-05-23,97,banuieo_W,다음 두 단어가 상대(또는 반대)되는 漢字語가 되도록 ( ) 안에 알맞은 漢字(正字)를 쓰시오.,過疏 ↔ 過(    ),過疏 ↔ 過( ),,密,密,
3급II,113,2026-05-23,98,banuieo_W,다음 두 단어가 상대(또는 반대)되는 漢字語가 되도록 ( ) 안에 알맞은 漢字(正字)를 쓰시오.,( )遷 ↔ 榮轉,( )遷 ↔ 榮轉,,左,左,
3급II,113,2026-05-23,99,banuieo_W,다음 두 단어가 상대(또는 반대)되는 漢字語가 되도록 ( ) 안에 알맞은 漢字(正字)를 쓰시오.,節約 ↔ 浪(    ),節約 ↔ 浪( ),,費,費,
3급II,113,2026-05-23,100,banuieo_W,다음 두 단어가 상대(또는 반대)되는 漢字語가 되도록 ( ) 안에 알맞은 漢字(正字)를 쓰시오.,卑近 ↔ 高(       ),卑近 ↔ 高( ),,遠,遠,
3급II,113,2026-05-23,101,mean_W,다음 漢字語의 뜻을 쓰시오.,淺慮,淺慮,,생각이 얕음.,생각이 얕음.,
3급II,113,2026-05-23,102,mean_W,다음 漢字語의 뜻을 쓰시오.,雷電,雷電,,우레와 번개.,우레와 번개.,
3급II,113,2026-05-23,103,mean_W,다음 漢字語의 뜻을 쓰시오.,改稿,改稿,,원고를 고쳐 씀.,원고를 고쳐 씀.,
3급II,113,2026-05-23,104,mean_W,다음 漢字語의 뜻을 쓰시오.,吸濕,吸濕,,습기를 빨아들임.,습기를 빨아들임.,
3급II,113,2026-05-23,105,mean_W,다음 漢字語의 뜻을 쓰시오.,深穴,深穴,,깊은 구멍.,깊은 구멍.,
3급II,113,2026-05-23,106,dongeumeo_W,다음 (         ) 속 단어의 同音異義語를 주어진 뜻에 맞게 漢字(正字)로 쓰시오.,(反感) - 절반으로 쥼.,(反感),,半減,半減,
3급II,113,2026-05-23,107,dongeumeo_W,다음 (         ) 속 단어의 同音異義語를 주어진 뜻에 맞게 漢字(正字)로 쓰시오.,"(靈供) - 영토와 영해 위의 하늘로서, 그 나라의 주권이 미치는 범위.",(靈供),,領空,領空,
3급II,113,2026-05-23,108,dongeumeo_W,다음 (         ) 속 단어의 同音異義語를 주어진 뜻에 맞게 漢字(正字)로 쓰시오.,(中指) - 여러 사람의 생각이나 의지.,(中指),,衆志,衆志,
3급II,113,2026-05-23,109,dongeumeo_W,다음 (         ) 속 단어의 同音異義語를 주어진 뜻에 맞게 漢字(正字)로 쓰시오.,"(總記) - 권총, 기관총, 소총, 엽총 따위의 무기를 통틀어 이르는 말.",(總記),,銃器,銃器,
3급II,113,2026-05-23,110,dongeumeo_W,다음 (         ) 속 단어의 同音異義語를 주어진 뜻에 맞게 漢字(正字)로 쓰시오.,(難解) - 아열대 지방의 따뜻한 바다.,(難解),,暖海,暖海,
3급II,113,2026-05-23,111,seongeo_W,다음 ( ) 안에 알맞은 漢字를 적어 四字成語를 완성하시오.,(    )不忍見 : 눈앞에 벌어진 상황 따위를 눈뜨고는 차마 볼 수 없음.,( )不忍見,,目,目,
3급II,113,2026-05-23,112,seongeo_W,다음 ( ) 안에 알맞은 漢字를 적어 四字成語를 완성하시오.,(    )學阿世 : 바른길에서 벗어난 학문으로 세상 사람에게 아첨함.,( )學阿世,,曲,曲,
3급II,113,2026-05-23,113,seongeo_W,다음 ( ) 안에 알맞은 漢字를 적어 四字成語를 완성하시오.,日就月(    ) : 날마다 자라고 달마다 발전함.,日就月( ),,將,將,
3급II,113,2026-05-23,114,seongeo_W,다음 ( ) 안에 알맞은 漢字를 적어 四字成語를 완성하시오.,識字憂(    ) : 학식이 있는 것이 오히려 근심을 사게 됨.,識字憂( ),,患,患,
3급II,113,2026-05-23,115,seongeo_W,다음 ( ) 안에 알맞은 漢字를 적어 四字成語를 완성하시오.,滅私奉(    ) : 사사로움을 버리고 공익을 받듦.,滅私奉( ),,公,公,
3급II,113,2026-05-23,116,seongeo_W,다음 ( ) 안에 알맞은 漢字를 적어 四字成語를 완성하시오.,同(    )紅裳 : 같은 값이면 다홍치마.,同( )紅裳,,價,價,
3급II,113,2026-05-23,117,seongeo_W,다음 ( ) 안에 알맞은 漢字를 적어 四字成語를 완성하시오.,孤(    )無援 : 고립되어 구원을 받을 데가 없음.,孤( )無援,,立,立,
3급II,113,2026-05-23,118,seongeo_W,다음 ( ) 안에 알맞은 漢字를 적어 四字成語를 완성하시오.,虛張聲(    ) : 실속은 없으면서 큰소리치거나 허세를 부림.,虛張聲( ),,勢,勢,
3급II,113,2026-05-23,119,seongeo_W,다음 ( ) 안에 알맞은 漢字를 적어 四字成語를 완성하시오.,坐井( )天 : 우물 속에 앉아 하늘을 봄.,坐井( )天,,觀,觀,
3급II,113,2026-05-23,120,seongeo_W,다음 ( ) 안에 알맞은 漢字를 적어 四字成語를 완성하시오.,守株( )兔 : 한 가지 일에만 얽매여 발전을 모르는 어리석음.,守株( )兔,,待,待,
3급II,113,2026-05-23,121,hanjaeo_W,다음 문장의 밑줄 친 漢字語를 正字의 漢字로 쓰시오.,이번 사업은 주민들의 적극적인 협조가 필요하다.,협조,,協助/協調,協助/協調,
3급II,113,2026-05-23,122,hanjaeo_W,다음 문장의 밑줄 친 漢字語를 正字의 漢字로 쓰시오.,회사에 대한 직원들의 불만이 폭발 직전에 있다.,회사,,會社,會社,
3급II,113,2026-05-23,123,hanjaeo_W,다음 문장의 밑줄 친 漢字語를 正字의 漢字로 쓰시오.,작곡가는 이번 곡에서 국악과 대중가요의 접목을 시도했다.,접목,,接木/椄木,接木/椄木,
3급II,113,2026-05-23,124,hanjaeo_W,다음 문장의 밑줄 친 漢字語를 正字의 漢字로 쓰시오.,뇌사자의 심장을 심장 질환자에게 이식했다.,이식,,移植,移植,
3급II,113,2026-05-23,125,hanjaeo_W,다음 문장의 밑줄 친 漢字語를 正字의 漢字로 쓰시오.,발표자의 엉뚱한 대답에 청중들은 실소를 지었다.,실소,,失笑,失笑,
3급II,113,2026-05-23,126,hanjaeo_W,다음 문장의 밑줄 친 漢字語를 正字의 漢字로 쓰시오.,여러분들은 진상 규명에 최선의 노력을 다해 주십시오.,노력,,努力,努力,
3급II,113,2026-05-23,127,hanjaeo_W,다음 문장의 밑줄 친 漢字語를 正字의 漢字로 쓰시오.,요즘 한국 문화에 대한 세계인의 관심이 증대되고 있다.,증대,,增大,增大,
3급II,113,2026-05-23,128,hanjaeo_W,다음 문장의 밑줄 친 漢字語를 正字의 漢字로 쓰시오.,법적으로 모든 공공건물은 소방시설을 완비해야만 한다.,완비,,完備,完備,
3급II,113,2026-05-23,129,hanjaeo_W,다음 문장의 밑줄 친 漢字語를 正字의 漢字로 쓰시오.,친구의 실수를 포용하는 너그러운 마음이 필요하다.,포용,,包容,包容,
3급II,113,2026-05-23,130,hanjaeo_W,다음 문장의 밑줄 친 漢字語를 正字의 漢字로 쓰시오.,판소리는 전승되는 설화에 기반을 두고 형성되었다.,전승,,傳承,傳承,
3급II,113,2026-05-23,131,hanjaeo_W,다음 문장의 밑줄 친 漢字語를 正字의 漢字로 쓰시오.,어제부터 그의 혈색이 좋지 않아 보인다.,혈색,,血色,血色,
3급II,113,2026-05-23,132,hanjaeo_W,다음 문장의 밑줄 친 漢字語를 正字의 漢字로 쓰시오.,그녀는 청순함과 우아함이 조화를 이룬 모습이었다.,조화,,調和,調和,
3급II,113,2026-05-23,133,hanjaeo_W,다음 문장의 밑줄 친 漢字語를 正字의 漢字로 쓰시오.,이 일은 돕고 싶어도 내 권한 밖의 일이라 어쩔 수가 없다.,권한,,權限,權限,
3급II,113,2026-05-23,134,hanjaeo_W,다음 문장의 밑줄 친 漢字語를 正字의 漢字로 쓰시오.,우리 팀이 3년 연속으로 대회를 우승하는 쾌거를 이루었다.,쾌거,,快擧,快擧,
3급II,113,2026-05-23,135,hanjaeo_W,다음 문장의 밑줄 친 漢字語를 正字의 漢字로 쓰시오.,차례나 제사 때가 되어야 식구가 다 모인다.,제사,,祭祀,祭祀,
3급II,113,2026-05-23,136,hanjaeo_W,다음 문장의 밑줄 친 漢字語를 正字의 漢字로 쓰시오.,그 정치인은 사회적 물의를 빚어 논란이 되었다.,물의,,物議,物議,
3급II,113,2026-05-23,137,hanjaeo_W,다음 문장의 밑줄 친 漢字語를 正字의 漢字로 쓰시오.,임원들의 오랜 토의 끝에 사업 중단이라는 결론에 도달했다.,결론,,結論,結論,
3급II,113,2026-05-23,138,hanjaeo_W,다음 문장의 밑줄 친 漢字語를 正字의 漢字로 쓰시오.,문학은 우리의 현실 생활과 분리할 수 없는 관계에 있다.,현실,,現實,現實,
3급II,113,2026-05-23,139,hanjaeo_W,다음 문장의 밑줄 친 漢字語를 正字의 漢字로 쓰시오.,정부는 그 소문에 대해 시인도 부인도 하지 않았다.,시인,,是認,是認,
3급II,113,2026-05-23,140,hanjaeo_W,다음 문장의 밑줄 친 漢字語를 正字의 漢字로 쓰시오.,남의 행복도 중시할 줄 알아야 한다.,중시,,重視,重視,
3급II,113,2026-05-23,141,hanjaeo_W,다음 문장의 밑줄 친 漢字語를 正字의 漢字로 쓰시오.,재판을 잠시 휴정한 뒤 한 시간 뒤에 속개하기로 하였다.,속개,,續開,續開,
3급II,113,2026-05-23,142,hanjaeo_W,다음 문장의 밑줄 친 漢字語를 正字의 漢字로 쓰시오.,이웃끼리 서로 돕는 것은 우리 민족의 아름다운 풍속이다.,풍속,,風俗,風俗,
3급II,113,2026-05-23,143,hanjaeo_W,다음 문장의 밑줄 친 漢字語를 正字의 漢字로 쓰시오.,정부의 예산은 대부분 국민의 세금으로 충당된다.,세금,,稅金,稅金,
3급II,113,2026-05-23,144,hanjaeo_W,다음 문장의 밑줄 친 漢字語를 正字의 漢字로 쓰시오.,도로에 단속카메라를 추가로 설치하였다.,도로,,道路,道路,
3급II,113,2026-05-23,145,hanjaeo_W,다음 문장의 밑줄 친 漢字語를 正字의 漢字로 쓰시오.,그는 독불장군이라서 충고해 줘 봐야 소용없다.,충고,,忠告,忠告,
3급II,113,2026-05-23,146,hanjaeo_W,다음 문장의 밑줄 친 漢字語를 正字의 漢字로 쓰시오.,의사의 처방에 따라 약국에 가서 약을 지었다.,처방,,處方,處方,
3급II,113,2026-05-23,147,hanjaeo_W,다음 문장의 밑줄 친 漢字語를 正字의 漢字로 쓰시오.,그의 결정에 아무도 이의를 제기하지 못하였다.,제기,,提起,提起,
3급II,113,2026-05-23,148,hanjaeo_W,다음 문장의 밑줄 친 漢字語를 正字의 漢字로 쓰시오.,그 소설은 조선 후기를 배경으로 한 작품이다.,배경,,背景,背景,
3급II,113,2026-05-23,149,hanjaeo_W,다음 문장의 밑줄 친 漢字語를 正字의 漢字로 쓰시오.,이 그림은 여백의 미를 잘 살렸다.,여백,,餘白,餘白,
3급II,113,2026-05-23,150,hanjaeo_W,다음 문장의 밑줄 친 漢字語를 正字의 漢字로 쓰시오.,실생활에 응용할 수 있는 과학 지식에 대한 관심이 높아졌다.,응용,,應用,應用,
