level,session,exam_date,question_no,question_type,instruction,question_text,target,options,answer,answer_display,image_path
8급,80,2018-02-24,1,dokum,다음 글의 ( ) 안에 있는 漢字의 讀音을 쓰세요.,지난 주 설날에 (父),父,,부,부,
8급,80,2018-02-24,2,dokum,다음 글의 ( ) 안에 있는 漢字의 讀音을 쓰세요.,(母)님과,母,,모,모,
8급,80,2018-02-24,3,dokum,다음 글의 ( ) 안에 있는 漢字의 讀音을 쓰세요.,우리 (兄),兄,,형,형,
8급,80,2018-02-24,4,dokum,다음 글의 ( ) 안에 있는 漢字의 讀音을 쓰세요.,(弟)는,弟,,제,제,
8급,80,2018-02-24,5,dokum,다음 글의 ( ) 안에 있는 漢字의 讀音을 쓰세요.,(三),三,,삼,삼,
8급,80,2018-02-24,6,dokum,다음 글의 ( ) 안에 있는 漢字의 讀音을 쓰세요.,(寸)댁에 다녀왔습니다,寸,,촌,촌,
8급,80,2018-02-24,7,dokum,다음 글의 ( ) 안에 있는 漢字의 讀音을 쓰세요.,(校),校,,교,교,
8급,80,2018-02-24,8,dokum,다음 글의 ( ) 안에 있는 漢字의 讀音을 쓰세요.,(長),長,,장,장,
8급,80,2018-02-24,9,dokum,다음 글의 ( ) 안에 있는 漢字의 讀音을 쓰세요.,(先),先,,선,선,
8급,80,2018-02-24,10,dokum,다음 글의 ( ) 안에 있는 漢字의 讀音을 쓰세요.,(生)님께서 말씀하셨습니 다,生,,생,생,
8급,80,2018-02-24,11,select_hanja,다음 밑줄 친 말에 해당하는 漢字를 <보기>에서 찾아 그 번호를 쓰세요.,동생이 집안에 있습니다,집안,"[""① 小"", ""② 門"", ""③ 木"", ""④ 軍"", ""⑤ 女"", ""⑥ 外"", ""⑦ 室"", ""⑧ 年"", ""⑨ 萬"", ""⑩ 大""]",⑦,室,
8급,80,2018-02-24,12,select_hanja,다음 밑줄 친 말에 해당하는 漢字를 <보기>에서 찾아 그 번호를 쓰세요.,밖에 흰 눈이 내립니다,밖,"[""① 小"", ""② 門"", ""③ 木"", ""④ 軍"", ""⑤ 女"", ""⑥ 外"", ""⑦ 室"", ""⑧ 年"", ""⑨ 萬"", ""⑩ 大""]",⑥,外,
8급,80,2018-02-24,13,select_hanja,다음 밑줄 친 말에 해당하는 漢字를 <보기>에서 찾아 그 번호를 쓰세요.,곧 이학년이 됩니다,학년,"[""① 小"", ""② 門"", ""③ 木"", ""④ 軍"", ""⑤ 女"", ""⑥ 外"", ""⑦ 室"", ""⑧ 年"", ""⑨ 萬"", ""⑩ 大""]",⑧,年,
8급,80,2018-02-24,14,select_hanja,다음 밑줄 친 말에 해당하는 漢字를 <보기>에서 찾아 그 번호를 쓰세요.,대한독립 만세!,만세,"[""① 小"", ""② 門"", ""③ 木"", ""④ 軍"", ""⑤ 女"", ""⑥ 外"", ""⑦ 室"", ""⑧ 年"", ""⑨ 萬"", ""⑩ 大""]",⑨,萬,
8급,80,2018-02-24,15,select_hanja,다음 밑줄 친 말에 해당하는 漢字를 <보기>에서 찾아 그 번호를 쓰세요.,아빠 손은 큽니다,큰,"[""① 小"", ""② 門"", ""③ 木"", ""④ 軍"", ""⑤ 女"", ""⑥ 外"", ""⑦ 室"", ""⑧ 年"", ""⑨ 萬"", ""⑩ 大""]",⑩,大,
8급,80,2018-02-24,16,select_hanja,다음 밑줄 친 말에 해당하는 漢字를 <보기>에서 찾아 그 번호를 쓰세요.,영희는 키가 작습니다,작,"[""① 小"", ""② 門"", ""③ 木"", ""④ 軍"", ""⑤ 女"", ""⑥ 外"", ""⑦ 室"", ""⑧ 年"", ""⑨ 萬"", ""⑩ 大""]",①,小,
8급,80,2018-02-24,17,select_hanja,다음 밑줄 친 말에 해당하는 漢字를 <보기>에서 찾아 그 번호를 쓰세요.,동대문은 서울에 있습니다,문,"[""① 小"", ""② 門"", ""③ 木"", ""④ 軍"", ""⑤ 女"", ""⑥ 外"", ""⑦ 室"", ""⑧ 年"", ""⑨ 萬"", ""⑩ 大""]",②,門,
8급,80,2018-02-24,18,select_hanja,다음 밑줄 친 말에 해당하는 漢字를 <보기>에서 찾아 그 번호를 쓰세요.,용감한 군인이 되었습니다,군인,"[""① 小"", ""② 門"", ""③ 木"", ""④ 軍"", ""⑤ 女"", ""⑥ 外"", ""⑦ 室"", ""⑧ 年"", ""⑨ 萬"", ""⑩ 大""]",④,軍,
8급,80,2018-02-24,19,select_hanja,다음 밑줄 친 말에 해당하는 漢字를 <보기>에서 찾아 그 번호를 쓰세요.,나무로 작은 집을 지었습 니다,나무,"[""① 小"", ""② 門"", ""③ 木"", ""④ 軍"", ""⑤ 女"", ""⑥ 外"", ""⑦ 室"", ""⑧ 年"", ""⑨ 萬"", ""⑩ 大""]",③,木,
8급,80,2018-02-24,20,select_hanja,다음 밑줄 친 말에 해당하는 漢字를 <보기>에서 찾아 그 번호를 쓰세요.,누나는 여학교에 다닙니다,여,"[""① 小"", ""② 門"", ""③ 木"", ""④ 軍"", ""⑤ 女"", ""⑥ 外"", ""⑦ 室"", ""⑧ 年"", ""⑨ 萬"", ""⑩ 大""]",⑤,女,
8급,80,2018-02-24,21,select_hanja,다음 단어나 음에 알맞은 漢字를 <보기>에서 찾아 그 번호를 쓰세요.,가르치다,가르치다,"[""① 敎"", ""② 東"", ""③ 中"", ""④ 土"", ""⑤ 山"", ""⑥ 水"", ""⑦ 火"", ""⑧ 王"", ""⑨ 民"", ""⑩ 金""]",①,敎,
8급,80,2018-02-24,22,select_hanja,다음 단어나 음에 알맞은 漢字를 <보기>에서 찾아 그 번호를 쓰세요.,동,동,"[""① 敎"", ""② 東"", ""③ 中"", ""④ 土"", ""⑤ 山"", ""⑥ 水"", ""⑦ 火"", ""⑧ 王"", ""⑨ 民"", ""⑩ 金""]",②,東,
8급,80,2018-02-24,23,select_hanja,다음 단어나 음에 알맞은 漢字를 <보기>에서 찾아 그 번호를 쓰세요.,성/쇠,성/쇠,"[""① 敎"", ""② 東"", ""③ 中"", ""④ 土"", ""⑤ 山"", ""⑥ 水"", ""⑦ 火"", ""⑧ 王"", ""⑨ 民"", ""⑩ 金""]",⑩,金,
8급,80,2018-02-24,24,select_hanja,다음 단어나 음에 알맞은 漢字를 <보기>에서 찾아 그 번호를 쓰세요.,백성,백성,"[""① 敎"", ""② 東"", ""③ 中"", ""④ 土"", ""⑤ 山"", ""⑥ 水"", ""⑦ 火"", ""⑧ 王"", ""⑨ 民"", ""⑩ 金""]",⑨,民,
8급,80,2018-02-24,25,select_hanja,다음 단어나 음에 알맞은 漢字를 <보기>에서 찾아 그 번호를 쓰세요.,산,산,"[""① 敎"", ""② 東"", ""③ 中"", ""④ 土"", ""⑤ 山"", ""⑥ 水"", ""⑦ 火"", ""⑧ 王"", ""⑨ 民"", ""⑩ 金""]",⑤,山,
8급,80,2018-02-24,26,select_hanja,다음 단어나 음에 알맞은 漢字를 <보기>에서 찾아 그 번호를 쓰세요.,물,물,"[""① 敎"", ""② 東"", ""③ 中"", ""④ 土"", ""⑤ 山"", ""⑥ 水"", ""⑦ 火"", ""⑧ 王"", ""⑨ 民"", ""⑩ 金""]",⑥,水,
8급,80,2018-02-24,27,select_hanja,다음 단어나 음에 알맞은 漢字를 <보기>에서 찾아 그 번호를 쓰세요.,가운데,가운데,"[""① 敎"", ""② 東"", ""③ 中"", ""④ 土"", ""⑤ 山"", ""⑥ 水"", ""⑦ 火"", ""⑧ 王"", ""⑨ 民"", ""⑩ 金""]",③,中,
8급,80,2018-02-24,28,select_hanja,다음 단어나 음에 알맞은 漢字를 <보기>에서 찾아 그 번호를 쓰세요.,흙,흙,"[""① 敎"", ""② 東"", ""③ 中"", ""④ 土"", ""⑤ 山"", ""⑥ 水"", ""⑦ 火"", ""⑧ 王"", ""⑨ 民"", ""⑩ 金""]",④,土,
8급,80,2018-02-24,29,select_hanja,다음 단어나 음에 알맞은 漢字를 <보기>에서 찾아 그 번호를 쓰세요.,불,불,"[""① 敎"", ""② 東"", ""③ 中"", ""④ 土"", ""⑤ 山"", ""⑥ 水"", ""⑦ 火"", ""⑧ 王"", ""⑨ 民"", ""⑩ 金""]",⑦,火,
8급,80,2018-02-24,30,select_hanja,다음 단어나 음에 알맞은 漢字를 <보기>에서 찾아 그 번호를 쓰세요.,임금,임금,"[""① 敎"", ""② 東"", ""③ 中"", ""④ 土"", ""⑤ 山"", ""⑥ 水"", ""⑦ 火"", ""⑧ 王"", ""⑨ 民"", ""⑩ 金""]",⑧,王,
8급,80,2018-02-24,31,hunum,다음 漢字의 訓과 音을 쓰세요.,九,九,,아홉 구,아홉 구,
8급,80,2018-02-24,32,hunum,다음 漢字의 訓과 音을 쓰세요.,白,白,,흰 백,흰 백,
8급,80,2018-02-24,33,hunum,다음 漢字의 訓과 音을 쓰세요.,四,四,,넉 사,넉 사,
8급,80,2018-02-24,34,hunum,다음 漢字의 訓과 音을 쓰세요.,人,人,,사람 인,사람 인,
8급,80,2018-02-24,35,hunum,다음 漢字의 訓과 音을 쓰세요.,靑,靑,,푸를 청,푸를 청,
8급,80,2018-02-24,36,hunum,다음 漢字의 訓과 音을 쓰세요.,七,七,,일곱 칠,일곱 칠,
8급,80,2018-02-24,37,hunum,다음 漢字의 訓과 音을 쓰세요.,八,八,,여덟 팔,여덟 팔,
8급,80,2018-02-24,38,hunum,다음 漢字의 訓과 音을 쓰세요.,國,國,,나라 국,나라 국,
8급,80,2018-02-24,39,hunum,다음 漢字의 訓과 音을 쓰세요.,一,一,,한 일,한 일,
8급,80,2018-02-24,40,hunum,다음 漢字의 訓과 音을 쓰세요.,學,學,,배울 학,배울 학,
8급,80,2018-02-24,41,select_hun,다음 漢字의 訓을 <보기>에서 찾아 그 번호를 쓰세요.,南,南,"[""① 남녘"", ""② 다섯"", ""③ 서녘"", ""④ 여섯""]",①,남녘,
8급,80,2018-02-24,42,select_hun,다음 漢字의 訓을 <보기>에서 찾아 그 번호를 쓰세요.,六,六,"[""① 남녘"", ""② 다섯"", ""③ 서녘"", ""④ 여섯""]",④,여섯,
8급,80,2018-02-24,43,select_hun,다음 漢字의 訓을 <보기>에서 찾아 그 번호를 쓰세요.,西,西,"[""① 남녘"", ""② 다섯"", ""③ 서녘"", ""④ 여섯""]",③,서녘,
8급,80,2018-02-24,44,select_hun,다음 漢字의 訓을 <보기>에서 찾아 그 번호를 쓰세요.,五,五,"[""① 남녘"", ""② 다섯"", ""③ 서녘"", ""④ 여섯""]",②,다섯,
8급,80,2018-02-24,45,select_eum,다음 漢字의 音을 <보기>에서 찾아 그 번호를 쓰세요.,日,日,"[""① 십"", ""② 월"", ""③ 이"", ""④ 일""]",④,일,
8급,80,2018-02-24,46,select_eum,다음 漢字의 音을 <보기>에서 찾아 그 번호를 쓰세요.,月,月,"[""① 십"", ""② 월"", ""③ 이"", ""④ 일""]",②,월,
8급,80,2018-02-24,47,select_eum,다음 漢字의 音을 <보기>에서 찾아 그 번호를 쓰세요.,二,二,"[""① 십"", ""② 월"", ""③ 이"", ""④ 일""]",③,이,
8급,80,2018-02-24,48,select_eum,다음 漢字의 音을 <보기>에서 찾아 그 번호를 쓰세요.,十,十,"[""① 십"", ""② 월"", ""③ 이"", ""④ 일""]",①,십,
8급,80,2018-02-24,49,stroke,다음 漢字의 진하게 표시한 획은 몇 번째 쓰는지 <보기>에서 찾아 그 번호를 쓰세요.,,,"[""① 첫 번째"", ""② 두 번째"", ""③ 세 번째"", ""④ 네 번째"", ""⑤ 다섯 번째"", ""⑥ 여섯 번째"", ""⑦ 일곱 번째"", ""⑧ 여덟 번째"", ""⑨ 아홉 번째"", ""⑩ 열 번째""]",⑧,여덟 번째,exam-strokes/stroke_8_80_49.png
8급,80,2018-02-24,50,stroke,다음 漢字의 진하게 표시한 획은 몇 번째 쓰는지 <보기>에서 찾아 그 번호를 쓰세요.,,,"[""① 첫 번째"", ""② 두 번째"", ""③ 세 번째"", ""④ 네 번째"", ""⑤ 다섯 번째"", ""⑥ 여섯 번째"", ""⑦ 일곱 번째"", ""⑧ 여덟 번째"", ""⑨ 아홉 번째"", ""⑩ 열 번째""]",④,네 번째,exam-strokes/stroke_8_80_50.png
8급,81,2018-06-02,1,dokum,다음 글의 ( ) 안에 있는 漢字의 讀音을 쓰세요.,(土)요,土,,토,토,
8급,81,2018-06-02,2,dokum,다음 글의 ( ) 안에 있는 漢字의 讀音을 쓰세요.,(日)은,日,,일,일,
8급,81,2018-06-02,3,dokum,다음 글의 ( ) 안에 있는 漢字의 讀音을 쓰세요.,(大),大,,대,대,
8급,81,2018-06-02,4,dokum,다음 글의 ( ) 안에 있는 漢字의 讀音을 쓰세요.,(學),學,,학,학,
8급,81,2018-06-02,5,dokum,다음 글의 ( ) 안에 있는 漢字의 讀音을 쓰세요.,(生)인,生,,생,생,
8급,81,2018-06-02,6,dokum,다음 글의 ( ) 안에 있는 漢字의 讀音을 쓰세요.,(三),三,,삼,삼,
8급,81,2018-06-02,7,dokum,다음 글의 ( ) 안에 있는 漢字의 讀音을 쓰세요.,(寸)을 따라,寸,,촌,촌,
8급,81,2018-06-02,8,dokum,다음 글의 ( ) 안에 있는 漢字의 讀音을 쓰세요.,대학(校),校,,교,교,
8급,81,2018-06-02,9,dokum,다음 글의 ( ) 안에 있는 漢字의 讀音을 쓰세요.,(北)쪽에 있는,北,,북,북,
8급,81,2018-06-02,10,dokum,다음 글의 ( ) 안에 있는 漢字의 讀音을 쓰세요.,실험(室)을 방문했습니다,室,,실,실,
8급,81,2018-06-02,11,select_hanja,다음 밑줄 친 말에 해당하는 漢字를 <보기>에서 찾아 그 번호를 쓰세요.,공원에는 사람이 많습니다,사람,"[""① 小"", ""② 水"", ""③ 王"", ""④ 國"", ""⑤ 木"", ""⑥ 母"", ""⑦ 中"", ""⑧ 五"", ""⑨ 敎"", ""⑩ 人""]",⑩,人,
8급,81,2018-06-02,12,select_hanja,다음 밑줄 친 말에 해당하는 漢字를 <보기>에서 찾아 그 번호를 쓰세요.,물을 아껴 사용합니다,물,"[""① 小"", ""② 水"", ""③ 王"", ""④ 國"", ""⑤ 木"", ""⑥ 母"", ""⑦ 中"", ""⑧ 五"", ""⑨ 敎"", ""⑩ 人""]",②,水,
8급,81,2018-06-02,13,select_hanja,다음 밑줄 친 말에 해당하는 漢字를 <보기>에서 찾아 그 번호를 쓰세요.,나무로 만든 인형입니다,나무,"[""① 小"", ""② 水"", ""③ 王"", ""④ 國"", ""⑤ 木"", ""⑥ 母"", ""⑦ 中"", ""⑧ 五"", ""⑨ 敎"", ""⑩ 人""]",⑤,木,
8급,81,2018-06-02,14,select_hanja,다음 밑줄 친 말에 해당하는 漢字를 <보기>에서 찾아 그 번호를 쓰세요.,실내에서는 작은 목소리로 이야기합니다,작,"[""① 小"", ""② 水"", ""③ 王"", ""④ 國"", ""⑤ 木"", ""⑥ 母"", ""⑦ 中"", ""⑧ 五"", ""⑨ 敎"", ""⑩ 人""]",①,小,
8급,81,2018-06-02,15,select_hanja,다음 밑줄 친 말에 해당하는 漢字를 <보기>에서 찾아 그 번호를 쓰세요.,세종은 조선의 임금입니다,임금,"[""① 小"", ""② 水"", ""③ 王"", ""④ 國"", ""⑤ 木"", ""⑥ 母"", ""⑦ 中"", ""⑧ 五"", ""⑨ 敎"", ""⑩ 人""]",③,王,
8급,81,2018-06-02,16,select_hanja,다음 밑줄 친 말에 해당하는 漢字를 <보기>에서 찾아 그 번호를 쓰세요.,백성은 나라의 근본입니다,나라,"[""① 小"", ""② 水"", ""③ 王"", ""④ 國"", ""⑤ 木"", ""⑥ 母"", ""⑦ 中"", ""⑧ 五"", ""⑨ 敎"", ""⑩ 人""]",④,國,
8급,81,2018-06-02,17,select_hanja,다음 밑줄 친 말에 해당하는 漢字를 <보기>에서 찾아 그 번호를 쓰세요.,한국어를 가르칩니다,한국어를,"[""① 小"", ""② 水"", ""③ 王"", ""④ 國"", ""⑤ 木"", ""⑥ 母"", ""⑦ 中"", ""⑧ 五"", ""⑨ 敎"", ""⑩ 人""]",⑨,敎,
8급,81,2018-06-02,18,select_hanja,다음 밑줄 친 말에 해당하는 漢字를 <보기>에서 찾아 그 번호를 쓰세요.,오늘 어머니의 생신입니다,어머니,"[""① 小"", ""② 水"", ""③ 王"", ""④ 國"", ""⑤ 木"", ""⑥ 母"", ""⑦ 中"", ""⑧ 五"", ""⑨ 敎"", ""⑩ 人""]",⑥,母,
8급,81,2018-06-02,19,select_hanja,다음 밑줄 친 말에 해당하는 漢字를 <보기>에서 찾아 그 번호를 쓰세요.,세 건물 중 가운데 건물이 가장 높습니다,가운데,"[""① 小"", ""② 水"", ""③ 王"", ""④ 國"", ""⑤ 木"", ""⑥ 母"", ""⑦ 中"", ""⑧ 五"", ""⑨ 敎"", ""⑩ 人""]",⑦,中,
8급,81,2018-06-02,20,select_hanja,다음 밑줄 친 말에 해당하는 漢字를 <보기>에서 찾아 그 번호를 쓰세요.,우리 형제는 다섯입니다,다섯,"[""① 小"", ""② 水"", ""③ 王"", ""④ 國"", ""⑤ 木"", ""⑥ 母"", ""⑦ 中"", ""⑧ 五"", ""⑨ 敎"", ""⑩ 人""]",⑧,五,
8급,81,2018-06-02,21,select_hanja,다음 단어나 음에 알맞은 漢字를 <보기>에서 찾아 그 번호를 쓰세요.,백성,백성,"[""① 韓"", ""② 九"", ""③ 女"", ""④ 六"", ""⑤ 十"", ""⑥ 民"", ""⑦ 山"", ""⑧ 月"", ""⑨ 西"", ""⑩ 兄""]",⑥,民,
8급,81,2018-06-02,22,select_hanja,다음 단어나 음에 알맞은 漢字를 <보기>에서 찾아 그 번호를 쓰세요.,달,달,"[""① 韓"", ""② 九"", ""③ 女"", ""④ 六"", ""⑤ 十"", ""⑥ 民"", ""⑦ 山"", ""⑧ 月"", ""⑨ 西"", ""⑩ 兄""]",⑧,月,
8급,81,2018-06-02,23,select_hanja,다음 단어나 음에 알맞은 漢字를 <보기>에서 찾아 그 번호를 쓰세요.,산,산,"[""① 韓"", ""② 九"", ""③ 女"", ""④ 六"", ""⑤ 十"", ""⑥ 民"", ""⑦ 山"", ""⑧ 月"", ""⑨ 西"", ""⑩ 兄""]",⑦,山,
8급,81,2018-06-02,24,select_hanja,다음 단어나 음에 알맞은 漢字를 <보기>에서 찾아 그 번호를 쓰세요.,열,열,"[""① 韓"", ""② 九"", ""③ 女"", ""④ 六"", ""⑤ 十"", ""⑥ 民"", ""⑦ 山"", ""⑧ 月"", ""⑨ 西"", ""⑩ 兄""]",⑤,十,
8급,81,2018-06-02,25,select_hanja,다음 단어나 음에 알맞은 漢字를 <보기>에서 찾아 그 번호를 쓰세요.,형,형,"[""① 韓"", ""② 九"", ""③ 女"", ""④ 六"", ""⑤ 十"", ""⑥ 民"", ""⑦ 山"", ""⑧ 月"", ""⑨ 西"", ""⑩ 兄""]",⑩,兄,
8급,81,2018-06-02,26,select_hanja,다음 단어나 음에 알맞은 漢字를 <보기>에서 찾아 그 번호를 쓰세요.,아홉,아홉,"[""① 韓"", ""② 九"", ""③ 女"", ""④ 六"", ""⑤ 十"", ""⑥ 民"", ""⑦ 山"", ""⑧ 月"", ""⑨ 西"", ""⑩ 兄""]",②,九,
8급,81,2018-06-02,27,select_hanja,다음 단어나 음에 알맞은 漢字를 <보기>에서 찾아 그 번호를 쓰세요.,여자,여자,"[""① 韓"", ""② 九"", ""③ 女"", ""④ 六"", ""⑤ 十"", ""⑥ 民"", ""⑦ 山"", ""⑧ 月"", ""⑨ 西"", ""⑩ 兄""]",③,女,
8급,81,2018-06-02,28,select_hanja,다음 단어나 음에 알맞은 漢字를 <보기>에서 찾아 그 번호를 쓰세요.,서녘,서녘,"[""① 韓"", ""② 九"", ""③ 女"", ""④ 六"", ""⑤ 十"", ""⑥ 民"", ""⑦ 山"", ""⑧ 月"", ""⑨ 西"", ""⑩ 兄""]",⑨,西,
8급,81,2018-06-02,29,select_hanja,다음 단어나 음에 알맞은 漢字를 <보기>에서 찾아 그 번호를 쓰세요.,여섯,여섯,"[""① 韓"", ""② 九"", ""③ 女"", ""④ 六"", ""⑤ 十"", ""⑥ 民"", ""⑦ 山"", ""⑧ 月"", ""⑨ 西"", ""⑩ 兄""]",④,六,
8급,81,2018-06-02,30,select_hanja,다음 단어나 음에 알맞은 漢字를 <보기>에서 찾아 그 번호를 쓰세요.,한,한,"[""① 韓"", ""② 九"", ""③ 女"", ""④ 六"", ""⑤ 十"", ""⑥ 民"", ""⑦ 山"", ""⑧ 月"", ""⑨ 西"", ""⑩ 兄""]",①,韓,
8급,81,2018-06-02,31,hunum,다음 漢字의 訓과 音을 쓰세요.,七,七,,일곱 칠,일곱 칠,
8급,81,2018-06-02,32,hunum,다음 漢字의 訓과 音을 쓰세요.,先,先,,먼저 선,먼저 선,
8급,81,2018-06-02,33,hunum,다음 漢字의 訓과 音을 쓰세요.,弟,弟,,아우 제,아우 제,
8급,81,2018-06-02,34,hunum,다음 漢字의 訓과 音을 쓰세요.,一,一,,한 일,한 일,
8급,81,2018-06-02,35,hunum,다음 漢字의 訓과 音을 쓰세요.,長,長,,긴 장,긴 장,
8급,81,2018-06-02,36,hunum,다음 漢字의 訓과 音을 쓰세요.,軍,軍,,군사 군,군사 군,
8급,81,2018-06-02,37,hunum,다음 漢字의 訓과 音을 쓰세요.,靑,靑,,푸를 청,푸를 청,
8급,81,2018-06-02,38,hunum,다음 漢字의 訓과 音을 쓰세요.,外,外,,바깥 외,바깥 외,
8급,81,2018-06-02,39,hunum,다음 漢字의 訓과 音을 쓰세요.,門,門,,문 문,문 문,
8급,81,2018-06-02,40,hunum,다음 漢字의 訓과 音을 쓰세요.,年,年,,해 년,해 년,
8급,81,2018-06-02,41,select_hun,다음 漢字의 訓을 <보기>에서 찾아 그 번호를 쓰세요.,南,南,"[""① 둘"", ""② 희다"", ""③ 여덟"", ""④ 남녘""]",④,남녘,
8급,81,2018-06-02,42,select_hun,다음 漢字의 訓을 <보기>에서 찾아 그 번호를 쓰세요.,白,白,"[""① 둘"", ""② 희다"", ""③ 여덟"", ""④ 남녘""]",②,희다,
8급,81,2018-06-02,43,select_hun,다음 漢字의 訓을 <보기>에서 찾아 그 번호를 쓰세요.,八,八,"[""① 둘"", ""② 희다"", ""③ 여덟"", ""④ 남녘""]",③,여덟,
8급,81,2018-06-02,44,select_hun,다음 漢字의 訓을 <보기>에서 찾아 그 번호를 쓰세요.,二,二,"[""① 둘"", ""② 희다"", ""③ 여덟"", ""④ 남녘""]",①,둘,
8급,81,2018-06-02,45,select_eum,다음 漢字의 音을 <보기>에서 찾아 그 번호를 쓰세요.,四,四,"[""① 동"", ""② 만"", ""③ 사"", ""④ 부""]",③,사,
8급,81,2018-06-02,46,select_eum,다음 漢字의 音을 <보기>에서 찾아 그 번호를 쓰세요.,父,父,"[""① 동"", ""② 만"", ""③ 사"", ""④ 부""]",④,부,
8급,81,2018-06-02,47,select_eum,다음 漢字의 音을 <보기>에서 찾아 그 번호를 쓰세요.,東,東,"[""① 동"", ""② 만"", ""③ 사"", ""④ 부""]",①,동,
8급,81,2018-06-02,48,select_eum,다음 漢字의 音을 <보기>에서 찾아 그 번호를 쓰세요.,萬,萬,"[""① 동"", ""② 만"", ""③ 사"", ""④ 부""]",②,만,
8급,81,2018-06-02,49,stroke,다음 漢字의 진하게 표시한 획은 몇 번째 쓰는지 <보기>에서 찾아 그 번호를 쓰세요.,,,"[""① 첫 번째"", ""② 두 번째"", ""③ 세 번째"", ""④ 네 번째"", ""⑤ 다섯 번째"", ""⑥ 여섯 번째"", ""⑦ 일곱 번째"", ""⑧ 여덟 번째"", ""⑨ 아홉 번째"", ""⑩ 열 번째""]",④,네 번째,exam-strokes/stroke_8_81_49.png
8급,81,2018-06-02,50,stroke,다음 漢字의 진하게 표시한 획은 몇 번째 쓰는지 <보기>에서 찾아 그 번호를 쓰세요.,,,"[""① 첫 번째"", ""② 두 번째"", ""③ 세 번째"", ""④ 네 번째"", ""⑤ 다섯 번째"", ""⑥ 여섯 번째"", ""⑦ 일곱 번째"", ""⑧ 여덟 번째"", ""⑨ 아홉 번째"", ""⑩ 열 번째""]",⑤,다섯 번째,exam-strokes/stroke_8_81_50.png
8급,82,2018-08-25,1,dokum,다음 글의 ( ) 안에 있는 漢字의 讀音을 쓰세요.,(一)주일은,一,,일,일,
8급,82,2018-08-25,2,dokum,다음 글의 ( ) 안에 있는 漢字의 讀音을 쓰세요.,(七)일입니다,七,,칠,칠,
8급,82,2018-08-25,3,dokum,다음 글의 ( ) 안에 있는 漢字의 讀音을 쓰세요.,(月)요일부터,月,,월,월,
8급,82,2018-08-25,4,dokum,다음 글의 ( ) 안에 있는 漢字의 讀音을 쓰세요.,(金)요일까지만 학교에서,金,,금,금,
8급,82,2018-08-25,5,dokum,다음 글의 ( ) 안에 있는 漢字의 讀音을 쓰세요.,(先),先,,선,선,
8급,82,2018-08-25,6,dokum,다음 글의 ( ) 안에 있는 漢字의 讀音을 쓰세요.,(生)님과 공부하고,生,,생,생,
8급,82,2018-08-25,7,dokum,다음 글의 ( ) 안에 있는 漢字의 讀音을 쓰세요.,(土)요일과,土,,토,토,
8급,82,2018-08-25,8,dokum,다음 글의 ( ) 안에 있는 漢字의 讀音을 쓰세요.,(日)요일은 집에서,日,,일,일,
8급,82,2018-08-25,9,dokum,다음 글의 ( ) 안에 있는 漢字의 讀音을 쓰세요.,(父),父,,부,부,
8급,82,2018-08-25,10,dokum,다음 글의 ( ) 안에 있는 漢字의 讀音을 쓰세요.,(母)님과 함께 지냅니다,母,,모,모,
8급,82,2018-08-25,11,select_hanja,다음 밑줄 친 말에 해당하는 漢字를 <보기>에서 찾아 그 번호를 쓰세요.,해마다 제비가 찾아옵니다,해,"[""① 東"", ""② 九"", ""③ 女"", ""④ 靑"", ""⑤ 長"", ""⑥ 民"", ""⑦ 山"", ""⑧ 三"", ""⑨ 年"", ""⑩ 弟""]",⑨,年,
8급,82,2018-08-25,12,select_hanja,다음 밑줄 친 말에 해당하는 漢字를 <보기>에서 찾아 그 번호를 쓰세요.,아기 돼지 삼형제가 살았 습니다,삼,"[""① 東"", ""② 九"", ""③ 女"", ""④ 靑"", ""⑤ 長"", ""⑥ 民"", ""⑦ 山"", ""⑧ 三"", ""⑨ 年"", ""⑩ 弟""]",⑧,三,
8급,82,2018-08-25,13,select_hanja,다음 밑줄 친 말에 해당하는 漢字를 <보기>에서 찾아 그 번호를 쓰세요.,모두 여자들만 모였습니다,여,"[""① 東"", ""② 九"", ""③ 女"", ""④ 靑"", ""⑤ 長"", ""⑥ 民"", ""⑦ 山"", ""⑧ 三"", ""⑨ 年"", ""⑩ 弟""]",③,女,
8급,82,2018-08-25,14,select_hanja,다음 밑줄 친 말에 해당하는 漢字를 <보기>에서 찾아 그 번호를 쓰세요.,맑고 푸른 하늘입니다,푸른,"[""① 東"", ""② 九"", ""③ 女"", ""④ 靑"", ""⑤ 長"", ""⑥ 民"", ""⑦ 山"", ""⑧ 三"", ""⑨ 年"", ""⑩ 弟""]",④,靑,
8급,82,2018-08-25,15,select_hanja,다음 밑줄 친 말에 해당하는 漢字를 <보기>에서 찾아 그 번호를 쓰세요.,제 동생은 참 착합니다,동생,"[""① 東"", ""② 九"", ""③ 女"", ""④ 靑"", ""⑤ 長"", ""⑥ 民"", ""⑦ 山"", ""⑧ 三"", ""⑨ 年"", ""⑩ 弟""]",⑩,弟,
8급,82,2018-08-25,16,select_hanja,다음 밑줄 친 말에 해당하는 漢字를 <보기>에서 찾아 그 번호를 쓰세요.,백성은 나라의 근본입니다,백성,"[""① 東"", ""② 九"", ""③ 女"", ""④ 靑"", ""⑤ 長"", ""⑥ 民"", ""⑦ 山"", ""⑧ 三"", ""⑨ 年"", ""⑩ 弟""]",⑥,民,
8급,82,2018-08-25,17,select_hanja,다음 밑줄 친 말에 해당하는 漢字를 <보기>에서 찾아 그 번호를 쓰세요.,해 뜨는 쪽이 동쪽입니다,동,"[""① 東"", ""② 九"", ""③ 女"", ""④ 靑"", ""⑤ 長"", ""⑥ 民"", ""⑦ 山"", ""⑧ 三"", ""⑨ 年"", ""⑩ 弟""]",①,東,
8급,82,2018-08-25,18,select_hanja,다음 밑줄 친 말에 해당하는 漢字를 <보기>에서 찾아 그 번호를 쓰세요.,앞산이 제일 높습니다,산,"[""① 東"", ""② 九"", ""③ 女"", ""④ 靑"", ""⑤ 長"", ""⑥ 民"", ""⑦ 山"", ""⑧ 三"", ""⑨ 年"", ""⑩ 弟""]",⑦,山,
8급,82,2018-08-25,19,select_hanja,다음 밑줄 친 말에 해당하는 漢字를 <보기>에서 찾아 그 번호를 쓰세요.,열에 아홉은 그를 칭찬합 니다,아홉,"[""① 東"", ""② 九"", ""③ 女"", ""④ 靑"", ""⑤ 長"", ""⑥ 民"", ""⑦ 山"", ""⑧ 三"", ""⑨ 年"", ""⑩ 弟""]",②,九,
8급,82,2018-08-25,20,select_hanja,다음 밑줄 친 말에 해당하는 漢字를 <보기>에서 찾아 그 번호를 쓰세요.,긴 여행을 떠납니다,긴,"[""① 東"", ""② 九"", ""③ 女"", ""④ 靑"", ""⑤ 長"", ""⑥ 民"", ""⑦ 山"", ""⑧ 三"", ""⑨ 年"", ""⑩ 弟""]",⑤,長,
8급,82,2018-08-25,21,select_hanja,다음 단어나 음에 알맞은 漢字를 <보기>에서 찾아 그 번호를 쓰세요.,문,문,"[""① 門"", ""② 白"", ""③ 北"", ""④ 火"", ""⑤ 八"", ""⑥ 萬"", ""⑦ 大"", ""⑧ 敎"", ""⑨ 西"", ""⑩ 四""]",①,門,
8급,82,2018-08-25,22,select_hanja,다음 단어나 음에 알맞은 漢字를 <보기>에서 찾아 그 번호를 쓰세요.,교,교,"[""① 門"", ""② 白"", ""③ 北"", ""④ 火"", ""⑤ 八"", ""⑥ 萬"", ""⑦ 大"", ""⑧ 敎"", ""⑨ 西"", ""⑩ 四""]",⑧,敎,
8급,82,2018-08-25,23,select_hanja,다음 단어나 음에 알맞은 漢字를 <보기>에서 찾아 그 번호를 쓰세요.,불,불,"[""① 門"", ""② 白"", ""③ 北"", ""④ 火"", ""⑤ 八"", ""⑥ 萬"", ""⑦ 大"", ""⑧ 敎"", ""⑨ 西"", ""⑩ 四""]",④,火,
8급,82,2018-08-25,24,select_hanja,다음 단어나 음에 알맞은 漢字를 <보기>에서 찾아 그 번호를 쓰세요.,큰,큰,"[""① 門"", ""② 白"", ""③ 北"", ""④ 火"", ""⑤ 八"", ""⑥ 萬"", ""⑦ 大"", ""⑧ 敎"", ""⑨ 西"", ""⑩ 四""]",⑦,大,
8급,82,2018-08-25,25,select_hanja,다음 단어나 음에 알맞은 漢字를 <보기>에서 찾아 그 번호를 쓰세요.,사,사,"[""① 門"", ""② 白"", ""③ 北"", ""④ 火"", ""⑤ 八"", ""⑥ 萬"", ""⑦ 大"", ""⑧ 敎"", ""⑨ 西"", ""⑩ 四""]",⑩,四,
8급,82,2018-08-25,26,select_hanja,다음 단어나 음에 알맞은 漢字를 <보기>에서 찾아 그 번호를 쓰세요.,흰,흰,"[""① 門"", ""② 白"", ""③ 北"", ""④ 火"", ""⑤ 八"", ""⑥ 萬"", ""⑦ 大"", ""⑧ 敎"", ""⑨ 西"", ""⑩ 四""]",②,白,
8급,82,2018-08-25,27,select_hanja,다음 단어나 음에 알맞은 漢字를 <보기>에서 찾아 그 번호를 쓰세요.,북녘,북녘,"[""① 門"", ""② 白"", ""③ 北"", ""④ 火"", ""⑤ 八"", ""⑥ 萬"", ""⑦ 大"", ""⑧ 敎"", ""⑨ 西"", ""⑩ 四""]",③,北,
8급,82,2018-08-25,28,select_hanja,다음 단어나 음에 알맞은 漢字를 <보기>에서 찾아 그 번호를 쓰세요.,서녘,서녘,"[""① 門"", ""② 白"", ""③ 北"", ""④ 火"", ""⑤ 八"", ""⑥ 萬"", ""⑦ 大"", ""⑧ 敎"", ""⑨ 西"", ""⑩ 四""]",⑨,西,
8급,82,2018-08-25,29,select_hanja,다음 단어나 음에 알맞은 漢字를 <보기>에서 찾아 그 번호를 쓰세요.,여덟,여덟,"[""① 門"", ""② 白"", ""③ 北"", ""④ 火"", ""⑤ 八"", ""⑥ 萬"", ""⑦ 大"", ""⑧ 敎"", ""⑨ 西"", ""⑩ 四""]",⑤,八,
8급,82,2018-08-25,30,select_hanja,다음 단어나 음에 알맞은 漢字를 <보기>에서 찾아 그 번호를 쓰세요.,일만,일만,"[""① 門"", ""② 白"", ""③ 北"", ""④ 火"", ""⑤ 八"", ""⑥ 萬"", ""⑦ 大"", ""⑧ 敎"", ""⑨ 西"", ""⑩ 四""]",⑥,萬,
8급,82,2018-08-25,31,hunum,다음 漢字의 訓과 音을 쓰세요.,室,室,,집 실,집 실,
8급,82,2018-08-25,32,hunum,다음 漢字의 訓과 音을 쓰세요.,學,學,,배울 학,배울 학,
8급,82,2018-08-25,33,hunum,다음 漢字의 訓과 音을 쓰세요.,兄,兄,,형 형,형 형,
8급,82,2018-08-25,34,hunum,다음 漢字의 訓과 音을 쓰세요.,軍,軍,,군사 군,군사 군,
8급,82,2018-08-25,35,hunum,다음 漢字의 訓과 音을 쓰세요.,六,六,,여섯 륙,여섯 륙,
8급,82,2018-08-25,36,hunum,다음 漢字의 訓과 音을 쓰세요.,王,王,,임금 왕,임금 왕,
8급,82,2018-08-25,37,hunum,다음 漢字의 訓과 音을 쓰세요.,外,外,,바깥 외,바깥 외,
8급,82,2018-08-25,38,hunum,다음 漢字의 訓과 音을 쓰세요.,二,二,,두 이,두 이,
8급,82,2018-08-25,39,hunum,다음 漢字의 訓과 音을 쓰세요.,小,小,,작을 소,작을 소,
8급,82,2018-08-25,40,hunum,다음 漢字의 訓과 音을 쓰세요.,南,南,,남녘 남,남녘 남,
8급,82,2018-08-25,41,select_hun,다음 漢字의 訓을 <보기>에서 찾아 그 번호를 쓰세요.,中,中,"[""① 사람"", ""② 가운데"", ""③ 열"", ""④ 나라""]",②,가운데,
8급,82,2018-08-25,42,select_hun,다음 漢字의 訓을 <보기>에서 찾아 그 번호를 쓰세요.,國,國,"[""① 사람"", ""② 가운데"", ""③ 열"", ""④ 나라""]",④,나라,
8급,82,2018-08-25,43,select_hun,다음 漢字의 訓을 <보기>에서 찾아 그 번호를 쓰세요.,人,人,"[""① 사람"", ""② 가운데"", ""③ 열"", ""④ 나라""]",①,사람,
8급,82,2018-08-25,44,select_hun,다음 漢字의 訓을 <보기>에서 찾아 그 번호를 쓰세요.,十,十,"[""① 사람"", ""② 가운데"", ""③ 열"", ""④ 나라""]",③,열,
8급,82,2018-08-25,45,select_eum,다음 漢字의 音을 <보기>에서 찾아 그 번호를 쓰세요.,寸,寸,"[""① 목"", ""② 오"", ""③ 교"", ""④ 촌""]",④,촌,
8급,82,2018-08-25,46,select_eum,다음 漢字의 音을 <보기>에서 찾아 그 번호를 쓰세요.,五,五,"[""① 목"", ""② 오"", ""③ 교"", ""④ 촌""]",②,오,
8급,82,2018-08-25,47,select_eum,다음 漢字의 音을 <보기>에서 찾아 그 번호를 쓰세요.,木,木,"[""① 목"", ""② 오"", ""③ 교"", ""④ 촌""]",①,목,
8급,82,2018-08-25,48,select_eum,다음 漢字의 音을 <보기>에서 찾아 그 번호를 쓰세요.,校,校,"[""① 목"", ""② 오"", ""③ 교"", ""④ 촌""]",③,교,
8급,82,2018-08-25,49,stroke,다음 漢字의 진하게 표시한 획은 몇 번째 쓰는지 <보기>에서 찾아 그 번호를 쓰세요.,,,"[""① 첫 번째"", ""② 두 번째"", ""③ 세 번째"", ""④ 네 번째"", ""⑤ 다섯 번째"", ""⑥ 여섯 번째"", ""⑦ 일곱 번째"", ""⑧ 여덟 번째"", ""⑨ 아홉 번째"", ""⑩ 열 번째""]",⑦,일곱 번째,exam-strokes/stroke_8_82_49.png
8급,82,2018-08-25,50,stroke,다음 漢字의 진하게 표시한 획은 몇 번째 쓰는지 <보기>에서 찾아 그 번호를 쓰세요.,,,"[""① 첫 번째"", ""② 두 번째"", ""③ 세 번째"", ""④ 네 번째"", ""⑤ 다섯 번째"", ""⑥ 여섯 번째"", ""⑦ 일곱 번째"", ""⑧ 여덟 번째"", ""⑨ 아홉 번째"", ""⑩ 열 번째""]",①,첫 번째,exam-strokes/stroke_8_82_50.png
8급,83,2018-11-24,1,dokum,다음 글의 ( ) 안에 있는 漢字의 讀音을 쓰세요.,지난 (金)요,金,,금,금,
8급,83,2018-11-24,2,dokum,다음 글의 ( ) 안에 있는 漢字의 讀音을 쓰세요.,(日)에는,日,,일,일,
8급,83,2018-11-24,3,dokum,다음 글의 ( ) 안에 있는 漢字의 讀音을 쓰세요.,우리 (學),學,,학,학,
8급,83,2018-11-24,4,dokum,다음 글의 ( ) 안에 있는 漢字의 讀音을 쓰세요.,(校)에서,校,,교,교,
8급,83,2018-11-24,5,dokum,다음 글의 ( ) 안에 있는 漢字의 讀音을 쓰세요.,(六),六,,육,육,
8급,83,2018-11-24,6,dokum,다음 글의 ( ) 안에 있는 漢字의 讀音을 쓰세요.,학(年),年,,년,년,
8급,83,2018-11-24,7,dokum,다음 글의 ( ) 안에 있는 漢字의 讀音을 쓰세요.,학(父),父,,부,부,
8급,83,2018-11-24,8,dokum,다음 글의 ( ) 안에 있는 漢字의 讀音을 쓰세요.,(母) 간담회가,母,,모,모,
8급,83,2018-11-24,9,dokum,다음 글의 ( ) 안에 있는 漢字의 讀音을 쓰세요.,담임 (先),先,,선,선,
8급,83,2018-11-24,10,dokum,다음 글의 ( ) 안에 있는 漢字의 讀音을 쓰세요.,(生)님 별로 이루어졌습 니다,生,,생,생,
8급,83,2018-11-24,11,select_hanja,다음 훈이나 음에 알맞은 漢字를 <보기>에서 찾아 그 번호를 쓰세요.,가운데,가운데,"[""① 室"", ""② 水"", ""③ 王"", ""④ 七"", ""⑤ 木"", ""⑥ 四"", ""⑦ 二"", ""⑧ 人"", ""⑨ 中"", ""⑩ 土""]",⑨,中,
8급,83,2018-11-24,12,select_hanja,다음 훈이나 음에 알맞은 漢字를 <보기>에서 찾아 그 번호를 쓰세요.,물,물,"[""① 室"", ""② 水"", ""③ 王"", ""④ 七"", ""⑤ 木"", ""⑥ 四"", ""⑦ 二"", ""⑧ 人"", ""⑨ 中"", ""⑩ 土""]",②,水,
8급,83,2018-11-24,13,select_hanja,다음 훈이나 음에 알맞은 漢字를 <보기>에서 찾아 그 번호를 쓰세요.,사람,사람,"[""① 室"", ""② 水"", ""③ 王"", ""④ 七"", ""⑤ 木"", ""⑥ 四"", ""⑦ 二"", ""⑧ 人"", ""⑨ 中"", ""⑩ 土""]",⑧,人,
8급,83,2018-11-24,14,select_hanja,다음 훈이나 음에 알맞은 漢字를 <보기>에서 찾아 그 번호를 쓰세요.,이,이,"[""① 室"", ""② 水"", ""③ 王"", ""④ 七"", ""⑤ 木"", ""⑥ 四"", ""⑦ 二"", ""⑧ 人"", ""⑨ 中"", ""⑩ 土""]",⑦,二,
8급,83,2018-11-24,15,select_hanja,다음 훈이나 음에 알맞은 漢字를 <보기>에서 찾아 그 번호를 쓰세요.,집,집,"[""① 室"", ""② 水"", ""③ 王"", ""④ 七"", ""⑤ 木"", ""⑥ 四"", ""⑦ 二"", ""⑧ 人"", ""⑨ 中"", ""⑩ 土""]",①,室,
8급,83,2018-11-24,16,select_hanja,다음 훈이나 음에 알맞은 漢字를 <보기>에서 찾아 그 번호를 쓰세요.,왕,왕,"[""① 室"", ""② 水"", ""③ 王"", ""④ 七"", ""⑤ 木"", ""⑥ 四"", ""⑦ 二"", ""⑧ 人"", ""⑨ 中"", ""⑩ 土""]",③,王,
8급,83,2018-11-24,17,select_hanja,다음 훈이나 음에 알맞은 漢字를 <보기>에서 찾아 그 번호를 쓰세요.,일곱,일곱,"[""① 室"", ""② 水"", ""③ 王"", ""④ 七"", ""⑤ 木"", ""⑥ 四"", ""⑦ 二"", ""⑧ 人"", ""⑨ 中"", ""⑩ 土""]",④,七,
8급,83,2018-11-24,18,select_hanja,다음 훈이나 음에 알맞은 漢字를 <보기>에서 찾아 그 번호를 쓰세요.,흙,흙,"[""① 室"", ""② 水"", ""③ 王"", ""④ 七"", ""⑤ 木"", ""⑥ 四"", ""⑦ 二"", ""⑧ 人"", ""⑨ 中"", ""⑩ 土""]",⑩,土,
8급,83,2018-11-24,19,select_hanja,다음 훈이나 음에 알맞은 漢字를 <보기>에서 찾아 그 번호를 쓰세요.,사,사,"[""① 室"", ""② 水"", ""③ 王"", ""④ 七"", ""⑤ 木"", ""⑥ 四"", ""⑦ 二"", ""⑧ 人"", ""⑨ 中"", ""⑩ 土""]",⑥,四,
8급,83,2018-11-24,20,select_hanja,다음 훈이나 음에 알맞은 漢字를 <보기>에서 찾아 그 번호를 쓰세요.,목,목,"[""① 室"", ""② 水"", ""③ 王"", ""④ 七"", ""⑤ 木"", ""⑥ 四"", ""⑦ 二"", ""⑧ 人"", ""⑨ 中"", ""⑩ 土""]",⑤,木,
8급,83,2018-11-24,21,select_hanja,다음 밑줄 친 말에 해당하는 漢字를 <보기>에서 찾아 그 번호를 쓰세요.,아이들은 온종일을 바깥 에서 보냅니다,아이들은,"[""① 東"", ""② 白"", ""③ 女"", ""④ 兄"", ""⑤ 十"", ""⑥ 長"", ""⑦ 火"", ""⑧ 外"", ""⑨ 南"", ""⑩ 三""]",⑧,外,
8급,83,2018-11-24,22,select_hanja,다음 밑줄 친 말에 해당하는 漢字를 <보기>에서 찾아 그 번호를 쓰세요.,하나부터 열까지 세어 보세요,열,"[""① 東"", ""② 白"", ""③ 女"", ""④ 兄"", ""⑤ 十"", ""⑥ 長"", ""⑦ 火"", ""⑧ 外"", ""⑨ 南"", ""⑩ 三""]",⑤,十,
8급,83,2018-11-24,23,select_hanja,다음 밑줄 친 말에 해당하는 漢字를 <보기>에서 찾아 그 번호를 쓰세요.,영희의 피부는 하얀 눈 처럼 흽니다,영희의,"[""① 東"", ""② 白"", ""③ 女"", ""④ 兄"", ""⑤ 十"", ""⑥ 長"", ""⑦ 火"", ""⑧ 外"", ""⑨ 南"", ""⑩ 三""]",②,白,
8급,83,2018-11-24,24,select_hanja,다음 밑줄 친 말에 해당하는 漢字를 <보기>에서 찾아 그 번호를 쓰세요.,여자 애들이 노래를 부 르며 지나갑니다,여,"[""① 東"", ""② 白"", ""③ 女"", ""④ 兄"", ""⑤ 十"", ""⑥ 長"", ""⑦ 火"", ""⑧ 外"", ""⑨ 南"", ""⑩ 三""]",③,女,
8급,83,2018-11-24,25,select_hanja,다음 밑줄 친 말에 해당하는 漢字를 <보기>에서 찾아 그 번호를 쓰세요.,따뜻한 남쪽 지방에서 살고 싶습니다,남,"[""① 東"", ""② 白"", ""③ 女"", ""④ 兄"", ""⑤ 十"", ""⑥ 長"", ""⑦ 火"", ""⑧ 外"", ""⑨ 南"", ""⑩ 三""]",⑨,南,
8급,83,2018-11-24,26,select_hanja,다음 밑줄 친 말에 해당하는 漢字를 <보기>에서 찾아 그 번호를 쓰세요.,아궁이에 불을 피웠습니다,불,"[""① 東"", ""② 白"", ""③ 女"", ""④ 兄"", ""⑤ 十"", ""⑥ 長"", ""⑦ 火"", ""⑧ 外"", ""⑨ 南"", ""⑩ 三""]",⑦,火,
8급,83,2018-11-24,27,select_hanja,다음 밑줄 친 말에 해당하는 漢字를 <보기>에서 찾아 그 번호를 쓰세요.,영희는 긴 눈썹을 가졌 습니다,긴,"[""① 東"", ""② 白"", ""③ 女"", ""④ 兄"", ""⑤ 十"", ""⑥ 長"", ""⑦ 火"", ""⑧ 外"", ""⑨ 南"", ""⑩ 三""]",⑥,長,
8급,83,2018-11-24,28,select_hanja,다음 밑줄 친 말에 해당하는 漢字를 <보기>에서 찾아 그 번호를 쓰세요.,해는 동쪽에서 떠서 서 쪽으로 집니다,동,"[""① 東"", ""② 白"", ""③ 女"", ""④ 兄"", ""⑤ 十"", ""⑥ 長"", ""⑦ 火"", ""⑧ 外"", ""⑨ 南"", ""⑩ 三""]",①,東,
8급,83,2018-11-24,29,select_hanja,다음 밑줄 친 말에 해당하는 漢字를 <보기>에서 찾아 그 번호를 쓰세요.,세 건물 중 가운데 건물 이 가장 높습니다,세,"[""① 東"", ""② 白"", ""③ 女"", ""④ 兄"", ""⑤ 十"", ""⑥ 長"", ""⑦ 火"", ""⑧ 外"", ""⑨ 南"", ""⑩ 三""]",⑩,三,
8급,83,2018-11-24,30,select_hanja,다음 밑줄 친 말에 해당하는 漢字를 <보기>에서 찾아 그 번호를 쓰세요.,우리 형은 중학교에 입 학했습니다,형,"[""① 東"", ""② 白"", ""③ 女"", ""④ 兄"", ""⑤ 十"", ""⑥ 長"", ""⑦ 火"", ""⑧ 外"", ""⑨ 南"", ""⑩ 三""]",④,兄,
8급,83,2018-11-24,31,hunum,다음 漢字의 訓과 音을 쓰세요.,八,八,,여덟 팔,여덟 팔,
8급,83,2018-11-24,32,hunum,다음 漢字의 訓과 音을 쓰세요.,小,小,,작을 소,작을 소,
8급,83,2018-11-24,33,hunum,다음 漢字의 訓과 音을 쓰세요.,國,國,,나라 국,나라 국,
8급,83,2018-11-24,34,hunum,다음 漢字의 訓과 音을 쓰세요.,萬,萬,,일만 만,일만 만,
8급,83,2018-11-24,35,hunum,다음 漢字의 訓과 音을 쓰세요.,韓,韓,,한국/나라 한,한국/나라 한,
8급,83,2018-11-24,36,hunum,다음 漢字의 訓과 音을 쓰세요.,山,山,,메 산,메 산,
8급,83,2018-11-24,37,hunum,다음 漢字의 訓과 音을 쓰세요.,九,九,,아홉 구,아홉 구,
8급,83,2018-11-24,38,hunum,다음 漢字의 訓과 音을 쓰세요.,五,五,,다섯 오,다섯 오,
8급,83,2018-11-24,39,hunum,다음 漢字의 訓과 音을 쓰세요.,敎,敎,,가르칠 교,가르칠 교,
8급,83,2018-11-24,40,hunum,다음 漢字의 訓과 音을 쓰세요.,民,民,,백성 민,백성 민,
8급,83,2018-11-24,41,select_hun,다음 漢字의 訓을 <보기>에서 찾아 그 번호를 쓰세요.,大,大,"[""① 달"", ""② 크다"", ""③ 북녘"", ""④ 푸르다""]",②,크다,
8급,83,2018-11-24,42,select_hun,다음 漢字의 訓을 <보기>에서 찾아 그 번호를 쓰세요.,月,月,"[""① 달"", ""② 크다"", ""③ 북녘"", ""④ 푸르다""]",①,달,
8급,83,2018-11-24,43,select_hun,다음 漢字의 訓을 <보기>에서 찾아 그 번호를 쓰세요.,靑,靑,"[""① 달"", ""② 크다"", ""③ 북녘"", ""④ 푸르다""]",④,푸르다,
8급,83,2018-11-24,44,select_hun,다음 漢字의 訓을 <보기>에서 찾아 그 번호를 쓰세요.,北,北,"[""① 달"", ""② 크다"", ""③ 북녘"", ""④ 푸르다""]",③,북녘,
8급,83,2018-11-24,45,select_eum,다음 漢字의 音을 <보기>에서 찾아 그 번호를 쓰세요.,寸,寸,"[""① 문"", ""② 일"", ""③ 서"", ""④ 촌""]",④,촌,
8급,83,2018-11-24,46,select_eum,다음 漢字의 音을 <보기>에서 찾아 그 번호를 쓰세요.,門,門,"[""① 문"", ""② 일"", ""③ 서"", ""④ 촌""]",①,문,
8급,83,2018-11-24,47,select_eum,다음 漢字의 音을 <보기>에서 찾아 그 번호를 쓰세요.,西,西,"[""① 문"", ""② 일"", ""③ 서"", ""④ 촌""]",③,서,
8급,83,2018-11-24,48,select_eum,다음 漢字의 音을 <보기>에서 찾아 그 번호를 쓰세요.,一,一,"[""① 문"", ""② 일"", ""③ 서"", ""④ 촌""]",②,일,
8급,83,2018-11-24,49,stroke,다음 漢字의 진하게 표시한 획은 몇 번째 쓰는지 <보기>에서 찾아 그 번호를 쓰세요.,,,"[""① 첫 번째"", ""② 두 번째"", ""③ 세 번째"", ""④ 네 번째"", ""⑤ 다섯 번째"", ""⑥ 여섯 번째"", ""⑦ 일곱 번째"", ""⑧ 여덟 번째"", ""⑨ 아홉 번째"", ""⑩ 열 번째""]",⑤,다섯 번째,exam-strokes/stroke_8_83_49.png
8급,83,2018-11-24,50,stroke,다음 漢字의 진하게 표시한 획은 몇 번째 쓰는지 <보기>에서 찾아 그 번호를 쓰세요.,,,"[""① 첫 번째"", ""② 두 번째"", ""③ 세 번째"", ""④ 네 번째"", ""⑤ 다섯 번째"", ""⑥ 여섯 번째"", ""⑦ 일곱 번째"", ""⑧ 여덟 번째"", ""⑨ 아홉 번째"", ""⑩ 열 번째""]",⑥,여섯 번째,exam-strokes/stroke_8_83_50.png
8급,84,2019-02-23,1,dokum,다음 글의 ( ) 안에 있는 漢字의 讀音을 쓰세요.,우리 (學),學,,학,학,
8급,84,2019-02-23,2,dokum,다음 글의 ( ) 안에 있는 漢字의 讀音을 쓰세요.,(校)는,校,,교,교,
8급,84,2019-02-23,3,dokum,다음 글의 ( ) 안에 있는 漢字의 讀音을 쓰세요.,이번 (木)요,木,,목,목,
8급,84,2019-02-23,4,dokum,다음 글의 ( ) 안에 있는 漢字의 讀音을 쓰세요.,(日) 오후에,日,,일,일,
8급,84,2019-02-23,5,dokum,다음 글의 ( ) 안에 있는 漢字의 讀音을 쓰세요.,학(年)별로,年,,년,년,
8급,84,2019-02-23,6,dokum,다음 글의 ( ) 안에 있는 漢字의 讀音을 쓰세요.,(敎),敎,,교,교,
8급,84,2019-02-23,7,dokum,다음 글의 ( ) 안에 있는 漢字의 讀音을 쓰세요.,(室)에서,室,,실,실,
8급,84,2019-02-23,8,dokum,다음 글의 ( ) 안에 있는 漢字의 讀音을 쓰세요.,(父)모님을 모시고,父,,부,부,
8급,84,2019-02-23,9,dokum,다음 글의 ( ) 안에 있는 漢字의 讀音을 쓰세요.,(韓),韓,,한,한,
8급,84,2019-02-23,10,dokum,다음 글의 ( ) 안에 있는 漢字의 讀音을 쓰세요.,(國) 문화를 소개합니다,國,,국,국,
8급,84,2019-02-23,11,select_hanja,다음 훈이나 음에 알맞은 漢字를 <보기>에서 찾아 그 번호를 쓰세요.,군사,군사,"[""① 萬"", ""② 軍"", ""③ 四"", ""④ 東"", ""⑤ 八"", ""⑥ 二"", ""⑦ 小"", ""⑧ 門"", ""⑨ 五"", ""⑩ 女""]",②,軍,
8급,84,2019-02-23,12,select_hanja,다음 훈이나 음에 알맞은 漢字를 <보기>에서 찾아 그 번호를 쓰세요.,일만,일만,"[""① 萬"", ""② 軍"", ""③ 四"", ""④ 東"", ""⑤ 八"", ""⑥ 二"", ""⑦ 小"", ""⑧ 門"", ""⑨ 五"", ""⑩ 女""]",①,萬,
8급,84,2019-02-23,13,select_hanja,다음 훈이나 음에 알맞은 漢字를 <보기>에서 찾아 그 번호를 쓰세요.,녀,녀,"[""① 萬"", ""② 軍"", ""③ 四"", ""④ 東"", ""⑤ 八"", ""⑥ 二"", ""⑦ 小"", ""⑧ 門"", ""⑨ 五"", ""⑩ 女""]",⑩,女,
8급,84,2019-02-23,14,select_hanja,다음 훈이나 음에 알맞은 漢字를 <보기>에서 찾아 그 번호를 쓰세요.,다섯,다섯,"[""① 萬"", ""② 軍"", ""③ 四"", ""④ 東"", ""⑤ 八"", ""⑥ 二"", ""⑦ 小"", ""⑧ 門"", ""⑨ 五"", ""⑩ 女""]",⑨,五,
8급,84,2019-02-23,15,select_hanja,다음 훈이나 음에 알맞은 漢字를 <보기>에서 찾아 그 번호를 쓰세요.,사,사,"[""① 萬"", ""② 軍"", ""③ 四"", ""④ 東"", ""⑤ 八"", ""⑥ 二"", ""⑦ 小"", ""⑧ 門"", ""⑨ 五"", ""⑩ 女""]",③,四,
8급,84,2019-02-23,16,select_hanja,다음 훈이나 음에 알맞은 漢字를 <보기>에서 찾아 그 번호를 쓰세요.,여덟,여덟,"[""① 萬"", ""② 軍"", ""③ 四"", ""④ 東"", ""⑤ 八"", ""⑥ 二"", ""⑦ 小"", ""⑧ 門"", ""⑨ 五"", ""⑩ 女""]",⑤,八,
8급,84,2019-02-23,17,select_hanja,다음 훈이나 음에 알맞은 漢字를 <보기>에서 찾아 그 번호를 쓰세요.,문,문,"[""① 萬"", ""② 軍"", ""③ 四"", ""④ 東"", ""⑤ 八"", ""⑥ 二"", ""⑦ 小"", ""⑧ 門"", ""⑨ 五"", ""⑩ 女""]",⑧,門,
8급,84,2019-02-23,18,select_hanja,다음 훈이나 음에 알맞은 漢字를 <보기>에서 찾아 그 번호를 쓰세요.,동녘,동녘,"[""① 萬"", ""② 軍"", ""③ 四"", ""④ 東"", ""⑤ 八"", ""⑥ 二"", ""⑦ 小"", ""⑧ 門"", ""⑨ 五"", ""⑩ 女""]",④,東,
8급,84,2019-02-23,19,select_hanja,다음 훈이나 음에 알맞은 漢字를 <보기>에서 찾아 그 번호를 쓰세요.,작다,작다,"[""① 萬"", ""② 軍"", ""③ 四"", ""④ 東"", ""⑤ 八"", ""⑥ 二"", ""⑦ 小"", ""⑧ 門"", ""⑨ 五"", ""⑩ 女""]",⑦,小,
8급,84,2019-02-23,20,select_hanja,다음 훈이나 음에 알맞은 漢字를 <보기>에서 찾아 그 번호를 쓰세요.,이,이,"[""① 萬"", ""② 軍"", ""③ 四"", ""④ 東"", ""⑤ 八"", ""⑥ 二"", ""⑦ 小"", ""⑧ 門"", ""⑨ 五"", ""⑩ 女""]",⑥,二,
8급,84,2019-02-23,21,select_hanja,다음 밑줄 친 말에 해당하는 漢字를 <보기>에서 찾아 그 번호를 쓰세요.,밤새 흰 눈이 내렸습니다,흰,"[""① 人"", ""② 外"", ""③ 王"", ""④ 北"", ""⑤ 水"", ""⑥ 七"", ""⑦ 火"", ""⑧ 母"", ""⑨ 白"", ""⑩ 長""]",⑨,白,
8급,84,2019-02-23,22,select_hanja,다음 밑줄 친 말에 해당하는 漢字를 <보기>에서 찾아 그 번호를 쓰세요.,화초에 물을 줍니다,물,"[""① 人"", ""② 外"", ""③ 王"", ""④ 北"", ""⑤ 水"", ""⑥ 七"", ""⑦ 火"", ""⑧ 母"", ""⑨ 白"", ""⑩ 長""]",⑤,水,
8급,84,2019-02-23,23,select_hanja,다음 밑줄 친 말에 해당하는 漢字를 <보기>에서 찾아 그 번호를 쓰세요.,어머니와 시장에 갑니다,어머니,"[""① 人"", ""② 外"", ""③ 王"", ""④ 北"", ""⑤ 水"", ""⑥ 七"", ""⑦ 火"", ""⑧ 母"", ""⑨ 白"", ""⑩ 長""]",⑧,母,
8급,84,2019-02-23,24,select_hanja,다음 밑줄 친 말에 해당하는 漢字를 <보기>에서 찾아 그 번호를 쓰세요.,그 사람은 부지런합니다,사람,"[""① 人"", ""② 外"", ""③ 王"", ""④ 北"", ""⑤ 水"", ""⑥ 七"", ""⑦ 火"", ""⑧ 母"", ""⑨ 白"", ""⑩ 長""]",①,人,
8급,84,2019-02-23,25,select_hanja,다음 밑줄 친 말에 해당하는 漢字를 <보기>에서 찾아 그 번호를 쓰세요.,언제나 불을 조심합니다,불,"[""① 人"", ""② 外"", ""③ 王"", ""④ 北"", ""⑤ 水"", ""⑥ 七"", ""⑦ 火"", ""⑧ 母"", ""⑨ 白"", ""⑩ 長""]",⑦,火,
8급,84,2019-02-23,26,select_hanja,다음 밑줄 친 말에 해당하는 漢字를 <보기>에서 찾아 그 번호를 쓰세요.,선조 임금 때 임진왜란 이 일어났습니다,임금,"[""① 人"", ""② 外"", ""③ 王"", ""④ 北"", ""⑤ 水"", ""⑥ 七"", ""⑦ 火"", ""⑧ 母"", ""⑨ 白"", ""⑩ 長""]",③,王,
8급,84,2019-02-23,27,select_hanja,다음 밑줄 친 말에 해당하는 漢字를 <보기>에서 찾아 그 번호를 쓰세요.,바깥 날씨가 춥습니다,바깥,"[""① 人"", ""② 外"", ""③ 王"", ""④ 北"", ""⑤ 水"", ""⑥ 七"", ""⑦ 火"", ""⑧ 母"", ""⑨ 白"", ""⑩ 長""]",②,外,
8급,84,2019-02-23,28,select_hanja,다음 밑줄 친 말에 해당하는 漢字를 <보기>에서 찾아 그 번호를 쓰세요.,셋에 넷을 더하면 일곱 입니다,일곱,"[""① 人"", ""② 外"", ""③ 王"", ""④ 北"", ""⑤ 水"", ""⑥ 七"", ""⑦ 火"", ""⑧ 母"", ""⑨ 白"", ""⑩ 長""]",⑥,七,
8급,84,2019-02-23,29,select_hanja,다음 밑줄 친 말에 해당하는 漢字를 <보기>에서 찾아 그 번호를 쓰세요.,짧은 것과 긴 것은 재봐 야 압니다,긴,"[""① 人"", ""② 外"", ""③ 王"", ""④ 北"", ""⑤ 水"", ""⑥ 七"", ""⑦ 火"", ""⑧ 母"", ""⑨ 白"", ""⑩ 長""]",⑩,長,
8급,84,2019-02-23,30,select_hanja,다음 밑줄 친 말에 해당하는 漢字를 <보기>에서 찾아 그 번호를 쓰세요.,화장실은 이 건물 북쪽 끝에 있습니다,북쪽,"[""① 人"", ""② 外"", ""③ 王"", ""④ 北"", ""⑤ 水"", ""⑥ 七"", ""⑦ 火"", ""⑧ 母"", ""⑨ 白"", ""⑩ 長""]",④,北,
8급,84,2019-02-23,31,hunum,다음 漢字의 訓과 音을 쓰세요.,大,大,,큰 대,큰 대,
8급,84,2019-02-23,32,hunum,다음 漢字의 訓과 音을 쓰세요.,山,山,,메 산,메 산,
8급,84,2019-02-23,33,hunum,다음 漢字의 訓과 音을 쓰세요.,民,民,,백성 민,백성 민,
8급,84,2019-02-23,34,hunum,다음 漢字의 訓과 音을 쓰세요.,九,九,,아홉 구,아홉 구,
8급,84,2019-02-23,35,hunum,다음 漢字의 訓과 音을 쓰세요.,西,西,,서녘 서,서녘 서,
8급,84,2019-02-23,36,hunum,다음 漢字의 訓과 音을 쓰세요.,一,一,,한 일,한 일,
8급,84,2019-02-23,37,hunum,다음 漢字의 訓과 音을 쓰세요.,寸,寸,,마디 촌,마디 촌,
8급,84,2019-02-23,38,hunum,다음 漢字의 訓과 音을 쓰세요.,月,月,,달 월,달 월,
8급,84,2019-02-23,39,hunum,다음 漢字의 訓과 音을 쓰세요.,生,生,,날 생,날 생,
8급,84,2019-02-23,40,hunum,다음 漢字의 訓과 音을 쓰세요.,中,中,,가운데 중,가운데 중,
8급,84,2019-02-23,41,select_hun,다음 漢字의 訓을 <보기>에서 찾아 그 번호를 쓰세요.,弟,弟,"[""① 여섯"", ""② 아우"", ""③ 흙"", ""④ 먼저""]",②,아우,
8급,84,2019-02-23,42,select_hun,다음 漢字의 訓을 <보기>에서 찾아 그 번호를 쓰세요.,先,先,"[""① 여섯"", ""② 아우"", ""③ 흙"", ""④ 먼저""]",④,먼저,
8급,84,2019-02-23,43,select_hun,다음 漢字의 訓을 <보기>에서 찾아 그 번호를 쓰세요.,六,六,"[""① 여섯"", ""② 아우"", ""③ 흙"", ""④ 먼저""]",①,여섯,
8급,84,2019-02-23,44,select_hun,다음 漢字의 訓을 <보기>에서 찾아 그 번호를 쓰세요.,土,土,"[""① 여섯"", ""② 아우"", ""③ 흙"", ""④ 먼저""]",③,흙,
8급,84,2019-02-23,45,select_eum,다음 漢字의 音을 <보기>에서 찾아 그 번호를 쓰세요.,十,十,"[""① 금"", ""② 삼"", ""③ 십"", ""④ 형""]",③,십,
8급,84,2019-02-23,46,select_eum,다음 漢字의 音을 <보기>에서 찾아 그 번호를 쓰세요.,金,金,"[""① 금"", ""② 삼"", ""③ 십"", ""④ 형""]",①,금,
8급,84,2019-02-23,47,select_eum,다음 漢字의 音을 <보기>에서 찾아 그 번호를 쓰세요.,兄,兄,"[""① 금"", ""② 삼"", ""③ 십"", ""④ 형""]",④,형,
8급,84,2019-02-23,48,select_eum,다음 漢字의 音을 <보기>에서 찾아 그 번호를 쓰세요.,三,三,"[""① 금"", ""② 삼"", ""③ 십"", ""④ 형""]",②,삼,
8급,84,2019-02-23,49,stroke,다음 漢字의 진하게 표시한 획은 몇 번째 쓰는지 <보기>에서 찾아 그 번호를 쓰세요.,,,"[""① 첫 번째"", ""② 두 번째"", ""③ 세 번째"", ""④ 네 번째"", ""⑤ 다섯 번째"", ""⑥ 여섯 번째"", ""⑦ 일곱 번째"", ""⑧ 여덟 번째"", ""⑨ 아홉 번째"", ""⑩ 열 번째""]",④,네 번째,exam-strokes/stroke_8_84_49.png
8급,84,2019-02-23,50,stroke,다음 漢字의 진하게 표시한 획은 몇 번째 쓰는지 <보기>에서 찾아 그 번호를 쓰세요.,,,"[""① 첫 번째"", ""② 두 번째"", ""③ 세 번째"", ""④ 네 번째"", ""⑤ 다섯 번째"", ""⑥ 여섯 번째"", ""⑦ 일곱 번째"", ""⑧ 여덟 번째"", ""⑨ 아홉 번째"", ""⑩ 열 번째""]",⑨,아홉 번째,exam-strokes/stroke_8_84_50.png
8급,85,2019-06-01,1,dokum,다음 글의 ( ) 안에 있는 漢字의 讀音을 쓰세요.,(三)월,三,,삼,삼,
8급,85,2019-06-01,2,dokum,다음 글의 ( ) 안에 있는 漢字의 讀音을 쓰세요.,(一)일은,一,,일,일,
8급,85,2019-06-01,3,dokum,다음 글의 ( ) 안에 있는 漢字의 讀音을 쓰세요.,(大),大,,대,대,
8급,85,2019-06-01,4,dokum,다음 글의 ( ) 안에 있는 漢字의 讀音을 쓰세요.,(韓) 독립,韓,,한,한,
8급,85,2019-06-01,5,dokum,다음 글의 ( ) 안에 있는 漢字의 讀音을 쓰세요.,(萬)세를 외쳤던,萬,,만,만,
8급,85,2019-06-01,6,dokum,다음 글의 ( ) 안에 있는 漢字의 讀音을 쓰세요.,기념(日)입니다,日,,일,일,
8급,85,2019-06-01,7,dokum,다음 글의 ( ) 안에 있는 漢字의 讀音을 쓰세요.,(學),學,,학,학,
8급,85,2019-06-01,8,dokum,다음 글의 ( ) 안에 있는 漢字의 讀音을 쓰세요.,(校)에서는,校,,교,교,
8급,85,2019-06-01,9,dokum,다음 글의 ( ) 안에 있는 漢字의 讀音을 쓰세요.,(國)기를 게양하여,國,,국,국,
8급,85,2019-06-01,10,dokum,다음 글의 ( ) 안에 있는 漢字의 讀音을 쓰세요.,(民)족 정신을 기억합니 다,民,,민,민,
8급,85,2019-06-01,11,select_hanja,다음 훈이나 음에 알맞은 漢字를 <보기>에서 찾아 그 번호를 쓰세요.,아홉,아홉,"[""① 門"", ""② 長"", ""③ 王"", ""④ 女"", ""⑤ 兄"", ""⑥ 中"", ""⑦ 二"", ""⑧ 軍"", ""⑨ 金"", ""⑩ 九""]",⑩,九,
8급,85,2019-06-01,12,select_hanja,다음 훈이나 음에 알맞은 漢字를 <보기>에서 찾아 그 번호를 쓰세요.,문,문,"[""① 門"", ""② 長"", ""③ 王"", ""④ 女"", ""⑤ 兄"", ""⑥ 中"", ""⑦ 二"", ""⑧ 軍"", ""⑨ 金"", ""⑩ 九""]",①,門,
8급,85,2019-06-01,13,select_hanja,다음 훈이나 음에 알맞은 漢字를 <보기>에서 찾아 그 번호를 쓰세요.,쇠,쇠,"[""① 門"", ""② 長"", ""③ 王"", ""④ 女"", ""⑤ 兄"", ""⑥ 中"", ""⑦ 二"", ""⑧ 軍"", ""⑨ 金"", ""⑩ 九""]",⑨,金,
8급,85,2019-06-01,14,select_hanja,다음 훈이나 음에 알맞은 漢字를 <보기>에서 찾아 그 번호를 쓰세요.,가운데,가운데,"[""① 門"", ""② 長"", ""③ 王"", ""④ 女"", ""⑤ 兄"", ""⑥ 中"", ""⑦ 二"", ""⑧ 軍"", ""⑨ 金"", ""⑩ 九""]",⑥,中,
8급,85,2019-06-01,15,select_hanja,다음 훈이나 음에 알맞은 漢字를 <보기>에서 찾아 그 번호를 쓰세요.,장,장,"[""① 門"", ""② 長"", ""③ 王"", ""④ 女"", ""⑤ 兄"", ""⑥ 中"", ""⑦ 二"", ""⑧ 軍"", ""⑨ 金"", ""⑩ 九""]",②,長,
8급,85,2019-06-01,16,select_hanja,다음 훈이나 음에 알맞은 漢字를 <보기>에서 찾아 그 번호를 쓰세요.,왕,왕,"[""① 門"", ""② 長"", ""③ 王"", ""④ 女"", ""⑤ 兄"", ""⑥ 中"", ""⑦ 二"", ""⑧ 軍"", ""⑨ 金"", ""⑩ 九""]",③,王,
8급,85,2019-06-01,17,select_hanja,다음 훈이나 음에 알맞은 漢字를 <보기>에서 찾아 그 번호를 쓰세요.,둘,둘,"[""① 門"", ""② 長"", ""③ 王"", ""④ 女"", ""⑤ 兄"", ""⑥ 中"", ""⑦ 二"", ""⑧ 軍"", ""⑨ 金"", ""⑩ 九""]",⑦,二,
8급,85,2019-06-01,18,select_hanja,다음 훈이나 음에 알맞은 漢字를 <보기>에서 찾아 그 번호를 쓰세요.,녀,녀,"[""① 門"", ""② 長"", ""③ 王"", ""④ 女"", ""⑤ 兄"", ""⑥ 中"", ""⑦ 二"", ""⑧ 軍"", ""⑨ 金"", ""⑩ 九""]",④,女,
8급,85,2019-06-01,19,select_hanja,다음 훈이나 음에 알맞은 漢字를 <보기>에서 찾아 그 번호를 쓰세요.,군,군,"[""① 門"", ""② 長"", ""③ 王"", ""④ 女"", ""⑤ 兄"", ""⑥ 中"", ""⑦ 二"", ""⑧ 軍"", ""⑨ 金"", ""⑩ 九""]",⑧,軍,
8급,85,2019-06-01,20,select_hanja,다음 훈이나 음에 알맞은 漢字를 <보기>에서 찾아 그 번호를 쓰세요.,형,형,"[""① 門"", ""② 長"", ""③ 王"", ""④ 女"", ""⑤ 兄"", ""⑥ 中"", ""⑦ 二"", ""⑧ 軍"", ""⑨ 金"", ""⑩ 九""]",⑤,兄,
8급,85,2019-06-01,21,select_hanja,다음 밑줄 친 말에 해당하는 漢字를 <보기>에서 찾아 그 번호를 쓰세요.,나무를 심었습니다,나무,"[""① 先"", ""② 白"", ""③ 五"", ""④ 弟"", ""⑤ 人"", ""⑥ 靑"", ""⑦ 木"", ""⑧ 小"", ""⑨ 水"", ""⑩ 母""]",⑦,木,
8급,85,2019-06-01,22,select_hanja,다음 밑줄 친 말에 해당하는 漢字를 <보기>에서 찾아 그 번호를 쓰세요.,어머니는 자식에게 모든 것을 아낌없이 줍니다,어머니,"[""① 先"", ""② 白"", ""③ 五"", ""④ 弟"", ""⑤ 人"", ""⑥ 靑"", ""⑦ 木"", ""⑧ 小"", ""⑨ 水"", ""⑩ 母""]",⑩,母,
8급,85,2019-06-01,23,select_hanja,다음 밑줄 친 말에 해당하는 漢字를 <보기>에서 찾아 그 번호를 쓰세요.,골짜기에 맑은 물이 졸 졸졸 흐릅니다,물,"[""① 先"", ""② 白"", ""③ 五"", ""④ 弟"", ""⑤ 人"", ""⑥ 靑"", ""⑦ 木"", ""⑧ 小"", ""⑨ 水"", ""⑩ 母""]",⑨,水,
8급,85,2019-06-01,24,select_hanja,다음 밑줄 친 말에 해당하는 漢字를 <보기>에서 찾아 그 번호를 쓰세요.,작은 연못가에 수선화가 피어 있습니다,작,"[""① 先"", ""② 白"", ""③ 五"", ""④ 弟"", ""⑤ 人"", ""⑥ 靑"", ""⑦ 木"", ""⑧ 小"", ""⑨ 水"", ""⑩ 母""]",⑧,小,
8급,85,2019-06-01,25,select_hanja,다음 밑줄 친 말에 해당하는 漢字를 <보기>에서 찾아 그 번호를 쓰세요.,진달래꽃보다 개나리꽃 이 먼저 피었습니다,먼저,"[""① 先"", ""② 白"", ""③ 五"", ""④ 弟"", ""⑤ 人"", ""⑥ 靑"", ""⑦ 木"", ""⑧ 小"", ""⑨ 水"", ""⑩ 母""]",①,先,
8급,85,2019-06-01,26,select_hanja,다음 밑줄 친 말에 해당하는 漢字를 <보기>에서 찾아 그 번호를 쓰세요.,꽃밭 사이 길로 사람이 지 나갑니다,사람,"[""① 先"", ""② 白"", ""③ 五"", ""④ 弟"", ""⑤ 人"", ""⑥ 靑"", ""⑦ 木"", ""⑧ 小"", ""⑨ 水"", ""⑩ 母""]",⑤,人,
8급,85,2019-06-01,27,select_hanja,다음 밑줄 친 말에 해당하는 漢字를 <보기>에서 찾아 그 번호를 쓰세요.,푸른 언덕으로 오솔길이 나 있습니다,푸른,"[""① 先"", ""② 白"", ""③ 五"", ""④ 弟"", ""⑤ 人"", ""⑥ 靑"", ""⑦ 木"", ""⑧ 小"", ""⑨ 水"", ""⑩ 母""]",⑥,靑,
8급,85,2019-06-01,28,select_hanja,다음 밑줄 친 말에 해당하는 漢字를 <보기>에서 찾아 그 번호를 쓰세요.,흰 구름이 두둥실 떠 있 습니다,흰,"[""① 先"", ""② 白"", ""③ 五"", ""④ 弟"", ""⑤ 人"", ""⑥ 靑"", ""⑦ 木"", ""⑧ 小"", ""⑨ 水"", ""⑩ 母""]",②,白,
8급,85,2019-06-01,29,select_hanja,다음 밑줄 친 말에 해당하는 漢字를 <보기>에서 찾아 그 번호를 쓰세요.,우리 동생은 개구쟁이입 니다,동생,"[""① 先"", ""② 白"", ""③ 五"", ""④ 弟"", ""⑤ 人"", ""⑥ 靑"", ""⑦ 木"", ""⑧ 小"", ""⑨ 水"", ""⑩ 母""]",④,弟,
8급,85,2019-06-01,30,select_hanja,다음 밑줄 친 말에 해당하는 漢字를 <보기>에서 찾아 그 번호를 쓰세요.,다섯 사람이 함께 왔습 니다,다섯,"[""① 先"", ""② 白"", ""③ 五"", ""④ 弟"", ""⑤ 人"", ""⑥ 靑"", ""⑦ 木"", ""⑧ 小"", ""⑨ 水"", ""⑩ 母""]",③,五,
8급,85,2019-06-01,31,hunum,다음 漢字의 訓과 音을 쓰세요.,南,南,,남녘 남,남녘 남,
8급,85,2019-06-01,32,hunum,다음 漢字의 訓과 音을 쓰세요.,月,月,,달 월,달 월,
8급,85,2019-06-01,33,hunum,다음 漢字의 訓과 音을 쓰세요.,十,十,,열 십,열 십,
8급,85,2019-06-01,34,hunum,다음 漢字의 訓과 音을 쓰세요.,室,室,,집 실,집 실,
8급,85,2019-06-01,35,hunum,다음 漢字의 訓과 音을 쓰세요.,土,土,,흙 토,흙 토,
8급,85,2019-06-01,36,hunum,다음 漢字의 訓과 音을 쓰세요.,年,年,,해 년,해 년,
8급,85,2019-06-01,37,hunum,다음 漢字의 訓과 音을 쓰세요.,八,八,,여덟 팔,여덟 팔,
8급,85,2019-06-01,38,hunum,다음 漢字의 訓과 音을 쓰세요.,火,火,,불 화,불 화,
8급,85,2019-06-01,39,hunum,다음 漢字의 訓과 音을 쓰세요.,七,七,,일곱 칠,일곱 칠,
8급,85,2019-06-01,40,hunum,다음 漢字의 訓과 音을 쓰세요.,寸,寸,,마디 촌,마디 촌,
8급,85,2019-06-01,41,select_hun,다음 漢字의 訓을 <보기>에서 찾아 그 번호를 쓰세요.,西,西,"[""① 아버지"", ""② 여섯"", ""③ 서녘"", ""④ 바깥""]",③,서녘,
8급,85,2019-06-01,42,select_hun,다음 漢字의 訓을 <보기>에서 찾아 그 번호를 쓰세요.,父,父,"[""① 아버지"", ""② 여섯"", ""③ 서녘"", ""④ 바깥""]",①,아버지,
8급,85,2019-06-01,43,select_hun,다음 漢字의 訓을 <보기>에서 찾아 그 번호를 쓰세요.,外,外,"[""① 아버지"", ""② 여섯"", ""③ 서녘"", ""④ 바깥""]",④,바깥,
8급,85,2019-06-01,44,select_hun,다음 漢字의 訓을 <보기>에서 찾아 그 번호를 쓰세요.,六,六,"[""① 아버지"", ""② 여섯"", ""③ 서녘"", ""④ 바깥""]",②,여섯,
8급,85,2019-06-01,45,select_eum,다음 漢字의 音을 <보기>에서 찾아 그 번호를 쓰세요.,生,生,"[""① 북"", ""② 사"", ""③ 산"", ""④ 생""]",④,생,
8급,85,2019-06-01,46,select_eum,다음 漢字의 音을 <보기>에서 찾아 그 번호를 쓰세요.,北,北,"[""① 북"", ""② 사"", ""③ 산"", ""④ 생""]",①,북,
8급,85,2019-06-01,47,select_eum,다음 漢字의 音을 <보기>에서 찾아 그 번호를 쓰세요.,山,山,"[""① 북"", ""② 사"", ""③ 산"", ""④ 생""]",③,산,
8급,85,2019-06-01,48,select_eum,다음 漢字의 音을 <보기>에서 찾아 그 번호를 쓰세요.,四,四,"[""① 북"", ""② 사"", ""③ 산"", ""④ 생""]",②,사,
8급,85,2019-06-01,49,stroke,다음 漢字의 진하게 표시한 획은 몇 번째 쓰는지 <보기>에서 찾아 그 번호를 쓰세요.,,,"[""① 첫 번째"", ""② 두 번째"", ""③ 세 번째"", ""④ 네 번째"", ""⑤ 다섯 번째"", ""⑥ 여섯 번째"", ""⑦ 일곱 번째"", ""⑧ 여덟 번째"", ""⑨ 아홉 번째"", ""⑩ 열 번째""]",④,네 번째,exam-strokes/stroke_8_85_49.png
8급,85,2019-06-01,50,stroke,다음 漢字의 진하게 표시한 획은 몇 번째 쓰는지 <보기>에서 찾아 그 번호를 쓰세요.,,,"[""① 첫 번째"", ""② 두 번째"", ""③ 세 번째"", ""④ 네 번째"", ""⑤ 다섯 번째"", ""⑥ 여섯 번째"", ""⑦ 일곱 번째"", ""⑧ 여덟 번째"", ""⑨ 아홉 번째"", ""⑩ 열 번째""]",⑥,여섯 번째,exam-strokes/stroke_8_85_50.png
8급,86,2019-08-24,1,dokum,다음 글의 ( ) 안에 있는 漢字의 讀音을 쓰세요.,(八)월,八,,팔,팔,
8급,86,2019-08-24,2,dokum,다음 글의 ( ) 안에 있는 漢字의 讀音을 쓰세요.,(十),十,,십,십,
8급,86,2019-08-24,3,dokum,다음 글의 ( ) 안에 있는 漢字의 讀音을 쓰세요.,(五)일은 광복절입니다,五,,오,오,
8급,86,2019-08-24,4,dokum,다음 글의 ( ) 안에 있는 漢字의 讀音을 쓰세요.,(父),父,,부,부,
8급,86,2019-08-24,5,dokum,다음 글의 ( ) 안에 있는 漢字의 讀音을 쓰세요.,(母)님과 같이,母,,모,모,
8급,86,2019-08-24,6,dokum,다음 글의 ( ) 안에 있는 漢字의 讀音을 쓰세요.,(學),學,,학,학,
8급,86,2019-08-24,7,dokum,다음 글의 ( ) 안에 있는 漢字의 讀音을 쓰세요.,(校) 강당에 모여,校,,교,교,
8급,86,2019-08-24,8,dokum,다음 글의 ( ) 안에 있는 漢字의 讀音을 쓰세요.,(國),國,,국,국,
8급,86,2019-08-24,9,dokum,다음 글의 ( ) 안에 있는 漢字의 讀音을 쓰세요.,(民)의 한사람으로서,民,,민,민,
8급,86,2019-08-24,10,dokum,다음 글의 ( ) 안에 있는 漢字의 讀音을 쓰세요.,(萬)세를 불렀습니다,萬,,만,만,
8급,86,2019-08-24,11,select_hanja,다음 훈이나 음에 알맞은 漢字를 <보기>에서 찾아 그 번호를 쓰세요.,아우,아우,"[""① 一"", ""② 金"", ""③ 韓"", ""④ 南"", ""⑤ 北"", ""⑥ 三"", ""⑦ 女"", ""⑧ 軍"", ""⑨ 火"", ""⑩ 弟""]",⑩,弟,
8급,86,2019-08-24,12,select_hanja,다음 훈이나 음에 알맞은 漢字를 <보기>에서 찾아 그 번호를 쓰세요.,북녘,북녘,"[""① 一"", ""② 金"", ""③ 韓"", ""④ 南"", ""⑤ 北"", ""⑥ 三"", ""⑦ 女"", ""⑧ 軍"", ""⑨ 火"", ""⑩ 弟""]",⑤,北,
8급,86,2019-08-24,13,select_hanja,다음 훈이나 음에 알맞은 漢字를 <보기>에서 찾아 그 번호를 쓰세요.,녀,녀,"[""① 一"", ""② 金"", ""③ 韓"", ""④ 南"", ""⑤ 北"", ""⑥ 三"", ""⑦ 女"", ""⑧ 軍"", ""⑨ 火"", ""⑩ 弟""]",⑦,女,
8급,86,2019-08-24,14,select_hanja,다음 훈이나 음에 알맞은 漢字를 <보기>에서 찾아 그 번호를 쓰세요.,군사,군사,"[""① 一"", ""② 金"", ""③ 韓"", ""④ 南"", ""⑤ 北"", ""⑥ 三"", ""⑦ 女"", ""⑧ 軍"", ""⑨ 火"", ""⑩ 弟""]",⑧,軍,
8급,86,2019-08-24,15,select_hanja,다음 훈이나 음에 알맞은 漢字를 <보기>에서 찾아 그 번호를 쓰세요.,불,불,"[""① 一"", ""② 金"", ""③ 韓"", ""④ 南"", ""⑤ 北"", ""⑥ 三"", ""⑦ 女"", ""⑧ 軍"", ""⑨ 火"", ""⑩ 弟""]",⑨,火,
8급,86,2019-08-24,16,select_hanja,다음 훈이나 음에 알맞은 漢字를 <보기>에서 찾아 그 번호를 쓰세요.,쇠/성,쇠/성,"[""① 一"", ""② 金"", ""③ 韓"", ""④ 南"", ""⑤ 北"", ""⑥ 三"", ""⑦ 女"", ""⑧ 軍"", ""⑨ 火"", ""⑩ 弟""]",②,金,
8급,86,2019-08-24,17,select_hanja,다음 훈이나 음에 알맞은 漢字를 <보기>에서 찾아 그 번호를 쓰세요.,남,남,"[""① 一"", ""② 金"", ""③ 韓"", ""④ 南"", ""⑤ 北"", ""⑥ 三"", ""⑦ 女"", ""⑧ 軍"", ""⑨ 火"", ""⑩ 弟""]",④,南,
8급,86,2019-08-24,18,select_hanja,다음 훈이나 음에 알맞은 漢字를 <보기>에서 찾아 그 번호를 쓰세요.,한국,한국,"[""① 一"", ""② 金"", ""③ 韓"", ""④ 南"", ""⑤ 北"", ""⑥ 三"", ""⑦ 女"", ""⑧ 軍"", ""⑨ 火"", ""⑩ 弟""]",③,韓,
8급,86,2019-08-24,19,select_hanja,다음 훈이나 음에 알맞은 漢字를 <보기>에서 찾아 그 번호를 쓰세요.,하나,하나,"[""① 一"", ""② 金"", ""③ 韓"", ""④ 南"", ""⑤ 北"", ""⑥ 三"", ""⑦ 女"", ""⑧ 軍"", ""⑨ 火"", ""⑩ 弟""]",①,一,
8급,86,2019-08-24,20,select_hanja,다음 훈이나 음에 알맞은 漢字를 <보기>에서 찾아 그 번호를 쓰세요.,삼,삼,"[""① 一"", ""② 金"", ""③ 韓"", ""④ 南"", ""⑤ 北"", ""⑥ 三"", ""⑦ 女"", ""⑧ 軍"", ""⑨ 火"", ""⑩ 弟""]",⑥,三,
8급,86,2019-08-24,21,select_hanja,다음 밑줄 친 말에 해당하는 漢字를 <보기>에서 찾아 그 번호를 쓰세요.,둥근 달이 떴습니다,달,"[""① 門"", ""② 小"", ""③ 六"", ""④ 大"", ""⑤ 土"", ""⑥ 外"", ""⑦ 人"", ""⑧ 木"", ""⑨ 月"", ""⑩ 水""]",⑨,月,
8급,86,2019-08-24,22,select_hanja,다음 밑줄 친 말에 해당하는 漢字를 <보기>에서 찾아 그 번호를 쓰세요.,동쪽에 문이 있습니다,문,"[""① 門"", ""② 小"", ""③ 六"", ""④ 大"", ""⑤ 土"", ""⑥ 外"", ""⑦ 人"", ""⑧ 木"", ""⑨ 月"", ""⑩ 水""]",①,門,
8급,86,2019-08-24,23,select_hanja,다음 밑줄 친 말에 해당하는 漢字를 <보기>에서 찾아 그 번호를 쓰세요.,맑은 물이 흐릅니다,물,"[""① 門"", ""② 小"", ""③ 六"", ""④ 大"", ""⑤ 土"", ""⑥ 外"", ""⑦ 人"", ""⑧ 木"", ""⑨ 月"", ""⑩ 水""]",⑩,水,
8급,86,2019-08-24,24,select_hanja,다음 밑줄 친 말에 해당하는 漢字를 <보기>에서 찾아 그 번호를 쓰세요.,바깥 날씨가 덥습니다,바깥,"[""① 門"", ""② 小"", ""③ 六"", ""④ 大"", ""⑤ 土"", ""⑥ 外"", ""⑦ 人"", ""⑧ 木"", ""⑨ 月"", ""⑩ 水""]",⑥,外,
8급,86,2019-08-24,25,select_hanja,다음 밑줄 친 말에 해당하는 漢字를 <보기>에서 찾아 그 번호를 쓰세요.,나무에 물을 주었습니다,나무,"[""① 門"", ""② 小"", ""③ 六"", ""④ 大"", ""⑤ 土"", ""⑥ 外"", ""⑦ 人"", ""⑧ 木"", ""⑨ 月"", ""⑩ 水""]",⑧,木,
8급,86,2019-08-24,26,select_hanja,다음 밑줄 친 말에 해당하는 漢字를 <보기>에서 찾아 그 번호를 쓰세요.,작은 집들이 많습니다,작,"[""① 門"", ""② 小"", ""③ 六"", ""④ 大"", ""⑤ 土"", ""⑥ 外"", ""⑦ 人"", ""⑧ 木"", ""⑨ 月"", ""⑩ 水""]",②,小,
8급,86,2019-08-24,27,select_hanja,다음 밑줄 친 말에 해당하는 漢字를 <보기>에서 찾아 그 번호를 쓰세요.,화분에 흙을 담습니다,흙,"[""① 門"", ""② 小"", ""③ 六"", ""④ 大"", ""⑤ 土"", ""⑥ 外"", ""⑦ 人"", ""⑧ 木"", ""⑨ 月"", ""⑩ 水""]",⑤,土,
8급,86,2019-08-24,28,select_hanja,다음 밑줄 친 말에 해당하는 漢字를 <보기>에서 찾아 그 번호를 쓰세요.,동생은 여섯 살입니다,여섯,"[""① 門"", ""② 小"", ""③ 六"", ""④ 大"", ""⑤ 土"", ""⑥ 外"", ""⑦ 人"", ""⑧ 木"", ""⑨ 月"", ""⑩ 水""]",③,六,
8급,86,2019-08-24,29,select_hanja,다음 밑줄 친 말에 해당하는 漢字를 <보기>에서 찾아 그 번호를 쓰세요.,큰 형이 휴가를 나왔습 니다,큰,"[""① 門"", ""② 小"", ""③ 六"", ""④ 大"", ""⑤ 土"", ""⑥ 外"", ""⑦ 人"", ""⑧ 木"", ""⑨ 月"", ""⑩ 水""]",④,大,
8급,86,2019-08-24,30,select_hanja,다음 밑줄 친 말에 해당하는 漢字를 <보기>에서 찾아 그 번호를 쓰세요.,곰과 호랑이는 사람이 되고 싶었습니다,사람,"[""① 門"", ""② 小"", ""③ 六"", ""④ 大"", ""⑤ 土"", ""⑥ 外"", ""⑦ 人"", ""⑧ 木"", ""⑨ 月"", ""⑩ 水""]",⑦,人,
8급,86,2019-08-24,31,hunum,다음 漢字의 訓과 音을 쓰세요.,兄,兄,,형 형,형 형,
8급,86,2019-08-24,32,hunum,다음 漢字의 訓과 音을 쓰세요.,九,九,,아홉 구,아홉 구,
8급,86,2019-08-24,33,hunum,다음 漢字의 訓과 音을 쓰세요.,生,生,,날 생,날 생,
8급,86,2019-08-24,34,hunum,다음 漢字의 訓과 音을 쓰세요.,日,日,,날 일,날 일,
8급,86,2019-08-24,35,hunum,다음 漢字의 訓과 音을 쓰세요.,年,年,,해 년,해 년,
8급,86,2019-08-24,36,hunum,다음 漢字의 訓과 音을 쓰세요.,敎,敎,,가르칠 교,가르칠 교,
8급,86,2019-08-24,37,hunum,다음 漢字의 訓과 音을 쓰세요.,四,四,,넉 사,넉 사,
8급,86,2019-08-24,38,hunum,다음 漢字의 訓과 音을 쓰세요.,寸,寸,,마디 촌,마디 촌,
8급,86,2019-08-24,39,hunum,다음 漢字의 訓과 音을 쓰세요.,白,白,,흰 백,흰 백,
8급,86,2019-08-24,40,hunum,다음 漢字의 訓과 音을 쓰세요.,長,長,,긴 장,긴 장,
8급,86,2019-08-24,41,select_hun,다음 漢字의 訓을 <보기>에서 찾아 그 번호를 쓰세요.,中,中,"[""① 먼저"", ""② 일곱"", ""③ 가운데"", ""④ 서녘""]",③,가운데,
8급,86,2019-08-24,42,select_hun,다음 漢字의 訓을 <보기>에서 찾아 그 번호를 쓰세요.,先,先,"[""① 먼저"", ""② 일곱"", ""③ 가운데"", ""④ 서녘""]",①,먼저,
8급,86,2019-08-24,43,select_hun,다음 漢字의 訓을 <보기>에서 찾아 그 번호를 쓰세요.,西,西,"[""① 먼저"", ""② 일곱"", ""③ 가운데"", ""④ 서녘""]",④,서녘,
8급,86,2019-08-24,44,select_hun,다음 漢字의 訓을 <보기>에서 찾아 그 번호를 쓰세요.,七,七,"[""① 먼저"", ""② 일곱"", ""③ 가운데"", ""④ 서녘""]",②,일곱,
8급,86,2019-08-24,45,select_eum,다음 漢字의 音을 <보기>에서 찾아 그 번호를 쓰세요.,二,二,"[""① 청"", ""② 산"", ""③ 동"", ""④ 이""]",④,이,
8급,86,2019-08-24,46,select_eum,다음 漢字의 音을 <보기>에서 찾아 그 번호를 쓰세요.,東,東,"[""① 청"", ""② 산"", ""③ 동"", ""④ 이""]",③,동,
8급,86,2019-08-24,47,select_eum,다음 漢字의 音을 <보기>에서 찾아 그 번호를 쓰세요.,靑,靑,"[""① 청"", ""② 산"", ""③ 동"", ""④ 이""]",①,청,
8급,86,2019-08-24,48,select_eum,다음 漢字의 音을 <보기>에서 찾아 그 번호를 쓰세요.,山,山,"[""① 청"", ""② 산"", ""③ 동"", ""④ 이""]",②,산,
8급,86,2019-08-24,49,stroke,다음 漢字의 진하게 표시한 획은 몇 번째 쓰는지 <보기>에서 찾아 그 번호를 쓰세요.,,,"[""① 첫 번째"", ""② 두 번째"", ""③ 세 번째"", ""④ 네 번째"", ""⑤ 다섯 번째"", ""⑥ 여섯 번째"", ""⑦ 일곱 번째"", ""⑧ 여덟 번째"", ""⑨ 아홉 번째"", ""⑩ 열 번째""]",④,네 번째,exam-strokes/stroke_8_86_49.png
8급,86,2019-08-24,50,stroke,다음 漢字의 진하게 표시한 획은 몇 번째 쓰는지 <보기>에서 찾아 그 번호를 쓰세요.,,,"[""① 첫 번째"", ""② 두 번째"", ""③ 세 번째"", ""④ 네 번째"", ""⑤ 다섯 번째"", ""⑥ 여섯 번째"", ""⑦ 일곱 번째"", ""⑧ 여덟 번째"", ""⑨ 아홉 번째"", ""⑩ 열 번째""]",⑧,여덟 번째,exam-strokes/stroke_8_86_50.png
8급,87,2019-11-23,1,dokum,다음 글의 ( ) 안에 있는 漢字의 讀音을 쓰세요.,(韓),韓,,한,한,
8급,87,2019-11-23,2,dokum,다음 글의 ( ) 안에 있는 漢字의 讀音을 쓰세요.,(國)은,國,,국,국,
8급,87,2019-11-23,3,dokum,다음 글의 ( ) 안에 있는 漢字의 讀音을 쓰세요.,(兄),兄,,형,형,
8급,87,2019-11-23,4,dokum,다음 글의 ( ) 안에 있는 漢字의 讀音을 쓰세요.,(弟) 사이에 우애가 좋고,弟,,제,제,
8급,87,2019-11-23,5,dokum,다음 글의 ( ) 안에 있는 漢字의 讀音을 쓰세요.,(父),父,,부,부,
8급,87,2019-11-23,6,dokum,다음 글의 ( ) 안에 있는 漢字의 讀音을 쓰세요.,(母)님을 공경하는 예절 바른 나라로서,母,,모,모,
8급,87,2019-11-23,7,dokum,다음 글의 ( ) 안에 있는 漢字의 讀音을 쓰세요.,(東),東,,동,동,
8급,87,2019-11-23,8,dokum,다음 글의 ( ) 안에 있는 漢字의 讀音을 쓰세요.,(西),西,,서,서,
8급,87,2019-11-23,9,dokum,다음 글의 ( ) 안에 있는 漢字의 讀音을 쓰세요.,(南),南,,남,남,
8급,87,2019-11-23,10,dokum,다음 글의 ( ) 안에 있는 漢字의 讀音을 쓰세요.,(三)면이 바다로 둘러싸 여 있습니다,三,,삼,삼,
8급,87,2019-11-23,11,select_hanja,다음 훈이나 음에 알맞은 漢字를 <보기>에서 찾아 그 번호를 쓰세요.,북,북,"[""① 北"", ""② 山"", ""③ 生"", ""④ 寸"", ""⑤ 二"", ""⑥ 一"", ""⑦ 五"", ""⑧ 水"", ""⑨ 人"", ""⑩ 十""]",①,北,
8급,87,2019-11-23,12,select_hanja,다음 훈이나 음에 알맞은 漢字를 <보기>에서 찾아 그 번호를 쓰세요.,산,산,"[""① 北"", ""② 山"", ""③ 生"", ""④ 寸"", ""⑤ 二"", ""⑥ 一"", ""⑦ 五"", ""⑧ 水"", ""⑨ 人"", ""⑩ 十""]",②,山,
8급,87,2019-11-23,13,select_hanja,다음 훈이나 음에 알맞은 漢字를 <보기>에서 찾아 그 번호를 쓰세요.,둘,둘,"[""① 北"", ""② 山"", ""③ 生"", ""④ 寸"", ""⑤ 二"", ""⑥ 一"", ""⑦ 五"", ""⑧ 水"", ""⑨ 人"", ""⑩ 十""]",⑤,二,
8급,87,2019-11-23,14,select_hanja,다음 훈이나 음에 알맞은 漢字를 <보기>에서 찾아 그 번호를 쓰세요.,생,생,"[""① 北"", ""② 山"", ""③ 生"", ""④ 寸"", ""⑤ 二"", ""⑥ 一"", ""⑦ 五"", ""⑧ 水"", ""⑨ 人"", ""⑩ 十""]",③,生,
8급,87,2019-11-23,15,select_hanja,다음 훈이나 음에 알맞은 漢字를 <보기>에서 찾아 그 번호를 쓰세요.,하나,하나,"[""① 北"", ""② 山"", ""③ 生"", ""④ 寸"", ""⑤ 二"", ""⑥ 一"", ""⑦ 五"", ""⑧ 水"", ""⑨ 人"", ""⑩ 十""]",⑥,一,
8급,87,2019-11-23,16,select_hanja,다음 훈이나 음에 알맞은 漢字를 <보기>에서 찾아 그 번호를 쓰세요.,다섯,다섯,"[""① 北"", ""② 山"", ""③ 生"", ""④ 寸"", ""⑤ 二"", ""⑥ 一"", ""⑦ 五"", ""⑧ 水"", ""⑨ 人"", ""⑩ 十""]",⑦,五,
8급,87,2019-11-23,17,select_hanja,다음 훈이나 음에 알맞은 漢字를 <보기>에서 찾아 그 번호를 쓰세요.,물,물,"[""① 北"", ""② 山"", ""③ 生"", ""④ 寸"", ""⑤ 二"", ""⑥ 一"", ""⑦ 五"", ""⑧ 水"", ""⑨ 人"", ""⑩ 十""]",⑧,水,
8급,87,2019-11-23,18,select_hanja,다음 훈이나 음에 알맞은 漢字를 <보기>에서 찾아 그 번호를 쓰세요.,십,십,"[""① 北"", ""② 山"", ""③ 生"", ""④ 寸"", ""⑤ 二"", ""⑥ 一"", ""⑦ 五"", ""⑧ 水"", ""⑨ 人"", ""⑩ 十""]",⑩,十,
8급,87,2019-11-23,19,select_hanja,다음 훈이나 음에 알맞은 漢字를 <보기>에서 찾아 그 번호를 쓰세요.,사람,사람,"[""① 北"", ""② 山"", ""③ 生"", ""④ 寸"", ""⑤ 二"", ""⑥ 一"", ""⑦ 五"", ""⑧ 水"", ""⑨ 人"", ""⑩ 十""]",⑨,人,
8급,87,2019-11-23,20,select_hanja,다음 훈이나 음에 알맞은 漢字를 <보기>에서 찾아 그 번호를 쓰세요.,촌,촌,"[""① 北"", ""② 山"", ""③ 生"", ""④ 寸"", ""⑤ 二"", ""⑥ 一"", ""⑦ 五"", ""⑧ 水"", ""⑨ 人"", ""⑩ 十""]",④,寸,
8급,87,2019-11-23,21,select_hanja,다음 밑줄 친 말에 해당하는 漢字를 <보기>에서 찾아 그 번호를 쓰세요.,겨울에는 더욱 불조심을 해야 합니다,불,"[""① 月"", ""② 四"", ""③ 日"", ""④ 木"", ""⑤ 長"", ""⑥ 火"", ""⑦ 室"", ""⑧ 外"", ""⑨ 先"", ""⑩ 六""]",⑥,火,
8급,87,2019-11-23,22,select_hanja,다음 밑줄 친 말에 해당하는 漢字를 <보기>에서 찾아 그 번호를 쓰세요.,한 달 뒤에는 겨울방학 이 시작됩니다,달,"[""① 月"", ""② 四"", ""③ 日"", ""④ 木"", ""⑤ 長"", ""⑥ 火"", ""⑦ 室"", ""⑧ 外"", ""⑨ 先"", ""⑩ 六""]",①,月,
8급,87,2019-11-23,23,select_hanja,다음 밑줄 친 말에 해당하는 漢字를 <보기>에서 찾아 그 번호를 쓰세요.,우리 집은 부모님과 동 생과 나 모두 네 식구입 니다,집은,"[""① 月"", ""② 四"", ""③ 日"", ""④ 木"", ""⑤ 長"", ""⑥ 火"", ""⑦ 室"", ""⑧ 外"", ""⑨ 先"", ""⑩ 六""]",②,四,
8급,87,2019-11-23,24,select_hanja,다음 밑줄 친 말에 해당하는 漢字를 <보기>에서 찾아 그 번호를 쓰세요.,옆집 고양이가 새끼를 여섯 마리 낳았습니다,여섯,"[""① 月"", ""② 四"", ""③ 日"", ""④ 木"", ""⑤ 長"", ""⑥ 火"", ""⑦ 室"", ""⑧ 外"", ""⑨ 先"", ""⑩ 六""]",⑩,六,
8급,87,2019-11-23,25,select_hanja,다음 밑줄 친 말에 해당하는 漢字를 <보기>에서 찾아 그 번호를 쓰세요.,해님이 방긋 웃으며 떠 올랐습니다,해님이,"[""① 月"", ""② 四"", ""③ 日"", ""④ 木"", ""⑤ 長"", ""⑥ 火"", ""⑦ 室"", ""⑧ 外"", ""⑨ 先"", ""⑩ 六""]",③,日,
8급,87,2019-11-23,26,select_hanja,다음 밑줄 친 말에 해당하는 漢字를 <보기>에서 찾아 그 번호를 쓰세요.,할머니는 나무에 대해 모 르시는 것이 없습니다,나무,"[""① 月"", ""② 四"", ""③ 日"", ""④ 木"", ""⑤ 長"", ""⑥ 火"", ""⑦ 室"", ""⑧ 外"", ""⑨ 先"", ""⑩ 六""]",④,木,
8급,87,2019-11-23,27,select_hanja,다음 밑줄 친 말에 해당하는 漢字를 <보기>에서 찾아 그 번호를 쓰세요.,영희는 머리를 길게 길 렀습니다,영희는,"[""① 月"", ""② 四"", ""③ 日"", ""④ 木"", ""⑤ 長"", ""⑥ 火"", ""⑦ 室"", ""⑧ 外"", ""⑨ 先"", ""⑩ 六""]",⑤,長,
8급,87,2019-11-23,28,select_hanja,다음 밑줄 친 말에 해당하는 漢字를 <보기>에서 찾아 그 번호를 쓰세요.,동생이 집에서 나를 기 다렸습니다,집,"[""① 月"", ""② 四"", ""③ 日"", ""④ 木"", ""⑤ 長"", ""⑥ 火"", ""⑦ 室"", ""⑧ 外"", ""⑨ 先"", ""⑩ 六""]",⑦,室,
8급,87,2019-11-23,29,select_hanja,다음 밑줄 친 말에 해당하는 漢字를 <보기>에서 찾아 그 번호를 쓰세요.,창 밖에 비가 내리고 있 습니다,밖,"[""① 月"", ""② 四"", ""③ 日"", ""④ 木"", ""⑤ 長"", ""⑥ 火"", ""⑦ 室"", ""⑧ 外"", ""⑨ 先"", ""⑩ 六""]",⑧,外,
8급,87,2019-11-23,30,select_hanja,다음 밑줄 친 말에 해당하는 漢字를 <보기>에서 찾아 그 번호를 쓰세요.,집에 들어오면 먼저 손 과 발을 씻습니다,먼저,"[""① 月"", ""② 四"", ""③ 日"", ""④ 木"", ""⑤ 長"", ""⑥ 火"", ""⑦ 室"", ""⑧ 外"", ""⑨ 先"", ""⑩ 六""]",⑨,先,
8급,87,2019-11-23,31,hunum,다음 漢字의 訓과 音을 쓰세요.,八,八,,여덟 팔,여덟 팔,
8급,87,2019-11-23,32,hunum,다음 漢字의 訓과 音을 쓰세요.,土,土,,흙 토,흙 토,
8급,87,2019-11-23,33,hunum,다음 漢字의 訓과 音을 쓰세요.,七,七,,일곱 칠,일곱 칠,
8급,87,2019-11-23,34,hunum,다음 漢字의 訓과 音을 쓰세요.,王,王,,임금 왕,임금 왕,
8급,87,2019-11-23,35,hunum,다음 漢字의 訓과 音을 쓰세요.,大,大,,큰 대,큰 대,
8급,87,2019-11-23,36,hunum,다음 漢字의 訓과 音을 쓰세요.,白,白,,흰 백,흰 백,
8급,87,2019-11-23,37,hunum,다음 漢字의 訓과 音을 쓰세요.,敎,敎,,가르칠 교,가르칠 교,
8급,87,2019-11-23,38,hunum,다음 漢字의 訓과 音을 쓰세요.,九,九,,아홉 구,아홉 구,
8급,87,2019-11-23,39,hunum,다음 漢字의 訓과 音을 쓰세요.,小,小,,작을 소,작을 소,
8급,87,2019-11-23,40,hunum,다음 漢字의 訓과 音을 쓰세요.,中,中,,가운데 중,가운데 중,
8급,87,2019-11-23,41,select_hun,다음 漢字의 訓을 <보기>에서 찾아 그 번호를 쓰세요.,萬,萬,"[""① 군사"", ""② 일만"", ""③ 배울"", ""④ 계집""]",②,일만,
8급,87,2019-11-23,42,select_hun,다음 漢字의 訓을 <보기>에서 찾아 그 번호를 쓰세요.,女,女,"[""① 군사"", ""② 일만"", ""③ 배울"", ""④ 계집""]",④,계집,
8급,87,2019-11-23,43,select_hun,다음 漢字의 訓을 <보기>에서 찾아 그 번호를 쓰세요.,學,學,"[""① 군사"", ""② 일만"", ""③ 배울"", ""④ 계집""]",③,배울,
8급,87,2019-11-23,44,select_hun,다음 漢字의 訓을 <보기>에서 찾아 그 번호를 쓰세요.,軍,軍,"[""① 군사"", ""② 일만"", ""③ 배울"", ""④ 계집""]",①,군사,
8급,87,2019-11-23,45,select_eum,다음 漢字의 音을 <보기>에서 찾아 그 번호를 쓰세요.,年,年,"[""① 금"", ""② 년"", ""③ 문"", ""④ 청""]",②,년,
8급,87,2019-11-23,46,select_eum,다음 漢字의 音을 <보기>에서 찾아 그 번호를 쓰세요.,門,門,"[""① 금"", ""② 년"", ""③ 문"", ""④ 청""]",③,문,
8급,87,2019-11-23,47,select_eum,다음 漢字의 音을 <보기>에서 찾아 그 번호를 쓰세요.,靑,靑,"[""① 금"", ""② 년"", ""③ 문"", ""④ 청""]",④,청,
8급,87,2019-11-23,48,select_eum,다음 漢字의 音을 <보기>에서 찾아 그 번호를 쓰세요.,金,金,"[""① 금"", ""② 년"", ""③ 문"", ""④ 청""]",①,금,
8급,87,2019-11-23,49,stroke,다음 漢字의 진하게 표시한 획은 몇 번째 쓰는지 <보기>에서 찾아 그 번호를 쓰세요.,,,"[""① 첫 번째"", ""② 두 번째"", ""③ 세 번째"", ""④ 네 번째"", ""⑤ 다섯 번째"", ""⑥ 여섯 번째"", ""⑦ 일곱 번째"", ""⑧ 여덟 번째"", ""⑨ 아홉 번째"", ""⑩ 열 번째""]",④,네 번째,exam-strokes/stroke_8_87_49.png
8급,87,2019-11-23,50,stroke,다음 漢字의 진하게 표시한 획은 몇 번째 쓰는지 <보기>에서 찾아 그 번호를 쓰세요.,,,"[""① 첫 번째"", ""② 두 번째"", ""③ 세 번째"", ""④ 네 번째"", ""⑤ 다섯 번째"", ""⑥ 여섯 번째"", ""⑦ 일곱 번째"", ""⑧ 여덟 번째"", ""⑨ 아홉 번째"", ""⑩ 열 번째""]",⑧,여덟 번째,exam-strokes/stroke_8_87_50.png
8급,90,2020-08-22,1,dokum,다음 글의 ( ) 안에 있는 漢字의 讀音을 쓰세요.,제 동(生)은,生,,생,생,
8급,90,2020-08-22,2,dokum,다음 글의 ( ) 안에 있는 漢字의 讀音을 쓰세요.,금(年),年,,년,년,
8급,90,2020-08-22,3,dokum,다음 글의 ( ) 안에 있는 漢字의 讀音을 쓰세요.,(三),三,,삼,삼,
8급,90,2020-08-22,4,dokum,다음 글의 ( ) 안에 있는 漢字의 讀音을 쓰세요.,(月)에,月,,월,월,
8급,90,2020-08-22,5,dokum,다음 글의 ( ) 안에 있는 漢字의 讀音을 쓰세요.,초등(學),學,,학,학,
8급,90,2020-08-22,6,dokum,다음 글의 ( ) 안에 있는 漢字의 讀音을 쓰세요.,(校)에 입학합니다,校,,교,교,
8급,90,2020-08-22,7,dokum,다음 글의 ( ) 안에 있는 漢字의 讀音을 쓰세요.,(一)학년,一,,일,일,
8급,90,2020-08-22,8,dokum,다음 글의 ( ) 안에 있는 漢字의 讀音을 쓰세요.,(敎),敎,,교,교,
8급,90,2020-08-22,9,dokum,다음 글의 ( ) 안에 있는 漢字의 讀音을 쓰세요.,(室)은,室,,실,실,
8급,90,2020-08-22,10,dokum,다음 글의 ( ) 안에 있는 漢字의 讀音을 쓰세요.,(二)층에 있습니다,二,,이,이,
8급,90,2020-08-22,11,select_hanja,다음 훈이나 음에 알맞은 漢字를 <보기>에서 찾아 그 번호를 쓰세요.,군사,군사,"[""① 父"", ""② 人"", ""③ 門"", ""④ 日"", ""⑤ 金"", ""⑥ 軍"", ""⑦ 九"", ""⑧ 王"", ""⑨ 六"", ""⑩ 八""]",⑥,軍,
8급,90,2020-08-22,12,select_hanja,다음 훈이나 음에 알맞은 漢字를 <보기>에서 찾아 그 번호를 쓰세요.,금,금,"[""① 父"", ""② 人"", ""③ 門"", ""④ 日"", ""⑤ 金"", ""⑥ 軍"", ""⑦ 九"", ""⑧ 王"", ""⑨ 六"", ""⑩ 八""]",⑤,金,
8급,90,2020-08-22,13,select_hanja,다음 훈이나 음에 알맞은 漢字를 <보기>에서 찾아 그 번호를 쓰세요.,부,부,"[""① 父"", ""② 人"", ""③ 門"", ""④ 日"", ""⑤ 金"", ""⑥ 軍"", ""⑦ 九"", ""⑧ 王"", ""⑨ 六"", ""⑩ 八""]",①,父,
8급,90,2020-08-22,14,select_hanja,다음 훈이나 음에 알맞은 漢字를 <보기>에서 찾아 그 번호를 쓰세요.,여섯,여섯,"[""① 父"", ""② 人"", ""③ 門"", ""④ 日"", ""⑤ 金"", ""⑥ 軍"", ""⑦ 九"", ""⑧ 王"", ""⑨ 六"", ""⑩ 八""]",⑨,六,
8급,90,2020-08-22,15,select_hanja,다음 훈이나 음에 알맞은 漢字를 <보기>에서 찾아 그 번호를 쓰세요.,임금,임금,"[""① 父"", ""② 人"", ""③ 門"", ""④ 日"", ""⑤ 金"", ""⑥ 軍"", ""⑦ 九"", ""⑧ 王"", ""⑨ 六"", ""⑩ 八""]",⑧,王,
8급,90,2020-08-22,16,select_hanja,다음 훈이나 음에 알맞은 漢字를 <보기>에서 찾아 그 번호를 쓰세요.,문,문,"[""① 父"", ""② 人"", ""③ 門"", ""④ 日"", ""⑤ 金"", ""⑥ 軍"", ""⑦ 九"", ""⑧ 王"", ""⑨ 六"", ""⑩ 八""]",③,門,
8급,90,2020-08-22,17,select_hanja,다음 훈이나 음에 알맞은 漢字를 <보기>에서 찾아 그 번호를 쓰세요.,아홉,아홉,"[""① 父"", ""② 人"", ""③ 門"", ""④ 日"", ""⑤ 金"", ""⑥ 軍"", ""⑦ 九"", ""⑧ 王"", ""⑨ 六"", ""⑩ 八""]",⑦,九,
8급,90,2020-08-22,18,select_hanja,다음 훈이나 음에 알맞은 漢字를 <보기>에서 찾아 그 번호를 쓰세요.,사람,사람,"[""① 父"", ""② 人"", ""③ 門"", ""④ 日"", ""⑤ 金"", ""⑥ 軍"", ""⑦ 九"", ""⑧ 王"", ""⑨ 六"", ""⑩ 八""]",②,人,
8급,90,2020-08-22,19,select_hanja,다음 훈이나 음에 알맞은 漢字를 <보기>에서 찾아 그 번호를 쓰세요.,일,일,"[""① 父"", ""② 人"", ""③ 門"", ""④ 日"", ""⑤ 金"", ""⑥ 軍"", ""⑦ 九"", ""⑧ 王"", ""⑨ 六"", ""⑩ 八""]",④,日,
8급,90,2020-08-22,20,select_hanja,다음 훈이나 음에 알맞은 漢字를 <보기>에서 찾아 그 번호를 쓰세요.,여덟,여덟,"[""① 父"", ""② 人"", ""③ 門"", ""④ 日"", ""⑤ 金"", ""⑥ 軍"", ""⑦ 九"", ""⑧ 王"", ""⑨ 六"", ""⑩ 八""]",⑩,八,
8급,90,2020-08-22,21,select_hanja,다음 밑줄 친 말에 해당하는 漢字를 <보기>에서 찾아 그 번호를 쓰세요.,방탄소년단은 일곱 명으 로 구성된 가수입니다,일곱,"[""① 山"", ""② 兄"", ""③ 水"", ""④ 大"", ""⑤ 木"", ""⑥ 母"", ""⑦ 十"", ""⑧ 白"", ""⑨ 七"", ""⑩ 小""]",⑨,七,
8급,90,2020-08-22,22,select_hanja,다음 밑줄 친 말에 해당하는 漢字를 <보기>에서 찾아 그 번호를 쓰세요.,얼음이 녹으면 물이 됩 니다,물,"[""① 山"", ""② 兄"", ""③ 水"", ""④ 大"", ""⑤ 木"", ""⑥ 母"", ""⑦ 十"", ""⑧ 白"", ""⑨ 七"", ""⑩ 小""]",③,水,
8급,90,2020-08-22,23,select_hanja,다음 밑줄 친 말에 해당하는 漢字를 <보기>에서 찾아 그 번호를 쓰세요.,산에 오르니 공기가 좋 습니다,산,"[""① 山"", ""② 兄"", ""③ 水"", ""④ 大"", ""⑤ 木"", ""⑥ 母"", ""⑦ 十"", ""⑧ 白"", ""⑨ 七"", ""⑩ 小""]",①,山,
8급,90,2020-08-22,24,select_hanja,다음 밑줄 친 말에 해당하는 漢字를 <보기>에서 찾아 그 번호를 쓰세요.,펭수는 열 살입니다,열,"[""① 山"", ""② 兄"", ""③ 水"", ""④ 大"", ""⑤ 木"", ""⑥ 母"", ""⑦ 十"", ""⑧ 白"", ""⑨ 七"", ""⑩ 小""]",⑦,十,
8급,90,2020-08-22,25,select_hanja,다음 밑줄 친 말에 해당하는 漢字를 <보기>에서 찾아 그 번호를 쓰세요.,형과 같이 박물관에 갔 습니다,형,"[""① 山"", ""② 兄"", ""③ 水"", ""④ 大"", ""⑤ 木"", ""⑥ 母"", ""⑦ 十"", ""⑧ 白"", ""⑨ 七"", ""⑩ 小""]",②,兄,
8급,90,2020-08-22,26,select_hanja,다음 밑줄 친 말에 해당하는 漢字를 <보기>에서 찾아 그 번호를 쓰세요.,밖에서 큰 소리가 났습 니다,큰,"[""① 山"", ""② 兄"", ""③ 水"", ""④ 大"", ""⑤ 木"", ""⑥ 母"", ""⑦ 十"", ""⑧ 白"", ""⑨ 七"", ""⑩ 小""]",④,大,
8급,90,2020-08-22,27,select_hanja,다음 밑줄 친 말에 해당하는 漢字를 <보기>에서 찾아 그 번호를 쓰세요.,작은 냇물이 모여 호수 를 이룹니다,작,"[""① 山"", ""② 兄"", ""③ 水"", ""④ 大"", ""⑤ 木"", ""⑥ 母"", ""⑦ 十"", ""⑧ 白"", ""⑨ 七"", ""⑩ 小""]",⑩,小,
8급,90,2020-08-22,28,select_hanja,다음 밑줄 친 말에 해당하는 漢字를 <보기>에서 찾아 그 번호를 쓰세요.,나무에 새순이 납니다,나무,"[""① 山"", ""② 兄"", ""③ 水"", ""④ 大"", ""⑤ 木"", ""⑥ 母"", ""⑦ 十"", ""⑧ 白"", ""⑨ 七"", ""⑩ 小""]",⑤,木,
8급,90,2020-08-22,29,select_hanja,다음 밑줄 친 말에 해당하는 漢字를 <보기>에서 찾아 그 번호를 쓰세요.,흰 눈이 펑펑 내립니다,흰,"[""① 山"", ""② 兄"", ""③ 水"", ""④ 大"", ""⑤ 木"", ""⑥ 母"", ""⑦ 十"", ""⑧ 白"", ""⑨ 七"", ""⑩ 小""]",⑧,白,
8급,90,2020-08-22,30,select_hanja,다음 밑줄 친 말에 해당하는 漢字를 <보기>에서 찾아 그 번호를 쓰세요.,어머니께서 집에 들어오 셨습니다,어머니,"[""① 山"", ""② 兄"", ""③ 水"", ""④ 大"", ""⑤ 木"", ""⑥ 母"", ""⑦ 十"", ""⑧ 白"", ""⑨ 七"", ""⑩ 小""]",⑥,母,
8급,90,2020-08-22,31,hunum,다음 漢字의 訓과 音을 쓰세요.,萬,萬,,일만 만,일만 만,
8급,90,2020-08-22,32,hunum,다음 漢字의 訓과 音을 쓰세요.,先,先,,먼저 선,먼저 선,
8급,90,2020-08-22,33,hunum,다음 漢字의 訓과 音을 쓰세요.,五,五,,다섯 오,다섯 오,
8급,90,2020-08-22,34,hunum,다음 漢字의 訓과 音을 쓰세요.,女,女,,계집 녀,계집 녀,
8급,90,2020-08-22,35,hunum,다음 漢字의 訓과 音을 쓰세요.,民,民,,백성 민,백성 민,
8급,90,2020-08-22,36,hunum,다음 漢字의 訓과 音을 쓰세요.,南,南,,남녘 남,남녘 남,
8급,90,2020-08-22,37,hunum,다음 漢字의 訓과 音을 쓰세요.,靑,靑,,푸를 청,푸를 청,
8급,90,2020-08-22,38,hunum,다음 漢字의 訓과 音을 쓰세요.,弟,弟,,아우 제,아우 제,
8급,90,2020-08-22,39,hunum,다음 漢字의 訓과 音을 쓰세요.,火,火,,불 화,불 화,
8급,90,2020-08-22,40,hunum,다음 漢字의 訓과 音을 쓰세요.,四,四,,넉 사,넉 사,
8급,90,2020-08-22,41,select_hun,다음 漢字의 訓을 <보기>에서 찾아 그 번호를 쓰세요.,寸,寸,"[""① 나라"", ""② 바깥"", ""③ 가운데"", ""④ 마디""]",④,마디,
8급,90,2020-08-22,42,select_hun,다음 漢字의 訓을 <보기>에서 찾아 그 번호를 쓰세요.,國,國,"[""① 나라"", ""② 바깥"", ""③ 가운데"", ""④ 마디""]",①,나라,
8급,90,2020-08-22,43,select_hun,다음 漢字의 訓을 <보기>에서 찾아 그 번호를 쓰세요.,外,外,"[""① 나라"", ""② 바깥"", ""③ 가운데"", ""④ 마디""]",②,바깥,
8급,90,2020-08-22,44,select_hun,다음 漢字의 訓을 <보기>에서 찾아 그 번호를 쓰세요.,中,中,"[""① 나라"", ""② 바깥"", ""③ 가운데"", ""④ 마디""]",③,가운데,
8급,90,2020-08-22,45,select_eum,다음 漢字의 音을 <보기>에서 찾아 그 번호를 쓰세요.,東,東,"[""① 토"", ""② 동"", ""③ 한"", ""④ 북""]",②,동,
8급,90,2020-08-22,46,select_eum,다음 漢字의 音을 <보기>에서 찾아 그 번호를 쓰세요.,北,北,"[""① 토"", ""② 동"", ""③ 한"", ""④ 북""]",④,북,
8급,90,2020-08-22,47,select_eum,다음 漢字의 音을 <보기>에서 찾아 그 번호를 쓰세요.,韓,韓,"[""① 토"", ""② 동"", ""③ 한"", ""④ 북""]",③,한,
8급,90,2020-08-22,48,select_eum,다음 漢字의 音을 <보기>에서 찾아 그 번호를 쓰세요.,土,土,"[""① 토"", ""② 동"", ""③ 한"", ""④ 북""]",①,토,
8급,90,2020-08-22,49,stroke,다음 漢字의 진하게 표시한 획은 몇 번째 쓰는지 <보기>에서 찾아 그 번호를 쓰세요.,,,"[""① 첫 번째"", ""② 두 번째"", ""③ 세 번째"", ""④ 네 번째"", ""⑤ 다섯 번째"", ""⑥ 여섯 번째"", ""⑦ 일곱 번째"", ""⑧ 여덟 번째"", ""⑨ 아홉 번째"", ""⑩ 열 번째""]",⑥,여섯 번째,exam-strokes/stroke_8_90_49.png
8급,90,2020-08-22,50,stroke,다음 漢字의 진하게 표시한 획은 몇 번째 쓰는지 <보기>에서 찾아 그 번호를 쓰세요.,,,"[""① 첫 번째"", ""② 두 번째"", ""③ 세 번째"", ""④ 네 번째"", ""⑤ 다섯 번째"", ""⑥ 여섯 번째"", ""⑦ 일곱 번째"", ""⑧ 여덟 번째"", ""⑨ 아홉 번째"", ""⑩ 열 번째""]",⑧,여덟 번째,exam-strokes/stroke_8_90_50.png
8급,91,2020-11-21,1,dokum,다음 글의 ( ) 안에 있는 漢字의 讀音을 쓰세요.,매(年),年,,년,년,
8급,91,2020-11-21,2,dokum,다음 글의 ( ) 안에 있는 漢字의 讀音을 쓰세요.,유(月),月,,월,월,
8급,91,2020-11-21,3,dokum,다음 글의 ( ) 안에 있는 漢字의 讀音을 쓰세요.,(六)일은,六,,육,육,
8급,91,2020-11-21,4,dokum,다음 글의 ( ) 안에 있는 漢字의 讀音을 쓰세요.,현충(日)입니다,日,,일,일,
8급,91,2020-11-21,5,dokum,다음 글의 ( ) 안에 있는 漢字의 讀音을 쓰세요.,(大),大,,대,대,
8급,91,2020-11-21,6,dokum,다음 글의 ( ) 안에 있는 漢字의 讀音을 쓰세요.,(韓),韓,,한,한,
8급,91,2020-11-21,7,dokum,다음 글의 ( ) 안에 있는 漢字의 讀音을 쓰세요.,(民),民,,민,민,
8급,91,2020-11-21,8,dokum,다음 글의 ( ) 안에 있는 漢字의 讀音을 쓰세요.,(國)을 위해,國,,국,국,
8급,91,2020-11-21,9,dokum,다음 글의 ( ) 안에 있는 漢字의 讀音을 쓰세요.,목숨을 바친 국(軍) 장병 들과,軍,,군,군,
8급,91,2020-11-21,10,dokum,다음 글의 ( ) 안에 있는 漢字의 讀音을 쓰세요.,(先)열들을 추모합니다,先,,선,선,
8급,91,2020-11-21,11,select_hanja,다음 훈이나 음에 알맞은 漢字를 <보기>에서 찾아 그 번호를 쓰세요.,삼,삼,"[""① 西"", ""② 女"", ""③ 室"", ""④ 中"", ""⑤ 三"", ""⑥ 弟"", ""⑦ 八"", ""⑧ 北"", ""⑨ 山"", ""⑩ 寸""]",⑤,三,
8급,91,2020-11-21,12,select_hanja,다음 훈이나 음에 알맞은 漢字를 <보기>에서 찾아 그 번호를 쓰세요.,마디,마디,"[""① 西"", ""② 女"", ""③ 室"", ""④ 中"", ""⑤ 三"", ""⑥ 弟"", ""⑦ 八"", ""⑧ 北"", ""⑨ 山"", ""⑩ 寸""]",⑩,寸,
8급,91,2020-11-21,13,select_hanja,다음 훈이나 음에 알맞은 漢字를 <보기>에서 찾아 그 번호를 쓰세요.,산,산,"[""① 西"", ""② 女"", ""③ 室"", ""④ 中"", ""⑤ 三"", ""⑥ 弟"", ""⑦ 八"", ""⑧ 北"", ""⑨ 山"", ""⑩ 寸""]",⑨,山,
8급,91,2020-11-21,14,select_hanja,다음 훈이나 음에 알맞은 漢字를 <보기>에서 찾아 그 번호를 쓰세요.,북,북,"[""① 西"", ""② 女"", ""③ 室"", ""④ 中"", ""⑤ 三"", ""⑥ 弟"", ""⑦ 八"", ""⑧ 北"", ""⑨ 山"", ""⑩ 寸""]",⑧,北,
8급,91,2020-11-21,15,select_hanja,다음 훈이나 음에 알맞은 漢字를 <보기>에서 찾아 그 번호를 쓰세요.,집,집,"[""① 西"", ""② 女"", ""③ 室"", ""④ 中"", ""⑤ 三"", ""⑥ 弟"", ""⑦ 八"", ""⑧ 北"", ""⑨ 山"", ""⑩ 寸""]",③,室,
8급,91,2020-11-21,16,select_hanja,다음 훈이나 음에 알맞은 漢字를 <보기>에서 찾아 그 번호를 쓰세요.,여덟,여덟,"[""① 西"", ""② 女"", ""③ 室"", ""④ 中"", ""⑤ 三"", ""⑥ 弟"", ""⑦ 八"", ""⑧ 北"", ""⑨ 山"", ""⑩ 寸""]",⑦,八,
8급,91,2020-11-21,17,select_hanja,다음 훈이나 음에 알맞은 漢字를 <보기>에서 찾아 그 번호를 쓰세요.,서,서,"[""① 西"", ""② 女"", ""③ 室"", ""④ 中"", ""⑤ 三"", ""⑥ 弟"", ""⑦ 八"", ""⑧ 北"", ""⑨ 山"", ""⑩ 寸""]",①,西,
8급,91,2020-11-21,18,select_hanja,다음 훈이나 음에 알맞은 漢字를 <보기>에서 찾아 그 번호를 쓰세요.,가운데,가운데,"[""① 西"", ""② 女"", ""③ 室"", ""④ 中"", ""⑤ 三"", ""⑥ 弟"", ""⑦ 八"", ""⑧ 北"", ""⑨ 山"", ""⑩ 寸""]",④,中,
8급,91,2020-11-21,19,select_hanja,다음 훈이나 음에 알맞은 漢字를 <보기>에서 찾아 그 번호를 쓰세요.,녀,녀,"[""① 西"", ""② 女"", ""③ 室"", ""④ 中"", ""⑤ 三"", ""⑥ 弟"", ""⑦ 八"", ""⑧ 北"", ""⑨ 山"", ""⑩ 寸""]",②,女,
8급,91,2020-11-21,20,select_hanja,다음 훈이나 음에 알맞은 漢字를 <보기>에서 찾아 그 번호를 쓰세요.,아우,아우,"[""① 西"", ""② 女"", ""③ 室"", ""④ 中"", ""⑤ 三"", ""⑥ 弟"", ""⑦ 八"", ""⑧ 北"", ""⑨ 山"", ""⑩ 寸""]",⑥,弟,
8급,91,2020-11-21,21,select_hanja,다음 밑줄 친 말에 해당하는 漢字를 <보기>에서 찾아 그 번호를 쓰세요.,해가 뜨는 쪽이 동쪽입 니다,동,"[""① 水"", ""② 長"", ""③ 外"", ""④ 小"", ""⑤ 門"", ""⑥ 二"", ""⑦ 父"", ""⑧ 土"", ""⑨ 五"", ""⑩ 東""]",⑩,東,
8급,91,2020-11-21,22,select_hanja,다음 밑줄 친 말에 해당하는 漢字를 <보기>에서 찾아 그 번호를 쓰세요.,두 사람이 짐을 옮깁니 다,이,"[""① 水"", ""② 長"", ""③ 外"", ""④ 小"", ""⑤ 門"", ""⑥ 二"", ""⑦ 父"", ""⑧ 土"", ""⑨ 五"", ""⑩ 東""]",⑥,二,
8급,91,2020-11-21,23,select_hanja,다음 밑줄 친 말에 해당하는 漢字를 <보기>에서 찾아 그 번호를 쓰세요.,삽으로 흙을 파고 씨를 뿌렸습니다,흙,"[""① 水"", ""② 長"", ""③ 外"", ""④ 小"", ""⑤ 門"", ""⑥ 二"", ""⑦ 父"", ""⑧ 土"", ""⑨ 五"", ""⑩ 東""]",⑧,土,
8급,91,2020-11-21,24,select_hanja,다음 밑줄 친 말에 해당하는 漢字를 <보기>에서 찾아 그 번호를 쓰세요.,강아지가 새끼를 다섯 마리나 낳았습니다,다섯,"[""① 水"", ""② 長"", ""③ 外"", ""④ 小"", ""⑤ 門"", ""⑥ 二"", ""⑦ 父"", ""⑧ 土"", ""⑨ 五"", ""⑩ 東""]",⑨,五,
8급,91,2020-11-21,25,select_hanja,다음 밑줄 친 말에 해당하는 漢字를 <보기>에서 찾아 그 번호를 쓰세요.,지금 바깥은 덥습니다,바깥,"[""① 水"", ""② 長"", ""③ 外"", ""④ 小"", ""⑤ 門"", ""⑥ 二"", ""⑦ 父"", ""⑧ 土"", ""⑨ 五"", ""⑩ 東""]",③,外,
8급,91,2020-11-21,26,select_hanja,다음 밑줄 친 말에 해당하는 漢字를 <보기>에서 찾아 그 번호를 쓰세요.,아가의 발은 작고 귀엽 습니다,작,"[""① 水"", ""② 長"", ""③ 外"", ""④ 小"", ""⑤ 門"", ""⑥ 二"", ""⑦ 父"", ""⑧ 土"", ""⑨ 五"", ""⑩ 東""]",④,小,
8급,91,2020-11-21,27,select_hanja,다음 밑줄 친 말에 해당하는 漢字를 <보기>에서 찾아 그 번호를 쓰세요.,사람들이 길게 줄을 서 있습니다,사람들이,"[""① 水"", ""② 長"", ""③ 外"", ""④ 小"", ""⑤ 門"", ""⑥ 二"", ""⑦ 父"", ""⑧ 土"", ""⑨ 五"", ""⑩ 東""]",②,長,
8급,91,2020-11-21,28,select_hanja,다음 밑줄 친 말에 해당하는 漢字를 <보기>에서 찾아 그 번호를 쓰세요.,문이 고장 나서 열 수가 없습니다,문,"[""① 水"", ""② 長"", ""③ 外"", ""④ 小"", ""⑤ 門"", ""⑥ 二"", ""⑦ 父"", ""⑧ 土"", ""⑨ 五"", ""⑩ 東""]",⑤,門,
8급,91,2020-11-21,29,select_hanja,다음 밑줄 친 말에 해당하는 漢字를 <보기>에서 찾아 그 번호를 쓰세요.,아버지와 함께 볶음밥을 만들었습니다,아버지,"[""① 水"", ""② 長"", ""③ 外"", ""④ 小"", ""⑤ 門"", ""⑥ 二"", ""⑦ 父"", ""⑧ 土"", ""⑨ 五"", ""⑩ 東""]",⑦,父,
8급,91,2020-11-21,30,select_hanja,다음 밑줄 친 말에 해당하는 漢字를 <보기>에서 찾아 그 번호를 쓰세요.,감염병 예방을 위해 흐 르는 물에 손을 씻어야 합니다,물,"[""① 水"", ""② 長"", ""③ 外"", ""④ 小"", ""⑤ 門"", ""⑥ 二"", ""⑦ 父"", ""⑧ 土"", ""⑨ 五"", ""⑩ 東""]",①,水,
8급,91,2020-11-21,31,hunum,다음 漢字의 訓과 音을 쓰세요.,木,木,,나무 목,나무 목,
8급,91,2020-11-21,32,hunum,다음 漢字의 訓과 音을 쓰세요.,敎,敎,,가르칠 교,가르칠 교,
8급,91,2020-11-21,33,hunum,다음 漢字의 訓과 音을 쓰세요.,七,七,,일곱 칠,일곱 칠,
8급,91,2020-11-21,34,hunum,다음 漢字의 訓과 音을 쓰세요.,學,學,,배울 학,배울 학,
8급,91,2020-11-21,35,hunum,다음 漢字의 訓과 音을 쓰세요.,人,人,,사람 인,사람 인,
8급,91,2020-11-21,36,hunum,다음 漢字의 訓과 音을 쓰세요.,白,白,,흰 백,흰 백,
8급,91,2020-11-21,37,hunum,다음 漢字의 訓과 音을 쓰세요.,九,九,,아홉 구,아홉 구,
8급,91,2020-11-21,38,hunum,다음 漢字의 訓과 音을 쓰세요.,南,南,,남녘 남,남녘 남,
8급,91,2020-11-21,39,hunum,다음 漢字의 訓과 音을 쓰세요.,生,生,,날 생,날 생,
8급,91,2020-11-21,40,hunum,다음 漢字의 訓과 音을 쓰세요.,兄,兄,,형 형,형 형,
8급,91,2020-11-21,41,select_hun,다음 漢字의 訓을 <보기>에서 찾아 그 번호를 쓰세요.,火,火,"[""① 학교"", ""② 불"", ""③ 일만"", ""④ 열""]",②,불,
8급,91,2020-11-21,42,select_hun,다음 漢字의 訓을 <보기>에서 찾아 그 번호를 쓰세요.,萬,萬,"[""① 학교"", ""② 불"", ""③ 일만"", ""④ 열""]",③,일만,
8급,91,2020-11-21,43,select_hun,다음 漢字의 訓을 <보기>에서 찾아 그 번호를 쓰세요.,校,校,"[""① 학교"", ""② 불"", ""③ 일만"", ""④ 열""]",①,학교,
8급,91,2020-11-21,44,select_hun,다음 漢字의 訓을 <보기>에서 찾아 그 번호를 쓰세요.,十,十,"[""① 학교"", ""② 불"", ""③ 일만"", ""④ 열""]",④,열,
8급,91,2020-11-21,45,select_eum,다음 漢字의 音을 <보기>에서 찾아 그 번호를 쓰세요.,母,母,"[""① 왕"", ""② 일"", ""③ 모"", ""④ 사""]",③,모,
8급,91,2020-11-21,46,select_eum,다음 漢字의 音을 <보기>에서 찾아 그 번호를 쓰세요.,一,一,"[""① 왕"", ""② 일"", ""③ 모"", ""④ 사""]",②,일,
8급,91,2020-11-21,47,select_eum,다음 漢字의 音을 <보기>에서 찾아 그 번호를 쓰세요.,四,四,"[""① 왕"", ""② 일"", ""③ 모"", ""④ 사""]",④,사,
8급,91,2020-11-21,48,select_eum,다음 漢字의 音을 <보기>에서 찾아 그 번호를 쓰세요.,王,王,"[""① 왕"", ""② 일"", ""③ 모"", ""④ 사""]",①,왕,
8급,91,2020-11-21,49,stroke,다음 漢字의 진하게 표시한 획은 몇 번째 쓰는지 <보기>에서 찾아 그 번호를 쓰세요.,,,"[""① 첫 번째"", ""② 두 번째"", ""③ 세 번째"", ""④ 네 번째"", ""⑤ 다섯 번째"", ""⑥ 여섯 번째"", ""⑦ 일곱 번째"", ""⑧ 여덟 번째"", ""⑨ 아홉 번째"", ""⑩ 열 번째""]",③,세 번째,exam-strokes/stroke_8_91_49.png
8급,91,2020-11-21,50,stroke,다음 漢字의 진하게 표시한 획은 몇 번째 쓰는지 <보기>에서 찾아 그 번호를 쓰세요.,,,"[""① 첫 번째"", ""② 두 번째"", ""③ 세 번째"", ""④ 네 번째"", ""⑤ 다섯 번째"", ""⑥ 여섯 번째"", ""⑦ 일곱 번째"", ""⑧ 여덟 번째"", ""⑨ 아홉 번째"", ""⑩ 열 번째""]",⑧,여덟 번째,exam-strokes/stroke_8_91_50.png
8급,92,2021-05-15,1,dokum,다음 글의 ( ) 안에 있는 漢字의 讀音을 쓰세요.,(五),五,,오,오,
8급,92,2021-05-15,2,dokum,다음 글의 ( ) 안에 있는 漢字의 讀音을 쓰세요.,(月)이 되면,月,,월,월,
8급,92,2021-05-15,3,dokum,다음 글의 ( ) 안에 있는 漢字의 讀音을 쓰세요.,(北)아메리카에서 온,北,,북,북,
8급,92,2021-05-15,4,dokum,다음 글의 ( ) 안에 있는 漢字의 讀音을 쓰세요.,(外)국인 어린이들이,外,,외,외,
8급,92,2021-05-15,5,dokum,다음 글의 ( ) 안에 있는 漢字의 讀音을 쓰세요.,(父),父,,부,부,
8급,92,2021-05-15,6,dokum,다음 글의 ( ) 안에 있는 漢字의 讀音을 쓰세요.,(母)님과 함께,母,,모,모,
8급,92,2021-05-15,7,dokum,다음 글의 ( ) 안에 있는 漢字의 讀音을 쓰세요.,우리 (學),學,,학,학,
8급,92,2021-05-15,8,dokum,다음 글의 ( ) 안에 있는 漢字의 讀音을 쓰세요.,(校)를 방문해,校,,교,교,
8급,92,2021-05-15,9,dokum,다음 글의 ( ) 안에 있는 漢字의 讀音을 쓰세요.,(韓),韓,,한,한,
8급,92,2021-05-15,10,dokum,다음 글의 ( ) 안에 있는 漢字의 讀音을 쓰세요.,(國)무용을 공연합니다,國,,국,국,
8급,92,2021-05-15,11,select_hanja,다음 훈이나 음에 알맞은 漢字를 <보기>에서 찾아 그 번호를 쓰세요.,아홉,아홉,"[""① 木"", ""② 十"", ""③ 民"", ""④ 小"", ""⑤ 九"", ""⑥ 水"", ""⑦ 日"", ""⑧ 三"", ""⑨ 七"", ""⑩ 敎""]",⑤,九,
8급,92,2021-05-15,12,select_hanja,다음 훈이나 음에 알맞은 漢字를 <보기>에서 찾아 그 번호를 쓰세요.,날,날,"[""① 木"", ""② 十"", ""③ 民"", ""④ 小"", ""⑤ 九"", ""⑥ 水"", ""⑦ 日"", ""⑧ 三"", ""⑨ 七"", ""⑩ 敎""]",⑦,日,
8급,92,2021-05-15,13,select_hanja,다음 훈이나 음에 알맞은 漢字를 <보기>에서 찾아 그 번호를 쓰세요.,삼,삼,"[""① 木"", ""② 十"", ""③ 民"", ""④ 小"", ""⑤ 九"", ""⑥ 水"", ""⑦ 日"", ""⑧ 三"", ""⑨ 七"", ""⑩ 敎""]",⑧,三,
8급,92,2021-05-15,14,select_hanja,다음 훈이나 음에 알맞은 漢字를 <보기>에서 찾아 그 번호를 쓰세요.,소,소,"[""① 木"", ""② 十"", ""③ 民"", ""④ 小"", ""⑤ 九"", ""⑥ 水"", ""⑦ 日"", ""⑧ 三"", ""⑨ 七"", ""⑩ 敎""]",④,小,
8급,92,2021-05-15,15,select_hanja,다음 훈이나 음에 알맞은 漢字를 <보기>에서 찾아 그 번호를 쓰세요.,일곱,일곱,"[""① 木"", ""② 十"", ""③ 民"", ""④ 小"", ""⑤ 九"", ""⑥ 水"", ""⑦ 日"", ""⑧ 三"", ""⑨ 七"", ""⑩ 敎""]",⑨,七,
8급,92,2021-05-15,16,select_hanja,다음 훈이나 음에 알맞은 漢字를 <보기>에서 찾아 그 번호를 쓰세요.,수,수,"[""① 木"", ""② 十"", ""③ 民"", ""④ 小"", ""⑤ 九"", ""⑥ 水"", ""⑦ 日"", ""⑧ 三"", ""⑨ 七"", ""⑩ 敎""]",⑥,水,
8급,92,2021-05-15,17,select_hanja,다음 훈이나 음에 알맞은 漢字를 <보기>에서 찾아 그 번호를 쓰세요.,나무,나무,"[""① 木"", ""② 十"", ""③ 民"", ""④ 小"", ""⑤ 九"", ""⑥ 水"", ""⑦ 日"", ""⑧ 三"", ""⑨ 七"", ""⑩ 敎""]",①,木,
8급,92,2021-05-15,18,select_hanja,다음 훈이나 음에 알맞은 漢字를 <보기>에서 찾아 그 번호를 쓰세요.,십,십,"[""① 木"", ""② 十"", ""③ 民"", ""④ 小"", ""⑤ 九"", ""⑥ 水"", ""⑦ 日"", ""⑧ 三"", ""⑨ 七"", ""⑩ 敎""]",②,十,
8급,92,2021-05-15,19,select_hanja,다음 훈이나 음에 알맞은 漢字를 <보기>에서 찾아 그 번호를 쓰세요.,교,교,"[""① 木"", ""② 十"", ""③ 民"", ""④ 小"", ""⑤ 九"", ""⑥ 水"", ""⑦ 日"", ""⑧ 三"", ""⑨ 七"", ""⑩ 敎""]",⑩,敎,
8급,92,2021-05-15,20,select_hanja,다음 훈이나 음에 알맞은 漢字를 <보기>에서 찾아 그 번호를 쓰세요.,백성,백성,"[""① 木"", ""② 十"", ""③ 民"", ""④ 小"", ""⑤ 九"", ""⑥ 水"", ""⑦ 日"", ""⑧ 三"", ""⑨ 七"", ""⑩ 敎""]",③,民,
8급,92,2021-05-15,21,select_hanja,다음 밑줄 친 말에 해당하는 漢字를 <보기>에서 찾아 그 번호를 쓰세요.,형과 같이 청소합니다,형,"[""① 大"", ""② 南"", ""③ 土"", ""④ 年"", ""⑤ 靑"", ""⑥ 先"", ""⑦ 二"", ""⑧ 白"", ""⑨ 長"", ""⑩ 兄""]",⑩,兄,
8급,92,2021-05-15,22,select_hanja,다음 밑줄 친 말에 해당하는 漢字를 <보기>에서 찾아 그 번호를 쓰세요.,지난해에는 코로나로 인 해 어려움이 많았습니다,해,"[""① 大"", ""② 南"", ""③ 土"", ""④ 年"", ""⑤ 靑"", ""⑥ 先"", ""⑦ 二"", ""⑧ 白"", ""⑨ 長"", ""⑩ 兄""]",④,年,
8급,92,2021-05-15,23,select_hanja,다음 밑줄 친 말에 해당하는 漢字를 <보기>에서 찾아 그 번호를 쓰세요.,푸른 바다가 보입니다,푸른,"[""① 大"", ""② 南"", ""③ 土"", ""④ 年"", ""⑤ 靑"", ""⑥ 先"", ""⑦ 二"", ""⑧ 白"", ""⑨ 長"", ""⑩ 兄""]",⑤,靑,
8급,92,2021-05-15,24,select_hanja,다음 밑줄 친 말에 해당하는 漢字를 <보기>에서 찾아 그 번호를 쓰세요.,우리 집에는 강아지 두 마리가 있습니다,집에는,"[""① 大"", ""② 南"", ""③ 土"", ""④ 年"", ""⑤ 靑"", ""⑥ 先"", ""⑦ 二"", ""⑧ 白"", ""⑨ 長"", ""⑩ 兄""]",⑦,二,
8급,92,2021-05-15,25,select_hanja,다음 밑줄 친 말에 해당하는 漢字를 <보기>에서 찾아 그 번호를 쓰세요.,흙길에도 꽃이 피었습니 다,흙,"[""① 大"", ""② 南"", ""③ 土"", ""④ 年"", ""⑤ 靑"", ""⑥ 先"", ""⑦ 二"", ""⑧ 白"", ""⑨ 長"", ""⑩ 兄""]",③,土,
8급,92,2021-05-15,26,select_hanja,다음 밑줄 친 말에 해당하는 漢字를 <보기>에서 찾아 그 번호를 쓰세요.,사람들이 길게 줄을 섰 습니다,사람들이,"[""① 大"", ""② 南"", ""③ 土"", ""④ 年"", ""⑤ 靑"", ""⑥ 先"", ""⑦ 二"", ""⑧ 白"", ""⑨ 長"", ""⑩ 兄""]",⑨,長,
8급,92,2021-05-15,27,select_hanja,다음 밑줄 친 말에 해당하는 漢字를 <보기>에서 찾아 그 번호를 쓰세요.,흰 구름이 떠 있습니다,흰,"[""① 大"", ""② 南"", ""③ 土"", ""④ 年"", ""⑤ 靑"", ""⑥ 先"", ""⑦ 二"", ""⑧ 白"", ""⑨ 長"", ""⑩ 兄""]",⑧,白,
8급,92,2021-05-15,28,select_hanja,다음 밑줄 친 말에 해당하는 漢字를 <보기>에서 찾아 그 번호를 쓰세요.,펭수는 남녘 끝에서 왔 습니다,남,"[""① 大"", ""② 南"", ""③ 土"", ""④ 年"", ""⑤ 靑"", ""⑥ 先"", ""⑦ 二"", ""⑧ 白"", ""⑨ 長"", ""⑩ 兄""]",②,南,
8급,92,2021-05-15,29,select_hanja,다음 밑줄 친 말에 해당하는 漢字를 <보기>에서 찾아 그 번호를 쓰세요.,아빠 손은 내 손보다 훨 씬 큽니다,아빠,"[""① 大"", ""② 南"", ""③ 土"", ""④ 年"", ""⑤ 靑"", ""⑥ 先"", ""⑦ 二"", ""⑧ 白"", ""⑨ 長"", ""⑩ 兄""]",①,大,
8급,92,2021-05-15,30,select_hanja,다음 밑줄 친 말에 해당하는 漢字를 <보기>에서 찾아 그 번호를 쓰세요.,친구보다 먼저 약속 장 소에 도착했습니다,먼저,"[""① 大"", ""② 南"", ""③ 土"", ""④ 年"", ""⑤ 靑"", ""⑥ 先"", ""⑦ 二"", ""⑧ 白"", ""⑨ 長"", ""⑩ 兄""]",⑥,先,
8급,92,2021-05-15,31,hunum,다음 漢字의 訓과 音을 쓰세요.,寸,寸,,마디 촌,마디 촌,
8급,92,2021-05-15,32,hunum,다음 漢字의 訓과 音을 쓰세요.,一,一,,한 일,한 일,
8급,92,2021-05-15,33,hunum,다음 漢字의 訓과 音을 쓰세요.,門,門,,문 문,문 문,
8급,92,2021-05-15,34,hunum,다음 漢字의 訓과 音을 쓰세요.,室,室,,집 실,집 실,
8급,92,2021-05-15,35,hunum,다음 漢字의 訓과 音을 쓰세요.,萬,萬,,일만 만,일만 만,
8급,92,2021-05-15,36,hunum,다음 漢字의 訓과 音을 쓰세요.,王,王,,임금 왕,임금 왕,
8급,92,2021-05-15,37,hunum,다음 漢字의 訓과 音을 쓰세요.,火,火,,불 화,불 화,
8급,92,2021-05-15,38,hunum,다음 漢字의 訓과 音을 쓰세요.,人,人,,사람 인,사람 인,
8급,92,2021-05-15,39,hunum,다음 漢字의 訓과 音을 쓰세요.,四,四,,넉 사,넉 사,
8급,92,2021-05-15,40,hunum,다음 漢字의 訓과 音을 쓰세요.,東,東,,동녘 동,동녘 동,
8급,92,2021-05-15,41,select_hun,다음 漢字의 訓을 <보기>에서 찾아 그 번호를 쓰세요.,六,六,"[""① 서녘"", ""② 아우"", ""③ 여섯"", ""④ 가운데""]",③,여섯,
8급,92,2021-05-15,42,select_hun,다음 漢字의 訓을 <보기>에서 찾아 그 번호를 쓰세요.,弟,弟,"[""① 서녘"", ""② 아우"", ""③ 여섯"", ""④ 가운데""]",②,아우,
8급,92,2021-05-15,43,select_hun,다음 漢字의 訓을 <보기>에서 찾아 그 번호를 쓰세요.,西,西,"[""① 서녘"", ""② 아우"", ""③ 여섯"", ""④ 가운데""]",①,서녘,
8급,92,2021-05-15,44,select_hun,다음 漢字의 訓을 <보기>에서 찾아 그 번호를 쓰세요.,中,中,"[""① 서녘"", ""② 아우"", ""③ 여섯"", ""④ 가운데""]",④,가운데,
8급,92,2021-05-15,45,select_eum,다음 漢字의 音을 <보기>에서 찾아 그 번호를 쓰세요.,女,女,"[""① 팔"", ""② 녀"", ""③ 산"", ""④ 금""]",②,녀,
8급,92,2021-05-15,46,select_eum,다음 漢字의 音을 <보기>에서 찾아 그 번호를 쓰세요.,金,金,"[""① 팔"", ""② 녀"", ""③ 산"", ""④ 금""]",④,금,
8급,92,2021-05-15,47,select_eum,다음 漢字의 音을 <보기>에서 찾아 그 번호를 쓰세요.,山,山,"[""① 팔"", ""② 녀"", ""③ 산"", ""④ 금""]",③,산,
8급,92,2021-05-15,48,select_eum,다음 漢字의 音을 <보기>에서 찾아 그 번호를 쓰세요.,八,八,"[""① 팔"", ""② 녀"", ""③ 산"", ""④ 금""]",①,팔,
8급,92,2021-05-15,49,stroke,다음 漢字의 진하게 표시한 획은 몇 번째 쓰는지 <보기>에서 찾아 그 번호를 쓰세요.,,,"[""① 첫 번째"", ""② 두 번째"", ""③ 세 번째"", ""④ 네 번째"", ""⑤ 다섯 번째"", ""⑥ 여섯 번째"", ""⑦ 일곱 번째"", ""⑧ 여덟 번째"", ""⑨ 아홉 번째""]",⑤,다섯 번째,exam-strokes/stroke_8_92_49.png
8급,92,2021-05-15,50,stroke,다음 漢字의 진하게 표시한 획은 몇 번째 쓰는지 <보기>에서 찾아 그 번호를 쓰세요.,,,"[""① 첫 번째"", ""② 두 번째"", ""③ 세 번째"", ""④ 네 번째"", ""⑤ 다섯 번째"", ""⑥ 여섯 번째"", ""⑦ 일곱 번째"", ""⑧ 여덟 번째"", ""⑨ 아홉 번째""]",⑨,아홉 번째,exam-strokes/stroke_8_92_50.png
8급,93,2021-07-10,1,dokum,다음 글의 ( ) 안에 있는 漢字의 讀音을 쓰세요.,(五),五,,오,오,
8급,93,2021-07-10,2,dokum,다음 글의 ( ) 안에 있는 漢字의 讀音을 쓰세요.,(學),學,,학,학,
8급,93,2021-07-10,3,dokum,다음 글의 ( ) 안에 있는 漢字의 讀音을 쓰세요.,(年)은 올해 서울의,年,,년,년,
8급,93,2021-07-10,4,dokum,다음 글의 ( ) 안에 있는 漢字의 讀音을 쓰세요.,(東),東,,동,동,
8급,93,2021-07-10,5,dokum,다음 글의 ( ) 안에 있는 漢字의 讀音을 쓰세요.,(西),西,,서,서,
8급,93,2021-07-10,6,dokum,다음 글의 ( ) 안에 있는 漢字의 讀音을 쓰세요.,(南),南,,남,남,
8급,93,2021-07-10,7,dokum,다음 글의 ( ) 안에 있는 漢字의 讀音을 쓰세요.,(北),北,,북,북,
8급,93,2021-07-10,8,dokum,다음 글의 ( ) 안에 있는 漢字의 讀音을 쓰세요.,(四),四,,사,사,
8급,93,2021-07-10,9,dokum,다음 글의 ( ) 안에 있는 漢字의 讀音을 쓰세요.,(大),大,,대,대,
8급,93,2021-07-10,10,dokum,다음 글의 ( ) 안에 있는 漢字의 讀音을 쓰세요.,(門)을 탐방하기로 했습 니다,門,,문,문,
8급,93,2021-07-10,11,select_hanja,다음 훈이나 음에 알맞은 漢字를 <보기>에서 찾아 그 번호를 쓰세요.,석,석,"[""① 金"", ""② 女"", ""③ 先"", ""④ 父"", ""⑤ 長"", ""⑥ 校"", ""⑦ 月"", ""⑧ 十"", ""⑨ 生"", ""⑩ 三""]",⑩,三,
8급,93,2021-07-10,12,select_hanja,다음 훈이나 음에 알맞은 漢字를 <보기>에서 찾아 그 번호를 쓰세요.,생,생,"[""① 金"", ""② 女"", ""③ 先"", ""④ 父"", ""⑤ 長"", ""⑥ 校"", ""⑦ 月"", ""⑧ 十"", ""⑨ 生"", ""⑩ 三""]",⑨,生,
8급,93,2021-07-10,13,select_hanja,다음 훈이나 음에 알맞은 漢字를 <보기>에서 찾아 그 번호를 쓰세요.,장,장,"[""① 金"", ""② 女"", ""③ 先"", ""④ 父"", ""⑤ 長"", ""⑥ 校"", ""⑦ 月"", ""⑧ 十"", ""⑨ 生"", ""⑩ 三""]",⑤,長,
8급,93,2021-07-10,14,select_hanja,다음 훈이나 음에 알맞은 漢字를 <보기>에서 찾아 그 번호를 쓰세요.,부,부,"[""① 金"", ""② 女"", ""③ 先"", ""④ 父"", ""⑤ 長"", ""⑥ 校"", ""⑦ 月"", ""⑧ 十"", ""⑨ 生"", ""⑩ 三""]",④,父,
8급,93,2021-07-10,15,select_hanja,다음 훈이나 음에 알맞은 漢字를 <보기>에서 찾아 그 번호를 쓰세요.,금,금,"[""① 金"", ""② 女"", ""③ 先"", ""④ 父"", ""⑤ 長"", ""⑥ 校"", ""⑦ 月"", ""⑧ 十"", ""⑨ 生"", ""⑩ 三""]",①,金,
8급,93,2021-07-10,16,select_hanja,다음 훈이나 음에 알맞은 漢字를 <보기>에서 찾아 그 번호를 쓰세요.,녀,녀,"[""① 金"", ""② 女"", ""③ 先"", ""④ 父"", ""⑤ 長"", ""⑥ 校"", ""⑦ 月"", ""⑧ 十"", ""⑨ 生"", ""⑩ 三""]",②,女,
8급,93,2021-07-10,17,select_hanja,다음 훈이나 음에 알맞은 漢字를 <보기>에서 찾아 그 번호를 쓰세요.,학교,학교,"[""① 金"", ""② 女"", ""③ 先"", ""④ 父"", ""⑤ 長"", ""⑥ 校"", ""⑦ 月"", ""⑧ 十"", ""⑨ 生"", ""⑩ 三""]",⑥,校,
8급,93,2021-07-10,18,select_hanja,다음 훈이나 음에 알맞은 漢字를 <보기>에서 찾아 그 번호를 쓰세요.,열,열,"[""① 金"", ""② 女"", ""③ 先"", ""④ 父"", ""⑤ 長"", ""⑥ 校"", ""⑦ 月"", ""⑧ 十"", ""⑨ 生"", ""⑩ 三""]",⑧,十,
8급,93,2021-07-10,19,select_hanja,다음 훈이나 음에 알맞은 漢字를 <보기>에서 찾아 그 번호를 쓰세요.,달,달,"[""① 金"", ""② 女"", ""③ 先"", ""④ 父"", ""⑤ 長"", ""⑥ 校"", ""⑦ 月"", ""⑧ 十"", ""⑨ 生"", ""⑩ 三""]",⑦,月,
8급,93,2021-07-10,20,select_hanja,다음 훈이나 음에 알맞은 漢字를 <보기>에서 찾아 그 번호를 쓰세요.,선,선,"[""① 金"", ""② 女"", ""③ 先"", ""④ 父"", ""⑤ 長"", ""⑥ 校"", ""⑦ 月"", ""⑧ 十"", ""⑨ 生"", ""⑩ 三""]",③,先,
8급,93,2021-07-10,21,select_hanja,다음 밑줄 친 말에 해당하는 漢字를 <보기>에서 찾아 그 번호를 쓰세요.,대나무 잎이 푸릅니다,나무,"[""① 民"", ""② 九"", ""③ 國"", ""④ 白"", ""⑤ 木"", ""⑥ 敎"", ""⑦ 人"", ""⑧ 軍"", ""⑨ 小"", ""⑩ 兄""]",⑤,木,
8급,93,2021-07-10,22,select_hanja,다음 밑줄 친 말에 해당하는 漢字를 <보기>에서 찾아 그 번호를 쓰세요.,저보다 발이 작습니다,작,"[""① 民"", ""② 九"", ""③ 國"", ""④ 白"", ""⑤ 木"", ""⑥ 敎"", ""⑦ 人"", ""⑧ 軍"", ""⑨ 小"", ""⑩ 兄""]",⑨,小,
8급,93,2021-07-10,23,select_hanja,다음 밑줄 친 말에 해당하는 漢字를 <보기>에서 찾아 그 번호를 쓰세요.,북을 울려 군사들을 불 러들였습니다,군사,"[""① 民"", ""② 九"", ""③ 國"", ""④ 白"", ""⑤ 木"", ""⑥ 敎"", ""⑦ 人"", ""⑧ 軍"", ""⑨ 小"", ""⑩ 兄""]",⑧,軍,
8급,93,2021-07-10,24,select_hanja,다음 밑줄 친 말에 해당하는 漢字를 <보기>에서 찾아 그 번호를 쓰세요.,나라의 일을 백성들에게 알리기로 했습니다,백성,"[""① 民"", ""② 九"", ""③ 國"", ""④ 白"", ""⑤ 木"", ""⑥ 敎"", ""⑦ 人"", ""⑧ 軍"", ""⑨ 小"", ""⑩ 兄""]",①,民,
8급,93,2021-07-10,25,select_hanja,다음 밑줄 친 말에 해당하는 漢字를 <보기>에서 찾아 그 번호를 쓰세요.,제 발표순서는 아홉 번 째입니다,아홉,"[""① 民"", ""② 九"", ""③ 國"", ""④ 白"", ""⑤ 木"", ""⑥ 敎"", ""⑦ 人"", ""⑧ 軍"", ""⑨ 小"", ""⑩ 兄""]",②,九,
8급,93,2021-07-10,26,select_hanja,다음 밑줄 친 말에 해당하는 漢字를 <보기>에서 찾아 그 번호를 쓰세요.,작은 형에게 책을 전해 줬습니다,형,"[""① 民"", ""② 九"", ""③ 國"", ""④ 白"", ""⑤ 木"", ""⑥ 敎"", ""⑦ 人"", ""⑧ 軍"", ""⑨ 小"", ""⑩ 兄""]",⑩,兄,
8급,93,2021-07-10,27,select_hanja,다음 밑줄 친 말에 해당하는 漢字를 <보기>에서 찾아 그 번호를 쓰세요.,아버지는 국어를 가르치 십니다,가르치,"[""① 民"", ""② 九"", ""③ 國"", ""④ 白"", ""⑤ 木"", ""⑥ 敎"", ""⑦ 人"", ""⑧ 軍"", ""⑨ 小"", ""⑩ 兄""]",⑥,敎,
8급,93,2021-07-10,28,select_hanja,다음 밑줄 친 말에 해당하는 漢字를 <보기>에서 찾아 그 번호를 쓰세요.,우리나라의 꽃은 무궁화 입니다,나라,"[""① 民"", ""② 九"", ""③ 國"", ""④ 白"", ""⑤ 木"", ""⑥ 敎"", ""⑦ 人"", ""⑧ 軍"", ""⑨ 小"", ""⑩ 兄""]",③,國,
8급,93,2021-07-10,29,select_hanja,다음 밑줄 친 말에 해당하는 漢字를 <보기>에서 찾아 그 번호를 쓰세요.,일할 사람이 더 많이 필 요할 것 같습니다,사람,"[""① 民"", ""② 九"", ""③ 國"", ""④ 白"", ""⑤ 木"", ""⑥ 敎"", ""⑦ 人"", ""⑧ 軍"", ""⑨ 小"", ""⑩ 兄""]",⑦,人,
8급,93,2021-07-10,30,select_hanja,다음 밑줄 친 말에 해당하는 漢字를 <보기>에서 찾아 그 번호를 쓰세요.,오늘은 하얀 옷을 입었 습니다,오늘은,"[""① 民"", ""② 九"", ""③ 國"", ""④ 白"", ""⑤ 木"", ""⑥ 敎"", ""⑦ 人"", ""⑧ 軍"", ""⑨ 小"", ""⑩ 兄""]",④,白,
8급,93,2021-07-10,31,hunum,다음 漢字의 訓과 音을 쓰세요.,日,日,,날 일,날 일,
8급,93,2021-07-10,32,hunum,다음 漢字의 訓과 音을 쓰세요.,室,室,,집 실,집 실,
8급,93,2021-07-10,33,hunum,다음 漢字의 訓과 音을 쓰세요.,火,火,,불 화,불 화,
8급,93,2021-07-10,34,hunum,다음 漢字의 訓과 音을 쓰세요.,中,中,,가운데 중,가운데 중,
8급,93,2021-07-10,35,hunum,다음 漢字의 訓과 音을 쓰세요.,山,山,,메 산,메 산,
8급,93,2021-07-10,36,hunum,다음 漢字의 訓과 音을 쓰세요.,土,土,,흙 토,흙 토,
8급,93,2021-07-10,37,hunum,다음 漢字의 訓과 音을 쓰세요.,韓,韓,,한국/나라 한,한국/나라 한,
8급,93,2021-07-10,38,hunum,다음 漢字의 訓과 音을 쓰세요.,水,水,,물 수,물 수,
8급,93,2021-07-10,39,hunum,다음 漢字의 訓과 音을 쓰세요.,八,八,,여덟 팔,여덟 팔,
8급,93,2021-07-10,40,hunum,다음 漢字의 訓과 音을 쓰세요.,一,一,,한 일,한 일,
8급,93,2021-07-10,41,select_hun,다음 漢字의 訓을 <보기>에서 찾아 그 번호를 쓰세요.,七,七,"[""① 일만"", ""② 일곱"", ""③ 아우"", ""④ 여섯""]",②,일곱,
8급,93,2021-07-10,42,select_hun,다음 漢字의 訓을 <보기>에서 찾아 그 번호를 쓰세요.,六,六,"[""① 일만"", ""② 일곱"", ""③ 아우"", ""④ 여섯""]",④,여섯,
8급,93,2021-07-10,43,select_hun,다음 漢字의 訓을 <보기>에서 찾아 그 번호를 쓰세요.,萬,萬,"[""① 일만"", ""② 일곱"", ""③ 아우"", ""④ 여섯""]",①,일만,
8급,93,2021-07-10,44,select_hun,다음 漢字의 訓을 <보기>에서 찾아 그 번호를 쓰세요.,弟,弟,"[""① 일만"", ""② 일곱"", ""③ 아우"", ""④ 여섯""]",③,아우,
8급,93,2021-07-10,45,select_eum,다음 漢字의 音을 <보기>에서 찾아 그 번호를 쓰세요.,王,王,"[""① 촌"", ""② 왕"", ""③ 외"", ""④ 이""]",②,왕,
8급,93,2021-07-10,46,select_eum,다음 漢字의 音을 <보기>에서 찾아 그 번호를 쓰세요.,寸,寸,"[""① 촌"", ""② 왕"", ""③ 외"", ""④ 이""]",①,촌,
8급,93,2021-07-10,47,select_eum,다음 漢字의 音을 <보기>에서 찾아 그 번호를 쓰세요.,二,二,"[""① 촌"", ""② 왕"", ""③ 외"", ""④ 이""]",④,이,
8급,93,2021-07-10,48,select_eum,다음 漢字의 音을 <보기>에서 찾아 그 번호를 쓰세요.,外,外,"[""① 촌"", ""② 왕"", ""③ 외"", ""④ 이""]",③,외,
8급,93,2021-07-10,49,stroke,다음 漢字의 진하게 표시한 획은 몇 번째 쓰는지 <보기>에서 찾아 그 번호를 쓰세요.,,,"[""① 첫 번째"", ""② 두 번째"", ""③ 세 번째"", ""④ 네 번째"", ""⑤ 다섯 번째"", ""⑥ 여섯 번째"", ""⑦ 일곱 번째"", ""⑧ 여덟 번째"", ""⑨ 아홉 번째"", ""⑩ 열 번째""]",⑧,여덟 번째,exam-strokes/stroke_8_93_49.png
8급,93,2021-07-10,50,stroke,다음 漢字의 진하게 표시한 획은 몇 번째 쓰는지 <보기>에서 찾아 그 번호를 쓰세요.,,,"[""① 첫 번째"", ""② 두 번째"", ""③ 세 번째"", ""④ 네 번째"", ""⑤ 다섯 번째"", ""⑥ 여섯 번째"", ""⑦ 일곱 번째"", ""⑧ 여덟 번째"", ""⑨ 아홉 번째"", ""⑩ 열 번째""]",④,네 번째,exam-strokes/stroke_8_93_50.png
8급,94,2021-09-11,1,dokum,다음 글의 ( ) 안에 있는 漢字의 讀音을 쓰세요.,광복절은 (大),大,,대,대,
8급,94,2021-09-11,2,dokum,다음 글의 ( ) 안에 있는 漢字의 讀音을 쓰세요.,(韓),韓,,한,한,
8급,94,2021-09-11,3,dokum,다음 글의 ( ) 안에 있는 漢字의 讀音을 쓰세요.,(民),民,,민,민,
8급,94,2021-09-11,4,dokum,다음 글의 ( ) 안에 있는 漢字의 讀音을 쓰세요.,(國)의 국경일,國,,국,국,
8급,94,2021-09-11,5,dokum,다음 글의 ( ) 안에 있는 漢字의 讀音을 쓰세요.,(中) 하나로,中,,중,중,
8급,94,2021-09-11,6,dokum,다음 글의 ( ) 안에 있는 漢字의 讀音을 쓰세요.,매(年),年,,년,년,
8급,94,2021-09-11,7,dokum,다음 글의 ( ) 안에 있는 漢字의 讀音을 쓰세요.,(八),八,,팔,팔,
8급,94,2021-09-11,8,dokum,다음 글의 ( ) 안에 있는 漢字의 讀音을 쓰세요.,(月),月,,월,월,
8급,94,2021-09-11,9,dokum,다음 글의 ( ) 안에 있는 漢字의 讀音을 쓰세요.,(十),十,,십,십,
8급,94,2021-09-11,10,dokum,다음 글의 ( ) 안에 있는 漢字의 讀音을 쓰세요.,(五)일입니다,五,,오,오,
8급,94,2021-09-11,11,select_hanja,다음 훈이나 음에 알맞은 漢字를 <보기>에서 찾아 그 번호를 쓰세요.,아비,아비,"[""① 生"", ""② 三"", ""③ 先"", ""④ 九"", ""⑤ 兄"", ""⑥ 父"", ""⑦ 敎"", ""⑧ 東"", ""⑨ 金"", ""⑩ 人""]",⑥,父,
8급,94,2021-09-11,12,select_hanja,다음 훈이나 음에 알맞은 漢字를 <보기>에서 찾아 그 번호를 쓰세요.,쇠/성,쇠/성,"[""① 生"", ""② 三"", ""③ 先"", ""④ 九"", ""⑤ 兄"", ""⑥ 父"", ""⑦ 敎"", ""⑧ 東"", ""⑨ 金"", ""⑩ 人""]",⑨,金,
8급,94,2021-09-11,13,select_hanja,다음 훈이나 음에 알맞은 漢字를 <보기>에서 찾아 그 번호를 쓰세요.,생,생,"[""① 生"", ""② 三"", ""③ 先"", ""④ 九"", ""⑤ 兄"", ""⑥ 父"", ""⑦ 敎"", ""⑧ 東"", ""⑨ 金"", ""⑩ 人""]",①,生,
8급,94,2021-09-11,14,select_hanja,다음 훈이나 음에 알맞은 漢字를 <보기>에서 찾아 그 번호를 쓰세요.,구,구,"[""① 生"", ""② 三"", ""③ 先"", ""④ 九"", ""⑤ 兄"", ""⑥ 父"", ""⑦ 敎"", ""⑧ 東"", ""⑨ 金"", ""⑩ 人""]",④,九,
8급,94,2021-09-11,15,select_hanja,다음 훈이나 음에 알맞은 漢字를 <보기>에서 찾아 그 번호를 쓰세요.,삼,삼,"[""① 生"", ""② 三"", ""③ 先"", ""④ 九"", ""⑤ 兄"", ""⑥ 父"", ""⑦ 敎"", ""⑧ 東"", ""⑨ 金"", ""⑩ 人""]",②,三,
8급,94,2021-09-11,16,select_hanja,다음 훈이나 음에 알맞은 漢字를 <보기>에서 찾아 그 번호를 쓰세요.,가르칠,가르칠,"[""① 生"", ""② 三"", ""③ 先"", ""④ 九"", ""⑤ 兄"", ""⑥ 父"", ""⑦ 敎"", ""⑧ 東"", ""⑨ 金"", ""⑩ 人""]",⑦,敎,
8급,94,2021-09-11,17,select_hanja,다음 훈이나 음에 알맞은 漢字를 <보기>에서 찾아 그 번호를 쓰세요.,동녘,동녘,"[""① 生"", ""② 三"", ""③ 先"", ""④ 九"", ""⑤ 兄"", ""⑥ 父"", ""⑦ 敎"", ""⑧ 東"", ""⑨ 金"", ""⑩ 人""]",⑧,東,
8급,94,2021-09-11,18,select_hanja,다음 훈이나 음에 알맞은 漢字를 <보기>에서 찾아 그 번호를 쓰세요.,선,선,"[""① 生"", ""② 三"", ""③ 先"", ""④ 九"", ""⑤ 兄"", ""⑥ 父"", ""⑦ 敎"", ""⑧ 東"", ""⑨ 金"", ""⑩ 人""]",③,先,
8급,94,2021-09-11,19,select_hanja,다음 훈이나 음에 알맞은 漢字를 <보기>에서 찾아 그 번호를 쓰세요.,사람,사람,"[""① 生"", ""② 三"", ""③ 先"", ""④ 九"", ""⑤ 兄"", ""⑥ 父"", ""⑦ 敎"", ""⑧ 東"", ""⑨ 金"", ""⑩ 人""]",⑩,人,
8급,94,2021-09-11,20,select_hanja,다음 훈이나 음에 알맞은 漢字를 <보기>에서 찾아 그 번호를 쓰세요.,형,형,"[""① 生"", ""② 三"", ""③ 先"", ""④ 九"", ""⑤ 兄"", ""⑥ 父"", ""⑦ 敎"", ""⑧ 東"", ""⑨ 金"", ""⑩ 人""]",⑤,兄,
8급,94,2021-09-11,21,select_hanja,다음 밑줄 친 말에 해당하는 漢字를 <보기>에서 찾아 그 번호를 쓰세요.,집집마다 방에 불이 켜 져 있습니다,불,"[""① 二"", ""② 七"", ""③ 木"", ""④ 軍"", ""⑤ 女"", ""⑥ 火"", ""⑦ 一"", ""⑧ 靑"", ""⑨ 王"", ""⑩ 門""]",⑥,火,
8급,94,2021-09-11,22,select_hanja,다음 밑줄 친 말에 해당하는 漢字를 <보기>에서 찾아 그 번호를 쓰세요.,신하들이 임금님께 절을 올렸습니다,임금,"[""① 二"", ""② 七"", ""③ 木"", ""④ 軍"", ""⑤ 女"", ""⑥ 火"", ""⑦ 一"", ""⑧ 靑"", ""⑨ 王"", ""⑩ 門""]",⑨,王,
8급,94,2021-09-11,23,select_hanja,다음 밑줄 친 말에 해당하는 漢字를 <보기>에서 찾아 그 번호를 쓰세요.,절벽 아래는 푸른 강물 이 흘러갑니다,푸른,"[""① 二"", ""② 七"", ""③ 木"", ""④ 軍"", ""⑤ 女"", ""⑥ 火"", ""⑦ 一"", ""⑧ 靑"", ""⑨ 王"", ""⑩ 門""]",⑧,靑,
8급,94,2021-09-11,24,select_hanja,다음 밑줄 친 말에 해당하는 漢字를 <보기>에서 찾아 그 번호를 쓰세요.,눈 속에 나무 한 그루가 서 있습니다,나무,"[""① 二"", ""② 七"", ""③ 木"", ""④ 軍"", ""⑤ 女"", ""⑥ 火"", ""⑦ 一"", ""⑧ 靑"", ""⑨ 王"", ""⑩ 門""]",③,木,
8급,94,2021-09-11,25,select_hanja,다음 밑줄 친 말에 해당하는 漢字를 <보기>에서 찾아 그 번호를 쓰세요.,북을 울려 군사들을 다 시 불러 들였습니다,군사,"[""① 二"", ""② 七"", ""③ 木"", ""④ 軍"", ""⑤ 女"", ""⑥ 火"", ""⑦ 一"", ""⑧ 靑"", ""⑨ 王"", ""⑩ 門""]",④,軍,
8급,94,2021-09-11,26,select_hanja,다음 밑줄 친 말에 해당하는 漢字를 <보기>에서 찾아 그 번호를 쓰세요.,꽃씨 하나를 심습니다,하나,"[""① 二"", ""② 七"", ""③ 木"", ""④ 軍"", ""⑤ 女"", ""⑥ 火"", ""⑦ 一"", ""⑧ 靑"", ""⑨ 王"", ""⑩ 門""]",⑦,一,
8급,94,2021-09-11,27,select_hanja,다음 밑줄 친 말에 해당하는 漢字를 <보기>에서 찾아 그 번호를 쓰세요.,그 여자아이는 서너 살 쯤 되어 보였습니다,여,"[""① 二"", ""② 七"", ""③ 木"", ""④ 軍"", ""⑤ 女"", ""⑥ 火"", ""⑦ 一"", ""⑧ 靑"", ""⑨ 王"", ""⑩ 門""]",⑤,女,
8급,94,2021-09-11,28,select_hanja,다음 밑줄 친 말에 해당하는 漢字를 <보기>에서 찾아 그 번호를 쓰세요.,집에서 일곱 시에 출발 하기로 했습니다,일곱,"[""① 二"", ""② 七"", ""③ 木"", ""④ 軍"", ""⑤ 女"", ""⑥ 火"", ""⑦ 一"", ""⑧ 靑"", ""⑨ 王"", ""⑩ 門""]",②,七,
8급,94,2021-09-11,29,select_hanja,다음 밑줄 친 말에 해당하는 漢字를 <보기>에서 찾아 그 번호를 쓰세요.,두 손을 맞잡았습니다,두,"[""① 二"", ""② 七"", ""③ 木"", ""④ 軍"", ""⑤ 女"", ""⑥ 火"", ""⑦ 一"", ""⑧ 靑"", ""⑨ 王"", ""⑩ 門""]",①,二,
8급,94,2021-09-11,30,select_hanja,다음 밑줄 친 말에 해당하는 漢字를 <보기>에서 찾아 그 번호를 쓰세요.,가게 유리문을 밀고 들 어갔습니다,문,"[""① 二"", ""② 七"", ""③ 木"", ""④ 軍"", ""⑤ 女"", ""⑥ 火"", ""⑦ 一"", ""⑧ 靑"", ""⑨ 王"", ""⑩ 門""]",⑩,門,
8급,94,2021-09-11,31,hunum,다음 漢字의 訓과 音을 쓰세요.,長,長,,긴 장,긴 장,
8급,94,2021-09-11,32,hunum,다음 漢字의 訓과 音을 쓰세요.,小,小,,작을 소,작을 소,
8급,94,2021-09-11,33,hunum,다음 漢字의 訓과 音을 쓰세요.,母,母,,어미 모,어미 모,
8급,94,2021-09-11,34,hunum,다음 漢字의 訓과 音을 쓰세요.,南,南,,남녘 남,남녘 남,
8급,94,2021-09-11,35,hunum,다음 漢字의 訓과 音을 쓰세요.,寸,寸,,마디 촌,마디 촌,
8급,94,2021-09-11,36,hunum,다음 漢字의 訓과 音을 쓰세요.,四,四,,넉 사,넉 사,
8급,94,2021-09-11,37,hunum,다음 漢字의 訓과 音을 쓰세요.,弟,弟,,아우 제,아우 제,
8급,94,2021-09-11,38,hunum,다음 漢字의 訓과 音을 쓰세요.,校,校,,학교 교,학교 교,
8급,94,2021-09-11,39,hunum,다음 漢字의 訓과 音을 쓰세요.,水,水,,물 수,물 수,
8급,94,2021-09-11,40,hunum,다음 漢字의 訓과 音을 쓰세요.,土,土,,흙 토,흙 토,
8급,94,2021-09-11,41,select_hun,다음 漢字의 訓을 <보기>에서 찾아 그 번호를 쓰세요.,西,西,"[""① 여섯"", ""② 흰"", ""③ 배울"", ""④ 서녘""]",④,서녘,
8급,94,2021-09-11,42,select_hun,다음 漢字의 訓을 <보기>에서 찾아 그 번호를 쓰세요.,六,六,"[""① 여섯"", ""② 흰"", ""③ 배울"", ""④ 서녘""]",①,여섯,
8급,94,2021-09-11,43,select_hun,다음 漢字의 訓을 <보기>에서 찾아 그 번호를 쓰세요.,學,學,"[""① 여섯"", ""② 흰"", ""③ 배울"", ""④ 서녘""]",③,배울,
8급,94,2021-09-11,44,select_hun,다음 漢字의 訓을 <보기>에서 찾아 그 번호를 쓰세요.,白,白,"[""① 여섯"", ""② 흰"", ""③ 배울"", ""④ 서녘""]",②,흰,
8급,94,2021-09-11,45,select_eum,다음 漢字의 音을 <보기>에서 찾아 그 번호를 쓰세요.,室,室,"[""① 산"", ""② 실"", ""③ 만"", ""④ 북""]",②,실,
8급,94,2021-09-11,46,select_eum,다음 漢字의 音을 <보기>에서 찾아 그 번호를 쓰세요.,北,北,"[""① 산"", ""② 실"", ""③ 만"", ""④ 북""]",④,북,
8급,94,2021-09-11,47,select_eum,다음 漢字의 音을 <보기>에서 찾아 그 번호를 쓰세요.,山,山,"[""① 산"", ""② 실"", ""③ 만"", ""④ 북""]",①,산,
8급,94,2021-09-11,48,select_eum,다음 漢字의 音을 <보기>에서 찾아 그 번호를 쓰세요.,萬,萬,"[""① 산"", ""② 실"", ""③ 만"", ""④ 북""]",③,만,
8급,94,2021-09-11,49,stroke,다음 漢字의 진하게 표시한 획은 몇 번째 쓰는지 <보기>에서 찾아 그 번호를 쓰세요.,,,"[""① 첫 번째"", ""② 두 번째"", ""③ 세 번째"", ""④ 네 번째"", ""⑤ 다섯 번째""]",④,네 번째,exam-strokes/stroke_8_94_49.png
8급,94,2021-09-11,50,stroke,다음 漢字의 진하게 표시한 획은 몇 번째 쓰는지 <보기>에서 찾아 그 번호를 쓰세요.,,,"[""① 첫 번째"", ""② 두 번째"", ""③ 세 번째"", ""④ 네 번째"", ""⑤ 다섯 번째""]",④,네 번째,exam-strokes/stroke_8_94_50.png
8급,95,2021-11-20,1,dokum,다음 글의 ( ) 안에 있는 漢字의 讀音을 쓰세요.,(外),外,,외,외,
8급,95,2021-11-20,2,dokum,다음 글의 ( ) 안에 있는 漢字의 讀音을 쓰세요.,(三),三,,삼,삼,
8급,95,2021-11-20,3,dokum,다음 글의 ( ) 안에 있는 漢字의 讀音을 쓰세요.,(寸)은,寸,,촌,촌,
8급,95,2021-11-20,4,dokum,다음 글의 ( ) 안에 있는 漢字의 讀音을 쓰세요.,올해 (二),二,,이,이,
8급,95,2021-11-20,5,dokum,다음 글의 ( ) 안에 있는 漢字의 讀音을 쓰세요.,(月),月,,월,월,
8급,95,2021-11-20,6,dokum,다음 글의 ( ) 안에 있는 漢字의 讀音을 쓰세요.,(四),四,,사,사,
8급,95,2021-11-20,7,dokum,다음 글의 ( ) 안에 있는 漢字의 讀音을 쓰세요.,(日)에,日,,일,일,
8급,95,2021-11-20,8,dokum,다음 글의 ( ) 안에 있는 漢字의 讀音을 쓰세요.,(大),大,,대,대,
8급,95,2021-11-20,9,dokum,다음 글의 ( ) 안에 있는 漢字의 讀音을 쓰세요.,(學),學,,학,학,
8급,95,2021-11-20,10,dokum,다음 글의 ( ) 안에 있는 漢字의 讀音을 쓰세요.,(校)를 졸업했습니다,校,,교,교,
8급,95,2021-11-20,11,select_hanja,다음 훈이나 음에 알맞은 漢字를 <보기>에서 찾아 그 번호를 쓰세요.,문,문,"[""① 年"", ""② 敎"", ""③ 五"", ""④ 南"", ""⑤ 金"", ""⑥ 長"", ""⑦ 門"", ""⑧ 國"", ""⑨ 王"", ""⑩ 生""]",⑦,門,
8급,95,2021-11-20,12,select_hanja,다음 훈이나 음에 알맞은 漢字를 <보기>에서 찾아 그 번호를 쓰세요.,나라,나라,"[""① 年"", ""② 敎"", ""③ 五"", ""④ 南"", ""⑤ 金"", ""⑥ 長"", ""⑦ 門"", ""⑧ 國"", ""⑨ 王"", ""⑩ 生""]",⑧,國,
8급,95,2021-11-20,13,select_hanja,다음 훈이나 음에 알맞은 漢字를 <보기>에서 찾아 그 번호를 쓰세요.,교,교,"[""① 年"", ""② 敎"", ""③ 五"", ""④ 南"", ""⑤ 金"", ""⑥ 長"", ""⑦ 門"", ""⑧ 國"", ""⑨ 王"", ""⑩ 生""]",②,敎,
8급,95,2021-11-20,14,select_hanja,다음 훈이나 음에 알맞은 漢字를 <보기>에서 찾아 그 번호를 쓰세요.,임금,임금,"[""① 年"", ""② 敎"", ""③ 五"", ""④ 南"", ""⑤ 金"", ""⑥ 長"", ""⑦ 門"", ""⑧ 國"", ""⑨ 王"", ""⑩ 生""]",⑨,王,
8급,95,2021-11-20,15,select_hanja,다음 훈이나 음에 알맞은 漢字를 <보기>에서 찾아 그 번호를 쓰세요.,긴,긴,"[""① 年"", ""② 敎"", ""③ 五"", ""④ 南"", ""⑤ 金"", ""⑥ 長"", ""⑦ 門"", ""⑧ 國"", ""⑨ 王"", ""⑩ 生""]",⑥,長,
8급,95,2021-11-20,16,select_hanja,다음 훈이나 음에 알맞은 漢字를 <보기>에서 찾아 그 번호를 쓰세요.,오,오,"[""① 年"", ""② 敎"", ""③ 五"", ""④ 南"", ""⑤ 金"", ""⑥ 長"", ""⑦ 門"", ""⑧ 國"", ""⑨ 王"", ""⑩ 生""]",③,五,
8급,95,2021-11-20,17,select_hanja,다음 훈이나 음에 알맞은 漢字를 <보기>에서 찾아 그 번호를 쓰세요.,남,남,"[""① 年"", ""② 敎"", ""③ 五"", ""④ 南"", ""⑤ 金"", ""⑥ 長"", ""⑦ 門"", ""⑧ 國"", ""⑨ 王"", ""⑩ 生""]",④,南,
8급,95,2021-11-20,18,select_hanja,다음 훈이나 음에 알맞은 漢字를 <보기>에서 찾아 그 번호를 쓰세요.,날,날,"[""① 年"", ""② 敎"", ""③ 五"", ""④ 南"", ""⑤ 金"", ""⑥ 長"", ""⑦ 門"", ""⑧ 國"", ""⑨ 王"", ""⑩ 生""]",⑩,生,
8급,95,2021-11-20,19,select_hanja,다음 훈이나 음에 알맞은 漢字를 <보기>에서 찾아 그 번호를 쓰세요.,년,년,"[""① 年"", ""② 敎"", ""③ 五"", ""④ 南"", ""⑤ 金"", ""⑥ 長"", ""⑦ 門"", ""⑧ 國"", ""⑨ 王"", ""⑩ 生""]",①,年,
8급,95,2021-11-20,20,select_hanja,다음 훈이나 음에 알맞은 漢字를 <보기>에서 찾아 그 번호를 쓰세요.,금,금,"[""① 年"", ""② 敎"", ""③ 五"", ""④ 南"", ""⑤ 金"", ""⑥ 長"", ""⑦ 門"", ""⑧ 國"", ""⑨ 王"", ""⑩ 生""]",⑤,金,
8급,95,2021-11-20,21,select_hanja,다음 밑줄 친 말에 해당하는 漢字를 <보기>에서 찾아 그 번호를 쓰세요.,물고기 여섯 마리를 낚 아 올렸습니다,여섯,"[""① 室"", ""② 人"", ""③ 西"", ""④ 九"", ""⑤ 六"", ""⑥ 土"", ""⑦ 木"", ""⑧ 中"", ""⑨ 八"", ""⑩ 山""]",⑤,六,
8급,95,2021-11-20,22,select_hanja,다음 밑줄 친 말에 해당하는 漢字를 <보기>에서 찾아 그 번호를 쓰세요.,옷에 묻은 흙을 털어냅 니다,흙,"[""① 室"", ""② 人"", ""③ 西"", ""④ 九"", ""⑤ 六"", ""⑥ 土"", ""⑦ 木"", ""⑧ 中"", ""⑨ 八"", ""⑩ 山""]",⑥,土,
8급,95,2021-11-20,23,select_hanja,다음 밑줄 친 말에 해당하는 漢字를 <보기>에서 찾아 그 번호를 쓰세요.,이 방은 햇볕이 잘 들어 옵니다,방은,"[""① 室"", ""② 人"", ""③ 西"", ""④ 九"", ""⑤ 六"", ""⑥ 土"", ""⑦ 木"", ""⑧ 中"", ""⑨ 八"", ""⑩ 山""]",①,室,
8급,95,2021-11-20,24,select_hanja,다음 밑줄 친 말에 해당하는 漢字를 <보기>에서 찾아 그 번호를 쓰세요.,문구점에서 공책 여덟 권을 샀습니다,여덟,"[""① 室"", ""② 人"", ""③ 西"", ""④ 九"", ""⑤ 六"", ""⑥ 土"", ""⑦ 木"", ""⑧ 中"", ""⑨ 八"", ""⑩ 山""]",⑨,八,
8급,95,2021-11-20,25,select_hanja,다음 밑줄 친 말에 해당하는 漢字를 <보기>에서 찾아 그 번호를 쓰세요.,여러 개 구슬 가운데 하 나를 골랐습니다,가운데,"[""① 室"", ""② 人"", ""③ 西"", ""④ 九"", ""⑤ 六"", ""⑥ 土"", ""⑦ 木"", ""⑧ 中"", ""⑨ 八"", ""⑩ 山""]",⑧,中,
8급,95,2021-11-20,26,select_hanja,다음 밑줄 친 말에 해당하는 漢字를 <보기>에서 찾아 그 번호를 쓰세요.,둘레길 따라 산길을 걷 습니다,산,"[""① 室"", ""② 人"", ""③ 西"", ""④ 九"", ""⑤ 六"", ""⑥ 土"", ""⑦ 木"", ""⑧ 中"", ""⑨ 八"", ""⑩ 山""]",⑩,山,
8급,95,2021-11-20,27,select_hanja,다음 밑줄 친 말에 해당하는 漢字를 <보기>에서 찾아 그 번호를 쓰세요.,꽃나무 한 그루를 마당 에 옮겨 심습니다,나무,"[""① 室"", ""② 人"", ""③ 西"", ""④ 九"", ""⑤ 六"", ""⑥ 土"", ""⑦ 木"", ""⑧ 中"", ""⑨ 八"", ""⑩ 山""]",⑦,木,
8급,95,2021-11-20,28,select_hanja,다음 밑줄 친 말에 해당하는 漢字를 <보기>에서 찾아 그 번호를 쓰세요.,벌써 아홉 시입니다,아홉,"[""① 室"", ""② 人"", ""③ 西"", ""④ 九"", ""⑤ 六"", ""⑥ 土"", ""⑦ 木"", ""⑧ 中"", ""⑨ 八"", ""⑩ 山""]",④,九,
8급,95,2021-11-20,29,select_hanja,다음 밑줄 친 말에 해당하는 漢字를 <보기>에서 찾아 그 번호를 쓰세요.,두 사람이 한 조입니다,사람,"[""① 室"", ""② 人"", ""③ 西"", ""④ 九"", ""⑤ 六"", ""⑥ 土"", ""⑦ 木"", ""⑧ 中"", ""⑨ 八"", ""⑩ 山""]",②,人,
8급,95,2021-11-20,30,select_hanja,다음 밑줄 친 말에 해당하는 漢字를 <보기>에서 찾아 그 번호를 쓰세요.,해가 지면서 서쪽 하늘 이 붉어집니다,서,"[""① 室"", ""② 人"", ""③ 西"", ""④ 九"", ""⑤ 六"", ""⑥ 土"", ""⑦ 木"", ""⑧ 中"", ""⑨ 八"", ""⑩ 山""]",③,西,
8급,95,2021-11-20,31,hunum,다음 漢字의 訓과 音을 쓰세요.,白,白,,흰 백,흰 백,
8급,95,2021-11-20,32,hunum,다음 漢字의 訓과 音을 쓰세요.,軍,軍,,군사 군,군사 군,
8급,95,2021-11-20,33,hunum,다음 漢字의 訓과 音을 쓰세요.,東,東,,동녘 동,동녘 동,
8급,95,2021-11-20,34,hunum,다음 漢字의 訓과 音을 쓰세요.,民,民,,백성 민,백성 민,
8급,95,2021-11-20,35,hunum,다음 漢字의 訓과 音을 쓰세요.,十,十,,열 십,열 십,
8급,95,2021-11-20,36,hunum,다음 漢字의 訓과 音을 쓰세요.,水,水,,물 수,물 수,
8급,95,2021-11-20,37,hunum,다음 漢字의 訓과 音을 쓰세요.,韓,韓,,한국/나라 한,한국/나라 한,
8급,95,2021-11-20,38,hunum,다음 漢字의 訓과 音을 쓰세요.,小,小,,작을 소,작을 소,
8급,95,2021-11-20,39,hunum,다음 漢字의 訓과 音을 쓰세요.,先,先,,먼저 선,먼저 선,
8급,95,2021-11-20,40,hunum,다음 漢字의 訓과 音을 쓰세요.,兄,兄,,형 형,형 형,
8급,95,2021-11-20,41,select_hun,다음 漢字의 訓을 <보기>에서 찾아 그 번호를 쓰세요.,火,火,"[""① 아우"", ""② 불"", ""③ 일곱"", ""④ 푸를""]",②,불,
8급,95,2021-11-20,42,select_hun,다음 漢字의 訓을 <보기>에서 찾아 그 번호를 쓰세요.,七,七,"[""① 아우"", ""② 불"", ""③ 일곱"", ""④ 푸를""]",③,일곱,
8급,95,2021-11-20,43,select_hun,다음 漢字의 訓을 <보기>에서 찾아 그 번호를 쓰세요.,靑,靑,"[""① 아우"", ""② 불"", ""③ 일곱"", ""④ 푸를""]",④,푸를,
8급,95,2021-11-20,44,select_hun,다음 漢字의 訓을 <보기>에서 찾아 그 번호를 쓰세요.,弟,弟,"[""① 아우"", ""② 불"", ""③ 일곱"", ""④ 푸를""]",①,아우,
8급,95,2021-11-20,45,select_eum,다음 漢字의 音을 <보기>에서 찾아 그 번호를 쓰세요.,母,母,"[""① 녀"", ""② 일"", ""③ 만"", ""④ 모""]",④,모,
8급,95,2021-11-20,46,select_eum,다음 漢字의 音을 <보기>에서 찾아 그 번호를 쓰세요.,一,一,"[""① 녀"", ""② 일"", ""③ 만"", ""④ 모""]",②,일,
8급,95,2021-11-20,47,select_eum,다음 漢字의 音을 <보기>에서 찾아 그 번호를 쓰세요.,女,女,"[""① 녀"", ""② 일"", ""③ 만"", ""④ 모""]",①,녀,
8급,95,2021-11-20,48,select_eum,다음 漢字의 音을 <보기>에서 찾아 그 번호를 쓰세요.,萬,萬,"[""① 녀"", ""② 일"", ""③ 만"", ""④ 모""]",③,만,
8급,95,2021-11-20,49,stroke,다음 漢字의 진하게 표시한 획은 몇 번째 쓰는지 <보기>에서 찾아 그 번호를 쓰세요.,,,"[""① 첫 번째"", ""② 두 번째"", ""③ 세 번째"", ""④ 네 번째"", ""⑤ 다섯 번째"", ""⑥ 여섯 번째"", ""⑦ 일곱 번째"", ""⑧ 여덟 번째"", ""⑨ 아홉 번째"", ""⑩ 열 번째""]",④,네 번째,exam-strokes/stroke_8_95_49.png
8급,95,2021-11-20,50,stroke,다음 漢字의 진하게 표시한 획은 몇 번째 쓰는지 <보기>에서 찾아 그 번호를 쓰세요.,,,"[""① 첫 번째"", ""② 두 번째"", ""③ 세 번째"", ""④ 네 번째"", ""⑤ 다섯 번째"", ""⑥ 여섯 번째"", ""⑦ 일곱 번째"", ""⑧ 여덟 번째"", ""⑨ 아홉 번째"", ""⑩ 열 번째""]",④,네 번째,exam-strokes/stroke_8_95_50.png
8급,96,2022-02-26,1,dokum,다음 글의 ( ) 안에 있는 漢字의 讀音을 쓰세요.,(一),一,,일,일,
8급,96,2022-02-26,2,dokum,다음 글의 ( ) 안에 있는 漢字의 讀音을 쓰세요.,(二),二,,이,이,
8급,96,2022-02-26,3,dokum,다음 글의 ( ) 안에 있는 漢字의 讀音을 쓰세요.,(三),三,,삼,삼,
8급,96,2022-02-26,4,dokum,다음 글의 ( ) 안에 있는 漢字의 讀音을 쓰세요.,(學),學,,학,학,
8급,96,2022-02-26,5,dokum,다음 글의 ( ) 안에 있는 漢字의 讀音을 쓰세요.,(年),年,,년,년,
8급,96,2022-02-26,6,dokum,다음 글의 ( ) 안에 있는 漢字의 讀音을 쓰세요.,학(生)들이,生,,생,생,
8급,96,2022-02-26,7,dokum,다음 글의 ( ) 안에 있는 漢字의 讀音을 쓰세요.,(月)요일,月,,월,월,
8급,96,2022-02-26,8,dokum,다음 글의 ( ) 안에 있는 漢字의 讀音을 쓰세요.,(先)생님을 따라,先,,선,선,
8급,96,2022-02-26,9,dokum,다음 글의 ( ) 안에 있는 漢字의 讀音을 쓰세요.,(敎),敎,,교,교,
8급,96,2022-02-26,10,dokum,다음 글의 ( ) 안에 있는 漢字의 讀音을 쓰세요.,(室)에 들어갔습니다,室,,실,실,
8급,96,2022-02-26,11,select_hanja,다음 훈이나 음에 알맞은 漢字를 <보기>에서 찾아 그 번호를 쓰세요.,문,문,"[""① 門"", ""② 火"", ""③ 東"", ""④ 韓"", ""⑤ 九"", ""⑥ 靑"", ""⑦ 寸"", ""⑧ 外"", ""⑨ 七"", ""⑩ 弟""]",①,門,
8급,96,2022-02-26,12,select_hanja,다음 훈이나 음에 알맞은 漢字를 <보기>에서 찾아 그 번호를 쓰세요.,화,화,"[""① 門"", ""② 火"", ""③ 東"", ""④ 韓"", ""⑤ 九"", ""⑥ 靑"", ""⑦ 寸"", ""⑧ 外"", ""⑨ 七"", ""⑩ 弟""]",②,火,
8급,96,2022-02-26,13,select_hanja,다음 훈이나 음에 알맞은 漢字를 <보기>에서 찾아 그 번호를 쓰세요.,외,외,"[""① 門"", ""② 火"", ""③ 東"", ""④ 韓"", ""⑤ 九"", ""⑥ 靑"", ""⑦ 寸"", ""⑧ 外"", ""⑨ 七"", ""⑩ 弟""]",⑧,外,
8급,96,2022-02-26,14,select_hanja,다음 훈이나 음에 알맞은 漢字를 <보기>에서 찾아 그 번호를 쓰세요.,한국/나라,한국/나라,"[""① 門"", ""② 火"", ""③ 東"", ""④ 韓"", ""⑤ 九"", ""⑥ 靑"", ""⑦ 寸"", ""⑧ 外"", ""⑨ 七"", ""⑩ 弟""]",④,韓,
8급,96,2022-02-26,15,select_hanja,다음 훈이나 음에 알맞은 漢字를 <보기>에서 찾아 그 번호를 쓰세요.,동녘,동녘,"[""① 門"", ""② 火"", ""③ 東"", ""④ 韓"", ""⑤ 九"", ""⑥ 靑"", ""⑦ 寸"", ""⑧ 外"", ""⑨ 七"", ""⑩ 弟""]",③,東,
8급,96,2022-02-26,16,select_hanja,다음 훈이나 음에 알맞은 漢字를 <보기>에서 찾아 그 번호를 쓰세요.,마디,마디,"[""① 門"", ""② 火"", ""③ 東"", ""④ 韓"", ""⑤ 九"", ""⑥ 靑"", ""⑦ 寸"", ""⑧ 外"", ""⑨ 七"", ""⑩ 弟""]",⑦,寸,
8급,96,2022-02-26,17,select_hanja,다음 훈이나 음에 알맞은 漢字를 <보기>에서 찾아 그 번호를 쓰세요.,푸를,푸를,"[""① 門"", ""② 火"", ""③ 東"", ""④ 韓"", ""⑤ 九"", ""⑥ 靑"", ""⑦ 寸"", ""⑧ 外"", ""⑨ 七"", ""⑩ 弟""]",⑥,靑,
8급,96,2022-02-26,18,select_hanja,다음 훈이나 음에 알맞은 漢字를 <보기>에서 찾아 그 번호를 쓰세요.,아홉,아홉,"[""① 門"", ""② 火"", ""③ 東"", ""④ 韓"", ""⑤ 九"", ""⑥ 靑"", ""⑦ 寸"", ""⑧ 外"", ""⑨ 七"", ""⑩ 弟""]",⑤,九,
8급,96,2022-02-26,19,select_hanja,다음 훈이나 음에 알맞은 漢字를 <보기>에서 찾아 그 번호를 쓰세요.,일곱,일곱,"[""① 門"", ""② 火"", ""③ 東"", ""④ 韓"", ""⑤ 九"", ""⑥ 靑"", ""⑦ 寸"", ""⑧ 外"", ""⑨ 七"", ""⑩ 弟""]",⑨,七,
8급,96,2022-02-26,20,select_hanja,다음 훈이나 음에 알맞은 漢字를 <보기>에서 찾아 그 번호를 쓰세요.,아우,아우,"[""① 門"", ""② 火"", ""③ 東"", ""④ 韓"", ""⑤ 九"", ""⑥ 靑"", ""⑦ 寸"", ""⑧ 外"", ""⑨ 七"", ""⑩ 弟""]",⑩,弟,
8급,96,2022-02-26,21,select_hanja,다음 밑줄 친 말에 해당하는 漢字를 <보기>에서 찾아 그 번호를 쓰세요.,봄이 되자 나무에서 새 잎이 돋아납니다,나무,"[""① 木"", ""② 南"", ""③ 萬"", ""④ 軍"", ""⑤ 王"", ""⑥ 人"", ""⑦ 土"", ""⑧ 金"", ""⑨ 兄"", ""⑩ 民""]",①,木,
8급,96,2022-02-26,22,select_hanja,다음 밑줄 친 말에 해당하는 漢字를 <보기>에서 찾아 그 번호를 쓰세요.,형은 나보다 키가 큽니 다,형,"[""① 木"", ""② 南"", ""③ 萬"", ""④ 軍"", ""⑤ 王"", ""⑥ 人"", ""⑦ 土"", ""⑧ 金"", ""⑨ 兄"", ""⑩ 民""]",⑨,兄,
8급,96,2022-02-26,23,select_hanja,다음 밑줄 친 말에 해당하는 漢字를 <보기>에서 찾아 그 번호를 쓰세요.,백성들이 많은 나라가 있었습니다,백성,"[""① 木"", ""② 南"", ""③ 萬"", ""④ 軍"", ""⑤ 王"", ""⑥ 人"", ""⑦ 土"", ""⑧ 金"", ""⑨ 兄"", ""⑩ 民""]",⑩,民,
8급,96,2022-02-26,24,select_hanja,다음 밑줄 친 말에 해당하는 漢字를 <보기>에서 찾아 그 번호를 쓰세요.,우리 반에는 성이 김 씨 인 친구들이 많습니다,성,"[""① 木"", ""② 南"", ""③ 萬"", ""④ 軍"", ""⑤ 王"", ""⑥ 人"", ""⑦ 土"", ""⑧ 金"", ""⑨ 兄"", ""⑩ 民""]",⑧,金,
8급,96,2022-02-26,25,select_hanja,다음 밑줄 친 말에 해당하는 漢字를 <보기>에서 찾아 그 번호를 쓰세요.,장군이 군사들을 지휘합 니다,군사,"[""① 木"", ""② 南"", ""③ 萬"", ""④ 軍"", ""⑤ 王"", ""⑥ 人"", ""⑦ 土"", ""⑧ 金"", ""⑨ 兄"", ""⑩ 民""]",④,軍,
8급,96,2022-02-26,26,select_hanja,다음 밑줄 친 말에 해당하는 漢字를 <보기>에서 찾아 그 번호를 쓰세요.,남녘 하늘부터 환하게 개이기 시작했습니다,남,"[""① 木"", ""② 南"", ""③ 萬"", ""④ 軍"", ""⑤ 王"", ""⑥ 人"", ""⑦ 土"", ""⑧ 金"", ""⑨ 兄"", ""⑩ 民""]",②,南,
8급,96,2022-02-26,27,select_hanja,다음 밑줄 친 말에 해당하는 漢字를 <보기>에서 찾아 그 번호를 쓰세요.,새해를 맞아 사람들이 바닷가로 갔습니다,사람,"[""① 木"", ""② 南"", ""③ 萬"", ""④ 軍"", ""⑤ 王"", ""⑥ 人"", ""⑦ 土"", ""⑧ 金"", ""⑨ 兄"", ""⑩ 民""]",⑥,人,
8급,96,2022-02-26,28,select_hanja,다음 밑줄 친 말에 해당하는 漢字를 <보기>에서 찾아 그 번호를 쓰세요.,흙을 높이 쌓아 성을 만 들었습니다,흙,"[""① 木"", ""② 南"", ""③ 萬"", ""④ 軍"", ""⑤ 王"", ""⑥ 人"", ""⑦ 土"", ""⑧ 金"", ""⑨ 兄"", ""⑩ 民""]",⑦,土,
8급,96,2022-02-26,29,select_hanja,다음 밑줄 친 말에 해당하는 漢字를 <보기>에서 찾아 그 번호를 쓰세요.,임금님의 귀는 당나귀 귀처럼 커져갔습니다,임금,"[""① 木"", ""② 南"", ""③ 萬"", ""④ 軍"", ""⑤ 王"", ""⑥ 人"", ""⑦ 土"", ""⑧ 金"", ""⑨ 兄"", ""⑩ 民""]",⑤,王,
8급,96,2022-02-26,30,select_hanja,다음 밑줄 친 말에 해당하는 漢字를 <보기>에서 찾아 그 번호를 쓰세요.,축구 경기장에 일만 명 이 모였습니다,만,"[""① 木"", ""② 南"", ""③ 萬"", ""④ 軍"", ""⑤ 王"", ""⑥ 人"", ""⑦ 土"", ""⑧ 金"", ""⑨ 兄"", ""⑩ 民""]",③,萬,
8급,96,2022-02-26,31,hunum,다음 漢字의 訓과 音을 쓰세요.,八,八,,여덟 팔,여덟 팔,
8급,96,2022-02-26,32,hunum,다음 漢字의 訓과 音을 쓰세요.,女,女,,계집 녀,계집 녀,
8급,96,2022-02-26,33,hunum,다음 漢字의 訓과 音을 쓰세요.,中,中,,가운데 중,가운데 중,
8급,96,2022-02-26,34,hunum,다음 漢字의 訓과 音을 쓰세요.,母,母,,어미 모,어미 모,
8급,96,2022-02-26,35,hunum,다음 漢字의 訓과 音을 쓰세요.,六,六,,여섯 륙,여섯 륙,
8급,96,2022-02-26,36,hunum,다음 漢字의 訓과 音을 쓰세요.,山,山,,메 산,메 산,
8급,96,2022-02-26,37,hunum,다음 漢字의 訓과 音을 쓰세요.,大,大,,큰 대,큰 대,
8급,96,2022-02-26,38,hunum,다음 漢字의 訓과 音을 쓰세요.,小,小,,작을 소,작을 소,
8급,96,2022-02-26,39,hunum,다음 漢字의 訓과 音을 쓰세요.,十,十,,열 십,열 십,
8급,96,2022-02-26,40,hunum,다음 漢字의 訓과 音을 쓰세요.,水,水,,물 수,물 수,
8급,96,2022-02-26,41,select_hun,다음 漢字의 訓을 <보기>에서 찾아 그 번호를 쓰세요.,北,北,"[""① 날"", ""② 흰"", ""③ 북녘"", ""④ 국""]",③,북녘,
8급,96,2022-02-26,42,select_hun,다음 漢字의 訓을 <보기>에서 찾아 그 번호를 쓰세요.,國,國,"[""① 날"", ""② 흰"", ""③ 북녘"", ""④ 국""]",④,국,
8급,96,2022-02-26,43,select_hun,다음 漢字의 訓을 <보기>에서 찾아 그 번호를 쓰세요.,白,白,"[""① 날"", ""② 흰"", ""③ 북녘"", ""④ 국""]",②,흰,
8급,96,2022-02-26,44,select_hun,다음 漢字의 訓을 <보기>에서 찾아 그 번호를 쓰세요.,日,日,"[""① 날"", ""② 흰"", ""③ 북녘"", ""④ 국""]",①,날,
8급,96,2022-02-26,45,select_eum,다음 漢字의 音을 <보기>에서 찾아 그 번호를 쓰세요.,父,父,"[""① 부"", ""② 서"", ""③ 오"", ""④ 사""]",①,부,
8급,96,2022-02-26,46,select_eum,다음 漢字의 音을 <보기>에서 찾아 그 번호를 쓰세요.,西,西,"[""① 부"", ""② 서"", ""③ 오"", ""④ 사""]",②,서,
8급,96,2022-02-26,47,select_eum,다음 漢字의 音을 <보기>에서 찾아 그 번호를 쓰세요.,五,五,"[""① 부"", ""② 서"", ""③ 오"", ""④ 사""]",③,오,
8급,96,2022-02-26,48,select_eum,다음 漢字의 音을 <보기>에서 찾아 그 번호를 쓰세요.,四,四,"[""① 부"", ""② 서"", ""③ 오"", ""④ 사""]",④,사,
8급,96,2022-02-26,49,stroke,다음 漢字의 진하게 표시한 획은 몇 번째 쓰는지 <보기>에서 찾아 그 번호를 쓰세요.,,,"[""① 첫 번째"", ""② 두 번째"", ""③ 세 번째"", ""④ 네 번째"", ""⑤ 다섯 번째"", ""⑥ 여섯 번째"", ""⑦ 일곱 번째"", ""⑧ 여덟 번째"", ""⑨ 아홉 번째"", ""⑩ 열 번째""]",⑧,여덟 번째,exam-strokes/stroke_8_96_49.png
8급,96,2022-02-26,50,stroke,다음 漢字의 진하게 표시한 획은 몇 번째 쓰는지 <보기>에서 찾아 그 번호를 쓰세요.,,,"[""① 첫 번째"", ""② 두 번째"", ""③ 세 번째"", ""④ 네 번째"", ""⑤ 다섯 번째"", ""⑥ 여섯 번째"", ""⑦ 일곱 번째"", ""⑧ 여덟 번째"", ""⑨ 아홉 번째"", ""⑩ 열 번째""]",⑦,일곱 번째,exam-strokes/stroke_8_96_50.png
8급,97,2022-05-28,1,dokum,다음 글의 ( ) 안에 있는 漢字의 讀音을 쓰세요.,조선 (王)조의,王,,왕,왕,
8급,97,2022-05-28,2,dokum,다음 글의 ( ) 안에 있는 漢字의 讀音을 쓰세요.,(五)백,五,,오,오,
8급,97,2022-05-28,3,dokum,다음 글의 ( ) 안에 있는 漢字의 讀音을 쓰세요.,(年) 도읍지인 한양에는,年,,년,년,
8급,97,2022-05-28,4,dokum,다음 글의 ( ) 안에 있는 漢字의 讀音을 쓰세요.,(東),東,,동,동,
8급,97,2022-05-28,5,dokum,다음 글의 ( ) 안에 있는 漢字의 讀音을 쓰세요.,(西),西,,서,서,
8급,97,2022-05-28,6,dokum,다음 글의 ( ) 안에 있는 漢字의 讀音을 쓰세요.,(南),南,,남,남,
8급,97,2022-05-28,7,dokum,다음 글의 ( ) 안에 있는 漢字의 讀音을 쓰세요.,(北),北,,북,북,
8급,97,2022-05-28,8,dokum,다음 글의 ( ) 안에 있는 漢字의 讀音을 쓰세요.,(四)방에,四,,사,사,
8급,97,2022-05-28,9,dokum,다음 글의 ( ) 안에 있는 漢字의 讀音을 쓰세요.,(大),大,,대,대,
8급,97,2022-05-28,10,dokum,다음 글의 ( ) 안에 있는 漢字의 讀音을 쓰세요.,(門)을 두었습니다,門,,문,문,
8급,97,2022-05-28,11,select_hanja,다음 훈이나 음에 알맞은 漢字를 <보기>에서 찾아 그 번호를 쓰세요.,륙,륙,"[""① 日"", ""② 弟"", ""③ 六"", ""④ 九"", ""⑤ 寸"", ""⑥ 水"", ""⑦ 三"", ""⑧ 二"", ""⑨ 七"", ""⑩ 中""]",③,六,
8급,97,2022-05-28,12,select_hanja,다음 훈이나 음에 알맞은 漢字를 <보기>에서 찾아 그 번호를 쓰세요.,이,이,"[""① 日"", ""② 弟"", ""③ 六"", ""④ 九"", ""⑤ 寸"", ""⑥ 水"", ""⑦ 三"", ""⑧ 二"", ""⑨ 七"", ""⑩ 中""]",⑧,二,
8급,97,2022-05-28,13,select_hanja,다음 훈이나 음에 알맞은 漢字를 <보기>에서 찾아 그 번호를 쓰세요.,일,일,"[""① 日"", ""② 弟"", ""③ 六"", ""④ 九"", ""⑤ 寸"", ""⑥ 水"", ""⑦ 三"", ""⑧ 二"", ""⑨ 七"", ""⑩ 中""]",①,日,
8급,97,2022-05-28,14,select_hanja,다음 훈이나 음에 알맞은 漢字를 <보기>에서 찾아 그 번호를 쓰세요.,구,구,"[""① 日"", ""② 弟"", ""③ 六"", ""④ 九"", ""⑤ 寸"", ""⑥ 水"", ""⑦ 三"", ""⑧ 二"", ""⑨ 七"", ""⑩ 中""]",④,九,
8급,97,2022-05-28,15,select_hanja,다음 훈이나 음에 알맞은 漢字를 <보기>에서 찾아 그 번호를 쓰세요.,물,물,"[""① 日"", ""② 弟"", ""③ 六"", ""④ 九"", ""⑤ 寸"", ""⑥ 水"", ""⑦ 三"", ""⑧ 二"", ""⑨ 七"", ""⑩ 中""]",⑥,水,
8급,97,2022-05-28,16,select_hanja,다음 훈이나 음에 알맞은 漢字를 <보기>에서 찾아 그 번호를 쓰세요.,촌,촌,"[""① 日"", ""② 弟"", ""③ 六"", ""④ 九"", ""⑤ 寸"", ""⑥ 水"", ""⑦ 三"", ""⑧ 二"", ""⑨ 七"", ""⑩ 中""]",⑤,寸,
8급,97,2022-05-28,17,select_hanja,다음 훈이나 음에 알맞은 漢字를 <보기>에서 찾아 그 번호를 쓰세요.,가운데,가운데,"[""① 日"", ""② 弟"", ""③ 六"", ""④ 九"", ""⑤ 寸"", ""⑥ 水"", ""⑦ 三"", ""⑧ 二"", ""⑨ 七"", ""⑩ 中""]",⑩,中,
8급,97,2022-05-28,18,select_hanja,다음 훈이나 음에 알맞은 漢字를 <보기>에서 찾아 그 번호를 쓰세요.,일곱,일곱,"[""① 日"", ""② 弟"", ""③ 六"", ""④ 九"", ""⑤ 寸"", ""⑥ 水"", ""⑦ 三"", ""⑧ 二"", ""⑨ 七"", ""⑩ 中""]",⑨,七,
8급,97,2022-05-28,19,select_hanja,다음 훈이나 음에 알맞은 漢字를 <보기>에서 찾아 그 번호를 쓰세요.,삼,삼,"[""① 日"", ""② 弟"", ""③ 六"", ""④ 九"", ""⑤ 寸"", ""⑥ 水"", ""⑦ 三"", ""⑧ 二"", ""⑨ 七"", ""⑩ 中""]",⑦,三,
8급,97,2022-05-28,20,select_hanja,다음 훈이나 음에 알맞은 漢字를 <보기>에서 찾아 그 번호를 쓰세요.,아우,아우,"[""① 日"", ""② 弟"", ""③ 六"", ""④ 九"", ""⑤ 寸"", ""⑥ 水"", ""⑦ 三"", ""⑧ 二"", ""⑨ 七"", ""⑩ 中""]",②,弟,
8급,97,2022-05-28,21,select_hanja,다음 밑줄 친 말에 해당하는 漢字를 <보기>에서 찾아 그 번호를 쓰세요.,밤하늘에 달이 떠 있습 니다,달,"[""① 月"", ""② 靑"", ""③ 外"", ""④ 敎"", ""⑤ 先"", ""⑥ 一"", ""⑦ 民"", ""⑧ 學"", ""⑨ 父"", ""⑩ 小""]",①,月,
8급,97,2022-05-28,22,select_hanja,다음 밑줄 친 말에 해당하는 漢字를 <보기>에서 찾아 그 번호를 쓰세요.,구슬을 들여다보니 푸른 빛이 돕니다,푸른,"[""① 月"", ""② 靑"", ""③ 外"", ""④ 敎"", ""⑤ 先"", ""⑥ 一"", ""⑦ 民"", ""⑧ 學"", ""⑨ 父"", ""⑩ 小""]",②,靑,
8급,97,2022-05-28,23,select_hanja,다음 밑줄 친 말에 해당하는 漢字를 <보기>에서 찾아 그 번호를 쓰세요.,숲 속에 작은 연못이 있 습니다,작,"[""① 月"", ""② 靑"", ""③ 外"", ""④ 敎"", ""⑤ 先"", ""⑥ 一"", ""⑦ 民"", ""⑧ 學"", ""⑨ 父"", ""⑩ 小""]",⑩,小,
8급,97,2022-05-28,24,select_hanja,다음 밑줄 친 말에 해당하는 漢字를 <보기>에서 찾아 그 번호를 쓰세요.,오늘은 자전거 타는 법 을 배웠습니다,오늘은,"[""① 月"", ""② 靑"", ""③ 外"", ""④ 敎"", ""⑤ 先"", ""⑥ 一"", ""⑦ 民"", ""⑧ 學"", ""⑨ 父"", ""⑩ 小""]",⑧,學,
8급,97,2022-05-28,25,select_hanja,다음 밑줄 친 말에 해당하는 漢字를 <보기>에서 찾아 그 번호를 쓰세요.,창 밖에 눈이 내립니다,밖,"[""① 月"", ""② 靑"", ""③ 外"", ""④ 敎"", ""⑤ 先"", ""⑥ 一"", ""⑦ 民"", ""⑧ 學"", ""⑨ 父"", ""⑩ 小""]",③,外,
8급,97,2022-05-28,26,select_hanja,다음 밑줄 친 말에 해당하는 漢字를 <보기>에서 찾아 그 번호를 쓰세요.,이제 한 명 남았습니다,한,"[""① 月"", ""② 靑"", ""③ 外"", ""④ 敎"", ""⑤ 先"", ""⑥ 一"", ""⑦ 民"", ""⑧ 學"", ""⑨ 父"", ""⑩ 小""]",⑥,一,
8급,97,2022-05-28,27,select_hanja,다음 밑줄 친 말에 해당하는 漢字를 <보기>에서 찾아 그 번호를 쓰세요.,출장 가신 아버지께 전 화를 드렸습니다,아버지,"[""① 月"", ""② 靑"", ""③ 外"", ""④ 敎"", ""⑤ 先"", ""⑥ 一"", ""⑦ 民"", ""⑧ 學"", ""⑨ 父"", ""⑩ 小""]",⑨,父,
8급,97,2022-05-28,28,select_hanja,다음 밑줄 친 말에 해당하는 漢字를 <보기>에서 찾아 그 번호를 쓰세요.,용감한 백성들의 도움으 로 성을 구했습니다,백성,"[""① 月"", ""② 靑"", ""③ 外"", ""④ 敎"", ""⑤ 先"", ""⑥ 一"", ""⑦ 民"", ""⑧ 學"", ""⑨ 父"", ""⑩ 小""]",⑦,民,
8급,97,2022-05-28,29,select_hanja,다음 밑줄 친 말에 해당하는 漢字를 <보기>에서 찾아 그 번호를 쓰세요.,제가 먼저 달렸습니다,먼저,"[""① 月"", ""② 靑"", ""③ 外"", ""④ 敎"", ""⑤ 先"", ""⑥ 一"", ""⑦ 民"", ""⑧ 學"", ""⑨ 父"", ""⑩ 小""]",⑤,先,
8급,97,2022-05-28,30,select_hanja,다음 밑줄 친 말에 해당하는 漢字를 <보기>에서 찾아 그 번호를 쓰세요.,이모는 아이들에게 영어 를 가르치십니다,가르치,"[""① 月"", ""② 靑"", ""③ 外"", ""④ 敎"", ""⑤ 先"", ""⑥ 一"", ""⑦ 民"", ""⑧ 學"", ""⑨ 父"", ""⑩ 小""]",④,敎,
8급,97,2022-05-28,31,hunum,다음 漢字의 訓과 音을 쓰세요.,軍,軍,,군사 군,군사 군,
8급,97,2022-05-28,32,hunum,다음 漢字의 訓과 音을 쓰세요.,校,校,,"학교 교/ 향교, , 학궁, 학당, 글방, 겨눌,","학교 교/ 향교, , 학궁, 학당, 글방, 겨눌,",
8급,97,2022-05-28,33,hunum,다음 漢字의 訓과 音을 쓰세요.,土,土,,흙 토,흙 토,
8급,97,2022-05-28,34,hunum,다음 漢字의 訓과 音을 쓰세요.,兄,兄,,형 형,형 형,
8급,97,2022-05-28,35,hunum,다음 漢字의 訓과 音을 쓰세요.,母,母,,어미 모,어미 모,
8급,97,2022-05-28,36,hunum,다음 漢字의 訓과 音을 쓰세요.,長,長,,"긴 장/ 길, 어른,매양, 길이, 자랄, 항상,","긴 장/ 길, 어른,매양, 길이, 자랄, 항상,",
8급,97,2022-05-28,37,hunum,다음 漢字의 訓과 音을 쓰세요.,八,八,,여덟 팔,여덟 팔,
8급,97,2022-05-28,38,hunum,다음 漢字의 訓과 音을 쓰세요.,白,白,,"흰 백/ 흰빛, 흴, 희어질, 밝을, 밝게할,","흰 백/ 흰빛, 흴, 희어질, 밝을, 밝게할,",
8급,97,2022-05-28,39,hunum,다음 漢字의 訓과 音을 쓰세요.,國,國,,나라 국,나라 국,
8급,97,2022-05-28,40,hunum,다음 漢字의 訓과 音을 쓰세요.,生,生,,"날 생/ 태어날, 낳을, 해산할, 생산할,","날 생/ 태어날, 낳을, 해산할, 생산할,",
8급,97,2022-05-28,41,select_hun,다음 漢字의 訓을 <보기>에서 찾아 그 번호를 쓰세요.,室,室,"[""① 집"", ""② 쇠/성"", ""③ 사람"", ""④ 일만""]",①,집,
8급,97,2022-05-28,42,select_hun,다음 漢字의 訓을 <보기>에서 찾아 그 번호를 쓰세요.,萬,萬,"[""① 집"", ""② 쇠/성"", ""③ 사람"", ""④ 일만""]",④,일만,
8급,97,2022-05-28,43,select_hun,다음 漢字의 訓을 <보기>에서 찾아 그 번호를 쓰세요.,金,金,"[""① 집"", ""② 쇠/성"", ""③ 사람"", ""④ 일만""]",②,쇠/성,
8급,97,2022-05-28,44,select_hun,다음 漢字의 訓을 <보기>에서 찾아 그 번호를 쓰세요.,人,人,"[""① 집"", ""② 쇠/성"", ""③ 사람"", ""④ 일만""]",③,사람,
8급,97,2022-05-28,45,select_eum,다음 漢字의 音을 <보기>에서 찾아 그 번호를 쓰세요.,木,木,"[""① 한"", ""② 십"", ""③ 목"", ""④ 화""]",③,목,
8급,97,2022-05-28,46,select_eum,다음 漢字의 音을 <보기>에서 찾아 그 번호를 쓰세요.,火,火,"[""① 한"", ""② 십"", ""③ 목"", ""④ 화""]",④,화,
8급,97,2022-05-28,47,select_eum,다음 漢字의 音을 <보기>에서 찾아 그 번호를 쓰세요.,十,十,"[""① 한"", ""② 십"", ""③ 목"", ""④ 화""]",②,십,
8급,97,2022-05-28,48,select_eum,다음 漢字의 音을 <보기>에서 찾아 그 번호를 쓰세요.,韓,韓,"[""① 한"", ""② 십"", ""③ 목"", ""④ 화""]",①,한,
8급,97,2022-05-28,49,stroke,다음 漢字의 진하게 표시한 획은 몇 번째 쓰는지 <보기>에서 찾아 그 번호를 쓰세요.,,,"[""① 첫 번째"", ""② 두 번째"", ""③ 세 번째"", ""④ 네 번째""]",②,두 번째,exam-strokes/stroke_8_97_49.png
8급,97,2022-05-28,50,stroke,다음 漢字의 진하게 표시한 획은 몇 번째 쓰는지 <보기>에서 찾아 그 번호를 쓰세요.,,,"[""① 첫 번째"", ""② 두 번째"", ""③ 세 번째"", ""④ 네 번째""]",③,세 번째,exam-strokes/stroke_8_97_50.png
8급,98,2022-08-27,1,dokum,다음 글의 ( ) 안에 있는 漢字의 讀音을 쓰세요.,(父),父,,부,부,
8급,98,2022-08-27,2,dokum,다음 글의 ( ) 안에 있는 漢字의 讀音을 쓰세요.,(母)님은 제,母,,모,모,
8급,98,2022-08-27,3,dokum,다음 글의 ( ) 안에 있는 漢字의 讀音을 쓰세요.,(生),生,,생,생,
8급,98,2022-08-27,4,dokum,다음 글의 ( ) 안에 있는 漢字의 讀音을 쓰세요.,(日)에,日,,일,일,
8급,98,2022-08-27,5,dokum,다음 글의 ( ) 안에 있는 漢字의 讀音을 쓰세요.,(南),南,,남,남,
8급,98,2022-08-27,6,dokum,다음 글의 ( ) 안에 있는 漢字의 讀音을 쓰세요.,(大),大,,대,대,
8급,98,2022-08-27,7,dokum,다음 글의 ( ) 안에 있는 漢字의 讀音을 쓰세요.,(門) 시장에서,門,,문,문,
8급,98,2022-08-27,8,dokum,다음 글의 ( ) 안에 있는 漢字의 讀音을 쓰세요.,(五),五,,오,오,
8급,98,2022-08-27,9,dokum,다음 글의 ( ) 안에 있는 漢字의 讀音을 쓰세요.,(萬)원짜리,萬,,만,만,
8급,98,2022-08-27,10,dokum,다음 글의 ( ) 안에 있는 漢字의 讀音을 쓰세요.,(靑)바지를 사 주셨습니다,靑,,청,청,
8급,98,2022-08-27,11,select_hanja,다음 훈이나 음에 알맞은 漢字를 <보기>에서 찾아 그 번호를 쓰세요.,금,금,"[""① 民"", ""② 年"", ""③ 校"", ""④ 國"", ""⑤ 火"", ""⑥ 一"", ""⑦ 金"", ""⑧ 月"", ""⑨ 兄"", ""⑩ 敎""]",⑦,金,
8급,98,2022-08-27,12,select_hanja,다음 훈이나 음에 알맞은 漢字를 <보기>에서 찾아 그 번호를 쓰세요.,학교,학교,"[""① 民"", ""② 年"", ""③ 校"", ""④ 國"", ""⑤ 火"", ""⑥ 一"", ""⑦ 金"", ""⑧ 月"", ""⑨ 兄"", ""⑩ 敎""]",③,校,
8급,98,2022-08-27,13,select_hanja,다음 훈이나 음에 알맞은 漢字를 <보기>에서 찾아 그 번호를 쓰세요.,가르치다,가르치다,"[""① 民"", ""② 年"", ""③ 校"", ""④ 國"", ""⑤ 火"", ""⑥ 一"", ""⑦ 金"", ""⑧ 月"", ""⑨ 兄"", ""⑩ 敎""]",⑩,敎,
8급,98,2022-08-27,14,select_hanja,다음 훈이나 음에 알맞은 漢字를 <보기>에서 찾아 그 번호를 쓰세요.,달,달,"[""① 民"", ""② 年"", ""③ 校"", ""④ 國"", ""⑤ 火"", ""⑥ 一"", ""⑦ 金"", ""⑧ 月"", ""⑨ 兄"", ""⑩ 敎""]",⑧,月,
8급,98,2022-08-27,15,select_hanja,다음 훈이나 음에 알맞은 漢字를 <보기>에서 찾아 그 번호를 쓰세요.,년,년,"[""① 民"", ""② 年"", ""③ 校"", ""④ 國"", ""⑤ 火"", ""⑥ 一"", ""⑦ 金"", ""⑧ 月"", ""⑨ 兄"", ""⑩ 敎""]",②,年,
8급,98,2022-08-27,16,select_hanja,다음 훈이나 음에 알맞은 漢字를 <보기>에서 찾아 그 번호를 쓰세요.,나라,나라,"[""① 民"", ""② 年"", ""③ 校"", ""④ 國"", ""⑤ 火"", ""⑥ 一"", ""⑦ 金"", ""⑧ 月"", ""⑨ 兄"", ""⑩ 敎""]",④,國,
8급,98,2022-08-27,17,select_hanja,다음 훈이나 음에 알맞은 漢字를 <보기>에서 찾아 그 번호를 쓰세요.,형,형,"[""① 民"", ""② 年"", ""③ 校"", ""④ 國"", ""⑤ 火"", ""⑥ 一"", ""⑦ 金"", ""⑧ 月"", ""⑨ 兄"", ""⑩ 敎""]",⑨,兄,
8급,98,2022-08-27,18,select_hanja,다음 훈이나 음에 알맞은 漢字를 <보기>에서 찾아 그 번호를 쓰세요.,백성,백성,"[""① 民"", ""② 年"", ""③ 校"", ""④ 國"", ""⑤ 火"", ""⑥ 一"", ""⑦ 金"", ""⑧ 月"", ""⑨ 兄"", ""⑩ 敎""]",①,民,
8급,98,2022-08-27,19,select_hanja,다음 훈이나 음에 알맞은 漢字를 <보기>에서 찾아 그 번호를 쓰세요.,일,일,"[""① 民"", ""② 年"", ""③ 校"", ""④ 國"", ""⑤ 火"", ""⑥ 一"", ""⑦ 金"", ""⑧ 月"", ""⑨ 兄"", ""⑩ 敎""]",⑥,一,
8급,98,2022-08-27,20,select_hanja,다음 훈이나 음에 알맞은 漢字를 <보기>에서 찾아 그 번호를 쓰세요.,불,불,"[""① 民"", ""② 年"", ""③ 校"", ""④ 國"", ""⑤ 火"", ""⑥ 一"", ""⑦ 金"", ""⑧ 月"", ""⑨ 兄"", ""⑩ 敎""]",⑤,火,
8급,98,2022-08-27,21,select_hanja,다음 밑줄 친 말에 해당하는 漢字를 <보기>에서 찾아 그 번호를 쓰세요.,목이 말라 물을 마셨습 니다,물,"[""① 十"", ""② 室"", ""③ 山"", ""④ 長"", ""⑤ 水"", ""⑥ 六"", ""⑦ 王"", ""⑧ 軍"", ""⑨ 西"", ""⑩ 八""]",⑤,水,
8급,98,2022-08-27,22,select_hanja,다음 밑줄 친 말에 해당하는 漢字를 <보기>에서 찾아 그 번호를 쓰세요.,여름에는 낮이 밤보다 길다고 합니다,여름에는,"[""① 十"", ""② 室"", ""③ 山"", ""④ 長"", ""⑤ 水"", ""⑥ 六"", ""⑦ 王"", ""⑧ 軍"", ""⑨ 西"", ""⑩ 八""]",④,長,
8급,98,2022-08-27,23,select_hanja,다음 밑줄 친 말에 해당하는 漢字를 <보기>에서 찾아 그 번호를 쓰세요.,해가 서쪽으로 넘어 가 고 있습니다,서,"[""① 十"", ""② 室"", ""③ 山"", ""④ 長"", ""⑤ 水"", ""⑥ 六"", ""⑦ 王"", ""⑧ 軍"", ""⑨ 西"", ""⑩ 八""]",⑨,西,
8급,98,2022-08-27,24,select_hanja,다음 밑줄 친 말에 해당하는 漢字를 <보기>에서 찾아 그 번호를 쓰세요.,하나부터 열까지 세어 보세요,열,"[""① 十"", ""② 室"", ""③ 山"", ""④ 長"", ""⑤ 水"", ""⑥ 六"", ""⑦ 王"", ""⑧ 軍"", ""⑨ 西"", ""⑩ 八""]",①,十,
8급,98,2022-08-27,25,select_hanja,다음 밑줄 친 말에 해당하는 漢字를 <보기>에서 찾아 그 번호를 쓰세요.,군인 아저씨께 위문편지 를 썼습니다,군인,"[""① 十"", ""② 室"", ""③ 山"", ""④ 長"", ""⑤ 水"", ""⑥ 六"", ""⑦ 王"", ""⑧ 軍"", ""⑨ 西"", ""⑩ 八""]",⑧,軍,
8급,98,2022-08-27,26,select_hanja,다음 밑줄 친 말에 해당하는 漢字를 <보기>에서 찾아 그 번호를 쓰세요.,동생은 여섯 살입니다,여섯,"[""① 十"", ""② 室"", ""③ 山"", ""④ 長"", ""⑤ 水"", ""⑥ 六"", ""⑦ 王"", ""⑧ 軍"", ""⑨ 西"", ""⑩ 八""]",⑥,六,
8급,98,2022-08-27,27,select_hanja,다음 밑줄 친 말에 해당하는 漢字를 <보기>에서 찾아 그 번호를 쓰세요.,우리 동네에 있는 산이 매우 높습니다,산,"[""① 十"", ""② 室"", ""③ 山"", ""④ 長"", ""⑤ 水"", ""⑥ 六"", ""⑦ 王"", ""⑧ 軍"", ""⑨ 西"", ""⑩ 八""]",③,山,
8급,98,2022-08-27,28,select_hanja,다음 밑줄 친 말에 해당하는 漢字를 <보기>에서 찾아 그 번호를 쓰세요.,임금님 귀는 당나귀,임금,"[""① 十"", ""② 室"", ""③ 山"", ""④ 長"", ""⑤ 水"", ""⑥ 六"", ""⑦ 王"", ""⑧ 軍"", ""⑨ 西"", ""⑩ 八""]",⑦,王,
8급,98,2022-08-27,29,select_hanja,다음 밑줄 친 말에 해당하는 漢字를 <보기>에서 찾아 그 번호를 쓰세요.,줄넘기를 여덟 번 했습 니다,여덟,"[""① 十"", ""② 室"", ""③ 山"", ""④ 長"", ""⑤ 水"", ""⑥ 六"", ""⑦ 王"", ""⑧ 軍"", ""⑨ 西"", ""⑩ 八""]",⑩,八,
8급,98,2022-08-27,30,select_hanja,다음 밑줄 친 말에 해당하는 漢字를 <보기>에서 찾아 그 번호를 쓰세요.,이 건물에는 여섯 집이 살고 있습니다,집,"[""① 十"", ""② 室"", ""③ 山"", ""④ 長"", ""⑤ 水"", ""⑥ 六"", ""⑦ 王"", ""⑧ 軍"", ""⑨ 西"", ""⑩ 八""]",②,室,
8급,98,2022-08-27,31,hunum,다음 漢字의 訓과 音을 쓰세요.,先,先,,먼저 선,먼저 선,
8급,98,2022-08-27,32,hunum,다음 漢字의 訓과 音을 쓰세요.,學,學,,배울 학,배울 학,
8급,98,2022-08-27,33,hunum,다음 漢字의 訓과 音을 쓰세요.,二,二,,두 이,두 이,
8급,98,2022-08-27,34,hunum,다음 漢字의 訓과 音을 쓰세요.,白,白,,흰 백,흰 백,
8급,98,2022-08-27,35,hunum,다음 漢字의 訓과 音을 쓰세요.,寸,寸,,마디 촌,마디 촌,
8급,98,2022-08-27,36,hunum,다음 漢字의 訓과 音을 쓰세요.,外,外,,바깥 외,바깥 외,
8급,98,2022-08-27,37,hunum,다음 漢字의 訓과 音을 쓰세요.,北,北,,북녘 북,북녘 북,
8급,98,2022-08-27,38,hunum,다음 漢字의 訓과 音을 쓰세요.,女,女,,계집 녀,계집 녀,
8급,98,2022-08-27,39,hunum,다음 漢字의 訓과 音을 쓰세요.,小,小,,작을 소,작을 소,
8급,98,2022-08-27,40,hunum,다음 漢字의 訓과 音을 쓰세요.,四,四,,넉 사,넉 사,
8급,98,2022-08-27,41,select_hun,다음 漢字의 訓을 <보기>에서 찾아 그 번호를 쓰세요.,七,七,"[""① 나무"", ""② 가운데"", ""③ 일곱"", ""④ 흙""]",③,일곱,
8급,98,2022-08-27,42,select_hun,다음 漢字의 訓을 <보기>에서 찾아 그 번호를 쓰세요.,土,土,"[""① 나무"", ""② 가운데"", ""③ 일곱"", ""④ 흙""]",④,흙,
8급,98,2022-08-27,43,select_hun,다음 漢字의 訓을 <보기>에서 찾아 그 번호를 쓰세요.,中,中,"[""① 나무"", ""② 가운데"", ""③ 일곱"", ""④ 흙""]",②,가운데,
8급,98,2022-08-27,44,select_hun,다음 漢字의 訓을 <보기>에서 찾아 그 번호를 쓰세요.,木,木,"[""① 나무"", ""② 가운데"", ""③ 일곱"", ""④ 흙""]",①,나무,
8급,98,2022-08-27,45,select_eum,다음 漢字의 音을 <보기>에서 찾아 그 번호를 쓰세요.,韓,韓,"[""① 한"", ""② 삼"", ""③ 구"", ""④ 인""]",①,한,
8급,98,2022-08-27,46,select_eum,다음 漢字의 音을 <보기>에서 찾아 그 번호를 쓰세요.,三,三,"[""① 한"", ""② 삼"", ""③ 구"", ""④ 인""]",②,삼,
8급,98,2022-08-27,47,select_eum,다음 漢字의 音을 <보기>에서 찾아 그 번호를 쓰세요.,人,人,"[""① 한"", ""② 삼"", ""③ 구"", ""④ 인""]",④,인,
8급,98,2022-08-27,48,select_eum,다음 漢字의 音을 <보기>에서 찾아 그 번호를 쓰세요.,九,九,"[""① 한"", ""② 삼"", ""③ 구"", ""④ 인""]",③,구,
8급,98,2022-08-27,49,stroke,다음 漢字의 진하게 표시한 획은 몇 번째 쓰는지 <보기>에서 찾아 그 번호를 쓰세요.,,,"[""① 첫 번째"", ""② 두 번째"", ""③ 세 번째"", ""④ 네 번째"", ""⑤ 다섯 번째"", ""⑥ 여섯 번째"", ""⑦ 일곱 번째"", ""⑧ 여덟 번째""]",⑥,여섯 번째,exam-strokes/stroke_8_98_49.png
8급,98,2022-08-27,50,stroke,다음 漢字의 진하게 표시한 획은 몇 번째 쓰는지 <보기>에서 찾아 그 번호를 쓰세요.,,,"[""① 첫 번째"", ""② 두 번째"", ""③ 세 번째"", ""④ 네 번째"", ""⑤ 다섯 번째"", ""⑥ 여섯 번째"", ""⑦ 일곱 번째"", ""⑧ 여덟 번째""]",④,네 번째,exam-strokes/stroke_8_98_50.png
8급,99,2022-11-26,1,dokum,다음 글의 ( ) 안에 있는 漢字의 讀音을 쓰세요.,(韓)반도는,韓,,한,한,
8급,99,2022-11-26,2,dokum,다음 글의 ( ) 안에 있는 漢字의 讀音을 쓰세요.,(三)면이,三,,삼,삼,
8급,99,2022-11-26,3,dokum,다음 글의 ( ) 안에 있는 漢字의 讀音을 쓰세요.,(東)해,東,,동,동,
8급,99,2022-11-26,4,dokum,다음 글의 ( ) 안에 있는 漢字의 讀音을 쓰세요.,(西)해,西,,서,서,
8급,99,2022-11-26,5,dokum,다음 글의 ( ) 안에 있는 漢字의 讀音을 쓰세요.,(南)해 바다로 둘러싸였고,南,,남,남,
8급,99,2022-11-26,6,dokum,다음 글의 ( ) 안에 있는 漢字의 讀音을 쓰세요.,(北)쪽으로는,北,,북,북,
8급,99,2022-11-26,7,dokum,다음 글의 ( ) 안에 있는 漢字의 讀音을 쓰세요.,(中),中,,중,중,
8급,99,2022-11-26,8,dokum,다음 글의 ( ) 안에 있는 漢字의 讀音을 쓰세요.,(國),國,,국,국,
8급,99,2022-11-26,9,dokum,다음 글의 ( ) 안에 있는 漢字의 讀音을 쓰세요.,(大)륙과 접해 있으며,大,,대,대,
8급,99,2022-11-26,10,dokum,다음 글의 ( ) 안에 있는 漢字의 讀音을 쓰세요.,(四)계절이 뚜렷합니다,四,,사,사,
8급,99,2022-11-26,11,select_hanja,다음 훈이나 음에 알맞은 漢字를 <보기>에서 찾아 그 번호를 쓰세요.,먼저,먼저,"[""① 女"", ""② 金"", ""③ 火"", ""④ 長"", ""⑤ 母"", ""⑥ 九"", ""⑦ 七"", ""⑧ 室"", ""⑨ 王"", ""⑩ 先""]",⑩,先,
8급,99,2022-11-26,12,select_hanja,다음 훈이나 음에 알맞은 漢字를 <보기>에서 찾아 그 번호를 쓰세요.,화,화,"[""① 女"", ""② 金"", ""③ 火"", ""④ 長"", ""⑤ 母"", ""⑥ 九"", ""⑦ 七"", ""⑧ 室"", ""⑨ 王"", ""⑩ 先""]",③,火,
8급,99,2022-11-26,13,select_hanja,다음 훈이나 음에 알맞은 漢字를 <보기>에서 찾아 그 번호를 쓰세요.,장,장,"[""① 女"", ""② 金"", ""③ 火"", ""④ 長"", ""⑤ 母"", ""⑥ 九"", ""⑦ 七"", ""⑧ 室"", ""⑨ 王"", ""⑩ 先""]",④,長,
8급,99,2022-11-26,14,select_hanja,다음 훈이나 음에 알맞은 漢字를 <보기>에서 찾아 그 번호를 쓰세요.,모,모,"[""① 女"", ""② 金"", ""③ 火"", ""④ 長"", ""⑤ 母"", ""⑥ 九"", ""⑦ 七"", ""⑧ 室"", ""⑨ 王"", ""⑩ 先""]",⑤,母,
8급,99,2022-11-26,15,select_hanja,다음 훈이나 음에 알맞은 漢字를 <보기>에서 찾아 그 번호를 쓰세요.,임금,임금,"[""① 女"", ""② 金"", ""③ 火"", ""④ 長"", ""⑤ 母"", ""⑥ 九"", ""⑦ 七"", ""⑧ 室"", ""⑨ 王"", ""⑩ 先""]",⑨,王,
8급,99,2022-11-26,16,select_hanja,다음 훈이나 음에 알맞은 漢字를 <보기>에서 찾아 그 번호를 쓰세요.,일곱,일곱,"[""① 女"", ""② 金"", ""③ 火"", ""④ 長"", ""⑤ 母"", ""⑥ 九"", ""⑦ 七"", ""⑧ 室"", ""⑨ 王"", ""⑩ 先""]",⑦,七,
8급,99,2022-11-26,17,select_hanja,다음 훈이나 음에 알맞은 漢字를 <보기>에서 찾아 그 번호를 쓰세요.,집,집,"[""① 女"", ""② 金"", ""③ 火"", ""④ 長"", ""⑤ 母"", ""⑥ 九"", ""⑦ 七"", ""⑧ 室"", ""⑨ 王"", ""⑩ 先""]",⑧,室,
8급,99,2022-11-26,18,select_hanja,다음 훈이나 음에 알맞은 漢字를 <보기>에서 찾아 그 번호를 쓰세요.,녀,녀,"[""① 女"", ""② 金"", ""③ 火"", ""④ 長"", ""⑤ 母"", ""⑥ 九"", ""⑦ 七"", ""⑧ 室"", ""⑨ 王"", ""⑩ 先""]",①,女,
8급,99,2022-11-26,19,select_hanja,다음 훈이나 음에 알맞은 漢字를 <보기>에서 찾아 그 번호를 쓰세요.,금,금,"[""① 女"", ""② 金"", ""③ 火"", ""④ 長"", ""⑤ 母"", ""⑥ 九"", ""⑦ 七"", ""⑧ 室"", ""⑨ 王"", ""⑩ 先""]",②,金,
8급,99,2022-11-26,20,select_hanja,다음 훈이나 음에 알맞은 漢字를 <보기>에서 찾아 그 번호를 쓰세요.,아홉,아홉,"[""① 女"", ""② 金"", ""③ 火"", ""④ 長"", ""⑤ 母"", ""⑥ 九"", ""⑦ 七"", ""⑧ 室"", ""⑨ 王"", ""⑩ 先""]",⑥,九,
8급,99,2022-11-26,21,select_hanja,다음 밑줄 친 말에 해당하는 漢字를 <보기>에서 찾아 그 번호를 쓰세요.,백성은 나라의 근본입니 다,백성,"[""① 月"", ""② 民"", ""③ 軍"", ""④ 校"", ""⑤ 山"", ""⑥ 二"", ""⑦ 弟"", ""⑧ 兄"", ""⑨ 土"", ""⑩ 日""]",②,民,
8급,99,2022-11-26,22,select_hanja,다음 밑줄 친 말에 해당하는 漢字를 <보기>에서 찾아 그 번호를 쓰세요.,달이 유난히 밝습니다,달,"[""① 月"", ""② 民"", ""③ 軍"", ""④ 校"", ""⑤ 山"", ""⑥ 二"", ""⑦ 弟"", ""⑧ 兄"", ""⑨ 土"", ""⑩ 日""]",①,月,
8급,99,2022-11-26,23,select_hanja,다음 밑줄 친 말에 해당하는 漢字를 <보기>에서 찾아 그 번호를 쓰세요.,학교까지는 걸어서 10분 이 걸립니다,학교,"[""① 月"", ""② 民"", ""③ 軍"", ""④ 校"", ""⑤ 山"", ""⑥ 二"", ""⑦ 弟"", ""⑧ 兄"", ""⑨ 土"", ""⑩ 日""]",④,校,
8급,99,2022-11-26,24,select_hanja,다음 밑줄 친 말에 해당하는 漢字를 <보기>에서 찾아 그 번호를 쓰세요.,산에 단풍이 들었습니다,산,"[""① 月"", ""② 民"", ""③ 軍"", ""④ 校"", ""⑤ 山"", ""⑥ 二"", ""⑦ 弟"", ""⑧ 兄"", ""⑨ 土"", ""⑩ 日""]",⑤,山,
8급,99,2022-11-26,25,select_hanja,다음 밑줄 친 말에 해당하는 漢字를 <보기>에서 찾아 그 번호를 쓰세요.,제비가 흙과 지푸라기로 둥지를 짓습니다,흙,"[""① 月"", ""② 民"", ""③ 軍"", ""④ 校"", ""⑤ 山"", ""⑥ 二"", ""⑦ 弟"", ""⑧ 兄"", ""⑨ 土"", ""⑩ 日""]",⑨,土,
8급,99,2022-11-26,26,select_hanja,다음 밑줄 친 말에 해당하는 漢字를 <보기>에서 찾아 그 번호를 쓰세요.,북이 울리자 군사들이 진군하였습니다,군사,"[""① 月"", ""② 民"", ""③ 軍"", ""④ 校"", ""⑤ 山"", ""⑥ 二"", ""⑦ 弟"", ""⑧ 兄"", ""⑨ 土"", ""⑩ 日""]",③,軍,
8급,99,2022-11-26,27,select_hanja,다음 밑줄 친 말에 해당하는 漢字를 <보기>에서 찾아 그 번호를 쓰세요.,두 사람은 형님 아우 하 면서 친하게 지냅니다,아우,"[""① 月"", ""② 民"", ""③ 軍"", ""④ 校"", ""⑤ 山"", ""⑥ 二"", ""⑦ 弟"", ""⑧ 兄"", ""⑨ 土"", ""⑩ 日""]",⑦,弟,
8급,99,2022-11-26,28,select_hanja,다음 밑줄 친 말에 해당하는 漢字를 <보기>에서 찾아 그 번호를 쓰세요.,삼 일만에 이 책을 다 읽었습니다,일,"[""① 月"", ""② 民"", ""③ 軍"", ""④ 校"", ""⑤ 山"", ""⑥ 二"", ""⑦ 弟"", ""⑧ 兄"", ""⑨ 土"", ""⑩ 日""]",⑩,日,
8급,99,2022-11-26,29,select_hanja,다음 밑줄 친 말에 해당하는 漢字를 <보기>에서 찾아 그 번호를 쓰세요.,그 섬은 하루에 두 번씩 연락선이 운행됩니다,이,"[""① 月"", ""② 民"", ""③ 軍"", ""④ 校"", ""⑤ 山"", ""⑥ 二"", ""⑦ 弟"", ""⑧ 兄"", ""⑨ 土"", ""⑩ 日""]",⑥,二,
8급,99,2022-11-26,30,select_hanja,다음 밑줄 친 말에 해당하는 漢字를 <보기>에서 찾아 그 번호를 쓰세요.,나와 형은 눈이 아버지 를 쏙 빼닮았습니다,형,"[""① 月"", ""② 民"", ""③ 軍"", ""④ 校"", ""⑤ 山"", ""⑥ 二"", ""⑦ 弟"", ""⑧ 兄"", ""⑨ 土"", ""⑩ 日""]",⑧,兄,
8급,99,2022-11-26,31,hunum,다음 漢字의 訓과 音을 쓰세요.,十,十,,열 십,열 십,
8급,99,2022-11-26,32,hunum,다음 漢字의 訓과 音을 쓰세요.,八,八,,여덟 팔,여덟 팔,
8급,99,2022-11-26,33,hunum,다음 漢字의 訓과 音을 쓰세요.,靑,靑,,푸를 청,푸를 청,
8급,99,2022-11-26,34,hunum,다음 漢字의 訓과 音을 쓰세요.,六,六,,여섯 륙,여섯 륙,
8급,99,2022-11-26,35,hunum,다음 漢字의 訓과 音을 쓰세요.,父,父,,아비 부,아비 부,
8급,99,2022-11-26,36,hunum,다음 漢字의 訓과 音을 쓰세요.,白,白,,흰 백,흰 백,
8급,99,2022-11-26,37,hunum,다음 漢字의 訓과 音을 쓰세요.,一,一,,한 일,한 일,
8급,99,2022-11-26,38,hunum,다음 漢字의 訓과 音을 쓰세요.,五,五,,다섯 오,다섯 오,
8급,99,2022-11-26,39,hunum,다음 漢字의 訓과 音을 쓰세요.,門,門,,문 문,문 문,
8급,99,2022-11-26,40,hunum,다음 漢字의 訓과 音을 쓰세요.,萬,萬,,일만 만,일만 만,
8급,99,2022-11-26,41,select_hun,다음 漢字의 訓을 <보기>에서 찾아 그 번호를 쓰세요.,生,生,"[""① 바깥"", ""② 가르칠"", ""③ 날"", ""④ 작을""]",③,날,
8급,99,2022-11-26,42,select_hun,다음 漢字의 訓을 <보기>에서 찾아 그 번호를 쓰세요.,敎,敎,"[""① 바깥"", ""② 가르칠"", ""③ 날"", ""④ 작을""]",②,가르칠,
8급,99,2022-11-26,43,select_hun,다음 漢字의 訓을 <보기>에서 찾아 그 번호를 쓰세요.,外,外,"[""① 바깥"", ""② 가르칠"", ""③ 날"", ""④ 작을""]",①,바깥,
8급,99,2022-11-26,44,select_hun,다음 漢字의 訓을 <보기>에서 찾아 그 번호를 쓰세요.,小,小,"[""① 바깥"", ""② 가르칠"", ""③ 날"", ""④ 작을""]",④,작을,
8급,99,2022-11-26,45,select_eum,다음 漢字의 音을 <보기>에서 찾아 그 번호를 쓰세요.,木,木,"[""① 목"", ""② 인"", ""③ 년"", ""④ 수""]",①,목,
8급,99,2022-11-26,46,select_eum,다음 漢字의 音을 <보기>에서 찾아 그 번호를 쓰세요.,水,水,"[""① 목"", ""② 인"", ""③ 년"", ""④ 수""]",④,수,
8급,99,2022-11-26,47,select_eum,다음 漢字의 音을 <보기>에서 찾아 그 번호를 쓰세요.,人,人,"[""① 목"", ""② 인"", ""③ 년"", ""④ 수""]",②,인,
8급,99,2022-11-26,48,select_eum,다음 漢字의 音을 <보기>에서 찾아 그 번호를 쓰세요.,年,年,"[""① 목"", ""② 인"", ""③ 년"", ""④ 수""]",③,년,
8급,99,2022-11-26,49,stroke,다음 漢字의 진하게 표시한 획은 몇 번째 쓰는지 <보기>에서 찾아 그 번호를 쓰세요.,,,"[""① 첫 번째"", ""② 두 번째"", ""③ 세 번째"", ""④ 네 번째"", ""⑤ 다섯 번째"", ""⑥ 여섯 번째"", ""⑦ 일곱 번째"", ""⑧ 여덟 번째"", ""⑨ 아홉 번째"", ""⑩ 열 번째""]",②,두 번째,exam-strokes/stroke_8_99_49.png
8급,99,2022-11-26,50,stroke,다음 漢字의 진하게 표시한 획은 몇 번째 쓰는지 <보기>에서 찾아 그 번호를 쓰세요.,,,"[""① 첫 번째"", ""② 두 번째"", ""③ 세 번째"", ""④ 네 번째"", ""⑤ 다섯 번째"", ""⑥ 여섯 번째"", ""⑦ 일곱 번째"", ""⑧ 여덟 번째"", ""⑨ 아홉 번째"", ""⑩ 열 번째""]",⑬,⑬,exam-strokes/stroke_8_99_50.png
8급,100,2023-02-25,1,dokum,다음 글의 ( ) 안에 있는 漢字의 讀音을 쓰세요.,따뜻한 (五),五,,오,오,
8급,100,2023-02-25,2,dokum,다음 글의 ( ) 안에 있는 漢字의 讀音을 쓰세요.,(月)이 되면,月,,월,월,
8급,100,2023-02-25,3,dokum,다음 글의 ( ) 안에 있는 漢字의 讀音을 쓰세요.,우리 (兄),兄,,형,형,
8급,100,2023-02-25,4,dokum,다음 글의 ( ) 안에 있는 漢字의 讀音을 쓰세요.,(弟)는,弟,,제,제,
8급,100,2023-02-25,5,dokum,다음 글의 ( ) 안에 있는 漢字의 讀音을 쓰세요.,(南),南,,남,남,
8급,100,2023-02-25,6,dokum,다음 글의 ( ) 안에 있는 漢字의 讀音을 쓰세요.,(山)에 나들이를 갑니다,山,,산,산,
8급,100,2023-02-25,7,dokum,다음 글의 ( ) 안에 있는 漢字의 讀音을 쓰세요.,그곳에서 가끔 (外),外,,외,외,
8급,100,2023-02-25,8,dokum,다음 글의 ( ) 안에 있는 漢字의 讀音을 쓰세요.,(國)인,國,,국,국,
8급,100,2023-02-25,9,dokum,다음 글의 ( ) 안에 있는 漢字의 讀音을 쓰세요.,(靑),靑,,청,청,
8급,100,2023-02-25,10,dokum,다음 글의 ( ) 안에 있는 漢字의 讀音을 쓰세요.,(年)들을 만납니다,年,,년,년,
8급,100,2023-02-25,11,select_hanja,다음 훈이나 음에 알맞은 漢字를 <보기>에서 찾아 그 번호를 쓰세요.,구,구,"[""① 東"", ""② 學"", ""③ 二"", ""④ 六"", ""⑤ 九"", ""⑥ 北"", ""⑦ 八"", ""⑧ 人"", ""⑨ 十"", ""⑩ 先""]",⑤,九,
8급,100,2023-02-25,12,select_hanja,다음 훈이나 음에 알맞은 漢字를 <보기>에서 찾아 그 번호를 쓰세요.,북녘,북녘,"[""① 東"", ""② 學"", ""③ 二"", ""④ 六"", ""⑤ 九"", ""⑥ 北"", ""⑦ 八"", ""⑧ 人"", ""⑨ 十"", ""⑩ 先""]",⑥,北,
8급,100,2023-02-25,13,select_hanja,다음 훈이나 음에 알맞은 漢字를 <보기>에서 찾아 그 번호를 쓰세요.,륙,륙,"[""① 東"", ""② 學"", ""③ 二"", ""④ 六"", ""⑤ 九"", ""⑥ 北"", ""⑦ 八"", ""⑧ 人"", ""⑨ 十"", ""⑩ 先""]",④,六,
8급,100,2023-02-25,14,select_hanja,다음 훈이나 음에 알맞은 漢字를 <보기>에서 찾아 그 번호를 쓰세요.,열,열,"[""① 東"", ""② 學"", ""③ 二"", ""④ 六"", ""⑤ 九"", ""⑥ 北"", ""⑦ 八"", ""⑧ 人"", ""⑨ 十"", ""⑩ 先""]",⑨,十,
8급,100,2023-02-25,15,select_hanja,다음 훈이나 음에 알맞은 漢字를 <보기>에서 찾아 그 번호를 쓰세요.,먼저,먼저,"[""① 東"", ""② 學"", ""③ 二"", ""④ 六"", ""⑤ 九"", ""⑥ 北"", ""⑦ 八"", ""⑧ 人"", ""⑨ 十"", ""⑩ 先""]",⑩,先,
8급,100,2023-02-25,16,select_hanja,다음 훈이나 음에 알맞은 漢字를 <보기>에서 찾아 그 번호를 쓰세요.,사람,사람,"[""① 東"", ""② 學"", ""③ 二"", ""④ 六"", ""⑤ 九"", ""⑥ 北"", ""⑦ 八"", ""⑧ 人"", ""⑨ 十"", ""⑩ 先""]",⑧,人,
8급,100,2023-02-25,17,select_hanja,다음 훈이나 음에 알맞은 漢字를 <보기>에서 찾아 그 번호를 쓰세요.,학,학,"[""① 東"", ""② 學"", ""③ 二"", ""④ 六"", ""⑤ 九"", ""⑥ 北"", ""⑦ 八"", ""⑧ 人"", ""⑨ 十"", ""⑩ 先""]",②,學,
8급,100,2023-02-25,18,select_hanja,다음 훈이나 음에 알맞은 漢字를 <보기>에서 찾아 그 번호를 쓰세요.,동,동,"[""① 東"", ""② 學"", ""③ 二"", ""④ 六"", ""⑤ 九"", ""⑥ 北"", ""⑦ 八"", ""⑧ 人"", ""⑨ 十"", ""⑩ 先""]",①,東,
8급,100,2023-02-25,19,select_hanja,다음 훈이나 음에 알맞은 漢字를 <보기>에서 찾아 그 번호를 쓰세요.,이,이,"[""① 東"", ""② 學"", ""③ 二"", ""④ 六"", ""⑤ 九"", ""⑥ 北"", ""⑦ 八"", ""⑧ 人"", ""⑨ 十"", ""⑩ 先""]",③,二,
8급,100,2023-02-25,20,select_hanja,다음 훈이나 음에 알맞은 漢字를 <보기>에서 찾아 그 번호를 쓰세요.,여덟,여덟,"[""① 東"", ""② 學"", ""③ 二"", ""④ 六"", ""⑤ 九"", ""⑥ 北"", ""⑦ 八"", ""⑧ 人"", ""⑨ 十"", ""⑩ 先""]",⑦,八,
8급,100,2023-02-25,21,select_hanja,다음 밑줄 친 말에 해당하는 漢字를 <보기>에서 찾아 그 번호를 쓰세요.,임금님 귀는 당나귀 귀,임금,"[""① 三"", ""② 金"", ""③ 中"", ""④ 校"", ""⑤ 日"", ""⑥ 王"", ""⑦ 長"", ""⑧ 小"", ""⑨ 民"", ""⑩ 敎""]",⑥,王,
8급,100,2023-02-25,22,select_hanja,다음 밑줄 친 말에 해당하는 漢字를 <보기>에서 찾아 그 번호를 쓰세요.,선생님은 많은 가르침을 주십니다,가르침,"[""① 三"", ""② 金"", ""③ 中"", ""④ 校"", ""⑤ 日"", ""⑥ 王"", ""⑦ 長"", ""⑧ 小"", ""⑨ 民"", ""⑩ 敎""]",⑩,敎,
8급,100,2023-02-25,23,select_hanja,다음 밑줄 친 말에 해당하는 漢字를 <보기>에서 찾아 그 번호를 쓰세요.,대장장이가 쇠로 농기구 를 만듭니다,쇠,"[""① 三"", ""② 金"", ""③ 中"", ""④ 校"", ""⑤ 日"", ""⑥ 王"", ""⑦ 長"", ""⑧ 小"", ""⑨ 民"", ""⑩ 敎""]",②,金,
8급,100,2023-02-25,24,select_hanja,다음 밑줄 친 말에 해당하는 漢字를 <보기>에서 찾아 그 번호를 쓰세요.,날마다 일기를 씁니다,일,"[""① 三"", ""② 金"", ""③ 中"", ""④ 校"", ""⑤ 日"", ""⑥ 王"", ""⑦ 長"", ""⑧ 小"", ""⑨ 民"", ""⑩ 敎""]",⑤,日,
8급,100,2023-02-25,25,select_hanja,다음 밑줄 친 말에 해당하는 漢字를 <보기>에서 찾아 그 번호를 쓰세요.,동생은 걸어서 학교에 갑니다,학교,"[""① 三"", ""② 金"", ""③ 中"", ""④ 校"", ""⑤ 日"", ""⑥ 王"", ""⑦ 長"", ""⑧ 小"", ""⑨ 民"", ""⑩ 敎""]",④,校,
8급,100,2023-02-25,26,select_hanja,다음 밑줄 친 말에 해당하는 漢字를 <보기>에서 찾아 그 번호를 쓰세요.,기린은 목이 긴 동물입 니다,긴,"[""① 三"", ""② 金"", ""③ 中"", ""④ 校"", ""⑤ 日"", ""⑥ 王"", ""⑦ 長"", ""⑧ 小"", ""⑨ 民"", ""⑩ 敎""]",⑦,長,
8급,100,2023-02-25,27,select_hanja,다음 밑줄 친 말에 해당하는 漢字를 <보기>에서 찾아 그 번호를 쓰세요.,백성은 나라의 근본입니 다,백성,"[""① 三"", ""② 金"", ""③ 中"", ""④ 校"", ""⑤ 日"", ""⑥ 王"", ""⑦ 長"", ""⑧ 小"", ""⑨ 民"", ""⑩ 敎""]",⑨,民,
8급,100,2023-02-25,28,select_hanja,다음 밑줄 친 말에 해당하는 漢字를 <보기>에서 찾아 그 번호를 쓰세요.,배가 강 가운데를 지납 니다,가운데,"[""① 三"", ""② 金"", ""③ 中"", ""④ 校"", ""⑤ 日"", ""⑥ 王"", ""⑦ 長"", ""⑧ 小"", ""⑨ 民"", ""⑩ 敎""]",③,中,
8급,100,2023-02-25,29,select_hanja,다음 밑줄 친 말에 해당하는 漢字를 <보기>에서 찾아 그 번호를 쓰세요.,물을 연거푸 석 잔을 마 셨습니다,석,"[""① 三"", ""② 金"", ""③ 中"", ""④ 校"", ""⑤ 日"", ""⑥ 王"", ""⑦ 長"", ""⑧ 小"", ""⑨ 民"", ""⑩ 敎""]",①,三,
8급,100,2023-02-25,30,select_hanja,다음 밑줄 친 말에 해당하는 漢字를 <보기>에서 찾아 그 번호를 쓰세요.,언니는 발이 유난히 작 습니다,작,"[""① 三"", ""② 金"", ""③ 中"", ""④ 校"", ""⑤ 日"", ""⑥ 王"", ""⑦ 長"", ""⑧ 小"", ""⑨ 民"", ""⑩ 敎""]",⑧,小,
8급,100,2023-02-25,31,hunum,다음 漢字의 訓과 音을 쓰세요.,母,母,,어미 모,어미 모,
8급,100,2023-02-25,32,hunum,다음 漢字의 訓과 音을 쓰세요.,火,火,,불 화,불 화,
8급,100,2023-02-25,33,hunum,다음 漢字의 訓과 音을 쓰세요.,女,女,,계집 녀,계집 녀,
8급,100,2023-02-25,34,hunum,다음 漢字의 訓과 音을 쓰세요.,西,西,,서녘 서,서녘 서,
8급,100,2023-02-25,35,hunum,다음 漢字의 訓과 音을 쓰세요.,一,一,,한 일,한 일,
8급,100,2023-02-25,36,hunum,다음 漢字의 訓과 音을 쓰세요.,土,土,,흙 토,흙 토,
8급,100,2023-02-25,37,hunum,다음 漢字의 訓과 音을 쓰세요.,室,室,,집 실,집 실,
8급,100,2023-02-25,38,hunum,다음 漢字의 訓과 音을 쓰세요.,大,大,,큰 대,큰 대,
8급,100,2023-02-25,39,hunum,다음 漢字의 訓과 音을 쓰세요.,門,門,,문 문,문 문,
8급,100,2023-02-25,40,hunum,다음 漢字의 訓과 音을 쓰세요.,軍,軍,,군사 군,군사 군,
8급,100,2023-02-25,41,select_hun,다음 漢字의 訓을 <보기>에서 찾아 그 번호를 쓰세요.,生,生,"[""① 마디"", ""② 일곱"", ""③ 날"", ""④ 나무""]",③,날,
8급,100,2023-02-25,42,select_hun,다음 漢字의 訓을 <보기>에서 찾아 그 번호를 쓰세요.,七,七,"[""① 마디"", ""② 일곱"", ""③ 날"", ""④ 나무""]",②,일곱,
8급,100,2023-02-25,43,select_hun,다음 漢字의 訓을 <보기>에서 찾아 그 번호를 쓰세요.,木,木,"[""① 마디"", ""② 일곱"", ""③ 날"", ""④ 나무""]",④,나무,
8급,100,2023-02-25,44,select_hun,다음 漢字의 訓을 <보기>에서 찾아 그 번호를 쓰세요.,寸,寸,"[""① 마디"", ""② 일곱"", ""③ 날"", ""④ 나무""]",①,마디,
8급,100,2023-02-25,45,select_eum,다음 漢字의 音을 <보기>에서 찾아 그 번호를 쓰세요.,水,水,"[""① 백"", ""② 수"", ""③ 부"", ""④ 만""]",②,수,
8급,100,2023-02-25,46,select_eum,다음 漢字의 音을 <보기>에서 찾아 그 번호를 쓰세요.,白,白,"[""① 백"", ""② 수"", ""③ 부"", ""④ 만""]",①,백,
8급,100,2023-02-25,47,select_eum,다음 漢字의 音을 <보기>에서 찾아 그 번호를 쓰세요.,萬,萬,"[""① 백"", ""② 수"", ""③ 부"", ""④ 만""]",④,만,
8급,100,2023-02-25,48,select_eum,다음 漢字의 音을 <보기>에서 찾아 그 번호를 쓰세요.,父,父,"[""① 백"", ""② 수"", ""③ 부"", ""④ 만""]",③,부,
8급,100,2023-02-25,49,stroke,다음 漢字의 진하게 표시한 획은 몇 번째 쓰는지 <보기>에서 찾아 그 번호를 쓰세요.,,,"[""① 첫 번째"", ""② 두 번째"", ""③ 세 번째"", ""④ 네 번째"", ""⑤ 다섯 번째"", ""⑥ 여섯 번째"", ""⑦ 일곱 번째"", ""⑧ 여덟 번째"", ""⑨ 아홉 번째"", ""⑩ 열 번째""]",①,첫 번째,exam-strokes/stroke_8_100_49.png
8급,100,2023-02-25,50,stroke,다음 漢字의 진하게 표시한 획은 몇 번째 쓰는지 <보기>에서 찾아 그 번호를 쓰세요.,,,"[""① 첫 번째"", ""② 두 번째"", ""③ 세 번째"", ""④ 네 번째"", ""⑤ 다섯 번째"", ""⑥ 여섯 번째"", ""⑦ 일곱 번째"", ""⑧ 여덟 번째"", ""⑨ 아홉 번째"", ""⑩ 열 번째""]",④,네 번째,exam-strokes/stroke_8_100_50.png
8급,101,2023-06-03,1,dokum,다음 글의 ( ) 안에 있는 漢字의 讀音을 쓰세요.,(三),三,,삼,삼,
8급,101,2023-06-03,2,dokum,다음 글의 ( ) 안에 있는 漢字의 讀音을 쓰세요.,(月),月,,월,월,
8급,101,2023-06-03,3,dokum,다음 글의 ( ) 안에 있는 漢字의 讀音을 쓰세요.,(二),二,,이,이,
8급,101,2023-06-03,4,dokum,다음 글의 ( ) 안에 있는 漢字의 讀音을 쓰세요.,(日),日,,일,일,
8급,101,2023-06-03,5,dokum,다음 글의 ( ) 안에 있는 漢字의 讀音을 쓰세요.,(火)요일에 입학하는 동생을,火,,화,화,
8급,101,2023-06-03,6,dokum,다음 글의 ( ) 안에 있는 漢字의 讀音을 쓰세요.,(中),中,,중,중,
8급,101,2023-06-03,7,dokum,다음 글의 ( ) 안에 있는 漢字의 讀音을 쓰세요.,(學),學,,학,학,
8급,101,2023-06-03,8,dokum,다음 글의 ( ) 안에 있는 漢字의 讀音을 쓰세요.,(生) 언니가,生,,생,생,
8급,101,2023-06-03,9,dokum,다음 글의 ( ) 안에 있는 漢字의 讀音을 쓰세요.,(敎),敎,,교,교,
8급,101,2023-06-03,10,dokum,다음 글의 ( ) 안에 있는 漢字의 讀音을 쓰세요.,(室)까지 데려다주었습니 다,室,,실,실,
8급,101,2023-06-03,11,select_hanja,다음 훈이나 음에 알맞은 漢字를 <보기>에서 찾아 그 번호를 쓰세요.,아홉,아홉,"[""① 白"", ""② 小"", ""③ 靑"", ""④ 七"", ""⑤ 大"", ""⑥ 校"", ""⑦ 南"", ""⑧ 一"", ""⑨ 王"", ""⑩ 九""]",⑩,九,
8급,101,2023-06-03,12,select_hanja,다음 훈이나 음에 알맞은 漢字를 <보기>에서 찾아 그 번호를 쓰세요.,작을,작을,"[""① 白"", ""② 小"", ""③ 靑"", ""④ 七"", ""⑤ 大"", ""⑥ 校"", ""⑦ 南"", ""⑧ 一"", ""⑨ 王"", ""⑩ 九""]",②,小,
8급,101,2023-06-03,13,select_hanja,다음 훈이나 음에 알맞은 漢字를 <보기>에서 찾아 그 번호를 쓰세요.,남녘,남녘,"[""① 白"", ""② 小"", ""③ 靑"", ""④ 七"", ""⑤ 大"", ""⑥ 校"", ""⑦ 南"", ""⑧ 一"", ""⑨ 王"", ""⑩ 九""]",⑦,南,
8급,101,2023-06-03,14,select_hanja,다음 훈이나 음에 알맞은 漢字를 <보기>에서 찾아 그 번호를 쓰세요.,칠,칠,"[""① 白"", ""② 小"", ""③ 靑"", ""④ 七"", ""⑤ 大"", ""⑥ 校"", ""⑦ 南"", ""⑧ 一"", ""⑨ 王"", ""⑩ 九""]",④,七,
8급,101,2023-06-03,15,select_hanja,다음 훈이나 음에 알맞은 漢字를 <보기>에서 찾아 그 번호를 쓰세요.,청,청,"[""① 白"", ""② 小"", ""③ 靑"", ""④ 七"", ""⑤ 大"", ""⑥ 校"", ""⑦ 南"", ""⑧ 一"", ""⑨ 王"", ""⑩ 九""]",③,靑,
8급,101,2023-06-03,16,select_hanja,다음 훈이나 음에 알맞은 漢字를 <보기>에서 찾아 그 번호를 쓰세요.,학교,학교,"[""① 白"", ""② 小"", ""③ 靑"", ""④ 七"", ""⑤ 大"", ""⑥ 校"", ""⑦ 南"", ""⑧ 一"", ""⑨ 王"", ""⑩ 九""]",⑥,校,
8급,101,2023-06-03,17,select_hanja,다음 훈이나 음에 알맞은 漢字를 <보기>에서 찾아 그 번호를 쓰세요.,일,일,"[""① 白"", ""② 小"", ""③ 靑"", ""④ 七"", ""⑤ 大"", ""⑥ 校"", ""⑦ 南"", ""⑧ 一"", ""⑨ 王"", ""⑩ 九""]",⑧,一,
8급,101,2023-06-03,18,select_hanja,다음 훈이나 음에 알맞은 漢字를 <보기>에서 찾아 그 번호를 쓰세요.,백,백,"[""① 白"", ""② 小"", ""③ 靑"", ""④ 七"", ""⑤ 大"", ""⑥ 校"", ""⑦ 南"", ""⑧ 一"", ""⑨ 王"", ""⑩ 九""]",①,白,
8급,101,2023-06-03,19,select_hanja,다음 훈이나 음에 알맞은 漢字를 <보기>에서 찾아 그 번호를 쓰세요.,임금,임금,"[""① 白"", ""② 小"", ""③ 靑"", ""④ 七"", ""⑤ 大"", ""⑥ 校"", ""⑦ 南"", ""⑧ 一"", ""⑨ 王"", ""⑩ 九""]",⑨,王,
8급,101,2023-06-03,20,select_hanja,다음 훈이나 음에 알맞은 漢字를 <보기>에서 찾아 그 번호를 쓰세요.,대,대,"[""① 白"", ""② 小"", ""③ 靑"", ""④ 七"", ""⑤ 大"", ""⑥ 校"", ""⑦ 南"", ""⑧ 一"", ""⑨ 王"", ""⑩ 九""]",⑤,大,
8급,101,2023-06-03,21,select_hanja,다음 밑줄 친 말에 해당하는 漢字를 <보기>에서 찾아 그 번호를 쓰세요.,담장 바깥에 꽃을 심었 습니다,바깥,"[""① 弟"", ""② 門"", ""③ 六"", ""④ 四"", ""⑤ 八"", ""⑥ 外"", ""⑦ 萬"", ""⑧ 國"", ""⑨ 人"", ""⑩ 水""]",⑥,外,
8급,101,2023-06-03,22,select_hanja,다음 밑줄 친 말에 해당하는 漢字를 <보기>에서 찾아 그 번호를 쓰세요.,어린이는 새 나라의 기 둥입니다,나라,"[""① 弟"", ""② 門"", ""③ 六"", ""④ 四"", ""⑤ 八"", ""⑥ 外"", ""⑦ 萬"", ""⑧ 國"", ""⑨ 人"", ""⑩ 水""]",⑧,國,
8급,101,2023-06-03,23,select_hanja,다음 밑줄 친 말에 해당하는 漢字를 <보기>에서 찾아 그 번호를 쓰세요.,어머니가 만 원을 주셨 습니다,만,"[""① 弟"", ""② 門"", ""③ 六"", ""④ 四"", ""⑤ 八"", ""⑥ 外"", ""⑦ 萬"", ""⑧ 國"", ""⑨ 人"", ""⑩ 水""]",⑦,萬,
8급,101,2023-06-03,24,select_hanja,다음 밑줄 친 말에 해당하는 漢字를 <보기>에서 찾아 그 번호를 쓰세요.,막내는 여섯 살입니다,여섯,"[""① 弟"", ""② 門"", ""③ 六"", ""④ 四"", ""⑤ 八"", ""⑥ 外"", ""⑦ 萬"", ""⑧ 國"", ""⑨ 人"", ""⑩ 水""]",③,六,
8급,101,2023-06-03,25,select_hanja,다음 밑줄 친 말에 해당하는 漢字를 <보기>에서 찾아 그 번호를 쓰세요.,기철이는 착한 사람입니다,사람,"[""① 弟"", ""② 門"", ""③ 六"", ""④ 四"", ""⑤ 八"", ""⑥ 外"", ""⑦ 萬"", ""⑧ 國"", ""⑨ 人"", ""⑩ 水""]",⑨,人,
8급,101,2023-06-03,26,select_hanja,다음 밑줄 친 말에 해당하는 漢字를 <보기>에서 찾아 그 번호를 쓰세요.,저녁 여덟 시 뉴스가 나 옵니다,여덟,"[""① 弟"", ""② 門"", ""③ 六"", ""④ 四"", ""⑤ 八"", ""⑥ 外"", ""⑦ 萬"", ""⑧ 國"", ""⑨ 人"", ""⑩ 水""]",⑤,八,
8급,101,2023-06-03,27,select_hanja,다음 밑줄 친 말에 해당하는 漢字를 <보기>에서 찾아 그 번호를 쓰세요.,물 한 잔을 들이켰습니 다,물,"[""① 弟"", ""② 門"", ""③ 六"", ""④ 四"", ""⑤ 八"", ""⑥ 外"", ""⑦ 萬"", ""⑧ 國"", ""⑨ 人"", ""⑩ 水""]",⑩,水,
8급,101,2023-06-03,28,select_hanja,다음 밑줄 친 말에 해당하는 漢字를 <보기>에서 찾아 그 번호를 쓰세요.,문을 열고 밖을 내다 봅 니다,문,"[""① 弟"", ""② 門"", ""③ 六"", ""④ 四"", ""⑤ 八"", ""⑥ 外"", ""⑦ 萬"", ""⑧ 國"", ""⑨ 人"", ""⑩ 水""]",②,門,
8급,101,2023-06-03,29,select_hanja,다음 밑줄 친 말에 해당하는 漢字를 <보기>에서 찾아 그 번호를 쓰세요.,밭에 콩 넉 되를 뿌렸습 니다,넉,"[""① 弟"", ""② 門"", ""③ 六"", ""④ 四"", ""⑤ 八"", ""⑥ 外"", ""⑦ 萬"", ""⑧ 國"", ""⑨ 人"", ""⑩ 水""]",④,四,
8급,101,2023-06-03,30,select_hanja,다음 밑줄 친 말에 해당하는 漢字를 <보기>에서 찾아 그 번호를 쓰세요.,형과 아우는 우애가 좋 습니다,아우,"[""① 弟"", ""② 門"", ""③ 六"", ""④ 四"", ""⑤ 八"", ""⑥ 外"", ""⑦ 萬"", ""⑧ 國"", ""⑨ 人"", ""⑩ 水""]",①,弟,
8급,101,2023-06-03,31,hunum,다음 漢字의 訓과 音을 쓰세요.,韓,韓,,한국/나라 한,한국/나라 한,
8급,101,2023-06-03,32,hunum,다음 漢字의 訓과 音을 쓰세요.,寸,寸,,마디 촌,마디 촌,
8급,101,2023-06-03,33,hunum,다음 漢字의 訓과 音을 쓰세요.,山,山,,메 산,메 산,
8급,101,2023-06-03,34,hunum,다음 漢字의 訓과 音을 쓰세요.,女,女,,계집 녀,계집 녀,
8급,101,2023-06-03,35,hunum,다음 漢字의 訓과 音을 쓰세요.,五,五,,다섯 오,다섯 오,
8급,101,2023-06-03,36,hunum,다음 漢字의 訓과 音을 쓰세요.,北,北,,북녘 북 | 달아날 배,북녘 북 | 달아날 배,
8급,101,2023-06-03,37,hunum,다음 漢字의 訓과 音을 쓰세요.,父,父,,아비 부,아비 부,
8급,101,2023-06-03,38,hunum,다음 漢字의 訓과 音을 쓰세요.,西,西,,서녘 서,서녘 서,
8급,101,2023-06-03,39,hunum,다음 漢字의 訓과 音을 쓰세요.,民,民,,백성 민,백성 민,
8급,101,2023-06-03,40,hunum,다음 漢字의 訓과 音을 쓰세요.,東,東,,동녘 동,동녘 동,
8급,101,2023-06-03,41,select_hun,다음 漢字의 訓을 <보기>에서 찾아 그 번호를 쓰세요.,年,年,"[""① 해"", ""② 열"", ""③ 어미"", ""④ 형""]",①,해,
8급,101,2023-06-03,42,select_hun,다음 漢字의 訓을 <보기>에서 찾아 그 번호를 쓰세요.,兄,兄,"[""① 해"", ""② 열"", ""③ 어미"", ""④ 형""]",④,형,
8급,101,2023-06-03,43,select_hun,다음 漢字의 訓을 <보기>에서 찾아 그 번호를 쓰세요.,母,母,"[""① 해"", ""② 열"", ""③ 어미"", ""④ 형""]",③,어미,
8급,101,2023-06-03,44,select_hun,다음 漢字의 訓을 <보기>에서 찾아 그 번호를 쓰세요.,十,十,"[""① 해"", ""② 열"", ""③ 어미"", ""④ 형""]",②,열,
8급,101,2023-06-03,45,select_eum,다음 漢字의 音을 <보기>에서 찾아 그 번호를 쓰세요.,木,木,"[""① 토"", ""② 군"", ""③ 금"", ""④ 목""]",④,목,
8급,101,2023-06-03,46,select_eum,다음 漢字의 音을 <보기>에서 찾아 그 번호를 쓰세요.,金,金,"[""① 토"", ""② 군"", ""③ 금"", ""④ 목""]",③,금,
8급,101,2023-06-03,47,select_eum,다음 漢字의 音을 <보기>에서 찾아 그 번호를 쓰세요.,土,土,"[""① 토"", ""② 군"", ""③ 금"", ""④ 목""]",①,토,
8급,101,2023-06-03,48,select_eum,다음 漢字의 音을 <보기>에서 찾아 그 번호를 쓰세요.,軍,軍,"[""① 토"", ""② 군"", ""③ 금"", ""④ 목""]",②,군,
8급,101,2023-06-03,49,stroke,다음 漢字의 진하게 표시한 획은 몇 번째 쓰는지 <보기>에서 찾아 그 번호를 쓰세요.,,,"[""① 해"", ""② 열 번째"", ""③ 어미"", ""④ 형""]",⑤,다섯 번째,exam-strokes/stroke_8_101_49.png
8급,101,2023-06-03,50,stroke,다음 漢字의 진하게 표시한 획은 몇 번째 쓰는지 <보기>에서 찾아 그 번호를 쓰세요.,,,"[""① 해"", ""② 열 번째"", ""③ 어미"", ""④ 형""]",⑦,일곱 번째,exam-strokes/stroke_8_101_50.png
8급,102,2023-08-26,1,dokum,다음 글의 ( ) 안에 있는 漢字의 讀音을 쓰세요.,서울의 (四),四,,사,사,
8급,102,2023-08-26,2,dokum,다음 글의 ( ) 안에 있는 漢字의 讀音을 쓰세요.,(大),大,,대,대,
8급,102,2023-08-26,3,dokum,다음 글의 ( ) 안에 있는 漢字의 讀音을 쓰세요.,(門),門,,문,문,
8급,102,2023-08-26,4,dokum,다음 글의 ( ) 안에 있는 漢字의 讀音을 쓰세요.,(東)쪽엔 흥인지문,東,,동,동,
8급,102,2023-08-26,5,dokum,다음 글의 ( ) 안에 있는 漢字의 讀音을 쓰세요.,(西)쪽엔 돈의문,西,,서,서,
8급,102,2023-08-26,6,dokum,다음 글의 ( ) 안에 있는 漢字의 讀音을 쓰세요.,(南)쪽엔 숭례문,南,,남,남,
8급,102,2023-08-26,7,dokum,다음 글의 ( ) 안에 있는 漢字의 讀音을 쓰세요.,경복궁 (北)쪽엔,北,,북,북,
8급,102,2023-08-26,8,dokum,다음 글의 ( ) 안에 있는 漢字의 讀音을 쓰세요.,(靑)와대,靑,,청,청,
8급,102,2023-08-26,9,dokum,다음 글의 ( ) 안에 있는 漢字의 讀音을 쓰세요.,지금은 (國),國,,국,국,
8급,102,2023-08-26,10,dokum,다음 글의 ( ) 안에 있는 漢字의 讀音을 쓰세요.,(民) 품으로,民,,민,민,
8급,102,2023-08-26,11,select_hanja,다음 훈이나 음에 알맞은 漢字를 <보기>에서 찾아 그 번호를 쓰세요.,셋,셋,"[""① 六"", ""② 金"", ""③ 年"", ""④ 寸"", ""⑤ 七"", ""⑥ 三"", ""⑦ 軍"", ""⑧ 女"", ""⑨ 土"", ""⑩ 九""]",⑥,三,
8급,102,2023-08-26,12,select_hanja,다음 훈이나 음에 알맞은 漢字를 <보기>에서 찾아 그 번호를 쓰세요.,아홉,아홉,"[""① 六"", ""② 金"", ""③ 年"", ""④ 寸"", ""⑤ 七"", ""⑥ 三"", ""⑦ 軍"", ""⑧ 女"", ""⑨ 土"", ""⑩ 九""]",⑩,九,
8급,102,2023-08-26,13,select_hanja,다음 훈이나 음에 알맞은 漢字를 <보기>에서 찾아 그 번호를 쓰세요.,여섯,여섯,"[""① 六"", ""② 金"", ""③ 年"", ""④ 寸"", ""⑤ 七"", ""⑥ 三"", ""⑦ 軍"", ""⑧ 女"", ""⑨ 土"", ""⑩ 九""]",①,六,
8급,102,2023-08-26,14,select_hanja,다음 훈이나 음에 알맞은 漢字를 <보기>에서 찾아 그 번호를 쓰세요.,쇠,쇠,"[""① 六"", ""② 金"", ""③ 年"", ""④ 寸"", ""⑤ 七"", ""⑥ 三"", ""⑦ 軍"", ""⑧ 女"", ""⑨ 土"", ""⑩ 九""]",②,金,
8급,102,2023-08-26,15,select_hanja,다음 훈이나 음에 알맞은 漢字를 <보기>에서 찾아 그 번호를 쓰세요.,년,년,"[""① 六"", ""② 金"", ""③ 年"", ""④ 寸"", ""⑤ 七"", ""⑥ 三"", ""⑦ 軍"", ""⑧ 女"", ""⑨ 土"", ""⑩ 九""]",③,年,
8급,102,2023-08-26,16,select_hanja,다음 훈이나 음에 알맞은 漢字를 <보기>에서 찾아 그 번호를 쓰세요.,흙,흙,"[""① 六"", ""② 金"", ""③ 年"", ""④ 寸"", ""⑤ 七"", ""⑥ 三"", ""⑦ 軍"", ""⑧ 女"", ""⑨ 土"", ""⑩ 九""]",⑨,土,
8급,102,2023-08-26,17,select_hanja,다음 훈이나 음에 알맞은 漢字를 <보기>에서 찾아 그 번호를 쓰세요.,마디,마디,"[""① 六"", ""② 金"", ""③ 年"", ""④ 寸"", ""⑤ 七"", ""⑥ 三"", ""⑦ 軍"", ""⑧ 女"", ""⑨ 土"", ""⑩ 九""]",④,寸,
8급,102,2023-08-26,18,select_hanja,다음 훈이나 음에 알맞은 漢字를 <보기>에서 찾아 그 번호를 쓰세요.,여자,여자,"[""① 六"", ""② 金"", ""③ 年"", ""④ 寸"", ""⑤ 七"", ""⑥ 三"", ""⑦ 軍"", ""⑧ 女"", ""⑨ 土"", ""⑩ 九""]",⑧,女,
8급,102,2023-08-26,19,select_hanja,다음 훈이나 음에 알맞은 漢字를 <보기>에서 찾아 그 번호를 쓰세요.,군인,군인,"[""① 六"", ""② 金"", ""③ 年"", ""④ 寸"", ""⑤ 七"", ""⑥ 三"", ""⑦ 軍"", ""⑧ 女"", ""⑨ 土"", ""⑩ 九""]",⑦,軍,
8급,102,2023-08-26,20,select_hanja,다음 훈이나 음에 알맞은 漢字를 <보기>에서 찾아 그 번호를 쓰세요.,칠,칠,"[""① 六"", ""② 金"", ""③ 年"", ""④ 寸"", ""⑤ 七"", ""⑥ 三"", ""⑦ 軍"", ""⑧ 女"", ""⑨ 土"", ""⑩ 九""]",⑤,七,
8급,102,2023-08-26,21,select_hanja,다음 밑줄 친 말에 해당하는 漢字를 <보기>에서 찾아 그 번호를 쓰세요.,여러 방면에 능통한 사람을,사람,"[""① 室"", ""② 敎"", ""③ 一"", ""④ 中"", ""⑤ 王"", ""⑥ 人"", ""⑦ 二"", ""⑧ 十"", ""⑨ 弟"", ""⑩ 八""]",⑥,人,
8급,102,2023-08-26,22,select_hanja,다음 밑줄 친 말에 해당하는 漢字를 <보기>에서 찾아 그 번호를 쓰세요.,팔방미인이라고 부른다,팔,"[""① 室"", ""② 敎"", ""③ 一"", ""④ 中"", ""⑤ 王"", ""⑥ 人"", ""⑦ 二"", ""⑧ 十"", ""⑨ 弟"", ""⑩ 八""]",⑩,八,
8급,102,2023-08-26,23,select_hanja,다음 밑줄 친 말에 해당하는 漢字를 <보기>에서 찾아 그 번호를 쓰세요.,호텔에는 두 사람이,이,"[""① 室"", ""② 敎"", ""③ 一"", ""④ 中"", ""⑤ 王"", ""⑥ 人"", ""⑦ 二"", ""⑧ 十"", ""⑨ 弟"", ""⑩ 八""]",⑦,二,
8급,102,2023-08-26,24,select_hanja,다음 밑줄 친 말에 해당하는 漢字를 <보기>에서 찾아 그 번호를 쓰세요.,묵을 수 있는 방이,묵,"[""① 室"", ""② 敎"", ""③ 一"", ""④ 中"", ""⑤ 王"", ""⑥ 人"", ""⑦ 二"", ""⑧ 十"", ""⑨ 弟"", ""⑩ 八""]",①,室,
8급,102,2023-08-26,25,select_hanja,다음 밑줄 친 말에 해당하는 漢字를 <보기>에서 찾아 그 번호를 쓰세요.,열 개 남아 있다,열,"[""① 室"", ""② 敎"", ""③ 一"", ""④ 中"", ""⑤ 王"", ""⑥ 人"", ""⑦ 二"", ""⑧ 十"", ""⑨ 弟"", ""⑩ 八""]",⑧,十,
8급,102,2023-08-26,26,select_hanja,다음 밑줄 친 말에 해당하는 漢字를 <보기>에서 찾아 그 번호를 쓰세요.,그는 임금을,그는 임금을,"[""① 室"", ""② 敎"", ""③ 一"", ""④ 中"", ""⑤ 王"", ""⑥ 人"", ""⑦ 二"", ""⑧ 十"", ""⑨ 弟"", ""⑩ 八""]",⑤,王,
8급,102,2023-08-26,27,select_hanja,다음 밑줄 친 말에 해당하는 漢字를 <보기>에서 찾아 그 번호를 쓰세요.,가르치는,가르치는,"[""① 室"", ""② 敎"", ""③ 一"", ""④ 中"", ""⑤ 王"", ""⑥ 人"", ""⑦ 二"", ""⑧ 十"", ""⑨ 弟"", ""⑩ 八""]",②,敎,
8급,102,2023-08-26,28,select_hanja,다음 밑줄 친 말에 해당하는 漢字를 <보기>에서 찾아 그 번호를 쓰세요.,벼슬아치 가운데,벼슬아치 가운데,"[""① 室"", ""② 敎"", ""③ 一"", ""④ 中"", ""⑤ 王"", ""⑥ 人"", ""⑦ 二"", ""⑧ 十"", ""⑨ 弟"", ""⑩ 八""]",④,中,
8급,102,2023-08-26,29,select_hanja,다음 밑줄 친 말에 해당하는 漢字를 <보기>에서 찾아 그 번호를 쓰세요.,한 사람으로,한 사람으로,"[""① 室"", ""② 敎"", ""③ 一"", ""④ 中"", ""⑤ 王"", ""⑥ 人"", ""⑦ 二"", ""⑧ 十"", ""⑨ 弟"", ""⑩ 八""]",③,一,
8급,102,2023-08-26,30,select_hanja,다음 밑줄 친 말에 해당하는 漢字를 <보기>에서 찾아 그 번호를 쓰세요.,영의정의 동생이다,동생,"[""① 室"", ""② 敎"", ""③ 一"", ""④ 中"", ""⑤ 王"", ""⑥ 人"", ""⑦ 二"", ""⑧ 十"", ""⑨ 弟"", ""⑩ 八""]",⑨,弟,
8급,102,2023-08-26,31,hunum,다음 漢字의 訓과 音을 쓰세요.,長,長,,긴 장,긴 장,
8급,102,2023-08-26,32,hunum,다음 漢字의 訓과 音을 쓰세요.,學,學,,배울 학,배울 학,
8급,102,2023-08-26,33,hunum,다음 漢字의 訓과 音을 쓰세요.,萬,萬,,일만 만,일만 만,
8급,102,2023-08-26,34,hunum,다음 漢字의 訓과 音을 쓰세요.,月,月,,달 월,달 월,
8급,102,2023-08-26,35,hunum,다음 漢字의 訓과 音을 쓰세요.,日,日,,날 일,날 일,
8급,102,2023-08-26,36,hunum,다음 漢字의 訓과 音을 쓰세요.,火,火,,불 화,불 화,
8급,102,2023-08-26,37,hunum,다음 漢字의 訓과 音을 쓰세요.,白,白,,흰 백,흰 백,
8급,102,2023-08-26,38,hunum,다음 漢字의 訓과 音을 쓰세요.,校,校,,학교 교,학교 교,
8급,102,2023-08-26,39,hunum,다음 漢字의 訓과 音을 쓰세요.,母,母,,어미 모,어미 모,
8급,102,2023-08-26,40,hunum,다음 漢字의 訓과 音을 쓰세요.,兄,兄,,형 형,형 형,
8급,102,2023-08-26,41,select_hun,다음 漢字의 訓을 <보기>에서 찾아 그 번호를 쓰세요.,木,木,"[""① 뫼"", ""② 바깥"", ""③ 나무"", ""④ 아비""]",③,나무,
8급,102,2023-08-26,42,select_hun,다음 漢字의 訓을 <보기>에서 찾아 그 번호를 쓰세요.,外,外,"[""① 뫼"", ""② 바깥"", ""③ 나무"", ""④ 아비""]",②,바깥,
8급,102,2023-08-26,43,select_hun,다음 漢字의 訓을 <보기>에서 찾아 그 번호를 쓰세요.,山,山,"[""① 뫼"", ""② 바깥"", ""③ 나무"", ""④ 아비""]",①,뫼,
8급,102,2023-08-26,44,select_hun,다음 漢字의 訓을 <보기>에서 찾아 그 번호를 쓰세요.,父,父,"[""① 뫼"", ""② 바깥"", ""③ 나무"", ""④ 아비""]",④,아비,
8급,102,2023-08-26,45,select_eum,다음 漢字의 音을 <보기>에서 찾아 그 번호를 쓰세요.,生,生,"[""① 한"", ""② 수"", ""③ 생"", ""④ 선""]",③,생,
8급,102,2023-08-26,46,select_eum,다음 漢字의 音을 <보기>에서 찾아 그 번호를 쓰세요.,先,先,"[""① 한"", ""② 수"", ""③ 생"", ""④ 선""]",④,선,
8급,102,2023-08-26,47,select_eum,다음 漢字의 音을 <보기>에서 찾아 그 번호를 쓰세요.,水,水,"[""① 한"", ""② 수"", ""③ 생"", ""④ 선""]",②,수,
8급,102,2023-08-26,48,select_eum,다음 漢字의 音을 <보기>에서 찾아 그 번호를 쓰세요.,韓,韓,"[""① 한"", ""② 수"", ""③ 생"", ""④ 선""]",①,한,
8급,102,2023-08-26,49,stroke,다음 漢字의 진하게 표시한 획은 몇 번째 쓰는지 <보기>에서 찾아 그 번호를 쓰세요.,,,"[""① 첫 번째"", ""② 두 번째"", ""③ 세 번째"", ""④ 네 번째"", ""⑤ 다섯 번째"", ""⑥ 여섯 번째"", ""⑦ 일곱 번째"", ""⑧ 여덟 번째"", ""⑨ 아홉 번째""]",⑨,아홉 번째,exam-strokes/stroke_8_102_49.png
8급,102,2023-08-26,50,stroke,다음 漢字의 진하게 표시한 획은 몇 번째 쓰는지 <보기>에서 찾아 그 번호를 쓰세요.,,,"[""① 첫 번째"", ""② 두 번째"", ""③ 세 번째"", ""④ 네 번째"", ""⑤ 다섯 번째"", ""⑥ 여섯 번째"", ""⑦ 일곱 번째"", ""⑧ 여덟 번째"", ""⑨ 아홉 번째""]",③,세 번째,exam-strokes/stroke_8_102_50.png
8급,103,2023-11-11,1,dokum,다음 글의 ( ) 안에 있는 漢字의 讀音을 쓰세요.,(外),外,,외,외,
8급,103,2023-11-11,2,dokum,다음 글의 ( ) 안에 있는 漢字의 讀音을 쓰세요.,(四),四,,사,사,
8급,103,2023-11-11,3,dokum,다음 글의 ( ) 안에 있는 漢字의 讀音을 쓰세요.,(寸),寸,,촌,촌,
8급,103,2023-11-11,4,dokum,다음 글의 ( ) 안에 있는 漢字의 讀音을 쓰세요.,(兄)은,兄,,형,형,
8급,103,2023-11-11,5,dokum,다음 글의 ( ) 안에 있는 漢字의 讀音을 쓰세요.,내(年),年,,년,년,
8급,103,2023-11-11,6,dokum,다음 글의 ( ) 안에 있는 漢字의 讀音을 쓰세요.,(三),三,,삼,삼,
8급,103,2023-11-11,7,dokum,다음 글의 ( ) 안에 있는 漢字의 讀音을 쓰세요.,(月)에,月,,월,월,
8급,103,2023-11-11,8,dokum,다음 글의 ( ) 안에 있는 漢字의 讀音을 쓰세요.,(中),中,,중,중,
8급,103,2023-11-11,9,dokum,다음 글의 ( ) 안에 있는 漢字의 讀音을 쓰세요.,(學),學,,학,학,
8급,103,2023-11-11,10,dokum,다음 글의 ( ) 안에 있는 漢字의 讀音을 쓰세요.,(校)에 들어갑니다,校,,교,교,
8급,103,2023-11-11,11,select_hanja,다음 훈이나 음에 알맞은 漢字를 <보기>에서 찾아 그 번호를 쓰세요.,군,군,"[""① 父"", ""② 先"", ""③ 母"", ""④ 軍"", ""⑤ 女"", ""⑥ 室"", ""⑦ 七"", ""⑧ 一"", ""⑨ 土"", ""⑩ 人""]",④,軍,
8급,103,2023-11-11,12,select_hanja,다음 훈이나 음에 알맞은 漢字를 <보기>에서 찾아 그 번호를 쓰세요.,흙,흙,"[""① 父"", ""② 先"", ""③ 母"", ""④ 軍"", ""⑤ 女"", ""⑥ 室"", ""⑦ 七"", ""⑧ 一"", ""⑨ 土"", ""⑩ 人""]",⑨,土,
8급,103,2023-11-11,13,select_hanja,다음 훈이나 음에 알맞은 漢字를 <보기>에서 찾아 그 번호를 쓰세요.,선,선,"[""① 父"", ""② 先"", ""③ 母"", ""④ 軍"", ""⑤ 女"", ""⑥ 室"", ""⑦ 七"", ""⑧ 一"", ""⑨ 土"", ""⑩ 人""]",②,先,
8급,103,2023-11-11,14,select_hanja,다음 훈이나 음에 알맞은 漢字를 <보기>에서 찾아 그 번호를 쓰세요.,한,한,"[""① 父"", ""② 先"", ""③ 母"", ""④ 軍"", ""⑤ 女"", ""⑥ 室"", ""⑦ 七"", ""⑧ 一"", ""⑨ 土"", ""⑩ 人""]",⑧,一,
8급,103,2023-11-11,15,select_hanja,다음 훈이나 음에 알맞은 漢字를 <보기>에서 찾아 그 번호를 쓰세요.,사람,사람,"[""① 父"", ""② 先"", ""③ 母"", ""④ 軍"", ""⑤ 女"", ""⑥ 室"", ""⑦ 七"", ""⑧ 一"", ""⑨ 土"", ""⑩ 人""]",⑩,人,
8급,103,2023-11-11,16,select_hanja,다음 훈이나 음에 알맞은 漢字를 <보기>에서 찾아 그 번호를 쓰세요.,녀,녀,"[""① 父"", ""② 先"", ""③ 母"", ""④ 軍"", ""⑤ 女"", ""⑥ 室"", ""⑦ 七"", ""⑧ 一"", ""⑨ 土"", ""⑩ 人""]",⑤,女,
8급,103,2023-11-11,17,select_hanja,다음 훈이나 음에 알맞은 漢字를 <보기>에서 찾아 그 번호를 쓰세요.,일곱,일곱,"[""① 父"", ""② 先"", ""③ 母"", ""④ 軍"", ""⑤ 女"", ""⑥ 室"", ""⑦ 七"", ""⑧ 一"", ""⑨ 土"", ""⑩ 人""]",⑦,七,
8급,103,2023-11-11,18,select_hanja,다음 훈이나 음에 알맞은 漢字를 <보기>에서 찾아 그 번호를 쓰세요.,부,부,"[""① 父"", ""② 先"", ""③ 母"", ""④ 軍"", ""⑤ 女"", ""⑥ 室"", ""⑦ 七"", ""⑧ 一"", ""⑨ 土"", ""⑩ 人""]",①,父,
8급,103,2023-11-11,19,select_hanja,다음 훈이나 음에 알맞은 漢字를 <보기>에서 찾아 그 번호를 쓰세요.,집,집,"[""① 父"", ""② 先"", ""③ 母"", ""④ 軍"", ""⑤ 女"", ""⑥ 室"", ""⑦ 七"", ""⑧ 一"", ""⑨ 土"", ""⑩ 人""]",⑥,室,
8급,103,2023-11-11,20,select_hanja,다음 훈이나 음에 알맞은 漢字를 <보기>에서 찾아 그 번호를 쓰세요.,모,모,"[""① 父"", ""② 先"", ""③ 母"", ""④ 軍"", ""⑤ 女"", ""⑥ 室"", ""⑦ 七"", ""⑧ 一"", ""⑨ 土"", ""⑩ 人""]",③,母,
8급,103,2023-11-11,21,select_hanja,다음 밑줄 친 말에 해당하는 漢字를 <보기>에서 찾아 그 번호를 쓰세요.,넓고 푸른 바다가 펼쳐 집니다,푸른,"[""① 門"", ""② 六"", ""③ 九"", ""④ 弟"", ""⑤ 韓"", ""⑥ 王"", ""⑦ 十"", ""⑧ 民"", ""⑨ 靑"", ""⑩ 小""]",⑨,靑,
8급,103,2023-11-11,22,select_hanja,다음 밑줄 친 말에 해당하는 漢字를 <보기>에서 찾아 그 번호를 쓰세요.,어느 덧 아홉 시가 되었 습니다,아홉,"[""① 門"", ""② 六"", ""③ 九"", ""④ 弟"", ""⑤ 韓"", ""⑥ 王"", ""⑦ 十"", ""⑧ 民"", ""⑨ 靑"", ""⑩ 小""]",③,九,
8급,103,2023-11-11,23,select_hanja,다음 밑줄 친 말에 해당하는 漢字를 <보기>에서 찾아 그 번호를 쓰세요.,모두 열 명입니다,열,"[""① 門"", ""② 六"", ""③ 九"", ""④ 弟"", ""⑤ 韓"", ""⑥ 王"", ""⑦ 十"", ""⑧ 民"", ""⑨ 靑"", ""⑩ 小""]",⑦,十,
8급,103,2023-11-11,24,select_hanja,다음 밑줄 친 말에 해당하는 漢字를 <보기>에서 찾아 그 번호를 쓰세요.,성 안의 모든 백성들이 힘을 모았습니다,백성,"[""① 門"", ""② 六"", ""③ 九"", ""④ 弟"", ""⑤ 韓"", ""⑥ 王"", ""⑦ 十"", ""⑧ 民"", ""⑨ 靑"", ""⑩ 小""]",⑧,民,
8급,103,2023-11-11,25,select_hanja,다음 밑줄 친 말에 해당하는 漢字를 <보기>에서 찾아 그 번호를 쓰세요.,환기를 위해 문을 잠시 열어두겠습니다,문,"[""① 門"", ""② 六"", ""③ 九"", ""④ 弟"", ""⑤ 韓"", ""⑥ 王"", ""⑦ 十"", ""⑧ 民"", ""⑨ 靑"", ""⑩ 小""]",①,門,
8급,103,2023-11-11,26,select_hanja,다음 밑줄 친 말에 해당하는 漢字를 <보기>에서 찾아 그 번호를 쓰세요.,오늘은 동생과 놀이터에 가기로 했습니다,동생,"[""① 門"", ""② 六"", ""③ 九"", ""④ 弟"", ""⑤ 韓"", ""⑥ 王"", ""⑦ 十"", ""⑧ 民"", ""⑨ 靑"", ""⑩ 小""]",④,弟,
8급,103,2023-11-11,27,select_hanja,다음 밑줄 친 말에 해당하는 漢字를 <보기>에서 찾아 그 번호를 쓰세요.,거문고는 여섯 줄로 된 악기입니다,여섯,"[""① 門"", ""② 六"", ""③ 九"", ""④ 弟"", ""⑤ 韓"", ""⑥ 王"", ""⑦ 十"", ""⑧ 民"", ""⑨ 靑"", ""⑩ 小""]",②,六,
8급,103,2023-11-11,28,select_hanja,다음 밑줄 친 말에 해당하는 漢字를 <보기>에서 찾아 그 번호를 쓰세요.,제 키가 더 작습니다,작,"[""① 門"", ""② 六"", ""③ 九"", ""④ 弟"", ""⑤ 韓"", ""⑥ 王"", ""⑦ 十"", ""⑧ 民"", ""⑨ 靑"", ""⑩ 小""]",⑩,小,
8급,103,2023-11-11,29,select_hanja,다음 밑줄 친 말에 해당하는 漢字를 <보기>에서 찾아 그 번호를 쓰세요.,이 물건은 임금께서 내 리신 것이라고 합니다,임금,"[""① 門"", ""② 六"", ""③ 九"", ""④ 弟"", ""⑤ 韓"", ""⑥ 王"", ""⑦ 十"", ""⑧ 民"", ""⑨ 靑"", ""⑩ 小""]",⑥,王,
8급,103,2023-11-11,30,select_hanja,다음 밑줄 친 말에 해당하는 漢字를 <보기>에서 찾아 그 번호를 쓰세요.,어제 축구경기는 한국이 승리했습니다,한,"[""① 門"", ""② 六"", ""③ 九"", ""④ 弟"", ""⑤ 韓"", ""⑥ 王"", ""⑦ 十"", ""⑧ 民"", ""⑨ 靑"", ""⑩ 小""]",⑤,韓,
8급,103,2023-11-11,31,hunum,다음 漢字의 訓과 音을 쓰세요.,木,木,,나무 목,나무 목,
8급,103,2023-11-11,32,hunum,다음 漢字의 訓과 音을 쓰세요.,南,南,,남녘 남,남녘 남,
8급,103,2023-11-11,33,hunum,다음 漢字의 訓과 音을 쓰세요.,日,日,,날 일,날 일,
8급,103,2023-11-11,34,hunum,다음 漢字의 訓과 音을 쓰세요.,五,五,,다섯 오,다섯 오,
8급,103,2023-11-11,35,hunum,다음 漢字의 訓과 音을 쓰세요.,生,生,,날 생,날 생,
8급,103,2023-11-11,36,hunum,다음 漢字의 訓과 音을 쓰세요.,白,白,,흰 백,흰 백,
8급,103,2023-11-11,37,hunum,다음 漢字의 訓과 音을 쓰세요.,敎,敎,,가르칠 교,가르칠 교,
8급,103,2023-11-11,38,hunum,다음 漢字의 訓과 音을 쓰세요.,萬,萬,,일만 만,일만 만,
8급,103,2023-11-11,39,hunum,다음 漢字의 訓과 音을 쓰세요.,二,二,,두 이,두 이,
8급,103,2023-11-11,40,hunum,다음 漢字의 訓과 音을 쓰세요.,火,火,,불 화,불 화,
8급,103,2023-11-11,41,select_hun,다음 漢字의 訓을 <보기>에서 찾아 그 번호를 쓰세요.,西,西,"[""① 큰"", ""② 나라"", ""③ 서녘"", ""④ 물""]",③,서녘,
8급,103,2023-11-11,42,select_hun,다음 漢字의 訓을 <보기>에서 찾아 그 번호를 쓰세요.,國,國,"[""① 큰"", ""② 나라"", ""③ 서녘"", ""④ 물""]",②,나라,
8급,103,2023-11-11,43,select_hun,다음 漢字의 訓을 <보기>에서 찾아 그 번호를 쓰세요.,大,大,"[""① 큰"", ""② 나라"", ""③ 서녘"", ""④ 물""]",①,큰,
8급,103,2023-11-11,44,select_hun,다음 漢字의 訓을 <보기>에서 찾아 그 번호를 쓰세요.,水,水,"[""① 큰"", ""② 나라"", ""③ 서녘"", ""④ 물""]",④,물,
8급,103,2023-11-11,45,select_eum,다음 漢字의 音을 <보기>에서 찾아 그 번호를 쓰세요.,北,北,"[""① 팔"", ""② 금"", ""③ 산"", ""④ 북""]",④,북,
8급,103,2023-11-11,46,select_eum,다음 漢字의 音을 <보기>에서 찾아 그 번호를 쓰세요.,金,金,"[""① 팔"", ""② 금"", ""③ 산"", ""④ 북""]",②,금,
8급,103,2023-11-11,47,select_eum,다음 漢字의 音을 <보기>에서 찾아 그 번호를 쓰세요.,八,八,"[""① 팔"", ""② 금"", ""③ 산"", ""④ 북""]",①,팔,
8급,103,2023-11-11,48,select_eum,다음 漢字의 音을 <보기>에서 찾아 그 번호를 쓰세요.,山,山,"[""① 팔"", ""② 금"", ""③ 산"", ""④ 북""]",③,산,
8급,103,2023-11-11,49,stroke,다음 漢字의 진하게 표시한 획은 몇 번째 쓰는지 <보기>에서 찾아 그 번호를 쓰세요.,,,"[""① 첫 번째"", ""② 두 번째"", ""③ 세 번째"", ""④ 네 번째"", ""⑤ 다섯 번째"", ""⑥ 여섯 번째"", ""⑦ 일곱 번째"", ""⑧ 여덟 번째""]",⑦,일곱 번째,exam-strokes/stroke_8_103_49.png
8급,103,2023-11-11,50,stroke,다음 漢字의 진하게 표시한 획은 몇 번째 쓰는지 <보기>에서 찾아 그 번호를 쓰세요.,,,"[""① 첫 번째"", ""② 두 번째"", ""③ 세 번째"", ""④ 네 번째"", ""⑤ 다섯 번째"", ""⑥ 여섯 번째"", ""⑦ 일곱 번째"", ""⑧ 여덟 번째""]",⑧,여덟 번째,exam-strokes/stroke_8_103_50.png
8급,104,2024-02-24,1,dokum,다음 글의 ( ) 안에 있는 漢字의 讀音을 쓰세요.,국보 (一)호인,一,,일,일,
8급,104,2024-02-24,2,dokum,다음 글의 ( ) 안에 있는 漢字의 讀音을 쓰세요.,(南),南,,남,남,
8급,104,2024-02-24,3,dokum,다음 글의 ( ) 안에 있는 漢字의 讀音을 쓰세요.,(大),大,,대,대,
8급,104,2024-02-24,4,dokum,다음 글의 ( ) 안에 있는 漢字의 讀音을 쓰세요.,(門)으로 가기 위해,門,,문,문,
8급,104,2024-02-24,5,dokum,다음 글의 ( ) 안에 있는 漢字의 讀音을 쓰세요.,(山)을 내려가다 보니,山,,산,산,
8급,104,2024-02-24,6,dokum,다음 글의 ( ) 안에 있는 漢字의 讀音을 쓰세요.,(東)쪽에,東,,동,동,
8급,104,2024-02-24,7,dokum,다음 글의 ( ) 안에 있는 漢字의 讀音을 쓰세요.,(學),學,,학,학,
8급,104,2024-02-24,8,dokum,다음 글의 ( ) 안에 있는 漢字의 讀音을 쓰세요.,(校)와 그 안에,校,,교,교,
8급,104,2024-02-24,9,dokum,다음 글의 ( ) 안에 있는 漢字의 讀音을 쓰세요.,(敎),敎,,교,교,
8급,104,2024-02-24,10,dokum,다음 글의 ( ) 안에 있는 漢字의 讀音을 쓰세요.,(室)이 보였다,室,,실,실,
8급,104,2024-02-24,11,select_hanja,다음 훈이나 음에 알맞은 漢字를 <보기>에서 찾아 그 번호를 쓰세요.,생,생,"[""① 年"", ""② 九"", ""③ 國"", ""④ 生"", ""⑤ 金"", ""⑥ 軍"", ""⑦ 韓"", ""⑧ 六"", ""⑨ 萬"", ""⑩ 寸""]",④,生,
8급,104,2024-02-24,12,select_hanja,다음 훈이나 음에 알맞은 漢字를 <보기>에서 찾아 그 번호를 쓰세요.,한,한,"[""① 年"", ""② 九"", ""③ 國"", ""④ 生"", ""⑤ 金"", ""⑥ 軍"", ""⑦ 韓"", ""⑧ 六"", ""⑨ 萬"", ""⑩ 寸""]",⑦,韓,
8급,104,2024-02-24,13,select_hanja,다음 훈이나 음에 알맞은 漢字를 <보기>에서 찾아 그 번호를 쓰세요.,국,국,"[""① 年"", ""② 九"", ""③ 國"", ""④ 生"", ""⑤ 金"", ""⑥ 軍"", ""⑦ 韓"", ""⑧ 六"", ""⑨ 萬"", ""⑩ 寸""]",③,國,
8급,104,2024-02-24,14,select_hanja,다음 훈이나 음에 알맞은 漢字를 <보기>에서 찾아 그 번호를 쓰세요.,군,군,"[""① 年"", ""② 九"", ""③ 國"", ""④ 生"", ""⑤ 金"", ""⑥ 軍"", ""⑦ 韓"", ""⑧ 六"", ""⑨ 萬"", ""⑩ 寸""]",⑥,軍,
8급,104,2024-02-24,15,select_hanja,다음 훈이나 음에 알맞은 漢字를 <보기>에서 찾아 그 번호를 쓰세요.,쇠,쇠,"[""① 年"", ""② 九"", ""③ 國"", ""④ 生"", ""⑤ 金"", ""⑥ 軍"", ""⑦ 韓"", ""⑧ 六"", ""⑨ 萬"", ""⑩ 寸""]",⑤,金,
8급,104,2024-02-24,16,select_hanja,다음 훈이나 음에 알맞은 漢字를 <보기>에서 찾아 그 번호를 쓰세요.,마디,마디,"[""① 年"", ""② 九"", ""③ 國"", ""④ 生"", ""⑤ 金"", ""⑥ 軍"", ""⑦ 韓"", ""⑧ 六"", ""⑨ 萬"", ""⑩ 寸""]",⑩,寸,
8급,104,2024-02-24,17,select_hanja,다음 훈이나 음에 알맞은 漢字를 <보기>에서 찾아 그 번호를 쓰세요.,륙,륙,"[""① 年"", ""② 九"", ""③ 國"", ""④ 生"", ""⑤ 金"", ""⑥ 軍"", ""⑦ 韓"", ""⑧ 六"", ""⑨ 萬"", ""⑩ 寸""]",⑧,六,
8급,104,2024-02-24,18,select_hanja,다음 훈이나 음에 알맞은 漢字를 <보기>에서 찾아 그 번호를 쓰세요.,아홉,아홉,"[""① 年"", ""② 九"", ""③ 國"", ""④ 生"", ""⑤ 金"", ""⑥ 軍"", ""⑦ 韓"", ""⑧ 六"", ""⑨ 萬"", ""⑩ 寸""]",②,九,
8급,104,2024-02-24,19,select_hanja,다음 훈이나 음에 알맞은 漢字를 <보기>에서 찾아 그 번호를 쓰세요.,해,해,"[""① 年"", ""② 九"", ""③ 國"", ""④ 生"", ""⑤ 金"", ""⑥ 軍"", ""⑦ 韓"", ""⑧ 六"", ""⑨ 萬"", ""⑩ 寸""]",①,年,
8급,104,2024-02-24,20,select_hanja,다음 훈이나 음에 알맞은 漢字를 <보기>에서 찾아 그 번호를 쓰세요.,만,만,"[""① 年"", ""② 九"", ""③ 國"", ""④ 生"", ""⑤ 金"", ""⑥ 軍"", ""⑦ 韓"", ""⑧ 六"", ""⑨ 萬"", ""⑩ 寸""]",⑨,萬,
8급,104,2024-02-24,21,select_hanja,다음 밑줄 친 말에 해당하는 漢字를 <보기>에서 찾아 그 번호를 쓰세요.,서쪽 하늘이 붉게 물들 었다,서,"[""① 靑"", ""② 父"", ""③ 白"", ""④ 先"", ""⑤ 十"", ""⑥ 外"", ""⑦ 人"", ""⑧ 日"", ""⑨ 西"", ""⑩ 四""]",⑨,西,
8급,104,2024-02-24,22,select_hanja,다음 밑줄 친 말에 해당하는 漢字를 <보기>에서 찾아 그 번호를 쓰세요.,먼저 태어난,먼저 태어난,"[""① 靑"", ""② 父"", ""③ 白"", ""④ 先"", ""⑤ 十"", ""⑥ 外"", ""⑦ 人"", ""⑧ 日"", ""⑨ 西"", ""⑩ 四""]",④,先,
8급,104,2024-02-24,23,select_hanja,다음 밑줄 친 말에 해당하는 漢字를 <보기>에서 찾아 그 번호를 쓰세요.,사람,사람,"[""① 靑"", ""② 父"", ""③ 白"", ""④ 先"", ""⑤ 十"", ""⑥ 外"", ""⑦ 人"", ""⑧ 日"", ""⑨ 西"", ""⑩ 四""]",⑦,人,
8급,104,2024-02-24,24,select_hanja,다음 밑줄 친 말에 해당하는 漢字를 <보기>에서 찾아 그 번호를 쓰세요.,네 명이 들어왔다,네,"[""① 靑"", ""② 父"", ""③ 白"", ""④ 先"", ""⑤ 十"", ""⑥ 外"", ""⑦ 人"", ""⑧ 日"", ""⑨ 西"", ""⑩ 四""]",⑩,四,
8급,104,2024-02-24,25,select_hanja,다음 밑줄 친 말에 해당하는 漢字를 <보기>에서 찾아 그 번호를 쓰세요.,오늘은 일이 시작된 지 열 번째,열,"[""① 靑"", ""② 父"", ""③ 白"", ""④ 先"", ""⑤ 十"", ""⑥ 外"", ""⑦ 人"", ""⑧ 日"", ""⑨ 西"", ""⑩ 四""]",⑤,十,
8급,104,2024-02-24,26,select_hanja,다음 밑줄 친 말에 해당하는 漢字를 <보기>에서 찾아 그 번호를 쓰세요.,날이다,날이다,"[""① 靑"", ""② 父"", ""③ 白"", ""④ 先"", ""⑤ 十"", ""⑥ 外"", ""⑦ 人"", ""⑧ 日"", ""⑨ 西"", ""⑩ 四""]",⑧,日,
8급,104,2024-02-24,27,select_hanja,다음 밑줄 친 말에 해당하는 漢字를 <보기>에서 찾아 그 번호를 쓰세요.,아버지가,아버지가,"[""① 靑"", ""② 父"", ""③ 白"", ""④ 先"", ""⑤ 十"", ""⑥ 外"", ""⑦ 人"", ""⑧ 日"", ""⑨ 西"", ""⑩ 四""]",②,父,
8급,104,2024-02-24,28,select_hanja,다음 밑줄 친 말에 해당하는 漢字를 <보기>에서 찾아 그 번호를 쓰세요.,밖에서 들어오셨다,밖,"[""① 靑"", ""② 父"", ""③ 白"", ""④ 先"", ""⑤ 十"", ""⑥ 外"", ""⑦ 人"", ""⑧ 日"", ""⑨ 西"", ""⑩ 四""]",⑥,外,
8급,104,2024-02-24,29,select_hanja,다음 밑줄 친 말에 해당하는 漢字를 <보기>에서 찾아 그 번호를 쓰세요.,푸른 색과,푸른 색과,"[""① 靑"", ""② 父"", ""③ 白"", ""④ 先"", ""⑤ 十"", ""⑥ 外"", ""⑦ 人"", ""⑧ 日"", ""⑨ 西"", ""⑩ 四""]",①,靑,
8급,104,2024-02-24,30,select_hanja,다음 밑줄 친 말에 해당하는 漢字를 <보기>에서 찾아 그 번호를 쓰세요.,흰색으로 팀을 나누어 체육대회를 치렀다,흰,"[""① 靑"", ""② 父"", ""③ 白"", ""④ 先"", ""⑤ 十"", ""⑥ 外"", ""⑦ 人"", ""⑧ 日"", ""⑨ 西"", ""⑩ 四""]",③,白,
8급,104,2024-02-24,31,hunum,다음 漢字의 訓과 音을 쓰세요.,弟,弟,,아우 제,아우 제,
8급,104,2024-02-24,32,hunum,다음 漢字의 訓과 音을 쓰세요.,中,中,,가운데 중,가운데 중,
8급,104,2024-02-24,33,hunum,다음 漢字의 訓과 音을 쓰세요.,七,七,,일곱 칠,일곱 칠,
8급,104,2024-02-24,34,hunum,다음 漢字의 訓과 音을 쓰세요.,火,火,,불 화,불 화,
8급,104,2024-02-24,35,hunum,다음 漢字의 訓과 音을 쓰세요.,土,土,,흙 토,흙 토,
8급,104,2024-02-24,36,hunum,다음 漢字의 訓과 音을 쓰세요.,八,八,,여덟 팔,여덟 팔,
8급,104,2024-02-24,37,hunum,다음 漢字의 訓과 音을 쓰세요.,兄,兄,,형 형,형 형,
8급,104,2024-02-24,38,hunum,다음 漢字의 訓과 音을 쓰세요.,民,民,,백성 민,백성 민,
8급,104,2024-02-24,39,hunum,다음 漢字의 訓과 音을 쓰세요.,木,木,,나무 목,나무 목,
8급,104,2024-02-24,40,hunum,다음 漢字의 訓과 音을 쓰세요.,女,女,,계집 녀,계집 녀,
8급,104,2024-02-24,41,select_hun,다음 漢字의 訓을 <보기>에서 찾아 그 번호를 쓰세요.,長,長,"[""① 다섯"", ""② 임금"", ""③ 긴"", ""④ 물""]",③,긴,
8급,104,2024-02-24,42,select_hun,다음 漢字의 訓을 <보기>에서 찾아 그 번호를 쓰세요.,王,王,"[""① 다섯"", ""② 임금"", ""③ 긴"", ""④ 물""]",②,임금,
8급,104,2024-02-24,43,select_hun,다음 漢字의 訓을 <보기>에서 찾아 그 번호를 쓰세요.,水,水,"[""① 다섯"", ""② 임금"", ""③ 긴"", ""④ 물""]",④,물,
8급,104,2024-02-24,44,select_hun,다음 漢字의 訓을 <보기>에서 찾아 그 번호를 쓰세요.,五,五,"[""① 다섯"", ""② 임금"", ""③ 긴"", ""④ 물""]",①,다섯,
8급,104,2024-02-24,45,select_eum,다음 漢字의 音을 <보기>에서 찾아 그 번호를 쓰세요.,月,月,"[""① 삼"", ""② 소"", ""③ 월"", ""④ 이""]",③,월,
8급,104,2024-02-24,46,select_eum,다음 漢字의 音을 <보기>에서 찾아 그 번호를 쓰세요.,三,三,"[""① 삼"", ""② 소"", ""③ 월"", ""④ 이""]",①,삼,
8급,104,2024-02-24,47,select_eum,다음 漢字의 音을 <보기>에서 찾아 그 번호를 쓰세요.,小,小,"[""① 삼"", ""② 소"", ""③ 월"", ""④ 이""]",②,소,
8급,104,2024-02-24,48,select_eum,다음 漢字의 音을 <보기>에서 찾아 그 번호를 쓰세요.,二,二,"[""① 삼"", ""② 소"", ""③ 월"", ""④ 이""]",④,이,
8급,104,2024-02-24,49,stroke,다음 漢字의 진하게 표시한 획은 몇 번째 쓰는지 <보기>에서 찾아 그 번호를 쓰세요.,,,"[""① 다섯 번째"", ""② 임금"", ""③ 긴"", ""④ 물""]",⑤,다섯 번째,exam-strokes/stroke_8_104_49.png
8급,104,2024-02-24,50,stroke,다음 漢字의 진하게 표시한 획은 몇 번째 쓰는지 <보기>에서 찾아 그 번호를 쓰세요.,,,"[""① 다섯 번째"", ""② 임금"", ""③ 긴"", ""④ 물""]",④,네 번째,exam-strokes/stroke_8_104_50.png
8급,105,2024-05-25,1,dokum,다음 글의 ( ) 안에 있는 漢字의 讀音을 쓰세요.,(學),學,,학,학,
8급,105,2024-05-25,2,dokum,다음 글의 ( ) 안에 있는 漢字의 讀音을 쓰세요.,(生) 여러분,生,,생,생,
8급,105,2024-05-25,3,dokum,다음 글의 ( ) 안에 있는 漢字의 讀音을 쓰세요.,(大),大,,대,대,
8급,105,2024-05-25,4,dokum,다음 글의 ( ) 안에 있는 漢字의 讀音을 쓰세요.,(韓),韓,,한,한,
8급,105,2024-05-25,5,dokum,다음 글의 ( ) 안에 있는 漢字의 讀音을 쓰세요.,(民),民,,민,민,
8급,105,2024-05-25,6,dokum,다음 글의 ( ) 안에 있는 漢字의 讀音을 쓰세요.,(國)의,國,,국,국,
8급,105,2024-05-25,7,dokum,다음 글의 ( ) 안에 있는 漢字의 讀音을 쓰세요.,(東)쪽 끝은 독도이고,東,,동,동,
8급,105,2024-05-25,8,dokum,다음 글의 ( ) 안에 있는 漢字의 讀音을 쓰세요.,(西)쪽 끝은 백령도,西,,서,서,
8급,105,2024-05-25,9,dokum,다음 글의 ( ) 안에 있는 漢字의 讀音을 쓰세요.,(南)쪽 끝은 마라도,南,,남,남,
8급,105,2024-05-25,10,dokum,다음 글의 ( ) 안에 있는 漢字의 讀音을 쓰세요.,(北)쪽 끝은 고성군입니 다,北,,북,북,
8급,105,2024-05-25,11,select_hanja,다음 훈이나 음에 알맞은 漢字를 <보기>에서 찾아 그 번호를 쓰세요.,흙,흙,"[""① 萬"", ""② 三"", ""③ 校"", ""④ 長"", ""⑤ 王"", ""⑥ 弟"", ""⑦ 小"", ""⑧ 火"", ""⑨ 五"", ""⑩ 土""]",⑩,土,
8급,105,2024-05-25,12,select_hanja,다음 훈이나 음에 알맞은 漢字를 <보기>에서 찾아 그 번호를 쓰세요.,작을,작을,"[""① 萬"", ""② 三"", ""③ 校"", ""④ 長"", ""⑤ 王"", ""⑥ 弟"", ""⑦ 小"", ""⑧ 火"", ""⑨ 五"", ""⑩ 土""]",⑦,小,
8급,105,2024-05-25,13,select_hanja,다음 훈이나 음에 알맞은 漢字를 <보기>에서 찾아 그 번호를 쓰세요.,왕,왕,"[""① 萬"", ""② 三"", ""③ 校"", ""④ 長"", ""⑤ 王"", ""⑥ 弟"", ""⑦ 小"", ""⑧ 火"", ""⑨ 五"", ""⑩ 土""]",⑤,王,
8급,105,2024-05-25,14,select_hanja,다음 훈이나 음에 알맞은 漢字를 <보기>에서 찾아 그 번호를 쓰세요.,만,만,"[""① 萬"", ""② 三"", ""③ 校"", ""④ 長"", ""⑤ 王"", ""⑥ 弟"", ""⑦ 小"", ""⑧ 火"", ""⑨ 五"", ""⑩ 土""]",①,萬,
8급,105,2024-05-25,15,select_hanja,다음 훈이나 음에 알맞은 漢字를 <보기>에서 찾아 그 번호를 쓰세요.,장,장,"[""① 萬"", ""② 三"", ""③ 校"", ""④ 長"", ""⑤ 王"", ""⑥ 弟"", ""⑦ 小"", ""⑧ 火"", ""⑨ 五"", ""⑩ 土""]",④,長,
8급,105,2024-05-25,16,select_hanja,다음 훈이나 음에 알맞은 漢字를 <보기>에서 찾아 그 번호를 쓰세요.,아우,아우,"[""① 萬"", ""② 三"", ""③ 校"", ""④ 長"", ""⑤ 王"", ""⑥ 弟"", ""⑦ 小"", ""⑧ 火"", ""⑨ 五"", ""⑩ 土""]",⑥,弟,
8급,105,2024-05-25,17,select_hanja,다음 훈이나 음에 알맞은 漢字를 <보기>에서 찾아 그 번호를 쓰세요.,삼,삼,"[""① 萬"", ""② 三"", ""③ 校"", ""④ 長"", ""⑤ 王"", ""⑥ 弟"", ""⑦ 小"", ""⑧ 火"", ""⑨ 五"", ""⑩ 土""]",②,三,
8급,105,2024-05-25,18,select_hanja,다음 훈이나 음에 알맞은 漢字를 <보기>에서 찾아 그 번호를 쓰세요.,불,불,"[""① 萬"", ""② 三"", ""③ 校"", ""④ 長"", ""⑤ 王"", ""⑥ 弟"", ""⑦ 小"", ""⑧ 火"", ""⑨ 五"", ""⑩ 土""]",⑧,火,
8급,105,2024-05-25,19,select_hanja,다음 훈이나 음에 알맞은 漢字를 <보기>에서 찾아 그 번호를 쓰세요.,다섯,다섯,"[""① 萬"", ""② 三"", ""③ 校"", ""④ 長"", ""⑤ 王"", ""⑥ 弟"", ""⑦ 小"", ""⑧ 火"", ""⑨ 五"", ""⑩ 土""]",⑨,五,
8급,105,2024-05-25,20,select_hanja,다음 훈이나 음에 알맞은 漢字를 <보기>에서 찾아 그 번호를 쓰세요.,교,교,"[""① 萬"", ""② 三"", ""③ 校"", ""④ 長"", ""⑤ 王"", ""⑥ 弟"", ""⑦ 小"", ""⑧ 火"", ""⑨ 五"", ""⑩ 土""]",③,校,
8급,105,2024-05-25,21,select_hanja,다음 밑줄 친 말에 해당하는 漢字를 <보기>에서 찾아 그 번호를 쓰세요.,넷 더하기 넷은 여덟입니다,여덟,"[""① 白"", ""② 門"", ""③ 人"", ""④ 八"", ""⑤ 敎"", ""⑥ 一"", ""⑦ 十"", ""⑧ 木"", ""⑨ 山"", ""⑩ 日""]",④,八,
8급,105,2024-05-25,22,select_hanja,다음 밑줄 친 말에 해당하는 漢字를 <보기>에서 찾아 그 번호를 쓰세요.,새들이 나무 위에서 지 저귑니다,나무,"[""① 白"", ""② 門"", ""③ 人"", ""④ 八"", ""⑤ 敎"", ""⑥ 一"", ""⑦ 十"", ""⑧ 木"", ""⑨ 山"", ""⑩ 日""]",⑧,木,
8급,105,2024-05-25,23,select_hanja,다음 밑줄 친 말에 해당하는 漢字를 <보기>에서 찾아 그 번호를 쓰세요.,"똑, 똑, 똑, 문 두드리는 소리가 납니다",문,"[""① 白"", ""② 門"", ""③ 人"", ""④ 八"", ""⑤ 敎"", ""⑥ 一"", ""⑦ 十"", ""⑧ 木"", ""⑨ 山"", ""⑩ 日""]",②,門,
8급,105,2024-05-25,24,select_hanja,다음 밑줄 친 말에 해당하는 漢字를 <보기>에서 찾아 그 번호를 쓰세요.,장터에는 5일마다 장이 섭니다,일,"[""① 白"", ""② 門"", ""③ 人"", ""④ 八"", ""⑤ 敎"", ""⑥ 一"", ""⑦ 十"", ""⑧ 木"", ""⑨ 山"", ""⑩ 日""]",⑩,日,
8급,105,2024-05-25,25,select_hanja,다음 밑줄 친 말에 해당하는 漢字를 <보기>에서 찾아 그 번호를 쓰세요.,동생은 밤 열 시에 잠을 잡니다,열,"[""① 白"", ""② 門"", ""③ 人"", ""④ 八"", ""⑤ 敎"", ""⑥ 一"", ""⑦ 十"", ""⑧ 木"", ""⑨ 山"", ""⑩ 日""]",⑦,十,
8급,105,2024-05-25,26,select_hanja,다음 밑줄 친 말에 해당하는 漢字를 <보기>에서 찾아 그 번호를 쓰세요.,두둥실 흰구름이 떠갑니다,흰,"[""① 白"", ""② 門"", ""③ 人"", ""④ 八"", ""⑤ 敎"", ""⑥ 一"", ""⑦ 十"", ""⑧ 木"", ""⑨ 山"", ""⑩ 日""]",①,白,
8급,105,2024-05-25,27,select_hanja,다음 밑줄 친 말에 해당하는 漢字를 <보기>에서 찾아 그 번호를 쓰세요.,사과를 한 개씩 나누어 먹었습니다,한,"[""① 白"", ""② 門"", ""③ 人"", ""④ 八"", ""⑤ 敎"", ""⑥ 一"", ""⑦ 十"", ""⑧ 木"", ""⑨ 山"", ""⑩ 日""]",⑥,一,
8급,105,2024-05-25,28,select_hanja,다음 밑줄 친 말에 해당하는 漢字를 <보기>에서 찾아 그 번호를 쓰세요.,나무꾼은 마음씨가 착한 사람이었습니다,사람,"[""① 白"", ""② 門"", ""③ 人"", ""④ 八"", ""⑤ 敎"", ""⑥ 一"", ""⑦ 十"", ""⑧ 木"", ""⑨ 山"", ""⑩ 日""]",③,人,
8급,105,2024-05-25,29,select_hanja,다음 밑줄 친 말에 해당하는 漢字를 <보기>에서 찾아 그 번호를 쓰세요.,아이들에게 참된 삶을 가르쳐야 합니다,아이들에,"[""① 白"", ""② 門"", ""③ 人"", ""④ 八"", ""⑤ 敎"", ""⑥ 一"", ""⑦ 十"", ""⑧ 木"", ""⑨ 山"", ""⑩ 日""]",⑤,敎,
8급,105,2024-05-25,30,select_hanja,다음 밑줄 친 말에 해당하는 漢字를 <보기>에서 찾아 그 번호를 쓰세요.,지금 산에는 진달래가 한창입니다,산,"[""① 白"", ""② 門"", ""③ 人"", ""④ 八"", ""⑤ 敎"", ""⑥ 一"", ""⑦ 十"", ""⑧ 木"", ""⑨ 山"", ""⑩ 日""]",⑨,山,
8급,105,2024-05-25,31,hunum,다음 漢字의 訓과 音을 쓰세요.,七,七,,일곱 칠,일곱 칠,
8급,105,2024-05-25,32,hunum,다음 漢字의 訓과 音을 쓰세요.,水,水,,물 수,물 수,
8급,105,2024-05-25,33,hunum,다음 漢字의 訓과 音을 쓰세요.,軍,軍,,군사 군,군사 군,
8급,105,2024-05-25,34,hunum,다음 漢字의 訓과 音을 쓰세요.,六,六,,여섯 륙,여섯 륙,
8급,105,2024-05-25,35,hunum,다음 漢字의 訓과 音을 쓰세요.,二,二,,두 이,두 이,
8급,105,2024-05-25,36,hunum,다음 漢字의 訓과 音을 쓰세요.,寸,寸,,마디 촌,마디 촌,
8급,105,2024-05-25,37,hunum,다음 漢字의 訓과 音을 쓰세요.,靑,靑,,푸를 청,푸를 청,
8급,105,2024-05-25,38,hunum,다음 漢字의 訓과 音을 쓰세요.,中,中,,가운데 중,가운데 중,
8급,105,2024-05-25,39,hunum,다음 漢字의 訓과 音을 쓰세요.,四,四,,넉 사,넉 사,
8급,105,2024-05-25,40,hunum,다음 漢字의 訓과 音을 쓰세요.,室,室,,집 실,집 실,
8급,105,2024-05-25,41,select_hun,다음 漢字의 訓을 <보기>에서 찾아 그 번호를 쓰세요.,女,女,"[""① 어미"", ""② 해"", ""③ 계집"", ""④ 아홉""]",③,계집,
8급,105,2024-05-25,42,select_hun,다음 漢字의 訓을 <보기>에서 찾아 그 번호를 쓰세요.,母,母,"[""① 어미"", ""② 해"", ""③ 계집"", ""④ 아홉""]",①,어미,
8급,105,2024-05-25,43,select_hun,다음 漢字의 訓을 <보기>에서 찾아 그 번호를 쓰세요.,年,年,"[""① 어미"", ""② 해"", ""③ 계집"", ""④ 아홉""]",②,해,
8급,105,2024-05-25,44,select_hun,다음 漢字의 訓을 <보기>에서 찾아 그 번호를 쓰세요.,九,九,"[""① 어미"", ""② 해"", ""③ 계집"", ""④ 아홉""]",④,아홉,
8급,105,2024-05-25,45,select_eum,다음 漢字의 音을 <보기>에서 찾아 그 번호를 쓰세요.,月,月,"[""① 선"", ""② 외"", ""③ 금"", ""④ 월""]",④,월,
8급,105,2024-05-25,46,select_eum,다음 漢字의 音을 <보기>에서 찾아 그 번호를 쓰세요.,金,金,"[""① 선"", ""② 외"", ""③ 금"", ""④ 월""]",③,금,
8급,105,2024-05-25,47,select_eum,다음 漢字의 音을 <보기>에서 찾아 그 번호를 쓰세요.,外,外,"[""① 선"", ""② 외"", ""③ 금"", ""④ 월""]",②,외,
8급,105,2024-05-25,48,select_eum,다음 漢字의 音을 <보기>에서 찾아 그 번호를 쓰세요.,先,先,"[""① 선"", ""② 외"", ""③ 금"", ""④ 월""]",①,선,
8급,105,2024-05-25,49,stroke,다음 漢字의 진하게 표시한 획은 몇 번째 쓰는지 <보기>에서 찾아 그 번호를 쓰세요.,,,"[""① 어미"", ""② 해"", ""③ 계집"", ""④ 아홉 번째""]",④,네 번째,exam-strokes/stroke_8_105_49.png
8급,105,2024-05-25,50,stroke,다음 漢字의 진하게 표시한 획은 몇 번째 쓰는지 <보기>에서 찾아 그 번호를 쓰세요.,,,"[""① 어미"", ""② 해"", ""③ 계집"", ""④ 아홉 번째""]",⑤,다섯 번째,exam-strokes/stroke_8_105_50.png
8급,106,2024-08-24,1,dokum,다음 글의 ( ) 안에 있는 漢字의 讀音을 쓰세요.,(南)씨 성의,南,,남,남,
8급,106,2024-08-24,2,dokum,다음 글의 ( ) 안에 있는 漢字의 讀音을 쓰세요.,(先),先,,선,선,
8급,106,2024-08-24,3,dokum,다음 글의 ( ) 안에 있는 漢字의 讀音을 쓰세요.,(生)님께서,生,,생,생,
8급,106,2024-08-24,4,dokum,다음 글의 ( ) 안에 있는 漢字의 讀音을 쓰세요.,(學),學,,학,학,
8급,106,2024-08-24,5,dokum,다음 글의 ( ) 안에 있는 漢字의 讀音을 쓰세요.,(校)에서 아이들을 가르치 십니다,校,,교,교,
8급,106,2024-08-24,6,dokum,다음 글의 ( ) 안에 있는 漢字의 讀音을 쓰세요.,(敎),敎,,교,교,
8급,106,2024-08-24,7,dokum,다음 글의 ( ) 안에 있는 漢字의 讀音을 쓰세요.,(室)의,室,,실,실,
8급,106,2024-08-24,8,dokum,다음 글의 ( ) 안에 있는 漢字의 讀音을 쓰세요.,(門)을 열어보니,門,,문,문,
8급,106,2024-08-24,9,dokum,다음 글의 ( ) 안에 있는 漢字의 讀音을 쓰세요.,(二)학년,二,,이,이,
8급,106,2024-08-24,10,dokum,다음 글의 ( ) 안에 있는 漢字의 讀音을 쓰세요.,(女)학생들이 공부를 하 고 있었습니다,女,,여,여,
8급,106,2024-08-24,11,select_hanja,다음 훈이나 음에 알맞은 漢字를 <보기>에서 찾아 그 번호를 쓰세요.,임금,임금,"[""① 小"", ""② 白"", ""③ 軍"", ""④ 年"", ""⑤ 東"", ""⑥ 韓"", ""⑦ 北"", ""⑧ 民"", ""⑨ 六"", ""⑩ 王""]",⑩,王,
8급,106,2024-08-24,12,select_hanja,다음 훈이나 음에 알맞은 漢字를 <보기>에서 찾아 그 번호를 쓰세요.,군,군,"[""① 小"", ""② 白"", ""③ 軍"", ""④ 年"", ""⑤ 東"", ""⑥ 韓"", ""⑦ 北"", ""⑧ 民"", ""⑨ 六"", ""⑩ 王""]",③,軍,
8급,106,2024-08-24,13,select_hanja,다음 훈이나 음에 알맞은 漢字를 <보기>에서 찾아 그 번호를 쓰세요.,한,한,"[""① 小"", ""② 白"", ""③ 軍"", ""④ 年"", ""⑤ 東"", ""⑥ 韓"", ""⑦ 北"", ""⑧ 民"", ""⑨ 六"", ""⑩ 王""]",⑥,韓,
8급,106,2024-08-24,14,select_hanja,다음 훈이나 음에 알맞은 漢字를 <보기>에서 찾아 그 번호를 쓰세요.,년,년,"[""① 小"", ""② 白"", ""③ 軍"", ""④ 年"", ""⑤ 東"", ""⑥ 韓"", ""⑦ 北"", ""⑧ 民"", ""⑨ 六"", ""⑩ 王""]",④,年,
8급,106,2024-08-24,15,select_hanja,다음 훈이나 음에 알맞은 漢字를 <보기>에서 찾아 그 번호를 쓰세요.,백성,백성,"[""① 小"", ""② 白"", ""③ 軍"", ""④ 年"", ""⑤ 東"", ""⑥ 韓"", ""⑦ 北"", ""⑧ 民"", ""⑨ 六"", ""⑩ 王""]",⑧,民,
8급,106,2024-08-24,16,select_hanja,다음 훈이나 음에 알맞은 漢字를 <보기>에서 찾아 그 번호를 쓰세요.,작을,작을,"[""① 小"", ""② 白"", ""③ 軍"", ""④ 年"", ""⑤ 東"", ""⑥ 韓"", ""⑦ 北"", ""⑧ 民"", ""⑨ 六"", ""⑩ 王""]",①,小,
8급,106,2024-08-24,17,select_hanja,다음 훈이나 음에 알맞은 漢字를 <보기>에서 찾아 그 번호를 쓰세요.,동,동,"[""① 小"", ""② 白"", ""③ 軍"", ""④ 年"", ""⑤ 東"", ""⑥ 韓"", ""⑦ 北"", ""⑧ 民"", ""⑨ 六"", ""⑩ 王""]",⑤,東,
8급,106,2024-08-24,18,select_hanja,다음 훈이나 음에 알맞은 漢字를 <보기>에서 찾아 그 번호를 쓰세요.,여섯,여섯,"[""① 小"", ""② 白"", ""③ 軍"", ""④ 年"", ""⑤ 東"", ""⑥ 韓"", ""⑦ 北"", ""⑧ 民"", ""⑨ 六"", ""⑩ 王""]",⑨,六,
8급,106,2024-08-24,19,select_hanja,다음 훈이나 음에 알맞은 漢字를 <보기>에서 찾아 그 번호를 쓰세요.,북,북,"[""① 小"", ""② 白"", ""③ 軍"", ""④ 年"", ""⑤ 東"", ""⑥ 韓"", ""⑦ 北"", ""⑧ 民"", ""⑨ 六"", ""⑩ 王""]",⑦,北,
8급,106,2024-08-24,20,select_hanja,다음 훈이나 음에 알맞은 漢字를 <보기>에서 찾아 그 번호를 쓰세요.,흰,흰,"[""① 小"", ""② 白"", ""③ 軍"", ""④ 年"", ""⑤ 東"", ""⑥ 韓"", ""⑦ 北"", ""⑧ 民"", ""⑨ 六"", ""⑩ 王""]",②,白,
8급,106,2024-08-24,21,select_hanja,다음 밑줄 친 말에 해당하는 漢字를 <보기>에서 찾아 그 번호를 쓰세요.,셋의 세 배는,셋,"[""① 弟"", ""② 三"", ""③ 大"", ""④ 四"", ""⑤ 十"", ""⑥ 人"", ""⑦ 木"", ""⑧ 山"", ""⑨ 九"", ""⑩ 中""]",②,三,
8급,106,2024-08-24,22,select_hanja,다음 밑줄 친 말에 해당하는 漢字를 <보기>에서 찾아 그 번호를 쓰세요.,아홉입니다,아홉입니다,"[""① 弟"", ""② 三"", ""③ 大"", ""④ 四"", ""⑤ 十"", ""⑥ 人"", ""⑦ 木"", ""⑧ 山"", ""⑨ 九"", ""⑩ 中""]",⑨,九,
8급,106,2024-08-24,23,select_hanja,다음 밑줄 친 말에 해당하는 漢字를 <보기>에서 찾아 그 번호를 쓰세요.,저 산,저 산,"[""① 弟"", ""② 三"", ""③ 大"", ""④ 四"", ""⑤ 十"", ""⑥ 人"", ""⑦ 木"", ""⑧ 山"", ""⑨ 九"", ""⑩ 中""]",⑧,山,
8급,106,2024-08-24,24,select_hanja,다음 밑줄 친 말에 해당하는 漢字를 <보기>에서 찾아 그 번호를 쓰세요.,가운데 있는,가운데 있는,"[""① 弟"", ""② 三"", ""③ 大"", ""④ 四"", ""⑤ 十"", ""⑥ 人"", ""⑦ 木"", ""⑧ 山"", ""⑨ 九"", ""⑩ 中""]",⑩,中,
8급,106,2024-08-24,25,select_hanja,다음 밑줄 친 말에 해당하는 漢字를 <보기>에서 찾아 그 번호를 쓰세요.,큰,큰,"[""① 弟"", ""② 三"", ""③ 大"", ""④ 四"", ""⑤ 十"", ""⑥ 人"", ""⑦ 木"", ""⑧ 山"", ""⑨ 九"", ""⑩ 中""]",③,大,
8급,106,2024-08-24,26,select_hanja,다음 밑줄 친 말에 해당하는 漢字를 <보기>에서 찾아 그 번호를 쓰세요.,나무,나무,"[""① 弟"", ""② 三"", ""③ 大"", ""④ 四"", ""⑤ 十"", ""⑥ 人"", ""⑦ 木"", ""⑧ 山"", ""⑨ 九"", ""⑩ 中""]",⑦,木,
8급,106,2024-08-24,27,select_hanja,다음 밑줄 친 말에 해당하는 漢字를 <보기>에서 찾아 그 번호를 쓰세요.,네 그루를,네 그루를,"[""① 弟"", ""② 三"", ""③ 大"", ""④ 四"", ""⑤ 十"", ""⑥ 人"", ""⑦ 木"", ""⑧ 山"", ""⑨ 九"", ""⑩ 中""]",④,四,
8급,106,2024-08-24,28,select_hanja,다음 밑줄 친 말에 해당하는 漢字를 <보기>에서 찾아 그 번호를 쓰세요.,사람들이 베어냈습니다,사람,"[""① 弟"", ""② 三"", ""③ 大"", ""④ 四"", ""⑤ 十"", ""⑥ 人"", ""⑦ 木"", ""⑧ 山"", ""⑨ 九"", ""⑩ 中""]",⑥,人,
8급,106,2024-08-24,29,select_hanja,다음 밑줄 친 말에 해당하는 漢字를 <보기>에서 찾아 그 번호를 쓰세요.,밤 열 시가 되면,열,"[""① 弟"", ""② 三"", ""③ 大"", ""④ 四"", ""⑤ 十"", ""⑥ 人"", ""⑦ 木"", ""⑧ 山"", ""⑨ 九"", ""⑩ 中""]",⑤,十,
8급,106,2024-08-24,30,select_hanja,다음 밑줄 친 말에 해당하는 漢字를 <보기>에서 찾아 그 번호를 쓰세요.,아우는 잠자리에 듭니다,아우,"[""① 弟"", ""② 三"", ""③ 大"", ""④ 四"", ""⑤ 十"", ""⑥ 人"", ""⑦ 木"", ""⑧ 山"", ""⑨ 九"", ""⑩ 中""]",①,弟,
8급,106,2024-08-24,31,hunum,다음 漢字의 訓과 音을 쓰세요.,萬,萬,,일만 만,일만 만,
8급,106,2024-08-24,32,hunum,다음 漢字의 訓과 音을 쓰세요.,父,父,,아비 부,아비 부,
8급,106,2024-08-24,33,hunum,다음 漢字의 訓과 音을 쓰세요.,外,外,,바깥 외,바깥 외,
8급,106,2024-08-24,34,hunum,다음 漢字의 訓과 音을 쓰세요.,水,水,,물 수,물 수,
8급,106,2024-08-24,35,hunum,다음 漢字의 訓과 音을 쓰세요.,日,日,,날 일,날 일,
8급,106,2024-08-24,36,hunum,다음 漢字의 訓과 音을 쓰세요.,七,七,,일곱 칠,일곱 칠,
8급,106,2024-08-24,37,hunum,다음 漢字의 訓과 音을 쓰세요.,母,母,,어미 모,어미 모,
8급,106,2024-08-24,38,hunum,다음 漢字의 訓과 音을 쓰세요.,五,五,,다섯 오,다섯 오,
8급,106,2024-08-24,39,hunum,다음 漢字의 訓과 音을 쓰세요.,月,月,,달 월,달 월,
8급,106,2024-08-24,40,hunum,다음 漢字의 訓과 音을 쓰세요.,一,一,,한 일,한 일,
8급,106,2024-08-24,41,select_hun,다음 漢字의 訓을 <보기>에서 찾아 그 번호를 쓰세요.,火,火,"[""① 흙"", ""② 여덟"", ""③ 푸를"", ""④ 불""]",④,불,
8급,106,2024-08-24,42,select_hun,다음 漢字의 訓을 <보기>에서 찾아 그 번호를 쓰세요.,土,土,"[""① 흙"", ""② 여덟"", ""③ 푸를"", ""④ 불""]",①,흙,
8급,106,2024-08-24,43,select_hun,다음 漢字의 訓을 <보기>에서 찾아 그 번호를 쓰세요.,靑,靑,"[""① 흙"", ""② 여덟"", ""③ 푸를"", ""④ 불""]",③,푸를,
8급,106,2024-08-24,44,select_hun,다음 漢字의 訓을 <보기>에서 찾아 그 번호를 쓰세요.,八,八,"[""① 흙"", ""② 여덟"", ""③ 푸를"", ""④ 불""]",②,여덟,
8급,106,2024-08-24,45,select_eum,다음 漢字의 音을 <보기>에서 찾아 그 번호를 쓰세요.,西,西,"[""① 형"", ""② 서"", ""③ 장"", ""④ 촌""]",②,서,
8급,106,2024-08-24,46,select_eum,다음 漢字의 音을 <보기>에서 찾아 그 번호를 쓰세요.,寸,寸,"[""① 형"", ""② 서"", ""③ 장"", ""④ 촌""]",④,촌,
8급,106,2024-08-24,47,select_eum,다음 漢字의 音을 <보기>에서 찾아 그 번호를 쓰세요.,兄,兄,"[""① 형"", ""② 서"", ""③ 장"", ""④ 촌""]",①,형,
8급,106,2024-08-24,48,select_eum,다음 漢字의 音을 <보기>에서 찾아 그 번호를 쓰세요.,長,長,"[""① 형"", ""② 서"", ""③ 장"", ""④ 촌""]",③,장,
8급,106,2024-08-24,49,stroke,다음 漢字의 진하게 표시한 획은 몇 번째 쓰는지 <보기>에서 찾아 그 번호를 쓰세요.,,,"[""① 흙"", ""② 여덟 번째"", ""③ 푸를"", ""④ 불""]",⑦,일곱 번째,exam-strokes/stroke_8_106_49.png
8급,106,2024-08-24,50,stroke,다음 漢字의 진하게 표시한 획은 몇 번째 쓰는지 <보기>에서 찾아 그 번호를 쓰세요.,,,"[""① 흙"", ""② 여덟 번째"", ""③ 푸를"", ""④ 불""]",⑥,여섯 번째,exam-strokes/stroke_8_106_50.png
8급,107,2024-11-09,1,dokum,다음 글의 ( ) 안에 있는 漢字의 讀音을 쓰세요.,우리 (三),三,,삼,삼,
8급,107,2024-11-09,2,dokum,다음 글의 ( ) 안에 있는 漢字의 讀音을 쓰세요.,(兄),兄,,형,형,
8급,107,2024-11-09,3,dokum,다음 글의 ( ) 안에 있는 漢字의 讀音을 쓰세요.,(弟)는,弟,,제,제,
8급,107,2024-11-09,4,dokum,다음 글의 ( ) 안에 있는 漢字의 讀音을 쓰세요.,(父),父,,부,부,
8급,107,2024-11-09,5,dokum,다음 글의 ( ) 안에 있는 漢字의 讀音을 쓰세요.,(母)님과 함께,母,,모,모,
8급,107,2024-11-09,6,dokum,다음 글의 ( ) 안에 있는 漢字의 讀音을 쓰세요.,(南),南,,남,남,
8급,107,2024-11-09,7,dokum,다음 글의 ( ) 안에 있는 漢字의 讀音을 쓰세요.,(大),大,,대,대,
8급,107,2024-11-09,8,dokum,다음 글의 ( ) 안에 있는 漢字의 讀音을 쓰세요.,(門) 시장에 갔습니다,門,,문,문,
8급,107,2024-11-09,9,dokum,다음 글의 ( ) 안에 있는 漢字의 讀音을 쓰세요.,그곳에는 (外),外,,외,외,
8급,107,2024-11-09,10,dokum,다음 글의 ( ) 안에 있는 漢字의 讀音을 쓰세요.,(國) 사람들도 많았습니 다,國,,국,국,
8급,107,2024-11-09,11,select_hanja,다음 훈이나 음에 알맞은 漢字를 <보기>에서 찾아 그 번호를 쓰세요.,백성,백성,"[""① 王"", ""② 七"", ""③ 生"", ""④ 先"", ""⑤ 校"", ""⑥ 室"", ""⑦ 萬"", ""⑧ 寸"", ""⑨ 東"", ""⑩ 民""]",⑩,民,
8급,107,2024-11-09,12,select_hanja,다음 훈이나 음에 알맞은 漢字를 <보기>에서 찾아 그 번호를 쓰세요.,생,생,"[""① 王"", ""② 七"", ""③ 生"", ""④ 先"", ""⑤ 校"", ""⑥ 室"", ""⑦ 萬"", ""⑧ 寸"", ""⑨ 東"", ""⑩ 民""]",③,生,
8급,107,2024-11-09,13,select_hanja,다음 훈이나 음에 알맞은 漢字를 <보기>에서 찾아 그 번호를 쓰세요.,왕,왕,"[""① 王"", ""② 七"", ""③ 生"", ""④ 先"", ""⑤ 校"", ""⑥ 室"", ""⑦ 萬"", ""⑧ 寸"", ""⑨ 東"", ""⑩ 民""]",①,王,
8급,107,2024-11-09,14,select_hanja,다음 훈이나 음에 알맞은 漢字를 <보기>에서 찾아 그 번호를 쓰세요.,집,집,"[""① 王"", ""② 七"", ""③ 生"", ""④ 先"", ""⑤ 校"", ""⑥ 室"", ""⑦ 萬"", ""⑧ 寸"", ""⑨ 東"", ""⑩ 民""]",⑥,室,
8급,107,2024-11-09,15,select_hanja,다음 훈이나 음에 알맞은 漢字를 <보기>에서 찾아 그 번호를 쓰세요.,교,교,"[""① 王"", ""② 七"", ""③ 生"", ""④ 先"", ""⑤ 校"", ""⑥ 室"", ""⑦ 萬"", ""⑧ 寸"", ""⑨ 東"", ""⑩ 民""]",⑤,校,
8급,107,2024-11-09,16,select_hanja,다음 훈이나 음에 알맞은 漢字를 <보기>에서 찾아 그 번호를 쓰세요.,마디,마디,"[""① 王"", ""② 七"", ""③ 生"", ""④ 先"", ""⑤ 校"", ""⑥ 室"", ""⑦ 萬"", ""⑧ 寸"", ""⑨ 東"", ""⑩ 民""]",⑧,寸,
8급,107,2024-11-09,17,select_hanja,다음 훈이나 음에 알맞은 漢字를 <보기>에서 찾아 그 번호를 쓰세요.,선,선,"[""① 王"", ""② 七"", ""③ 生"", ""④ 先"", ""⑤ 校"", ""⑥ 室"", ""⑦ 萬"", ""⑧ 寸"", ""⑨ 東"", ""⑩ 民""]",④,先,
8급,107,2024-11-09,18,select_hanja,다음 훈이나 음에 알맞은 漢字를 <보기>에서 찾아 그 번호를 쓰세요.,칠,칠,"[""① 王"", ""② 七"", ""③ 生"", ""④ 先"", ""⑤ 校"", ""⑥ 室"", ""⑦ 萬"", ""⑧ 寸"", ""⑨ 東"", ""⑩ 民""]",②,七,
8급,107,2024-11-09,19,select_hanja,다음 훈이나 음에 알맞은 漢字를 <보기>에서 찾아 그 번호를 쓰세요.,일만,일만,"[""① 王"", ""② 七"", ""③ 生"", ""④ 先"", ""⑤ 校"", ""⑥ 室"", ""⑦ 萬"", ""⑧ 寸"", ""⑨ 東"", ""⑩ 民""]",⑦,萬,
8급,107,2024-11-09,20,select_hanja,다음 훈이나 음에 알맞은 漢字를 <보기>에서 찾아 그 번호를 쓰세요.,동녘,동녘,"[""① 王"", ""② 七"", ""③ 生"", ""④ 先"", ""⑤ 校"", ""⑥ 室"", ""⑦ 萬"", ""⑧ 寸"", ""⑨ 東"", ""⑩ 民""]",⑨,東,
8급,107,2024-11-09,21,select_hanja,다음 밑줄 친 말에 해당하는 漢字를 <보기>에서 찾아 그 번호를 쓰세요.,여자 아이들이 고무줄 놀이를 합니다,여,"[""① 四"", ""② 八"", ""③ 韓"", ""④ 十"", ""⑤ 女"", ""⑥ 六"", ""⑦ 敎"", ""⑧ 水"", ""⑨ 月"", ""⑩ 軍""]",⑤,女,
8급,107,2024-11-09,22,select_hanja,다음 밑줄 친 말에 해당하는 漢字를 <보기>에서 찾아 그 번호를 쓰세요.,약속 장소에 열 명 정도 모였습니다,열,"[""① 四"", ""② 八"", ""③ 韓"", ""④ 十"", ""⑤ 女"", ""⑥ 六"", ""⑦ 敎"", ""⑧ 水"", ""⑨ 月"", ""⑩ 軍""]",④,十,
8급,107,2024-11-09,23,select_hanja,다음 밑줄 친 말에 해당하는 漢字를 <보기>에서 찾아 그 번호를 쓰세요.,동생은 여덟 살입니다,여덟,"[""① 四"", ""② 八"", ""③ 韓"", ""④ 十"", ""⑤ 女"", ""⑥ 六"", ""⑦ 敎"", ""⑧ 水"", ""⑨ 月"", ""⑩ 軍""]",②,八,
8급,107,2024-11-09,24,select_hanja,다음 밑줄 친 말에 해당하는 漢字를 <보기>에서 찾아 그 번호를 쓰세요.,삼촌이 자전거를 가르쳐 주었습니다,삼촌이,"[""① 四"", ""② 八"", ""③ 韓"", ""④ 十"", ""⑤ 女"", ""⑥ 六"", ""⑦ 敎"", ""⑧ 水"", ""⑨ 月"", ""⑩ 軍""]",⑦,敎,
8급,107,2024-11-09,25,select_hanja,다음 밑줄 친 말에 해당하는 漢字를 <보기>에서 찾아 그 번호를 쓰세요.,내 생일은 다음 달입니 다,달,"[""① 四"", ""② 八"", ""③ 韓"", ""④ 十"", ""⑤ 女"", ""⑥ 六"", ""⑦ 敎"", ""⑧ 水"", ""⑨ 月"", ""⑩ 軍""]",⑨,月,
8급,107,2024-11-09,26,select_hanja,다음 밑줄 친 말에 해당하는 漢字를 <보기>에서 찾아 그 번호를 쓰세요.,백제의 군사가 성을 포 위했습니다,군사,"[""① 四"", ""② 八"", ""③ 韓"", ""④ 十"", ""⑤ 女"", ""⑥ 六"", ""⑦ 敎"", ""⑧ 水"", ""⑨ 月"", ""⑩ 軍""]",⑩,軍,
8급,107,2024-11-09,27,select_hanja,다음 밑줄 친 말에 해당하는 漢字를 <보기>에서 찾아 그 번호를 쓰세요.,마늘 한 톨은 대개 여섯 쪽입니다,여섯,"[""① 四"", ""② 八"", ""③ 韓"", ""④ 十"", ""⑤ 女"", ""⑥ 六"", ""⑦ 敎"", ""⑧ 水"", ""⑨ 月"", ""⑩ 軍""]",⑥,六,
8급,107,2024-11-09,28,select_hanja,다음 밑줄 친 말에 해당하는 漢字를 <보기>에서 찾아 그 번호를 쓰세요.,영희가 떠난 지 넉 달이 지났습니다,넉,"[""① 四"", ""② 八"", ""③ 韓"", ""④ 十"", ""⑤ 女"", ""⑥ 六"", ""⑦ 敎"", ""⑧ 水"", ""⑨ 月"", ""⑩ 軍""]",①,四,
8급,107,2024-11-09,29,select_hanja,다음 밑줄 친 말에 해당하는 漢字를 <보기>에서 찾아 그 번호를 쓰세요.,서울은 한국의 수도입니다,한,"[""① 四"", ""② 八"", ""③ 韓"", ""④ 十"", ""⑤ 女"", ""⑥ 六"", ""⑦ 敎"", ""⑧ 水"", ""⑨ 月"", ""⑩ 軍""]",③,韓,
8급,107,2024-11-09,30,select_hanja,다음 밑줄 친 말에 해당하는 漢字를 <보기>에서 찾아 그 번호를 쓰세요.,주전자의 물이 끓고 있 습니다,물,"[""① 四"", ""② 八"", ""③ 韓"", ""④ 十"", ""⑤ 女"", ""⑥ 六"", ""⑦ 敎"", ""⑧ 水"", ""⑨ 月"", ""⑩ 軍""]",⑧,水,
8급,107,2024-11-09,31,hunum,다음 漢字의 訓과 音을 쓰세요.,長,長,,긴 장,긴 장,
8급,107,2024-11-09,32,hunum,다음 漢字의 訓과 音을 쓰세요.,年,年,,해 년,해 년,
8급,107,2024-11-09,33,hunum,다음 漢字의 訓과 音을 쓰세요.,火,火,,불 화,불 화,
8급,107,2024-11-09,34,hunum,다음 漢字의 訓과 音을 쓰세요.,二,二,,두 이,두 이,
8급,107,2024-11-09,35,hunum,다음 漢字의 訓과 音을 쓰세요.,九,九,,아홉 구,아홉 구,
8급,107,2024-11-09,36,hunum,다음 漢字의 訓과 音을 쓰세요.,五,五,,다섯 오,다섯 오,
8급,107,2024-11-09,37,hunum,다음 漢字의 訓과 音을 쓰세요.,金,金,,쇠 금 | 성(姓) 김,쇠 금 | 성(姓) 김,
8급,107,2024-11-09,38,hunum,다음 漢字의 訓과 音을 쓰세요.,人,人,,사람 인,사람 인,
8급,107,2024-11-09,39,hunum,다음 漢字의 訓과 音을 쓰세요.,一,一,,한 일,한 일,
8급,107,2024-11-09,40,hunum,다음 漢字의 訓과 音을 쓰세요.,土,土,,흙 토,흙 토,
8급,107,2024-11-09,41,select_hun,다음 漢字의 訓을 <보기>에서 찾아 그 번호를 쓰세요.,日,日,"[""① 흰"", ""② 나무"", ""③ 배울"", ""④ 날""]",④,날,
8급,107,2024-11-09,42,select_hun,다음 漢字의 訓을 <보기>에서 찾아 그 번호를 쓰세요.,白,白,"[""① 흰"", ""② 나무"", ""③ 배울"", ""④ 날""]",①,흰,
8급,107,2024-11-09,43,select_hun,다음 漢字의 訓을 <보기>에서 찾아 그 번호를 쓰세요.,木,木,"[""① 흰"", ""② 나무"", ""③ 배울"", ""④ 날""]",②,나무,
8급,107,2024-11-09,44,select_hun,다음 漢字의 訓을 <보기>에서 찾아 그 번호를 쓰세요.,學,學,"[""① 흰"", ""② 나무"", ""③ 배울"", ""④ 날""]",③,배울,
8급,107,2024-11-09,45,select_eum,다음 漢字의 音을 <보기>에서 찾아 그 번호를 쓰세요.,北,北,"[""① 청"", ""② 서"", ""③ 중"", ""④ 북""]",④,북,
8급,107,2024-11-09,46,select_eum,다음 漢字의 音을 <보기>에서 찾아 그 번호를 쓰세요.,中,中,"[""① 청"", ""② 서"", ""③ 중"", ""④ 북""]",③,중,
8급,107,2024-11-09,47,select_eum,다음 漢字의 音을 <보기>에서 찾아 그 번호를 쓰세요.,靑,靑,"[""① 청"", ""② 서"", ""③ 중"", ""④ 북""]",①,청,
8급,107,2024-11-09,48,select_eum,다음 漢字의 音을 <보기>에서 찾아 그 번호를 쓰세요.,西,西,"[""① 청"", ""② 서"", ""③ 중"", ""④ 북""]",②,서,
8급,107,2024-11-09,49,stroke,다음 漢字의 진하게 표시한 획은 몇 번째 쓰는지 <보기>에서 찾아 그 번호를 쓰세요.,,,"[""① 첫 번째"", ""② 두 번째"", ""③ 세 번째""]",①,첫 번째,exam-strokes/stroke_8_107_49.png
8급,107,2024-11-09,50,stroke,다음 漢字의 진하게 표시한 획은 몇 번째 쓰는지 <보기>에서 찾아 그 번호를 쓰세요.,,,"[""① 첫 번째"", ""② 두 번째"", ""③ 세 번째""]",①,첫 번째,exam-strokes/stroke_8_107_50.png
8급,108,2025-02-22,1,dokum,다음 글의 ( ) 안에 있는 漢字의 讀音을 쓰세요.,(三),三,,삼,삼,
8급,108,2025-02-22,2,dokum,다음 글의 ( ) 안에 있는 漢字의 讀音을 쓰세요.,(月)이 오면,月,,월,월,
8급,108,2025-02-22,3,dokum,다음 글의 ( ) 안에 있는 漢字의 讀音을 쓰세요.,(兄)은,兄,,형,형,
8급,108,2025-02-22,4,dokum,다음 글의 ( ) 안에 있는 漢字의 讀音을 쓰세요.,(中),中,,중,중,
8급,108,2025-02-22,5,dokum,다음 글의 ( ) 안에 있는 漢字의 讀音을 쓰세요.,(學),學,,학,학,
8급,108,2025-02-22,6,dokum,다음 글의 ( ) 안에 있는 漢字의 讀音을 쓰세요.,(生)이 되고,生,,생,생,
8급,108,2025-02-22,7,dokum,다음 글의 ( ) 안에 있는 漢字의 讀音을 쓰세요.,(四),四,,사,사,
8급,108,2025-02-22,8,dokum,다음 글의 ( ) 안에 있는 漢字의 讀音을 쓰세요.,(寸) 누나는,寸,,촌,촌,
8급,108,2025-02-22,9,dokum,다음 글의 ( ) 안에 있는 漢字의 讀音을 쓰세요.,(六),六,,육,육,
8급,108,2025-02-22,10,dokum,다음 글의 ( ) 안에 있는 漢字의 讀音을 쓰세요.,학(年)이 됩니다,年,,년,년,
8급,108,2025-02-22,11,select_hanja,다음 훈이나 음에 알맞은 漢字를 <보기>에서 찾아 그 번호를 쓰세요.,국,국,"[""① 國"", ""② 金"", ""③ 外"", ""④ 先"", ""⑤ 女"", ""⑥ 室"", ""⑦ 靑"", ""⑧ 火"", ""⑨ 韓"", ""⑩ 門""]",①,國,
8급,108,2025-02-22,12,select_hanja,다음 훈이나 음에 알맞은 漢字를 <보기>에서 찾아 그 번호를 쓰세요.,한국,한국,"[""① 國"", ""② 金"", ""③ 外"", ""④ 先"", ""⑤ 女"", ""⑥ 室"", ""⑦ 靑"", ""⑧ 火"", ""⑨ 韓"", ""⑩ 門""]",⑨,韓,
8급,108,2025-02-22,13,select_hanja,다음 훈이나 음에 알맞은 漢字를 <보기>에서 찾아 그 번호를 쓰세요.,문,문,"[""① 國"", ""② 金"", ""③ 外"", ""④ 先"", ""⑤ 女"", ""⑥ 室"", ""⑦ 靑"", ""⑧ 火"", ""⑨ 韓"", ""⑩ 門""]",⑩,門,
8급,108,2025-02-22,14,select_hanja,다음 훈이나 음에 알맞은 漢字를 <보기>에서 찾아 그 번호를 쓰세요.,집,집,"[""① 國"", ""② 金"", ""③ 外"", ""④ 先"", ""⑤ 女"", ""⑥ 室"", ""⑦ 靑"", ""⑧ 火"", ""⑨ 韓"", ""⑩ 門""]",⑥,室,
8급,108,2025-02-22,15,select_hanja,다음 훈이나 음에 알맞은 漢字를 <보기>에서 찾아 그 번호를 쓰세요.,불,불,"[""① 國"", ""② 金"", ""③ 外"", ""④ 先"", ""⑤ 女"", ""⑥ 室"", ""⑦ 靑"", ""⑧ 火"", ""⑨ 韓"", ""⑩ 門""]",⑧,火,
8급,108,2025-02-22,16,select_hanja,다음 훈이나 음에 알맞은 漢字를 <보기>에서 찾아 그 번호를 쓰세요.,쇠 / 성,쇠 / 성,"[""① 國"", ""② 金"", ""③ 外"", ""④ 先"", ""⑤ 女"", ""⑥ 室"", ""⑦ 靑"", ""⑧ 火"", ""⑨ 韓"", ""⑩ 門""]",②,金,
8급,108,2025-02-22,17,select_hanja,다음 훈이나 음에 알맞은 漢字를 <보기>에서 찾아 그 번호를 쓰세요.,먼저,먼저,"[""① 國"", ""② 金"", ""③ 外"", ""④ 先"", ""⑤ 女"", ""⑥ 室"", ""⑦ 靑"", ""⑧ 火"", ""⑨ 韓"", ""⑩ 門""]",④,先,
8급,108,2025-02-22,18,select_hanja,다음 훈이나 음에 알맞은 漢字를 <보기>에서 찾아 그 번호를 쓰세요.,푸를,푸를,"[""① 國"", ""② 金"", ""③ 外"", ""④ 先"", ""⑤ 女"", ""⑥ 室"", ""⑦ 靑"", ""⑧ 火"", ""⑨ 韓"", ""⑩ 門""]",⑦,靑,
8급,108,2025-02-22,19,select_hanja,다음 훈이나 음에 알맞은 漢字를 <보기>에서 찾아 그 번호를 쓰세요.,녀,녀,"[""① 國"", ""② 金"", ""③ 外"", ""④ 先"", ""⑤ 女"", ""⑥ 室"", ""⑦ 靑"", ""⑧ 火"", ""⑨ 韓"", ""⑩ 門""]",⑤,女,
8급,108,2025-02-22,20,select_hanja,다음 훈이나 음에 알맞은 漢字를 <보기>에서 찾아 그 번호를 쓰세요.,바깥,바깥,"[""① 國"", ""② 金"", ""③ 外"", ""④ 先"", ""⑤ 女"", ""⑥ 室"", ""⑦ 靑"", ""⑧ 火"", ""⑨ 韓"", ""⑩ 門""]",③,外,
8급,108,2025-02-22,21,select_hanja,다음 밑줄 친 말에 해당하는 漢字를 <보기>에서 찾아 그 번호를 쓰세요.,여름은 물놀이 하기에 좋은 계절입니다,물,"[""① 木"", ""② 敎"", ""③ 王"", ""④ 西"", ""⑤ 萬"", ""⑥ 東"", ""⑦ 軍"", ""⑧ 水"", ""⑨ 土"", ""⑩ 弟""]",⑧,水,
8급,108,2025-02-22,22,select_hanja,다음 밑줄 친 말에 해당하는 漢字를 <보기>에서 찾아 그 번호를 쓰세요.,봄이 오면 나무들이 무럭 무럭 자라기 시작합니다,나무,"[""① 木"", ""② 敎"", ""③ 王"", ""④ 西"", ""⑤ 萬"", ""⑥ 東"", ""⑦ 軍"", ""⑧ 水"", ""⑨ 土"", ""⑩ 弟""]",①,木,
8급,108,2025-02-22,23,select_hanja,다음 밑줄 친 말에 해당하는 漢字를 <보기>에서 찾아 그 번호를 쓰세요.,놀부는 아우인 흥부에게 못되게 굴었습니다,아우,"[""① 木"", ""② 敎"", ""③ 王"", ""④ 西"", ""⑤ 萬"", ""⑥ 東"", ""⑦ 軍"", ""⑧ 水"", ""⑨ 土"", ""⑩ 弟""]",⑩,弟,
8급,108,2025-02-22,24,select_hanja,다음 밑줄 친 말에 해당하는 漢字를 <보기>에서 찾아 그 번호를 쓰세요.,선생님이 모르는 문제를 친절하게 가르쳐 주셨습 니다,선생님이,"[""① 木"", ""② 敎"", ""③ 王"", ""④ 西"", ""⑤ 萬"", ""⑥ 東"", ""⑦ 軍"", ""⑧ 水"", ""⑨ 土"", ""⑩ 弟""]",②,敎,
8급,108,2025-02-22,25,select_hanja,다음 밑줄 친 말에 해당하는 漢字를 <보기>에서 찾아 그 번호를 쓰세요.,동녘 하늘에서 해가 솟 아오릅니다,동,"[""① 木"", ""② 敎"", ""③ 王"", ""④ 西"", ""⑤ 萬"", ""⑥ 東"", ""⑦ 軍"", ""⑧ 水"", ""⑨ 土"", ""⑩ 弟""]",⑥,東,
8급,108,2025-02-22,26,select_hanja,다음 밑줄 친 말에 해당하는 漢字를 <보기>에서 찾아 그 번호를 쓰세요.,흙에다 여러 가지 식물 을 심었습니다,흙,"[""① 木"", ""② 敎"", ""③ 王"", ""④ 西"", ""⑤ 萬"", ""⑥ 東"", ""⑦ 軍"", ""⑧ 水"", ""⑨ 土"", ""⑩ 弟""]",⑨,土,
8급,108,2025-02-22,27,select_hanja,다음 밑줄 친 말에 해당하는 漢字를 <보기>에서 찾아 그 번호를 쓰세요.,옛날에는 임금님이 나라 를 다스렸습니다,임금,"[""① 木"", ""② 敎"", ""③ 王"", ""④ 西"", ""⑤ 萬"", ""⑥ 東"", ""⑦ 軍"", ""⑧ 水"", ""⑨ 土"", ""⑩ 弟""]",③,王,
8급,108,2025-02-22,28,select_hanja,다음 밑줄 친 말에 해당하는 漢字를 <보기>에서 찾아 그 번호를 쓰세요.,국군의 날에 군사들이 씩씩하게 걸어가고 있습 니다,군사,"[""① 木"", ""② 敎"", ""③ 王"", ""④ 西"", ""⑤ 萬"", ""⑥ 東"", ""⑦ 軍"", ""⑧ 水"", ""⑨ 土"", ""⑩ 弟""]",⑦,軍,
8급,108,2025-02-22,29,select_hanja,다음 밑줄 친 말에 해당하는 漢字를 <보기>에서 찾아 그 번호를 쓰세요.,운동장에 일만 명이 모 여 응원을 합니다,만,"[""① 木"", ""② 敎"", ""③ 王"", ""④ 西"", ""⑤ 萬"", ""⑥ 東"", ""⑦ 軍"", ""⑧ 水"", ""⑨ 土"", ""⑩ 弟""]",⑤,萬,
8급,108,2025-02-22,30,select_hanja,다음 밑줄 친 말에 해당하는 漢字를 <보기>에서 찾아 그 번호를 쓰세요.,서녘 하늘에 무지개가 떴습니다,서,"[""① 木"", ""② 敎"", ""③ 王"", ""④ 西"", ""⑤ 萬"", ""⑥ 東"", ""⑦ 軍"", ""⑧ 水"", ""⑨ 土"", ""⑩ 弟""]",④,西,
8급,108,2025-02-22,31,hunum,다음 漢字의 訓과 音을 쓰세요.,八,八,,여덟 팔,여덟 팔,
8급,108,2025-02-22,32,hunum,다음 漢字의 訓과 音을 쓰세요.,大,大,,큰 대,큰 대,
8급,108,2025-02-22,33,hunum,다음 漢字의 訓과 音을 쓰세요.,七,七,,일곱 칠,일곱 칠,
8급,108,2025-02-22,34,hunum,다음 漢字의 訓과 音을 쓰세요.,五,五,,다섯 오,다섯 오,
8급,108,2025-02-22,35,hunum,다음 漢字의 訓과 音을 쓰세요.,白,白,,흰 백,흰 백,
8급,108,2025-02-22,36,hunum,다음 漢字의 訓과 音을 쓰세요.,山,山,,메 산,메 산,
8급,108,2025-02-22,37,hunum,다음 漢字의 訓과 音을 쓰세요.,母,母,,어미 모,어미 모,
8급,108,2025-02-22,38,hunum,다음 漢字의 訓과 音을 쓰세요.,二,二,,두 이,두 이,
8급,108,2025-02-22,39,hunum,다음 漢字의 訓과 音을 쓰세요.,人,人,,사람 인,사람 인,
8급,108,2025-02-22,40,hunum,다음 漢字의 訓과 音을 쓰세요.,日,日,,날 일,날 일,
8급,108,2025-02-22,41,select_hun,다음 漢字의 訓을 <보기>에서 찾아 그 번호를 쓰세요.,十,十,"[""① 아홉"", ""② 열"", ""③ 백성"", ""④ 학교""]",②,열,
8급,108,2025-02-22,42,select_hun,다음 漢字의 訓을 <보기>에서 찾아 그 번호를 쓰세요.,校,校,"[""① 아홉"", ""② 열"", ""③ 백성"", ""④ 학교""]",④,학교,
8급,108,2025-02-22,43,select_hun,다음 漢字의 訓을 <보기>에서 찾아 그 번호를 쓰세요.,民,民,"[""① 아홉"", ""② 열"", ""③ 백성"", ""④ 학교""]",③,백성,
8급,108,2025-02-22,44,select_hun,다음 漢字의 訓을 <보기>에서 찾아 그 번호를 쓰세요.,九,九,"[""① 아홉"", ""② 열"", ""③ 백성"", ""④ 학교""]",①,아홉,
8급,108,2025-02-22,45,select_eum,다음 漢字의 音을 <보기>에서 찾아 그 번호를 쓰세요.,長,長,"[""① 남"", ""② 부"", ""③ 일"", ""④ 장""]",④,장,
8급,108,2025-02-22,46,select_eum,다음 漢字의 音을 <보기>에서 찾아 그 번호를 쓰세요.,父,父,"[""① 남"", ""② 부"", ""③ 일"", ""④ 장""]",②,부,
8급,108,2025-02-22,47,select_eum,다음 漢字의 音을 <보기>에서 찾아 그 번호를 쓰세요.,南,南,"[""① 남"", ""② 부"", ""③ 일"", ""④ 장""]",①,남,
8급,108,2025-02-22,48,select_eum,다음 漢字의 音을 <보기>에서 찾아 그 번호를 쓰세요.,一,一,"[""① 남"", ""② 부"", ""③ 일"", ""④ 장""]",③,일,
8급,108,2025-02-22,49,stroke,다음 漢字의 진하게 표시한 획은 몇 번째 쓰는지 <보기>에서 찾아 그 번호를 쓰세요.,,,"[""① 아홉 번째"", ""② 열 번째"", ""③ 백성"", ""④ 학교""]",⑤,다섯 번째,exam-strokes/stroke_8_108_49.png
8급,108,2025-02-22,50,stroke,다음 漢字의 진하게 표시한 획은 몇 번째 쓰는지 <보기>에서 찾아 그 번호를 쓰세요.,,,"[""① 아홉 번째"", ""② 열 번째"", ""③ 백성"", ""④ 학교""]",①,첫 번째,exam-strokes/stroke_8_108_50.png
8급,109,2025-05-24,1,dokum,다음 글의 ( ) 안에 있는 漢字의 讀音을 쓰세요.,우리나라 (大),大,,대,대,
8급,109,2025-05-24,2,dokum,다음 글의 ( ) 안에 있는 漢字의 讀音을 쓰세요.,(韓),韓,,한,한,
8급,109,2025-05-24,3,dokum,다음 글의 ( ) 안에 있는 漢字의 讀音을 쓰세요.,(民),民,,민,민,
8급,109,2025-05-24,4,dokum,다음 글의 ( ) 안에 있는 漢字의 讀音을 쓰세요.,(國)은,國,,국,국,
8급,109,2025-05-24,5,dokum,다음 글의 ( ) 안에 있는 漢字의 讀音을 쓰세요.,(東),東,,동,동,
8급,109,2025-05-24,6,dokum,다음 글의 ( ) 안에 있는 漢字의 讀音을 쓰세요.,(西),西,,서,서,
8급,109,2025-05-24,7,dokum,다음 글의 ( ) 안에 있는 漢字의 讀音을 쓰세요.,(南),南,,남,남,
8급,109,2025-05-24,8,dokum,다음 글의 ( ) 안에 있는 漢字의 讀音을 쓰세요.,(北),北,,북,북,
8급,109,2025-05-24,9,dokum,다음 글의 ( ) 안에 있는 漢字의 讀音을 쓰세요.,(四)방,四,,사,사,
8급,109,2025-05-24,10,dokum,다음 글의 ( ) 안에 있는 漢字의 讀音을 쓰세요.,(八)방 어딜 가나 아름답 습니다,八,,팔,팔,
8급,109,2025-05-24,11,select_hanja,다음 훈이나 음에 알맞은 漢字를 <보기>에서 찾아 그 번호를 쓰세요.,일,일,"[""① 女"", ""② 十"", ""③ 白"", ""④ 七"", ""⑤ 月"", ""⑥ 靑"", ""⑦ 金"", ""⑧ 一"", ""⑨ 寸"", ""⑩ 萬""]",⑧,一,
8급,109,2025-05-24,12,select_hanja,다음 훈이나 음에 알맞은 漢字를 <보기>에서 찾아 그 번호를 쓰세요.,십,십,"[""① 女"", ""② 十"", ""③ 白"", ""④ 七"", ""⑤ 月"", ""⑥ 靑"", ""⑦ 金"", ""⑧ 一"", ""⑨ 寸"", ""⑩ 萬""]",②,十,
8급,109,2025-05-24,13,select_hanja,다음 훈이나 음에 알맞은 漢字를 <보기>에서 찾아 그 번호를 쓰세요.,푸를,푸를,"[""① 女"", ""② 十"", ""③ 白"", ""④ 七"", ""⑤ 月"", ""⑥ 靑"", ""⑦ 金"", ""⑧ 一"", ""⑨ 寸"", ""⑩ 萬""]",⑥,靑,
8급,109,2025-05-24,14,select_hanja,다음 훈이나 음에 알맞은 漢字를 <보기>에서 찾아 그 번호를 쓰세요.,마디,마디,"[""① 女"", ""② 十"", ""③ 白"", ""④ 七"", ""⑤ 月"", ""⑥ 靑"", ""⑦ 金"", ""⑧ 一"", ""⑨ 寸"", ""⑩ 萬""]",⑨,寸,
8급,109,2025-05-24,15,select_hanja,다음 훈이나 음에 알맞은 漢字를 <보기>에서 찾아 그 번호를 쓰세요.,흰,흰,"[""① 女"", ""② 十"", ""③ 白"", ""④ 七"", ""⑤ 月"", ""⑥ 靑"", ""⑦ 金"", ""⑧ 一"", ""⑨ 寸"", ""⑩ 萬""]",③,白,
8급,109,2025-05-24,16,select_hanja,다음 훈이나 음에 알맞은 漢字를 <보기>에서 찾아 그 번호를 쓰세요.,만,만,"[""① 女"", ""② 十"", ""③ 白"", ""④ 七"", ""⑤ 月"", ""⑥ 靑"", ""⑦ 金"", ""⑧ 一"", ""⑨ 寸"", ""⑩ 萬""]",⑩,萬,
8급,109,2025-05-24,17,select_hanja,다음 훈이나 음에 알맞은 漢字를 <보기>에서 찾아 그 번호를 쓰세요.,일곱,일곱,"[""① 女"", ""② 十"", ""③ 白"", ""④ 七"", ""⑤ 月"", ""⑥ 靑"", ""⑦ 金"", ""⑧ 一"", ""⑨ 寸"", ""⑩ 萬""]",④,七,
8급,109,2025-05-24,18,select_hanja,다음 훈이나 음에 알맞은 漢字를 <보기>에서 찾아 그 번호를 쓰세요.,녀,녀,"[""① 女"", ""② 十"", ""③ 白"", ""④ 七"", ""⑤ 月"", ""⑥ 靑"", ""⑦ 金"", ""⑧ 一"", ""⑨ 寸"", ""⑩ 萬""]",①,女,
8급,109,2025-05-24,19,select_hanja,다음 훈이나 음에 알맞은 漢字를 <보기>에서 찾아 그 번호를 쓰세요.,쇠/성,쇠/성,"[""① 女"", ""② 十"", ""③ 白"", ""④ 七"", ""⑤ 月"", ""⑥ 靑"", ""⑦ 金"", ""⑧ 一"", ""⑨ 寸"", ""⑩ 萬""]",⑦,金,
8급,109,2025-05-24,20,select_hanja,다음 훈이나 음에 알맞은 漢字를 <보기>에서 찾아 그 번호를 쓰세요.,월,월,"[""① 女"", ""② 十"", ""③ 白"", ""④ 七"", ""⑤ 月"", ""⑥ 靑"", ""⑦ 金"", ""⑧ 一"", ""⑨ 寸"", ""⑩ 萬""]",⑤,月,
8급,109,2025-05-24,21,select_hanja,다음 밑줄 친 말에 해당하는 漢字를 <보기>에서 찾아 그 번호를 쓰세요.,언니는 발이 작습니다,작,"[""① 木"", ""② 中"", ""③ 父"", ""④ 母"", ""⑤ 年"", ""⑥ 九"", ""⑦ 山"", ""⑧ 校"", ""⑨ 小"", ""⑩ 室""]",⑨,小,
8급,109,2025-05-24,22,select_hanja,다음 밑줄 친 말에 해당하는 漢字를 <보기>에서 찾아 그 번호를 쓰세요.,제비가 처마 밑에 집을 지었습니다,집,"[""① 木"", ""② 中"", ""③ 父"", ""④ 母"", ""⑤ 年"", ""⑥ 九"", ""⑦ 山"", ""⑧ 校"", ""⑨ 小"", ""⑩ 室""]",⑩,室,
8급,109,2025-05-24,23,select_hanja,다음 밑줄 친 말에 해당하는 漢字를 <보기>에서 찾아 그 번호를 쓰세요.,어미 제비가 알을 낳았 습니다,어미,"[""① 木"", ""② 中"", ""③ 父"", ""④ 母"", ""⑤ 年"", ""⑥ 九"", ""⑦ 山"", ""⑧ 校"", ""⑨ 小"", ""⑩ 室""]",④,母,
8급,109,2025-05-24,24,select_hanja,다음 밑줄 친 말에 해당하는 漢字를 <보기>에서 찾아 그 번호를 쓰세요.,학교에 갔던 형이 돌아 왔습니다,학교,"[""① 木"", ""② 中"", ""③ 父"", ""④ 母"", ""⑤ 年"", ""⑥ 九"", ""⑦ 山"", ""⑧ 校"", ""⑨ 小"", ""⑩ 室""]",⑧,校,
8급,109,2025-05-24,25,select_hanja,다음 밑줄 친 말에 해당하는 漢字를 <보기>에서 찾아 그 번호를 쓰세요.,형이 꼬리 아홉 달린 여 우 이야기를 들려줍니다,아홉,"[""① 木"", ""② 中"", ""③ 父"", ""④ 母"", ""⑤ 年"", ""⑥ 九"", ""⑦ 山"", ""⑧ 校"", ""⑨ 小"", ""⑩ 室""]",⑥,九,
8급,109,2025-05-24,26,select_hanja,다음 밑줄 친 말에 해당하는 漢字를 <보기>에서 찾아 그 번호를 쓰세요.,동구 밖에는 은행나무 한 그루가 있습니다,나무,"[""① 木"", ""② 中"", ""③ 父"", ""④ 母"", ""⑤ 年"", ""⑥ 九"", ""⑦ 山"", ""⑧ 校"", ""⑨ 小"", ""⑩ 室""]",①,木,
8급,109,2025-05-24,27,select_hanja,다음 밑줄 친 말에 해당하는 漢字를 <보기>에서 찾아 그 번호를 쓰세요.,올해도 열매를 달았습니다,해,"[""① 木"", ""② 中"", ""③ 父"", ""④ 母"", ""⑤ 年"", ""⑥ 九"", ""⑦ 山"", ""⑧ 校"", ""⑨ 小"", ""⑩ 室""]",⑤,年,
8급,109,2025-05-24,28,select_hanja,다음 밑줄 친 말에 해당하는 漢字를 <보기>에서 찾아 그 번호를 쓰세요.,강물에 산그림자가 비칩 니다,산,"[""① 木"", ""② 中"", ""③ 父"", ""④ 母"", ""⑤ 年"", ""⑥ 九"", ""⑦ 山"", ""⑧ 校"", ""⑨ 小"", ""⑩ 室""]",⑦,山,
8급,109,2025-05-24,29,select_hanja,다음 밑줄 친 말에 해당하는 漢字를 <보기>에서 찾아 그 번호를 쓰세요.,아버지는 강가에서 낚시 를 하십니다,아버지,"[""① 木"", ""② 中"", ""③ 父"", ""④ 母"", ""⑤ 年"", ""⑥ 九"", ""⑦ 山"", ""⑧ 校"", ""⑨ 小"", ""⑩ 室""]",③,父,
8급,109,2025-05-24,30,select_hanja,다음 밑줄 친 말에 해당하는 漢字를 <보기>에서 찾아 그 번호를 쓰세요.,강물은 들판의 가운데를 가로질러 흐릅니다,가운데,"[""① 木"", ""② 中"", ""③ 父"", ""④ 母"", ""⑤ 年"", ""⑥ 九"", ""⑦ 山"", ""⑧ 校"", ""⑨ 小"", ""⑩ 室""]",②,中,
8급,109,2025-05-24,31,hunum,다음 漢字의 訓과 音을 쓰세요.,先,先,,먼저 선,먼저 선,
8급,109,2025-05-24,32,hunum,다음 漢字의 訓과 音을 쓰세요.,火,火,,불 화,불 화,
8급,109,2025-05-24,33,hunum,다음 漢字의 訓과 音을 쓰세요.,二,二,,두 이,두 이,
8급,109,2025-05-24,34,hunum,다음 漢字의 訓과 音을 쓰세요.,學,學,,배울 학,배울 학,
8급,109,2025-05-24,35,hunum,다음 漢字의 訓과 音을 쓰세요.,水,水,,물 수,물 수,
8급,109,2025-05-24,36,hunum,다음 漢字의 訓과 音을 쓰세요.,日,日,,날 일,날 일,
8급,109,2025-05-24,37,hunum,다음 漢字의 訓과 音을 쓰세요.,敎,敎,,가르칠 교,가르칠 교,
8급,109,2025-05-24,38,hunum,다음 漢字의 訓과 音을 쓰세요.,土,土,,흙 토,흙 토,
8급,109,2025-05-24,39,hunum,다음 漢字의 訓과 音을 쓰세요.,王,王,,임금 왕,임금 왕,
8급,109,2025-05-24,40,hunum,다음 漢字의 訓과 音을 쓰세요.,三,三,,석 삼,석 삼,
8급,109,2025-05-24,41,select_hun,다음 漢字의 訓을 <보기>에서 찾아 그 번호를 쓰세요.,六,六,"[""① 긴"", ""② 군사"", ""③ 여섯"", ""④ 아우""]",③,여섯,
8급,109,2025-05-24,42,select_hun,다음 漢字의 訓을 <보기>에서 찾아 그 번호를 쓰세요.,長,長,"[""① 긴"", ""② 군사"", ""③ 여섯"", ""④ 아우""]",①,긴,
8급,109,2025-05-24,43,select_hun,다음 漢字의 訓을 <보기>에서 찾아 그 번호를 쓰세요.,弟,弟,"[""① 긴"", ""② 군사"", ""③ 여섯"", ""④ 아우""]",④,아우,
8급,109,2025-05-24,44,select_hun,다음 漢字의 訓을 <보기>에서 찾아 그 번호를 쓰세요.,軍,軍,"[""① 긴"", ""② 군사"", ""③ 여섯"", ""④ 아우""]",②,군사,
8급,109,2025-05-24,45,select_eum,다음 漢字의 音을 <보기>에서 찾아 그 번호를 쓰세요.,人,人,"[""① 문"", ""② 외"", ""③ 오"", ""④ 인""]",④,인,
8급,109,2025-05-24,46,select_eum,다음 漢字의 音을 <보기>에서 찾아 그 번호를 쓰세요.,門,門,"[""① 문"", ""② 외"", ""③ 오"", ""④ 인""]",①,문,
8급,109,2025-05-24,47,select_eum,다음 漢字의 音을 <보기>에서 찾아 그 번호를 쓰세요.,五,五,"[""① 문"", ""② 외"", ""③ 오"", ""④ 인""]",③,오,
8급,109,2025-05-24,48,select_eum,다음 漢字의 音을 <보기>에서 찾아 그 번호를 쓰세요.,外,外,"[""① 문"", ""② 외"", ""③ 오"", ""④ 인""]",②,외,
8급,109,2025-05-24,49,stroke,다음 漢字의 진하게 표시한 획은 몇 번째 쓰는지 <보기>에서 찾아 그 번호를 쓰세요.,,,"[""① 긴"", ""② 군사"", ""③ 여섯 번째"", ""④ 아우""]",④,네 번째,exam-strokes/stroke_8_109_49.png
8급,109,2025-05-24,50,stroke,다음 漢字의 진하게 표시한 획은 몇 번째 쓰는지 <보기>에서 찾아 그 번호를 쓰세요.,,,"[""① 긴"", ""② 군사"", ""③ 여섯 번째"", ""④ 아우""]",②,두 번째,exam-strokes/stroke_8_109_50.png
8급,110,2025-08-23,1,dokum,다음 글의 ( ) 안에 있는 漢字의 讀音을 쓰세요.,우리 (兄),兄,,형,형,
8급,110,2025-08-23,2,dokum,다음 글의 ( ) 안에 있는 漢字의 讀音을 쓰세요.,(弟)는,弟,,제,제,
8급,110,2025-08-23,3,dokum,다음 글의 ( ) 안에 있는 漢字의 讀音을 쓰세요.,(三),三,,삼,삼,
8급,110,2025-08-23,4,dokum,다음 글의 ( ) 안에 있는 漢字의 讀音을 쓰세요.,(寸)의,寸,,촌,촌,
8급,110,2025-08-23,5,dokum,다음 글의 ( ) 안에 있는 漢字의 讀音을 쓰세요.,(外),外,,외,외,
8급,110,2025-08-23,6,dokum,다음 글의 ( ) 안에 있는 漢字의 讀音을 쓰세요.,(國),國,,국,국,
8급,110,2025-08-23,7,dokum,다음 글의 ( ) 안에 있는 漢字의 讀音을 쓰세요.,(人) 친구와 함께,人,,인,인,
8급,110,2025-08-23,8,dokum,다음 글의 ( ) 안에 있는 漢字의 讀音을 쓰세요.,서울의 (東),東,,동,동,
8급,110,2025-08-23,9,dokum,다음 글의 ( ) 안에 있는 漢字의 讀音을 쓰세요.,(大),大,,대,대,
8급,110,2025-08-23,10,dokum,다음 글의 ( ) 안에 있는 漢字의 讀音을 쓰세요.,(門)을 구경했습니다,門,,문,문,
8급,110,2025-08-23,11,select_hanja,다음 훈이나 음에 알맞은 漢字를 <보기>에서 찾아 그 번호를 쓰세요.,날,날,"[""① 室"", ""② 校"", ""③ 北"", ""④ 日"", ""⑤ 木"", ""⑥ 七"", ""⑦ 四"", ""⑧ 長"", ""⑨ 十"", ""⑩ 西""]",④,日,
8급,110,2025-08-23,12,select_hanja,다음 훈이나 음에 알맞은 漢字를 <보기>에서 찾아 그 번호를 쓰세요.,학교,학교,"[""① 室"", ""② 校"", ""③ 北"", ""④ 日"", ""⑤ 木"", ""⑥ 七"", ""⑦ 四"", ""⑧ 長"", ""⑨ 十"", ""⑩ 西""]",②,校,
8급,110,2025-08-23,13,select_hanja,다음 훈이나 음에 알맞은 漢字를 <보기>에서 찾아 그 번호를 쓰세요.,사,사,"[""① 室"", ""② 校"", ""③ 北"", ""④ 日"", ""⑤ 木"", ""⑥ 七"", ""⑦ 四"", ""⑧ 長"", ""⑨ 十"", ""⑩ 西""]",⑦,四,
8급,110,2025-08-23,14,select_hanja,다음 훈이나 음에 알맞은 漢字를 <보기>에서 찾아 그 번호를 쓰세요.,십,십,"[""① 室"", ""② 校"", ""③ 北"", ""④ 日"", ""⑤ 木"", ""⑥ 七"", ""⑦ 四"", ""⑧ 長"", ""⑨ 十"", ""⑩ 西""]",⑨,十,
8급,110,2025-08-23,15,select_hanja,다음 훈이나 음에 알맞은 漢字를 <보기>에서 찾아 그 번호를 쓰세요.,나무,나무,"[""① 室"", ""② 校"", ""③ 北"", ""④ 日"", ""⑤ 木"", ""⑥ 七"", ""⑦ 四"", ""⑧ 長"", ""⑨ 十"", ""⑩ 西""]",⑤,木,
8급,110,2025-08-23,16,select_hanja,다음 훈이나 음에 알맞은 漢字를 <보기>에서 찾아 그 번호를 쓰세요.,실,실,"[""① 室"", ""② 校"", ""③ 北"", ""④ 日"", ""⑤ 木"", ""⑥ 七"", ""⑦ 四"", ""⑧ 長"", ""⑨ 十"", ""⑩ 西""]",①,室,
8급,110,2025-08-23,17,select_hanja,다음 훈이나 음에 알맞은 漢字를 <보기>에서 찾아 그 번호를 쓰세요.,장,장,"[""① 室"", ""② 校"", ""③ 北"", ""④ 日"", ""⑤ 木"", ""⑥ 七"", ""⑦ 四"", ""⑧ 長"", ""⑨ 十"", ""⑩ 西""]",⑧,長,
8급,110,2025-08-23,18,select_hanja,다음 훈이나 음에 알맞은 漢字를 <보기>에서 찾아 그 번호를 쓰세요.,서녘,서녘,"[""① 室"", ""② 校"", ""③ 北"", ""④ 日"", ""⑤ 木"", ""⑥ 七"", ""⑦ 四"", ""⑧ 長"", ""⑨ 十"", ""⑩ 西""]",⑩,西,
8급,110,2025-08-23,19,select_hanja,다음 훈이나 음에 알맞은 漢字를 <보기>에서 찾아 그 번호를 쓰세요.,북,북,"[""① 室"", ""② 校"", ""③ 北"", ""④ 日"", ""⑤ 木"", ""⑥ 七"", ""⑦ 四"", ""⑧ 長"", ""⑨ 十"", ""⑩ 西""]",③,北,
8급,110,2025-08-23,20,select_hanja,다음 훈이나 음에 알맞은 漢字를 <보기>에서 찾아 그 번호를 쓰세요.,일곱,일곱,"[""① 室"", ""② 校"", ""③ 北"", ""④ 日"", ""⑤ 木"", ""⑥ 七"", ""⑦ 四"", ""⑧ 長"", ""⑨ 十"", ""⑩ 西""]",⑥,七,
8급,110,2025-08-23,21,select_hanja,다음 밑줄 친 말에 해당하는 漢字를 <보기>에서 찾아 그 번호를 쓰세요.,어머니의 사랑은 가장 고귀한 사랑입니다,어머니,"[""① 水"", ""② 小"", ""③ 九"", ""④ 靑"", ""⑤ 中"", ""⑥ 母"", ""⑦ 火"", ""⑧ 年"", ""⑨ 白"", ""⑩ 敎""]",⑥,母,
8급,110,2025-08-23,22,select_hanja,다음 밑줄 친 말에 해당하는 漢字를 <보기>에서 찾아 그 번호를 쓰세요.,오전 아홉 시에 수업이 시작됩니다,아홉,"[""① 水"", ""② 小"", ""③ 九"", ""④ 靑"", ""⑤ 中"", ""⑥ 母"", ""⑦ 火"", ""⑧ 年"", ""⑨ 白"", ""⑩ 敎""]",③,九,
8급,110,2025-08-23,23,select_hanja,다음 밑줄 친 말에 해당하는 漢字를 <보기>에서 찾아 그 번호를 쓰세요.,얼음이 녹으면 물이 됩니다,물,"[""① 水"", ""② 小"", ""③ 九"", ""④ 靑"", ""⑤ 中"", ""⑥ 母"", ""⑦ 火"", ""⑧ 年"", ""⑨ 白"", ""⑩ 敎""]",①,水,
8급,110,2025-08-23,24,select_hanja,다음 밑줄 친 말에 해당하는 漢字를 <보기>에서 찾아 그 번호를 쓰세요.,비가 개자 맑고 푸른 하 늘이 나타났습니다,푸른,"[""① 水"", ""② 小"", ""③ 九"", ""④ 靑"", ""⑤ 中"", ""⑥ 母"", ""⑦ 火"", ""⑧ 年"", ""⑨ 白"", ""⑩ 敎""]",④,靑,
8급,110,2025-08-23,25,select_hanja,다음 밑줄 친 말에 해당하는 漢字를 <보기>에서 찾아 그 번호를 쓰세요.,사랑으로 가르치고 이끌 어주신 선생님의 은혜를 잊기 어렵습니다,가르치,"[""① 水"", ""② 小"", ""③ 九"", ""④ 靑"", ""⑤ 中"", ""⑥ 母"", ""⑦ 火"", ""⑧ 年"", ""⑨ 白"", ""⑩ 敎""]",⑩,敎,
8급,110,2025-08-23,26,select_hanja,다음 밑줄 친 말에 해당하는 漢字를 <보기>에서 찾아 그 번호를 쓰세요.,우리 민족은 흰 옷을 즐 겨 입었습니다,흰,"[""① 水"", ""② 小"", ""③ 九"", ""④ 靑"", ""⑤ 中"", ""⑥ 母"", ""⑦ 火"", ""⑧ 年"", ""⑨ 白"", ""⑩ 敎""]",⑨,白,
8급,110,2025-08-23,27,select_hanja,다음 밑줄 친 말에 해당하는 漢字를 <보기>에서 찾아 그 번호를 쓰세요.,방에는 작은 창이 있습 니다,작,"[""① 水"", ""② 小"", ""③ 九"", ""④ 靑"", ""⑤ 中"", ""⑥ 母"", ""⑦ 火"", ""⑧ 年"", ""⑨ 白"", ""⑩ 敎""]",②,小,
8급,110,2025-08-23,28,select_hanja,다음 밑줄 친 말에 해당하는 漢字를 <보기>에서 찾아 그 번호를 쓰세요.,책상 가운데에 책을 놓 았습니다,가운데,"[""① 水"", ""② 小"", ""③ 九"", ""④ 靑"", ""⑤ 中"", ""⑥ 母"", ""⑦ 火"", ""⑧ 年"", ""⑨ 白"", ""⑩ 敎""]",⑤,中,
8급,110,2025-08-23,29,select_hanja,다음 밑줄 친 말에 해당하는 漢字를 <보기>에서 찾아 그 번호를 쓰세요.,해가 갈수록 지구의 기 온이 오르고 있습니다,해,"[""① 水"", ""② 小"", ""③ 九"", ""④ 靑"", ""⑤ 中"", ""⑥ 母"", ""⑦ 火"", ""⑧ 年"", ""⑨ 白"", ""⑩ 敎""]",⑧,年,
8급,110,2025-08-23,30,select_hanja,다음 밑줄 친 말에 해당하는 漢字를 <보기>에서 찾아 그 번호를 쓰세요.,나뭇가지로 불을 피워 추위를 이겨냈습니다,불,"[""① 水"", ""② 小"", ""③ 九"", ""④ 靑"", ""⑤ 中"", ""⑥ 母"", ""⑦ 火"", ""⑧ 年"", ""⑨ 白"", ""⑩ 敎""]",⑦,火,
8급,110,2025-08-23,31,hunum,다음 漢字의 訓과 音을 쓰세요.,學,學,,배울 학,배울 학,
8급,110,2025-08-23,32,hunum,다음 漢字의 訓과 音을 쓰세요.,民,民,,백성 민,백성 민,
8급,110,2025-08-23,33,hunum,다음 漢字의 訓과 音을 쓰세요.,女,女,,계집 녀,계집 녀,
8급,110,2025-08-23,34,hunum,다음 漢字의 訓과 音을 쓰세요.,生,生,,날 생,날 생,
8급,110,2025-08-23,35,hunum,다음 漢字의 訓과 音을 쓰세요.,一,一,,한 일,한 일,
8급,110,2025-08-23,36,hunum,다음 漢字의 訓과 音을 쓰세요.,金,金,,쇠 금 / 성 김,쇠 금 / 성 김,
8급,110,2025-08-23,37,hunum,다음 漢字의 訓과 音을 쓰세요.,六,六,,여섯 륙,여섯 륙,
8급,110,2025-08-23,38,hunum,다음 漢字의 訓과 音을 쓰세요.,山,山,,메 산,메 산,
8급,110,2025-08-23,39,hunum,다음 漢字의 訓과 音을 쓰세요.,五,五,,다섯 오,다섯 오,
8급,110,2025-08-23,40,hunum,다음 漢字의 訓과 音을 쓰세요.,二,二,,두 이,두 이,
8급,110,2025-08-23,41,select_hun,다음 漢字의 訓을 <보기>에서 찾아 그 번호를 쓰세요.,八,八,"[""① 먼저"", ""② 일만"", ""③ 여덟"", ""④ 달""]",③,여덟,
8급,110,2025-08-23,42,select_hun,다음 漢字의 訓을 <보기>에서 찾아 그 번호를 쓰세요.,月,月,"[""① 먼저"", ""② 일만"", ""③ 여덟"", ""④ 달""]",④,달,
8급,110,2025-08-23,43,select_hun,다음 漢字의 訓을 <보기>에서 찾아 그 번호를 쓰세요.,先,先,"[""① 먼저"", ""② 일만"", ""③ 여덟"", ""④ 달""]",①,먼저,
8급,110,2025-08-23,44,select_hun,다음 漢字의 訓을 <보기>에서 찾아 그 번호를 쓰세요.,萬,萬,"[""① 먼저"", ""② 일만"", ""③ 여덟"", ""④ 달""]",②,일만,
8급,110,2025-08-23,45,select_eum,다음 漢字의 音을 <보기>에서 찾아 그 번호를 쓰세요.,南,南,"[""① 왕"", ""② 한"", ""③ 남"", ""④ 군""]",③,남,
8급,110,2025-08-23,46,select_eum,다음 漢字의 音을 <보기>에서 찾아 그 번호를 쓰세요.,王,王,"[""① 왕"", ""② 한"", ""③ 남"", ""④ 군""]",①,왕,
8급,110,2025-08-23,47,select_eum,다음 漢字의 音을 <보기>에서 찾아 그 번호를 쓰세요.,韓,韓,"[""① 왕"", ""② 한"", ""③ 남"", ""④ 군""]",②,한,
8급,110,2025-08-23,48,select_eum,다음 漢字의 音을 <보기>에서 찾아 그 번호를 쓰세요.,軍,軍,"[""① 왕"", ""② 한"", ""③ 남"", ""④ 군""]",④,군,
8급,110,2025-08-23,49,stroke,다음 漢字의 진하게 표시한 획은 몇 번째 쓰는지 <보기>에서 찾아 그 번호를 쓰세요.,,,"[""① 먼저"", ""② 일만"", ""③ 여덟 번째"", ""④ 달""]",②,두 번째,exam-strokes/stroke_8_110_49.png
8급,110,2025-08-23,50,stroke,다음 漢字의 진하게 표시한 획은 몇 번째 쓰는지 <보기>에서 찾아 그 번호를 쓰세요.,,,"[""① 먼저"", ""② 일만"", ""③ 여덟 번째"", ""④ 달""]",③,세 번째,exam-strokes/stroke_8_110_50.png
8급,111,2025-11-15,1,dokum,다음 글의 ( ) 안에 있는 漢字의 讀音을 쓰세요.,올해 (八),八,,팔,팔,
8급,111,2025-11-15,2,dokum,다음 글의 ( ) 안에 있는 漢字의 讀音을 쓰세요.,(月),月,,월,월,
8급,111,2025-11-15,3,dokum,다음 글의 ( ) 안에 있는 漢字의 讀音을 쓰세요.,(十),十,,십,십,
8급,111,2025-11-15,4,dokum,다음 글의 ( ) 안에 있는 漢字의 讀音을 쓰세요.,(五),五,,오,오,
8급,111,2025-11-15,5,dokum,다음 글의 ( ) 안에 있는 漢字의 讀音을 쓰세요.,(日)은,日,,일,일,
8급,111,2025-11-15,6,dokum,다음 글의 ( ) 안에 있는 漢字의 讀音을 쓰세요.,(大),大,,대,대,
8급,111,2025-11-15,7,dokum,다음 글의 ( ) 안에 있는 漢字의 讀音을 쓰세요.,(韓),韓,,한,한,
8급,111,2025-11-15,8,dokum,다음 글의 ( ) 안에 있는 漢字의 讀音을 쓰세요.,(民),民,,민,민,
8급,111,2025-11-15,9,dokum,다음 글의 ( ) 안에 있는 漢字의 讀音을 쓰세요.,(國)의,國,,국,국,
8급,111,2025-11-15,10,dokum,다음 글의 ( ) 안에 있는 漢字의 讀音을 쓰세요.,80주(年) 광복절입니다,年,,년,년,
8급,111,2025-11-15,11,select_hanja,다음 훈이나 음에 알맞은 漢字를 <보기>에서 찾아 그 번호를 쓰세요.,왕,왕,"[""① 王"", ""② 土"", ""③ 二"", ""④ 水"", ""⑤ 三"", ""⑥ 白"", ""⑦ 人"", ""⑧ 小"", ""⑨ 金"", ""⑩ 木""]",①,王,
8급,111,2025-11-15,12,select_hanja,다음 훈이나 음에 알맞은 漢字를 <보기>에서 찾아 그 번호를 쓰세요.,쇠/성,쇠/성,"[""① 王"", ""② 土"", ""③ 二"", ""④ 水"", ""⑤ 三"", ""⑥ 白"", ""⑦ 人"", ""⑧ 小"", ""⑨ 金"", ""⑩ 木""]",⑨,金,
8급,111,2025-11-15,13,select_hanja,다음 훈이나 음에 알맞은 漢字를 <보기>에서 찾아 그 번호를 쓰세요.,나무,나무,"[""① 王"", ""② 土"", ""③ 二"", ""④ 水"", ""⑤ 三"", ""⑥ 白"", ""⑦ 人"", ""⑧ 小"", ""⑨ 金"", ""⑩ 木""]",⑩,木,
8급,111,2025-11-15,14,select_hanja,다음 훈이나 음에 알맞은 漢字를 <보기>에서 찾아 그 번호를 쓰세요.,이,이,"[""① 王"", ""② 土"", ""③ 二"", ""④ 水"", ""⑤ 三"", ""⑥ 白"", ""⑦ 人"", ""⑧ 小"", ""⑨ 金"", ""⑩ 木""]",③,二,
8급,111,2025-11-15,15,select_hanja,다음 훈이나 음에 알맞은 漢字를 <보기>에서 찾아 그 번호를 쓰세요.,작을,작을,"[""① 王"", ""② 土"", ""③ 二"", ""④ 水"", ""⑤ 三"", ""⑥ 白"", ""⑦ 人"", ""⑧ 小"", ""⑨ 金"", ""⑩ 木""]",⑧,小,
8급,111,2025-11-15,16,select_hanja,다음 훈이나 음에 알맞은 漢字를 <보기>에서 찾아 그 번호를 쓰세요.,사람,사람,"[""① 王"", ""② 土"", ""③ 二"", ""④ 水"", ""⑤ 三"", ""⑥ 白"", ""⑦ 人"", ""⑧ 小"", ""⑨ 金"", ""⑩ 木""]",⑦,人,
8급,111,2025-11-15,17,select_hanja,다음 훈이나 음에 알맞은 漢字를 <보기>에서 찾아 그 번호를 쓰세요.,삼,삼,"[""① 王"", ""② 土"", ""③ 二"", ""④ 水"", ""⑤ 三"", ""⑥ 白"", ""⑦ 人"", ""⑧ 小"", ""⑨ 金"", ""⑩ 木""]",⑤,三,
8급,111,2025-11-15,18,select_hanja,다음 훈이나 음에 알맞은 漢字를 <보기>에서 찾아 그 번호를 쓰세요.,흙,흙,"[""① 王"", ""② 土"", ""③ 二"", ""④ 水"", ""⑤ 三"", ""⑥ 白"", ""⑦ 人"", ""⑧ 小"", ""⑨ 金"", ""⑩ 木""]",②,土,
8급,111,2025-11-15,19,select_hanja,다음 훈이나 음에 알맞은 漢字를 <보기>에서 찾아 그 번호를 쓰세요.,수,수,"[""① 王"", ""② 土"", ""③ 二"", ""④ 水"", ""⑤ 三"", ""⑥ 白"", ""⑦ 人"", ""⑧ 小"", ""⑨ 金"", ""⑩ 木""]",④,水,
8급,111,2025-11-15,20,select_hanja,다음 훈이나 음에 알맞은 漢字를 <보기>에서 찾아 그 번호를 쓰세요.,흰,흰,"[""① 王"", ""② 土"", ""③ 二"", ""④ 水"", ""⑤ 三"", ""⑥ 白"", ""⑦ 人"", ""⑧ 小"", ""⑨ 金"", ""⑩ 木""]",⑥,白,
8급,111,2025-11-15,21,select_hanja,다음 밑줄 친 말에 해당하는 漢字를 <보기>에서 찾아 그 번호를 쓰세요.,나무 한 그루를 심었습 니다,한,"[""① 長"", ""② 敎"", ""③ 一"", ""④ 學"", ""⑤ 靑"", ""⑥ 火"", ""⑦ 兄"", ""⑧ 九"", ""⑨ 中"", ""⑩ 生""]",③,一,
8급,111,2025-11-15,22,select_hanja,다음 밑줄 친 말에 해당하는 漢字를 <보기>에서 찾아 그 번호를 쓰세요.,마당에 풀이 났습니다,마당에,"[""① 長"", ""② 敎"", ""③ 一"", ""④ 學"", ""⑤ 靑"", ""⑥ 火"", ""⑦ 兄"", ""⑧ 九"", ""⑨ 中"", ""⑩ 生""]",⑩,生,
8급,111,2025-11-15,23,select_hanja,다음 밑줄 친 말에 해당하는 漢字를 <보기>에서 찾아 그 번호를 쓰세요.,나와 형은 어버지를 닮 았습니다,형,"[""① 長"", ""② 敎"", ""③ 一"", ""④ 學"", ""⑤ 靑"", ""⑥ 火"", ""⑦ 兄"", ""⑧ 九"", ""⑨ 中"", ""⑩ 生""]",⑦,兄,
8급,111,2025-11-15,24,select_hanja,다음 밑줄 친 말에 해당하는 漢字를 <보기>에서 찾아 그 번호를 쓰세요.,언니는 긴 머리카락을 쓸어넘겼습니다,긴,"[""① 長"", ""② 敎"", ""③ 一"", ""④ 學"", ""⑤ 靑"", ""⑥ 火"", ""⑦ 兄"", ""⑧ 九"", ""⑨ 中"", ""⑩ 生""]",①,長,
8급,111,2025-11-15,25,select_hanja,다음 밑줄 친 말에 해당하는 漢字를 <보기>에서 찾아 그 번호를 쓰세요.,수영은 삼촌에게 배웠습 니다,수영은,"[""① 長"", ""② 敎"", ""③ 一"", ""④ 學"", ""⑤ 靑"", ""⑥ 火"", ""⑦ 兄"", ""⑧ 九"", ""⑨ 中"", ""⑩ 生""]",④,學,
8급,111,2025-11-15,26,select_hanja,다음 밑줄 친 말에 해당하는 漢字를 <보기>에서 찾아 그 번호를 쓰세요.,강 가운데 배가 떠 있습 니다,가운데,"[""① 長"", ""② 敎"", ""③ 一"", ""④ 學"", ""⑤ 靑"", ""⑥ 火"", ""⑦ 兄"", ""⑧ 九"", ""⑨ 中"", ""⑩ 生""]",⑨,中,
8급,111,2025-11-15,27,select_hanja,다음 밑줄 친 말에 해당하는 漢字를 <보기>에서 찾아 그 번호를 쓰세요.,구미호는 꼬리가 아홉 달린 여우입니다,아홉,"[""① 長"", ""② 敎"", ""③ 一"", ""④ 學"", ""⑤ 靑"", ""⑥ 火"", ""⑦ 兄"", ""⑧ 九"", ""⑨ 中"", ""⑩ 生""]",⑧,九,
8급,111,2025-11-15,28,select_hanja,다음 밑줄 친 말에 해당하는 漢字를 <보기>에서 찾아 그 번호를 쓰세요.,장작이 불을 탑니다,불,"[""① 長"", ""② 敎"", ""③ 一"", ""④ 學"", ""⑤ 靑"", ""⑥ 火"", ""⑦ 兄"", ""⑧ 九"", ""⑨ 中"", ""⑩ 生""]",⑥,火,
8급,111,2025-11-15,29,select_hanja,다음 밑줄 친 말에 해당하는 漢字를 <보기>에서 찾아 그 번호를 쓰세요.,버드나무의 푸른 잎이 흔들립니다,푸른,"[""① 長"", ""② 敎"", ""③ 一"", ""④ 學"", ""⑤ 靑"", ""⑥ 火"", ""⑦ 兄"", ""⑧ 九"", ""⑨ 中"", ""⑩ 生""]",⑤,靑,
8급,111,2025-11-15,30,select_hanja,다음 밑줄 친 말에 해당하는 漢字를 <보기>에서 찾아 그 번호를 쓰세요.,똑똑한 그 아이에게 더 가르칠 것이 없습니다,똑똑한,"[""① 長"", ""② 敎"", ""③ 一"", ""④ 學"", ""⑤ 靑"", ""⑥ 火"", ""⑦ 兄"", ""⑧ 九"", ""⑨ 中"", ""⑩ 生""]",②,敎,
8급,111,2025-11-15,31,hunum,다음 漢字의 訓과 音을 쓰세요.,校,校,,학교 교,학교 교,
8급,111,2025-11-15,32,hunum,다음 漢字의 訓과 音을 쓰세요.,母,母,,어미 모,어미 모,
8급,111,2025-11-15,33,hunum,다음 漢字의 訓과 音을 쓰세요.,弟,弟,,아우 제,아우 제,
8급,111,2025-11-15,34,hunum,다음 漢字의 訓과 音을 쓰세요.,六,六,,여섯 륙,여섯 륙,
8급,111,2025-11-15,35,hunum,다음 漢字의 訓과 音을 쓰세요.,先,先,,먼저 선,먼저 선,
8급,111,2025-11-15,36,hunum,다음 漢字의 訓과 音을 쓰세요.,四,四,,넉 사,넉 사,
8급,111,2025-11-15,37,hunum,다음 漢字의 訓과 音을 쓰세요.,七,七,,일곱 칠,일곱 칠,
8급,111,2025-11-15,38,hunum,다음 漢字의 訓과 音을 쓰세요.,門,門,,문 문,문 문,
8급,111,2025-11-15,39,hunum,다음 漢字의 訓과 音을 쓰세요.,女,女,,계집 녀,계집 녀,
8급,111,2025-11-15,40,hunum,다음 漢字의 訓과 音을 쓰세요.,外,外,,바깥 외,바깥 외,
8급,111,2025-11-15,41,select_hun,다음 漢字의 訓을 <보기>에서 찾아 그 번호를 쓰세요.,父,父,"[""① 동녘"", ""② 북녘"", ""③ 마디"", ""④ 아비""]",④,아비,
8급,111,2025-11-15,42,select_hun,다음 漢字의 訓을 <보기>에서 찾아 그 번호를 쓰세요.,北,北,"[""① 동녘"", ""② 북녘"", ""③ 마디"", ""④ 아비""]",②,북녘,
8급,111,2025-11-15,43,select_hun,다음 漢字의 訓을 <보기>에서 찾아 그 번호를 쓰세요.,寸,寸,"[""① 동녘"", ""② 북녘"", ""③ 마디"", ""④ 아비""]",③,마디,
8급,111,2025-11-15,44,select_hun,다음 漢字의 訓을 <보기>에서 찾아 그 번호를 쓰세요.,東,東,"[""① 동녘"", ""② 북녘"", ""③ 마디"", ""④ 아비""]",①,동녘,
8급,111,2025-11-15,45,select_eum,다음 漢字의 音을 <보기>에서 찾아 그 번호를 쓰세요.,山,山,"[""① 남"", ""② 군"", ""③ 실"", ""④ 산""]",④,산,
8급,111,2025-11-15,46,select_eum,다음 漢字의 音을 <보기>에서 찾아 그 번호를 쓰세요.,南,南,"[""① 남"", ""② 군"", ""③ 실"", ""④ 산""]",①,남,
8급,111,2025-11-15,47,select_eum,다음 漢字의 音을 <보기>에서 찾아 그 번호를 쓰세요.,室,室,"[""① 남"", ""② 군"", ""③ 실"", ""④ 산""]",③,실,
8급,111,2025-11-15,48,select_eum,다음 漢字의 音을 <보기>에서 찾아 그 번호를 쓰세요.,軍,軍,"[""① 남"", ""② 군"", ""③ 실"", ""④ 산""]",②,군,
8급,111,2025-11-15,49,stroke,다음 漢字의 진하게 표시한 획은 몇 번째 쓰는지 <보기>에서 찾아 그 번호를 쓰세요.,,,"[""① 첫 번째"", ""② 두 번째"", ""③ 세 번째"", ""④ 네 번째"", ""⑤ 다섯 번째"", ""⑥ 여섯 번째"", ""⑦ 일곱 번째"", ""⑧ 여덟 번째"", ""⑨ 아홉 번째"", ""⑩ 열 번째""]",⑤,다섯 번째,exam-strokes/stroke_8_111_49.png
8급,111,2025-11-15,50,stroke,다음 漢字의 진하게 표시한 획은 몇 번째 쓰는지 <보기>에서 찾아 그 번호를 쓰세요.,,,"[""① 첫 번째"", ""② 두 번째"", ""③ 세 번째"", ""④ 네 번째"", ""⑤ 다섯 번째"", ""⑥ 여섯 번째"", ""⑦ 일곱 번째"", ""⑧ 여덟 번째"", ""⑨ 아홉 번째"", ""⑩ 열 번째""]",⑫,⑫,exam-strokes/stroke_8_111_50.png
8급,112,2026-02-28,1,dokum,다음 글의 ( ) 안에 있는 漢字의 讀音을 쓰세요.,(三),三,,삼,삼,
8급,112,2026-02-28,2,dokum,다음 글의 ( ) 안에 있는 漢字의 讀音을 쓰세요.,(月)이 오면,月,,월,월,
8급,112,2026-02-28,3,dokum,다음 글의 ( ) 안에 있는 漢字의 讀音을 쓰세요.,(兄)은,兄,,형,형,
8급,112,2026-02-28,4,dokum,다음 글의 ( ) 안에 있는 漢字의 讀音을 쓰세요.,(六)학년,六,,육,육,
8급,112,2026-02-28,5,dokum,다음 글의 ( ) 안에 있는 漢字의 讀音을 쓰세요.,누나는 (四)학년,四,,사,사,
8급,112,2026-02-28,6,dokum,다음 글의 ( ) 안에 있는 漢字의 讀音을 쓰세요.,나는 (一)학년이 됩니다,一,,일,일,
8급,112,2026-02-28,7,dokum,다음 글의 ( ) 안에 있는 漢字의 讀音을 쓰세요.,우리는 (先),先,,선,선,
8급,112,2026-02-28,8,dokum,다음 글의 ( ) 안에 있는 漢字의 讀音을 쓰세요.,(生)님과,生,,생,생,
8급,112,2026-02-28,9,dokum,다음 글의 ( ) 안에 있는 漢字의 讀音을 쓰세요.,(敎),敎,,교,교,
8급,112,2026-02-28,10,dokum,다음 글의 ( ) 안에 있는 漢字의 讀音을 쓰세요.,(室)에서 인사를 나눕니 다,室,,실,실,
8급,112,2026-02-28,11,select_hanja,다음 훈이나 음에 알맞은 漢字를 <보기>에서 찾아 그 번호를 쓰세요.,날,날,"[""① 日"", ""② 長"", ""③ 弟"", ""④ 南"", ""⑤ 十"", ""⑥ 火"", ""⑦ 年"", ""⑧ 土"", ""⑨ 韓"", ""⑩ 校""]",①,日,
8급,112,2026-02-28,12,select_hanja,다음 훈이나 음에 알맞은 漢字를 <보기>에서 찾아 그 번호를 쓰세요.,긴,긴,"[""① 日"", ""② 長"", ""③ 弟"", ""④ 南"", ""⑤ 十"", ""⑥ 火"", ""⑦ 年"", ""⑧ 土"", ""⑨ 韓"", ""⑩ 校""]",②,長,
8급,112,2026-02-28,13,select_hanja,다음 훈이나 음에 알맞은 漢字를 <보기>에서 찾아 그 번호를 쓰세요.,학교,학교,"[""① 日"", ""② 長"", ""③ 弟"", ""④ 南"", ""⑤ 十"", ""⑥ 火"", ""⑦ 年"", ""⑧ 土"", ""⑨ 韓"", ""⑩ 校""]",⑩,校,
8급,112,2026-02-28,14,select_hanja,다음 훈이나 음에 알맞은 漢字를 <보기>에서 찾아 그 번호를 쓰세요.,한국/나라,한국/나라,"[""① 日"", ""② 長"", ""③ 弟"", ""④ 南"", ""⑤ 十"", ""⑥ 火"", ""⑦ 年"", ""⑧ 土"", ""⑨ 韓"", ""⑩ 校""]",⑨,韓,
8급,112,2026-02-28,15,select_hanja,다음 훈이나 음에 알맞은 漢字를 <보기>에서 찾아 그 번호를 쓰세요.,불,불,"[""① 日"", ""② 長"", ""③ 弟"", ""④ 南"", ""⑤ 十"", ""⑥ 火"", ""⑦ 年"", ""⑧ 土"", ""⑨ 韓"", ""⑩ 校""]",⑥,火,
8급,112,2026-02-28,16,select_hanja,다음 훈이나 음에 알맞은 漢字를 <보기>에서 찾아 그 번호를 쓰세요.,남녘,남녘,"[""① 日"", ""② 長"", ""③ 弟"", ""④ 南"", ""⑤ 十"", ""⑥ 火"", ""⑦ 年"", ""⑧ 土"", ""⑨ 韓"", ""⑩ 校""]",④,南,
8급,112,2026-02-28,17,select_hanja,다음 훈이나 음에 알맞은 漢字를 <보기>에서 찾아 그 번호를 쓰세요.,열,열,"[""① 日"", ""② 長"", ""③ 弟"", ""④ 南"", ""⑤ 十"", ""⑥ 火"", ""⑦ 年"", ""⑧ 土"", ""⑨ 韓"", ""⑩ 校""]",⑤,十,
8급,112,2026-02-28,18,select_hanja,다음 훈이나 음에 알맞은 漢字를 <보기>에서 찾아 그 번호를 쓰세요.,년,년,"[""① 日"", ""② 長"", ""③ 弟"", ""④ 南"", ""⑤ 十"", ""⑥ 火"", ""⑦ 年"", ""⑧ 土"", ""⑨ 韓"", ""⑩ 校""]",⑦,年,
8급,112,2026-02-28,19,select_hanja,다음 훈이나 음에 알맞은 漢字를 <보기>에서 찾아 그 번호를 쓰세요.,흙,흙,"[""① 日"", ""② 長"", ""③ 弟"", ""④ 南"", ""⑤ 十"", ""⑥ 火"", ""⑦ 年"", ""⑧ 土"", ""⑨ 韓"", ""⑩ 校""]",⑧,土,
8급,112,2026-02-28,20,select_hanja,다음 훈이나 음에 알맞은 漢字를 <보기>에서 찾아 그 번호를 쓰세요.,제,제,"[""① 日"", ""② 長"", ""③ 弟"", ""④ 南"", ""⑤ 十"", ""⑥ 火"", ""⑦ 年"", ""⑧ 土"", ""⑨ 韓"", ""⑩ 校""]",③,弟,
8급,112,2026-02-28,21,select_hanja,다음 밑줄 친 말에 해당하는 漢字를 <보기>에서 찾아 그 번호를 쓰세요.,나는 매일 여덟 시에 등 교합니다,여덟,"[""① 父"", ""② 國"", ""③ 門"", ""④ 中"", ""⑤ 山"", ""⑥ 靑"", ""⑦ 八"", ""⑧ 母"", ""⑨ 大"", ""⑩ 軍""]",⑦,八,
8급,112,2026-02-28,22,select_hanja,다음 밑줄 친 말에 해당하는 漢字를 <보기>에서 찾아 그 번호를 쓰세요.,아버지와,아버지와,"[""① 父"", ""② 國"", ""③ 門"", ""④ 中"", ""⑤ 山"", ""⑥ 靑"", ""⑦ 八"", ""⑧ 母"", ""⑨ 大"", ""⑩ 軍""]",①,父,
8급,112,2026-02-28,23,select_hanja,다음 밑줄 친 말에 해당하는 漢字를 <보기>에서 찾아 그 번호를 쓰세요.,어머니는,어머니는,"[""① 父"", ""② 國"", ""③ 門"", ""④ 中"", ""⑤ 山"", ""⑥ 靑"", ""⑦ 八"", ""⑧ 母"", ""⑨ 大"", ""⑩ 軍""]",⑧,母,
8급,112,2026-02-28,24,select_hanja,다음 밑줄 친 말에 해당하는 漢字를 <보기>에서 찾아 그 번호를 쓰세요.,우리나라를 지키는,나라,"[""① 父"", ""② 國"", ""③ 門"", ""④ 中"", ""⑤ 山"", ""⑥ 靑"", ""⑦ 八"", ""⑧ 母"", ""⑨ 大"", ""⑩ 軍""]",②,國,
8급,112,2026-02-28,25,select_hanja,다음 밑줄 친 말에 해당하는 漢字를 <보기>에서 찾아 그 번호를 쓰세요.,군사입니다,군사입니다,"[""① 父"", ""② 國"", ""③ 門"", ""④ 中"", ""⑤ 山"", ""⑥ 靑"", ""⑦ 八"", ""⑧ 母"", ""⑨ 大"", ""⑩ 軍""]",⑩,軍,
8급,112,2026-02-28,26,select_hanja,다음 밑줄 친 말에 해당하는 漢字를 <보기>에서 찾아 그 번호를 쓰세요.,큰,큰,"[""① 父"", ""② 國"", ""③ 門"", ""④ 中"", ""⑤ 山"", ""⑥ 靑"", ""⑦ 八"", ""⑧ 母"", ""⑨ 大"", ""⑩ 軍""]",⑨,大,
8급,112,2026-02-28,27,select_hanja,다음 밑줄 친 말에 해당하는 漢字를 <보기>에서 찾아 그 번호를 쓰세요.,문을 나서면,문을 나서면,"[""① 父"", ""② 國"", ""③ 門"", ""④ 中"", ""⑤ 山"", ""⑥ 靑"", ""⑦ 八"", ""⑧ 母"", ""⑨ 大"", ""⑩ 軍""]",③,門,
8급,112,2026-02-28,28,select_hanja,다음 밑줄 친 말에 해당하는 漢字를 <보기>에서 찾아 그 번호를 쓰세요.,한 가운데에,한 가운데에,"[""① 父"", ""② 國"", ""③ 門"", ""④ 中"", ""⑤ 山"", ""⑥ 靑"", ""⑦ 八"", ""⑧ 母"", ""⑨ 大"", ""⑩ 軍""]",④,中,
8급,112,2026-02-28,29,select_hanja,다음 밑줄 친 말에 해당하는 漢字를 <보기>에서 찾아 그 번호를 쓰세요.,푸른,푸른,"[""① 父"", ""② 國"", ""③ 門"", ""④ 中"", ""⑤ 山"", ""⑥ 靑"", ""⑦ 八"", ""⑧ 母"", ""⑨ 大"", ""⑩ 軍""]",⑥,靑,
8급,112,2026-02-28,30,select_hanja,다음 밑줄 친 말에 해당하는 漢字를 <보기>에서 찾아 그 번호를 쓰세요.,뫼가 우뚝 서 있습니다,뫼,"[""① 父"", ""② 國"", ""③ 門"", ""④ 中"", ""⑤ 山"", ""⑥ 靑"", ""⑦ 八"", ""⑧ 母"", ""⑨ 大"", ""⑩ 軍""]",⑤,山,
8급,112,2026-02-28,31,hunum,다음 漢字의 訓과 音을 쓰세요.,學,學,,배울 학,배울 학,
8급,112,2026-02-28,32,hunum,다음 漢字의 訓과 音을 쓰세요.,寸,寸,,마디 촌,마디 촌,
8급,112,2026-02-28,33,hunum,다음 漢字의 訓과 音을 쓰세요.,王,王,,임금 왕,임금 왕,
8급,112,2026-02-28,34,hunum,다음 漢字의 訓과 音을 쓰세요.,萬,萬,,일만 만,일만 만,
8급,112,2026-02-28,35,hunum,다음 漢字의 訓과 音을 쓰세요.,九,九,,아홉 구,아홉 구,
8급,112,2026-02-28,36,hunum,다음 漢字의 訓과 音을 쓰세요.,小,小,,작을 소,작을 소,
8급,112,2026-02-28,37,hunum,다음 漢字의 訓과 音을 쓰세요.,西,西,,서녘 서,서녘 서,
8급,112,2026-02-28,38,hunum,다음 漢字의 訓과 音을 쓰세요.,民,民,,백성 민,백성 민,
8급,112,2026-02-28,39,hunum,다음 漢字의 訓과 音을 쓰세요.,白,白,,흰 백,흰 백,
8급,112,2026-02-28,40,hunum,다음 漢字의 訓과 音을 쓰세요.,外,外,,바깥 외,바깥 외,
8급,112,2026-02-28,41,select_hun,다음 漢字의 訓을 <보기>에서 찾아 그 번호를 쓰세요.,東,東,"[""① 동녘"", ""② 나무"", ""③ 물"", ""④ 계집""]",①,동녘,
8급,112,2026-02-28,42,select_hun,다음 漢字의 訓을 <보기>에서 찾아 그 번호를 쓰세요.,女,女,"[""① 동녘"", ""② 나무"", ""③ 물"", ""④ 계집""]",④,계집,
8급,112,2026-02-28,43,select_hun,다음 漢字의 訓을 <보기>에서 찾아 그 번호를 쓰세요.,水,水,"[""① 동녘"", ""② 나무"", ""③ 물"", ""④ 계집""]",③,물,
8급,112,2026-02-28,44,select_hun,다음 漢字의 訓을 <보기>에서 찾아 그 번호를 쓰세요.,木,木,"[""① 동녘"", ""② 나무"", ""③ 물"", ""④ 계집""]",②,나무,
8급,112,2026-02-28,45,select_eum,다음 漢字의 音을 <보기>에서 찾아 그 번호를 쓰세요.,五,五,"[""① 이"", ""② 칠"", ""③ 오"", ""④ 인""]",③,오,
8급,112,2026-02-28,46,select_eum,다음 漢字의 音을 <보기>에서 찾아 그 번호를 쓰세요.,人,人,"[""① 이"", ""② 칠"", ""③ 오"", ""④ 인""]",④,인,
8급,112,2026-02-28,47,select_eum,다음 漢字의 音을 <보기>에서 찾아 그 번호를 쓰세요.,七,七,"[""① 이"", ""② 칠"", ""③ 오"", ""④ 인""]",②,칠,
8급,112,2026-02-28,48,select_eum,다음 漢字의 音을 <보기>에서 찾아 그 번호를 쓰세요.,二,二,"[""① 이"", ""② 칠"", ""③ 오"", ""④ 인""]",①,이,
8급,112,2026-02-28,49,stroke,다음 漢字의 진하게 표시한 획은 몇 번째 쓰는지 <보기>에서 찾아 그 번호를 쓰세요.,,,"[""① 첫 번째"", ""② 두 번째"", ""③ 세 번째"", ""④ 네 번째"", ""⑤ 다섯 번째"", ""⑥ 여섯 번째"", ""⑦ 일곱 번째"", ""⑧ 여덟 번째""]",⑥,여섯 번째,exam-strokes/stroke_8_112_49.png
8급,112,2026-02-28,50,stroke,다음 漢字의 진하게 표시한 획은 몇 번째 쓰는지 <보기>에서 찾아 그 번호를 쓰세요.,,,"[""① 첫 번째"", ""② 두 번째"", ""③ 세 번째"", ""④ 네 번째"", ""⑤ 다섯 번째"", ""⑥ 여섯 번째"", ""⑦ 일곱 번째"", ""⑧ 여덟 번째""]",④,네 번째,exam-strokes/stroke_8_112_50.png
8급,113,2026-05-23,1,dokum,다음 글의 ( ) 안에 있는 漢字의 讀音을 쓰세요.,(東),東,,동,동,
8급,113,2026-05-23,2,dokum,다음 글의 ( ) 안에 있는 漢字의 讀音을 쓰세요.,(南)쪽으로,南,,남,남,
8급,113,2026-05-23,3,dokum,다음 글의 ( ) 안에 있는 漢字의 讀音을 쓰세요.,(二),二,,이,이,
8급,113,2026-05-23,4,dokum,다음 글의 ( ) 안에 있는 漢字의 讀音을 쓰세요.,(十),十,,십,십,
8급,113,2026-05-23,5,dokum,다음 글의 ( ) 안에 있는 漢字의 讀音을 쓰세요.,(五)분을 가면,五,,오,오,
8급,113,2026-05-23,6,dokum,다음 글의 ( ) 안에 있는 漢字의 讀音을 쓰세요.,(外),外,,외,외,
8급,113,2026-05-23,7,dokum,다음 글의 ( ) 안에 있는 漢字의 讀音을 쓰세요.,(三),三,,삼,삼,
8급,113,2026-05-23,8,dokum,다음 글의 ( ) 안에 있는 漢字의 讀音을 쓰세요.,(寸) 댁이 나옵니다.,寸,,촌,촌,
8급,113,2026-05-23,9,dokum,다음 글의 ( ) 안에 있는 漢字의 讀音을 쓰세요.,그 옆에는 (學),學,,학,학,
8급,113,2026-05-23,10,dokum,다음 글의 ( ) 안에 있는 漢字의 讀音을 쓰세요.,(校)가 있습니다.,校,,교,교,
8급,113,2026-05-23,11,select_hanja,다음 訓이나 音에 알맞은 漢字를 <보기>에서 찾아 그 번호를 쓰세요.,여덟,여덟,"[""① 國"", ""② 生"", ""③ 月"", ""④ 木"", ""⑤ 西"", ""⑥ 水"", ""⑦ 八"", ""⑧ 七"", ""⑨ 四"", ""⑩ 敎""]",⑦,八,
8급,113,2026-05-23,12,select_hanja,다음 訓이나 音에 알맞은 漢字를 <보기>에서 찾아 그 번호를 쓰세요.,국,국,"[""① 國"", ""② 生"", ""③ 月"", ""④ 木"", ""⑤ 西"", ""⑥ 水"", ""⑦ 八"", ""⑧ 七"", ""⑨ 四"", ""⑩ 敎""]",①,國,
8급,113,2026-05-23,13,select_hanja,다음 訓이나 音에 알맞은 漢字를 <보기>에서 찾아 그 번호를 쓰세요.,물,물,"[""① 國"", ""② 生"", ""③ 月"", ""④ 木"", ""⑤ 西"", ""⑥ 水"", ""⑦ 八"", ""⑧ 七"", ""⑨ 四"", ""⑩ 敎""]",⑥,水,
8급,113,2026-05-23,14,select_hanja,다음 訓이나 音에 알맞은 漢字를 <보기>에서 찾아 그 번호를 쓰세요.,넉,넉,"[""① 國"", ""② 生"", ""③ 月"", ""④ 木"", ""⑤ 西"", ""⑥ 水"", ""⑦ 八"", ""⑧ 七"", ""⑨ 四"", ""⑩ 敎""]",⑨,四,
8급,113,2026-05-23,15,select_hanja,다음 訓이나 音에 알맞은 漢字를 <보기>에서 찾아 그 번호를 쓰세요.,월,월,"[""① 國"", ""② 生"", ""③ 月"", ""④ 木"", ""⑤ 西"", ""⑥ 水"", ""⑦ 八"", ""⑧ 七"", ""⑨ 四"", ""⑩ 敎""]",③,月,
8급,113,2026-05-23,16,select_hanja,다음 訓이나 音에 알맞은 漢字를 <보기>에서 찾아 그 번호를 쓰세요.,일곱,일곱,"[""① 國"", ""② 生"", ""③ 月"", ""④ 木"", ""⑤ 西"", ""⑥ 水"", ""⑦ 八"", ""⑧ 七"", ""⑨ 四"", ""⑩ 敎""]",⑧,七,
8급,113,2026-05-23,17,select_hanja,다음 訓이나 音에 알맞은 漢字를 <보기>에서 찾아 그 번호를 쓰세요.,가르칠,가르칠,"[""① 國"", ""② 生"", ""③ 月"", ""④ 木"", ""⑤ 西"", ""⑥ 水"", ""⑦ 八"", ""⑧ 七"", ""⑨ 四"", ""⑩ 敎""]",⑩,敎,
8급,113,2026-05-23,18,select_hanja,다음 訓이나 音에 알맞은 漢字를 <보기>에서 찾아 그 번호를 쓰세요.,생,생,"[""① 國"", ""② 生"", ""③ 月"", ""④ 木"", ""⑤ 西"", ""⑥ 水"", ""⑦ 八"", ""⑧ 七"", ""⑨ 四"", ""⑩ 敎""]",②,生,
8급,113,2026-05-23,19,select_hanja,다음 訓이나 音에 알맞은 漢字를 <보기>에서 찾아 그 번호를 쓰세요.,목,목,"[""① 國"", ""② 生"", ""③ 月"", ""④ 木"", ""⑤ 西"", ""⑥ 水"", ""⑦ 八"", ""⑧ 七"", ""⑨ 四"", ""⑩ 敎""]",④,木,
8급,113,2026-05-23,20,select_hanja,다음 訓이나 音에 알맞은 漢字를 <보기>에서 찾아 그 번호를 쓰세요.,서,서,"[""① 國"", ""② 生"", ""③ 月"", ""④ 木"", ""⑤ 西"", ""⑥ 水"", ""⑦ 八"", ""⑧ 七"", ""⑨ 四"", ""⑩ 敎""]",⑤,西,
8급,113,2026-05-23,21,select_hanja,다음 밑줄 친 말에 해당하는 漢字를 <보기>에서 찾아 그 번호를 쓰세요.,큰 별빛이,큰,"[""① 北"", ""② 火"", ""③ 年"", ""④ 大"", ""⑤ 人"", ""⑥ 金"", ""⑦ 母"", ""⑧ 軍"", ""⑨ 一"", ""⑩ 室""]",④,大,
8급,113,2026-05-23,22,select_hanja,다음 밑줄 친 말에 해당하는 漢字를 <보기>에서 찾아 그 번호를 쓰세요.,북녘 하늘에서 반짝입니다.,북녘,"[""① 北"", ""② 火"", ""③ 年"", ""④ 大"", ""⑤ 人"", ""⑥ 金"", ""⑦ 母"", ""⑧ 軍"", ""⑨ 一"", ""⑩ 室""]",①,北,
8급,113,2026-05-23,23,select_hanja,다음 밑줄 친 말에 해당하는 漢字를 <보기>에서 찾아 그 번호를 쓰세요.,어머니가,어머니,"[""① 北"", ""② 火"", ""③ 年"", ""④ 大"", ""⑤ 人"", ""⑥ 金"", ""⑦ 母"", ""⑧ 軍"", ""⑨ 一"", ""⑩ 室""]",⑦,母,
8급,113,2026-05-23,24,select_hanja,다음 밑줄 친 말에 해당하는 漢字를 <보기>에서 찾아 그 번호를 쓰세요.,강아지 한 마리를 데리고,한,"[""① 北"", ""② 火"", ""③ 年"", ""④ 大"", ""⑤ 人"", ""⑥ 金"", ""⑦ 母"", ""⑧ 軍"", ""⑨ 一"", ""⑩ 室""]",⑨,一,
8급,113,2026-05-23,25,select_hanja,다음 밑줄 친 말에 해당하는 漢字를 <보기>에서 찾아 그 번호를 쓰세요.,집으로 오셨습니다.,집,"[""① 北"", ""② 火"", ""③ 年"", ""④ 大"", ""⑤ 人"", ""⑥ 金"", ""⑦ 母"", ""⑧ 軍"", ""⑨ 一"", ""⑩ 室""]",⑩,室,
8급,113,2026-05-23,26,select_hanja,다음 밑줄 친 말에 해당하는 漢字를 <보기>에서 찾아 그 번호를 쓰세요.,대장간의 사람들이,사람들,"[""① 北"", ""② 火"", ""③ 年"", ""④ 大"", ""⑤ 人"", ""⑥ 金"", ""⑦ 母"", ""⑧ 軍"", ""⑨ 一"", ""⑩ 室""]",⑤,人,
8급,113,2026-05-23,27,select_hanja,다음 밑줄 친 말에 해당하는 漢字를 <보기>에서 찾아 그 번호를 쓰세요.,쇠를,쇠,"[""① 北"", ""② 火"", ""③ 年"", ""④ 大"", ""⑤ 人"", ""⑥ 金"", ""⑦ 母"", ""⑧ 軍"", ""⑨ 一"", ""⑩ 室""]",⑥,金,
8급,113,2026-05-23,28,select_hanja,다음 밑줄 친 말에 해당하는 漢字를 <보기>에서 찾아 그 번호를 쓰세요.,불에 달구고 있습니다.,불,"[""① 北"", ""② 火"", ""③ 年"", ""④ 大"", ""⑤ 人"", ""⑥ 金"", ""⑦ 母"", ""⑧ 軍"", ""⑨ 一"", ""⑩ 室""]",②,火,
8급,113,2026-05-23,29,select_hanja,다음 밑줄 친 말에 해당하는 漢字를 <보기>에서 찾아 그 번호를 쓰세요.,삼촌은 군사 시설에서,군사,"[""① 北"", ""② 火"", ""③ 年"", ""④ 大"", ""⑤ 人"", ""⑥ 金"", ""⑦ 母"", ""⑧ 軍"", ""⑨ 一"", ""⑩ 室""]",⑧,軍,
8급,113,2026-05-23,30,select_hanja,다음 밑줄 친 말에 해당하는 漢字를 <보기>에서 찾아 그 번호를 쓰세요.,삼 년째 일을 합니다.,년,"[""① 北"", ""② 火"", ""③ 年"", ""④ 大"", ""⑤ 人"", ""⑥ 金"", ""⑦ 母"", ""⑧ 軍"", ""⑨ 一"", ""⑩ 室""]",③,年,
8급,113,2026-05-23,31,hunum,다음 漢字의 訓과 音을 쓰세요.,王,王,,임금 왕,임금 왕,
8급,113,2026-05-23,32,hunum,다음 漢字의 訓과 音을 쓰세요.,長,長,,긴 장,긴 장,
8급,113,2026-05-23,33,hunum,다음 漢字의 訓과 音을 쓰세요.,民,民,,백성 민,백성 민,
8급,113,2026-05-23,34,hunum,다음 漢字의 訓과 音을 쓰세요.,九,九,,아홉 구,아홉 구,
8급,113,2026-05-23,35,hunum,다음 漢字의 訓과 音을 쓰세요.,靑,靑,,푸를 청,푸를 청,
8급,113,2026-05-23,36,hunum,다음 漢字의 訓과 音을 쓰세요.,萬,萬,,일만 만,일만 만,
8급,113,2026-05-23,37,hunum,다음 漢字의 訓과 音을 쓰세요.,兄,兄,,형 형,형 형,
8급,113,2026-05-23,38,hunum,다음 漢字의 訓과 音을 쓰세요.,弟,弟,,아우 제,아우 제,
8급,113,2026-05-23,39,hunum,다음 漢字의 訓과 音을 쓰세요.,先,先,,먼저 선,먼저 선,
8급,113,2026-05-23,40,hunum,다음 漢字의 訓과 音을 쓰세요.,山,山,,메 산,메 산,
8급,113,2026-05-23,41,select_hun,다음 漢字의 訓을 <보기>에서 찾아 그 번호를 쓰세요.,六,六,"[""① 작을"", ""② 한국/나라"", ""③ 계집"", ""④ 여섯""]",④,여섯,
8급,113,2026-05-23,42,select_hun,다음 漢字의 訓을 <보기>에서 찾아 그 번호를 쓰세요.,女,女,"[""① 작을"", ""② 한국/나라"", ""③ 계집"", ""④ 여섯""]",③,계집,
8급,113,2026-05-23,43,select_hun,다음 漢字의 訓을 <보기>에서 찾아 그 번호를 쓰세요.,小,小,"[""① 작을"", ""② 한국/나라"", ""③ 계집"", ""④ 여섯""]",①,작을,
8급,113,2026-05-23,44,select_hun,다음 漢字의 訓을 <보기>에서 찾아 그 번호를 쓰세요.,韓,韓,"[""① 작을"", ""② 한국/나라"", ""③ 계집"", ""④ 여섯""]",②,한국/나라,
8급,113,2026-05-23,45,select_eum,다음 漢字의 音을 <보기>에서 찾아 그 번호를 쓰세요.,門,門,"[""① 백"", ""② 일"", ""③ 부"", ""④ 문""]",④,문,
8급,113,2026-05-23,46,select_eum,다음 漢字의 音을 <보기>에서 찾아 그 번호를 쓰세요.,父,父,"[""① 백"", ""② 일"", ""③ 부"", ""④ 문""]",③,부,
8급,113,2026-05-23,47,select_eum,다음 漢字의 音을 <보기>에서 찾아 그 번호를 쓰세요.,日,日,"[""① 백"", ""② 일"", ""③ 부"", ""④ 문""]",②,일,
8급,113,2026-05-23,48,select_eum,다음 漢字의 音을 <보기>에서 찾아 그 번호를 쓰세요.,白,白,"[""① 백"", ""② 일"", ""③ 부"", ""④ 문""]",①,백,
8급,113,2026-05-23,49,stroke,다음 漢字의 진하게 표시한 획은 몇 번째 쓰는지 <보기>에서 찾아 그 번호를 쓰세요.,中,中,"[""① 첫 번째"", ""② 두 번째"", ""③ 세 번째"", ""④ 네 번째"", ""⑤ 다섯 번째"", ""⑥ 여섯 번째"", ""⑦ 일곱 번째"", ""⑧ 여덟 번째""]",③,세 번째,exam-strokes/stroke_8_113_49.png
8급,113,2026-05-23,50,stroke,다음 漢字의 진하게 표시한 획은 몇 번째 쓰는지 <보기>에서 찾아 그 번호를 쓰세요.,土,土,"[""① 첫 번째"", ""② 두 번째"", ""③ 세 번째"", ""④ 네 번째"", ""⑤ 다섯 번째"", ""⑥ 여섯 번째"", ""⑦ 일곱 번째"", ""⑧ 여덟 번째""]",③,세 번째,exam-strokes/stroke_8_113_50.png
