level,session,exam_date,question_no,question_type,instruction,question_text,target,options,answer,answer_display,image_path
3급,68,2015-02-28,1,dokeum_W,다음 밑줄 친 漢字語의 讀音을 쓰시오.,"문학의 소재는 SF의 架空 세계나 현실적으로 불가능한 초자연적 비이성적 판타지의 세계까지 확장되기도 하지만, 작가가 結局 표현하고자 하는 것은 인간 이야기, 현실 이야기이다. 看護가 주된 관심을 보이는 대상도 인간이다. 이 행위는 인간에 대한 돌봄과 진료다. 인간의 신체적 疾病에 초점을 두고 자연과학적 觀點에서, 나아가 인간의 尊嚴성과 인권을 존중하고 옹호하며 인간의 健康과 安寧을 增進하는 사명을 갖는다. 이렇듯 이 둘은 서로 별 關聯이 없어 보이지만 조금만 깊이 들어가 보면 共通점이 많다.",架空,,가공,가공,
3급,68,2015-02-28,2,dokeum_W,다음 밑줄 친 漢字語의 讀音을 쓰시오.,"문학의 소재는 SF의 架空 세계나 현실적으로 불가능한 초자연적 비이성적 판타지의 세계까지 확장되기도 하지만, 작가가 結局 표현하고자 하는 것은 인간 이야기, 현실 이야기이다. 看護가 주된 관심을 보이는 대상도 인간이다. 이 행위는 인간에 대한 돌봄과 진료다. 인간의 신체적 疾病에 초점을 두고 자연과학적 觀點에서, 나아가 인간의 尊嚴성과 인권을 존중하고 옹호하며 인간의 健康과 安寧을 增進하는 사명을 갖는다. 이렇듯 이 둘은 서로 별 關聯이 없어 보이지만 조금만 깊이 들어가 보면 共通점이 많다.",結局,,결국,결국,
3급,68,2015-02-28,3,dokeum_W,다음 밑줄 친 漢字語의 讀音을 쓰시오.,"문학의 소재는 SF의 架空 세계나 현실적으로 불가능한 초자연적 비이성적 판타지의 세계까지 확장되기도 하지만, 작가가 結局 표현하고자 하는 것은 인간 이야기, 현실 이야기이다. 看護가 주된 관심을 보이는 대상도 인간이다. 이 행위는 인간에 대한 돌봄과 진료다. 인간의 신체적 疾病에 초점을 두고 자연과학적 觀點에서, 나아가 인간의 尊嚴성과 인권을 존중하고 옹호하며 인간의 健康과 安寧을 增進하는 사명을 갖는다. 이렇듯 이 둘은 서로 별 關聯이 없어 보이지만 조금만 깊이 들어가 보면 共通점이 많다.",看護,,간호,간호,
3급,68,2015-02-28,4,dokeum_W,다음 밑줄 친 漢字語의 讀音을 쓰시오.,"문학의 소재는 SF의 架空 세계나 현실적으로 불가능한 초자연적 비이성적 판타지의 세계까지 확장되기도 하지만, 작가가 結局 표현하고자 하는 것은 인간 이야기, 현실 이야기이다. 看護가 주된 관심을 보이는 대상도 인간이다. 이 행위는 인간에 대한 돌봄과 진료다. 인간의 신체적 疾病에 초점을 두고 자연과학적 觀點에서, 나아가 인간의 尊嚴성과 인권을 존중하고 옹호하며 인간의 健康과 安寧을 增進하는 사명을 갖는다. 이렇듯 이 둘은 서로 별 關聯이 없어 보이지만 조금만 깊이 들어가 보면 共通점이 많다.",疾病,,질병,질병,
3급,68,2015-02-28,5,dokeum_W,다음 밑줄 친 漢字語의 讀音을 쓰시오.,"문학의 소재는 SF의 架空 세계나 현실적으로 불가능한 초자연적 비이성적 판타지의 세계까지 확장되기도 하지만, 작가가 結局 표현하고자 하는 것은 인간 이야기, 현실 이야기이다. 看護가 주된 관심을 보이는 대상도 인간이다. 이 행위는 인간에 대한 돌봄과 진료다. 인간의 신체적 疾病에 초점을 두고 자연과학적 觀點에서, 나아가 인간의 尊嚴성과 인권을 존중하고 옹호하며 인간의 健康과 安寧을 增進하는 사명을 갖는다. 이렇듯 이 둘은 서로 별 關聯이 없어 보이지만 조금만 깊이 들어가 보면 共通점이 많다.",觀點,,관점,관점,
3급,68,2015-02-28,6,dokeum_W,다음 밑줄 친 漢字語의 讀音을 쓰시오.,"문학의 소재는 SF의 架空 세계나 현실적으로 불가능한 초자연적 비이성적 판타지의 세계까지 확장되기도 하지만, 작가가 結局 표현하고자 하는 것은 인간 이야기, 현실 이야기이다. 看護가 주된 관심을 보이는 대상도 인간이다. 이 행위는 인간에 대한 돌봄과 진료다. 인간의 신체적 疾病에 초점을 두고 자연과학적 觀點에서, 나아가 인간의 尊嚴성과 인권을 존중하고 옹호하며 인간의 健康과 安寧을 增進하는 사명을 갖는다. 이렇듯 이 둘은 서로 별 關聯이 없어 보이지만 조금만 깊이 들어가 보면 共通점이 많다.",尊嚴,,존엄,존엄,
3급,68,2015-02-28,7,dokeum_W,다음 밑줄 친 漢字語의 讀音을 쓰시오.,"문학의 소재는 SF의 架空 세계나 현실적으로 불가능한 초자연적 비이성적 판타지의 세계까지 확장되기도 하지만, 작가가 結局 표현하고자 하는 것은 인간 이야기, 현실 이야기이다. 看護가 주된 관심을 보이는 대상도 인간이다. 이 행위는 인간에 대한 돌봄과 진료다. 인간의 신체적 疾病에 초점을 두고 자연과학적 觀點에서, 나아가 인간의 尊嚴성과 인권을 존중하고 옹호하며 인간의 健康과 安寧을 增進하는 사명을 갖는다. 이렇듯 이 둘은 서로 별 關聯이 없어 보이지만 조금만 깊이 들어가 보면 共通점이 많다.",健康,,건강,건강,
3급,68,2015-02-28,8,dokeum_W,다음 밑줄 친 漢字語의 讀音을 쓰시오.,"문학의 소재는 SF의 架空 세계나 현실적으로 불가능한 초자연적 비이성적 판타지의 세계까지 확장되기도 하지만, 작가가 結局 표현하고자 하는 것은 인간 이야기, 현실 이야기이다. 看護가 주된 관심을 보이는 대상도 인간이다. 이 행위는 인간에 대한 돌봄과 진료다. 인간의 신체적 疾病에 초점을 두고 자연과학적 觀點에서, 나아가 인간의 尊嚴성과 인권을 존중하고 옹호하며 인간의 健康과 安寧을 增進하는 사명을 갖는다. 이렇듯 이 둘은 서로 별 關聯이 없어 보이지만 조금만 깊이 들어가 보면 共通점이 많다.",安寧,,안녕,안녕,
3급,68,2015-02-28,9,dokeum_W,다음 밑줄 친 漢字語의 讀音을 쓰시오.,"문학의 소재는 SF의 架空 세계나 현실적으로 불가능한 초자연적 비이성적 판타지의 세계까지 확장되기도 하지만, 작가가 結局 표현하고자 하는 것은 인간 이야기, 현실 이야기이다. 看護가 주된 관심을 보이는 대상도 인간이다. 이 행위는 인간에 대한 돌봄과 진료다. 인간의 신체적 疾病에 초점을 두고 자연과학적 觀點에서, 나아가 인간의 尊嚴성과 인권을 존중하고 옹호하며 인간의 健康과 安寧을 增進하는 사명을 갖는다. 이렇듯 이 둘은 서로 별 關聯이 없어 보이지만 조금만 깊이 들어가 보면 共通점이 많다.",增進,,증진,증진,
3급,68,2015-02-28,10,dokeum_W,다음 밑줄 친 漢字語의 讀音을 쓰시오.,"문학의 소재는 SF의 架空 세계나 현실적으로 불가능한 초자연적 비이성적 판타지의 세계까지 확장되기도 하지만, 작가가 結局 표현하고자 하는 것은 인간 이야기, 현실 이야기이다. 看護가 주된 관심을 보이는 대상도 인간이다. 이 행위는 인간에 대한 돌봄과 진료다. 인간의 신체적 疾病에 초점을 두고 자연과학적 觀點에서, 나아가 인간의 尊嚴성과 인권을 존중하고 옹호하며 인간의 健康과 安寧을 增進하는 사명을 갖는다. 이렇듯 이 둘은 서로 별 關聯이 없어 보이지만 조금만 깊이 들어가 보면 共通점이 많다.",關聯,,관련,관련,
3급,68,2015-02-28,11,dokeum_W,다음 밑줄 친 漢字語의 讀音을 쓰시오.,"문학의 소재는 SF의 架空 세계나 현실적으로 불가능한 초자연적 비이성적 판타지의 세계까지 확장되기도 하지만, 작가가 結局 표현하고자 하는 것은 인간 이야기, 현실 이야기이다. 看護가 주된 관심을 보이는 대상도 인간이다. 이 행위는 인간에 대한 돌봄과 진료다. 인간의 신체적 疾病에 초점을 두고 자연과학적 觀點에서, 나아가 인간의 尊嚴성과 인권을 존중하고 옹호하며 인간의 健康과 安寧을 增進하는 사명을 갖는다. 이렇듯 이 둘은 서로 별 關聯이 없어 보이지만 조금만 깊이 들어가 보면 共通점이 많다.",共通,,공통,공통,
3급,68,2015-02-28,12,dokeum_W,다음 밑줄 친 漢字語의 讀音을 쓰시오.,"북방 유라시아 遊牧 민족 가운데 突厥이 문자를 만들어 사용했음은, 現傳하는 몇 기의 碑文에 의해 確認된다.",遊牧,,유목,유목,
3급,68,2015-02-28,13,dokeum_W,다음 밑줄 친 漢字語의 讀音을 쓰시오.,"북방 유라시아 遊牧 민족 가운데 突厥이 문자를 만들어 사용했음은, 現傳하는 몇 기의 碑文에 의해 確認된다.",突厥,,돌궐,돌궐,
3급,68,2015-02-28,14,dokeum_W,다음 밑줄 친 漢字語의 讀音을 쓰시오.,"북방 유라시아 遊牧 민족 가운데 突厥이 문자를 만들어 사용했음은, 現傳하는 몇 기의 碑文에 의해 確認된다.",現傳,,현전,현전,
3급,68,2015-02-28,15,dokeum_W,다음 밑줄 친 漢字語의 讀音을 쓰시오.,"북방 유라시아 遊牧 민족 가운데 突厥이 문자를 만들어 사용했음은, 現傳하는 몇 기의 碑文에 의해 確認된다.",碑文,,비문,비문,
3급,68,2015-02-28,16,dokeum_W,다음 밑줄 친 漢字語의 讀音을 쓰시오.,"북방 유라시아 遊牧 민족 가운데 突厥이 문자를 만들어 사용했음은, 現傳하는 몇 기의 碑文에 의해 確認된다.",確認,,확인,확인,
3급,68,2015-02-28,17,dokeum_W,다음 밑줄 친 漢字語의 讀音을 쓰시오.,"전쟁을 嫌惡하는 이유는, 고통으로 絶叫하는 사람들의 慘狀은 말할 것도 없거니와 전쟁으로 인류의 소중한 문화재들은 毁損되거나 掠奪당하는 일들이 벌어지기 때문이다.",嫌惡,,혐오,혐오,
3급,68,2015-02-28,18,dokeum_W,다음 밑줄 친 漢字語의 讀音을 쓰시오.,"전쟁을 嫌惡하는 이유는, 고통으로 絶叫하는 사람들의 慘狀은 말할 것도 없거니와 전쟁으로 인류의 소중한 문화재들은 毁損되거나 掠奪당하는 일들이 벌어지기 때문이다.",絶叫,,절규,절규,
3급,68,2015-02-28,19,dokeum_W,다음 밑줄 친 漢字語의 讀音을 쓰시오.,"전쟁을 嫌惡하는 이유는, 고통으로 絶叫하는 사람들의 慘狀은 말할 것도 없거니와 전쟁으로 인류의 소중한 문화재들은 毁損되거나 掠奪당하는 일들이 벌어지기 때문이다.",慘狀,,참상,참상,
3급,68,2015-02-28,20,dokeum_W,다음 밑줄 친 漢字語의 讀音을 쓰시오.,"전쟁을 嫌惡하는 이유는, 고통으로 絶叫하는 사람들의 慘狀은 말할 것도 없거니와 전쟁으로 인류의 소중한 문화재들은 毁損되거나 掠奪당하는 일들이 벌어지기 때문이다.",毁損,,훼손,훼손,
3급,68,2015-02-28,21,dokeum_W,다음 밑줄 친 漢字語의 讀音을 쓰시오.,"전쟁을 嫌惡하는 이유는, 고통으로 絶叫하는 사람들의 慘狀은 말할 것도 없거니와 전쟁으로 인류의 소중한 문화재들은 毁損되거나 掠奪당하는 일들이 벌어지기 때문이다.",掠奪,,약탈,약탈,
3급,68,2015-02-28,22,dokeum_W,다음 밑줄 친 漢字語의 讀音을 쓰시오.,자신의 怠慢함으로 일어난 일에 대해 苟且하게 변명하는 것은 廉恥없고 庸劣한 짓이다.,怠慢,,태만,태만,
3급,68,2015-02-28,23,dokeum_W,다음 밑줄 친 漢字語의 讀音을 쓰시오.,자신의 怠慢함으로 일어난 일에 대해 苟且하게 변명하는 것은 廉恥없고 庸劣한 짓이다.,苟且,,구차,구차,
3급,68,2015-02-28,24,dokeum_W,다음 밑줄 친 漢字語의 讀音을 쓰시오.,자신의 怠慢함으로 일어난 일에 대해 苟且하게 변명하는 것은 廉恥없고 庸劣한 짓이다.,廉恥,,염치,염치,
3급,68,2015-02-28,25,dokeum_W,다음 밑줄 친 漢字語의 讀音을 쓰시오.,자신의 怠慢함으로 일어난 일에 대해 苟且하게 변명하는 것은 廉恥없고 庸劣한 짓이다.,庸劣,,용렬,용렬,
3급,68,2015-02-28,26,dokeum_W,다음 밑줄 친 漢字語의 讀音을 쓰시오.,弊端이 많았던 기존 입찰 제도를 廢棄하고 개선안을 마련하기 위해 전국 지사에서 推薦하고 派遣한 사람들로 전담팀을 만들었다.,弊端,,폐단,폐단,
3급,68,2015-02-28,27,dokeum_W,다음 밑줄 친 漢字語의 讀音을 쓰시오.,弊端이 많았던 기존 입찰 제도를 廢棄하고 개선안을 마련하기 위해 전국 지사에서 推薦하고 派遣한 사람들로 전담팀을 만들었다.,廢棄,,폐기,폐기,
3급,68,2015-02-28,28,dokeum_W,다음 밑줄 친 漢字語의 讀音을 쓰시오.,弊端이 많았던 기존 입찰 제도를 廢棄하고 개선안을 마련하기 위해 전국 지사에서 推薦하고 派遣한 사람들로 전담팀을 만들었다.,推薦,,추천,추천,
3급,68,2015-02-28,29,dokeum_W,다음 밑줄 친 漢字語의 讀音을 쓰시오.,弊端이 많았던 기존 입찰 제도를 廢棄하고 개선안을 마련하기 위해 전국 지사에서 推薦하고 派遣한 사람들로 전담팀을 만들었다.,派遣,,파견,파견,
3급,68,2015-02-28,30,dokeum_W,다음 밑줄 친 漢字語의 讀音을 쓰시오.,익숙한 기존의 경영 방식에 陷沒되어 시장 변화에 鈍感한 기업은 跳躍적 발전을 이루기 어렵다.,陷沒,,함몰,함몰,
3급,68,2015-02-28,31,dokeum_W,다음 밑줄 친 漢字語의 讀音을 쓰시오.,익숙한 기존의 경영 방식에 陷沒되어 시장 변화에 鈍感한 기업은 跳躍적 발전을 이루기 어렵다.,鈍感,,둔감,둔감,
3급,68,2015-02-28,32,dokeum_W,다음 밑줄 친 漢字語의 讀音을 쓰시오.,익숙한 기존의 경영 방식에 陷沒되어 시장 변화에 鈍感한 기업은 跳躍적 발전을 이루기 어렵다.,跳躍,,도약,도약,
3급,68,2015-02-28,33,dokeum_W,다음 밑줄 친 漢字語의 讀音을 쓰시오.,"주가가 騰落을 거듭할 때, 무리하게 빚을 내 투자하는 일은 주식 투자의 禁忌이다.",騰落,,등락,등락,
3급,68,2015-02-28,34,dokeum_W,다음 밑줄 친 漢字語의 讀音을 쓰시오.,"주가가 騰落을 거듭할 때, 무리하게 빚을 내 투자하는 일은 주식 투자의 禁忌이다.",禁忌,,금기,금기,
3급,68,2015-02-28,35,dokeum_W,다음 밑줄 친 漢字語의 讀音을 쓰시오.,선진 기술 模倣에 의한 경제 성장이 끝나면서 새로운 혁신 전략의 하나로 지리적으로 隣接한 기업 간의 連繫가 강조되고 있다.,模倣,,모방,모방,
3급,68,2015-02-28,36,dokeum_W,다음 밑줄 친 漢字語의 讀音을 쓰시오.,선진 기술 模倣에 의한 경제 성장이 끝나면서 새로운 혁신 전략의 하나로 지리적으로 隣接한 기업 간의 連繫가 강조되고 있다.,隣接,,인접,인접,
3급,68,2015-02-28,37,dokeum_W,다음 밑줄 친 漢字語의 讀音을 쓰시오.,선진 기술 模倣에 의한 경제 성장이 끝나면서 새로운 혁신 전략의 하나로 지리적으로 隣接한 기업 간의 連繫가 강조되고 있다.,連繫,,연계,연계,
3급,68,2015-02-28,38,dokeum_W,다음 밑줄 친 漢字語의 讀音을 쓰시오.,판단의 遵據가 偏頗적이어서는 세상의 攝理와 이치를 온전히 볼 수 없다.,遵據,,준거,준거,
3급,68,2015-02-28,39,dokeum_W,다음 밑줄 친 漢字語의 讀音을 쓰시오.,판단의 遵據가 偏頗적이어서는 세상의 攝理와 이치를 온전히 볼 수 없다.,偏頗,,편파,편파,
3급,68,2015-02-28,40,dokeum_W,다음 밑줄 친 漢字語의 讀音을 쓰시오.,판단의 遵據가 偏頗적이어서는 세상의 攝理와 이치를 온전히 볼 수 없다.,攝理,,섭리,섭리,
3급,68,2015-02-28,41,dokeum_W,다음 밑줄 친 漢字語의 讀音을 쓰시오.,洗濯과 乾燥 시에 옷감의 손상을 줄이는 방법을 찾았다는 점은 이번 회의에서 얻은 가장 큰 收穫이다.,洗濯,,세탁,세탁,
3급,68,2015-02-28,42,dokeum_W,다음 밑줄 친 漢字語의 讀音을 쓰시오.,洗濯과 乾燥 시에 옷감의 손상을 줄이는 방법을 찾았다는 점은 이번 회의에서 얻은 가장 큰 收穫이다.,乾燥,,건조,건조,
3급,68,2015-02-28,43,dokeum_W,다음 밑줄 친 漢字語의 讀音을 쓰시오.,洗濯과 乾燥 시에 옷감의 손상을 줄이는 방법을 찾았다는 점은 이번 회의에서 얻은 가장 큰 收穫이다.,收穫,,수확,수확,
3급,68,2015-02-28,44,dokeum_W,다음 밑줄 친 漢字語의 讀音을 쓰시오.,불법 조업 중인 중국 어선들을 배타적 경제 수역 밖으로 驅逐하고 그동안의 피해에 대해서 辨償을 요구해야 한다.,驅逐,,구축,구축,
3급,68,2015-02-28,45,dokeum_W,다음 밑줄 친 漢字語의 讀音을 쓰시오.,불법 조업 중인 중국 어선들을 배타적 경제 수역 밖으로 驅逐하고 그동안의 피해에 대해서 辨償을 요구해야 한다.,辨償,,변상,변상,
3급,68,2015-02-28,46,hanjaeo_W,다음의 밑줄 친 낱말을 漢字(正字)로 쓰시오.,국어가 다른 언어와의 투쟁에서 이기려면 배후의 정치와 문화의 힘을 길러야 한다. 그럼으로 한국이 부강해지고 문화적으로 외국의 주시를 받는다면 한국어의 운명은 영원할 것이다.,투쟁,,鬪爭,鬪爭,
3급,68,2015-02-28,47,hanjaeo_W,다음의 밑줄 친 낱말을 漢字(正字)로 쓰시오.,국어가 다른 언어와의 투쟁에서 이기려면 배후의 정치와 문화의 힘을 길러야 한다. 그럼으로 한국이 부강해지고 문화적으로 외국의 주시를 받는다면 한국어의 운명은 영원할 것이다.,배후,,背後,背後,
3급,68,2015-02-28,48,hanjaeo_W,다음의 밑줄 친 낱말을 漢字(正字)로 쓰시오.,국어가 다른 언어와의 투쟁에서 이기려면 배후의 정치와 문화의 힘을 길러야 한다. 그럼으로 한국이 부강해지고 문화적으로 외국의 주시를 받는다면 한국어의 운명은 영원할 것이다.,정치,,政治,政治,
3급,68,2015-02-28,49,hanjaeo_W,다음의 밑줄 친 낱말을 漢字(正字)로 쓰시오.,국어가 다른 언어와의 투쟁에서 이기려면 배후의 정치와 문화의 힘을 길러야 한다. 그럼으로 한국이 부강해지고 문화적으로 외국의 주시를 받는다면 한국어의 운명은 영원할 것이다.,주시,,注視,注視,
3급,68,2015-02-28,50,hanjaeo_W,다음의 밑줄 친 낱말을 漢字(正字)로 쓰시오.,국어가 다른 언어와의 투쟁에서 이기려면 배후의 정치와 문화의 힘을 길러야 한다. 그럼으로 한국이 부강해지고 문화적으로 외국의 주시를 받는다면 한국어의 운명은 영원할 것이다.,운명,,運命,運命,
3급,68,2015-02-28,51,hanjaeo_W,다음의 밑줄 친 낱말을 漢字(正字)로 쓰시오.,국어가 다른 언어와의 투쟁에서 이기려면 배후의 정치와 문화의 힘을 길러야 한다. 그럼으로 한국이 부강해지고 문화적으로 외국의 주시를 받는다면 한국어의 운명은 영원할 것이다.,영원,,永遠,永遠,
3급,68,2015-02-28,52,hanjaeo_W,다음의 밑줄 친 낱말을 漢字(正字)로 쓰시오.,흉해 보이긴 해도 시멘트는 지금까지 가장 뛰어난 재료였다. 하지만 시멘트는 석재보다 풍화가 빨리 진행되고 표면이 하얗게 되는 백화현상이 발생한다는 한계가 있다. 최근 과학계는 시멘트를 대신할 나노 입자를 선보이며 석조물 복원에 새로운 전기를 마련하고 있다.,재료,,材料,材料,
3급,68,2015-02-28,53,hanjaeo_W,다음의 밑줄 친 낱말을 漢字(正字)로 쓰시오.,흉해 보이긴 해도 시멘트는 지금까지 가장 뛰어난 재료였다. 하지만 시멘트는 석재보다 풍화가 빨리 진행되고 표면이 하얗게 되는 백화현상이 발생한다는 한계가 있다. 최근 과학계는 시멘트를 대신할 나노 입자를 선보이며 석조물 복원에 새로운 전기를 마련하고 있다.,풍화,,風化,風化,
3급,68,2015-02-28,54,hanjaeo_W,다음의 밑줄 친 낱말을 漢字(正字)로 쓰시오.,흉해 보이긴 해도 시멘트는 지금까지 가장 뛰어난 재료였다. 하지만 시멘트는 석재보다 풍화가 빨리 진행되고 표면이 하얗게 되는 백화현상이 발생한다는 한계가 있다. 최근 과학계는 시멘트를 대신할 나노 입자를 선보이며 석조물 복원에 새로운 전기를 마련하고 있다.,표면,,表面,表面,
3급,68,2015-02-28,55,hanjaeo_W,다음의 밑줄 친 낱말을 漢字(正字)로 쓰시오.,흉해 보이긴 해도 시멘트는 지금까지 가장 뛰어난 재료였다. 하지만 시멘트는 석재보다 풍화가 빨리 진행되고 표면이 하얗게 되는 백화현상이 발생한다는 한계가 있다. 최근 과학계는 시멘트를 대신할 나노 입자를 선보이며 석조물 복원에 새로운 전기를 마련하고 있다.,한계,,限界,限界,
3급,68,2015-02-28,56,hanjaeo_W,다음의 밑줄 친 낱말을 漢字(正字)로 쓰시오.,흉해 보이긴 해도 시멘트는 지금까지 가장 뛰어난 재료였다. 하지만 시멘트는 석재보다 풍화가 빨리 진행되고 표면이 하얗게 되는 백화현상이 발생한다는 한계가 있다. 최근 과학계는 시멘트를 대신할 나노 입자를 선보이며 석조물 복원에 새로운 전기를 마련하고 있다.,최근,,最近,最近,
3급,68,2015-02-28,57,hanjaeo_W,다음의 밑줄 친 낱말을 漢字(正字)로 쓰시오.,흉해 보이긴 해도 시멘트는 지금까지 가장 뛰어난 재료였다. 하지만 시멘트는 석재보다 풍화가 빨리 진행되고 표면이 하얗게 되는 백화현상이 발생한다는 한계가 있다. 최근 과학계는 시멘트를 대신할 나노 입자를 선보이며 석조물 복원에 새로운 전기를 마련하고 있다.,대신,,代身,代身,
3급,68,2015-02-28,58,hanjaeo_W,다음의 밑줄 친 낱말을 漢字(正字)로 쓰시오.,흉해 보이긴 해도 시멘트는 지금까지 가장 뛰어난 재료였다. 하지만 시멘트는 석재보다 풍화가 빨리 진행되고 표면이 하얗게 되는 백화현상이 발생한다는 한계가 있다. 최근 과학계는 시멘트를 대신할 나노 입자를 선보이며 석조물 복원에 새로운 전기를 마련하고 있다.,복원,,復元,復元,
3급,68,2015-02-28,59,hanjaeo_W,다음의 밑줄 친 낱말을 漢字(正字)로 쓰시오.,"모든 자식은 부모의 유전 정보를 그대로 베껴 쓴다. 친족 검사가 가능한 이유는 인간이 가진 탁월한 생물학적 표절 능력 때문이다. 만일 콩 심은 데 팥이 나고, 팥 심은 데 쑥이 난다면 인류는 일찌감치 멸종했을 것이다. 대를 이어 전해지는 생물의 표절 행위는 생태계 안정을 위한 핵심 기능이다. 무생물인 문자로 이루어진 글도 생물체와 흡사한 방식으로 진화, 발전, 멸종을 반복한다. <흥부놀부전>이나 <심청전>은 진화와 적응을 통하여 생존에 성공한 구전 설화의 최종 승자라고 할 수 있다.",정보,,情報,情報,
3급,68,2015-02-28,60,hanjaeo_W,다음의 밑줄 친 낱말을 漢字(正字)로 쓰시오.,"모든 자식은 부모의 유전 정보를 그대로 베껴 쓴다. 친족 검사가 가능한 이유는 인간이 가진 탁월한 생물학적 표절 능력 때문이다. 만일 콩 심은 데 팥이 나고, 팥 심은 데 쑥이 난다면 인류는 일찌감치 멸종했을 것이다. 대를 이어 전해지는 생물의 표절 행위는 생태계 안정을 위한 핵심 기능이다. 무생물인 문자로 이루어진 글도 생물체와 흡사한 방식으로 진화, 발전, 멸종을 반복한다. <흥부놀부전>이나 <심청전>은 진화와 적응을 통하여 생존에 성공한 구전 설화의 최종 승자라고 할 수 있다.",친족,,親族,親族,
3급,68,2015-02-28,61,hanjaeo_W,다음의 밑줄 친 낱말을 漢字(正字)로 쓰시오.,"모든 자식은 부모의 유전 정보를 그대로 베껴 쓴다. 친족 검사가 가능한 이유는 인간이 가진 탁월한 생물학적 표절 능력 때문이다. 만일 콩 심은 데 팥이 나고, 팥 심은 데 쑥이 난다면 인류는 일찌감치 멸종했을 것이다. 대를 이어 전해지는 생물의 표절 행위는 생태계 안정을 위한 핵심 기능이다. 무생물인 문자로 이루어진 글도 생물체와 흡사한 방식으로 진화, 발전, 멸종을 반복한다. <흥부놀부전>이나 <심청전>은 진화와 적응을 통하여 생존에 성공한 구전 설화의 최종 승자라고 할 수 있다.",능력,,能力,能力,
3급,68,2015-02-28,62,hanjaeo_W,다음의 밑줄 친 낱말을 漢字(正字)로 쓰시오.,"모든 자식은 부모의 유전 정보를 그대로 베껴 쓴다. 친족 검사가 가능한 이유는 인간이 가진 탁월한 생물학적 표절 능력 때문이다. 만일 콩 심은 데 팥이 나고, 팥 심은 데 쑥이 난다면 인류는 일찌감치 멸종했을 것이다. 대를 이어 전해지는 생물의 표절 행위는 생태계 안정을 위한 핵심 기능이다. 무생물인 문자로 이루어진 글도 생물체와 흡사한 방식으로 진화, 발전, 멸종을 반복한다. <흥부놀부전>이나 <심청전>은 진화와 적응을 통하여 생존에 성공한 구전 설화의 최종 승자라고 할 수 있다.",생태,,生態,生態,
3급,68,2015-02-28,63,hanjaeo_W,다음의 밑줄 친 낱말을 漢字(正字)로 쓰시오.,"모든 자식은 부모의 유전 정보를 그대로 베껴 쓴다. 친족 검사가 가능한 이유는 인간이 가진 탁월한 생물학적 표절 능력 때문이다. 만일 콩 심은 데 팥이 나고, 팥 심은 데 쑥이 난다면 인류는 일찌감치 멸종했을 것이다. 대를 이어 전해지는 생물의 표절 행위는 생태계 안정을 위한 핵심 기능이다. 무생물인 문자로 이루어진 글도 생물체와 흡사한 방식으로 진화, 발전, 멸종을 반복한다. <흥부놀부전>이나 <심청전>은 진화와 적응을 통하여 생존에 성공한 구전 설화의 최종 승자라고 할 수 있다.",핵심,,核心,核心,
3급,68,2015-02-28,64,hanjaeo_W,다음의 밑줄 친 낱말을 漢字(正字)로 쓰시오.,"모든 자식은 부모의 유전 정보를 그대로 베껴 쓴다. 친족 검사가 가능한 이유는 인간이 가진 탁월한 생물학적 표절 능력 때문이다. 만일 콩 심은 데 팥이 나고, 팥 심은 데 쑥이 난다면 인류는 일찌감치 멸종했을 것이다. 대를 이어 전해지는 생물의 표절 행위는 생태계 안정을 위한 핵심 기능이다. 무생물인 문자로 이루어진 글도 생물체와 흡사한 방식으로 진화, 발전, 멸종을 반복한다. <흥부놀부전>이나 <심청전>은 진화와 적응을 통하여 생존에 성공한 구전 설화의 최종 승자라고 할 수 있다.",성공,,成功,成功,
3급,68,2015-02-28,65,hanjaeo_W,다음의 밑줄 친 낱말을 漢字(正字)로 쓰시오.,"모든 자식은 부모의 유전 정보를 그대로 베껴 쓴다. 친족 검사가 가능한 이유는 인간이 가진 탁월한 생물학적 표절 능력 때문이다. 만일 콩 심은 데 팥이 나고, 팥 심은 데 쑥이 난다면 인류는 일찌감치 멸종했을 것이다. 대를 이어 전해지는 생물의 표절 행위는 생태계 안정을 위한 핵심 기능이다. 무생물인 문자로 이루어진 글도 생물체와 흡사한 방식으로 진화, 발전, 멸종을 반복한다. <흥부놀부전>이나 <심청전>은 진화와 적응을 통하여 생존에 성공한 구전 설화의 최종 승자라고 할 수 있다.",설화,,說話,說話,
3급,68,2015-02-28,66,hanjaeo_W,다음의 밑줄 친 낱말을 漢字(正字)로 쓰시오.,"모든 자식은 부모의 유전 정보를 그대로 베껴 쓴다. 친족 검사가 가능한 이유는 인간이 가진 탁월한 생물학적 표절 능력 때문이다. 만일 콩 심은 데 팥이 나고, 팥 심은 데 쑥이 난다면 인류는 일찌감치 멸종했을 것이다. 대를 이어 전해지는 생물의 표절 행위는 생태계 안정을 위한 핵심 기능이다. 무생물인 문자로 이루어진 글도 생물체와 흡사한 방식으로 진화, 발전, 멸종을 반복한다. <흥부놀부전>이나 <심청전>은 진화와 적응을 통하여 생존에 성공한 구전 설화의 최종 승자라고 할 수 있다.",승자,,勝者,勝者,
3급,68,2015-02-28,67,hanjaeo_W,다음의 밑줄 친 낱말을 漢字(正字)로 쓰시오.,"문화가 있는 삶이어야 행복하다. 먹고 살기조차 팍팍한 세상에 한가한 소리로 들릴지 모른다. 그러나 문화 없는 삶은 단순한 생존에 불과하다. 문화란 무엇인가. 삶의 방식이고 가치관이고, 역사적 산물이다. 경제가 존재 자체를 좌우한다면, 문화는 존재 방식, 즉 삶의 방향과 질을 결정한다.",한가,,閑暇,閑暇,
3급,68,2015-02-28,68,hanjaeo_W,다음의 밑줄 친 낱말을 漢字(正字)로 쓰시오.,"문화가 있는 삶이어야 행복하다. 먹고 살기조차 팍팍한 세상에 한가한 소리로 들릴지 모른다. 그러나 문화 없는 삶은 단순한 생존에 불과하다. 문화란 무엇인가. 삶의 방식이고 가치관이고, 역사적 산물이다. 경제가 존재 자체를 좌우한다면, 문화는 존재 방식, 즉 삶의 방향과 질을 결정한다.",방식,,方式,方式,
3급,68,2015-02-28,69,hanjaeo_W,다음의 밑줄 친 낱말을 漢字(正字)로 쓰시오.,"문화가 있는 삶이어야 행복하다. 먹고 살기조차 팍팍한 세상에 한가한 소리로 들릴지 모른다. 그러나 문화 없는 삶은 단순한 생존에 불과하다. 문화란 무엇인가. 삶의 방식이고 가치관이고, 역사적 산물이다. 경제가 존재 자체를 좌우한다면, 문화는 존재 방식, 즉 삶의 방향과 질을 결정한다.",역사,,歷史,歷史,
3급,68,2015-02-28,70,hanjaeo_W,다음의 밑줄 친 낱말을 漢字(正字)로 쓰시오.,"문화가 있는 삶이어야 행복하다. 먹고 살기조차 팍팍한 세상에 한가한 소리로 들릴지 모른다. 그러나 문화 없는 삶은 단순한 생존에 불과하다. 문화란 무엇인가. 삶의 방식이고 가치관이고, 역사적 산물이다. 경제가 존재 자체를 좌우한다면, 문화는 존재 방식, 즉 삶의 방향과 질을 결정한다.",산물,,産物,産物,
3급,68,2015-02-28,71,hanjaeo_W,다음의 밑줄 친 낱말을 漢字(正字)로 쓰시오.,"문화가 있는 삶이어야 행복하다. 먹고 살기조차 팍팍한 세상에 한가한 소리로 들릴지 모른다. 그러나 문화 없는 삶은 단순한 생존에 불과하다. 문화란 무엇인가. 삶의 방식이고 가치관이고, 역사적 산물이다. 경제가 존재 자체를 좌우한다면, 문화는 존재 방식, 즉 삶의 방향과 질을 결정한다.",경제,,經濟,經濟,
3급,68,2015-02-28,72,hanjaeo_W,다음의 밑줄 친 낱말을 漢字(正字)로 쓰시오.,"문화가 있는 삶이어야 행복하다. 먹고 살기조차 팍팍한 세상에 한가한 소리로 들릴지 모른다. 그러나 문화 없는 삶은 단순한 생존에 불과하다. 문화란 무엇인가. 삶의 방식이고 가치관이고, 역사적 산물이다. 경제가 존재 자체를 좌우한다면, 문화는 존재 방식, 즉 삶의 방향과 질을 결정한다.",존재,,存在,存在,
3급,68,2015-02-28,73,hanjaeo_W,다음의 밑줄 친 낱말을 漢字(正字)로 쓰시오.,"문화가 있는 삶이어야 행복하다. 먹고 살기조차 팍팍한 세상에 한가한 소리로 들릴지 모른다. 그러나 문화 없는 삶은 단순한 생존에 불과하다. 문화란 무엇인가. 삶의 방식이고 가치관이고, 역사적 산물이다. 경제가 존재 자체를 좌우한다면, 문화는 존재 방식, 즉 삶의 방향과 질을 결정한다.",결정,,決定,決定,
3급,68,2015-02-28,74,hanjaeo_W,다음의 밑줄 친 낱말을 漢字(正字)로 쓰시오.,이번에 체결한 조약 가운데 농산물 관련 조항은 농민단체의 격렬한 반대에 부딪혔다.,조약,,條約,條約,
3급,68,2015-02-28,75,hanjaeo_W,다음의 밑줄 친 낱말을 漢字(正字)로 쓰시오.,이번에 체결한 조약 가운데 농산물 관련 조항은 농민단체의 격렬한 반대에 부딪혔다.,격렬,,激烈,激烈,
3급,68,2015-02-28,76,huneum_W,다음 漢字의 訓과 音을 쓰시오.,牽,牽,,이끌/끌 견,이끌/끌 견,
3급,68,2015-02-28,77,huneum_W,다음 漢字의 訓과 音을 쓰시오.,俊,俊,,준걸 준,준걸 준,
3급,68,2015-02-28,78,huneum_W,다음 漢字의 訓과 音을 쓰시오.,蔽,蔽,,덮을 폐,덮을 폐,
3급,68,2015-02-28,79,huneum_W,다음 漢字의 訓과 音을 쓰시오.,敏,敏,,민첩할 민,민첩할 민,
3급,68,2015-02-28,80,huneum_W,다음 漢字의 訓과 音을 쓰시오.,似,似,,닮을 사,닮을 사,
3급,68,2015-02-28,81,huneum_W,다음 漢字의 訓과 音을 쓰시오.,敦,敦,,도타울 돈,도타울 돈,
3급,68,2015-02-28,82,huneum_W,다음 漢字의 訓과 音을 쓰시오.,輿,輿,,수레 여,수레 여,
3급,68,2015-02-28,83,huneum_W,다음 漢字의 訓과 音을 쓰시오.,拓,拓,,넓힐 척,넓힐 척,
3급,68,2015-02-28,84,huneum_W,다음 漢字의 訓과 音을 쓰시오.,唯,唯,,오직 유,오직 유,
3급,68,2015-02-28,85,huneum_W,다음 漢字의 訓과 音을 쓰시오.,孰,孰,,누구 숙,누구 숙,
3급,68,2015-02-28,86,huneum_W,다음 漢字의 訓과 音을 쓰시오.,逮,逮,,잡을 체,잡을 체,
3급,68,2015-02-28,87,huneum_W,다음 漢字의 訓과 音을 쓰시오.,臭,臭,,냄새 취,냄새 취,
3급,68,2015-02-28,88,huneum_W,다음 漢字의 訓과 音을 쓰시오.,墮,墮,,떨어질 타,떨어질 타,
3급,68,2015-02-28,89,huneum_W,다음 漢字의 訓과 音을 쓰시오.,罷,罷,,마칠 파,마칠 파,
3급,68,2015-02-28,90,huneum_W,다음 漢字의 訓과 音을 쓰시오.,罔,罔,,없을 망,없을 망,
3급,68,2015-02-28,91,huneum_W,다음 漢字의 訓과 音을 쓰시오.,抄,抄,,뽑을 초,뽑을 초,
3급,68,2015-02-28,92,huneum_W,다음 漢字의 訓과 音을 쓰시오.,曉,曉,,새벽 효,새벽 효,
3급,68,2015-02-28,93,huneum_W,다음 漢字의 訓과 音을 쓰시오.,逝,逝,,갈 서,갈 서,
3급,68,2015-02-28,94,huneum_W,다음 漢字의 訓과 音을 쓰시오.,遙,遙,,멀 요,멀 요,
3급,68,2015-02-28,95,huneum_W,다음 漢字의 訓과 音을 쓰시오.,逸,逸,,편안할 일,편안할 일,
3급,68,2015-02-28,96,huneum_W,다음 漢字의 訓과 音을 쓰시오.,襲,襲,,엄습할 습,엄습할 습,
3급,68,2015-02-28,97,huneum_W,다음 漢字의 訓과 音을 쓰시오.,懼,懼,,두려워할 구,두려워할 구,
3급,68,2015-02-28,98,huneum_W,다음 漢字의 訓과 音을 쓰시오.,募,募,,모을/뽑을 모,모을/뽑을 모,
3급,68,2015-02-28,99,huneum_W,다음 漢字의 訓과 音을 쓰시오.,肯,肯,,즐길 긍,즐길 긍,
3급,68,2015-02-28,100,huneum_W,다음 漢字의 訓과 音을 쓰시오.,秩,秩,,차례 질,차례 질,
3급,68,2015-02-28,101,huneum_W,다음 漢字의 訓과 音을 쓰시오.,奉,奉,,받들 봉,받들 봉,
3급,68,2015-02-28,102,huneum_W,다음 漢字의 訓과 音을 쓰시오.,斥,斥,,물리칠 척,물리칠 척,
3급,68,2015-02-28,103,jangeum_S,다음 漢字語의 첫 音節이 長音으로 소리 나는 것의 번호를 쓰시오.,,,"[""① 怪常"", ""② 簡單"", ""③ 勤務"", ""④ 考察""]",③,③ 勤務,
3급,68,2015-02-28,104,jangeum_S,다음 漢字語의 첫 音節이 長音으로 소리 나는 것의 번호를 쓰시오.,,,"[""① 迷信"", ""② 滿朔"", ""③ 盜賊"", ""④ 露出""]",①,① 迷信,
3급,68,2015-02-28,105,jangeum_S,다음 漢字語의 첫 音節이 長音으로 소리 나는 것의 번호를 쓰시오.,,,"[""① 思慮"", ""② 喪服"", ""③ 具備"", ""④ 儉素""]",④,④ 儉素,
3급,68,2015-02-28,106,jangeum_S,다음 漢字語의 첫 音節이 長音으로 소리 나는 것의 번호를 쓰시오.,,,"[""① 映寫"", ""② 尋訪"", ""③ 獎勵"", ""④ 斜線""]",③,③ 獎勵,
3급,68,2015-02-28,107,jangeum_S,다음 漢字語의 첫 音節이 長音으로 소리 나는 것의 번호를 쓰시오.,,,"[""① 行路"", ""② 包圍"", ""③ 沈滯"", ""④ 症候""]",②,② 包圍,
3급,68,2015-02-28,108,yui_W,다음 漢字와 비슷한 뜻을 가진 漢字(正字)를 써넣으시오.,어느 한 사상에 (       )倒되면 부작용이 커질 수 있다.,( )倒,,傾,傾,
3급,68,2015-02-28,109,yui_W,다음 漢字와 비슷한 뜻을 가진 漢字(正字)를 써넣으시오.,어른들의 행동 하나하나는 아이들에게 典( )이 되어야 한다.,典( ),,範,範,
3급,68,2015-02-28,110,yui_W,다음 漢字와 비슷한 뜻을 가진 漢字(正字)를 써넣으시오.,오랜 병치레로 몸이 衰(             )해졌다.,衰( ),,弱,弱,
3급,68,2015-02-28,111,yui_W,다음 漢字와 비슷한 뜻을 가진 漢字(正字)를 써넣으시오.,그 선수는 뛰어난 기량은 물론 수려한 ( )貌로 인기가 높았다.,( )貌,,容,容,
3급,68,2015-02-28,112,yui_W,다음 漢字와 비슷한 뜻을 가진 漢字(正字)를 써넣으시오.,그동안 蓄(     )해 온 기술을 바탕으로 신상품을 개발했다.,蓄( ),,積,積,
3급,68,2015-02-28,113,banui_W,다음 漢字와 뜻이 反對 또는 相對 되는 漢字(正字)를 써넣으시오.,緩 ↔ ( ),緩 ↔ ( ),,急,急,
3급,68,2015-02-28,114,banui_W,다음 漢字와 뜻이 反對 또는 相對 되는 漢字(正字)를 써넣으시오.,( ) ↔ 辱,( ) ↔ 辱,,榮,榮,
3급,68,2015-02-28,115,banui_W,다음 漢字와 뜻이 反對 또는 相對 되는 漢字(正字)를 써넣으시오.,斷 ↔ ( ),斷 ↔ ( ),,續,續,
3급,68,2015-02-28,116,banui_W,다음 漢字와 뜻이 反對 또는 相對 되는 漢字(正字)를 써넣으시오.,( ) ↔ 賤,( ) ↔ 賤,,貴,貴,
3급,68,2015-02-28,117,banui_W,다음 漢字와 뜻이 反對 또는 相對 되는 漢字(正字)를 써넣으시오.,( ) ↔ 薄,( ) ↔ 薄,,厚,厚,
3급,68,2015-02-28,118,banuieo_W,다음 漢字語의 反對語 또는 相對語를 2음절로 된 漢字(正字)로 쓰시오.,加重 ↔ (     ),加重 ↔ ( ),,輕減,輕減,
3급,68,2015-02-28,119,banuieo_W,다음 漢字語의 反對語 또는 相對語를 2음절로 된 漢字(正字)로 쓰시오.,(   ) ↔ 擴大,( ) ↔ 擴大,,縮小,縮小,
3급,68,2015-02-28,120,banuieo_W,다음 漢字語의 反對語 또는 相對語를 2음절로 된 漢字(正字)로 쓰시오.,快樂 ↔ (     ),快樂 ↔ ( ),,苦痛,苦痛,
3급,68,2015-02-28,121,banuieo_W,다음 漢字語의 反對語 또는 相對語를 2음절로 된 漢字(正字)로 쓰시오.,(   ) ↔ 騷亂,( ) ↔ 騷亂,,靜肅,靜肅,
3급,68,2015-02-28,122,banuieo_W,다음 漢字語의 反對語 또는 相對語를 2음절로 된 漢字(正字)로 쓰시오.,虛僞 ↔ (     ),虛僞 ↔ ( ),,眞實,眞實,
3급,68,2015-02-28,123,dongeumeo_W,다음 漢字語의 同音異義語를 제시된 뜻에 맞는 漢字(正字)로 쓰시오.,(枯死) - 유래가 있는 옛날의 일.,(枯死),,故事,故事,
3급,68,2015-02-28,124,dongeumeo_W,다음 漢字語의 同音異義語를 제시된 뜻에 맞는 漢字(正字)로 쓰시오.,(踏査) - 회답하는 말.,(踏査),,答辭,答辭,
3급,68,2015-02-28,125,dongeumeo_W,다음 漢字語의 同音異義語를 제시된 뜻에 맞는 漢字(正字)로 쓰시오.,(詳記) - 지난 일을 돌이켜 생각해 냄.,(詳記),,想起,想起,
3급,68,2015-02-28,126,dongeumeo_W,다음 漢字語의 同音異義語를 제시된 뜻에 맞는 漢字(正字)로 쓰시오.,(巨富) - 요구나 제의를 물리침.,(巨富),,拒否,拒否,
3급,68,2015-02-28,127,dongeumeo_W,다음 漢字語의 同音異義語를 제시된 뜻에 맞는 漢字(正字)로 쓰시오.,(遲刻) - 알아서 깨달음,(遲刻),,知覺,知覺,
3급,68,2015-02-28,128,seongeo_W,다음 (   ) 안에 알맞은 漢字(正字)를 써넣어 四字成語를 완성하시오.,범죄자도 改(      )遷善하여 새 삶을 살 수 있다.,改( )遷善,,過,過,
3급,68,2015-02-28,129,seongeo_W,다음 (   ) 안에 알맞은 漢字(正字)를 써넣어 四字成語를 완성하시오.,사업비를 마련하기 위해 (       )餘之策으로 살던 집을 팔았다.,( )餘之策,,窮,窮,
3급,68,2015-02-28,130,seongeo_W,다음 (   ) 안에 알맞은 漢字(正字)를 써넣어 四字成語를 완성하시오.,자연 속에서의 悠悠自(      )한 삶은 현대인들의 꿈이다.,悠悠自( ),,適,適,
3급,68,2015-02-28,131,seongeo_W,다음 (   ) 안에 알맞은 漢字(正字)를 써넣어 四字成語를 완성하시오.,건강을 회복하니 온 세상의 森羅萬( )이 모두 아름답게 보였다.,森羅萬( ),,象,象,
3급,68,2015-02-28,132,seongeo_W,다음 (   ) 안에 알맞은 漢字(正字)를 써넣어 四字成語를 완성하시오.,자기 주관 없이 남의 말에 附( )雷同해서는 안 된다.,附( )雷同,,和,和,
3급,68,2015-02-28,133,seongeo_W,다음 (   ) 안에 알맞은 漢字(正字)를 써넣어 四字成語를 완성하시오.,연구 개발비를 줄이면서 새 가치를 창출한다는 것은 (     )木求魚와 같은 일이다.,( )木求魚,,緣,緣,
3급,68,2015-02-28,134,seongeo_W,다음 (   ) 안에 알맞은 漢字(正字)를 써넣어 四字成語를 완성하시오.,객관적 실력이 伯仲之( )인 두 팀의 경기가 무승부로 끝났다.,伯仲之( ),,勢,勢,
3급,68,2015-02-28,135,seongeo_W,다음 (   ) 안에 알맞은 漢字(正字)를 써넣어 四字成語를 완성하시오.,이번 시련을 (     )禍爲福의 계기로 삼아야 한다.,( )禍爲福,,轉,轉,
3급,68,2015-02-28,136,seongeo_W,다음 (   ) 안에 알맞은 漢字(正字)를 써넣어 四字成語를 완성하시오.,그때 그때 臨(     )應變으로 위기를 모면했다.,臨( )應變,,機,機,
3급,68,2015-02-28,137,seongeo_W,다음 (   ) 안에 알맞은 漢字(正字)를 써넣어 四字成語를 완성하시오.,우승할 수 있는 千載一(     )의 기회를 살리기 위해 만반의 준비를 갖추었다.,千載一( ),,遇,遇,
3급,68,2015-02-28,138,busu_W,다음 漢字의 部首를 쓰시오.,矣,矣,,矢,矢,
3급,68,2015-02-28,139,busu_W,다음 漢字의 部首를 쓰시오.,互,互,,二,二,
3급,68,2015-02-28,140,busu_W,다음 漢字의 部首를 쓰시오.,幾,幾,,幺,幺,
3급,68,2015-02-28,141,busu_W,다음 漢字의 部首를 쓰시오.,與,與,,臼,臼,
3급,68,2015-02-28,142,busu_W,다음 漢字의 部首를 쓰시오.,戌,戌,,戈,戈,
3급,68,2015-02-28,143,yakja_W,다음 漢字의 略字를 쓰시오.,獨,獨,,独,独,
3급,68,2015-02-28,144,yakja_W,다음 漢字의 略字를 쓰시오.,營,營,,営,営,
3급,68,2015-02-28,145,yakja_W,다음 漢字의 略字를 쓰시오.,處,處,,処,処,
3급,68,2015-02-28,146,mean_W,다음 漢字語의 뜻을 쓰시오.,汚染,汚染,,"더럽게 물듦, 더러워짐","더럽게 물듦, 더러워짐",
3급,68,2015-02-28,147,mean_W,다음 漢字語의 뜻을 쓰시오.,竊取,竊取,,훔쳐서 가짐,훔쳐서 가짐,
3급,68,2015-02-28,148,mean_W,다음 漢字語의 뜻을 쓰시오.,凝固,凝固,,엉겨서 딱딱해짐,엉겨서 딱딱해짐,
3급,68,2015-02-28,149,mean_W,다음 漢字語의 뜻을 쓰시오.,避暑,避暑,,더위를 피해 감,더위를 피해 감,
3급,68,2015-02-28,150,mean_W,다음 漢字語의 뜻을 쓰시오.,頻發,頻發,,어떤 일이 자주 일어남,어떤 일이 자주 일어남,
3급,69,2015-05-23,1,dokeum_W,다음 문장에서 밑줄 친 漢字語의 讀音을 쓰시오.,시인 김정식의 雅號는 ‘소월’이다.,雅號,,아호,아호,
3급,69,2015-05-23,2,dokeum_W,다음 문장에서 밑줄 친 漢字語의 讀音을 쓰시오.,도승지는 임금을 拜謁하고 상소문을 올렸다.,拜謁,,배알,배알,
3급,69,2015-05-23,3,dokeum_W,다음 문장에서 밑줄 친 漢字語의 讀音을 쓰시오.,깊은 산속에 묻혀 隱逸한 생활을 하다.,隱逸,,은일,은일,
3급,69,2015-05-23,4,dokeum_W,다음 문장에서 밑줄 친 漢字語의 讀音을 쓰시오.,험한 세상에 慈惠의 마음으로 살자.,慈惠,,자혜,자혜,
3급,69,2015-05-23,5,dokeum_W,다음 문장에서 밑줄 친 漢字語의 讀音을 쓰시오.,그는 이번 대회에 蝶泳 선수로 출전했다.,蝶泳,,접영,접영,
3급,69,2015-05-23,6,dokeum_W,다음 문장에서 밑줄 친 漢字語의 讀音을 쓰시오.,사회 규범을 遵守하여 명랑 사회를 만들자.,遵守,,준수,준수,
3급,69,2015-05-23,7,dokeum_W,다음 문장에서 밑줄 친 漢字語의 讀音을 쓰시오.,비둘기는 평화를 象徵한다.,象徵,,상징,상징,
3급,69,2015-05-23,8,dokeum_W,다음 문장에서 밑줄 친 漢字語의 讀音을 쓰시오.,선수들은 慘敗를 당하지 않기 위해 구슬땀을 흘렸다.,慘敗,,참패,참패,
3급,69,2015-05-23,9,dokeum_W,다음 문장에서 밑줄 친 漢字語의 讀音을 쓰시오.,정부 施策에 따라 일을 처리하다.,施策,,시책,시책,
3급,69,2015-05-23,10,dokeum_W,다음 문장에서 밑줄 친 漢字語의 讀音을 쓰시오.,인간의 평등은 시대를 超越하여 중요한 가치가 있다.,超越,,초월,초월,
3급,69,2015-05-23,11,dokeum_W,다음 문장에서 밑줄 친 漢字語의 讀音을 쓰시오.,두 젊은이는 하객들 앞에서 華燭을 밝혔다.,華燭,,화촉,화촉,
3급,69,2015-05-23,12,dokeum_W,다음 문장에서 밑줄 친 漢字語의 讀音을 쓰시오.,사람은 자칫 醜惡한 짓을 하기 쉬우니 조심하자.,醜惡,,추악,추악,
3급,69,2015-05-23,13,dokeum_W,다음 문장에서 밑줄 친 漢字語의 讀音을 쓰시오.,그는 직무 怠慢으로 징계를 받았다.,怠慢,,태만,태만,
3급,69,2015-05-23,14,dokeum_W,다음 문장에서 밑줄 친 漢字語의 讀音을 쓰시오.,동서고금의 학문을 遍歷하다.,遍歷,,편력,편력,
3급,69,2015-05-23,15,dokeum_W,다음 문장에서 밑줄 친 漢字語의 讀音을 쓰시오.,여름철 旱害 피해 대비 댐 건설,旱害,,한해,한해,
3급,69,2015-05-23,16,dokeum_W,다음 문장에서 밑줄 친 漢字語의 讀音을 쓰시오.,수출입업자는 換率 변동에 민감하다.,換率,,환율,환율,
3급,69,2015-05-23,17,dokeum_W,다음 문장에서 밑줄 친 漢字語의 讀音을 쓰시오.,기업들은 기술을 提携하여 양쪽이 이익을 보기도 한다.,提携,,제휴,제휴,
3급,69,2015-05-23,18,dokeum_W,다음 문장에서 밑줄 친 漢字語의 讀音을 쓰시오.,이 잡지는 隔週로 발간된다.,隔週,,격주,격주,
3급,69,2015-05-23,19,dokeum_W,다음 문장에서 밑줄 친 漢字語의 讀音을 쓰시오.,많은 기자들이 사건 현장에 派遣되었다.,派遣,,파견,파견,
3급,69,2015-05-23,20,dokeum_W,다음 문장에서 밑줄 친 漢字語의 讀音을 쓰시오.,謙讓은 우리 사회의 미덕이다.,謙讓,,겸양,겸양,
3급,69,2015-05-23,21,dokeum_W,다음 漢字語의 讀音을 쓰시오.,收穫,收穫,,수확,수확,
3급,69,2015-05-23,22,dokeum_W,다음 漢字語의 讀音을 쓰시오.,揮毫,揮毫,,휘호,휘호,
3급,69,2015-05-23,23,dokeum_W,다음 漢字語의 讀音을 쓰시오.,渴症,渴症,,갈증,갈증,
3급,69,2015-05-23,24,dokeum_W,다음 漢字語의 讀音을 쓰시오.,脅迫,脅迫,,협박,협박,
3급,69,2015-05-23,25,dokeum_W,다음 漢字語의 讀音을 쓰시오.,絹絲,絹絲,,견사,견사,
3급,69,2015-05-23,26,dokeum_W,다음 漢字語의 讀音을 쓰시오.,鼓吹,鼓吹,,고취,고취,
3급,69,2015-05-23,27,dokeum_W,다음 漢字語의 讀音을 쓰시오.,割引,割引,,할인,할인,
3급,69,2015-05-23,28,dokeum_W,다음 漢字語의 讀音을 쓰시오.,痛哭,痛哭,,통곡,통곡,
3급,69,2015-05-23,29,dokeum_W,다음 漢字語의 讀音을 쓰시오.,掛鍾,掛鍾,,괘종,괘종,
3급,69,2015-05-23,30,dokeum_W,다음 漢字語의 讀音을 쓰시오.,驅逐,驅逐,,구축,구축,
3급,69,2015-05-23,31,dokeum_W,다음 漢字語의 讀音을 쓰시오.,應諾,應諾,,응낙,응낙,
3급,69,2015-05-23,32,dokeum_W,다음 漢字語의 讀音을 쓰시오.,倒置,倒置,,도치,도치,
3급,69,2015-05-23,33,dokeum_W,다음 漢字語의 讀音을 쓰시오.,敦篤,敦篤,,돈독,돈독,
3급,69,2015-05-23,34,dokeum_W,다음 漢字語의 讀音을 쓰시오.,廉恥,廉恥,,염치,염치,
3급,69,2015-05-23,35,dokeum_W,다음 漢字語의 讀音을 쓰시오.,露宿,露宿,,노숙,노숙,
3급,69,2015-05-23,36,dokeum_W,다음 漢字語의 讀音을 쓰시오.,依賴,依賴,,의뢰,의뢰,
3급,69,2015-05-23,37,dokeum_W,다음 漢字語의 讀音을 쓰시오.,辨償,辨償,,변상,변상,
3급,69,2015-05-23,38,dokeum_W,다음 漢字語의 讀音을 쓰시오.,奔走,奔走,,분주,분주,
3급,69,2015-05-23,39,dokeum_W,다음 漢字語의 讀音을 쓰시오.,喪妻,喪妻,,상처,상처,
3급,69,2015-05-23,40,dokeum_W,다음 漢字語의 讀音을 쓰시오.,搜索,搜索,,수색,수색,
3급,69,2015-05-23,41,dokeum_W,다음 漢字語의 讀音을 쓰시오.,偶像,偶像,,우상,우상,
3급,69,2015-05-23,42,dokeum_W,다음 漢字語의 讀音을 쓰시오.,賃借,賃借,,임차,임차,
3급,69,2015-05-23,43,dokeum_W,다음 漢字語의 讀音을 쓰시오.,參酌,參酌,,참작,참작,
3급,69,2015-05-23,44,dokeum_W,다음 漢字語의 讀音을 쓰시오.,錯視,錯視,,착시,착시,
3급,69,2015-05-23,45,dokeum_W,다음 漢字語의 讀音을 쓰시오.,罷免,罷免,,파면,파면,
3급,69,2015-05-23,46,huneum_W,다음 漢字의 訓과 音을 쓰시오.,跳,跳,,뛸 도,뛸 도,
3급,69,2015-05-23,47,huneum_W,다음 漢字의 訓과 音을 쓰시오.,伴,伴,,짝 반,짝 반,
3급,69,2015-05-23,48,huneum_W,다음 漢字의 訓과 音을 쓰시오.,滴,滴,,물방울 적,물방울 적,
3급,69,2015-05-23,49,huneum_W,다음 漢字의 訓과 音을 쓰시오.,却,却,,물리칠 각,물리칠 각,
3급,69,2015-05-23,50,huneum_W,다음 漢字의 訓과 音을 쓰시오.,崩,崩,,무너질 붕,무너질 붕,
3급,69,2015-05-23,51,huneum_W,다음 漢字의 訓과 音을 쓰시오.,燥,燥,,마를 조,마를 조,
3급,69,2015-05-23,52,huneum_W,다음 漢字의 訓과 音을 쓰시오.,乞,乞,,빌 걸,빌 걸,
3급,69,2015-05-23,53,huneum_W,다음 漢字의 訓과 音을 쓰시오.,詐,詐,,속일 사,속일 사,
3급,69,2015-05-23,54,huneum_W,다음 漢字의 訓과 音을 쓰시오.,姪,姪,,조카 질,조카 질,
3급,69,2015-05-23,55,huneum_W,다음 漢字의 訓과 音을 쓰시오.,濫,濫,,넘칠 람,넘칠 람,
3급,69,2015-05-23,56,huneum_W,다음 漢字의 訓과 音을 쓰시오.,嘗,嘗,,맛볼 상,맛볼 상,
3급,69,2015-05-23,57,huneum_W,다음 漢字의 訓과 音을 쓰시오.,添,添,,더할 첨,더할 첨,
3급,69,2015-05-23,58,huneum_W,다음 漢字의 訓과 音을 쓰시오.,矯,矯,,바로잡을 교,바로잡을 교,
3급,69,2015-05-23,59,huneum_W,다음 漢字의 訓과 音을 쓰시오.,暑,暑,,더울 서,더울 서,
3급,69,2015-05-23,60,huneum_W,다음 漢字의 訓과 音을 쓰시오.,枕,枕,,베개 침,베개 침,
3급,69,2015-05-23,61,huneum_W,다음 漢字의 訓과 音을 쓰시오.,忌,忌,,꺼릴 기,꺼릴 기,
3급,69,2015-05-23,62,huneum_W,다음 漢字의 訓과 音을 쓰시오.,循,循,,돌 순,돌 순,
3급,69,2015-05-23,63,huneum_W,다음 漢字의 訓과 音을 쓰시오.,濁,濁,,흐릴 탁,흐릴 탁,
3급,69,2015-05-23,64,huneum_W,다음 漢字의 訓과 音을 쓰시오.,隷,隷,,종 례,종 례,
3급,69,2015-05-23,65,huneum_W,다음 漢字의 訓과 音을 쓰시오.,矢,矢,,화살 시,화살 시,
3급,69,2015-05-23,66,huneum_W,다음 漢字의 訓과 音을 쓰시오.,抱,抱,,안을 포,안을 포,
3급,69,2015-05-23,67,huneum_W,다음 漢字의 訓과 音을 쓰시오.,忙,忙,,바쁠 망,바쁠 망,
3급,69,2015-05-23,68,huneum_W,다음 漢字의 訓과 音을 쓰시오.,翁,翁,,늙은이 옹,늙은이 옹,
3급,69,2015-05-23,69,huneum_W,다음 漢字의 訓과 音을 쓰시오.,巷,巷,,거리 항,거리 항,
3급,69,2015-05-23,70,huneum_W,다음 漢字의 訓과 音을 쓰시오.,侮,侮,,업신여길 모,업신여길 모,
3급,69,2015-05-23,71,huneum_W,다음 漢字의 訓과 音을 쓰시오.,吟,吟,,읊을 음,읊을 음,
3급,69,2015-05-23,72,huneum_W,다음 漢字의 訓과 音을 쓰시오.,昏,昏,,어두울 혼,어두울 혼,
3급,69,2015-05-23,73,jangeum_S,다음 漢字語 중 첫 음절이 長音으로 발음되는 것의 번호를 쓰시오.,,,"[""① 賜藥"", ""② 卽時"", ""③ 淨潔"", ""④ 豪雨""]",①,① 賜藥,
3급,69,2015-05-23,74,jangeum_S,다음 漢字語 중 첫 음절이 長音으로 발음되는 것의 번호를 쓰시오.,,,"[""① 囚衣"", ""② 殿閣"", ""③ 畜舍"", ""④ 鹽田""]",②,② 殿閣,
3급,69,2015-05-23,75,jangeum_S,다음 漢字語 중 첫 음절이 長音으로 발음되는 것의 번호를 쓰시오.,,,"[""① 卜債"", ""② 薦擧"", ""③ 貪慾"", ""④ 躍進""]",②,② 薦擧,
3급,69,2015-05-23,76,jangeum_S,다음 漢字語 중 첫 음절이 長音으로 발음되는 것의 번호를 쓰시오.,,,"[""① 削毛"", ""② 斥和"", ""③ 庶務"", ""④ 探險""]",③,③ 庶務,
3급,69,2015-05-23,77,jangeum_S,다음 漢字語 중 첫 음절이 長音으로 발음되는 것의 번호를 쓰시오.,,,"[""① 粧飾"", ""② 違法"", ""③ 玄關"", ""④ 培養""]",④,④ 培養,
3급,69,2015-05-23,78,hanjaeo_W,다음 문장에서 밑줄 친 漢字語를 漢字[正字]로 쓰시오.,유행성 눈병으로 안대를 차다.,안대,,眼帶,眼帶,
3급,69,2015-05-23,79,hanjaeo_W,다음 문장에서 밑줄 친 漢字語를 漢字[正字]로 쓰시오.,통장의 잔액을 조회하다.,잔액,,殘額,殘額,
3급,69,2015-05-23,80,hanjaeo_W,다음 문장에서 밑줄 친 漢字語를 漢字[正字]로 쓰시오.,국제 정세의 냉엄한 현실을 직시하자.,냉엄,,冷嚴,冷嚴,
3급,69,2015-05-23,81,hanjaeo_W,다음 문장에서 밑줄 친 漢字語를 漢字[正字]로 쓰시오.,행사가 끝난 뒤 여흥이 시작되었다.,여흥,,餘興,餘興,
3급,69,2015-05-23,82,hanjaeo_W,다음 문장에서 밑줄 친 漢字語를 漢字[正字]로 쓰시오.,사정 기관은 성역 없는 수사를 한다.,성역,,聖域,聖域,
3급,69,2015-05-23,83,hanjaeo_W,다음 문장에서 밑줄 친 漢字語를 漢字[正字]로 쓰시오.,사장은 직원들의 처우를 개선하여 사기를 높였다.,처우,,處遇,處遇,
3급,69,2015-05-23,84,hanjaeo_W,다음 문장에서 밑줄 친 漢字語를 漢字[正字]로 쓰시오.,귀갓길에 서점에 들러 잡지를 한 권 샀다.,잡지,,雜誌,雜誌,
3급,69,2015-05-23,85,hanjaeo_W,다음 문장에서 밑줄 친 漢字語를 漢字[正字]로 쓰시오.,건강을 위해 걷기를 권장한다.,권장,,勸獎,勸獎,
3급,69,2015-05-23,86,hanjaeo_W,다음 문장에서 밑줄 친 漢字語를 漢字[正字]로 쓰시오.,어려서부터 저축하는 습관이 필요하다.,저축,,貯蓄,貯蓄,
3급,69,2015-05-23,87,hanjaeo_W,다음 문장에서 밑줄 친 漢字語를 漢字[正字]로 쓰시오.,지방의 거점 도시를 발전시켜야 한다.,거점,,據點,據點,
3급,69,2015-05-23,88,hanjaeo_W,다음 문장에서 밑줄 친 漢字語를 漢字[正字]로 쓰시오.,공부하기 전에 책상 정리부터 하는 것이 좋다.,정리,,整理,整理,
3급,69,2015-05-23,89,hanjaeo_W,다음 문장에서 밑줄 친 漢字語를 漢字[正字]로 쓰시오.,학생들은 군에서 제대한 후 복학했다.,제대,,除隊,除隊,
3급,69,2015-05-23,90,hanjaeo_W,다음 문장에서 밑줄 친 漢字語를 漢字[正字]로 쓰시오.,비난보다는 칭찬을 많이 하자.,칭찬,,稱讚,稱讚,
3급,69,2015-05-23,91,hanjaeo_W,다음 문장에서 밑줄 친 漢字語를 漢字[正字]로 쓰시오.,어린이들은 곤충 채집하러 밖으로 나갔다.,채집,,採集,採集,
3급,69,2015-05-23,92,hanjaeo_W,다음 문장에서 밑줄 친 漢字語를 漢字[正字]로 쓰시오.,대화에서 상대의 말에 경청하는 태도가 필요하다.,경청,,傾聽,傾聽,
3급,69,2015-05-23,93,hanjaeo_W,다음 문장에서 밑줄 친 漢字語를 漢字[正字]로 쓰시오.,피로 누적은 수명 단축을 가져온다.,단축,,短縮,短縮,
3급,69,2015-05-23,94,hanjaeo_W,다음 문장에서 밑줄 친 漢字語를 漢字[正字]로 쓰시오.,테러분자들은 사람이 많은 광장에 폭탄을 터뜨렸다.,폭탄,,爆彈,爆彈,
3급,69,2015-05-23,95,hanjaeo_W,다음 문장에서 밑줄 친 漢字語를 漢字[正字]로 쓰시오.,항도 부산은 우리나라 제2의 도시이다.,항도,,港都,港都,
3급,69,2015-05-23,96,hanjaeo_W,다음 문장에서 밑줄 친 漢字語를 漢字[正字]로 쓰시오.,재난으로부터 귀중한 생명을 보호하자.,보호,,保護,保護,
3급,69,2015-05-23,97,hanjaeo_W,다음 문장에서 밑줄 친 漢字語를 漢字[正字]로 쓰시오.,그는 약방의 감초처럼 무슨 일이든지 참견한다.,감초,,甘草,甘草,
3급,69,2015-05-23,98,hanjaeo_W,다음 문장에서 밑줄 친 漢字語를 漢字[正字]로 쓰시오.,군경은 경계를 철저히 하여 적의 침투를 방지했다.,경계,,警戒,警戒,
3급,69,2015-05-23,99,hanjaeo_W,다음 문장에서 밑줄 친 漢字語를 漢字[正字]로 쓰시오.,김씨는 사업 구상에 골몰하고 있다.,구상,,構想,構想,
3급,69,2015-05-23,100,hanjaeo_W,다음 문장에서 밑줄 친 漢字語를 漢字[正字]로 쓰시오.,사건의 발단은 오해에서 비롯되었다.,발단,,發端,發端,
3급,69,2015-05-23,101,hanjaeo_W,다음 문장에서 밑줄 친 漢字語를 漢字[正字]로 쓰시오.,범인은 기나긴 도피 생활에 지쳤다.,도피,,逃避,逃避,
3급,69,2015-05-23,102,hanjaeo_W,다음 문장에서 밑줄 친 漢字語를 漢字[正字]로 쓰시오.,서로 상대방을 배려하는 마음,배려,,配慮,配慮,
3급,69,2015-05-23,103,hanjaeo_W,다음 문장에서 밑줄 친 漢字語를 漢字[正字]로 쓰시오.,비행기는 이륙한 후 하늘로 치솟았다.,이륙,,離陸,離陸,
3급,69,2015-05-23,104,hanjaeo_W,다음 문장에서 밑줄 친 漢字語를 漢字[正字]로 쓰시오.,유해 시설물을 차단하여 면학 분위기 조성,면학,,勉學,勉學,
3급,69,2015-05-23,105,hanjaeo_W,다음 문장에서 밑줄 친 漢字語를 漢字[正字]로 쓰시오.,문제 해결의 묘안을 찾다.,묘안,,妙案,妙案,
3급,69,2015-05-23,106,hanjaeo_W,다음 문장에서 밑줄 친 漢字語를 漢字[正字]로 쓰시오.,옛날 우리 민족은 음주와 가무를 즐겼다.,가무,,歌舞,歌舞,
3급,69,2015-05-23,107,hanjaeo_W,다음 문장에서 밑줄 친 漢字語를 漢字[正字]로 쓰시오.,그는 세상 지식에 박식하다.,박식,,博識,博識,
3급,69,2015-05-23,108,yui_W,다음 漢字와 비슷한 뜻을 가진 漢字[正字]를 (   ) 안에 써넣어 문장에 적합한 漢字語가 되게 하시오.,올해는 새로운 (    )悟로 일하기로 했다.,( )悟,,覺,覺,
3급,69,2015-05-23,109,yui_W,다음 漢字와 비슷한 뜻을 가진 漢字[正字]를 (   ) 안에 써넣어 문장에 적합한 漢字語가 되게 하시오.,우리 모두 사회 (   )層 간 갈등을 줄이도록 노력하자.,( )層,,階,階,
3급,69,2015-05-23,110,yui_W,다음 漢字와 비슷한 뜻을 가진 漢字[正字]를 (   ) 안에 써넣어 문장에 적합한 漢字語가 되게 하시오.,시리아 난민들은 (    )困한 피난살이에 지쳤다.,( )困,,疲,疲,
3급,69,2015-05-23,111,yui_W,다음 漢字와 비슷한 뜻을 가진 漢字[正字]를 (   ) 안에 써넣어 문장에 적합한 漢字語가 되게 하시오.,우리나라 산들은 제법 茂(    )해졌다.,茂( ),,盛,盛,
3급,69,2015-05-23,112,yui_W,다음 漢字와 비슷한 뜻을 가진 漢字[正字]를 (   ) 안에 써넣어 문장에 적합한 漢字語가 되게 하시오.,어려운 시대에 많은 俊(    )들이 나라를 위해 활동했다.,俊( ),,傑,傑,
3급,69,2015-05-23,113,banui_W,다음 漢字와 뜻이 反對 또는 相對되는 漢字[正字]를 써서 漢字語를 완성하시오.,(    )劣,( )劣,,優,優,
3급,69,2015-05-23,114,banui_W,다음 漢字와 뜻이 反對 또는 相對되는 漢字[正字]를 써서 漢字語를 완성하시오.,(    )非,( )非,,是,是,
3급,69,2015-05-23,115,banui_W,다음 漢字와 뜻이 反對 또는 相對되는 漢字[正字]를 써서 漢字語를 완성하시오.,(    )晩,( )晩,,早,早,
3급,69,2015-05-23,116,banui_W,다음 漢字와 뜻이 反對 또는 相對되는 漢字[正字]를 써서 漢字語를 완성하시오.,哀(    ),哀( ),,歡,歡,
3급,69,2015-05-23,117,banui_W,다음 漢字와 뜻이 反對 또는 相對되는 漢字[正字]를 써서 漢字語를 완성하시오.,增(    ),增( ),,減,減,
3급,69,2015-05-23,118,banuieo_W,다음 漢字語의 反對語 또는 相對語를 2음절로 된 漢字[正字]로 쓰시오.,肉體 ↔ (    ),肉體 ↔ ( ),,精神,精神,
3급,69,2015-05-23,119,banuieo_W,다음 漢字語의 反對語 또는 相對語를 2음절로 된 漢字[正字]로 쓰시오.,加入 ↔ (    ),加入 ↔ ( ),,脫退,脫退,
3급,69,2015-05-23,120,banuieo_W,다음 漢字語의 反對語 또는 相對語를 2음절로 된 漢字[正字]로 쓰시오.,許可 ↔ (    ),許可 ↔ ( ),,禁止,禁止,
3급,69,2015-05-23,121,banuieo_W,다음 漢字語의 反對語 또는 相對語를 2음절로 된 漢字[正字]로 쓰시오.,平等 ↔ (    ),平等 ↔ ( ),,差別,差別,
3급,69,2015-05-23,122,banuieo_W,다음 漢字語의 反對語 또는 相對語를 2음절로 된 漢字[正字]로 쓰시오.,容易 ↔ (    ),容易 ↔ ( ),,難解,難解,
3급,69,2015-05-23,123,dongeumeo_W,"다음 漢字語의 同音異義語를 漢字[正字]로 쓰되, 제시된 뜻에 맞는 것으로 하시오.",(緣起) - 배우가 재주를 표현해 내는 일,(緣起),,演技,演技,
3급,69,2015-05-23,124,dongeumeo_W,"다음 漢字語의 同音異義語를 漢字[正字]로 쓰되, 제시된 뜻에 맞는 것으로 하시오.",(禮訪) - 무슨 일이나 탈이 있기 전에 미리 막음,(禮訪),,豫防,豫防,
3급,69,2015-05-23,125,dongeumeo_W,"다음 漢字語의 同音異義語를 漢字[正字]로 쓰되, 제시된 뜻에 맞는 것으로 하시오.",(懇誠) - 나라를 방위하는 군인,(懇誠),,干城,干城,
3급,69,2015-05-23,126,dongeumeo_W,"다음 漢字語의 同音異義語를 漢字[正字]로 쓰되, 제시된 뜻에 맞는 것으로 하시오.",(謀事) - 사물을 형체 그대로 그림,(謀事),,模寫,模寫,
3급,69,2015-05-23,127,dongeumeo_W,"다음 漢字語의 同音異義語를 漢字[正字]로 쓰되, 제시된 뜻에 맞는 것으로 하시오.",(踏査) - 식장에서 환영사나 축사 등에 답하는 말,(踏査),,答辭,答辭,
3급,69,2015-05-23,128,seongeo_W,다음 (    ) 안에 알맞은 漢字[正字]를 써넣어 四字成語를 완성하시오.,(    )舟求劍 : 어리석고 미련하여 융통성이 없음,( )舟求劍,,刻,刻,
3급,69,2015-05-23,129,seongeo_W,다음 (    ) 안에 알맞은 漢字[正字]를 써넣어 四字成語를 완성하시오.,累(    )之勢 : 몹시 위태로운 형세,累( )之勢,,卵,卵,
3급,69,2015-05-23,130,seongeo_W,다음 (    ) 안에 알맞은 漢字[正字]를 써넣어 四字成語를 완성하시오.,孤立無(     ) : 외톨이가 되어 도움을 받을 만한 곳이 없음,孤立無( ),,援,援,
3급,69,2015-05-23,131,seongeo_W,다음 (    ) 안에 알맞은 漢字[正字]를 써넣어 四字成語를 완성하시오.,面(    )腹背 : 겉으로는 복종하면서 속으로 배반함,面( )腹背,,從,從,
3급,69,2015-05-23,132,seongeo_W,다음 (    ) 안에 알맞은 漢字[正字]를 써넣어 四字成語를 완성하시오.,壽福( )寧 : 장수하고 행복하며 건강하고 평안함,壽福( )寧,,康,康,
3급,69,2015-05-23,133,seongeo_W,다음 (    ) 안에 알맞은 漢字[正字]를 써넣어 四字成語를 완성하시오.,手不釋(     ) : 손에서 책을 놓지 않음,手不釋( ),,卷,卷,
3급,69,2015-05-23,134,seongeo_W,다음 (    ) 안에 알맞은 漢字[正字]를 써넣어 四字成語를 완성하시오.,危機一(     ) : 눈앞에 닥친 위기의 순간,危機一( ),,髮,髮,
3급,69,2015-05-23,135,seongeo_W,다음 (    ) 안에 알맞은 漢字[正字]를 써넣어 四字成語를 완성하시오.,自(    )之心 : 자기가 한 일에 대해 스스로 미흡하다고 생각함,自( )之心,,激,激,
3급,69,2015-05-23,136,seongeo_W,다음 (    ) 안에 알맞은 漢字[正字]를 써넣어 四字成語를 완성하시오.,忠言( )耳 : 충직한 말은 귀에 거슬림,忠言( )耳,,逆,逆,
3급,69,2015-05-23,137,seongeo_W,다음 (    ) 안에 알맞은 漢字[正字]를 써넣어 四字成語를 완성하시오.,君(   )臣綱 : 임금은 신하의 모범이 되어야 함,君( )臣綱,,爲,爲,
3급,69,2015-05-23,138,busu_W,다음 漢字의 部首를 쓰시오.,丹,丹,,丶,丶,
3급,69,2015-05-23,139,busu_W,다음 漢字의 部首를 쓰시오.,靈,靈,,雨,雨,
3급,69,2015-05-23,140,busu_W,다음 漢字의 部首를 쓰시오.,尾,尾,,尸,尸,
3급,69,2015-05-23,141,busu_W,다음 漢字의 部首를 쓰시오.,云,云,,二,二,
3급,69,2015-05-23,142,busu_W,다음 漢字의 部首를 쓰시오.,竊,竊,,穴,穴,
3급,69,2015-05-23,143,yakja_W,다음 漢字의 略字를 쓰시오.,經,經,,経,経,
3급,69,2015-05-23,144,yakja_W,다음 漢字의 略字를 쓰시오.,擔,擔,,担,担,
3급,69,2015-05-23,145,yakja_W,다음 漢字의 略字를 쓰시오.,濟,濟,,済,済,
3급,69,2015-05-23,146,mean_W,다음 漢字語의 뜻을 쓰시오.,酒邪,酒邪,,술 마신 뒤의 못된 버릇,술 마신 뒤의 못된 버릇,
3급,69,2015-05-23,147,mean_W,다음 漢字語의 뜻을 쓰시오.,談笑,談笑,,웃으며 이야기함,웃으며 이야기함,
3급,69,2015-05-23,148,mean_W,다음 漢字語의 뜻을 쓰시오.,未遂,未遂,,목적을 이루지 못함,목적을 이루지 못함,
3급,69,2015-05-23,149,mean_W,다음 漢字語의 뜻을 쓰시오.,拔群,拔群,,여럿 가운데서 뛰어남,여럿 가운데서 뛰어남,
3급,69,2015-05-23,150,mean_W,다음 漢字語의 뜻을 쓰시오.,返送,返送,,도로 돌려보냄,도로 돌려보냄,
3급,70,2015-08-22,1,dokeum_W,다음 밑줄 친 漢字語의 讀音을 쓰시오.,졸지에 직장을 잃은 그의 생활은 苟且스럽기 짝이 없었다.,苟且,,구차,구차,
3급,70,2015-08-22,2,dokeum_W,다음 밑줄 친 漢字語의 讀音을 쓰시오.,무원칙한 징계를 濫發하면 감정적인 반발만 가져올 뿐이다.,濫發,,남발,남발,
3급,70,2015-08-22,3,dokeum_W,다음 밑줄 친 漢字語의 讀音을 쓰시오.,어설픈 계획으로 우리의 여행은 霧散되었다.,霧散,,무산,무산,
3급,70,2015-08-22,4,dokeum_W,다음 밑줄 친 漢字語의 讀音을 쓰시오.,그 소년의 몸 밖으로 聰明과 銳智와 날카로운 섬광 같은 것이 뻗어 나오기 시작했다.,聰明,,총명,총명,
3급,70,2015-08-22,5,dokeum_W,다음 밑줄 친 漢字語의 讀音을 쓰시오.,그 소년의 몸 밖으로 聰明과 銳智와 날카로운 섬광 같은 것이 뻗어 나오기 시작했다.,銳智,,예지,예지,
3급,70,2015-08-22,6,dokeum_W,다음 밑줄 친 漢字語의 讀音을 쓰시오.,暴炎이 기승을 부리니 초목들이 枯死하고 있다.,暴炎,,폭염,폭염,
3급,70,2015-08-22,7,dokeum_W,다음 밑줄 친 漢字語의 讀音을 쓰시오.,暴炎이 기승을 부리니 초목들이 枯死하고 있다.,枯死,,고사,고사,
3급,70,2015-08-22,8,dokeum_W,다음 밑줄 친 漢字語의 讀音을 쓰시오.,화가는 抑制되고 呼訴할 길 없는 심정을 畫幅에 담았다.,抑制,,억제,억제,
3급,70,2015-08-22,9,dokeum_W,다음 밑줄 친 漢字語의 讀音을 쓰시오.,화가는 抑制되고 呼訴할 길 없는 심정을 畫幅에 담았다.,呼訴,,호소,호소,
3급,70,2015-08-22,10,dokeum_W,다음 밑줄 친 漢字語의 讀音을 쓰시오.,화가는 抑制되고 呼訴할 길 없는 심정을 畫幅에 담았다.,畫幅,,화폭,화폭,
3급,70,2015-08-22,11,dokeum_W,다음 밑줄 친 漢字語의 讀音을 쓰시오.,友邦에 特使로 보낼 적임자를 推薦해 보시오.,友邦,,우방,우방,
3급,70,2015-08-22,12,dokeum_W,다음 밑줄 친 漢字語의 讀音을 쓰시오.,友邦에 特使로 보낼 적임자를 推薦해 보시오.,特使,,특사,특사,
3급,70,2015-08-22,13,dokeum_W,다음 밑줄 친 漢字語의 讀音을 쓰시오.,友邦에 特使로 보낼 적임자를 推薦해 보시오.,推薦,,추천,추천,
3급,70,2015-08-22,14,dokeum_W,다음 밑줄 친 漢字語의 讀音을 쓰시오.,그 회사는 缺陷이 있는 제품을 산 소비자들에게 전액 還拂해 주었다.,缺陷,,결함,결함,
3급,70,2015-08-22,15,dokeum_W,다음 밑줄 친 漢字語의 讀音을 쓰시오.,그 회사는 缺陷이 있는 제품을 산 소비자들에게 전액 還拂해 주었다.,還拂,,환불,환불,
3급,70,2015-08-22,16,dokeum_W,다음 밑줄 친 漢字語의 讀音을 쓰시오.,忍耐로 역경을 극복하다.,忍耐,,인내,인내,
3급,70,2015-08-22,17,dokeum_W,다음 밑줄 친 漢字語의 讀音을 쓰시오.,拳鬪 선수들은 腹筋이 단련돼 있다.,拳鬪,,권투,권투,
3급,70,2015-08-22,18,dokeum_W,다음 밑줄 친 漢字語의 讀音을 쓰시오.,拳鬪 선수들은 腹筋이 단련돼 있다.,腹筋,,복근,복근,
3급,70,2015-08-22,19,dokeum_W,다음 밑줄 친 漢字語의 讀音을 쓰시오.,그는 자신의 演奏에 陶醉하여 멈출 줄을 몰랐다.,演奏,,연주,연주,
3급,70,2015-08-22,20,dokeum_W,다음 밑줄 친 漢字語의 讀音을 쓰시오.,그는 자신의 演奏에 陶醉하여 멈출 줄을 몰랐다.,陶醉,,도취,도취,
3급,70,2015-08-22,21,dokeum_W,다음 漢字語의 讀音을 쓰시오.,先輩,先輩,,선배,선배,
3급,70,2015-08-22,22,dokeum_W,다음 漢字語의 讀音을 쓰시오.,覺悟,覺悟,,각오,각오,
3급,70,2015-08-22,23,dokeum_W,다음 漢字語의 讀音을 쓰시오.,橫財,橫財,,횡재,횡재,
3급,70,2015-08-22,24,dokeum_W,다음 漢字語의 讀音을 쓰시오.,詳述,詳述,,상술,상술,
3급,70,2015-08-22,25,dokeum_W,다음 漢字語의 讀音을 쓰시오.,芳香,芳香,,방향,방향,
3급,70,2015-08-22,26,dokeum_W,다음 漢字語의 讀音을 쓰시오.,諒知,諒知,,양지,양지,
3급,70,2015-08-22,27,dokeum_W,다음 漢字語의 讀音을 쓰시오.,捕獲,捕獲,,포획,포획,
3급,70,2015-08-22,28,dokeum_W,다음 漢字語의 讀音을 쓰시오.,菜蔬,菜蔬,,채소,채소,
3급,70,2015-08-22,29,dokeum_W,다음 漢字語의 讀音을 쓰시오.,受侮,受侮,,수모,수모,
3급,70,2015-08-22,30,dokeum_W,다음 漢字語의 讀音을 쓰시오.,雅量,雅量,,아량,아량,
3급,70,2015-08-22,31,dokeum_W,다음 漢字語의 讀音을 쓰시오.,近似,近似,,근사,근사,
3급,70,2015-08-22,32,dokeum_W,다음 漢字語의 讀音을 쓰시오.,補佐,補佐,,보좌,보좌,
3급,70,2015-08-22,33,dokeum_W,다음 漢字語의 讀音을 쓰시오.,秋毫,秋毫,,추호,추호,
3급,70,2015-08-22,34,dokeum_W,다음 漢字語의 讀音을 쓰시오.,榮轉,榮轉,,영전,영전,
3급,70,2015-08-22,35,dokeum_W,다음 漢字語의 讀音을 쓰시오.,暫時,暫時,,잠시,잠시,
3급,70,2015-08-22,36,dokeum_W,다음 漢字語의 讀音을 쓰시오.,便宜,便宜,,편의,편의,
3급,70,2015-08-22,37,dokeum_W,다음 漢字語의 讀音을 쓰시오.,妥協,妥協,,타협,타협,
3급,70,2015-08-22,38,dokeum_W,다음 漢字語의 讀音을 쓰시오.,俊嚴,俊嚴,,준엄,준엄,
3급,70,2015-08-22,39,dokeum_W,다음 漢字語의 讀音을 쓰시오.,竝設,竝設,,병설,병설,
3급,70,2015-08-22,40,dokeum_W,다음 漢字語의 讀音을 쓰시오.,敦厚,敦厚,,돈후,돈후,
3급,70,2015-08-22,41,dokeum_W,다음 漢字語의 讀音을 쓰시오.,交涉,交涉,,교섭,교섭,
3급,70,2015-08-22,42,dokeum_W,다음 漢字語의 讀音을 쓰시오.,梅花,梅花,,매화,매화,
3급,70,2015-08-22,43,dokeum_W,다음 漢字語의 讀音을 쓰시오.,止揚,止揚,,지양,지양,
3급,70,2015-08-22,44,dokeum_W,다음 漢字語의 讀音을 쓰시오.,緩急,緩急,,완급,완급,
3급,70,2015-08-22,45,dokeum_W,다음 漢字語의 讀音을 쓰시오.,探査,探査,,탐사,탐사,
3급,70,2015-08-22,46,hanjaeo_W,다음의 밑줄 친 낱말을 漢字(正字)로 쓰시오.,시의 표현이 지닌 특징은 생략과 압축이다.,표현,,表現,表現,
3급,70,2015-08-22,47,hanjaeo_W,다음의 밑줄 친 낱말을 漢字(正字)로 쓰시오.,시의 표현이 지닌 특징은 생략과 압축이다.,압축,,壓縮,壓縮,
3급,70,2015-08-22,48,hanjaeo_W,다음의 밑줄 친 낱말을 漢字(正字)로 쓰시오.,그 아름다움과 우아함은 군중이 붐비고 있는 광장 속에서도 눈에 띄게 빛났다.,군중,,群衆,群衆,
3급,70,2015-08-22,49,hanjaeo_W,다음의 밑줄 친 낱말을 漢字(正字)로 쓰시오.,그 아름다움과 우아함은 군중이 붐비고 있는 광장 속에서도 눈에 띄게 빛났다.,광장,,廣場,廣場,
3급,70,2015-08-22,50,hanjaeo_W,다음의 밑줄 친 낱말을 漢字(正字)로 쓰시오.,"피라미드와 스핑크스, 불가사의 한 이 거대 유적들의 비밀은 어떤 천재에 의해 풀릴 수 있을까?",불가사의,,不可思議,不可思議,
3급,70,2015-08-22,51,hanjaeo_W,다음의 밑줄 친 낱말을 漢字(正字)로 쓰시오.,"피라미드와 스핑크스, 불가사의 한 이 거대 유적들의 비밀은 어떤 천재에 의해 풀릴 수 있을까?",거대,,巨大,巨大,
3급,70,2015-08-22,52,hanjaeo_W,다음의 밑줄 친 낱말을 漢字(正字)로 쓰시오.,"피라미드와 스핑크스, 불가사의 한 이 거대 유적들의 비밀은 어떤 천재에 의해 풀릴 수 있을까?",비밀,,祕密,祕密,
3급,70,2015-08-22,53,hanjaeo_W,다음의 밑줄 친 낱말을 漢字(正字)로 쓰시오.,그의 방에는 각종 경기에서 딴 상장과 메달이 전시되어 있었다.,각종,,各種,各種,
3급,70,2015-08-22,54,hanjaeo_W,다음의 밑줄 친 낱말을 漢字(正字)로 쓰시오.,그의 방에는 각종 경기에서 딴 상장과 메달이 전시되어 있었다.,경기,,競技,競技,
3급,70,2015-08-22,55,hanjaeo_W,다음의 밑줄 친 낱말을 漢字(正字)로 쓰시오.,그의 방에는 각종 경기에서 딴 상장과 메달이 전시되어 있었다.,상장,,賞狀,賞狀,
3급,70,2015-08-22,56,hanjaeo_W,다음의 밑줄 친 낱말을 漢字(正字)로 쓰시오.,그의 방에는 각종 경기에서 딴 상장과 메달이 전시되어 있었다.,전시,,展示,展示,
3급,70,2015-08-22,57,hanjaeo_W,다음의 밑줄 친 낱말을 漢字(正字)로 쓰시오.,회사에서는 경기가 나빠 물건이 팔리지 않자 손해가 많다고 임시 휴업을 선언하였다.,경기,,景氣,景氣,
3급,70,2015-08-22,58,hanjaeo_W,다음의 밑줄 친 낱말을 漢字(正字)로 쓰시오.,회사에서는 경기가 나빠 물건이 팔리지 않자 손해가 많다고 임시 휴업을 선언하였다.,물건,,物件,物件,
3급,70,2015-08-22,59,hanjaeo_W,다음의 밑줄 친 낱말을 漢字(正字)로 쓰시오.,회사에서는 경기가 나빠 물건이 팔리지 않자 손해가 많다고 임시 휴업을 선언하였다.,손해,,損害,損害,
3급,70,2015-08-22,60,hanjaeo_W,다음의 밑줄 친 낱말을 漢字(正字)로 쓰시오.,회사에서는 경기가 나빠 물건이 팔리지 않자 손해가 많다고 임시 휴업을 선언하였다.,휴업,,休業,休業,
3급,70,2015-08-22,61,hanjaeo_W,다음의 밑줄 친 낱말을 漢字(正字)로 쓰시오.,회사에서는 경기가 나빠 물건이 팔리지 않자 손해가 많다고 임시 휴업을 선언하였다.,선언,,宣言,宣言,
3급,70,2015-08-22,62,hanjaeo_W,다음의 밑줄 친 낱말을 漢字(正字)로 쓰시오.,"왜 그럴까, 무엇 때문에 선생의 신념이 견고할수록 가식의 인상이 더해 가고 있는 것인가.",신념,,信念,信念,
3급,70,2015-08-22,63,hanjaeo_W,다음의 밑줄 친 낱말을 漢字(正字)로 쓰시오.,"왜 그럴까, 무엇 때문에 선생의 신념이 견고할수록 가식의 인상이 더해 가고 있는 것인가.",견고,,堅固,堅固,
3급,70,2015-08-22,64,hanjaeo_W,다음의 밑줄 친 낱말을 漢字(正字)로 쓰시오.,"왜 그럴까, 무엇 때문에 선생의 신념이 견고할수록 가식의 인상이 더해 가고 있는 것인가.",인상,,印象,印象,
3급,70,2015-08-22,65,hanjaeo_W,다음의 밑줄 친 낱말을 漢字(正字)로 쓰시오.,그러면 마지막으로 심사 위원의 총평을 듣겠습니다.,위원,,委員,委員,
3급,70,2015-08-22,66,hanjaeo_W,다음의 밑줄 친 낱말을 漢字(正字)로 쓰시오.,그러면 마지막으로 심사 위원의 총평을 듣겠습니다.,총평,,總評,總評,
3급,70,2015-08-22,67,hanjaeo_W,다음의 밑줄 친 낱말을 漢字(正字)로 쓰시오.,마라톤은 승리의 소식을 전하려고 쉬지 않고 달렸던 한 병사의 이야기에서 유래한 것이다.,승리,,勝利,勝利,
3급,70,2015-08-22,68,hanjaeo_W,다음의 밑줄 친 낱말을 漢字(正字)로 쓰시오.,마라톤은 승리의 소식을 전하려고 쉬지 않고 달렸던 한 병사의 이야기에서 유래한 것이다.,소식,,消息,消息,
3급,70,2015-08-22,69,hanjaeo_W,다음의 밑줄 친 낱말을 漢字(正字)로 쓰시오.,마라톤은 승리의 소식을 전하려고 쉬지 않고 달렸던 한 병사의 이야기에서 유래한 것이다.,병사,,兵士,兵士,
3급,70,2015-08-22,70,hanjaeo_W,다음의 밑줄 친 낱말을 漢字(正字)로 쓰시오.,마라톤은 승리의 소식을 전하려고 쉬지 않고 달렸던 한 병사의 이야기에서 유래한 것이다.,유래,,由來,由來,
3급,70,2015-08-22,71,hanjaeo_W,다음의 밑줄 친 낱말을 漢字(正字)로 쓰시오.,취직한 여성들은 출산과 육아 기간이 직장에서 불리하게 작용하기 때문에 출산을 꺼리는 경향이 있다.,취직,,就職,就職,
3급,70,2015-08-22,72,hanjaeo_W,다음의 밑줄 친 낱말을 漢字(正字)로 쓰시오.,취직한 여성들은 출산과 육아 기간이 직장에서 불리하게 작용하기 때문에 출산을 꺼리는 경향이 있다.,출산,,出産,出産,
3급,70,2015-08-22,73,hanjaeo_W,다음의 밑줄 친 낱말을 漢字(正字)로 쓰시오.,취직한 여성들은 출산과 육아 기간이 직장에서 불리하게 작용하기 때문에 출산을 꺼리는 경향이 있다.,육아,,育兒,育兒,
3급,70,2015-08-22,74,hanjaeo_W,다음의 밑줄 친 낱말을 漢字(正字)로 쓰시오.,취직한 여성들은 출산과 육아 기간이 직장에서 불리하게 작용하기 때문에 출산을 꺼리는 경향이 있다.,기간,,期間,期間,
3급,70,2015-08-22,75,hanjaeo_W,다음의 밑줄 친 낱말을 漢字(正字)로 쓰시오.,취직한 여성들은 출산과 육아 기간이 직장에서 불리하게 작용하기 때문에 출산을 꺼리는 경향이 있다.,경향,,傾向,傾向,
3급,70,2015-08-22,76,huneum_W,다음 漢字의 訓과 音을 쓰시오.,匹,匹,,짝 필,짝 필,
3급,70,2015-08-22,77,huneum_W,다음 漢字의 訓과 音을 쓰시오.,云,云,,이를 운,이를 운,
3급,70,2015-08-22,78,huneum_W,다음 漢字의 訓과 音을 쓰시오.,伯,伯,,맏 백,맏 백,
3급,70,2015-08-22,79,huneum_W,다음 漢字의 訓과 音을 쓰시오.,郊,郊,,들 교,들 교,
3급,70,2015-08-22,80,huneum_W,다음 漢字의 訓과 音을 쓰시오.,恥,恥,,부끄러울 치,부끄러울 치,
3급,70,2015-08-22,81,huneum_W,다음 漢字의 訓과 音을 쓰시오.,拙,拙,,졸할 졸,졸할 졸,
3급,70,2015-08-22,82,huneum_W,다음 漢字의 訓과 音을 쓰시오.,昭,昭,,밝을 소,밝을 소,
3급,70,2015-08-22,83,huneum_W,다음 漢字의 訓과 音을 쓰시오.,慧,慧,,슬기로울 혜,슬기로울 혜,
3급,70,2015-08-22,84,huneum_W,다음 漢字의 訓과 音을 쓰시오.,僚,僚,,동료 료,동료 료,
3급,70,2015-08-22,85,huneum_W,다음 漢字의 訓과 音을 쓰시오.,鈍,鈍,,둔할 둔,둔할 둔,
3급,70,2015-08-22,86,huneum_W,다음 漢字의 訓과 音을 쓰시오.,敏,敏,,민첩할 민,민첩할 민,
3급,70,2015-08-22,87,huneum_W,다음 漢字의 訓과 音을 쓰시오.,又,又,,또 우,또 우,
3급,70,2015-08-22,88,huneum_W,다음 漢字의 訓과 音을 쓰시오.,枕,枕,,베개 침,베개 침,
3급,70,2015-08-22,89,huneum_W,다음 漢字의 訓과 音을 쓰시오.,編,編,,엮을 편,엮을 편,
3급,70,2015-08-22,90,huneum_W,다음 漢字의 訓과 音을 쓰시오.,侯,侯,,제후 후,제후 후,
3급,70,2015-08-22,91,huneum_W,다음 漢字의 訓과 音을 쓰시오.,只,只,,다만 지,다만 지,
3급,70,2015-08-22,92,huneum_W,다음 漢字의 訓과 音을 쓰시오.,御,御,,거느릴 어,거느릴 어,
3급,70,2015-08-22,93,huneum_W,다음 漢字의 訓과 音을 쓰시오.,哭,哭,,울 곡,울 곡,
3급,70,2015-08-22,94,huneum_W,다음 漢字의 訓과 音을 쓰시오.,挑,挑,,돋울 도,돋울 도,
3급,70,2015-08-22,95,huneum_W,다음 漢字의 訓과 音을 쓰시오.,賓,賓,,손 빈,손 빈,
3급,70,2015-08-22,96,huneum_W,다음 漢字의 訓과 音을 쓰시오.,慕,慕,,그릴 모,그릴 모,
3급,70,2015-08-22,97,huneum_W,다음 漢字의 訓과 音을 쓰시오.,尙,尙,,오히려 상,오히려 상,
3급,70,2015-08-22,98,huneum_W,다음 漢字의 訓과 音을 쓰시오.,宴,宴,,잔치 연,잔치 연,
3급,70,2015-08-22,99,huneum_W,다음 漢字의 訓과 音을 쓰시오.,仲,仲,,버금 중,버금 중,
3급,70,2015-08-22,100,huneum_W,다음 漢字의 訓과 音을 쓰시오.,丸,丸,,둥글 환,둥글 환,
3급,70,2015-08-22,101,huneum_W,다음 漢字의 訓과 音을 쓰시오.,播,播,,뿌릴 파,뿌릴 파,
3급,70,2015-08-22,102,huneum_W,다음 漢字의 訓과 音을 쓰시오.,憐,憐,,불쌍히여길 련,불쌍히여길 련,
3급,70,2015-08-22,103,jangeum_S,다음 중 첫 音節이 長音으로 소리 나는 漢字語 5개를 골라 그 번호를 쓰시오.,,,"[""① 漠然"", ""② 慣習"", ""③ 退勤"", ""④ 鑛夫"", ""⑤ 礎石"", ""⑥ 批判"", ""⑦ 賃貸"", ""⑧ 觸角"", ""⑨ 醫師"", ""⑩ 夏服""]",③,③ 退勤,
3급,70,2015-08-22,104,jangeum_S,다음 중 첫 音節이 長音으로 소리 나는 漢字語 5개를 골라 그 번호를 쓰시오.,,,"[""① 漠然"", ""② 慣習"", ""③ 退勤"", ""④ 鑛夫"", ""⑤ 礎石"", ""⑥ 批判"", ""⑦ 賃貸"", ""⑧ 觸角"", ""⑨ 醫師"", ""⑩ 夏服""]",④,④ 鑛夫,
3급,70,2015-08-22,105,jangeum_S,다음 중 첫 音節이 長音으로 소리 나는 漢字語 5개를 골라 그 번호를 쓰시오.,,,"[""① 漠然"", ""② 慣習"", ""③ 退勤"", ""④ 鑛夫"", ""⑤ 礎石"", ""⑥ 批判"", ""⑦ 賃貸"", ""⑧ 觸角"", ""⑨ 醫師"", ""⑩ 夏服""]",⑥,⑥ 批判,
3급,70,2015-08-22,106,jangeum_S,다음 중 첫 音節이 長音으로 소리 나는 漢字語 5개를 골라 그 번호를 쓰시오.,,,"[""① 漠然"", ""② 慣習"", ""③ 退勤"", ""④ 鑛夫"", ""⑤ 礎石"", ""⑥ 批判"", ""⑦ 賃貸"", ""⑧ 觸角"", ""⑨ 醫師"", ""⑩ 夏服""]",⑦,⑦ 賃貸,
3급,70,2015-08-22,107,jangeum_S,다음 중 첫 音節이 長音으로 소리 나는 漢字語 5개를 골라 그 번호를 쓰시오.,,,"[""① 漠然"", ""② 慣習"", ""③ 退勤"", ""④ 鑛夫"", ""⑤ 礎石"", ""⑥ 批判"", ""⑦ 賃貸"", ""⑧ 觸角"", ""⑨ 醫師"", ""⑩ 夏服""]",⑩,⑩ 夏服,
3급,70,2015-08-22,108,yui_W,다음 (         ) 안에 비슷한 뜻을 가진 漢字(正字)를 써넣어 널리 쓰이는 單語를 완성하시오.,恭 - ( ),恭 - ( ),,敬,敬,
3급,70,2015-08-22,109,yui_W,다음 (         ) 안에 비슷한 뜻을 가진 漢字(正字)를 써넣어 널리 쓰이는 單語를 완성하시오.,( ) - 濯,( ) - 濯,,洗,洗,
3급,70,2015-08-22,110,yui_W,다음 (         ) 안에 비슷한 뜻을 가진 漢字(正字)를 써넣어 널리 쓰이는 單語를 완성하시오.,( ) - 燒,( ) - 燒,,燃,燃,
3급,70,2015-08-22,111,yui_W,다음 (         ) 안에 비슷한 뜻을 가진 漢字(正字)를 써넣어 널리 쓰이는 單語를 완성하시오.,携 - ( ),携 - ( ),,帶,帶,
3급,70,2015-08-22,112,yui_W,다음 (         ) 안에 비슷한 뜻을 가진 漢字(正字)를 써넣어 널리 쓰이는 單語를 완성하시오.,尖 - ( ),尖 - ( ),,端,端,
3급,70,2015-08-22,113,banui_W,다음 (       ) 안에 뜻이 反對 또는 相對 되는 漢字(正字)를 써넣어 널리 쓰이는 單語를 만드시오.,(   ) ↔ 怨,( ) ↔ 怨,,恩,恩,
3급,70,2015-08-22,114,banui_W,다음 (       ) 안에 뜻이 反對 또는 相對 되는 漢字(正字)를 써넣어 널리 쓰이는 單語를 만드시오.,(   ) ↔ 滿,( ) ↔ 滿,,干,干,
3급,70,2015-08-22,115,banui_W,다음 (       ) 안에 뜻이 反對 또는 相對 되는 漢字(正字)를 써넣어 널리 쓰이는 單語를 만드시오.,乘 ↔ ( ),乘 ↔ ( ),,降,降,
3급,70,2015-08-22,116,banui_W,다음 (       ) 안에 뜻이 反對 또는 相對 되는 漢字(正字)를 써넣어 널리 쓰이는 單語를 만드시오.,(   ) ↔ 憎,( ) ↔ 憎,,愛,愛,
3급,70,2015-08-22,117,banui_W,다음 (       ) 안에 뜻이 反對 또는 相對 되는 漢字(正字)를 써넣어 널리 쓰이는 單語를 만드시오.,喜 ↔ ( ),喜 ↔ ( ),,悲,悲,
3급,70,2015-08-22,118,banuieo_W,다음 漢字語의 反對語 또는 相對語를 2음절로 된 漢字(正字)로 쓰시오.,紅顔 ↔ (      ),紅顔 ↔ ( ),,白髮,白髮,
3급,70,2015-08-22,119,banuieo_W,다음 漢字語의 反對語 또는 相對語를 2음절로 된 漢字(正字)로 쓰시오.,保守 ↔ (      ),保守 ↔ ( ),,革新,革新,
3급,70,2015-08-22,120,banuieo_W,다음 漢字語의 反對語 또는 相對語를 2음절로 된 漢字(正字)로 쓰시오.,分析 ↔ (      ),分析 ↔ ( ),,統合,統合,
3급,70,2015-08-22,121,banuieo_W,다음 漢字語의 反對語 또는 相對語를 2음절로 된 漢字(正字)로 쓰시오.,(    ) ↔ 偏頗,( ) ↔ 偏頗,,公平,公平,
3급,70,2015-08-22,122,banuieo_W,다음 漢字語의 反對語 또는 相對語를 2음절로 된 漢字(正字)로 쓰시오.,(    ) ↔ 模倣,( ) ↔ 模倣,,創造,創造,
3급,70,2015-08-22,123,dongeumeo_W,다음 漢字語의 同音異義語를 제시된 뜻에 맞는 漢字(正字)로 쓰시오.,(剛斷) - 강연하는 사람이 올라서도록 약간 높게 만든 자리.,(剛斷),,講壇,講壇,
3급,70,2015-08-22,124,dongeumeo_W,다음 漢字語의 同音異義語를 제시된 뜻에 맞는 漢字(正字)로 쓰시오.,(動搖) - 어린이들의 노래.,(動搖),,童謠,童謠,
3급,70,2015-08-22,125,dongeumeo_W,다음 漢字語의 同音異義語를 제시된 뜻에 맞는 漢字(正字)로 쓰시오.,(女權) - 외국을 여행하는 사람의 신분증명서.,(女權),,旅券,旅券,
3급,70,2015-08-22,126,dongeumeo_W,다음 漢字語의 同音異義語를 제시된 뜻에 맞는 漢字(正字)로 쓰시오.,(致賀) - 통치 아래. 통치의 영향력이 미치는 범위나 구역.,(致賀),,治下,治下,
3급,70,2015-08-22,127,dongeumeo_W,다음 漢字語의 同音異義語를 제시된 뜻에 맞는 漢字(正字)로 쓰시오.,(潮流) - 새무리.,(潮流),,鳥類,鳥類,
3급,70,2015-08-22,128,seongeo_W,다음 (       ) 안에 알맞은 漢字(正字)를 써 넣어 四字成語를 완성하시오.,(    )善懲惡 : 선행을 장려하고 악행을 벌함.,( )善懲惡,,勸,勸,
3급,70,2015-08-22,129,seongeo_W,다음 (       ) 안에 알맞은 漢字(正字)를 써 넣어 四字成語를 완성하시오.,漸入佳(     ) : 점점 흥미로운 경지로 들어감.,漸入佳( ),,境,境,
3급,70,2015-08-22,130,seongeo_W,다음 (       ) 안에 알맞은 漢字(正字)를 써 넣어 四字成語를 완성하시오.,恒茶飯(     ) : 늘 있는 일.,恒茶飯( ),,事,事,
3급,70,2015-08-22,131,seongeo_W,다음 (       ) 안에 알맞은 漢字(正字)를 써 넣어 四字成語를 완성하시오.,卓上( )論 : 실현성이 없는 헛된 공론.,卓上( )論,,空,空,
3급,70,2015-08-22,132,seongeo_W,다음 (       ) 안에 알맞은 漢字(正字)를 써 넣어 四字成語를 완성하시오.,支(    )滅裂 : 서로 갈라져 흩어지고 찢기어 나눠짐.,支( )滅裂,,離,離,
3급,70,2015-08-22,133,seongeo_W,다음 (       ) 안에 알맞은 漢字(正字)를 써 넣어 四字成語를 완성하시오.,自初( )終 : 처음부터 끝까지 이르는 동안.,自初( )終,,至,至,
3급,70,2015-08-22,134,seongeo_W,다음 (       ) 안에 알맞은 漢字(正字)를 써 넣어 四字成語를 완성하시오.,日久月(    ) : 세월이 흐를수록 바라는 마음이 더욱 간절해짐.,日久月( ),,深,深,
3급,70,2015-08-22,135,seongeo_W,다음 (       ) 안에 알맞은 漢字(正字)를 써 넣어 四字成語를 완성하시오.,(    )藥苦口 : 좋은 약은 입에 쓰다는 말.,( )藥苦口,,良,良,
3급,70,2015-08-22,136,seongeo_W,다음 (       ) 안에 알맞은 漢字(正字)를 써 넣어 四字成語를 완성하시오.,無(    )徒食 : 아무 하는 일 없이 한갓 먹기만 함.,無( )徒食,,爲,爲,
3급,70,2015-08-22,137,seongeo_W,다음 (       ) 안에 알맞은 漢字(正字)를 써 넣어 四字成語를 완성하시오.,"金枝( )葉 : 임금의 자손이나 집안, 혹은 귀한 자손을 비유.",金枝( )葉,,玉,玉,
3급,70,2015-08-22,138,busu_W,다음 漢字의 部首를 쓰시오.,幕,幕,,巾,巾,
3급,70,2015-08-22,139,busu_W,다음 漢字의 部首를 쓰시오.,兆,兆,,儿,儿,
3급,70,2015-08-22,140,busu_W,다음 漢字의 部首를 쓰시오.,虛,虛,,虍,虍,
3급,70,2015-08-22,141,busu_W,다음 漢字의 部首를 쓰시오.,黨,黨,,黑,黑,
3급,70,2015-08-22,142,busu_W,다음 漢字의 部首를 쓰시오.,甲,甲,,田,田,
3급,70,2015-08-22,143,yakja_W,다음 漢字의 略字를 쓰시오.,號,號,,号,号,
3급,70,2015-08-22,144,yakja_W,다음 漢字의 略字를 쓰시오.,餘,餘,,余,余,
3급,70,2015-08-22,145,yakja_W,다음 漢字의 略字를 쓰시오.,辭,辭,,辞,辞,
3급,70,2015-08-22,146,mean_W,다음 漢字語의 뜻을 쓰시오.,速步,速步,,빠른 걸음,빠른 걸음,
3급,70,2015-08-22,147,mean_W,다음 漢字語의 뜻을 쓰시오.,專賣,專賣,,어떤 물건을 독점하여 팖,어떤 물건을 독점하여 팖,
3급,70,2015-08-22,148,mean_W,다음 漢字語의 뜻을 쓰시오.,稀少,稀少,,매우 드물고 적음,매우 드물고 적음,
3급,70,2015-08-22,149,mean_W,다음 漢字語의 뜻을 쓰시오.,畜舍,畜舍,,가축을 기르는 건물,가축을 기르는 건물,
3급,70,2015-08-22,150,mean_W,다음 漢字語의 뜻을 쓰시오.,水鏡,水鏡,,물안경,물안경,
3급,71,2015-11-28,1,dokeum_W,다음 漢字의 讀音을 쓰시오.,快諾,快諾,,쾌락,쾌락,
3급,71,2015-11-28,2,dokeum_W,다음 漢字의 讀音을 쓰시오.,軌範,軌範,,궤범,궤범,
3급,71,2015-11-28,3,dokeum_W,다음 漢字의 讀音을 쓰시오.,於焉,於焉,,어언,어언,
3급,71,2015-11-28,4,dokeum_W,다음 漢字의 讀音을 쓰시오.,企圖,企圖,,기도,기도,
3급,71,2015-11-28,5,dokeum_W,다음 漢字의 讀音을 쓰시오.,拜謁,拜謁,,배알,배알,
3급,71,2015-11-28,6,dokeum_W,다음 漢字의 讀音을 쓰시오.,踏襲,踏襲,,답습,답습,
3급,71,2015-11-28,7,dokeum_W,다음 漢字의 讀音을 쓰시오.,頻繁,頻繁,,빈번,빈번,
3급,71,2015-11-28,8,dokeum_W,다음 漢字의 讀音을 쓰시오.,逃亡,逃亡,,도망,도망,
3급,71,2015-11-28,9,dokeum_W,다음 漢字의 讀音을 쓰시오.,崩壞,崩壞,,붕괴,붕괴,
3급,71,2015-11-28,10,dokeum_W,다음 漢字의 讀音을 쓰시오.,糾彈,糾彈,,규탄,규탄,
3급,71,2015-11-28,11,dokeum_W,다음 漢字의 讀音을 쓰시오.,傾斜,傾斜,,경사,경사,
3급,71,2015-11-28,12,dokeum_W,다음 漢字의 讀音을 쓰시오.,謹愼,謹愼,,근신,근신,
3급,71,2015-11-28,13,dokeum_W,다음 漢字의 讀音을 쓰시오.,詐欺,詐欺,,사기,사기,
3급,71,2015-11-28,14,dokeum_W,다음 漢字의 讀音을 쓰시오.,禽獸,禽獸,,금수,금수,
3급,71,2015-11-28,15,dokeum_W,다음 漢字의 讀音을 쓰시오.,令郞,令郞,,영랑,영랑,
3급,71,2015-11-28,16,dokeum_W,다음 漢字의 讀音을 쓰시오.,納付,納付,,납부,납부,
3급,71,2015-11-28,17,dokeum_W,다음 漢字의 讀音을 쓰시오.,種苗,種苗,,종묘,종묘,
3급,71,2015-11-28,18,dokeum_W,다음 漢字의 讀音을 쓰시오.,肯可,肯可,,긍가,긍가,
3급,71,2015-11-28,19,dokeum_W,다음 漢字의 讀音을 쓰시오.,脈絡,脈絡,,맥락,맥락,
3급,71,2015-11-28,20,dokeum_W,다음 漢字의 讀音을 쓰시오.,陶藝,陶藝,,도예,도예,
3급,71,2015-11-28,21,dokeum_W,다음 漢字의 讀音을 쓰시오.,派遣,派遣,,파견,파견,
3급,71,2015-11-28,22,dokeum_W,다음 漢字의 讀音을 쓰시오.,丁寧,丁寧,,정녕,정녕,
3급,71,2015-11-28,23,dokeum_W,다음 漢字의 讀音을 쓰시오.,忌避,忌避,,기피,기피,
3급,71,2015-11-28,24,dokeum_W,다음 漢字의 讀音을 쓰시오.,延滯,延滯,,연체,연체,
3급,71,2015-11-28,25,dokeum_W,다음 漢字의 讀音을 쓰시오.,龜裂,龜裂,,균열,균열,
3급,71,2015-11-28,26,dokeum_W,다음 漢字의 讀音을 쓰시오.,未熟,未熟,,미숙,미숙,
3급,71,2015-11-28,27,dokeum_W,다음 漢字의 讀音을 쓰시오.,老鍊,老鍊,,노련,노련,
3급,71,2015-11-28,28,dokeum_W,다음 漢字의 讀音을 쓰시오.,冒頭,冒頭,,모두,모두,
3급,71,2015-11-28,29,dokeum_W,다음 漢字의 讀音을 쓰시오.,末尾,末尾,,말미,말미,
3급,71,2015-11-28,30,dokeum_W,다음 漢字의 讀音을 쓰시오.,追突,追突,,추돌,추돌,
3급,71,2015-11-28,31,hanjaeo_W,"다음 밑줄 친 낱말 중 漢字로 표기된 것은 讀音을, 한글로 표기된 것은 漢字(正字)로 쓰시오.",한때 성산 대교 근처 한강에는 강물을 뚫고 垂直으로 솟구쳐 오르는 분수 시설이 있었다. 수면에서 솟아나와 허공을 가르는 물줄기는 내게 弄談을 걸어오는 것 같았다. 그곳에 왜 그런 형상의 물줄기를 설치했을까 의아해하다가 자칫 앞차와 부딪힐 뻔한 적도 있다.,대교,,大橋,大橋,
3급,71,2015-11-28,32,hanjaeo_W,"다음 밑줄 친 낱말 중 漢字로 표기된 것은 讀音을, 한글로 표기된 것은 漢字(正字)로 쓰시오.",한때 성산 대교 근처 한강에는 강물을 뚫고 垂直으로 솟구쳐 오르는 분수 시설이 있었다. 수면에서 솟아나와 허공을 가르는 물줄기는 내게 弄談을 걸어오는 것 같았다. 그곳에 왜 그런 형상의 물줄기를 설치했을까 의아해하다가 자칫 앞차와 부딪힐 뻔한 적도 있다.,근처,,近處,近處,
3급,71,2015-11-28,33,dokeum_W,"다음 밑줄 친 낱말 중 漢字로 표기된 것은 讀音을, 한글로 표기된 것은 漢字(正字)로 쓰시오.",한때 성산 대교 근처 한강에는 강물을 뚫고 垂直으로 솟구쳐 오르는 분수 시설이 있었다. 수면에서 솟아나와 허공을 가르는 물줄기는 내게 弄談을 걸어오는 것 같았다. 그곳에 왜 그런 형상의 물줄기를 설치했을까 의아해하다가 자칫 앞차와 부딪힐 뻔한 적도 있다.,垂直,,수직,수직,
3급,71,2015-11-28,34,hanjaeo_W,"다음 밑줄 친 낱말 중 漢字로 표기된 것은 讀音을, 한글로 표기된 것은 漢字(正字)로 쓰시오.",한때 성산 대교 근처 한강에는 강물을 뚫고 垂直으로 솟구쳐 오르는 분수 시설이 있었다. 수면에서 솟아나와 허공을 가르는 물줄기는 내게 弄談을 걸어오는 것 같았다. 그곳에 왜 그런 형상의 물줄기를 설치했을까 의아해하다가 자칫 앞차와 부딪힐 뻔한 적도 있다.,시설,,施設,施設,
3급,71,2015-11-28,35,hanjaeo_W,"다음 밑줄 친 낱말 중 漢字로 표기된 것은 讀音을, 한글로 표기된 것은 漢字(正字)로 쓰시오.",한때 성산 대교 근처 한강에는 강물을 뚫고 垂直으로 솟구쳐 오르는 분수 시설이 있었다. 수면에서 솟아나와 허공을 가르는 물줄기는 내게 弄談을 걸어오는 것 같았다. 그곳에 왜 그런 형상의 물줄기를 설치했을까 의아해하다가 자칫 앞차와 부딪힐 뻔한 적도 있다.,수면,,水面,水面,
3급,71,2015-11-28,36,hanjaeo_W,"다음 밑줄 친 낱말 중 漢字로 표기된 것은 讀音을, 한글로 표기된 것은 漢字(正字)로 쓰시오.",한때 성산 대교 근처 한강에는 강물을 뚫고 垂直으로 솟구쳐 오르는 분수 시설이 있었다. 수면에서 솟아나와 허공을 가르는 물줄기는 내게 弄談을 걸어오는 것 같았다. 그곳에 왜 그런 형상의 물줄기를 설치했을까 의아해하다가 자칫 앞차와 부딪힐 뻔한 적도 있다.,허공,,虛空,虛空,
3급,71,2015-11-28,37,dokeum_W,"다음 밑줄 친 낱말 중 漢字로 표기된 것은 讀音을, 한글로 표기된 것은 漢字(正字)로 쓰시오.",한때 성산 대교 근처 한강에는 강물을 뚫고 垂直으로 솟구쳐 오르는 분수 시설이 있었다. 수면에서 솟아나와 허공을 가르는 물줄기는 내게 弄談을 걸어오는 것 같았다. 그곳에 왜 그런 형상의 물줄기를 설치했을까 의아해하다가 자칫 앞차와 부딪힐 뻔한 적도 있다.,弄談,,농담,농담,
3급,71,2015-11-28,38,hanjaeo_W,"다음 밑줄 친 낱말 중 漢字로 표기된 것은 讀音을, 한글로 표기된 것은 漢字(正字)로 쓰시오.",한때 성산 대교 근처 한강에는 강물을 뚫고 垂直으로 솟구쳐 오르는 분수 시설이 있었다. 수면에서 솟아나와 허공을 가르는 물줄기는 내게 弄談을 걸어오는 것 같았다. 그곳에 왜 그런 형상의 물줄기를 설치했을까 의아해하다가 자칫 앞차와 부딪힐 뻔한 적도 있다.,형상,,形狀,形狀,
3급,71,2015-11-28,39,dokeum_W,"다음 밑줄 친 낱말 중 漢字로 표기된 것은 讀音을, 한글로 표기된 것은 漢字(正字)로 쓰시오.","垂直 上昇 慾望은 徹底하게 남자의 것이다. 아침마다 확인하는 정신부터 피라미드 구조로 세상을 파악하는 사회적 인식, 권력이 있는 곳에 단상을 쌓고 기념탑을 세우는 행위까지, 그것은 남자의 자부심과 직결된다. 그것은 고대 이집트의 오벨리스크에서도 발견되고 그것을 유럽 전역으로 옮긴 근세로 이어져 마천루와 같은 尖塔 형태로 현대에 표현된다.",上昇,,상승,상승,
3급,71,2015-11-28,40,dokeum_W,"다음 밑줄 친 낱말 중 漢字로 표기된 것은 讀音을, 한글로 표기된 것은 漢字(正字)로 쓰시오.","垂直 上昇 慾望은 徹底하게 남자의 것이다. 아침마다 확인하는 정신부터 피라미드 구조로 세상을 파악하는 사회적 인식, 권력이 있는 곳에 단상을 쌓고 기념탑을 세우는 행위까지, 그것은 남자의 자부심과 직결된다. 그것은 고대 이집트의 오벨리스크에서도 발견되고 그것을 유럽 전역으로 옮긴 근세로 이어져 마천루와 같은 尖塔 형태로 현대에 표현된다.",慾望,,욕망,욕망,
3급,71,2015-11-28,41,dokeum_W,"다음 밑줄 친 낱말 중 漢字로 표기된 것은 讀音을, 한글로 표기된 것은 漢字(正字)로 쓰시오.","垂直 上昇 慾望은 徹底하게 남자의 것이다. 아침마다 확인하는 정신부터 피라미드 구조로 세상을 파악하는 사회적 인식, 권력이 있는 곳에 단상을 쌓고 기념탑을 세우는 행위까지, 그것은 남자의 자부심과 직결된다. 그것은 고대 이집트의 오벨리스크에서도 발견되고 그것을 유럽 전역으로 옮긴 근세로 이어져 마천루와 같은 尖塔 형태로 현대에 표현된다.",徹底,,철저,철저,
3급,71,2015-11-28,42,hanjaeo_W,"다음 밑줄 친 낱말 중 漢字로 표기된 것은 讀音을, 한글로 표기된 것은 漢字(正字)로 쓰시오.","垂直 上昇 慾望은 徹底하게 남자의 것이다. 아침마다 확인하는 정신부터 피라미드 구조로 세상을 파악하는 사회적 인식, 권력이 있는 곳에 단상을 쌓고 기념탑을 세우는 행위까지, 그것은 남자의 자부심과 직결된다. 그것은 고대 이집트의 오벨리스크에서도 발견되고 그것을 유럽 전역으로 옮긴 근세로 이어져 마천루와 같은 尖塔 형태로 현대에 표현된다.",확인,,確認,確認,
3급,71,2015-11-28,43,hanjaeo_W,"다음 밑줄 친 낱말 중 漢字로 표기된 것은 讀音을, 한글로 표기된 것은 漢字(正字)로 쓰시오.","垂直 上昇 慾望은 徹底하게 남자의 것이다. 아침마다 확인하는 정신부터 피라미드 구조로 세상을 파악하는 사회적 인식, 권력이 있는 곳에 단상을 쌓고 기념탑을 세우는 행위까지, 그것은 남자의 자부심과 직결된다. 그것은 고대 이집트의 오벨리스크에서도 발견되고 그것을 유럽 전역으로 옮긴 근세로 이어져 마천루와 같은 尖塔 형태로 현대에 표현된다.",정신,,精神,精神,
3급,71,2015-11-28,44,hanjaeo_W,"다음 밑줄 친 낱말 중 漢字로 표기된 것은 讀音을, 한글로 표기된 것은 漢字(正字)로 쓰시오.","垂直 上昇 慾望은 徹底하게 남자의 것이다. 아침마다 확인하는 정신부터 피라미드 구조로 세상을 파악하는 사회적 인식, 권력이 있는 곳에 단상을 쌓고 기념탑을 세우는 행위까지, 그것은 남자의 자부심과 직결된다. 그것은 고대 이집트의 오벨리스크에서도 발견되고 그것을 유럽 전역으로 옮긴 근세로 이어져 마천루와 같은 尖塔 형태로 현대에 표현된다.",구조,,構造,構造,
3급,71,2015-11-28,45,hanjaeo_W,"다음 밑줄 친 낱말 중 漢字로 표기된 것은 讀音을, 한글로 표기된 것은 漢字(正字)로 쓰시오.","垂直 上昇 慾望은 徹底하게 남자의 것이다. 아침마다 확인하는 정신부터 피라미드 구조로 세상을 파악하는 사회적 인식, 권력이 있는 곳에 단상을 쌓고 기념탑을 세우는 행위까지, 그것은 남자의 자부심과 직결된다. 그것은 고대 이집트의 오벨리스크에서도 발견되고 그것을 유럽 전역으로 옮긴 근세로 이어져 마천루와 같은 尖塔 형태로 현대에 표현된다.",기념,,紀念,紀念,
3급,71,2015-11-28,46,hanjaeo_W,"다음 밑줄 친 낱말 중 漢字로 표기된 것은 讀音을, 한글로 표기된 것은 漢字(正字)로 쓰시오.","垂直 上昇 慾望은 徹底하게 남자의 것이다. 아침마다 확인하는 정신부터 피라미드 구조로 세상을 파악하는 사회적 인식, 권력이 있는 곳에 단상을 쌓고 기념탑을 세우는 행위까지, 그것은 남자의 자부심과 직결된다. 그것은 고대 이집트의 오벨리스크에서도 발견되고 그것을 유럽 전역으로 옮긴 근세로 이어져 마천루와 같은 尖塔 형태로 현대에 표현된다.",행위,,行爲,行爲,
3급,71,2015-11-28,47,hanjaeo_W,"다음 밑줄 친 낱말 중 漢字로 표기된 것은 讀音을, 한글로 표기된 것은 漢字(正字)로 쓰시오.","垂直 上昇 慾望은 徹底하게 남자의 것이다. 아침마다 확인하는 정신부터 피라미드 구조로 세상을 파악하는 사회적 인식, 권력이 있는 곳에 단상을 쌓고 기념탑을 세우는 행위까지, 그것은 남자의 자부심과 직결된다. 그것은 고대 이집트의 오벨리스크에서도 발견되고 그것을 유럽 전역으로 옮긴 근세로 이어져 마천루와 같은 尖塔 형태로 현대에 표현된다.",자부심,,自負心,自負心,
3급,71,2015-11-28,48,hanjaeo_W,"다음 밑줄 친 낱말 중 漢字로 표기된 것은 讀音을, 한글로 표기된 것은 漢字(正字)로 쓰시오.","垂直 上昇 慾望은 徹底하게 남자의 것이다. 아침마다 확인하는 정신부터 피라미드 구조로 세상을 파악하는 사회적 인식, 권력이 있는 곳에 단상을 쌓고 기념탑을 세우는 행위까지, 그것은 남자의 자부심과 직결된다. 그것은 고대 이집트의 오벨리스크에서도 발견되고 그것을 유럽 전역으로 옮긴 근세로 이어져 마천루와 같은 尖塔 형태로 현대에 표현된다.",고대,,古代,古代,
3급,71,2015-11-28,49,hanjaeo_W,"다음 밑줄 친 낱말 중 漢字로 표기된 것은 讀音을, 한글로 표기된 것은 漢字(正字)로 쓰시오.","垂直 上昇 慾望은 徹底하게 남자의 것이다. 아침마다 확인하는 정신부터 피라미드 구조로 세상을 파악하는 사회적 인식, 권력이 있는 곳에 단상을 쌓고 기념탑을 세우는 행위까지, 그것은 남자의 자부심과 직결된다. 그것은 고대 이집트의 오벨리스크에서도 발견되고 그것을 유럽 전역으로 옮긴 근세로 이어져 마천루와 같은 尖塔 형태로 현대에 표현된다.",발견,,發見,發見,
3급,71,2015-11-28,50,hanjaeo_W,"다음 밑줄 친 낱말 중 漢字로 표기된 것은 讀音을, 한글로 표기된 것은 漢字(正字)로 쓰시오.","垂直 上昇 慾望은 徹底하게 남자의 것이다. 아침마다 확인하는 정신부터 피라미드 구조로 세상을 파악하는 사회적 인식, 권력이 있는 곳에 단상을 쌓고 기념탑을 세우는 행위까지, 그것은 남자의 자부심과 직결된다. 그것은 고대 이집트의 오벨리스크에서도 발견되고 그것을 유럽 전역으로 옮긴 근세로 이어져 마천루와 같은 尖塔 형태로 현대에 표현된다.",전역,,全域,全域,
3급,71,2015-11-28,51,dokeum_W,"다음 밑줄 친 낱말 중 漢字로 표기된 것은 讀音을, 한글로 표기된 것은 漢字(正字)로 쓰시오.","垂直 上昇 慾望은 徹底하게 남자의 것이다. 아침마다 확인하는 정신부터 피라미드 구조로 세상을 파악하는 사회적 인식, 권력이 있는 곳에 단상을 쌓고 기념탑을 세우는 행위까지, 그것은 남자의 자부심과 직결된다. 그것은 고대 이집트의 오벨리스크에서도 발견되고 그것을 유럽 전역으로 옮긴 근세로 이어져 마천루와 같은 尖塔 형태로 현대에 표현된다.",尖塔,,첨탑,첨탑,
3급,71,2015-11-28,52,hanjaeo_W,"다음 밑줄 친 낱말 중 漢字로 표기된 것은 讀音을, 한글로 표기된 것은 漢字(正字)로 쓰시오.","垂直 上昇 慾望은 徹底하게 남자의 것이다. 아침마다 확인하는 정신부터 피라미드 구조로 세상을 파악하는 사회적 인식, 권력이 있는 곳에 단상을 쌓고 기념탑을 세우는 행위까지, 그것은 남자의 자부심과 직결된다. 그것은 고대 이집트의 오벨리스크에서도 발견되고 그것을 유럽 전역으로 옮긴 근세로 이어져 마천루와 같은 尖塔 형태로 현대에 표현된다.",표현,,表現,表現,
3급,71,2015-11-28,53,hanjaeo_W,"다음 밑줄 친 낱말 중 漢字로 표기된 것은 讀音을, 한글로 표기된 것은 漢字(正字)로 쓰시오.",慾望을 “우리가 요구한 것과 충족된 것 사이의 간극이 마음속에 쌓여서 만들어진 감정”이라 규정한 사람은 프랑스 정신 分析가 자크 라캉이다. 慾望은 무의식적으로 작동하기 때문에 본질적으로 결코 충족될 수 없으며 인간은 그것을 포기한 瞬間부터 성장한다고 말하기도 했다.,요구,,要求,要求,
3급,71,2015-11-28,54,hanjaeo_W,"다음 밑줄 친 낱말 중 漢字로 표기된 것은 讀音을, 한글로 표기된 것은 漢字(正字)로 쓰시오.",慾望을 “우리가 요구한 것과 충족된 것 사이의 간극이 마음속에 쌓여서 만들어진 감정”이라 규정한 사람은 프랑스 정신 分析가 자크 라캉이다. 慾望은 무의식적으로 작동하기 때문에 본질적으로 결코 충족될 수 없으며 인간은 그것을 포기한 瞬間부터 성장한다고 말하기도 했다.,충족,,充足,充足,
3급,71,2015-11-28,55,hanjaeo_W,"다음 밑줄 친 낱말 중 漢字로 표기된 것은 讀音을, 한글로 표기된 것은 漢字(正字)로 쓰시오.",慾望을 “우리가 요구한 것과 충족된 것 사이의 간극이 마음속에 쌓여서 만들어진 감정”이라 규정한 사람은 프랑스 정신 分析가 자크 라캉이다. 慾望은 무의식적으로 작동하기 때문에 본질적으로 결코 충족될 수 없으며 인간은 그것을 포기한 瞬間부터 성장한다고 말하기도 했다.,감정,,感情,感情,
3급,71,2015-11-28,56,dokeum_W,"다음 밑줄 친 낱말 중 漢字로 표기된 것은 讀音을, 한글로 표기된 것은 漢字(正字)로 쓰시오.",慾望을 “우리가 요구한 것과 충족된 것 사이의 간극이 마음속에 쌓여서 만들어진 감정”이라 규정한 사람은 프랑스 정신 分析가 자크 라캉이다. 慾望은 무의식적으로 작동하기 때문에 본질적으로 결코 충족될 수 없으며 인간은 그것을 포기한 瞬間부터 성장한다고 말하기도 했다.,分析,,분석,분석,
3급,71,2015-11-28,57,hanjaeo_W,"다음 밑줄 친 낱말 중 漢字로 표기된 것은 讀音을, 한글로 표기된 것은 漢字(正字)로 쓰시오.",慾望을 “우리가 요구한 것과 충족된 것 사이의 간극이 마음속에 쌓여서 만들어진 감정”이라 규정한 사람은 프랑스 정신 分析가 자크 라캉이다. 慾望은 무의식적으로 작동하기 때문에 본질적으로 결코 충족될 수 없으며 인간은 그것을 포기한 瞬間부터 성장한다고 말하기도 했다.,무의식,,無意識,無意識,
3급,71,2015-11-28,58,hanjaeo_W,"다음 밑줄 친 낱말 중 漢字로 표기된 것은 讀音을, 한글로 표기된 것은 漢字(正字)로 쓰시오.",慾望을 “우리가 요구한 것과 충족된 것 사이의 간극이 마음속에 쌓여서 만들어진 감정”이라 규정한 사람은 프랑스 정신 分析가 자크 라캉이다. 慾望은 무의식적으로 작동하기 때문에 본질적으로 결코 충족될 수 없으며 인간은 그것을 포기한 瞬間부터 성장한다고 말하기도 했다.,작동,,作動,作動,
3급,71,2015-11-28,59,hanjaeo_W,"다음 밑줄 친 낱말 중 漢字로 표기된 것은 讀音을, 한글로 표기된 것은 漢字(正字)로 쓰시오.",慾望을 “우리가 요구한 것과 충족된 것 사이의 간극이 마음속에 쌓여서 만들어진 감정”이라 규정한 사람은 프랑스 정신 分析가 자크 라캉이다. 慾望은 무의식적으로 작동하기 때문에 본질적으로 결코 충족될 수 없으며 인간은 그것을 포기한 瞬間부터 성장한다고 말하기도 했다.,본질적,,本質的,本質的,
3급,71,2015-11-28,60,dokeum_W,"다음 밑줄 친 낱말 중 漢字로 표기된 것은 讀音을, 한글로 표기된 것은 漢字(正字)로 쓰시오.",慾望을 “우리가 요구한 것과 충족된 것 사이의 간극이 마음속에 쌓여서 만들어진 감정”이라 규정한 사람은 프랑스 정신 分析가 자크 라캉이다. 慾望은 무의식적으로 작동하기 때문에 본질적으로 결코 충족될 수 없으며 인간은 그것을 포기한 瞬間부터 성장한다고 말하기도 했다.,瞬間,,순간,순간,
3급,71,2015-11-28,61,dokeum_W,"다음 밑줄 친 낱말 중 漢字로 표기된 것은 讀音을, 한글로 표기된 것은 漢字(正字)로 쓰시오.","生涯 주기 관점에서 볼 때 필요한 것을 스스로 해결할 수 있는 성인이 되면 慾望이라는 찌꺼기가 더는 마음에 쌓이지 않을 것이다. 노년에 이르면 慾望 없이 순연한 비움의 과정을 걸을 수 있을 것이다. 물론 이런 생각은 순진한 錯誤다. 작가 모리아크는 80세에 “衰弱해지지도 않았고, 실추되지도 않았고, 富裕해지지도 않았다. 언제나 똑같다.”고 말했다. 인간의 무의식이 慾望에만 집중되어 있기 때문에 인류 歷史에는 ‘잘 늙는 문화’에 대한 고찰이 稀貴할 정도로 드물다. 많은 이가 나이 듦을 ‘더 이상 젊지 않다. 邊方으로 疏外되었고 이전처럼 유용하지 못하다.’는 의미로 해석한다.",生涯,,생애,생애,
3급,71,2015-11-28,62,hanjaeo_W,"다음 밑줄 친 낱말 중 漢字로 표기된 것은 讀音을, 한글로 표기된 것은 漢字(正字)로 쓰시오.","生涯 주기 관점에서 볼 때 필요한 것을 스스로 해결할 수 있는 성인이 되면 慾望이라는 찌꺼기가 더는 마음에 쌓이지 않을 것이다. 노년에 이르면 慾望 없이 순연한 비움의 과정을 걸을 수 있을 것이다. 물론 이런 생각은 순진한 錯誤다. 작가 모리아크는 80세에 “衰弱해지지도 않았고, 실추되지도 않았고, 富裕해지지도 않았다. 언제나 똑같다.”고 말했다. 인간의 무의식이 慾望에만 집중되어 있기 때문에 인류 歷史에는 ‘잘 늙는 문화’에 대한 고찰이 稀貴할 정도로 드물다. 많은 이가 나이 듦을 ‘더 이상 젊지 않다. 邊方으로 疏外되었고 이전처럼 유용하지 못하다.’는 의미로 해석한다.",주기,,週期,週期,
3급,71,2015-11-28,63,hanjaeo_W,"다음 밑줄 친 낱말 중 漢字로 표기된 것은 讀音을, 한글로 표기된 것은 漢字(正字)로 쓰시오.","生涯 주기 관점에서 볼 때 필요한 것을 스스로 해결할 수 있는 성인이 되면 慾望이라는 찌꺼기가 더는 마음에 쌓이지 않을 것이다. 노년에 이르면 慾望 없이 순연한 비움의 과정을 걸을 수 있을 것이다. 물론 이런 생각은 순진한 錯誤다. 작가 모리아크는 80세에 “衰弱해지지도 않았고, 실추되지도 않았고, 富裕해지지도 않았다. 언제나 똑같다.”고 말했다. 인간의 무의식이 慾望에만 집중되어 있기 때문에 인류 歷史에는 ‘잘 늙는 문화’에 대한 고찰이 稀貴할 정도로 드물다. 많은 이가 나이 듦을 ‘더 이상 젊지 않다. 邊方으로 疏外되었고 이전처럼 유용하지 못하다.’는 의미로 해석한다.",관점,,觀點,觀點,
3급,71,2015-11-28,64,hanjaeo_W,"다음 밑줄 친 낱말 중 漢字로 표기된 것은 讀音을, 한글로 표기된 것은 漢字(正字)로 쓰시오.","生涯 주기 관점에서 볼 때 필요한 것을 스스로 해결할 수 있는 성인이 되면 慾望이라는 찌꺼기가 더는 마음에 쌓이지 않을 것이다. 노년에 이르면 慾望 없이 순연한 비움의 과정을 걸을 수 있을 것이다. 물론 이런 생각은 순진한 錯誤다. 작가 모리아크는 80세에 “衰弱해지지도 않았고, 실추되지도 않았고, 富裕해지지도 않았다. 언제나 똑같다.”고 말했다. 인간의 무의식이 慾望에만 집중되어 있기 때문에 인류 歷史에는 ‘잘 늙는 문화’에 대한 고찰이 稀貴할 정도로 드물다. 많은 이가 나이 듦을 ‘더 이상 젊지 않다. 邊方으로 疏外되었고 이전처럼 유용하지 못하다.’는 의미로 해석한다.",해결,,解決,解決,
3급,71,2015-11-28,65,hanjaeo_W,"다음 밑줄 친 낱말 중 漢字로 표기된 것은 讀音을, 한글로 표기된 것은 漢字(正字)로 쓰시오.","生涯 주기 관점에서 볼 때 필요한 것을 스스로 해결할 수 있는 성인이 되면 慾望이라는 찌꺼기가 더는 마음에 쌓이지 않을 것이다. 노년에 이르면 慾望 없이 순연한 비움의 과정을 걸을 수 있을 것이다. 물론 이런 생각은 순진한 錯誤다. 작가 모리아크는 80세에 “衰弱해지지도 않았고, 실추되지도 않았고, 富裕해지지도 않았다. 언제나 똑같다.”고 말했다. 인간의 무의식이 慾望에만 집중되어 있기 때문에 인류 歷史에는 ‘잘 늙는 문화’에 대한 고찰이 稀貴할 정도로 드물다. 많은 이가 나이 듦을 ‘더 이상 젊지 않다. 邊方으로 疏外되었고 이전처럼 유용하지 못하다.’는 의미로 해석한다.",순연,,純然,純然,
3급,71,2015-11-28,66,hanjaeo_W,"다음 밑줄 친 낱말 중 漢字로 표기된 것은 讀音을, 한글로 표기된 것은 漢字(正字)로 쓰시오.","生涯 주기 관점에서 볼 때 필요한 것을 스스로 해결할 수 있는 성인이 되면 慾望이라는 찌꺼기가 더는 마음에 쌓이지 않을 것이다. 노년에 이르면 慾望 없이 순연한 비움의 과정을 걸을 수 있을 것이다. 물론 이런 생각은 순진한 錯誤다. 작가 모리아크는 80세에 “衰弱해지지도 않았고, 실추되지도 않았고, 富裕해지지도 않았다. 언제나 똑같다.”고 말했다. 인간의 무의식이 慾望에만 집중되어 있기 때문에 인류 歷史에는 ‘잘 늙는 문화’에 대한 고찰이 稀貴할 정도로 드물다. 많은 이가 나이 듦을 ‘더 이상 젊지 않다. 邊方으로 疏外되었고 이전처럼 유용하지 못하다.’는 의미로 해석한다.",과정,,過程,過程,
3급,71,2015-11-28,67,dokeum_W,"다음 밑줄 친 낱말 중 漢字로 표기된 것은 讀音을, 한글로 표기된 것은 漢字(正字)로 쓰시오.","生涯 주기 관점에서 볼 때 필요한 것을 스스로 해결할 수 있는 성인이 되면 慾望이라는 찌꺼기가 더는 마음에 쌓이지 않을 것이다. 노년에 이르면 慾望 없이 순연한 비움의 과정을 걸을 수 있을 것이다. 물론 이런 생각은 순진한 錯誤다. 작가 모리아크는 80세에 “衰弱해지지도 않았고, 실추되지도 않았고, 富裕해지지도 않았다. 언제나 똑같다.”고 말했다. 인간의 무의식이 慾望에만 집중되어 있기 때문에 인류 歷史에는 ‘잘 늙는 문화’에 대한 고찰이 稀貴할 정도로 드물다. 많은 이가 나이 듦을 ‘더 이상 젊지 않다. 邊方으로 疏外되었고 이전처럼 유용하지 못하다.’는 의미로 해석한다.",錯誤,,착오,착오,
3급,71,2015-11-28,68,dokeum_W,"다음 밑줄 친 낱말 중 漢字로 표기된 것은 讀音을, 한글로 표기된 것은 漢字(正字)로 쓰시오.","生涯 주기 관점에서 볼 때 필요한 것을 스스로 해결할 수 있는 성인이 되면 慾望이라는 찌꺼기가 더는 마음에 쌓이지 않을 것이다. 노년에 이르면 慾望 없이 순연한 비움의 과정을 걸을 수 있을 것이다. 물론 이런 생각은 순진한 錯誤다. 작가 모리아크는 80세에 “衰弱해지지도 않았고, 실추되지도 않았고, 富裕해지지도 않았다. 언제나 똑같다.”고 말했다. 인간의 무의식이 慾望에만 집중되어 있기 때문에 인류 歷史에는 ‘잘 늙는 문화’에 대한 고찰이 稀貴할 정도로 드물다. 많은 이가 나이 듦을 ‘더 이상 젊지 않다. 邊方으로 疏外되었고 이전처럼 유용하지 못하다.’는 의미로 해석한다.",衰弱,,쇠약,쇠약,
3급,71,2015-11-28,69,dokeum_W,"다음 밑줄 친 낱말 중 漢字로 표기된 것은 讀音을, 한글로 표기된 것은 漢字(正字)로 쓰시오.","生涯 주기 관점에서 볼 때 필요한 것을 스스로 해결할 수 있는 성인이 되면 慾望이라는 찌꺼기가 더는 마음에 쌓이지 않을 것이다. 노년에 이르면 慾望 없이 순연한 비움의 과정을 걸을 수 있을 것이다. 물론 이런 생각은 순진한 錯誤다. 작가 모리아크는 80세에 “衰弱해지지도 않았고, 실추되지도 않았고, 富裕해지지도 않았다. 언제나 똑같다.”고 말했다. 인간의 무의식이 慾望에만 집중되어 있기 때문에 인류 歷史에는 ‘잘 늙는 문화’에 대한 고찰이 稀貴할 정도로 드물다. 많은 이가 나이 듦을 ‘더 이상 젊지 않다. 邊方으로 疏外되었고 이전처럼 유용하지 못하다.’는 의미로 해석한다.",富裕,,부유,부유,
3급,71,2015-11-28,70,hanjaeo_W,"다음 밑줄 친 낱말 중 漢字로 표기된 것은 讀音을, 한글로 표기된 것은 漢字(正字)로 쓰시오.","生涯 주기 관점에서 볼 때 필요한 것을 스스로 해결할 수 있는 성인이 되면 慾望이라는 찌꺼기가 더는 마음에 쌓이지 않을 것이다. 노년에 이르면 慾望 없이 순연한 비움의 과정을 걸을 수 있을 것이다. 물론 이런 생각은 순진한 錯誤다. 작가 모리아크는 80세에 “衰弱해지지도 않았고, 실추되지도 않았고, 富裕해지지도 않았다. 언제나 똑같다.”고 말했다. 인간의 무의식이 慾望에만 집중되어 있기 때문에 인류 歷史에는 ‘잘 늙는 문화’에 대한 고찰이 稀貴할 정도로 드물다. 많은 이가 나이 듦을 ‘더 이상 젊지 않다. 邊方으로 疏外되었고 이전처럼 유용하지 못하다.’는 의미로 해석한다.",집중,,集中,集中,
3급,71,2015-11-28,71,hanjaeo_W,"다음 밑줄 친 낱말 중 漢字로 표기된 것은 讀音을, 한글로 표기된 것은 漢字(正字)로 쓰시오.","生涯 주기 관점에서 볼 때 필요한 것을 스스로 해결할 수 있는 성인이 되면 慾望이라는 찌꺼기가 더는 마음에 쌓이지 않을 것이다. 노년에 이르면 慾望 없이 순연한 비움의 과정을 걸을 수 있을 것이다. 물론 이런 생각은 순진한 錯誤다. 작가 모리아크는 80세에 “衰弱해지지도 않았고, 실추되지도 않았고, 富裕해지지도 않았다. 언제나 똑같다.”고 말했다. 인간의 무의식이 慾望에만 집중되어 있기 때문에 인류 歷史에는 ‘잘 늙는 문화’에 대한 고찰이 稀貴할 정도로 드물다. 많은 이가 나이 듦을 ‘더 이상 젊지 않다. 邊方으로 疏外되었고 이전처럼 유용하지 못하다.’는 의미로 해석한다.",인류,,人類,人類,
3급,71,2015-11-28,72,dokeum_W,"다음 밑줄 친 낱말 중 漢字로 표기된 것은 讀音을, 한글로 표기된 것은 漢字(正字)로 쓰시오.","生涯 주기 관점에서 볼 때 필요한 것을 스스로 해결할 수 있는 성인이 되면 慾望이라는 찌꺼기가 더는 마음에 쌓이지 않을 것이다. 노년에 이르면 慾望 없이 순연한 비움의 과정을 걸을 수 있을 것이다. 물론 이런 생각은 순진한 錯誤다. 작가 모리아크는 80세에 “衰弱해지지도 않았고, 실추되지도 않았고, 富裕해지지도 않았다. 언제나 똑같다.”고 말했다. 인간의 무의식이 慾望에만 집중되어 있기 때문에 인류 歷史에는 ‘잘 늙는 문화’에 대한 고찰이 稀貴할 정도로 드물다. 많은 이가 나이 듦을 ‘더 이상 젊지 않다. 邊方으로 疏外되었고 이전처럼 유용하지 못하다.’는 의미로 해석한다.",歷史,,역사,역사,
3급,71,2015-11-28,73,dokeum_W,"다음 밑줄 친 낱말 중 漢字로 표기된 것은 讀音을, 한글로 표기된 것은 漢字(正字)로 쓰시오.","生涯 주기 관점에서 볼 때 필요한 것을 스스로 해결할 수 있는 성인이 되면 慾望이라는 찌꺼기가 더는 마음에 쌓이지 않을 것이다. 노년에 이르면 慾望 없이 순연한 비움의 과정을 걸을 수 있을 것이다. 물론 이런 생각은 순진한 錯誤다. 작가 모리아크는 80세에 “衰弱해지지도 않았고, 실추되지도 않았고, 富裕해지지도 않았다. 언제나 똑같다.”고 말했다. 인간의 무의식이 慾望에만 집중되어 있기 때문에 인류 歷史에는 ‘잘 늙는 문화’에 대한 고찰이 稀貴할 정도로 드물다. 많은 이가 나이 듦을 ‘더 이상 젊지 않다. 邊方으로 疏外되었고 이전처럼 유용하지 못하다.’는 의미로 해석한다.",稀貴,,희귀,희귀,
3급,71,2015-11-28,74,dokeum_W,"다음 밑줄 친 낱말 중 漢字로 표기된 것은 讀音을, 한글로 표기된 것은 漢字(正字)로 쓰시오.","生涯 주기 관점에서 볼 때 필요한 것을 스스로 해결할 수 있는 성인이 되면 慾望이라는 찌꺼기가 더는 마음에 쌓이지 않을 것이다. 노년에 이르면 慾望 없이 순연한 비움의 과정을 걸을 수 있을 것이다. 물론 이런 생각은 순진한 錯誤다. 작가 모리아크는 80세에 “衰弱해지지도 않았고, 실추되지도 않았고, 富裕해지지도 않았다. 언제나 똑같다.”고 말했다. 인간의 무의식이 慾望에만 집중되어 있기 때문에 인류 歷史에는 ‘잘 늙는 문화’에 대한 고찰이 稀貴할 정도로 드물다. 많은 이가 나이 듦을 ‘더 이상 젊지 않다. 邊方으로 疏外되었고 이전처럼 유용하지 못하다.’는 의미로 해석한다.",邊方,,변방,변방,
3급,71,2015-11-28,75,dokeum_W,"다음 밑줄 친 낱말 중 漢字로 표기된 것은 讀音을, 한글로 표기된 것은 漢字(正字)로 쓰시오.","生涯 주기 관점에서 볼 때 필요한 것을 스스로 해결할 수 있는 성인이 되면 慾望이라는 찌꺼기가 더는 마음에 쌓이지 않을 것이다. 노년에 이르면 慾望 없이 순연한 비움의 과정을 걸을 수 있을 것이다. 물론 이런 생각은 순진한 錯誤다. 작가 모리아크는 80세에 “衰弱해지지도 않았고, 실추되지도 않았고, 富裕해지지도 않았다. 언제나 똑같다.”고 말했다. 인간의 무의식이 慾望에만 집중되어 있기 때문에 인류 歷史에는 ‘잘 늙는 문화’에 대한 고찰이 稀貴할 정도로 드물다. 많은 이가 나이 듦을 ‘더 이상 젊지 않다. 邊方으로 疏外되었고 이전처럼 유용하지 못하다.’는 의미로 해석한다.",疏外,,소외,소외,
3급,71,2015-11-28,76,huneum_W,다음 漢字의 訓과 音을 쓰시오.,央,央,,가운데 앙,가운데 앙,
3급,71,2015-11-28,77,huneum_W,다음 漢字의 訓과 音을 쓰시오.,塊,塊,,흙덩이 괴,흙덩이 괴,
3급,71,2015-11-28,78,huneum_W,다음 漢字의 訓과 音을 쓰시오.,雁,雁,,기러기 안,기러기 안,
3급,71,2015-11-28,79,huneum_W,다음 漢字의 訓과 音을 쓰시오.,克,克,,이길 극,이길 극,
3급,71,2015-11-28,80,huneum_W,다음 漢字의 訓과 音을 쓰시오.,曰,曰,,가로 왈,가로 왈,
3급,71,2015-11-28,81,huneum_W,다음 漢字의 訓과 音을 쓰시오.,含,含,,머금을 함,머금을 함,
3급,71,2015-11-28,82,huneum_W,다음 漢字의 訓과 音을 쓰시오.,粟,粟,,조 속,조 속,
3급,71,2015-11-28,83,huneum_W,다음 漢字의 訓과 音을 쓰시오.,賀,賀,,하례할 하,하례할 하,
3급,71,2015-11-28,84,huneum_W,다음 漢字의 訓과 音을 쓰시오.,阿,阿,,언덕 아,언덕 아,
3급,71,2015-11-28,85,huneum_W,다음 漢字의 訓과 音을 쓰시오.,恒,恒,,항상 항,항상 항,
3급,71,2015-11-28,86,huneum_W,다음 漢字의 訓과 音을 쓰시오.,捉,捉,,잡을 착,잡을 착,
3급,71,2015-11-28,87,huneum_W,다음 漢字의 訓과 音을 쓰시오.,惟,惟,,생각할 유,생각할 유,
3급,71,2015-11-28,88,huneum_W,다음 漢字의 訓과 音을 쓰시오.,唯,唯,,오직 유,오직 유,
3급,71,2015-11-28,89,huneum_W,다음 漢字의 訓과 音을 쓰시오.,逮,逮,,잡을 체,잡을 체,
3급,71,2015-11-28,90,huneum_W,다음 漢字의 訓과 音을 쓰시오.,奪,奪,,빼앗을 탈,빼앗을 탈,
3급,71,2015-11-28,91,huneum_W,다음 漢字의 訓과 音을 쓰시오.,片,片,,조각 편,조각 편,
3급,71,2015-11-28,92,huneum_W,다음 漢字의 訓과 音을 쓰시오.,陷,陷,,빠질 함,빠질 함,
3급,71,2015-11-28,93,huneum_W,다음 漢字의 訓과 音을 쓰시오.,恣,恣,,마음대로/방자할 자,마음대로/방자할 자,
3급,71,2015-11-28,94,huneum_W,다음 漢字의 訓과 音을 쓰시오.,汗,汗,,땀 한,땀 한,
3급,71,2015-11-28,95,huneum_W,다음 漢字의 訓과 音을 쓰시오.,奏,奏,,아뢸 주,아뢸 주,
3급,71,2015-11-28,96,huneum_W,다음 漢字의 訓과 音을 쓰시오.,穴,穴,,굴 혈,굴 혈,
3급,71,2015-11-28,97,huneum_W,다음 漢字의 訓과 音을 쓰시오.,販,販,,팔 판,팔 판,
3급,71,2015-11-28,98,huneum_W,다음 漢字의 訓과 音을 쓰시오.,罷,罷,,마칠 파,마칠 파,
3급,71,2015-11-28,99,huneum_W,다음 漢字의 訓과 音을 쓰시오.,透,透,,사무칠 투,사무칠 투,
3급,71,2015-11-28,100,huneum_W,다음 漢字의 訓과 音을 쓰시오.,載,載,,실을 재,실을 재,
3급,71,2015-11-28,101,huneum_W,다음 漢字의 訓과 音을 쓰시오.,托,托,,맡길 탁,맡길 탁,
3급,71,2015-11-28,102,huneum_W,다음 漢字의 訓과 音을 쓰시오.,姉,姉,,손윗누이 자,손윗누이 자,
3급,71,2015-11-28,103,jangeum_S,다음 漢字語의 첫 音節이 長音으로 소리 나는 것의 번호를 쓰시오.,,,"[""① 將軍"", ""② 救助"", ""③ 手段"", ""④ 口錢""]",②,② 救助,
3급,71,2015-11-28,104,jangeum_S,다음 漢字語의 첫 音節이 長音으로 소리 나는 것의 번호를 쓰시오.,,,"[""① 景氣"", ""② 保證"", ""③ 啓蒙"", ""④ 孫女""]",③,③ 啓蒙,
3급,71,2015-11-28,105,jangeum_S,다음 漢字語의 첫 音節이 長音으로 소리 나는 것의 번호를 쓰시오.,,,"[""① 簡單"", ""② 非但"", ""③ 審査"", ""④ 馬夫""]",④,④ 馬夫,
3급,71,2015-11-28,106,jangeum_S,다음 漢字語의 첫 音節이 長音으로 소리 나는 것의 번호를 쓰시오.,,,"[""① 迷宮"", ""② 明朗"", ""③ 燒却"", ""④ 倉庫""]",①,① 迷宮,
3급,71,2015-11-28,107,jangeum_S,다음 漢字語의 첫 音節이 長音으로 소리 나는 것의 번호를 쓰시오.,,,"[""① 降伏"", ""② 殺傷"", ""③ 化粧"", ""④ 映窓""]",④,④ 映窓,
3급,71,2015-11-28,108,yui_W,다음 漢字와 비슷한 뜻을 가진 漢字(正字)를 쓰시오.,居(    ),居( ),,留,留,
3급,71,2015-11-28,109,yui_W,다음 漢字와 비슷한 뜻을 가진 漢字(正字)를 쓰시오.,副(    ),副( ),,次,次,
3급,71,2015-11-28,110,yui_W,다음 漢字와 비슷한 뜻을 가진 漢字(正字)를 쓰시오.,(    )更,( )更,,變,變,
3급,71,2015-11-28,111,yui_W,다음 漢字와 비슷한 뜻을 가진 漢字(正字)를 쓰시오.,(    )飾,( )飾,,裝,裝,
3급,71,2015-11-28,112,yui_W,다음 漢字와 비슷한 뜻을 가진 漢字(正字)를 쓰시오.,(    )任,( )任,,委,委,
3급,71,2015-11-28,113,banui_W,다음 漢字와 뜻이 反對 또는 相對되는 漢字(正字)를 쓰시오.,(   ) ↔ 捨,( ) ↔ 捨,,取,取,
3급,71,2015-11-28,114,banui_W,다음 漢字와 뜻이 反對 또는 相對되는 漢字(正字)를 쓰시오.,都 ↔ (    ),都 ↔ ( ),,農,農,
3급,71,2015-11-28,115,banui_W,다음 漢字와 뜻이 反對 또는 相對되는 漢字(正字)를 쓰시오.,(   ) ↔ 悲,( ) ↔ 悲,,喜,喜,
3급,71,2015-11-28,116,banui_W,다음 漢字와 뜻이 反對 또는 相對되는 漢字(正字)를 쓰시오.,向 ↔ (    ),向 ↔ ( ),,背,背,
3급,71,2015-11-28,117,banui_W,다음 漢字와 뜻이 反對 또는 相對되는 漢字(正字)를 쓰시오.,(   ) ↔ 打,( ) ↔ 打,,投,投,
3급,71,2015-11-28,118,banuieo_W,다음 漢字語의 反對語 또는 相對語를 2음절로 된 漢字(正字)로 쓰시오.,(     ) - 浪費,( ) - 浪費,,儉素,儉素,
3급,71,2015-11-28,119,banuieo_W,다음 漢字語의 反對語 또는 相對語를 2음절로 된 漢字(正字)로 쓰시오.,紅顔 - (        ),紅顔 - ( ),,白髮,白髮,
3급,71,2015-11-28,120,banuieo_W,다음 漢字語의 反對語 또는 相對語를 2음절로 된 漢字(正字)로 쓰시오.,(     ) - 民卑,( ) - 民卑,,官尊,官尊,
3급,71,2015-11-28,121,banuieo_W,다음 漢字語의 反對語 또는 相對語를 2음절로 된 漢字(正字)로 쓰시오.,死藏 - (        ),死藏 - ( ),,活用,活用,
3급,71,2015-11-28,122,banuieo_W,다음 漢字語의 反對語 또는 相對語를 2음절로 된 漢字(正字)로 쓰시오.,臨時 - (        ),臨時 - ( ),,經常,經常,
3급,71,2015-11-28,123,dongeumeo_W,다음 漢字語의 同音異義語를 제시된 뜻에 맞는 漢字(正字)로 쓰시오.,(電子) - 지난 번. 앞의 것,(電子),,前者,前者,
3급,71,2015-11-28,124,dongeumeo_W,다음 漢字語의 同音異義語를 제시된 뜻에 맞는 漢字(正字)로 쓰시오.,(喪家) - 가게로 이루어진 거리,(喪家),,商街,商街,
3급,71,2015-11-28,125,dongeumeo_W,다음 漢字語의 同音異義語를 제시된 뜻에 맞는 漢字(正字)로 쓰시오.,(師團) - 일의 실마리,(師團),,事端,事端,
3급,71,2015-11-28,126,dongeumeo_W,다음 漢字語의 同音異義語를 제시된 뜻에 맞는 漢字(正字)로 쓰시오.,(舟遊) - 기름을 넣음,(舟遊),,注油,注油,
3급,71,2015-11-28,127,dongeumeo_W,다음 漢字語의 同音異義語를 제시된 뜻에 맞는 漢字(正字)로 쓰시오.,(顧視) - 공고하여 알림,(顧視),,告示,告示,
3급,71,2015-11-28,128,seongeo_W,다음 (       ) 안에 알맞은 漢字(正字)를 써넣어 四字成語를 완성하시오.,各個戰(    ),各個戰( ),,鬪,鬪,
3급,71,2015-11-28,129,seongeo_W,다음 (       ) 안에 알맞은 漢字(正字)를 써넣어 四字成語를 완성하시오.,早朝割(    ),早朝割( ),,引,引,
3급,71,2015-11-28,130,seongeo_W,다음 (       ) 안에 알맞은 漢字(正字)를 써넣어 四字成語를 완성하시오.,(    )言利說,( )言利說,,甘,甘,
3급,71,2015-11-28,131,seongeo_W,다음 (       ) 안에 알맞은 漢字(正字)를 써넣어 四字成語를 완성하시오.,日久月(    ),日久月( ),,深,深,
3급,71,2015-11-28,132,seongeo_W,다음 (       ) 안에 알맞은 漢字(正字)를 써넣어 四字成語를 완성하시오.,吉(    )禍福,吉( )禍福,,凶,凶,
3급,71,2015-11-28,133,seongeo_W,다음 (       ) 안에 알맞은 漢字(正字)를 써넣어 四字成語를 완성하시오.,東奔西(    ),東奔西( ),,走,走,
3급,71,2015-11-28,134,seongeo_W,다음 (       ) 안에 알맞은 漢字(正字)를 써넣어 四字成語를 완성하시오.,(    )身揚名,( )身揚名,,立,立,
3급,71,2015-11-28,135,seongeo_W,다음 (       ) 안에 알맞은 漢字(正字)를 써넣어 四字成語를 완성하시오.,莫(    )之友,莫( )之友,,逆,逆,
3급,71,2015-11-28,136,seongeo_W,다음 (       ) 안에 알맞은 漢字(正字)를 써넣어 四字成語를 완성하시오.,滅私(    )公,滅私( )公,,奉,奉,
3급,71,2015-11-28,137,seongeo_W,다음 (       ) 안에 알맞은 漢字(正字)를 써넣어 四字成語를 완성하시오.,始終(    )一,始終( )一,,如,如,
3급,71,2015-11-28,138,busu_W,다음 漢字의 部首를 쓰시오.,産,産,,生,生,
3급,71,2015-11-28,139,busu_W,다음 漢字의 部首를 쓰시오.,豫,豫,,豕,豕,
3급,71,2015-11-28,140,busu_W,다음 漢字의 部首를 쓰시오.,因,因,,囗,囗,
3급,71,2015-11-28,141,busu_W,다음 漢字의 部首를 쓰시오.,丙,丙,,一,一,
3급,71,2015-11-28,142,busu_W,다음 漢字의 部首를 쓰시오.,泰,泰,,水,水,
3급,71,2015-11-28,143,yakja_W,다음 漢字의 略字를 쓰시오.,屬,屬,,属,属,
3급,71,2015-11-28,144,yakja_W,다음 漢字의 略字를 쓰시오.,辭,辭,,辞,辞,
3급,71,2015-11-28,145,yakja_W,다음 漢字의 略字를 쓰시오.,圍,圍,,囲,囲,
3급,71,2015-11-28,146,mean_W,다음 漢字語의 뜻을 쓰시오.,考察,考察,,잘 생각하여 살핌,잘 생각하여 살핌,
3급,71,2015-11-28,147,mean_W,다음 漢字語의 뜻을 쓰시오.,配偶,配偶,,부부가 될 짝,부부가 될 짝,
3급,71,2015-11-28,148,mean_W,다음 漢字語의 뜻을 쓰시오.,乾坤,乾坤,,하늘과 땅,하늘과 땅,
3급,71,2015-11-28,149,mean_W,다음 漢字語의 뜻을 쓰시오.,飛躍,飛躍,,높이 뛰어 오름,높이 뛰어 오름,
3급,71,2015-11-28,150,mean_W,다음 漢字語의 뜻을 쓰시오.,覺悟,覺悟,,도리를 깨달음,도리를 깨달음,
3급,72,2016-02-27,1,dokeum_W,다음 밑줄 친 漢字語의 讀音을 쓰시오.,그분의 崇高한 精神을 기리는 追慕 행렬이 끝도 없이 이어졌다.,崇高,,숭고,숭고,
3급,72,2016-02-27,2,dokeum_W,다음 밑줄 친 漢字語의 讀音을 쓰시오.,그분의 崇高한 精神을 기리는 追慕 행렬이 끝도 없이 이어졌다.,精神,,정신,정신,
3급,72,2016-02-27,3,dokeum_W,다음 밑줄 친 漢字語의 讀音을 쓰시오.,그분의 崇高한 精神을 기리는 追慕 행렬이 끝도 없이 이어졌다.,追慕,,추모,추모,
3급,72,2016-02-27,4,dokeum_W,다음 밑줄 친 漢字語의 讀音을 쓰시오.,"自律性, 얼마나 매력적인 말인가. 그것은 모든 物件의 配分에서부터 소모하는 일에까지의 廣範圍한 權限을 의미하는 것이었다.",自律性,,자율성,자율성,
3급,72,2016-02-27,5,dokeum_W,다음 밑줄 친 漢字語의 讀音을 쓰시오.,"自律性, 얼마나 매력적인 말인가. 그것은 모든 物件의 配分에서부터 소모하는 일에까지의 廣範圍한 權限을 의미하는 것이었다.",物件,,물건,물건,
3급,72,2016-02-27,6,dokeum_W,다음 밑줄 친 漢字語의 讀音을 쓰시오.,"自律性, 얼마나 매력적인 말인가. 그것은 모든 物件의 配分에서부터 소모하는 일에까지의 廣範圍한 權限을 의미하는 것이었다.",配分,,배분,배분,
3급,72,2016-02-27,7,dokeum_W,다음 밑줄 친 漢字語의 讀音을 쓰시오.,"自律性, 얼마나 매력적인 말인가. 그것은 모든 物件의 配分에서부터 소모하는 일에까지의 廣範圍한 權限을 의미하는 것이었다.",廣範圍,,광범위,광범위,
3급,72,2016-02-27,8,dokeum_W,다음 밑줄 친 漢字語의 讀音을 쓰시오.,"自律性, 얼마나 매력적인 말인가. 그것은 모든 物件의 配分에서부터 소모하는 일에까지의 廣範圍한 權限을 의미하는 것이었다.",權限,,권한,권한,
3급,72,2016-02-27,9,dokeum_W,다음 밑줄 친 漢字語의 讀音을 쓰시오.,경찰은 住民의 申告를 받고 긴급 출동을 하였다.,住民,,주민,주민,
3급,72,2016-02-27,10,dokeum_W,다음 밑줄 친 漢字語의 讀音을 쓰시오.,경찰은 住民의 申告를 받고 긴급 출동을 하였다.,申告,,신고,신고,
3급,72,2016-02-27,11,dokeum_W,다음 밑줄 친 漢字語의 讀音을 쓰시오.,그에게는 混雜한 世上에서 逃避하여 隱居하는 것조차 許諾되지 않았다.,混雜,,혼잡,혼잡,
3급,72,2016-02-27,12,dokeum_W,다음 밑줄 친 漢字語의 讀音을 쓰시오.,그에게는 混雜한 世上에서 逃避하여 隱居하는 것조차 許諾되지 않았다.,世上,,세상,세상,
3급,72,2016-02-27,13,dokeum_W,다음 밑줄 친 漢字語의 讀音을 쓰시오.,그에게는 混雜한 世上에서 逃避하여 隱居하는 것조차 許諾되지 않았다.,逃避,,도피,도피,
3급,72,2016-02-27,14,dokeum_W,다음 밑줄 친 漢字語의 讀音을 쓰시오.,그에게는 混雜한 世上에서 逃避하여 隱居하는 것조차 許諾되지 않았다.,隱居,,은거,은거,
3급,72,2016-02-27,15,dokeum_W,다음 밑줄 친 漢字語의 讀音을 쓰시오.,그에게는 混雜한 世上에서 逃避하여 隱居하는 것조차 許諾되지 않았다.,許諾,,허락,허락,
3급,72,2016-02-27,16,dokeum_W,다음 밑줄 친 漢字語의 讀音을 쓰시오.,이처럼 徹底한 孤獨과 疲勞와 무력감 있으리라고는 상상해 본 적도 없다.,徹底,,철저,철저,
3급,72,2016-02-27,17,dokeum_W,다음 밑줄 친 漢字語의 讀音을 쓰시오.,이처럼 徹底한 孤獨과 疲勞와 무력감 있으리라고는 상상해 본 적도 없다.,孤獨,,고독,고독,
3급,72,2016-02-27,18,dokeum_W,다음 밑줄 친 漢字語의 讀音을 쓰시오.,이처럼 徹底한 孤獨과 疲勞와 무력감 있으리라고는 상상해 본 적도 없다.,疲勞,,피로,피로,
3급,72,2016-02-27,19,dokeum_W,다음 밑줄 친 漢字語의 讀音을 쓰시오.,사무 자동화로 여러 가지 業務를 신속하고 效率的으로 수행할 수 있게 되었다.,業務,,업무,업무,
3급,72,2016-02-27,20,dokeum_W,다음 밑줄 친 漢字語의 讀音을 쓰시오.,사무 자동화로 여러 가지 業務를 신속하고 效率的으로 수행할 수 있게 되었다.,效率的,,효율적,효율적,
3급,72,2016-02-27,21,dokeum_W,다음 漢字語의 讀音을 쓰시오.,解憂,解憂,,해우,해우,
3급,72,2016-02-27,22,dokeum_W,다음 漢字語의 讀音을 쓰시오.,離合,離合,,이합,이합,
3급,72,2016-02-27,23,dokeum_W,다음 漢字語의 讀音을 쓰시오.,屈伸,屈伸,,굴신,굴신,
3급,72,2016-02-27,24,dokeum_W,다음 漢字語의 讀音을 쓰시오.,暗黑,暗黑,,암흑,암흑,
3급,72,2016-02-27,25,dokeum_W,다음 漢字語의 讀音을 쓰시오.,難易,難易,,난이,난이,
3급,72,2016-02-27,26,dokeum_W,다음 漢字語의 讀音을 쓰시오.,具體,具體,,구체,구체,
3급,72,2016-02-27,27,dokeum_W,다음 漢字語의 讀音을 쓰시오.,得勢,得勢,,득세,득세,
3급,72,2016-02-27,28,dokeum_W,다음 漢字語의 讀音을 쓰시오.,健脚,健脚,,건각,건각,
3급,72,2016-02-27,29,dokeum_W,다음 漢字語의 讀音을 쓰시오.,傾斜,傾斜,,경사,경사,
3급,72,2016-02-27,30,dokeum_W,다음 漢字語의 讀音을 쓰시오.,兒童,兒童,,아동,아동,
3급,72,2016-02-27,31,dokeum_W,다음 漢字語의 讀音을 쓰시오.,貯蓄,貯蓄,,저축,저축,
3급,72,2016-02-27,32,dokeum_W,다음 漢字語의 讀音을 쓰시오.,登落,登落,,등락,등락,
3급,72,2016-02-27,33,dokeum_W,다음 漢字語의 讀音을 쓰시오.,納入,納入,,납입,납입,
3급,72,2016-02-27,34,dokeum_W,다음 漢字語의 讀音을 쓰시오.,短縮,短縮,,단축,단축,
3급,72,2016-02-27,35,dokeum_W,다음 漢字語의 讀音을 쓰시오.,調和,調和,,조화,조화,
3급,72,2016-02-27,36,dokeum_W,다음 漢字語의 讀音을 쓰시오.,病患,病患,,병환,병환,
3급,72,2016-02-27,37,dokeum_W,다음 漢字語의 讀音을 쓰시오.,希望,希望,,희망,희망,
3급,72,2016-02-27,38,dokeum_W,다음 漢字語의 讀音을 쓰시오.,街路,街路,,가로,가로,
3급,72,2016-02-27,39,dokeum_W,다음 漢字語의 讀音을 쓰시오.,眼目,眼目,,안목,안목,
3급,72,2016-02-27,40,dokeum_W,다음 漢字語의 讀音을 쓰시오.,始初,始初,,시초,시초,
3급,72,2016-02-27,41,dokeum_W,다음 漢字語의 讀音을 쓰시오.,永遠,永遠,,영원,영원,
3급,72,2016-02-27,42,dokeum_W,다음 漢字語의 讀音을 쓰시오.,道理,道理,,도리,도리,
3급,72,2016-02-27,43,dokeum_W,다음 漢字語의 讀音을 쓰시오.,歌謠,歌謠,,가요,가요,
3급,72,2016-02-27,44,dokeum_W,다음 漢字語의 讀音을 쓰시오.,變貌,變貌,,변모,변모,
3급,72,2016-02-27,45,dokeum_W,다음 漢字語의 讀音을 쓰시오.,認識,認識,,인식,인식,
3급,72,2016-02-27,46,hanjaeo_W,다음의 밑줄 친 낱말을 漢字(正字)로 쓰시오.,그는 끝까지 결백을 주장했다.,결백,,潔白,潔白,
3급,72,2016-02-27,47,hanjaeo_W,다음의 밑줄 친 낱말을 漢字(正字)로 쓰시오.,그는 끝까지 결백을 주장했다.,주장,,主張,主張,
3급,72,2016-02-27,48,hanjaeo_W,다음의 밑줄 친 낱말을 漢字(正字)로 쓰시오.,기차 안은 여객들로 매우 붐볐다.,기차,,汽車,汽車,
3급,72,2016-02-27,49,hanjaeo_W,다음의 밑줄 친 낱말을 漢字(正字)로 쓰시오.,기차 안은 여객들로 매우 붐볐다.,여객,,旅客,旅客,
3급,72,2016-02-27,50,hanjaeo_W,다음의 밑줄 친 낱말을 漢字(正字)로 쓰시오.,그 나라도 곧 문호를 개방할 수밖에 없을 것이다.,문호,,門戶,門戶,
3급,72,2016-02-27,51,hanjaeo_W,다음의 밑줄 친 낱말을 漢字(正字)로 쓰시오.,그 나라도 곧 문호를 개방할 수밖에 없을 것이다.,개방,,開放,開放,
3급,72,2016-02-27,52,hanjaeo_W,다음의 밑줄 친 낱말을 漢字(正字)로 쓰시오.,그가 쓴 작품에는 우리나라 사람의 사상과 감정이 담겨 있다.,작품,,作品,作品,
3급,72,2016-02-27,53,hanjaeo_W,다음의 밑줄 친 낱말을 漢字(正字)로 쓰시오.,그가 쓴 작품에는 우리나라 사람의 사상과 감정이 담겨 있다.,사상,,思想,思想,
3급,72,2016-02-27,54,hanjaeo_W,다음의 밑줄 친 낱말을 漢字(正字)로 쓰시오.,경찰은 우리 어선이 해적에게 침범을 당하지 않도록 경계를 강화했다.,경찰,,警察,警察,
3급,72,2016-02-27,55,hanjaeo_W,다음의 밑줄 친 낱말을 漢字(正字)로 쓰시오.,경찰은 우리 어선이 해적에게 침범을 당하지 않도록 경계를 강화했다.,어선,,漁船,漁船,
3급,72,2016-02-27,56,hanjaeo_W,다음의 밑줄 친 낱말을 漢字(正字)로 쓰시오.,경찰은 우리 어선이 해적에게 침범을 당하지 않도록 경계를 강화했다.,해적,,海賊,海賊,
3급,72,2016-02-27,57,hanjaeo_W,다음의 밑줄 친 낱말을 漢字(正字)로 쓰시오.,경찰은 우리 어선이 해적에게 침범을 당하지 않도록 경계를 강화했다.,침범,,侵犯,侵犯,
3급,72,2016-02-27,58,hanjaeo_W,다음의 밑줄 친 낱말을 漢字(正字)로 쓰시오.,경찰은 우리 어선이 해적에게 침범을 당하지 않도록 경계를 강화했다.,강화,,強化,強化,
3급,72,2016-02-27,59,hanjaeo_W,다음의 밑줄 친 낱말을 漢字(正字)로 쓰시오.,전쟁은 삶과 죽음을 갈라놓는 순간의 연속이다.,전쟁,,戰爭,戰爭,
3급,72,2016-02-27,60,hanjaeo_W,다음의 밑줄 친 낱말을 漢字(正字)로 쓰시오.,전쟁은 삶과 죽음을 갈라놓는 순간의 연속이다.,연속,,連續,連續,
3급,72,2016-02-27,61,hanjaeo_W,다음의 밑줄 친 낱말을 漢字(正字)로 쓰시오.,부모는 자녀가 편안한 마음으로 학업에 전념할 수 있도록 이끌어 주어야 한다.,부모,,父母,父母,
3급,72,2016-02-27,62,hanjaeo_W,다음의 밑줄 친 낱말을 漢字(正字)로 쓰시오.,부모는 자녀가 편안한 마음으로 학업에 전념할 수 있도록 이끌어 주어야 한다.,편안,,便安,便安,
3급,72,2016-02-27,63,hanjaeo_W,다음의 밑줄 친 낱말을 漢字(正字)로 쓰시오.,부모는 자녀가 편안한 마음으로 학업에 전념할 수 있도록 이끌어 주어야 한다.,전념,,專念,專念,
3급,72,2016-02-27,64,hanjaeo_W,다음의 밑줄 친 낱말을 漢字(正字)로 쓰시오.,그는 복학을 명령하는 아버지의 편지를 받아 들었다.,복학,,復學,復學,
3급,72,2016-02-27,65,hanjaeo_W,다음의 밑줄 친 낱말을 漢字(正字)로 쓰시오.,그는 복학을 명령하는 아버지의 편지를 받아 들었다.,명령,,命令,命令,
3급,72,2016-02-27,66,hanjaeo_W,다음의 밑줄 친 낱말을 漢字(正字)로 쓰시오.,가정 방문을 나온 담임 선생은 대개 여러 가지 정보를 얻어 내려 부심하게 된다.,담임,,擔任,擔任,
3급,72,2016-02-27,67,hanjaeo_W,다음의 밑줄 친 낱말을 漢字(正字)로 쓰시오.,가정 방문을 나온 담임 선생은 대개 여러 가지 정보를 얻어 내려 부심하게 된다.,정보,,情報,情報,
3급,72,2016-02-27,68,hanjaeo_W,다음의 밑줄 친 낱말을 漢字(正字)로 쓰시오.,젊다는 것은 용감하고 기민하다는 뜻도 되겠지만 동시에 혈기에 휩쓸리기 쉽고 계략에 어둡다는 뜻도 되오.,용감,,勇敢,勇敢,
3급,72,2016-02-27,69,hanjaeo_W,다음의 밑줄 친 낱말을 漢字(正字)로 쓰시오.,젊다는 것은 용감하고 기민하다는 뜻도 되겠지만 동시에 혈기에 휩쓸리기 쉽고 계략에 어둡다는 뜻도 되오.,혈기,,血氣,血氣,
3급,72,2016-02-27,70,hanjaeo_W,다음의 밑줄 친 낱말을 漢字(正字)로 쓰시오.,그는 운전 교습 기간 동안의 요령과 면허 시험 볼 때의 방법 그리고 비용 등에 대해서 친절하게 설명해 주었다.,교습,,敎習,敎習,
3급,72,2016-02-27,71,hanjaeo_W,다음의 밑줄 친 낱말을 漢字(正字)로 쓰시오.,그는 운전 교습 기간 동안의 요령과 면허 시험 볼 때의 방법 그리고 비용 등에 대해서 친절하게 설명해 주었다.,기간,,期間,期間,
3급,72,2016-02-27,72,hanjaeo_W,다음의 밑줄 친 낱말을 漢字(正字)로 쓰시오.,그는 운전 교습 기간 동안의 요령과 면허 시험 볼 때의 방법 그리고 비용 등에 대해서 친절하게 설명해 주었다.,요령,,要領,要領,
3급,72,2016-02-27,73,hanjaeo_W,다음의 밑줄 친 낱말을 漢字(正字)로 쓰시오.,그는 운전 교습 기간 동안의 요령과 면허 시험 볼 때의 방법 그리고 비용 등에 대해서 친절하게 설명해 주었다.,방법,,方法,方法,
3급,72,2016-02-27,74,hanjaeo_W,다음의 밑줄 친 낱말을 漢字(正字)로 쓰시오.,그는 운전 교습 기간 동안의 요령과 면허 시험 볼 때의 방법 그리고 비용 등에 대해서 친절하게 설명해 주었다.,비용,,費用,費用,
3급,72,2016-02-27,75,hanjaeo_W,다음의 밑줄 친 낱말을 漢字(正字)로 쓰시오.,그는 운전 교습 기간 동안의 요령과 면허 시험 볼 때의 방법 그리고 비용 등에 대해서 친절하게 설명해 주었다.,친절,,親切,親切,
3급,72,2016-02-27,76,huneum_W,다음 漢字의 訓과 音을 쓰시오.,檀,檀,,박달나무 단,박달나무 단,
3급,72,2016-02-27,77,huneum_W,다음 漢字의 訓과 音을 쓰시오.,眠,眠,,잘 면,잘 면,
3급,72,2016-02-27,78,huneum_W,다음 漢字의 訓과 音을 쓰시오.,叫,叫,,부르짖을 규,부르짖을 규,
3급,72,2016-02-27,79,huneum_W,다음 漢字의 訓과 音을 쓰시오.,剛,剛,,굳셀 강,굳셀 강,
3급,72,2016-02-27,80,huneum_W,다음 漢字의 訓과 音을 쓰시오.,晩,晩,,늦을 만,늦을 만,
3급,72,2016-02-27,81,huneum_W,다음 漢字의 訓과 音을 쓰시오.,讚,讚,,기릴 찬,기릴 찬,
3급,72,2016-02-27,82,huneum_W,다음 漢字의 訓과 音을 쓰시오.,慮,慮,,생각할 려,생각할 려,
3급,72,2016-02-27,83,huneum_W,다음 漢字의 訓과 音을 쓰시오.,服,服,,옷 복,옷 복,
3급,72,2016-02-27,84,huneum_W,다음 漢字의 訓과 音을 쓰시오.,泥,泥,,진흙 니,진흙 니,
3급,72,2016-02-27,85,huneum_W,다음 漢字의 訓과 音을 쓰시오.,燕,燕,,제비 연,제비 연,
3급,72,2016-02-27,86,huneum_W,다음 漢字의 訓과 音을 쓰시오.,接,接,,이을 접,이을 접,
3급,72,2016-02-27,87,huneum_W,다음 漢字의 訓과 音을 쓰시오.,肥,肥,,살찔 비,살찔 비,
3급,72,2016-02-27,88,huneum_W,다음 漢字의 訓과 音을 쓰시오.,看,看,,볼 간,볼 간,
3급,72,2016-02-27,89,huneum_W,다음 漢字의 訓과 音을 쓰시오.,秀,秀,,빼어날 수,빼어날 수,
3급,72,2016-02-27,90,huneum_W,다음 漢字의 訓과 音을 쓰시오.,伴,伴,,짝 반,짝 반,
3급,72,2016-02-27,91,huneum_W,다음 漢字의 訓과 音을 쓰시오.,羅,羅,,벌릴 라,벌릴 라,
3급,72,2016-02-27,92,huneum_W,다음 漢字의 訓과 音을 쓰시오.,統,統,,거느릴 통,거느릴 통,
3급,72,2016-02-27,93,huneum_W,다음 漢字의 訓과 音을 쓰시오.,洗,洗,,씻을 세,씻을 세,
3급,72,2016-02-27,94,huneum_W,다음 漢字의 訓과 音을 쓰시오.,豆,豆,,콩 두,콩 두,
3급,72,2016-02-27,95,huneum_W,다음 漢字의 訓과 音을 쓰시오.,循,循,,돌 순,돌 순,
3급,72,2016-02-27,96,huneum_W,다음 漢字의 訓과 音을 쓰시오.,良,良,,어질 량,어질 량,
3급,72,2016-02-27,97,huneum_W,다음 漢字의 訓과 音을 쓰시오.,表,表,,겉 표,겉 표,
3급,72,2016-02-27,98,huneum_W,다음 漢字의 訓과 音을 쓰시오.,耐,耐,,견딜 내,견딜 내,
3급,72,2016-02-27,99,huneum_W,다음 漢字의 訓과 音을 쓰시오.,換,換,,바꿀 환,바꿀 환,
3급,72,2016-02-27,100,huneum_W,다음 漢字의 訓과 音을 쓰시오.,假,假,,거짓 가,거짓 가,
3급,72,2016-02-27,101,huneum_W,다음 漢字의 訓과 音을 쓰시오.,淡,淡,,맑을 담,맑을 담,
3급,72,2016-02-27,102,huneum_W,다음 漢字의 訓과 音을 쓰시오.,脈,脈,,줄기 맥,줄기 맥,
3급,72,2016-02-27,103,jangeum_S,다음 중 첫 音節이 長音으로 소리 나는 漢字語 5개를 골라 그 번호를 쓰시오.,,,"[""① 近處"", ""② 鈍感"", ""③ 餘裕"", ""④ 苦役"", ""⑤ 儉素"", ""⑥ 軌跡"", ""⑦ 輸送"", ""⑧ 株式"", ""⑨ 鬪犬"", ""⑩ 謹愼""]",①,① 近處,
3급,72,2016-02-27,104,jangeum_S,다음 중 첫 音節이 長音으로 소리 나는 漢字語 5개를 골라 그 번호를 쓰시오.,,,"[""① 近處"", ""② 鈍感"", ""③ 餘裕"", ""④ 苦役"", ""⑤ 儉素"", ""⑥ 軌跡"", ""⑦ 輸送"", ""⑧ 株式"", ""⑨ 鬪犬"", ""⑩ 謹愼""]",②,② 鈍感,
3급,72,2016-02-27,105,jangeum_S,다음 중 첫 音節이 長音으로 소리 나는 漢字語 5개를 골라 그 번호를 쓰시오.,,,"[""① 近處"", ""② 鈍感"", ""③ 餘裕"", ""④ 苦役"", ""⑤ 儉素"", ""⑥ 軌跡"", ""⑦ 輸送"", ""⑧ 株式"", ""⑨ 鬪犬"", ""⑩ 謹愼""]",⑤,⑤ 儉素,
3급,72,2016-02-27,106,jangeum_S,다음 중 첫 音節이 長音으로 소리 나는 漢字語 5개를 골라 그 번호를 쓰시오.,,,"[""① 近處"", ""② 鈍感"", ""③ 餘裕"", ""④ 苦役"", ""⑤ 儉素"", ""⑥ 軌跡"", ""⑦ 輸送"", ""⑧ 株式"", ""⑨ 鬪犬"", ""⑩ 謹愼""]",⑥,⑥ 軌跡,
3급,72,2016-02-27,107,jangeum_S,다음 중 첫 音節이 長音으로 소리 나는 漢字語 5개를 골라 그 번호를 쓰시오.,,,"[""① 近處"", ""② 鈍感"", ""③ 餘裕"", ""④ 苦役"", ""⑤ 儉素"", ""⑥ 軌跡"", ""⑦ 輸送"", ""⑧ 株式"", ""⑨ 鬪犬"", ""⑩ 謹愼""]",⑩,⑩ 謹愼,
3급,72,2016-02-27,108,yui_W,다음 (      ) 안에 비슷한 뜻을 가진 漢字(正字)를 써넣어 널리 쓰이는 單語를 완성하시오.,損 - (   ),損 - ( ),,害,害,
3급,72,2016-02-27,109,yui_W,다음 (      ) 안에 비슷한 뜻을 가진 漢字(正字)를 써넣어 널리 쓰이는 單語를 완성하시오.,(   ) - 較,( ) - 較,,比,比,
3급,72,2016-02-27,110,yui_W,다음 (      ) 안에 비슷한 뜻을 가진 漢字(正字)를 써넣어 널리 쓰이는 單語를 완성하시오.,(   ) - 幣,( ) - 幣,,貨,貨,
3급,72,2016-02-27,111,yui_W,다음 (      ) 안에 비슷한 뜻을 가진 漢字(正字)를 써넣어 널리 쓰이는 單語를 완성하시오.,層 - (   ),層 - ( ),,階,階,
3급,72,2016-02-27,112,yui_W,다음 (      ) 안에 비슷한 뜻을 가진 漢字(正字)를 써넣어 널리 쓰이는 單語를 완성하시오.,怪 - (   ),怪 - ( ),,奇,奇,
3급,72,2016-02-27,113,banui_W,다음 (       ) 안에 뜻이 反對 또는 相對 되는 漢字(正字)를 써넣어 널리 쓰이는 單語를 만드시오.,加 ↔ ( ),加 ↔ ( ),,減,減,
3급,72,2016-02-27,114,banui_W,다음 (       ) 안에 뜻이 反對 또는 相對 되는 漢字(正字)를 써넣어 널리 쓰이는 單語를 만드시오.,禍 ↔ ( ),禍 ↔ ( ),,福,福,
3급,72,2016-02-27,115,banui_W,다음 (       ) 안에 뜻이 反對 또는 相對 되는 漢字(正字)를 써넣어 널리 쓰이는 單語를 만드시오.,(   ) ↔ 劣,( ) ↔ 劣,,優,優,
3급,72,2016-02-27,116,banui_W,다음 (       ) 안에 뜻이 反對 또는 相對 되는 漢字(正字)를 써넣어 널리 쓰이는 單語를 만드시오.,(   ) ↔ 今,( ) ↔ 今,,昨,昨,
3급,72,2016-02-27,117,banui_W,다음 (       ) 안에 뜻이 反對 또는 相對 되는 漢字(正字)를 써넣어 널리 쓰이는 單語를 만드시오.,(   ) ↔ 衰,( ) ↔ 衰,,盛,盛,
3급,72,2016-02-27,118,banuieo_W,다음 漢字語의 反對語 또는 相對語를 2음절로 된 漢字(正字)로 쓰시오.,內包 ↔ (      ),內包 ↔ ( ),,外延,外延,
3급,72,2016-02-27,119,banuieo_W,다음 漢字語의 反對語 또는 相對語를 2음절로 된 漢字(正字)로 쓰시오.,架空 ↔ (      ),架空 ↔ ( ),,實在,實在,
3급,72,2016-02-27,120,banuieo_W,다음 漢字語의 反對語 또는 相對語를 2음절로 된 漢字(正字)로 쓰시오.,溫暖 ↔ (      ),溫暖 ↔ ( ),,寒冷,寒冷,
3급,72,2016-02-27,121,banuieo_W,다음 漢字語의 反對語 또는 相對語를 2음절로 된 漢字(正字)로 쓰시오.,(    ) ↔ 緩慢,( ) ↔ 緩慢,,急激,急激,
3급,72,2016-02-27,122,banuieo_W,다음 漢字語의 反對語 또는 相對語를 2음절로 된 漢字(正字)로 쓰시오.,(    ) ↔ 消滅,( ) ↔ 消滅,,發生,發生,
3급,72,2016-02-27,123,dongeumeo_W,다음 漢字語의 同音異義語를 제시된 뜻에 맞는 漢字(正字)로 쓰시오.,(降意) - 반대의 뜻을 주장함.,(降意),,抗議,抗議,
3급,72,2016-02-27,124,dongeumeo_W,다음 漢字語의 同音異義語를 제시된 뜻에 맞는 漢字(正字)로 쓰시오.,(肅然) - 오래 묵은 인연.,(肅然),,宿緣,宿緣,
3급,72,2016-02-27,125,dongeumeo_W,다음 漢字語의 同音異義語를 제시된 뜻에 맞는 漢字(正字)로 쓰시오.,(保釋) - 빛깔이 아름다우며 희귀한 광물.,(保釋),,寶石,寶石,
3급,72,2016-02-27,126,dongeumeo_W,다음 漢字語의 同音異義語를 제시된 뜻에 맞는 漢字(正字)로 쓰시오.,(維持) - 죽은 사람이 살아서 이루지 못하고 남긴 뜻.,(維持),,遺志,遺志,
3급,72,2016-02-27,127,dongeumeo_W,다음 漢字語의 同音異義語를 제시된 뜻에 맞는 漢字(正字)로 쓰시오.,(栽培) - 두 번 절함.,(栽培),,再拜,再拜,
3급,72,2016-02-27,128,seongeo_W,다음 (    ) 안에 알맞은 漢字(正字)를 써 넣어 四字成語를 완성하시오.,(    )物致知 : 사물의 이치를 연구하여 자기의 지식을 확고하게 함.,( )物致知,,格,格,
3급,72,2016-02-27,129,seongeo_W,다음 (    ) 안에 알맞은 漢字(正字)를 써 넣어 四字成語를 완성하시오.,論功行(     ) : 세운 공을 논정하여 상을 줌.,論功行( ),,賞,賞,
3급,72,2016-02-27,130,seongeo_W,다음 (    ) 안에 알맞은 漢字(正字)를 써 넣어 四字成語를 완성하시오.,明(    )止水 : 맑은 거울과 조용한 물.,明( )止水,,鏡,鏡,
3급,72,2016-02-27,131,seongeo_W,다음 (    ) 안에 알맞은 漢字(正字)를 써 넣어 四字成語를 완성하시오.,平地風(     ) : 뜻밖에 분쟁이 일어남을 비유적으로 이르는 말.,平地風( ),,波,波,
3급,72,2016-02-27,132,seongeo_W,다음 (    ) 안에 알맞은 漢字(正字)를 써 넣어 四字成語를 완성하시오.,寸(    )殺人 : 짧은 말로 어떤 일의 급소를 찔러 사람을 크게 감동시킴.,寸( )殺人,,鐵,鐵,
3급,72,2016-02-27,133,seongeo_W,다음 (    ) 안에 알맞은 漢字(正字)를 써 넣어 四字成語를 완성하시오.,大(    )失色 : 몹시 놀라 얼굴빛이 하얗게 변함.,大( )失色,,驚,驚,
3급,72,2016-02-27,134,seongeo_W,다음 (    ) 안에 알맞은 漢字(正字)를 써 넣어 四字成語를 완성하시오.,(    )固不動 : 튼튼하고 굳어 흔들림이 없음.,( )固不動,,確,確,
3급,72,2016-02-27,135,seongeo_W,다음 (    ) 안에 알맞은 漢字(正字)를 써 넣어 四字成語를 완성하시오.,(    )家亡身 : 집안의 재산을 다 써 없애고 몸을 망침.,( )家亡身,,敗,敗,
3급,72,2016-02-27,136,seongeo_W,다음 (    ) 안에 알맞은 漢字(正字)를 써 넣어 四字成語를 완성하시오.,(    )骨痛恨 : 뼈에 사무쳐 마음 속 깊이 맺힌 원한.,( )骨痛恨,,刻,刻,
3급,72,2016-02-27,137,seongeo_W,다음 (    ) 안에 알맞은 漢字(正字)를 써 넣어 四字成語를 완성하시오.,千(    )萬象 : 세상 사물이 한결같지 아니하고 각각 모습ㆍ모양이 다름.,千( )萬象,,態,態,
3급,72,2016-02-27,138,busu_W,다음 漢字의 部首를 쓰시오.,歸,歸,,止,止,
3급,72,2016-02-27,139,busu_W,다음 漢字의 部首를 쓰시오.,疑,疑,,疋,疋,
3급,72,2016-02-27,140,busu_W,다음 漢字의 部首를 쓰시오.,兩,兩,,入,入,
3급,72,2016-02-27,141,busu_W,다음 漢字의 部首를 쓰시오.,願,願,,頁,頁,
3급,72,2016-02-27,142,busu_W,다음 漢字의 部首를 쓰시오.,術,術,,行,行,
3급,72,2016-02-27,143,yakja_W,다음 漢字의 略字를 쓰시오.,傑,傑,,杰,杰,
3급,72,2016-02-27,144,yakja_W,다음 漢字의 略字를 쓰시오.,團,團,,団,団,
3급,72,2016-02-27,145,yakja_W,다음 漢字의 略字를 쓰시오.,豫,豫,,予,予,
3급,72,2016-02-27,146,mean_W,다음 漢字語의 뜻을 쓰시오.,移植,移植,,옮겨서 심음.,옮겨서 심음.,
3급,72,2016-02-27,147,mean_W,다음 漢字語의 뜻을 쓰시오.,轉職,轉職,,직업이나 직업을 바꾸어 옮김.,직업이나 직업을 바꾸어 옮김.,
3급,72,2016-02-27,148,mean_W,다음 漢字語의 뜻을 쓰시오.,泣訴,泣訴,,눈물을 흘리며 간전히 하소연함.,눈물을 흘리며 간전히 하소연함.,
3급,72,2016-02-27,149,mean_W,다음 漢字語의 뜻을 쓰시오.,姪女,姪女,,조카딸,조카딸,
3급,72,2016-02-27,150,mean_W,다음 漢字語의 뜻을 쓰시오.,好機,好機,,좋은 기회,좋은 기회,
3급,73,2016-06-18,1,dokeum_W,다음 문장에서 밑줄 친 漢字語의 讀音을 쓰시오.,관헌은 죄인을 押送했다.,押送,,압송,압송,
3급,73,2016-06-18,2,dokeum_W,다음 문장에서 밑줄 친 漢字語의 讀音을 쓰시오.,김 사장은 이번 실수로 그의 인생에서 汚點을 남겼다.,汚點,,오점,오점,
3급,73,2016-06-18,3,dokeum_W,다음 문장에서 밑줄 친 漢字語의 讀音을 쓰시오.,사건이 발생하자 경찰은 그의 姻戚까지 조사했다.,姻戚,,인척,인척,
3급,73,2016-06-18,4,dokeum_W,다음 문장에서 밑줄 친 漢字語의 讀音을 쓰시오.,큰 홍수로 堤防이 무너졌다.,堤防,,제방,제방,
3급,73,2016-06-18,5,dokeum_W,다음 문장에서 밑줄 친 漢字語의 讀音을 쓰시오.,날씨가 乾燥해지니 산불 예방에 힘쓰자.,乾燥,,건조,건조,
3급,73,2016-06-18,6,dokeum_W,다음 문장에서 밑줄 친 漢字語의 讀音을 쓰시오.,일을 拙速으로 처리하면 문제가 발생하기 마련이다.,拙速,,졸속,졸속,
3급,73,2016-06-18,7,dokeum_W,다음 문장에서 밑줄 친 漢字語의 讀音을 쓰시오.,책을 도서관에 寄贈한다.,寄贈,,기증,기증,
3급,73,2016-06-18,8,dokeum_W,다음 문장에서 밑줄 친 漢字語의 讀音을 쓰시오.,기술 개발의 遲延으로 산업 발전이 더디다.,遲延,,지연,지연,
3급,73,2016-06-18,9,dokeum_W,다음 문장에서 밑줄 친 漢字語의 讀音을 쓰시오.,경찰은 범인한테서 사건의 단서를 捕捉했다.,捕捉,,포착,포착,
3급,73,2016-06-18,10,dokeum_W,다음 문장에서 밑줄 친 漢字語의 讀音을 쓰시오.,여당과 야당은 의제를 놓고 尖銳하게 대립했다.,尖銳,,첨예,첨예,
3급,73,2016-06-18,11,dokeum_W,다음 문장에서 밑줄 친 漢字語의 讀音을 쓰시오.,술꾼이 술에 취해 醜態를 부리다.,醜態,,추태,추태,
3급,73,2016-06-18,12,dokeum_W,다음 문장에서 밑줄 친 漢字語의 讀音을 쓰시오.,소설가 채만식은 ‘濁流’라는 작품을 남겼다.,濁流,,탁류,탁류,
3급,73,2016-06-18,13,dokeum_W,다음 문장에서 밑줄 친 漢字語의 讀音을 쓰시오.,비리를 저지른 공직자는 罷免되었다.,罷免,,파면,파면,
3급,73,2016-06-18,14,dokeum_W,다음 문장에서 밑줄 친 漢字語의 讀音을 쓰시오.,마음을 다잡아 煩惱에서 빠져나왔다.,煩惱,,번뇌,번뇌,
3급,73,2016-06-18,15,dokeum_W,다음 문장에서 밑줄 친 漢字語의 讀音을 쓰시오.,건물에 塗壁을 새로 하니 보기에 산뜻하다.,塗壁,,도벽,도벽,
3급,73,2016-06-18,16,dokeum_W,다음 문장에서 밑줄 친 漢字語의 讀音을 쓰시오.,선거철이 되면 공약 濫發이 심하다.,濫發,,남발,남발,
3급,73,2016-06-18,17,dokeum_W,다음 문장에서 밑줄 친 漢字語의 讀音을 쓰시오.,누구에게도 隸屬되지 않은 자유로운 삶을 원한다.,隸屬,,예속,예속,
3급,73,2016-06-18,18,dokeum_W,다음 문장에서 밑줄 친 漢字語의 讀音을 쓰시오.,시끄러운 도시 생활을 벗어나 시골에서 冥想의 시간을 갖다.,冥想,,명상,명상,
3급,73,2016-06-18,19,dokeum_W,다음 문장에서 밑줄 친 漢字語의 讀音을 쓰시오.,봄에 種苗를 가져다가 화단에 심다.,種苗,,종묘,종묘,
3급,73,2016-06-18,20,dokeum_W,다음 문장에서 밑줄 친 漢字語의 讀音을 쓰시오.,군경은 叛徒를 일거에 진압했다.,叛徒,,반도,반도,
3급,73,2016-06-18,21,dokeum_W,다음 漢字語의 讀音을 쓰시오.,傍證,傍證,,방증,방증,
3급,73,2016-06-18,22,dokeum_W,다음 漢字語의 讀音을 쓰시오.,祝杯,祝杯,,축배,축배,
3급,73,2016-06-18,23,dokeum_W,다음 漢字語의 讀音을 쓰시오.,辨償,辨償,,변상,변상,
3급,73,2016-06-18,24,dokeum_W,다음 漢字語의 讀音을 쓰시오.,賜藥,賜藥,,사약,사약,
3급,73,2016-06-18,25,dokeum_W,다음 漢字語의 讀音을 쓰시오.,宣誓,宣誓,,선서,선서,
3급,73,2016-06-18,26,dokeum_W,다음 漢字語의 讀音을 쓰시오.,擁立,擁立,,옹립,옹립,
3급,73,2016-06-18,27,dokeum_W,다음 漢字語의 讀音을 쓰시오.,添附,添附,,첨부,첨부,
3급,73,2016-06-18,28,dokeum_W,다음 漢字語의 讀音을 쓰시오.,體臭,體臭,,체취,체취,
3급,73,2016-06-18,29,dokeum_W,다음 漢字語의 讀音을 쓰시오.,遙遠,遙遠,,요원,요원,
3급,73,2016-06-18,30,dokeum_W,다음 漢字語의 讀音을 쓰시오.,洗濯,洗濯,,세탁,세탁,
3급,73,2016-06-18,31,dokeum_W,다음 漢字語의 讀音을 쓰시오.,隱蔽,隱蔽,,은폐,은폐,
3급,73,2016-06-18,32,dokeum_W,다음 漢字語의 讀音을 쓰시오.,匹敵,匹敵,,필적,필적,
3급,73,2016-06-18,33,dokeum_W,다음 漢字語의 讀音을 쓰시오.,崩壞,崩壞,,붕괴,붕괴,
3급,73,2016-06-18,34,dokeum_W,다음 漢字語의 讀音을 쓰시오.,昏絶,昏絶,,혼절,혼절,
3급,73,2016-06-18,35,dokeum_W,다음 漢字語의 讀音을 쓰시오.,繫留,繫留,,계류,계류,
3급,73,2016-06-18,36,dokeum_W,다음 漢字語의 讀音을 쓰시오.,畢竟,畢竟,,필경,필경,
3급,73,2016-06-18,37,dokeum_W,다음 漢字語의 讀音을 쓰시오.,頻繁,頻繁,,빈번,빈번,
3급,73,2016-06-18,38,dokeum_W,다음 漢字語의 讀音을 쓰시오.,紛糾,紛糾,,분규,분규,
3급,73,2016-06-18,39,dokeum_W,다음 漢字語의 讀音을 쓰시오.,田畓,田畓,,전답,전답,
3급,73,2016-06-18,40,dokeum_W,다음 漢字語의 讀音을 쓰시오.,終了,終了,,종료,종료,
3급,73,2016-06-18,41,dokeum_W,다음 漢字語의 讀音을 쓰시오.,脣齒,脣齒,,순치,순치,
3급,73,2016-06-18,42,dokeum_W,다음 漢字語의 讀音을 쓰시오.,豚舍,豚舍,,돈사,돈사,
3급,73,2016-06-18,43,dokeum_W,다음 漢字語의 讀音을 쓰시오.,携帶,携帶,,휴대,휴대,
3급,73,2016-06-18,44,dokeum_W,다음 漢字語의 讀音을 쓰시오.,違憲,違憲,,위헌,위헌,
3급,73,2016-06-18,45,dokeum_W,다음 漢字語의 讀音을 쓰시오.,飛躍,飛躍,,비약,비약,
3급,73,2016-06-18,46,huneum_W,다음 漢字의 訓과 音을 쓰시오.,稻,稻,,벼 도,벼 도,
3급,73,2016-06-18,47,huneum_W,다음 漢字의 訓과 音을 쓰시오.,獵,獵,,사냥 렵,사냥 렵,
3급,73,2016-06-18,48,huneum_W,다음 漢字의 訓과 音을 쓰시오.,忙,忙,,바쁠 망,바쁠 망,
3급,73,2016-06-18,49,huneum_W,다음 漢字의 訓과 音을 쓰시오.,肩,肩,,어깨 견,어깨 견,
3급,73,2016-06-18,50,huneum_W,다음 漢字의 訓과 音을 쓰시오.,募,募,,모을/뽑을 모,모을/뽑을 모,
3급,73,2016-06-18,51,huneum_W,다음 漢字의 訓과 音을 쓰시오.,捨,捨,,버릴 사,버릴 사,
3급,73,2016-06-18,52,huneum_W,다음 漢字의 訓과 音을 쓰시오.,僚,僚,,동료 료,동료 료,
3급,73,2016-06-18,53,huneum_W,다음 漢字의 訓과 音을 쓰시오.,掛,掛,,걸 괘,걸 괘,
3급,73,2016-06-18,54,huneum_W,다음 漢字의 訓과 音을 쓰시오.,朔,朔,,초하루 삭,초하루 삭,
3급,73,2016-06-18,55,huneum_W,다음 漢字의 訓과 音을 쓰시오.,眉,眉,,눈썹 미,눈썹 미,
3급,73,2016-06-18,56,huneum_W,다음 漢字의 訓과 音을 쓰시오.,逝,逝,,갈 서,갈 서,
3급,73,2016-06-18,57,huneum_W,다음 漢字의 訓과 音을 쓰시오.,涯,涯,,물가 애,물가 애,
3급,73,2016-06-18,58,huneum_W,다음 漢字의 訓과 音을 쓰시오.,辛,辛,,매울 신,매울 신,
3급,73,2016-06-18,59,huneum_W,다음 漢字의 訓과 音을 쓰시오.,顧,顧,,돌아볼 고,돌아볼 고,
3급,73,2016-06-18,60,huneum_W,다음 漢字의 訓과 音을 쓰시오.,輿,輿,,수레 여,수레 여,
3급,73,2016-06-18,61,huneum_W,다음 漢字의 訓과 音을 쓰시오.,尤,尤,,더욱 우,더욱 우,
3급,73,2016-06-18,62,huneum_W,다음 漢字의 訓과 音을 쓰시오.,墻,墻,,담 장,담 장,
3급,73,2016-06-18,63,huneum_W,다음 漢字의 訓과 音을 쓰시오.,妾,妾,,첩 첩,첩 첩,
3급,73,2016-06-18,64,huneum_W,다음 漢字의 訓과 音을 쓰시오.,蝶,蝶,,나비 접,나비 접,
3급,73,2016-06-18,65,huneum_W,다음 漢字의 訓과 音을 쓰시오.,晴,晴,,갤 청,갤 청,
3급,73,2016-06-18,66,huneum_W,다음 漢字의 訓과 音을 쓰시오.,墮,墮,,떨어질 타,떨어질 타,
3급,73,2016-06-18,67,huneum_W,다음 漢字의 訓과 音을 쓰시오.,絹,絹,,비단 견,비단 견,
3급,73,2016-06-18,68,huneum_W,다음 漢字의 訓과 音을 쓰시오.,旱,旱,,가물 한,가물 한,
3급,73,2016-06-18,69,huneum_W,다음 漢字의 訓과 音을 쓰시오.,曉,曉,,새벽 효,새벽 효,
3급,73,2016-06-18,70,huneum_W,다음 漢字의 訓과 音을 쓰시오.,播,播,,뿌릴 파,뿌릴 파,
3급,73,2016-06-18,71,huneum_W,다음 漢字의 訓과 音을 쓰시오.,尋,尋,,찾을 심,찾을 심,
3급,73,2016-06-18,72,huneum_W,다음 漢字의 訓과 音을 쓰시오.,唯,唯,,오직 유,오직 유,
3급,73,2016-06-18,73,jangeum_S,다음 漢字語 중 첫 음절이 長音으로 발음되는 것의 번호를 쓰시오.,,,"[""① 飯酒"", ""② 蜂起"", ""③ 照明"", ""④ 衰落""]",③,③ 照明,
3급,73,2016-06-18,74,jangeum_S,다음 漢字語 중 첫 음절이 長音으로 발음되는 것의 번호를 쓰시오.,,,"[""① 需給"", ""② 驅逐"", ""③ 鹿角"", ""④ 遵守""]",④,④ 遵守,
3급,73,2016-06-18,75,jangeum_S,다음 漢字語 중 첫 음절이 長音으로 발음되는 것의 번호를 쓰시오.,,,"[""① 飽滿"", ""② 敏感"", ""③ 餘勢"", ""④ 蒼白""]",①,① 飽滿,
3급,73,2016-06-18,76,jangeum_S,다음 漢字語 중 첫 음절이 長音으로 발음되는 것의 번호를 쓰시오.,,,"[""① 薦擧"", ""② 恥辱"", ""③ 版畫"", ""④ 稀代""]",①,① 薦擧,
3급,73,2016-06-18,77,jangeum_S,다음 漢字語 중 첫 음절이 長音으로 발음되는 것의 번호를 쓰시오.,,,"[""① 緊密"", ""② 返還"", ""③ 憐憫"", ""④ 遂行""]",②,② 返還,
3급,73,2016-06-18,78,hanjaeo_W,다음 문장에서 밑줄 친 漢字語를 漢字[正字]로 쓰시오.,암흑의 시대가 가고 광명의 시대가 왔다.,암흑,,暗黑,暗黑,
3급,73,2016-06-18,79,hanjaeo_W,다음 문장에서 밑줄 친 漢字語를 漢字[正字]로 쓰시오.,통장에 남은 잔액을 조회하다.,잔액,,殘額,殘額,
3급,73,2016-06-18,80,hanjaeo_W,다음 문장에서 밑줄 친 漢字語를 漢字[正字]로 쓰시오.,금연을 실천하여 건강을 지키자.,금연,,禁煙,禁煙,
3급,73,2016-06-18,81,hanjaeo_W,다음 문장에서 밑줄 친 漢字語를 漢字[正字]로 쓰시오.,시민들은 미국 대통령의 방문을 환영했다.,환영,,歡迎,歡迎,
3급,73,2016-06-18,82,hanjaeo_W,다음 문장에서 밑줄 친 漢字語를 漢字[正字]로 쓰시오.,이것은 용량에 따라 값을 매긴다.,용량,,容量,容量,
3급,73,2016-06-18,83,hanjaeo_W,다음 문장에서 밑줄 친 漢字語를 漢字[正字]로 쓰시오.,노동조합은 회사에 처우 개선을 요구했다.,처우,,處遇,處遇,
3급,73,2016-06-18,84,hanjaeo_W,다음 문장에서 밑줄 친 漢字語를 漢字[正字]로 쓰시오.,우리 주위에는 이곳저곳에 아파트가 산재해 있다.,주위,,周圍,周圍,
3급,73,2016-06-18,85,hanjaeo_W,다음 문장에서 밑줄 친 漢字語를 漢字[正字]로 쓰시오.,요즈음 다양한 잡지가 출판되고 있다.,잡지,,雜誌,雜誌,
3급,73,2016-06-18,86,hanjaeo_W,다음 문장에서 밑줄 친 漢字語를 漢字[正字]로 쓰시오.,장터에서 휘장을 하고 영화를 상영했다.,휘장,,揮帳,揮帳,
3급,73,2016-06-18,87,hanjaeo_W,다음 문장에서 밑줄 친 漢字語를 漢字[正字]로 쓰시오.,군인들은 완전 무장하고 진격했다.,무장,,武裝,武裝,
3급,73,2016-06-18,88,hanjaeo_W,다음 문장에서 밑줄 친 漢字語를 漢字[正字]로 쓰시오.,의식이 순서에 따라 진행됐다.,의식,,儀式,儀式,
3급,73,2016-06-18,89,hanjaeo_W,다음 문장에서 밑줄 친 漢字語를 漢字[正字]로 쓰시오.,대부분 사람들은 새로운 환경에 적응하여 살아간다.,적응,,適應,適應,
3급,73,2016-06-18,90,hanjaeo_W,다음 문장에서 밑줄 친 漢字語를 漢字[正字]로 쓰시오.,법조문에 준거하여 일을 처리한다.,준거,,準據,準據,
3급,73,2016-06-18,91,hanjaeo_W,다음 문장에서 밑줄 친 漢字語를 漢字[正字]로 쓰시오.,청춘을 예찬한 수필,예찬,,禮讚,禮讚,
3급,73,2016-06-18,92,hanjaeo_W,다음 문장에서 밑줄 친 漢字語를 漢字[正字]로 쓰시오.,그는 이번 공채에 합격했다.,공채,,公採,公採,
3급,73,2016-06-18,93,hanjaeo_W,다음 문장에서 밑줄 친 漢字語를 漢字[正字]로 쓰시오.,설레는 취업의 계절이 돌아왔다.,취업,,就業,就業,
3급,73,2016-06-18,94,hanjaeo_W,다음 문장에서 밑줄 친 漢字語를 漢字[正字]로 쓰시오.,일부 의원은 탈당하고 무소속으로 출마하였다.,탈당,,脫黨,脫黨,
3급,73,2016-06-18,95,hanjaeo_W,다음 문장에서 밑줄 친 漢字語를 漢字[正字]로 쓰시오.,적군의 투항으로 전쟁이 진정되었다.,투항,,投降,投降,
3급,73,2016-06-18,96,hanjaeo_W,다음 문장에서 밑줄 친 漢字語를 漢字[正字]로 쓰시오.,새봄맞이 환경 정비를 한다.,환경,,環境,環境,
3급,73,2016-06-18,97,hanjaeo_W,다음 문장에서 밑줄 친 漢字語를 漢字[正字]로 쓰시오.,사람의 건강은 관리에서부터 지켜진다.,건강,,健康,健康,
3급,73,2016-06-18,98,hanjaeo_W,다음 문장에서 밑줄 친 漢字語를 漢字[正字]로 쓰시오.,기초부터 단계를 밟아간다.,단계,,段階,段階,
3급,73,2016-06-18,99,hanjaeo_W,다음 문장에서 밑줄 친 漢字語를 漢字[正字]로 쓰시오.,시위대는 격렬히 항의했다.,격렬,,激烈,激烈,
3급,73,2016-06-18,100,hanjaeo_W,다음 문장에서 밑줄 친 漢字語를 漢字[正字]로 쓰시오.,그는 묘안을 생각해 내고 위기를 벗어났다.,묘안,,妙案,妙案,
3급,73,2016-06-18,101,hanjaeo_W,다음 문장에서 밑줄 친 漢字語를 漢字[正字]로 쓰시오.,고향을 찾아 성묘하고 돌아왔다.,성묘,,省墓,省墓,
3급,73,2016-06-18,102,hanjaeo_W,다음 문장에서 밑줄 친 漢字語를 漢字[正字]로 쓰시오.,가발을 쓰니 다른 사람 같다.,가발,,假髮,假髮,
3급,73,2016-06-18,103,hanjaeo_W,다음 문장에서 밑줄 친 漢字語를 漢字[正字]로 쓰시오.,승부차기로 챔피언을 가렸다.,승부,,勝負,勝負,
3급,73,2016-06-18,104,hanjaeo_W,다음 문장에서 밑줄 친 漢字語를 漢字[正字]로 쓰시오.,식량을 비축하여 유사시에 대비한다.,비축,,備蓄,備蓄,
3급,73,2016-06-18,105,hanjaeo_W,다음 문장에서 밑줄 친 漢字語를 漢字[正字]로 쓰시오.,멀리 사격 훈련장에서 총소리가 들렸다.,사격,,射擊,射擊,
3급,73,2016-06-18,106,hanjaeo_W,다음 문장에서 밑줄 친 漢字語를 漢字[正字]로 쓰시오.,좋은 인상은 그 사람의 자산이다.,인상,,印象,印象,
3급,73,2016-06-18,107,hanjaeo_W,다음 문장에서 밑줄 친 漢字語를 漢字[正字]로 쓰시오.,그의 선행에 칭송이 자자하다.,칭송,,稱頌,稱頌,
3급,73,2016-06-18,108,yui_W,다음 漢字와 비슷한 뜻을 가진 漢字[正字]를 (   ) 안에 써넣어 문장에 적합한 漢字語가 되게 하시오.,그는 출소한 후 정직하게 살기로 (   )悟를 단단히 하였다.,( )悟,,覺,覺,
3급,73,2016-06-18,109,yui_W,다음 漢字와 비슷한 뜻을 가진 漢字[正字]를 (   ) 안에 써넣어 문장에 적합한 漢字語가 되게 하시오.,눈이 쌓인 ( )斜진 도로를 내려가다가 넘어졌다.,( )斜,,傾,傾,
3급,73,2016-06-18,110,yui_W,다음 漢字와 비슷한 뜻을 가진 漢字[正字]를 (   ) 안에 써넣어 문장에 적합한 漢字語가 되게 하시오.,대원들은 목적지에 ( )達한 후 휴식을 취했다.,( )達,,到,到,
3급,73,2016-06-18,111,yui_W,다음 漢字와 비슷한 뜻을 가진 漢字[正字]를 (   ) 안에 써넣어 문장에 적합한 漢字語가 되게 하시오.,내용을 항목별로 羅( )하여 이해하기 쉽게 하다.,羅( ),,列,列,
3급,73,2016-06-18,112,yui_W,다음 漢字와 비슷한 뜻을 가진 漢字[正字]를 (   ) 안에 써넣어 문장에 적합한 漢字語가 되게 하시오.,내년 도로 건설 예산이 削( )되었다.,削( ),,減,減,
3급,73,2016-06-18,113,banui_W,다음 漢字와 뜻이 反對 또는 相對되는 漢字[正字]를 써서 漢字語를 완성하시오.,伸(    ),伸( ),,縮,縮,
3급,73,2016-06-18,114,banui_W,다음 漢字와 뜻이 反對 또는 相對되는 漢字[正字]를 써서 漢字語를 완성하시오.,賞(    ),賞( ),,罰,罰,
3급,73,2016-06-18,115,banui_W,다음 漢字와 뜻이 反對 또는 相對되는 漢字[正字]를 써서 漢字語를 완성하시오.,難(    ),難( ),,易,易,
3급,73,2016-06-18,116,banui_W,다음 漢字와 뜻이 反對 또는 相對되는 漢字[正字]를 써서 漢字語를 완성하시오.,(    )陽,( )陽,,陰,陰,
3급,73,2016-06-18,117,banui_W,다음 漢字와 뜻이 反對 또는 相對되는 漢字[正字]를 써서 漢字語를 완성하시오.,(    )肉,( )肉,,骨,骨,
3급,73,2016-06-18,118,banuieo_W,다음 漢字語의 反對語 또는 相對語를 2음절로 된 漢字[正字]로 쓰시오.,寬大 ↔ (     ),寬大 ↔ ( ),,嚴格,嚴格,
3급,73,2016-06-18,119,banuieo_W,다음 漢字語의 反對語 또는 相對語를 2음절로 된 漢字[正字]로 쓰시오.,向上 ↔ (     ),向上 ↔ ( ),,低下,低下,
3급,73,2016-06-18,120,banuieo_W,다음 漢字語의 反對語 또는 相對語를 2음절로 된 漢字[正字]로 쓰시오.,快樂 ↔ (     ),快樂 ↔ ( ),,苦痛,苦痛,
3급,73,2016-06-18,121,banuieo_W,다음 漢字語의 反對語 또는 相對語를 2음절로 된 漢字[正字]로 쓰시오.,左遷 ↔ (     ),左遷 ↔ ( ),,榮轉,榮轉,
3급,73,2016-06-18,122,banuieo_W,다음 漢字語의 反對語 또는 相對語를 2음절로 된 漢字[正字]로 쓰시오.,集合 ↔ (     ),集合 ↔ ( ),,解散,解散,
3급,73,2016-06-18,123,dongeumeo_W,"다음 漢字語의 同音異義語를 漢字로 쓰되, 제시된 뜻에 맞는 것으로 하시오.",(器具) - 어떤 목적을 위하여 구성한 조직체.,(器具),,機構,機構,
3급,73,2016-06-18,124,dongeumeo_W,"다음 漢字語의 同音異義語를 漢字로 쓰되, 제시된 뜻에 맞는 것으로 하시오.",(懇誠) - 나라를 지키는 믿음직한 군대나 인물.,(懇誠),,干城,干城,
3급,73,2016-06-18,125,dongeumeo_W,"다음 漢字語의 同音異義語를 漢字로 쓰되, 제시된 뜻에 맞는 것으로 하시오.",(江邊) - 자기의 주장을 끝까지 굽히지 않고 변명함.,(江邊),,強辯,強辯,
3급,73,2016-06-18,126,dongeumeo_W,"다음 漢字語의 同音異義語를 漢字로 쓰되, 제시된 뜻에 맞는 것으로 하시오.",(弔旗) - 이른 시기.,(弔旗),,早期,早期,
3급,73,2016-06-18,127,dongeumeo_W,"다음 漢字語의 同音異義語를 漢字로 쓰되, 제시된 뜻에 맞는 것으로 하시오.",(閱兵) - 고열을 수반하는 질병.,(閱兵),,熱病,熱病,
3급,73,2016-06-18,128,seongeo_W,다음 (    ) 안에 알맞은 漢字[正字]를 써넣어 四字成語를 완성하시오.,群(    )一鶴 : 평범한 사람 가운데 뛰어난 한 사람,群( )一鶴,,鷄,鷄,
3급,73,2016-06-18,129,seongeo_W,다음 (    ) 안에 알맞은 漢字[正字]를 써넣어 四字成語를 완성하시오.,(    )氣衝天 : 성난 기색이 하늘을 찌를 정도로 성이 나 있음,( )氣衝天,,怒,怒,
3급,73,2016-06-18,130,seongeo_W,다음 (    ) 안에 알맞은 漢字[正字]를 써넣어 四字成語를 완성하시오.,莫(    )之友 : 서로의 뜻을 거스르지 않는 친한 벗,莫( )之友,,逆,逆,
3급,73,2016-06-18,131,seongeo_W,다음 (    ) 안에 알맞은 漢字[正字]를 써넣어 四字成語를 완성하시오.,面從腹(     ) : 겉으로는 복종하면서 속으로는 배반함,面從腹( ),,背,背,
3급,73,2016-06-18,132,seongeo_W,다음 (    ) 안에 알맞은 漢字[正字]를 써넣어 四字成語를 완성하시오.,手不釋(     ) : 손에서 책을 놓지 않음,手不釋( ),,卷,卷,
3급,73,2016-06-18,133,seongeo_W,다음 (    ) 안에 알맞은 漢字[正字]를 써넣어 四字成語를 완성하시오.,(    )不十年 : 권세가 10년을 가지 못함,( )不十年,,權,權,
3급,73,2016-06-18,134,seongeo_W,다음 (    ) 안에 알맞은 漢字[正字]를 써넣어 四字成語를 완성하시오.,實事求(     ) : 사실에 근거하여 진리나 진상을 탐구함,實事求( ),,是,是,
3급,73,2016-06-18,135,seongeo_W,다음 (    ) 안에 알맞은 漢字[正字]를 써넣어 四字成語를 완성하시오.,傲霜( )節 : 서릿발이 심한 가운데도 굴하지 않고 외로이 지키는 절개. 국화를 이름,傲霜( )節,,孤,孤,
3급,73,2016-06-18,136,seongeo_W,다음 (    ) 안에 알맞은 漢字[正字]를 써넣어 四字成語를 완성하시오.,走馬( )山 : 잘 살필 겨를 없이 대충 지나치며 살핌,走馬( )山,,看,看,
3급,73,2016-06-18,137,seongeo_W,다음 (    ) 안에 알맞은 漢字[正字]를 써넣어 四字成語를 완성하시오.,破邪( )正 : 그릇된 생각을 깨뜨리고 바른 도리를 드러냄,破邪( )正,,顯,顯,
3급,73,2016-06-18,138,busu_W,다음 漢字의 部首를 쓰시오.,毁,毁,,殳,殳,
3급,73,2016-06-18,139,busu_W,다음 漢字의 部首를 쓰시오.,妥,妥,,女,女,
3급,73,2016-06-18,140,busu_W,다음 漢字의 部首를 쓰시오.,秒,秒,,禾,禾,
3급,73,2016-06-18,141,busu_W,다음 漢字의 部首를 쓰시오.,余,余,,人,人,
3급,73,2016-06-18,142,busu_W,다음 漢字의 部首를 쓰시오.,輝,輝,,車,車,
3급,73,2016-06-18,143,yakja_W,다음 漢字의 略字를 쓰시오.,繼,繼,,継,継,
3급,73,2016-06-18,144,yakja_W,다음 漢字의 略字를 쓰시오.,辭,辭,,辞,辞,
3급,73,2016-06-18,145,yakja_W,다음 漢字의 略字를 쓰시오.,與,與,,与,与,
3급,73,2016-06-18,146,mean_W,다음 漢字語의 뜻을 쓰시오.,祈福,祈福,,복을 빔,복을 빔,
3급,73,2016-06-18,147,mean_W,다음 漢字語의 뜻을 쓰시오.,墨香,墨香,,먹의 향기,먹의 향기,
3급,73,2016-06-18,148,mean_W,다음 漢字語의 뜻을 쓰시오.,自愧,自愧,,스스로 부끄러워함,스스로 부끄러워함,
3급,73,2016-06-18,149,mean_W,다음 漢字語의 뜻을 쓰시오.,吐說,吐說,,숨겼던 사실을 비로소 말함,숨겼던 사실을 비로소 말함,
3급,73,2016-06-18,150,mean_W,다음 漢字語의 뜻을 쓰시오.,默言,默言,,잠자코 말하지 아니함,잠자코 말하지 아니함,
3급,74,2016-08-27,1,dokeum_W,다음 문장의 밑줄 친 漢字語의 讀音을 쓰시오.,이길 수 있는 좋은 기회를 捕捉하다.,捕捉,,포착,포착,
3급,74,2016-08-27,2,dokeum_W,다음 문장의 밑줄 친 漢字語의 讀音을 쓰시오.,모든 자식에게 재산을 贈與하다.,贈與,,증여,증여,
3급,74,2016-08-27,3,dokeum_W,다음 문장의 밑줄 친 漢字語의 讀音을 쓰시오.,형제간의 우애가 敦篤하다.,敦篤,,돈독,돈독,
3급,74,2016-08-27,4,dokeum_W,다음 문장의 밑줄 친 漢字語의 讀音을 쓰시오.,미인은 薄命한다는 속설이 있다.,薄命,,박명,박명,
3급,74,2016-08-27,5,dokeum_W,다음 문장의 밑줄 친 漢字語의 讀音을 쓰시오.,쇼윈도에 아름다운 꽃 裝飾을 하다.,裝飾,,장식,장식,
3급,74,2016-08-27,6,dokeum_W,다음 문장의 밑줄 친 漢字語의 讀音을 쓰시오.,저 사람의 태도가 너무 傲慢하다.,傲慢,,오만,오만,
3급,74,2016-08-27,7,dokeum_W,다음 문장의 밑줄 친 漢字語의 讀音을 쓰시오.,통용화폐로서 鑄貨의 기능성이 떨어지다.,鑄貨,,주화,주화,
3급,74,2016-08-27,8,dokeum_W,다음 문장의 밑줄 친 漢字語의 讀音을 쓰시오.,신생 회사가 跳躍하고 있다.,跳躍,,도약,도약,
3급,74,2016-08-27,9,dokeum_W,다음 문장의 밑줄 친 漢字語의 讀音을 쓰시오.,나무와 나무 사이의 間隔이 넓다.,間隔,,간격,간격,
3급,74,2016-08-27,10,dokeum_W,다음 문장의 밑줄 친 漢字語의 讀音을 쓰시오.,왕궁을 중심으로 宗廟 사직이 있다.,宗廟,,종묘,종묘,
3급,74,2016-08-27,11,dokeum_W,다음 문장의 밑줄 친 漢字語의 讀音을 쓰시오.,학교 주변에 嫌惡 시설이 있어서는 안 된다.,嫌惡,,혐오,혐오,
3급,74,2016-08-27,12,dokeum_W,다음 문장의 밑줄 친 漢字語의 讀音을 쓰시오.,이 전자제품은 携帶하기가 편리하다.,携帶,,휴대,휴대,
3급,74,2016-08-27,13,dokeum_W,다음 문장의 밑줄 친 漢字語의 讀音을 쓰시오.,봄은 다양한 씨앗을 播種하는 계절이다.,播種,,파종,파종,
3급,74,2016-08-27,14,dokeum_W,다음 문장의 밑줄 친 漢字語의 讀音을 쓰시오.,이 책은 飜譯이 잘 되어 있다.,飜譯,,번역,번역,
3급,74,2016-08-27,15,dokeum_W,다음 문장의 밑줄 친 漢字語의 讀音을 쓰시오.,오늘 경기는 先輩들이 앞장서서 응원하자.,先輩,,선배,선배,
3급,74,2016-08-27,16,dokeum_W,다음 문장의 밑줄 친 漢字語의 讀音을 쓰시오.,흑갈색으로 머리를 染色하다.,染色,,염색,염색,
3급,74,2016-08-27,17,dokeum_W,다음 문장의 밑줄 친 漢字語의 讀音을 쓰시오.,건강하려면 적당한 睡眠이 필요하다.,睡眠,,수면,수면,
3급,74,2016-08-27,18,dokeum_W,다음 문장의 밑줄 친 漢字語의 讀音을 쓰시오.,공무원이 腐敗하면 나라가 위태롭다.,腐敗,,부패,부패,
3급,74,2016-08-27,19,dokeum_W,다음 문장의 밑줄 친 漢字語의 讀音을 쓰시오.,실습 교실이 매우 騷亂스럽다.,騷亂,,소란,소란,
3급,74,2016-08-27,20,dokeum_W,다음 문장의 밑줄 친 漢字語의 讀音을 쓰시오.,이 鹽田은 곧 폐쇄될 예정이다.,鹽田,,염전,염전,
3급,74,2016-08-27,21,dokeum_W,다음 漢字語의 讀音을 쓰시오.,抱擁,抱擁,,포옹,포옹,
3급,74,2016-08-27,22,dokeum_W,다음 漢字語의 讀音을 쓰시오.,仲媒,仲媒,,중매,중매,
3급,74,2016-08-27,23,dokeum_W,다음 漢字語의 讀音을 쓰시오.,爵位,爵位,,작위,작위,
3급,74,2016-08-27,24,dokeum_W,다음 漢字語의 讀音을 쓰시오.,郵遞,郵遞,,우체,우체,
3급,74,2016-08-27,25,dokeum_W,다음 漢字語의 讀音을 쓰시오.,誕辰,誕辰,,탄신,탄신,
3급,74,2016-08-27,26,dokeum_W,다음 漢字語의 讀音을 쓰시오.,脅迫,脅迫,,협박,협박,
3급,74,2016-08-27,27,dokeum_W,다음 漢字語의 讀音을 쓰시오.,慨歎,慨歎,,개탄,개탄,
3급,74,2016-08-27,28,dokeum_W,다음 漢字語의 讀音을 쓰시오.,禍根,禍根,,화근,화근,
3급,74,2016-08-27,29,dokeum_W,다음 漢字語의 讀音을 쓰시오.,派遣,派遣,,파견,파견,
3급,74,2016-08-27,30,dokeum_W,다음 漢字語의 讀音을 쓰시오.,繫辭,繫辭,,계사,계사,
3급,74,2016-08-27,31,dokeum_W,다음 漢字語의 讀音을 쓰시오.,機械,機械,,기계,기계,
3급,74,2016-08-27,32,dokeum_W,다음 漢字語의 讀音을 쓰시오.,掛圖,掛圖,,괘도,괘도,
3급,74,2016-08-27,33,dokeum_W,다음 漢字語의 讀音을 쓰시오.,苟且,苟且,,구차,구차,
3급,74,2016-08-27,34,dokeum_W,다음 漢字語의 讀音을 쓰시오.,憐憫,憐憫,,연민,연민,
3급,74,2016-08-27,35,dokeum_W,다음 漢字語의 讀音을 쓰시오.,同僚,同僚,,동료,동료,
3급,74,2016-08-27,36,dokeum_W,다음 漢字語의 讀音을 쓰시오.,純綿,純綿,,순면,순면,
3급,74,2016-08-27,37,dokeum_W,다음 漢字語의 讀音을 쓰시오.,紋章,紋章,,문장,문장,
3급,74,2016-08-27,38,dokeum_W,다음 漢字語의 讀音을 쓰시오.,依賴,依賴,,의뢰,의뢰,
3급,74,2016-08-27,39,dokeum_W,다음 漢字語의 讀音을 쓰시오.,惜別,惜別,,석별,석별,
3급,74,2016-08-27,40,dokeum_W,다음 漢字語의 讀音을 쓰시오.,棄兒,棄兒,,기아,기아,
3급,74,2016-08-27,41,dokeum_W,다음 漢字語의 讀音을 쓰시오.,軟性,軟性,,연성,연성,
3급,74,2016-08-27,42,dokeum_W,다음 漢字語의 讀音을 쓰시오.,閱覽,閱覽,,열람,열람,
3급,74,2016-08-27,43,dokeum_W,다음 漢字語의 讀音을 쓰시오.,租稅,租稅,,조세,조세,
3급,74,2016-08-27,44,dokeum_W,다음 漢字語의 讀音을 쓰시오.,遲延,遲延,,지연,지연,
3급,74,2016-08-27,45,dokeum_W,다음 漢字語의 讀音을 쓰시오.,飛騰,飛騰,,비등,비등,
3급,74,2016-08-27,46,hanjaeo_W,다음의 밑줄 친 낱말을 漢字(正字)로 쓰시오.,"그 높은 차원의 특징으로서 우선 들어야 할 것은 인간이 언어를 가졌다는 것이다. 인간의 대뇌에는 말을 하도록 작용하는 중추신경이 있다. 이 신경의 작용으로 발음 기관을 움직여서 말을 하게 되고 또 청신경과 대뇌를 통하여 타인의 언어를 이해하는 것이다. 물론 다른 동물도 자신의 소리로써 그 나름의 신호를 교환한다. 침팬지는 수십 종의 소리를 내어 동료를 부르거나 탓하며 경계, 공포, 고통, 경악, 기쁨, 슬픔 등을 표현한다고도 한다. 그러나 이것은 감정의 직접적 표현에 불과하다. 인간의 언어는 이러한 감탄사에 불과한 것이 아니라 세분된 음성으로 의미 있는 단어를 이루고 이 단어들을 일정한 법칙에 따라 운용함으로써 복잡한 의미를 자유롭게 표현하는 상징인 것이다. 인간이 이 언어를 사용함으로써 자기의 경험을 타인에게 전달할 뿐만 아니라 타인의 경험을 제삼자에게 전달할 수 있고 이러한 소통은 기억을 낳게 했다. 또 인간은 언어를 통하여 복잡한 사상을 추상화할 수 있고 이에 따라 사고 능력을 발달시킬 수 있다. 인간이 가지는 또 하나의 높은 차원의 특징은 사회성이라고 할 것이다. 인간은 오랜 옛날부터 이미 집단을 형성하였고 그 구성원보다는 그 집단 자체가 생존 경쟁의 단위였다. 이 집단을 유지하기 위하여 조직과 제도가 생겨나고 다시 이의 통합을 위하여 정치가 생겨났다. 그래서 사람을 호모 폴리티쿠스라고도 한다. 집단생활을 하는 것은 물론 인간만은 아니다. 유인원, 어류, 조류, 곤충류 등도 일정한 영토를 확보하고 집단생활을 하며 그 안에는 계층적 차이까지 있다.",차원,,次元,次元,
3급,74,2016-08-27,47,hanjaeo_W,다음의 밑줄 친 낱말을 漢字(正字)로 쓰시오.,"그 높은 차원의 특징으로서 우선 들어야 할 것은 인간이 언어를 가졌다는 것이다. 인간의 대뇌에는 말을 하도록 작용하는 중추신경이 있다. 이 신경의 작용으로 발음 기관을 움직여서 말을 하게 되고 또 청신경과 대뇌를 통하여 타인의 언어를 이해하는 것이다. 물론 다른 동물도 자신의 소리로써 그 나름의 신호를 교환한다. 침팬지는 수십 종의 소리를 내어 동료를 부르거나 탓하며 경계, 공포, 고통, 경악, 기쁨, 슬픔 등을 표현한다고도 한다. 그러나 이것은 감정의 직접적 표현에 불과하다. 인간의 언어는 이러한 감탄사에 불과한 것이 아니라 세분된 음성으로 의미 있는 단어를 이루고 이 단어들을 일정한 법칙에 따라 운용함으로써 복잡한 의미를 자유롭게 표현하는 상징인 것이다. 인간이 이 언어를 사용함으로써 자기의 경험을 타인에게 전달할 뿐만 아니라 타인의 경험을 제삼자에게 전달할 수 있고 이러한 소통은 기억을 낳게 했다. 또 인간은 언어를 통하여 복잡한 사상을 추상화할 수 있고 이에 따라 사고 능력을 발달시킬 수 있다. 인간이 가지는 또 하나의 높은 차원의 특징은 사회성이라고 할 것이다. 인간은 오랜 옛날부터 이미 집단을 형성하였고 그 구성원보다는 그 집단 자체가 생존 경쟁의 단위였다. 이 집단을 유지하기 위하여 조직과 제도가 생겨나고 다시 이의 통합을 위하여 정치가 생겨났다. 그래서 사람을 호모 폴리티쿠스라고도 한다. 집단생활을 하는 것은 물론 인간만은 아니다. 유인원, 어류, 조류, 곤충류 등도 일정한 영토를 확보하고 집단생활을 하며 그 안에는 계층적 차이까지 있다.",작용,,作用,作用,
3급,74,2016-08-27,48,hanjaeo_W,다음의 밑줄 친 낱말을 漢字(正字)로 쓰시오.,"그 높은 차원의 특징으로서 우선 들어야 할 것은 인간이 언어를 가졌다는 것이다. 인간의 대뇌에는 말을 하도록 작용하는 중추신경이 있다. 이 신경의 작용으로 발음 기관을 움직여서 말을 하게 되고 또 청신경과 대뇌를 통하여 타인의 언어를 이해하는 것이다. 물론 다른 동물도 자신의 소리로써 그 나름의 신호를 교환한다. 침팬지는 수십 종의 소리를 내어 동료를 부르거나 탓하며 경계, 공포, 고통, 경악, 기쁨, 슬픔 등을 표현한다고도 한다. 그러나 이것은 감정의 직접적 표현에 불과하다. 인간의 언어는 이러한 감탄사에 불과한 것이 아니라 세분된 음성으로 의미 있는 단어를 이루고 이 단어들을 일정한 법칙에 따라 운용함으로써 복잡한 의미를 자유롭게 표현하는 상징인 것이다. 인간이 이 언어를 사용함으로써 자기의 경험을 타인에게 전달할 뿐만 아니라 타인의 경험을 제삼자에게 전달할 수 있고 이러한 소통은 기억을 낳게 했다. 또 인간은 언어를 통하여 복잡한 사상을 추상화할 수 있고 이에 따라 사고 능력을 발달시킬 수 있다. 인간이 가지는 또 하나의 높은 차원의 특징은 사회성이라고 할 것이다. 인간은 오랜 옛날부터 이미 집단을 형성하였고 그 구성원보다는 그 집단 자체가 생존 경쟁의 단위였다. 이 집단을 유지하기 위하여 조직과 제도가 생겨나고 다시 이의 통합을 위하여 정치가 생겨났다. 그래서 사람을 호모 폴리티쿠스라고도 한다. 집단생활을 하는 것은 물론 인간만은 아니다. 유인원, 어류, 조류, 곤충류 등도 일정한 영토를 확보하고 집단생활을 하며 그 안에는 계층적 차이까지 있다.",신경,,神經,神經,
3급,74,2016-08-27,49,hanjaeo_W,다음의 밑줄 친 낱말을 漢字(正字)로 쓰시오.,"그 높은 차원의 특징으로서 우선 들어야 할 것은 인간이 언어를 가졌다는 것이다. 인간의 대뇌에는 말을 하도록 작용하는 중추신경이 있다. 이 신경의 작용으로 발음 기관을 움직여서 말을 하게 되고 또 청신경과 대뇌를 통하여 타인의 언어를 이해하는 것이다. 물론 다른 동물도 자신의 소리로써 그 나름의 신호를 교환한다. 침팬지는 수십 종의 소리를 내어 동료를 부르거나 탓하며 경계, 공포, 고통, 경악, 기쁨, 슬픔 등을 표현한다고도 한다. 그러나 이것은 감정의 직접적 표현에 불과하다. 인간의 언어는 이러한 감탄사에 불과한 것이 아니라 세분된 음성으로 의미 있는 단어를 이루고 이 단어들을 일정한 법칙에 따라 운용함으로써 복잡한 의미를 자유롭게 표현하는 상징인 것이다. 인간이 이 언어를 사용함으로써 자기의 경험을 타인에게 전달할 뿐만 아니라 타인의 경험을 제삼자에게 전달할 수 있고 이러한 소통은 기억을 낳게 했다. 또 인간은 언어를 통하여 복잡한 사상을 추상화할 수 있고 이에 따라 사고 능력을 발달시킬 수 있다. 인간이 가지는 또 하나의 높은 차원의 특징은 사회성이라고 할 것이다. 인간은 오랜 옛날부터 이미 집단을 형성하였고 그 구성원보다는 그 집단 자체가 생존 경쟁의 단위였다. 이 집단을 유지하기 위하여 조직과 제도가 생겨나고 다시 이의 통합을 위하여 정치가 생겨났다. 그래서 사람을 호모 폴리티쿠스라고도 한다. 집단생활을 하는 것은 물론 인간만은 아니다. 유인원, 어류, 조류, 곤충류 등도 일정한 영토를 확보하고 집단생활을 하며 그 안에는 계층적 차이까지 있다.",기관,,器官,器官,
3급,74,2016-08-27,50,hanjaeo_W,다음의 밑줄 친 낱말을 漢字(正字)로 쓰시오.,"그 높은 차원의 특징으로서 우선 들어야 할 것은 인간이 언어를 가졌다는 것이다. 인간의 대뇌에는 말을 하도록 작용하는 중추신경이 있다. 이 신경의 작용으로 발음 기관을 움직여서 말을 하게 되고 또 청신경과 대뇌를 통하여 타인의 언어를 이해하는 것이다. 물론 다른 동물도 자신의 소리로써 그 나름의 신호를 교환한다. 침팬지는 수십 종의 소리를 내어 동료를 부르거나 탓하며 경계, 공포, 고통, 경악, 기쁨, 슬픔 등을 표현한다고도 한다. 그러나 이것은 감정의 직접적 표현에 불과하다. 인간의 언어는 이러한 감탄사에 불과한 것이 아니라 세분된 음성으로 의미 있는 단어를 이루고 이 단어들을 일정한 법칙에 따라 운용함으로써 복잡한 의미를 자유롭게 표현하는 상징인 것이다. 인간이 이 언어를 사용함으로써 자기의 경험을 타인에게 전달할 뿐만 아니라 타인의 경험을 제삼자에게 전달할 수 있고 이러한 소통은 기억을 낳게 했다. 또 인간은 언어를 통하여 복잡한 사상을 추상화할 수 있고 이에 따라 사고 능력을 발달시킬 수 있다. 인간이 가지는 또 하나의 높은 차원의 특징은 사회성이라고 할 것이다. 인간은 오랜 옛날부터 이미 집단을 형성하였고 그 구성원보다는 그 집단 자체가 생존 경쟁의 단위였다. 이 집단을 유지하기 위하여 조직과 제도가 생겨나고 다시 이의 통합을 위하여 정치가 생겨났다. 그래서 사람을 호모 폴리티쿠스라고도 한다. 집단생활을 하는 것은 물론 인간만은 아니다. 유인원, 어류, 조류, 곤충류 등도 일정한 영토를 확보하고 집단생활을 하며 그 안에는 계층적 차이까지 있다.",타인,,他人,他人,
3급,74,2016-08-27,51,hanjaeo_W,다음의 밑줄 친 낱말을 漢字(正字)로 쓰시오.,"그 높은 차원의 특징으로서 우선 들어야 할 것은 인간이 언어를 가졌다는 것이다. 인간의 대뇌에는 말을 하도록 작용하는 중추신경이 있다. 이 신경의 작용으로 발음 기관을 움직여서 말을 하게 되고 또 청신경과 대뇌를 통하여 타인의 언어를 이해하는 것이다. 물론 다른 동물도 자신의 소리로써 그 나름의 신호를 교환한다. 침팬지는 수십 종의 소리를 내어 동료를 부르거나 탓하며 경계, 공포, 고통, 경악, 기쁨, 슬픔 등을 표현한다고도 한다. 그러나 이것은 감정의 직접적 표현에 불과하다. 인간의 언어는 이러한 감탄사에 불과한 것이 아니라 세분된 음성으로 의미 있는 단어를 이루고 이 단어들을 일정한 법칙에 따라 운용함으로써 복잡한 의미를 자유롭게 표현하는 상징인 것이다. 인간이 이 언어를 사용함으로써 자기의 경험을 타인에게 전달할 뿐만 아니라 타인의 경험을 제삼자에게 전달할 수 있고 이러한 소통은 기억을 낳게 했다. 또 인간은 언어를 통하여 복잡한 사상을 추상화할 수 있고 이에 따라 사고 능력을 발달시킬 수 있다. 인간이 가지는 또 하나의 높은 차원의 특징은 사회성이라고 할 것이다. 인간은 오랜 옛날부터 이미 집단을 형성하였고 그 구성원보다는 그 집단 자체가 생존 경쟁의 단위였다. 이 집단을 유지하기 위하여 조직과 제도가 생겨나고 다시 이의 통합을 위하여 정치가 생겨났다. 그래서 사람을 호모 폴리티쿠스라고도 한다. 집단생활을 하는 것은 물론 인간만은 아니다. 유인원, 어류, 조류, 곤충류 등도 일정한 영토를 확보하고 집단생활을 하며 그 안에는 계층적 차이까지 있다.",이해,,理解,理解,
3급,74,2016-08-27,52,hanjaeo_W,다음의 밑줄 친 낱말을 漢字(正字)로 쓰시오.,"그 높은 차원의 특징으로서 우선 들어야 할 것은 인간이 언어를 가졌다는 것이다. 인간의 대뇌에는 말을 하도록 작용하는 중추신경이 있다. 이 신경의 작용으로 발음 기관을 움직여서 말을 하게 되고 또 청신경과 대뇌를 통하여 타인의 언어를 이해하는 것이다. 물론 다른 동물도 자신의 소리로써 그 나름의 신호를 교환한다. 침팬지는 수십 종의 소리를 내어 동료를 부르거나 탓하며 경계, 공포, 고통, 경악, 기쁨, 슬픔 등을 표현한다고도 한다. 그러나 이것은 감정의 직접적 표현에 불과하다. 인간의 언어는 이러한 감탄사에 불과한 것이 아니라 세분된 음성으로 의미 있는 단어를 이루고 이 단어들을 일정한 법칙에 따라 운용함으로써 복잡한 의미를 자유롭게 표현하는 상징인 것이다. 인간이 이 언어를 사용함으로써 자기의 경험을 타인에게 전달할 뿐만 아니라 타인의 경험을 제삼자에게 전달할 수 있고 이러한 소통은 기억을 낳게 했다. 또 인간은 언어를 통하여 복잡한 사상을 추상화할 수 있고 이에 따라 사고 능력을 발달시킬 수 있다. 인간이 가지는 또 하나의 높은 차원의 특징은 사회성이라고 할 것이다. 인간은 오랜 옛날부터 이미 집단을 형성하였고 그 구성원보다는 그 집단 자체가 생존 경쟁의 단위였다. 이 집단을 유지하기 위하여 조직과 제도가 생겨나고 다시 이의 통합을 위하여 정치가 생겨났다. 그래서 사람을 호모 폴리티쿠스라고도 한다. 집단생활을 하는 것은 물론 인간만은 아니다. 유인원, 어류, 조류, 곤충류 등도 일정한 영토를 확보하고 집단생활을 하며 그 안에는 계층적 차이까지 있다.",동물,,動物,動物,
3급,74,2016-08-27,53,hanjaeo_W,다음의 밑줄 친 낱말을 漢字(正字)로 쓰시오.,"그 높은 차원의 특징으로서 우선 들어야 할 것은 인간이 언어를 가졌다는 것이다. 인간의 대뇌에는 말을 하도록 작용하는 중추신경이 있다. 이 신경의 작용으로 발음 기관을 움직여서 말을 하게 되고 또 청신경과 대뇌를 통하여 타인의 언어를 이해하는 것이다. 물론 다른 동물도 자신의 소리로써 그 나름의 신호를 교환한다. 침팬지는 수십 종의 소리를 내어 동료를 부르거나 탓하며 경계, 공포, 고통, 경악, 기쁨, 슬픔 등을 표현한다고도 한다. 그러나 이것은 감정의 직접적 표현에 불과하다. 인간의 언어는 이러한 감탄사에 불과한 것이 아니라 세분된 음성으로 의미 있는 단어를 이루고 이 단어들을 일정한 법칙에 따라 운용함으로써 복잡한 의미를 자유롭게 표현하는 상징인 것이다. 인간이 이 언어를 사용함으로써 자기의 경험을 타인에게 전달할 뿐만 아니라 타인의 경험을 제삼자에게 전달할 수 있고 이러한 소통은 기억을 낳게 했다. 또 인간은 언어를 통하여 복잡한 사상을 추상화할 수 있고 이에 따라 사고 능력을 발달시킬 수 있다. 인간이 가지는 또 하나의 높은 차원의 특징은 사회성이라고 할 것이다. 인간은 오랜 옛날부터 이미 집단을 형성하였고 그 구성원보다는 그 집단 자체가 생존 경쟁의 단위였다. 이 집단을 유지하기 위하여 조직과 제도가 생겨나고 다시 이의 통합을 위하여 정치가 생겨났다. 그래서 사람을 호모 폴리티쿠스라고도 한다. 집단생활을 하는 것은 물론 인간만은 아니다. 유인원, 어류, 조류, 곤충류 등도 일정한 영토를 확보하고 집단생활을 하며 그 안에는 계층적 차이까지 있다.",신호,,信號,信號,
3급,74,2016-08-27,54,hanjaeo_W,다음의 밑줄 친 낱말을 漢字(正字)로 쓰시오.,"그 높은 차원의 특징으로서 우선 들어야 할 것은 인간이 언어를 가졌다는 것이다. 인간의 대뇌에는 말을 하도록 작용하는 중추신경이 있다. 이 신경의 작용으로 발음 기관을 움직여서 말을 하게 되고 또 청신경과 대뇌를 통하여 타인의 언어를 이해하는 것이다. 물론 다른 동물도 자신의 소리로써 그 나름의 신호를 교환한다. 침팬지는 수십 종의 소리를 내어 동료를 부르거나 탓하며 경계, 공포, 고통, 경악, 기쁨, 슬픔 등을 표현한다고도 한다. 그러나 이것은 감정의 직접적 표현에 불과하다. 인간의 언어는 이러한 감탄사에 불과한 것이 아니라 세분된 음성으로 의미 있는 단어를 이루고 이 단어들을 일정한 법칙에 따라 운용함으로써 복잡한 의미를 자유롭게 표현하는 상징인 것이다. 인간이 이 언어를 사용함으로써 자기의 경험을 타인에게 전달할 뿐만 아니라 타인의 경험을 제삼자에게 전달할 수 있고 이러한 소통은 기억을 낳게 했다. 또 인간은 언어를 통하여 복잡한 사상을 추상화할 수 있고 이에 따라 사고 능력을 발달시킬 수 있다. 인간이 가지는 또 하나의 높은 차원의 특징은 사회성이라고 할 것이다. 인간은 오랜 옛날부터 이미 집단을 형성하였고 그 구성원보다는 그 집단 자체가 생존 경쟁의 단위였다. 이 집단을 유지하기 위하여 조직과 제도가 생겨나고 다시 이의 통합을 위하여 정치가 생겨났다. 그래서 사람을 호모 폴리티쿠스라고도 한다. 집단생활을 하는 것은 물론 인간만은 아니다. 유인원, 어류, 조류, 곤충류 등도 일정한 영토를 확보하고 집단생활을 하며 그 안에는 계층적 차이까지 있다.",경계,,警戒,警戒,
3급,74,2016-08-27,55,hanjaeo_W,다음의 밑줄 친 낱말을 漢字(正字)로 쓰시오.,"그 높은 차원의 특징으로서 우선 들어야 할 것은 인간이 언어를 가졌다는 것이다. 인간의 대뇌에는 말을 하도록 작용하는 중추신경이 있다. 이 신경의 작용으로 발음 기관을 움직여서 말을 하게 되고 또 청신경과 대뇌를 통하여 타인의 언어를 이해하는 것이다. 물론 다른 동물도 자신의 소리로써 그 나름의 신호를 교환한다. 침팬지는 수십 종의 소리를 내어 동료를 부르거나 탓하며 경계, 공포, 고통, 경악, 기쁨, 슬픔 등을 표현한다고도 한다. 그러나 이것은 감정의 직접적 표현에 불과하다. 인간의 언어는 이러한 감탄사에 불과한 것이 아니라 세분된 음성으로 의미 있는 단어를 이루고 이 단어들을 일정한 법칙에 따라 운용함으로써 복잡한 의미를 자유롭게 표현하는 상징인 것이다. 인간이 이 언어를 사용함으로써 자기의 경험을 타인에게 전달할 뿐만 아니라 타인의 경험을 제삼자에게 전달할 수 있고 이러한 소통은 기억을 낳게 했다. 또 인간은 언어를 통하여 복잡한 사상을 추상화할 수 있고 이에 따라 사고 능력을 발달시킬 수 있다. 인간이 가지는 또 하나의 높은 차원의 특징은 사회성이라고 할 것이다. 인간은 오랜 옛날부터 이미 집단을 형성하였고 그 구성원보다는 그 집단 자체가 생존 경쟁의 단위였다. 이 집단을 유지하기 위하여 조직과 제도가 생겨나고 다시 이의 통합을 위하여 정치가 생겨났다. 그래서 사람을 호모 폴리티쿠스라고도 한다. 집단생활을 하는 것은 물론 인간만은 아니다. 유인원, 어류, 조류, 곤충류 등도 일정한 영토를 확보하고 집단생활을 하며 그 안에는 계층적 차이까지 있다.",고통,,苦痛,苦痛,
3급,74,2016-08-27,56,hanjaeo_W,다음의 밑줄 친 낱말을 漢字(正字)로 쓰시오.,"그 높은 차원의 특징으로서 우선 들어야 할 것은 인간이 언어를 가졌다는 것이다. 인간의 대뇌에는 말을 하도록 작용하는 중추신경이 있다. 이 신경의 작용으로 발음 기관을 움직여서 말을 하게 되고 또 청신경과 대뇌를 통하여 타인의 언어를 이해하는 것이다. 물론 다른 동물도 자신의 소리로써 그 나름의 신호를 교환한다. 침팬지는 수십 종의 소리를 내어 동료를 부르거나 탓하며 경계, 공포, 고통, 경악, 기쁨, 슬픔 등을 표현한다고도 한다. 그러나 이것은 감정의 직접적 표현에 불과하다. 인간의 언어는 이러한 감탄사에 불과한 것이 아니라 세분된 음성으로 의미 있는 단어를 이루고 이 단어들을 일정한 법칙에 따라 운용함으로써 복잡한 의미를 자유롭게 표현하는 상징인 것이다. 인간이 이 언어를 사용함으로써 자기의 경험을 타인에게 전달할 뿐만 아니라 타인의 경험을 제삼자에게 전달할 수 있고 이러한 소통은 기억을 낳게 했다. 또 인간은 언어를 통하여 복잡한 사상을 추상화할 수 있고 이에 따라 사고 능력을 발달시킬 수 있다. 인간이 가지는 또 하나의 높은 차원의 특징은 사회성이라고 할 것이다. 인간은 오랜 옛날부터 이미 집단을 형성하였고 그 구성원보다는 그 집단 자체가 생존 경쟁의 단위였다. 이 집단을 유지하기 위하여 조직과 제도가 생겨나고 다시 이의 통합을 위하여 정치가 생겨났다. 그래서 사람을 호모 폴리티쿠스라고도 한다. 집단생활을 하는 것은 물론 인간만은 아니다. 유인원, 어류, 조류, 곤충류 등도 일정한 영토를 확보하고 집단생활을 하며 그 안에는 계층적 차이까지 있다.",표현,,表現,表現,
3급,74,2016-08-27,57,hanjaeo_W,다음의 밑줄 친 낱말을 漢字(正字)로 쓰시오.,"그 높은 차원의 특징으로서 우선 들어야 할 것은 인간이 언어를 가졌다는 것이다. 인간의 대뇌에는 말을 하도록 작용하는 중추신경이 있다. 이 신경의 작용으로 발음 기관을 움직여서 말을 하게 되고 또 청신경과 대뇌를 통하여 타인의 언어를 이해하는 것이다. 물론 다른 동물도 자신의 소리로써 그 나름의 신호를 교환한다. 침팬지는 수십 종의 소리를 내어 동료를 부르거나 탓하며 경계, 공포, 고통, 경악, 기쁨, 슬픔 등을 표현한다고도 한다. 그러나 이것은 감정의 직접적 표현에 불과하다. 인간의 언어는 이러한 감탄사에 불과한 것이 아니라 세분된 음성으로 의미 있는 단어를 이루고 이 단어들을 일정한 법칙에 따라 운용함으로써 복잡한 의미를 자유롭게 표현하는 상징인 것이다. 인간이 이 언어를 사용함으로써 자기의 경험을 타인에게 전달할 뿐만 아니라 타인의 경험을 제삼자에게 전달할 수 있고 이러한 소통은 기억을 낳게 했다. 또 인간은 언어를 통하여 복잡한 사상을 추상화할 수 있고 이에 따라 사고 능력을 발달시킬 수 있다. 인간이 가지는 또 하나의 높은 차원의 특징은 사회성이라고 할 것이다. 인간은 오랜 옛날부터 이미 집단을 형성하였고 그 구성원보다는 그 집단 자체가 생존 경쟁의 단위였다. 이 집단을 유지하기 위하여 조직과 제도가 생겨나고 다시 이의 통합을 위하여 정치가 생겨났다. 그래서 사람을 호모 폴리티쿠스라고도 한다. 집단생활을 하는 것은 물론 인간만은 아니다. 유인원, 어류, 조류, 곤충류 등도 일정한 영토를 확보하고 집단생활을 하며 그 안에는 계층적 차이까지 있다.",감정,,感情,感情,
3급,74,2016-08-27,58,hanjaeo_W,다음의 밑줄 친 낱말을 漢字(正字)로 쓰시오.,"그 높은 차원의 특징으로서 우선 들어야 할 것은 인간이 언어를 가졌다는 것이다. 인간의 대뇌에는 말을 하도록 작용하는 중추신경이 있다. 이 신경의 작용으로 발음 기관을 움직여서 말을 하게 되고 또 청신경과 대뇌를 통하여 타인의 언어를 이해하는 것이다. 물론 다른 동물도 자신의 소리로써 그 나름의 신호를 교환한다. 침팬지는 수십 종의 소리를 내어 동료를 부르거나 탓하며 경계, 공포, 고통, 경악, 기쁨, 슬픔 등을 표현한다고도 한다. 그러나 이것은 감정의 직접적 표현에 불과하다. 인간의 언어는 이러한 감탄사에 불과한 것이 아니라 세분된 음성으로 의미 있는 단어를 이루고 이 단어들을 일정한 법칙에 따라 운용함으로써 복잡한 의미를 자유롭게 표현하는 상징인 것이다. 인간이 이 언어를 사용함으로써 자기의 경험을 타인에게 전달할 뿐만 아니라 타인의 경험을 제삼자에게 전달할 수 있고 이러한 소통은 기억을 낳게 했다. 또 인간은 언어를 통하여 복잡한 사상을 추상화할 수 있고 이에 따라 사고 능력을 발달시킬 수 있다. 인간이 가지는 또 하나의 높은 차원의 특징은 사회성이라고 할 것이다. 인간은 오랜 옛날부터 이미 집단을 형성하였고 그 구성원보다는 그 집단 자체가 생존 경쟁의 단위였다. 이 집단을 유지하기 위하여 조직과 제도가 생겨나고 다시 이의 통합을 위하여 정치가 생겨났다. 그래서 사람을 호모 폴리티쿠스라고도 한다. 집단생활을 하는 것은 물론 인간만은 아니다. 유인원, 어류, 조류, 곤충류 등도 일정한 영토를 확보하고 집단생활을 하며 그 안에는 계층적 차이까지 있다.",직접,,直接,直接,
3급,74,2016-08-27,59,hanjaeo_W,다음의 밑줄 친 낱말을 漢字(正字)로 쓰시오.,"그 높은 차원의 특징으로서 우선 들어야 할 것은 인간이 언어를 가졌다는 것이다. 인간의 대뇌에는 말을 하도록 작용하는 중추신경이 있다. 이 신경의 작용으로 발음 기관을 움직여서 말을 하게 되고 또 청신경과 대뇌를 통하여 타인의 언어를 이해하는 것이다. 물론 다른 동물도 자신의 소리로써 그 나름의 신호를 교환한다. 침팬지는 수십 종의 소리를 내어 동료를 부르거나 탓하며 경계, 공포, 고통, 경악, 기쁨, 슬픔 등을 표현한다고도 한다. 그러나 이것은 감정의 직접적 표현에 불과하다. 인간의 언어는 이러한 감탄사에 불과한 것이 아니라 세분된 음성으로 의미 있는 단어를 이루고 이 단어들을 일정한 법칙에 따라 운용함으로써 복잡한 의미를 자유롭게 표현하는 상징인 것이다. 인간이 이 언어를 사용함으로써 자기의 경험을 타인에게 전달할 뿐만 아니라 타인의 경험을 제삼자에게 전달할 수 있고 이러한 소통은 기억을 낳게 했다. 또 인간은 언어를 통하여 복잡한 사상을 추상화할 수 있고 이에 따라 사고 능력을 발달시킬 수 있다. 인간이 가지는 또 하나의 높은 차원의 특징은 사회성이라고 할 것이다. 인간은 오랜 옛날부터 이미 집단을 형성하였고 그 구성원보다는 그 집단 자체가 생존 경쟁의 단위였다. 이 집단을 유지하기 위하여 조직과 제도가 생겨나고 다시 이의 통합을 위하여 정치가 생겨났다. 그래서 사람을 호모 폴리티쿠스라고도 한다. 집단생활을 하는 것은 물론 인간만은 아니다. 유인원, 어류, 조류, 곤충류 등도 일정한 영토를 확보하고 집단생활을 하며 그 안에는 계층적 차이까지 있다.",불과,,不過,不過,
3급,74,2016-08-27,60,hanjaeo_W,다음의 밑줄 친 낱말을 漢字(正字)로 쓰시오.,"그 높은 차원의 특징으로서 우선 들어야 할 것은 인간이 언어를 가졌다는 것이다. 인간의 대뇌에는 말을 하도록 작용하는 중추신경이 있다. 이 신경의 작용으로 발음 기관을 움직여서 말을 하게 되고 또 청신경과 대뇌를 통하여 타인의 언어를 이해하는 것이다. 물론 다른 동물도 자신의 소리로써 그 나름의 신호를 교환한다. 침팬지는 수십 종의 소리를 내어 동료를 부르거나 탓하며 경계, 공포, 고통, 경악, 기쁨, 슬픔 등을 표현한다고도 한다. 그러나 이것은 감정의 직접적 표현에 불과하다. 인간의 언어는 이러한 감탄사에 불과한 것이 아니라 세분된 음성으로 의미 있는 단어를 이루고 이 단어들을 일정한 법칙에 따라 운용함으로써 복잡한 의미를 자유롭게 표현하는 상징인 것이다. 인간이 이 언어를 사용함으로써 자기의 경험을 타인에게 전달할 뿐만 아니라 타인의 경험을 제삼자에게 전달할 수 있고 이러한 소통은 기억을 낳게 했다. 또 인간은 언어를 통하여 복잡한 사상을 추상화할 수 있고 이에 따라 사고 능력을 발달시킬 수 있다. 인간이 가지는 또 하나의 높은 차원의 특징은 사회성이라고 할 것이다. 인간은 오랜 옛날부터 이미 집단을 형성하였고 그 구성원보다는 그 집단 자체가 생존 경쟁의 단위였다. 이 집단을 유지하기 위하여 조직과 제도가 생겨나고 다시 이의 통합을 위하여 정치가 생겨났다. 그래서 사람을 호모 폴리티쿠스라고도 한다. 집단생활을 하는 것은 물론 인간만은 아니다. 유인원, 어류, 조류, 곤충류 등도 일정한 영토를 확보하고 집단생활을 하며 그 안에는 계층적 차이까지 있다.",세분,,細分,細分,
3급,74,2016-08-27,61,hanjaeo_W,다음의 밑줄 친 낱말을 漢字(正字)로 쓰시오.,"그 높은 차원의 특징으로서 우선 들어야 할 것은 인간이 언어를 가졌다는 것이다. 인간의 대뇌에는 말을 하도록 작용하는 중추신경이 있다. 이 신경의 작용으로 발음 기관을 움직여서 말을 하게 되고 또 청신경과 대뇌를 통하여 타인의 언어를 이해하는 것이다. 물론 다른 동물도 자신의 소리로써 그 나름의 신호를 교환한다. 침팬지는 수십 종의 소리를 내어 동료를 부르거나 탓하며 경계, 공포, 고통, 경악, 기쁨, 슬픔 등을 표현한다고도 한다. 그러나 이것은 감정의 직접적 표현에 불과하다. 인간의 언어는 이러한 감탄사에 불과한 것이 아니라 세분된 음성으로 의미 있는 단어를 이루고 이 단어들을 일정한 법칙에 따라 운용함으로써 복잡한 의미를 자유롭게 표현하는 상징인 것이다. 인간이 이 언어를 사용함으로써 자기의 경험을 타인에게 전달할 뿐만 아니라 타인의 경험을 제삼자에게 전달할 수 있고 이러한 소통은 기억을 낳게 했다. 또 인간은 언어를 통하여 복잡한 사상을 추상화할 수 있고 이에 따라 사고 능력을 발달시킬 수 있다. 인간이 가지는 또 하나의 높은 차원의 특징은 사회성이라고 할 것이다. 인간은 오랜 옛날부터 이미 집단을 형성하였고 그 구성원보다는 그 집단 자체가 생존 경쟁의 단위였다. 이 집단을 유지하기 위하여 조직과 제도가 생겨나고 다시 이의 통합을 위하여 정치가 생겨났다. 그래서 사람을 호모 폴리티쿠스라고도 한다. 집단생활을 하는 것은 물론 인간만은 아니다. 유인원, 어류, 조류, 곤충류 등도 일정한 영토를 확보하고 집단생활을 하며 그 안에는 계층적 차이까지 있다.",의미,,意味,意味,
3급,74,2016-08-27,62,hanjaeo_W,다음의 밑줄 친 낱말을 漢字(正字)로 쓰시오.,"그 높은 차원의 특징으로서 우선 들어야 할 것은 인간이 언어를 가졌다는 것이다. 인간의 대뇌에는 말을 하도록 작용하는 중추신경이 있다. 이 신경의 작용으로 발음 기관을 움직여서 말을 하게 되고 또 청신경과 대뇌를 통하여 타인의 언어를 이해하는 것이다. 물론 다른 동물도 자신의 소리로써 그 나름의 신호를 교환한다. 침팬지는 수십 종의 소리를 내어 동료를 부르거나 탓하며 경계, 공포, 고통, 경악, 기쁨, 슬픔 등을 표현한다고도 한다. 그러나 이것은 감정의 직접적 표현에 불과하다. 인간의 언어는 이러한 감탄사에 불과한 것이 아니라 세분된 음성으로 의미 있는 단어를 이루고 이 단어들을 일정한 법칙에 따라 운용함으로써 복잡한 의미를 자유롭게 표현하는 상징인 것이다. 인간이 이 언어를 사용함으로써 자기의 경험을 타인에게 전달할 뿐만 아니라 타인의 경험을 제삼자에게 전달할 수 있고 이러한 소통은 기억을 낳게 했다. 또 인간은 언어를 통하여 복잡한 사상을 추상화할 수 있고 이에 따라 사고 능력을 발달시킬 수 있다. 인간이 가지는 또 하나의 높은 차원의 특징은 사회성이라고 할 것이다. 인간은 오랜 옛날부터 이미 집단을 형성하였고 그 구성원보다는 그 집단 자체가 생존 경쟁의 단위였다. 이 집단을 유지하기 위하여 조직과 제도가 생겨나고 다시 이의 통합을 위하여 정치가 생겨났다. 그래서 사람을 호모 폴리티쿠스라고도 한다. 집단생활을 하는 것은 물론 인간만은 아니다. 유인원, 어류, 조류, 곤충류 등도 일정한 영토를 확보하고 집단생활을 하며 그 안에는 계층적 차이까지 있다.",법칙,,法則,法則,
3급,74,2016-08-27,63,hanjaeo_W,다음의 밑줄 친 낱말을 漢字(正字)로 쓰시오.,"그 높은 차원의 특징으로서 우선 들어야 할 것은 인간이 언어를 가졌다는 것이다. 인간의 대뇌에는 말을 하도록 작용하는 중추신경이 있다. 이 신경의 작용으로 발음 기관을 움직여서 말을 하게 되고 또 청신경과 대뇌를 통하여 타인의 언어를 이해하는 것이다. 물론 다른 동물도 자신의 소리로써 그 나름의 신호를 교환한다. 침팬지는 수십 종의 소리를 내어 동료를 부르거나 탓하며 경계, 공포, 고통, 경악, 기쁨, 슬픔 등을 표현한다고도 한다. 그러나 이것은 감정의 직접적 표현에 불과하다. 인간의 언어는 이러한 감탄사에 불과한 것이 아니라 세분된 음성으로 의미 있는 단어를 이루고 이 단어들을 일정한 법칙에 따라 운용함으로써 복잡한 의미를 자유롭게 표현하는 상징인 것이다. 인간이 이 언어를 사용함으로써 자기의 경험을 타인에게 전달할 뿐만 아니라 타인의 경험을 제삼자에게 전달할 수 있고 이러한 소통은 기억을 낳게 했다. 또 인간은 언어를 통하여 복잡한 사상을 추상화할 수 있고 이에 따라 사고 능력을 발달시킬 수 있다. 인간이 가지는 또 하나의 높은 차원의 특징은 사회성이라고 할 것이다. 인간은 오랜 옛날부터 이미 집단을 형성하였고 그 구성원보다는 그 집단 자체가 생존 경쟁의 단위였다. 이 집단을 유지하기 위하여 조직과 제도가 생겨나고 다시 이의 통합을 위하여 정치가 생겨났다. 그래서 사람을 호모 폴리티쿠스라고도 한다. 집단생활을 하는 것은 물론 인간만은 아니다. 유인원, 어류, 조류, 곤충류 등도 일정한 영토를 확보하고 집단생활을 하며 그 안에는 계층적 차이까지 있다.",복잡,,複雜,複雜,
3급,74,2016-08-27,64,hanjaeo_W,다음의 밑줄 친 낱말을 漢字(正字)로 쓰시오.,"그 높은 차원의 특징으로서 우선 들어야 할 것은 인간이 언어를 가졌다는 것이다. 인간의 대뇌에는 말을 하도록 작용하는 중추신경이 있다. 이 신경의 작용으로 발음 기관을 움직여서 말을 하게 되고 또 청신경과 대뇌를 통하여 타인의 언어를 이해하는 것이다. 물론 다른 동물도 자신의 소리로써 그 나름의 신호를 교환한다. 침팬지는 수십 종의 소리를 내어 동료를 부르거나 탓하며 경계, 공포, 고통, 경악, 기쁨, 슬픔 등을 표현한다고도 한다. 그러나 이것은 감정의 직접적 표현에 불과하다. 인간의 언어는 이러한 감탄사에 불과한 것이 아니라 세분된 음성으로 의미 있는 단어를 이루고 이 단어들을 일정한 법칙에 따라 운용함으로써 복잡한 의미를 자유롭게 표현하는 상징인 것이다. 인간이 이 언어를 사용함으로써 자기의 경험을 타인에게 전달할 뿐만 아니라 타인의 경험을 제삼자에게 전달할 수 있고 이러한 소통은 기억을 낳게 했다. 또 인간은 언어를 통하여 복잡한 사상을 추상화할 수 있고 이에 따라 사고 능력을 발달시킬 수 있다. 인간이 가지는 또 하나의 높은 차원의 특징은 사회성이라고 할 것이다. 인간은 오랜 옛날부터 이미 집단을 형성하였고 그 구성원보다는 그 집단 자체가 생존 경쟁의 단위였다. 이 집단을 유지하기 위하여 조직과 제도가 생겨나고 다시 이의 통합을 위하여 정치가 생겨났다. 그래서 사람을 호모 폴리티쿠스라고도 한다. 집단생활을 하는 것은 물론 인간만은 아니다. 유인원, 어류, 조류, 곤충류 등도 일정한 영토를 확보하고 집단생활을 하며 그 안에는 계층적 차이까지 있다.",자유,,自由,自由,
3급,74,2016-08-27,65,hanjaeo_W,다음의 밑줄 친 낱말을 漢字(正字)로 쓰시오.,"그 높은 차원의 특징으로서 우선 들어야 할 것은 인간이 언어를 가졌다는 것이다. 인간의 대뇌에는 말을 하도록 작용하는 중추신경이 있다. 이 신경의 작용으로 발음 기관을 움직여서 말을 하게 되고 또 청신경과 대뇌를 통하여 타인의 언어를 이해하는 것이다. 물론 다른 동물도 자신의 소리로써 그 나름의 신호를 교환한다. 침팬지는 수십 종의 소리를 내어 동료를 부르거나 탓하며 경계, 공포, 고통, 경악, 기쁨, 슬픔 등을 표현한다고도 한다. 그러나 이것은 감정의 직접적 표현에 불과하다. 인간의 언어는 이러한 감탄사에 불과한 것이 아니라 세분된 음성으로 의미 있는 단어를 이루고 이 단어들을 일정한 법칙에 따라 운용함으로써 복잡한 의미를 자유롭게 표현하는 상징인 것이다. 인간이 이 언어를 사용함으로써 자기의 경험을 타인에게 전달할 뿐만 아니라 타인의 경험을 제삼자에게 전달할 수 있고 이러한 소통은 기억을 낳게 했다. 또 인간은 언어를 통하여 복잡한 사상을 추상화할 수 있고 이에 따라 사고 능력을 발달시킬 수 있다. 인간이 가지는 또 하나의 높은 차원의 특징은 사회성이라고 할 것이다. 인간은 오랜 옛날부터 이미 집단을 형성하였고 그 구성원보다는 그 집단 자체가 생존 경쟁의 단위였다. 이 집단을 유지하기 위하여 조직과 제도가 생겨나고 다시 이의 통합을 위하여 정치가 생겨났다. 그래서 사람을 호모 폴리티쿠스라고도 한다. 집단생활을 하는 것은 물론 인간만은 아니다. 유인원, 어류, 조류, 곤충류 등도 일정한 영토를 확보하고 집단생활을 하며 그 안에는 계층적 차이까지 있다.",전달,,傳達,傳達,
3급,74,2016-08-27,66,hanjaeo_W,다음의 밑줄 친 낱말을 漢字(正字)로 쓰시오.,"그 높은 차원의 특징으로서 우선 들어야 할 것은 인간이 언어를 가졌다는 것이다. 인간의 대뇌에는 말을 하도록 작용하는 중추신경이 있다. 이 신경의 작용으로 발음 기관을 움직여서 말을 하게 되고 또 청신경과 대뇌를 통하여 타인의 언어를 이해하는 것이다. 물론 다른 동물도 자신의 소리로써 그 나름의 신호를 교환한다. 침팬지는 수십 종의 소리를 내어 동료를 부르거나 탓하며 경계, 공포, 고통, 경악, 기쁨, 슬픔 등을 표현한다고도 한다. 그러나 이것은 감정의 직접적 표현에 불과하다. 인간의 언어는 이러한 감탄사에 불과한 것이 아니라 세분된 음성으로 의미 있는 단어를 이루고 이 단어들을 일정한 법칙에 따라 운용함으로써 복잡한 의미를 자유롭게 표현하는 상징인 것이다. 인간이 이 언어를 사용함으로써 자기의 경험을 타인에게 전달할 뿐만 아니라 타인의 경험을 제삼자에게 전달할 수 있고 이러한 소통은 기억을 낳게 했다. 또 인간은 언어를 통하여 복잡한 사상을 추상화할 수 있고 이에 따라 사고 능력을 발달시킬 수 있다. 인간이 가지는 또 하나의 높은 차원의 특징은 사회성이라고 할 것이다. 인간은 오랜 옛날부터 이미 집단을 형성하였고 그 구성원보다는 그 집단 자체가 생존 경쟁의 단위였다. 이 집단을 유지하기 위하여 조직과 제도가 생겨나고 다시 이의 통합을 위하여 정치가 생겨났다. 그래서 사람을 호모 폴리티쿠스라고도 한다. 집단생활을 하는 것은 물론 인간만은 아니다. 유인원, 어류, 조류, 곤충류 등도 일정한 영토를 확보하고 집단생활을 하며 그 안에는 계층적 차이까지 있다.",사고,,思考,思考,
3급,74,2016-08-27,67,hanjaeo_W,다음의 밑줄 친 낱말을 漢字(正字)로 쓰시오.,"그 높은 차원의 특징으로서 우선 들어야 할 것은 인간이 언어를 가졌다는 것이다. 인간의 대뇌에는 말을 하도록 작용하는 중추신경이 있다. 이 신경의 작용으로 발음 기관을 움직여서 말을 하게 되고 또 청신경과 대뇌를 통하여 타인의 언어를 이해하는 것이다. 물론 다른 동물도 자신의 소리로써 그 나름의 신호를 교환한다. 침팬지는 수십 종의 소리를 내어 동료를 부르거나 탓하며 경계, 공포, 고통, 경악, 기쁨, 슬픔 등을 표현한다고도 한다. 그러나 이것은 감정의 직접적 표현에 불과하다. 인간의 언어는 이러한 감탄사에 불과한 것이 아니라 세분된 음성으로 의미 있는 단어를 이루고 이 단어들을 일정한 법칙에 따라 운용함으로써 복잡한 의미를 자유롭게 표현하는 상징인 것이다. 인간이 이 언어를 사용함으로써 자기의 경험을 타인에게 전달할 뿐만 아니라 타인의 경험을 제삼자에게 전달할 수 있고 이러한 소통은 기억을 낳게 했다. 또 인간은 언어를 통하여 복잡한 사상을 추상화할 수 있고 이에 따라 사고 능력을 발달시킬 수 있다. 인간이 가지는 또 하나의 높은 차원의 특징은 사회성이라고 할 것이다. 인간은 오랜 옛날부터 이미 집단을 형성하였고 그 구성원보다는 그 집단 자체가 생존 경쟁의 단위였다. 이 집단을 유지하기 위하여 조직과 제도가 생겨나고 다시 이의 통합을 위하여 정치가 생겨났다. 그래서 사람을 호모 폴리티쿠스라고도 한다. 집단생활을 하는 것은 물론 인간만은 아니다. 유인원, 어류, 조류, 곤충류 등도 일정한 영토를 확보하고 집단생활을 하며 그 안에는 계층적 차이까지 있다.",집단,,集團,集團,
3급,74,2016-08-27,68,hanjaeo_W,다음의 밑줄 친 낱말을 漢字(正字)로 쓰시오.,"그 높은 차원의 특징으로서 우선 들어야 할 것은 인간이 언어를 가졌다는 것이다. 인간의 대뇌에는 말을 하도록 작용하는 중추신경이 있다. 이 신경의 작용으로 발음 기관을 움직여서 말을 하게 되고 또 청신경과 대뇌를 통하여 타인의 언어를 이해하는 것이다. 물론 다른 동물도 자신의 소리로써 그 나름의 신호를 교환한다. 침팬지는 수십 종의 소리를 내어 동료를 부르거나 탓하며 경계, 공포, 고통, 경악, 기쁨, 슬픔 등을 표현한다고도 한다. 그러나 이것은 감정의 직접적 표현에 불과하다. 인간의 언어는 이러한 감탄사에 불과한 것이 아니라 세분된 음성으로 의미 있는 단어를 이루고 이 단어들을 일정한 법칙에 따라 운용함으로써 복잡한 의미를 자유롭게 표현하는 상징인 것이다. 인간이 이 언어를 사용함으로써 자기의 경험을 타인에게 전달할 뿐만 아니라 타인의 경험을 제삼자에게 전달할 수 있고 이러한 소통은 기억을 낳게 했다. 또 인간은 언어를 통하여 복잡한 사상을 추상화할 수 있고 이에 따라 사고 능력을 발달시킬 수 있다. 인간이 가지는 또 하나의 높은 차원의 특징은 사회성이라고 할 것이다. 인간은 오랜 옛날부터 이미 집단을 형성하였고 그 구성원보다는 그 집단 자체가 생존 경쟁의 단위였다. 이 집단을 유지하기 위하여 조직과 제도가 생겨나고 다시 이의 통합을 위하여 정치가 생겨났다. 그래서 사람을 호모 폴리티쿠스라고도 한다. 집단생활을 하는 것은 물론 인간만은 아니다. 유인원, 어류, 조류, 곤충류 등도 일정한 영토를 확보하고 집단생활을 하며 그 안에는 계층적 차이까지 있다.",생존,,生存,生存,
3급,74,2016-08-27,69,hanjaeo_W,다음의 밑줄 친 낱말을 漢字(正字)로 쓰시오.,"그 높은 차원의 특징으로서 우선 들어야 할 것은 인간이 언어를 가졌다는 것이다. 인간의 대뇌에는 말을 하도록 작용하는 중추신경이 있다. 이 신경의 작용으로 발음 기관을 움직여서 말을 하게 되고 또 청신경과 대뇌를 통하여 타인의 언어를 이해하는 것이다. 물론 다른 동물도 자신의 소리로써 그 나름의 신호를 교환한다. 침팬지는 수십 종의 소리를 내어 동료를 부르거나 탓하며 경계, 공포, 고통, 경악, 기쁨, 슬픔 등을 표현한다고도 한다. 그러나 이것은 감정의 직접적 표현에 불과하다. 인간의 언어는 이러한 감탄사에 불과한 것이 아니라 세분된 음성으로 의미 있는 단어를 이루고 이 단어들을 일정한 법칙에 따라 운용함으로써 복잡한 의미를 자유롭게 표현하는 상징인 것이다. 인간이 이 언어를 사용함으로써 자기의 경험을 타인에게 전달할 뿐만 아니라 타인의 경험을 제삼자에게 전달할 수 있고 이러한 소통은 기억을 낳게 했다. 또 인간은 언어를 통하여 복잡한 사상을 추상화할 수 있고 이에 따라 사고 능력을 발달시킬 수 있다. 인간이 가지는 또 하나의 높은 차원의 특징은 사회성이라고 할 것이다. 인간은 오랜 옛날부터 이미 집단을 형성하였고 그 구성원보다는 그 집단 자체가 생존 경쟁의 단위였다. 이 집단을 유지하기 위하여 조직과 제도가 생겨나고 다시 이의 통합을 위하여 정치가 생겨났다. 그래서 사람을 호모 폴리티쿠스라고도 한다. 집단생활을 하는 것은 물론 인간만은 아니다. 유인원, 어류, 조류, 곤충류 등도 일정한 영토를 확보하고 집단생활을 하며 그 안에는 계층적 차이까지 있다.",경쟁,,競爭,競爭,
3급,74,2016-08-27,70,hanjaeo_W,다음의 밑줄 친 낱말을 漢字(正字)로 쓰시오.,"그 높은 차원의 특징으로서 우선 들어야 할 것은 인간이 언어를 가졌다는 것이다. 인간의 대뇌에는 말을 하도록 작용하는 중추신경이 있다. 이 신경의 작용으로 발음 기관을 움직여서 말을 하게 되고 또 청신경과 대뇌를 통하여 타인의 언어를 이해하는 것이다. 물론 다른 동물도 자신의 소리로써 그 나름의 신호를 교환한다. 침팬지는 수십 종의 소리를 내어 동료를 부르거나 탓하며 경계, 공포, 고통, 경악, 기쁨, 슬픔 등을 표현한다고도 한다. 그러나 이것은 감정의 직접적 표현에 불과하다. 인간의 언어는 이러한 감탄사에 불과한 것이 아니라 세분된 음성으로 의미 있는 단어를 이루고 이 단어들을 일정한 법칙에 따라 운용함으로써 복잡한 의미를 자유롭게 표현하는 상징인 것이다. 인간이 이 언어를 사용함으로써 자기의 경험을 타인에게 전달할 뿐만 아니라 타인의 경험을 제삼자에게 전달할 수 있고 이러한 소통은 기억을 낳게 했다. 또 인간은 언어를 통하여 복잡한 사상을 추상화할 수 있고 이에 따라 사고 능력을 발달시킬 수 있다. 인간이 가지는 또 하나의 높은 차원의 특징은 사회성이라고 할 것이다. 인간은 오랜 옛날부터 이미 집단을 형성하였고 그 구성원보다는 그 집단 자체가 생존 경쟁의 단위였다. 이 집단을 유지하기 위하여 조직과 제도가 생겨나고 다시 이의 통합을 위하여 정치가 생겨났다. 그래서 사람을 호모 폴리티쿠스라고도 한다. 집단생활을 하는 것은 물론 인간만은 아니다. 유인원, 어류, 조류, 곤충류 등도 일정한 영토를 확보하고 집단생활을 하며 그 안에는 계층적 차이까지 있다.",조직,,組織,組織,
3급,74,2016-08-27,71,hanjaeo_W,다음의 밑줄 친 낱말을 漢字(正字)로 쓰시오.,"그 높은 차원의 특징으로서 우선 들어야 할 것은 인간이 언어를 가졌다는 것이다. 인간의 대뇌에는 말을 하도록 작용하는 중추신경이 있다. 이 신경의 작용으로 발음 기관을 움직여서 말을 하게 되고 또 청신경과 대뇌를 통하여 타인의 언어를 이해하는 것이다. 물론 다른 동물도 자신의 소리로써 그 나름의 신호를 교환한다. 침팬지는 수십 종의 소리를 내어 동료를 부르거나 탓하며 경계, 공포, 고통, 경악, 기쁨, 슬픔 등을 표현한다고도 한다. 그러나 이것은 감정의 직접적 표현에 불과하다. 인간의 언어는 이러한 감탄사에 불과한 것이 아니라 세분된 음성으로 의미 있는 단어를 이루고 이 단어들을 일정한 법칙에 따라 운용함으로써 복잡한 의미를 자유롭게 표현하는 상징인 것이다. 인간이 이 언어를 사용함으로써 자기의 경험을 타인에게 전달할 뿐만 아니라 타인의 경험을 제삼자에게 전달할 수 있고 이러한 소통은 기억을 낳게 했다. 또 인간은 언어를 통하여 복잡한 사상을 추상화할 수 있고 이에 따라 사고 능력을 발달시킬 수 있다. 인간이 가지는 또 하나의 높은 차원의 특징은 사회성이라고 할 것이다. 인간은 오랜 옛날부터 이미 집단을 형성하였고 그 구성원보다는 그 집단 자체가 생존 경쟁의 단위였다. 이 집단을 유지하기 위하여 조직과 제도가 생겨나고 다시 이의 통합을 위하여 정치가 생겨났다. 그래서 사람을 호모 폴리티쿠스라고도 한다. 집단생활을 하는 것은 물론 인간만은 아니다. 유인원, 어류, 조류, 곤충류 등도 일정한 영토를 확보하고 집단생활을 하며 그 안에는 계층적 차이까지 있다.",제도,,制度,制度,
3급,74,2016-08-27,72,hanjaeo_W,다음의 밑줄 친 낱말을 漢字(正字)로 쓰시오.,"그 높은 차원의 특징으로서 우선 들어야 할 것은 인간이 언어를 가졌다는 것이다. 인간의 대뇌에는 말을 하도록 작용하는 중추신경이 있다. 이 신경의 작용으로 발음 기관을 움직여서 말을 하게 되고 또 청신경과 대뇌를 통하여 타인의 언어를 이해하는 것이다. 물론 다른 동물도 자신의 소리로써 그 나름의 신호를 교환한다. 침팬지는 수십 종의 소리를 내어 동료를 부르거나 탓하며 경계, 공포, 고통, 경악, 기쁨, 슬픔 등을 표현한다고도 한다. 그러나 이것은 감정의 직접적 표현에 불과하다. 인간의 언어는 이러한 감탄사에 불과한 것이 아니라 세분된 음성으로 의미 있는 단어를 이루고 이 단어들을 일정한 법칙에 따라 운용함으로써 복잡한 의미를 자유롭게 표현하는 상징인 것이다. 인간이 이 언어를 사용함으로써 자기의 경험을 타인에게 전달할 뿐만 아니라 타인의 경험을 제삼자에게 전달할 수 있고 이러한 소통은 기억을 낳게 했다. 또 인간은 언어를 통하여 복잡한 사상을 추상화할 수 있고 이에 따라 사고 능력을 발달시킬 수 있다. 인간이 가지는 또 하나의 높은 차원의 특징은 사회성이라고 할 것이다. 인간은 오랜 옛날부터 이미 집단을 형성하였고 그 구성원보다는 그 집단 자체가 생존 경쟁의 단위였다. 이 집단을 유지하기 위하여 조직과 제도가 생겨나고 다시 이의 통합을 위하여 정치가 생겨났다. 그래서 사람을 호모 폴리티쿠스라고도 한다. 집단생활을 하는 것은 물론 인간만은 아니다. 유인원, 어류, 조류, 곤충류 등도 일정한 영토를 확보하고 집단생활을 하며 그 안에는 계층적 차이까지 있다.",정치,,政治,政治,
3급,74,2016-08-27,73,hanjaeo_W,다음의 밑줄 친 낱말을 漢字(正字)로 쓰시오.,"그 높은 차원의 특징으로서 우선 들어야 할 것은 인간이 언어를 가졌다는 것이다. 인간의 대뇌에는 말을 하도록 작용하는 중추신경이 있다. 이 신경의 작용으로 발음 기관을 움직여서 말을 하게 되고 또 청신경과 대뇌를 통하여 타인의 언어를 이해하는 것이다. 물론 다른 동물도 자신의 소리로써 그 나름의 신호를 교환한다. 침팬지는 수십 종의 소리를 내어 동료를 부르거나 탓하며 경계, 공포, 고통, 경악, 기쁨, 슬픔 등을 표현한다고도 한다. 그러나 이것은 감정의 직접적 표현에 불과하다. 인간의 언어는 이러한 감탄사에 불과한 것이 아니라 세분된 음성으로 의미 있는 단어를 이루고 이 단어들을 일정한 법칙에 따라 운용함으로써 복잡한 의미를 자유롭게 표현하는 상징인 것이다. 인간이 이 언어를 사용함으로써 자기의 경험을 타인에게 전달할 뿐만 아니라 타인의 경험을 제삼자에게 전달할 수 있고 이러한 소통은 기억을 낳게 했다. 또 인간은 언어를 통하여 복잡한 사상을 추상화할 수 있고 이에 따라 사고 능력을 발달시킬 수 있다. 인간이 가지는 또 하나의 높은 차원의 특징은 사회성이라고 할 것이다. 인간은 오랜 옛날부터 이미 집단을 형성하였고 그 구성원보다는 그 집단 자체가 생존 경쟁의 단위였다. 이 집단을 유지하기 위하여 조직과 제도가 생겨나고 다시 이의 통합을 위하여 정치가 생겨났다. 그래서 사람을 호모 폴리티쿠스라고도 한다. 집단생활을 하는 것은 물론 인간만은 아니다. 유인원, 어류, 조류, 곤충류 등도 일정한 영토를 확보하고 집단생활을 하며 그 안에는 계층적 차이까지 있다.",조류,,鳥類,鳥類,
3급,74,2016-08-27,74,hanjaeo_W,다음의 밑줄 친 낱말을 漢字(正字)로 쓰시오.,"그 높은 차원의 특징으로서 우선 들어야 할 것은 인간이 언어를 가졌다는 것이다. 인간의 대뇌에는 말을 하도록 작용하는 중추신경이 있다. 이 신경의 작용으로 발음 기관을 움직여서 말을 하게 되고 또 청신경과 대뇌를 통하여 타인의 언어를 이해하는 것이다. 물론 다른 동물도 자신의 소리로써 그 나름의 신호를 교환한다. 침팬지는 수십 종의 소리를 내어 동료를 부르거나 탓하며 경계, 공포, 고통, 경악, 기쁨, 슬픔 등을 표현한다고도 한다. 그러나 이것은 감정의 직접적 표현에 불과하다. 인간의 언어는 이러한 감탄사에 불과한 것이 아니라 세분된 음성으로 의미 있는 단어를 이루고 이 단어들을 일정한 법칙에 따라 운용함으로써 복잡한 의미를 자유롭게 표현하는 상징인 것이다. 인간이 이 언어를 사용함으로써 자기의 경험을 타인에게 전달할 뿐만 아니라 타인의 경험을 제삼자에게 전달할 수 있고 이러한 소통은 기억을 낳게 했다. 또 인간은 언어를 통하여 복잡한 사상을 추상화할 수 있고 이에 따라 사고 능력을 발달시킬 수 있다. 인간이 가지는 또 하나의 높은 차원의 특징은 사회성이라고 할 것이다. 인간은 오랜 옛날부터 이미 집단을 형성하였고 그 구성원보다는 그 집단 자체가 생존 경쟁의 단위였다. 이 집단을 유지하기 위하여 조직과 제도가 생겨나고 다시 이의 통합을 위하여 정치가 생겨났다. 그래서 사람을 호모 폴리티쿠스라고도 한다. 집단생활을 하는 것은 물론 인간만은 아니다. 유인원, 어류, 조류, 곤충류 등도 일정한 영토를 확보하고 집단생활을 하며 그 안에는 계층적 차이까지 있다.",영토,,領土,領土,
3급,74,2016-08-27,75,hanjaeo_W,다음의 밑줄 친 낱말을 漢字(正字)로 쓰시오.,"그 높은 차원의 특징으로서 우선 들어야 할 것은 인간이 언어를 가졌다는 것이다. 인간의 대뇌에는 말을 하도록 작용하는 중추신경이 있다. 이 신경의 작용으로 발음 기관을 움직여서 말을 하게 되고 또 청신경과 대뇌를 통하여 타인의 언어를 이해하는 것이다. 물론 다른 동물도 자신의 소리로써 그 나름의 신호를 교환한다. 침팬지는 수십 종의 소리를 내어 동료를 부르거나 탓하며 경계, 공포, 고통, 경악, 기쁨, 슬픔 등을 표현한다고도 한다. 그러나 이것은 감정의 직접적 표현에 불과하다. 인간의 언어는 이러한 감탄사에 불과한 것이 아니라 세분된 음성으로 의미 있는 단어를 이루고 이 단어들을 일정한 법칙에 따라 운용함으로써 복잡한 의미를 자유롭게 표현하는 상징인 것이다. 인간이 이 언어를 사용함으로써 자기의 경험을 타인에게 전달할 뿐만 아니라 타인의 경험을 제삼자에게 전달할 수 있고 이러한 소통은 기억을 낳게 했다. 또 인간은 언어를 통하여 복잡한 사상을 추상화할 수 있고 이에 따라 사고 능력을 발달시킬 수 있다. 인간이 가지는 또 하나의 높은 차원의 특징은 사회성이라고 할 것이다. 인간은 오랜 옛날부터 이미 집단을 형성하였고 그 구성원보다는 그 집단 자체가 생존 경쟁의 단위였다. 이 집단을 유지하기 위하여 조직과 제도가 생겨나고 다시 이의 통합을 위하여 정치가 생겨났다. 그래서 사람을 호모 폴리티쿠스라고도 한다. 집단생활을 하는 것은 물론 인간만은 아니다. 유인원, 어류, 조류, 곤충류 등도 일정한 영토를 확보하고 집단생활을 하며 그 안에는 계층적 차이까지 있다.",계층,,階層,階層,
3급,74,2016-08-27,76,huneum_W,다음 漢字의 訓과 音을 쓰시오.,徒,徒,,무리 도,무리 도,
3급,74,2016-08-27,77,huneum_W,다음 漢字의 訓과 音을 쓰시오.,蜂,蜂,,벌 봉,벌 봉,
3급,74,2016-08-27,78,huneum_W,다음 漢字의 訓과 音을 쓰시오.,舍,舍,,집 사,집 사,
3급,74,2016-08-27,79,huneum_W,다음 漢字의 訓과 音을 쓰시오.,餘,餘,,남을 여,남을 여,
3급,74,2016-08-27,80,huneum_W,다음 漢字의 訓과 音을 쓰시오.,赤,赤,,붉을 적,붉을 적,
3급,74,2016-08-27,81,huneum_W,다음 漢字의 訓과 音을 쓰시오.,渴,渴,,목마를 갈,목마를 갈,
3급,74,2016-08-27,82,huneum_W,다음 漢字의 訓과 音을 쓰시오.,途,途,,길 도,길 도,
3급,74,2016-08-27,83,huneum_W,다음 漢字의 訓과 音을 쓰시오.,奉,奉,,받들 봉,받들 봉,
3급,74,2016-08-27,84,huneum_W,다음 漢字의 訓과 音을 쓰시오.,牧,牧,,칠 목,칠 목,
3급,74,2016-08-27,85,huneum_W,다음 漢字의 訓과 音을 쓰시오.,鴻,鴻,,기러기 홍,기러기 홍,
3급,74,2016-08-27,86,huneum_W,다음 漢字의 訓과 音을 쓰시오.,周,周,,두루 주,두루 주,
3급,74,2016-08-27,87,huneum_W,다음 漢字의 訓과 音을 쓰시오.,隱,隱,,숨을 은,숨을 은,
3급,74,2016-08-27,88,huneum_W,다음 漢字의 訓과 音을 쓰시오.,布,布,,베 포,베 포,
3급,74,2016-08-27,89,huneum_W,다음 漢字의 訓과 音을 쓰시오.,打,打,,칠 타,칠 타,
3급,74,2016-08-27,90,huneum_W,다음 漢字의 訓과 音을 쓰시오.,推,推,,밀 추,밀 추,
3급,74,2016-08-27,91,huneum_W,다음 漢字의 訓과 音을 쓰시오.,渡,渡,,건널 도,건널 도,
3급,74,2016-08-27,92,huneum_W,다음 漢字의 訓과 音을 쓰시오.,納,納,,들일 납,들일 납,
3급,74,2016-08-27,93,huneum_W,다음 漢字의 訓과 音을 쓰시오.,孟,孟,,맏 맹,맏 맹,
3급,74,2016-08-27,94,huneum_W,다음 漢字의 訓과 音을 쓰시오.,負,負,,질 부,질 부,
3급,74,2016-08-27,95,huneum_W,다음 漢字의 訓과 音을 쓰시오.,朔,朔,,초하루 삭,초하루 삭,
3급,74,2016-08-27,96,huneum_W,다음 漢字의 訓과 音을 쓰시오.,愼,愼,,삼갈 신,삼갈 신,
3급,74,2016-08-27,97,huneum_W,다음 漢字의 訓과 音을 쓰시오.,蝶,蝶,,나비 접,나비 접,
3급,74,2016-08-27,98,huneum_W,다음 漢字의 訓과 音을 쓰시오.,宜,宜,,마땅 의,마땅 의,
3급,74,2016-08-27,99,huneum_W,다음 漢字의 訓과 音을 쓰시오.,照,照,,비칠 조,비칠 조,
3급,74,2016-08-27,100,huneum_W,다음 漢字의 訓과 音을 쓰시오.,畢,畢,,마칠 필,마칠 필,
3급,74,2016-08-27,101,huneum_W,다음 漢字의 訓과 音을 쓰시오.,背,背,,등 배,등 배,
3급,74,2016-08-27,102,huneum_W,다음 漢字의 訓과 音을 쓰시오.,旦,旦,,아침 단,아침 단,
3급,74,2016-08-27,103,jangeum_S,다음 중 첫 音節이 長音으로 소리 나는 漢字語 5개를 골라 그 번호를 쓰시오.,,,"[""① 始原"", ""② 眼科"", ""③ 歌手"", ""④ 中央"", ""⑤ 傷處"", ""⑥ 斷絶"", ""⑦ 勉學"", ""⑧ 練習"", ""⑨ 日課"", ""⑩ 俗談""]",①,① 始原,
3급,74,2016-08-27,104,jangeum_S,다음 중 첫 音節이 長音으로 소리 나는 漢字語 5개를 골라 그 번호를 쓰시오.,,,"[""① 始原"", ""② 眼科"", ""③ 歌手"", ""④ 中央"", ""⑤ 傷處"", ""⑥ 斷絶"", ""⑦ 勉學"", ""⑧ 練習"", ""⑨ 日課"", ""⑩ 俗談""]",②,② 眼科,
3급,74,2016-08-27,105,jangeum_S,다음 중 첫 音節이 長音으로 소리 나는 漢字語 5개를 골라 그 번호를 쓰시오.,,,"[""① 始原"", ""② 眼科"", ""③ 歌手"", ""④ 中央"", ""⑤ 傷處"", ""⑥ 斷絶"", ""⑦ 勉學"", ""⑧ 練習"", ""⑨ 日課"", ""⑩ 俗談""]",⑥,⑥ 斷絶,
3급,74,2016-08-27,106,jangeum_S,다음 중 첫 音節이 長音으로 소리 나는 漢字語 5개를 골라 그 번호를 쓰시오.,,,"[""① 始原"", ""② 眼科"", ""③ 歌手"", ""④ 中央"", ""⑤ 傷處"", ""⑥ 斷絶"", ""⑦ 勉學"", ""⑧ 練習"", ""⑨ 日課"", ""⑩ 俗談""]",⑦,⑦ 勉學,
3급,74,2016-08-27,107,jangeum_S,다음 중 첫 音節이 長音으로 소리 나는 漢字語 5개를 골라 그 번호를 쓰시오.,,,"[""① 始原"", ""② 眼科"", ""③ 歌手"", ""④ 中央"", ""⑤ 傷處"", ""⑥ 斷絶"", ""⑦ 勉學"", ""⑧ 練習"", ""⑨ 日課"", ""⑩ 俗談""]",⑧,⑧ 練習,
3급,74,2016-08-27,108,yui_W,다음 (    ) 안에 비슷한 뜻을 가진 漢字(正字)를 써넣어 널리 쓰이는 單語를 완성하시오.,歡 - (   ),歡 - ( ),,喜,喜,
3급,74,2016-08-27,109,yui_W,다음 (    ) 안에 비슷한 뜻을 가진 漢字(正字)를 써넣어 널리 쓰이는 單語를 완성하시오.,添 - (   ),添 - ( ),,加,加,
3급,74,2016-08-27,110,yui_W,다음 (    ) 안에 비슷한 뜻을 가진 漢字(正字)를 써넣어 널리 쓰이는 單語를 완성하시오.,家 - (   ),家 - ( ),,屋,屋,
3급,74,2016-08-27,111,yui_W,다음 (    ) 안에 비슷한 뜻을 가진 漢字(正字)를 써넣어 널리 쓰이는 單語를 완성하시오.,(   ) - 兵,( ) - 兵,,卒,卒,
3급,74,2016-08-27,112,yui_W,다음 (    ) 안에 비슷한 뜻을 가진 漢字(正字)를 써넣어 널리 쓰이는 單語를 완성하시오.,(   ) - 斜,( ) - 斜,,傾,傾,
3급,74,2016-08-27,113,banui_W,다음 (    ) 안에 뜻이 反對 또는 相對 되는 漢字(正字)를 써넣어 널리 쓰이는 單語를 만드시오.,貧 ↔ ( ),貧 ↔ ( ),,富,富,
3급,74,2016-08-27,114,banui_W,다음 (    ) 안에 뜻이 反對 또는 相對 되는 漢字(正字)를 써넣어 널리 쓰이는 單語를 만드시오.,兄 ↔ ( ),兄 ↔ ( ),,弟,弟,
3급,74,2016-08-27,115,banui_W,다음 (    ) 안에 뜻이 反對 또는 相對 되는 漢字(正字)를 써넣어 널리 쓰이는 單語를 만드시오.,損 ↔ ( ),損 ↔ ( ),,益,益,
3급,74,2016-08-27,116,banui_W,다음 (    ) 안에 뜻이 反對 또는 相對 되는 漢字(正字)를 써넣어 널리 쓰이는 單語를 만드시오.,(   ) ↔ 海,( ) ↔ 海,,陸,陸,
3급,74,2016-08-27,117,banui_W,다음 (    ) 안에 뜻이 反對 또는 相對 되는 漢字(正字)를 써넣어 널리 쓰이는 單語를 만드시오.,(   ) ↔ 卑,( ) ↔ 卑,,尊,尊,
3급,74,2016-08-27,118,banuieo_W,다음 漢字語의 反對語 또는 相對語를 2음절로 된 漢字(正字)로 쓰시오.,擴大 ↔ (    ),擴大 ↔ ( ),,縮小,縮小,
3급,74,2016-08-27,119,banuieo_W,다음 漢字語의 反對語 또는 相對語를 2음절로 된 漢字(正字)로 쓰시오.,干涉 ↔ (    ),干涉 ↔ ( ),,放任,放任,
3급,74,2016-08-27,120,banuieo_W,다음 漢字語의 反對語 또는 相對語를 2음절로 된 漢字(正字)로 쓰시오.,上昇 ↔ (    ),上昇 ↔ ( ),,下降,下降,
3급,74,2016-08-27,121,banuieo_W,다음 漢字語의 反對語 또는 相對語를 2음절로 된 漢字(正字)로 쓰시오.,保守 ↔ (    ),保守 ↔ ( ),,進步,進步,
3급,74,2016-08-27,122,banuieo_W,다음 漢字語의 反對語 또는 相對語를 2음절로 된 漢字(正字)로 쓰시오.,實質 ↔ (    ),實質 ↔ ( ),,名目,名目,
3급,74,2016-08-27,123,dongeumeo_W,다음 漢字語의 同音異義語를 제시된 뜻에 맞는 漢字(正字)로 쓰시오.,(造花) - 서로 잘 어울림.,(造花),,調和,調和,
3급,74,2016-08-27,124,dongeumeo_W,다음 漢字語의 同音異義語를 제시된 뜻에 맞는 漢字(正字)로 쓰시오.,(支柱) - 땅의 주인,(支柱),,地主,地主,
3급,74,2016-08-27,125,dongeumeo_W,다음 漢字語의 同音異義語를 제시된 뜻에 맞는 漢字(正字)로 쓰시오.,(煙氣) - 배우가 배역의 성격과 행동을 표현하는 일.,(煙氣),,演技,演技,
3급,74,2016-08-27,126,dongeumeo_W,다음 漢字語의 同音異義語를 제시된 뜻에 맞는 漢字(正字)로 쓰시오.,(謀士) - 사물을 있는 그대로 그림.,(謀士),,模寫,模寫,
3급,74,2016-08-27,127,dongeumeo_W,다음 漢字語의 同音異義語를 제시된 뜻에 맞는 漢字(正字)로 쓰시오.,(詳述) - 장사하는 솜씨,(詳述),,商術,商術,
3급,74,2016-08-27,128,seongeo_W,다음 (        ) 안에 알맞은 漢字(正字)를 써 넣어 四字成語를 완성하시오.,事必( )正 : 모든 일은 반드시 바른 길로 돌아감.,事必( )正,,歸,歸,
3급,74,2016-08-27,129,seongeo_W,다음 (        ) 안에 알맞은 漢字(正字)를 써 넣어 四字成語를 완성하시오.,風前( )火 : 매우 위급한 처지에 놓임을 뜻함.,風前( )火,,燈,燈,
3급,74,2016-08-27,130,seongeo_W,다음 (        ) 안에 알맞은 漢字(正字)를 써 넣어 四字成語를 완성하시오.,會者定(    ) : 누구나 만나면 헤어지게 마련임을 뜻함.,會者定( ),,離,離,
3급,74,2016-08-27,131,seongeo_W,다음 (        ) 안에 알맞은 漢字(正字)를 써 넣어 四字成語를 완성하시오.,天高( )肥 : 가을이 매우 좋은 절기임을 뜻함.,天高( )肥,,馬,馬,
3급,74,2016-08-27,132,seongeo_W,다음 (        ) 안에 알맞은 漢字(正字)를 써 넣어 四字成語를 완성하시오.,九(    )肝腸 : 깊은 시름에 쌓인 마음을 뜻함.,九( )肝腸,,曲,曲,
3급,74,2016-08-27,133,seongeo_W,다음 (        ) 안에 알맞은 漢字(正字)를 써 넣어 四字成語를 완성하시오.,脣亡( )寒 : 입술이 없으면 이가 시리다는 것을 뜻함.,脣亡( )寒,,齒,齒,
3급,74,2016-08-27,134,seongeo_W,다음 (        ) 안에 알맞은 漢字(正字)를 써 넣어 四字成語를 완성하시오.,賢母( )妻 : 어질고 훌륭한 아내를 뜻함.,賢母( )妻,,良,良,
3급,74,2016-08-27,135,seongeo_W,다음 (        ) 안에 알맞은 漢字(正字)를 써 넣어 四字成語를 완성하시오.,森羅( )象 : 세상의 모든 사물과 현상을 뜻함.,森羅( )象,,萬,萬,
3급,74,2016-08-27,136,seongeo_W,다음 (        ) 안에 알맞은 漢字(正字)를 써 넣어 四字成語를 완성하시오.,(    )顔無恥 : 부끄러움을 모르는 것을 뜻함.,( )顔無恥,,厚,厚,
3급,74,2016-08-27,137,seongeo_W,다음 (        ) 안에 알맞은 漢字(正字)를 써 넣어 四字成語를 완성하시오.,互(    )之勢 : 능력이 서로 엇비슷하다는 것을 뜻함.,互( )之勢,,角,角,
3급,74,2016-08-27,138,busu_W,다음 漢字의 部首를 쓰시오.,甲,甲,,田,田,
3급,74,2016-08-27,139,busu_W,다음 漢字의 部首를 쓰시오.,更,更,,曰,曰,
3급,74,2016-08-27,140,busu_W,다음 漢字의 部首를 쓰시오.,希,希,,巾,巾,
3급,74,2016-08-27,141,busu_W,다음 漢字의 部首를 쓰시오.,喪,喪,,口,口,
3급,74,2016-08-27,142,busu_W,다음 漢字의 部首를 쓰시오.,焉,焉,,火,火,
3급,74,2016-08-27,143,yakja_W,다음 漢字의 略字를 쓰시오.,佛,佛,,仏,仏,
3급,74,2016-08-27,144,yakja_W,다음 漢字의 略字를 쓰시오.,變,變,,変,変,
3급,74,2016-08-27,145,yakja_W,다음 漢字의 略字를 쓰시오.,黨,黨,,党,党,
3급,74,2016-08-27,146,mean_W,다음 漢字語의 뜻을 쓰시오.,朝食,朝食,,아침밥,아침밥,
3급,74,2016-08-27,147,mean_W,다음 漢字語의 뜻을 쓰시오.,就職,就職,,일자리를 얻음,일자리를 얻음,
3급,74,2016-08-27,148,mean_W,다음 漢字語의 뜻을 쓰시오.,割引,割引,,물건값을 깎아 줌,물건값을 깎아 줌,
3급,74,2016-08-27,149,mean_W,다음 漢字語의 뜻을 쓰시오.,初面,初面,,처음 대하는 사람,처음 대하는 사람,
3급,74,2016-08-27,150,mean_W,다음 漢字語의 뜻을 쓰시오.,獨唱,獨唱,,혼자 노래를 부름,혼자 노래를 부름,
3급,75,2016-11-26,1,dokeum_W,다음 밑줄 친 漢字語의 讀音을 쓰시오.,"1917년 ｢無情｣이 連載된 每日申報는 言論･結社･集會의 자유가 嚴格히 制限된 무단통치기의 唯一한 조선어 新聞이었다. 종합잡지 靑春은 이미 停刊된 지 오래였고 東京 留學生들의 기관지 學之光마저 當局의 檢閱로 인해 잇달아 押收되던 때였으니, 비록 總督府 機關紙였다고는 해도 당대로서는 조선의 독자들에게 文明知識을 普及하고 민족 감정을 불어넣는 데 緊要한 媒體로는 每日申報만한 지면도 없었던 셈이다.",無情,,무정,무정,
3급,75,2016-11-26,2,dokeum_W,다음 밑줄 친 漢字語의 讀音을 쓰시오.,"1917년 ｢無情｣이 連載된 每日申報는 言論･結社･集會의 자유가 嚴格히 制限된 무단통치기의 唯一한 조선어 新聞이었다. 종합잡지 靑春은 이미 停刊된 지 오래였고 東京 留學生들의 기관지 學之光마저 當局의 檢閱로 인해 잇달아 押收되던 때였으니, 비록 總督府 機關紙였다고는 해도 당대로서는 조선의 독자들에게 文明知識을 普及하고 민족 감정을 불어넣는 데 緊要한 媒體로는 每日申報만한 지면도 없었던 셈이다.",連載,,연재,연재,
3급,75,2016-11-26,3,dokeum_W,다음 밑줄 친 漢字語의 讀音을 쓰시오.,"1917년 ｢無情｣이 連載된 每日申報는 言論･結社･集會의 자유가 嚴格히 制限된 무단통치기의 唯一한 조선어 新聞이었다. 종합잡지 靑春은 이미 停刊된 지 오래였고 東京 留學生들의 기관지 學之光마저 當局의 檢閱로 인해 잇달아 押收되던 때였으니, 비록 總督府 機關紙였다고는 해도 당대로서는 조선의 독자들에게 文明知識을 普及하고 민족 감정을 불어넣는 데 緊要한 媒體로는 每日申報만한 지면도 없었던 셈이다.",每日申報,,매일신보,매일신보,
3급,75,2016-11-26,4,dokeum_W,다음 밑줄 친 漢字語의 讀音을 쓰시오.,"1917년 ｢無情｣이 連載된 每日申報는 言論･結社･集會의 자유가 嚴格히 制限된 무단통치기의 唯一한 조선어 新聞이었다. 종합잡지 靑春은 이미 停刊된 지 오래였고 東京 留學生들의 기관지 學之光마저 當局의 檢閱로 인해 잇달아 押收되던 때였으니, 비록 總督府 機關紙였다고는 해도 당대로서는 조선의 독자들에게 文明知識을 普及하고 민족 감정을 불어넣는 데 緊要한 媒體로는 每日申報만한 지면도 없었던 셈이다.",言論,,언론,언론,
3급,75,2016-11-26,5,dokeum_W,다음 밑줄 친 漢字語의 讀音을 쓰시오.,"1917년 ｢無情｣이 連載된 每日申報는 言論･結社･集會의 자유가 嚴格히 制限된 무단통치기의 唯一한 조선어 新聞이었다. 종합잡지 靑春은 이미 停刊된 지 오래였고 東京 留學生들의 기관지 學之光마저 當局의 檢閱로 인해 잇달아 押收되던 때였으니, 비록 總督府 機關紙였다고는 해도 당대로서는 조선의 독자들에게 文明知識을 普及하고 민족 감정을 불어넣는 데 緊要한 媒體로는 每日申報만한 지면도 없었던 셈이다.",結社,,결사,결사,
3급,75,2016-11-26,6,dokeum_W,다음 밑줄 친 漢字語의 讀音을 쓰시오.,"1917년 ｢無情｣이 連載된 每日申報는 言論･結社･集會의 자유가 嚴格히 制限된 무단통치기의 唯一한 조선어 新聞이었다. 종합잡지 靑春은 이미 停刊된 지 오래였고 東京 留學生들의 기관지 學之光마저 當局의 檢閱로 인해 잇달아 押收되던 때였으니, 비록 總督府 機關紙였다고는 해도 당대로서는 조선의 독자들에게 文明知識을 普及하고 민족 감정을 불어넣는 데 緊要한 媒體로는 每日申報만한 지면도 없었던 셈이다.",集會,,집회,집회,
3급,75,2016-11-26,7,dokeum_W,다음 밑줄 친 漢字語의 讀音을 쓰시오.,"1917년 ｢無情｣이 連載된 每日申報는 言論･結社･集會의 자유가 嚴格히 制限된 무단통치기의 唯一한 조선어 新聞이었다. 종합잡지 靑春은 이미 停刊된 지 오래였고 東京 留學生들의 기관지 學之光마저 當局의 檢閱로 인해 잇달아 押收되던 때였으니, 비록 總督府 機關紙였다고는 해도 당대로서는 조선의 독자들에게 文明知識을 普及하고 민족 감정을 불어넣는 데 緊要한 媒體로는 每日申報만한 지면도 없었던 셈이다.",嚴格,,엄격,엄격,
3급,75,2016-11-26,8,dokeum_W,다음 밑줄 친 漢字語의 讀音을 쓰시오.,"1917년 ｢無情｣이 連載된 每日申報는 言論･結社･集會의 자유가 嚴格히 制限된 무단통치기의 唯一한 조선어 新聞이었다. 종합잡지 靑春은 이미 停刊된 지 오래였고 東京 留學生들의 기관지 學之光마저 當局의 檢閱로 인해 잇달아 押收되던 때였으니, 비록 總督府 機關紙였다고는 해도 당대로서는 조선의 독자들에게 文明知識을 普及하고 민족 감정을 불어넣는 데 緊要한 媒體로는 每日申報만한 지면도 없었던 셈이다.",制限,,제한,제한,
3급,75,2016-11-26,9,dokeum_W,다음 밑줄 친 漢字語의 讀音을 쓰시오.,"1917년 ｢無情｣이 連載된 每日申報는 言論･結社･集會의 자유가 嚴格히 制限된 무단통치기의 唯一한 조선어 新聞이었다. 종합잡지 靑春은 이미 停刊된 지 오래였고 東京 留學生들의 기관지 學之光마저 當局의 檢閱로 인해 잇달아 押收되던 때였으니, 비록 總督府 機關紙였다고는 해도 당대로서는 조선의 독자들에게 文明知識을 普及하고 민족 감정을 불어넣는 데 緊要한 媒體로는 每日申報만한 지면도 없었던 셈이다.",唯一,,유일,유일,
3급,75,2016-11-26,10,dokeum_W,다음 밑줄 친 漢字語의 讀音을 쓰시오.,"1917년 ｢無情｣이 連載된 每日申報는 言論･結社･集會의 자유가 嚴格히 制限된 무단통치기의 唯一한 조선어 新聞이었다. 종합잡지 靑春은 이미 停刊된 지 오래였고 東京 留學生들의 기관지 學之光마저 當局의 檢閱로 인해 잇달아 押收되던 때였으니, 비록 總督府 機關紙였다고는 해도 당대로서는 조선의 독자들에게 文明知識을 普及하고 민족 감정을 불어넣는 데 緊要한 媒體로는 每日申報만한 지면도 없었던 셈이다.",新聞,,신문,신문,
3급,75,2016-11-26,11,dokeum_W,다음 밑줄 친 漢字語의 讀音을 쓰시오.,"1917년 ｢無情｣이 連載된 每日申報는 言論･結社･集會의 자유가 嚴格히 制限된 무단통치기의 唯一한 조선어 新聞이었다. 종합잡지 靑春은 이미 停刊된 지 오래였고 東京 留學生들의 기관지 學之光마저 當局의 檢閱로 인해 잇달아 押收되던 때였으니, 비록 總督府 機關紙였다고는 해도 당대로서는 조선의 독자들에게 文明知識을 普及하고 민족 감정을 불어넣는 데 緊要한 媒體로는 每日申報만한 지면도 없었던 셈이다.",靑春,,청춘,청춘,
3급,75,2016-11-26,12,dokeum_W,다음 밑줄 친 漢字語의 讀音을 쓰시오.,"1917년 ｢無情｣이 連載된 每日申報는 言論･結社･集會의 자유가 嚴格히 制限된 무단통치기의 唯一한 조선어 新聞이었다. 종합잡지 靑春은 이미 停刊된 지 오래였고 東京 留學生들의 기관지 學之光마저 當局의 檢閱로 인해 잇달아 押收되던 때였으니, 비록 總督府 機關紙였다고는 해도 당대로서는 조선의 독자들에게 文明知識을 普及하고 민족 감정을 불어넣는 데 緊要한 媒體로는 每日申報만한 지면도 없었던 셈이다.",停刊,,정간,정간,
3급,75,2016-11-26,13,dokeum_W,다음 밑줄 친 漢字語의 讀音을 쓰시오.,"1917년 ｢無情｣이 連載된 每日申報는 言論･結社･集會의 자유가 嚴格히 制限된 무단통치기의 唯一한 조선어 新聞이었다. 종합잡지 靑春은 이미 停刊된 지 오래였고 東京 留學生들의 기관지 學之光마저 當局의 檢閱로 인해 잇달아 押收되던 때였으니, 비록 總督府 機關紙였다고는 해도 당대로서는 조선의 독자들에게 文明知識을 普及하고 민족 감정을 불어넣는 데 緊要한 媒體로는 每日申報만한 지면도 없었던 셈이다.",東京,,동경,동경,
3급,75,2016-11-26,14,dokeum_W,다음 밑줄 친 漢字語의 讀音을 쓰시오.,"1917년 ｢無情｣이 連載된 每日申報는 言論･結社･集會의 자유가 嚴格히 制限된 무단통치기의 唯一한 조선어 新聞이었다. 종합잡지 靑春은 이미 停刊된 지 오래였고 東京 留學生들의 기관지 學之光마저 當局의 檢閱로 인해 잇달아 押收되던 때였으니, 비록 總督府 機關紙였다고는 해도 당대로서는 조선의 독자들에게 文明知識을 普及하고 민족 감정을 불어넣는 데 緊要한 媒體로는 每日申報만한 지면도 없었던 셈이다.",留學生,,유학생,유학생,
3급,75,2016-11-26,15,dokeum_W,다음 밑줄 친 漢字語의 讀音을 쓰시오.,"1917년 ｢無情｣이 連載된 每日申報는 言論･結社･集會의 자유가 嚴格히 制限된 무단통치기의 唯一한 조선어 新聞이었다. 종합잡지 靑春은 이미 停刊된 지 오래였고 東京 留學生들의 기관지 學之光마저 當局의 檢閱로 인해 잇달아 押收되던 때였으니, 비록 總督府 機關紙였다고는 해도 당대로서는 조선의 독자들에게 文明知識을 普及하고 민족 감정을 불어넣는 데 緊要한 媒體로는 每日申報만한 지면도 없었던 셈이다.",當局,,당국,당국,
3급,75,2016-11-26,16,dokeum_W,다음 밑줄 친 漢字語의 讀音을 쓰시오.,"1917년 ｢無情｣이 連載된 每日申報는 言論･結社･集會의 자유가 嚴格히 制限된 무단통치기의 唯一한 조선어 新聞이었다. 종합잡지 靑春은 이미 停刊된 지 오래였고 東京 留學生들의 기관지 學之光마저 當局의 檢閱로 인해 잇달아 押收되던 때였으니, 비록 總督府 機關紙였다고는 해도 당대로서는 조선의 독자들에게 文明知識을 普及하고 민족 감정을 불어넣는 데 緊要한 媒體로는 每日申報만한 지면도 없었던 셈이다.",檢閱,,검열,검열,
3급,75,2016-11-26,17,dokeum_W,다음 밑줄 친 漢字語의 讀音을 쓰시오.,"1917년 ｢無情｣이 連載된 每日申報는 言論･結社･集會의 자유가 嚴格히 制限된 무단통치기의 唯一한 조선어 新聞이었다. 종합잡지 靑春은 이미 停刊된 지 오래였고 東京 留學生들의 기관지 學之光마저 當局의 檢閱로 인해 잇달아 押收되던 때였으니, 비록 總督府 機關紙였다고는 해도 당대로서는 조선의 독자들에게 文明知識을 普及하고 민족 감정을 불어넣는 데 緊要한 媒體로는 每日申報만한 지면도 없었던 셈이다.",押收,,압수,압수,
3급,75,2016-11-26,18,dokeum_W,다음 밑줄 친 漢字語의 讀音을 쓰시오.,"1917년 ｢無情｣이 連載된 每日申報는 言論･結社･集會의 자유가 嚴格히 制限된 무단통치기의 唯一한 조선어 新聞이었다. 종합잡지 靑春은 이미 停刊된 지 오래였고 東京 留學生들의 기관지 學之光마저 當局의 檢閱로 인해 잇달아 押收되던 때였으니, 비록 總督府 機關紙였다고는 해도 당대로서는 조선의 독자들에게 文明知識을 普及하고 민족 감정을 불어넣는 데 緊要한 媒體로는 每日申報만한 지면도 없었던 셈이다.",總督府,,총독부,총독부,
3급,75,2016-11-26,19,dokeum_W,다음 밑줄 친 漢字語의 讀音을 쓰시오.,"1917년 ｢無情｣이 連載된 每日申報는 言論･結社･集會의 자유가 嚴格히 制限된 무단통치기의 唯一한 조선어 新聞이었다. 종합잡지 靑春은 이미 停刊된 지 오래였고 東京 留學生들의 기관지 學之光마저 當局의 檢閱로 인해 잇달아 押收되던 때였으니, 비록 總督府 機關紙였다고는 해도 당대로서는 조선의 독자들에게 文明知識을 普及하고 민족 감정을 불어넣는 데 緊要한 媒體로는 每日申報만한 지면도 없었던 셈이다.",機關紙,,기관지,기관지,
3급,75,2016-11-26,20,dokeum_W,다음 밑줄 친 漢字語의 讀音을 쓰시오.,"1917년 ｢無情｣이 連載된 每日申報는 言論･結社･集會의 자유가 嚴格히 制限된 무단통치기의 唯一한 조선어 新聞이었다. 종합잡지 靑春은 이미 停刊된 지 오래였고 東京 留學生들의 기관지 學之光마저 當局의 檢閱로 인해 잇달아 押收되던 때였으니, 비록 總督府 機關紙였다고는 해도 당대로서는 조선의 독자들에게 文明知識을 普及하고 민족 감정을 불어넣는 데 緊要한 媒體로는 每日申報만한 지면도 없었던 셈이다.",文明知識,,문명지식,문명지식,
3급,75,2016-11-26,21,dokeum_W,다음 밑줄 친 漢字語의 讀音을 쓰시오.,"1917년 ｢無情｣이 連載된 每日申報는 言論･結社･集會의 자유가 嚴格히 制限된 무단통치기의 唯一한 조선어 新聞이었다. 종합잡지 靑春은 이미 停刊된 지 오래였고 東京 留學生들의 기관지 學之光마저 當局의 檢閱로 인해 잇달아 押收되던 때였으니, 비록 總督府 機關紙였다고는 해도 당대로서는 조선의 독자들에게 文明知識을 普及하고 민족 감정을 불어넣는 데 緊要한 媒體로는 每日申報만한 지면도 없었던 셈이다.",普及,,보급,보급,
3급,75,2016-11-26,22,dokeum_W,다음 밑줄 친 漢字語의 讀音을 쓰시오.,"1917년 ｢無情｣이 連載된 每日申報는 言論･結社･集會의 자유가 嚴格히 制限된 무단통치기의 唯一한 조선어 新聞이었다. 종합잡지 靑春은 이미 停刊된 지 오래였고 東京 留學生들의 기관지 學之光마저 當局의 檢閱로 인해 잇달아 押收되던 때였으니, 비록 總督府 機關紙였다고는 해도 당대로서는 조선의 독자들에게 文明知識을 普及하고 민족 감정을 불어넣는 데 緊要한 媒體로는 每日申報만한 지면도 없었던 셈이다.",緊要,,긴요,긴요,
3급,75,2016-11-26,23,dokeum_W,다음 밑줄 친 漢字語의 讀音을 쓰시오.,"1917년 ｢無情｣이 連載된 每日申報는 言論･結社･集會의 자유가 嚴格히 制限된 무단통치기의 唯一한 조선어 新聞이었다. 종합잡지 靑春은 이미 停刊된 지 오래였고 東京 留學生들의 기관지 學之光마저 當局의 檢閱로 인해 잇달아 押收되던 때였으니, 비록 總督府 機關紙였다고는 해도 당대로서는 조선의 독자들에게 文明知識을 普及하고 민족 감정을 불어넣는 데 緊要한 媒體로는 每日申報만한 지면도 없었던 셈이다.",媒體,,매체,매체,
3급,75,2016-11-26,24,dokeum_W,다음 밑줄 친 漢字語의 讀音을 쓰시오.,"大漢門을 넘어 德壽宮으로 들어서면 바깥의 빌딩 숲과는 전혀 다른 풍경이 펼쳐진다. 작은 規模를 가지고 있을뿐더러 外勢의 입김과 1904년 火災 등으로 建物의 상당 부분이 損失되고 재건축되는 등 多事多難한 수난을 겪어 때로 다른 고궁들과 比較해 平價 切下 당하기도 하는 德壽宮이지만, 그럼에도 담장 밖 일상을 잊기에는 이 정도로도 充分하다.",大漢門,,대한문,대한문,
3급,75,2016-11-26,25,dokeum_W,다음 밑줄 친 漢字語의 讀音을 쓰시오.,"大漢門을 넘어 德壽宮으로 들어서면 바깥의 빌딩 숲과는 전혀 다른 풍경이 펼쳐진다. 작은 規模를 가지고 있을뿐더러 外勢의 입김과 1904년 火災 등으로 建物의 상당 부분이 損失되고 재건축되는 등 多事多難한 수난을 겪어 때로 다른 고궁들과 比較해 平價 切下 당하기도 하는 德壽宮이지만, 그럼에도 담장 밖 일상을 잊기에는 이 정도로도 充分하다.",德壽宮,,덕수궁,덕수궁,
3급,75,2016-11-26,26,dokeum_W,다음 밑줄 친 漢字語의 讀音을 쓰시오.,"大漢門을 넘어 德壽宮으로 들어서면 바깥의 빌딩 숲과는 전혀 다른 풍경이 펼쳐진다. 작은 規模를 가지고 있을뿐더러 外勢의 입김과 1904년 火災 등으로 建物의 상당 부분이 損失되고 재건축되는 등 多事多難한 수난을 겪어 때로 다른 고궁들과 比較해 平價 切下 당하기도 하는 德壽宮이지만, 그럼에도 담장 밖 일상을 잊기에는 이 정도로도 充分하다.",規模,,규모,규모,
3급,75,2016-11-26,27,dokeum_W,다음 밑줄 친 漢字語의 讀音을 쓰시오.,"大漢門을 넘어 德壽宮으로 들어서면 바깥의 빌딩 숲과는 전혀 다른 풍경이 펼쳐진다. 작은 規模를 가지고 있을뿐더러 外勢의 입김과 1904년 火災 등으로 建物의 상당 부분이 損失되고 재건축되는 등 多事多難한 수난을 겪어 때로 다른 고궁들과 比較해 平價 切下 당하기도 하는 德壽宮이지만, 그럼에도 담장 밖 일상을 잊기에는 이 정도로도 充分하다.",外勢,,외세,외세,
3급,75,2016-11-26,28,dokeum_W,다음 밑줄 친 漢字語의 讀音을 쓰시오.,"大漢門을 넘어 德壽宮으로 들어서면 바깥의 빌딩 숲과는 전혀 다른 풍경이 펼쳐진다. 작은 規模를 가지고 있을뿐더러 外勢의 입김과 1904년 火災 등으로 建物의 상당 부분이 損失되고 재건축되는 등 多事多難한 수난을 겪어 때로 다른 고궁들과 比較해 平價 切下 당하기도 하는 德壽宮이지만, 그럼에도 담장 밖 일상을 잊기에는 이 정도로도 充分하다.",火災,,화재,화재,
3급,75,2016-11-26,29,dokeum_W,다음 밑줄 친 漢字語의 讀音을 쓰시오.,"大漢門을 넘어 德壽宮으로 들어서면 바깥의 빌딩 숲과는 전혀 다른 풍경이 펼쳐진다. 작은 規模를 가지고 있을뿐더러 外勢의 입김과 1904년 火災 등으로 建物의 상당 부분이 損失되고 재건축되는 등 多事多難한 수난을 겪어 때로 다른 고궁들과 比較해 平價 切下 당하기도 하는 德壽宮이지만, 그럼에도 담장 밖 일상을 잊기에는 이 정도로도 充分하다.",建物,,건물,건물,
3급,75,2016-11-26,30,dokeum_W,다음 밑줄 친 漢字語의 讀音을 쓰시오.,"大漢門을 넘어 德壽宮으로 들어서면 바깥의 빌딩 숲과는 전혀 다른 풍경이 펼쳐진다. 작은 規模를 가지고 있을뿐더러 外勢의 입김과 1904년 火災 등으로 建物의 상당 부분이 損失되고 재건축되는 등 多事多難한 수난을 겪어 때로 다른 고궁들과 比較해 平價 切下 당하기도 하는 德壽宮이지만, 그럼에도 담장 밖 일상을 잊기에는 이 정도로도 充分하다.",損失,,손실,손실,
3급,75,2016-11-26,31,dokeum_W,다음 밑줄 친 漢字語의 讀音을 쓰시오.,"大漢門을 넘어 德壽宮으로 들어서면 바깥의 빌딩 숲과는 전혀 다른 풍경이 펼쳐진다. 작은 規模를 가지고 있을뿐더러 外勢의 입김과 1904년 火災 등으로 建物의 상당 부분이 損失되고 재건축되는 등 多事多難한 수난을 겪어 때로 다른 고궁들과 比較해 平價 切下 당하기도 하는 德壽宮이지만, 그럼에도 담장 밖 일상을 잊기에는 이 정도로도 充分하다.",多事多難,,다사다난,다사다난,
3급,75,2016-11-26,32,dokeum_W,다음 밑줄 친 漢字語의 讀音을 쓰시오.,"大漢門을 넘어 德壽宮으로 들어서면 바깥의 빌딩 숲과는 전혀 다른 풍경이 펼쳐진다. 작은 規模를 가지고 있을뿐더러 外勢의 입김과 1904년 火災 등으로 建物의 상당 부분이 損失되고 재건축되는 등 多事多難한 수난을 겪어 때로 다른 고궁들과 比較해 平價 切下 당하기도 하는 德壽宮이지만, 그럼에도 담장 밖 일상을 잊기에는 이 정도로도 充分하다.",比較,,비교,비교,
3급,75,2016-11-26,33,dokeum_W,다음 밑줄 친 漢字語의 讀音을 쓰시오.,"大漢門을 넘어 德壽宮으로 들어서면 바깥의 빌딩 숲과는 전혀 다른 풍경이 펼쳐진다. 작은 規模를 가지고 있을뿐더러 外勢의 입김과 1904년 火災 등으로 建物의 상당 부분이 損失되고 재건축되는 등 多事多難한 수난을 겪어 때로 다른 고궁들과 比較해 平價 切下 당하기도 하는 德壽宮이지만, 그럼에도 담장 밖 일상을 잊기에는 이 정도로도 充分하다.",平價,,평가,평가,
3급,75,2016-11-26,34,dokeum_W,다음 밑줄 친 漢字語의 讀音을 쓰시오.,"大漢門을 넘어 德壽宮으로 들어서면 바깥의 빌딩 숲과는 전혀 다른 풍경이 펼쳐진다. 작은 規模를 가지고 있을뿐더러 外勢의 입김과 1904년 火災 등으로 建物의 상당 부분이 損失되고 재건축되는 등 多事多難한 수난을 겪어 때로 다른 고궁들과 比較해 平價 切下 당하기도 하는 德壽宮이지만, 그럼에도 담장 밖 일상을 잊기에는 이 정도로도 充分하다.",切下,,절하,절하,
3급,75,2016-11-26,35,dokeum_W,다음 밑줄 친 漢字語의 讀音을 쓰시오.,"大漢門을 넘어 德壽宮으로 들어서면 바깥의 빌딩 숲과는 전혀 다른 풍경이 펼쳐진다. 작은 規模를 가지고 있을뿐더러 外勢의 입김과 1904년 火災 등으로 建物의 상당 부분이 損失되고 재건축되는 등 多事多難한 수난을 겪어 때로 다른 고궁들과 比較해 平價 切下 당하기도 하는 德壽宮이지만, 그럼에도 담장 밖 일상을 잊기에는 이 정도로도 充分하다.",充分,,충분,충분,
3급,75,2016-11-26,36,dokeum_W,다음 밑줄 친 漢字語의 讀音을 쓰시오.,"다행히도 모든 인간에게는 良心이라는 自己 監視 裝置가 있다. 인간에게는 愼獨이라 하는, 홀로 있어도 도리에 어그러짐이 없도록 행동하는 마음이 자리잡고 있다. 모름지기 공직자라면 見利思義, 공평무사의 마음가짐으로 奉職하기를 期待한다. 이를 지키는 것이 공직자의 도리이며 淸廉한 사회로 가는 基本 덕목이다.",良心,,양심,양심,
3급,75,2016-11-26,37,dokeum_W,다음 밑줄 친 漢字語의 讀音을 쓰시오.,"다행히도 모든 인간에게는 良心이라는 自己 監視 裝置가 있다. 인간에게는 愼獨이라 하는, 홀로 있어도 도리에 어그러짐이 없도록 행동하는 마음이 자리잡고 있다. 모름지기 공직자라면 見利思義, 공평무사의 마음가짐으로 奉職하기를 期待한다. 이를 지키는 것이 공직자의 도리이며 淸廉한 사회로 가는 基本 덕목이다.",自己,,자기,자기,
3급,75,2016-11-26,38,dokeum_W,다음 밑줄 친 漢字語의 讀音을 쓰시오.,"다행히도 모든 인간에게는 良心이라는 自己 監視 裝置가 있다. 인간에게는 愼獨이라 하는, 홀로 있어도 도리에 어그러짐이 없도록 행동하는 마음이 자리잡고 있다. 모름지기 공직자라면 見利思義, 공평무사의 마음가짐으로 奉職하기를 期待한다. 이를 지키는 것이 공직자의 도리이며 淸廉한 사회로 가는 基本 덕목이다.",監視,,감시,감시,
3급,75,2016-11-26,39,dokeum_W,다음 밑줄 친 漢字語의 讀音을 쓰시오.,"다행히도 모든 인간에게는 良心이라는 自己 監視 裝置가 있다. 인간에게는 愼獨이라 하는, 홀로 있어도 도리에 어그러짐이 없도록 행동하는 마음이 자리잡고 있다. 모름지기 공직자라면 見利思義, 공평무사의 마음가짐으로 奉職하기를 期待한다. 이를 지키는 것이 공직자의 도리이며 淸廉한 사회로 가는 基本 덕목이다.",裝置,,장치,장치,
3급,75,2016-11-26,40,dokeum_W,다음 밑줄 친 漢字語의 讀音을 쓰시오.,"다행히도 모든 인간에게는 良心이라는 自己 監視 裝置가 있다. 인간에게는 愼獨이라 하는, 홀로 있어도 도리에 어그러짐이 없도록 행동하는 마음이 자리잡고 있다. 모름지기 공직자라면 見利思義, 공평무사의 마음가짐으로 奉職하기를 期待한다. 이를 지키는 것이 공직자의 도리이며 淸廉한 사회로 가는 基本 덕목이다.",愼獨,,신독,신독,
3급,75,2016-11-26,41,dokeum_W,다음 밑줄 친 漢字語의 讀音을 쓰시오.,"다행히도 모든 인간에게는 良心이라는 自己 監視 裝置가 있다. 인간에게는 愼獨이라 하는, 홀로 있어도 도리에 어그러짐이 없도록 행동하는 마음이 자리잡고 있다. 모름지기 공직자라면 見利思義, 공평무사의 마음가짐으로 奉職하기를 期待한다. 이를 지키는 것이 공직자의 도리이며 淸廉한 사회로 가는 基本 덕목이다.",見利思義,,견리사의,견리사의,
3급,75,2016-11-26,42,dokeum_W,다음 밑줄 친 漢字語의 讀音을 쓰시오.,"다행히도 모든 인간에게는 良心이라는 自己 監視 裝置가 있다. 인간에게는 愼獨이라 하는, 홀로 있어도 도리에 어그러짐이 없도록 행동하는 마음이 자리잡고 있다. 모름지기 공직자라면 見利思義, 공평무사의 마음가짐으로 奉職하기를 期待한다. 이를 지키는 것이 공직자의 도리이며 淸廉한 사회로 가는 基本 덕목이다.",奉職,,봉직,봉직,
3급,75,2016-11-26,43,dokeum_W,다음 밑줄 친 漢字語의 讀音을 쓰시오.,"다행히도 모든 인간에게는 良心이라는 自己 監視 裝置가 있다. 인간에게는 愼獨이라 하는, 홀로 있어도 도리에 어그러짐이 없도록 행동하는 마음이 자리잡고 있다. 모름지기 공직자라면 見利思義, 공평무사의 마음가짐으로 奉職하기를 期待한다. 이를 지키는 것이 공직자의 도리이며 淸廉한 사회로 가는 基本 덕목이다.",期待,,기대,기대,
3급,75,2016-11-26,44,dokeum_W,다음 밑줄 친 漢字語의 讀音을 쓰시오.,"다행히도 모든 인간에게는 良心이라는 自己 監視 裝置가 있다. 인간에게는 愼獨이라 하는, 홀로 있어도 도리에 어그러짐이 없도록 행동하는 마음이 자리잡고 있다. 모름지기 공직자라면 見利思義, 공평무사의 마음가짐으로 奉職하기를 期待한다. 이를 지키는 것이 공직자의 도리이며 淸廉한 사회로 가는 基本 덕목이다.",淸廉,,청렴,청렴,
3급,75,2016-11-26,45,dokeum_W,다음 밑줄 친 漢字語의 讀音을 쓰시오.,"다행히도 모든 인간에게는 良心이라는 自己 監視 裝置가 있다. 인간에게는 愼獨이라 하는, 홀로 있어도 도리에 어그러짐이 없도록 행동하는 마음이 자리잡고 있다. 모름지기 공직자라면 見利思義, 공평무사의 마음가짐으로 奉職하기를 期待한다. 이를 지키는 것이 공직자의 도리이며 淸廉한 사회로 가는 基本 덕목이다.",基本,,기본,기본,
3급,75,2016-11-26,46,huneum_W,다음 漢字의 訓과 音을 쓰시오.,架,架,,시렁 가,시렁 가,
3급,75,2016-11-26,47,huneum_W,다음 漢字의 訓과 音을 쓰시오.,脚,脚,,다리 각,다리 각,
3급,75,2016-11-26,48,huneum_W,다음 漢字의 訓과 音을 쓰시오.,慨,慨,,슬퍼할 개,슬퍼할 개,
3급,75,2016-11-26,49,huneum_W,다음 漢字의 訓과 音을 쓰시오.,鑑,鑑,,거울 감,거울 감,
3급,75,2016-11-26,50,huneum_W,다음 漢字의 訓과 音을 쓰시오.,綱,綱,,벼리 강,벼리 강,
3급,75,2016-11-26,51,huneum_W,다음 漢字의 訓과 音을 쓰시오.,謙,謙,,겸손할 겸,겸손할 겸,
3급,75,2016-11-26,52,huneum_W,다음 漢字의 訓과 音을 쓰시오.,訣,訣,,이별할 결,이별할 결,
3급,75,2016-11-26,53,huneum_W,다음 漢字의 訓과 音을 쓰시오.,啓,啓,,열 계,열 계,
3급,75,2016-11-26,54,huneum_W,다음 漢字의 訓과 音을 쓰시오.,稿,稿,,원고/볏짚 고,원고/볏짚 고,
3급,75,2016-11-26,55,huneum_W,다음 漢字의 訓과 音을 쓰시오.,谷,谷,,골 곡,골 곡,
3급,75,2016-11-26,56,huneum_W,다음 漢字의 訓과 音을 쓰시오.,壞,壞,,무너질 괴,무너질 괴,
3급,75,2016-11-26,57,huneum_W,다음 漢字의 訓과 音을 쓰시오.,謹,謹,,삼갈 근,삼갈 근,
3급,75,2016-11-26,58,huneum_W,다음 漢字의 訓과 音을 쓰시오.,祈,祈,,빌 기,빌 기,
3급,75,2016-11-26,59,huneum_W,다음 漢字의 訓과 音을 쓰시오.,諾,諾,,허락할 낙,허락할 낙,
3급,75,2016-11-26,60,huneum_W,다음 漢字의 訓과 音을 쓰시오.,寧,寧,,편안할 녕,편안할 녕,
3급,75,2016-11-26,61,huneum_W,다음 漢字의 訓과 音을 쓰시오.,泥,泥,,진흙 니,진흙 니,
3급,75,2016-11-26,62,huneum_W,다음 漢字의 訓과 音을 쓰시오.,但,但,,다만 단,다만 단,
3급,75,2016-11-26,63,huneum_W,다음 漢字의 訓과 音을 쓰시오.,畓,畓,,논 답,논 답,
3급,75,2016-11-26,64,huneum_W,다음 漢字의 訓과 音을 쓰시오.,稻,稻,,벼 도,벼 도,
3급,75,2016-11-26,65,huneum_W,다음 漢字의 訓과 音을 쓰시오.,陶,陶,,질그릇 도,질그릇 도,
3급,75,2016-11-26,66,huneum_W,다음 漢字의 訓과 音을 쓰시오.,篤,篤,,도타울 독,도타울 독,
3급,75,2016-11-26,67,huneum_W,다음 漢字의 訓과 音을 쓰시오.,郞,郞,,사내 랑,사내 랑,
3급,75,2016-11-26,68,huneum_W,다음 漢字의 訓과 音을 쓰시오.,涼,涼,,서늘할 량,서늘할 량,
3급,75,2016-11-26,69,huneum_W,다음 漢字의 訓과 音을 쓰시오.,晩,晩,,늦을/저물 만,늦을/저물 만,
3급,75,2016-11-26,70,huneum_W,다음 漢字의 訓과 音을 쓰시오.,薄,薄,,엷을 박,엷을 박,
3급,75,2016-11-26,71,huneum_W,다음 漢字의 訓과 音을 쓰시오.,卑,卑,,낮을 비,낮을 비,
3급,75,2016-11-26,72,huneum_W,다음 漢字의 訓과 音을 쓰시오.,尙,尙,,오히려 상,오히려 상,
3급,75,2016-11-26,73,hanjaeo_W,다음 문장에서 밑줄 친 漢字語를 漢字[正字]로 쓰시오.,그는 백발백중의 사격 솜씨를 발휘했다.,사격,,射擊,射擊,
3급,75,2016-11-26,74,hanjaeo_W,다음 문장에서 밑줄 친 漢字語를 漢字[正字]로 쓰시오.,세종대왕은 역사에 길이 남을 많은 업적을 이루었다.,역사,,歷史,歷史,
3급,75,2016-11-26,75,hanjaeo_W,다음 문장에서 밑줄 친 漢字語를 漢字[正字]로 쓰시오.,중국 대륙에 산재하여 독립운동에 참여하던 수많은 청년들.,산재,,散在,散在,
3급,75,2016-11-26,76,hanjaeo_W,다음 문장에서 밑줄 친 漢字語를 漢字[正字]로 쓰시오.,외국에 거주하고 있던 동포들이 조국을 찾았다.,거주,,居住,居住,
3급,75,2016-11-26,77,hanjaeo_W,다음 문장에서 밑줄 친 漢字語를 漢字[正字]로 쓰시오.,상처에 붕대를 감았다.,상처,,傷處,傷處,
3급,75,2016-11-26,78,hanjaeo_W,다음 문장에서 밑줄 친 漢字語를 漢字[正字]로 쓰시오.,이 서점에서는 중고 서적을 전문으로 판다.,서적,,書籍,書籍,
3급,75,2016-11-26,79,hanjaeo_W,다음 문장에서 밑줄 친 漢字語를 漢字[正字]로 쓰시오.,우리 선수들의 선전하는 모습은 정말 감동적이었다.,선전,,善戰,善戰,
3급,75,2016-11-26,80,hanjaeo_W,다음 문장에서 밑줄 친 漢字語를 漢字[正字]로 쓰시오.,우리 민족은 조상을 숭배하는 마음이 철저하다.,숭배,,崇拜,崇拜,
3급,75,2016-11-26,81,hanjaeo_W,다음 문장에서 밑줄 친 漢字語를 漢字[正字]로 쓰시오.,당시 작품 중 걸작만을 모아 전시회를 열었다.,걸작,,傑作,傑作,
3급,75,2016-11-26,82,hanjaeo_W,다음 문장에서 밑줄 친 漢字語를 漢字[正字]로 쓰시오.,스승의 가르침을 따르는 것이 제자의 도리이다.,제자,,弟子,弟子,
3급,75,2016-11-26,83,hanjaeo_W,다음 문장에서 밑줄 친 漢字語를 漢字[正字]로 쓰시오.,어머니께서는 주야로 아버지가 회복되기만을 바라셨다.,주야,,晝夜,晝夜,
3급,75,2016-11-26,84,hanjaeo_W,다음 문장에서 밑줄 친 漢字語를 漢字[正字]로 쓰시오.,정치가들은 한 기능 집단이 되어 정치에 종사하지 않는 일반 민중과 구분될 수밖에 없다.,민중,,民衆,民衆,
3급,75,2016-11-26,85,hanjaeo_W,다음 문장에서 밑줄 친 漢字語를 漢字[正字]로 쓰시오.,"법전을 미리 사서 공부하고 싶은데, 어디서 구할 수 있나요?",법전,,法典,法典,
3급,75,2016-11-26,86,hanjaeo_W,다음 문장에서 밑줄 친 漢字語를 漢字[正字]로 쓰시오.,시계 제조 산업은 정밀함을 갖추는 것이 필수적이다.,정밀,,精密,精密,
3급,75,2016-11-26,87,hanjaeo_W,다음 문장에서 밑줄 친 漢字語를 漢字[正字]로 쓰시오.,개성 존중의 시대.,존중,,尊重,尊重,
3급,75,2016-11-26,88,hanjaeo_W,다음 문장에서 밑줄 친 漢字語를 漢字[正字]로 쓰시오.,"시청자들의 높아진 눈높이를 맞추려면 균질한 화질, 다양한 영상 기법 등에 신경을 쓰지 않을 수 없다.",균질,,均質,均質,
3급,75,2016-11-26,89,hanjaeo_W,다음 문장에서 밑줄 친 漢字語를 漢字[正字]로 쓰시오.,사람은 귀하고 천한 차등이 있을 수 없다.,차등,,差等,差等,
3급,75,2016-11-26,90,hanjaeo_W,다음 문장에서 밑줄 친 漢字語를 漢字[正字]로 쓰시오.,아버지의 권위가 말이 아니다.,권위,,權威,權威,
3급,75,2016-11-26,91,hanjaeo_W,다음 문장에서 밑줄 친 漢字語를 漢字[正字]로 쓰시오.,이 엔진은 이전의 것보다 연료 소비가 많다는 단점이 있다.,단점,,短點,短點,
3급,75,2016-11-26,92,hanjaeo_W,다음 문장에서 밑줄 친 漢字語를 漢字[正字]로 쓰시오.,왕은 대궐 내전에서 몇몇 종친을 청하여 연회를 열었다.,종친,,宗親,宗親,
3급,75,2016-11-26,93,hanjaeo_W,다음 문장에서 밑줄 친 漢字語를 漢字[正字]로 쓰시오.,넓은 풀밭에 소들을 방목하여 기른다.,방목,,放牧,放牧,
3급,75,2016-11-26,94,hanjaeo_W,다음 문장에서 밑줄 친 漢字語를 漢字[正字]로 쓰시오.,기선은 연기를 뿜으면서 항구 밖으로 벗어져 나갔다.,항구,,港口,港口,
3급,75,2016-11-26,95,hanjaeo_W,다음 문장에서 밑줄 친 漢字語를 漢字[正字]로 쓰시오.,묵묵히 서 있던 교장이 단상으로 올라갔다.,단상,,壇上,壇上,
3급,75,2016-11-26,96,hanjaeo_W,다음 문장에서 밑줄 친 漢字語를 漢字[正字]로 쓰시오.,학생회비를 등록금에 합산하기로 결정하였다.,합산,,合算,合算,
3급,75,2016-11-26,97,hanjaeo_W,다음 문장에서 밑줄 친 漢字語를 漢字[正字]로 쓰시오.,회담에서 토의된 내용은 전혀 밝혀지지 않았다.,토의,,討議,討議,
3급,75,2016-11-26,98,hanjaeo_W,다음 문장에서 밑줄 친 漢字語를 漢字[正字]로 쓰시오.,새로운 유행 패턴의 창조로 소비자들은 물론 업계의 비상한 관심을 끌고 있다.,창조,,創造,創造,
3급,75,2016-11-26,99,hanjaeo_W,다음 문장에서 밑줄 친 漢字語를 漢字[正字]로 쓰시오.,감사의 표현으로 자그마한 선물을 드렸다.,표현,,表現,表現,
3급,75,2016-11-26,100,hanjaeo_W,다음 문장에서 밑줄 친 漢字語를 漢字[正字]로 쓰시오.,편람이란 보기에 편리하도록 간명하게 만든 책을 말한다.,편람,,便覽,便覽,
3급,75,2016-11-26,101,hanjaeo_W,다음 문장에서 밑줄 친 漢字語를 漢字[正字]로 쓰시오.,풍년에 못 지낸 제사 흉년에 지내랴!,풍년,,豊年,豊年,
3급,75,2016-11-26,102,hanjaeo_W,다음 문장에서 밑줄 친 漢字語를 漢字[正字]로 쓰시오.,그 일은 면밀히 계획되고 준비되었다.,준비,,準備,準備,
3급,75,2016-11-26,103,jangeum_S,다음 漢字語 중 첫 音節이 長音으로 발음되는 것의 번호를 쓰시오.,,,"[""① 佳客"", ""② 加速"", ""③ 歌曲"", ""④ 家寶""]",①,① 佳客,
3급,75,2016-11-26,104,jangeum_S,다음 漢字語 중 첫 音節이 長音으로 발음되는 것의 번호를 쓰시오.,,,"[""① 干城"", ""② 懇請"", ""③ 看護"", ""④ 幹略""]",②,② 懇請,
3급,75,2016-11-26,105,jangeum_S,다음 漢字語 중 첫 音節이 長音으로 발음되는 것의 번호를 쓰시오.,,,"[""① 江南"", ""② 剛健"", ""③ 鋼鐵"", ""④ 講演""]",④,④ 講演,
3급,75,2016-11-26,106,jangeum_S,다음 漢字語 중 첫 音節이 長音으로 발음되는 것의 번호를 쓰시오.,,,"[""① 妃氏"", ""② 碑銘"", ""③ 祕境"", ""④ 飛行""]",③,③ 祕境,
3급,75,2016-11-26,107,jangeum_S,다음 漢字語 중 첫 音節이 長音으로 발음되는 것의 번호를 쓰시오.,,,"[""① 司令"", ""② 寺院"", ""③ 使臣"", ""④ 私談""]",③,③ 使臣,
3급,75,2016-11-26,108,banui_W,다음 漢字와 뜻이 對立되는 漢字를 써 넣어 漢字語를 완성하시오.,強 ↔ ( ),強 ↔ ( ),,弱,弱,
3급,75,2016-11-26,109,banui_W,다음 漢字와 뜻이 對立되는 漢字를 써 넣어 漢字語를 완성하시오.,(   ) ↔ 今,( ) ↔ 今,,古/昨,古/昨,
3급,75,2016-11-26,110,banui_W,다음 漢字와 뜻이 對立되는 漢字를 써 넣어 漢字語를 완성하시오.,(   ) ↔ 賤,( ) ↔ 賤,,貴,貴,
3급,75,2016-11-26,111,banui_W,다음 漢字와 뜻이 對立되는 漢字를 써 넣어 漢字語를 완성하시오.,吉 ↔ ( ),吉 ↔ ( ),,凶,凶,
3급,75,2016-11-26,112,banui_W,다음 漢字와 뜻이 對立되는 漢字를 써 넣어 漢字語를 완성하시오.,先 ↔ ( ),先 ↔ ( ),,後,後,
3급,75,2016-11-26,113,banuieo_W,다음 漢字語의 反義語를 漢字(正字)로 쓰시오.,減産 ↔ (      ),減産 ↔ ( ),,增産,增産,
3급,75,2016-11-26,114,banuieo_W,다음 漢字語의 反義語를 漢字(正字)로 쓰시오.,紛爭 ↔ (      ),紛爭 ↔ ( ),,和解,和解,
3급,75,2016-11-26,115,banuieo_W,다음 漢字語의 反義語를 漢字(正字)로 쓰시오.,承認 ↔ (      ),承認 ↔ ( ),,拒否,拒否,
3급,75,2016-11-26,116,banuieo_W,다음 漢字語의 反義語를 漢字(正字)로 쓰시오.,進步 ↔ (      ),進步 ↔ ( ),,保守,保守,
3급,75,2016-11-26,117,banuieo_W,다음 漢字語의 反義語를 漢字(正字)로 쓰시오.,苦痛 ↔ (      ),苦痛 ↔ ( ),,快樂,快樂,
3급,75,2016-11-26,118,yui_W,다음 제시된 漢字와 비슷한 뜻을 지닌 漢字(正字)를 (             ) 안에 넣어 문맥에 어울리는 漢字語를 완성하시오.,순간 그는 균형 感( )을 잃고 평균대에서 떨어졌다.,感( ),,覺,覺,
3급,75,2016-11-26,119,yui_W,다음 제시된 漢字와 비슷한 뜻을 지닌 漢字(正字)를 (             ) 안에 넣어 문맥에 어울리는 漢字語를 완성하시오.,출세 街(   )를 달리다.,街( ),,道,道,
3급,75,2016-11-26,120,yui_W,다음 제시된 漢字와 비슷한 뜻을 지닌 漢字(正字)를 (             ) 안에 넣어 문맥에 어울리는 漢字語를 완성하시오.,어떠한 유혹에도 굴복하지 않고 堅( )하게 자기의 신념을 지켰다.,堅( ),,固,固,
3급,75,2016-11-26,121,yui_W,다음 제시된 漢字와 비슷한 뜻을 지닌 漢字(正字)를 (             ) 안에 넣어 문맥에 어울리는 漢字語를 완성하시오.,우리 다 같이 이 어른을 환영하고 부임을 (    )賀해 드립시다.,( )賀,,慶/祝,慶/祝,
3급,75,2016-11-26,122,yui_W,다음 제시된 漢字와 비슷한 뜻을 지닌 漢字(正字)를 (             ) 안에 넣어 문맥에 어울리는 漢字語를 완성하시오.,그는 사과 하나를 꺼내고 나서 ( )實 바구니를 통째로 내맡겼다.,( )實,,果,果,
3급,75,2016-11-26,123,seongeo_W,다음 (      ) 안에 알맞은 漢字(正字)를 넣어 뜻에 맞는 四字成語를 완성하시오.,犬(   )之勞 : 개나 말 정도의 하찮은 힘.,犬( )之勞,,馬,馬,
3급,75,2016-11-26,124,seongeo_W,다음 (      ) 안에 알맞은 漢字(正字)를 넣어 뜻에 맞는 四字成語를 완성하시오.,敬天( )人 : 하늘을 공경하고 사람을 사랑함.,敬天( )人,,愛,愛,
3급,75,2016-11-26,125,seongeo_W,다음 (      ) 안에 알맞은 漢字(正字)를 넣어 뜻에 맞는 四字成語를 완성하시오.,骨肉相(    ) : 같은 민족끼리 해치고 상하게 하는 일.,骨肉相( ),,殘,殘,
3급,75,2016-11-26,126,seongeo_W,다음 (      ) 안에 알맞은 漢字(正字)를 넣어 뜻에 맞는 四字成語를 완성하시오.,錦衣還(    ) : 출세를 하여 고향에 돌아옴.,錦衣還( ),,鄕,鄕,
3급,75,2016-11-26,127,seongeo_W,다음 (      ) 안에 알맞은 漢字(正字)를 넣어 뜻에 맞는 四字成語를 완성하시오.,百(   )不屈 : 백 번 꺾여도 굽히지 않음.,百( )不屈,,折,折,
3급,75,2016-11-26,128,seongeo_W,다음 (      ) 안에 알맞은 漢字(正字)를 넣어 뜻에 맞는 四字成語를 완성하시오.,始終( )一 : 처음부터 끝까지 변함없음.,始終( )一,,如,如,
3급,75,2016-11-26,129,seongeo_W,다음 (      ) 안에 알맞은 漢字(正字)를 넣어 뜻에 맞는 四字成語를 완성하시오.,"信(   )必罰 : 상줄 사람에겐 상을, 벌 받을 사람에겐 반드시 벌을 줌.",信( )必罰,,賞,賞,
3급,75,2016-11-26,130,seongeo_W,다음 (      ) 안에 알맞은 漢字(正字)를 넣어 뜻에 맞는 四字成語를 완성하시오.,森(   )萬象 : 우주 속에 존재하는 모든 사물과 현상.,森( )萬象,,羅,羅,
3급,75,2016-11-26,131,seongeo_W,다음 (      ) 안에 알맞은 漢字(正字)를 넣어 뜻에 맞는 四字成語를 완성하시오.,以熱( )熱 : 열로 열을 다스림.,以熱( )熱,,治,治,
3급,75,2016-11-26,132,seongeo_W,다음 (      ) 안에 알맞은 漢字(正字)를 넣어 뜻에 맞는 四字成語를 완성하시오.,適(   )適所 : 마땅한 인재를 마땅한 자리에 씀.,適( )適所,,材,材,
3급,75,2016-11-26,133,busu_W,다음 漢字의 部首를 쓰시오.,廣,廣,,广,广,
3급,75,2016-11-26,134,busu_W,다음 漢字의 部首를 쓰시오.,世,世,,一,一,
3급,75,2016-11-26,135,busu_W,다음 漢字의 部首를 쓰시오.,毒,毒,,毋,毋,
3급,75,2016-11-26,136,busu_W,다음 漢字의 部首를 쓰시오.,角,角,,角,角,
3급,75,2016-11-26,137,busu_W,다음 漢字의 部首를 쓰시오.,卿,卿,,卩,卩,
3급,75,2016-11-26,138,dongeumeo_W,다음 漢字語의 同音異義語를 제시된 뜻에 맞추어 漢字(正字)로 쓰시오.,(謝儀) - 일자리에서 물러날 뜻.,(謝儀),,辭意,辭意,
3급,75,2016-11-26,139,dongeumeo_W,다음 漢字語의 同音異義語를 제시된 뜻에 맞추어 漢字(正字)로 쓰시오.,(培植) - 식사를 나누어 줌.,(培植),,配食,配食,
3급,75,2016-11-26,140,dongeumeo_W,다음 漢字語의 同音異義語를 제시된 뜻에 맞추어 漢字(正字)로 쓰시오.,(個數) - 고쳐서 바로잡거나 다시 만듦.,(個數),,改修,改修,
3급,75,2016-11-26,141,dongeumeo_W,다음 漢字語의 同音異義語를 제시된 뜻에 맞추어 漢字(正字)로 쓰시오.,(訪韓) - 추위를 막음.,(訪韓),,防寒,防寒,
3급,75,2016-11-26,142,dongeumeo_W,다음 漢字語의 同音異義語를 제시된 뜻에 맞추어 漢字(正字)로 쓰시오.,(恐動) - 아무것도 없이 텅 빈 큰 골짜기.,(恐動),,空洞,空洞,
3급,75,2016-11-26,143,yakja_W,다음 漢字의 略字를 쓰시오.,假,假,,仮,仮,
3급,75,2016-11-26,144,yakja_W,다음 漢字의 略字를 쓰시오.,歸,歸,,帰,帰,
3급,75,2016-11-26,145,yakja_W,다음 漢字의 略字를 쓰시오.,兒,兒,,児,児,
3급,75,2016-11-26,146,mean_W,다음 漢字語의 뜻을 쓰시오.,類似,類似,,서로 비슷함.,서로 비슷함.,
3급,75,2016-11-26,147,mean_W,다음 漢字語의 뜻을 쓰시오.,頃刻,頃刻,,아주 짧은 시간.,아주 짧은 시간.,
3급,75,2016-11-26,148,mean_W,다음 漢字語의 뜻을 쓰시오.,卓越,卓越,,(남보다 두드러지게) 뛰어남.,(남보다 두드러지게) 뛰어남.,
3급,75,2016-11-26,149,mean_W,다음 漢字語의 뜻을 쓰시오.,降雪,降雪,,눈이 내림. 또는 그 눈.,눈이 내림. 또는 그 눈.,
3급,75,2016-11-26,150,mean_W,다음 漢字語의 뜻을 쓰시오.,至急,至急,,매우 급함.,매우 급함.,
3급,76,2017-02-25,1,dokeum_W,다음 문장의 밑줄 친 漢字語의 讀音을 쓰시오.,어려운 때 친구가 옆에 있어 주어서 慰安이 되었다.,慰安,,위안,위안,
3급,76,2017-02-25,2,dokeum_W,다음 문장의 밑줄 친 漢字語의 讀音을 쓰시오.,선배가 동아리 가입을 勸誘했다.,勸誘,,권유,권유,
3급,76,2017-02-25,3,dokeum_W,다음 문장의 밑줄 친 漢字語의 讀音을 쓰시오.,이번 기회에 실력을 發揮합시다.,發揮,,발휘,발휘,
3급,76,2017-02-25,4,dokeum_W,다음 문장의 밑줄 친 漢字語의 讀音을 쓰시오.,그는 절도 嫌疑를 뒤집어썼다.,嫌疑,,혐의,혐의,
3급,76,2017-02-25,5,dokeum_W,다음 문장의 밑줄 친 漢字語의 讀音을 쓰시오.,그들은 사건을 隱蔽하려 했다.,隱蔽,,은폐,은폐,
3급,76,2017-02-25,6,dokeum_W,다음 문장의 밑줄 친 漢字語의 讀音을 쓰시오.,많은 사람들이 그들의 권리를 擁護하고 있다.,擁護,,옹호,옹호,
3급,76,2017-02-25,7,dokeum_W,다음 문장의 밑줄 친 漢字語의 讀音을 쓰시오.,전화에 갑자기 混線이 생겨 통화를 중단했다.,混線,,혼선,혼선,
3급,76,2017-02-25,8,dokeum_W,다음 문장의 밑줄 친 漢字語의 讀音을 쓰시오.,그 학생은 謹愼 기간 중 또 물의를 일으켜 정학 처분을 받았다.,謹愼,,근신,근신,
3급,76,2017-02-25,9,dokeum_W,다음 문장의 밑줄 친 漢字語의 讀音을 쓰시오.,그는 透徹한 사명감을 지닌 청년이다.,透徹,,투철,투철,
3급,76,2017-02-25,10,dokeum_W,다음 문장의 밑줄 친 漢字語의 讀音을 쓰시오.,학생은 학업에 怠慢해서는 안 된다.,怠慢,,태만,태만,
3급,76,2017-02-25,11,dokeum_W,다음 문장의 밑줄 친 漢字語의 讀音을 쓰시오.,오늘 방류한 稚魚는 성어가 되어 다시 찾아올 것이다.,稚魚,,치어,치어,
3급,76,2017-02-25,12,dokeum_W,다음 문장의 밑줄 친 漢字語의 讀音을 쓰시오.,그는 依托할 데 없는 사람이다.,依托,,의탁,의탁,
3급,76,2017-02-25,13,dokeum_W,다음 문장의 밑줄 친 漢字語의 讀音을 쓰시오.,길에서 휴대전화를 拾得했다.,拾得,,습득,습득,
3급,76,2017-02-25,14,dokeum_W,다음 문장의 밑줄 친 漢字語의 讀音을 쓰시오.,그는 자신의 증언을 飜覆했다.,飜覆,,번복,번복,
3급,76,2017-02-25,15,dokeum_W,다음 문장의 밑줄 친 漢字語의 讀音을 쓰시오.,저는 법에 抵觸되는 행위를 하지 않았습니다.,抵觸,,저촉,저촉,
3급,76,2017-02-25,16,dokeum_W,다음 문장의 밑줄 친 漢字語의 讀音을 쓰시오.,이 마을은 양송이 栽培를 주업으로 하고 있다.,栽培,,재배,재배,
3급,76,2017-02-25,17,dokeum_W,다음 문장의 밑줄 친 漢字語의 讀音을 쓰시오.,부도가 나자 사장은 潛跡해 버렸다.,潛跡,,잠적,잠적,
3급,76,2017-02-25,18,dokeum_W,다음 문장의 밑줄 친 漢字語의 讀音을 쓰시오.,전통의 계승과 踏襲을 혼동해서는 안 된다.,踏襲,,답습,답습,
3급,76,2017-02-25,19,dokeum_W,다음 문장의 밑줄 친 漢字語의 讀音을 쓰시오.,집안에 亡兆가 들어서 그런지 하는 일마다 실패만 본다.,亡兆,,망조,망조,
3급,76,2017-02-25,20,dokeum_W,다음 문장의 밑줄 친 漢字語의 讀音을 쓰시오.,싸움이 있은 후 그는 내 憎惡의 대상이 되었다.,憎惡,,증오,증오,
3급,76,2017-02-25,21,dokeum_W,다음 漢字語의 讀音을 쓰시오.,喜悅,喜悅,,희열,희열,
3급,76,2017-02-25,22,dokeum_W,다음 漢字語의 讀音을 쓰시오.,懷抱,懷抱,,회포,회포,
3급,76,2017-02-25,23,dokeum_W,다음 漢字語의 讀音을 쓰시오.,遵法,遵法,,준법,준법,
3급,76,2017-02-25,24,dokeum_W,다음 漢字語의 讀音을 쓰시오.,誤判,誤判,,오판,오판,
3급,76,2017-02-25,25,dokeum_W,다음 漢字語의 讀音을 쓰시오.,懇曲,懇曲,,간곡,간곡,
3급,76,2017-02-25,26,dokeum_W,다음 漢字語의 讀音을 쓰시오.,丹粧,丹粧,,단장,단장,
3급,76,2017-02-25,27,dokeum_W,다음 漢字語의 讀音을 쓰시오.,庸劣,庸劣,,용렬,용렬,
3급,76,2017-02-25,28,dokeum_W,다음 漢字語의 讀音을 쓰시오.,巧妙,巧妙,,교묘,교묘,
3급,76,2017-02-25,29,dokeum_W,다음 漢字語의 讀音을 쓰시오.,僞幣,僞幣,,위폐,위폐,
3급,76,2017-02-25,30,dokeum_W,다음 漢字語의 讀音을 쓰시오.,伏兵,伏兵,,복병,복병,
3급,76,2017-02-25,31,dokeum_W,다음 漢字語의 讀音을 쓰시오.,憤慨,憤慨,,분개,분개,
3급,76,2017-02-25,32,dokeum_W,다음 漢字語의 讀音을 쓰시오.,檀君,檀君,,단군,단군,
3급,76,2017-02-25,33,dokeum_W,다음 漢字語의 讀音을 쓰시오.,默契,默契,,묵계,묵계,
3급,76,2017-02-25,34,dokeum_W,다음 漢字語의 讀音을 쓰시오.,腦裏,腦裏,,뇌리,뇌리,
3급,76,2017-02-25,35,dokeum_W,다음 漢字語의 讀音을 쓰시오.,跳躍,跳躍,,도약,도약,
3급,76,2017-02-25,36,dokeum_W,다음 漢字語의 讀音을 쓰시오.,典籍,典籍,,전적,전적,
3급,76,2017-02-25,37,dokeum_W,다음 漢字語의 讀音을 쓰시오.,乾燥,乾燥,,건조,건조,
3급,76,2017-02-25,38,dokeum_W,다음 漢字語의 讀音을 쓰시오.,推移,推移,,추이,추이,
3급,76,2017-02-25,39,dokeum_W,다음 漢字語의 讀音을 쓰시오.,竊盜,竊盜,,절도,절도,
3급,76,2017-02-25,40,dokeum_W,다음 漢字語의 讀音을 쓰시오.,毁損,毁損,,훼손,훼손,
3급,76,2017-02-25,41,dokeum_W,다음 漢字語의 讀音을 쓰시오.,廉恥,廉恥,,염치,염치,
3급,76,2017-02-25,42,dokeum_W,다음 漢字語의 讀音을 쓰시오.,負擔,負擔,,부담,부담,
3급,76,2017-02-25,43,dokeum_W,다음 漢字語의 讀音을 쓰시오.,均衡,均衡,,균형,균형,
3급,76,2017-02-25,44,dokeum_W,다음 漢字語의 讀音을 쓰시오.,舞臺,舞臺,,무대,무대,
3급,76,2017-02-25,45,dokeum_W,다음 漢字語의 讀音을 쓰시오.,睡眠,睡眠,,수면,수면,
3급,76,2017-02-25,46,hanjaeo_W,다음의 밑줄 친 낱말을 漢字(正字)로 쓰시오.,"공자의 일생은 어린 시절 불우한 환경에서도 끊임없이 배우고자 분투하는 모습, 자신의 정치적 이상을 실현하기 위해 노력했던 모습, 그리고 제자들을 양성하고 고대 문헌을 정리하려고 힘쓴 모습으로 나타난다. 그 중 가장 인상적인 부분은 공자가 가장 어려웠던 시기인 천하를 떠돌아다니던 14년간이 아닐까 한다. 55세라는 적지 않은 나이에 시작하여 자신의 꿈을 찾아 새로운 환경과 역경을 두려워하지 않는 모습은 젊은 나이에도 실패를 두려워하고 도전하려는 정신이 부족한 요즘의 우리에게 주는 교훈이 적지 않다. 공자가 꿈꾸었던 이상 사회와 그의 사상이 무엇인가에 관계없이 새로운 세상의 창조는 언제나 꿈꾸고 도전하는 사람들에 의해 이루어지기 때문이다.",공자,,孔子,孔子,
3급,76,2017-02-25,47,hanjaeo_W,다음의 밑줄 친 낱말을 漢字(正字)로 쓰시오.,"공자의 일생은 어린 시절 불우한 환경에서도 끊임없이 배우고자 분투하는 모습, 자신의 정치적 이상을 실현하기 위해 노력했던 모습, 그리고 제자들을 양성하고 고대 문헌을 정리하려고 힘쓴 모습으로 나타난다. 그 중 가장 인상적인 부분은 공자가 가장 어려웠던 시기인 천하를 떠돌아다니던 14년간이 아닐까 한다. 55세라는 적지 않은 나이에 시작하여 자신의 꿈을 찾아 새로운 환경과 역경을 두려워하지 않는 모습은 젊은 나이에도 실패를 두려워하고 도전하려는 정신이 부족한 요즘의 우리에게 주는 교훈이 적지 않다. 공자가 꿈꾸었던 이상 사회와 그의 사상이 무엇인가에 관계없이 새로운 세상의 창조는 언제나 꿈꾸고 도전하는 사람들에 의해 이루어지기 때문이다.",일생,,一生,一生,
3급,76,2017-02-25,48,hanjaeo_W,다음의 밑줄 친 낱말을 漢字(正字)로 쓰시오.,"공자의 일생은 어린 시절 불우한 환경에서도 끊임없이 배우고자 분투하는 모습, 자신의 정치적 이상을 실현하기 위해 노력했던 모습, 그리고 제자들을 양성하고 고대 문헌을 정리하려고 힘쓴 모습으로 나타난다. 그 중 가장 인상적인 부분은 공자가 가장 어려웠던 시기인 천하를 떠돌아다니던 14년간이 아닐까 한다. 55세라는 적지 않은 나이에 시작하여 자신의 꿈을 찾아 새로운 환경과 역경을 두려워하지 않는 모습은 젊은 나이에도 실패를 두려워하고 도전하려는 정신이 부족한 요즘의 우리에게 주는 교훈이 적지 않다. 공자가 꿈꾸었던 이상 사회와 그의 사상이 무엇인가에 관계없이 새로운 세상의 창조는 언제나 꿈꾸고 도전하는 사람들에 의해 이루어지기 때문이다.",시절,,時節,時節,
3급,76,2017-02-25,49,hanjaeo_W,다음의 밑줄 친 낱말을 漢字(正字)로 쓰시오.,"공자의 일생은 어린 시절 불우한 환경에서도 끊임없이 배우고자 분투하는 모습, 자신의 정치적 이상을 실현하기 위해 노력했던 모습, 그리고 제자들을 양성하고 고대 문헌을 정리하려고 힘쓴 모습으로 나타난다. 그 중 가장 인상적인 부분은 공자가 가장 어려웠던 시기인 천하를 떠돌아다니던 14년간이 아닐까 한다. 55세라는 적지 않은 나이에 시작하여 자신의 꿈을 찾아 새로운 환경과 역경을 두려워하지 않는 모습은 젊은 나이에도 실패를 두려워하고 도전하려는 정신이 부족한 요즘의 우리에게 주는 교훈이 적지 않다. 공자가 꿈꾸었던 이상 사회와 그의 사상이 무엇인가에 관계없이 새로운 세상의 창조는 언제나 꿈꾸고 도전하는 사람들에 의해 이루어지기 때문이다.",불우,,不遇,不遇,
3급,76,2017-02-25,50,hanjaeo_W,다음의 밑줄 친 낱말을 漢字(正字)로 쓰시오.,"공자의 일생은 어린 시절 불우한 환경에서도 끊임없이 배우고자 분투하는 모습, 자신의 정치적 이상을 실현하기 위해 노력했던 모습, 그리고 제자들을 양성하고 고대 문헌을 정리하려고 힘쓴 모습으로 나타난다. 그 중 가장 인상적인 부분은 공자가 가장 어려웠던 시기인 천하를 떠돌아다니던 14년간이 아닐까 한다. 55세라는 적지 않은 나이에 시작하여 자신의 꿈을 찾아 새로운 환경과 역경을 두려워하지 않는 모습은 젊은 나이에도 실패를 두려워하고 도전하려는 정신이 부족한 요즘의 우리에게 주는 교훈이 적지 않다. 공자가 꿈꾸었던 이상 사회와 그의 사상이 무엇인가에 관계없이 새로운 세상의 창조는 언제나 꿈꾸고 도전하는 사람들에 의해 이루어지기 때문이다.",환경,,環境,環境,
3급,76,2017-02-25,51,hanjaeo_W,다음의 밑줄 친 낱말을 漢字(正字)로 쓰시오.,"공자의 일생은 어린 시절 불우한 환경에서도 끊임없이 배우고자 분투하는 모습, 자신의 정치적 이상을 실현하기 위해 노력했던 모습, 그리고 제자들을 양성하고 고대 문헌을 정리하려고 힘쓴 모습으로 나타난다. 그 중 가장 인상적인 부분은 공자가 가장 어려웠던 시기인 천하를 떠돌아다니던 14년간이 아닐까 한다. 55세라는 적지 않은 나이에 시작하여 자신의 꿈을 찾아 새로운 환경과 역경을 두려워하지 않는 모습은 젊은 나이에도 실패를 두려워하고 도전하려는 정신이 부족한 요즘의 우리에게 주는 교훈이 적지 않다. 공자가 꿈꾸었던 이상 사회와 그의 사상이 무엇인가에 관계없이 새로운 세상의 창조는 언제나 꿈꾸고 도전하는 사람들에 의해 이루어지기 때문이다.",자신,,自身,自身,
3급,76,2017-02-25,52,hanjaeo_W,다음의 밑줄 친 낱말을 漢字(正字)로 쓰시오.,"공자의 일생은 어린 시절 불우한 환경에서도 끊임없이 배우고자 분투하는 모습, 자신의 정치적 이상을 실현하기 위해 노력했던 모습, 그리고 제자들을 양성하고 고대 문헌을 정리하려고 힘쓴 모습으로 나타난다. 그 중 가장 인상적인 부분은 공자가 가장 어려웠던 시기인 천하를 떠돌아다니던 14년간이 아닐까 한다. 55세라는 적지 않은 나이에 시작하여 자신의 꿈을 찾아 새로운 환경과 역경을 두려워하지 않는 모습은 젊은 나이에도 실패를 두려워하고 도전하려는 정신이 부족한 요즘의 우리에게 주는 교훈이 적지 않다. 공자가 꿈꾸었던 이상 사회와 그의 사상이 무엇인가에 관계없이 새로운 세상의 창조는 언제나 꿈꾸고 도전하는 사람들에 의해 이루어지기 때문이다.",실현,,實現,實現,
3급,76,2017-02-25,53,hanjaeo_W,다음의 밑줄 친 낱말을 漢字(正字)로 쓰시오.,"공자의 일생은 어린 시절 불우한 환경에서도 끊임없이 배우고자 분투하는 모습, 자신의 정치적 이상을 실현하기 위해 노력했던 모습, 그리고 제자들을 양성하고 고대 문헌을 정리하려고 힘쓴 모습으로 나타난다. 그 중 가장 인상적인 부분은 공자가 가장 어려웠던 시기인 천하를 떠돌아다니던 14년간이 아닐까 한다. 55세라는 적지 않은 나이에 시작하여 자신의 꿈을 찾아 새로운 환경과 역경을 두려워하지 않는 모습은 젊은 나이에도 실패를 두려워하고 도전하려는 정신이 부족한 요즘의 우리에게 주는 교훈이 적지 않다. 공자가 꿈꾸었던 이상 사회와 그의 사상이 무엇인가에 관계없이 새로운 세상의 창조는 언제나 꿈꾸고 도전하는 사람들에 의해 이루어지기 때문이다.",고대,,古代,古代,
3급,76,2017-02-25,54,hanjaeo_W,다음의 밑줄 친 낱말을 漢字(正字)로 쓰시오.,"공자의 일생은 어린 시절 불우한 환경에서도 끊임없이 배우고자 분투하는 모습, 자신의 정치적 이상을 실현하기 위해 노력했던 모습, 그리고 제자들을 양성하고 고대 문헌을 정리하려고 힘쓴 모습으로 나타난다. 그 중 가장 인상적인 부분은 공자가 가장 어려웠던 시기인 천하를 떠돌아다니던 14년간이 아닐까 한다. 55세라는 적지 않은 나이에 시작하여 자신의 꿈을 찾아 새로운 환경과 역경을 두려워하지 않는 모습은 젊은 나이에도 실패를 두려워하고 도전하려는 정신이 부족한 요즘의 우리에게 주는 교훈이 적지 않다. 공자가 꿈꾸었던 이상 사회와 그의 사상이 무엇인가에 관계없이 새로운 세상의 창조는 언제나 꿈꾸고 도전하는 사람들에 의해 이루어지기 때문이다.",정리,,整理,整理,
3급,76,2017-02-25,55,hanjaeo_W,다음의 밑줄 친 낱말을 漢字(正字)로 쓰시오.,"공자의 일생은 어린 시절 불우한 환경에서도 끊임없이 배우고자 분투하는 모습, 자신의 정치적 이상을 실현하기 위해 노력했던 모습, 그리고 제자들을 양성하고 고대 문헌을 정리하려고 힘쓴 모습으로 나타난다. 그 중 가장 인상적인 부분은 공자가 가장 어려웠던 시기인 천하를 떠돌아다니던 14년간이 아닐까 한다. 55세라는 적지 않은 나이에 시작하여 자신의 꿈을 찾아 새로운 환경과 역경을 두려워하지 않는 모습은 젊은 나이에도 실패를 두려워하고 도전하려는 정신이 부족한 요즘의 우리에게 주는 교훈이 적지 않다. 공자가 꿈꾸었던 이상 사회와 그의 사상이 무엇인가에 관계없이 새로운 세상의 창조는 언제나 꿈꾸고 도전하는 사람들에 의해 이루어지기 때문이다.",인상,,印象,印象,
3급,76,2017-02-25,56,hanjaeo_W,다음의 밑줄 친 낱말을 漢字(正字)로 쓰시오.,"공자의 일생은 어린 시절 불우한 환경에서도 끊임없이 배우고자 분투하는 모습, 자신의 정치적 이상을 실현하기 위해 노력했던 모습, 그리고 제자들을 양성하고 고대 문헌을 정리하려고 힘쓴 모습으로 나타난다. 그 중 가장 인상적인 부분은 공자가 가장 어려웠던 시기인 천하를 떠돌아다니던 14년간이 아닐까 한다. 55세라는 적지 않은 나이에 시작하여 자신의 꿈을 찾아 새로운 환경과 역경을 두려워하지 않는 모습은 젊은 나이에도 실패를 두려워하고 도전하려는 정신이 부족한 요즘의 우리에게 주는 교훈이 적지 않다. 공자가 꿈꾸었던 이상 사회와 그의 사상이 무엇인가에 관계없이 새로운 세상의 창조는 언제나 꿈꾸고 도전하는 사람들에 의해 이루어지기 때문이다.",천하,,天下,天下,
3급,76,2017-02-25,57,hanjaeo_W,다음의 밑줄 친 낱말을 漢字(正字)로 쓰시오.,"공자의 일생은 어린 시절 불우한 환경에서도 끊임없이 배우고자 분투하는 모습, 자신의 정치적 이상을 실현하기 위해 노력했던 모습, 그리고 제자들을 양성하고 고대 문헌을 정리하려고 힘쓴 모습으로 나타난다. 그 중 가장 인상적인 부분은 공자가 가장 어려웠던 시기인 천하를 떠돌아다니던 14년간이 아닐까 한다. 55세라는 적지 않은 나이에 시작하여 자신의 꿈을 찾아 새로운 환경과 역경을 두려워하지 않는 모습은 젊은 나이에도 실패를 두려워하고 도전하려는 정신이 부족한 요즘의 우리에게 주는 교훈이 적지 않다. 공자가 꿈꾸었던 이상 사회와 그의 사상이 무엇인가에 관계없이 새로운 세상의 창조는 언제나 꿈꾸고 도전하는 사람들에 의해 이루어지기 때문이다.",시작,,始作,始作,
3급,76,2017-02-25,58,hanjaeo_W,다음의 밑줄 친 낱말을 漢字(正字)로 쓰시오.,"공자의 일생은 어린 시절 불우한 환경에서도 끊임없이 배우고자 분투하는 모습, 자신의 정치적 이상을 실현하기 위해 노력했던 모습, 그리고 제자들을 양성하고 고대 문헌을 정리하려고 힘쓴 모습으로 나타난다. 그 중 가장 인상적인 부분은 공자가 가장 어려웠던 시기인 천하를 떠돌아다니던 14년간이 아닐까 한다. 55세라는 적지 않은 나이에 시작하여 자신의 꿈을 찾아 새로운 환경과 역경을 두려워하지 않는 모습은 젊은 나이에도 실패를 두려워하고 도전하려는 정신이 부족한 요즘의 우리에게 주는 교훈이 적지 않다. 공자가 꿈꾸었던 이상 사회와 그의 사상이 무엇인가에 관계없이 새로운 세상의 창조는 언제나 꿈꾸고 도전하는 사람들에 의해 이루어지기 때문이다.",실패,,失敗,失敗,
3급,76,2017-02-25,59,hanjaeo_W,다음의 밑줄 친 낱말을 漢字(正字)로 쓰시오.,"공자의 일생은 어린 시절 불우한 환경에서도 끊임없이 배우고자 분투하는 모습, 자신의 정치적 이상을 실현하기 위해 노력했던 모습, 그리고 제자들을 양성하고 고대 문헌을 정리하려고 힘쓴 모습으로 나타난다. 그 중 가장 인상적인 부분은 공자가 가장 어려웠던 시기인 천하를 떠돌아다니던 14년간이 아닐까 한다. 55세라는 적지 않은 나이에 시작하여 자신의 꿈을 찾아 새로운 환경과 역경을 두려워하지 않는 모습은 젊은 나이에도 실패를 두려워하고 도전하려는 정신이 부족한 요즘의 우리에게 주는 교훈이 적지 않다. 공자가 꿈꾸었던 이상 사회와 그의 사상이 무엇인가에 관계없이 새로운 세상의 창조는 언제나 꿈꾸고 도전하는 사람들에 의해 이루어지기 때문이다.",관계,,關係,關係,
3급,76,2017-02-25,60,hanjaeo_W,다음의 밑줄 친 낱말을 漢字(正字)로 쓰시오.,"공자의 일생은 어린 시절 불우한 환경에서도 끊임없이 배우고자 분투하는 모습, 자신의 정치적 이상을 실현하기 위해 노력했던 모습, 그리고 제자들을 양성하고 고대 문헌을 정리하려고 힘쓴 모습으로 나타난다. 그 중 가장 인상적인 부분은 공자가 가장 어려웠던 시기인 천하를 떠돌아다니던 14년간이 아닐까 한다. 55세라는 적지 않은 나이에 시작하여 자신의 꿈을 찾아 새로운 환경과 역경을 두려워하지 않는 모습은 젊은 나이에도 실패를 두려워하고 도전하려는 정신이 부족한 요즘의 우리에게 주는 교훈이 적지 않다. 공자가 꿈꾸었던 이상 사회와 그의 사상이 무엇인가에 관계없이 새로운 세상의 창조는 언제나 꿈꾸고 도전하는 사람들에 의해 이루어지기 때문이다.",창조,,創造,創造,
3급,76,2017-02-25,61,hanjaeo_W,다음의 밑줄 친 낱말을 漢字(正字)로 쓰시오.,"우리 민족이 주연 배우로 세계의 무대에 등장할 날이 눈앞에 보이지 아니하는가. 이 일을 하기 위하여 우리가 할 일은 사상의 자유를 확보하는 정치 양식의 건립과 국민 교육의 완비다. 내가 위에서 자유의 나라를 강조하고 교육의 중요성을 말한 것이 이 때문이다. 최고 문화 건설의 사명을 달한 민족은 일언이폐지하면 모두 성인을 만드는 데 있다. 대한 사람이라면 간 데마다 신용을 받고 대접을 받아야 한다. 우리의 적이 우리를 누르고 있을 때에는 미워하고 분해하는 살벌, 투쟁의 정신을 길렀었거니와 적은 이미 물러갔으니 우리는 증오의 투쟁을 버리고 화합의 건설을 일삼을 때다.",민족,,民族,民族,
3급,76,2017-02-25,62,hanjaeo_W,다음의 밑줄 친 낱말을 漢字(正字)로 쓰시오.,"우리 민족이 주연 배우로 세계의 무대에 등장할 날이 눈앞에 보이지 아니하는가. 이 일을 하기 위하여 우리가 할 일은 사상의 자유를 확보하는 정치 양식의 건립과 국민 교육의 완비다. 내가 위에서 자유의 나라를 강조하고 교육의 중요성을 말한 것이 이 때문이다. 최고 문화 건설의 사명을 달한 민족은 일언이폐지하면 모두 성인을 만드는 데 있다. 대한 사람이라면 간 데마다 신용을 받고 대접을 받아야 한다. 우리의 적이 우리를 누르고 있을 때에는 미워하고 분해하는 살벌, 투쟁의 정신을 길렀었거니와 적은 이미 물러갔으니 우리는 증오의 투쟁을 버리고 화합의 건설을 일삼을 때다.",주연,,主演,主演,
3급,76,2017-02-25,63,hanjaeo_W,다음의 밑줄 친 낱말을 漢字(正字)로 쓰시오.,"우리 민족이 주연 배우로 세계의 무대에 등장할 날이 눈앞에 보이지 아니하는가. 이 일을 하기 위하여 우리가 할 일은 사상의 자유를 확보하는 정치 양식의 건립과 국민 교육의 완비다. 내가 위에서 자유의 나라를 강조하고 교육의 중요성을 말한 것이 이 때문이다. 최고 문화 건설의 사명을 달한 민족은 일언이폐지하면 모두 성인을 만드는 데 있다. 대한 사람이라면 간 데마다 신용을 받고 대접을 받아야 한다. 우리의 적이 우리를 누르고 있을 때에는 미워하고 분해하는 살벌, 투쟁의 정신을 길렀었거니와 적은 이미 물러갔으니 우리는 증오의 투쟁을 버리고 화합의 건설을 일삼을 때다.",세계,,世界,世界,
3급,76,2017-02-25,64,hanjaeo_W,다음의 밑줄 친 낱말을 漢字(正字)로 쓰시오.,"우리 민족이 주연 배우로 세계의 무대에 등장할 날이 눈앞에 보이지 아니하는가. 이 일을 하기 위하여 우리가 할 일은 사상의 자유를 확보하는 정치 양식의 건립과 국민 교육의 완비다. 내가 위에서 자유의 나라를 강조하고 교육의 중요성을 말한 것이 이 때문이다. 최고 문화 건설의 사명을 달한 민족은 일언이폐지하면 모두 성인을 만드는 데 있다. 대한 사람이라면 간 데마다 신용을 받고 대접을 받아야 한다. 우리의 적이 우리를 누르고 있을 때에는 미워하고 분해하는 살벌, 투쟁의 정신을 길렀었거니와 적은 이미 물러갔으니 우리는 증오의 투쟁을 버리고 화합의 건설을 일삼을 때다.",등장,,登場,登場,
3급,76,2017-02-25,65,hanjaeo_W,다음의 밑줄 친 낱말을 漢字(正字)로 쓰시오.,"우리 민족이 주연 배우로 세계의 무대에 등장할 날이 눈앞에 보이지 아니하는가. 이 일을 하기 위하여 우리가 할 일은 사상의 자유를 확보하는 정치 양식의 건립과 국민 교육의 완비다. 내가 위에서 자유의 나라를 강조하고 교육의 중요성을 말한 것이 이 때문이다. 최고 문화 건설의 사명을 달한 민족은 일언이폐지하면 모두 성인을 만드는 데 있다. 대한 사람이라면 간 데마다 신용을 받고 대접을 받아야 한다. 우리의 적이 우리를 누르고 있을 때에는 미워하고 분해하는 살벌, 투쟁의 정신을 길렀었거니와 적은 이미 물러갔으니 우리는 증오의 투쟁을 버리고 화합의 건설을 일삼을 때다.",사상,,思想,思想,
3급,76,2017-02-25,66,hanjaeo_W,다음의 밑줄 친 낱말을 漢字(正字)로 쓰시오.,"우리 민족이 주연 배우로 세계의 무대에 등장할 날이 눈앞에 보이지 아니하는가. 이 일을 하기 위하여 우리가 할 일은 사상의 자유를 확보하는 정치 양식의 건립과 국민 교육의 완비다. 내가 위에서 자유의 나라를 강조하고 교육의 중요성을 말한 것이 이 때문이다. 최고 문화 건설의 사명을 달한 민족은 일언이폐지하면 모두 성인을 만드는 데 있다. 대한 사람이라면 간 데마다 신용을 받고 대접을 받아야 한다. 우리의 적이 우리를 누르고 있을 때에는 미워하고 분해하는 살벌, 투쟁의 정신을 길렀었거니와 적은 이미 물러갔으니 우리는 증오의 투쟁을 버리고 화합의 건설을 일삼을 때다.",확보,,確保,確保,
3급,76,2017-02-25,67,hanjaeo_W,다음의 밑줄 친 낱말을 漢字(正字)로 쓰시오.,"우리 민족이 주연 배우로 세계의 무대에 등장할 날이 눈앞에 보이지 아니하는가. 이 일을 하기 위하여 우리가 할 일은 사상의 자유를 확보하는 정치 양식의 건립과 국민 교육의 완비다. 내가 위에서 자유의 나라를 강조하고 교육의 중요성을 말한 것이 이 때문이다. 최고 문화 건설의 사명을 달한 민족은 일언이폐지하면 모두 성인을 만드는 데 있다. 대한 사람이라면 간 데마다 신용을 받고 대접을 받아야 한다. 우리의 적이 우리를 누르고 있을 때에는 미워하고 분해하는 살벌, 투쟁의 정신을 길렀었거니와 적은 이미 물러갔으니 우리는 증오의 투쟁을 버리고 화합의 건설을 일삼을 때다.",정치,,政治,政治,
3급,76,2017-02-25,68,hanjaeo_W,다음의 밑줄 친 낱말을 漢字(正字)로 쓰시오.,"우리 민족이 주연 배우로 세계의 무대에 등장할 날이 눈앞에 보이지 아니하는가. 이 일을 하기 위하여 우리가 할 일은 사상의 자유를 확보하는 정치 양식의 건립과 국민 교육의 완비다. 내가 위에서 자유의 나라를 강조하고 교육의 중요성을 말한 것이 이 때문이다. 최고 문화 건설의 사명을 달한 민족은 일언이폐지하면 모두 성인을 만드는 데 있다. 대한 사람이라면 간 데마다 신용을 받고 대접을 받아야 한다. 우리의 적이 우리를 누르고 있을 때에는 미워하고 분해하는 살벌, 투쟁의 정신을 길렀었거니와 적은 이미 물러갔으니 우리는 증오의 투쟁을 버리고 화합의 건설을 일삼을 때다.",교육,,敎育,敎育,
3급,76,2017-02-25,69,hanjaeo_W,다음의 밑줄 친 낱말을 漢字(正字)로 쓰시오.,"우리 민족이 주연 배우로 세계의 무대에 등장할 날이 눈앞에 보이지 아니하는가. 이 일을 하기 위하여 우리가 할 일은 사상의 자유를 확보하는 정치 양식의 건립과 국민 교육의 완비다. 내가 위에서 자유의 나라를 강조하고 교육의 중요성을 말한 것이 이 때문이다. 최고 문화 건설의 사명을 달한 민족은 일언이폐지하면 모두 성인을 만드는 데 있다. 대한 사람이라면 간 데마다 신용을 받고 대접을 받아야 한다. 우리의 적이 우리를 누르고 있을 때에는 미워하고 분해하는 살벌, 투쟁의 정신을 길렀었거니와 적은 이미 물러갔으니 우리는 증오의 투쟁을 버리고 화합의 건설을 일삼을 때다.",강조,,強調,強調,
3급,76,2017-02-25,70,hanjaeo_W,다음의 밑줄 친 낱말을 漢字(正字)로 쓰시오.,"우리 민족이 주연 배우로 세계의 무대에 등장할 날이 눈앞에 보이지 아니하는가. 이 일을 하기 위하여 우리가 할 일은 사상의 자유를 확보하는 정치 양식의 건립과 국민 교육의 완비다. 내가 위에서 자유의 나라를 강조하고 교육의 중요성을 말한 것이 이 때문이다. 최고 문화 건설의 사명을 달한 민족은 일언이폐지하면 모두 성인을 만드는 데 있다. 대한 사람이라면 간 데마다 신용을 받고 대접을 받아야 한다. 우리의 적이 우리를 누르고 있을 때에는 미워하고 분해하는 살벌, 투쟁의 정신을 길렀었거니와 적은 이미 물러갔으니 우리는 증오의 투쟁을 버리고 화합의 건설을 일삼을 때다.",건설,,建設,建設,
3급,76,2017-02-25,71,hanjaeo_W,다음의 밑줄 친 낱말을 漢字(正字)로 쓰시오.,"우리 민족이 주연 배우로 세계의 무대에 등장할 날이 눈앞에 보이지 아니하는가. 이 일을 하기 위하여 우리가 할 일은 사상의 자유를 확보하는 정치 양식의 건립과 국민 교육의 완비다. 내가 위에서 자유의 나라를 강조하고 교육의 중요성을 말한 것이 이 때문이다. 최고 문화 건설의 사명을 달한 민족은 일언이폐지하면 모두 성인을 만드는 데 있다. 대한 사람이라면 간 데마다 신용을 받고 대접을 받아야 한다. 우리의 적이 우리를 누르고 있을 때에는 미워하고 분해하는 살벌, 투쟁의 정신을 길렀었거니와 적은 이미 물러갔으니 우리는 증오의 투쟁을 버리고 화합의 건설을 일삼을 때다.",신용,,信用,信用,
3급,76,2017-02-25,72,hanjaeo_W,다음의 밑줄 친 낱말을 漢字(正字)로 쓰시오.,"우리 민족이 주연 배우로 세계의 무대에 등장할 날이 눈앞에 보이지 아니하는가. 이 일을 하기 위하여 우리가 할 일은 사상의 자유를 확보하는 정치 양식의 건립과 국민 교육의 완비다. 내가 위에서 자유의 나라를 강조하고 교육의 중요성을 말한 것이 이 때문이다. 최고 문화 건설의 사명을 달한 민족은 일언이폐지하면 모두 성인을 만드는 데 있다. 대한 사람이라면 간 데마다 신용을 받고 대접을 받아야 한다. 우리의 적이 우리를 누르고 있을 때에는 미워하고 분해하는 살벌, 투쟁의 정신을 길렀었거니와 적은 이미 물러갔으니 우리는 증오의 투쟁을 버리고 화합의 건설을 일삼을 때다.",대접,,待接,待接,
3급,76,2017-02-25,73,hanjaeo_W,다음의 밑줄 친 낱말을 漢字(正字)로 쓰시오.,"우리 민족이 주연 배우로 세계의 무대에 등장할 날이 눈앞에 보이지 아니하는가. 이 일을 하기 위하여 우리가 할 일은 사상의 자유를 확보하는 정치 양식의 건립과 국민 교육의 완비다. 내가 위에서 자유의 나라를 강조하고 교육의 중요성을 말한 것이 이 때문이다. 최고 문화 건설의 사명을 달한 민족은 일언이폐지하면 모두 성인을 만드는 데 있다. 대한 사람이라면 간 데마다 신용을 받고 대접을 받아야 한다. 우리의 적이 우리를 누르고 있을 때에는 미워하고 분해하는 살벌, 투쟁의 정신을 길렀었거니와 적은 이미 물러갔으니 우리는 증오의 투쟁을 버리고 화합의 건설을 일삼을 때다.",살벌,,殺伐,殺伐,
3급,76,2017-02-25,74,hanjaeo_W,다음의 밑줄 친 낱말을 漢字(正字)로 쓰시오.,"우리 민족이 주연 배우로 세계의 무대에 등장할 날이 눈앞에 보이지 아니하는가. 이 일을 하기 위하여 우리가 할 일은 사상의 자유를 확보하는 정치 양식의 건립과 국민 교육의 완비다. 내가 위에서 자유의 나라를 강조하고 교육의 중요성을 말한 것이 이 때문이다. 최고 문화 건설의 사명을 달한 민족은 일언이폐지하면 모두 성인을 만드는 데 있다. 대한 사람이라면 간 데마다 신용을 받고 대접을 받아야 한다. 우리의 적이 우리를 누르고 있을 때에는 미워하고 분해하는 살벌, 투쟁의 정신을 길렀었거니와 적은 이미 물러갔으니 우리는 증오의 투쟁을 버리고 화합의 건설을 일삼을 때다.",투쟁,,鬪爭,鬪爭,
3급,76,2017-02-25,75,hanjaeo_W,다음의 밑줄 친 낱말을 漢字(正字)로 쓰시오.,"우리 민족이 주연 배우로 세계의 무대에 등장할 날이 눈앞에 보이지 아니하는가. 이 일을 하기 위하여 우리가 할 일은 사상의 자유를 확보하는 정치 양식의 건립과 국민 교육의 완비다. 내가 위에서 자유의 나라를 강조하고 교육의 중요성을 말한 것이 이 때문이다. 최고 문화 건설의 사명을 달한 민족은 일언이폐지하면 모두 성인을 만드는 데 있다. 대한 사람이라면 간 데마다 신용을 받고 대접을 받아야 한다. 우리의 적이 우리를 누르고 있을 때에는 미워하고 분해하는 살벌, 투쟁의 정신을 길렀었거니와 적은 이미 물러갔으니 우리는 증오의 투쟁을 버리고 화합의 건설을 일삼을 때다.",정신,,精神,精神,
3급,76,2017-02-25,76,huneum_W,다음 漢字의 訓과 音을 쓰시오.,憐,憐,,불쌍히여길 련,불쌍히여길 련,
3급,76,2017-02-25,77,huneum_W,다음 漢字의 訓과 音을 쓰시오.,煩,煩,,번거로울 번,번거로울 번,
3급,76,2017-02-25,78,huneum_W,다음 漢字의 訓과 音을 쓰시오.,泥,泥,,진흙 니,진흙 니,
3급,76,2017-02-25,79,huneum_W,다음 漢字의 訓과 音을 쓰시오.,埋,埋,,묻을 매,묻을 매,
3급,76,2017-02-25,80,huneum_W,다음 漢字의 訓과 音을 쓰시오.,峯,峯,,봉우리 봉,봉우리 봉,
3급,76,2017-02-25,81,huneum_W,다음 漢字의 訓과 音을 쓰시오.,糖,糖,,엿 당,엿 당,
3급,76,2017-02-25,82,huneum_W,다음 漢字의 訓과 音을 쓰시오.,粟,粟,,조 속,조 속,
3급,76,2017-02-25,83,huneum_W,다음 漢字의 訓과 音을 쓰시오.,催,催,,재촉할 최,재촉할 최,
3급,76,2017-02-25,84,huneum_W,다음 漢字의 訓과 音을 쓰시오.,潔,潔,,깨끗할 결,깨끗할 결,
3급,76,2017-02-25,85,huneum_W,다음 漢字의 訓과 音을 쓰시오.,脈,脈,,줄기 맥,줄기 맥,
3급,76,2017-02-25,86,huneum_W,다음 漢字의 訓과 音을 쓰시오.,奈,奈,,어찌 내,어찌 내,
3급,76,2017-02-25,87,huneum_W,다음 漢字의 訓과 音을 쓰시오.,效,效,,본받을 효,본받을 효,
3급,76,2017-02-25,88,huneum_W,다음 漢字의 訓과 音을 쓰시오.,筋,筋,,힘줄 근,힘줄 근,
3급,76,2017-02-25,89,huneum_W,다음 漢字의 訓과 音을 쓰시오.,憫,憫,,민망할 민,민망할 민,
3급,76,2017-02-25,90,huneum_W,다음 漢字의 訓과 音을 쓰시오.,雜,雜,,섞일 잡,섞일 잡,
3급,76,2017-02-25,91,huneum_W,다음 漢字의 訓과 音을 쓰시오.,崩,崩,,무너질 붕,무너질 붕,
3급,76,2017-02-25,92,huneum_W,다음 漢字의 訓과 音을 쓰시오.,篤,篤,,도타울 독,도타울 독,
3급,76,2017-02-25,93,huneum_W,다음 漢字의 訓과 音을 쓰시오.,憶,憶,,생각할 억,생각할 억,
3급,76,2017-02-25,94,huneum_W,다음 漢字의 訓과 音을 쓰시오.,稻,稻,,벼 도,벼 도,
3급,76,2017-02-25,95,huneum_W,다음 漢字의 訓과 音을 쓰시오.,涉,涉,,건널 섭,건널 섭,
3급,76,2017-02-25,96,huneum_W,다음 漢字의 訓과 音을 쓰시오.,渴,渴,,목마를 갈,목마를 갈,
3급,76,2017-02-25,97,huneum_W,다음 漢字의 訓과 音을 쓰시오.,隣,隣,,이웃 린,이웃 린,
3급,76,2017-02-25,98,huneum_W,다음 漢字의 訓과 音을 쓰시오.,頻,頻,,자주 빈,자주 빈,
3급,76,2017-02-25,99,huneum_W,다음 漢字의 訓과 音을 쓰시오.,霧,霧,,안개 무,안개 무,
3급,76,2017-02-25,100,huneum_W,다음 漢字의 訓과 音을 쓰시오.,斯,斯,,이 사,이 사,
3급,76,2017-02-25,101,huneum_W,다음 漢字의 訓과 音을 쓰시오.,鹽,鹽,,소금 염,소금 염,
3급,76,2017-02-25,102,huneum_W,다음 漢字의 訓과 音을 쓰시오.,陸,陸,,뭍 륙,뭍 륙,
3급,76,2017-02-25,103,jangeum_S,다음 중 첫음절이 길게 소리 나는 것을 고르시오.,,,"[""① 史記"", ""② 詐欺""]",①,① 史記,
3급,76,2017-02-25,104,jangeum_S,다음 중 첫음절이 길게 소리 나는 것을 고르시오.,,,"[""① 桃花"", ""② 導火""]",②,② 導火,
3급,76,2017-02-25,105,jangeum_S,다음 중 첫음절이 길게 소리 나는 것을 고르시오.,,,"[""① 詩人"", ""② 是認""]",②,② 是認,
3급,76,2017-02-25,106,jangeum_S,다음 중 첫음절이 길게 소리 나는 것을 고르시오.,,,"[""① 右手"", ""② 優秀""]",①,① 右手,
3급,76,2017-02-25,107,jangeum_S,다음 중 첫음절이 길게 소리 나는 것을 고르시오.,,,"[""① 監査"", ""② 感謝""]",②,② 感謝,
3급,76,2017-02-25,108,yui_W,다음 (    ) 안에 비슷한 뜻을 가진 漢字(正字)를 써넣어 널리 쓰이는 單語를 완성하시오.,悔 - ( ),悔 - ( ),,恨,恨,
3급,76,2017-02-25,109,yui_W,다음 (    ) 안에 비슷한 뜻을 가진 漢字(正字)를 써넣어 널리 쓰이는 單語를 완성하시오.,副 - ( ),副 - ( ),,次,次,
3급,76,2017-02-25,110,yui_W,다음 (    ) 안에 비슷한 뜻을 가진 漢字(正字)를 써넣어 널리 쓰이는 單語를 완성하시오.,遙 - ( ),遙 - ( ),,遠,遠,
3급,76,2017-02-25,111,yui_W,다음 (    ) 안에 비슷한 뜻을 가진 漢字(正字)를 써넣어 널리 쓰이는 單語를 완성하시오.,( ) - 較,( ) - 較,,比,比,
3급,76,2017-02-25,112,yui_W,다음 (    ) 안에 비슷한 뜻을 가진 漢字(正字)를 써넣어 널리 쓰이는 單語를 완성하시오.,( ) - 算,( ) - 算,,計,計,
3급,76,2017-02-25,113,banui_W,다음 (   ) 안에 뜻이 反對 또는 相對 되는 漢字(正字)를 써넣어 널리 쓰이는 單語를 만드시오.,陽 ↔ ( ),陽 ↔ ( ),,陰,陰,
3급,76,2017-02-25,114,banui_W,다음 (   ) 안에 뜻이 反對 또는 相對 되는 漢字(正字)를 써넣어 널리 쓰이는 單語를 만드시오.,騰 ↔ ( ),騰 ↔ ( ),,落,落,
3급,76,2017-02-25,115,banui_W,다음 (   ) 안에 뜻이 反對 또는 相對 되는 漢字(正字)를 써넣어 널리 쓰이는 單語를 만드시오.,( ) ↔ 緯,( ) ↔ 緯,,經,經,
3급,76,2017-02-25,116,banui_W,다음 (   ) 안에 뜻이 反對 또는 相對 되는 漢字(正字)를 써넣어 널리 쓰이는 單語를 만드시오.,( ) ↔ 濁,( ) ↔ 濁,,淸,淸,
3급,76,2017-02-25,117,banui_W,다음 (   ) 안에 뜻이 反對 또는 相對 되는 漢字(正字)를 써넣어 널리 쓰이는 單語를 만드시오.,( ) ↔ 捨,( ) ↔ 捨,,取,取,
3급,76,2017-02-25,118,banuieo_W,다음 漢字語의 反對語 또는 相對語를 2음절로 된 漢字(正字)로 쓰시오.,加重 ↔ (    ),加重 ↔ ( ),,輕減,輕減,
3급,76,2017-02-25,119,banuieo_W,다음 漢字語의 反對語 또는 相對語를 2음절로 된 漢字(正字)로 쓰시오.,左遷 ↔ (    ),左遷 ↔ ( ),,榮轉,榮轉,
3급,76,2017-02-25,120,banuieo_W,다음 漢字語의 反對語 또는 相對語를 2음절로 된 漢字(正字)로 쓰시오.,苦痛 ↔ (    ),苦痛 ↔ ( ),,快樂,快樂,
3급,76,2017-02-25,121,banuieo_W,다음 漢字語의 反對語 또는 相對語를 2음절로 된 漢字(正字)로 쓰시오.,溫暖 ↔ (    ),溫暖 ↔ ( ),,寒冷,寒冷,
3급,76,2017-02-25,122,banuieo_W,다음 漢字語의 反對語 또는 相對語를 2음절로 된 漢字(正字)로 쓰시오.,白晝 ↔ (    ),白晝 ↔ ( ),,深夜,深夜,
3급,76,2017-02-25,123,dongeumeo_W,다음 漢字語의 同音異義語를 제시된 뜻에 맞는 漢字(正字)로 쓰시오.,(豪氣) - 좋은 기회.,(豪氣),,好機,好機,
3급,76,2017-02-25,124,dongeumeo_W,다음 漢字語의 同音異義語를 제시된 뜻에 맞는 漢字(正字)로 쓰시오.,(享有) - 향기로운 냄새가 나는 기름.,(享有),,香油,香油,
3급,76,2017-02-25,125,dongeumeo_W,다음 漢字語의 同音異義語를 제시된 뜻에 맞는 漢字(正字)로 쓰시오.,(縱斷) - 맨 끝.,(縱斷),,終端,終端,
3급,76,2017-02-25,126,dongeumeo_W,다음 漢字語의 同音異義語를 제시된 뜻에 맞는 漢字(正字)로 쓰시오.,(驅逐) - 쌓아 만듦.,(驅逐),,構築,構築,
3급,76,2017-02-25,127,dongeumeo_W,다음 漢字語의 同音異義語를 제시된 뜻에 맞는 漢字(正字)로 쓰시오.,(微震) - 다하지 못함.,(微震),,未盡,未盡,
3급,76,2017-02-25,128,seongeo_W,다음 (         ) 안에 알맞은 漢字(正字)를 써 넣어 四字成語를 완성하시오.,街( )巷說 : 길거리에 떠도는 소문.,街( )巷說,,談,談,
3급,76,2017-02-25,129,seongeo_W,다음 (         ) 안에 알맞은 漢字(正字)를 써 넣어 四字成語를 완성하시오.,咸興( )使 : 한번 가면 깜깜무소식이라는 말.,咸興( )使,,差,差,
3급,76,2017-02-25,130,seongeo_W,다음 (         ) 안에 알맞은 漢字(正字)를 써 넣어 四字成語를 완성하시오.,( )離滅裂 : 서로 갈라져 흩어지고 찢기어 나눠짐.,( )離滅裂,,支,支,
3급,76,2017-02-25,131,seongeo_W,다음 (         ) 안에 알맞은 漢字(正字)를 써 넣어 四字成語를 완성하시오.,群( )割據 : 많은 영웅들이 각자에 자리 잡고 서로 세력을 다툼.,群( )割據,,雄,雄,
3급,76,2017-02-25,132,seongeo_W,다음 (         ) 안에 알맞은 漢字(正字)를 써 넣어 四字成語를 완성하시오.,明( )止水 : 맑은 거울과 조용한 물.,明( )止水,,鏡,鏡,
3급,76,2017-02-25,133,seongeo_W,다음 (         ) 안에 알맞은 漢字(正字)를 써 넣어 四字成語를 완성하시오.,空前( )後 : 전에도 없었고 앞으로도 없을 일.,空前( )後,,絶,絶,
3급,76,2017-02-25,134,seongeo_W,다음 (         ) 안에 알맞은 漢字(正字)를 써 넣어 四字成語를 완성하시오.,虛( )聲勢 : 실속 없이 허세만 부림.,虛( )聲勢,,張,張,
3급,76,2017-02-25,135,seongeo_W,다음 (         ) 안에 알맞은 漢字(正字)를 써 넣어 四字成語를 완성하시오.,( )鹿爲馬 : 윗사람을 농락하여 권세를 마음대로 휘두르는 것.,( )鹿爲馬,,指,指,
3급,76,2017-02-25,136,seongeo_W,다음 (         ) 안에 알맞은 漢字(正字)를 써 넣어 四字成語를 완성하시오.,( )顔大笑 : 즐거운 표정으로 한바탕 웃음.,( )顔大笑,,破,破,
3급,76,2017-02-25,137,seongeo_W,다음 (         ) 안에 알맞은 漢字(正字)를 써 넣어 四字成語를 완성하시오.,( )國之色 : 한 나라의 형세를 기울어지게 할 큼 뛰어나게 아름다운 미인.,( )國之色,,傾,傾,
3급,76,2017-02-25,138,busu_W,다음 漢字의 部首를 쓰시오.,表,表,,衣,衣,
3급,76,2017-02-25,139,busu_W,다음 漢字의 部首를 쓰시오.,去,去,,厶,厶,
3급,76,2017-02-25,140,busu_W,다음 漢字의 部首를 쓰시오.,卒,卒,,十,十,
3급,76,2017-02-25,141,busu_W,다음 漢字의 部首를 쓰시오.,承,承,,手,手,
3급,76,2017-02-25,142,busu_W,다음 漢字의 部首를 쓰시오.,肅,肅,,聿,聿,
3급,76,2017-02-25,143,yakja_W,다음 漢字의 略字를 쓰시오.,賣,賣,,売,売,
3급,76,2017-02-25,144,yakja_W,다음 漢字의 略字를 쓰시오.,嚴,嚴,,厳,厳,
3급,76,2017-02-25,145,yakja_W,다음 漢字의 略字를 쓰시오.,鑛,鑛,,鉱,鉱,
3급,76,2017-02-25,146,mean_W,다음 漢字語의 뜻을 쓰시오.,解散,解散,,모였던 사람이 흩어짐.,모였던 사람이 흩어짐.,
3급,76,2017-02-25,147,mean_W,다음 漢字語의 뜻을 쓰시오.,假橋,假橋,,임시 다리.,임시 다리.,
3급,76,2017-02-25,148,mean_W,다음 漢字語의 뜻을 쓰시오.,眉間,眉間,,눈썹사이.,눈썹사이.,
3급,76,2017-02-25,149,mean_W,다음 漢字語의 뜻을 쓰시오.,傷處,傷處,,다친 자리.,다친 자리.,
3급,76,2017-02-25,150,mean_W,다음 漢字語의 뜻을 쓰시오.,耳鳴,耳鳴,,귀울림. 귓속에 잡음이 들리는 병적인 상태.,귀울림. 귓속에 잡음이 들리는 병적인 상태.,
3급,77,2017-05-27,1,dokeum_W,다음 문장에서 밑줄 친 漢字語의 讀音을 쓰시오.,늘 緊張하며 바쁘게 살아가는 사람들은 閑暇한 삶을 동경한다.,緊張,,긴장,긴장,
3급,77,2017-05-27,2,dokeum_W,다음 문장에서 밑줄 친 漢字語의 讀音을 쓰시오.,늘 緊張하며 바쁘게 살아가는 사람들은 閑暇한 삶을 동경한다.,閑暇,,한가,한가,
3급,77,2017-05-27,3,dokeum_W,다음 문장에서 밑줄 친 漢字語의 讀音을 쓰시오.,그는 懇切히 성공을 祈願하며 땀 흘려 일했다.,懇切,,간절,간절,
3급,77,2017-05-27,4,dokeum_W,다음 문장에서 밑줄 친 漢字語의 讀音을 쓰시오.,그는 懇切히 성공을 祈願하며 땀 흘려 일했다.,祈願,,기원,기원,
3급,77,2017-05-27,5,dokeum_W,다음 문장에서 밑줄 친 漢字語의 讀音을 쓰시오.,맹목적 踏襲에서 벗어나 사회에 만연한 弊害를 일소해야 한다.,踏襲,,답습,답습,
3급,77,2017-05-27,6,dokeum_W,다음 문장에서 밑줄 친 漢字語의 讀音을 쓰시오.,맹목적 踏襲에서 벗어나 사회에 만연한 弊害를 일소해야 한다.,弊害,,폐해,폐해,
3급,77,2017-05-27,7,dokeum_W,다음 문장에서 밑줄 친 漢字語의 讀音을 쓰시오.,경제 체질 개선으로 跳躍의 발판을 마련했다.,跳躍,,도약,도약,
3급,77,2017-05-27,8,dokeum_W,다음 문장에서 밑줄 친 漢字語의 讀音을 쓰시오.,株價가 騰落을 거듭하고 있다.,株價,,주가,주가,
3급,77,2017-05-27,9,dokeum_W,다음 문장에서 밑줄 친 漢字語의 讀音을 쓰시오.,株價가 騰落을 거듭하고 있다.,騰落,,등락,등락,
3급,77,2017-05-27,10,dokeum_W,다음 문장에서 밑줄 친 漢字語의 讀音을 쓰시오.,변호사에게 사건을 依賴하고 裁判을 받아 勝訴했다.,依賴,,의뢰,의뢰,
3급,77,2017-05-27,11,dokeum_W,다음 문장에서 밑줄 친 漢字語의 讀音을 쓰시오.,변호사에게 사건을 依賴하고 裁判을 받아 勝訴했다.,裁判,,재판,재판,
3급,77,2017-05-27,12,dokeum_W,다음 문장에서 밑줄 친 漢字語의 讀音을 쓰시오.,변호사에게 사건을 依賴하고 裁判을 받아 勝訴했다.,勝訴,,승소,승소,
3급,77,2017-05-27,13,dokeum_W,다음 문장에서 밑줄 친 漢字語의 讀音을 쓰시오.,몸이 疲困할 때 熟眠은 補藥과 같다.,疲困,,피곤,피곤,
3급,77,2017-05-27,14,dokeum_W,다음 문장에서 밑줄 친 漢字語의 讀音을 쓰시오.,몸이 疲困할 때 熟眠은 補藥과 같다.,熟眠,,숙면,숙면,
3급,77,2017-05-27,15,dokeum_W,다음 문장에서 밑줄 친 漢字語의 讀音을 쓰시오.,몸이 疲困할 때 熟眠은 補藥과 같다.,補藥,,보약,보약,
3급,77,2017-05-27,16,dokeum_W,다음 문장에서 밑줄 친 漢字語의 讀音을 쓰시오.,어두운 사회의 迷夢에서 깨어나 밝은 和睦의 사회로 나아가자.,迷夢,,미몽,미몽,
3급,77,2017-05-27,17,dokeum_W,다음 문장에서 밑줄 친 漢字語의 讀音을 쓰시오.,어두운 사회의 迷夢에서 깨어나 밝은 和睦의 사회로 나아가자.,和睦,,화목,화목,
3급,77,2017-05-27,18,dokeum_W,다음 문장에서 밑줄 친 漢字語의 讀音을 쓰시오.,옥수수를 栽培하다.,栽培,,재배,재배,
3급,77,2017-05-27,19,dokeum_W,다음 문장에서 밑줄 친 漢字語의 讀音을 쓰시오.,파손된 물건을 辨償하다.,辨償,,변상,변상,
3급,77,2017-05-27,20,dokeum_W,다음 문장에서 밑줄 친 漢字語의 讀音을 쓰시오.,그는 새로운 학교에 赴任하였다.,赴任,,부임,부임,
3급,77,2017-05-27,21,dokeum_W,다음 漢字語의 讀音을 쓰시오.,濫伐,濫伐,,남벌,남벌,
3급,77,2017-05-27,22,dokeum_W,다음 漢字語의 讀音을 쓰시오.,墳墓,墳墓,,분묘,분묘,
3급,77,2017-05-27,23,dokeum_W,다음 漢字語의 讀音을 쓰시오.,敍述,敍述,,서술,서술,
3급,77,2017-05-27,24,dokeum_W,다음 漢字語의 讀音을 쓰시오.,急逝,急逝,,급서,급서,
3급,77,2017-05-27,25,dokeum_W,다음 漢字語의 讀音을 쓰시오.,拜謁,拜謁,,배알,배알,
3급,77,2017-05-27,26,dokeum_W,다음 漢字語의 讀音을 쓰시오.,輿望,輿望,,여망,여망,
3급,77,2017-05-27,27,dokeum_W,다음 漢字語의 讀音을 쓰시오.,査閱,査閱,,사열,사열,
3급,77,2017-05-27,28,dokeum_W,다음 漢字語의 讀音을 쓰시오.,老翁,老翁,,노옹,노옹,
3급,77,2017-05-27,29,dokeum_W,다음 漢字語의 讀音을 쓰시오.,臥病,臥病,,와병,와병,
3급,77,2017-05-27,30,dokeum_W,다음 漢字語의 讀音을 쓰시오.,凝滯,凝滯,,응체,응체,
3급,77,2017-05-27,31,dokeum_W,다음 漢字語의 讀音을 쓰시오.,遵守,遵守,,준수,준수,
3급,77,2017-05-27,32,dokeum_W,다음 漢字語의 讀音을 쓰시오.,囚衣,囚衣,,수의,수의,
3급,77,2017-05-27,33,dokeum_W,다음 漢字語의 讀音을 쓰시오.,贈與,贈與,,증여,증여,
3급,77,2017-05-27,34,dokeum_W,다음 漢字語의 讀音을 쓰시오.,慘狀,慘狀,,참상,참상,
3급,77,2017-05-27,35,dokeum_W,다음 漢字語의 讀音을 쓰시오.,抱擁,抱擁,,포옹,포옹,
3급,77,2017-05-27,36,dokeum_W,다음 漢字語의 讀音을 쓰시오.,慙悔,慙悔,,참회,참회,
3급,77,2017-05-27,37,dokeum_W,다음 漢字語의 讀音을 쓰시오.,貪慾,貪慾,,탐욕,탐욕,
3급,77,2017-05-27,38,dokeum_W,다음 漢字語의 讀音을 쓰시오.,遙遠,遙遠,,요원,요원,
3급,77,2017-05-27,39,dokeum_W,다음 漢字語의 讀音을 쓰시오.,尖銳,尖銳,,첨예,첨예,
3급,77,2017-05-27,40,dokeum_W,다음 漢字語의 讀音을 쓰시오.,貨幣,貨幣,,화폐,화폐,
3급,77,2017-05-27,41,dokeum_W,다음 漢字語의 讀音을 쓰시오.,姻戚,姻戚,,인척,인척,
3급,77,2017-05-27,42,dokeum_W,다음 漢字語의 讀音을 쓰시오.,墮淚,墮淚,,타루,타루,
3급,77,2017-05-27,43,dokeum_W,다음 漢字語의 讀音을 쓰시오.,嫌疑,嫌疑,,혐의,혐의,
3급,77,2017-05-27,44,dokeum_W,다음 漢字語의 讀音을 쓰시오.,姪婦,姪婦,,질부,질부,
3급,77,2017-05-27,45,dokeum_W,다음 漢字語의 讀音을 쓰시오.,添削,添削,,첨삭,첨삭,
3급,77,2017-05-27,46,huneum_W,다음 漢字의 訓과 音을 쓰시오.,塗,塗,,칠할 도,칠할 도,
3급,77,2017-05-27,47,huneum_W,다음 漢字의 訓과 音을 쓰시오.,皆,皆,,다 개,다 개,
3급,77,2017-05-27,48,huneum_W,다음 漢字의 訓과 音을 쓰시오.,豚,豚,,돼지 돈,돼지 돈,
3급,77,2017-05-27,49,huneum_W,다음 漢字의 訓과 音을 쓰시오.,劣,劣,,못할 렬,못할 렬,
3급,77,2017-05-27,50,huneum_W,다음 漢字의 訓과 音을 쓰시오.,漫,漫,,흩어질 만,흩어질 만,
3급,77,2017-05-27,51,huneum_W,다음 漢字의 訓과 音을 쓰시오.,隣,隣,,이웃 린,이웃 린,
3급,77,2017-05-27,52,huneum_W,다음 漢字의 訓과 音을 쓰시오.,梨,梨,,배 리,배 리,
3급,77,2017-05-27,53,huneum_W,다음 漢字의 訓과 音을 쓰시오.,卿,卿,,벼슬 경,벼슬 경,
3급,77,2017-05-27,54,huneum_W,다음 漢字의 訓과 音을 쓰시오.,埋,埋,,묻을 매,묻을 매,
3급,77,2017-05-27,55,huneum_W,다음 漢字의 訓과 音을 쓰시오.,冒,冒,,무릅쓸 모,무릅쓸 모,
3급,77,2017-05-27,56,huneum_W,다음 漢字의 訓과 音을 쓰시오.,竝,竝,,나란히 병,나란히 병,
3급,77,2017-05-27,57,huneum_W,다음 漢字의 訓과 音을 쓰시오.,賜,賜,,줄 사,줄 사,
3급,77,2017-05-27,58,huneum_W,다음 漢字의 訓과 音을 쓰시오.,却,却,,물리칠 각,물리칠 각,
3급,77,2017-05-27,59,huneum_W,다음 漢字의 訓과 音을 쓰시오.,涯,涯,,물가 애,물가 애,
3급,77,2017-05-27,60,huneum_W,다음 漢字의 訓과 音을 쓰시오.,吾,吾,,나 오,나 오,
3급,77,2017-05-27,61,huneum_W,다음 漢字의 訓과 音을 쓰시오.,廟,廟,,사당 묘,사당 묘,
3급,77,2017-05-27,62,huneum_W,다음 漢字의 訓과 音을 쓰시오.,晴,晴,,갤 청,갤 청,
3급,77,2017-05-27,63,huneum_W,다음 漢字의 訓과 音을 쓰시오.,抽,抽,,뽑을 추,뽑을 추,
3급,77,2017-05-27,64,huneum_W,다음 漢字의 訓과 音을 쓰시오.,煩,煩,,번거로울 번,번거로울 번,
3급,77,2017-05-27,65,huneum_W,다음 漢字의 訓과 音을 쓰시오.,糾,糾,,얽힐 규,얽힐 규,
3급,77,2017-05-27,66,huneum_W,다음 漢字의 訓과 音을 쓰시오.,臭,臭,,냄새 취,냄새 취,
3급,77,2017-05-27,67,huneum_W,다음 漢字의 訓과 音을 쓰시오.,詐,詐,,속일 사,속일 사,
3급,77,2017-05-27,68,huneum_W,다음 漢字의 訓과 音을 쓰시오.,巷,巷,,거리 항,거리 항,
3급,77,2017-05-27,69,huneum_W,다음 漢字의 訓과 音을 쓰시오.,螢,螢,,반딧불 형,반딧불 형,
3급,77,2017-05-27,70,huneum_W,다음 漢字의 訓과 音을 쓰시오.,昭,昭,,밝을 소,밝을 소,
3급,77,2017-05-27,71,huneum_W,다음 漢字의 訓과 音을 쓰시오.,訂,訂,,바로잡을 정,바로잡을 정,
3급,77,2017-05-27,72,huneum_W,다음 漢字의 訓과 音을 쓰시오.,違,違,,어긋날 위,어긋날 위,
3급,77,2017-05-27,73,jangeum_S,다음 同音異義語의 첫 음절이 長音으로 발음되는 것의 번호를 고르시오.,,,"[""① 痛哭"", ""② 通谷""]",①,① 痛哭,
3급,77,2017-05-27,74,jangeum_S,다음 同音異義語의 첫 음절이 長音으로 발음되는 것의 번호를 고르시오.,,,"[""① 花壇"", ""② 禍端""]",②,② 禍端,
3급,77,2017-05-27,75,jangeum_S,다음 同音異義語의 첫 음절이 長音으로 발음되는 것의 번호를 고르시오.,,,"[""① 舟車"", ""② 住居""]",②,② 住居,
3급,77,2017-05-27,76,jangeum_S,다음 同音異義語의 첫 음절이 長音으로 발음되는 것의 번호를 고르시오.,,,"[""① 賤職"", ""② 天職""]",①,① 賤職,
3급,77,2017-05-27,77,jangeum_S,다음 同音異義語의 첫 음절이 長音으로 발음되는 것의 번호를 고르시오.,,,"[""① 侯爵"", ""② 後作""]",②,② 後作,
3급,77,2017-05-27,78,hanjaeo_W,다음 문장에서 밑줄 친 漢字語를 漢字(正字)로 쓰시오.,지진으로 파손된 건물을 청소하고 수리를 하였다.,파손,,破損,破損,
3급,77,2017-05-27,79,hanjaeo_W,다음 문장에서 밑줄 친 漢字語를 漢字(正字)로 쓰시오.,지진으로 파손된 건물을 청소하고 수리를 하였다.,청소,,淸掃,淸掃,
3급,77,2017-05-27,80,hanjaeo_W,다음 문장에서 밑줄 친 漢字語를 漢字(正字)로 쓰시오.,지진으로 파손된 건물을 청소하고 수리를 하였다.,수리,,修理,修理,
3급,77,2017-05-27,81,hanjaeo_W,다음 문장에서 밑줄 친 漢字語를 漢字(正字)로 쓰시오.,학교는 우수한 학생에게 계속해서 노력을 권장하는 의미로 격려금을 주었다.,우수,,優秀,優秀,
3급,77,2017-05-27,82,hanjaeo_W,다음 문장에서 밑줄 친 漢字語를 漢字(正字)로 쓰시오.,학교는 우수한 학생에게 계속해서 노력을 권장하는 의미로 격려금을 주었다.,권장,,勸獎,勸獎,
3급,77,2017-05-27,83,hanjaeo_W,다음 문장에서 밑줄 친 漢字語를 漢字(正字)로 쓰시오.,학교는 우수한 학생에게 계속해서 노력을 권장하는 의미로 격려금을 주었다.,의미,,意味,意味,
3급,77,2017-05-27,84,hanjaeo_W,다음 문장에서 밑줄 친 漢字語를 漢字(正字)로 쓰시오.,젊은이들은 취업 달성을 위해 노고를 아끼지 않는다.,취업,,就業,就業,
3급,77,2017-05-27,85,hanjaeo_W,다음 문장에서 밑줄 친 漢字語를 漢字(正字)로 쓰시오.,젊은이들은 취업 달성을 위해 노고를 아끼지 않는다.,노고,,勞苦,勞苦,
3급,77,2017-05-27,86,hanjaeo_W,다음 문장에서 밑줄 친 漢字語를 漢字(正字)로 쓰시오.,그는 남을 배려하는 마음으로 살고자 여생을 틈틈이 봉사했다.,배려,,配慮,配慮,
3급,77,2017-05-27,87,hanjaeo_W,다음 문장에서 밑줄 친 漢字語를 漢字(正字)로 쓰시오.,그는 남을 배려하는 마음으로 살고자 여생을 틈틈이 봉사했다.,여생,,餘生,餘生,
3급,77,2017-05-27,88,hanjaeo_W,다음 문장에서 밑줄 친 漢字語를 漢字(正字)로 쓰시오.,그는 분필로 칠판에 판서를 하며 열강을 했다.,분필,,粉筆,粉筆,
3급,77,2017-05-27,89,hanjaeo_W,다음 문장에서 밑줄 친 漢字語를 漢字(正字)로 쓰시오.,그는 분필로 칠판에 판서를 하며 열강을 했다.,열강,,熱講,熱講,
3급,77,2017-05-27,90,hanjaeo_W,다음 문장에서 밑줄 친 漢字語를 漢字(正字)로 쓰시오.,그는 은밀히 마을을 떠나 도시로 향했다.,은밀,,隱密,隱密,
3급,77,2017-05-27,91,hanjaeo_W,다음 문장에서 밑줄 친 漢字語를 漢字(正字)로 쓰시오.,"장미꽃은 자태를 뽐냈고, 행인들은 감탄을 연발했다.",자태,,姿態,姿態,
3급,77,2017-05-27,92,hanjaeo_W,다음 문장에서 밑줄 친 漢字語를 漢字(正字)로 쓰시오.,"장미꽃은 자태를 뽐냈고, 행인들은 감탄을 연발했다.",감탄,,感歎,感歎,
3급,77,2017-05-27,93,hanjaeo_W,다음 문장에서 밑줄 친 漢字語를 漢字(正字)로 쓰시오.,"장미꽃은 자태를 뽐냈고, 행인들은 감탄을 연발했다.",연발,,連發,連發,
3급,77,2017-05-27,94,hanjaeo_W,다음 문장에서 밑줄 친 漢字語를 漢字(正字)로 쓰시오.,그는 자동차 정비 공장에서 일하며 기술을 익혔다.,정비,,整備,整備,
3급,77,2017-05-27,95,hanjaeo_W,다음 문장에서 밑줄 친 漢字語를 漢字(正字)로 쓰시오.,그는 자동차 정비 공장에서 일하며 기술을 익혔다.,기술,,技術,技術,
3급,77,2017-05-27,96,hanjaeo_W,다음 문장에서 밑줄 친 漢字語를 漢字(正字)로 쓰시오.,외국의 새로운 사조가 이 땅에도 밀려와 사람들은 정신적 혼란을 겪었다.,사조,,思潮,思潮,
3급,77,2017-05-27,97,hanjaeo_W,다음 문장에서 밑줄 친 漢字語를 漢字(正字)로 쓰시오.,외국의 새로운 사조가 이 땅에도 밀려와 사람들은 정신적 혼란을 겪었다.,혼란,,混亂,混亂,
3급,77,2017-05-27,98,hanjaeo_W,다음 문장에서 밑줄 친 漢字語를 漢字(正字)로 쓰시오.,음주 운전은 일종의 살인 행위이므로 처벌 받아 마땅하다.,음주,,飮酒,飮酒,
3급,77,2017-05-27,99,hanjaeo_W,다음 문장에서 밑줄 친 漢字語를 漢字(正字)로 쓰시오.,음주 운전은 일종의 살인 행위이므로 처벌 받아 마땅하다.,살인,,殺人,殺人,
3급,77,2017-05-27,100,hanjaeo_W,다음 문장에서 밑줄 친 漢字語를 漢字(正字)로 쓰시오.,음주 운전은 일종의 살인 행위이므로 처벌 받아 마땅하다.,행위,,行爲,行爲,
3급,77,2017-05-27,101,hanjaeo_W,다음 문장에서 밑줄 친 漢字語를 漢字(正字)로 쓰시오.,음주 운전은 일종의 살인 행위이므로 처벌 받아 마땅하다.,처벌,,處罰,處罰,
3급,77,2017-05-27,102,hanjaeo_W,다음 문장에서 밑줄 친 漢字語를 漢字(正字)로 쓰시오.,그 정당은 온건 노선을 견지하며 평화적 시위를 했다.,정당,,政黨,政黨,
3급,77,2017-05-27,103,hanjaeo_W,다음 문장에서 밑줄 친 漢字語를 漢字(正字)로 쓰시오.,그 정당은 온건 노선을 견지하며 평화적 시위를 했다.,견지,,堅持,堅持,
3급,77,2017-05-27,104,hanjaeo_W,다음 문장에서 밑줄 친 漢字語를 漢字(正字)로 쓰시오.,그 정당은 온건 노선을 견지하며 평화적 시위를 했다.,시위,,示威,示威,
3급,77,2017-05-27,105,hanjaeo_W,다음 문장에서 밑줄 친 漢字語를 漢字(正字)로 쓰시오.,미래의 변화를 추측하고 사업 계획을 구상했다.,추측,,推測,推測,
3급,77,2017-05-27,106,hanjaeo_W,다음 문장에서 밑줄 친 漢字語를 漢字(正字)로 쓰시오.,미래의 변화를 추측하고 사업 계획을 구상했다.,구상,,構想,構想,
3급,77,2017-05-27,107,hanjaeo_W,다음 문장에서 밑줄 친 漢字語를 漢字(正字)로 쓰시오.,사람들은 자기 취향에 따라 삶의 방식을 달리 한다.,취향,,趣向,趣向,
3급,77,2017-05-27,108,yui_W,다음 漢字와 비슷한 뜻을 가진 漢字(正字)를 (        ) 안에 써서 문장에 적합한 漢字語가 되게 하시오.,너무 激(   )히 운동하면 해로울 수 있다.,激( ),,烈,烈,
3급,77,2017-05-27,109,yui_W,다음 漢字와 비슷한 뜻을 가진 漢字(正字)를 (        ) 안에 써서 문장에 적합한 漢字語가 되게 하시오.,본관 옆에 附(    ) 건물을 지어 사용했다.,附( ),,屬,屬,
3급,77,2017-05-27,110,yui_W,다음 漢字와 비슷한 뜻을 가진 漢字(正字)를 (        ) 안에 써서 문장에 적합한 漢字語가 되게 하시오.,올림픽 대표 팀은 메달 獲(       )에 나섰다.,獲( ),,得,得,
3급,77,2017-05-27,111,yui_W,다음 漢字와 비슷한 뜻을 가진 漢字(正字)를 (        ) 안에 써서 문장에 적합한 漢字語가 되게 하시오.,형사는 (    )賊을 잡기 위해 달렸다.,( )賊,,盜,盜,
3급,77,2017-05-27,112,yui_W,다음 漢字와 비슷한 뜻을 가진 漢字(正字)를 (        ) 안에 써서 문장에 적합한 漢字語가 되게 하시오.,왕은 (    )殿을 크게 지어 왕의 위엄을 높이고자 했다.,( )殿,,宮,宮,
3급,77,2017-05-27,113,banui_W,다음 漢字와 뜻이 反對 또는 相對되는 漢字(正字)를 (        ) 안에 써서 漢字語를 완성하시오.,그는 회사의 (       )弔 일을 맡아서 처리한다.,( )弔,,慶,慶,
3급,77,2017-05-27,114,banui_W,다음 漢字와 뜻이 反對 또는 相對되는 漢字(正字)를 (        ) 안에 써서 漢字語를 완성하시오.,멀리서 (    )續적으로 들려오는 포성,( )續,,斷,斷,
3급,77,2017-05-27,115,banui_W,다음 漢字와 뜻이 反對 또는 相對되는 漢字(正字)를 (        ) 안에 써서 漢字語를 완성하시오.,야구 경기는 (       )打가 조화를 이루어야 이기기 쉽다.,( )打,,投,投,
3급,77,2017-05-27,116,banui_W,다음 漢字와 뜻이 反對 또는 相對되는 漢字(正字)를 (        ) 안에 써서 漢字語를 완성하시오.,국회에서 여야는 攻(        )을 벌였다.,攻( ),,防,防,
3급,77,2017-05-27,117,banui_W,다음 漢字와 뜻이 反對 또는 相對되는 漢字(正字)를 (        ) 안에 써서 漢字語를 완성하시오.,자영업자들은 수입의 增(       )에 민감하다.,增( ),,減,減,
3급,77,2017-05-27,118,banuieo_W,다음 漢字語의 反對語 또는 相對語를 2음절로 된 漢字(正字)로 쓰시오.,物質 ↔ (     ),物質 ↔ ( ),,精神,精神,
3급,77,2017-05-27,119,banuieo_W,다음 漢字語의 反對語 또는 相對語를 2음절로 된 漢字(正字)로 쓰시오.,單純 ↔ (     ),單純 ↔ ( ),,複雜,複雜,
3급,77,2017-05-27,120,banuieo_W,다음 漢字語의 反對語 또는 相對語를 2음절로 된 漢字(正字)로 쓰시오.,內包 ↔ (     ),內包 ↔ ( ),,外延,外延,
3급,77,2017-05-27,121,banuieo_W,다음 漢字語의 反對語 또는 相對語를 2음절로 된 漢字(正字)로 쓰시오.,恩惠 ↔ (     ),恩惠 ↔ ( ),,怨恨,怨恨,
3급,77,2017-05-27,122,banuieo_W,다음 漢字語의 反對語 또는 相對語를 2음절로 된 漢字(正字)로 쓰시오.,加入 ↔ (     ),加入 ↔ ( ),,脫退,脫退,
3급,77,2017-05-27,123,dongeumeo_W,"다음 漢字語의 同音異義語를 漢字(正字)로 쓰되, 제시된 뜻에 맞는 것으로 하시오.",(故舊) - 자세히 살펴 연구함.,(故舊),,考究,考究,
3급,77,2017-05-27,124,dongeumeo_W,"다음 漢字語의 同音異義語를 漢字(正字)로 쓰되, 제시된 뜻에 맞는 것으로 하시오.",(曉星) - 마음을 다해 부모를 섬기는 정성.,(曉星),,孝誠,孝誠,
3급,77,2017-05-27,125,dongeumeo_W,"다음 漢字語의 同音異義語를 漢字(正字)로 쓰되, 제시된 뜻에 맞는 것으로 하시오.",(地表) - 방향이나 목표 따위를 나타내는 표지.,(地表),,指標,指標,
3급,77,2017-05-27,126,dongeumeo_W,"다음 漢字語의 同音異義語를 漢字(正字)로 쓰되, 제시된 뜻에 맞는 것으로 하시오.",(使徒) - 공명하지 못한 사사로운 길.,(使徒),,私道,私道,
3급,77,2017-05-27,127,dongeumeo_W,"다음 漢字語의 同音異義語를 漢字(正字)로 쓰되, 제시된 뜻에 맞는 것으로 하시오.",(映畫) - 귀하게 되어 몸과 이름이 빛남.,(映畫),,榮華,榮華,
3급,77,2017-05-27,128,seongeo_W,다음 (      ) 안에 알맞은 漢字(正字)를 써서 四字成語를 완성하시오.,孤掌(    )鳴 : 혼자만의 힘으로는 어떤 일을 하기가 어렵다.,孤掌( )鳴,,難,難,
3급,77,2017-05-27,129,seongeo_W,다음 (      ) 안에 알맞은 漢字(正字)를 써서 四字成語를 완성하시오.,(    )學阿世 : 학문을 왜곡하여 세속에 아부함.,( )學阿世,,曲,曲,
3급,77,2017-05-27,130,seongeo_W,다음 (      ) 안에 알맞은 漢字(正字)를 써서 四字成語를 완성하시오.,東奔西(     ) : 사방으로 이리저리 바삐 돌아다님.,東奔西( ),,走,走,
3급,77,2017-05-27,131,seongeo_W,다음 (      ) 안에 알맞은 漢字(正字)를 써서 四字成語를 완성하시오.,莫(    )之友 : 서로의 뜻을 거스르지 않는 친한 벗.,莫( )之友,,逆,逆,
3급,77,2017-05-27,132,seongeo_W,다음 (      ) 안에 알맞은 漢字(正字)를 써서 四字成語를 완성하시오.,博(    )強記 : 동서고금의 책을 널리 읽고 사물을 잘 기억함.,博( )強記,,覽,覽,
3급,77,2017-05-27,133,seongeo_W,다음 (      ) 안에 알맞은 漢字(正字)를 써서 四字成語를 완성하시오.,壽福(    )寧 : 장수하고 행복하며 건강하고 평안함.,壽福( )寧,,康,康,
3급,77,2017-05-27,134,seongeo_W,다음 (      ) 안에 알맞은 漢字(正字)를 써서 四字成語를 완성하시오.,實事求(     ) : 사실에 근거하여 진리나 진상을 탐구하는 일.,實事求( ),,是,是,
3급,77,2017-05-27,135,seongeo_W,다음 (      ) 안에 알맞은 漢字(正字)를 써서 四字成語를 완성하시오.,"(    )頭蛇尾 : 용의 머리와 뱀의 꼬리, 즉 시작만 좋고 나중은 좋지 못함.",( )頭蛇尾,,龍,龍,
3급,77,2017-05-27,136,seongeo_W,다음 (      ) 안에 알맞은 漢字(正字)를 써서 四字成語를 완성하시오.,千載一(     ) : 좀처럼 얻기 어려운 좋은 기회.,千載一( ),,遇,遇,
3급,77,2017-05-27,137,seongeo_W,다음 (      ) 안에 알맞은 漢字(正字)를 써서 四字成語를 완성하시오.,興(    )悲來 : 즐거운 일이 다하면 슬픈 일이 온다.,興( )悲來,,盡,盡,
3급,77,2017-05-27,138,busu_W,다음 漢字의 部首를 쓰시오.,怠,怠,,心,心,
3급,77,2017-05-27,139,busu_W,다음 漢字의 部首를 쓰시오.,捉,捉,,"手, 扌","手, 扌",
3급,77,2017-05-27,140,busu_W,다음 漢字의 部首를 쓰시오.,宰,宰,,宀,宀,
3급,77,2017-05-27,141,busu_W,다음 漢字의 部首를 쓰시오.,粟,粟,,米,米,
3급,77,2017-05-27,142,busu_W,다음 漢字의 部首를 쓰시오.,輝,輝,,車,車,
3급,77,2017-05-27,143,yakja_W,다음 漢字의 略字를 쓰시오.,殘,殘,,残,残,
3급,77,2017-05-27,144,yakja_W,다음 漢字의 略字를 쓰시오.,擇,擇,,択,択,
3급,77,2017-05-27,145,yakja_W,다음 漢字의 略字를 쓰시오.,讚,讚,,讃,讃,
3급,77,2017-05-27,146,mean_W,다음 漢字語의 뜻을 쓰시오.,詩碑,詩碑,,시를 새긴 비석,시를 새긴 비석,
3급,77,2017-05-27,147,mean_W,다음 漢字語의 뜻을 쓰시오.,移讓,移讓,,남에게 넘겨 줌,남에게 넘겨 줌,
3급,77,2017-05-27,148,mean_W,다음 漢字語의 뜻을 쓰시오.,施肥,施肥,,논밭에 거름을 줌,논밭에 거름을 줌,
3급,77,2017-05-27,149,mean_W,다음 漢字語의 뜻을 쓰시오.,僞證,僞證,,거짓 증언,거짓 증언,
3급,77,2017-05-27,150,mean_W,다음 漢字語의 뜻을 쓰시오.,飢色,飢色,,굶주린 얼굴빛,굶주린 얼굴빛,
3급,78,2017-08-26,1,dokeum_W,다음 문장의 밑줄 친 漢字語의 讀音을 쓰시오.,덕망이 높은 분을 招聘하다.,招聘,,초빙,초빙,
3급,78,2017-08-26,2,dokeum_W,다음 문장의 밑줄 친 漢字語의 讀音을 쓰시오.,4차 산업이 본 軌道에 오르다.,軌道,,궤도,궤도,
3급,78,2017-08-26,3,dokeum_W,다음 문장의 밑줄 친 漢字語의 讀音을 쓰시오.,훌륭한 음악을 演奏하다.,演奏,,연주,연주,
3급,78,2017-08-26,4,dokeum_W,다음 문장의 밑줄 친 漢字語의 讀音을 쓰시오.,도서관에서 도서를 閱覽하다.,閱覽,,열람,열람,
3급,78,2017-08-26,5,dokeum_W,다음 문장의 밑줄 친 漢字語의 讀音을 쓰시오.,가을에 곡식을 收穫하다.,收穫,,수확,수확,
3급,78,2017-08-26,6,dokeum_W,다음 문장의 밑줄 친 漢字語의 讀音을 쓰시오.,법정에서 자신의 潔白을 주장하다.,潔白,,결백,결백,
3급,78,2017-08-26,7,dokeum_W,다음 문장의 밑줄 친 漢字語의 讀音을 쓰시오.,보기 드문 물건을 獲得하다.,獲得,,획득,획득,
3급,78,2017-08-26,8,dokeum_W,다음 문장의 밑줄 친 漢字語의 讀音을 쓰시오.,새로운 항로를 開拓하다.,開拓,,개척,개척,
3급,78,2017-08-26,9,dokeum_W,다음 문장의 밑줄 친 漢字語의 讀音을 쓰시오.,사회가 도덕적으로 墮落하다.,墮落,,타락,타락,
3급,78,2017-08-26,10,dokeum_W,다음 문장의 밑줄 친 漢字語의 讀音을 쓰시오.,학교 근처에 嫌惡 시설을 금하다.,嫌惡,,혐오,혐오,
3급,78,2017-08-26,11,dokeum_W,다음 문장의 밑줄 친 漢字語의 讀音을 쓰시오.,지역사회가 漸進적으로 발전하다.,漸進,,점진,점진,
3급,78,2017-08-26,12,dokeum_W,다음 문장의 밑줄 친 漢字語의 讀音을 쓰시오.,금연을 위한 啓蒙 활동에 나서다.,啓蒙,,계몽,계몽,
3급,78,2017-08-26,13,dokeum_W,다음 문장의 밑줄 친 漢字語의 讀音을 쓰시오.,등반에 필요한 물통을 携帶하다.,携帶,,휴대,휴대,
3급,78,2017-08-26,14,dokeum_W,다음 문장의 밑줄 친 漢字語의 讀音을 쓰시오.,변호사에게 사건을 依賴하다.,依賴,,의뢰,의뢰,
3급,78,2017-08-26,15,dokeum_W,다음 문장의 밑줄 친 漢字語의 讀音을 쓰시오.,여행지를 사전 踏査하다.,踏査,,답사,답사,
3급,78,2017-08-26,16,dokeum_W,다음 문장의 밑줄 친 漢字語의 讀音을 쓰시오.,이 지역은 교통 滯症이 심하다.,滯症,,체증,체증,
3급,78,2017-08-26,17,dokeum_W,다음 문장의 밑줄 친 漢字語의 讀音을 쓰시오.,매일 血糖 수치를 조절하다.,血糖,,혈당,혈당,
3급,78,2017-08-26,18,dokeum_W,다음 문장의 밑줄 친 漢字語의 讀音을 쓰시오.,잘못을 저질러 懲戒를 받다.,懲戒,,징계,징계,
3급,78,2017-08-26,19,dokeum_W,다음 문장의 밑줄 친 漢字語의 讀音을 쓰시오.,자격증 심사가 매우 嚴格하다.,嚴格,,엄격,엄격,
3급,78,2017-08-26,20,dokeum_W,다음 문장의 밑줄 친 漢字語의 讀音을 쓰시오.,훌륭한 사람의 足跡을 따르다.,足跡,,족적,족적,
3급,78,2017-08-26,21,dokeum_W,다음 漢字語의 讀音을 쓰시오.,暢達,暢達,,창달,창달,
3급,78,2017-08-26,22,dokeum_W,다음 漢字語의 讀音을 쓰시오.,棄兒,棄兒,,기아,기아,
3급,78,2017-08-26,23,dokeum_W,다음 漢字語의 讀音을 쓰시오.,腦裏,腦裏,,뇌리,뇌리,
3급,78,2017-08-26,24,dokeum_W,다음 漢字語의 讀音을 쓰시오.,比較,比較,,비교,비교,
3급,78,2017-08-26,25,dokeum_W,다음 漢字語의 讀音을 쓰시오.,桂樹,桂樹,,계수,계수,
3급,78,2017-08-26,26,dokeum_W,다음 漢字語의 讀音을 쓰시오.,耐震,耐震,,내진,내진,
3급,78,2017-08-26,27,dokeum_W,다음 漢字語의 讀音을 쓰시오.,赴役,赴役,,부역,부역,
3급,78,2017-08-26,28,dokeum_W,다음 漢字語의 讀音을 쓰시오.,辭讓,辭讓,,사양,사양,
3급,78,2017-08-26,29,dokeum_W,다음 漢字語의 讀音을 쓰시오.,腐敗,腐敗,,부패,부패,
3급,78,2017-08-26,30,dokeum_W,다음 漢字語의 讀音을 쓰시오.,傲氣,傲氣,,오기,오기,
3급,78,2017-08-26,31,dokeum_W,다음 漢字語의 讀音을 쓰시오.,謁見,謁見,,알현,알현,
3급,78,2017-08-26,32,dokeum_W,다음 漢字語의 讀音을 쓰시오.,災殃,災殃,,재앙,재앙,
3급,78,2017-08-26,33,dokeum_W,다음 漢字語의 讀音을 쓰시오.,喪輿,喪輿,,상여,상여,
3급,78,2017-08-26,34,dokeum_W,다음 漢字語의 讀音을 쓰시오.,謀叛,謀叛,,모반,모반,
3급,78,2017-08-26,35,dokeum_W,다음 漢字語의 讀音을 쓰시오.,殿堂,殿堂,,전당,전당,
3급,78,2017-08-26,36,dokeum_W,다음 漢字語의 讀音을 쓰시오.,怠慢,怠慢,,태만,태만,
3급,78,2017-08-26,37,dokeum_W,다음 漢字語의 讀音을 쓰시오.,罷免,罷免,,파면,파면,
3급,78,2017-08-26,38,dokeum_W,다음 漢字語의 讀音을 쓰시오.,誕辰,誕辰,,탄신,탄신,
3급,78,2017-08-26,39,dokeum_W,다음 漢字語의 讀音을 쓰시오.,獻詞,獻詞,,헌사,헌사,
3급,78,2017-08-26,40,dokeum_W,다음 漢字語의 讀音을 쓰시오.,篤實,篤實,,독실,독실,
3급,78,2017-08-26,41,dokeum_W,다음 漢字語의 讀音을 쓰시오.,慨歎,慨歎,,개탄,개탄,
3급,78,2017-08-26,42,dokeum_W,다음 漢字語의 讀音을 쓰시오.,懇請,懇請,,간청,간청,
3급,78,2017-08-26,43,dokeum_W,다음 漢字語의 讀音을 쓰시오.,慣習,慣習,,관습,관습,
3급,78,2017-08-26,44,dokeum_W,다음 漢字語의 讀音을 쓰시오.,寬容,寬容,,관용,관용,
3급,78,2017-08-26,45,dokeum_W,다음 漢字語의 讀音을 쓰시오.,鑄貨,鑄貨,,주화,주화,
3급,78,2017-08-26,46,hanjaeo_W,다음의 밑줄 친 낱말을 漢字(正字)로 쓰시오.,산은 자연의 정수이다. 들에서는 미처 볼 수 없는 신비가 산에 더 많다. 그런 산에 사는 사람들은 들에 사는 사람들보다 자연에의 깊은 접근을 경험하게 마련이다. 산의 정복이란 말은 철없이 할 수 없게 되며 자연을 외경하며 공손하게 살아야 한다는 자세를 굳힌다. 얼마만큼의 깊이로 사색하다가 바닥에 이르기 전에 슬쩍 유머로 반전하여 예술 작품을 표현하는 우리나라 사람들의 특징이 여기에서 함양되었다. 이런 특징이 집 정원의 구성에도 강렬하게 작용하게 된다.,신비,,神祕(秘),神祕(秘),
3급,78,2017-08-26,47,hanjaeo_W,다음의 밑줄 친 낱말을 漢字(正字)로 쓰시오.,산은 자연의 정수이다. 들에서는 미처 볼 수 없는 신비가 산에 더 많다. 그런 산에 사는 사람들은 들에 사는 사람들보다 자연에의 깊은 접근을 경험하게 마련이다. 산의 정복이란 말은 철없이 할 수 없게 되며 자연을 외경하며 공손하게 살아야 한다는 자세를 굳힌다. 얼마만큼의 깊이로 사색하다가 바닥에 이르기 전에 슬쩍 유머로 반전하여 예술 작품을 표현하는 우리나라 사람들의 특징이 여기에서 함양되었다. 이런 특징이 집 정원의 구성에도 강렬하게 작용하게 된다.,접근,,接近,接近,
3급,78,2017-08-26,48,hanjaeo_W,다음의 밑줄 친 낱말을 漢字(正字)로 쓰시오.,산은 자연의 정수이다. 들에서는 미처 볼 수 없는 신비가 산에 더 많다. 그런 산에 사는 사람들은 들에 사는 사람들보다 자연에의 깊은 접근을 경험하게 마련이다. 산의 정복이란 말은 철없이 할 수 없게 되며 자연을 외경하며 공손하게 살아야 한다는 자세를 굳힌다. 얼마만큼의 깊이로 사색하다가 바닥에 이르기 전에 슬쩍 유머로 반전하여 예술 작품을 표현하는 우리나라 사람들의 특징이 여기에서 함양되었다. 이런 특징이 집 정원의 구성에도 강렬하게 작용하게 된다.,경험,,經驗,經驗,
3급,78,2017-08-26,49,hanjaeo_W,다음의 밑줄 친 낱말을 漢字(正字)로 쓰시오.,산은 자연의 정수이다. 들에서는 미처 볼 수 없는 신비가 산에 더 많다. 그런 산에 사는 사람들은 들에 사는 사람들보다 자연에의 깊은 접근을 경험하게 마련이다. 산의 정복이란 말은 철없이 할 수 없게 되며 자연을 외경하며 공손하게 살아야 한다는 자세를 굳힌다. 얼마만큼의 깊이로 사색하다가 바닥에 이르기 전에 슬쩍 유머로 반전하여 예술 작품을 표현하는 우리나라 사람들의 특징이 여기에서 함양되었다. 이런 특징이 집 정원의 구성에도 강렬하게 작용하게 된다.,자세,,姿勢,姿勢,
3급,78,2017-08-26,50,hanjaeo_W,다음의 밑줄 친 낱말을 漢字(正字)로 쓰시오.,산은 자연의 정수이다. 들에서는 미처 볼 수 없는 신비가 산에 더 많다. 그런 산에 사는 사람들은 들에 사는 사람들보다 자연에의 깊은 접근을 경험하게 마련이다. 산의 정복이란 말은 철없이 할 수 없게 되며 자연을 외경하며 공손하게 살아야 한다는 자세를 굳힌다. 얼마만큼의 깊이로 사색하다가 바닥에 이르기 전에 슬쩍 유머로 반전하여 예술 작품을 표현하는 우리나라 사람들의 특징이 여기에서 함양되었다. 이런 특징이 집 정원의 구성에도 강렬하게 작용하게 된다.,예술,,藝術,藝術,
3급,78,2017-08-26,51,hanjaeo_W,다음의 밑줄 친 낱말을 漢字(正字)로 쓰시오.,산은 자연의 정수이다. 들에서는 미처 볼 수 없는 신비가 산에 더 많다. 그런 산에 사는 사람들은 들에 사는 사람들보다 자연에의 깊은 접근을 경험하게 마련이다. 산의 정복이란 말은 철없이 할 수 없게 되며 자연을 외경하며 공손하게 살아야 한다는 자세를 굳힌다. 얼마만큼의 깊이로 사색하다가 바닥에 이르기 전에 슬쩍 유머로 반전하여 예술 작품을 표현하는 우리나라 사람들의 특징이 여기에서 함양되었다. 이런 특징이 집 정원의 구성에도 강렬하게 작용하게 된다.,표현,,表現,表現,
3급,78,2017-08-26,52,hanjaeo_W,다음의 밑줄 친 낱말을 漢字(正字)로 쓰시오.,산은 자연의 정수이다. 들에서는 미처 볼 수 없는 신비가 산에 더 많다. 그런 산에 사는 사람들은 들에 사는 사람들보다 자연에의 깊은 접근을 경험하게 마련이다. 산의 정복이란 말은 철없이 할 수 없게 되며 자연을 외경하며 공손하게 살아야 한다는 자세를 굳힌다. 얼마만큼의 깊이로 사색하다가 바닥에 이르기 전에 슬쩍 유머로 반전하여 예술 작품을 표현하는 우리나라 사람들의 특징이 여기에서 함양되었다. 이런 특징이 집 정원의 구성에도 강렬하게 작용하게 된다.,정원,,庭園,庭園,
3급,78,2017-08-26,53,hanjaeo_W,다음의 밑줄 친 낱말을 漢字(正字)로 쓰시오.,산은 자연의 정수이다. 들에서는 미처 볼 수 없는 신비가 산에 더 많다. 그런 산에 사는 사람들은 들에 사는 사람들보다 자연에의 깊은 접근을 경험하게 마련이다. 산의 정복이란 말은 철없이 할 수 없게 되며 자연을 외경하며 공손하게 살아야 한다는 자세를 굳힌다. 얼마만큼의 깊이로 사색하다가 바닥에 이르기 전에 슬쩍 유머로 반전하여 예술 작품을 표현하는 우리나라 사람들의 특징이 여기에서 함양되었다. 이런 특징이 집 정원의 구성에도 강렬하게 작용하게 된다.,강렬,,強烈,強烈,
3급,78,2017-08-26,54,hanjaeo_W,다음의 밑줄 친 낱말을 漢字(正字)로 쓰시오.,"정보 기기는 인간을 노동에서 해방시켜 준다. 즉, ‘편하게’ 해준다. 컴퓨터와 전화를 이용하여 쇼핑과 예약을 할 수 있으며, 은행을 직접 찾아가는 수고에서 벗어날 수 있다. 컴퓨터는 수년 걸릴 계산을, 그야말로 전광석화의 속도로 해치운다. 또 세계 유명 도서의 모든 정보를 자기 방의 퍼스널 컴퓨터로 얻을 수 있게 되었다.",정보,,情報,情報,
3급,78,2017-08-26,55,hanjaeo_W,다음의 밑줄 친 낱말을 漢字(正字)로 쓰시오.,"정보 기기는 인간을 노동에서 해방시켜 준다. 즉, ‘편하게’ 해준다. 컴퓨터와 전화를 이용하여 쇼핑과 예약을 할 수 있으며, 은행을 직접 찾아가는 수고에서 벗어날 수 있다. 컴퓨터는 수년 걸릴 계산을, 그야말로 전광석화의 속도로 해치운다. 또 세계 유명 도서의 모든 정보를 자기 방의 퍼스널 컴퓨터로 얻을 수 있게 되었다.",기기,,器機/機器,器機/機器,
3급,78,2017-08-26,56,hanjaeo_W,다음의 밑줄 친 낱말을 漢字(正字)로 쓰시오.,"정보 기기는 인간을 노동에서 해방시켜 준다. 즉, ‘편하게’ 해준다. 컴퓨터와 전화를 이용하여 쇼핑과 예약을 할 수 있으며, 은행을 직접 찾아가는 수고에서 벗어날 수 있다. 컴퓨터는 수년 걸릴 계산을, 그야말로 전광석화의 속도로 해치운다. 또 세계 유명 도서의 모든 정보를 자기 방의 퍼스널 컴퓨터로 얻을 수 있게 되었다.",노동,,勞動,勞動,
3급,78,2017-08-26,57,hanjaeo_W,다음의 밑줄 친 낱말을 漢字(正字)로 쓰시오.,"정보 기기는 인간을 노동에서 해방시켜 준다. 즉, ‘편하게’ 해준다. 컴퓨터와 전화를 이용하여 쇼핑과 예약을 할 수 있으며, 은행을 직접 찾아가는 수고에서 벗어날 수 있다. 컴퓨터는 수년 걸릴 계산을, 그야말로 전광석화의 속도로 해치운다. 또 세계 유명 도서의 모든 정보를 자기 방의 퍼스널 컴퓨터로 얻을 수 있게 되었다.",해방,,解放,解放,
3급,78,2017-08-26,58,hanjaeo_W,다음의 밑줄 친 낱말을 漢字(正字)로 쓰시오.,"정보 기기는 인간을 노동에서 해방시켜 준다. 즉, ‘편하게’ 해준다. 컴퓨터와 전화를 이용하여 쇼핑과 예약을 할 수 있으며, 은행을 직접 찾아가는 수고에서 벗어날 수 있다. 컴퓨터는 수년 걸릴 계산을, 그야말로 전광석화의 속도로 해치운다. 또 세계 유명 도서의 모든 정보를 자기 방의 퍼스널 컴퓨터로 얻을 수 있게 되었다.",전화,,電話,電話,
3급,78,2017-08-26,59,hanjaeo_W,다음의 밑줄 친 낱말을 漢字(正字)로 쓰시오.,"정보 기기는 인간을 노동에서 해방시켜 준다. 즉, ‘편하게’ 해준다. 컴퓨터와 전화를 이용하여 쇼핑과 예약을 할 수 있으며, 은행을 직접 찾아가는 수고에서 벗어날 수 있다. 컴퓨터는 수년 걸릴 계산을, 그야말로 전광석화의 속도로 해치운다. 또 세계 유명 도서의 모든 정보를 자기 방의 퍼스널 컴퓨터로 얻을 수 있게 되었다.",이용,,利用,利用,
3급,78,2017-08-26,60,hanjaeo_W,다음의 밑줄 친 낱말을 漢字(正字)로 쓰시오.,"정보 기기는 인간을 노동에서 해방시켜 준다. 즉, ‘편하게’ 해준다. 컴퓨터와 전화를 이용하여 쇼핑과 예약을 할 수 있으며, 은행을 직접 찾아가는 수고에서 벗어날 수 있다. 컴퓨터는 수년 걸릴 계산을, 그야말로 전광석화의 속도로 해치운다. 또 세계 유명 도서의 모든 정보를 자기 방의 퍼스널 컴퓨터로 얻을 수 있게 되었다.",예약,,豫約,豫約,
3급,78,2017-08-26,61,hanjaeo_W,다음의 밑줄 친 낱말을 漢字(正字)로 쓰시오.,"정보 기기는 인간을 노동에서 해방시켜 준다. 즉, ‘편하게’ 해준다. 컴퓨터와 전화를 이용하여 쇼핑과 예약을 할 수 있으며, 은행을 직접 찾아가는 수고에서 벗어날 수 있다. 컴퓨터는 수년 걸릴 계산을, 그야말로 전광석화의 속도로 해치운다. 또 세계 유명 도서의 모든 정보를 자기 방의 퍼스널 컴퓨터로 얻을 수 있게 되었다.",은행,,銀行,銀行,
3급,78,2017-08-26,62,hanjaeo_W,다음의 밑줄 친 낱말을 漢字(正字)로 쓰시오.,"정보 기기는 인간을 노동에서 해방시켜 준다. 즉, ‘편하게’ 해준다. 컴퓨터와 전화를 이용하여 쇼핑과 예약을 할 수 있으며, 은행을 직접 찾아가는 수고에서 벗어날 수 있다. 컴퓨터는 수년 걸릴 계산을, 그야말로 전광석화의 속도로 해치운다. 또 세계 유명 도서의 모든 정보를 자기 방의 퍼스널 컴퓨터로 얻을 수 있게 되었다.",계산,,計算,計算,
3급,78,2017-08-26,63,hanjaeo_W,다음의 밑줄 친 낱말을 漢字(正字)로 쓰시오.,"정보 기기는 인간을 노동에서 해방시켜 준다. 즉, ‘편하게’ 해준다. 컴퓨터와 전화를 이용하여 쇼핑과 예약을 할 수 있으며, 은행을 직접 찾아가는 수고에서 벗어날 수 있다. 컴퓨터는 수년 걸릴 계산을, 그야말로 전광석화의 속도로 해치운다. 또 세계 유명 도서의 모든 정보를 자기 방의 퍼스널 컴퓨터로 얻을 수 있게 되었다.",속도,,速度,速度,
3급,78,2017-08-26,64,hanjaeo_W,다음의 밑줄 친 낱말을 漢字(正字)로 쓰시오.,"정보 기기는 인간을 노동에서 해방시켜 준다. 즉, ‘편하게’ 해준다. 컴퓨터와 전화를 이용하여 쇼핑과 예약을 할 수 있으며, 은행을 직접 찾아가는 수고에서 벗어날 수 있다. 컴퓨터는 수년 걸릴 계산을, 그야말로 전광석화의 속도로 해치운다. 또 세계 유명 도서의 모든 정보를 자기 방의 퍼스널 컴퓨터로 얻을 수 있게 되었다.",세계,,世界,世界,
3급,78,2017-08-26,65,hanjaeo_W,다음의 밑줄 친 낱말을 漢字(正字)로 쓰시오.,"정보 기기는 인간을 노동에서 해방시켜 준다. 즉, ‘편하게’ 해준다. 컴퓨터와 전화를 이용하여 쇼핑과 예약을 할 수 있으며, 은행을 직접 찾아가는 수고에서 벗어날 수 있다. 컴퓨터는 수년 걸릴 계산을, 그야말로 전광석화의 속도로 해치운다. 또 세계 유명 도서의 모든 정보를 자기 방의 퍼스널 컴퓨터로 얻을 수 있게 되었다.",유명,,有名,有名,
3급,78,2017-08-26,66,hanjaeo_W,다음의 밑줄 친 낱말을 漢字(正字)로 쓰시오.,"정보 기기는 인간을 노동에서 해방시켜 준다. 즉, ‘편하게’ 해준다. 컴퓨터와 전화를 이용하여 쇼핑과 예약을 할 수 있으며, 은행을 직접 찾아가는 수고에서 벗어날 수 있다. 컴퓨터는 수년 걸릴 계산을, 그야말로 전광석화의 속도로 해치운다. 또 세계 유명 도서의 모든 정보를 자기 방의 퍼스널 컴퓨터로 얻을 수 있게 되었다.",도서,,圖書,圖書,
3급,78,2017-08-26,67,hanjaeo_W,다음의 밑줄 친 낱말을 漢字(正字)로 쓰시오.,"정보 기기는 인간을 노동에서 해방시켜 준다. 즉, ‘편하게’ 해준다. 컴퓨터와 전화를 이용하여 쇼핑과 예약을 할 수 있으며, 은행을 직접 찾아가는 수고에서 벗어날 수 있다. 컴퓨터는 수년 걸릴 계산을, 그야말로 전광석화의 속도로 해치운다. 또 세계 유명 도서의 모든 정보를 자기 방의 퍼스널 컴퓨터로 얻을 수 있게 되었다.",자기,,自己,自己,
3급,78,2017-08-26,68,hanjaeo_W,다음의 밑줄 친 낱말을 漢字(正字)로 쓰시오.,사회는 그 조직 체계를 유지하기 위하여 규범을 가진다. 어느 사회에서 살든지 인간은 그 사회의 규범을 따라야 한다. 이러한 규범 또는 사회가 가지는 생활 양식을 문화라 한다. 개개의 사회가 가지는 특징적 문화 형태는 오랜 세월을 두고 그 사회가 시행착오를 거쳐서 이룩한 경험의 결과이다.,조직,,組織,組織,
3급,78,2017-08-26,69,hanjaeo_W,다음의 밑줄 친 낱말을 漢字(正字)로 쓰시오.,사회는 그 조직 체계를 유지하기 위하여 규범을 가진다. 어느 사회에서 살든지 인간은 그 사회의 규범을 따라야 한다. 이러한 규범 또는 사회가 가지는 생활 양식을 문화라 한다. 개개의 사회가 가지는 특징적 문화 형태는 오랜 세월을 두고 그 사회가 시행착오를 거쳐서 이룩한 경험의 결과이다.,체계,,體系,體系,
3급,78,2017-08-26,70,hanjaeo_W,다음의 밑줄 친 낱말을 漢字(正字)로 쓰시오.,사회는 그 조직 체계를 유지하기 위하여 규범을 가진다. 어느 사회에서 살든지 인간은 그 사회의 규범을 따라야 한다. 이러한 규범 또는 사회가 가지는 생활 양식을 문화라 한다. 개개의 사회가 가지는 특징적 문화 형태는 오랜 세월을 두고 그 사회가 시행착오를 거쳐서 이룩한 경험의 결과이다.,규범,,規範,規範,
3급,78,2017-08-26,71,hanjaeo_W,다음의 밑줄 친 낱말을 漢字(正字)로 쓰시오.,사회는 그 조직 체계를 유지하기 위하여 규범을 가진다. 어느 사회에서 살든지 인간은 그 사회의 규범을 따라야 한다. 이러한 규범 또는 사회가 가지는 생활 양식을 문화라 한다. 개개의 사회가 가지는 특징적 문화 형태는 오랜 세월을 두고 그 사회가 시행착오를 거쳐서 이룩한 경험의 결과이다.,생활,,生活,生活,
3급,78,2017-08-26,72,hanjaeo_W,다음의 밑줄 친 낱말을 漢字(正字)로 쓰시오.,사회는 그 조직 체계를 유지하기 위하여 규범을 가진다. 어느 사회에서 살든지 인간은 그 사회의 규범을 따라야 한다. 이러한 규범 또는 사회가 가지는 생활 양식을 문화라 한다. 개개의 사회가 가지는 특징적 문화 형태는 오랜 세월을 두고 그 사회가 시행착오를 거쳐서 이룩한 경험의 결과이다.,양식,,樣式,樣式,
3급,78,2017-08-26,73,hanjaeo_W,다음의 밑줄 친 낱말을 漢字(正字)로 쓰시오.,사회는 그 조직 체계를 유지하기 위하여 규범을 가진다. 어느 사회에서 살든지 인간은 그 사회의 규범을 따라야 한다. 이러한 규범 또는 사회가 가지는 생활 양식을 문화라 한다. 개개의 사회가 가지는 특징적 문화 형태는 오랜 세월을 두고 그 사회가 시행착오를 거쳐서 이룩한 경험의 결과이다.,형태,,形態,形態,
3급,78,2017-08-26,74,hanjaeo_W,다음의 밑줄 친 낱말을 漢字(正字)로 쓰시오.,사회는 그 조직 체계를 유지하기 위하여 규범을 가진다. 어느 사회에서 살든지 인간은 그 사회의 규범을 따라야 한다. 이러한 규범 또는 사회가 가지는 생활 양식을 문화라 한다. 개개의 사회가 가지는 특징적 문화 형태는 오랜 세월을 두고 그 사회가 시행착오를 거쳐서 이룩한 경험의 결과이다.,세월,,歲月,歲月,
3급,78,2017-08-26,75,hanjaeo_W,다음의 밑줄 친 낱말을 漢字(正字)로 쓰시오.,사회는 그 조직 체계를 유지하기 위하여 규범을 가진다. 어느 사회에서 살든지 인간은 그 사회의 규범을 따라야 한다. 이러한 규범 또는 사회가 가지는 생활 양식을 문화라 한다. 개개의 사회가 가지는 특징적 문화 형태는 오랜 세월을 두고 그 사회가 시행착오를 거쳐서 이룩한 경험의 결과이다.,결과,,結果,結果,
3급,78,2017-08-26,76,huneum_W,다음 漢字의 訓과 音을 쓰시오.,畓,畓,,논 답,논 답,
3급,78,2017-08-26,77,huneum_W,다음 漢字의 訓과 音을 쓰시오.,拒,拒,,막을 거,막을 거,
3급,78,2017-08-26,78,huneum_W,다음 漢字의 訓과 音을 쓰시오.,拜,拜,,절 배,절 배,
3급,78,2017-08-26,79,huneum_W,다음 漢字의 訓과 音을 쓰시오.,孟,孟,,맏 맹,맏 맹,
3급,78,2017-08-26,80,huneum_W,다음 漢字의 訓과 音을 쓰시오.,肥,肥,,살찔 비,살찔 비,
3급,78,2017-08-26,81,huneum_W,다음 漢字의 訓과 音을 쓰시오.,押,押,,누를 압,누를 압,
3급,78,2017-08-26,82,huneum_W,다음 漢字의 訓과 音을 쓰시오.,隨,隨,,따를 수,따를 수,
3급,78,2017-08-26,83,huneum_W,다음 漢字의 訓과 音을 쓰시오.,腰,腰,,허리 요,허리 요,
3급,78,2017-08-26,84,huneum_W,다음 漢字의 訓과 音을 쓰시오.,振,振,,떨칠 진,떨칠 진,
3급,78,2017-08-26,85,huneum_W,다음 漢字의 訓과 音을 쓰시오.,妥,妥,,온당할 타,온당할 타,
3급,78,2017-08-26,86,huneum_W,다음 漢字의 訓과 音을 쓰시오.,且,且,,또 차,또 차,
3급,78,2017-08-26,87,huneum_W,다음 漢字의 訓과 音을 쓰시오.,含,含,,머금을 함,머금을 함,
3급,78,2017-08-26,88,huneum_W,다음 漢字의 訓과 音을 쓰시오.,傍,傍,,곁 방,곁 방,
3급,78,2017-08-26,89,huneum_W,다음 漢字의 訓과 音을 쓰시오.,苗,苗,,모 묘,모 묘,
3급,78,2017-08-26,90,huneum_W,다음 漢字의 訓과 音을 쓰시오.,寫,寫,,베낄 사,베낄 사,
3급,78,2017-08-26,91,huneum_W,다음 漢字의 訓과 音을 쓰시오.,那,那,,어찌 나,어찌 나,
3급,78,2017-08-26,92,huneum_W,다음 漢字의 訓과 音을 쓰시오.,厥,厥,,그 궐,그 궐,
3급,78,2017-08-26,93,huneum_W,다음 漢字의 訓과 音을 쓰시오.,慧,慧,,슬기로울 혜,슬기로울 혜,
3급,78,2017-08-26,94,huneum_W,다음 漢字의 訓과 音을 쓰시오.,針,針,,바늘 침,바늘 침,
3급,78,2017-08-26,95,huneum_W,다음 漢字의 訓과 音을 쓰시오.,息,息,,쉴 식,쉴 식,
3급,78,2017-08-26,96,huneum_W,다음 漢字의 訓과 音을 쓰시오.,操,操,,잡을 조,잡을 조,
3급,78,2017-08-26,97,huneum_W,다음 漢字의 訓과 音을 쓰시오.,忽,忽,,갑자기 홀,갑자기 홀,
3급,78,2017-08-26,98,huneum_W,다음 漢字의 訓과 音을 쓰시오.,敏,敏,,민첩할 민,민첩할 민,
3급,78,2017-08-26,99,huneum_W,다음 漢字의 訓과 音을 쓰시오.,甚,甚,,심할 심,심할 심,
3급,78,2017-08-26,100,huneum_W,다음 漢字의 訓과 音을 쓰시오.,愼,愼,,삼갈 신,삼갈 신,
3급,78,2017-08-26,101,huneum_W,다음 漢字의 訓과 音을 쓰시오.,舟,舟,,배 주,배 주,
3급,78,2017-08-26,102,huneum_W,다음 漢字의 訓과 音을 쓰시오.,疲,疲,,피곤할 피,피곤할 피,
3급,78,2017-08-26,103,jangeum_S,다음 중 첫음절이 길게 소리 나는 것을 고르시오.,,,"[""① 元祖"", ""② 援助""]",②,② 援助,
3급,78,2017-08-26,104,jangeum_S,다음 중 첫음절이 길게 소리 나는 것을 고르시오.,,,"[""① 禁酒"", ""② 今週""]",①,① 禁酒,
3급,78,2017-08-26,105,jangeum_S,다음 중 첫음절이 길게 소리 나는 것을 고르시오.,,,"[""① 湖水"", ""② 戶數""]",②,② 戶數,
3급,78,2017-08-26,106,jangeum_S,다음 중 첫음절이 길게 소리 나는 것을 고르시오.,,,"[""① 壇上"", ""② 斷想""]",②,② 斷想,
3급,78,2017-08-26,107,jangeum_S,다음 중 첫음절이 길게 소리 나는 것을 고르시오.,,,"[""① 主事"", ""② 注射""]",②,② 注射,
3급,78,2017-08-26,108,yui_W,다음 (        ) 안에 비슷한 뜻을 가진 漢字(正字)를 써넣어 널리 쓰이는 單語를 완성하시오.,附 - ( ),附 - ( ),,着,着,
3급,78,2017-08-26,109,yui_W,다음 (        ) 안에 비슷한 뜻을 가진 漢字(正字)를 써넣어 널리 쓰이는 單語를 완성하시오.,委 - ( ),委 - ( ),,任,任,
3급,78,2017-08-26,110,yui_W,다음 (        ) 안에 비슷한 뜻을 가진 漢字(正字)를 써넣어 널리 쓰이는 單語를 완성하시오.,( ) - 寧,( ) - 寧,,安,安,
3급,78,2017-08-26,111,yui_W,다음 (        ) 안에 비슷한 뜻을 가진 漢字(正字)를 써넣어 널리 쓰이는 單語를 완성하시오.,( ) - 固,( ) - 固,,堅/確,堅/確,
3급,78,2017-08-26,112,yui_W,다음 (        ) 안에 비슷한 뜻을 가진 漢字(正字)를 써넣어 널리 쓰이는 單語를 완성하시오.,引 - ( ),引 - ( ),,導,導,
3급,78,2017-08-26,113,banui_W,다음 (       ) 안에 뜻이 反對 또는 相對 되는 漢字(正字)를 써넣어 널리 쓰이는 單語를 만드시오.,吉 ↔ ( ),吉 ↔ ( ),,凶,凶,
3급,78,2017-08-26,114,banui_W,다음 (       ) 안에 뜻이 反對 또는 相對 되는 漢字(正字)를 써넣어 널리 쓰이는 單語를 만드시오.,明 ↔ ( ),明 ↔ ( ),,暗,暗,
3급,78,2017-08-26,115,banui_W,다음 (       ) 안에 뜻이 反對 또는 相對 되는 漢字(正字)를 써넣어 널리 쓰이는 單語를 만드시오.,( ) ↔ 捨,( ) ↔ 捨,,取,取,
3급,78,2017-08-26,116,banui_W,다음 (       ) 안에 뜻이 反對 또는 相對 되는 漢字(正字)를 써넣어 널리 쓰이는 單語를 만드시오.,呼 ↔ ( ),呼 ↔ ( ),,吸,吸,
3급,78,2017-08-26,117,banui_W,다음 (       ) 안에 뜻이 反對 또는 相對 되는 漢字(正字)를 써넣어 널리 쓰이는 單語를 만드시오.,( ) ↔ 富,( ) ↔ 富,,貧,貧,
3급,78,2017-08-26,118,banuieo_W,다음 漢字語의 反對語 또는 相對語를 2음절로 된 漢字(正字)로 쓰시오.,反抗 ↔ (      ),反抗 ↔ ( ),,服從,服從,
3급,78,2017-08-26,119,banuieo_W,다음 漢字語의 反對語 또는 相對語를 2음절로 된 漢字(正字)로 쓰시오.,浪費 ↔ (      ),浪費 ↔ ( ),,儉素,儉素,
3급,78,2017-08-26,120,banuieo_W,다음 漢字語의 反對語 또는 相對語를 2음절로 된 漢字(正字)로 쓰시오.,微小 ↔ (      ),微小 ↔ ( ),,巨大,巨大,
3급,78,2017-08-26,121,banuieo_W,다음 漢字語의 反對語 또는 相對語를 2음절로 된 漢字(正字)로 쓰시오.,延長 ↔ (      ),延長 ↔ ( ),,短縮,短縮,
3급,78,2017-08-26,122,banuieo_W,다음 漢字語의 反對語 또는 相對語를 2음절로 된 漢字(正字)로 쓰시오.,減少 ↔ (      ),減少 ↔ ( ),,增加,增加,
3급,78,2017-08-26,123,dongeumeo_W,다음 漢字語의 同音異義語를 제시된 뜻에 맞는 漢字(正字)로 쓰시오.,(公敵) - 공로의 실적,(公敵),,功績,功績,
3급,78,2017-08-26,124,dongeumeo_W,다음 漢字語의 同音異義語를 제시된 뜻에 맞는 漢字(正字)로 쓰시오.,(一級) - 하루 일한 임금.,(一級),,日給,日給,
3급,78,2017-08-26,125,dongeumeo_W,다음 漢字語의 同音異義語를 제시된 뜻에 맞는 漢字(正字)로 쓰시오.,(四更) - 죽을 지경.,(四更),,死境,死境,
3급,78,2017-08-26,126,dongeumeo_W,다음 漢字語의 同音異義語를 제시된 뜻에 맞는 漢字(正字)로 쓰시오.,(赤字) - 어떤 일이나 상황에 적당한 사람.,(赤字),,適者,適者,
3급,78,2017-08-26,127,dongeumeo_W,다음 漢字語의 同音異義語를 제시된 뜻에 맞는 漢字(正字)로 쓰시오.,(詩碑) - 옳은 것과 그른 것.,(詩碑),,是非,是非,
3급,78,2017-08-26,128,seongeo_W,다음 (        ) 안에 알맞은 漢字(正字)를 써 넣어 四字成語를 완성하시오.,朝( )暮改 : 법령을 자주 바꿔 갈피를 잡을 수 없음.,朝( )暮改,,令,令,
3급,78,2017-08-26,129,seongeo_W,다음 (        ) 안에 알맞은 漢字(正字)를 써 넣어 四字成語를 완성하시오.,凍( )寒雪 : 매서운 추위를 일컬음.,凍( )寒雪,,氷,氷,
3급,78,2017-08-26,130,seongeo_W,다음 (        ) 안에 알맞은 漢字(正字)를 써 넣어 四字成語를 완성하시오.,鶴首苦( ) : 몹시 애타게 기다림.,鶴首苦( ),,待,待,
3급,78,2017-08-26,131,seongeo_W,다음 (        ) 안에 알맞은 漢字(正字)를 써 넣어 四字成語를 완성하시오.,內憂外( ) : 나라 안팎의 걱정거리.,內憂外( ),,患,患,
3급,78,2017-08-26,132,seongeo_W,다음 (        ) 안에 알맞은 漢字(正字)를 써 넣어 四字成語를 완성하시오.,士農工( ) : 네 가지 신분을 지칭함.,士農工( ),,商,商,
3급,78,2017-08-26,133,seongeo_W,다음 (        ) 안에 알맞은 漢字(正字)를 써 넣어 四字成語를 완성하시오.,佳人薄( ) : 아름다운 여인은 수명이 짧음.,佳人薄( ),,命,命,
3급,78,2017-08-26,134,seongeo_W,다음 (        ) 안에 알맞은 漢字(正字)를 써 넣어 四字成語를 완성하시오.,竹馬( )友 : 옛 부터 아주 가까운 친구.,竹馬( )友,,故,故,
3급,78,2017-08-26,135,seongeo_W,다음 (        ) 안에 알맞은 漢字(正字)를 써 넣어 四字成語를 완성하시오.,百年( )淸 : 아무리 기다려도 어려운 일이 해결되지 않음.,百年( )淸,,河,河,
3급,78,2017-08-26,136,seongeo_W,다음 (        ) 안에 알맞은 漢字(正字)를 써 넣어 四字成語를 완성하시오.,山海( )味 : 잘 차려진 맛있는 음식.,山海( )味,,珍,珍,
3급,78,2017-08-26,137,seongeo_W,다음 (        ) 안에 알맞은 漢字(正字)를 써 넣어 四字成語를 완성하시오.,東奔( )走 : 이리저리 바쁘게 다님.,東奔( )走,,西,西,
3급,78,2017-08-26,138,busu_W,다음 漢字의 部首를 쓰시오.,步,步,,止,止,
3급,78,2017-08-26,139,busu_W,다음 漢字의 部首를 쓰시오.,尙,尙,,小,小,
3급,78,2017-08-26,140,busu_W,다음 漢字의 部首를 쓰시오.,尾,尾,,尸,尸,
3급,78,2017-08-26,141,busu_W,다음 漢字의 部首를 쓰시오.,喜,喜,,口,口,
3급,78,2017-08-26,142,busu_W,다음 漢字의 部首를 쓰시오.,甲,甲,,田,田,
3급,78,2017-08-26,143,yakja_W,다음 漢字의 略字를 쓰시오.,餘,餘,,余,余,
3급,78,2017-08-26,144,yakja_W,다음 漢字의 略字를 쓰시오.,醫,醫,,医,医,
3급,78,2017-08-26,145,yakja_W,다음 漢字의 略字를 쓰시오.,傳,傳,,伝,伝,
3급,78,2017-08-26,146,mean_W,다음 漢字語의 뜻을 쓰시오.,養育,養育,,아이를 기르고 돌보다(살피다),아이를 기르고 돌보다(살피다),
3급,78,2017-08-26,147,mean_W,다음 漢字語의 뜻을 쓰시오.,光陰,光陰,,햇빛과 그늘/낮과 밤/세월/시간/해와 달,햇빛과 그늘/낮과 밤/세월/시간/해와 달,
3급,78,2017-08-26,148,mean_W,다음 漢字語의 뜻을 쓰시오.,暴暑,暴暑,,매우 심한 더위,매우 심한 더위,
3급,78,2017-08-26,149,mean_W,다음 漢字語의 뜻을 쓰시오.,龜鑑,龜鑑,,본받을 만함.,본받을 만함.,
3급,78,2017-08-26,150,mean_W,다음 漢字語의 뜻을 쓰시오.,角逐,角逐,,서로 이기려고 경쟁함.,서로 이기려고 경쟁함.,
3급,79,2017-11-25,1,dokeum_W,다음 밑줄 친 漢字語의 讀音을 쓰시오.,"한자를 빨리 익히는 것이 매우 중요하다. 그러나 암기 위주의 盲目的인 학습은 잘못된 방법이며, 쉽게 잊을 수 있다. 旣往이면 字源도 알고 오랫동안 記憶하는 학습 방법으로 진행해야 한다. 가장 효과적인 방법은 각종 게임이다. 아이들은 한자 게임을 잘 하기 위해 첫 시간에 배우는 한자를 瞬息間에 익히는 怪力을 發揮한다. 단체로 하는 게임은 迫進感이 넘친다.",盲目的,,맹목적,맹목적,
3급,79,2017-11-25,2,dokeum_W,다음 밑줄 친 漢字語의 讀音을 쓰시오.,"한자를 빨리 익히는 것이 매우 중요하다. 그러나 암기 위주의 盲目的인 학습은 잘못된 방법이며, 쉽게 잊을 수 있다. 旣往이면 字源도 알고 오랫동안 記憶하는 학습 방법으로 진행해야 한다. 가장 효과적인 방법은 각종 게임이다. 아이들은 한자 게임을 잘 하기 위해 첫 시간에 배우는 한자를 瞬息間에 익히는 怪力을 發揮한다. 단체로 하는 게임은 迫進感이 넘친다.",旣往,,기왕,기왕,
3급,79,2017-11-25,3,dokeum_W,다음 밑줄 친 漢字語의 讀音을 쓰시오.,"한자를 빨리 익히는 것이 매우 중요하다. 그러나 암기 위주의 盲目的인 학습은 잘못된 방법이며, 쉽게 잊을 수 있다. 旣往이면 字源도 알고 오랫동안 記憶하는 학습 방법으로 진행해야 한다. 가장 효과적인 방법은 각종 게임이다. 아이들은 한자 게임을 잘 하기 위해 첫 시간에 배우는 한자를 瞬息間에 익히는 怪力을 發揮한다. 단체로 하는 게임은 迫進感이 넘친다.",字源,,자원,자원,
3급,79,2017-11-25,4,dokeum_W,다음 밑줄 친 漢字語의 讀音을 쓰시오.,"한자를 빨리 익히는 것이 매우 중요하다. 그러나 암기 위주의 盲目的인 학습은 잘못된 방법이며, 쉽게 잊을 수 있다. 旣往이면 字源도 알고 오랫동안 記憶하는 학습 방법으로 진행해야 한다. 가장 효과적인 방법은 각종 게임이다. 아이들은 한자 게임을 잘 하기 위해 첫 시간에 배우는 한자를 瞬息間에 익히는 怪力을 發揮한다. 단체로 하는 게임은 迫進感이 넘친다.",記憶,,기억,기억,
3급,79,2017-11-25,5,dokeum_W,다음 밑줄 친 漢字語의 讀音을 쓰시오.,"한자를 빨리 익히는 것이 매우 중요하다. 그러나 암기 위주의 盲目的인 학습은 잘못된 방법이며, 쉽게 잊을 수 있다. 旣往이면 字源도 알고 오랫동안 記憶하는 학습 방법으로 진행해야 한다. 가장 효과적인 방법은 각종 게임이다. 아이들은 한자 게임을 잘 하기 위해 첫 시간에 배우는 한자를 瞬息間에 익히는 怪力을 發揮한다. 단체로 하는 게임은 迫進感이 넘친다.",瞬息間,,순식간,순식간,
3급,79,2017-11-25,6,dokeum_W,다음 밑줄 친 漢字語의 讀音을 쓰시오.,"한자를 빨리 익히는 것이 매우 중요하다. 그러나 암기 위주의 盲目的인 학습은 잘못된 방법이며, 쉽게 잊을 수 있다. 旣往이면 字源도 알고 오랫동안 記憶하는 학습 방법으로 진행해야 한다. 가장 효과적인 방법은 각종 게임이다. 아이들은 한자 게임을 잘 하기 위해 첫 시간에 배우는 한자를 瞬息間에 익히는 怪力을 發揮한다. 단체로 하는 게임은 迫進感이 넘친다.",怪力,,괴력,괴력,
3급,79,2017-11-25,7,dokeum_W,다음 밑줄 친 漢字語의 讀音을 쓰시오.,"한자를 빨리 익히는 것이 매우 중요하다. 그러나 암기 위주의 盲目的인 학습은 잘못된 방법이며, 쉽게 잊을 수 있다. 旣往이면 字源도 알고 오랫동안 記憶하는 학습 방법으로 진행해야 한다. 가장 효과적인 방법은 각종 게임이다. 아이들은 한자 게임을 잘 하기 위해 첫 시간에 배우는 한자를 瞬息間에 익히는 怪力을 發揮한다. 단체로 하는 게임은 迫進感이 넘친다.",發揮,,발휘,발휘,
3급,79,2017-11-25,8,dokeum_W,다음 밑줄 친 漢字語의 讀音을 쓰시오.,"한자를 빨리 익히는 것이 매우 중요하다. 그러나 암기 위주의 盲目的인 학습은 잘못된 방법이며, 쉽게 잊을 수 있다. 旣往이면 字源도 알고 오랫동안 記憶하는 학습 방법으로 진행해야 한다. 가장 효과적인 방법은 각종 게임이다. 아이들은 한자 게임을 잘 하기 위해 첫 시간에 배우는 한자를 瞬息間에 익히는 怪力을 發揮한다. 단체로 하는 게임은 迫進感이 넘친다.",迫進感,,박진감,박진감,
3급,79,2017-11-25,9,dokeum_W,다음 밑줄 친 漢字語의 讀音을 쓰시오.,"나에게는 匹夫匹婦의 생활체험에서 우러난 소박, 진실한 眼識이 고명한 哲學者의 난해한 글보다는 훨씬 맛이 있다는 것을 고백하지 않을 수 없다. 원래 현실적 정세를 파악하고 透視하는 銳敏한 감각과 명확한 사고력은 여자에게 더 발달되어 있으므로 흔히 현실을 말하고 생활을 하소연하는 부녀자의 아름다운 음성에 傾聽하여, 그 가운데서 또한 많은 가지가지의 생활철학을 발견하는 悅樂은 결코 적은 것이 아니다.",匹夫匹婦,,필부필부,필부필부,
3급,79,2017-11-25,10,dokeum_W,다음 밑줄 친 漢字語의 讀音을 쓰시오.,"나에게는 匹夫匹婦의 생활체험에서 우러난 소박, 진실한 眼識이 고명한 哲學者의 난해한 글보다는 훨씬 맛이 있다는 것을 고백하지 않을 수 없다. 원래 현실적 정세를 파악하고 透視하는 銳敏한 감각과 명확한 사고력은 여자에게 더 발달되어 있으므로 흔히 현실을 말하고 생활을 하소연하는 부녀자의 아름다운 음성에 傾聽하여, 그 가운데서 또한 많은 가지가지의 생활철학을 발견하는 悅樂은 결코 적은 것이 아니다.",眼識,,안식,안식,
3급,79,2017-11-25,11,dokeum_W,다음 밑줄 친 漢字語의 讀音을 쓰시오.,"나에게는 匹夫匹婦의 생활체험에서 우러난 소박, 진실한 眼識이 고명한 哲學者의 난해한 글보다는 훨씬 맛이 있다는 것을 고백하지 않을 수 없다. 원래 현실적 정세를 파악하고 透視하는 銳敏한 감각과 명확한 사고력은 여자에게 더 발달되어 있으므로 흔히 현실을 말하고 생활을 하소연하는 부녀자의 아름다운 음성에 傾聽하여, 그 가운데서 또한 많은 가지가지의 생활철학을 발견하는 悅樂은 결코 적은 것이 아니다.",哲學者,,철학자,철학자,
3급,79,2017-11-25,12,dokeum_W,다음 밑줄 친 漢字語의 讀音을 쓰시오.,"나에게는 匹夫匹婦의 생활체험에서 우러난 소박, 진실한 眼識이 고명한 哲學者의 난해한 글보다는 훨씬 맛이 있다는 것을 고백하지 않을 수 없다. 원래 현실적 정세를 파악하고 透視하는 銳敏한 감각과 명확한 사고력은 여자에게 더 발달되어 있으므로 흔히 현실을 말하고 생활을 하소연하는 부녀자의 아름다운 음성에 傾聽하여, 그 가운데서 또한 많은 가지가지의 생활철학을 발견하는 悅樂은 결코 적은 것이 아니다.",透視,,투시,투시,
3급,79,2017-11-25,13,dokeum_W,다음 밑줄 친 漢字語의 讀音을 쓰시오.,"나에게는 匹夫匹婦의 생활체험에서 우러난 소박, 진실한 眼識이 고명한 哲學者의 난해한 글보다는 훨씬 맛이 있다는 것을 고백하지 않을 수 없다. 원래 현실적 정세를 파악하고 透視하는 銳敏한 감각과 명확한 사고력은 여자에게 더 발달되어 있으므로 흔히 현실을 말하고 생활을 하소연하는 부녀자의 아름다운 음성에 傾聽하여, 그 가운데서 또한 많은 가지가지의 생활철학을 발견하는 悅樂은 결코 적은 것이 아니다.",銳敏,,예민,예민,
3급,79,2017-11-25,14,dokeum_W,다음 밑줄 친 漢字語의 讀音을 쓰시오.,"나에게는 匹夫匹婦의 생활체험에서 우러난 소박, 진실한 眼識이 고명한 哲學者의 난해한 글보다는 훨씬 맛이 있다는 것을 고백하지 않을 수 없다. 원래 현실적 정세를 파악하고 透視하는 銳敏한 감각과 명확한 사고력은 여자에게 더 발달되어 있으므로 흔히 현실을 말하고 생활을 하소연하는 부녀자의 아름다운 음성에 傾聽하여, 그 가운데서 또한 많은 가지가지의 생활철학을 발견하는 悅樂은 결코 적은 것이 아니다.",傾聽,,경청,경청,
3급,79,2017-11-25,15,dokeum_W,다음 밑줄 친 漢字語의 讀音을 쓰시오.,"나에게는 匹夫匹婦의 생활체험에서 우러난 소박, 진실한 眼識이 고명한 哲學者의 난해한 글보다는 훨씬 맛이 있다는 것을 고백하지 않을 수 없다. 원래 현실적 정세를 파악하고 透視하는 銳敏한 감각과 명확한 사고력은 여자에게 더 발달되어 있으므로 흔히 현실을 말하고 생활을 하소연하는 부녀자의 아름다운 음성에 傾聽하여, 그 가운데서 또한 많은 가지가지의 생활철학을 발견하는 悅樂은 결코 적은 것이 아니다.",悅樂,,열락,열락,
3급,79,2017-11-25,16,dokeum_W,다음 밑줄 친 漢字語의 讀音을 쓰시오.,"모름지기 공직자라면 見利思義, 公平無私의 마음가짐으로 奉職하기를 期待한다. 이를 지키는 것이 공직자의 도리이며 淸廉한 사회로 가는 기본 덕목이다.",見利思義,,견리사의,견리사의,
3급,79,2017-11-25,17,dokeum_W,다음 밑줄 친 漢字語의 讀音을 쓰시오.,"모름지기 공직자라면 見利思義, 公平無私의 마음가짐으로 奉職하기를 期待한다. 이를 지키는 것이 공직자의 도리이며 淸廉한 사회로 가는 기본 덕목이다.",公平無私,,공평무사,공평무사,
3급,79,2017-11-25,18,dokeum_W,다음 밑줄 친 漢字語의 讀音을 쓰시오.,"모름지기 공직자라면 見利思義, 公平無私의 마음가짐으로 奉職하기를 期待한다. 이를 지키는 것이 공직자의 도리이며 淸廉한 사회로 가는 기본 덕목이다.",奉職,,봉직,봉직,
3급,79,2017-11-25,19,dokeum_W,다음 밑줄 친 漢字語의 讀音을 쓰시오.,"모름지기 공직자라면 見利思義, 公平無私의 마음가짐으로 奉職하기를 期待한다. 이를 지키는 것이 공직자의 도리이며 淸廉한 사회로 가는 기본 덕목이다.",期待,,기대,기대,
3급,79,2017-11-25,20,dokeum_W,다음 밑줄 친 漢字語의 讀音을 쓰시오.,"모름지기 공직자라면 見利思義, 公平無私의 마음가짐으로 奉職하기를 期待한다. 이를 지키는 것이 공직자의 도리이며 淸廉한 사회로 가는 기본 덕목이다.",淸廉,,청렴,청렴,
3급,79,2017-11-25,21,dokeum_W,다음 漢字語의 讀音을 쓰시오.,率先,率先,,솔선,솔선,
3급,79,2017-11-25,22,dokeum_W,다음 漢字語의 讀音을 쓰시오.,遵守,遵守,,준수,준수,
3급,79,2017-11-25,23,dokeum_W,다음 漢字語의 讀音을 쓰시오.,垂範,垂範,,수범,수범,
3급,79,2017-11-25,24,dokeum_W,다음 漢字語의 讀音을 쓰시오.,證據,證據,,증거,증거,
3급,79,2017-11-25,25,dokeum_W,다음 漢字語의 讀音을 쓰시오.,嫌疑,嫌疑,,혐의,혐의,
3급,79,2017-11-25,26,dokeum_W,다음 漢字語의 讀音을 쓰시오.,擁護,擁護,,옹호,옹호,
3급,79,2017-11-25,27,dokeum_W,다음 漢字語의 讀音을 쓰시오.,許諾,許諾,,허락,허락,
3급,79,2017-11-25,28,dokeum_W,다음 漢字語의 讀音을 쓰시오.,微弱,微弱,,미약,미약,
3급,79,2017-11-25,29,dokeum_W,다음 漢字語의 讀音을 쓰시오.,庸劣,庸劣,,용렬,용렬,
3급,79,2017-11-25,30,dokeum_W,다음 漢字語의 讀音을 쓰시오.,懇切,懇切,,간절,간절,
3급,79,2017-11-25,31,dokeum_W,다음 漢字語의 讀音을 쓰시오.,慨歎,慨歎,,개탄,개탄,
3급,79,2017-11-25,32,dokeum_W,다음 漢字語의 讀音을 쓰시오.,隱蔽,隱蔽,,은폐,은폐,
3급,79,2017-11-25,33,dokeum_W,다음 漢字語의 讀音을 쓰시오.,巧言,巧言,,교언,교언,
3급,79,2017-11-25,34,dokeum_W,다음 漢字語의 讀音을 쓰시오.,執事,執事,,집사,집사,
3급,79,2017-11-25,35,dokeum_W,다음 漢字語의 讀音을 쓰시오.,沈默,沈默,,침묵,침묵,
3급,79,2017-11-25,36,dokeum_W,다음 漢字語의 讀音을 쓰시오.,逢着,逢着,,봉착,봉착,
3급,79,2017-11-25,37,dokeum_W,다음 漢字語의 讀音을 쓰시오.,麥飯,麥飯,,맥반,맥반,
3급,79,2017-11-25,38,dokeum_W,다음 漢字語의 讀音을 쓰시오.,和睦,和睦,,화목,화목,
3급,79,2017-11-25,39,dokeum_W,다음 漢字語의 讀音을 쓰시오.,兵符,兵符,,병부,병부,
3급,79,2017-11-25,40,dokeum_W,다음 漢字語의 讀音을 쓰시오.,稱讚,稱讚,,칭찬,칭찬,
3급,79,2017-11-25,41,dokeum_W,다음 漢字語의 讀音을 쓰시오.,疏通,疏通,,소통,소통,
3급,79,2017-11-25,42,dokeum_W,다음 漢字語의 讀音을 쓰시오.,憎惡,憎惡,,증오,증오,
3급,79,2017-11-25,43,dokeum_W,다음 漢字語의 讀音을 쓰시오.,鑄造,鑄造,,주조,주조,
3급,79,2017-11-25,44,dokeum_W,다음 漢字語의 讀音을 쓰시오.,鎭壓,鎭壓,,진압,진압,
3급,79,2017-11-25,45,dokeum_W,다음 漢字語의 讀音을 쓰시오.,午睡,午睡,,오수,오수,
3급,79,2017-11-25,46,huneum_W,다음 漢字의 訓・音을 쓰시오.,蝶,蝶,,나비 접,나비 접,
3급,79,2017-11-25,47,huneum_W,다음 漢字의 訓・音을 쓰시오.,閣,閣,,집 각,집 각,
3급,79,2017-11-25,48,huneum_W,다음 漢字의 訓・音을 쓰시오.,譽,譽,,기릴/명예 예,기릴/명예 예,
3급,79,2017-11-25,49,huneum_W,다음 漢字의 訓・音을 쓰시오.,崩,崩,,무너질 붕,무너질 붕,
3급,79,2017-11-25,50,huneum_W,다음 漢字의 訓・音을 쓰시오.,遣,遣,,보낼 견,보낼 견,
3급,79,2017-11-25,51,huneum_W,다음 漢字의 訓・音을 쓰시오.,晩,晩,,늦을 만,늦을 만,
3급,79,2017-11-25,52,huneum_W,다음 漢字의 訓・音을 쓰시오.,涼,涼,,서늘할 량,서늘할 량,
3급,79,2017-11-25,53,huneum_W,다음 漢字의 訓・音을 쓰시오.,契,契,,맺을 계,맺을 계,
3급,79,2017-11-25,54,huneum_W,다음 漢字의 訓・音을 쓰시오.,篤,篤,,도타울 독,도타울 독,
3급,79,2017-11-25,55,huneum_W,다음 漢字의 訓・音을 쓰시오.,那,那,,어찌 나,어찌 나,
3급,79,2017-11-25,56,huneum_W,다음 漢字의 訓・音을 쓰시오.,鑑,鑑,,거울 감,거울 감,
3급,79,2017-11-25,57,huneum_W,다음 漢字의 訓・音을 쓰시오.,但,但,,다만 단,다만 단,
3급,79,2017-11-25,58,huneum_W,다음 漢字의 訓・音을 쓰시오.,踏,踏,,밟을 답,밟을 답,
3급,79,2017-11-25,59,huneum_W,다음 漢字의 訓・音을 쓰시오.,淡,淡,,맑을 담,맑을 담,
3급,79,2017-11-25,60,huneum_W,다음 漢字의 訓・音을 쓰시오.,泥,泥,,진흙 니,진흙 니,
3급,79,2017-11-25,61,huneum_W,다음 漢字의 訓・音을 쓰시오.,跳,跳,,뛸 도,뛸 도,
3급,79,2017-11-25,62,huneum_W,다음 漢字의 訓・音을 쓰시오.,乃,乃,,이에 내,이에 내,
3급,79,2017-11-25,63,huneum_W,다음 漢字의 訓・音을 쓰시오.,陶,陶,,질그릇 도,질그릇 도,
3급,79,2017-11-25,64,huneum_W,다음 漢字의 訓・音을 쓰시오.,稿,稿,,원고/볏짚 고,원고/볏짚 고,
3급,79,2017-11-25,65,huneum_W,다음 漢字의 訓・音을 쓰시오.,濫,濫,,넘칠 람,넘칠 람,
3급,79,2017-11-25,66,huneum_W,다음 漢字의 訓・音을 쓰시오.,繫,繫,,맬 계,맬 계,
3급,79,2017-11-25,67,huneum_W,다음 漢字의 訓・音을 쓰시오.,謙,謙,,겸손할 겸,겸손할 겸,
3급,79,2017-11-25,68,huneum_W,다음 漢字의 訓・音을 쓰시오.,埋,埋,,묻을 매,묻을 매,
3급,79,2017-11-25,69,huneum_W,다음 漢字의 訓・音을 쓰시오.,鋼,鋼,,강철 강,강철 강,
3급,79,2017-11-25,70,huneum_W,다음 漢字의 訓・音을 쓰시오.,桃,桃,,복숭아 도,복숭아 도,
3급,79,2017-11-25,71,huneum_W,다음 漢字의 訓・音을 쓰시오.,寂,寂,,고요할 적,고요할 적,
3급,79,2017-11-25,72,huneum_W,다음 漢字의 訓・音을 쓰시오.,却,却,,물리칠 각,물리칠 각,
3급,79,2017-11-25,73,hanjaeo_W,다음 밑줄 친 漢字語를 漢字[正字]로 쓰시오.,"우리 문학의 특질을 이해하면 조상들의 삶의 태도, 사상, 정서 등을 이해할 수 있고, 고전 문학을 더 깊이 감상할 수 있다. 따라서 고전 문학 작품을 읽으면 작품 속에 반영된 우리 민족의 삶과 현실 대응 방식을 이해할 수 있게 되어 오늘의 현실을 살아가는 지혜를 얻을 수 있을 것이다. 또 역사의 흐름에 따라 이어져 내려온 우리 민족 문학의 뿌리를 알게 됨으로써 우리 문학에 대한 교양과 한국 문화에 대한 애정을 갖게 될 것이다.",특질,,特質,特質,
3급,79,2017-11-25,74,hanjaeo_W,다음 밑줄 친 漢字語를 漢字[正字]로 쓰시오.,"우리 문학의 특질을 이해하면 조상들의 삶의 태도, 사상, 정서 등을 이해할 수 있고, 고전 문학을 더 깊이 감상할 수 있다. 따라서 고전 문학 작품을 읽으면 작품 속에 반영된 우리 민족의 삶과 현실 대응 방식을 이해할 수 있게 되어 오늘의 현실을 살아가는 지혜를 얻을 수 있을 것이다. 또 역사의 흐름에 따라 이어져 내려온 우리 민족 문학의 뿌리를 알게 됨으로써 우리 문학에 대한 교양과 한국 문화에 대한 애정을 갖게 될 것이다.",이해,,理解,理解,
3급,79,2017-11-25,75,hanjaeo_W,다음 밑줄 친 漢字語를 漢字[正字]로 쓰시오.,"우리 문학의 특질을 이해하면 조상들의 삶의 태도, 사상, 정서 등을 이해할 수 있고, 고전 문학을 더 깊이 감상할 수 있다. 따라서 고전 문학 작품을 읽으면 작품 속에 반영된 우리 민족의 삶과 현실 대응 방식을 이해할 수 있게 되어 오늘의 현실을 살아가는 지혜를 얻을 수 있을 것이다. 또 역사의 흐름에 따라 이어져 내려온 우리 민족 문학의 뿌리를 알게 됨으로써 우리 문학에 대한 교양과 한국 문화에 대한 애정을 갖게 될 것이다.",조상,,祖上,祖上,
3급,79,2017-11-25,76,hanjaeo_W,다음 밑줄 친 漢字語를 漢字[正字]로 쓰시오.,"우리 문학의 특질을 이해하면 조상들의 삶의 태도, 사상, 정서 등을 이해할 수 있고, 고전 문학을 더 깊이 감상할 수 있다. 따라서 고전 문학 작품을 읽으면 작품 속에 반영된 우리 민족의 삶과 현실 대응 방식을 이해할 수 있게 되어 오늘의 현실을 살아가는 지혜를 얻을 수 있을 것이다. 또 역사의 흐름에 따라 이어져 내려온 우리 민족 문학의 뿌리를 알게 됨으로써 우리 문학에 대한 교양과 한국 문화에 대한 애정을 갖게 될 것이다.",태도,,態度,態度,
3급,79,2017-11-25,77,hanjaeo_W,다음 밑줄 친 漢字語를 漢字[正字]로 쓰시오.,"우리 문학의 특질을 이해하면 조상들의 삶의 태도, 사상, 정서 등을 이해할 수 있고, 고전 문학을 더 깊이 감상할 수 있다. 따라서 고전 문학 작품을 읽으면 작품 속에 반영된 우리 민족의 삶과 현실 대응 방식을 이해할 수 있게 되어 오늘의 현실을 살아가는 지혜를 얻을 수 있을 것이다. 또 역사의 흐름에 따라 이어져 내려온 우리 민족 문학의 뿌리를 알게 됨으로써 우리 문학에 대한 교양과 한국 문화에 대한 애정을 갖게 될 것이다.",고전,,古典,古典,
3급,79,2017-11-25,78,hanjaeo_W,다음 밑줄 친 漢字語를 漢字[正字]로 쓰시오.,"우리 문학의 특질을 이해하면 조상들의 삶의 태도, 사상, 정서 등을 이해할 수 있고, 고전 문학을 더 깊이 감상할 수 있다. 따라서 고전 문학 작품을 읽으면 작품 속에 반영된 우리 민족의 삶과 현실 대응 방식을 이해할 수 있게 되어 오늘의 현실을 살아가는 지혜를 얻을 수 있을 것이다. 또 역사의 흐름에 따라 이어져 내려온 우리 민족 문학의 뿌리를 알게 됨으로써 우리 문학에 대한 교양과 한국 문화에 대한 애정을 갖게 될 것이다.",작품,,作品,作品,
3급,79,2017-11-25,79,hanjaeo_W,다음 밑줄 친 漢字語를 漢字[正字]로 쓰시오.,"우리 문학의 특질을 이해하면 조상들의 삶의 태도, 사상, 정서 등을 이해할 수 있고, 고전 문학을 더 깊이 감상할 수 있다. 따라서 고전 문학 작품을 읽으면 작품 속에 반영된 우리 민족의 삶과 현실 대응 방식을 이해할 수 있게 되어 오늘의 현실을 살아가는 지혜를 얻을 수 있을 것이다. 또 역사의 흐름에 따라 이어져 내려온 우리 민족 문학의 뿌리를 알게 됨으로써 우리 문학에 대한 교양과 한국 문화에 대한 애정을 갖게 될 것이다.",민족,,民族,民族,
3급,79,2017-11-25,80,hanjaeo_W,다음 밑줄 친 漢字語를 漢字[正字]로 쓰시오.,"우리 문학의 특질을 이해하면 조상들의 삶의 태도, 사상, 정서 등을 이해할 수 있고, 고전 문학을 더 깊이 감상할 수 있다. 따라서 고전 문학 작품을 읽으면 작품 속에 반영된 우리 민족의 삶과 현실 대응 방식을 이해할 수 있게 되어 오늘의 현실을 살아가는 지혜를 얻을 수 있을 것이다. 또 역사의 흐름에 따라 이어져 내려온 우리 민족 문학의 뿌리를 알게 됨으로써 우리 문학에 대한 교양과 한국 문화에 대한 애정을 갖게 될 것이다.",현실,,現實,現實,
3급,79,2017-11-25,81,hanjaeo_W,다음 밑줄 친 漢字語를 漢字[正字]로 쓰시오.,"우리 문학의 특질을 이해하면 조상들의 삶의 태도, 사상, 정서 등을 이해할 수 있고, 고전 문학을 더 깊이 감상할 수 있다. 따라서 고전 문학 작품을 읽으면 작품 속에 반영된 우리 민족의 삶과 현실 대응 방식을 이해할 수 있게 되어 오늘의 현실을 살아가는 지혜를 얻을 수 있을 것이다. 또 역사의 흐름에 따라 이어져 내려온 우리 민족 문학의 뿌리를 알게 됨으로써 우리 문학에 대한 교양과 한국 문화에 대한 애정을 갖게 될 것이다.",방식,,方式,方式,
3급,79,2017-11-25,82,hanjaeo_W,다음 밑줄 친 漢字語를 漢字[正字]로 쓰시오.,"우리 문학의 특질을 이해하면 조상들의 삶의 태도, 사상, 정서 등을 이해할 수 있고, 고전 문학을 더 깊이 감상할 수 있다. 따라서 고전 문학 작품을 읽으면 작품 속에 반영된 우리 민족의 삶과 현실 대응 방식을 이해할 수 있게 되어 오늘의 현실을 살아가는 지혜를 얻을 수 있을 것이다. 또 역사의 흐름에 따라 이어져 내려온 우리 민족 문학의 뿌리를 알게 됨으로써 우리 문학에 대한 교양과 한국 문화에 대한 애정을 갖게 될 것이다.",역사,,歷史,歷史,
3급,79,2017-11-25,83,hanjaeo_W,다음 밑줄 친 漢字語를 漢字[正字]로 쓰시오.,"우리 문학의 특질을 이해하면 조상들의 삶의 태도, 사상, 정서 등을 이해할 수 있고, 고전 문학을 더 깊이 감상할 수 있다. 따라서 고전 문학 작품을 읽으면 작품 속에 반영된 우리 민족의 삶과 현실 대응 방식을 이해할 수 있게 되어 오늘의 현실을 살아가는 지혜를 얻을 수 있을 것이다. 또 역사의 흐름에 따라 이어져 내려온 우리 민족 문학의 뿌리를 알게 됨으로써 우리 문학에 대한 교양과 한국 문화에 대한 애정을 갖게 될 것이다.",애정,,愛情,愛情,
3급,79,2017-11-25,84,hanjaeo_W,다음 밑줄 친 漢字語를 漢字[正字]로 쓰시오.,백발백중의 사격 솜씨.,사격,,射擊,射擊,
3급,79,2017-11-25,85,hanjaeo_W,다음 밑줄 친 漢字語를 漢字[正字]로 쓰시오.,좋은 일을 하면 좋은 결과를 얻게 된다는 소박한 윤리관.,소박,,素朴,素朴,
3급,79,2017-11-25,86,hanjaeo_W,다음 밑줄 친 漢字語를 漢字[正字]로 쓰시오.,성실과 근면으로 맡은 바 직분을 다하다.,근면,,勤勉,勤勉,
3급,79,2017-11-25,87,hanjaeo_W,다음 밑줄 친 漢字語를 漢字[正字]로 쓰시오.,복잡하게 얽힌 이해관계.,복잡,,複雜,複雜,
3급,79,2017-11-25,88,hanjaeo_W,다음 밑줄 친 漢字語를 漢字[正字]로 쓰시오.,중고 서적을 전문으로 판매하는 서점.,서적,,書籍,書籍,
3급,79,2017-11-25,89,hanjaeo_W,다음 밑줄 친 漢字語를 漢字[正字]로 쓰시오.,우주의 규칙적인 운동.,운동,,運動,運動,
3급,79,2017-11-25,90,hanjaeo_W,다음 밑줄 친 漢字語를 漢字[正字]로 쓰시오.,자격도 없이 환자를 진료한 돌팔이 의사.,자격,,資格,資格,
3급,79,2017-11-25,91,hanjaeo_W,다음 밑줄 친 漢字語를 漢字[正字]로 쓰시오.,대중을 위한 문화 시설.,대중,,大衆,大衆,
3급,79,2017-11-25,92,hanjaeo_W,다음 밑줄 친 漢字語를 漢字[正字]로 쓰시오.,유통 과정에서 파손된 물품은 교환해 드립니다.,파손,,破損,破損,
3급,79,2017-11-25,93,hanjaeo_W,다음 밑줄 친 漢字語를 漢字[正字]로 쓰시오.,이번 면접시험에만 합격하면 취업이 된다.,취업,,就業,就業,
3급,79,2017-11-25,94,hanjaeo_W,다음 밑줄 친 漢字語를 漢字[正字]로 쓰시오.,항구에 정박하다.,항구,,港口,港口,
3급,79,2017-11-25,95,hanjaeo_W,다음 밑줄 친 漢字語를 漢字[正字]로 쓰시오.,어머니는 귀향하는 아들을 맞으러 역으로 나가셨다.,귀향,,歸鄕,歸鄕,
3급,79,2017-11-25,96,hanjaeo_W,다음 밑줄 친 漢字語를 漢字[正字]로 쓰시오.,백합 향기에 흠뻑 취하다.,향기,,香氣,香氣,
3급,79,2017-11-25,97,hanjaeo_W,다음 밑줄 친 漢字語를 漢字[正字]로 쓰시오.,밝은 표정을 짓는 그녀는 무척이나 행복해 보였다.,행복,,幸福,幸福,
3급,79,2017-11-25,98,hanjaeo_W,다음 밑줄 친 漢字語를 漢字[正字]로 쓰시오.,어머니는 우리 세 형제에게 큰 기대를 걸고 계신다.,형제,,兄弟,兄弟,
3급,79,2017-11-25,99,hanjaeo_W,다음 밑줄 친 漢字語를 漢字[正字]로 쓰시오.,바닷물은 한 길 깊이까지 환히 들여다보일 정도로 깨끗하고 쾌적하였다.,쾌적,,快適,快適,
3급,79,2017-11-25,100,hanjaeo_W,다음 밑줄 친 漢字語를 漢字[正字]로 쓰시오.,홍보 부족인지 사람들의 참여가 너무 적었다.,참여,,參與,參與,
3급,79,2017-11-25,101,hanjaeo_W,다음 밑줄 친 漢字語를 漢字[正字]로 쓰시오.,올해도 풍년이 들었다.,풍년,,豊年,豊年,
3급,79,2017-11-25,102,hanjaeo_W,다음 밑줄 친 漢字語를 漢字[正字]로 쓰시오.,네온도 꺼져 버린 도시는 완전한 어둠이었다.,도시,,都市,都市,
3급,79,2017-11-25,103,jangeum_S,다음 漢字語 중 첫 音節이 長音으로 발음되는 것의 번호를 쓰시오.,,,"[""① 佳句"", ""② 家具""]",①,① 佳句,
3급,79,2017-11-25,104,jangeum_S,다음 漢字語 중 첫 音節이 長音으로 발음되는 것의 번호를 쓰시오.,,,"[""① 監督"", ""② 減毒""]",②,② 減毒,
3급,79,2017-11-25,105,jangeum_S,다음 漢字語 중 첫 音節이 長音으로 발음되는 것의 번호를 쓰시오.,,,"[""① 境界"", ""② 警戒""]",②,② 警戒,
3급,79,2017-11-25,106,jangeum_S,다음 漢字語 중 첫 音節이 長音으로 발음되는 것의 번호를 쓰시오.,,,"[""① 道中"", ""② 島中""]",①,① 道中,
3급,79,2017-11-25,107,jangeum_S,다음 漢字語 중 첫 音節이 長音으로 발음되는 것의 번호를 쓰시오.,,,"[""① 訪問"", ""② 房門""]",①,① 訪問,
3급,79,2017-11-25,108,banui_W,다음 漢字와 뜻이 對立되는 漢字를 써 넣어 漢字語를 완성하시오.,(   ) ↔ 賤,( ) ↔ 賤,,貴,貴,
3급,79,2017-11-25,109,banui_W,다음 漢字와 뜻이 對立되는 漢字를 써 넣어 漢字語를 완성하시오.,(   ) ↔ 重,( ) ↔ 重,,輕,輕,
3급,79,2017-11-25,110,banui_W,다음 漢字와 뜻이 對立되는 漢字를 써 넣어 漢字語를 완성하시오.,(   ) ↔ 合,( ) ↔ 合,,分,分,
3급,79,2017-11-25,111,banui_W,다음 漢字와 뜻이 對立되는 漢字를 써 넣어 漢字語를 완성하시오.,吉 ↔ ( ),吉 ↔ ( ),,凶,凶,
3급,79,2017-11-25,112,banui_W,다음 漢字와 뜻이 對立되는 漢字를 써 넣어 漢字語를 완성하시오.,前 ↔ ( ),前 ↔ ( ),,後,後,
3급,79,2017-11-25,113,banuieo_W,다음 漢字語의 反意語를 漢字(正字)로 쓰시오.,可決 ↔ (      ),可決 ↔ ( ),,否決,否決,
3급,79,2017-11-25,114,banuieo_W,다음 漢字語의 反意語를 漢字(正字)로 쓰시오.,(   ) ↔ 偶數,( ) ↔ 偶數,,奇數,奇數,
3급,79,2017-11-25,115,banuieo_W,다음 漢字語의 反意語를 漢字(正字)로 쓰시오.,被告 ↔ (      ),被告 ↔ ( ),,原告,原告,
3급,79,2017-11-25,116,banuieo_W,다음 漢字語의 反意語를 漢字(正字)로 쓰시오.,(   ) ↔ 支出,( ) ↔ 支出,,收入,收入,
3급,79,2017-11-25,117,banuieo_W,다음 漢字語의 反意語를 漢字(正字)로 쓰시오.,(   ) ↔ 寒冷,( ) ↔ 寒冷,,溫暖,溫暖,
3급,79,2017-11-25,118,yui_W,다음 제시된 漢字와 비슷한 뜻을 지닌 漢字(正字)를 (             ) 안에 넣어 문맥에 어울리는 漢字語를 완성하시오.,요즘 권투와 같은 激(        )한 격투기를 운동 삼아 하는 사람들이 늘어나고 있다.,激( ),,烈,烈,
3급,79,2017-11-25,119,yui_W,다음 제시된 漢字와 비슷한 뜻을 지닌 漢字(正字)를 (             ) 안에 넣어 문맥에 어울리는 漢字語를 완성하시오.,우리나라의 자연은 외국인에게 자랑할 만한 ( )値가 있다.,( )値,,價,價,
3급,79,2017-11-25,120,yui_W,다음 제시된 漢字와 비슷한 뜻을 지닌 漢字(正字)를 (             ) 안에 넣어 문맥에 어울리는 漢字語를 완성하시오.,"이 영화는 공포물이오니 임산부, 노약자는 (     )覽을 삼가십시오.",( )覽,,觀,觀,
3급,79,2017-11-25,121,yui_W,다음 제시된 漢字와 비슷한 뜻을 지닌 漢字(正字)를 (             ) 안에 넣어 문맥에 어울리는 漢字語를 완성하시오.,실의에 빠진 나를 (        )援한 것은 바로 어머니의 사랑이었다.,( )援,,救,救,
3급,79,2017-11-25,122,yui_W,다음 제시된 漢字와 비슷한 뜻을 지닌 漢字(正字)를 (             ) 안에 넣어 문맥에 어울리는 漢字語를 완성하시오.,건강을 지키기 위한 적당한 운동이 ( )獎되고 있다.,( )獎,,勸,勸,
3급,79,2017-11-25,123,seongeo_W,다음 (       ) 안에 알맞은 漢字(正字)를 넣어 뜻에 맞는 四字成語를 완성하시오.,森(    )萬象 : 우주 속에 존재하는 모든 사물과 현상.,森( )萬象,,羅,羅,
3급,79,2017-11-25,124,seongeo_W,다음 (       ) 안에 알맞은 漢字(正字)를 넣어 뜻에 맞는 四字成語를 완성하시오.,東奔西(    ) : 사방 이리저리 바삐 돌아다님.,東奔西( ),,走,走,
3급,79,2017-11-25,125,seongeo_W,다음 (       ) 안에 알맞은 漢字(正字)를 넣어 뜻에 맞는 四字成語를 완성하시오.,(    )忍不拔 : 굳게 참아내고 마음이 흔들리지 않음.,( )忍不拔,,堅,堅,
3급,79,2017-11-25,126,seongeo_W,다음 (       ) 안에 알맞은 漢字(正字)를 넣어 뜻에 맞는 四字成語를 완성하시오.,改過遷(    ) : 잘못을 고치고 착하게 됨.,改過遷( ),,善,善,
3급,79,2017-11-25,127,seongeo_W,다음 (       ) 안에 알맞은 漢字(正字)를 넣어 뜻에 맞는 四字成語를 완성하시오.,苦(    )之策 : 적을 속이기 위해 자기를 상해가면서 하는 계책.,苦( )之策,,肉,肉,
3급,79,2017-11-25,128,seongeo_W,다음 (       ) 안에 알맞은 漢字(正字)를 넣어 뜻에 맞는 四字成語를 완성하시오.,"金枝玉(     ) : 임금의 자손이나 집안, 혹은 귀여운 자손을 비유.",金枝玉( ),,葉,葉,
3급,79,2017-11-25,129,seongeo_W,다음 (       ) 안에 알맞은 漢字(正字)를 넣어 뜻에 맞는 四字成語를 완성하시오.,信(    )必罰 : 상줄 사람에겐 상을 주고 벌 받을 사람에겐 반드시 벌을 줌.,信( )必罰,,賞,賞,
3급,79,2017-11-25,130,seongeo_W,다음 (       ) 안에 알맞은 漢字(正字)를 넣어 뜻에 맞는 四字成語를 완성하시오.,始(    )一貫 : 처음부터 끝까지 한결같이 관철함.,始( )一貫,,終,終,
3급,79,2017-11-25,131,seongeo_W,다음 (       ) 안에 알맞은 漢字(正字)를 넣어 뜻에 맞는 四字成語를 완성하시오.,(    )熱治熱 : 열로 열을 다스림.,( )熱治熱,,以,以,
3급,79,2017-11-25,132,seongeo_W,다음 (       ) 안에 알맞은 漢字(正字)를 넣어 뜻에 맞는 四字成語를 완성하시오.,臨機( )變 : 그때그때 일의 형편에 따라 일을 처리함.,臨機( )變,,應,應,
3급,79,2017-11-25,133,busu_W,다음 漢字의 部首를 쓰시오.,黑,黑,,黑,黑,
3급,79,2017-11-25,134,busu_W,다음 漢字의 部首를 쓰시오.,裁,裁,,衣,衣,
3급,79,2017-11-25,135,busu_W,다음 漢字의 部首를 쓰시오.,猶,猶,,犬(犭),犬(犭),
3급,79,2017-11-25,136,busu_W,다음 漢字의 部首를 쓰시오.,盡,盡,,皿,皿,
3급,79,2017-11-25,137,busu_W,다음 漢字의 部首를 쓰시오.,皇,皇,,白,白,
3급,79,2017-11-25,138,dongeumeo_W,다음 漢字語의 同音異義語를 제시된 뜻에 맞추어 漢字(正字)로 쓰시오.,(加設) - 어떤 사실을 설명하기 위하여 설정한 가정.,(加設),,假說,假說,
3급,79,2017-11-25,139,dongeumeo_W,다음 漢字語의 同音異義語를 제시된 뜻에 맞추어 漢字(正字)로 쓰시오.,(強襲) - 학문 따위를 가르치고 익힘.,(強襲),,講習,講習,
3급,79,2017-11-25,140,dongeumeo_W,다음 漢字語의 同音異義語를 제시된 뜻에 맞추어 漢字(正字)로 쓰시오.,(高麗) - 생각하고 헤아려 봄.,(高麗),,考慮,考慮,
3급,79,2017-11-25,141,dongeumeo_W,다음 漢字語의 同音異義語를 제시된 뜻에 맞추어 漢字(正字)로 쓰시오.,(劇團) - 맨 끝.,(劇團),,極端,極端,
3급,79,2017-11-25,142,dongeumeo_W,다음 漢字語의 同音異義語를 제시된 뜻에 맞추어 漢字(正字)로 쓰시오.,(丹粧) - 몹시 슬퍼서 창자가 끊어지는 듯함.,(丹粧),,斷腸,斷腸,
3급,79,2017-11-25,143,yakja_W,다음 漢字의 略字를 쓰시오.,經,經,,經,經,
3급,79,2017-11-25,144,yakja_W,다음 漢字의 略字를 쓰시오.,黨,黨,,黨,黨,
3급,79,2017-11-25,145,yakja_W,다음 漢字의 略字를 쓰시오.,聲,聲,,聲,聲,
3급,79,2017-11-25,146,mean_W,다음 漢字語의 뜻을 쓰시오.,卓越,卓越,,남보다 두드러지게 뛰어남.,남보다 두드러지게 뛰어남.,
3급,79,2017-11-25,147,mean_W,다음 漢字語의 뜻을 쓰시오.,架橋,架橋,,다리를 놓음.,다리를 놓음.,
3급,79,2017-11-25,148,mean_W,다음 漢字語의 뜻을 쓰시오.,剛直,剛直,,마음이 꼿꼿하고 곧음.,마음이 꼿꼿하고 곧음.,
3급,79,2017-11-25,149,mean_W,다음 漢字語의 뜻을 쓰시오.,慶宴,慶宴,,경사스러운 잔치.,경사스러운 잔치.,
3급,79,2017-11-25,150,mean_W,다음 漢字語의 뜻을 쓰시오.,官吏,官吏,,관직에 있는 사람.,관직에 있는 사람.,
3급,80,2018-02-24,1,dokeum_W,다음 문장의 밑줄 친 漢字語의 讀音을 쓰시오.,시를 외국어로 飜譯하는 일은 쉽지 않다.,飜譯,,번역,번역,
3급,80,2018-02-24,2,dokeum_W,다음 문장의 밑줄 친 漢字語의 讀音을 쓰시오.,過恭은 비례이다.,過恭,,과공,과공,
3급,80,2018-02-24,3,dokeum_W,다음 문장의 밑줄 친 漢字語의 讀音을 쓰시오.,封窓을 통해서 희끄무레하게 衰殘해 가는 저녁 햇살이 비쳐 들어 왔다.,封窓,,봉창,봉창,
3급,80,2018-02-24,4,dokeum_W,다음 문장의 밑줄 친 漢字語의 讀音을 쓰시오.,封窓을 통해서 희끄무레하게 衰殘해 가는 저녁 햇살이 비쳐 들어 왔다.,衰殘,,쇠잔,쇠잔,
3급,80,2018-02-24,5,dokeum_W,다음 문장의 밑줄 친 漢字語의 讀音을 쓰시오.,사치와 浪費를 排擊하다.,浪費,,낭비,낭비,
3급,80,2018-02-24,6,dokeum_W,다음 문장의 밑줄 친 漢字語의 讀音을 쓰시오.,사치와 浪費를 排擊하다.,排擊,,배격,배격,
3급,80,2018-02-24,7,dokeum_W,다음 문장의 밑줄 친 漢字語의 讀音을 쓰시오.,家庭의 和睦을 圖謀하다.,家庭,,가정,가정,
3급,80,2018-02-24,8,dokeum_W,다음 문장의 밑줄 친 漢字語의 讀音을 쓰시오.,家庭의 和睦을 圖謀하다.,和睦,,화목,화목,
3급,80,2018-02-24,9,dokeum_W,다음 문장의 밑줄 친 漢字語의 讀音을 쓰시오.,家庭의 和睦을 圖謀하다.,圖謀,,도모,도모,
3급,80,2018-02-24,10,dokeum_W,다음 문장의 밑줄 친 漢字語의 讀音을 쓰시오.,목기는 부식이 심하여 漆器나 금속기처럼 남아 있는 것이 거의 없다.,漆器,,칠기,칠기,
3급,80,2018-02-24,11,dokeum_W,다음 문장의 밑줄 친 漢字語의 讀音을 쓰시오.,우리나라의 躍進상은 개발도상국의 龜鑑이 되고 있다.,躍進,,약진,약진,
3급,80,2018-02-24,12,dokeum_W,다음 문장의 밑줄 친 漢字語의 讀音을 쓰시오.,우리나라의 躍進상은 개발도상국의 龜鑑이 되고 있다.,龜鑑,,귀감,귀감,
3급,80,2018-02-24,13,dokeum_W,다음 문장의 밑줄 친 漢字語의 讀音을 쓰시오.,停車場에서 기차가 汽笛소리와 함께 떠나갔다.,停車場,,정거장,정거장,
3급,80,2018-02-24,14,dokeum_W,다음 문장의 밑줄 친 漢字語의 讀音을 쓰시오.,停車場에서 기차가 汽笛소리와 함께 떠나갔다.,汽笛,,기적,기적,
3급,80,2018-02-24,15,dokeum_W,다음 문장의 밑줄 친 漢字語의 讀音을 쓰시오.,선수들은 경기 規則을 遵守할 것을 宣誓하였다.,規則,,규칙,규칙,
3급,80,2018-02-24,16,dokeum_W,다음 문장의 밑줄 친 漢字語의 讀音을 쓰시오.,선수들은 경기 規則을 遵守할 것을 宣誓하였다.,遵守,,준수,준수,
3급,80,2018-02-24,17,dokeum_W,다음 문장의 밑줄 친 漢字語의 讀音을 쓰시오.,선수들은 경기 規則을 遵守할 것을 宣誓하였다.,宣誓,,선서,선서,
3급,80,2018-02-24,18,dokeum_W,다음 문장의 밑줄 친 漢字語의 讀音을 쓰시오.,전문가들은 주택난 解消를 위해서는 低廉한 賃貸주택 보급이 시급하다고 보고 있다.,解消,,해소,해소,
3급,80,2018-02-24,19,dokeum_W,다음 문장의 밑줄 친 漢字語의 讀音을 쓰시오.,전문가들은 주택난 解消를 위해서는 低廉한 賃貸주택 보급이 시급하다고 보고 있다.,低廉,,저렴,저렴,
3급,80,2018-02-24,20,dokeum_W,다음 문장의 밑줄 친 漢字語의 讀音을 쓰시오.,전문가들은 주택난 解消를 위해서는 低廉한 賃貸주택 보급이 시급하다고 보고 있다.,賃貸,,임대,임대,
3급,80,2018-02-24,21,dokeum_W,다음 漢字語의 讀音을 쓰시오.,謹愼,謹愼,,근신,근신,
3급,80,2018-02-24,22,dokeum_W,다음 漢字語의 讀音을 쓰시오.,肥鈍,肥鈍,,비둔,비둔,
3급,80,2018-02-24,23,dokeum_W,다음 漢字語의 讀音을 쓰시오.,丹楓,丹楓,,단풍,단풍,
3급,80,2018-02-24,24,dokeum_W,다음 漢字語의 讀音을 쓰시오.,總帥,總帥,,총수,총수,
3급,80,2018-02-24,25,dokeum_W,다음 漢字語의 讀音을 쓰시오.,妥協,妥協,,타협,타협,
3급,80,2018-02-24,26,dokeum_W,다음 漢字語의 讀音을 쓰시오.,包含,包含,,포함,포함,
3급,80,2018-02-24,27,dokeum_W,다음 漢字語의 讀音을 쓰시오.,暢達,暢達,,창달,창달,
3급,80,2018-02-24,28,dokeum_W,다음 漢字語의 讀音을 쓰시오.,發芽,發芽,,발아,발아,
3급,80,2018-02-24,29,dokeum_W,다음 漢字語의 讀音을 쓰시오.,碧眼,碧眼,,벽안,벽안,
3급,80,2018-02-24,30,dokeum_W,다음 漢字語의 讀音을 쓰시오.,荒涼,荒涼,,황량,황량,
3급,80,2018-02-24,31,dokeum_W,다음 漢字語의 讀音을 쓰시오.,連繫,連繫,,연계,연계,
3급,80,2018-02-24,32,dokeum_W,다음 漢字語의 讀音을 쓰시오.,姻戚,姻戚,,인척,인척,
3급,80,2018-02-24,33,dokeum_W,다음 漢字語의 讀音을 쓰시오.,符號,符號,,부호,부호,
3급,80,2018-02-24,34,dokeum_W,다음 漢字語의 讀音을 쓰시오.,探索,探索,,탐색,탐색,
3급,80,2018-02-24,35,dokeum_W,다음 漢字語의 讀音을 쓰시오.,造幣,造幣,,조폐,조폐,
3급,80,2018-02-24,36,dokeum_W,다음 漢字語의 讀音을 쓰시오.,華燭,華燭,,화촉,화촉,
3급,80,2018-02-24,37,dokeum_W,다음 漢字語의 讀音을 쓰시오.,眞率,眞率,,진솔,진솔,
3급,80,2018-02-24,38,dokeum_W,다음 漢字語의 讀音을 쓰시오.,洋弓,洋弓,,양궁,양궁,
3급,80,2018-02-24,39,dokeum_W,다음 漢字語의 讀音을 쓰시오.,官祿,官祿,,관록,관록,
3급,80,2018-02-24,40,dokeum_W,다음 漢字語의 讀音을 쓰시오.,忍耐,忍耐,,인내,인내,
3급,80,2018-02-24,41,dokeum_W,다음 漢字語의 讀音을 쓰시오.,聘丈,聘丈,,빙장,빙장,
3급,80,2018-02-24,42,dokeum_W,다음 漢字語의 讀音을 쓰시오.,削除,削除,,삭제,삭제,
3급,80,2018-02-24,43,dokeum_W,다음 漢字語의 讀音을 쓰시오.,昏迷,昏迷,,혼미,혼미,
3급,80,2018-02-24,44,dokeum_W,다음 漢字語의 讀音을 쓰시오.,拙作,拙作,,졸작,졸작,
3급,80,2018-02-24,45,dokeum_W,다음 漢字語의 讀音을 쓰시오.,懸案,懸案,,현안,현안,
3급,80,2018-02-24,46,hanjaeo_W,다음의 밑줄 친 낱말을 漢字(正字)로 쓰시오.,8월이면 휴가를 떠나는 사람들로 고속 도로가 혼잡하다.,휴가,,休暇,休暇,
3급,80,2018-02-24,47,hanjaeo_W,다음의 밑줄 친 낱말을 漢字(正字)로 쓰시오.,8월이면 휴가를 떠나는 사람들로 고속 도로가 혼잡하다.,고속,,高速,高速,
3급,80,2018-02-24,48,hanjaeo_W,다음의 밑줄 친 낱말을 漢字(正字)로 쓰시오.,8월이면 휴가를 떠나는 사람들로 고속 도로가 혼잡하다.,도로,,道路,道路,
3급,80,2018-02-24,49,hanjaeo_W,다음의 밑줄 친 낱말을 漢字(正字)로 쓰시오.,8월이면 휴가를 떠나는 사람들로 고속 도로가 혼잡하다.,혼잡,,混雜,混雜,
3급,80,2018-02-24,50,hanjaeo_W,다음의 밑줄 친 낱말을 漢字(正字)로 쓰시오.,인구가 밀집한 곳은 교통이나 환경 오염에 대한 문제가 생기기 마련이다.,밀집,,密集,密集,
3급,80,2018-02-24,51,hanjaeo_W,다음의 밑줄 친 낱말을 漢字(正字)로 쓰시오.,인구가 밀집한 곳은 교통이나 환경 오염에 대한 문제가 생기기 마련이다.,교통,,交通,交通,
3급,80,2018-02-24,52,hanjaeo_W,다음의 밑줄 친 낱말을 漢字(正字)로 쓰시오.,인구가 밀집한 곳은 교통이나 환경 오염에 대한 문제가 생기기 마련이다.,환경,,環境,環境,
3급,80,2018-02-24,53,hanjaeo_W,다음의 밑줄 친 낱말을 漢字(正字)로 쓰시오.,수려하고 기품 있는 그의 자태에서 시선을 떼지 못했다.,수려,,秀麗,秀麗,
3급,80,2018-02-24,54,hanjaeo_W,다음의 밑줄 친 낱말을 漢字(正字)로 쓰시오.,수려하고 기품 있는 그의 자태에서 시선을 떼지 못했다.,기품,,氣品,氣品,
3급,80,2018-02-24,55,hanjaeo_W,다음의 밑줄 친 낱말을 漢字(正字)로 쓰시오.,수려하고 기품 있는 그의 자태에서 시선을 떼지 못했다.,자태,,姿態,姿態,
3급,80,2018-02-24,56,hanjaeo_W,다음의 밑줄 친 낱말을 漢字(正字)로 쓰시오.,수려하고 기품 있는 그의 자태에서 시선을 떼지 못했다.,시선,,視線,視線,
3급,80,2018-02-24,57,hanjaeo_W,다음의 밑줄 친 낱말을 漢字(正字)로 쓰시오.,보상 문제에 대해 구체적인 대안 없이 원론적인 답변만 되풀이했다.,구체,,具體,具體,
3급,80,2018-02-24,58,hanjaeo_W,다음의 밑줄 친 낱말을 漢字(正字)로 쓰시오.,보상 문제에 대해 구체적인 대안 없이 원론적인 답변만 되풀이했다.,원론,,原論,原論,
3급,80,2018-02-24,59,hanjaeo_W,다음의 밑줄 친 낱말을 漢字(正字)로 쓰시오.,보상 문제에 대해 구체적인 대안 없이 원론적인 답변만 되풀이했다.,답변,,答辯,答辯,
3급,80,2018-02-24,60,hanjaeo_W,다음의 밑줄 친 낱말을 漢字(正字)로 쓰시오.,지상에 비상 착륙하는 항공기는 내부의 연료를 모두 소모한 후에야 비로소 내릴 수 있었다.,비상,,非常,非常,
3급,80,2018-02-24,61,hanjaeo_W,다음의 밑줄 친 낱말을 漢字(正字)로 쓰시오.,지상에 비상 착륙하는 항공기는 내부의 연료를 모두 소모한 후에야 비로소 내릴 수 있었다.,착륙,,着陸,着陸,
3급,80,2018-02-24,62,hanjaeo_W,다음의 밑줄 친 낱말을 漢字(正字)로 쓰시오.,지상에 비상 착륙하는 항공기는 내부의 연료를 모두 소모한 후에야 비로소 내릴 수 있었다.,항공기,,航空機,航空機,
3급,80,2018-02-24,63,hanjaeo_W,다음의 밑줄 친 낱말을 漢字(正字)로 쓰시오.,지상에 비상 착륙하는 항공기는 내부의 연료를 모두 소모한 후에야 비로소 내릴 수 있었다.,연료,,燃料,燃料,
3급,80,2018-02-24,64,hanjaeo_W,다음의 밑줄 친 낱말을 漢字(正字)로 쓰시오.,정부는 농촌에 아동 보육 시설 자금을 융자하기로 결정했다.,정부,,政府,政府,
3급,80,2018-02-24,65,hanjaeo_W,다음의 밑줄 친 낱말을 漢字(正字)로 쓰시오.,정부는 농촌에 아동 보육 시설 자금을 융자하기로 결정했다.,농촌,,農村,農村,
3급,80,2018-02-24,66,hanjaeo_W,다음의 밑줄 친 낱말을 漢字(正字)로 쓰시오.,정부는 농촌에 아동 보육 시설 자금을 융자하기로 결정했다.,아동,,兒童,兒童,
3급,80,2018-02-24,67,hanjaeo_W,다음의 밑줄 친 낱말을 漢字(正字)로 쓰시오.,정부는 농촌에 아동 보육 시설 자금을 융자하기로 결정했다.,보육,,保育,保育,
3급,80,2018-02-24,68,hanjaeo_W,다음의 밑줄 친 낱말을 漢字(正字)로 쓰시오.,정부는 농촌에 아동 보육 시설 자금을 융자하기로 결정했다.,시설,,施設,施設,
3급,80,2018-02-24,69,hanjaeo_W,다음의 밑줄 친 낱말을 漢字(正字)로 쓰시오.,정부는 농촌에 아동 보육 시설 자금을 융자하기로 결정했다.,자금,,資金,資金,
3급,80,2018-02-24,70,hanjaeo_W,다음의 밑줄 친 낱말을 漢字(正字)로 쓰시오.,약속 시간을 어기는 무례한 행동은 절대로 용납을 할 수가 없다.,약속,,約束,約束,
3급,80,2018-02-24,71,hanjaeo_W,다음의 밑줄 친 낱말을 漢字(正字)로 쓰시오.,약속 시간을 어기는 무례한 행동은 절대로 용납을 할 수가 없다.,무례,,無禮,無禮,
3급,80,2018-02-24,72,hanjaeo_W,다음의 밑줄 친 낱말을 漢字(正字)로 쓰시오.,약속 시간을 어기는 무례한 행동은 절대로 용납을 할 수가 없다.,용납,,容納,容納,
3급,80,2018-02-24,73,hanjaeo_W,다음의 밑줄 친 낱말을 漢字(正字)로 쓰시오.,이 추리소설 기법은 파격적인 실험이어서 독자들의 반응을 예측하기가 어렵다.,추리,,推理,推理,
3급,80,2018-02-24,74,hanjaeo_W,다음의 밑줄 친 낱말을 漢字(正字)로 쓰시오.,이 추리소설 기법은 파격적인 실험이어서 독자들의 반응을 예측하기가 어렵다.,파격,,破格,破格,
3급,80,2018-02-24,75,hanjaeo_W,다음의 밑줄 친 낱말을 漢字(正字)로 쓰시오.,이 추리소설 기법은 파격적인 실험이어서 독자들의 반응을 예측하기가 어렵다.,예측,,豫測,豫測,
3급,80,2018-02-24,76,huneum_W,다음 漢字의 訓과 音을 쓰시오.,秩,秩,,차례 질,차례 질,
3급,80,2018-02-24,77,huneum_W,다음 漢字의 訓과 音을 쓰시오.,螢,螢,,반딧불 형,반딧불 형,
3급,80,2018-02-24,78,huneum_W,다음 漢字의 訓과 音을 쓰시오.,燕,燕,,제비 연,제비 연,
3급,80,2018-02-24,79,huneum_W,다음 漢字의 訓과 音을 쓰시오.,鹿,鹿,,사슴 록,사슴 록,
3급,80,2018-02-24,80,huneum_W,다음 漢字의 訓과 音을 쓰시오.,貝,貝,,조개 패,조개 패,
3급,80,2018-02-24,81,huneum_W,다음 漢字의 訓과 音을 쓰시오.,戌,戌,,개 술,개 술,
3급,80,2018-02-24,82,huneum_W,다음 漢字의 訓과 音을 쓰시오.,蜂,蜂,,벌 봉,벌 봉,
3급,80,2018-02-24,83,huneum_W,다음 漢字의 訓과 音을 쓰시오.,豚,豚,,돼지 돈,돼지 돈,
3급,80,2018-02-24,84,huneum_W,다음 漢字의 訓과 音을 쓰시오.,虎,虎,,범 호,범 호,
3급,80,2018-02-24,85,huneum_W,다음 漢字의 訓과 音을 쓰시오.,雁,雁,,기러기 안,기러기 안,
3급,80,2018-02-24,86,huneum_W,다음 漢字의 訓과 音을 쓰시오.,獸,獸,,짐승 수,짐승 수,
3급,80,2018-02-24,87,huneum_W,다음 漢字의 訓과 音을 쓰시오.,訣,訣,,이별할 결,이별할 결,
3급,80,2018-02-24,88,huneum_W,다음 漢字의 訓과 音을 쓰시오.,誕,誕,,낳을/거짓 탄,낳을/거짓 탄,
3급,80,2018-02-24,89,huneum_W,다음 漢字의 訓과 音을 쓰시오.,丑,丑,,소 축,소 축,
3급,80,2018-02-24,90,huneum_W,다음 漢字의 訓과 音을 쓰시오.,壬,壬,,북방 임,북방 임,
3급,80,2018-02-24,91,huneum_W,다음 漢字의 訓과 音을 쓰시오.,症,症,,증세 증,증세 증,
3급,80,2018-02-24,92,huneum_W,다음 漢字의 訓과 音을 쓰시오.,昔,昔,,예 석,예 석,
3급,80,2018-02-24,93,huneum_W,다음 漢字의 訓과 音을 쓰시오.,某,某,,아무 모,아무 모,
3급,80,2018-02-24,94,huneum_W,다음 漢字의 訓과 音을 쓰시오.,例,例,,법식 례,법식 례,
3급,80,2018-02-24,95,huneum_W,다음 漢字의 訓과 音을 쓰시오.,淡,淡,,맑을 담,맑을 담,
3급,80,2018-02-24,96,huneum_W,다음 漢字의 訓과 音을 쓰시오.,傲,傲,,거만할 오,거만할 오,
3급,80,2018-02-24,97,huneum_W,다음 漢字의 訓과 音을 쓰시오.,頗,頗,,자못 파,자못 파,
3급,80,2018-02-24,98,huneum_W,다음 漢字의 訓과 音을 쓰시오.,毁,毁,,헐 훼,헐 훼,
3급,80,2018-02-24,99,huneum_W,다음 漢字의 訓과 音을 쓰시오.,擇,擇,,가릴 택,가릴 택,
3급,80,2018-02-24,100,huneum_W,다음 漢字의 訓과 音을 쓰시오.,障,障,,막을 장,막을 장,
3급,80,2018-02-24,101,huneum_W,다음 漢字의 訓과 音을 쓰시오.,掃,掃,,쓸 소,쓸 소,
3급,80,2018-02-24,102,huneum_W,다음 漢字의 訓과 音을 쓰시오.,奇,奇,,기특할 기,기특할 기,
3급,80,2018-02-24,103,jangeum_S,다음 중 첫 음절이 길게 소리 나는 것을 고르시오.,,,"[""① 飯酒"", ""② 伴奏""]",②,② 伴奏,
3급,80,2018-02-24,104,jangeum_S,다음 중 첫 음절이 길게 소리 나는 것을 고르시오.,,,"[""① 減壽"", ""② 甘受""]",①,① 減壽,
3급,80,2018-02-24,105,jangeum_S,다음 중 첫 음절이 길게 소리 나는 것을 고르시오.,,,"[""① 遺事"", ""② 類似""]",②,② 類似,
3급,80,2018-02-24,106,jangeum_S,다음 중 첫 음절이 길게 소리 나는 것을 고르시오.,,,"[""① 港口"", ""② 恒久""]",①,① 港口,
3급,80,2018-02-24,107,jangeum_S,다음 중 첫 음절이 길게 소리 나는 것을 고르시오.,,,"[""① 重複"", ""② 中伏""]",①,① 重複,
3급,80,2018-02-24,108,yui_W,다음 (        ) 안에 비슷한 뜻을 가진 漢字(正字)를 써넣어 널리 쓰이는 單語를 완성하시오.,緊 - ( ),緊 - ( ),,要,要,
3급,80,2018-02-24,109,yui_W,다음 (        ) 안에 비슷한 뜻을 가진 漢字(正字)를 써넣어 널리 쓰이는 單語를 완성하시오.,茂 - ( ),茂 - ( ),,盛,盛,
3급,80,2018-02-24,110,yui_W,다음 (        ) 안에 비슷한 뜻을 가진 漢字(正字)를 써넣어 널리 쓰이는 單語를 완성하시오.,該 - ( ),該 - ( ),,當,當,
3급,80,2018-02-24,111,yui_W,다음 (        ) 안에 비슷한 뜻을 가진 漢字(正字)를 써넣어 널리 쓰이는 單語를 완성하시오.,( ) - 匹,( ) - 匹,,配,配,
3급,80,2018-02-24,112,yui_W,다음 (        ) 안에 비슷한 뜻을 가진 漢字(正字)를 써넣어 널리 쓰이는 單語를 완성하시오.,憂 - ( ),憂 - ( ),,患,患,
3급,80,2018-02-24,113,banui_W,다음 (       ) 안에 뜻이 反對 또는 相對 되는 漢字(正字)를 써넣어 널리 쓰이는 單語를 만드시오.,( ) - 客,( ) - 客,,主,主,
3급,80,2018-02-24,114,banui_W,다음 (       ) 안에 뜻이 反對 또는 相對 되는 漢字(正字)를 써넣어 널리 쓰이는 單語를 만드시오.,離 - ( ),離 - ( ),,合,合,
3급,80,2018-02-24,115,banui_W,다음 (       ) 안에 뜻이 反對 또는 相對 되는 漢字(正字)를 써넣어 널리 쓰이는 單語를 만드시오.,始 - ( ),始 - ( ),,終,終,
3급,80,2018-02-24,116,banui_W,다음 (       ) 안에 뜻이 反對 또는 相對 되는 漢字(正字)를 써넣어 널리 쓰이는 單語를 만드시오.,勞 - ( ),勞 - ( ),,使,使,
3급,80,2018-02-24,117,banui_W,다음 (       ) 안에 뜻이 反對 또는 相對 되는 漢字(正字)를 써넣어 널리 쓰이는 單語를 만드시오.,開 - ( ),開 - ( ),,閉,閉,
3급,80,2018-02-24,118,banuieo_W,다음 漢字語의 反對語 또는 相對語를 漢字(正字)로 쓰시오.,快樂 ↔ (   ),快樂 ↔ ( ),,苦痛,苦痛,
3급,80,2018-02-24,119,banuieo_W,다음 漢字語의 反對語 또는 相對語를 漢字(正字)로 쓰시오.,平等 ↔ (   ),平等 ↔ ( ),,差別,差別,
3급,80,2018-02-24,120,banuieo_W,다음 漢字語의 反對語 또는 相對語를 漢字(正字)로 쓰시오.,緩慢 ↔ (   ),緩慢 ↔ ( ),,急激,急激,
3급,80,2018-02-24,121,banuieo_W,다음 漢字語의 反對語 또는 相對語를 漢字(正字)로 쓰시오.,送舊 ↔ (   ),送舊 ↔ ( ),,迎新,迎新,
3급,80,2018-02-24,122,banuieo_W,다음 漢字語의 反對語 또는 相對語를 漢字(正字)로 쓰시오.,干涉 ↔ (   ),干涉 ↔ ( ),,放任,放任,
3급,80,2018-02-24,123,dongeumeo_W,다음 漢字語의 同音異義語를 제시된 뜻에 맞는 漢字(正字)로 쓰시오.,(負傷) - 상장 외에 덧붙여 주는 상품.,(負傷),,副賞,副賞,
3급,80,2018-02-24,124,dongeumeo_W,다음 漢字語의 同音異義語를 제시된 뜻에 맞는 漢字(正字)로 쓰시오.,(初志) - 풀이 나 있는 땅.,(初志),,草地,草地,
3급,80,2018-02-24,125,dongeumeo_W,다음 漢字語의 同音異義語를 제시된 뜻에 맞는 漢字(正字)로 쓰시오.,(所藏) - 군대 계급의 하나.,(所藏),,少將,少將,
3급,80,2018-02-24,126,dongeumeo_W,다음 漢字語의 同音異義語를 제시된 뜻에 맞는 漢字(正字)로 쓰시오.,(監査) - 고마움을 나타내는 인사.,(監査),,感謝,感謝,
3급,80,2018-02-24,127,dongeumeo_W,다음 漢字語의 同音異義語를 제시된 뜻에 맞는 漢字(正字)로 쓰시오.,(斷腸) - 단정하게 차림.,(斷腸),,端裝,端裝,
3급,80,2018-02-24,128,seongeo_W,다음 (     ) 안에 알맞은 漢字(正字)를 써 넣어 四字成語를 완성하시오.,乞人憐( ) : 격에 맞지 않는 걱정을 함.,乞人憐( ),,天,天,
3급,80,2018-02-24,129,seongeo_W,다음 (     ) 안에 알맞은 漢字(正字)를 써 넣어 四字成語를 완성하시오.,沙( )樓閣 : 오래 유지되지 못할 일이나 실현 불가능한 일.,沙( )樓閣,,上,上,
3급,80,2018-02-24,130,seongeo_W,다음 (     ) 안에 알맞은 漢字(正字)를 써 넣어 四字成語를 완성하시오.,拔本塞( ) : 폐단의 근본 원인을 아주 없앰.,拔本塞( ),,源,源,
3급,80,2018-02-24,131,seongeo_W,다음 (     ) 안에 알맞은 漢字(正字)를 써 넣어 四字成語를 완성하시오.,唯我( )尊 : 이 세상에 자기 혼자만이 잘났다고 함.,唯我( )尊,,獨,獨,
3급,80,2018-02-24,132,seongeo_W,다음 (     ) 안에 알맞은 漢字(正字)를 써 넣어 四字成語를 완성하시오.,( )風落葉 : 세력 같은 것이 일순간에 실추됨을 비유함.,( )風落葉,,秋,秋,
3급,80,2018-02-24,133,seongeo_W,다음 (     ) 안에 알맞은 漢字(正字)를 써 넣어 四字成語를 완성하시오.,飽食暖( ) : 의식이 넉넉함.,飽食暖( ),,衣,衣,
3급,80,2018-02-24,134,seongeo_W,다음 (     ) 안에 알맞은 漢字(正字)를 써 넣어 四字成語를 완성하시오.,( )兆蒼生 : 수많은 백성.,( )兆蒼生,,億,億,
3급,80,2018-02-24,135,seongeo_W,다음 (     ) 안에 알맞은 漢字(正字)를 써 넣어 四字成語를 완성하시오.,轉禍( )福 : 화가 바뀌어 복이 됨.,轉禍( )福,,爲,爲,
3급,80,2018-02-24,136,seongeo_W,다음 (     ) 안에 알맞은 漢字(正字)를 써 넣어 四字成語를 완성하시오.,( )不釋卷 : 손에서 책을 놓지 않음.,( )不釋卷,,手,手,
3급,80,2018-02-24,137,seongeo_W,다음 (     ) 안에 알맞은 漢字(正字)를 써 넣어 四字成語를 완성하시오.,夫( )婦隨 : 남편이 부르면 아내가 따른다는 뜻.,夫( )婦隨,,唱,唱,
3급,80,2018-02-24,138,busu_W,다음 漢字의 部首를 쓰시오.,券,券,,刀,刀,
3급,80,2018-02-24,139,busu_W,다음 漢字의 部首를 쓰시오.,奮,奮,,大,大,
3급,80,2018-02-24,140,busu_W,다음 漢字의 部首를 쓰시오.,代,代,,人(亻),人(亻),
3급,80,2018-02-24,141,busu_W,다음 漢字의 部首를 쓰시오.,執,執,,土,土,
3급,80,2018-02-24,142,busu_W,다음 漢字의 部首를 쓰시오.,熟,熟,,火(灬),火(灬),
3급,80,2018-02-24,143,yakja_W,다음 漢字의 略字를 쓰시오.,稱,稱,,称,称,
3급,80,2018-02-24,144,yakja_W,다음 漢字의 略字를 쓰시오.,盡,盡,,尽,尽,
3급,80,2018-02-24,145,yakja_W,다음 漢字의 略字를 쓰시오.,聲,聲,,声,声,
3급,80,2018-02-24,146,mean_W,다음 漢字語의 뜻을 쓰시오.,竝記,竝記,,함께 나란히 적음,함께 나란히 적음,
3급,80,2018-02-24,147,mean_W,다음 漢字語의 뜻을 쓰시오.,多寡,多寡,,수량의 많고 적음,수량의 많고 적음,
3급,80,2018-02-24,148,mean_W,다음 漢字語의 뜻을 쓰시오.,斜陽,斜陽,,"기울어지는 태양, 석양","기울어지는 태양, 석양",
3급,80,2018-02-24,149,mean_W,다음 漢字語의 뜻을 쓰시오.,專賣,專賣,,어떤 물건을 독점하여 팖,어떤 물건을 독점하여 팖,
3급,80,2018-02-24,150,mean_W,다음 漢字語의 뜻을 쓰시오.,花粉,花粉,,꽃가루,꽃가루,
3급,81,2018-06-02,1,dokeum_W,다음 밑줄 친 漢字語의 讀音을 쓰시오.,特使를 派遣하다.,特使,,특사,특사,
3급,81,2018-06-02,2,dokeum_W,다음 밑줄 친 漢字語의 讀音을 쓰시오.,特使를 派遣하다.,派遣,,파견,파견,
3급,81,2018-06-02,3,dokeum_W,다음 밑줄 친 漢字語의 讀音을 쓰시오.,포항 地震으로 벽에 龜裂이 생긴 건물이 많다.,地震,,지진,지진,
3급,81,2018-06-02,4,dokeum_W,다음 밑줄 친 漢字語의 讀音을 쓰시오.,포항 地震으로 벽에 龜裂이 생긴 건물이 많다.,龜裂,,균열,균열,
3급,81,2018-06-02,5,dokeum_W,다음 밑줄 친 漢字語의 讀音을 쓰시오.,그 閑寂한 마을은 풍요로워 보였다.,閑寂,,한적,한적,
3급,81,2018-06-02,6,dokeum_W,다음 밑줄 친 漢字語의 讀音을 쓰시오.,價値없는 일에 시간을 浪費하지 마라.,價値,,가치,가치,
3급,81,2018-06-02,7,dokeum_W,다음 밑줄 친 漢字語의 讀音을 쓰시오.,價値없는 일에 시간을 浪費하지 마라.,浪費,,낭비,낭비,
3급,81,2018-06-02,8,dokeum_W,다음 밑줄 친 漢字語의 讀音을 쓰시오.,悲哀나 憐憫보다는 짜증스러운 혐오감이 앞서 공연히 이 일을 시작했다고 後悔하곤 했지요.,悲哀,,비애,비애,
3급,81,2018-06-02,9,dokeum_W,다음 밑줄 친 漢字語의 讀音을 쓰시오.,悲哀나 憐憫보다는 짜증스러운 혐오감이 앞서 공연히 이 일을 시작했다고 後悔하곤 했지요.,憐憫,,연민,연민,
3급,81,2018-06-02,10,dokeum_W,다음 밑줄 친 漢字語의 讀音을 쓰시오.,悲哀나 憐憫보다는 짜증스러운 혐오감이 앞서 공연히 이 일을 시작했다고 後悔하곤 했지요.,後悔,,후회,후회,
3급,81,2018-06-02,11,dokeum_W,다음 밑줄 친 漢字語의 讀音을 쓰시오.,해가 바뀌고 季節은 스스로의 軌道에서 循環을 계속하고 있다.,季節,,계절,계절,
3급,81,2018-06-02,12,dokeum_W,다음 밑줄 친 漢字語의 讀音을 쓰시오.,해가 바뀌고 季節은 스스로의 軌道에서 循環을 계속하고 있다.,軌道,,궤도,궤도,
3급,81,2018-06-02,13,dokeum_W,다음 밑줄 친 漢字語의 讀音을 쓰시오.,해가 바뀌고 季節은 스스로의 軌道에서 循環을 계속하고 있다.,循環,,순환,순환,
3급,81,2018-06-02,14,dokeum_W,다음 밑줄 친 漢字語의 讀音을 쓰시오.,이 일은 내 장중에 있으니 干涉하지 마시오.,干涉,,간섭,간섭,
3급,81,2018-06-02,15,dokeum_W,다음 밑줄 친 漢字語의 讀音을 쓰시오.,가중된 적자와 負債로 임금을 몇 개월 씩 滯拂하는 업체가 늘어났다.,負債,,부채,부채,
3급,81,2018-06-02,16,dokeum_W,다음 밑줄 친 漢字語의 讀音을 쓰시오.,가중된 적자와 負債로 임금을 몇 개월 씩 滯拂하는 업체가 늘어났다.,滯拂,,체불,체불,
3급,81,2018-06-02,17,dokeum_W,다음 밑줄 친 漢字語의 讀音을 쓰시오.,이 병은 환자와 接觸하더라도 傳染이 되지 않는다.,接觸,,접촉,접촉,
3급,81,2018-06-02,18,dokeum_W,다음 밑줄 친 漢字語의 讀音을 쓰시오.,이 병은 환자와 接觸하더라도 傳染이 되지 않는다.,傳染,,전염,전염,
3급,81,2018-06-02,19,dokeum_W,다음 밑줄 친 漢字語의 讀音을 쓰시오.,契約을 일방적으로 어길 경우 금액의 배를 辨償해야 한다.,契約,,계약,계약,
3급,81,2018-06-02,20,dokeum_W,다음 밑줄 친 漢字語의 讀音을 쓰시오.,契約을 일방적으로 어길 경우 금액의 배를 辨償해야 한다.,辨償,,변상,변상,
3급,81,2018-06-02,21,dokeum_W,다음 漢字語의 讀音을 쓰시오.,旣往,旣往,,기왕,기왕,
3급,81,2018-06-02,22,dokeum_W,다음 漢字語의 讀音을 쓰시오.,陳述,陳述,,진술,진술,
3급,81,2018-06-02,23,dokeum_W,다음 漢字語의 讀音을 쓰시오.,免許,免許,,면허,면허,
3급,81,2018-06-02,24,dokeum_W,다음 漢字語의 讀音을 쓰시오.,遙遠,遙遠,,요원,요원,
3급,81,2018-06-02,25,dokeum_W,다음 漢字語의 讀音을 쓰시오.,排斥,排斥,,배척,배척,
3급,81,2018-06-02,26,dokeum_W,다음 漢字語의 讀音을 쓰시오.,苟且,苟且,,구차,구차,
3급,81,2018-06-02,27,dokeum_W,다음 漢字語의 讀音을 쓰시오.,鏡臺,鏡臺,,경대,경대,
3급,81,2018-06-02,28,dokeum_W,다음 漢字語의 讀音을 쓰시오.,象牙,象牙,,상아,상아,
3급,81,2018-06-02,29,dokeum_W,다음 漢字語의 讀音을 쓰시오.,和暢,和暢,,화창,화창,
3급,81,2018-06-02,30,dokeum_W,다음 漢字語의 讀音을 쓰시오.,鎭魂,鎭魂,,진혼,진혼,
3급,81,2018-06-02,31,dokeum_W,다음 漢字語의 讀音을 쓰시오.,悠久,悠久,,유구,유구,
3급,81,2018-06-02,32,dokeum_W,다음 漢字語의 讀音을 쓰시오.,喜捨,喜捨,,희사,희사,
3급,81,2018-06-02,33,dokeum_W,다음 漢字語의 讀音을 쓰시오.,頻繁,頻繁,,빈번,빈번,
3급,81,2018-06-02,34,dokeum_W,다음 漢字語의 讀音을 쓰시오.,濫發,濫發,,남발,남발,
3급,81,2018-06-02,35,dokeum_W,다음 漢字語의 讀音을 쓰시오.,驅逐,驅逐,,구축,구축,
3급,81,2018-06-02,36,dokeum_W,다음 漢字語의 讀音을 쓰시오.,腹筋,腹筋,,복근,복근,
3급,81,2018-06-02,37,dokeum_W,다음 漢字語의 讀音을 쓰시오.,督勵,督勵,,독려,독려,
3급,81,2018-06-02,38,dokeum_W,다음 漢字語의 讀音을 쓰시오.,滿朔,滿朔,,만삭,만삭,
3급,81,2018-06-02,39,dokeum_W,다음 漢字語의 讀音을 쓰시오.,提供,提供,,제공,제공,
3급,81,2018-06-02,40,dokeum_W,다음 漢字語의 讀音을 쓰시오.,感泣,感泣,,감읍,감읍,
3급,81,2018-06-02,41,dokeum_W,다음 漢字語의 讀音을 쓰시오.,衝突,衝突,,충돌,충돌,
3급,81,2018-06-02,42,dokeum_W,다음 漢字語의 讀音을 쓰시오.,振幅,振幅,,진폭,진폭,
3급,81,2018-06-02,43,dokeum_W,다음 漢字語의 讀音을 쓰시오.,伯兄,伯兄,,백형,백형,
3급,81,2018-06-02,44,dokeum_W,다음 漢字語의 讀音을 쓰시오.,便宜,便宜,,편의,편의,
3급,81,2018-06-02,45,dokeum_W,다음 漢字語의 讀音을 쓰시오.,巷談,巷談,,항담,항담,
3급,81,2018-06-02,46,huneum_W,다음 漢字의 訓・音을 쓰시오.,尤,尤,,더욱 우,더욱 우,
3급,81,2018-06-02,47,huneum_W,다음 漢字의 訓・音을 쓰시오.,墻,墻,,담 장,담 장,
3급,81,2018-06-02,48,huneum_W,다음 漢字의 訓・音을 쓰시오.,浩,浩,,넓을 호,넓을 호,
3급,81,2018-06-02,49,huneum_W,다음 漢字의 訓・音을 쓰시오.,菜,菜,,나물 채,나물 채,
3급,81,2018-06-02,50,huneum_W,다음 漢字의 訓・音을 쓰시오.,郭,郭,,둘레/외성 곽,둘레/외성 곽,
3급,81,2018-06-02,51,huneum_W,다음 漢字의 訓・音을 쓰시오.,諒,諒,,살펴알/믿을 량,살펴알/믿을 량,
3급,81,2018-06-02,52,huneum_W,다음 漢字의 訓・音을 쓰시오.,邦,邦,,나라 방,나라 방,
3급,81,2018-06-02,53,huneum_W,다음 漢字의 訓・音을 쓰시오.,越,越,,넘을 월,넘을 월,
3급,81,2018-06-02,54,huneum_W,다음 漢字의 訓・音을 쓰시오.,逝,逝,,갈 서,갈 서,
3급,81,2018-06-02,55,huneum_W,다음 漢字의 訓・音을 쓰시오.,泊,泊,,머무를/배댈 박,머무를/배댈 박,
3급,81,2018-06-02,56,huneum_W,다음 漢字의 訓・音을 쓰시오.,遵,遵,,좇을 준,좇을 준,
3급,81,2018-06-02,57,huneum_W,다음 漢字의 訓・音을 쓰시오.,胸,胸,,가슴 흉,가슴 흉,
3급,81,2018-06-02,58,huneum_W,다음 漢字의 訓・音을 쓰시오.,肺,肺,,허파 폐,허파 폐,
3급,81,2018-06-02,59,huneum_W,다음 漢字의 訓・音을 쓰시오.,濯,濯,,씻을 탁,씻을 탁,
3급,81,2018-06-02,60,huneum_W,다음 漢字의 訓・音을 쓰시오.,薦,薦,,천거할 천,천거할 천,
3급,81,2018-06-02,61,huneum_W,다음 漢字의 訓・音을 쓰시오.,腰,腰,,허리 요,허리 요,
3급,81,2018-06-02,62,huneum_W,다음 漢字의 訓・音을 쓰시오.,隣,隣,,이웃 린,이웃 린,
3급,81,2018-06-02,63,huneum_W,다음 漢字의 訓・音을 쓰시오.,泥,泥,,진흙 니,진흙 니,
3급,81,2018-06-02,64,huneum_W,다음 漢字의 訓・音을 쓰시오.,鈍,鈍,,둔할 둔,둔할 둔,
3급,81,2018-06-02,65,huneum_W,다음 漢字의 訓・音을 쓰시오.,析,析,,쪼갤 석,쪼갤 석,
3급,81,2018-06-02,66,huneum_W,다음 漢字의 訓・音을 쓰시오.,謁,謁,,뵐 알,뵐 알,
3급,81,2018-06-02,67,huneum_W,다음 漢字의 訓・音을 쓰시오.,跡,跡,,발자취 적,발자취 적,
3급,81,2018-06-02,68,huneum_W,다음 漢字의 訓・音을 쓰시오.,聰,聰,,귀밝을 총,귀밝을 총,
3급,81,2018-06-02,69,huneum_W,다음 漢字의 訓・音을 쓰시오.,湖,湖,,호수 호,호수 호,
3급,81,2018-06-02,70,huneum_W,다음 漢字의 訓・音을 쓰시오.,煙,煙,,연기 연,연기 연,
3급,81,2018-06-02,71,huneum_W,다음 漢字의 訓・音을 쓰시오.,未,未,,아닐 미,아닐 미,
3급,81,2018-06-02,72,huneum_W,다음 漢字의 訓・音을 쓰시오.,劇,劇,,심할 극,심할 극,
3급,81,2018-06-02,73,hanjaeo_W,다음 밑줄 친 漢字語를 漢字[正字]로 쓰시오.,아무런 설명이 없어도 젊은 그의 고뇌와 절망이 어디에 근거하고 있는가를 넉넉히 짐작할 수 있게 해 주는 일이었다.,설명,,說明,說明,
3급,81,2018-06-02,74,hanjaeo_W,다음 밑줄 친 漢字語를 漢字[正字]로 쓰시오.,아무런 설명이 없어도 젊은 그의 고뇌와 절망이 어디에 근거하고 있는가를 넉넉히 짐작할 수 있게 해 주는 일이었다.,절망,,絶望,絶望,
3급,81,2018-06-02,75,hanjaeo_W,다음 밑줄 친 漢字語를 漢字[正字]로 쓰시오.,아무런 설명이 없어도 젊은 그의 고뇌와 절망이 어디에 근거하고 있는가를 넉넉히 짐작할 수 있게 해 주는 일이었다.,근거,,根據,根據,
3급,81,2018-06-02,76,hanjaeo_W,다음 밑줄 친 漢字語를 漢字[正字]로 쓰시오.,햇과일과 곡식으로 제물을 정성스럽게 준비했다.,곡식,,穀食,穀食,
3급,81,2018-06-02,77,hanjaeo_W,다음 밑줄 친 漢字語를 漢字[正字]로 쓰시오.,햇과일과 곡식으로 제물을 정성스럽게 준비했다.,제물,,祭物,祭物,
3급,81,2018-06-02,78,hanjaeo_W,다음 밑줄 친 漢字語를 漢字[正字]로 쓰시오.,햇과일과 곡식으로 제물을 정성스럽게 준비했다.,정성,,精誠,精誠,
3급,81,2018-06-02,79,hanjaeo_W,다음 밑줄 친 漢字語를 漢字[正字]로 쓰시오.,햇과일과 곡식으로 제물을 정성스럽게 준비했다.,준비,,準備,準備,
3급,81,2018-06-02,80,hanjaeo_W,다음 밑줄 친 漢字語를 漢字[正字]로 쓰시오.,이 작품에 대하여 평론계에서는 상반된 견해가 있다.,평론,,評論,評論,
3급,81,2018-06-02,81,hanjaeo_W,다음 밑줄 친 漢字語를 漢字[正字]로 쓰시오.,이 작품에 대하여 평론계에서는 상반된 견해가 있다.,견해,,見解,見解,
3급,81,2018-06-02,82,hanjaeo_W,다음 밑줄 친 漢字語를 漢字[正字]로 쓰시오.,교사로서의 포부를 가지고 부임했으나 막상 현실은 녹록치 않았다.,교사,,敎師,敎師,
3급,81,2018-06-02,83,hanjaeo_W,다음 밑줄 친 漢字語를 漢字[正字]로 쓰시오.,교사로서의 포부를 가지고 부임했으나 막상 현실은 녹록치 않았다.,현실,,現實,現實,
3급,81,2018-06-02,84,hanjaeo_W,다음 밑줄 친 漢字語를 漢字[正字]로 쓰시오.,실내 장식가의 꼼꼼한 손을 거쳤는지 큼지막한 가구에서부터 여기저기 배려나 모양의 됨됨이나 위치의 선택이 썩 어울려서 거의 고전적인 권위를 과시하고 있었다.,가구,,家具,家具,
3급,81,2018-06-02,85,hanjaeo_W,다음 밑줄 친 漢字語를 漢字[正字]로 쓰시오.,실내 장식가의 꼼꼼한 손을 거쳤는지 큼지막한 가구에서부터 여기저기 배려나 모양의 됨됨이나 위치의 선택이 썩 어울려서 거의 고전적인 권위를 과시하고 있었다.,배려,,配慮,配慮,
3급,81,2018-06-02,86,hanjaeo_W,다음 밑줄 친 漢字語를 漢字[正字]로 쓰시오.,실내 장식가의 꼼꼼한 손을 거쳤는지 큼지막한 가구에서부터 여기저기 배려나 모양의 됨됨이나 위치의 선택이 썩 어울려서 거의 고전적인 권위를 과시하고 있었다.,위치,,位置,位置,
3급,81,2018-06-02,87,hanjaeo_W,다음 밑줄 친 漢字語를 漢字[正字]로 쓰시오.,실내 장식가의 꼼꼼한 손을 거쳤는지 큼지막한 가구에서부터 여기저기 배려나 모양의 됨됨이나 위치의 선택이 썩 어울려서 거의 고전적인 권위를 과시하고 있었다.,선택,,選擇,選擇,
3급,81,2018-06-02,88,hanjaeo_W,다음 밑줄 친 漢字語를 漢字[正字]로 쓰시오.,실내 장식가의 꼼꼼한 손을 거쳤는지 큼지막한 가구에서부터 여기저기 배려나 모양의 됨됨이나 위치의 선택이 썩 어울려서 거의 고전적인 권위를 과시하고 있었다.,고전,,古典,古典,
3급,81,2018-06-02,89,hanjaeo_W,다음 밑줄 친 漢字語를 漢字[正字]로 쓰시오.,실내 장식가의 꼼꼼한 손을 거쳤는지 큼지막한 가구에서부터 여기저기 배려나 모양의 됨됨이나 위치의 선택이 썩 어울려서 거의 고전적인 권위를 과시하고 있었다.,권위,,權威,權威,
3급,81,2018-06-02,90,hanjaeo_W,다음 밑줄 친 漢字語를 漢字[正字]로 쓰시오.,해외 여행을 갈 때에는 지켜야할 의무 사항이 많다.,해외,,海外,海外,
3급,81,2018-06-02,91,hanjaeo_W,다음 밑줄 친 漢字語를 漢字[正字]로 쓰시오.,해외 여행을 갈 때에는 지켜야할 의무 사항이 많다.,여행,,旅行,旅行,
3급,81,2018-06-02,92,hanjaeo_W,다음 밑줄 친 漢字語를 漢字[正字]로 쓰시오.,신문에 소개된 그의 이력은 매우 화려했다.,신문,,新聞,新聞,
3급,81,2018-06-02,93,hanjaeo_W,다음 밑줄 친 漢字語를 漢字[正字]로 쓰시오.,신문에 소개된 그의 이력은 매우 화려했다.,화려,,華麗,華麗,
3급,81,2018-06-02,94,hanjaeo_W,다음 밑줄 친 漢字語를 漢字[正字]로 쓰시오.,나는 요즘 자동차 경주에 묘미를 느끼고 있다.,경주,,競走,競走,
3급,81,2018-06-02,95,hanjaeo_W,다음 밑줄 친 漢字語를 漢字[正字]로 쓰시오.,나는 요즘 자동차 경주에 묘미를 느끼고 있다.,묘미,,妙味,妙味,
3급,81,2018-06-02,96,hanjaeo_W,다음 밑줄 친 漢字語를 漢字[正字]로 쓰시오.,김 대리는 오늘 야근과 숙직 당번이라 회사로 들어가야 했다.,야근,,夜勤,夜勤,
3급,81,2018-06-02,97,hanjaeo_W,다음 밑줄 친 漢字語를 漢字[正字]로 쓰시오.,김 대리는 오늘 야근과 숙직 당번이라 회사로 들어가야 했다.,숙직,,宿直,宿直,
3급,81,2018-06-02,98,hanjaeo_W,다음 밑줄 친 漢字語를 漢字[正字]로 쓰시오.,김 대리는 오늘 야근과 숙직 당번이라 회사로 들어가야 했다.,당번,,當番,當番,
3급,81,2018-06-02,99,hanjaeo_W,다음 밑줄 친 漢字語를 漢字[正字]로 쓰시오.,그는 승산 없는 전쟁은 중지해야 한다는 자신의 뜻을 공공연히 내세웠다.,승산,,勝算,勝算,
3급,81,2018-06-02,100,hanjaeo_W,다음 밑줄 친 漢字語를 漢字[正字]로 쓰시오.,그는 승산 없는 전쟁은 중지해야 한다는 자신의 뜻을 공공연히 내세웠다.,전쟁,,戰爭,戰爭,
3급,81,2018-06-02,101,hanjaeo_W,다음 밑줄 친 漢字語를 漢字[正字]로 쓰시오.,그는 승산 없는 전쟁은 중지해야 한다는 자신의 뜻을 공공연히 내세웠다.,중지,,中止,中止,
3급,81,2018-06-02,102,hanjaeo_W,다음 밑줄 친 漢字語를 漢字[正字]로 쓰시오.,그는 승산 없는 전쟁은 중지해야 한다는 자신의 뜻을 공공연히 내세웠다.,공공연,,公公然,公公然,
3급,81,2018-06-02,103,jangeum_S,다음 漢字語 중 첫음절이 長音으로 발음되는 것의 번호를 쓰시오.,,,"[""① 詩人"", ""② 是認""]",②,② 是認,
3급,81,2018-06-02,104,jangeum_S,다음 漢字語 중 첫음절이 長音으로 발음되는 것의 번호를 쓰시오.,,,"[""① 電源"", ""② 田園""]",①,① 電源,
3급,81,2018-06-02,105,jangeum_S,다음 漢字語 중 첫음절이 長音으로 발음되는 것의 번호를 쓰시오.,,,"[""① 好機"", ""② 豪氣""]",①,① 好機,
3급,81,2018-06-02,106,jangeum_S,다음 漢字語 중 첫음절이 長音으로 발음되는 것의 번호를 쓰시오.,,,"[""① 乾燥"", ""② 建造""]",②,② 建造,
3급,81,2018-06-02,107,jangeum_S,다음 漢字語 중 첫음절이 長音으로 발음되는 것의 번호를 쓰시오.,,,"[""① 變更"", ""② 邊境""]",①,① 變更,
3급,81,2018-06-02,108,banui_W,다음 漢字와 뜻이 對立되는 漢字를 써 넣어 漢字語를 완성하시오.,(   ) ↔ 裏,( ) ↔ 裏,,表,表,
3급,81,2018-06-02,109,banui_W,다음 漢字와 뜻이 對立되는 漢字를 써 넣어 漢字語를 완성하시오.,班 ↔ ( ),班 ↔ ( ),,常,常,
3급,81,2018-06-02,110,banui_W,다음 漢字와 뜻이 對立되는 漢字를 써 넣어 漢字語를 완성하시오.,斷 ↔ ( ),斷 ↔ ( ),,續,續,
3급,81,2018-06-02,111,banui_W,다음 漢字와 뜻이 對立되는 漢字를 써 넣어 漢字語를 완성하시오.,攻 ↔ ( ),攻 ↔ ( ),,防,防,
3급,81,2018-06-02,112,banui_W,다음 漢字와 뜻이 對立되는 漢字를 써 넣어 漢字語를 완성하시오.,(   ) ↔ 衰,( ) ↔ 衰,,盛,盛,
3급,81,2018-06-02,113,banuieo_W,다음 漢字語의 反意語를 漢字(正字)로 쓰시오.,興奮 ↔ (      ),興奮 ↔ ( ),,安靜,安靜,
3급,81,2018-06-02,114,banuieo_W,다음 漢字語의 反意語를 漢字(正字)로 쓰시오.,稚拙 ↔ (      ),稚拙 ↔ ( ),,洗練,洗練,
3급,81,2018-06-02,115,banuieo_W,다음 漢字語의 反意語를 漢字(正字)로 쓰시오.,僅少 ↔ (      ),僅少 ↔ ( ),,過多,過多,
3급,81,2018-06-02,116,banuieo_W,다음 漢字語의 反意語를 漢字(正字)로 쓰시오.,加入 ↔ (      ),加入 ↔ ( ),,脫退,脫退,
3급,81,2018-06-02,117,banuieo_W,다음 漢字語의 反意語를 漢字(正字)로 쓰시오.,輕薄 ↔ (      ),輕薄 ↔ ( ),,重厚,重厚,
3급,81,2018-06-02,118,yui_W,다음 (       )안에 비슷한 뜻을 가진 漢字(正字)를 써넣어 널리 쓰이는 單語를 완성하시오.,(   ) - 貌,( ) - 貌,,容,容,
3급,81,2018-06-02,119,yui_W,다음 (       )안에 비슷한 뜻을 가진 漢字(正字)를 써넣어 널리 쓰이는 單語를 완성하시오.,( ) - 還,( ) - 還,,歸,歸,
3급,81,2018-06-02,120,yui_W,다음 (       )안에 비슷한 뜻을 가진 漢字(正字)를 써넣어 널리 쓰이는 單語를 완성하시오.,(   ) - 慧,( ) - 慧,,智,智,
3급,81,2018-06-02,121,yui_W,다음 (       )안에 비슷한 뜻을 가진 漢字(正字)를 써넣어 널리 쓰이는 單語를 완성하시오.,(   ) - 殃,( ) - 殃,,災,災,
3급,81,2018-06-02,122,yui_W,다음 (       )안에 비슷한 뜻을 가진 漢字(正字)를 써넣어 널리 쓰이는 單語를 완성하시오.,審 - (   ),審 - ( ),,査,査,
3급,81,2018-06-02,123,seongeo_W,다음 (       ) 안에 알맞은 漢字(正字)를 넣어 뜻에 맞는 四字成語를 완성하시오.,(   )鹿爲馬 : 윗사람을 농락하여 권세를 마음대로 휘두름.,( )鹿爲馬,,指,指,
3급,81,2018-06-02,124,seongeo_W,다음 (       ) 안에 알맞은 漢字(正字)를 넣어 뜻에 맞는 四字成語를 완성하시오.,堂狗( )月 : 서당개 삼년이면 풍월을 읊는다.,堂狗( )月,,風,風,
3급,81,2018-06-02,125,seongeo_W,다음 (       ) 안에 알맞은 漢字(正字)를 넣어 뜻에 맞는 四字成語를 완성하시오.,千辛萬(    ) : 온갖 어려움 또는 그것을 겪음.,千辛萬( ),,苦,苦,
3급,81,2018-06-02,126,seongeo_W,다음 (       ) 안에 알맞은 漢字(正字)를 넣어 뜻에 맞는 四字成語를 완성하시오.,虛(    )聲勢 : 실속 없이 허세만 부림.,虛( )聲勢,,張,張,
3급,81,2018-06-02,127,seongeo_W,다음 (       ) 안에 알맞은 漢字(正字)를 넣어 뜻에 맞는 四字成語를 완성하시오.,泰山北(    ) : 세상 사람들로부터 가장 존경받는 사람들을 일컫는 말.,泰山北( ),,斗,斗,
3급,81,2018-06-02,128,seongeo_W,다음 (       ) 안에 알맞은 漢字(正字)를 넣어 뜻에 맞는 四字成語를 완성하시오.,(    )顔大笑 : 즐거운 표정으로 한바탕 웃음.,( )顔大笑,,破,破,
3급,81,2018-06-02,129,seongeo_W,다음 (       ) 안에 알맞은 漢字(正字)를 넣어 뜻에 맞는 四字成語를 완성하시오.,切(    )腐心 : 몹시 분하여 이를 갈면서 속을 썩임.,切( )腐心,,齒,齒,
3급,81,2018-06-02,130,seongeo_W,다음 (       ) 안에 알맞은 漢字(正字)를 넣어 뜻에 맞는 四字成語를 완성하시오.,天生( )分 : 하늘에서 미리 정해준 연분.,天生( )分,,緣,緣,
3급,81,2018-06-02,131,seongeo_W,다음 (       ) 안에 알맞은 漢字(正字)를 넣어 뜻에 맞는 四字成語를 완성하시오.,金枝玉(    ) : 귀여운 자손.,金枝玉( ),,葉,葉,
3급,81,2018-06-02,132,seongeo_W,다음 (       ) 안에 알맞은 漢字(正字)를 넣어 뜻에 맞는 四字成語를 완성하시오.,藥(    )甘草 : 무슨 일이나 빠짐없이 낌.,藥( )甘草,,房,房,
3급,81,2018-06-02,133,busu_W,다음 漢字의 部首를 쓰시오.,命,命,,口,口,
3급,81,2018-06-02,134,busu_W,다음 漢字의 部首를 쓰시오.,世,世,,一,一,
3급,81,2018-06-02,135,busu_W,다음 漢字의 部首를 쓰시오.,照,照,,火,火,
3급,81,2018-06-02,136,busu_W,다음 漢字의 部首를 쓰시오.,衡,衡,,行,行,
3급,81,2018-06-02,137,busu_W,다음 漢字의 部首를 쓰시오.,九,九,,乙,乙,
3급,81,2018-06-02,138,dongeumeo_W,다음 漢字語의 同音異義語를 제시된 뜻에 맞추어 漢字(正字)로 쓰시오.,(鄕愁) - 향을 풍기는 액체화장품의 하나.,(鄕愁),,香水,香水,
3급,81,2018-06-02,139,dongeumeo_W,다음 漢字語의 同音異義語를 제시된 뜻에 맞추어 漢字(正字)로 쓰시오.,(投射) - 싸우거나 싸우려고 나선 사람.,(投射),,鬪士,鬪士,
3급,81,2018-06-02,140,dongeumeo_W,다음 漢字語의 同音異義語를 제시된 뜻에 맞추어 漢字(正字)로 쓰시오.,(住持) - 여러 사람이 두루 앎.,(住持),,周知,周知,
3급,81,2018-06-02,141,dongeumeo_W,다음 漢字語의 同音異義語를 제시된 뜻에 맞추어 漢字(正字)로 쓰시오.,(栽培) - 두 번 절함.,(栽培),,再拜,再拜,
3급,81,2018-06-02,142,dongeumeo_W,다음 漢字語의 同音異義語를 제시된 뜻에 맞추어 漢字(正字)로 쓰시오.,(祕話) - 어떤 일의 영향이 다른 곳까지 번짐.,(祕話),,飛火,飛火,
3급,81,2018-06-02,143,yakja_W,다음 漢字의 略字를 쓰시오.,參,參,,参,参,
3급,81,2018-06-02,144,yakja_W,다음 漢字의 略字를 쓰시오.,與,與,,与,与,
3급,81,2018-06-02,145,yakja_W,다음 漢字의 略字를 쓰시오.,廣,廣,,広,広,
3급,81,2018-06-02,146,mean_W,다음 漢字語의 뜻을 쓰시오.,巨星,巨星,,큰 별. 뛰어난 인물을 비유적으로 이르는 말.,큰 별. 뛰어난 인물을 비유적으로 이르는 말.,
3급,81,2018-06-02,147,mean_W,다음 漢字語의 뜻을 쓰시오.,瞬間,瞬間,,아주 짧은 동안.,아주 짧은 동안.,
3급,81,2018-06-02,148,mean_W,다음 漢字語의 뜻을 쓰시오.,類似,類似,,서로 비슷함.,서로 비슷함.,
3급,81,2018-06-02,149,mean_W,다음 漢字語의 뜻을 쓰시오.,子婦,子婦,,며느리.,며느리.,
3급,81,2018-06-02,150,mean_W,다음 漢字語의 뜻을 쓰시오.,罷場,罷場,,"백일장, 시장 따위가 끝남.","백일장, 시장 따위가 끝남.",
3급,82,2018-08-25,1,dokeum_W,다음 밑줄 친 漢字語의 讀音을 쓰시오.,"정부는 早晩間 비닐 생산 업체들이 일정량의 廢品을 還收, 재생산하는 의무까지 賦課할 예정이라고 밝혔다.",早晩間,,조만간,조만간,
3급,82,2018-08-25,2,dokeum_W,다음 밑줄 친 漢字語의 讀音을 쓰시오.,"정부는 早晩間 비닐 생산 업체들이 일정량의 廢品을 還收, 재생산하는 의무까지 賦課할 예정이라고 밝혔다.",廢品,,폐품,폐품,
3급,82,2018-08-25,3,dokeum_W,다음 밑줄 친 漢字語의 讀音을 쓰시오.,"정부는 早晩間 비닐 생산 업체들이 일정량의 廢品을 還收, 재생산하는 의무까지 賦課할 예정이라고 밝혔다.",還收,,환수,환수,
3급,82,2018-08-25,4,dokeum_W,다음 밑줄 친 漢字語의 讀音을 쓰시오.,"정부는 早晩間 비닐 생산 업체들이 일정량의 廢品을 還收, 재생산하는 의무까지 賦課할 예정이라고 밝혔다.",賦課,,부과,부과,
3급,82,2018-08-25,5,dokeum_W,다음 밑줄 친 漢字語의 讀音을 쓰시오.,警察이 詐欺 嫌疑로 수배했던 그는 목격자의 證言에 의해 무혐의로 판명되었다.,警察,,경찰,경찰,
3급,82,2018-08-25,6,dokeum_W,다음 밑줄 친 漢字語의 讀音을 쓰시오.,警察이 詐欺 嫌疑로 수배했던 그는 목격자의 證言에 의해 무혐의로 판명되었다.,詐欺,,사기,사기,
3급,82,2018-08-25,7,dokeum_W,다음 밑줄 친 漢字語의 讀音을 쓰시오.,警察이 詐欺 嫌疑로 수배했던 그는 목격자의 證言에 의해 무혐의로 판명되었다.,嫌疑,,혐의,혐의,
3급,82,2018-08-25,8,dokeum_W,다음 밑줄 친 漢字語의 讀音을 쓰시오.,警察이 詐欺 嫌疑로 수배했던 그는 목격자의 證言에 의해 무혐의로 판명되었다.,證言,,증언,증언,
3급,82,2018-08-25,9,dokeum_W,다음 밑줄 친 漢字語의 讀音을 쓰시오.,審判의 偏頗 판정에 대해 선수들의 激憤을 우려한 監督이 제지에 나섰다.,審判,,심판,심판,
3급,82,2018-08-25,10,dokeum_W,다음 밑줄 친 漢字語의 讀音을 쓰시오.,審判의 偏頗 판정에 대해 선수들의 激憤을 우려한 監督이 제지에 나섰다.,偏頗,,편파,편파,
3급,82,2018-08-25,11,dokeum_W,다음 밑줄 친 漢字語의 讀音을 쓰시오.,審判의 偏頗 판정에 대해 선수들의 激憤을 우려한 監督이 제지에 나섰다.,激憤,,격분,격분,
3급,82,2018-08-25,12,dokeum_W,다음 밑줄 친 漢字語의 讀音을 쓰시오.,審判의 偏頗 판정에 대해 선수들의 激憤을 우려한 監督이 제지에 나섰다.,監督,,감독,감독,
3급,82,2018-08-25,13,dokeum_W,다음 밑줄 친 漢字語의 讀音을 쓰시오.,지방에 派遣 勤務하는 동안에는 직장에서 가까운 곳에 전세 아파트를 얻을 계획입니다.,派遣,,파견,파견,
3급,82,2018-08-25,14,dokeum_W,다음 밑줄 친 漢字語의 讀音을 쓰시오.,지방에 派遣 勤務하는 동안에는 직장에서 가까운 곳에 전세 아파트를 얻을 계획입니다.,勤務,,근무,근무,
3급,82,2018-08-25,15,dokeum_W,다음 밑줄 친 漢字語의 讀音을 쓰시오.,兼職의 弊端은 주요 업무가 몇 명에게만 집중되어 새로운 인재를 발굴할 수 없다는 데 있다.,兼職,,겸직,겸직,
3급,82,2018-08-25,16,dokeum_W,다음 밑줄 친 漢字語의 讀音을 쓰시오.,兼職의 弊端은 주요 업무가 몇 명에게만 집중되어 새로운 인재를 발굴할 수 없다는 데 있다.,弊端,,폐단,폐단,
3급,82,2018-08-25,17,dokeum_W,다음 밑줄 친 漢字語의 讀音을 쓰시오.,천천히 여덟 바퀴 層階를 돌자 玄關 입구가 나왔다.,層階,,층계,층계,
3급,82,2018-08-25,18,dokeum_W,다음 밑줄 친 漢字語의 讀音을 쓰시오.,천천히 여덟 바퀴 層階를 돌자 玄關 입구가 나왔다.,玄關,,현관,현관,
3급,82,2018-08-25,19,dokeum_W,다음 밑줄 친 漢字語의 讀音을 쓰시오.,但只 신분이 낮다는 이유만으로 奴婢들은 사람들로부터 無視와 薄待를 받아야 했다.,但只,,단지,단지,
3급,82,2018-08-25,20,dokeum_W,다음 밑줄 친 漢字語의 讀音을 쓰시오.,但只 신분이 낮다는 이유만으로 奴婢들은 사람들로부터 無視와 薄待를 받아야 했다.,奴婢,,노비,노비,
3급,82,2018-08-25,21,dokeum_W,다음 밑줄 친 漢字語의 讀音을 쓰시오.,但只 신분이 낮다는 이유만으로 奴婢들은 사람들로부터 無視와 薄待를 받아야 했다.,無視,,무시,무시,
3급,82,2018-08-25,22,dokeum_W,다음 밑줄 친 漢字語의 讀音을 쓰시오.,但只 신분이 낮다는 이유만으로 奴婢들은 사람들로부터 無視와 薄待를 받아야 했다.,薄待,,박대,박대,
3급,82,2018-08-25,23,dokeum_W,다음 밑줄 친 漢字語의 讀音을 쓰시오.,그는 영업장 閉鎖 조치를 받아 免許를 返納했다.,閉鎖,,폐쇄,폐쇄,
3급,82,2018-08-25,24,dokeum_W,다음 밑줄 친 漢字語의 讀音을 쓰시오.,그는 영업장 閉鎖 조치를 받아 免許를 返納했다.,免許,,면허,면허,
3급,82,2018-08-25,25,dokeum_W,다음 밑줄 친 漢字語의 讀音을 쓰시오.,그는 영업장 閉鎖 조치를 받아 免許를 返納했다.,返納,,반납,반납,
3급,82,2018-08-25,26,dokeum_W,다음 밑줄 친 漢字語의 讀音을 쓰시오.,巖盤이 발파되는 과정에서 공사 현장 周邊의 주택에 금이 가는 등의 被害가 발생했다.,巖盤,,암반,암반,
3급,82,2018-08-25,27,dokeum_W,다음 밑줄 친 漢字語의 讀音을 쓰시오.,巖盤이 발파되는 과정에서 공사 현장 周邊의 주택에 금이 가는 등의 被害가 발생했다.,周邊,,주변,주변,
3급,82,2018-08-25,28,dokeum_W,다음 밑줄 친 漢字語의 讀音을 쓰시오.,巖盤이 발파되는 과정에서 공사 현장 周邊의 주택에 금이 가는 등의 被害가 발생했다.,被害,,피해,피해,
3급,82,2018-08-25,29,dokeum_W,다음 밑줄 친 漢字語의 讀音을 쓰시오.,"전 세계적으로 태풍이나 熱波, 홍수, 한발이 頻繁한데 그게 모두 온실 효과의 徵候인 것이다.",熱波,,열파,열파,
3급,82,2018-08-25,30,dokeum_W,다음 밑줄 친 漢字語의 讀音을 쓰시오.,"전 세계적으로 태풍이나 熱波, 홍수, 한발이 頻繁한데 그게 모두 온실 효과의 徵候인 것이다.",頻繁,,빈번,빈번,
3급,82,2018-08-25,31,dokeum_W,다음 밑줄 친 漢字語의 讀音을 쓰시오.,"전 세계적으로 태풍이나 熱波, 홍수, 한발이 頻繁한데 그게 모두 온실 효과의 徵候인 것이다.",徵候,,징후,징후,
3급,82,2018-08-25,32,dokeum_W,다음 밑줄 친 漢字語의 讀音을 쓰시오.,이 길은 緩慢한 傾斜를 이루며 바닷가 海岸으로 이어져 있다.,緩慢,,완만,완만,
3급,82,2018-08-25,33,dokeum_W,다음 밑줄 친 漢字語의 讀音을 쓰시오.,이 길은 緩慢한 傾斜를 이루며 바닷가 海岸으로 이어져 있다.,傾斜,,경사,경사,
3급,82,2018-08-25,34,dokeum_W,다음 밑줄 친 漢字語의 讀音을 쓰시오.,이 길은 緩慢한 傾斜를 이루며 바닷가 海岸으로 이어져 있다.,海岸,,해안,해안,
3급,82,2018-08-25,35,dokeum_W,다음 밑줄 친 漢字語의 讀音을 쓰시오.,그 사람은 왕실과 姻戚간이라서 쉽게 爵位를 받았다고 한다.,姻戚,,인척,인척,
3급,82,2018-08-25,36,dokeum_W,다음 밑줄 친 漢字語의 讀音을 쓰시오.,그 사람은 왕실과 姻戚간이라서 쉽게 爵位를 받았다고 한다.,爵位,,작위,작위,
3급,82,2018-08-25,37,dokeum_W,다음 밑줄 친 漢字語의 讀音을 쓰시오.,이 콘택트렌즈는 濕潤性이 뛰어나 乾燥한 眼球에 좋습니다.,濕潤性,,습윤성,습윤성,
3급,82,2018-08-25,38,dokeum_W,다음 밑줄 친 漢字語의 讀音을 쓰시오.,이 콘택트렌즈는 濕潤性이 뛰어나 乾燥한 眼球에 좋습니다.,乾燥,,건조,건조,
3급,82,2018-08-25,39,dokeum_W,다음 밑줄 친 漢字語의 讀音을 쓰시오.,이 콘택트렌즈는 濕潤性이 뛰어나 乾燥한 眼球에 좋습니다.,眼球,,안구,안구,
3급,82,2018-08-25,40,dokeum_W,다음 밑줄 친 漢字語의 讀音을 쓰시오.,비행기를 爆破해 버리겠다는 거짓 脅迫 전화 때문에 결국 비행기 離陸 시간만 遲延되었다.,爆破,,폭파,폭파,
3급,82,2018-08-25,41,dokeum_W,다음 밑줄 친 漢字語의 讀音을 쓰시오.,비행기를 爆破해 버리겠다는 거짓 脅迫 전화 때문에 결국 비행기 離陸 시간만 遲延되었다.,脅迫,,협박,협박,
3급,82,2018-08-25,42,dokeum_W,다음 밑줄 친 漢字語의 讀音을 쓰시오.,비행기를 爆破해 버리겠다는 거짓 脅迫 전화 때문에 결국 비행기 離陸 시간만 遲延되었다.,離陸,,이륙,이륙,
3급,82,2018-08-25,43,dokeum_W,다음 밑줄 친 漢字語의 讀音을 쓰시오.,비행기를 爆破해 버리겠다는 거짓 脅迫 전화 때문에 결국 비행기 離陸 시간만 遲延되었다.,遲延,,지연,지연,
3급,82,2018-08-25,44,dokeum_W,다음 밑줄 친 漢字語의 讀音을 쓰시오.,학교에서는 脫線한 아이들을 懲戒하기보다는 교도하는 데 애써야 할 것이다.,脫線,,탈선,탈선,
3급,82,2018-08-25,45,dokeum_W,다음 밑줄 친 漢字語의 讀音을 쓰시오.,학교에서는 脫線한 아이들을 懲戒하기보다는 교도하는 데 애써야 할 것이다.,懲戒,,징계,징계,
3급,82,2018-08-25,46,huneum_W,다음 漢字의 訓・音을 쓰시오.,枯,枯,,마를 고,마를 고,
3급,82,2018-08-25,47,huneum_W,다음 漢字의 訓・音을 쓰시오.,劣,劣,,못할 렬,못할 렬,
3급,82,2018-08-25,48,huneum_W,다음 漢字의 訓・音을 쓰시오.,尋,尋,,찾을 심,찾을 심,
3급,82,2018-08-25,49,huneum_W,다음 漢字의 訓・音을 쓰시오.,伴,伴,,짝 반,짝 반,
3급,82,2018-08-25,50,huneum_W,다음 漢字의 訓・音을 쓰시오.,耐,耐,,견딜 내,견딜 내,
3급,82,2018-08-25,51,huneum_W,다음 漢字의 訓・音을 쓰시오.,播,播,,뿌릴 파,뿌릴 파,
3급,82,2018-08-25,52,huneum_W,다음 漢字의 訓・音을 쓰시오.,似,似,,닮을 사,닮을 사,
3급,82,2018-08-25,53,huneum_W,다음 漢字의 訓・音을 쓰시오.,騰,騰,,오를 등,오를 등,
3급,82,2018-08-25,54,huneum_W,다음 漢字의 訓・音을 쓰시오.,縣,縣,,고을 현,고을 현,
3급,82,2018-08-25,55,huneum_W,다음 漢字의 訓・音을 쓰시오.,介,介,,낄 개,낄 개,
3급,82,2018-08-25,56,huneum_W,다음 漢字의 訓・音을 쓰시오.,梨,梨,,배 리,배 리,
3급,82,2018-08-25,57,huneum_W,다음 漢字의 訓・音을 쓰시오.,姪,姪,,조카 질,조카 질,
3급,82,2018-08-25,58,huneum_W,다음 漢字의 訓・音을 쓰시오.,挑,挑,,돋울 도,돋울 도,
3급,82,2018-08-25,59,huneum_W,다음 漢字의 訓・音을 쓰시오.,汝,汝,,너 여,너 여,
3급,82,2018-08-25,60,huneum_W,다음 漢字의 訓・音을 쓰시오.,崩,崩,,무너질 붕,무너질 붕,
3급,82,2018-08-25,61,huneum_W,다음 漢字의 訓・音을 쓰시오.,昭,昭,,밝을 소,밝을 소,
3급,82,2018-08-25,62,huneum_W,다음 漢字의 訓・音을 쓰시오.,旱,旱,,가물 한,가물 한,
3급,82,2018-08-25,63,huneum_W,다음 漢字의 訓・音을 쓰시오.,愧,愧,,부끄러울 괴,부끄러울 괴,
3급,82,2018-08-25,64,huneum_W,다음 漢字의 訓・音을 쓰시오.,罔,罔,,없을 망,없을 망,
3급,82,2018-08-25,65,huneum_W,다음 漢字의 訓・音을 쓰시오.,僅,僅,,겨우 근,겨우 근,
3급,82,2018-08-25,66,huneum_W,다음 漢字의 訓・音을 쓰시오.,秒,秒,,분초 초,분초 초,
3급,82,2018-08-25,67,huneum_W,다음 漢字의 訓・音을 쓰시오.,刻,刻,,새길 각,새길 각,
3급,82,2018-08-25,68,huneum_W,다음 漢字의 訓・音을 쓰시오.,愈,愈,,나을 유,나을 유,
3급,82,2018-08-25,69,huneum_W,다음 漢字의 訓・音을 쓰시오.,懼,懼,,두려울 구,두려울 구,
3급,82,2018-08-25,70,huneum_W,다음 漢字의 訓・音을 쓰시오.,苗,苗,,모 묘,모 묘,
3급,82,2018-08-25,71,huneum_W,다음 漢字의 訓・音을 쓰시오.,宰,宰,,재상 재,재상 재,
3급,82,2018-08-25,72,huneum_W,다음 漢字의 訓・音을 쓰시오.,帝,帝,,임금 제,임금 제,
3급,82,2018-08-25,73,hanjaeo_W,다음 밑줄 친 漢字語를 漢字[正字]로 쓰시오.,여객선은 주로 여객과 적은 양의 특수 화물 및 우편물을 싣는 설비를 갖추고 있다.,여객,,旅客,旅客,
3급,82,2018-08-25,74,hanjaeo_W,다음 밑줄 친 漢字語를 漢字[正字]로 쓰시오.,여객선은 주로 여객과 적은 양의 특수 화물 및 우편물을 싣는 설비를 갖추고 있다.,화물,,貨物,貨物,
3급,82,2018-08-25,75,hanjaeo_W,다음 밑줄 친 漢字語를 漢字[正字]로 쓰시오.,여객선은 주로 여객과 적은 양의 특수 화물 및 우편물을 싣는 설비를 갖추고 있다.,설비,,設備,設備,
3급,82,2018-08-25,76,hanjaeo_W,다음 밑줄 친 漢字語를 漢字[正字]로 쓰시오.,현재까지도 구습을 고수하여 전통의 방식대로 혼례를 올리는 곳이 있다.,현재,,現在,現在,
3급,82,2018-08-25,77,hanjaeo_W,다음 밑줄 친 漢字語를 漢字[正字]로 쓰시오.,현재까지도 구습을 고수하여 전통의 방식대로 혼례를 올리는 곳이 있다.,구습,,舊習,舊習,
3급,82,2018-08-25,78,hanjaeo_W,다음 밑줄 친 漢字語를 漢字[正字]로 쓰시오.,현재까지도 구습을 고수하여 전통의 방식대로 혼례를 올리는 곳이 있다.,전통,,傳統,傳統,
3급,82,2018-08-25,79,hanjaeo_W,다음 밑줄 친 漢字語를 漢字[正字]로 쓰시오.,현재까지도 구습을 고수하여 전통의 방식대로 혼례를 올리는 곳이 있다.,혼례,,婚禮,婚禮,
3급,82,2018-08-25,80,hanjaeo_W,다음 밑줄 친 漢字語를 漢字[正字]로 쓰시오.,종교가 달라서 서로 전쟁까지 벌였던 두 민족은 문화교류 등을 통해서 적대감을 해소했다.,종교,,宗敎,宗敎,
3급,82,2018-08-25,81,hanjaeo_W,다음 밑줄 친 漢字語를 漢字[正字]로 쓰시오.,종교가 달라서 서로 전쟁까지 벌였던 두 민족은 문화교류 등을 통해서 적대감을 해소했다.,전쟁,,戰爭,戰爭,
3급,82,2018-08-25,82,hanjaeo_W,다음 밑줄 친 漢字語를 漢字[正字]로 쓰시오.,종교가 달라서 서로 전쟁까지 벌였던 두 민족은 문화교류 등을 통해서 적대감을 해소했다.,교류,,交流,交流,
3급,82,2018-08-25,83,hanjaeo_W,다음 밑줄 친 漢字語를 漢字[正字]로 쓰시오.,종교가 달라서 서로 전쟁까지 벌였던 두 민족은 문화교류 등을 통해서 적대감을 해소했다.,해소,,解消,解消,
3급,82,2018-08-25,84,hanjaeo_W,다음 밑줄 친 漢字語를 漢字[正字]로 쓰시오.,투표를 며칠 앞둔 이 시점에서 선거 결과는 여전히 종잡을 수 없는 상황입니다.,투표,,投票,投票,
3급,82,2018-08-25,85,hanjaeo_W,다음 밑줄 친 漢字語를 漢字[正字]로 쓰시오.,투표를 며칠 앞둔 이 시점에서 선거 결과는 여전히 종잡을 수 없는 상황입니다.,시점,,時點,時點,
3급,82,2018-08-25,86,hanjaeo_W,다음 밑줄 친 漢字語를 漢字[正字]로 쓰시오.,투표를 며칠 앞둔 이 시점에서 선거 결과는 여전히 종잡을 수 없는 상황입니다.,선거,,選擧,選擧,
3급,82,2018-08-25,87,hanjaeo_W,다음 밑줄 친 漢字語를 漢字[正字]로 쓰시오.,투표를 며칠 앞둔 이 시점에서 선거 결과는 여전히 종잡을 수 없는 상황입니다.,상황,,狀況,狀況,
3급,82,2018-08-25,88,hanjaeo_W,다음 밑줄 친 漢字語를 漢字[正字]로 쓰시오.,배 선생은 퇴원을 하기에 앞서 병실을 둘러보면서 고통스러웠던 투병 생활을 회상하는 듯 눈을 감았다.,퇴원,,退院,退院,
3급,82,2018-08-25,89,hanjaeo_W,다음 밑줄 친 漢字語를 漢字[正字]로 쓰시오.,배 선생은 퇴원을 하기에 앞서 병실을 둘러보면서 고통스러웠던 투병 생활을 회상하는 듯 눈을 감았다.,고통,,苦痛,苦痛,
3급,82,2018-08-25,90,hanjaeo_W,다음 밑줄 친 漢字語를 漢字[正字]로 쓰시오.,배 선생은 퇴원을 하기에 앞서 병실을 둘러보면서 고통스러웠던 투병 생활을 회상하는 듯 눈을 감았다.,투병,,鬪病,鬪病,
3급,82,2018-08-25,91,hanjaeo_W,다음 밑줄 친 漢字語를 漢字[正字]로 쓰시오.,그는 영주에게 초청 강사의 강의 내용을 친절하게 새겨 주었다.,초청,,招請,招請,
3급,82,2018-08-25,92,hanjaeo_W,다음 밑줄 친 漢字語를 漢字[正字]로 쓰시오.,그는 영주에게 초청 강사의 강의 내용을 친절하게 새겨 주었다.,강사,,講師,講師,
3급,82,2018-08-25,93,hanjaeo_W,다음 밑줄 친 漢字語를 漢字[正字]로 쓰시오.,그는 영주에게 초청 강사의 강의 내용을 친절하게 새겨 주었다.,친절,,親切,親切,
3급,82,2018-08-25,94,hanjaeo_W,다음 밑줄 친 漢字語를 漢字[正字]로 쓰시오.,비록 패하기는 했지만 최선을 다한 선수들은 관중들로부터 열광적인 호응을 받았다.,최선,,最善,最善,
3급,82,2018-08-25,95,hanjaeo_W,다음 밑줄 친 漢字語를 漢字[正字]로 쓰시오.,비록 패하기는 했지만 최선을 다한 선수들은 관중들로부터 열광적인 호응을 받았다.,관중,,觀衆,觀衆,
3급,82,2018-08-25,96,hanjaeo_W,다음 밑줄 친 漢字語를 漢字[正字]로 쓰시오.,비록 패하기는 했지만 최선을 다한 선수들은 관중들로부터 열광적인 호응을 받았다.,호응,,呼應,呼應,
3급,82,2018-08-25,97,hanjaeo_W,다음 밑줄 친 漢字語를 漢字[正字]로 쓰시오.,새 장관은 취임사에서 나라의 장래를 위해서는 반드시 교육계가 혁신되어야 한다고 역설했다.,장관,,長官,長官,
3급,82,2018-08-25,98,hanjaeo_W,다음 밑줄 친 漢字語를 漢字[正字]로 쓰시오.,새 장관은 취임사에서 나라의 장래를 위해서는 반드시 교육계가 혁신되어야 한다고 역설했다.,취임,,就任,就任,
3급,82,2018-08-25,99,hanjaeo_W,다음 밑줄 친 漢字語를 漢字[正字]로 쓰시오.,새 장관은 취임사에서 나라의 장래를 위해서는 반드시 교육계가 혁신되어야 한다고 역설했다.,장래,,將來,將來,
3급,82,2018-08-25,100,hanjaeo_W,다음 밑줄 친 漢字語를 漢字[正字]로 쓰시오.,새 장관은 취임사에서 나라의 장래를 위해서는 반드시 교육계가 혁신되어야 한다고 역설했다.,혁신,,革新,革新,
3급,82,2018-08-25,101,hanjaeo_W,다음 밑줄 친 漢字語를 漢字[正字]로 쓰시오.,저는 언제 어디서나 누구에게나 즐겁게 합창되는 친근한 동요를 만들고 싶습니다.,합창,,合唱,合唱,
3급,82,2018-08-25,102,hanjaeo_W,다음 밑줄 친 漢字語를 漢字[正字]로 쓰시오.,저는 언제 어디서나 누구에게나 즐겁게 합창되는 친근한 동요를 만들고 싶습니다.,동요,,童謠,童謠,
3급,82,2018-08-25,103,jangeum_S,다음 漢字語 중 첫음절이 길게 발음되는 것의 번호를 쓰시오.,,,"[""① 浮上"", ""② 副賞""]",②,② 副賞,
3급,82,2018-08-25,104,jangeum_S,다음 漢字語 중 첫음절이 길게 발음되는 것의 번호를 쓰시오.,,,"[""① 道路"", ""② 徒勞""]",①,① 道路,
3급,82,2018-08-25,105,jangeum_S,다음 漢字語 중 첫음절이 길게 발음되는 것의 번호를 쓰시오.,,,"[""① 享受"", ""② 鄕愁""]",①,① 享受,
3급,82,2018-08-25,106,jangeum_S,다음 漢字語 중 첫음절이 길게 발음되는 것의 번호를 쓰시오.,,,"[""① 疏遠"", ""② 所願""]",②,② 所願,
3급,82,2018-08-25,107,jangeum_S,다음 漢字語 중 첫음절이 길게 발음되는 것의 번호를 쓰시오.,,,"[""① 賜田"", ""② 辭典""]",①,① 賜田,
3급,82,2018-08-25,108,banui_W,다음 漢字와 뜻이 對立되는 漢字를 써 넣어 漢字語를 완성하시오.,哀 ↔ (      ),哀 ↔ ( ),,歡,歡,
3급,82,2018-08-25,109,banui_W,다음 漢字와 뜻이 對立되는 漢字를 써 넣어 漢字語를 완성하시오.,(    ) ↔ 緯,( ) ↔ 緯,,經,經,
3급,82,2018-08-25,110,banui_W,다음 漢字와 뜻이 對立되는 漢字를 써 넣어 漢字語를 완성하시오.,(    ) ↔ 卑,( ) ↔ 卑,,尊,尊,
3급,82,2018-08-25,111,banui_W,다음 漢字와 뜻이 對立되는 漢字를 써 넣어 漢字語를 완성하시오.,(    ) ↔ 愚,( ) ↔ 愚,,賢,賢,
3급,82,2018-08-25,112,banui_W,다음 漢字와 뜻이 對立되는 漢字를 써 넣어 漢字語를 완성하시오.,集 ↔ (      ),集 ↔ ( ),,散,散,
3급,82,2018-08-25,113,banuieo_W,다음 漢字語의 反意語를 漢字(正字)로 쓰시오.,寬大 ↔ (      ),寬大 ↔ ( ),,嚴格,嚴格,
3급,82,2018-08-25,114,banuieo_W,다음 漢字語의 反意語를 漢字(正字)로 쓰시오.,歲暮 ↔ (      ),歲暮 ↔ ( ),,年頭,年頭,
3급,82,2018-08-25,115,banuieo_W,다음 漢字語의 反意語를 漢字(正字)로 쓰시오.,左遷 ↔ (      ),左遷 ↔ ( ),,榮轉,榮轉,
3급,82,2018-08-25,116,banuieo_W,다음 漢字語의 反意語를 漢字(正字)로 쓰시오.,加重 ↔ (      ),加重 ↔ ( ),,輕減,輕減,
3급,82,2018-08-25,117,banuieo_W,다음 漢字語의 反意語를 漢字(正字)로 쓰시오.,富裕 ↔ (      ),富裕 ↔ ( ),,貧窮,貧窮,
3급,82,2018-08-25,118,yui_W,"다음 밑줄 친 漢字와 같거나 비슷한 뜻을 가진 漢字(正字)를 (    ) 속에 써 넣어, 자주 쓰이는 漢字語가 되게 하시오.",그는 경영자로서의 ( )固한 철학을 가진 인물이다.,( )固,,確,確,
3급,82,2018-08-25,119,yui_W,"다음 밑줄 친 漢字와 같거나 비슷한 뜻을 가진 漢字(正字)를 (    ) 속에 써 넣어, 자주 쓰이는 漢字語가 되게 하시오.",그는 너에게 훌륭한 (         )匹이 될 것이다.,( )匹,,配,配,
3급,82,2018-08-25,120,yui_W,"다음 밑줄 친 漢字와 같거나 비슷한 뜻을 가진 漢字(正字)를 (    ) 속에 써 넣어, 자주 쓰이는 漢字語가 되게 하시오.",이 물건은 한때 (        )餘 물량이 없어서 못 팔 정도였다.,( )餘,,殘,殘,
3급,82,2018-08-25,121,yui_W,"다음 밑줄 친 漢字와 같거나 비슷한 뜻을 가진 漢字(正字)를 (    ) 속에 써 넣어, 자주 쓰이는 漢字語가 되게 하시오.",( )綱이 무너진 군대는 전투에서 승리할 수 없다.,( )綱,,紀,紀,
3급,82,2018-08-25,122,yui_W,"다음 밑줄 친 漢字와 같거나 비슷한 뜻을 가진 漢字(正字)를 (    ) 속에 써 넣어, 자주 쓰이는 漢字語가 되게 하시오.",이 밭은 할아버지로부터 贈( )를 받은 것이다.,贈( ),,與,與,
3급,82,2018-08-25,123,seongeo_W,다음 (          ) 안에 알맞은 漢字(正字)를 넣어 뜻에 맞는 四字成語를 완성하시오.,手不釋(     ) : 손에서 책을 놓지 아니하고 늘 글을 읽음.,手不釋( ),,卷,卷,
3급,82,2018-08-25,124,seongeo_W,다음 (          ) 안에 알맞은 漢字(正字)를 넣어 뜻에 맞는 四字成語를 완성하시오.,內憂外(    ) : 나라 안팎의 여러 가지 어려움.,內憂外( ),,患,患,
3급,82,2018-08-25,125,seongeo_W,다음 (          ) 안에 알맞은 漢字(正字)를 넣어 뜻에 맞는 四字成語를 완성하시오.,(    )地思之 : 처지를 바꾸어서 생각하여 봄.,( )地思之,,易,易,
3급,82,2018-08-25,126,seongeo_W,다음 (          ) 안에 알맞은 漢字(正字)를 넣어 뜻에 맞는 四字成語를 완성하시오.,鷄鳴狗(    ) : 비굴하게 남을 속이는 하찮은 재주 또는 그런 재주를 가진 사람을 이르는 말.,鷄鳴狗( ),,盜,盜,
3급,82,2018-08-25,127,seongeo_W,다음 (          ) 안에 알맞은 漢字(正字)를 넣어 뜻에 맞는 四字成語를 완성하시오.,面從腹(    ) : 겉으로는 복종하는 체하면서 내심으로는 배반함,面從腹( ),,背,背,
3급,82,2018-08-25,128,seongeo_W,다음 (          ) 안에 알맞은 漢字(正字)를 넣어 뜻에 맞는 四字成語를 완성하시오.,抑(    )扶弱 : 강한 자를 억누르고 약한 자를 도와줌.,抑( )扶弱,,強,強,
3급,82,2018-08-25,129,seongeo_W,다음 (          ) 안에 알맞은 漢字(正字)를 넣어 뜻에 맞는 四字成語를 완성하시오.,勿失好(    ) : 좋은 기회를 놓치지 아니함.,勿失好( ),,機,機,
3급,82,2018-08-25,130,seongeo_W,다음 (          ) 안에 알맞은 漢字(正字)를 넣어 뜻에 맞는 四字成語를 완성하시오.,咸興差(    ) : 심부름을 가서 오지 아니하거나 늦게 온 사람을 이르는 말.,咸興差( ),,使,使,
3급,82,2018-08-25,131,seongeo_W,다음 (          ) 안에 알맞은 漢字(正字)를 넣어 뜻에 맞는 四字成語를 완성하시오.,飽食暖(    ) : 배부르게 먹고 따뜻하게 입는다는 뜻.,飽食暖( ),,衣,衣,
3급,82,2018-08-25,132,seongeo_W,다음 (          ) 안에 알맞은 漢字(正字)를 넣어 뜻에 맞는 四字成語를 완성하시오.,"北窓三(    ) : 거문고, 술, 시(詩)를 아울러 이르는 말.",北窓三( ),,友,友,
3급,82,2018-08-25,133,busu_W,다음 漢字의 部首를 쓰시오.,委,委,,女,女,
3급,82,2018-08-25,134,busu_W,다음 漢字의 部首를 쓰시오.,豊,豊,,豆,豆,
3급,82,2018-08-25,135,busu_W,다음 漢字의 部首를 쓰시오.,矢,矢,,矢,矢,
3급,82,2018-08-25,136,busu_W,다음 漢字의 部首를 쓰시오.,事,事,,亅,亅,
3급,82,2018-08-25,137,busu_W,다음 漢字의 部首를 쓰시오.,栽,栽,,木,木,
3급,82,2018-08-25,138,dongeumeo_W,다음 漢字語의 同音異義語를 제시된 뜻에 맞추어 漢字(正字)로 쓰시오.,(構造) - 재난 따위를 당하여 어려운 처지에 빠진 사람을 구하여 줌.,(構造),,救助,救助,
3급,82,2018-08-25,139,dongeumeo_W,다음 漢字語의 同音異義語를 제시된 뜻에 맞추어 漢字(正字)로 쓰시오.,(埋葬) - 물건을 파는 장소.,(埋葬),,賣場,賣場,
3급,82,2018-08-25,140,dongeumeo_W,다음 漢字語의 同音異義語를 제시된 뜻에 맞추어 漢字(正字)로 쓰시오.,(沙果) - 자기의 잘못을 인정하고 용서를 빔.,(沙果),,謝過,謝過,
3급,82,2018-08-25,141,dongeumeo_W,다음 漢字語의 同音異義語를 제시된 뜻에 맞추어 漢字(正字)로 쓰시오.,(喪妻) - 몸을 다쳐서 부상을 입은 자리.,(喪妻),,傷處,傷處,
3급,82,2018-08-25,142,dongeumeo_W,다음 漢字語의 同音異義語를 제시된 뜻에 맞추어 漢字(正字)로 쓰시오.,(遊山) - 죽은 사람이 남겨 놓은 재산.,(遊山),,遺産,遺産,
3급,82,2018-08-25,143,yakja_W,다음 漢字의 略字를 쓰시오.,擇,擇,,擇,擇,
3급,82,2018-08-25,144,yakja_W,다음 漢字의 略字를 쓰시오.,圍,圍,,圍,圍,
3급,82,2018-08-25,145,yakja_W,다음 漢字의 略字를 쓰시오.,亂,亂,,亂,亂,
3급,82,2018-08-25,146,mean_W,다음 漢字語의 뜻을 쓰시오.,飢渴,飢渴,,배고픔과 목마름,배고픔과 목마름,
3급,82,2018-08-25,147,mean_W,다음 漢字語의 뜻을 쓰시오.,驅步,驅步,,달리어 감./달리기,달리어 감./달리기,
3급,82,2018-08-25,148,mean_W,다음 漢字語의 뜻을 쓰시오.,豚舍,豚舍,,돼지우리,돼지우리,
3급,82,2018-08-25,149,mean_W,다음 漢字語의 뜻을 쓰시오.,墳墓,墳墓,,무덤,무덤,
3급,82,2018-08-25,150,mean_W,다음 漢字語의 뜻을 쓰시오.,違約,違約,,약속 어김,약속 어김,
3급,83,2018-11-24,1,dokeum_W,다음 밑줄 친 漢字語의 讀音을 쓰시오.,溫室에서 화초를 栽培하다.,溫室,,온실,온실,
3급,83,2018-11-24,2,dokeum_W,다음 밑줄 친 漢字語의 讀音을 쓰시오.,溫室에서 화초를 栽培하다.,栽培,,재배,재배,
3급,83,2018-11-24,3,dokeum_W,다음 밑줄 친 漢字語의 讀音을 쓰시오.,法律에 抵觸되는 行爲는 하지 않았다.,法律,,법률,법률,
3급,83,2018-11-24,4,dokeum_W,다음 밑줄 친 漢字語의 讀音을 쓰시오.,法律에 抵觸되는 行爲는 하지 않았다.,抵觸,,저촉,저촉,
3급,83,2018-11-24,5,dokeum_W,다음 밑줄 친 漢字語의 讀音을 쓰시오.,法律에 抵觸되는 行爲는 하지 않았다.,行爲,,행위,행위,
3급,83,2018-11-24,6,dokeum_W,다음 밑줄 친 漢字語의 讀音을 쓰시오.,盜賊들은 官軍에 의해 征伐되었다.,盜賊,,도적,도적,
3급,83,2018-11-24,7,dokeum_W,다음 밑줄 친 漢字語의 讀音을 쓰시오.,盜賊들은 官軍에 의해 征伐되었다.,官軍,,관군,관군,
3급,83,2018-11-24,8,dokeum_W,다음 밑줄 친 漢字語의 讀音을 쓰시오.,盜賊들은 官軍에 의해 征伐되었다.,征伐,,정벌,정벌,
3급,83,2018-11-24,9,dokeum_W,다음 밑줄 친 漢字語의 讀音을 쓰시오.,그는 職務 怠慢으로 懲戒를 받았다.,職務,,직무,직무,
3급,83,2018-11-24,10,dokeum_W,다음 밑줄 친 漢字語의 讀音을 쓰시오.,그는 職務 怠慢으로 懲戒를 받았다.,怠慢,,태만,태만,
3급,83,2018-11-24,11,dokeum_W,다음 밑줄 친 漢字語의 讀音을 쓰시오.,그는 職務 怠慢으로 懲戒를 받았다.,懲戒,,징계,징계,
3급,83,2018-11-24,12,dokeum_W,다음 밑줄 친 漢字語의 讀音을 쓰시오.,이 소설은 인간 사회의 構造적 相衝을 尖銳하게 보여 주고 있다.,構造,,구조,구조,
3급,83,2018-11-24,13,dokeum_W,다음 밑줄 친 漢字語의 讀音을 쓰시오.,이 소설은 인간 사회의 構造적 相衝을 尖銳하게 보여 주고 있다.,相衝,,상충,상충,
3급,83,2018-11-24,14,dokeum_W,다음 밑줄 친 漢字語의 讀音을 쓰시오.,이 소설은 인간 사회의 構造적 相衝을 尖銳하게 보여 주고 있다.,尖銳,,첨예,첨예,
3급,83,2018-11-24,15,dokeum_W,다음 밑줄 친 漢字語의 讀音을 쓰시오.,감시 疏忽을 틈타 逃走했던 범인들이 다시 逮捕되었다.,疏忽,,소홀,소홀,
3급,83,2018-11-24,16,dokeum_W,다음 밑줄 친 漢字語의 讀音을 쓰시오.,감시 疏忽을 틈타 逃走했던 범인들이 다시 逮捕되었다.,逃走,,도주,도주,
3급,83,2018-11-24,17,dokeum_W,다음 밑줄 친 漢字語의 讀音을 쓰시오.,감시 疏忽을 틈타 逃走했던 범인들이 다시 逮捕되었다.,逮捕,,체포,체포,
3급,83,2018-11-24,18,dokeum_W,다음 밑줄 친 漢字語의 讀音을 쓰시오.,김 先輩님께 이번 일을 依賴하면서 여러 가지 當付의 말씀도 드렸다.,先輩,,선배,선배,
3급,83,2018-11-24,19,dokeum_W,다음 밑줄 친 漢字語의 讀音을 쓰시오.,김 先輩님께 이번 일을 依賴하면서 여러 가지 當付의 말씀도 드렸다.,依賴,,의뢰,의뢰,
3급,83,2018-11-24,20,dokeum_W,다음 밑줄 친 漢字語의 讀音을 쓰시오.,김 先輩님께 이번 일을 依賴하면서 여러 가지 當付의 말씀도 드렸다.,當付,,당부,당부,
3급,83,2018-11-24,21,dokeum_W,다음 漢字語의 讀音을 쓰시오.,破壞,破壞,,파괴,파괴,
3급,83,2018-11-24,22,dokeum_W,다음 漢字語의 讀音을 쓰시오.,遊離,遊離,,유리,유리,
3급,83,2018-11-24,23,dokeum_W,다음 漢字語의 讀音을 쓰시오.,頻繁,頻繁,,빈번,빈번,
3급,83,2018-11-24,24,dokeum_W,다음 漢字語의 讀音을 쓰시오.,汚辱,汚辱,,오욕,오욕,
3급,83,2018-11-24,25,dokeum_W,다음 漢字語의 讀音을 쓰시오.,補整,補整,,보정,보정,
3급,83,2018-11-24,26,dokeum_W,다음 漢字語의 讀音을 쓰시오.,聘丈,聘丈,,빙장,빙장,
3급,83,2018-11-24,27,dokeum_W,다음 漢字語의 讀音을 쓰시오.,包含,包含,,포함,포함,
3급,83,2018-11-24,28,dokeum_W,다음 漢字語의 讀音을 쓰시오.,茫漠,茫漠,,망막,망막,
3급,83,2018-11-24,29,dokeum_W,다음 漢字語의 讀音을 쓰시오.,隱逸,隱逸,,은일,은일,
3급,83,2018-11-24,30,dokeum_W,다음 漢字語의 讀音을 쓰시오.,掠奪,掠奪,,약탈,약탈,
3급,83,2018-11-24,31,dokeum_W,다음 漢字語의 讀音을 쓰시오.,跳躍,跳躍,,도약,도약,
3급,83,2018-11-24,32,dokeum_W,다음 漢字語의 讀音을 쓰시오.,薦擧,薦擧,,천거,천거,
3급,83,2018-11-24,33,dokeum_W,다음 漢字語의 讀音을 쓰시오.,遙遠,遙遠,,요원,요원,
3급,83,2018-11-24,34,dokeum_W,다음 漢字語의 讀音을 쓰시오.,照準,照準,,조준,조준,
3급,83,2018-11-24,35,dokeum_W,다음 漢字語의 讀音을 쓰시오.,獻納,獻納,,헌납,헌납,
3급,83,2018-11-24,36,dokeum_W,다음 漢字語의 讀音을 쓰시오.,維持,維持,,유지,유지,
3급,83,2018-11-24,37,dokeum_W,다음 漢字語의 讀音을 쓰시오.,煩惱,煩惱,,번뇌,번뇌,
3급,83,2018-11-24,38,dokeum_W,다음 漢字語의 讀音을 쓰시오.,換錢,換錢,,환전,환전,
3급,83,2018-11-24,39,dokeum_W,다음 漢字語의 讀音을 쓰시오.,基盤,基盤,,기반,기반,
3급,83,2018-11-24,40,dokeum_W,다음 漢字語의 讀音을 쓰시오.,底邊,底邊,,저변,저변,
3급,83,2018-11-24,41,dokeum_W,다음 漢字語의 讀音을 쓰시오.,糾彈,糾彈,,규탄,규탄,
3급,83,2018-11-24,42,dokeum_W,다음 漢字語의 讀音을 쓰시오.,附與,附與,,부여,부여,
3급,83,2018-11-24,43,dokeum_W,다음 漢字語의 讀音을 쓰시오.,飜覆,飜覆,,번복,번복,
3급,83,2018-11-24,44,dokeum_W,다음 漢字語의 讀音을 쓰시오.,慙愧,慙愧,,참괴,참괴,
3급,83,2018-11-24,45,dokeum_W,다음 漢字語의 讀音을 쓰시오.,忍耐,忍耐,,인내,인내,
3급,83,2018-11-24,46,huneum_W,다음 漢字의 訓・音을 쓰시오.,微,微,,작을 미,작을 미,
3급,83,2018-11-24,47,huneum_W,다음 漢字의 訓・音을 쓰시오.,淡,淡,,맑을 담,맑을 담,
3급,83,2018-11-24,48,huneum_W,다음 漢字의 訓・音을 쓰시오.,渴,渴,,목마를 갈,목마를 갈,
3급,83,2018-11-24,49,huneum_W,다음 漢字의 訓・音을 쓰시오.,琴,琴,,거문고 금,거문고 금,
3급,83,2018-11-24,50,huneum_W,다음 漢字의 訓・音을 쓰시오.,笑,笑,,웃음 소,웃음 소,
3급,83,2018-11-24,51,huneum_W,다음 漢字의 訓・音을 쓰시오.,楓,楓,,단풍 풍,단풍 풍,
3급,83,2018-11-24,52,huneum_W,다음 漢字의 訓・音을 쓰시오.,誘,誘,,꾈 유,꾈 유,
3급,83,2018-11-24,53,huneum_W,다음 漢字의 訓・音을 쓰시오.,竊,竊,,훔칠 절,훔칠 절,
3급,83,2018-11-24,54,huneum_W,다음 漢字의 訓・音을 쓰시오.,隣,隣,,이웃 린,이웃 린,
3급,83,2018-11-24,55,huneum_W,다음 漢字의 訓・音을 쓰시오.,斯,斯,,이 사,이 사,
3급,83,2018-11-24,56,huneum_W,다음 漢字의 訓・音을 쓰시오.,肩,肩,,어깨 견,어깨 견,
3급,83,2018-11-24,57,huneum_W,다음 漢字의 訓・音을 쓰시오.,混,混,,섞을 혼,섞을 혼,
3급,83,2018-11-24,58,huneum_W,다음 漢字의 訓・音을 쓰시오.,翼,翼,,날개 익,날개 익,
3급,83,2018-11-24,59,huneum_W,다음 漢字의 訓・音을 쓰시오.,炭,炭,,숯 탄,숯 탄,
3급,83,2018-11-24,60,huneum_W,다음 漢字의 訓・音을 쓰시오.,寶,寶,,보배 보,보배 보,
3급,83,2018-11-24,61,huneum_W,다음 漢字의 訓・音을 쓰시오.,廣,廣,,넓을 광,넓을 광,
3급,83,2018-11-24,62,huneum_W,다음 漢字의 訓・音을 쓰시오.,擁,擁,,낄 옹,낄 옹,
3급,83,2018-11-24,63,huneum_W,다음 漢字의 訓・音을 쓰시오.,携,携,,이끌 휴,이끌 휴,
3급,83,2018-11-24,64,huneum_W,다음 漢字의 訓・音을 쓰시오.,昨,昨,,어제 작,어제 작,
3급,83,2018-11-24,65,huneum_W,다음 漢字의 訓・音을 쓰시오.,處,處,,곳 처,곳 처,
3급,83,2018-11-24,66,huneum_W,다음 漢字의 訓・音을 쓰시오.,胸,胸,,가슴 흉,가슴 흉,
3급,83,2018-11-24,67,huneum_W,다음 漢字의 訓・音을 쓰시오.,攝,攝,,다스릴/잡을 섭,다스릴/잡을 섭,
3급,83,2018-11-24,68,huneum_W,다음 漢字의 訓・音을 쓰시오.,織,織,,짤 직,짤 직,
3급,83,2018-11-24,69,huneum_W,다음 漢字의 訓・音을 쓰시오.,螢,螢,,반딧불 형,반딧불 형,
3급,83,2018-11-24,70,huneum_W,다음 漢字의 訓・音을 쓰시오.,鼓,鼓,,북 고,북 고,
3급,83,2018-11-24,71,huneum_W,다음 漢字의 訓・音을 쓰시오.,猛,猛,,사나울 맹,사나울 맹,
3급,83,2018-11-24,72,huneum_W,다음 漢字의 訓・音을 쓰시오.,液,液,,진 액,진 액,
3급,83,2018-11-24,73,hanjaeo_W,다음 밑줄 친 漢字語를 漢字[正字]로 쓰시오.,"동기 부여는 내적인 것과 외적인 것으로 나뉜다. 내적 동기는 이타심에 근본을 두며, 정신적인 것을 탐구하는 삶의 기반과 관련된다.",동기,,動機,動機,
3급,83,2018-11-24,74,hanjaeo_W,다음 밑줄 친 漢字語를 漢字[正字]로 쓰시오.,"동기 부여는 내적인 것과 외적인 것으로 나뉜다. 내적 동기는 이타심에 근본을 두며, 정신적인 것을 탐구하는 삶의 기반과 관련된다.",내적,,內的,內的,
3급,83,2018-11-24,75,hanjaeo_W,다음 밑줄 친 漢字語를 漢字[正字]로 쓰시오.,"동기 부여는 내적인 것과 외적인 것으로 나뉜다. 내적 동기는 이타심에 근본을 두며, 정신적인 것을 탐구하는 삶의 기반과 관련된다.",이타,,利他,利他,
3급,83,2018-11-24,76,hanjaeo_W,다음 밑줄 친 漢字語를 漢字[正字]로 쓰시오.,"동기 부여는 내적인 것과 외적인 것으로 나뉜다. 내적 동기는 이타심에 근본을 두며, 정신적인 것을 탐구하는 삶의 기반과 관련된다.",근본,,根本,根本,
3급,83,2018-11-24,77,hanjaeo_W,다음 밑줄 친 漢字語를 漢字[正字]로 쓰시오.,"동기 부여는 내적인 것과 외적인 것으로 나뉜다. 내적 동기는 이타심에 근본을 두며, 정신적인 것을 탐구하는 삶의 기반과 관련된다.",정신,,精神,精神,
3급,83,2018-11-24,78,hanjaeo_W,다음 밑줄 친 漢字語를 漢字[正字]로 쓰시오.,"동기 부여는 내적인 것과 외적인 것으로 나뉜다. 내적 동기는 이타심에 근본을 두며, 정신적인 것을 탐구하는 삶의 기반과 관련된다.",탐구,,探究(求),探究(求),
3급,83,2018-11-24,79,hanjaeo_W,다음 밑줄 친 漢字語를 漢字[正字]로 쓰시오.,"주로 가족, 친구, 업적 혹은 사회적 책임에 그 중심을 두기 때문에 보통 외적인 동기보다 더욱 큰 감정적 보상이 따른다.",가족,,家族,家族,
3급,83,2018-11-24,80,hanjaeo_W,다음 밑줄 친 漢字語를 漢字[正字]로 쓰시오.,"주로 가족, 친구, 업적 혹은 사회적 책임에 그 중심을 두기 때문에 보통 외적인 동기보다 더욱 큰 감정적 보상이 따른다.",친구,,親舊,親舊,
3급,83,2018-11-24,81,hanjaeo_W,다음 밑줄 친 漢字語를 漢字[正字]로 쓰시오.,"주로 가족, 친구, 업적 혹은 사회적 책임에 그 중심을 두기 때문에 보통 외적인 동기보다 더욱 큰 감정적 보상이 따른다.",업적,,業績,業績,
3급,83,2018-11-24,82,hanjaeo_W,다음 밑줄 친 漢字語를 漢字[正字]로 쓰시오.,"주로 가족, 친구, 업적 혹은 사회적 책임에 그 중심을 두기 때문에 보통 외적인 동기보다 더욱 큰 감정적 보상이 따른다.",보통,,普通,普通,
3급,83,2018-11-24,83,hanjaeo_W,다음 밑줄 친 漢字語를 漢字[正字]로 쓰시오.,"주로 가족, 친구, 업적 혹은 사회적 책임에 그 중심을 두기 때문에 보통 외적인 동기보다 더욱 큰 감정적 보상이 따른다.",감정,,感情,感情,
3급,83,2018-11-24,84,hanjaeo_W,다음 밑줄 친 漢字語를 漢字[正字]로 쓰시오.,"내적 동기는 개인적 성장, 자기 인식, 자기 이해를 위해 스스로 더 노력하기를 요구한다. 우리는 내적 동기 때문에 타인과 더 좋은 관계를 유지하고 공동체, 사회, 나아가 인류를 더욱 발전시키려면 어떻게 봉사할 것인지 고민한다.",이해,,理解,理解,
3급,83,2018-11-24,85,hanjaeo_W,다음 밑줄 친 漢字語를 漢字[正字]로 쓰시오.,"내적 동기는 개인적 성장, 자기 인식, 자기 이해를 위해 스스로 더 노력하기를 요구한다. 우리는 내적 동기 때문에 타인과 더 좋은 관계를 유지하고 공동체, 사회, 나아가 인류를 더욱 발전시키려면 어떻게 봉사할 것인지 고민한다.",요구,,要求,要求,
3급,83,2018-11-24,86,hanjaeo_W,다음 밑줄 친 漢字語를 漢字[正字]로 쓰시오.,"내적 동기는 개인적 성장, 자기 인식, 자기 이해를 위해 스스로 더 노력하기를 요구한다. 우리는 내적 동기 때문에 타인과 더 좋은 관계를 유지하고 공동체, 사회, 나아가 인류를 더욱 발전시키려면 어떻게 봉사할 것인지 고민한다.",관계,,關係,關係,
3급,83,2018-11-24,87,hanjaeo_W,다음 밑줄 친 漢字語를 漢字[正字]로 쓰시오.,"내적 동기는 개인적 성장, 자기 인식, 자기 이해를 위해 스스로 더 노력하기를 요구한다. 우리는 내적 동기 때문에 타인과 더 좋은 관계를 유지하고 공동체, 사회, 나아가 인류를 더욱 발전시키려면 어떻게 봉사할 것인지 고민한다.",발전,,發展,發展,
3급,83,2018-11-24,88,hanjaeo_W,다음 밑줄 친 漢字語를 漢字[正字]로 쓰시오.,"내적 동기는 개인적 성장, 자기 인식, 자기 이해를 위해 스스로 더 노력하기를 요구한다. 우리는 내적 동기 때문에 타인과 더 좋은 관계를 유지하고 공동체, 사회, 나아가 인류를 더욱 발전시키려면 어떻게 봉사할 것인지 고민한다.",봉사,,奉仕,奉仕,
3급,83,2018-11-24,89,hanjaeo_W,다음 밑줄 친 漢字語를 漢字[正字]로 쓰시오.,"상식적으로도 물론 그러하지만, 많은 연구 역시 사람들이 내적 동기를 외적인 것보다 더 의미 있게 여긴다는 사실을 입증했다.",상식,,常識,常識,
3급,83,2018-11-24,90,hanjaeo_W,다음 밑줄 친 漢字語를 漢字[正字]로 쓰시오.,"상식적으로도 물론 그러하지만, 많은 연구 역시 사람들이 내적 동기를 외적인 것보다 더 의미 있게 여긴다는 사실을 입증했다.",의미,,意味,意味,
3급,83,2018-11-24,91,hanjaeo_W,다음 밑줄 친 漢字語를 漢字[正字]로 쓰시오.,"외적 동기는 동기 부여 스펙트럼의 반대쪽 끝에 위치하며 외모, 돈, 유명세와 같은 물질적인 열망에 치우친다. 넓은 의미에서 외적 동기는 권력, 지위, 인기를 열망하는 것뿐 아니라 사치와 매력 같은 것도 포함한다.",유명,,有名,有名,
3급,83,2018-11-24,92,hanjaeo_W,다음 밑줄 친 漢字語를 漢字[正字]로 쓰시오.,"외적 동기는 동기 부여 스펙트럼의 반대쪽 끝에 위치하며 외모, 돈, 유명세와 같은 물질적인 열망에 치우친다. 넓은 의미에서 외적 동기는 권력, 지위, 인기를 열망하는 것뿐 아니라 사치와 매력 같은 것도 포함한다.",열망,,熱望,熱望,
3급,83,2018-11-24,93,hanjaeo_W,다음 밑줄 친 漢字語를 漢字[正字]로 쓰시오.,"외적 동기는 동기 부여 스펙트럼의 반대쪽 끝에 위치하며 외모, 돈, 유명세와 같은 물질적인 열망에 치우친다. 넓은 의미에서 외적 동기는 권력, 지위, 인기를 열망하는 것뿐 아니라 사치와 매력 같은 것도 포함한다.",지위,,地位,地位,
3급,83,2018-11-24,94,hanjaeo_W,다음 밑줄 친 漢字語를 漢字[正字]로 쓰시오.,"외적 동기는 동기 부여 스펙트럼의 반대쪽 끝에 위치하며 외모, 돈, 유명세와 같은 물질적인 열망에 치우친다. 넓은 의미에서 외적 동기는 권력, 지위, 인기를 열망하는 것뿐 아니라 사치와 매력 같은 것도 포함한다.",인기,,人氣,人氣,
3급,83,2018-11-24,95,hanjaeo_W,다음 밑줄 친 漢字語를 漢字[正字]로 쓰시오.,"그러나 외적 동기 하나에만 집중하면 자칫 겉모습만을 성취도와 자신감을 측정하는 도구로 여길 우려가 있다. 또한 과도한 경쟁 의식, 일중독, 소중한 사람들에게 소홀히 함, 나르시시즘, 이기주의 등의 결과를 초래한다.",집중,,集中,集中,
3급,83,2018-11-24,96,hanjaeo_W,다음 밑줄 친 漢字語를 漢字[正字]로 쓰시오.,"그러나 외적 동기 하나에만 집중하면 자칫 겉모습만을 성취도와 자신감을 측정하는 도구로 여길 우려가 있다. 또한 과도한 경쟁 의식, 일중독, 소중한 사람들에게 소홀히 함, 나르시시즘, 이기주의 등의 결과를 초래한다.",도구,,道具,道具,
3급,83,2018-11-24,97,hanjaeo_W,다음 밑줄 친 漢字語를 漢字[正字]로 쓰시오.,"그러나 외적 동기 하나에만 집중하면 자칫 겉모습만을 성취도와 자신감을 측정하는 도구로 여길 우려가 있다. 또한 과도한 경쟁 의식, 일중독, 소중한 사람들에게 소홀히 함, 나르시시즘, 이기주의 등의 결과를 초래한다.",경쟁,,競爭,競爭,
3급,83,2018-11-24,98,hanjaeo_W,다음 밑줄 친 漢字語를 漢字[正字]로 쓰시오.,"그러나 외적 동기 하나에만 집중하면 자칫 겉모습만을 성취도와 자신감을 측정하는 도구로 여길 우려가 있다. 또한 과도한 경쟁 의식, 일중독, 소중한 사람들에게 소홀히 함, 나르시시즘, 이기주의 등의 결과를 초래한다.",소중,,所重,所重,
3급,83,2018-11-24,99,hanjaeo_W,다음 밑줄 친 漢字語를 漢字[正字]로 쓰시오.,"그러나 외적 동기 하나에만 집중하면 자칫 겉모습만을 성취도와 자신감을 측정하는 도구로 여길 우려가 있다. 또한 과도한 경쟁 의식, 일중독, 소중한 사람들에게 소홀히 함, 나르시시즘, 이기주의 등의 결과를 초래한다.",초래,,招來,招來,
3급,83,2018-11-24,100,hanjaeo_W,다음 밑줄 친 漢字語를 漢字[正字]로 쓰시오.,"외적 동기에 지나치게 집중하면 더욱 격렬히 물질적인 것들을 추구하게 되며, 결과적으로 탈출구 없는 파괴적 스트레스와 불안의 쓰나미에 빠진다.",격렬,,激烈,激烈,
3급,83,2018-11-24,101,hanjaeo_W,다음 밑줄 친 漢字語를 漢字[正字]로 쓰시오.,"외적 동기에 지나치게 집중하면 더욱 격렬히 물질적인 것들을 추구하게 되며, 결과적으로 탈출구 없는 파괴적 스트레스와 불안의 쓰나미에 빠진다.",탈출,,脫出,脫出,
3급,83,2018-11-24,102,hanjaeo_W,다음 밑줄 친 漢字語를 漢字[正字]로 쓰시오.,"외적 동기에 지나치게 집중하면 더욱 격렬히 물질적인 것들을 추구하게 되며, 결과적으로 탈출구 없는 파괴적 스트레스와 불안의 쓰나미에 빠진다.",불안,,不安,不安,
3급,83,2018-11-24,103,jangeum_S,다음 漢字語 중 첫음절이 長音으로 발음되는 것의 번호를 쓰시오.,,,"[""① 符印"", ""② 否認""]",②,② 否認,
3급,83,2018-11-24,104,jangeum_S,다음 漢字語 중 첫음절이 長音으로 발음되는 것의 번호를 쓰시오.,,,"[""① 注射"", ""② 酒邪""]",①,① 注射,
3급,83,2018-11-24,105,jangeum_S,다음 漢字語 중 첫음절이 長音으로 발음되는 것의 번호를 쓰시오.,,,"[""① 市界"", ""② 時計""]",①,① 市界,
3급,83,2018-11-24,106,jangeum_S,다음 漢字語 중 첫음절이 長音으로 발음되는 것의 번호를 쓰시오.,,,"[""① 無期"", ""② 武器""]",②,② 武器,
3급,83,2018-11-24,107,jangeum_S,다음 漢字語 중 첫음절이 長音으로 발음되는 것의 번호를 쓰시오.,,,"[""① 減毒"", ""② 監督""]",①,① 減毒,
3급,83,2018-11-24,108,banui_W,다음 漢字와 뜻이 對立되는 漢字를 써 넣어 漢字語를 완성하시오.,(   ) ↔ 伸,( ) ↔ 伸,,屈,屈,
3급,83,2018-11-24,109,banui_W,다음 漢字와 뜻이 對立되는 漢字를 써 넣어 漢字語를 완성하시오.,腹 ↔ ( ),腹 ↔ ( ),,背,背,
3급,83,2018-11-24,110,banui_W,다음 漢字와 뜻이 對立되는 漢字를 써 넣어 漢字語를 완성하시오.,雅 ↔ ( ),雅 ↔ ( ),,俗,俗,
3급,83,2018-11-24,111,banui_W,다음 漢字와 뜻이 對立되는 漢字를 써 넣어 漢字語를 완성하시오.,(   ) ↔ 愚,( ) ↔ 愚,,賢,賢,
3급,83,2018-11-24,112,banui_W,다음 漢字와 뜻이 對立되는 漢字를 써 넣어 漢字語를 완성하시오.,(   ) ↔ 裏,( ) ↔ 裏,,表,表,
3급,83,2018-11-24,113,banuieo_W,다음 漢字語의 反義語를 漢字(正字)로 쓰시오.,困難 ↔ (       ),困難 ↔ ( ),,容易,容易,
3급,83,2018-11-24,114,banuieo_W,다음 漢字語의 反義語를 漢字(正字)로 쓰시오.,紅顔 ↔ (       ),紅顔 ↔ ( ),,白髮,白髮,
3급,83,2018-11-24,115,banuieo_W,다음 漢字語의 反義語를 漢字(正字)로 쓰시오.,僅少 ↔ (       ),僅少 ↔ ( ),,過多,過多,
3급,83,2018-11-24,116,banuieo_W,다음 漢字語의 反義語를 漢字(正字)로 쓰시오.,騷亂 ↔ (       ),騷亂 ↔ ( ),,靜肅,靜肅,
3급,83,2018-11-24,117,banuieo_W,다음 漢字語의 反義語를 漢字(正字)로 쓰시오.,拾得 ↔ (       ),拾得 ↔ ( ),,遺失,遺失,
3급,83,2018-11-24,118,yui_W,다음 (        )안에 비슷한 뜻을 가진 漢字(正字)를 써넣어 널리 쓰이는 單語를 완성하시오.,(    ) - 絡,( ) - 絡,,脈,脈,
3급,83,2018-11-24,119,yui_W,다음 (        )안에 비슷한 뜻을 가진 漢字(正字)를 써넣어 널리 쓰이는 單語를 완성하시오.,淨 - ( ),淨 - ( ),,潔,潔,
3급,83,2018-11-24,120,yui_W,다음 (        )안에 비슷한 뜻을 가진 漢字(正字)를 써넣어 널리 쓰이는 單語를 완성하시오.,(    ) - 任,( ) - 任,,擔,擔,
3급,83,2018-11-24,121,yui_W,다음 (        )안에 비슷한 뜻을 가진 漢字(正字)를 써넣어 널리 쓰이는 單語를 완성하시오.,(    ) - 幣,( ) - 幣,,貨,貨,
3급,83,2018-11-24,122,yui_W,다음 (        )안에 비슷한 뜻을 가진 漢字(正字)를 써넣어 널리 쓰이는 單語를 완성하시오.,(    ) - 倒,( ) - 倒,,傾,傾,
3급,83,2018-11-24,123,seongeo_W,다음 (        ) 안에 알맞은 漢字(正字)를 넣어 뜻에 맞는 四字成語를 완성하시오.,(    )枯盛衰 ; 성하고 쇠함은 일정하지 않음.,( )枯盛衰,,榮,榮,
3급,83,2018-11-24,124,seongeo_W,다음 (        ) 안에 알맞은 漢字(正字)를 넣어 뜻에 맞는 四字成語를 완성하시오.,萬頃蒼(         ) ; 한없이 넓고 푸른 바다.,萬頃蒼( ),,波,波,
3급,83,2018-11-24,125,seongeo_W,다음 (        ) 안에 알맞은 漢字(正字)를 넣어 뜻에 맞는 四字成語를 완성하시오.,置之( )外 ; 내버려 두어 더 이상 문제 삼지 아니함.,置之( )外,,度,度,
3급,83,2018-11-24,126,seongeo_W,다음 (        ) 안에 알맞은 漢字(正字)를 넣어 뜻에 맞는 四字成語를 완성하시오.,日(    )月將 ; 날로 달로 자라나감.,日( )月將,,就,就,
3급,83,2018-11-24,127,seongeo_W,다음 (        ) 안에 알맞은 漢字(正字)를 넣어 뜻에 맞는 四字成語를 완성하시오.,悠悠自(         ) ; 얽매이지 않고 자유롭게 마음 편히 삶.,悠悠自( ),,適,適,
3급,83,2018-11-24,128,seongeo_W,다음 (        ) 안에 알맞은 漢字(正字)를 넣어 뜻에 맞는 四字成語를 완성하시오.,千載一(         ) ; 좀처럼 얻기 어려운 좋은 기회.,千載一( ),,遇,遇,
3급,83,2018-11-24,129,seongeo_W,다음 (        ) 안에 알맞은 漢字(正字)를 넣어 뜻에 맞는 四字成語를 완성하시오.,口尙( )臭 ; 입에서 아직 젖비린내가 남.,口尙( )臭,,乳,乳,
3급,83,2018-11-24,130,seongeo_W,다음 (        ) 안에 알맞은 漢字(正字)를 넣어 뜻에 맞는 四字成語를 완성하시오.,(   )齒腐心 ; 몹시 분하여 이를 갈면서 속을 썩임.,( )齒腐心,,切,切,
3급,83,2018-11-24,131,seongeo_W,다음 (        ) 안에 알맞은 漢字(正字)를 넣어 뜻에 맞는 四字成語를 완성하시오.,泥田( )狗 ; 진흙 밭에서 싸우는 개의 뜻으로. 저급한 싸움을 이름.,泥田( )狗,,鬪,鬪,
3급,83,2018-11-24,132,seongeo_W,다음 (        ) 안에 알맞은 漢字(正字)를 넣어 뜻에 맞는 四字成語를 완성하시오.,(   )物致知 ; 사물의 이치를 연구하여 자기의 지식을 확고하게 함.,( )物致知,,格,格,
3급,83,2018-11-24,133,busu_W,다음 漢字의 部首를 쓰시오.,變,變,,言,言,
3급,83,2018-11-24,134,busu_W,다음 漢字의 部首를 쓰시오.,象,象,,豕,豕,
3급,83,2018-11-24,135,busu_W,다음 漢字의 部首를 쓰시오.,弱,弱,,弓,弓,
3급,83,2018-11-24,136,busu_W,다음 漢字의 部首를 쓰시오.,朱,朱,,木,木,
3급,83,2018-11-24,137,busu_W,다음 漢字의 部首를 쓰시오.,系,系,,糸,糸,
3급,83,2018-11-24,138,dongeumeo_W,다음 漢字語의 同音異義語를 제시된 뜻에 맞추어 漢字(正字)로 쓰시오.,(假說) - 덧붙이거나 추가하여 설치함.,(假說),,加設,加設,
3급,83,2018-11-24,139,dongeumeo_W,다음 漢字語의 同音異義語를 제시된 뜻에 맞추어 漢字(正字)로 쓰시오.,(羊角) - 조각에서 글자 따위를 도드라지게 새기는 일.,(羊角),,陽刻,陽刻,
3급,83,2018-11-24,140,dongeumeo_W,다음 漢字語의 同音異義語를 제시된 뜻에 맞추어 漢字(正字)로 쓰시오.,(修好) - 지키고 보호함.,(修好),,守護,守護,
3급,83,2018-11-24,141,dongeumeo_W,다음 漢字語의 同音異義語를 제시된 뜻에 맞추어 漢字(正字)로 쓰시오.,(斷腸) - 단정하게 차림.,(斷腸),,端裝,端裝,
3급,83,2018-11-24,142,dongeumeo_W,다음 漢字語의 同音異義語를 제시된 뜻에 맞추어 漢字(正字)로 쓰시오.,(東經) - 구리거울.,(東經),,銅鏡,銅鏡,
3급,83,2018-11-24,143,yakja_W,다음 漢字의 略字를 쓰시오.,號,號,,号,号,
3급,83,2018-11-24,144,yakja_W,다음 漢字의 略字를 쓰시오.,賣,賣,,売,売,
3급,83,2018-11-24,145,yakja_W,다음 漢字의 略字를 쓰시오.,證,證,,証,証,
3급,83,2018-11-24,146,mean_W,다음 漢字語의 뜻을 쓰시오.,辨償,辨償,,빚을 갚음.,빚을 갚음.,
3급,83,2018-11-24,147,mean_W,다음 漢字語의 뜻을 쓰시오.,驅逐,驅逐,,몰아서 쫓아냄.,몰아서 쫓아냄.,
3급,83,2018-11-24,148,mean_W,다음 漢字語의 뜻을 쓰시오.,防寒,防寒,,추위를 막음.,추위를 막음.,
3급,83,2018-11-24,149,mean_W,다음 漢字語의 뜻을 쓰시오.,桃花,桃花,,복숭아꽃,복숭아꽃,
3급,83,2018-11-24,150,mean_W,다음 漢字語의 뜻을 쓰시오.,憂愁,憂愁,,근심과 걱정,근심과 걱정,
3급,84,2019-02-23,1,dokeum_W,다음 문장에서 밑줄 친 漢字語의 讀音을 쓰시오.,움직이는 瞬間을 捕捉하여 사진을 찍었다.,瞬間,,순간,순간,
3급,84,2019-02-23,2,dokeum_W,다음 문장에서 밑줄 친 漢字語의 讀音을 쓰시오.,움직이는 瞬間을 捕捉하여 사진을 찍었다.,捕捉,,포착,포착,
3급,84,2019-02-23,3,dokeum_W,다음 문장에서 밑줄 친 漢字語의 讀音을 쓰시오.,전쟁의 慘禍가 다시는 발생하지 않도록 각국은 條約을 맺었다.,慘禍,,참화,참화,
3급,84,2019-02-23,4,dokeum_W,다음 문장에서 밑줄 친 漢字語의 讀音을 쓰시오.,전쟁의 慘禍가 다시는 발생하지 않도록 각국은 條約을 맺었다.,條約,,조약,조약,
3급,84,2019-02-23,5,dokeum_W,다음 문장에서 밑줄 친 漢字語의 讀音을 쓰시오.,국운이 興盛하고 문화가 暢達하였다.,興盛,,흥성,흥성,
3급,84,2019-02-23,6,dokeum_W,다음 문장에서 밑줄 친 漢字語의 讀音을 쓰시오.,국운이 興盛하고 문화가 暢達하였다.,暢達,,창달,창달,
3급,84,2019-02-23,7,dokeum_W,다음 문장에서 밑줄 친 漢字語의 讀音을 쓰시오.,尖銳하게 대립했던 양측은 한 발씩 讓步하여 안건을 妥結하였다.,尖銳,,첨예,첨예,
3급,84,2019-02-23,8,dokeum_W,다음 문장에서 밑줄 친 漢字語의 讀音을 쓰시오.,尖銳하게 대립했던 양측은 한 발씩 讓步하여 안건을 妥結하였다.,讓步,,양보,양보,
3급,84,2019-02-23,9,dokeum_W,다음 문장에서 밑줄 친 漢字語의 讀音을 쓰시오.,尖銳하게 대립했던 양측은 한 발씩 讓步하여 안건을 妥結하였다.,妥結,,타결,타결,
3급,84,2019-02-23,10,dokeum_W,다음 문장에서 밑줄 친 漢字語의 讀音을 쓰시오.,그는 貪慾의 늪에서 脫皮하여 심신의 안정을 찾았다.,貪慾,,탐욕,탐욕,
3급,84,2019-02-23,11,dokeum_W,다음 문장에서 밑줄 친 漢字語의 讀音을 쓰시오.,그는 貪慾의 늪에서 脫皮하여 심신의 안정을 찾았다.,脫皮,,탈피,탈피,
3급,84,2019-02-23,12,dokeum_W,다음 문장에서 밑줄 친 漢字語의 讀音을 쓰시오.,인터넷에서 소문이 頗多하게 傳播되었다.,頗多,,파다,파다,
3급,84,2019-02-23,13,dokeum_W,다음 문장에서 밑줄 친 漢字語의 讀音을 쓰시오.,인터넷에서 소문이 頗多하게 傳播되었다.,傳播,,전파,전파,
3급,84,2019-02-23,14,dokeum_W,다음 문장에서 밑줄 친 漢字語의 讀音을 쓰시오.,난민을 嫌惡하는 대신 인류애를 發揮하자.,嫌惡,,혐오,혐오,
3급,84,2019-02-23,15,dokeum_W,다음 문장에서 밑줄 친 漢字語의 讀音을 쓰시오.,난민을 嫌惡하는 대신 인류애를 發揮하자.,發揮,,발휘,발휘,
3급,84,2019-02-23,16,dokeum_W,다음 문장에서 밑줄 친 漢字語의 讀音을 쓰시오.,그의 성공을 秋毫도 의심하지 않았다.,秋毫,,추호,추호,
3급,84,2019-02-23,17,dokeum_W,다음 문장에서 밑줄 친 漢字語의 讀音을 쓰시오.,근로자들은 도로 擴張 공사를 서두르고 있다.,擴張,,확장,확장,
3급,84,2019-02-23,18,dokeum_W,다음 문장에서 밑줄 친 漢字語의 讀音을 쓰시오.,기업 간에 기술 提携 협정을 맺었다.,提携,,제휴,제휴,
3급,84,2019-02-23,19,dokeum_W,다음 문장에서 밑줄 친 漢字語의 讀音을 쓰시오.,그는 臥病 중에 있는 노인을 찾아뵈었다.,臥病,,와병,와병,
3급,84,2019-02-23,20,dokeum_W,다음 문장에서 밑줄 친 漢字語의 讀音을 쓰시오.,선생님을 만나면 畏敬스러운 마음이 일어난다.,畏敬,,외경,외경,
3급,84,2019-02-23,21,dokeum_W,다음 漢字語의 讀音을 쓰시오.,連繫,連繫,,연계,연계,
3급,84,2019-02-23,22,dokeum_W,다음 漢字語의 讀音을 쓰시오.,糾明,糾明,,규명,규명,
3급,84,2019-02-23,23,dokeum_W,다음 漢字語의 讀音을 쓰시오.,跳躍,跳躍,,도약,도약,
3급,84,2019-02-23,24,dokeum_W,다음 漢字語의 讀音을 쓰시오.,苦惱,苦惱,,고뇌,고뇌,
3급,84,2019-02-23,25,dokeum_W,다음 漢字語의 讀音을 쓰시오.,愚鈍,愚鈍,,우둔,우둔,
3급,84,2019-02-23,26,dokeum_W,다음 漢字語의 讀音을 쓰시오.,騰落,騰落,,등락,등락,
3급,84,2019-02-23,27,dokeum_W,다음 漢字語의 讀音을 쓰시오.,棄却,棄却,,기각,기각,
3급,84,2019-02-23,28,dokeum_W,다음 漢字語의 讀音을 쓰시오.,廉價,廉價,,염가,염가,
3급,84,2019-02-23,29,dokeum_W,다음 漢字語의 讀音을 쓰시오.,隸屬,隸屬,,예속,예속,
3급,84,2019-02-23,30,dokeum_W,다음 漢字語의 讀音을 쓰시오.,官僚,官僚,,관료,관료,
3급,84,2019-02-23,31,dokeum_W,다음 漢字語의 讀音을 쓰시오.,罔測,罔測,,망측,망측,
3급,84,2019-02-23,32,dokeum_W,다음 漢字語의 讀音을 쓰시오.,機敏,機敏,,기민,기민,
3급,84,2019-02-23,33,dokeum_W,다음 漢字語의 讀音을 쓰시오.,埋伏,埋伏,,매복,매복,
3급,84,2019-02-23,34,dokeum_W,다음 漢字語의 讀音을 쓰시오.,干涉,干涉,,간섭,간섭,
3급,84,2019-02-23,35,dokeum_W,다음 漢字語의 讀音을 쓰시오.,凝縮,凝縮,,응축,응축,
3급,84,2019-02-23,36,dokeum_W,다음 漢字語의 讀音을 쓰시오.,頻煩,頻煩,,빈번,빈번,
3급,84,2019-02-23,37,dokeum_W,다음 漢字語의 讀音을 쓰시오.,午睡,午睡,,오수,오수,
3급,84,2019-02-23,38,dokeum_W,다음 漢字語의 讀音을 쓰시오.,參酌,參酌,,참작,참작,
3급,84,2019-02-23,39,dokeum_W,다음 漢字語의 讀音을 쓰시오.,冥想,冥想,,명상,명상,
3급,84,2019-02-23,40,dokeum_W,다음 漢字語의 讀音을 쓰시오.,推尋,推尋,,추심,추심,
3급,84,2019-02-23,41,dokeum_W,다음 漢字語의 讀音을 쓰시오.,方舟,方舟,,방주,방주,
3급,84,2019-02-23,42,dokeum_W,다음 漢字語의 讀音을 쓰시오.,崩御,崩御,,붕어,붕어,
3급,84,2019-02-23,43,dokeum_W,다음 漢字語의 讀音을 쓰시오.,汚點,汚點,,오점,오점,
3급,84,2019-02-23,44,dokeum_W,다음 漢字語의 讀音을 쓰시오.,癸丑,癸丑,,계축,계축,
3급,84,2019-02-23,45,dokeum_W,다음 漢字語의 讀音을 쓰시오.,皆勤,皆勤,,개근,개근,
3급,84,2019-02-23,46,huneum_W,다음 漢字의 訓과 音을 쓰시오.,贈,贈,,줄 증,줄 증,
3급,84,2019-02-23,47,huneum_W,다음 漢字의 訓과 音을 쓰시오.,替,替,,바꿀 체,바꿀 체,
3급,84,2019-02-23,48,huneum_W,다음 漢字의 訓과 音을 쓰시오.,慙,慙,,부끄러울 참,부끄러울 참,
3급,84,2019-02-23,49,huneum_W,다음 漢字의 訓과 音을 쓰시오.,墮,墮,,떨어질 타,떨어질 타,
3급,84,2019-02-23,50,huneum_W,다음 漢字의 訓과 音을 쓰시오.,遲,遲,,더딜/늦을 지,더딜/늦을 지,
3급,84,2019-02-23,51,huneum_W,다음 漢字의 訓과 音을 쓰시오.,旱,旱,,가물 한,가물 한,
3급,84,2019-02-23,52,huneum_W,다음 漢字의 訓과 音을 쓰시오.,霧,霧,,안개 무,안개 무,
3급,84,2019-02-23,53,huneum_W,다음 漢字의 訓과 音을 쓰시오.,互,互,,서로 호,서로 호,
3급,84,2019-02-23,54,huneum_W,다음 漢字의 訓과 音을 쓰시오.,姪,姪,,조카 질,조카 질,
3급,84,2019-02-23,55,huneum_W,다음 漢字의 訓과 音을 쓰시오.,肩,肩,,어깨 견,어깨 견,
3급,84,2019-02-23,56,huneum_W,다음 漢字의 訓과 音을 쓰시오.,斥,斥,,물리칠 척,물리칠 척,
3급,84,2019-02-23,57,huneum_W,다음 漢字의 訓과 音을 쓰시오.,掛,掛,,걸 괘,걸 괘,
3급,84,2019-02-23,58,huneum_W,다음 漢字의 訓과 音을 쓰시오.,晴,晴,,갤 청,갤 청,
3급,84,2019-02-23,59,huneum_W,다음 漢字의 訓과 音을 쓰시오.,濫,濫,,넘칠 람,넘칠 람,
3급,84,2019-02-23,60,huneum_W,다음 漢字의 訓과 音을 쓰시오.,濯,濯,,씻을 탁,씻을 탁,
3급,84,2019-02-23,61,huneum_W,다음 漢字의 訓과 音을 쓰시오.,某,某,,아무 모,아무 모,
3급,84,2019-02-23,62,huneum_W,다음 漢字의 訓과 音을 쓰시오.,昏,昏,,어두울 혼,어두울 혼,
3급,84,2019-02-23,63,huneum_W,다음 漢字의 訓과 音을 쓰시오.,捨,捨,,버릴 사,버릴 사,
3급,84,2019-02-23,64,huneum_W,다음 漢字의 訓과 音을 쓰시오.,欺,欺,,속일 기,속일 기,
3급,84,2019-02-23,65,huneum_W,다음 漢字의 訓과 音을 쓰시오.,搖,搖,,흔들 요,흔들 요,
3급,84,2019-02-23,66,huneum_W,다음 漢字의 訓과 音을 쓰시오.,了,了,,마칠 료,마칠 료,
3급,84,2019-02-23,67,huneum_W,다음 漢字의 訓과 音을 쓰시오.,墳,墳,,무덤 분,무덤 분,
3급,84,2019-02-23,68,huneum_W,다음 漢字의 訓과 音을 쓰시오.,遍,遍,,두루 편,두루 편,
3급,84,2019-02-23,69,huneum_W,다음 漢字의 訓과 音을 쓰시오.,醜,醜,,추할 추,추할 추,
3급,84,2019-02-23,70,huneum_W,다음 漢字의 訓과 音을 쓰시오.,伴,伴,,짝 반,짝 반,
3급,84,2019-02-23,71,huneum_W,다음 漢字의 訓과 音을 쓰시오.,暮,暮,,저물 모,저물 모,
3급,84,2019-02-23,72,huneum_W,다음 漢字의 訓과 音을 쓰시오.,穫,穫,,거둘 확,거둘 확,
3급,84,2019-02-23,73,jangeum_S,다음 중 첫 음절이 長音으로 발음되는 것을 고르시오.,,,"[""① 憤氣"", ""② 分期""]",①,① 憤氣,
3급,84,2019-02-23,74,jangeum_S,다음 중 첫 음절이 長音으로 발음되는 것을 고르시오.,,,"[""① 燒香"", ""② 所向""]",②,② 所向,
3급,84,2019-02-23,75,jangeum_S,다음 중 첫 음절이 長音으로 발음되는 것을 고르시오.,,,"[""① 修理"", ""② 數理""]",②,② 數理,
3급,84,2019-02-23,76,jangeum_S,다음 중 첫 음절이 長音으로 발음되는 것을 고르시오.,,,"[""① 影像"", ""② 零上""]",①,① 影像,
3급,84,2019-02-23,77,jangeum_S,다음 중 첫 음절이 長音으로 발음되는 것을 고르시오.,,,"[""① 雨水"", ""② 憂愁""]",①,① 雨水,
3급,84,2019-02-23,78,hanjaeo_W,다음 문장에서 밑줄 친 漢字語를 漢字(正字)로 쓰시오.,회사는 사람들의 소비 경향에서 착안하여 새로운 제품을 내어 놓았다.,소비,,消費,消費,
3급,84,2019-02-23,79,hanjaeo_W,다음 문장에서 밑줄 친 漢字語를 漢字(正字)로 쓰시오.,회사는 사람들의 소비 경향에서 착안하여 새로운 제품을 내어 놓았다.,착안,,着眼,着眼,
3급,84,2019-02-23,80,hanjaeo_W,다음 문장에서 밑줄 친 漢字語를 漢字(正字)로 쓰시오.,회사는 사람들의 소비 경향에서 착안하여 새로운 제품을 내어 놓았다.,제품,,製品,製品,
3급,84,2019-02-23,81,hanjaeo_W,다음 문장에서 밑줄 친 漢字語를 漢字(正字)로 쓰시오.,왕자들 사이에 서로 보위에 오르기 위해 암투가 벌어졌다.,보위,,寶位,寶位,
3급,84,2019-02-23,82,hanjaeo_W,다음 문장에서 밑줄 친 漢字語를 漢字(正字)로 쓰시오.,왕자들 사이에 서로 보위에 오르기 위해 암투가 벌어졌다.,암투,,暗鬪,暗鬪,
3급,84,2019-02-23,83,hanjaeo_W,다음 문장에서 밑줄 친 漢字語를 漢字(正字)로 쓰시오.,그는 실직 상태가 길어지자 그의 통장 잔액은 바닥이 났다.,실직,,失職,失職,
3급,84,2019-02-23,84,hanjaeo_W,다음 문장에서 밑줄 친 漢字語를 漢字(正字)로 쓰시오.,그는 실직 상태가 길어지자 그의 통장 잔액은 바닥이 났다.,통장,,通帳,通帳,
3급,84,2019-02-23,85,hanjaeo_W,다음 문장에서 밑줄 친 漢字語를 漢字(正字)로 쓰시오.,그는 실직 상태가 길어지자 그의 통장 잔액은 바닥이 났다.,잔액,,殘額,殘額,
3급,84,2019-02-23,86,hanjaeo_W,다음 문장에서 밑줄 친 漢字語를 漢字(正字)로 쓰시오.,그는 회사에 기여한 공로로 회사 창립 10주년에 수상을 했다.,기여,,寄與,寄與,
3급,84,2019-02-23,87,hanjaeo_W,다음 문장에서 밑줄 친 漢字語를 漢字(正字)로 쓰시오.,그는 회사에 기여한 공로로 회사 창립 10주년에 수상을 했다.,공로,,功勞,功勞,
3급,84,2019-02-23,88,hanjaeo_W,다음 문장에서 밑줄 친 漢字語를 漢字(正字)로 쓰시오.,그는 회사에 기여한 공로로 회사 창립 10주년에 수상을 했다.,수상,,受賞,受賞,
3급,84,2019-02-23,89,hanjaeo_W,다음 문장에서 밑줄 친 漢字語를 漢字(正字)로 쓰시오.,우리 야구팀은 9회 말 역전으로 경기를 끝냈다.,역전,,逆轉,逆轉,
3급,84,2019-02-23,90,hanjaeo_W,다음 문장에서 밑줄 친 漢字語를 漢字(正字)로 쓰시오.,우리 야구팀은 9회 말 역전으로 경기를 끝냈다.,경기,,競技,競技,
3급,84,2019-02-23,91,hanjaeo_W,다음 문장에서 밑줄 친 漢字語를 漢字(正字)로 쓰시오.,잔디밭의 잡초를 제거했다.,잡초,,雜草,雜草,
3급,84,2019-02-23,92,hanjaeo_W,다음 문장에서 밑줄 친 漢字語를 漢字(正字)로 쓰시오.,잔디밭의 잡초를 제거했다.,제거,,除去,除去,
3급,84,2019-02-23,93,hanjaeo_W,다음 문장에서 밑줄 친 漢字語를 漢字(正字)로 쓰시오.,"교육부는 학생들에게 연극, 영화 등의 관람을 권장했다.",연극,,演劇,演劇,
3급,84,2019-02-23,94,hanjaeo_W,다음 문장에서 밑줄 친 漢字語를 漢字(正字)로 쓰시오.,"교육부는 학생들에게 연극, 영화 등의 관람을 권장했다.",영화,,映畫,映畫,
3급,84,2019-02-23,95,hanjaeo_W,다음 문장에서 밑줄 친 漢字語를 漢字(正字)로 쓰시오.,"교육부는 학생들에게 연극, 영화 등의 관람을 권장했다.",관람,,觀覽,觀覽,
3급,84,2019-02-23,96,hanjaeo_W,다음 문장에서 밑줄 친 漢字語를 漢字(正字)로 쓰시오.,"교육부는 학생들에게 연극, 영화 등의 관람을 권장했다.",권장,,勸獎,勸獎,
3급,84,2019-02-23,97,hanjaeo_W,다음 문장에서 밑줄 친 漢字語를 漢字(正字)로 쓰시오.,경찰은 연말에 음주 운전 단속을 철저히 하였다.,음주,,飮酒,飮酒,
3급,84,2019-02-23,98,hanjaeo_W,다음 문장에서 밑줄 친 漢字語를 漢字(正字)로 쓰시오.,경찰은 연말에 음주 운전 단속을 철저히 하였다.,단속,,團束,團束,
3급,84,2019-02-23,99,hanjaeo_W,다음 문장에서 밑줄 친 漢字語를 漢字(正字)로 쓰시오.,그의 임무는 사람들의 동정을 살펴 상부에 보고하는 일이었다.,임무,,任務,任務,
3급,84,2019-02-23,100,hanjaeo_W,다음 문장에서 밑줄 친 漢字語를 漢字(正字)로 쓰시오.,그의 임무는 사람들의 동정을 살펴 상부에 보고하는 일이었다.,동정,,動靜,動靜,
3급,84,2019-02-23,101,hanjaeo_W,다음 문장에서 밑줄 친 漢字語를 漢字(正字)로 쓰시오.,그의 임무는 사람들의 동정을 살펴 상부에 보고하는 일이었다.,보고,,報告,報告,
3급,84,2019-02-23,102,hanjaeo_W,다음 문장에서 밑줄 친 漢字語를 漢字(正字)로 쓰시오.,세종시에는 많은 청사가 배치되어 있다.,청사,,廳舍,廳舍,
3급,84,2019-02-23,103,hanjaeo_W,다음 문장에서 밑줄 친 漢字語를 漢字(正字)로 쓰시오.,세종시에는 많은 청사가 배치되어 있다.,배치,,配置,配置,
3급,84,2019-02-23,104,hanjaeo_W,다음 문장에서 밑줄 친 漢字語를 漢字(正字)로 쓰시오.,늦가을 들판의 퇴색한 풀잎에서 계절의 변화를 느낄 수 있다.,퇴색,,退色,退色,
3급,84,2019-02-23,105,hanjaeo_W,다음 문장에서 밑줄 친 漢字語를 漢字(正字)로 쓰시오.,늦가을 들판의 퇴색한 풀잎에서 계절의 변화를 느낄 수 있다.,변화,,變化,變化,
3급,84,2019-02-23,106,hanjaeo_W,다음 문장에서 밑줄 친 漢字語를 漢字(正字)로 쓰시오.,허약해진 심신을 단련하다.,허약,,虛弱,虛弱,
3급,84,2019-02-23,107,hanjaeo_W,다음 문장에서 밑줄 친 漢字語를 漢字(正字)로 쓰시오.,시민들은 사회 규범에 따라 행동했다.,규범,,規範,規範,
3급,84,2019-02-23,108,yui_W,다음 漢字와 비슷한 뜻을 가진 漢字(正字)를 (            ) 안에 써서 문장에 적합한 漢字語가 되게 하시오.,대표단은 (      )悟를 단단히 하고 협상에 임하였다.,( )悟,,覺,覺,
3급,84,2019-02-23,109,yui_W,다음 漢字와 비슷한 뜻을 가진 漢字(正字)를 (            ) 안에 써서 문장에 적합한 漢字語가 되게 하시오.,(   )斜진 곳에 주차하면 위험할 수 있다.,( )斜,,傾,傾,
3급,84,2019-02-23,110,yui_W,다음 漢字와 비슷한 뜻을 가진 漢字(正字)를 (            ) 안에 써서 문장에 적합한 漢字語가 되게 하시오.,그 화가는 파리에 (      )留하며 그림 공부를 하였다.,( )留,,居,居,
3급,84,2019-02-23,111,yui_W,다음 漢字와 비슷한 뜻을 가진 漢字(正字)를 (            ) 안에 써서 문장에 적합한 漢字語가 되게 하시오.,貯(   )을 생활화하여 어려운 때를 대비한다.,貯( ),,蓄,蓄,
3급,84,2019-02-23,112,yui_W,다음 漢字와 비슷한 뜻을 가진 漢字(正字)를 (            ) 안에 써서 문장에 적합한 漢字語가 되게 하시오.,사기꾼은 巧(       )한 속임수를 썼다.,巧( ),,妙,妙,
3급,84,2019-02-23,113,banui_W,다음 漢字와 뜻이 反對 또는 相對되는 漢字(正字)를 (       ) 안에 써서 漢字語를 완성하시오.,사람이 살면서 吉(      )과 화복이 있기 마련이다.,吉( ),,凶,凶,
3급,84,2019-02-23,114,banui_W,다음 漢字와 뜻이 反對 또는 相對되는 漢字(正字)를 (       ) 안에 써서 漢字語를 완성하시오.,경기가 오르내림에 따라 소득 增(    )이 발생한다.,增( ),,減,減,
3급,84,2019-02-23,115,banui_W,다음 漢字와 뜻이 反對 또는 相對되는 漢字(正字)를 (       ) 안에 써서 漢字語를 완성하시오.,노년이 되어 뒤돌아보면 인생은 (   )辱의 세월이었다.,( )辱,,榮,榮,
3급,84,2019-02-23,116,banui_W,다음 漢字와 뜻이 反對 또는 相對되는 漢字(正字)를 (       ) 안에 써서 漢字語를 완성하시오.,사업의 (    )益을 따져 일을 추진한다.,( )益,,損,損,
3급,84,2019-02-23,117,banui_W,다음 漢字와 뜻이 反對 또는 相對되는 漢字(正字)를 (       ) 안에 써서 漢字語를 완성하시오.,양 팀은 (   )劣을 가리기 위해 연장전에 들어갔다.,( )劣,,優,優,
3급,84,2019-02-23,118,banuieo_W,다음 漢字語의 反對語 또는 相對語를 2음절로 된 漢字(正字)로 쓰시오.,緩慢 ↔ (    ),緩慢 ↔ ( ),,急激,急激,
3급,84,2019-02-23,119,banuieo_W,다음 漢字語의 反對語 또는 相對語를 2음절로 된 漢字(正字)로 쓰시오.,紛爭 ↔ (    ),紛爭 ↔ ( ),,和解,和解,
3급,84,2019-02-23,120,banuieo_W,다음 漢字語의 反對語 또는 相對語를 2음절로 된 漢字(正字)로 쓰시오.,模倣 ↔ (    ),模倣 ↔ ( ),,創造,創造,
3급,84,2019-02-23,121,banuieo_W,다음 漢字語의 反對語 또는 相對語를 2음절로 된 漢字(正字)로 쓰시오.,寬大 ↔ (     ),寬大 ↔ ( ),,嚴格,嚴格,
3급,84,2019-02-23,122,banuieo_W,다음 漢字語의 反對語 또는 相對語를 2음절로 된 漢字(正字)로 쓰시오.,悲哀 ↔ (     ),悲哀 ↔ ( ),,歡喜,歡喜,
3급,84,2019-02-23,123,dongeumeo_W,"다음 漢字語의 同音異義語를 漢字(正字)로 쓰되, 제시된 뜻에 맞는 것으로 하시오.","(先驅) - 야구에서, 타자가 투구의 볼과 스트라이크를 가려냄.",(先驅),,選球,選球,
3급,84,2019-02-23,124,dongeumeo_W,"다음 漢字語의 同音異義語를 漢字(正字)로 쓰되, 제시된 뜻에 맞는 것으로 하시오.",(野景) - 밤에 동네를 돌며 방범활동을 함.,(野景),,夜警,夜警,
3급,84,2019-02-23,125,dongeumeo_W,"다음 漢字語의 同音異義語를 漢字(正字)로 쓰되, 제시된 뜻에 맞는 것으로 하시오.",(絶世) - 적법하게 세금을 덜 냄.,(絶世),,節稅,節稅,
3급,84,2019-02-23,126,dongeumeo_W,"다음 漢字語의 同音異義語를 漢字(正字)로 쓰되, 제시된 뜻에 맞는 것으로 하시오.",(感謝) - 감독하고 검사함.,(感謝),,監査,監査,
3급,84,2019-02-23,127,dongeumeo_W,"다음 漢字語의 同音異義語를 漢字(正字)로 쓰되, 제시된 뜻에 맞는 것으로 하시오.",(矢人) - 옳다고 인정함.,(矢人),,是認,是認,
3급,84,2019-02-23,128,seongeo_W,다음 (         ) 안에 알맞은 漢字(正字)를 써서 四字成語를 완성하시오.,孤立無(     ) : 고립되어 도움 받을 만한 곳이 없음.,孤立無( ),,援,援,
3급,84,2019-02-23,129,seongeo_W,다음 (         ) 안에 알맞은 漢字(正字)를 써서 四字成語를 완성하시오.,獨不( )軍 : 남의 의견을 무시하고 저 혼자 모든 일을 처리함.,獨不( )軍,,將,將,
3급,84,2019-02-23,130,seongeo_W,다음 (         ) 안에 알맞은 漢字(正字)를 써서 四字成語를 완성하시오.,萬頃蒼(   ) : 한없이 넓고 푸른 바다.,萬頃蒼( ),,波,波,
3급,84,2019-02-23,131,seongeo_W,다음 (         ) 안에 알맞은 漢字(正字)를 써서 四字成語를 완성하시오.,(   )恩忘德 : 남한테 입은 은혜를 저버리고 은덕을 잊음.,( )恩忘德,,背,背,
3급,84,2019-02-23,132,seongeo_W,다음 (         ) 안에 알맞은 漢字(正字)를 써서 四字成語를 완성하시오.,塞翁之(   ) : 인생의 일은 항상 바뀌어 미리 점칠 수 없음.,塞翁之( ),,馬,馬,
3급,84,2019-02-23,133,seongeo_W,다음 (         ) 안에 알맞은 漢字(正字)를 써서 四字成語를 완성하시오.,送舊( )新 : 묵은해를 보내고 새해를 맞음.,送舊( )新,,迎,迎,
3급,84,2019-02-23,134,seongeo_W,다음 (         ) 안에 알맞은 漢字(正字)를 써서 四字成語를 완성하시오.,利用( )生 : 기물의 사용을 편리하게 하고 백성을 윤택하게 함.,利用( )生,,厚,厚,
3급,84,2019-02-23,135,seongeo_W,다음 (         ) 안에 알맞은 漢字(正字)를 써서 四字成語를 완성하시오.,種豆( )豆 : 콩 심은 데 콩 난다.,種豆( )豆,,得,得,
3급,84,2019-02-23,136,seongeo_W,다음 (         ) 안에 알맞은 漢字(正字)를 써서 四字成語를 완성하시오.,風前( )火 : 매우 위태로운 상황을 가리킴.,風前( )火,,燈,燈,
3급,84,2019-02-23,137,seongeo_W,다음 (         ) 안에 알맞은 漢字(正字)를 써서 四字成語를 완성하시오.,(   )談巷說 : 길거리에 떠도는 소문.,( )談巷說,,街,街,
3급,84,2019-02-23,138,busu_W,다음 漢字의 部首를 쓰시오.,牽,牽,,牛,牛,
3급,84,2019-02-23,139,busu_W,다음 漢字의 部首를 쓰시오.,卿,卿,,卩,卩,
3급,84,2019-02-23,140,busu_W,다음 漢字의 部首를 쓰시오.,梨,梨,,木,木,
3급,84,2019-02-23,141,busu_W,다음 漢字의 部首를 쓰시오.,似,似,,人(亻),人(亻),
3급,84,2019-02-23,142,busu_W,다음 漢字의 部首를 쓰시오.,云,云,,二,二,
3급,84,2019-02-23,143,yakja_W,다음 漢字의 略字를 쓰시오.,營,營,,営,営,
3급,84,2019-02-23,144,yakja_W,다음 漢字의 略字를 쓰시오.,證,證,,証,証,
3급,84,2019-02-23,145,yakja_W,다음 漢字의 略字를 쓰시오.,辭,辭,,辞,辞,
3급,84,2019-02-23,146,mean_W,다음 漢字語의 뜻을 쓰시오.,泣訴,泣訴,,눈물로 호소함,눈물로 호소함,
3급,84,2019-02-23,147,mean_W,다음 漢字語의 뜻을 쓰시오.,礎石,礎石,,주춧돌,주춧돌,
3급,84,2019-02-23,148,mean_W,다음 漢字語의 뜻을 쓰시오.,周遊,周遊,,두루 놀러 다님,두루 놀러 다님,
3급,84,2019-02-23,149,mean_W,다음 漢字語의 뜻을 쓰시오.,散髮,散髮,,머리를 풀어 헤침,머리를 풀어 헤침,
3급,84,2019-02-23,150,mean_W,다음 漢字語의 뜻을 쓰시오.,採鑛,採鑛,,광석을 캐어 냄,광석을 캐어 냄,
3급,85,2019-06-01,1,dokeum_W,다음 밑줄 친 漢字語의 讀音을 쓰시오.,"혼인할 것을 약속하고, 盟誓를 소중히 여기는 표시로 희생 짐승을 잡아 피를 머금었으니, 언제나 함께 親睦할 것이다.",盟誓,,맹세(서),맹세(서),
3급,85,2019-06-01,2,dokeum_W,다음 밑줄 친 漢字語의 讀音을 쓰시오.,"혼인할 것을 약속하고, 盟誓를 소중히 여기는 표시로 희생 짐승을 잡아 피를 머금었으니, 언제나 함께 親睦할 것이다.",親睦,,친목,친목,
3급,85,2019-06-01,3,dokeum_W,다음 밑줄 친 漢字語의 讀音을 쓰시오.,그건 어디까지나 그의 무의식적이면서도 巧妙한 僞裝이었을 뿐 그의 속에선 하나의 다부진 陰謀가 완성되고 있었다.,巧妙,,교묘,교묘,
3급,85,2019-06-01,4,dokeum_W,다음 밑줄 친 漢字語의 讀音을 쓰시오.,그건 어디까지나 그의 무의식적이면서도 巧妙한 僞裝이었을 뿐 그의 속에선 하나의 다부진 陰謀가 완성되고 있었다.,僞裝,,위장,위장,
3급,85,2019-06-01,5,dokeum_W,다음 밑줄 친 漢字語의 讀音을 쓰시오.,그건 어디까지나 그의 무의식적이면서도 巧妙한 僞裝이었을 뿐 그의 속에선 하나의 다부진 陰謀가 완성되고 있었다.,陰謀,,음모,음모,
3급,85,2019-06-01,6,dokeum_W,다음 밑줄 친 漢字語의 讀音을 쓰시오.,그렇게 두 무릎과 두 팔꿈치와 이마를 땅에 붙인 경건한 姿勢로 그 탄생과 消滅과 煩惱와 부처와 중생의 원천에 입을 맞추며 念佛을 해야 할 것이었다.,姿勢,,자세,자세,
3급,85,2019-06-01,7,dokeum_W,다음 밑줄 친 漢字語의 讀音을 쓰시오.,그렇게 두 무릎과 두 팔꿈치와 이마를 땅에 붙인 경건한 姿勢로 그 탄생과 消滅과 煩惱와 부처와 중생의 원천에 입을 맞추며 念佛을 해야 할 것이었다.,消滅,,소멸,소멸,
3급,85,2019-06-01,8,dokeum_W,다음 밑줄 친 漢字語의 讀音을 쓰시오.,그렇게 두 무릎과 두 팔꿈치와 이마를 땅에 붙인 경건한 姿勢로 그 탄생과 消滅과 煩惱와 부처와 중생의 원천에 입을 맞추며 念佛을 해야 할 것이었다.,煩惱,,번뇌,번뇌,
3급,85,2019-06-01,9,dokeum_W,다음 밑줄 친 漢字語의 讀音을 쓰시오.,그렇게 두 무릎과 두 팔꿈치와 이마를 땅에 붙인 경건한 姿勢로 그 탄생과 消滅과 煩惱와 부처와 중생의 원천에 입을 맞추며 念佛을 해야 할 것이었다.,念佛,,염불,염불,
3급,85,2019-06-01,10,dokeum_W,다음 밑줄 친 漢字語의 讀音을 쓰시오.,"繁昌 뒤의 외로움, 한편의 소리가 크면 클수록 한편의 沈默이 더욱더 두드러지듯이 박 의사는 사생활의 공허를 실감하지 않을 수 없다.",繁昌,,번창,번창,
3급,85,2019-06-01,11,dokeum_W,다음 밑줄 친 漢字語의 讀音을 쓰시오.,"繁昌 뒤의 외로움, 한편의 소리가 크면 클수록 한편의 沈默이 더욱더 두드러지듯이 박 의사는 사생활의 공허를 실감하지 않을 수 없다.",沈默,,침묵,침묵,
3급,85,2019-06-01,12,dokeum_W,다음 밑줄 친 漢字語의 讀音을 쓰시오.,창순은 왕한의 모호한 대답과 苟且한 態度에 점점 追窮하였다.,苟且,,구차,구차,
3급,85,2019-06-01,13,dokeum_W,다음 밑줄 친 漢字語의 讀音을 쓰시오.,창순은 왕한의 모호한 대답과 苟且한 態度에 점점 追窮하였다.,態度,,태도,태도,
3급,85,2019-06-01,14,dokeum_W,다음 밑줄 친 漢字語의 讀音을 쓰시오.,창순은 왕한의 모호한 대답과 苟且한 態度에 점점 追窮하였다.,追窮,,추궁,추궁,
3급,85,2019-06-01,15,dokeum_W,다음 밑줄 친 漢字語의 讀音을 쓰시오.,"睡眠 부족이 장기화, 일상화되면 慢性 疲勞에 시달리게 된다.",睡眠,,수면,수면,
3급,85,2019-06-01,16,dokeum_W,다음 밑줄 친 漢字語의 讀音을 쓰시오.,"睡眠 부족이 장기화, 일상화되면 慢性 疲勞에 시달리게 된다.",慢性,,만성,만성,
3급,85,2019-06-01,17,dokeum_W,다음 밑줄 친 漢字語의 讀音을 쓰시오.,"睡眠 부족이 장기화, 일상화되면 慢性 疲勞에 시달리게 된다.",疲勞,,피로,피로,
3급,85,2019-06-01,18,dokeum_W,다음 밑줄 친 漢字語의 讀音을 쓰시오.,일반 소비자들은 誇張 광고에 현혹되기 쉽다.,誇張,,과장,과장,
3급,85,2019-06-01,19,dokeum_W,다음 밑줄 친 漢字語의 讀音을 쓰시오.,자기희생적 奉仕와 獻身으로 일관된 일생.,奉仕,,봉사,봉사,
3급,85,2019-06-01,20,dokeum_W,다음 밑줄 친 漢字語의 讀音을 쓰시오.,자기희생적 奉仕와 獻身으로 일관된 일생.,獻身,,헌신,헌신,
3급,85,2019-06-01,21,dokeum_W,다음 漢字語의 讀音을 쓰시오.,稀微,稀微,,희미,희미,
3급,85,2019-06-01,22,dokeum_W,다음 漢字語의 讀音을 쓰시오.,端緖,端緖,,단서,단서,
3급,85,2019-06-01,23,dokeum_W,다음 漢字語의 讀音을 쓰시오.,赴任,赴任,,부임,부임,
3급,85,2019-06-01,24,dokeum_W,다음 漢字語의 讀音을 쓰시오.,誕辰,誕辰,,탄신,탄신,
3급,85,2019-06-01,25,dokeum_W,다음 漢字語의 讀音을 쓰시오.,肖像,肖像,,초상,초상,
3급,85,2019-06-01,26,dokeum_W,다음 漢字語의 讀音을 쓰시오.,軌道,軌道,,궤도,궤도,
3급,85,2019-06-01,27,dokeum_W,다음 漢字語의 讀音을 쓰시오.,廉恥,廉恥,,염치,염치,
3급,85,2019-06-01,28,dokeum_W,다음 漢字語의 讀音을 쓰시오.,垂直,垂直,,수직,수직,
3급,85,2019-06-01,29,dokeum_W,다음 漢字語의 讀音을 쓰시오.,渴症,渴症,,갈증,갈증,
3급,85,2019-06-01,30,dokeum_W,다음 漢字語의 讀音을 쓰시오.,推仰,推仰,,추앙,추앙,
3급,85,2019-06-01,31,dokeum_W,다음 漢字語의 讀音을 쓰시오.,透徹,透徹,,투철,투철,
3급,85,2019-06-01,32,dokeum_W,다음 漢字語의 讀音을 쓰시오.,派遣,派遣,,파견,파견,
3급,85,2019-06-01,33,dokeum_W,다음 漢字語의 讀音을 쓰시오.,提携,提携,,제휴,제휴,
3급,85,2019-06-01,34,dokeum_W,다음 漢字語의 讀音을 쓰시오.,銳敏,銳敏,,예민,예민,
3급,85,2019-06-01,35,dokeum_W,다음 漢字語의 讀音을 쓰시오.,拾萬,拾萬,,십만,십만,
3급,85,2019-06-01,36,dokeum_W,다음 漢字語의 讀音을 쓰시오.,賣却,賣却,,매각,매각,
3급,85,2019-06-01,37,dokeum_W,다음 漢字語의 讀音을 쓰시오.,朗誦,朗誦,,낭송,낭송,
3급,85,2019-06-01,38,dokeum_W,다음 漢字語의 讀音을 쓰시오.,要緊,要緊,,요긴,요긴,
3급,85,2019-06-01,39,dokeum_W,다음 漢字語의 讀音을 쓰시오.,畢竟,畢竟,,필경,필경,
3급,85,2019-06-01,40,dokeum_W,다음 漢字語의 讀音을 쓰시오.,敦篤,敦篤,,돈독,돈독,
3급,85,2019-06-01,41,dokeum_W,다음 漢字語의 讀音을 쓰시오.,頻發,頻發,,빈발,빈발,
3급,85,2019-06-01,42,dokeum_W,다음 漢字語의 讀音을 쓰시오.,包攝,包攝,,포섭,포섭,
3급,85,2019-06-01,43,dokeum_W,다음 漢字語의 讀音을 쓰시오.,容恕,容恕,,용서,용서,
3급,85,2019-06-01,44,dokeum_W,다음 漢字語의 讀音을 쓰시오.,愼重,愼重,,신중,신중,
3급,85,2019-06-01,45,dokeum_W,다음 漢字語의 讀音을 쓰시오.,慙悔,慙悔,,참회,참회,
3급,85,2019-06-01,46,huneum_W,다음 漢字의 訓・音을 쓰시오.,僧,僧,,중 승,중 승,
3급,85,2019-06-01,47,huneum_W,다음 漢字의 訓・音을 쓰시오.,恣,恣,,방자할/마음대로 자,방자할/마음대로 자,
3급,85,2019-06-01,48,huneum_W,다음 漢字의 訓・音을 쓰시오.,聰,聰,,귀밝을 총,귀밝을 총,
3급,85,2019-06-01,49,huneum_W,다음 漢字의 訓・音을 쓰시오.,莫,莫,,없을 막,없을 막,
3급,85,2019-06-01,50,huneum_W,다음 漢字의 訓・音을 쓰시오.,屯,屯,,진칠 둔,진칠 둔,
3급,85,2019-06-01,51,huneum_W,다음 漢字의 訓・音을 쓰시오.,肥,肥,,살찔 비,살찔 비,
3급,85,2019-06-01,52,huneum_W,다음 漢字의 訓・音을 쓰시오.,賃,賃,,품삯 임,품삯 임,
3급,85,2019-06-01,53,huneum_W,다음 漢字의 訓・音을 쓰시오.,亨,亨,,형통할 형,형통할 형,
3급,85,2019-06-01,54,huneum_W,다음 漢字의 訓・音을 쓰시오.,燭,燭,,촛불 촉,촛불 촉,
3급,85,2019-06-01,55,huneum_W,다음 漢字의 訓・音을 쓰시오.,堤,堤,,둑 제,둑 제,
3급,85,2019-06-01,56,huneum_W,다음 漢字의 訓・音을 쓰시오.,泰,泰,,클 태,클 태,
3급,85,2019-06-01,57,huneum_W,다음 漢字의 訓・音을 쓰시오.,遍,遍,,두루 편,두루 편,
3급,85,2019-06-01,58,huneum_W,다음 漢字의 訓・音을 쓰시오.,宜,宜,,마땅 의,마땅 의,
3급,85,2019-06-01,59,huneum_W,다음 漢字의 訓・音을 쓰시오.,須,須,,모름지기 수,모름지기 수,
3급,85,2019-06-01,60,huneum_W,다음 漢字의 訓・音을 쓰시오.,置,置,,둘 치,둘 치,
3급,85,2019-06-01,61,huneum_W,다음 漢字의 訓・音을 쓰시오.,斗,斗,,말 두,말 두,
3급,85,2019-06-01,62,huneum_W,다음 漢字의 訓・音을 쓰시오.,堅,堅,,굳을 견,굳을 견,
3급,85,2019-06-01,63,huneum_W,다음 漢字의 訓・音을 쓰시오.,凍,凍,,얼 동,얼 동,
3급,85,2019-06-01,64,huneum_W,다음 漢字의 訓・音을 쓰시오.,祀,祀,,제사 사,제사 사,
3급,85,2019-06-01,65,huneum_W,다음 漢字의 訓・音을 쓰시오.,裕,裕,,넉넉할 유,넉넉할 유,
3급,85,2019-06-01,66,huneum_W,다음 漢字의 訓・音을 쓰시오.,汗,汗,,땀 한,땀 한,
3급,85,2019-06-01,67,huneum_W,다음 漢字의 訓・音을 쓰시오.,湯,湯,,끓을 탕,끓을 탕,
3급,85,2019-06-01,68,huneum_W,다음 漢字의 訓・音을 쓰시오.,替,替,,바꿀 체,바꿀 체,
3급,85,2019-06-01,69,huneum_W,다음 漢字의 訓・音을 쓰시오.,崇,崇,,높을 숭,높을 숭,
3급,85,2019-06-01,70,huneum_W,다음 漢字의 訓・音을 쓰시오.,佐,佐,,도울 좌,도울 좌,
3급,85,2019-06-01,71,huneum_W,다음 漢字의 訓・音을 쓰시오.,詠,詠,,읊을 영,읊을 영,
3급,85,2019-06-01,72,huneum_W,다음 漢字의 訓・音을 쓰시오.,販,販,,팔 판,팔 판,
3급,85,2019-06-01,73,hanjaeo_W,다음 밑줄 친 漢字語를 漢字[正字]로 쓰시오.,그녀는 병원에서 환자의 간호를 정성껏 하여 빨리 회복시켰다.,병원,,病院,病院,
3급,85,2019-06-01,74,hanjaeo_W,다음 밑줄 친 漢字語를 漢字[正字]로 쓰시오.,그녀는 병원에서 환자의 간호를 정성껏 하여 빨리 회복시켰다.,환자,,患者,患者,
3급,85,2019-06-01,75,hanjaeo_W,다음 밑줄 친 漢字語를 漢字[正字]로 쓰시오.,그녀는 병원에서 환자의 간호를 정성껏 하여 빨리 회복시켰다.,간호,,看護,看護,
3급,85,2019-06-01,76,hanjaeo_W,다음 밑줄 친 漢字語를 漢字[正字]로 쓰시오.,그녀는 병원에서 환자의 간호를 정성껏 하여 빨리 회복시켰다.,정성,,精誠,精誠,
3급,85,2019-06-01,77,hanjaeo_W,다음 밑줄 친 漢字語를 漢字[正字]로 쓰시오.,만선의 기쁨을 안고 포구에 귀항하다.,만선,,滿船,滿船,
3급,85,2019-06-01,78,hanjaeo_W,다음 밑줄 친 漢字語를 漢字[正字]로 쓰시오.,만선의 기쁨을 안고 포구에 귀항하다.,귀항,,歸港,歸港,
3급,85,2019-06-01,79,hanjaeo_W,다음 밑줄 친 漢字語를 漢字[正字]로 쓰시오.,세심한 배려에 온정을 느꼈다.,세심,,細心,細心,
3급,85,2019-06-01,80,hanjaeo_W,다음 밑줄 친 漢字語를 漢字[正字]로 쓰시오.,세심한 배려에 온정을 느꼈다.,배려,,配慮,配慮,
3급,85,2019-06-01,81,hanjaeo_W,다음 밑줄 친 漢字語를 漢字[正字]로 쓰시오.,세심한 배려에 온정을 느꼈다.,온정,,溫情,溫情,
3급,85,2019-06-01,82,hanjaeo_W,다음 밑줄 친 漢字語를 漢字[正字]로 쓰시오.,죽음 자체가 야속한 게 아니라 영원히 이별해야 한다는 엄연한 사실이 견딜 수 없이 슬프다.,자체,,自體,自體,
3급,85,2019-06-01,83,hanjaeo_W,다음 밑줄 친 漢字語를 漢字[正字]로 쓰시오.,죽음 자체가 야속한 게 아니라 영원히 이별해야 한다는 엄연한 사실이 견딜 수 없이 슬프다.,영원,,永遠,永遠,
3급,85,2019-06-01,84,hanjaeo_W,다음 밑줄 친 漢字語를 漢字[正字]로 쓰시오.,죽음 자체가 야속한 게 아니라 영원히 이별해야 한다는 엄연한 사실이 견딜 수 없이 슬프다.,이별,,離別,離別,
3급,85,2019-06-01,85,hanjaeo_W,다음 밑줄 친 漢字語를 漢字[正字]로 쓰시오.,죽음 자체가 야속한 게 아니라 영원히 이별해야 한다는 엄연한 사실이 견딜 수 없이 슬프다.,사실,,事實,事實,
3급,85,2019-06-01,86,hanjaeo_W,다음 밑줄 친 漢字語를 漢字[正字]로 쓰시오.,그때에는 위생병이 실내에 자기 약낭을 가지고 대기 중이었으므로 중위의 명령에 따라서 또 한 번 주사를 놓았습니다.,위생병,,衛生兵,衛生兵,
3급,85,2019-06-01,87,hanjaeo_W,다음 밑줄 친 漢字語를 漢字[正字]로 쓰시오.,그때에는 위생병이 실내에 자기 약낭을 가지고 대기 중이었으므로 중위의 명령에 따라서 또 한 번 주사를 놓았습니다.,실내,,室內,室內,
3급,85,2019-06-01,88,hanjaeo_W,다음 밑줄 친 漢字語를 漢字[正字]로 쓰시오.,그때에는 위생병이 실내에 자기 약낭을 가지고 대기 중이었으므로 중위의 명령에 따라서 또 한 번 주사를 놓았습니다.,대기,,待機,待機,
3급,85,2019-06-01,89,hanjaeo_W,다음 밑줄 친 漢字語를 漢字[正字]로 쓰시오.,그때에는 위생병이 실내에 자기 약낭을 가지고 대기 중이었으므로 중위의 명령에 따라서 또 한 번 주사를 놓았습니다.,명령,,命令,命令,
3급,85,2019-06-01,90,hanjaeo_W,다음 밑줄 친 漢字語를 漢字[正字]로 쓰시오.,그때에는 위생병이 실내에 자기 약낭을 가지고 대기 중이었으므로 중위의 명령에 따라서 또 한 번 주사를 놓았습니다.,주사,,注射,注射,
3급,85,2019-06-01,91,hanjaeo_W,다음 밑줄 친 漢字語를 漢字[正字]로 쓰시오.,공장 감독의 허가 없이는 취재를 할 수 없음을 이해해 주십시오.,공장,,工場,工場,
3급,85,2019-06-01,92,hanjaeo_W,다음 밑줄 친 漢字語를 漢字[正字]로 쓰시오.,공장 감독의 허가 없이는 취재를 할 수 없음을 이해해 주십시오.,감독,,監督,監督,
3급,85,2019-06-01,93,hanjaeo_W,다음 밑줄 친 漢字語를 漢字[正字]로 쓰시오.,공장 감독의 허가 없이는 취재를 할 수 없음을 이해해 주십시오.,허가,,許可,許可,
3급,85,2019-06-01,94,hanjaeo_W,다음 밑줄 친 漢字語를 漢字[正字]로 쓰시오.,공장 감독의 허가 없이는 취재를 할 수 없음을 이해해 주십시오.,취재,,取材,取材,
3급,85,2019-06-01,95,hanjaeo_W,다음 밑줄 친 漢字語를 漢字[正字]로 쓰시오.,비평가들이 호평한 작품일지라도 독자들에게 외면당하는 작품이 의외로 많았다.,호평,,好評,好評,
3급,85,2019-06-01,96,hanjaeo_W,다음 밑줄 친 漢字語를 漢字[正字]로 쓰시오.,비평가들이 호평한 작품일지라도 독자들에게 외면당하는 작품이 의외로 많았다.,외면,,外面,外面,
3급,85,2019-06-01,97,hanjaeo_W,다음 밑줄 친 漢字語를 漢字[正字]로 쓰시오.,그는 진로에 대해 심사숙고 끝에 최종 결단을 내렸다.,진로,,進路,進路,
3급,85,2019-06-01,98,hanjaeo_W,다음 밑줄 친 漢字語를 漢字[正字]로 쓰시오.,그는 진로에 대해 심사숙고 끝에 최종 결단을 내렸다.,심사,,深思,深思,
3급,85,2019-06-01,99,hanjaeo_W,다음 밑줄 친 漢字語를 漢字[正字]로 쓰시오.,그는 진로에 대해 심사숙고 끝에 최종 결단을 내렸다.,최종,,最終,最終,
3급,85,2019-06-01,100,hanjaeo_W,다음 밑줄 친 漢字語를 漢字[正字]로 쓰시오.,그는 진로에 대해 심사숙고 끝에 최종 결단을 내렸다.,결단,,決斷,決斷,
3급,85,2019-06-01,101,hanjaeo_W,다음 밑줄 친 漢字語를 漢字[正字]로 쓰시오.,유목민은 일정한 거주지가 없고 초원을 따라 유랑한다.,거주지,,居住地,居住地,
3급,85,2019-06-01,102,hanjaeo_W,다음 밑줄 친 漢字語를 漢字[正字]로 쓰시오.,유목민은 일정한 거주지가 없고 초원을 따라 유랑한다.,초원,,草原,草原,
3급,85,2019-06-01,103,jangeum_S,다음 漢字語 중 첫음절이 長音으로 발음되는 것의 번호를 쓰시오.,,,"[""① 裁判"", ""② 再版""]",②,② 再版,
3급,85,2019-06-01,104,jangeum_S,다음 漢字語 중 첫음절이 長音으로 발음되는 것의 번호를 쓰시오.,,,"[""① 古城"", ""② 高聲""]",①,① 古城,
3급,85,2019-06-01,105,jangeum_S,다음 漢字語 중 첫음절이 長音으로 발음되는 것의 번호를 쓰시오.,,,"[""① 江邊"", ""② 強辯""]",②,② 強辯,
3급,85,2019-06-01,106,jangeum_S,다음 漢字語 중 첫음절이 長音으로 발음되는 것의 번호를 쓰시오.,,,"[""① 是認"", ""② 詩人""]",①,① 是認,
3급,85,2019-06-01,107,jangeum_S,다음 漢字語 중 첫음절이 長音으로 발음되는 것의 번호를 쓰시오.,,,"[""① 想起"", ""② 詳記""]",①,① 想起,
3급,85,2019-06-01,108,banui_W,다음 漢字와 뜻이 對立되는 漢字를 써 넣어 漢字語를 완성하시오.,(   ) ↔ 廢,( ) ↔ 廢,,存,存,
3급,85,2019-06-01,109,banui_W,다음 漢字와 뜻이 對立되는 漢字를 써 넣어 漢字語를 완성하시오.,(   ) ↔ 醜,( ) ↔ 醜,,美,美,
3급,85,2019-06-01,110,banui_W,다음 漢字와 뜻이 對立되는 漢字를 써 넣어 漢字語를 완성하시오.,班 ↔ ( ),班 ↔ ( ),,常,常,
3급,85,2019-06-01,111,banui_W,다음 漢字와 뜻이 對立되는 漢字를 써 넣어 漢字語를 완성하시오.,(   ) ↔ 緯,( ) ↔ 緯,,經,經,
3급,85,2019-06-01,112,banui_W,다음 漢字와 뜻이 對立되는 漢字를 써 넣어 漢字語를 완성하시오.,(   ) ↔ 劣,( ) ↔ 劣,,優,優,
3급,85,2019-06-01,113,banuieo_W,다음 漢字語의 反義語를 漢字(正字)로 쓰시오.,偏頗 ↔ (        ),偏頗 ↔ ( ),,公平,公平,
3급,85,2019-06-01,114,banuieo_W,다음 漢字語의 反義語를 漢字(正字)로 쓰시오.,濫用 ↔ (        ),濫用 ↔ ( ),,節約,節約,
3급,85,2019-06-01,115,banuieo_W,다음 漢字語의 反義語를 漢字(正字)로 쓰시오.,歲暮 ↔ (        ),歲暮 ↔ ( ),,年頭,年頭,
3급,85,2019-06-01,116,banuieo_W,다음 漢字語의 反義語를 漢字(正字)로 쓰시오.,左遷 ↔ (        ),左遷 ↔ ( ),,榮轉,榮轉,
3급,85,2019-06-01,117,banuieo_W,다음 漢字語의 反義語를 漢字(正字)로 쓰시오.,騰貴 ↔ (        ),騰貴 ↔ ( ),,下落,下落,
3급,85,2019-06-01,118,yui_W,다음 (          )안에 비슷한 뜻을 가진 漢字(正字)를 써넣어 널리 쓰이는 單語를 완성하시오.,(   ) - 隔,( ) - 隔,,間,間,
3급,85,2019-06-01,119,yui_W,다음 (          )안에 비슷한 뜻을 가진 漢字(正字)를 써넣어 널리 쓰이는 單語를 완성하시오.,衝 - ( ),衝 - ( ),,激,激,
3급,85,2019-06-01,120,yui_W,다음 (          )안에 비슷한 뜻을 가진 漢字(正字)를 써넣어 널리 쓰이는 單語를 완성하시오.,遵 - (   ),遵 - ( ),,守,守,
3급,85,2019-06-01,121,yui_W,다음 (          )안에 비슷한 뜻을 가진 漢字(正字)를 써넣어 널리 쓰이는 單語를 완성하시오.,希 - (   ),希 - ( ),,望,望,
3급,85,2019-06-01,122,yui_W,다음 (          )안에 비슷한 뜻을 가진 漢字(正字)를 써넣어 널리 쓰이는 單語를 완성하시오.,均 - (   ),均 - ( ),,等,等,
3급,85,2019-06-01,123,seongeo_W,다음 (         ) 안에 알맞은 漢字(正字)를 넣어 뜻에 맞는 四字成語를 완성하시오.,搖之不(        ) ; 흔들어도 꼼짝 않음.,搖之不( ),,動,動,
3급,85,2019-06-01,124,seongeo_W,다음 (         ) 안에 알맞은 漢字(正字)를 넣어 뜻에 맞는 四字成語를 완성하시오.,(   )陵桃源 ; 속세를 떠난 별천지.,( )陵桃源,,武,武,
3급,85,2019-06-01,125,seongeo_W,다음 (         ) 안에 알맞은 漢字(正字)를 넣어 뜻에 맞는 四字成語를 완성하시오.,(   )狗風月 ; 서당 개 삼년이면 풍월을 읊는다.,( )狗風月,,堂,堂,
3급,85,2019-06-01,126,seongeo_W,다음 (         ) 안에 알맞은 漢字(正字)를 넣어 뜻에 맞는 四字成語를 완성하시오.,今(    )初聞 ; 바로 지금 처음으로 들음.,今( )初聞,,始,始,
3급,85,2019-06-01,127,seongeo_W,다음 (         ) 안에 알맞은 漢字(正字)를 넣어 뜻에 맞는 四字成語를 완성하시오.,賢母( )妻 ; 어진 어머니이면서 착한 아내.,賢母( )妻,,良,良,
3급,85,2019-06-01,128,seongeo_W,다음 (         ) 안에 알맞은 漢字(正字)를 넣어 뜻에 맞는 四字成語를 완성하시오.,咸興差(    ) ; 한번 가면 감감 무소식이라는 말.,咸興差( ),,使,使,
3급,85,2019-06-01,129,seongeo_W,다음 (         ) 안에 알맞은 漢字(正字)를 넣어 뜻에 맞는 四字成語를 완성하시오.,忠言( )耳 ; 바르게 타이르는 말일수록 듣기 싫다.,忠言( )耳,,逆,逆,
3급,85,2019-06-01,130,seongeo_W,다음 (         ) 안에 알맞은 漢字(正字)를 넣어 뜻에 맞는 四字成語를 완성하시오.,貪(    )汚吏 ; 탐욕이 많고 행실이 깨끗지 못한 벼슬아치.,貪( )汚吏,,官,官,
3급,85,2019-06-01,131,seongeo_W,다음 (         ) 안에 알맞은 漢字(正字)를 넣어 뜻에 맞는 四字成語를 완성하시오.,抱腹( )倒 ; 아주 우스운 형세.,抱腹( )倒,,絶,絶,
3급,85,2019-06-01,132,seongeo_W,다음 (         ) 안에 알맞은 漢字(正字)를 넣어 뜻에 맞는 四字成語를 완성하시오.,(    )履薄氷 ; 살얼음을 밟는 것과 같다는 것으로 아슬아슬하고 불안한 지경.,( )履薄氷,,如,如,
3급,85,2019-06-01,133,busu_W,다음 漢字의 部首를 쓰시오.,于,于,,二,二,
3급,85,2019-06-01,134,busu_W,다음 漢字의 部首를 쓰시오.,化,化,,匕,匕,
3급,85,2019-06-01,135,busu_W,다음 漢字의 部首를 쓰시오.,狂,狂,,犭(犬),犭(犬),
3급,85,2019-06-01,136,busu_W,다음 漢字의 部首를 쓰시오.,衰,衰,,衣,衣,
3급,85,2019-06-01,137,busu_W,다음 漢字의 部首를 쓰시오.,麥,麥,,麥,麥,
3급,85,2019-06-01,138,dongeumeo_W,다음 漢字語의 同音異義語를 제시된 뜻에 맞추어 漢字(正字)로 쓰시오.,(利息) - 옮겨서 심음.,(利息),,移植,移植,
3급,85,2019-06-01,139,dongeumeo_W,다음 漢字語의 同音異義語를 제시된 뜻에 맞추어 漢字(正字)로 쓰시오.,(女婢) - 여행하는 데 드는 비용.,(女婢),,旅費,旅費,
3급,85,2019-06-01,140,dongeumeo_W,다음 漢字語의 同音異義語를 제시된 뜻에 맞추어 漢字(正字)로 쓰시오.,(肅然) - 오래 묵은 인연.,(肅然),,宿緣,宿緣,
3급,85,2019-06-01,141,dongeumeo_W,다음 漢字語의 同音異義語를 제시된 뜻에 맞추어 漢字(正字)로 쓰시오.,(踏査) - 환영사 따위에 답하는 말.,(踏査),,答辭,答辭,
3급,85,2019-06-01,142,dongeumeo_W,다음 漢字語의 同音異義語를 제시된 뜻에 맞추어 漢字(正字)로 쓰시오.,(給田) - 급하게 쓸 돈.,(給田),,急錢,急錢,
3급,85,2019-06-01,143,yakja_W,다음 漢字의 略字를 쓰시오.,禮,禮,,礼,礼,
3급,85,2019-06-01,144,yakja_W,다음 漢字의 略字를 쓰시오.,價,價,,価,価,
3급,85,2019-06-01,145,yakja_W,다음 漢字의 略字를 쓰시오.,蟲,蟲,,虫,虫,
3급,85,2019-06-01,146,mean_W,다음 漢字語의 뜻을 쓰시오.,克己,克己,,"자기를 이김, 욕심을 눌러 이김.","자기를 이김, 욕심을 눌러 이김.",
3급,85,2019-06-01,147,mean_W,다음 漢字語의 뜻을 쓰시오.,蛇足,蛇足,,쓸데없는 짓.,쓸데없는 짓.,
3급,85,2019-06-01,148,mean_W,다음 漢字語의 뜻을 쓰시오.,血肉,血肉,,피붙이.,피붙이.,
3급,85,2019-06-01,149,mean_W,다음 漢字語의 뜻을 쓰시오.,壓卷,壓卷,,제일 잘 된 책이나 작품.,제일 잘 된 책이나 작품.,
3급,85,2019-06-01,150,mean_W,다음 漢字語의 뜻을 쓰시오.,婚需,婚需,,결혼에 드는 물품.,결혼에 드는 물품.,
3급,86,2019-08-24,1,dokeum_W,다음 문장에서 밑줄 친 漢字語의 讀音을 쓰시오.,어린이 유괴는 윤리적으로나 도덕적으로 默過할 수 없는 죄악이다.,默過,,묵과,묵과,
3급,86,2019-08-24,2,dokeum_W,다음 문장에서 밑줄 친 漢字語의 讀音을 쓰시오.,배춧값이 暴騰해서 김장을 조금만 했다.,暴騰,,폭등,폭등,
3급,86,2019-08-24,3,dokeum_W,다음 문장에서 밑줄 친 漢字語의 讀音을 쓰시오.,우리 학교에서는 증권 전문가를 招聘하여 강연을 들었다.,招聘,,초빙,초빙,
3급,86,2019-08-24,4,dokeum_W,다음 문장에서 밑줄 친 漢字語의 讀音을 쓰시오.,그는 일어를 능숙하게 驅使한다.,驅使,,구사,구사,
3급,86,2019-08-24,5,dokeum_W,다음 문장에서 밑줄 친 漢字語의 讀音을 쓰시오.,너는 매일 빈한하고 苟且한 이야기밖에 못 하냐?,苟且,,구차,구차,
3급,86,2019-08-24,6,dokeum_W,다음 문장에서 밑줄 친 漢字語의 讀音을 쓰시오.,과거를 踏襲하는 한 발전은 없다.,踏襲,,답습,답습,
3급,86,2019-08-24,7,dokeum_W,다음 문장에서 밑줄 친 漢字語의 讀音을 쓰시오.,이 문장은 주어와 목적어의 어순이 倒置되었다.,倒置,,도치,도치,
3급,86,2019-08-24,8,dokeum_W,다음 문장에서 밑줄 친 漢字語의 讀音을 쓰시오.,그녀는 모든 재산을 대학에 장학금으로 寄贈하였다.,寄贈,,기증,기증,
3급,86,2019-08-24,9,dokeum_W,다음 문장에서 밑줄 친 漢字語의 讀音을 쓰시오.,이번 일로 우리들은 더한층 敦篤한 사이가 되었다.,敦篤,,돈독,돈독,
3급,86,2019-08-24,10,dokeum_W,다음 문장에서 밑줄 친 漢字語의 讀音을 쓰시오.,어설픈 계획으로 우리의 여행은 霧散되었다.,霧散,,무산,무산,
3급,86,2019-08-24,11,dokeum_W,다음 문장에서 밑줄 친 漢字語의 讀音을 쓰시오.,정해진 방침을 우리 마음대로 飜覆할 수는 없다.,飜覆,,번복,번복,
3급,86,2019-08-24,12,dokeum_W,다음 문장에서 밑줄 친 漢字語의 讀音을 쓰시오.,飢餓로 고통 받고 있는 나라를 도와야 합니다.,飢餓,,기아,기아,
3급,86,2019-08-24,13,dokeum_W,다음 문장에서 밑줄 친 漢字語의 讀音을 쓰시오.,그 鹽田의 소금은 질이 좋기로 유명하다.,鹽田,,염전,염전,
3급,86,2019-08-24,14,dokeum_W,다음 문장에서 밑줄 친 漢字語의 讀音을 쓰시오.,이 아파트는 서민들에게 賃貸될 것입니다.,賃貸,,임대,임대,
3급,86,2019-08-24,15,dokeum_W,다음 문장에서 밑줄 친 漢字語의 讀音을 쓰시오.,세종은 중신들을 불러 御殿 회의를 열었다.,御殿,,어전,어전,
3급,86,2019-08-24,16,dokeum_W,다음 문장에서 밑줄 친 漢字語의 讀音을 쓰시오.,그런저런 사정으로 회의 시간이 遲延되었다.,遲延,,지연,지연,
3급,86,2019-08-24,17,dokeum_W,다음 문장에서 밑줄 친 漢字語의 讀音을 쓰시오.,추석에 부모님께 드릴 건강식품 좀 推薦해 주세요.,推薦,,추천,추천,
3급,86,2019-08-24,18,dokeum_W,다음 문장에서 밑줄 친 漢字語의 讀音을 쓰시오.,해커는 남의 컴퓨터에 浸透해 자료를 망가뜨린다.,浸透,,침투,침투,
3급,86,2019-08-24,19,dokeum_W,다음 문장에서 밑줄 친 漢字語의 讀音을 쓰시오.,"전하, 저희들의 억울함을 부디 洞燭해 주시옵소서.",洞燭,,통촉,통촉,
3급,86,2019-08-24,20,dokeum_W,다음 문장에서 밑줄 친 漢字語의 讀音을 쓰시오.,그곳까지 걸어갈 생각을 하니 갈 길이 茫漠하다.,茫漠,,망막,망막,
3급,86,2019-08-24,21,dokeum_W,다음 漢字語의 讀音을 쓰시오.,宣誓,宣誓,,선서,선서,
3급,86,2019-08-24,22,dokeum_W,다음 漢字語의 讀音을 쓰시오.,蜂蜜,蜂蜜,,봉밀,봉밀,
3급,86,2019-08-24,23,dokeum_W,다음 漢字語의 讀音을 쓰시오.,隣接,隣接,,인접,인접,
3급,86,2019-08-24,24,dokeum_W,다음 漢字語의 讀音을 쓰시오.,喪輿,喪輿,,상여,상여,
3급,86,2019-08-24,25,dokeum_W,다음 漢字語의 讀音을 쓰시오.,模倣,模倣,,모방,모방,
3급,86,2019-08-24,26,dokeum_W,다음 漢字語의 讀音을 쓰시오.,崩壞,崩壞,,붕괴,붕괴,
3급,86,2019-08-24,27,dokeum_W,다음 漢字語의 讀音을 쓰시오.,乾杯,乾杯,,건배,건배,
3급,86,2019-08-24,28,dokeum_W,다음 漢字語의 讀音을 쓰시오.,搜索,搜索,,수색,수색,
3급,86,2019-08-24,29,dokeum_W,다음 漢字語의 讀音을 쓰시오.,渴症,渴症,,갈증,갈증,
3급,86,2019-08-24,30,dokeum_W,다음 漢字語의 讀音을 쓰시오.,派遣,派遣,,파견,파견,
3급,86,2019-08-24,31,dokeum_W,다음 漢字語의 讀音을 쓰시오.,憤慨,憤慨,,분개,분개,
3급,86,2019-08-24,32,dokeum_W,다음 漢字語의 讀音을 쓰시오.,聯邦,聯邦,,연방,연방,
3급,86,2019-08-24,33,dokeum_W,다음 漢字語의 讀音을 쓰시오.,忌避,忌避,,기피,기피,
3급,86,2019-08-24,34,dokeum_W,다음 漢字語의 讀音을 쓰시오.,淡泊,淡泊,,담박,담박,
3급,86,2019-08-24,35,dokeum_W,다음 漢字語의 讀音을 쓰시오.,銳鈍,銳鈍,,예둔,예둔,
3급,86,2019-08-24,36,dokeum_W,다음 漢字語의 讀音을 쓰시오.,獎勵,獎勵,,장려,장려,
3급,86,2019-08-24,37,dokeum_W,다음 漢字語의 讀音을 쓰시오.,廉恥,廉恥,,염치,염치,
3급,86,2019-08-24,38,dokeum_W,다음 漢字語의 讀音을 쓰시오.,應募,應募,,응모,응모,
3급,86,2019-08-24,39,dokeum_W,다음 漢字語의 讀音을 쓰시오.,詐稱,詐稱,,사칭,사칭,
3급,86,2019-08-24,40,dokeum_W,다음 漢字語의 讀音을 쓰시오.,菜蔬,菜蔬,,채소,채소,
3급,86,2019-08-24,41,dokeum_W,다음 漢字語의 讀音을 쓰시오.,擁護,擁護,,옹호,옹호,
3급,86,2019-08-24,42,dokeum_W,다음 漢字語의 讀音을 쓰시오.,違憲,違憲,,위헌,위헌,
3급,86,2019-08-24,43,dokeum_W,다음 漢字語의 讀音을 쓰시오.,補佐,補佐,,보좌,보좌,
3급,86,2019-08-24,44,dokeum_W,다음 漢字語의 讀音을 쓰시오.,振幅,振幅,,진폭,진폭,
3급,86,2019-08-24,45,dokeum_W,다음 漢字語의 讀音을 쓰시오.,販促,販促,,판촉,판촉,
3급,86,2019-08-24,46,huneum_W,다음 漢字의 訓과 音을 쓰시오.,屯,屯,,진칠 둔,진칠 둔,
3급,86,2019-08-24,47,huneum_W,다음 漢字의 訓과 音을 쓰시오.,弘,弘,,클 홍,클 홍,
3급,86,2019-08-24,48,huneum_W,다음 漢字의 訓과 音을 쓰시오.,乞,乞,,빌 걸,빌 걸,
3급,86,2019-08-24,49,huneum_W,다음 漢字의 訓과 音을 쓰시오.,卜,卜,,점 복,점 복,
3급,86,2019-08-24,50,huneum_W,다음 漢字의 訓과 音을 쓰시오.,蔽,蔽,,덮을 폐,덮을 폐,
3급,86,2019-08-24,51,huneum_W,다음 漢字의 訓과 音을 쓰시오.,姻,姻,,혼인 인,혼인 인,
3급,86,2019-08-24,52,huneum_W,다음 漢字의 訓과 音을 쓰시오.,播,播,,뿌릴 파,뿌릴 파,
3급,86,2019-08-24,53,huneum_W,다음 漢字의 訓과 音을 쓰시오.,忙,忙,,바쁠 망,바쁠 망,
3급,86,2019-08-24,54,huneum_W,다음 漢字의 訓과 音을 쓰시오.,顧,顧,,돌아볼 고,돌아볼 고,
3급,86,2019-08-24,55,huneum_W,다음 漢字의 訓과 音을 쓰시오.,巷,巷,,거리 항,거리 항,
3급,86,2019-08-24,56,huneum_W,다음 漢字의 訓과 音을 쓰시오.,塊,塊,,흙덩이 괴,흙덩이 괴,
3급,86,2019-08-24,57,huneum_W,다음 漢字의 訓과 音을 쓰시오.,眉,眉,,눈썹 미,눈썹 미,
3급,86,2019-08-24,58,huneum_W,다음 漢字의 訓과 音을 쓰시오.,僅,僅,,겨우 근,겨우 근,
3급,86,2019-08-24,59,huneum_W,다음 漢字의 訓과 音을 쓰시오.,劣,劣,,못할 렬,못할 렬,
3급,86,2019-08-24,60,huneum_W,다음 漢字의 訓과 音을 쓰시오.,娛,娛,,즐길 오,즐길 오,
3급,86,2019-08-24,61,huneum_W,다음 漢字의 訓과 音을 쓰시오.,挑,挑,,돋을 도,돋을 도,
3급,86,2019-08-24,62,huneum_W,다음 漢字의 訓과 音을 쓰시오.,汚,汚,,더러울 오,더러울 오,
3급,86,2019-08-24,63,huneum_W,다음 漢字의 訓과 音을 쓰시오.,匹,匹,,짝 필,짝 필,
3급,86,2019-08-24,64,huneum_W,다음 漢字의 訓과 音을 쓰시오.,只,只,,다만 지,다만 지,
3급,86,2019-08-24,65,huneum_W,다음 漢字의 訓과 音을 쓰시오.,朋,朋,,벗 붕,벗 붕,
3급,86,2019-08-24,66,huneum_W,다음 漢字의 訓과 音을 쓰시오.,淚,淚,,눈물 루,눈물 루,
3급,86,2019-08-24,67,huneum_W,다음 漢字의 訓과 音을 쓰시오.,枕,枕,,베개 침,베개 침,
3급,86,2019-08-24,68,huneum_W,다음 漢字의 訓과 音을 쓰시오.,暮,暮,,저물 모,저물 모,
3급,86,2019-08-24,69,huneum_W,다음 漢字의 訓과 音을 쓰시오.,舟,舟,,배 주,배 주,
3급,86,2019-08-24,70,huneum_W,다음 漢字의 訓과 音을 쓰시오.,煩,煩,,번거로울 번,번거로울 번,
3급,86,2019-08-24,71,huneum_W,다음 漢字의 訓과 音을 쓰시오.,慘,慘,,참혹할 참,참혹할 참,
3급,86,2019-08-24,72,huneum_W,다음 漢字의 訓과 音을 쓰시오.,昭,昭,,밝을 소,밝을 소,
3급,86,2019-08-24,73,jangeum_S,다음 중 첫 음절이 長音으로 발음되는 것을 고르시오.,,,"[""① 工期"", ""② 共起""]",②,② 共起,
3급,86,2019-08-24,74,jangeum_S,다음 중 첫 음절이 長音으로 발음되는 것을 고르시오.,,,"[""① 病死"", ""② 兵舍""]",①,① 病死,
3급,86,2019-08-24,75,jangeum_S,다음 중 첫 음절이 長音으로 발음되는 것을 고르시오.,,,"[""① 變更"", ""② 邊境""]",①,① 變更,
3급,86,2019-08-24,76,jangeum_S,다음 중 첫 음절이 長音으로 발음되는 것을 고르시오.,,,"[""① 朝命"", ""② 照明""]",②,② 照明,
3급,86,2019-08-24,77,jangeum_S,다음 중 첫 음절이 長音으로 발음되는 것을 고르시오.,,,"[""① 鄕愁"", ""② 享壽""]",②,② 享壽,
3급,86,2019-08-24,78,hanjaeo_W,다음 문장에서 밑줄 친 漢字語를 漢字(正字)를 쓰시오.,담백한 건강 빵으로 가족의 건강과 미각을 되찾아 보자.,가족,,家族,家族,
3급,86,2019-08-24,79,hanjaeo_W,다음 문장에서 밑줄 친 漢字語를 漢字(正字)를 쓰시오.,담백한 건강 빵으로 가족의 건강과 미각을 되찾아 보자.,건강,,健康,健康,
3급,86,2019-08-24,80,hanjaeo_W,다음 문장에서 밑줄 친 漢字語를 漢字(正字)를 쓰시오.,담백한 건강 빵으로 가족의 건강과 미각을 되찾아 보자.,미각,,味覺,味覺,
3급,86,2019-08-24,81,hanjaeo_W,다음 문장에서 밑줄 친 漢字語를 漢字(正字)를 쓰시오.,그녀는 박사라는 간판 때문인지 능력에 비해 더 좋은 대우를 받는 듯했다.,박사,,博士,博士,
3급,86,2019-08-24,82,hanjaeo_W,다음 문장에서 밑줄 친 漢字語를 漢字(正字)를 쓰시오.,그녀는 박사라는 간판 때문인지 능력에 비해 더 좋은 대우를 받는 듯했다.,간판,,看板,看板,
3급,86,2019-08-24,83,hanjaeo_W,다음 문장에서 밑줄 친 漢字語를 漢字(正字)를 쓰시오.,그녀는 박사라는 간판 때문인지 능력에 비해 더 좋은 대우를 받는 듯했다.,대우,,待遇,待遇,
3급,86,2019-08-24,84,hanjaeo_W,다음 문장에서 밑줄 친 漢字語를 漢字(正字)를 쓰시오.,목재를 운송하던 열차가 선로를 이탈하는 사고가 일어났다.,운송,,運送,運送,
3급,86,2019-08-24,85,hanjaeo_W,다음 문장에서 밑줄 친 漢字語를 漢字(正字)를 쓰시오.,목재를 운송하던 열차가 선로를 이탈하는 사고가 일어났다.,이탈,,離脫,離脫,
3급,86,2019-08-24,86,hanjaeo_W,다음 문장에서 밑줄 친 漢字語를 漢字(正字)를 쓰시오.,목재를 운송하던 열차가 선로를 이탈하는 사고가 일어났다.,사고,,事故,事故,
3급,86,2019-08-24,87,hanjaeo_W,다음 문장에서 밑줄 친 漢字語를 漢字(正字)를 쓰시오.,아빠는 콧부리에 안경을 걸치고 신문을 보신다.,안경,,眼鏡,眼鏡,
3급,86,2019-08-24,88,hanjaeo_W,다음 문장에서 밑줄 친 漢字語를 漢字(正字)를 쓰시오.,아빠는 콧부리에 안경을 걸치고 신문을 보신다.,신문,,新聞,新聞,
3급,86,2019-08-24,89,hanjaeo_W,다음 문장에서 밑줄 친 漢字語를 漢字(正字)를 쓰시오.,식품이 변질되기 쉬운 요즘은 냉장 보관 및 냉장 유통 식품에 각별히 신경 써야 할 때이다.,보관,,保管,保管,
3급,86,2019-08-24,90,hanjaeo_W,다음 문장에서 밑줄 친 漢字語를 漢字(正字)를 쓰시오.,식품이 변질되기 쉬운 요즘은 냉장 보관 및 냉장 유통 식품에 각별히 신경 써야 할 때이다.,유통,,流通,流通,
3급,86,2019-08-24,91,hanjaeo_W,다음 문장에서 밑줄 친 漢字語를 漢字(正字)를 쓰시오.,식품이 변질되기 쉬운 요즘은 냉장 보관 및 냉장 유통 식품에 각별히 신경 써야 할 때이다.,각별,,各別,各別,
3급,86,2019-08-24,92,hanjaeo_W,다음 문장에서 밑줄 친 漢字語를 漢字(正字)를 쓰시오.,식품이 변질되기 쉬운 요즘은 냉장 보관 및 냉장 유통 식품에 각별히 신경 써야 할 때이다.,신경,,神經,神經,
3급,86,2019-08-24,93,hanjaeo_W,다음 문장에서 밑줄 친 漢字語를 漢字(正字)를 쓰시오.,암벽 등반은 전신 운동이므로 충분히 관절과 근육을 풀어 주는 것은 필수이다.,충분,,充分,充分,
3급,86,2019-08-24,94,hanjaeo_W,다음 문장에서 밑줄 친 漢字語를 漢字(正字)를 쓰시오.,암벽 등반은 전신 운동이므로 충분히 관절과 근육을 풀어 주는 것은 필수이다.,관절,,關節,關節,
3급,86,2019-08-24,95,hanjaeo_W,다음 문장에서 밑줄 친 漢字語를 漢字(正字)를 쓰시오.,암벽 등반은 전신 운동이므로 충분히 관절과 근육을 풀어 주는 것은 필수이다.,근육,,筋肉,筋肉,
3급,86,2019-08-24,96,hanjaeo_W,다음 문장에서 밑줄 친 漢字語를 漢字(正字)를 쓰시오.,성국이는 성실하게 납세의 의무를 지켜 왔다고 자부한다.,성실,,誠實,誠實,
3급,86,2019-08-24,97,hanjaeo_W,다음 문장에서 밑줄 친 漢字語를 漢字(正字)를 쓰시오.,성국이는 성실하게 납세의 의무를 지켜 왔다고 자부한다.,납세,,納稅,納稅,
3급,86,2019-08-24,98,hanjaeo_W,다음 문장에서 밑줄 친 漢字語를 漢字(正字)를 쓰시오.,그는 공무 집행 방해죄로 수배된 상태이다.,공무,,公務,公務,
3급,86,2019-08-24,99,hanjaeo_W,다음 문장에서 밑줄 친 漢字語를 漢字(正字)를 쓰시오.,그는 공무 집행 방해죄로 수배된 상태이다.,방해,,妨害,妨害,
3급,86,2019-08-24,100,hanjaeo_W,다음 문장에서 밑줄 친 漢字語를 漢字(正字)를 쓰시오.,그는 공무 집행 방해죄로 수배된 상태이다.,상태,,狀態,狀態,
3급,86,2019-08-24,101,hanjaeo_W,다음 문장에서 밑줄 친 漢字語를 漢字(正字)를 쓰시오.,가장 많이 득표한 두 사람이 최종 경선을 하기로 정했다.,득표,,得票,得票,
3급,86,2019-08-24,102,hanjaeo_W,다음 문장에서 밑줄 친 漢字語를 漢字(正字)를 쓰시오.,가장 많이 득표한 두 사람이 최종 경선을 하기로 정했다.,최종,,最終,最終,
3급,86,2019-08-24,103,hanjaeo_W,다음 문장에서 밑줄 친 漢字語를 漢字(正字)를 쓰시오.,가장 많이 득표한 두 사람이 최종 경선을 하기로 정했다.,경선,,競選,競選,
3급,86,2019-08-24,104,hanjaeo_W,다음 문장에서 밑줄 친 漢字語를 漢字(正字)를 쓰시오.,장렬하게 전사한 전우들의 넋을 위로하는 진혼곡이 연주되는 가운데 장례식이 엄숙하게 진행되었다.,장렬,,壯烈,壯烈,
3급,86,2019-08-24,105,hanjaeo_W,다음 문장에서 밑줄 친 漢字語를 漢字(正字)를 쓰시오.,장렬하게 전사한 전우들의 넋을 위로하는 진혼곡이 연주되는 가운데 장례식이 엄숙하게 진행되었다.,전우,,戰友,戰友,
3급,86,2019-08-24,106,hanjaeo_W,다음 문장에서 밑줄 친 漢字語를 漢字(正字)를 쓰시오.,장렬하게 전사한 전우들의 넋을 위로하는 진혼곡이 연주되는 가운데 장례식이 엄숙하게 진행되었다.,위로,,慰勞,慰勞,
3급,86,2019-08-24,107,hanjaeo_W,다음 문장에서 밑줄 친 漢字語를 漢字(正字)를 쓰시오.,장렬하게 전사한 전우들의 넋을 위로하는 진혼곡이 연주되는 가운데 장례식이 엄숙하게 진행되었다.,엄숙,,嚴肅,嚴肅,
3급,86,2019-08-24,108,yui_W,다음 漢字와 비슷한 뜻을 가진 漢字(正字)를 (          ) 안에 써서 문장에 적합한 漢字語가 되게 하시오.,지하 倉(    )에는 물건이 가득 쌓여 있었다.,倉( ),,庫,庫,
3급,86,2019-08-24,109,yui_W,다음 漢字와 비슷한 뜻을 가진 漢字(正字)를 (          ) 안에 써서 문장에 적합한 漢字語가 되게 하시오.,이 의자는 무척 (     )固하게 만들어졌다.,( )固,,堅,堅,
3급,86,2019-08-24,110,yui_W,다음 漢字와 비슷한 뜻을 가진 漢字(正字)를 (          ) 안에 써서 문장에 적합한 漢字語가 되게 하시오.,오랜만에 깔끔하게 (      )濯된 옷을 입어 본다.,( )濯,,洗,洗,
3급,86,2019-08-24,111,yui_W,다음 漢字와 비슷한 뜻을 가진 漢字(正字)를 (          ) 안에 써서 문장에 적합한 漢字語가 되게 하시오.,동물 세계에도 엄격한 秩(     )가 있다.,秩( ),,序,序,
3급,86,2019-08-24,112,yui_W,다음 漢字와 비슷한 뜻을 가진 漢字(正字)를 (          ) 안에 써서 문장에 적합한 漢字語가 되게 하시오.,농촌에서는 벼를 (   )穫하느라 눈코 뜰 새 없이 바쁘다.,( )穫,,收,收,
3급,86,2019-08-24,113,banui_W,다음 漢字와 뜻이 反對 또는 相對되는 漢字(正字)를 (     ) 안에 써서 漢字語를 완성하시오.,아파트 昇(   )機가 고장 나서 9층까지 걸어 올라갔다.,昇( ),,降,降,
3급,86,2019-08-24,114,banui_W,다음 漢字와 뜻이 反對 또는 相對되는 漢字(正字)를 (     ) 안에 써서 漢字語를 완성하시오.,이번 공판은 유래 없이 불꽃 튀는 법정 (   )防이 예상된다.,( )防,,攻,攻,
3급,86,2019-08-24,115,banui_W,다음 漢字와 뜻이 反對 또는 相對되는 漢字(正字)를 (     ) 안에 써서 漢字語를 완성하시오.,결승전에서 철수와 (      )負를 겨루게 되었다.,( )負,,勝,勝,
3급,86,2019-08-24,116,banui_W,다음 漢字와 뜻이 反對 또는 相對되는 漢字(正字)를 (     ) 안에 써서 漢字語를 완성하시오.,이 소설은 서민 생활의 哀(    )을 그리고 있다.,哀( ),,歡,歡,
3급,86,2019-08-24,117,banui_W,다음 漢字와 뜻이 反對 또는 相對되는 漢字(正字)를 (     ) 안에 써서 漢字語를 완성하시오.,학교는 입학생의 감소로 (    )廢 문제가 거론되었다.,( )廢,,存,存,
3급,86,2019-08-24,118,banuieo_W,다음 漢字語의 反對語 또는 相對語를 2음절로 된 漢字(正字)로 쓰시오.,抵抗 ↔ (   ),抵抗 ↔ ( ),,屈服/屈伏,屈服/屈伏,
3급,86,2019-08-24,119,banuieo_W,다음 漢字語의 反對語 또는 相對語를 2음절로 된 漢字(正字)로 쓰시오.,浪費 ↔ (   ),浪費 ↔ ( ),,儉約,儉約,
3급,86,2019-08-24,120,banuieo_W,다음 漢字語의 反對語 또는 相對語를 2음절로 된 漢字(正字)로 쓰시오.,冷却 ↔ (   ),冷却 ↔ ( ),,加熱,加熱,
3급,86,2019-08-24,121,banuieo_W,다음 漢字語의 反對語 또는 相對語를 2음절로 된 漢字(正字)로 쓰시오.,富裕 ↔ (   ),富裕 ↔ ( ),,貧窮,貧窮,
3급,86,2019-08-24,122,banuieo_W,다음 漢字語의 反對語 또는 相對語를 2음절로 된 漢字(正字)로 쓰시오.,高尙 ↔ (      ),高尙 ↔ ( ),,低俗,低俗,
3급,86,2019-08-24,123,dongeumeo_W,"다음 漢字語의 同音異義語를 漢字(正字)로 쓰되, 제시된 뜻에 맞는 것으로 하시오.",(意志) - 다른 것에 몸을 기댐.,(意志),,依支,依支,
3급,86,2019-08-24,124,dongeumeo_W,"다음 漢字語의 同音異義語를 漢字(正字)로 쓰되, 제시된 뜻에 맞는 것으로 하시오.",(浮上) - 상장 외에 덧붙여 주는 상금이나 상품.,(浮上),,副賞,副賞,
3급,86,2019-08-24,125,dongeumeo_W,"다음 漢字語의 同音異義語를 漢字(正字)로 쓰되, 제시된 뜻에 맞는 것으로 하시오.",(碑版) - 옳고 그름을 가리어 판단하거나 밝힘.,(碑版),,批判,批判,
3급,86,2019-08-24,126,dongeumeo_W,"다음 漢字語의 同音異義語를 漢字(正字)로 쓰되, 제시된 뜻에 맞는 것으로 하시오.",(布帳) - 물건을 싸거나 꾸림.,(布帳),,包裝,包裝,
3급,86,2019-08-24,127,dongeumeo_W,"다음 漢字語의 同音異義語를 漢字(正字)로 쓰되, 제시된 뜻에 맞는 것으로 하시오.",(點圓) - 상점에 고용되어 물건을 파는 일을 맡아 하는 사람.,(點圓),,店員,店員,
3급,86,2019-08-24,128,seongeo_W,다음 (          ) 안에 알맞은 漢字(正字)를 써서 四字成語를 완성하시오.,(   )骨難忘 : 은혜를 마음속에 깊이 새겨 잊지 아니함.,( )骨難忘,,刻,刻,
3급,86,2019-08-24,129,seongeo_W,다음 (          ) 안에 알맞은 漢字(正字)를 써서 四字成語를 완성하시오.,手不釋(     ) : 손에서 책을 놓지 아니하고 늘 글을 읽음.,手不釋( ),,卷,卷,
3급,86,2019-08-24,130,seongeo_W,다음 (          ) 안에 알맞은 漢字(正字)를 써서 四字成語를 완성하시오.,鷄(    )狗盜 : 비굴하게 남을 속이는 하찮은 재주 또는 그런 재주를 가진 사람을 이르는 말.,鷄( )狗盜,,鳴,鳴,
3급,86,2019-08-24,131,seongeo_W,다음 (          ) 안에 알맞은 漢字(正字)를 써서 四字成語를 완성하시오.,(    )地思之 : 처지를 바꾸어서 생각하여 봄.,( )地思之,,易,易,
3급,86,2019-08-24,132,seongeo_W,다음 (          ) 안에 알맞은 漢字(正字)를 써서 四字成語를 완성하시오.,(    )學阿世 : 바른길에서 벗어난 학문으로 세상 사람에게 아첨함.,( )學阿世,,曲,曲,
3급,86,2019-08-24,133,seongeo_W,다음 (          ) 안에 알맞은 漢字(正字)를 써서 四字成語를 완성하시오.,(    )忍自重 : 마음속에 감추어 참고 견디면서 몸가짐을 신중하게 행동함.,( )忍自重,,隱,隱,
3급,86,2019-08-24,134,seongeo_W,다음 (          ) 안에 알맞은 漢字(正字)를 써서 四字成語를 완성하시오.,(    )楊芳草 : 푸른 버드나무와 향기로운 풀.,( )楊芳草,,綠,綠,
3급,86,2019-08-24,135,seongeo_W,다음 (          ) 안에 알맞은 漢字(正字)를 써서 四字成語를 완성하시오.,忠言( )耳 : 충직한 말은 귀에 거슬림.,忠言( )耳,,逆,逆,
3급,86,2019-08-24,136,seongeo_W,다음 (          ) 안에 알맞은 漢字(正字)를 써서 四字成語를 완성하시오.,無爲( )食 : 하는 일 없이 놀고먹음.,無爲( )食,,徒,徒,
3급,86,2019-08-24,137,seongeo_W,다음 (          ) 안에 알맞은 漢字(正字)를 써서 四字成語를 완성하시오.,切( )腐心 : 몹시 분하여 이를 갈며 속을 썩임.,切( )腐心,,齒,齒,
3급,86,2019-08-24,138,busu_W,다음 漢字의 部首를 쓰시오.,率,率,,玄,玄,
3급,86,2019-08-24,139,busu_W,다음 漢字의 部首를 쓰시오.,司,司,,口,口,
3급,86,2019-08-24,140,busu_W,다음 漢字의 部首를 쓰시오.,術,術,,行,行,
3급,86,2019-08-24,141,busu_W,다음 漢字의 部首를 쓰시오.,孰,孰,,子,子,
3급,86,2019-08-24,142,busu_W,다음 漢字의 部首를 쓰시오.,麥,麥,,麥,麥,
3급,86,2019-08-24,143,yakja_W,다음 漢字의 略字를 쓰시오.,圍,圍,,囲,囲,
3급,86,2019-08-24,144,yakja_W,다음 漢字의 略字를 쓰시오.,廳,廳,,廳,廳,
3급,86,2019-08-24,145,yakja_W,다음 漢字의 略字를 쓰시오.,擇,擇,,擇,擇,
3급,86,2019-08-24,146,mean_W,다음 漢字語의 뜻을 쓰시오.,路肩,路肩,,갓길,갓길,
3급,86,2019-08-24,147,mean_W,다음 漢字語의 뜻을 쓰시오.,枯葉,枯葉,,마른 잎.,마른 잎.,
3급,86,2019-08-24,148,mean_W,다음 漢字語의 뜻을 쓰시오.,獵銃,獵銃,,사냥총,사냥총,
3급,86,2019-08-24,149,mean_W,다음 漢字語의 뜻을 쓰시오.,削髮,削髮,,머리털을 깎음. 또는 그 머리.,머리털을 깎음. 또는 그 머리.,
3급,86,2019-08-24,150,mean_W,다음 漢字語의 뜻을 쓰시오.,罷職,罷職,,관직에서 물러나게 함.,관직에서 물러나게 함.,
3급,87,2019-11-23,1,dokeum_W,다음 문장에서 밑줄 친 漢字語의 讀音을 쓰시오.,도둑이 가게에 들어가 竊盜하는 장면이 CCTV에 捕捉되었다.,竊盜,,절도,절도,
3급,87,2019-11-23,2,dokeum_W,다음 문장에서 밑줄 친 漢字語의 讀音을 쓰시오.,도둑이 가게에 들어가 竊盜하는 장면이 CCTV에 捕捉되었다.,捕捉,,포착,포착,
3급,87,2019-11-23,3,dokeum_W,다음 문장에서 밑줄 친 漢字語의 讀音을 쓰시오.,마지막으로 原稿 校訂을 마치고 印刷하기로 했다.,原稿,,원고,원고,
3급,87,2019-11-23,4,dokeum_W,다음 문장에서 밑줄 친 漢字語의 讀音을 쓰시오.,마지막으로 原稿 校訂을 마치고 印刷하기로 했다.,校訂,,교정,교정,
3급,87,2019-11-23,5,dokeum_W,다음 문장에서 밑줄 친 漢字語의 讀音을 쓰시오.,마지막으로 原稿 校訂을 마치고 印刷하기로 했다.,印刷,,인쇄,인쇄,
3급,87,2019-11-23,6,dokeum_W,다음 문장에서 밑줄 친 漢字語의 讀音을 쓰시오.,김 실장은 상사를 잘 補佐하여 榮譽로운 昇進을 하였다.,補佐,,보좌,보좌,
3급,87,2019-11-23,7,dokeum_W,다음 문장에서 밑줄 친 漢字語의 讀音을 쓰시오.,김 실장은 상사를 잘 補佐하여 榮譽로운 昇進을 하였다.,榮譽,,영예,영예,
3급,87,2019-11-23,8,dokeum_W,다음 문장에서 밑줄 친 漢字語의 讀音을 쓰시오.,김 실장은 상사를 잘 補佐하여 榮譽로운 昇進을 하였다.,昇進,,승진,승진,
3급,87,2019-11-23,9,dokeum_W,다음 문장에서 밑줄 친 漢字語의 讀音을 쓰시오.,藏書를 공공기관에 寄贈하였다.,藏書,,장서,장서,
3급,87,2019-11-23,10,dokeum_W,다음 문장에서 밑줄 친 漢字語의 讀音을 쓰시오.,藏書를 공공기관에 寄贈하였다.,寄贈,,기증,기증,
3급,87,2019-11-23,11,dokeum_W,다음 문장에서 밑줄 친 漢字語의 讀音을 쓰시오.,懲罰을 받고서야 慙悔하였다.,懲罰,,징벌,징벌,
3급,87,2019-11-23,12,dokeum_W,다음 문장에서 밑줄 친 漢字語의 讀音을 쓰시오.,懲罰을 받고서야 慙悔하였다.,慙悔,,참회,참회,
3급,87,2019-11-23,13,dokeum_W,다음 문장에서 밑줄 친 漢字語의 讀音을 쓰시오.,우리는 6·25 전쟁의 慘禍를 克服했다.,慘禍,,참화,참화,
3급,87,2019-11-23,14,dokeum_W,다음 문장에서 밑줄 친 漢字語의 讀音을 쓰시오.,우리는 6·25 전쟁의 慘禍를 克服했다.,克服,,극복,극복,
3급,87,2019-11-23,15,dokeum_W,다음 문장에서 밑줄 친 漢字語의 讀音을 쓰시오.,시민들은 和暢한 날씨에 나들이를 하였다.,和暢,,화창,화창,
3급,87,2019-11-23,16,dokeum_W,다음 문장에서 밑줄 친 漢字語의 讀音을 쓰시오.,건강한 사회를 위해 퇴폐풍조를 排斥하자.,排斥,,배척,배척,
3급,87,2019-11-23,17,dokeum_W,다음 문장에서 밑줄 친 漢字語의 讀音을 쓰시오.,우리는 妥協의 정신으로 외교 문제를 해결하자.,妥協,,타협,타협,
3급,87,2019-11-23,18,dokeum_W,다음 문장에서 밑줄 친 漢字語의 讀音을 쓰시오.,많은 노인들이 몸을 겨우 依托하고 살아간다.,依托,,의탁,의탁,
3급,87,2019-11-23,19,dokeum_W,다음 문장에서 밑줄 친 漢字語의 讀音을 쓰시오.,그가 좋은 配匹을 찾기 바랐다.,配匹,,배필,배필,
3급,87,2019-11-23,20,dokeum_W,다음 문장에서 밑줄 친 漢字語의 讀音을 쓰시오.,공정한 법 집행으로 縣監은 존경을 받았다.,縣監,,현감,현감,
3급,87,2019-11-23,21,dokeum_W,다음 漢字語의 讀音을 쓰시오.,亨通,亨通,,형통,형통,
3급,87,2019-11-23,22,dokeum_W,다음 漢字語의 讀音을 쓰시오.,秋毫,秋毫,,추호,추호,
3급,87,2019-11-23,23,dokeum_W,다음 漢字語의 讀音을 쓰시오.,丸藥,丸藥,,환약,환약,
3급,87,2019-11-23,24,dokeum_W,다음 漢字語의 讀音을 쓰시오.,提携,提携,,제휴,제휴,
3급,87,2019-11-23,25,dokeum_W,다음 漢字語의 讀音을 쓰시오.,渴愛,渴愛,,갈애,갈애,
3급,87,2019-11-23,26,dokeum_W,다음 漢字語의 讀音을 쓰시오.,絹絲,絹絲,,견사,견사,
3급,87,2019-11-23,27,dokeum_W,다음 漢字語의 讀音을 쓰시오.,塗炭,塗炭,,도탄,도탄,
3급,87,2019-11-23,28,dokeum_W,다음 漢字語의 讀音을 쓰시오.,掠奪,掠奪,,약탈,약탈,
3급,87,2019-11-23,29,dokeum_W,다음 漢字語의 讀音을 쓰시오.,奴隸,奴隸,,노예,노예,
3급,87,2019-11-23,30,dokeum_W,다음 漢字語의 讀音을 쓰시오.,慨歎,慨歎,,개탄,개탄,
3급,87,2019-11-23,31,dokeum_W,다음 漢字語의 讀音을 쓰시오.,閣僚,閣僚,,각료,각료,
3급,87,2019-11-23,32,dokeum_W,다음 漢字語의 讀音을 쓰시오.,應募,應募,,응모,응모,
3급,87,2019-11-23,33,dokeum_W,다음 漢字語의 讀音을 쓰시오.,濫獲,濫獲,,남획,남획,
3급,87,2019-11-23,34,dokeum_W,다음 漢字語의 讀音을 쓰시오.,雲霧,雲霧,,운무,운무,
3급,87,2019-11-23,35,dokeum_W,다음 漢字語의 讀音을 쓰시오.,迷夢,迷夢,,미몽,미몽,
3급,87,2019-11-23,36,dokeum_W,다음 漢字語의 讀音을 쓰시오.,嫌疑,嫌疑,,혐의,혐의,
3급,87,2019-11-23,37,dokeum_W,다음 漢字語의 讀音을 쓰시오.,叛逆,叛逆,,반역,반역,
3급,87,2019-11-23,38,dokeum_W,다음 漢字語의 讀音을 쓰시오.,雙墳,雙墳,,쌍분,쌍분,
3급,87,2019-11-23,39,dokeum_W,다음 漢字語의 讀音을 쓰시오.,類似,類似,,유사,유사,
3급,87,2019-11-23,40,dokeum_W,다음 漢字語의 讀音을 쓰시오.,嘗味,嘗味,,상미,상미,
3급,87,2019-11-23,41,dokeum_W,다음 漢字語의 讀音을 쓰시오.,敍述,敍述,,서술,서술,
3급,87,2019-11-23,42,dokeum_W,다음 漢字語의 讀音을 쓰시오.,暴暑,暴暑,,폭서,폭서,
3급,87,2019-11-23,43,dokeum_W,다음 漢字語의 讀音을 쓰시오.,橫厄,橫厄,,횡액,횡액,
3급,87,2019-11-23,44,dokeum_W,다음 漢字語의 讀音을 쓰시오.,詐稱,詐稱,,사칭,사칭,
3급,87,2019-11-23,45,dokeum_W,다음 漢字語의 讀音을 쓰시오.,繫留,繫留,,계류,계류,
3급,87,2019-11-23,46,huneum_W,다음 漢字의 訓과 音을 쓰시오.,郊,郊,,들 교,들 교,
3급,87,2019-11-23,47,huneum_W,다음 漢字의 訓과 音을 쓰시오.,畓,畓,,논 답,논 답,
3급,87,2019-11-23,48,huneum_W,다음 漢字의 訓과 音을 쓰시오.,騰,騰,,오를 등,오를 등,
3급,87,2019-11-23,49,huneum_W,다음 漢字의 訓과 音을 쓰시오.,了,了,,마칠 료,마칠 료,
3급,87,2019-11-23,50,huneum_W,다음 漢字의 訓과 音을 쓰시오.,謹,謹,,삼갈 근,삼갈 근,
3급,87,2019-11-23,51,huneum_W,다음 漢字의 訓과 音을 쓰시오.,皆,皆,,다 개,다 개,
3급,87,2019-11-23,52,huneum_W,다음 漢字의 訓과 音을 쓰시오.,淚,淚,,눈물 루,눈물 루,
3급,87,2019-11-23,53,huneum_W,다음 漢字의 訓과 音을 쓰시오.,稻,稻,,벼 도,벼 도,
3급,87,2019-11-23,54,huneum_W,다음 漢字의 訓과 音을 쓰시오.,隣,隣,,이웃 린,이웃 린,
3급,87,2019-11-23,55,huneum_W,다음 漢字의 訓과 音을 쓰시오.,漫,漫,,흩어질 만,흩어질 만,
3급,87,2019-11-23,56,huneum_W,다음 漢字의 訓과 音을 쓰시오.,冒,冒,,무릅쓸 모,무릅쓸 모,
3급,87,2019-11-23,57,huneum_W,다음 漢字의 訓과 音을 쓰시오.,泊,泊,,머무를/배댈 박,머무를/배댈 박,
3급,87,2019-11-23,58,huneum_W,다음 漢字의 訓과 音을 쓰시오.,敏,敏,,민첩할 민,민첩할 민,
3급,87,2019-11-23,59,huneum_W,다음 漢字의 訓과 音을 쓰시오.,枯,枯,,마를 고,마를 고,
3급,87,2019-11-23,60,huneum_W,다음 漢字의 訓과 音을 쓰시오.,伴,伴,,짝 반,짝 반,
3급,87,2019-11-23,61,huneum_W,다음 漢字의 訓과 音을 쓰시오.,昔,昔,,예 석,예 석,
3급,87,2019-11-23,62,huneum_W,다음 漢字의 訓과 音을 쓰시오.,閱,閱,,볼 열,볼 열,
3급,87,2019-11-23,63,huneum_W,다음 漢字의 訓과 音을 쓰시오.,汚,汚,,더러울 오,더러울 오,
3급,87,2019-11-23,64,huneum_W,다음 漢字의 訓과 音을 쓰시오.,頻,頻,,자주 빈,자주 빈,
3급,87,2019-11-23,65,huneum_W,다음 漢字의 訓과 音을 쓰시오.,俊,俊,,준걸 준,준걸 준,
3급,87,2019-11-23,66,huneum_W,다음 漢字의 訓과 音을 쓰시오.,晴,晴,,갤 청,갤 청,
3급,87,2019-11-23,67,huneum_W,다음 漢字의 訓과 音을 쓰시오.,替,替,,바꿀 체,바꿀 체,
3급,87,2019-11-23,68,huneum_W,다음 漢字의 訓과 音을 쓰시오.,涉,涉,,건널 섭,건널 섭,
3급,87,2019-11-23,69,huneum_W,다음 漢字의 訓과 音을 쓰시오.,邦,邦,,나라 방,나라 방,
3급,87,2019-11-23,70,huneum_W,다음 漢字의 訓과 音을 쓰시오.,竝,竝,,나란히 병,나란히 병,
3급,87,2019-11-23,71,huneum_W,다음 漢字의 訓과 音을 쓰시오.,忙,忙,,바쁠 망,바쁠 망,
3급,87,2019-11-23,72,huneum_W,다음 漢字의 訓과 音을 쓰시오.,篤,篤,,도타울 독,도타울 독,
3급,87,2019-11-23,73,jangeum_S,다음 중 첫음절이 長音으로 발음되는 것을 고르시오.,,,"[""① 使徒"", ""② 寫度""]",①,① 使徒,
3급,87,2019-11-23,74,jangeum_S,다음 중 첫음절이 長音으로 발음되는 것을 고르시오.,,,"[""① 忘却"", ""② 妄覺""]",②,② 妄覺,
3급,87,2019-11-23,75,jangeum_S,다음 중 첫음절이 長音으로 발음되는 것을 고르시오.,,,"[""① 某事"", ""② 謀士""]",①,① 某事,
3급,87,2019-11-23,76,jangeum_S,다음 중 첫음절이 長音으로 발음되는 것을 고르시오.,,,"[""① 笑劇"", ""② 消極""]",①,① 笑劇,
3급,87,2019-11-23,77,jangeum_S,다음 중 첫음절이 長音으로 발음되는 것을 고르시오.,,,"[""① 傳掌"", ""② 典章""]",②,② 典章,
3급,87,2019-11-23,78,hanjaeo_W,다음 문장에서 밑줄 친 漢字語를 漢字(正字)로 쓰시오.,누구나 좋은 조건의 대우를 받고 근무하기를 원한다.,조건,,條件,條件,
3급,87,2019-11-23,79,hanjaeo_W,다음 문장에서 밑줄 친 漢字語를 漢字(正字)로 쓰시오.,누구나 좋은 조건의 대우를 받고 근무하기를 원한다.,대우,,待遇,待遇,
3급,87,2019-11-23,80,hanjaeo_W,다음 문장에서 밑줄 친 漢字語를 漢字(正字)로 쓰시오.,누구나 좋은 조건의 대우를 받고 근무하기를 원한다.,근무,,勤務,勤務,
3급,87,2019-11-23,81,hanjaeo_W,다음 문장에서 밑줄 친 漢字語를 漢字(正字)로 쓰시오.,광산 자원이 부족한 우리나라는 기술 교육에 역점을 두었다.,광산,,鑛産,鑛産,
3급,87,2019-11-23,82,hanjaeo_W,다음 문장에서 밑줄 친 漢字語를 漢字(正字)로 쓰시오.,광산 자원이 부족한 우리나라는 기술 교육에 역점을 두었다.,자원,,資源,資源,
3급,87,2019-11-23,83,hanjaeo_W,다음 문장에서 밑줄 친 漢字語를 漢字(正字)로 쓰시오.,광산 자원이 부족한 우리나라는 기술 교육에 역점을 두었다.,기술,,技術,技術,
3급,87,2019-11-23,84,hanjaeo_W,다음 문장에서 밑줄 친 漢字語를 漢字(正字)로 쓰시오.,홍콩 시민들은 공항을 점거하며 시위를 했다.,공항,,空港,空港,
3급,87,2019-11-23,85,hanjaeo_W,다음 문장에서 밑줄 친 漢字語를 漢字(正字)로 쓰시오.,홍콩 시민들은 공항을 점거하며 시위를 했다.,점거,,占據,占據,
3급,87,2019-11-23,86,hanjaeo_W,다음 문장에서 밑줄 친 漢字語를 漢字(正字)로 쓰시오.,홍콩 시민들은 공항을 점거하며 시위를 했다.,시위,,示威,示威,
3급,87,2019-11-23,87,hanjaeo_W,다음 문장에서 밑줄 친 漢字語를 漢字(正字)로 쓰시오.,그는 직장을 은퇴한 후 전국을 유람하며 장래의 사업 구상을 하였다.,은퇴,,隱退,隱退,
3급,87,2019-11-23,88,hanjaeo_W,다음 문장에서 밑줄 친 漢字語를 漢字(正字)로 쓰시오.,그는 직장을 은퇴한 후 전국을 유람하며 장래의 사업 구상을 하였다.,유람,,遊覽,遊覽,
3급,87,2019-11-23,89,hanjaeo_W,다음 문장에서 밑줄 친 漢字語를 漢字(正字)로 쓰시오.,그는 직장을 은퇴한 후 전국을 유람하며 장래의 사업 구상을 하였다.,장래,,將來,將來,
3급,87,2019-11-23,90,hanjaeo_W,다음 문장에서 밑줄 친 漢字語를 漢字(正字)로 쓰시오.,그는 직장을 은퇴한 후 전국을 유람하며 장래의 사업 구상을 하였다.,구상,,構想,構想,
3급,87,2019-11-23,91,hanjaeo_W,다음 문장에서 밑줄 친 漢字語를 漢字(正字)로 쓰시오.,달리기 예선에서 탈락했다.,예선,,豫選,豫選,
3급,87,2019-11-23,92,hanjaeo_W,다음 문장에서 밑줄 친 漢字語를 漢字(正字)로 쓰시오.,달리기 예선에서 탈락했다.,탈락,,脫落,脫落,
3급,87,2019-11-23,93,hanjaeo_W,다음 문장에서 밑줄 친 漢字語를 漢字(正字)로 쓰시오.,사람들은 우주를 탐사하고 귀환한 우주인을 환영했다.,탐사,,探査,探査,
3급,87,2019-11-23,94,hanjaeo_W,다음 문장에서 밑줄 친 漢字語를 漢字(正字)로 쓰시오.,사람들은 우주를 탐사하고 귀환한 우주인을 환영했다.,환영,,歡迎,歡迎,
3급,87,2019-11-23,95,hanjaeo_W,다음 문장에서 밑줄 친 漢字語를 漢字(正字)로 쓰시오.,환경 오염 문제의 심층 보도를 본 후 사람들은 각성했다.,환경,,環境,環境,
3급,87,2019-11-23,96,hanjaeo_W,다음 문장에서 밑줄 친 漢字語를 漢字(正字)로 쓰시오.,환경 오염 문제의 심층 보도를 본 후 사람들은 각성했다.,심층,,深層,深層,
3급,87,2019-11-23,97,hanjaeo_W,다음 문장에서 밑줄 친 漢字語를 漢字(正字)로 쓰시오.,환경 오염 문제의 심층 보도를 본 후 사람들은 각성했다.,보도,,報道,報道,
3급,87,2019-11-23,98,hanjaeo_W,다음 문장에서 밑줄 친 漢字語를 漢字(正字)로 쓰시오.,당국은 장마철에 건축 시설 붕괴를 염려하여 특별 점검을 했다.,건축,,建築,建築,
3급,87,2019-11-23,99,hanjaeo_W,다음 문장에서 밑줄 친 漢字語를 漢字(正字)로 쓰시오.,당국은 장마철에 건축 시설 붕괴를 염려하여 특별 점검을 했다.,시설,,施設,施設,
3급,87,2019-11-23,100,hanjaeo_W,다음 문장에서 밑줄 친 漢字語를 漢字(正字)로 쓰시오.,당국은 장마철에 건축 시설 붕괴를 염려하여 특별 점검을 했다.,염려,,念慮,念慮,
3급,87,2019-11-23,101,hanjaeo_W,다음 문장에서 밑줄 친 漢字語를 漢字(正字)로 쓰시오.,교장 선생님은 우수 학생에게 상장을 수여하셨다.,우수,,優秀,優秀,
3급,87,2019-11-23,102,hanjaeo_W,다음 문장에서 밑줄 친 漢字語를 漢字(正字)로 쓰시오.,교장 선생님은 우수 학생에게 상장을 수여하셨다.,상장,,賞狀,賞狀,
3급,87,2019-11-23,103,hanjaeo_W,다음 문장에서 밑줄 친 漢字語를 漢字(正字)로 쓰시오.,교장 선생님은 우수 학생에게 상장을 수여하셨다.,수여,,授與,授與,
3급,87,2019-11-23,104,hanjaeo_W,다음 문장에서 밑줄 친 漢字語를 漢字(正字)로 쓰시오.,당국은 파손된 문화재를 복구했다.,파손,,破損,破損,
3급,87,2019-11-23,105,hanjaeo_W,다음 문장에서 밑줄 친 漢字語를 漢字(正字)로 쓰시오.,당국은 파손된 문화재를 복구했다.,복구,,復舊,復舊,
3급,87,2019-11-23,106,hanjaeo_W,다음 문장에서 밑줄 친 漢字語를 漢字(正字)로 쓰시오.,핵심 부품과 소재의 국산화가 시급하다.,핵심,,核心,核心,
3급,87,2019-11-23,107,hanjaeo_W,다음 문장에서 밑줄 친 漢字語를 漢字(正字)로 쓰시오.,핵심 부품과 소재의 국산화가 시급하다.,소재,,素材,素材,
3급,87,2019-11-23,108,yui_W,다음 漢字와 비슷한 뜻을 가진 漢字(正字)를 (           ) 안에 써서 문장에 적합한 漢字語가 되게 하시오.,그는 巧(     )한 방법으로 위기를 벗어났다.,巧( ),,妙,妙,
3급,87,2019-11-23,109,yui_W,다음 漢字와 비슷한 뜻을 가진 漢字(正字)를 (           ) 안에 써서 문장에 적합한 漢字語가 되게 하시오.,사람들은 憤(     )를 가라앉히고 다시 생각했다.,憤( ),,怒,怒,
3급,87,2019-11-23,110,yui_W,다음 漢字와 비슷한 뜻을 가진 漢字(正字)를 (           ) 안에 써서 문장에 적합한 漢字語가 되게 하시오.,목적지에 (     )達했다는 문자가 왔다.,( )達,,到,到,
3급,87,2019-11-23,111,yui_W,다음 漢字와 비슷한 뜻을 가진 漢字(正字)를 (           ) 안에 써서 문장에 적합한 漢字語가 되게 하시오.,물가 상승으로 (         )幣 가치가 떨어졌다.,( )幣,,貨,貨,
3급,87,2019-11-23,112,yui_W,다음 漢字와 비슷한 뜻을 가진 漢字(正字)를 (           ) 안에 써서 문장에 적합한 漢字語가 되게 하시오.,연구원 (    )聘 공고를 보고 응모했다.,( )聘,,招,招,
3급,87,2019-11-23,113,banui_W,다음 漢字와 뜻이 反對 또는 相對되는 漢字(正字)를 써서 漢字語를 완성하시오.,감귤은 (    )捨 과정을 거쳐야 상품성이 높다.,( )捨,,取,取,
3급,87,2019-11-23,114,banui_W,다음 漢字와 뜻이 反對 또는 相對되는 漢字(正字)를 써서 漢字語를 완성하시오.,어느 쪽이 좋은지 (    )失을 따져 보자.,( )失,,得,得,
3급,87,2019-11-23,115,banui_W,다음 漢字와 뜻이 反對 또는 相對되는 漢字(正字)를 써서 漢字語를 완성하시오.,여야는 경제 문제에 대해 ( )防을 벌였다.,( )防,,攻,攻,
3급,87,2019-11-23,116,banui_W,다음 漢字와 뜻이 反對 또는 相對되는 漢字(正字)를 써서 漢字語를 완성하시오.,사람들은 소득의 增(     )에 민감하다.,增( ),,減,減,
3급,87,2019-11-23,117,banui_W,다음 漢字와 뜻이 反對 또는 相對되는 漢字(正字)를 써서 漢字語를 완성하시오.,직원들은 사장의 動(     )을 살폈다.,動( ),,靜,靜,
3급,87,2019-11-23,118,banuieo_W,다음 漢字語의 反對語 또는 相對語를 2음절로 된 漢字(正字)로 쓰시오.,承認 ↔ (    ),承認 ↔ ( ),,拒否,拒否,
3급,87,2019-11-23,119,banuieo_W,다음 漢字語의 反對語 또는 相對語를 2음절로 된 漢字(正字)로 쓰시오.,內包 ↔ (    ),內包 ↔ ( ),,外延,外延,
3급,87,2019-11-23,120,banuieo_W,다음 漢字語의 反對語 또는 相對語를 2음절로 된 漢字(正字)로 쓰시오.,稚拙 ↔ (    ),稚拙 ↔ ( ),,洗練,洗練,
3급,87,2019-11-23,121,banuieo_W,다음 漢字語의 反對語 또는 相對語를 2음절로 된 漢字(正字)로 쓰시오.,快樂 ↔ (    ),快樂 ↔ ( ),,苦痛,苦痛,
3급,87,2019-11-23,122,banuieo_W,다음 漢字語의 反對語 또는 相對語를 2음절로 된 漢字(正字)로 쓰시오.,緩慢 ↔ (    ),緩慢 ↔ ( ),,急激,急激,
3급,87,2019-11-23,123,dongeumeo_W,"다음 漢字語의 同音異義語를 漢字(正字)로 쓰되, 제시된 뜻에 맞는 것으로 하시오.",(司祭) - 개인이 사사로이 만듦.,(司祭),,私製,私製,
3급,87,2019-11-23,124,dongeumeo_W,"다음 漢字語의 同音異義語를 漢字(正字)로 쓰되, 제시된 뜻에 맞는 것으로 하시오.",(結團) - 딱 잘라 결정함.,(結團),,決斷,決斷,
3급,87,2019-11-23,125,dongeumeo_W,"다음 漢字語의 同音異義語를 漢字(正字)로 쓰되, 제시된 뜻에 맞는 것으로 하시오.",(祈福) - 일어났다 엎드렸다 함.,(祈福),,起伏,起伏,
3급,87,2019-11-23,126,dongeumeo_W,"다음 漢字語의 同音異義語를 漢字(正字)로 쓰되, 제시된 뜻에 맞는 것으로 하시오.",(經費) - 만일을 염려하여 미리 지키고 살핌.,(經費),,警備,警備,
3급,87,2019-11-23,127,dongeumeo_W,"다음 漢字語의 同音異義語를 漢字(正字)로 쓰되, 제시된 뜻에 맞는 것으로 하시오.",(弔旗) - 이른 시기.,(弔旗),,早期,早期,
3급,87,2019-11-23,128,seongeo_W,다음 (       ) 안에 알맞은 漢字(正字)를 써서 四字成語를 완성하시오.,百(    )不屈 : 백 번 꺾여도 굽히지 않음.,百( )不屈,,折,折,
3급,87,2019-11-23,129,seongeo_W,다음 (       ) 안에 알맞은 漢字(正字)를 써서 四字成語를 완성하시오.,森(    )萬象 : 우주에 존재하는 모든 사물과 현상.,森( )萬象,,羅,羅,
3급,87,2019-11-23,130,seongeo_W,다음 (       ) 안에 알맞은 漢字(正字)를 써서 四字成語를 완성하시오.,(    )木求魚 : 나무에서 물고기를 구함. 도저히 불가능한 일.,( )木求魚,,緣,緣,
3급,87,2019-11-23,131,seongeo_W,다음 (       ) 안에 알맞은 漢字(正字)를 써서 四字成語를 완성하시오.,自畫自(     ) : 자기가 한 일을 자기 스스로 칭찬함.,自畫自( ),,讚,讚,
3급,87,2019-11-23,132,seongeo_W,다음 (       ) 안에 알맞은 漢字(正字)를 써서 四字成語를 완성하시오.,風前( )火 : 바람 앞의 등불. 매우 위태로운 상황.,風前( )火,,燈,燈,
3급,87,2019-11-23,133,seongeo_W,다음 (       ) 안에 알맞은 漢字(正字)를 써서 四字成語를 완성하시오.,(    )談巷說 : 길거리에 떠도는 소문.,( )談巷說,,街,街,
3급,87,2019-11-23,134,seongeo_W,다음 (       ) 안에 알맞은 漢字(正字)를 써서 四字成語를 완성하시오.,江湖煙(    ) : 강이나 호수 위에 안개처럼 하얗게 서린 기운. 자연풍경을 이름.,江湖煙( ),,波,波,
3급,87,2019-11-23,135,seongeo_W,다음 (       ) 안에 알맞은 漢字(正字)를 써서 四字成語를 완성하시오.,窮(    )之策 : 생각다 못해 해내는 계책.,窮( )之策,,餘,餘,
3급,87,2019-11-23,136,seongeo_W,다음 (       ) 안에 알맞은 漢字(正字)를 써서 四字成語를 완성하시오.,泥田( )狗 : 진흙 밭에서 싸우는 개. 저급한 싸움.,泥田( )狗,,鬪,鬪,
3급,87,2019-11-23,137,seongeo_W,다음 (       ) 안에 알맞은 漢字(正字)를 써서 四字成語를 완성하시오.,夫(    )婦綱 : 남편은 아내의 모범이 되어야 함.,夫( )婦綱,,爲,爲,
3급,87,2019-11-23,138,busu_W,다음 漢字의 部首를 쓰시오.,肖,肖,,月(肉),月(肉),
3급,87,2019-11-23,139,busu_W,다음 漢字의 部首를 쓰시오.,聰,聰,,耳,耳,
3급,87,2019-11-23,140,busu_W,다음 漢字의 部首를 쓰시오.,誕,誕,,言,言,
3급,87,2019-11-23,141,busu_W,다음 漢字의 部首를 쓰시오.,幅,幅,,巾,巾,
3급,87,2019-11-23,142,busu_W,다음 漢字의 部首를 쓰시오.,互,互,,二,二,
3급,87,2019-11-23,143,yakja_W,다음 漢字의 略字를 쓰시오.,亂,亂,,乱,乱,
3급,87,2019-11-23,144,yakja_W,다음 漢字의 略字를 쓰시오.,轉,轉,,転,転,
3급,87,2019-11-23,145,yakja_W,다음 漢字의 略字를 쓰시오.,彈,彈,,弾,弾,
3급,87,2019-11-23,146,mean_W,다음 漢字語의 뜻을 쓰시오.,收穫,收穫,,곡식을 거두어들임,곡식을 거두어들임,
3급,87,2019-11-23,147,mean_W,다음 漢字語의 뜻을 쓰시오.,拔群,拔群,,여럿 가운데 뛰어남,여럿 가운데 뛰어남,
3급,87,2019-11-23,148,mean_W,다음 漢字語의 뜻을 쓰시오.,鼻孔,鼻孔,,콧구멍,콧구멍,
3급,87,2019-11-23,149,mean_W,다음 漢字語의 뜻을 쓰시오.,讓位,讓位,,왕의 자리를 물려줌,왕의 자리를 물려줌,
3급,87,2019-11-23,150,mean_W,다음 漢字語의 뜻을 쓰시오.,戀慕,戀慕,,사랑하여 그리워함,사랑하여 그리워함,
3급,90,2020-08-22,1,dokeum_W,다음 문장에서 밑줄 친 漢字語의 讀音을 쓰시오.,사장은 투자 計劃을 徹底히 검토한 후 사업을 承諾했다.,計劃,,계획,계획,
3급,90,2020-08-22,2,dokeum_W,다음 문장에서 밑줄 친 漢字語의 讀音을 쓰시오.,사장은 투자 計劃을 徹底히 검토한 후 사업을 承諾했다.,徹底,,철저,철저,
3급,90,2020-08-22,3,dokeum_W,다음 문장에서 밑줄 친 漢字語의 讀音을 쓰시오.,사장은 투자 計劃을 徹底히 검토한 후 사업을 承諾했다.,承諾,,승낙,승낙,
3급,90,2020-08-22,4,dokeum_W,다음 문장에서 밑줄 친 漢字語의 讀音을 쓰시오.,투수는 새로운 팀과 契約하고 신기록에 挑戰하겠다고 발표했다.,契約,,계약,계약,
3급,90,2020-08-22,5,dokeum_W,다음 문장에서 밑줄 친 漢字語의 讀音을 쓰시오.,투수는 새로운 팀과 契約하고 신기록에 挑戰하겠다고 발표했다.,挑戰,,도전,도전,
3급,90,2020-08-22,6,dokeum_W,다음 문장에서 밑줄 친 漢字語의 讀音을 쓰시오.,새로 塗壁한 건물은 다른 건물로 錯覺할 정도로 산뜻했다.,塗壁,,도벽,도벽,
3급,90,2020-08-22,7,dokeum_W,다음 문장에서 밑줄 친 漢字語의 讀音을 쓰시오.,새로 塗壁한 건물은 다른 건물로 錯覺할 정도로 산뜻했다.,錯覺,,착각,착각,
3급,90,2020-08-22,8,dokeum_W,다음 문장에서 밑줄 친 漢字語의 讀音을 쓰시오.,그 두 사람은 敦篤히 지내며 어려울 때는 서로를 慰勞했다.,敦篤,,돈독,돈독,
3급,90,2020-08-22,9,dokeum_W,다음 문장에서 밑줄 친 漢字語의 讀音을 쓰시오.,그 두 사람은 敦篤히 지내며 어려울 때는 서로를 慰勞했다.,慰勞,,위로,위로,
3급,90,2020-08-22,10,dokeum_W,다음 문장에서 밑줄 친 漢字語의 讀音을 쓰시오.,병사들은 屯營에서 대기하며 進擊 명령을 기다렸다.,屯營,,둔영,둔영,
3급,90,2020-08-22,11,dokeum_W,다음 문장에서 밑줄 친 漢字語의 讀音을 쓰시오.,병사들은 屯營에서 대기하며 進擊 명령을 기다렸다.,進擊,,진격,진격,
3급,90,2020-08-22,12,dokeum_W,다음 문장에서 밑줄 친 漢字語의 讀音을 쓰시오.,요즘 경기가 좋아 주식이 暴騰했다.,暴騰,,폭등,폭등,
3급,90,2020-08-22,13,dokeum_W,다음 문장에서 밑줄 친 漢字語의 讀音을 쓰시오.,경찰은 보석을 掠奪해 간 범인을 追跡했다.,掠奪,,약탈,약탈,
3급,90,2020-08-22,14,dokeum_W,다음 문장에서 밑줄 친 漢字語의 讀音을 쓰시오.,경찰은 보석을 掠奪해 간 범인을 追跡했다.,追跡,,추적,추적,
3급,90,2020-08-22,15,dokeum_W,다음 문장에서 밑줄 친 漢字語의 讀音을 쓰시오.,고국을 떠난 난민을 보고 憐憫을 느꼈다.,憐憫,,연민,연민,
3급,90,2020-08-22,16,dokeum_W,다음 문장에서 밑줄 친 漢字語의 讀音을 쓰시오.,그 정치인은 卑劣하게 살지 않겠다고 다짐했다.,卑劣,,비열,비열,
3급,90,2020-08-22,17,dokeum_W,다음 문장에서 밑줄 친 漢字語의 讀音을 쓰시오.,怠慢한 성격으로는 성공할 수 없다.,怠慢,,태만,태만,
3급,90,2020-08-22,18,dokeum_W,다음 문장에서 밑줄 친 漢字語의 讀音을 쓰시오.,대원들은 茫漠한 광야를 걸어 목적지에 도착했다.,茫漠,,망막,망막,
3급,90,2020-08-22,19,dokeum_W,다음 문장에서 밑줄 친 漢字語의 讀音을 쓰시오.,홍수로 밭이 埋沒되어 경계가 사라졌다.,埋沒,,매몰,매몰,
3급,90,2020-08-22,20,dokeum_W,다음 문장에서 밑줄 친 漢字語의 讀音을 쓰시오.,저 그림은 暮景을 그린 작품이다.,暮景,,모경,모경,
3급,90,2020-08-22,21,dokeum_W,다음 漢字語의 讀音을 쓰시오.,苗板,苗板,,묘판,묘판,
3급,90,2020-08-22,22,dokeum_W,다음 漢字語의 讀音을 쓰시오.,宗廟,宗廟,,종묘,종묘,
3급,90,2020-08-22,23,dokeum_W,다음 漢字語의 讀音을 쓰시오.,雲霧,雲霧,,운무,운무,
3급,90,2020-08-22,24,dokeum_W,다음 漢字語의 讀音을 쓰시오.,輕微,輕微,,경미,경미,
3급,90,2020-08-22,25,dokeum_W,다음 漢字語의 讀音을 쓰시오.,叛徒,叛徒,,반도,반도,
3급,90,2020-08-22,26,dokeum_W,다음 漢字語의 讀音을 쓰시오.,聯邦,聯邦,,연방,연방,
3급,90,2020-08-22,27,dokeum_W,다음 漢字語의 讀音을 쓰시오.,傍證,傍證,,방증,방증,
3급,90,2020-08-22,28,dokeum_W,다음 漢字語의 讀音을 쓰시오.,乾杯,乾杯,,건배,건배,
3급,90,2020-08-22,29,dokeum_W,다음 漢字語의 讀音을 쓰시오.,頻煩,頻煩,,빈번,빈번,
3급,90,2020-08-22,30,dokeum_W,다음 漢字語의 讀音을 쓰시오.,詐稱,詐稱,,사칭,사칭,
3급,90,2020-08-22,31,dokeum_W,다음 漢字語의 讀音을 쓰시오.,厚賜,厚賜,,후사,후사,
3급,90,2020-08-22,32,dokeum_W,다음 漢字語의 讀音을 쓰시오.,嘗味,嘗味,,상미,상미,
3급,90,2020-08-22,33,dokeum_W,다음 漢字語의 讀音을 쓰시오.,敍述,敍述,,서술,서술,
3급,90,2020-08-22,34,dokeum_W,다음 漢字語의 讀音을 쓰시오.,拜謁,拜謁,,배알,배알,
3급,90,2020-08-22,35,dokeum_W,다음 漢字語의 讀音을 쓰시오.,押韻,押韻,,압운,압운,
3급,90,2020-08-22,36,dokeum_W,다음 漢字語의 讀音을 쓰시오.,墳墓,墳墓,,분묘,분묘,
3급,90,2020-08-22,37,dokeum_W,다음 漢字語의 讀音을 쓰시오.,聘丈,聘丈,,빙장,빙장,
3급,90,2020-08-22,38,dokeum_W,다음 漢字語의 讀音을 쓰시오.,逝去,逝去,,서거,서거,
3급,90,2020-08-22,39,dokeum_W,다음 漢字語의 讀音을 쓰시오.,擁衛,擁衛,,옹위,옹위,
3급,90,2020-08-22,40,dokeum_W,다음 漢字語의 讀音을 쓰시오.,餘滴,餘滴,,여적,여적,
3급,90,2020-08-22,41,dokeum_W,다음 漢字語의 讀音을 쓰시오.,蝶泳,蝶泳,,접영,접영,
3급,90,2020-08-22,42,dokeum_W,다음 漢字語의 讀音을 쓰시오.,弔辭,弔辭,,조사,조사,
3급,90,2020-08-22,43,dokeum_W,다음 漢字語의 讀音을 쓰시오.,俊傑,俊傑,,준걸,준걸,
3급,90,2020-08-22,44,dokeum_W,다음 漢字語의 讀音을 쓰시오.,遲刻,遲刻,,지각,지각,
3급,90,2020-08-22,45,dokeum_W,다음 漢字語의 讀音을 쓰시오.,攝取,攝取,,섭취,섭취,
3급,90,2020-08-22,46,huneum_W,다음 漢字의 訓과 音을 쓰시오.,隣,隣,,이웃 린,이웃 린,
3급,90,2020-08-22,47,huneum_W,다음 漢字의 訓과 音을 쓰시오.,忙,忙,,바쁠 망,바쁠 망,
3급,90,2020-08-22,48,huneum_W,다음 漢字의 訓과 音을 쓰시오.,伴,伴,,짝 반,짝 반,
3급,90,2020-08-22,49,huneum_W,다음 漢字의 訓과 音을 쓰시오.,辨,辨,,분별할 변,분별할 변,
3급,90,2020-08-22,50,huneum_W,다음 漢字의 訓과 音을 쓰시오.,巳,巳,,뱀 사,뱀 사,
3급,90,2020-08-22,51,huneum_W,다음 漢字의 訓과 音을 쓰시오.,搜,搜,,찾을 수,찾을 수,
3급,90,2020-08-22,52,huneum_W,다음 漢字의 訓과 音을 쓰시오.,冥,冥,,어두울 명,어두울 명,
3급,90,2020-08-22,53,huneum_W,다음 漢字의 訓과 音을 쓰시오.,暑,暑,,더울 서,더울 서,
3급,90,2020-08-22,54,huneum_W,다음 漢字의 訓과 音을 쓰시오.,雁,雁,,기러기 안,기러기 안,
3급,90,2020-08-22,55,huneum_W,다음 漢字의 訓과 音을 쓰시오.,翁,翁,,늙은이 옹,늙은이 옹,
3급,90,2020-08-22,56,huneum_W,다음 漢字의 訓과 音을 쓰시오.,爵,爵,,벼슬 작,벼슬 작,
3급,90,2020-08-22,57,huneum_W,다음 漢字의 訓과 音을 쓰시오.,捉,捉,,잡을 착,잡을 착,
3급,90,2020-08-22,58,huneum_W,다음 漢字의 訓과 音을 쓰시오.,違,違,,어긋날 위,어긋날 위,
3급,90,2020-08-22,59,huneum_W,다음 漢字의 訓과 音을 쓰시오.,某,某,,아무 모,아무 모,
3급,90,2020-08-22,60,huneum_W,다음 漢字의 訓과 音을 쓰시오.,墻,墻,,담 장,담 장,
3급,90,2020-08-22,61,huneum_W,다음 漢字의 訓과 音을 쓰시오.,尖,尖,,뾰족할 첨,뾰족할 첨,
3급,90,2020-08-22,62,huneum_W,다음 漢字의 訓과 音을 쓰시오.,竝,竝,,나란히 병,나란히 병,
3급,90,2020-08-22,63,huneum_W,다음 漢字의 訓과 音을 쓰시오.,搖,搖,,흔들 요,흔들 요,
3급,90,2020-08-22,64,huneum_W,다음 漢字의 訓과 音을 쓰시오.,余,余,,나 여,나 여,
3급,90,2020-08-22,65,huneum_W,다음 漢字의 訓과 音을 쓰시오.,昭,昭,,밝을 소,밝을 소,
3급,90,2020-08-22,66,huneum_W,다음 漢字의 訓과 音을 쓰시오.,抽,抽,,뽑을 추,뽑을 추,
3급,90,2020-08-22,67,huneum_W,다음 漢字의 訓과 音을 쓰시오.,妥,妥,,온당할 타,온당할 타,
3급,90,2020-08-22,68,huneum_W,다음 漢字의 訓과 音을 쓰시오.,罷,罷,,마칠 파,마칠 파,
3급,90,2020-08-22,69,huneum_W,다음 漢字의 訓과 音을 쓰시오.,旱,旱,,가물 한,가물 한,
3급,90,2020-08-22,70,huneum_W,다음 漢字의 訓과 音을 쓰시오.,巷,巷,,거리 항,거리 항,
3급,90,2020-08-22,71,huneum_W,다음 漢字의 訓과 音을 쓰시오.,漂,漂,,떠다닐 표,떠다닐 표,
3급,90,2020-08-22,72,huneum_W,다음 漢字의 訓과 音을 쓰시오.,濯,濯,,씻을 탁,씻을 탁,
3급,90,2020-08-22,73,jangeum_S,다음 중 첫음절이 長音으로 발음되는 것을 고르시오.,,,"[""① 寢睡"", ""② 沈水""]",①,① 寢睡,
3급,90,2020-08-22,74,jangeum_S,다음 중 첫음절이 長音으로 발음되는 것을 고르시오.,,,"[""① 他故"", ""② 打鼓""]",②,② 打鼓,
3급,90,2020-08-22,75,jangeum_S,다음 중 첫음절이 長音으로 발음되는 것을 고르시오.,,,"[""① 通關"", ""② 統管""]",②,② 統管,
3급,90,2020-08-22,76,jangeum_S,다음 중 첫음절이 長音으로 발음되는 것을 고르시오.,,,"[""① 注射"", ""② 酒邪""]",①,① 注射,
3급,90,2020-08-22,77,jangeum_S,다음 중 첫음절이 長音으로 발음되는 것을 고르시오.,,,"[""① 鄕愁"", ""② 享壽""]",②,② 享壽,
3급,90,2020-08-22,78,hanjaeo_W,다음 문장에서 밑줄 친 漢字語를 漢字(正字)로 쓰시오.,그는 기술 경쟁 대회에서 차석을 차지했다.,경쟁,,競爭,競爭,
3급,90,2020-08-22,79,hanjaeo_W,다음 문장에서 밑줄 친 漢字語를 漢字(正字)로 쓰시오.,그는 기술 경쟁 대회에서 차석을 차지했다.,차석,,次席,次席,
3급,90,2020-08-22,80,hanjaeo_W,다음 문장에서 밑줄 친 漢字語를 漢字(正字)로 쓰시오.,나는 친구 딸을 문병하여 쾌차를 기원했다.,친구,,親舊,親舊,
3급,90,2020-08-22,81,hanjaeo_W,다음 문장에서 밑줄 친 漢字語를 漢字(正字)로 쓰시오.,나는 친구 딸을 문병하여 쾌차를 기원했다.,쾌차,,快差,快差,
3급,90,2020-08-22,82,hanjaeo_W,다음 문장에서 밑줄 친 漢字語를 漢字(正字)로 쓰시오.,탐험에 성공한 대원들은 모두 모여 애국가를 봉창했다.,탐험,,探險,探險,
3급,90,2020-08-22,83,hanjaeo_W,다음 문장에서 밑줄 친 漢字語를 漢字(正字)로 쓰시오.,탐험에 성공한 대원들은 모두 모여 애국가를 봉창했다.,대원,,隊員,隊員,
3급,90,2020-08-22,84,hanjaeo_W,다음 문장에서 밑줄 친 漢字語를 漢字(正字)로 쓰시오.,탐험에 성공한 대원들은 모두 모여 애국가를 봉창했다.,봉창,,奉唱,奉唱,
3급,90,2020-08-22,85,hanjaeo_W,다음 문장에서 밑줄 친 漢字語를 漢字(正字)로 쓰시오.,자본주의 국가에서는 창업을 독려하여 경제 발전에 이바지하도록 한다.,자본,,資本,資本,
3급,90,2020-08-22,86,hanjaeo_W,다음 문장에서 밑줄 친 漢字語를 漢字(正字)로 쓰시오.,자본주의 국가에서는 창업을 독려하여 경제 발전에 이바지하도록 한다.,창업,,創業,創業,
3급,90,2020-08-22,87,hanjaeo_W,다음 문장에서 밑줄 친 漢字語를 漢字(正字)로 쓰시오.,자본주의 국가에서는 창업을 독려하여 경제 발전에 이바지하도록 한다.,경제,,經濟,經濟,
3급,90,2020-08-22,88,hanjaeo_W,다음 문장에서 밑줄 친 漢字語를 漢字(正字)로 쓰시오.,마을에서는 방파제 건설에 필요한 지원금을 관청에 신청했다.,건설,,建設,建設,
3급,90,2020-08-22,89,hanjaeo_W,다음 문장에서 밑줄 친 漢字語를 漢字(正字)로 쓰시오.,마을에서는 방파제 건설에 필요한 지원금을 관청에 신청했다.,지원,,支援,支援,
3급,90,2020-08-22,90,hanjaeo_W,다음 문장에서 밑줄 친 漢字語를 漢字(正字)로 쓰시오.,마을에서는 방파제 건설에 필요한 지원금을 관청에 신청했다.,관청,,官廳,官廳,
3급,90,2020-08-22,91,hanjaeo_W,다음 문장에서 밑줄 친 漢字語를 漢字(正字)로 쓰시오.,마을에서는 방파제 건설에 필요한 지원금을 관청에 신청했다.,신청,,申請,申請,
3급,90,2020-08-22,92,hanjaeo_W,다음 문장에서 밑줄 친 漢字語를 漢字(正字)로 쓰시오.,국회는 작년보다 예산 총액을 높여 통과시켰다.,예산,,豫算,豫算,
3급,90,2020-08-22,93,hanjaeo_W,다음 문장에서 밑줄 친 漢字語를 漢字(正字)로 쓰시오.,국회는 작년보다 예산 총액을 높여 통과시켰다.,총액,,總額,總額,
3급,90,2020-08-22,94,hanjaeo_W,다음 문장에서 밑줄 친 漢字語를 漢字(正字)로 쓰시오.,구단에 새 감독이 취임하여 분위기를 일신했다.,감독,,監督,監督,
3급,90,2020-08-22,95,hanjaeo_W,다음 문장에서 밑줄 친 漢字語를 漢字(正字)로 쓰시오.,구단에 새 감독이 취임하여 분위기를 일신했다.,취임,,就任,就任,
3급,90,2020-08-22,96,hanjaeo_W,다음 문장에서 밑줄 친 漢字語를 漢字(正字)로 쓰시오.,사람들은 취향에 따라 문화원의 강좌를 선택했다.,취향,,趣向,趣向,
3급,90,2020-08-22,97,hanjaeo_W,다음 문장에서 밑줄 친 漢字語를 漢字(正字)로 쓰시오.,사람들은 취향에 따라 문화원의 강좌를 선택했다.,강좌,,講座,講座,
3급,90,2020-08-22,98,hanjaeo_W,다음 문장에서 밑줄 친 漢字語를 漢字(正字)로 쓰시오.,사람들은 취향에 따라 문화원의 강좌를 선택했다.,선택,,選擇,選擇,
3급,90,2020-08-22,99,hanjaeo_W,다음 문장에서 밑줄 친 漢字語를 漢字(正字)로 쓰시오.,자율 주행 자동차는 여러 가지 안전 장치가 되어 있다.,자율,,自律,自律,
3급,90,2020-08-22,100,hanjaeo_W,다음 문장에서 밑줄 친 漢字語를 漢字(正字)로 쓰시오.,자율 주행 자동차는 여러 가지 안전 장치가 되어 있다.,주행,,走行,走行,
3급,90,2020-08-22,101,hanjaeo_W,다음 문장에서 밑줄 친 漢字語를 漢字(正字)로 쓰시오.,자율 주행 자동차는 여러 가지 안전 장치가 되어 있다.,장치,,裝置,裝置,
3급,90,2020-08-22,102,hanjaeo_W,다음 문장에서 밑줄 친 漢字語를 漢字(正字)로 쓰시오.,적의 침범을 막기 위해 경계를 게을리 하지 않았다.,침범,,侵犯,侵犯,
3급,90,2020-08-22,103,hanjaeo_W,다음 문장에서 밑줄 친 漢字語를 漢字(正字)로 쓰시오.,적의 침범을 막기 위해 경계를 게을리 하지 않았다.,경계,,警戒,警戒,
3급,90,2020-08-22,104,hanjaeo_W,다음 문장에서 밑줄 친 漢字語를 漢字(正字)로 쓰시오.,양측은 토론이 과열되자 잠시 휴식 시간을 갖기로 했다.,토론,,討論,討論,
3급,90,2020-08-22,105,hanjaeo_W,다음 문장에서 밑줄 친 漢字語를 漢字(正字)로 쓰시오.,양측은 토론이 과열되자 잠시 휴식 시간을 갖기로 했다.,과열,,過熱,過熱,
3급,90,2020-08-22,106,hanjaeo_W,다음 문장에서 밑줄 친 漢字語를 漢字(正字)로 쓰시오.,급격한 산업화는 환경 문제를 초래했다.,급격,,急激,急激,
3급,90,2020-08-22,107,hanjaeo_W,다음 문장에서 밑줄 친 漢字語를 漢字(正字)로 쓰시오.,급격한 산업화는 환경 문제를 초래했다.,환경,,環境,環境,
3급,90,2020-08-22,108,yui_W,다음 漢字와 비슷한 뜻을 가진 漢字(正字)를 (           ) 안에 써서 문장에 적합한 漢字語가 되게 하시오.,채용 공고에 나온 대로 서류를 具(   )하여 응모했다.,具( ),,備,備,
3급,90,2020-08-22,109,yui_W,다음 漢字와 비슷한 뜻을 가진 漢字(正字)를 (           ) 안에 써서 문장에 적합한 漢字語가 되게 하시오.,방범대원들은 盜(       )을 잡기 위해 앞장섰다.,盜( ),,賊,賊,
3급,90,2020-08-22,110,yui_W,다음 漢字와 비슷한 뜻을 가진 漢字(正字)를 (           ) 안에 써서 문장에 적합한 漢字語가 되게 하시오.,산불 (   )殃은 많은 인명과 재산 피해를 안겼다.,( )殃,,災,災,
3급,90,2020-08-22,111,yui_W,다음 漢字와 비슷한 뜻을 가진 漢字(正字)를 (           ) 안에 써서 문장에 적합한 漢字語가 되게 하시오.,나는 (   )斜진 도로를 조심스럽게 운전했다.,( )斜,,傾,傾,
3급,90,2020-08-22,112,yui_W,다음 漢字와 비슷한 뜻을 가진 漢字(正字)를 (           ) 안에 써서 문장에 적합한 漢字語가 되게 하시오.,(   )倣하여 만든 제품이 진짜와 다름없다.,( )倣,,模,模,
3급,90,2020-08-22,113,banui_W,다음 漢字와 뜻이 反對 또는 相對되는 漢字(正字)를 써서 漢字語를 완성하시오.,이 고무줄은 伸( )이 잘 된다.,伸( ),,縮,縮,
3급,90,2020-08-22,114,banui_W,다음 漢字와 뜻이 反對 또는 相對되는 漢字(正字)를 써서 漢字語를 완성하시오.,아저씨 댁은 姑(      ) 사이의 관계가 매우 좋다.,姑( ),,婦,婦,
3급,90,2020-08-22,115,banui_W,다음 漢字와 뜻이 反對 또는 相對되는 漢字(正字)를 써서 漢字語를 완성하시오.,학교에서는 賞(       ) 위원회를 열어 징계를 결정했다.,賞( ),,罰,罰,
3급,90,2020-08-22,116,banui_W,다음 漢字와 뜻이 反對 또는 相對되는 漢字(正字)를 써서 漢字語를 완성하시오.,인간은 한평생 동안 (          )辱의 세월을 살기 마련이다.,( )辱,,榮,榮,
3급,90,2020-08-22,117,banui_W,다음 漢字와 뜻이 反對 또는 相對되는 漢字(正字)를 써서 漢字語를 완성하시오.,양측은 건물 (      )買에 합의하고 계약서를 작성했다.,( )買,,賣,賣,
3급,90,2020-08-22,118,banuieo_W,다음 漢字語의 反對語 또는 相對語를 2음절로 된 漢字(正字)로 쓰시오.,單純 ↔ (   ),單純 ↔ ( ),,複雜,複雜,
3급,90,2020-08-22,119,banuieo_W,다음 漢字語의 反對語 또는 相對語를 2음절로 된 漢字(正字)로 쓰시오.,物質 ↔ (   ),物質 ↔ ( ),,精神,精神,
3급,90,2020-08-22,120,banuieo_W,다음 漢字語의 反對語 또는 相對語를 2음절로 된 漢字(正字)로 쓰시오.,加入 ↔ (   ),加入 ↔ ( ),,脫退,脫退,
3급,90,2020-08-22,121,banuieo_W,다음 漢字語의 反對語 또는 相對語를 2음절로 된 漢字(正字)로 쓰시오.,寬大 ↔ (   ),寬大 ↔ ( ),,嚴格,嚴格,
3급,90,2020-08-22,122,banuieo_W,다음 漢字語의 反對語 또는 相對語를 2음절로 된 漢字(正字)로 쓰시오.,集合 ↔ (   ),集合 ↔ ( ),,解散,解散,
3급,90,2020-08-22,123,dongeumeo_W,"다음 漢字語의 同音異義語를 漢字(正字)로 쓰되, 제시된 뜻에 맞는 것으로 하시오.",(絶世) - 적법하게 세금을 덜 냄.,(絶世),,節稅,節稅,
3급,90,2020-08-22,124,dongeumeo_W,"다음 漢字語의 同音異義語를 漢字(正字)로 쓰되, 제시된 뜻에 맞는 것으로 하시오.","(碑銘) - 위험, 공포 등을 느낄 때 갑자기 외마디 소리를 지름.",(碑銘),,悲鳴,悲鳴,
3급,90,2020-08-22,125,dongeumeo_W,"다음 漢字語의 同音異義語를 漢字(正字)로 쓰되, 제시된 뜻에 맞는 것으로 하시오.",(厄禍) - 기체나 고체가 액체로 되는 현상.,(厄禍),,液化,液化,
3급,90,2020-08-22,126,dongeumeo_W,"다음 漢字語의 同音異義語를 漢字(正字)로 쓰되, 제시된 뜻에 맞는 것으로 하시오.",(延期) - 배우가 행동 따위를 표현해 내는 일.,(延期),,演技,演技,
3급,90,2020-08-22,127,dongeumeo_W,"다음 漢字語의 同音異義語를 漢字(正字)로 쓰되, 제시된 뜻에 맞는 것으로 하시오.",(巨富) - 허락하지 않고 물리침.,(巨富),,拒否,拒否,
3급,90,2020-08-22,128,seongeo_W,다음 (       ) 안에 알맞은 漢字(正字)를 써서 四字成語를 완성하시오.,"喜(    )哀樂 : 기쁨, 노여움, 슬픔, 즐거움. 즉, 사람의 온갖 감정.",喜( )哀樂,,怒,怒,
3급,90,2020-08-22,129,seongeo_W,다음 (       ) 안에 알맞은 漢字(正字)를 써서 四字成語를 완성하시오.,虛(    )聲勢 : 실속 없이 허세만 부림.,虛( )聲勢,,張,張,
3급,90,2020-08-22,130,seongeo_W,다음 (       ) 안에 알맞은 漢字(正字)를 써서 四字成語를 완성하시오.,忠言( )耳 : 바르게 타이르는 말일수록 듣기 싫어함.,忠言( )耳,,逆,逆,
3급,90,2020-08-22,131,seongeo_W,다음 (       ) 안에 알맞은 漢字(正字)를 써서 四字成語를 완성하시오.,千載一(     ) : 좀처럼 얻기 어려운 좋은 기회.,千載一( ),,遇,遇,
3급,90,2020-08-22,132,seongeo_W,다음 (       ) 안에 알맞은 漢字(正字)를 써서 四字成語를 완성하시오.,(    )鹿爲馬 : 윗사람을 농락하여 권세를 마음대로 휘두름.,( )鹿爲馬,,指,指,
3급,90,2020-08-22,133,seongeo_W,다음 (       ) 안에 알맞은 漢字(正字)를 써서 四字成語를 완성하시오.,縱橫無(    ) : 자유자재하여 끝이 없는 상태.,縱橫無( ),,盡,盡,
3급,90,2020-08-22,134,seongeo_W,다음 (       ) 안에 알맞은 漢字(正字)를 써서 四字成語를 완성하시오.,臨(    )應變 : 그때그때 형편에 따라 일을 처리함.,臨( )應變,,機,機,
3급,90,2020-08-22,135,seongeo_W,다음 (       ) 안에 알맞은 漢字(正字)를 써서 四字成語를 완성하시오.,(    )柔不斷 : 어물어물하며 딱 잘라 결단을 내리지 못함.,( )柔不斷,,優,優,
3급,90,2020-08-22,136,seongeo_W,다음 (       ) 안에 알맞은 漢字(正字)를 써서 四字成語를 완성하시오.,藥房( )草 : 무슨 일이나 빠짐없이 끼어듦.,藥房( )草,,甘,甘,
3급,90,2020-08-22,137,seongeo_W,다음 (       ) 안에 알맞은 漢字(正字)를 써서 四字成語를 완성하시오.,博(    )強記 : 동서고금의 책을 널리 읽고 사물을 잘 기억함.,博( )強記,,覽,覽,
3급,90,2020-08-22,138,busu_W,다음 漢字의 部首를 쓰시오.,皆,皆,,白,白,
3급,90,2020-08-22,139,busu_W,다음 漢字의 部首를 쓰시오.,牽,牽,,牛,牛,
3급,90,2020-08-22,140,busu_W,다음 漢字의 部首를 쓰시오.,奈,奈,,大,大,
3급,90,2020-08-22,141,busu_W,다음 漢字의 部首를 쓰시오.,豚,豚,,豕,豕,
3급,90,2020-08-22,142,busu_W,다음 漢字의 部首를 쓰시오.,屢,屢,,尸,尸,
3급,90,2020-08-22,143,yakja_W,다음 漢字의 略字를 쓰시오.,繼,繼,,継,継,
3급,90,2020-08-22,144,yakja_W,다음 漢字의 略字를 쓰시오.,龍,龍,,竜,竜,
3급,90,2020-08-22,145,yakja_W,다음 漢字의 略字를 쓰시오.,條,條,,条,条,
3급,90,2020-08-22,146,mean_W,다음 漢字語의 뜻을 쓰시오.,廉價,廉價,,싼 가격,싼 가격,
3급,90,2020-08-22,147,mean_W,다음 漢字語의 뜻을 쓰시오.,迫頭,迫頭,,가까이 닥쳐옴,가까이 닥쳐옴,
3급,90,2020-08-22,148,mean_W,다음 漢字語의 뜻을 쓰시오.,飽食,飽食,,배부르게 먹음,배부르게 먹음,
3급,90,2020-08-22,149,mean_W,다음 漢字語의 뜻을 쓰시오.,考察,考察,,깊이 있게 살펴봄,깊이 있게 살펴봄,
3급,90,2020-08-22,150,mean_W,다음 漢字語의 뜻을 쓰시오.,靜閑,靜閑,,조용하고 한가함,조용하고 한가함,
3급,91,2020-11-21,1,dokeum_W,다음 문장에서 밑줄 친 漢字語의 讀音을 쓰시오.,세계적인 석학을 招聘했다.,招聘,,초빙,초빙,
3급,91,2020-11-21,2,dokeum_W,다음 문장에서 밑줄 친 漢字語의 讀音을 쓰시오.,宗廟에서는 朔望에 제사를 지냈다.,宗廟,,종묘,종묘,
3급,91,2020-11-21,3,dokeum_W,다음 문장에서 밑줄 친 漢字語의 讀音을 쓰시오.,宗廟에서는 朔望에 제사를 지냈다.,朔望,,삭망,삭망,
3급,91,2020-11-21,4,dokeum_W,다음 문장에서 밑줄 친 漢字語의 讀音을 쓰시오.,한여름 暴暑에 溪谷에는 수많은 인파가 모였다.,暴暑,,폭서,폭서,
3급,91,2020-11-21,5,dokeum_W,다음 문장에서 밑줄 친 漢字語의 讀音을 쓰시오.,한여름 暴暑에 溪谷에는 수많은 인파가 모였다.,溪谷,,계곡,계곡,
3급,91,2020-11-21,6,dokeum_W,다음 문장에서 밑줄 친 漢字語의 讀音을 쓰시오.,상대에게 包攝되지 않으려면 자기 실력을 키워야 한다.,包攝,,포섭,포섭,
3급,91,2020-11-21,7,dokeum_W,다음 문장에서 밑줄 친 漢字語의 讀音을 쓰시오.,공공장소에서 騷亂을 피운 사람이 경찰에 逮捕되었다.,騷亂,,소란,소란,
3급,91,2020-11-21,8,dokeum_W,다음 문장에서 밑줄 친 漢字語의 讀音을 쓰시오.,공공장소에서 騷亂을 피운 사람이 경찰에 逮捕되었다.,逮捕,,체포,체포,
3급,91,2020-11-21,9,dokeum_W,다음 문장에서 밑줄 친 漢字語의 讀音을 쓰시오.,罪囚들을 실은 버스가 監獄을 향해 출발했다.,罪囚,,죄수,죄수,
3급,91,2020-11-21,10,dokeum_W,다음 문장에서 밑줄 친 漢字語의 讀音을 쓰시오.,罪囚들을 실은 버스가 監獄을 향해 출발했다.,監獄,,감옥,감옥,
3급,91,2020-11-21,11,dokeum_W,다음 문장에서 밑줄 친 漢字語의 讀音을 쓰시오.,경찰은 潛跡한 범인을 찾기 위해 搜索을 실시했다.,潛跡,,잠적,잠적,
3급,91,2020-11-21,12,dokeum_W,다음 문장에서 밑줄 친 漢字語의 讀音을 쓰시오.,경찰은 潛跡한 범인을 찾기 위해 搜索을 실시했다.,搜索,,수색,수색,
3급,91,2020-11-21,13,dokeum_W,다음 문장에서 밑줄 친 漢字語의 讀音을 쓰시오.,올해 들어 코로나 바이러스라는 橫厄이 창궐했다.,橫厄,,횡액,횡액,
3급,91,2020-11-21,14,dokeum_W,다음 문장에서 밑줄 친 漢字語의 讀音을 쓰시오.,그 정치인은 말실수로 輿論의 뭇매를 맞았다.,輿論,,여론,여론,
3급,91,2020-11-21,15,dokeum_W,다음 문장에서 밑줄 친 漢字語의 讀音을 쓰시오.,감사는 帳簿를 꼼꼼히 閱覽했다.,帳簿,,장부,장부,
3급,91,2020-11-21,16,dokeum_W,다음 문장에서 밑줄 친 漢字語의 讀音을 쓰시오.,감사는 帳簿를 꼼꼼히 閱覽했다.,閱覽,,열람,열람,
3급,91,2020-11-21,17,dokeum_W,다음 문장에서 밑줄 친 漢字語의 讀音을 쓰시오.,여야 의원들은 법안 審査에서 尖銳하게 대립했다.,審査,,심사,심사,
3급,91,2020-11-21,18,dokeum_W,다음 문장에서 밑줄 친 漢字語의 讀音을 쓰시오.,여야 의원들은 법안 審査에서 尖銳하게 대립했다.,尖銳,,첨예,첨예,
3급,91,2020-11-21,19,dokeum_W,다음 문장에서 밑줄 친 漢字語의 讀音을 쓰시오.,그는 泣訴하며 容恕를 빌었다.,泣訴,,읍소,읍소,
3급,91,2020-11-21,20,dokeum_W,다음 문장에서 밑줄 친 漢字語의 讀音을 쓰시오.,그는 泣訴하며 容恕를 빌었다.,容恕,,용서,용서,
3급,91,2020-11-21,21,dokeum_W,다음 漢字語의 讀音을 쓰시오.,邊夷,邊夷,,변이,변이,
3급,91,2020-11-21,22,dokeum_W,다음 漢字語의 讀音을 쓰시오.,姻戚,姻戚,,인척,인척,
3급,91,2020-11-21,23,dokeum_W,다음 漢字語의 讀音을 쓰시오.,恣意,恣意,,자의,자의,
3급,91,2020-11-21,24,dokeum_W,다음 漢字語의 讀音을 쓰시오.,封爵,封爵,,봉작,봉작,
3급,91,2020-11-21,25,dokeum_W,다음 漢字語의 讀音을 쓰시오.,越墻,越墻,,월장,월장,
3급,91,2020-11-21,26,dokeum_W,다음 漢字語의 讀音을 쓰시오.,且置,且置,,차치,차치,
3급,91,2020-11-21,27,dokeum_W,다음 漢字語의 讀音을 쓰시오.,慙悔,慙悔,,참회,참회,
3급,91,2020-11-21,28,dokeum_W,다음 漢字語의 讀音을 쓰시오.,流暢,流暢,,유창,유창,
3급,91,2020-11-21,29,dokeum_W,다음 漢字語의 讀音을 쓰시오.,移替,移替,,이체,이체,
3급,91,2020-11-21,30,dokeum_W,다음 漢字語의 讀音을 쓰시오.,抄錄,抄錄,,초록,초록,
3급,91,2020-11-21,31,dokeum_W,다음 漢字語의 讀音을 쓰시오.,醜態,醜態,,추태,추태,
3급,91,2020-11-21,32,dokeum_W,다음 漢字語의 讀音을 쓰시오.,驅逐,驅逐,,구축,구축,
3급,91,2020-11-21,33,dokeum_W,다음 漢字語의 讀音을 쓰시오.,堤防,堤防,,제방,제방,
3급,91,2020-11-21,34,dokeum_W,다음 漢字語의 讀音을 쓰시오.,乾燥,乾燥,,건조,건조,
3급,91,2020-11-21,35,dokeum_W,다음 漢字語의 讀音을 쓰시오.,妥當,妥當,,타당,타당,
3급,91,2020-11-21,36,dokeum_W,다음 漢字語의 讀音을 쓰시오.,偏頗,偏頗,,편파,편파,
3급,91,2020-11-21,37,dokeum_W,다음 漢字語의 讀音을 쓰시오.,旱害,旱害,,한해,한해,
3급,91,2020-11-21,38,dokeum_W,다음 漢字語의 讀音을 쓰시오.,秋毫,秋毫,,추호,추호,
3급,91,2020-11-21,39,dokeum_W,다음 漢字語의 讀音을 쓰시오.,昏睡,昏睡,,혼수,혼수,
3급,91,2020-11-21,40,dokeum_W,다음 漢字語의 讀音을 쓰시오.,牽制,牽制,,견제,견제,
3급,91,2020-11-21,41,dokeum_W,다음 漢字語의 讀音을 쓰시오.,顧客,顧客,,고객,고객,
3급,91,2020-11-21,42,dokeum_W,다음 漢字語의 讀音을 쓰시오.,掛鍾,掛鍾,,괘종,괘종,
3급,91,2020-11-21,43,dokeum_W,다음 漢字語의 讀音을 쓰시오.,絶叫,絶叫,,절규,절규,
3급,91,2020-11-21,44,dokeum_W,다음 漢字語의 讀音을 쓰시오.,該博,該博,,해박,해박,
3급,91,2020-11-21,45,dokeum_W,다음 漢字語의 讀音을 쓰시오.,彼我,彼我,,피아,피아,
3급,91,2020-11-21,46,huneum_W,다음 漢字의 訓과 音을 쓰시오.,却,却,,물리칠 각,물리칠 각,
3급,91,2020-11-21,47,huneum_W,다음 漢字의 訓과 音을 쓰시오.,惱,惱,,번뇌할 뇌,번뇌할 뇌,
3급,91,2020-11-21,48,huneum_W,다음 漢字의 訓과 音을 쓰시오.,畓,畓,,논 답,논 답,
3급,91,2020-11-21,49,huneum_W,다음 漢字의 訓과 音을 쓰시오.,挑,挑,,돋울 도,돋울 도,
3급,91,2020-11-21,50,huneum_W,다음 漢字의 訓과 音을 쓰시오.,肩,肩,,어깨 견,어깨 견,
3급,91,2020-11-21,51,huneum_W,다음 漢字의 訓과 音을 쓰시오.,屯,屯,,진칠 둔,진칠 둔,
3급,91,2020-11-21,52,huneum_W,다음 漢字의 訓과 音을 쓰시오.,憐,憐,,불쌍히여길 련,불쌍히여길 련,
3급,91,2020-11-21,53,huneum_W,다음 漢字의 訓과 音을 쓰시오.,忙,忙,,바쁠 망,바쁠 망,
3급,91,2020-11-21,54,huneum_W,다음 漢字의 訓과 音을 쓰시오.,募,募,,모을/뽑을 모,모을/뽑을 모,
3급,91,2020-11-21,55,huneum_W,다음 漢字의 訓과 音을 쓰시오.,廉,廉,,청렴할 렴,청렴할 렴,
3급,91,2020-11-21,56,huneum_W,다음 漢字의 訓과 音을 쓰시오.,矯,矯,,바로잡을 교,바로잡을 교,
3급,91,2020-11-21,57,huneum_W,다음 漢字의 訓과 音을 쓰시오.,卿,卿,,벼슬 경,벼슬 경,
3급,91,2020-11-21,58,huneum_W,다음 漢字의 訓과 音을 쓰시오.,僚,僚,,동료 료,동료 료,
3급,91,2020-11-21,59,huneum_W,다음 漢字의 訓과 音을 쓰시오.,卜,卜,,점 복,점 복,
3급,91,2020-11-21,60,huneum_W,다음 漢字의 訓과 音을 쓰시오.,似,似,,닮을 사,닮을 사,
3급,91,2020-11-21,61,huneum_W,다음 漢字의 訓과 音을 쓰시오.,嘗,嘗,,맛볼 상,맛볼 상,
3급,91,2020-11-21,62,huneum_W,다음 漢字의 訓과 音을 쓰시오.,押,押,,누를 압,누를 압,
3급,91,2020-11-21,63,huneum_W,다음 漢字의 訓과 音을 쓰시오.,傲,傲,,거만할 오,거만할 오,
3급,91,2020-11-21,64,huneum_W,다음 漢字의 訓과 音을 쓰시오.,遙,遙,,멀 요,멀 요,
3급,91,2020-11-21,65,huneum_W,다음 漢字의 訓과 音을 쓰시오.,臭,臭,,냄새 취,냄새 취,
3급,91,2020-11-21,66,huneum_W,다음 漢字의 訓과 音을 쓰시오.,弘,弘,,클 홍,클 홍,
3급,91,2020-11-21,67,huneum_W,다음 漢字의 訓과 音을 쓰시오.,絃,絃,,줄 현,줄 현,
3급,91,2020-11-21,68,huneum_W,다음 漢字의 訓과 音을 쓰시오.,蔽,蔽,,덮을 폐,덮을 폐,
3급,91,2020-11-21,69,huneum_W,다음 漢字의 訓과 音을 쓰시오.,晴,晴,,갤 청,갤 청,
3급,91,2020-11-21,70,huneum_W,다음 漢字의 訓과 音을 쓰시오.,贈,贈,,줄 증,줄 증,
3급,91,2020-11-21,71,huneum_W,다음 漢字의 訓과 音을 쓰시오.,詐,詐,,속일 사,속일 사,
3급,91,2020-11-21,72,huneum_W,다음 漢字의 訓과 音을 쓰시오.,惟,惟,,생각할 유,생각할 유,
3급,91,2020-11-21,73,jangeum_S,다음 중 첫음절이 長音으로 발음되는 것을 고르시오.,,,"[""① 妄信"", ""② 亡身""]",①,① 妄信,
3급,91,2020-11-21,74,jangeum_S,다음 중 첫음절이 長音으로 발음되는 것을 고르시오.,,,"[""① 奴案"", ""② 老眼""]",②,② 老眼,
3급,91,2020-11-21,75,jangeum_S,다음 중 첫음절이 長音으로 발음되는 것을 고르시오.,,,"[""① 過恭"", ""② 科工""]",①,① 過恭,
3급,91,2020-11-21,76,jangeum_S,다음 중 첫음절이 長音으로 발음되는 것을 고르시오.,,,"[""① 配球"", ""② 排球""]",①,① 配球,
3급,91,2020-11-21,77,jangeum_S,다음 중 첫음절이 長音으로 발음되는 것을 고르시오.,,,"[""① 師命"", ""② 賜名""]",②,② 賜名,
3급,91,2020-11-21,78,hanjaeo_W,다음 문장에서 밑줄 친 漢字語를 漢字(正字)로 쓰시오.,경기 참가자들은 모두 박자에 맞추어 율동 체조를 하였다.,경기,,競技,競技,
3급,91,2020-11-21,79,hanjaeo_W,다음 문장에서 밑줄 친 漢字語를 漢字(正字)로 쓰시오.,경기 참가자들은 모두 박자에 맞추어 율동 체조를 하였다.,박자,,拍子,拍子,
3급,91,2020-11-21,80,hanjaeo_W,다음 문장에서 밑줄 친 漢字語를 漢字(正字)로 쓰시오.,경기 참가자들은 모두 박자에 맞추어 율동 체조를 하였다.,율동,,律動,律動,
3급,91,2020-11-21,81,hanjaeo_W,다음 문장에서 밑줄 친 漢字語를 漢字(正字)로 쓰시오.,경기 참가자들은 모두 박자에 맞추어 율동 체조를 하였다.,체조,,體操,體操,
3급,91,2020-11-21,82,hanjaeo_W,다음 문장에서 밑줄 친 漢字語를 漢字(正字)로 쓰시오.,경찰은 범인의 배후에 있는 조직을 수사했다.,경찰,,警察,警察,
3급,91,2020-11-21,83,hanjaeo_W,다음 문장에서 밑줄 친 漢字語를 漢字(正字)로 쓰시오.,경찰은 범인의 배후에 있는 조직을 수사했다.,범인,,犯人,犯人,
3급,91,2020-11-21,84,hanjaeo_W,다음 문장에서 밑줄 친 漢字語를 漢字(正字)로 쓰시오.,경찰은 범인의 배후에 있는 조직을 수사했다.,배후,,背後,背後,
3급,91,2020-11-21,85,hanjaeo_W,다음 문장에서 밑줄 친 漢字語를 漢字(正字)로 쓰시오.,경찰은 범인의 배후에 있는 조직을 수사했다.,조직,,組織,組織,
3급,91,2020-11-21,86,hanjaeo_W,다음 문장에서 밑줄 친 漢字語를 漢字(正字)로 쓰시오.,유격 대원들은 산속에 숨은 간첩들을 토벌했다.,유격,,遊擊,遊擊,
3급,91,2020-11-21,87,hanjaeo_W,다음 문장에서 밑줄 친 漢字語를 漢字(正字)로 쓰시오.,유격 대원들은 산속에 숨은 간첩들을 토벌했다.,대원,,隊員,隊員,
3급,91,2020-11-21,88,hanjaeo_W,다음 문장에서 밑줄 친 漢字語를 漢字(正字)로 쓰시오.,유격 대원들은 산속에 숨은 간첩들을 토벌했다.,토벌,,討伐,討伐,
3급,91,2020-11-21,89,hanjaeo_W,다음 문장에서 밑줄 친 漢字語를 漢字(正字)로 쓰시오.,사회 규범과 상식에 맞게 행동하는 시민이 되자.,규범,,規範,規範,
3급,91,2020-11-21,90,hanjaeo_W,다음 문장에서 밑줄 친 漢字語를 漢字(正字)로 쓰시오.,사회 규범과 상식에 맞게 행동하는 시민이 되자.,상식,,常識,常識,
3급,91,2020-11-21,91,hanjaeo_W,다음 문장에서 밑줄 친 漢字語를 漢字(正字)로 쓰시오.,미국은 국경에 장벽을 쌓아 난민 유입을 막으려 한다.,장벽,,障壁,障壁,
3급,91,2020-11-21,92,hanjaeo_W,다음 문장에서 밑줄 친 漢字語를 漢字(正字)로 쓰시오.,미국은 국경에 장벽을 쌓아 난민 유입을 막으려 한다.,난민,,難民,難民,
3급,91,2020-11-21,93,hanjaeo_W,다음 문장에서 밑줄 친 漢字語를 漢字(正字)로 쓰시오.,이번 총선에 출마한 국회의원 후보들은 광장에서 열변을 토해 냈다.,총선,,總選,總選,
3급,91,2020-11-21,94,hanjaeo_W,다음 문장에서 밑줄 친 漢字語를 漢字(正字)로 쓰시오.,이번 총선에 출마한 국회의원 후보들은 광장에서 열변을 토해 냈다.,출마,,出馬,出馬,
3급,91,2020-11-21,95,hanjaeo_W,다음 문장에서 밑줄 친 漢字語를 漢字(正字)로 쓰시오.,이번 총선에 출마한 국회의원 후보들은 광장에서 열변을 토해 냈다.,열변,,熱辯,熱辯,
3급,91,2020-11-21,96,hanjaeo_W,다음 문장에서 밑줄 친 漢字語를 漢字(正字)로 쓰시오.,그는 사기를 당한 후 상심과 분노를 가라앉히기 위해 여행을 떠났다.,상심,,傷心,傷心,
3급,91,2020-11-21,97,hanjaeo_W,다음 문장에서 밑줄 친 漢字語를 漢字(正字)로 쓰시오.,그는 사기를 당한 후 상심과 분노를 가라앉히기 위해 여행을 떠났다.,분노,,憤(忿)怒,憤(忿)怒,
3급,91,2020-11-21,98,hanjaeo_W,다음 문장에서 밑줄 친 漢字語를 漢字(正字)로 쓰시오.,그는 사기를 당한 후 상심과 분노를 가라앉히기 위해 여행을 떠났다.,여행,,旅行,旅行,
3급,91,2020-11-21,99,hanjaeo_W,다음 문장에서 밑줄 친 漢字語를 漢字(正字)로 쓰시오.,관중들은 연사의 말에 폭소를 터뜨렸다.,관중,,觀衆,觀衆,
3급,91,2020-11-21,100,hanjaeo_W,다음 문장에서 밑줄 친 漢字語를 漢字(正字)로 쓰시오.,관중들은 연사의 말에 폭소를 터뜨렸다.,연사,,演士,演士,
3급,91,2020-11-21,101,hanjaeo_W,다음 문장에서 밑줄 친 漢字語를 漢字(正字)로 쓰시오.,관중들은 연사의 말에 폭소를 터뜨렸다.,폭소,,爆笑,爆笑,
3급,91,2020-11-21,102,hanjaeo_W,다음 문장에서 밑줄 친 漢字語를 漢字(正字)로 쓰시오.,그는 의학 발전에 기여한 공로로 특별상을 수상했다.,기여,,寄與,寄與,
3급,91,2020-11-21,103,hanjaeo_W,다음 문장에서 밑줄 친 漢字語를 漢字(正字)로 쓰시오.,그는 의학 발전에 기여한 공로로 특별상을 수상했다.,공로,,功勞,功勞,
3급,91,2020-11-21,104,hanjaeo_W,다음 문장에서 밑줄 친 漢字語를 漢字(正字)로 쓰시오.,그는 의학 발전에 기여한 공로로 특별상을 수상했다.,수상,,受賞,受賞,
3급,91,2020-11-21,105,hanjaeo_W,다음 문장에서 밑줄 친 漢字語를 漢字(正字)로 쓰시오.,장군은 위엄이 있고 병사들은 절도가 있었다.,장군,,將軍,將軍,
3급,91,2020-11-21,106,hanjaeo_W,다음 문장에서 밑줄 친 漢字語를 漢字(正字)로 쓰시오.,장군은 위엄이 있고 병사들은 절도가 있었다.,위엄,,威嚴,威嚴,
3급,91,2020-11-21,107,hanjaeo_W,다음 문장에서 밑줄 친 漢字語를 漢字(正字)로 쓰시오.,장군은 위엄이 있고 병사들은 절도가 있었다.,절도,,節度,節度,
3급,91,2020-11-21,108,yui_W,다음 漢字와 비슷한 뜻을 가진 漢字(正字)를 (           ) 안에 써서 문장에 적합한 漢字語가 되게 하시오.,실용적 교육을 하는 이 학교는 많은 俊( )들을 배출했다.,俊( ),,傑,傑,
3급,91,2020-11-21,109,yui_W,다음 漢字와 비슷한 뜻을 가진 漢字(正字)를 (           ) 안에 써서 문장에 적합한 漢字語가 되게 하시오.,이 가게는 공정가격으로 販(           )하고 있다.,販( ),,賣,賣,
3급,91,2020-11-21,110,yui_W,다음 漢字와 비슷한 뜻을 가진 漢字(正字)를 (           ) 안에 써서 문장에 적합한 漢字語가 되게 하시오.,선수들은 효율적인 段(          )를 밟아 훈련한다.,段( ),,階,階,
3급,91,2020-11-21,111,yui_W,다음 漢字와 비슷한 뜻을 가진 漢字(正字)를 (           ) 안에 써서 문장에 적합한 漢字語가 되게 하시오.,정부는 위기를 조기에 (         )拾했다.,( )拾,,收,收,
3급,91,2020-11-21,112,yui_W,다음 漢字와 비슷한 뜻을 가진 漢字(正字)를 (           ) 안에 써서 문장에 적합한 漢字語가 되게 하시오.,그는 학문을 (     )磨하여 큰 업적을 이루었다.,( )磨,,硏,硏,
3급,91,2020-11-21,113,banui_W,다음 漢字와 뜻이 反對 또는 相對되는 漢字(正字)를 ( ) 안에 써서 문장에 적합한 漢字語가 되게 하시오.,사람들은 이 세상에서 吉(            )을 겪으며 살아간다.,吉( ),,凶,凶,
3급,91,2020-11-21,114,banui_W,다음 漢字와 뜻이 反對 또는 相對되는 漢字(正字)를 ( ) 안에 써서 문장에 적합한 漢字語가 되게 하시오.,농구경기에서 가드는 緩(         )을 조절하며 상대를 공격했다.,緩( ),,急,急,
3급,91,2020-11-21,115,banui_W,다음 漢字와 뜻이 反對 또는 相對되는 漢字(正字)를 ( ) 안에 써서 문장에 적합한 漢字語가 되게 하시오.,요즈음 (    )吸기 질환이 유행하고 있다.,( )吸,,呼,呼,
3급,91,2020-11-21,116,banui_W,다음 漢字와 뜻이 反對 또는 相對되는 漢字(正字)를 ( ) 안에 써서 문장에 적합한 漢字語가 되게 하시오.,경찰은 사건의 (          )僞를 파헤쳤다.,( )僞,,眞,眞,
3급,91,2020-11-21,117,banui_W,다음 漢字와 뜻이 反對 또는 相對되는 漢字(正字)를 ( ) 안에 써서 문장에 적합한 漢字語가 되게 하시오.,한국어는 (        )卑법이 발달한 언어이다.,( )卑,,尊,尊,
3급,91,2020-11-21,118,banuieo_W,다음 漢字語의 反對語 또는 相對語를 2음절로 된 漢字(正字)로 쓰시오.,快樂 ↔ (    ),快樂 ↔ ( ),,苦痛,苦痛,
3급,91,2020-11-21,119,banuieo_W,다음 漢字語의 反對語 또는 相對語를 2음절로 된 漢字(正字)로 쓰시오.,悲哀 ↔ (    ),悲哀 ↔ ( ),,歡喜,歡喜,
3급,91,2020-11-21,120,banuieo_W,다음 漢字語의 反對語 또는 相對語를 2음절로 된 漢字(正字)로 쓰시오.,干涉 ↔ (    ),干涉 ↔ ( ),,放任,放任,
3급,91,2020-11-21,121,banuieo_W,다음 漢字語의 反對語 또는 相對語를 2음절로 된 漢字(正字)로 쓰시오.,左遷 ↔ (    ),左遷 ↔ ( ),,榮轉,榮轉,
3급,91,2020-11-21,122,banuieo_W,다음 漢字語의 反對語 또는 相對語를 2음절로 된 漢字(正字)로 쓰시오.,興奮 ↔ (    ),興奮 ↔ ( ),,安靜,安靜,
3급,91,2020-11-21,123,dongeumeo_W,"다음 漢字語의 同音異義語를 漢字(正字)로 쓰되, 제시된 뜻에 맞는 것으로 하시오.",(漫畫) - 가득 핀 온갖 꽃.,(漫畫),,滿花,滿花,
3급,91,2020-11-21,124,dongeumeo_W,"다음 漢字語의 同音異義語를 漢字(正字)로 쓰되, 제시된 뜻에 맞는 것으로 하시오.",(帶妻) - 도회지.,(帶妻),,大處,大處,
3급,91,2020-11-21,125,dongeumeo_W,"다음 漢字語의 同音異義語를 漢字(正字)로 쓰되, 제시된 뜻에 맞는 것으로 하시오.",(緣起) - 정한 기한을 뒤로 물려서 늘림.,(緣起),,延期,延期,
3급,91,2020-11-21,126,dongeumeo_W,"다음 漢字語의 同音異義語를 漢字(正字)로 쓰되, 제시된 뜻에 맞는 것으로 하시오.",(遲刻) - 알아서 깨달음.,(遲刻),,知覺,知覺,
3급,91,2020-11-21,127,dongeumeo_W,"다음 漢字語의 同音異義語를 漢字(正字)로 쓰되, 제시된 뜻에 맞는 것으로 하시오.","(直腸) - 회사, 관청 등에서 각자가 맡은 일터.",(直腸),,職場,職場,
3급,91,2020-11-21,128,seongeo_W,다음 (       ) 안에 알맞은 漢字(正字)를 써서 四字成語를 완성하시오.,孤立無(    ) : 고립되어 도움 받을 곳이 없음.,孤立無( ),,援,援,
3급,91,2020-11-21,129,seongeo_W,다음 (       ) 안에 알맞은 漢字(正字)를 써서 四字成語를 완성하시오.,虛(    )聲勢 : 실속 없이 허세만 부림.,虛( )聲勢,,張,張,
3급,91,2020-11-21,130,seongeo_W,다음 (       ) 안에 알맞은 漢字(正字)를 써서 四字成語를 완성하시오.,飽食( )衣 : 배불리 먹고 따뜻하게 입음.,飽食( )衣,,暖,暖,
3급,91,2020-11-21,131,seongeo_W,다음 (       ) 안에 알맞은 漢字(正字)를 써서 四字成語를 완성하시오.,漸入佳(    ) : 점점 흥미로운 경지로 들어감.,漸入佳( ),,境,境,
3급,91,2020-11-21,132,seongeo_W,다음 (       ) 안에 알맞은 漢字(正字)를 써서 四字成語를 완성하시오.,(    )合集散 : 헤어졌다가 모였다가 하는 일.,( )合集散,,離,離,
3급,91,2020-11-21,133,seongeo_W,다음 (       ) 안에 알맞은 漢字(正字)를 써서 四字成語를 완성하시오.,悠悠自(    ) : 아무 것에도 얽매이지 않고 마음 편히 삶.,悠悠自( ),,適,適,
3급,91,2020-11-21,134,seongeo_W,다음 (       ) 안에 알맞은 漢字(正字)를 써서 四字成語를 완성하시오.,手不釋(    ) : 손에서 책을 놓지 않음.,手不釋( ),,卷,卷,
3급,91,2020-11-21,135,seongeo_W,다음 (       ) 안에 알맞은 漢字(正字)를 써서 四字成語를 완성하시오.,百家爭(    ) : 많은 논객들이 거리낌 없이 자유롭게 논쟁함.,百家爭( ),,鳴,鳴,
3급,91,2020-11-21,136,seongeo_W,다음 (       ) 안에 알맞은 漢字(正字)를 써서 四字成語를 완성하시오.,一筆( )之 : 한숨에 글씨나 그림을 쓰거나 그림.,一筆( )之,,揮,揮,
3급,91,2020-11-21,137,seongeo_W,다음 (       ) 안에 알맞은 漢字(正字)를 써서 四字成語를 완성하시오.,(    )善懲惡 : 선행을 장려하고 악행을 벌함.,( )善懲惡,,勸,勸,
3급,91,2020-11-21,138,busu_W,다음 漢字의 部首를 쓰시오.,斥,斥,,斤,斤,
3급,91,2020-11-21,139,busu_W,다음 漢字의 部首를 쓰시오.,薦,薦,,"艹, 艸","艹, 艸",
3급,91,2020-11-21,140,busu_W,다음 漢字의 部首를 쓰시오.,幅,幅,,巾,巾,
3급,91,2020-11-21,141,busu_W,다음 漢字의 部首를 쓰시오.,誓,誓,,言,言,
3급,91,2020-11-21,142,busu_W,다음 漢字의 部首를 쓰시오.,辨,辨,,辛,辛,
3급,91,2020-11-21,143,yakja_W,다음 漢字의 略字를 쓰시오.,擇,擇,,択,択,
3급,91,2020-11-21,144,yakja_W,다음 漢字의 略字를 쓰시오.,讚,讚,,讃,讃,
3급,91,2020-11-21,145,yakja_W,다음 漢字의 略字를 쓰시오.,殘,殘,,残,残,
3급,91,2020-11-21,146,mean_W,다음 漢字語의 뜻을 쓰시오.,賀禮,賀禮,,축하하는 예식,축하하는 예식,
3급,91,2020-11-21,147,mean_W,다음 漢字語의 뜻을 쓰시오.,破裂,破裂,,깨어져서 갈라짐,깨어져서 갈라짐,
3급,91,2020-11-21,148,mean_W,다음 漢字語의 뜻을 쓰시오.,滯拂,滯拂,,지급을 미룸,지급을 미룸,
3급,91,2020-11-21,149,mean_W,다음 漢字語의 뜻을 쓰시오.,崇仰,崇仰,,높여 우러러 봄,높여 우러러 봄,
3급,91,2020-11-21,150,mean_W,다음 漢字語의 뜻을 쓰시오.,含怨,含怨,,원한을 품음,원한을 품음,
3급,92,2021-05-15,1,dokeum_W,다음 문장에서 밑줄 친 漢字語의 讀音을 쓰시오.,"성공 가능성은 稀薄했으나, 그는 사업에 挑戰했다.",稀薄,,희박,희박,
3급,92,2021-05-15,2,dokeum_W,다음 문장에서 밑줄 친 漢字語의 讀音을 쓰시오.,"성공 가능성은 稀薄했으나, 그는 사업에 挑戰했다.",挑戰,,도전,도전,
3급,92,2021-05-15,3,dokeum_W,다음 문장에서 밑줄 친 漢字語의 讀音을 쓰시오.,관군은 지방에서 벌어진 叛亂을 鎭壓하였다.,叛亂,,반란,반란,
3급,92,2021-05-15,4,dokeum_W,다음 문장에서 밑줄 친 漢字語의 讀音을 쓰시오.,관군은 지방에서 벌어진 叛亂을 鎭壓하였다.,鎭壓,,진압,진압,
3급,92,2021-05-15,5,dokeum_W,다음 문장에서 밑줄 친 漢字語의 讀音을 쓰시오.,그는 경기에서 拔群의 실력을 發揮했다.,拔群,,발군,발군,
3급,92,2021-05-15,6,dokeum_W,다음 문장에서 밑줄 친 漢字語의 讀音을 쓰시오.,그는 경기에서 拔群의 실력을 發揮했다.,發揮,,발휘,발휘,
3급,92,2021-05-15,7,dokeum_W,다음 문장에서 밑줄 친 漢字語의 讀音을 쓰시오.,걷기 운동은 排便을 돕는 役割을 한다.,排便,,배변,배변,
3급,92,2021-05-15,8,dokeum_W,다음 문장에서 밑줄 친 漢字語의 讀音을 쓰시오.,걷기 운동은 排便을 돕는 役割을 한다.,役割,,역할,역할,
3급,92,2021-05-15,9,dokeum_W,다음 문장에서 밑줄 친 漢字語의 讀音을 쓰시오.,진품과 類似한 가짜 제품에 留意하자.,類似,,유사,유사,
3급,92,2021-05-15,10,dokeum_W,다음 문장에서 밑줄 친 漢字語의 讀音을 쓰시오.,진품과 類似한 가짜 제품에 留意하자.,留意,,유의,유의,
3급,92,2021-05-15,11,dokeum_W,다음 문장에서 밑줄 친 漢字語의 讀音을 쓰시오.,고위직을 詐稱하는 자를 멀리하라.,詐稱,,사칭,사칭,
3급,92,2021-05-15,12,dokeum_W,다음 문장에서 밑줄 친 漢字語의 讀音을 쓰시오.,그는 斯界의 유명인이다.,斯界,,사계,사계,
3급,92,2021-05-15,13,dokeum_W,다음 문장에서 밑줄 친 漢字語의 讀音을 쓰시오.,경찰은 사건 해결의 端緖를 찾았다.,端緖,,단서,단서,
3급,92,2021-05-15,14,dokeum_W,다음 문장에서 밑줄 친 漢字語의 讀音을 쓰시오.,겨울철 사고 방지를 위하여 등산로를 閉鎖하였다.,閉鎖,,폐쇄,폐쇄,
3급,92,2021-05-15,15,dokeum_W,다음 문장에서 밑줄 친 漢字語의 讀音을 쓰시오.,밤의 공기를 가르는 淸雅한 악기 소리,淸雅,,청아,청아,
3급,92,2021-05-15,16,dokeum_W,다음 문장에서 밑줄 친 漢字語의 讀音을 쓰시오.,형사는 밤에 埋伏한 후 범인을 잡아 서울로 押送했다.,埋伏,,매복,매복,
3급,92,2021-05-15,17,dokeum_W,다음 문장에서 밑줄 친 漢字語의 讀音을 쓰시오.,형사는 밤에 埋伏한 후 범인을 잡아 서울로 押送했다.,押送,,압송,압송,
3급,92,2021-05-15,18,dokeum_W,다음 문장에서 밑줄 친 漢字語의 讀音을 쓰시오.,沿岸에는 많은 낚시꾼들이 한가로이 낚시질을 하고 있다.,沿岸,,연안,연안,
3급,92,2021-05-15,19,dokeum_W,다음 문장에서 밑줄 친 漢字語의 讀音을 쓰시오.,그는 傲慢한 행동으로 미움을 받았다.,傲慢,,오만,오만,
3급,92,2021-05-15,20,dokeum_W,다음 문장에서 밑줄 친 漢字語의 讀音을 쓰시오.,꾸준한 인권 擁護 운동으로 사회가 밝아졌다.,擁護,,옹호,옹호,
3급,92,2021-05-15,21,dokeum_W,다음 漢字語의 讀音을 쓰시오.,弄瓦,弄瓦,,농와,농와,
3급,92,2021-05-15,22,dokeum_W,다음 漢字語의 讀音을 쓰시오.,遙望,遙望,,요망,요망,
3급,92,2021-05-15,23,dokeum_W,다음 漢字語의 讀音을 쓰시오.,困辱,困辱,,곤욕,곤욕,
3급,92,2021-05-15,24,dokeum_W,다음 漢字語의 讀音을 쓰시오.,吟遊,吟遊,,음유,음유,
3급,92,2021-05-15,25,dokeum_W,다음 漢字語의 讀音을 쓰시오.,參酌,參酌,,참작,참작,
3급,92,2021-05-15,26,dokeum_W,다음 漢字語의 讀音을 쓰시오.,宰臣,宰臣,,재신,재신,
3급,92,2021-05-15,27,dokeum_W,다음 漢字語의 讀音을 쓰시오.,燥渴,燥渴,,조갈,조갈,
3급,92,2021-05-15,28,dokeum_W,다음 漢字語의 讀音을 쓰시오.,斥候,斥候,,척후,척후,
3급,92,2021-05-15,29,dokeum_W,다음 漢字語의 讀音을 쓰시오.,推薦,推薦,,추천,추천,
3급,92,2021-05-15,30,dokeum_W,다음 漢字語의 讀音을 쓰시오.,俊秀,俊秀,,준수,준수,
3급,92,2021-05-15,31,dokeum_W,다음 漢字語의 讀音을 쓰시오.,貪慾,貪慾,,탐욕,탐욕,
3급,92,2021-05-15,32,dokeum_W,다음 漢字語의 讀音을 쓰시오.,罷場,罷場,,파장,파장,
3급,92,2021-05-15,33,dokeum_W,다음 漢字語의 讀音을 쓰시오.,體臭,體臭,,체취,체취,
3급,92,2021-05-15,34,dokeum_W,다음 漢字語의 讀音을 쓰시오.,遍歷,遍歷,,편력,편력,
3급,92,2021-05-15,35,dokeum_W,다음 漢字語의 讀音을 쓰시오.,貨幣,貨幣,,화폐,화폐,
3급,92,2021-05-15,36,dokeum_W,다음 漢字語의 讀音을 쓰시오.,凝縮,凝縮,,응축,응축,
3급,92,2021-05-15,37,dokeum_W,다음 漢字語의 讀音을 쓰시오.,懷抱,懷抱,,회포,회포,
3급,92,2021-05-15,38,dokeum_W,다음 漢字語의 讀音을 쓰시오.,歲暮,歲暮,,세모,세모,
3급,92,2021-05-15,39,dokeum_W,다음 漢字語의 讀音을 쓰시오.,姪婦,姪婦,,질부,질부,
3급,92,2021-05-15,40,dokeum_W,다음 漢字語의 讀音을 쓰시오.,冥福,冥福,,명복,명복,
3급,92,2021-05-15,41,dokeum_W,다음 漢字語의 讀音을 쓰시오.,罔極,罔極,,망극,망극,
3급,92,2021-05-15,42,dokeum_W,다음 漢字語의 讀音을 쓰시오.,屢次,屢次,,누차,누차,
3급,92,2021-05-15,43,dokeum_W,다음 漢字語의 讀音을 쓰시오.,官僚,官僚,,관료,관료,
3급,92,2021-05-15,44,dokeum_W,다음 漢字語의 讀音을 쓰시오.,丸藥,丸藥,,환약,환약,
3급,92,2021-05-15,45,dokeum_W,다음 漢字語의 讀音을 쓰시오.,該博,該博,,해박,해박,
3급,92,2021-05-15,46,huneum_W,다음 漢字의 訓과 音을 쓰시오.,塗,塗,,칠할 도,칠할 도,
3급,92,2021-05-15,47,huneum_W,다음 漢字의 訓과 音을 쓰시오.,慨,慨,,슬퍼할 개,슬퍼할 개,
3급,92,2021-05-15,48,huneum_W,다음 漢字의 訓과 音을 쓰시오.,鈍,鈍,,둔할 둔,둔할 둔,
3급,92,2021-05-15,49,huneum_W,다음 漢字의 訓과 音을 쓰시오.,濫,濫,,넘칠 람,넘칠 람,
3급,92,2021-05-15,50,huneum_W,다음 漢字의 訓과 音을 쓰시오.,廉,廉,,청렴할 렴,청렴할 렴,
3급,92,2021-05-15,51,huneum_W,다음 漢字의 訓과 音을 쓰시오.,棄,棄,,버릴 기,버릴 기,
3급,92,2021-05-15,52,huneum_W,다음 漢字의 訓과 音을 쓰시오.,肩,肩,,어깨 견,어깨 견,
3급,92,2021-05-15,53,huneum_W,다음 漢字의 訓과 音을 쓰시오.,騰,騰,,오를 등,오를 등,
3급,92,2021-05-15,54,huneum_W,다음 漢字의 訓과 音을 쓰시오.,隣,隣,,이웃 린,이웃 린,
3급,92,2021-05-15,55,huneum_W,다음 漢字의 訓과 音을 쓰시오.,漫,漫,,흩어질 만,흩어질 만,
3급,92,2021-05-15,56,huneum_W,다음 漢字의 訓과 音을 쓰시오.,傍,傍,,곁 방,곁 방,
3급,92,2021-05-15,57,huneum_W,다음 漢字의 訓과 音을 쓰시오.,祥,祥,,상서 상,상서 상,
3급,92,2021-05-15,58,huneum_W,다음 漢字의 訓과 音을 쓰시오.,冒,冒,,무릅쓸 모,무릅쓸 모,
3급,92,2021-05-15,59,huneum_W,다음 漢字의 訓과 音을 쓰시오.,涯,涯,,물가 애,물가 애,
3급,92,2021-05-15,60,huneum_W,다음 漢字의 訓과 音을 쓰시오.,煩,煩,,번거로울 번,번거로울 번,
3급,92,2021-05-15,61,huneum_W,다음 漢字의 訓과 音을 쓰시오.,懲,懲,,징계할 징,징계할 징,
3급,92,2021-05-15,62,huneum_W,다음 漢字의 訓과 音을 쓰시오.,敏,敏,,민첩할 민,민첩할 민,
3급,92,2021-05-15,63,huneum_W,다음 漢字의 訓과 音을 쓰시오.,捉,捉,,잡을 착,잡을 착,
3급,92,2021-05-15,64,huneum_W,다음 漢字의 訓과 音을 쓰시오.,敍,敍,,펼 서,펼 서,
3급,92,2021-05-15,65,huneum_W,다음 漢字의 訓과 音을 쓰시오.,尖,尖,,뾰족할 첨,뾰족할 첨,
3급,92,2021-05-15,66,huneum_W,다음 漢字의 訓과 音을 쓰시오.,賓,賓,,손 빈,손 빈,
3급,92,2021-05-15,67,huneum_W,다음 漢字의 訓과 音을 쓰시오.,妥,妥,,온당할 타,온당할 타,
3급,92,2021-05-15,68,huneum_W,다음 漢字의 訓과 音을 쓰시오.,召,召,,부를 소,부를 소,
3급,92,2021-05-15,69,huneum_W,다음 漢字의 訓과 音을 쓰시오.,播,播,,뿌릴 파,뿌릴 파,
3급,92,2021-05-15,70,huneum_W,다음 漢字의 訓과 音을 쓰시오.,汚,汚,,더러울 오,더러울 오,
3급,92,2021-05-15,71,huneum_W,다음 漢字의 訓과 音을 쓰시오.,互,互,,서로 호,서로 호,
3급,92,2021-05-15,72,huneum_W,다음 漢字의 訓과 音을 쓰시오.,弘,弘,,클 홍,클 홍,
3급,92,2021-05-15,73,jangeum_S,다음 중 첫음절이 長音으로 발음되는 것을 고르시오.,,,"[""① 賜米"", ""② 邪味""]",①,① 賜米,
3급,92,2021-05-15,74,jangeum_S,다음 중 첫음절이 長音으로 발음되는 것을 고르시오.,,,"[""① 調和"", ""② 弔花""]",②,② 弔花,
3급,92,2021-05-15,75,jangeum_S,다음 중 첫음절이 長音으로 발음되는 것을 고르시오.,,,"[""① 辛巳"", ""② 愼思""]",②,② 愼思,
3급,92,2021-05-15,76,jangeum_S,다음 중 첫음절이 長音으로 발음되는 것을 고르시오.,,,"[""① 奉唱"", ""② 封窓""]",①,① 奉唱,
3급,92,2021-05-15,77,jangeum_S,다음 중 첫음절이 長音으로 발음되는 것을 고르시오.,,,"[""① 妄覺"", ""② 忘却""]",①,① 妄覺,
3급,92,2021-05-15,78,hanjaeo_W,다음 문장에서 밑줄 친 漢字語를 漢字(正字)로 쓰시오.,복잡한 도시에서 근무하는 사람은 한가한 시골 생활을 그리워한다.,복잡,,複雜,複雜,
3급,92,2021-05-15,79,hanjaeo_W,다음 문장에서 밑줄 친 漢字語를 漢字(正字)로 쓰시오.,복잡한 도시에서 근무하는 사람은 한가한 시골 생활을 그리워한다.,근무,,勤務,勤務,
3급,92,2021-05-15,80,hanjaeo_W,다음 문장에서 밑줄 친 漢字語를 漢字(正字)로 쓰시오.,복잡한 도시에서 근무하는 사람은 한가한 시골 생활을 그리워한다.,한가,,閑暇,閑暇,
3급,92,2021-05-15,81,hanjaeo_W,다음 문장에서 밑줄 친 漢字語를 漢字(正字)로 쓰시오.,그는 창업한 후 각고의 노력 끝에 사업 목표를 이루었다.,창업,,創業,創業,
3급,92,2021-05-15,82,hanjaeo_W,다음 문장에서 밑줄 친 漢字語를 漢字(正字)로 쓰시오.,그는 창업한 후 각고의 노력 끝에 사업 목표를 이루었다.,각고,,刻苦,刻苦,
3급,92,2021-05-15,83,hanjaeo_W,다음 문장에서 밑줄 친 漢字語를 漢字(正字)로 쓰시오.,그는 창업한 후 각고의 노력 끝에 사업 목표를 이루었다.,목표,,目標,目標,
3급,92,2021-05-15,84,hanjaeo_W,다음 문장에서 밑줄 친 漢字語를 漢字(正字)로 쓰시오.,감속 운전을 하면 많은 사고를 예방할 수 있다.,감속,,減速,減速,
3급,92,2021-05-15,85,hanjaeo_W,다음 문장에서 밑줄 친 漢字語를 漢字(正字)로 쓰시오.,감속 운전을 하면 많은 사고를 예방할 수 있다.,사고,,事故,事故,
3급,92,2021-05-15,86,hanjaeo_W,다음 문장에서 밑줄 친 漢字語를 漢字(正字)로 쓰시오.,감속 운전을 하면 많은 사고를 예방할 수 있다.,예방,,豫防,豫防,
3급,92,2021-05-15,87,hanjaeo_W,다음 문장에서 밑줄 친 漢字語를 漢字(正字)로 쓰시오.,많은 사람들이 유명인사 초청 강연을 경청했다.,초청,,招請,招請,
3급,92,2021-05-15,88,hanjaeo_W,다음 문장에서 밑줄 친 漢字語를 漢字(正字)로 쓰시오.,많은 사람들이 유명인사 초청 강연을 경청했다.,강연,,講演,講演,
3급,92,2021-05-15,89,hanjaeo_W,다음 문장에서 밑줄 친 漢字語를 漢字(正字)로 쓰시오.,많은 사람들이 유명인사 초청 강연을 경청했다.,경청,,傾聽,傾聽,
3급,92,2021-05-15,90,hanjaeo_W,다음 문장에서 밑줄 친 漢字語를 漢字(正字)로 쓰시오.,적의 침공에 대비하여 산속에 진지를 건설하였다.,침공,,侵攻,侵攻,
3급,92,2021-05-15,91,hanjaeo_W,다음 문장에서 밑줄 친 漢字語를 漢字(正字)로 쓰시오.,적의 침공에 대비하여 산속에 진지를 건설하였다.,진지,,陣地,陣地,
3급,92,2021-05-15,92,hanjaeo_W,다음 문장에서 밑줄 친 漢字語를 漢字(正字)로 쓰시오.,적의 침공에 대비하여 산속에 진지를 건설하였다.,건설,,建設,建設,
3급,92,2021-05-15,93,hanjaeo_W,다음 문장에서 밑줄 친 漢字語를 漢字(正字)로 쓰시오.,널리 퍼진 구악을 일소하라.,구악,,舊惡,舊惡,
3급,92,2021-05-15,94,hanjaeo_W,다음 문장에서 밑줄 친 漢字語를 漢字(正字)로 쓰시오.,널리 퍼진 구악을 일소하라.,일소,,一掃,一掃,
3급,92,2021-05-15,95,hanjaeo_W,다음 문장에서 밑줄 친 漢字語를 漢字(正字)로 쓰시오.,가해자는 질의에 궁색한 답변을 늘어놓았다.,질의,,質疑,質疑,
3급,92,2021-05-15,96,hanjaeo_W,다음 문장에서 밑줄 친 漢字語를 漢字(正字)로 쓰시오.,가해자는 질의에 궁색한 답변을 늘어놓았다.,답변,,答辯,答辯,
3급,92,2021-05-15,97,hanjaeo_W,다음 문장에서 밑줄 친 漢字語를 漢字(正字)로 쓰시오.,술을 강권하는 음주 문화는 지양되어야 한다.,강권,,強勸,強勸,
3급,92,2021-05-15,98,hanjaeo_W,다음 문장에서 밑줄 친 漢字語를 漢字(正字)로 쓰시오.,술을 강권하는 음주 문화는 지양되어야 한다.,음주,,飮酒,飮酒,
3급,92,2021-05-15,99,hanjaeo_W,다음 문장에서 밑줄 친 漢字語를 漢字(正字)로 쓰시오.,어부들은 만선의 기쁨을 안고 포구로 귀항했다.,만선,,滿船,滿船,
3급,92,2021-05-15,100,hanjaeo_W,다음 문장에서 밑줄 친 漢字語를 漢字(正字)로 쓰시오.,어부들은 만선의 기쁨을 안고 포구로 귀항했다.,귀항,,歸港,歸港,
3급,92,2021-05-15,101,hanjaeo_W,다음 문장에서 밑줄 친 漢字語를 漢字(正字)로 쓰시오.,"바이든은 미국 대통령으로 취임을 하면서 분열을 배격하고, 통합을 강조했다.",취임,,就任,就任,
3급,92,2021-05-15,102,hanjaeo_W,다음 문장에서 밑줄 친 漢字語를 漢字(正字)로 쓰시오.,"바이든은 미국 대통령으로 취임을 하면서 분열을 배격하고, 통합을 강조했다.",통합,,統合,統合,
3급,92,2021-05-15,103,hanjaeo_W,다음 문장에서 밑줄 친 漢字語를 漢字(正字)로 쓰시오.,사장은 직원들 사이에 험담을 금지시켰다.,직원,,職員,職員,
3급,92,2021-05-15,104,hanjaeo_W,다음 문장에서 밑줄 친 漢字語를 漢字(正字)로 쓰시오.,사장은 직원들 사이에 험담을 금지시켰다.,험담,,險談,險談,
3급,92,2021-05-15,105,hanjaeo_W,다음 문장에서 밑줄 친 漢字語를 漢字(正字)로 쓰시오.,사장은 직원들 사이에 험담을 금지시켰다.,금지,,禁止,禁止,
3급,92,2021-05-15,106,hanjaeo_W,다음 문장에서 밑줄 친 漢字語를 漢字(正字)로 쓰시오.,관중들은 선수의 묘기에 환호했다.,관중,,觀衆,觀衆,
3급,92,2021-05-15,107,hanjaeo_W,다음 문장에서 밑줄 친 漢字語를 漢字(正字)로 쓰시오.,관중들은 선수의 묘기에 환호했다.,환호,,歡呼,歡呼,
3급,92,2021-05-15,108,yui_W,다음 漢字와 비슷한 뜻을 가진 漢字(正字)를 (          ) 안에 써서 문장에 적합한 漢字語가 되게 하시오.,毛(   ) 검사를 하여 중독 여부를 밝히기도 한다.,毛( ),,髮,髮,
3급,92,2021-05-15,109,yui_W,다음 漢字와 비슷한 뜻을 가진 漢字(正字)를 (          ) 안에 써서 문장에 적합한 漢字語가 되게 하시오.,이름이 번호 순으로 羅(        )되어 있다.,羅( ),,列,列,
3급,92,2021-05-15,110,yui_W,다음 漢字와 비슷한 뜻을 가진 漢字(正字)를 (          ) 안에 써서 문장에 적합한 漢字語가 되게 하시오.,그는 부를 많이 蓄(     )했다.,蓄( ),,積,積,
3급,92,2021-05-15,111,yui_W,다음 漢字와 비슷한 뜻을 가진 漢字(正字)를 (          ) 안에 써서 문장에 적합한 漢字語가 되게 하시오.,사건사고가 繼(     ) 발생하므로 주의해야 한다.,繼( ),,續,續,
3급,92,2021-05-15,112,yui_W,다음 漢字와 비슷한 뜻을 가진 漢字(正字)를 (          ) 안에 써서 문장에 적합한 漢字語가 되게 하시오.,좋은 인간관계로 (       )獨을 이겨내자.,( )獨,,孤,孤,
3급,92,2021-05-15,113,banui_W,다음 漢字와 뜻이 反對 또는 相對되는 漢字(正字)를 써서 漢字語를 완성하시오.,경찰서장은 사건의 (     )緯를 설명했다.,( )緯,,經,經,
3급,92,2021-05-15,114,banui_W,다음 漢字와 뜻이 反對 또는 相對되는 漢字(正字)를 써서 漢字語를 완성하시오.,그들의 실력은 (    )劣을 가리기 힘들었다.,( )劣,,優,優,
3급,92,2021-05-15,115,banui_W,다음 漢字와 뜻이 反對 또는 相對되는 漢字(正字)를 써서 漢字語를 완성하시오.,상대 선수의 (    )實을 파악한 후 경기에 임했다.,( )實,,虛,虛,
3급,92,2021-05-15,116,banui_W,다음 漢字와 뜻이 反對 또는 相對되는 漢字(正字)를 써서 漢字語를 완성하시오.,농구 경기는 연장전에서 勝( )가 결정되었다.,勝( ),,負/敗,負/敗,
3급,92,2021-05-15,117,banui_W,다음 漢字와 뜻이 反對 또는 相對되는 漢字(正字)를 써서 漢字語를 완성하시오.,그의 사업은 損(    ) 분기점에 이르렀다.,損( ),,益,益,
3급,92,2021-05-15,118,banuieo_W,다음 漢字語의 反對語 또는 相對語를 2음절로 된 漢字(正字)로 쓰시오.,內包 ↔ (   ),內包 ↔ ( ),,外延,外延,
3급,92,2021-05-15,119,banuieo_W,다음 漢字語의 反對語 또는 相對語를 2음절로 된 漢字(正字)로 쓰시오.,溫暖 ↔ (   ),溫暖 ↔ ( ),,寒冷,寒冷,
3급,92,2021-05-15,120,banuieo_W,다음 漢字語의 反對語 또는 相對語를 2음절로 된 漢字(正字)로 쓰시오.,寬大 ↔ (   ),寬大 ↔ ( ),,嚴格,嚴格,
3급,92,2021-05-15,121,banuieo_W,다음 漢字語의 反對語 또는 相對語를 2음절로 된 漢字(正字)로 쓰시오.,遠隔 ↔ (   ),遠隔 ↔ ( ),,近接,近接,
3급,92,2021-05-15,122,banuieo_W,다음 漢字語의 反對語 또는 相對語를 2음절로 된 漢字(正字)로 쓰시오.,原理 ↔ (   ),原理 ↔ ( ),,應用,應用,
3급,92,2021-05-15,123,dongeumeo_W,"다음 漢字語의 同音異義語를 漢字(正字)로 쓰되, 제시된 뜻에 맞는 것으로 하시오.",(補修) - 보전하여 지킴.,(補修),,保守,保守,
3급,92,2021-05-15,124,dongeumeo_W,"다음 漢字語의 同音異義語를 漢字(正字)로 쓰되, 제시된 뜻에 맞는 것으로 하시오.",(奇想) - 잠을 깨어 자리에서 일어남.,(奇想),,起床,起床,
3급,92,2021-05-15,125,dongeumeo_W,"다음 漢字語의 同音異義語를 漢字(正字)로 쓰되, 제시된 뜻에 맞는 것으로 하시오.",(敢死) - 감독하고 검사함.,(敢死),,監査,監査,
3급,92,2021-05-15,126,dongeumeo_W,"다음 漢字語의 同音異義語를 漢字(正字)로 쓰되, 제시된 뜻에 맞는 것으로 하시오.",(競技) - 어린아이에게서 나타나는 경련의 병증.,(競技),,驚氣,驚氣,
3급,92,2021-05-15,127,dongeumeo_W,"다음 漢字語의 同音異義語를 漢字(正字)로 쓰되, 제시된 뜻에 맞는 것으로 하시오.",(救助) - 부분이나 요소가 어떤 전체를 짜 이룸.,(救助),,構造,構造,
3급,92,2021-05-15,128,seongeo_W,다음 (       ) 안에 알맞은 漢字(正字)를 써서 四字成語를 완성하시오.,"喜(    )哀樂 : 기쁨, 노여움, 슬픔, 즐거움.",喜( )哀樂,,怒,怒,
3급,92,2021-05-15,129,seongeo_W,다음 (       ) 안에 알맞은 漢字(正字)를 써서 四字成語를 완성하시오.,咸興( )使 : 한 번 가면 깜깜 무소식이라는 말.,咸興( )使,,差,差,
3급,92,2021-05-15,130,seongeo_W,다음 (       ) 안에 알맞은 漢字(正字)를 써서 四字成語를 완성하시오.,(    )竹之勢 : 대를 쪼개는 것과 같은 기세.,( )竹之勢,,破,破,
3급,92,2021-05-15,131,seongeo_W,다음 (       ) 안에 알맞은 漢字(正字)를 써서 四字成語를 완성하시오.,取捨選(     ) : 취할 것은 취하고 버릴 것은 버려서 골라잡음.,取捨選( ),,擇,擇,
3급,92,2021-05-15,132,seongeo_W,다음 (       ) 안에 알맞은 漢字(正字)를 써서 四字成語를 완성하시오.,進退( )難 : 나아갈 수도 물러설 수도 없는 궁지에 몰린 상황.,進退( )難,,兩,兩,
3급,92,2021-05-15,133,seongeo_W,다음 (       ) 안에 알맞은 漢字(正字)를 써서 四字成語를 완성하시오.,縱橫無(    ) : 자유자재하여 끝이 없는 상태.,縱橫無( ),,盡,盡,
3급,92,2021-05-15,134,seongeo_W,다음 (       ) 안에 알맞은 漢字(正字)를 써서 四字成語를 완성하시오.,切(    )腐心 : 몹시 분하여 이를 갈면서 속을 썩임.,切( )腐心,,齒,齒,
3급,92,2021-05-15,135,seongeo_W,다음 (       ) 안에 알맞은 漢字(正字)를 써서 四字成語를 완성하시오.,(    )頭蛇尾 : 시작만 좋고 나중은 좋지 않음.,( )頭蛇尾,,龍,龍,
3급,92,2021-05-15,136,seongeo_W,다음 (       ) 안에 알맞은 漢字(正字)를 써서 四字成語를 완성하시오.,烏(    )梨落 : 까마귀 날자 배 떨어진다. 서로 무관한 일이 공교롭게 같이 일어남.,烏( )梨落,,飛,飛,
3급,92,2021-05-15,137,seongeo_W,다음 (       ) 안에 알맞은 漢字(正字)를 써서 四字成語를 완성하시오.,我田( )水 : 자기에게 이로운 대로 함.,我田( )水,,引,引,
3급,92,2021-05-15,138,busu_W,다음 漢字의 部首를 쓰시오.,鴻,鴻,,鳥,鳥,
3급,92,2021-05-15,139,busu_W,다음 漢字의 部首를 쓰시오.,牽,牽,,牛,牛,
3급,92,2021-05-15,140,busu_W,다음 漢字의 部首를 쓰시오.,畓,畓,,田,田,
3급,92,2021-05-15,141,busu_W,다음 漢字의 部首를 쓰시오.,了,了,,亅,亅,
3급,92,2021-05-15,142,busu_W,다음 漢字의 部首를 쓰시오.,穫,穫,,禾,禾,
3급,92,2021-05-15,143,yakja_W,다음 漢字의 略字를 쓰시오.,營,營,,営,営,
3급,92,2021-05-15,144,yakja_W,다음 漢字의 略字를 쓰시오.,證,證,,証,証,
3급,92,2021-05-15,145,yakja_W,다음 漢字의 略字를 쓰시오.,離,離,,离,离,
3급,92,2021-05-15,146,mean_W,다음 漢字語의 뜻을 쓰시오.,綿密,綿密,,빈틈이 없음. 자세함,빈틈이 없음. 자세함,
3급,92,2021-05-15,147,mean_W,다음 漢字語의 뜻을 쓰시오.,獵夫,獵夫,,사냥꾼,사냥꾼,
3급,92,2021-05-15,148,mean_W,다음 漢字語의 뜻을 쓰시오.,移讓,移讓,,남에게 넘겨 줌,남에게 넘겨 줌,
3급,92,2021-05-15,149,mean_W,다음 漢字語의 뜻을 쓰시오.,厚謝,厚謝,,후하게 사례함,후하게 사례함,
3급,92,2021-05-15,150,mean_W,다음 漢字語의 뜻을 쓰시오.,免稅,免稅,,세금을 면제함,세금을 면제함,
3급,93,2021-07-10,1,dokeum_W,다음 문장에서 밑줄 친 漢字語의 讀音을 쓰시오.,인류사회는 이십 世紀 後半부터 知識 基盤사회로 발전하였다.,世紀,,세기,세기,
3급,93,2021-07-10,2,dokeum_W,다음 문장에서 밑줄 친 漢字語의 讀音을 쓰시오.,인류사회는 이십 世紀 後半부터 知識 基盤사회로 발전하였다.,後半,,후반,후반,
3급,93,2021-07-10,3,dokeum_W,다음 문장에서 밑줄 친 漢字語의 讀音을 쓰시오.,인류사회는 이십 世紀 後半부터 知識 基盤사회로 발전하였다.,知識,,지식,지식,
3급,93,2021-07-10,4,dokeum_W,다음 문장에서 밑줄 친 漢字語의 讀音을 쓰시오.,인류사회는 이십 世紀 後半부터 知識 基盤사회로 발전하였다.,基盤,,기반,기반,
3급,93,2021-07-10,5,dokeum_W,다음 문장에서 밑줄 친 漢字語의 讀音을 쓰시오.,"知識基盤사회란 情報와 知識의 생산과 流通, 그리고 활용이 急激히 증대되고,",情報,,정보,정보,
3급,93,2021-07-10,6,dokeum_W,다음 문장에서 밑줄 친 漢字語의 讀音을 쓰시오.,"知識基盤사회란 情報와 知識의 생산과 流通, 그리고 활용이 急激히 증대되고,",流通,,유통,유통,
3급,93,2021-07-10,7,dokeum_W,다음 문장에서 밑줄 친 漢字語의 讀音을 쓰시오.,"知識基盤사회란 情報와 知識의 생산과 流通, 그리고 활용이 急激히 증대되고,",急激,,급격,급격,
3급,93,2021-07-10,8,dokeum_W,다음 문장에서 밑줄 친 漢字語의 讀音을 쓰시오.,"가치 創出의 源泉이 토지와 기계 設備 등 유형적 자산으로부터 情報, 知識, 경험, 창의성 등 무형적 자산으로 이동하는 사회이기도 하다.",創出,,창출,창출,
3급,93,2021-07-10,9,dokeum_W,다음 문장에서 밑줄 친 漢字語의 讀音을 쓰시오.,"가치 創出의 源泉이 토지와 기계 設備 등 유형적 자산으로부터 情報, 知識, 경험, 창의성 등 무형적 자산으로 이동하는 사회이기도 하다.",源泉,,원천,원천,
3급,93,2021-07-10,10,dokeum_W,다음 문장에서 밑줄 친 漢字語의 讀音을 쓰시오.,"가치 創出의 源泉이 토지와 기계 設備 등 유형적 자산으로부터 情報, 知識, 경험, 창의성 등 무형적 자산으로 이동하는 사회이기도 하다.",設備,,설비,설비,
3급,93,2021-07-10,11,dokeum_W,다음 문장에서 밑줄 친 漢字語의 讀音을 쓰시오.,九旬이 넘은 그에게 이제 남은 唯一한 希望은 戰爭 중에 離別한 親族들과 다시 만나는 것이다.,九旬,,구순,구순,
3급,93,2021-07-10,12,dokeum_W,다음 문장에서 밑줄 친 漢字語의 讀音을 쓰시오.,九旬이 넘은 그에게 이제 남은 唯一한 希望은 戰爭 중에 離別한 親族들과 다시 만나는 것이다.,唯一,,유일,유일,
3급,93,2021-07-10,13,dokeum_W,다음 문장에서 밑줄 친 漢字語의 讀音을 쓰시오.,九旬이 넘은 그에게 이제 남은 唯一한 希望은 戰爭 중에 離別한 親族들과 다시 만나는 것이다.,希望,,희망,희망,
3급,93,2021-07-10,14,dokeum_W,다음 문장에서 밑줄 친 漢字語의 讀音을 쓰시오.,九旬이 넘은 그에게 이제 남은 唯一한 希望은 戰爭 중에 離別한 親族들과 다시 만나는 것이다.,戰爭,,전쟁,전쟁,
3급,93,2021-07-10,15,dokeum_W,다음 문장에서 밑줄 친 漢字語의 讀音을 쓰시오.,九旬이 넘은 그에게 이제 남은 唯一한 希望은 戰爭 중에 離別한 親族들과 다시 만나는 것이다.,離別,,이별,이별,
3급,93,2021-07-10,16,dokeum_W,다음 문장에서 밑줄 친 漢字語의 讀音을 쓰시오.,九旬이 넘은 그에게 이제 남은 唯一한 希望은 戰爭 중에 離別한 親族들과 다시 만나는 것이다.,親族,,친족,친족,
3급,93,2021-07-10,17,dokeum_W,다음 문장에서 밑줄 친 漢字語의 讀音을 쓰시오.,세종대왕은 더운 여름에 罪囚들이 겪을 苦痛을 감안하여 獄內에 冷水를 공급하게 하였다.,罪囚,,죄수,죄수,
3급,93,2021-07-10,18,dokeum_W,다음 문장에서 밑줄 친 漢字語의 讀音을 쓰시오.,세종대왕은 더운 여름에 罪囚들이 겪을 苦痛을 감안하여 獄內에 冷水를 공급하게 하였다.,苦痛,,고통,고통,
3급,93,2021-07-10,19,dokeum_W,다음 문장에서 밑줄 친 漢字語의 讀音을 쓰시오.,세종대왕은 더운 여름에 罪囚들이 겪을 苦痛을 감안하여 獄內에 冷水를 공급하게 하였다.,獄內,,옥내,옥내,
3급,93,2021-07-10,20,dokeum_W,다음 문장에서 밑줄 친 漢字語의 讀音을 쓰시오.,세종대왕은 더운 여름에 罪囚들이 겪을 苦痛을 감안하여 獄內에 冷水를 공급하게 하였다.,冷水,,냉수,냉수,
3급,93,2021-07-10,21,dokeum_W,다음 漢字語의 讀音을 쓰시오.,黃昏,黃昏,,황혼,황혼,
3급,93,2021-07-10,22,dokeum_W,다음 漢字語의 讀音을 쓰시오.,墮落,墮落,,타락,타락,
3급,93,2021-07-10,23,dokeum_W,다음 漢字語의 讀音을 쓰시오.,抄錄,抄錄,,초록,초록,
3급,93,2021-07-10,24,dokeum_W,다음 漢字語의 讀音을 쓰시오.,韻致,韻致,,운치,운치,
3급,93,2021-07-10,25,dokeum_W,다음 漢字語의 讀音을 쓰시오.,模倣,模倣,,모방,모방,
3급,93,2021-07-10,26,dokeum_W,다음 漢字語의 讀音을 쓰시오.,頻繁,頻繁,,빈번,빈번,
3급,93,2021-07-10,27,dokeum_W,다음 漢字語의 讀音을 쓰시오.,招聘,招聘,,초빙,초빙,
3급,93,2021-07-10,28,dokeum_W,다음 漢字語의 讀音을 쓰시오.,貴賓,貴賓,,귀빈,귀빈,
3급,93,2021-07-10,29,dokeum_W,다음 漢字語의 讀音을 쓰시오.,近似,近似,,근사,근사,
3급,93,2021-07-10,30,dokeum_W,다음 漢字語의 讀音을 쓰시오.,禪位,禪位,,선위,선위,
3급,93,2021-07-10,31,dokeum_W,다음 漢字語의 讀音을 쓰시오.,哀惜,哀惜,,애석,애석,
3급,93,2021-07-10,32,dokeum_W,다음 漢字語의 讀音을 쓰시오.,麥飯,麥飯,,맥반,맥반,
3급,93,2021-07-10,33,dokeum_W,다음 漢字語의 讀音을 쓰시오.,埋葬,埋葬,,매장,매장,
3급,93,2021-07-10,34,dokeum_W,다음 漢字語의 讀音을 쓰시오.,飽食,飽食,,포식,포식,
3급,93,2021-07-10,35,dokeum_W,다음 漢字語의 讀音을 쓰시오.,巷間,巷間,,항간,항간,
3급,93,2021-07-10,36,dokeum_W,다음 漢字語의 讀音을 쓰시오.,秋毫,秋毫,,추호,추호,
3급,93,2021-07-10,37,dokeum_W,다음 漢字語의 讀音을 쓰시오.,胡蝶,胡蝶,,호접,호접,
3급,93,2021-07-10,38,dokeum_W,다음 漢字語의 讀音을 쓰시오.,螢光燈,螢光燈,,형광등,형광등,
3급,93,2021-07-10,39,dokeum_W,다음 漢字語의 讀音을 쓰시오.,凝視,凝視,,응시,응시,
3급,93,2021-07-10,40,dokeum_W,다음 漢字語의 讀音을 쓰시오.,宿泊,宿泊,,숙박,숙박,
3급,93,2021-07-10,41,dokeum_W,다음 漢字語의 讀音을 쓰시오.,宗廟,宗廟,,종묘,종묘,
3급,93,2021-07-10,42,dokeum_W,다음 漢字語의 讀音을 쓰시오.,敦篤,敦篤,,돈독,돈독,
3급,93,2021-07-10,43,dokeum_W,다음 漢字語의 讀音을 쓰시오.,龜鑑,龜鑑,,귀감,귀감,
3급,93,2021-07-10,44,dokeum_W,다음 漢字語의 讀音을 쓰시오.,終了,終了,,종료,종료,
3급,93,2021-07-10,45,dokeum_W,다음 漢字語의 讀音을 쓰시오.,梨花,梨花,,이화,이화,
3급,93,2021-07-10,46,huneum_W,다음 漢字의 訓과 音을 쓰시오.,爵,爵,,벼슬 작,벼슬 작,
3급,93,2021-07-10,47,huneum_W,다음 漢字의 訓과 音을 쓰시오.,泣,泣,,울 읍,울 읍,
3급,93,2021-07-10,48,huneum_W,다음 漢字의 訓과 音을 쓰시오.,酉,酉,,닭 유,닭 유,
3급,93,2021-07-10,49,huneum_W,다음 漢字의 訓과 音을 쓰시오.,晴,晴,,갤 청,갤 청,
3급,93,2021-07-10,50,huneum_W,다음 漢字의 訓과 音을 쓰시오.,且,且,,또 차,또 차,
3급,93,2021-07-10,51,huneum_W,다음 漢字의 訓과 音을 쓰시오.,浮,浮,,뜰 부,뜰 부,
3급,93,2021-07-10,52,huneum_W,다음 漢字의 訓과 音을 쓰시오.,忘,忘,,잊을 망,잊을 망,
3급,93,2021-07-10,53,huneum_W,다음 漢字의 訓과 音을 쓰시오.,暮,暮,,저물 모,저물 모,
3급,93,2021-07-10,54,huneum_W,다음 漢字의 訓과 音을 쓰시오.,乃,乃,,이에 내,이에 내,
3급,93,2021-07-10,55,huneum_W,다음 漢字의 訓과 音을 쓰시오.,畓,畓,,논 답,논 답,
3급,93,2021-07-10,56,huneum_W,다음 漢字의 訓과 音을 쓰시오.,豚,豚,,돼지 돈,돼지 돈,
3급,93,2021-07-10,57,huneum_W,다음 漢字의 訓과 音을 쓰시오.,坤,坤,,따 곤,따 곤,
3급,93,2021-07-10,58,huneum_W,다음 漢字의 訓과 音을 쓰시오.,狗,狗,,개 구,개 구,
3급,93,2021-07-10,59,huneum_W,다음 漢字의 訓과 音을 쓰시오.,隣,隣,,이웃 린,이웃 린,
3급,93,2021-07-10,60,huneum_W,다음 漢字의 訓과 音을 쓰시오.,苗,苗,,모 묘,모 묘,
3급,93,2021-07-10,61,huneum_W,다음 漢字의 訓과 音을 쓰시오.,邦,邦,,나라 방,나라 방,
3급,93,2021-07-10,62,huneum_W,다음 漢字의 訓과 音을 쓰시오.,岳,岳,,큰산 악,큰산 악,
3급,93,2021-07-10,63,huneum_W,다음 漢字의 訓과 音을 쓰시오.,騷,騷,,떠들 소,떠들 소,
3급,93,2021-07-10,64,huneum_W,다음 漢字의 訓과 音을 쓰시오.,誓,誓,,맹세할 서,맹세할 서,
3급,93,2021-07-10,65,huneum_W,다음 漢字의 訓과 音을 쓰시오.,也,也,,이끼/어조사 야,이끼/어조사 야,
3급,93,2021-07-10,66,huneum_W,다음 漢字의 訓과 音을 쓰시오.,予,予,,나 여,나 여,
3급,93,2021-07-10,67,huneum_W,다음 漢字의 訓과 音을 쓰시오.,快,快,,쾌할 쾌,쾌할 쾌,
3급,93,2021-07-10,68,huneum_W,다음 漢字의 訓과 音을 쓰시오.,貝,貝,,조개 패,조개 패,
3급,93,2021-07-10,69,huneum_W,다음 漢字의 訓과 音을 쓰시오.,幅,幅,,폭 폭,폭 폭,
3급,93,2021-07-10,70,huneum_W,다음 漢字의 訓과 音을 쓰시오.,互,互,,서로 호,서로 호,
3급,93,2021-07-10,71,huneum_W,다음 漢字의 訓과 音을 쓰시오.,携,携,,이끌 휴,이끌 휴,
3급,93,2021-07-10,72,huneum_W,다음 漢字의 訓과 音을 쓰시오.,那,那,,어찌 나,어찌 나,
3급,93,2021-07-10,73,jangeum_S,다음 중 첫음절이 長音으로 발음되는 것을 고르시오.,,,"[""① 房門"", ""② 訪問""]",②,② 訪問,
3급,93,2021-07-10,74,jangeum_S,다음 중 첫음절이 長音으로 발음되는 것을 고르시오.,,,"[""① 史記"", ""② 沙器""]",①,① 史記,
3급,93,2021-07-10,75,jangeum_S,다음 중 첫음절이 長音으로 발음되는 것을 고르시오.,,,"[""① 但書"", ""② 端緖""]",①,① 但書,
3급,93,2021-07-10,76,jangeum_S,다음 중 첫음절이 長音으로 발음되는 것을 고르시오.,,,"[""① 謀計"", ""② 母系""]",②,② 母系,
3급,93,2021-07-10,77,jangeum_S,다음 중 첫음절이 長音으로 발음되는 것을 고르시오.,,,"[""① 悲話"", ""② 飛火""]",①,① 悲話,
3급,93,2021-07-10,78,hanjaeo_W,다음 문장에서 밑줄 친 漢字語를 漢字(正字)로 쓰시오.,법원의 판결은 재판상의 독립과 법관으로서의 양심에 따른 결정으로 존중되어야 한다.,법원,,法院,法院,
3급,93,2021-07-10,79,hanjaeo_W,다음 문장에서 밑줄 친 漢字語를 漢字(正字)로 쓰시오.,법원의 판결은 재판상의 독립과 법관으로서의 양심에 따른 결정으로 존중되어야 한다.,판결,,判決,判決,
3급,93,2021-07-10,80,hanjaeo_W,다음 문장에서 밑줄 친 漢字語를 漢字(正字)로 쓰시오.,법원의 판결은 재판상의 독립과 법관으로서의 양심에 따른 결정으로 존중되어야 한다.,양심,,良心,良心,
3급,93,2021-07-10,81,hanjaeo_W,다음 문장에서 밑줄 친 漢字語를 漢字(正字)로 쓰시오.,법원의 판결은 재판상의 독립과 법관으로서의 양심에 따른 결정으로 존중되어야 한다.,존중,,尊重,尊重,
3급,93,2021-07-10,82,hanjaeo_W,다음 문장에서 밑줄 친 漢字語를 漢字(正字)로 쓰시오.,전자 증명 서비스는 국민이 각종 증명서를 스마트폰을 통해 전자문서 형태로 발급받아 민원 처리에 활용할 수 있게 한 것이다.,증명,,證明,證明,
3급,93,2021-07-10,83,hanjaeo_W,다음 문장에서 밑줄 친 漢字語를 漢字(正字)로 쓰시오.,전자 증명 서비스는 국민이 각종 증명서를 스마트폰을 통해 전자문서 형태로 발급받아 민원 처리에 활용할 수 있게 한 것이다.,각종,,各種,各種,
3급,93,2021-07-10,84,hanjaeo_W,다음 문장에서 밑줄 친 漢字語를 漢字(正字)로 쓰시오.,전자 증명 서비스는 국민이 각종 증명서를 스마트폰을 통해 전자문서 형태로 발급받아 민원 처리에 활용할 수 있게 한 것이다.,형태,,形態,形態,
3급,93,2021-07-10,85,hanjaeo_W,다음 문장에서 밑줄 친 漢字語를 漢字(正字)로 쓰시오.,전자 증명 서비스는 국민이 각종 증명서를 스마트폰을 통해 전자문서 형태로 발급받아 민원 처리에 활용할 수 있게 한 것이다.,발급,,發給,發給,
3급,93,2021-07-10,86,hanjaeo_W,다음 문장에서 밑줄 친 漢字語를 漢字(正字)로 쓰시오.,전자 증명 서비스는 국민이 각종 증명서를 스마트폰을 통해 전자문서 형태로 발급받아 민원 처리에 활용할 수 있게 한 것이다.,민원,,民願,民願,
3급,93,2021-07-10,87,hanjaeo_W,다음 문장에서 밑줄 친 漢字語를 漢字(正字)로 쓰시오.,전자 증명 서비스는 국민이 각종 증명서를 스마트폰을 통해 전자문서 형태로 발급받아 민원 처리에 활용할 수 있게 한 것이다.,활용,,活用,活用,
3급,93,2021-07-10,88,hanjaeo_W,다음 문장에서 밑줄 친 漢字語를 漢字(正字)로 쓰시오.,감독은 자기 팀 소속 선수들의 요구를 거절할 수가 없었다.,감독,,監督,監督,
3급,93,2021-07-10,89,hanjaeo_W,다음 문장에서 밑줄 친 漢字語를 漢字(正字)로 쓰시오.,감독은 자기 팀 소속 선수들의 요구를 거절할 수가 없었다.,소속,,所屬,所屬,
3급,93,2021-07-10,90,hanjaeo_W,다음 문장에서 밑줄 친 漢字語를 漢字(正字)로 쓰시오.,감독은 자기 팀 소속 선수들의 요구를 거절할 수가 없었다.,요구,,要求,要求,
3급,93,2021-07-10,91,hanjaeo_W,다음 문장에서 밑줄 친 漢字語를 漢字(正字)로 쓰시오.,감독은 자기 팀 소속 선수들의 요구를 거절할 수가 없었다.,거절,,拒絶,拒絶,
3급,93,2021-07-10,92,hanjaeo_W,다음 문장에서 밑줄 친 漢字語를 漢字(正字)로 쓰시오.,선생님이 말씀하신 전달 사항을 연필로 공책에 빠짐없이 다 적었다.,전달,,傳達,傳達,
3급,93,2021-07-10,93,hanjaeo_W,다음 문장에서 밑줄 친 漢字語를 漢字(正字)로 쓰시오.,선생님이 말씀하신 전달 사항을 연필로 공책에 빠짐없이 다 적었다.,연필,,鉛筆,鉛筆,
3급,93,2021-07-10,94,hanjaeo_W,다음 문장에서 밑줄 친 漢字語를 漢字(正字)로 쓰시오.,선생님이 말씀하신 전달 사항을 연필로 공책에 빠짐없이 다 적었다.,공책,,空冊,空冊,
3급,93,2021-07-10,95,hanjaeo_W,다음 문장에서 밑줄 친 漢字語를 漢字(正字)로 쓰시오.,전통 가옥을 보존하기 위해서는 유지 및 개축 경비의 일부를 국가에서 지원해야 한다.,가옥,,家屋,家屋,
3급,93,2021-07-10,96,hanjaeo_W,다음 문장에서 밑줄 친 漢字語를 漢字(正字)로 쓰시오.,전통 가옥을 보존하기 위해서는 유지 및 개축 경비의 일부를 국가에서 지원해야 한다.,보존,,保存,保存,
3급,93,2021-07-10,97,hanjaeo_W,다음 문장에서 밑줄 친 漢字語를 漢字(正字)로 쓰시오.,전통 가옥을 보존하기 위해서는 유지 및 개축 경비의 일부를 국가에서 지원해야 한다.,개축,,改築,改築,
3급,93,2021-07-10,98,hanjaeo_W,다음 문장에서 밑줄 친 漢字語를 漢字(正字)로 쓰시오.,전통 가옥을 보존하기 위해서는 유지 및 개축 경비의 일부를 국가에서 지원해야 한다.,경비,,經費,經費,
3급,93,2021-07-10,99,hanjaeo_W,다음 문장에서 밑줄 친 漢字語를 漢字(正字)로 쓰시오.,전통 가옥을 보존하기 위해서는 유지 및 개축 경비의 일부를 국가에서 지원해야 한다.,지원,,支援,支援,
3급,93,2021-07-10,100,hanjaeo_W,다음 문장에서 밑줄 친 漢字語를 漢字(正字)로 쓰시오.,태풍은 열대 해상의 바닷물 온도가 섭씨 27도가 넘는 지역에서 만들어진다고 한다.,열대,,熱帶,熱帶,
3급,93,2021-07-10,101,hanjaeo_W,다음 문장에서 밑줄 친 漢字語를 漢字(正字)로 쓰시오.,태풍은 열대 해상의 바닷물 온도가 섭씨 27도가 넘는 지역에서 만들어진다고 한다.,해상,,海上,海上,
3급,93,2021-07-10,102,hanjaeo_W,다음 문장에서 밑줄 친 漢字語를 漢字(正字)로 쓰시오.,태풍은 열대 해상의 바닷물 온도가 섭씨 27도가 넘는 지역에서 만들어진다고 한다.,온도,,溫度,溫度,
3급,93,2021-07-10,103,hanjaeo_W,다음 문장에서 밑줄 친 漢字語를 漢字(正字)로 쓰시오.,태풍은 열대 해상의 바닷물 온도가 섭씨 27도가 넘는 지역에서 만들어진다고 한다.,지역,,地域,地域,
3급,93,2021-07-10,104,hanjaeo_W,다음 문장에서 밑줄 친 漢字語를 漢字(正字)로 쓰시오.,세금을 부과하는데 있어서 그 기준이 되는 것을 과세표준이라 한다.,세금,,稅金,稅金,
3급,93,2021-07-10,105,hanjaeo_W,다음 문장에서 밑줄 친 漢字語를 漢字(正字)로 쓰시오.,"세금을 부과하는데 있어서 그 기준이 되는 것을 과세표준이라 한다. 과세표준이란 소득, 재산, 소비 등에 대한 세액을 산정하기 위한 기초로서 그 단위는 금액, 가격, 수량 등으로 표시된다.",표준,,標準,標準,
3급,93,2021-07-10,106,hanjaeo_W,다음 문장에서 밑줄 친 漢字語를 漢字(正字)로 쓰시오.,"과세표준이란 소득, 재산, 소비 등에 대한 세액을 산정하기 위한 기초로서 그 단위는 금액, 가격, 수량 등으로 표시된다.",재산,,財産,財産,
3급,93,2021-07-10,107,hanjaeo_W,다음 문장에서 밑줄 친 漢字語를 漢字(正字)로 쓰시오.,"과세표준이란 소득, 재산, 소비 등에 대한 세액을 산정하기 위한 기초로서 그 단위는 금액, 가격, 수량 등으로 표시된다.",수량,,數量,數量,
3급,93,2021-07-10,108,yui_W,다음 漢字와 비슷한 뜻을 가진 漢字(正字)를 (           ) 안에 써서 문장에 적합한 漢字語가 되게 하시오.,결혼식에서는 늘 (        )姻 서약을 한다.,( )姻,,婚,婚,
3급,93,2021-07-10,109,yui_W,다음 漢字와 비슷한 뜻을 가진 漢字(正字)를 (           ) 안에 써서 문장에 적합한 漢字語가 되게 하시오.,대통령은 群(       )으로부터 열렬히 환영을 받았다.,群( ),,衆,衆,
3급,93,2021-07-10,110,yui_W,다음 漢字와 비슷한 뜻을 가진 漢字(正字)를 (           ) 안에 써서 문장에 적합한 漢字語가 되게 하시오.,사람은 누구나 (       )住의 자유가 있다.,( )住,,居,居,
3급,93,2021-07-10,111,yui_W,다음 漢字와 비슷한 뜻을 가진 漢字(正字)를 (           ) 안에 써서 문장에 적합한 漢字語가 되게 하시오.,관군은 반란군을 한 달 만에 討(   )하였다.,討( ),,伐,伐,
3급,93,2021-07-10,112,yui_W,다음 漢字와 비슷한 뜻을 가진 漢字(正字)를 (           ) 안에 써서 문장에 적합한 漢字語가 되게 하시오.,그는 내부 階(      )을 통해서 이층으로 올라갔다.,階( ),,段,段,
3급,93,2021-07-10,113,banui_W,다음 漢字와 뜻이 反對 또는 相對되는 漢字(正字)를 ( ) 안에 써서 문장에 적합한 漢字語가 되게 하시오.,운동경기에서는 상대의 (       )實을 먼저 파악하는 것이 중요하다.,( )實,,虛,虛,
3급,93,2021-07-10,114,banui_W,다음 漢字와 뜻이 反對 또는 相對되는 漢字(正字)를 ( ) 안에 써서 문장에 적합한 漢字語가 되게 하시오.,공무원은 금품을 授(       )해서는 안 된다.,授( ),,受,受,
3급,93,2021-07-10,115,banui_W,다음 漢字와 뜻이 反對 또는 相對되는 漢字(正字)를 ( ) 안에 써서 문장에 적합한 漢字語가 되게 하시오.,그 소문의 (       )僞를 분명하게 밝히시오.,( )僞,,眞,眞,
3급,93,2021-07-10,116,banui_W,다음 漢字와 뜻이 反對 또는 相對되는 漢字(正字)를 ( ) 안에 써서 문장에 적합한 漢字語가 되게 하시오.,그 두 姉(   )는 쌍둥이처럼 닮았다.,姉( ),,妹,妹,
3급,93,2021-07-10,117,banui_W,다음 漢字와 뜻이 反對 또는 相對되는 漢字(正字)를 ( ) 안에 써서 문장에 적합한 漢字語가 되게 하시오.,임금은 신하들에게 (       )臣간의 의리가 중하다고 강조하였다.,( )臣,,君,君,
3급,93,2021-07-10,118,banuieo_W,다음 漢字語의 反對語 또는 相對語를 2음절로 된 漢字(正字)로 쓰시오.,處女 ↔ (    ),處女 ↔ ( ),,總角,總角,
3급,93,2021-07-10,119,banuieo_W,다음 漢字語의 反對語 또는 相對語를 2음절로 된 漢字(正字)로 쓰시오.,許可 ↔ (    ),許可 ↔ ( ),,禁止,禁止,
3급,93,2021-07-10,120,banuieo_W,다음 漢字語의 反對語 또는 相對語를 2음절로 된 漢字(正字)로 쓰시오.,富裕 ↔ (    ),富裕 ↔ ( ),,貧窮,貧窮,
3급,93,2021-07-10,121,banuieo_W,다음 漢字語의 反對語 또는 相對語를 2음절로 된 漢字(正字)로 쓰시오.,單純 ↔ (    ),單純 ↔ ( ),,複雜,複雜,
3급,93,2021-07-10,122,banuieo_W,다음 漢字語의 反對語 또는 相對語를 2음절로 된 漢字(正字)로 쓰시오.,白晝 ↔ (    ),白晝 ↔ ( ),,深夜,深夜,
3급,93,2021-07-10,123,dongeumeo_W,"다음 漢字語의 同音異義語를 漢字(正字)로 쓰되, 제시된 뜻에 맞는 것으로 하시오.",(講說) - 눈이 내림,(講說),,降雪,降雪,
3급,93,2021-07-10,124,dongeumeo_W,"다음 漢字語의 同音異義語를 漢字(正字)로 쓰되, 제시된 뜻에 맞는 것으로 하시오.",(餘情) - 여행의 일정,(餘情),,旅程,旅程,
3급,93,2021-07-10,125,dongeumeo_W,"다음 漢字語의 同音異義語를 漢字(正字)로 쓰되, 제시된 뜻에 맞는 것으로 하시오.",(臺帳) - 큰창자,(臺帳),,大腸,大腸,
3급,93,2021-07-10,126,dongeumeo_W,"다음 漢字語의 同音異義語를 漢字(正字)로 쓰되, 제시된 뜻에 맞는 것으로 하시오.",(風聲) - 넉넉하고 많음,(風聲),,豊盛,豊盛,
3급,93,2021-07-10,127,dongeumeo_W,"다음 漢字語의 同音異義語를 漢字(正字)로 쓰되, 제시된 뜻에 맞는 것으로 하시오.",(供需) - 공격과 수비,(供需),,攻守,攻守,
3급,93,2021-07-10,128,seongeo_W,다음 (       ) 안에 알맞은 漢字(正字)를 써서 四字成語를 완성하시오.,(    )誠感天 : 지극한 정성에 하늘이 감동함.,( )誠感天,,至,至,
3급,93,2021-07-10,129,seongeo_W,다음 (       ) 안에 알맞은 漢字(正字)를 써서 四字成語를 완성하시오.,結者( )之 : 일을 만든 사람이 일을 해결함.,結者( )之,,解,解,
3급,93,2021-07-10,130,seongeo_W,다음 (       ) 안에 알맞은 漢字(正字)를 써서 四字成語를 완성하시오.,貪(   )汚吏 : 탐욕이 많고 행실이 깨끗하지 못한 벼슬아치.,貪( )汚吏,,官,官,
3급,93,2021-07-10,131,seongeo_W,다음 (       ) 안에 알맞은 漢字(正字)를 써서 四字成語를 완성하시오.,朋(   )有信 : 벗과 벗의 도리는 믿음에 있음.,朋( )有信,,友,友,
3급,93,2021-07-10,132,seongeo_W,다음 (       ) 안에 알맞은 漢字(正字)를 써서 四字成語를 완성하시오.,同價( )裳 : 같은 값이면 다홍치마.,同價( )裳,,紅,紅,
3급,93,2021-07-10,133,seongeo_W,다음 (       ) 안에 알맞은 漢字(正字)를 써서 四字成語를 완성하시오.,東奔西(     ) : 사방으로 이리저리 바삐 돌아다님.,東奔西( ),,走,走,
3급,93,2021-07-10,134,seongeo_W,다음 (       ) 안에 알맞은 漢字(正字)를 써서 四字成語를 완성하시오.,(   )捨選擇 : 취할 것은 취하고 버릴 것은 버려서 골라잡음.,( )捨選擇,,取,取,
3급,93,2021-07-10,135,seongeo_W,다음 (       ) 안에 알맞은 漢字(正字)를 써서 四字成語를 완성하시오.,漸入佳(   ) : 점점 흥미로운 경지로 들어감.,漸入佳( ),,境,境,
3급,93,2021-07-10,136,seongeo_W,다음 (       ) 안에 알맞은 漢字(正字)를 써서 四字成語를 완성하시오.,事必( )正 : 모든 잘잘못은 반드시 바른 길로 돌아 옴.,事必( )正,,歸,歸,
3급,93,2021-07-10,137,seongeo_W,다음 (       ) 안에 알맞은 漢字(正字)를 써서 四字成語를 완성하시오.,勿失好(   ) : 좋은 기회를 놓치지 않음.,勿失好( ),,機,機,
3급,93,2021-07-10,138,busu_W,다음 漢字의 部首를 쓰시오.,燥,燥,,火,火,
3급,93,2021-07-10,139,busu_W,다음 漢字의 部首를 쓰시오.,戊,戊,,戈,戈,
3급,93,2021-07-10,140,busu_W,다음 漢字의 部首를 쓰시오.,罷,罷,,罒(网),罒(网),
3급,93,2021-07-10,141,busu_W,다음 漢字의 部首를 쓰시오.,誕,誕,,言,言,
3급,93,2021-07-10,142,busu_W,다음 漢字의 部首를 쓰시오.,鹿,鹿,,鹿,鹿,
3급,93,2021-07-10,143,yakja_W,다음 漢字의 略字를 쓰시오.,顯,顯,,顕,顕,
3급,93,2021-07-10,144,yakja_W,다음 漢字의 略字를 쓰시오.,佛,佛,,仏,仏,
3급,93,2021-07-10,145,yakja_W,다음 漢字의 略字를 쓰시오.,應,應,,応,応,
3급,93,2021-07-10,146,mean_W,다음 漢字語의 뜻을 쓰시오.,路邊,路邊,,길가,길가,
3급,93,2021-07-10,147,mean_W,다음 漢字語의 뜻을 쓰시오.,人跡,人跡,,사람의 발자취,사람의 발자취,
3급,93,2021-07-10,148,mean_W,다음 漢字語의 뜻을 쓰시오.,辛味,辛味,,매운맛,매운맛,
3급,93,2021-07-10,149,mean_W,다음 漢字語의 뜻을 쓰시오.,乳臭,乳臭,,"젖내, 젖 냄새","젖내, 젖 냄새",
3급,93,2021-07-10,150,mean_W,다음 漢字語의 뜻을 쓰시오.,飢餓,飢餓,,굶주림,굶주림,
3급,94,2021-09-11,1,dokeum_W,다음 문장에서 밑줄 친 漢字語의 讀音을 쓰시오.,수많은 생물들이 濫獲과 環境 破壞로 인하여 빠른 속도로 사라지고 있다.,濫獲,,남획,남획,
3급,94,2021-09-11,2,dokeum_W,다음 문장에서 밑줄 친 漢字語의 讀音을 쓰시오.,수많은 생물들이 濫獲과 環境 破壞로 인하여 빠른 속도로 사라지고 있다.,環境,,환경,환경,
3급,94,2021-09-11,3,dokeum_W,다음 문장에서 밑줄 친 漢字語의 讀音을 쓰시오.,수많은 생물들이 濫獲과 環境 破壞로 인하여 빠른 속도로 사라지고 있다.,破壞,,파괴,파괴,
3급,94,2021-09-11,4,dokeum_W,다음 문장에서 밑줄 친 漢字語의 讀音을 쓰시오.,급성 肝炎을 徹底하게 치료하지 않고 그대로 내버려두면 慢性 肝炎으로 전이된다.,肝炎,,간염,간염,
3급,94,2021-09-11,5,dokeum_W,다음 문장에서 밑줄 친 漢字語의 讀音을 쓰시오.,급성 肝炎을 徹底하게 치료하지 않고 그대로 내버려두면 慢性 肝炎으로 전이된다.,徹底,,철저,철저,
3급,94,2021-09-11,6,dokeum_W,다음 문장에서 밑줄 친 漢字語의 讀音을 쓰시오.,급성 肝炎을 徹底하게 치료하지 않고 그대로 내버려두면 慢性 肝炎으로 전이된다.,慢性,,만성,만성,
3급,94,2021-09-11,7,dokeum_W,다음 문장에서 밑줄 친 漢字語의 讀音을 쓰시오.,이러한 凶惡한 犯罪者는 영원히 사회로부터 隔離를 시켜야 마땅하다고 判斷된다.,凶惡,,흉악,흉악,
3급,94,2021-09-11,8,dokeum_W,다음 문장에서 밑줄 친 漢字語의 讀音을 쓰시오.,이러한 凶惡한 犯罪者는 영원히 사회로부터 隔離를 시켜야 마땅하다고 判斷된다.,犯罪者,,범죄자,범죄자,
3급,94,2021-09-11,9,dokeum_W,다음 문장에서 밑줄 친 漢字語의 讀音을 쓰시오.,이러한 凶惡한 犯罪者는 영원히 사회로부터 隔離를 시켜야 마땅하다고 判斷된다.,隔離,,격리,격리,
3급,94,2021-09-11,10,dokeum_W,다음 문장에서 밑줄 친 漢字語의 讀音을 쓰시오.,이러한 凶惡한 犯罪者는 영원히 사회로부터 隔離를 시켜야 마땅하다고 判斷된다.,判斷,,판단,판단,
3급,94,2021-09-11,11,dokeum_W,다음 문장에서 밑줄 친 漢字語의 讀音을 쓰시오.,그녀는 恒常 旣存의 權威에 挑戰하는 姿勢를 가지고 살아왔다.,恒常,,항상,항상,
3급,94,2021-09-11,12,dokeum_W,다음 문장에서 밑줄 친 漢字語의 讀音을 쓰시오.,그녀는 恒常 旣存의 權威에 挑戰하는 姿勢를 가지고 살아왔다.,旣存,,기존,기존,
3급,94,2021-09-11,13,dokeum_W,다음 문장에서 밑줄 친 漢字語의 讀音을 쓰시오.,그녀는 恒常 旣存의 權威에 挑戰하는 姿勢를 가지고 살아왔다.,權威,,권위,권위,
3급,94,2021-09-11,14,dokeum_W,다음 문장에서 밑줄 친 漢字語의 讀音을 쓰시오.,그녀는 恒常 旣存의 權威에 挑戰하는 姿勢를 가지고 살아왔다.,挑戰,,도전,도전,
3급,94,2021-09-11,15,dokeum_W,다음 문장에서 밑줄 친 漢字語의 讀音을 쓰시오.,그녀는 恒常 旣存의 權威에 挑戰하는 姿勢를 가지고 살아왔다.,姿勢,,자세,자세,
3급,94,2021-09-11,16,dokeum_W,다음 문장에서 밑줄 친 漢字語의 讀音을 쓰시오.,비리 공무원을 嚴罰해야 한다는 輿論이 일면서 파장이 擴散하고 있다.,嚴罰,,엄벌,엄벌,
3급,94,2021-09-11,17,dokeum_W,다음 문장에서 밑줄 친 漢字語의 讀音을 쓰시오.,비리 공무원을 嚴罰해야 한다는 輿論이 일면서 파장이 擴散하고 있다.,輿論,,여론,여론,
3급,94,2021-09-11,18,dokeum_W,다음 문장에서 밑줄 친 漢字語의 讀音을 쓰시오.,비리 공무원을 嚴罰해야 한다는 輿論이 일면서 파장이 擴散하고 있다.,擴散,,확산,확산,
3급,94,2021-09-11,19,dokeum_W,다음 문장에서 밑줄 친 漢字語의 讀音을 쓰시오.,그는 觸覺에 매우 銳敏하게 반응한다.,觸覺,,촉각,촉각,
3급,94,2021-09-11,20,dokeum_W,다음 문장에서 밑줄 친 漢字語의 讀音을 쓰시오.,그는 觸覺에 매우 銳敏하게 반응한다.,銳敏,,예민,예민,
3급,94,2021-09-11,21,dokeum_W,다음 漢字語의 讀音을 쓰시오.,憐憫,憐憫,,연민,연민,
3급,94,2021-09-11,22,dokeum_W,다음 漢字語의 讀音을 쓰시오.,鴻雁,鴻雁,,홍안,홍안,
3급,94,2021-09-11,23,dokeum_W,다음 漢字語의 讀音을 쓰시오.,突厥,突厥,,돌궐,돌궐,
3급,94,2021-09-11,24,dokeum_W,다음 漢字語의 讀音을 쓰시오.,僞證,僞證,,위증,위증,
3급,94,2021-09-11,25,dokeum_W,다음 漢字語의 讀音을 쓰시오.,汗蒸,汗蒸,,한증,한증,
3급,94,2021-09-11,26,dokeum_W,다음 漢字語의 讀音을 쓰시오.,廉恥,廉恥,,염치,염치,
3급,94,2021-09-11,27,dokeum_W,다음 漢字語의 讀音을 쓰시오.,慙悔,慙悔,,참회,참회,
3급,94,2021-09-11,28,dokeum_W,다음 漢字語의 讀音을 쓰시오.,欺罔,欺罔,,기망,기망,
3급,94,2021-09-11,29,dokeum_W,다음 漢字語의 讀音을 쓰시오.,逮捕,逮捕,,체포,체포,
3급,94,2021-09-11,30,dokeum_W,다음 漢字語의 讀音을 쓰시오.,塗炭,塗炭,,도탄,도탄,
3급,94,2021-09-11,31,dokeum_W,다음 漢字語의 讀音을 쓰시오.,荒廢,荒廢,,황폐,황폐,
3급,94,2021-09-11,32,dokeum_W,다음 漢字語의 讀音을 쓰시오.,枯渴,枯渴,,고갈,고갈,
3급,94,2021-09-11,33,dokeum_W,다음 漢字語의 讀音을 쓰시오.,偏頗,偏頗,,편파,편파,
3급,94,2021-09-11,34,dokeum_W,다음 漢字語의 讀音을 쓰시오.,紛糾,紛糾,,분규,분규,
3급,94,2021-09-11,35,dokeum_W,다음 漢字語의 讀音을 쓰시오.,沙糖,沙糖,,사탕,사탕,
3급,94,2021-09-11,36,dokeum_W,다음 漢字語의 讀音을 쓰시오.,慨歎,慨歎,,개탄,개탄,
3급,94,2021-09-11,37,dokeum_W,다음 漢字語의 讀音을 쓰시오.,冒險,冒險,,모험,모험,
3급,94,2021-09-11,38,dokeum_W,다음 漢字語의 讀音을 쓰시오.,敦篤,敦篤,,돈독,돈독,
3급,94,2021-09-11,39,dokeum_W,다음 漢字語의 讀音을 쓰시오.,販促,販促,,판촉,판촉,
3급,94,2021-09-11,40,dokeum_W,다음 漢字語의 讀音을 쓰시오.,龜鑑,龜鑑,,귀감,귀감,
3급,94,2021-09-11,41,dokeum_W,다음 漢字語의 讀音을 쓰시오.,浸透,浸透,,침투,침투,
3급,94,2021-09-11,42,dokeum_W,다음 漢字語의 讀音을 쓰시오.,飢餓,飢餓,,기아,기아,
3급,94,2021-09-11,43,dokeum_W,다음 漢字語의 讀音을 쓰시오.,誕辰,誕辰,,탄신,탄신,
3급,94,2021-09-11,44,dokeum_W,다음 漢字語의 讀音을 쓰시오.,愚鈍,愚鈍,,우둔,우둔,
3급,94,2021-09-11,45,dokeum_W,다음 漢字語의 讀音을 쓰시오.,驅逐,驅逐,,구축,구축,
3급,94,2021-09-11,46,huneum_W,다음 漢字의 訓과 音을 쓰시오.,雷,雷,,우레 뢰,우레 뢰,
3급,94,2021-09-11,47,huneum_W,다음 漢字의 訓과 音을 쓰시오.,惱,惱,,번뇌할 뇌,번뇌할 뇌,
3급,94,2021-09-11,48,huneum_W,다음 漢字의 訓과 音을 쓰시오.,跳,跳,,뛸 도,뛸 도,
3급,94,2021-09-11,49,huneum_W,다음 漢字의 訓과 音을 쓰시오.,曉,曉,,새벽 효,새벽 효,
3급,94,2021-09-11,50,huneum_W,다음 漢字의 訓과 音을 쓰시오.,漂,漂,,떠다닐 표,떠다닐 표,
3급,94,2021-09-11,51,huneum_W,다음 漢字의 訓과 音을 쓰시오.,丑,丑,,소 축,소 축,
3급,94,2021-09-11,52,huneum_W,다음 漢字의 訓과 音을 쓰시오.,菌,菌,,버섯 균,버섯 균,
3급,94,2021-09-11,53,huneum_W,다음 漢字의 訓과 音을 쓰시오.,滴,滴,,물방울 적,물방울 적,
3급,94,2021-09-11,54,huneum_W,다음 漢字의 訓과 音을 쓰시오.,皆,皆,,다 개,다 개,
3급,94,2021-09-11,55,huneum_W,다음 漢字의 訓과 音을 쓰시오.,抄,抄,,뽑을 초,뽑을 초,
3급,94,2021-09-11,56,huneum_W,다음 漢字의 訓과 音을 쓰시오.,惟,惟,,생각할 유,생각할 유,
3급,94,2021-09-11,57,huneum_W,다음 漢字의 訓과 音을 쓰시오.,梨,梨,,배 리,배 리,
3급,94,2021-09-11,58,huneum_W,다음 漢字의 訓과 音을 쓰시오.,旱,旱,,가물 한,가물 한,
3급,94,2021-09-11,59,huneum_W,다음 漢字의 訓과 音을 쓰시오.,嫌,嫌,,싫어할 혐,싫어할 혐,
3급,94,2021-09-11,60,huneum_W,다음 漢字의 訓과 音을 쓰시오.,稻,稻,,벼 도,벼 도,
3급,94,2021-09-11,61,huneum_W,다음 漢字의 訓과 音을 쓰시오.,架,架,,시렁 가,시렁 가,
3급,94,2021-09-11,62,huneum_W,다음 漢字의 訓과 音을 쓰시오.,妥,妥,,온당할 타,온당할 타,
3급,94,2021-09-11,63,huneum_W,다음 漢字의 訓과 音을 쓰시오.,弘,弘,,클 홍,클 홍,
3급,94,2021-09-11,64,huneum_W,다음 漢字의 訓과 音을 쓰시오.,嗚,嗚,,슬플 오,슬플 오,
3급,94,2021-09-11,65,huneum_W,다음 漢字의 訓과 音을 쓰시오.,倒,倒,,넘어질 도,넘어질 도,
3급,94,2021-09-11,66,huneum_W,다음 漢字의 訓과 音을 쓰시오.,墻,墻,,담 장,담 장,
3급,94,2021-09-11,67,huneum_W,다음 漢字의 訓과 音을 쓰시오.,枕,枕,,베개 침,베개 침,
3급,94,2021-09-11,68,huneum_W,다음 漢字의 訓과 音을 쓰시오.,夷,夷,,오랑캐 이,오랑캐 이,
3급,94,2021-09-11,69,huneum_W,다음 漢字의 訓과 音을 쓰시오.,且,且,,또 차,또 차,
3급,94,2021-09-11,70,huneum_W,다음 漢字의 訓과 音을 쓰시오.,屯,屯,,진칠 둔,진칠 둔,
3급,94,2021-09-11,71,huneum_W,다음 漢字의 訓과 音을 쓰시오.,怠,怠,,게으를 태,게으를 태,
3급,94,2021-09-11,72,huneum_W,다음 漢字의 訓과 音을 쓰시오.,贈,贈,,줄 증,줄 증,
3급,94,2021-09-11,73,jangeum_S,다음 중 첫음절이 長音으로 발음되는 것을 고르시오.,,,"[""① 依支"", ""② 意志""]",②,② 意志,
3급,94,2021-09-11,74,jangeum_S,다음 중 첫음절이 長音으로 발음되는 것을 고르시오.,,,"[""① 停止"", ""② 整地""]",②,② 整地,
3급,94,2021-09-11,75,jangeum_S,다음 중 첫음절이 長音으로 발음되는 것을 고르시오.,,,"[""① 好男"", ""② 湖南""]",①,① 好男,
3급,94,2021-09-11,76,jangeum_S,다음 중 첫음절이 長音으로 발음되는 것을 고르시오.,,,"[""① 祭祀"", ""② 諸事""]",①,① 祭祀,
3급,94,2021-09-11,77,jangeum_S,다음 중 첫음절이 長音으로 발음되는 것을 고르시오.,,,"[""① 京畿"", ""② 競技""]",②,② 競技,
3급,94,2021-09-11,78,hanjaeo_W,다음 문장에서 밑줄 친 漢字語를 漢字(正字)로 쓰시오.,이 강좌에 참여를 원하는 청취자는 다음 주소로 신청해 주시기 바랍니다.,강좌,,講座,講座,
3급,94,2021-09-11,79,hanjaeo_W,다음 문장에서 밑줄 친 漢字語를 漢字(正字)로 쓰시오.,이 강좌에 참여를 원하는 청취자는 다음 주소로 신청해 주시기 바랍니다.,참여,,參與,參與,
3급,94,2021-09-11,80,hanjaeo_W,다음 문장에서 밑줄 친 漢字語를 漢字(正字)로 쓰시오.,이 강좌에 참여를 원하는 청취자는 다음 주소로 신청해 주시기 바랍니다.,청취,,聽取,聽取,
3급,94,2021-09-11,81,hanjaeo_W,다음 문장에서 밑줄 친 漢字語를 漢字(正字)로 쓰시오.,이 강좌에 참여를 원하는 청취자는 다음 주소로 신청해 주시기 바랍니다.,신청,,申請,申請,
3급,94,2021-09-11,82,hanjaeo_W,다음 문장에서 밑줄 친 漢字語를 漢字(正字)로 쓰시오.,재무 설계에서 정해 놓은 은퇴 자금은 다른 목적으로 쓰지 않는다는 철칙을 세울 필요가 있다.,재무,,財務,財務,
3급,94,2021-09-11,83,hanjaeo_W,다음 문장에서 밑줄 친 漢字語를 漢字(正字)로 쓰시오.,재무 설계에서 정해 놓은 은퇴 자금은 다른 목적으로 쓰지 않는다는 철칙을 세울 필요가 있다.,설계,,設計,設計,
3급,94,2021-09-11,84,hanjaeo_W,다음 문장에서 밑줄 친 漢字語를 漢字(正字)로 쓰시오.,재무 설계에서 정해 놓은 은퇴 자금은 다른 목적으로 쓰지 않는다는 철칙을 세울 필요가 있다.,은퇴,,隱退,隱退,
3급,94,2021-09-11,85,hanjaeo_W,다음 문장에서 밑줄 친 漢字語를 漢字(正字)로 쓰시오.,재무 설계에서 정해 놓은 은퇴 자금은 다른 목적으로 쓰지 않는다는 철칙을 세울 필요가 있다.,자금,,資金,資金,
3급,94,2021-09-11,86,hanjaeo_W,다음 문장에서 밑줄 친 漢字語를 漢字(正字)로 쓰시오.,재무 설계에서 정해 놓은 은퇴 자금은 다른 목적으로 쓰지 않는다는 철칙을 세울 필요가 있다.,철칙,,鐵則,鐵則,
3급,94,2021-09-11,87,hanjaeo_W,다음 문장에서 밑줄 친 漢字語를 漢字(正字)로 쓰시오.,재무 설계에서 정해 놓은 은퇴 자금은 다른 목적으로 쓰지 않는다는 철칙을 세울 필요가 있다.,필요,,必要,必要,
3급,94,2021-09-11,88,hanjaeo_W,다음 문장에서 밑줄 친 漢字語를 漢字(正字)로 쓰시오.,그는 이번 대회에서 저조한 점수를 기록해 예선에서 탈락했다.,저조,,低調,低調,
3급,94,2021-09-11,89,hanjaeo_W,다음 문장에서 밑줄 친 漢字語를 漢字(正字)로 쓰시오.,그는 이번 대회에서 저조한 점수를 기록해 예선에서 탈락했다.,기록,,記錄,記錄,
3급,94,2021-09-11,90,hanjaeo_W,다음 문장에서 밑줄 친 漢字語를 漢字(正字)로 쓰시오.,그는 이번 대회에서 저조한 점수를 기록해 예선에서 탈락했다.,예선,,豫選,豫選,
3급,94,2021-09-11,91,hanjaeo_W,다음 문장에서 밑줄 친 漢字語를 漢字(正字)로 쓰시오.,이 영화는 침몰하는 거대한 함선의 모습을 웅장하게 표현했다.,영화,,映畫,映畫,
3급,94,2021-09-11,92,hanjaeo_W,다음 문장에서 밑줄 친 漢字語를 漢字(正字)로 쓰시오.,이 영화는 침몰하는 거대한 함선의 모습을 웅장하게 표현했다.,웅장,,雄壯,雄壯,
3급,94,2021-09-11,93,hanjaeo_W,다음 문장에서 밑줄 친 漢字語를 漢字(正字)로 쓰시오.,이 영화는 침몰하는 거대한 함선의 모습을 웅장하게 표현했다.,표현,,表現,表現,
3급,94,2021-09-11,94,hanjaeo_W,다음 문장에서 밑줄 친 漢字語를 漢字(正字)로 쓰시오.,그의 우표 수집에 대한 열정은 거의 광적이다.,우표,,郵票,郵票,
3급,94,2021-09-11,95,hanjaeo_W,다음 문장에서 밑줄 친 漢字語를 漢字(正字)로 쓰시오.,그의 우표 수집에 대한 열정은 거의 광적이다.,열정,,熱情,熱情,
3급,94,2021-09-11,96,hanjaeo_W,다음 문장에서 밑줄 친 漢字語를 漢字(正字)로 쓰시오.,야영장을 운영하는 업체들은 귀족 야영 상품을 만들어 판매해 큰 수익을 올리고 있다.,운영,,運營,運營,
3급,94,2021-09-11,97,hanjaeo_W,다음 문장에서 밑줄 친 漢字語를 漢字(正字)로 쓰시오.,야영장을 운영하는 업체들은 귀족 야영 상품을 만들어 판매해 큰 수익을 올리고 있다.,업체,,業體,業體,
3급,94,2021-09-11,98,hanjaeo_W,다음 문장에서 밑줄 친 漢字語를 漢字(正字)로 쓰시오.,야영장을 운영하는 업체들은 귀족 야영 상품을 만들어 판매해 큰 수익을 올리고 있다.,귀족,,貴族,貴族,
3급,94,2021-09-11,99,hanjaeo_W,다음 문장에서 밑줄 친 漢字語를 漢字(正字)로 쓰시오.,야영장을 운영하는 업체들은 귀족 야영 상품을 만들어 판매해 큰 수익을 올리고 있다.,상품,,商品,商品,
3급,94,2021-09-11,100,hanjaeo_W,다음 문장에서 밑줄 친 漢字語를 漢字(正字)로 쓰시오.,야영장을 운영하는 업체들은 귀족 야영 상품을 만들어 판매해 큰 수익을 올리고 있다.,수익,,收益,收益,
3급,94,2021-09-11,101,hanjaeo_W,다음 문장에서 밑줄 친 漢字語를 漢字(正字)로 쓰시오.,올해 새로 출범한 정당에서는 공무원 처우 개선을 위해 총액 연봉제를 도입하고 공무원 자녀들의 육아 비용을 보조하겠다고 하였다.,정당,,政黨,政黨,
3급,94,2021-09-11,102,hanjaeo_W,다음 문장에서 밑줄 친 漢字語를 漢字(正字)로 쓰시오.,올해 새로 출범한 정당에서는 공무원 처우 개선을 위해 총액 연봉제를 도입하고 공무원 자녀들의 육아 비용을 보조하겠다고 하였다.,개선,,改善,改善,
3급,94,2021-09-11,103,hanjaeo_W,다음 문장에서 밑줄 친 漢字語를 漢字(正字)로 쓰시오.,올해 새로 출범한 정당에서는 공무원 처우 개선을 위해 총액 연봉제를 도입하고 공무원 자녀들의 육아 비용을 보조하겠다고 하였다.,총액,,總額,總額,
3급,94,2021-09-11,104,hanjaeo_W,다음 문장에서 밑줄 친 漢字語를 漢字(正字)로 쓰시오.,올해 새로 출범한 정당에서는 공무원 처우 개선을 위해 총액 연봉제를 도입하고 공무원 자녀들의 육아 비용을 보조하겠다고 하였다.,도입,,導入,導入,
3급,94,2021-09-11,105,hanjaeo_W,다음 문장에서 밑줄 친 漢字語를 漢字(正字)로 쓰시오.,이번 미술 전람회에는 우수한 작품들이 많이 출품되었다.,미술,,美術,美術,
3급,94,2021-09-11,106,hanjaeo_W,다음 문장에서 밑줄 친 漢字語를 漢字(正字)로 쓰시오.,이번 미술 전람회에는 우수한 작품들이 많이 출품되었다.,전람,,展覽,展覽,
3급,94,2021-09-11,107,hanjaeo_W,다음 문장에서 밑줄 친 漢字語를 漢字(正字)로 쓰시오.,이번 미술 전람회에는 우수한 작품들이 많이 출품되었다.,우수,,優秀,優秀,
3급,94,2021-09-11,108,yui_W,다음 漢字와 비슷한 뜻을 가진 漢字(正字)를 (          ) 안에 써서 문장에 적합한 漢字語가 되게 하시오.,이번 법안에 대한 우리 당의 입장은 確(     )합니다.,確( ),,固,固,
3급,94,2021-09-11,109,yui_W,다음 漢字와 비슷한 뜻을 가진 漢字(正字)를 (          ) 안에 써서 문장에 적합한 漢字語가 되게 하시오.,선생님께서 念(      )해 주신 덕으로 잘 지내고 있습니다.,念( ),,慮,慮,
3급,94,2021-09-11,110,yui_W,다음 漢字와 비슷한 뜻을 가진 漢字(正字)를 (          ) 안에 써서 문장에 적합한 漢字語가 되게 하시오.,지하 倉(    )에는 물건이 가득 쌓여 있었다.,倉( ),,庫,庫,
3급,94,2021-09-11,111,yui_W,다음 漢字와 비슷한 뜻을 가진 漢字(正字)를 (          ) 안에 써서 문장에 적합한 漢字語가 되게 하시오.,로마의 멸망 원인 중 하나로 지도층의 사치와 墮(        )을 지적한다.,墮( ),,落,落,
3급,94,2021-09-11,112,yui_W,다음 漢字와 비슷한 뜻을 가진 漢字(正字)를 (          ) 안에 써서 문장에 적합한 漢字語가 되게 하시오.,이 부대는 오합지졸이라서 (    )率이 제대로 안 된다.,( )率,,統,統,
3급,94,2021-09-11,113,banui_W,다음 漢字와 뜻이 反對 또는 相對되는 漢字(正字)를 써서 漢字語를 완성하시오.,직원을 增(    )하는 문제는 김부장의 업무 중 하나입니다.,增( ),,減,減,
3급,94,2021-09-11,114,banui_W,다음 漢字와 뜻이 反對 또는 相對되는 漢字(正字)를 써서 漢字語를 완성하시오.,아버지는 지인들의 (        )弔사에 빠짐없이 참석하신다.,( )弔,,慶,慶,
3급,94,2021-09-11,115,banui_W,다음 漢字와 뜻이 反對 또는 相對되는 漢字(正字)를 써서 漢字語를 완성하시오.,부대 (    )兵들이 빗자루를 들고 부대 주변 청소를 시작했다.,( )兵,,將,將,
3급,94,2021-09-11,116,banui_W,다음 漢字와 뜻이 反對 또는 相對되는 漢字(正字)를 써서 漢字語를 완성하시오.,이 바지는 伸(       )성이 좋아 활동하기 편하다.,伸( ),,縮,縮,
3급,94,2021-09-11,117,banui_W,다음 漢字와 뜻이 反對 또는 相對되는 漢字(正字)를 써서 漢字語를 완성하시오.,새로운 내각이 들어서면서 장차관의 (     )免이 시작되었다.,( )免,,任,任,
3급,94,2021-09-11,118,banuieo_W,다음 漢字語의 反對語 또는 相對語를 2음절로 된 漢字(正字)로 쓰시오.,僅少 ↔ (    ),僅少 ↔ ( ),,過多,過多,
3급,94,2021-09-11,119,banuieo_W,다음 漢字語의 反對語 또는 相對語를 2음절로 된 漢字(正字)로 쓰시오.,慘敗 ↔ (    ),慘敗 ↔ ( ),,快勝,快勝,
3급,94,2021-09-11,120,banuieo_W,다음 漢字語의 反對語 또는 相對語를 2음절로 된 漢字(正字)로 쓰시오.,白晝 ↔ (    ),白晝 ↔ ( ),,深夜,深夜,
3급,94,2021-09-11,121,banuieo_W,다음 漢字語의 反對語 또는 相對語를 2음절로 된 漢字(正字)로 쓰시오.,左遷 ↔ (    ),左遷 ↔ ( ),,榮轉,榮轉,
3급,94,2021-09-11,122,banuieo_W,다음 漢字語의 反對語 또는 相對語를 2음절로 된 漢字(正字)로 쓰시오.,非難 ↔ (    ),非難 ↔ ( ),,稱讚,稱讚,
3급,94,2021-09-11,123,dongeumeo_W,"다음 漢字語의 同音異義語를 漢字(正字)로 쓰되, 제시된 뜻에 맞는 것으로 하시오.",(時刻) - 사물을 관찰하고 파악하는 기본적인 자세.,(時刻),,視角,視角,
3급,94,2021-09-11,124,dongeumeo_W,"다음 漢字語의 同音異義語를 漢字(正字)로 쓰되, 제시된 뜻에 맞는 것으로 하시오.",(警備) - 어떤 일을 하는 데 드는 비용.,(警備),,經費,經費,
3급,94,2021-09-11,125,dongeumeo_W,"다음 漢字語의 同音異義語를 漢字(正字)로 쓰되, 제시된 뜻에 맞는 것으로 하시오.",(點圓) - 상점에 고용되어 물건을 팔거나 그 밖의 일을 맡아 하는 사람.,(點圓),,店員,店員,
3급,94,2021-09-11,126,dongeumeo_W,"다음 漢字語의 同音異義語를 漢字(正字)로 쓰되, 제시된 뜻에 맞는 것으로 하시오.",(無期) - 전쟁이나 싸움에 사용되는 기구를 통틀어 이르는 말.,(無期),,武器,武器,
3급,94,2021-09-11,127,dongeumeo_W,"다음 漢字語의 同音異義語를 漢字(正字)로 쓰되, 제시된 뜻에 맞는 것으로 하시오.",(浮上) - 본상에 딸린 상금이나 상품.,(浮上),,副賞,副賞,
3급,94,2021-09-11,128,seongeo_W,다음 (       ) 안에 알맞은 漢字(正字)를 써서 四字成語를 완성하시오.,(    )鷄一鶴 : 많은 사람 가운데서 뛰어난 인물.,( )鷄一鶴,,群,群,
3급,94,2021-09-11,129,seongeo_W,다음 (       ) 안에 알맞은 漢字(正字)를 써서 四字成語를 완성하시오.,臨機( )變 : 그때그때 처한 사태에 맞추어 즉각 그 자리에서 결정하거나 처리함.,臨機( )變,,應,應,
3급,94,2021-09-11,130,seongeo_W,다음 (       ) 안에 알맞은 漢字(正字)를 써서 四字成語를 완성하시오.,滅(    )奉公 : 사욕을 버리고 공익을 위하여 힘씀.,滅( )奉公,,私,私,
3급,94,2021-09-11,131,seongeo_W,다음 (       ) 안에 알맞은 漢字(正字)를 써서 四字成語를 완성하시오.,同價( )裳 : 같은 값이면 좋은 물건을 가짐.,同價( )裳,,紅,紅,
3급,94,2021-09-11,132,seongeo_W,다음 (       ) 안에 알맞은 漢字(正字)를 써서 四字成語를 완성하시오.,抑(    )扶弱 : 강한 자를 억누르고 약한 자를 도와줌.,抑( )扶弱,,強,強,
3급,94,2021-09-11,133,seongeo_W,다음 (       ) 안에 알맞은 漢字(正字)를 써서 四字成語를 완성하시오.,東奔西(    ) : 사방으로 이리저리 몹시 바쁘게 돌아다님.,東奔西( ),,走,走,
3급,94,2021-09-11,134,seongeo_W,다음 (       ) 안에 알맞은 漢字(正字)를 써서 四字成語를 완성하시오.,(    )掌大笑 : 손뼉을 치며 크게 웃음.,( )掌大笑,,拍,拍,
3급,94,2021-09-11,135,seongeo_W,다음 (       ) 안에 알맞은 漢字(正字)를 써서 四字成語를 완성하시오.,衆寡不(    ) : 적은 수효로 많은 수효를 대적하지 못함.,衆寡不( ),,敵,敵,
3급,94,2021-09-11,136,seongeo_W,다음 (       ) 안에 알맞은 漢字(正字)를 써서 四字成語를 완성하시오.,泥(    )鬪狗 : 자기의 이익을 위하여 비열하게 다툼을 비유적으로 이르는 말.,泥( )鬪狗,,田,田,
3급,94,2021-09-11,137,seongeo_W,다음 (       ) 안에 알맞은 漢字(正字)를 써서 四字成語를 완성하시오.,拔本塞(    ) : 좋지 않은 일의 근본 원인이 되는 요소를 완전히 없애 버려서 다시는 그러한 일이 생길 수 없도록 함.,拔本塞( ),,源,源,
3급,94,2021-09-11,138,busu_W,다음 漢字의 部首를 쓰시오.,患,患,,心,心,
3급,94,2021-09-11,139,busu_W,다음 漢字의 部首를 쓰시오.,券,券,,刀,刀,
3급,94,2021-09-11,140,busu_W,다음 漢字의 部首를 쓰시오.,午,午,,十,十,
3급,94,2021-09-11,141,busu_W,다음 漢字의 部首를 쓰시오.,鼓,鼓,,鼓,鼓,
3급,94,2021-09-11,142,busu_W,다음 漢字의 部首를 쓰시오.,歷,歷,,止,止,
3급,94,2021-09-11,143,yakja_W,다음 漢字의 略字를 쓰시오.,擇,擇,,擇,擇,
3급,94,2021-09-11,144,yakja_W,다음 漢字의 略字를 쓰시오.,廳,廳,,廳,廳,
3급,94,2021-09-11,145,yakja_W,다음 漢字의 略字를 쓰시오.,暇,暇,,昄,昄,
3급,94,2021-09-11,146,mean_W,다음 漢字語의 뜻을 쓰시오.,忘却,忘却,,어떤 사실을 잊어버림,어떤 사실을 잊어버림,
3급,94,2021-09-11,147,mean_W,다음 漢字語의 뜻을 쓰시오.,飜覆,飜覆,,이리저리 뒤집힘/이리저리 뒤쳐 고침,이리저리 뒤집힘/이리저리 뒤쳐 고침,
3급,94,2021-09-11,148,mean_W,다음 漢字語의 뜻을 쓰시오.,麥飯,麥飯,,보리밥,보리밥,
3급,94,2021-09-11,149,mean_W,다음 漢字語의 뜻을 쓰시오.,蜂蜜,蜂蜜,,꿀,꿀,
3급,94,2021-09-11,150,mean_W,다음 漢字語의 뜻을 쓰시오.,胸圍,胸圍,,가슴둘레,가슴둘레,
3급,95,2021-11-20,1,dokeum_W,다음 문장에서 밑줄 친 漢字語의 讀音을 쓰시오.,그들은 증오와 排斥의 대상이 아니라 容恕와 憐憫의 대상이다.,排斥,,배척,배척,
3급,95,2021-11-20,2,dokeum_W,다음 문장에서 밑줄 친 漢字語의 讀音을 쓰시오.,그들은 증오와 排斥의 대상이 아니라 容恕와 憐憫의 대상이다.,容恕,,용서,용서,
3급,95,2021-11-20,3,dokeum_W,다음 문장에서 밑줄 친 漢字語의 讀音을 쓰시오.,그들은 증오와 排斥의 대상이 아니라 容恕와 憐憫의 대상이다.,憐憫,,연민,연민,
3급,95,2021-11-20,4,dokeum_W,다음 문장에서 밑줄 친 漢字語의 讀音을 쓰시오.,직장 일이나 가정 일로 심신의 疲勞가 累積되면 우선 불면 症勢가 나타난다.,疲勞,,피로,피로,
3급,95,2021-11-20,5,dokeum_W,다음 문장에서 밑줄 친 漢字語의 讀音을 쓰시오.,직장 일이나 가정 일로 심신의 疲勞가 累積되면 우선 불면 症勢가 나타난다.,累積,,누적,누적,
3급,95,2021-11-20,6,dokeum_W,다음 문장에서 밑줄 친 漢字語의 讀音을 쓰시오.,직장 일이나 가정 일로 심신의 疲勞가 累積되면 우선 불면 症勢가 나타난다.,症勢,,증세,증세,
3급,95,2021-11-20,7,dokeum_W,다음 문장에서 밑줄 친 漢字語의 讀音을 쓰시오.,일회용품은 설혹 분리수거하여 燒却하더라도 화학 물질이 섞인 가스를 배출해 지구의 대기를 汚染시킨다.,燒却,,소각,소각,
3급,95,2021-11-20,8,dokeum_W,다음 문장에서 밑줄 친 漢字語의 讀音을 쓰시오.,일회용품은 설혹 분리수거하여 燒却하더라도 화학 물질이 섞인 가스를 배출해 지구의 대기를 汚染시킨다.,汚染,,오염,오염,
3급,95,2021-11-20,9,dokeum_W,다음 문장에서 밑줄 친 漢字語의 讀音을 쓰시오.,이성계는 요동 征伐에 派遣되었으나 위화도에서 회군하여 반대파를 肅淸하고 권력을 잡았다.,征伐,,정벌,정벌,
3급,95,2021-11-20,10,dokeum_W,다음 문장에서 밑줄 친 漢字語의 讀音을 쓰시오.,이성계는 요동 征伐에 派遣되었으나 위화도에서 회군하여 반대파를 肅淸하고 권력을 잡았다.,派遣,,파견,파견,
3급,95,2021-11-20,11,dokeum_W,다음 문장에서 밑줄 친 漢字語의 讀音을 쓰시오.,이성계는 요동 征伐에 派遣되었으나 위화도에서 회군하여 반대파를 肅淸하고 권력을 잡았다.,肅淸,,숙청,숙청,
3급,95,2021-11-20,12,dokeum_W,다음 문장에서 밑줄 친 漢字語의 讀音을 쓰시오.,그렇지 않으면 그에게는 오직 煩惱와 고통과 墮落과 暗黑이 그를 절망의 심연으로 떨어지게 하지 않을까.,煩惱,,번뇌,번뇌,
3급,95,2021-11-20,13,dokeum_W,다음 문장에서 밑줄 친 漢字語의 讀音을 쓰시오.,그렇지 않으면 그에게는 오직 煩惱와 고통과 墮落과 暗黑이 그를 절망의 심연으로 떨어지게 하지 않을까.,墮落,,타락,타락,
3급,95,2021-11-20,14,dokeum_W,다음 문장에서 밑줄 친 漢字語의 讀音을 쓰시오.,그렇지 않으면 그에게는 오직 煩惱와 고통과 墮落과 暗黑이 그를 절망의 심연으로 떨어지게 하지 않을까.,暗黑,,암흑,암흑,
3급,95,2021-11-20,15,dokeum_W,다음 문장에서 밑줄 친 漢字語의 讀音을 쓰시오.,婚姻날이 臨迫하여 다른 동료가 扶助를 거두자 한다.,婚姻,,혼인,혼인,
3급,95,2021-11-20,16,dokeum_W,다음 문장에서 밑줄 친 漢字語의 讀音을 쓰시오.,婚姻날이 臨迫하여 다른 동료가 扶助를 거두자 한다.,臨迫,,임박,임박,
3급,95,2021-11-20,17,dokeum_W,다음 문장에서 밑줄 친 漢字語의 讀音을 쓰시오.,婚姻날이 臨迫하여 다른 동료가 扶助를 거두자 한다.,扶助,,부조,부조,
3급,95,2021-11-20,18,dokeum_W,다음 문장에서 밑줄 친 漢字語의 讀音을 쓰시오.,눈앞에는 傾斜가 緩慢한 丘陵地가 시야 끝까지 펼쳐졌다.,傾斜,,경사,경사,
3급,95,2021-11-20,19,dokeum_W,다음 문장에서 밑줄 친 漢字語의 讀音을 쓰시오.,눈앞에는 傾斜가 緩慢한 丘陵地가 시야 끝까지 펼쳐졌다.,緩慢,,완만,완만,
3급,95,2021-11-20,20,dokeum_W,다음 문장에서 밑줄 친 漢字語의 讀音을 쓰시오.,눈앞에는 傾斜가 緩慢한 丘陵地가 시야 끝까지 펼쳐졌다.,丘陵地,,구릉지,구릉지,
3급,95,2021-11-20,21,dokeum_W,다음 漢字語의 讀音을 쓰시오.,戀慕,戀慕,,연모,연모,
3급,95,2021-11-20,22,dokeum_W,다음 漢字語의 讀音을 쓰시오.,幕僚,幕僚,,막료,막료,
3급,95,2021-11-20,23,dokeum_W,다음 漢字語의 讀音을 쓰시오.,昏迷,昏迷,,혼미,혼미,
3급,95,2021-11-20,24,dokeum_W,다음 漢字語의 讀音을 쓰시오.,辨償,辨償,,변상,변상,
3급,95,2021-11-20,25,dokeum_W,다음 漢字語의 讀音을 쓰시오.,敦篤,敦篤,,돈독,돈독,
3급,95,2021-11-20,26,dokeum_W,다음 漢字語의 讀音을 쓰시오.,雲泥,雲泥,,운니,운니,
3급,95,2021-11-20,27,dokeum_W,다음 漢字語의 讀音을 쓰시오.,伴奏,伴奏,,반주,반주,
3급,95,2021-11-20,28,dokeum_W,다음 漢字語의 讀音을 쓰시오.,奴隷,奴隷,,노예,노예,
3급,95,2021-11-20,29,dokeum_W,다음 漢字語의 讀音을 쓰시오.,粟米,粟米,,속미,속미,
3급,95,2021-11-20,30,dokeum_W,다음 漢字語의 讀音을 쓰시오.,軌跡,軌跡,,궤적,궤적,
3급,95,2021-11-20,31,dokeum_W,다음 漢字語의 讀音을 쓰시오.,零點,零點,,영점,영점,
3급,95,2021-11-20,32,dokeum_W,다음 漢字語의 讀音을 쓰시오.,渡航,渡航,,도항,도항,
3급,95,2021-11-20,33,dokeum_W,다음 漢字語의 讀音을 쓰시오.,糾彈,糾彈,,규탄,규탄,
3급,95,2021-11-20,34,dokeum_W,다음 漢字語의 讀音을 쓰시오.,蜂蜜,蜂蜜,,봉밀,봉밀,
3급,95,2021-11-20,35,dokeum_W,다음 漢字語의 讀音을 쓰시오.,泣訴,泣訴,,읍소,읍소,
3급,95,2021-11-20,36,dokeum_W,다음 漢字語의 讀音을 쓰시오.,磨滅,磨滅,,마멸,마멸,
3급,95,2021-11-20,37,dokeum_W,다음 漢字語의 讀音을 쓰시오.,蝶泳,蝶泳,,접영,접영,
3급,95,2021-11-20,38,dokeum_W,다음 漢字語의 讀音을 쓰시오.,謹愼,謹愼,,근신,근신,
3급,95,2021-11-20,39,dokeum_W,다음 漢字語의 讀音을 쓰시오.,涉獵,涉獵,,섭렵,섭렵,
3급,95,2021-11-20,40,dokeum_W,다음 漢字語의 讀音을 쓰시오.,蒼茫,蒼茫,,창망,창망,
3급,95,2021-11-20,41,dokeum_W,다음 漢字語의 讀音을 쓰시오.,倣似,倣似,,방사,방사,
3급,95,2021-11-20,42,dokeum_W,다음 漢字語의 讀音을 쓰시오.,觸媒,觸媒,,촉매,촉매,
3급,95,2021-11-20,43,dokeum_W,다음 漢字語의 讀音을 쓰시오.,默契,默契,,묵계,묵계,
3급,95,2021-11-20,44,dokeum_W,다음 漢字語의 讀音을 쓰시오.,押韻,押韻,,압운,압운,
3급,95,2021-11-20,45,dokeum_W,다음 漢字語의 讀音을 쓰시오.,衝突,衝突,,충돌,충돌,
3급,95,2021-11-20,46,huneum_W,다음 漢字의 訓과 音을 쓰시오.,緯,緯,,씨 위,씨 위,
3급,95,2021-11-20,47,huneum_W,다음 漢字의 訓과 音을 쓰시오.,侯,侯,,제후 후,제후 후,
3급,95,2021-11-20,48,huneum_W,다음 漢字의 訓과 音을 쓰시오.,訂,訂,,바로잡을 정,바로잡을 정,
3급,95,2021-11-20,49,huneum_W,다음 漢字의 訓과 音을 쓰시오.,繫,繫,,맬 계,맬 계,
3급,95,2021-11-20,50,huneum_W,다음 漢字의 訓과 音을 쓰시오.,庶,庶,,여러 서,여러 서,
3급,95,2021-11-20,51,huneum_W,다음 漢字의 訓과 音을 쓰시오.,銳,銳,,날카로울 예,날카로울 예,
3급,95,2021-11-20,52,huneum_W,다음 漢字의 訓과 音을 쓰시오.,杯,杯,,잔 배,잔 배,
3급,95,2021-11-20,53,huneum_W,다음 漢字의 訓과 音을 쓰시오.,棄,棄,,버릴 기,버릴 기,
3급,95,2021-11-20,54,huneum_W,다음 漢字의 訓과 音을 쓰시오.,薦,薦,,천거할 천,천거할 천,
3급,95,2021-11-20,55,huneum_W,다음 漢字의 訓과 音을 쓰시오.,堤,堤,,둑 제,둑 제,
3급,95,2021-11-20,56,huneum_W,다음 漢字의 訓과 音을 쓰시오.,携,携,,이끌 휴,이끌 휴,
3급,95,2021-11-20,57,huneum_W,다음 漢字의 訓과 音을 쓰시오.,騷,騷,,떠들 소,떠들 소,
3급,95,2021-11-20,58,huneum_W,다음 漢字의 訓과 音을 쓰시오.,澤,澤,,못 택,못 택,
3급,95,2021-11-20,59,huneum_W,다음 漢字의 訓과 音을 쓰시오.,昭,昭,,밝을 소,밝을 소,
3급,95,2021-11-20,60,huneum_W,다음 漢字의 訓과 音을 쓰시오.,貪,貪,,탐낼 탐,탐낼 탐,
3급,95,2021-11-20,61,huneum_W,다음 漢字의 訓과 音을 쓰시오.,汝,汝,,너 여,너 여,
3급,95,2021-11-20,62,huneum_W,다음 漢字의 訓과 音을 쓰시오.,忍,忍,,참을 인,참을 인,
3급,95,2021-11-20,63,huneum_W,다음 漢字의 訓과 音을 쓰시오.,竝,竝,,나란히 병,나란히 병,
3급,95,2021-11-20,64,huneum_W,다음 漢字의 訓과 音을 쓰시오.,賓,賓,,손 빈,손 빈,
3급,95,2021-11-20,65,huneum_W,다음 漢字의 訓과 音을 쓰시오.,巷,巷,,거리 항,거리 항,
3급,95,2021-11-20,66,huneum_W,다음 漢字의 訓과 音을 쓰시오.,井,井,,우물 정,우물 정,
3급,95,2021-11-20,67,huneum_W,다음 漢字의 訓과 音을 쓰시오.,債,債,,빚 채,빚 채,
3급,95,2021-11-20,68,huneum_W,다음 漢字의 訓과 音을 쓰시오.,廟,廟,,사당 묘,사당 묘,
3급,95,2021-11-20,69,huneum_W,다음 漢字의 訓과 音을 쓰시오.,頗,頗,,자못 파,자못 파,
3급,95,2021-11-20,70,huneum_W,다음 漢字의 訓과 音을 쓰시오.,亦,亦,,또 역,또 역,
3급,95,2021-11-20,71,huneum_W,다음 漢字의 訓과 音을 쓰시오.,矢,矢,,화살 시,화살 시,
3급,95,2021-11-20,72,huneum_W,다음 漢字의 訓과 音을 쓰시오.,吟,吟,,읊을 음,읊을 음,
3급,95,2021-11-20,73,jangeum_S,다음 중 첫음절이 長音으로 발음되는 것을 고르시오.,,,"[""① 害黨"", ""② 該當""]",①,① 害黨,
3급,95,2021-11-20,74,jangeum_S,다음 중 첫음절이 長音으로 발음되는 것을 고르시오.,,,"[""① 舊域"", ""② 驅役""]",①,① 舊域,
3급,95,2021-11-20,75,jangeum_S,다음 중 첫음절이 長音으로 발음되는 것을 고르시오.,,,"[""① 徒衆"", ""② 途中""]",②,② 途中,
3급,95,2021-11-20,76,jangeum_S,다음 중 첫음절이 長音으로 발음되는 것을 고르시오.,,,"[""① 建造"", ""② 乾燥""]",①,① 建造,
3급,95,2021-11-20,77,jangeum_S,다음 중 첫음절이 長音으로 발음되는 것을 고르시오.,,,"[""① 浮上"", ""② 負傷""]",②,② 負傷,
3급,95,2021-11-20,78,hanjaeo_W,다음 문장에서 밑줄 친 漢字語를 漢字(正字)로 쓰시오.,그는 병가를 무기한으로 얻을 수 없기 때문에 아직 완치되지 않은 몸으로 출근했다.,병가,,病暇,病暇,
3급,95,2021-11-20,79,hanjaeo_W,다음 문장에서 밑줄 친 漢字語를 漢字(正字)로 쓰시오.,그는 병가를 무기한으로 얻을 수 없기 때문에 아직 완치되지 않은 몸으로 출근했다.,무기한,,無期限,無期限,
3급,95,2021-11-20,80,hanjaeo_W,다음 문장에서 밑줄 친 漢字語를 漢字(正字)로 쓰시오.,그는 병가를 무기한으로 얻을 수 없기 때문에 아직 완치되지 않은 몸으로 출근했다.,완치,,完治,完治,
3급,95,2021-11-20,81,hanjaeo_W,다음 문장에서 밑줄 친 漢字語를 漢字(正字)로 쓰시오.,그는 병가를 무기한으로 얻을 수 없기 때문에 아직 완치되지 않은 몸으로 출근했다.,출근,,出勤,出勤,
3급,95,2021-11-20,82,hanjaeo_W,다음 문장에서 밑줄 친 漢字語를 漢字(正字)로 쓰시오.,이 수필은 풍성한 한가위의 정취를 작가 특유의 간결한 문장으로 표현하고 있습니다.,풍성,,豊盛,豊盛,
3급,95,2021-11-20,83,hanjaeo_W,다음 문장에서 밑줄 친 漢字語를 漢字(正字)로 쓰시오.,이 수필은 풍성한 한가위의 정취를 작가 특유의 간결한 문장으로 표현하고 있습니다.,정취,,情趣,情趣,
3급,95,2021-11-20,84,hanjaeo_W,다음 문장에서 밑줄 친 漢字語를 漢字(正字)로 쓰시오.,이 수필은 풍성한 한가위의 정취를 작가 특유의 간결한 문장으로 표현하고 있습니다.,간결,,簡潔,簡潔,
3급,95,2021-11-20,85,hanjaeo_W,다음 문장에서 밑줄 친 漢字語를 漢字(正字)로 쓰시오.,이 수필은 풍성한 한가위의 정취를 작가 특유의 간결한 문장으로 표현하고 있습니다.,표현,,表現,表現,
3급,95,2021-11-20,86,hanjaeo_W,다음 문장에서 밑줄 친 漢字語를 漢字(正字)로 쓰시오.,이들은 화재경보 장치를 믿고 밀폐된 공간에서 위험한 작업을 계속했던 것이다.,경보,,警報,警報,
3급,95,2021-11-20,87,hanjaeo_W,다음 문장에서 밑줄 친 漢字語를 漢字(正字)로 쓰시오.,이들은 화재경보 장치를 믿고 밀폐된 공간에서 위험한 작업을 계속했던 것이다.,장치,,裝置,裝置,
3급,95,2021-11-20,88,hanjaeo_W,다음 문장에서 밑줄 친 漢字語를 漢字(正字)로 쓰시오.,이들은 화재경보 장치를 믿고 밀폐된 공간에서 위험한 작업을 계속했던 것이다.,밀폐,,密閉,密閉,
3급,95,2021-11-20,89,hanjaeo_W,다음 문장에서 밑줄 친 漢字語를 漢字(正字)로 쓰시오.,이들은 화재경보 장치를 믿고 밀폐된 공간에서 위험한 작업을 계속했던 것이다.,위험,,危險,危險,
3급,95,2021-11-20,90,hanjaeo_W,다음 문장에서 밑줄 친 漢字語를 漢字(正字)로 쓰시오.,이들은 화재경보 장치를 믿고 밀폐된 공간에서 위험한 작업을 계속했던 것이다.,계속,,繼續,繼續,
3급,95,2021-11-20,91,hanjaeo_W,다음 문장에서 밑줄 친 漢字語를 漢字(正字)로 쓰시오.,정부는 경제 활성화를 위해 국민들에게 저축을 권장하였다.,정부,,政府,政府,
3급,95,2021-11-20,92,hanjaeo_W,다음 문장에서 밑줄 친 漢字語를 漢字(正字)로 쓰시오.,정부는 경제 활성화를 위해 국민들에게 저축을 권장하였다.,경제,,經濟,經濟,
3급,95,2021-11-20,93,hanjaeo_W,다음 문장에서 밑줄 친 漢字語를 漢字(正字)로 쓰시오.,정부는 경제 활성화를 위해 국민들에게 저축을 권장하였다.,저축,,貯蓄,貯蓄,
3급,95,2021-11-20,94,hanjaeo_W,다음 문장에서 밑줄 친 漢字語를 漢字(正字)로 쓰시오.,정부는 경제 활성화를 위해 국민들에게 저축을 권장하였다.,권장,,勸獎,勸獎,
3급,95,2021-11-20,95,hanjaeo_W,다음 문장에서 밑줄 친 漢字語를 漢字(正字)로 쓰시오.,신 감독은 우리나라 영화 산업 발전에 기여한 공로로 문화 포장을 받게 되었다.,감독,,監督,監督,
3급,95,2021-11-20,96,hanjaeo_W,다음 문장에서 밑줄 친 漢字語를 漢字(正字)로 쓰시오.,신 감독은 우리나라 영화 산업 발전에 기여한 공로로 문화 포장을 받게 되었다.,영화,,映畫(畵),映畫(畵),
3급,95,2021-11-20,97,hanjaeo_W,다음 문장에서 밑줄 친 漢字語를 漢字(正字)로 쓰시오.,신 감독은 우리나라 영화 산업 발전에 기여한 공로로 문화 포장을 받게 되었다.,기여,,寄與,寄與,
3급,95,2021-11-20,98,hanjaeo_W,다음 문장에서 밑줄 친 漢字語를 漢字(正字)로 쓰시오.,로켓은 발사 후 여러 단계를 거치면서 이륙을 하는데 매우 광활한 바다가 필요하다.,발사,,發射,發射,
3급,95,2021-11-20,99,hanjaeo_W,다음 문장에서 밑줄 친 漢字語를 漢字(正字)로 쓰시오.,로켓은 발사 후 여러 단계를 거치면서 이륙을 하는데 매우 광활한 바다가 필요하다.,단계,,段階,段階,
3급,95,2021-11-20,100,hanjaeo_W,다음 문장에서 밑줄 친 漢字語를 漢字(正字)로 쓰시오.,로켓은 발사 후 여러 단계를 거치면서 이륙을 하는데 매우 광활한 바다가 필요하다.,이륙,,離陸,離陸,
3급,95,2021-11-20,101,hanjaeo_W,다음 문장에서 밑줄 친 漢字語를 漢字(正字)로 쓰시오.,로켓은 발사 후 여러 단계를 거치면서 이륙을 하는데 매우 광활한 바다가 필요하다.,필요,,必要,必要,
3급,95,2021-11-20,102,hanjaeo_W,다음 문장에서 밑줄 친 漢字語를 漢字(正字)로 쓰시오.,명절 때만 되면 실향한 사람들이 임진각에 모여 집단 성묘를 지내곤 한다.,실향,,失鄕,失鄕,
3급,95,2021-11-20,103,hanjaeo_W,다음 문장에서 밑줄 친 漢字語를 漢字(正字)로 쓰시오.,명절 때만 되면 실향한 사람들이 임진각에 모여 집단 성묘를 지내곤 한다.,집단,,集團,集團,
3급,95,2021-11-20,104,hanjaeo_W,다음 문장에서 밑줄 친 漢字語를 漢字(正字)로 쓰시오.,명절 때만 되면 실향한 사람들이 임진각에 모여 집단 성묘를 지내곤 한다.,성묘,,省墓,省墓,
3급,95,2021-11-20,105,hanjaeo_W,다음 문장에서 밑줄 친 漢字語를 漢字(正字)로 쓰시오.,"주문한 상품이 배달되었는데, 자세히 보니 상품에 파손이 있어 반송했다.",상품,,商品,商品,
3급,95,2021-11-20,106,hanjaeo_W,다음 문장에서 밑줄 친 漢字語를 漢字(正字)로 쓰시오.,"주문한 상품이 배달되었는데, 자세히 보니 상품에 파손이 있어 반송했다.",배달,,配達,配達,
3급,95,2021-11-20,107,hanjaeo_W,다음 문장에서 밑줄 친 漢字語를 漢字(正字)로 쓰시오.,"주문한 상품이 배달되었는데, 자세히 보니 상품에 파손이 있어 반송했다.",파손,,破損,破損,
3급,95,2021-11-20,108,yui_W,다음 漢字와 비슷한 뜻을 가진 漢字(正字)를 (             ) 안에 써서 문장에 적합한 漢字語가 되게 하시오.,그는 약자를 抑(        )하고 강자에게 굽실거린다.,抑( ),,壓,壓,
3급,95,2021-11-20,109,yui_W,다음 漢字와 비슷한 뜻을 가진 漢字(正字)를 (             ) 안에 써서 문장에 적합한 漢字語가 되게 하시오.,그녀는 군중 속에서 오히려 (   )獨을 느꼈다.,( )獨,,孤,孤,
3급,95,2021-11-20,110,yui_W,다음 漢字와 비슷한 뜻을 가진 漢字(正字)를 (             ) 안에 써서 문장에 적합한 漢字語가 되게 하시오.,추석 열차 승차권이 매진된 가운데 15일 서울역에서 귀성객들이 (      )餘 승차권을 구입하고 있다.,( )餘,,殘,殘,
3급,95,2021-11-20,111,yui_W,다음 漢字와 비슷한 뜻을 가진 漢字(正字)를 (             ) 안에 써서 문장에 적합한 漢字語가 되게 하시오.,공군기 석 대가 임무를 마치고 무사히 (     )還했다.,( )還,,歸,歸,
3급,95,2021-11-20,112,yui_W,다음 漢字와 비슷한 뜻을 가진 漢字(正字)를 (             ) 안에 써서 문장에 적합한 漢字語가 되게 하시오.,그는 이번 학기에 강사로 ( )聘되었다.,( )聘,,招,招,
3급,95,2021-11-20,113,banui_W,다음 漢字와 뜻이 反對 또는 相對되는 漢字(正字)를 써서 漢字語를 완성하시오.,금융 위기가 닥치자 우리 회사는 ( )廢의 위기에 처하게 되었다.,( )廢,,存,存,
3급,95,2021-11-20,114,banui_W,다음 漢字와 뜻이 反對 또는 相對되는 漢字(正字)를 써서 漢字語를 완성하시오.,우리 사회는 아직까지 (       )富의 차가 심하다.,( )富,,貧,貧,
3급,95,2021-11-20,115,banui_W,다음 漢字와 뜻이 反對 또는 相對되는 漢字(正字)를 써서 漢字語를 완성하시오.,국가 대표 선발전에서 두 선수가 (   )劣을 가리기 힘들 정도로 뛰어난 실력을 발휘했다.,( )劣,,優,優,
3급,95,2021-11-20,116,banui_W,다음 漢字와 뜻이 反對 또는 相對되는 漢字(正字)를 써서 漢字語를 완성하시오.,직원의 (    )免은 사장님께서 결정하실 일입니다.,( )免,,任,任,
3급,95,2021-11-20,117,banui_W,다음 漢字와 뜻이 反對 또는 相對되는 漢字(正字)를 써서 漢字語를 완성하시오.,정보의 홍수 시대에는 무엇보다 정보들을 (        )捨선택할 수 있는 능력이 중요하다.,( )捨,,取,取,
3급,95,2021-11-20,118,banuieo_W,다음 漢字語의 反對語 또는 相對語를 2음절로 된 漢字(正字)로 쓰시오.,悲哀 ↔ (    ),悲哀 ↔ ( ),,歡喜,歡喜,
3급,95,2021-11-20,119,banuieo_W,다음 漢字語의 反對語 또는 相對語를 2음절로 된 漢字(正字)로 쓰시오.,應答 ↔ (    ),應答 ↔ ( ),,質疑,質疑,
3급,95,2021-11-20,120,banuieo_W,다음 漢字語의 反對語 또는 相對語를 2음절로 된 漢字(正字)로 쓰시오.,擴大 ↔ (    ),擴大 ↔ ( ),,縮小,縮小,
3급,95,2021-11-20,121,banuieo_W,다음 漢字語의 反對語 또는 相對語를 2음절로 된 漢字(正字)로 쓰시오.,浪費 ↔ (    ),浪費 ↔ ( ),,儉約,儉約,
3급,95,2021-11-20,122,banuieo_W,다음 漢字語의 反對語 또는 相對語를 2음절로 된 漢字(正字)로 쓰시오.,紛爭 ↔ (    ),紛爭 ↔ ( ),,和解,和解,
3급,95,2021-11-20,123,dongeumeo_W,"다음 漢字語의 同音異義語를 漢字(正字)로 쓰되, 제시된 뜻에 맞는 것으로 하시오.",(消火) - 우스운 이야기를 함. 또는 그 이야기.,(消火),,笑話,笑話,
3급,95,2021-11-20,124,dongeumeo_W,"다음 漢字語의 同音異義語를 漢字(正字)로 쓰되, 제시된 뜻에 맞는 것으로 하시오.",(埋葬) - 물건을 파는 장소.,(埋葬),,賣場,賣場,
3급,95,2021-11-20,125,dongeumeo_W,"다음 漢字語의 同音異義語를 漢字(正字)로 쓰되, 제시된 뜻에 맞는 것으로 하시오.",(告狀) - 기구나 기계가 제대로 움직이지 못하게 되는 기능상의 장애.,(告狀),,故障,故障,
3급,95,2021-11-20,126,dongeumeo_W,"다음 漢字語의 同音異義語를 漢字(正字)로 쓰되, 제시된 뜻에 맞는 것으로 하시오.",(詩選) - 눈이 가는 길. 또는 눈의 방향.,(詩選),,視線,視線,
3급,95,2021-11-20,127,dongeumeo_W,"다음 漢字語의 同音異義語를 漢字(正字)로 쓰되, 제시된 뜻에 맞는 것으로 하시오.",(利錢) - 장소나 주소 따위를 다른 데로 옮김.,(利錢),,移轉,移轉,
3급,95,2021-11-20,128,seongeo_W,다음 (         ) 안에 알맞은 漢字(正字)를 써서 四字成語를 완성하시오.,手不釋(     ) : 손에서 책을 놓지 아니하고 늘 글을 읽음.,手不釋( ),,卷,卷,
3급,95,2021-11-20,129,seongeo_W,다음 (         ) 안에 알맞은 漢字(正字)를 써서 四字成語를 완성하시오.,(   )鳴狗盜 : 비굴하게 남을 속이는 하찮은 재주 또는 그런 재주를 가진 사람을 이르는 말.,( )鳴狗盜,,鷄,鷄,
3급,95,2021-11-20,130,seongeo_W,다음 (         ) 안에 알맞은 漢字(正字)를 써서 四字成語를 완성하시오.,悠悠自(     ) : 속세를 떠나 아무 속박 없이 조용하고 편안하게 삶.,悠悠自( ),,適,適,
3급,95,2021-11-20,131,seongeo_W,다음 (         ) 안에 알맞은 漢字(正字)를 써서 四字成語를 완성하시오.,罔極之(     ) : 끝없이 베풀어 주는 혜택이나 고마움.,罔極之( ),,恩,恩,
3급,95,2021-11-20,132,seongeo_W,다음 (         ) 안에 알맞은 漢字(正字)를 써서 四字成語를 완성하시오.,"朝令暮(    ) : 아침에 명령을 내렸다가 저녁에 다시 고친다는 뜻으로, 법령을 자꾸 고쳐서 갈피를 잡기가 어려움을 이르는 말.",朝令暮( ),,改,改,
3급,95,2021-11-20,133,seongeo_W,다음 (         ) 안에 알맞은 漢字(正字)를 써서 四字成語를 완성하시오.,(    )雄割據 : 여러 영웅이 각기 한 지방씩 차지하고 위세를 부림.,( )雄割據,,群,群,
3급,95,2021-11-20,134,seongeo_W,다음 (         ) 안에 알맞은 漢字(正字)를 써서 四字成語를 완성하시오.,漸入佳(    ) : 들어갈수록 점점 재미가 있음.,漸入佳( ),,境,境,
3급,95,2021-11-20,135,seongeo_W,다음 (         ) 안에 알맞은 漢字(正字)를 써서 四字成語를 완성하시오.,"我田( )水 : 자기 논에 물 대기라는 뜻으로, 자기에게만 이롭게 되도록 생각하거나 행동함을 이르는 말.",我田( )水,,引,引,
3급,95,2021-11-20,136,seongeo_W,다음 (         ) 안에 알맞은 漢字(正字)를 써서 四字成語를 완성하시오.,"擧(    )齊眉 : 밥상을 눈썹과 가지런하도록 공손히 들어 남편 앞에 가지고 간다는 뜻으로, 남편을 깍듯이 공경함을 이르는 말.",擧( )齊眉,,案,案,
3급,95,2021-11-20,137,seongeo_W,다음 (         ) 안에 알맞은 漢字(正字)를 써서 四字成語를 완성하시오.,(    )母良妻 : 어진 어머니이면서 착한 아내.,( )母良妻,,賢,賢,
3급,95,2021-11-20,138,busu_W,다음 漢字의 部首를 쓰시오.,飜,飜,,飛,飛,
3급,95,2021-11-20,139,busu_W,다음 漢字의 部首를 쓰시오.,幾,幾,,幺,幺,
3급,95,2021-11-20,140,busu_W,다음 漢字의 部首를 쓰시오.,丑,丑,,一,一,
3급,95,2021-11-20,141,busu_W,다음 漢字의 部首를 쓰시오.,豚,豚,,豕,豕,
3급,95,2021-11-20,142,busu_W,다음 漢字의 部首를 쓰시오.,鹿,鹿,,鹿,鹿,
3급,95,2021-11-20,143,yakja_W,다음 漢字의 略字를 쓰시오.,稱,稱,,称,称,
3급,95,2021-11-20,144,yakja_W,다음 漢字의 略字를 쓰시오.,證,證,,証,証,
3급,95,2021-11-20,145,yakja_W,다음 漢字의 略字를 쓰시오.,盡,盡,,尽,尽,
3급,95,2021-11-20,146,mean_W,다음 漢字語의 뜻을 쓰시오.,廉價,廉價,,매우 싼 값.,매우 싼 값.,
3급,95,2021-11-20,147,mean_W,다음 漢字語의 뜻을 쓰시오.,枯葉,枯葉,,마른 잎.,마른 잎.,
3급,95,2021-11-20,148,mean_W,다음 漢字語의 뜻을 쓰시오.,慙愧,慙愧,,매우 부끄러워함.,매우 부끄러워함.,
3급,95,2021-11-20,149,mean_W,다음 漢字語의 뜻을 쓰시오.,濫獲,濫獲,,짐승이나 물고기 따위를 마구 잡음.,짐승이나 물고기 따위를 마구 잡음.,
3급,95,2021-11-20,150,mean_W,다음 漢字語의 뜻을 쓰시오.,嫌惡,嫌惡,,싫어하고 미워함.,싫어하고 미워함.,
3급,96,2022-02-26,1,dokeum_W,다음 문장에서 밑줄 친 漢字語의 讀音을 쓰시오.,"어떤 국민이 所得이 적거나 실업, 疾病, 노쇠, 또는 災害 등으로 생활에 불안과 威脅을 받는 境遇 국가가 最小限의 인간다운 생활을 보장하는 制度를 사회보장제도라 한다.",所得,,소득,소득,
3급,96,2022-02-26,2,dokeum_W,다음 문장에서 밑줄 친 漢字語의 讀音을 쓰시오.,"어떤 국민이 所得이 적거나 실업, 疾病, 노쇠, 또는 災害 등으로 생활에 불안과 威脅을 받는 境遇 국가가 最小限의 인간다운 생활을 보장하는 制度를 사회보장제도라 한다.",疾病,,질병,질병,
3급,96,2022-02-26,3,dokeum_W,다음 문장에서 밑줄 친 漢字語의 讀音을 쓰시오.,"어떤 국민이 所得이 적거나 실업, 疾病, 노쇠, 또는 災害 등으로 생활에 불안과 威脅을 받는 境遇 국가가 最小限의 인간다운 생활을 보장하는 制度를 사회보장제도라 한다.",災害,,재해,재해,
3급,96,2022-02-26,4,dokeum_W,다음 문장에서 밑줄 친 漢字語의 讀音을 쓰시오.,"어떤 국민이 所得이 적거나 실업, 疾病, 노쇠, 또는 災害 등으로 생활에 불안과 威脅을 받는 境遇 국가가 最小限의 인간다운 생활을 보장하는 制度를 사회보장제도라 한다.",威脅,,위협,위협,
3급,96,2022-02-26,5,dokeum_W,다음 문장에서 밑줄 친 漢字語의 讀音을 쓰시오.,"어떤 국민이 所得이 적거나 실업, 疾病, 노쇠, 또는 災害 등으로 생활에 불안과 威脅을 받는 境遇 국가가 最小限의 인간다운 생활을 보장하는 制度를 사회보장제도라 한다.",境遇,,경우,경우,
3급,96,2022-02-26,6,dokeum_W,다음 문장에서 밑줄 친 漢字語의 讀音을 쓰시오.,"어떤 국민이 所得이 적거나 실업, 疾病, 노쇠, 또는 災害 등으로 생활에 불안과 威脅을 받는 境遇 국가가 最小限의 인간다운 생활을 보장하는 制度를 사회보장제도라 한다.",最小限,,최소한,최소한,
3급,96,2022-02-26,7,dokeum_W,다음 문장에서 밑줄 친 漢字語의 讀音을 쓰시오.,"어떤 국민이 所得이 적거나 실업, 疾病, 노쇠, 또는 災害 등으로 생활에 불안과 威脅을 받는 境遇 국가가 最小限의 인간다운 생활을 보장하는 制度를 사회보장제도라 한다.",制度,,제도,제도,
3급,96,2022-02-26,8,dokeum_W,다음 문장에서 밑줄 친 漢字語의 讀音을 쓰시오.,사회보장에서 가장 基礎가 되는 것은 소득 保障이다.,基礎,,기초,기초,
3급,96,2022-02-26,9,dokeum_W,다음 문장에서 밑줄 친 漢字語의 讀音을 쓰시오.,사회보장에서 가장 基礎가 되는 것은 소득 保障이다.,保障,,보장,보장,
3급,96,2022-02-26,10,dokeum_W,다음 문장에서 밑줄 친 漢字語의 讀音을 쓰시오.,"이를 위하여 국가는 고용정책, 실업보험, 최저임금제도 등의 정책을 實施한다.",實施,,실시,실시,
3급,96,2022-02-26,11,dokeum_W,다음 문장에서 밑줄 친 漢字語의 讀音을 쓰시오.,전국 대회에서 優勝한 그 팀은 祝杯를 들며 기쁨을 나누었다.,優勝,,우승,우승,
3급,96,2022-02-26,12,dokeum_W,다음 문장에서 밑줄 친 漢字語의 讀音을 쓰시오.,전국 대회에서 優勝한 그 팀은 祝杯를 들며 기쁨을 나누었다.,祝杯,,축배,축배,
3급,96,2022-02-26,13,dokeum_W,다음 문장에서 밑줄 친 漢字語의 讀音을 쓰시오.,흔히 라인강의 기적이라 불리기도 하는 戰後 獨逸의 경제 復興은 국민들의 自願 봉사가 밑거름이 됐다.,戰後,,전후,전후,
3급,96,2022-02-26,14,dokeum_W,다음 문장에서 밑줄 친 漢字語의 讀音을 쓰시오.,흔히 라인강의 기적이라 불리기도 하는 戰後 獨逸의 경제 復興은 국민들의 自願 봉사가 밑거름이 됐다.,獨逸,,독일,독일,
3급,96,2022-02-26,15,dokeum_W,다음 문장에서 밑줄 친 漢字語의 讀音을 쓰시오.,흔히 라인강의 기적이라 불리기도 하는 戰後 獨逸의 경제 復興은 국민들의 自願 봉사가 밑거름이 됐다.,復興,,부흥,부흥,
3급,96,2022-02-26,16,dokeum_W,다음 문장에서 밑줄 친 漢字語의 讀音을 쓰시오.,흔히 라인강의 기적이라 불리기도 하는 戰後 獨逸의 경제 復興은 국민들의 自願 봉사가 밑거름이 됐다.,自願,,자원,자원,
3급,96,2022-02-26,17,dokeum_W,다음 문장에서 밑줄 친 漢字語의 讀音을 쓰시오.,통계 資料에 따르면 코로나19로 인하여 가장 打擊을 입은 業種 중 하나는 宿泊 업계라고 한다.,資料,,자료,자료,
3급,96,2022-02-26,18,dokeum_W,다음 문장에서 밑줄 친 漢字語의 讀音을 쓰시오.,통계 資料에 따르면 코로나19로 인하여 가장 打擊을 입은 業種 중 하나는 宿泊 업계라고 한다.,打擊,,타격,타격,
3급,96,2022-02-26,19,dokeum_W,다음 문장에서 밑줄 친 漢字語의 讀音을 쓰시오.,통계 資料에 따르면 코로나19로 인하여 가장 打擊을 입은 業種 중 하나는 宿泊 업계라고 한다.,業種,,업종,업종,
3급,96,2022-02-26,20,dokeum_W,다음 문장에서 밑줄 친 漢字語의 讀音을 쓰시오.,통계 資料에 따르면 코로나19로 인하여 가장 打擊을 입은 業種 중 하나는 宿泊 업계라고 한다.,宿泊,,숙박,숙박,
3급,96,2022-02-26,21,dokeum_W,다음 漢字語의 讀音을 쓰시오.,冥福,冥福,,명복,명복,
3급,96,2022-02-26,22,dokeum_W,다음 漢字語의 讀音을 쓰시오.,娛樂,娛樂,,오락,오락,
3급,96,2022-02-26,23,dokeum_W,다음 漢字語의 讀音을 쓰시오.,解析,解析,,해석,해석,
3급,96,2022-02-26,24,dokeum_W,다음 漢字語의 讀音을 쓰시오.,攝取,攝取,,섭취,섭취,
3급,96,2022-02-26,25,dokeum_W,다음 漢字語의 讀音을 쓰시오.,吟遊,吟遊,,음유,음유,
3급,96,2022-02-26,26,dokeum_W,다음 漢字語의 讀音을 쓰시오.,泣訴,泣訴,,읍소,읍소,
3급,96,2022-02-26,27,dokeum_W,다음 漢字語의 讀音을 쓰시오.,參酌,參酌,,참작,참작,
3급,96,2022-02-26,28,dokeum_W,다음 漢字語의 讀音을 쓰시오.,北緯,北緯,,북위,북위,
3급,96,2022-02-26,29,dokeum_W,다음 漢字語의 讀音을 쓰시오.,宰臣,宰臣,,재신,재신,
3급,96,2022-02-26,30,dokeum_W,다음 漢字語의 讀音을 쓰시오.,拙劣,拙劣,,졸렬,졸렬,
3급,96,2022-02-26,31,dokeum_W,다음 漢字語의 讀音을 쓰시오.,刺傷,刺傷,,자상,자상,
3급,96,2022-02-26,32,dokeum_W,다음 漢字語의 讀音을 쓰시오.,爵位,爵位,,작위,작위,
3급,96,2022-02-26,33,dokeum_W,다음 漢字語의 讀音을 쓰시오.,蝶泳,蝶泳,,접영,접영,
3급,96,2022-02-26,34,dokeum_W,다음 漢字語의 讀音을 쓰시오.,酉時,酉時,,유시,유시,
3급,96,2022-02-26,35,dokeum_W,다음 漢字語의 讀音을 쓰시오.,奔忙,奔忙,,분망,분망,
3급,96,2022-02-26,36,dokeum_W,다음 漢字語의 讀音을 쓰시오.,傍系,傍系,,방계,방계,
3급,96,2022-02-26,37,dokeum_W,다음 漢字語의 讀音을 쓰시오.,軌道,軌道,,궤도,궤도,
3급,96,2022-02-26,38,dokeum_W,다음 漢字語의 讀音을 쓰시오.,棄却,棄却,,기각,기각,
3급,96,2022-02-26,39,dokeum_W,다음 漢字語의 讀音을 쓰시오.,隨行,隨行,,수행,수행,
3급,96,2022-02-26,40,dokeum_W,다음 漢字語의 讀音을 쓰시오.,盟誓,盟誓,,맹서,맹서,
3급,96,2022-02-26,41,dokeum_W,다음 漢字語의 讀音을 쓰시오.,逝去,逝去,,서거,서거,
3급,96,2022-02-26,42,dokeum_W,다음 漢字語의 讀音을 쓰시오.,派遣,派遣,,파견,파견,
3급,96,2022-02-26,43,dokeum_W,다음 漢字語의 讀音을 쓰시오.,牽牛,牽牛,,견우,견우,
3급,96,2022-02-26,44,dokeum_W,다음 漢字語의 讀音을 쓰시오.,洗濯,洗濯,,세탁,세탁,
3급,96,2022-02-26,45,dokeum_W,다음 漢字語의 讀音을 쓰시오.,體臭,體臭,,체취,체취,
3급,96,2022-02-26,46,huneum_W,다음 漢字의 訓과 音을 쓰시오.,邦,邦,,나라 방,나라 방,
3급,96,2022-02-26,47,huneum_W,다음 漢字의 訓과 音을 쓰시오.,某,某,,아무 모,아무 모,
3급,96,2022-02-26,48,huneum_W,다음 漢字의 訓과 音을 쓰시오.,梨,梨,,배 리,배 리,
3급,96,2022-02-26,49,huneum_W,다음 漢字의 訓과 音을 쓰시오.,斯,斯,,이 사,이 사,
3급,96,2022-02-26,50,huneum_W,다음 漢字의 訓과 音을 쓰시오.,了,了,,마칠 료,마칠 료,
3급,96,2022-02-26,51,huneum_W,다음 漢字의 訓과 音을 쓰시오.,飽,飽,,배부를 포,배부를 포,
3급,96,2022-02-26,52,huneum_W,다음 漢字의 訓과 音을 쓰시오.,捉,捉,,잡을 착,잡을 착,
3급,96,2022-02-26,53,huneum_W,다음 漢字의 訓과 音을 쓰시오.,妥,妥,,온당할 타,온당할 타,
3급,96,2022-02-26,54,huneum_W,다음 漢字의 訓과 音을 쓰시오.,旱,旱,,가물 한,가물 한,
3급,96,2022-02-26,55,huneum_W,다음 漢字의 訓과 音을 쓰시오.,匹,匹,,짝 필,짝 필,
3급,96,2022-02-26,56,huneum_W,다음 漢字의 訓과 音을 쓰시오.,朋,朋,,벗 붕,벗 붕,
3급,96,2022-02-26,57,huneum_W,다음 漢字의 訓과 音을 쓰시오.,煩,煩,,번거로울 번,번거로울 번,
3급,96,2022-02-26,58,huneum_W,다음 漢字의 訓과 音을 쓰시오.,茫,茫,,아득할 망,아득할 망,
3급,96,2022-02-26,59,huneum_W,다음 漢字의 訓과 音을 쓰시오.,淚,淚,,눈물 루,눈물 루,
3급,96,2022-02-26,60,huneum_W,다음 漢字의 訓과 音을 쓰시오.,循,循,,돌 순,돌 순,
3급,96,2022-02-26,61,huneum_W,다음 漢字의 訓과 音을 쓰시오.,餓,餓,,주릴 아,주릴 아,
3급,96,2022-02-26,62,huneum_W,다음 漢字의 訓과 音을 쓰시오.,涯,涯,,물가 애,물가 애,
3급,96,2022-02-26,63,huneum_W,다음 漢字의 訓과 音을 쓰시오.,誦,誦,,욀 송,욀 송,
3급,96,2022-02-26,64,huneum_W,다음 漢字의 訓과 音을 쓰시오.,竊,竊,,훔칠 절,훔칠 절,
3급,96,2022-02-26,65,huneum_W,다음 漢字의 訓과 音을 쓰시오.,惟,惟,,생각할 유,생각할 유,
3급,96,2022-02-26,66,huneum_W,다음 漢字의 訓과 音을 쓰시오.,夷,夷,,오랑캐 이,오랑캐 이,
3급,96,2022-02-26,67,huneum_W,다음 漢字의 訓과 音을 쓰시오.,苗,苗,,모 묘,모 묘,
3급,96,2022-02-26,68,huneum_W,다음 漢字의 訓과 音을 쓰시오.,鹿,鹿,,사슴 록,사슴 록,
3급,96,2022-02-26,69,huneum_W,다음 漢字의 訓과 音을 쓰시오.,坤,坤,,따 곤,따 곤,
3급,96,2022-02-26,70,huneum_W,다음 漢字의 訓과 音을 쓰시오.,掛,掛,,걸 괘,걸 괘,
3급,96,2022-02-26,71,huneum_W,다음 漢字의 訓과 音을 쓰시오.,惱,惱,,번뇌할 뇌,번뇌할 뇌,
3급,96,2022-02-26,72,huneum_W,다음 漢字의 訓과 音을 쓰시오.,豚,豚,,돼지 돈,돼지 돈,
3급,96,2022-02-26,73,jangeum_S,다음 중 첫음절이 長音으로 발음되는 것을 고르시오.,,,"[""① 單數"", ""② 斷水""]",②,② 斷水,
3급,96,2022-02-26,74,jangeum_S,다음 중 첫음절이 長音으로 발음되는 것을 고르시오.,,,"[""① 史記"", ""② 詐欺""]",①,① 史記,
3급,96,2022-02-26,75,jangeum_S,다음 중 첫음절이 長音으로 발음되는 것을 고르시오.,,,"[""① 署理"", ""② 書吏""]",①,① 署理,
3급,96,2022-02-26,76,jangeum_S,다음 중 첫음절이 長音으로 발음되는 것을 고르시오.,,,"[""① 聲母"", ""② 聖母""]",②,② 聖母,
3급,96,2022-02-26,77,jangeum_S,다음 중 첫음절이 長音으로 발음되는 것을 고르시오.,,,"[""① 弔辭"", ""② 調査""]",①,① 弔辭,
3급,96,2022-02-26,78,hanjaeo_W,다음 문장에서 밑줄 친 漢字語를 漢字(正字)로 쓰시오.,"지구 온난화로 한반도에서 난대림 지대가 확대되고, 남부지방을 중심으로 아열대림 지대가 형성될 것이라고 기후 전문가들은 전망한다.",온난화,,溫暖化,溫暖化,
3급,96,2022-02-26,79,hanjaeo_W,다음 문장에서 밑줄 친 漢字語를 漢字(正字)로 쓰시오.,"지구 온난화로 한반도에서 난대림 지대가 확대되고, 남부지방을 중심으로 아열대림 지대가 형성될 것이라고 기후 전문가들은 전망한다.",지대,,地帶,地帶,
3급,96,2022-02-26,80,hanjaeo_W,다음 문장에서 밑줄 친 漢字語를 漢字(正字)로 쓰시오.,"지구 온난화로 한반도에서 난대림 지대가 확대되고, 남부지방을 중심으로 아열대림 지대가 형성될 것이라고 기후 전문가들은 전망한다.",기후,,氣候,氣候,
3급,96,2022-02-26,81,hanjaeo_W,다음 문장에서 밑줄 친 漢字語를 漢字(正字)로 쓰시오.,"지구 온난화로 한반도에서 난대림 지대가 확대되고, 남부지방을 중심으로 아열대림 지대가 형성될 것이라고 기후 전문가들은 전망한다.",전문가,,專門家,專門家,
3급,96,2022-02-26,82,hanjaeo_W,다음 문장에서 밑줄 친 漢字語를 漢字(正字)로 쓰시오.,"지구 온난화로 한반도에서 난대림 지대가 확대되고, 남부지방을 중심으로 아열대림 지대가 형성될 것이라고 기후 전문가들은 전망한다.",전망,,展望,展望,
3급,96,2022-02-26,83,hanjaeo_W,다음 문장에서 밑줄 친 漢字語를 漢字(正字)로 쓰시오.,선거할 때 투표 절차는 다음과 같다.,선거,,選擧,選擧,
3급,96,2022-02-26,84,hanjaeo_W,다음 문장에서 밑줄 친 漢字語를 漢字(正字)로 쓰시오.,"선거할 때 투표 절차는 다음과 같다. 지정된 투표소로 가서 신분증을 제시하여 본인임을 확인하고, 투표 용지를 받아 기표소에서 기표한 후, 투표함에 투표지를 넣고 퇴장한다.",절차,,節次,節次,
3급,96,2022-02-26,85,hanjaeo_W,다음 문장에서 밑줄 친 漢字語를 漢字(正字)로 쓰시오.,"지정된 투표소로 가서 신분증을 제시하여 본인임을 확인하고, 투표 용지를 받아 기표소에서 기표한 후, 투표함에 투표지를 넣고 퇴장한다.",제시,,提示,提示,
3급,96,2022-02-26,86,hanjaeo_W,다음 문장에서 밑줄 친 漢字語를 漢字(正字)로 쓰시오.,"지정된 투표소로 가서 신분증을 제시하여 본인임을 확인하고, 투표 용지를 받아 기표소에서 기표한 후, 투표함에 투표지를 넣고 퇴장한다.",확인,,確認,確認,
3급,96,2022-02-26,87,hanjaeo_W,다음 문장에서 밑줄 친 漢字語를 漢字(正字)로 쓰시오.,"지정된 투표소로 가서 신분증을 제시하여 본인임을 확인하고, 투표 용지를 받아 기표소에서 기표한 후, 투표함에 투표지를 넣고 퇴장한다.",투표,,投票,投票,
3급,96,2022-02-26,88,hanjaeo_W,다음 문장에서 밑줄 친 漢字語를 漢字(正字)로 쓰시오.,"지정된 투표소로 가서 신분증을 제시하여 본인임을 확인하고, 투표 용지를 받아 기표소에서 기표한 후, 투표함에 투표지를 넣고 퇴장한다.",퇴장,,退場,退場,
3급,96,2022-02-26,89,hanjaeo_W,다음 문장에서 밑줄 친 漢字語를 漢字(正字)로 쓰시오.,어떤 상황이 닥치더라도 한 번 정한 원칙은 지켜야 한다.,상황,,狀況,狀況,
3급,96,2022-02-26,90,hanjaeo_W,다음 문장에서 밑줄 친 漢字語를 漢字(正字)로 쓰시오.,어떤 상황이 닥치더라도 한 번 정한 원칙은 지켜야 한다.,원칙,,原則,原則,
3급,96,2022-02-26,91,hanjaeo_W,다음 문장에서 밑줄 친 漢字語를 漢字(正字)로 쓰시오.,어제 산 잡지를 출근길에 전철 안에서 읽었다.,잡지,,雜誌,雜誌,
3급,96,2022-02-26,92,hanjaeo_W,다음 문장에서 밑줄 친 漢字語를 漢字(正字)로 쓰시오.,어제 산 잡지를 출근길에 전철 안에서 읽었다.,출근,,出勤,出勤,
3급,96,2022-02-26,93,hanjaeo_W,다음 문장에서 밑줄 친 漢字語를 漢字(正字)로 쓰시오.,어제 산 잡지를 출근길에 전철 안에서 읽었다.,전철,,電鐵,電鐵,
3급,96,2022-02-26,94,hanjaeo_W,다음 문장에서 밑줄 친 漢字語를 漢字(正字)로 쓰시오.,김 교수와 정 박사는 아주 절친한 친구이지만 언제나 서로를 존중하고 예의를 지킨다.,교수,,敎授,敎授,
3급,96,2022-02-26,95,hanjaeo_W,다음 문장에서 밑줄 친 漢字語를 漢字(正字)로 쓰시오.,김 교수와 정 박사는 아주 절친한 친구이지만 언제나 서로를 존중하고 예의를 지킨다.,박사,,博士,博士,
3급,96,2022-02-26,96,hanjaeo_W,다음 문장에서 밑줄 친 漢字語를 漢字(正字)로 쓰시오.,김 교수와 정 박사는 아주 절친한 친구이지만 언제나 서로를 존중하고 예의를 지킨다.,절친,,切親,切親,
3급,96,2022-02-26,97,hanjaeo_W,다음 문장에서 밑줄 친 漢字語를 漢字(正字)로 쓰시오.,김 교수와 정 박사는 아주 절친한 친구이지만 언제나 서로를 존중하고 예의를 지킨다.,존중,,尊重,尊重,
3급,96,2022-02-26,98,hanjaeo_W,다음 문장에서 밑줄 친 漢字語를 漢字(正字)로 쓰시오.,김 교수와 정 박사는 아주 절친한 친구이지만 언제나 서로를 존중하고 예의를 지킨다.,예의,,禮儀,禮儀,
3급,96,2022-02-26,99,hanjaeo_W,다음 문장에서 밑줄 친 漢字語를 漢字(正字)로 쓰시오.,선량한 행인에게서 금품을 빼앗던 강도를 잡은 용감한 시민에게 경찰이 감사패와 상금을 수여하였다.,선량,,善良,善良,
3급,96,2022-02-26,100,hanjaeo_W,다음 문장에서 밑줄 친 漢字語를 漢字(正字)로 쓰시오.,선량한 행인에게서 금품을 빼앗던 강도를 잡은 용감한 시민에게 경찰이 감사패와 상금을 수여하였다.,강도,,強盜,強盜,
3급,96,2022-02-26,101,hanjaeo_W,다음 문장에서 밑줄 친 漢字語를 漢字(正字)로 쓰시오.,선량한 행인에게서 금품을 빼앗던 강도를 잡은 용감한 시민에게 경찰이 감사패와 상금을 수여하였다.,용감,,勇敢,勇敢,
3급,96,2022-02-26,102,hanjaeo_W,다음 문장에서 밑줄 친 漢字語를 漢字(正字)로 쓰시오.,선량한 행인에게서 금품을 빼앗던 강도를 잡은 용감한 시민에게 경찰이 감사패와 상금을 수여하였다.,경찰,,警察,警察,
3급,96,2022-02-26,103,hanjaeo_W,다음 문장에서 밑줄 친 漢字語를 漢字(正字)로 쓰시오.,선량한 행인에게서 금품을 빼앗던 강도를 잡은 용감한 시민에게 경찰이 감사패와 상금을 수여하였다.,상금,,賞金,賞金,
3급,96,2022-02-26,104,hanjaeo_W,다음 문장에서 밑줄 친 漢字語를 漢字(正字)로 쓰시오.,나이가 들어 허약해진 두 자매는 서로 의지하고 위로하며 오순도순 살았다.,허약,,虛弱,虛弱,
3급,96,2022-02-26,105,hanjaeo_W,다음 문장에서 밑줄 친 漢字語를 漢字(正字)로 쓰시오.,나이가 들어 허약해진 두 자매는 서로 의지하고 위로하며 오순도순 살았다.,자매,,姉妹,姉妹,
3급,96,2022-02-26,106,hanjaeo_W,다음 문장에서 밑줄 친 漢字語를 漢字(正字)로 쓰시오.,나이가 들어 허약해진 두 자매는 서로 의지하고 위로하며 오순도순 살았다.,의지,,依支,依支,
3급,96,2022-02-26,107,hanjaeo_W,다음 문장에서 밑줄 친 漢字語를 漢字(正字)로 쓰시오.,나이가 들어 허약해진 두 자매는 서로 의지하고 위로하며 오순도순 살았다.,위로,,慰勞,慰勞,
3급,96,2022-02-26,108,yui_W,다음 漢字와 비슷한 뜻을 가진 漢字(正字)를 (        ) 안에 써서 문장에 적합한 漢字語가 되게 하시오.,그는 해외 파견 1년 만에 고국으로 (    )還했다.,( )還,,歸,歸,
3급,96,2022-02-26,109,yui_W,다음 漢字와 비슷한 뜻을 가진 漢字(正字)를 (        ) 안에 써서 문장에 적합한 漢字語가 되게 하시오.,늘 淨( )을 유지하시오.,淨( ),,潔,潔,
3급,96,2022-02-26,110,yui_W,다음 漢字와 비슷한 뜻을 가진 漢字(正字)를 (        ) 안에 써서 문장에 적합한 漢字語가 되게 하시오.,범인이 밤중에 (    )避하였다.,( )避,,逃,逃,
3급,96,2022-02-26,111,yui_W,다음 漢字와 비슷한 뜻을 가진 漢字(正字)를 (        ) 안에 써서 문장에 적합한 漢字語가 되게 하시오.,이 달에 발표된 시에 대하여 批( )을 했다.,批( ),,評,評,
3급,96,2022-02-26,112,yui_W,다음 漢字와 비슷한 뜻을 가진 漢字(正字)를 (        ) 안에 써서 문장에 적합한 漢字語가 되게 하시오.,아직 공개되지 않은 자료를 閱( )하였다.,閱( ),,覽,覽,
3급,96,2022-02-26,113,banui_W,다음 漢字와 뜻이 反對 또는 相對되는 漢字(正字)를 써서 漢字語를 완성하시오.,각 과목의 難(    )의 정도를 맞추기로 했다.,難( ),,易,易,
3급,96,2022-02-26,114,banui_W,다음 漢字와 뜻이 反對 또는 相對되는 漢字(正字)를 써서 漢字語를 완성하시오.,정부의 이번 발표에 사람들의 (   )悲가 엇갈렸다.,( )悲,,喜,喜,
3급,96,2022-02-26,115,banui_W,다음 漢字와 뜻이 反對 또는 相對되는 漢字(正字)를 써서 漢字語를 완성하시오.,明(   )이 교차하는 기업의 세계.,明( ),,暗,暗,
3급,96,2022-02-26,116,banui_W,다음 漢字와 뜻이 反對 또는 相對되는 漢字(正字)를 써서 漢字語를 완성하시오.,금액 산정의 當(        )를 임원회의에서 가리기로 했다.,當( ),,否,否,
3급,96,2022-02-26,117,banui_W,다음 漢字와 뜻이 反對 또는 相對되는 漢字(正字)를 써서 漢字語를 완성하시오.,그 기구는 (    )廢의 위기에 처했다.,( )廢,,存,存,
3급,96,2022-02-26,118,banuieo_W,다음 漢字語의 反對語 또는 相對語를 2음절로 된 漢字(正字)로 쓰시오.,質疑 ↔ (      ),質疑 ↔ ( ),,應答,應答,
3급,96,2022-02-26,119,banuieo_W,다음 漢字語의 反對語 또는 相對語를 2음절로 된 漢字(正字)로 쓰시오.,處女 ↔ (      ),處女 ↔ ( ),,總角,總角,
3급,96,2022-02-26,120,banuieo_W,다음 漢字語의 反對語 또는 相對語를 2음절로 된 漢字(正字)로 쓰시오.,破壞 ↔ (      ),破壞 ↔ ( ),,建設,建設,
3급,96,2022-02-26,121,banuieo_W,다음 漢字語의 反對語 또는 相對語를 2음절로 된 漢字(正字)로 쓰시오.,遠隔 ↔ (      ),遠隔 ↔ ( ),,近接,近接,
3급,96,2022-02-26,122,banuieo_W,다음 漢字語의 反對語 또는 相對語를 2음절로 된 漢字(正字)로 쓰시오.,緩慢 ↔ (      ),緩慢 ↔ ( ),,急激,急激,
3급,96,2022-02-26,123,dongeumeo_W,"다음 漢字語의 同音異義語를 漢字(正字)로 쓰되, 제시된 뜻에 맞는 것으로 하시오.",(街談) - 같은 편이 되어 함께 일함.,(街談),,加擔,加擔,
3급,96,2022-02-26,124,dongeumeo_W,"다음 漢字語의 同音異義語를 漢字(正字)로 쓰되, 제시된 뜻에 맞는 것으로 하시오.",(喪主) - 늘 일정하게 살고 있음.,(喪主),,常住,常住,
3급,96,2022-02-26,125,dongeumeo_W,"다음 漢字語의 同音異義語를 漢字(正字)로 쓰되, 제시된 뜻에 맞는 것으로 하시오.",(白眉) - 온갖 맛있는 음식물.,(白眉),,百味,百味,
3급,96,2022-02-26,126,dongeumeo_W,"다음 漢字語의 同音異義語를 漢字(正字)로 쓰되, 제시된 뜻에 맞는 것으로 하시오.",(對敵) - 큰 도둑.,(對敵),,大賊,大賊,
3급,96,2022-02-26,127,dongeumeo_W,"다음 漢字語의 同音異義語를 漢字(正字)로 쓰되, 제시된 뜻에 맞는 것으로 하시오.",(招魂) - 처음으로 하는 혼인.,(招魂),,初婚,初婚,
3급,96,2022-02-26,128,seongeo_W,다음 (         ) 안에 알맞은 漢字(正字)를 써서 四字成語를 완성하시오.,危(    )一髮 : 눈앞에 닥친 위기의 순간.,危( )一髮,,機,機,
3급,96,2022-02-26,129,seongeo_W,다음 (         ) 안에 알맞은 漢字(正字)를 써서 四字成語를 완성하시오.,(    )想天外 : 보통은 생각할 수 없는 기발한 생각이나 그런 모양.,( )想天外,,奇,奇,
3급,96,2022-02-26,130,seongeo_W,다음 (         ) 안에 알맞은 漢字(正字)를 써서 四字成語를 완성하시오.,感慨無(     ) : 감개가 한이 없음.,感慨無( ),,量,量,
3급,96,2022-02-26,131,seongeo_W,다음 (         ) 안에 알맞은 漢字(正字)를 써서 四字成語를 완성하시오.,(    )忠報國 : 충성을 다하여 나라의 은혜를 갚음.,( )忠報國,,盡,盡,
3급,96,2022-02-26,132,seongeo_W,다음 (         ) 안에 알맞은 漢字(正字)를 써서 四字成語를 완성하시오.,鳥足之(     ) : 아주 적은 분량.,鳥足之( ),,血,血,
3급,96,2022-02-26,133,seongeo_W,다음 (         ) 안에 알맞은 漢字(正字)를 써서 四字成語를 완성하시오.,弘(    )人間 : 널리 인간세상을 이롭게 한다는 뜻.,弘( )人間,,益,益,
3급,96,2022-02-26,134,seongeo_W,다음 (         ) 안에 알맞은 漢字(正字)를 써서 四字成語를 완성하시오.,利用( )生 : 기물의 사용을 편리하게 하고 백성의 생활을 윤택하게 함.,利用( )生,,厚,厚,
3급,96,2022-02-26,135,seongeo_W,다음 (         ) 안에 알맞은 漢字(正字)를 써서 四字成語를 완성하시오.,榮枯( )衰 : 개인이나 사회의 성하고 쇠함은 일정하지 않음.,榮枯( )衰,,盛,盛,
3급,96,2022-02-26,136,seongeo_W,다음 (         ) 안에 알맞은 漢字(正字)를 써서 四字成語를 완성하시오.,(   )思熟考 : 깊이 생각하고 곰곰이 생각함.,( )思熟考,,深,深,
3급,96,2022-02-26,137,seongeo_W,다음 (         ) 안에 알맞은 漢字(正字)를 써서 四字成語를 완성하시오.,拔本塞(   ) : 폐단의 근본 원인을 아주 없앰.,拔本塞( ),,源,源,
3급,96,2022-02-26,138,busu_W,다음 漢字의 部首를 쓰시오.,暑,暑,,日,日,
3급,96,2022-02-26,139,busu_W,다음 漢字의 部首를 쓰시오.,奈,奈,,大,大,
3급,96,2022-02-26,140,busu_W,다음 漢字의 部首를 쓰시오.,輿,輿,,車,車,
3급,96,2022-02-26,141,busu_W,다음 漢字의 部首를 쓰시오.,罷,罷,,网(罒),网(罒),
3급,96,2022-02-26,142,busu_W,다음 漢字의 部首를 쓰시오.,慙,慙,,心,心,
3급,96,2022-02-26,143,yakja_W,다음 漢字의 略字를 쓰시오.,離,離,,离,离,
3급,96,2022-02-26,144,yakja_W,다음 漢字의 略字를 쓰시오.,廳,廳,,庁,庁,
3급,96,2022-02-26,145,yakja_W,다음 漢字의 略字를 쓰시오.,彈,彈,,弾,弾,
3급,96,2022-02-26,146,mean_W,다음 漢字語의 뜻을 쓰시오.,沙丘,沙丘,,모래 언덕,모래 언덕,
3급,96,2022-02-26,147,mean_W,다음 漢字語의 뜻을 쓰시오.,煙霧,煙霧,,연기와 안개,연기와 안개,
3급,96,2022-02-26,148,mean_W,다음 漢字語의 뜻을 쓰시오.,尖塔,尖塔,,뾰족한 탑,뾰족한 탑,
3급,96,2022-02-26,149,mean_W,다음 漢字語의 뜻을 쓰시오.,貪心,貪心,,탐내는(탐욕스러운) 마음,탐내는(탐욕스러운) 마음,
3급,96,2022-02-26,150,mean_W,다음 漢字語의 뜻을 쓰시오.,互換,互換,,서로 바꿈,서로 바꿈,
3급,97,2022-05-28,1,dokeum_W,다음 문장에서 밑줄 친 漢字語의 讀音을 쓰시오.,성장을 하면 할수록 부모와 자식의 關係는 垂直 關係를 지속적으로 維持하면서 부모는 자식들의 일에 깊숙이 관여한다.,關係,,관계,관계,
3급,97,2022-05-28,2,dokeum_W,다음 문장에서 밑줄 친 漢字語의 讀音을 쓰시오.,성장을 하면 할수록 부모와 자식의 關係는 垂直 關係를 지속적으로 維持하면서 부모는 자식들의 일에 깊숙이 관여한다.,垂直,,수직,수직,
3급,97,2022-05-28,3,dokeum_W,다음 문장에서 밑줄 친 漢字語의 讀音을 쓰시오.,성장을 하면 할수록 부모와 자식의 關係는 垂直 關係를 지속적으로 維持하면서 부모는 자식들의 일에 깊숙이 관여한다.,維持,,유지,유지,
3급,97,2022-05-28,4,dokeum_W,다음 문장에서 밑줄 친 漢字語의 讀音을 쓰시오.,"결혼, 健康, 職業 등등 모든 선택에서 干涉을 한다.",健康,,건강,건강,
3급,97,2022-05-28,5,dokeum_W,다음 문장에서 밑줄 친 漢字語의 讀音을 쓰시오.,"결혼, 健康, 職業 등등 모든 선택에서 干涉을 한다.",職業,,직업,직업,
3급,97,2022-05-28,6,dokeum_W,다음 문장에서 밑줄 친 漢字語의 讀音을 쓰시오.,"결혼, 健康, 職業 등등 모든 선택에서 干涉을 한다.",干涉,,간섭,간섭,
3급,97,2022-05-28,7,dokeum_W,다음 문장에서 밑줄 친 漢字語의 讀音을 쓰시오.,자식들을 부모의 감성적 領域에 가두어 놓고 자신을 끝까지 恭敬하고 살펴 줄 것을 強要하다시피 하며 심지어 도덕적 혹은 제도적으로 일정한 規約을 만들어 놓기도 한다.,領域,,영역,영역,
3급,97,2022-05-28,8,dokeum_W,다음 문장에서 밑줄 친 漢字語의 讀音을 쓰시오.,자식들을 부모의 감성적 領域에 가두어 놓고 자신을 끝까지 恭敬하고 살펴 줄 것을 強要하다시피 하며 심지어 도덕적 혹은 제도적으로 일정한 規約을 만들어 놓기도 한다.,恭敬,,공경,공경,
3급,97,2022-05-28,9,dokeum_W,다음 문장에서 밑줄 친 漢字語의 讀音을 쓰시오.,자식들을 부모의 감성적 領域에 가두어 놓고 자신을 끝까지 恭敬하고 살펴 줄 것을 強要하다시피 하며 심지어 도덕적 혹은 제도적으로 일정한 規約을 만들어 놓기도 한다.,強要,,강요,강요,
3급,97,2022-05-28,10,dokeum_W,다음 문장에서 밑줄 친 漢字語의 讀音을 쓰시오.,자식들을 부모의 감성적 領域에 가두어 놓고 자신을 끝까지 恭敬하고 살펴 줄 것을 強要하다시피 하며 심지어 도덕적 혹은 제도적으로 일정한 規約을 만들어 놓기도 한다.,規約,,규약,규약,
3급,97,2022-05-28,11,dokeum_W,다음 문장에서 밑줄 친 漢字語의 讀音을 쓰시오.,그 둘은 敦篤한 우정을 쌓으면서 서로를 무한히 信賴하였다.,敦篤,,돈독,돈독,
3급,97,2022-05-28,12,dokeum_W,다음 문장에서 밑줄 친 漢字語의 讀音을 쓰시오.,그 둘은 敦篤한 우정을 쌓으면서 서로를 무한히 信賴하였다.,信賴,,신뢰,신뢰,
3급,97,2022-05-28,13,dokeum_W,다음 문장에서 밑줄 친 漢字語의 讀音을 쓰시오.,父親喪을 당한 친구에게 심심한 弔意를 표하고 삼가 고인의 冥福을 빌었다.,父親喪,,부친상,부친상,
3급,97,2022-05-28,14,dokeum_W,다음 문장에서 밑줄 친 漢字語의 讀音을 쓰시오.,父親喪을 당한 친구에게 심심한 弔意를 표하고 삼가 고인의 冥福을 빌었다.,弔意,,조의,조의,
3급,97,2022-05-28,15,dokeum_W,다음 문장에서 밑줄 친 漢字語의 讀音을 쓰시오.,父親喪을 당한 친구에게 심심한 弔意를 표하고 삼가 고인의 冥福을 빌었다.,冥福,,명복,명복,
3급,97,2022-05-28,16,dokeum_W,다음 문장에서 밑줄 친 漢字語의 讀音을 쓰시오.,宿泊할 旅館에 짐을 풀고 周邊을 둘러보다가 울긋불긋 丹楓으로 물든 경치에 그만 陶醉되고 말았다.,宿泊,,숙박,숙박,
3급,97,2022-05-28,17,dokeum_W,다음 문장에서 밑줄 친 漢字語의 讀音을 쓰시오.,宿泊할 旅館에 짐을 풀고 周邊을 둘러보다가 울긋불긋 丹楓으로 물든 경치에 그만 陶醉되고 말았다.,旅館,,여관,여관,
3급,97,2022-05-28,18,dokeum_W,다음 문장에서 밑줄 친 漢字語의 讀音을 쓰시오.,宿泊할 旅館에 짐을 풀고 周邊을 둘러보다가 울긋불긋 丹楓으로 물든 경치에 그만 陶醉되고 말았다.,周邊,,주변,주변,
3급,97,2022-05-28,19,dokeum_W,다음 문장에서 밑줄 친 漢字語의 讀音을 쓰시오.,宿泊할 旅館에 짐을 풀고 周邊을 둘러보다가 울긋불긋 丹楓으로 물든 경치에 그만 陶醉되고 말았다.,丹楓,,단풍,단풍,
3급,97,2022-05-28,20,dokeum_W,다음 문장에서 밑줄 친 漢字語의 讀音을 쓰시오.,宿泊할 旅館에 짐을 풀고 周邊을 둘러보다가 울긋불긋 丹楓으로 물든 경치에 그만 陶醉되고 말았다.,陶醉,,도취,도취,
3급,97,2022-05-28,21,dokeum_W,다음 漢字語의 讀音을 쓰시오.,伴奏,伴奏,,반주,반주,
3급,97,2022-05-28,22,dokeum_W,다음 漢字語의 讀音을 쓰시오.,煩惱,煩惱,,번뇌,번뇌,
3급,97,2022-05-28,23,dokeum_W,다음 漢字語의 讀音을 쓰시오.,乾畓,乾畓,,건답,건답,
3급,97,2022-05-28,24,dokeum_W,다음 漢字語의 讀音을 쓰시오.,廢棄,廢棄,,폐기,폐기,
3급,97,2022-05-28,25,dokeum_W,다음 漢字語의 讀音을 쓰시오.,跳躍,跳躍,,도약,도약,
3급,97,2022-05-28,26,dokeum_W,다음 漢字語의 讀音을 쓰시오.,劣惡,劣惡,,열악,열악,
3급,97,2022-05-28,27,dokeum_W,다음 漢字語의 讀音을 쓰시오.,携帶,携帶,,휴대,휴대,
3급,97,2022-05-28,28,dokeum_W,다음 漢字語의 讀音을 쓰시오.,詐欺,詐欺,,사기,사기,
3급,97,2022-05-28,29,dokeum_W,다음 漢字語의 讀音을 쓰시오.,怠慢,怠慢,,태만,태만,
3급,97,2022-05-28,30,dokeum_W,다음 漢字語의 讀音을 쓰시오.,某處,某處,,모처,모처,
3급,97,2022-05-28,31,dokeum_W,다음 漢字語의 讀音을 쓰시오.,遂行,遂行,,수행,수행,
3급,97,2022-05-28,32,dokeum_W,다음 漢字語의 讀音을 쓰시오.,畢竟,畢竟,,필경,필경,
3급,97,2022-05-28,33,dokeum_W,다음 漢字語의 讀音을 쓰시오.,枯木,枯木,,고목,고목,
3급,97,2022-05-28,34,dokeum_W,다음 漢字語의 讀音을 쓰시오.,于先,于先,,우선,우선,
3급,97,2022-05-28,35,dokeum_W,다음 漢字語의 讀音을 쓰시오.,捕捉,捕捉,,포착,포착,
3급,97,2022-05-28,36,dokeum_W,다음 漢字語의 讀音을 쓰시오.,腰痛,腰痛,,요통,요통,
3급,97,2022-05-28,37,dokeum_W,다음 漢字語의 讀音을 쓰시오.,掛圖,掛圖,,괘도,괘도,
3급,97,2022-05-28,38,dokeum_W,다음 漢字語의 讀音을 쓰시오.,秒針,秒針,,초침,초침,
3급,97,2022-05-28,39,dokeum_W,다음 漢字語의 讀音을 쓰시오.,金塊,金塊,,금괴,금괴,
3급,97,2022-05-28,40,dokeum_W,다음 漢字語의 讀音을 쓰시오.,洗濯,洗濯,,세탁,세탁,
3급,97,2022-05-28,41,dokeum_W,다음 漢字語의 讀音을 쓰시오.,播種,播種,,파종,파종,
3급,97,2022-05-28,42,dokeum_W,다음 漢字語의 讀音을 쓰시오.,尖銳,尖銳,,첨예,첨예,
3급,97,2022-05-28,43,dokeum_W,다음 漢字語의 讀音을 쓰시오.,縣令,縣令,,현령,현령,
3급,97,2022-05-28,44,dokeum_W,다음 漢字語의 讀音을 쓰시오.,禽獸,禽獸,,금수,금수,
3급,97,2022-05-28,45,dokeum_W,다음 漢字語의 讀音을 쓰시오.,奔忙,奔忙,,분망,분망,
3급,97,2022-05-28,46,huneum_W,다음 漢字의 訓과 音을 쓰시오.,輝,輝,,빛날 휘,빛날 휘,
3급,97,2022-05-28,47,huneum_W,다음 漢字의 訓과 音을 쓰시오.,庚,庚,,별 경,별 경,
3급,97,2022-05-28,48,huneum_W,다음 漢字의 訓과 音을 쓰시오.,厥,厥,,그 궐,그 궐,
3급,97,2022-05-28,49,huneum_W,다음 漢字의 訓과 音을 쓰시오.,販,販,,팔 판,팔 판,
3급,97,2022-05-28,50,huneum_W,다음 漢字의 訓과 音을 쓰시오.,亨,亨,,형통할 형,형통할 형,
3급,97,2022-05-28,51,huneum_W,다음 漢字의 訓과 音을 쓰시오.,謹,謹,,삼갈 근,삼갈 근,
3급,97,2022-05-28,52,huneum_W,다음 漢字의 訓과 音을 쓰시오.,那,那,,어찌 나,어찌 나,
3급,97,2022-05-28,53,huneum_W,다음 漢字의 訓과 音을 쓰시오.,擴,擴,,넓힐 확,넓힐 확,
3급,97,2022-05-28,54,huneum_W,다음 漢字의 訓과 音을 쓰시오.,隣,隣,,이웃 린,이웃 린,
3급,97,2022-05-28,55,huneum_W,다음 漢字의 訓과 音을 쓰시오.,互,互,,서로 호,서로 호,
3급,97,2022-05-28,56,huneum_W,다음 漢字의 訓과 音을 쓰시오.,鹿,鹿,,사슴 록,사슴 록,
3급,97,2022-05-28,57,huneum_W,다음 漢字의 訓과 音을 쓰시오.,卯,卯,,토끼 묘,토끼 묘,
3급,97,2022-05-28,58,huneum_W,다음 漢字의 訓과 音을 쓰시오.,騰,騰,,오를 등,오를 등,
3급,97,2022-05-28,59,huneum_W,다음 漢字의 訓과 音을 쓰시오.,朋,朋,,벗 붕,벗 붕,
3급,97,2022-05-28,60,huneum_W,다음 漢字의 訓과 音을 쓰시오.,循,循,,돌 순,돌 순,
3급,97,2022-05-28,61,huneum_W,다음 漢字의 訓과 音을 쓰시오.,杯,杯,,잔 배,잔 배,
3급,97,2022-05-28,62,huneum_W,다음 漢字의 訓과 音을 쓰시오.,亥,亥,,돼지 해,돼지 해,
3급,97,2022-05-28,63,huneum_W,다음 漢字의 訓과 音을 쓰시오.,謁,謁,,뵐 알,뵐 알,
3급,97,2022-05-28,64,huneum_W,다음 漢字의 訓과 音을 쓰시오.,頗,頗,,자못 파,자못 파,
3급,97,2022-05-28,65,huneum_W,다음 漢字의 訓과 音을 쓰시오.,密,密,,빽빽할 밀,빽빽할 밀,
3급,97,2022-05-28,66,huneum_W,다음 漢字의 訓과 音을 쓰시오.,耶,耶,,어조사 야,어조사 야,
3급,97,2022-05-28,67,huneum_W,다음 漢字의 訓과 音을 쓰시오.,廉,廉,,청렴할 렴,청렴할 렴,
3급,97,2022-05-28,68,huneum_W,다음 漢字의 訓과 音을 쓰시오.,娛,娛,,즐길 오,즐길 오,
3급,97,2022-05-28,69,huneum_W,다음 漢字의 訓과 音을 쓰시오.,余,余,,나 여,나 여,
3급,97,2022-05-28,70,huneum_W,다음 漢字의 訓과 音을 쓰시오.,傍,傍,,곁 방,곁 방,
3급,97,2022-05-28,71,huneum_W,다음 漢字의 訓과 音을 쓰시오.,閱,閱,,볼 열,볼 열,
3급,97,2022-05-28,72,huneum_W,다음 漢字의 訓과 音을 쓰시오.,竊,竊,,훔칠 절,훔칠 절,
3급,97,2022-05-28,73,jangeum_S,다음 중 첫음절이 長音으로 발음되는 것을 고르시오.,,,"[""① 聯政"", ""② 戀情""]",②,② 戀情,
3급,97,2022-05-28,74,jangeum_S,다음 중 첫음절이 長音으로 발음되는 것을 고르시오.,,,"[""① 私家"", ""② 賜暇""]",②,② 賜暇,
3급,97,2022-05-28,75,jangeum_S,다음 중 첫음절이 長音으로 발음되는 것을 고르시오.,,,"[""① 妥當"", ""② 他黨""]",①,① 妥當,
3급,97,2022-05-28,76,jangeum_S,다음 중 첫음절이 長音으로 발음되는 것을 고르시오.,,,"[""① 署長"", ""② 西藏""]",①,① 署長,
3급,97,2022-05-28,77,jangeum_S,다음 중 첫음절이 長音으로 발음되는 것을 고르시오.,,,"[""① 但只"", ""② 端志""]",①,① 但只,
3급,97,2022-05-28,78,hanjaeo_W,다음 문장에서 밑줄 친 漢字語를 漢字(正字)로 쓰시오.,"지식기반사회란 정보와 지식의 생산, 유통, 활용이 매우 빨리 증대되고, 정치, 경제, 사회, 문화 전반에 걸쳐 정보 지식의 가치가 크게 상승하는 사회다.",지식,,知識,知識,
3급,97,2022-05-28,79,hanjaeo_W,다음 문장에서 밑줄 친 漢字語를 漢字(正字)로 쓰시오.,"지식기반사회란 정보와 지식의 생산, 유통, 활용이 매우 빨리 증대되고, 정치, 경제, 사회, 문화 전반에 걸쳐 정보 지식의 가치가 크게 상승하는 사회다.",유통,,流通,流通,
3급,97,2022-05-28,80,hanjaeo_W,다음 문장에서 밑줄 친 漢字語를 漢字(正字)로 쓰시오.,"지식기반사회란 정보와 지식의 생산, 유통, 활용이 매우 빨리 증대되고, 정치, 경제, 사회, 문화 전반에 걸쳐 정보 지식의 가치가 크게 상승하는 사회다.",증대,,增大,增大,
3급,97,2022-05-28,81,hanjaeo_W,다음 문장에서 밑줄 친 漢字語를 漢字(正字)로 쓰시오.,"지식기반사회란 정보와 지식의 생산, 유통, 활용이 매우 빨리 증대되고, 정치, 경제, 사회, 문화 전반에 걸쳐 정보 지식의 가치가 크게 상승하는 사회다.",경제,,經濟,經濟,
3급,97,2022-05-28,82,hanjaeo_W,다음 문장에서 밑줄 친 漢字語를 漢字(正字)로 쓰시오.,"또한 가치 창출의 원천이 토지와 기계 설비 등 유형의 자산으로부터 정보, 지식, 경험, 창의성 등 무형의 자산으로 빠르게 이동하는 사회이기도 하다.",창출,,創出,創出,
3급,97,2022-05-28,83,hanjaeo_W,다음 문장에서 밑줄 친 漢字語를 漢字(正字)로 쓰시오.,"또한 가치 창출의 원천이 토지와 기계 설비 등 유형의 자산으로부터 정보, 지식, 경험, 창의성 등 무형의 자산으로 빠르게 이동하는 사회이기도 하다.",원천,,源泉,源泉,
3급,97,2022-05-28,84,hanjaeo_W,다음 문장에서 밑줄 친 漢字語를 漢字(正字)로 쓰시오.,"또한 가치 창출의 원천이 토지와 기계 설비 등 유형의 자산으로부터 정보, 지식, 경험, 창의성 등 무형의 자산으로 빠르게 이동하는 사회이기도 하다.",설비,,設備,設備,
3급,97,2022-05-28,85,hanjaeo_W,다음 문장에서 밑줄 친 漢字語를 漢字(正字)로 쓰시오.,"또한 가치 창출의 원천이 토지와 기계 설비 등 유형의 자산으로부터 정보, 지식, 경험, 창의성 등 무형의 자산으로 빠르게 이동하는 사회이기도 하다.",무형,,無形,無形,
3급,97,2022-05-28,86,hanjaeo_W,다음 문장에서 밑줄 친 漢字語를 漢字(正字)로 쓰시오.,"또한 가치 창출의 원천이 토지와 기계 설비 등 유형의 자산으로부터 정보, 지식, 경험, 창의성 등 무형의 자산으로 빠르게 이동하는 사회이기도 하다.",자산,,資産,資産,
3급,97,2022-05-28,87,hanjaeo_W,다음 문장에서 밑줄 친 漢字語를 漢字(正字)로 쓰시오.,"또한 가치 창출의 원천이 토지와 기계 설비 등 유형의 자산으로부터 정보, 지식, 경험, 창의성 등 무형의 자산으로 빠르게 이동하는 사회이기도 하다.",이동,,移動,移動,
3급,97,2022-05-28,88,hanjaeo_W,다음 문장에서 밑줄 친 漢字語를 漢字(正字)로 쓰시오.,새로 전근 오신 담임 선생님은 면학 분위기를 조성하려고 노력하셨다.,담임,,擔任,擔任,
3급,97,2022-05-28,89,hanjaeo_W,다음 문장에서 밑줄 친 漢字語를 漢字(正字)로 쓰시오.,새로 전근 오신 담임 선생님은 면학 분위기를 조성하려고 노력하셨다.,면학,,勉學,勉學,
3급,97,2022-05-28,90,hanjaeo_W,다음 문장에서 밑줄 친 漢字語를 漢字(正字)로 쓰시오.,기체 발생 장치를 만들어 이산화 탄소를 발생시키고 이산화탄소의 성질을 확인하는 실험을 하였다.,기체,,氣體,氣體,
3급,97,2022-05-28,91,hanjaeo_W,다음 문장에서 밑줄 친 漢字語를 漢字(正字)로 쓰시오.,기체 발생 장치를 만들어 이산화 탄소를 발생시키고 이산화탄소의 성질을 확인하는 실험을 하였다.,장치,,裝置,裝置,
3급,97,2022-05-28,92,hanjaeo_W,다음 문장에서 밑줄 친 漢字語를 漢字(正字)로 쓰시오.,기체 발생 장치를 만들어 이산화 탄소를 발생시키고 이산화탄소의 성질을 확인하는 실험을 하였다.,탄소,,炭素,炭素,
3급,97,2022-05-28,93,hanjaeo_W,다음 문장에서 밑줄 친 漢字語를 漢字(正字)로 쓰시오.,기체 발생 장치를 만들어 이산화 탄소를 발생시키고 이산화탄소의 성질을 확인하는 실험을 하였다.,발생,,發生,發生,
3급,97,2022-05-28,94,hanjaeo_W,다음 문장에서 밑줄 친 漢字語를 漢字(正字)로 쓰시오.,기체 발생 장치를 만들어 이산화 탄소를 발생시키고 이산화탄소의 성질을 확인하는 실험을 하였다.,확인,,確認,確認,
3급,97,2022-05-28,95,hanjaeo_W,다음 문장에서 밑줄 친 漢字語를 漢字(正字)로 쓰시오.,그는 지위의 고하와 빈부 귀천을 불문하고 각계각층의 덕망 있는 사람들과 교유하였다.,지위,,地位,地位,
3급,97,2022-05-28,96,hanjaeo_W,다음 문장에서 밑줄 친 漢字語를 漢字(正字)로 쓰시오.,그는 지위의 고하와 빈부 귀천을 불문하고 각계각층의 덕망 있는 사람들과 교유하였다.,빈부,,貧富,貧富,
3급,97,2022-05-28,97,hanjaeo_W,다음 문장에서 밑줄 친 漢字語를 漢字(正字)로 쓰시오.,그는 지위의 고하와 빈부 귀천을 불문하고 각계각층의 덕망 있는 사람들과 교유하였다.,각층,,各層,各層,
3급,97,2022-05-28,98,hanjaeo_W,다음 문장에서 밑줄 친 漢字語를 漢字(正字)로 쓰시오.,그는 지위의 고하와 빈부 귀천을 불문하고 각계각층의 덕망 있는 사람들과 교유하였다.,덕망,,德望,德望,
3급,97,2022-05-28,99,hanjaeo_W,다음 문장에서 밑줄 친 漢字語를 漢字(正字)로 쓰시오.,그는 지위의 고하와 빈부 귀천을 불문하고 각계각층의 덕망 있는 사람들과 교유하였다.,교유,,交遊,交遊,
3급,97,2022-05-28,100,hanjaeo_W,다음 문장에서 밑줄 친 漢字語를 漢字(正字)로 쓰시오.,"발표와 토론이 모두 끝난 뒤, 참석한 회원들 중 최고 원로인 모 대학의 교수 한 분이 총평을 하였다.",토론,,討論,討論,
3급,97,2022-05-28,101,hanjaeo_W,다음 문장에서 밑줄 친 漢字語를 漢字(正字)로 쓰시오.,"발표와 토론이 모두 끝난 뒤, 참석한 회원들 중 최고 원로인 모 대학의 교수 한 분이 총평을 하였다.",참석,,參席,參席,
3급,97,2022-05-28,102,hanjaeo_W,다음 문장에서 밑줄 친 漢字語를 漢字(正字)로 쓰시오.,"발표와 토론이 모두 끝난 뒤, 참석한 회원들 중 최고 원로인 모 대학의 교수 한 분이 총평을 하였다.",최고,,最高,最高,
3급,97,2022-05-28,103,hanjaeo_W,다음 문장에서 밑줄 친 漢字語를 漢字(正字)로 쓰시오.,"발표와 토론이 모두 끝난 뒤, 참석한 회원들 중 최고 원로인 모 대학의 교수 한 분이 총평을 하였다.",원로,,元老,元老,
3급,97,2022-05-28,104,hanjaeo_W,다음 문장에서 밑줄 친 漢字語를 漢字(正字)로 쓰시오.,"발표와 토론이 모두 끝난 뒤, 참석한 회원들 중 최고 원로인 모 대학의 교수 한 분이 총평을 하였다.",교수,,敎授,敎授,
3급,97,2022-05-28,105,hanjaeo_W,다음 문장에서 밑줄 친 漢字語를 漢字(正字)로 쓰시오.,"발표와 토론이 모두 끝난 뒤, 참석한 회원들 중 최고 원로인 모 대학의 교수 한 분이 총평을 하였다.",총평,,總評,總評,
3급,97,2022-05-28,106,hanjaeo_W,다음 문장에서 밑줄 친 漢字語를 漢字(正字)로 쓰시오.,국제대회에서 우승한 축구팀은 시민들의 열렬한 환대를 받으며 귀국하였다.,우승,,優勝,優勝,
3급,97,2022-05-28,107,hanjaeo_W,다음 문장에서 밑줄 친 漢字語를 漢字(正字)로 쓰시오.,국제대회에서 우승한 축구팀은 시민들의 열렬한 환대를 받으며 귀국하였다.,환대,,歡待,歡待,
3급,97,2022-05-28,108,yui_W,다음 漢字와 비슷한 뜻을 가진 漢字(正字)를 (         ) 안에 써서 문장에 적합한 漢字語가 되게 하시오.,적군의 (    )擊을 성공적으로 막아냈다.,( )擊,,攻,攻,
3급,97,2022-05-28,109,yui_W,다음 漢字와 비슷한 뜻을 가진 漢字(正字)를 (         ) 안에 써서 문장에 적합한 漢字語가 되게 하시오.,부끄러움에 그 소녀의 얼굴이 朱( )색처럼 붉어졌다.,朱( ),,紅,紅,
3급,97,2022-05-28,110,yui_W,다음 漢字와 비슷한 뜻을 가진 漢字(正字)를 (         ) 안에 써서 문장에 적합한 漢字語가 되게 하시오.,그는 가장 먼저 (    )織을 정비하였다.,( )織,,組,組,
3급,97,2022-05-28,111,yui_W,다음 漢字와 비슷한 뜻을 가진 漢字(正字)를 (         ) 안에 써서 문장에 적합한 漢字語가 되게 하시오.,친구와 영화관에 가서 영화를 觀( )하였다.,觀( ),,覽,覽,
3급,97,2022-05-28,112,yui_W,다음 漢字와 비슷한 뜻을 가진 漢字(正字)를 (         ) 안에 써서 문장에 적합한 漢字語가 되게 하시오.,사장의 큰아들이 사장 자리를 (   )繼하였다.,( )繼,,承,承,
3급,97,2022-05-28,113,banui_W,다음 漢字와 뜻이 反對 또는 相對되는 漢字(正字)를 써서 漢字語를 완성하시오.,수사팀은 그 사진의 (     )僞를 가리려고 애썼다.,( )僞,,眞,眞,
3급,97,2022-05-28,114,banui_W,다음 漢字와 뜻이 反對 또는 相對되는 漢字(正字)를 써서 漢字語를 완성하시오.,기강을 확립하려면 賞(      )을 확실하게 하여야 한다.,賞( ),,罰,罰,
3급,97,2022-05-28,115,banui_W,다음 漢字와 뜻이 反對 또는 相對되는 漢字(正字)를 써서 漢字語를 완성하시오.,가스 밸브의 開(     )는 수동으로 조작한다.,開( ),,閉,閉,
3급,97,2022-05-28,116,banui_W,다음 漢字와 뜻이 反對 또는 相對되는 漢字(正字)를 써서 漢字語를 완성하시오.,이번 사태로 인한 (    )益을 계산하느라 양 진영이 바쁘다.,( )益,,損,損,
3급,97,2022-05-28,117,banui_W,다음 漢字와 뜻이 反對 또는 相對되는 漢字(正字)를 써서 漢字語를 완성하시오.,국가의 (    )亡이 우리의 손에 달려 있다.,( )亡,,存/興,存/興,
3급,97,2022-05-28,118,banuieo_W,다음 漢字語의 反對語 또는 相對語를 2음절로 된 漢字(正字)로 쓰시오.,集合 ↔ (    ),集合 ↔ ( ),,解散,解散,
3급,97,2022-05-28,119,banuieo_W,다음 漢字語의 反對語 또는 相對語를 2음절로 된 漢字(正字)로 쓰시오.,內包 ↔ (    ),內包 ↔ ( ),,外延,外延,
3급,97,2022-05-28,120,banuieo_W,다음 漢字語의 反對語 또는 相對語를 2음절로 된 漢字(正字)로 쓰시오.,送舊 ↔ (    ),送舊 ↔ ( ),,迎新,迎新,
3급,97,2022-05-28,121,banuieo_W,다음 漢字語의 反對語 또는 相對語를 2음절로 된 漢字(正字)로 쓰시오.,加重 ↔ (    ),加重 ↔ ( ),,輕減,輕減,
3급,97,2022-05-28,122,banuieo_W,다음 漢字語의 反對語 또는 相對語를 2음절로 된 漢字(正字)로 쓰시오.,應答 ↔ (    ),應答 ↔ ( ),,質疑,質疑,
3급,97,2022-05-28,123,dongeumeo_W,"다음 漢字語의 同音異義語를 漢字(正字)로 쓰되, 제시된 뜻에 맞는 것으로 하시오.",(東京) - 구리거울.,(東京),,銅鏡,銅鏡,
3급,97,2022-05-28,124,dongeumeo_W,"다음 漢字語의 同音異義語를 漢字(正字)로 쓰되, 제시된 뜻에 맞는 것으로 하시오.",(獨走) - 매우 독한 술.,(獨走),,毒酒,毒酒,
3급,97,2022-05-28,125,dongeumeo_W,"다음 漢字語의 同音異義語를 漢字(正字)로 쓰되, 제시된 뜻에 맞는 것으로 하시오.",(腹水) - 둘 이상의 수.,(腹水),,複數,複數,
3급,97,2022-05-28,126,dongeumeo_W,"다음 漢字語의 同音異義語를 漢字(正字)로 쓰되, 제시된 뜻에 맞는 것으로 하시오.",(由緖) - 유언을 적은 글.,(由緖),,遺書,遺書,
3급,97,2022-05-28,127,dongeumeo_W,"다음 漢字語의 同音異義語를 漢字(正字)로 쓰되, 제시된 뜻에 맞는 것으로 하시오.",(招魂) - 처음 하는 혼인.,(招魂),,初婚,初婚,
3급,97,2022-05-28,128,seongeo_W,다음 (       ) 안에 알맞은 漢字(正字)를 써서 四字成語를 완성하시오.,(    )頭蛇尾 : 용의 머리와 뱀의 꼬리란 뜻에서 시작만 좋고 나중은 좋지 않음을 비유함.,( )頭蛇尾,,龍,龍,
3급,97,2022-05-28,129,seongeo_W,다음 (       ) 안에 알맞은 漢字(正字)를 써서 四字成語를 완성하시오.,勿失( )機 : 좋은 기회를 놓치지 않음.,勿失( )機,,好,好,
3급,97,2022-05-28,130,seongeo_W,다음 (       ) 안에 알맞은 漢字(正字)를 써서 四字成語를 완성하시오.,自(    )之心 : 자기가 한 일에 대해 스스로 미흡하다고 생각하는 것.,自( )之心,,激,激,
3급,97,2022-05-28,131,seongeo_W,다음 (       ) 안에 알맞은 漢字(正字)를 써서 四字成語를 완성하시오.,群(    )一鶴 : 평범한 사람 가운데 뛰어난 한 사람을 비유함.,群( )一鶴,,鷄,鷄,
3급,97,2022-05-28,132,seongeo_W,다음 (       ) 안에 알맞은 漢字(正字)를 써서 四字成語를 완성하시오.,"泥田( )狗 : 진흙밭에서 싸우는 개란 뜻으로, 저급한 싸움을 이름.",泥田( )狗,,鬪,鬪,
3급,97,2022-05-28,133,seongeo_W,다음 (       ) 안에 알맞은 漢字(正字)를 써서 四字成語를 완성하시오.,日久月(    ) : 세월이 흐를수록 바라는 마음이 더욱 간절해짐.,日久月( ),,深,深,
3급,97,2022-05-28,134,seongeo_W,다음 (       ) 안에 알맞은 漢字(正字)를 써서 四字成語를 완성하시오.,(    )忠報國 : 충성을 다하여 나라의 은혜를 갚음.,( )忠報國,,盡,盡,
3급,97,2022-05-28,135,seongeo_W,다음 (       ) 안에 알맞은 漢字(正字)를 써서 四字成語를 완성하시오.,虛(    )聲勢 : 실속 없이 허세만 부림.,虛( )聲勢,,張,張,
3급,97,2022-05-28,136,seongeo_W,다음 (       ) 안에 알맞은 漢字(正字)를 써서 四字成語를 완성하시오.,取捨選(    ) : 취할 것은 취하고 버릴 것은 버려서 골라잡음.,取捨選( ),,擇,擇,
3급,97,2022-05-28,137,seongeo_W,다음 (       ) 안에 알맞은 漢字(正字)를 써서 四字成語를 완성하시오.,(    )怒哀樂 : 기쁨과 노여움과 슬픔과 즐거움.,( )怒哀樂,,喜,喜,
3급,97,2022-05-28,138,busu_W,다음 漢字의 部首를 쓰시오.,畏,畏,,田,田,
3급,97,2022-05-28,139,busu_W,다음 漢字의 部首를 쓰시오.,豈,豈,,豆,豆,
3급,97,2022-05-28,140,busu_W,다음 漢字의 部首를 쓰시오.,擁,擁,,手(扌),手(扌),
3급,97,2022-05-28,141,busu_W,다음 漢字의 部首를 쓰시오.,飜,飜,,飛,飛,
3급,97,2022-05-28,142,busu_W,다음 漢字의 部首를 쓰시오.,懲,懲,,心,心,
3급,97,2022-05-28,143,yakja_W,다음 漢字의 略字를 쓰시오.,轉,轉,,転,転,
3급,97,2022-05-28,144,yakja_W,다음 漢字의 略字를 쓰시오.,與,與,,与,与,
3급,97,2022-05-28,145,yakja_W,다음 漢字의 略字를 쓰시오.,覺,覺,,覚,覚,
3급,97,2022-05-28,146,mean_W,다음 漢字語의 뜻을 쓰시오.,幼兒,幼兒,,어린아이,어린아이,
3급,97,2022-05-28,147,mean_W,다음 漢字語의 뜻을 쓰시오.,洋夷,洋夷,,서양오랑캐,서양오랑캐,
3급,97,2022-05-28,148,mean_W,다음 漢字語의 뜻을 쓰시오.,肩骨,肩骨,,어깨뼈,어깨뼈,
3급,97,2022-05-28,149,mean_W,다음 漢字語의 뜻을 쓰시오.,面積,面積,,넓이,넓이,
3급,97,2022-05-28,150,mean_W,다음 漢字語의 뜻을 쓰시오.,虎皮,虎皮,,호랑이가죽,호랑이가죽,
3급,98,2022-08-27,1,dokeum_W,다음 문장에서 밑줄 친 漢字語의 讀音을 쓰시오.,초기 印刷 技術者들은 빠르고 低廉하게 書籍을 複寫하는 것 以外에는 關心이 없었다.,印刷,,인쇄,인쇄,
3급,98,2022-08-27,2,dokeum_W,다음 문장에서 밑줄 친 漢字語의 讀音을 쓰시오.,초기 印刷 技術者들은 빠르고 低廉하게 書籍을 複寫하는 것 以外에는 關心이 없었다.,技術者,,기술자,기술자,
3급,98,2022-08-27,3,dokeum_W,다음 문장에서 밑줄 친 漢字語의 讀音을 쓰시오.,초기 印刷 技術者들은 빠르고 低廉하게 書籍을 複寫하는 것 以外에는 關心이 없었다.,低廉,,저렴,저렴,
3급,98,2022-08-27,4,dokeum_W,다음 문장에서 밑줄 친 漢字語의 讀音을 쓰시오.,초기 印刷 技術者들은 빠르고 低廉하게 書籍을 複寫하는 것 以外에는 關心이 없었다.,書籍,,서적,서적,
3급,98,2022-08-27,5,dokeum_W,다음 문장에서 밑줄 친 漢字語의 讀音을 쓰시오.,초기 印刷 技術者들은 빠르고 低廉하게 書籍을 複寫하는 것 以外에는 關心이 없었다.,複寫,,복사,복사,
3급,98,2022-08-27,6,dokeum_W,다음 문장에서 밑줄 친 漢字語의 讀音을 쓰시오.,초기 印刷 技術者들은 빠르고 低廉하게 書籍을 複寫하는 것 以外에는 關心이 없었다.,以外,,이외,이외,
3급,98,2022-08-27,7,dokeum_W,다음 문장에서 밑줄 친 漢字語의 讀音을 쓰시오.,초기 印刷 技術者들은 빠르고 低廉하게 書籍을 複寫하는 것 以外에는 關心이 없었다.,關心,,관심,관심,
3급,98,2022-08-27,8,dokeum_W,다음 문장에서 밑줄 친 漢字語의 讀音을 쓰시오.,그럼에도 當時에 인쇄된 책들은 훌륭한 필사본을 模倣하여 만든 德澤에 활자와 편집이 아름답다.,當時,,당시,당시,
3급,98,2022-08-27,9,dokeum_W,다음 문장에서 밑줄 친 漢字語의 讀音을 쓰시오.,그럼에도 當時에 인쇄된 책들은 훌륭한 필사본을 模倣하여 만든 德澤에 활자와 편집이 아름답다.,模倣,,모방,모방,
3급,98,2022-08-27,10,dokeum_W,다음 문장에서 밑줄 친 漢字語의 讀音을 쓰시오.,그럼에도 當時에 인쇄된 책들은 훌륭한 필사본을 模倣하여 만든 德澤에 활자와 편집이 아름답다.,德澤,,덕택,덕택,
3급,98,2022-08-27,11,dokeum_W,다음 문장에서 밑줄 친 漢字語의 讀音을 쓰시오.,미술품 競賣시장에서 三綱 五倫의 內容을 글과 그림으로 보여주는 옛 屛風이 고가에 팔렸다.,競賣,,경매,경매,
3급,98,2022-08-27,12,dokeum_W,다음 문장에서 밑줄 친 漢字語의 讀音을 쓰시오.,미술품 競賣시장에서 三綱 五倫의 內容을 글과 그림으로 보여주는 옛 屛風이 고가에 팔렸다.,三綱,,삼강,삼강,
3급,98,2022-08-27,13,dokeum_W,다음 문장에서 밑줄 친 漢字語의 讀音을 쓰시오.,미술품 競賣시장에서 三綱 五倫의 內容을 글과 그림으로 보여주는 옛 屛風이 고가에 팔렸다.,五倫,,오륜,오륜,
3급,98,2022-08-27,14,dokeum_W,다음 문장에서 밑줄 친 漢字語의 讀音을 쓰시오.,미술품 競賣시장에서 三綱 五倫의 內容을 글과 그림으로 보여주는 옛 屛風이 고가에 팔렸다.,內容,,내용,내용,
3급,98,2022-08-27,15,dokeum_W,다음 문장에서 밑줄 친 漢字語의 讀音을 쓰시오.,미술품 競賣시장에서 三綱 五倫의 內容을 글과 그림으로 보여주는 옛 屛風이 고가에 팔렸다.,屛風,,병풍,병풍,
3급,98,2022-08-27,16,dokeum_W,다음 문장에서 밑줄 친 漢字語의 讀音을 쓰시오.,交通이 混雜하여 차량이 停滯되는 바람에 到着 시간이 한 시간이나 遲延되었다.,交通,,교통,교통,
3급,98,2022-08-27,17,dokeum_W,다음 문장에서 밑줄 친 漢字語의 讀音을 쓰시오.,交通이 混雜하여 차량이 停滯되는 바람에 到着 시간이 한 시간이나 遲延되었다.,混雜,,혼잡,혼잡,
3급,98,2022-08-27,18,dokeum_W,다음 문장에서 밑줄 친 漢字語의 讀音을 쓰시오.,交通이 混雜하여 차량이 停滯되는 바람에 到着 시간이 한 시간이나 遲延되었다.,停滯,,정체,정체,
3급,98,2022-08-27,19,dokeum_W,다음 문장에서 밑줄 친 漢字語의 讀音을 쓰시오.,交通이 混雜하여 차량이 停滯되는 바람에 到着 시간이 한 시간이나 遲延되었다.,到着,,도착,도착,
3급,98,2022-08-27,20,dokeum_W,다음 문장에서 밑줄 친 漢字語의 讀音을 쓰시오.,交通이 混雜하여 차량이 停滯되는 바람에 到着 시간이 한 시간이나 遲延되었다.,遲延,,지연,지연,
3급,98,2022-08-27,21,dokeum_W,다음 漢字語의 讀音을 쓰시오.,聖誕,聖誕,,성탄,성탄,
3급,98,2022-08-27,22,dokeum_W,다음 漢字語의 讀音을 쓰시오.,搜査,搜査,,수사,수사,
3급,98,2022-08-27,23,dokeum_W,다음 漢字語의 讀音을 쓰시오.,赴任,赴任,,부임,부임,
3급,98,2022-08-27,24,dokeum_W,다음 漢字語의 讀音을 쓰시오.,埋葬,埋葬,,매장,매장,
3급,98,2022-08-27,25,dokeum_W,다음 漢字語의 讀音을 쓰시오.,罪囚,罪囚,,죄수,죄수,
3급,98,2022-08-27,26,dokeum_W,다음 漢字語의 讀音을 쓰시오.,伯爵,伯爵,,백작,백작,
3급,98,2022-08-27,27,dokeum_W,다음 漢字語의 讀音을 쓰시오.,謹弔,謹弔,,근조,근조,
3급,98,2022-08-27,28,dokeum_W,다음 漢字語의 讀音을 쓰시오.,演奏,演奏,,연주,연주,
3급,98,2022-08-27,29,dokeum_W,다음 漢字語의 讀音을 쓰시오.,俊才,俊才,,준재,준재,
3급,98,2022-08-27,30,dokeum_W,다음 漢字語의 讀音을 쓰시오.,族姪,族姪,,족질,족질,
3급,98,2022-08-27,31,dokeum_W,다음 漢字語의 讀音을 쓰시오.,墮落,墮落,,타락,타락,
3급,98,2022-08-27,32,dokeum_W,다음 漢字語의 讀音을 쓰시오.,洗濯,洗濯,,세탁,세탁,
3급,98,2022-08-27,33,dokeum_W,다음 漢字語의 讀音을 쓰시오.,華燭,華燭,,화촉,화촉,
3급,98,2022-08-27,34,dokeum_W,다음 漢字語의 讀音을 쓰시오.,逐出,逐出,,축출,축출,
3급,98,2022-08-27,35,dokeum_W,다음 漢字語의 讀音을 쓰시오.,頗多,頗多,,파다,파다,
3급,98,2022-08-27,36,dokeum_W,다음 漢字語의 讀音을 쓰시오.,豚肉,豚肉,,돈육,돈육,
3급,98,2022-08-27,37,dokeum_W,다음 漢字語의 讀音을 쓰시오.,旣往,旣往,,기왕,기왕,
3급,98,2022-08-27,38,dokeum_W,다음 漢字語의 讀音을 쓰시오.,乃至,乃至,,내지,내지,
3급,98,2022-08-27,39,dokeum_W,다음 漢字語의 讀音을 쓰시오.,煩惱,煩惱,,번뇌,번뇌,
3급,98,2022-08-27,40,dokeum_W,다음 漢字語의 讀音을 쓰시오.,絶叫,絶叫,,절규,절규,
3급,98,2022-08-27,41,dokeum_W,다음 漢字語의 讀音을 쓰시오.,矯導,矯導,,교도,교도,
3급,98,2022-08-27,42,dokeum_W,다음 漢字語의 讀音을 쓰시오.,苟且,苟且,,구차,구차,
3급,98,2022-08-27,43,dokeum_W,다음 漢字語의 讀音을 쓰시오.,抄錄,抄錄,,초록,초록,
3급,98,2022-08-27,44,dokeum_W,다음 漢字語의 讀音을 쓰시오.,募集,募集,,모집,모집,
3급,98,2022-08-27,45,dokeum_W,다음 漢字語의 讀音을 쓰시오.,茫漠,茫漠,,망막,망막,
3급,98,2022-08-27,46,huneum_W,다음 漢字의 訓과 音을 쓰시오.,飽,飽,,배부를 포,배부를 포,
3급,98,2022-08-27,47,huneum_W,다음 漢字의 訓과 音을 쓰시오.,咸,咸,,다 함,다 함,
3급,98,2022-08-27,48,huneum_W,다음 漢字의 訓과 音을 쓰시오.,旱,旱,,가물 한,가물 한,
3급,98,2022-08-27,49,huneum_W,다음 漢字의 訓과 音을 쓰시오.,慘,慘,,참혹할 참,참혹할 참,
3급,98,2022-08-27,50,huneum_W,다음 漢字의 訓과 音을 쓰시오.,郊,郊,,들 교,들 교,
3급,98,2022-08-27,51,huneum_W,다음 漢字의 訓과 音을 쓰시오.,掛,掛,,걸 괘,걸 괘,
3급,98,2022-08-27,52,huneum_W,다음 漢字의 訓과 音을 쓰시오.,獵,獵,,사냥 렵,사냥 렵,
3급,98,2022-08-27,53,huneum_W,다음 漢字의 訓과 音을 쓰시오.,憐,憐,,불쌍히여길 련,불쌍히여길 련,
3급,98,2022-08-27,54,huneum_W,다음 漢字의 訓과 音을 쓰시오.,那,那,,어찌 나,어찌 나,
3급,98,2022-08-27,55,huneum_W,다음 漢字의 訓과 音을 쓰시오.,某,某,,아무 모,아무 모,
3급,98,2022-08-27,56,huneum_W,다음 漢字의 訓과 音을 쓰시오.,卯,卯,,토끼 묘,토끼 묘,
3급,98,2022-08-27,57,huneum_W,다음 漢字의 訓과 音을 쓰시오.,賴,賴,,의뢰할 뢰,의뢰할 뢰,
3급,98,2022-08-27,58,huneum_W,다음 漢字의 訓과 音을 쓰시오.,朔,朔,,초하루 삭,초하루 삭,
3급,98,2022-08-27,59,huneum_W,다음 漢字의 訓과 音을 쓰시오.,賜,賜,,줄 사,줄 사,
3급,98,2022-08-27,60,huneum_W,다음 漢字의 訓과 音을 쓰시오.,卜,卜,,점 복,점 복,
3급,98,2022-08-27,61,huneum_W,다음 漢字의 訓과 音을 쓰시오.,緯,緯,,씨 위,씨 위,
3급,98,2022-08-27,62,huneum_W,다음 漢字의 訓과 音을 쓰시오.,吟,吟,,읊을 음,읊을 음,
3급,98,2022-08-27,63,huneum_W,다음 漢字의 訓과 音을 쓰시오.,夷,夷,,오랑캐 이,오랑캐 이,
3급,98,2022-08-27,64,huneum_W,다음 漢字의 訓과 音을 쓰시오.,贈,贈,,줄 증,줄 증,
3급,98,2022-08-27,65,huneum_W,다음 漢字의 訓과 音을 쓰시오.,蝶,蝶,,나비 접,나비 접,
3급,98,2022-08-27,66,huneum_W,다음 漢字의 訓과 音을 쓰시오.,玆,玆,,이 자,이 자,
3급,98,2022-08-27,67,huneum_W,다음 漢字의 訓과 音을 쓰시오.,枕,枕,,베개 침,베개 침,
3급,98,2022-08-27,68,huneum_W,다음 漢字의 訓과 音을 쓰시오.,醜,醜,,추할 추,추할 추,
3급,98,2022-08-27,69,huneum_W,다음 漢字의 訓과 音을 쓰시오.,薦,薦,,천거할 천,천거할 천,
3급,98,2022-08-27,70,huneum_W,다음 漢字의 訓과 音을 쓰시오.,丑,丑,,소 축,소 축,
3급,98,2022-08-27,71,huneum_W,다음 漢字의 訓과 音을 쓰시오.,乎,乎,,어조사 호,어조사 호,
3급,98,2022-08-27,72,huneum_W,다음 漢字의 訓과 音을 쓰시오.,縣,縣,,고을 현,고을 현,
3급,98,2022-08-27,73,jangeum_S,다음 중 첫음절이 長音으로 발음되는 것을 고르시오.,,,"[""① 假定"", ""② 家庭""]",①,① 假定,
3급,98,2022-08-27,74,jangeum_S,다음 중 첫음절이 長音으로 발음되는 것을 고르시오.,,,"[""① 情理"", ""② 整理""]",②,② 整理,
3급,98,2022-08-27,75,jangeum_S,다음 중 첫음절이 長音으로 발음되는 것을 고르시오.,,,"[""① 元祖"", ""② 援助""]",②,② 援助,
3급,98,2022-08-27,76,jangeum_S,다음 중 첫음절이 長音으로 발음되는 것을 고르시오.,,,"[""① 始作"", ""② 詩作""]",①,① 始作,
3급,98,2022-08-27,77,jangeum_S,다음 중 첫음절이 長音으로 발음되는 것을 고르시오.,,,"[""① 算數"", ""② 山水""]",①,① 算數,
3급,98,2022-08-27,78,hanjaeo_W,다음 문장에서 밑줄 친 漢字語를 漢字(正字)로 쓰시오.,"예상했던 바와 같이 적군은 극렬하게 저항하다가, 큰 강을 배후로 하고 공격하는 우리 사단의 약점을 파악한 듯, 반격할 기미를 보였다.",예상,,豫想,豫想,
3급,98,2022-08-27,79,hanjaeo_W,다음 문장에서 밑줄 친 漢字語를 漢字(正字)로 쓰시오.,"예상했던 바와 같이 적군은 극렬하게 저항하다가, 큰 강을 배후로 하고 공격하는 우리 사단의 약점을 파악한 듯, 반격할 기미를 보였다.",적군,,敵軍,敵軍,
3급,98,2022-08-27,80,hanjaeo_W,다음 문장에서 밑줄 친 漢字語를 漢字(正字)로 쓰시오.,"예상했던 바와 같이 적군은 극렬하게 저항하다가, 큰 강을 배후로 하고 공격하는 우리 사단의 약점을 파악한 듯, 반격할 기미를 보였다.",극렬,,極烈,極烈,
3급,98,2022-08-27,81,hanjaeo_W,다음 문장에서 밑줄 친 漢字語를 漢字(正字)로 쓰시오.,"예상했던 바와 같이 적군은 극렬하게 저항하다가, 큰 강을 배후로 하고 공격하는 우리 사단의 약점을 파악한 듯, 반격할 기미를 보였다.",배후,,背後,背後,
3급,98,2022-08-27,82,hanjaeo_W,다음 문장에서 밑줄 친 漢字語를 漢字(正字)로 쓰시오.,"예상했던 바와 같이 적군은 극렬하게 저항하다가, 큰 강을 배후로 하고 공격하는 우리 사단의 약점을 파악한 듯, 반격할 기미를 보였다.",공격,,攻擊,攻擊,
3급,98,2022-08-27,83,hanjaeo_W,다음 문장에서 밑줄 친 漢字語를 漢字(正字)로 쓰시오.,"예상했던 바와 같이 적군은 극렬하게 저항하다가, 큰 강을 배후로 하고 공격하는 우리 사단의 약점을 파악한 듯, 반격할 기미를 보였다.",사단,,師團,師團,
3급,98,2022-08-27,84,hanjaeo_W,다음 문장에서 밑줄 친 漢字語를 漢字(正字)로 쓰시오.,"예상했던 바와 같이 적군은 극렬하게 저항하다가, 큰 강을 배후로 하고 공격하는 우리 사단의 약점을 파악한 듯, 반격할 기미를 보였다.",약점,,弱點,弱點,
3급,98,2022-08-27,85,hanjaeo_W,다음 문장에서 밑줄 친 漢字語를 漢字(正字)로 쓰시오.,이에 건너 쪽 강변 근처에서 대기하고 있던 아군 부대에 무전으로 산악지대를 돌아서 적군의 퇴로를 차단하고 우리와 함께 협공작정을 전개해 줄 것을 요청하였다.,강변,,江邊,江邊,
3급,98,2022-08-27,86,hanjaeo_W,다음 문장에서 밑줄 친 漢字語를 漢字(正字)로 쓰시오.,이에 건너 쪽 강변 근처에서 대기하고 있던 아군 부대에 무전으로 산악지대를 돌아서 적군의 퇴로를 차단하고 우리와 함께 협공작정을 전개해 줄 것을 요청하였다.,근처,,近處,近處,
3급,98,2022-08-27,87,hanjaeo_W,다음 문장에서 밑줄 친 漢字語를 漢字(正字)로 쓰시오.,이에 건너 쪽 강변 근처에서 대기하고 있던 아군 부대에 무전으로 산악지대를 돌아서 적군의 퇴로를 차단하고 우리와 함께 협공작정을 전개해 줄 것을 요청하였다.,대기,,待期,待期,
3급,98,2022-08-27,88,hanjaeo_W,다음 문장에서 밑줄 친 漢字語를 漢字(正字)로 쓰시오.,이에 건너 쪽 강변 근처에서 대기하고 있던 아군 부대에 무전으로 산악지대를 돌아서 적군의 퇴로를 차단하고 우리와 함께 협공작정을 전개해 줄 것을 요청하였다.,무전,,無電,無電,
3급,98,2022-08-27,89,hanjaeo_W,다음 문장에서 밑줄 친 漢字語를 漢字(正字)로 쓰시오.,이에 건너 쪽 강변 근처에서 대기하고 있던 아군 부대에 무전으로 산악지대를 돌아서 적군의 퇴로를 차단하고 우리와 함께 협공작정을 전개해 줄 것을 요청하였다.,지대,,地帶,地帶,
3급,98,2022-08-27,90,hanjaeo_W,다음 문장에서 밑줄 친 漢字語를 漢字(正字)로 쓰시오.,이에 건너 쪽 강변 근처에서 대기하고 있던 아군 부대에 무전으로 산악지대를 돌아서 적군의 퇴로를 차단하고 우리와 함께 협공작정을 전개해 줄 것을 요청하였다.,퇴로,,退路,退路,
3급,98,2022-08-27,91,hanjaeo_W,다음 문장에서 밑줄 친 漢字語를 漢字(正字)로 쓰시오.,이에 건너 쪽 강변 근처에서 대기하고 있던 아군 부대에 무전으로 산악지대를 돌아서 적군의 퇴로를 차단하고 우리와 함께 협공작정을 전개해 줄 것을 요청하였다.,전개,,展開,展開,
3급,98,2022-08-27,92,hanjaeo_W,다음 문장에서 밑줄 친 漢字語를 漢字(正字)로 쓰시오.,이에 건너 쪽 강변 근처에서 대기하고 있던 아군 부대에 무전으로 산악지대를 돌아서 적군의 퇴로를 차단하고 우리와 함께 협공작정을 전개해 줄 것을 요청하였다.,요청,,要請,要請,
3급,98,2022-08-27,93,hanjaeo_W,다음 문장에서 밑줄 친 漢字語를 漢字(正字)로 쓰시오.,"금년도 졸업식이 강당에서 엄숙히 거행되었는데, 졸업생 대표의 답사가 참석자들에게 큰 감동을 주었다.",졸업식,,卒業式,卒業式,
3급,98,2022-08-27,94,hanjaeo_W,다음 문장에서 밑줄 친 漢字語를 漢字(正字)로 쓰시오.,"금년도 졸업식이 강당에서 엄숙히 거행되었는데, 졸업생 대표의 답사가 참석자들에게 큰 감동을 주었다.",강당,,講堂,講堂,
3급,98,2022-08-27,95,hanjaeo_W,다음 문장에서 밑줄 친 漢字語를 漢字(正字)로 쓰시오.,"금년도 졸업식이 강당에서 엄숙히 거행되었는데, 졸업생 대표의 답사가 참석자들에게 큰 감동을 주었다.",엄숙,,嚴肅,嚴肅,
3급,98,2022-08-27,96,hanjaeo_W,다음 문장에서 밑줄 친 漢字語를 漢字(正字)로 쓰시오.,"금년도 졸업식이 강당에서 엄숙히 거행되었는데, 졸업생 대표의 답사가 참석자들에게 큰 감동을 주었다.",거행,,擧行,擧行,
3급,98,2022-08-27,97,hanjaeo_W,다음 문장에서 밑줄 친 漢字語를 漢字(正字)로 쓰시오.,"금년도 졸업식이 강당에서 엄숙히 거행되었는데, 졸업생 대표의 답사가 참석자들에게 큰 감동을 주었다.",대표,,代表,代表,
3급,98,2022-08-27,98,hanjaeo_W,다음 문장에서 밑줄 친 漢字語를 漢字(正字)로 쓰시오.,"금년도 졸업식이 강당에서 엄숙히 거행되었는데, 졸업생 대표의 답사가 참석자들에게 큰 감동을 주었다.",답사,,答辭,答辭,
3급,98,2022-08-27,99,hanjaeo_W,다음 문장에서 밑줄 친 漢字語를 漢字(正字)로 쓰시오.,"금년도 졸업식이 강당에서 엄숙히 거행되었는데, 졸업생 대표의 답사가 참석자들에게 큰 감동을 주었다.",감동,,感動,感動,
3급,98,2022-08-27,100,hanjaeo_W,다음 문장에서 밑줄 친 漢字語를 漢字(正字)로 쓰시오.,가까운 친구 사이라 하더라도 항상 서로서로 예의를 지키고 존중 하는 태도를 가져야만 참다운 우정이 지속될 수 있다.,친구,,親舊,親舊,
3급,98,2022-08-27,101,hanjaeo_W,다음 문장에서 밑줄 친 漢字語를 漢字(正字)로 쓰시오.,가까운 친구 사이라 하더라도 항상 서로서로 예의를 지키고 존중 하는 태도를 가져야만 참다운 우정이 지속될 수 있다.,예의,,禮儀,禮儀,
3급,98,2022-08-27,102,hanjaeo_W,다음 문장에서 밑줄 친 漢字語를 漢字(正字)로 쓰시오.,가까운 친구 사이라 하더라도 항상 서로서로 예의를 지키고 존중 하는 태도를 가져야만 참다운 우정이 지속될 수 있다.,존중,,尊重,尊重,
3급,98,2022-08-27,103,hanjaeo_W,다음 문장에서 밑줄 친 漢字語를 漢字(正字)로 쓰시오.,가까운 친구 사이라 하더라도 항상 서로서로 예의를 지키고 존중 하는 태도를 가져야만 참다운 우정이 지속될 수 있다.,태도,,態度,態度,
3급,98,2022-08-27,104,hanjaeo_W,다음 문장에서 밑줄 친 漢字語를 漢字(正字)로 쓰시오.,가까운 친구 사이라 하더라도 항상 서로서로 예의를 지키고 존중 하는 태도를 가져야만 참다운 우정이 지속될 수 있다.,지속,,持續,持續,
3급,98,2022-08-27,105,hanjaeo_W,다음 문장에서 밑줄 친 漢字語를 漢字(正字)로 쓰시오.,가구점에서 철제 책상을 하나 사서 집으로 배달시켰다.,철제,,鐵製,鐵製,
3급,98,2022-08-27,106,hanjaeo_W,다음 문장에서 밑줄 친 漢字語를 漢字(正字)로 쓰시오.,가구점에서 철제 책상을 하나 사서 집으로 배달시켰다.,책상,,冊床,冊床,
3급,98,2022-08-27,107,hanjaeo_W,다음 문장에서 밑줄 친 漢字語를 漢字(正字)로 쓰시오.,가구점에서 철제 책상을 하나 사서 집으로 배달시켰다.,배달,,配達,配達,
3급,98,2022-08-27,108,yui_W,다음 漢字와 비슷한 뜻을 가진 漢字(正字)를 (            ) 안에 써서 문장에 적합한 漢字語가 되게 하시오.,언덕의 (    )斜가 완만하였다.,( )斜,,傾,傾,
3급,98,2022-08-27,109,yui_W,다음 漢字와 비슷한 뜻을 가진 漢字(正字)를 (            ) 안에 써서 문장에 적합한 漢字語가 되게 하시오.,종일 걸었더니 무척 疲(         )하였다.,疲( ),,困,困,
3급,98,2022-08-27,110,yui_W,다음 漢字와 비슷한 뜻을 가진 漢字(正字)를 (            ) 안에 써서 문장에 적합한 漢字語가 되게 하시오.,그 작용의 원리를 (        )索하느라 밤을 새웠다.,( )索,,探,探,
3급,98,2022-08-27,111,yui_W,다음 漢字와 비슷한 뜻을 가진 漢字(正字)를 (            ) 안에 써서 문장에 적합한 漢字語가 되게 하시오.,많은 사람들이 생활개선 운동에 參(     )하였다.,參( ),,與,與,
3급,98,2022-08-27,112,yui_W,다음 漢字와 비슷한 뜻을 가진 漢字(正字)를 (            ) 안에 써서 문장에 적합한 漢字語가 되게 하시오.,곡식을 倉(    )에 쌓아 놓았다.,倉( ),,庫,庫,
3급,98,2022-08-27,113,banui_W,다음 漢字와 뜻이 反對 또는 相對되는 漢字(正字)를 써서 漢字語를 완성하시오.,그는 돈이 되는 일이라면 (   )濁을 가리지 않는다.,( )濁,,淸,淸,
3급,98,2022-08-27,114,banui_W,다음 漢字와 뜻이 反對 또는 相對되는 漢字(正字)를 써서 漢字語를 완성하시오.,수입의 增(     )에 따라 수고비가 달라졌다.,增( ),,減,減,
3급,98,2022-08-27,115,banui_W,다음 漢字와 뜻이 反對 또는 相對되는 漢字(正字)를 써서 漢字語를 완성하시오.,제안된 안건의 (       )捨는 회장의 권한이다.,( )捨,,取,取,
3급,98,2022-08-27,116,banui_W,다음 漢字와 뜻이 反對 또는 相對되는 漢字(正字)를 써서 漢字語를 완성하시오.,구조 조정으로 우리 부서가 (   )廢의 위기에 놓였다.,( )廢,,存,存,
3급,98,2022-08-27,117,banui_W,다음 漢字와 뜻이 反對 또는 相對되는 漢字(正字)를 써서 漢字語를 완성하시오.,친선 경기이니 勝(        )에 너무 집착하지 마시오.,勝( ),,負/敗,負/敗,
3급,98,2022-08-27,118,banuieo_W,다음 漢字語의 反對語 또는 相對語를 2음절로 된 漢字(正字)로 쓰시오.,紛爭 ↔ (     ),紛爭 ↔ ( ),,和解,和解,
3급,98,2022-08-27,119,banuieo_W,다음 漢字語의 反對語 또는 相對語를 2음절로 된 漢字(正字)로 쓰시오.,惡化 ↔ (     ),惡化 ↔ ( ),,好轉,好轉,
3급,98,2022-08-27,120,banuieo_W,다음 漢字語의 反對語 또는 相對語를 2음절로 된 漢字(正字)로 쓰시오.,富裕 ↔ (     ),富裕 ↔ ( ),,貧窮,貧窮,
3급,98,2022-08-27,121,banuieo_W,다음 漢字語의 反對語 또는 相對語를 2음절로 된 漢字(正字)로 쓰시오.,拒否 ↔ (     ),拒否 ↔ ( ),,承認,承認,
3급,98,2022-08-27,122,banuieo_W,다음 漢字語의 反對語 또는 相對語를 2음절로 된 漢字(正字)로 쓰시오.,濫用 ↔ (     ),濫用 ↔ ( ),,節約,節約,
3급,98,2022-08-27,123,dongeumeo_W,"다음 漢字語의 同音異義語를 漢字(正字)로 쓰되, 제시된 뜻에 맞는 것으로 하시오.",(空砲) - 일반에게 널리 알림.,(空砲),,公布,公布,
3급,98,2022-08-27,124,dongeumeo_W,"다음 漢字語의 同音異義語를 漢字(正字)로 쓰되, 제시된 뜻에 맞는 것으로 하시오.",(異名) - 귀울림.,(異名),,耳鳴,耳鳴,
3급,98,2022-08-27,125,dongeumeo_W,"다음 漢字語의 同音異義語를 漢字(正字)로 쓰되, 제시된 뜻에 맞는 것으로 하시오.",(盜聽) - 도의 행정을 맡아 처리하는 관청.,(盜聽),,道廳,道廳,
3급,98,2022-08-27,126,dongeumeo_W,"다음 漢字語의 同音異義語를 漢字(正字)로 쓰되, 제시된 뜻에 맞는 것으로 하시오.",(章程) - 나이가 젊고 기운이 좋은 남자.,(章程),,壯丁,壯丁,
3급,98,2022-08-27,127,dongeumeo_W,"다음 漢字語의 同音異義語를 漢字(正字)로 쓰되, 제시된 뜻에 맞는 것으로 하시오.",(修築) - 근육 따위가 오그라듦.,(修築),,收縮,收縮,
3급,98,2022-08-27,128,seongeo_W,다음 (      ) 안에 알맞은 漢字(正字)를 써서 四字成語를 완성하시오.,(    )思熟考 : 깊이 생각하고 곰곰이 생각함.,( )思熟考,,深,深,
3급,98,2022-08-27,129,seongeo_W,다음 (      ) 안에 알맞은 漢字(正字)를 써서 四字成語를 완성하시오.,金科玉(     ) : 금옥과 같이 몹시 귀중한 법칙이나 규정.,金科玉( ),,條,條,
3급,98,2022-08-27,130,seongeo_W,다음 (      ) 안에 알맞은 漢字(正字)를 써서 四字成語를 완성하시오.,經世(    )民 : 세상을 다스리고 백성을 구함.,經世( )民,,濟,濟,
3급,98,2022-08-27,131,seongeo_W,다음 (      ) 안에 알맞은 漢字(正字)를 써서 四字成語를 완성하시오.,危(    )一髮 : 눈앞에 닥친 위기의 순간.,危( )一髮,,機,機,
3급,98,2022-08-27,132,seongeo_W,다음 (      ) 안에 알맞은 漢字(正字)를 써서 四字成語를 완성하시오.,拔本塞(     ) : 폐단의 근본 원인을 아주 없앰.,拔本塞( ),,源,源,
3급,98,2022-08-27,133,seongeo_W,다음 (      ) 안에 알맞은 漢字(正字)를 써서 四字成語를 완성하시오.,天生(    )分 : 하늘에서 미리 정해 준 연분.,天生( )分,,緣,緣,
3급,98,2022-08-27,134,seongeo_W,다음 (      ) 안에 알맞은 漢字(正字)를 써서 四字成語를 완성하시오.,(    )發大發 : 크게 성냄.,( )發大發,,怒,怒,
3급,98,2022-08-27,135,seongeo_W,다음 (      ) 안에 알맞은 漢字(正字)를 써서 四字成語를 완성하시오.,苦(    )甘來 : 고생 끝에 낙이 옴.,苦( )甘來,,盡,盡,
3급,98,2022-08-27,136,seongeo_W,다음 (      ) 안에 알맞은 漢字(正字)를 써서 四字成語를 완성하시오.,(    )骨難忘 : 뼈에 깊이 사무쳐 결코 잊혀지지 않음.,( )骨難忘,,刻,刻,
3급,98,2022-08-27,137,seongeo_W,다음 (      ) 안에 알맞은 漢字(正字)를 써서 四字成語를 완성하시오.,虛(    )聲勢 : 실속 없이 허세만 부림.,虛( )聲勢,,張,張,
3급,98,2022-08-27,138,busu_W,다음 漢字의 部首를 쓰시오.,了,了,,亅,亅,
3급,98,2022-08-27,139,busu_W,다음 漢字의 部首를 쓰시오.,幾,幾,,幺,幺,
3급,98,2022-08-27,140,busu_W,다음 漢字의 部首를 쓰시오.,幅,幅,,巾,巾,
3급,98,2022-08-27,141,busu_W,다음 漢字의 部首를 쓰시오.,亥,亥,,亠,亠,
3급,98,2022-08-27,142,busu_W,다음 漢字의 部首를 쓰시오.,罷,罷,,网(罒),网(罒),
3급,98,2022-08-27,143,yakja_W,다음 漢字의 略字를 쓰시오.,屬,屬,,属,属,
3급,98,2022-08-27,144,yakja_W,다음 漢字의 略字를 쓰시오.,亂,亂,,乱,乱,
3급,98,2022-08-27,145,yakja_W,다음 漢字의 略字를 쓰시오.,擇,擇,,択,択,
3급,98,2022-08-27,146,mean_W,다음 漢字語의 뜻을 쓰시오.,枯木,枯木,,말라서 죽은 나무,말라서 죽은 나무,
3급,98,2022-08-27,147,mean_W,다음 漢字語의 뜻을 쓰시오.,隣邦,隣邦,,이웃 나라,이웃 나라,
3급,98,2022-08-27,148,mean_W,다음 漢字語의 뜻을 쓰시오.,眉間,眉間,,두 눈썹 사이,두 눈썹 사이,
3급,98,2022-08-27,149,mean_W,다음 漢字語의 뜻을 쓰시오.,沙丘,沙丘,,모래 언덕,모래 언덕,
3급,98,2022-08-27,150,mean_W,다음 漢字語의 뜻을 쓰시오.,縱橫,縱橫,,가로세로,가로세로,
3급,99,2022-11-26,1,dokeum_W,다음 문장에서 밑줄 친 漢字語의 讀音을 쓰시오.,그는 마음이 착한 사람으로서 형제간에 우애를 敦篤히 하였다.,敦篤,,돈독,돈독,
3급,99,2022-11-26,2,dokeum_W,다음 문장에서 밑줄 친 漢字語의 讀音을 쓰시오.,"또 그는 廉恥를 알고, 매사에 謹愼하며 謙讓하였다.",廉恥,,염치,염치,
3급,99,2022-11-26,3,dokeum_W,다음 문장에서 밑줄 친 漢字語의 讀音을 쓰시오.,"또 그는 廉恥를 알고, 매사에 謹愼하며 謙讓하였다.",謹愼,,근신,근신,
3급,99,2022-11-26,4,dokeum_W,다음 문장에서 밑줄 친 漢字語의 讀音을 쓰시오.,"또 그는 廉恥를 알고, 매사에 謹愼하며 謙讓하였다.",謙讓,,겸양,겸양,
3급,99,2022-11-26,5,dokeum_W,다음 문장에서 밑줄 친 漢字語의 讀音을 쓰시오.,또 누가 飢餓에 시달려 求乞하면 憐憫하여 도왔다.,飢餓,,기아,기아,
3급,99,2022-11-26,6,dokeum_W,다음 문장에서 밑줄 친 漢字語의 讀音을 쓰시오.,또 누가 飢餓에 시달려 求乞하면 憐憫하여 도왔다.,求乞,,구걸,구걸,
3급,99,2022-11-26,7,dokeum_W,다음 문장에서 밑줄 친 漢字語의 讀音을 쓰시오.,또 누가 飢餓에 시달려 求乞하면 憐憫하여 도왔다.,憐憫,,연민,연민,
3급,99,2022-11-26,8,dokeum_W,다음 문장에서 밑줄 친 漢字語의 讀音을 쓰시오.,그는 퇴직 후 환경이 汚染되지 않은 시골로 이사하였다.,汚染,,오염,오염,
3급,99,2022-11-26,9,dokeum_W,다음 문장에서 밑줄 친 漢字語의 讀音을 쓰시오.,그러고는 菜蔬를 栽培하고 蜂蜜을 채취하며 살았다.,菜蔬,,채소,채소,
3급,99,2022-11-26,10,dokeum_W,다음 문장에서 밑줄 친 漢字語의 讀音을 쓰시오.,그러고는 菜蔬를 栽培하고 蜂蜜을 채취하며 살았다.,栽培,,재배,재배,
3급,99,2022-11-26,11,dokeum_W,다음 문장에서 밑줄 친 漢字語의 讀音을 쓰시오.,그러고는 菜蔬를 栽培하고 蜂蜜을 채취하며 살았다.,蜂蜜,,봉밀,봉밀,
3급,99,2022-11-26,12,dokeum_W,다음 문장에서 밑줄 친 漢字語의 讀音을 쓰시오.,지인들이 찾아오면 편안히 宿泊하게 해주며 接賓을 소홀히 하지 않았다.,宿泊,,숙박,숙박,
3급,99,2022-11-26,13,dokeum_W,다음 문장에서 밑줄 친 漢字語의 讀音을 쓰시오.,지인들이 찾아오면 편안히 宿泊하게 해주며 接賓을 소홀히 하지 않았다.,接賓,,접빈,접빈,
3급,99,2022-11-26,14,dokeum_W,다음 문장에서 밑줄 친 漢字語의 讀音을 쓰시오.,또 마을 일에는 비용을 喜捨하기도 하였다.,喜捨,,희사,희사,
3급,99,2022-11-26,15,dokeum_W,다음 문장에서 밑줄 친 漢字語의 讀音을 쓰시오.,세상에는 좋은 사람들도 있지만 庸劣한 사람들도 있다.,庸劣,,용렬,용렬,
3급,99,2022-11-26,16,dokeum_W,다음 문장에서 밑줄 친 漢字語의 讀音을 쓰시오.,그들은 남을 傲慢하고 放恣하게 대하거나 欺罔하기도 한다.,傲慢,,오만,오만,
3급,99,2022-11-26,17,dokeum_W,다음 문장에서 밑줄 친 漢字語의 讀音을 쓰시오.,그들은 남을 傲慢하고 放恣하게 대하거나 欺罔하기도 한다.,放恣,,방자,방자,
3급,99,2022-11-26,18,dokeum_W,다음 문장에서 밑줄 친 漢字語의 讀音을 쓰시오.,그들은 남을 傲慢하고 放恣하게 대하거나 欺罔하기도 한다.,欺罔,,기망,기망,
3급,99,2022-11-26,19,dokeum_W,다음 문장에서 밑줄 친 漢字語의 讀音을 쓰시오.,또 사회에 紛糾를 일으키기도 한다.,紛糾,,분규,분규,
3급,99,2022-11-26,20,dokeum_W,다음 문장에서 밑줄 친 漢字語의 讀音을 쓰시오.,심지어는 국민의 의무인 納稅를 忌避하거나 국가에 謀叛하는 사람들까지도 있다.,納稅,,납세,납세,
3급,99,2022-11-26,21,dokeum_W,다음 문장에서 밑줄 친 漢字語의 讀音을 쓰시오.,심지어는 국민의 의무인 納稅를 忌避하거나 국가에 謀叛하는 사람들까지도 있다.,忌避,,기피,기피,
3급,99,2022-11-26,22,dokeum_W,다음 문장에서 밑줄 친 漢字語의 讀音을 쓰시오.,심지어는 국민의 의무인 納稅를 忌避하거나 국가에 謀叛하는 사람들까지도 있다.,謀叛,,모반,모반,
3급,99,2022-11-26,23,dokeum_W,다음 문장에서 밑줄 친 漢字語의 讀音을 쓰시오.,戊戌년 歲暮부터 조선에 災殃이 頻繁하게 일어났다.,戊戌,,무술,무술,
3급,99,2022-11-26,24,dokeum_W,다음 문장에서 밑줄 친 漢字語의 讀音을 쓰시오.,戊戌년 歲暮부터 조선에 災殃이 頻繁하게 일어났다.,歲暮,,세모,세모,
3급,99,2022-11-26,25,dokeum_W,다음 문장에서 밑줄 친 漢字語의 讀音을 쓰시오.,戊戌년 歲暮부터 조선에 災殃이 頻繁하게 일어났다.,災殃,,재앙,재앙,
3급,99,2022-11-26,26,dokeum_W,다음 문장에서 밑줄 친 漢字語의 讀音을 쓰시오.,戊戌년 歲暮부터 조선에 災殃이 頻繁하게 일어났다.,頻繁,,빈번,빈번,
3급,99,2022-11-26,27,dokeum_W,다음 문장에서 밑줄 친 漢字語의 讀音을 쓰시오.,旱暑의 차이가 극심하여 농사가 잘 안되어 큰 흉년이 들었다.,旱暑,,한서,한서,
3급,99,2022-11-26,28,dokeum_W,다음 문장에서 밑줄 친 漢字語의 讀音을 쓰시오.,그러자 굶주린 사람들이 도둑이 되어 민가를 掠奪하기도 했다.,掠奪,,약탈,약탈,
3급,99,2022-11-26,29,dokeum_W,다음 문장에서 밑줄 친 漢字語의 讀音을 쓰시오.,이에 민심은 크게 動搖하였다.,動搖,,동요,동요,
3급,99,2022-11-26,30,dokeum_W,다음 문장에서 밑줄 친 漢字語의 讀音을 쓰시오.,"국왕은 크게 煩惱하며, 어느 날은 墮淚하기까지 하였다.",煩惱,,번뇌,번뇌,
3급,99,2022-11-26,31,dokeum_W,다음 문장에서 밑줄 친 漢字語의 讀音을 쓰시오.,"국왕은 크게 煩惱하며, 어느 날은 墮淚하기까지 하였다.",墮淚,,타루,타루,
3급,99,2022-11-26,32,dokeum_W,다음 문장에서 밑줄 친 漢字語의 讀音을 쓰시오.,그것을 본 補佐하는 신하들도 따라서 哭泣하였다.,補佐,,보좌,보좌,
3급,99,2022-11-26,33,dokeum_W,다음 문장에서 밑줄 친 漢字語의 讀音을 쓰시오.,그것을 본 補佐하는 신하들도 따라서 哭泣하였다.,哭泣,,곡읍,곡읍,
3급,99,2022-11-26,34,dokeum_W,다음 문장에서 밑줄 친 漢字語의 讀音을 쓰시오.,그들은 宗廟를 찾아 더 정치를 잘 하여 이 難局을 극복할 것을 조상 앞에 맹세하였다.,宗廟,,종묘,종묘,
3급,99,2022-11-26,35,dokeum_W,다음 문장에서 밑줄 친 漢字語의 讀音을 쓰시오.,그들은 宗廟를 찾아 더 정치를 잘 하여 이 難局을 극복할 것을 조상 앞에 맹세하였다.,難局,,난국,난국,
3급,99,2022-11-26,36,dokeum_W,다음 漢字語의 讀音을 쓰시오.,絹織,絹織,,견직,견직,
3급,99,2022-11-26,37,dokeum_W,다음 漢字語의 讀音을 쓰시오.,播種,播種,,파종,파종,
3급,99,2022-11-26,38,dokeum_W,다음 漢字語의 讀音을 쓰시오.,慙愧,慙愧,,참괴,참괴,
3급,99,2022-11-26,39,dokeum_W,다음 漢字語의 讀音을 쓰시오.,推尋,推尋,,추심,추심,
3급,99,2022-11-26,40,dokeum_W,다음 漢字語의 讀音을 쓰시오.,燭臺,燭臺,,촉대,촉대,
3급,99,2022-11-26,41,dokeum_W,다음 漢字語의 讀音을 쓰시오.,霧滴,霧滴,,무적,무적,
3급,99,2022-11-26,42,dokeum_W,다음 漢字語의 讀音을 쓰시오.,塗炭,塗炭,,도탄,도탄,
3급,99,2022-11-26,43,dokeum_W,다음 漢字語의 讀音을 쓰시오.,逐鹿,逐鹿,,축록,축록,
3급,99,2022-11-26,44,dokeum_W,다음 漢字語의 讀音을 쓰시오.,密獵,密獵,,밀렵,밀렵,
3급,99,2022-11-26,45,dokeum_W,다음 漢字語의 讀音을 쓰시오.,醜貌,醜貌,,추모,추모,
3급,99,2022-11-26,46,huneum_W,다음 漢字의 訓과 音을 쓰시오.,肯,肯,,즐길 긍,즐길 긍,
3급,99,2022-11-26,47,huneum_W,다음 漢字의 訓과 音을 쓰시오.,忙,忙,,바쁠 망,바쁠 망,
3급,99,2022-11-26,48,huneum_W,다음 漢字의 訓과 音을 쓰시오.,只,只,,다만 지,다만 지,
3급,99,2022-11-26,49,huneum_W,다음 漢字의 訓과 音을 쓰시오.,懲,懲,,징계할 징,징계할 징,
3급,99,2022-11-26,50,huneum_W,다음 漢字의 訓과 音을 쓰시오.,携,携,,이끌 휴,이끌 휴,
3급,99,2022-11-26,51,huneum_W,다음 漢字의 訓과 音을 쓰시오.,俱,俱,,함께 구,함께 구,
3급,99,2022-11-26,52,huneum_W,다음 漢字의 訓과 音을 쓰시오.,宰,宰,,재상 재,재상 재,
3급,99,2022-11-26,53,huneum_W,다음 漢字의 訓과 音을 쓰시오.,暢,暢,,화창할 창,화창할 창,
3급,99,2022-11-26,54,huneum_W,다음 漢字의 訓과 音을 쓰시오.,擁,擁,,낄 옹,낄 옹,
3급,99,2022-11-26,55,huneum_W,다음 漢字의 訓과 音을 쓰시오.,敍,敍,,펼 서,펼 서,
3급,99,2022-11-26,56,huneum_W,다음 漢字의 訓과 音을 쓰시오.,昭,昭,,밝을 소,밝을 소,
3급,99,2022-11-26,57,huneum_W,다음 漢字의 訓과 音을 쓰시오.,躍,躍,,뛸 약,뛸 약,
3급,99,2022-11-26,58,huneum_W,다음 漢字의 訓과 音을 쓰시오.,搜,搜,,찾을 수,찾을 수,
3급,99,2022-11-26,59,huneum_W,다음 漢字의 訓과 音을 쓰시오.,僚,僚,,동료 료,동료 료,
3급,99,2022-11-26,60,huneum_W,다음 漢字의 訓과 音을 쓰시오.,而,而,,말이을 이,말이을 이,
3급,99,2022-11-26,61,huneum_W,다음 漢字의 訓과 音을 쓰시오.,茫,茫,,아득할 망,아득할 망,
3급,99,2022-11-26,62,huneum_W,다음 漢字의 訓과 音을 쓰시오.,屢,屢,,여러 루,여러 루,
3급,99,2022-11-26,63,huneum_W,다음 漢字의 訓과 音을 쓰시오.,坤,坤,,따 곤,따 곤,
3급,99,2022-11-26,64,huneum_W,다음 漢字의 訓과 音을 쓰시오.,遞,遞,,갈릴 체,갈릴 체,
3급,99,2022-11-26,65,huneum_W,다음 漢字의 訓과 音을 쓰시오.,托,托,,맡길 탁,맡길 탁,
3급,99,2022-11-26,66,huneum_W,다음 漢字의 訓과 音을 쓰시오.,嫌,嫌,,싫어할 혐,싫어할 혐,
3급,99,2022-11-26,67,huneum_W,다음 漢字의 訓과 音을 쓰시오.,睡,睡,,졸음 수,졸음 수,
3급,99,2022-11-26,68,huneum_W,다음 漢字의 訓과 音을 쓰시오.,傍,傍,,곁 방,곁 방,
3급,99,2022-11-26,69,huneum_W,다음 漢字의 訓과 音을 쓰시오.,騰,騰,,오를 등,오를 등,
3급,99,2022-11-26,70,huneum_W,다음 漢字의 訓과 音을 쓰시오.,懼,懼,,두려워할 구,두려워할 구,
3급,99,2022-11-26,71,huneum_W,다음 漢字의 訓과 音을 쓰시오.,毁,毁,,헐 훼,헐 훼,
3급,99,2022-11-26,72,huneum_W,다음 漢字의 訓과 音을 쓰시오.,隷,隷,,종 례,종 례,
3급,99,2022-11-26,73,jangeum_S,다음 중 첫음절이 長音으로 발음되는 것을 고르시오.,,,"[""① 詠歌"", ""② 靈歌""]",①,① 詠歌,
3급,99,2022-11-26,74,jangeum_S,다음 중 첫음절이 長音으로 발음되는 것을 고르시오.,,,"[""① 天神"", ""② 薦新""]",②,② 薦新,
3급,99,2022-11-26,75,jangeum_S,다음 중 첫음절이 長音으로 발음되는 것을 고르시오.,,,"[""① 條文"", ""② 弔問""]",②,② 弔問,
3급,99,2022-11-26,76,jangeum_S,다음 중 첫음절이 長音으로 발음되는 것을 고르시오.,,,"[""① 署員"", ""② 書院""]",①,① 署員,
3급,99,2022-11-26,77,jangeum_S,다음 중 첫음절이 長音으로 발음되는 것을 고르시오.,,,"[""① 行雲"", ""② 幸運""]",②,② 幸運,
3급,99,2022-11-26,78,hanjaeo_W,다음 문장에서 밑줄 친 漢字語를 漢字(正字)로 쓰시오.,우리 자매는 부모님께 유산으로 시골집을 물려받았다.,자매,,姉妹,姉妹,
3급,99,2022-11-26,79,hanjaeo_W,다음 문장에서 밑줄 친 漢字語를 漢字(正字)로 쓰시오.,우리 자매는 부모님께 유산으로 시골집을 물려받았다.,유산,,遺産,遺産,
3급,99,2022-11-26,80,hanjaeo_W,다음 문장에서 밑줄 친 漢字語를 漢字(正字)로 쓰시오.,그래서 퇴직 후에 함께 귀향하여 농촌에서 거처하고 있다.,퇴직,,退職,退職,
3급,99,2022-11-26,81,hanjaeo_W,다음 문장에서 밑줄 친 漢字語를 漢字(正字)로 쓰시오.,그래서 퇴직 후에 함께 귀향하여 농촌에서 거처하고 있다.,귀향,,歸鄕,歸鄕,
3급,99,2022-11-26,82,hanjaeo_W,다음 문장에서 밑줄 친 漢字語를 漢字(正字)로 쓰시오.,그래서 퇴직 후에 함께 귀향하여 농촌에서 거처하고 있다.,거처,,居處,居處,
3급,99,2022-11-26,83,hanjaeo_W,다음 문장에서 밑줄 친 漢字語를 漢字(正字)로 쓰시오.,우리 마을은 경치가 수려하다.,경치,,景致,景致,
3급,99,2022-11-26,84,hanjaeo_W,다음 문장에서 밑줄 친 漢字語를 漢字(正字)로 쓰시오.,우리 마을은 경치가 수려하다.,수려,,秀麗,秀麗,
3급,99,2022-11-26,85,hanjaeo_W,다음 문장에서 밑줄 친 漢字語를 漢字(正字)로 쓰시오.,"우리는 닭을 길러서 계란을 얻고, 과실수를 심어 과일도 맛본다.",계란,,鷄卵,鷄卵,
3급,99,2022-11-26,86,hanjaeo_W,다음 문장에서 밑줄 친 漢字語를 漢字(正字)로 쓰시오.,"우리는 닭을 길러서 계란을 얻고, 과실수를 심어 과일도 맛본다.",과실수,,果實樹,果實樹,
3급,99,2022-11-26,87,hanjaeo_W,다음 문장에서 밑줄 친 漢字語를 漢字(正字)로 쓰시오.,또 잡곡도 심어 수확한다.,잡곡,,雜穀,雜穀,
3급,99,2022-11-26,88,hanjaeo_W,다음 문장에서 밑줄 친 漢字語를 漢字(正字)로 쓰시오.,가까운 산과 들로 소풍도 다니며 건강도 챙기고 있다.,소풍,,消(逍)風,消(逍)風,
3급,99,2022-11-26,89,hanjaeo_W,다음 문장에서 밑줄 친 漢字語를 漢字(正字)로 쓰시오.,가까운 산과 들로 소풍도 다니며 건강도 챙기고 있다.,건강,,健康,健康,
3급,99,2022-11-26,90,hanjaeo_W,다음 문장에서 밑줄 친 漢字語를 漢字(正字)로 쓰시오.,우리는 이 생활에 만족한다.,만족,,滿足,滿足,
3급,99,2022-11-26,91,hanjaeo_W,다음 문장에서 밑줄 친 漢字語를 漢字(正字)로 쓰시오.,그는 근면하며 검소하다.,근면,,勤勉,勤勉,
3급,99,2022-11-26,92,hanjaeo_W,다음 문장에서 밑줄 친 漢字語를 漢字(正字)로 쓰시오.,그는 근면하며 검소하다.,검소,,儉素,儉素,
3급,99,2022-11-26,93,hanjaeo_W,다음 문장에서 밑줄 친 漢字語를 漢字(正字)로 쓰시오.,"사회 규범을 잘 지키고, 나름대로 국가에 기여도 한다.",규범,,規範,規範,
3급,99,2022-11-26,94,hanjaeo_W,다음 문장에서 밑줄 친 漢字語를 漢字(正字)로 쓰시오.,"사회 규범을 잘 지키고, 나름대로 국가에 기여도 한다.",기여,,寄與,寄與,
3급,99,2022-11-26,95,hanjaeo_W,다음 문장에서 밑줄 친 漢字語를 漢字(正字)로 쓰시오.,한편으로 그는 격렬한 운동을 하면서 승부 겨루기를 즐기기도 한다.,격렬,,激烈,激烈,
3급,99,2022-11-26,96,hanjaeo_W,다음 문장에서 밑줄 친 漢字語를 漢字(正字)로 쓰시오.,한편으로 그는 격렬한 운동을 하면서 승부 겨루기를 즐기기도 한다.,승부,,勝負,勝負,
3급,99,2022-11-26,97,hanjaeo_W,다음 문장에서 밑줄 친 漢字語를 漢字(正字)로 쓰시오.,내가 여가가 있을 때 즐기는 취미는 영화 감상이다.,여가,,餘暇,餘暇,
3급,99,2022-11-26,98,hanjaeo_W,다음 문장에서 밑줄 친 漢字語를 漢字(正字)로 쓰시오.,내가 여가가 있을 때 즐기는 취미는 영화 감상이다.,취미,,趣味,趣味,
3급,99,2022-11-26,99,hanjaeo_W,다음 문장에서 밑줄 친 漢字語를 漢字(正字)로 쓰시오.,내가 여가가 있을 때 즐기는 취미는 영화 감상이다.,영화,,映畫,映畫,
3급,99,2022-11-26,100,hanjaeo_W,다음 문장에서 밑줄 친 漢字語를 漢字(正字)로 쓰시오.,요즘 영화 쪽에서도 한류가 대단하다.,한류,,韓流,韓流,
3급,99,2022-11-26,101,hanjaeo_W,다음 문장에서 밑줄 친 漢字語를 漢字(正字)로 쓰시오.,“기생충”이나 “오징어게임” 같은 다양한 내용의 좋은 한국 영화들이 많이 나와서 세계인들이 찬탄한다.,다양,,多樣,多樣,
3급,99,2022-11-26,102,hanjaeo_W,다음 문장에서 밑줄 친 漢字語를 漢字(正字)로 쓰시오.,“기생충”이나 “오징어게임” 같은 다양한 내용의 좋은 한국 영화들이 많이 나와서 세계인들이 찬탄한다.,찬탄,,讚歎,讚歎,
3급,99,2022-11-26,103,hanjaeo_W,다음 문장에서 밑줄 친 漢字語를 漢字(正字)로 쓰시오.,"세계 영화제에서도 감독, 연기 등 여러 분야에서 한국인들이 수상하고 있다.",감독,,監督,監督,
3급,99,2022-11-26,104,hanjaeo_W,다음 문장에서 밑줄 친 漢字語를 漢字(正字)로 쓰시오.,"세계 영화제에서도 감독, 연기 등 여러 분야에서 한국인들이 수상하고 있다.",연기,,演技,演技,
3급,99,2022-11-26,105,hanjaeo_W,다음 문장에서 밑줄 친 漢字語를 漢字(正字)로 쓰시오.,"세계 영화제에서도 감독, 연기 등 여러 분야에서 한국인들이 수상하고 있다.",수상,,受賞,受賞,
3급,99,2022-11-26,106,hanjaeo_W,다음 문장에서 밑줄 친 漢字語를 漢字(正字)로 쓰시오.,앞으로도 한국 영화는 더욱 발전해 나가리라고 나는 예측한다.,발전,,發展,發展,
3급,99,2022-11-26,107,hanjaeo_W,다음 문장에서 밑줄 친 漢字語를 漢字(正字)로 쓰시오.,앞으로도 한국 영화는 더욱 발전해 나가리라고 나는 예측한다.,예측,,豫測,豫測,
3급,99,2022-11-26,108,yui_W,다음 漢字와 비슷한 뜻을 가진 漢字(正字)를 (           ) 안에 써서 문장에 적합한 漢字語가 되게 하시오.,강이나 바다를 건너는 곳에는 (   )梁이 세워져 있다.,( )梁,,橋,橋,
3급,99,2022-11-26,109,yui_W,다음 漢字와 비슷한 뜻을 가진 漢字(正字)를 (           ) 안에 써서 문장에 적합한 漢字語가 되게 하시오.,요즘 (    )姻하는 사람들이 줄어들고 있어 사회문제가 된다.,( )姻,,婚,婚,
3급,99,2022-11-26,110,yui_W,다음 漢字와 비슷한 뜻을 가진 漢字(正字)를 (           ) 안에 써서 문장에 적합한 漢字語가 되게 하시오.,영국 엘리자베스 여왕 장례식은 ( )肅하게 진행되었다.,( )肅,,嚴,嚴,
3급,99,2022-11-26,111,yui_W,다음 漢字와 비슷한 뜻을 가진 漢字(正字)를 (           ) 안에 써서 문장에 적합한 漢字語가 되게 하시오.,초등학교는 대개 附(        )된 어린이집을 운영한다.,附( ),,屬,屬,
3급,99,2022-11-26,112,yui_W,다음 漢字와 비슷한 뜻을 가진 漢字(正字)를 (           ) 안에 써서 문장에 적합한 漢字語가 되게 하시오.,서울에서 부산까지 距(          )는 약 400km가 된다.,距( ),,離,離,
3급,99,2022-11-26,113,banui_W,다음 漢字와 뜻이 反對 또는 相對되는 漢字(正字)를 써서 漢字語를 완성하시오.,엘리베이터는 고층 건물을 사람이나 물건이 乘(         )하는 데 도움을 준다.,乘( ),,降,降,
3급,99,2022-11-26,114,banui_W,다음 漢字와 뜻이 反對 또는 相對되는 漢字(正字)를 써서 漢字語를 완성하시오.,사람은 살면서 누구나 起(        )이 있기 마련이다.,起( ),,伏,伏,
3급,99,2022-11-26,115,banui_W,다음 漢字와 뜻이 反對 또는 相對되는 漢字(正字)를 써서 漢字語를 완성하시오.,운동 경기는 양 팀이 (       )防을 주고받으며 실력을 겨룬다.,( )防,,攻,攻,
3급,99,2022-11-26,116,banui_W,다음 漢字와 뜻이 反對 또는 相對되는 漢字(正字)를 써서 漢字語를 완성하시오.,수양대군이 단종을 폐위시킨 사건은 (     )姪 간에 벌어진 비극이다.,( )姪,,叔,叔,
3급,99,2022-11-26,117,banui_W,다음 漢字와 뜻이 反對 또는 相對되는 漢字(正字)를 써서 漢字語를 완성하시오.,시어머니와 며느리 사이에서는 어쩌다 姑(        ) 갈등이 생기기도 한다.,姑( ),,婦,婦,
3급,99,2022-11-26,118,banuieo_W,다음 漢字語의 反對語 또는 相對語를 2음절로 된 漢字(正字)로 쓰시오.,偏頗 ↔ (     ),偏頗 ↔ ( ),,公平,公平,
3급,99,2022-11-26,119,banuieo_W,다음 漢字語의 反對語 또는 相對語를 2음절로 된 漢字(正字)로 쓰시오.,正統 ↔ (     ),正統 ↔ ( ),,異端,異端,
3급,99,2022-11-26,120,banuieo_W,다음 漢字語의 反對語 또는 相對語를 2음절로 된 漢字(正字)로 쓰시오.,應答 ↔ (     ),應答 ↔ ( ),,質疑,質疑,
3급,99,2022-11-26,121,banuieo_W,다음 漢字語의 反對語 또는 相對語를 2음절로 된 漢字(正字)로 쓰시오.,快樂 ↔ (     ),快樂 ↔ ( ),,苦痛,苦痛,
3급,99,2022-11-26,122,banuieo_W,다음 漢字語의 反對語 또는 相對語를 2음절로 된 漢字(正字)로 쓰시오.,解散 ↔ (     ),解散 ↔ ( ),,集合,集合,
3급,99,2022-11-26,123,dongeumeo_W,"다음 漢字語의 동음이의어를 漢字(正字)로 쓰되, 제시된 뜻에 맞는 것으로 하시오.",(架設) - 임시로 만든 주장이나 이론.,(架設),,假說,假說,
3급,99,2022-11-26,124,dongeumeo_W,"다음 漢字語의 동음이의어를 漢字(正字)로 쓰되, 제시된 뜻에 맞는 것으로 하시오.",(加擔) - 길거리에 떠도는 말이나 화젯거리.,(加擔),,街談,街談,
3급,99,2022-11-26,125,dongeumeo_W,"다음 漢字語의 동음이의어를 漢字(正字)로 쓰되, 제시된 뜻에 맞는 것으로 하시오.",(寶位) - 보호하고 지킴.,(寶位),,保衛,保衛,
3급,99,2022-11-26,126,dongeumeo_W,"다음 漢字語의 동음이의어를 漢字(正字)로 쓰되, 제시된 뜻에 맞는 것으로 하시오.",(前提) - 권력을 오로지 혼자 갖고 멋대로 처리함.,(前提),,專制,專制,
3급,99,2022-11-26,127,dongeumeo_W,"다음 漢字語의 동음이의어를 漢字(正字)로 쓰되, 제시된 뜻에 맞는 것으로 하시오.",(支援) - 어떤 일에 뜻을 두고 구성원이 되기를 바람.,(支援),,志願,志願,
3급,99,2022-11-26,128,seongeo_W,다음 (       ) 안에 알맞은 漢字(正字)를 써서 四字成語를 완성하시오.,百折不(     ) : 어떠한 난관에도 결코 굽히지 않음.,百折不( ),,屈,屈,
3급,99,2022-11-26,129,seongeo_W,다음 (       ) 안에 알맞은 漢字(正字)를 써서 四字成語를 완성하시오.,明(   )止水 : 맑은 거울과 고요한 물.,明( )止水,,鏡,鏡,
3급,99,2022-11-26,130,seongeo_W,다음 (       ) 안에 알맞은 漢字(正字)를 써서 四字成語를 완성하시오.,一筆( )之 : 글씨를 단숨에 죽 내리 씀.,一筆( )之,,揮,揮,
3급,99,2022-11-26,131,seongeo_W,다음 (       ) 안에 알맞은 漢字(正字)를 써서 四字成語를 완성하시오.,送舊( )新 : 묵은해를 보내고 새해를 맞음.,送舊( )新,,迎,迎,
3급,99,2022-11-26,132,seongeo_W,다음 (       ) 안에 알맞은 漢字(正字)를 써서 四字成語를 완성하시오.,手不釋(     ) : 손에서 책을 놓지 아니하고 늘 글을 읽음.,手不釋( ),,卷,卷,
3급,99,2022-11-26,133,seongeo_W,다음 (       ) 안에 알맞은 漢字(正字)를 써서 四字成語를 완성하시오.,悠悠自(     ) : 속세를 떠나 아무 속박 없이 조용하고 편안하게 삶.,悠悠自( ),,適,適,
3급,99,2022-11-26,134,seongeo_W,다음 (       ) 안에 알맞은 漢字(正字)를 써서 四字成語를 완성하시오.,(    )國之色 : 임금이 혹하여 나라가 기울어져도 모를 정도의 미인.,( )國之色,,傾,傾,
3급,99,2022-11-26,135,seongeo_W,다음 (       ) 안에 알맞은 漢字(正字)를 써서 四字成語를 완성하시오.,群雄割(     ) : 여러 영웅이 각기 한 지방씩 차지하고 위세를 부림.,群雄割( ),,據,據,
3급,99,2022-11-26,136,seongeo_W,다음 (       ) 안에 알맞은 漢字(正字)를 써서 四字成語를 완성하시오.,(    )忍不拔 : 굳게 참고 견디어 마음이 흔들리지 않음.,( )忍不拔,,堅,堅,
3급,99,2022-11-26,137,seongeo_W,다음 (       ) 안에 알맞은 漢字(正字)를 써서 四字成語를 완성하시오.,面(    )腹背 : 겉으로는 복종하는 체하면서 내심으로는 배반함.,面( )腹背,,從,從,
3급,99,2022-11-26,138,busu_W,다음 漢字의 部首를 쓰시오.,牽,牽,,牛,牛,
3급,99,2022-11-26,139,busu_W,다음 漢字의 部首를 쓰시오.,幾,幾,,幺,幺,
3급,99,2022-11-26,140,busu_W,다음 漢字의 部首를 쓰시오.,孰,孰,,子,子,
3급,99,2022-11-26,141,busu_W,다음 漢字의 部首를 쓰시오.,豚,豚,,豕,豕,
3급,99,2022-11-26,142,busu_W,다음 漢字의 部首를 쓰시오.,募,募,,力,力,
3급,99,2022-11-26,143,yakja_W,다음 漢字의 略字를 쓰시오.,顯,顯,,顕,顕,
3급,99,2022-11-26,144,yakja_W,다음 漢字의 略字를 쓰시오.,歡,歡,,欢/歓,欢/歓,
3급,99,2022-11-26,145,yakja_W,다음 漢字의 略字를 쓰시오.,圍,圍,,囲,囲,
3급,99,2022-11-26,146,mean_W,다음 漢字語의 뜻을 쓰시오.,肩帶,肩帶,,어깨에 두르게 만든 자루,어깨에 두르게 만든 자루,
3급,99,2022-11-26,147,mean_W,다음 漢字語의 뜻을 쓰시오.,凝滯,凝滯,,걸리거나 막힘,걸리거나 막힘,
3급,99,2022-11-26,148,mean_W,다음 漢字語의 뜻을 쓰시오.,繫留,繫留,,밧줄로 붙잡아 매어 놓음,밧줄로 붙잡아 매어 놓음,
3급,99,2022-11-26,149,mean_W,다음 漢字語의 뜻을 쓰시오.,逮捕,逮捕,,사람을 붙잡아 못 움직이게 함,사람을 붙잡아 못 움직이게 함,
3급,99,2022-11-26,150,mean_W,다음 漢字語의 뜻을 쓰시오.,幽明,幽明,,어둠과 밝음. 저승과 이승,어둠과 밝음. 저승과 이승,
3급,100,2023-02-25,1,dokeum_W,다음 밑줄 친 漢字語의 讀音을 쓰시오.,"天使를 修飾할 때는 白衣를 사용하고, 악마나 鬼神을 꾸밀 때에는 대개 흑색을 사용한다.",天使,,천사,천사,
3급,100,2023-02-25,2,dokeum_W,다음 밑줄 친 漢字語의 讀音을 쓰시오.,"天使를 修飾할 때는 白衣를 사용하고, 악마나 鬼神을 꾸밀 때에는 대개 흑색을 사용한다.",修飾,,수식,수식,
3급,100,2023-02-25,3,dokeum_W,다음 밑줄 친 漢字語의 讀音을 쓰시오.,"天使를 修飾할 때는 白衣를 사용하고, 악마나 鬼神을 꾸밀 때에는 대개 흑색을 사용한다.",白衣,,백의,백의,
3급,100,2023-02-25,4,dokeum_W,다음 밑줄 친 漢字語의 讀音을 쓰시오.,"天使를 修飾할 때는 白衣를 사용하고, 악마나 鬼神을 꾸밀 때에는 대개 흑색을 사용한다.",鬼神,,귀신,귀신,
3급,100,2023-02-25,5,dokeum_W,다음 밑줄 친 漢字語의 讀音을 쓰시오.,백색이 衛生的인 것도 사실이다.,衛生的,,위생적,위생적,
3급,100,2023-02-25,6,dokeum_W,다음 밑줄 친 漢字語의 讀音을 쓰시오.,"醫師, 看護員, 理髮사들이 흰 가운을 입는 것도 그 까닭이다.",醫師,,의사,의사,
3급,100,2023-02-25,7,dokeum_W,다음 밑줄 친 漢字語의 讀音을 쓰시오.,"醫師, 看護員, 理髮사들이 흰 가운을 입는 것도 그 까닭이다.",看護員,,간호원,간호원,
3급,100,2023-02-25,8,dokeum_W,다음 밑줄 친 漢字語의 讀音을 쓰시오.,"醫師, 看護員, 理髮사들이 흰 가운을 입는 것도 그 까닭이다.",理髮,,이발,이발,
3급,100,2023-02-25,9,dokeum_W,다음 밑줄 친 漢字語의 讀音을 쓰시오.,西洋 신부의 禮服도 면사포까지 백색을 崇尙한다.,西洋,,서양,서양,
3급,100,2023-02-25,10,dokeum_W,다음 밑줄 친 漢字語의 讀音을 쓰시오.,西洋 신부의 禮服도 면사포까지 백색을 崇尙한다.,禮服,,예복,예복,
3급,100,2023-02-25,11,dokeum_W,다음 밑줄 친 漢字語의 讀音을 쓰시오.,西洋 신부의 禮服도 면사포까지 백색을 崇尙한다.,崇尙,,숭상,숭상,
3급,100,2023-02-25,12,dokeum_W,다음 밑줄 친 漢字語의 讀音을 쓰시오.,"우리 민족이 白衣를 입어온 것을 어느 史家처럼 太陽 숭배의 민족정신이라느니 하는 것은 몰라도,",史家,,사가,사가,
3급,100,2023-02-25,13,dokeum_W,다음 밑줄 친 漢字語의 讀音을 쓰시오.,"우리 민족이 白衣를 입어온 것을 어느 史家처럼 太陽 숭배의 민족정신이라느니 하는 것은 몰라도,",太陽,,태양,태양,
3급,100,2023-02-25,14,dokeum_W,다음 밑줄 친 漢字語의 讀音을 쓰시오.,"우리 민족이 미개해서 染料가 發明 안된 까닭이라느니,",染料,,염료,염료,
3급,100,2023-02-25,15,dokeum_W,다음 밑줄 친 漢字語의 讀音을 쓰시오.,"우리 민족이 미개해서 染料가 發明 안된 까닭이라느니,",發明,,발명,발명,
3급,100,2023-02-25,16,dokeum_W,다음 밑줄 친 漢字語의 讀音을 쓰시오.,"색채美感을 모르기 때문이라느니,",美感,,미감,미감,
3급,100,2023-02-25,17,dokeum_W,다음 밑줄 친 漢字語의 讀音을 쓰시오.,悲運에 복종하는 心情 때문이라느니 하는 등의 淺薄한 解釋은 삼가야 한다.,悲運,,비운,비운,
3급,100,2023-02-25,18,dokeum_W,다음 밑줄 친 漢字語의 讀音을 쓰시오.,悲運에 복종하는 心情 때문이라느니 하는 등의 淺薄한 解釋은 삼가야 한다.,心情,,심정,심정,
3급,100,2023-02-25,19,dokeum_W,다음 밑줄 친 漢字語의 讀音을 쓰시오.,悲運에 복종하는 心情 때문이라느니 하는 등의 淺薄한 解釋은 삼가야 한다.,淺薄,,천박,천박,
3급,100,2023-02-25,20,dokeum_W,다음 밑줄 친 漢字語의 讀音을 쓰시오.,悲運에 복종하는 心情 때문이라느니 하는 등의 淺薄한 解釋은 삼가야 한다.,解釋,,해석,해석,
3급,100,2023-02-25,21,dokeum_W,다음 밑줄 친 漢字語의 讀音을 쓰시오.,"코로나의 影響으로 석유 소비가 줄어 油價가 小幅 하락하였고,",影響,,영향,영향,
3급,100,2023-02-25,22,dokeum_W,다음 밑줄 친 漢字語의 讀音을 쓰시오.,"코로나의 影響으로 석유 소비가 줄어 油價가 小幅 하락하였고,",油價,,유가,유가,
3급,100,2023-02-25,23,dokeum_W,다음 밑줄 친 漢字語의 讀音을 쓰시오.,"코로나의 影響으로 석유 소비가 줄어 油價가 小幅 하락하였고,",小幅,,소폭,소폭,
3급,100,2023-02-25,24,dokeum_W,다음 밑줄 친 漢字語의 讀音을 쓰시오.,석윳값 하락은 各種 물가의 하락을 牽引할 것이라 한다.,各種,,각종,각종,
3급,100,2023-02-25,25,dokeum_W,다음 밑줄 친 漢字語의 讀音을 쓰시오.,석윳값 하락은 各種 물가의 하락을 牽引할 것이라 한다.,牽引,,견인,견인,
3급,100,2023-02-25,26,dokeum_W,다음 밑줄 친 漢字語의 讀音을 쓰시오.,산유국들은 석윳값 하락을 막기 위하여 생산량 減縮에 突入하기로 했다고 한다.,減縮,,감축,감축,
3급,100,2023-02-25,27,dokeum_W,다음 밑줄 친 漢字語의 讀音을 쓰시오.,산유국들은 석윳값 하락을 막기 위하여 생산량 減縮에 突入하기로 했다고 한다.,突入,,돌입,돌입,
3급,100,2023-02-25,28,dokeum_W,다음 밑줄 친 漢字語의 讀音을 쓰시오.,地球를 살리기 위해 深刻하게 훼손된 자연 環境을 보호하고 물자를 節約하자는 운동이 漸次 전 세계로 擴散되고 있다.,地球,,지구,지구,
3급,100,2023-02-25,29,dokeum_W,다음 밑줄 친 漢字語의 讀音을 쓰시오.,地球를 살리기 위해 深刻하게 훼손된 자연 環境을 보호하고 물자를 節約하자는 운동이 漸次 전 세계로 擴散되고 있다.,深刻,,심각,심각,
3급,100,2023-02-25,30,dokeum_W,다음 밑줄 친 漢字語의 讀音을 쓰시오.,地球를 살리기 위해 深刻하게 훼손된 자연 環境을 보호하고 물자를 節約하자는 운동이 漸次 전 세계로 擴散되고 있다.,環境,,환경,환경,
3급,100,2023-02-25,31,dokeum_W,다음 밑줄 친 漢字語의 讀音을 쓰시오.,地球를 살리기 위해 深刻하게 훼손된 자연 環境을 보호하고 물자를 節約하자는 운동이 漸次 전 세계로 擴散되고 있다.,節約,,절약,절약,
3급,100,2023-02-25,32,dokeum_W,다음 밑줄 친 漢字語의 讀音을 쓰시오.,地球를 살리기 위해 深刻하게 훼손된 자연 環境을 보호하고 물자를 節約하자는 운동이 漸次 전 세계로 擴散되고 있다.,漸次,,점차,점차,
3급,100,2023-02-25,33,dokeum_W,다음 밑줄 친 漢字語의 讀音을 쓰시오.,地球를 살리기 위해 深刻하게 훼손된 자연 環境을 보호하고 물자를 節約하자는 운동이 漸次 전 세계로 擴散되고 있다.,擴散,,확산,확산,
3급,100,2023-02-25,34,dokeum_W,다음 漢字語의 讀音을 쓰시오.,外泊,外泊,,외박,외박,
3급,100,2023-02-25,35,dokeum_W,다음 漢字語의 讀音을 쓰시오.,漫評,漫評,,만평,만평,
3급,100,2023-02-25,36,dokeum_W,다음 漢字語의 讀音을 쓰시오.,滿了,滿了,,만료,만료,
3급,100,2023-02-25,37,dokeum_W,다음 漢字語의 讀音을 쓰시오.,血淚,血淚,,혈루,혈루,
3급,100,2023-02-25,38,dokeum_W,다음 漢字語의 讀音을 쓰시오.,奔忙,奔忙,,분망,분망,
3급,100,2023-02-25,39,dokeum_W,다음 漢字語의 讀音을 쓰시오.,封墳,封墳,,봉분,봉분,
3급,100,2023-02-25,40,dokeum_W,다음 漢字語의 讀音을 쓰시오.,押留,押留,,압류,압류,
3급,100,2023-02-25,41,dokeum_W,다음 漢字語의 讀音을 쓰시오.,娛樂,娛樂,,오락,오락,
3급,100,2023-02-25,42,dokeum_W,다음 漢字語의 讀音을 쓰시오.,甚至於,甚至於,,심지어,심지어,
3급,100,2023-02-25,43,dokeum_W,다음 漢字語의 讀音을 쓰시오.,攝取,攝取,,섭취,섭취,
3급,100,2023-02-25,44,dokeum_W,다음 漢字語의 讀音을 쓰시오.,慙悔,慙悔,,참회,참회,
3급,100,2023-02-25,45,dokeum_W,다음 漢字語의 讀音을 쓰시오.,提携,提携,,제휴,제휴,
3급,100,2023-02-25,46,huneum_W,다음 漢字의 訓과 音을 쓰시오.,俊,俊,,준걸 준,준걸 준,
3급,100,2023-02-25,47,huneum_W,다음 漢字의 訓과 音을 쓰시오.,尤,尤,,더욱 우,더욱 우,
3급,100,2023-02-25,48,huneum_W,다음 漢字의 訓과 音을 쓰시오.,雖,雖,,비록 수,비록 수,
3급,100,2023-02-25,49,huneum_W,다음 漢字의 訓과 音을 쓰시오.,擁,擁,,낄 옹,낄 옹,
3급,100,2023-02-25,50,huneum_W,다음 漢字의 訓과 音을 쓰시오.,妥,妥,,온당할 타,온당할 타,
3급,100,2023-02-25,51,huneum_W,다음 漢字의 訓과 音을 쓰시오.,頗,頗,,자못 파,자못 파,
3급,100,2023-02-25,52,huneum_W,다음 漢字의 訓과 音을 쓰시오.,抄,抄,,뽑을 초,뽑을 초,
3급,100,2023-02-25,53,huneum_W,다음 漢字의 訓과 音을 쓰시오.,遞,遞,,갈릴 체,갈릴 체,
3급,100,2023-02-25,54,huneum_W,다음 漢字의 訓과 音을 쓰시오.,漂,漂,,떠다닐 표,떠다닐 표,
3급,100,2023-02-25,55,huneum_W,다음 漢字의 訓과 音을 쓰시오.,匹,匹,,짝 필,짝 필,
3급,100,2023-02-25,56,huneum_W,다음 漢字의 訓과 音을 쓰시오.,享,享,,누릴 향,누릴 향,
3급,100,2023-02-25,57,huneum_W,다음 漢字의 訓과 音을 쓰시오.,巷,巷,,거리 항,거리 항,
3급,100,2023-02-25,58,huneum_W,다음 漢字의 訓과 音을 쓰시오.,亨,亨,,형통할 형,형통할 형,
3급,100,2023-02-25,59,huneum_W,다음 漢字의 訓과 音을 쓰시오.,肩,肩,,어깨 견,어깨 견,
3급,100,2023-02-25,60,huneum_W,다음 漢字의 訓과 音을 쓰시오.,遣,遣,,보낼 견,보낼 견,
3급,100,2023-02-25,61,huneum_W,다음 漢字의 訓과 音을 쓰시오.,濫,濫,,넘칠 람,넘칠 람,
3급,100,2023-02-25,62,huneum_W,다음 漢字의 訓과 音을 쓰시오.,乃,乃,,이에 내,이에 내,
3급,100,2023-02-25,63,huneum_W,다음 漢字의 訓과 音을 쓰시오.,旣,旣,,이미 기,이미 기,
3급,100,2023-02-25,64,huneum_W,다음 漢字의 訓과 音을 쓰시오.,肯,肯,,즐길 긍,즐길 긍,
3급,100,2023-02-25,65,huneum_W,다음 漢字의 訓과 音을 쓰시오.,那,那,,어찌 나,어찌 나,
3급,100,2023-02-25,66,huneum_W,다음 漢字의 訓과 音을 쓰시오.,塗,塗,,칠할 도,칠할 도,
3급,100,2023-02-25,67,huneum_W,다음 漢字의 訓과 音을 쓰시오.,侮,侮,,업신여길 모,업신여길 모,
3급,100,2023-02-25,68,huneum_W,다음 漢字의 訓과 音을 쓰시오.,飜,飜,,번역할 번,번역할 번,
3급,100,2023-02-25,69,huneum_W,다음 漢字의 訓과 音을 쓰시오.,捨,捨,,버릴 사,버릴 사,
3급,100,2023-02-25,70,huneum_W,다음 漢字의 訓과 音을 쓰시오.,耶,耶,,어조사 야,어조사 야,
3급,100,2023-02-25,71,huneum_W,다음 漢字의 訓과 音을 쓰시오.,滴,滴,,물방울 적,물방울 적,
3급,100,2023-02-25,72,huneum_W,다음 漢字의 訓과 音을 쓰시오.,枕,枕,,베개 침,베개 침,
3급,100,2023-02-25,73,jangeum_S,다음 중 첫음절이 長音으로 발음되는 것을 고르시오.,,,"[""① 遺命"", ""② 有名""]",②,② 有名,
3급,100,2023-02-25,74,jangeum_S,다음 중 첫음절이 長音으로 발음되는 것을 고르시오.,,,"[""① 丈夫"", ""② 帳簿""]",①,① 丈夫,
3급,100,2023-02-25,75,jangeum_S,다음 중 첫음절이 長音으로 발음되는 것을 고르시오.,,,"[""① 旱害"", ""② 寒害""]",①,① 旱害,
3급,100,2023-02-25,76,jangeum_S,다음 중 첫음절이 長音으로 발음되는 것을 고르시오.,,,"[""① 訪問"", ""② 房門""]",①,① 訪問,
3급,100,2023-02-25,77,jangeum_S,다음 중 첫음절이 長音으로 발음되는 것을 고르시오.,,,"[""① 幹部"", ""② 姦婦""]",②,② 姦婦,
3급,100,2023-02-25,78,hanjaeo_W,다음 문장에서 밑줄 친 漢字語를 漢字(正字)로 쓰시오.,우수 지나고 경칩도 지나니 춘색이 완연하다.,우수,,雨水,雨水,
3급,100,2023-02-25,79,hanjaeo_W,다음 문장에서 밑줄 친 漢字語를 漢字(正字)로 쓰시오.,우수 지나고 경칩도 지나니 춘색이 완연하다.,춘색,,春色,春色,
3급,100,2023-02-25,80,hanjaeo_W,다음 문장에서 밑줄 친 漢字語를 漢字(正字)로 쓰시오.,기후는 온화하고 만물이 소생하니 희망이 부풀고 세상에 활기가 넘친다.,기후,,氣候,氣候,
3급,100,2023-02-25,81,hanjaeo_W,다음 문장에서 밑줄 친 漢字語를 漢字(正字)로 쓰시오.,기후는 온화하고 만물이 소생하니 희망이 부풀고 세상에 활기가 넘친다.,온화,,溫和,溫和,
3급,100,2023-02-25,82,hanjaeo_W,다음 문장에서 밑줄 친 漢字語를 漢字(正字)로 쓰시오.,기후는 온화하고 만물이 소생하니 희망이 부풀고 세상에 활기가 넘친다.,만물,,萬物,萬物,
3급,100,2023-02-25,83,hanjaeo_W,다음 문장에서 밑줄 친 漢字語를 漢字(正字)로 쓰시오.,기후는 온화하고 만물이 소생하니 희망이 부풀고 세상에 활기가 넘친다.,희망,,希望,希望,
3급,100,2023-02-25,84,hanjaeo_W,다음 문장에서 밑줄 친 漢字語를 漢字(正字)로 쓰시오.,"농촌에서는 농사일 준비에 바쁘고, 도시에서는 겨우내 쌓인 때 벗기는 청소하기에 바쁘다.",농촌,,農村,農村,
3급,100,2023-02-25,85,hanjaeo_W,다음 문장에서 밑줄 친 漢字語를 漢字(正字)로 쓰시오.,"농촌에서는 농사일 준비에 바쁘고, 도시에서는 겨우내 쌓인 때 벗기는 청소하기에 바쁘다.",준비,,準備,準備,
3급,100,2023-02-25,86,hanjaeo_W,다음 문장에서 밑줄 친 漢字語를 漢字(正字)로 쓰시오.,"농촌에서는 농사일 준비에 바쁘고, 도시에서는 겨우내 쌓인 때 벗기는 청소하기에 바쁘다.",청소,,淸掃,淸掃,
3급,100,2023-02-25,87,hanjaeo_W,다음 문장에서 밑줄 친 漢字語를 漢字(正字)로 쓰시오.,최근 자율 주행 자동차가 출시되었다는 소식이 있었다.,최근,,最近,最近,
3급,100,2023-02-25,88,hanjaeo_W,다음 문장에서 밑줄 친 漢字語를 漢字(正字)로 쓰시오.,최근 자율 주행 자동차가 출시되었다는 소식이 있었다.,자율,,自律,自律,
3급,100,2023-02-25,89,hanjaeo_W,다음 문장에서 밑줄 친 漢字語를 漢字(正字)로 쓰시오.,최근 자율 주행 자동차가 출시되었다는 소식이 있었다.,주행,,走行,走行,
3급,100,2023-02-25,90,hanjaeo_W,다음 문장에서 밑줄 친 漢字語를 漢字(正字)로 쓰시오.,최근 자율 주행 자동차가 출시되었다는 소식이 있었다.,출시,,出市,出市,
3급,100,2023-02-25,91,hanjaeo_W,다음 문장에서 밑줄 친 漢字語를 漢字(正字)로 쓰시오.,최근 자율 주행 자동차가 출시되었다는 소식이 있었다.,소식,,消息,消息,
3급,100,2023-02-25,92,hanjaeo_W,다음 문장에서 밑줄 친 漢字語를 漢字(正字)로 쓰시오.,이 자율주행차에 대한 기대가 특별히 큰 사람들은 연로한 사람들이다.,기대,,期待,期待,
3급,100,2023-02-25,93,hanjaeo_W,다음 문장에서 밑줄 친 漢字語를 漢字(正字)로 쓰시오.,이 자율주행차에 대한 기대가 특별히 큰 사람들은 연로한 사람들이다.,특별,,特別,特別,
3급,100,2023-02-25,94,hanjaeo_W,다음 문장에서 밑줄 친 漢字語를 漢字(正字)로 쓰시오.,이 자율주행차에 대한 기대가 특별히 큰 사람들은 연로한 사람들이다.,연로,,年老,年老,
3급,100,2023-02-25,95,hanjaeo_W,다음 문장에서 밑줄 친 漢字語를 漢字(正字)로 쓰시오.,많은 교통 사고를 방지할 수 있기 때문이다.,교통,,交通,交通,
3급,100,2023-02-25,96,hanjaeo_W,다음 문장에서 밑줄 친 漢字語를 漢字(正字)로 쓰시오.,많은 교통 사고를 방지할 수 있기 때문이다.,방지,,防止,防止,
3급,100,2023-02-25,97,hanjaeo_W,다음 문장에서 밑줄 친 漢字語를 漢字(正字)로 쓰시오.,"운전자의 실수나 도로 주변 상황 파악 미흡, 안전거리 미확보, 중앙선 침범, 신호 위반 등으로 인한 사고를 방지할 수 있다고 한다.",실수,,失手,失手,
3급,100,2023-02-25,98,hanjaeo_W,다음 문장에서 밑줄 친 漢字語를 漢字(正字)로 쓰시오.,"운전자의 실수나 도로 주변 상황 파악 미흡, 안전거리 미확보, 중앙선 침범, 신호 위반 등으로 인한 사고를 방지할 수 있다고 한다.",도로,,道路,道路,
3급,100,2023-02-25,99,hanjaeo_W,다음 문장에서 밑줄 친 漢字語를 漢字(正字)로 쓰시오.,"운전자의 실수나 도로 주변 상황 파악 미흡, 안전거리 미확보, 중앙선 침범, 신호 위반 등으로 인한 사고를 방지할 수 있다고 한다.",주변,,周邊,周邊,
3급,100,2023-02-25,100,hanjaeo_W,다음 문장에서 밑줄 친 漢字語를 漢字(正字)로 쓰시오.,"운전자의 실수나 도로 주변 상황 파악 미흡, 안전거리 미확보, 중앙선 침범, 신호 위반 등으로 인한 사고를 방지할 수 있다고 한다.",상황,,狀況,狀況,
3급,100,2023-02-25,101,hanjaeo_W,다음 문장에서 밑줄 친 漢字語를 漢字(正字)로 쓰시오.,"운전자의 실수나 도로 주변 상황 파악 미흡, 안전거리 미확보, 중앙선 침범, 신호 위반 등으로 인한 사고를 방지할 수 있다고 한다.",미확보,,未確保,未確保,
3급,100,2023-02-25,102,hanjaeo_W,다음 문장에서 밑줄 친 漢字語를 漢字(正字)로 쓰시오.,"운전자의 실수나 도로 주변 상황 파악 미흡, 안전거리 미확보, 중앙선 침범, 신호 위반 등으로 인한 사고를 방지할 수 있다고 한다.",침범,,侵犯,侵犯,
3급,100,2023-02-25,103,hanjaeo_W,다음 문장에서 밑줄 친 漢字語를 漢字(正字)로 쓰시오.,"운전자의 실수나 도로 주변 상황 파악 미흡, 안전거리 미확보, 중앙선 침범, 신호 위반 등으로 인한 사고를 방지할 수 있다고 한다.",신호,,信號,信號,
3급,100,2023-02-25,104,hanjaeo_W,다음 문장에서 밑줄 친 漢字語를 漢字(正字)로 쓰시오.,그러나 자율주행차가 상용화되려면 몇 단계의 개선과 몇 가지 문제점의 보완이 필요하다고 한다.,상용화,,常用化,常用化,
3급,100,2023-02-25,105,hanjaeo_W,다음 문장에서 밑줄 친 漢字語를 漢字(正字)로 쓰시오.,그러나 자율주행차가 상용화되려면 몇 단계의 개선과 몇 가지 문제점의 보완이 필요하다고 한다.,단계,,段階,段階,
3급,100,2023-02-25,106,hanjaeo_W,다음 문장에서 밑줄 친 漢字語를 漢字(正字)로 쓰시오.,그러나 자율주행차가 상용화되려면 몇 단계의 개선과 몇 가지 문제점의 보완이 필요하다고 한다.,개선,,改善,改善,
3급,100,2023-02-25,107,hanjaeo_W,다음 문장에서 밑줄 친 漢字語를 漢字(正字)로 쓰시오.,그러나 자율주행차가 상용화되려면 몇 단계의 개선과 몇 가지 문제점의 보완이 필요하다고 한다.,필요,,必要,必要,
3급,100,2023-02-25,108,yui_W,다음 漢字와 비슷한 뜻을 가진 漢字(正字)를 (          ) 안에 써서 문장에 적합한 漢字語가 되게 하시오.,어머니는 아들의 무사 (         )還을 빌고 또 빌었다.,( )還,,歸,歸,
3급,100,2023-02-25,109,yui_W,다음 漢字와 비슷한 뜻을 가진 漢字(正字)를 (          ) 안에 써서 문장에 적합한 漢字語가 되게 하시오.,감독은 그 선수의 장점을 조목조목 羅( )하였다.,羅( ),,列,列,
3급,100,2023-02-25,110,yui_W,다음 漢字와 비슷한 뜻을 가진 漢字(正字)를 (          ) 안에 써서 문장에 적합한 漢字語가 되게 하시오.,그 사람은 그 분야에 대해 높은 ( )目을 가지고 있다.,( )目,,眼,眼,
3급,100,2023-02-25,111,yui_W,다음 漢字와 비슷한 뜻을 가진 漢字(正字)를 (          ) 안에 써서 문장에 적합한 漢字語가 되게 하시오.,그 원장의 (     )餘 임기는 1년이다.,( )餘,,殘,殘,
3급,100,2023-02-25,112,yui_W,다음 漢字와 비슷한 뜻을 가진 漢字(正字)를 (          ) 안에 써서 문장에 적합한 漢字語가 되게 하시오.,그의 얼굴이 朱(      )색을 칠한 듯이 붉어졌다.,朱( ),,紅,紅,
3급,100,2023-02-25,113,banui_W,다음 漢字와 뜻이 反對 또는 相對되는 漢字(正字)를 써서 漢字語를 완성하시오.,貧(   ) 격차를 줄이기 위한 정책을 수립하였다.,貧( ),,富,富,
3급,100,2023-02-25,114,banui_W,다음 漢字와 뜻이 反對 또는 相對되는 漢字(正字)를 써서 漢字語를 완성하시오.,민생부터 챙기기로 (         )野가 합의하였다.,( )野,,與,與,
3급,100,2023-02-25,115,banui_W,다음 漢字와 뜻이 反對 또는 相對되는 漢字(正字)를 써서 漢字語를 완성하시오.,황무지를 개간하여 (         )畓을 만들었다.,( )畓,,田,田,
3급,100,2023-02-25,116,banui_W,다음 漢字와 뜻이 反對 또는 相對되는 漢字(正字)를 써서 漢字語를 완성하시오.,損(   )을 계산하느라 바쁘다.,損( ),,益,益,
3급,100,2023-02-25,117,banui_W,다음 漢字와 뜻이 反對 또는 相對되는 漢字(正字)를 써서 漢字語를 완성하시오.,달리기를 하여 呼(         )이 가빠졌다.,呼( ),,吸,吸,
3급,100,2023-02-25,118,banuieo_W,다음 漢字語의 反對語 또는 相對語를 2음절로 된 漢字(正字)로 쓰시오.,送舊 ↔ (    ),送舊 ↔ ( ),,迎新,迎新,
3급,100,2023-02-25,119,banuieo_W,다음 漢字語의 反對語 또는 相對語를 2음절로 된 漢字(正字)로 쓰시오.,模倣 ↔ (    ),模倣 ↔ ( ),,創造,創造,
3급,100,2023-02-25,120,banuieo_W,다음 漢字語의 反對語 또는 相對語를 2음절로 된 漢字(正字)로 쓰시오.,單純 ↔ (    ),單純 ↔ ( ),,複雜,複雜,
3급,100,2023-02-25,121,banuieo_W,다음 漢字語의 反對語 또는 相對語를 2음절로 된 漢字(正字)로 쓰시오.,處女 ↔ (    ),處女 ↔ ( ),,總角,總角,
3급,100,2023-02-25,122,banuieo_W,다음 漢字語의 反對語 또는 相對語를 2음절로 된 漢字(正字)로 쓰시오.,左遷 ↔ (    ),左遷 ↔ ( ),,榮轉,榮轉,
3급,100,2023-02-25,123,dongeumeo_W,"다음 漢字語의 동음이의어를 漢字(正字)로 쓰되, 제시된 뜻에 맞는 것으로 하시오.",(侍從) - 처음과 끝.,(侍從),,始終,始終,
3급,100,2023-02-25,124,dongeumeo_W,"다음 漢字語의 동음이의어를 漢字(正字)로 쓰되, 제시된 뜻에 맞는 것으로 하시오.",(飛火) - 세상에 드러나지 않은 이야기.,(飛火),,祕話,祕話,
3급,100,2023-02-25,125,dongeumeo_W,"다음 漢字語의 동음이의어를 漢字(正字)로 쓰되, 제시된 뜻에 맞는 것으로 하시오.",(弔辭) - 일찍 죽음.,(弔辭),,早死,早死,
3급,100,2023-02-25,126,dongeumeo_W,"다음 漢字語의 동음이의어를 漢字(正字)로 쓰되, 제시된 뜻에 맞는 것으로 하시오.",(推計) - 가을철.,(推計),,秋季,秋季,
3급,100,2023-02-25,127,dongeumeo_W,"다음 漢字語의 동음이의어를 漢字(正字)로 쓰되, 제시된 뜻에 맞는 것으로 하시오.",(空輸) - 공격과 수비.,(空輸),,攻守,攻守,
3급,100,2023-02-25,128,seongeo_W,다음 (       ) 안에 알맞은 漢字(正字)를 써서 四字成語를 완성하시오.,搖之不(    ) : 흔들어도 꼼짝 않음.,搖之不( ),,動,動,
3급,100,2023-02-25,129,seongeo_W,다음 (       ) 안에 알맞은 漢字(正字)를 써서 四字成語를 완성하시오.,(    )掌大笑 : 손뼉을 치고 크게 웃음.,( )掌大笑,,拍,拍,
3급,100,2023-02-25,130,seongeo_W,다음 (       ) 안에 알맞은 漢字(正字)를 써서 四字成語를 완성하시오.,梁上( )子 : 도둑을 젊잖게 이르는 말.,梁上( )子,,君,君,
3급,100,2023-02-25,131,seongeo_W,다음 (       ) 안에 알맞은 漢字(正字)를 써서 四字成語를 완성하시오.,居安思(    ) : 편안히 살 때 위태로움을 생각함.,居安思( ),,危,危,
3급,100,2023-02-25,132,seongeo_W,다음 (       ) 안에 알맞은 漢字(正字)를 써서 四字成語를 완성하시오.,(    )楊芳草 : 푸른 버드나무와 향기로운 풀.,( )楊芳草,,綠,綠,
3급,100,2023-02-25,133,seongeo_W,다음 (       ) 안에 알맞은 漢字(正字)를 써서 四字成語를 완성하시오.,(    )狗風月 : 서당 개 삼년이면 풍월을 읊는다는 말.,( )狗風月,,堂,堂,
3급,100,2023-02-25,134,seongeo_W,다음 (       ) 안에 알맞은 漢字(正字)를 써서 四字成語를 완성하시오.,五(    )百果 : 온갖 곡식과 온갖 과일.,五( )百果,,穀,穀,
3급,100,2023-02-25,135,seongeo_W,다음 (       ) 안에 알맞은 漢字(正字)를 써서 四字成語를 완성하시오.,滅(    )奉公 : 사적인 것을 버리고 공적인 것을 위하여 힘써 일함.,滅( )奉公,,私,私,
3급,100,2023-02-25,136,seongeo_W,다음 (       ) 안에 알맞은 漢字(正字)를 써서 四字成語를 완성하시오.,臨機( )變 : 그때그때 일의 형편에 따라 일을 처리함.,臨機( )變,,應,應,
3급,100,2023-02-25,137,seongeo_W,다음 (       ) 안에 알맞은 漢字(正字)를 써서 四字成語를 완성하시오.,破邪( )正 : 그릇된 생각을 깨뜨리고 바른 도리를 드러냄.,破邪( )正,,顯,顯,
3급,100,2023-02-25,138,busu_W,다음 漢字의 部首를 쓰시오.,貝,貝,,貝,貝,
3급,100,2023-02-25,139,busu_W,다음 漢字의 部首를 쓰시오.,淨,淨,,水(氵),水(氵),
3급,100,2023-02-25,140,busu_W,다음 漢字의 部首를 쓰시오.,乞,乞,,乙,乙,
3급,100,2023-02-25,141,busu_W,다음 漢字의 部首를 쓰시오.,鹿,鹿,,鹿,鹿,
3급,100,2023-02-25,142,busu_W,다음 漢字의 部首를 쓰시오.,暮,暮,,日,日,
3급,100,2023-02-25,143,yakja_W,다음 漢字의 略字를 쓰시오.,離,離,,离/文隹,离/文隹,
3급,100,2023-02-25,144,yakja_W,다음 漢字의 略字를 쓰시오.,盡,盡,,尽,尽,
3급,100,2023-02-25,145,yakja_W,다음 漢字의 略字를 쓰시오.,壓,壓,,圧/压,圧/压,
3급,100,2023-02-25,146,mean_W,다음 漢字語의 뜻을 쓰시오.,胡蝶,胡蝶,,호랑나비,호랑나비,
3급,100,2023-02-25,147,mean_W,다음 漢字語의 뜻을 쓰시오.,幼兒,幼兒,,어린이/(어린아이),어린이/(어린아이),
3급,100,2023-02-25,148,mean_W,다음 漢字語의 뜻을 쓰시오.,腰帶,腰帶,,허리띠,허리띠,
3급,100,2023-02-25,149,mean_W,다음 漢字語의 뜻을 쓰시오.,蜂蜜,蜂蜜,,꿀,꿀,
3급,100,2023-02-25,150,mean_W,다음 漢字語의 뜻을 쓰시오.,鹽分,鹽分,,소금기,소금기,
3급,101,2023-06-03,1,dokeum_W,다음 밑줄 친 漢字語의 讀音을 쓰시오.,우리 선생님은 여유와 浪漫이 있다.,浪漫,,낭만,낭만,
3급,101,2023-06-03,2,dokeum_W,다음 밑줄 친 漢字語의 讀音을 쓰시오.,회사 측과 노조는 오랜 갈등 끝에 극적인 妥協을 이루었다.,妥協,,타협,타협,
3급,101,2023-06-03,3,dokeum_W,다음 밑줄 친 漢字語의 讀音을 쓰시오.,부상 당한 선수를 후보 선수로 交替했다.,交替,,교체,교체,
3급,101,2023-06-03,4,dokeum_W,다음 밑줄 친 漢字語의 讀音을 쓰시오.,공대 건물이 본부와 서로 隣接해 있다.,隣接,,인접,인접,
3급,101,2023-06-03,5,dokeum_W,다음 밑줄 친 漢字語의 讀音을 쓰시오.,여러 백화점에서 알뜰 구매가 擴散되고 있다.,擴散,,확산,확산,
3급,101,2023-06-03,6,dokeum_W,다음 밑줄 친 漢字語의 讀音을 쓰시오.,작가의 원고를 수정하여 返送하였다.,返送,,반송,반송,
3급,101,2023-06-03,7,dokeum_W,다음 밑줄 친 漢字語의 讀音을 쓰시오.,동생은 아침잠이 많아 遲刻을 자주 한다.,遲刻,,지각,지각,
3급,101,2023-06-03,8,dokeum_W,다음 밑줄 친 漢字語의 讀音을 쓰시오.,친구들과 선물을 나누며 聖誕의 기쁨을 함께했다.,聖誕,,성탄,성탄,
3급,101,2023-06-03,9,dokeum_W,다음 밑줄 친 漢字語의 讀音을 쓰시오.,올해는 밭에서 옥수수를 많이 收穫하였다.,收穫,,수확,수확,
3급,101,2023-06-03,10,dokeum_W,다음 밑줄 친 漢字語의 讀音을 쓰시오.,한국의 우수한 문화를 세계에 지속적으로 傳播해야 한다.,傳播,,전파,전파,
3급,101,2023-06-03,11,dokeum_W,다음 밑줄 친 漢字語의 讀音을 쓰시오.,폐지를 분리수거하여 燒却하였다.,燒却,,소각,소각,
3급,101,2023-06-03,12,dokeum_W,다음 밑줄 친 漢字語의 讀音을 쓰시오.,회사의 퀴즈 잔치에 應募해서 당첨되었다.,應募,,응모,응모,
3급,101,2023-06-03,13,dokeum_W,다음 밑줄 친 漢字語의 讀音을 쓰시오.,노트북 컴퓨터는 携帶가 용이하다.,携帶,,휴대,휴대,
3급,101,2023-06-03,14,dokeum_W,다음 밑줄 친 漢字語의 讀音을 쓰시오.,침략군의 무도한 방화와 掠奪이 지속되었다.,掠奪,,약탈,약탈,
3급,101,2023-06-03,15,dokeum_W,다음 밑줄 친 漢字語의 讀音을 쓰시오.,도서관에 가서 참고 서적을 閱覽했다.,閱覽,,열람,열람,
3급,101,2023-06-03,16,dokeum_W,다음 밑줄 친 漢字語의 讀音을 쓰시오.,가을이 되니 피부가 乾燥해서 몸이 가렵다.,乾燥,,건조,건조,
3급,101,2023-06-03,17,dokeum_W,다음 밑줄 친 漢字語의 讀音을 쓰시오.,그는 나를 廉探하러 온 것이 확실하다.,廉探,,염탐,염탐,
3급,101,2023-06-03,18,dokeum_W,다음 밑줄 친 漢字語의 讀音을 쓰시오.,주연 배우가 직접 弘報에 나섰다.,弘報,,홍보,홍보,
3급,101,2023-06-03,19,dokeum_W,다음 밑줄 친 漢字語의 讀音을 쓰시오.,태식이는 여행 준비를 한다고 종일 搖亂을 떨었다.,搖亂,,요란,요란,
3급,101,2023-06-03,20,dokeum_W,다음 밑줄 친 漢字語의 讀音을 쓰시오.,무분별한 외국어의 사용으로 우리말 汚染이 심각한 상태이다.,汚染,,오염,오염,
3급,101,2023-06-03,21,dokeum_W,다음 漢字語의 讀音을 쓰시오.,苦惱,苦惱,,고뇌,고뇌,
3급,101,2023-06-03,22,dokeum_W,다음 漢字語의 讀音을 쓰시오.,郊外,郊外,,교외,교외,
3급,101,2023-06-03,23,dokeum_W,다음 漢字語의 讀音을 쓰시오.,捕捉,捕捉,,포착,포착,
3급,101,2023-06-03,24,dokeum_W,다음 漢字語의 讀音을 쓰시오.,稱讚,稱讚,,칭찬,칭찬,
3급,101,2023-06-03,25,dokeum_W,다음 漢字語의 讀音을 쓰시오.,趣味,趣味,,취미,취미,
3급,101,2023-06-03,26,dokeum_W,다음 漢字語의 讀音을 쓰시오.,避暑,避暑,,피서,피서,
3급,101,2023-06-03,27,dokeum_W,다음 漢字語의 讀音을 쓰시오.,友邦,友邦,,우방,우방,
3급,101,2023-06-03,28,dokeum_W,다음 漢字語의 讀音을 쓰시오.,飜覆,飜覆,,번복,번복,
3급,101,2023-06-03,29,dokeum_W,다음 漢字語의 讀音을 쓰시오.,傑作,傑作,,걸작,걸작,
3급,101,2023-06-03,30,dokeum_W,다음 漢字語의 讀音을 쓰시오.,白眉,白眉,,백미,백미,
3급,101,2023-06-03,31,dokeum_W,다음 漢字語의 讀音을 쓰시오.,示範,示範,,시범,시범,
3급,101,2023-06-03,32,dokeum_W,다음 漢字語의 讀音을 쓰시오.,遂行,遂行,,수행,수행,
3급,101,2023-06-03,33,dokeum_W,다음 漢字語의 讀音을 쓰시오.,包攝,包攝,,포섭,포섭,
3급,101,2023-06-03,34,dokeum_W,다음 漢字語의 讀音을 쓰시오.,冥福,冥福,,명복,명복,
3급,101,2023-06-03,35,dokeum_W,다음 漢字語의 讀音을 쓰시오.,金屬,金屬,,금속,금속,
3급,101,2023-06-03,36,dokeum_W,다음 漢字語의 讀音을 쓰시오.,赴任,赴任,,부임,부임,
3급,101,2023-06-03,37,dokeum_W,다음 漢字語의 讀音을 쓰시오.,歲暮,歲暮,,세모,세모,
3급,101,2023-06-03,38,dokeum_W,다음 漢字語의 讀音을 쓰시오.,革新,革新,,혁신,혁신,
3급,101,2023-06-03,39,dokeum_W,다음 漢字語의 讀音을 쓰시오.,反射,反射,,반사,반사,
3급,101,2023-06-03,40,dokeum_W,다음 漢字語의 讀音을 쓰시오.,竊取,竊取,,절취,절취,
3급,101,2023-06-03,41,dokeum_W,다음 漢字語의 讀音을 쓰시오.,辯護,辯護,,변호,변호,
3급,101,2023-06-03,42,dokeum_W,다음 漢字語의 讀音을 쓰시오.,敢鬪,敢鬪,,감투,감투,
3급,101,2023-06-03,43,dokeum_W,다음 漢字語의 讀音을 쓰시오.,增幅,增幅,,증폭,증폭,
3급,101,2023-06-03,44,dokeum_W,다음 漢字語의 讀音을 쓰시오.,挑戰,挑戰,,도전,도전,
3급,101,2023-06-03,45,dokeum_W,다음 漢字語의 讀音을 쓰시오.,調整,調整,,조정,조정,
3급,101,2023-06-03,46,huneum_W,다음 漢字의 訓과 音을 쓰시오.,召,召,,부를 소,부를 소,
3급,101,2023-06-03,47,huneum_W,다음 漢字의 訓과 音을 쓰시오.,懲,懲,,징계할 징,징계할 징,
3급,101,2023-06-03,48,huneum_W,다음 漢字의 訓과 音을 쓰시오.,亨,亨,,형통할 형,형통할 형,
3급,101,2023-06-03,49,huneum_W,다음 漢字의 訓과 音을 쓰시오.,娛,娛,,즐길 오,즐길 오,
3급,101,2023-06-03,50,huneum_W,다음 漢字의 訓과 音을 쓰시오.,埋,埋,,묻을 매,묻을 매,
3급,101,2023-06-03,51,huneum_W,다음 漢字의 訓과 音을 쓰시오.,搜,搜,,찾을 수,찾을 수,
3급,101,2023-06-03,52,huneum_W,다음 漢字의 訓과 音을 쓰시오.,輝,輝,,빛날 휘,빛날 휘,
3급,101,2023-06-03,53,huneum_W,다음 漢字의 訓과 音을 쓰시오.,遍,遍,,두루 편,두루 편,
3급,101,2023-06-03,54,huneum_W,다음 漢字의 訓과 音을 쓰시오.,苗,苗,,모 묘,모 묘,
3급,101,2023-06-03,55,huneum_W,다음 漢字의 訓과 音을 쓰시오.,棄,棄,,버릴 기,버릴 기,
3급,101,2023-06-03,56,huneum_W,다음 漢字의 訓과 音을 쓰시오.,泳,泳,,헤엄칠 영,헤엄칠 영,
3급,101,2023-06-03,57,huneum_W,다음 漢字의 訓과 音을 쓰시오.,謹,謹,,삼갈 근,삼갈 근,
3급,101,2023-06-03,58,huneum_W,다음 漢字의 訓과 音을 쓰시오.,嫌,嫌,,싫어할 혐,싫어할 혐,
3급,101,2023-06-03,59,huneum_W,다음 漢字의 訓과 音을 쓰시오.,閏,閏,,윤달 윤,윤달 윤,
3급,101,2023-06-03,60,huneum_W,다음 漢字의 訓과 音을 쓰시오.,毁,毁,,헐 훼,헐 훼,
3급,101,2023-06-03,61,huneum_W,다음 漢字의 訓과 音을 쓰시오.,斥,斥,,물리칠 척,물리칠 척,
3급,101,2023-06-03,62,huneum_W,다음 漢字의 訓과 音을 쓰시오.,吟,吟,,읊을 음,읊을 음,
3급,101,2023-06-03,63,huneum_W,다음 漢字의 訓과 音을 쓰시오.,枕,枕,,베개 침,베개 침,
3급,101,2023-06-03,64,huneum_W,다음 漢字의 訓과 音을 쓰시오.,腰,腰,,허리 요,허리 요,
3급,101,2023-06-03,65,huneum_W,다음 漢字의 訓과 音을 쓰시오.,堤,堤,,둑 제,둑 제,
3급,101,2023-06-03,66,huneum_W,다음 漢字의 訓과 音을 쓰시오.,賜,賜,,줄 사,줄 사,
3급,101,2023-06-03,67,huneum_W,다음 漢字의 訓과 音을 쓰시오.,渴,渴,,목마를 갈,목마를 갈,
3급,101,2023-06-03,68,huneum_W,다음 漢字의 訓과 音을 쓰시오.,脣,脣,,입술 순,입술 순,
3급,101,2023-06-03,69,huneum_W,다음 漢字의 訓과 音을 쓰시오.,薦,薦,,천거할 천,천거할 천,
3급,101,2023-06-03,70,huneum_W,다음 漢字의 訓과 音을 쓰시오.,絹,絹,,비단 견,비단 견,
3급,101,2023-06-03,71,huneum_W,다음 漢字의 訓과 音을 쓰시오.,毫,毫,,터럭 호,터럭 호,
3급,101,2023-06-03,72,huneum_W,다음 漢字의 訓과 音을 쓰시오.,肩,肩,,어깨 견,어깨 견,
3급,101,2023-06-03,73,busu_W,다음 漢字의 部首를 쓰시오.,騷,騷,,馬,馬,
3급,101,2023-06-03,74,busu_W,다음 漢字의 部首를 쓰시오.,云,云,,二,二,
3급,101,2023-06-03,75,busu_W,다음 漢字의 部首를 쓰시오.,某,某,,木,木,
3급,101,2023-06-03,76,busu_W,다음 漢字의 部首를 쓰시오.,隷,隷,,隶,隶,
3급,101,2023-06-03,77,busu_W,다음 漢字의 部首를 쓰시오.,夷,夷,,大,大,
3급,101,2023-06-03,78,yakja_W,다음 漢字의 略字를 쓰시오.,盡,盡,,尽,尽,
3급,101,2023-06-03,79,yakja_W,다음 漢字의 略字를 쓰시오.,黨,黨,,党,党,
3급,101,2023-06-03,80,yakja_W,다음 漢字의 略字를 쓰시오.,珍,珍,,珎,珎,
3급,101,2023-06-03,81,jangeum_S,다음 漢字語 중 첫소리가 長音인 것을 가려 그 번호를 쓰시오.,,,"[""① 幹部"", ""② 姦婦""]",②,② 姦婦,
3급,101,2023-06-03,82,jangeum_S,다음 漢字語 중 첫소리가 長音인 것을 가려 그 번호를 쓰시오.,,,"[""① 現官"", ""② 玄關""]",①,① 現官,
3급,101,2023-06-03,83,jangeum_S,다음 漢字語 중 첫소리가 長音인 것을 가려 그 번호를 쓰시오.,,,"[""① 統計"", ""② 通戒""]",①,① 統計,
3급,101,2023-06-03,84,jangeum_S,다음 漢字語 중 첫소리가 長音인 것을 가려 그 번호를 쓰시오.,,,"[""① 朝鮮"", ""② 造船""]",②,② 造船,
3급,101,2023-06-03,85,jangeum_S,다음 漢字語 중 첫소리가 長音인 것을 가려 그 번호를 쓰시오.,,,"[""① 諸事"", ""② 祭祀""]",②,② 祭祀,
3급,101,2023-06-03,86,yui_W,다음 (     ) 안에 밑줄 친 漢字와 뜻이 같거나 비슷한 漢字를 正字로 적어 문장을 완성하시오.,마을 뒤 선산에 조상의 墳(          )가 있다.,墳( ),,墓,墓,
3급,101,2023-06-03,87,yui_W,다음 (     ) 안에 밑줄 친 漢字와 뜻이 같거나 비슷한 漢字를 正字로 적어 문장을 완성하시오.,이 밭은 할아버지로부터 贈(          )를 받은 것이다.,贈( ),,與,與,
3급,101,2023-06-03,88,yui_W,다음 (     ) 안에 밑줄 친 漢字와 뜻이 같거나 비슷한 漢字를 正字로 적어 문장을 완성하시오.,대학에서 교수 (     )聘 광고를 신문에 게재했다.,( )聘,,招,招,
3급,101,2023-06-03,89,yui_W,다음 (     ) 안에 밑줄 친 漢字와 뜻이 같거나 비슷한 漢字를 正字로 적어 문장을 완성하시오.,그녀는 자기 남편을 하늘이 점지해 준 (     )匹이라고 생각했다.,( )匹,,配,配,
3급,101,2023-06-03,90,yui_W,다음 (     ) 안에 밑줄 친 漢字와 뜻이 같거나 비슷한 漢字를 正字로 적어 문장을 완성하시오.,현대는 尖(   ) 과학의 시대라 할 수 있다.,尖( ),,端,端,
3급,101,2023-06-03,91,banui_W,다음 (     ) 안에 밑줄 친 漢字와 뜻이 상대(또는 반대)되는 漢字를 正字로 적어 문장을 완성하시오.,배우와 연출자가 呼(       )이 잘 맞는다.,呼( ),,吸,吸,
3급,101,2023-06-03,92,banui_W,다음 (     ) 안에 밑줄 친 漢字와 뜻이 상대(또는 반대)되는 漢字를 正字로 적어 문장을 완성하시오.,그는 무슨 말이든 利(      )로 따지기 전에 옳고 그름으로 따진다.,利( ),,害,害,
3급,101,2023-06-03,93,banui_W,다음 (     ) 안에 밑줄 친 漢字와 뜻이 상대(또는 반대)되는 漢字를 正字로 적어 문장을 완성하시오.,씨름판에서 두 선수가 (      )退를 거듭하며 접전을 벌이고 있다.,( )退,,進,進,
3급,101,2023-06-03,94,banui_W,다음 (     ) 안에 밑줄 친 漢字와 뜻이 상대(또는 반대)되는 漢字를 正字로 적어 문장을 완성하시오.,인생살이에는 吉(     )이 겹치기 마련이다.,吉( ),,凶,凶,
3급,101,2023-06-03,95,banui_W,다음 (     ) 안에 밑줄 친 漢字와 뜻이 상대(또는 반대)되는 漢字를 正字로 적어 문장을 완성하시오.,그는 늘 국가의 安(     )를 먼저 생각하는 사람이다.,安( ),,危,危,
3급,101,2023-06-03,96,banuieo_W,다음 두 단어가 상대(또는 반대)되는 漢字語가 되도록 (             ) 안에 알맞은 漢字(正字)를 쓰시오.,難解 ↔ ( )(      ),難解 ↔ ( )( ),,容易,容易,
3급,101,2023-06-03,97,banuieo_W,다음 두 단어가 상대(또는 반대)되는 漢字語가 되도록 (             ) 안에 알맞은 漢字(正字)를 쓰시오.,拘(    ) ↔ 放免,拘( ) ↔ 放免,,束,束,
3급,101,2023-06-03,98,banuieo_W,다음 두 단어가 상대(또는 반대)되는 漢字語가 되도록 (             ) 안에 알맞은 漢字(正字)를 쓰시오.,愼重 ↔ ( )率,愼重 ↔ ( )率,,輕,輕,
3급,101,2023-06-03,99,banuieo_W,다음 두 단어가 상대(또는 반대)되는 漢字語가 되도록 (             ) 안에 알맞은 漢字(正字)를 쓰시오.,緊(    ) ↔ 緩和,緊( ) ↔ 緩和,,縮,縮,
3급,101,2023-06-03,100,banuieo_W,다음 두 단어가 상대(또는 반대)되는 漢字語가 되도록 (             ) 안에 알맞은 漢字(正字)를 쓰시오.,(   )(   ) ↔ 惡化,( )( ) ↔ 惡化,,好轉,好轉,
3급,101,2023-06-03,101,mean_W,다음 漢字語의 뜻을 쓰시오.,勸杯,勸杯,,술잔을 권함.,술잔을 권함.,
3급,101,2023-06-03,102,mean_W,다음 漢字語의 뜻을 쓰시오.,銳鈍,銳鈍,,날카로움과 둔함/민첩함과 우둔함.,날카로움과 둔함/민첩함과 우둔함.,
3급,101,2023-06-03,103,mean_W,다음 漢字語의 뜻을 쓰시오.,回顧,回顧,,뒤를 돌아봄,뒤를 돌아봄,
3급,101,2023-06-03,104,mean_W,다음 漢字語의 뜻을 쓰시오.,淸晨,淸晨,,맑은 첫새벽.,맑은 첫새벽.,
3급,101,2023-06-03,105,mean_W,다음 漢字語의 뜻을 쓰시오.,乳臭,乳臭,,젖내.,젖내.,
3급,101,2023-06-03,106,dongeumeo_W,다음 (         ) 속 단어의 同音異義語를 주어진 뜻에 맞게 漢字(正字)로 쓰시오.,(家慶) - 거짓으로 꾸며진 정경.,(家慶),,假景,假景,
3급,101,2023-06-03,107,dongeumeo_W,다음 (         ) 속 단어의 同音異義語를 주어진 뜻에 맞게 漢字(正字)로 쓰시오.,(無期) - 전쟁에 사용되는 기구.,(無期),,武器,武器,
3급,101,2023-06-03,108,dongeumeo_W,다음 (         ) 속 단어의 同音異義語를 주어진 뜻에 맞게 漢字(正字)로 쓰시오.,(迷魂) - 아직 결혼하지 않음.,(迷魂),,未婚,未婚,
3급,101,2023-06-03,109,dongeumeo_W,다음 (         ) 속 단어의 同音異義語를 주어진 뜻에 맞게 漢字(正字)로 쓰시오.,(宴遊) - 일의 까닭.,(宴遊),,緣由,緣由,
3급,101,2023-06-03,110,dongeumeo_W,다음 (         ) 속 단어의 同音異義語를 주어진 뜻에 맞게 漢字(正字)로 쓰시오.,(必死) - 베끼어 씀.,(必死),,筆寫,筆寫,
3급,101,2023-06-03,111,seongeo_W,다음 ( ) 안에 알맞은 漢字를 적어 四字成語를 완성하시오.,坐井( )天 : 우물 속에 앉아 하늘을 봄.,坐井( )天,,觀,觀,
3급,101,2023-06-03,112,seongeo_W,다음 ( ) 안에 알맞은 漢字를 적어 四字成語를 완성하시오.,(    )味鳳湯 : 용 고기로 맛을 낸 요리와 봉새로 끓인 탕.,( )味鳳湯,,龍,龍,
3급,101,2023-06-03,113,seongeo_W,다음 ( ) 안에 알맞은 漢字를 적어 四字成語를 완성하시오.,螢(    )之功 : 반딧불과 눈빛으로 이룬 공.,螢( )之功,,雪,雪,
3급,101,2023-06-03,114,seongeo_W,다음 ( ) 안에 알맞은 漢字를 적어 四字成語를 완성하시오.,矯角( )牛 : 소의 뿔을 바로잡으려다가 소를 죽임.,矯角( )牛,,殺,殺,
3급,101,2023-06-03,115,seongeo_W,다음 ( ) 안에 알맞은 漢字를 적어 四字成語를 완성하시오.,乘(    )長驅 : 싸움에 이긴 형세를 타고 계속 몰아침.,乘( )長驅,,勝,勝,
3급,101,2023-06-03,116,seongeo_W,다음 ( ) 안에 알맞은 漢字를 적어 四字成語를 완성하시오.,衆寡不(    ) : 적은 수효로 많은 수효를 대적하지 못함.,衆寡不( ),,敵,敵,
3급,101,2023-06-03,117,seongeo_W,다음 ( ) 안에 알맞은 漢字를 적어 四字成語를 완성하시오.,抱腹( )倒 : 배를 그러안고 넘어질 정도로 몹시 웃음.,抱腹( )倒,,絶,絶,
3급,101,2023-06-03,118,seongeo_W,다음 ( ) 안에 알맞은 漢字를 적어 四字成語를 완성하시오.,唯我獨(    ) : 오직 나만이 존귀함.,唯我獨( ),,尊,尊,
3급,101,2023-06-03,119,seongeo_W,다음 ( ) 안에 알맞은 漢字를 적어 四字成語를 완성하시오.,(    )鳴狗盜 : 하찮은 재주라도 쓰임이 있음.,( )鳴狗盜,,鷄,鷄,
3급,101,2023-06-03,120,seongeo_W,다음 ( ) 안에 알맞은 漢字를 적어 四字成語를 완성하시오.,傲霜( )節 : 차가운 서릿발 속에서도 굴하지 아니하고 외로이 지키는 절개.,傲霜( )節,,孤,孤,
3급,101,2023-06-03,121,hanjaeo_W,다음 문장의 밑줄 친 漢字語를 正字의 漢字로 쓰시오.,그는 언어 감각이 뛰어난 작가이다.,감각,,感覺,感覺,
3급,101,2023-06-03,122,hanjaeo_W,다음 문장의 밑줄 친 漢字語를 正字의 漢字로 쓰시오.,담당 관청의 거부로 빌딩 건축이 무산되었다.,거부,,拒否,拒否,
3급,101,2023-06-03,123,hanjaeo_W,다음 문장의 밑줄 친 漢字語를 正字의 漢字로 쓰시오.,그는 학생들의 장학 기금을 마련하기 위해 노력했다.,장학,,獎學,獎學,
3급,101,2023-06-03,124,hanjaeo_W,다음 문장의 밑줄 친 漢字語를 正字의 漢字로 쓰시오.,그는 여러 사람 앞에서 나를 망신시켰다.,망신,,亡身,亡身,
3급,101,2023-06-03,125,hanjaeo_W,다음 문장의 밑줄 친 漢字語를 正字의 漢字로 쓰시오.,개는 주인에게 잘 순종한다.,순종,,順從,順從,
3급,101,2023-06-03,126,hanjaeo_W,다음 문장의 밑줄 친 漢字語를 正字의 漢字로 쓰시오.,그 개념이 학생들에게 납득되기 위해서는 좀더 시간이 필요하다.,납득,,納得,納得,
3급,101,2023-06-03,127,hanjaeo_W,다음 문장의 밑줄 친 漢字語를 正字의 漢字로 쓰시오.,추진된 일의 허실이 드러났다.,허실,,虛實,虛實,
3급,101,2023-06-03,128,hanjaeo_W,다음 문장의 밑줄 친 漢字語를 正字의 漢字로 쓰시오.,국가와 종교의 분리가 헌법에 명시됐다.,분리,,分離,分離,
3급,101,2023-06-03,129,hanjaeo_W,다음 문장의 밑줄 친 漢字語를 正字의 漢字로 쓰시오.,그는 이 프로그램을 중계하기로 결정했다.,중계,,中繼,中繼,
3급,101,2023-06-03,130,hanjaeo_W,다음 문장의 밑줄 친 漢字語를 正字의 漢字로 쓰시오.,이 아이는 장차 국민을 다스릴 수 있는 자질이 엿보인다.,자질,,資質,資質,
3급,101,2023-06-03,131,hanjaeo_W,다음 문장의 밑줄 친 漢字語를 正字의 漢字로 쓰시오.,새로 동아리에 가입한 새내기를 소개하겠습니다.,가입,,加入,加入,
3급,101,2023-06-03,132,hanjaeo_W,다음 문장의 밑줄 친 漢字語를 正字의 漢字로 쓰시오.,이 제품은 모든 기능이 원터치로 작동한다.,기능,,機能,機能,
3급,101,2023-06-03,133,hanjaeo_W,다음 문장의 밑줄 친 漢字語를 正字의 漢字로 쓰시오.,그 사업이 실패함에 따라 모든 것이 원점으로 돌아갔다.,원점,,原點,原點,
3급,101,2023-06-03,134,hanjaeo_W,다음 문장의 밑줄 친 漢字語를 正字의 漢字로 쓰시오.,중학생 교복이 다시 부활하였다.,부활,,復活,復活,
3급,101,2023-06-03,135,hanjaeo_W,다음 문장의 밑줄 친 漢字語를 正字의 漢字로 쓰시오.,우리 학교에는 음악과 미술에 특기가 있는 아이들이 많다.,특기,,特技,特技,
3급,101,2023-06-03,136,hanjaeo_W,다음 문장의 밑줄 친 漢字語를 正字의 漢字로 쓰시오.,여러 사람이 이곳을 왕래한다.,왕래,,往來,往來,
3급,101,2023-06-03,137,hanjaeo_W,다음 문장의 밑줄 친 漢字語를 正字의 漢字로 쓰시오.,수단과 방법을 가리지 말고 그 일을 성사시켜야 한다.,수단,,手段,手段,
3급,101,2023-06-03,138,hanjaeo_W,다음 문장의 밑줄 친 漢字語를 正字의 漢字로 쓰시오.,대학 입시 개선에 대해 서로 자유롭게 토론해 보자.,토론,,討論,討論,
3급,101,2023-06-03,139,hanjaeo_W,다음 문장의 밑줄 친 漢字語를 正字의 漢字로 쓰시오.,이번 인사의 방향과 방침은 오래 전부터 논의되고 구상돼 온 것이다.,구상,,構想,構想,
3급,101,2023-06-03,140,hanjaeo_W,다음 문장의 밑줄 친 漢字語를 正字의 漢字로 쓰시오.,돌아가신 할아버지의 유물이 아직도 잘 보관되고 있다.,유물,,遺物,遺物,
3급,101,2023-06-03,141,hanjaeo_W,다음 문장의 밑줄 친 漢字語를 正字의 漢字로 쓰시오.,그 친구의 인품은 내가 보증한다.,보증,,保證,保證,
3급,101,2023-06-03,142,hanjaeo_W,다음 문장의 밑줄 친 漢字語를 正字의 漢字로 쓰시오.,학생들이 컨닝을 못 하도록 철저히 감독해야 한다.,감독,,監督,監督,
3급,101,2023-06-03,143,hanjaeo_W,다음 문장의 밑줄 친 漢字語를 正字의 漢字로 쓰시오.,변호사는 두 사건을 동일인에 의해 발생한 것으로 판명했다.,판명,,判明,判明,
3급,101,2023-06-03,144,hanjaeo_W,다음 문장의 밑줄 친 漢字語를 正字의 漢字로 쓰시오.,우리 주변의 모든 것이 숭고하다.,숭고,,崇高,崇高,
3급,101,2023-06-03,145,hanjaeo_W,다음 문장의 밑줄 친 漢字語를 正字의 漢字로 쓰시오.,보험회사가 대신 돈을 지불하고 사건을 종결지었다.,종결,,終結,終結,
3급,101,2023-06-03,146,hanjaeo_W,다음 문장의 밑줄 친 漢字語를 正字의 漢字로 쓰시오.,선생님은 학생들에게 다음에 배울 과목을 예습해 오라고 말했다.,예습,,豫習,豫習,
3급,101,2023-06-03,147,hanjaeo_W,다음 문장의 밑줄 친 漢字語를 正字의 漢字로 쓰시오.,이번의 열차 탈선은 장마로 지반이 내려앉아 일어난 사고였다.,탈선,,脫線,脫線,
3급,101,2023-06-03,148,hanjaeo_W,다음 문장의 밑줄 친 漢字語를 正字의 漢字로 쓰시오.,개인의 발전이 회사의 발전과 공존할 수 있게 노력합시다.,공존,,共存,共存,
3급,101,2023-06-03,149,hanjaeo_W,다음 문장의 밑줄 친 漢字語를 正字의 漢字로 쓰시오.,모든 일이 내 추측대로 되어 갔다.,추측,,推測,推測,
3급,101,2023-06-03,150,hanjaeo_W,다음 문장의 밑줄 친 漢字語를 正字의 漢字로 쓰시오.,그 청렴한 학자는 대통령이 요청한 총리직을 계속 고사하고 있다.,고사,,固辭,固辭,
3급,102,2023-08-26,1,dokeum_W,다음 밑줄 친 漢字語의 讀音을 쓰시오.,그는 그 식당에서 심한 侮辱을 느꼈다.,侮辱,,모욕,모욕,
3급,102,2023-08-26,2,dokeum_W,다음 밑줄 친 漢字語의 讀音을 쓰시오.,處暑를 넘겼다고는 하나 늦더위가 여전히 기승을 부린다.,處暑,,처서,처서,
3급,102,2023-08-26,3,dokeum_W,다음 밑줄 친 漢字語의 讀音을 쓰시오.,그는 遵法 정신이 투철하다.,遵法,,준법,준법,
3급,102,2023-08-26,4,dokeum_W,다음 밑줄 친 漢字語의 讀音을 쓰시오.,이 우산은 접을 수 있어 携帶가 간편하다.,携帶,,휴대,휴대,
3급,102,2023-08-26,5,dokeum_W,다음 밑줄 친 漢字語의 讀音을 쓰시오.,그 금액이 내 계좌에서 그의 계좌로 移替되었다.,移替,,이체,이체,
3급,102,2023-08-26,6,dokeum_W,다음 밑줄 친 漢字語의 讀音을 쓰시오.,이번 사건은 마피아와 連繫가 되어 있다.,連繫,,연계,연계,
3급,102,2023-08-26,7,dokeum_W,다음 밑줄 친 漢字語의 讀音을 쓰시오.,그는 환경 사진 콘테스트에 應募했다.,應募,,응모,응모,
3급,102,2023-08-26,8,dokeum_W,다음 밑줄 친 漢字語의 讀音을 쓰시오.,50년 만에 만난 형은 동생을 뜨겁게 抱擁했다.,抱擁,,포옹,포옹,
3급,102,2023-08-26,9,dokeum_W,다음 밑줄 친 漢字語의 讀音을 쓰시오.,이 논문은 논리를 너무 飛躍시켰다.,飛躍,,비약,비약,
3급,102,2023-08-26,10,dokeum_W,다음 밑줄 친 漢字語의 讀音을 쓰시오.,귀국한 그는 먼저 어머니의 무덤에 掃墳하였다.,掃墳,,소분,소분,
3급,102,2023-08-26,11,dokeum_W,다음 밑줄 친 漢字語의 讀音을 쓰시오.,그들은 피차에 성가신 일들을 피하기 위해 互讓의 원칙을 세웠다.,互讓,,호양,호양,
3급,102,2023-08-26,12,dokeum_W,다음 밑줄 친 漢字語의 讀音을 쓰시오.,구조대가 선체 인양과 실종자 搜索에 나섰다.,搜索,,수색,수색,
3급,102,2023-08-26,13,dokeum_W,다음 밑줄 친 漢字語의 讀音을 쓰시오.,그는 합격이 飜覆되어 회사에 항의했다.,飜覆,,번복,번복,
3급,102,2023-08-26,14,dokeum_W,다음 밑줄 친 漢字語의 讀音을 쓰시오.,왜구들이 서남 해안 지방에서 掠奪을 일삼았다.,掠奪,,약탈,약탈,
3급,102,2023-08-26,15,dokeum_W,다음 밑줄 친 漢字語의 讀音을 쓰시오.,서적의 사전 檢閱이 폐지되었다.,檢閱,,검열,검열,
3급,102,2023-08-26,16,dokeum_W,다음 밑줄 친 漢字語의 讀音을 쓰시오.,유생들은 왕에게 그 결정을 철회해 달라고 泣訴했다.,泣訴,,읍소,읍소,
3급,102,2023-08-26,17,dokeum_W,다음 밑줄 친 漢字語의 讀音을 쓰시오.,김 교수는 평생 동안 수집한 유물들을 박물관에 寄贈했다.,寄贈,,기증,기증,
3급,102,2023-08-26,18,dokeum_W,다음 밑줄 친 漢字語의 讀音을 쓰시오.,아군 함대는 레이더에 捕捉된 적함을 공격했다.,捕捉,,포착,포착,
3급,102,2023-08-26,19,dokeum_W,다음 밑줄 친 漢字語의 讀音을 쓰시오.,이 도로에서는 교통 사고가 頻發한다.,頻發,,빈발,빈발,
3급,102,2023-08-26,20,dokeum_W,다음 밑줄 친 漢字語의 讀音을 쓰시오.,비행기가 연착되오니 여러분들의 諒解를 바랍니다.,諒解,,양해,양해,
3급,102,2023-08-26,21,dokeum_W,다음 漢字語의 讀音을 쓰시오.,郵遞,郵遞,,우체,우체,
3급,102,2023-08-26,22,dokeum_W,다음 漢字語의 讀音을 쓰시오.,補佐,補佐,,보좌,보좌,
3급,102,2023-08-26,23,dokeum_W,다음 漢字語의 讀音을 쓰시오.,凝血,凝血,,응혈,응혈,
3급,102,2023-08-26,24,dokeum_W,다음 漢字語의 讀音을 쓰시오.,巧詐,巧詐,,교사,교사,
3급,102,2023-08-26,25,dokeum_W,다음 漢字語의 讀音을 쓰시오.,隷屬,隷屬,,예속,예속,
3급,102,2023-08-26,26,dokeum_W,다음 漢字語의 讀音을 쓰시오.,貪慾,貪慾,,탐욕,탐욕,
3급,102,2023-08-26,27,dokeum_W,다음 漢字語의 讀音을 쓰시오.,騷亂,騷亂,,소란,소란,
3급,102,2023-08-26,28,dokeum_W,다음 漢字語의 讀音을 쓰시오.,濫罰,濫罰,,남벌,남벌,
3급,102,2023-08-26,29,dokeum_W,다음 漢字語의 讀音을 쓰시오.,毁損,毁損,,훼손,훼손,
3급,102,2023-08-26,30,dokeum_W,다음 漢字語의 讀音을 쓰시오.,枯渴,枯渴,,고갈,고갈,
3급,102,2023-08-26,31,dokeum_W,다음 漢字語의 讀音을 쓰시오.,拜謁,拜謁,,배알,배알,
3급,102,2023-08-26,32,dokeum_W,다음 漢字語의 讀音을 쓰시오.,模倣,模倣,,모방,모방,
3급,102,2023-08-26,33,dokeum_W,다음 漢字語의 讀音을 쓰시오.,優劣,優劣,,우열,우열,
3급,102,2023-08-26,34,dokeum_W,다음 漢字語의 讀音을 쓰시오.,賜宴,賜宴,,사연,사연,
3급,102,2023-08-26,35,dokeum_W,다음 漢字語의 讀音을 쓰시오.,辨濟,辨濟,,변제,변제,
3급,102,2023-08-26,36,dokeum_W,다음 漢字語의 讀音을 쓰시오.,叛賊,叛賊,,반적,반적,
3급,102,2023-08-26,37,dokeum_W,다음 漢字語의 讀音을 쓰시오.,緩慢,緩慢,,완만,완만,
3급,102,2023-08-26,38,dokeum_W,다음 漢字語의 讀音을 쓰시오.,鈍利,鈍利,,둔리,둔리,
3급,102,2023-08-26,39,dokeum_W,다음 漢字語의 讀音을 쓰시오.,忌避,忌避,,기피,기피,
3급,102,2023-08-26,40,dokeum_W,다음 漢字語의 讀音을 쓰시오.,埋藏,埋藏,,매장,매장,
3급,102,2023-08-26,41,dokeum_W,다음 漢字語의 讀音을 쓰시오.,洗濯,洗濯,,세탁,세탁,
3급,102,2023-08-26,42,dokeum_W,다음 漢字語의 讀音을 쓰시오.,誕辰,誕辰,,탄신,탄신,
3급,102,2023-08-26,43,dokeum_W,다음 漢字語의 讀音을 쓰시오.,推薦,推薦,,추천,추천,
3급,102,2023-08-26,44,dokeum_W,다음 漢字語의 讀音을 쓰시오.,蜂起,蜂起,,봉기,봉기,
3급,102,2023-08-26,45,dokeum_W,다음 漢字語의 讀音을 쓰시오.,罷免,罷免,,파면,파면,
3급,102,2023-08-26,46,huneum_W,다음 漢字의 訓과 音을 쓰시오.,糾,糾,,얽힐 규,얽힐 규,
3급,102,2023-08-26,47,huneum_W,다음 漢字의 訓과 音을 쓰시오.,遲,遲,,더딜/늦을 지,더딜/늦을 지,
3급,102,2023-08-26,48,huneum_W,다음 漢字의 訓과 音을 쓰시오.,塊,塊,,흙덩이 괴,흙덩이 괴,
3급,102,2023-08-26,49,huneum_W,다음 漢字의 訓과 音을 쓰시오.,厥,厥,,그 궐,그 궐,
3급,102,2023-08-26,50,huneum_W,다음 漢字의 訓과 音을 쓰시오.,敏,敏,,민첩할 민,민첩할 민,
3급,102,2023-08-26,51,huneum_W,다음 漢字의 訓과 音을 쓰시오.,逮,逮,,잡을 체,잡을 체,
3급,102,2023-08-26,52,huneum_W,다음 漢字의 訓과 音을 쓰시오.,擴,擴,,넓힐 확,넓힐 확,
3급,102,2023-08-26,53,huneum_W,다음 漢字의 訓과 音을 쓰시오.,耶,耶,,어조사 야,어조사 야,
3급,102,2023-08-26,54,huneum_W,다음 漢字의 訓과 音을 쓰시오.,嫌,嫌,,싫어할 혐,싫어할 혐,
3급,102,2023-08-26,55,huneum_W,다음 漢字의 訓과 音을 쓰시오.,屢,屢,,여러 루,여러 루,
3급,102,2023-08-26,56,huneum_W,다음 漢字의 訓과 音을 쓰시오.,粟,粟,,조 속,조 속,
3급,102,2023-08-26,57,huneum_W,다음 漢字의 訓과 音을 쓰시오.,篤,篤,,도타울 독,도타울 독,
3급,102,2023-08-26,58,huneum_W,다음 漢字의 訓과 音을 쓰시오.,侯,侯,,제후 후,제후 후,
3급,102,2023-08-26,59,huneum_W,다음 漢字의 訓과 音을 쓰시오.,騰,騰,,오를 등,오를 등,
3급,102,2023-08-26,60,huneum_W,다음 漢字의 訓과 音을 쓰시오.,蔽,蔽,,덮을 폐,덮을 폐,
3급,102,2023-08-26,61,huneum_W,다음 漢字의 訓과 音을 쓰시오.,惱,惱,,번뇌할 뇌,번뇌할 뇌,
3급,102,2023-08-26,62,huneum_W,다음 漢字의 訓과 音을 쓰시오.,輝,輝,,빛날 휘,빛날 휘,
3급,102,2023-08-26,63,huneum_W,다음 漢字의 訓과 音을 쓰시오.,毫,毫,,터럭 호,터럭 호,
3급,102,2023-08-26,64,huneum_W,다음 漢字의 訓과 音을 쓰시오.,牽,牽,,끌 견,끌 견,
3급,102,2023-08-26,65,huneum_W,다음 漢字의 訓과 音을 쓰시오.,憫,憫,,민망할 민,민망할 민,
3급,102,2023-08-26,66,huneum_W,다음 漢字의 訓과 音을 쓰시오.,尋,尋,,찾을 심,찾을 심,
3급,102,2023-08-26,67,huneum_W,다음 漢字의 訓과 音을 쓰시오.,燥,燥,,마를 조,마를 조,
3급,102,2023-08-26,68,huneum_W,다음 漢字의 訓과 音을 쓰시오.,傲,傲,,거만할 오,거만할 오,
3급,102,2023-08-26,69,huneum_W,다음 漢字의 訓과 音을 쓰시오.,稻,稻,,벼 도,벼 도,
3급,102,2023-08-26,70,huneum_W,다음 漢字의 訓과 音을 쓰시오.,奚,奚,,어찌 해,어찌 해,
3급,102,2023-08-26,71,huneum_W,다음 漢字의 訓과 音을 쓰시오.,塗,塗,,칠할 도,칠할 도,
3급,102,2023-08-26,72,huneum_W,다음 漢字의 訓과 音을 쓰시오.,焉,焉,,어찌 언,어찌 언,
3급,102,2023-08-26,73,busu_W,다음 漢字의 部首를 쓰시오.,斥,斥,,斤,斤,
3급,102,2023-08-26,74,busu_W,다음 漢字의 部首를 쓰시오.,廟,廟,,广,广,
3급,102,2023-08-26,75,busu_W,다음 漢字의 部首를 쓰시오.,雁,雁,,隹,隹,
3급,102,2023-08-26,76,busu_W,다음 漢字의 部首를 쓰시오.,畓,畓,,田,田,
3급,102,2023-08-26,77,busu_W,다음 漢字의 部首를 쓰시오.,頗,頗,,頁,頁,
3급,102,2023-08-26,78,yakja_W,다음 漢字의 略字를 쓰시오.,繼,繼,,継,継,
3급,102,2023-08-26,79,yakja_W,다음 漢字의 略字를 쓰시오.,辭,辭,,辞,辞,
3급,102,2023-08-26,80,yakja_W,다음 漢字의 略字를 쓰시오.,擇,擇,,択,択,
3급,102,2023-08-26,81,jangeum_S,다음 漢字語 중 첫소리가 長音인 것을 가려 그 번호를 쓰시오.,,,"[""① 家事"", ""② 假死""]",②,② 假死,
3급,102,2023-08-26,82,jangeum_S,다음 漢字語 중 첫소리가 長音인 것을 가려 그 번호를 쓰시오.,,,"[""① 貢布"", ""② 公布""]",①,① 貢布,
3급,102,2023-08-26,83,jangeum_S,다음 漢字語 중 첫소리가 長音인 것을 가려 그 번호를 쓰시오.,,,"[""① 敎示"", ""② 交市""]",①,① 敎示,
3급,102,2023-08-26,84,jangeum_S,다음 漢字語 중 첫소리가 長音인 것을 가려 그 번호를 쓰시오.,,,"[""① 陶爐"", ""② 道路""]",②,② 道路,
3급,102,2023-08-26,85,jangeum_S,다음 漢字語 중 첫소리가 長音인 것을 가려 그 번호를 쓰시오.,,,"[""① 影像"", ""② 零上""]",①,① 影像,
3급,102,2023-08-26,86,yui_W,다음 (      ) 안에 밑줄 친 漢字와 뜻이 같거나 비슷한 漢字를 正字로 적어 문장을 완성하시오.,이제 후진적 朋(     ) 정치는 그만두어야 한다.,朋( ),,黨,黨,
3급,102,2023-08-26,87,yui_W,다음 (      ) 안에 밑줄 친 漢字와 뜻이 같거나 비슷한 漢字를 正字로 적어 문장을 완성하시오.,그녀는 드디어 (      )匹을 만났다.,( )匹,,配,配,
3급,102,2023-08-26,88,yui_W,다음 (      ) 안에 밑줄 친 漢字와 뜻이 같거나 비슷한 漢字를 正字로 적어 문장을 완성하시오.,그는 성정이 敦(     )하여 따르는 이가 많다.,敦( ),,厚,厚,
3급,102,2023-08-26,89,yui_W,다음 (      ) 안에 밑줄 친 漢字와 뜻이 같거나 비슷한 漢字를 正字로 적어 문장을 완성하시오.,그 범인은 宜(     ) 잡힐 수밖에 없었다.,宜( ),,當,當,
3급,102,2023-08-26,90,yui_W,다음 (      ) 안에 밑줄 친 漢字와 뜻이 같거나 비슷한 漢字를 正字로 적어 문장을 완성하시오.,결혼식에 많은 賓(       )이 와서 혼잡했다.,賓( ),,客,客,
3급,102,2023-08-26,91,banui_W,다음 (      ) 안에 밑줄 친 漢字와 뜻이 상대(또는 반대)되는 漢字를 正字로 적어 문장을 완성하시오.,이번 안건의 (    )捨를 회장에게 전적으로 일임했다.,( )捨,,取,取,
3급,102,2023-08-26,92,banui_W,다음 (      ) 안에 밑줄 친 漢字와 뜻이 상대(또는 반대)되는 漢字를 正字로 적어 문장을 완성하시오.,두 사람은 먼 촌수의 (       )姪간이었다.,( )姪,,叔,叔,
3급,102,2023-08-26,93,banui_W,다음 (      ) 안에 밑줄 친 漢字와 뜻이 상대(또는 반대)되는 漢字를 正字로 적어 문장을 완성하시오.,그는 돈 되는 일이라면 (        )濁을 불문하고 맡아서 한다.,( )濁,,淸,淸,
3급,102,2023-08-26,94,banui_W,다음 (      ) 안에 밑줄 친 漢字와 뜻이 상대(또는 반대)되는 漢字를 正字로 적어 문장을 완성하시오.,털실로 뜬 이 옷은 伸(      )이 잘 되며 따뜻하다.,伸( ),,縮,縮,
3급,102,2023-08-26,95,banui_W,다음 (      ) 안에 밑줄 친 漢字와 뜻이 상대(또는 반대)되는 漢字를 正字로 적어 문장을 완성하시오.,그 집은 姑(    ) 사이가 워낙 좋아 화목하다.,姑( ),,婦,婦,
3급,102,2023-08-26,96,banuieo_W,다음 두 단어가 상대(또는 반대)되는 漢字語가 되도록 (         ) 안에 알맞은 漢字(正字)를 쓰시오.,添加 ↔ 削(   ),添加 ↔ 削( ),,除,除,
3급,102,2023-08-26,97,banuieo_W,다음 두 단어가 상대(또는 반대)되는 漢字語가 되도록 (         ) 안에 알맞은 漢字(正字)를 쓰시오.,吉兆 ↔ ( )兆,吉兆 ↔ ( )兆,,凶,凶,
3급,102,2023-08-26,98,banuieo_W,다음 두 단어가 상대(또는 반대)되는 漢字語가 되도록 (         ) 안에 알맞은 漢字(正字)를 쓰시오.,特殊 ↔ ( )遍,特殊 ↔ ( )遍,,普,普,
3급,102,2023-08-26,99,banuieo_W,다음 두 단어가 상대(또는 반대)되는 漢字語가 되도록 (         ) 안에 알맞은 漢字(正字)를 쓰시오.,冒(   ) ↔ 末尾,冒( ) ↔ 末尾,,頭,頭,
3급,102,2023-08-26,100,banuieo_W,다음 두 단어가 상대(또는 반대)되는 漢字語가 되도록 (         ) 안에 알맞은 漢字(正字)를 쓰시오.,(   )勝 ↔ 辛勝,( )勝 ↔ 辛勝,,樂,樂,
3급,102,2023-08-26,101,mean_W,다음 漢字語의 뜻을 쓰시오.,掛鏡,掛鏡,,벽이나 기둥에 거는 거울.,벽이나 기둥에 거는 거울.,
3급,102,2023-08-26,102,mean_W,다음 漢字語의 뜻을 쓰시오.,霧散,霧散,,안개가 걷히듯 흩어져 없어짐.,안개가 걷히듯 흩어져 없어짐.,
3급,102,2023-08-26,103,mean_W,다음 漢字語의 뜻을 쓰시오.,毒臭,毒臭,,몹시 강하고 자극적인 냄새.,몹시 강하고 자극적인 냄새.,
3급,102,2023-08-26,104,mean_W,다음 漢字語의 뜻을 쓰시오.,旣刊,旣刊,,이미 간행됨.,이미 간행됨.,
3급,102,2023-08-26,105,mean_W,다음 漢字語의 뜻을 쓰시오.,油滴,油滴,,기름방울.,기름방울.,
3급,102,2023-08-26,106,dongeumeo_W,다음 (     ) 속 단어의 同音異義語를 주어진 뜻에 맞게 漢字(正字)로 쓰시오.,(脚氣) - 새겨서 기록함.,(脚氣),,刻記,刻記,
3급,102,2023-08-26,107,dongeumeo_W,다음 (     ) 속 단어의 同音異義語를 주어진 뜻에 맞게 漢字(正字)로 쓰시오.,(干支) - 사이에 끼우는 얇은 종이.,(干支),,間紙,間紙,
3급,102,2023-08-26,108,dongeumeo_W,다음 (     ) 속 단어의 同音異義語를 주어진 뜻에 맞게 漢字(正字)로 쓰시오.,(感受) - 저술이나 편찬 따위를 지도하고 감독함.,(感受),,監修,監修,
3급,102,2023-08-26,109,dongeumeo_W,다음 (     ) 속 단어의 同音異義語를 주어진 뜻에 맞게 漢字(正字)로 쓰시오.,(微雪) - 아직 베풀거나 만들지 못함.,(微雪),,未設,未設,
3급,102,2023-08-26,110,dongeumeo_W,다음 (     ) 속 단어의 同音異義語를 주어진 뜻에 맞게 漢字(正字)로 쓰시오.,(薄收) - 손뼉을 마주 침.,(薄收),,拍手,拍手,
3급,102,2023-08-26,111,seongeo_W,다음 ( ) 안에 알맞은 漢字를 적어 四字成語를 완성하시오.,(    )顧無親 : 의지할 만한 사람이 아무도 없음.,( )顧無親,,四,四,
3급,102,2023-08-26,112,seongeo_W,다음 ( ) 안에 알맞은 漢字를 적어 四字成語를 완성하시오.,(    )楊芳草 : 푸른 버드나무와 향기로운 풀.,( )楊芳草,,綠,綠,
3급,102,2023-08-26,113,seongeo_W,다음 ( ) 안에 알맞은 漢字를 적어 四字成語를 완성하시오.,白骨( )忘 : 죽어서 백골이 되어도 잊을 수 없음.,白骨( )忘,,難,難,
3급,102,2023-08-26,114,seongeo_W,다음 ( ) 안에 알맞은 漢字를 적어 四字成語를 완성하시오.,茫然自(     ) : 멍하니 정신을 잃음.,茫然自( ),,失,失,
3급,102,2023-08-26,115,seongeo_W,다음 ( ) 안에 알맞은 漢字를 적어 四字成語를 완성하시오.,伯仲之(     ) : 누가 첫째이고 둘째인지 구분하기 어려움.,伯仲之( ),,勢,勢,
3급,102,2023-08-26,116,seongeo_W,다음 ( ) 안에 알맞은 漢字를 적어 四字成語를 완성하시오.,(    )令暮改 : 아침에 명령을 내렸다가 저녁에 다시 고침.,( )令暮改,,朝,朝,
3급,102,2023-08-26,117,seongeo_W,다음 ( ) 안에 알맞은 漢字를 적어 四字成語를 완성하시오.,矯(    )殺牛 : 소의 뿔을 바로잡으려다가 소를 죽임.,矯( )殺牛,,角,角,
3급,102,2023-08-26,118,seongeo_W,다음 ( ) 안에 알맞은 漢字를 적어 四字成語를 완성하시오.,(    )狗風月 : 서당개 삼 년이면 풍월을 읊음.,( )狗風月,,堂,堂,
3급,102,2023-08-26,119,seongeo_W,다음 ( ) 안에 알맞은 漢字를 적어 四字成語를 완성하시오.,同(    )異夢 : 같은 자리에 자면서 다른 꿈을 꿈.,同( )異夢,,床,床,
3급,102,2023-08-26,120,seongeo_W,다음 ( ) 안에 알맞은 漢字를 적어 四字成語를 완성하시오.,(    )弓新矢 : 묵은 활과 새 화살.,( )弓新矢,,舊,舊,
3급,102,2023-08-26,121,hanjaeo_W,다음 문장의 밑줄 친 漢字語를 正字의 漢字로 쓰시오.,이번 사건은 김 형사가 전담하기로 했다.,전담,,專擔,專擔,
3급,102,2023-08-26,122,hanjaeo_W,다음 문장의 밑줄 친 漢字語를 正字의 漢字로 쓰시오.,그가 왜 갑자기 내게 잘해 주는지 그 저의를 모르겠다.,저의,,底意,底意,
3급,102,2023-08-26,123,hanjaeo_W,다음 문장의 밑줄 친 漢字語를 正字의 漢字로 쓰시오.,공공서비스 예산이 증액되었다.,증액,,增額,增額,
3급,102,2023-08-26,124,hanjaeo_W,다음 문장의 밑줄 친 漢字語를 正字의 漢字로 쓰시오.,홍경래는 자신을 도와주지 않은 시대가 한탄스러웠다.,한탄,,恨歎,恨歎,
3급,102,2023-08-26,125,hanjaeo_W,다음 문장의 밑줄 친 漢字語를 正字의 漢字로 쓰시오.,정부는 난개발에 따른 환경 파괴를 막아야 한다.,환경,,環境,環境,
3급,102,2023-08-26,126,hanjaeo_W,다음 문장의 밑줄 친 漢字語를 正字의 漢字로 쓰시오.,집 앞에 버스가 손님을 대기하고 있다.,대기,,待機,待機,
3급,102,2023-08-26,127,hanjaeo_W,다음 문장의 밑줄 친 漢字語를 正字의 漢字로 쓰시오.,너는 나를 악의 구렁텅이로 전락시키려고 하는 거냐?,전락,,轉落,轉落,
3급,102,2023-08-26,128,hanjaeo_W,다음 문장의 밑줄 친 漢字語를 正字의 漢字로 쓰시오.,오늘은 여성 문제에 대한 광범위한 토의가 있었다.,토의,,討議,討議,
3급,102,2023-08-26,129,hanjaeo_W,다음 문장의 밑줄 친 漢字語를 正字의 漢字로 쓰시오.,그의 수려한 외모에 나는 숨이 막히는 것 같았다.,수려,,秀麗,秀麗,
3급,102,2023-08-26,130,hanjaeo_W,다음 문장의 밑줄 친 漢字語를 正字의 漢字로 쓰시오.,위급한 상황에서는 언제나 그가 날 지켜주었다.,위급,,危急,危急,
3급,102,2023-08-26,131,hanjaeo_W,다음 문장의 밑줄 친 漢字語를 正字의 漢字로 쓰시오.,우리는 그의 사정을 충분히 고려했다.,고려,,考慮,考慮,
3급,102,2023-08-26,132,hanjaeo_W,다음 문장의 밑줄 친 漢字語를 正字의 漢字로 쓰시오.,이 그림은 그의 작품 중에서 가장 걸출하다.,걸출,,傑出,傑出,
3급,102,2023-08-26,133,hanjaeo_W,다음 문장의 밑줄 친 漢字語를 正字의 漢字로 쓰시오.,유럽 사람들은 대부분 검소하다.,검소,,儉素,儉素,
3급,102,2023-08-26,134,hanjaeo_W,다음 문장의 밑줄 친 漢字語를 正字의 漢字로 쓰시오.,새 프로젝트에 관여한 사람만 해도 백 명이 넘는다.,관여,,關與,關與,
3급,102,2023-08-26,135,hanjaeo_W,다음 문장의 밑줄 친 漢字語를 正字의 漢字로 쓰시오.,그 감독은 좋은 소설을 골라 극화하는 경우가 많다.,극화,,劇化,劇化,
3급,102,2023-08-26,136,hanjaeo_W,다음 문장의 밑줄 친 漢字語를 正字의 漢字로 쓰시오.,모회사의 지분을 인수하다.,지분,,持分,持分,
3급,102,2023-08-26,137,hanjaeo_W,다음 문장의 밑줄 친 漢字語를 正字의 漢字로 쓰시오.,나는 중고등학교 시절 '별이 빛나는 밤에'를 애청하였다.,애청,,愛聽,愛聽,
3급,102,2023-08-26,138,hanjaeo_W,다음 문장의 밑줄 친 漢字語를 正字의 漢字로 쓰시오.,우리나라는 이미 상용 인터넷 접속망이 구축되어 있다.,구축,,構築,構築,
3급,102,2023-08-26,139,hanjaeo_W,다음 문장의 밑줄 친 漢字語를 正字의 漢字로 쓰시오.,아무도 연말 주가를 예측할 수 없다.,예측,,豫測,豫測,
3급,102,2023-08-26,140,hanjaeo_W,다음 문장의 밑줄 친 漢字語를 正字의 漢字로 쓰시오.,그가 항상 웃는 모습이 인상에 남았다.,인상,,印象,印象,
3급,102,2023-08-26,141,hanjaeo_W,다음 문장의 밑줄 친 漢字語를 正字의 漢字로 쓰시오.,아군은 적의 보급창고를 폭격했다.,폭격,,爆擊,爆擊,
3급,102,2023-08-26,142,hanjaeo_W,다음 문장의 밑줄 친 漢字語를 正字의 漢字로 쓰시오.,핵무기는 전 세계를 폐허로 만들 수 있는 위력을 가지고 있다.,위력,,威力,威力,
3급,102,2023-08-26,143,hanjaeo_W,다음 문장의 밑줄 친 漢字語를 正字의 漢字로 쓰시오.,그는 늘 양팔을 휘저으면서 양반걸음을 걷는다.,양반,,兩班,兩班,
3급,102,2023-08-26,144,hanjaeo_W,다음 문장의 밑줄 친 漢字語를 正字의 漢字로 쓰시오.,야외 공연장 쪽에서 웅장한 음악 소리가 들려왔다.,웅장,,雄壯,雄壯,
3급,102,2023-08-26,145,hanjaeo_W,다음 문장의 밑줄 친 漢字語를 正字의 漢字로 쓰시오.,이 책은 몇 편의 작품과 논평을 묶은 것이다.,논평,,論評,論評,
3급,102,2023-08-26,146,hanjaeo_W,다음 문장의 밑줄 친 漢字語를 正字의 漢字로 쓰시오.,대열의 선두에 섰다.,대열,,隊列,隊列,
3급,102,2023-08-26,147,hanjaeo_W,다음 문장의 밑줄 친 漢字語를 正字의 漢字로 쓰시오.,그는 계명에 새벽잠을 깨었다.,계명,,鷄鳴,鷄鳴,
3급,102,2023-08-26,148,hanjaeo_W,다음 문장의 밑줄 친 漢字語를 正字의 漢字로 쓰시오.,고등학생이 전공에 대해 판단을 내리기는 쉽지 않다.,판단,,判斷,判斷,
3급,102,2023-08-26,149,hanjaeo_W,다음 문장의 밑줄 친 漢字語를 正字의 漢字로 쓰시오.,생명은 그 자체로 존엄한 것이다.,존엄,,尊嚴,尊嚴,
3급,102,2023-08-26,150,hanjaeo_W,다음 문장의 밑줄 친 漢字語를 正字의 漢字로 쓰시오.,극심한 탄압 앞에 무릎을 꿇다.,탄압,,彈壓,彈壓,
3급,103,2023-11-11,1,dokeum_W,다음 밑줄 친 漢字語의 讀音을 쓰시오.,그 사람은 성격이 아주 疏脫한 편이다.,疏脫,,소탈,소탈,
3급,103,2023-11-11,2,dokeum_W,다음 밑줄 친 漢字語의 讀音을 쓰시오.,그 일은 우리 사회 질서를 크게 動搖시키고 있다.,動搖,,동요,동요,
3급,103,2023-11-11,3,dokeum_W,다음 밑줄 친 漢字語의 讀音을 쓰시오.,그는 신통한 占卜으로 인근에 널리 알려져 있었다.,占卜,,점복,점복,
3급,103,2023-11-11,4,dokeum_W,다음 밑줄 친 漢字語의 讀音을 쓰시오.,그 가수는 그 영화에서 주연배우로 活躍했다.,活躍,,활약,활약,
3급,103,2023-11-11,5,dokeum_W,다음 밑줄 친 漢字語의 讀音을 쓰시오.,이번에 출전한 팀들의 실력은 優劣을 가리기가 어렵다.,優劣,,우열,우열,
3급,103,2023-11-11,6,dokeum_W,다음 밑줄 친 漢字語의 讀音을 쓰시오.,피의자가 감옥으로 押送되었다.,押送,,압송,압송,
3급,103,2023-11-11,7,dokeum_W,다음 밑줄 친 漢字語의 讀音을 쓰시오.,노사 분규가 원만히 妥結되었다.,妥結,,타결,타결,
3급,103,2023-11-11,8,dokeum_W,다음 밑줄 친 漢字語의 讀音을 쓰시오.,그는 水泳에서 금메달을 땄다.,水泳,,수영,수영,
3급,103,2023-11-11,9,dokeum_W,다음 밑줄 친 漢字語의 讀音을 쓰시오.,"두통약, 치통약, 생리통약은 서로 互換이 된다.",互換,,호환,호환,
3급,103,2023-11-11,10,dokeum_W,다음 밑줄 친 漢字語의 讀音을 쓰시오.,이 작품은 당시의 시대적 상황과 밀접하게 連繫되어 있다.,連繫,,연계,연계,
3급,103,2023-11-11,11,dokeum_W,다음 밑줄 친 漢字語의 讀音을 쓰시오.,오래간만에 만난 우리는 묵은 懷抱를 풀었다.,懷抱,,회포,회포,
3급,103,2023-11-11,12,dokeum_W,다음 밑줄 친 漢字語의 讀音을 쓰시오.,여왕은 그에게 爵位를 한 계급 올려 주었다.,爵位,,작위,작위,
3급,103,2023-11-11,13,dokeum_W,다음 밑줄 친 漢字語의 讀音을 쓰시오.,고위층의 비리를 밝히라는 輿論이 들끓었다.,輿論,,여론,여론,
3급,103,2023-11-11,14,dokeum_W,다음 밑줄 친 漢字語의 讀音을 쓰시오.,그는 반대파를 包攝하면서 세력을 키워나갔다.,包攝,,포섭,포섭,
3급,103,2023-11-11,15,dokeum_W,다음 밑줄 친 漢字語의 讀音을 쓰시오.,그는 합격이 飜覆되어 회사에 항의했다.,飜覆,,번복,번복,
3급,103,2023-11-11,16,dokeum_W,다음 밑줄 친 漢字語의 讀音을 쓰시오.,이 건달은 자신을 청와대 직원으로 詐稱하고 다녔다.,詐稱,,사칭,사칭,
3급,103,2023-11-11,17,dokeum_W,다음 밑줄 친 漢字語의 讀音을 쓰시오.,율곡 이이는 강릉 오죽헌에서 誕生했다.,誕生,,탄생,탄생,
3급,103,2023-11-11,18,dokeum_W,다음 밑줄 친 漢字語의 讀音을 쓰시오.,정부는 물의를 일으킨 주미대사의 召還을 결정했다.,召還,,소환,소환,
3급,103,2023-11-11,19,dokeum_W,다음 밑줄 친 漢字語의 讀音을 쓰시오.,잠시도 遲滯 말고 바로 집으로 돌아가시오.,遲滯,,지체,지체,
3급,103,2023-11-11,20,dokeum_W,다음 밑줄 친 漢字語의 讀音을 쓰시오.,옛날 생활의 흔적들이 모두 沒刻되고 말았다.,沒刻,,몰각,몰각,
3급,103,2023-11-11,21,dokeum_W,다음 漢字語의 讀音을 쓰시오.,隷屬,隷屬,,예속,예속,
3급,103,2023-11-11,22,dokeum_W,다음 漢字語의 讀音을 쓰시오.,崩壞,崩壞,,붕괴,붕괴,
3급,103,2023-11-11,23,dokeum_W,다음 漢字語의 讀音을 쓰시오.,慘敗,慘敗,,참패,참패,
3급,103,2023-11-11,24,dokeum_W,다음 漢字語의 讀音을 쓰시오.,迷惑,迷惑,,미혹,미혹,
3급,103,2023-11-11,25,dokeum_W,다음 漢字語의 讀音을 쓰시오.,漫醉,漫醉,,만취,만취,
3급,103,2023-11-11,26,dokeum_W,다음 漢字語의 讀音을 쓰시오.,遞增,遞增,,체증,체증,
3급,103,2023-11-11,27,dokeum_W,다음 漢字語의 讀音을 쓰시오.,携帶,携帶,,휴대,휴대,
3급,103,2023-11-11,28,dokeum_W,다음 漢字語의 讀音을 쓰시오.,捕捉,捕捉,,포착,포착,
3급,103,2023-11-11,29,dokeum_W,다음 漢字語의 讀音을 쓰시오.,燥渴,燥渴,,조갈,조갈,
3급,103,2023-11-11,30,dokeum_W,다음 漢字語의 讀音을 쓰시오.,憤慨,憤慨,,분개,분개,
3급,103,2023-11-11,31,dokeum_W,다음 漢字語의 讀音을 쓰시오.,龜裂,龜裂,,균열,균열,
3급,103,2023-11-11,32,dokeum_W,다음 漢字語의 讀音을 쓰시오.,排斥,排斥,,배척,배척,
3급,103,2023-11-11,33,dokeum_W,다음 漢字語의 讀音을 쓰시오.,傍點,傍點,,방점,방점,
3급,103,2023-11-11,34,dokeum_W,다음 漢字語의 讀音을 쓰시오.,擁護,擁護,,옹호,옹호,
3급,103,2023-11-11,35,dokeum_W,다음 漢字語의 讀音을 쓰시오.,畏懼,畏懼,,외구,외구,
3급,103,2023-11-11,36,dokeum_W,다음 漢字語의 讀音을 쓰시오.,搜索,搜索,,수색,수색,
3급,103,2023-11-11,37,dokeum_W,다음 漢字語의 讀音을 쓰시오.,革罷,革罷,,혁파,혁파,
3급,103,2023-11-11,38,dokeum_W,다음 漢字語의 讀音을 쓰시오.,傲慢,傲慢,,오만,오만,
3급,103,2023-11-11,39,dokeum_W,다음 漢字語의 讀音을 쓰시오.,慙愧,慙愧,,참괴,참괴,
3급,103,2023-11-11,40,dokeum_W,다음 漢字語의 讀音을 쓰시오.,閱覽,閱覽,,열람,열람,
3급,103,2023-11-11,41,dokeum_W,다음 漢字語의 讀音을 쓰시오.,寄贈,寄贈,,기증,기증,
3급,103,2023-11-11,42,dokeum_W,다음 漢字語의 讀音을 쓰시오.,懲戒,懲戒,,징계,징계,
3급,103,2023-11-11,43,dokeum_W,다음 漢字語의 讀音을 쓰시오.,凝固,凝固,,응고,응고,
3급,103,2023-11-11,44,dokeum_W,다음 漢字語의 讀音을 쓰시오.,廉探,廉探,,염탐,염탐,
3급,103,2023-11-11,45,dokeum_W,다음 漢字語의 讀音을 쓰시오.,嫌疑,嫌疑,,혐의,혐의,
3급,103,2023-11-11,46,huneum_W,다음 漢字의 訓과 音을 쓰시오.,亨,亨,,형통할 형,형통할 형,
3급,103,2023-11-11,47,huneum_W,다음 漢字의 訓과 音을 쓰시오.,賜,賜,,줄 사,줄 사,
3급,103,2023-11-11,48,huneum_W,다음 漢字의 訓과 音을 쓰시오.,輝,輝,,빛날 휘,빛날 휘,
3급,103,2023-11-11,49,huneum_W,다음 漢字의 訓과 音을 쓰시오.,蜂,蜂,,벌 봉,벌 봉,
3급,103,2023-11-11,50,huneum_W,다음 漢字의 訓과 音을 쓰시오.,臥,臥,,누울 와,누울 와,
3급,103,2023-11-11,51,huneum_W,다음 漢字의 訓과 音을 쓰시오.,棄,棄,,버릴 기,버릴 기,
3급,103,2023-11-11,52,huneum_W,다음 漢字의 訓과 音을 쓰시오.,屢,屢,,여러 루,여러 루,
3급,103,2023-11-11,53,huneum_W,다음 漢字의 訓과 音을 쓰시오.,抽,抽,,뽑을 추,뽑을 추,
3급,103,2023-11-11,54,huneum_W,다음 漢字의 訓과 音을 쓰시오.,腰,腰,,허리 요,허리 요,
3급,103,2023-11-11,55,huneum_W,다음 漢字의 訓과 音을 쓰시오.,蝶,蝶,,나비 접,나비 접,
3급,103,2023-11-11,56,huneum_W,다음 漢字의 訓과 音을 쓰시오.,逝,逝,,갈[往] 서,갈[往] 서,
3급,103,2023-11-11,57,huneum_W,다음 漢字의 訓과 音을 쓰시오.,餓,餓,,주릴 아,주릴 아,
3급,103,2023-11-11,58,huneum_W,다음 漢字의 訓과 音을 쓰시오.,蜜,蜜,,꿀 밀,꿀 밀,
3급,103,2023-11-11,59,huneum_W,다음 漢字의 訓과 音을 쓰시오.,睡,睡,,졸음 수,졸음 수,
3급,103,2023-11-11,60,huneum_W,다음 漢字의 訓과 音을 쓰시오.,絹,絹,,비단 견,비단 견,
3급,103,2023-11-11,61,huneum_W,다음 漢字의 訓과 音을 쓰시오.,暑,暑,,더울 서,더울 서,
3급,103,2023-11-11,62,huneum_W,다음 漢字의 訓과 音을 쓰시오.,亥,亥,,돼지 해,돼지 해,
3급,103,2023-11-11,63,huneum_W,다음 漢字의 訓과 音을 쓰시오.,蔬,蔬,,나물 소,나물 소,
3급,103,2023-11-11,64,huneum_W,다음 漢字의 訓과 音을 쓰시오.,雁,雁,,기러기 안,기러기 안,
3급,103,2023-11-11,65,huneum_W,다음 漢字의 訓과 音을 쓰시오.,閏,閏,,윤달 윤,윤달 윤,
3급,103,2023-11-11,66,huneum_W,다음 漢字의 訓과 音을 쓰시오.,眉,眉,,눈썹 미,눈썹 미,
3급,103,2023-11-11,67,huneum_W,다음 漢字의 訓과 音을 쓰시오.,添,添,,더할 첨,더할 첨,
3급,103,2023-11-11,68,huneum_W,다음 漢字의 訓과 音을 쓰시오.,埋,埋,,묻을 매,묻을 매,
3급,103,2023-11-11,69,huneum_W,다음 漢字의 訓과 音을 쓰시오.,咸,咸,,다 함,다 함,
3급,103,2023-11-11,70,huneum_W,다음 漢字의 訓과 音을 쓰시오.,坤,坤,,따 곤,따 곤,
3급,103,2023-11-11,71,huneum_W,다음 漢字의 訓과 音을 쓰시오.,杯,杯,,잔 배,잔 배,
3급,103,2023-11-11,72,huneum_W,다음 漢字의 訓과 音을 쓰시오.,晴,晴,,갤 청,갤 청,
3급,103,2023-11-11,73,busu_W,다음 漢字의 部首를 쓰시오.,縣,縣,,糸,糸,
3급,103,2023-11-11,74,busu_W,다음 漢字의 部首를 쓰시오.,吾,吾,,口,口,
3급,103,2023-11-11,75,busu_W,다음 漢字의 部首를 쓰시오.,乃,乃,,丿,丿,
3급,103,2023-11-11,76,busu_W,다음 漢字의 部首를 쓰시오.,恕,恕,,心,心,
3급,103,2023-11-11,77,busu_W,다음 漢字의 部首를 쓰시오.,誓,誓,,言,言,
3급,103,2023-11-11,78,yakja_W,다음 漢字의 略字를 쓰시오.,廳,廳,,庁,庁,
3급,103,2023-11-11,79,yakja_W,다음 漢字의 略字를 쓰시오.,亂,亂,,乱,乱,
3급,103,2023-11-11,80,yakja_W,다음 漢字의 略字를 쓰시오.,盡,盡,,尽,尽,
3급,103,2023-11-11,81,jangeum_S,다음 漢字語 중 첫소리가 長音인 것을 가려 그 번호를 쓰시오.,,,"[""① 歌辭"", ""② 假死""]",②,② 假死,
3급,103,2023-11-11,82,jangeum_S,다음 漢字語 중 첫소리가 長音인 것을 가려 그 번호를 쓰시오.,,,"[""① 無期"", ""② 武器""]",②,② 武器,
3급,103,2023-11-11,83,jangeum_S,다음 漢字語 중 첫소리가 長音인 것을 가려 그 번호를 쓰시오.,,,"[""① 邊境"", ""② 變更""]",②,② 變更,
3급,103,2023-11-11,84,jangeum_S,다음 漢字語 중 첫소리가 長音인 것을 가려 그 번호를 쓰시오.,,,"[""① 事情"", ""② 射程""]",①,① 事情,
3급,103,2023-11-11,85,jangeum_S,다음 漢字語 중 첫소리가 長音인 것을 가려 그 번호를 쓰시오.,,,"[""① 移轉"", ""② 以前""]",②,② 以前,
3급,103,2023-11-11,86,yui_W,다음 (         ) 안에 밑줄 친 漢字와 뜻이 같거나 비슷한 漢字를 正字로 적어 문장을 완성하시오.,"현대는 정보화 시대, 尖(       ) 과학의 시대라 할 수 있다.",尖( ),,端,端,
3급,103,2023-11-11,87,yui_W,다음 (         ) 안에 밑줄 친 漢字와 뜻이 같거나 비슷한 漢字를 正字로 적어 문장을 완성하시오.,마을 뒤 선산에는 수많은 조상의 墳(   )가 있다.,墳( ),,墓,墓,
3급,103,2023-11-11,88,yui_W,다음 (         ) 안에 밑줄 친 漢字와 뜻이 같거나 비슷한 漢字를 正字로 적어 문장을 완성하시오.,음악 감상은 그가 즐기는 유일한 娛(   )이다.,娛( ),,樂,樂,
3급,103,2023-11-11,89,yui_W,다음 (         ) 안에 밑줄 친 漢字와 뜻이 같거나 비슷한 漢字를 正字로 적어 문장을 완성하시오.,(    )倣은 창작의 어머니라고도 한다.,( )倣,,模,模,
3급,103,2023-11-11,90,yui_W,다음 (         ) 안에 밑줄 친 漢字와 뜻이 같거나 비슷한 漢字를 正字로 적어 문장을 완성하시오.,결혼식에 많은 賓(        )이 와서 혼잡했다.,賓( ),,客,客,
3급,103,2023-11-11,91,banui_W,다음 (         ) 안에 밑줄 친 漢字와 뜻이 상대(또는 반대)되는 漢字를 正字로 적어 문장을 완성하시오.,그는 呼(     )을 가다듬기 위해 물 한모금을 마셨다.,呼( ),,吸,吸,
3급,103,2023-11-11,92,banui_W,다음 (         ) 안에 밑줄 친 漢字와 뜻이 상대(또는 반대)되는 漢字를 正字로 적어 문장을 완성하시오.,학문은 민족의 흥망을 가름하며 문화의 (       )衰에 관건이 된다.,( )衰,,盛,盛,
3급,103,2023-11-11,93,banui_W,다음 (         ) 안에 밑줄 친 漢字와 뜻이 상대(또는 반대)되는 漢字를 正字로 적어 문장을 완성하시오.,시장에서의 (       )買가 언제나 수요와 공급 간의 일치를 보장하는 것은 아니다.,( )買,,賣,賣,
3급,103,2023-11-11,94,banui_W,다음 (         ) 안에 밑줄 친 漢字와 뜻이 상대(또는 반대)되는 漢字를 正字로 적어 문장을 완성하시오.,(    )今의 한국 경제가 안팎으로 어려움에 부닥쳤다.,( )今,,昨,昨,
3급,103,2023-11-11,95,banui_W,다음 (         ) 안에 밑줄 친 漢字와 뜻이 상대(또는 반대)되는 漢字를 正字로 적어 문장을 완성하시오.,서해안은 干(       )의 차가 심하다.,干( ),,滿,滿,
3급,103,2023-11-11,96,banuieo_W,다음 두 단어가 상대(또는 반대)되는 漢字語가 되도록 (          ) 안에 알맞은 漢字(正字)를 쓰시오.,愼重 ↔ ( )率,愼重 ↔ ( )率,,輕,輕,
3급,103,2023-11-11,97,banuieo_W,다음 두 단어가 상대(또는 반대)되는 漢字語가 되도록 (          ) 안에 알맞은 漢字(正字)를 쓰시오.,節(   ) ↔ 濫用,節( ) ↔ 濫用,,約,約,
3급,103,2023-11-11,98,banuieo_W,다음 두 단어가 상대(또는 반대)되는 漢字語가 되도록 (          ) 안에 알맞은 漢字(正字)를 쓰시오.,歡喜 ↔ ( )哀,歡喜 ↔ ( )哀,,悲,悲,
3급,103,2023-11-11,99,banuieo_W,다음 두 단어가 상대(또는 반대)되는 漢字語가 되도록 (          ) 안에 알맞은 漢字(正字)를 쓰시오.,銳(   ) ↔ 鈍濁,銳( ) ↔ 鈍濁,,利,利,
3급,103,2023-11-11,100,banuieo_W,다음 두 단어가 상대(또는 반대)되는 漢字語가 되도록 (          ) 안에 알맞은 漢字(正字)를 쓰시오.,偏頗 ↔ (    )平,偏頗 ↔ ( )平,,公,公,
3급,103,2023-11-11,101,mean_W,다음 漢字語의 뜻을 쓰시오.,鄕隣,鄕隣,,고향의 이웃.,고향의 이웃.,
3급,103,2023-11-11,102,mean_W,다음 漢字語의 뜻을 쓰시오.,鹿角,鹿角,,사슴뿔,사슴뿔,
3급,103,2023-11-11,103,mean_W,다음 漢字語의 뜻을 쓰시오.,種豚,種豚,,씨돼지.,씨돼지.,
3급,103,2023-11-11,104,mean_W,다음 漢字語의 뜻을 쓰시오.,油滴,油滴,,기름방울.,기름방울.,
3급,103,2023-11-11,105,mean_W,다음 漢字語의 뜻을 쓰시오.,屈伸,屈伸,,"팔, 다리 따위를 굽혔다 폈다 함.","팔, 다리 따위를 굽혔다 폈다 함.",
3급,103,2023-11-11,106,dongeumeo_W,다음 (      ) 속 단어의 同音異義語를 주어진 뜻에 맞게 漢字(正字)로 쓰시오.,(簡兵) - 앓는 사람을 돌봄.,(簡兵),,看病,看病,
3급,103,2023-11-11,107,dongeumeo_W,다음 (      ) 속 단어의 同音異義語를 주어진 뜻에 맞게 漢字(正字)로 쓰시오.,(盤床) - 양반과 상사람.,(盤床),,班常,班常,
3급,103,2023-11-11,108,dongeumeo_W,다음 (      ) 속 단어의 同音異義語를 주어진 뜻에 맞게 漢字(正字)로 쓰시오.,(西施) - 책의 첫머리에 서문 대신 쓴 시.,(西施),,序詩,序詩,
3급,103,2023-11-11,109,dongeumeo_W,다음 (      ) 속 단어의 同音異義語를 주어진 뜻에 맞게 漢字(正字)로 쓰시오.,(聯關) - 납으로 만든 대롱.,(聯關),,鉛管,鉛管,
3급,103,2023-11-11,110,dongeumeo_W,다음 (      ) 속 단어의 同音異義語를 주어진 뜻에 맞게 漢字(正字)로 쓰시오.,(何時) - 남을 얕잡아 낮추어 봄.,(何時),,下視,下視,
3급,103,2023-11-11,111,seongeo_W,다음 ( ) 안에 알맞은 漢字를 적어 四字成語를 완성하시오.,一刀兩(    ) : 한 칼에 두 도막을 냄.,一刀兩( ),,斷,斷,
3급,103,2023-11-11,112,seongeo_W,다음 ( ) 안에 알맞은 漢字를 적어 四字成語를 완성하시오.,(    )楊芳草 : 푸른 버드나무와 향기로운 풀.,( )楊芳草,,綠,綠,
3급,103,2023-11-11,113,seongeo_W,다음 ( ) 안에 알맞은 漢字를 적어 四字成語를 완성하시오.,(    )舟求劍 : 융통성 없이 현실에 맞지 않는 낡은 생각을 고집하는 어리석음.,( )舟求劍,,刻,刻,
3급,103,2023-11-11,114,seongeo_W,다음 ( ) 안에 알맞은 漢字를 적어 四字成語를 완성하시오.,罔(    )之恩 : 끝없이 베풀어 주는 혜택이나 고마움.,罔( )之恩,,極,極,
3급,103,2023-11-11,115,seongeo_W,다음 ( ) 안에 알맞은 漢字를 적어 四字成語를 완성하시오.,牽(    )附會 : 이치에 맞지 않는 말을 억지로 끌어 붙여 자기에게 유리하게 함.,牽( )附會,,強,強,
3급,103,2023-11-11,116,seongeo_W,다음 ( ) 안에 알맞은 漢字를 적어 四字成語를 완성하시오.,塗不拾(    ) : 길에 떨어진 물건도 주워 가지 않음.,塗不拾( ),,遺,遺,
3급,103,2023-11-11,117,seongeo_W,다음 ( ) 안에 알맞은 漢字를 적어 四字成語를 완성하시오.,"飽食( )衣 : 배부르게 먹고, 따듯하게 입음.",飽食( )衣,,暖,暖,
3급,103,2023-11-11,118,seongeo_W,다음 ( ) 안에 알맞은 漢字를 적어 四字成語를 완성하시오.,昏定晨(    ) : 밤에는 부모의 잠자리를 보아 드리고 이른 아침에는 부모의 밤새 안부를 여쭘.,昏定晨( ),,省,省,
3급,103,2023-11-11,119,seongeo_W,다음 ( ) 안에 알맞은 漢字를 적어 四字成語를 완성하시오.,唯我獨(    ) : 오직 나만이 존귀함.,唯我獨( ),,尊,尊,
3급,103,2023-11-11,120,seongeo_W,다음 ( ) 안에 알맞은 漢字를 적어 四字成語를 완성하시오.,鷄鳴狗(    ) : 하찮은 재주라도 쓰임이 있음.,鷄鳴狗( ),,盜,盜,
3급,103,2023-11-11,121,hanjaeo_W,다음 문장의 밑줄 친 漢字語를 正字의 漢字로 쓰시오.,이 지점은 본사가 직영을 한다.,직영,,直營,直營,
3급,103,2023-11-11,122,hanjaeo_W,다음 문장의 밑줄 친 漢字語를 正字의 漢字로 쓰시오.,정부는 전통문화를 그대로 보존시키기 위해서 많은 투자를 아끼지 않았다.,보존,,保存,保存,
3급,103,2023-11-11,123,hanjaeo_W,다음 문장의 밑줄 친 漢字語를 正字의 漢字로 쓰시오.,양국은 무기 감축에 관한 협정을 체결하였다.,감축,,減縮,減縮,
3급,103,2023-11-11,124,hanjaeo_W,다음 문장의 밑줄 친 漢字語를 正字의 漢字로 쓰시오.,나는 우연한 인연으로 이런 직업을 갖게 되었다.,인연,,因緣,因緣,
3급,103,2023-11-11,125,hanjaeo_W,다음 문장의 밑줄 친 漢字語를 正字의 漢字로 쓰시오.,김 의원은 여러 사람을 설득하여 자신의 주장을 관철하였다.,주장,,主張,主張,
3급,103,2023-11-11,126,hanjaeo_W,다음 문장의 밑줄 친 漢字語를 正字의 漢字로 쓰시오.,그것은 내가 거절할 수 있는 제안이 아니다.,거절,,拒絶,拒絶,
3급,103,2023-11-11,127,hanjaeo_W,다음 문장의 밑줄 친 漢字語를 正字의 漢字로 쓰시오.,정부는 중소기업 육성 방안을 마련 중이다.,정부,,政府,政府,
3급,103,2023-11-11,128,hanjaeo_W,다음 문장의 밑줄 친 漢字語를 正字의 漢字로 쓰시오.,어느 누구도 자유와 방종을 혼동해서는 안 된다.,혼동,,混同,混同,
3급,103,2023-11-11,129,hanjaeo_W,다음 문장의 밑줄 친 漢字語를 正字의 漢字로 쓰시오.,민호는 남들보다 반 박자 늦게 춤을 춘다.,박자,,拍子,拍子,
3급,103,2023-11-11,130,hanjaeo_W,다음 문장의 밑줄 친 漢字語를 正字의 漢字로 쓰시오.,대부분의 가정에서는 이제 제사를 검소하게 지낸다.,검소,,儉素,儉素,
3급,103,2023-11-11,131,hanjaeo_W,다음 문장의 밑줄 친 漢字語를 正字의 漢字로 쓰시오.,회원들은 회장에게 총무 지명권을 위임했다.,위임,,委任,委任,
3급,103,2023-11-11,132,hanjaeo_W,다음 문장의 밑줄 친 漢字語를 正字의 漢字로 쓰시오.,광복 60주년을 맞은 올 8월은 그 어느 때보다 더 의미 깊다.,의미,,意味,意味,
3급,103,2023-11-11,133,hanjaeo_W,다음 문장의 밑줄 친 漢字語를 正字의 漢字로 쓰시오.,김 사장은 편법으로 부동산을 취득했다는 소문이 있다.,취득,,取得,取得,
3급,103,2023-11-11,134,hanjaeo_W,다음 문장의 밑줄 친 漢字語를 正字의 漢字로 쓰시오.,이 마을 사람들은 보통 소 한 마리씩은 기른다.,보통,,普通,普通,
3급,103,2023-11-11,135,hanjaeo_W,다음 문장의 밑줄 친 漢字語를 正字의 漢字로 쓰시오.,그는 요즘 주식에 과감한 투자를 하고 있다.,투자,,投資,投資,
3급,103,2023-11-11,136,hanjaeo_W,다음 문장의 밑줄 친 漢字語를 正字의 漢字로 쓰시오.,도서관은 시설 정비로 열흘 동안 이용할 수 없게 되었다.,정비,,整備,整備,
3급,103,2023-11-11,137,hanjaeo_W,다음 문장의 밑줄 친 漢字語를 正字의 漢字로 쓰시오.,이력서에 성적 증명을 첨부하였다.,증명,,證明,證明,
3급,103,2023-11-11,138,hanjaeo_W,다음 문장의 밑줄 친 漢字語를 正字의 漢字로 쓰시오.,우리 군은 적진을 향해 진격을 개시했다.,진격,,進擊,進擊,
3급,103,2023-11-11,139,hanjaeo_W,다음 문장의 밑줄 친 漢字語를 正字의 漢字로 쓰시오.,아무도 그녀가 우는 것을 제지하려 하지 않았다.,제지,,制止,制止,
3급,103,2023-11-11,140,hanjaeo_W,다음 문장의 밑줄 친 漢字語를 正字의 漢字로 쓰시오.,공사는 수개월 더 지속될 전망이다.,지속,,持續,持續,
3급,103,2023-11-11,141,hanjaeo_W,다음 문장의 밑줄 친 漢字語를 正字의 漢字로 쓰시오.,그는 일정한 주거가 없는 떠돌이다.,주거,,住居,住居,
3급,103,2023-11-11,142,hanjaeo_W,다음 문장의 밑줄 친 漢字語를 正字의 漢字로 쓰시오.,그의 그림은 미술 애호가들에게 좋은 평가를 받았다.,평가,,評價,評價,
3급,103,2023-11-11,143,hanjaeo_W,다음 문장의 밑줄 친 漢字語를 正字의 漢字로 쓰시오.,그는 많은 급료를 받는다.,급료,,給料,給料,
3급,103,2023-11-11,144,hanjaeo_W,다음 문장의 밑줄 친 漢字語를 正字의 漢字로 쓰시오.,이곳 기후는 농사짓기에 좋다.,기후,,氣候,氣候,
3급,103,2023-11-11,145,hanjaeo_W,다음 문장의 밑줄 친 漢字語를 正字의 漢字로 쓰시오.,각 기업에게 체납된 세금을 납부하라고 권고되었다.,권고,,勸告,勸告,
3급,103,2023-11-11,146,hanjaeo_W,다음 문장의 밑줄 친 漢字語를 正字의 漢字로 쓰시오.,양당은 부동표 공략에 고심하고 있다.,공략,,攻略,攻略,
3급,103,2023-11-11,147,hanjaeo_W,다음 문장의 밑줄 친 漢字語를 正字의 漢字로 쓰시오.,나는 어제 회사에서 야근했다.,야근,,夜勤,夜勤,
3급,103,2023-11-11,148,hanjaeo_W,다음 문장의 밑줄 친 漢字語를 正字의 漢字로 쓰시오.,그는 평생을 독재에 맞서 투쟁하신 분이다.,투쟁,,鬪爭,鬪爭,
3급,103,2023-11-11,149,hanjaeo_W,다음 문장의 밑줄 친 漢字語를 正字의 漢字로 쓰시오.,회의가 끝나자 회원들이 해산하였다.,해산,,解散,解散,
3급,103,2023-11-11,150,hanjaeo_W,다음 문장의 밑줄 친 漢字語를 正字의 漢字로 쓰시오.,실업자에 대한 제도적 지원이 필요하다.,지원,,支援,支援,
3급,104,2024-02-24,1,dokeum_W,다음 밑줄 친 漢字語의 讀音을 쓰시오.,회사는 파업 사태를 아직까지 放棄하고 있다.,放棄,,방기,방기,
3급,104,2024-02-24,2,dokeum_W,다음 밑줄 친 漢字語의 讀音을 쓰시오.,그는 늦은 이유를 장황히 辨明하였다.,辨明,,변명,변명,
3급,104,2024-02-24,3,dokeum_W,다음 밑줄 친 漢字語의 讀音을 쓰시오.,그는 朗誦에도 특별한 재주가 있는 것 같다.,朗誦,,낭송,낭송,
3급,104,2024-02-24,4,dokeum_W,다음 밑줄 친 漢字語의 讀音을 쓰시오.,비가 내렸지만 아직도 解渴은 멀었다.,解渴,,해갈,해갈,
3급,104,2024-02-24,5,dokeum_W,다음 밑줄 친 漢字語의 讀音을 쓰시오.,여야가 妥協하여 임시 국회를 소집하기로 했다.,妥協,,타협,타협,
3급,104,2024-02-24,6,dokeum_W,다음 밑줄 친 漢字語의 讀音을 쓰시오.,비록 취중이었다 할지라도 그때 그의 행동은 정말 拙劣했다.,拙劣,,졸렬,졸렬,
3급,104,2024-02-24,7,dokeum_W,다음 밑줄 친 漢字語의 讀音을 쓰시오.,그는 간첩에게 包攝을 당했다.,包攝,,포섭,포섭,
3급,104,2024-02-24,8,dokeum_W,다음 밑줄 친 漢字語의 讀音을 쓰시오.,이 글은 논리적인 飛躍이 심하다.,飛躍,,비약,비약,
3급,104,2024-02-24,9,dokeum_W,다음 밑줄 친 漢字語의 讀音을 쓰시오.,의사는 환자의 혈액을 透析했다.,透析,,투석,투석,
3급,104,2024-02-24,10,dokeum_W,다음 밑줄 친 漢字語의 讀音을 쓰시오.,10여 개의 팀이 우승을 놓고 角逐을 벌였다.,角逐,,각축,각축,
3급,104,2024-02-24,11,dokeum_W,다음 밑줄 친 漢字語의 讀音을 쓰시오.,담당 직원은 수사기록을 閱覽시켜 주었다.,閱覽,,열람,열람,
3급,104,2024-02-24,12,dokeum_W,다음 밑줄 친 漢字語의 讀音을 쓰시오.,그 해결 방식에 대해 사장은 憤慨했다.,憤慨,,분개,분개,
3급,104,2024-02-24,13,dokeum_W,다음 밑줄 친 漢字語의 讀音을 쓰시오.,그는 아는 사람의 薦擧를 받아 회사에 취직을 했다.,薦擧,,천거,천거,
3급,104,2024-02-24,14,dokeum_W,다음 밑줄 친 漢字語의 讀音을 쓰시오.,그는 奚琴을 매우 잘 켠다.,奚琴,,해금,해금,
3급,104,2024-02-24,15,dokeum_W,다음 밑줄 친 漢字語의 讀音을 쓰시오.,김 교수는 평생 수집한 유물들을 박물관에 寄贈했다.,寄贈,,기증,기증,
3급,104,2024-02-24,16,dokeum_W,다음 밑줄 친 漢字語의 讀音을 쓰시오.,아버지는 낡은 전구를 새것으로 交替하셨다.,交替,,교체,교체,
3급,104,2024-02-24,17,dokeum_W,다음 밑줄 친 漢字語의 讀音을 쓰시오.,위대한 문명의 誕生은 놀랍다.,誕生,,탄생,탄생,
3급,104,2024-02-24,18,dokeum_W,다음 밑줄 친 漢字語의 讀音을 쓰시오.,토론회의 傍聽을 원하는 사람들이 신청서를 냈다.,傍聽,,방청,방청,
3급,104,2024-02-24,19,dokeum_W,다음 밑줄 친 漢字語의 讀音을 쓰시오.,관리는 부패하고 국민은 塗炭에 허덕였다.,塗炭,,도탄,도탄,
3급,104,2024-02-24,20,dokeum_W,다음 밑줄 친 漢字語의 讀音을 쓰시오.,무장한 농민들의 蜂起가 전국 곳곳에서 일어났다.,蜂起,,봉기,봉기,
3급,104,2024-02-24,21,dokeum_W,다음 漢字語의 讀音을 쓰시오.,絹布,絹布,,견포,견포,
3급,104,2024-02-24,22,dokeum_W,다음 漢字語의 讀音을 쓰시오.,菜蔬,菜蔬,,채소,채소,
3급,104,2024-02-24,23,dokeum_W,다음 漢字語의 讀音을 쓰시오.,搜索,搜索,,수색,수색,
3급,104,2024-02-24,24,dokeum_W,다음 漢字語의 讀音을 쓰시오.,毁損,毁損,,훼손,훼손,
3급,104,2024-02-24,25,dokeum_W,다음 漢字語의 讀音을 쓰시오.,墮落,墮落,,타락,타락,
3급,104,2024-02-24,26,dokeum_W,다음 漢字語의 讀音을 쓰시오.,參酌,參酌,,참작,참작,
3급,104,2024-02-24,27,dokeum_W,다음 漢字語의 讀音을 쓰시오.,罷業,罷業,,파업,파업,
3급,104,2024-02-24,28,dokeum_W,다음 漢字語의 讀音을 쓰시오.,隷屬,隷屬,,예속,예속,
3급,104,2024-02-24,29,dokeum_W,다음 漢字語의 讀音을 쓰시오.,敬畏,敬畏,,경외,경외,
3급,104,2024-02-24,30,dokeum_W,다음 漢字語의 讀音을 쓰시오.,頻數,頻數,,빈삭,빈삭,
3급,104,2024-02-24,31,dokeum_W,다음 漢字語의 讀音을 쓰시오.,飜譯,飜譯,,번역,번역,
3급,104,2024-02-24,32,dokeum_W,다음 漢字語의 讀音을 쓰시오.,閣僚,閣僚,,각료,각료,
3급,104,2024-02-24,33,dokeum_W,다음 漢字語의 讀音을 쓰시오.,暴騰,暴騰,,폭등,폭등,
3급,104,2024-02-24,34,dokeum_W,다음 漢字語의 讀音을 쓰시오.,埋藏,埋藏,,매장,매장,
3급,104,2024-02-24,35,dokeum_W,다음 漢字語의 讀音을 쓰시오.,幾微,幾微,,기미,기미,
3급,104,2024-02-24,36,dokeum_W,다음 漢字語의 讀音을 쓰시오.,遲延,遲延,,지연,지연,
3급,104,2024-02-24,37,dokeum_W,다음 漢字語의 讀音을 쓰시오.,零細,零細,,영세,영세,
3급,104,2024-02-24,38,dokeum_W,다음 漢字語의 讀音을 쓰시오.,廉探,廉探,,염탐,염탐,
3급,104,2024-02-24,39,dokeum_W,다음 漢字語의 讀音을 쓰시오.,驅除,驅除,,구제,구제,
3급,104,2024-02-24,40,dokeum_W,다음 漢字語의 讀音을 쓰시오.,抱擁,抱擁,,포옹,포옹,
3급,104,2024-02-24,41,dokeum_W,다음 漢字語의 讀音을 쓰시오.,敦篤,敦篤,,돈독,돈독,
3급,104,2024-02-24,42,dokeum_W,다음 漢字語의 讀音을 쓰시오.,穀粟,穀粟,,곡속,곡속,
3급,104,2024-02-24,43,dokeum_W,다음 漢字語의 讀音을 쓰시오.,凝視,凝視,,응시,응시,
3급,104,2024-02-24,44,dokeum_W,다음 漢字語의 讀音을 쓰시오.,連繫,連繫,,연계,연계,
3급,104,2024-02-24,45,dokeum_W,다음 漢字語의 讀音을 쓰시오.,逮捕,逮捕,,체포,체포,
3급,104,2024-02-24,46,huneum_W,다음 漢字의 訓과 音을 쓰시오.,惱,惱,,번뇌할 뇌,번뇌할 뇌,
3급,104,2024-02-24,47,huneum_W,다음 漢字의 訓과 音을 쓰시오.,憫,憫,,민망할 민,민망할 민,
3급,104,2024-02-24,48,huneum_W,다음 漢字의 訓과 音을 쓰시오.,携,携,,이끌 휴,이끌 휴,
3급,104,2024-02-24,49,huneum_W,다음 漢字의 訓과 音을 쓰시오.,亨,亨,,형통할 형,형통할 형,
3급,104,2024-02-24,50,huneum_W,다음 漢字의 訓과 音을 쓰시오.,慢,慢,,거만할 만,거만할 만,
3급,104,2024-02-24,51,huneum_W,다음 漢字의 訓과 音을 쓰시오.,互,互,,서로 호,서로 호,
3급,104,2024-02-24,52,huneum_W,다음 漢字의 訓과 音을 쓰시오.,僅,僅,,겨우 근,겨우 근,
3급,104,2024-02-24,53,huneum_W,다음 漢字의 訓과 音을 쓰시오.,遍,遍,,두루 편,두루 편,
3급,104,2024-02-24,54,huneum_W,다음 漢字의 訓과 音을 쓰시오.,把,把,,잡을 파,잡을 파,
3급,104,2024-02-24,55,huneum_W,다음 漢字의 訓과 音을 쓰시오.,遵,遵,,좇을 준,좇을 준,
3급,104,2024-02-24,56,huneum_W,다음 漢字의 訓과 音을 쓰시오.,誓,誓,,맹세할 서,맹세할 서,
3급,104,2024-02-24,57,huneum_W,다음 漢字의 訓과 音을 쓰시오.,醜,醜,,추할 추,추할 추,
3급,104,2024-02-24,58,huneum_W,다음 漢字의 訓과 音을 쓰시오.,漂,漂,,떠다닐 표,떠다닐 표,
3급,104,2024-02-24,59,huneum_W,다음 漢字의 訓과 音을 쓰시오.,該,該,,갖출/마땅 해,갖출/마땅 해,
3급,104,2024-02-24,60,huneum_W,다음 漢字의 訓과 音을 쓰시오.,捉,捉,,잡을 착,잡을 착,
3급,104,2024-02-24,61,huneum_W,다음 漢字의 訓과 音을 쓰시오.,傲,傲,,거만할 오,거만할 오,
3급,104,2024-02-24,62,huneum_W,다음 漢字의 訓과 音을 쓰시오.,矯,矯,,바로잡을 교,바로잡을 교,
3급,104,2024-02-24,63,huneum_W,다음 漢字의 訓과 音을 쓰시오.,那,那,,어찌 나,어찌 나,
3급,104,2024-02-24,64,huneum_W,다음 漢字의 訓과 音을 쓰시오.,輿,輿,,수레 여,수레 여,
3급,104,2024-02-24,65,huneum_W,다음 漢字의 訓과 音을 쓰시오.,燥,燥,,마를 조,마를 조,
3급,104,2024-02-24,66,huneum_W,다음 漢字의 訓과 音을 쓰시오.,添,添,,더할 첨,더할 첨,
3급,104,2024-02-24,67,huneum_W,다음 漢字의 訓과 音을 쓰시오.,騷,騷,,떠들 소,떠들 소,
3급,104,2024-02-24,68,huneum_W,다음 漢字의 訓과 音을 쓰시오.,嫌,嫌,,싫어할 혐,싫어할 혐,
3급,104,2024-02-24,69,huneum_W,다음 漢字의 訓과 音을 쓰시오.,遞,遞,,갈릴 체,갈릴 체,
3급,104,2024-02-24,70,huneum_W,다음 漢字의 訓과 音을 쓰시오.,掠,掠,,노략질할 략,노략질할 략,
3급,104,2024-02-24,71,huneum_W,다음 漢字의 訓과 音을 쓰시오.,糾,糾,,얽힐 규,얽힐 규,
3급,104,2024-02-24,72,huneum_W,다음 漢字의 訓과 音을 쓰시오.,罔,罔,,없을 망,없을 망,
3급,104,2024-02-24,73,busu_W,다음 漢字의 部首를 쓰시오.,邦,邦,,邑(⻏),邑(⻏),
3급,104,2024-02-24,74,busu_W,다음 漢字의 部首를 쓰시오.,尋,尋,,寸,寸,
3급,104,2024-02-24,75,busu_W,다음 漢字의 部首를 쓰시오.,唯,唯,,口,口,
3급,104,2024-02-24,76,busu_W,다음 漢字의 部首를 쓰시오.,岳,岳,,山,山,
3급,104,2024-02-24,77,busu_W,다음 漢字의 部首를 쓰시오.,忌,忌,,心,心,
3급,104,2024-02-24,78,yakja_W,다음 漢字의 略字를 쓰시오.,覺,覺,,覚,覚,
3급,104,2024-02-24,79,yakja_W,다음 漢字의 略字를 쓰시오.,與,與,,与,与,
3급,104,2024-02-24,80,yakja_W,다음 漢字의 略字를 쓰시오.,雜,雜,,雑,雑,
3급,104,2024-02-24,81,jangeum_S,다음 漢字語 중 첫소리가 長音인 것을 가려 그 번호를 쓰시오.,,,"[""① 東岸"", ""② 童顔""]",②,② 童顔,
3급,104,2024-02-24,82,jangeum_S,다음 漢字語 중 첫소리가 長音인 것을 가려 그 번호를 쓰시오.,,,"[""① 佳章"", ""② 加張""]",①,① 佳章,
3급,104,2024-02-24,83,jangeum_S,다음 漢字語 중 첫소리가 長音인 것을 가려 그 번호를 쓰시오.,,,"[""① 代價"", ""② 臺架""]",①,① 代價,
3급,104,2024-02-24,84,jangeum_S,다음 漢字語 중 첫소리가 長音인 것을 가려 그 번호를 쓰시오.,,,"[""① 待機"", ""② 隊旗""]",①,① 待機,
3급,104,2024-02-24,85,jangeum_S,다음 漢字語 중 첫소리가 長音인 것을 가려 그 번호를 쓰시오.,,,"[""① 邊境"", ""② 變更""]",②,② 變更,
3급,104,2024-02-24,86,yui_W,다음 (        ) 안에 밑줄 친 漢字와 뜻이 같거나 비슷한 漢字를 正字로 적어 문장을 완성하시오.,그는 인생을 (     )惟하며 강변을 걸었다.,( )惟,,思,思,
3급,104,2024-02-24,87,yui_W,다음 (        ) 안에 밑줄 친 漢字와 뜻이 같거나 비슷한 漢字를 正字로 적어 문장을 완성하시오.,그 학생은 다른 사람 폭행으로 懲(    )를 받았다.,懲( ),,戒,戒,
3급,104,2024-02-24,88,yui_W,다음 (        ) 안에 밑줄 친 漢字와 뜻이 같거나 비슷한 漢字를 正字로 적어 문장을 완성하시오.,그는 오랜 세월 辛(      )의 나날을 보냈다.,辛( ),,苦,苦,
3급,104,2024-02-24,89,yui_W,다음 (        ) 안에 밑줄 친 漢字와 뜻이 같거나 비슷한 漢字를 正字로 적어 문장을 완성하시오.,사업 목표를 달성하기에는 아직 遙(    )하다.,遙( ),,遠,遠,
3급,104,2024-02-24,90,yui_W,다음 (        ) 안에 밑줄 친 漢字와 뜻이 같거나 비슷한 漢字를 正字로 적어 문장을 완성하시오.,그 상인은 많은 과일을 販(          )하여 수익을 올렸다.,販( ),,賣,賣,
3급,104,2024-02-24,91,banui_W,다음 (        ) 안에 밑줄 친 漢字와 뜻이 상대(또는 반대)되는 漢字를 正字로 적어 문장을 완성하시오.,털실로 뜬 이 옷은 伸(     )이 잘 되며 따뜻하다.,伸( ),,縮,縮,
3급,104,2024-02-24,92,banui_W,다음 (        ) 안에 밑줄 친 漢字와 뜻이 상대(또는 반대)되는 漢字를 正字로 적어 문장을 완성하시오.,금융 위기가 닥치자 우리 회사는 (    )廢의 위기에 처하게 되었다.,( )廢,,存,存,
3급,104,2024-02-24,93,banui_W,다음 (        ) 안에 밑줄 친 漢字와 뜻이 상대(또는 반대)되는 漢字를 正字로 적어 문장을 완성하시오.,목격자는 사건의 (     )緯를 침착하게 진술하였다.,( )緯,,經,經,
3급,104,2024-02-24,94,banui_W,다음 (        ) 안에 밑줄 친 漢字와 뜻이 상대(또는 반대)되는 漢字를 正字로 적어 문장을 완성하시오.,상여금의 액수는 (     )怠 기록을 기준으로 평가되었다.,( )怠,,勤,勤,
3급,104,2024-02-24,95,banui_W,다음 (        ) 안에 밑줄 친 漢字와 뜻이 상대(또는 반대)되는 漢字를 正字로 적어 문장을 완성하시오.,사장은 직원들의 (     )弔를 확실히 챙겨 보았다.,( )弔,,慶,慶,
3급,104,2024-02-24,96,banuieo_W,다음 두 단어가 상대(또는 반대)되는 漢字語가 되도록 (           ) 안에 알맞은 漢字(正字)를 쓰시오.,飢餓 ↔ 飽(    ),飢餓 ↔ 飽( ),,食,食,
3급,104,2024-02-24,97,banuieo_W,다음 두 단어가 상대(또는 반대)되는 漢字語가 되도록 (           ) 안에 알맞은 漢字(正字)를 쓰시오.,寡慾 ↔ ( )欲,寡慾 ↔ ( )欲,,多/過,多/過,
3급,104,2024-02-24,98,banuieo_W,다음 두 단어가 상대(또는 반대)되는 漢字語가 되도록 (           ) 안에 알맞은 漢字(正字)를 쓰시오.,( )譽 ↔ 恥辱,( )譽 ↔ 恥辱,,名,名,
3급,104,2024-02-24,99,banuieo_W,다음 두 단어가 상대(또는 반대)되는 漢字語가 되도록 (           ) 안에 알맞은 漢字(正字)를 쓰시오.,剛硬 ↔ 軟(    ),剛硬 ↔ 軟( ),,弱,弱,
3급,104,2024-02-24,100,banuieo_W,다음 두 단어가 상대(또는 반대)되는 漢字語가 되도록 (           ) 안에 알맞은 漢字(正字)를 쓰시오.,愚鈍 ↔ (     )敏,愚鈍 ↔ ( )敏,,英,英,
3급,104,2024-02-24,101,mean_W,다음 漢字語의 뜻을 쓰시오.,下脣,下脣,,아랫입술.,아랫입술.,
3급,104,2024-02-24,102,mean_W,다음 漢字語의 뜻을 쓰시오.,天旱,天旱,,가뭄.,가뭄.,
3급,104,2024-02-24,103,mean_W,다음 漢字語의 뜻을 쓰시오.,淸晨,淸晨,,맑은 첫새벽.,맑은 첫새벽.,
3급,104,2024-02-24,104,mean_W,다음 漢字語의 뜻을 쓰시오.,路肩,路肩,,갓길/길어깨,갓길/길어깨,
3급,104,2024-02-24,105,mean_W,다음 漢字語의 뜻을 쓰시오.,冷塊,冷塊,,차가운 덩어리.,차가운 덩어리.,
3급,104,2024-02-24,106,dongeumeo_W,다음 (       ) 속 단어의 同音異義語를 주어진 뜻에 맞게 漢字(正字)로 쓰시오.,(脚氣) - 새겨서 기록함.,(脚氣),,刻記,刻記,
3급,104,2024-02-24,107,dongeumeo_W,다음 (       ) 속 단어의 同音異義語를 주어진 뜻에 맞게 漢字(正字)로 쓰시오.,(簡兵) - 앓는 사람을 돌봄.,(簡兵),,看病,看病,
3급,104,2024-02-24,108,dongeumeo_W,다음 (       ) 속 단어의 同音異義語를 주어진 뜻에 맞게 漢字(正字)로 쓰시오.,(告祀) - 마을에서 멀리 떨어져 있는 외딴 절.,(告祀),,孤寺,孤寺,
3급,104,2024-02-24,109,dongeumeo_W,다음 (       ) 속 단어의 同音異義語를 주어진 뜻에 맞게 漢字(正字)로 쓰시오.,(公器) - 공사하는 기간.,(公器),,工期,工期,
3급,104,2024-02-24,110,dongeumeo_W,다음 (       ) 속 단어의 同音異義語를 주어진 뜻에 맞게 漢字(正字)로 쓰시오.,"(寬廣) - 다른 곳의 풍경, 풍습, 문물 따위를 구경함.",(寬廣),,觀光,觀光,
3급,104,2024-02-24,111,seongeo_W,다음 ( ) 안에 알맞은 漢字를 적어 四字成語를 완성하시오.,咸興差(    ) : 심부름을 가서 오지 아니함.,咸興差( ),,使,使,
3급,104,2024-02-24,112,seongeo_W,다음 ( ) 안에 알맞은 漢字를 적어 四字成語를 완성하시오.,森(    )萬象 : 우주에 있는 온갖 사물과 현상.,森( )萬象,,羅,羅,
3급,104,2024-02-24,113,seongeo_W,다음 ( ) 안에 알맞은 漢字를 적어 四字成語를 완성하시오.,塞翁之(    ) : 인생의 길흉화복은 예측하기가 어려움.,塞翁之( ),,馬,馬,
3급,104,2024-02-24,114,seongeo_W,다음 ( ) 안에 알맞은 漢字를 적어 四字成語를 완성하시오.,群(    )一鶴 : 닭의 무리 가운데에서 한 마리의 학.,群( )一鶴,,鷄,鷄,
3급,104,2024-02-24,115,seongeo_W,다음 ( ) 안에 알맞은 漢字를 적어 四字成語를 완성하시오.,萬頃蒼(    ) : 한없이 넓고 넓은 바다.,萬頃蒼( ),,波,波,
3급,104,2024-02-24,116,seongeo_W,다음 ( ) 안에 알맞은 漢字를 적어 四字成語를 완성하시오.,不偏不(    ) : 어느 한쪽으로 치우치거나 특정 무리에 속하지 않음.,不偏不( ),,黨,黨,
3급,104,2024-02-24,117,seongeo_W,다음 ( ) 안에 알맞은 漢字를 적어 四字成語를 완성하시오.,(    )談巷說 : 거리나 항간에 떠도는 소문.,( )談巷說,,街,街,
3급,104,2024-02-24,118,seongeo_W,다음 ( ) 안에 알맞은 漢字를 적어 四字成語를 완성하시오.,螢(    )之功 : 반딧불과 눈을 이용한 공부.,螢( )之功,,雪,雪,
3급,104,2024-02-24,119,seongeo_W,다음 ( ) 안에 알맞은 漢字를 적어 四字成語를 완성하시오.,梁上( )子 : 도둑을 완곡하게 이름.,梁上( )子,,君,君,
3급,104,2024-02-24,120,seongeo_W,다음 ( ) 안에 알맞은 漢字를 적어 四字成語를 완성하시오.,口尙( )臭 : 입에서 아직 젖내가 남.,口尙( )臭,,乳,乳,
3급,104,2024-02-24,121,hanjaeo_W,다음 문장의 밑줄 친 漢字語를 正字의 漢字로 쓰시오.,많은 식자는 언필칭 국제화니 세계화니 하며 열을 올린다.,언필칭,,言必稱,言必稱,
3급,104,2024-02-24,122,hanjaeo_W,다음 문장의 밑줄 친 漢字語를 正字의 漢字로 쓰시오.,옛 원시부족들은 큰 바위나 나무를 숭배하였다.,숭배,,崇拜,崇拜,
3급,104,2024-02-24,123,hanjaeo_W,다음 문장의 밑줄 친 漢字語를 正字의 漢字로 쓰시오.,김시습이나 방랑 시인 김삿갓은 일세를 풍미했던 기인이었다.,기인,,奇人,奇人,
3급,104,2024-02-24,124,hanjaeo_W,다음 문장의 밑줄 친 漢字語를 正字의 漢字로 쓰시오.,군은 엄정한 군기가 생명이다.,군기,,軍紀,軍紀,
3급,104,2024-02-24,125,hanjaeo_W,다음 문장의 밑줄 친 漢字語를 正字의 漢字로 쓰시오.,역사는 문화 창조와 계승의 과정이라 할 수 있다.,계승,,繼承,繼承,
3급,104,2024-02-24,126,hanjaeo_W,다음 문장의 밑줄 친 漢字語를 正字의 漢字로 쓰시오.,어렵게 구한 책의 내용이 너무나 빈약해 허탈했다.,허탈,,虛脫,虛脫,
3급,104,2024-02-24,127,hanjaeo_W,다음 문장의 밑줄 친 漢字語를 正字의 漢字로 쓰시오.,이 암자는 그가 10년 동안 은신했던 곳이다.,은신,,隱身,隱身,
3급,104,2024-02-24,128,hanjaeo_W,다음 문장의 밑줄 친 漢字語를 正字의 漢字로 쓰시오.,부모님께도 꼭 안부를 전해주시오.,안부,,安否,安否,
3급,104,2024-02-24,129,hanjaeo_W,다음 문장의 밑줄 친 漢字語를 正字의 漢字로 쓰시오.,그는 고향을 버리고 피란을 떠났다.,피란,,避亂,避亂,
3급,104,2024-02-24,130,hanjaeo_W,다음 문장의 밑줄 친 漢字語를 正字의 漢字로 쓰시오.,국적 불명의 비행기가 우리 영공을 침범하였다.,침범,,侵犯,侵犯,
3급,104,2024-02-24,131,hanjaeo_W,다음 문장의 밑줄 친 漢字語를 正字의 漢字로 쓰시오.,집주인은 잔금을 받고 집문서를 그녀에게 넘겼다.,잔금,,殘金,殘金,
3급,104,2024-02-24,132,hanjaeo_W,다음 문장의 밑줄 친 漢字語를 正字의 漢字로 쓰시오.,사건의 관련자들이 검찰 청사로 불려가 조사를 받았다.,청사,,廳舍,廳舍,
3급,104,2024-02-24,133,hanjaeo_W,다음 문장의 밑줄 친 漢字語를 正字의 漢字로 쓰시오.,우리의 결론은 애초의 문제로 다시 귀착했다.,귀착,,歸着,歸着,
3급,104,2024-02-24,134,hanjaeo_W,다음 문장의 밑줄 친 漢字語를 正字의 漢字로 쓰시오.,그는 국립 교향악단에서 가장 뛰어난 지휘자로 손꼽힌다.,지휘자,,指揮者,指揮者,
3급,104,2024-02-24,135,hanjaeo_W,다음 문장의 밑줄 친 漢字語를 正字의 漢字로 쓰시오.,신제품 판매에서 우리 팀의 실적이 많이 늘었다.,실적,,實績,實績,
3급,104,2024-02-24,136,hanjaeo_W,다음 문장의 밑줄 친 漢字語를 正字의 漢字로 쓰시오.,한 가지라도 결점이 없는 사람은 없다.,결점,,缺點,缺點,
3급,104,2024-02-24,137,hanjaeo_W,다음 문장의 밑줄 친 漢字語를 正字의 漢字로 쓰시오.,손님방에는 손님이 쓸 침구가 따로 갖추어져 있다.,침구,,寢具,寢具,
3급,104,2024-02-24,138,hanjaeo_W,다음 문장의 밑줄 친 漢字語를 正字의 漢字로 쓰시오.,이 지폐는 특수용지가 아니라 모조지로 만들어졌다.,모조지,,模造紙,模造紙,
3급,104,2024-02-24,139,hanjaeo_W,다음 문장의 밑줄 친 漢字語를 正字의 漢字로 쓰시오.,시민들은 군인들의 강제 진압에 항쟁했다.,항쟁,,抗爭,抗爭,
3급,104,2024-02-24,140,hanjaeo_W,다음 문장의 밑줄 친 漢字語를 正字의 漢字로 쓰시오.,히틀러는 불같은 웅변으로 대중을 선동했다.,웅변,,雄辯,雄辯,
3급,104,2024-02-24,141,hanjaeo_W,다음 문장의 밑줄 친 漢字語를 正字의 漢字로 쓰시오.,지방대학교는 학비를 증액시켰다.,증액,,增額,增額,
3급,104,2024-02-24,142,hanjaeo_W,다음 문장의 밑줄 친 漢字語를 正字의 漢字로 쓰시오.,수많은 젊은이들이 조국을 위해 장렬히 산화하였다.,산화,,散華(花),散華(花),
3급,104,2024-02-24,143,hanjaeo_W,다음 문장의 밑줄 친 漢字語를 正字의 漢字로 쓰시오.,청년들은 민족주의 진영에 많이 가담하였다.,진영,,陣營,陣營,
3급,104,2024-02-24,144,hanjaeo_W,다음 문장의 밑줄 친 漢字語를 正字의 漢字로 쓰시오.,헤어졌던 부부가 40년 만에 극적으로 만났다.,극적,,劇的,劇的,
3급,104,2024-02-24,145,hanjaeo_W,다음 문장의 밑줄 친 漢字語를 正字의 漢字로 쓰시오.,인심이 흉흉해 도처에 도적이 날뛴다.,도적,,盜賊,盜賊,
3급,104,2024-02-24,146,hanjaeo_W,다음 문장의 밑줄 친 漢字語를 正字의 漢字로 쓰시오.,나는 다리가 골절 상태라서 움직일 수가 없었다.,골절,,骨折,骨折,
3급,104,2024-02-24,147,hanjaeo_W,다음 문장의 밑줄 친 漢字語를 正字의 漢字로 쓰시오.,이 도자기를 빚은 도공의 솜씨가 참으로 신묘하다.,신묘,,神妙,神妙,
3급,104,2024-02-24,148,hanjaeo_W,다음 문장의 밑줄 친 漢字語를 正字의 漢字로 쓰시오.,몽골 사람들은 수천 년 동안 유목으로 살아왔다.,유목,,遊牧,遊牧,
3급,104,2024-02-24,149,hanjaeo_W,다음 문장의 밑줄 친 漢字語를 正字의 漢字로 쓰시오.,그는 나와 그녀 사이를 이간질하였다.,이간,,離間,離間,
3급,104,2024-02-24,150,hanjaeo_W,다음 문장의 밑줄 친 漢字語를 正字의 漢字로 쓰시오.,유엔은 분쟁 지역에 생활필수품을 지원하였다.,지원,,支援,支援,
3급,105,2024-05-25,1,dokeum_W,다음 밑줄 친 漢字語의 讀音을 쓰시오.,인간은 忘却의 동물이다.,忘却,,망각,망각,
3급,105,2024-05-25,2,dokeum_W,다음 밑줄 친 漢字語의 讀音을 쓰시오.,할아버지께서 享年 78세로 돌아가셨다.,享年,,향년,향년,
3급,105,2024-05-25,3,dokeum_W,다음 밑줄 친 漢字語의 讀音을 쓰시오.,그는 전 재산을 환경 단체에 贈與했다.,贈與,,증여,증여,
3급,105,2024-05-25,4,dokeum_W,다음 밑줄 친 漢字語의 讀音을 쓰시오.,모차르트의 유해는 다른 낯선 네 사람의 유해와 함께 공동묘지에 埋葬되었다.,埋葬,,매장,매장,
3급,105,2024-05-25,5,dokeum_W,다음 밑줄 친 漢字語의 讀音을 쓰시오.,이번 홍수는 우리 책임이므로 어떠한 피해도 甘受되어야 한다.,甘受,,감수,감수,
3급,105,2024-05-25,6,dokeum_W,다음 밑줄 친 漢字語의 讀音을 쓰시오.,아무리 값싼 노동력이라고 해도 그들의 근무조건은 너무 劣惡했다.,劣惡,,열악,열악,
3급,105,2024-05-25,7,dokeum_W,다음 밑줄 친 漢字語의 讀音을 쓰시오.,그는 외교상의 기밀을 探知하는 일을 한다.,探知,,탐지,탐지,
3급,105,2024-05-25,8,dokeum_W,다음 밑줄 친 漢字語의 讀音을 쓰시오.,학자들은 지난 일 년 동안 지진이 발생한 頻度를 측정해 왔다.,頻度,,빈도,빈도,
3급,105,2024-05-25,9,dokeum_W,다음 밑줄 친 漢字語의 讀音을 쓰시오.,은행들은 실적을 높이기 위해 신용 카드를 濫發했다.,濫發,,남발,남발,
3급,105,2024-05-25,10,dokeum_W,다음 밑줄 친 漢字語의 讀音을 쓰시오.,그 선생은 많은 제자들을 한학자로 새롭게 誕生시켰다.,誕生,,탄생,탄생,
3급,105,2024-05-25,11,dokeum_W,다음 밑줄 친 漢字語의 讀音을 쓰시오.,사람들의 謹弔 행렬이 끊이지 않았다.,謹弔,,근조,근조,
3급,105,2024-05-25,12,dokeum_W,다음 밑줄 친 漢字語의 讀音을 쓰시오.,도시화로 인해 전통사회가 動搖되었다.,動搖,,동요,동요,
3급,105,2024-05-25,13,dokeum_W,다음 밑줄 친 漢字語의 讀音을 쓰시오.,이 소설의 冒頭는 거창하지만 결말은 시시하다.,冒頭,,모두,모두,
3급,105,2024-05-25,14,dokeum_W,다음 밑줄 친 漢字語의 讀音을 쓰시오.,지나친 당분 攝取는 성인병의 원인이 된다.,攝取,,섭취,섭취,
3급,105,2024-05-25,15,dokeum_W,다음 밑줄 친 漢字語의 讀音을 쓰시오.,그런 일에는 다른 사람들의 생각이 參酌되어야 한다.,參酌,,참작,참작,
3급,105,2024-05-25,16,dokeum_W,다음 밑줄 친 漢字語의 讀音을 쓰시오.,적군은 중화기를 나뭇가지 등으로 잘 隱蔽시켰다.,隱蔽,,은폐,은폐,
3급,105,2024-05-25,17,dokeum_W,다음 밑줄 친 漢字語의 讀音을 쓰시오.,상대 선수는 그를 집중적으로 牽制했다.,牽制,,견제,견제,
3급,105,2024-05-25,18,dokeum_W,다음 밑줄 친 漢字語의 讀音을 쓰시오.,그들은 우라늄을 凝縮시키는 기술을 갖고 있다.,凝縮,,응축,응축,
3급,105,2024-05-25,19,dokeum_W,다음 밑줄 친 漢字語의 讀音을 쓰시오.,아버지의 強勸에 못 이겨 미대를 포기하고 의대에 갔다.,強勸,,강권,강권,
3급,105,2024-05-25,20,dokeum_W,다음 밑줄 친 漢字語의 讀音을 쓰시오.,그는 대중문화의 傳播에 앞장서고 있다.,傳播,,전파,전파,
3급,105,2024-05-25,21,dokeum_W,다음 漢字語의 讀音을 쓰시오.,尖兵,尖兵,,첨병,첨병,
3급,105,2024-05-25,22,dokeum_W,다음 漢字語의 讀音을 쓰시오.,騰落,騰落,,등락,등락,
3급,105,2024-05-25,23,dokeum_W,다음 漢字語의 讀音을 쓰시오.,龜裂,龜裂,,균열,균열,
3급,105,2024-05-25,24,dokeum_W,다음 漢字語의 讀音을 쓰시오.,市販,市販,,시판,시판,
3급,105,2024-05-25,25,dokeum_W,다음 漢字語의 讀音을 쓰시오.,終了,終了,,종료,종료,
3급,105,2024-05-25,26,dokeum_W,다음 漢字語의 讀音을 쓰시오.,公募,公募,,공모,공모,
3급,105,2024-05-25,27,dokeum_W,다음 漢字語의 讀音을 쓰시오.,搜索,搜索,,수색,수색,
3급,105,2024-05-25,28,dokeum_W,다음 漢字語의 讀音을 쓰시오.,該博,該博,,해박,해박,
3급,105,2024-05-25,29,dokeum_W,다음 漢字語의 讀音을 쓰시오.,旣約,旣約,,기약,기약,
3급,105,2024-05-25,30,dokeum_W,다음 漢字語의 讀音을 쓰시오.,宣誓,宣誓,,선서,선서,
3급,105,2024-05-25,31,dokeum_W,다음 漢字語의 讀音을 쓰시오.,推薦,推薦,,추천,추천,
3급,105,2024-05-25,32,dokeum_W,다음 漢字語의 讀音을 쓰시오.,虛飢,虛飢,,허기,허기,
3급,105,2024-05-25,33,dokeum_W,다음 漢字語의 讀音을 쓰시오.,侵掠,侵掠,,침략,침략,
3급,105,2024-05-25,34,dokeum_W,다음 漢字語의 讀音을 쓰시오.,匹敵,匹敵,,필적,필적,
3급,105,2024-05-25,35,dokeum_W,다음 漢字語의 讀音을 쓰시오.,涉獵,涉獵,,섭렵,섭렵,
3급,105,2024-05-25,36,dokeum_W,다음 漢字語의 讀音을 쓰시오.,諒解,諒解,,양해,양해,
3급,105,2024-05-25,37,dokeum_W,다음 漢字語의 讀音을 쓰시오.,捕捉,捕捉,,포착,포착,
3급,105,2024-05-25,38,dokeum_W,다음 漢字語의 讀音을 쓰시오.,活躍,活躍,,활약,활약,
3급,105,2024-05-25,39,dokeum_W,다음 漢字語의 讀音을 쓰시오.,精銳,精銳,,정예,정예,
3급,105,2024-05-25,40,dokeum_W,다음 漢字語의 讀音을 쓰시오.,體臭,體臭,,체취,체취,
3급,105,2024-05-25,41,dokeum_W,다음 漢字語의 讀音을 쓰시오.,辛勝,辛勝,,신승,신승,
3급,105,2024-05-25,42,dokeum_W,다음 漢字語의 讀音을 쓰시오.,婚姻,婚姻,,혼인,혼인,
3급,105,2024-05-25,43,dokeum_W,다음 漢字語의 讀音을 쓰시오.,敏感,敏感,,민감,민감,
3급,105,2024-05-25,44,dokeum_W,다음 漢字語의 讀音을 쓰시오.,漂白,漂白,,표백,표백,
3급,105,2024-05-25,45,dokeum_W,다음 漢字語의 讀音을 쓰시오.,軌道,軌道,,궤도,궤도,
3급,105,2024-05-25,46,huneum_W,다음 漢字의 訓과 音을 쓰시오.,睡,睡,,졸음 수,졸음 수,
3급,105,2024-05-25,47,huneum_W,다음 漢字의 訓과 音을 쓰시오.,娛,娛,,즐길 오,즐길 오,
3급,105,2024-05-25,48,huneum_W,다음 漢字의 訓과 音을 쓰시오.,稻,稻,,벼 도,벼 도,
3급,105,2024-05-25,49,huneum_W,다음 漢字의 訓과 音을 쓰시오.,値,値,,값 치,값 치,
3급,105,2024-05-25,50,huneum_W,다음 漢字의 訓과 音을 쓰시오.,影,影,,그림자 영,그림자 영,
3급,105,2024-05-25,51,huneum_W,다음 漢字의 訓과 音을 쓰시오.,懲,懲,,징계할 징,징계할 징,
3급,105,2024-05-25,52,huneum_W,다음 漢字의 訓과 音을 쓰시오.,擴,擴,,넓힐 확,넓힐 확,
3급,105,2024-05-25,53,huneum_W,다음 漢字의 訓과 音을 쓰시오.,付,付,,부칠 부,부칠 부,
3급,105,2024-05-25,54,huneum_W,다음 漢字의 訓과 音을 쓰시오.,裏,裏,,속 리,속 리,
3급,105,2024-05-25,55,huneum_W,다음 漢字의 訓과 音을 쓰시오.,腰,腰,,허리 요,허리 요,
3급,105,2024-05-25,56,huneum_W,다음 漢字의 訓과 音을 쓰시오.,侮,侮,,업신여길 모,업신여길 모,
3급,105,2024-05-25,57,huneum_W,다음 漢字의 訓과 音을 쓰시오.,愧,愧,,부끄러울 괴,부끄러울 괴,
3급,105,2024-05-25,58,huneum_W,다음 漢字의 訓과 音을 쓰시오.,朔,朔,,초하루 삭,초하루 삭,
3급,105,2024-05-25,59,huneum_W,다음 漢字의 訓과 音을 쓰시오.,坤,坤,,따 곤,따 곤,
3급,105,2024-05-25,60,huneum_W,다음 漢字의 訓과 音을 쓰시오.,虎,虎,,범 호,범 호,
3급,105,2024-05-25,61,huneum_W,다음 漢字의 訓과 音을 쓰시오.,竊,竊,,훔칠 절,훔칠 절,
3급,105,2024-05-25,62,huneum_W,다음 漢字의 訓과 音을 쓰시오.,棄,棄,,버릴 기,버릴 기,
3급,105,2024-05-25,63,huneum_W,다음 漢字의 訓과 音을 쓰시오.,怠,怠,,게으를 태,게으를 태,
3급,105,2024-05-25,64,huneum_W,다음 漢字의 訓과 音을 쓰시오.,爐,爐,,화로 로,화로 로,
3급,105,2024-05-25,65,huneum_W,다음 漢字의 訓과 音을 쓰시오.,淚,淚,,눈물 루,눈물 루,
3급,105,2024-05-25,66,huneum_W,다음 漢字의 訓과 音을 쓰시오.,雁,雁,,기러기 안,기러기 안,
3급,105,2024-05-25,67,huneum_W,다음 漢字의 訓과 音을 쓰시오.,姪,姪,,조카 질,조카 질,
3급,105,2024-05-25,68,huneum_W,다음 漢字의 訓과 音을 쓰시오.,濁,濁,,흐릴 탁,흐릴 탁,
3급,105,2024-05-25,69,huneum_W,다음 漢字의 訓과 音을 쓰시오.,邦,邦,,나라 방,나라 방,
3급,105,2024-05-25,70,huneum_W,다음 漢字의 訓과 音을 쓰시오.,輝,輝,,빛날 휘,빛날 휘,
3급,105,2024-05-25,71,huneum_W,다음 漢字의 訓과 音을 쓰시오.,酉,酉,,닭 유,닭 유,
3급,105,2024-05-25,72,huneum_W,다음 漢字의 訓과 音을 쓰시오.,掌,掌,,손바닥 장,손바닥 장,
3급,105,2024-05-25,73,busu_W,다음 漢字의 部首를 쓰시오.,余,余,,人,人,
3급,105,2024-05-25,74,busu_W,다음 漢字의 部首를 쓰시오.,戊,戊,,戈,戈,
3급,105,2024-05-25,75,busu_W,다음 漢字의 部首를 쓰시오.,翁,翁,,羽,羽,
3급,105,2024-05-25,76,busu_W,다음 漢字의 部首를 쓰시오.,咸,咸,,口,口,
3급,105,2024-05-25,77,busu_W,다음 漢字의 部首를 쓰시오.,慨,慨,,心(忄),心(忄),
3급,105,2024-05-25,78,yakja_W,다음 漢字의 略字를 쓰시오.,顯,顯,,顕,顕,
3급,105,2024-05-25,79,yakja_W,다음 漢字의 略字를 쓰시오.,證,證,,証,証,
3급,105,2024-05-25,80,yakja_W,다음 漢字의 略字를 쓰시오.,據,據,,拠,拠,
3급,105,2024-05-25,81,jangeum_S,다음 漢字語 중 첫소리가 長音인 것을 가려 그 번호를 쓰시오.,,,"[""① 無期"", ""② 武器""]",②,② 武器,
3급,105,2024-05-25,82,jangeum_S,다음 漢字語 중 첫소리가 長音인 것을 가려 그 번호를 쓰시오.,,,"[""① 訪問"", ""② 房門""]",①,① 訪問,
3급,105,2024-05-25,83,jangeum_S,다음 漢字語 중 첫소리가 長音인 것을 가려 그 번호를 쓰시오.,,,"[""① 負傷"", ""② 浮上""]",①,① 負傷,
3급,105,2024-05-25,84,jangeum_S,다음 漢字語 중 첫소리가 長音인 것을 가려 그 번호를 쓰시오.,,,"[""① 社用"", ""② 使用""]",②,② 使用,
3급,105,2024-05-25,85,jangeum_S,다음 漢字語 중 첫소리가 長音인 것을 가려 그 번호를 쓰시오.,,,"[""① 聖人"", ""② 成人""]",①,① 聖人,
3급,105,2024-05-25,86,yui_W,다음 (      ) 안에 밑줄 친 漢字와 뜻이 같거나 비슷한 漢字를 正字로 적어 문장을 완성하시오.,그의 작품 속에는 고난에 찬 삶의 (   )哀가 짙게 배어 있다.,( )哀,,悲,悲,
3급,105,2024-05-25,87,yui_W,다음 (      ) 안에 밑줄 친 漢字와 뜻이 같거나 비슷한 漢字를 正字로 적어 문장을 완성하시오.,제사 음식은 특히 淨(        )스럽게 만들어야 한다.,淨( ),,潔,潔,
3급,105,2024-05-25,88,yui_W,다음 (      ) 안에 밑줄 친 漢字와 뜻이 같거나 비슷한 漢字를 正字로 적어 문장을 완성하시오.,집안이 가난한 탓에 그는 ( )乞을 나서야 했다.,( )乞,,求,求,
3급,105,2024-05-25,89,yui_W,다음 (      ) 안에 밑줄 친 漢字와 뜻이 같거나 비슷한 漢字를 正字로 적어 문장을 완성하시오.,현실을 逃(    )하기보다는 맞서 싸우려는 자세를 가져야 한다.,逃( ),,避,避,
3급,105,2024-05-25,90,yui_W,다음 (      ) 안에 밑줄 친 漢字와 뜻이 같거나 비슷한 漢字를 正字로 적어 문장을 완성하시오.,학교 뒤는 (    )界가 없이 그대로 산이었다.,( )界,,境,境,
3급,105,2024-05-25,91,banui_W,다음 (      ) 안에 밑줄 친 漢字와 뜻이 상대(또는 반대)되는 漢字를 正字로 적어 문장을 완성하시오.,이번 달에는 생필품의 需(        )이 균형을 이루었다.,需( ),,給,給,
3급,105,2024-05-25,92,banui_W,다음 (      ) 안에 밑줄 친 漢字와 뜻이 상대(또는 반대)되는 漢字를 正字로 적어 문장을 완성하시오.,투표에 대한 贊(      )이 대등했다.,贊( ),,反,反,
3급,105,2024-05-25,93,banui_W,다음 (      ) 안에 밑줄 친 漢字와 뜻이 상대(또는 반대)되는 漢字를 正字로 적어 문장을 완성하시오.,그는 너무 말라서 皮(        )이 상접한 것 같았다.,皮( ),,骨,骨,
3급,105,2024-05-25,94,banui_W,다음 (      ) 안에 밑줄 친 漢字와 뜻이 상대(또는 반대)되는 漢字를 正字로 적어 문장을 완성하시오.,(    )昔을 막론하고 어머니들은 참으로 위대하다.,( )昔,,今,今,
3급,105,2024-05-25,95,banui_W,다음 (      ) 안에 밑줄 친 漢字와 뜻이 상대(또는 반대)되는 漢字를 正字로 적어 문장을 완성하시오.,직업에는 (    )賤이 없다.,( )賤,,貴,貴,
3급,105,2024-05-25,96,banuieo_W,다음 두 단어가 상대(또는 반대)되는 漢字語가 되도록 (             ) 안에 알맞은 漢字(正字)를 쓰시오.,相峯 ↔ ( )別,相峯 ↔ ( )別,,離,離,
3급,105,2024-05-25,97,banuieo_W,다음 두 단어가 상대(또는 반대)되는 漢字語가 되도록 (             ) 안에 알맞은 漢字(正字)를 쓰시오.,獨立 ↔ 隸(        ),獨立 ↔ 隸( ),,屬,屬,
3급,105,2024-05-25,98,banuieo_W,다음 두 단어가 상대(또는 반대)되는 漢字語가 되도록 (             ) 안에 알맞은 漢字(正字)를 쓰시오.,( )造 ↔ 模倣,( )造 ↔ 模倣,,創,創,
3급,105,2024-05-25,99,banuieo_W,다음 두 단어가 상대(또는 반대)되는 漢字語가 되도록 (             ) 안에 알맞은 漢字(正字)를 쓰시오.,分析 ↔ ( )合,分析 ↔ ( )合,,統,統,
3급,105,2024-05-25,100,banuieo_W,다음 두 단어가 상대(또는 반대)되는 漢字語가 되도록 (             ) 안에 알맞은 漢字(正字)를 쓰시오.,架空 ↔ (    )在,架空 ↔ ( )在,,實,實,
3급,105,2024-05-25,101,mean_W,다음 漢字語의 뜻을 쓰시오.,墳墓,墳墓,,무덤.,무덤.,
3급,105,2024-05-25,102,mean_W,다음 漢字語의 뜻을 쓰시오.,蜂蜜,蜂蜜,,벌꿀.,벌꿀.,
3급,105,2024-05-25,103,mean_W,다음 漢字語의 뜻을 쓰시오.,詐欺,詐欺,,나쁜 꾀로 남을 속임.,나쁜 꾀로 남을 속임.,
3급,105,2024-05-25,104,mean_W,다음 漢字語의 뜻을 쓰시오.,返還,返還,,되돌아감.,되돌아감.,
3급,105,2024-05-25,105,mean_W,다음 漢字語의 뜻을 쓰시오.,補佐,補佐,,상관을 도와 일을 처리함.,상관을 도와 일을 처리함.,
3급,105,2024-05-25,106,dongeumeo_W,다음 (         ) 속 단어의 同音異義語를 주어진 뜻에 맞게 漢字(正字)로 쓰시오.,(畜舍) - 축하의 뜻을 나타내는 글이나 말.,(畜舍),,祝辭,祝辭,
3급,105,2024-05-25,107,dongeumeo_W,다음 (         ) 속 단어의 同音異義語를 주어진 뜻에 맞게 漢字(正字)로 쓰시오.,(恥部) - 재물을 모아 부자가 됨.,(恥部),,致富,致富,
3급,105,2024-05-25,108,dongeumeo_W,다음 (         ) 속 단어의 同音異義語를 주어진 뜻에 맞게 漢字(正字)로 쓰시오.,"(他區) - 야구 따위에서, 공을 치는 일.",(他區),,打球,打球,
3급,105,2024-05-25,109,dongeumeo_W,다음 (         ) 속 단어의 同音異義語를 주어진 뜻에 맞게 漢字(正字)로 쓰시오.,"(啓示) - 기록경기나 바둑 따위에서, 소요 시간을 재는 일.",(啓示),,計時,計時,
3급,105,2024-05-25,110,dongeumeo_W,다음 (         ) 속 단어의 同音異義語를 주어진 뜻에 맞게 漢字(正字)로 쓰시오.,(顧考) - 외롭고 가난하다.,(顧考),,孤苦,孤苦,
3급,105,2024-05-25,111,seongeo_W,다음 ( ) 안에 알맞은 漢字를 적어 四字成語를 완성하시오.,累(    )之危 : 층층이 쌓아 놓은 알의 위태로움.,累( )之危,,卵,卵,
3급,105,2024-05-25,112,seongeo_W,다음 ( ) 안에 알맞은 漢字를 적어 四字成語를 완성하시오.,附(    )雷同 : 우레 소리에 붙어 섞임.,附( )雷同,,和,和,
3급,105,2024-05-25,113,seongeo_W,다음 ( ) 안에 알맞은 漢字를 적어 四字成語를 완성하시오.,螢(    )之功 : 반딧불과 눈을 이용한 공부.,螢( )之功,,雪,雪,
3급,105,2024-05-25,114,seongeo_W,다음 ( ) 안에 알맞은 漢字를 적어 四字成語를 완성하시오.,(    )蛇添足 : 뱀을 다 그리고 나서 있지도 아니한 발을 덧붙여 그려 넣음.,( )蛇添足,,畫,畫,
3급,105,2024-05-25,115,seongeo_W,다음 ( ) 안에 알맞은 漢字를 적어 四字成語를 완성하시오.,如履薄(    ) : 살얼음을 밟는 것과 같음.,如履薄( ),,氷,氷,
3급,105,2024-05-25,116,seongeo_W,다음 ( ) 안에 알맞은 漢字를 적어 四字成語를 완성하시오.,(    )妻侍下 : 엄한 아내를 모시고 있는 처지.,( )妻侍下,,嚴,嚴,
3급,105,2024-05-25,117,seongeo_W,다음 ( ) 안에 알맞은 漢字를 적어 四字成語를 완성하시오.,(    )鹿爲馬 : 윗사람을 농락하여 권세를 마음대로 함.,( )鹿爲馬,,指,指,
3급,105,2024-05-25,118,seongeo_W,다음 ( ) 안에 알맞은 漢字를 적어 四字成語를 완성하시오.,矯(    )殺牛 : 소의 뿔을 바로잡으려다가 소를 죽임.,矯( )殺牛,,角,角,
3급,105,2024-05-25,119,seongeo_W,다음 ( ) 안에 알맞은 漢字를 적어 四字成語를 완성하시오.,種豆( )豆 : 콩을 심으면 반드시 콩이 나옴.,種豆( )豆,,得,得,
3급,105,2024-05-25,120,seongeo_W,다음 ( ) 안에 알맞은 漢字를 적어 四字成語를 완성하시오.,(    )味鳳湯 : 용 고기로 맛을 낸 요리와 봉새로 끓인 탕.,( )味鳳湯,,龍,龍,
3급,105,2024-05-25,121,hanjaeo_W,다음 문장의 밑줄 친 漢字語를 正字의 漢字로 쓰시오.,날이 따뜻해지면 함께 산보나 나가 봅시다.,산보,,散步,散步,
3급,105,2024-05-25,122,hanjaeo_W,다음 문장의 밑줄 친 漢字語를 正字의 漢字로 쓰시오.,나는 아버지의 무덤 주변에 난 풀을 낫으로 베었다.,주변,,周邊,周邊,
3급,105,2024-05-25,123,hanjaeo_W,다음 문장의 밑줄 친 漢字語를 正字의 漢字로 쓰시오.,아들이 처벌받지 않도록 선처해 주십시오.,선처,,善處,善處,
3급,105,2024-05-25,124,hanjaeo_W,다음 문장의 밑줄 친 漢字語를 正字의 漢字로 쓰시오.,판사는 피고에게 벌금형 판결을 내렸다.,판결,,判決,判決,
3급,105,2024-05-25,125,hanjaeo_W,다음 문장의 밑줄 친 漢字語를 正字의 漢字로 쓰시오.,태권도가 올림픽 정식 종목으로 채택되었다.,채택,,採擇,採擇,
3급,105,2024-05-25,126,hanjaeo_W,다음 문장의 밑줄 친 漢字語를 正字의 漢字로 쓰시오.,너의 제안을 받아들이는 대신 조건이 있다.,조건,,條件,條件,
3급,105,2024-05-25,127,hanjaeo_W,다음 문장의 밑줄 친 漢字語를 正字의 漢字로 쓰시오.,이 영화는 미성년자의 관람이 금지되어 있다.,관람,,觀覽,觀覽,
3급,105,2024-05-25,128,hanjaeo_W,다음 문장의 밑줄 친 漢字語를 正字의 漢字로 쓰시오.,모처럼 갖는 휴식을 방해해 죄송합니다.,방해,,妨害,妨害,
3급,105,2024-05-25,129,hanjaeo_W,다음 문장의 밑줄 친 漢字語를 正字의 漢字로 쓰시오.,그의 세심한 배려에 따뜻한 인간미를 느꼈다.,배려,,配慮,配慮,
3급,105,2024-05-25,130,hanjaeo_W,다음 문장의 밑줄 친 漢字語를 正字의 漢字로 쓰시오.,그 강좌는 수강생이 예상보다 너무 적어 폐강되었다.,강좌,,講座,講座,
3급,105,2024-05-25,131,hanjaeo_W,다음 문장의 밑줄 친 漢字語를 正字의 漢字로 쓰시오.,우리는 적의 암호 통신을 도청하여 군사 기밀을 빼내었다.,도청,,盜聽,盜聽,
3급,105,2024-05-25,132,hanjaeo_W,다음 문장의 밑줄 친 漢字語를 正字의 漢字로 쓰시오.,표는 벌써 매진되고 암표만 나돌았다.,암표,,暗票,暗票,
3급,105,2024-05-25,133,hanjaeo_W,다음 문장의 밑줄 친 漢字語를 正字의 漢字로 쓰시오.,사람들은 모두 그의 영웅적 행위를 칭송하였다.,칭송,,稱頌,稱頌,
3급,105,2024-05-25,134,hanjaeo_W,다음 문장의 밑줄 친 漢字語를 正字의 漢字로 쓰시오.,조선 후기에는 상업이 발달하여 엽전의 유통이 활발하였다.,엽전,,葉錢,葉錢,
3급,105,2024-05-25,135,hanjaeo_W,다음 문장의 밑줄 친 漢字語를 正字의 漢字로 쓰시오.,쌀만 먹는 것보다는 잡곡을 섞어 먹는 게 건강에 좋다.,잡곡,,雜穀,雜穀,
3급,105,2024-05-25,136,hanjaeo_W,다음 문장의 밑줄 친 漢字語를 正字의 漢字로 쓰시오.,명수는 아버지의 유지에 따라 모든 유산을 국가에 헌납했다.,유지,,遺志,遺志,
3급,105,2024-05-25,137,hanjaeo_W,다음 문장의 밑줄 친 漢字語를 正字의 漢字로 쓰시오.,손님들이 매장에 몰려오는 바람에 일대 혼란이 벌어졌다.,혼란,,混亂,混亂,
3급,105,2024-05-25,138,hanjaeo_W,다음 문장의 밑줄 친 漢字語를 正字의 漢字로 쓰시오.,천연자원의 보고인 바다가 점점 오염되고 있다.,보고,,寶庫,寶庫,
3급,105,2024-05-25,139,hanjaeo_W,다음 문장의 밑줄 친 漢字語를 正字의 漢字로 쓰시오.,김 교수는 정년 퇴임한 후 자서전을 집필하기 시작했다.,퇴임,,退任,退任,
3급,105,2024-05-25,140,hanjaeo_W,다음 문장의 밑줄 친 漢字語를 正字의 漢字로 쓰시오.,환경 보전에 힘쓰는 것은 우리 후손을 위한 일이다.,보전,,保全,保全,
3급,105,2024-05-25,141,hanjaeo_W,다음 문장의 밑줄 친 漢字語를 正字의 漢字로 쓰시오.,저녁을 먹고 난 후 읽던 책을 계속 읽었다.,계속,,繼續,繼續,
3급,105,2024-05-25,142,hanjaeo_W,다음 문장의 밑줄 친 漢字語를 正字의 漢字로 쓰시오.,이 제품에 문제가 있다는 고객의 항의가 있었다.,항의,,抗議,抗議,
3급,105,2024-05-25,143,hanjaeo_W,다음 문장의 밑줄 친 漢字語를 正字의 漢字로 쓰시오.,우리 군은 혈전을 벌인 끝에 마침내 고지를 점령했다.,점령,,占領,占領,
3급,105,2024-05-25,144,hanjaeo_W,다음 문장의 밑줄 친 漢字語를 正字의 漢字로 쓰시오.,지난달의 전화세가 미납으로 처리되었습니다.,미납,,未納,未納,
3급,105,2024-05-25,145,hanjaeo_W,다음 문장의 밑줄 친 漢字語를 正字의 漢字로 쓰시오.,그녀는 내가 자기 집안을 망하게 했다고 원망했다.,원망,,怨望,怨望,
3급,105,2024-05-25,146,hanjaeo_W,다음 문장의 밑줄 친 漢字語를 正字의 漢字로 쓰시오.,그는 부동산을 전매하여 거액의 차익을 챙겼다.,차익,,差益,差益,
3급,105,2024-05-25,147,hanjaeo_W,다음 문장의 밑줄 친 漢字語를 正字의 漢字로 쓰시오.,이 모임은 사회 각층의 인사들로 조직되어 있다.,조직,,組織,組織,
3급,105,2024-05-25,148,hanjaeo_W,다음 문장의 밑줄 친 漢字語를 正字의 漢字로 쓰시오.,나는 엄마 심부름으로 철사를 사러 철물점에 갔다.,철사,,鐵絲,鐵絲,
3급,105,2024-05-25,149,hanjaeo_W,다음 문장의 밑줄 친 漢字語를 正字의 漢字로 쓰시오.,그녀는 착지에서 실수를 하는 바람에 벌점을 받았다.,벌점,,罰點,罰點,
3급,105,2024-05-25,150,hanjaeo_W,다음 문장의 밑줄 친 漢字語를 正字의 漢字로 쓰시오.,그 벤처 기업이 우리 회사에 전산망을 구축했다.,구축,,構築,構築,
3급,106,2024-08-24,1,dokeum_W,다음 밑줄 친 漢字語의 讀音을 쓰시오.,폭우가 대원들이 전진하는 것을 遲延시켰다.,遲延,,지연,지연,
3급,106,2024-08-24,2,dokeum_W,다음 밑줄 친 漢字語의 讀音을 쓰시오.,그는 남의 의견은 무조건 排斥하면서 완고하게 자기주장만 한다.,排斥,,배척,배척,
3급,106,2024-08-24,3,dokeum_W,다음 밑줄 친 漢字語의 讀音을 쓰시오.,적군의 진지는 나뭇가지로 잘 隱蔽되어 있었다.,隱蔽,,은폐,은폐,
3급,106,2024-08-24,4,dokeum_W,다음 밑줄 친 漢字語의 讀音을 쓰시오.,등잔에는 세 개의 香燭이 지글지글 타고 있었다.,香燭,,향촉,향촉,
3급,106,2024-08-24,5,dokeum_W,다음 밑줄 친 漢字語의 讀音을 쓰시오.,독도 문제로 한국과 일본은 尖銳한 외교 갈등을 겪고 있다.,尖銳,,첨예,첨예,
3급,106,2024-08-24,6,dokeum_W,다음 밑줄 친 漢字語의 讀音을 쓰시오.,해상에 짙은 안개가 계속 되자 霧笛이 울렸다.,霧笛,,무적,무적,
3급,106,2024-08-24,7,dokeum_W,다음 밑줄 친 漢字語의 讀音을 쓰시오.,이 사건은 증거 불충분으로 수색 영장이 棄却되었다.,棄却,,기각,기각,
3급,106,2024-08-24,8,dokeum_W,다음 밑줄 친 漢字語의 讀音을 쓰시오.,올해 들어 주가가 연일 騰落을 거듭하고 있다.,騰落,,등락,등락,
3급,106,2024-08-24,9,dokeum_W,다음 밑줄 친 漢字語의 讀音을 쓰시오.,차로 10분 距離를 한 시간 동안 걸었다.,距離,,거리,거리,
3급,106,2024-08-24,10,dokeum_W,다음 밑줄 친 漢字語의 讀音을 쓰시오.,여러 가지 민생 법안이 제때 처리되지 못하고 국회에 繫留 중이다.,繫留,,계류,계류,
3급,106,2024-08-24,11,dokeum_W,다음 밑줄 친 漢字語의 讀音을 쓰시오.,그는 경전과 제자백가의 사상까지 두루 涉獵했다.,涉獵,,섭렵,섭렵,
3급,106,2024-08-24,12,dokeum_W,다음 밑줄 친 漢字語의 讀音을 쓰시오.,새로 赴任한 군수는 여러 가지 정책을 펴 나갔다.,赴任,,부임,부임,
3급,106,2024-08-24,13,dokeum_W,다음 밑줄 친 漢字語의 讀音을 쓰시오.,정도전은 사전을 革罷하고 국가의 공전과 균전을 늘렸다.,革罷,,혁파,혁파,
3급,106,2024-08-24,14,dokeum_W,다음 밑줄 친 漢字語의 讀音을 쓰시오.,귀족 작위를 자식에게 襲爵하지 않고 파는 경우도 있었다.,襲爵,,습작,습작,
3급,106,2024-08-24,15,dokeum_W,다음 밑줄 친 漢字語의 讀音을 쓰시오.,콩쥐는 계모 밑에서 온갖 驅迫을 다 받으며 살았다.,驅迫,,구박,구박,
3급,106,2024-08-24,16,dokeum_W,다음 밑줄 친 漢字語의 讀音을 쓰시오.,우리나라에는 1800년대 말에 造幣 시설이 도입되었다.,造幣,,조폐,조폐,
3급,106,2024-08-24,17,dokeum_W,다음 밑줄 친 漢字語의 讀音을 쓰시오.,이 책은 초등학생에게 推薦할 책으로는 적당하지 않다.,推薦,,추천,추천,
3급,106,2024-08-24,18,dokeum_W,다음 밑줄 친 漢字語의 讀音을 쓰시오.,廉恥없는 사람으로 치자면 그를 따를 자가 없다.,廉恥,,염치,염치,
3급,106,2024-08-24,19,dokeum_W,다음 밑줄 친 漢字語의 讀音을 쓰시오.,생산량 증가에 따라 한계 비용이 遞增한다.,遞增,,체증,체증,
3급,106,2024-08-24,20,dokeum_W,다음 밑줄 친 漢字語의 讀音을 쓰시오.,가뭄 끝에 태풍까지 몰아쳐 농민들의 고통이 尤甚했다.,尤甚,,우심,우심,
3급,106,2024-08-24,21,dokeum_W,다음 漢字語의 讀音을 쓰시오.,抄錄,抄錄,,초록,초록,
3급,106,2024-08-24,22,dokeum_W,다음 漢字語의 讀音을 쓰시오.,罔極,罔極,,망극,망극,
3급,106,2024-08-24,23,dokeum_W,다음 漢字語의 讀音을 쓰시오.,暗誦,暗誦,,암송,암송,
3급,106,2024-08-24,24,dokeum_W,다음 漢字語의 讀音을 쓰시오.,搜索,搜索,,수색,수색,
3급,106,2024-08-24,25,dokeum_W,다음 漢字語의 讀音을 쓰시오.,聰明,聰明,,총명,총명,
3급,106,2024-08-24,26,dokeum_W,다음 漢字語의 讀音을 쓰시오.,嫌惡,嫌惡,,혐오,혐오,
3급,106,2024-08-24,27,dokeum_W,다음 漢字語의 讀音을 쓰시오.,派遣,派遣,,파견,파견,
3급,106,2024-08-24,28,dokeum_W,다음 漢字語의 讀音을 쓰시오.,糾合,糾合,,규합,규합,
3급,106,2024-08-24,29,dokeum_W,다음 漢字語의 讀音을 쓰시오.,假睡,假睡,,가수,가수,
3급,106,2024-08-24,30,dokeum_W,다음 漢字語의 讀音을 쓰시오.,乾燥,乾燥,,건조,건조,
3급,106,2024-08-24,31,dokeum_W,다음 漢字語의 讀音을 쓰시오.,收穫,收穫,,수확,수확,
3급,106,2024-08-24,32,dokeum_W,다음 漢字語의 讀音을 쓰시오.,寄贈,寄贈,,기증,기증,
3급,106,2024-08-24,33,dokeum_W,다음 漢字語의 讀音을 쓰시오.,差押,差押,,차압,차압,
3급,106,2024-08-24,34,dokeum_W,다음 漢字語의 讀音을 쓰시오.,近似,近似,,근사,근사,
3급,106,2024-08-24,35,dokeum_W,다음 漢字語의 讀音을 쓰시오.,毒臭,毒臭,,독취,독취,
3급,106,2024-08-24,36,dokeum_W,다음 漢字語의 讀音을 쓰시오.,埋藏,埋藏,,매장,매장,
3급,106,2024-08-24,37,dokeum_W,다음 漢字語의 讀音을 쓰시오.,蔬飯,蔬飯,,소반,소반,
3급,106,2024-08-24,38,dokeum_W,다음 漢字語의 讀音을 쓰시오.,凝視,凝視,,응시,응시,
3급,106,2024-08-24,39,dokeum_W,다음 漢字語의 讀音을 쓰시오.,參酌,參酌,,참작,참작,
3급,106,2024-08-24,40,dokeum_W,다음 漢字語의 讀音을 쓰시오.,隨伴,隨伴,,수반,수반,
3급,106,2024-08-24,41,dokeum_W,다음 漢字語의 讀音을 쓰시오.,幾微,幾微,,기미,기미,
3급,106,2024-08-24,42,dokeum_W,다음 漢字語의 讀音을 쓰시오.,匹敵,匹敵,,필적,필적,
3급,106,2024-08-24,43,dokeum_W,다음 漢字語의 讀音을 쓰시오.,拙劣,拙劣,,졸렬,졸렬,
3급,106,2024-08-24,44,dokeum_W,다음 漢字語의 讀音을 쓰시오.,鴻業,鴻業,,홍업,홍업,
3급,106,2024-08-24,45,dokeum_W,다음 漢字語의 讀音을 쓰시오.,哀憐,哀憐,,애련,애련,
3급,106,2024-08-24,46,huneum_W,다음 漢字의 訓과 音을 쓰시오.,躍,躍,,뛸 약,뛸 약,
3급,106,2024-08-24,47,huneum_W,다음 漢字의 訓과 音을 쓰시오.,爐,爐,,화로 로,화로 로,
3급,106,2024-08-24,48,huneum_W,다음 漢字의 訓과 音을 쓰시오.,挑,挑,,돋울 도,돋울 도,
3급,106,2024-08-24,49,huneum_W,다음 漢字의 訓과 音을 쓰시오.,畓,畓,,논 답,논 답,
3급,106,2024-08-24,50,huneum_W,다음 漢字의 訓과 音을 쓰시오.,妥,妥,,온당할 타,온당할 타,
3급,106,2024-08-24,51,huneum_W,다음 漢字의 訓과 音을 쓰시오.,亨,亨,,형통할 형,형통할 형,
3급,106,2024-08-24,52,huneum_W,다음 漢字의 訓과 音을 쓰시오.,享,享,,누릴 향,누릴 향,
3급,106,2024-08-24,53,huneum_W,다음 漢字의 訓과 音을 쓰시오.,煩,煩,,번거로울 번,번거로울 번,
3급,106,2024-08-24,54,huneum_W,다음 漢字의 訓과 音을 쓰시오.,篤,篤,,도타울 독,도타울 독,
3급,106,2024-08-24,55,huneum_W,다음 漢字의 訓과 音을 쓰시오.,竊,竊,,훔칠 절,훔칠 절,
3급,106,2024-08-24,56,huneum_W,다음 漢字의 訓과 音을 쓰시오.,懲,懲,,징계할 징,징계할 징,
3급,106,2024-08-24,57,huneum_W,다음 漢字의 訓과 音을 쓰시오.,托,托,,맡길 탁,맡길 탁,
3급,106,2024-08-24,58,huneum_W,다음 漢字의 訓과 音을 쓰시오.,毁,毁,,헐 훼,헐 훼,
3급,106,2024-08-24,59,huneum_W,다음 漢字의 訓과 音을 쓰시오.,替,替,,바꿀 체,바꿀 체,
3급,106,2024-08-24,60,huneum_W,다음 漢字의 訓과 音을 쓰시오.,侮,侮,,업신여길 모,업신여길 모,
3급,106,2024-08-24,61,huneum_W,다음 漢字의 訓과 音을 쓰시오.,捉,捉,,잡을 착,잡을 착,
3급,106,2024-08-24,62,huneum_W,다음 漢字의 訓과 音을 쓰시오.,螢,螢,,반딧불 형,반딧불 형,
3급,106,2024-08-24,63,huneum_W,다음 漢字의 訓과 音을 쓰시오.,殉,殉,,따라죽을 순,따라죽을 순,
3급,106,2024-08-24,64,huneum_W,다음 漢字의 訓과 音을 쓰시오.,隷,隷,,종 례,종 례,
3급,106,2024-08-24,65,huneum_W,다음 漢字의 訓과 音을 쓰시오.,苟,苟,,진실로/구차할 구,진실로/구차할 구,
3급,106,2024-08-24,66,huneum_W,다음 漢字의 訓과 音을 쓰시오.,厥,厥,,그[其] 궐,그[其] 궐,
3급,106,2024-08-24,67,huneum_W,다음 漢字의 訓과 音을 쓰시오.,僅,僅,,겨우 근,겨우 근,
3급,106,2024-08-24,68,huneum_W,다음 漢字의 訓과 音을 쓰시오.,攝,攝,,다스릴/잡을 섭,다스릴/잡을 섭,
3급,106,2024-08-24,69,huneum_W,다음 漢字의 訓과 音을 쓰시오.,耶,耶,,어조사 야,어조사 야,
3급,106,2024-08-24,70,huneum_W,다음 漢字의 訓과 音을 쓰시오.,頗,頗,,자못 파,자못 파,
3급,106,2024-08-24,71,huneum_W,다음 漢字의 訓과 音을 쓰시오.,聘,聘,,부를 빙,부를 빙,
3급,106,2024-08-24,72,huneum_W,다음 漢字의 訓과 音을 쓰시오.,孰,孰,,누구 숙,누구 숙,
3급,106,2024-08-24,73,busu_W,다음 漢字의 部首를 쓰시오.,逐,逐,,辵(辶),辵(辶),
3급,106,2024-08-24,74,busu_W,다음 漢字의 部首를 쓰시오.,昔,昔,,日,日,
3급,106,2024-08-24,75,busu_W,다음 漢字의 部首를 쓰시오.,貪,貪,,貝,貝,
3급,106,2024-08-24,76,busu_W,다음 漢字의 部首를 쓰시오.,顧,顧,,頁,頁,
3급,106,2024-08-24,77,busu_W,다음 漢字의 部首를 쓰시오.,騷,騷,,馬,馬,
3급,106,2024-08-24,78,yakja_W,다음 漢字의 略字를 쓰시오.,與,與,,与,与,
3급,106,2024-08-24,79,yakja_W,다음 漢字의 略字를 쓰시오.,龍,龍,,竜,竜,
3급,106,2024-08-24,80,yakja_W,다음 漢字의 略字를 쓰시오.,點,點,,点/奌,点/奌,
3급,106,2024-08-24,81,jangeum_S,다음 漢字語 중 첫소리가 長音인 것을 가려 그 번호를 쓰시오.,,,"[""① 事前"", ""② 辭典""]",①,① 事前,
3급,106,2024-08-24,82,jangeum_S,다음 漢字語 중 첫소리가 長音인 것을 가려 그 번호를 쓰시오.,,,"[""① 意識"", ""② 儀式""]",①,① 意識,
3급,106,2024-08-24,83,jangeum_S,다음 漢字語 중 첫소리가 長音인 것을 가려 그 번호를 쓰시오.,,,"[""① 化粧"", ""② 火葬""]",②,② 火葬,
3급,106,2024-08-24,84,jangeum_S,다음 漢字語 중 첫소리가 長音인 것을 가려 그 번호를 쓰시오.,,,"[""① 號數"", ""② 湖水""]",①,① 號數,
3급,106,2024-08-24,85,jangeum_S,다음 漢字語 중 첫소리가 長音인 것을 가려 그 번호를 쓰시오.,,,"[""① 工夫"", ""② 貢賦""]",②,② 貢賦,
3급,106,2024-08-24,86,yui_W,다음 (      ) 안에 밑줄 친 漢字와 뜻이 같거나 비슷한 漢字를 正字로 적어 문장을 완성하시오.,탈선 전동차를 牽(       )하는 데 많은 시간이 걸렸다.,牽( ),,引,引,
3급,106,2024-08-24,87,yui_W,다음 (      ) 안에 밑줄 친 漢字와 뜻이 같거나 비슷한 漢字를 正字로 적어 문장을 완성하시오.,조선 시대 사림들이 이룬 朋( )은 당쟁의 폐해를 낳았다.,朋( ),,黨,黨,
3급,106,2024-08-24,88,yui_W,다음 (      ) 안에 밑줄 친 漢字와 뜻이 같거나 비슷한 漢字를 正字로 적어 문장을 완성하시오.,마을 뒤의 선산에는 수많은 조상님들의 墳(     )가 있다.,墳( ),,墓,墓,
3급,106,2024-08-24,89,yui_W,다음 (      ) 안에 밑줄 친 漢字와 뜻이 같거나 비슷한 漢字를 正字로 적어 문장을 완성하시오.,모택동이 逝(    )한 다음에 사인방의 숙청이 시작되었다.,逝( ),,去,去,
3급,106,2024-08-24,90,yui_W,다음 (      ) 안에 밑줄 친 漢字와 뜻이 같거나 비슷한 漢字를 正字로 적어 문장을 완성하시오.,그는 새 시책이 국가 발전에 역행하는 처사라고 (        )慨하였다.,( )慨,,憤,憤,
3급,106,2024-08-24,91,banui_W,다음 (      ) 안에 밑줄 친 漢字와 뜻이 상대(또는 반대)되는 漢字를 正字로 적어 문장을 완성하시오.,농민들의 (    )衰는 곧 국가 흥망의 기원이 될 것이다.,( )衰,,盛,盛,
3급,106,2024-08-24,92,banui_W,다음 (      ) 안에 밑줄 친 漢字와 뜻이 상대(또는 반대)되는 漢字를 正字로 적어 문장을 완성하시오.,그는 (    )裏가 한결같은 진실한 사람이다.,( )裏,,表,表,
3급,106,2024-08-24,93,banui_W,다음 (      ) 안에 밑줄 친 漢字와 뜻이 상대(또는 반대)되는 漢字를 正字로 적어 문장을 완성하시오.,인간의 (    )辱과 길흉은 스스로의 신념과 의지에 의해 결정된다.,( )辱,,榮,榮,
3급,106,2024-08-24,94,banui_W,다음 (      ) 안에 밑줄 친 漢字와 뜻이 상대(또는 반대)되는 漢字를 正字로 적어 문장을 완성하시오.,사장은 직원들의 (      )弔를 확실히 챙겨 보았다.,( )弔,,慶,慶,
3급,106,2024-08-24,95,banui_W,다음 (      ) 안에 밑줄 친 漢字와 뜻이 상대(또는 반대)되는 漢字를 正字로 적어 문장을 완성하시오.,둘의 관계는 먼 촌수의 (        )姪간이었다.,( )姪,,叔,叔,
3급,106,2024-08-24,96,banuieo_W,다음 두 단어가 상대(또는 반대)되는 漢字語가 되도록 (            ) 안에 알맞은 漢字(正字)를 쓰시오.,定着 ↔ 漂(       ),定着 ↔ 漂( ),,流,流,
3급,106,2024-08-24,97,banuieo_W,다음 두 단어가 상대(또는 반대)되는 漢字語가 되도록 (            ) 안에 알맞은 漢字(正字)를 쓰시오.,獨創 ↔ ( )倣,獨創 ↔ ( )倣,,模,模,
3급,106,2024-08-24,98,banuieo_W,다음 두 단어가 상대(또는 반대)되는 漢字語가 되도록 (            ) 안에 알맞은 漢字(正字)를 쓰시오.,急(    ) ↔ 緩慢,急( ) ↔ 緩慢,,激,激,
3급,106,2024-08-24,99,banuieo_W,다음 두 단어가 상대(또는 반대)되는 漢字語가 되도록 (            ) 안에 알맞은 漢字(正字)를 쓰시오.,( )約 ↔ 濫用,( )約 ↔ 濫用,,儉,儉,
3급,106,2024-08-24,100,banuieo_W,다음 두 단어가 상대(또는 반대)되는 漢字語가 되도록 (            ) 안에 알맞은 漢字(正字)를 쓰시오.,閑(   ) ↔ 繁忙,閑( ) ↔ 繁忙,,散,散,
3급,106,2024-08-24,101,mean_W,다음 漢字語의 뜻을 쓰시오.,下脣,下脣,,아랫입술,아랫입술,
3급,106,2024-08-24,102,mean_W,다음 漢字語의 뜻을 쓰시오.,稻苗,稻苗,,볏모,볏모,
3급,106,2024-08-24,103,mean_W,다음 漢字語의 뜻을 쓰시오.,天旱,天旱,,가뭄,가뭄,
3급,106,2024-08-24,104,mean_W,다음 漢字語의 뜻을 쓰시오.,路肩,路肩,,갓길,갓길,
3급,106,2024-08-24,105,mean_W,다음 漢字語의 뜻을 쓰시오.,冷塊,冷塊,,차가운 덩어리,차가운 덩어리,
3급,106,2024-08-24,106,dongeumeo_W,다음 (        ) 속 단어의 同音異義語를 주어진 뜻에 맞게 漢字(正字)로 쓰시오.,(仕途) - 스승과 제자.,(仕途),,師徒,師徒,
3급,106,2024-08-24,107,dongeumeo_W,다음 (        ) 속 단어의 同音異義語를 주어진 뜻에 맞게 漢字(正字)로 쓰시오.,(硏考) - 일의 까닭. 사람들 사이에 맺어지는 관계.,(硏考),,緣故,緣故,
3급,106,2024-08-24,108,dongeumeo_W,다음 (        ) 속 단어의 同音異義語를 주어진 뜻에 맞게 漢字(正字)로 쓰시오.,(靑史) - 관청의 사무실로 쓰는 건물.,(靑史),,廳舍,廳舍,
3급,106,2024-08-24,109,dongeumeo_W,다음 (        ) 속 단어의 同音異義語를 주어진 뜻에 맞게 漢字(正字)로 쓰시오.,(星雨) - 목소리로만 연기하는 배우.,(星雨),,聲優,聲優,
3급,106,2024-08-24,110,dongeumeo_W,다음 (        ) 속 단어의 同音異義語를 주어진 뜻에 맞게 漢字(正字)로 쓰시오.,(變更) - 나라의 경계가 되는 변두리의 땅.,(變更),,邊境,邊境,
3급,106,2024-08-24,111,seongeo_W,다음 ( ) 안에 알맞은 漢字를 적어 四字成語를 완성하시오.,(    )蜜腹劍 : 입에는 꿀이 있고 배 속에는 칼이 있음.,( )蜜腹劍,,口,口,
3급,106,2024-08-24,112,seongeo_W,다음 ( ) 안에 알맞은 漢字를 적어 四字成語를 완성하시오.,(    )骨難忘 : 남에게 입은 은혜가 뼈에 새길 만큼 커서 잊혀지지 아니함.,( )骨難忘,,刻,刻,
3급,106,2024-08-24,113,seongeo_W,다음 ( ) 안에 알맞은 漢字를 적어 四字成語를 완성하시오.,取捨選(    ) : 쓸 것은 쓰고 버릴 것은 버림.,取捨選( ),,擇,擇,
3급,106,2024-08-24,114,seongeo_W,다음 ( ) 안에 알맞은 漢字를 적어 四字成語를 완성하시오.,(    )楊芳草 : 푸른 버드나무와 향기로운 풀.,( )楊芳草,,綠,綠,
3급,106,2024-08-24,115,seongeo_W,다음 ( ) 안에 알맞은 漢字를 적어 四字成語를 완성하시오.,塗(    )之苦 : 진구렁에 빠지고 숯불에 타는 괴로움.,塗( )之苦,,炭,炭,
3급,106,2024-08-24,116,seongeo_W,다음 ( ) 안에 알맞은 漢字를 적어 四字成語를 완성하시오.,金枝玉(    ) : 금으로 된 가지와 옥으로 된 잎.,金枝玉( ),,葉,葉,
3급,106,2024-08-24,117,seongeo_W,다음 ( ) 안에 알맞은 漢字를 적어 四字成語를 완성하시오.,(    )池肉林 : 술로 연못을 이루고 고기로 숲을 이룸.,( )池肉林,,酒,酒,
3급,106,2024-08-24,118,seongeo_W,다음 ( ) 안에 알맞은 漢字를 적어 四字成語를 완성하시오.,吾(    )三尺 : 내 코가 석자.,吾( )三尺,,鼻,鼻,
3급,106,2024-08-24,119,seongeo_W,다음 ( ) 안에 알맞은 漢字를 적어 四字成語를 완성하시오.,(    )鳴狗盜 : 하찮은 재주라도 쓰임이 있음.,( )鳴狗盜,,鷄,鷄,
3급,106,2024-08-24,120,seongeo_W,다음 ( ) 안에 알맞은 漢字를 적어 四字成語를 완성하시오.,"飽食( )衣 : 배부르게 먹고, 따듯하게 입음.",飽食( )衣,,暖,暖,
3급,106,2024-08-24,121,hanjaeo_W,다음 문장의 밑줄 친 漢字語를 正字의 漢字로 쓰시오.,그는 이번 사건의 범인으로 지목되었다.,지목,,指目,指目,
3급,106,2024-08-24,122,hanjaeo_W,다음 문장의 밑줄 친 漢字語를 正字의 漢字로 쓰시오.,일본은 연합국에 항복을 선언했다.,항복,,降伏,降伏,
3급,106,2024-08-24,123,hanjaeo_W,다음 문장의 밑줄 친 漢字語를 正字의 漢字로 쓰시오.,시대가 요구하는 인재상은 달라지기 마련이다.,요구,,要求,要求,
3급,106,2024-08-24,124,hanjaeo_W,다음 문장의 밑줄 친 漢字語를 正字의 漢字로 쓰시오.,그 선배는 낙향하여 여생을 조용히 보냈다.,여생,,餘生,餘生,
3급,106,2024-08-24,125,hanjaeo_W,다음 문장의 밑줄 친 漢字語를 正字의 漢字로 쓰시오.,나는 저 회사 사람들이랑 교제를 해 왔다.,교제,,交際,交際,
3급,106,2024-08-24,126,hanjaeo_W,다음 문장의 밑줄 친 漢字語를 正字의 漢字로 쓰시오.,나는 그가 그 일을 제대로 해낼지 퍽 염려스러웠다.,염려,,念慮,念慮,
3급,106,2024-08-24,127,hanjaeo_W,다음 문장의 밑줄 친 漢字語를 正字의 漢字로 쓰시오.,우리나라의 지명은 대부분 그럴듯한 배경 설화가 있다.,배경,,背景,背景,
3급,106,2024-08-24,128,hanjaeo_W,다음 문장의 밑줄 친 漢字語를 正字의 漢字로 쓰시오.,자신에게 이익이 되는 일만 하면서 살 수는 없다.,이익,,利益,利益,
3급,106,2024-08-24,129,hanjaeo_W,다음 문장의 밑줄 친 漢字語를 正字의 漢字로 쓰시오.,동생은 나갈 때마다 전등 끄는 것을 잊어버린다.,전등,,電燈,電燈,
3급,106,2024-08-24,130,hanjaeo_W,다음 문장의 밑줄 친 漢字語를 正字의 漢字로 쓰시오.,이번 행사는 시민들의 협조로 무사히 치러졌다.,협조,,協助,協助,
3급,106,2024-08-24,131,hanjaeo_W,다음 문장의 밑줄 친 漢字語를 正字의 漢字로 쓰시오.,학교 당국은 문화관을 교내에 존치하기로 결정했다.,존치,,存置,存置,
3급,106,2024-08-24,132,hanjaeo_W,다음 문장의 밑줄 친 漢字語를 正字의 漢字로 쓰시오.,그는 취미로 우표를 수집을 한다.,취미,,趣味,趣味,
3급,106,2024-08-24,133,hanjaeo_W,다음 문장의 밑줄 친 漢字語를 正字의 漢字로 쓰시오.,그녀의 병세는 빠르게 호전되었다.,호전,,好轉,好轉,
3급,106,2024-08-24,134,hanjaeo_W,다음 문장의 밑줄 친 漢字語를 正字의 漢字로 쓰시오.,관중들은 그를 박수갈채로 환영했다.,환영,,歡迎,歡迎,
3급,106,2024-08-24,135,hanjaeo_W,다음 문장의 밑줄 친 漢字語를 正字의 漢字로 쓰시오.,극장은 예술가와 대중의 매개체 역할을 한다.,대중,,大衆,大衆,
3급,106,2024-08-24,136,hanjaeo_W,다음 문장의 밑줄 친 漢字語를 正字의 漢字로 쓰시오.,그는 유창한 웅변으로 상대편을 설득했다.,설득,,說得,說得,
3급,106,2024-08-24,137,hanjaeo_W,다음 문장의 밑줄 친 漢字語를 正字의 漢字로 쓰시오.,그는 뇌졸중 등 지병을 앓고 있다.,지병,,持病,持病,
3급,106,2024-08-24,138,hanjaeo_W,다음 문장의 밑줄 친 漢字語를 正字의 漢字로 쓰시오.,태껸은 한국의 전통 무예이다.,무예,,武藝,武藝,
3급,106,2024-08-24,139,hanjaeo_W,다음 문장의 밑줄 친 漢字語를 正字의 漢字로 쓰시오.,그 단체는 민주 정치의 핵심 세력이다.,핵심,,核心,核心,
3급,106,2024-08-24,140,hanjaeo_W,다음 문장의 밑줄 친 漢字語를 正字의 漢字로 쓰시오.,그는 호흡을 가다듬기 위해 물 한 모금을 마셨다.,호흡,,呼吸,呼吸,
3급,106,2024-08-24,141,hanjaeo_W,다음 문장의 밑줄 친 漢字語를 正字의 漢字로 쓰시오.,성실과 근면이 나의 생활관이다.,근면,,勤勉,勤勉,
3급,106,2024-08-24,142,hanjaeo_W,다음 문장의 밑줄 친 漢字語를 正字의 漢字로 쓰시오.,10개국 정상은 모든 핵무기를 전면 폐기할 것을 의결했다.,의결,,議決,議決,
3급,106,2024-08-24,143,hanjaeo_W,다음 문장의 밑줄 친 漢字語를 正字의 漢字로 쓰시오.,그는 어려운 상황에서도 현명하게 처신하였다.,처신,,處身,處身,
3급,106,2024-08-24,144,hanjaeo_W,다음 문장의 밑줄 친 漢字語를 正字의 漢字로 쓰시오.,한참을 궁리한 끝에 묘안이 떠올랐다.,궁리,,窮理,窮理,
3급,106,2024-08-24,145,hanjaeo_W,다음 문장의 밑줄 친 漢字語를 正字의 漢字로 쓰시오.,그 용의자는 증거 불충분으로 풀려났다.,증거,,證據,證據,
3급,106,2024-08-24,146,hanjaeo_W,다음 문장의 밑줄 친 漢字語를 正字의 漢字로 쓰시오.,피의자는 누구나 변호인의 도움을 받을 권리가 있다.,변호인,,辯護人,辯護人,
3급,106,2024-08-24,147,hanjaeo_W,다음 문장의 밑줄 친 漢字語를 正字의 漢字로 쓰시오.,천연자원의 보고인 바다가 점점 오염되고 있다.,보고,,寶庫,寶庫,
3급,106,2024-08-24,148,hanjaeo_W,다음 문장의 밑줄 친 漢字語를 正字의 漢字로 쓰시오.,효심이 지극한 새댁은 마을에서 좋은 평판을 받았다.,평판,,評判,評判,
3급,106,2024-08-24,149,hanjaeo_W,다음 문장의 밑줄 친 漢字語를 正字의 漢字로 쓰시오.,수미는 어젯밤 잡다한 생각들로 잠을 이루지 못했다.,잡다,,雜多,雜多,
3급,106,2024-08-24,150,hanjaeo_W,다음 문장의 밑줄 친 漢字語를 正字의 漢字로 쓰시오.,진수는 독서를 중단하고 밖을 내다보았다.,중단,,中斷,中斷,
3급,107,2024-11-09,1,dokeum_W,다음 밑줄 친 漢字語의 讀音을 쓰시오.,언론은 이번 사건의 책임이 정부에게 있다고 搖亂을 떨었다.,搖亂,,요란,요란,
3급,107,2024-11-09,2,dokeum_W,다음 밑줄 친 漢字語의 讀音을 쓰시오.,포도의 천연 물질을 抽出시켜 만든 화장품이 인기다.,抽出,,추출,추출,
3급,107,2024-11-09,3,dokeum_W,다음 밑줄 친 漢字語의 讀音을 쓰시오.,최근 서울 시내의 교통사고 발생 頻度가 낮아졌다.,頻度,,빈도,빈도,
3급,107,2024-11-09,4,dokeum_W,다음 밑줄 친 漢字語의 讀音을 쓰시오.,아프리카의 많은 어린이들이 먹을 것이 없어서 餓死하고 있다.,餓死,,아사,아사,
3급,107,2024-11-09,5,dokeum_W,다음 밑줄 친 漢字語의 讀音을 쓰시오.,정승 죽은 장례도 아닌데 이렇게 弔客과 만장이 많기는 전례 없는 일이었다.,弔客,,조객,조객,
3급,107,2024-11-09,6,dokeum_W,다음 밑줄 친 漢字語의 讀音을 쓰시오.,그의 생각이 이 한 마디로 凝縮되었다.,凝縮,,응축,응축,
3급,107,2024-11-09,7,dokeum_W,다음 밑줄 친 漢字語의 讀音을 쓰시오.,음식물은 冷藏해야 오래 보관할 수 있다.,冷藏,,냉장,냉장,
3급,107,2024-11-09,8,dokeum_W,다음 밑줄 친 漢字語의 讀音을 쓰시오.,약의 濫用은 오히려 건강을 해친다.,濫用,,남용,남용,
3급,107,2024-11-09,9,dokeum_W,다음 밑줄 친 漢字語의 讀音을 쓰시오.,할아버지는 심부름을 한 영희에게 微笑를 띠시며 용돈을 주셨다.,微笑,,미소,미소,
3급,107,2024-11-09,10,dokeum_W,다음 밑줄 친 漢字語의 讀音을 쓰시오.,진위 여부는 且置하고 그 주장의 제기 방식이 문제였다.,且置,,차치,차치,
3급,107,2024-11-09,11,dokeum_W,다음 밑줄 친 漢字語의 讀音을 쓰시오.,입시전형 관련 서류 일부가 廢棄되었다.,廢棄,,폐기,폐기,
3급,107,2024-11-09,12,dokeum_W,다음 밑줄 친 漢字語의 讀音을 쓰시오.,할머니는 이곳에 곡식을 耕作하는 일로 소일거리를 삼으신다.,耕作,,경작,경작,
3급,107,2024-11-09,13,dokeum_W,다음 밑줄 친 漢字語의 讀音을 쓰시오.,迷兒를 방지하기 위해서는 주의하는 것이 좋다.,迷兒,,미아,미아,
3급,107,2024-11-09,14,dokeum_W,다음 밑줄 친 漢字語의 讀音을 쓰시오.,그는 日沒 전에 목적지에 도착하였다.,日沒,,일몰,일몰,
3급,107,2024-11-09,15,dokeum_W,다음 밑줄 친 漢字語의 讀音을 쓰시오.,하늘의 災殃으로 몇 년째 계속 가뭄이었다.,災殃,,재앙,재앙,
3급,107,2024-11-09,16,dokeum_W,다음 밑줄 친 漢字語의 讀音을 쓰시오.,그는 臥病 중에도 자식들 걱정을 먼저 한다.,臥病,,와병,와병,
3급,107,2024-11-09,17,dokeum_W,다음 밑줄 친 漢字語의 讀音을 쓰시오.,대기업이 협력 업체들에게 너무 傲慢하다.,傲慢,,오만,오만,
3급,107,2024-11-09,18,dokeum_W,다음 밑줄 친 漢字語의 讀音을 쓰시오.,착 가라앉은 기분이 그녀의 행동을 鈍重하게 만들었다.,鈍重,,둔중,둔중,
3급,107,2024-11-09,19,dokeum_W,다음 밑줄 친 漢字語의 讀音을 쓰시오.,올해는 온 식구가 避暑를 떠나기로 했다.,避暑,,피서,피서,
3급,107,2024-11-09,20,dokeum_W,다음 밑줄 친 漢字語의 讀音을 쓰시오.,사고 차량의 牽引이 진행 중이다.,牽引,,견인,견인,
3급,107,2024-11-09,21,dokeum_W,다음 漢字語의 讀音을 쓰시오.,聯邦,聯邦,,연방,연방,
3급,107,2024-11-09,22,dokeum_W,다음 漢字語의 讀音을 쓰시오.,互換,互換,,호환,호환,
3급,107,2024-11-09,23,dokeum_W,다음 漢字語의 讀音을 쓰시오.,銳智,銳智,,예지,예지,
3급,107,2024-11-09,24,dokeum_W,다음 漢字語의 讀音을 쓰시오.,跳躍,跳躍,,도약,도약,
3급,107,2024-11-09,25,dokeum_W,다음 漢字語의 讀音을 쓰시오.,慘狀,慘狀,,참상,참상,
3급,107,2024-11-09,26,dokeum_W,다음 漢字語의 讀音을 쓰시오.,飢渴,飢渴,,기갈,기갈,
3급,107,2024-11-09,27,dokeum_W,다음 漢字語의 讀音을 쓰시오.,寄贈,寄贈,,기증,기증,
3급,107,2024-11-09,28,dokeum_W,다음 漢字語의 讀音을 쓰시오.,搜索,搜索,,수색,수색,
3급,107,2024-11-09,29,dokeum_W,다음 漢字語의 讀音을 쓰시오.,但只,但只,,단지,단지,
3급,107,2024-11-09,30,dokeum_W,다음 漢字語의 讀音을 쓰시오.,檢閱,檢閱,,검열,검열,
3급,107,2024-11-09,31,dokeum_W,다음 漢字語의 讀音을 쓰시오.,振幅,振幅,,진폭,진폭,
3급,107,2024-11-09,32,dokeum_W,다음 漢字語의 讀音을 쓰시오.,侮辱,侮辱,,모욕,모욕,
3급,107,2024-11-09,33,dokeum_W,다음 漢字語의 讀音을 쓰시오.,驅迫,驅迫,,구박,구박,
3급,107,2024-11-09,34,dokeum_W,다음 漢字語의 讀音을 쓰시오.,奴隷,奴隷,,노예,노예,
3급,107,2024-11-09,35,dokeum_W,다음 漢字語의 讀音을 쓰시오.,燒却,燒却,,소각,소각,
3급,107,2024-11-09,36,dokeum_W,다음 漢字語의 讀音을 쓰시오.,毁損,毁損,,훼손,훼손,
3급,107,2024-11-09,37,dokeum_W,다음 漢字語의 讀音을 쓰시오.,畏懼,畏懼,,외구,외구,
3급,107,2024-11-09,38,dokeum_W,다음 漢字語의 讀音을 쓰시오.,蝶泳,蝶泳,,접영,접영,
3급,107,2024-11-09,39,dokeum_W,다음 漢字語의 讀音을 쓰시오.,追伸,追伸,,추신,추신,
3급,107,2024-11-09,40,dokeum_W,다음 漢字語의 讀音을 쓰시오.,廉恥,廉恥,,염치,염치,
3급,107,2024-11-09,41,dokeum_W,다음 漢字語의 讀音을 쓰시오.,返還,返還,,반환,반환,
3급,107,2024-11-09,42,dokeum_W,다음 漢字語의 讀音을 쓰시오.,憐憫,憐憫,,연민,연민,
3급,107,2024-11-09,43,dokeum_W,다음 漢字語의 讀音을 쓰시오.,招聘,招聘,,초빙,초빙,
3급,107,2024-11-09,44,dokeum_W,다음 漢字語의 讀音을 쓰시오.,維持,維持,,유지,유지,
3급,107,2024-11-09,45,dokeum_W,다음 漢字語의 讀音을 쓰시오.,敦厚,敦厚,,돈후,돈후,
3급,107,2024-11-09,46,huneum_W,다음 漢字의 訓과 音을 쓰시오.,憶,憶,,생각할 억,생각할 억,
3급,107,2024-11-09,47,huneum_W,다음 漢字의 訓과 音을 쓰시오.,忙,忙,,바쁠 망,바쁠 망,
3급,107,2024-11-09,48,huneum_W,다음 漢字의 訓과 音을 쓰시오.,債,債,,빚 채,빚 채,
3급,107,2024-11-09,49,huneum_W,다음 漢字의 訓과 音을 쓰시오.,朔,朔,,초하루 삭,초하루 삭,
3급,107,2024-11-09,50,huneum_W,다음 漢字의 訓과 音을 쓰시오.,浦,浦,,개[水邊] 포,개[水邊] 포,
3급,107,2024-11-09,51,huneum_W,다음 漢字의 訓과 音을 쓰시오.,狗,狗,,개 구,개 구,
3급,107,2024-11-09,52,huneum_W,다음 漢字의 訓과 音을 쓰시오.,姪,姪,,조카 질,조카 질,
3급,107,2024-11-09,53,huneum_W,다음 漢字의 訓과 音을 쓰시오.,睡,睡,,졸음 수,졸음 수,
3급,107,2024-11-09,54,huneum_W,다음 漢字의 訓과 音을 쓰시오.,慨,慨,,슬퍼할 개,슬퍼할 개,
3급,107,2024-11-09,55,huneum_W,다음 漢字의 訓과 音을 쓰시오.,燥,燥,,마를 조,마를 조,
3급,107,2024-11-09,56,huneum_W,다음 漢字의 訓과 音을 쓰시오.,叛,叛,,배반할 반,배반할 반,
3급,107,2024-11-09,57,huneum_W,다음 漢字의 訓과 音을 쓰시오.,輝,輝,,빛날 휘,빛날 휘,
3급,107,2024-11-09,58,huneum_W,다음 漢字의 訓과 音을 쓰시오.,腰,腰,,허리 요,허리 요,
3급,107,2024-11-09,59,huneum_W,다음 漢字의 訓과 音을 쓰시오.,遙,遙,,멀 요,멀 요,
3급,107,2024-11-09,60,huneum_W,다음 漢字의 訓과 音을 쓰시오.,懲,懲,,징계할 징,징계할 징,
3급,107,2024-11-09,61,huneum_W,다음 漢字의 訓과 音을 쓰시오.,愧,愧,,부끄러울 괴,부끄러울 괴,
3급,107,2024-11-09,62,huneum_W,다음 漢字의 訓과 音을 쓰시오.,臟,臟,,오장 장,오장 장,
3급,107,2024-11-09,63,huneum_W,다음 漢字의 訓과 音을 쓰시오.,陷,陷,,빠질 함,빠질 함,
3급,107,2024-11-09,64,huneum_W,다음 漢字의 訓과 音을 쓰시오.,逝,逝,,갈[往] 서,갈[往] 서,
3급,107,2024-11-09,65,huneum_W,다음 漢字의 訓과 音을 쓰시오.,娛,娛,,즐길 오,즐길 오,
3급,107,2024-11-09,66,huneum_W,다음 漢字의 訓과 音을 쓰시오.,眉,眉,,눈썹 미,눈썹 미,
3급,107,2024-11-09,67,huneum_W,다음 漢字의 訓과 音을 쓰시오.,晴,晴,,갤 청,갤 청,
3급,107,2024-11-09,68,huneum_W,다음 漢字의 訓과 音을 쓰시오.,添,添,,더할 첨,더할 첨,
3급,107,2024-11-09,69,huneum_W,다음 漢字의 訓과 音을 쓰시오.,飽,飽,,배부를 포,배부를 포,
3급,107,2024-11-09,70,huneum_W,다음 漢字의 訓과 音을 쓰시오.,掛,掛,,걸[懸] 괘,걸[懸] 괘,
3급,107,2024-11-09,71,huneum_W,다음 漢字의 訓과 音을 쓰시오.,埋,埋,,묻을 매,묻을 매,
3급,107,2024-11-09,72,huneum_W,다음 漢字의 訓과 音을 쓰시오.,濁,濁,,흐릴 탁,흐릴 탁,
3급,107,2024-11-09,73,busu_W,다음 漢字의 部首를 쓰시오.,敏,敏,,攴(攵),攴(攵),
3급,107,2024-11-09,74,busu_W,다음 漢字의 部首를 쓰시오.,飜,飜,,飛,飛,
3급,107,2024-11-09,75,busu_W,다음 漢字의 部首를 쓰시오.,冒,冒,,冂,冂,
3급,107,2024-11-09,76,busu_W,다음 漢字의 部首를 쓰시오.,替,替,,曰,曰,
3급,107,2024-11-09,77,busu_W,다음 漢字의 部首를 쓰시오.,龜,龜,,龜,龜,
3급,107,2024-11-09,78,yakja_W,다음 漢字의 略字를 쓰시오.,覺,覺,,覚,覚,
3급,107,2024-11-09,79,yakja_W,다음 漢字의 略字를 쓰시오.,廳,廳,,庁,庁,
3급,107,2024-11-09,80,yakja_W,다음 漢字의 略字를 쓰시오.,圍,圍,,囲,囲,
3급,107,2024-11-09,81,jangeum_S,다음 漢字語 중 첫소리가 長音인 것을 가려 그 번호를 쓰시오.,,,"[""① 成人"", ""② 聖人""]",②,② 聖人,
3급,107,2024-11-09,82,jangeum_S,다음 漢字語 중 첫소리가 長音인 것을 가려 그 번호를 쓰시오.,,,"[""① 數學"", ""② 修學""]",①,① 數學,
3급,107,2024-11-09,83,jangeum_S,다음 漢字語 중 첫소리가 長音인 것을 가려 그 번호를 쓰시오.,,,"[""① 眼前"", ""② 安全""]",①,① 眼前,
3급,107,2024-11-09,84,jangeum_S,다음 漢字語 중 첫소리가 長音인 것을 가려 그 번호를 쓰시오.,,,"[""① 苦戰"", ""② 古典""]",②,② 古典,
3급,107,2024-11-09,85,jangeum_S,다음 漢字語 중 첫소리가 長音인 것을 가려 그 번호를 쓰시오.,,,"[""① 夫子"", ""② 富者""]",②,② 富者,
3급,107,2024-11-09,86,yui_W,다음 (      ) 안에 밑줄 친 漢字와 뜻이 같거나 비슷한 漢字를 正字로 적어 문장을 완성하시오.,자료의 ( )析을 마쳤다.,( )析,,分,分,
3급,107,2024-11-09,87,yui_W,다음 (      ) 안에 밑줄 친 漢字와 뜻이 같거나 비슷한 漢字를 正字로 적어 문장을 완성하시오.,나이 든 앞집 총각이 참한 여인을 (   )匹로 맞이했다.,( )匹,,配,配,
3급,107,2024-11-09,88,yui_W,다음 (      ) 안에 밑줄 친 漢字와 뜻이 같거나 비슷한 漢字를 正字로 적어 문장을 완성하시오.,관객은 연주자에게 (      )立 박수를 보냈다.,( )立,,起,起,
3급,107,2024-11-09,89,yui_W,다음 (      ) 안에 밑줄 친 漢字와 뜻이 같거나 비슷한 漢字를 正字로 적어 문장을 완성하시오.,지속적인 환경 오염은 지구의 滅(    )을 초래할지도 모른다.,滅( ),,亡,亡,
3급,107,2024-11-09,90,yui_W,다음 (      ) 안에 밑줄 친 漢字와 뜻이 같거나 비슷한 漢字를 正字로 적어 문장을 완성하시오.,우리 동네는 住(     ) 밀집 지역이다.,住( ),,居,居,
3급,107,2024-11-09,91,banui_W,다음 (      ) 안에 밑줄 친 漢字와 뜻이 상대(또는 반대)되는 漢字를 正字로 적어 문장을 완성하시오.,아무리 성과가 좋아도 (         )怠 관리가 엉망이라면 좋은 평가를 받을 수 없다.,( )怠,,勤,勤,
3급,107,2024-11-09,92,banui_W,다음 (      ) 안에 밑줄 친 漢字와 뜻이 상대(또는 반대)되는 漢字를 正字로 적어 문장을 완성하시오.,주가가 騰(    )을 거듭하다 강보합으로 장을 마감했다.,騰( ),,落,落,
3급,107,2024-11-09,93,banui_W,다음 (      ) 안에 밑줄 친 漢字와 뜻이 상대(또는 반대)되는 漢字를 正字로 적어 문장을 완성하시오.,그 집은 姑(   ) 사이가 워낙 좋아 화목하다.,姑( ),,婦,婦,
3급,107,2024-11-09,94,banui_W,다음 (      ) 안에 밑줄 친 漢字와 뜻이 상대(또는 반대)되는 漢字를 正字로 적어 문장을 완성하시오.,그의 작품 세계는 애정을 가지고 서민들의 哀(      )을 다룬 것이 대부분이다.,哀( ),,歡,歡,
3급,107,2024-11-09,95,banui_W,다음 (      ) 안에 밑줄 친 漢字와 뜻이 상대(또는 반대)되는 漢字를 正字로 적어 문장을 완성하시오.,두 사람의 경합은 (      )劣을 가릴 수 없을 만큼 치열했다.,( )劣,,優,優,
3급,107,2024-11-09,96,banuieo_W,다음 漢字語의 상대어(또는 반대어)를 漢字(正字)로 쓰시오.,承諾,承諾,,拒絶,拒絶,
3급,107,2024-11-09,97,banuieo_W,다음 漢字語의 상대어(또는 반대어)를 漢字(正字)로 쓰시오.,怨恨,怨恨,,恩惠,恩惠,
3급,107,2024-11-09,98,banuieo_W,다음 漢字語의 상대어(또는 반대어)를 漢字(正字)로 쓰시오.,紛爭,紛爭,,和解,和解,
3급,107,2024-11-09,99,banuieo_W,다음 漢字語의 상대어(또는 반대어)를 漢字(正字)로 쓰시오.,嫌惡,嫌惡,,愛好,愛好,
3급,107,2024-11-09,100,banuieo_W,다음 漢字語의 상대어(또는 반대어)를 漢字(正字)로 쓰시오.,薄弱,薄弱,,強固,強固,
3급,107,2024-11-09,101,mean_W,다음 漢字語의 뜻을 쓰시오.,郊外,郊外,,도시의 주변 지역,도시의 주변 지역,
3급,107,2024-11-09,102,mean_W,다음 漢字語의 뜻을 쓰시오.,相似形,相似形,,닮은꼴,닮은꼴,
3급,107,2024-11-09,103,mean_W,다음 漢字語의 뜻을 쓰시오.,把指,把指,,손으로 쥠,손으로 쥠,
3급,107,2024-11-09,104,mean_W,다음 漢字語의 뜻을 쓰시오.,街販,街販,,길거리에 벌여 놓고 팖/가두판매,길거리에 벌여 놓고 팖/가두판매,
3급,107,2024-11-09,105,mean_W,다음 漢字語의 뜻을 쓰시오.,耳鳴,耳鳴,,귀울림/귀울음,귀울림/귀울음,
3급,107,2024-11-09,106,dongeumeo_W,다음 (   ) 속 단어의 同音異義語를 주어진 뜻에 맞게 漢字(正字)로 쓰시오.,(踏査) - 회답하는 말.,(踏査),,答辭,答辭,
3급,107,2024-11-09,107,dongeumeo_W,다음 (   ) 속 단어의 同音異義語를 주어진 뜻에 맞게 漢字(正字)로 쓰시오.,(黨職) - 숙직이나 일직 따위의 당번이 됨.,(黨職),,當直,當直,
3급,107,2024-11-09,108,dongeumeo_W,다음 (   ) 속 단어의 同音異義語를 주어진 뜻에 맞게 漢字(正字)로 쓰시오.,(大禁) - 물건의 값으로 치르는 돈.,(大禁),,代金,代金,
3급,107,2024-11-09,109,dongeumeo_W,다음 (   ) 속 단어의 同音異義語를 주어진 뜻에 맞게 漢字(正字)로 쓰시오.,(刀傷) - 길 위.,(刀傷),,道上,道上,
3급,107,2024-11-09,110,dongeumeo_W,다음 (   ) 속 단어의 同音異義語를 주어진 뜻에 맞게 漢字(正字)로 쓰시오.,(動氣) - 겨울철.,(動氣),,冬期,冬期,
3급,107,2024-11-09,111,seongeo_W,다음 ( ) 안에 알맞은 漢字를 적어 四字成語를 완성하시오.,百年河(   ) : 아무리 오랜 시일이 지나도 어떤 일이 이루어지기 어려움.,百年河( ),,淸,淸,
3급,107,2024-11-09,112,seongeo_W,다음 ( ) 안에 알맞은 漢字를 적어 四字成語를 완성하시오.,不問可(   ) : 묻지 아니하여도 알 수 있음.,不問可( ),,知,知,
3급,107,2024-11-09,113,seongeo_W,다음 ( ) 안에 알맞은 漢字를 적어 四字成語를 완성하시오.,巧(   )令色 : 아첨하는 말과 알랑거리는 태도.,巧( )令色,,言,言,
3급,107,2024-11-09,114,seongeo_W,다음 ( ) 안에 알맞은 漢字를 적어 四字成語를 완성하시오.,走馬( )山 : 말을 타고 달리며 산천을 구경함.,走馬( )山,,看,看,
3급,107,2024-11-09,115,seongeo_W,다음 ( ) 안에 알맞은 漢字를 적어 四字成語를 완성하시오.,見(   )思義 : 눈앞의 이익을 보면 의리를 먼저 생각함.,見( )思義,,利,利,
3급,107,2024-11-09,116,seongeo_W,다음 ( ) 안에 알맞은 漢字를 적어 四字成語를 완성하시오.,宿虎衝(   ) : 자는 호랑이의 코를 찌름.,宿虎衝( ),,鼻,鼻,
3급,107,2024-11-09,117,seongeo_W,다음 ( ) 안에 알맞은 漢字를 적어 四字成語를 완성하시오.,有(   )無患 : 미리 준비가 되어 있으면 걱정할 것이 없음.,有( )無患,,備,備,
3급,107,2024-11-09,118,seongeo_W,다음 ( ) 안에 알맞은 漢字를 적어 四字成語를 완성하시오.,先公( )私 : 공적인 일을 먼저 하고 사사로운 일은 뒤로 미룸.,先公( )私,,後,後,
3급,107,2024-11-09,119,seongeo_W,다음 ( ) 안에 알맞은 漢字를 적어 四字成語를 완성하시오.,同(   )異夢 : 같은 자리에 자면서 다른 꿈을 꿈.,同( )異夢,,床,床,
3급,107,2024-11-09,120,seongeo_W,다음 ( ) 안에 알맞은 漢字를 적어 四字成語를 완성하시오.,經(   )濟民 : 세상을 다스리고 백성을 구제함.,經( )濟民,,世,世,
3급,107,2024-11-09,121,hanjaeo_W,다음 문장의 밑줄 친 漢字語를 正字의 漢字로 쓰시오.,그는 발목의 탈골로 경기에 출전하지 못 했다.,탈골,,脫骨,脫骨,
3급,107,2024-11-09,122,hanjaeo_W,다음 문장의 밑줄 친 漢字語를 正字의 漢字로 쓰시오.,그 기관은 우리가 개발한 약품을 신약으로 인증했다.,인증,,認證,認證,
3급,107,2024-11-09,123,hanjaeo_W,다음 문장의 밑줄 친 漢字語를 正字의 漢字로 쓰시오.,이 그림에는 작가의 미의식이 잘 표현되어 있다.,표현,,表現,表現,
3급,107,2024-11-09,124,hanjaeo_W,다음 문장의 밑줄 친 漢字語를 正字의 漢字로 쓰시오.,무분별한 벌채로 자연 생태계가 파괴될 지경에 이르렀다.,벌채,,伐採,伐採,
3급,107,2024-11-09,125,hanjaeo_W,다음 문장의 밑줄 친 漢字語를 正字의 漢字로 쓰시오.,요즈음은 약혼식을 잘 하지 않는다.,약혼식,,約婚式,約婚式,
3급,107,2024-11-09,126,hanjaeo_W,다음 문장의 밑줄 친 漢字語를 正字의 漢字로 쓰시오.,상품은 포장을 잘 해야 제값을 받는다.,포장,,包裝,包裝,
3급,107,2024-11-09,127,hanjaeo_W,다음 문장의 밑줄 친 漢字語를 正字의 漢字로 쓰시오.,오늘날은 아버지의 권위가 너무 떨어졌다.,권위,,權威,權威,
3급,107,2024-11-09,128,hanjaeo_W,다음 문장의 밑줄 친 漢字語를 正字의 漢字로 쓰시오.,그는 우선 자신의 소속부터 밝혔다.,소속,,所屬,所屬,
3급,107,2024-11-09,129,hanjaeo_W,다음 문장의 밑줄 친 漢字語를 正字의 漢字로 쓰시오.,그의 주장은 근거가 확실했다.,주장,,主張,主張,
3급,107,2024-11-09,130,hanjaeo_W,다음 문장의 밑줄 친 漢字語를 正字의 漢字로 쓰시오.,남녀 차별은 법적으로 금지되었다.,차별,,差別,差別,
3급,107,2024-11-09,131,hanjaeo_W,다음 문장의 밑줄 친 漢字語를 正字의 漢字로 쓰시오.,그 학생은 농구가 취미라고 했다.,취미,,趣味,趣味,
3급,107,2024-11-09,132,hanjaeo_W,다음 문장의 밑줄 친 漢字語를 正字의 漢字로 쓰시오.,그는 한자를 몰라 옥편을 찾아보았다.,옥편,,玉篇,玉篇,
3급,107,2024-11-09,133,hanjaeo_W,다음 문장의 밑줄 친 漢字語를 正字의 漢字로 쓰시오.,우리나라는 분쟁지역에 국군을 파병하였다.,파병,,派兵,派兵,
3급,107,2024-11-09,134,hanjaeo_W,다음 문장의 밑줄 친 漢字語를 正字의 漢字로 쓰시오.,그는 유명한 명화를 모사하는 작업을 하였다.,모사,,模寫,模寫,
3급,107,2024-11-09,135,hanjaeo_W,다음 문장의 밑줄 친 漢字語를 正字의 漢字로 쓰시오.,배우들은 영화에서 흔히 가발을 쓴다.,가발,,假髮,假髮,
3급,107,2024-11-09,136,hanjaeo_W,다음 문장의 밑줄 친 漢字語를 正字의 漢字로 쓰시오.,그는 초상집에 국화꽃 화환을 보냈다.,화환,,花環,花環,
3급,107,2024-11-09,137,hanjaeo_W,다음 문장의 밑줄 친 漢字語를 正字의 漢字로 쓰시오.,범인에 대한 탐정의 추리가 적중하였다.,추리,,推理,推理,
3급,107,2024-11-09,138,hanjaeo_W,다음 문장의 밑줄 친 漢字語를 正字의 漢字로 쓰시오.,그는 열렬한 독립투사였다.,투사,,鬪士,鬪士,
3급,107,2024-11-09,139,hanjaeo_W,다음 문장의 밑줄 친 漢字語를 正字의 漢字로 쓰시오.,역설적이지만 명군은 난세에 나오는 것이다.,명군,,明君/名君,明君/名君,
3급,107,2024-11-09,140,hanjaeo_W,다음 문장의 밑줄 친 漢字語를 正字의 漢字로 쓰시오.,영이는 받아쓰기에서 만점을 받았다.,만점,,滿點,滿點,
3급,107,2024-11-09,141,hanjaeo_W,다음 문장의 밑줄 친 漢字語를 正字의 漢字로 쓰시오.,이번 교통사고의 책임은 버스 기사의 과실로 귀결되었다.,귀결,,歸結,歸結,
3급,107,2024-11-09,142,hanjaeo_W,다음 문장의 밑줄 친 漢字語를 正字의 漢字로 쓰시오.,명수는 아버지의 유지에 따라 모든 유산을 국가에 헌납했다.,유지,,遺志,遺志,
3급,107,2024-11-09,143,hanjaeo_W,다음 문장의 밑줄 친 漢字語를 正字의 漢字로 쓰시오.,회사는 신제품 개발에 모든 노력을 경주하고 있다.,개발,,開發,開發,
3급,107,2024-11-09,144,hanjaeo_W,다음 문장의 밑줄 친 漢字語를 正字의 漢字로 쓰시오.,안내원들이 서로 다르게 안내를 하여 혼선이 빚어졌다.,안내,,案內,案內,
3급,107,2024-11-09,145,hanjaeo_W,다음 문장의 밑줄 친 漢字語를 正字의 漢字로 쓰시오.,그 영화는 오늘 종영했다고 한다.,종영,,終映,終映,
3급,107,2024-11-09,146,hanjaeo_W,다음 문장의 밑줄 친 漢字語를 正字의 漢字로 쓰시오.,선생님은 우리에게 대학보다 전공을 잘 선택하라고 권고하셨다.,권고,,勸告,勸告,
3급,107,2024-11-09,147,hanjaeo_W,다음 문장의 밑줄 친 漢字語를 正字의 漢字로 쓰시오.,환경 보호에 우리 모두 적극 동참해야 한다.,보호,,保護,保護,
3급,107,2024-11-09,148,hanjaeo_W,다음 문장의 밑줄 친 漢字語를 正字의 漢字로 쓰시오.,그 여인은 남모를 비밀을 간직한 것처럼 보였다.,비밀,,祕密,祕密,
3급,107,2024-11-09,149,hanjaeo_W,다음 문장의 밑줄 친 漢字語를 正字의 漢字로 쓰시오.,공부를 하는 데에는 적극적인 자세가 중요하다.,자세,,姿勢,姿勢,
3급,107,2024-11-09,150,hanjaeo_W,다음 문장의 밑줄 친 漢字語를 正字의 漢字로 쓰시오.,그 조그만 잡화 가게에 각종 물건이 진열되어 있었다.,물건,,物件,物件,
3급,108,2025-02-22,1,dokeum_W,다음 밑줄 친 漢字語의 讀音을 쓰시오.,그 친구가 이사회에서 사장으로 薦擧받았다.,薦擧,,천거,천거,
3급,108,2025-02-22,2,dokeum_W,다음 밑줄 친 漢字語의 讀音을 쓰시오.,이 사건으로 주식 시장이 崩落될 위기에 빠졌다.,崩落,,붕락,붕락,
3급,108,2025-02-22,3,dokeum_W,다음 밑줄 친 漢字語의 讀音을 쓰시오.,아낙들은 점쟁이 앞에 卜債를 두둑이 놓고 점을 쳤다.,卜債,,복채,복채,
3급,108,2025-02-22,4,dokeum_W,다음 밑줄 친 漢字語의 讀音을 쓰시오.,드라마에서 배우의 活躍이 빛났다.,活躍,,활약,활약,
3급,108,2025-02-22,5,dokeum_W,다음 밑줄 친 漢字語의 讀音을 쓰시오.,조직위원회는 세계 최고의 석학들을 招聘했다.,招聘,,초빙,초빙,
3급,108,2025-02-22,6,dokeum_W,다음 밑줄 친 漢字語의 讀音을 쓰시오.,그들은 중요한 정보를 철저히 隱蔽했다.,隱蔽,,은폐,은폐,
3급,108,2025-02-22,7,dokeum_W,다음 밑줄 친 漢字語의 讀音을 쓰시오.,부장으로 승진한 후 남편의 출장과 늦은 귀가가 頻繁했다.,頻繁,,빈번,빈번,
3급,108,2025-02-22,8,dokeum_W,다음 밑줄 친 漢字語의 讀音을 쓰시오.,작가는 주로 晨夜에 작품을 쓴다.,晨夜,,신야,신야,
3급,108,2025-02-22,9,dokeum_W,다음 밑줄 친 漢字語의 讀音을 쓰시오.,그는 월남전에서 작전을 遂行하던 중 부상을 당했다.,遂行,,수행,수행,
3급,108,2025-02-22,10,dokeum_W,다음 밑줄 친 漢字語의 讀音을 쓰시오.,방금 밥을 먹었는데 虛飢가 진다.,虛飢,,허기,허기,
3급,108,2025-02-22,11,dokeum_W,다음 밑줄 친 漢字語의 讀音을 쓰시오.,박람회에는 특수전에 사용되는 新銳 무기들이 대거 등장했다.,新銳,,신예,신예,
3급,108,2025-02-22,12,dokeum_W,다음 밑줄 친 漢字語의 讀音을 쓰시오.,잘못을 저지르고도 큰소리를 치다니 그 사람 너무 廉恥없다.,廉恥,,염치,염치,
3급,108,2025-02-22,13,dokeum_W,다음 밑줄 친 漢字語의 讀音을 쓰시오.,아버지께서는 손수 擁壁을 만드셨다.,擁壁,,옹벽,옹벽,
3급,108,2025-02-22,14,dokeum_W,다음 밑줄 친 漢字語의 讀音을 쓰시오.,그들의 무분별한 행동에 자연이 毁損 당하고 있었다.,毁損,,훼손,훼손,
3급,108,2025-02-22,15,dokeum_W,다음 밑줄 친 漢字語의 讀音을 쓰시오.,그는 思惟를 통해 사물의 이치를 깨닫는 법을 터득했다.,思惟,,사유,사유,
3급,108,2025-02-22,16,dokeum_W,다음 밑줄 친 漢字語의 讀音을 쓰시오.,셰익스피어의 작품을 우리 것으로 飜案해 공연했다.,飜案,,번안,번안,
3급,108,2025-02-22,17,dokeum_W,다음 밑줄 친 漢字語의 讀音을 쓰시오.,성악가는 피아노 伴奏에 맞추어 노래를 불렀다.,伴奏,,반주,반주,
3급,108,2025-02-22,18,dokeum_W,다음 밑줄 친 漢字語의 讀音을 쓰시오.,그는 庶出로서 집안의 천대를 받았다.,庶出,,서출,서출,
3급,108,2025-02-22,19,dokeum_W,다음 밑줄 친 漢字語의 讀音을 쓰시오.,그의 익살은 사람들을 腰折하게 한다.,腰折,,요절,요절,
3급,108,2025-02-22,20,dokeum_W,다음 밑줄 친 漢字語의 讀音을 쓰시오.,그는 강을 舟遊하며 시를 읊었다.,舟遊,,주유,주유,
3급,108,2025-02-22,21,dokeum_W,다음 漢字語의 讀音을 쓰시오.,尖端,尖端,,첨단,첨단,
3급,108,2025-02-22,22,dokeum_W,다음 漢字語의 讀音을 쓰시오.,苗木,苗木,,묘목,묘목,
3급,108,2025-02-22,23,dokeum_W,다음 漢字語의 讀音을 쓰시오.,閱覽,閱覽,,열람,열람,
3급,108,2025-02-22,24,dokeum_W,다음 漢字語의 讀音을 쓰시오.,昏睡,昏睡,,혼수,혼수,
3급,108,2025-02-22,25,dokeum_W,다음 漢字語의 讀音을 쓰시오.,嫌疑,嫌疑,,혐의,혐의,
3급,108,2025-02-22,26,dokeum_W,다음 漢字語의 讀音을 쓰시오.,誕辰,誕辰,,탄신,탄신,
3급,108,2025-02-22,27,dokeum_W,다음 漢字語의 讀音을 쓰시오.,屢次,屢次,,누차,누차,
3급,108,2025-02-22,28,dokeum_W,다음 漢字語의 讀音을 쓰시오.,襲爵,襲爵,,습작,습작,
3급,108,2025-02-22,29,dokeum_W,다음 漢字語의 讀音을 쓰시오.,連繫,連繫,,연계,연계,
3급,108,2025-02-22,30,dokeum_W,다음 漢字語의 讀音을 쓰시오.,零細,零細,,영세,영세,
3급,108,2025-02-22,31,dokeum_W,다음 漢字語의 讀音을 쓰시오.,汚染,汚染,,오염,오염,
3급,108,2025-02-22,32,dokeum_W,다음 漢字語의 讀音을 쓰시오.,諒解,諒解,,양해,양해,
3급,108,2025-02-22,33,dokeum_W,다음 漢字語의 讀音을 쓰시오.,敦篤,敦篤,,돈독,돈독,
3급,108,2025-02-22,34,dokeum_W,다음 漢字語의 讀音을 쓰시오.,漫談,漫談,,만담,만담,
3급,108,2025-02-22,35,dokeum_W,다음 漢字語의 讀音을 쓰시오.,聯邦,聯邦,,연방,연방,
3급,108,2025-02-22,36,dokeum_W,다음 漢字語의 讀音을 쓰시오.,涉獵,涉獵,,섭렵,섭렵,
3급,108,2025-02-22,37,dokeum_W,다음 漢字語의 讀音을 쓰시오.,幾微,幾微,,기미,기미,
3급,108,2025-02-22,38,dokeum_W,다음 漢字語의 讀音을 쓰시오.,捕捉,捕捉,,포착,포착,
3급,108,2025-02-22,39,dokeum_W,다음 漢字語의 讀音을 쓰시오.,凝縮,凝縮,,응축,응축,
3급,108,2025-02-22,40,dokeum_W,다음 漢字語의 讀音을 쓰시오.,先驅,先驅,,선구,선구,
3급,108,2025-02-22,41,dokeum_W,다음 漢字語의 讀音을 쓰시오.,奴隷,奴隷,,노예,노예,
3급,108,2025-02-22,42,dokeum_W,다음 漢字語의 讀音을 쓰시오.,愛隣,愛隣,,애린,애린,
3급,108,2025-02-22,43,dokeum_W,다음 漢字語의 讀音을 쓰시오.,懲罰,懲罰,,징벌,징벌,
3급,108,2025-02-22,44,dokeum_W,다음 漢字語의 讀音을 쓰시오.,姻戚,姻戚,,인척,인척,
3급,108,2025-02-22,45,dokeum_W,다음 漢字語의 讀音을 쓰시오.,埋立,埋立,,매립,매립,
3급,108,2025-02-22,46,huneum_W,다음 漢字의 訓과 音을 쓰시오.,召,召,,부를 소,부를 소,
3급,108,2025-02-22,47,huneum_W,다음 漢字의 訓과 音을 쓰시오.,雖,雖,,비록 수,비록 수,
3급,108,2025-02-22,48,huneum_W,다음 漢字의 訓과 音을 쓰시오.,庸,庸,,떳떳할 용,떳떳할 용,
3급,108,2025-02-22,49,huneum_W,다음 漢字의 訓과 音을 쓰시오.,曉,曉,,새벽 효,새벽 효,
3급,108,2025-02-22,50,huneum_W,다음 漢字의 訓과 音을 쓰시오.,劣,劣,,못할 렬,못할 렬,
3급,108,2025-02-22,51,huneum_W,다음 漢字의 訓과 音을 쓰시오.,塊,塊,,흙덩이 괴,흙덩이 괴,
3급,108,2025-02-22,52,huneum_W,다음 漢字의 訓과 音을 쓰시오.,憐,憐,,불쌍히여길 련,불쌍히여길 련,
3급,108,2025-02-22,53,huneum_W,다음 漢字의 訓과 音을 쓰시오.,堤,堤,,둑 제,둑 제,
3급,108,2025-02-22,54,huneum_W,다음 漢字의 訓과 音을 쓰시오.,懼,懼,,두려워할 구,두려워할 구,
3급,108,2025-02-22,55,huneum_W,다음 漢字의 訓과 音을 쓰시오.,托,托,,맡길 탁,맡길 탁,
3급,108,2025-02-22,56,huneum_W,다음 漢字의 訓과 音을 쓰시오.,析,析,,쪼갤 석,쪼갤 석,
3급,108,2025-02-22,57,huneum_W,다음 漢字의 訓과 音을 쓰시오.,嘗,嘗,,맛볼 상,맛볼 상,
3급,108,2025-02-22,58,huneum_W,다음 漢字의 訓과 音을 쓰시오.,縣,縣,,고을 현,고을 현,
3급,108,2025-02-22,59,huneum_W,다음 漢字의 訓과 音을 쓰시오.,詐,詐,,속일 사,속일 사,
3급,108,2025-02-22,60,huneum_W,다음 漢字의 訓과 音을 쓰시오.,廟,廟,,사당 묘,사당 묘,
3급,108,2025-02-22,61,huneum_W,다음 漢字의 訓과 音을 쓰시오.,唯,唯,,오직 유,오직 유,
3급,108,2025-02-22,62,huneum_W,다음 漢字의 訓과 音을 쓰시오.,辨,辨,,분별할 변,분별할 변,
3급,108,2025-02-22,63,huneum_W,다음 漢字의 訓과 音을 쓰시오.,赴,赴,,다다를/갈 부,다다를/갈 부,
3급,108,2025-02-22,64,huneum_W,다음 漢字의 訓과 音을 쓰시오.,斯,斯,,이 사,이 사,
3급,108,2025-02-22,65,huneum_W,다음 漢字의 訓과 音을 쓰시오.,玆,玆,,이 자,이 자,
3급,108,2025-02-22,66,huneum_W,다음 漢字의 訓과 音을 쓰시오.,枕,枕,,베개 침,베개 침,
3급,108,2025-02-22,67,huneum_W,다음 漢字의 訓과 音을 쓰시오.,僚,僚,,동료 료,동료 료,
3급,108,2025-02-22,68,huneum_W,다음 漢字의 訓과 音을 쓰시오.,慘,慘,,참혹할 참,참혹할 참,
3급,108,2025-02-22,69,huneum_W,다음 漢字의 訓과 音을 쓰시오.,泊,泊,,머무를/배댈 박,머무를/배댈 박,
3급,108,2025-02-22,70,huneum_W,다음 漢字의 訓과 音을 쓰시오.,斥,斥,,물리칠 척,물리칠 척,
3급,108,2025-02-22,71,huneum_W,다음 漢字의 訓과 音을 쓰시오.,庚,庚,,별 경,별 경,
3급,108,2025-02-22,72,huneum_W,다음 漢字의 訓과 音을 쓰시오.,軌,軌,,바퀴자국 궤,바퀴자국 궤,
3급,108,2025-02-22,73,busu_W,다음 漢字의 部首를 쓰시오.,矣,矣,,矢,矢,
3급,108,2025-02-22,74,busu_W,다음 漢字의 部首를 쓰시오.,余,余,,人,人,
3급,108,2025-02-22,75,busu_W,다음 漢字의 部首를 쓰시오.,厄,厄,,厂,厂,
3급,108,2025-02-22,76,busu_W,다음 漢字의 部首를 쓰시오.,旱,旱,,日,日,
3급,108,2025-02-22,77,busu_W,다음 漢字의 部首를 쓰시오.,焉,焉,,火(灬),火(灬),
3급,108,2025-02-22,78,yakja_W,다음 漢字의 略字를 쓰시오.,堅,堅,,坚,坚,
3급,108,2025-02-22,79,yakja_W,다음 漢字의 略字를 쓰시오.,圍,圍,,囲,囲,
3급,108,2025-02-22,80,yakja_W,다음 漢字의 略字를 쓰시오.,歸,歸,,帰,帰,
3급,108,2025-02-22,81,jangeum_S,다음 漢字語 중 첫소리가 長音인 것을 가려 그 번호를 쓰시오.,,,"[""① 健康"", ""② 乾綱""]",①,① 健康,
3급,108,2025-02-22,82,jangeum_S,다음 漢字語 중 첫소리가 長音인 것을 가려 그 번호를 쓰시오.,,,"[""① 農具"", ""② 弄口""]",②,② 弄口,
3급,108,2025-02-22,83,jangeum_S,다음 漢字語 중 첫소리가 長音인 것을 가려 그 번호를 쓰시오.,,,"[""① 臺詞"", ""② 代謝""]",②,② 代謝,
3급,108,2025-02-22,84,jangeum_S,다음 漢字語 중 첫소리가 長音인 것을 가려 그 번호를 쓰시오.,,,"[""① 叛將"", ""② 盤長""]",①,① 叛將,
3급,108,2025-02-22,85,jangeum_S,다음 漢字語 중 첫소리가 長音인 것을 가려 그 번호를 쓰시오.,,,"[""① 司勇"", ""② 使用""]",②,② 使用,
3급,108,2025-02-22,86,yui_W,다음 (      ) 안에 밑줄 친 漢字와 뜻이 같거나 비슷한 漢字를 正字로 적어 문장을 완성하시오.,경찰은 사건의 실체를 糾(       )했다.,糾( ),,明,明,
3급,108,2025-02-22,87,yui_W,다음 (      ) 안에 밑줄 친 漢字와 뜻이 같거나 비슷한 漢字를 正字로 적어 문장을 완성하시오.,법을 遵(    )한 사람들은 모두 석방되었다.,遵( ),,守,守,
3급,108,2025-02-22,88,yui_W,다음 (      ) 안에 밑줄 친 漢字와 뜻이 같거나 비슷한 漢字를 正字로 적어 문장을 완성하시오.,온 국민은 대통령의 逝(        )에 깜짝 놀랐다.,逝( ),,去,去,
3급,108,2025-02-22,89,yui_W,다음 (      ) 안에 밑줄 친 漢字와 뜻이 같거나 비슷한 漢字를 正字로 적어 문장을 완성하시오.,그는 (   )巷에서 떠도는 이야기를 수집한다.,( )巷,,街,街,
3급,108,2025-02-22,90,yui_W,다음 (      ) 안에 밑줄 친 漢字와 뜻이 같거나 비슷한 漢字를 正字로 적어 문장을 완성하시오.,아군은 적의 (    )掠에 대비했다.,( )掠,,侵,侵,
3급,108,2025-02-22,91,banui_W,다음 (      ) 안에 밑줄 친 漢字와 뜻이 상대(또는 반대)되는 漢字를 正字로 적어 문장을 완성하시오.,고궁은 왕조의 애환과 (      )辱이 서려 있는 역사의 현장이다.,( )辱,,榮,榮,
3급,108,2025-02-22,92,banui_W,다음 (      ) 안에 밑줄 친 漢字와 뜻이 상대(또는 반대)되는 漢字를 正字로 적어 문장을 완성하시오.,우리 회사는 올해 인력 需(          )에 막대한 차질을 빚고 있다.,需( ),,給,給,
3급,108,2025-02-22,93,banui_W,다음 (      ) 안에 밑줄 친 漢字와 뜻이 상대(또는 반대)되는 漢字를 正字로 적어 문장을 완성하시오.,죽마고우였지만 두 사람 사이에는 (     )壤의 차이만큼 다른 점이 많다.,( )壤,,天,天,
3급,108,2025-02-22,94,banui_W,다음 (      ) 안에 밑줄 친 漢字와 뜻이 상대(또는 반대)되는 漢字를 正字로 적어 문장을 완성하시오.,외국인들은 우리말의 (       )卑法을 어려워한다.,( )卑法,,尊,尊,
3급,108,2025-02-22,95,banui_W,다음 (      ) 안에 밑줄 친 漢字와 뜻이 상대(또는 반대)되는 漢字를 正字로 적어 문장을 완성하시오.,값을 깎으려는 고객과 점원 사이에 昇( )이가 벌어졌다.,昇( ),,降,降,
3급,108,2025-02-22,96,banuieo_W,다음 두 쌍의 漢字語가 상대(또는 반대) 관계가 되도록 (              ) 안에 알맞은 漢字(正字)를쓰시오.,厥終 ↔ 厥(    ),厥終 ↔ 厥( ),,初,初,
3급,108,2025-02-22,97,banuieo_W,다음 두 쌍의 漢字語가 상대(또는 반대) 관계가 되도록 (              ) 안에 알맞은 漢字(正字)를쓰시오.,( )度 ↔ 緯度,( )度 ↔ 緯度,,經,經,
3급,108,2025-02-22,98,banuieo_W,다음 두 쌍의 漢字語가 상대(또는 반대) 관계가 되도록 (              ) 안에 알맞은 漢字(正字)를쓰시오.,( )勝 ↔ 辛勝,( )勝 ↔ 辛勝,,樂,樂,
3급,108,2025-02-22,99,banuieo_W,다음 두 쌍의 漢字語가 상대(또는 반대) 관계가 되도록 (              ) 안에 알맞은 漢字(正字)를쓰시오.,( )聞 ↔ 醜聞,( )聞 ↔ 醜聞,,美,美,
3급,108,2025-02-22,100,banuieo_W,다음 두 쌍의 漢字語가 상대(또는 반대) 관계가 되도록 (              ) 안에 알맞은 漢字(正字)를쓰시오.,返濟 ↔ 借(       ),返濟 ↔ 借( ),,用,用,
3급,108,2025-02-22,101,mean_W,다음 漢字語의 뜻을 쓰시오.,霧散,霧散,,안개가 걷히듯 흩어져 없어짐,안개가 걷히듯 흩어져 없어짐,
3급,108,2025-02-22,102,mean_W,다음 漢字語의 뜻을 쓰시오.,吉祥,吉祥,,운수가 좋을 조짐,운수가 좋을 조짐,
3급,108,2025-02-22,103,mean_W,다음 漢字語의 뜻을 쓰시오.,把指,把指,,손으로 쥠,손으로 쥠,
3급,108,2025-02-22,104,mean_W,다음 漢字語의 뜻을 쓰시오.,罷業,罷業,,하던 일을 중지함,하던 일을 중지함,
3급,108,2025-02-22,105,mean_W,다음 漢字語의 뜻을 쓰시오.,昔年,昔年,,여러 해 전,여러 해 전,
3급,108,2025-02-22,106,dongeumeo_W,다음 (         ) 속 단어의 同音異義語를 주어진 뜻에 맞게 漢字(正字)로 쓰시오.,(佳婦) - 의붓아버지.,(佳婦),,假父,假父,
3급,108,2025-02-22,107,dongeumeo_W,다음 (         ) 속 단어의 同音異義語를 주어진 뜻에 맞게 漢字(正字)로 쓰시오.,(各其) - 뿔로 만든 연장이나 장신구.,(各其),,角器,角器,
3급,108,2025-02-22,108,dongeumeo_W,다음 (         ) 속 단어의 同音異義語를 주어진 뜻에 맞게 漢字(正字)로 쓰시오.,(肝勞) - 샛길.,(肝勞),,間路,間路,
3급,108,2025-02-22,109,dongeumeo_W,다음 (         ) 속 단어의 同音異義語를 주어진 뜻에 맞게 漢字(正字)로 쓰시오.,(大忌) - 부대를 상징하는 기.,(大忌),,隊旗,隊旗,
3급,108,2025-02-22,110,dongeumeo_W,다음 (         ) 속 단어의 同音異義語를 주어진 뜻에 맞게 漢字(正字)로 쓰시오.,(河谷) - 여름에 익어서 거두는 곡식.,(河谷),,夏穀,夏穀,
3급,108,2025-02-22,111,seongeo_W,다음 ( ) 안에 알맞은 漢字를 적어 四字成語를 완성하시오.,一(    )濁水 : 한 마리의 물고기가 물을 흐림.,一( )濁水,,魚,魚,
3급,108,2025-02-22,112,seongeo_W,다음 ( ) 안에 알맞은 漢字를 적어 四字成語를 완성하시오.,脣亡( )寒 : 입술이 없으면 이가 시림.,脣亡( )寒,,齒,齒,
3급,108,2025-02-22,113,seongeo_W,다음 ( ) 안에 알맞은 漢字를 적어 四字成語를 완성하시오.,(    )八煩惱 : 사람의 마음속에 있는 엄청난 번뇌.,( )八煩惱,,百,百,
3급,108,2025-02-22,114,seongeo_W,다음 ( ) 안에 알맞은 漢字를 적어 四字成語를 완성하시오.,刻(    )難忘 : 은혜를 마음속에 깊이 새겨 잊지 아니함.,刻( )難忘,,骨,骨,
3급,108,2025-02-22,115,seongeo_W,다음 ( ) 안에 알맞은 漢字를 적어 四字成語를 완성하시오.,朋友有(    ) : 벗 사이에는 믿음이 있어야 함.,朋友有( ),,信,信,
3급,108,2025-02-22,116,seongeo_W,다음 ( ) 안에 알맞은 漢字를 적어 四字成語를 완성하시오.,牽(    )附會 : 이치에 맞지 않는 말을 억지로 끌어 붙여 자기에게 유리하게 함.,牽( )附會,,強,強,
3급,108,2025-02-22,117,seongeo_W,다음 ( ) 안에 알맞은 漢字를 적어 四字成語를 완성하시오.,綠楊芳(    ) : 푸른 버드나무와 향기로운 풀.,綠楊芳( ),,草,草,
3급,108,2025-02-22,118,seongeo_W,다음 ( ) 안에 알맞은 漢字를 적어 四字成語를 완성하시오.,傍若( )人 : 곁에 사람이 없는 것 같음.,傍若( )人,,無,無,
3급,108,2025-02-22,119,seongeo_W,다음 ( ) 안에 알맞은 漢字를 적어 四字成語를 완성하시오.,泥(    )鬪狗 : 진흙탕에서 싸우는 개.,泥( )鬪狗,,田,田,
3급,108,2025-02-22,120,seongeo_W,다음 ( ) 안에 알맞은 漢字를 적어 四字成語를 완성하시오.,塞翁之(    ) : 인생의 길흉화복은 예측하기가 어려움.,塞翁之( ),,馬,馬,
3급,108,2025-02-22,121,hanjaeo_W,다음 문장의 밑줄 친 漢字語를 正字의 漢字로 쓰시오.,대통령은 그날 밤늦게 금융실명제를 선포했다.,선포,,宣布,宣布,
3급,108,2025-02-22,122,hanjaeo_W,다음 문장의 밑줄 친 漢字語를 正字의 漢字로 쓰시오.,전통문화에는 민족의 얼이 담겨 있다.,민족,,民族,民族,
3급,108,2025-02-22,123,hanjaeo_W,다음 문장의 밑줄 친 漢字語를 正字의 漢字로 쓰시오.,그는 전통 무술의 계승자이다.,계승자,,繼承者,繼承者,
3급,108,2025-02-22,124,hanjaeo_W,다음 문장의 밑줄 친 漢字語를 正字의 漢字로 쓰시오.,저 사람이 이 방면의 연구를 위한 기초를 구축했다.,구축,,構築,構築,
3급,108,2025-02-22,125,hanjaeo_W,다음 문장의 밑줄 친 漢字語를 正字의 漢字로 쓰시오.,그렇게 급격하게 기압이 떨어질 줄은 예측할 수 없었다.,예측,,豫測,豫測,
3급,108,2025-02-22,126,hanjaeo_W,다음 문장의 밑줄 친 漢字語를 正字의 漢字로 쓰시오.,한복은 우리 고유의 전통 복식이다.,고유,,固有,固有,
3급,108,2025-02-22,127,hanjaeo_W,다음 문장의 밑줄 친 漢字語를 正字의 漢字로 쓰시오.,비록 군주라 할지라도 시대의 흐름을 거역할 수는 없다.,거역,,拒逆,拒逆,
3급,108,2025-02-22,128,hanjaeo_W,다음 문장의 밑줄 친 漢字語를 正字의 漢字로 쓰시오.,학문의 길을 걷는 것은 고독하다.,고독,,孤獨,孤獨,
3급,108,2025-02-22,129,hanjaeo_W,다음 문장의 밑줄 친 漢字語를 正字의 漢字로 쓰시오.,교수는 중간고사를 1주일 뒤로 연기했다.,연기,,延期,延期,
3급,108,2025-02-22,130,hanjaeo_W,다음 문장의 밑줄 친 漢字語를 正字의 漢字로 쓰시오.,면허를 딴 지 얼마 안 된 그녀는 운전에 서툴렀다.,운전,,運轉,運轉,
3급,108,2025-02-22,131,hanjaeo_W,다음 문장의 밑줄 친 漢字語를 正字의 漢字로 쓰시오.,그 제품의 원가와 판매가 사이의 차액이 너무 컸다.,차액,,差額,差額,
3급,108,2025-02-22,132,hanjaeo_W,다음 문장의 밑줄 친 漢字語를 正字의 漢字로 쓰시오.,도자기가 진품으로 판정되어 너무 기쁘다.,판정,,判定,判定,
3급,108,2025-02-22,133,hanjaeo_W,다음 문장의 밑줄 친 漢字語를 正字의 漢字로 쓰시오.,여러 정황으로 볼 때 그의 잘못이 분명했다.,정황,,情況,情況,
3급,108,2025-02-22,134,hanjaeo_W,다음 문장의 밑줄 친 漢字語를 正字의 漢字로 쓰시오.,우리는 그의 죽음이 비통하고 안타까웠다.,비통,,悲痛,悲痛,
3급,108,2025-02-22,135,hanjaeo_W,다음 문장의 밑줄 친 漢字語를 正字의 漢字로 쓰시오.,그의 부주의 때문에 기차가 선로에서 탈선했다.,탈선,,脫線,脫線,
3급,108,2025-02-22,136,hanjaeo_W,다음 문장의 밑줄 친 漢字語를 正字의 漢字로 쓰시오.,철수는 그녀를 만나기가 부담스러웠다.,부담,,負擔,負擔,
3급,108,2025-02-22,137,hanjaeo_W,다음 문장의 밑줄 친 漢字語를 正字의 漢字로 쓰시오.,이번 달은 추가 근무 수당을 더 받았다.,수당,,手當,手當,
3급,108,2025-02-22,138,hanjaeo_W,다음 문장의 밑줄 친 漢字語를 正字의 漢字로 쓰시오.,젊은이들은 촛불 대신 응원봉을 들고 시위에 참여하였다.,시위,,示威,示威,
3급,108,2025-02-22,139,hanjaeo_W,다음 문장의 밑줄 친 漢字語를 正字의 漢字로 쓰시오.,이 작품이 그의 작품 중에서 가장 걸작이다.,걸작,,傑作,傑作,
3급,108,2025-02-22,140,hanjaeo_W,다음 문장의 밑줄 친 漢字語를 正字의 漢字로 쓰시오.,사건 현장에서 채취된 시료는 곧 국과수로 보내졌다.,채취,,採取,採取,
3급,108,2025-02-22,141,hanjaeo_W,다음 문장의 밑줄 친 漢字語를 正字의 漢字로 쓰시오.,학생의 돌발적인 질문에 그가 기지 있게 답했다.,질문,,質問,質問,
3급,108,2025-02-22,142,hanjaeo_W,다음 문장의 밑줄 친 漢字語를 正字의 漢字로 쓰시오.,왕위 계승 문제가 결국 내란으로 이어졌다.,내란,,內亂,內亂,
3급,108,2025-02-22,143,hanjaeo_W,다음 문장의 밑줄 친 漢字語를 正字의 漢字로 쓰시오.,투타에서 맹활약한 그가 팀을 우승으로 이끌었다.,투타,,投打,投打,
3급,108,2025-02-22,144,hanjaeo_W,다음 문장의 밑줄 친 漢字語를 正字의 漢字로 쓰시오.,영광에서 잡힌 조기는 전량 궁중에 상납되었다.,상납,,上納,上納,
3급,108,2025-02-22,145,hanjaeo_W,다음 문장의 밑줄 친 漢字語를 正字의 漢字로 쓰시오.,독재에 대한 반발로 학생운동은 더욱 격렬히 일어났다.,격렬,,激烈,激烈,
3급,108,2025-02-22,146,hanjaeo_W,다음 문장의 밑줄 친 漢字語를 正字의 漢字로 쓰시오.,이번 사건으로 총리는 사의를 표명하였으나 수리되지 않았다.,사의,,辭意,辭意,
3급,108,2025-02-22,147,hanjaeo_W,다음 문장의 밑줄 친 漢字語를 正字의 漢字로 쓰시오.,비평가는 작가의 작품을 통하여 그의 세계관을 추론한다.,추론,,推論,推論,
3급,108,2025-02-22,148,hanjaeo_W,다음 문장의 밑줄 친 漢字語를 正字의 漢字로 쓰시오.,지호와 영희는 서로 의지하면서 살아왔다.,의지,,依支,依支,
3급,108,2025-02-22,149,hanjaeo_W,다음 문장의 밑줄 친 漢字語를 正字의 漢字로 쓰시오.,산불을 끄는 데 소방차 열 대가 급파됐다.,급파,,急派,急派,
3급,108,2025-02-22,150,hanjaeo_W,다음 문장의 밑줄 친 漢字語를 正字의 漢字로 쓰시오.,그는 험상궂은 표정으로 우리를 노려보았다.,험상,,險狀,險狀,
3급,109,2025-05-24,1,dokeum_W,다음 밑줄 친 漢字語의 讀音을 쓰시오.,보호 정책으로 철강 輸出이 어려워지고 있다.,輸出,,수출,수출,
3급,109,2025-05-24,2,dokeum_W,다음 밑줄 친 漢字語의 讀音을 쓰시오.,철수는 소송이 棄却 당하자 탄원서를 제출하기도 하였다.,棄却,,기각,기각,
3급,109,2025-05-24,3,dokeum_W,다음 밑줄 친 漢字語의 讀音을 쓰시오.,금리가 3%나 急騰하자 예금주들이 저축하기 시작한다.,急騰,,급등,급등,
3급,109,2025-05-24,4,dokeum_W,다음 밑줄 친 漢字語의 讀音을 쓰시오.,형은 일확천금에 대해 迷夢에서 깨어났다.,迷夢,,미몽,미몽,
3급,109,2025-05-24,5,dokeum_W,다음 밑줄 친 漢字語의 讀音을 쓰시오.,해커는 회사의 컴퓨터 시스템에 악성 바이러스를 浸透시켰다.,浸透,,침투,침투,
3급,109,2025-05-24,6,dokeum_W,다음 밑줄 친 漢字語의 讀音을 쓰시오.,가을이 되니 피부가 乾燥해서 몸이 근질근질하다.,乾燥,,건조,건조,
3급,109,2025-05-24,7,dokeum_W,다음 밑줄 친 漢字語의 讀音을 쓰시오.,그의 목소리는 抑揚이 없어서 졸린다.,抑揚,,억양,억양,
3급,109,2025-05-24,8,dokeum_W,다음 밑줄 친 漢字語의 讀音을 쓰시오.,내가 다음 학기에는 논문 작성에만 沒頭하기로 했다.,沒頭,,몰두,몰두,
3급,109,2025-05-24,9,dokeum_W,다음 밑줄 친 漢字語의 讀音을 쓰시오.,몇몇 사원들의 사표는 返還되었다.,返還,,반환,반환,
3급,109,2025-05-24,10,dokeum_W,다음 밑줄 친 漢字語의 讀音을 쓰시오.,해삼은 겉에 많은 突起가 있다.,突起,,돌기,돌기,
3급,109,2025-05-24,11,dokeum_W,다음 밑줄 친 漢字語의 讀音을 쓰시오.,그는 포도주 한 모금을 혀끝에 놓고 굴리면서 그 맛을 오랫동안 吟味를 했다.,吟味,,음미,음미,
3급,109,2025-05-24,12,dokeum_W,다음 밑줄 친 漢字語의 讀音을 쓰시오.,데카르트의 幾何는 수식화에 중점을 두었다.,幾何,,기하,기하,
3급,109,2025-05-24,13,dokeum_W,다음 밑줄 친 漢字語의 讀音을 쓰시오.,홍수로 하천의 犯濫이 우려되고 있다.,犯濫,,범람,범람,
3급,109,2025-05-24,14,dokeum_W,다음 밑줄 친 漢字語의 讀音을 쓰시오.,그는 우리의 고유한 전통과 가치 의식이 더 이상 서구의 저질 문화에 侮辱당하는 일이 있어서는 안 된다고 역설했다.,侮辱,,모욕,모욕,
3급,109,2025-05-24,15,dokeum_W,다음 밑줄 친 漢字語의 讀音을 쓰시오.,정부는 뇌물을 받은 박 비서를 비서관직에서 罷免시켰다.,罷免,,파면,파면,
3급,109,2025-05-24,16,dokeum_W,다음 밑줄 친 漢字語의 讀音을 쓰시오.,정신문화가 물질문명과 均衡되게 발달하는 나라는 드물다.,均衡,,균형,균형,
3급,109,2025-05-24,17,dokeum_W,다음 밑줄 친 漢字語의 讀音을 쓰시오.,경찰은 조금이라도 수상한 기미가 보이면 굴욕에 가까운 몸 搜索을 했다.,搜索,,수색,수색,
3급,109,2025-05-24,18,dokeum_W,다음 밑줄 친 漢字語의 讀音을 쓰시오.,옛날 사람들은 주로 封墳을 하고 장례를 치렀다.,封墳,,봉분,봉분,
3급,109,2025-05-24,19,dokeum_W,다음 밑줄 친 漢字語의 讀音을 쓰시오.,오지에서 疾病을 치료하려는 의사가 점점 줄고 있다.,疾病,,질병,질병,
3급,109,2025-05-24,20,dokeum_W,다음 밑줄 친 漢字語의 讀音을 쓰시오.,"우리는 고지에서 쏟아붓는 비비탄을 피해 아군의 엄호를 받으며 약진, 풀숲에 埋伏해 있다.",埋伏,,매복,매복,
3급,109,2025-05-24,21,dokeum_W,다음 漢字語의 讀音을 쓰시오.,崩壞,崩壞,,붕괴,붕괴,
3급,109,2025-05-24,22,dokeum_W,다음 漢字語의 讀音을 쓰시오.,追伸,追伸,,추신,추신,
3급,109,2025-05-24,23,dokeum_W,다음 漢字語의 讀音을 쓰시오.,模倣,模倣,,모방,모방,
3급,109,2025-05-24,24,dokeum_W,다음 漢字語의 讀音을 쓰시오.,循環,循環,,순환,순환,
3급,109,2025-05-24,25,dokeum_W,다음 漢字語의 讀音을 쓰시오.,凝縮,凝縮,,응축,응축,
3급,109,2025-05-24,26,dokeum_W,다음 漢字語의 讀音을 쓰시오.,毁損,毁損,,훼손,훼손,
3급,109,2025-05-24,27,dokeum_W,다음 漢字語의 讀音을 쓰시오.,脫臭,脫臭,,탈취,탈취,
3급,109,2025-05-24,28,dokeum_W,다음 漢字語의 讀音을 쓰시오.,疑懼,疑懼,,의구,의구,
3급,109,2025-05-24,29,dokeum_W,다음 漢字語의 讀音을 쓰시오.,汚染,汚染,,오염,오염,
3급,109,2025-05-24,30,dokeum_W,다음 漢字語의 讀音을 쓰시오.,煩雜,煩雜,,번잡,번잡,
3급,109,2025-05-24,31,dokeum_W,다음 漢字語의 讀音을 쓰시오.,貪慾,貪慾,,탐욕,탐욕,
3급,109,2025-05-24,32,dokeum_W,다음 漢字語의 讀音을 쓰시오.,驅逐,驅逐,,구축,구축,
3급,109,2025-05-24,33,dokeum_W,다음 漢字語의 讀音을 쓰시오.,閱覽,閱覽,,열람,열람,
3급,109,2025-05-24,34,dokeum_W,다음 漢字語의 讀音을 쓰시오.,渴求,渴求,,갈구,갈구,
3급,109,2025-05-24,35,dokeum_W,다음 漢字語의 讀音을 쓰시오.,補佐,補佐,,보좌,보좌,
3급,109,2025-05-24,36,dokeum_W,다음 漢字語의 讀音을 쓰시오.,遲滯,遲滯,,지체,지체,
3급,109,2025-05-24,37,dokeum_W,다음 漢字語의 讀音을 쓰시오.,傲慢,傲慢,,오만,오만,
3급,109,2025-05-24,38,dokeum_W,다음 漢字語의 讀音을 쓰시오.,奴隷,奴隷,,노예,노예,
3급,109,2025-05-24,39,dokeum_W,다음 漢字語의 讀音을 쓰시오.,謹嚴,謹嚴,,근엄,근엄,
3급,109,2025-05-24,40,dokeum_W,다음 漢字語의 讀音을 쓰시오.,拙劣,拙劣,,졸렬,졸렬,
3급,109,2025-05-24,41,dokeum_W,다음 漢字語의 讀音을 쓰시오.,寄贈,寄贈,,기증,기증,
3급,109,2025-05-24,42,dokeum_W,다음 漢字語의 讀音을 쓰시오.,抱擁,抱擁,,포옹,포옹,
3급,109,2025-05-24,43,dokeum_W,다음 漢字語의 讀音을 쓰시오.,冒險,冒險,,모험,모험,
3급,109,2025-05-24,44,dokeum_W,다음 漢字語의 讀音을 쓰시오.,浪漫,浪漫,,낭만,낭만,
3급,109,2025-05-24,45,dokeum_W,다음 漢字語의 讀音을 쓰시오.,廉探,廉探,,염탐,염탐,
3급,109,2025-05-24,46,huneum_W,다음 漢字의 訓과 音을 쓰시오.,墮,墮,,떨어질 타,떨어질 타,
3급,109,2025-05-24,47,huneum_W,다음 漢字의 訓과 音을 쓰시오.,絹,絹,,비단 견,비단 견,
3급,109,2025-05-24,48,huneum_W,다음 漢字의 訓과 音을 쓰시오.,怪,怪,,괴이할 괴,괴이할 괴,
3급,109,2025-05-24,49,huneum_W,다음 漢字의 訓과 音을 쓰시오.,遂,遂,,드디어 수,드디어 수,
3급,109,2025-05-24,50,huneum_W,다음 漢字의 訓과 音을 쓰시오.,俊,俊,,준걸 준,준걸 준,
3급,109,2025-05-24,51,huneum_W,다음 漢字의 訓과 音을 쓰시오.,肥,肥,,살찔 비,살찔 비,
3급,109,2025-05-24,52,huneum_W,다음 漢字의 訓과 音을 쓰시오.,頻,頻,,자주 빈,자주 빈,
3급,109,2025-05-24,53,huneum_W,다음 漢字의 訓과 音을 쓰시오.,堤,堤,,둑 제,둑 제,
3급,109,2025-05-24,54,huneum_W,다음 漢字의 訓과 音을 쓰시오.,肯,肯,,즐길 긍,즐길 긍,
3급,109,2025-05-24,55,huneum_W,다음 漢字의 訓과 音을 쓰시오.,敏,敏,,민첩할 민,민첩할 민,
3급,109,2025-05-24,56,huneum_W,다음 漢字의 訓과 音을 쓰시오.,墻,墻,,담 장,담 장,
3급,109,2025-05-24,57,huneum_W,다음 漢字의 訓과 音을 쓰시오.,緊,緊,,긴할 긴,긴할 긴,
3급,109,2025-05-24,58,huneum_W,다음 漢字의 訓과 音을 쓰시오.,乞,乞,,빌 걸,빌 걸,
3급,109,2025-05-24,59,huneum_W,다음 漢字의 訓과 音을 쓰시오.,錯,錯,,어긋날 착,어긋날 착,
3급,109,2025-05-24,60,huneum_W,다음 漢字의 訓과 音을 쓰시오.,該,該,,갖출[備]/마땅[當] 해,갖출[備]/마땅[當] 해,
3급,109,2025-05-24,61,huneum_W,다음 漢字의 訓과 音을 쓰시오.,販,販,,팔[賣] 판,팔[賣] 판,
3급,109,2025-05-24,62,huneum_W,다음 漢字의 訓과 音을 쓰시오.,藏,藏,,감출 장,감출 장,
3급,109,2025-05-24,63,huneum_W,다음 漢字의 訓과 音을 쓰시오.,亥,亥,,돼지 해,돼지 해,
3급,109,2025-05-24,64,huneum_W,다음 漢字의 訓과 音을 쓰시오.,賴,賴,,의뢰할 뢰,의뢰할 뢰,
3급,109,2025-05-24,65,huneum_W,다음 漢字의 訓과 音을 쓰시오.,餓,餓,,주릴 아,주릴 아,
3급,109,2025-05-24,66,huneum_W,다음 漢字의 訓과 音을 쓰시오.,溪,溪,,시내 계,시내 계,
3급,109,2025-05-24,67,huneum_W,다음 漢字의 訓과 音을 쓰시오.,濯,濯,,씻을 탁,씻을 탁,
3급,109,2025-05-24,68,huneum_W,다음 漢字의 訓과 音을 쓰시오.,銳,銳,,날카로울 예,날카로울 예,
3급,109,2025-05-24,69,huneum_W,다음 漢字의 訓과 音을 쓰시오.,旣,旣,,이미 기,이미 기,
3급,109,2025-05-24,70,huneum_W,다음 漢字의 訓과 音을 쓰시오.,携,携,,이끌 휴,이끌 휴,
3급,109,2025-05-24,71,huneum_W,다음 漢字의 訓과 音을 쓰시오.,嘗,嘗,,맛볼 상,맛볼 상,
3급,109,2025-05-24,72,huneum_W,다음 漢字의 訓과 音을 쓰시오.,毫,毫,,터럭 호,터럭 호,
3급,109,2025-05-24,73,busu_W,다음 漢字의 部首를 쓰시오.,乃,乃,,丿,丿,
3급,109,2025-05-24,74,busu_W,다음 漢字의 部首를 쓰시오.,雖,雖,,隹,隹,
3급,109,2025-05-24,75,busu_W,다음 漢字의 部首를 쓰시오.,孰,孰,,子,子,
3급,109,2025-05-24,76,busu_W,다음 漢字의 部首를 쓰시오.,翁,翁,,羽,羽,
3급,109,2025-05-24,77,busu_W,다음 漢字의 部首를 쓰시오.,互,互,,二,二,
3급,109,2025-05-24,78,yakja_W,다음 漢字의 略字를 쓰시오.,歸,歸,,帰,帰,
3급,109,2025-05-24,79,yakja_W,다음 漢字의 略字를 쓰시오.,從,從,,从 従,从 従,
3급,109,2025-05-24,80,yakja_W,다음 漢字의 略字를 쓰시오.,堅,堅,,坚,坚,
3급,109,2025-05-24,81,jangeum_S,다음 漢字語 중 첫소리가 長音인 것을 가려 그 번호를 쓰시오.,,,"[""① 經營"", ""② 競泳""]",②,② 競泳,
3급,109,2025-05-24,82,jangeum_S,다음 漢字語 중 첫소리가 長音인 것을 가려 그 번호를 쓰시오.,,,"[""① 附帶"", ""② 部隊""]",①,① 附帶,
3급,109,2025-05-24,83,jangeum_S,다음 漢字語 중 첫소리가 長音인 것을 가려 그 번호를 쓰시오.,,,"[""① 負傷"", ""② 父喪""]",①,① 負傷,
3급,109,2025-05-24,84,jangeum_S,다음 漢字語 중 첫소리가 長音인 것을 가려 그 번호를 쓰시오.,,,"[""① 士氣"", ""② 詐欺""]",①,① 士氣,
3급,109,2025-05-24,85,jangeum_S,다음 漢字語 중 첫소리가 長音인 것을 가려 그 번호를 쓰시오.,,,"[""① 境界"", ""② 警戒""]",②,② 警戒,
3급,109,2025-05-24,86,yui_W,다음 (      ) 안에 밑줄 친 漢字와 뜻이 같거나 비슷한 漢字를 正字로 적어 문장을 완성하시오.,요리의 맛을 더하기 위해 향신료를 添( )하였다.,添( ),,加,加,
3급,109,2025-05-24,87,yui_W,다음 (      ) 안에 밑줄 친 漢字와 뜻이 같거나 비슷한 漢字를 正字로 적어 문장을 완성하시오.,어느 특정한 사관에 (     )倒되면 부작용이 커질 수 있다.,( )倒,,傾,傾,
3급,109,2025-05-24,88,yui_W,다음 (      ) 안에 밑줄 친 漢字와 뜻이 같거나 비슷한 漢字를 正字로 적어 문장을 완성하시오.,그는 작전상 (    )殊 부대에 합류되었다.,( )殊,,特,特,
3급,109,2025-05-24,89,yui_W,다음 (      ) 안에 밑줄 친 漢字와 뜻이 같거나 비슷한 漢字를 正字로 적어 문장을 완성하시오.,그들이 대문 안으로 들어서니 마당에는 賓(     )으로 가득했다.,賓( ),,客,客,
3급,109,2025-05-24,90,yui_W,다음 (      ) 안에 밑줄 친 漢字와 뜻이 같거나 비슷한 漢字를 正字로 적어 문장을 완성하시오.,그런 稀(   ) 상품들은 점점 가격이 오를 것이다.,稀( ),,少,少,
3급,109,2025-05-24,91,banui_W,다음 (      ) 안에 밑줄 친 漢字와 뜻이 상대(또는 반대)되는 漢字를 正字로 적어 문장을 완성하시오.,사장은 직원들의 (     )弔를 확실히 챙겨 보았다.,( )弔,,慶,慶,
3급,109,2025-05-24,92,banui_W,다음 (      ) 안에 밑줄 친 漢字와 뜻이 상대(또는 반대)되는 漢字를 正字로 적어 문장을 완성하시오.,금융 위기로 우리 회사는 (          )廢의 위기에 처하게 되었다.,( )廢,,存,存,
3급,109,2025-05-24,93,banui_W,다음 (      ) 안에 밑줄 친 漢字와 뜻이 상대(또는 반대)되는 漢字를 正字로 적어 문장을 완성하시오.,그의 주장은 아직도 (       )僞가 가려지지 않고 있다.,( )僞,,眞,眞,
3급,109,2025-05-24,94,banui_W,다음 (      ) 안에 밑줄 친 漢字와 뜻이 상대(또는 반대)되는 漢字를 正字로 적어 문장을 완성하시오.,이번 안건의 (   )捨를 회장에게 전적으로 일임했다.,( )捨,,取,取,
3급,109,2025-05-24,95,banui_W,다음 (      ) 안에 밑줄 친 漢字와 뜻이 상대(또는 반대)되는 漢字를 正字로 적어 문장을 완성하시오.,이번 달에는 생필품 需(        )이 균형을 이뤘다.,需( ),,給,給,
3급,109,2025-05-24,96,banuieo_W,다음 두 쌍의 漢字語가 상대(또는 반대) 관계가 되도록 (            ) 안에 알맞은 漢字(正字)를 쓰시오.,( )憲 ↔ 違憲,( )憲 ↔ 違憲,,合,合,
3급,109,2025-05-24,97,banuieo_W,다음 두 쌍의 漢字語가 상대(또는 반대) 관계가 되도록 (            ) 안에 알맞은 漢字(正字)를 쓰시오.,( )了 ↔ 開始,( )了 ↔ 開始,,終,終,
3급,109,2025-05-24,98,banuieo_W,다음 두 쌍의 漢字語가 상대(또는 반대) 관계가 되도록 (            ) 안에 알맞은 漢字(正字)를 쓰시오.,憐憫 ↔ 憎(      ),憐憫 ↔ 憎( ),,惡,惡,
3급,109,2025-05-24,99,banuieo_W,다음 두 쌍의 漢字語가 상대(또는 반대) 관계가 되도록 (            ) 안에 알맞은 漢字(正字)를 쓰시오.,( )心 ↔ 郊外,( )心 ↔ 郊外,,都,都,
3급,109,2025-05-24,100,banuieo_W,다음 두 쌍의 漢字語가 상대(또는 반대) 관계가 되도록 (            ) 안에 알맞은 漢字(正字)를 쓰시오.,(   )運 ↔ 厄運,( )運 ↔ 厄運,,吉,吉,
3급,109,2025-05-24,101,mean_W,다음 漢字語의 뜻을 쓰시오.,貝物,貝物,,"산호, 호박, 수정, 대모 따위로 만든 값진 물건.","산호, 호박, 수정, 대모 따위로 만든 값진 물건.",
3급,109,2025-05-24,102,mean_W,다음 漢字語의 뜻을 쓰시오.,路肩,路肩,,길어깨/갓길,길어깨/갓길,
3급,109,2025-05-24,103,mean_W,다음 漢字語의 뜻을 쓰시오.,遍歷,遍歷,,여러 가지 경험을 함.,여러 가지 경험을 함.,
3급,109,2025-05-24,104,mean_W,다음 漢字語의 뜻을 쓰시오.,下賜,下賜,,"임금이 신하에게, 또는 윗사람이 아랫사람에게 물건을 줌.","임금이 신하에게, 또는 윗사람이 아랫사람에게 물건을 줌.",
3급,109,2025-05-24,105,mean_W,다음 漢字語의 뜻을 쓰시오.,曉霧,曉霧,,새벽녘에 끼는 안개.,새벽녘에 끼는 안개.,
3급,109,2025-05-24,106,dongeumeo_W,다음 (       ) 속 단어의 同音異義語를 주어진 뜻에 맞게 漢字(正字)로 쓰시오.,(上衣) - 어떤 일을 서로 의논함.,(上衣),,相議,相議,
3급,109,2025-05-24,107,dongeumeo_W,다음 (       ) 속 단어의 同音異義語를 주어진 뜻에 맞게 漢字(正字)로 쓰시오.,(衆志) - 하던 일을 중도에서 그만둠.,(衆志),,中止,中止,
3급,109,2025-05-24,108,dongeumeo_W,다음 (       ) 속 단어의 同音異義語를 주어진 뜻에 맞게 漢字(正字)로 쓰시오.,(寒家) - 겨를이 생겨 여유가 있음.,(寒家),,閑暇,閑暇,
3급,109,2025-05-24,109,dongeumeo_W,다음 (       ) 속 단어의 同音異義語를 주어진 뜻에 맞게 漢字(正字)로 쓰시오.,(獨寢) - 독을 묻힌 바늘이나 침.,(獨寢),,毒針,毒針,
3급,109,2025-05-24,110,dongeumeo_W,다음 (       ) 속 단어의 同音異義語를 주어진 뜻에 맞게 漢字(正字)로 쓰시오.,(塗被) - 도망하여 몸을 피함.,(塗被),,逃避,逃避,
3급,109,2025-05-24,111,seongeo_W,다음 ( ) 안에 알맞은 漢字를 적어 四字成語를 완성하시오.,昏定晨(    ) : 밤에는 부모의 잠자리를 보아 드리고 이른 아침에는 부모의 밤새 안부를 여쭘.,昏定晨( ),,省,省,
3급,109,2025-05-24,112,seongeo_W,다음 ( ) 안에 알맞은 漢字를 적어 四字成語를 완성하시오.,(    )恩忘德 : 남에게 입은 은혜를 저버리고 은덕을 잊음.,( )恩忘德,,背,背,
3급,109,2025-05-24,113,seongeo_W,다음 ( ) 안에 알맞은 漢字를 적어 四字成語를 완성하시오.,群(    )一鶴 : 닭의 무리 가운데에서 한 마리의 학.,群( )一鶴,,鷄,鷄,
3급,109,2025-05-24,114,seongeo_W,다음 ( ) 안에 알맞은 漢字를 적어 四字成語를 완성하시오.,(    )掌大笑 : 손뼉을 치며 크게 웃음.,( )掌大笑,,拍,拍,
3급,109,2025-05-24,115,seongeo_W,다음 ( ) 안에 알맞은 漢字를 적어 四字成語를 완성하시오.,(    )蜜腹劍 : 입에는 꿀이 있고 배 속에는 칼이 있음.,( )蜜腹劍,,口,口,
3급,109,2025-05-24,116,seongeo_W,다음 ( ) 안에 알맞은 漢字를 적어 四字成語를 완성하시오.,"晝耕( )讀 : 낮에는 농사짓고, 밤에는 글을 읽음.",晝耕( )讀,,夜,夜,
3급,109,2025-05-24,117,seongeo_W,다음 ( ) 안에 알맞은 漢字를 적어 四字成語를 완성하시오.,綠楊芳(    ) : 푸른 버드나무와 향기로운 풀.,綠楊芳( ),,草,草,
3급,109,2025-05-24,118,seongeo_W,다음 ( ) 안에 알맞은 漢字를 적어 四字成語를 완성하시오.,苦(    )甘來 : 쓴 것이 다하면 단 것이 옴.,苦( )甘來,,盡,盡,
3급,109,2025-05-24,119,seongeo_W,다음 ( ) 안에 알맞은 漢字를 적어 四字成語를 완성하시오.,傍若( )人 : 곁에 사람이 없는 것 같음.,傍若( )人,,無,無,
3급,109,2025-05-24,120,seongeo_W,다음 ( ) 안에 알맞은 漢字를 적어 四字成語를 완성하시오.,(    )令暮改 : 아침에 명령을 내렸다가 저녁에 다시 고침.,( )令暮改,,朝,朝,
3급,109,2025-05-24,121,hanjaeo_W,다음 문장의 밑줄 친 漢字語를 正字의 漢字로 쓰시오.,취직을 하고 집을 장만하자 곧 혼례를 치렀다.,혼례,,婚禮,婚禮,
3급,109,2025-05-24,122,hanjaeo_W,다음 문장의 밑줄 친 漢字語를 正字의 漢字로 쓰시오.,진위가 판별되기까지는 많은 시간과 노력이 필요하다.,판별,,判別,判別,
3급,109,2025-05-24,123,hanjaeo_W,다음 문장의 밑줄 친 漢字語를 正字의 漢字로 쓰시오.,그가 쓴 평론을 읽어보면 그의 해박한 지식이 드러난다.,평론,,評論,評論,
3급,109,2025-05-24,124,hanjaeo_W,다음 문장의 밑줄 친 漢字語를 正字의 漢字로 쓰시오.,국민에게는 납세의 의무가 있다.,납세,,納稅,納稅,
3급,109,2025-05-24,125,hanjaeo_W,다음 문장의 밑줄 친 漢字語를 正字의 漢字로 쓰시오.,우리 민족은 전쟁으로 인해 단장의 슬픔을 자주 겪었다.,민족,,民族,民族,
3급,109,2025-05-24,126,hanjaeo_W,다음 문장의 밑줄 친 漢字語를 正字의 漢字로 쓰시오.,그 기관은 젊은이들의 문화사업을 지원하는 일을 한다.,지원,,支援,支援,
3급,109,2025-05-24,127,hanjaeo_W,다음 문장의 밑줄 친 漢字語를 正字의 漢字로 쓰시오.,한민족의 얼은 태극 문양으로 표상되고 있다.,표상,,表象,表象,
3급,109,2025-05-24,128,hanjaeo_W,다음 문장의 밑줄 친 漢字語를 正字의 漢字로 쓰시오.,한국 굴지의 실업가로 성장했다.,성장,,成長,成長,
3급,109,2025-05-24,129,hanjaeo_W,다음 문장의 밑줄 친 漢字語를 正字의 漢字로 쓰시오.,경찰들은 흥분한 관중을 강제로 해산시켰다.,해산,,解散,解散,
3급,109,2025-05-24,130,hanjaeo_W,다음 문장의 밑줄 친 漢字語를 正字의 漢字로 쓰시오.,천연자원의 보고인 바다가 점점 오염되고 있다.,보고,,寶庫,寶庫,
3급,109,2025-05-24,131,hanjaeo_W,다음 문장의 밑줄 친 漢字語를 正字의 漢字로 쓰시오.,고려군은 다시 전열을 정비하고 공격에 나섰다.,정비,,整備,整備,
3급,109,2025-05-24,132,hanjaeo_W,다음 문장의 밑줄 친 漢字語를 正字의 漢字로 쓰시오.,근래에 주요 인사들을 도청하는 사례가 늘고 있다.,도청,,盜聽,盜聽,
3급,109,2025-05-24,133,hanjaeo_W,다음 문장의 밑줄 친 漢字語를 正字의 漢字로 쓰시오.,그는 사건 현장에 첩보원으로 밀파되었다.,밀파,,密派,密派,
3급,109,2025-05-24,134,hanjaeo_W,다음 문장의 밑줄 친 漢字語를 正字의 漢字로 쓰시오.,공사 도중 철도가 잘못 폭파되어 전국이 발칵 뒤집혔다.,폭파,,爆破,爆破,
3급,109,2025-05-24,135,hanjaeo_W,다음 문장의 밑줄 친 漢字語를 正字의 漢字로 쓰시오.,그는 자신의 종교적 체험을 간증하면서 전국을 누볐다.,간증,,干證,干證,
3급,109,2025-05-24,136,hanjaeo_W,다음 문장의 밑줄 친 漢字語를 正字의 漢字로 쓰시오.,아이의 방은 마구 내던져 둔 책과 옷가지들로 혼란했다.,혼란,,混亂,混亂,
3급,109,2025-05-24,137,hanjaeo_W,다음 문장의 밑줄 친 漢字語를 正字의 漢字로 쓰시오.,명사를 초청하여 강연회를 열었다.,초청,,招請,招請,
3급,109,2025-05-24,138,hanjaeo_W,다음 문장의 밑줄 친 漢字語를 正字의 漢字로 쓰시오.,정부는 상암동 경기장의 관리를 문화부로 이관시켰다.,이관,,移管,移管,
3급,109,2025-05-24,139,hanjaeo_W,다음 문장의 밑줄 친 漢字語를 正字의 漢字로 쓰시오.,여름에는 모공이 크게 열리기 때문에 외출 후에 팩을 하는 것이 좋다.,모공,,毛孔,毛孔,
3급,109,2025-05-24,140,hanjaeo_W,다음 문장의 밑줄 친 漢字語를 正字의 漢字로 쓰시오.,수도관 교체 공사로 단수는 이미 일주일 전부터 예보되었던 일이다.,예보,,豫報,豫報,
3급,109,2025-05-24,141,hanjaeo_W,다음 문장의 밑줄 친 漢字語를 正字의 漢字로 쓰시오.,그 회사의 자산은 전부 얼마이냐?,자산,,資産,資産,
3급,109,2025-05-24,142,hanjaeo_W,다음 문장의 밑줄 친 漢字語를 正字의 漢字로 쓰시오.,성군은 현명한 신하와 간신배를 구별할 줄 알아야 한다.,성군,,聖君,聖君,
3급,109,2025-05-24,143,hanjaeo_W,다음 문장의 밑줄 친 漢字語를 正字의 漢字로 쓰시오.,회장에 당선되자마자 전권을 손아귀에 넣었다.,당선,,當選,當選,
3급,109,2025-05-24,144,hanjaeo_W,다음 문장의 밑줄 친 漢字語를 正字의 漢字로 쓰시오.,인공위성은 궤도를 따라 지구 주위를 돌고 있다.,주위,,周圍,周圍,
3급,109,2025-05-24,145,hanjaeo_W,다음 문장의 밑줄 친 漢字語를 正字의 漢字로 쓰시오.,그는 국제 영화제에서 여러 번 남우 주연상을 수상한 유명한 배우이다.,남우,,男優,男優,
3급,109,2025-05-24,146,hanjaeo_W,다음 문장의 밑줄 친 漢字語를 正字의 漢字로 쓰시오.,광맥을 발견하자마자 곧장 채굴을 시작하였다.,발견,,發見,發見,
3급,109,2025-05-24,147,hanjaeo_W,다음 문장의 밑줄 친 漢字語를 正字의 漢字로 쓰시오.,그의 생활신조는 검약과 근면이다.,신조,,信條,信條,
3급,109,2025-05-24,148,hanjaeo_W,다음 문장의 밑줄 친 漢字語를 正字의 漢字로 쓰시오.,그는 가발 만드는 일을 하면서 돈을 번다.,가발,,假髮,假髮,
3급,109,2025-05-24,149,hanjaeo_W,다음 문장의 밑줄 친 漢字語를 正字의 漢字로 쓰시오.,환호를 받으며 가수는 공연장을 떠났다.,환호,,歡呼,歡呼,
3급,109,2025-05-24,150,hanjaeo_W,다음 문장의 밑줄 친 漢字語를 正字의 漢字로 쓰시오.,검사는 나에게 답변을 채근했다.,채근,,採根,採根,
3급,110,2025-08-23,1,dokeum_W,다음 밑줄 친 漢字語의 讀音을 쓰시오.,지난봄부터 두 사람의 관계에 龜裂이 가기 시작했다.,龜裂,,균열,균열,
3급,110,2025-08-23,2,dokeum_W,다음 밑줄 친 漢字語의 讀音을 쓰시오.,그는 어린 나이답지 않은 該博한 지식으로 사람들을 놀라게 했다.,該博,,해박,해박,
3급,110,2025-08-23,3,dokeum_W,다음 밑줄 친 漢字語의 讀音을 쓰시오.,자식은 부모님의 寶貝스러운 보물이다.,寶貝,,보배,보배,
3급,110,2025-08-23,4,dokeum_W,다음 밑줄 친 漢字語의 讀音을 쓰시오.,검찰은 피의자의 가택을 搜索하도록 지시했다.,搜索,,수색,수색,
3급,110,2025-08-23,5,dokeum_W,다음 밑줄 친 漢字語의 讀音을 쓰시오.,그들은 屢次에 걸친 만남으로 어느 정도 친해졌다.,屢次,,누차,누차,
3급,110,2025-08-23,6,dokeum_W,다음 밑줄 친 漢字語의 讀音을 쓰시오.,비슷한 성질의 것들을 辨別하기란 여간 힘든 일이 아니다.,辨別,,변별,변별,
3급,110,2025-08-23,7,dokeum_W,다음 밑줄 친 漢字語의 讀音을 쓰시오.,우리나라를 국빈 방문한 이웃 나라 대통령은 제일 먼저 의장대를 査閱했다.,査閱,,사열,사열,
3급,110,2025-08-23,8,dokeum_W,다음 밑줄 친 漢字語의 讀音을 쓰시오.,아이의 눈동자는 햇빛을 받아 영롱한 光輝를 발했다.,光輝,,광휘,광휘,
3급,110,2025-08-23,9,dokeum_W,다음 밑줄 친 漢字語의 讀音을 쓰시오.,농부들이 메밀밭에 메밀을 播種했다.,播種,,파종,파종,
3급,110,2025-08-23,10,dokeum_W,다음 밑줄 친 漢字語의 讀音을 쓰시오.,그는 많은 來賓 앞에서 쇼팽의 왈츠를 연주했다.,來賓,,내빈,내빈,
3급,110,2025-08-23,11,dokeum_W,다음 밑줄 친 漢字語의 讀音을 쓰시오.,수자원 枯渴 또한 당면한 중요 환경 문제임을 고려해야 한다.,枯渴,,고갈,고갈,
3급,110,2025-08-23,12,dokeum_W,다음 밑줄 친 漢字語의 讀音을 쓰시오.,그의 행동은 내게 참을 수 없는 侮辱이었다.,侮辱,,모욕,모욕,
3급,110,2025-08-23,13,dokeum_W,다음 밑줄 친 漢字語의 讀音을 쓰시오.,強隣들 사이에 낀 약소국들은 많은 수난의 세월을 보냈다.,強隣,,강린,강린,
3급,110,2025-08-23,14,dokeum_W,다음 밑줄 친 漢字語의 讀音을 쓰시오.,그녀는 학교에서 庶務를 담당하고 있다.,庶務,,서무,서무,
3급,110,2025-08-23,15,dokeum_W,다음 밑줄 친 漢字語의 讀音을 쓰시오.,방송국 관계자들은 인기 연예인의 涉外에 열을 올리고 있다.,涉外,,섭외,섭외,
3급,110,2025-08-23,16,dokeum_W,다음 밑줄 친 漢字語의 讀音을 쓰시오.,그는 지은 죄에 비해 너무나도 가혹한 懲罰을 받았다.,懲罰,,징벌,징벌,
3급,110,2025-08-23,17,dokeum_W,다음 밑줄 친 漢字語의 讀音을 쓰시오.,이번 파업은 정부의 중재로 원만하게 妥結되었다.,妥結,,타결,타결,
3급,110,2025-08-23,18,dokeum_W,다음 밑줄 친 漢字語의 讀音을 쓰시오.,죄 없는 백성들이 掠奪을 당했다.,掠奪,,약탈,약탈,
3급,110,2025-08-23,19,dokeum_W,다음 밑줄 친 漢字語의 讀音을 쓰시오.,전쟁의 慘狀은 이루 말할 수가 없다.,慘狀,,참상,참상,
3급,110,2025-08-23,20,dokeum_W,다음 밑줄 친 漢字語의 讀音을 쓰시오.,몰지각한 사람들이 울창했던 송림을 濫伐하였다.,濫伐,,남벌,남벌,
3급,110,2025-08-23,21,dokeum_W,다음 漢字語의 讀音을 쓰시오.,推薦,推薦,,추천,추천,
3급,110,2025-08-23,22,dokeum_W,다음 漢字語의 讀音을 쓰시오.,抄書,抄書,,초서,초서,
3급,110,2025-08-23,23,dokeum_W,다음 漢字語의 讀音을 쓰시오.,凝視,凝視,,응시,응시,
3급,110,2025-08-23,24,dokeum_W,다음 漢字語의 讀音을 쓰시오.,交替,交替,,교체,교체,
3급,110,2025-08-23,25,dokeum_W,다음 漢字語의 讀音을 쓰시오.,挑發,挑發,,도발,도발,
3급,110,2025-08-23,26,dokeum_W,다음 漢字語의 讀音을 쓰시오.,拙策,拙策,,졸책,졸책,
3급,110,2025-08-23,27,dokeum_W,다음 漢字語의 讀音을 쓰시오.,爵號,爵號,,작호,작호,
3급,110,2025-08-23,28,dokeum_W,다음 漢字語의 讀音을 쓰시오.,醜雜,醜雜,,추잡,추잡,
3급,110,2025-08-23,29,dokeum_W,다음 漢字語의 讀音을 쓰시오.,塗料,塗料,,도료,도료,
3급,110,2025-08-23,30,dokeum_W,다음 漢字語의 讀音을 쓰시오.,糾彈,糾彈,,규탄,규탄,
3급,110,2025-08-23,31,dokeum_W,다음 漢字語의 讀音을 쓰시오.,城郭,城郭,,성곽,성곽,
3급,110,2025-08-23,32,dokeum_W,다음 漢字語의 讀音을 쓰시오.,漂流,漂流,,표류,표류,
3급,110,2025-08-23,33,dokeum_W,다음 漢字語의 讀音을 쓰시오.,飜覆,飜覆,,번복,번복,
3급,110,2025-08-23,34,dokeum_W,다음 漢字語의 讀音을 쓰시오.,諒解,諒解,,양해,양해,
3급,110,2025-08-23,35,dokeum_W,다음 漢字語의 讀音을 쓰시오.,遲滯,遲滯,,지체,지체,
3급,110,2025-08-23,36,dokeum_W,다음 漢字語의 讀音을 쓰시오.,幾微,幾微,,기미,기미,
3급,110,2025-08-23,37,dokeum_W,다음 漢字語의 讀音을 쓰시오.,隷屬,隷屬,,예속,예속,
3급,110,2025-08-23,38,dokeum_W,다음 漢字語의 讀音을 쓰시오.,敍品,敍品,,서품,서품,
3급,110,2025-08-23,39,dokeum_W,다음 漢字語의 讀音을 쓰시오.,閣僚,閣僚,,각료,각료,
3급,110,2025-08-23,40,dokeum_W,다음 漢字語의 讀音을 쓰시오.,逮捕,逮捕,,체포,체포,
3급,110,2025-08-23,41,dokeum_W,다음 漢字語의 讀音을 쓰시오.,攝理,攝理,,섭리,섭리,
3급,110,2025-08-23,42,dokeum_W,다음 漢字語의 讀音을 쓰시오.,詠歎,詠歎,,영탄,영탄,
3급,110,2025-08-23,43,dokeum_W,다음 漢字語의 讀音을 쓰시오.,乾燥,乾燥,,건조,건조,
3급,110,2025-08-23,44,dokeum_W,다음 漢字語의 讀音을 쓰시오.,隱蔽,隱蔽,,은폐,은폐,
3급,110,2025-08-23,45,dokeum_W,다음 漢字語의 讀音을 쓰시오.,銳利,銳利,,예리,예리,
3급,110,2025-08-23,46,huneum_W,다음 漢字의 訓과 音을 쓰시오.,繫,繫,,맬 계,맬 계,
3급,110,2025-08-23,47,huneum_W,다음 漢字의 訓과 音을 쓰시오.,搖,搖,,흔들 요,흔들 요,
3급,110,2025-08-23,48,huneum_W,다음 漢字의 訓과 音을 쓰시오.,懼,懼,,두려워할 구,두려워할 구,
3급,110,2025-08-23,49,huneum_W,다음 漢字의 訓과 音을 쓰시오.,卜,卜,,점 복,점 복,
3급,110,2025-08-23,50,huneum_W,다음 漢字의 訓과 音을 쓰시오.,旱,旱,,가물 한,가물 한,
3급,110,2025-08-23,51,huneum_W,다음 漢字의 訓과 音을 쓰시오.,析,析,,쪼갤 석,쪼갤 석,
3급,110,2025-08-23,52,huneum_W,다음 漢字의 訓과 音을 쓰시오.,畏,畏,,두려워할 외,두려워할 외,
3급,110,2025-08-23,53,huneum_W,다음 漢字의 訓과 音을 쓰시오.,竝,竝,,나란히 병,나란히 병,
3급,110,2025-08-23,54,huneum_W,다음 漢字의 訓과 音을 쓰시오.,墳,墳,,무덤 분,무덤 분,
3급,110,2025-08-23,55,huneum_W,다음 漢字의 訓과 音을 쓰시오.,騷,騷,,떠들 소,떠들 소,
3급,110,2025-08-23,56,huneum_W,다음 漢字의 訓과 音을 쓰시오.,粟,粟,,조 속,조 속,
3급,110,2025-08-23,57,huneum_W,다음 漢字의 訓과 音을 쓰시오.,違,違,,어긋날 위,어긋날 위,
3급,110,2025-08-23,58,huneum_W,다음 漢字의 訓과 音을 쓰시오.,汝,汝,,너 여,너 여,
3급,110,2025-08-23,59,huneum_W,다음 漢字의 訓과 音을 쓰시오.,辛,辛,,매울 신,매울 신,
3급,110,2025-08-23,60,huneum_W,다음 漢字의 訓과 音을 쓰시오.,且,且,,또 차,또 차,
3급,110,2025-08-23,61,huneum_W,다음 漢字의 訓과 音을 쓰시오.,丸,丸,,둥글 환,둥글 환,
3급,110,2025-08-23,62,huneum_W,다음 漢字의 訓과 音을 쓰시오.,昏,昏,,어두울 혼,어두울 혼,
3급,110,2025-08-23,63,huneum_W,다음 漢字의 訓과 音을 쓰시오.,竟,竟,,마침내 경,마침내 경,
3급,110,2025-08-23,64,huneum_W,다음 漢字의 訓과 音을 쓰시오.,匹,匹,,짝 필,짝 필,
3급,110,2025-08-23,65,huneum_W,다음 漢字의 訓과 音을 쓰시오.,卿,卿,,벼슬 경,벼슬 경,
3급,110,2025-08-23,66,huneum_W,다음 漢字의 訓과 音을 쓰시오.,滴,滴,,물방울 적,물방울 적,
3급,110,2025-08-23,67,huneum_W,다음 漢字의 訓과 音을 쓰시오.,棄,棄,,버릴 기,버릴 기,
3급,110,2025-08-23,68,huneum_W,다음 漢字의 訓과 音을 쓰시오.,捨,捨,,버릴 사,버릴 사,
3급,110,2025-08-23,69,huneum_W,다음 漢字의 訓과 音을 쓰시오.,鴻,鴻,,기러기 홍,기러기 홍,
3급,110,2025-08-23,70,huneum_W,다음 漢字의 訓과 音을 쓰시오.,傲,傲,,거만할 오,거만할 오,
3급,110,2025-08-23,71,huneum_W,다음 漢字의 訓과 音을 쓰시오.,却,却,,물리칠 각,물리칠 각,
3급,110,2025-08-23,72,huneum_W,다음 漢字의 訓과 音을 쓰시오.,宜,宜,,마땅 의,마땅 의,
3급,110,2025-08-23,73,busu_W,다음 漢字의 部首를 쓰시오.,劣,劣,,力,力,
3급,110,2025-08-23,74,busu_W,다음 漢字의 部首를 쓰시오.,嘗,嘗,,口,口,
3급,110,2025-08-23,75,busu_W,다음 漢字의 部首를 쓰시오.,肯,肯,,肉(月),肉(月),
3급,110,2025-08-23,76,busu_W,다음 漢字의 部首를 쓰시오.,也,也,,乙(⺃),乙(⺃),
3급,110,2025-08-23,77,busu_W,다음 漢字의 部首를 쓰시오.,兮,兮,,八,八,
3급,110,2025-08-23,78,yakja_W,다음 漢字의 略字를 쓰시오.,錢,錢,,銭,銭,
3급,110,2025-08-23,79,yakja_W,다음 漢字의 略字를 쓰시오.,亂,亂,,乱,乱,
3급,110,2025-08-23,80,yakja_W,다음 漢字의 略字를 쓰시오.,豫,豫,,予,予,
3급,110,2025-08-23,81,jangeum_S,다음 漢字語 중 첫소리가 長音인 것을 가려 그 번호를 쓰시오.,,,"[""① 家相"", ""② 假想""]",②,② 假想,
3급,110,2025-08-23,82,jangeum_S,다음 漢字語 중 첫소리가 長音인 것을 가려 그 번호를 쓰시오.,,,"[""① 監督"", ""② 減毒""]",②,② 減毒,
3급,110,2025-08-23,83,jangeum_S,다음 漢字語 중 첫소리가 長音인 것을 가려 그 번호를 쓰시오.,,,"[""① 競技"", ""② 經氣""]",①,① 競技,
3급,110,2025-08-23,84,jangeum_S,다음 漢字語 중 첫소리가 長音인 것을 가려 그 번호를 쓰시오.,,,"[""① 九星"", ""② 久成""]",②,② 久成,
3급,110,2025-08-23,85,jangeum_S,다음 漢字語 중 첫소리가 長音인 것을 가려 그 번호를 쓰시오.,,,"[""① 沙器"", ""② 史記""]",②,② 史記,
3급,110,2025-08-23,86,yui_W,다음 (     ) 안에 밑줄 친 漢字와 뜻이 같거나 비슷한 漢字를 正字로 적어 문장을 완성하시오.,그는 매사에 愼(    )하여 무리하게 일을 진행하지 않는다.,愼( ),,重,重,
3급,110,2025-08-23,87,yui_W,다음 (     ) 안에 밑줄 친 漢字와 뜻이 같거나 비슷한 漢字를 正字로 적어 문장을 완성하시오.,그녀가 나와 평생을 함께할 (   )偶라는 확신이 섰다.,( )偶,,配,配,
3급,110,2025-08-23,88,yui_W,다음 (     ) 안에 밑줄 친 漢字와 뜻이 같거나 비슷한 漢字를 正字로 적어 문장을 완성하시오.,우리 팀의 내야는 탄탄한 철벽 수비를 構(     )했다.,構( ),,築,築,
3급,110,2025-08-23,89,yui_W,다음 (     ) 안에 밑줄 친 漢字와 뜻이 같거나 비슷한 漢字를 正字로 적어 문장을 완성하시오.,그는 뛰어난 기량이 돋보여 월드컵 대표팀에 ( )拔되었다.,( )拔,,選,選,
3급,110,2025-08-23,90,yui_W,다음 (     ) 안에 밑줄 친 漢字와 뜻이 같거나 비슷한 漢字를 正字로 적어 문장을 완성하시오.,우리가 그렇게도 懇(      )히 바라던 소망이 이루어졌다.,懇( ),,切,切,
3급,110,2025-08-23,91,banui_W,다음 (     ) 안에 밑줄 친 漢字와 뜻이 상대(또는 반대)되는 漢字를 正字로 적어 문장을 완성하시오.,사장은 직원들의 (      )弔를 확실히 챙겨 보았다.,( )弔,,慶,慶,
3급,110,2025-08-23,92,banui_W,다음 (     ) 안에 밑줄 친 漢字와 뜻이 상대(또는 반대)되는 漢字를 正字로 적어 문장을 완성하시오.,지진으로 도로 곳곳에서 (       )陷이 발생했다.,( )陷,,起,起,
3급,110,2025-08-23,93,banui_W,다음 (     ) 안에 밑줄 친 漢字와 뜻이 상대(또는 반대)되는 漢字를 正字로 적어 문장을 완성하시오.,주가가 騰(   )을 거듭하다 강보합으로 장을 마감했다.,騰( ),,落,落,
3급,110,2025-08-23,94,banui_W,다음 (     ) 안에 밑줄 친 漢字와 뜻이 상대(또는 반대)되는 漢字를 正字로 적어 문장을 완성하시오.,금융 위기가 닥치자 우리 회사는 (   )廢의 위기에 처하게 되었다.,( )廢,,存,存,
3급,110,2025-08-23,95,banui_W,다음 (     ) 안에 밑줄 친 漢字와 뜻이 상대(또는 반대)되는 漢字를 正字로 적어 문장을 완성하시오.,이 시인은 인생의 哀(      )을 적나라하게 묘사하였다.,哀( ),,歡,歡,
3급,110,2025-08-23,96,banuieo_W,다음 두 쌍의 漢字語가 상대어(또는 반대어)가 되도록 (         ) 안에 알맞은 漢字(正字)로 쓰시오.,創造 ↔ ( )倣,創造 ↔ ( )倣,,模,模,
3급,110,2025-08-23,97,banuieo_W,다음 두 쌍의 漢字語가 상대어(또는 반대어)가 되도록 (         ) 안에 알맞은 漢字(正字)로 쓰시오.,擴大 ↔ ( )小,擴大 ↔ ( )小,,縮,縮,
3급,110,2025-08-23,98,banuieo_W,다음 두 쌍의 漢字語가 상대어(또는 반대어)가 되도록 (         ) 안에 알맞은 漢字(正字)로 쓰시오.,愚鈍 ↔ ( )敏,愚鈍 ↔ ( )敏,,英,英,
3급,110,2025-08-23,99,banuieo_W,다음 두 쌍의 漢字語가 상대어(또는 반대어)가 되도록 (         ) 안에 알맞은 漢字(正字)로 쓰시오.,( )奮 ↔ 鎭靜,( )奮 ↔ 鎭靜,,興,興,
3급,110,2025-08-23,100,banuieo_W,다음 두 쌍의 漢字語가 상대어(또는 반대어)가 되도록 (         ) 안에 알맞은 漢字(正字)로 쓰시오.,(   )殊 ↔ 普遍,( )殊 ↔ 普遍,,特,特,
3급,110,2025-08-23,101,mean_W,다음 漢字語의 뜻을 쓰시오.,道伴,道伴,,함께 도를 닦는 벗,함께 도를 닦는 벗,
3급,110,2025-08-23,102,mean_W,다음 漢字語의 뜻을 쓰시오.,忘憂,忘憂,,근심을 잊음,근심을 잊음,
3급,110,2025-08-23,103,mean_W,다음 漢字語의 뜻을 쓰시오.,疾走,疾走,,빨리 달림,빨리 달림,
3급,110,2025-08-23,104,mean_W,다음 漢字語의 뜻을 쓰시오.,返濟,返濟,,빌렸던 돈을 모두 다 갚음,빌렸던 돈을 모두 다 갚음,
3급,110,2025-08-23,105,mean_W,다음 漢字語의 뜻을 쓰시오.,罷業,罷業,,하던 일을 중지함,하던 일을 중지함,
3급,110,2025-08-23,106,dongeumeo_W,다음 (     ) 속 단어의 同音異義語를 주어진 뜻에 맞게 漢字(正字)로 쓰시오.,(細情) - 세무에 관한 행정.,(細情),,稅政,稅政,
3급,110,2025-08-23,107,dongeumeo_W,다음 (     ) 속 단어의 同音異義語를 주어진 뜻에 맞게 漢字(正字)로 쓰시오.,(笑劇) - 상황을 개선하려는 기백이 부족함.,(笑劇),,消極,消極,
3급,110,2025-08-23,108,dongeumeo_W,다음 (     ) 속 단어의 同音異義語를 주어진 뜻에 맞게 漢字(正字)로 쓰시오.,(修福) - 잃었던 땅이나 권리 따위를 되찾음.,(修福),,收復,收復,
3급,110,2025-08-23,109,dongeumeo_W,다음 (     ) 속 단어의 同音異義語를 주어진 뜻에 맞게 漢字(正字)로 쓰시오.,"(端志) - 주택, 공장, 재배지 따위가 집단을 이루고 있는 일정 구역.",(端志),,團地,團地,
3급,110,2025-08-23,110,dongeumeo_W,다음 (     ) 속 단어의 同音異義語를 주어진 뜻에 맞게 漢字(正字)로 쓰시오.,(防産) - 제멋대로 제각기 흩어짐.,(防産),,放散,放散,
3급,110,2025-08-23,111,seongeo_W,다음 ( ) 안에 알맞은 漢字를 적어 四字成語를 완성하시오.,脣亡齒(    ) : 입술이 없으면 이가 시림.,脣亡齒( ),,寒,寒,
3급,110,2025-08-23,112,seongeo_W,다음 ( ) 안에 알맞은 漢字를 적어 四字成語를 완성하시오.,附(    )雷同 : 우레 소리에 붙어 섞임.,附( )雷同,,和,和,
3급,110,2025-08-23,113,seongeo_W,다음 ( ) 안에 알맞은 漢字를 적어 四字成語를 완성하시오.,矯(    )殺牛 : 소의 뿔을 바로 잡으려다가 소를 죽임.,矯( )殺牛,,角,角,
3급,110,2025-08-23,114,seongeo_W,다음 ( ) 안에 알맞은 漢字를 적어 四字成語를 완성하시오.,(    )蜜腹劍 : 입에는 꿀이 있고 배 속에는 칼이 있음.,( )蜜腹劍,,口,口,
3급,110,2025-08-23,115,seongeo_W,다음 ( ) 안에 알맞은 漢字를 적어 四字成語를 완성하시오.,守株( )兔 : 한 가지 일에만 얽매여 발전을 모르는 어리석음.,守株( )兔,,待,待,
3급,110,2025-08-23,116,seongeo_W,다음 ( ) 안에 알맞은 漢字를 적어 四字成語를 완성하시오.,曲(    )阿世 : 바른길에서 벗어난 학문으로 세상 사람에게 아첨함.,曲( )阿世,,學,學,
3급,110,2025-08-23,117,seongeo_W,다음 ( ) 안에 알맞은 漢字를 적어 四字成語를 완성하시오.,五(    )霧中 : 오리나 되는 짙은 안개 속.,五( )霧中,,里,里,
3급,110,2025-08-23,118,seongeo_W,다음 ( ) 안에 알맞은 漢字를 적어 四字成語를 완성하시오.,朝(    )暮改 : 아침에 명령을 내렸다가 저녁에 다시 고침.,朝( )暮改,,令,令,
3급,110,2025-08-23,119,seongeo_W,다음 ( ) 안에 알맞은 漢字를 적어 四字成語를 완성하시오.,緣木( )魚 : 나무에 올라가서 물고기를 구함.,緣木( )魚,,求,求,
3급,110,2025-08-23,120,seongeo_W,다음 ( ) 안에 알맞은 漢字를 적어 四字成語를 완성하시오.,(    )掌難鳴 : 외손뼉만으로는 소리가 울리지 아니함.,( )掌難鳴,,孤,孤,
3급,110,2025-08-23,121,hanjaeo_W,다음 문장의 밑줄 친 漢字語를 正字의 漢字로 쓰시오.,툭 하면 자연에 귀의한다더니 결행을 못 했다.,귀의,,歸依,歸依,
3급,110,2025-08-23,122,hanjaeo_W,다음 문장의 밑줄 친 漢字語를 正字의 漢字로 쓰시오.,환경 이변은 인간이 저지른 환경오염으로 자초된 것이다.,자초,,自招,自招,
3급,110,2025-08-23,123,hanjaeo_W,다음 문장의 밑줄 친 漢字語를 正字의 漢字로 쓰시오.,선전 문구가 어쩐지 기이하다.,선전,,宣傳,宣傳,
3급,110,2025-08-23,124,hanjaeo_W,다음 문장의 밑줄 친 漢字語를 正字의 漢字로 쓰시오.,그녀는 수상한 행동으로 의심을 잘 받는다.,의심,,疑心,疑心,
3급,110,2025-08-23,125,hanjaeo_W,다음 문장의 밑줄 친 漢字語를 正字의 漢字로 쓰시오.,"거절의 사유가 무엇인지, 알고 싶습니다.",거절,,拒絶,拒絶,
3급,110,2025-08-23,126,hanjaeo_W,다음 문장의 밑줄 친 漢字語를 正字의 漢字로 쓰시오.,아이 키우는 것이 여간 어려운 일이 아니야.,여간,,如干,如干,
3급,110,2025-08-23,127,hanjaeo_W,다음 문장의 밑줄 친 漢字語를 正字의 漢字로 쓰시오.,이 일을 결판 지을 때가 왔다.,결판,,決判,決判,
3급,110,2025-08-23,128,hanjaeo_W,다음 문장의 밑줄 친 漢字語를 正字의 漢字로 쓰시오.,"성적이 우위에 있으면 뭐하나, 인성이 문제이지.",우위,,優位,優位,
3급,110,2025-08-23,129,hanjaeo_W,다음 문장의 밑줄 친 漢字語를 正字의 漢字로 쓰시오.,나는 그 일에 관여하고 싶지 않다.,관여,,關與,關與,
3급,110,2025-08-23,130,hanjaeo_W,다음 문장의 밑줄 친 漢字語를 正字의 漢字로 쓰시오.,이번 경기에서 우승의 감격을 맛보았다.,감격,,感激,感激,
3급,110,2025-08-23,131,hanjaeo_W,다음 문장의 밑줄 친 漢字語를 正字의 漢字로 쓰시오.,머리를 짧게 자르고 나니 세발이 한결 간편하다.,간편,,簡便,簡便,
3급,110,2025-08-23,132,hanjaeo_W,다음 문장의 밑줄 친 漢字語를 正字의 漢字로 쓰시오.,취임 연설로서는 훌륭하다고 할 수 있다.,취임,,就任,就任,
3급,110,2025-08-23,133,hanjaeo_W,다음 문장의 밑줄 친 漢字語를 正字의 漢字로 쓰시오.,예선을 고점으로 통과했다.,고점,,高點,高點,
3급,110,2025-08-23,134,hanjaeo_W,다음 문장의 밑줄 친 漢字語를 正字의 漢字로 쓰시오.,손해를 보면서 판매할 이유가 있을까?,손해,,損害,損害,
3급,110,2025-08-23,135,hanjaeo_W,다음 문장의 밑줄 친 漢字語를 正字의 漢字로 쓰시오.,비행기가 이제 곧 이륙할 모양이다.,이륙,,離陸,離陸,
3급,110,2025-08-23,136,hanjaeo_W,다음 문장의 밑줄 친 漢字語를 正字의 漢字로 쓰시오.,그 경기에서 진 선수는 통한의 눈물을 흘렸다.,통한,,痛恨,痛恨,
3급,110,2025-08-23,137,hanjaeo_W,다음 문장의 밑줄 친 漢字語를 正字의 漢字로 쓰시오.,이 지하에는 단층이 있어서 기초 공사가 각별 요구된다.,단층,,斷層,斷層,
3급,110,2025-08-23,138,hanjaeo_W,다음 문장의 밑줄 친 漢字語를 正字의 漢字로 쓰시오.,피고용인의 과실을 고용주가 승계한다.,승계,,承繼,承繼,
3급,110,2025-08-23,139,hanjaeo_W,다음 문장의 밑줄 친 漢字語를 正字의 漢字로 쓰시오.,국가대표팀에 대한 성원이 대단하다.,대표,,代表,代表,
3급,110,2025-08-23,140,hanjaeo_W,다음 문장의 밑줄 친 漢字語를 正字의 漢字로 쓰시오.,이번 회장 선거는 적법하지 못한 절차로 이루어졌다.,적법,,適法,適法,
3급,110,2025-08-23,141,hanjaeo_W,다음 문장의 밑줄 친 漢字語를 正字의 漢字로 쓰시오.,"남들은 모두 고향을 떠나 피난을 갔지만, 그는 잔류를 결심했다.",잔류,,殘留,殘留,
3급,110,2025-08-23,142,hanjaeo_W,다음 문장의 밑줄 친 漢字語를 正字의 漢字로 쓰시오.,"저 사람, 언변이 제법 늘었군.",언변,,言辯,言辯,
3급,110,2025-08-23,143,hanjaeo_W,다음 문장의 밑줄 친 漢字語를 正字의 漢字로 쓰시오.,주장의 근거가 무엇인지 말해 보시오.,근거,,根據,根據,
3급,110,2025-08-23,144,hanjaeo_W,다음 문장의 밑줄 친 漢字語를 正字의 漢字로 쓰시오.,양식이 있다면 그만한 사려는 해야지.,양식,,良識,良識,
3급,110,2025-08-23,145,hanjaeo_W,다음 문장의 밑줄 친 漢字語를 正字의 漢字로 쓰시오.,가을은 천고마비의 계절이다.,계절,,季節,季節,
3급,110,2025-08-23,146,hanjaeo_W,다음 문장의 밑줄 친 漢字語를 正字의 漢字로 쓰시오.,직장에 암이 생겼다.,직장,,直腸,直腸,
3급,110,2025-08-23,147,hanjaeo_W,다음 문장의 밑줄 친 漢字語를 正字의 漢字로 쓰시오.,두 사람의 밀회가 자주 목격되었다고 한다.,목격,,目擊,目擊,
3급,110,2025-08-23,148,hanjaeo_W,다음 문장의 밑줄 친 漢字語를 正字의 漢字로 쓰시오.,오늘 해 뜨는 시각이 언제니?,시각,,時刻,時刻,
3급,110,2025-08-23,149,hanjaeo_W,다음 문장의 밑줄 친 漢字語를 正字의 漢字로 쓰시오.,그에게는 범접할 수 없는 위세가 있다.,범접,,犯接,犯接,
3급,110,2025-08-23,150,hanjaeo_W,다음 문장의 밑줄 친 漢字語를 正字의 漢字로 쓰시오.,권신들의 암투에 국가가 쇠퇴했다.,암투,,暗鬪,暗鬪,
3급,111,2025-11-15,1,dokeum_W,다음 밑줄 친 漢字語의 讀音을 쓰시오.,최근 들어 인구의 증가가 鈍化되고 있다.,鈍化,,둔화,둔화,
3급,111,2025-11-15,2,dokeum_W,다음 밑줄 친 漢字語의 讀音을 쓰시오.,"수업 분위기가 散漫해서, 공부에 집중이 안 된다.",散漫,,산만,산만,
3급,111,2025-11-15,3,dokeum_W,다음 밑줄 친 漢字語의 讀音을 쓰시오.,오타조차도 修訂되지 않은 책이 출판되었다.,修訂,,수정,수정,
3급,111,2025-11-15,4,dokeum_W,다음 밑줄 친 漢字語의 讀音을 쓰시오.,학생들이 쓴 글을 添削해서 나누어 주었다.,添削,,첨삭,첨삭,
3급,111,2025-11-15,5,dokeum_W,다음 밑줄 친 漢字語의 讀音을 쓰시오.,이런 음식은 맛을 吟味하면서 천천히 먹어야 한다.,吟味,,음미,음미,
3급,111,2025-11-15,6,dokeum_W,다음 밑줄 친 漢字語의 讀音을 쓰시오.,그는 전 재산을 환경 단체에 贈與했다.,贈與,,증여,증여,
3급,111,2025-11-15,7,dokeum_W,다음 밑줄 친 漢字語의 讀音을 쓰시오.,태풍이 도로를 재정비하는 것을 遲滯시킨다.,遲滯,,지체,지체,
3급,111,2025-11-15,8,dokeum_W,다음 밑줄 친 漢字語의 讀音을 쓰시오.,칠이 벗겨져 지저분한 대문을 말끔하게 塗裝했다.,塗裝,,도장,도장,
3급,111,2025-11-15,9,dokeum_W,다음 밑줄 친 漢字語의 讀音을 쓰시오.,입시전형 관련 서류 일부가 廢棄되었다.,廢棄,,폐기,폐기,
3급,111,2025-11-15,10,dokeum_W,다음 밑줄 친 漢字語의 讀音을 쓰시오.,술과 고기가 병사들에게 상품으로 下賜되었다.,下賜,,하사,하사,
3급,111,2025-11-15,11,dokeum_W,다음 밑줄 친 漢字語의 讀音을 쓰시오.,영희는 직장 일과 가사 일을 竝行해야 했다.,竝行,,병행,병행,
3급,111,2025-11-15,12,dokeum_W,다음 밑줄 친 漢字語의 讀音을 쓰시오.,이 교수가 김 교수에게 철수를 발표자로 推薦해 주었다.,推薦,,추천,추천,
3급,111,2025-11-15,13,dokeum_W,다음 밑줄 친 漢字語의 讀音을 쓰시오.,가을이 되니 피부가 乾燥해서 몸이 근질근질하다.,乾燥,,건조,건조,
3급,111,2025-11-15,14,dokeum_W,다음 밑줄 친 漢字語의 讀音을 쓰시오.,감독은 대표팀의 주전 선수를 결정하는 데 愼重을 기했다.,愼重,,신중,신중,
3급,111,2025-11-15,15,dokeum_W,다음 밑줄 친 漢字語의 讀音을 쓰시오.,나는 只今 막 집에 도착했다.,只今,,지금,지금,
3급,111,2025-11-15,16,dokeum_W,다음 밑줄 친 漢字語의 讀音을 쓰시오.,프로듀서가 새 영화에 출연할 여배우를 涉外했다.,涉外,,섭외,섭외,
3급,111,2025-11-15,17,dokeum_W,다음 밑줄 친 漢字語의 讀音을 쓰시오.,모든 사람이 그를 排斥하고 있다.,排斥,,배척,배척,
3급,111,2025-11-15,18,dokeum_W,다음 밑줄 친 漢字語의 讀音을 쓰시오.,그런 일에는 다른 사람들의 생각을 參酌하여야 한다.,參酌,,참작,참작,
3급,111,2025-11-15,19,dokeum_W,다음 밑줄 친 漢字語의 讀音을 쓰시오.,목요일마다 목사님과 교회 집사님들이 尋訪하셨다.,尋訪,,심방,심방,
3급,111,2025-11-15,20,dokeum_W,다음 밑줄 친 漢字語의 讀音을 쓰시오.,탈냉전시대에서는 엄격한 의미에서 友邦은 없다.,友邦,,우방,우방,
3급,111,2025-11-15,21,dokeum_W,다음 漢字語의 讀音을 쓰시오.,雙墳,雙墳,,쌍분,쌍분,
3급,111,2025-11-15,22,dokeum_W,다음 漢字語의 讀音을 쓰시오.,崩壞,崩壞,,붕괴,붕괴,
3급,111,2025-11-15,23,dokeum_W,다음 漢字語의 讀音을 쓰시오.,捕捉,捕捉,,포착,포착,
3급,111,2025-11-15,24,dokeum_W,다음 漢字語의 讀音을 쓰시오.,洗濯,洗濯,,세탁,세탁,
3급,111,2025-11-15,25,dokeum_W,다음 漢字語의 讀音을 쓰시오.,違反,違反,,위반,위반,
3급,111,2025-11-15,26,dokeum_W,다음 漢字語의 讀音을 쓰시오.,哀歡,哀歡,,애환,애환,
3급,111,2025-11-15,27,dokeum_W,다음 漢字語의 讀音을 쓰시오.,唯獨,唯獨,,유독,유독,
3급,111,2025-11-15,28,dokeum_W,다음 漢字語의 讀音을 쓰시오.,搜索,搜索,,수색,수색,
3급,111,2025-11-15,29,dokeum_W,다음 漢字語의 讀音을 쓰시오.,低廉,低廉,,저렴,저렴,
3급,111,2025-11-15,30,dokeum_W,다음 漢字語의 讀音을 쓰시오.,派遣,派遣,,파견,파견,
3급,111,2025-11-15,31,dokeum_W,다음 漢字語의 讀音을 쓰시오.,蝶泳,蝶泳,,접영,접영,
3급,111,2025-11-15,32,dokeum_W,다음 漢字語의 讀音을 쓰시오.,週忌,週忌,,주기,주기,
3급,111,2025-11-15,33,dokeum_W,다음 漢字語의 讀音을 쓰시오.,汚染,汚染,,오염,오염,
3급,111,2025-11-15,34,dokeum_W,다음 漢字語의 讀音을 쓰시오.,渴望,渴望,,갈망,갈망,
3급,111,2025-11-15,35,dokeum_W,다음 漢字語의 讀音을 쓰시오.,弔旗,弔旗,,조기,조기,
3급,111,2025-11-15,36,dokeum_W,다음 漢字語의 讀音을 쓰시오.,埋設,埋設,,매설,매설,
3급,111,2025-11-15,37,dokeum_W,다음 漢字語의 讀音을 쓰시오.,循環,循環,,순환,순환,
3급,111,2025-11-15,38,dokeum_W,다음 漢字語의 讀音을 쓰시오.,騷亂,騷亂,,소란,소란,
3급,111,2025-11-15,39,dokeum_W,다음 漢字語의 讀音을 쓰시오.,侮辱,侮辱,,모욕,모욕,
3급,111,2025-11-15,40,dokeum_W,다음 漢字語의 讀音을 쓰시오.,殉職,殉職,,순직,순직,
3급,111,2025-11-15,41,dokeum_W,다음 漢字語의 讀音을 쓰시오.,凝血,凝血,,응혈,응혈,
3급,111,2025-11-15,42,dokeum_W,다음 漢字語의 讀音을 쓰시오.,傍系,傍系,,방계,방계,
3급,111,2025-11-15,43,dokeum_W,다음 漢字語의 讀音을 쓰시오.,諒解,諒解,,양해,양해,
3급,111,2025-11-15,44,dokeum_W,다음 漢字語의 讀音을 쓰시오.,避暑,避暑,,피서,피서,
3급,111,2025-11-15,45,dokeum_W,다음 漢字語의 讀音을 쓰시오.,經緯,經緯,,경위,경위,
3급,111,2025-11-15,46,huneum_W,다음 漢字의 訓과 音을 쓰시오.,蔽,蔽,,덮을 폐,덮을 폐,
3급,111,2025-11-15,47,huneum_W,다음 漢字의 訓과 音을 쓰시오.,携,携,,이끌 휴,이끌 휴,
3급,111,2025-11-15,48,huneum_W,다음 漢字의 訓과 音을 쓰시오.,岳,岳,,큰산 악,큰산 악,
3급,111,2025-11-15,49,huneum_W,다음 漢字의 訓과 音을 쓰시오.,僚,僚,,동료 료,동료 료,
3급,111,2025-11-15,50,huneum_W,다음 漢字의 訓과 音을 쓰시오.,耶,耶,,어조사 야,어조사 야,
3급,111,2025-11-15,51,huneum_W,다음 漢字의 訓과 音을 쓰시오.,獸,獸,,짐승 수,짐승 수,
3급,111,2025-11-15,52,huneum_W,다음 漢字의 訓과 音을 쓰시오.,嘗,嘗,,맛볼 상,맛볼 상,
3급,111,2025-11-15,53,huneum_W,다음 漢字의 訓과 音을 쓰시오.,奚,奚,,어찌 해,어찌 해,
3급,111,2025-11-15,54,huneum_W,다음 漢字의 訓과 音을 쓰시오.,墻,墻,,담 장,담 장,
3급,111,2025-11-15,55,huneum_W,다음 漢字의 訓과 音을 쓰시오.,昔,昔,,예[古] 석,예[古] 석,
3급,111,2025-11-15,56,huneum_W,다음 漢字의 訓과 音을 쓰시오.,拙,拙,,졸할 졸,졸할 졸,
3급,111,2025-11-15,57,huneum_W,다음 漢字의 訓과 音을 쓰시오.,腰,腰,,허리 요,허리 요,
3급,111,2025-11-15,58,huneum_W,다음 漢字의 訓과 音을 쓰시오.,秒,秒,,분초 초,분초 초,
3급,111,2025-11-15,59,huneum_W,다음 漢字의 訓과 音을 쓰시오.,栗,栗,,밤 률,밤 률,
3급,111,2025-11-15,60,huneum_W,다음 漢字의 訓과 音을 쓰시오.,補,補,,기울 보,기울 보,
3급,111,2025-11-15,61,huneum_W,다음 漢字의 訓과 音을 쓰시오.,姻,姻,,혼인 인,혼인 인,
3급,111,2025-11-15,62,huneum_W,다음 漢字의 訓과 音을 쓰시오.,奈,奈,,어찌 내,어찌 내,
3급,111,2025-11-15,63,huneum_W,다음 漢字의 訓과 音을 쓰시오.,赴,赴,,다다를[趨而至]/갈[趨] 부,다다를[趨而至]/갈[趨] 부,
3급,111,2025-11-15,64,huneum_W,다음 漢字의 訓과 音을 쓰시오.,肯,肯,,즐길 긍,즐길 긍,
3급,111,2025-11-15,65,huneum_W,다음 漢字의 訓과 音을 쓰시오.,須,須,,모름지기 수,모름지기 수,
3급,111,2025-11-15,66,huneum_W,다음 漢字의 訓과 音을 쓰시오.,堤,堤,,둑 제,둑 제,
3급,111,2025-11-15,67,huneum_W,다음 漢字의 訓과 音을 쓰시오.,沿,沿,,물따라갈/따를 연,물따라갈/따를 연,
3급,111,2025-11-15,68,huneum_W,다음 漢字의 訓과 音을 쓰시오.,抱,抱,,안을 포,안을 포,
3급,111,2025-11-15,69,huneum_W,다음 漢字의 訓과 音을 쓰시오.,粟,粟,,조 속,조 속,
3급,111,2025-11-15,70,huneum_W,다음 漢字의 訓과 音을 쓰시오.,媒,媒,,중매 매,중매 매,
3급,111,2025-11-15,71,huneum_W,다음 漢字의 訓과 音을 쓰시오.,詐,詐,,속일 사,속일 사,
3급,111,2025-11-15,72,huneum_W,다음 漢字의 訓과 音을 쓰시오.,倣,倣,,본뜰 방,본뜰 방,
3급,111,2025-11-15,73,busu_W,다음 漢字의 部首를 쓰시오.,毁,毁,,殳,殳,
3급,111,2025-11-15,74,busu_W,다음 漢字의 部首를 쓰시오.,庚,庚,,广,广,
3급,111,2025-11-15,75,busu_W,다음 漢字의 部首를 쓰시오.,隷,隷,,隶,隶,
3급,111,2025-11-15,76,busu_W,다음 漢字의 部首를 쓰시오.,匹,匹,,匸,匸,
3급,111,2025-11-15,77,busu_W,다음 漢字의 部首를 쓰시오.,竟,竟,,立,立,
3급,111,2025-11-15,78,yakja_W,다음 漢字의 略字를 쓰시오.,點,點,,点 奌,点 奌,
3급,111,2025-11-15,79,yakja_W,다음 漢字의 略字를 쓰시오.,錢,錢,,銭,銭,
3급,111,2025-11-15,80,yakja_W,다음 漢字의 略字를 쓰시오.,從,從,,从 従,从 従,
3급,111,2025-11-15,81,jangeum_S,다음 漢字語 중 첫소리가 長音인 것을 가려 그 번호를 쓰시오.,,,"[""① 課長"", ""② 誇張""]",②,② 誇張,
3급,111,2025-11-15,82,jangeum_S,다음 漢字語 중 첫소리가 長音인 것을 가려 그 번호를 쓰시오.,,,"[""① 九條"", ""② 救助""]",②,② 救助,
3급,111,2025-11-15,83,jangeum_S,다음 漢字語 중 첫소리가 長音인 것을 가려 그 번호를 쓰시오.,,,"[""① 大使"", ""② 臺詞""]",①,① 大使,
3급,111,2025-11-15,84,jangeum_S,다음 漢字語 중 첫소리가 長音인 것을 가려 그 번호를 쓰시오.,,,"[""① 無記"", ""② 武器""]",②,② 武器,
3급,111,2025-11-15,85,jangeum_S,다음 漢字語 중 첫소리가 長音인 것을 가려 그 번호를 쓰시오.,,,"[""① 否認"", ""② 婦人""]",①,① 否認,
3급,111,2025-11-15,86,yui_W,다음 (      ) 안에 밑줄 친 漢字와 뜻이 같거나 비슷한 漢字를 正字로 적어 문장을 완성하시오.,아버지는 거듭되는 사업의 실패로 큰 打(     )을 받으셨다.,打( ),,擊,擊,
3급,111,2025-11-15,87,yui_W,다음 (      ) 안에 밑줄 친 漢字와 뜻이 같거나 비슷한 漢字를 正字로 적어 문장을 완성하시오.,사업의 실패로 풍비박산이 된 집안을 ( )拾하다.,( )拾,,收,收,
3급,111,2025-11-15,88,yui_W,다음 (      ) 안에 밑줄 친 漢字와 뜻이 같거나 비슷한 漢字를 正字로 적어 문장을 완성하시오.,젊은이들은 (    )就의 기상을 가지고 자신의 인생을 개척해 나가는 자세가 필요하다.,( )就,,進,進,
3급,111,2025-11-15,89,yui_W,다음 (      ) 안에 밑줄 친 漢字와 뜻이 같거나 비슷한 漢字를 正字로 적어 문장을 완성하시오.,김 부장은 부서원의 結(         )을 강화하고자 노력했다.,結( ),,束,束,
3급,111,2025-11-15,90,yui_W,다음 (      ) 안에 밑줄 친 漢字와 뜻이 같거나 비슷한 漢字를 正字로 적어 문장을 완성하시오.,언젠가 이 (    )難이 끝날 날이 있겠지.,( )難,,苦,苦,
3급,111,2025-11-15,91,banui_W,다음 (      ) 안에 밑줄 친 漢字와 뜻이 상대(또는 반대)되는 漢字를 正字로 적어 문장을 완성하시오.,무인도에서 皮(     )이 상접한 사람이 목격되었다.,皮( ),,骨,骨,
3급,111,2025-11-15,92,banui_W,다음 (      ) 안에 밑줄 친 漢字와 뜻이 상대(또는 반대)되는 漢字를 正字로 적어 문장을 완성하시오.,마라톤 경주는 緩(      )을 조절하며 달려야 한다.,緩( ),,急,急,
3급,111,2025-11-15,93,banui_W,다음 (      ) 안에 밑줄 친 漢字와 뜻이 상대(또는 반대)되는 漢字를 正字로 적어 문장을 완성하시오.,두 사람의 영어 실력은 (        )劣을 가리기가 어렵다.,( )劣,,優,優,
3급,111,2025-11-15,94,banui_W,다음 (      ) 안에 밑줄 친 漢字와 뜻이 상대(또는 반대)되는 漢字를 正字로 적어 문장을 완성하시오.,올해 들어 주가가 연일 騰(           )을 거듭하고 있다.,騰( ),,落,落,
3급,111,2025-11-15,95,banui_W,다음 (      ) 안에 밑줄 친 漢字와 뜻이 상대(또는 반대)되는 漢字를 正字로 적어 문장을 완성하시오.,우리나라 축구 대표팀은 攻(           )의 전환이 무척 빠르다.,攻( ),,守,守,
3급,111,2025-11-15,96,banuieo_W,다음 두 쌍의 漢字語가 상대어(또는 반대어)가 되도록 (             ) 안에 알맞은 漢字(正字)로 쓰시오.,( )(      ) ↔ 濫用,( )( ) ↔ 濫用,,節約,節約,
3급,111,2025-11-15,97,banuieo_W,다음 두 쌍의 漢字語가 상대어(또는 반대어)가 되도록 (             ) 안에 알맞은 漢字(正字)로 쓰시오.,憐憫 ↔ 憎(       ),憐憫 ↔ 憎( ),,惡,惡,
3급,111,2025-11-15,98,banuieo_W,다음 두 쌍의 漢字語가 상대어(또는 반대어)가 되도록 (             ) 안에 알맞은 漢字(正字)로 쓰시오.,( )(      ) ↔ 抽象,( )( ) ↔ 抽象,,具體,具體,
3급,111,2025-11-15,99,banuieo_W,다음 두 쌍의 漢字語가 상대어(또는 반대어)가 되도록 (             ) 안에 알맞은 漢字(正字)로 쓰시오.,飢餓 ↔ 飽(       ),飢餓 ↔ 飽( ),,食,食,
3급,111,2025-11-15,100,banuieo_W,다음 두 쌍의 漢字語가 상대어(또는 반대어)가 되도록 (             ) 안에 알맞은 漢字(正字)로 쓰시오.,(   )(   ) ↔ 動搖,( )( ) ↔ 動搖,,安定,安定,
3급,111,2025-11-15,101,mean_W,다음 漢字語의 뜻을 쓰시오.,逐出,逐出,,쫓아내거나 몰아냄,쫓아내거나 몰아냄,
3급,111,2025-11-15,102,mean_W,다음 漢字語의 뜻을 쓰시오.,天旱,天旱,,가뭄,가뭄,
3급,111,2025-11-15,103,mean_W,다음 漢字語의 뜻을 쓰시오.,忘憂,忘憂,,근심을 잊음,근심을 잊음,
3급,111,2025-11-15,104,mean_W,다음 漢字語의 뜻을 쓰시오.,枯傷,枯傷,,마르고 상함,마르고 상함,
3급,111,2025-11-15,105,mean_W,다음 漢字語의 뜻을 쓰시오.,絲毫,絲毫,,몹시 적은 수량,몹시 적은 수량,
3급,111,2025-11-15,106,dongeumeo_W,다음 (         ) 속 단어의 同音異義語를 주어진 뜻에 맞게 漢字(正字)로 쓰시오.,(家性) - 일부러 꾸며 내는 목소리.,(家性),,假聲,假聲,
3급,111,2025-11-15,107,dongeumeo_W,다음 (         ) 속 단어의 同音異義語를 주어진 뜻에 맞게 漢字(正字)로 쓰시오.,(失跡) - 실제로 이룬 업적이나 공적.,(失跡),,實績,實績,
3급,111,2025-11-15,108,dongeumeo_W,다음 (         ) 속 단어의 同音異義語를 주어진 뜻에 맞게 漢字(正字)로 쓰시오.,(題詩) - 나타내어 보임.,(題詩),,提示,提示,
3급,111,2025-11-15,109,dongeumeo_W,다음 (         ) 속 단어의 同音異義語를 주어진 뜻에 맞게 漢字(正字)로 쓰시오.,(懷柔) - 두루 돌아다니면서 구경하거나 놂.,(懷柔),,回遊,回遊,
3급,111,2025-11-15,110,dongeumeo_W,다음 (         ) 속 단어의 同音異義語를 주어진 뜻에 맞게 漢字(正字)로 쓰시오.,(映畫) - 몸이 귀하게 되어 이름이 세상에 빛남.,(映畫),,榮華,榮華,
3급,111,2025-11-15,111,seongeo_W,다음 ( ) 안에 알맞은 漢字를 적어 四字成語를 완성하시오.,牽(    )附會 : 이치에 맞지 않는 말을 억지로 끌어 붙임.,牽( )附會,,強,強,
3급,111,2025-11-15,112,seongeo_W,다음 ( ) 안에 알맞은 漢字를 적어 四字成語를 완성하시오.,脣亡( )寒 : 입술이 없으면 이가 시림.,脣亡( )寒,,齒,齒,
3급,111,2025-11-15,113,seongeo_W,다음 ( ) 안에 알맞은 漢字를 적어 四字成語를 완성하시오.,泥(    )鬪狗 : 진흙탕에서 싸우는 개.,泥( )鬪狗,,田,田,
3급,111,2025-11-15,114,seongeo_W,다음 ( ) 안에 알맞은 漢字를 적어 四字成語를 완성하시오.,(    )令暮改 : 아침에 명령을 내렸다가 저녁에 다시 고침.,( )令暮改,,朝,朝,
3급,111,2025-11-15,115,seongeo_W,다음 ( ) 안에 알맞은 漢字를 적어 四字成語를 완성하시오.,五(    )霧中 : 오 리나 되는 짙은 안개 속.,五( )霧中,,里,里,
3급,111,2025-11-15,116,seongeo_W,다음 ( ) 안에 알맞은 漢字를 적어 四字成語를 완성하시오.,(    )案齊眉 : 밥상을 눈썹과 가지런하도록 공손히 들어 남편 앞에 가지고 감.,( )案齊眉,,擧,擧,
3급,111,2025-11-15,117,seongeo_W,다음 ( ) 안에 알맞은 漢字를 적어 四字成語를 완성하시오.,衆寡不(    ) : 적은 수효로 많은 수효를 대적하지 못함.,衆寡不( ),,敵,敵,
3급,111,2025-11-15,118,seongeo_W,다음 ( ) 안에 알맞은 漢字를 적어 四字成語를 완성하시오.,刻舟( )劍 : 현실에 맞지 않는 낡은 생각을 고집하는 어리석음.,刻舟( )劍,,求,求,
3급,111,2025-11-15,119,seongeo_W,다음 ( ) 안에 알맞은 漢字를 적어 四字成語를 완성하시오.,(    )楊芳草 : 푸른 버드나무와 향기로운 풀.,( )楊芳草,,綠,綠,
3급,111,2025-11-15,120,seongeo_W,다음 ( ) 안에 알맞은 漢字를 적어 四字成語를 완성하시오.,塞翁之(    ) : 인생의 길흉화복은 예측하기가 어려움.,塞翁之( ),,馬,馬,
3급,111,2025-11-15,121,hanjaeo_W,다음 문장의 밑줄 친 漢字語를 正字의 漢字로 쓰시오.,평론가는 타인의 작품에 대하여 예리한 비평을 했다.,비평,,批評,批評,
3급,111,2025-11-15,122,hanjaeo_W,다음 문장의 밑줄 친 漢字語를 正字의 漢字로 쓰시오.,우리 아파트는 자치적으로 방범 순찰을 하고 있다.,방범,,防犯,防犯,
3급,111,2025-11-15,123,hanjaeo_W,다음 문장의 밑줄 친 漢字語를 正字의 漢字로 쓰시오.,심사 위원은 뚜렷한 심사의 준거를 제시해야 한다.,위원,,委員,委員,
3급,111,2025-11-15,124,hanjaeo_W,다음 문장의 밑줄 친 漢字語를 正字의 漢字로 쓰시오.,이 작품은 오래전 구상된 끝에 무대에 올리게 됐다.,구상,,構想,構想,
3급,111,2025-11-15,125,hanjaeo_W,다음 문장의 밑줄 친 漢字語를 正字의 漢字로 쓰시오.,가정과 사회에서 여성이 수행하는 역할을 간과해 왔다.,간과,,看過,看過,
3급,111,2025-11-15,126,hanjaeo_W,다음 문장의 밑줄 친 漢字語를 正字의 漢字로 쓰시오.,장거리 핵미사일 탄두를 감축해 가기로 합의했다.,감축,,減縮,減縮,
3급,111,2025-11-15,127,hanjaeo_W,다음 문장의 밑줄 친 漢字語를 正字의 漢字로 쓰시오.,아버님께서는 마음이 어질고 인후하시다.,인후,,仁厚,仁厚,
3급,111,2025-11-15,128,hanjaeo_W,다음 문장의 밑줄 친 漢字語를 正字의 漢字로 쓰시오.,의사는 환자의 정맥에 주삿바늘을 꽂았다.,정맥,,靜脈,靜脈,
3급,111,2025-11-15,129,hanjaeo_W,다음 문장의 밑줄 친 漢字語를 正字의 漢字로 쓰시오.,기술 개발에 과감히 투자하여 성공했다.,투자,,投資,投資,
3급,111,2025-11-15,130,hanjaeo_W,다음 문장의 밑줄 친 漢字語를 正字의 漢字로 쓰시오.,선생님은 소풍 장소를 경복궁으로 변경하셨다.,변경,,變更,變更,
3급,111,2025-11-15,131,hanjaeo_W,다음 문장의 밑줄 친 漢字語를 正字의 漢字로 쓰시오.,그림에 열중하기 위해 여가를 냈다.,여가,,餘暇,餘暇,
3급,111,2025-11-15,132,hanjaeo_W,다음 문장의 밑줄 친 漢字語를 正字의 漢字로 쓰시오.,장군은 유탄에 맞아 돌아가셨다.,유탄,,流彈,流彈,
3급,111,2025-11-15,133,hanjaeo_W,다음 문장의 밑줄 친 漢字語를 正字의 漢字로 쓰시오.,나는 그림 속의 꽃을 분홍으로 색칠했다.,분홍,,粉紅,粉紅,
3급,111,2025-11-15,134,hanjaeo_W,다음 문장의 밑줄 친 漢字語를 正字의 漢字로 쓰시오.,치밀어 오르는 격정 때문에 다음 말을 이을 수가 없었다.,격정,,激情,激情,
3급,111,2025-11-15,135,hanjaeo_W,다음 문장의 밑줄 친 漢字語를 正字의 漢字로 쓰시오.,아이의 재롱떠는 모습에 피로가 저절로 풀렸다.,피로,,疲勞,疲勞,
3급,111,2025-11-15,136,hanjaeo_W,다음 문장의 밑줄 친 漢字語를 正字의 漢字로 쓰시오.,상처가 심하여 병원으로 가야만 했다.,병원,,病院,病院,
3급,111,2025-11-15,137,hanjaeo_W,다음 문장의 밑줄 친 漢字語를 正字의 漢字로 쓰시오.,민의를 청취하여 국정을 운영하였다.,국정,,國政,國政,
3급,111,2025-11-15,138,hanjaeo_W,다음 문장의 밑줄 친 漢字語를 正字의 漢字로 쓰시오.,현 정책은 서민의 생활을 어렵게 한다는 항의를 받았다.,항의,,抗議,抗議,
3급,111,2025-11-15,139,hanjaeo_W,다음 문장의 밑줄 친 漢字語를 正字의 漢字로 쓰시오.,숨은 죄상들이 증인들에 의해 속속 세상에 밝혀졌다.,세상,,世上,世上,
3급,111,2025-11-15,140,hanjaeo_W,다음 문장의 밑줄 친 漢字語를 正字의 漢字로 쓰시오.,이번 축구팀은 우승을 위한 최상의 진용으로 짜였다.,진용,,陣容,陣容,
3급,111,2025-11-15,141,hanjaeo_W,다음 문장의 밑줄 친 漢字語를 正字의 漢字로 쓰시오.,그는 졸업식 때 재학생 대표로 송사를 낭독했다.,송사,,送辭,送辭,
3급,111,2025-11-15,142,hanjaeo_W,다음 문장의 밑줄 친 漢字語를 正字의 漢字로 쓰시오.,중요한 파일은 별도로 복사하여 예비로 보관해 두었다.,예비,,豫備,豫備,
3급,111,2025-11-15,143,hanjaeo_W,다음 문장의 밑줄 친 漢字語를 正字의 漢字로 쓰시오.,그는 매사 게으른 탓에 곤궁을 면치 못하였다.,곤궁,,困窮,困窮,
3급,111,2025-11-15,144,hanjaeo_W,다음 문장의 밑줄 친 漢字語를 正字의 漢字로 쓰시오.,그는 해외여행을 위해 여권을 발급받았다.,여권,,旅券,旅券,
3급,111,2025-11-15,145,hanjaeo_W,다음 문장의 밑줄 친 漢字語를 正字의 漢字로 쓰시오.,관료 조직의 비대화는 행정의 비효율성을 증대시킨다.,조직,,組織,組織,
3급,111,2025-11-15,146,hanjaeo_W,다음 문장의 밑줄 친 漢字語를 正字의 漢字로 쓰시오.,그녀의 자태가 무척이나 고왔다.,자태,,姿態,姿態,
3급,111,2025-11-15,147,hanjaeo_W,다음 문장의 밑줄 친 漢字語를 正字의 漢字로 쓰시오.,전 세계가 우리나라의 김치를 예찬하고 있다.,예찬,,禮讚,禮讚,
3급,111,2025-11-15,148,hanjaeo_W,다음 문장의 밑줄 친 漢字語를 正字의 漢字로 쓰시오.,이번 공연은 연일 성황을 이루었다.,성황,,盛況,盛況,
3급,111,2025-11-15,149,hanjaeo_W,다음 문장의 밑줄 친 漢字語를 正字의 漢字로 쓰시오.,아이의 거짓말에 분노를 가라앉히고 대화를 시도하였다.,분노,,憤怒,憤怒,
3급,111,2025-11-15,150,hanjaeo_W,다음 문장의 밑줄 친 漢字語를 正字의 漢字로 쓰시오.,나는 젖먹던 힘까지 다해 뛰어서 경기를 역전시켰다.,역전,,逆轉,逆轉,
3급,112,2026-02-28,1,dokeum_W,다음 밑줄 친 漢字語의 讀音을 쓰시오.,"제가 초면부지인 나리들을, 況且이 삼경 깊은 밤에 알아볼 리 있겠습니까?",況且,,황차,황차,
3급,112,2026-02-28,2,dokeum_W,다음 밑줄 친 漢字語의 讀音을 쓰시오.,도서관에서 서적의 返還을 요구하는 서신을 보내왔다.,返還,,반환,반환,
3급,112,2026-02-28,3,dokeum_W,다음 밑줄 친 漢字語의 讀音을 쓰시오.,우리 학교 뒤편에는 경사가 緩慢한 동산이 있다.,緩慢,,완만,완만,
3급,112,2026-02-28,4,dokeum_W,다음 밑줄 친 漢字語의 讀音을 쓰시오.,우리나라는 攝氏를 사용하여 온도를 나타낸다.,攝氏,,섭씨,섭씨,
3급,112,2026-02-28,5,dokeum_W,다음 밑줄 친 漢字語의 讀音을 쓰시오.,손에 携帶가 편한 연장만 들고 날 따라오시오.,携帶,,휴대,휴대,
3급,112,2026-02-28,6,dokeum_W,다음 밑줄 친 漢字語의 讀音을 쓰시오.,진정한 인권이 享有될 수 있는 곳이 바람직한 사회이다.,享有,,향유,향유,
3급,112,2026-02-28,7,dokeum_W,다음 밑줄 친 漢字語의 讀音을 쓰시오.,그는 자신을 悲慘의 구렁텅이로 점점 몰아가고 말았다.,悲慘,,비참,비참,
3급,112,2026-02-28,8,dokeum_W,다음 밑줄 친 漢字語의 讀音을 쓰시오.,건물의 벽면에 龜裂이 보였다.,龜裂,,균열,균열,
3급,112,2026-02-28,9,dokeum_W,다음 밑줄 친 漢字語의 讀音을 쓰시오.,여왕은 노벨상 수상자에게 기사 爵號를 내렸다.,爵號,,작호,작호,
3급,112,2026-02-28,10,dokeum_W,다음 밑줄 친 漢字語의 讀音을 쓰시오.,그는 사람들 앞에서 진실만을 말할 것을 宣誓했다.,宣誓,,선서,선서,
3급,112,2026-02-28,11,dokeum_W,다음 밑줄 친 漢字語의 讀音을 쓰시오.,김 사장은 그만 憤慨에 차서 회의석상을 박차고 일어났다.,憤慨,,분개,분개,
3급,112,2026-02-28,12,dokeum_W,다음 밑줄 친 漢字語의 讀音을 쓰시오.,병조판서는 모반죄로 왕에게 罷職당해 귀양길에 올랐다.,罷職,,파직,파직,
3급,112,2026-02-28,13,dokeum_W,다음 밑줄 친 漢字語의 讀音을 쓰시오.,이번에 발굴된 고문서가 너무 낡아서 辨識이 힘들다.,辨識,,변식,변식,
3급,112,2026-02-28,14,dokeum_W,다음 밑줄 친 漢字語의 讀音을 쓰시오.,선생님은 빨간펜을 들고 아이들의 글을 직접 添削해 주셨다.,添削,,첨삭,첨삭,
3급,112,2026-02-28,15,dokeum_W,다음 밑줄 친 漢字語의 讀音을 쓰시오.,지방선거 입후보자 公薦을 둘러싼 문제로 고심하고 있다.,公薦,,공천,공천,
3급,112,2026-02-28,16,dokeum_W,다음 밑줄 친 漢字語의 讀音을 쓰시오.,사장님은 우리 작업장에 인력을 擴充을 시켰다.,擴充,,확충,확충,
3급,112,2026-02-28,17,dokeum_W,다음 밑줄 친 漢字語의 讀音을 쓰시오.,그는 휴직계를 내고 전국 遍歷을 시작했다.,遍歷,,편력,편력,
3급,112,2026-02-28,18,dokeum_W,다음 밑줄 친 漢字語의 讀音을 쓰시오.,공장 근로자들은 근무 개선을 위해 怠業에 돌입했다.,怠業,,태업,태업,
3급,112,2026-02-28,19,dokeum_W,다음 밑줄 친 漢字語의 讀音을 쓰시오.,그 건물은 주변 자연과 도무지 어울리지 않는 醜物이다.,醜物,,추물,추물,
3급,112,2026-02-28,20,dokeum_W,다음 밑줄 친 漢字語의 讀音을 쓰시오.,몇 년의 공백기 동안 그는 서양의 고전들을 涉獵했다.,涉獵,,섭렵,섭렵,
3급,112,2026-02-28,21,dokeum_W,다음 漢字語의 讀音을 쓰시오.,飜覆,飜覆,,번복,번복,
3급,112,2026-02-28,22,dokeum_W,다음 漢字語의 讀音을 쓰시오.,廉讓,廉讓,,염양,염양,
3급,112,2026-02-28,23,dokeum_W,다음 漢字語의 讀音을 쓰시오.,受侮,受侮,,수모,수모,
3급,112,2026-02-28,24,dokeum_W,다음 漢字語의 讀音을 쓰시오.,零細,零細,,영세,영세,
3급,112,2026-02-28,25,dokeum_W,다음 漢字語의 讀音을 쓰시오.,幕僚,幕僚,,막료,막료,
3급,112,2026-02-28,26,dokeum_W,다음 漢字語의 讀音을 쓰시오.,遵據,遵據,,준거,준거,
3급,112,2026-02-28,27,dokeum_W,다음 漢字語의 讀音을 쓰시오.,頻度,頻度,,빈도,빈도,
3급,112,2026-02-28,28,dokeum_W,다음 漢字語의 讀音을 쓰시오.,敦篤,敦篤,,돈독,돈독,
3급,112,2026-02-28,29,dokeum_W,다음 漢字語의 讀音을 쓰시오.,慙服,慙服,,참복,참복,
3급,112,2026-02-28,30,dokeum_W,다음 漢字語의 讀音을 쓰시오.,增訂,增訂,,증정,증정,
3급,112,2026-02-28,31,dokeum_W,다음 漢字語의 讀音을 쓰시오.,殉葬,殉葬,,순장,순장,
3급,112,2026-02-28,32,dokeum_W,다음 漢字語의 讀音을 쓰시오.,差押,差押,,차압,차압,
3급,112,2026-02-28,33,dokeum_W,다음 漢字語의 讀音을 쓰시오.,隨伴,隨伴,,수반,수반,
3급,112,2026-02-28,34,dokeum_W,다음 漢字語의 讀音을 쓰시오.,明敏,明敏,,명민,명민,
3급,112,2026-02-28,35,dokeum_W,다음 漢字語의 讀音을 쓰시오.,厚幣,厚幣,,후폐,후폐,
3급,112,2026-02-28,36,dokeum_W,다음 漢字語의 讀音을 쓰시오.,詐欺,詐欺,,사기,사기,
3급,112,2026-02-28,37,dokeum_W,다음 漢字語의 讀音을 쓰시오.,昭陽,昭陽,,소양,소양,
3급,112,2026-02-28,38,dokeum_W,다음 漢字語의 讀音을 쓰시오.,捕捉,捕捉,,포착,포착,
3급,112,2026-02-28,39,dokeum_W,다음 漢字語의 讀音을 쓰시오.,緯線,緯線,,위선,위선,
3급,112,2026-02-28,40,dokeum_W,다음 漢字語의 讀音을 쓰시오.,挑發,挑發,,도발,도발,
3급,112,2026-02-28,41,dokeum_W,다음 漢字語의 讀音을 쓰시오.,內賓,內賓,,내빈,내빈,
3급,112,2026-02-28,42,dokeum_W,다음 漢字語의 讀音을 쓰시오.,循環,循環,,순환,순환,
3급,112,2026-02-28,43,dokeum_W,다음 漢字語의 讀音을 쓰시오.,追逐,追逐,,추축,추축,
3급,112,2026-02-28,44,dokeum_W,다음 漢字語의 讀音을 쓰시오.,遲參,遲參,,지참,지참,
3급,112,2026-02-28,45,dokeum_W,다음 漢字語의 讀音을 쓰시오.,漂流,漂流,,표류,표류,
3급,112,2026-02-28,46,huneum_W,다음 漢字의 訓과 音을 쓰시오.,姻,姻,,혼인 인,혼인 인,
3급,112,2026-02-28,47,huneum_W,다음 漢字의 訓과 音을 쓰시오.,了,了,,마칠 료,마칠 료,
3급,112,2026-02-28,48,huneum_W,다음 漢字의 訓과 音을 쓰시오.,賜,賜,,줄 사,줄 사,
3급,112,2026-02-28,49,huneum_W,다음 漢字의 訓과 音을 쓰시오.,燭,燭,,촛불 촉,촛불 촉,
3급,112,2026-02-28,50,huneum_W,다음 漢字의 訓과 音을 쓰시오.,毫,毫,,터럭 호,터럭 호,
3급,112,2026-02-28,51,huneum_W,다음 漢字의 訓과 音을 쓰시오.,妾,妾,,첩 첩,첩 첩,
3급,112,2026-02-28,52,huneum_W,다음 漢字의 訓과 音을 쓰시오.,牽,牽,,이끌/끌 견,이끌/끌 견,
3급,112,2026-02-28,53,huneum_W,다음 漢字의 訓과 音을 쓰시오.,霧,霧,,안개 무,안개 무,
3급,112,2026-02-28,54,huneum_W,다음 漢字의 訓과 音을 쓰시오.,眉,眉,,눈썹 미,눈썹 미,
3급,112,2026-02-28,55,huneum_W,다음 漢字의 訓과 音을 쓰시오.,宜,宜,,마땅 의,마땅 의,
3급,112,2026-02-28,56,huneum_W,다음 漢字의 訓과 音을 쓰시오.,鴻,鴻,,기러기 홍,기러기 홍,
3급,112,2026-02-28,57,huneum_W,다음 漢字의 訓과 音을 쓰시오.,稻,稻,,벼 도,벼 도,
3급,112,2026-02-28,58,huneum_W,다음 漢字의 訓과 音을 쓰시오.,鈍,鈍,,둔할 둔,둔할 둔,
3급,112,2026-02-28,59,huneum_W,다음 漢字의 訓과 音을 쓰시오.,誦,誦,,욀 송,욀 송,
3급,112,2026-02-28,60,huneum_W,다음 漢字의 訓과 音을 쓰시오.,飽,飽,,배부를 포,배부를 포,
3급,112,2026-02-28,61,huneum_W,다음 漢字의 訓과 音을 쓰시오.,曉,曉,,새벽 효,새벽 효,
3급,112,2026-02-28,62,huneum_W,다음 漢字의 訓과 音을 쓰시오.,叫,叫,,부르짖을 규,부르짖을 규,
3급,112,2026-02-28,63,huneum_W,다음 漢字의 訓과 音을 쓰시오.,驅,驅,,몰 구,몰 구,
3급,112,2026-02-28,64,huneum_W,다음 漢字의 訓과 音을 쓰시오.,懲,懲,,징계할 징,징계할 징,
3급,112,2026-02-28,65,huneum_W,다음 漢字의 訓과 音을 쓰시오.,竝,竝,,나란히 병,나란히 병,
3급,112,2026-02-28,66,huneum_W,다음 漢字의 訓과 音을 쓰시오.,螢,螢,,반딧불 형,반딧불 형,
3급,112,2026-02-28,67,huneum_W,다음 漢字의 訓과 音을 쓰시오.,暮,暮,,저물 모,저물 모,
3급,112,2026-02-28,68,huneum_W,다음 漢字의 訓과 音을 쓰시오.,遙,遙,,멀 요,멀 요,
3급,112,2026-02-28,69,huneum_W,다음 漢字의 訓과 音을 쓰시오.,嫌,嫌,,싫어할 혐,싫어할 혐,
3급,112,2026-02-28,70,huneum_W,다음 漢字의 訓과 音을 쓰시오.,俊,俊,,준걸 준,준걸 준,
3급,112,2026-02-28,71,huneum_W,다음 漢字의 訓과 音을 쓰시오.,躍,躍,,뛸 약,뛸 약,
3급,112,2026-02-28,72,huneum_W,다음 漢字의 訓과 音을 쓰시오.,頗,頗,,자못 파,자못 파,
3급,112,2026-02-28,73,busu_W,다음 漢字의 部首를 쓰시오.,募,募,,力,力,
3급,112,2026-02-28,74,busu_W,다음 漢字의 部首를 쓰시오.,亨,亨,,亠,亠,
3급,112,2026-02-28,75,busu_W,다음 漢字의 部首를 쓰시오.,騰,騰,,馬,馬,
3급,112,2026-02-28,76,busu_W,다음 漢字의 部首를 쓰시오.,寅,寅,,宀,宀,
3급,112,2026-02-28,77,busu_W,다음 漢字의 部首를 쓰시오.,焉,焉,,火(灬),火(灬),
3급,112,2026-02-28,78,yakja_W,다음 漢字의 略字를 쓰시오.,繼,繼,,継,継,
3급,112,2026-02-28,79,yakja_W,다음 漢字의 略字를 쓰시오.,證,證,,証,証,
3급,112,2026-02-28,80,yakja_W,다음 漢字의 略字를 쓰시오.,鑛,鑛,,鉱,鉱,
3급,112,2026-02-28,81,jangeum_S,다음 漢字語 중 첫소리가 長音인 것을 가려 그 번호를 쓰시오.,,,"[""① 歌手"", ""② 假睡""]",②,② 假睡,
3급,112,2026-02-28,82,jangeum_S,다음 漢字語 중 첫소리가 長音인 것을 가려 그 번호를 쓰시오.,,,"[""① 告期"", ""② 顧忌""]",①,① 告期,
3급,112,2026-02-28,83,jangeum_S,다음 漢字語 중 첫소리가 長音인 것을 가려 그 번호를 쓰시오.,,,"[""① 暖房"", ""② 蘭芳""]",①,① 暖房,
3급,112,2026-02-28,84,jangeum_S,다음 漢字語 중 첫소리가 長音인 것을 가려 그 번호를 쓰시오.,,,"[""① 團地"", ""② 但只""]",②,② 但只,
3급,112,2026-02-28,85,jangeum_S,다음 漢字語 중 첫소리가 長音인 것을 가려 그 번호를 쓰시오.,,,"[""① 文具"", ""② 問求""]",②,② 問求,
3급,112,2026-02-28,86,yui_W,다음 (       ) 안에 밑줄 친 漢字와 뜻이 같거나 비슷한 漢字를 正字로 적어 문장을 완성하시오.,성을 공격하던 군사들이 (         )却하기 시작했다.,( )却,,退,退,
3급,112,2026-02-28,87,yui_W,다음 (       ) 안에 밑줄 친 漢字와 뜻이 같거나 비슷한 漢字를 正字로 적어 문장을 완성하시오.,"현대는 정보화 시대, 그리고 尖( ) 과학의 시대라 할 수 있다.",尖( ),,端,端,
3급,112,2026-02-28,88,yui_W,다음 (       ) 안에 밑줄 친 漢字와 뜻이 같거나 비슷한 漢字를 正字로 적어 문장을 완성하시오.,선생님은 (     )搖하는 아이들을 진정시켰다.,( )搖,,動,動,
3급,112,2026-02-28,89,yui_W,다음 (       ) 안에 밑줄 친 漢字와 뜻이 같거나 비슷한 漢字를 正字로 적어 문장을 완성하시오.,나는 운동화 끈을 풀어서 따로 ( )濯하였다.,( )濯,,洗,洗,
3급,112,2026-02-28,90,yui_W,다음 (       ) 안에 밑줄 친 漢字와 뜻이 같거나 비슷한 漢字를 正字로 적어 문장을 완성하시오.,그녀는 드디어 ( )匹을 만났다.,( )匹,,配,配,
3급,112,2026-02-28,91,banui_W,다음 (       ) 안에 밑줄 친 漢字와 뜻이 상대(또는 반대)되는 漢字를 正字로 적어 문장을 완성하시오.,투표에 대한 贊( )이 대등했다.,贊( ),,反,反,
3급,112,2026-02-28,92,banui_W,다음 (       ) 안에 밑줄 친 漢字와 뜻이 상대(또는 반대)되는 漢字를 正字로 적어 문장을 완성하시오.,이번 안건의 (     )捨를 회장에게 전적으로 일임했다.,( )捨,,取,取,
3급,112,2026-02-28,93,banui_W,다음 (       ) 안에 밑줄 친 漢字와 뜻이 상대(또는 반대)되는 漢字를 正字로 적어 문장을 완성하시오.,(   )昔을 막론하고 어머니는 위대하다.,( )昔,,今,今,
3급,112,2026-02-28,94,banui_W,다음 (       ) 안에 밑줄 친 漢字와 뜻이 상대(또는 반대)되는 漢字를 正字로 적어 문장을 완성하시오.,이 나라의 (     )枯와 성쇠는 청년들에게 달렸다.,( )枯,,榮,榮,
3급,112,2026-02-28,95,banui_W,다음 (       ) 안에 밑줄 친 漢字와 뜻이 상대(또는 반대)되는 漢字를 正字로 적어 문장을 완성하시오.,사장은 직원들의 (       )弔를 확실히 챙겼다.,( )弔,,慶,慶,
3급,112,2026-02-28,96,banuieo_W,다음 두 쌍의 漢字語가 상대어(또는 반대어)가 되도록 (              ) 안에 알맞은 漢字(正字)로 쓰시오.,肯定 ↔ ( )定,肯定 ↔ ( )定,,否,否,
3급,112,2026-02-28,97,banuieo_W,다음 두 쌍의 漢字語가 상대어(또는 반대어)가 되도록 (              ) 안에 알맞은 漢字(正字)로 쓰시오.,濫用 ↔ ( )(       ),濫用 ↔ ( )( ),,儉約,儉約,
3급,112,2026-02-28,98,banuieo_W,다음 두 쌍의 漢字語가 상대어(또는 반대어)가 되도록 (              ) 안에 알맞은 漢字(正字)로 쓰시오.,昇進 ↔ ( )(       ),昇進 ↔ ( )( ),,降等,降等,
3급,112,2026-02-28,99,banuieo_W,다음 두 쌍의 漢字語가 상대어(또는 반대어)가 되도록 (              ) 안에 알맞은 漢字(正字)로 쓰시오.,違憲 ↔ ( )憲,違憲 ↔ ( )憲,,合,合,
3급,112,2026-02-28,100,banuieo_W,다음 두 쌍의 漢字語가 상대어(또는 반대어)가 되도록 (              ) 안에 알맞은 漢字(正字)로 쓰시오.,郊外 ↔ (    )(       ),郊外 ↔ ( )( ),,都心,都心,
3급,112,2026-02-28,101,mean_W,다음 漢字語의 뜻을 쓰시오.,吉祥,吉祥,,운수가 좋을 조짐.,운수가 좋을 조짐.,
3급,112,2026-02-28,102,mean_W,다음 漢字語의 뜻을 쓰시오.,拙作,拙作,,솜씨가 서투르고 보잘것없는 작품.,솜씨가 서투르고 보잘것없는 작품.,
3급,112,2026-02-28,103,mean_W,다음 漢字語의 뜻을 쓰시오.,淸晨,淸晨,,맑은 첫새벽.,맑은 첫새벽.,
3급,112,2026-02-28,104,mean_W,다음 漢字語의 뜻을 쓰시오.,相憐,相憐,,서로 가엾게 여겨 동정함.,서로 가엾게 여겨 동정함.,
3급,112,2026-02-28,105,mean_W,다음 漢字語의 뜻을 쓰시오.,煩務,煩務,,번거롭고 어수선한 일.,번거롭고 어수선한 일.,
3급,112,2026-02-28,106,dongeumeo_W,다음 (          ) 속 단어의 同音異義語를 주어진 뜻에 맞게 漢字(正字)로 쓰시오.,(刻針) - 잠에서 깨어 눈을 뜸.,(刻針),,覺寢,覺寢,
3급,112,2026-02-28,107,dongeumeo_W,다음 (          ) 속 단어의 同音異義語를 주어진 뜻에 맞게 漢字(正字)로 쓰시오.,(鑑査) - 단체의 서무를 맡아 보는 직책.,(鑑査),,監事,監事,
3급,112,2026-02-28,108,dongeumeo_W,다음 (          ) 속 단어의 同音異義語를 주어진 뜻에 맞게 漢字(正字)로 쓰시오.,(結果) - 수업이나 강의 시간에 빠짐.,(結果),,缺課,缺課,
3급,112,2026-02-28,109,dongeumeo_W,다음 (          ) 속 단어의 同音異義語를 주어진 뜻에 맞게 漢字(正字)로 쓰시오.,(競起) - 매매나 거래에 나타나는 호황·불황 따위의 경제 활동 상태.,(競起),,景氣,景氣,
3급,112,2026-02-28,110,dongeumeo_W,다음 (          ) 속 단어의 同音異義語를 주어진 뜻에 맞게 漢字(正字)로 쓰시오.,(初露) - 풀숲에 난 길.,(初露),,草路,草路,
3급,112,2026-02-28,111,seongeo_W,다음 ( ) 안에 알맞은 漢字를 적어 四字成語를 완성하시오.,拔(    )塞源 : 뿌리를 뽑고 샘물을 막음.,拔( )塞源,,本,本,
3급,112,2026-02-28,112,seongeo_W,다음 ( ) 안에 알맞은 漢字를 적어 四字成語를 완성하시오.,(    )猶不及 : 지나침은 미치지 못함과 같음.,( )猶不及,,過,過,
3급,112,2026-02-28,113,seongeo_W,다음 ( ) 안에 알맞은 漢字를 적어 四字成語를 완성하시오.,街(    )巷說 : 거리나 항간에 떠도는 소문.,街( )巷說,,談,談,
3급,112,2026-02-28,114,seongeo_W,다음 ( ) 안에 알맞은 漢字를 적어 四字成語를 완성하시오.,萬頃蒼(    ) : 한없이 넓고 넓은 바다.,萬頃蒼( ),,波/海,波/海,
3급,112,2026-02-28,115,seongeo_W,다음 ( ) 안에 알맞은 漢字를 적어 四字成語를 완성하시오.,隔世之(    ) : 오래지 않은 동안 몰라보게 변해 다른 세상이 된 듯한 느낌.,隔世之( ),,感,感,
3급,112,2026-02-28,116,seongeo_W,다음 ( ) 안에 알맞은 漢字를 적어 四字成語를 완성하시오.,千載一(    ) : 천 년에 단 한 번 만남.,千載一( ),,遇,遇,
3급,112,2026-02-28,117,seongeo_W,다음 ( ) 안에 알맞은 漢字를 적어 四字成語를 완성하시오.,脣(    )齒寒 : 입술이 없으면 이가 시림.,脣( )齒寒,,亡,亡,
3급,112,2026-02-28,118,seongeo_W,다음 ( ) 안에 알맞은 漢字를 적어 四字成語를 완성하시오.,(    )骨難忘 : 죽어서 백골이 되어도 잊을 수 없음.,( )骨難忘,,白,白,
3급,112,2026-02-28,119,seongeo_W,다음 ( ) 안에 알맞은 漢字를 적어 四字成語를 완성하시오.,口尙( )臭 : 입에서 아직 젖내가 남.,口尙( )臭,,乳,乳,
3급,112,2026-02-28,120,seongeo_W,다음 ( ) 안에 알맞은 漢字를 적어 四字成語를 완성하시오.,烏(    )梨落 : 까마귀 날자 배 떨어짐.,烏( )梨落,,飛,飛,
3급,112,2026-02-28,121,hanjaeo_W,다음 문장의 밑줄 친 漢字語를 正字의 漢字로 쓰시오.,그는 젊은 시절 어려운 여건을 극복하고 성공하였다.,여건,,與件,與件,
3급,112,2026-02-28,122,hanjaeo_W,다음 문장의 밑줄 친 漢字語를 正字의 漢字로 쓰시오.,회비 미납부로 단체에서 제적 처리되었다.,제적,,除籍,除籍,
3급,112,2026-02-28,123,hanjaeo_W,다음 문장의 밑줄 친 漢字語를 正字의 漢字로 쓰시오.,착실히 저축해서 빈궁한 삶을 벗어났다.,빈궁,,貧窮,貧窮,
3급,112,2026-02-28,124,hanjaeo_W,다음 문장의 밑줄 친 漢字語를 正字의 漢字로 쓰시오.,그들의 창업에 투자할 사람들을 찾고 있다.,투자,,投資,投資,
3급,112,2026-02-28,125,hanjaeo_W,다음 문장의 밑줄 친 漢字語를 正字의 漢字로 쓰시오.,이 환자는 무조건 안정을 취해야 합니다.,안정,,安靜,安靜,
3급,112,2026-02-28,126,hanjaeo_W,다음 문장의 밑줄 친 漢字語를 正字의 漢字로 쓰시오.,이번 일은 은밀하게 추진되었다.,은밀,,隱密,隱密,
3급,112,2026-02-28,127,hanjaeo_W,다음 문장의 밑줄 친 漢字語를 正字의 漢字로 쓰시오.,어제 우리 동네 부잣집에 강도가 들었다.,강도,,強盜,強盜,
3급,112,2026-02-28,128,hanjaeo_W,다음 문장의 밑줄 친 漢字語를 正字의 漢字로 쓰시오.,초전도 기술은 제반 분야에서 광범하게 응용되는 차세대 핵심기술이다.,분야,,分野,分野,
3급,112,2026-02-28,129,hanjaeo_W,다음 문장의 밑줄 친 漢字語를 正字의 漢字로 쓰시오.,경제 한파로 프로야구 관중의 수가 격감했다.,격감,,激減,激減,
3급,112,2026-02-28,130,hanjaeo_W,다음 문장의 밑줄 친 漢字語를 正字의 漢字로 쓰시오.,너무 순한 것도 사회생활에서는 약점이다.,약점,,弱點,弱點,
3급,112,2026-02-28,131,hanjaeo_W,다음 문장의 밑줄 친 漢字語를 正字의 漢字로 쓰시오.,이번 사건은 현재 대법원에서 토의되고 있다.,토의,,討議,討議,
3급,112,2026-02-28,132,hanjaeo_W,다음 문장의 밑줄 친 漢字語를 正字의 漢字로 쓰시오.,논문을 쓸 때 적절한 어휘를 선택하는 것은 중요하다.,선택,,選擇,選擇,
3급,112,2026-02-28,133,hanjaeo_W,다음 문장의 밑줄 친 漢字語를 正字의 漢字로 쓰시오.,지난밤의 폭풍으로 공장의 기계가 손상되었다.,공장,,工場,工場,
3급,112,2026-02-28,134,hanjaeo_W,다음 문장의 밑줄 친 漢字語를 正字의 漢字로 쓰시오.,아버지의 유산이 형제들에게 골고루 분배되었다.,유산,,遺産,遺産,
3급,112,2026-02-28,135,hanjaeo_W,다음 문장의 밑줄 친 漢字語를 正字의 漢字로 쓰시오.,손님들 대부분은 지방에서 출장 온 관리들이었다.,출장,,出張,出張,
3급,112,2026-02-28,136,hanjaeo_W,다음 문장의 밑줄 친 漢字語를 正字의 漢字로 쓰시오.,그는 해외여행을 위해 여권을 발급받았다.,여행,,旅行,旅行,
3급,112,2026-02-28,137,hanjaeo_W,다음 문장의 밑줄 친 漢字語를 正字의 漢字로 쓰시오.,상대 선수는 틈틈이 반격할 기회를 엿보았다.,기회,,機會,機會,
3급,112,2026-02-28,138,hanjaeo_W,다음 문장의 밑줄 친 漢字語를 正字의 漢字로 쓰시오.,정부의 경제 발전 전략에 찬성한다고 지지를 보냈다.,정부,,政府,政府,
3급,112,2026-02-28,139,hanjaeo_W,다음 문장의 밑줄 친 漢字語를 正字의 漢字로 쓰시오.,두 나라가 석유 자원을 두고 전투를 벌인다.,석유,,石油,石油,
3급,112,2026-02-28,140,hanjaeo_W,다음 문장의 밑줄 친 漢字語를 正字의 漢字로 쓰시오.,그녀는 초등학교에서 영어 전담 교사를 맡고 있다.,전담,,專擔,專擔,
3급,112,2026-02-28,141,hanjaeo_W,다음 문장의 밑줄 친 漢字語를 正字의 漢字로 쓰시오.,그는 사건에 대해 자신이 목격이나 한 듯이 이야기했다.,목격,,目擊,目擊,
3급,112,2026-02-28,142,hanjaeo_W,다음 문장의 밑줄 친 漢字語를 正字의 漢字로 쓰시오.,감호 시설은 갱생의 기회를 주는 곳이다.,갱생,,更生,更生,
3급,112,2026-02-28,143,hanjaeo_W,다음 문장의 밑줄 친 漢字語를 正字의 漢字로 쓰시오.,현재 우리 측에는 그에게 대항할 선수가 없다.,대항,,對抗,對抗,
3급,112,2026-02-28,144,hanjaeo_W,다음 문장의 밑줄 친 漢字語를 正字의 漢字로 쓰시오.,적의 탱크를 육탄으로 저지하였다.,육탄,,肉彈,肉彈,
3급,112,2026-02-28,145,hanjaeo_W,다음 문장의 밑줄 친 漢字語를 正字의 漢字로 쓰시오.,프리즘이 빛을 산란시켜서 아름다운 색깔을 만들어 냈다.,산란,,散亂,散亂,
3급,112,2026-02-28,146,hanjaeo_W,다음 문장의 밑줄 친 漢字語를 正字의 漢字로 쓰시오.,학부모들은 새로 부임하신 교장선생님을 참 멋진 분으로 평판하였다.,평판,,評判,評判,
3급,112,2026-02-28,147,hanjaeo_W,다음 문장의 밑줄 친 漢字語를 正字의 漢字로 쓰시오.,전파를 탐지하는 기계를 설치했다.,탐지,,探知,探知,
3급,112,2026-02-28,148,hanjaeo_W,다음 문장의 밑줄 친 漢字語를 正字의 漢字로 쓰시오.,연고를 알 수 없는 사람의 먼 친척을 찾아주었다.,연고,,緣故,緣故,
3급,112,2026-02-28,149,hanjaeo_W,다음 문장의 밑줄 친 漢字語를 正字의 漢字로 쓰시오.,그는 아직도 소속 단체가 없다.,소속,,所屬,所屬,
3급,112,2026-02-28,150,hanjaeo_W,다음 문장의 밑줄 친 漢字語를 正字의 漢字로 쓰시오.,대감께서는 옥중에 갇혔어도 위광이 대단하십니다.,위광,,威光,威光,
3급,113,2026-05-23,1,dokeum_W,다음 밑줄 친 漢字語의 讀音을 쓰시오.,올해는 날씨가 변덕을 부려서 收穫이 늦은 편이다.,收穫,,수확,수확,
3급,113,2026-05-23,2,dokeum_W,다음 밑줄 친 漢字語의 讀音을 쓰시오.,영토 문제로 두 나라 사이에 紛爭이 발생했다.,紛爭,,분쟁,분쟁,
3급,113,2026-05-23,3,dokeum_W,다음 밑줄 친 漢字語의 讀音을 쓰시오.,우리는 풍요로운 전통문화의 혜택을 享有를 하고 있다.,享有,,향유,향유,
3급,113,2026-05-23,4,dokeum_W,다음 밑줄 친 漢字語의 讀音을 쓰시오.,나는 그 기계들을 竝置를 시켜 놓고 작업을 계속 진행했다.,竝置,,병치,병치,
3급,113,2026-05-23,5,dokeum_W,다음 밑줄 친 漢字語의 讀音을 쓰시오.,그는 선생님의 凝視를 피했다.,凝視,,응시,응시,
3급,113,2026-05-23,6,dokeum_W,다음 밑줄 친 漢字語의 讀音을 쓰시오.,강이 犯濫을 하여 우리 마을은 많은 피해를 입었다.,犯濫,,범람,범람,
3급,113,2026-05-23,7,dokeum_W,다음 밑줄 친 漢字語의 讀音을 쓰시오.,너의 행위는 우리 학교의 학칙에 철저하게 違背된다.,違背,,위배,위배,
3급,113,2026-05-23,8,dokeum_W,다음 밑줄 친 漢字語의 讀音을 쓰시오.,그녀는 감정을 抑制를 하지 못하고 끝내 울음을 터뜨렸다.,抑制,,억제,억제,
3급,113,2026-05-23,9,dokeum_W,다음 밑줄 친 漢字語의 讀音을 쓰시오.,그는 安逸과 나태에 젖은 생활을 하고 있다.,安逸,,안일,안일,
3급,113,2026-05-23,10,dokeum_W,다음 밑줄 친 漢字語의 讀音을 쓰시오.,그는 왜 파업에 동참하지 않았는지에 대해 동료들에게 겁쟁이라고 受侮를 겪었다.,受侮,,수모,수모,
3급,113,2026-05-23,11,dokeum_W,다음 밑줄 친 漢字語의 讀音을 쓰시오.,국어 선생님은 교과서에 나오는 모든 시를 暗誦하신다.,暗誦,,암송,암송,
3급,113,2026-05-23,12,dokeum_W,다음 밑줄 친 漢字語의 讀音을 쓰시오.,이 프로그램은 전에 사용하던 프로그램과 互換이 된다.,互換,,호환,호환,
3급,113,2026-05-23,13,dokeum_W,다음 밑줄 친 漢字語의 讀音을 쓰시오.,임시 국회의 霧散에 대한 여야 공방이 치열했다.,霧散,,무산,무산,
3급,113,2026-05-23,14,dokeum_W,다음 밑줄 친 漢字語의 讀音을 쓰시오.,지난밤 강도가 우리 집 재산을 掠奪했다.,掠奪,,약탈,약탈,
3급,113,2026-05-23,15,dokeum_W,다음 밑줄 친 漢字語의 讀音을 쓰시오.,비서의 조그마한 실수로 이번 협상이 決裂되었다.,決裂,,결렬,결렬,
3급,113,2026-05-23,16,dokeum_W,다음 밑줄 친 漢字語의 讀音을 쓰시오.,장군이 공을 세운 병사들에게 물품을 下賜했다.,下賜,,하사,하사,
3급,113,2026-05-23,17,dokeum_W,다음 밑줄 친 漢字語의 讀音을 쓰시오.,그는 초등학교를 皆勤한 성실한 친구이다.,皆勤,,개근,개근,
3급,113,2026-05-23,18,dokeum_W,다음 밑줄 친 漢字語의 讀音을 쓰시오.,毁損된 문화재의 복원이 시급하다.,毁損,,훼손,훼손,
3급,113,2026-05-23,19,dokeum_W,다음 밑줄 친 漢字語의 讀音을 쓰시오.,이 모든 일이 결국 너의 傲慢에서 비롯된 것임을 알아야 한다.,傲慢,,오만,오만,
3급,113,2026-05-23,20,dokeum_W,다음 밑줄 친 漢字語의 讀音을 쓰시오.,그런 성격의 소유자가 양자에 대한 憐憫이 깊다.,憐憫,,연민,연민,
3급,113,2026-05-23,21,dokeum_W,다음 漢字語의 讀音을 쓰시오.,劣性,劣性,,열성,열성,
3급,113,2026-05-23,22,dokeum_W,다음 漢字語의 讀音을 쓰시오.,漂流,漂流,,표류,표류,
3급,113,2026-05-23,23,dokeum_W,다음 漢字語의 讀音을 쓰시오.,回顧,回顧,,회고,회고,
3급,113,2026-05-23,24,dokeum_W,다음 漢字語의 讀音을 쓰시오.,隨伴,隨伴,,수반,수반,
3급,113,2026-05-23,25,dokeum_W,다음 漢字語의 讀音을 쓰시오.,諒解,諒解,,양해,양해,
3급,113,2026-05-23,26,dokeum_W,다음 漢字語의 讀音을 쓰시오.,飜譯,飜譯,,번역,번역,
3급,113,2026-05-23,27,dokeum_W,다음 漢字語의 讀音을 쓰시오.,傳播,傳播,,전파,전파,
3급,113,2026-05-23,28,dokeum_W,다음 漢字語의 讀音을 쓰시오.,逐出,逐出,,축출,축출,
3급,113,2026-05-23,29,dokeum_W,다음 漢字語의 讀音을 쓰시오.,罷職,罷職,,파직,파직,
3급,113,2026-05-23,30,dokeum_W,다음 漢字語의 讀音을 쓰시오.,誓約,誓約,,서약,서약,
3급,113,2026-05-23,31,dokeum_W,다음 漢字語의 讀音을 쓰시오.,挑戰,挑戰,,도전,도전,
3급,113,2026-05-23,32,dokeum_W,다음 漢字語의 讀音을 쓰시오.,拙見,拙見,,졸견,졸견,
3급,113,2026-05-23,33,dokeum_W,다음 漢字語의 讀音을 쓰시오.,塗裝,塗裝,,도장,도장,
3급,113,2026-05-23,34,dokeum_W,다음 漢字語의 讀音을 쓰시오.,返送,返送,,반송,반송,
3급,113,2026-05-23,35,dokeum_W,다음 漢字語의 讀音을 쓰시오.,埋葬,埋葬,,매장,매장,
3급,113,2026-05-23,36,dokeum_W,다음 漢字語의 讀音을 쓰시오.,傍觀,傍觀,,방관,방관,
3급,113,2026-05-23,37,dokeum_W,다음 漢字語의 讀音을 쓰시오.,冷却,冷却,,냉각,냉각,
3급,113,2026-05-23,38,dokeum_W,다음 漢字語의 讀音을 쓰시오.,補佐,補佐,,보좌,보좌,
3급,113,2026-05-23,39,dokeum_W,다음 漢字語의 讀音을 쓰시오.,搜索,搜索,,수색,수색,
3급,113,2026-05-23,40,dokeum_W,다음 漢字語의 讀音을 쓰시오.,動搖,動搖,,동요,동요,
3급,113,2026-05-23,41,dokeum_W,다음 漢字語의 讀音을 쓰시오.,妥協,妥協,,타협,타협,
3급,113,2026-05-23,42,dokeum_W,다음 漢字語의 讀音을 쓰시오.,暢敍,暢敍,,창서,창서,
3급,113,2026-05-23,43,dokeum_W,다음 漢字語의 讀音을 쓰시오.,召還,召還,,소환,소환,
3급,113,2026-05-23,44,dokeum_W,다음 漢字語의 讀音을 쓰시오.,擁護,擁護,,옹호,옹호,
3급,113,2026-05-23,45,dokeum_W,다음 漢字語의 讀音을 쓰시오.,躍進,躍進,,약진,약진,
3급,113,2026-05-23,46,huneum_W,다음 漢字의 訓과 音을 쓰시오.,豚,豚,,돼지 돈,돼지 돈,
3급,113,2026-05-23,47,huneum_W,다음 漢字의 訓과 音을 쓰시오.,伸,伸,,펼 신,펼 신,
3급,113,2026-05-23,48,huneum_W,다음 漢字의 訓과 音을 쓰시오.,欺,欺,,속일 기,속일 기,
3급,113,2026-05-23,49,huneum_W,다음 漢字의 訓과 音을 쓰시오.,舟,舟,,배 주,배 주,
3급,113,2026-05-23,50,huneum_W,다음 漢字의 訓과 音을 쓰시오.,丑,丑,,소 축,소 축,
3급,113,2026-05-23,51,huneum_W,다음 漢字의 訓과 音을 쓰시오.,暑,暑,,더울 서,더울 서,
3급,113,2026-05-23,52,huneum_W,다음 漢字의 訓과 音을 쓰시오.,廟,廟,,사당 묘,사당 묘,
3급,113,2026-05-23,53,huneum_W,다음 漢字의 訓과 音을 쓰시오.,矯,矯,,바로잡을 교,바로잡을 교,
3급,113,2026-05-23,54,huneum_W,다음 漢字의 訓과 音을 쓰시오.,姻,姻,,혼인 인,혼인 인,
3급,113,2026-05-23,55,huneum_W,다음 漢字의 訓과 音을 쓰시오.,弘,弘,,클 홍,클 홍,
3급,113,2026-05-23,56,huneum_W,다음 漢字의 訓과 音을 쓰시오.,詐,詐,,속일 사,속일 사,
3급,113,2026-05-23,57,huneum_W,다음 漢字의 訓과 音을 쓰시오.,巷,巷,,거리 항,거리 항,
3급,113,2026-05-23,58,huneum_W,다음 漢字의 訓과 音을 쓰시오.,俱,俱,,함께 구,함께 구,
3급,113,2026-05-23,59,huneum_W,다음 漢字의 訓과 音을 쓰시오.,遍,遍,,두루 편,두루 편,
3급,113,2026-05-23,60,huneum_W,다음 漢字의 訓과 音을 쓰시오.,枕,枕,,베개 침,베개 침,
3급,113,2026-05-23,61,huneum_W,다음 漢字의 訓과 音을 쓰시오.,囚,囚,,가둘 수,가둘 수,
3급,113,2026-05-23,62,huneum_W,다음 漢字의 訓과 音을 쓰시오.,蔽,蔽,,덮을 폐,덮을 폐,
3급,113,2026-05-23,63,huneum_W,다음 漢字의 訓과 音을 쓰시오.,梨,梨,,배 리,배 리,
3급,113,2026-05-23,64,huneum_W,다음 漢字의 訓과 音을 쓰시오.,貪,貪,,탐낼 탐,탐낼 탐,
3급,113,2026-05-23,65,huneum_W,다음 漢字의 訓과 音을 쓰시오.,楊,楊,,버들 양,버들 양,
3급,113,2026-05-23,66,huneum_W,다음 漢字의 訓과 音을 쓰시오.,迷,迷,,미혹할 미,미혹할 미,
3급,113,2026-05-23,67,huneum_W,다음 漢字의 訓과 音을 쓰시오.,冥,冥,,어두울 명,어두울 명,
3급,113,2026-05-23,68,huneum_W,다음 漢字의 訓과 音을 쓰시오.,臭,臭,,냄새 취,냄새 취,
3급,113,2026-05-23,69,huneum_W,다음 漢字의 訓과 音을 쓰시오.,零,零,,떨어질 령,떨어질 령,
3급,113,2026-05-23,70,huneum_W,다음 漢字의 訓과 音을 쓰시오.,吟,吟,,읊을 음,읊을 음,
3급,113,2026-05-23,71,huneum_W,다음 漢字의 訓과 音을 쓰시오.,蝶,蝶,,나비 접,나비 접,
3급,113,2026-05-23,72,huneum_W,다음 漢字의 訓과 音을 쓰시오.,矢,矢,,화살 시,화살 시,
3급,113,2026-05-23,73,busu_W,다음 漢字의 部首를 쓰시오.,咸,咸,,口,口,
3급,113,2026-05-23,74,busu_W,다음 漢字의 部首를 쓰시오.,那,那,,邑(⻏),邑(⻏),
3급,113,2026-05-23,75,busu_W,다음 漢字의 部首를 쓰시오.,麥,麥,,麥,麥,
3급,113,2026-05-23,76,busu_W,다음 漢字의 部首를 쓰시오.,牽,牽,,牛,牛,
3급,113,2026-05-23,77,busu_W,다음 漢字의 部首를 쓰시오.,乎,乎,,丿,丿,
3급,113,2026-05-23,78,yakja_W,다음 漢字의 略字를 쓰시오.,盡,盡,,尽,尽,
3급,113,2026-05-23,79,yakja_W,다음 漢字의 略字를 쓰시오.,鑛,鑛,,鉱,鉱,
3급,113,2026-05-23,80,yakja_W,다음 漢字의 略字를 쓰시오.,條,條,,条,条,
3급,113,2026-05-23,81,jangeum_S,다음 漢字語 중 첫소리가 長音인 것을 가려 그 번호를 쓰시오.,,,"[""① 懷疑"", ""② 會議""]",②,② 會議,
3급,113,2026-05-23,82,jangeum_S,다음 漢字語 중 첫소리가 長音인 것을 가려 그 번호를 쓰시오.,,,"[""① 祭祀"", ""② 諸事""]",①,① 祭祀,
3급,113,2026-05-23,83,jangeum_S,다음 漢字語 중 첫소리가 長音인 것을 가려 그 번호를 쓰시오.,,,"[""① 科擧"", ""② 過去""]",②,② 過去,
3급,113,2026-05-23,84,jangeum_S,다음 漢字語 중 첫소리가 長音인 것을 가려 그 번호를 쓰시오.,,,"[""① 負傷"", ""② 浮上""]",①,① 負傷,
3급,113,2026-05-23,85,jangeum_S,다음 漢字語 중 첫소리가 長音인 것을 가려 그 번호를 쓰시오.,,,"[""① 署名"", ""② 書名""]",①,① 署名,
3급,113,2026-05-23,86,yui_W,다음 (      ) 안에 밑줄 친 漢字와 뜻이 같거나 비슷한 漢字를 正字로 적어 문장을 완성하시오.,검사는 범인에게 竊(      ) 혐의로 구속 영장을 신청하다.,竊( ),,盜,盜,
3급,113,2026-05-23,87,yui_W,다음 (      ) 안에 밑줄 친 漢字와 뜻이 같거나 비슷한 漢字를 正字로 적어 문장을 완성하시오.,그 정치가의 말은 하루하루 삶을 힘겹게 사는 사람들에게 遙(            )하게 들릴 뿐이다.,遙( ),,遠,遠,
3급,113,2026-05-23,88,yui_W,다음 (      ) 안에 밑줄 친 漢字와 뜻이 같거나 비슷한 漢字를 正字로 적어 문장을 완성하시오.,그녀는 아무것도 할 수 없는 자기 자신을 嫌( )했다.,嫌( ),,惡,惡,
3급,113,2026-05-23,89,yui_W,다음 (      ) 안에 밑줄 친 漢字와 뜻이 같거나 비슷한 漢字를 正字로 적어 문장을 완성하시오.,폭격 현장의 ( )慘한 모습은 말로는 다할 수 없을 지경이었다.,( )慘,,悲,悲,
3급,113,2026-05-23,90,yui_W,다음 (      ) 안에 밑줄 친 漢字와 뜻이 같거나 비슷한 漢字를 正字로 적어 문장을 완성하시오.,결혼식에서 본 둘의 모습은 마치 천상의 (    )匹 같았다.,( )匹,,配,配,
3급,113,2026-05-23,91,banui_W,다음 (      ) 안에 밑줄 친 漢字와 뜻이 상대(또는 반대)되는 漢字를 正字로 적어 문장을 완성하시오.,직원의 (   )免은 사장님께서 결정하실 일입니다.,( )免,,任,任,
3급,113,2026-05-23,92,banui_W,다음 (      ) 안에 밑줄 친 漢字와 뜻이 상대(또는 반대)되는 漢字를 正字로 적어 문장을 완성하시오.,교직에 몸담고 처음 내는 시험 문제인지라 문항의 難(        )를 조절하기 힘들었다.,難( ),,易,易,
3급,113,2026-05-23,93,banui_W,다음 (      ) 안에 밑줄 친 漢字와 뜻이 상대(또는 반대)되는 漢字를 正字로 적어 문장을 완성하시오.,이번 일에 (    )鄕 각지에 흩어져 있는 우리 동문들의 도움이 절실하다.,( )鄕,,京,京,
3급,113,2026-05-23,94,banui_W,다음 (      ) 안에 밑줄 친 漢字와 뜻이 상대(또는 반대)되는 漢字를 正字로 적어 문장을 완성하시오.,마을 사람들은 그의 (        )薄한 마음씨를 칭찬했다.,( )薄,,厚,厚,
3급,113,2026-05-23,95,banui_W,다음 (      ) 안에 밑줄 친 漢字와 뜻이 상대(또는 반대)되는 漢字를 正字로 적어 문장을 완성하시오.,그는 投(   )에 모두 뛰어난 야구 선수이다.,投( ),,打,打,
3급,113,2026-05-23,96,banuieo_W,다음 두 쌍의 漢字語가 상대어(또는 반대어)가 되도록 (          ) 안에 알맞은 漢字(正字)로 쓰시오.,平凡 ↔ ( )凡,平凡 ↔ ( )凡,,非,非,
3급,113,2026-05-23,97,banuieo_W,다음 두 쌍의 漢字語가 상대어(또는 반대어)가 되도록 (          ) 안에 알맞은 漢字(正字)로 쓰시오.,富貴 ↔ ( )賤,富貴 ↔ ( )賤,,貧,貧,
3급,113,2026-05-23,98,banuieo_W,다음 두 쌍의 漢字語가 상대어(또는 반대어)가 되도록 (          ) 안에 알맞은 漢字(正字)로 쓰시오.,剛健 ↔ ( )柔,剛健 ↔ ( )柔,,優,優,
3급,113,2026-05-23,99,banuieo_W,다음 두 쌍의 漢字語가 상대어(또는 반대어)가 되도록 (          ) 안에 알맞은 漢字(正字)로 쓰시오.,銳(   ) ↔ 鈍濁,銳( ) ↔ 鈍濁,,利,利,
3급,113,2026-05-23,100,banuieo_W,다음 두 쌍의 漢字語가 상대어(또는 반대어)가 되도록 (          ) 안에 알맞은 漢字(正字)로 쓰시오.,複雜 ↔ (    )(   ),複雜 ↔ ( )( ),,簡單,簡單,
3급,113,2026-05-23,101,mean_W,다음 漢字語의 뜻을 쓰시오.,聰慧,聰慧,,총명하고 슬기로움.,총명하고 슬기로움.,
3급,113,2026-05-23,102,mean_W,다음 漢字語의 뜻을 쓰시오.,脣齒,脣齒,,입술과 이.,입술과 이.,
3급,113,2026-05-23,103,mean_W,다음 漢字語의 뜻을 쓰시오.,請賓,請賓,,잔치 따위에 손님을 청함.,잔치 따위에 손님을 청함.,
3급,113,2026-05-23,104,mean_W,다음 漢字語의 뜻을 쓰시오.,天旱,天旱,,가뭄.,가뭄.,
3급,113,2026-05-23,105,mean_W,다음 漢字語의 뜻을 쓰시오.,枯渴,枯渴,,물이 말라서 없어짐.,물이 말라서 없어짐.,
3급,113,2026-05-23,106,dongeumeo_W,다음 (      ) 속 단어의 同音異義語를 주어진 뜻에 맞게 漢字(正字)로 쓰시오.,(加結) - 없어도 될 만함.,(加結),,可缺,可缺,
3급,113,2026-05-23,107,dongeumeo_W,다음 (      ) 속 단어의 同音異義語를 주어진 뜻에 맞게 漢字(正字)로 쓰시오.,(宮裏) - 사물의 이치를 깊이 연구함.,(宮裏),,窮理,窮理,
3급,113,2026-05-23,108,dongeumeo_W,다음 (      ) 속 단어의 同音異義語를 주어진 뜻에 맞게 漢字(正字)로 쓰시오.,(船架) - 신선이 사는 집.,(船架),,仙家,仙家,
3급,113,2026-05-23,109,dongeumeo_W,다음 (      ) 속 단어의 同音異義語를 주어진 뜻에 맞게 漢字(正字)로 쓰시오.,(衆園) - 넓은 들판의 중앙.,(衆園),,中原,中原,
3급,113,2026-05-23,110,dongeumeo_W,다음 (      ) 속 단어의 同音異義語를 주어진 뜻에 맞게 漢字(正字)로 쓰시오.,(曉露) - 힘들인 보람.,(曉露),,效勞,效勞,
3급,113,2026-05-23,111,seongeo_W,다음 ( ) 안에 알맞은 漢字를 적어 四字成語를 완성하시오.,(    )陵桃源 : 세상과 따로 떨어진 별천지.,( )陵桃源,,武,武,
3급,113,2026-05-23,112,seongeo_W,다음 ( ) 안에 알맞은 漢字를 적어 四字成語를 완성하시오.,騷人墨(    ) : 시문과 서화를 일삼는 사람.,騷人墨( ),,客,客,
3급,113,2026-05-23,113,seongeo_W,다음 ( ) 안에 알맞은 漢字를 적어 四字成語를 완성하시오.,漸入佳(    ) : 들어갈수록 점점 경치가 좋음.,漸入佳( ),,境,境,
3급,113,2026-05-23,114,seongeo_W,다음 ( ) 안에 알맞은 漢字를 적어 四字成語를 완성하시오.,(    )頃蒼波 : 한없이 넓고 넓은 바다.,( )頃蒼波,,萬,萬,
3급,113,2026-05-23,115,seongeo_W,다음 ( ) 안에 알맞은 漢字를 적어 四字成語를 완성하시오.,抱腹( )倒 : 배를 그러안고 넘어질 정도로 몹시 웃음.,抱腹( )倒,,絶,絶,
3급,113,2026-05-23,116,seongeo_W,다음 ( ) 안에 알맞은 漢字를 적어 四字成語를 완성하시오.,(    )邪顯正 : 사견과 사도를 깨고 정법을 드러냄.,( )邪顯正,,破,破,
3급,113,2026-05-23,117,seongeo_W,다음 ( ) 안에 알맞은 漢字를 적어 四字成語를 완성하시오.,罔極之(    ) : 끝없이 베풀어 주는 혜택이나 고마움.,罔極之( ),,恩,恩,
3급,113,2026-05-23,118,seongeo_W,다음 ( ) 안에 알맞은 漢字를 적어 四字成語를 완성하시오.,群(    )割據 : 여러 영웅이 각기 한 지방씩 차지하고 위세를 부림.,群( )割據,,雄,雄,
3급,113,2026-05-23,119,seongeo_W,다음 ( ) 안에 알맞은 漢字를 적어 四字成語를 완성하시오.,皮骨相(    ) : 살가죽과 뼈가 맞붙음.,皮骨相( ),,接,接,
3급,113,2026-05-23,120,seongeo_W,다음 ( ) 안에 알맞은 漢字를 적어 四字成語를 완성하시오.,孤(    )奮鬪 : 외로이 떨어져 있는 군사가 많은 수의 적군과 용감하게 잘 싸움.,孤( )奮鬪,,軍,軍,
3급,113,2026-05-23,121,hanjaeo_W,다음 문장의 밑줄 친 漢字語를 正字의 漢字로 쓰시오.,이 약은 간혹 구토나 설사 등의 부작용을 일으킬 수 있다.,간혹,,間或,間或,
3급,113,2026-05-23,122,hanjaeo_W,다음 문장의 밑줄 친 漢字語를 正字의 漢字로 쓰시오.,독재자가 시민들을 총칼로 위협하며 굴종을 강요하였다.,강요,,强要,强要,
3급,113,2026-05-23,123,hanjaeo_W,다음 문장의 밑줄 친 漢字語를 正字의 漢字로 쓰시오.,전철의 임산부나 노약자 좌석은 비워 두는 것이 예의다.,좌석,,座席/坐席,座席/坐席,
3급,113,2026-05-23,124,hanjaeo_W,다음 문장의 밑줄 친 漢字語를 正字의 漢字로 쓰시오.,공권력이 오히려 국민의 정당한 권리 행사를 방해하기도 한다.,방해,,妨害,妨害,
3급,113,2026-05-23,125,hanjaeo_W,다음 문장의 밑줄 친 漢字語를 正字의 漢字로 쓰시오.,할아버지는 가족들에게 따뜻한 마지막 유언을 남기셨다.,유언,,遺言,遺言,
3급,113,2026-05-23,126,hanjaeo_W,다음 문장의 밑줄 친 漢字語를 正字의 漢字로 쓰시오.,이 산자락이 끝나는 곳에 아버지의 묘지가 있었다.,묘지,,墓地,墓地,
3급,113,2026-05-23,127,hanjaeo_W,다음 문장의 밑줄 친 漢字語를 正字의 漢字로 쓰시오.,죄형은 법률에 의해서만 규정된다.,죄형,,罪刑,罪刑,
3급,113,2026-05-23,128,hanjaeo_W,다음 문장의 밑줄 친 漢字語를 正字의 漢字로 쓰시오.,세종대왕은 훈민정음을 제정하여 공포하였다.,공포,,公布,公布,
3급,113,2026-05-23,129,hanjaeo_W,다음 문장의 밑줄 친 漢字語를 正字의 漢字로 쓰시오.,동해를 일본해로 표기하여 여러 사람들에게 질타를 받았다.,표기,,標記,標記,
3급,113,2026-05-23,130,hanjaeo_W,다음 문장의 밑줄 친 漢字語를 正字의 漢字로 쓰시오.,한 학생의 질문에 대해 교수는 명쾌하게 답변을 했다.,답변,,答辯,答辯,
3급,113,2026-05-23,131,hanjaeo_W,다음 문장의 밑줄 친 漢字語를 正字의 漢字로 쓰시오.,사원들끼리 격론을 벌인 후 훌륭한 결과를 도출하였다.,격론,,激論,激論,
3급,113,2026-05-23,132,hanjaeo_W,다음 문장의 밑줄 친 漢字語를 正字의 漢字로 쓰시오.,홍수로 인해 학생들의 중간고사가 연기되었다.,연기,,延期,延期,
3급,113,2026-05-23,133,hanjaeo_W,다음 문장의 밑줄 친 漢字語를 正字의 漢字로 쓰시오.,이 자리는 장애인 전용 주차 구역입니다.,전용,,專用,專用,
3급,113,2026-05-23,134,hanjaeo_W,다음 문장의 밑줄 친 漢字語를 正字의 漢字로 쓰시오.,사람의 됨됨이를 판단할 때 첫 인상은 중요한 영향을 미친다.,인상,,印象,印象,
3급,113,2026-05-23,135,hanjaeo_W,다음 문장의 밑줄 친 漢字語를 正字의 漢字로 쓰시오.,올해는 예년에 비해 이른 장마가 될 것이라 예보하고 있다.,예보,,豫報,豫報,
3급,113,2026-05-23,136,hanjaeo_W,다음 문장의 밑줄 친 漢字語를 正字의 漢字로 쓰시오.,"눈, 코, 귀, 혀, 살갗을 통해 여러 감각을 느낄 수 있다.",감각,,感覺,感覺,
3급,113,2026-05-23,137,hanjaeo_W,다음 문장의 밑줄 친 漢字語를 正字의 漢字로 쓰시오.,만일의 상황에 대비해 준비를 철저히 하자.,상황,,狀況,狀況,
3급,113,2026-05-23,138,hanjaeo_W,다음 문장의 밑줄 친 漢字語를 正字의 漢字로 쓰시오.,타인을 험담하는 사람은 선생님으로서 자질이 부족하다.,험담,,險談,險談,
3급,113,2026-05-23,139,hanjaeo_W,다음 문장의 밑줄 친 漢字語를 正字의 漢字로 쓰시오.,세탁기도 옷을 완전히 탈수시킬 수 있다.,탈수,,脫水,脫水,
3급,113,2026-05-23,140,hanjaeo_W,다음 문장의 밑줄 친 漢字語를 正字의 漢字로 쓰시오.,우리 대표팀은 모두가 자신의 능력을 최대한 발휘했다.,능력,,能力,能力,
3급,113,2026-05-23,141,hanjaeo_W,다음 문장의 밑줄 친 漢字語를 正字의 漢字로 쓰시오.,소재의 내외부 경도가 균일하다.,균일,,均一,均一,
3급,113,2026-05-23,142,hanjaeo_W,다음 문장의 밑줄 친 漢字語를 正字의 漢字로 쓰시오.,여러 아리랑은 본디 강원도 정선아리랑에서 파생되었다.,파생,,派生,派生,
3급,113,2026-05-23,143,hanjaeo_W,다음 문장의 밑줄 친 漢字語를 正字의 漢字로 쓰시오.,서로의 주장을 굽히지 않아 회의가 결렬되었다.,주장,,主張,主張,
3급,113,2026-05-23,144,hanjaeo_W,다음 문장의 밑줄 친 漢字語를 正字의 漢字로 쓰시오.,심증만 있을 뿐 물증이 없다.,심증,,心證,心證,
3급,113,2026-05-23,145,hanjaeo_W,다음 문장의 밑줄 친 漢字語를 正字의 漢字로 쓰시오.,조회 시간에 교장 선생님이 우리 반 학생들에게 찬사를 보내셨다.,찬사,,讚辭,讚辭,
3급,113,2026-05-23,146,hanjaeo_W,다음 문장의 밑줄 친 漢字語를 正字의 漢字로 쓰시오.,단종은 유배지에서 통한의 세월을 보내다가 영면했다.,통한,,痛恨,痛恨,
3급,113,2026-05-23,147,hanjaeo_W,다음 문장의 밑줄 친 漢字語를 正字의 漢字로 쓰시오.,모녀가 공항에서 애틋한 이별의 슬픔을 나누고 있다.,이별,,離別,離別,
3급,113,2026-05-23,148,hanjaeo_W,다음 문장의 밑줄 친 漢字語를 正字의 漢字로 쓰시오.,일본인이지만 한국 야구팀을 위해 열렬히 응원했다.,한국,,韓國,韓國,
3급,113,2026-05-23,149,hanjaeo_W,다음 문장의 밑줄 친 漢字語를 正字의 漢字로 쓰시오.,그 일은 실현이 불가능하다고 평가되고 있다.,평가,,評價,評價,
3급,113,2026-05-23,150,hanjaeo_W,다음 문장의 밑줄 친 漢字語를 正字의 漢字로 쓰시오.,주인이 없는 땅은 모두 국가에 귀속된다.,귀속,,歸屬,歸屬,
