level,session,exam_date,question_no,question_type,instruction,question_text,target,options,answer,answer_display,image_path
6급II,80,2018-02-24,1,dokum,다음 밑줄 친 漢字語의 讀音을 쓰세요.,그는 한참 만에 電話를 받았습 니다.,電話,,전화,전화,
6급II,80,2018-02-24,2,dokum,다음 밑줄 친 漢字語의 讀音을 쓰세요.,우리나라 자연의 아름다움은 世界 적으로 유명합니다.,世界,,세계,세계,
6급II,80,2018-02-24,3,dokum,다음 밑줄 친 漢字語의 讀音을 쓰세요.,할아버지는 書堂에서 천자문을 배웠습니다.,書堂,,서당,서당,
6급II,80,2018-02-24,4,dokum,다음 밑줄 친 漢字語의 讀音을 쓰세요.,내가 어릴 때 살던 집이 形體조 차 찾을 없었습니다.,形體,,형체,형체,
6급II,80,2018-02-24,5,dokum,다음 밑줄 친 漢字語의 讀音을 쓰세요.,동사무소에서는 洞民을 위해 무 료 독서실을 운영합니다.,洞民,,동민,동민,
6급II,80,2018-02-24,6,dokum,다음 밑줄 친 漢字語의 讀音을 쓰세요.,비행기는 대량 수송에 有利한 운송 수단입니다.,有利,,유리,유리,
6급II,80,2018-02-24,7,dokum,다음 밑줄 친 漢字語의 讀音을 쓰세요.,건강을 잃지 않도록 항상 注意 합시다.,注意,,주의,주의,
6급II,80,2018-02-24,8,dokum,다음 밑줄 친 漢字語의 讀音을 쓰세요.,두 사람의 혼인이 成立되었음을 선언합니다.,成立,,성립,성립,
6급II,80,2018-02-24,9,dokum,다음 밑줄 친 漢字語의 讀音을 쓰세요.,삼촌은 아프리카에서 의료 봉사 活動을 합니다.,活動,,활동,활동,
6급II,80,2018-02-24,10,dokum,다음 밑줄 친 漢字語의 讀音을 쓰세요.,할아버지는 팔순이 넘어도 藥草 를 캐러 다닙니다.,藥草,,약초,약초,
6급II,80,2018-02-24,11,dokum,다음 밑줄 친 漢字語의 讀音을 쓰세요.,바람에 風車가 천천히 돌기 시 작합니다.,風車,,풍차,풍차,
6급II,80,2018-02-24,12,dokum,다음 밑줄 친 漢字語의 讀音을 쓰세요.,우리 가족은 自然을 벗 삼아 하 루를 즐겼습니다.,自然,,자연,자연,
6급II,80,2018-02-24,13,dokum,다음 밑줄 친 漢字語의 讀音을 쓰세요.,여러분의 격려와 응원에 勇氣가 납니다.,勇氣,,용기,용기,
6급II,80,2018-02-24,14,dokum,다음 밑줄 친 漢字語의 讀音을 쓰세요.,시립도서관은 休日에도 문을 엽 니다.,休日,,휴일,휴일,
6급II,80,2018-02-24,15,dokum,다음 밑줄 친 漢字語의 讀音을 쓰세요.,어머니는 食飮을 전폐하고 누 워 계십니다.,食飮,,식음,식음,
6급II,80,2018-02-24,16,dokum,다음 밑줄 친 漢字語의 讀音을 쓰세요.,철수는 자신이 天才라고 믿고 있습니다.,天才,,천재,천재,
6급II,80,2018-02-24,17,dokum,다음 밑줄 친 漢字語의 讀音을 쓰세요.,그녀는 대학 진학을 포기하고 직업 戰線으로 나갔습니다.,戰線,,전선,전선,
6급II,80,2018-02-24,18,dokum,다음 밑줄 친 漢字語의 讀音을 쓰세요.,네 홈페이지 住所가 뭐니?,住所,,주소,주소,
6급II,80,2018-02-24,19,dokum,다음 밑줄 친 漢字語의 讀音을 쓰세요.,감독 교사가 答紙 한 장을 더 주었습니다.,答紙,,답지,답지,
6급II,80,2018-02-24,20,dokum,다음 밑줄 친 漢字語의 讀音을 쓰세요.,그만 들락거리고 集中해서 공 부해라.,集中,,집중,집중,
6급II,80,2018-02-24,21,dokum,다음 밑줄 친 漢字語의 讀音을 쓰세요.,연희는 주소록을 보고 同窓들 에게 연락을 했습니다.,同窓,,동창,동창,
6급II,80,2018-02-24,22,dokum,다음 밑줄 친 漢字語의 讀音을 쓰세요.,"오늘은 대학 합격자 發表가 있 는 날입니다. 6級II *** 6級과6級Ⅱ는서로다른급수입니다. 반드시지원급수를다시확인하세요. *** 80 문항 / 50분 시험 / 시험일자 : 2018. 02. 24. * 성명과 수험번호를 쓰고 문제지와 답안지는 함께 제출하세요. 성명( ), 수험번호□□□-□□-□□□□",發表,,발표,발표,
6급II,80,2018-02-24,23,dokum,다음 밑줄 친 漢字語의 讀音을 쓰세요.,형은 방학 동안 공사 現場에서 일을 하였습니다.,現場,,현장,현장,
6급II,80,2018-02-24,24,dokum,다음 밑줄 친 漢字語의 讀音을 쓰세요.,일기 쓰기는 자기 反省의 기회 를 줍니다.,反省,,반성,반성,
6급II,80,2018-02-24,25,dokum,다음 밑줄 친 漢字語의 讀音을 쓰세요.,그는 몇 시쯤 되었는지 궁금해 서 時計를 봅니다.,時計,,시계,시계,
6급II,80,2018-02-24,26,dokum,다음 밑줄 친 漢字語의 讀音을 쓰세요.,그녀는 세계가 알아주는 사진 作家입니다.,作家,,작가,작가,
6급II,80,2018-02-24,27,dokum,다음 밑줄 친 漢字語의 讀音을 쓰세요.,우리는 하나밖에 없는 地球를 아껴야 합니다.,地球,,지구,지구,
6급II,80,2018-02-24,28,dokum,다음 밑줄 친 漢字語의 讀音을 쓰세요.,그녀는 젊어서 男便을 잃었습니 다.,男便,,남편,남편,
6급II,80,2018-02-24,29,dokum,다음 밑줄 친 漢字語의 讀音을 쓰세요.,그는 농구 선수들 중에는 短身 입니다.,短身,,단신,단신,
6급II,80,2018-02-24,30,dokum,다음 밑줄 친 漢字語의 讀音을 쓰세요.,그는 입사 일 년 만에 代理로 승진하였습니다.,代理,,대리,대리,
6급II,80,2018-02-24,31,dokum,다음 밑줄 친 漢字語의 讀音을 쓰세요.,지혜는 밤새 한자시험 工夫를 열심히 했습니다.,工夫,,공부,공부,
6급II,80,2018-02-24,32,dokum,다음 밑줄 친 漢字語의 讀音을 쓰세요.,오늘 행사는 세 部分으로 나누 어 진행합니다.,部分,,부분,부분,
6급II,80,2018-02-24,33,hunum,다음 漢字의 訓과 音을 쓰세요.,雪,雪,,눈 설,눈 설,
6급II,80,2018-02-24,34,hunum,다음 漢字의 訓과 音을 쓰세요.,光,光,,빛 광,빛 광,
6급II,80,2018-02-24,35,hunum,다음 漢字의 訓과 音을 쓰세요.,寸,寸,,마디 촌,마디 촌,
6급II,80,2018-02-24,36,hunum,다음 漢字의 訓과 音을 쓰세요.,面,面,,낯 면,낯 면,
6급II,80,2018-02-24,37,hunum,다음 漢字의 訓과 音을 쓰세요.,孝,孝,,효도 효,효도 효,
6급II,80,2018-02-24,38,hunum,다음 漢字의 訓과 音을 쓰세요.,等,等,,무리 등,무리 등,
6급II,80,2018-02-24,39,hunum,다음 漢字의 訓과 音을 쓰세요.,角,角,,뿔 각,뿔 각,
6급II,80,2018-02-24,40,hunum,다음 漢字의 訓과 音을 쓰세요.,昨,昨,,어제 작,어제 작,
6급II,80,2018-02-24,41,hunum,다음 漢字의 訓과 音을 쓰세요.,果,果,,실과 과,실과 과,
6급II,80,2018-02-24,42,hunum,다음 漢字의 訓과 音을 쓰세요.,育,育,,기를 육,기를 육,
6급II,80,2018-02-24,43,hunum,다음 漢字의 訓과 音을 쓰세요.,聞,聞,,들을 문,들을 문,
6급II,80,2018-02-24,44,hunum,다음 漢字의 訓과 音을 쓰세요.,間,間,,사이 간,사이 간,
6급II,80,2018-02-24,45,hunum,다음 漢字의 訓과 音을 쓰세요.,急,急,,급할 급,급할 급,
6급II,80,2018-02-24,46,hunum,다음 漢字의 訓과 音을 쓰세요.,始,始,,처음 시,처음 시,
6급II,80,2018-02-24,47,hunum,다음 漢字의 訓과 音을 쓰세요.,放,放,,놓을 방,놓을 방,
6급II,80,2018-02-24,48,hunum,다음 漢字의 訓과 音을 쓰세요.,命,命,,목숨 명,목숨 명,
6급II,80,2018-02-24,49,hunum,다음 漢字의 訓과 音을 쓰세요.,圖,圖,,그림 도,그림 도,
6급II,80,2018-02-24,50,hunum,다음 漢字의 訓과 音을 쓰세요.,各,各,,각각 각,각각 각,
6급II,80,2018-02-24,51,hunum,다음 漢字의 訓과 音을 쓰세요.,神,神,,귀신 신,귀신 신,
6급II,80,2018-02-24,52,hunum,다음 漢字의 訓과 音을 쓰세요.,左,左,,왼 좌,왼 좌,
6급II,80,2018-02-24,53,hunum,다음 漢字의 訓과 音을 쓰세요.,右,右,,오른 우,오른 우,
6급II,80,2018-02-24,54,hunum,다음 漢字의 訓과 音을 쓰세요.,邑,邑,,고을 읍,고을 읍,
6급II,80,2018-02-24,55,hunum,다음 漢字의 訓과 音을 쓰세요.,色,色,,빛 색,빛 색,
6급II,80,2018-02-24,56,hunum,다음 漢字의 訓과 音을 쓰세요.,每,每,,매양 매,매양 매,
6급II,80,2018-02-24,57,hunum,다음 漢字의 訓과 音을 쓰세요.,海,海,,바다 해,바다 해,
6급II,80,2018-02-24,58,hunum,다음 漢字의 訓과 音을 쓰세요.,母,母,,어미 모,어미 모,
6급II,80,2018-02-24,59,hunum,다음 漢字의 訓과 音을 쓰세요.,童,童,,아이 동,아이 동,
6급II,80,2018-02-24,60,hunum,다음 漢字의 訓과 音을 쓰세요.,信,信,,믿을 신,믿을 신,
6급II,80,2018-02-24,61,hunum,다음 漢字의 訓과 音을 쓰세요.,今,今,,이제 금,이제 금,
6급II,80,2018-02-24,62,banui_select,다음 중 뜻이 서로 반대(또는 상대)되는 漢字끼리 연결되지 않은 것을 찾아 그 번호를 쓰세요.,,,"[""① 內 ↔ 外"", ""② 平 ↔ 安"", ""③ 春 ↔ 秋"", ""④ 手 ↔ 足""]",②,平 ↔ 安,
6급II,80,2018-02-24,63,banui_select,다음 중 뜻이 서로 반대(또는 상대)되는 漢字끼리 연결되지 않은 것을 찾아 그 번호를 쓰세요.,,,"[""① 南 ↔ 北"", ""② 上 ↔ 下"", ""③ 出 ↔ 入"", ""④ 老 ↔ 小""]",④,老 ↔ 小,
6급II,80,2018-02-24,64,select_hanja,다음 문장에 어울리는 漢字語가 되도록 ( ) 안에 알맞은 漢字를 <보기>에서 찾아 그 번호를 쓰세요.,아이들과 校( )에서 신나게 뛰 어 놀았습니다.,校(),"[""① 運"", ""② 冬"", ""③ 正"", ""④ 庭""]",④,庭,
6급II,80,2018-02-24,65,select_hanja,다음 문장에 어울리는 漢字語가 되도록 ( ) 안에 알맞은 漢字를 <보기>에서 찾아 그 번호를 쓰세요.,형은 ( )動 가운데서 야구를 가장 좋아한다.,()動,"[""① 運"", ""② 冬"", ""③ 正"", ""④ 庭""]",①,運,
6급II,80,2018-02-24,66,mean_select,다음 뜻에 맞는 漢字語를 <보기>에서 찾아 그 번호를 쓰세요.,불을 끔.,,"[""① 白姓"", ""② 消和"", ""③ 百姓"", ""④ 消火""]",④,消火,
6급II,80,2018-02-24,67,mean_select,다음 뜻에 맞는 漢字語를 <보기>에서 찾아 그 번호를 쓰세요.,나라의 근본을 이루는 일반 국 민을 예스럽게 이르는 말.,,"[""① 白姓"", ""② 消和"", ""③ 百姓"", ""④ 消火""]",③,百姓,
6급II,80,2018-02-24,68,hanjaeo_write,다음 밑줄 친 漢字語를 漢字로 쓰세요.,저 학원에는 태권도를 배우려 는 학생들이 많습니다.,학생,,學生,學生,
6급II,80,2018-02-24,69,hanjaeo_write,다음 밑줄 친 漢字語를 漢字로 쓰세요.,수업 시간 종 치기 전에 어서 교실로 들어가자.,교실,,敎室,敎室,
6급II,80,2018-02-24,70,hanjaeo_write,다음 밑줄 친 漢字語를 漢字로 쓰세요.,이순신 장군은 수군을 이끌고 연전연승했습니다.,수군,,水軍,水軍,
6급II,80,2018-02-24,71,hanjaeo_write,다음 밑줄 친 漢字語를 漢字로 쓰세요.,그 식당은 음식을 시키면 선금 을 받습니다.,선금,,先金,先金,
6급II,80,2018-02-24,72,hanjaeo_write,다음 밑줄 친 漢字語를 漢字로 쓰세요.,이미 서산에는 해가 지고 있습 니다,서산,,西山,西山,
6급II,80,2018-02-24,73,hanjaeo_write,다음 밑줄 친 漢字語를 漢字로 쓰세요.,그 청년은 쓰던 만년필을 분실 했습니다.,청년,,靑年,靑年,
6급II,80,2018-02-24,74,hanjaeo_write,다음 밑줄 친 漢字語를 漢字로 쓰세요.,그녀는 장녀여서 집안에 대한 책임감이 강합니다.,장녀,,長女,長女,
6급II,80,2018-02-24,75,hanjaeo_write,다음 밑줄 친 漢字語를 漢字로 쓰세요.,우리나라에서는 삼월 초에 새 학년이 시작됩니다.,삼월,,三月,三月,
6급II,80,2018-02-24,76,hanjaeo_write,다음 밑줄 친 漢字語를 漢字로 쓰세요.,세종 대왕의 업적은 길이길이 빛날 것입니다.,대왕,,大王,大王,
6급II,80,2018-02-24,77,hanjaeo_write,다음 밑줄 친 漢字語를 漢字로 쓰세요.,저는 다섯 형제 중의 장남입니 다.,형제,,兄弟,兄弟,
6급II,80,2018-02-24,78,stroke,다음 漢字의 짙게 표시한 획은 몇 번째 쓰는 획인지 <보기>에서 찾아 그 번호를 쓰세요.,,,"[""① 첫 번째"", ""② 두 번째"", ""③ 세 번째"", ""④ 네 번째"", ""⑤ 다섯 번째"", ""⑥ 여섯 번째"", ""⑦ 일곱 번째"", ""⑧ 여덟 번째"", ""⑨ 아홉 번째"", ""⑩ 열 번째""]",⑧,여덟 번째,exam-strokes/stroke_6ii_80_78.png
6급II,80,2018-02-24,79,stroke,다음 漢字의 짙게 표시한 획은 몇 번째 쓰는 획인지 <보기>에서 찾아 그 번호를 쓰세요.,,,"[""① 첫 번째"", ""② 두 번째"", ""③ 세 번째"", ""④ 네 번째"", ""⑤ 다섯 번째"", ""⑥ 여섯 번째"", ""⑦ 일곱 번째"", ""⑧ 여덟 번째"", ""⑨ 아홉 번째"", ""⑩ 열 번째""]",⑧,여덟 번째,exam-strokes/stroke_6ii_80_79.png
6급II,80,2018-02-24,80,stroke,다음 漢字의 짙게 표시한 획은 몇 번째 쓰는 획인지 <보기>에서 찾아 그 번호를 쓰세요.,,,"[""① 첫 번째"", ""② 두 번째"", ""③ 세 번째"", ""④ 네 번째"", ""⑤ 다섯 번째"", ""⑥ 여섯 번째"", ""⑦ 일곱 번째"", ""⑧ 여덟 번째"", ""⑨ 아홉 번째"", ""⑩ 열 번째""]",⑨,아홉 번째,exam-strokes/stroke_6ii_80_80.png
6급II,81,2018-06-02,1,dokum,다음 밑줄 친 漢字語의 讀音을 쓰세요.,내일이면 放學이 끝납니다.,放學,,방학,방학,
6급II,81,2018-06-02,2,dokum,다음 밑줄 친 漢字語의 讀音을 쓰세요.,인간도 自然의 일부입니다.,自然,,자연,자연,
6급II,81,2018-06-02,3,dokum,다음 밑줄 친 漢字語의 讀音을 쓰세요.,출발할 時間이 다 되었습니다.,時間,,시간,시간,
6급II,81,2018-06-02,4,dokum,다음 밑줄 친 漢字語의 讀音을 쓰세요.,출퇴근 시간에는 지하철 타는 게 便利합니다.,便利,,편리,편리,
6급II,81,2018-06-02,5,dokum,다음 밑줄 친 漢字語의 讀音을 쓰세요.,제가 代身 가기로 했습니다.,代身,,대신,대신,
6급II,81,2018-06-02,6,dokum,다음 밑줄 친 漢字語의 讀音을 쓰세요.,音樂을 들으며 쉽니다.,音樂,,음악,음악,
6급II,81,2018-06-02,7,dokum,다음 밑줄 친 漢字語의 讀音을 쓰세요.,내일 電話하겠습니다.,電話,,전화,전화,
6급II,81,2018-06-02,8,dokum,다음 밑줄 친 漢字語의 讀音을 쓰세요.,두 나라는 休戰에 합의하고 군 대를 철수시켰습니다.,休戰,,휴전,휴전,
6급II,81,2018-06-02,9,dokum,다음 밑줄 친 漢字語의 讀音을 쓰세요.,두리번거리며 左右를 살핍니다.,左右,,좌우,좌우,
6급II,81,2018-06-02,10,dokum,다음 밑줄 친 漢字語의 讀音을 쓰세요.,新聞에 실린 기사를 읽습니다.,新聞,,신문,신문,
6급II,81,2018-06-02,11,dokum,다음 밑줄 친 漢字語의 讀音을 쓰세요.,우리는 영화관 入口에서 만났습 니다.,入口,,입구,입구,
6급II,81,2018-06-02,12,dokum,다음 밑줄 친 漢字語의 讀音을 쓰세요.,저에게는 가족이 가장 所重합니 다.,所重,,소중,소중,
6급II,81,2018-06-02,13,dokum,다음 밑줄 친 漢字語의 讀音을 쓰세요.,飮食을 남기지 않고 먹습니다.,飮食,,음식,음식,
6급II,81,2018-06-02,14,dokum,다음 밑줄 친 漢字語의 讀音을 쓰세요.,우리는 祖上 대대로 이 동네에 서 살아왔습니다.,祖上,,조상,조상,
6급II,81,2018-06-02,15,dokum,다음 밑줄 친 漢字語의 讀音을 쓰세요.,여기는 農事가 잘 됩니다.,農事,,농사,농사,
6급II,81,2018-06-02,16,dokum,다음 밑줄 친 漢字語의 讀音을 쓰세요.,저는 每日 같은 시간에 일어납니 다.,每日,,매일,매일,
6급II,81,2018-06-02,17,dokum,다음 밑줄 친 漢字語의 讀音을 쓰세요.,합격자를 發表했습니다.,發表,,발표,발표,
6급II,81,2018-06-02,18,dokum,다음 밑줄 친 漢字語의 讀音을 쓰세요.,같은 動作을 계속 반복하여 연 습합니다.,動作,,동작,동작,
6급II,81,2018-06-02,19,dokum,다음 밑줄 친 漢字語의 讀音을 쓰세요.,결혼해서 家庭을 이루었습니다.,家庭,,가정,가정,
6급II,81,2018-06-02,20,dokum,다음 밑줄 친 漢字語의 讀音을 쓰세요.,가을은 讀書의 계절이라고 합니다.,讀書,,독서,독서,
6급II,81,2018-06-02,21,dokum,다음 밑줄 친 漢字語의 讀音을 쓰세요.,편지에 발신인 姓名이 적혀있지 않습니다.,姓名,,성명,성명,
6급II,81,2018-06-02,22,dokum,다음 밑줄 친 漢字語의 讀音을 쓰세요.,실패는 成功의 어머니라고 합니다.,成功,,성공,성공,
6급II,81,2018-06-02,23,dokum,다음 밑줄 친 漢字語의 讀音을 쓰세요.,생선을 사러 市場에 갑니다.,市場,,시장,시장,
6급II,81,2018-06-02,24,dokum,다음 밑줄 친 漢字語의 讀音을 쓰세요.,산이 草木으로 무성합니다.,草木,,초목,초목,
6급II,81,2018-06-02,25,dokum,다음 밑줄 친 漢字語의 讀音을 쓰세요.,두 점 사이를 가장 짧게 연결한 선을 直線이라고 합니다.,直線,,직선,직선,
6급II,81,2018-06-02,26,dokum,다음 밑줄 친 漢字語의 讀音을 쓰세요.,남과 북이 共同 입장을 하였습 니다.,共同,,공동,공동,
6급II,81,2018-06-02,27,dokum,다음 밑줄 친 漢字語의 讀音을 쓰세요.,이 물건은 이미 計算된 겁니다.,計算,,계산,계산,
6급II,81,2018-06-02,28,dokum,다음 밑줄 친 漢字語의 讀音을 쓰세요.,우리 학교는 敎育 환경이 좋습 니다.,敎育,,교육,교육,
6급II,81,2018-06-02,29,dokum,다음 밑줄 친 漢字語의 讀音을 쓰세요.,두 팀의 실력은 對等합니다.,對等,,대등,대등,
6급II,81,2018-06-02,30,dokum,다음 밑줄 친 漢字語의 讀音을 쓰세요.,오월은 계절의 女王이라고 불립 니다.,女王,,여왕,여왕,
6급II,81,2018-06-02,31,dokum,다음 밑줄 친 漢字語의 讀音을 쓰세요.,마음이 조마조마하고 不安했습니다.,不安,,불안,불안,
6급II,81,2018-06-02,32,dokum,다음 밑줄 친 漢字語의 讀音을 쓰세요.,"이것은 전체의 한 部分에 불과 6級II *** 6級과6級Ⅱ는서로다른급수입니다. 반드시지원급수를다시확인하세요. *** 80 문항 / 50분 시험 / 시험일자 : 2018. 06. 02. * 성명과 수험번호를 쓰고 문제지와 답안지는 함께 제출하세요. 성명( ), 수험번호□□□-□□-□□□□",部分,,부분,부분,
6급II,81,2018-06-02,33,hunum,다음 漢字의 訓과 音을 쓰세요.,短,短,,짧을 단,짧을 단,
6급II,81,2018-06-02,34,hunum,다음 漢字의 訓과 音을 쓰세요.,明,明,,밝을 명,밝을 명,
6급II,81,2018-06-02,35,hunum,다음 漢字의 訓과 音을 쓰세요.,幸,幸,,다행 행,다행 행,
6급II,81,2018-06-02,36,hunum,다음 漢字의 訓과 音을 쓰세요.,百,百,,일백 백,일백 백,
6급II,81,2018-06-02,37,hunum,다음 漢字의 訓과 音을 쓰세요.,現,現,,나타날 현,나타날 현,
6급II,81,2018-06-02,38,hunum,다음 漢字의 訓과 音을 쓰세요.,孝,孝,,효도 효,효도 효,
6급II,81,2018-06-02,39,hunum,다음 漢字의 訓과 音을 쓰세요.,出,出,,날 출,날 출,
6급II,81,2018-06-02,40,hunum,다음 漢字의 訓과 音을 쓰세요.,力,力,,힘 력,힘 력,
6급II,81,2018-06-02,41,hunum,다음 漢字의 訓과 音을 쓰세요.,川,川,,내 천,내 천,
6급II,81,2018-06-02,42,hunum,다음 漢字의 訓과 音을 쓰세요.,冬,冬,,겨울 동,겨울 동,
6급II,81,2018-06-02,43,hunum,다음 漢字의 訓과 音을 쓰세요.,集,集,,모을 집,모을 집,
6급II,81,2018-06-02,44,hunum,다음 漢字의 訓과 音을 쓰세요.,雪,雪,,눈 설,눈 설,
6급II,81,2018-06-02,45,hunum,다음 漢字의 訓과 音을 쓰세요.,昨,昨,,어제 작,어제 작,
6급II,81,2018-06-02,46,hunum,다음 漢字의 訓과 音을 쓰세요.,邑,邑,,고을 읍,고을 읍,
6급II,81,2018-06-02,47,hunum,다음 漢字의 訓과 音을 쓰세요.,前,前,,앞 전,앞 전,
6급II,81,2018-06-02,48,hunum,다음 漢字의 訓과 音을 쓰세요.,球,球,,공 구,공 구,
6급II,81,2018-06-02,49,hunum,다음 漢字의 訓과 音을 쓰세요.,內,內,,안 내,안 내,
6급II,81,2018-06-02,50,hunum,다음 漢字의 訓과 音을 쓰세요.,住,住,,살 주,살 주,
6급II,81,2018-06-02,51,hunum,다음 漢字의 訓과 音을 쓰세요.,林,林,,수풀 림,수풀 림,
6급II,81,2018-06-02,52,hunum,다음 漢字의 訓과 音을 쓰세요.,活,活,,살 활,살 활,
6급II,81,2018-06-02,53,hunum,다음 漢字의 訓과 音을 쓰세요.,有,有,,있을 유,있을 유,
6급II,81,2018-06-02,54,hunum,다음 漢字의 訓과 音을 쓰세요.,植,植,,심을 식,심을 식,
6급II,81,2018-06-02,55,hunum,다음 漢字의 訓과 音을 쓰세요.,夏,夏,,여름 하,여름 하,
6급II,81,2018-06-02,56,hunum,다음 漢字의 訓과 音을 쓰세요.,紙,紙,,종이 지,종이 지,
6급II,81,2018-06-02,57,hunum,다음 漢字의 訓과 音을 쓰세요.,來,來,,올 래,올 래,
6급II,81,2018-06-02,58,hunum,다음 漢字의 訓과 音을 쓰세요.,夕,夕,,저녁 석,저녁 석,
6급II,81,2018-06-02,59,hunum,다음 漢字의 訓과 音을 쓰세요.,道,道,,길 도,길 도,
6급II,81,2018-06-02,60,hunum,다음 漢字의 訓과 音을 쓰세요.,花,花,,꽃 화,꽃 화,
6급II,81,2018-06-02,61,hunum,다음 漢字의 訓과 音을 쓰세요.,登,登,,오를 등,오를 등,
6급II,81,2018-06-02,62,banui_select,다음 중 뜻이 서로 반대(또는 상대)되는 漢字끼리 연결되지 않은 것을 찾아 그 번호를 쓰세요.,,,"[""① 天 ↔ 地"", ""② 先 ↔ 後"", ""③ 正 ↔ 午"", ""④ 問 ↔ 答""]",③,正 ↔ 午,
6급II,81,2018-06-02,63,banui_select,다음 중 뜻이 서로 반대(또는 상대)되는 漢字끼리 연결되지 않은 것을 찾아 그 번호를 쓰세요.,,,"[""① 春 ↔ 秋"", ""② 淸 ↔ 風"", ""③ 老 ↔ 少"", ""④ 父 ↔ 母""]",②,淸 ↔ 風,
6급II,81,2018-06-02,64,select_hanja,다음 문장에 어울리는 漢字語가 되도록 ( ) 안에 알맞은 漢字를 <보기>에서 찾아 그 번호를 쓰세요.,독도는 東( )에 있습니다.,東(),"[""① 海"", ""② 業"", ""③ 手"", ""④ 藥""]",①,海,
6급II,81,2018-06-02,65,select_hanja,다음 문장에 어울리는 漢字語가 되도록 ( ) 안에 알맞은 漢字를 <보기>에서 찾아 그 번호를 쓰세요.,제 꿈은 歌( )가 되는 것입니다.,歌(),"[""① 海"", ""② 業"", ""③ 手"", ""④ 藥""]",③,手,
6급II,81,2018-06-02,66,mean_select,다음 뜻에 맞는 漢字語를 <보기>에서 찾아 그 번호를 쓰세요.,평평한 표면.,,"[""① 心弱"", ""② 反省"", ""③ 世界"", ""④ 空氣"", ""⑤ 平面"", ""⑥ 物體""]",⑤,平面,
6급II,81,2018-06-02,67,mean_select,다음 뜻에 맞는 漢字語를 <보기>에서 찾아 그 번호를 쓰세요.,마음이 약함.,,"[""① 心弱"", ""② 反省"", ""③ 世界"", ""④ 空氣"", ""⑤ 平面"", ""⑥ 物體""]",①,心弱,
6급II,81,2018-06-02,68,hanjaeo_write,다음 밑줄 친 漢字語를 漢字로 쓰세요.,남산 위에 저 소나무 철갑을 두른 듯,남산,,南山,南山,
6급II,81,2018-06-02,69,hanjaeo_write,다음 밑줄 친 漢字語를 漢字로 쓰세요.,대문을 활짝 열었습니다.,대문,,大門,大門,
6급II,81,2018-06-02,70,hanjaeo_write,다음 밑줄 친 漢字語를 漢字로 쓰세요.,저희 집은 3형제입니다.,형제,,兄弟,兄弟,
6급II,81,2018-06-02,71,hanjaeo_write,다음 밑줄 친 漢字語를 漢字로 쓰세요.,교장 선생님께 인사를 합니다.,교장,,校長,校長,
6급II,81,2018-06-02,72,hanjaeo_write,다음 밑줄 친 漢字語를 漢字로 쓰세요.,유월은 한 달이 삼십 일입니다.,삼십,,三十,三十,
6급II,81,2018-06-02,73,hanjaeo_write,다음 밑줄 친 漢字語를 漢字로 쓰세요.,요즘은 실내보다 실외가 더 따 뜻합니다.,실외,,室外,室外,
6급II,81,2018-06-02,74,hanjaeo_write,다음 밑줄 친 漢字語를 漢字로 쓰세요.,저는 사촌 누나와 같은 학교에 다닙니다.,사촌,,四寸,四寸,
6급II,81,2018-06-02,75,hanjaeo_write,다음 밑줄 친 漢字語를 漢字로 쓰세요.,만일의 경우를 대비합니다.,만일,,萬一,萬一,
6급II,81,2018-06-02,76,hanjaeo_write,다음 밑줄 친 漢字語를 漢字로 쓰세요.,예술을 길고 인생은 짧다는 말 이 있습니다.,인생,,人生,人生,
6급II,81,2018-06-02,77,hanjaeo_write,다음 밑줄 친 漢字語를 漢字로 쓰세요.,저는 구월에 태어났습니다.,구월,,九月,九月,
6급II,81,2018-06-02,78,stroke,다음 漢字의 짙게 표시한 획은 몇 번째 쓰는 획인지 <보기>에서 찾아 그 번호를 쓰세요.,,,"[""① 첫 번째"", ""② 두 번째"", ""③ 세 번째"", ""④ 네 번째"", ""⑤ 다섯 번째"", ""⑥ 여섯 번째"", ""⑦ 일곱 번째"", ""⑧ 여덟 번째"", ""⑨ 아홉 번째"", ""⑩ 열 번째""]",⑥,여섯 번째,exam-strokes/stroke_6ii_81_78.png
6급II,81,2018-06-02,79,stroke,다음 漢字의 짙게 표시한 획은 몇 번째 쓰는 획인지 <보기>에서 찾아 그 번호를 쓰세요.,,,"[""① 첫 번째"", ""② 두 번째"", ""③ 세 번째"", ""④ 네 번째"", ""⑤ 다섯 번째"", ""⑥ 여섯 번째"", ""⑦ 일곱 번째"", ""⑧ 여덟 번째"", ""⑨ 아홉 번째"", ""⑩ 열 번째""]",④,네 번째,exam-strokes/stroke_6ii_81_79.png
6급II,81,2018-06-02,80,stroke,다음 漢字의 짙게 표시한 획은 몇 번째 쓰는 획인지 <보기>에서 찾아 그 번호를 쓰세요.,,,"[""① 첫 번째"", ""② 두 번째"", ""③ 세 번째"", ""④ 네 번째"", ""⑤ 다섯 번째"", ""⑥ 여섯 번째"", ""⑦ 일곱 번째"", ""⑧ 여덟 번째"", ""⑨ 아홉 번째"", ""⑩ 열 번째""]",⑤,다섯 번째,exam-strokes/stroke_6ii_81_80.png
6급II,82,2018-08-25,1,dokum,다음 밑줄 친 漢字語의 讀音을 쓰세요.,地球가 태양의 주위를 회전합니 다.,地球,,지구,지구,
6급II,82,2018-08-25,2,dokum,다음 밑줄 친 漢字語의 讀音을 쓰세요.,선생님은 우리 반 아이들의 長短점을 모두 파악하고 있습니 다.,長短,,장단,장단,
6급II,82,2018-08-25,3,dokum,다음 밑줄 친 漢字語의 讀音을 쓰세요.,아이들이 車道 근처에서 위험하 게 공놀이를 합니다.,車道,,차도,차도,
6급II,82,2018-08-25,4,dokum,다음 밑줄 친 漢字語의 讀音을 쓰세요.,예로부터 立冬이면 긴 겨우살이 를 준비합니다.,立冬,,입동,입동,
6급II,82,2018-08-25,5,dokum,다음 밑줄 친 漢字語의 讀音을 쓰세요.,과거 시험은 인재를 登用하는 관문이었습니다.,登用,,등용,등용,
6급II,82,2018-08-25,6,dokum,다음 밑줄 친 漢字語의 讀音을 쓰세요.,그들은 來日 점심을 함께 먹기 로 했습니다.,來日,,내일,내일,
6급II,82,2018-08-25,7,dokum,다음 밑줄 친 漢字語의 讀音을 쓰세요.,農林 자원은 국가 경제의 토대 를 이루는 중요한 것입니다.,農林,,농림,농림,
6급II,82,2018-08-25,8,dokum,다음 밑줄 친 漢字語의 讀音을 쓰세요.,그가 그 일을 저질렀음이 明白 해졌습니다.,明白,,명백,명백,
6급II,82,2018-08-25,9,dokum,다음 밑줄 친 漢字語의 讀音을 쓰세요.,우리 집 정원에는 數百 년이 넘 은 고목이 있습니다.,數百,,수백,수백,
6급II,82,2018-08-25,10,dokum,다음 밑줄 친 漢字語의 讀音을 쓰세요.,아빠는 고향에 가기 위해 秋夕 전에 세차를 했습니다.,秋夕,,추석,추석,
6급II,82,2018-08-25,11,dokum,다음 밑줄 친 漢字語의 讀音을 쓰세요.,植物은 뿌리로 양분을 빨아서 먹습니다.,植物,,식물,식물,
6급II,82,2018-08-25,12,dokum,다음 밑줄 친 漢字語의 讀音을 쓰세요.,비행기는 대량 수송에 有利한 운송 수단입니다.,有利,,유리,유리,
6급II,82,2018-08-25,13,dokum,다음 밑줄 친 漢字語의 讀音을 쓰세요.,식수가 부족해서 住民들이 고통 을 겪고 있습니다.,住民,,주민,주민,
6급II,82,2018-08-25,14,dokum,다음 밑줄 친 漢字語의 讀音을 쓰세요.,해마다 수입 농산물이 늘어나는 것으로 集計되었습니다.,集計,,집계,집계,
6급II,82,2018-08-25,15,dokum,다음 밑줄 친 漢字語의 讀音을 쓰세요.,당신의 앞날에 늘 幸運이 함께 하시길 빌겠습니다.,幸運,,행운,행운,
6급II,82,2018-08-25,16,dokum,다음 밑줄 친 漢字語의 讀音을 쓰세요.,밭에는 하얀 木花송이들이 피어 있습니다.,木花,,목화,목화,
6급II,82,2018-08-25,17,dokum,다음 밑줄 친 漢字語의 讀音을 쓰세요.,심청이는 행실이 단정하고 孝心 이 지극했습니다.,孝心,,효심,효심,
6급II,82,2018-08-25,18,dokum,다음 밑줄 친 漢字語의 讀音을 쓰세요.,그는 삼대 째 공예가의 家業을 이어 오고 있습니다.,家業,,가업,가업,
6급II,82,2018-08-25,19,dokum,다음 밑줄 친 漢字語의 讀音을 쓰세요.,우주는 무한대의 空間으로 펼쳐 져 있습니다.,空間,,공간,공간,
6급II,82,2018-08-25,20,dokum,다음 밑줄 친 漢字語의 讀音을 쓰세요.,꼬마는 항상 미지의 世界를 동 경하고 꿈꿉니다.,世界,,세계,세계,
6급II,82,2018-08-25,21,dokum,다음 밑줄 친 漢字語의 讀音을 쓰세요.,판문점에는 共同 경비 구역이 있습니다.,共同,,공동,공동,
6급II,82,2018-08-25,22,dokum,다음 밑줄 친 漢字語의 讀音을 쓰세요.,화성에는 果然 생명이 존재할까 요?,果然,,과연,과연,
6급II,82,2018-08-25,23,dokum,다음 밑줄 친 漢字語의 讀音을 쓰세요.,"백설 공주는 童話 속에 나오는 여주인공입니다. 6級II *** 6級과6級Ⅱ는서로다른급수입니다. 반드시지원급수를다시확인하세요. *** 80 문항 / 50분 시험 / 시험일자 : 2018. 08. 25. * 성명과 수험번호를 쓰고 문제지와 답안지는 함께 제출하세요. 성명( ), 수험번호□□□-□□-□□□□",童話,,동화,동화,
6급II,82,2018-08-25,24,dokum,다음 밑줄 친 漢字語의 讀音을 쓰세요.,그 사람은 점잖고 事理에 밝은 사람입니다.,事理,,사리,사리,
6급II,82,2018-08-25,25,dokum,다음 밑줄 친 漢字語의 讀音을 쓰세요.,동수는 자신의 잘못을 反省하고 친구에게 사과했습니다.,反省,,반성,반성,
6급II,82,2018-08-25,26,dokum,다음 밑줄 친 漢字語의 讀音을 쓰세요.,맥아더 장군은 인천 상륙 作戰 을 전개했습니다.,作戰,,작전,작전,
6급II,82,2018-08-25,27,dokum,다음 밑줄 친 漢字語의 讀音을 쓰세요.,그 책은 스승과 弟子가 공동 저 자로 출판하였습니다.,弟子,,제자,제자,
6급II,82,2018-08-25,28,dokum,다음 밑줄 친 漢字語의 讀音을 쓰세요.,아이들은 窓門 밖을 열심히 바 라보고 있습니다.,窓門,,창문,창문,
6급II,82,2018-08-25,29,dokum,다음 밑줄 친 漢字語의 讀音을 쓰세요.,그는 자기 스스로를 天才라고 믿고 있습니다.,天才,,천재,천재,
6급II,82,2018-08-25,30,dokum,다음 밑줄 친 漢字語의 讀音을 쓰세요.,體重을 줄이려면 고열량 음식을 피해야 합니다.,體重,,체중,체중,
6급II,82,2018-08-25,31,dokum,다음 밑줄 친 漢字語의 讀音을 쓰세요.,고향은 어머니의 품 같이 便安 한 곳입니다.,便安,,편안,편안,
6급II,82,2018-08-25,32,dokum,다음 밑줄 친 漢字語의 讀音을 쓰세요.,피부의 表面이 부어올랐습니다.,表面,,표면,표면,
6급II,82,2018-08-25,33,hunum,다음 漢字의 訓과 音을 쓰세요.,現,現,,나타날 현,나타날 현,
6급II,82,2018-08-25,34,hunum,다음 漢字의 訓과 音을 쓰세요.,線,線,,줄 선,줄 선,
6급II,82,2018-08-25,35,hunum,다음 漢字의 訓과 音을 쓰세요.,堂,堂,,집 당,집 당,
6급II,82,2018-08-25,36,hunum,다음 漢字의 訓과 音을 쓰세요.,歌,歌,,노래 가,노래 가,
6급II,82,2018-08-25,37,hunum,다음 漢字의 訓과 音을 쓰세요.,庭,庭,,뜰 정,뜰 정,
6급II,82,2018-08-25,38,hunum,다음 漢字의 訓과 音을 쓰세요.,勇,勇,,날랠 용,날랠 용,
6급II,82,2018-08-25,39,hunum,다음 漢字의 訓과 音을 쓰세요.,自,自,,스스로 자,스스로 자,
6급II,82,2018-08-25,40,hunum,다음 漢字의 訓과 音을 쓰세요.,海,海,,바다 해,바다 해,
6급II,82,2018-08-25,41,hunum,다음 漢字의 訓과 音을 쓰세요.,角,角,,뿔 각,뿔 각,
6급II,82,2018-08-25,42,hunum,다음 漢字의 訓과 音을 쓰세요.,休,休,,쉴 휴,쉴 휴,
6급II,82,2018-08-25,43,hunum,다음 漢字의 訓과 音을 쓰세요.,飮,飮,,마실 음,마실 음,
6급II,82,2018-08-25,44,hunum,다음 漢字의 訓과 音을 쓰세요.,光,光,,빛 광,빛 광,
6급II,82,2018-08-25,45,hunum,다음 漢字의 訓과 音을 쓰세요.,旗,旗,,기 기,기 기,
6급II,82,2018-08-25,46,hunum,다음 漢字의 訓과 音을 쓰세요.,春,春,,봄 춘,봄 춘,
6급II,82,2018-08-25,47,hunum,다음 漢字의 訓과 音을 쓰세요.,神,神,,귀신 신,귀신 신,
6급II,82,2018-08-25,48,hunum,다음 漢字의 訓과 音을 쓰세요.,直,直,,곧을 직,곧을 직,
6급II,82,2018-08-25,49,hunum,다음 漢字의 訓과 音을 쓰세요.,算,算,,셈 산,셈 산,
6급II,82,2018-08-25,50,hunum,다음 漢字의 訓과 音을 쓰세요.,命,命,,목숨 명,목숨 명,
6급II,82,2018-08-25,51,hunum,다음 漢字의 訓과 音을 쓰세요.,圖,圖,,그림 도,그림 도,
6급II,82,2018-08-25,52,hunum,다음 漢字의 訓과 音을 쓰세요.,放,放,,놓을 방,놓을 방,
6급II,82,2018-08-25,53,hunum,다음 漢字의 訓과 音을 쓰세요.,注,注,,부을 주,부을 주,
6급II,82,2018-08-25,54,hunum,다음 漢字의 訓과 音을 쓰세요.,班,班,,나눌 반,나눌 반,
6급II,82,2018-08-25,55,hunum,다음 漢字의 訓과 音을 쓰세요.,夫,夫,,지아비 부,지아비 부,
6급II,82,2018-08-25,56,hunum,다음 漢字의 訓과 音을 쓰세요.,午,午,,낮 오,낮 오,
6급II,82,2018-08-25,57,hunum,다음 漢字의 訓과 音을 쓰세요.,老,老,,늙을 로,늙을 로,
6급II,82,2018-08-25,58,hunum,다음 漢字의 訓과 音을 쓰세요.,祖,祖,,할아비 조,할아비 조,
6급II,82,2018-08-25,59,hunum,다음 漢字의 訓과 音을 쓰세요.,記,記,,기록할 기,기록할 기,
6급II,82,2018-08-25,60,hunum,다음 漢字의 訓과 音을 쓰세요.,男,男,,사내 남,사내 남,
6급II,82,2018-08-25,61,hunum,다음 漢字의 訓과 音을 쓰세요.,信,信,,믿을 신,믿을 신,
6급II,82,2018-08-25,62,banui_select,다음 중 뜻이 서로 반대(또는 상대)되는 漢字끼리 연결되지 않은 것을 찾아 그 번호를 쓰세요.,,,"[""① 大 ↔ 小"", ""② 東 ↔ 西"", ""③ 內 ↔ 外"", ""④ 主 ↔ 各""]",④,主 ↔ 各,
6급II,82,2018-08-25,63,banui_select,다음 중 뜻이 서로 반대(또는 상대)되는 漢字끼리 연결되지 않은 것을 찾아 그 번호를 쓰세요.,,,"[""① 敎 ↔ 育"", ""② 出 ↔ 入"", ""③ 手 ↔ 足"", ""④ 前 ↔ 後""]",①,敎 ↔ 育,
6급II,82,2018-08-25,64,select_hanja,다음 문장에 어울리는 漢字語가 되도록 ( ) 안에 알맞은 漢字를 <보기>에서 찾아 그 번호를 쓰세요.,두 팀은 실력이 對( )해서 결과 를 예상하기 어렵습니다.,對(),"[""① 雪"", ""② 風"", ""③ 夏"", ""④ 等""]",④,等,
6급II,82,2018-08-25,65,select_hanja,다음 문장에 어울리는 漢字語가 되도록 ( ) 안에 알맞은 漢字를 <보기>에서 찾아 그 번호를 쓰세요.,이렇게 포근한 날에 消( )을 가 게 되어 다행이야.,消(),"[""① 雪"", ""② 風"", ""③ 夏"", ""④ 等""]",②,風,
6급II,82,2018-08-25,66,mean_select,다음 뜻에 맞는 漢字語를 <보기>에서 찾아 그 번호를 쓰세요.,처음으로 움직이기 시작함,,"[""① 食代"", ""② 藥草"", ""③ 始動"", ""④ 昨今"", ""⑤ 市洞"", ""⑥ 新聞""]",③,始動,
6급II,82,2018-08-25,67,mean_select,다음 뜻에 맞는 漢字語를 <보기>에서 찾아 그 번호를 쓰세요.,음식을 먹고 치르는 음식값.,,"[""① 食代"", ""② 藥草"", ""③ 始動"", ""④ 昨今"", ""⑤ 市洞"", ""⑥ 新聞""]",①,食代,
6급II,82,2018-08-25,68,hanjaeo_write,다음 밑줄 친 漢字語를 漢字로 쓰세요.,큰누나는 중학교 미술 선생입 니다.,선생,,先生,先生,
6급II,82,2018-08-25,69,hanjaeo_write,다음 밑줄 친 漢字語를 漢字로 쓰세요.,행사장 입구에 군인들이 모여 이야기하고 있습니다.,군인,,軍人,軍人,
6급II,82,2018-08-25,70,hanjaeo_write,다음 밑줄 친 漢字語를 漢字로 쓰세요.,철수는 우리 학교로 오늘 전학 을 왔습니다.,학교,,學校,學校,
6급II,82,2018-08-25,71,hanjaeo_write,다음 밑줄 친 漢字語를 漢字로 쓰세요.,5월을 계절의 여왕이라고 부릅 니다.,여왕,,女王,女王,
6급II,82,2018-08-25,72,hanjaeo_write,다음 밑줄 친 漢字語를 漢字로 쓰세요.,철수는 나와 초등학교 육년 동 안 친구였습니다.,육년,,六年,六年,
6급II,82,2018-08-25,73,hanjaeo_write,다음 밑줄 친 漢字語를 漢字로 쓰세요.,삼촌이 비닐하우스에서 딸기를 따 오셨습니다.,삼촌,,三寸,三寸,
6급II,82,2018-08-25,74,hanjaeo_write,다음 밑줄 친 漢字語를 漢字로 쓰세요.,남북정상회담이 판문점 평화의 집에서 열렸습니다.,남북,,南北,南北,
6급II,82,2018-08-25,75,hanjaeo_write,다음 밑줄 친 漢字語를 漢字로 쓰세요.,백두산 천지는 화산 폭발로 생 성된 것입니다.,화산,,火山,火山,
6급II,82,2018-08-25,76,hanjaeo_write,다음 밑줄 친 漢字語를 漢字로 쓰세요.,나는 오만 원으로 운동화 두 켤레를 샀습니다.,오만,,五萬,五萬,
6급II,82,2018-08-25,77,hanjaeo_write,다음 밑줄 친 漢字語를 漢字로 쓰세요.,이 카메라는 수중에서도 촬영 이 가능합니다.,수중,,水中,水中,
6급II,82,2018-08-25,78,stroke,다음 漢字의 짙게 표시한 획은 몇 번째 쓰는 획인지 <보기>에서 찾아 그 번호를 쓰세요.,,,"[""① 첫 번째"", ""② 두 번째"", ""③ 세 번째"", ""④ 네 번째"", ""⑤ 다섯 번째"", ""⑥ 여섯 번째"", ""⑦ 일곱 번째"", ""⑧ 여덟 번째"", ""⑨ 아홉 번째"", ""⑩ 열 번째""]",⑥,여섯 번째,exam-strokes/stroke_6ii_82_78.png
6급II,82,2018-08-25,79,stroke,다음 漢字의 짙게 표시한 획은 몇 번째 쓰는 획인지 <보기>에서 찾아 그 번호를 쓰세요.,,,"[""① 첫 번째"", ""② 두 번째"", ""③ 세 번째"", ""④ 네 번째"", ""⑤ 다섯 번째"", ""⑥ 여섯 번째"", ""⑦ 일곱 번째"", ""⑧ 여덟 번째"", ""⑨ 아홉 번째"", ""⑩ 열 번째""]",④,네 번째,exam-strokes/stroke_6ii_82_79.png
6급II,82,2018-08-25,80,stroke,다음 漢字의 짙게 표시한 획은 몇 번째 쓰는 획인지 <보기>에서 찾아 그 번호를 쓰세요.,,,"[""① 첫 번째"", ""② 두 번째"", ""③ 세 번째"", ""④ 네 번째"", ""⑤ 다섯 번째"", ""⑥ 여섯 번째"", ""⑦ 일곱 번째"", ""⑧ 여덟 번째"", ""⑨ 아홉 번째"", ""⑩ 열 번째""]",⑥,여섯 번째,exam-strokes/stroke_6ii_82_80.png
6급II,83,2018-11-24,1,dokum,다음 밑줄 친 漢字語의 讀音을 쓰세요.,실패는 成功의 어머니입니다.,成功,,성공,성공,
6급II,83,2018-11-24,2,dokum,다음 밑줄 친 漢字語의 讀音을 쓰세요.,昨年보다 올여름이 더 덥습니다.,昨年,,작년,작년,
6급II,83,2018-11-24,3,dokum,다음 밑줄 친 漢字語의 讀音을 쓰세요.,始作이 반입니다.,始作,,시작,시작,
6급II,83,2018-11-24,4,dokum,다음 밑줄 친 漢字語의 讀音을 쓰세요.,게임이 우리에게 有利해졌습니다.,有利,,유리,유리,
6급II,83,2018-11-24,5,dokum,다음 밑줄 친 漢字語의 讀音을 쓰세요.,수업 중에는 휴대 電話를 꺼야 합니다.,電話,,전화,전화,
6급II,83,2018-11-24,6,dokum,다음 밑줄 친 漢字語의 讀音을 쓰세요.,야생동물의 生活을 관찰했습니다.,生活,,생활,생활,
6급II,83,2018-11-24,7,dokum,다음 밑줄 친 漢字語의 讀音을 쓰세요.,地圖를 보면서 길을 찾았습니다.,地圖,,지도,지도,
6급II,83,2018-11-24,8,dokum,다음 밑줄 친 漢字語의 讀音을 쓰세요.,달콤한 飮食은 치아에 해롭습니다.,飮食,,음식,음식,
6급II,83,2018-11-24,9,dokum,다음 밑줄 친 漢字語의 讀音을 쓰세요.,미지의 世界를 탐험하려 합니다.,世界,,세계,세계,
6급II,83,2018-11-24,10,dokum,다음 밑줄 친 漢字語의 讀音을 쓰세요.,新聞의 생명은 공정 보도입니다.,新聞,,신문,신문,
6급II,83,2018-11-24,11,dokum,다음 밑줄 친 漢字語의 讀音을 쓰세요.,친구끼리라도 돈의 計算은 정확 해야 한다.,計算,,계산,계산,
6급II,83,2018-11-24,12,dokum,다음 밑줄 친 漢字語의 讀音을 쓰세요.,오늘 하루를 反省해 봅니다.,反省,,반성,반성,
6급II,83,2018-11-24,13,dokum,다음 밑줄 친 漢字語의 讀音을 쓰세요.,잠이 不足해 눈이 빨개졌습니다.,不足,,부족,부족,
6급II,83,2018-11-24,14,dokum,다음 밑줄 친 漢字語의 讀音을 쓰세요.,아픈 강아지를 動物병원에 데려 갔습니다.,動物,,동물,동물,
6급II,83,2018-11-24,15,dokum,다음 밑줄 친 漢字語의 讀音을 쓰세요.,어려서부터 讀書를 취미로 한 사 람은 평생 넉넉하고 행복합니다.,讀書,,독서,독서,
6급II,83,2018-11-24,16,dokum,다음 밑줄 친 漢字語의 讀音을 쓰세요.,날마다 새 出發을 하는 기분으 로 삽니다.,出發,,출발,출발,
6급II,83,2018-11-24,17,dokum,다음 밑줄 친 漢字語의 讀音을 쓰세요.,여행을 다닐 때에는 安全에 신 경을 씁니다.,安全,,안전,안전,
6급II,83,2018-11-24,18,dokum,다음 밑줄 친 漢字語의 讀音을 쓰세요.,다른 사람의 말을 들을 때에는 注意를 집중합니다.,注意,,주의,주의,
6급II,83,2018-11-24,19,dokum,다음 밑줄 친 漢字語의 讀音을 쓰세요.,내겐 가족이 무엇보다 所重합니다.,所重,,소중,소중,
6급II,83,2018-11-24,20,dokum,다음 밑줄 친 漢字語의 讀音을 쓰세요.,장사는 信用이 생명입니다.,信用,,신용,신용,
6급II,83,2018-11-24,21,dokum,다음 밑줄 친 漢字語의 讀音을 쓰세요.,다정한 男女가 석양을 바라봅니다.,男女,,남녀,남녀,
6급II,83,2018-11-24,22,dokum,다음 밑줄 친 漢字語의 讀音을 쓰세요.,단란한 家庭에 웃음이 가득합니다.,家庭,,가정,가정,
6급II,83,2018-11-24,23,dokum,다음 밑줄 친 漢字語의 讀音을 쓰세요.,한반도는 아직 休戰 상태입니다.,休戰,,휴전,휴전,
6급II,83,2018-11-24,24,dokum,다음 밑줄 친 漢字語의 讀音을 쓰세요.,自主국방의 능력이 필요하다.,自主,,자주,자주,
6급II,83,2018-11-24,25,dokum,다음 밑줄 친 漢字語의 讀音을 쓰세요.,한자를 익히면 다른 工夫에도 많은 도움이 됩니다.,工夫,,공부,공부,
6급II,83,2018-11-24,26,dokum,다음 밑줄 친 漢字語의 讀音을 쓰세요.,公共 시설은 모두가 아껴 써야 합니다.,公共,,공공,공공,
6급II,83,2018-11-24,27,dokum,다음 밑줄 친 漢字語의 讀音을 쓰세요.,百姓을 멀리하면 나라가 망한다 는 말이 있습니다.,百姓,,백성,백성,
6급II,83,2018-11-24,28,dokum,다음 밑줄 친 漢字語의 讀音을 쓰세요.,"요즘 시골에는 農事 지을 일손 이 부족한 실정입니다. 6級II *** 6級과6級Ⅱ는서로다른급수입니다. 반드시지원급수를다시확인하세요. *** 80 문항 / 50분 시험 / 시험일자 : 2018. 11. 24. * 성명과 수험번호를 쓰고 문제지와 답안지는 함께 제출하세요. 성명( ), 수험번호□□□-□□-□□□□",農事,,농사,농사,
6급II,83,2018-11-24,29,dokum,다음 밑줄 친 漢字語의 讀音을 쓰세요.,장사가 잘 되어 집안 形便이 나 아졌습니다.,形便,,형편,형편,
6급II,83,2018-11-24,30,dokum,다음 밑줄 친 漢字語의 讀音을 쓰세요.,하루에 두 時間 정도 운동을 합 니다.,時間,,시간,시간,
6급II,83,2018-11-24,31,dokum,다음 밑줄 친 漢字語의 讀音을 쓰세요.,대사만으로도 등장인물의 특징을 表現할 수 있습니다.,表現,,표현,표현,
6급II,83,2018-11-24,32,dokum,다음 밑줄 친 漢字語의 讀音을 쓰세요.,라디오에서 잔잔한 音樂이 흘러 나옵니다.,音樂,,음악,음악,
6급II,83,2018-11-24,33,hunum,다음 漢字의 訓과 音을 쓰세요.,直,直,,곧을 직,곧을 직,
6급II,83,2018-11-24,34,hunum,다음 漢字의 訓과 音을 쓰세요.,植,植,,심을 식,심을 식,
6급II,83,2018-11-24,35,hunum,다음 漢字의 訓과 音을 쓰세요.,淸,淸,,맑을 청,맑을 청,
6급II,83,2018-11-24,36,hunum,다음 漢字의 訓과 音을 쓰세요.,歌,歌,,노래 가,노래 가,
6급II,83,2018-11-24,37,hunum,다음 漢字의 訓과 音을 쓰세요.,立,立,,설 립,설 립,
6급II,83,2018-11-24,38,hunum,다음 漢字의 訓과 音을 쓰세요.,集,集,,모을 집,모을 집,
6급II,83,2018-11-24,39,hunum,다음 漢字의 訓과 音을 쓰세요.,角,角,,뿔 각,뿔 각,
6급II,83,2018-11-24,40,hunum,다음 漢字의 訓과 音을 쓰세요.,堂,堂,,집 당,집 당,
6급II,83,2018-11-24,41,hunum,다음 漢字의 訓과 音을 쓰세요.,川,川,,내 천,내 천,
6급II,83,2018-11-24,42,hunum,다음 漢字의 訓과 音을 쓰세요.,王,王,,임금 왕,임금 왕,
6급II,83,2018-11-24,43,hunum,다음 漢字의 訓과 音을 쓰세요.,消,消,,사라질 소,사라질 소,
6급II,83,2018-11-24,44,hunum,다음 漢字의 訓과 音을 쓰세요.,童,童,,아이 동,아이 동,
6급II,83,2018-11-24,45,hunum,다음 漢字의 訓과 音을 쓰세요.,民,民,,백성 민,백성 민,
6급II,83,2018-11-24,46,hunum,다음 漢字의 訓과 音을 쓰세요.,來,來,,올 래,올 래,
6급II,83,2018-11-24,47,hunum,다음 漢字의 訓과 音을 쓰세요.,育,育,,기를 육,기를 육,
6급II,83,2018-11-24,48,hunum,다음 漢字의 訓과 音을 쓰세요.,窓,窓,,창 창,창 창,
6급II,83,2018-11-24,49,hunum,다음 漢字의 訓과 音을 쓰세요.,數,數,,셈 수,셈 수,
6급II,83,2018-11-24,50,hunum,다음 漢字의 訓과 音을 쓰세요.,體,體,,몸 체,몸 체,
6급II,83,2018-11-24,51,hunum,다음 漢字의 訓과 音을 쓰세요.,夏,夏,,여름 하,여름 하,
6급II,83,2018-11-24,52,hunum,다음 漢字의 訓과 音을 쓰세요.,雪,雪,,눈 설,눈 설,
6급II,83,2018-11-24,53,hunum,다음 漢字의 訓과 音을 쓰세요.,今,今,,이제 금,이제 금,
6급II,83,2018-11-24,54,hunum,다음 漢字의 訓과 音을 쓰세요.,海,海,,바다 해,바다 해,
6급II,83,2018-11-24,55,hunum,다음 漢字의 訓과 音을 쓰세요.,登,登,,오를 등,오를 등,
6급II,83,2018-11-24,56,hunum,다음 漢字의 訓과 音을 쓰세요.,急,急,,급할 급,급할 급,
6급II,83,2018-11-24,57,hunum,다음 漢字의 訓과 音을 쓰세요.,幸,幸,,다행 행,다행 행,
6급II,83,2018-11-24,58,hunum,다음 漢字의 訓과 音을 쓰세요.,孝,孝,,효도 효,효도 효,
6급II,83,2018-11-24,59,hunum,다음 漢字의 訓과 音을 쓰세요.,分,分,,나눌 분,나눌 분,
6급II,83,2018-11-24,60,hunum,다음 漢字의 訓과 音을 쓰세요.,靑,靑,,푸를 청,푸를 청,
6급II,83,2018-11-24,61,hunum,다음 漢字의 訓과 音을 쓰세요.,木,木,,나무 목,나무 목,
6급II,83,2018-11-24,62,banui_select,다음 밑줄 친 漢字와 뜻이 반대되는 漢字를 <보기>에서 찾아 그 번호를 쓰세요.,부정부패는 지위의 ( )下를 막론하고 엄벌에 처해야 합니다.,()下,"[""① 右"", ""② 高"", ""③ 火"", ""④ 和""]",②,高,
6급II,83,2018-11-24,63,banui_select,다음 중 뜻이 서로 반대(또는 상대)되는 漢字끼리 연결되지 않은 것을 찾아 그 번호를 쓰세요.,,,"[""① 老 ↔ 少"", ""② 先 ↔ 後"", ""③ 江 ↔ 山"", ""④ 土 ↔ 花""]",④,土 ↔ 花,
6급II,83,2018-11-24,64,select_hanja,다음 문장에 어울리는 漢字語가 되도록 ( ) 안에 알맞은 漢字를 <보기>에서 찾아 그 번호를 쓰세요.,우리의 만남은 運( )과도 같다.,運(),"[""① 命"", ""② 明"", ""③ 方"", ""④ 術""]",①,命,
6급II,83,2018-11-24,65,select_hanja,다음 문장에 어울리는 漢字語가 되도록 ( ) 안에 알맞은 漢字를 <보기>에서 찾아 그 번호를 쓰세요.,그는 항상 품행이 ( )正하다.,()正,"[""① 命"", ""② 明"", ""③ 方"", ""④ 術""]",③,方,
6급II,83,2018-11-24,66,mean_select,다음 뜻에 맞는 漢字語를 <보기>에서 찾아 그 번호를 쓰세요.,마을.,,"[""① 冬天"", ""② 東風"", ""③ 同風"", ""④ 洞里"", ""⑤ 同心"", ""⑥ 洞口""]",④,洞里,
6급II,83,2018-11-24,67,mean_select,다음 뜻에 맞는 漢字語를 <보기>에서 찾아 그 번호를 쓰세요.,동쪽에서 부는 바람. 샛바람.,,"[""① 冬天"", ""② 東風"", ""③ 同風"", ""④ 洞里"", ""⑤ 同心"", ""⑥ 洞口""]",②,東風,
6급II,83,2018-11-24,68,hanjaeo_write,다음 밑줄 친 漢字語를 漢字로 쓰세요.,남북 겨레의 소원은 자유 평화 통일입니다.,남북,,南北,南北,
6급II,83,2018-11-24,69,hanjaeo_write,다음 밑줄 친 漢字語를 漢字로 쓰세요.,"용기, 충성, 명예, 희생은 군인 정신의 요소들입니다.",군인,,軍人,軍人,
6급II,83,2018-11-24,70,hanjaeo_write,다음 밑줄 친 漢字語를 漢字로 쓰세요.,예전에도 일월의 운행을 보고 정교한 달력을 만들었습니다.,일월,,日月,日月,
6급II,83,2018-11-24,71,hanjaeo_write,다음 밑줄 친 漢字語를 漢字로 쓰세요.,부모님께 늘 감사하고 섬기는 것은 효도의 근본입니다.,부모,,父母,父母,
6급II,83,2018-11-24,72,hanjaeo_write,다음 밑줄 친 漢字語를 漢字로 쓰세요.,만일의 사태를 대비해야 합니다.,만일,,萬一,萬一,
6급II,83,2018-11-24,73,hanjaeo_write,다음 밑줄 친 漢字語를 漢字로 쓰세요.,폭우가 내려 댐의 수문을 열어 방류합니다.,수문,,水門,水門,
6급II,83,2018-11-24,74,hanjaeo_write,다음 밑줄 친 漢字語를 漢字로 쓰세요.,이번 추석에 사촌 누이를 만납 니다.,사촌,,四寸,四寸,
6급II,83,2018-11-24,75,hanjaeo_write,다음 밑줄 친 漢字語를 漢字로 쓰세요.,그와 나는 형제처럼 친합니다.,형제,,兄弟,兄弟,
6급II,83,2018-11-24,76,hanjaeo_write,다음 밑줄 친 漢字語를 漢字로 쓰세요.,교장 선생님께서 퇴임하십니다.,교장,,校長,校長,
6급II,83,2018-11-24,77,hanjaeo_write,다음 밑줄 친 漢字語를 漢字로 쓰세요.,한 달간 민요 교실이 열립니다.,교실,,敎室,敎室,
6급II,83,2018-11-24,78,stroke,다음 漢字의 짙게 표시한 획은 몇 번째 쓰는 획인지 <보기>에서 찾아 그 번호를 쓰세요.,,,"[""① 첫 번째"", ""② 두 번째"", ""③ 세 번째"", ""④ 네 번째"", ""⑤ 다섯 번째"", ""⑥ 여섯 번째"", ""⑦ 일곱 번째"", ""⑧ 여덟 번째"", ""⑨ 아홉 번째"", ""⑩ 열 번째""]",⑨,아홉 번째,exam-strokes/stroke_6ii_83_78.png
6급II,83,2018-11-24,79,stroke,다음 漢字의 짙게 표시한 획은 몇 번째 쓰는 획인지 <보기>에서 찾아 그 번호를 쓰세요.,,,"[""① 첫 번째"", ""② 두 번째"", ""③ 세 번째"", ""④ 네 번째"", ""⑤ 다섯 번째"", ""⑥ 여섯 번째"", ""⑦ 일곱 번째"", ""⑧ 여덟 번째"", ""⑨ 아홉 번째"", ""⑩ 열 번째""]",⑩,열 번째,exam-strokes/stroke_6ii_83_79.png
6급II,83,2018-11-24,80,stroke,다음 漢字의 짙게 표시한 획은 몇 번째 쓰는 획인지 <보기>에서 찾아 그 번호를 쓰세요.,,,"[""① 첫 번째"", ""② 두 번째"", ""③ 세 번째"", ""④ 네 번째"", ""⑤ 다섯 번째"", ""⑥ 여섯 번째"", ""⑦ 일곱 번째"", ""⑧ 여덟 번째"", ""⑨ 아홉 번째"", ""⑩ 열 번째""]",⑨,아홉 번째,exam-strokes/stroke_6ii_83_80.png
6급II,84,2019-02-23,1,dokum,다음 밑줄 친 漢字語의 讀音을 쓰세요.,소설에는 작가의 정신 世界가 그대로 담겨있습니다.,世界,,세계,세계,
6급II,84,2019-02-23,2,dokum,다음 밑줄 친 漢字語의 讀音을 쓰세요.,우연히 친구와 같은 車便을 이 용하게 되었습니다.,車便,,차편,차편,
6급II,84,2019-02-23,3,dokum,다음 밑줄 친 漢字語의 讀音을 쓰세요.,빈 空間에 그림을 걸었습니다.,空間,,공간,공간,
6급II,84,2019-02-23,4,dokum,다음 밑줄 친 漢字語의 讀音을 쓰세요.,이동 시간을 잘못 計算해서 늦 게 도착했습니다.,計算,,계산,계산,
6급II,84,2019-02-23,5,dokum,다음 밑줄 친 漢字語의 讀音을 쓰세요.,최근 동네마다 公共 도서관이 늘고 있습니다.,公共,,공공,공공,
6급II,84,2019-02-23,6,dokum,다음 밑줄 친 漢字語의 讀音을 쓰세요.,성인이 외국어 습득에 成功하 는 것은 쉽지 않습니다.,成功,,성공,성공,
6급II,84,2019-02-23,7,dokum,다음 밑줄 친 漢字語의 讀音을 쓰세요.,창문이 커서 건물의 內部가 환합니다.,內部,,내부,내부,
6급II,84,2019-02-23,8,dokum,다음 밑줄 친 漢字語의 讀音을 쓰세요.,동굴의 入口가 좁아서 접근하 기가 힘듭니다.,入口,,입구,입구,
6급II,84,2019-02-23,9,dokum,다음 밑줄 친 漢字語의 讀音을 쓰세요.,海軍의 전투력이 해마다 향상 되고 있습니다.,海軍,,해군,해군,
6급II,84,2019-02-23,10,dokum,다음 밑줄 친 漢字語의 讀音을 쓰세요.,지구온난화는 국제 社會가 직면 한 가장 큰 문제입니다.,社會,,사회,사회,
6급II,84,2019-02-23,11,dokum,다음 밑줄 친 漢字語의 讀音을 쓰세요.,우리 집 아이가 今年에 초등학 교에 입학했습니다.,今年,,금년,금년,
6급II,84,2019-02-23,12,dokum,다음 밑줄 친 漢字語의 讀音을 쓰세요.,요즘은 日記를 쓰는 사람이 많 지 않습니다.,日記,,일기,일기,
6급II,84,2019-02-23,13,dokum,다음 밑줄 친 漢字語의 讀音을 쓰세요.,새로 생긴 저 食堂에는 항상 사 람이 많습니다.,食堂,,식당,식당,
6급II,84,2019-02-23,14,dokum,다음 밑줄 친 漢字語의 讀音을 쓰세요.,질문에 대한 答信을 기다리고 있는 중입니다.,答信,,답신,답신,
6급II,84,2019-02-23,15,dokum,다음 밑줄 친 漢字語의 讀音을 쓰세요.,제가 우리 학교 代表로 선출되 었습니다.,代表,,대표,대표,
6급II,84,2019-02-23,16,dokum,다음 밑줄 친 漢字語의 讀音을 쓰세요.,내일은 活動하기 편한 옷을 입 고 오십시오.,活動,,활동,활동,
6급II,84,2019-02-23,17,dokum,다음 밑줄 친 漢字語의 讀音을 쓰세요.,항상 마음의 平和가 깃들기를 기원합니다.,平和,,평화,평화,
6급II,84,2019-02-23,18,dokum,다음 밑줄 친 漢字語의 讀音을 쓰세요.,전쟁과 같은 不幸한 역사는 절 대 되풀이 되지 말아야 합니다.,不幸,,불행,불행,
6급II,84,2019-02-23,19,dokum,다음 밑줄 친 漢字語의 讀音을 쓰세요.,정부에서는 風力을 이용한 에너 지 개발에 힘을 쓰고 있습니다.,風力,,풍력,풍력,
6급II,84,2019-02-23,20,dokum,다음 밑줄 친 漢字語의 讀音을 쓰세요.,할아버지께서는 취미로 花草를 기르십니다.,花草,,화초,화초,
6급II,84,2019-02-23,21,dokum,다음 밑줄 친 漢字語의 讀音을 쓰세요.,이 사진에는 靑春 시절의 추억 이 그대로 담겨있습니다.,靑春,,청춘,청춘,
6급II,84,2019-02-23,22,dokum,다음 밑줄 친 漢字語의 讀音을 쓰세요.,가끔씩 인생을 反省해 보는 시 간을 가지는 것이 좋습니다.,反省,,반성,반성,
6급II,84,2019-02-23,23,dokum,다음 밑줄 친 漢字語의 讀音을 쓰세요.,봄이 오면 登山을 하는 사람들 이 많아집니다.,登山,,등산,등산,
6급II,84,2019-02-23,24,dokum,다음 밑줄 친 漢字語의 讀音을 쓰세요.,"역사를 통해 先祖의 삶을 들여 다 볼 수 있습니다. 6級II *** 6級과6級Ⅱ는서로다른급수입니다. 반드시지원급수를다시확인하세요. *** 80 문항 / 50분 시험 / 시험일자 : 2019. 02. 23. * 성명과 수험번호를 쓰고 문제지와 답안지는 함께 제출하세요. 성명( ), 수험번호□□□-□□-□□□□",先祖,,선조,선조,
6급II,84,2019-02-23,25,dokum,다음 밑줄 친 漢字語의 讀音을 쓰세요.,우리 집의 가훈은 正直입니다.,正直,,정직,정직,
6급II,84,2019-02-23,26,dokum,다음 밑줄 친 漢字語의 讀音을 쓰세요.,갑작스러운 放電 때문에 고생을 했습니다.,放電,,방전,방전,
6급II,84,2019-02-23,27,dokum,다음 밑줄 친 漢字語의 讀音을 쓰세요.,명절이 다가오면서 市場을 찾는 사람들이 많습니다.,市場,,시장,시장,
6급II,84,2019-02-23,28,dokum,다음 밑줄 친 漢字語의 讀音을 쓰세요.,부모님의 姓名을 한자로 쓸 줄 아는 학생이 많지 않습니다.,姓名,,성명,성명,
6급II,84,2019-02-23,29,dokum,다음 밑줄 친 漢字語의 讀音을 쓰세요.,증기 기관의 發明은 산업 혁명 의 발판이 되었습니다.,發明,,발명,발명,
6급II,84,2019-02-23,30,dokum,다음 밑줄 친 漢字語의 讀音을 쓰세요.,낮선 곳을 여행하기 위해서는 勇氣가 필요합니다.,勇氣,,용기,용기,
6급II,84,2019-02-23,31,dokum,다음 밑줄 친 漢字語의 讀音을 쓰세요.,주민의 安全한 귀가를 돕는 도 우미를 모집하고 있습니다.,安全,,안전,안전,
6급II,84,2019-02-23,32,dokum,다음 밑줄 친 漢字語의 讀音을 쓰세요.,나라마다 고유한 神話가 있습니다.,神話,,신화,신화,
6급II,84,2019-02-23,33,hunum,다음 漢字의 訓과 音을 쓰세요.,東,東,,동녘 동,동녘 동,
6급II,84,2019-02-23,34,hunum,다음 漢字의 訓과 音을 쓰세요.,天,天,,하늘 천,하늘 천,
6급II,84,2019-02-23,35,hunum,다음 漢字의 訓과 音을 쓰세요.,高,高,,높을 고,높을 고,
6급II,84,2019-02-23,36,hunum,다음 漢字의 訓과 音을 쓰세요.,植,植,,심을 식,심을 식,
6급II,84,2019-02-23,37,hunum,다음 漢字의 訓과 音을 쓰세요.,出,出,,날 출,날 출,
6급II,84,2019-02-23,38,hunum,다음 漢字의 訓과 音을 쓰세요.,運,運,,옮길 운,옮길 운,
6급II,84,2019-02-23,39,hunum,다음 漢字의 訓과 音을 쓰세요.,邑,邑,,고을 읍,고을 읍,
6급II,84,2019-02-23,40,hunum,다음 漢字의 訓과 音을 쓰세요.,自,自,,스스로 자,스스로 자,
6급II,84,2019-02-23,41,hunum,다음 漢字의 訓과 音을 쓰세요.,昨,昨,,어제 작,어제 작,
6급II,84,2019-02-23,42,hunum,다음 漢字의 訓과 音을 쓰세요.,才,才,,재주 재,재주 재,
6급II,84,2019-02-23,43,hunum,다음 漢字의 訓과 音을 쓰세요.,戰,戰,,싸움 전,싸움 전,
6급II,84,2019-02-23,44,hunum,다음 漢字의 訓과 音을 쓰세요.,生,生,,날 생,날 생,
6급II,84,2019-02-23,45,hunum,다음 漢字의 訓과 音을 쓰세요.,題,題,,제목 제,제목 제,
6급II,84,2019-02-23,46,hunum,다음 漢字의 訓과 音을 쓰세요.,足,足,,발 족,발 족,
6급II,84,2019-02-23,47,hunum,다음 漢字의 訓과 音을 쓰세요.,注,注,,부을 주,부을 주,
6급II,84,2019-02-23,48,hunum,다음 漢字의 訓과 音을 쓰세요.,紙,紙,,종이 지,종이 지,
6급II,84,2019-02-23,49,hunum,다음 漢字의 訓과 音을 쓰세요.,作,作,,지을 작,지을 작,
6급II,84,2019-02-23,50,hunum,다음 漢字의 訓과 音을 쓰세요.,千,千,,일천 천,일천 천,
6급II,84,2019-02-23,51,hunum,다음 漢字의 訓과 音을 쓰세요.,淸,淸,,맑을 청,맑을 청,
6급II,84,2019-02-23,52,hunum,다음 漢字의 訓과 音을 쓰세요.,體,體,,몸 체,몸 체,
6급II,84,2019-02-23,53,hunum,다음 漢字의 訓과 音을 쓰세요.,孝,孝,,효도 효,효도 효,
6급II,84,2019-02-23,54,hunum,다음 漢字의 訓과 音을 쓰세요.,村,村,,마을 촌,마을 촌,
6급II,84,2019-02-23,55,hunum,다음 漢字의 訓과 音을 쓰세요.,形,形,,모양 형,모양 형,
6급II,84,2019-02-23,56,hunum,다음 漢字의 訓과 音을 쓰세요.,家,家,,집 가,집 가,
6급II,84,2019-02-23,57,hunum,다음 漢字의 訓과 音을 쓰세요.,物,物,,물건 물,물건 물,
6급II,84,2019-02-23,58,hunum,다음 漢字의 訓과 音을 쓰세요.,始,始,,비로소 시,비로소 시,
6급II,84,2019-02-23,59,hunum,다음 漢字의 訓과 音을 쓰세요.,角,角,,뿔 각,뿔 각,
6급II,84,2019-02-23,60,hunum,다음 漢字의 訓과 音을 쓰세요.,圖,圖,,그림 도,그림 도,
6급II,84,2019-02-23,61,hunum,다음 漢字의 訓과 音을 쓰세요.,理,理,,다스릴 리,다스릴 리,
6급II,84,2019-02-23,62,banui_select,다음 중 뜻이 서로 반대(또는 상대)되는 漢字끼리 연결되지 않은 것을 찾아 그 번호를 쓰세요.,,,"[""① 前 ↔ 後"", ""② 新 ↔ 聞"", ""③ 上 ↔ 下"", ""④ 身 ↔ 心""]",②,新 ↔ 聞,
6급II,84,2019-02-23,63,banui_select,다음 중 뜻이 서로 반대(또는 상대)되는 漢字끼리 연결되지 않은 것을 찾아 그 번호를 쓰세요.,,,"[""① 左 ↔ 右"", ""② 夏 ↔ 冬"", ""③ 土 ↔ 地"", ""④ 長 ↔ 短""]",③,土 ↔ 地,
6급II,84,2019-02-23,64,select_hanja,다음 문장에 어울리는 漢字語가 되도록 ( ) 안에 알맞은 漢字를 <보기>에서 찾아 그 번호를 쓰세요.,소문에 듣던 대로 그는 果( ) 훌륭한 예술가였습니다.,果(),"[""① 色"", ""② 然"", ""③ 弱"", ""④ 窓""]",②,然,
6급II,84,2019-02-23,65,select_hanja,다음 문장에 어울리는 漢字語가 되도록 ( ) 안에 알맞은 漢字를 <보기>에서 찾아 그 번호를 쓰세요.,우연히 초등학교 同( )을 만났 습니다.,同(),"[""① 色"", ""② 然"", ""③ 弱"", ""④ 窓""]",④,窓,
6급II,84,2019-02-23,66,mean_select,다음 뜻에 맞는 漢字語를 <보기>에서 찾아 그 번호를 쓰세요.,한곳으로 모음,,"[""① 對面"", ""② 所重"", ""③ 集中"", ""④ 秋夕"", ""⑤ 消火"", ""⑥ 方道""]",③,集中,
6급II,84,2019-02-23,67,mean_select,다음 뜻에 맞는 漢字語를 <보기>에서 찾아 그 번호를 쓰세요.,민족의 명절. 음력 8월 15일,,"[""① 對面"", ""② 所重"", ""③ 集中"", ""④ 秋夕"", ""⑤ 消火"", ""⑥ 方道""]",④,秋夕,
6급II,84,2019-02-23,68,hanjaeo_write,다음 밑줄 친 漢字語를 漢字로 쓰세요.,여름방학은 팔월에 끝납니다.,팔월,,八月,八月,
6급II,84,2019-02-23,69,hanjaeo_write,다음 밑줄 친 漢字語를 漢字로 쓰세요.,부녀가 다정하게 산책을 하고 있습니다.,부녀,,父女,父女,
6급II,84,2019-02-23,70,hanjaeo_write,다음 밑줄 친 漢字語를 漢字로 쓰세요.,형제가 열심히 일한 덕에 올해 도 풍년입니다.,형제,,兄弟,兄弟,
6급II,84,2019-02-23,71,hanjaeo_write,다음 밑줄 친 漢字語를 漢字로 쓰세요.,북한과의 문화 교류가 활발해 지고 있습니다.,북한,,北韓,北韓,
6급II,84,2019-02-23,72,hanjaeo_write,다음 밑줄 친 漢字語를 漢字로 쓰세요.,교실에 화분이 많이 있습니다.,교실,,敎室,敎室,
6급II,84,2019-02-23,73,hanjaeo_write,다음 밑줄 친 漢字語를 漢字로 쓰세요.,우리 삼촌은 춘천에 사십니다.,삼촌,,三寸,三寸,
6급II,84,2019-02-23,74,hanjaeo_write,다음 밑줄 친 漢字語를 漢字로 쓰세요.,백금으로 된 반지를 선물 받았 습니다.,백금,,白金,白金,
6급II,84,2019-02-23,75,hanjaeo_write,다음 밑줄 친 漢字語를 漢字로 쓰세요.,영추문은 경복궁의 서문입니다.,서문,,西門,西門,
6급II,84,2019-02-23,76,hanjaeo_write,다음 밑줄 친 漢字語를 漢字로 쓰세요.,세종대왕은 만인의 존경을 받 는 왕이었습니다.,만인,,萬人,萬人,
6급II,84,2019-02-23,77,hanjaeo_write,다음 밑줄 친 漢字語를 漢字로 쓰세요.,조카가 대학에 입학했습니다.,대학,,大學,大學,
6급II,84,2019-02-23,78,stroke,다음 漢字의 짙게 표시한 획은 몇 번째 쓰는 획인지 <보기>에서 찾아 그 번호를 쓰세요.,,,"[""① 첫 번째"", ""② 두 번째"", ""③ 세 번째"", ""④ 네 번째"", ""⑤ 다섯 번째"", ""⑥ 여섯 번째"", ""⑦ 일곱 번째"", ""⑧ 여덟 번째"", ""⑨ 아홉 번째"", ""⑩ 열 번째""]",⑤,다섯 번째,exam-strokes/stroke_6ii_84_78.png
6급II,84,2019-02-23,79,stroke,다음 漢字의 짙게 표시한 획은 몇 번째 쓰는 획인지 <보기>에서 찾아 그 번호를 쓰세요.,,,"[""① 첫 번째"", ""② 두 번째"", ""③ 세 번째"", ""④ 네 번째"", ""⑤ 다섯 번째"", ""⑥ 여섯 번째"", ""⑦ 일곱 번째"", ""⑧ 여덟 번째"", ""⑨ 아홉 번째"", ""⑩ 열 번째""]",④,네 번째,exam-strokes/stroke_6ii_84_79.png
6급II,84,2019-02-23,80,stroke,다음 漢字의 짙게 표시한 획은 몇 번째 쓰는 획인지 <보기>에서 찾아 그 번호를 쓰세요.,,,"[""① 첫 번째"", ""② 두 번째"", ""③ 세 번째"", ""④ 네 번째"", ""⑤ 다섯 번째"", ""⑥ 여섯 번째"", ""⑦ 일곱 번째"", ""⑧ 여덟 번째"", ""⑨ 아홉 번째"", ""⑩ 열 번째""]",⑦,일곱 번째,exam-strokes/stroke_6ii_84_80.png
6급II,85,2019-06-01,1,dokum,다음 밑줄 친 漢字語의 讀音을 쓰세요.,저는 男子 형제가 없습니다.,男子,,남자,남자,
6급II,85,2019-06-01,2,dokum,다음 밑줄 친 漢字語의 讀音을 쓰세요.,放學이 되면 여행을 갑니다.,放學,,방학,방학,
6급II,85,2019-06-01,3,dokum,다음 밑줄 친 漢字語의 讀音을 쓰세요.,아버지는 家業을 잇고 계십니다.,家業,,가업,가업,
6급II,85,2019-06-01,4,dokum,다음 밑줄 친 漢字語의 讀音을 쓰세요.,봄의 따스한 氣運이 완연합니다.,氣運,,기운,기운,
6급II,85,2019-06-01,5,dokum,다음 밑줄 친 漢字語의 讀音을 쓰세요.,休日 아침마다 늦잠을 잡니다.,休日,,휴일,휴일,
6급II,85,2019-06-01,6,dokum,다음 밑줄 친 漢字語의 讀音을 쓰세요.,이 노트북은 휴대가 便利합니다.,便利,,편리,편리,
6급II,85,2019-06-01,7,dokum,다음 밑줄 친 漢字語의 讀音을 쓰세요.,이 빌딩은 直線이 없습니다.,直線,,직선,직선,
6급II,85,2019-06-01,8,dokum,다음 밑줄 친 漢字語의 讀音을 쓰세요.,동생은 昨年보다 키가 많이 컸습 니다.,昨年,,작년,작년,
6급II,85,2019-06-01,9,dokum,다음 밑줄 친 漢字語의 讀音을 쓰세요.,행사는 두 部分으로 나뉩니다.,部分,,부분,부분,
6급II,85,2019-06-01,10,dokum,다음 밑줄 친 漢字語의 讀音을 쓰세요.,그는 예술적 表現이 뛰어납니다.,表現,,표현,표현,
6급II,85,2019-06-01,11,dokum,다음 밑줄 친 漢字語의 讀音을 쓰세요.,개인 물품은 各自 준비하십시오.,各自,,각자,각자,
6급II,85,2019-06-01,12,dokum,다음 밑줄 친 漢字語의 讀音을 쓰세요.,학교와 기업이 共同으로 주최하 는 행사입니다.,共同,,공동,공동,
6급II,85,2019-06-01,13,dokum,다음 밑줄 친 漢字語의 讀音을 쓰세요.,부귀와 功名을 모두 얻었습니다.,功名,,공명,공명,
6급II,85,2019-06-01,14,dokum,다음 밑줄 친 漢字語의 讀音을 쓰세요.,인삼은 건강에 좋은 代身 값이 비쌉니다.,代身,,대신,대신,
6급II,85,2019-06-01,15,dokum,다음 밑줄 친 漢字語의 讀音을 쓰세요.,신고 없이 설계 圖面을 변경하면 안 됩니다.,圖面,,도면,도면,
6급II,85,2019-06-01,16,dokum,다음 밑줄 친 漢字語의 讀音을 쓰세요.,초등학생이 중학생보다 讀書를 더 많이 한다고 합니다.,讀書,,독서,독서,
6급II,85,2019-06-01,17,dokum,다음 밑줄 친 漢字語의 讀音을 쓰세요.,한자 敎育을 실시하는 학교가 늘 고 있습니다.,敎育,,교육,교육,
6급II,85,2019-06-01,18,dokum,다음 밑줄 친 漢字語의 讀音을 쓰세요.,따뜻한 이야기가 담긴 記事가 많습니다.,記事,,기사,기사,
6급II,85,2019-06-01,19,dokum,다음 밑줄 친 漢字語의 讀音을 쓰세요.,한국은 生活 수준이 높습니다.,生活,,생활,생활,
6급II,85,2019-06-01,20,dokum,다음 밑줄 친 漢字語의 讀音을 쓰세요.,植物에는 엽록소가 있습니다.,植物,,식물,식물,
6급II,85,2019-06-01,21,dokum,다음 밑줄 친 漢字語의 讀音을 쓰세요.,옛날 住所가 기억나지 않습니다.,住所,,주소,주소,
6급II,85,2019-06-01,22,dokum,다음 밑줄 친 漢字語의 讀音을 쓰세요.,인명 구조는 세밀한 注意가 필요 한 작업입니다.,注意,,주의,주의,
6급II,85,2019-06-01,23,dokum,다음 밑줄 친 漢字語의 讀音을 쓰세요.,地球 반대편까지 하루 만에 갈 수 있습니다.,地球,,지구,지구,
6급II,85,2019-06-01,24,dokum,다음 밑줄 친 漢字語의 讀音을 쓰세요.,제 친구는 법률을 工夫했습니다.,工夫,,공부,공부,
6급II,85,2019-06-01,25,dokum,다음 밑줄 친 漢字語의 讀音을 쓰세요.,새는 空中을 날아다닙니다.,空中,,공중,공중,
6급II,85,2019-06-01,26,dokum,다음 밑줄 친 漢字語의 讀音을 쓰세요.,그는 果然 훌륭한 소설가입니다.,果然,,과연,과연,
6급II,85,2019-06-01,27,dokum,다음 밑줄 친 漢字語의 讀音을 쓰세요.,교실에 큰 窓門이 있습니다.,窓門,,창문,창문,
6급II,85,2019-06-01,28,dokum,다음 밑줄 친 漢字語의 讀音을 쓰세요.,內科 의사가 되고 싶었습니다.,內科,,내과,내과,
6급II,85,2019-06-01,29,dokum,다음 밑줄 친 漢字語의 讀音을 쓰세요.,"마음이 점점 不安해졌습니다. 6級II *** 6級과6級Ⅱ는서로다른급수입니다. 반드시지원급수를다시확인하세요. *** 80 문항 / 50분 시험 / 시험일자 : 2019. 06. 01. * 성명과 수험번호를 쓰고 문제지와 답안지는 함께 제출하세요. 성명( ), 수험번호□□□-□□-□□□□",不安,,불안,불안,
6급II,85,2019-06-01,30,dokum,다음 밑줄 친 漢字語의 讀音을 쓰세요.,인공지능의 발달로 우리 社會는 급격한 변화를 맞이했습니다.,社會,,사회,사회,
6급II,85,2019-06-01,31,dokum,다음 밑줄 친 漢字語의 讀音을 쓰세요.,영화 주인공들이 무대에 登場하 자 관객들이 환호했습니다.,登場,,등장,등장,
6급II,85,2019-06-01,32,dokum,다음 밑줄 친 漢字語의 讀音을 쓰세요.,어린이들은 童話를 통해 세상을 경험합니다.,童話,,동화,동화,
6급II,85,2019-06-01,33,hunum,다음 漢字의 訓과 音을 쓰세요.,才,才,,재주 재,재주 재,
6급II,85,2019-06-01,34,hunum,다음 漢字의 訓과 音을 쓰세요.,高,高,,높은 고,높은 고,
6급II,85,2019-06-01,35,hunum,다음 漢字의 訓과 音을 쓰세요.,淸,淸,,맑을 청,맑을 청,
6급II,85,2019-06-01,36,hunum,다음 漢字의 訓과 音을 쓰세요.,神,神,,귀신 신,귀신 신,
6급II,85,2019-06-01,37,hunum,다음 漢字의 訓과 音을 쓰세요.,形,形,,모양 형,모양 형,
6급II,85,2019-06-01,38,hunum,다음 漢字의 訓과 音을 쓰세요.,幸,幸,,다행 행,다행 행,
6급II,85,2019-06-01,39,hunum,다음 漢字의 訓과 音을 쓰세요.,風,風,,바람 풍,바람 풍,
6급II,85,2019-06-01,40,hunum,다음 漢字의 訓과 音을 쓰세요.,題,題,,제목 제,제목 제,
6급II,85,2019-06-01,41,hunum,다음 漢字의 訓과 音을 쓰세요.,角,角,,뿔 각,뿔 각,
6급II,85,2019-06-01,42,hunum,다음 漢字의 訓과 音을 쓰세요.,用,用,,쓸 용,쓸 용,
6급II,85,2019-06-01,43,hunum,다음 漢字의 訓과 音을 쓰세요.,急,急,,급할 급,급할 급,
6급II,85,2019-06-01,44,hunum,다음 漢字의 訓과 音을 쓰세요.,短,短,,짧을 단,짧을 단,
6급II,85,2019-06-01,45,hunum,다음 漢字의 訓과 音을 쓰세요.,堂,堂,,집 당,집 당,
6급II,85,2019-06-01,46,hunum,다음 漢字의 訓과 音을 쓰세요.,信,信,,믿을 신,믿을 신,
6급II,85,2019-06-01,47,hunum,다음 漢字의 訓과 音을 쓰세요.,聞,聞,,들을 문,들을 문,
6급II,85,2019-06-01,48,hunum,다음 漢字의 訓과 音을 쓰세요.,半,半,,반 반,반 반,
6급II,85,2019-06-01,49,hunum,다음 漢字의 訓과 音을 쓰세요.,發,發,,필 발,필 발,
6급II,85,2019-06-01,50,hunum,다음 漢字의 訓과 音을 쓰세요.,雪,雪,,눈 설,눈 설,
6급II,85,2019-06-01,51,hunum,다음 漢字의 訓과 音을 쓰세요.,省,省,,살필 성 | 덜 생,살필 성 | 덜 생,
6급II,85,2019-06-01,52,hunum,다음 漢字의 訓과 音을 쓰세요.,術,術,,재주 술,재주 술,
6급II,85,2019-06-01,53,hunum,다음 漢字의 訓과 音을 쓰세요.,新,新,,새 신,새 신,
6급II,85,2019-06-01,54,hunum,다음 漢字의 訓과 音을 쓰세요.,藥,藥,,약 약,약 약,
6급II,85,2019-06-01,55,hunum,다음 漢字의 訓과 音을 쓰세요.,勇,勇,,날랠 용,날랠 용,
6급II,85,2019-06-01,56,hunum,다음 漢字의 訓과 音을 쓰세요.,飮,飮,,마실 음,마실 음,
6급II,85,2019-06-01,57,hunum,다음 漢字의 訓과 音을 쓰세요.,作,作,,지을 작,지을 작,
6급II,85,2019-06-01,58,hunum,다음 漢字의 訓과 音을 쓰세요.,戰,戰,,싸움 전,싸움 전,
6급II,85,2019-06-01,59,hunum,다음 漢字의 訓과 音을 쓰세요.,庭,庭,,뜰 정,뜰 정,
6급II,85,2019-06-01,60,hunum,다음 漢字의 訓과 音을 쓰세요.,體,體,,몸 체,몸 체,
6급II,85,2019-06-01,61,hunum,다음 漢字의 訓과 音을 쓰세요.,弱,弱,,약할 약,약할 약,
6급II,85,2019-06-01,62,banui_select,다음 밑줄 친 漢字와 뜻이 반대되는 漢字를 <보기>에서 찾아 그 번호를 쓰세요.,생태계 및 자연자원 보호를 위해 일부 탐방로의 ( )入을 제한합니다.,()入,"[""① 出"", ""② 道"", ""③ 始"", ""④ 反""]",①,出,
6급II,85,2019-06-01,63,banui_select,다음 중 뜻이 서로 반대(또는 상대)되는 漢字끼리 연결되지 않은 것을 찾아 그 번호를 쓰세요.,,,"[""① 大 ↔ 小"", ""② 洞 ↔ 里"", ""③ 左 ↔ 右"", ""④ 前 ↔ 後""]",②,洞 ↔ 里,
6급II,85,2019-06-01,64,select_hanja,다음 문장에 어울리는 漢字語가 되도록 ( ) 안에 알맞은 漢字를 <보기>에서 찾아 그 번호를 쓰세요.,平( )를 기원합니다.,平(),"[""① 和"", ""② 集"", ""③ 第"", ""④ 消""]",①,和,
6급II,85,2019-06-01,65,select_hanja,다음 문장에 어울리는 漢字語가 되도록 ( ) 안에 알맞은 漢字를 <보기>에서 찾아 그 번호를 쓰세요.,방마다 ( )火기가 있습니다.,()火,"[""① 和"", ""② 集"", ""③ 第"", ""④ 消""]",④,消,
6급II,85,2019-06-01,66,mean_select,다음 뜻에 맞는 漢字語를 <보기>에서 찾아 그 번호를 쓰세요.,서로 대하여 섬.,,"[""① 文明"", ""② 計算"", ""③ 對立"", ""④ 世界"", ""⑤ 問答"", ""⑥ 方今""]",③,對立,
6급II,85,2019-06-01,67,mean_select,다음 뜻에 맞는 漢字語를 <보기>에서 찾아 그 번호를 쓰세요.,온 세상,,"[""① 文明"", ""② 計算"", ""③ 對立"", ""④ 世界"", ""⑤ 問答"", ""⑥ 方今""]",④,世界,
6급II,85,2019-06-01,68,hanjaeo_write,다음 밑줄 친 漢字語를 漢字로 쓰세요.,교장 선생님께서 훈화를 하십니 다.,교장,,校長,校長,
6급II,85,2019-06-01,69,hanjaeo_write,다음 밑줄 친 漢字語를 漢字로 쓰세요.,한강을 남북으로 가로지르는 다 리가 서른 개 넘게 있습니다.,남북,,南北,南北,
6급II,85,2019-06-01,70,hanjaeo_write,다음 밑줄 친 漢字語를 漢字로 쓰세요.,저는 삼촌이 많습니다.,삼촌,,三寸,三寸,
6급II,85,2019-06-01,71,hanjaeo_write,다음 밑줄 친 漢字語를 漢字로 쓰세요.,십만의 관중이 노래를 함께 따 라 불렀습니다.,십만,,十萬,十萬,
6급II,85,2019-06-01,72,hanjaeo_write,다음 밑줄 친 漢字語를 漢字로 쓰세요.,조선시대 왕실의 행사를 그림으 로 그려 보전해 오고 있습니다.,왕실,,王室,王室,
6급II,85,2019-06-01,73,hanjaeo_write,다음 밑줄 친 漢字語를 漢字로 쓰세요.,형제간의 우애가 깊습니다.,형제,,兄弟,兄弟,
6급II,85,2019-06-01,74,hanjaeo_write,다음 밑줄 친 漢字語를 漢字로 쓰세요.,어느덧 서산에 노을이 붉게 물 들었습니다.,서산,,西山,西山,
6급II,85,2019-06-01,75,hanjaeo_write,다음 밑줄 친 漢字語를 漢字로 쓰세요.,오월 하늘은 맑고 푸릅니다.,오월,,五月,五月,
6급II,85,2019-06-01,76,hanjaeo_write,다음 밑줄 친 漢字語를 漢字로 쓰세요.,날씨가 추워지면 군인들은 위문 편지를 많이 받습니다.,군인,,軍人,軍人,
6급II,85,2019-06-01,77,hanjaeo_write,다음 밑줄 친 漢字語를 漢字로 쓰세요.,부모님을 공경해야 합니다.,부모,,父母,父母,
6급II,85,2019-06-01,78,stroke,다음 漢字의 짙게 표시한 획은 몇 번째 쓰는 획인지 <보기>에서 찾아 그 번호를 쓰세요.,,,"[""① 첫 번째"", ""② 두 번째"", ""③ 세 번째"", ""④ 네 번째"", ""⑤ 다섯 번째"", ""⑥ 여섯 번째"", ""⑦ 일곱 번째"", ""⑧ 여덟 번째"", ""⑨ 아홉 번째"", ""⑩ 열 번째""]",⑤,다섯 번째,exam-strokes/stroke_6ii_85_78.png
6급II,85,2019-06-01,79,stroke,다음 漢字의 짙게 표시한 획은 몇 번째 쓰는 획인지 <보기>에서 찾아 그 번호를 쓰세요.,,,"[""① 첫 번째"", ""② 두 번째"", ""③ 세 번째"", ""④ 네 번째"", ""⑤ 다섯 번째"", ""⑥ 여섯 번째"", ""⑦ 일곱 번째"", ""⑧ 여덟 번째"", ""⑨ 아홉 번째"", ""⑩ 열 번째""]",⑥,여섯 번째,exam-strokes/stroke_6ii_85_79.png
6급II,85,2019-06-01,80,stroke,다음 漢字의 짙게 표시한 획은 몇 번째 쓰는 획인지 <보기>에서 찾아 그 번호를 쓰세요.,,,"[""① 첫 번째"", ""② 두 번째"", ""③ 세 번째"", ""④ 네 번째"", ""⑤ 다섯 번째"", ""⑥ 여섯 번째"", ""⑦ 일곱 번째"", ""⑧ 여덟 번째"", ""⑨ 아홉 번째"", ""⑩ 열 번째""]",③,세 번째,exam-strokes/stroke_6ii_85_80.png
6급II,86,2019-08-24,1,dokum,다음 밑줄 친 漢字語의 讀音을 쓰세요.,國立박물관은 용산에 있습니다.,國立,,국립,국립,
6급II,86,2019-08-24,2,dokum,다음 밑줄 친 漢字語의 讀音을 쓰세요.,유명한 외국 배우가 다음 달 來韓 합니다.,來韓,,내한,내한,
6급II,86,2019-08-24,3,dokum,다음 밑줄 친 漢字語의 讀音을 쓰세요.,아버지는 퇴직 후에 農夫가 되 겠다고 하십니다.,農夫,,농부,농부,
6급II,86,2019-08-24,4,dokum,다음 밑줄 친 漢字語의 讀音을 쓰세요.,그는 短身이지만 무슨 운동이든 잘합니다.,短身,,단신,단신,
6급II,86,2019-08-24,5,dokum,다음 밑줄 친 漢字語의 讀音을 쓰세요.,형은 힙합 歌手를 좋아합니다.,歌手,,가수,가수,
6급II,86,2019-08-24,6,dokum,다음 밑줄 친 漢字語의 讀音을 쓰세요.,길이 미끄러우니 넘어지지 않도 록 注意해야 합니다.,注意,,주의,주의,
6급II,86,2019-08-24,7,dokum,다음 밑줄 친 漢字語의 讀音을 쓰세요.,옛 선비들은 경제적 이익보다 名分을 중시하였습니다.,名分,,명분,명분,
6급II,86,2019-08-24,8,dokum,다음 밑줄 친 漢字語의 讀音을 쓰세요.,개화기 때 외국의 文物이 많이 들어왔습니다.,文物,,문물,문물,
6급II,86,2019-08-24,9,dokum,다음 밑줄 친 漢字語의 讀音을 쓰세요.,학교 대표로 소감을 發表하였습 니다.,發表,,발표,발표,
6급II,86,2019-08-24,10,dokum,다음 밑줄 친 漢字語의 讀音을 쓰세요.,노인 복지 事業을 확대합니다.,事業,,사업,사업,
6급II,86,2019-08-24,11,dokum,다음 밑줄 친 漢字語의 讀音을 쓰세요.,할아버지는 고향 山川을 늘 그 리워하십니다.,山川,,산천,산천,
6급II,86,2019-08-24,12,dokum,다음 밑줄 친 漢字語의 讀音을 쓰세요.,제가 만든 드론이 上空을 날고 있습니다.,上空,,상공,상공,
6급II,86,2019-08-24,13,dokum,다음 밑줄 친 漢字語의 讀音을 쓰세요.,회의를 할 때 書記의 역할이 아 주 중요합니다.,書記,,서기,서기,
6급II,86,2019-08-24,14,dokum,다음 밑줄 친 漢字語의 讀音을 쓰세요.,이번 행사는 생각보다 成果가 컸습니다.,成果,,성과,성과,
6급II,86,2019-08-24,15,dokum,다음 밑줄 친 漢字語의 讀音을 쓰세요.,時間 여행은 인류의 영원한 꿈 일까요?,時間,,시간,시간,
6급II,86,2019-08-24,16,dokum,다음 밑줄 친 漢字語의 讀音을 쓰세요.,수요일마다 市場이 열립니다.,市場,,시장,시장,
6급II,86,2019-08-24,17,dokum,다음 밑줄 친 漢字語의 讀音을 쓰세요.,회의는 아침 10시에 始作합니 다.,始作,,시작,시작,
6급II,86,2019-08-24,18,dokum,다음 밑줄 친 漢字語의 讀音을 쓰세요.,교사는 학생의 心理 상태를 잘 살펴야 합니다.,心理,,심리,심리,
6급II,86,2019-08-24,19,dokum,다음 밑줄 친 漢字語의 讀音을 쓰세요.,선생님을 만난 것은 저에게 큰 幸運입니다.,幸運,,행운,행운,
6급II,86,2019-08-24,20,dokum,다음 밑줄 친 漢字語의 讀音을 쓰세요.,선수들은 이번 경기에 全力을 다했습니다.,全力,,전력,전력,
6급II,86,2019-08-24,21,dokum,다음 밑줄 친 漢字語의 讀音을 쓰세요.,이 행사에서는 여러 地方의 특 산물을 맛볼 수 있습니다.,地方,,지방,지방,
6급II,86,2019-08-24,22,dokum,다음 밑줄 친 漢字語의 讀音을 쓰세요.,조각보에는 直線의 아름다움이 담겨 있습니다.,直線,,직선,직선,
6급II,86,2019-08-24,23,dokum,다음 밑줄 친 漢字語의 讀音을 쓰세요.,이 영화는 靑春의 아름다움을 다시 생각하게 합니다.,靑春,,청춘,청춘,
6급II,86,2019-08-24,24,dokum,다음 밑줄 친 漢字語의 讀音을 쓰세요.,요즘은 體面을 중시하는 문화가 많이 사라졌습니다.,體面,,체면,체면,
6급II,86,2019-08-24,25,dokum,다음 밑줄 친 漢字語의 讀音을 쓰세요.,"교육의 기회가 平等한 사회를 꿈꾸고 있습니다. 6級II *** 6級과6級Ⅱ는서로다른급수입니다. 반드시지원급수를다시확인하세요. *** 80 문항 / 50분 시험 / 시험일자 : 2019. 08. 24. * 성명과 수험번호를 쓰고 문제지와 답안지는 함께 제출하세요. 성명( ), 수험번호□□□-□□-□□□□",平等,,평등,평등,
6급II,86,2019-08-24,26,dokum,다음 밑줄 친 漢字語의 讀音을 쓰세요.,어른도 童話를 읽습니다.,童話,,동화,동화,
6급II,86,2019-08-24,27,dokum,다음 밑줄 친 漢字語의 讀音을 쓰세요.,제 동생은 算數를 좋아합니다.,算數,,산수,산수,
6급II,86,2019-08-24,28,dokum,다음 밑줄 친 漢字語의 讀音을 쓰세요.,해외여행 중에 현지 家庭을 방 문했던 적이 있습니다.,家庭,,가정,가정,
6급II,86,2019-08-24,29,dokum,다음 밑줄 친 漢字語의 讀音을 쓰세요.,회사 正門 앞에 큰 조각상이 있 습니다.,正門,,정문,정문,
6급II,86,2019-08-24,30,dokum,다음 밑줄 친 漢字語의 讀音을 쓰세요.,쉬운 問題를 자꾸 틀립니다.,問題,,문제,문제,
6급II,86,2019-08-24,31,dokum,다음 밑줄 친 漢字語의 讀音을 쓰세요.,매일 새로운 기술이 出現하고 있습니다.,出現,,출현,출현,
6급II,86,2019-08-24,32,dokum,다음 밑줄 친 漢字語의 讀音을 쓰세요.,무슨 일이든 自信이 있어야 잘 할 수 있습니다.,自信,,자신,자신,
6급II,86,2019-08-24,33,hunum,다음 漢字의 訓과 音을 쓰세요.,對,對,,대할 대,대할 대,
6급II,86,2019-08-24,34,hunum,다음 漢字의 訓과 音을 쓰세요.,東,東,,동녘 동,동녘 동,
6급II,86,2019-08-24,35,hunum,다음 漢字의 訓과 音을 쓰세요.,登,登,,오를 등,오를 등,
6급II,86,2019-08-24,36,hunum,다음 漢字의 訓과 音을 쓰세요.,夏,夏,,여름 하,여름 하,
6급II,86,2019-08-24,37,hunum,다음 漢字의 訓과 音을 쓰세요.,里,里,,마을 리,마을 리,
6급II,86,2019-08-24,38,hunum,다음 漢字의 訓과 音을 쓰세요.,林,林,,수풀 림,수풀 림,
6급II,86,2019-08-24,39,hunum,다음 漢字의 訓과 音을 쓰세요.,每,每,,매양 매,매양 매,
6급II,86,2019-08-24,40,hunum,다음 漢字의 訓과 音을 쓰세요.,草,草,,풀 초,풀 초,
6급II,86,2019-08-24,41,hunum,다음 漢字의 訓과 音을 쓰세요.,光,光,,빛 광,빛 광,
6급II,86,2019-08-24,42,hunum,다음 漢字의 訓과 音을 쓰세요.,急,急,,급할 급,급할 급,
6급II,86,2019-08-24,43,hunum,다음 漢字의 訓과 音을 쓰세요.,孝,孝,,효도 효,효도 효,
6급II,86,2019-08-24,44,hunum,다음 漢字의 訓과 音을 쓰세요.,安,安,,편안 안,편안 안,
6급II,86,2019-08-24,45,hunum,다음 漢字의 訓과 音을 쓰세요.,動,動,,움직일 동,움직일 동,
6급II,86,2019-08-24,46,hunum,다음 漢字의 訓과 音을 쓰세요.,海,海,,바다 해,바다 해,
6급II,86,2019-08-24,47,hunum,다음 漢字의 訓과 音을 쓰세요.,風,風,,바람 풍,바람 풍,
6급II,86,2019-08-24,48,hunum,다음 漢字의 訓과 音을 쓰세요.,秋,秋,,가을 추,가을 추,
6급II,86,2019-08-24,49,hunum,다음 漢字의 訓과 音을 쓰세요.,寸,寸,,마디 촌,마디 촌,
6급II,86,2019-08-24,50,hunum,다음 漢字의 訓과 音을 쓰세요.,集,集,,모을 집,모을 집,
6급II,86,2019-08-24,51,hunum,다음 漢字의 訓과 音을 쓰세요.,主,主,,주인 주,주인 주,
6급II,86,2019-08-24,52,hunum,다음 漢字의 訓과 音을 쓰세요.,戰,戰,,싸움 전,싸움 전,
6급II,86,2019-08-24,53,hunum,다음 漢字의 訓과 音을 쓰세요.,育,育,,기를 육,기를 육,
6급II,86,2019-08-24,54,hunum,다음 漢字의 訓과 音을 쓰세요.,窓,窓,,창 창,창 창,
6급II,86,2019-08-24,55,hunum,다음 漢字의 訓과 音을 쓰세요.,千,千,,일천 천,일천 천,
6급II,86,2019-08-24,56,hunum,다음 漢字의 訓과 音을 쓰세요.,班,班,,나눌 반,나눌 반,
6급II,86,2019-08-24,57,hunum,다음 漢字의 訓과 音을 쓰세요.,利,利,,이할 리,이할 리,
6급II,86,2019-08-24,58,hunum,다음 漢字의 訓과 音을 쓰세요.,堂,堂,,집 당,집 당,
6급II,86,2019-08-24,59,hunum,다음 漢字의 訓과 音을 쓰세요.,氣,氣,,기운 기,기운 기,
6급II,86,2019-08-24,60,hunum,다음 漢字의 訓과 音을 쓰세요.,花,花,,꽃 화,꽃 화,
6급II,86,2019-08-24,61,hunum,다음 漢字의 訓과 音을 쓰세요.,球,球,,공 구,공 구,
6급II,86,2019-08-24,62,banui_select,다음 중 뜻이 서로 반대(또는 상대)되는 漢字끼리 연결되지 않은 것을 찾아 그 번호를 쓰세요.,,,"[""① 左 ↔ 右"", ""② 大 ↔ 小"", ""③ 兄 ↔ 弟"", ""④ 淸 ↔ 明""]",④,淸 ↔ 明,
6급II,86,2019-08-24,63,banui_select,다음 중 뜻이 서로 반대(또는 상대)되는 漢字끼리 연결되지 않은 것을 찾아 그 번호를 쓰세요.,,,"[""① 前 ↔ 後"", ""② 老 ↔ 少"", ""③ 天 ↔ 下"", ""④ 男 ↔ 女""]",③,天 ↔ 下,
6급II,86,2019-08-24,64,select_hanja,다음 문장에 어울리는 漢字語가 되도록 ( ) 안에 알맞은 漢字를 <보기>에서 찾아 그 번호를 쓰세요.,자기 反( )이 없는 삶은 발전 이 없습니다.,反(),"[""① 世"", ""② 省"", ""③ 術"", ""④ 重""]",②,省,
6급II,86,2019-08-24,65,select_hanja,다음 문장에 어울리는 漢字語가 되도록 ( ) 안에 알맞은 漢字를 <보기>에서 찾아 그 번호를 쓰세요.,직업의 ( )界는 다양합니다.,()界,"[""① 世"", ""② 省"", ""③ 術"", ""④ 重""]",①,世,
6급II,86,2019-08-24,66,mean_select,다음 뜻에 맞는 漢字語를 <보기>에서 찾아 그 번호를 쓰세요.,먼저 산 조상.,,"[""① 色紙"", ""② 住所"", ""③ 消火"", ""④ 圖形"", ""⑤ 先祖"", ""⑥ 車道""]",⑤,先祖,
6급II,86,2019-08-24,67,mean_select,다음 뜻에 맞는 漢字語를 <보기>에서 찾아 그 번호를 쓰세요.,물감을 들인 종이.,,"[""① 色紙"", ""② 住所"", ""③ 消火"", ""④ 圖形"", ""⑤ 先祖"", ""⑥ 車道""]",①,色紙,
6급II,86,2019-08-24,68,hanjaeo_write,다음 밑줄 친 漢字語를 漢字로 쓰세요.,학교에서 친구와 놀았습니다.,학교,,學校,學校,
6급II,86,2019-08-24,69,hanjaeo_write,다음 밑줄 친 漢字語를 漢字로 쓰세요.,휴가를 십일 동안 보냈습니다.,십일,,十日,十日,
6급II,86,2019-08-24,70,hanjaeo_write,다음 밑줄 친 漢字語를 漢字로 쓰세요.,군인의 숫자가 크게 감소하였 습니다.,군인,,軍人,軍人,
6급II,86,2019-08-24,71,hanjaeo_write,다음 밑줄 친 漢字語를 漢字로 쓰세요.,저희 부모님은 교사이십니다.,부모,,父母,父母,
6급II,86,2019-08-24,72,hanjaeo_write,다음 밑줄 친 漢字語를 漢字로 쓰세요.,지난 이월에 마을 도서관이 문 을 열었습니다.,이월,,二月,二月,
6급II,86,2019-08-24,73,hanjaeo_write,다음 밑줄 친 漢字語를 漢字로 쓰세요.,미국의 남북전쟁은 노예 문제 로 시작되었습니다.,남북,,南北,南北,
6급II,86,2019-08-24,74,hanjaeo_write,다음 밑줄 친 漢字語를 漢字로 쓰세요.,그 법안은 만민의 지지를 받고 있습니다.,만민,,萬民,萬民,
6급II,86,2019-08-24,75,hanjaeo_write,다음 밑줄 친 漢字語를 漢字로 쓰세요.,실장님은 일찍 출근하십니다.,실장,,室長,室長,
6급II,86,2019-08-24,76,hanjaeo_write,다음 밑줄 친 漢字語를 漢字로 쓰세요.,토목 공사가 한창입니다.,토목,,土木,土木,
6급II,86,2019-08-24,77,hanjaeo_write,다음 밑줄 친 漢字語를 漢字로 쓰세요.,강에는 다양한 수중 생물이 살 고 있습니다.,수중,,水中,水中,
6급II,86,2019-08-24,78,stroke,다음 漢字의 짙게 표시한 획은 몇 번째 쓰는 획인지 <보기>에서 찾아 그 번호를 쓰세요.,,,"[""① 첫 번째"", ""② 두 번째"", ""③ 세 번째"", ""④ 네 번째"", ""⑤ 다섯 번째"", ""⑥ 여섯 번째"", ""⑦ 일곱 번째"", ""⑧ 여덟 번째"", ""⑨ 아홉 번째"", ""⑩ 열 번째""]",⑦,일곱 번째,exam-strokes/stroke_6ii_86_78.png
6급II,86,2019-08-24,79,stroke,다음 漢字의 짙게 표시한 획은 몇 번째 쓰는 획인지 <보기>에서 찾아 그 번호를 쓰세요.,,,"[""① 첫 번째"", ""② 두 번째"", ""③ 세 번째"", ""④ 네 번째"", ""⑤ 다섯 번째"", ""⑥ 여섯 번째"", ""⑦ 일곱 번째"", ""⑧ 여덟 번째"", ""⑨ 아홉 번째"", ""⑩ 열 번째""]",⑥,여섯 번째,exam-strokes/stroke_6ii_86_79.png
6급II,86,2019-08-24,80,stroke,다음 漢字의 짙게 표시한 획은 몇 번째 쓰는 획인지 <보기>에서 찾아 그 번호를 쓰세요.,,,"[""① 첫 번째"", ""② 두 번째"", ""③ 세 번째"", ""④ 네 번째"", ""⑤ 다섯 번째"", ""⑥ 여섯 번째"", ""⑦ 일곱 번째"", ""⑧ 여덟 번째"", ""⑨ 아홉 번째"", ""⑩ 열 번째""]",⑧,여덟 번째,exam-strokes/stroke_6ii_86_80.png
6급II,87,2019-11-23,1,dokum,다음 밑줄 친 漢字語의 讀音을 쓰세요.,이 건물은 道立 도서관입니다.,道立,,도립,도립,
6급II,87,2019-11-23,2,dokum,다음 밑줄 친 漢字語의 讀音을 쓰세요.,各自의 일은 스스로 책임져야 합니다.,各自,,각자,각자,
6급II,87,2019-11-23,3,dokum,다음 밑줄 친 漢字語의 讀音을 쓰세요.,여기서 市內 버스를 탑니다.,市內,,시내,시내,
6급II,87,2019-11-23,4,dokum,다음 밑줄 친 漢字語의 讀音을 쓰세요.,요즘 平面 텔레비전이 많이 보 급되었습니다.,平面,,평면,평면,
6급II,87,2019-11-23,5,dokum,다음 밑줄 친 漢字語의 讀音을 쓰세요.,모두들 活氣 있는 모습으로 일 에 열중했습니다.,活氣,,활기,활기,
6급II,87,2019-11-23,6,dokum,다음 밑줄 친 漢字語의 讀音을 쓰세요.,실패는 成功의 어머니입니다.,成功,,성공,성공,
6급II,87,2019-11-23,7,dokum,다음 밑줄 친 漢字語의 讀音을 쓰세요.,이곳 住民들은 매우 친절합니다.,住民,,주민,주민,
6급II,87,2019-11-23,8,dokum,다음 밑줄 친 漢字語의 讀音을 쓰세요.,매일매일 日記를 쓰는 습관을 가져야 합니다.,日記,,일기,일기,
6급II,87,2019-11-23,9,dokum,다음 밑줄 친 漢字語의 讀音을 쓰세요.,空間을 잘 활용하여 사용합니다.,空間,,공간,공간,
6급II,87,2019-11-23,10,dokum,다음 밑줄 친 漢字語의 讀音을 쓰세요.,農夫가 논에서 열심히 일하고 있습니다.,農夫,,농부,농부,
6급II,87,2019-11-23,11,dokum,다음 밑줄 친 漢字語의 讀音을 쓰세요.,作業은 늦게까지 계속되었습니다.,作業,,작업,작업,
6급II,87,2019-11-23,12,dokum,다음 밑줄 친 漢字語의 讀音을 쓰세요.,歌手가 나와 노래를 불렀습니다.,歌手,,가수,가수,
6급II,87,2019-11-23,13,dokum,다음 밑줄 친 漢字語의 讀音을 쓰세요.,물건 거래가 많아서 會計 보기 가 어렵습니다.,會計,,회계,회계,
6급II,87,2019-11-23,14,dokum,다음 밑줄 친 漢字語의 讀音을 쓰세요.,어제의 대형 사고에 관한 기사 가 新聞에 보도되었습니다.,新聞,,신문,신문,
6급II,87,2019-11-23,15,dokum,다음 밑줄 친 漢字語의 讀音을 쓰세요.,전에 갔던 食堂에서 점심을 먹 었습니다.,食堂,,식당,식당,
6급II,87,2019-11-23,16,dokum,다음 밑줄 친 漢字語의 讀音을 쓰세요.,左右를 살피면서 조심스럽게 건 넜습니다.,左右,,좌우,좌우,
6급II,87,2019-11-23,17,dokum,다음 밑줄 친 漢字語의 讀音을 쓰세요.,집안에 幸運이 깃들기를 기원하 였습니다.,幸運,,행운,행운,
6급II,87,2019-11-23,18,dokum,다음 밑줄 친 漢字語의 讀音을 쓰세요.,온실에 온갖 花草를 심어 기르 고 있습니다.,花草,,화초,화초,
6급II,87,2019-11-23,19,dokum,다음 밑줄 친 漢字語의 讀音을 쓰세요.,수영은 어린이의 신체 發育에 좋습니다.,發育,,발육,발육,
6급II,87,2019-11-23,20,dokum,다음 밑줄 친 漢字語의 讀音을 쓰세요.,미세먼지 오염에 대한 대책이 매 우 時急합니다.,時急,,시급,시급,
6급II,87,2019-11-23,21,dokum,다음 밑줄 친 漢字語의 讀音을 쓰세요.,경기장 입구는 入場하는 사람들 로 북새통을 이루고 있습니다.,入場,,입장,입장,
6급II,87,2019-11-23,22,dokum,다음 밑줄 친 漢字語의 讀音을 쓰세요.,白雪에 덮여 있는 마을은 몹시 평화스러워 보였습니다.,白雪,,백설,백설,
6급II,87,2019-11-23,23,dokum,다음 밑줄 친 漢字語의 讀音을 쓰세요.,토끼는 초식 動物입니다.,動物,,동물,동물,
6급II,87,2019-11-23,24,dokum,다음 밑줄 친 漢字語의 讀音을 쓰세요.,그 책은 表紙가 바래고 낡았습 니다.,表紙,,표지,표지,
6급II,87,2019-11-23,25,dokum,다음 밑줄 친 漢字語의 讀音을 쓰세요.,그는 每事에 빈틈이 없습니다.,每事,,매사,매사,
6급II,87,2019-11-23,26,dokum,다음 밑줄 친 漢字語의 讀音을 쓰세요.,"자기의 물건을 所重히 다루어야 합니다. 6級II *** 6級과6級Ⅱ는서로다른급수입니다. 반드시지원급수를다시확인하세요. *** 80 문항 / 50분 시험 / 시험일자 : 2019. 11. 23. * 성명과 수험번호를 쓰고 문제지와 답안지는 함께 제출하세요. 성명( ), 수험번호□□□-□□-□□□□",所重,,소중,소중,
6급II,87,2019-11-23,27,dokum,다음 밑줄 친 漢字語의 讀音을 쓰세요.,그는 이곳 토박이라 근처의 地形 을 잘 알고 있습니다.,地形,,지형,지형,
6급II,87,2019-11-23,28,dokum,다음 밑줄 친 漢字語의 讀音을 쓰세요.,잠시 電力 공급이 끊겼습니다.,電力,,전력,전력,
6급II,87,2019-11-23,29,dokum,다음 밑줄 친 漢字語의 讀音을 쓰세요.,우리는 四角 탁자에 앉아 토의 를 시작하였습니다.,四角,,사각,사각,
6급II,87,2019-11-23,30,dokum,다음 밑줄 친 漢字語의 讀音을 쓰세요.,不便한 사항이 있으면 알려 주 세요.,不便,,불편,불편,
6급II,87,2019-11-23,31,dokum,다음 밑줄 친 漢字語의 讀音을 쓰세요.,위급한 일이 닥쳤을 때에 비상 出口를 이용합니다.,出口,,출구,출구,
6급II,87,2019-11-23,32,dokum,다음 밑줄 친 漢字語의 讀音을 쓰세요.,두 문장은 표현이 각각 다르지 만 실제로 同意의 문장입니다.,同意,,동의,동의,
6급II,87,2019-11-23,33,hunum,다음 漢字의 訓과 音을 쓰세요.,部,部,,떼 부,떼 부,
6급II,87,2019-11-23,34,hunum,다음 漢字의 訓과 音을 쓰세요.,今,今,,이제 금,이제 금,
6급II,87,2019-11-23,35,hunum,다음 漢字의 訓과 音을 쓰세요.,利,利,,이할 리,이할 리,
6급II,87,2019-11-23,36,hunum,다음 漢字의 訓과 音을 쓰세요.,現,現,,나타날 현,나타날 현,
6급II,87,2019-11-23,37,hunum,다음 漢字의 訓과 音을 쓰세요.,才,才,,재주 재,재주 재,
6급II,87,2019-11-23,38,hunum,다음 漢字의 訓과 音을 쓰세요.,勇,勇,,날랠 용,날랠 용,
6급II,87,2019-11-23,39,hunum,다음 漢字의 訓과 音을 쓰세요.,書,書,,글 서,글 서,
6급II,87,2019-11-23,40,hunum,다음 漢字의 訓과 音을 쓰세요.,分,分,,나눌 분,나눌 분,
6급II,87,2019-11-23,41,hunum,다음 漢字의 訓과 音을 쓰세요.,科,科,,과목 과,과목 과,
6급II,87,2019-11-23,42,hunum,다음 漢字의 訓과 音을 쓰세요.,童,童,,아이 동,아이 동,
6급II,87,2019-11-23,43,hunum,다음 漢字의 訓과 音을 쓰세요.,光,光,,빛 광,빛 광,
6급II,87,2019-11-23,44,hunum,다음 漢字의 訓과 音을 쓰세요.,班,班,,나눌 반,나눌 반,
6급II,87,2019-11-23,45,hunum,다음 漢字의 訓과 音을 쓰세요.,線,線,,줄 선,줄 선,
6급II,87,2019-11-23,46,hunum,다음 漢字의 訓과 音을 쓰세요.,昨,昨,,어제 작,어제 작,
6급II,87,2019-11-23,47,hunum,다음 漢字의 訓과 音을 쓰세요.,窓,窓,,창 창,창 창,
6급II,87,2019-11-23,48,hunum,다음 漢字의 訓과 音을 쓰세요.,社,社,,모일 사,모일 사,
6급II,87,2019-11-23,49,hunum,다음 漢字의 訓과 音을 쓰세요.,集,集,,모을 집,모을 집,
6급II,87,2019-11-23,50,hunum,다음 漢字의 訓과 音을 쓰세요.,高,高,,높을 고,높을 고,
6급II,87,2019-11-23,51,hunum,다음 漢字의 訓과 音을 쓰세요.,半,半,,반 반,반 반,
6급II,87,2019-11-23,52,hunum,다음 漢字의 訓과 音을 쓰세요.,弱,弱,,약할 약,약할 약,
6급II,87,2019-11-23,53,hunum,다음 漢字의 訓과 音을 쓰세요.,圖,圖,,그림 도,그림 도,
6급II,87,2019-11-23,54,hunum,다음 漢字의 訓과 音을 쓰세요.,等,等,,무리 등,무리 등,
6급II,87,2019-11-23,55,hunum,다음 漢字의 訓과 音을 쓰세요.,果,果,,실과 과,실과 과,
6급II,87,2019-11-23,56,hunum,다음 漢字의 訓과 音을 쓰세요.,庭,庭,,뜰 정,뜰 정,
6급II,87,2019-11-23,57,hunum,다음 漢字의 訓과 音을 쓰세요.,飮,飮,,마실 음,마실 음,
6급II,87,2019-11-23,58,hunum,다음 漢字의 訓과 音을 쓰세요.,球,球,,공 구,공 구,
6급II,87,2019-11-23,59,hunum,다음 漢字의 訓과 音을 쓰세요.,題,題,,제목 제,제목 제,
6급II,87,2019-11-23,60,hunum,다음 漢字의 訓과 音을 쓰세요.,界,界,,지경 계,지경 계,
6급II,87,2019-11-23,61,hunum,다음 漢字의 訓과 音을 쓰세요.,術,術,,재주 술,재주 술,
6급II,87,2019-11-23,62,banui_select,다음 밑줄 친 漢字와 뜻이 반대(상대)되는 漢字의 번호를 쓰세요.,요란한 매미 소리에도 고저가 있고 長( )이 있습니다.,長(),"[""① 夕"", ""② 短"", ""③ 始"", ""④ 代""]",②,短,
6급II,87,2019-11-23,63,banui_select,다음 중 뜻이 서로 반대(또는 상대)되는 漢字끼리 연결되지 않은 것을 찾아 그 번호를 쓰세요.,,,"[""① 秋 ↔ 春"", ""② 正 ↔ 反"", ""③ 和 ↔ 戰"", ""④ 體 ↔ 身""]",④,體 ↔ 身,
6급II,87,2019-11-23,64,select_hanja,다음 문장에 어울리는 漢字語가 되도록 ( ) 안에 알맞은 漢字를 <보기>에서 찾아 그 번호를 쓰세요.,放( )은 금물입니다.,放(),"[""① 用"", ""② 木"", ""③ 心"", ""④ 省""]",③,心,
6급II,87,2019-11-23,65,select_hanja,다음 문장에 어울리는 漢字語가 되도록 ( ) 안에 알맞은 漢字를 <보기>에서 찾아 그 번호를 쓰세요.,장사는 信( )이 생명입니다.,信(),"[""① 用"", ""② 木"", ""③ 心"", ""④ 省""]",①,用,
6급II,87,2019-11-23,66,mean_select,다음 뜻에 맞는 漢字語를 <보기>에서 찾아 그 번호를 쓰세요.,맑은 바람,,"[""① 名月"", ""② 明月"", ""③ 消風"", ""④ 南風"", ""⑤ 午月"", ""⑥ 淸風""]",⑥,淸風,
6급II,87,2019-11-23,67,mean_select,다음 뜻에 맞는 漢字語를 <보기>에서 찾아 그 번호를 쓰세요.,밝은 달,,"[""① 名月"", ""② 明月"", ""③ 消風"", ""④ 南風"", ""⑤ 午月"", ""⑥ 淸風""]",②,明月,
6급II,87,2019-11-23,68,hanjaeo_write,다음 밑줄 친 漢字語를 漢字로 쓰세요.,삼촌하고 놀이동산에 갔습니다.,삼촌,,三寸,三寸,
6급II,87,2019-11-23,69,hanjaeo_write,다음 밑줄 친 漢字語를 漢字로 쓰세요.,요즘 동서 문화의 교류가 활발 합니다.,동서,,東西,東西,
6급II,87,2019-11-23,70,hanjaeo_write,다음 밑줄 친 漢字語를 漢字로 쓰세요.,학교 주변 광장에서 교외 행사 를 치렀습니다.,교외,,校外,校外,
6급II,87,2019-11-23,71,hanjaeo_write,다음 밑줄 친 漢字語를 漢字로 쓰세요.,부모를 공경해야 합니다.,부모,,父母,父母,
6급II,87,2019-11-23,72,hanjaeo_write,다음 밑줄 친 漢字語를 漢字로 쓰세요.,그는 장래가 유망한 청년입니다.,청년,,靑年,靑年,
6급II,87,2019-11-23,73,hanjaeo_write,다음 밑줄 친 漢字語를 漢字로 쓰세요.,대문을 활짝 열었습니다.,대문,,大門,大門,
6급II,87,2019-11-23,74,hanjaeo_write,다음 밑줄 친 漢字語를 漢字로 쓰세요.,학생들이 교실로 들어오기 시작 했습니다.,교실,,敎室,敎室,
6급II,87,2019-11-23,75,hanjaeo_write,다음 밑줄 친 漢字語를 漢字로 쓰세요.,화산 폭발로 오목한 땅이 생겼 습니다.,화산,,火山,火山,
6급II,87,2019-11-23,76,hanjaeo_write,다음 밑줄 친 漢字語를 漢字로 쓰세요.,우리는 국군 아저씨께 위문편지 를 보냈습니다.,국군,,國軍,國軍,
6급II,87,2019-11-23,77,hanjaeo_write,다음 밑줄 친 漢字語를 漢字로 쓰세요.,판매대금을 선금으로 받았습니다.,선금,,先金,先金,
6급II,87,2019-11-23,78,stroke,다음 漢字의 짙게 표시한 획은 몇 번째 쓰는 획인지 <보기>에서 찾아 그 번호를 쓰세요.,,,"[""① 첫 번째"", ""② 두 번째"", ""③ 세 번째"", ""④ 네 번째"", ""⑤ 다섯 번째"", ""⑥ 여섯 번째"", ""⑦ 일곱 번째"", ""⑧ 여덟 번째"", ""⑨ 아홉 번째"", ""⑩ 열 번째""]",⑤,다섯 번째,exam-strokes/stroke_6ii_87_78.png
6급II,87,2019-11-23,79,stroke,다음 漢字의 짙게 표시한 획은 몇 번째 쓰는 획인지 <보기>에서 찾아 그 번호를 쓰세요.,,,"[""① 첫 번째"", ""② 두 번째"", ""③ 세 번째"", ""④ 네 번째"", ""⑤ 다섯 번째"", ""⑥ 여섯 번째"", ""⑦ 일곱 번째"", ""⑧ 여덟 번째"", ""⑨ 아홉 번째"", ""⑩ 열 번째""]",⑦,일곱 번째,exam-strokes/stroke_6ii_87_79.png
6급II,87,2019-11-23,80,stroke,다음 漢字의 짙게 표시한 획은 몇 번째 쓰는 획인지 <보기>에서 찾아 그 번호를 쓰세요.,,,"[""① 첫 번째"", ""② 두 번째"", ""③ 세 번째"", ""④ 네 번째"", ""⑤ 다섯 번째"", ""⑥ 여섯 번째"", ""⑦ 일곱 번째"", ""⑧ 여덟 번째"", ""⑨ 아홉 번째"", ""⑩ 열 번째""]",④,네 번째,exam-strokes/stroke_6ii_87_80.png
6급II,90,2020-08-22,1,dokum,다음 밑줄 친 漢字語의 讀音을 쓰세요.,공연장 入口 쪽은 매우 복잡합 니다.,入口,,입구,입구,
6급II,90,2020-08-22,2,dokum,다음 밑줄 친 漢字語의 讀音을 쓰세요.,작은 空間을 활용한 인테리어가 유행입니다.,空間,,공간,공간,
6급II,90,2020-08-22,3,dokum,다음 밑줄 친 漢字語의 讀音을 쓰세요.,이곳에서는 다양한 藥草를 판매 합니다.,藥草,,약초,약초,
6급II,90,2020-08-22,4,dokum,다음 밑줄 친 漢字語의 讀音을 쓰세요.,젊은 사람들은 現金을 거의 사 용하지 않습니다.,現金,,현금,현금,
6급II,90,2020-08-22,5,dokum,다음 밑줄 친 漢字語의 讀音을 쓰세요.,내일 오후에 正答이 공개됩니 다.,正答,,정답,정답,
6급II,90,2020-08-22,6,dokum,다음 밑줄 친 漢字語의 讀音을 쓰세요.,저는 고민을 함께 共有하는 친 구가 있습니다.,共有,,공유,공유,
6급II,90,2020-08-22,7,dokum,다음 밑줄 친 漢字語의 讀音을 쓰세요.,八角 모양의 탁자가 거실에 있 습니다.,八角,,팔각,팔각,
6급II,90,2020-08-22,8,dokum,다음 밑줄 친 漢字語의 讀音을 쓰세요.,國樂을 좋아하는 사람이 늘고 있습니다.,國樂,,국악,국악,
6급II,90,2020-08-22,9,dokum,다음 밑줄 친 漢字語의 讀音을 쓰세요.,복잡한 計算은 인공지능으로 해 결하면 됩니다.,計算,,계산,계산,
6급II,90,2020-08-22,10,dokum,다음 밑줄 친 漢字語의 讀音을 쓰세요.,과장님을 代理하여 회의에 참석 했습니다.,代理,,대리,대리,
6급II,90,2020-08-22,11,dokum,다음 밑줄 친 漢字語의 讀音을 쓰세요.,제 취미는 讀書입니다.,讀書,,독서,독서,
6급II,90,2020-08-22,12,dokum,다음 밑줄 친 漢字語의 讀音을 쓰세요.,계약이 成立될 수 있도록 노력 하겠습니다.,成立,,성립,성립,
6급II,90,2020-08-22,13,dokum,다음 밑줄 친 漢字語의 讀音을 쓰세요.,대중교통을 利用하는 사람이 늘 었습니다.,利用,,이용,이용,
6급II,90,2020-08-22,14,dokum,다음 밑줄 친 漢字語의 讀音을 쓰세요.,社會 계층마다 그 특성이 다릅 니다.,社會,,사회,사회,
6급II,90,2020-08-22,15,dokum,다음 밑줄 친 漢字語의 讀音을 쓰세요.,요즘은 四寸끼리 자주 만나지 않습니다.,四寸,,사촌,사촌,
6급II,90,2020-08-22,16,dokum,다음 밑줄 친 漢字語의 讀音을 쓰세요.,가진 재산을 全部 기부하였습니 다.,全部,,전부,전부,
6급II,90,2020-08-22,17,dokum,다음 밑줄 친 漢字語의 讀音을 쓰세요.,사회는 民主 시민을 기르는 데 꼭 필요한 과목입니다.,民主,,민주,민주,
6급II,90,2020-08-22,18,dokum,다음 밑줄 친 漢字語의 讀音을 쓰세요.,分明하게 다시 말씀해 주세요.,分明,,분명,분명,
6급II,90,2020-08-22,19,dokum,다음 밑줄 친 漢字語의 讀音을 쓰세요.,제 친구는 心弱해서 무서운 영 화를 못 봅니다.,心弱,,심약,심약,
6급II,90,2020-08-22,20,dokum,다음 밑줄 친 漢字語의 讀音을 쓰세요.,기차 안에는 秋夕을 맞아 고향 을 찾는 사람들로 가득합니다.,秋夕,,추석,추석,
6급II,90,2020-08-22,21,dokum,다음 밑줄 친 漢字語의 讀音을 쓰세요.,제 동생은 世界 지리에 관심이 많습니다.,世界,,세계,세계,
6급II,90,2020-08-22,22,dokum,다음 밑줄 친 漢字語의 讀音을 쓰세요.,자신을 돌아보고 反省하는 시간 이 필요합니다.,反省,,반성,반성,
6급II,90,2020-08-22,23,dokum,다음 밑줄 친 漢字語의 讀音을 쓰세요.,문이 고장나서 手動으로 밀어야 열립니다.,手動,,수동,수동,
6급II,90,2020-08-22,24,dokum,다음 밑줄 친 漢字語의 讀音을 쓰세요.,"옆 건물 地下에 예쁜 카페가 있 습니다. 6級II *** 6級과6級Ⅱ는서로다른급수입니다. 반드시지원급수를다시확인하세요. *** 80 문항 / 50분 시험 / 시험일자 : 2020. 08. 22. * 성명과 수험번호를 쓰고 문제지와 답안지는 함께 제출하세요. 성명( ), 수험번호□□□-□□-□□□□",地下,,지하,지하,
6급II,90,2020-08-22,25,dokum,다음 밑줄 친 漢字語의 讀音을 쓰세요.,전통 市場에는 먹을거리들이 다 양합니다.,市場,,시장,시장,
6급II,90,2020-08-22,26,dokum,다음 밑줄 친 漢字語의 讀音을 쓰세요.,우리 엄마는 植物을 잘 기릅니 다.,植物,,식물,식물,
6급II,90,2020-08-22,27,dokum,다음 밑줄 친 漢字語의 讀音을 쓰세요.,저는 飮食을 가리지 않습니다.,飮食,,음식,음식,
6급II,90,2020-08-22,28,dokum,다음 밑줄 친 漢字語의 讀音을 쓰세요.,아침마다 新聞을 챙겨봅니다.,新聞,,신문,신문,
6급II,90,2020-08-22,29,dokum,다음 밑줄 친 漢字語의 讀音을 쓰세요.,어느 나라든지 건국 神話가 있 습니다.,神話,,신화,신화,
6급II,90,2020-08-22,30,dokum,다음 밑줄 친 漢字語의 讀音을 쓰세요.,꽃밭에 五色 꽃들이 피어있습니 다.,五色,,오색,오색,
6급II,90,2020-08-22,31,dokum,다음 밑줄 친 漢字語의 讀音을 쓰세요.,그 사람의 意圖가 궁금합니다.,意圖,,의도,의도,
6급II,90,2020-08-22,32,dokum,다음 밑줄 친 漢字語의 讀音을 쓰세요.,自身의 입장만 주장하면 안 됩 니다.,自身,,자신,자신,
6급II,90,2020-08-22,33,hunum,다음 漢字의 訓과 音을 쓰세요.,生,生,,날 생,날 생,
6급II,90,2020-08-22,34,hunum,다음 漢字의 訓과 音을 쓰세요.,小,小,,작을 소,작을 소,
6급II,90,2020-08-22,35,hunum,다음 漢字의 訓과 音을 쓰세요.,山,山,,메 산,메 산,
6급II,90,2020-08-22,36,hunum,다음 漢字의 訓과 音을 쓰세요.,白,白,,흰 백,흰 백,
6급II,90,2020-08-22,37,hunum,다음 漢字의 訓과 音을 쓰세요.,活,活,,살 활,살 활,
6급II,90,2020-08-22,38,hunum,다음 漢字의 訓과 音을 쓰세요.,足,足,,발 족,발 족,
6급II,90,2020-08-22,39,hunum,다음 漢字의 訓과 音을 쓰세요.,直,直,,곧을 직,곧을 직,
6급II,90,2020-08-22,40,hunum,다음 漢字의 訓과 音을 쓰세요.,車,車,,수레 거,수레 거,
6급II,90,2020-08-22,41,hunum,다음 漢字의 訓과 音을 쓰세요.,堂,堂,,집 당,집 당,
6급II,90,2020-08-22,42,hunum,다음 漢字의 訓과 音을 쓰세요.,春,春,,봄 춘,봄 춘,
6급II,90,2020-08-22,43,hunum,다음 漢字의 訓과 音을 쓰세요.,花,花,,꽃 화,꽃 화,
6급II,90,2020-08-22,44,hunum,다음 漢字의 訓과 音을 쓰세요.,休,休,,쉴 휴,쉴 휴,
6급II,90,2020-08-22,45,hunum,다음 漢字의 訓과 音을 쓰세요.,高,高,,높을 고,높을 고,
6급II,90,2020-08-22,46,hunum,다음 漢字의 訓과 音을 쓰세요.,急,急,,급할 급,급할 급,
6급II,90,2020-08-22,47,hunum,다음 漢字의 訓과 音을 쓰세요.,光,光,,빛 광,빛 광,
6급II,90,2020-08-22,48,hunum,다음 漢字의 訓과 音을 쓰세요.,童,童,,아이 동,아이 동,
6급II,90,2020-08-22,49,hunum,다음 漢字의 訓과 音을 쓰세요.,半,半,,반 반,반 반,
6급II,90,2020-08-22,50,hunum,다음 漢字의 訓과 音을 쓰세요.,發,發,,필 발,필 발,
6급II,90,2020-08-22,51,hunum,다음 漢字의 訓과 音을 쓰세요.,音,音,,소리 음,소리 음,
6급II,90,2020-08-22,52,hunum,다음 漢字의 訓과 音을 쓰세요.,集,集,,모을 집,모을 집,
6급II,90,2020-08-22,53,hunum,다음 漢字의 訓과 音을 쓰세요.,窓,窓,,창 창,창 창,
6급II,90,2020-08-22,54,hunum,다음 漢字의 訓과 音을 쓰세요.,形,形,,모양 형,모양 형,
6급II,90,2020-08-22,55,hunum,다음 漢字의 訓과 音을 쓰세요.,球,球,,공 구,공 구,
6급II,90,2020-08-22,56,hunum,다음 漢字의 訓과 音을 쓰세요.,登,登,,오를 등,오를 등,
6급II,90,2020-08-22,57,hunum,다음 漢字의 訓과 音을 쓰세요.,林,林,,수풀 림,수풀 림,
6급II,90,2020-08-22,58,hunum,다음 漢字의 訓과 音을 쓰세요.,面,面,,낯 면,낯 면,
6급II,90,2020-08-22,59,hunum,다음 漢字의 訓과 音을 쓰세요.,體,體,,몸 체,몸 체,
6급II,90,2020-08-22,60,hunum,다음 漢字의 訓과 音을 쓰세요.,術,術,,재주 술,재주 술,
6급II,90,2020-08-22,61,hunum,다음 漢字의 訓과 音을 쓰세요.,昨,昨,,어제 작,어제 작,
6급II,90,2020-08-22,62,banui_select,다음 중 뜻이 서로 반대(또는 상대)되는 漢字끼리 연결되지 않은 것을 찾아 그 번호를 쓰세요.,,,"[""① 兄 ↔ 弟"", ""② 天 ↔ 雪"", ""③ 老 ↔ 少"", ""④ 東 ↔ 西""]",②,天 ↔ 雪,
6급II,90,2020-08-22,63,banui_select,다음 중 뜻이 서로 반대(또는 상대)되는 漢字끼리 연결되지 않은 것을 찾아 그 번호를 쓰세요.,,,"[""① 前 ↔ 後"", ""② 長 ↔ 短"", ""③ 左 ↔ 右"", ""④ 洞 ↔ 里""]",④,洞 ↔ 里,
6급II,90,2020-08-22,64,select_hanja,다음 문장에 어울리는 漢字語가 되도록 ( ) 안에 알맞은 漢字를 <보기>에서 찾아 그 번호를 쓰세요.,은퇴 후에 고향에서 農( )를 짓 고 싶습니다.,農(),"[""① 幸"", ""② 事"", ""③ 數"", ""④ 業""]",②,事,
6급II,90,2020-08-22,65,select_hanja,다음 문장에 어울리는 漢字語가 되도록 ( ) 안에 알맞은 漢字를 <보기>에서 찾아 그 번호를 쓰세요.,( )運이 가득하시기를 기원합 니다.,()運,"[""① 幸"", ""② 事"", ""③ 數"", ""④ 業""]",①,幸,
6급II,90,2020-08-22,66,mean_select,다음 뜻에 맞는 漢字語를 <보기>에서 찾아 그 번호를 쓰세요.,사람이 살고 있는 곳.,,"[""① 始作"", ""② 消火"", ""③ 住所"", ""④ 先祖"", ""⑤ 平等"", ""⑥ 勇氣""]",③,住所,
6급II,90,2020-08-22,67,mean_select,다음 뜻에 맞는 漢字語를 <보기>에서 찾아 그 번호를 쓰세요.,차별이 없이 고르고 한결 같음.,,"[""① 始作"", ""② 消火"", ""③ 住所"", ""④ 先祖"", ""⑤ 平等"", ""⑥ 勇氣""]",⑤,平等,
6급II,90,2020-08-22,68,hanjaeo_write,다음 밑줄 친 漢字語를 漢字로 쓰세요.,육년 동안 다니던 회사를 그만 두었습니다.,육년,,六年,六年,
6급II,90,2020-08-22,69,hanjaeo_write,다음 밑줄 친 漢字語를 漢字로 쓰세요.,여름 방학은 칠월부터입니다.,칠월,,七月,七月,
6급II,90,2020-08-22,70,hanjaeo_write,다음 밑줄 친 漢字語를 漢字로 쓰세요.,이순신 장군이 수군을 이끌었습니다.,수군,,水軍,水軍,
6급II,90,2020-08-22,71,hanjaeo_write,다음 밑줄 친 漢字語를 漢字로 쓰세요.,이 드라마는 모녀 갈등을 그리 고 있다.,모녀,,母女,母女,
6급II,90,2020-08-22,72,hanjaeo_write,다음 밑줄 친 漢字語를 漢字로 쓰세요.,한중 수교를 맺은 지 28년이 되 었습니다.,한중,,韓中,韓中,
6급II,90,2020-08-22,73,hanjaeo_write,다음 밑줄 친 漢字語를 漢字로 쓰세요.,학교 건물을 새로 지었습니다.,학교,,學校,學校,
6급II,90,2020-08-22,74,hanjaeo_write,다음 밑줄 친 漢字語를 漢字로 쓰세요.,그 가방은 삼만 원입니다.,삼만,,三萬,三萬,
6급II,90,2020-08-22,75,hanjaeo_write,다음 밑줄 친 漢字語를 漢字로 쓰세요.,남북 관계가 개선되고 있습니다.,남북,,南北,南北,
6급II,90,2020-08-22,76,hanjaeo_write,다음 밑줄 친 漢字語를 漢字로 쓰세요.,대문을 열어 놓고 손님을 기다 리고 있습니다.,대문,,大門,大門,
6급II,90,2020-08-22,77,hanjaeo_write,다음 밑줄 친 漢字語를 漢字로 쓰세요.,영국 왕실 문장에는 사자와 방 패 그림이 있다.,왕실,,王室,王室,
6급II,90,2020-08-22,78,stroke,다음 漢字의 짙게 표시한 획은 몇 번째 쓰는 획인지 <보기>에서 찾아 그 번호를 쓰세요.,,,"[""① 첫 번째"", ""② 두 번째"", ""③ 세 번째"", ""④ 네 번째"", ""⑤ 다섯 번째"", ""⑥ 여섯 번째"", ""⑦ 일곱 번째"", ""⑧ 여덟 번째"", ""⑨ 아홉 번째"", ""⑩ 열 번째""]",⑨,아홉 번째,exam-strokes/stroke_6ii_90_78.png
6급II,90,2020-08-22,79,stroke,다음 漢字의 짙게 표시한 획은 몇 번째 쓰는 획인지 <보기>에서 찾아 그 번호를 쓰세요.,,,"[""① 첫 번째"", ""② 두 번째"", ""③ 세 번째"", ""④ 네 번째"", ""⑤ 다섯 번째"", ""⑥ 여섯 번째"", ""⑦ 일곱 번째"", ""⑧ 여덟 번째"", ""⑨ 아홉 번째"", ""⑩ 열 번째""]",⑦,일곱 번째,exam-strokes/stroke_6ii_90_79.png
6급II,90,2020-08-22,80,stroke,다음 漢字의 짙게 표시한 획은 몇 번째 쓰는 획인지 <보기>에서 찾아 그 번호를 쓰세요.,,,"[""① 첫 번째"", ""② 두 번째"", ""③ 세 번째"", ""④ 네 번째"", ""⑤ 다섯 번째"", ""⑥ 여섯 번째"", ""⑦ 일곱 번째"", ""⑧ 여덟 번째"", ""⑨ 아홉 번째"", ""⑩ 열 번째""]",③,세 번째,exam-strokes/stroke_6ii_90_80.png
6급II,91,2020-11-21,1,dokum,다음 밑줄 친 漢字語의 讀音을 쓰세요.,전래 童話를 통해 얻을 수 있는 지혜가 많습니다.,童話,,동화,동화,
6급II,91,2020-11-21,2,dokum,다음 밑줄 친 漢字語의 讀音을 쓰세요.,사고는 車線을 지키지 않아 발 생했습니다.,車線,,차선,차선,
6급II,91,2020-11-21,3,dokum,다음 밑줄 친 漢字語의 讀音을 쓰세요.,수출을 통해 世界 경제 대국이 되었습니다.,世界,,세계,세계,
6급II,91,2020-11-21,4,dokum,다음 밑줄 친 漢字語의 讀音을 쓰세요.,科學은 합리적인 질문에서 시작 합니다.,科學,,과학,과학,
6급II,91,2020-11-21,5,dokum,다음 밑줄 친 漢字語의 讀音을 쓰세요.,문제 해결의 出口를 찾고 있습 니다.,出口,,출구,출구,
6급II,91,2020-11-21,6,dokum,다음 밑줄 친 漢字語의 讀音을 쓰세요.,환경 보호는 이제 地球 전체의 과제입니다.,地球,,지구,지구,
6급II,91,2020-11-21,7,dokum,다음 밑줄 친 漢字語의 讀音을 쓰세요.,다른 곳으로 가신다는 소식을 方今 전해 들었습니다.,方今,,방금,방금,
6급II,91,2020-11-21,8,dokum,다음 밑줄 친 漢字語의 讀音을 쓰세요.,선수단이 旗手를 앞세우고 입장 하고 있습니다.,旗手,,기수,기수,
6급II,91,2020-11-21,9,dokum,다음 밑줄 친 漢字語의 讀音을 쓰세요.,정부에서는 農業 기술의 혁신을 위해 애쓰고 있습니다.,農業,,농업,농업,
6급II,91,2020-11-21,10,dokum,다음 밑줄 친 漢字語의 讀音을 쓰세요.,도서관 안에도 食堂이 있습니다.,食堂,,식당,식당,
6급II,91,2020-11-21,11,dokum,다음 밑줄 친 漢字語의 讀音을 쓰세요.,圖表 읽는 능력을 길러야 합니다.,圖表,,도표,도표,
6급II,91,2020-11-21,12,dokum,다음 밑줄 친 漢字語의 讀音을 쓰세요.,잃어버린 도끼를 들고 山神이 나타났습니다.,山神,,산신,산신,
6급II,91,2020-11-21,13,dokum,다음 밑줄 친 漢字語의 讀音을 쓰세요.,일기를 보니 추억 속의 한 場面 이 떠올랐습니다.,場面,,장면,장면,
6급II,91,2020-11-21,14,dokum,다음 밑줄 친 漢字語의 讀音을 쓰세요.,이 그림은 名作으로 평가받고 있습니다.,名作,,명작,명작,
6급II,91,2020-11-21,15,dokum,다음 밑줄 친 漢字語의 讀音을 쓰세요.,역사적으로 평범한 사람들이 나 라의 運命을 구했습니다.,運命,,운명,운명,
6급II,91,2020-11-21,16,dokum,다음 밑줄 친 漢字語의 讀音을 쓰세요.,특허를 받기 위해 發明은 특정 조건을 갖추어야 합니다.,發明,,발명,발명,
6급II,91,2020-11-21,17,dokum,다음 밑줄 친 漢字語의 讀音을 쓰세요.,新聞을 읽고 필요한 자료를 정 리합니다.,新聞,,신문,신문,
6급II,91,2020-11-21,18,dokum,다음 밑줄 친 漢字語의 讀音을 쓰세요.,아버지는 植物 기르기를 좋아하 십니다.,植物,,식물,식물,
6급II,91,2020-11-21,19,dokum,다음 밑줄 친 漢字語의 讀音을 쓰세요.,범인은 깊이 反省하는 태도를 보였습니다.,反省,,반성,반성,
6급II,91,2020-11-21,20,dokum,다음 밑줄 친 漢字語의 讀音을 쓰세요.,한 할머니가 재산 全部를 장학 금으로 내어 놓았습니다.,全部,,전부,전부,
6급II,91,2020-11-21,21,dokum,다음 밑줄 친 漢字語의 讀音을 쓰세요.,일손 不足으로 생산량이 줄고 있습니다.,不足,,부족,부족,
6급II,91,2020-11-21,22,dokum,다음 밑줄 친 漢字語의 讀音을 쓰세요.,대학 졸업 후 社會에 적응하기 위한 시간이 필요합니다.,社會,,사회,사회,
6급II,91,2020-11-21,23,dokum,다음 밑줄 친 漢字語의 讀音을 쓰세요.,"비행시간까지 計算하여 여행 일 정을 수립했습니다. 6級II *** 6級과6級Ⅱ는서로다른급수입니다. 반드시지원급수를다시확인하세요. *** 80 문항 / 50분 시험 / 시험일자 : 2020. 11. 21. * 성명과 수험번호를 쓰고 문제지와 답안지는 함께 제출하세요. 성명( ), 수험번호□□□-□□-□□□□",計算,,계산,계산,
6급II,91,2020-11-21,24,dokum,다음 밑줄 친 漢字語의 讀音을 쓰세요.,사업 成果를 발표하는 자리에 많은 사람이 참석하였습니다.,成果,,성과,성과,
6급II,91,2020-11-21,25,dokum,다음 밑줄 친 漢字語의 讀音을 쓰세요.,가족들과 消風을 갔습니다.,消風,,소풍,소풍,
6급II,91,2020-11-21,26,dokum,다음 밑줄 친 漢字語의 讀音을 쓰세요.,지난 수업부터 分數를 배우고 있습니다.,分數,,분수,분수,
6급II,91,2020-11-21,27,dokum,다음 밑줄 친 漢字語의 讀音을 쓰세요.,장군의 戰術은 뛰어났습니다.,戰術,,전술,전술,
6급II,91,2020-11-21,28,dokum,다음 밑줄 친 漢字語의 讀音을 쓰세요.,여행을 하며 마음이 便安해졌습 니다.,便安,,편안,편안,
6급II,91,2020-11-21,29,dokum,다음 밑줄 친 漢字語의 讀音을 쓰세요.,自然의 아름다움을 담은 사진 전시회가 개최되었습니다.,自然,,자연,자연,
6급II,91,2020-11-21,30,dokum,다음 밑줄 친 漢字語의 讀音을 쓰세요.,새로운 일을 시작할 때는 勇氣 가 필요합니다.,勇氣,,용기,용기,
6급II,91,2020-11-21,31,dokum,다음 밑줄 친 漢字語의 讀音을 쓰세요.,실험실에서는 항상 主意해야 합 니다.,主意,,주의,주의,
6급II,91,2020-11-21,32,dokum,다음 밑줄 친 漢字語의 讀音을 쓰세요.,사람마다 所重하게 여기는 가치 는 다릅니다.,所重,,소중,소중,
6급II,91,2020-11-21,33,hunum,다음 漢字의 訓과 音을 쓰세요.,父,父,,아비 부,아비 부,
6급II,91,2020-11-21,34,hunum,다음 漢字의 訓과 音을 쓰세요.,答,答,,대답 답,대답 답,
6급II,91,2020-11-21,35,hunum,다음 漢字의 訓과 音을 쓰세요.,家,家,,집 가,집 가,
6급II,91,2020-11-21,36,hunum,다음 漢字의 訓과 音을 쓰세요.,有,有,,있을 유,있을 유,
6급II,91,2020-11-21,37,hunum,다음 漢字의 訓과 音을 쓰세요.,空,空,,빌 공,빌 공,
6급II,91,2020-11-21,38,hunum,다음 漢字의 訓과 音을 쓰세요.,內,內,,안 내,안 내,
6급II,91,2020-11-21,39,hunum,다음 漢字의 訓과 音을 쓰세요.,角,角,,뿔 각,뿔 각,
6급II,91,2020-11-21,40,hunum,다음 漢字의 訓과 音을 쓰세요.,小,小,,작을 소,작을 소,
6급II,91,2020-11-21,41,hunum,다음 漢字의 訓과 音을 쓰세요.,昨,昨,,어제 작,어제 작,
6급II,91,2020-11-21,42,hunum,다음 漢字의 訓과 音을 쓰세요.,題,題,,제목 제,제목 제,
6급II,91,2020-11-21,43,hunum,다음 漢字의 訓과 音을 쓰세요.,電,電,,번개 전,번개 전,
6급II,91,2020-11-21,44,hunum,다음 漢字의 訓과 音을 쓰세요.,正,正,,바를 정,바를 정,
6급II,91,2020-11-21,45,hunum,다음 漢字의 訓과 音을 쓰세요.,事,事,,일 사,일 사,
6급II,91,2020-11-21,46,hunum,다음 漢字의 訓과 音을 쓰세요.,理,理,,다스릴 리,다스릴 리,
6급II,91,2020-11-21,47,hunum,다음 漢字의 訓과 音을 쓰세요.,書,書,,글 서,글 서,
6급II,91,2020-11-21,48,hunum,다음 漢字의 訓과 音을 쓰세요.,利,利,,이할 리,이할 리,
6급II,91,2020-11-21,49,hunum,다음 漢字의 訓과 音을 쓰세요.,直,直,,곧을 직,곧을 직,
6급II,91,2020-11-21,50,hunum,다음 漢字의 訓과 音을 쓰세요.,急,急,,급할 급,급할 급,
6급II,91,2020-11-21,51,hunum,다음 漢字의 訓과 音을 쓰세요.,歌,歌,,노래 가,노래 가,
6급II,91,2020-11-21,52,hunum,다음 漢字의 訓과 音을 쓰세요.,來,來,,올 래,올 래,
6급II,91,2020-11-21,53,hunum,다음 漢字의 訓과 音을 쓰세요.,幸,幸,,다행 행,다행 행,
6급II,91,2020-11-21,54,hunum,다음 漢字의 訓과 音을 쓰세요.,動,動,,움직일 동,움직일 동,
6급II,91,2020-11-21,55,hunum,다음 漢字의 訓과 音을 쓰세요.,體,體,,몸 체,몸 체,
6급II,91,2020-11-21,56,hunum,다음 漢字의 訓과 音을 쓰세요.,放,放,,놓을 방,놓을 방,
6급II,91,2020-11-21,57,hunum,다음 漢字의 訓과 音을 쓰세요.,記,記,,기록할 기,기록할 기,
6급II,91,2020-11-21,58,hunum,다음 漢字의 訓과 音을 쓰세요.,老,老,,늙을 로,늙을 로,
6급II,91,2020-11-21,59,hunum,다음 漢字의 訓과 音을 쓰세요.,百,百,,일백 백,일백 백,
6급II,91,2020-11-21,60,hunum,다음 漢字의 訓과 音을 쓰세요.,紙,紙,,종이 지,종이 지,
6급II,91,2020-11-21,61,hunum,다음 漢字의 訓과 音을 쓰세요.,秋,秋,,가을 추,가을 추,
6급II,91,2020-11-21,62,banui_select,다음 중 뜻이 서로 반대(또는 상대)되는 漢字끼리 연결되지 않은 것을 찾아 그 번호를 쓰세요.,,,"[""① 兄 ↔ 弟"", ""② 洞 ↔ 邑"", ""③ 左 ↔ 右"", ""④ 心 ↔ 身""]",②,洞 ↔ 邑,
6급II,91,2020-11-21,63,banui_select,다음 중 뜻이 서로 반대(또는 상대)되는 漢字끼리 연결되지 않은 것을 찾아 그 번호를 쓰세요.,,,"[""① 長 ↔ 短"", ""② 上 ↔ 下"", ""③ 午 ↔ 千"", ""④ 東 ↔ 西""]",③,午 ↔ 千,
6급II,91,2020-11-21,64,select_hanja,다음 문장에 어울리는 漢字語가 되도록 ( ) 안에 알맞은 漢字를 <보기>에서 찾아 그 번호를 쓰세요.,새로운 기술 개발에 集( )하고 있습니다.,集(),"[""① 等"", ""② 同"", ""③ 夕"", ""④ 中""]",④,中,
6급II,91,2020-11-21,65,select_hanja,다음 문장에 어울리는 漢字語가 되도록 ( ) 안에 알맞은 漢字를 <보기>에서 찾아 그 번호를 쓰세요.,교육 기회는 모두에게 平( )해 야 합니다.,平(),"[""① 等"", ""② 同"", ""③ 夕"", ""④ 中""]",①,等,
6급II,91,2020-11-21,66,mean_select,다음 뜻에 맞는 漢字語를 <보기>에서 찾아 그 번호를 쓰세요.,뛰어난 재주를 갖춘 사람,,"[""① 形色"", ""② 天才"", ""③ 公海"", ""④ 國土"", ""⑤ 草木"", ""⑥ 和音""]",②,天才,
6급II,91,2020-11-21,67,mean_select,다음 뜻에 맞는 漢字語를 <보기>에서 찾아 그 번호를 쓰세요.,여러 음이 함께 어울리는 소리,,"[""① 形色"", ""② 天才"", ""③ 公海"", ""④ 國土"", ""⑤ 草木"", ""⑥ 和音""]",⑥,和音,
6급II,91,2020-11-21,68,hanjaeo_write,다음 밑줄 친 漢字語를 漢字로 쓰세요.,장래가 유망한 청년입니다.,청년,,靑年,靑年,
6급II,91,2020-11-21,69,hanjaeo_write,다음 밑줄 친 漢字語를 漢字로 쓰세요.,아이들은 실외 활동을 좋아합 니다.,실외,,室外,室外,
6급II,91,2020-11-21,70,hanjaeo_write,다음 밑줄 친 漢字語를 漢字로 쓰세요.,학교가 삼월에 문을 엽니다.,삼월,,三月,三月,
6급II,91,2020-11-21,71,hanjaeo_write,다음 밑줄 친 漢字語를 漢字로 쓰세요.,대왕의 업적을 기린 영화입니다.,대왕,,大王,大王,
6급II,91,2020-11-21,72,hanjaeo_write,다음 밑줄 친 漢字語를 漢字로 쓰세요.,요즘은 사촌을 만날 일이 거의 없습니다.,사촌,,四寸,四寸,
6급II,91,2020-11-21,73,hanjaeo_write,다음 밑줄 친 漢字語를 漢字로 쓰세요.,교문을 새롭게 만들었습니다.,교문,,校門,校門,
6급II,91,2020-11-21,74,hanjaeo_write,다음 밑줄 친 漢字語를 漢字로 쓰세요.,이 곡은 모녀가 함께 즐겨 부 르던 노래입니다.,모녀,,母女,母女,
6급II,91,2020-11-21,75,hanjaeo_write,다음 밑줄 친 漢字語를 漢字로 쓰세요.,동생은 군인이 되고 싶어합니다.,군인,,軍人,軍人,
6급II,91,2020-11-21,76,hanjaeo_write,다음 밑줄 친 漢字語를 漢字로 쓰세요.,다음 달에 교생 선생님이 오십 니다.,교생,,敎生,敎生,
6급II,91,2020-11-21,77,hanjaeo_write,다음 밑줄 친 漢字語를 漢字로 쓰세요.,축구장에 십만의 관중이 모였 습니다.,십만,,十萬,十萬,
6급II,91,2020-11-21,78,stroke,다음 漢字의 짙게 표시한 획은 몇 번째 쓰는 획인지 <보기>에서 찾아 그 번호를 쓰세요.,,,"[""① 첫 번째"", ""② 두 번째"", ""③ 세 번째"", ""④ 네 번째"", ""⑤ 다섯 번째"", ""⑥ 여섯 번째"", ""⑦ 일곱 번째"", ""⑧ 여덟 번째"", ""⑨ 아홉 번째"", ""⑩ 열 번째""]",⑦,일곱 번째,exam-strokes/stroke_6ii_91_78.png
6급II,91,2020-11-21,79,stroke,다음 漢字의 짙게 표시한 획은 몇 번째 쓰는 획인지 <보기>에서 찾아 그 번호를 쓰세요.,,,"[""① 첫 번째"", ""② 두 번째"", ""③ 세 번째"", ""④ 네 번째"", ""⑤ 다섯 번째"", ""⑥ 여섯 번째"", ""⑦ 일곱 번째"", ""⑧ 여덟 번째"", ""⑨ 아홉 번째"", ""⑩ 열 번째""]",⑨,아홉 번째,exam-strokes/stroke_6ii_91_79.png
6급II,91,2020-11-21,80,stroke,다음 漢字의 짙게 표시한 획은 몇 번째 쓰는 획인지 <보기>에서 찾아 그 번호를 쓰세요.,,,"[""① 첫 번째"", ""② 두 번째"", ""③ 세 번째"", ""④ 네 번째"", ""⑤ 다섯 번째"", ""⑥ 여섯 번째"", ""⑦ 일곱 번째"", ""⑧ 여덟 번째"", ""⑨ 아홉 번째"", ""⑩ 열 번째""]",④,네 번째,exam-strokes/stroke_6ii_91_80.png
6급II,92,2021-05-15,1,dokum,다음 밑줄 친 漢字語의 讀音을 쓰세요.,약속한 時間은 꼭 지켜야 한다.,時間,,시간,시간,
6급II,92,2021-05-15,2,dokum,다음 밑줄 친 漢字語의 讀音을 쓰세요.,선생님은 우리들에게 童話를 들 려주셨습니다.,童話,,동화,동화,
6급II,92,2021-05-15,3,dokum,다음 밑줄 친 漢字語의 讀音을 쓰세요.,고속버스를 利用하여 동해안으 로 갔습니다.,利用,,이용,이용,
6급II,92,2021-05-15,4,dokum,다음 밑줄 친 漢字語의 讀音을 쓰세요.,부모님께 자식된 道理를 다하여 야 합니다.,道理,,도리,도리,
6급II,92,2021-05-15,5,dokum,다음 밑줄 친 漢字語의 讀音을 쓰세요.,지하철에서 老弱하신 분에게 자 리를 양보합니다.,老弱,,노약,노약,
6급II,92,2021-05-15,6,dokum,다음 밑줄 친 漢字語의 讀音을 쓰세요.,下直 인사를 드리고 먼 길을 떠 났습니다.,下直,,하직,하직,
6급II,92,2021-05-15,7,dokum,다음 밑줄 친 漢字語의 讀音을 쓰세요.,트로트 歌手들이 나와서 노래를 불렀습니다.,歌手,,가수,가수,
6급II,92,2021-05-15,8,dokum,다음 밑줄 친 漢字語의 讀音을 쓰세요.,아침 일찍 공부를 始作하였습니 다.,始作,,시작,시작,
6급II,92,2021-05-15,9,dokum,다음 밑줄 친 漢字語의 讀音을 쓰세요.,午前 수업이 끝났습니다.,午前,,오전,오전,
6급II,92,2021-05-15,10,dokum,다음 밑줄 친 漢字語의 讀音을 쓰세요.,지진으로 인해 한동안 電氣가 들어오지 않았습니다.,電氣,,전기,전기,
6급II,92,2021-05-15,11,dokum,다음 밑줄 친 漢字語의 讀音을 쓰세요.,이 육상선수는 世界에서 가장 빠릅니다.,世界,,세계,세계,
6급II,92,2021-05-15,12,dokum,다음 밑줄 친 漢字語의 讀音을 쓰세요.,올해는 農事가 잘 되었습니다.,農事,,농사,농사,
6급II,92,2021-05-15,13,dokum,다음 밑줄 친 漢字語의 讀音을 쓰세요.,地球에는 많은 사람들이 살고 있습니다.,地球,,지구,지구,
6급II,92,2021-05-15,14,dokum,다음 밑줄 친 漢字語의 讀音을 쓰세요.,體育 활동을 통해 몸을 튼튼히 합니다.,體育,,체육,체육,
6급II,92,2021-05-15,15,dokum,다음 밑줄 친 漢字語의 讀音을 쓰세요.,우리는 일 년에 두 번 春秋로 운동회를 개최합니다.,春秋,,춘추,춘추,
6급II,92,2021-05-15,16,dokum,다음 밑줄 친 漢字語의 讀音을 쓰세요.,그는 사업을 해서 큰 成功을 하 였습니다.,成功,,성공,성공,
6급II,92,2021-05-15,17,dokum,다음 밑줄 친 漢字語의 讀音을 쓰세요.,이 물건은 工場에서 만들었습니 다.,工場,,공장,공장,
6급II,92,2021-05-15,18,dokum,다음 밑줄 친 漢字語의 讀音을 쓰세요.,봄이 되자 百花가 만발하였습니 다.,百花,,백화,백화,
6급II,92,2021-05-15,19,dokum,다음 밑줄 친 漢字語의 讀音을 쓰세요.,나는 그가 무슨 心算을 갖고 있 는지 잘 알고 있습니다.,心算,,심산,심산,
6급II,92,2021-05-15,20,dokum,다음 밑줄 친 漢字語의 讀音을 쓰세요.,夕食을 먹으려면 조금 더 기다 려야 합니다.,夕食,,석식,석식,
6급II,92,2021-05-15,21,dokum,다음 밑줄 친 漢字語의 讀音을 쓰세요.,그는 나와 同名입니다.,同名,,동명,동명,
6급II,92,2021-05-15,22,dokum,다음 밑줄 친 漢字語의 讀音을 쓰세요.,그 운동은 少數의 인원만 할 수 있습니다.,少數,,소수,소수,
6급II,92,2021-05-15,23,dokum,다음 밑줄 친 漢字語의 讀音을 쓰세요.,친구가 퀴즈의 正答을 맞혔습니 다.,正答,,정답,정답,
6급II,92,2021-05-15,24,dokum,다음 밑줄 친 漢字語의 讀音을 쓰세요.,"우리는 여행을 하고 나서 後記 를 남깁니다. 6級II *** 6級과6級Ⅱ는서로다른급수입니다. 반드시지원급수를다시확인하세요. *** 80 문항 / 50분 시험 / 시험일자 : 2021. 05. 15 * 성명과 수험번호를 쓰고 문제지와 답안지는 함께 제출하세요. 성명( ), 수험번호□□□-□□-□□□□",後記,,후기,후기,
6급II,92,2021-05-15,25,dokum,다음 밑줄 친 漢字語의 讀音을 쓰세요.,平和로운 산골 마을입니다.,平和,,평화,평화,
6급II,92,2021-05-15,26,dokum,다음 밑줄 친 漢字語의 讀音을 쓰세요.,고기잡이가 그의 生業입니다.,生業,,생업,생업,
6급II,92,2021-05-15,27,dokum,다음 밑줄 친 漢字語의 讀音을 쓰세요.,시골에 계신 할아버지께 便紙를 썼습니다.,便紙,,편지,편지,
6급II,92,2021-05-15,28,dokum,다음 밑줄 친 漢字語의 讀音을 쓰세요.,여러 動物들을 구경한 즐거운 하루였습니다.,動物,,동물,동물,
6급II,92,2021-05-15,29,dokum,다음 밑줄 친 漢字語의 讀音을 쓰세요.,洞里에 많은 사람들이 모였습니 다.,洞里,,동리,동리,
6급II,92,2021-05-15,30,dokum,다음 밑줄 친 漢字語의 讀音을 쓰세요.,선수는 全力을 다해 뛰었습니 다.,全力,,전력,전력,
6급II,92,2021-05-15,31,dokum,다음 밑줄 친 漢字語의 讀音을 쓰세요.,인간의 생명은 所重합니다.,所重,,소중,소중,
6급II,92,2021-05-15,32,dokum,다음 밑줄 친 漢字語의 讀音을 쓰세요.,머지않아 立冬의 계절이 돌아옵 니다.,立冬,,입동,입동,
6급II,92,2021-05-15,33,hunum,다음 漢字의 訓과 音을 쓰세요.,出,出,,날 출,날 출,
6급II,92,2021-05-15,34,hunum,다음 漢字의 訓과 音을 쓰세요.,線,線,,줄 선,줄 선,
6급II,92,2021-05-15,35,hunum,다음 漢字의 訓과 音을 쓰세요.,意,意,,뜻 의,뜻 의,
6급II,92,2021-05-15,36,hunum,다음 漢字의 訓과 音을 쓰세요.,集,集,,모을 집,모을 집,
6급II,92,2021-05-15,37,hunum,다음 漢字의 訓과 音을 쓰세요.,草,草,,풀 초,풀 초,
6급II,92,2021-05-15,38,hunum,다음 漢字의 訓과 音을 쓰세요.,果,果,,실과 과,실과 과,
6급II,92,2021-05-15,39,hunum,다음 漢字의 訓과 音을 쓰세요.,對,對,,대할 대,대할 대,
6급II,92,2021-05-15,40,hunum,다음 漢字의 訓과 音을 쓰세요.,發,發,,필 발,필 발,
6급II,92,2021-05-15,41,hunum,다음 漢字의 訓과 音을 쓰세요.,班,班,,나눌 반,나눌 반,
6급II,92,2021-05-15,42,hunum,다음 漢字의 訓과 音을 쓰세요.,放,放,,놓을 방,놓을 방,
6급II,92,2021-05-15,43,hunum,다음 漢字의 訓과 音을 쓰세요.,部,部,,떼 부,떼 부,
6급II,92,2021-05-15,44,hunum,다음 漢字의 訓과 音을 쓰세요.,夫,夫,,지아비 부,지아비 부,
6급II,92,2021-05-15,45,hunum,다음 漢字의 訓과 音을 쓰세요.,書,書,,글 서,글 서,
6급II,92,2021-05-15,46,hunum,다음 漢字의 訓과 音을 쓰세요.,現,現,,나타날 현,나타날 현,
6급II,92,2021-05-15,47,hunum,다음 漢字의 訓과 音을 쓰세요.,韓,韓,,한국/나라 한,한국/나라 한,
6급II,92,2021-05-15,48,hunum,다음 漢字의 訓과 音을 쓰세요.,會,會,,모일 회,모일 회,
6급II,92,2021-05-15,49,hunum,다음 漢字의 訓과 音을 쓰세요.,風,風,,바람 풍,바람 풍,
6급II,92,2021-05-15,50,hunum,다음 漢字의 訓과 音을 쓰세요.,市,市,,저자 시,저자 시,
6급II,92,2021-05-15,51,hunum,다음 漢字의 訓과 音을 쓰세요.,藥,藥,,약 약,약 약,
6급II,92,2021-05-15,52,hunum,다음 漢字의 訓과 音을 쓰세요.,窓,窓,,창 창,창 창,
6급II,92,2021-05-15,53,hunum,다음 漢字의 訓과 音을 쓰세요.,信,信,,믿을 신,믿을 신,
6급II,92,2021-05-15,54,hunum,다음 漢字의 訓과 音을 쓰세요.,新,新,,새 신,새 신,
6급II,92,2021-05-15,55,hunum,다음 漢字의 訓과 音을 쓰세요.,安,安,,편안 안,편안 안,
6급II,92,2021-05-15,56,hunum,다음 漢字의 訓과 音을 쓰세요.,身,身,,몸 신,몸 신,
6급II,92,2021-05-15,57,hunum,다음 漢字의 訓과 音을 쓰세요.,聞,聞,,들을 문,들을 문,
6급II,92,2021-05-15,58,hunum,다음 漢字의 訓과 音을 쓰세요.,明,明,,밝을 명,밝을 명,
6급II,92,2021-05-15,59,hunum,다음 漢字의 訓과 音을 쓰세요.,主,主,,임금/주인 주,임금/주인 주,
6급II,92,2021-05-15,60,hunum,다음 漢字의 訓과 音을 쓰세요.,足,足,,발 족,발 족,
6급II,92,2021-05-15,61,hunum,다음 漢字의 訓과 音을 쓰세요.,海,海,,바다 해,바다 해,
6급II,92,2021-05-15,62,banui_select,다음 중 뜻이 서로 반대(또는 상대)되는 漢字끼리 연결되지 않은 것을 찾아 그 번호를 쓰세요.,,,"[""① 南 ↔ 北"", ""② 母 ↔ 父"", ""③ 各 ↔ 角"", ""④ 敎 ↔ 學""]",③,各 ↔ 角,
6급II,92,2021-05-15,63,banui_select,다음 중 뜻이 서로 반대(또는 상대)되는 漢字끼리 연결되지 않은 것을 찾아 그 번호를 쓰세요.,,,"[""① 長 ↔ 短"", ""② 弟 ↔ 兄"", ""③ 每 ↔ 面"", ""④ 民 ↔ 王""]",③,每 ↔ 面,
6급II,92,2021-05-15,64,select_hanja,다음 문장에 어울리는 漢字語가 되도록 ( ) 안에 알맞은 漢字를 <보기>에서 찾아 그 번호를 쓰세요.,내일 登( )하기로 했습니다.,登(),"[""① 校"", ""② 祖"", ""③ 戰"", ""④ 活""]",①,校,
6급II,92,2021-05-15,65,select_hanja,다음 문장에 어울리는 漢字語가 되도록 ( ) 안에 알맞은 漢字를 <보기>에서 찾아 그 번호를 쓰세요.,우리나라에는 先( )들의 소중한 유산이 많이 남아있습니다.,先(),"[""① 校"", ""② 祖"", ""③ 戰"", ""④ 活""]",②,祖,
6급II,92,2021-05-15,66,mean_select,다음 뜻에 맞는 漢字語를 <보기>에서 찾아 그 번호를 쓰세요.,시골마을에 있는 집.,,"[""① 自然"", ""② 孝子"", ""③ 村家"", ""④ 空白"", ""⑤ 邑內"", ""⑥ 植木""]",③,村家,
6급II,92,2021-05-15,67,mean_select,다음 뜻에 맞는 漢字語를 <보기>에서 찾아 그 번호를 쓰세요.,종이나 책에서 글씨나 그림이 없는 곳.,,"[""① 自然"", ""② 孝子"", ""③ 村家"", ""④ 空白"", ""⑤ 邑內"", ""⑥ 植木""]",④,空白,
6급II,92,2021-05-15,68,hanjaeo_write,다음 밑줄 친 漢字語를 漢字로 쓰세요.,할아버지의 연세는 팔십이십니다.,팔십,,八十,八十,
6급II,92,2021-05-15,69,hanjaeo_write,다음 밑줄 친 漢字語를 漢字로 쓰세요.,청년들이 축구 경기를 하고 있 습니다.,청년,,靑年,靑年,
6급II,92,2021-05-15,70,hanjaeo_write,다음 밑줄 친 漢字語를 漢字로 쓰세요.,어제 육삼 빌딩에 다녀왔습니다.,육삼,,六三,六三,
6급II,92,2021-05-15,71,hanjaeo_write,다음 밑줄 친 漢字語를 漢字로 쓰세요.,물고기는 수중에서 살고 있습 니다.,수중,,水中,水中,
6급II,92,2021-05-15,72,hanjaeo_write,다음 밑줄 친 漢字語를 漢字로 쓰세요.,사촌 형을 만나 즐거운 하루를 보냈습니다.,사촌,,四寸,四寸,
6급II,92,2021-05-15,73,hanjaeo_write,다음 밑줄 친 漢字語를 漢字로 쓰세요.,저 산은 아직 화산활동이 진행 중입니다.,화산,,火山,火山,
6급II,92,2021-05-15,74,hanjaeo_write,다음 밑줄 친 漢字語를 漢字로 쓰세요.,이 곡은 이인이 합창하는 멋 진 노래입니다.,이인,,二人,二人,
6급II,92,2021-05-15,75,hanjaeo_write,다음 밑줄 친 漢字語를 漢字로 쓰세요.,언니는 훌륭한 여군입니다.,녀군,,女軍,女軍,
6급II,92,2021-05-15,76,hanjaeo_write,다음 밑줄 친 漢字語를 漢字로 쓰세요.,이 경기장에는 칠만 명이 들어 갈 수 있습니다.,칠만,,七萬,七萬,
6급II,92,2021-05-15,77,hanjaeo_write,다음 밑줄 친 漢字語를 漢字로 쓰세요.,해와 달을 뜻하는 일월은 ‘세 월’이라는 의미로도 씁니다.,일월,,日月,日月,
6급II,92,2021-05-15,78,stroke,다음 漢字의 짙게 표시한 획은 몇 번째 쓰는 획인지 <보기>에서 찾아 그 번호를 쓰세요.,,,"[""① 첫 번째"", ""② 두 번째"", ""③ 세 번째"", ""④ 네 번째"", ""⑤ 다섯 번째"", ""⑥ 여섯 번째"", ""⑦ 일곱 번째"", ""⑧ 여덟 번째"", ""⑨ 아홉 번째"", ""⑩ 열 번째"", ""⑪ 열한 번째""]",⑧,여덟 번째,exam-strokes/stroke_6ii_92_78.png
6급II,92,2021-05-15,79,stroke,다음 漢字의 짙게 표시한 획은 몇 번째 쓰는 획인지 <보기>에서 찾아 그 번호를 쓰세요.,,,"[""① 첫 번째"", ""② 두 번째"", ""③ 세 번째"", ""④ 네 번째"", ""⑤ 다섯 번째"", ""⑥ 여섯 번째"", ""⑦ 일곱 번째"", ""⑧ 여덟 번째"", ""⑨ 아홉 번째"", ""⑩ 열 번째"", ""⑪ 열한 번째""]",⑤,다섯 번째,exam-strokes/stroke_6ii_92_79.png
6급II,92,2021-05-15,80,stroke,다음 漢字의 짙게 표시한 획은 몇 번째 쓰는 획인지 <보기>에서 찾아 그 번호를 쓰세요.,,,"[""① 첫 번째"", ""② 두 번째"", ""③ 세 번째"", ""④ 네 번째"", ""⑤ 다섯 번째"", ""⑥ 여섯 번째"", ""⑦ 일곱 번째"", ""⑧ 여덟 번째"", ""⑨ 아홉 번째"", ""⑩ 열 번째"", ""⑪ 열한 번째""]",⑧,여덟 번째,exam-strokes/stroke_6ii_92_80.png
6급II,93,2021-07-10,1,dokum,다음 밑줄 친 漢字語의 讀音을 쓰세요.,이 길은 요즘 공사 때문에 한 車線을 막고 있습니다.,車線,,차선,차선,
6급II,93,2021-07-10,2,dokum,다음 밑줄 친 漢字語의 讀音을 쓰세요.,돋보기로 햇빛의 열을 한 곳으 로 集中시킬 수 있습니다.,集中,,집중,집중,
6급II,93,2021-07-10,3,dokum,다음 밑줄 친 漢字語의 讀音을 쓰세요.,정부의 公共 기관들이 지방으로 이전하였습니다.,公共,,공공,공공,
6급II,93,2021-07-10,4,dokum,다음 밑줄 친 漢字語의 讀音을 쓰세요.,인어의 위쪽 半身은 여인의 모 습입니다.,半身,,반신,반신,
6급II,93,2021-07-10,5,dokum,다음 밑줄 친 漢字語의 讀音을 쓰세요.,요즘에는 現金보다 카드를 더 많이 사용합니다.,現金,,현금,현금,
6급II,93,2021-07-10,6,dokum,다음 밑줄 친 漢字語의 讀音을 쓰세요.,勇氣 있는 사람들이 세상을 바 꿀 수 있습니다.,勇氣,,용기,용기,
6급II,93,2021-07-10,7,dokum,다음 밑줄 친 漢字語의 讀音을 쓰세요.,우리나라 林業은 무한한 가능성 이 있는 사업 분야입니다.,林業,,임업,임업,
6급II,93,2021-07-10,8,dokum,다음 밑줄 친 漢字語의 讀音을 쓰세요.,솔솔 불어오는 南風에서 봄내음 이 느껴집니다.,南風,,남풍,남풍,
6급II,93,2021-07-10,9,dokum,다음 밑줄 친 漢字語의 讀音을 쓰세요.,적의 침략으로 온 나라가 戰火 에 휩싸였습니다.,戰火,,전화,전화,
6급II,93,2021-07-10,10,dokum,다음 밑줄 친 漢字語의 讀音을 쓰세요.,대중교통에는 老弱자를 배려한 좌석이 마련되어 있습니다.,老弱,,노약,노약,
6급II,93,2021-07-10,11,dokum,다음 밑줄 친 漢字語의 讀音을 쓰세요.,친구들이 모두 내 의견에 同意 해 주었습니다.,同意,,동의,동의,
6급II,93,2021-07-10,12,dokum,다음 밑줄 친 漢字語의 讀音을 쓰세요.,대원들은 마침내 정상 정복에 成功하였습니다.,成功,,성공,성공,
6급II,93,2021-07-10,13,dokum,다음 밑줄 친 漢字語의 讀音을 쓰세요.,영희는 自作시 한 편을 완성했 습니다.,自作,,자작,자작,
6급II,93,2021-07-10,14,dokum,다음 밑줄 친 漢字語의 讀音을 쓰세요.,최 대감은 고을 원님이 보낸 편 지에 答信을 하였습니다.,答信,,답신,답신,
6급II,93,2021-07-10,15,dokum,다음 밑줄 친 漢字語의 讀音을 쓰세요.,잡초라고 여겼던 식물들이 藥用 으로 쓰이는 경우가 있습니다.,藥用,,약용,약용,
6급II,93,2021-07-10,16,dokum,다음 밑줄 친 漢字語의 讀音을 쓰세요.,한자로 表記된 현판의 의미를 조금씩 알게 되었습니다.,表記,,표기,표기,
6급II,93,2021-07-10,17,dokum,다음 밑줄 친 漢字語의 讀音을 쓰세요.,국어정보학은 국어학의 分科입 니다.,分科,,분과,분과,
6급II,93,2021-07-10,18,dokum,다음 밑줄 친 漢字語의 讀音을 쓰세요.,동화의 文體는 대체로 부드럽습 니다.,文體,,문체,문체,
6급II,93,2021-07-10,19,dokum,다음 밑줄 친 漢字語의 讀音을 쓰세요.,가을은 오곡과 百果가 무르익는 계절입니다.,百果,,백과,백과,
6급II,93,2021-07-10,20,dokum,다음 밑줄 친 漢字語의 讀音을 쓰세요.,삶의 질은 算術적으로만 판단할 수 없습니다.,算術,,산술,산술,
6급II,93,2021-07-10,21,dokum,다음 밑줄 친 漢字語의 讀音을 쓰세요.,철수는 이번 경기의 승리를 이 끈 一等공신입니다.,一等,,일등,일등,
6급II,93,2021-07-10,22,dokum,다음 밑줄 친 漢字語의 讀音을 쓰세요.,"남자 아이 그런지 늘 活力이 넘 칩니다. 6級II *** 6級과6級Ⅱ는서로다른급수입니다. 반드시지원급수를다시확인하세요. *** 80 문항 / 50분 시험 / 시험일자 : 2021. 07. 10 * 성명과 수험번호를 쓰고 문제지와 답안지는 함께 제출하세요. 성명( ), 수험번호□□□-□□-□□□□",活力,,활력,활력,
6급II,93,2021-07-10,23,dokum,다음 밑줄 친 漢字語의 讀音을 쓰세요.,사원들은 이번 프로젝트를 회사 의 命運이 걸린 문제로 봅니다.,命運,,명운,명운,
6급II,93,2021-07-10,24,dokum,다음 밑줄 친 漢字語의 讀音을 쓰세요.,아빠와 엄마는 學窓 시절에 만 나셨다고 합니다.,學窓,,학창,학창,
6급II,93,2021-07-10,25,dokum,다음 밑줄 친 漢字語의 讀音을 쓰세요.,동생은 마을에서 所聞난 개구쟁 이입니다.,所聞,,소문,소문,
6급II,93,2021-07-10,26,dokum,다음 밑줄 친 漢字語의 讀音을 쓰세요.,예산을 결정하기 위해 理事들이 회의를 했습니다.,理事,,이사,이사,
6급II,93,2021-07-10,27,dokum,다음 밑줄 친 漢字語의 讀音을 쓰세요.,섬에는 낚시를 하려는 內地 사 람들이 많이 찾습니다.,內地,,내지,내지,
6급II,93,2021-07-10,28,dokum,다음 밑줄 친 漢字語의 讀音을 쓰세요.,두 사람 간의 의견 對立이 팽팽 합니다.,對立,,대립,대립,
6급II,93,2021-07-10,29,dokum,다음 밑줄 친 漢字語의 讀音을 쓰세요.,등산 1코스는 정상을 거쳐 出發 지점으로 되돌아오는 것입니다.,出發,,출발,출발,
6급II,93,2021-07-10,30,dokum,다음 밑줄 친 漢字語의 讀音을 쓰세요.,아인슈타인은 물리학계의 天才 입니다.,天才,,천재,천재,
6급II,93,2021-07-10,31,dokum,다음 밑줄 친 漢字語의 讀音을 쓰세요.,다산은 유배된 강진 땅에 草堂 을 짓고 살았습니다.,草堂,,초당,초당,
6급II,93,2021-07-10,32,dokum,다음 밑줄 친 漢字語의 讀音을 쓰세요.,자동차를 보유한 家口가 현저히 늘었습니다.,家口,,가구,가구,
6급II,93,2021-07-10,33,hunum,다음 漢字의 訓과 音을 쓰세요.,祖,祖,,할아비 조,할아비 조,
6급II,93,2021-07-10,34,hunum,다음 漢字의 訓과 音을 쓰세요.,消,消,,사라질 소,사라질 소,
6급II,93,2021-07-10,35,hunum,다음 漢字의 訓과 音을 쓰세요.,各,各,,각각 각,각각 각,
6급II,93,2021-07-10,36,hunum,다음 漢字의 訓과 音을 쓰세요.,庭,庭,,뜰 정,뜰 정,
6급II,93,2021-07-10,37,hunum,다음 漢字의 訓과 音을 쓰세요.,來,來,,올 래,올 래,
6급II,93,2021-07-10,38,hunum,다음 漢字의 訓과 音을 쓰세요.,始,始,,비로소 시,비로소 시,
6급II,93,2021-07-10,39,hunum,다음 漢字의 訓과 音을 쓰세요.,旗,旗,,기 기,기 기,
6급II,93,2021-07-10,40,hunum,다음 漢字의 訓과 音을 쓰세요.,新,新,,새 신,새 신,
6급II,93,2021-07-10,41,hunum,다음 漢字의 訓과 音을 쓰세요.,注,注,,부을 주,부을 주,
6급II,93,2021-07-10,42,hunum,다음 漢字의 訓과 音을 쓰세요.,洞,洞,,골 동 | 밝을 통,골 동 | 밝을 통,
6급II,93,2021-07-10,43,hunum,다음 漢字의 訓과 音을 쓰세요.,和,和,,화할 화,화할 화,
6급II,93,2021-07-10,44,hunum,다음 漢字의 訓과 音을 쓰세요.,夕,夕,,저녁 석,저녁 석,
6급II,93,2021-07-10,45,hunum,다음 漢字의 訓과 音을 쓰세요.,界,界,,지경 계,지경 계,
6급II,93,2021-07-10,46,hunum,다음 漢字의 訓과 音을 쓰세요.,植,植,,심을 식,심을 식,
6급II,93,2021-07-10,47,hunum,다음 漢字의 訓과 音을 쓰세요.,書,書,,글 서,글 서,
6급II,93,2021-07-10,48,hunum,다음 漢字의 訓과 音을 쓰세요.,淸,淸,,맑을 청,맑을 청,
6급II,93,2021-07-10,49,hunum,다음 漢字의 訓과 音을 쓰세요.,急,急,,급할 급,급할 급,
6급II,93,2021-07-10,50,hunum,다음 漢字의 訓과 音을 쓰세요.,圖,圖,,그림 도,그림 도,
6급II,93,2021-07-10,51,hunum,다음 漢字의 訓과 音을 쓰세요.,短,短,,짧을 단,짧을 단,
6급II,93,2021-07-10,52,hunum,다음 漢字의 訓과 音을 쓰세요.,球,球,,공 구,공 구,
6급II,93,2021-07-10,53,hunum,다음 漢字의 訓과 音을 쓰세요.,面,面,,낯 면,낯 면,
6급II,93,2021-07-10,54,hunum,다음 漢字의 訓과 音을 쓰세요.,有,有,,있을 유,있을 유,
6급II,93,2021-07-10,55,hunum,다음 漢字의 訓과 音을 쓰세요.,利,利,,이할 리,이할 리,
6급II,93,2021-07-10,56,hunum,다음 漢字의 訓과 音을 쓰세요.,班,班,,나눌 반,나눌 반,
6급II,93,2021-07-10,57,hunum,다음 漢字의 訓과 音을 쓰세요.,飮,飮,,마실 음,마실 음,
6급II,93,2021-07-10,58,hunum,다음 漢字의 訓과 音을 쓰세요.,省,省,,살필 성 | 덜 생,살필 성 | 덜 생,
6급II,93,2021-07-10,59,hunum,다음 漢字의 訓과 音을 쓰세요.,神,神,,귀신 신,귀신 신,
6급II,93,2021-07-10,60,hunum,다음 漢字의 訓과 音을 쓰세요.,幸,幸,,다행 행,다행 행,
6급II,93,2021-07-10,61,hunum,다음 漢字의 訓과 音을 쓰세요.,里,里,,마을 리,마을 리,
6급II,93,2021-07-10,62,banui_select,다음 중 뜻이 서로 반대(또는 상대)되는 漢字끼리 연결되지 않은 것을 찾아 그 번호를 쓰세요.,,,"[""① 物 ↔ 心"", ""② 昨 ↔ 今"", ""③ 歌 ↔ 樂"", ""④ 後 ↔ 先""]",③,歌 ↔ 樂,
6급II,93,2021-07-10,63,banui_select,다음 중 뜻이 서로 반대(또는 상대)되는 漢字끼리 연결되지 않은 것을 찾아 그 번호를 쓰세요.,,,"[""① 光 ↔ 明"", ""② 高 ↔ 下"", ""③ 正 ↔ 反"", ""④ 手 ↔ 足""]",①,光 ↔ 明,
6급II,93,2021-07-10,64,select_hanja,다음 문장에 어울리는 漢字語가 되도록 ( ) 안에 알맞은 漢字를 <보기>에서 찾아 그 번호를 쓰세요.,입장객의 숫자를 ( )數하였습니다.,()數,"[""① 角"", ""② 代"", ""③ 色"", ""④ 計""]",④,計,
6급II,93,2021-07-10,65,select_hanja,다음 문장에 어울리는 漢字語가 되도록 ( ) 안에 알맞은 漢字를 <보기>에서 찾아 그 번호를 쓰세요.,젊은 世( )들은 개성이 제각각 뚜렷합니다.,世(),"[""① 角"", ""② 代"", ""③ 色"", ""④ 計""]",②,代,
6급II,93,2021-07-10,66,mean_select,다음 뜻에 맞는 漢字語를 <보기>에서 찾아 그 번호를 쓰세요.,움직이는 부분.,,"[""① 形便"", ""② 場外"", ""③ 放水"", ""④ 動部"", ""⑤ 雪花"", ""⑥ 小童""]",④,動部,
6급II,93,2021-07-10,67,mean_select,다음 뜻에 맞는 漢字語를 <보기>에서 찾아 그 번호를 쓰세요.,물을 흘려보냄.,,"[""① 形便"", ""② 場外"", ""③ 放水"", ""④ 動部"", ""⑤ 雪花"", ""⑥ 小童""]",③,放水,
6급II,93,2021-07-10,68,hanjaeo_write,다음 밑줄 친 漢字語를 漢字로 쓰세요.,방과 후의 교실은 언제나 조용 합니다.,교실,,敎室,敎室,
6급II,93,2021-07-10,69,hanjaeo_write,다음 밑줄 친 漢字語를 漢字로 쓰세요.,우렁각시가 아름다운 여인으로 변신하였습니다.,녀인,,女人,女人,
6급II,93,2021-07-10,70,hanjaeo_write,다음 밑줄 친 漢字語를 漢字로 쓰세요.,남극 대륙은 만년빙으로 뒤덮여 있습니다.,만년,,萬年,萬年,
6급II,93,2021-07-10,71,hanjaeo_write,다음 밑줄 친 漢字語를 漢字로 쓰세요.,"아버지의 형제분들이 많다 보 니, 나에겐 사촌이 많습니다.",사촌,,四寸,四寸,
6급II,93,2021-07-10,72,hanjaeo_write,다음 밑줄 친 漢字語를 漢字로 쓰세요.,훌륭하고 뛰어난 임금을 높여서 대왕이라고 합니다.,대왕,,大王,大王,
6급II,93,2021-07-10,73,hanjaeo_write,다음 밑줄 친 漢字語를 漢字로 쓰세요.,아버지께서는 청산과 강이 있는 곳에서 살고 싶다고 하셨습니 다.,청산,,靑山,靑山,
6급II,93,2021-07-10,74,hanjaeo_write,다음 밑줄 친 漢字語를 漢字로 쓰세요.,우리 전통 가옥은 대부분 토목 을 재료로 사용하였습니다.,토목,,土木,土木,
6급II,93,2021-07-10,75,hanjaeo_write,다음 밑줄 친 漢字語를 漢字로 쓰세요.,음력 팔월에는 추석 명절이 있 어서 마음이 풍요롭습니다.,팔월,,八月,八月,
6급II,93,2021-07-10,76,hanjaeo_write,다음 밑줄 친 漢字語를 漢字로 쓰세요.,그들은 아들 형제에게 건 기대 가 큽니다.,형제,,兄弟,兄弟,
6급II,93,2021-07-10,77,hanjaeo_write,다음 밑줄 친 漢字語를 漢字로 쓰세요.,아이의 생일상을 차리려고 수수 떡을 했습니다.,생일,,生日,生日,
6급II,93,2021-07-10,78,stroke,다음 漢字의 짙게 표시한 획은 몇 번째 쓰는 획인지 <보기>에서 찾아 그 번호를 쓰세요.,,,"[""① 첫 번째"", ""② 두 번째"", ""③ 세 번째"", ""④ 네 번째"", ""⑤ 다섯 번째"", ""⑥ 여섯 번째"", ""⑦ 일곱 번째"", ""⑧ 여덟 번째""]",⑤,다섯 번째,exam-strokes/stroke_6ii_93_78.png
6급II,93,2021-07-10,79,stroke,다음 漢字의 짙게 표시한 획은 몇 번째 쓰는 획인지 <보기>에서 찾아 그 번호를 쓰세요.,,,"[""① 첫 번째"", ""② 두 번째"", ""③ 세 번째"", ""④ 네 번째"", ""⑤ 다섯 번째"", ""⑥ 여섯 번째"", ""⑦ 일곱 번째"", ""⑧ 여덟 번째""]",⑥,여섯 번째,exam-strokes/stroke_6ii_93_79.png
6급II,93,2021-07-10,80,stroke,다음 漢字의 짙게 표시한 획은 몇 번째 쓰는 획인지 <보기>에서 찾아 그 번호를 쓰세요.,,,"[""① 첫 번째"", ""② 두 번째"", ""③ 세 번째"", ""④ 네 번째"", ""⑤ 다섯 번째"", ""⑥ 여섯 번째"", ""⑦ 일곱 번째"", ""⑧ 여덟 번째""]",⑤,다섯 번째,exam-strokes/stroke_6ii_93_80.png
6급II,94,2021-09-11,1,dokum,다음 밑줄 친 漢字語의 讀音을 쓰세요.,식사비용은 各自 내기로 했습니 다.,各自,,각자,각자,
6급II,94,2021-09-11,2,dokum,다음 밑줄 친 漢字語의 讀音을 쓰세요.,漢江은 중요한 식수원입니다.,漢江,,한강,한강,
6급II,94,2021-09-11,3,dokum,다음 밑줄 친 漢字語의 讀音을 쓰세요.,가구가 많아서 空間이 좁아 보 입니다.,空間,,공간,공간,
6급II,94,2021-09-11,4,dokum,다음 밑줄 친 漢字語의 讀音을 쓰세요.,기차의 車窓 너머로 아름다운 산이 보입니다.,車窓,,차창,차창,
6급II,94,2021-09-11,5,dokum,다음 밑줄 친 漢字語의 讀音을 쓰세요.,世界 최초로 민간인 우주 관광 에 성공하였습니다.,世界,,세계,세계,
6급II,94,2021-09-11,6,dokum,다음 밑줄 친 漢字語의 讀音을 쓰세요.,여행 계획을 짤 때는 이동 시간 을 잘 計算해야 합니다.,計算,,계산,계산,
6급II,94,2021-09-11,7,dokum,다음 밑줄 친 漢字語의 讀音을 쓰세요.,선생님 덕분에 勇氣를 낼 수 있 었습니다.,勇氣,,용기,용기,
6급II,94,2021-09-11,8,dokum,다음 밑줄 친 漢字語의 讀音을 쓰세요.,쉐이크 등 식사 代用 식품이 인 기가 많습니다.,代用,,대용,대용,
6급II,94,2021-09-11,9,dokum,다음 밑줄 친 漢字語의 讀音을 쓰세요.,학생들이 직접 실험을 해 보는 科學 수업이 꼭 필요합니다.,科學,,과학,과학,
6급II,94,2021-09-11,10,dokum,다음 밑줄 친 漢字語의 讀音을 쓰세요.,그 두꺼운 책을 다 읽은 사람은 果然 몇 명일까요?,果然,,과연,과연,
6급II,94,2021-09-11,11,dokum,다음 밑줄 친 漢字語의 讀音을 쓰세요.,이 도시는 아름다운 야경으로 有名합니다.,有名,,유명,유명,
6급II,94,2021-09-11,12,dokum,다음 밑줄 친 漢字語의 讀音을 쓰세요.,아이가 白紙에 그림을 그리고 있습니다.,白紙,,백지,백지,
6급II,94,2021-09-11,13,dokum,다음 밑줄 친 漢字語의 讀音을 쓰세요.,이 동네에는 住民을 위한 운동 시설이 많이 있습니다.,住民,,주민,주민,
6급II,94,2021-09-11,14,dokum,다음 밑줄 친 漢字語의 讀音을 쓰세요.,요즘은 現金을 쓰는 일이 많지 않습니다.,現金,,현금,현금,
6급II,94,2021-09-11,15,dokum,다음 밑줄 친 漢字語의 讀音을 쓰세요.,세상 萬物은 나름의 아름다움을 가지고 있습니다.,萬物,,만물,만물,
6급II,94,2021-09-11,16,dokum,다음 밑줄 친 漢字語의 讀音을 쓰세요.,그는 사업을 해서 큰 成功을 하 였습니다.,成功,,성공,성공,
6급II,94,2021-09-11,17,dokum,다음 밑줄 친 漢字語의 讀音을 쓰세요.,草木이 우거진 숲을 지나니 아 름다운 호수가 나왔습니다.,草木,,초목,초목,
6급II,94,2021-09-11,18,dokum,다음 밑줄 친 漢字語의 讀音을 쓰세요.,새 生命이 태어났다는 반가운 소식을 들었습니다.,生命,,생명,생명,
6급II,94,2021-09-11,19,dokum,다음 밑줄 친 漢字語의 讀音을 쓰세요.,방과 후 수업에서는 다양한 活動 을 합니다.,活動,,활동,활동,
6급II,94,2021-09-11,20,dokum,다음 밑줄 친 漢字語의 讀音을 쓰세요.,좋은 친구가 많은 것은 큰 幸運 입니다.,幸運,,행운,행운,
6급II,94,2021-09-11,21,dokum,다음 밑줄 친 漢字語의 讀音을 쓰세요.,休日이라 그런지 길이 많이 막 힙니다.,休日,,휴일,휴일,
6급II,94,2021-09-11,22,dokum,다음 밑줄 친 漢字語의 讀音을 쓰세요.,나라마다 風土가 다릅니다.,風土,,풍토,풍토,
6급II,94,2021-09-11,23,dokum,다음 밑줄 친 漢字語의 讀音을 쓰세요.,홍길동이 道術을 부렸습니다.,道術,,도술,도술,
6급II,94,2021-09-11,24,dokum,다음 밑줄 친 漢字語의 讀音을 쓰세요.,"열심히 연습해서 바둑의 高手가 되고 싶습니다. 6級II *** 6級과6級Ⅱ는서로다른급수입니다. 반드시지원급수를다시확인하세요. *** 80 문항 / 50분 시험 / 시험일자 : 2021. 09. 11. * 성명과 수험번호를 쓰고 문제지와 답안지는 함께 제출하세요. 성명( ), 수험번호□□□-□□-□□□□",高手,,고수,고수,
6급II,94,2021-09-11,25,dokum,다음 밑줄 친 漢字語의 讀音을 쓰세요.,어릴 때는 童話 속 주인공이 되 는 꿈을 꾸었습니다.,童話,,동화,동화,
6급II,94,2021-09-11,26,dokum,다음 밑줄 친 漢字語의 讀音을 쓰세요.,최근 會食을 하는 회사들이 많 이 줄었습니다.,會食,,회식,회식,
6급II,94,2021-09-11,27,dokum,다음 밑줄 친 漢字語의 讀音을 쓰세요.,유명한 소설가가 新作을 발표했 습니다.,新作,,신작,신작,
6급II,94,2021-09-11,28,dokum,다음 밑줄 친 漢字語의 讀音을 쓰세요.,저는 心理 상담 일을 하고 싶습 니다.,心理,,심리,심리,
6급II,94,2021-09-11,29,dokum,다음 밑줄 친 漢字語의 讀音을 쓰세요.,每事에 성실한 사람은 어디에서 나 인기가 많습니다.,每事,,매사,매사,
6급II,94,2021-09-11,30,dokum,다음 밑줄 친 漢字語의 讀音을 쓰세요.,여행 중에 차량이 放電되어 애 를 먹었습니다.,放電,,방전,방전,
6급II,94,2021-09-11,31,dokum,다음 밑줄 친 漢字語의 讀音을 쓰세요.,합격자 發表는 내일입니다.,發表,,발표,발표,
6급II,94,2021-09-11,32,dokum,다음 밑줄 친 漢字語의 讀音을 쓰세요.,시험을 보기 전에는 누구나 不安 해 합니다.,不安,,불안,불안,
6급II,94,2021-09-11,33,hunum,다음 漢字의 訓과 音을 쓰세요.,林,林,,수풀 림,수풀 림,
6급II,94,2021-09-11,34,hunum,다음 漢字의 訓과 音을 쓰세요.,雪,雪,,눈 설,눈 설,
6급II,94,2021-09-11,35,hunum,다음 漢字의 訓과 音을 쓰세요.,正,正,,바를 정,바를 정,
6급II,94,2021-09-11,36,hunum,다음 漢字의 訓과 音을 쓰세요.,直,直,,곧을 직,곧을 직,
6급II,94,2021-09-11,37,hunum,다음 漢字의 訓과 音을 쓰세요.,昨,昨,,어제 작,어제 작,
6급II,94,2021-09-11,38,hunum,다음 漢字의 訓과 音을 쓰세요.,消,消,,사라질 소,사라질 소,
6급II,94,2021-09-11,39,hunum,다음 漢字의 訓과 音을 쓰세요.,足,足,,발 족,발 족,
6급II,94,2021-09-11,40,hunum,다음 漢字의 訓과 音을 쓰세요.,午,午,,낮 오,낮 오,
6급II,94,2021-09-11,41,hunum,다음 漢字의 訓과 音을 쓰세요.,百,百,,일백 백,일백 백,
6급II,94,2021-09-11,42,hunum,다음 漢字의 訓과 音을 쓰세요.,球,球,,공 구,공 구,
6급II,94,2021-09-11,43,hunum,다음 漢字의 訓과 音을 쓰세요.,藥,藥,,약 약,약 약,
6급II,94,2021-09-11,44,hunum,다음 漢字의 訓과 音을 쓰세요.,意,意,,뜻 의,뜻 의,
6급II,94,2021-09-11,45,hunum,다음 漢字의 訓과 音을 쓰세요.,植,植,,심을 식,심을 식,
6급II,94,2021-09-11,46,hunum,다음 漢字의 訓과 音을 쓰세요.,育,育,,기를 육,기를 육,
6급II,94,2021-09-11,47,hunum,다음 漢字의 訓과 音을 쓰세요.,冬,冬,,겨울 동,겨울 동,
6급II,94,2021-09-11,48,hunum,다음 漢字의 訓과 音을 쓰세요.,人,人,,사람 인,사람 인,
6급II,94,2021-09-11,49,hunum,다음 漢字의 訓과 音을 쓰세요.,農,農,,농사 농,농사 농,
6급II,94,2021-09-11,50,hunum,다음 漢字의 訓과 音을 쓰세요.,急,急,,급할 급,급할 급,
6급II,94,2021-09-11,51,hunum,다음 漢字의 訓과 音을 쓰세요.,孝,孝,,효도 효,효도 효,
6급II,94,2021-09-11,52,hunum,다음 漢字의 訓과 音을 쓰세요.,夏,夏,,여름 하,여름 하,
6급II,94,2021-09-11,53,hunum,다음 漢字의 訓과 音을 쓰세요.,王,王,,임금 왕,임금 왕,
6급II,94,2021-09-11,54,hunum,다음 漢字의 訓과 音을 쓰세요.,來,來,,올 래,올 래,
6급II,94,2021-09-11,55,hunum,다음 漢字의 訓과 音을 쓰세요.,海,海,,바다 해,바다 해,
6급II,94,2021-09-11,56,hunum,다음 漢字의 訓과 音을 쓰세요.,春,春,,봄 춘,봄 춘,
6급II,94,2021-09-11,57,hunum,다음 漢字의 訓과 音을 쓰세요.,分,分,,나눌 분,나눌 분,
6급II,94,2021-09-11,58,hunum,다음 漢字의 訓과 音을 쓰세요.,出,出,,날 출,날 출,
6급II,94,2021-09-11,59,hunum,다음 漢字의 訓과 音을 쓰세요.,利,利,,이할 리,이할 리,
6급II,94,2021-09-11,60,hunum,다음 漢字의 訓과 音을 쓰세요.,平,平,,평평할 평,평평할 평,
6급II,94,2021-09-11,61,hunum,다음 漢字의 訓과 音을 쓰세요.,短,短,,짧을 단,짧을 단,
6급II,94,2021-09-11,62,banui_select,다음 중 뜻이 서로 반대(또는 상대)되는 漢字끼리 연결되지 않은 것을 찾아 그 번호를 쓰세요.,,,"[""① 南 ↔ 北"", ""② 父 ↔ 母"", ""③ 內 ↔ 外"", ""④ 反 ↔ 省""]",④,反 ↔ 省,
6급II,94,2021-09-11,63,banui_select,다음 중 뜻이 서로 반대(또는 상대)되는 漢字끼리 연결되지 않은 것을 찾아 그 번호를 쓰세요.,,,"[""① 大 ↔ 小"", ""② 左 ↔ 右"", ""③ 先 ↔ 山"", ""④ 前 ↔ 後""]",③,先 ↔ 山,
6급II,94,2021-09-11,64,select_hanja,다음 문장에 어울리는 漢字語가 되도록 ( ) 안에 알맞은 漢字를 <보기>에서 찾아 그 번호를 쓰세요.,친구들과 약속 場( )를 정했습니다.,場(),"[""① 所"", ""② 火"", ""③ 面"", ""④ 體""]",①,所,
6급II,94,2021-09-11,65,select_hanja,다음 문장에 어울리는 漢字語가 되도록 ( ) 안에 알맞은 漢字를 <보기>에서 찾아 그 번호를 쓰세요.,身( )의 건강을 위해 매일 아침 운동을 합니다.,身(),"[""① 所"", ""② 火"", ""③ 面"", ""④ 體""]",④,體,
6급II,94,2021-09-11,66,mean_select,다음 뜻에 맞는 漢字語를 <보기>에서 찾아 그 번호를 쓰세요.,일이 되어가는 모양이나 경로.,,"[""① 天才"", ""② 重力"", ""③ 形便"", ""④ 方今"", ""⑤ 對答"", ""⑥ 市立""]",③,形便,
6급II,94,2021-09-11,67,mean_select,다음 뜻에 맞는 漢字語를 <보기>에서 찾아 그 번호를 쓰세요.,선천적으로 가진 뛰어난 재주.,,"[""① 天才"", ""② 重力"", ""③ 形便"", ""④ 方今"", ""⑤ 對答"", ""⑥ 市立""]",①,天才,
6급II,94,2021-09-11,68,hanjaeo_write,다음 밑줄 친 漢字語를 漢字로 쓰세요.,교장 선생님께서 상을 주셨습 니다.,교장,,校長,校長,
6급II,94,2021-09-11,69,hanjaeo_write,다음 밑줄 친 漢字語를 漢字로 쓰세요.,누나가 여군에 지원했습니다.,녀군,,女軍,女軍,
6급II,94,2021-09-11,70,hanjaeo_write,다음 밑줄 친 漢字語를 漢字로 쓰세요.,저는 형제가 없습니다.,형제,,兄弟,兄弟,
6급II,94,2021-09-11,71,hanjaeo_write,다음 밑줄 친 漢字語를 漢字로 쓰세요.,학생들이 교실에 앉아 있습니다.,교실,,敎室,敎室,
6급II,94,2021-09-11,72,hanjaeo_write,다음 밑줄 친 漢字語를 漢字로 쓰세요.,어릴 때는 삼촌과 같은 집에 살았습니다.,삼촌,,三寸,三寸,
6급II,94,2021-09-11,73,hanjaeo_write,다음 밑줄 친 漢字語를 漢字로 쓰세요.,오십 년 전 서울은 지금과 완 전 다른 모습이었습니다.,오십,,五十,五十,
6급II,94,2021-09-11,74,hanjaeo_write,다음 밑줄 친 漢字語를 漢字로 쓰세요.,비가 많이 와서 댐의 수문을 모두 열었습니다.,수문,,水門,水門,
6급II,94,2021-09-11,75,hanjaeo_write,다음 밑줄 친 漢字語를 漢字로 쓰세요.,청년 인구가 줄어들고 있습니다.,청년,,靑年,靑年,
6급II,94,2021-09-11,76,hanjaeo_write,다음 밑줄 친 漢字語를 漢字로 쓰세요.,동서를 가로지르는 도로가 생 겼습니다.,동서,,東西,東西,
6급II,94,2021-09-11,77,hanjaeo_write,다음 밑줄 친 漢字語를 漢字로 쓰세요.,제 생일은 칠월입니다.,칠월,,七月,七月,
6급II,94,2021-09-11,78,stroke,다음 漢字의 짙게 표시한 획은 몇 번째 쓰는 획인지 <보기>에서 찾아 그 번호를 쓰세요.,,,"[""① 첫 번째"", ""② 두 번째"", ""③ 세 번째"", ""④ 네 번째"", ""⑤ 다섯 번째"", ""⑥ 여섯 번째"", ""⑦ 일곱 번째"", ""⑧ 여덟 번째"", ""⑨ 아홉 번째"", ""⑩ 열 번째"", ""⑪ 열한 번째"", ""⑫ 열두 번째"", ""⑬ 열세 번째"", ""⑭ 열네 번째""]",⑦,일곱 번째,exam-strokes/stroke_6ii_94_78.png
6급II,94,2021-09-11,79,stroke,다음 漢字의 짙게 표시한 획은 몇 번째 쓰는 획인지 <보기>에서 찾아 그 번호를 쓰세요.,,,"[""① 첫 번째"", ""② 두 번째"", ""③ 세 번째"", ""④ 네 번째"", ""⑤ 다섯 번째"", ""⑥ 여섯 번째"", ""⑦ 일곱 번째"", ""⑧ 여덟 번째"", ""⑨ 아홉 번째"", ""⑩ 열 번째"", ""⑪ 열한 번째"", ""⑫ 열두 번째"", ""⑬ 열세 번째"", ""⑭ 열네 번째""]",⑤,다섯 번째,exam-strokes/stroke_6ii_94_79.png
6급II,94,2021-09-11,80,stroke,다음 漢字의 짙게 표시한 획은 몇 번째 쓰는 획인지 <보기>에서 찾아 그 번호를 쓰세요.,,,"[""① 첫 번째"", ""② 두 번째"", ""③ 세 번째"", ""④ 네 번째"", ""⑤ 다섯 번째"", ""⑥ 여섯 번째"", ""⑦ 일곱 번째"", ""⑧ 여덟 번째"", ""⑨ 아홉 번째"", ""⑩ 열 번째"", ""⑪ 열한 번째"", ""⑫ 열두 번째"", ""⑬ 열세 번째"", ""⑭ 열네 번째""]",⑥,여섯 번째,exam-strokes/stroke_6ii_94_80.png
6급II,95,2021-11-20,1,dokum,다음 밑줄 친 漢字語의 讀音을 쓰세요.,친환경 농법은 農藥 사용량을 많이 줄일 수 있습니다.,農藥,,농약,농약,
6급II,95,2021-11-20,2,dokum,다음 밑줄 친 漢字語의 讀音을 쓰세요.,산업의 발전이 환경 파괴의 名分 이 될 수는 없습니다.,名分,,명분,명분,
6급II,95,2021-11-20,3,dokum,다음 밑줄 친 漢字語의 讀音을 쓰세요.,에디슨은 電球를 발명했습니다.,電球,,전구,전구,
6급II,95,2021-11-20,4,dokum,다음 밑줄 친 漢字語의 讀音을 쓰세요.,풍차는 바람을 利用하여 돌립니다.,利用,,이용,이용,
6급II,95,2021-11-20,5,dokum,다음 밑줄 친 漢字語의 讀音을 쓰세요.,언니는 매운 飮食을 좋아합니다.,飮食,,음식,음식,
6급II,95,2021-11-20,6,dokum,다음 밑줄 친 漢字語의 讀音을 쓰세요.,그의 특이한 행동이 우리 사이 에 話題가 되었습니다.,話題,,화제,화제,
6급II,95,2021-11-20,7,dokum,다음 밑줄 친 漢字語의 讀音을 쓰세요.,어려울 때 서로 돕는 것이 친구 의 道理라고 생각합니다.,道理,,도리,도리,
6급II,95,2021-11-20,8,dokum,다음 밑줄 친 漢字語의 讀音을 쓰세요.,두 팀의 실력이 對等해서 결과 를 예측하기 어렵습니다.,對等,,대등,대등,
6급II,95,2021-11-20,9,dokum,다음 밑줄 친 漢字語의 讀音을 쓰세요.,나는 그 일을 거뜬히 해낼 自信 이 있습니다.,自信,,자신,자신,
6급II,95,2021-11-20,10,dokum,다음 밑줄 친 漢字語의 讀音을 쓰세요.,만수는 힘이 센 反面 동작은 무 척 굼뜬 편입니다.,反面,,반면,반면,
6급II,95,2021-11-20,11,dokum,다음 밑줄 친 漢字語의 讀音을 쓰세요.,白雪로 뒤덮인 산은 정말 아름 다웠습니다.,白雪,,백설,백설,
6급II,95,2021-11-20,12,dokum,다음 밑줄 친 漢字語의 讀音을 쓰세요.,바람의 힘으로도 전기 에너지를 生成합니다.,生成,,생성,생성,
6급II,95,2021-11-20,13,dokum,다음 밑줄 친 漢字語의 讀音을 쓰세요.,우리 시는 公共 도서관을 더 넓 힐 계획입니다.,公共,,공공,공공,
6급II,95,2021-11-20,14,dokum,다음 밑줄 친 漢字語의 讀音을 쓰세요.,가지各色의 불빛으로 서울의 밤 거리는 화려합니다.,各色,,각색,각색,
6급II,95,2021-11-20,15,dokum,다음 밑줄 친 漢字語의 讀音을 쓰세요.,내일부터 內部 수리 공사로 당 분간 휴업합니다.,內部,,내부,내부,
6급II,95,2021-11-20,16,dokum,다음 밑줄 친 漢字語의 讀音을 쓰세요.,감기 氣運이 있어서 모과차를 마셨습니다.,氣運,,기운,기운,
6급II,95,2021-11-20,17,dokum,다음 밑줄 친 漢字語의 讀音을 쓰세요.,교육 정책은 국가의 백년大計를 수립하는 일입니다.,大計,,대계,대계,
6급II,95,2021-11-20,18,dokum,다음 밑줄 친 漢字語의 讀音을 쓰세요.,모든 사람들의 시선이 그녀에게 集中했습니다.,集中,,집중,집중,
6급II,95,2021-11-20,19,dokum,다음 밑줄 친 漢字語의 讀音을 쓰세요.,행복한 家庭에는 항상 웃음꽃이 피어납니다.,家庭,,가정,가정,
6급II,95,2021-11-20,20,dokum,다음 밑줄 친 漢字語의 讀音을 쓰세요.,간호사가 每時마다 환자의 체온 을 확인하였습니다.,每時,,매시,매시,
6급II,95,2021-11-20,21,dokum,다음 밑줄 친 漢字語의 讀音을 쓰세요.,영희는 書圖에 모두 능통합니다.,書圖,,서도,서도,
6급II,95,2021-11-20,22,dokum,다음 밑줄 친 漢字語의 讀音을 쓰세요.,식재료는 원산지를 表記하도록 되어 있습니다.,表記,,표기,표기,
6급II,95,2021-11-20,23,dokum,다음 밑줄 친 漢字語의 讀音을 쓰세요.,전주는 예로부터 學術과 문화의 도시로 알려져 있습니다. 6級II *** 6級과6級Ⅱ는서로다른급수입니다. 반드시지원급수를다시확인하세요. *** 80 문항 / 50분 시험 / 시험일자 : 2021. 11. 20 * 성명을 쓰고 문제지와 답안지는 함께 제출하시오. 성명( ),學術,,학술,학술,
6급II,95,2021-11-20,24,dokum,다음 밑줄 친 漢字語의 讀音을 쓰세요.,선생님은 칠판에 커다란 三角形 을 그리셨습니다.,三角形,,삼각형,삼각형,
6급II,95,2021-11-20,25,dokum,다음 밑줄 친 漢字語의 讀音을 쓰세요.,비포장도로를 달리는 車體가 심 하게 흔들렸습니다.,車體,,차체,차체,
6급II,95,2021-11-20,26,dokum,다음 밑줄 친 漢字語의 讀音을 쓰세요.,공연은 저녁 7시에 始作합니다.,始作,,시작,시작,
6급II,95,2021-11-20,27,dokum,다음 밑줄 친 漢字語의 讀音을 쓰세요.,국회는 民意를 대표하는 기관입 니다.,民意,,민의,민의,
6급II,95,2021-11-20,28,dokum,다음 밑줄 친 漢字語의 讀音을 쓰세요.,흥겨운 風物놀이 소리에 어깨춤 이 절로 납니다.,風物,,풍물,풍물,
6급II,95,2021-11-20,29,dokum,다음 밑줄 친 漢字語의 讀音을 쓰세요.,태양은 어마어마한 에너지를 외 부로 放出합니다.,放出,,방출,방출,
6급II,95,2021-11-20,30,dokum,다음 밑줄 친 漢字語의 讀音을 쓰세요.,그는 5개국 말을 유창하게 하는 어학의 天才입니다.,天才,,천재,천재,
6급II,95,2021-11-20,31,dokum,다음 밑줄 친 漢字語의 讀音을 쓰세요.,장난기가 發動한 동생이 옆구리 를 콕콕 찌릅니다.,發動,,발동,발동,
6급II,95,2021-11-20,32,dokum,다음 밑줄 친 漢字語의 讀音을 쓰세요.,우리 팀 선수들은 경기 후반 들 어 공격에 注力했습니다.,注力,,주력,주력,
6급II,95,2021-11-20,33,hunum,다음 漢字의 訓과 音을 쓰세요.,堂,堂,,집 당,집 당,
6급II,95,2021-11-20,34,hunum,다음 漢字의 訓과 音을 쓰세요.,夫,夫,,지아비 부,지아비 부,
6급II,95,2021-11-20,35,hunum,다음 漢字의 訓과 音을 쓰세요.,新,新,,새 신,새 신,
6급II,95,2021-11-20,36,hunum,다음 漢字의 訓과 音을 쓰세요.,植,植,,심을 식,심을 식,
6급II,95,2021-11-20,37,hunum,다음 漢字의 訓과 音을 쓰세요.,線,線,,줄 선,줄 선,
6급II,95,2021-11-20,38,hunum,다음 漢字의 訓과 音을 쓰세요.,弱,弱,,약할 약,약할 약,
6급II,95,2021-11-20,39,hunum,다음 漢字의 訓과 音을 쓰세요.,草,草,,풀 초,풀 초,
6급II,95,2021-11-20,40,hunum,다음 漢字의 訓과 音을 쓰세요.,休,休,,쉴 휴,쉴 휴,
6급II,95,2021-11-20,41,hunum,다음 漢字의 訓과 音을 쓰세요.,淸,淸,,맑을 청,맑을 청,
6급II,95,2021-11-20,42,hunum,다음 漢字의 訓과 音을 쓰세요.,里,里,,마을 리,마을 리,
6급II,95,2021-11-20,43,hunum,다음 漢字의 訓과 音을 쓰세요.,社,社,,모일 사,모일 사,
6급II,95,2021-11-20,44,hunum,다음 漢字의 訓과 音을 쓰세요.,林,林,,수풀 림,수풀 림,
6급II,95,2021-11-20,45,hunum,다음 漢字의 訓과 音을 쓰세요.,育,育,,기를 육,기를 육,
6급II,95,2021-11-20,46,hunum,다음 漢字의 訓과 音을 쓰세요.,勇,勇,,날랠 용,날랠 용,
6급II,95,2021-11-20,47,hunum,다음 漢字의 訓과 音을 쓰세요.,前,前,,앞 전,앞 전,
6급II,95,2021-11-20,48,hunum,다음 漢字의 訓과 音을 쓰세요.,幸,幸,,다행 행,다행 행,
6급II,95,2021-11-20,49,hunum,다음 漢字의 訓과 音을 쓰세요.,夕,夕,,저녁 석,저녁 석,
6급II,95,2021-11-20,50,hunum,다음 漢字의 訓과 音을 쓰세요.,消,消,,사라질 소,사라질 소,
6급II,95,2021-11-20,51,hunum,다음 漢字의 訓과 音을 쓰세요.,住,住,,살 주,살 주,
6급II,95,2021-11-20,52,hunum,다음 漢字의 訓과 音을 쓰세요.,科,科,,과목 과,과목 과,
6급II,95,2021-11-20,53,hunum,다음 漢字의 訓과 音을 쓰세요.,第,第,,차례 제,차례 제,
6급II,95,2021-11-20,54,hunum,다음 漢字의 訓과 音을 쓰세요.,急,急,,급할 급,급할 급,
6급II,95,2021-11-20,55,hunum,다음 漢字의 訓과 音을 쓰세요.,班,班,,나눌 반,나눌 반,
6급II,95,2021-11-20,56,hunum,다음 漢字의 訓과 音을 쓰세요.,算,算,,셈 산,셈 산,
6급II,95,2021-11-20,57,hunum,다음 漢字의 訓과 音을 쓰세요.,窓,窓,,창 창,창 창,
6급II,95,2021-11-20,58,hunum,다음 漢字의 訓과 音을 쓰세요.,冬,冬,,겨울 동,겨울 동,
6급II,95,2021-11-20,59,hunum,다음 漢字의 訓과 音을 쓰세요.,省,省,,살필 성 | 덜 생,살필 성 | 덜 생,
6급II,95,2021-11-20,60,hunum,다음 漢字의 訓과 音을 쓰세요.,功,功,,공[勳] 공,공[勳] 공,
6급II,95,2021-11-20,61,hunum,다음 漢字의 訓과 音을 쓰세요.,樂,樂,,즐길 락 | 노래 악 | 좋아할 요,즐길 락 | 노래 악 | 좋아할 요,
6급II,95,2021-11-20,62,banui_select,다음 중 뜻이 서로 반대(또는 상대)되는 漢字끼리 연결되지 않은 것을 찾아 그 번호를 쓰세요.,,,"[""① 後 ↔ 先"", ""② 心 ↔ 身"", ""③ 高 ↔ 下"", ""④ 明 ↔ 光""]",④,明 ↔ 光,
6급II,95,2021-11-20,63,banui_select,다음 중 뜻이 서로 반대(또는 상대)되는 漢字끼리 연결되지 않은 것을 찾아 그 번호를 쓰세요.,,,"[""① 昨 ↔ 今"", ""② 和 ↔ 戰"", ""③ 事 ↔ 業"", ""④ 短 ↔ 長""]",③,事 ↔ 業,
6급II,95,2021-11-20,64,select_hanja,다음 문장에 어울리는 漢字語가 되도록 ( ) 안에 알맞은 漢字를 <보기>에서 찾아 그 번호를 쓰세요.,젊은 ( )代들은 개성이 제각각 뚜렷합니다.,()代,"[""① 安"", ""② 世"", ""③ 來"", ""④ 界""]",②,世,
6급II,95,2021-11-20,65,select_hanja,다음 문장에 어울리는 漢字語가 되도록 ( ) 안에 알맞은 漢字를 <보기>에서 찾아 그 번호를 쓰세요.,한적한 시골길을 걸으니 마음이 便( )해집니다.,便(),"[""① 安"", ""② 世"", ""③ 來"", ""④ 界""]",①,安,
6급II,95,2021-11-20,66,mean_select,다음 뜻에 맞는 漢字語를 <보기>에서 찾아 그 번호를 쓰세요.,겉으로 나타남.,,"[""① 外現"", ""② 果然"", ""③ 童子"", ""④ 所聞"", ""⑤ 半旗"", ""⑥ 地神""]",①,外現,
6급II,95,2021-11-20,67,mean_select,다음 뜻에 맞는 漢字語를 <보기>에서 찾아 그 번호를 쓰세요.,땅을 다스리는 신령.,,"[""① 外現"", ""② 果然"", ""③ 童子"", ""④ 所聞"", ""⑤ 半旗"", ""⑥ 地神""]",⑥,地神,
6급II,95,2021-11-20,68,hanjaeo_write,다음 밑줄 친 漢字語를 漢字로 쓰세요.,학생들이 교문 밖으로 와르르 쏟아져 나옵니다.,교문,,校門,校門,
6급II,95,2021-11-20,69,hanjaeo_write,다음 밑줄 친 漢字語를 漢字로 쓰세요.,태풍이 오기 전에 만일의 사고 에 대비하십시오.,만일,,萬一,萬一,
6급II,95,2021-11-20,70,hanjaeo_write,다음 밑줄 친 漢字語를 漢字로 쓰세요.,내 고향은 인심 좋고 산수가 아름다운 곳입니다.,산수,,山水,山水,
6급II,95,2021-11-20,71,hanjaeo_write,다음 밑줄 친 漢字語를 漢字로 쓰세요.,부모는 항상 자식이 행복하기 를 바랍니다.,부모,,父母,父母,
6급II,95,2021-11-20,72,hanjaeo_write,다음 밑줄 친 漢字語를 漢字로 쓰세요.,바람이 남동쪽에서 불어옵니다.,남동,,南東,南東,
6급II,95,2021-11-20,73,hanjaeo_write,다음 밑줄 친 漢字語를 漢字로 쓰세요.,마을 청년들이 팔씨름 대회를 열었습니다.,청년,,靑年,靑年,
6급II,95,2021-11-20,74,hanjaeo_write,다음 밑줄 친 漢字語를 漢字로 쓰세요.,저는 다섯 형제 중의 막내입니 다.,형제,,兄弟,兄弟,
6급II,95,2021-11-20,75,hanjaeo_write,다음 밑줄 친 漢字語를 漢字로 쓰세요.,영수는 나의 오촌 조카입니다.,오촌,,五寸,五寸,
6급II,95,2021-11-20,76,hanjaeo_write,다음 밑줄 친 漢字語를 漢字로 쓰세요.,진달래는 봄의 여왕입니다.,여왕,,女王,女王,
6급II,95,2021-11-20,77,hanjaeo_write,다음 밑줄 친 漢字語를 漢字로 쓰세요.,군악대의 연주에 맞춰 군인들 이 행진을 했습니다.,군인,,軍人,軍人,
6급II,95,2021-11-20,78,stroke,다음 漢字의 짙게 표시한 획은 몇 번째 쓰는 획인지 <보기>에서 찾아 그 번호를 쓰세요.,,,"[""① 첫 번째"", ""② 두 번째"", ""③ 세 번째"", ""④ 네 번째"", ""⑤ 다섯 번째"", ""⑥ 여섯 번째"", ""⑦ 일곱 번째"", ""⑧ 여덟 번째"", ""⑨ 아홉 번째"", ""⑩ 열 번째""]",⑦,일곱 번째,exam-strokes/stroke_6ii_95_78.png
6급II,95,2021-11-20,79,stroke,다음 漢字의 짙게 표시한 획은 몇 번째 쓰는 획인지 <보기>에서 찾아 그 번호를 쓰세요.,,,"[""① 첫 번째"", ""② 두 번째"", ""③ 세 번째"", ""④ 네 번째"", ""⑤ 다섯 번째"", ""⑥ 여섯 번째"", ""⑦ 일곱 번째"", ""⑧ 여덟 번째"", ""⑨ 아홉 번째"", ""⑩ 열 번째""]",⑥,여섯 번째,exam-strokes/stroke_6ii_95_79.png
6급II,95,2021-11-20,80,stroke,다음 漢字의 짙게 표시한 획은 몇 번째 쓰는 획인지 <보기>에서 찾아 그 번호를 쓰세요.,,,"[""① 첫 번째"", ""② 두 번째"", ""③ 세 번째"", ""④ 네 번째"", ""⑤ 다섯 번째"", ""⑥ 여섯 번째"", ""⑦ 일곱 번째"", ""⑧ 여덟 번째"", ""⑨ 아홉 번째"", ""⑩ 열 번째""]",⑥,여섯 번째,exam-strokes/stroke_6ii_95_80.png
6급II,96,2022-02-26,1,dokum,다음 밑줄 친 漢字語의 讀音을 쓰세요.,요즘은 地圖보다 네비게이션을 더 많이 이용합니다.,地圖,,지도,지도,
6급II,96,2022-02-26,2,dokum,다음 밑줄 친 漢字語의 讀音을 쓰세요.,우리 집은 市場이 가까워서 아 주 편리합니다.,市場,,시장,시장,
6급II,96,2022-02-26,3,dokum,다음 밑줄 친 漢字語의 讀音을 쓰세요.,병원에 갔더니 白紙에 주소를 쓰라고 했습니다.,白紙,,백지,백지,
6급II,96,2022-02-26,4,dokum,다음 밑줄 친 漢字語의 讀音을 쓰세요.,공연이 始作되면 사진 촬영을 할 수 없습니다.,始作,,시작,시작,
6급II,96,2022-02-26,5,dokum,다음 밑줄 친 漢字語의 讀音을 쓰세요.,아파트 내에 주민 公用 공간이 많으면 좋겠습니다.,公用,,공용,공용,
6급II,96,2022-02-26,6,dokum,다음 밑줄 친 漢字語의 讀音을 쓰세요.,투표 결과는 集計 후 바로 발표 합니다.,集計,,집계,집계,
6급II,96,2022-02-26,7,dokum,다음 밑줄 친 漢字語의 讀音을 쓰세요.,회사 건물 앞 左右에 큰 조각상 이 있습니다.,左右,,좌우,좌우,
6급II,96,2022-02-26,8,dokum,다음 밑줄 친 漢字語의 讀音을 쓰세요.,이번 수능 問題는 대체로 평이 하게 출제되었습니다.,問題,,문제,문제,
6급II,96,2022-02-26,9,dokum,다음 밑줄 친 漢字語의 讀音을 쓰세요.,휴대폰 배터리가 放電되어 연락 을 할 수가 없었습니다.,放電,,방전,방전,
6급II,96,2022-02-26,10,dokum,다음 밑줄 친 漢字語의 讀音을 쓰세요.,각 지역의 飮食은 그 지역만의 특징이 있습니다.,飮食,,음식,음식,
6급II,96,2022-02-26,11,dokum,다음 밑줄 친 漢字語의 讀音을 쓰세요.,부모님은 運命처럼 만나셨다고 하셨습니다.,運命,,운명,운명,
6급II,96,2022-02-26,12,dokum,다음 밑줄 친 漢字語의 讀音을 쓰세요.,호텔에서 묵는 代身 한옥 게스 트하우스를 예약했습니다.,代身,,대신,대신,
6급II,96,2022-02-26,13,dokum,다음 밑줄 친 漢字語의 讀音을 쓰세요.,心弱한 사람은 공포 영화를 보 지 않는 것이 좋습니다.,心弱,,심약,심약,
6급II,96,2022-02-26,14,dokum,다음 밑줄 친 漢字語의 讀音을 쓰세요.,합격 발표 전날은 不安해서 잠 을 잘 수가 없었습니다.,不安,,불안,불안,
6급II,96,2022-02-26,15,dokum,다음 밑줄 친 漢字語의 讀音을 쓰세요.,우리 축구팀은 새로운 戰術로 상대팀을 크게 이겼습니다.,戰術,,전술,전술,
6급II,96,2022-02-26,16,dokum,다음 밑줄 친 漢字語의 讀音을 쓰세요.,算數를 잘하면 복잡한 계산도 금방 할 수 있습니다.,算數,,산수,산수,
6급II,96,2022-02-26,17,dokum,다음 밑줄 친 漢字語의 讀音을 쓰세요.,나이가 들면 事物을 바라보는 관점이 변하기 마련입니다.,事物,,사물,사물,
6급II,96,2022-02-26,18,dokum,다음 밑줄 친 漢字語의 讀音을 쓰세요.,좋은 경제 습관을 만들기 위해 每日 지출을 메모합니다.,每日,,매일,매일,
6급II,96,2022-02-26,19,dokum,다음 밑줄 친 漢字語의 讀音을 쓰세요.,그 학생들은 무엇을 反省해야 하는지 모르는 것 같았습니다.,反省,,반성,반성,
6급II,96,2022-02-26,20,dokum,다음 밑줄 친 漢字語의 讀音을 쓰세요.,각자 서로의 道理를 다하면 화 목한 가정이 될 것입니다.,道理,,도리,도리,
6급II,96,2022-02-26,21,dokum,다음 밑줄 친 漢字語의 讀音을 쓰세요.,"국가 간 외교의 기본은 양국이 對等하다는 것입니다. 6級II *** 6級과6級Ⅱ는서로다른급수입니다. 반드시지원급수를다시확인하세요. *** 80 문항 / 50분 시험 / 시험일자 : 2022. 02. 26. * 성명과 수험번호를 쓰고 문제지와 답안지는 함께 제출하세요. 성명( ), 수험번호□□□-□□-□□□□",對等,,대등,대등,
6급II,96,2022-02-26,22,dokum,다음 밑줄 친 漢字語의 讀音을 쓰세요.,어머니께서는 同窓 모임에 나 가셨습니다.,同窓,,동창,동창,
6급II,96,2022-02-26,23,dokum,다음 밑줄 친 漢字語의 讀音을 쓰세요.,환경 보호에 대한 各界의 관심 과 실천이 필요합니다.,各界,,각계,각계,
6급II,96,2022-02-26,24,dokum,다음 밑줄 친 漢字語의 讀音을 쓰세요.,그는 歌手이면서 배우로도 활 동하고 있습니다.,歌手,,가수,가수,
6급II,96,2022-02-26,25,dokum,다음 밑줄 친 漢字語의 讀音을 쓰세요.,童話를 뮤지컬로 만들었습니다.,童話,,동화,동화,
6급II,96,2022-02-26,26,dokum,다음 밑줄 친 漢字語의 讀音을 쓰세요.,지구촌의 平和를 지켜야 합니 다.,平和,,평화,평화,
6급II,96,2022-02-26,27,dokum,다음 밑줄 친 漢字語의 讀音을 쓰세요.,경기가 종료되기 直前에 우리 팀이 한 골을 더 넣었습니다.,直前,,직전,직전,
6급II,96,2022-02-26,28,dokum,다음 밑줄 친 漢字語의 讀音을 쓰세요.,웹 소설이라는 새로운 장르가 出現했습니다.,出現,,출현,출현,
6급II,96,2022-02-26,29,dokum,다음 밑줄 친 漢字語의 讀音을 쓰세요.,하늘이 맑아서 달의 表面까지 잘 보입니다.,表面,,표면,표면,
6급II,96,2022-02-26,30,dokum,다음 밑줄 친 漢字語의 讀音을 쓰세요.,새로 산 핸드폰은 화면이 커서 문서 작업을 하기 便利합니다.,便利,,편리,편리,
6급II,96,2022-02-26,31,dokum,다음 밑줄 친 漢字語의 讀音을 쓰세요.,풍선에 공기를 注入할 때 압력 을 잘 조절해야 합니다.,注入,,주입,주입,
6급II,96,2022-02-26,32,dokum,다음 밑줄 친 漢字語의 讀音을 쓰세요.,時空을 초월한 두 사람의 사랑 이야기가 영화로 제작되었습니 다.,時空,,시공,시공,
6급II,96,2022-02-26,33,hunum,다음 漢字의 訓과 音을 쓰세요.,土,土,,흙 토,흙 토,
6급II,96,2022-02-26,34,hunum,다음 漢字의 訓과 音을 쓰세요.,新,新,,새 신,새 신,
6급II,96,2022-02-26,35,hunum,다음 漢字의 訓과 音을 쓰세요.,才,才,,재주 재,재주 재,
6급II,96,2022-02-26,36,hunum,다음 漢字의 訓과 音을 쓰세요.,兄,兄,,형 형,형 형,
6급II,96,2022-02-26,37,hunum,다음 漢字의 訓과 音을 쓰세요.,淸,淸,,맑을 청,맑을 청,
6급II,96,2022-02-26,38,hunum,다음 漢字의 訓과 音을 쓰세요.,共,共,,한가지 공,한가지 공,
6급II,96,2022-02-26,39,hunum,다음 漢字의 訓과 音을 쓰세요.,功,功,,공 공,공 공,
6급II,96,2022-02-26,40,hunum,다음 漢字의 訓과 音을 쓰세요.,果,果,,실과 과,실과 과,
6급II,96,2022-02-26,41,hunum,다음 漢字의 訓과 音을 쓰세요.,體,體,,몸 체,몸 체,
6급II,96,2022-02-26,42,hunum,다음 漢字의 訓과 音을 쓰세요.,明,明,,밝을 명,밝을 명,
6급II,96,2022-02-26,43,hunum,다음 漢字의 訓과 音을 쓰세요.,七,七,,일곱 칠,일곱 칠,
6급II,96,2022-02-26,44,hunum,다음 漢字의 訓과 音을 쓰세요.,班,班,,나눌 반,나눌 반,
6급II,96,2022-02-26,45,hunum,다음 漢字의 訓과 音을 쓰세요.,科,科,,과목 과,과목 과,
6급II,96,2022-02-26,46,hunum,다음 漢字의 訓과 音을 쓰세요.,角,角,,뿔 각,뿔 각,
6급II,96,2022-02-26,47,hunum,다음 漢字의 訓과 音을 쓰세요.,光,光,,빛 광,빛 광,
6급II,96,2022-02-26,48,hunum,다음 漢字의 訓과 音을 쓰세요.,冬,冬,,겨울 동,겨울 동,
6급II,96,2022-02-26,49,hunum,다음 漢字의 訓과 音을 쓰세요.,球,球,,공 구,공 구,
6급II,96,2022-02-26,50,hunum,다음 漢字의 訓과 音을 쓰세요.,雪,雪,,눈 설,눈 설,
6급II,96,2022-02-26,51,hunum,다음 漢字의 訓과 音을 쓰세요.,短,短,,짧을 단,짧을 단,
6급II,96,2022-02-26,52,hunum,다음 漢字의 訓과 音을 쓰세요.,線,線,,줄 선,줄 선,
6급II,96,2022-02-26,53,hunum,다음 漢字의 訓과 音을 쓰세요.,發,發,,필 발,필 발,
6급II,96,2022-02-26,54,hunum,다음 漢字의 訓과 音을 쓰세요.,部,部,,떼 부,떼 부,
6급II,96,2022-02-26,55,hunum,다음 漢字의 訓과 音을 쓰세요.,分,分,,나눌 분,나눌 분,
6급II,96,2022-02-26,56,hunum,다음 漢字의 訓과 音을 쓰세요.,社,社,,모일 사,모일 사,
6급II,96,2022-02-26,57,hunum,다음 漢字의 訓과 音을 쓰세요.,神,神,,귀신 신,귀신 신,
6급II,96,2022-02-26,58,hunum,다음 漢字의 訓과 音을 쓰세요.,業,業,,업 업,업 업,
6급II,96,2022-02-26,59,hunum,다음 漢字의 訓과 音을 쓰세요.,勇,勇,,날랠 용,날랠 용,
6급II,96,2022-02-26,60,hunum,다음 漢字의 訓과 音을 쓰세요.,老,老,,늙을 로,늙을 로,
6급II,96,2022-02-26,61,hunum,다음 漢字의 訓과 音을 쓰세요.,半,半,,반 반,반 반,
6급II,96,2022-02-26,62,banui_select,다음 중 뜻이 서로 반대(또는 상대)되는 漢字끼리 연결되지 않은 것을 찾아 그 번호를 쓰세요.,,,"[""① 先 ↔ 後"", ""② 火 ↔ 水"", ""③ 大 ↔ 小"", ""④ 木 ↔ 金""]",④,木 ↔ 金,
6급II,96,2022-02-26,63,banui_select,다음 중 뜻이 서로 반대(또는 상대)되는 漢字끼리 연결되지 않은 것을 찾아 그 번호를 쓰세요.,,,"[""① 洞 ↔ 里"", ""② 江 ↔ 山"", ""③ 高 ↔ 下"", ""④ 昨 ↔ 今""]",①,洞 ↔ 里,
6급II,96,2022-02-26,64,select_hanja,다음 문장에 어울리는 漢字語가 되도록 ( ) 안에 알맞은 漢字를 <보기>에서 찾아 그 번호를 쓰세요.,정치인은 국민의 ( )中을 잘 파악해야 합니다.,()中,"[""① 意"", ""② 車"", ""③ 藥"", ""④ 風""]",①,意,
6급II,96,2022-02-26,65,select_hanja,다음 문장에 어울리는 漢字語가 되도록 ( ) 안에 알맞은 漢字를 <보기>에서 찾아 그 번호를 쓰세요.,날씨가 따뜻해 야외로 消( )을 가고 싶습니다.,消(),"[""① 意"", ""② 車"", ""③ 藥"", ""④ 風""]",④,風,
6급II,96,2022-02-26,66,mean_select,다음 뜻에 맞는 漢字語를 <보기>에서 찾아 그 번호를 쓰세요.,꽃이 피는 풀과 나무.,,"[""① 書信"", ""② 海上"", ""③ 花草"", ""④ 育成"", ""⑤ 天然"", ""⑥ 所聞""]",③,花草,
6급II,96,2022-02-26,67,mean_select,다음 뜻에 맞는 漢字語를 <보기>에서 찾아 그 번호를 쓰세요.,사람의 힘을 가하지 않은 상태.,,"[""① 書信"", ""② 海上"", ""③ 花草"", ""④ 育成"", ""⑤ 天然"", ""⑥ 所聞""]",⑤,天然,
6급II,96,2022-02-26,68,hanjaeo_write,다음 밑줄 친 漢字語를 漢字로 쓰세요.,집을 떠난 지 오래되어 부모님 이 많이 그립습니다.,부모,,父母,父母,
6급II,96,2022-02-26,69,hanjaeo_write,다음 밑줄 친 漢字語를 漢字로 쓰세요.,아이들의 웃음소리가 교실 밖 까지 흘러나왔습니다.,교실,,敎室,敎室,
6급II,96,2022-02-26,70,hanjaeo_write,다음 밑줄 친 漢字語를 漢字로 쓰세요.,우리 할아버지는 팔십 세인데 도 힘이 세십니다.,팔십,,八十,八十,
6급II,96,2022-02-26,71,hanjaeo_write,다음 밑줄 친 漢字語를 漢字로 쓰세요.,정부는 남북 관계 개선을 위해 노력하고 있습니다.,남북,,南北,南北,
6급II,96,2022-02-26,72,hanjaeo_write,다음 밑줄 친 漢字語를 漢字로 쓰세요.,새로운 취미 활동에 도전하는 장년들이 많습니다.,장년,,長年,長年,
6급II,96,2022-02-26,73,hanjaeo_write,다음 밑줄 친 漢字語를 漢字로 쓰세요.,영국 여왕의 방한으로 한국과 영국의 경제 협력이 활발해졌 습니다.,여왕,,女王,女王,
6급II,96,2022-02-26,74,hanjaeo_write,다음 밑줄 친 漢字語를 漢字로 쓰세요.,이번 운동회에서는 청군이 크 게 이겼습니다.,청군,,靑軍,靑軍,
6급II,96,2022-02-26,75,hanjaeo_write,다음 밑줄 친 漢字語를 漢字로 쓰세요.,퇴직 이후 인생을 새롭게 설계 하는 사람이 늘었습니다.,인생,,人生,人生,
6급II,96,2022-02-26,76,hanjaeo_write,다음 밑줄 친 漢字語를 漢字로 쓰세요.,개교 100주년을 맞이하여 교문 을 새롭게 만들었습니다.,교문,,校門,校門,
6급II,96,2022-02-26,77,hanjaeo_write,다음 밑줄 친 漢字語를 漢字로 쓰세요.,한 분야의 고수가 되기 위해서 는 일만 시간은 투자해야 합니 다.,일만,,一萬,一萬,
6급II,96,2022-02-26,78,stroke,다음 漢字의 짙게 표시한 획은 몇 번째 쓰는 획인지 <보기>에서 찾아 그 번호를 쓰세요.,,,"[""① 첫 번째"", ""② 두 번째"", ""③ 세 번째"", ""④ 네 번째"", ""⑤ 다섯 번째"", ""⑥ 여섯 번째"", ""⑦ 일곱 번째"", ""⑧ 여덟 번째"", ""⑨ 아홉 번째"", ""⑩ 열 번째"", ""⑪ 열한 번째"", ""⑫ 열두 번째"", ""⑬ 열세 번째""]",⑤,다섯 번째,exam-strokes/stroke_6ii_96_78.png
6급II,96,2022-02-26,79,stroke,다음 漢字의 짙게 표시한 획은 몇 번째 쓰는 획인지 <보기>에서 찾아 그 번호를 쓰세요.,,,"[""① 첫 번째"", ""② 두 번째"", ""③ 세 번째"", ""④ 네 번째"", ""⑤ 다섯 번째"", ""⑥ 여섯 번째"", ""⑦ 일곱 번째"", ""⑧ 여덟 번째"", ""⑨ 아홉 번째"", ""⑩ 열 번째"", ""⑪ 열한 번째"", ""⑫ 열두 번째"", ""⑬ 열세 번째""]",⑨,아홉 번째,exam-strokes/stroke_6ii_96_79.png
6급II,96,2022-02-26,80,stroke,다음 漢字의 짙게 표시한 획은 몇 번째 쓰는 획인지 <보기>에서 찾아 그 번호를 쓰세요.,,,"[""① 첫 번째"", ""② 두 번째"", ""③ 세 번째"", ""④ 네 번째"", ""⑤ 다섯 번째"", ""⑥ 여섯 번째"", ""⑦ 일곱 번째"", ""⑧ 여덟 번째"", ""⑨ 아홉 번째"", ""⑩ 열 번째"", ""⑪ 열한 번째"", ""⑫ 열두 번째"", ""⑬ 열세 번째""]",④,네 번째,exam-strokes/stroke_6ii_96_80.png
6급II,97,2022-05-28,1,dokum,다음 밑줄 친 漢字語의 讀音을 쓰세요.,新聞에서 새 소식을 알게 되었 습니다.,新聞,,신문,신문,
6급II,97,2022-05-28,2,dokum,다음 밑줄 친 漢字語의 讀音을 쓰세요.,그는 理科를 지망하였습니다.,理科,,이과,이과,
6급II,97,2022-05-28,3,dokum,다음 밑줄 친 漢字語의 讀音을 쓰세요.,집에 있는 花草에 물을 주었습 니다.,花草,,화초,화초,
6급II,97,2022-05-28,4,dokum,다음 밑줄 친 漢字語의 讀音을 쓰세요.,飮食 쓰레기는 따로 버립시다.,飮食,,음식,음식,
6급II,97,2022-05-28,5,dokum,다음 밑줄 친 漢字語의 讀音을 쓰세요.,새는 空中을 날아다닙니다.,空中,,공중,공중,
6급II,97,2022-05-28,6,dokum,다음 밑줄 친 漢字語의 讀音을 쓰세요.,김연아 선수는 피겨 世界 챔피 언입니다.,世界,,세계,세계,
6급II,97,2022-05-28,7,dokum,다음 밑줄 친 漢字語의 讀音을 쓰세요.,학교에서 집으로 出發하였습니다.,出發,,출발,출발,
6급II,97,2022-05-28,8,dokum,다음 밑줄 친 漢字語의 讀音을 쓰세요.,삼촌은 무역을 해서 크게 成功 하였습니다.,成功,,성공,성공,
6급II,97,2022-05-28,9,dokum,다음 밑줄 친 漢字語의 讀音을 쓰세요.,행복한 家庭에는 항상 웃음꽃이 피어납니다.,家庭,,가정,가정,
6급II,97,2022-05-28,10,dokum,다음 밑줄 친 漢字語의 讀音을 쓰세요.,민수는 어제 다리를 手術하였습 니다.,手術,,수술,수술,
6급II,97,2022-05-28,11,dokum,다음 밑줄 친 漢字語의 讀音을 쓰세요.,민수와 성주는 초등학교 同窓입 니다.,同窓,,동창,동창,
6급II,97,2022-05-28,12,dokum,다음 밑줄 친 漢字語의 讀音을 쓰세요.,사각형과 원 같은 것을 圖形이 라고 부릅니다.,圖形,,도형,도형,
6급II,97,2022-05-28,13,dokum,다음 밑줄 친 漢字語의 讀音을 쓰세요.,전기가 흐르는 선을 電線이라고 합니다.,電線,,전선,전선,
6급II,97,2022-05-28,14,dokum,다음 밑줄 친 漢字語의 讀音을 쓰세요.,화장실을 깨끗이 利用합시다.,利用,,이용,이용,
6급II,97,2022-05-28,15,dokum,다음 밑줄 친 漢字語의 讀音을 쓰세요.,철수는 體育 시간에 칭찬을 받 았습니다.,體育,,체육,체육,
6급II,97,2022-05-28,16,dokum,다음 밑줄 친 漢字語의 讀音을 쓰세요.,注入식 교육은 좋은 방법이 아 닙니다.,注入,,주입,주입,
6급II,97,2022-05-28,17,dokum,다음 밑줄 친 漢字語의 讀音을 쓰세요.,左右를 둘러보아도 강아지가 보 이지 않았습니다.,左右,,좌우,좌우,
6급II,97,2022-05-28,18,dokum,다음 밑줄 친 漢字語의 讀音을 쓰세요.,各自 맡은 일에 충실 합시다.,各自,,각자,각자,
6급II,97,2022-05-28,19,dokum,다음 밑줄 친 漢字語의 讀音을 쓰세요.,옛날에는 農事가 제일 중요한 산업이었습니다.,農事,,농사,농사,
6급II,97,2022-05-28,20,dokum,다음 밑줄 친 漢字語의 讀音을 쓰세요.,처음 하는 일에는 勇氣가 필요 합니다.,勇氣,,용기,용기,
6급II,97,2022-05-28,21,dokum,다음 밑줄 친 漢字語의 讀音을 쓰세요.,住民들은 대부분 반대하였습니다.,住民,,주민,주민,
6급II,97,2022-05-28,22,dokum,다음 밑줄 친 漢字語의 讀音을 쓰세요.,우리와 反對되는 의견도 참고하 여야 합니다.,反對,,반대,반대,
6급II,97,2022-05-28,23,dokum,다음 밑줄 친 漢字語의 讀音을 쓰세요.,두 학급으로 分班하여 공부했습 니다.,分班,,분반,분반,
6급II,97,2022-05-28,24,dokum,다음 밑줄 친 漢字語의 讀音을 쓰세요.,친구들과 화단을 만드는 作業을 하였습니다. 6級II *** 6級과6級Ⅱ는서로다른급수입니다. 반드시지원급수를다시확인하세요. *** 80 문항 / 50분 시험 / 시험일자 : 2022. 05. 28. * 성명을 쓰고 문제지와 답안지는 함께 제출하시오. 성명( ),作業,,작업,작업,
6급II,97,2022-05-28,25,dokum,다음 밑줄 친 漢字語의 讀音을 쓰세요.,대통령은 우리나라를 代表하는 분입니다.,代表,,대표,대표,
6급II,97,2022-05-28,26,dokum,다음 밑줄 친 漢字語의 讀音을 쓰세요.,뛰어 노는 場所에서만 놀아야 안전합니다.,場所,,장소,장소,
6급II,97,2022-05-28,27,dokum,다음 밑줄 친 漢字語의 讀音을 쓰세요.,약속 時間을 어겨서는 안 됩니다.,時間,,시간,시간,
6급II,97,2022-05-28,28,dokum,다음 밑줄 친 漢字語의 讀音을 쓰세요.,영희는 특히 算數를 잘 합니다.,算數,,산수,산수,
6급II,97,2022-05-28,29,dokum,다음 밑줄 친 漢字語의 讀音을 쓰세요.,이 학생은 道內 시합에서 금상 을 수상했습니다.,道內,,도내,도내,
6급II,97,2022-05-28,30,dokum,다음 밑줄 친 漢字語의 讀音을 쓰세요.,명절에는 祖上의 산소를 찾아갑 니다.,祖上,,조상,조상,
6급II,97,2022-05-28,31,dokum,다음 밑줄 친 漢字語의 讀音을 쓰세요.,시험지에 姓名을 정확히 써야 합니다.,姓名,,성명,성명,
6급II,97,2022-05-28,32,dokum,다음 밑줄 친 漢字語의 讀音을 쓰세요.,모두가 사용하는 公共시설은 깨 끗하게 사용합니다.,公共,,공공,공공,
6급II,97,2022-05-28,33,hunum,다음 漢字의 訓과 音을 쓰세요.,明,明,,밝을 명,밝을 명,
6급II,97,2022-05-28,34,hunum,다음 漢字의 訓과 音을 쓰세요.,意,意,,뜻 의,뜻 의,
6급II,97,2022-05-28,35,hunum,다음 漢字의 訓과 音을 쓰세요.,現,現,,나타날 현,나타날 현,
6급II,97,2022-05-28,36,hunum,다음 漢字의 訓과 音을 쓰세요.,才,才,,재주 재,재주 재,
6급II,97,2022-05-28,37,hunum,다음 漢字의 訓과 音을 쓰세요.,省,省,,살필 성 | 덜 생,살필 성 | 덜 생,
6급II,97,2022-05-28,38,hunum,다음 漢字의 訓과 音을 쓰세요.,身,身,,몸 신,몸 신,
6급II,97,2022-05-28,39,hunum,다음 漢字의 訓과 音을 쓰세요.,昨,昨,,어제 작,어제 작,
6급II,97,2022-05-28,40,hunum,다음 漢字의 訓과 音을 쓰세요.,信,信,,믿을 신,믿을 신,
6급II,97,2022-05-28,41,hunum,다음 漢字의 訓과 音을 쓰세요.,活,活,,살 활,살 활,
6급II,97,2022-05-28,42,hunum,다음 漢字의 訓과 音을 쓰세요.,堂,堂,,집 당,집 당,
6급II,97,2022-05-28,43,hunum,다음 漢字의 訓과 音을 쓰세요.,角,角,,뿔 각,뿔 각,
6급II,97,2022-05-28,44,hunum,다음 漢字의 訓과 音을 쓰세요.,果,果,,실과 과,실과 과,
6급II,97,2022-05-28,45,hunum,다음 漢字의 訓과 音을 쓰세요.,集,集,,모을 집,모을 집,
6급II,97,2022-05-28,46,hunum,다음 漢字의 訓과 音을 쓰세요.,藥,藥,,약 약,약 약,
6급II,97,2022-05-28,47,hunum,다음 漢字의 訓과 音을 쓰세요.,始,始,,비로소 시,비로소 시,
6급II,97,2022-05-28,48,hunum,다음 漢字의 訓과 音을 쓰세요.,計,計,,셀 계,셀 계,
6급II,97,2022-05-28,49,hunum,다음 漢字의 訓과 音을 쓰세요.,今,今,,이제 금,이제 금,
6급II,97,2022-05-28,50,hunum,다음 漢字의 訓과 音을 쓰세요.,急,急,,급할 급,급할 급,
6급II,97,2022-05-28,51,hunum,다음 漢字의 訓과 音을 쓰세요.,消,消,,사라질 소,사라질 소,
6급II,97,2022-05-28,52,hunum,다음 漢字의 訓과 音을 쓰세요.,放,放,,놓을 방,놓을 방,
6급II,97,2022-05-28,53,hunum,다음 漢字의 訓과 音을 쓰세요.,神,神,,귀신 신,귀신 신,
6급II,97,2022-05-28,54,hunum,다음 漢字의 訓과 音을 쓰세요.,幸,幸,,다행 행,다행 행,
6급II,97,2022-05-28,55,hunum,다음 漢字의 訓과 音을 쓰세요.,風,風,,바람 풍,바람 풍,
6급II,97,2022-05-28,56,hunum,다음 漢字의 訓과 音을 쓰세요.,光,光,,빛 광,빛 광,
6급II,97,2022-05-28,57,hunum,다음 漢字의 訓과 音을 쓰세요.,社,社,,모일 사,모일 사,
6급II,97,2022-05-28,58,hunum,다음 漢字의 訓과 音을 쓰세요.,然,然,,그럴 연,그럴 연,
6급II,97,2022-05-28,59,hunum,다음 漢字의 訓과 音을 쓰세요.,淸,淸,,맑을 청,맑을 청,
6급II,97,2022-05-28,60,hunum,다음 漢字의 訓과 音을 쓰세요.,弱,弱,,약할 약,약할 약,
6급II,97,2022-05-28,61,hunum,다음 漢字의 訓과 音을 쓰세요.,樂,樂,,즐길 락 | 노래 악 | 좋아할 요,즐길 락 | 노래 악 | 좋아할 요,
6급II,97,2022-05-28,62,banui_select,다음 중 뜻이 서로 반대(또는 상대)되는 漢字끼리 연결되지 않은 것을 찾아 그 번호를 쓰세요.,,,"[""① 長 ↔ 短"", ""② 天 ↔ 地"", ""③ 洞 ↔ 里"", ""④ 先 ↔ 後""]",③,洞 ↔ 里,
6급II,97,2022-05-28,63,banui_select,다음 중 뜻이 서로 반대(또는 상대)되는 漢字끼리 연결되지 않은 것을 찾아 그 번호를 쓰세요.,,,"[""① 物 ↔ 心"", ""② 和 ↔ 戰"", ""③ 運 ↔ 動"", ""④ 敎 ↔ 學""]",③,運 ↔ 動,
6급II,97,2022-05-28,64,select_hanja,다음 문장에 어울리는 漢字語가 되도록 ( ) 안에 알맞은 漢字를 <보기>에서 찾아 그 번호를 쓰세요.,그는 비록 가난했지만 ( )直하고 바르게 살려고 노력했다.,()直,"[""① 正"", ""② 夫"", ""③ 高"", ""④ 安""]",①,正,
6급II,97,2022-05-28,65,select_hanja,다음 문장에 어울리는 漢字語가 되도록 ( ) 안에 알맞은 漢字를 <보기>에서 찾아 그 번호를 쓰세요.,한적한 시골길을 걸으니 마음이 便( )해집니다.,便(),"[""① 正"", ""② 夫"", ""③ 高"", ""④ 安""]",④,安,
6급II,97,2022-05-28,66,mean_select,다음 뜻에 맞는 漢字語를 <보기>에서 찾아 그 번호를 쓰세요.,차의 주인.,,"[""① 白雪"", ""② 等外"", ""③ 半球"", ""④ 北部"", ""⑤ 車主"", ""⑥ 童話""]",⑤,車主,
6급II,97,2022-05-28,67,mean_select,다음 뜻에 맞는 漢字語를 <보기>에서 찾아 그 번호를 쓰세요.,정해진 등급 안에 들지 못한 바깥.,,"[""① 白雪"", ""② 等外"", ""③ 半球"", ""④ 北部"", ""⑤ 車主"", ""⑥ 童話""]",②,等外,
6급II,97,2022-05-28,68,hanjaeo_write,다음 밑줄 친 漢字語를 漢字로 쓰세요.,부녀 사이가 아주 다정합니다.,부녀,,父女,父女,
6급II,97,2022-05-28,69,hanjaeo_write,다음 밑줄 친 漢字語를 漢字로 쓰세요.,군인은 나라를 지켜주는 사람 입니다.,군인,,軍人,軍人,
6급II,97,2022-05-28,70,hanjaeo_write,다음 밑줄 친 漢字語를 漢字로 쓰세요.,칠월에는 방학이 시작됩니다.,칠월,,七月,七月,
6급II,97,2022-05-28,71,hanjaeo_write,다음 밑줄 친 漢字語를 漢字로 쓰세요.,우리 집안은 사촌끼리도 자주 만납니다.,사촌,,四寸,四寸,
6급II,97,2022-05-28,72,hanjaeo_write,다음 밑줄 친 漢字語를 漢字로 쓰세요.,아일랜드의 화산에서 연기가 솟아나고 있습니다.,화산,,火山,火山,
6급II,97,2022-05-28,73,hanjaeo_write,다음 밑줄 친 漢字語를 漢字로 쓰세요.,십년에 한번 올까 말까한 기회 입니다.,십년,,十年,十年,
6급II,97,2022-05-28,74,hanjaeo_write,다음 밑줄 친 漢字語를 漢字로 쓰세요.,토목공사가 한창 벌어지고 있 었습니다.,토목,,土木,土木,
6급II,97,2022-05-28,75,hanjaeo_write,다음 밑줄 친 漢字語를 漢字로 쓰세요.,한강은 서울을 관통하여 동서 로 흐릅니다.,동서,,東西,東西,
6급II,97,2022-05-28,76,hanjaeo_write,다음 밑줄 친 漢字語를 漢字로 쓰세요.,옆 집 형제는 둘이서 싸우지 않고 참 잘 놉니다.,형제,,兄弟,兄弟,
6급II,97,2022-05-28,77,hanjaeo_write,다음 밑줄 친 漢字語를 漢字로 쓰세요.,우리나라에서는 보통 생일에 미역국을 먹습니다.,생일,,生日,生日,
6급II,97,2022-05-28,78,stroke,다음 漢字의 짙게 표시한 획은 몇 번째 쓰는 획인지 <보기>에서 찾아 그 번호를 쓰세요.,,,"[""① 첫 번째"", ""② 두 번째"", ""③ 세 번째"", ""④ 네 번째"", ""⑤ 다섯 번째"", ""⑥ 여섯 번째"", ""⑦ 일곱 번째"", ""⑧ 여덟 번째""]",⑦,일곱 번째,exam-strokes/stroke_6ii_97_78.png
6급II,97,2022-05-28,79,stroke,다음 漢字의 짙게 표시한 획은 몇 번째 쓰는 획인지 <보기>에서 찾아 그 번호를 쓰세요.,,,"[""① 첫 번째"", ""② 두 번째"", ""③ 세 번째"", ""④ 네 번째"", ""⑤ 다섯 번째"", ""⑥ 여섯 번째"", ""⑦ 일곱 번째"", ""⑧ 여덟 번째""]",⑧,여덟 번째,exam-strokes/stroke_6ii_97_79.png
6급II,97,2022-05-28,80,stroke,다음 漢字의 짙게 표시한 획은 몇 번째 쓰는 획인지 <보기>에서 찾아 그 번호를 쓰세요.,,,"[""① 첫 번째"", ""② 두 번째"", ""③ 세 번째"", ""④ 네 번째"", ""⑤ 다섯 번째"", ""⑥ 여섯 번째"", ""⑦ 일곱 번째"", ""⑧ 여덟 번째""]",①,첫 번째,exam-strokes/stroke_6ii_97_80.png
6급II,98,2022-08-27,1,dokum,다음 밑줄 친 漢字語의 讀音을 쓰세요.,학교 주변 車道에서는 속도를 낮추어야 합니다.,車道,,차도,차도,
6급II,98,2022-08-27,2,dokum,다음 밑줄 친 漢字語의 讀音을 쓰세요.,제 동생의 취미는 讀書입니다.,讀書,,독서,독서,
6급II,98,2022-08-27,3,dokum,다음 밑줄 친 漢字語의 讀音을 쓰세요.,요즘은 動物을 가족처럼 생각합 니다.,動物,,동물,동물,
6급II,98,2022-08-27,4,dokum,다음 밑줄 친 漢字語의 讀音을 쓰세요.,태양광을 이용한 電氣 생산이 늘고 있습니다.,電氣,,전기,전기,
6급II,98,2022-08-27,5,dokum,다음 밑줄 친 漢字語의 讀音을 쓰세요.,좋지 않은 所聞은 사실이 아닌 경우가 더 많습니다.,所聞,,소문,소문,
6급II,98,2022-08-27,6,dokum,다음 밑줄 친 漢字語의 讀音을 쓰세요.,통신의 발달로 世界는 점점 가 까워지고 있습니다.,世界,,세계,세계,
6급II,98,2022-08-27,7,dokum,다음 밑줄 친 漢字語의 讀音을 쓰세요.,제가 상을 받게 된 것은 幸運이 지 실력 때문이 아닙니다.,幸運,,행운,행운,
6급II,98,2022-08-27,8,dokum,다음 밑줄 친 漢字語의 讀音을 쓰세요.,저는 地圖를 잘 못 읽습니다.,地圖,,지도,지도,
6급II,98,2022-08-27,9,dokum,다음 밑줄 친 漢字語의 讀音을 쓰세요.,인류에게 平和보다 중요한 것은 없습니다.,平和,,평화,평화,
6급II,98,2022-08-27,10,dokum,다음 밑줄 친 漢字語의 讀音을 쓰세요.,노력하는 天才가 세상을 바꿉 니다.,天才,,천재,천재,
6급II,98,2022-08-27,11,dokum,다음 밑줄 친 漢字語의 讀音을 쓰세요.,환자에게는 心身의 안정이 필 요합니다.,心身,,심신,심신,
6급II,98,2022-08-27,12,dokum,다음 밑줄 친 漢字語의 讀音을 쓰세요.,자기 전에 하루를 反省하는 시 간을 갖습니다.,反省,,반성,반성,
6급II,98,2022-08-27,13,dokum,다음 밑줄 친 漢字語의 讀音을 쓰세요.,어릴 때부터 食事 예절을 가르 쳐야 합니다.,食事,,식사,식사,
6급II,98,2022-08-27,14,dokum,다음 밑줄 친 漢字語의 讀音을 쓰세요.,아버지는 花草를 정말 좋아하 십니다.,花草,,화초,화초,
6급II,98,2022-08-27,15,dokum,다음 밑줄 친 漢字語의 讀音을 쓰세요.,홈구장에서 경기를 하면 홈팀 에게 有利합니다.,有利,,유리,유리,
6급II,98,2022-08-27,16,dokum,다음 밑줄 친 漢字語의 讀音을 쓰세요.,유명한 現代 미술가의 작품들 을 한눈에 감상할 수 있습니다.,現代,,현대,현대,
6급II,98,2022-08-27,17,dokum,다음 밑줄 친 漢字語의 讀音을 쓰세요.,공부할 때는 集中하는 습관을 가져야 합니다.,集中,,집중,집중,
6급II,98,2022-08-27,18,dokum,다음 밑줄 친 漢字語의 讀音을 쓰세요.,제 꿈은 좋은 作家가 되는 것 입니다.,作家,,작가,작가,
6급II,98,2022-08-27,19,dokum,다음 밑줄 친 漢字語의 讀音을 쓰세요.,정부는 農業을 살리기 위해 노 력해야 합니다.,農業,,농업,농업,
6급II,98,2022-08-27,20,dokum,다음 밑줄 친 漢字語의 讀音을 쓰세요.,우리 교실에는 큰 窓門이 있습 니다.,窓門,,창문,창문,
6급II,98,2022-08-27,21,dokum,다음 밑줄 친 漢字語의 讀音을 쓰세요.,오랜만에 市場에 다녀왔습니다.,市場,,시장,시장,
6급II,98,2022-08-27,22,dokum,다음 밑줄 친 漢字語의 讀音을 쓰세요.,算數를 싫어했는데 선생님 덕 분에 좋아하게 되었습니다.,算數,,산수,산수,
6급II,98,2022-08-27,23,dokum,다음 밑줄 친 漢字語의 讀音을 쓰세요.,"낯선 곳에 가면 風土가 달라서 고생하기 마련입니다. 6級II *** 6級과6級Ⅱ는서로다른급수입니다. 반드시지원급수를다시확인하세요. *** 80 문항 / 50분 시험 / 시험일자 : 2022. 08. 27. * 성명과 수험번호를 쓰고 문제지와 답안지는 함께 제출하세요. 성명( ), 수험번호□□□-□□-□□□□",風土,,풍토,풍토,
6급II,98,2022-08-27,24,dokum,다음 밑줄 친 漢字語의 讀音을 쓰세요.,옛날이야기에는 孝子가 많이 등장합니다.,孝子,,효자,효자,
6급II,98,2022-08-27,25,dokum,다음 밑줄 친 漢字語의 讀音을 쓰세요.,비교 실험은 同一 조건에서 실 시해야 합니다.,同一,,동일,동일,
6급II,98,2022-08-27,26,dokum,다음 밑줄 친 漢字語의 讀音을 쓰세요.,이 소설은 人間의 본성을 잘 그렸다는 평가를 받았습니다.,人間,,인간,인간,
6급II,98,2022-08-27,27,dokum,다음 밑줄 친 漢字語의 讀音을 쓰세요.,결승전에서 果然 어느 팀이 우 승할지 궁금합니다.,果然,,과연,과연,
6급II,98,2022-08-27,28,dokum,다음 밑줄 친 漢字語의 讀音을 쓰세요.,수술로 光明을 되찾은 환자가 눈물을 흘리고 있습니다.,光明,,광명,광명,
6급II,98,2022-08-27,29,dokum,다음 밑줄 친 漢字語의 讀音을 쓰세요.,今年에는 회사 매출이 대폭 늘 어날 것입니다.,今年,,금년,금년,
6급II,98,2022-08-27,30,dokum,다음 밑줄 친 漢字語의 讀音을 쓰세요.,저는 신나는 音樂을 좋아합니다.,音樂,,음악,음악,
6급II,98,2022-08-27,31,dokum,다음 밑줄 친 漢字語의 讀音을 쓰세요.,住民의 안전을 위해 가로등을 추가로 설치했습니다.,住民,,주민,주민,
6급II,98,2022-08-27,32,dokum,다음 밑줄 친 漢字語의 讀音을 쓰세요.,터널 공사로 두 도시가 直線으 로 연결되었습니다.,直線,,직선,직선,
6급II,98,2022-08-27,33,hunum,다음 漢字의 訓과 音을 쓰세요.,命,命,,목숨 명,목숨 명,
6급II,98,2022-08-27,34,hunum,다음 漢字의 訓과 音을 쓰세요.,歌,歌,,노래 가,노래 가,
6급II,98,2022-08-27,35,hunum,다음 漢字의 訓과 音을 쓰세요.,新,新,,새 신,새 신,
6급II,98,2022-08-27,36,hunum,다음 漢字의 訓과 音을 쓰세요.,力,力,,힘 력,힘 력,
6급II,98,2022-08-27,37,hunum,다음 漢字의 訓과 音을 쓰세요.,林,林,,수풀 림,수풀 림,
6급II,98,2022-08-27,38,hunum,다음 漢字의 訓과 音을 쓰세요.,勇,勇,,날랠 용,날랠 용,
6급II,98,2022-08-27,39,hunum,다음 漢字의 訓과 音을 쓰세요.,植,植,,심을 식,심을 식,
6급II,98,2022-08-27,40,hunum,다음 漢字의 訓과 音을 쓰세요.,體,體,,몸 체,몸 체,
6급II,98,2022-08-27,41,hunum,다음 漢字의 訓과 音을 쓰세요.,童,童,,아이 동,아이 동,
6급II,98,2022-08-27,42,hunum,다음 漢字의 訓과 音을 쓰세요.,夕,夕,,저녁 석,저녁 석,
6급II,98,2022-08-27,43,hunum,다음 漢字의 訓과 音을 쓰세요.,信,信,,믿을 신,믿을 신,
6급II,98,2022-08-27,44,hunum,다음 漢字의 訓과 音을 쓰세요.,庭,庭,,뜰 정,뜰 정,
6급II,98,2022-08-27,45,hunum,다음 漢字의 訓과 音을 쓰세요.,雪,雪,,눈 설,눈 설,
6급II,98,2022-08-27,46,hunum,다음 漢字의 訓과 音을 쓰세요.,淸,淸,,맑을 청,맑을 청,
6급II,98,2022-08-27,47,hunum,다음 漢字의 訓과 音을 쓰세요.,發,發,,필 발,필 발,
6급II,98,2022-08-27,48,hunum,다음 漢字의 訓과 音을 쓰세요.,高,高,,높을 고,높을 고,
6급II,98,2022-08-27,49,hunum,다음 漢字의 訓과 音을 쓰세요.,放,放,,놓을 방,놓을 방,
6급II,98,2022-08-27,50,hunum,다음 漢字의 訓과 音을 쓰세요.,休,休,,쉴 휴,쉴 휴,
6급II,98,2022-08-27,51,hunum,다음 漢字의 訓과 音을 쓰세요.,百,百,,일백 백,일백 백,
6급II,98,2022-08-27,52,hunum,다음 漢字의 訓과 音을 쓰세요.,始,始,,비로소 시,비로소 시,
6급II,98,2022-08-27,53,hunum,다음 漢字의 訓과 音을 쓰세요.,老,老,,늙을 로,늙을 로,
6급II,98,2022-08-27,54,hunum,다음 漢字의 訓과 音을 쓰세요.,秋,秋,,가을 추,가을 추,
6급II,98,2022-08-27,55,hunum,다음 漢字의 訓과 音을 쓰세요.,意,意,,뜻 의,뜻 의,
6급II,98,2022-08-27,56,hunum,다음 漢字의 訓과 音을 쓰세요.,敎,敎,,가르칠 교,가르칠 교,
6급II,98,2022-08-27,57,hunum,다음 漢字의 訓과 音을 쓰세요.,夫,夫,,지아비 부,지아비 부,
6급II,98,2022-08-27,58,hunum,다음 漢字의 訓과 音을 쓰세요.,祖,祖,,할아비 조,할아비 조,
6급II,98,2022-08-27,59,hunum,다음 漢字의 訓과 音을 쓰세요.,社,社,,모일 사,모일 사,
6급II,98,2022-08-27,60,hunum,다음 漢字의 訓과 音을 쓰세요.,注,注,,부을 주,부을 주,
6급II,98,2022-08-27,61,hunum,다음 漢字의 訓과 音을 쓰세요.,消,消,,사라질 소,사라질 소,
6급II,98,2022-08-27,62,banui_select,다음 중 뜻이 서로 반대(또는 상대)되는 漢字끼리 연결되지 않은 것을 찾아 그 번호를 쓰세요.,,,"[""① 先 ↔ 後"", ""② 夏 ↔ 冬"", ""③ 大 ↔ 小"", ""④ 對 ↔ 答""]",④,對 ↔ 答,
6급II,98,2022-08-27,63,banui_select,다음 중 뜻이 서로 반대(또는 상대)되는 漢字끼리 연결되지 않은 것을 찾아 그 번호를 쓰세요.,,,"[""① 東 ↔ 西"", ""② 出 ↔ 入"", ""③ 便 ↔ 重"", ""④ 長 ↔ 短""]",③,便 ↔ 重,
6급II,98,2022-08-27,64,select_hanja,다음 문장에 어울리는 漢字語가 되도록 ( ) 안에 알맞은 漢字를 <보기>에서 찾아 그 번호를 쓰세요.,이 책은 마지막 ( )分이 제일 재미있습니다.,()分,"[""① 話"", ""② 部"", ""③ 公"", ""④ 登""]",②,部,
6급II,98,2022-08-27,65,select_hanja,다음 문장에 어울리는 漢字語가 되도록 ( ) 안에 알맞은 漢字를 <보기>에서 찾아 그 번호를 쓰세요.,나라마다 오래된 神( )가 있습니다.,神(),"[""① 話"", ""② 部"", ""③ 公"", ""④ 登""]",①,話,
6급II,98,2022-08-27,66,mean_select,다음 뜻에 맞는 漢字語를 <보기>에서 찾아 그 번호를 쓰세요.,스스로 죄를 고백함.,,"[""① 戰術"", ""② 形成"", ""③ 會計"", ""④ 四角"", ""⑤ 正色"", ""⑥ 自白""]",⑥,自白,
6급II,98,2022-08-27,67,mean_select,다음 뜻에 맞는 漢字語를 <보기>에서 찾아 그 번호를 쓰세요.,어떠한 모양을 이룸.,,"[""① 戰術"", ""② 形成"", ""③ 會計"", ""④ 四角"", ""⑤ 正色"", ""⑥ 自白""]",②,形成,
6급II,98,2022-08-27,68,hanjaeo_write,다음 밑줄 친 漢字語를 漢字로 쓰세요.,해마다 여군이 되고 싶어 하는 사람들이 늘고 있습니다.,녀군,,女軍,女軍,
6급II,98,2022-08-27,69,hanjaeo_write,다음 밑줄 친 漢字語를 漢字로 쓰세요.,저는 삼촌하고 사이가 좋습니다.,삼촌,,三寸,三寸,
6급II,98,2022-08-27,70,hanjaeo_write,다음 밑줄 친 漢字語를 漢字로 쓰세요.,올해 생일에는 친구들과 파티 를 하고 싶습니다.,생일,,生日,生日,
6급II,98,2022-08-27,71,hanjaeo_write,다음 밑줄 친 漢字語를 漢字로 쓰세요.,우리 고향은 산수가 아름다운 곳입니다.,산수,,山水,山水,
6급II,98,2022-08-27,72,hanjaeo_write,다음 밑줄 친 漢字語를 漢字로 쓰세요.,유럽의 여러 국가들은 왕실의 권위를 중요하게 생각합니다.,왕실,,王室,王室,
6급II,98,2022-08-27,73,hanjaeo_write,다음 밑줄 친 漢字語를 漢字로 쓰세요.,우리 형제는 좋아하는 음식도 같습니다.,형제,,兄弟,兄弟,
6급II,98,2022-08-27,74,hanjaeo_write,다음 밑줄 친 漢字語를 漢字로 쓰세요.,학교에서는 다양한 것을 배웁 니다.,학교,,學校,學校,
6급II,98,2022-08-27,75,hanjaeo_write,다음 밑줄 친 漢字語를 漢字로 쓰세요.,옛날에는 육십이 아주 많은 나 이였습니다.,육십,,六十,六十,
6급II,98,2022-08-27,76,hanjaeo_write,다음 밑줄 친 漢字語를 漢字로 쓰세요.,칠월에 가족들과 여행을 했습 니다.,칠월,,七月,七月,
6급II,98,2022-08-27,77,hanjaeo_write,다음 밑줄 친 漢字語를 漢字로 쓰세요.,부모의 역할은 아무리 강조해 도 지나치지 않습니다.,부모,,父母,父母,
6급II,98,2022-08-27,78,stroke,다음 漢字의 짙게 표시한 획은 몇 번째 쓰는 획인지 <보기>에서 찾아 그 번호를 쓰세요.,,,"[""① 첫 번째"", ""② 두 번째"", ""③ 세 번째"", ""④ 네 번째"", ""⑤ 다섯 번째"", ""⑥ 여섯 번째"", ""⑦ 일곱 번째"", ""⑧ 여덟 번째"", ""⑨ 아홉 번째"", ""⑩ 열 번째"", ""⑪ 열한 번째"", ""⑫ 열두 번째"", ""⑬ 열세 번째""]",⑦,일곱 번째,exam-strokes/stroke_6ii_98_78.png
6급II,98,2022-08-27,79,stroke,다음 漢字의 짙게 표시한 획은 몇 번째 쓰는 획인지 <보기>에서 찾아 그 번호를 쓰세요.,,,"[""① 첫 번째"", ""② 두 번째"", ""③ 세 번째"", ""④ 네 번째"", ""⑤ 다섯 번째"", ""⑥ 여섯 번째"", ""⑦ 일곱 번째"", ""⑧ 여덟 번째"", ""⑨ 아홉 번째"", ""⑩ 열 번째"", ""⑪ 열한 번째"", ""⑫ 열두 번째"", ""⑬ 열세 번째""]",⑩,열 번째,exam-strokes/stroke_6ii_98_79.png
6급II,98,2022-08-27,80,stroke,다음 漢字의 짙게 표시한 획은 몇 번째 쓰는 획인지 <보기>에서 찾아 그 번호를 쓰세요.,,,"[""① 첫 번째"", ""② 두 번째"", ""③ 세 번째"", ""④ 네 번째"", ""⑤ 다섯 번째"", ""⑥ 여섯 번째"", ""⑦ 일곱 번째"", ""⑧ 여덟 번째"", ""⑨ 아홉 번째"", ""⑩ 열 번째"", ""⑪ 열한 번째"", ""⑫ 열두 번째"", ""⑬ 열세 번째""]",⑥,여섯 번째,exam-strokes/stroke_6ii_98_80.png
6급II,99,2022-11-26,1,dokum,다음 밑줄 친 漢字語의 讀音을 쓰세요.,긴급 차량이 지나가면 車線을 양보합니다.,車線,,차선,차선,
6급II,99,2022-11-26,2,dokum,다음 밑줄 친 漢字語의 讀音을 쓰세요.,비 온 뒤에 五色빛깔 무지개가 생겼습니다.,五色,,오색,오색,
6급II,99,2022-11-26,3,dokum,다음 밑줄 친 漢字語의 讀音을 쓰세요.,동생은 무엇에 心氣가 상했는지 하루 종일 뽀로통합니다.,心氣,,심기,심기,
6급II,99,2022-11-26,4,dokum,다음 밑줄 친 漢字語의 讀音을 쓰세요.,퇴근길 인천 方面 고속도로가 정체되었습니다.,方面,,방면,방면,
6급II,99,2022-11-26,5,dokum,다음 밑줄 친 漢字語의 讀音을 쓰세요.,이 역은 새 철도의 始發 지점이 될 것입니다.,始發,,시발,시발,
6급II,99,2022-11-26,6,dokum,다음 밑줄 친 漢字語의 讀音을 쓰세요.,양편의 팽팽한 의견 對立을 대 화로 풀어나갔습니다.,對立,,대립,대립,
6급II,99,2022-11-26,7,dokum,다음 밑줄 친 漢字語의 讀音을 쓰세요.,그는 이번에도 有力한 우승 후 보와 맞붙게 되었습니다.,有力,,유력,유력,
6급II,99,2022-11-26,8,dokum,다음 밑줄 친 漢字語의 讀音을 쓰세요.,이 골짜기에는 다양한 木草들이 자라고 있습니다.,木草,,목초,목초,
6급II,99,2022-11-26,9,dokum,다음 밑줄 친 漢字語의 讀音을 쓰세요.,우리 팀은 공격 축구로 戰術을 바꾸었습니다.,戰術,,전술,전술,
6급II,99,2022-11-26,10,dokum,다음 밑줄 친 漢字語의 讀音을 쓰세요.,아이들이 어른들의 행동을 흉내 내는 것은 自然스러운 일입니 다.,自然,,자연,자연,
6급II,99,2022-11-26,11,dokum,다음 밑줄 친 漢字語의 讀音을 쓰세요.,이 건물에는 여섯 家口가 살고 있습니다.,家口,,가구,가구,
6급II,99,2022-11-26,12,dokum,다음 밑줄 친 漢字語의 讀音을 쓰세요.,할머니께서는 오전에 邑內에 장 을 보러 가셨습니다.,邑內,,읍내,읍내,
6급II,99,2022-11-26,13,dokum,다음 밑줄 친 漢字語의 讀音을 쓰세요.,전학 간 친구가 손 便紙를 써서 보내왔습니다.,便紙,,편지,편지,
6급II,99,2022-11-26,14,dokum,다음 밑줄 친 漢字語의 讀音을 쓰세요.,海圖는 바다의 상태를 자세히 적어 넣은 항해용 지도입니다.,海圖,,해도,해도,
6급II,99,2022-11-26,15,dokum,다음 밑줄 친 漢字語의 讀音을 쓰세요.,경찰은 그가 범인이라는 明白한 증거를 찾았습니다.,明白,,명백,명백,
6급II,99,2022-11-26,16,dokum,다음 밑줄 친 漢字語의 讀音을 쓰세요.,영희가 온다기에 洞里의 어귀까 지 마중을 나갔습니다.,洞里,,동리,동리,
6급II,99,2022-11-26,17,dokum,다음 밑줄 친 漢字語의 讀音을 쓰세요.,막내 동생은 곰人形을 안고 잡 니다.,人形,,인형,인형,
6급II,99,2022-11-26,18,dokum,다음 밑줄 친 漢字語의 讀音을 쓰세요.,벌거숭이 임금님은 놀림을 당하 는 身世가 되었습니다.,身世,,신세,신세,
6급II,99,2022-11-26,19,dokum,다음 밑줄 친 漢字語의 讀音을 쓰세요.,바닷가 植物은 대개 잎에 살이 많고 두껍습니다.,植物,,식물,식물,
6급II,99,2022-11-26,20,dokum,다음 밑줄 친 漢字語의 讀音을 쓰세요.,아이들이 선생님의 말씀에 注意 를 기울였습니다.,注意,,주의,주의,
6급II,99,2022-11-26,21,dokum,다음 밑줄 친 漢字語의 讀音을 쓰세요.,최근에는 外來 식물들이 생태계 를 파괴한다고 합니다.,外來,,외래,외래,
6급II,99,2022-11-26,22,dokum,다음 밑줄 친 漢字語의 讀音을 쓰세요.,할아버지께서는 자연을 벗 삼아 農村에서 지내십니다. 6級II *** 6級과6級Ⅱ는서로다른급수입니다. 반드시지원급수를다시확인하세요. *** 80 문항 / 50분 시험 / 시험일자 : 2022. 08. 27. 15:00 * 성명을 쓰고 문제지와 답안지는 함께 제출하시오. 성명( ),農村,,농촌,농촌,
6급II,99,2022-11-26,23,dokum,다음 밑줄 친 漢字語의 讀音을 쓰세요.,무분별하게 登場하는 신조어들 은 우리말을 혼란스럽게 만듭니 다.,登場,,등장,등장,
6급II,99,2022-11-26,24,dokum,다음 밑줄 친 漢字語의 讀音을 쓰세요.,數千 마리의 오리가 일제히 날 아올라 장관을 이룹니다.,數千,,수천,수천,
6급II,99,2022-11-26,25,dokum,다음 밑줄 친 漢字語의 讀音을 쓰세요.,아이들이 쓴 동시를 모아 한 권 의 文集을 만들었습니다.,文集,,문집,문집,
6급II,99,2022-11-26,26,dokum,다음 밑줄 친 漢字語의 讀音을 쓰세요.,임산물을 나르기 위하여 산림 속에 닦아 놓은 길을 林道라고 합니다.,林道,,임도,임도,
6급II,99,2022-11-26,27,dokum,다음 밑줄 친 漢字語의 讀音을 쓰세요.,생각은 언어를 통해 表現됩니 다.,表現,,표현,표현,
6급II,99,2022-11-26,28,dokum,다음 밑줄 친 漢字語의 讀音을 쓰세요.,오래된 카메라가 잘 作動되는지 점검하였습니다.,作動,,작동,작동,
6급II,99,2022-11-26,29,dokum,다음 밑줄 친 漢字語의 讀音을 쓰세요.,바람을 利用하여 풍차를 돌립니 다.,利用,,이용,이용,
6급II,99,2022-11-26,30,dokum,다음 밑줄 친 漢字語의 讀音을 쓰세요.,팔당댐에서는 이미 2만톤의 물 을 放水했습니다.,放水,,방수,방수,
6급II,99,2022-11-26,31,dokum,다음 밑줄 친 漢字語의 讀音을 쓰세요.,앞구르기를 하려면 上體를 구부 려야 합니다.,上體,,상체,상체,
6급II,99,2022-11-26,32,dokum,다음 밑줄 친 漢字語의 讀音을 쓰세요.,깜빡거리는 電球를 새 것으로 갈아 끼웠습니다.,電球,,전구,전구,
6급II,99,2022-11-26,33,hunum,다음 漢字의 訓과 音을 쓰세요.,旗,旗,,기 기,기 기,
6급II,99,2022-11-26,34,hunum,다음 漢字의 訓과 音을 쓰세요.,堂,堂,,집 당,집 당,
6급II,99,2022-11-26,35,hunum,다음 漢字의 訓과 音을 쓰세요.,育,育,,기를 육,기를 육,
6급II,99,2022-11-26,36,hunum,다음 漢字의 訓과 音을 쓰세요.,住,住,,살 주,살 주,
6급II,99,2022-11-26,37,hunum,다음 漢字의 訓과 音을 쓰세요.,祖,祖,,할아비 조,할아비 조,
6급II,99,2022-11-26,38,hunum,다음 漢字의 訓과 音을 쓰세요.,樂,樂,,즐길 락 | 노래 악 | 좋아할 요,즐길 락 | 노래 악 | 좋아할 요,
6급II,99,2022-11-26,39,hunum,다음 漢字의 訓과 音을 쓰세요.,角,角,,뿔 각,뿔 각,
6급II,99,2022-11-26,40,hunum,다음 漢字의 訓과 音을 쓰세요.,冬,冬,,겨울 동,겨울 동,
6급II,99,2022-11-26,41,hunum,다음 漢字의 訓과 音을 쓰세요.,等,等,,무리 등,무리 등,
6급II,99,2022-11-26,42,hunum,다음 漢字의 訓과 音을 쓰세요.,公,公,,공평할 공,공평할 공,
6급II,99,2022-11-26,43,hunum,다음 漢字의 訓과 音을 쓰세요.,各,各,,각각 각,각각 각,
6급II,99,2022-11-26,44,hunum,다음 漢字의 訓과 音을 쓰세요.,班,班,,나눌 반,나눌 반,
6급II,99,2022-11-26,45,hunum,다음 漢字의 訓과 音을 쓰세요.,雪,雪,,눈 설,눈 설,
6급II,99,2022-11-26,46,hunum,다음 漢字의 訓과 音을 쓰세요.,光,光,,빛 광,빛 광,
6급II,99,2022-11-26,47,hunum,다음 漢字의 訓과 音을 쓰세요.,幸,幸,,다행 행,다행 행,
6급II,99,2022-11-26,48,hunum,다음 漢字의 訓과 音을 쓰세요.,聞,聞,,들을 문,들을 문,
6급II,99,2022-11-26,49,hunum,다음 漢字의 訓과 音을 쓰세요.,消,消,,사라질 소,사라질 소,
6급II,99,2022-11-26,50,hunum,다음 漢字의 訓과 音을 쓰세요.,省,省,,살필 성 | 덜 생,살필 성 | 덜 생,
6급II,99,2022-11-26,51,hunum,다음 漢字의 訓과 音을 쓰세요.,歌,歌,,노래 가,노래 가,
6급II,99,2022-11-26,52,hunum,다음 漢字의 訓과 音을 쓰세요.,重,重,,무거울 중,무거울 중,
6급II,99,2022-11-26,53,hunum,다음 漢字의 訓과 音을 쓰세요.,功,功,,공 공,공 공,
6급II,99,2022-11-26,54,hunum,다음 漢字의 訓과 音을 쓰세요.,神,神,,귀신 신,귀신 신,
6급II,99,2022-11-26,55,hunum,다음 漢字의 訓과 音을 쓰세요.,書,書,,글 서,글 서,
6급II,99,2022-11-26,56,hunum,다음 漢字의 訓과 音을 쓰세요.,庭,庭,,뜰 정,뜰 정,
6급II,99,2022-11-26,57,hunum,다음 漢字의 訓과 音을 쓰세요.,才,才,,재주 재,재주 재,
6급II,99,2022-11-26,58,hunum,다음 漢字의 訓과 音을 쓰세요.,急,急,,급할 급,급할 급,
6급II,99,2022-11-26,59,hunum,다음 漢字의 訓과 音을 쓰세요.,界,界,,지경 계,지경 계,
6급II,99,2022-11-26,60,hunum,다음 漢字의 訓과 音을 쓰세요.,理,理,,다스릴 리,다스릴 리,
6급II,99,2022-11-26,61,hunum,다음 漢字의 訓과 音을 쓰세요.,勇,勇,,날랠 용,날랠 용,
6급II,99,2022-11-26,62,banui_select,다음 중 뜻이 서로 반대(또는 상대)되는 漢字끼리 연결되지 않은 것을 찾아 그 번호를 쓰세요.,,,"[""① 長 ↔ 短"", ""② 春 ↔ 秋"", ""③ 計 ↔ 算"", ""④ 正 ↔ 反""]",③,計 ↔ 算,
6급II,99,2022-11-26,63,banui_select,다음 중 뜻이 서로 반대(또는 상대)되는 漢字끼리 연결되지 않은 것을 찾아 그 번호를 쓰세요.,,,"[""① 共 ↔ 同"", ""② 高 ↔ 下"", ""③ 入 ↔ 出"", ""④ 昨 ↔ 今""]",①,共 ↔ 同,
6급II,99,2022-11-26,64,select_hanja,다음 문장에 어울리는 漢字語가 되도록 ( ) 안에 알맞은 漢字를 <보기>에서 찾아 그 번호를 쓰세요.,고요한 새벽 강가의 풍경이 ( )和롭게 느껴집니다.,()和,"[""① 平"", ""② 飮"", ""③ 地"", ""④ 夏""]",①,平,
6급II,99,2022-11-26,65,select_hanja,다음 문장에 어울리는 漢字語가 되도록 ( ) 안에 알맞은 漢字를 <보기>에서 찾아 그 번호를 쓰세요.,이곳은 土( )가 비옥하여 농사를 짓기에 알맞습니다.,土(),"[""① 平"", ""② 飮"", ""③ 地"", ""④ 夏""]",③,地,
6급II,99,2022-11-26,66,mean_select,다음 뜻에 맞는 漢字語를 <보기>에서 찾아 그 번호를 쓰세요.,굳게 믿고 있는 바.,,"[""① 分業"", ""② 會話"", ""③ 十代"", ""④ 所信"", ""⑤ 成果"", ""⑥ 命名""]",④,所信,
6급II,99,2022-11-26,67,mean_select,다음 뜻에 맞는 漢字語를 <보기>에서 찾아 그 번호를 쓰세요.,일을 나누어서 함.,,"[""① 分業"", ""② 會話"", ""③ 十代"", ""④ 所信"", ""⑤ 成果"", ""⑥ 命名""]",①,分業,
6급II,99,2022-11-26,68,hanjaeo_write,다음 밑줄 친 漢字語를 漢字로 쓰세요.,상민이와 나는 같은 학교에 다 닙니다.,학교,,學校,學校,
6급II,99,2022-11-26,69,hanjaeo_write,다음 밑줄 친 漢字語를 漢字로 쓰세요.,작은 삼촌은 현재 군복무 중입 니다.,삼촌,,三寸,三寸,
6급II,99,2022-11-26,70,hanjaeo_write,다음 밑줄 친 漢字語를 漢字로 쓰세요.,우리 마을 남동쪽에는 큰 연못 이 있습니다.,남동,,南東,南東,
6급II,99,2022-11-26,71,hanjaeo_write,다음 밑줄 친 漢字語를 漢字로 쓰세요.,모든 부모님들은 아이들이 올바 르게 자라기를 바랍니다.,부모,,父母,父母,
6급II,99,2022-11-26,72,hanjaeo_write,다음 밑줄 친 漢字語를 漢字로 쓰세요.,예진이는 교실의 온도 변화를 관찰하기로 하였습니다.,교실,,敎室,敎室,
6급II,99,2022-11-26,73,hanjaeo_write,다음 밑줄 친 漢字語를 漢字로 쓰세요.,소화기는 만일의 화재를 대비해 눈에 잘 보이는 곳에 둡니다.,만일,,萬一,萬一,
6급II,99,2022-11-26,74,hanjaeo_write,다음 밑줄 친 漢字語를 漢字로 쓰세요.,새로 오신 선생님은 3학년 담임 을 맡으셨습니다.,선생,,先生,先生,
6급II,99,2022-11-26,75,hanjaeo_write,다음 밑줄 친 漢字語를 漢字로 쓰세요.,아직 구월 초순이지만 산 속은 벌써 춥습니다.,구월,,九月,九月,
6급II,99,2022-11-26,76,hanjaeo_write,다음 밑줄 친 漢字語를 漢字로 쓰세요.,동네 청년들이 마을 어르신들을 모시고 잔치를 열었습니다.,청년,,靑年,靑年,
6급II,99,2022-11-26,77,hanjaeo_write,다음 밑줄 친 漢字語를 漢字로 쓰세요.,나뭇꾼이 깊은 산중에서 사슴 을 만났습니다.,산중,,山中,山中,
6급II,99,2022-11-26,78,stroke,다음 漢字의 짙게 표시한 획은 몇 번째 쓰는 획인지 <보기>에서 찾아 그 번호를 쓰세요.,,,"[""① 첫 번째"", ""② 두 번째"", ""③ 세 번째"", ""④ 네 번째"", ""⑤ 다섯 번째"", ""⑥ 여섯 번째"", ""⑦ 일곱 번째"", ""⑧ 여덟 번째"", ""⑨ 아홉 번째"", ""⑩ 열 번째""]",⑦,일곱 번째,exam-strokes/stroke_6ii_99_78.png
6급II,99,2022-11-26,79,stroke,다음 漢字의 짙게 표시한 획은 몇 번째 쓰는 획인지 <보기>에서 찾아 그 번호를 쓰세요.,,,"[""① 첫 번째"", ""② 두 번째"", ""③ 세 번째"", ""④ 네 번째"", ""⑤ 다섯 번째"", ""⑥ 여섯 번째"", ""⑦ 일곱 번째"", ""⑧ 여덟 번째"", ""⑨ 아홉 번째"", ""⑩ 열 번째""]",②,두 번째,exam-strokes/stroke_6ii_99_79.png
6급II,99,2022-11-26,80,stroke,다음 漢字의 짙게 표시한 획은 몇 번째 쓰는 획인지 <보기>에서 찾아 그 번호를 쓰세요.,,,"[""① 첫 번째"", ""② 두 번째"", ""③ 세 번째"", ""④ 네 번째"", ""⑤ 다섯 번째"", ""⑥ 여섯 번째"", ""⑦ 일곱 번째"", ""⑧ 여덟 번째"", ""⑨ 아홉 번째"", ""⑩ 열 번째""]",⑧,여덟 번째,exam-strokes/stroke_6ii_99_80.png
6급II,100,2023-02-25,1,dokum,다음 밑줄 친 漢字語의 讀音을 쓰세요.,이 책은 兄弟 간의 우애를 소재 로 하고 있습니다.,兄弟,,형제,형제,
6급II,100,2023-02-25,2,dokum,다음 밑줄 친 漢字語의 讀音을 쓰세요.,우리 동네에는 유명한 國立 공 원이 있습니다.,國立,,국립,국립,
6급II,100,2023-02-25,3,dokum,다음 밑줄 친 漢字語의 讀音을 쓰세요.,작년에는 休日이 예년에 비해 많았습니다.,休日,,휴일,휴일,
6급II,100,2023-02-25,4,dokum,다음 밑줄 친 漢字語의 讀音을 쓰세요.,겨울 海風으로 배추가 더 맛있 어졌습니다.,海風,,해풍,해풍,
6급II,100,2023-02-25,5,dokum,다음 밑줄 친 漢字語의 讀音을 쓰세요.,사무실 空間을 더 효율적으로 쓰기 위해 공사를 했습니다.,空間,,공간,공간,
6급II,100,2023-02-25,6,dokum,다음 밑줄 친 漢字語의 讀音을 쓰세요.,會計 부서에 새 직원을 뽑았습 니다.,會計,,회계,회계,
6급II,100,2023-02-25,7,dokum,다음 밑줄 친 漢字語의 讀音을 쓰세요.,그 사람은 天才 시인으로 불립 니다.,天才,,천재,천재,
6급II,100,2023-02-25,8,dokum,다음 밑줄 친 漢字語의 讀音을 쓰세요.,배우들의 멋진 연기로 영화가 큰 成功을 거두었습니다.,成功,,성공,성공,
6급II,100,2023-02-25,9,dokum,다음 밑줄 친 漢字語의 讀音을 쓰세요.,몇몇 農村 지역에는 청년 인구 가 증가하고 있습니다.,農村,,농촌,농촌,
6급II,100,2023-02-25,10,dokum,다음 밑줄 친 漢字語의 讀音을 쓰세요.,반장을 代理하여 회의에 참석하 였습니다.,代理,,대리,대리,
6급II,100,2023-02-25,11,dokum,다음 밑줄 친 漢字語의 讀音을 쓰세요.,설계 圖面에 따라 정확하게 건 축하였습니다.,圖面,,도면,도면,
6급II,100,2023-02-25,12,dokum,다음 밑줄 친 漢字語의 讀音을 쓰세요.,개교 100주년 기념식에서 同窓 들을 만났습니다.,同窓,,동창,동창,
6급II,100,2023-02-25,13,dokum,다음 밑줄 친 漢字語의 讀音을 쓰세요.,제 동생은 音樂에 관심이 많습 니다.,音樂,,음악,음악,
6급II,100,2023-02-25,14,dokum,다음 밑줄 친 漢字語의 讀音을 쓰세요.,연구원들이 全力을 다하여 신기 술 개발에 성공했습니다.,全力,,전력,전력,
6급II,100,2023-02-25,15,dokum,다음 밑줄 친 漢字語의 讀音을 쓰세요.,더 便利하고 안전해진 철도를 이용하십시오.,便利,,편리,편리,
6급II,100,2023-02-25,16,dokum,다음 밑줄 친 漢字語의 讀音을 쓰세요.,아파트 住民의 의견을 투표로 모으고 있습니다.,住民,,주민,주민,
6급II,100,2023-02-25,17,dokum,다음 밑줄 친 漢字語의 讀音을 쓰세요.,우리 선생님은 每事에 빈틈이 없으십니다.,每事,,매사,매사,
6급II,100,2023-02-25,18,dokum,다음 밑줄 친 漢字語의 讀音을 쓰세요.,이곳에 姓名을 한자로 쓰십시 오.,姓名,,성명,성명,
6급II,100,2023-02-25,19,dokum,다음 밑줄 친 漢字語의 讀音을 쓰세요.,數學이 얼마나 중요한지 새삼 느끼고 있습니다.,數學,,수학,수학,
6급II,100,2023-02-25,20,dokum,다음 밑줄 친 漢字語의 讀音을 쓰세요.,이 일을 始作할 때 부모님께서 많이 격려해 주셨습니다.,始作,,시작,시작,
6급II,100,2023-02-25,21,dokum,다음 밑줄 친 漢字語의 讀音을 쓰세요.,명절 음식 준비로 市場에 사람 들이 많습니다.,市場,,시장,시장,
6급II,100,2023-02-25,22,dokum,다음 밑줄 친 漢字語의 讀音을 쓰세요.,"실내 공기 정화를 위해 植物을 키우고 있습니다. 6級II *** 6級과6級Ⅱ는서로다른급수입니다. 반드시지원급수를다시확인하세요. *** 80 문항 / 50분 시험 / 시험일자 : 2023. 02. 25. * 성명과 수험번호를 쓰고 문제지와 답안지는 함께 제출하세요. 성명( ), 수험번호□□□-□□-□□□□",植物,,식물,식물,
6급II,100,2023-02-25,23,dokum,다음 밑줄 친 漢字語의 讀音을 쓰세요.,건강을 위해 食後에 산책을 하 는 것이 좋습니다.,食後,,식후,식후,
6급II,100,2023-02-25,24,dokum,다음 밑줄 친 漢字語의 讀音을 쓰세요.,중요한 이야기는 電話보다 직접 만나서 하는 것이 좋습니다.,電話,,전화,전화,
6급II,100,2023-02-25,25,dokum,다음 밑줄 친 漢字語의 讀音을 쓰세요.,제가 한 농담에 친구가 正色을 해서 당황했습니다.,正色,,정색,정색,
6급II,100,2023-02-25,26,dokum,다음 밑줄 친 漢字語의 讀音을 쓰세요.,그 가수의 음반 판매량이 百萬 을 넘어 섰습니다.,百萬,,백만,백만,
6급II,100,2023-02-25,27,dokum,다음 밑줄 친 漢字語의 讀音을 쓰세요.,각 地方마다 유명한 토속 음식 이 있습니다.,地方,,지방,지방,
6급II,100,2023-02-25,28,dokum,다음 밑줄 친 漢字語의 讀音을 쓰세요.,자전거 도로가 直線으로 뻗어 있는 코스입니다.,直線,,직선,직선,
6급II,100,2023-02-25,29,dokum,다음 밑줄 친 漢字語의 讀音을 쓰세요.,공무원은 公共의 이익을 위해 노력해야 합니다.,公共,,공공,공공,
6급II,100,2023-02-25,30,dokum,다음 밑줄 친 漢字語의 讀音을 쓰세요.,요즘은 날씨가 계속 淸明해서 사람들이 여행을 많이 떠납니 다.,淸明,,청명,청명,
6급II,100,2023-02-25,31,dokum,다음 밑줄 친 漢字語의 讀音을 쓰세요.,환경 문제 해결을 위해 各界의 전문가들이 모였습니다.,各界,,각계,각계,
6급II,100,2023-02-25,32,dokum,다음 밑줄 친 漢字語의 讀音을 쓰세요.,이 테이블은 다용도로 活用 가 능합니다.,活用,,활용,활용,
6급II,100,2023-02-25,33,hunum,다음 漢字의 訓과 音을 쓰세요.,家,家,,집 가,집 가,
6급II,100,2023-02-25,34,hunum,다음 漢字의 訓과 音을 쓰세요.,光,光,,빛 광,빛 광,
6급II,100,2023-02-25,35,hunum,다음 漢字의 訓과 音을 쓰세요.,堂,堂,,집 당,집 당,
6급II,100,2023-02-25,36,hunum,다음 漢字의 訓과 音을 쓰세요.,命,命,,목숨 명,목숨 명,
6급II,100,2023-02-25,37,hunum,다음 漢字의 訓과 音을 쓰세요.,分,分,,나눌 분,나눌 분,
6급II,100,2023-02-25,38,hunum,다음 漢字의 訓과 音을 쓰세요.,雪,雪,,눈 설,눈 설,
6급II,100,2023-02-25,39,hunum,다음 漢字의 訓과 音을 쓰세요.,然,然,,그럴 연,그럴 연,
6급II,100,2023-02-25,40,hunum,다음 漢字의 訓과 音을 쓰세요.,自,自,,스스로 자,스스로 자,
6급II,100,2023-02-25,41,hunum,다음 漢字의 訓과 音을 쓰세요.,花,花,,꽃 화,꽃 화,
6급II,100,2023-02-25,42,hunum,다음 漢字의 訓과 音을 쓰세요.,高,高,,높을 고,높을 고,
6급II,100,2023-02-25,43,hunum,다음 漢字의 訓과 音을 쓰세요.,軍,軍,,군사 군,군사 군,
6급II,100,2023-02-25,44,hunum,다음 漢字의 訓과 音을 쓰세요.,動,動,,움직일 동,움직일 동,
6급II,100,2023-02-25,45,hunum,다음 漢字의 訓과 音을 쓰세요.,班,班,,나눌 반,나눌 반,
6급II,100,2023-02-25,46,hunum,다음 漢字의 訓과 音을 쓰세요.,書,書,,글 서,글 서,
6급II,100,2023-02-25,47,hunum,다음 漢字의 訓과 音을 쓰세요.,時,時,,때 시,때 시,
6급II,100,2023-02-25,48,hunum,다음 漢字의 訓과 音을 쓰세요.,有,有,,있을 유,있을 유,
6급II,100,2023-02-25,49,hunum,다음 漢字의 訓과 音을 쓰세요.,戰,戰,,싸움 전,싸움 전,
6급II,100,2023-02-25,50,hunum,다음 漢字의 訓과 音을 쓰세요.,童,童,,아이 동,아이 동,
6급II,100,2023-02-25,51,hunum,다음 漢字의 訓과 音을 쓰세요.,聞,聞,,들을 문,들을 문,
6급II,100,2023-02-25,52,hunum,다음 漢字의 訓과 音을 쓰세요.,山,山,,메 산,메 산,
6급II,100,2023-02-25,53,hunum,다음 漢字의 訓과 音을 쓰세요.,消,消,,사라질 소,사라질 소,
6급II,100,2023-02-25,54,hunum,다음 漢字의 訓과 音을 쓰세요.,新,新,,새 신,새 신,
6급II,100,2023-02-25,55,hunum,다음 漢字의 訓과 音을 쓰세요.,育,育,,기를 육,기를 육,
6급II,100,2023-02-25,56,hunum,다음 漢字의 訓과 音을 쓰세요.,果,果,,실과 과,실과 과,
6급II,100,2023-02-25,57,hunum,다음 漢字의 訓과 音을 쓰세요.,發,發,,필 발,필 발,
6급II,100,2023-02-25,58,hunum,다음 漢字의 訓과 音을 쓰세요.,南,南,,남녘 남,남녘 남,
6급II,100,2023-02-25,59,hunum,다음 漢字의 訓과 音을 쓰세요.,道,道,,길 도,길 도,
6급II,100,2023-02-25,60,hunum,다음 漢字의 訓과 音을 쓰세요.,林,林,,수풀 림,수풀 림,
6급II,100,2023-02-25,61,hunum,다음 漢字의 訓과 音을 쓰세요.,九,九,,아홉 구,아홉 구,
6급II,100,2023-02-25,62,banui_select,다음 중 뜻이 서로 반대(또는 상대)되는 漢字끼리 연결되지 않은 것을 찾아 그 번호를 쓰세요.,,,"[""① 長 ↔ 短"", ""② 川 ↔ 江"", ""③ 老 ↔ 少"", ""④ 昨 ↔ 今""]",②,川 ↔ 江,
6급II,100,2023-02-25,63,banui_select,다음 중 뜻이 서로 반대(또는 상대)되는 漢字끼리 연결되지 않은 것을 찾아 그 번호를 쓰세요.,,,"[""① 手 ↔ 足"", ""② 心 ↔ 身"", ""③ 水 ↔ 火"", ""④ 里 ↔ 邑""]",④,里 ↔ 邑,
6급II,100,2023-02-25,64,select_hanja,다음 문장에 어울리는 漢字語가 되도록 ( ) 안에 알맞은 漢字를 <보기>에서 찾아 그 번호를 쓰세요.,다양한 ( )體를 가진 신물질이 개발되고 있습니다.,()體,"[""① 省"", ""② 集"", ""③ 形"", ""④ 意""]",③,形,
6급II,100,2023-02-25,65,select_hanja,다음 문장에 어울리는 漢字語가 되도록 ( ) 안에 알맞은 漢字를 <보기>에서 찾아 그 번호를 쓰세요.,저녁마다 하루를 反( )하는 시간을 가집니다.,反(),"[""① 省"", ""② 集"", ""③ 形"", ""④ 意""]",①,省,
6급II,100,2023-02-25,66,mean_select,다음 뜻에 맞는 漢字語를 <보기>에서 찾아 그 번호를 쓰세요.,씩씩한 의기.,,"[""① 世上"", ""② 問題"", ""③ 平安"", ""④ 出現"", ""⑤ 不幸"", ""⑥ 勇氣""]",⑥,勇氣,
6급II,100,2023-02-25,67,mean_select,다음 뜻에 맞는 漢字語를 <보기>에서 찾아 그 번호를 쓰세요.,해답을 필요로 하는 물음.,,"[""① 世上"", ""② 問題"", ""③ 平安"", ""④ 出現"", ""⑤ 不幸"", ""⑥ 勇氣""]",②,問題,
6급II,100,2023-02-25,68,hanjaeo_write,다음 밑줄 친 漢字語를 漢字로 쓰세요.,오월에는 기념일이 아주 많습니 다.,오월,,五月,五月,
6급II,100,2023-02-25,69,hanjaeo_write,다음 밑줄 친 漢字語를 漢字로 쓰세요.,선생님이 교실에 들어서자 아이 들은 갑자기 조용해졌습니다.,교실,,敎室,敎室,
6급II,100,2023-02-25,70,hanjaeo_write,다음 밑줄 친 漢字語를 漢字로 쓰세요.,그 소설가는 일생을 바쳐 준비 한 대하소설을 출판하였습니다.,일생,,一生,一生,
6급II,100,2023-02-25,71,hanjaeo_write,다음 밑줄 친 漢字語를 漢字로 쓰세요.,요즘은 점점 사촌을 만날 기회 가 없습니다.,사촌,,四寸,四寸,
6급II,100,2023-02-25,72,hanjaeo_write,다음 밑줄 친 漢字語를 漢字로 쓰세요.,우리 모녀는 성격까지 많이 닮 았습니다.,모녀,,母女,母女,
6급II,100,2023-02-25,73,hanjaeo_write,다음 밑줄 친 漢字語를 漢字로 쓰세요.,시험이 끝날 때쯤 부모님들이 교문 앞에 다시 모여들었습니 다.,교문,,校門,校門,
6급II,100,2023-02-25,74,hanjaeo_write,다음 밑줄 친 漢字語를 漢字로 쓰세요.,한 직장에서 십년 동안 일을 했 습니다.,십년,,十年,十年,
6급II,100,2023-02-25,75,hanjaeo_write,다음 밑줄 친 漢字語를 漢字로 쓰세요.,마을 뒷산에 외곽 도로를 놓는 토목 공사가 한창입니다.,토목,,土木,土木,
6급II,100,2023-02-25,76,hanjaeo_write,다음 밑줄 친 漢字語를 漢字로 쓰세요.,개와 고양이는 동서를 막론하고 인류와 가까운 동물입니다.,동서,,東西,東西,
6급II,100,2023-02-25,77,hanjaeo_write,다음 밑줄 친 漢字語를 漢字로 쓰세요.,세종대왕은 선왕이 살아 있는 동안 왕위를 계승하였습니다.,선왕,,先王,先王,
6급II,100,2023-02-25,78,stroke,다음 漢字의 짙게 표시한 획은 몇 번째 쓰는 획인지 <보기>에서 찾아 그 번호를 쓰세요.,,,"[""① 첫 번째"", ""② 두 번째"", ""③ 세 번째"", ""④ 네 번째"", ""⑤ 다섯 번째"", ""⑥ 여섯 번째"", ""⑦ 일곱 번째"", ""⑧ 여덟 번째"", ""⑨ 아홉 번째"", ""⑩ 열 번째"", ""⑪ 열한 번째"", ""⑫ 열두 번째""]",③,세 번째,exam-strokes/stroke_6ii_100_78.png
6급II,100,2023-02-25,79,stroke,다음 漢字의 짙게 표시한 획은 몇 번째 쓰는 획인지 <보기>에서 찾아 그 번호를 쓰세요.,,,"[""① 첫 번째"", ""② 두 번째"", ""③ 세 번째"", ""④ 네 번째"", ""⑤ 다섯 번째"", ""⑥ 여섯 번째"", ""⑦ 일곱 번째"", ""⑧ 여덟 번째"", ""⑨ 아홉 번째"", ""⑩ 열 번째"", ""⑪ 열한 번째"", ""⑫ 열두 번째""]",⑨,아홉 번째,exam-strokes/stroke_6ii_100_79.png
6급II,100,2023-02-25,80,stroke,다음 漢字의 짙게 표시한 획은 몇 번째 쓰는 획인지 <보기>에서 찾아 그 번호를 쓰세요.,,,"[""① 첫 번째"", ""② 두 번째"", ""③ 세 번째"", ""④ 네 번째"", ""⑤ 다섯 번째"", ""⑥ 여섯 번째"", ""⑦ 일곱 번째"", ""⑧ 여덟 번째"", ""⑨ 아홉 번째"", ""⑩ 열 번째"", ""⑪ 열한 번째"", ""⑫ 열두 번째""]",⑤,다섯 번째,exam-strokes/stroke_6ii_100_80.png
6급II,101,2023-06-03,1,dokum,다음 밑줄 친 漢字語의 讀音을 쓰세요.,우리말 속에는 색채에 대한 다 양한 表現이 있습니다.,表現,,표현,표현,
6급II,101,2023-06-03,2,dokum,다음 밑줄 친 漢字語의 讀音을 쓰세요.,단군 神話에는 곰과 호랑이가 등장합니다.,神話,,신화,신화,
6급II,101,2023-06-03,3,dokum,다음 밑줄 친 漢字語의 讀音을 쓰세요.,이번 탐방은 公用 버스를 이용 하기로 하였습니다.,公用,,공용,공용,
6급II,101,2023-06-03,4,dokum,다음 밑줄 친 漢字語의 讀音을 쓰세요.,동생은 아이스크림을 먹고 氣分 이 좋아졌습니다.,氣分,,기분,기분,
6급II,101,2023-06-03,5,dokum,다음 밑줄 친 漢字語의 讀音을 쓰세요.,경기가 좋아지자 회사는 事業을 확장하였습니다.,事業,,사업,사업,
6급II,101,2023-06-03,6,dokum,다음 밑줄 친 漢字語의 讀音을 쓰세요.,할아버지 댁에는 마당 한 켠에 조그마한 草堂이 있습니다.,草堂,,초당,초당,
6급II,101,2023-06-03,7,dokum,다음 밑줄 친 漢字語의 讀音을 쓰세요.,前代에는 볼 수 없었던 특별한 일이 벌어졌습니다.,前代,,전대,전대,
6급II,101,2023-06-03,8,dokum,다음 밑줄 친 漢字語의 讀音을 쓰세요.,果然 어느 팀이 승리할지 흥미 진진합니다.,果然,,과연,과연,
6급II,101,2023-06-03,9,dokum,다음 밑줄 친 漢字語의 讀音을 쓰세요.,이곳 방문객의 半數 이상이 외 국인입니다.,半數,,반수,반수,
6급II,101,2023-06-03,10,dokum,다음 밑줄 친 漢字語의 讀音을 쓰세요.,회사 내의 전화는 모두 有線으 로 연결되어 있습니다.,有線,,유선,유선,
6급II,101,2023-06-03,11,dokum,다음 밑줄 친 漢字語의 讀音을 쓰세요.,도시 全體가 안개 속에 잠겼습 니다.,全體,,전체,전체,
6급II,101,2023-06-03,12,dokum,다음 밑줄 친 漢字語의 讀音을 쓰세요.,비석에는 무덤 속 인물의 행적 이 明記되어 있었습니다.,明記,,명기,명기,
6급II,101,2023-06-03,13,dokum,다음 밑줄 친 漢字語의 讀音을 쓰세요.,사장은 部下 직원들과 회식을 자주 합니다.,部下,,부하,부하,
6급II,101,2023-06-03,14,dokum,다음 밑줄 친 漢字語의 讀音을 쓰세요.,영희는 對答 대신 고개를 끄덕 였습니다.,對答,,대답,대답,
6급II,101,2023-06-03,15,dokum,다음 밑줄 친 漢字語의 讀音을 쓰세요.,나팔의 모양은 소뿔처럼 생긴 角形이었습니다.,角形,,각형,각형,
6급II,101,2023-06-03,16,dokum,다음 밑줄 친 漢字語의 讀音을 쓰세요.,외갓집 한옥은 高祖 때부터 사 시던 건물입니다.,高祖,,고조,고조,
6급II,101,2023-06-03,17,dokum,다음 밑줄 친 漢字語의 讀音을 쓰세요.,실제와 반대되는 뜻의 말을 하 는 것을 反語라고 합니다.,反語,,반어,반어,
6급II,101,2023-06-03,18,dokum,다음 밑줄 친 漢字語의 讀音을 쓰세요.,태양은 은하계의 중심에서 3만 光年이나 떨어져 있습니다.,光年,,광년,광년,
6급II,101,2023-06-03,19,dokum,다음 밑줄 친 漢字語의 讀音을 쓰세요.,소방관들이 산불 현장으로 火急 히 출동합니다.,火急,,화급,화급,
6급II,101,2023-06-03,20,dokum,다음 밑줄 친 漢字語의 讀音을 쓰세요.,슬픔을 함께 나누는 것은 친구 의 道理라고 생각합니다.,道理,,도리,도리,
6급II,101,2023-06-03,21,dokum,다음 밑줄 친 漢字語의 讀音을 쓰세요.,사람이 늙어서 죽는 것은 피할 수 없는 運命입니다.,運命,,운명,운명,
6급II,101,2023-06-03,22,dokum,다음 밑줄 친 漢字語의 讀音을 쓰세요.,공주가 나무꾼과 결혼할 거라 는 所聞이 파다합니다.,所聞,,소문,소문,
6급II,101,2023-06-03,23,dokum,다음 밑줄 친 漢字語의 讀音을 쓰세요.,국내 기업이 자동 주행 장치 개발에 成功했습니다.,成功,,성공,성공,
6급II,101,2023-06-03,24,dokum,다음 밑줄 친 漢字語의 讀音을 쓰세요.,이 藥水는 톡 쏘는 맛이 납니다.,藥水,,약수,약수,
6급II,101,2023-06-03,25,dokum,다음 밑줄 친 漢字語의 讀音을 쓰세요.,김 박사는 食飮도 전폐한 채 연구에 몰두하였습니다.,食飮,,식음,식음,
6급II,101,2023-06-03,26,dokum,다음 밑줄 친 漢字語의 讀音을 쓰세요.,요즘에는 사용하기 便利한 가 전제품들이 많습니다.,便利,,편리,편리,
6급II,101,2023-06-03,27,dokum,다음 밑줄 친 漢字語의 讀音을 쓰세요.,여름 감기에 걸리지 않도록 注意 하십시오. 6級II *** 6級과6級Ⅱ는서로다른급수입니다. 반드시지원급수를다시확인하세요. *** 80 문항 / 50분 시험 / 시험일자 : 2023. 06. 03. * 성명을 쓰고 문제지와 답안지는 함께 제출하시오. 성명( ),注意,,주의,주의,
6급II,101,2023-06-03,28,dokum,다음 밑줄 친 漢字語의 讀音을 쓰세요.,법 앞에서는 모든 사람이 平等 합니다.,平等,,평등,평등,
6급II,101,2023-06-03,29,dokum,다음 밑줄 친 漢字語의 讀音을 쓰세요.,가정은 사회를 이루는 가장 기 초적인 共同체입니다.,共同,,공동,공동,
6급II,101,2023-06-03,30,dokum,다음 밑줄 친 漢字語의 讀音을 쓰세요.,이곳 球場은 만 명의 관중을 수용할 수 있습니다.,球場,,구장,구장,
6급II,101,2023-06-03,31,dokum,다음 밑줄 친 漢字語의 讀音을 쓰세요.,학생들이 自發적으로 독서 모 임을 조직했습니다.,自發,,자발,자발,
6급II,101,2023-06-03,32,dokum,다음 밑줄 친 漢字語의 讀音을 쓰세요.,물가가 오르면 서민들이 家計 를 꾸리기 힘듭니다.,家計,,가계,가계,
6급II,101,2023-06-03,33,hunum,다음 漢字의 訓과 音을 쓰세요.,新,新,,새 신,새 신,
6급II,101,2023-06-03,34,hunum,다음 漢字의 訓과 音을 쓰세요.,住,住,,살 주,살 주,
6급II,101,2023-06-03,35,hunum,다음 漢字의 訓과 音을 쓰세요.,各,各,,각각 각,각각 각,
6급II,101,2023-06-03,36,hunum,다음 漢字의 訓과 音을 쓰세요.,才,才,,재주 재,재주 재,
6급II,101,2023-06-03,37,hunum,다음 漢字의 訓과 音을 쓰세요.,幸,幸,,다행 행,다행 행,
6급II,101,2023-06-03,38,hunum,다음 漢字의 訓과 音을 쓰세요.,千,千,,일천 천,일천 천,
6급II,101,2023-06-03,39,hunum,다음 漢字의 訓과 音을 쓰세요.,育,育,,기를 육,기를 육,
6급II,101,2023-06-03,40,hunum,다음 漢字의 訓과 音을 쓰세요.,圖,圖,,그림 도,그림 도,
6급II,101,2023-06-03,41,hunum,다음 漢字의 訓과 音을 쓰세요.,省,省,,살필 성 | 덜 생,살필 성 | 덜 생,
6급II,101,2023-06-03,42,hunum,다음 漢字의 訓과 音을 쓰세요.,題,題,,제목 제,제목 제,
6급II,101,2023-06-03,43,hunum,다음 漢字의 訓과 音을 쓰세요.,放,放,,놓을 방,놓을 방,
6급II,101,2023-06-03,44,hunum,다음 漢字의 訓과 音을 쓰세요.,第,第,,차례 제,차례 제,
6급II,101,2023-06-03,45,hunum,다음 漢字의 訓과 音을 쓰세요.,里,里,,마을 리,마을 리,
6급II,101,2023-06-03,46,hunum,다음 漢字의 訓과 音을 쓰세요.,老,老,,늙을 로,늙을 로,
6급II,101,2023-06-03,47,hunum,다음 漢字의 訓과 音을 쓰세요.,始,始,,비로소 시,비로소 시,
6급II,101,2023-06-03,48,hunum,다음 漢字의 訓과 音을 쓰세요.,庭,庭,,뜰 정,뜰 정,
6급II,101,2023-06-03,49,hunum,다음 漢字의 訓과 音을 쓰세요.,童,童,,아이 동,아이 동,
6급II,101,2023-06-03,50,hunum,다음 漢字의 訓과 音을 쓰세요.,短,短,,짧을 단,짧을 단,
6급II,101,2023-06-03,51,hunum,다음 漢字의 訓과 音을 쓰세요.,科,科,,과목 과,과목 과,
6급II,101,2023-06-03,52,hunum,다음 漢字의 訓과 音을 쓰세요.,雪,雪,,눈 설,눈 설,
6급II,101,2023-06-03,53,hunum,다음 漢字의 訓과 音을 쓰세요.,川,川,,내 천,내 천,
6급II,101,2023-06-03,54,hunum,다음 漢字의 訓과 音을 쓰세요.,術,術,,재주 술,재주 술,
6급II,101,2023-06-03,55,hunum,다음 漢字의 訓과 音을 쓰세요.,班,班,,나눌 반,나눌 반,
6급II,101,2023-06-03,56,hunum,다음 漢字의 訓과 音을 쓰세요.,消,消,,사라질 소,사라질 소,
6급II,101,2023-06-03,57,hunum,다음 漢字의 訓과 音을 쓰세요.,淸,淸,,맑을 청,맑을 청,
6급II,101,2023-06-03,58,hunum,다음 漢字의 訓과 音을 쓰세요.,書,書,,글 서,글 서,
6급II,101,2023-06-03,59,hunum,다음 漢字의 訓과 音을 쓰세요.,窓,窓,,창 창,창 창,
6급II,101,2023-06-03,60,hunum,다음 漢字의 訓과 音을 쓰세요.,樂,樂,,즐길 락 | 노래 악 | 좋아할 요,즐길 락 | 노래 악 | 좋아할 요,
6급II,101,2023-06-03,61,hunum,다음 漢字의 訓과 音을 쓰세요.,紙,紙,,종이 지,종이 지,
6급II,101,2023-06-03,62,banui_select,다음 중 뜻이 서로 반대(또는 상대)되는 漢字끼리 연결되지 않은 것을 찾아 그 번호를 쓰세요.,,,"[""① 工 ↔ 作"", ""② 敎 ↔ 學"", ""③ 心 ↔ 身"", ""④ 月 ↔ 日""]",①,工 ↔ 作,
6급II,101,2023-06-03,63,banui_select,다음 중 뜻이 서로 반대(또는 상대)되는 漢字끼리 연결되지 않은 것을 찾아 그 번호를 쓰세요.,,,"[""① 後 ↔ 先"", ""② 生 ↔ 活"", ""③ 手 ↔ 足"", ""④ 昨 ↔ 今""]",②,生 ↔ 活,
6급II,101,2023-06-03,64,select_hanja,다음 문장에 어울리는 漢字語가 되도록 ( ) 안에 알맞은 漢字를 <보기>에서 찾아 그 번호를 쓰세요.,석회질이 많은 ( )地에서는 뽕 나무가 잘 자랍니다.,()地,"[""① 集"", ""② 和"", ""③ 土"", ""④ 直""]",③,土,
6급II,101,2023-06-03,65,select_hanja,다음 문장에 어울리는 漢字語가 되도록 ( ) 안에 알맞은 漢字를 <보기>에서 찾아 그 번호를 쓰세요.,아버지께서는 평생 성실과 正( )을 생활 신조로 삼아왔습니다.,正(),"[""① 集"", ""② 和"", ""③ 土"", ""④ 直""]",④,直,
6급II,101,2023-06-03,66,mean_select,다음 뜻에 맞는 漢字語를 <보기>에서 찾아 그 번호를 쓰세요.,바람의 힘.,,"[""① 勇名"", ""② 內弱"", ""③ 界面"", ""④ 風力"", ""⑤ 出戰"", ""⑥ 來信""]",④,風力,
6급II,101,2023-06-03,67,mean_select,다음 뜻에 맞는 漢字語를 <보기>에서 찾아 그 번호를 쓰세요.,싸우러 나감.,,"[""① 勇名"", ""② 內弱"", ""③ 界面"", ""④ 風力"", ""⑤ 出戰"", ""⑥ 來信""]",⑤,出戰,
6급II,101,2023-06-03,68,hanjaeo_write,다음 밑줄 친 漢字語를 漢字로 쓰세요.,집집마다 대문에 '입춘대길'이 라 써 붙였습니다.,대문,,大門,大門,
6급II,101,2023-06-03,69,hanjaeo_write,다음 밑줄 친 漢字語를 漢字로 쓰세요.,교장 선생님께서 새로 오신 선 생님을 소개하셨습니다.,교장,,校長,校長,
6급II,101,2023-06-03,70,hanjaeo_write,다음 밑줄 친 漢字語를 漢字로 쓰세요.,우리 부모님은 농사를 지으십 니다.,부모,,父母,父母,
6급II,101,2023-06-03,71,hanjaeo_write,다음 밑줄 친 漢字語를 漢字로 쓰세요.,불교는 우리나라 삼국 시대에 전래되었습니다.,삼국,,三國,三國,
6급II,101,2023-06-03,72,hanjaeo_write,다음 밑줄 친 漢字語를 漢字로 쓰세요.,바람이 남동쪽에서 불어옵니다.,남동,,南東,南東,
6급II,101,2023-06-03,73,hanjaeo_write,다음 밑줄 친 漢字語를 漢字로 쓰세요.,여왕개미의 수명은 5~10년 정 도라고 합니다.,여왕,,女王,女王,
6급II,101,2023-06-03,74,hanjaeo_write,다음 밑줄 친 漢字語를 漢字로 쓰세요.,자유와 평등은 만민의 권리입 니다.,만민,,萬民,萬民,
6급II,101,2023-06-03,75,hanjaeo_write,다음 밑줄 친 漢字語를 漢字로 쓰세요.,백군의 함성 소리가 운동장을 가득 메웠습니다.,백군,,白軍,白軍,
6급II,101,2023-06-03,76,hanjaeo_write,다음 밑줄 친 漢字語를 漢字로 쓰세요.,나무꾼이 산중에서 호랑이를 만났습니다.,산중,,山中,山中,
6급II,101,2023-06-03,77,hanjaeo_write,다음 밑줄 친 漢字語를 漢字로 쓰세요.,부모님의 사촌 형제는 나와 오촌 관계가 됩니다.,오촌,,五寸,五寸,
6급II,101,2023-06-03,78,stroke,다음 漢字의 짙게 표시한 획은 몇 번째 쓰는 획인지 <보기>에서 찾아 그 번호를 쓰세요.,,,"[""① 첫 번째"", ""② 두 번째"", ""③ 세 번째"", ""④ 네 번째"", ""⑤ 다섯 번째"", ""⑥ 여섯 번째"", ""⑦ 일곱 번째"", ""⑧ 여덟 번째"", ""⑨ 아홉 번째"", ""⑩ 열 번째"", ""⑪ 열한 번째"", ""⑫ 열두 번째""]",⑦,일곱 번째,exam-strokes/stroke_6ii_101_78.png
6급II,101,2023-06-03,79,stroke,다음 漢字의 짙게 표시한 획은 몇 번째 쓰는 획인지 <보기>에서 찾아 그 번호를 쓰세요.,,,"[""① 첫 번째"", ""② 두 번째"", ""③ 세 번째"", ""④ 네 번째"", ""⑤ 다섯 번째"", ""⑥ 여섯 번째"", ""⑦ 일곱 번째"", ""⑧ 여덟 번째"", ""⑨ 아홉 번째"", ""⑩ 열 번째"", ""⑪ 열한 번째"", ""⑫ 열두 번째""]",⑥,여섯 번째,exam-strokes/stroke_6ii_101_79.png
6급II,101,2023-06-03,80,stroke,다음 漢字의 짙게 표시한 획은 몇 번째 쓰는 획인지 <보기>에서 찾아 그 번호를 쓰세요.,,,"[""① 첫 번째"", ""② 두 번째"", ""③ 세 번째"", ""④ 네 번째"", ""⑤ 다섯 번째"", ""⑥ 여섯 번째"", ""⑦ 일곱 번째"", ""⑧ 여덟 번째"", ""⑨ 아홉 번째"", ""⑩ 열 번째"", ""⑪ 열한 번째"", ""⑫ 열두 번째""]",⑦,일곱 번째,exam-strokes/stroke_6ii_101_80.png
6급II,102,2023-08-26,1,dokum,다음 밑줄 친 漢字語의 讀音을 쓰세요.,지출을 기록하는 습관은 家計에 도움이 됩니다.,家計,,가계,가계,
6급II,102,2023-08-26,2,dokum,다음 밑줄 친 漢字語의 讀音을 쓰세요.,그 카페에는 회의를 할 수 있는 조용한 空間이 있습니다.,空間,,공간,공간,
6급II,102,2023-08-26,3,dokum,다음 밑줄 친 漢字語의 讀音을 쓰세요.,언론은 사실을 公正하게 보도해 야 합니다.,公正,,공정,공정,
6급II,102,2023-08-26,4,dokum,다음 밑줄 친 漢字語의 讀音을 쓰세요.,눈으로 볼 수 있는 光線은 7가 지 색깔입니다.,光線,,광선,광선,
6급II,102,2023-08-26,5,dokum,다음 밑줄 친 漢字語의 讀音을 쓰세요.,모든 敎育은 가정에서 시작됩니 다.,敎育,,교육,교육,
6급II,102,2023-08-26,6,dokum,다음 밑줄 친 漢字語의 讀音을 쓰세요.,옆집에 여러 번 문을 두드렸으 나 對答이 없었습니다.,對答,,대답,대답,
6급II,102,2023-08-26,7,dokum,다음 밑줄 친 漢字語의 讀音을 쓰세요.,어릴 때부터 제 취미는 讀書입 니다.,讀書,,독서,독서,
6급II,102,2023-08-26,8,dokum,다음 밑줄 친 漢字語의 讀音을 쓰세요.,쌍둥이는 同一한 습관을 가진 경우가 많습니다.,同一,,동일,동일,
6급II,102,2023-08-26,9,dokum,다음 밑줄 친 漢字語의 讀音을 쓰세요.,그 사람은 세계적으로 유명한 童話 작가입니다.,童話,,동화,동화,
6급II,102,2023-08-26,10,dokum,다음 밑줄 친 漢字語의 讀音을 쓰세요.,每年 한국을 찾는 관광객이 증 가하고 있습니다.,每年,,매년,매년,
6급II,102,2023-08-26,11,dokum,다음 밑줄 친 漢字語의 讀音을 쓰세요.,개화기 때 서양의 과학과 기술 文物이 들어오게 되었습니다.,文物,,문물,문물,
6급II,102,2023-08-26,12,dokum,다음 밑줄 친 漢字語의 讀音을 쓰세요.,정치인들은 民心을 얻기 위해 각고의 노력을 기울입니다.,民心,,민심,민심,
6급II,102,2023-08-26,13,dokum,다음 밑줄 친 漢字語의 讀音을 쓰세요.,아이가 엄마의 질문에 反問을 했습니다.,反問,,반문,반문,
6급II,102,2023-08-26,14,dokum,다음 밑줄 친 漢字語의 讀音을 쓰세요.,다음 주 월요일에 放學이 시작 됩니다.,放學,,방학,방학,
6급II,102,2023-08-26,15,dokum,다음 밑줄 친 漢字語의 讀音을 쓰세요.,좋은 여행지를 百方으로 알아보 았습니다.,百方,,백방,백방,
6급II,102,2023-08-26,16,dokum,다음 밑줄 친 漢字語의 讀音을 쓰세요.,사회는 여러 部分으로 조직화되 어 있습니다.,部分,,부분,부분,
6급II,102,2023-08-26,17,dokum,다음 밑줄 친 漢字語의 讀音을 쓰세요.,이 건물은 五角 모양의 창문이 이색적입니다.,五角,,오각,오각,
6급II,102,2023-08-26,18,dokum,다음 밑줄 친 漢字語의 讀音을 쓰세요.,배터리 기술이 전기차 상용화의 成功을 결정짓는다고 합니다.,成功,,성공,성공,
6급II,102,2023-08-26,19,dokum,다음 밑줄 친 漢字語의 讀音을 쓰세요.,여러분의 작은 기부가 따뜻한 世上을 만듭니다.,世上,,세상,세상,
6급II,102,2023-08-26,20,dokum,다음 밑줄 친 漢字語의 讀音을 쓰세요.,박수 소리와 함께 공연이 始作 되었습니다.,始作,,시작,시작,
6급II,102,2023-08-26,21,dokum,다음 밑줄 친 漢字語의 讀音을 쓰세요.,우리 동네에는 아주 유명한 市場 이 있습니다.,市場,,시장,시장,
6급II,102,2023-08-26,22,dokum,다음 밑줄 친 漢字語의 讀音을 쓰세요.,"우리 동생은 어릴 때부터 音樂 에 재능이 있다고 들었습니다. 6級II *** 6級과6級Ⅱ는서로다른급수입니다. 반드시지원급수를다시확인하세요. *** 80 문항 / 50분 시험 / 시험일자 : 2023. 08. 26. * 성명과 수험번호를 쓰고 문제지와 답안지는 함께 제출하세요. 성명( ), 수험번호□□□-□□-□□□□",音樂,,음악,음악,
6급II,102,2023-08-26,23,dokum,다음 밑줄 친 漢字語의 讀音을 쓰세요.,지하철 역 자전거는 누구나 利用 할 수 있습니다.,利用,,이용,이용,
6급II,102,2023-08-26,24,dokum,다음 밑줄 친 漢字語의 讀音을 쓰세요.,自然을 보존하기 위해 노력해야 합니다.,自然,,자연,자연,
6급II,102,2023-08-26,25,dokum,다음 밑줄 친 漢字語의 讀音을 쓰세요.,갑작스러운 기온 변화로 電氣 사용이 급증했습니다.,電氣,,전기,전기,
6급II,102,2023-08-26,26,dokum,다음 밑줄 친 漢字語의 讀音을 쓰세요.,문제를 해결하기 위해 全力을 다하고 있습니다.,全力,,전력,전력,
6급II,102,2023-08-26,27,dokum,다음 밑줄 친 漢字語의 讀音을 쓰세요.,여행을 할 때 地圖가 꼭 필요합 니다.,地圖,,지도,지도,
6급II,102,2023-08-26,28,dokum,다음 밑줄 친 漢字語의 讀音을 쓰세요.,명상은 정신을 集中할 때 도움 이 됩니다.,集中,,집중,집중,
6급II,102,2023-08-26,29,dokum,다음 밑줄 친 漢字語의 讀音을 쓰세요.,유명 아이돌의 出現으로 주변이 시끄러워졌습니다.,出現,,출현,출현,
6급II,102,2023-08-26,30,dokum,다음 밑줄 친 漢字語의 讀音을 쓰세요.,우리는 平和를 지키기 위해 노 력해야 합니다.,平和,,평화,평화,
6급II,102,2023-08-26,31,dokum,다음 밑줄 친 漢字語의 讀音을 쓰세요.,다리를 다쳐서 당분간 活動을 할 수 없습니다.,活動,,활동,활동,
6급II,102,2023-08-26,32,dokum,다음 밑줄 친 漢字語의 讀音을 쓰세요.,대학을 졸업하자마자 會社에 들 어갔습니다.,會社,,회사,회사,
6급II,102,2023-08-26,33,hunum,다음 漢字의 訓과 音을 쓰세요.,不,不,,아닐 불/부,아닐 불/부,
6급II,102,2023-08-26,34,hunum,다음 漢字의 訓과 音을 쓰세요.,雪,雪,,눈 설,눈 설,
6급II,102,2023-08-26,35,hunum,다음 漢字의 訓과 音을 쓰세요.,白,白,,흰 백,흰 백,
6급II,102,2023-08-26,36,hunum,다음 漢字의 訓과 音을 쓰세요.,才,才,,재주 재,재주 재,
6급II,102,2023-08-26,37,hunum,다음 漢字의 訓과 音을 쓰세요.,弱,弱,,약할 약,약할 약,
6급II,102,2023-08-26,38,hunum,다음 漢字의 訓과 音을 쓰세요.,直,直,,곧을 직,곧을 직,
6급II,102,2023-08-26,39,hunum,다음 漢字의 訓과 音을 쓰세요.,身,身,,몸 신,몸 신,
6급II,102,2023-08-26,40,hunum,다음 漢字의 訓과 音을 쓰세요.,高,高,,높을 고,높을 고,
6급II,102,2023-08-26,41,hunum,다음 漢字의 訓과 音을 쓰세요.,第,第,,차례 제:,차례 제:,
6급II,102,2023-08-26,42,hunum,다음 漢字의 訓과 音을 쓰세요.,足,足,,발 족,발 족,
6급II,102,2023-08-26,43,hunum,다음 漢字의 訓과 音을 쓰세요.,土,土,,흙 토,흙 토,
6급II,102,2023-08-26,44,hunum,다음 漢字의 訓과 音을 쓰세요.,語,語,,말씀 어:,말씀 어:,
6급II,102,2023-08-26,45,hunum,다음 漢字의 訓과 音을 쓰세요.,有,有,,있을 유:,있을 유:,
6급II,102,2023-08-26,46,hunum,다음 漢字의 訓과 音을 쓰세요.,發,發,,필 발,필 발,
6급II,102,2023-08-26,47,hunum,다음 漢字의 訓과 音을 쓰세요.,里,里,,마을 리:,마을 리:,
6급II,102,2023-08-26,48,hunum,다음 漢字의 訓과 音을 쓰세요.,夕,夕,,저녁 석,저녁 석,
6급II,102,2023-08-26,49,hunum,다음 漢字의 訓과 音을 쓰세요.,午,午,,낮 오:,낮 오:,
6급II,102,2023-08-26,50,hunum,다음 漢字의 訓과 音을 쓰세요.,十,十,,열 십,열 십,
6급II,102,2023-08-26,51,hunum,다음 漢字의 訓과 音을 쓰세요.,食,食,,밥/먹을 식,밥/먹을 식,
6급II,102,2023-08-26,52,hunum,다음 漢字의 訓과 音을 쓰세요.,安,安,,편안 안,편안 안,
6급II,102,2023-08-26,53,hunum,다음 漢字의 訓과 音을 쓰세요.,庭,庭,,뜰 정,뜰 정,
6급II,102,2023-08-26,54,hunum,다음 漢字의 訓과 音을 쓰세요.,天,天,,하늘 천,하늘 천,
6급II,102,2023-08-26,55,hunum,다음 漢字의 訓과 音을 쓰세요.,意,意,,뜻 의:,뜻 의:,
6급II,102,2023-08-26,56,hunum,다음 漢字의 訓과 音을 쓰세요.,村,村,,마을 촌:,마을 촌:,
6급II,102,2023-08-26,57,hunum,다음 漢字의 訓과 音을 쓰세요.,新,新,,새 신,새 신,
6급II,102,2023-08-26,58,hunum,다음 漢字의 訓과 音을 쓰세요.,祖,祖,,할아비 조,할아비 조,
6급II,102,2023-08-26,59,hunum,다음 漢字의 訓과 音을 쓰세요.,時,時,,때 시,때 시,
6급II,102,2023-08-26,60,hunum,다음 漢字의 訓과 音을 쓰세요.,子,子,,아들 자,아들 자,
6급II,102,2023-08-26,61,hunum,다음 漢字의 訓과 音을 쓰세요.,紙,紙,,종이 지,종이 지,
6급II,102,2023-08-26,62,banui_select,다음 중 뜻이 서로 반대(또는 상대)되는 漢字끼리 연결되지 않은 것을 찾아 그 번호를 쓰세요.,,,"[""① 大 ↔ 小"", ""② 內 ↔ 外"", ""③ 靑 ↔ 草"", ""④ 昨 ↔ 今""]",③,靑 ↔ 草,
6급II,102,2023-08-26,63,banui_select,다음 중 뜻이 서로 반대(또는 상대)되는 漢字끼리 연결되지 않은 것을 찾아 그 번호를 쓰세요.,,,"[""① 男 ↔ 女"", ""② 勇 ↔ 信"", ""③ 前 ↔ 後"", ""④ 長 ↔ 短""]",②,勇 ↔ 信,
6급II,102,2023-08-26,64,select_hanja,다음 문장에 어울리는 漢字語가 되도록 ( ) 안에 알맞은 漢字를 <보기>에서 찾아 그 번호를 쓰세요.,생태 보존은 전 인류의 運( )과 관련한 문제입니다.,運(),"[""① 歌"", ""② 戰"", ""③ 消"", ""④ 命""]",④,命,
6급II,102,2023-08-26,65,select_hanja,다음 문장에 어울리는 漢字語가 되도록 ( ) 안에 알맞은 漢字를 <보기>에서 찾아 그 번호를 쓰세요.,( )手를 배출하는 경연 프로그램이 인기가 많습니다.,()手,"[""① 歌"", ""② 戰"", ""③ 消"", ""④ 命""]",①,歌,
6급II,102,2023-08-26,66,mean_select,다음 뜻에 맞는 漢字語를 <보기>에서 찾아 그 번호를 쓰세요.,남을 대신하여 일을 처리함.,,"[""① 明堂"", ""② 農林"", ""③ 休業"", ""④ 形便"", ""⑤ 淸算"", ""⑥ 代理""]",⑥,代理,
6급II,102,2023-08-26,67,mean_select,다음 뜻에 맞는 漢字語를 <보기>에서 찾아 그 번호를 쓰세요.,일이 되어가는 모양이나 경로.,,"[""① 明堂"", ""② 農林"", ""③ 休業"", ""④ 形便"", ""⑤ 淸算"", ""⑥ 代理""]",④,形便,
6급II,102,2023-08-26,68,hanjaeo_write,다음 밑줄 친 漢字語를 漢字로 쓰세요.,수업이 끝나자 학생들이 교문을 향해 뛰었습니다.,교문,,校門,校門,
6급II,102,2023-08-26,69,hanjaeo_write,다음 밑줄 친 漢字語를 漢字로 쓰세요.,미국의 남북 전쟁은 1881년에 발발하였습니다.,남북,,南北,南北,
6급II,102,2023-08-26,70,hanjaeo_write,다음 밑줄 친 漢字語를 漢字로 쓰세요.,우리 형제는 사이가 아주 좋습 니다.,형제,,兄弟,兄弟,
6급II,102,2023-08-26,71,hanjaeo_write,다음 밑줄 친 漢字語를 漢字로 쓰세요.,삼촌은 결혼하기 전에 우리 집 에서 살았습니다.,삼촌,,三寸,三寸,
6급II,102,2023-08-26,72,hanjaeo_write,다음 밑줄 친 漢字語를 漢字로 쓰세요.,다음 주는 제 스무 번째 생일입 니다.,생일,,生日,生日,
6급II,102,2023-08-26,73,hanjaeo_write,다음 밑줄 친 漢字語를 漢字로 쓰세요.,고궁 박물관에는 조선 왕실의 유물들을 전시하고 있습니다.,왕실,,王室,王室,
6급II,102,2023-08-26,74,hanjaeo_write,다음 밑줄 친 漢字語를 漢字로 쓰세요.,언니는 이월에 대학교를 졸업합 니다.,이월,,二月,二月,
6급II,102,2023-08-26,75,hanjaeo_write,다음 밑줄 친 漢字語를 漢字로 쓰세요.,우리 형은 장래 희망이 군인입 니다.,군인,,軍人,軍人,
6급II,102,2023-08-26,76,hanjaeo_write,다음 밑줄 친 漢字語를 漢字로 쓰세요.,저는 대학에 입학한 후부터 부모 님과 따로 살고 있습니다.,부모,,父母,父母,
6급II,102,2023-08-26,77,hanjaeo_write,다음 밑줄 친 漢字語를 漢字로 쓰세요.,서산에 해가 지고 있는 모습이 정말 아름답습니다.,서산,,西山,西山,
6급II,102,2023-08-26,78,stroke,다음 漢字의 짙게 표시한 획은 몇 번째 쓰는 획인지 <보기>에서 찾아 그 번호를 쓰세요.,,,"[""① 첫 번째"", ""② 두 번째"", ""③ 세 번째"", ""④ 네 번째"", ""⑤ 다섯 번째"", ""⑥ 여섯 번째"", ""⑦ 일곱 번째"", ""⑧ 여덟 번째"", ""⑨ 아홉 번째"", ""⑩ 열 번째"", ""⑪ 열한 번째"", ""⑫ 열두 번째""]",⑥,여섯 번째,exam-strokes/stroke_6ii_102_78.png
6급II,102,2023-08-26,79,stroke,다음 漢字의 짙게 표시한 획은 몇 번째 쓰는 획인지 <보기>에서 찾아 그 번호를 쓰세요.,,,"[""① 첫 번째"", ""② 두 번째"", ""③ 세 번째"", ""④ 네 번째"", ""⑤ 다섯 번째"", ""⑥ 여섯 번째"", ""⑦ 일곱 번째"", ""⑧ 여덟 번째"", ""⑨ 아홉 번째"", ""⑩ 열 번째"", ""⑪ 열한 번째"", ""⑫ 열두 번째""]",⑥,여섯 번째,exam-strokes/stroke_6ii_102_79.png
6급II,102,2023-08-26,80,stroke,다음 漢字의 짙게 표시한 획은 몇 번째 쓰는 획인지 <보기>에서 찾아 그 번호를 쓰세요.,,,"[""① 첫 번째"", ""② 두 번째"", ""③ 세 번째"", ""④ 네 번째"", ""⑤ 다섯 번째"", ""⑥ 여섯 번째"", ""⑦ 일곱 번째"", ""⑧ 여덟 번째"", ""⑨ 아홉 번째"", ""⑩ 열 번째"", ""⑪ 열한 번째"", ""⑫ 열두 번째""]",⑥,여섯 번째,exam-strokes/stroke_6ii_102_80.png
6급II,103,2023-11-11,1,dokum,다음 밑줄 친 漢字語의 讀音을 쓰세요.,우리 팀은 두 명의 수비수가 공 격수를 저지하는 戰術을 쓸 것 입니다.,戰術,,전술,전술,
6급II,103,2023-11-11,2,dokum,다음 밑줄 친 漢字語의 讀音을 쓰세요.,농사를 잘 지으려면 자기 지역 의 風土에 알맞은 종자를 선택 해야 합니다.,風土,,풍토,풍토,
6급II,103,2023-11-11,3,dokum,다음 밑줄 친 漢字語의 讀音을 쓰세요.,도마 위에서 칼질을 할 때에는 세심한 注意가 필요합니다.,注意,,주의,주의,
6급II,103,2023-11-11,4,dokum,다음 밑줄 친 漢字語의 讀音을 쓰세요.,그는 설악산의 地理를 자기 손 바닥처럼 환히 알고 있습니다.,地理,,지리,지리,
6급II,103,2023-11-11,5,dokum,다음 밑줄 친 漢字語의 讀音을 쓰세요.,이 책은 아이들의 인성 敎育에 유익합니다.,敎育,,교육,교육,
6급II,103,2023-11-11,6,dokum,다음 밑줄 친 漢字語의 讀音을 쓰세요.,저는 우리 팀이 무리 없이 우승 할 것이라고 自信합니다.,自信,,자신,자신,
6급II,103,2023-11-11,7,dokum,다음 밑줄 친 漢字語의 讀音을 쓰세요.,우리나라 南海에는 난류성 어종 이 풍부합니다.,南海,,남해,남해,
6급II,103,2023-11-11,8,dokum,다음 밑줄 친 漢字語의 讀音을 쓰세요.,노모를 모시고 사는 그는 천하 에 둘도 없는 孝子입니다.,孝子,,효자,효자,
6급II,103,2023-11-11,9,dokum,다음 밑줄 친 漢字語의 讀音을 쓰세요.,食堂에는 손님들이 많아 빈자리 가 없었습니다.,食堂,,식당,식당,
6급II,103,2023-11-11,10,dokum,다음 밑줄 친 漢字語의 讀音을 쓰세요.,그들이 준비한 음식은 7명이 먹 기에 약간 不足했습니다.,不足,,부족,부족,
6급II,103,2023-11-11,11,dokum,다음 밑줄 친 漢字語의 讀音을 쓰세요.,오빠는 케이크를 먹기 좋게 세 等分하였습니다.,等分,,등분,등분,
6급II,103,2023-11-11,12,dokum,다음 밑줄 친 漢字語의 讀音을 쓰세요.,병원에서는 전산 시스템을 活用하 여 환자들의 기록을 보관합니다.,活用,,활용,활용,
6급II,103,2023-11-11,13,dokum,다음 밑줄 친 漢字語의 讀音을 쓰세요.,그 가게를 찾아가는 데 時間이 많이 걸렸습니다.,時間,,시간,시간,
6급II,103,2023-11-11,14,dokum,다음 밑줄 친 漢字語의 讀音을 쓰세요.,그 사람은 평소 부모님의 心氣 를 잘 헤아립니다.,心氣,,심기,심기,
6급II,103,2023-11-11,15,dokum,다음 밑줄 친 漢字語의 讀音을 쓰세요.,경찰의 가장 큰 임무는 公共의 안녕과 질서 유지입니다.,公共,,공공,공공,
6급II,103,2023-11-11,16,dokum,다음 밑줄 친 漢字語의 讀音을 쓰세요.,우리 고장은 토지가 비옥하고 水利 시설이 발달하였습니다.,水利,,수리,수리,
6급II,103,2023-11-11,17,dokum,다음 밑줄 친 漢字語의 讀音을 쓰세요.,이 항구는 일찍부터 對外 무역 이 활발하였던 곳입니다.,對外,,대외,대외,
6급II,103,2023-11-11,18,dokum,다음 밑줄 친 漢字語의 讀音을 쓰세요.,지하철과 달리 電車는 지상 위 로 운행합니다.,電車,,전차,전차,
6급II,103,2023-11-11,19,dokum,다음 밑줄 친 漢字語의 讀音을 쓰세요.,대형마트는 매월 첫째 주 일요 일에 모두 休業합니다.,休業,,휴업,휴업,
6급II,103,2023-11-11,20,dokum,다음 밑줄 친 漢字語의 讀音을 쓰세요.,잠들기 直前에는 음식을 안 먹 는 것이 좋습니다.,直前,,직전,직전,
6급II,103,2023-11-11,21,dokum,다음 밑줄 친 漢字語의 讀音을 쓰세요.,"나는 은행 窓口 앞에서 내 차례 가 되기를 기다렸습니다. 6級II *** 6級과6級Ⅱ는서로다른급수입니다. 반드시지원급수를다시확인하세요. *** 80 문항 / 50분 시험 / 시험일자 : 2023. 11. 11. * 성명과 수험번호를 쓰고 문제지와 답안지는 함께 제출하세요. 성명( ), 수험번호□□□-□□-□□□□",窓口,,창구,창구,
6급II,103,2023-11-11,22,dokum,다음 밑줄 친 漢字語의 讀音을 쓰세요.,소풍을 간 날은 선선한 바람이 부는 淸明한 가을날이었습니다.,淸明,,청명,청명,
6급II,103,2023-11-11,23,dokum,다음 밑줄 친 漢字語의 讀音을 쓰세요.,나는 플루트의 고운 音色을 좋 아합니다.,音色,,음색,음색,
6급II,103,2023-11-11,24,dokum,다음 밑줄 친 漢字語의 讀音을 쓰세요.,내일 낮에는 中部 지방에 소나 기가 예상됩니다.,中部,,중부,중부,
6급II,103,2023-11-11,25,dokum,다음 밑줄 친 漢字語의 讀音을 쓰세요.,이 노래는 특히 젊은 世代에게 폭발적인 인기를 얻고 있습니다.,世代,,세대,세대,
6급II,103,2023-11-11,26,dokum,다음 밑줄 친 漢字語의 讀音을 쓰세요.,그 가수는 3년 동안의 空白을 깨고 다시 무대에 섰습니다.,空白,,공백,공백,
6급II,103,2023-11-11,27,dokum,다음 밑줄 친 漢字語의 讀音을 쓰세요.,할아버지의 春秋는 올해 여든이 십니다.,春秋,,춘추,춘추,
6급II,103,2023-11-11,28,dokum,다음 밑줄 친 漢字語의 讀音을 쓰세요.,이 장롱은 전복의 天然 색채를 이 용한 자개 공예를 사용했습니다.,天然,,천연,천연,
6급II,103,2023-11-11,29,dokum,다음 밑줄 친 漢字語의 讀音을 쓰세요.,이 춤은 動作을 크게 해야 활기 차 보입니다.,動作,,동작,동작,
6급II,103,2023-11-11,30,dokum,다음 밑줄 친 漢字語의 讀音을 쓰세요.,영희는 어버이날이면 꼭 부모님 께 便紙를 씁니다.,便紙,,편지,편지,
6급II,103,2023-11-11,31,dokum,다음 밑줄 친 漢字語의 讀音을 쓰세요.,우리 집은 祖上 대대로 이 동네 에서 살아왔습니다.,祖上,,조상,조상,
6급II,103,2023-11-11,32,dokum,다음 밑줄 친 漢字語의 讀音을 쓰세요.,우리는 그 의원을 찾기 위해 八方 으로 수소문을 했습니다.,八方,,팔방,팔방,
6급II,103,2023-11-11,33,hunum,다음 漢字의 訓과 音을 쓰세요.,飮,飮,,마실 음,마실 음,
6급II,103,2023-11-11,34,hunum,다음 漢字의 訓과 音을 쓰세요.,急,急,,급할 급,급할 급,
6급II,103,2023-11-11,35,hunum,다음 漢字의 訓과 音을 쓰세요.,幸,幸,,다행 행,다행 행,
6급II,103,2023-11-11,36,hunum,다음 漢字의 訓과 音을 쓰세요.,成,成,,이룰 성,이룰 성,
6급II,103,2023-11-11,37,hunum,다음 漢字의 訓과 音을 쓰세요.,和,和,,화할 화,화할 화,
6급II,103,2023-11-11,38,hunum,다음 漢字의 訓과 音을 쓰세요.,弱,弱,,약할 약,약할 약,
6급II,103,2023-11-11,39,hunum,다음 漢字의 訓과 音을 쓰세요.,各,各,,각각 각,각각 각,
6급II,103,2023-11-11,40,hunum,다음 漢字의 訓과 音을 쓰세요.,放,放,,놓을 방,놓을 방,
6급II,103,2023-11-11,41,hunum,다음 漢字의 訓과 音을 쓰세요.,始,始,,비로소 시,비로소 시,
6급II,103,2023-11-11,42,hunum,다음 漢字의 訓과 音을 쓰세요.,表,表,,겉 표,겉 표,
6급II,103,2023-11-11,43,hunum,다음 漢字의 訓과 音을 쓰세요.,藥,藥,,약 약,약 약,
6급II,103,2023-11-11,44,hunum,다음 漢字의 訓과 音을 쓰세요.,功,功,,공[勳] 공,공[勳] 공,
6급II,103,2023-11-11,45,hunum,다음 漢字의 訓과 音을 쓰세요.,角,角,,뿔 각,뿔 각,
6급II,103,2023-11-11,46,hunum,다음 漢字의 訓과 音을 쓰세요.,果,果,,실과 과,실과 과,
6급II,103,2023-11-11,47,hunum,다음 漢字의 訓과 音을 쓰세요.,新,新,,새 신,새 신,
6급II,103,2023-11-11,48,hunum,다음 漢字의 訓과 音을 쓰세요.,現,現,,나타날 현,나타날 현,
6급II,103,2023-11-11,49,hunum,다음 漢字의 訓과 音을 쓰세요.,消,消,,사라질 소,사라질 소,
6급II,103,2023-11-11,50,hunum,다음 漢字의 訓과 音을 쓰세요.,聞,聞,,들을 문,들을 문,
6급II,103,2023-11-11,51,hunum,다음 漢字의 訓과 音을 쓰세요.,計,計,,셀 계,셀 계,
6급II,103,2023-11-11,52,hunum,다음 漢字의 訓과 音을 쓰세요.,童,童,,아이 동,아이 동,
6급II,103,2023-11-11,53,hunum,다음 漢字의 訓과 音을 쓰세요.,科,科,,과목 과,과목 과,
6급II,103,2023-11-11,54,hunum,다음 漢字의 訓과 音을 쓰세요.,形,形,,모양 형,모양 형,
6급II,103,2023-11-11,55,hunum,다음 漢字의 訓과 音을 쓰세요.,圖,圖,,그림 도,그림 도,
6급II,103,2023-11-11,56,hunum,다음 漢字의 訓과 音을 쓰세요.,雪,雪,,눈 설,눈 설,
6급II,103,2023-11-11,57,hunum,다음 漢字의 訓과 音을 쓰세요.,光,光,,빛 광,빛 광,
6급II,103,2023-11-11,58,hunum,다음 漢字의 訓과 音을 쓰세요.,樂,樂,,즐길 락 | 노래 악 | 좋아할 요,즐길 락 | 노래 악 | 좋아할 요,
6급II,103,2023-11-11,59,hunum,다음 漢字의 訓과 音을 쓰세요.,神,神,,귀신 신,귀신 신,
6급II,103,2023-11-11,60,hunum,다음 漢字의 訓과 音을 쓰세요.,線,線,,줄 선,줄 선,
6급II,103,2023-11-11,61,hunum,다음 漢字의 訓과 音을 쓰세요.,班,班,,나눌 반,나눌 반,
6급II,103,2023-11-11,62,banui_select,다음 중 뜻이 서로 반대(또는 상대)되는 漢字끼리 연결되지 않은 것을 찾아 그 번호를 쓰세요.,,,"[""① 夏 ↔ 冬"", ""② 短 ↔ 長"", ""③ 安 ↔ 平"", ""④ 昨 ↔ 今""]",③,安 ↔ 平,
6급II,103,2023-11-11,63,banui_select,다음 중 뜻이 서로 반대(또는 상대)되는 漢字끼리 연결되지 않은 것을 찾아 그 번호를 쓰세요.,,,"[""① 正 ↔ 反"", ""② 家 ↔ 室"", ""③ 入 ↔ 出"", ""④ 高 ↔ 下""]",②,家 ↔ 室,
6급II,103,2023-11-11,64,select_hanja,다음 문장에 어울리는 漢字語가 되도록 ( ) 안에 알맞은 漢字를 <보기>에서 찾아 그 번호를 쓰세요.,철수는 ( )體를 단련하기 위해 꾸준히 운동을 합니다.,()體,"[""① 會"", ""② 界"", ""③ 身"", ""④ 半""]",③,身,
6급II,103,2023-11-11,65,select_hanja,다음 문장에 어울리는 漢字語가 되도록 ( ) 안에 알맞은 漢字를 <보기>에서 찾아 그 번호를 쓰세요.,오늘 광화문 광장에서 환경 보호를 촉구하는 集( )가,集(),"[""① 會"", ""② 界"", ""③ 身"", ""④ 半""]",①,會,
6급II,103,2023-11-11,66,mean_select,다음 뜻에 맞는 漢字語를 <보기>에서 찾아 그 번호를 쓰세요.,불이 일어나거나 타기 시작함.,,"[""① 庭球"", ""② 內道"", ""③ 才勇"", ""④ 書記"", ""⑤ 運命"", ""⑥ 發火""]",⑥,發火,
6급II,103,2023-11-11,67,mean_select,다음 뜻에 맞는 漢字語를 <보기>에서 찾아 그 번호를 쓰세요.,재주와 용기.,,"[""① 庭球"", ""② 內道"", ""③ 才勇"", ""④ 書記"", ""⑤ 運命"", ""⑥ 發火""]",③,才勇,
6급II,103,2023-11-11,68,hanjaeo_write,다음 밑줄 친 漢字語를 漢字로 쓰세요.,부모의 마음은 어느 자식에게나 다 같은 법입니다.,부모,,父母,父母,
6급II,103,2023-11-11,69,hanjaeo_write,다음 밑줄 친 漢字語를 漢字로 쓰세요.,오늘은 선생님께서 단소 부는 법을 가르쳐주셨습니다.,선생,,先生,先生,
6급II,103,2023-11-11,70,hanjaeo_write,다음 밑줄 친 漢字語를 漢字로 쓰세요.,소방관들은 항상 장비를 점검하 며 만일의 사태를 대비합니다.,만일,,萬一,萬一,
6급II,103,2023-11-11,71,hanjaeo_write,다음 밑줄 친 漢字語를 漢字로 쓰세요.,앞집 삼 형제는 모두 덩치가 우 람합니다.,형제,,兄弟,兄弟,
6급II,103,2023-11-11,72,hanjaeo_write,다음 밑줄 친 漢字語를 漢字로 쓰세요.,우리 학교의 한자 특강은 모든 학년을 대상으로 합니다.,학년,,學年,學年,
6급II,103,2023-11-11,73,hanjaeo_write,다음 밑줄 친 漢字語를 漢字로 쓰세요.,우리나라의 동북쪽은 높은 산지 로 이루어져 있습니다.,동북,,東北,東北,
6급II,103,2023-11-11,74,hanjaeo_write,다음 밑줄 친 漢字語를 漢字로 쓰세요.,우리 삼촌은 딸기 농사를 짓는 농부입니다.,삼촌,,三寸,三寸,
6급II,103,2023-11-11,75,hanjaeo_write,다음 밑줄 친 漢字語를 漢字로 쓰세요.,놀이터는 우리집 대문 앞에서 불과 10미터 밖에 되지 않습니 다.,대문,,大門,大門,
6급II,103,2023-11-11,76,hanjaeo_write,다음 밑줄 친 漢字語를 漢字로 쓰세요.,아이들 오륙 명이 운동장에 남 아서 놀고 있습니다.,오육,,五六,五六,
6급II,103,2023-11-11,77,hanjaeo_write,다음 밑줄 친 漢字語를 漢字로 쓰세요.,군악대를 앞세운 군인들이 씩씩 하게 행진을 합니다.,군인,,軍人,軍人,
6급II,103,2023-11-11,78,stroke,다음 漢字의 짙게 표시한 획은 몇 번째 쓰는 획인지 <보기>에서 찾아 그 번호를 쓰세요.,,,"[""① 첫 번째"", ""② 두 번째"", ""③ 세 번째"", ""④ 네 번째"", ""⑤ 다섯 번째"", ""⑥ 여섯 번째"", ""⑦ 일곱 번째"", ""⑧ 여덟 번째"", ""⑨ 아홉 번째"", ""⑩ 열 번째"", ""⑪ 열한 번째"", ""⑫ 열두 번째""]",⑤,다섯 번째,exam-strokes/stroke_6ii_103_78.png
6급II,103,2023-11-11,79,stroke,다음 漢字의 짙게 표시한 획은 몇 번째 쓰는 획인지 <보기>에서 찾아 그 번호를 쓰세요.,,,"[""① 첫 번째"", ""② 두 번째"", ""③ 세 번째"", ""④ 네 번째"", ""⑤ 다섯 번째"", ""⑥ 여섯 번째"", ""⑦ 일곱 번째"", ""⑧ 여덟 번째"", ""⑨ 아홉 번째"", ""⑩ 열 번째"", ""⑪ 열한 번째"", ""⑫ 열두 번째""]",⑥,여섯 번째,exam-strokes/stroke_6ii_103_79.png
6급II,103,2023-11-11,80,stroke,다음 漢字의 짙게 표시한 획은 몇 번째 쓰는 획인지 <보기>에서 찾아 그 번호를 쓰세요.,,,"[""① 첫 번째"", ""② 두 번째"", ""③ 세 번째"", ""④ 네 번째"", ""⑤ 다섯 번째"", ""⑥ 여섯 번째"", ""⑦ 일곱 번째"", ""⑧ 여덟 번째"", ""⑨ 아홉 번째"", ""⑩ 열 번째"", ""⑪ 열한 번째"", ""⑫ 열두 번째""]",⑦,일곱 번째,exam-strokes/stroke_6ii_103_80.png
6급II,104,2024-02-24,1,dokum,다음 밑줄 친 漢字語의 讀音을 쓰세요.,제가 좋아하는 歌手가 드라마에 출연했습니다.,歌手,,가수,가수,
6급II,104,2024-02-24,2,dokum,다음 밑줄 친 漢字語의 讀音을 쓰세요.,제품을 사용하기 전에 注意 사 항을 먼저 확인해야 합니다.,注意,,주의,주의,
6급II,104,2024-02-24,3,dokum,다음 밑줄 친 漢字語의 讀音을 쓰세요.,화재를 대비해 安全 교육을 실 시하고 있습니다.,安全,,안전,안전,
6급II,104,2024-02-24,4,dokum,다음 밑줄 친 漢字語의 讀音을 쓰세요.,유명 작가의 작품이 發表되자마 자 베스트셀러가 되어습니다.,發表,,발표,발표,
6급II,104,2024-02-24,5,dokum,다음 밑줄 친 漢字語의 讀音을 쓰세요.,우리에게 온 幸運의 기회를 놓 치지 말아야 합니다.,幸運,,행운,행운,
6급II,104,2024-02-24,6,dokum,다음 밑줄 친 漢字語의 讀音을 쓰세요.,요즘은 便紙를 보내는 사람이 거의 없습니다.,便紙,,편지,편지,
6급II,104,2024-02-24,7,dokum,다음 밑줄 친 漢字語의 讀音을 쓰세요.,그 화가는 直線의 아름다움을 표현하는 능력이 탁월합니다.,直線,,직선,직선,
6급II,104,2024-02-24,8,dokum,다음 밑줄 친 漢字語의 讀音을 쓰세요.,共同의 관심사가 있는 사람과는 빨리 친해질 수 있습니다.,共同,,공동,공동,
6급II,104,2024-02-24,9,dokum,다음 밑줄 친 漢字語의 讀音을 쓰세요.,이상 기후로 멸종하는 動物들이 늘고 있습니다.,動物,,동물,동물,
6급II,104,2024-02-24,10,dokum,다음 밑줄 친 漢字語의 讀音을 쓰세요.,교육 과정이 昨年부터 개편되었 습니다.,昨年,,작년,작년,
6급II,104,2024-02-24,11,dokum,다음 밑줄 친 漢字語의 讀音을 쓰세요.,김 박사는 최근 국제적인 學術 활동을 펼치고 있습니다.,學術,,학술,학술,
6급II,104,2024-02-24,12,dokum,다음 밑줄 친 漢字語의 讀音을 쓰세요.,여러 단체에서 農林자원을 보호 하기 위해 노력하고 있습니다.,農林,,농림,농림,
6급II,104,2024-02-24,13,dokum,다음 밑줄 친 漢字語의 讀音을 쓰세요.,世界에서 가장 아름다운 경치를 보기 위해 사람들이 몰려들었습 니다.,世界,,세계,세계,
6급II,104,2024-02-24,14,dokum,다음 밑줄 친 漢字語의 讀音을 쓰세요.,작은 집일수록 空間을 효율적으 로 활용해야 합니다.,空間,,공간,공간,
6급II,104,2024-02-24,15,dokum,다음 밑줄 친 漢字語의 讀音을 쓰세요.,登山을 취미로 즐기는 젊은 사 람들이 많이 늘었다고 합니다.,登山,,등산,등산,
6급II,104,2024-02-24,16,dokum,다음 밑줄 친 漢字語의 讀音을 쓰세요.,지역마다 유명한 市場이 있습니 다.,市場,,시장,시장,
6급II,104,2024-02-24,17,dokum,다음 밑줄 친 漢字語의 讀音을 쓰세요.,도시보다는 自然과 함께 살고 싶습니다.,自然,,자연,자연,
6급II,104,2024-02-24,18,dokum,다음 밑줄 친 漢字語의 讀音을 쓰세요.,통화 중에 휴대 전화가 放電되 었습니다.,放電,,방전,방전,
6급II,104,2024-02-24,19,dokum,다음 밑줄 친 漢字語의 讀音을 쓰세요.,설계 圖面에 맞게 건물을 지어 야 합니다.,圖面,,도면,도면,
6급II,104,2024-02-24,20,dokum,다음 밑줄 친 漢字語의 讀音을 쓰세요.,오늘 제가 했던 행동을 反省하 고 있습니다.,反省,,반성,반성,
6급II,104,2024-02-24,21,dokum,다음 밑줄 친 漢字語의 讀音을 쓰세요.,산업화 이후 分業이 일반화되었 습니다.,分業,,분업,분업,
6급II,104,2024-02-24,22,dokum,다음 밑줄 친 漢字語의 讀音을 쓰세요.,"옛날에는 靑春 영화가 인기가 많았습니다. 6급II *** 6급과6급Ⅱ는서로다른급수입니다. 반드시지원급수를다시확인하세요. *** 80 문항 / 50분 시험 / 시험일자 : 2024. 02. 24. * 성명과 수험번호를 쓰고 문제지와 답안지는 함께 제출하세요. 성명( ), 수험번호□□□-□□-□□□□",靑春,,청춘,청춘,
6급II,104,2024-02-24,23,dokum,다음 밑줄 친 漢字語의 讀音을 쓰세요.,제 동생은 計算을 아주 잘합니 다.,計算,,계산,계산,
6급II,104,2024-02-24,24,dokum,다음 밑줄 친 漢字語의 讀音을 쓰세요.,저는 作文 실력을 기르기 위해 매일 일기를 씁니다.,作文,,작문,작문,
6급II,104,2024-02-24,25,dokum,다음 밑줄 친 漢字語의 讀音을 쓰세요.,누구에게나 어린 시절의 所重한 추억이 있습니다.,所重,,소중,소중,
6급II,104,2024-02-24,26,dokum,다음 밑줄 친 漢字語의 讀音을 쓰세요.,제가 좋아하는 童話가 영어로 번역이 되었습니다.,童話,,동화,동화,
6급II,104,2024-02-24,27,dokum,다음 밑줄 친 漢字語의 讀音을 쓰세요.,正午가 되면 사람들은 식당으로 향합니다.,正午,,정오,정오,
6급II,104,2024-02-24,28,dokum,다음 밑줄 친 漢字語의 讀音을 쓰세요.,外科 의사가 부족하다는 기사를 읽었습니다.,外科,,외과,외과,
6급II,104,2024-02-24,29,dokum,다음 밑줄 친 漢字語의 讀音을 쓰세요.,자신의 體力에 맞는 운동을 하 는 것이 건강에 좋습니다.,體力,,체력,체력,
6급II,104,2024-02-24,30,dokum,다음 밑줄 친 漢字語의 讀音을 쓰세요.,외교에서는 국가 간의 對等한 관계 유지가 중요합니다.,對等,,대등,대등,
6급II,104,2024-02-24,31,dokum,다음 밑줄 친 漢字語의 讀音을 쓰세요.,잠들기 직전에는 飮食을 먹지 않는 것이 좋습니다.,飮食,,음식,음식,
6급II,104,2024-02-24,32,dokum,다음 밑줄 친 漢字語의 讀音을 쓰세요.,敎室 안에 웃음이 넘쳐나고 있 습니다.,敎室,,교실,교실,
6급II,104,2024-02-24,33,hunum,다음 漢字의 訓과 音을 쓰세요.,果,果,,실과 과,실과 과,
6급II,104,2024-02-24,34,hunum,다음 漢字의 訓과 音을 쓰세요.,家,家,,집 가,집 가,
6급II,104,2024-02-24,35,hunum,다음 漢字의 訓과 音을 쓰세요.,神,神,,귀신 신,귀신 신,
6급II,104,2024-02-24,36,hunum,다음 漢字의 訓과 音을 쓰세요.,始,始,,비로소 시,비로소 시,
6급II,104,2024-02-24,37,hunum,다음 漢字의 訓과 音을 쓰세요.,急,急,,급할 급,급할 급,
6급II,104,2024-02-24,38,hunum,다음 漢字의 訓과 音을 쓰세요.,球,球,,공 구,공 구,
6급II,104,2024-02-24,39,hunum,다음 漢字의 訓과 音을 쓰세요.,內,內,,안 내,안 내,
6급II,104,2024-02-24,40,hunum,다음 漢字의 訓과 音을 쓰세요.,光,光,,빛 광,빛 광,
6급II,104,2024-02-24,41,hunum,다음 漢字의 訓과 音을 쓰세요.,名,名,,이름 명,이름 명,
6급II,104,2024-02-24,42,hunum,다음 漢字의 訓과 音을 쓰세요.,來,來,,올 래,올 래,
6급II,104,2024-02-24,43,hunum,다음 漢字의 訓과 音을 쓰세요.,新,新,,새 신,새 신,
6급II,104,2024-02-24,44,hunum,다음 漢字의 訓과 音을 쓰세요.,王,王,,임금 왕,임금 왕,
6급II,104,2024-02-24,45,hunum,다음 漢字의 訓과 音을 쓰세요.,成,成,,이룰 성,이룰 성,
6급II,104,2024-02-24,46,hunum,다음 漢字의 訓과 音을 쓰세요.,子,子,,아들 자,아들 자,
6급II,104,2024-02-24,47,hunum,다음 漢字의 訓과 音을 쓰세요.,記,記,,기록할 기,기록할 기,
6급II,104,2024-02-24,48,hunum,다음 漢字의 訓과 音을 쓰세요.,立,立,,설 립,설 립,
6급II,104,2024-02-24,49,hunum,다음 漢字의 訓과 音을 쓰세요.,窓,窓,,창 창,창 창,
6급II,104,2024-02-24,50,hunum,다음 漢字의 訓과 音을 쓰세요.,下,下,,아래 하,아래 하,
6급II,104,2024-02-24,51,hunum,다음 漢字의 訓과 音을 쓰세요.,明,明,,밝을 명,밝을 명,
6급II,104,2024-02-24,52,hunum,다음 漢字의 訓과 音을 쓰세요.,白,白,,흰 백,흰 백,
6급II,104,2024-02-24,53,hunum,다음 漢字의 訓과 音을 쓰세요.,形,形,,모양 형,모양 형,
6급II,104,2024-02-24,54,hunum,다음 漢字의 訓과 音을 쓰세요.,堂,堂,,집 당,집 당,
6급II,104,2024-02-24,55,hunum,다음 漢字의 訓과 音을 쓰세요.,花,花,,꽃 화,꽃 화,
6급II,104,2024-02-24,56,hunum,다음 漢字의 訓과 音을 쓰세요.,活,活,,살 활,살 활,
6급II,104,2024-02-24,57,hunum,다음 漢字의 訓과 音을 쓰세요.,利,利,,이할 리,이할 리,
6급II,104,2024-02-24,58,hunum,다음 漢字의 訓과 音을 쓰세요.,每,每,,매양 매,매양 매,
6급II,104,2024-02-24,59,hunum,다음 漢字의 訓과 音을 쓰세요.,千,千,,일천 천,일천 천,
6급II,104,2024-02-24,60,hunum,다음 漢字의 訓과 音을 쓰세요.,冬,冬,,겨울 동,겨울 동,
6급II,104,2024-02-24,61,hunum,다음 漢字의 訓과 音을 쓰세요.,今,今,,이제 금,이제 금,
6급II,104,2024-02-24,62,banui_select,다음 중 뜻이 서로 반대(또는 상대)되는 漢字끼리 연결되지 않은 것을 찾아 그 번호를 쓰세요.,,,"[""① 男 ↔ 女"", ""② 和 ↔ 戰"", ""③ 住 ↔ 里"", ""④ 心 ↔ 身""]",③,住 ↔ 里,
6급II,104,2024-02-24,63,banui_select,다음 중 뜻이 서로 반대(또는 상대)되는 漢字끼리 연결되지 않은 것을 찾아 그 번호를 쓰세요.,,,"[""① 左 ↔ 右"", ""② 老 ↔ 少"", ""③ 前 ↔ 後"", ""④ 土 ↔ 地""]",④,土 ↔ 地,
6급II,104,2024-02-24,64,select_hanja,다음 문장에 어울리는 漢字語가 되도록 ( ) 안에 알맞은 漢字를 <보기>에서 찾아 그 번호를 쓰세요.,전 세계의 시선을 ( )中시킬 만한 기술이 개발되었습니다.,()中,"[""① 足"", ""② 集"", ""③ 祖"", ""④ 才""]",②,集,
6급II,104,2024-02-24,65,select_hanja,다음 문장에 어울리는 漢字語가 되도록 ( ) 안에 알맞은 漢字를 <보기>에서 찾아 그 번호를 쓰세요.,가정 교육이 不( )하다는 지적이 있습니다.,不(),"[""① 足"", ""② 集"", ""③ 祖"", ""④ 才""]",①,足,
6급II,104,2024-02-24,66,mean_select,다음 뜻에 맞는 漢字語를 <보기>에서 찾아 그 번호를 쓰세요.,씩씩하고 굳센 기운.,,"[""① 藥草"", ""② 方道"", ""③ 入口"", ""④ 代理"", ""⑤ 勇氣"", ""⑥ 現金""]",⑤,勇氣,
6급II,104,2024-02-24,67,mean_select,다음 뜻에 맞는 漢字語를 <보기>에서 찾아 그 번호를 쓰세요.,일에 대한 방법과 도리.,,"[""① 藥草"", ""② 方道"", ""③ 入口"", ""④ 代理"", ""⑤ 勇氣"", ""⑥ 現金""]",②,方道,
6급II,104,2024-02-24,68,hanjaeo_write,다음 밑줄 친 漢字語를 漢字로 쓰세요.,바다를 지키는 군인을 해군이라 고 합니다.,군인,,軍人,軍人,
6급II,104,2024-02-24,69,hanjaeo_write,다음 밑줄 친 漢字語를 漢字로 쓰세요.,어릴 때부터 선생이 되는 것이 꿈이었습니다.,선생,,先生,先生,
6급II,104,2024-02-24,70,hanjaeo_write,다음 밑줄 친 漢字語를 漢字로 쓰세요.,이 다리는 남북으로 길게 연결 되어 있습니다.,남북,,南北,南北,
6급II,104,2024-02-24,71,hanjaeo_write,다음 밑줄 친 漢字語를 漢字로 쓰세요.,우리 학교에 교장 선생님께서 새로 오셨습니다.,교장,,校長,校長,
6급II,104,2024-02-24,72,hanjaeo_write,다음 밑줄 친 漢字語를 漢字로 쓰세요.,제 친구는 육일 만에 6급 한자 를 다 외웠습니다.,육일,,六日,六日,
6급II,104,2024-02-24,73,hanjaeo_write,다음 밑줄 친 漢字語를 漢字로 쓰세요.,할머니께서는 대문을 활짝 열어 놓고 우리들을 기다리십니다.,대문,,大門,大門,
6급II,104,2024-02-24,74,hanjaeo_write,다음 밑줄 친 漢字語를 漢字로 쓰세요.,오월에는 기념일이 아주 많아서 바쁩니다.,오월,,五月,五月,
6급II,104,2024-02-24,75,hanjaeo_write,다음 밑줄 친 漢字語를 漢字로 쓰세요.,우리 형제는 얼굴 생김새뿐만 아니라 좋아하는 것도 비슷합니 다.,형제,,兄弟,兄弟,
6급II,104,2024-02-24,76,hanjaeo_write,다음 밑줄 친 漢字語를 漢字로 쓰세요.,저는 어릴 때부터 우리 삼촌과 아주 친했습니다.,삼촌,,三寸,三寸,
6급II,104,2024-02-24,77,hanjaeo_write,다음 밑줄 친 漢字語를 漢字로 쓰세요.,모든 자식들은 부모의 희생과 사랑으로 자랍니다.,부모,,父母,父母,
6급II,104,2024-02-24,78,stroke,다음 漢字의 짙게 표시한 획은 몇 번째 쓰는 획인지 <보기>에서 찾아 그 번호를 쓰세요.,,,"[""① 첫 번째"", ""② 두 번째"", ""③ 세 번째"", ""④ 네 번째"", ""⑤ 다섯 번째"", ""⑥ 여섯 번째"", ""⑦ 일곱 번째"", ""⑧ 여덟 번째"", ""⑨ 아홉 번째"", ""⑩ 열 번째""]",④,네 번째,exam-strokes/stroke_6ii_104_78.png
6급II,104,2024-02-24,79,stroke,다음 漢字의 짙게 표시한 획은 몇 번째 쓰는 획인지 <보기>에서 찾아 그 번호를 쓰세요.,,,"[""① 첫 번째"", ""② 두 번째"", ""③ 세 번째"", ""④ 네 번째"", ""⑤ 다섯 번째"", ""⑥ 여섯 번째"", ""⑦ 일곱 번째"", ""⑧ 여덟 번째"", ""⑨ 아홉 번째"", ""⑩ 열 번째""]",⑥,여섯 번째,exam-strokes/stroke_6ii_104_79.png
6급II,104,2024-02-24,80,stroke,다음 漢字의 짙게 표시한 획은 몇 번째 쓰는 획인지 <보기>에서 찾아 그 번호를 쓰세요.,,,"[""① 첫 번째"", ""② 두 번째"", ""③ 세 번째"", ""④ 네 번째"", ""⑤ 다섯 번째"", ""⑥ 여섯 번째"", ""⑦ 일곱 번째"", ""⑧ 여덟 번째"", ""⑨ 아홉 번째"", ""⑩ 열 번째""]",⑤,다섯 번째,exam-strokes/stroke_6ii_104_80.png
6급II,105,2024-05-25,1,dokum,다음 밑줄 친 漢字語의 讀音을 쓰세요.,이 제품은 우리 회사의 命運을 건 중요한 상품입니다.,命運,,명운,명운,
6급II,105,2024-05-25,2,dokum,다음 밑줄 친 漢字語의 讀音을 쓰세요.,잦은 비 때문에 흉년이 들까봐 농민들이 不安해 합니다.,不安,,불안,불안,
6급II,105,2024-05-25,3,dokum,다음 밑줄 친 漢字語의 讀音을 쓰세요.,달의 表面은 분화구처럼 옴쏙옴 쏙 들어간 곳이 많습니다.,表面,,표면,표면,
6급II,105,2024-05-25,4,dokum,다음 밑줄 친 漢字語의 讀音을 쓰세요.,임금은 공주의 병을 낫게할 약 을 구하려고 百方으로 수소문했 습니다.,百方,,백방,백방,
6급II,105,2024-05-25,5,dokum,다음 밑줄 친 漢字語의 讀音을 쓰세요.,그곳은 워낙 외져서 드나드는 車便도 드물었습니다.,車便,,차편,차편,
6급II,105,2024-05-25,6,dokum,다음 밑줄 친 漢字語의 讀音을 쓰세요.,널뛰기는 反動을 이용하여 높이 오르기를 겨루는 민속놀이입니 다.,反動,,반동,반동,
6급II,105,2024-05-25,7,dokum,다음 밑줄 친 漢字語의 讀音을 쓰세요.,슬픔을 함께 나누는 것이 친구 의 道理라고 생각합니다.,道理,,도리,도리,
6급II,105,2024-05-25,8,dokum,다음 밑줄 친 漢字語의 讀音을 쓰세요.,나무숲이 우거진 이 지역은 林業 이 주산업을 이루고 있습니다.,林業,,임업,임업,
6급II,105,2024-05-25,9,dokum,다음 밑줄 친 漢字語의 讀音을 쓰세요.,벚꽃이 바람에 휘날리는 도로가 마치 童話 속 그림 같습니다.,童話,,동화,동화,
6급II,105,2024-05-25,10,dokum,다음 밑줄 친 漢字語의 讀音을 쓰세요.,어느 시대이든 외국 文物이 들 어오게 되면 외래어는 생기게 마련입니다.,文物,,문물,문물,
6급II,105,2024-05-25,11,dokum,다음 밑줄 친 漢字語의 讀音을 쓰세요.,안성의 유기가 질이 좋다는 所聞 이 전국에 나돌았습니다.,所聞,,소문,소문,
6급II,105,2024-05-25,12,dokum,다음 밑줄 친 漢字語의 讀音을 쓰세요.,양지바른 산발치엔 草家들이 올 망졸망하게 늘어서 있습니다.,草家,,초가,초가,
6급II,105,2024-05-25,13,dokum,다음 밑줄 친 漢字語의 讀音을 쓰세요.,판사는 법률에 따라 公正한 재 판을 하려고 노력합니다.,公正,,공정,공정,
6급II,105,2024-05-25,14,dokum,다음 밑줄 친 漢字語의 讀音을 쓰세요.,서로 믿고 돕는 건전한 사회 氣風 이 조성되기를 바랍니다.,氣風,,기풍,기풍,
6급II,105,2024-05-25,15,dokum,다음 밑줄 친 漢字語의 讀音을 쓰세요.,돼지는 다른 가축에 비해 새끼 를 많이 낳고 發育이 빠릅니다.,發育,,발육,발육,
6급II,105,2024-05-25,16,dokum,다음 밑줄 친 漢字語의 讀音을 쓰세요.,사치하지 않고 分數에 맞는 생활 을 해야 합니다.,分數,,분수,분수,
6급II,105,2024-05-25,17,dokum,다음 밑줄 친 漢字語의 讀音을 쓰세요.,창을 二重 창문으로 바꾸었더니 확실히 방음이 잘됩니다.,二重,,이중,이중,
6급II,105,2024-05-25,18,dokum,다음 밑줄 친 漢字語의 讀音을 쓰세요.,우승 기념으로 우리 팀은 오늘 저녁에 會食을 하기로 했습니다.,會食,,회식,회식,
6급II,105,2024-05-25,19,dokum,다음 밑줄 친 漢字語의 讀音을 쓰세요.,이곳은 난시청 지역이어서 텔레 비전 방송을 有線으로 봅니다.,有線,,유선,유선,
6급II,105,2024-05-25,20,dokum,다음 밑줄 친 漢字語의 讀音을 쓰세요.,부산은 옛날에 동래라는 地名으 로 불렸습니다.,地名,,지명,지명,
6급II,105,2024-05-25,21,dokum,다음 밑줄 친 漢字語의 讀音을 쓰세요.,밭갈이하는 農夫들의 노랫소리 가 흥겹습니다.,農夫,,농부,농부,
6급II,105,2024-05-25,22,dokum,다음 밑줄 친 漢字語의 讀音을 쓰세요.,"소나기와 함께 천둥 번개가 치 기 始作했습니다. 6급II *** 6급과6급Ⅱ는서로다른급수입니다. 반드시지원급수를다시확인하세요. *** 80 문항 / 50분 시험 / 시험일자 : 2024. 05. 25. * 성명과 수험번호를 쓰고 문제지와 답안지는 함께 제출하세요. 성명( ), 수험번호□□□-□□-□□□□",始作,,시작,시작,
6급II,105,2024-05-25,23,dokum,다음 밑줄 친 漢字語의 讀音을 쓰세요.,이번 경기는 반드시 이길 것이 라고 自信합니다.,自信,,자신,자신,
6급II,105,2024-05-25,24,dokum,다음 밑줄 친 漢字語의 讀音을 쓰세요.,동생이 자전거를 사달라고 成火 를 부립니다.,成火,,성화,성화,
6급II,105,2024-05-25,25,dokum,다음 밑줄 친 漢字語의 讀音을 쓰세요.,이곳 藥水는 사이다처럼 톡 쏘 는 맛이 납니다.,藥水,,약수,약수,
6급II,105,2024-05-25,26,dokum,다음 밑줄 친 漢字語의 讀音을 쓰세요.,공기가 注入되자 축구공이 다시 빵빵해졌습니다.,注入,,주입,주입,
6급II,105,2024-05-25,27,dokum,다음 밑줄 친 漢字語의 讀音을 쓰세요.,대변인은 기자들의 질문에 막힘 없이 척척 對答해 주었습니다.,對答,,대답,대답,
6급II,105,2024-05-25,28,dokum,다음 밑줄 친 漢字語의 讀音을 쓰세요.,나는 철수가 제안한 의견에 전 적으로 同意합니다.,同意,,동의,동의,
6급II,105,2024-05-25,29,dokum,다음 밑줄 친 漢字語의 讀音을 쓰세요.,그들은 쌍둥이 형제지만 성격은 全然 딴판입니다.,全然,,전연,전연,
6급II,105,2024-05-25,30,dokum,다음 밑줄 친 漢字語의 讀音을 쓰세요.,書堂개 삼 년이면 풍월을 읊는 다는 속담도 있습니다.,書堂,,서당,서당,
6급II,105,2024-05-25,31,dokum,다음 밑줄 친 漢字語의 讀音을 쓰세요.,이 자동차는 出市되자마자 선풍 적인 인기를 누리고 있습니다.,出市,,출시,출시,
6급II,105,2024-05-25,32,dokum,다음 밑줄 친 漢字語의 讀音을 쓰세요.,그녀는 나를 애태울 心算으로 일부러 새침하게 구는 것 같습 니다.,心算,,심산,심산,
6급II,105,2024-05-25,33,hunum,다음 漢字의 訓과 音을 쓰세요.,光,光,,빛 광,빛 광,
6급II,105,2024-05-25,34,hunum,다음 漢字의 訓과 音을 쓰세요.,計,計,,셀 계,셀 계,
6급II,105,2024-05-25,35,hunum,다음 漢字의 訓과 音을 쓰세요.,半,半,,반(半) 반,반(半) 반,
6급II,105,2024-05-25,36,hunum,다음 漢字의 訓과 音을 쓰세요.,共,共,,한가지 공,한가지 공,
6급II,105,2024-05-25,37,hunum,다음 漢字의 訓과 音을 쓰세요.,果,果,,실과 과,실과 과,
6급II,105,2024-05-25,38,hunum,다음 漢字의 訓과 音을 쓰세요.,省,省,,살필 성 | 덜 생,살필 성 | 덜 생,
6급II,105,2024-05-25,39,hunum,다음 漢字의 訓과 音을 쓰세요.,飮,飮,,마실 음,마실 음,
6급II,105,2024-05-25,40,hunum,다음 漢字의 訓과 音을 쓰세요.,高,高,,높을 고,높을 고,
6급II,105,2024-05-25,41,hunum,다음 漢字의 訓과 音을 쓰세요.,神,神,,귀신 신,귀신 신,
6급II,105,2024-05-25,42,hunum,다음 漢字의 訓과 音을 쓰세요.,代,代,,대신할 대,대신할 대,
6급II,105,2024-05-25,43,hunum,다음 漢字의 訓과 音을 쓰세요.,圖,圖,,그림 도,그림 도,
6급II,105,2024-05-25,44,hunum,다음 漢字의 訓과 音을 쓰세요.,形,形,,모양 형,모양 형,
6급II,105,2024-05-25,45,hunum,다음 漢字의 訓과 音을 쓰세요.,弱,弱,,약할 약,약할 약,
6급II,105,2024-05-25,46,hunum,다음 漢字의 訓과 音을 쓰세요.,利,利,,이할 리,이할 리,
6급II,105,2024-05-25,47,hunum,다음 漢字의 訓과 音을 쓰세요.,今,今,,이제 금,이제 금,
6급II,105,2024-05-25,48,hunum,다음 漢字의 訓과 音을 쓰세요.,明,明,,밝을 명,밝을 명,
6급II,105,2024-05-25,49,hunum,다음 漢字의 訓과 音을 쓰세요.,消,消,,사라질 소,사라질 소,
6급II,105,2024-05-25,50,hunum,다음 漢字의 訓과 音을 쓰세요.,勇,勇,,날랠 용,날랠 용,
6급II,105,2024-05-25,51,hunum,다음 漢字의 訓과 音을 쓰세요.,昨,昨,,어제 작,어제 작,
6급II,105,2024-05-25,52,hunum,다음 漢字의 訓과 音을 쓰세요.,雪,雪,,눈 설,눈 설,
6급II,105,2024-05-25,53,hunum,다음 漢字의 訓과 音을 쓰세요.,庭,庭,,뜰 정,뜰 정,
6급II,105,2024-05-25,54,hunum,다음 漢字의 訓과 音을 쓰세요.,球,球,,공 구,공 구,
6급II,105,2024-05-25,55,hunum,다음 漢字의 訓과 音을 쓰세요.,術,術,,재주 술,재주 술,
6급II,105,2024-05-25,56,hunum,다음 漢字의 訓과 音을 쓰세요.,等,等,,무리 등,무리 등,
6급II,105,2024-05-25,57,hunum,다음 漢字의 訓과 音을 쓰세요.,淸,淸,,맑을 청,맑을 청,
6급II,105,2024-05-25,58,hunum,다음 漢字의 訓과 音을 쓰세요.,樂,樂,,즐길 락 | 노래 악 | 좋아할 요,즐길 락 | 노래 악 | 좋아할 요,
6급II,105,2024-05-25,59,hunum,다음 漢字의 訓과 音을 쓰세요.,現,現,,나타날 현,나타날 현,
6급II,105,2024-05-25,60,hunum,다음 漢字의 訓과 音을 쓰세요.,題,題,,제목 제,제목 제,
6급II,105,2024-05-25,61,hunum,다음 漢字의 訓과 音을 쓰세요.,功,功,,공[勳] 공,공[勳] 공,
6급II,105,2024-05-25,62,banui_select,다음 중 뜻이 서로 반대(또는 상대)되는 漢字끼리 연결되지 않은 것을 찾아 그 번호를 쓰세요.,,,"[""① 上 ↔ 下"", ""② 世 ↔ 界"", ""③ 山 ↔ 海"", ""④ 子 ↔ 女""]",②,世 ↔ 界,
6급II,105,2024-05-25,63,banui_select,다음 중 뜻이 서로 반대(또는 상대)되는 漢字끼리 연결되지 않은 것을 찾아 그 번호를 쓰세요.,,,"[""① 手 ↔ 足"", ""② 身 ↔ 體"", ""③ 和 ↔ 戰"", ""④ 老 ↔ 少""]",②,身 ↔ 體,
6급II,105,2024-05-25,64,select_hanja,다음 문장에 어울리는 漢字語가 되도록 ( ) 안에 알맞은 漢字를 <보기>에서 찾아 그 번호를 쓰세요.,장식품의 문양은 인간의 ( )活과 밀접한 관계를 지닙니다.,()活,"[""① 生"", ""② 急"", ""③ 部"", ""④ 短""]",①,生,
6급II,105,2024-05-25,65,select_hanja,다음 문장에 어울리는 漢字語가 되도록 ( ) 안에 알맞은 漢字를 <보기>에서 찾아 그 번호를 쓰세요.,사람은 각기 나름대로의 長( )이 있기 마련입니다.,長(),"[""① 生"", ""② 急"", ""③ 部"", ""④ 短""]",④,短,
6급II,105,2024-05-25,66,mean_select,다음 뜻에 맞는 漢字語를 <보기>에서 찾아 그 번호를 쓰세요.,종이로 바른 창문.,,"[""① 紙窓"", ""② 新邑"", ""③ 集中"", ""④ 直放"", ""⑤ 外科"", ""⑥ 一角""]",①,紙窓,
6급II,105,2024-05-25,67,mean_select,다음 뜻에 맞는 漢字語를 <보기>에서 찾아 그 번호를 쓰세요.,한 곳을 중심으로 하여 모임.,,"[""① 紙窓"", ""② 新邑"", ""③ 集中"", ""④ 直放"", ""⑤ 外科"", ""⑥ 一角""]",③,集中,
6급II,105,2024-05-25,68,hanjaeo_write,다음 밑줄 친 漢字語를 漢字로 쓰세요.,영호는 부모님과 함께 놀이 공 원에 갔습니다.,부모,,父母,父母,
6급II,105,2024-05-25,69,hanjaeo_write,다음 밑줄 친 漢字語를 漢字로 쓰세요.,아이는 학교에 늦을까 봐 부리 나케 뛰어갔습니다.,학교,,學校,學校,
6급II,105,2024-05-25,70,hanjaeo_write,다음 밑줄 친 漢字語를 漢字로 쓰세요.,태백산맥은 우리나라의 남북으 로 길게 뻗쳐 있습니다.,남북,,南北,南北,
6급II,105,2024-05-25,71,hanjaeo_write,다음 밑줄 친 漢字語를 漢字로 쓰세요.,아이들이 떠드는 소리에 교실 안이 짜랑짜랑합니다.,교실,,敎室,敎室,
6급II,105,2024-05-25,72,hanjaeo_write,다음 밑줄 친 漢字語를 漢字로 쓰세요.,우리나라는 국토의 삼면이 바다 에 둘러싸여 있습니다.,국토,,國土,國土,
6급II,105,2024-05-25,73,hanjaeo_write,다음 밑줄 친 漢字語를 漢字로 쓰세요.,봄이 되자 할아버지께서는 대문 에 '입춘대길'이라고 써붙이셨습 니다.,대문,,大門,大門,
6급II,105,2024-05-25,74,hanjaeo_write,다음 밑줄 친 漢字語를 漢字로 쓰세요.,사월 하순이면 철쭉과 살구꽃이 만개할 때입니다.,사월,,四月,四月,
6급II,105,2024-05-25,75,hanjaeo_write,다음 밑줄 친 漢字語를 漢字로 쓰세요.,그들 두 사람은 삼촌과 조카 사 이인 것 같았습니다.,삼촌,,三寸,三寸,
6급II,105,2024-05-25,76,hanjaeo_write,다음 밑줄 친 漢字語를 漢字로 쓰세요.,옆집 청년은 우리 마을의 유일 한 총각입니다.,청년,,靑年,靑年,
6급II,105,2024-05-25,77,hanjaeo_write,다음 밑줄 친 漢字語를 漢字로 쓰세요.,그녀는 군인이신 아버지를 늘 자랑스럽게 여겼다.,군인,,軍人,軍人,
6급II,105,2024-05-25,78,stroke,다음 漢字의 짙게 표시한 획은 몇 번째 쓰는 획인지 <보기>에서 찾아 그 번호를 쓰세요.,,,"[""① 첫 번째"", ""② 두 번째"", ""③ 세 번째"", ""④ 네 번째"", ""⑤ 다섯 번째"", ""⑥ 여섯 번째"", ""⑦ 일곱 번째"", ""⑧ 여덟 번째"", ""⑨ 아홉 번째"", ""⑩ 열 번째"", ""⑪ 열한 번째"", ""⑫ 열두 번째""]",⑥,여섯 번째,exam-strokes/stroke_6ii_105_78.png
6급II,105,2024-05-25,79,stroke,다음 漢字의 짙게 표시한 획은 몇 번째 쓰는 획인지 <보기>에서 찾아 그 번호를 쓰세요.,,,"[""① 첫 번째"", ""② 두 번째"", ""③ 세 번째"", ""④ 네 번째"", ""⑤ 다섯 번째"", ""⑥ 여섯 번째"", ""⑦ 일곱 번째"", ""⑧ 여덟 번째"", ""⑨ 아홉 번째"", ""⑩ 열 번째"", ""⑪ 열한 번째"", ""⑫ 열두 번째""]",⑤,다섯 번째,exam-strokes/stroke_6ii_105_79.png
6급II,105,2024-05-25,80,stroke,다음 漢字의 짙게 표시한 획은 몇 번째 쓰는 획인지 <보기>에서 찾아 그 번호를 쓰세요.,,,"[""① 첫 번째"", ""② 두 번째"", ""③ 세 번째"", ""④ 네 번째"", ""⑤ 다섯 번째"", ""⑥ 여섯 번째"", ""⑦ 일곱 번째"", ""⑧ 여덟 번째"", ""⑨ 아홉 번째"", ""⑩ 열 번째"", ""⑪ 열한 번째"", ""⑫ 열두 번째""]",⑧,여덟 번째,exam-strokes/stroke_6ii_105_80.png
6급II,106,2024-08-24,1,dokum,다음 밑줄 친 漢字語의 讀音을 쓰세요.,인간의 內面을 들여다보는 심리 학이 주목받고 있습니다.,內面,,내면,내면,
6급II,106,2024-08-24,2,dokum,다음 밑줄 친 漢字語의 讀音을 쓰세요.,문학 작품 감상에 正答은 없다 고 생각합니다.,正答,,정답,정답,
6급II,106,2024-08-24,3,dokum,다음 밑줄 친 漢字語의 讀音을 쓰세요.,저는 3대째 家業을 이어가고 있습니다.,家業,,가업,가업,
6급II,106,2024-08-24,4,dokum,다음 밑줄 친 漢字語의 讀音을 쓰세요.,시인의 생가 앞에는 四角의 기 념비가 세워져 있었습니다.,四角,,사각,사각,
6급II,106,2024-08-24,5,dokum,다음 밑줄 친 漢字語의 讀音을 쓰세요.,가구를 잘 배치하니 空間이 훨 씬 널찍해 보입니다.,空間,,공간,공간,
6급II,106,2024-08-24,6,dokum,다음 밑줄 친 漢字語의 讀音을 쓰세요.,축제 때문에 車道까지 사람이 가득 찼습니다.,車道,,차도,차도,
6급II,106,2024-08-24,7,dokum,다음 밑줄 친 漢字語의 讀音을 쓰세요.,어린이들은 항상 미지의 世界를 동경하고 꿈꿉니다.,世界,,세계,세계,
6급II,106,2024-08-24,8,dokum,다음 밑줄 친 漢字語의 讀音을 쓰세요.,올림픽위원회에서 최종 메달 集計 현황을 발표하였습니다.,集計,,집계,집계,
6급II,106,2024-08-24,9,dokum,다음 밑줄 친 漢字語의 讀音을 쓰세요.,성적이 자꾸 떨어지는 것은 工夫가 부족한 탓입니다.,工夫,,공부,공부,
6급II,106,2024-08-24,10,dokum,다음 밑줄 친 漢字語의 讀音을 쓰세요.,오랜만에 여행을 가서 그런지 氣分이 더 설렙니다.,氣分,,기분,기분,
6급II,106,2024-08-24,11,dokum,다음 밑줄 친 漢字語의 讀音을 쓰세요.,과학 기술이 발전해도 意圖가 좋지 않으면 인간에게 해가 될 수 있습니다.,意圖,,의도,의도,
6급II,106,2024-08-24,12,dokum,다음 밑줄 친 漢字語의 讀音을 쓰세요.,화가는 모델의 작은 動作 하나 에도 예민하게 반응했습니다.,動作,,동작,동작,
6급II,106,2024-08-24,13,dokum,다음 밑줄 친 漢字語의 讀音을 쓰세요.,여름이 다가오자 電力 소비가 급격히 증가했습니다.,電力,,전력,전력,
6급II,106,2024-08-24,14,dokum,다음 밑줄 친 漢字語의 讀音을 쓰세요.,다양한 가전제품의 출시는 삶의 便利함을 가져다 주었습니다.,便利,,편리,편리,
6급II,106,2024-08-24,15,dokum,다음 밑줄 친 漢字語의 讀音을 쓰세요.,김 작가의 독창적 文體에 모두 주목하고 있습니다.,文體,,문체,문체,
6급II,106,2024-08-24,16,dokum,다음 밑줄 친 漢字語의 讀音을 쓰세요.,집합과 命題는 수학의 기초라 고 할 수 있습니다.,命題,,명제,명제,
6급II,106,2024-08-24,17,dokum,다음 밑줄 친 漢字語의 讀音을 쓰세요.,제 취미는 실내 植物을 기르는 것입니다.,植物,,식물,식물,
6급II,106,2024-08-24,18,dokum,다음 밑줄 친 漢字語의 讀音을 쓰세요.,바둑을 두는 동안은 한순간도 放心하면 안 됩니다.,放心,,방심,방심,
6급II,106,2024-08-24,19,dokum,다음 밑줄 친 漢字語의 讀音을 쓰세요.,궁지에 몰린 적군은 白旗를 들 고 항복했습니다.,白旗,,백기,백기,
6급II,106,2024-08-24,20,dokum,다음 밑줄 친 漢字語의 讀音을 쓰세요.,잠을 푹 자서 얼굴에 和色이 돌고 체력도 회복되었습니다.,和色,,화색,화색,
6급II,106,2024-08-24,21,dokum,다음 밑줄 친 漢字語의 讀音을 쓰세요.,"태양 光線을 오래 쬐면 피부의 노화가 촉진됩니다. 6급II *** 6급과6급Ⅱ는서로다른급수입니다. 반드시지원급수를다시확인하세요. *** 80 문항 / 50분 시험 / 시험일자 : 2024. 08. 24. * 성명과 수험번호를 쓰고 문제지와 답안지는 함께 제출하세요. 성명( ), 수험번호□□□-□□-□□□□",光線,,광선,광선,
6급II,106,2024-08-24,22,dokum,다음 밑줄 친 漢字語의 讀音을 쓰세요.,우리 마을 洞長이 집집마다 돌 며 인구 조사를 했습니다.,洞長,,동장,동장,
6급II,106,2024-08-24,23,dokum,다음 밑줄 친 漢字語의 讀音을 쓰세요.,선생님께서 反省이 없는 삶은 발전이 없다고 하셨습니다.,反省,,반성,반성,
6급II,106,2024-08-24,24,dokum,다음 밑줄 친 漢字語의 讀音을 쓰세요.,모든 동물은 본능적으로 자기 急所를 방어합니다.,急所,,급소,급소,
6급II,106,2024-08-24,25,dokum,다음 밑줄 친 漢字語의 讀音을 쓰세요.,"그의 話術은 적절한 비유와 예 시, 풍부한 어휘의 구사로 정평 이 나 있습니다.",話術,,화술,화술,
6급II,106,2024-08-24,26,dokum,다음 밑줄 친 漢字語의 讀音을 쓰세요.,제가 이 학교를 다니게 된 것 은 정말 幸運이라고 생각합니 다.,幸運,,행운,행운,
6급II,106,2024-08-24,27,dokum,다음 밑줄 친 漢字語의 讀音을 쓰세요.,모든 국민은 법 앞에 平等합니 다.,平等,,평등,평등,
6급II,106,2024-08-24,28,dokum,다음 밑줄 친 漢字語의 讀音을 쓰세요.,전통적인 市場의 모습은 시골 오일장에서 찾을 수 있습니다.,市場,,시장,시장,
6급II,106,2024-08-24,29,dokum,다음 밑줄 친 漢字語의 讀音을 쓰세요.,기상청의 發表에 따르면 올여 름 장마는 유월 하순에 시작된 다고 합니다.,發表,,발표,발표,
6급II,106,2024-08-24,30,dokum,다음 밑줄 친 漢字語의 讀音을 쓰세요.,경찰은 公共의 안녕질서를 유 지하기 위하여 존재하는 조직입 니다.,公共,,공공,공공,
6급II,106,2024-08-24,31,dokum,다음 밑줄 친 漢字語의 讀音을 쓰세요.,세계적으로 유명한 기업들은 나름의 成功 비결을 가지고 있 습니다.,成功,,성공,성공,
6급II,106,2024-08-24,32,dokum,다음 밑줄 친 漢字語의 讀音을 쓰세요.,점성술을 널리 사용했던 중세 를 科學의 암흑시대라고 불립니 다.,科學,,과학,과학,
6급II,106,2024-08-24,33,hunum,다음 漢字의 訓과 音을 쓰세요.,地,地,,따 지,따 지,
6급II,106,2024-08-24,34,hunum,다음 漢字의 訓과 音을 쓰세요.,歌,歌,,노래 가,노래 가,
6급II,106,2024-08-24,35,hunum,다음 漢字의 訓과 音을 쓰세요.,江,江,,강 강,강 강,
6급II,106,2024-08-24,36,hunum,다음 漢字의 訓과 音을 쓰세요.,高,高,,높을 고,높을 고,
6급II,106,2024-08-24,37,hunum,다음 漢字의 訓과 音을 쓰세요.,今,今,,이제 금,이제 금,
6급II,106,2024-08-24,38,hunum,다음 漢字의 訓과 音을 쓰세요.,農,農,,농사 농,농사 농,
6급II,106,2024-08-24,39,hunum,다음 漢字의 訓과 音을 쓰세요.,短,短,,짧을 단,짧을 단,
6급II,106,2024-08-24,40,hunum,다음 漢字의 訓과 音을 쓰세요.,登,登,,오를 등,오를 등,
6급II,106,2024-08-24,41,hunum,다음 漢字의 訓과 音을 쓰세요.,老,老,,늙을 로,늙을 로,
6급II,106,2024-08-24,42,hunum,다음 漢字의 訓과 音을 쓰세요.,理,理,,다스릴 리,다스릴 리,
6급II,106,2024-08-24,43,hunum,다음 漢字의 訓과 音을 쓰세요.,萬,萬,,일만 만,일만 만,
6급II,106,2024-08-24,44,hunum,다음 漢字의 訓과 音을 쓰세요.,民,民,,백성 민,백성 민,
6급II,106,2024-08-24,45,hunum,다음 漢字의 訓과 音을 쓰세요.,班,班,,나눌 반,나눌 반,
6급II,106,2024-08-24,46,hunum,다음 漢字의 訓과 音을 쓰세요.,百,百,,일백 백,일백 백,
6급II,106,2024-08-24,47,hunum,다음 漢字의 訓과 音을 쓰세요.,事,事,,일 사,일 사,
6급II,106,2024-08-24,48,hunum,다음 漢字의 訓과 音을 쓰세요.,夕,夕,,저녁 석,저녁 석,
6급II,106,2024-08-24,49,hunum,다음 漢字의 訓과 音을 쓰세요.,雪,雪,,눈 설,눈 설,
6급II,106,2024-08-24,50,hunum,다음 漢字의 訓과 音을 쓰세요.,數,數,,셈 수,셈 수,
6급II,106,2024-08-24,51,hunum,다음 漢字의 訓과 音을 쓰세요.,時,時,,때 시,때 시,
6급II,106,2024-08-24,52,hunum,다음 漢字의 訓과 音을 쓰세요.,身,身,,몸 신,몸 신,
6급II,106,2024-08-24,53,hunum,다음 漢字의 訓과 音을 쓰세요.,然,然,,그럴 연,그럴 연,
6급II,106,2024-08-24,54,hunum,다음 漢字의 訓과 音을 쓰세요.,午,午,,낮 오,낮 오,
6급II,106,2024-08-24,55,hunum,다음 漢字의 訓과 音을 쓰세요.,育,育,,기를 육,기를 육,
6급II,106,2024-08-24,56,hunum,다음 漢字의 訓과 音을 쓰세요.,昨,昨,,어제 작,어제 작,
6급II,106,2024-08-24,57,hunum,다음 漢字의 訓과 音을 쓰세요.,才,才,,재주 재,재주 재,
6급II,106,2024-08-24,58,hunum,다음 漢字의 訓과 音을 쓰세요.,主,主,,임금/주인 주,임금/주인 주,
6급II,106,2024-08-24,59,hunum,다음 漢字의 訓과 音을 쓰세요.,紙,紙,,종이 지,종이 지,
6급II,106,2024-08-24,60,hunum,다음 漢字의 訓과 音을 쓰세요.,村,村,,마을 촌,마을 촌,
6급II,106,2024-08-24,61,hunum,다음 漢字의 訓과 音을 쓰세요.,直,直,,곧을 직,곧을 직,
6급II,106,2024-08-24,62,banui_select,다음 중 뜻이 서로 반대(또는 상대)되는 漢字끼리 연결되지 않은 것을 찾아 그 번호를 쓰세요.,,,"[""① 南 ↔ 北"", ""② 大 ↔ 小"", ""③ 新 ↔ 聞"", ""④ 夏 ↔ 冬""]",③,新 ↔ 聞,
6급II,106,2024-08-24,63,banui_select,다음 중 뜻이 서로 반대(또는 상대)되는 漢字끼리 연결되지 않은 것을 찾아 그 번호를 쓰세요.,,,"[""① 上 ↔ 下"", ""② 出 ↔ 生"", ""③ 前 ↔ 後"", ""④ 左 ↔ 右""]",②,出 ↔ 生,
6급II,106,2024-08-24,64,select_hanja,다음 문장에 어울리는 漢字語가 되도록 ( ) 안에 알맞은 漢字를 <보기>에서 찾아 그 번호를 쓰세요.,요즘 淸( )한 가을 날씨를 만끽하고 있습니다.,淸(),"[""① 明"", ""② 祖"", ""③ 戰"", ""④ 書""]",①,明,
6급II,106,2024-08-24,65,select_hanja,다음 문장에 어울리는 漢字語가 되도록 ( ) 안에 알맞은 漢字를 <보기>에서 찾아 그 번호를 쓰세요.,회의에서 ( )記를 맡은 사람의 역할이 중요합니다.,()記,"[""① 明"", ""② 祖"", ""③ 戰"", ""④ 書""]",④,書,
6급II,106,2024-08-24,66,mean_select,다음 뜻에 맞는 漢字語를 <보기>에서 찾아 그 번호를 쓰세요.,믿고 씀.,,"[""① 同窓"", ""② 信用"", ""③ 會社"", ""④ 消音"", ""⑤ 問安"", ""⑥ 藥草""]",②,信用,
6급II,106,2024-08-24,67,mean_select,다음 뜻에 맞는 漢字語를 <보기>에서 찾아 그 번호를 쓰세요.,웃어른에게 안부를 여쭘.,,"[""① 同窓"", ""② 信用"", ""③ 會社"", ""④ 消音"", ""⑤ 問安"", ""⑥ 藥草""]",⑤,問安,
6급II,106,2024-08-24,68,hanjaeo_write,다음 밑줄 친 漢字語를 漢字로 쓰세요.,구월 모의고사를 앞두고 모두 긴장하고 있습니다.,구월,,九月,九月,
6급II,106,2024-08-24,69,hanjaeo_write,다음 밑줄 친 漢字語를 漢字로 쓰세요.,이 도로는 우리나라의 동서를 연결하는 주요 간선로입니다.,동서,,東西,東西,
6급II,106,2024-08-24,70,hanjaeo_write,다음 밑줄 친 漢字語를 漢字로 쓰세요.,오랫동안 꿈꿔 온 모교의 교사 가 되었습니다.,모교,,母校,母校,
6급II,106,2024-08-24,71,hanjaeo_write,다음 밑줄 친 漢字語를 漢字로 쓰세요.,어릴 때부터 삼촌하고 같이 살 아서 삼촌과 아주 친합니다.,삼촌,,三寸,三寸,
6급II,106,2024-08-24,72,hanjaeo_write,다음 밑줄 친 漢字語를 漢字로 쓰세요.,사회 변화에 따라 여군을 지원 하는 사람이 늘고 있습니다.,녀군,,女軍,女軍,
6급II,106,2024-08-24,73,hanjaeo_write,다음 밑줄 친 漢字語를 漢字로 쓰세요.,왕의 나이가 어리면 왕실의 어 른이 후견인을 하기도 합니다.,왕실,,王室,王室,
6급II,106,2024-08-24,74,hanjaeo_write,다음 밑줄 친 漢字語를 漢字로 쓰세요.,저는 형제가 없어 어린 시절부 터 외로움을 많이 탔습니다.,형제,,兄弟,兄弟,
6급II,106,2024-08-24,75,hanjaeo_write,다음 밑줄 친 漢字語를 漢字로 쓰세요.,정부는 일자리를 찾는 청년들 을 지원하기 위해 애쓰고 있습 니다.,청년,,靑年,靑年,
6급II,106,2024-08-24,76,hanjaeo_write,다음 밑줄 친 漢字語를 漢字로 쓰세요.,화산의 분출구는 오랜 시간이 흐른 후에 호수가 되기도 합니 다.,화산,,火山,火山,
6급II,106,2024-08-24,77,hanjaeo_write,다음 밑줄 친 漢字語를 漢字로 쓰세요.,어제 본 집이 마음에 들어서 선금을 주고 계약했습니다.,선금,,先金,先金,
6급II,106,2024-08-24,78,stroke,다음 漢字의 짙게 표시한 획은 몇 번째 쓰는 획인지 <보기>에서 찾아 그 번호를 쓰세요.,,,"[""① 첫 번째"", ""② 두 번째"", ""③ 세 번째"", ""④ 네 번째"", ""⑤ 다섯 번째"", ""⑥ 여섯 번째"", ""⑦ 일곱 번째"", ""⑧ 여덟 번째"", ""⑨ 아홉 번째"", ""⑩ 열 번째"", ""⑪ 열한 번째"", ""⑫ 열두 번째"", ""⑬ 열세 번째"", ""⑭ 열네 번째""]",⑥,여섯 번째,exam-strokes/stroke_6ii_106_78.png
6급II,106,2024-08-24,79,stroke,다음 漢字의 짙게 표시한 획은 몇 번째 쓰는 획인지 <보기>에서 찾아 그 번호를 쓰세요.,,,"[""① 첫 번째"", ""② 두 번째"", ""③ 세 번째"", ""④ 네 번째"", ""⑤ 다섯 번째"", ""⑥ 여섯 번째"", ""⑦ 일곱 번째"", ""⑧ 여덟 번째"", ""⑨ 아홉 번째"", ""⑩ 열 번째"", ""⑪ 열한 번째"", ""⑫ 열두 번째"", ""⑬ 열세 번째"", ""⑭ 열네 번째""]",⑨,아홉 번째,exam-strokes/stroke_6ii_106_79.png
6급II,106,2024-08-24,80,stroke,다음 漢字의 짙게 표시한 획은 몇 번째 쓰는 획인지 <보기>에서 찾아 그 번호를 쓰세요.,,,"[""① 첫 번째"", ""② 두 번째"", ""③ 세 번째"", ""④ 네 번째"", ""⑤ 다섯 번째"", ""⑥ 여섯 번째"", ""⑦ 일곱 번째"", ""⑧ 여덟 번째"", ""⑨ 아홉 번째"", ""⑩ 열 번째"", ""⑪ 열한 번째"", ""⑫ 열두 번째"", ""⑬ 열세 번째"", ""⑭ 열네 번째""]",⑫,열두 번째,exam-strokes/stroke_6ii_106_80.png
6급II,107,2024-11-09,1,dokum,다음 밑줄 친 漢字語의 讀音을 쓰세요.,경찰이 하천에 오수를 放出한 업체를 단속했습니다.,放出,,방출,방출,
6급II,107,2024-11-09,2,dokum,다음 밑줄 친 漢字語의 讀音을 쓰세요.,이 건물의 後面으로 돌아가면 주차장의 입구가 보입니다.,後面,,후면,후면,
6급II,107,2024-11-09,3,dokum,다음 밑줄 친 漢字語의 讀音을 쓰세요.,밭에서 마흔 쯤은 되어 보이는 村夫가 밭을 갈고 있었습니다.,村夫,,촌부,촌부,
6급II,107,2024-11-09,4,dokum,다음 밑줄 친 漢字語의 讀音을 쓰세요.,사원들은 회사의 命運이 걸린 신제품 개발에 몰두하였습니다.,命運,,명운,명운,
6급II,107,2024-11-09,5,dokum,다음 밑줄 친 漢字語의 讀音을 쓰세요.,나를 본 은수는 놀란 표정을 숨 기며 天然덕스럽게 웃었습니다.,天然,,천연,천연,
6급II,107,2024-11-09,6,dokum,다음 밑줄 친 漢字語의 讀音을 쓰세요.,이 나무는 햇볕을 충분히 받지 못해 發育이 더딥니다.,發育,,발육,발육,
6급II,107,2024-11-09,7,dokum,다음 밑줄 친 漢字語의 讀音을 쓰세요.,어머니는 동생이 입을 物色 고 운 색동옷을 골랐습니다.,物色,,물색,물색,
6급II,107,2024-11-09,8,dokum,다음 밑줄 친 漢字語의 讀音을 쓰세요.,어제 일어난 대형 사고에 관한 기사가 新聞에 보도되었습니다.,新聞,,신문,신문,
6급II,107,2024-11-09,9,dokum,다음 밑줄 친 漢字語의 讀音을 쓰세요.,이 건물은 內部에 많은 편의 시 설들을 갖추고 있습니다.,內部,,내부,내부,
6급II,107,2024-11-09,10,dokum,다음 밑줄 친 漢字語의 讀音을 쓰세요.,그 기업은 반도체 수출에서 큰 成果를 거두었습니다.,成果,,성과,성과,
6급II,107,2024-11-09,11,dokum,다음 밑줄 친 漢字語의 讀音을 쓰세요.,바닷속 海草 숲은 물고기들의 산란장이 되기도 합니다.,海草,,해초,해초,
6급II,107,2024-11-09,12,dokum,다음 밑줄 친 漢字語의 讀音을 쓰세요.,어머니는 이번 달 카드 代金이 많이 나왔다고 걱정하십니다.,代金,,대금,대금,
6급II,107,2024-11-09,13,dokum,다음 밑줄 친 漢字語의 讀音을 쓰세요.,흥부전은 권선징악을 主題로 한 대표적인 이야기입니다.,主題,,주제,주제,
6급II,107,2024-11-09,14,dokum,다음 밑줄 친 漢字語의 讀音을 쓰세요.,農藥 사용을 줄이기 위해 친환 경 농법을 합니다.,農藥,,농약,농약,
6급II,107,2024-11-09,15,dokum,다음 밑줄 친 漢字語의 讀音을 쓰세요.,할아버지는 어렸을 때 書堂에 서 한문을 배우셨다고 합니다.,書堂,,서당,서당,
6급II,107,2024-11-09,16,dokum,다음 밑줄 친 漢字語의 讀音을 쓰세요.,老弱자들은 환절기에 감기를 조심하여야 합니다.,老弱,,노약,노약,
6급II,107,2024-11-09,17,dokum,다음 밑줄 친 漢字語의 讀音을 쓰세요.,철수는 영희와 친해 볼 意圖로 옆자리에 앉았습니다.,意圖,,의도,의도,
6급II,107,2024-11-09,18,dokum,다음 밑줄 친 漢字語의 讀音을 쓰세요.,어두웠던 방 안의 電球를 갈자 방이 환해졌다.,電球,,전구,전구,
6급II,107,2024-11-09,19,dokum,다음 밑줄 친 漢字語의 讀音을 쓰세요.,이 콘크리트 건축물의 外形은 한옥과 모양이 비슷합니다.,外形,,외형,외형,
6급II,107,2024-11-09,20,dokum,다음 밑줄 친 漢字語의 讀音을 쓰세요.,영수에 관한 소식은 人便을 통 해 간간이 듣고 있습니다.,人便,,인편,인편,
6급II,107,2024-11-09,21,dokum,다음 밑줄 친 漢字語의 讀音을 쓰세요.,우리는 백화점에서 各自에게 어울리는 옷을 골랐습니다.,各自,,각자,각자,
6급II,107,2024-11-09,22,dokum,다음 밑줄 친 漢字語의 讀音을 쓰세요.,시동을 걸자 낡은 車體가 심하 게 덜덜거렸습니다. 6급II *** 6급과6급Ⅱ는서로다른급수입니다. 반드시지원급수를다시확인하세요. *** 80 문항 / 50분 시험 / 시험일자 : 2024. 11. 09. * 성명을 쓰고 문제지와 답안지는 함께 제출하시오. 성명( ),車體,,차체,차체,
6급II,107,2024-11-09,23,dokum,다음 밑줄 친 漢字語의 讀音을 쓰세요.,그녀는 현재 의류 業界에서 모 델로 일하고 있습니다.,業界,,업계,업계,
6급II,107,2024-11-09,24,dokum,다음 밑줄 친 漢字語의 讀音을 쓰세요.,공원에 마련된 수도 시설은 누 구나 利用할 수 있습니다.,利用,,이용,이용,
6급II,107,2024-11-09,25,dokum,다음 밑줄 친 漢字語의 讀音을 쓰세요.,종군 기자였던 삼촌은 꽃다운 靑春을 전쟁터에서 보냈습니다.,靑春,,청춘,청춘,
6급II,107,2024-11-09,26,dokum,다음 밑줄 친 漢字語의 讀音을 쓰세요.,몸이 뚱뚱한 삼촌은 다른 사람 들보다 動作이 굼뜬 편입니다.,動作,,동작,동작,
6급II,107,2024-11-09,27,dokum,다음 밑줄 친 漢字語의 讀音을 쓰세요.,그 환자는 手術 후 빠른 속도 로 회복되었습니다.,手術,,수술,수술,
6급II,107,2024-11-09,28,dokum,다음 밑줄 친 漢字語의 讀音을 쓰세요.,영희가 쓴 동시가 이번 달 학 급 文集에 실렸습니다.,文集,,문집,문집,
6급II,107,2024-11-09,29,dokum,다음 밑줄 친 漢字語의 讀音을 쓰세요.,이번 달 잡지의 表紙에 그 가 수의 사진이 실렸습니다.,表紙,,표지,표지,
6급II,107,2024-11-09,30,dokum,다음 밑줄 친 漢字語의 讀音을 쓰세요.,전쟁을 일으킨 자들은 千秋에 오명을 남길 것입니다.,千秋,,천추,천추,
6급II,107,2024-11-09,31,dokum,다음 밑줄 친 漢字語의 讀音을 쓰세요.,그는 아이들이 손쉽게 먹을 수 있는 간단한 飮食을 만들었습니 다.,飮食,,음식,음식,
6급II,107,2024-11-09,32,dokum,다음 밑줄 친 漢字語의 讀音을 쓰세요.,낡은 가치관은 과감하게 淸算 할 필요가 있습니다.,淸算,,청산,청산,
6급II,107,2024-11-09,33,hunum,다음 漢字의 訓과 音을 쓰세요.,勇,勇,,날랠 용,날랠 용,
6급II,107,2024-11-09,34,hunum,다음 漢字의 訓과 音을 쓰세요.,對,對,,대할 대,대할 대,
6급II,107,2024-11-09,35,hunum,다음 漢字의 訓과 音을 쓰세요.,樂,樂,,즐길 락 | 노래 악 | 좋아할 요,즐길 락 | 노래 악 | 좋아할 요,
6급II,107,2024-11-09,36,hunum,다음 漢字의 訓과 音을 쓰세요.,信,信,,믿을 신,믿을 신,
6급II,107,2024-11-09,37,hunum,다음 漢字의 訓과 音을 쓰세요.,現,現,,나타날 현,나타날 현,
6급II,107,2024-11-09,38,hunum,다음 漢字의 訓과 音을 쓰세요.,社,社,,모일 사,모일 사,
6급II,107,2024-11-09,39,hunum,다음 漢字의 訓과 音을 쓰세요.,童,童,,아이 동,아이 동,
6급II,107,2024-11-09,40,hunum,다음 漢字의 訓과 音을 쓰세요.,會,會,,모일 회,모일 회,
6급II,107,2024-11-09,41,hunum,다음 漢字의 訓과 音을 쓰세요.,光,光,,빛 광,빛 광,
6급II,107,2024-11-09,42,hunum,다음 漢字의 訓과 音을 쓰세요.,注,注,,부을 주,부을 주,
6급II,107,2024-11-09,43,hunum,다음 漢字의 訓과 音을 쓰세요.,始,始,,비로소 시,비로소 시,
6급II,107,2024-11-09,44,hunum,다음 漢字의 訓과 音을 쓰세요.,計,計,,셀 계,셀 계,
6급II,107,2024-11-09,45,hunum,다음 漢字의 訓과 音을 쓰세요.,功,功,,공[勳] 공,공[勳] 공,
6급II,107,2024-11-09,46,hunum,다음 漢字의 訓과 音을 쓰세요.,庭,庭,,뜰 정,뜰 정,
6급II,107,2024-11-09,47,hunum,다음 漢字의 訓과 音을 쓰세요.,才,才,,재주 재,재주 재,
6급II,107,2024-11-09,48,hunum,다음 漢字의 訓과 音을 쓰세요.,分,分,,나눌 분,나눌 분,
6급II,107,2024-11-09,49,hunum,다음 漢字의 訓과 音을 쓰세요.,科,科,,과목 과,과목 과,
6급II,107,2024-11-09,50,hunum,다음 漢字의 訓과 音을 쓰세요.,雪,雪,,눈 설,눈 설,
6급II,107,2024-11-09,51,hunum,다음 漢字의 訓과 音을 쓰세요.,省,省,,살필 성 | 덜 생,살필 성 | 덜 생,
6급II,107,2024-11-09,52,hunum,다음 漢字의 訓과 音을 쓰세요.,班,班,,나눌 반,나눌 반,
6급II,107,2024-11-09,53,hunum,다음 漢字의 訓과 音을 쓰세요.,線,線,,줄 선,줄 선,
6급II,107,2024-11-09,54,hunum,다음 漢字의 訓과 音을 쓰세요.,公,公,,공평할 공,공평할 공,
6급II,107,2024-11-09,55,hunum,다음 漢字의 訓과 音을 쓰세요.,共,共,,한가지 공,한가지 공,
6급II,107,2024-11-09,56,hunum,다음 漢字의 訓과 音을 쓰세요.,理,理,,다스릴 리,다스릴 리,
6급II,107,2024-11-09,57,hunum,다음 漢字의 訓과 音을 쓰세요.,幸,幸,,다행 행,다행 행,
6급II,107,2024-11-09,58,hunum,다음 漢字의 訓과 音을 쓰세요.,等,等,,무리 등,무리 등,
6급II,107,2024-11-09,59,hunum,다음 漢字의 訓과 音을 쓰세요.,神,神,,귀신 신,귀신 신,
6급II,107,2024-11-09,60,hunum,다음 漢字의 訓과 音을 쓰세요.,急,急,,급할 급,급할 급,
6급II,107,2024-11-09,61,hunum,다음 漢字의 訓과 音을 쓰세요.,第,第,,차례 제,차례 제,
6급II,107,2024-11-09,62,banui_select,다음 중 뜻이 서로 반대(또는 상대)되는 漢字끼리 연결되지 않은 것을 찾아 그 번호를 쓰세요.,,,"[""① 高 ↔ 下"", ""② 短 ↔ 長"", ""③ 家 ↔ 室"", ""④ 心 ↔ 身""]",③,家 ↔ 室,
6급II,107,2024-11-09,63,banui_select,다음 중 뜻이 서로 반대(또는 상대)되는 漢字끼리 연결되지 않은 것을 찾아 그 번호를 쓰세요.,,,"[""① 昨 ↔ 今"", ""② 和 ↔ 戰"", ""③ 正 ↔ 反"", ""④ 土 ↔ 地""]",④,土 ↔ 地,
6급II,107,2024-11-09,64,select_hanja,다음 문장에 어울리는 漢字語가 되도록 ( ) 안에 알맞은 漢字를 <보기>에서 찾아 그 번호를 쓰세요.,철수가 범인이라는 ( )白한 증거가 나왔습니다.,()白,"[""① 全"", ""② 消"", ""③ 窓"", ""④ 明""]",④,明,
6급II,107,2024-11-09,65,select_hanja,다음 문장에 어울리는 漢字語가 되도록 ( ) 안에 알맞은 漢字를 <보기>에서 찾아 그 번호를 쓰세요.,빗길이나 눈길을 운전할 때는 安( )하게 속도를 줄입니다.,安(),"[""① 全"", ""② 消"", ""③ 窓"", ""④ 明""]",①,全,
6급II,107,2024-11-09,66,mean_select,다음 뜻에 맞는 漢字語를 <보기>에서 찾아 그 번호를 쓰세요.,바람의 힘.,,"[""① 洞口"", ""② 休場"", ""③ 每事"", ""④ 角木"", ""⑤ 風力"", ""⑥ 入住""]",⑤,風力,
6급II,107,2024-11-09,67,mean_select,다음 뜻에 맞는 漢字語를 <보기>에서 찾아 그 번호를 쓰세요.,모서리를 모나게 깎은 나무.,,"[""① 洞口"", ""② 休場"", ""③ 每事"", ""④ 角木"", ""⑤ 風力"", ""⑥ 入住""]",④,角木,
6급II,107,2024-11-09,68,hanjaeo_write,다음 밑줄 친 漢字語를 漢字로 쓰세요.,내일은 비 올 확률이 구십 퍼 센트 이상이라고 합니다.,구십,,九十,九十,
6급II,107,2024-11-09,69,hanjaeo_write,다음 밑줄 친 漢字語를 漢字로 쓰세요.,영토는 한 국가의 국민들이 살 아가는 삶의 터전입니다.,국민,,國民,國民,
6급II,107,2024-11-09,70,hanjaeo_write,다음 밑줄 친 漢字語를 漢字로 쓰세요.,따뜻한 봄바람이 남동쪽에서 불어왔습니다.,남동,,南東,南東,
6급II,107,2024-11-09,71,hanjaeo_write,다음 밑줄 친 漢字語를 漢字로 쓰세요.,김 중령은 최초의 여군 헬기 조종사였습니다.,녀군,,女軍,女軍,
6급II,107,2024-11-09,72,hanjaeo_write,다음 밑줄 친 漢字語를 漢字로 쓰세요.,제주도의 전통 가옥에는 대문 대신 정낭을 놓았습니다.,대문,,大門,大門,
6급II,107,2024-11-09,73,hanjaeo_write,다음 밑줄 친 漢字語를 漢字로 쓰세요.,소방관들은 항상 장비를 점검 하며 만일의 사태를 대비합니 다.,만일,,萬一,萬一,
6급II,107,2024-11-09,74,hanjaeo_write,다음 밑줄 친 漢字語를 漢字로 쓰세요.,"아버지의 형제분들이 많다 보 니, 나에겐 사촌이 많습니다.",사촌,,四寸,四寸,
6급II,107,2024-11-09,75,hanjaeo_write,다음 밑줄 친 漢字語를 漢字로 쓰세요.,우리 선생님은 키가 크시고 안 경을 끼셨습니다.,선생,,先生,先生,
6급II,107,2024-11-09,76,hanjaeo_write,다음 밑줄 친 漢字語를 漢字로 쓰세요.,푸른 산에는 오월 뭉게구름이 일 듯 산벗꽃이 만발합니다.,오월,,五月,五月,
6급II,107,2024-11-09,77,hanjaeo_write,다음 밑줄 친 漢字語를 漢字로 쓰세요.,화산과 지진은 지표면을 모양 을 바꿔놓기도 합니다.,화산,,火山,火山,
6급II,107,2024-11-09,78,stroke,다음 漢字의 짙게 표시한 획은 몇 번째 쓰는 획인지 <보기>에서 찾아 그 번호를 쓰세요.,,,"[""① 첫 번째"", ""② 두 번째"", ""③ 세 번째"", ""④ 네 번째"", ""⑤ 다섯 번째"", ""⑥ 여섯 번째"", ""⑦ 일곱 번째"", ""⑧ 여덟 번째""]",⑥,여섯 번째,exam-strokes/stroke_6ii_107_78.png
6급II,107,2024-11-09,79,stroke,다음 漢字의 짙게 표시한 획은 몇 번째 쓰는 획인지 <보기>에서 찾아 그 번호를 쓰세요.,,,"[""① 첫 번째"", ""② 두 번째"", ""③ 세 번째"", ""④ 네 번째"", ""⑤ 다섯 번째"", ""⑥ 여섯 번째"", ""⑦ 일곱 번째"", ""⑧ 여덟 번째""]",⑥,여섯 번째,exam-strokes/stroke_6ii_107_79.png
6급II,107,2024-11-09,80,stroke,다음 漢字의 짙게 표시한 획은 몇 번째 쓰는 획인지 <보기>에서 찾아 그 번호를 쓰세요.,,,"[""① 첫 번째"", ""② 두 번째"", ""③ 세 번째"", ""④ 네 번째"", ""⑤ 다섯 번째"", ""⑥ 여섯 번째"", ""⑦ 일곱 번째"", ""⑧ 여덟 번째""]",⑦,일곱 번째,exam-strokes/stroke_6ii_107_80.png
6급II,108,2025-02-22,1,dokum,다음 밑줄 친 漢字語의 讀音을 쓰세요.,世界에서 가장 높은 산은 에베 레스트산입니다.,世界,,세계,세계,
6급II,108,2025-02-22,2,dokum,다음 밑줄 친 漢字語의 讀音을 쓰세요.,회사 직원들을 위한 넓은 食堂 이 있습니다.,食堂,,식당,식당,
6급II,108,2025-02-22,3,dokum,다음 밑줄 친 漢字語의 讀音을 쓰세요.,홈스테이를 통해 보통 사람들의 家庭 생활을 경험할 수 있습니다.,家庭,,가정,가정,
6급II,108,2025-02-22,4,dokum,다음 밑줄 친 漢字語의 讀音을 쓰세요.,국제회의를 앞두고 各國 대표단 들이 입국하고 있습니다.,各國,,각국,각국,
6급II,108,2025-02-22,5,dokum,다음 밑줄 친 漢字語의 讀音을 쓰세요.,사무실 한가운데에 四角 모양의 테이블이 자리하고 있었습니다.,四角,,사각,사각,
6급II,108,2025-02-22,6,dokum,다음 밑줄 친 漢字語의 讀音을 쓰세요.,이 그림은 독특한 재료와 개성 있는 表現으로 유명합니다.,表現,,표현,표현,
6급II,108,2025-02-22,7,dokum,다음 밑줄 친 漢字語의 讀音을 쓰세요.,도시일수록 시민들을 위한 휴게 空間이 확보되어야 합니다.,空間,,공간,공간,
6급II,108,2025-02-22,8,dokum,다음 밑줄 친 漢字語의 讀音을 쓰세요.,전국적으로 스마트 工場이 늘고 있습니다.,工場,,공장,공장,
6급II,108,2025-02-22,9,dokum,다음 밑줄 친 漢字語의 讀音을 쓰세요.,밭갈이하는 農夫들의 노랫소리 가 흥겹습니다.,農夫,,농부,농부,
6급II,108,2025-02-22,10,dokum,다음 밑줄 친 漢字語의 讀音을 쓰세요.,자외선은 눈에 보이는 光線보 다 파장이 짧습니다.,光線,,광선,광선,
6급II,108,2025-02-22,11,dokum,다음 밑줄 친 漢字語의 讀音을 쓰세요.,유학을 가겠다는 저의 결심에 부모님은 白旗를 들었습니다.,白旗,,백기,백기,
6급II,108,2025-02-22,12,dokum,다음 밑줄 친 漢字語의 讀音을 쓰세요.,여러 公共 기관이 지방으로 이 전하였습니다.,公共,,공공,공공,
6급II,108,2025-02-22,13,dokum,다음 밑줄 친 漢字語의 讀音을 쓰세요.,모든 문제에 正答이 있는 것은 아닙니다.,正答,,정답,정답,
6급II,108,2025-02-22,14,dokum,다음 밑줄 친 漢字語의 讀音을 쓰세요.,저녁 식사 시간은 가족이 對話 를 나눌 수 있는 시간입니다.,對話,,대화,대화,
6급II,108,2025-02-22,15,dokum,다음 밑줄 친 漢字語의 讀音을 쓰세요.,이번 공사에서 圖面에는 없던 공간이 확인되었습니다.,圖面,,도면,도면,
6급II,108,2025-02-22,16,dokum,다음 밑줄 친 漢字語의 讀音을 쓰세요.,그 가게는 매월 첫째 주 월요 일에 休業을 합니다.,休業,,휴업,휴업,
6급II,108,2025-02-22,17,dokum,다음 밑줄 친 漢字語의 讀音을 쓰세요.,영상을 보고 動作을 따라 하는 것만으로도 자세 교정에 도움이 됩니다.,動作,,동작,동작,
6급II,108,2025-02-22,18,dokum,다음 밑줄 친 漢字語의 讀音을 쓰세요.,이번 시험은 고졸 혹은 同等의 학력을 가진 사람이 응시할 수 있습니다.,同等,,동등,동등,
6급II,108,2025-02-22,19,dokum,다음 밑줄 친 漢字語의 讀音을 쓰세요.,모처럼 童心의 세계로 돌아가 즐겁게 놀았습니다.,童心,,동심,동심,
6급II,108,2025-02-22,20,dokum,다음 밑줄 친 漢字語의 讀音을 쓰세요.,여름철에는 항상 電力 부족이 문제가 됩니다.,電力,,전력,전력,
6급II,108,2025-02-22,21,dokum,다음 밑줄 친 漢字語의 讀音을 쓰세요.,"인류는 도구를 利用하면서 발 전해 왔습니다. 6급II *** 6급과6급Ⅱ는서로다른급수입니다. 반드시지원급수를다시확인하세요. *** 80 문항 / 50분 시험 / 시험일자 : 2025. 02. 22. * 성명과 수험번호를 쓰고 문제지와 답안지는 함께 제출하세요. 성명( ), 수험번호□□□-□□-□□□□",利用,,이용,이용,
6급II,108,2025-02-22,22,dokum,다음 밑줄 친 漢字語의 讀音을 쓰세요.,물질의 성질을 연구하는 것이 物理입니다.,物理,,물리,물리,
6급II,108,2025-02-22,23,dokum,다음 밑줄 친 漢字語의 讀音을 쓰세요.,환경은 인류의 運命과 관련된 중차대한 문제입니다.,運命,,운명,운명,
6급II,108,2025-02-22,24,dokum,다음 밑줄 친 漢字語의 讀音을 쓰세요.,인간은 反省의 과정을 통해 성 숙해집니다.,反省,,반성,반성,
6급II,108,2025-02-22,25,dokum,다음 밑줄 친 漢字語의 讀音을 쓰세요.,수강생들이 너무 많아서 分班 을 하였습니다.,分班,,분반,분반,
6급II,108,2025-02-22,26,dokum,다음 밑줄 친 漢字語의 讀音을 쓰세요.,요즘은 지역의 특색을 살린 유 명한 地方 축제가 많습니다.,地方,,지방,지방,
6급II,108,2025-02-22,27,dokum,다음 밑줄 친 漢字語의 讀音을 쓰세요.,제 동생은 會社를 경영하는 것 이 꿈입니다.,會社,,회사,회사,
6급II,108,2025-02-22,28,dokum,다음 밑줄 친 漢字語의 讀音을 쓰세요.,정부는 과학자 育成을 위해 대 규모의 연구비를 지원합니다.,育成,,육성,육성,
6급II,108,2025-02-22,29,dokum,다음 밑줄 친 漢字語의 讀音을 쓰세요.,사회적으로 저출산 대책 마련 이 時急합니다.,時急,,시급,시급,
6급II,108,2025-02-22,30,dokum,다음 밑줄 친 漢字語의 讀音을 쓰세요.,住所를 정확하게 기재해야 합 니다.,住所,,주소,주소,
6급II,108,2025-02-22,31,dokum,다음 밑줄 친 漢字語의 讀音을 쓰세요.,많은 부모들은 자식이 天才이 기를 기대합니다.,天才,,천재,천재,
6급II,108,2025-02-22,32,dokum,다음 밑줄 친 漢字語의 讀音을 쓰세요.,몸이 便安해야 마음의 건강을 유지할 수 있습니다.,便安,,편안,편안,
6급II,108,2025-02-22,33,hunum,다음 漢字의 訓과 音을 쓰세요.,代,代,,대신할 대,대신할 대,
6급II,108,2025-02-22,34,hunum,다음 漢字의 訓과 音을 쓰세요.,計,計,,셀 계,셀 계,
6급II,108,2025-02-22,35,hunum,다음 漢字의 訓과 音을 쓰세요.,記,記,,기록할 기,기록할 기,
6급II,108,2025-02-22,36,hunum,다음 漢字의 訓과 音을 쓰세요.,立,立,,설 립,설 립,
6급II,108,2025-02-22,37,hunum,다음 漢字의 訓과 音을 쓰세요.,勇,勇,,날랠 용,날랠 용,
6급II,108,2025-02-22,38,hunum,다음 漢字의 訓과 音을 쓰세요.,邑,邑,,고을 읍,고을 읍,
6급II,108,2025-02-22,39,hunum,다음 漢字의 訓과 音을 쓰세요.,直,直,,곧을 직,곧을 직,
6급II,108,2025-02-22,40,hunum,다음 漢字의 訓과 音을 쓰세요.,球,球,,공 구,공 구,
6급II,108,2025-02-22,41,hunum,다음 漢字의 訓과 音을 쓰세요.,科,科,,과목 과,과목 과,
6급II,108,2025-02-22,42,hunum,다음 漢字의 訓과 音을 쓰세요.,軍,軍,,군사 군,군사 군,
6급II,108,2025-02-22,43,hunum,다음 漢字의 訓과 音을 쓰세요.,高,高,,높을 고,높을 고,
6급II,108,2025-02-22,44,hunum,다음 漢字의 訓과 音을 쓰세요.,雪,雪,,눈 설,눈 설,
6급II,108,2025-02-22,45,hunum,다음 漢字의 訓과 音을 쓰세요.,身,身,,몸 신,몸 신,
6급II,108,2025-02-22,46,hunum,다음 漢字의 訓과 音을 쓰세요.,海,海,,바다 해,바다 해,
6급II,108,2025-02-22,47,hunum,다음 漢字의 訓과 音을 쓰세요.,始,始,,처음 시,처음 시,
6급II,108,2025-02-22,48,hunum,다음 漢字의 訓과 音을 쓰세요.,注,注,,부을 주,부을 주,
6급II,108,2025-02-22,49,hunum,다음 漢字의 訓과 音을 쓰세요.,色,色,,빛 색,빛 색,
6급II,108,2025-02-22,50,hunum,다음 漢字의 訓과 音을 쓰세요.,消,消,,사라질 소,사라질 소,
6급II,108,2025-02-22,51,hunum,다음 漢字의 訓과 音을 쓰세요.,數,數,,셈 수,셈 수,
6급II,108,2025-02-22,52,hunum,다음 漢字의 訓과 音을 쓰세요.,林,林,,수풀 림,수풀 림,
6급II,108,2025-02-22,53,hunum,다음 漢字의 訓과 音을 쓰세요.,戰,戰,,싸움 전,싸움 전,
6급II,108,2025-02-22,54,hunum,다음 漢字의 訓과 音을 쓰세요.,藥,藥,,약 약,약 약,
6급II,108,2025-02-22,55,hunum,다음 漢字의 訓과 音을 쓰세요.,術,術,,재주 술,재주 술,
6급II,108,2025-02-22,56,hunum,다음 漢字의 訓과 音을 쓰세요.,夕,夕,,저녁 석,저녁 석,
6급II,108,2025-02-22,57,hunum,다음 漢字의 訓과 音을 쓰세요.,第,第,,차례 제,차례 제,
6급II,108,2025-02-22,58,hunum,다음 漢字의 訓과 音을 쓰세요.,靑,靑,,푸를 청,푸를 청,
6급II,108,2025-02-22,59,hunum,다음 漢字의 訓과 音을 쓰세요.,發,發,,필 발,필 발,
6급II,108,2025-02-22,60,hunum,다음 漢字의 訓과 音을 쓰세요.,祖,祖,,할아비 조,할아비 조,
6급II,108,2025-02-22,61,hunum,다음 漢字의 訓과 音을 쓰세요.,孝,孝,,효도 효,효도 효,
6급II,108,2025-02-22,62,banui_select,다음 중 뜻이 서로 반대(또는 상대)되는 漢字끼리 연결되지 않은 것을 찾아 그 번호를 쓰세요.,,,"[""① 功 ↔ 果"", ""② 南 ↔ 北"", ""③ 老 ↔ 少"", ""④ 內 ↔ 外""]",①,功 ↔ 果,
6급II,108,2025-02-22,63,banui_select,다음 중 뜻이 서로 반대(또는 상대)되는 漢字끼리 연결되지 않은 것을 찾아 그 번호를 쓰세요.,,,"[""① 長 ↔ 短"", ""② 洞 ↔ 里"", ""③ 左 ↔ 右"", ""④ 前 ↔ 後""]",②,洞 ↔ 里,
6급II,108,2025-02-22,64,select_hanja,다음 문장에 어울리는 漢字語가 되도록 ( ) 안에 알맞은 漢字를 <보기>에서 찾아 그 번호를 쓰세요.,외국 언론들은 ( )今의 한국 정치 현실에 주목하고 있습니다.,()今,"[""① 然"", ""② 姓"", ""③ 昨"", ""④ 午""]",③,昨,
6급II,108,2025-02-22,65,select_hanja,다음 문장에 어울리는 漢字語가 되도록 ( ) 안에 알맞은 漢字를 <보기>에서 찾아 그 번호를 쓰세요.,여기에서는 自( )의 아름다움을 만끽할 수 있습니다.,自(),"[""① 然"", ""② 姓"", ""③ 昨"", ""④ 午""]",①,然,
6급II,108,2025-02-22,66,mean_select,다음 뜻에 맞는 漢字語를 <보기>에서 찾아 그 번호를 쓰세요.,주권이 국민에게 있음.,,"[""① 花草"", ""② 放出"", ""③ 和平"", ""④ 歌手"", ""⑤ 活氣"", ""⑥ 民主""]",⑥,民主,
6급II,108,2025-02-22,67,mean_select,다음 뜻에 맞는 漢字語를 <보기>에서 찾아 그 번호를 쓰세요.,화목하고 평온함.,,"[""① 花草"", ""② 放出"", ""③ 和平"", ""④ 歌手"", ""⑤ 活氣"", ""⑥ 民主""]",③,和平,
6급II,108,2025-02-22,68,hanjaeo_write,다음 밑줄 친 漢字語를 漢字로 쓰세요.,출판사에서 유명한 소설 작가 에게 원고료를 선금으로 주었 습니다.,선금,,先金,先金,
6급II,108,2025-02-22,69,hanjaeo_write,다음 밑줄 친 漢字語를 漢字로 쓰세요.,저는 계절의 여왕이라고 불리 는 5월을 좋아합니다.,여왕,,女王,女王,
6급II,108,2025-02-22,70,hanjaeo_write,다음 밑줄 친 漢字語를 漢字로 쓰세요.,최근에는 중년의 나이에도 새 로운 일을 시작하는 사람들이 많습니다.,중년,,中年,中年,
6급II,108,2025-02-22,71,hanjaeo_write,다음 밑줄 친 漢字語를 漢字로 쓰세요.,크고 무거운 대문을 열고 들어 가니 마당이 넓게 있었습니다.,대문,,大門,大門,
6급II,108,2025-02-22,72,hanjaeo_write,다음 밑줄 친 漢字語를 漢字로 쓰세요.,저는 부모님의 좋은 유전자를 많이 물려받았습니다.,부모,,父母,父母,
6급II,108,2025-02-22,73,hanjaeo_write,다음 밑줄 친 漢字語를 漢字로 쓰세요.,서산에 노을이 타오르니 정말 아름다웠습니다.,서산,,西山,西山,
6급II,108,2025-02-22,74,hanjaeo_write,다음 밑줄 친 漢字語를 漢字로 쓰세요.,이번 생일에는 친구들을 집으 로 초대해 파티를 하려고 합니 다.,생일,,生日,生日,
6급II,108,2025-02-22,75,hanjaeo_write,다음 밑줄 친 漢字語를 漢字로 쓰세요.,친구들과 팔월에 봉사 활동을 가기로 했습니다.,팔월,,八月,八月,
6급II,108,2025-02-22,76,hanjaeo_write,다음 밑줄 친 漢字語를 漢字로 쓰세요.,우리 삼촌은 경제학을 전공한 후 지금은 증권사에서 근무합 니다.,삼촌,,三寸,三寸,
6급II,108,2025-02-22,77,hanjaeo_write,다음 밑줄 친 漢字語를 漢字로 쓰세요.,요즘은 교실에 스마트 칠판이 설치되어 있는 곳이 많습니다.,교실,,敎室,敎室,
6급II,108,2025-02-22,78,stroke,다음 漢字의 짙게 표시한 획은 몇 번째 쓰는 획인지 <보기>에서 찾아 그 번호를 쓰세요.,,,"[""① 첫 번째"", ""② 두 번째"", ""③ 세 번째"", ""④ 네 번째"", ""⑤ 다섯 번째"", ""⑥ 여섯 번째"", ""⑦ 일곱 번째"", ""⑧ 여덟 번째"", ""⑨ 아홉 번째"", ""⑩ 열 번째"", ""⑪ 열한 번째"", ""⑫ 열두 번째"", ""⑬ 열세 번째"", ""⑭ 열네 번째""]",⑪,열한 번째,exam-strokes/stroke_6ii_108_78.png
6급II,108,2025-02-22,79,stroke,다음 漢字의 짙게 표시한 획은 몇 번째 쓰는 획인지 <보기>에서 찾아 그 번호를 쓰세요.,,,"[""① 첫 번째"", ""② 두 번째"", ""③ 세 번째"", ""④ 네 번째"", ""⑤ 다섯 번째"", ""⑥ 여섯 번째"", ""⑦ 일곱 번째"", ""⑧ 여덟 번째"", ""⑨ 아홉 번째"", ""⑩ 열 번째"", ""⑪ 열한 번째"", ""⑫ 열두 번째"", ""⑬ 열세 번째"", ""⑭ 열네 번째""]",⑤,다섯 번째,exam-strokes/stroke_6ii_108_79.png
6급II,108,2025-02-22,80,stroke,다음 漢字의 짙게 표시한 획은 몇 번째 쓰는 획인지 <보기>에서 찾아 그 번호를 쓰세요.,,,"[""① 첫 번째"", ""② 두 번째"", ""③ 세 번째"", ""④ 네 번째"", ""⑤ 다섯 번째"", ""⑥ 여섯 번째"", ""⑦ 일곱 번째"", ""⑧ 여덟 번째"", ""⑨ 아홉 번째"", ""⑩ 열 번째"", ""⑪ 열한 번째"", ""⑫ 열두 번째"", ""⑬ 열세 번째"", ""⑭ 열네 번째""]",⑧,여덟 번째,exam-strokes/stroke_6ii_108_80.png
6급II,109,2025-05-24,1,dokum,다음 밑줄 친 漢字語의 讀音을 쓰세요.,아이들은 물장구를 치며 노느라 時間 가는 줄 몰랐습니다.,時間,,시간,시간,
6급II,109,2025-05-24,2,dokum,다음 밑줄 친 漢字語의 讀音을 쓰세요.,어머니는 건강에 注意하라고 내 게 신신당부하셨습니다.,注意,,주의,주의,
6급II,109,2025-05-24,3,dokum,다음 밑줄 친 漢字語의 讀音을 쓰세요.,그 音樂은 부드러운 선율로 사 람들의 마음을 사로잡습니다.,音樂,,음악,음악,
6급II,109,2025-05-24,4,dokum,다음 밑줄 친 漢字語의 讀音을 쓰세요.,이번 도난 사건은 회사의 內部 에서 일어난 일로 밝혀졌습니다.,內部,,내부,내부,
6급II,109,2025-05-24,5,dokum,다음 밑줄 친 漢字語의 讀音을 쓰세요.,이달에 쓰고 남은 용돈을 통장 에 入金하였습니다.,入金,,입금,입금,
6급II,109,2025-05-24,6,dokum,다음 밑줄 친 漢字語의 讀音을 쓰세요.,기업이 성장하려면 자금과 인력 을 잘 運用하여야 합니다.,運用,,운용,운용,
6급II,109,2025-05-24,7,dokum,다음 밑줄 친 漢字語의 讀音을 쓰세요.,이것으로 감사의 뜻이 충분히 表明되었다고 생각합니다.,表明,,표명,표명,
6급II,109,2025-05-24,8,dokum,다음 밑줄 친 漢字語의 讀音을 쓰세요.,우리나라 탈춤은 動作이 시원시 원합니다.,動作,,동작,동작,
6급II,109,2025-05-24,9,dokum,다음 밑줄 친 漢字語의 讀音을 쓰세요.,우리 마을 이장님은 事理가 밝 고 친절한 분입니다.,事理,,사리,사리,
6급II,109,2025-05-24,10,dokum,다음 밑줄 친 漢字語의 讀音을 쓰세요.,영희는 철수가 쓴 편지를 半年 뒤에나 받아 보았습니다.,半年,,반년,반년,
6급II,109,2025-05-24,11,dokum,다음 밑줄 친 漢字語의 讀音을 쓰세요.,선생님은 아이들에게 가고 싶 은 소풍 장소를 物色해 보라고 하셨습니다.,物色,,물색,물색,
6급II,109,2025-05-24,12,dokum,다음 밑줄 친 漢字語의 讀音을 쓰세요.,그의 발상 自體는 특이했지만 현실성이 없어 보입니다.,自體,,자체,자체,
6급II,109,2025-05-24,13,dokum,다음 밑줄 친 漢字語의 讀音을 쓰세요.,막내는 새 장난감을 神主 모시 듯 애지중지합니다.,神主,,신주,신주,
6급II,109,2025-05-24,14,dokum,다음 밑줄 친 漢字語의 讀音을 쓰세요.,그는 先祖의 뜻을 이어 한학자 가 되었습니다.,先祖,,선조,선조,
6급II,109,2025-05-24,15,dokum,다음 밑줄 친 漢字語의 讀音을 쓰세요.,누렁이와 바둑이까지 쳐서 우 리 食口는 모두 일곱입니다.,食口,,식구,식구,
6급II,109,2025-05-24,16,dokum,다음 밑줄 친 漢字語의 讀音을 쓰세요.,세 살 버릇이 平生을 간다고들 말합니다.,平生,,평생,평생,
6급II,109,2025-05-24,17,dokum,다음 밑줄 친 漢字語의 讀音을 쓰세요.,태양은 어마어마한 열에너지를 放出합니다.,放出,,방출,방출,
6급II,109,2025-05-24,18,dokum,다음 밑줄 친 漢字語의 讀音을 쓰세요.,그 아이는 듣던 대로 果然 신 동이었습니다.,果然,,과연,과연,
6급II,109,2025-05-24,19,dokum,다음 밑줄 친 漢字語의 讀音을 쓰세요.,전쟁 중인 두 나라가 休戰하기 위해 협상을 시작했습니다.,休戰,,휴전,휴전,
6급II,109,2025-05-24,20,dokum,다음 밑줄 친 漢字語의 讀音을 쓰세요.,나는 그의 초대에 참석하겠다 는 文答을 보냈습니다.,文答,,문답,문답,
6급II,109,2025-05-24,21,dokum,다음 밑줄 친 漢字語의 讀音을 쓰세요.,"그는 고려청자의 비법이 後世 로 이어지지 못한 것을 아쉬워 했습니다. 6급II *** 6급과6급Ⅱ는서로다른급수입니다. 반드시지원급수를다시확인하세요. *** 80 문항 / 50분 시험 / 시험일자 : 2025. 05. 24. * 성명과 수험번호를 쓰고 문제지와 답안지는 함께 제출하세요. 성명( ), 수험번호□□□-□□-□□□□",後世,,후세,후세,
6급II,109,2025-05-24,22,dokum,다음 밑줄 친 漢字語의 讀音을 쓰세요.,온 국민의 관심이 월드컵 축구 경기에 集中되었습니다.,集中,,집중,집중,
6급II,109,2025-05-24,23,dokum,다음 밑줄 친 漢字語의 讀音을 쓰세요.,순이는 라면이라면 四足을 못 쓸 정도로 좋아합니다.,四足,,사족,사족,
6급II,109,2025-05-24,24,dokum,다음 밑줄 친 漢字語의 讀音을 쓰세요.,홍길동은 자기 몸을 마음대로 둔갑시키는 道術을 부렸습니다.,道術,,도술,도술,
6급II,109,2025-05-24,25,dokum,다음 밑줄 친 漢字語의 讀音을 쓰세요.,정부가 반도체 산업을 育成하 기 위한 정책을 내놓았습니다.,育成,,육성,육성,
6급II,109,2025-05-24,26,dokum,다음 밑줄 친 漢字語의 讀音을 쓰세요.,주희는 학교에서도 所聞난 말 괄량이입니다.,所聞,,소문,소문,
6급II,109,2025-05-24,27,dokum,다음 밑줄 친 漢字語의 讀音을 쓰세요.,산불은 수십 년간 자라온 숲속 의 草木들을 태웁니다.,草木,,초목,초목,
6급II,109,2025-05-24,28,dokum,다음 밑줄 친 漢字語의 讀音을 쓰세요.,그 지역은 자동차 부품을 만드 는 工場들이 밀집해 있습니다.,工場,,공장,공장,
6급II,109,2025-05-24,29,dokum,다음 밑줄 친 漢字語의 讀音을 쓰세요.,그녀는 도시 생활을 淸算하고 고향으로 내려갔습니다.,淸算,,청산,청산,
6급II,109,2025-05-24,30,dokum,다음 밑줄 친 漢字語의 讀音을 쓰세요.,영희와 철수가 첫 對面을 한 곳은 버스 정류장이었습니다.,對面,,대면,대면,
6급II,109,2025-05-24,31,dokum,다음 밑줄 친 漢字語의 讀音을 쓰세요.,지하철 공사 때문에 지나가는 행 인들이 많은 不便을 겪었습니다.,不便,,불편,불편,
6급II,109,2025-05-24,32,dokum,다음 밑줄 친 漢字語의 讀音을 쓰세요.,선생님은 후계자를 양성하는 데 많은 功力을 기울였습니다.,功力,,공력,공력,
6급II,109,2025-05-24,33,hunum,다음 漢字의 訓과 音을 쓰세요.,線,線,,줄 선,줄 선,
6급II,109,2025-05-24,34,hunum,다음 漢字의 訓과 音을 쓰세요.,計,計,,셀 계,셀 계,
6급II,109,2025-05-24,35,hunum,다음 漢字의 訓과 音을 쓰세요.,飮,飮,,마실 음,마실 음,
6급II,109,2025-05-24,36,hunum,다음 漢字의 訓과 音을 쓰세요.,始,始,,비로소 시,비로소 시,
6급II,109,2025-05-24,37,hunum,다음 漢字의 訓과 音을 쓰세요.,利,利,,이할 리,이할 리,
6급II,109,2025-05-24,38,hunum,다음 漢字의 訓과 音을 쓰세요.,各,各,,각각 각,각각 각,
6급II,109,2025-05-24,39,hunum,다음 漢字의 訓과 音을 쓰세요.,風,風,,바람 풍,바람 풍,
6급II,109,2025-05-24,40,hunum,다음 漢字의 訓과 音을 쓰세요.,勇,勇,,날랠 용,날랠 용,
6급II,109,2025-05-24,41,hunum,다음 漢字의 訓과 音을 쓰세요.,雪,雪,,눈 설,눈 설,
6급II,109,2025-05-24,42,hunum,다음 漢字의 訓과 音을 쓰세요.,消,消,,사라질 소,사라질 소,
6급II,109,2025-05-24,43,hunum,다음 漢字의 訓과 音을 쓰세요.,童,童,,아이 동,아이 동,
6급II,109,2025-05-24,44,hunum,다음 漢字의 訓과 音을 쓰세요.,球,球,,공 구,공 구,
6급II,109,2025-05-24,45,hunum,다음 漢字의 訓과 音을 쓰세요.,班,班,,나눌 반,나눌 반,
6급II,109,2025-05-24,46,hunum,다음 漢字의 訓과 音을 쓰세요.,堂,堂,,집 당,집 당,
6급II,109,2025-05-24,47,hunum,다음 漢字의 訓과 音을 쓰세요.,急,急,,급할 급,급할 급,
6급II,109,2025-05-24,48,hunum,다음 漢字의 訓과 音을 쓰세요.,才,才,,재주 재,재주 재,
6급II,109,2025-05-24,49,hunum,다음 漢字의 訓과 音을 쓰세요.,形,形,,모양 형,모양 형,
6급II,109,2025-05-24,50,hunum,다음 漢字의 訓과 音을 쓰세요.,題,題,,제목 제,제목 제,
6급II,109,2025-05-24,51,hunum,다음 漢字의 訓과 音을 쓰세요.,信,信,,믿을 신,믿을 신,
6급II,109,2025-05-24,52,hunum,다음 漢字의 訓과 音을 쓰세요.,公,公,,공평할 공,공평할 공,
6급II,109,2025-05-24,53,hunum,다음 漢字의 訓과 音을 쓰세요.,圖,圖,,그림 도,그림 도,
6급II,109,2025-05-24,54,hunum,다음 漢字의 訓과 音을 쓰세요.,幸,幸,,다행 행,다행 행,
6급II,109,2025-05-24,55,hunum,다음 漢字의 訓과 音을 쓰세요.,書,書,,글 서,글 서,
6급II,109,2025-05-24,56,hunum,다음 漢字의 訓과 音을 쓰세요.,窓,窓,,창 창,창 창,
6급II,109,2025-05-24,57,hunum,다음 漢字의 訓과 音을 쓰세요.,角,角,,뿔 각,뿔 각,
6급II,109,2025-05-24,58,hunum,다음 漢字의 訓과 音을 쓰세요.,弱,弱,,약할 약,약할 약,
6급II,109,2025-05-24,59,hunum,다음 漢字의 訓과 音을 쓰세요.,共,共,,한가지 공,한가지 공,
6급II,109,2025-05-24,60,hunum,다음 漢字의 訓과 音을 쓰세요.,藥,藥,,약 약,약 약,
6급II,109,2025-05-24,61,hunum,다음 漢字의 訓과 音을 쓰세요.,新,新,,새 신,새 신,
6급II,109,2025-05-24,62,banui_select,다음 중 뜻이 서로 반대(또는 상대)되는 漢字끼리 연결되지 않은 것을 찾아 그 번호를 쓰세요.,,,"[""① 長 ↔ 短"", ""② 村 ↔ 里"", ""③ 昨 ↔ 今"", ""④ 高 ↔ 下""]",②,村 ↔ 里,
6급II,109,2025-05-24,63,banui_select,다음 중 뜻이 서로 반대(또는 상대)되는 漢字끼리 연결되지 않은 것을 찾아 그 번호를 쓰세요.,,,"[""① 正 ↔ 反"", ""② 會 ↔ 社"", ""③ 夏 ↔ 冬"", ""④ 心 ↔ 身""]",②,會 ↔ 社,
6급II,109,2025-05-24,64,select_hanja,다음 문장에 어울리는 漢字語가 되도록 ( ) 안에 알맞은 漢字를 <보기>에서 찾아 그 번호를 쓰세요.,모든 사람은 법 앞에서 ( )等하게 대우를 받아야 합니다.,()等,"[""① 第"", ""② 界"", ""③ 同"", ""④ 全""]",③,同,
6급II,109,2025-05-24,65,select_hanja,다음 문장에 어울리는 漢字語가 되도록 ( ) 안에 알맞은 漢字를 <보기>에서 찾아 그 번호를 쓰세요.,자전거를 탈 때는 반드시 헬멧을 쓰고 安( ) 수칙을 지켜야,安(),"[""① 第"", ""② 界"", ""③ 同"", ""④ 全""]",④,全,
6급II,109,2025-05-24,66,mean_select,다음 뜻에 맞는 漢字語를 <보기>에서 찾아 그 번호를 쓰세요.,빛을 냄.,,"[""① 直前"", ""② 發光"", ""③ 和氣"", ""④ 右手"", ""⑤ 外家"", ""⑥ 分業""]",②,發光,
6급II,109,2025-05-24,67,mean_select,다음 뜻에 맞는 漢字語를 <보기>에서 찾아 그 번호를 쓰세요.,일을 나누어서 함.,,"[""① 直前"", ""② 發光"", ""③ 和氣"", ""④ 右手"", ""⑤ 外家"", ""⑥ 分業""]",⑥,分業,
6급II,109,2025-05-24,68,hanjaeo_write,다음 밑줄 친 漢字語를 漢字로 쓰세요.,선생님이 교실에 들어서자 아 이들은 책을 펴고 수업 준비를 했습니다.,교실,,敎室,敎室,
6급II,109,2025-05-24,69,hanjaeo_write,다음 밑줄 친 漢字語를 漢字로 쓰세요.,우리 학교는 야구 명문으로 널 리 알려져 있습니다.,학교,,學校,學校,
6급II,109,2025-05-24,70,hanjaeo_write,다음 밑줄 친 漢字語를 漢字로 쓰세요.,화산 활동으로 만들어진 특이 한 지형은 관광지로 이용되기 도 합니다.,화산,,火山,火山,
6급II,109,2025-05-24,71,hanjaeo_write,다음 밑줄 친 漢字語를 漢字로 쓰세요.,홍범도 장군은 대한 독립군 부 대를 지휘하였습니다.,대한,,大韓,大韓,
6급II,109,2025-05-24,72,hanjaeo_write,다음 밑줄 친 漢字語를 漢字로 쓰세요.,크나큰 부모님의 사랑은 어디 에도 견줄 데가 없습니다.,부모,,父母,父母,
6급II,109,2025-05-24,73,hanjaeo_write,다음 밑줄 친 漢字語를 漢字로 쓰세요.,만일 꿀벌이 사라진다면 꽃들 이 열매를 맺기 어려울 겁니 다.,만일,,萬一,萬一,
6급II,109,2025-05-24,74,hanjaeo_write,다음 밑줄 친 漢字語를 漢字로 쓰세요.,이곳 장터는 7일마다 장이 열 려 칠일장이라고도 부릅니다.,칠일,,七日,七日,
6급II,109,2025-05-24,75,hanjaeo_write,다음 밑줄 친 漢字語를 漢字로 쓰세요.,우리 마을 앞에는 남북을 가로 지르는 냇물이 흐릅니다.,남북,,南北,南北,
6급II,109,2025-05-24,76,hanjaeo_write,다음 밑줄 친 漢字語를 漢字로 쓰세요.,정치가는 국민이 원하는 바가 무엇인지 귀기울여야 합니다.,국민,,國民,國民,
6급II,109,2025-05-24,77,hanjaeo_write,다음 밑줄 친 漢字語를 漢字로 쓰세요.,영희는 군인이신 아버지를 늘 자랑스럽게 여깁니다.,군인,,軍人,軍人,
6급II,109,2025-05-24,78,stroke,다음 漢字의 짙게 표시한 획은 몇 번째 쓰는 획인지 <보기>에서 찾아 그 번호를 쓰세요.,,,"[""① 첫 번째"", ""② 두 번째"", ""③ 세 번째"", ""④ 네 번째"", ""⑤ 다섯 번째"", ""⑥ 여섯 번째"", ""⑦ 일곱 번째"", ""⑧ 여덟 번째"", ""⑨ 아홉 번째"", ""⑩ 열 번째""]",④,네 번째,exam-strokes/stroke_6ii_109_78.png
6급II,109,2025-05-24,79,stroke,다음 漢字의 짙게 표시한 획은 몇 번째 쓰는 획인지 <보기>에서 찾아 그 번호를 쓰세요.,,,"[""① 첫 번째"", ""② 두 번째"", ""③ 세 번째"", ""④ 네 번째"", ""⑤ 다섯 번째"", ""⑥ 여섯 번째"", ""⑦ 일곱 번째"", ""⑧ 여덟 번째"", ""⑨ 아홉 번째"", ""⑩ 열 번째""]",⑥,여섯 번째,exam-strokes/stroke_6ii_109_79.png
6급II,109,2025-05-24,80,stroke,다음 漢字의 짙게 표시한 획은 몇 번째 쓰는 획인지 <보기>에서 찾아 그 번호를 쓰세요.,,,"[""① 첫 번째"", ""② 두 번째"", ""③ 세 번째"", ""④ 네 번째"", ""⑤ 다섯 번째"", ""⑥ 여섯 번째"", ""⑦ 일곱 번째"", ""⑧ 여덟 번째"", ""⑨ 아홉 번째"", ""⑩ 열 번째""]",⑩,열 번째,exam-strokes/stroke_6ii_109_80.png
6급II,110,2025-08-23,1,dokum,다음 밑줄 친 漢字語의 讀音을 쓰세요.,올해 七月에는 유난히 휴일이 많 습니다.,七月,,칠월,칠월,
6급II,110,2025-08-23,2,dokum,다음 밑줄 친 漢字語의 讀音을 쓰세요.,포기하지 않고 來年에 다시 시 험에 도전할 겁니다.,來年,,내년,내년,
6급II,110,2025-08-23,3,dokum,다음 밑줄 친 漢字語의 讀音을 쓰세요.,힘들 때 自然 속에서 휴식을 취 하면 좋습니다.,自然,,자연,자연,
6급II,110,2025-08-23,4,dokum,다음 밑줄 친 漢字語의 讀音을 쓰세요.,멸종 위기 動物을 보호하는 것은 생태계 균형을 위해 중요합니다.,動物,,동물,동물,
6급II,110,2025-08-23,5,dokum,다음 밑줄 친 漢字語의 讀音을 쓰세요.,밤에 별을 선명하게 보려면 高山 지대로 가야 합니다.,高山,,고산,고산,
6급II,110,2025-08-23,6,dokum,다음 밑줄 친 漢字語의 讀音을 쓰세요.,우리나라는 東西로 폭이 좁은 지 형입니다.,東西,,동서,동서,
6급II,110,2025-08-23,7,dokum,다음 밑줄 친 漢字語의 讀音을 쓰세요.,학교에서는 安全 교육을 정기적 으로 실시해야 합니다.,安全,,안전,안전,
6급II,110,2025-08-23,8,dokum,다음 밑줄 친 漢字語의 讀音을 쓰세요.,현대 社會에는 다양한 문화가 공존하고 있습니다.,社會,,사회,사회,
6급II,110,2025-08-23,9,dokum,다음 밑줄 친 漢字語의 讀音을 쓰세요.,우리 할아버지께서는 항상 新聞 을 읽으십니다.,新聞,,신문,신문,
6급II,110,2025-08-23,10,dokum,다음 밑줄 친 漢字語의 讀音을 쓰세요.,오늘 音樂 선생님께서 새로 오 셨습니다.,音樂,,음악,음악,
6급II,110,2025-08-23,11,dokum,다음 밑줄 친 漢字語의 讀音을 쓰세요.,지원한 회사에서 합격 電話가 왔 습니다.,電話,,전화,전화,
6급II,110,2025-08-23,12,dokum,다음 밑줄 친 漢字語의 讀音을 쓰세요.,어제 對面 상담을 진행했습니다.,對面,,대면,대면,
6급II,110,2025-08-23,13,dokum,다음 밑줄 친 漢字語의 讀音을 쓰세요.,인도와 車道를 구분하는 선이 희미해졌습니다.,車道,,차도,차도,
6급II,110,2025-08-23,14,dokum,다음 밑줄 친 漢字語의 讀音을 쓰세요.,꿈을 이루기 위해 每日 열심히 노력하고 있습니다.,每日,,매일,매일,
6급II,110,2025-08-23,15,dokum,다음 밑줄 친 漢字語의 讀音을 쓰세요.,어제 住所가 잘못 적힌 택배를 받았습니다.,住所,,주소,주소,
6급II,110,2025-08-23,16,dokum,다음 밑줄 친 漢字語의 讀音을 쓰세요.,김 화백은 有名한 작품을 많이 남겼습니다.,有名,,유명,유명,
6급II,110,2025-08-23,17,dokum,다음 밑줄 친 漢字語의 讀音을 쓰세요.,연구자들은 共同 작업을 통해 좋 은 성과를 얻습니다.,共同,,공동,공동,
6급II,110,2025-08-23,18,dokum,다음 밑줄 친 漢字語의 讀音을 쓰세요.,바쁠 때일수록 時間 계획을 잘 세워야 합니다.,時間,,시간,시간,
6급II,110,2025-08-23,19,dokum,다음 밑줄 친 漢字語의 讀音을 쓰세요.,일찍 도착했는데 건물 入口를 찾 지 못해서 한참 헤맸습니다.,入口,,입구,입구,
6급II,110,2025-08-23,20,dokum,다음 밑줄 친 漢字語의 讀音을 쓰세요.,전망대에서 四方을 둘러보니 풍 경이 아름다웠습니다.,四方,,사방,사방,
6급II,110,2025-08-23,21,dokum,다음 밑줄 친 漢字語의 讀音을 쓰세요.,제 잘못에 대해 正直하게 부모님 께 말씀드렸습니다.,正直,,정직,정직,
6급II,110,2025-08-23,22,dokum,다음 밑줄 친 漢字語의 讀音을 쓰세요.,이 기계는 태양 光線을 전기로 바꿔줍니다.,光線,,광선,광선,
6급II,110,2025-08-23,23,dokum,다음 밑줄 친 漢字語의 讀音을 쓰세요.,"캠프에서 世界 여러 나라의 친 6급II *** 6급과6급Ⅱ는서로다른급수입니다. 반드시지원급수를다시확인하세요. *** 80 문항 / 50분 시험 / 시험일자 : 2025. 08. 23. * 성명과 수험번호를 쓰고 문제지와 답안지는 함께 제출하세요. 성명( ), 수험번호□□□-□□-□□□□",世界,,세계,세계,
6급II,110,2025-08-23,24,dokum,다음 밑줄 친 漢字語의 讀音을 쓰세요.,과거의 잘못을 反省하면서 미 래를 설계합니다.,反省,,반성,반성,
6급II,110,2025-08-23,25,dokum,다음 밑줄 친 漢字語의 讀音을 쓰세요.,제가 제일 좋아하는 수업은 體育 입니다.,體育,,체육,체육,
6급II,110,2025-08-23,26,dokum,다음 밑줄 친 漢字語의 讀音을 쓰세요.,국가 간 무역은 信用이 정말 중요합니다.,信用,,신용,신용,
6급II,110,2025-08-23,27,dokum,다음 밑줄 친 漢字語의 讀音을 쓰세요.,나쁜 意圖로 한 말은 아니었는 데 친구가 오해를 했습니다.,意圖,,의도,의도,
6급II,110,2025-08-23,28,dokum,다음 밑줄 친 漢字語의 讀音을 쓰세요.,문자의 發明으로 문명이 급속 도로 발전하였습니다.,發明,,발명,발명,
6급II,110,2025-08-23,29,dokum,다음 밑줄 친 漢字語의 讀音을 쓰세요.,연주자가 무대에 登場하자 큰 박수가 나왔습니다.,登場,,등장,등장,
6급II,110,2025-08-23,30,dokum,다음 밑줄 친 漢字語의 讀音을 쓰세요.,이번 등반에 成功한 비결은 반 복적인 연습이었습니다.,成功,,성공,성공,
6급II,110,2025-08-23,31,dokum,다음 밑줄 친 漢字語의 讀音을 쓰세요.,꽃밭에 있는 花草를 가꾸면서 식물의 이름을 공부했습니다.,花草,,화초,화초,
6급II,110,2025-08-23,32,dokum,다음 밑줄 친 漢字語의 讀音을 쓰세요.,반장이 결석해서 제가 代理로 일을 했습니다.,代理,,대리,대리,
6급II,110,2025-08-23,33,hunum,다음 漢字의 訓과 音을 쓰세요.,國,國,,나라 국,나라 국,
6급II,110,2025-08-23,34,hunum,다음 漢字의 訓과 音을 쓰세요.,木,木,,나무 목,나무 목,
6급II,110,2025-08-23,35,hunum,다음 漢字의 訓과 音을 쓰세요.,生,生,,날 생,날 생,
6급II,110,2025-08-23,36,hunum,다음 漢字의 訓과 音을 쓰세요.,先,先,,먼저 선,먼저 선,
6급II,110,2025-08-23,37,hunum,다음 漢字의 訓과 音을 쓰세요.,中,中,,가운데 중,가운데 중,
6급II,110,2025-08-23,38,hunum,다음 漢字의 訓과 音을 쓰세요.,靑,靑,,푸를 청,푸를 청,
6급II,110,2025-08-23,39,hunum,다음 漢字의 訓과 音을 쓰세요.,農,農,,농사 농,농사 농,
6급II,110,2025-08-23,40,hunum,다음 漢字의 訓과 音을 쓰세요.,內,內,,안 내,안 내,
6급II,110,2025-08-23,41,hunum,다음 漢字의 訓과 音을 쓰세요.,空,空,,빌 공,빌 공,
6급II,110,2025-08-23,42,hunum,다음 漢字의 訓과 音을 쓰세요.,午,午,,낮 오,낮 오,
6급II,110,2025-08-23,43,hunum,다음 漢字의 訓과 音을 쓰세요.,家,家,,집 가,집 가,
6급II,110,2025-08-23,44,hunum,다음 漢字의 訓과 音을 쓰세요.,食,食,,밥/먹을 식,밥/먹을 식,
6급II,110,2025-08-23,45,hunum,다음 漢字의 訓과 音을 쓰세요.,活,活,,살 활,살 활,
6급II,110,2025-08-23,46,hunum,다음 漢字의 訓과 音을 쓰세요.,孝,孝,,효도 효,효도 효,
6급II,110,2025-08-23,47,hunum,다음 漢字의 訓과 音을 쓰세요.,歌,歌,,노래 가,노래 가,
6급II,110,2025-08-23,48,hunum,다음 漢字의 訓과 音을 쓰세요.,村,村,,마을 촌,마을 촌,
6급II,110,2025-08-23,49,hunum,다음 漢字의 訓과 音을 쓰세요.,命,命,,목숨 명,목숨 명,
6급II,110,2025-08-23,50,hunum,다음 漢字의 訓과 音을 쓰세요.,老,老,,늙을 로,늙을 로,
6급II,110,2025-08-23,51,hunum,다음 漢字의 訓과 音을 쓰세요.,文,文,,글월 문,글월 문,
6급II,110,2025-08-23,52,hunum,다음 漢字의 訓과 音을 쓰세요.,算,算,,셈 산,셈 산,
6급II,110,2025-08-23,53,hunum,다음 漢字의 訓과 音을 쓰세요.,少,少,,적을 소,적을 소,
6급II,110,2025-08-23,54,hunum,다음 漢字의 訓과 音을 쓰세요.,休,休,,쉴 휴,쉴 휴,
6급II,110,2025-08-23,55,hunum,다음 漢字의 訓과 音을 쓰세요.,林,林,,수풀 림,수풀 림,
6급II,110,2025-08-23,56,hunum,다음 漢字의 訓과 音을 쓰세요.,祖,祖,,할아비 조,할아비 조,
6급II,110,2025-08-23,57,hunum,다음 漢字의 訓과 音을 쓰세요.,重,重,,무거울 중,무거울 중,
6급II,110,2025-08-23,58,hunum,다음 漢字의 訓과 音을 쓰세요.,秋,秋,,가을 추,가을 추,
6급II,110,2025-08-23,59,hunum,다음 漢字의 訓과 音을 쓰세요.,今,今,,이제 금,이제 금,
6급II,110,2025-08-23,60,hunum,다음 漢字의 訓과 音을 쓰세요.,放,放,,놓을 방,놓을 방,
6급II,110,2025-08-23,61,hunum,다음 漢字의 訓과 音을 쓰세요.,消,消,,사라질 소,사라질 소,
6급II,110,2025-08-23,62,banui_select,다음 중 뜻이 서로 반대(또는 상대)되는 漢字끼리 연결되지 않은 것을 찾아 그 번호를 쓰세요.,,,"[""① 長 ↔ 短"", ""② 氣 ↔ 色"", ""③ 和 ↔ 戰"", ""④ 問 ↔ 答""]",②,氣 ↔ 色,
6급II,110,2025-08-23,63,banui_select,다음 중 뜻이 서로 반대(또는 상대)되는 漢字끼리 연결되지 않은 것을 찾아 그 번호를 쓰세요.,,,"[""① 上 ↔ 下"", ""② 火 ↔ 水"", ""③ 夏 ↔ 冬"", ""④ 等 ↔ 分""]",④,等 ↔ 分,
6급II,110,2025-08-23,64,select_hanja,다음 문장에 어울리는 漢字語가 되도록 ( ) 안에 알맞은 漢字를 <보기>에서 찾아 그 번호를 쓰세요.,생명 ( )學 연구의 중요성이 점점 커지고 있습니다.,()學,"[""① 記"", ""② 江"", ""③ 雪"", ""④ 科""]",④,科,
6급II,110,2025-08-23,65,select_hanja,다음 문장에 어울리는 漢字語가 되도록 ( ) 안에 알맞은 漢字를 <보기>에서 찾아 그 번호를 쓰세요.,식당을 예약하기 전에 블로그 後( )를 확인하는 사람이 많아,後(),"[""① 記"", ""② 江"", ""③ 雪"", ""④ 科""]",①,記,
6급II,110,2025-08-23,66,mean_select,다음 뜻에 맞는 漢字語를 <보기>에서 찾아 그 번호를 쓰세요.,"마음의 본바탕, 마음자리.",,"[""① 手足"", ""② 心地"", ""③ 不便"", ""④ 數字"", ""⑤ 公表"", ""⑥ 球形""]",②,心地,
6급II,110,2025-08-23,67,mean_select,다음 뜻에 맞는 漢字語를 <보기>에서 찾아 그 번호를 쓰세요.,여러 사람에게 널리 드러내어 알림.,,"[""① 手足"", ""② 心地"", ""③ 不便"", ""④ 數字"", ""⑤ 公表"", ""⑥ 球形""]",⑤,公表,
6급II,110,2025-08-23,68,hanjaeo_write,다음 밑줄 친 漢字語를 漢字로 쓰세요.,어렸을 때 형제끼리 많이 싸웠 지만 지금은 서로 큰 힘이 됩 니다.,형제,,兄弟,兄弟,
6급II,110,2025-08-23,69,hanjaeo_write,다음 밑줄 친 漢字語를 漢字로 쓰세요.,선덕 여왕은 문화 진흥에 큰 업적을 쌓았다고 평가받습니 다.,여왕,,女王,女王,
6급II,110,2025-08-23,70,hanjaeo_write,다음 밑줄 친 漢字語를 漢字로 쓰세요.,옛날 한옥의 대문은 그 집안의 사회적 지위를 보여 주는 역할 을 했습니다.,대문,,大門,大門,
6급II,110,2025-08-23,71,hanjaeo_write,다음 밑줄 친 漢字語를 漢字로 쓰세요.,한자 수업 신청자가 육십 명이 넘어서 반을 나누었습니다.,육십,,六十,六十,
6급II,110,2025-08-23,72,hanjaeo_write,다음 밑줄 친 漢字語를 漢字로 쓰세요.,자녀를 사랑하기 때문에 부모 님은 항상 걱정이 많으십니다.,부모,,父母,父母,
6급II,110,2025-08-23,73,hanjaeo_write,다음 밑줄 친 漢字語를 漢字로 쓰세요.,학교 운동장의 트랙은 남북으 로 길게 이어져 있습니다.,남북,,南北,南北,
6급II,110,2025-08-23,74,hanjaeo_write,다음 밑줄 친 漢字語를 漢字로 쓰세요.,실외 활동을 할 때는 자외선 차단제를 꼭 발라야 합니다.,실외,,室外,室外,
6급II,110,2025-08-23,75,hanjaeo_write,다음 밑줄 친 漢字語를 漢字로 쓰세요.,이 야구장은 삼만 명의 관중을 수용할 수 있습니다.,삼만,,三萬,三萬,
6급II,110,2025-08-23,76,hanjaeo_write,다음 밑줄 친 漢字語를 漢字로 쓰세요.,최근 모든 종교의 교인 수가 해마다 감소하고 있다고 합니 다.,교인,,敎人,敎人,
6급II,110,2025-08-23,77,hanjaeo_write,다음 밑줄 친 漢字語를 漢字로 쓰세요.,지난 설날에 할아버지 댁에서 팔촌 친척을 만났습니다.,팔촌,,八寸,八寸,
6급II,110,2025-08-23,78,stroke,다음 漢字의 짙게 표시한 획은 몇 번째 쓰는 획인지 <보기>에서 찾아 그 번호를 쓰세요.,,,"[""① 첫 번째"", ""② 두 번째"", ""③ 세 번째"", ""④ 네 번째"", ""⑤ 다섯 번째"", ""⑥ 여섯 번째"", ""⑦ 일곱 번째"", ""⑧ 여덟 번째"", ""⑨ 아홉 번째""]",③,세 번째,exam-strokes/stroke_6ii_110_78.png
6급II,110,2025-08-23,79,stroke,다음 漢字의 짙게 표시한 획은 몇 번째 쓰는 획인지 <보기>에서 찾아 그 번호를 쓰세요.,,,"[""① 첫 번째"", ""② 두 번째"", ""③ 세 번째"", ""④ 네 번째"", ""⑤ 다섯 번째"", ""⑥ 여섯 번째"", ""⑦ 일곱 번째"", ""⑧ 여덟 번째"", ""⑨ 아홉 번째""]",⑦,일곱 번째,exam-strokes/stroke_6ii_110_79.png
6급II,110,2025-08-23,80,stroke,다음 漢字의 짙게 표시한 획은 몇 번째 쓰는 획인지 <보기>에서 찾아 그 번호를 쓰세요.,,,"[""① 첫 번째"", ""② 두 번째"", ""③ 세 번째"", ""④ 네 번째"", ""⑤ 다섯 번째"", ""⑥ 여섯 번째"", ""⑦ 일곱 번째"", ""⑧ 여덟 번째"", ""⑨ 아홉 번째""]",⑦,일곱 번째,exam-strokes/stroke_6ii_110_80.png
6급II,111,2025-11-15,1,dokum,다음 밑줄 친 漢字語의 讀音을 쓰세요.,아버지는 할아버지의 事業을 물 려받았습니다.,事業,,사업,사업,
6급II,111,2025-11-15,2,dokum,다음 밑줄 친 漢字語의 讀音을 쓰세요.,두 사람은 對角 방향으로 앉아 서로 마주 보았습니다.,對角,,대각,대각,
6급II,111,2025-11-15,3,dokum,다음 밑줄 친 漢字語의 讀音을 쓰세요.,공공시설은 개인 所有가 아니기 때문에 더욱 아껴야 합니다.,所有,,소유,소유,
6급II,111,2025-11-15,4,dokum,다음 밑줄 친 漢字語의 讀音을 쓰세요.,그 불상의 제작 年代는 통일 신 라 시대로 추정됩니다.,年代,,연대,연대,
6급II,111,2025-11-15,5,dokum,다음 밑줄 친 漢字語의 讀音을 쓰세요.,초코바는 열량이 높아서 식사 대용으로 利用되기도 합니다.,利用,,이용,이용,
6급II,111,2025-11-15,6,dokum,다음 밑줄 친 漢字語의 讀音을 쓰세요.,경희는 항상 여유를 잃지 않는 樂天적인 성격을 지녔습니다.,樂天,,낙천,낙천,
6급II,111,2025-11-15,7,dokum,다음 밑줄 친 漢字語의 讀音을 쓰세요.,자유와 平等은 민주주의의 가장 큰 덕목입니다.,平等,,평등,평등,
6급II,111,2025-11-15,8,dokum,다음 밑줄 친 漢字語의 讀音을 쓰세요.,왕자와 公主의 이야기는 동화의 단골 소재입니다.,公主,,공주,공주,
6급II,111,2025-11-15,9,dokum,다음 밑줄 친 漢字語의 讀音을 쓰세요.,그녀는 관객들의 환호와 박수 속에 무대 위로 登場했습니다.,登場,,등장,등장,
6급II,111,2025-11-15,10,dokum,다음 밑줄 친 漢字語의 讀音을 쓰세요.,수풀 속에서 뭔가 빤짝거리는 物體를 발견했습니다.,物體,,물체,물체,
6급II,111,2025-11-15,11,dokum,다음 밑줄 친 漢字語의 讀音을 쓰세요.,내가 말을 걸자 그녀는 부끄러 워하는 氣色을 보였습니다.,氣色,,기색,기색,
6급II,111,2025-11-15,12,dokum,다음 밑줄 친 漢字語의 讀音을 쓰세요.,그는 江村의 나루터에서 배를 타고 강을 건넜습니다.,江村,,강촌,강촌,
6급II,111,2025-11-15,13,dokum,다음 밑줄 친 漢字語의 讀音을 쓰세요.,인터넷상에 올라온 한 사진이 話題가 되고 있습니다.,話題,,화제,화제,
6급II,111,2025-11-15,14,dokum,다음 밑줄 친 漢字語의 讀音을 쓰세요.,그 그림에는 이해할 수 없는 圖形들이 그려져 있었습니다.,圖形,,도형,도형,
6급II,111,2025-11-15,15,dokum,다음 밑줄 친 漢字語의 讀音을 쓰세요.,청어는 가시가 많아서 먹기에 不便합니다.,不便,,불편,불편,
6급II,111,2025-11-15,16,dokum,다음 밑줄 친 漢字語의 讀音을 쓰세요.,어머니가 지어 준 韓藥이 너무 써 사탕을 두 개나 먹었습니다.,韓藥,,한약,한약,
6급II,111,2025-11-15,17,dokum,다음 밑줄 친 漢字語의 讀音을 쓰세요.,동생은 도화지의 半面에만 그 림을 그리고 나머지는 백지로 두었습니다.,半面,,반면,반면,
6급II,111,2025-11-15,18,dokum,다음 밑줄 친 漢字語의 讀音을 쓰세요.,할머니께서 영희에게 花草에 물 주는 법을 알려주셨습니다.,花草,,화초,화초,
6급II,111,2025-11-15,19,dokum,다음 밑줄 친 漢字語의 讀音을 쓰세요.,이 장난감은 건전지를 넣어야 作動합니다.,作動,,작동,작동,
6급II,111,2025-11-15,20,dokum,다음 밑줄 친 漢字語의 讀音을 쓰세요.,장난감을 사 주지 않아 막내는 空然히 심술을 부립니다.,空然,,공연,공연,
6급II,111,2025-11-15,21,dokum,다음 밑줄 친 漢字語의 讀音을 쓰세요.,"선생님께서 수업 시간에 떠드 는 아이들에게 注意를 주셨습 니다. 6급II *** 6급과6급Ⅱ는서로다른급수입니다. 반드시지원급수를다시확인하세요. *** 80 문항 / 50분 시험 / 시험일자 : 2025. 11. 15. * 성명과 수험번호를 쓰고 문제지와 답안지는 함께 제출하세요. 성명( ), 수험번호□□□-□□-□□□□",注意,,주의,주의,
6급II,111,2025-11-15,22,dokum,다음 밑줄 친 漢字語의 讀音을 쓰세요.,이번 사건은 外信을 통해 세계 곳곳에 전해졌습니다.,外信,,외신,외신,
6급II,111,2025-11-15,23,dokum,다음 밑줄 친 漢字語의 讀音을 쓰세요.,우리 마을 洞口 밖에는 큰 느 티나무 한 그루가 서있습니다.,洞口,,동구,동구,
6급II,111,2025-11-15,24,dokum,다음 밑줄 친 漢字語의 讀音을 쓰세요.,그 책은 表紙가 낡을 대로 낡 아 너덜너덜했습니다.,表紙,,표지,표지,
6급II,111,2025-11-15,25,dokum,다음 밑줄 친 漢字語의 讀音을 쓰세요.,할아버지의 春秋는 올해로 여 든이십니다.,春秋,,춘추,춘추,
6급II,111,2025-11-15,26,dokum,다음 밑줄 친 漢字語의 讀音을 쓰세요.,그 항아리의 아랫部分에는 금 이 가 있습니다.,部分,,부분,부분,
6급II,111,2025-11-15,27,dokum,다음 밑줄 친 漢字語의 讀音을 쓰세요.,우리나라는 數千 년간 지속된 전통문화를 자랑합니다.,數千,,수천,수천,
6급II,111,2025-11-15,28,dokum,다음 밑줄 친 漢字語의 讀音을 쓰세요.,전국 各地의 선수들이 마라톤 대회에 참여했습니다.,各地,,각지,각지,
6급II,111,2025-11-15,29,dokum,다음 밑줄 친 漢字語의 讀音을 쓰세요.,민호는 요즘 자주 속이 쓰려서 內科에 갔습니다.,內科,,내과,내과,
6급II,111,2025-11-15,30,dokum,다음 밑줄 친 漢字語의 讀音을 쓰세요.,설계도에는 건축 자재의 종류 와 규격이 明記되어 있습니다.,明記,,명기,명기,
6급II,111,2025-11-15,31,dokum,다음 밑줄 친 漢字語의 讀音을 쓰세요.,비록 弱小하지만 작은 선물로 감사한 마음을 전했습니다.,弱小,,약소,약소,
6급II,111,2025-11-15,32,dokum,다음 밑줄 친 漢字語의 讀音을 쓰세요.,그 선수는 두발을 어깨 線上으 로 벌려 자세를 잡았습니다.,線上,,선상,선상,
6급II,111,2025-11-15,33,hunum,다음 漢字의 訓과 音을 쓰세요.,老,老,,늙을 로,늙을 로,
6급II,111,2025-11-15,34,hunum,다음 漢字의 訓과 音을 쓰세요.,果,果,,실과 과,실과 과,
6급II,111,2025-11-15,35,hunum,다음 漢字의 訓과 音을 쓰세요.,邑,邑,,고을 읍,고을 읍,
6급II,111,2025-11-15,36,hunum,다음 漢字의 訓과 音을 쓰세요.,術,術,,재주 술,재주 술,
6급II,111,2025-11-15,37,hunum,다음 漢字의 訓과 音을 쓰세요.,成,成,,이룰 성,이룰 성,
6급II,111,2025-11-15,38,hunum,다음 漢字의 訓과 音을 쓰세요.,社,社,,모일 사,모일 사,
6급II,111,2025-11-15,39,hunum,다음 漢字의 訓과 音을 쓰세요.,急,急,,급할 급,급할 급,
6급II,111,2025-11-15,40,hunum,다음 漢字의 訓과 音을 쓰세요.,放,放,,놓을 방,놓을 방,
6급II,111,2025-11-15,41,hunum,다음 漢字의 訓과 音을 쓰세요.,班,班,,나눌 반,나눌 반,
6급II,111,2025-11-15,42,hunum,다음 漢字의 訓과 音을 쓰세요.,光,光,,빛 광,빛 광,
6급II,111,2025-11-15,43,hunum,다음 漢字의 訓과 音을 쓰세요.,省,省,,살필 성 | 덜 생,살필 성 | 덜 생,
6급II,111,2025-11-15,44,hunum,다음 漢字의 訓과 音을 쓰세요.,現,現,,나타날 현,나타날 현,
6급II,111,2025-11-15,45,hunum,다음 漢字의 訓과 音을 쓰세요.,書,書,,글 서,글 서,
6급II,111,2025-11-15,46,hunum,다음 漢字의 訓과 音을 쓰세요.,共,共,,한가지 공,한가지 공,
6급II,111,2025-11-15,47,hunum,다음 漢字의 訓과 音을 쓰세요.,聞,聞,,들을 문,들을 문,
6급II,111,2025-11-15,48,hunum,다음 漢字의 訓과 音을 쓰세요.,才,才,,재주 재,재주 재,
6급II,111,2025-11-15,49,hunum,다음 漢字의 訓과 音을 쓰세요.,計,計,,셀 계,셀 계,
6급II,111,2025-11-15,50,hunum,다음 漢字의 訓과 音을 쓰세요.,理,理,,다스릴 리,다스릴 리,
6급II,111,2025-11-15,51,hunum,다음 漢字의 訓과 音을 쓰세요.,雪,雪,,눈 설,눈 설,
6급II,111,2025-11-15,52,hunum,다음 漢字의 訓과 音을 쓰세요.,第,第,,차례 제,차례 제,
6급II,111,2025-11-15,53,hunum,다음 漢字의 訓과 音을 쓰세요.,勇,勇,,날랠 용,날랠 용,
6급II,111,2025-11-15,54,hunum,다음 漢字의 訓과 音을 쓰세요.,堂,堂,,집 당,집 당,
6급II,111,2025-11-15,55,hunum,다음 漢字의 訓과 音을 쓰세요.,球,球,,공 구,공 구,
6급II,111,2025-11-15,56,hunum,다음 漢字의 訓과 音을 쓰세요.,窓,窓,,창 창,창 창,
6급II,111,2025-11-15,57,hunum,다음 漢字의 訓과 音을 쓰세요.,幸,幸,,다행 행,다행 행,
6급II,111,2025-11-15,58,hunum,다음 漢字의 訓과 音을 쓰세요.,功,功,,공[勳] 공,공[勳] 공,
6급II,111,2025-11-15,59,hunum,다음 漢字의 訓과 音을 쓰세요.,集,集,,모을 집,모을 집,
6급II,111,2025-11-15,60,hunum,다음 漢字의 訓과 音을 쓰세요.,飮,飮,,마실 음,마실 음,
6급II,111,2025-11-15,61,hunum,다음 漢字의 訓과 音을 쓰세요.,運,運,,옮길 운,옮길 운,
6급II,111,2025-11-15,62,banui_select,다음 중 뜻이 서로 반대(또는 상대)되는 漢字끼리 연결되지 않은 것을 찾아 그 번호를 쓰세요.,,,"[""① 安 ↔ 全"", ""② 長 ↔ 短"", ""③ 心 ↔ 身"", ""④ 正 ↔ 反""]",①,安 ↔ 全,
6급II,111,2025-11-15,63,banui_select,다음 중 뜻이 서로 반대(또는 상대)되는 漢字끼리 연결되지 않은 것을 찾아 그 번호를 쓰세요.,,,"[""① 高 ↔ 下"", ""② 和 ↔ 戰"", ""③ 昨 ↔ 今"", ""④ 方 ↔ 道""]",④,方 ↔ 道,
6급II,111,2025-11-15,64,select_hanja,다음 문장에 어울리는 漢字語가 되도록 ( ) 안에 알맞은 漢字를 <보기>에서 찾아 그 번호를 쓰세요.,이 농수산물 시장에는 화물차의 ( )入이 무척 잦습니다.,()入,"[""① 會"", ""② 界"", ""③ 消"", ""④ 出""]",④,出,
6급II,111,2025-11-15,65,select_hanja,다음 문장에 어울리는 漢字語가 되도록 ( ) 안에 알맞은 漢字를 <보기>에서 찾아 그 번호를 쓰세요.,태권도는 전 世( )에 보급된 우리나라 무술입니다.,世(),"[""① 會"", ""② 界"", ""③ 消"", ""④ 出""]",②,界,
6급II,111,2025-11-15,66,mean_select,다음 뜻에 맞는 漢字語를 <보기>에서 찾아 그 번호를 쓰세요.,맨 처음 떠남.,,"[""① 旗手"", ""② 農神"", ""③ 風林"", ""④ 校庭"", ""⑤ 命名"", ""⑥ 始發""]",⑥,始發,
6급II,111,2025-11-15,67,mean_select,다음 뜻에 맞는 漢字語를 <보기>에서 찾아 그 번호를 쓰세요.,학교의 마당이나 운동장.,,"[""① 旗手"", ""② 農神"", ""③ 風林"", ""④ 校庭"", ""⑤ 命名"", ""⑥ 始發""]",④,校庭,
6급II,111,2025-11-15,68,hanjaeo_write,다음 밑줄 친 漢字語를 漢字로 쓰세요.,할아버지께서는 꼬박 칠일 동 안 입원해 계셨습니다.,칠일,,七日,七日,
6급II,111,2025-11-15,69,hanjaeo_write,다음 밑줄 친 漢字語를 漢字로 쓰세요.,조카는 어느덧 삼촌의 키만큼 자랐습니다.,삼촌,,三寸,三寸,
6급II,111,2025-11-15,70,hanjaeo_write,다음 밑줄 친 漢字語를 漢字로 쓰세요.,교실에는 공부하고 있는 학생 수는 여남은 정도입니다.,학생,,學生,學生,
6급II,111,2025-11-15,71,hanjaeo_write,다음 밑줄 친 漢字語를 漢字로 쓰세요.,장보고는 청해에 요새를 짓고 수군을 훈련시켜 해적들을 소 탕하였다.,수군,,水軍,水軍,
6급II,111,2025-11-15,72,hanjaeo_write,다음 밑줄 친 漢字語를 漢字로 쓰세요.,정치가는 국민이 원하는 바가 무엇인지 귀 기울여야 합니다.,국민,,國民,國民,
6급II,111,2025-11-15,73,hanjaeo_write,다음 밑줄 친 漢字語를 漢字로 쓰세요.,이 약통에는 만일을 대비한 비 상약이 들어있습니다.,만일,,萬一,萬一,
6급II,111,2025-11-15,74,hanjaeo_write,다음 밑줄 친 漢字語를 漢字로 쓰세요.,태백산맥은 한반도의 남북으로 길게 뻗쳐 있습니다.,남북,,南北,南北,
6급II,111,2025-11-15,75,hanjaeo_write,다음 밑줄 친 漢字語를 漢字로 쓰세요.,영희는 부모님께서 피로해하시 면 어깨나 다리를 주물러 드립 니다.,부모,,父母,父母,
6급II,111,2025-11-15,76,hanjaeo_write,다음 밑줄 친 漢字語를 漢字로 쓰세요.,그 나무꾼의 집은 전기도 들어 오지 않는 깊은 산중에 있었습 니다.,산중,,山中,山中,
6급II,111,2025-11-15,77,hanjaeo_write,다음 밑줄 친 漢字語를 漢字로 쓰세요.,정월 대보름날 동네 여인들이 모여 강강술래를 합니다.,녀인,,女人,女人,
6급II,111,2025-11-15,78,stroke,다음 漢字의 짙게 표시한 획은 몇 번째 쓰는 획인지 <보기>에서 찾아 그 번호를 쓰세요.,,,"[""① 첫 번째"", ""② 두 번째"", ""③ 세 번째"", ""④ 네 번째"", ""⑤ 다섯 번째"", ""⑥ 여섯 번째"", ""⑦ 일곱 번째"", ""⑧ 여덟 번째"", ""⑨ 아홉 번째""]",⑦,일곱 번째,exam-strokes/stroke_6ii_111_78.png
6급II,111,2025-11-15,79,stroke,다음 漢字의 짙게 표시한 획은 몇 번째 쓰는 획인지 <보기>에서 찾아 그 번호를 쓰세요.,,,"[""① 첫 번째"", ""② 두 번째"", ""③ 세 번째"", ""④ 네 번째"", ""⑤ 다섯 번째"", ""⑥ 여섯 번째"", ""⑦ 일곱 번째"", ""⑧ 여덟 번째"", ""⑨ 아홉 번째""]",⑦,일곱 번째,exam-strokes/stroke_6ii_111_79.png
6급II,111,2025-11-15,80,stroke,다음 漢字의 짙게 표시한 획은 몇 번째 쓰는 획인지 <보기>에서 찾아 그 번호를 쓰세요.,,,"[""① 첫 번째"", ""② 두 번째"", ""③ 세 번째"", ""④ 네 번째"", ""⑤ 다섯 번째"", ""⑥ 여섯 번째"", ""⑦ 일곱 번째"", ""⑧ 여덟 번째"", ""⑨ 아홉 번째""]",⑧,여덟 번째,exam-strokes/stroke_6ii_111_80.png
6급II,112,2026-02-28,1,dokum,다음 밑줄 친 漢字語의 讀音을 쓰세요.,여름에 비가 충분히 오는 것은 벼농사에 有利합니다.,有利,,유리,유리,
6급II,112,2026-02-28,2,dokum,다음 밑줄 친 漢字語의 讀音을 쓰세요.,가치관을 형성하는 데 기초가 되는 것이 家庭 교육입니다.,家庭,,가정,가정,
6급II,112,2026-02-28,3,dokum,다음 밑줄 친 漢字語의 讀音을 쓰세요.,"이번 행사에는 정치, 경제, 문 화 各界의 인사들이 참석했습 니다.",各界,,각계,각계,
6급II,112,2026-02-28,4,dokum,다음 밑줄 친 漢字語의 讀音을 쓰세요.,교실 안에 작은 독서 空間을 만 들었습니다.,空間,,공간,공간,
6급II,112,2026-02-28,5,dokum,다음 밑줄 친 漢字語의 讀音을 쓰세요.,친구와 저는 共同으로 과학 보 고서를 작성했습니다.,共同,,공동,공동,
6급II,112,2026-02-28,6,dokum,다음 밑줄 친 漢字語의 讀音을 쓰세요.,다양한 植物의 씨앗을 심고 자 라는 과정을 관찰했습니다.,植物,,식물,식물,
6급II,112,2026-02-28,7,dokum,다음 밑줄 친 漢字語의 讀音을 쓰세요.,저는 초록색이 幸運을 가져온다 고 생각합니다.,幸運,,행운,행운,
6급II,112,2026-02-28,8,dokum,다음 밑줄 친 漢字語의 讀音을 쓰세요.,할아버지는 평생 農事를 지으시 며 가족을 돌보셨습니다.,農事,,농사,농사,
6급II,112,2026-02-28,9,dokum,다음 밑줄 친 漢字語의 讀音을 쓰세요.,새 학기가 되어 우리 반 代表를 투표로 뽑았습니다.,代表,,대표,대표,
6급II,112,2026-02-28,10,dokum,다음 밑줄 친 漢字語의 讀音을 쓰세요.,어려움에 처한 사람을 돕는 것 은 인간의 道理입니다.,道理,,도리,도리,
6급II,112,2026-02-28,11,dokum,다음 밑줄 친 漢字語의 讀音을 쓰세요.,요즘은 現金을 가지고 다니는 사람들이 많지 않습니다.,現金,,현금,현금,
6급II,112,2026-02-28,12,dokum,다음 밑줄 친 漢字語의 讀音을 쓰세요.,운동을 할 때는 動作을 정확하 게 하는 것이 중요합니다.,動作,,동작,동작,
6급II,112,2026-02-28,13,dokum,다음 밑줄 친 漢字語의 讀音을 쓰세요.,강물 때문에 땅 모양이 점차 三角에 가깝게 바뀌었습니다.,三角,,삼각,삼각,
6급II,112,2026-02-28,14,dokum,다음 밑줄 친 漢字語의 讀音을 쓰세요.,문자의 發明으로 문명이 급속 히 발전하게 되었습니다.,發明,,발명,발명,
6급II,112,2026-02-28,15,dokum,다음 밑줄 친 漢字語의 讀音을 쓰세요.,좋아하는 가수의 음악을 들으 니 氣分이 좋아졌습니다.,氣分,,기분,기분,
6급II,112,2026-02-28,16,dokum,다음 밑줄 친 漢字語의 讀音을 쓰세요.,成功은 여러 번의 실패를 극복 한 뒤에 찾아옵니다.,成功,,성공,성공,
6급II,112,2026-02-28,17,dokum,다음 밑줄 친 漢字語의 讀音을 쓰세요.,맛집을 찾을 때 블로그 後記를 꼭 읽어봅니다.,後記,,후기,후기,
6급II,112,2026-02-28,18,dokum,다음 밑줄 친 漢字語의 讀音을 쓰세요.,아침마다 新聞을 보면서 주요 뉴스를 확인합니다.,新聞,,신문,신문,
6급II,112,2026-02-28,19,dokum,다음 밑줄 친 漢字語의 讀音을 쓰세요.,수학 시간에 圖形의 둘레를 구 하는 방법을 배웠습니다.,圖形,,도형,도형,
6급II,112,2026-02-28,20,dokum,다음 밑줄 친 漢字語의 讀音을 쓰세요.,삼림이 풍부한 지역은 자연스 럽게 林業이 발달합니다.,林業,,임업,임업,
6급II,112,2026-02-28,21,dokum,다음 밑줄 친 漢字語의 讀音을 쓰세요.,"아이들은 自然 속에서 뛰어놀 며 자라는 것이 좋습니다. 6급II *** 6급과6급Ⅱ는서로다른급수입니다. 반드시지원급수를다시확인하세요. *** 80 문항 / 50분 시험 / 시험일자 : 2026. 02. 28. * 성명과 수험번호를 쓰고 문제지와 답안지는 함께 제출하세요. 성명( ), 수험번호□□□-□□-□□□□",自然,,자연,자연,
6급II,112,2026-02-28,22,dokum,다음 밑줄 친 漢字語의 讀音을 쓰세요.,저는 사람들의 마음을 감동시 키는 歌手가 되고 싶습니다.,歌手,,가수,가수,
6급II,112,2026-02-28,23,dokum,다음 밑줄 친 漢字語의 讀音을 쓰세요.,여러 가지 色紙를 이용해 손가 방을 만들었습니다.,色紙,,색지,색지,
6급II,112,2026-02-28,24,dokum,다음 밑줄 친 漢字語의 讀音을 쓰세요.,요즘은 다양한 창작 童話들이 발표되고 있습니다.,童話,,동화,동화,
6급II,112,2026-02-28,25,dokum,다음 밑줄 친 漢字語의 讀音을 쓰세요.,배달된 물건에 붙어 있는 住所 는 떼서 버려야 합니다.,住所,,주소,주소,
6급II,112,2026-02-28,26,dokum,다음 밑줄 친 漢字語의 讀音을 쓰세요.,地球가 스스로 도는 것을 자전 이라고 합니다.,地球,,지구,지구,
6급II,112,2026-02-28,27,dokum,다음 밑줄 친 漢字語의 讀音을 쓰세요.,할머니께서 어떤 車便으로 오 시는지 확인했습니다.,車便,,차편,차편,
6급II,112,2026-02-28,28,dokum,다음 밑줄 친 漢字語의 讀音을 쓰세요.,동아리에서 會計를 맡았습니다.,會計,,회계,회계,
6급II,112,2026-02-28,29,dokum,다음 밑줄 친 漢字語의 讀音을 쓰세요.,우리 동네에 아주 유명한 食堂 이 생겼습니다.,食堂,,식당,식당,
6급II,112,2026-02-28,30,dokum,다음 밑줄 친 漢字語의 讀音을 쓰세요.,매일 밤 일기를 쓰면서 하루를 反省합니다.,反省,,반성,반성,
6급II,112,2026-02-28,31,dokum,다음 밑줄 친 漢字語의 讀音을 쓰세요.,휴대폰이 자주 放電되어 배터 리를 교체했습니다.,放電,,방전,방전,
6급II,112,2026-02-28,32,dokum,다음 밑줄 친 漢字語의 讀音을 쓰세요.,수평선이 直線으로 쭉 뻗어 있 는 해변을 산책했습니다.,直線,,직선,직선,
6급II,112,2026-02-28,33,hunum,다음 漢字의 訓과 音을 쓰세요.,入,入,,들 입,들 입,
6급II,112,2026-02-28,34,hunum,다음 漢字의 訓과 音을 쓰세요.,市,市,,저자 시,저자 시,
6급II,112,2026-02-28,35,hunum,다음 漢字의 訓과 音을 쓰세요.,世,世,,인간 세,인간 세,
6급II,112,2026-02-28,36,hunum,다음 漢字의 訓과 音을 쓰세요.,書,書,,글 서,글 서,
6급II,112,2026-02-28,37,hunum,다음 漢字의 訓과 音을 쓰세요.,文,文,,글월 문,글월 문,
6급II,112,2026-02-28,38,hunum,다음 漢字의 訓과 音을 쓰세요.,正,正,,바를 정,바를 정,
6급II,112,2026-02-28,39,hunum,다음 漢字의 訓과 音을 쓰세요.,足,足,,발 족,발 족,
6급II,112,2026-02-28,40,hunum,다음 漢字의 訓과 音을 쓰세요.,江,江,,강 강,강 강,
6급II,112,2026-02-28,41,hunum,다음 漢字의 訓과 音을 쓰세요.,前,前,,앞 전,앞 전,
6급II,112,2026-02-28,42,hunum,다음 漢字의 訓과 音을 쓰세요.,力,力,,힘 력,힘 력,
6급II,112,2026-02-28,43,hunum,다음 漢字의 訓과 音을 쓰세요.,里,里,,마을 리,마을 리,
6급II,112,2026-02-28,44,hunum,다음 漢字의 訓과 音을 쓰세요.,百,百,,일백 백,일백 백,
6급II,112,2026-02-28,45,hunum,다음 漢字의 訓과 音을 쓰세요.,夕,夕,,저녁 석,저녁 석,
6급II,112,2026-02-28,46,hunum,다음 漢字의 訓과 音을 쓰세요.,雪,雪,,눈 설,눈 설,
6급II,112,2026-02-28,47,hunum,다음 漢字의 訓과 音을 쓰세요.,時,時,,때 시,때 시,
6급II,112,2026-02-28,48,hunum,다음 漢字의 訓과 音을 쓰세요.,午,午,,낮 오,낮 오,
6급II,112,2026-02-28,49,hunum,다음 漢字의 訓과 音을 쓰세요.,重,重,,무거울 중,무거울 중,
6급II,112,2026-02-28,50,hunum,다음 漢字의 訓과 音을 쓰세요.,天,天,,하늘 천,하늘 천,
6급II,112,2026-02-28,51,hunum,다음 漢字의 訓과 音을 쓰세요.,光,光,,빛 광,빛 광,
6급II,112,2026-02-28,52,hunum,다음 漢字의 訓과 音을 쓰세요.,口,口,,입 구,입 구,
6급II,112,2026-02-28,53,hunum,다음 漢字의 訓과 音을 쓰세요.,男,男,,사내 남,사내 남,
6급II,112,2026-02-28,54,hunum,다음 漢字의 訓과 音을 쓰세요.,內,內,,안 내,안 내,
6급II,112,2026-02-28,55,hunum,다음 漢字의 訓과 音을 쓰세요.,子,子,,아들 자,아들 자,
6급II,112,2026-02-28,56,hunum,다음 漢字의 訓과 音을 쓰세요.,主,主,,임금/주인 주,임금/주인 주,
6급II,112,2026-02-28,57,hunum,다음 漢字의 訓과 音을 쓰세요.,海,海,,바다 해,바다 해,
6급II,112,2026-02-28,58,hunum,다음 漢字의 訓과 音을 쓰세요.,村,村,,마을 촌,마을 촌,
6급II,112,2026-02-28,59,hunum,다음 漢字의 訓과 音을 쓰세요.,花,花,,꽃 화,꽃 화,
6급II,112,2026-02-28,60,hunum,다음 漢字의 訓과 音을 쓰세요.,川,川,,내 천,내 천,
6급II,112,2026-02-28,61,hunum,다음 漢字의 訓과 音을 쓰세요.,出,出,,날 출,날 출,
6급II,112,2026-02-28,62,banui_select,다음 중 뜻이 서로 반대(또는 상대)되는 漢字끼리 연결되지 않은 것을 찾아 그 번호를 쓰세요.,,,"[""① 兄 ↔ 弟"", ""② 和 ↔ 心"", ""③ 昨 ↔ 今"", ""④ 長 ↔ 短""]",②,和 ↔ 心,
6급II,112,2026-02-28,63,banui_select,다음 중 뜻이 서로 반대(또는 상대)되는 漢字끼리 연결되지 않은 것을 찾아 그 번호를 쓰세요.,,,"[""① 冬 ↔ 夏"", ""② 老 ↔ 少"", ""③ 左 ↔ 右"", ""④ 身 ↔ 體""]",④,身 ↔ 體,
6급II,112,2026-02-28,64,select_hanja,다음 문장에 어울리는 漢字語가 되도록 ( ) 안에 알맞은 漢字를 <보기>에서 찾아 그 번호를 쓰세요.,날씨가 풀리자 시외로 ( )風을 나가는 차가 늘었습니다.,()風,"[""① 意"", ""② 育"", ""③ 消"", ""④ 弱""]",③,消,
6급II,112,2026-02-28,65,select_hanja,다음 문장에 어울리는 漢字語가 되도록 ( ) 안에 알맞은 漢字를 <보기>에서 찾아 그 번호를 쓰세요.,실험실에서 화학 약품을 다룰 때는 항상 注( )해야 합니다.,注(),"[""① 意"", ""② 育"", ""③ 消"", ""④ 弱""]",①,意,
6급II,112,2026-02-28,66,mean_select,다음 뜻에 맞는 漢字語를 <보기>에서 찾아 그 번호를 쓰세요.,용감하고 사납다는 명성.,,"[""① 信用"", ""② 勇名"", ""③ 音樂"", ""④ 來日"", ""⑤ 問安"", ""⑥ 命題""]",②,勇名,
6급II,112,2026-02-28,67,mean_select,다음 뜻에 맞는 漢字語를 <보기>에서 찾아 그 번호를 쓰세요.,웃어른에게 안부를 여쭘.,,"[""① 信用"", ""② 勇名"", ""③ 音樂"", ""④ 來日"", ""⑤ 問安"", ""⑥ 命題""]",⑤,問安,
6급II,112,2026-02-28,68,hanjaeo_write,다음 밑줄 친 漢字語를 漢字로 쓰세요.,아름다운 노랫소리가 교실에 가득 차 있습니다.,교실,,敎室,敎室,
6급II,112,2026-02-28,69,hanjaeo_write,다음 밑줄 친 漢字語를 漢字로 쓰세요.,어릴 때부터 멋진 군인이 되는 것이 꿈이었습니다.,군인,,軍人,軍人,
6급II,112,2026-02-28,70,hanjaeo_write,다음 밑줄 친 漢字語를 漢字로 쓰세요.,요즘 학교에서는 봉사 활동을 포함한 다양한 교외 활동이 늘 고 있습니다.,교외,,校外,校外,
6급II,112,2026-02-28,71,hanjaeo_write,다음 밑줄 친 漢字語를 漢字로 쓰세요.,남산은 서울 시내 한가운데 있 어 전망이 아름답습니다.,남산,,南山,南山,
6급II,112,2026-02-28,72,hanjaeo_write,다음 밑줄 친 漢字語를 漢字로 쓰세요.,아이들은 할머니 댁에 도착하 자마자 대문을 열고 뛰어 들어 갔습니다.,대문,,大門,大門,
6급II,112,2026-02-28,73,hanjaeo_write,다음 밑줄 친 漢字語를 漢字로 쓰세요.,카페에 모녀가 다정하게 앉아 서 차를 마시고 있습니다.,모녀,,母女,母女,
6급II,112,2026-02-28,74,hanjaeo_write,다음 밑줄 친 漢字語를 漢字로 쓰세요.,명절이 되면 사촌들이 모두 모 여서 윷놀이를 합니다.,사촌,,四寸,四寸,
6급II,112,2026-02-28,75,hanjaeo_write,다음 밑줄 친 漢字語를 漢字로 쓰세요.,이번 동창회에는 담임 선생님 도 함께 참석하실 예정입니다.,선생,,先生,先生,
6급II,112,2026-02-28,76,hanjaeo_write,다음 밑줄 친 漢字語를 漢字로 쓰세요.,이 공원은 연중 꽃이 피기 때 문에 찾는 사람이 많습니다.,연중,,年中,年中,
6급II,112,2026-02-28,77,hanjaeo_write,다음 밑줄 친 漢字語를 漢字로 쓰세요.,어린이날과 어버이날이 있어서 오월은 가정의 달이라고 불립 니다.,오월,,五月,五月,
6급II,112,2026-02-28,78,stroke,다음 漢字의 짙게 표시한 획은 몇 번째 쓰는 획인지 <보기>에서 찾아 그 번호를 쓰세요.,,,"[""① 첫 번째"", ""② 두 번째"", ""③ 세 번째"", ""④ 네 번째"", ""⑤ 다섯 번째"", ""⑥ 여섯 번째"", ""⑦ 일곱 번째"", ""⑧ 여덟 번째"", ""⑨ 아홉 번째"", ""⑩ 열 번째""]",⑥,여섯 번째,exam-strokes/stroke_6ii_112_78.png
6급II,112,2026-02-28,79,stroke,다음 漢字의 짙게 표시한 획은 몇 번째 쓰는 획인지 <보기>에서 찾아 그 번호를 쓰세요.,,,"[""① 첫 번째"", ""② 두 번째"", ""③ 세 번째"", ""④ 네 번째"", ""⑤ 다섯 번째"", ""⑥ 여섯 번째"", ""⑦ 일곱 번째"", ""⑧ 여덟 번째"", ""⑨ 아홉 번째"", ""⑩ 열 번째""]",⑤,다섯 번째,exam-strokes/stroke_6ii_112_79.png
6급II,112,2026-02-28,80,stroke,다음 漢字의 짙게 표시한 획은 몇 번째 쓰는 획인지 <보기>에서 찾아 그 번호를 쓰세요.,,,"[""① 첫 번째"", ""② 두 번째"", ""③ 세 번째"", ""④ 네 번째"", ""⑤ 다섯 번째"", ""⑥ 여섯 번째"", ""⑦ 일곱 번째"", ""⑧ 여덟 번째"", ""⑨ 아홉 번째"", ""⑩ 열 번째""]",⑦,일곱 번째,exam-strokes/stroke_6ii_112_80.png
6급II,113,2026-05-23,1,dokum,다음 밑줄 친 漢字語의 讀音을 쓰세요.,형은 내일 훈련소에 入所를 합니다.,入所,,입소,입소,
6급II,113,2026-05-23,2,dokum,다음 밑줄 친 漢字語의 讀音을 쓰세요.,이 건축물의 外形은 아주 화려합니다.,外形,,외형,외형,
6급II,113,2026-05-23,3,dokum,다음 밑줄 친 漢字語의 讀音을 쓰세요.,그는 어렸을 적부터 사람들에게 天才라고 불렸습니다.,天才,,천재,천재,
6급II,113,2026-05-23,4,dokum,다음 밑줄 친 漢字語의 讀音을 쓰세요.,아버지는 매일 아침마다 新聞을 읽습니다.,新聞,,신문,신문,
6급II,113,2026-05-23,5,dokum,다음 밑줄 친 漢字語의 讀音을 쓰세요.,선비는 서양의 유용한 文物을 받아들이자고 주장했습니다.,文物,,문물,문물,
6급II,113,2026-05-23,6,dokum,다음 밑줄 친 漢字語의 讀音을 쓰세요.,이곳에는 海神을 위해 제사를 지냈던 터가 남아있습니다.,海神,,해신,해신,
6급II,113,2026-05-23,7,dokum,다음 밑줄 친 漢字語의 讀音을 쓰세요.,그는 자신의 運命을 하늘에 맡겼습니다.,運命,,운명,운명,
6급II,113,2026-05-23,8,dokum,다음 밑줄 친 漢字語의 讀音을 쓰세요.,신고를 받은 경찰관이 즉각 現場으로 출동하였다.,現場,,현장,현장,
6급II,113,2026-05-23,9,dokum,다음 밑줄 친 漢字語의 讀音을 쓰세요.,기계가 뜨거운 열기를 放出하고 있습니다.,放出,,방출,방출,
6급II,113,2026-05-23,10,dokum,다음 밑줄 친 漢字語의 讀音을 쓰세요.,과거에 書堂은 학교의 역할을 했습니다.,書堂,,서당,서당,
6급II,113,2026-05-23,11,dokum,다음 밑줄 친 漢字語의 讀音을 쓰세요.,수업 종료를 알리는 종소리가 校庭에 울려 퍼졌습니다.,校庭,,교정,교정,
6급II,113,2026-05-23,12,dokum,다음 밑줄 친 漢字語의 讀音을 쓰세요.,그녀는 개막전에서 멋진 始球를 던졌습니다.,始球,,시구,시구,
6급II,113,2026-05-23,13,dokum,다음 밑줄 친 漢字語의 讀音을 쓰세요.,前半 경기가 끝나고 선수들이 휴식을 취하고 있습니다.,前半,,전반,전반,
6급II,113,2026-05-23,14,dokum,다음 밑줄 친 漢字語의 讀音을 쓰세요.,동우와 저는 둘만 아는 비밀을 共有하고 있습니다.,共有,,공유,공유,
6급II,113,2026-05-23,15,dokum,다음 밑줄 친 漢字語의 讀音을 쓰세요.,지환이는 선생님의 질문에 對答을 참 잘하는 학생입니다.,對答,,대답,대답,
6급II,113,2026-05-23,16,dokum,다음 밑줄 친 漢字語의 讀音을 쓰세요.,오늘은 태권도장에서 새로운 動作을 배웠습니다.,動作,,동작,동작,
6급II,113,2026-05-23,17,dokum,다음 밑줄 친 漢字語의 讀音을 쓰세요.,그녀는 果然 듣던 대로 미인이었습니다.,果然,,과연,과연,
6급II,113,2026-05-23,18,dokum,다음 밑줄 친 漢字語의 讀音을 쓰세요.,찬주는 勇氣를 내서 유도 대회에 참가했습니다.,勇氣,,용기,용기,
6급II,113,2026-05-23,19,dokum,다음 밑줄 친 漢字語의 讀音을 쓰세요.,같은 물건도 어떻게 活用하느냐에 따라 쓰임이 달라집니다.,活用,,활용,활용,
6급II,113,2026-05-23,20,dokum,다음 밑줄 친 漢字語의 讀音을 쓰세요.,제 여동생은 公主처럼 귀하게 자랐습니다.,公主,,공주,공주,
6급II,113,2026-05-23,21,dokum,다음 밑줄 친 漢字語의 讀音을 쓰세요.,오늘은 학교에서 分數의 덧셈을 배웠습니다.,分數,,분수,분수,
6급II,113,2026-05-23,22,dokum,다음 밑줄 친 漢字語의 讀音을 쓰세요.,그는 四角 모양의 탁자에 앉아 밥을 먹었습니다.,四角,,사각,사각,
6급II,113,2026-05-23,23,dokum,다음 밑줄 친 漢字語의 讀音을 쓰세요.,비파형 동검은 청동기 時代를 대표하는 유물입니다.,時代,,시대,시대,
6급II,113,2026-05-23,24,dokum,다음 밑줄 친 漢字語의 讀音을 쓰세요.,허약한 體力을 기르기 위해 매일 아침 달리기를 합니다.,體力,,체력,체력,
6급II,113,2026-05-23,25,dokum,다음 밑줄 친 漢字語의 讀音을 쓰세요.,누나는 대학교를 졸업하고 世界 여행을 하고 있습니다.,世界,,세계,세계,
6급II,113,2026-05-23,26,dokum,다음 밑줄 친 漢字語의 讀音을 쓰세요.,할머니가 방에 飮食을 차리고 손자들을 불렀습니다.,飮食,,음식,음식,
6급II,113,2026-05-23,27,dokum,다음 밑줄 친 漢字語의 讀音을 쓰세요.,새로 바꾼 세탁기에 있는 기능이 아주 便利합니다.,便利,,편리,편리,
6급II,113,2026-05-23,28,dokum,다음 밑줄 친 漢字語의 讀音을 쓰세요.,우리 회사는 광고 업계의 先發 주자입니다.,先發,,선발,선발,
6급II,113,2026-05-23,29,dokum,다음 밑줄 친 漢字語의 讀音을 쓰세요.,범인이 한 이야기 중 一部는 거짓말입니다.,一部,,일부,일부,
6급II,113,2026-05-23,30,dokum,다음 밑줄 친 漢字語의 讀音을 쓰세요.,그 과학자는 不幸하게도 젊은 나이에 생을 마감하였습니다.,不幸,,불행,불행,
6급II,113,2026-05-23,31,dokum,다음 밑줄 친 漢字語의 讀音을 쓰세요.,삼촌은 시골에서 農業에 종사하고 있습니다.,農業,,농업,농업,
6급II,113,2026-05-23,32,dokum,다음 밑줄 친 漢字語의 讀音을 쓰세요.,그는 변호사로서 크게 成功을 했습니다.,成功,,성공,성공,
6급II,113,2026-05-23,33,hunum,다음 漢字의 訓과 音을 쓰세요.,消,消,,사라질 소,사라질 소,
6급II,113,2026-05-23,34,hunum,다음 漢字의 訓과 音을 쓰세요.,百,百,,일백 백,일백 백,
6급II,113,2026-05-23,35,hunum,다음 漢字의 訓과 音을 쓰세요.,各,各,,각각 각,각각 각,
6급II,113,2026-05-23,36,hunum,다음 漢字의 訓과 音을 쓰세요.,夕,夕,,저녁 석,저녁 석,
6급II,113,2026-05-23,37,hunum,다음 漢字의 訓과 音을 쓰세요.,雪,雪,,눈 설,눈 설,
6급II,113,2026-05-23,38,hunum,다음 漢字의 訓과 音을 쓰세요.,花,花,,꽃 화,꽃 화,
6급II,113,2026-05-23,39,hunum,다음 漢字의 訓과 音을 쓰세요.,旗,旗,,기 기,기 기,
6급II,113,2026-05-23,40,hunum,다음 漢字의 訓과 音을 쓰세요.,登,登,,오를 등,오를 등,
6급II,113,2026-05-23,41,hunum,다음 漢字의 訓과 音을 쓰세요.,淸,淸,,맑을 청,맑을 청,
6급II,113,2026-05-23,42,hunum,다음 漢字의 訓과 音을 쓰세요.,弱,弱,,약할 약,약할 약,
6급II,113,2026-05-23,43,hunum,다음 漢字의 訓과 音을 쓰세요.,春,春,,봄 춘,봄 춘,
6급II,113,2026-05-23,44,hunum,다음 漢字의 訓과 音을 쓰세요.,窓,窓,,창 창,창 창,
6급II,113,2026-05-23,45,hunum,다음 漢字의 訓과 音을 쓰세요.,地,地,,따 지,따 지,
6급II,113,2026-05-23,46,hunum,다음 漢字의 訓과 音을 쓰세요.,川,川,,내 천,내 천,
6급II,113,2026-05-23,47,hunum,다음 漢字의 訓과 音을 쓰세요.,急,急,,급할 급,급할 급,
6급II,113,2026-05-23,48,hunum,다음 漢字의 訓과 音을 쓰세요.,面,面,,낯 면,낯 면,
6급II,113,2026-05-23,49,hunum,다음 漢字의 訓과 音을 쓰세요.,省,省,,살필 성|덜 생,살필 성|덜 생,
6급II,113,2026-05-23,50,hunum,다음 漢字의 訓과 音을 쓰세요.,千,千,,일천 천,일천 천,
6급II,113,2026-05-23,51,hunum,다음 漢字의 訓과 音을 쓰세요.,少,少,,적을 소,적을 소,
6급II,113,2026-05-23,52,hunum,다음 漢字의 訓과 音을 쓰세요.,光,光,,빛 광,빛 광,
6급II,113,2026-05-23,53,hunum,다음 漢字의 訓과 音을 쓰세요.,林,林,,수풀 림,수풀 림,
6급II,113,2026-05-23,54,hunum,다음 漢字의 訓과 音을 쓰세요.,注,注,,부을 주,부을 주,
6급II,113,2026-05-23,55,hunum,다음 漢字의 訓과 音을 쓰세요.,邑,邑,,고을 읍,고을 읍,
6급II,113,2026-05-23,56,hunum,다음 漢字의 訓과 音을 쓰세요.,信,信,,믿을 신,믿을 신,
6급II,113,2026-05-23,57,hunum,다음 漢字의 訓과 音을 쓰세요.,第,第,,차례 제,차례 제,
6급II,113,2026-05-23,58,hunum,다음 漢字의 訓과 音을 쓰세요.,紙,紙,,종이 지,종이 지,
6급II,113,2026-05-23,59,hunum,다음 漢字의 訓과 音을 쓰세요.,住,住,,살 주,살 주,
6급II,113,2026-05-23,60,hunum,다음 漢字의 訓과 音을 쓰세요.,草,草,,풀 초,풀 초,
6급II,113,2026-05-23,61,hunum,다음 漢字의 訓과 音을 쓰세요.,秋,秋,,가을 추,가을 추,
6급II,113,2026-05-23,62,banui_select,다음 중 뜻이 서로 반대(또는 상대)되는 漢字끼리 연결되지 않은 것을 찾아 그 번호를 쓰세요.,,,"[""① 正 ↔ 反"", ""② 短 ↔ 長"", ""③ 身 ↔ 心"", ""④ 計 ↔ 算""]",④,計 ↔ 算,
6급II,113,2026-05-23,63,banui_select,다음 중 뜻이 서로 반대(또는 상대)되는 漢字끼리 연결되지 않은 것을 찾아 그 번호를 쓰세요.,,,"[""① 社 ↔ 會"", ""② 昨 ↔ 今"", ""③ 冬 ↔ 夏"", ""④ 和 ↔ 戰""]",①,社 ↔ 會,
6급II,113,2026-05-23,64,select_hanja,다음 문장에 어울리는 漢字語가 되도록 ( ) 안에 알맞은 漢字를 <보기>에서 찾아 그 번호를 쓰세요.,벽 바깥으로 노출된 ( )線은 절대 함부로 만지면 안 됩니다.,()線,"[""① 藥"", ""② 術"", ""③ 電"", ""④ 中""]",③,電,
6급II,113,2026-05-23,65,select_hanja,다음 문장에 어울리는 漢字語가 되도록 ( ) 안에 알맞은 漢字를 <보기>에서 찾아 그 번호를 쓰세요.,학생이 책상에 앉아서 수업에 集( )을 하고 있습니다.,集(),"[""① 藥"", ""② 術"", ""③ 電"", ""④ 中""]",④,中,
6급II,113,2026-05-23,66,mean_select,다음 뜻에 맞는 漢字語를 <보기>에서 찾아 그 번호를 쓰세요.,의사나 태도를 분명하게 드러냄.,,"[""① 高等"", ""② 科題"", ""③ 表明"", ""④ 童歌"", ""⑤ 上風"", ""⑥ 生意""]",③,表明,
6급II,113,2026-05-23,67,mean_select,다음 뜻에 맞는 漢字語를 <보기>에서 찾아 그 번호를 쓰세요.,"등급이나 수준, 정도 따위가 높음.",,"[""① 高等"", ""② 科題"", ""③ 表明"", ""④ 童歌"", ""⑤ 上風"", ""⑥ 生意""]",①,高等,
6급II,113,2026-05-23,68,hanjaeo_write,다음 밑줄 친 漢字語를 漢字로 쓰세요.,태백산맥은 한반도의 남북으로 길게 뻗어 있습니다.,남북,,南北,南北,
6급II,113,2026-05-23,69,hanjaeo_write,다음 밑줄 친 漢字語를 漢字로 쓰세요.,우리나라 대통령은 국민의 직접 선거를 통해 선출됩니다.,국민,,國民,國民,
6급II,113,2026-05-23,70,hanjaeo_write,다음 밑줄 친 漢字語를 漢字로 쓰세요.,오월은 계절의 여왕이라고 불립니다.,여왕,,女王,女王,
6급II,113,2026-05-23,71,hanjaeo_write,다음 밑줄 친 漢字語를 漢字로 쓰세요.,백록담은 화산 작용으로 생긴 분화구에 물이 고여 형성되었습니다.,화산,,火山,火山,
6급II,113,2026-05-23,72,hanjaeo_write,다음 밑줄 친 漢字語를 漢字로 쓰세요.,국가에서 청년들을 위한 정책을 내놓고 있습니다.,청년,,靑年,靑年,
6급II,113,2026-05-23,73,hanjaeo_write,다음 밑줄 친 漢字語를 漢字로 쓰세요.,졸업식 때 부모님과 함께 사진을 찍었습니다.,부모,,父母,父母,
6급II,113,2026-05-23,74,hanjaeo_write,다음 밑줄 친 漢字語를 漢字로 쓰세요.,교실에서는 시끄럽게 뛰면 안 됩니다.,교실,,敎室,敎室,
6급II,113,2026-05-23,75,hanjaeo_write,다음 밑줄 친 漢字語를 漢字로 쓰세요.,궁궐의 대문이 활짝 열려있습니다.,대문,,大門,大門,
6급II,113,2026-05-23,76,hanjaeo_write,다음 밑줄 친 漢字語를 漢字로 쓰세요.,우리 할아버지는 연세가 올해로 팔십이십니다.,팔십,,八十,八十,
6급II,113,2026-05-23,77,hanjaeo_write,다음 밑줄 친 漢字語를 漢字로 쓰세요.,제복을 차려입은 군인이 태극기를 바라보고 있습니다.,군인,,軍人,軍人,
6급II,113,2026-05-23,78,stroke,다음 漢字의 짙게 표시한 획은 몇 번째 쓰는 획인지 <보기>에서 찾아 그 번호를 쓰세요.,孝,孝,"[""① 첫 번째"", ""② 두 번째"", ""③ 세 번째"", ""④ 네 번째"", ""⑤ 다섯 번째"", ""⑥ 여섯 번째"", ""⑦ 일곱 번째"", ""⑧ 여덟 번째"", ""⑨ 아홉 번째"", ""⑩ 열 번째"", ""⑪ 열한 번째"", ""⑫ 열두 번째""]",⑥,여섯 번째,exam-strokes/stroke_6ii_113_78.png
6급II,113,2026-05-23,79,stroke,다음 漢字의 짙게 표시한 획은 몇 번째 쓰는 획인지 <보기>에서 찾아 그 번호를 쓰세요.,問,問,"[""① 첫 번째"", ""② 두 번째"", ""③ 세 번째"", ""④ 네 번째"", ""⑤ 다섯 번째"", ""⑥ 여섯 번째"", ""⑦ 일곱 번째"", ""⑧ 여덟 번째"", ""⑨ 아홉 번째"", ""⑩ 열 번째"", ""⑪ 열한 번째"", ""⑫ 열두 번째""]",⑩,열 번째,exam-strokes/stroke_6ii_113_79.png
6급II,113,2026-05-23,80,stroke,다음 漢字의 짙게 표시한 획은 몇 번째 쓰는 획인지 <보기>에서 찾아 그 번호를 쓰세요.,車,車,"[""① 첫 번째"", ""② 두 번째"", ""③ 세 번째"", ""④ 네 번째"", ""⑤ 다섯 번째"", ""⑥ 여섯 번째"", ""⑦ 일곱 번째"", ""⑧ 여덟 번째"", ""⑨ 아홉 번째"", ""⑩ 열 번째"", ""⑪ 열한 번째"", ""⑫ 열두 번째""]",⑥,여섯 번째,exam-strokes/stroke_6ii_113_80.png
