level,session,exam_date,question_no,question_type,instruction,question_text,target,options,answer,answer_display,image_path
7급,80,2018-02-24,1,dokum,다음 밑줄 친 漢字語의 音을 쓰세요.,우리나라는 三面이 바다라 바다 를 잘 활용해야 합니다,三面,,삼면,삼면,
7급,80,2018-02-24,2,dokum,다음 밑줄 친 漢字語의 音을 쓰세요.,온 天地가 눈으로 덮였습니다.,天地,,천지,천지,
7급,80,2018-02-24,3,dokum,다음 밑줄 친 漢字語의 音을 쓰세요.,東西 고속철도가 강릉까지 열려 평창 올림픽 참가가 쉽습니다.,東西,,동서,동서,
7급,80,2018-02-24,4,dokum,다음 밑줄 친 漢字語의 音을 쓰세요.,병역 의무를 지키는 것이 自主 국방을 실천하는 길입니다.,自主,,자주,자주,
7급,80,2018-02-24,5,dokum,다음 밑줄 친 漢字語의 音을 쓰세요.,선진국 국민은 時間 약속을 잘 지킵니다.,時間,,시간,시간,
7급,80,2018-02-24,6,dokum,다음 밑줄 친 漢字語의 音을 쓰세요.,인간의 生命이 온 천하보다 귀 하다고 하였습니다.,生命,,생명,생명,
7급,80,2018-02-24,7,dokum,다음 밑줄 친 漢字語의 音을 쓰세요.,孝道는 덕목 중 으뜸입니다.,孝道,,효도,효도,
7급,80,2018-02-24,8,dokum,다음 밑줄 친 漢字語의 音을 쓰세요.,부처님 오신 날은 四月 초파일 로 국경일입니다.,四月,,사월,사월,
7급,80,2018-02-24,9,dokum,다음 밑줄 친 漢字語의 音을 쓰세요.,가족 姓名을 한자로 써 봅시다.,姓名,,성명,성명,
7급,80,2018-02-24,10,dokum,다음 밑줄 친 漢字語의 音을 쓰세요.,敎育을 받아야 사람이 됩니다.,敎育,,교육,교육,
7급,80,2018-02-24,11,dokum,다음 밑줄 친 漢字語의 音을 쓰세요.,군인들이 軍歌를 부릅니다.,軍歌,,군가,군가,
7급,80,2018-02-24,12,dokum,다음 밑줄 친 漢字語의 音을 쓰세요.,山林을 보존하려면 담배꽁초나 쓰레기를 버리지 말아야 합니다.,山林,,산림,산림,
7급,80,2018-02-24,13,dokum,다음 밑줄 친 漢字語의 音을 쓰세요.,外來語를 마구 쓰면 국어가 크 게 병들고 시들어 버립니다.,外來語,,외래어,외래어,
7급,80,2018-02-24,14,dokum,다음 밑줄 친 漢字語의 音을 쓰세요.,어린이를 존중하고 老人을 공 경하는 사회가 선진국입니다.,老人,,노인,노인,
7급,80,2018-02-24,15,dokum,다음 밑줄 친 漢字語의 音을 쓰세요.,한국은 수출을 많이 해 세계의 十大 수출국가가 되었습니다.,十大,,십대,십대,
7급,80,2018-02-24,16,dokum,다음 밑줄 친 漢字語의 音을 쓰세요.,電氣 자동차로 공해를 줄이고 기름도 절약할 수 있습니다.,電氣,,전기,전기,
7급,80,2018-02-24,17,dokum,다음 밑줄 친 漢字語의 音을 쓰세요.,인사 예절과 食事 예절은 어려 서부터 길러야 합니다.,食事,,식사,식사,
7급,80,2018-02-24,18,dokum,다음 밑줄 친 漢字語의 音을 쓰세요.,인사를 잘해 예절을 지키고 每日 일기를 써 반성을 합니다.,每日,,매일,매일,
7급,80,2018-02-24,19,dokum,다음 밑줄 친 漢字語의 音을 쓰세요.,씨를 뿌린 대로 거두는 農夫의 마음을 본받아야 합니다.,農夫,,농부,농부,
7급,80,2018-02-24,20,dokum,다음 밑줄 친 漢字語의 音을 쓰세요.,우리 조상은 옷도 白色을 좋아 해 백의민족이라 불렸습니다.,白色,,백색,백색,
7급,80,2018-02-24,21,dokum,다음 밑줄 친 漢字語의 音을 쓰세요.,우리 올림픽 선수단의 旗手가 태극기를 들고 입장합니다.,旗手,,기수,기수,
7급,80,2018-02-24,22,dokum,다음 밑줄 친 漢字語의 音을 쓰세요.,옛 선비들은 花草를 기르며 자 연을 닮고자 하였습니다.,花草,,화초,화초,
7급,80,2018-02-24,23,dokum,다음 밑줄 친 漢字語의 音을 쓰세요.,立春이 되면 봄을 기대합니다.,立春,,입춘,입춘,
7급,80,2018-02-24,24,dokum,다음 밑줄 친 漢字語의 音을 쓰세요.,신인들이 대거 登場하였습니다.,登場,,등장,등장,
7급,80,2018-02-24,25,dokum,다음 밑줄 친 漢字語의 音을 쓰세요.,음력 칠월 七夕날에는 견우와 직녀가 만단다고 합니다.,七夕,,칠석,칠석,
7급,80,2018-02-24,26,dokum,다음 밑줄 친 漢字語의 音을 쓰세요.,"우리 학급의 급훈은 근면, 正直, 성실입니다.",正直,,정직,정직,
7급,80,2018-02-24,27,dokum,다음 밑줄 친 漢字語의 音을 쓰세요.,집 住所를 한자로 써 봅시다.,住所,,주소,주소,
7급,80,2018-02-24,28,dokum,다음 밑줄 친 漢字語의 音을 쓰세요.,어릴 때는 學校에서 배움의 씨 앗을 열심히 뿌려야 합니다.,學校,,학교,학교,
7급,80,2018-02-24,29,dokum,다음 밑줄 친 漢字語의 音을 쓰세요.,예전에 邑內까지 몇 십리 시골 길을 걸어 학교에 다녔습니다.,邑內,,읍내,읍내,
7급,80,2018-02-24,30,dokum,다음 밑줄 친 漢字語의 音을 쓰세요.,남을 배려하고 남에게 不便을 끼치지 말아야 합니다.,不便,,불편,불편,
7급,80,2018-02-24,31,dokum,다음 밑줄 친 漢字語의 音을 쓰세요.,요즘 농촌에서는 里長의 역할 이 매우 많고 중요해졌습니다.,里長,,이장,이장,
7급,80,2018-02-24,32,dokum,다음 밑줄 친 漢字語의 音을 쓰세요.,우리는 洞口 밖 과수원길이란 노래를 즐겨 불렀습니다.,洞口,,동구,동구,
7급,80,2018-02-24,33,hunum,다음 漢字의 訓과 音을 쓰세요.,記,記,,기록할 기,기록할 기,
7급,80,2018-02-24,34,hunum,다음 漢字의 訓과 音을 쓰세요.,民,民,,백성 민,백성 민,
7급,80,2018-02-24,35,hunum,다음 漢字의 訓과 音을 쓰세요.,有,有,,있을 유,있을 유,
7급,80,2018-02-24,36,hunum,다음 漢字의 訓과 音을 쓰세요.,入,入,,들 입,들 입,
7급,80,2018-02-24,37,hunum,다음 漢字의 訓과 音을 쓰세요.,植,植,,심을 식,심을 식,
7급,80,2018-02-24,38,hunum,다음 漢字의 訓과 音을 쓰세요.,川,川,,내 천,내 천,
7급,80,2018-02-24,39,hunum,다음 漢字의 訓과 音을 쓰세요.,土,土,,흙 토,흙 토,
7급,80,2018-02-24,40,hunum,다음 漢字의 訓과 音을 쓰세요.,家,家,,집 가,집 가,
7급,80,2018-02-24,41,hunum,다음 漢字의 訓과 音을 쓰세요.,夏,夏,,여름 하,여름 하,
7급,80,2018-02-24,42,hunum,다음 漢字의 訓과 音을 쓰세요.,市,市,,저자 시,저자 시,
7급,80,2018-02-24,43,hunum,다음 漢字의 訓과 音을 쓰세요.,海,海,,바다 해,바다 해,
7급,80,2018-02-24,44,hunum,다음 漢字의 訓과 音을 쓰세요.,中,中,,가운데 중,가운데 중,
7급,80,2018-02-24,45,hunum,다음 漢字의 訓과 音을 쓰세요.,休,休,,쉴 휴,쉴 휴,
7급,80,2018-02-24,46,hunum,다음 漢字의 訓과 音을 쓰세요.,火,火,,불 화,불 화,
7급,80,2018-02-24,47,hunum,다음 漢字의 訓과 音을 쓰세요.,冬,冬,,겨울 동,겨울 동,
7급,80,2018-02-24,48,hunum,다음 漢字의 訓과 音을 쓰세요.,心,心,,마음 심,마음 심,
7급,80,2018-02-24,49,hunum,다음 漢字의 訓과 音을 쓰세요.,王,王,,임금 왕,임금 왕,
7급,80,2018-02-24,50,hunum,다음 漢字의 訓과 音을 쓰세요.,萬,萬,,일만 만,일만 만,
7급,80,2018-02-24,51,hunum,다음 漢字의 訓과 音을 쓰세요.,空,空,,빌 공,빌 공,
7급,80,2018-02-24,52,hunum,다음 漢字의 訓과 音을 쓰세요.,男,男,,사내 남,사내 남,
7급,80,2018-02-24,53,select_hanjaeo,다음 밑줄 친 漢字語를 <보기>에서 찾아 그 번호를 쓰세요.,마음의 평안과 몸의 건강을 합하 여 평강이라 합니다.,평안,"[""① 午前"", ""② 午後"", ""③ 平安"", ""④ 全力""]",③,平安,
7급,80,2018-02-24,54,select_hanjaeo,다음 밑줄 친 漢字語를 <보기>에서 찾아 그 번호를 쓰세요.,오전부터 일찍 일하고 오후에는 낮잠을 조금 자고 일합니다.,오후,"[""① 午前"", ""② 午後"", ""③ 平安"", ""④ 全力""]",②,午後,
7급,80,2018-02-24,55,select_hanja,다음 訓과 音에 맞는 漢字를 <보기>에서 찾아 그 번호를 쓰세요.,아들 자,아들 자,"[""① 江"", ""② 木"", ""③ 車"", ""④ 數"", ""⑤ 下"", ""⑥ 子"", ""⑦ 工"", ""⑧ 上"", ""⑨ 出"", ""⑩ 足""]",⑥,子,
7급,80,2018-02-24,56,select_hanja,다음 訓과 音에 맞는 漢字를 <보기>에서 찾아 그 번호를 쓰세요.,강 강,강 강,"[""① 江"", ""② 木"", ""③ 車"", ""④ 數"", ""⑤ 下"", ""⑥ 子"", ""⑦ 工"", ""⑧ 上"", ""⑨ 出"", ""⑩ 足""]",①,江,
7급,80,2018-02-24,57,select_hanja,다음 訓과 音에 맞는 漢字를 <보기>에서 찾아 그 번호를 쓰세요.,날 출,날 출,"[""① 江"", ""② 木"", ""③ 車"", ""④ 數"", ""⑤ 下"", ""⑥ 子"", ""⑦ 工"", ""⑧ 上"", ""⑨ 出"", ""⑩ 足""]",⑨,出,
7급,80,2018-02-24,58,select_hanja,다음 訓과 音에 맞는 漢字를 <보기>에서 찾아 그 번호를 쓰세요.,장인 공,장인 공,"[""① 江"", ""② 木"", ""③ 車"", ""④ 數"", ""⑤ 下"", ""⑥ 子"", ""⑦ 工"", ""⑧ 上"", ""⑨ 出"", ""⑩ 足""]",⑦,工,
7급,80,2018-02-24,59,select_hanja,다음 訓과 音에 맞는 漢字를 <보기>에서 찾아 그 번호를 쓰세요.,나무 목,나무 목,"[""① 江"", ""② 木"", ""③ 車"", ""④ 數"", ""⑤ 下"", ""⑥ 子"", ""⑦ 工"", ""⑧ 上"", ""⑨ 出"", ""⑩ 足""]",②,木,
7급,80,2018-02-24,60,select_hanja,다음 訓과 音에 맞는 漢字를 <보기>에서 찾아 그 번호를 쓰세요.,발 족,발 족,"[""① 江"", ""② 木"", ""③ 車"", ""④ 數"", ""⑤ 下"", ""⑥ 子"", ""⑦ 工"", ""⑧ 上"", ""⑨ 出"", ""⑩ 足""]",⑩,足,
7급,80,2018-02-24,61,select_hanja,다음 訓과 音에 맞는 漢字를 <보기>에서 찾아 그 번호를 쓰세요.,위 상,위 상,"[""① 江"", ""② 木"", ""③ 車"", ""④ 數"", ""⑤ 下"", ""⑥ 子"", ""⑦ 工"", ""⑧ 上"", ""⑨ 出"", ""⑩ 足""]",⑧,上,
7급,80,2018-02-24,62,select_hanja,다음 訓과 音에 맞는 漢字를 <보기>에서 찾아 그 번호를 쓰세요.,아래 하,아래 하,"[""① 江"", ""② 木"", ""③ 車"", ""④ 數"", ""⑤ 下"", ""⑥ 子"", ""⑦ 工"", ""⑧ 上"", ""⑨ 出"", ""⑩ 足""]",⑤,下,
7급,80,2018-02-24,63,select_hanja,다음 訓과 音에 맞는 漢字를 <보기>에서 찾아 그 번호를 쓰세요.,셈 수,셈 수,"[""① 江"", ""② 木"", ""③ 車"", ""④ 數"", ""⑤ 下"", ""⑥ 子"", ""⑦ 工"", ""⑧ 上"", ""⑨ 出"", ""⑩ 足""]",④,數,
7급,80,2018-02-24,64,select_hanja,다음 訓과 音에 맞는 漢字를 <보기>에서 찾아 그 번호를 쓰세요.,수레 거,수레 거,"[""① 江"", ""② 木"", ""③ 車"", ""④ 數"", ""⑤ 下"", ""⑥ 子"", ""⑦ 工"", ""⑧ 上"", ""⑨ 出"", ""⑩ 足""]",③,車,
7급,80,2018-02-24,65,banui_select,다음 漢字의 상대(또는 반대)되는 漢字를 <보기>에서 골라 그 번호를 쓰세요.,左 ↔ ( ),左 ↔ ( ),"[""① 小"", ""② 右"", ""③ 少"", ""④ 北""]",②,右,
7급,80,2018-02-24,66,banui_select,다음 漢字의 상대(또는 반대)되는 漢字를 <보기>에서 골라 그 번호를 쓰세요.,南 ↔ ( ),南 ↔ ( ),"[""① 小"", ""② 右"", ""③ 少"", ""④ 北""]",④,北,
7급,80,2018-02-24,67,mean_select,다음 뜻에 맞는 漢字語를 <보기>에서 찾아 그 번호를 쓰세요.,한 가지로 같음.,,"[""① 動物"", ""② 兄弟"", ""③ 同一"", ""④ 先祖""]",③,同一,
7급,80,2018-02-24,68,mean_select,다음 뜻에 맞는 漢字語를 <보기>에서 찾아 그 번호를 쓰세요.,사람 이외의 짐승.,,"[""① 動物"", ""② 兄弟"", ""③ 同一"", ""④ 先祖""]",①,動物,
7급,80,2018-02-24,69,stroke,다음 漢字의 진하게 표시한 획은 몇 번째 쓰는지 <보기>에서 찾아 그 번호를 쓰세요.,,,"[""① 첫 번째"", ""② 두 번째"", ""③ 세 번째"", ""④ 네 번째"", ""⑤ 다섯 번째"", ""⑥ 여섯 번째"", ""⑦ 일곱 번째"", ""⑧ 여덟 번째"", ""⑨ 아홉 번째"", ""⑩ 열 번째""]",⑦,일곱 번째,exam-strokes/stroke_7_80_69.png
7급,80,2018-02-24,70,stroke,다음 漢字의 진하게 표시한 획은 몇 번째 쓰는지 <보기>에서 찾아 그 번호를 쓰세요.,,,"[""① 첫 번째"", ""② 두 번째"", ""③ 세 번째"", ""④ 네 번째"", ""⑤ 다섯 번째"", ""⑥ 여섯 번째"", ""⑦ 일곱 번째"", ""⑧ 여덟 번째"", ""⑨ 아홉 번째"", ""⑩ 열 번째""]",④,네 번째,exam-strokes/stroke_7_80_70.png
7급,81,2018-06-02,1,dokum,다음 밑줄 친 漢字語의 音을 쓰세요.,祖上 대대로 이 동네에서 살았 습니다.,祖上,,조상,조상,
7급,81,2018-06-02,2,dokum,다음 밑줄 친 漢字語의 音을 쓰세요.,주말마다 부모님께 電話로 안부 를 묻습니다.,電話,,전화,전화,
7급,81,2018-06-02,3,dokum,다음 밑줄 친 漢字語의 音을 쓰세요.,철수는 人事 대신 나를 보고 방 긋 웃었습니다.,人事,,인사,인사,
7급,81,2018-06-02,4,dokum,다음 밑줄 친 漢字語의 音을 쓰세요.,몸이 건강하면 工夫도 잘할 수 있습니다.,工夫,,공부,공부,
7급,81,2018-06-02,5,dokum,다음 밑줄 친 漢字語의 音을 쓰세요.,누나는 기숙사에서 生活합니다.,生活,,생활,생활,
7급,81,2018-06-02,6,dokum,다음 밑줄 친 漢字語의 音을 쓰세요.,아름다운 自然은 훌륭한 관광자 원입니다.,自然,,자연,자연,
7급,81,2018-06-02,7,dokum,다음 밑줄 친 漢字語의 音을 쓰세요.,時間 가는 줄도 모르고 책을 읽 었습니다.,時間,,시간,시간,
7급,81,2018-06-02,8,dokum,다음 밑줄 친 漢字語의 音을 쓰세요.,動物 중 약 80%는 곤충이라고 합니다.,動物,,동물,동물,
7급,81,2018-06-02,9,dokum,다음 밑줄 친 漢字語의 音을 쓰세요.,이야기 나누기 좋은 조용한 場所 를 발견하였습니다.,場所,,장소,장소,
7급,81,2018-06-02,10,dokum,다음 밑줄 친 漢字語의 音을 쓰세요.,남부 地方에 많은 비가 내렸다 고 합니다.,地方,,지방,지방,
7급,81,2018-06-02,11,dokum,다음 밑줄 친 漢字語의 音을 쓰세요.,저는 삼 兄弟 중 막내입니다.,兄弟,,형제,형제,
7급,81,2018-06-02,12,dokum,다음 밑줄 친 漢字語의 音을 쓰세요.,뒷산으로 자주 登山합니다.,登山,,등산,등산,
7급,81,2018-06-02,13,dokum,다음 밑줄 친 漢字語의 音을 쓰세요.,우리는 공원 入口에서 만나기 로 하였습니다.,入口,,입구,입구,
7급,81,2018-06-02,14,dokum,다음 밑줄 친 漢字語의 音을 쓰세요.,마을 住民들은 대부분 농사를 짓습니다.,住民,,주민,주민,
7급,81,2018-06-02,15,dokum,다음 밑줄 친 漢字語의 音을 쓰세요.,며칠째 건조한 日氣가 계속되 었습니다.,日氣,,일기,일기,
7급,81,2018-06-02,16,dokum,다음 밑줄 친 漢字語의 音을 쓰세요.,南海에는 해산물이 풍부합니다.,南海,,남해,남해,
7급,81,2018-06-02,17,dokum,다음 밑줄 친 漢字語의 音을 쓰세요.,오늘 미세먼지가 심해 學校는 휴교입니다.,學校,,학교,학교,
7급,81,2018-06-02,18,dokum,다음 밑줄 친 漢字語의 音을 쓰세요.,풍물놀이 敎室에 있으면 절로 흥이 납니다.,敎室,,교실,교실,
7급,81,2018-06-02,19,dokum,다음 밑줄 친 漢字語의 音을 쓰세요.,줄다리기는 확실히 힘센 친구들 이 많은 靑軍이 우세합니다.,靑軍,,청군,청군,
7급,81,2018-06-02,20,dokum,다음 밑줄 친 漢字語의 音을 쓰세요.,요즘은 農村도 도로가 잘 발달 했습니다.,農村,,농촌,농촌,
7급,81,2018-06-02,21,dokum,다음 밑줄 친 漢字語의 音을 쓰세요.,우리 동네는 市內에 있어도 조 용한 편입니다.,市內,,시내,시내,
7급,81,2018-06-02,22,dokum,다음 밑줄 친 漢字語의 音을 쓰세요.,동네 사람들은 그를 감자 大王 이라고 불렀습니다.,大王,,대왕,대왕,
7급,81,2018-06-02,23,dokum,다음 밑줄 친 漢字語의 音을 쓰세요.,百姓을 멀리하면 나라가 망한 다는 말이 있습니다.,百姓,,백성,백성,
7급,81,2018-06-02,24,dokum,다음 밑줄 친 漢字語의 音을 쓰세요.,잠들기 直前에는 아무 것도 먹 지 않는 것이 좋습니다.,直前,,직전,직전,
7급,81,2018-06-02,25,dokum,다음 밑줄 친 漢字語의 音을 쓰세요.,우리 집 左右에는 대나무 숲입 니다.,左右,,좌우,좌우,
7급,81,2018-06-02,26,dokum,다음 밑줄 친 漢字語의 音을 쓰세요.,父母 말을 잘 들으면 좋은 일 이 생깁니다.,父母,,부모,부모,
7급,81,2018-06-02,27,dokum,다음 밑줄 친 漢字語의 音을 쓰세요.,그는 동네에서 알아주는 孝子 입니다.,孝子,,효자,효자,
7급,81,2018-06-02,28,dokum,다음 밑줄 친 漢字語의 音을 쓰세요.,훌륭한 사람이 되려면 一寸의 광음도 아껴 열심히 배웁니다.,一寸,,일촌,일촌,
7급,81,2018-06-02,29,dokum,다음 밑줄 친 漢字語의 音을 쓰세요.,선생님과 여행을 간다니 安心 입니다.,安心,,안심,안심,
7급,81,2018-06-02,30,dokum,다음 밑줄 친 漢字語의 音을 쓰세요.,男女 사이에는 서로 예절을 지 키고 존중해 주어야 합니다.,男女,,남녀,남녀,
7급,81,2018-06-02,31,dokum,다음 밑줄 친 漢字語의 音을 쓰세요.,秋夕은 민족의 명절로 차례를 지내고 성묘를 합니다.,秋夕,,추석,추석,
7급,81,2018-06-02,32,dokum,다음 밑줄 친 漢字語의 音을 쓰세요.,植木 행사에 나무를 심는 것은 미래의 꿈을 심는 일입니다.,植木,,식목,식목,
7급,81,2018-06-02,33,hunum,다음 漢字의 訓과 音을 쓰세요.,千,千,,일천 천,일천 천,
7급,81,2018-06-02,34,hunum,다음 漢字의 訓과 音을 쓰세요.,平,平,,평평할 평,평평할 평,
7급,81,2018-06-02,35,hunum,다음 漢字의 訓과 音을 쓰세요.,來,來,,올 래,올 래,
7급,81,2018-06-02,36,hunum,다음 漢字의 訓과 音을 쓰세요.,記,記,,기록할 기,기록할 기,
7급,81,2018-06-02,37,hunum,다음 漢字의 訓과 音을 쓰세요.,白,白,,흰 백,흰 백,
7급,81,2018-06-02,38,hunum,다음 漢字의 訓과 音을 쓰세요.,名,名,,이름 명,이름 명,
7급,81,2018-06-02,39,hunum,다음 漢字의 訓과 音을 쓰세요.,十,十,,열 십,열 십,
7급,81,2018-06-02,40,hunum,다음 漢字의 訓과 音을 쓰세요.,土,土,,흙 토,흙 토,
7급,81,2018-06-02,41,hunum,다음 漢字의 訓과 音을 쓰세요.,正,正,,바를 정,바를 정,
7급,81,2018-06-02,42,hunum,다음 漢字의 訓과 音을 쓰세요.,答,答,,대답 답,대답 답,
7급,81,2018-06-02,43,hunum,다음 漢字의 訓과 音을 쓰세요.,下,下,,아래 하,아래 하,
7급,81,2018-06-02,44,hunum,다음 漢字의 訓과 音을 쓰세요.,有,有,,있을 유,있을 유,
7급,81,2018-06-02,45,hunum,다음 漢字의 訓과 音을 쓰세요.,中,中,,가운데 중,가운데 중,
7급,81,2018-06-02,46,hunum,다음 漢字의 訓과 音을 쓰세요.,川,川,,내 천,내 천,
7급,81,2018-06-02,47,hunum,다음 漢字의 訓과 音을 쓰세요.,萬,萬,,일만 만,일만 만,
7급,81,2018-06-02,48,hunum,다음 漢字의 訓과 音을 쓰세요.,門,門,,문 문,문 문,
7급,81,2018-06-02,49,hunum,다음 漢字의 訓과 音을 쓰세요.,立,立,,설 립,설 립,
7급,81,2018-06-02,50,hunum,다음 漢字의 訓과 音을 쓰세요.,五,五,,다섯 오,다섯 오,
7급,81,2018-06-02,51,hunum,다음 漢字의 訓과 音을 쓰세요.,育,育,,기를 육,기를 육,
7급,81,2018-06-02,52,hunum,다음 漢字의 訓과 音을 쓰세요.,空,空,,빌 공,빌 공,
7급,81,2018-06-02,53,select_hanjaeo,다음 밑줄 친 漢字語를 <보기>에서 찾아 그 번호를 쓰세요.,동양에서는 임금이 천명을 받 고 나라를 다스린다고 했다.,천명,"[""① 天命"", ""② 便紙"", ""③ 花草"", ""④ 出世""]",①,天命,
7급,81,2018-06-02,54,select_hanjaeo,다음 밑줄 친 漢字語를 <보기>에서 찾아 그 번호를 쓰세요.,그는 출세와는 담을 쌓고 일생 동안 학문에만 전념하였다.,출세,"[""① 天命"", ""② 便紙"", ""③ 花草"", ""④ 出世""]",④,出世,
7급,81,2018-06-02,55,select_hanja,다음 訓과 音에 맞는 漢字를 <보기>에서 찾아 그 번호를 쓰세요.,아닐 불,아닐 불,"[""① 水"", ""② 江"", ""③ 不"", ""④ 車"", ""⑤ 月"", ""⑥ 外"", ""⑦ 午"", ""⑧ 老"", ""⑨ 面"", ""⑩ 足""]",③,不,
7급,81,2018-06-02,56,select_hanja,다음 訓과 音에 맞는 漢字를 <보기>에서 찾아 그 번호를 쓰세요.,달 월,달 월,"[""① 水"", ""② 江"", ""③ 不"", ""④ 車"", ""⑤ 月"", ""⑥ 外"", ""⑦ 午"", ""⑧ 老"", ""⑨ 面"", ""⑩ 足""]",⑤,月,
7급,81,2018-06-02,57,select_hanja,다음 訓과 音에 맞는 漢字를 <보기>에서 찾아 그 번호를 쓰세요.,강 강,강 강,"[""① 水"", ""② 江"", ""③ 不"", ""④ 車"", ""⑤ 月"", ""⑥ 外"", ""⑦ 午"", ""⑧ 老"", ""⑨ 面"", ""⑩ 足""]",②,江,
7급,81,2018-06-02,58,select_hanja,다음 訓과 音에 맞는 漢字를 <보기>에서 찾아 그 번호를 쓰세요.,바깥 외,바깥 외,"[""① 水"", ""② 江"", ""③ 不"", ""④ 車"", ""⑤ 月"", ""⑥ 外"", ""⑦ 午"", ""⑧ 老"", ""⑨ 面"", ""⑩ 足""]",⑥,外,
7급,81,2018-06-02,59,select_hanja,다음 訓과 音에 맞는 漢字를 <보기>에서 찾아 그 번호를 쓰세요.,늙을 로,늙을 로,"[""① 水"", ""② 江"", ""③ 不"", ""④ 車"", ""⑤ 月"", ""⑥ 外"", ""⑦ 午"", ""⑧ 老"", ""⑨ 面"", ""⑩ 足""]",⑧,老,
7급,81,2018-06-02,60,select_hanja,다음 訓과 音에 맞는 漢字를 <보기>에서 찾아 그 번호를 쓰세요.,발 족,발 족,"[""① 水"", ""② 江"", ""③ 不"", ""④ 車"", ""⑤ 月"", ""⑥ 外"", ""⑦ 午"", ""⑧ 老"", ""⑨ 面"", ""⑩ 足""]",⑩,足,
7급,81,2018-06-02,61,select_hanja,다음 訓과 音에 맞는 漢字를 <보기>에서 찾아 그 번호를 쓰세요.,낮 오,낮 오,"[""① 水"", ""② 江"", ""③ 不"", ""④ 車"", ""⑤ 月"", ""⑥ 外"", ""⑦ 午"", ""⑧ 老"", ""⑨ 面"", ""⑩ 足""]",⑦,午,
7급,81,2018-06-02,62,select_hanja,다음 訓과 音에 맞는 漢字를 <보기>에서 찾아 그 번호를 쓰세요.,물 수,물 수,"[""① 水"", ""② 江"", ""③ 不"", ""④ 車"", ""⑤ 月"", ""⑥ 外"", ""⑦ 午"", ""⑧ 老"", ""⑨ 面"", ""⑩ 足""]",①,水,
7급,81,2018-06-02,63,select_hanja,다음 訓과 音에 맞는 漢字를 <보기>에서 찾아 그 번호를 쓰세요.,낯 면,낯 면,"[""① 水"", ""② 江"", ""③ 不"", ""④ 車"", ""⑤ 月"", ""⑥ 外"", ""⑦ 午"", ""⑧ 老"", ""⑨ 面"", ""⑩ 足""]",⑨,面,
7급,81,2018-06-02,64,select_hanja,다음 訓과 音에 맞는 漢字를 <보기>에서 찾아 그 번호를 쓰세요.,수레 거,수레 거,"[""① 水"", ""② 江"", ""③ 不"", ""④ 車"", ""⑤ 月"", ""⑥ 外"", ""⑦ 午"", ""⑧ 老"", ""⑨ 面"", ""⑩ 足""]",④,車,
7급,81,2018-06-02,65,banui_select,다음 漢字의 상대(또는 반대)되는 漢字를 <보기>에서 골라 그 번호를 쓰세요.,東 ↔ ( ),東 ↔ ( ),"[""① 西"", ""② 北"", ""③ 後"", ""④ 休""]",①,西,
7급,81,2018-06-02,66,banui_select,다음 漢字의 상대(또는 반대)되는 漢字를 <보기>에서 골라 그 번호를 쓰세요.,先 ↔ ( ),先 ↔ ( ),"[""① 西"", ""② 北"", ""③ 後"", ""④ 休""]",③,後,
7급,81,2018-06-02,67,mean_select,다음 뜻에 맞는 漢字語를 <보기>에서 찾아 그 번호를 쓰세요.,적은 수효,,"[""① 小食"", ""② 少數"", ""③ 洞長"", ""④ 邑里""]",②,少數,
7급,81,2018-06-02,68,mean_select,다음 뜻에 맞는 漢字語를 <보기>에서 찾아 그 번호를 쓰세요.,읍과 촌락,,"[""① 小食"", ""② 少數"", ""③ 洞長"", ""④ 邑里""]",④,邑里,
7급,81,2018-06-02,69,stroke,다음 漢字의 진하게 표시한 획은 몇 번째 쓰는지 <보기>에서 찾아 그 번호를 쓰세요.,,,"[""① 첫 번째"", ""② 두 번째"", ""③ 세 번째"", ""④ 네 번째"", ""⑤ 다섯 번째"", ""⑥ 여섯 번째"", ""⑦ 일곱 번째"", ""⑧ 여덟 번째"", ""⑨ 아홉 번째"", ""⑩ 열 번째""]",⑧,여덟 번째,exam-strokes/stroke_7_81_69.png
7급,81,2018-06-02,70,stroke,다음 漢字의 진하게 표시한 획은 몇 번째 쓰는지 <보기>에서 찾아 그 번호를 쓰세요.,,,"[""① 첫 번째"", ""② 두 번째"", ""③ 세 번째"", ""④ 네 번째"", ""⑤ 다섯 번째"", ""⑥ 여섯 번째"", ""⑦ 일곱 번째"", ""⑧ 여덟 번째"", ""⑨ 아홉 번째"", ""⑩ 열 번째""]",⑦,일곱 번째,exam-strokes/stroke_7_81_70.png
7급,82,2018-08-25,1,dokum,다음 밑줄 친 漢字語의 音을 쓰세요.,農夫에겐 땅이 생명입니다.,農夫,,농부,농부,
7급,82,2018-08-25,2,dokum,다음 밑줄 친 漢字語의 音을 쓰세요.,장군은 數萬 명의 군사를 거느 리고 전쟁터로 나갔습니다.,數萬,,수만,수만,
7급,82,2018-08-25,3,dokum,다음 밑줄 친 漢字語의 音을 쓰세요.,학교 부근의 住民들이 참석하였 습니다.,住民,,주민,주민,
7급,82,2018-08-25,4,dokum,다음 밑줄 친 漢字語의 音을 쓰세요.,지구의 기온이 每年 조금씩 상 승하고 있습니다.,每年,,매년,매년,
7급,82,2018-08-25,5,dokum,다음 밑줄 친 漢字語의 音을 쓰세요.,책을 읽으며 재미있는 場面을 상상합니다.,場面,,장면,장면,
7급,82,2018-08-25,6,dokum,다음 밑줄 친 漢字語의 音을 쓰세요.,명절이면 祖上의 산소를 찾아가 성묘합니다.,祖上,,조상,조상,
7급,82,2018-08-25,7,dokum,다음 밑줄 친 漢字語의 音을 쓰세요.,自然이 주는 혜택을 고려하여 이를 보존해야 합니다.,自然,,자연,자연,
7급,82,2018-08-25,8,dokum,다음 밑줄 친 漢字語의 音을 쓰세요.,원의 中心을 지나는 선분을 지 름이라고 합니다.,中心,,중심,중심,
7급,82,2018-08-25,9,dokum,다음 밑줄 친 漢字語의 音을 쓰세요.,책은 나에게 꿈과 지혜를 주는 所重한 선생님입니다.,所重,,소중,소중,
7급,82,2018-08-25,10,dokum,다음 밑줄 친 漢字語의 音을 쓰세요.,장차 나라의 主人이 될 어린이 들입니다.,主人,,주인,주인,
7급,82,2018-08-25,11,dokum,다음 밑줄 친 漢字語의 音을 쓰세요.,씨앗을 퍼뜨리는 방법은 植物 마다 다릅니다.,植物,,식물,식물,
7급,82,2018-08-25,12,dokum,다음 밑줄 친 漢字語의 音을 쓰세요.,우리나라 國旗는 태극기입니다.,國旗,,국기,국기,
7급,82,2018-08-25,13,dokum,다음 밑줄 친 漢字語의 音을 쓰세요.,秋夕을 쇠러 부모님이 계시는 시골집으로 내려왔습니다.,秋夕,,추석,추석,
7급,82,2018-08-25,14,dokum,다음 밑줄 친 漢字語의 音을 쓰세요.,고려는 세계 최초로 금속 活字 를 만들었습니다.,活字,,활자,활자,
7급,82,2018-08-25,15,dokum,다음 밑줄 친 漢字語의 音을 쓰세요.,이 건물은 道立 도서관입니다.,道立,,도립,도립,
7급,82,2018-08-25,16,dokum,다음 밑줄 친 漢字語의 音을 쓰세요.,안전사고에 주의하며 登山을 합니다.,登山,,등산,등산,
7급,82,2018-08-25,17,dokum,다음 밑줄 친 漢字語의 音을 쓰세요.,사고를 방지하려면 정기적으로 安全 점검을 해야 합니다.,安全,,안전,안전,
7급,82,2018-08-25,18,dokum,다음 밑줄 친 漢字語의 音을 쓰세요.,그는 오늘부터 우리 회사 食口 가 되었습니다.,食口,,식구,식구,
7급,82,2018-08-25,19,dokum,다음 밑줄 친 漢字語의 音을 쓰세요.,百姓은 나라의 근본입니다.,百姓,,백성,백성,
7급,82,2018-08-25,20,dokum,다음 밑줄 친 漢字語의 音을 쓰세요.,그는 온실에 온갖 花草를 심어 기르고 있습니다.,花草,,화초,화초,
7급,82,2018-08-25,21,dokum,다음 밑줄 친 漢字語의 音을 쓰세요.,대도시는 空氣 오염이 심각합 니다.,空氣,,공기,공기,
7급,82,2018-08-25,22,dokum,다음 밑줄 친 漢字語의 音을 쓰세요.,來日이 제 생일입니다.,來日,,내일,내일,
7급,82,2018-08-25,23,dokum,다음 밑줄 친 漢字語의 音을 쓰세요.,室內에서 조용히 해야 합니다.,室內,,실내,실내,
7급,82,2018-08-25,24,dokum,다음 밑줄 친 漢字語의 音을 쓰세요.,電算으로 정보를 처리합니다.,電算,,전산,전산,
7급,82,2018-08-25,25,dokum,다음 밑줄 친 漢字語의 音을 쓰세요.,교육을 통하여 學力을 쌓아야 합니다.,學力,,학력,학력,
7급,82,2018-08-25,26,dokum,다음 밑줄 친 漢字語의 音을 쓰세요.,오늘은 학교 사정으로 休校합니 다.,休校,,휴교,휴교,
7급,82,2018-08-25,27,dokum,다음 밑줄 친 漢字語의 音을 쓰세요.,이 고장은 빼어난 경치로 有名 합니다.,有名,,유명,유명,
7급,82,2018-08-25,28,dokum,다음 밑줄 친 漢字語의 音을 쓰세요.,자주 안부 便紙를 씁니다.,便紙,,편지,편지,
7급,82,2018-08-25,29,dokum,다음 밑줄 친 漢字語의 音을 쓰세요.,길이 左右 두 갈래로 갈라져 있습니다.,左右,,좌우,좌우,
7급,82,2018-08-25,30,dokum,다음 밑줄 친 漢字語의 音을 쓰세요.,밴드가 연주를 시작하고 歌手 가 나와서 노래를 불렀습니다.,歌手,,가수,가수,
7급,82,2018-08-25,31,dokum,다음 밑줄 친 漢字語의 音을 쓰세요.,아침에 맑던 하늘이 午後가 되 면서 흐려졌습니다.,午後,,오후,오후,
7급,82,2018-08-25,32,dokum,다음 밑줄 친 漢字語의 音을 쓰세요.,그는 가족을 위해 꽃다운 靑春 을 모두 바쳤습니다.,靑春,,청춘,청춘,
7급,82,2018-08-25,33,hunum,다음 漢字의 訓과 音을 쓰세요.,色,色,,빛 색,빛 색,
7급,82,2018-08-25,34,hunum,다음 漢字의 訓과 音을 쓰세요.,少,少,,적을 소,적을 소,
7급,82,2018-08-25,35,hunum,다음 漢字의 訓과 音을 쓰세요.,川,川,,내 천,내 천,
7급,82,2018-08-25,36,hunum,다음 漢字의 訓과 音을 쓰세요.,夏,夏,,여름 하,여름 하,
7급,82,2018-08-25,37,hunum,다음 漢字의 訓과 音을 쓰세요.,冬,冬,,겨울 동,겨울 동,
7급,82,2018-08-25,38,hunum,다음 漢字의 訓과 音을 쓰세요.,世,世,,인간 세,인간 세,
7급,82,2018-08-25,39,hunum,다음 漢字의 訓과 音을 쓰세요.,語,語,,말씀 어,말씀 어,
7급,82,2018-08-25,40,hunum,다음 漢字의 訓과 音을 쓰세요.,間,間,,사이 간,사이 간,
7급,82,2018-08-25,41,hunum,다음 漢字의 訓과 音을 쓰세요.,時,時,,때 시,때 시,
7급,82,2018-08-25,42,hunum,다음 漢字의 訓과 音을 쓰세요.,村,村,,마을 촌,마을 촌,
7급,82,2018-08-25,43,hunum,다음 漢字의 訓과 音을 쓰세요.,下,下,,아래 하,아래 하,
7급,82,2018-08-25,44,hunum,다음 漢字의 訓과 音을 쓰세요.,直,直,,곧을 직,곧을 직,
7급,82,2018-08-25,45,hunum,다음 漢字의 訓과 音을 쓰세요.,江,江,,강 강,강 강,
7급,82,2018-08-25,46,hunum,다음 漢字의 訓과 音을 쓰세요.,子,子,,아들 자,아들 자,
7급,82,2018-08-25,47,hunum,다음 漢字의 訓과 音을 쓰세요.,育,育,,기를 육,기를 육,
7급,82,2018-08-25,48,hunum,다음 漢字의 訓과 音을 쓰세요.,老,老,,늙을 로,늙을 로,
7급,82,2018-08-25,49,hunum,다음 漢字의 訓과 音을 쓰세요.,文,文,,글월 문,글월 문,
7급,82,2018-08-25,50,hunum,다음 漢字의 訓과 音을 쓰세요.,漢,漢,,한수/한나라 한,한수/한나라 한,
7급,82,2018-08-25,51,hunum,다음 漢字의 訓과 音을 쓰세요.,動,動,,움직일 동,움직일 동,
7급,82,2018-08-25,52,hunum,다음 漢字의 訓과 音을 쓰세요.,孝,孝,,효도 효,효도 효,
7급,82,2018-08-25,53,select_hanjaeo,다음 밑줄 친 漢字語를 <보기>에서 찾아 그 번호를 쓰세요.,내가 쓴 일기에서 부족한 부분을 찾아 고쳐 씁니다.,부족,"[""① 洞里"", ""② 邑長"", ""③ 不足"", ""④ 生前""]",③,不足,
7급,82,2018-08-25,54,select_hanjaeo,다음 밑줄 친 漢字語를 <보기>에서 찾아 그 번호를 쓰세요.,얼어붙은 개울물에서 동리 꼬마 들이 썰매를 타고 있었습니다.,동리,"[""① 洞里"", ""② 邑長"", ""③ 不足"", ""④ 生前""]",①,洞里,
7급,82,2018-08-25,55,select_hanja,다음 訓과 音에 맞는 漢字를 <보기>에서 찾아 그 번호를 쓰세요.,집 가,집 가,"[""① 方"", ""② 家"", ""③ 話"", ""④ 千"", ""⑤ 命"", ""⑥ 小"", ""⑦ 林"", ""⑧ 寸"", ""⑨ 地"", ""⑩ 市""]",②,家,
7급,82,2018-08-25,56,select_hanja,다음 訓과 音에 맞는 漢字를 <보기>에서 찾아 그 번호를 쓰세요.,작을 소,작을 소,"[""① 方"", ""② 家"", ""③ 話"", ""④ 千"", ""⑤ 命"", ""⑥ 小"", ""⑦ 林"", ""⑧ 寸"", ""⑨ 地"", ""⑩ 市""]",⑥,小,
7급,82,2018-08-25,57,select_hanja,다음 訓과 音에 맞는 漢字를 <보기>에서 찾아 그 번호를 쓰세요.,저자 시,저자 시,"[""① 方"", ""② 家"", ""③ 話"", ""④ 千"", ""⑤ 命"", ""⑥ 小"", ""⑦ 林"", ""⑧ 寸"", ""⑨ 地"", ""⑩ 市""]",⑩,市,
7급,82,2018-08-25,58,select_hanja,다음 訓과 音에 맞는 漢字를 <보기>에서 찾아 그 번호를 쓰세요.,모 방,모 방,"[""① 方"", ""② 家"", ""③ 話"", ""④ 千"", ""⑤ 命"", ""⑥ 小"", ""⑦ 林"", ""⑧ 寸"", ""⑨ 地"", ""⑩ 市""]",①,方,
7급,82,2018-08-25,59,select_hanja,다음 訓과 音에 맞는 漢字를 <보기>에서 찾아 그 번호를 쓰세요.,목숨 명,목숨 명,"[""① 方"", ""② 家"", ""③ 話"", ""④ 千"", ""⑤ 命"", ""⑥ 小"", ""⑦ 林"", ""⑧ 寸"", ""⑨ 地"", ""⑩ 市""]",⑤,命,
7급,82,2018-08-25,60,select_hanja,다음 訓과 音에 맞는 漢字를 <보기>에서 찾아 그 번호를 쓰세요.,마디 촌,마디 촌,"[""① 方"", ""② 家"", ""③ 話"", ""④ 千"", ""⑤ 命"", ""⑥ 小"", ""⑦ 林"", ""⑧ 寸"", ""⑨ 地"", ""⑩ 市""]",⑧,寸,
7급,82,2018-08-25,61,select_hanja,다음 訓과 音에 맞는 漢字를 <보기>에서 찾아 그 번호를 쓰세요.,말씀 화,말씀 화,"[""① 方"", ""② 家"", ""③ 話"", ""④ 千"", ""⑤ 命"", ""⑥ 小"", ""⑦ 林"", ""⑧ 寸"", ""⑨ 地"", ""⑩ 市""]",③,話,
7급,82,2018-08-25,62,select_hanja,다음 訓과 音에 맞는 漢字를 <보기>에서 찾아 그 번호를 쓰세요.,수풀 림,수풀 림,"[""① 方"", ""② 家"", ""③ 話"", ""④ 千"", ""⑤ 命"", ""⑥ 小"", ""⑦ 林"", ""⑧ 寸"", ""⑨ 地"", ""⑩ 市""]",⑦,林,
7급,82,2018-08-25,63,select_hanja,다음 訓과 音에 맞는 漢字를 <보기>에서 찾아 그 번호를 쓰세요.,일천 천,일천 천,"[""① 方"", ""② 家"", ""③ 話"", ""④ 千"", ""⑤ 命"", ""⑥ 小"", ""⑦ 林"", ""⑧ 寸"", ""⑨ 地"", ""⑩ 市""]",④,千,
7급,82,2018-08-25,64,select_hanja,다음 訓과 音에 맞는 漢字를 <보기>에서 찾아 그 번호를 쓰세요.,따 지,따 지,"[""① 方"", ""② 家"", ""③ 話"", ""④ 千"", ""⑤ 命"", ""⑥ 小"", ""⑦ 林"", ""⑧ 寸"", ""⑨ 地"", ""⑩ 市""]",⑨,地,
7급,82,2018-08-25,65,banui_select,다음 漢字의 상대(또는 반대)되는 漢字를 <보기>에서 골라 그 번호를 쓰세요.,出 ↔ ( ),出 ↔ ( ),"[""① 外"", ""② 入"", ""③ 問"", ""④ 門""]",②,入,
7급,82,2018-08-25,66,banui_select,다음 漢字의 상대(또는 반대)되는 漢字를 <보기>에서 골라 그 번호를 쓰세요.,( ) ↔ 答,( ) ↔ 答,"[""① 外"", ""② 入"", ""③ 問"", ""④ 門""]",③,問,
7급,82,2018-08-25,67,mean_select,다음 뜻에 맞는 漢字語를 <보기>에서 찾아 그 번호를 쓰세요.,토목이나 건축 따위의 일.,,"[""① 兄弟"", ""② 敎正"", ""③ 工事"", ""④ 大同""]",③,工事,
7급,82,2018-08-25,68,mean_select,다음 뜻에 맞는 漢字語를 <보기>에서 찾아 그 번호를 쓰세요.,가르쳐서 바르게 함.,,"[""① 兄弟"", ""② 敎正"", ""③ 工事"", ""④ 大同""]",②,敎正,
7급,82,2018-08-25,69,stroke,다음 漢字의 진하게 표시한 획은 몇 번째 쓰는지 <보기>에서 찾아 그 번호를 쓰세요.,,,"[""① 첫 번째"", ""② 두 번째"", ""③ 세 번째"", ""④ 네 번째"", ""⑤ 다섯 번째"", ""⑥ 여섯 번째"", ""⑦ 일곱 번째"", ""⑧ 여덟 번째"", ""⑨ 아홉 번째"", ""⑩ 열 번째""]",⑤,다섯 번째,exam-strokes/stroke_7_82_69.png
7급,82,2018-08-25,70,stroke,다음 漢字의 진하게 표시한 획은 몇 번째 쓰는지 <보기>에서 찾아 그 번호를 쓰세요.,,,"[""① 첫 번째"", ""② 두 번째"", ""③ 세 번째"", ""④ 네 번째"", ""⑤ 다섯 번째"", ""⑥ 여섯 번째"", ""⑦ 일곱 번째"", ""⑧ 여덟 번째"", ""⑨ 아홉 번째"", ""⑩ 열 번째""]",⑥,여섯 번째,exam-strokes/stroke_7_82_70.png
7급,83,2018-11-24,1,dokum,다음 밑줄 친 漢字語의 音을 쓰세요.,어릴 때 꿈은 木手가 되는 것이 었습니다.,木手,,목수,목수,
7급,83,2018-11-24,2,dokum,다음 밑줄 친 漢字語의 音을 쓰세요.,수영은 男女 모두 좋아하는 운동 입니다.,男女,,남녀,남녀,
7급,83,2018-11-24,3,dokum,다음 밑줄 친 漢字語의 音을 쓰세요.,세종대왕은 百姓을 사랑하는 왕 이셨습니다.,百姓,,백성,백성,
7급,83,2018-11-24,4,dokum,다음 밑줄 친 漢字語의 音을 쓰세요.,저는 三寸이 없습니다.,三寸,,삼촌,삼촌,
7급,83,2018-11-24,5,dokum,다음 밑줄 친 漢字語의 音을 쓰세요.,요즘은 온라인으로 入出金을 하 는 경우가 많습니다.,入出金,,입출금,입출금,
7급,83,2018-11-24,6,dokum,다음 밑줄 친 漢字語의 音을 쓰세요.,날씨가 더우니까 午後에는 밖에 나가지 않는 것이 좋습니다.,午後,,오후,오후,
7급,83,2018-11-24,7,dokum,다음 밑줄 친 漢字語의 音을 쓰세요.,오빠와 나는 같은 고등학교를 나 온 同門입니다.,同門,,동문,동문,
7급,83,2018-11-24,8,dokum,다음 밑줄 친 漢字語의 音을 쓰세요.,우리 敎室에는 아주 큰 텔레비전 이 있습니다.,敎室,,교실,교실,
7급,83,2018-11-24,9,dokum,다음 밑줄 친 漢字語의 音을 쓰세요.,동생은 來年에 초등학교에 입학 합니다.,來年,,내년,내년,
7급,83,2018-11-24,10,dokum,다음 밑줄 친 漢字語의 音을 쓰세요.,그것은 正答이 아닙니다.,正答,,정답,정답,
7급,83,2018-11-24,11,dokum,다음 밑줄 친 漢字語의 音을 쓰세요.,내 고향은 작은 農村 마을입니다.,農村,,농촌,농촌,
7급,83,2018-11-24,12,dokum,다음 밑줄 친 漢字語의 音을 쓰세요.,도서관이 工事 중입니다.,工事,,공사,공사,
7급,83,2018-11-24,13,dokum,다음 밑줄 친 漢字語의 音을 쓰세요.,이번 달에는 休日이 많습니다.,休日,,휴일,휴일,
7급,83,2018-11-24,14,dokum,다음 밑줄 친 漢字語의 音을 쓰세요.,이 마을에는 대대로 孝子가 많다 고 합니다.,孝子,,효자,효자,
7급,83,2018-11-24,15,dokum,다음 밑줄 친 漢字語의 音을 쓰세요.,가족들과의 外食은 아주 즐겁습 니다.,外食,,외식,외식,
7급,83,2018-11-24,16,dokum,다음 밑줄 친 漢字語의 音을 쓰세요.,한복은 우리나라를 대표하는 名物 입니다.,名物,,명물,명물,
7급,83,2018-11-24,17,dokum,다음 밑줄 친 漢字語의 音을 쓰세요.,국가 대표 선수들이 國旗를 들고 입장을 합니다.,國旗,,국기,국기,
7급,83,2018-11-24,18,dokum,다음 밑줄 친 漢字語의 音을 쓰세요.,누나는 數學을 잘 못합니다.,數學,,수학,수학,
7급,83,2018-11-24,19,dokum,다음 밑줄 친 漢字語의 音을 쓰세요.,빈칸에 住所를 쓰십시오.,住所,,주소,주소,
7급,83,2018-11-24,20,dokum,다음 밑줄 친 漢字語의 音을 쓰세요.,六月부터 지하철 시간표가 바뀝 니다.,六月,,유월,유월,
7급,83,2018-11-24,21,dokum,다음 밑줄 친 漢字語의 音을 쓰세요.,아버지께서는 가족을 위해 平生 애쓰고 계십니다.,平生,,평생,평생,
7급,83,2018-11-24,22,dokum,다음 밑줄 친 漢字語의 音을 쓰세요.,인공지능의 발달로 世上이 급격 하게 바뀌고 있습니다.,世上,,세상,세상,
7급,83,2018-11-24,23,dokum,다음 밑줄 친 漢字語의 音을 쓰세요.,사무실 옆에 휴게 空間을 마련하 였습니다.,空間,,공간,공간,
7급,83,2018-11-24,24,dokum,다음 밑줄 친 漢字語의 音을 쓰세요.,아이들이 自然을 직접 경험하는 체험장이 늘고 있습니다.,自然,,자연,자연,
7급,83,2018-11-24,25,dokum,다음 밑줄 친 漢字語의 音을 쓰세요.,최근 市內 버스를 수소차로 바꾸 고 있습니다.,市內,,시내,시내,
7급,83,2018-11-24,26,dokum,다음 밑줄 친 漢字語의 音을 쓰세요.,폭설로 登校 시간이 늦춰진다고 합니다.,登校,,등교,등교,
7급,83,2018-11-24,27,dokum,다음 밑줄 친 漢字語의 音을 쓰세요.,동네 도서관에 어린이가 볼 만한 책이 不足합니다.,不足,,부족,부족,
7급,83,2018-11-24,28,dokum,다음 밑줄 친 漢字語의 音을 쓰세요.,저는 靑色을 제일 좋아합니다.,靑色,,청색,청색,
7급,83,2018-11-24,29,dokum,다음 밑줄 친 漢字語의 音을 쓰세요.,드론을 활용한 人命 구조 활동이 주목을 받고 있습니다.,人命,,인명,인명,
7급,83,2018-11-24,30,dokum,다음 밑줄 친 漢字語의 音을 쓰세요.,가뭄이 끝난다는 뉴스를 듣고 安心 이 되었습니다.,安心,,안심,안심,
7급,83,2018-11-24,31,dokum,다음 밑줄 친 漢字語의 音을 쓰세요.,이번 秋夕에도 할아버지 댁에 갈 예정입니다.,秋夕,,추석,추석,
7급,83,2018-11-24,32,dokum,다음 밑줄 친 漢字語의 音을 쓰세요.,地下에 있는 광물을 찾기 위해 노력하고 있습니다.,地下,,지하,지하,
7급,83,2018-11-24,33,hunum,다음 漢字의 訓과 音을 쓰세요.,有,有,,있을 유,있을 유,
7급,83,2018-11-24,34,hunum,다음 漢字의 訓과 音을 쓰세요.,川,川,,내 천,내 천,
7급,83,2018-11-24,35,hunum,다음 漢字의 訓과 音을 쓰세요.,韓,韓,,한국/나라 한,한국/나라 한,
7급,83,2018-11-24,36,hunum,다음 漢字의 訓과 音을 쓰세요.,春,春,,봄 춘,봄 춘,
7급,83,2018-11-24,37,hunum,다음 漢字의 訓과 音을 쓰세요.,林,林,,수풀 림,수풀 림,
7급,83,2018-11-24,38,hunum,다음 漢字의 訓과 音을 쓰세요.,王,王,,임금 왕,임금 왕,
7급,83,2018-11-24,39,hunum,다음 漢字의 訓과 音을 쓰세요.,十,十,,열 십,열 십,
7급,83,2018-11-24,40,hunum,다음 漢字의 訓과 音을 쓰세요.,民,民,,백성 민,백성 민,
7급,83,2018-11-24,41,hunum,다음 漢字의 訓과 音을 쓰세요.,動,動,,움직일 동,움직일 동,
7급,83,2018-11-24,42,hunum,다음 漢字의 訓과 音을 쓰세요.,每,每,,매양 매,매양 매,
7급,83,2018-11-24,43,hunum,다음 漢字의 訓과 音을 쓰세요.,江,江,,강 강,강 강,
7급,83,2018-11-24,44,hunum,다음 漢字의 訓과 音을 쓰세요.,主,主,,주인/임금 주,주인/임금 주,
7급,83,2018-11-24,45,hunum,다음 漢字의 訓과 音을 쓰세요.,冬,冬,,겨울 동,겨울 동,
7급,83,2018-11-24,46,hunum,다음 漢字의 訓과 音을 쓰세요.,電,電,,번개 전,번개 전,
7급,83,2018-11-24,47,hunum,다음 漢字의 訓과 音을 쓰세요.,夫,夫,,지아비 부,지아비 부,
7급,83,2018-11-24,48,hunum,다음 漢字의 訓과 音을 쓰세요.,海,海,,바다 해,바다 해,
7급,83,2018-11-24,49,hunum,다음 漢字의 訓과 音을 쓰세요.,弟,弟,,아우 제,아우 제,
7급,83,2018-11-24,50,hunum,다음 漢字의 訓과 音을 쓰세요.,土,土,,흙 토,흙 토,
7급,83,2018-11-24,51,hunum,다음 漢字의 訓과 音을 쓰세요.,時,時,,때 시,때 시,
7급,83,2018-11-24,52,hunum,다음 漢字의 訓과 音을 쓰세요.,歌,歌,,노래 가,노래 가,
7급,83,2018-11-24,53,select_hanjaeo,다음 밑줄 친 漢字語를 <보기>에서 찾아 그 번호를 쓰세요.,어버이날을 맞아 부모님께 편지 를 썼습니다.,편지,"[""① 山水"", ""② 父母"", ""③ 中道"", ""④ 便紙""]",④,便紙,
7급,83,2018-11-24,54,select_hanjaeo,다음 밑줄 친 漢字語를 <보기>에서 찾아 그 번호를 쓰세요.,어느 한쪽으로 치우치지 않고 중도를 지키는 것은 어렵습니 다.,중도,"[""① 山水"", ""② 父母"", ""③ 中道"", ""④ 便紙""]",③,中道,
7급,83,2018-11-24,55,select_hanja,다음 訓과 音에 맞는 漢字를 <보기>에서 찾아 그 번호를 쓰세요.,온전 전,온전 전,"[""① 少"", ""② 夏"", ""③ 文"", ""④ 立"", ""⑤ 面"", ""⑥ 全"", ""⑦ 力"", ""⑧ 白"", ""⑨ 老"", ""⑩ 軍""]",⑥,全,
7급,83,2018-11-24,56,select_hanja,다음 訓과 音에 맞는 漢字를 <보기>에서 찾아 그 번호를 쓰세요.,힘 력,힘 력,"[""① 少"", ""② 夏"", ""③ 文"", ""④ 立"", ""⑤ 面"", ""⑥ 全"", ""⑦ 力"", ""⑧ 白"", ""⑨ 老"", ""⑩ 軍""]",⑦,力,
7급,83,2018-11-24,57,select_hanja,다음 訓과 音에 맞는 漢字를 <보기>에서 찾아 그 번호를 쓰세요.,적을 소,적을 소,"[""① 少"", ""② 夏"", ""③ 文"", ""④ 立"", ""⑤ 面"", ""⑥ 全"", ""⑦ 力"", ""⑧ 白"", ""⑨ 老"", ""⑩ 軍""]",①,少,
7급,83,2018-11-24,58,select_hanja,다음 訓과 音에 맞는 漢字를 <보기>에서 찾아 그 번호를 쓰세요.,글월 문,글월 문,"[""① 少"", ""② 夏"", ""③ 文"", ""④ 立"", ""⑤ 面"", ""⑥ 全"", ""⑦ 力"", ""⑧ 白"", ""⑨ 老"", ""⑩ 軍""]",③,文,
7급,83,2018-11-24,59,select_hanja,다음 訓과 音에 맞는 漢字를 <보기>에서 찾아 그 번호를 쓰세요.,흰 백,흰 백,"[""① 少"", ""② 夏"", ""③ 文"", ""④ 立"", ""⑤ 面"", ""⑥ 全"", ""⑦ 力"", ""⑧ 白"", ""⑨ 老"", ""⑩ 軍""]",⑧,白,
7급,83,2018-11-24,60,select_hanja,다음 訓과 音에 맞는 漢字를 <보기>에서 찾아 그 번호를 쓰세요.,늙을 로,늙을 로,"[""① 少"", ""② 夏"", ""③ 文"", ""④ 立"", ""⑤ 面"", ""⑥ 全"", ""⑦ 力"", ""⑧ 白"", ""⑨ 老"", ""⑩ 軍""]",⑨,老,
7급,83,2018-11-24,61,select_hanja,다음 訓과 音에 맞는 漢字를 <보기>에서 찾아 그 번호를 쓰세요.,여름 하,여름 하,"[""① 少"", ""② 夏"", ""③ 文"", ""④ 立"", ""⑤ 面"", ""⑥ 全"", ""⑦ 力"", ""⑧ 白"", ""⑨ 老"", ""⑩ 軍""]",②,夏,
7급,83,2018-11-24,62,select_hanja,다음 訓과 音에 맞는 漢字를 <보기>에서 찾아 그 번호를 쓰세요.,설 립,설 립,"[""① 少"", ""② 夏"", ""③ 文"", ""④ 立"", ""⑤ 面"", ""⑥ 全"", ""⑦ 力"", ""⑧ 白"", ""⑨ 老"", ""⑩ 軍""]",④,立,
7급,83,2018-11-24,63,select_hanja,다음 訓과 音에 맞는 漢字를 <보기>에서 찾아 그 번호를 쓰세요.,군사 군,군사 군,"[""① 少"", ""② 夏"", ""③ 文"", ""④ 立"", ""⑤ 面"", ""⑥ 全"", ""⑦ 力"", ""⑧ 白"", ""⑨ 老"", ""⑩ 軍""]",⑩,軍,
7급,83,2018-11-24,64,select_hanja,다음 訓과 音에 맞는 漢字를 <보기>에서 찾아 그 번호를 쓰세요.,낯 면,낯 면,"[""① 少"", ""② 夏"", ""③ 文"", ""④ 立"", ""⑤ 面"", ""⑥ 全"", ""⑦ 力"", ""⑧ 白"", ""⑨ 老"", ""⑩ 軍""]",⑤,面,
7급,83,2018-11-24,65,banui_select,다음 漢字의 상대(또는 반대)되는 漢字를 <보기>에서 골라 그 번호를 쓰세요.,小 ↔ ( ),小 ↔ ( ),"[""① 大"", ""② 重"", ""③ 右"", ""④ 火""]",①,大,
7급,83,2018-11-24,66,banui_select,다음 漢字의 상대(또는 반대)되는 漢字를 <보기>에서 골라 그 번호를 쓰세요.,左 ↔ ( ),左 ↔ ( ),"[""① 大"", ""② 重"", ""③ 右"", ""④ 火""]",③,右,
7급,83,2018-11-24,67,mean_select,다음 뜻에 맞는 漢字語를 <보기>에서 찾아 그 번호를 쓰세요.,윗대의 조상.,,"[""① 先祖"", ""② 直前"", ""③ 洞長"", ""④ 花草""]",①,先祖,
7급,83,2018-11-24,68,mean_select,다음 뜻에 맞는 漢字語를 <보기>에서 찾아 그 번호를 쓰세요.,꽃이 피는 풀이나 나무.,,"[""① 先祖"", ""② 直前"", ""③ 洞長"", ""④ 花草""]",④,花草,
7급,83,2018-11-24,69,stroke,다음 漢字의 진하게 표시한 획은 몇 번째 쓰는지 <보기>에서 찾아 그 번호를 쓰세요.,,,"[""① 첫 번째"", ""② 두 번째"", ""③ 세 번째"", ""④ 네 번째"", ""⑤ 다섯 번째"", ""⑥ 여섯 번째"", ""⑦ 일곱 번째"", ""⑧ 여덟 번째"", ""⑨ 아홉 번째"", ""⑩ 열 번째""]",⑦,일곱 번째,exam-strokes/stroke_7_83_69.png
7급,83,2018-11-24,70,stroke,다음 漢字의 진하게 표시한 획은 몇 번째 쓰는지 <보기>에서 찾아 그 번호를 쓰세요.,,,"[""① 첫 번째"", ""② 두 번째"", ""③ 세 번째"", ""④ 네 번째"", ""⑤ 다섯 번째"", ""⑥ 여섯 번째"", ""⑦ 일곱 번째"", ""⑧ 여덟 번째"", ""⑨ 아홉 번째"", ""⑩ 열 번째""]",④,네 번째,exam-strokes/stroke_7_83_70.png
7급,84,2019-02-23,1,dokum,다음 밑줄 친 漢字語의 音을 쓰세요.,진수는 태권도 道場을 다닙니다.,道場,,도장,도장,
7급,84,2019-02-23,2,dokum,다음 밑줄 친 漢字語의 音을 쓰세요.,지구에는 수많은 生命이 삽니다.,生命,,생명,생명,
7급,84,2019-02-23,3,dokum,다음 밑줄 친 漢字語의 音을 쓰세요.,아파트 住民들이 모여 바자회를 열었습니다.,住民,,주민,주민,
7급,84,2019-02-23,4,dokum,다음 밑줄 친 漢字語의 音을 쓰세요.,나는 물의 所重함을 이제 알게 되었습니다.,所重,,소중,소중,
7급,84,2019-02-23,5,dokum,다음 밑줄 친 漢字語의 音을 쓰세요.,우리는 여럿이 함께 모여 學校 에 갑니다.,學校,,학교,학교,
7급,84,2019-02-23,6,dokum,다음 밑줄 친 漢字語의 音을 쓰세요.,나는 열심히 工夫하여 훌륭한 기업인이 되겠습니다.,工夫,,공부,공부,
7급,84,2019-02-23,7,dokum,다음 밑줄 친 漢字語의 音을 쓰세요.,유교 사상은 男女의 유별을 강 조하였습니다.,男女,,남녀,남녀,
7급,84,2019-02-23,8,dokum,다음 밑줄 친 漢字語의 音을 쓰세요.,北韓에는 평양냉면이 유명합니다.,北韓,,북한,북한,
7급,84,2019-02-23,9,dokum,다음 밑줄 친 漢字語의 音을 쓰세요.,우리나라에는 아름다운 江山이 꽤 많습니다.,江山,,강산,강산,
7급,84,2019-02-23,10,dokum,다음 밑줄 친 漢字語의 音을 쓰세요.,세종대왕은 百姓을 진심으로 사 랑하신 왕입니다.,百姓,,백성,백성,
7급,84,2019-02-23,11,dokum,다음 밑줄 친 漢字語의 音을 쓰세요.,아버지는 正直과 신용을 좌우명 으로 삼고 사십니다.,正直,,정직,정직,
7급,84,2019-02-23,12,dokum,다음 밑줄 친 漢字語의 音을 쓰세요.,바람이 심하게 불어 바다 위의 배가 左右로 흔들립니다.,左右,,좌우,좌우,
7급,84,2019-02-23,13,dokum,다음 밑줄 친 漢字語의 音을 쓰세요.,電話를 걸거나 받을 때 공손하 게 하여야 합니다.,電話,,전화,전화,
7급,84,2019-02-23,14,dokum,다음 밑줄 친 漢字語의 音을 쓰세요.,삼촌은 아프리카에서 의료 봉사 活動을 하고 있습니다.,活動,,활동,활동,
7급,84,2019-02-23,15,dokum,다음 밑줄 친 漢字語의 音을 쓰세요.,"할머니, 여기에서 市外버스 타 시면 됩니다.",市外,,시외,시외,
7급,84,2019-02-23,16,dokum,다음 밑줄 친 漢字語의 音을 쓰세요.,한식에는 祖上의 산소를 찾아 성묘를 합니다.,祖上,,조상,조상,
7급,84,2019-02-23,17,dokum,다음 밑줄 친 漢字語의 音을 쓰세요.,몸의 영양소를 고려해 食事를 합니다.,食事,,식사,식사,
7급,84,2019-02-23,18,dokum,다음 밑줄 친 漢字語의 音을 쓰세요.,잠시 생각할 時間을 주십시오.,時間,,시간,시간,
7급,84,2019-02-23,19,dokum,다음 밑줄 친 漢字語의 音을 쓰세요.,日記를 쓸 때에는 솔직하게 써 야 합니다.,日記,,일기,일기,
7급,84,2019-02-23,20,dokum,다음 밑줄 친 漢字語의 音을 쓰세요.,그녀의 노래 실력은 歌手 못지 않습니다.,歌手,,가수,가수,
7급,84,2019-02-23,21,dokum,다음 밑줄 친 漢字語의 音을 쓰세요.,立冬이 지난 후 날씨가 점점 추 워지고 있습니다.,立冬,,입동,입동,
7급,84,2019-02-23,22,dokum,다음 밑줄 친 漢字語의 音을 쓰세요.,대학생 형들이 모여 育林의 날 행사를 합니다.,育林,,육림,육림,
7급,84,2019-02-23,23,dokum,다음 밑줄 친 漢字語의 音을 쓰세요.,그 무용단은 每年 정기 공연을 가져왔습니다.,每年,,매년,매년,
7급,84,2019-02-23,24,dokum,다음 밑줄 친 漢字語의 音을 쓰세요.,그 회사는 數十만 대의 자동차 를 수출합니다.,數十,,수십,수십,
7급,84,2019-02-23,25,dokum,다음 밑줄 친 漢字語의 音을 쓰세요.,신데렐라는 무도회에서 王子님 을 만났습니다.,王子,,왕자,왕자,
7급,84,2019-02-23,26,dokum,다음 밑줄 친 漢字語의 音을 쓰세요.,설악산은 경치가 빼어나기로 有名합니다.,有名,,유명,유명,
7급,84,2019-02-23,27,dokum,다음 밑줄 친 漢字語의 音을 쓰세요.,그 두 사람은 兄弟 이상으로 친 하게 지냅니다.,兄弟,,형제,형제,
7급,84,2019-02-23,28,dokum,다음 밑줄 친 漢字語의 音을 쓰세요.,교실에 主人 없는 우산이 하나 있었습니다.,主人,,주인,주인,
7급,84,2019-02-23,29,dokum,다음 밑줄 친 漢字語의 音을 쓰세요.,가정의 平安과 건강을 빕니다.,平安,,평안,평안,
7급,84,2019-02-23,30,dokum,다음 밑줄 친 漢字語의 音을 쓰세요.,서울에서 出世한 삼촌은 우리 집안의 자랑거립니다.,出世,,출세,출세,
7급,84,2019-02-23,31,dokum,다음 밑줄 친 漢字語의 音을 쓰세요.,수재민 돕기에 남녀老少 모두가 참가합니다.,老少,,노소,노소,
7급,84,2019-02-23,32,dokum,다음 밑줄 친 漢字語의 音을 쓰세요.,植物은 뿌리로 양분을 빨아서 먹습니다.,植物,,식물,식물,
7급,84,2019-02-23,33,hunum,다음 漢字의 訓과 音을 쓰세요.,登,登,,오를 등,오를 등,
7급,84,2019-02-23,34,hunum,다음 漢字의 訓과 音을 쓰세요.,敎,敎,,가르칠 교,가르칠 교,
7급,84,2019-02-23,35,hunum,다음 漢字의 訓과 音을 쓰세요.,午,午,,낮 오,낮 오,
7급,84,2019-02-23,36,hunum,다음 漢字의 訓과 音을 쓰세요.,花,花,,꽃 화,꽃 화,
7급,84,2019-02-23,37,hunum,다음 漢字의 訓과 音을 쓰세요.,旗,旗,,기 기,기 기,
7급,84,2019-02-23,38,hunum,다음 漢字의 訓과 音을 쓰세요.,內,內,,안 내,안 내,
7급,84,2019-02-23,39,hunum,다음 漢字의 訓과 音을 쓰세요.,答,答,,대답 답,대답 답,
7급,84,2019-02-23,40,hunum,다음 漢字의 訓과 音을 쓰세요.,口,口,,입 구,입 구,
7급,84,2019-02-23,41,hunum,다음 漢字의 訓과 音을 쓰세요.,邑,邑,,고을 읍,고을 읍,
7급,84,2019-02-23,42,hunum,다음 漢字의 訓과 音을 쓰세요.,中,中,,가운데 중,가운데 중,
7급,84,2019-02-23,43,hunum,다음 漢字의 訓과 音을 쓰세요.,秋,秋,,가을 추,가을 추,
7급,84,2019-02-23,44,hunum,다음 漢字의 訓과 音을 쓰세요.,夕,夕,,저녁 석,저녁 석,
7급,84,2019-02-23,45,hunum,다음 漢字의 訓과 音을 쓰세요.,來,來,,올 래,올 래,
7급,84,2019-02-23,46,hunum,다음 漢字의 訓과 音을 쓰세요.,休,休,,쉴 휴,쉴 휴,
7급,84,2019-02-23,47,hunum,다음 漢字의 訓과 音을 쓰세요.,七,七,,일곱 칠,일곱 칠,
7급,84,2019-02-23,48,hunum,다음 漢字의 訓과 音을 쓰세요.,水,水,,물 수,물 수,
7급,84,2019-02-23,49,hunum,다음 漢字의 訓과 音을 쓰세요.,孝,孝,,효도 효,효도 효,
7급,84,2019-02-23,50,hunum,다음 漢字의 訓과 音을 쓰세요.,氣,氣,,기운 기,기운 기,
7급,84,2019-02-23,51,hunum,다음 漢字의 訓과 音을 쓰세요.,五,五,,다섯 오,다섯 오,
7급,84,2019-02-23,52,hunum,다음 漢字의 訓과 音을 쓰세요.,下,下,,아래 하,아래 하,
7급,84,2019-02-23,53,select_hanjaeo,다음 밑줄 친 漢字語를 <보기>에서 찾아 그 번호를 쓰세요.,아름다운 우리 자연을 가꾸고 보호해야 합니다.,자연,"[""① 草家"", ""② 自然"", ""③ 前方"", ""④ 農土""]",②,自然,
7급,84,2019-02-23,54,select_hanjaeo,다음 밑줄 친 漢字語를 <보기>에서 찾아 그 번호를 쓰세요.,제비가 초가지붕 위에 줄지어 앉아 있습니다.,초가,"[""① 草家"", ""② 自然"", ""③ 前方"", ""④ 農土""]",①,草家,
7급,84,2019-02-23,55,select_hanja,다음 訓과 音에 맞는 漢字를 <보기>에서 찾아 그 번호를 쓰세요.,두 이,두 이,"[""① 八"", ""② 入"", ""③ 力"", ""④ 九"", ""⑤ 車"", ""⑥ 室"", ""⑦ 二"", ""⑧ 里"", ""⑨ 南"", ""⑩ 千""]",⑦,二,
7급,84,2019-02-23,56,select_hanja,다음 訓과 音에 맞는 漢字를 <보기>에서 찾아 그 번호를 쓰세요.,수레 거,수레 거,"[""① 八"", ""② 入"", ""③ 力"", ""④ 九"", ""⑤ 車"", ""⑥ 室"", ""⑦ 二"", ""⑧ 里"", ""⑨ 南"", ""⑩ 千""]",⑤,車,
7급,84,2019-02-23,57,select_hanja,다음 訓과 音에 맞는 漢字를 <보기>에서 찾아 그 번호를 쓰세요.,들 입,들 입,"[""① 八"", ""② 入"", ""③ 力"", ""④ 九"", ""⑤ 車"", ""⑥ 室"", ""⑦ 二"", ""⑧ 里"", ""⑨ 南"", ""⑩ 千""]",②,入,
7급,84,2019-02-23,58,select_hanja,다음 訓과 音에 맞는 漢字를 <보기>에서 찾아 그 번호를 쓰세요.,마을 리,마을 리,"[""① 八"", ""② 入"", ""③ 力"", ""④ 九"", ""⑤ 車"", ""⑥ 室"", ""⑦ 二"", ""⑧ 里"", ""⑨ 南"", ""⑩ 千""]",⑧,里,
7급,84,2019-02-23,59,select_hanja,다음 訓과 音에 맞는 漢字를 <보기>에서 찾아 그 번호를 쓰세요.,아홉 구,아홉 구,"[""① 八"", ""② 入"", ""③ 力"", ""④ 九"", ""⑤ 車"", ""⑥ 室"", ""⑦ 二"", ""⑧ 里"", ""⑨ 南"", ""⑩ 千""]",④,九,
7급,84,2019-02-23,60,select_hanja,다음 訓과 音에 맞는 漢字를 <보기>에서 찾아 그 번호를 쓰세요.,집 실,집 실,"[""① 八"", ""② 入"", ""③ 力"", ""④ 九"", ""⑤ 車"", ""⑥ 室"", ""⑦ 二"", ""⑧ 里"", ""⑨ 南"", ""⑩ 千""]",⑥,室,
7급,84,2019-02-23,61,select_hanja,다음 訓과 音에 맞는 漢字를 <보기>에서 찾아 그 번호를 쓰세요.,일천 천,일천 천,"[""① 八"", ""② 入"", ""③ 力"", ""④ 九"", ""⑤ 車"", ""⑥ 室"", ""⑦ 二"", ""⑧ 里"", ""⑨ 南"", ""⑩ 千""]",⑩,千,
7급,84,2019-02-23,62,select_hanja,다음 訓과 音에 맞는 漢字를 <보기>에서 찾아 그 번호를 쓰세요.,힘 력,힘 력,"[""① 八"", ""② 入"", ""③ 力"", ""④ 九"", ""⑤ 車"", ""⑥ 室"", ""⑦ 二"", ""⑧ 里"", ""⑨ 南"", ""⑩ 千""]",③,力,
7급,84,2019-02-23,63,select_hanja,다음 訓과 音에 맞는 漢字를 <보기>에서 찾아 그 번호를 쓰세요.,여덟 팔,여덟 팔,"[""① 八"", ""② 入"", ""③ 力"", ""④ 九"", ""⑤ 車"", ""⑥ 室"", ""⑦ 二"", ""⑧ 里"", ""⑨ 南"", ""⑩ 千""]",①,八,
7급,84,2019-02-23,64,select_hanja,다음 訓과 音에 맞는 漢字를 <보기>에서 찾아 그 번호를 쓰세요.,남녘 남,남녘 남,"[""① 八"", ""② 入"", ""③ 力"", ""④ 九"", ""⑤ 車"", ""⑥ 室"", ""⑦ 二"", ""⑧ 里"", ""⑨ 南"", ""⑩ 千""]",⑨,南,
7급,84,2019-02-23,65,banui_select,다음 漢字의 상대(또는 반대)되는 漢字를 <보기>에서 골라 그 번호를 쓰세요.,( ) ↔ 母,( ) ↔ 母,"[""① 天"", ""② 川"", ""③ 三"", ""④ 父""]",④,父,
7급,84,2019-02-23,66,banui_select,다음 漢字의 상대(또는 반대)되는 漢字를 <보기>에서 골라 그 번호를 쓰세요.,( ) ↔ 地,( ) ↔ 地,"[""① 天"", ""② 川"", ""③ 三"", ""④ 父""]",①,天,
7급,84,2019-02-23,67,mean_select,다음 뜻에 맞는 漢字語를 <보기>에서 찾아 그 번호를 쓰세요.,바다에서 전투를 맡아 하는 군대.,,"[""① 不足"", ""② 洞長"", ""③ 白紙"", ""④ 海軍""]",④,海軍,
7급,84,2019-02-23,68,mean_select,다음 뜻에 맞는 漢字語를 <보기>에서 찾아 그 번호를 쓰세요.,흰 종이.,,"[""① 不足"", ""② 洞長"", ""③ 白紙"", ""④ 海軍""]",③,白紙,
7급,84,2019-02-23,69,stroke,다음 漢字의 진하게 표시한 획은 몇 번째 쓰는지 <보기>에서 찾아 그 번호를 쓰세요.,,,"[""① 첫 번째"", ""② 두 번째"", ""③ 세 번째"", ""④ 네 번째"", ""⑤ 다섯 번째"", ""⑥ 여섯 번째"", ""⑦ 일곱 번째"", ""⑧ 여덟 번째"", ""⑨ 아홉 번째"", ""⑩ 열 번째""]",⑤,다섯 번째,exam-strokes/stroke_7_84_69.png
7급,84,2019-02-23,70,stroke,다음 漢字의 진하게 표시한 획은 몇 번째 쓰는지 <보기>에서 찾아 그 번호를 쓰세요.,,,"[""① 첫 번째"", ""② 두 번째"", ""③ 세 번째"", ""④ 네 번째"", ""⑤ 다섯 번째"", ""⑥ 여섯 번째"", ""⑦ 일곱 번째"", ""⑧ 여덟 번째"", ""⑨ 아홉 번째"", ""⑩ 열 번째""]",⑧,여덟 번째,exam-strokes/stroke_7_84_70.png
7급,85,2019-06-01,1,dokum,다음 밑줄 친 漢字語의 音을 쓰세요.,우리나라는 三面이 바다로 싸여 있습니다.,三面,,삼면,삼면,
7급,85,2019-06-01,2,dokum,다음 밑줄 친 漢字語의 音을 쓰세요.,五色 찬란한 무지개가 하늘 높이 솟았습니다.,五色,,오색,오색,
7급,85,2019-06-01,3,dokum,다음 밑줄 친 漢字語의 音을 쓰세요.,봄이 되자 百花가 만발하였습니 다.,百花,,백화,백화,
7급,85,2019-06-01,4,dokum,다음 밑줄 친 漢字語의 音을 쓰세요.,젊어서 고생은 千金을 주고도 못 산다고 합니다.,千金,,천금,천금,
7급,85,2019-06-01,5,dokum,다음 밑줄 친 漢字語의 音을 쓰세요.,세상의 모든 萬物은 생명을 가지 고 있습니다.,萬物,,만물,만물,
7급,85,2019-06-01,6,dokum,다음 밑줄 친 漢字語의 音을 쓰세요.,네가 오늘 오지 않을 心算이었음 을 알고 있었다.,心算,,심산,심산,
7급,85,2019-06-01,7,dokum,다음 밑줄 친 漢字語의 音을 쓰세요.,스스로 數學 문제를 풀다보면 재 미를 느낄 수 있습니다.,數學,,수학,수학,
7급,85,2019-06-01,8,dokum,다음 밑줄 친 漢字語의 音을 쓰세요.,日氣 예보에서 내일부터 따뜻해 질 거라고 했습니다.,日氣,,일기,일기,
7급,85,2019-06-01,9,dokum,다음 밑줄 친 漢字語의 音을 쓰세요.,아주 옛날 원시인들은 火食을 하 지 않았다고 합니다.,火食,,화식,화식,
7급,85,2019-06-01,10,dokum,다음 밑줄 친 漢字語의 音을 쓰세요.,백조들이 水中에 미끄러지듯 날 아와 앉았습니다.,水中,,수중,수중,
7급,85,2019-06-01,11,dokum,다음 밑줄 친 漢字語의 音을 쓰세요.,木手 아저씨는 정성껏 나무를 다 듬었습니다.,木手,,목수,목수,
7급,85,2019-06-01,12,dokum,다음 밑줄 친 漢字語의 音을 쓰세요.,얼마 전까지 못쓰던 土地가 밭이 되었습니다.,土地,,토지,토지,
7급,85,2019-06-01,13,dokum,다음 밑줄 친 漢字語의 音을 쓰세요.,징검다리 한 가운데 少年이 서 있습니다.,少年,,소년,소년,
7급,85,2019-06-01,14,dokum,다음 밑줄 친 漢字語의 音을 쓰세요.,우리는 時空을 초월한 공상과학 영화를 많이 봅니다.,時空,,시공,시공,
7급,85,2019-06-01,15,dokum,다음 밑줄 친 漢字語의 音을 쓰세요.,午後에 어머니와 시장을 다녀왔 습니다.,午後,,오후,오후,
7급,85,2019-06-01,16,dokum,다음 밑줄 친 漢字語의 音을 쓰세요.,할아버지의 연세는 올해 八十이 십니다.,八十,,팔십,팔십,
7급,85,2019-06-01,17,dokum,다음 밑줄 친 漢字語의 音을 쓰세요.,작년 秋夕엔 보름달이 유난히 환 했습니다.,秋夕,,추석,추석,
7급,85,2019-06-01,18,dokum,다음 밑줄 친 漢字語의 音을 쓰세요.,우리는 每事에 신중해야 합니다.,每事,,매사,매사,
7급,85,2019-06-01,19,dokum,다음 밑줄 친 漢字語의 音을 쓰세요.,우리 父子는 누가 봐도 똑같이 생겼습니다.,父子,,부자,부자,
7급,85,2019-06-01,20,dokum,다음 밑줄 친 漢字語의 音을 쓰세요.,오늘은 祖母님의 제삿날입니다.,祖母,,조모,조모,
7급,85,2019-06-01,21,dokum,다음 밑줄 친 漢字語의 音을 쓰세요.,나도 이제 兄夫가 생겼습니다.,兄夫,,형부,형부,
7급,85,2019-06-01,22,dokum,다음 밑줄 친 漢字語의 音을 쓰세요.,우리 집의 家長은 아빠입니다.,家長,,가장,가장,
7급,85,2019-06-01,23,dokum,다음 밑줄 친 漢字語의 音을 쓰세요.,흥부는 놀부집 門前에서 쫓겨났 습니다.,門前,,문전,문전,
7급,85,2019-06-01,24,dokum,다음 밑줄 친 漢字語의 音을 쓰세요.,四寸들과 함께 운동을 하였습니 다.,四寸,,사촌,사촌,
7급,85,2019-06-01,25,dokum,다음 밑줄 친 漢字語의 音을 쓰세요.,우리 형제는 부모님께 항상 孝道 를 합니다.,孝道,,효도,효도,
7급,85,2019-06-01,26,dokum,다음 밑줄 친 漢字語의 音을 쓰세요.,어른이 되면 敎育을 담당하는 선 생님이 되고 싶습니다.,敎育,,교육,교육,
7급,85,2019-06-01,27,dokum,다음 밑줄 친 漢字語의 音을 쓰세요.,校旗가 학교 운동장에서 펄럭입 니다.,校旗,,교기,교기,
7급,85,2019-06-01,28,dokum,다음 밑줄 친 漢字語의 音을 쓰세요.,問答을 통해 배움의 즐거움을 느 낍니다.,問答,,문답,문답,
7급,85,2019-06-01,29,dokum,다음 밑줄 친 漢字語의 音을 쓰세요.,우리나라 語文 정책은 국한병용 입니다.,語文,,어문,어문,
7급,85,2019-06-01,30,dokum,다음 밑줄 친 漢字語의 音을 쓰세요.,사람들이 모여 民話를 주고받습니 다.,民話,,민화,민화,
7급,85,2019-06-01,31,dokum,다음 밑줄 친 漢字語의 音을 쓰세요.,글씨는 正字로 써야 반듯합니다.,正字,,정자,정자,
7급,85,2019-06-01,32,dokum,다음 밑줄 친 漢字語의 音을 쓰세요.,지난 주말에 漢江 유람선을 타고 놀았습니다.,漢江,,한강,한강,
7급,85,2019-06-01,33,hunum,다음 漢字의 訓과 音을 쓰세요.,休,休,,쉴 휴,쉴 휴,
7급,85,2019-06-01,34,hunum,다음 漢字의 訓과 音을 쓰세요.,平,平,,평평할 평,평평할 평,
7급,85,2019-06-01,35,hunum,다음 漢字의 訓과 音을 쓰세요.,紙,紙,,종이 지,종이 지,
7급,85,2019-06-01,36,hunum,다음 漢字의 訓과 音을 쓰세요.,直,直,,곧을 직,곧을 직,
7급,85,2019-06-01,37,hunum,다음 漢字의 訓과 音을 쓰세요.,邑,邑,,고을 읍,고을 읍,
7급,85,2019-06-01,38,hunum,다음 漢字의 訓과 音을 쓰세요.,室,室,,집 실,집 실,
7급,85,2019-06-01,39,hunum,다음 漢字의 訓과 音을 쓰세요.,名,名,,이름 명,이름 명,
7급,85,2019-06-01,40,hunum,다음 漢字의 訓과 音을 쓰세요.,林,林,,수풀 림,수풀 림,
7급,85,2019-06-01,41,hunum,다음 漢字의 訓과 音을 쓰세요.,姓,姓,,성 성,성 성,
7급,85,2019-06-01,42,hunum,다음 漢字의 訓과 音을 쓰세요.,王,王,,임금 왕,임금 왕,
7급,85,2019-06-01,43,hunum,다음 漢字의 訓과 音을 쓰세요.,外,外,,바깥 외,바깥 외,
7급,85,2019-06-01,44,hunum,다음 漢字의 訓과 音을 쓰세요.,夏,夏,,여름 하,여름 하,
7급,85,2019-06-01,45,hunum,다음 漢字의 訓과 音을 쓰세요.,足,足,,발 족,발 족,
7급,85,2019-06-01,46,hunum,다음 漢字의 訓과 音을 쓰세요.,弟,弟,,아우 제,아우 제,
7급,85,2019-06-01,47,hunum,다음 漢字의 訓과 音을 쓰세요.,記,記,,기록할 기,기록할 기,
7급,85,2019-06-01,48,hunum,다음 漢字의 訓과 音을 쓰세요.,間,間,,사이 간,사이 간,
7급,85,2019-06-01,49,hunum,다음 漢字의 訓과 音을 쓰세요.,農,農,,농사 농,농사 농,
7급,85,2019-06-01,50,hunum,다음 漢字의 訓과 音을 쓰세요.,世,世,,인간 세,인간 세,
7급,85,2019-06-01,51,hunum,다음 漢字의 訓과 音을 쓰세요.,月,月,,달 월,달 월,
7급,85,2019-06-01,52,hunum,다음 漢字의 訓과 音을 쓰세요.,春,春,,봄 춘,봄 춘,
7급,85,2019-06-01,53,select_hanjaeo,다음 밑줄 친 漢字語를 <보기>에서 찾아 그 번호를 쓰세요.,군인들이 군가를 힘차게 불렀습 니다.,군가,"[""① 軍歌"", ""② 男女"", ""③ 入口"", ""④ 工場""]",①,軍歌,
7급,85,2019-06-01,54,select_hanjaeo,다음 밑줄 친 漢字語를 <보기>에서 찾아 그 번호를 쓰세요.,공장에는 많은 기계들이 돌아 가고 있습니다.,공장,"[""① 軍歌"", ""② 男女"", ""③ 入口"", ""④ 工場""]",④,工場,
7급,85,2019-06-01,55,select_hanja,다음 訓과 音에 맞는 漢字를 <보기>에서 찾아 그 번호를 쓰세요.,수레 거,수레 거,"[""① 車"", ""② 南"", ""③ 冬"", ""④ 來"", ""⑤ 電"", ""⑥ 安"", ""⑦ 植"", ""⑧ 方"", ""⑨ 老"", ""⑩ 命""]",①,車,
7급,85,2019-06-01,56,select_hanja,다음 訓과 音에 맞는 漢字를 <보기>에서 찾아 그 번호를 쓰세요.,모 방,모 방,"[""① 車"", ""② 南"", ""③ 冬"", ""④ 來"", ""⑤ 電"", ""⑥ 安"", ""⑦ 植"", ""⑧ 方"", ""⑨ 老"", ""⑩ 命""]",⑧,方,
7급,85,2019-06-01,57,select_hanja,다음 訓과 音에 맞는 漢字를 <보기>에서 찾아 그 번호를 쓰세요.,남녘 남,남녘 남,"[""① 車"", ""② 南"", ""③ 冬"", ""④ 來"", ""⑤ 電"", ""⑥ 安"", ""⑦ 植"", ""⑧ 方"", ""⑨ 老"", ""⑩ 命""]",②,南,
7급,85,2019-06-01,58,select_hanja,다음 訓과 音에 맞는 漢字를 <보기>에서 찾아 그 번호를 쓰세요.,심을 식,심을 식,"[""① 車"", ""② 南"", ""③ 冬"", ""④ 來"", ""⑤ 電"", ""⑥ 安"", ""⑦ 植"", ""⑧ 方"", ""⑨ 老"", ""⑩ 命""]",⑦,植,
7급,85,2019-06-01,59,select_hanja,다음 訓과 音에 맞는 漢字를 <보기>에서 찾아 그 번호를 쓰세요.,번개 전,번개 전,"[""① 車"", ""② 南"", ""③ 冬"", ""④ 來"", ""⑤ 電"", ""⑥ 安"", ""⑦ 植"", ""⑧ 方"", ""⑨ 老"", ""⑩ 命""]",⑤,電,
7급,85,2019-06-01,60,select_hanja,다음 訓과 音에 맞는 漢字를 <보기>에서 찾아 그 번호를 쓰세요.,겨울 동,겨울 동,"[""① 車"", ""② 南"", ""③ 冬"", ""④ 來"", ""⑤ 電"", ""⑥ 安"", ""⑦ 植"", ""⑧ 方"", ""⑨ 老"", ""⑩ 命""]",③,冬,
7급,85,2019-06-01,61,select_hanja,다음 訓과 音에 맞는 漢字를 <보기>에서 찾아 그 번호를 쓰세요.,편안 안,편안 안,"[""① 車"", ""② 南"", ""③ 冬"", ""④ 來"", ""⑤ 電"", ""⑥ 安"", ""⑦ 植"", ""⑧ 方"", ""⑨ 老"", ""⑩ 命""]",⑥,安,
7급,85,2019-06-01,62,select_hanja,다음 訓과 音에 맞는 漢字를 <보기>에서 찾아 그 번호를 쓰세요.,늙을 로,늙을 로,"[""① 車"", ""② 南"", ""③ 冬"", ""④ 來"", ""⑤ 電"", ""⑥ 安"", ""⑦ 植"", ""⑧ 方"", ""⑨ 老"", ""⑩ 命""]",⑨,老,
7급,85,2019-06-01,63,select_hanja,다음 訓과 音에 맞는 漢字를 <보기>에서 찾아 그 번호를 쓰세요.,목숨 명,목숨 명,"[""① 車"", ""② 南"", ""③ 冬"", ""④ 來"", ""⑤ 電"", ""⑥ 安"", ""⑦ 植"", ""⑧ 方"", ""⑨ 老"", ""⑩ 命""]",⑩,命,
7급,85,2019-06-01,64,select_hanja,다음 訓과 音에 맞는 漢字를 <보기>에서 찾아 그 번호를 쓰세요.,올 래,올 래,"[""① 車"", ""② 南"", ""③ 冬"", ""④ 來"", ""⑤ 電"", ""⑥ 安"", ""⑦ 植"", ""⑧ 方"", ""⑨ 老"", ""⑩ 命""]",④,來,
7급,85,2019-06-01,65,banui_select,다음 漢字의 상대(또는 반대)되는 漢字를 <보기>에서 골라 그 번호를 쓰세요.,上 ↔ ( ),上 ↔ ( ),"[""① 大"", ""② 下"", ""③ 左"", ""④ 小""]",②,下,
7급,85,2019-06-01,66,banui_select,다음 漢字의 상대(또는 반대)되는 漢字를 <보기>에서 골라 그 번호를 쓰세요.,右 ↔ ( ),右 ↔ ( ),"[""① 大"", ""② 下"", ""③ 左"", ""④ 小""]",③,左,
7급,85,2019-06-01,67,mean_select,다음 뜻에 맞는 漢字語를 <보기>에서 찾아 그 번호를 쓰세요.,한 나라가 지닌 힘.,,"[""① 國力"", ""② 市內"", ""③ 東西"", ""④ 村里""]",①,國力,
7급,85,2019-06-01,68,mean_select,다음 뜻에 맞는 漢字語를 <보기>에서 찾아 그 번호를 쓰세요.,도시의 구역 안.,,"[""① 國力"", ""② 市內"", ""③ 東西"", ""④ 村里""]",②,市內,
7급,85,2019-06-01,69,stroke,다음 漢字의 진하게 표시한 획은 몇 번째 쓰는지 <보기>에서 찾아 그 번호를 쓰세요.,,,"[""① 첫 번째"", ""② 두 번째"", ""③ 세 번째"", ""④ 네 번째"", ""⑤ 다섯 번째"", ""⑥ 여섯 번째"", ""⑦ 일곱 번째"", ""⑧ 여덟 번째"", ""⑨ 아홉 번째"", ""⑩ 열 번째""]",⑦,일곱 번째,exam-strokes/stroke_7_85_69.png
7급,85,2019-06-01,70,stroke,다음 漢字의 진하게 표시한 획은 몇 번째 쓰는지 <보기>에서 찾아 그 번호를 쓰세요.,,,"[""① 첫 번째"", ""② 두 번째"", ""③ 세 번째"", ""④ 네 번째"", ""⑤ 다섯 번째"", ""⑥ 여섯 번째"", ""⑦ 일곱 번째"", ""⑧ 여덟 번째"", ""⑨ 아홉 번째"", ""⑩ 열 번째""]",⑦,일곱 번째,exam-strokes/stroke_7_85_70.png
7급,86,2019-08-24,1,dokum,다음 밑줄 친 漢字語의 音을 쓰세요.,유명한 歌手를 만나 기쁩니다.,歌手,,가수,가수,
7급,86,2019-08-24,2,dokum,다음 밑줄 친 漢字語의 音을 쓰세요.,時間을 어겨서는 안 됩니다.,時間,,시간,시간,
7급,86,2019-08-24,3,dokum,다음 밑줄 친 漢字語의 音을 쓰세요.,工夫는 삶의 즐거움입니다.,工夫,,공부,공부,
7급,86,2019-08-24,4,dokum,다음 밑줄 친 漢字語의 音을 쓰세요.,맑은 空氣가 그립습니다.,空氣,,공기,공기,
7급,86,2019-08-24,5,dokum,다음 밑줄 친 漢字語의 音을 쓰세요.,動物을 보호해야 합니다.,動物,,동물,동물,
7급,86,2019-08-24,6,dokum,다음 밑줄 친 漢字語의 音을 쓰세요.,자신의 이름을 記入하세요.,記入,,기입,기입,
7급,86,2019-08-24,7,dokum,다음 밑줄 친 漢字語의 音을 쓰세요.,南韓에도 눈이 내렸습니다.,南韓,,남한,남한,
7급,86,2019-08-24,8,dokum,다음 밑줄 친 漢字語의 音을 쓰세요.,친구는 內心 기뻐했습니다.,內心,,내심,내심,
7급,86,2019-08-24,9,dokum,다음 밑줄 친 漢字語의 音을 쓰세요.,선생님께서는 年老한 몸을 이끌 고 오셨습니다.,年老,,연로,연로,
7급,86,2019-08-24,10,dokum,다음 밑줄 친 漢字語의 音을 쓰세요.,洞口 밖 과수원 길에 아카시아 꽃이 활짝 피었습니다.,洞口,,동구,동구,
7급,86,2019-08-24,11,dokum,다음 밑줄 친 漢字語의 音을 쓰세요.,同生이 장난을 쳐도 귀엽기만 합니다.,同生,,동생,동생,
7급,86,2019-08-24,12,dokum,다음 밑줄 친 漢字語의 音을 쓰세요.,立冬 이후에는 날씨가 춥습니다.,立冬,,입동,입동,
7급,86,2019-08-24,13,dokum,다음 밑줄 친 漢字語의 音을 쓰세요.,친구가 登場하자 모두 환호하 였습니다.,登場,,등장,등장,
7급,86,2019-08-24,14,dokum,다음 밑줄 친 漢字語의 音을 쓰세요.,來日은 꼭 목표를 이루겠다고 다짐했습니다.,來日,,내일,내일,
7급,86,2019-08-24,15,dokum,다음 밑줄 친 漢字語의 音을 쓰세요.,力不足이라고 생각하지 말고 우리 모두 힘을 냅시다.,力不足,,역부족,역부족,
7급,86,2019-08-24,16,dokum,다음 밑줄 친 漢字語의 音을 쓰세요.,울창한 山林은 우리나라의 자 랑입니다.,山林,,산림,산림,
7급,86,2019-08-24,17,dokum,다음 밑줄 친 漢字語의 音을 쓰세요.,그녀는 每事에 신중합니다.,每事,,매사,매사,
7급,86,2019-08-24,18,dokum,다음 밑줄 친 漢字語의 音을 쓰세요.,우리는 유럽의 남쪽 方面으로 여행을 했습니다.,方面,,방면,방면,
7급,86,2019-08-24,19,dokum,다음 밑줄 친 漢字語의 音을 쓰세요.,有名한 사람은 도덕적으로도 훌륭해야 합니다.,有名,,유명,유명,
7급,86,2019-08-24,20,dokum,다음 밑줄 친 漢字語의 音을 쓰세요.,나는 母校가 자랑스럽습니다.,母校,,모교,모교,
7급,86,2019-08-24,21,dokum,다음 밑줄 친 漢字語의 音을 쓰세요.,文學에는 삶이 담겨 있습니다.,文學,,문학,문학,
7급,86,2019-08-24,22,dokum,다음 밑줄 친 漢字語의 音을 쓰세요.,國民의 권리는 언제나 보장받 아야 합니다.,國民,,국민,국민,
7급,86,2019-08-24,23,dokum,다음 밑줄 친 漢字語의 音을 쓰세요.,군주가 百姓 위에 군림하려고 만 해서는 안 됩니다.,百姓,,백성,백성,
7급,86,2019-08-24,24,dokum,다음 밑줄 친 漢字語의 音을 쓰세요.,父女는 늘 가깝게 지내서 주위 의 부러움을 삽니다.,父女,,부녀,부녀,
7급,86,2019-08-24,25,dokum,다음 밑줄 친 漢字語의 音을 쓰세요.,食後에는 무리한 운동을 하지 않는 것이 좋습니다.,食後,,식후,식후,
7급,86,2019-08-24,26,dokum,다음 밑줄 친 漢字語의 音을 쓰세요.,수학의 기본은 算數입니다.,算數,,산수,산수,
7급,86,2019-08-24,27,dokum,다음 밑줄 친 漢字語의 音을 쓰세요.,그림에 色紙를 붙이니 더욱 예 쁩니다.,色紙,,색지,색지,
7급,86,2019-08-24,28,dokum,다음 밑줄 친 漢字語의 音을 쓰세요.,그가 범인이라는 것을 世上 사 람들은 다 압니다.,世上,,세상,세상,
7급,86,2019-08-24,29,dokum,다음 밑줄 친 漢字語의 音을 쓰세요.,이번 결과에 만족하고 安住해 서는 안 된다.,安住,,안주,안주,
7급,86,2019-08-24,30,dokum,다음 밑줄 친 漢字語의 音을 쓰세요.,그곳에서 自然을 만끽할 수 있 어서 행복했습니다.,自然,,자연,자연,
7급,86,2019-08-24,31,dokum,다음 밑줄 친 漢字語의 音을 쓰세요.,오늘은 午前에 할 일이 많습니 다.,午前,,오전,오전,
7급,86,2019-08-24,32,dokum,다음 밑줄 친 漢字語의 音을 쓰세요.,길을 건널 때에는 꼭 左右를 살피고 건너가세요.,左右,,좌우,좌우,
7급,86,2019-08-24,33,hunum,다음 漢字의 訓과 音을 쓰세요.,旗,旗,,기 기,기 기,
7급,86,2019-08-24,34,hunum,다음 漢字의 訓과 音을 쓰세요.,里,里,,마을 리,마을 리,
7급,86,2019-08-24,35,hunum,다음 漢字의 訓과 音을 쓰세요.,命,命,,목숨 명,목숨 명,
7급,86,2019-08-24,36,hunum,다음 漢字의 訓과 音을 쓰세요.,問,問,,물을 문,물을 문,
7급,86,2019-08-24,37,hunum,다음 漢字의 訓과 音을 쓰세요.,白,白,,흰 백,흰 백,
7급,86,2019-08-24,38,hunum,다음 漢字의 訓과 音을 쓰세요.,農,農,,농사 농,농사 농,
7급,86,2019-08-24,39,hunum,다음 漢字의 訓과 音을 쓰세요.,室,室,,집 실,집 실,
7급,86,2019-08-24,40,hunum,다음 漢字의 訓과 音을 쓰세요.,西,西,,서녘 서,서녘 서,
7급,86,2019-08-24,41,hunum,다음 漢字의 訓과 音을 쓰세요.,夕,夕,,저녁 석,저녁 석,
7급,86,2019-08-24,42,hunum,다음 漢字의 訓과 音을 쓰세요.,市,市,,저자 시,저자 시,
7급,86,2019-08-24,43,hunum,다음 漢字의 訓과 音을 쓰세요.,植,植,,심을 식,심을 식,
7급,86,2019-08-24,44,hunum,다음 漢字의 訓과 音을 쓰세요.,所,所,,바 소,바 소,
7급,86,2019-08-24,45,hunum,다음 漢字의 訓과 音을 쓰세요.,海,海,,바다 해,바다 해,
7급,86,2019-08-24,46,hunum,다음 漢字의 訓과 音을 쓰세요.,春,春,,봄 춘,봄 춘,
7급,86,2019-08-24,47,hunum,다음 漢字의 訓과 音을 쓰세요.,少,少,,적을 소,적을 소,
7급,86,2019-08-24,48,hunum,다음 漢字의 訓과 音을 쓰세요.,千,千,,일천 천,일천 천,
7급,86,2019-08-24,49,hunum,다음 漢字의 訓과 音을 쓰세요.,祖,祖,,할아비 조,할아비 조,
7급,86,2019-08-24,50,hunum,다음 漢字의 訓과 音을 쓰세요.,直,直,,곧을 직,곧을 직,
7급,86,2019-08-24,51,hunum,다음 漢字의 訓과 音을 쓰세요.,長,長,,긴 장,긴 장,
7급,86,2019-08-24,52,hunum,다음 漢字의 訓과 音을 쓰세요.,先,先,,먼저 선,먼저 선,
7급,86,2019-08-24,53,select_hanjaeo,다음 밑줄 친 漢字語를 <보기>에서 찾아 그 번호를 쓰세요.,교육은 백년지대계이다.,교육,"[""① 敎育"", ""② 二重"", ""③ 孝子"", ""④ 活字""]",①,敎育,
7급,86,2019-08-24,54,select_hanjaeo,다음 밑줄 친 漢字語를 <보기>에서 찾아 그 번호를 쓰세요.,책 속 활자들이 살아 움직이는 것 같았다.,활자,"[""① 敎育"", ""② 二重"", ""③ 孝子"", ""④ 活字""]",④,活字,
7급,86,2019-08-24,55,select_hanja,다음 訓과 音에 맞는 漢字를 <보기>에서 찾아 그 번호를 쓰세요.,고을 읍,고을 읍,"[""① 月"", ""② 邑"", ""③ 便"", ""④ 外"", ""⑤ 男"", ""⑥ 家"", ""⑦ 寸"", ""⑧ 土"", ""⑨ 平"", ""⑩ 花""]",②,邑,
7급,86,2019-08-24,56,select_hanja,다음 訓과 音에 맞는 漢字를 <보기>에서 찾아 그 번호를 쓰세요.,바깥 외,바깥 외,"[""① 月"", ""② 邑"", ""③ 便"", ""④ 外"", ""⑤ 男"", ""⑥ 家"", ""⑦ 寸"", ""⑧ 土"", ""⑨ 平"", ""⑩ 花""]",④,外,
7급,86,2019-08-24,57,select_hanja,다음 訓과 音에 맞는 漢字를 <보기>에서 찾아 그 번호를 쓰세요.,집 가,집 가,"[""① 月"", ""② 邑"", ""③ 便"", ""④ 外"", ""⑤ 男"", ""⑥ 家"", ""⑦ 寸"", ""⑧ 土"", ""⑨ 平"", ""⑩ 花""]",⑥,家,
7급,86,2019-08-24,58,select_hanja,다음 訓과 音에 맞는 漢字를 <보기>에서 찾아 그 번호를 쓰세요.,흙 토,흙 토,"[""① 月"", ""② 邑"", ""③ 便"", ""④ 外"", ""⑤ 男"", ""⑥ 家"", ""⑦ 寸"", ""⑧ 土"", ""⑨ 平"", ""⑩ 花""]",⑧,土,
7급,86,2019-08-24,59,select_hanja,다음 訓과 音에 맞는 漢字를 <보기>에서 찾아 그 번호를 쓰세요.,평평할 평,평평할 평,"[""① 月"", ""② 邑"", ""③ 便"", ""④ 外"", ""⑤ 男"", ""⑥ 家"", ""⑦ 寸"", ""⑧ 土"", ""⑨ 平"", ""⑩ 花""]",⑨,平,
7급,86,2019-08-24,60,select_hanja,다음 訓과 音에 맞는 漢字를 <보기>에서 찾아 그 번호를 쓰세요.,달 월,달 월,"[""① 月"", ""② 邑"", ""③ 便"", ""④ 外"", ""⑤ 男"", ""⑥ 家"", ""⑦ 寸"", ""⑧ 土"", ""⑨ 平"", ""⑩ 花""]",①,月,
7급,86,2019-08-24,61,select_hanja,다음 訓과 音에 맞는 漢字를 <보기>에서 찾아 그 번호를 쓰세요.,사내 남,사내 남,"[""① 月"", ""② 邑"", ""③ 便"", ""④ 外"", ""⑤ 男"", ""⑥ 家"", ""⑦ 寸"", ""⑧ 土"", ""⑨ 平"", ""⑩ 花""]",⑤,男,
7급,86,2019-08-24,62,select_hanja,다음 訓과 音에 맞는 漢字를 <보기>에서 찾아 그 번호를 쓰세요.,편할 편/똥오줌 변,편할 편/똥오줌 변,"[""① 月"", ""② 邑"", ""③ 便"", ""④ 外"", ""⑤ 男"", ""⑥ 家"", ""⑦ 寸"", ""⑧ 土"", ""⑨ 平"", ""⑩ 花""]",③,便,
7급,86,2019-08-24,63,select_hanja,다음 訓과 音에 맞는 漢字를 <보기>에서 찾아 그 번호를 쓰세요.,꽃 화,꽃 화,"[""① 月"", ""② 邑"", ""③ 便"", ""④ 外"", ""⑤ 男"", ""⑥ 家"", ""⑦ 寸"", ""⑧ 土"", ""⑨ 平"", ""⑩ 花""]",⑩,花,
7급,86,2019-08-24,64,select_hanja,다음 訓과 音에 맞는 漢字를 <보기>에서 찾아 그 번호를 쓰세요.,마디 촌,마디 촌,"[""① 月"", ""② 邑"", ""③ 便"", ""④ 外"", ""⑤ 男"", ""⑥ 家"", ""⑦ 寸"", ""⑧ 土"", ""⑨ 平"", ""⑩ 花""]",⑦,寸,
7급,86,2019-08-24,65,banui_select,다음 漢字의 상대(또는 반대)되는 漢字를 <보기>에서 골라 그 번호를 쓰세요.,天 ↔ ( ),天 ↔ ( ),"[""① 草"", ""② 水"", ""③ 下"", ""④ 地""]",④,地,
7급,86,2019-08-24,66,banui_select,다음 漢字의 상대(또는 반대)되는 漢字를 <보기>에서 골라 그 번호를 쓰세요.,( ) ↔ 火,( ) ↔ 火,"[""① 草"", ""② 水"", ""③ 下"", ""④ 地""]",②,水,
7급,86,2019-08-24,67,mean_select,다음 뜻에 맞는 漢字語를 <보기>에서 찾아 그 번호를 쓰세요.,전화기를 이용하여 말을 주고 받음.,,"[""① 兄弟"", ""② 正道"", ""③ 電話"", ""④ 主人""]",③,電話,
7급,86,2019-08-24,68,mean_select,다음 뜻에 맞는 漢字語를 <보기>에서 찾아 그 번호를 쓰세요.,형과 아우를 아울러 이르는 말.,,"[""① 兄弟"", ""② 正道"", ""③ 電話"", ""④ 主人""]",①,兄弟,
7급,86,2019-08-24,69,stroke,다음 漢字의 진하게 표시한 획은 몇 번째 쓰는지 <보기>에서 찾아 그 번호를 쓰세요.,,,"[""① 첫 번째"", ""② 두 번째"", ""③ 세 번째"", ""④ 네 번째"", ""⑤ 다섯 번째"", ""⑥ 여섯 번째"", ""⑦ 일곱 번째"", ""⑧ 여덟 번째"", ""⑨ 아홉 번째"", ""⑩ 열 번째""]",③,세 번째,exam-strokes/stroke_7_86_69.png
7급,86,2019-08-24,70,stroke,다음 漢字의 진하게 표시한 획은 몇 번째 쓰는지 <보기>에서 찾아 그 번호를 쓰세요.,,,"[""① 첫 번째"", ""② 두 번째"", ""③ 세 번째"", ""④ 네 번째"", ""⑤ 다섯 번째"", ""⑥ 여섯 번째"", ""⑦ 일곱 번째"", ""⑧ 여덟 번째"", ""⑨ 아홉 번째"", ""⑩ 열 번째""]",④,네 번째,exam-strokes/stroke_7_86_70.png
7급,87,2019-11-23,1,dokum,다음 밑줄 친 漢字語의 音을 쓰세요.,우리나라 國旗는 태극기입니다.,國旗,,국기,국기,
7급,87,2019-11-23,2,dokum,다음 밑줄 친 漢字語의 音을 쓰세요.,여름에는 산과 들이 靑色으로 변합니다.,靑色,,청색,청색,
7급,87,2019-11-23,3,dokum,다음 밑줄 친 漢字語의 音을 쓰세요.,학생들이 敎室에서 공부를 합니다.,敎室,,교실,교실,
7급,87,2019-11-23,4,dokum,다음 밑줄 친 漢字語의 音을 쓰세요.,선생님께서 正答을 알려 주셨습 니다.,正答,,정답,정답,
7급,87,2019-11-23,5,dokum,다음 밑줄 친 漢字語의 音을 쓰세요.,그 행사에 少年들도 참가하였습 니다.,少年,,소년,소년,
7급,87,2019-11-23,6,dokum,다음 밑줄 친 漢字語의 音을 쓰세요.,사람의 生命은 귀중합니다.,生命,,생명,생명,
7급,87,2019-11-23,7,dokum,다음 밑줄 친 漢字語의 音을 쓰세요.,우리의 소원은 南北 통일입니다.,南北,,남북,남북,
7급,87,2019-11-23,8,dokum,다음 밑줄 친 漢字語의 音을 쓰세요.,우리 집 住所가 바뀌었습니다.,住所,,주소,주소,
7급,87,2019-11-23,9,dokum,다음 밑줄 친 漢字語의 音을 쓰세요.,兄弟끼리는 서로 돕고 살아야 합니다.,兄弟,,형제,형제,
7급,87,2019-11-23,10,dokum,다음 밑줄 친 漢字語의 音을 쓰세요.,정원에 花草를 많이 심었습니다.,花草,,화초,화초,
7급,87,2019-11-23,11,dokum,다음 밑줄 친 漢字語의 音을 쓰세요.,사람들이 건강을 위해서 登山 을 합니다.,登山,,등산,등산,
7급,87,2019-11-23,12,dokum,다음 밑줄 친 漢字語의 音을 쓰세요.,철수는 算數 과목도 좋아 합니다.,算數,,산수,산수,
7급,87,2019-11-23,13,dokum,다음 밑줄 친 漢字語의 音을 쓰세요.,약속 時間을 잘 지킵시다.,時間,,시간,시간,
7급,87,2019-11-23,14,dokum,다음 밑줄 친 漢字語의 音을 쓰세요.,그 아이는 늘 活力이 넘칩니다.,活力,,활력,활력,
7급,87,2019-11-23,15,dokum,다음 밑줄 친 漢字語의 音을 쓰세요.,친구한테서 電話가 왔습니다.,電話,,전화,전화,
7급,87,2019-11-23,16,dokum,다음 밑줄 친 漢字語의 音을 쓰세요.,할아버지를 祖父라고 합니다.,祖父,,조부,조부,
7급,87,2019-11-23,17,dokum,다음 밑줄 친 漢字語의 音을 쓰세요.,점심 食事 시간은 12시부터입 니다.,食事,,식사,식사,
7급,87,2019-11-23,18,dokum,다음 밑줄 친 漢字語의 音을 쓰세요.,아름다운 自然을 지켜야 합니다.,自然,,자연,자연,
7급,87,2019-11-23,19,dokum,다음 밑줄 친 漢字語의 音을 쓰세요.,전통 市場에 가서 물건을 샀습 니다.,市場,,시장,시장,
7급,87,2019-11-23,20,dokum,다음 밑줄 친 漢字語의 音을 쓰세요.,부모님의 사랑을 듬뿍 받고 자 란 그는 부모님께 孝道를 하였 습니다.,孝道,,효도,효도,
7급,87,2019-11-23,21,dokum,다음 밑줄 친 漢字語의 音을 쓰세요.,저는 매일 日記를 씁니다.,日記,,일기,일기,
7급,87,2019-11-23,22,dokum,다음 밑줄 친 漢字語의 音을 쓰세요.,우리는 每月 한 번씩 만나기로 하였습니다.,每月,,매월,매월,
7급,87,2019-11-23,23,dokum,다음 밑줄 친 漢字語의 音을 쓰세요.,동네에 들어서자 그는 左右를 둘러보았습니다.,左右,,좌우,좌우,
7급,87,2019-11-23,24,dokum,다음 밑줄 친 漢字語의 音을 쓰세요.,햇볕이 뜨거울 때에는 外出을 삼가는 것이 좋습니다.,外出,,외출,외출,
7급,87,2019-11-23,25,dokum,다음 밑줄 친 漢字語의 音을 쓰세요.,그동안도 便安하신지요?,便安,,편안,편안,
7급,87,2019-11-23,26,dokum,다음 밑줄 친 漢字語의 音을 쓰세요.,우리나라에서는 3월에 入學을 합니다.,入學,,입학,입학,
7급,87,2019-11-23,27,dokum,다음 밑줄 친 漢字語의 音을 쓰세요.,우리는 모두 大韓의 아들딸입니다.,大韓,,대한,대한,
7급,87,2019-11-23,28,dokum,다음 밑줄 친 漢字語의 音을 쓰세요.,"수도는 대개 그 나라 정치, 경 제, 문화의 中心입니다.",中心,,중심,중심,
7급,87,2019-11-23,29,dokum,다음 밑줄 친 漢字語의 音을 쓰세요.,태풍으로 인하여 우리 학교가 오늘 休校를 하였습니다.,休校,,휴교,휴교,
7급,87,2019-11-23,30,dokum,다음 밑줄 친 漢字語의 音을 쓰세요.,그는 해결책을 찾으려고 百方 으로 노력했습니다.,百方,,백방,백방,
7급,87,2019-11-23,31,dokum,다음 밑줄 친 漢字語의 音을 쓰세요.,우리 海軍은 삼면의 바다를 지 킵니다.,海軍,,해군,해군,
7급,87,2019-11-23,32,dokum,다음 밑줄 친 漢字語의 音을 쓰세요.,그는 지방의 小邑에서 자랐습 니다.,小邑,,소읍,소읍,
7급,87,2019-11-23,33,hunum,다음 漢字의 訓과 音을 쓰세요.,來,來,,올 래,올 래,
7급,87,2019-11-23,34,hunum,다음 漢字의 訓과 音을 쓰세요.,有,有,,있을 유,있을 유,
7급,87,2019-11-23,35,hunum,다음 漢字의 訓과 音을 쓰세요.,內,內,,안 내,안 내,
7급,87,2019-11-23,36,hunum,다음 漢字의 訓과 音을 쓰세요.,村,村,,마을 촌,마을 촌,
7급,87,2019-11-23,37,hunum,다음 漢字의 訓과 音을 쓰세요.,春,春,,봄 춘,봄 춘,
7급,87,2019-11-23,38,hunum,다음 漢字의 訓과 音을 쓰세요.,立,立,,설 립,설 립,
7급,87,2019-11-23,39,hunum,다음 漢字의 訓과 音을 쓰세요.,文,文,,글월 문,글월 문,
7급,87,2019-11-23,40,hunum,다음 漢字의 訓과 音을 쓰세요.,不,不,,아닐 불,아닐 불,
7급,87,2019-11-23,41,hunum,다음 漢字의 訓과 音을 쓰세요.,直,直,,곧을 직,곧을 직,
7급,87,2019-11-23,42,hunum,다음 漢字의 訓과 音을 쓰세요.,平,平,,평평할 평,평평할 평,
7급,87,2019-11-23,43,hunum,다음 漢字의 訓과 音을 쓰세요.,足,足,,발 족,발 족,
7급,87,2019-11-23,44,hunum,다음 漢字의 訓과 音을 쓰세요.,川,川,,내 천,내 천,
7급,87,2019-11-23,45,hunum,다음 漢字의 訓과 音을 쓰세요.,口,口,,입 구,입 구,
7급,87,2019-11-23,46,hunum,다음 漢字의 訓과 音을 쓰세요.,植,植,,심을 식,심을 식,
7급,87,2019-11-23,47,hunum,다음 漢字의 訓과 音을 쓰세요.,氣,氣,,기운 기,기운 기,
7급,87,2019-11-23,48,hunum,다음 漢字의 訓과 音을 쓰세요.,語,語,,말씀 어,말씀 어,
7급,87,2019-11-23,49,hunum,다음 漢字의 訓과 音을 쓰세요.,育,育,,기를 육,기를 육,
7급,87,2019-11-23,50,hunum,다음 漢字의 訓과 音을 쓰세요.,民,民,,백성 민,백성 민,
7급,87,2019-11-23,51,hunum,다음 漢字의 訓과 音을 쓰세요.,同,同,,한가지 동,한가지 동,
7급,87,2019-11-23,52,hunum,다음 漢字의 訓과 音을 쓰세요.,午,午,,낮 오,낮 오,
7급,87,2019-11-23,53,select_hanja,다음 訓과 音에 맞는 漢字를 <보기>에서 찾아 그 번호를 쓰세요.,하늘 천,하늘 천,"[""① 夕"", ""② 家"", ""③ 空"", ""④ 重"", ""⑤ 秋"", ""⑥ 天"", ""⑦ 夏"", ""⑧ 林"", ""⑨ 問"", ""⑩ 冬""]",⑥,天,
7급,87,2019-11-23,54,select_hanja,다음 訓과 音에 맞는 漢字를 <보기>에서 찾아 그 번호를 쓰세요.,가을 추,가을 추,"[""① 夕"", ""② 家"", ""③ 空"", ""④ 重"", ""⑤ 秋"", ""⑥ 天"", ""⑦ 夏"", ""⑧ 林"", ""⑨ 問"", ""⑩ 冬""]",⑤,秋,
7급,87,2019-11-23,55,select_hanja,다음 訓과 音에 맞는 漢字를 <보기>에서 찾아 그 번호를 쓰세요.,물을 문,물을 문,"[""① 夕"", ""② 家"", ""③ 空"", ""④ 重"", ""⑤ 秋"", ""⑥ 天"", ""⑦ 夏"", ""⑧ 林"", ""⑨ 問"", ""⑩ 冬""]",⑨,問,
7급,87,2019-11-23,56,select_hanja,다음 訓과 音에 맞는 漢字를 <보기>에서 찾아 그 번호를 쓰세요.,저녁 석,저녁 석,"[""① 夕"", ""② 家"", ""③ 空"", ""④ 重"", ""⑤ 秋"", ""⑥ 天"", ""⑦ 夏"", ""⑧ 林"", ""⑨ 問"", ""⑩ 冬""]",①,夕,
7급,87,2019-11-23,57,select_hanja,다음 訓과 音에 맞는 漢字를 <보기>에서 찾아 그 번호를 쓰세요.,여름 하,여름 하,"[""① 夕"", ""② 家"", ""③ 空"", ""④ 重"", ""⑤ 秋"", ""⑥ 天"", ""⑦ 夏"", ""⑧ 林"", ""⑨ 問"", ""⑩ 冬""]",⑦,夏,
7급,87,2019-11-23,58,select_hanja,다음 訓과 音에 맞는 漢字를 <보기>에서 찾아 그 번호를 쓰세요.,무거울 중,무거울 중,"[""① 夕"", ""② 家"", ""③ 空"", ""④ 重"", ""⑤ 秋"", ""⑥ 天"", ""⑦ 夏"", ""⑧ 林"", ""⑨ 問"", ""⑩ 冬""]",④,重,
7급,87,2019-11-23,59,select_hanja,다음 訓과 音에 맞는 漢字를 <보기>에서 찾아 그 번호를 쓰세요.,빌 공,빌 공,"[""① 夕"", ""② 家"", ""③ 空"", ""④ 重"", ""⑤ 秋"", ""⑥ 天"", ""⑦ 夏"", ""⑧ 林"", ""⑨ 問"", ""⑩ 冬""]",③,空,
7급,87,2019-11-23,60,select_hanja,다음 訓과 音에 맞는 漢字를 <보기>에서 찾아 그 번호를 쓰세요.,겨울 동,겨울 동,"[""① 夕"", ""② 家"", ""③ 空"", ""④ 重"", ""⑤ 秋"", ""⑥ 天"", ""⑦ 夏"", ""⑧ 林"", ""⑨ 問"", ""⑩ 冬""]",⑩,冬,
7급,87,2019-11-23,61,select_hanja,다음 訓과 音에 맞는 漢字를 <보기>에서 찾아 그 번호를 쓰세요.,수풀 림,수풀 림,"[""① 夕"", ""② 家"", ""③ 空"", ""④ 重"", ""⑤ 秋"", ""⑥ 天"", ""⑦ 夏"", ""⑧ 林"", ""⑨ 問"", ""⑩ 冬""]",⑧,林,
7급,87,2019-11-23,62,select_hanja,다음 訓과 音에 맞는 漢字를 <보기>에서 찾아 그 번호를 쓰세요.,집 가,집 가,"[""① 夕"", ""② 家"", ""③ 空"", ""④ 重"", ""⑤ 秋"", ""⑥ 天"", ""⑦ 夏"", ""⑧ 林"", ""⑨ 問"", ""⑩ 冬""]",②,家,
7급,87,2019-11-23,63,select_hanjaeo,다음 밑줄 친 단어에 해당하는 漢字語를 고르세요.,숲 속에는 동물이 많습니다.,동물,"[""① 洞里"", ""② 農夫"", ""③ 動物"", ""④ 東門""]",③,動物,
7급,87,2019-11-23,64,select_hanjaeo,다음 밑줄 친 단어에 해당하는 漢字語를 고르세요.,가을에는 농부들이 곡식을 거 두어들입니다.,농부,"[""① 洞里"", ""② 農夫"", ""③ 動物"", ""④ 東門""]",②,農夫,
7급,87,2019-11-23,65,banui_select,다음 漢字의 상대(또는 반대)되는 漢字를 <보기>에서 골라 그 번호를 쓰세요.,前 ↔ ( ),前 ↔ ( ),"[""① 先"", ""② 女"", ""③ 子"", ""④ 後""]",④,後,
7급,87,2019-11-23,66,banui_select,다음 漢字의 상대(또는 반대)되는 漢字를 <보기>에서 골라 그 번호를 쓰세요.,男 ↔ ( ),男 ↔ ( ),"[""① 先"", ""② 女"", ""③ 子"", ""④ 後""]",②,女,
7급,87,2019-11-23,67,mean_select,다음 뜻에 맞는 漢字語를 <보기>에서 찾아 그 번호를 쓰세요.,노래 부르는 사람.,,"[""① 歌手"", ""② 老人"", ""③ 地名"", ""④ 紙面""]",①,歌手,
7급,87,2019-11-23,68,mean_select,다음 뜻에 맞는 漢字語를 <보기>에서 찾아 그 번호를 쓰세요.,땅 이름.,,"[""① 歌手"", ""② 老人"", ""③ 地名"", ""④ 紙面""]",③,地名,
7급,87,2019-11-23,69,stroke,다음 漢字의 진하게 표시한 획은 몇 번째 쓰는지 <보기>에서 찾아 그 번호를 쓰세요.,,,"[""① 첫 번째"", ""② 두 번째"", ""③ 세 번째"", ""④ 네 번째"", ""⑤ 다섯 번째"", ""⑥ 여섯 번째"", ""⑦ 일곱 번째"", ""⑧ 여덟 번째"", ""⑨ 아홉 번째"", ""⑩ 열 번째""]",⑤,다섯 번째,exam-strokes/stroke_7_87_69.png
7급,87,2019-11-23,70,stroke,다음 漢字의 진하게 표시한 획은 몇 번째 쓰는지 <보기>에서 찾아 그 번호를 쓰세요.,,,"[""① 첫 번째"", ""② 두 번째"", ""③ 세 번째"", ""④ 네 번째"", ""⑤ 다섯 번째"", ""⑥ 여섯 번째"", ""⑦ 일곱 번째"", ""⑧ 여덟 번째"", ""⑨ 아홉 번째"", ""⑩ 열 번째""]",⑦,일곱 번째,exam-strokes/stroke_7_87_70.png
7급,90,2020-08-22,1,dokum,다음 밑줄 친 漢字語의 音을 쓰세요.,그녀의 노래 실력은 歌手 못지 않습니다.,歌手,,가수,가수,
7급,90,2020-08-22,2,dokum,다음 밑줄 친 漢字語의 音을 쓰세요.,할머니들이 老人 회관에 둘러앉 아 이야기를 나눕니다.,老人,,노인,노인,
7급,90,2020-08-22,3,dokum,다음 밑줄 친 漢字語의 音을 쓰세요.,도서관에서 校門까지는 걸어서 10분 정도 걸립니다.,校門,,교문,교문,
7급,90,2020-08-22,4,dokum,다음 밑줄 친 漢字語의 音을 쓰세요.,이 종이는 紙面이 아주 매끄럽 습니다.,紙面,,지면,지면,
7급,90,2020-08-22,5,dokum,다음 밑줄 친 漢字語의 音을 쓰세요.,休學했던 민호가 이번 학기에 복학했습니다.,休學,,휴학,휴학,
7급,90,2020-08-22,6,dokum,다음 밑줄 친 漢字語의 音을 쓰세요.,農家들이 이번 태풍으로 많은 피해를 입었습니다.,農家,,농가,농가,
7급,90,2020-08-22,7,dokum,다음 밑줄 친 漢字語의 音을 쓰세요.,사람은 活動에 필요한 영양소를 섭취해야 합니다.,活動,,활동,활동,
7급,90,2020-08-22,8,dokum,다음 밑줄 친 漢字語의 音을 쓰세요.,철수는 공책의 空白에 낙서를 하였습니다.,空白,,공백,공백,
7급,90,2020-08-22,9,dokum,다음 밑줄 친 漢字語의 音을 쓰세요.,눈이 온다던 日氣 예보가 적중 했습니다.,日氣,,일기,일기,
7급,90,2020-08-22,10,dokum,다음 밑줄 친 漢字語의 音을 쓰세요.,연체된 전기세가 十萬 원입니다.,十萬,,십만,십만,
7급,90,2020-08-22,11,dokum,다음 밑줄 친 漢字語의 音을 쓰세요.,그 집 딸은 둘도 없는 孝女라 고 소문이 났습니다.,孝女,,효녀,효녀,
7급,90,2020-08-22,12,dokum,다음 밑줄 친 漢字語의 音을 쓰세요.,조카가 來年에 초등학교를 갑 니다.,來年,,내년,내년,
7급,90,2020-08-22,13,dokum,다음 밑줄 친 漢字語의 音을 쓰세요.,正午가 되면 해가 우리들 머리 위에 있습니다.,正午,,정오,정오,
7급,90,2020-08-22,14,dokum,다음 밑줄 친 漢字語의 音을 쓰세요.,이 지역은 예로부터 백자의 생 산지로 有名합니다.,有名,,유명,유명,
7급,90,2020-08-22,15,dokum,다음 밑줄 친 漢字語의 音을 쓰세요.,여기는 民間인의 접근이 금지 된 곳입니다.,民間,,민간,민간,
7급,90,2020-08-22,16,dokum,다음 밑줄 친 漢字語의 音을 쓰세요.,가정 敎育을 잘하셨군요.,敎育,,교육,교육,
7급,90,2020-08-22,17,dokum,다음 밑줄 친 漢字語의 音을 쓰세요.,우리 학교는 道內에서 가장 오 래된 역사를 자랑합니다.,道內,,도내,도내,
7급,90,2020-08-22,18,dokum,다음 밑줄 친 漢字語의 音을 쓰세요.,통행에 不便을 끼쳐 대단히 죄 송합니다.,不便,,불편,불편,
7급,90,2020-08-22,19,dokum,다음 밑줄 친 漢字語의 音을 쓰세요.,工事로 당분간 휴업합니다.,工事,,공사,공사,
7급,90,2020-08-22,20,dokum,다음 밑줄 친 漢字語의 音을 쓰세요.,할머니는 고아들을 돌보는 일 에 靑春을 바쳤습니다.,靑春,,청춘,청춘,
7급,90,2020-08-22,21,dokum,다음 밑줄 친 漢字語의 音을 쓰세요.,이 영화는 전국에서 同時에 개 봉되었습니다.,同時,,동시,동시,
7급,90,2020-08-22,22,dokum,다음 밑줄 친 漢字語의 音을 쓰세요.,사람은 두발로 걷는 直立 동물 입니다.,直立,,직립,직립,
7급,90,2020-08-22,23,dokum,다음 밑줄 친 漢字語의 音을 쓰세요.,이것은 산이나 들에서만 자라 는 植物입니다.,植物,,식물,식물,
7급,90,2020-08-22,24,dokum,다음 밑줄 친 漢字語의 音을 쓰세요.,대한민국의 國花는 무궁화입니다.,國花,,국화,국화,
7급,90,2020-08-22,25,dokum,다음 밑줄 친 漢字語의 音을 쓰세요.,先祖들은 예절을 중히 여겼습 니다.,先祖,,선조,선조,
7급,90,2020-08-22,26,dokum,다음 밑줄 친 漢字語의 音을 쓰세요.,秋夕인데도 약국의 문을 열었 습니다.,秋夕,,추석,추석,
7급,90,2020-08-22,27,dokum,다음 밑줄 친 漢字語의 音을 쓰세요.,우리나라 동화에는 도깨비가 자주 登場합니다.,登場,,등장,등장,
7급,90,2020-08-22,28,dokum,다음 밑줄 친 漢字語의 音을 쓰세요.,장병들이 前方을 굳건히 지키 고 있습니다.,前方,,전방,전방,
7급,90,2020-08-22,29,dokum,다음 밑줄 친 漢字語의 音을 쓰세요.,百姓들이 임금의 만수무강을 빌었습니다.,百姓,,백성,백성,
7급,90,2020-08-22,30,dokum,다음 밑줄 친 漢字語의 音을 쓰세요.,世上에는 참으로 신기한 일들 이 많습니다.,世上,,세상,세상,
7급,90,2020-08-22,31,dokum,다음 밑줄 친 漢字語의 音을 쓰세요.,저는 4형제 중의 長男입니다.,長男,,장남,장남,
7급,90,2020-08-22,32,dokum,다음 밑줄 친 漢字語의 音을 쓰세요.,라면 다섯 봉지를 三千 원에 팝니다.,三千,,삼천,삼천,
7급,90,2020-08-22,33,hunum,다음 漢字의 訓과 音을 쓰세요.,記,記,,기록할 기,기록할 기,
7급,90,2020-08-22,34,hunum,다음 漢字의 訓과 音을 쓰세요.,後,後,,뒤 후,뒤 후,
7급,90,2020-08-22,35,hunum,다음 漢字의 訓과 音을 쓰세요.,南,南,,남녘 남,남녘 남,
7급,90,2020-08-22,36,hunum,다음 漢字의 訓과 音을 쓰세요.,室,室,,집 실,집 실,
7급,90,2020-08-22,37,hunum,다음 漢字의 訓과 音을 쓰세요.,王,王,,임금 왕,임금 왕,
7급,90,2020-08-22,38,hunum,다음 漢字의 訓과 音을 쓰세요.,左,左,,왼 좌,왼 좌,
7급,90,2020-08-22,39,hunum,다음 漢字의 訓과 音을 쓰세요.,主,主,,주인/임금 주,주인/임금 주,
7급,90,2020-08-22,40,hunum,다음 漢字의 訓과 音을 쓰세요.,東,東,,동녘 동,동녘 동,
7급,90,2020-08-22,41,hunum,다음 漢字의 訓과 音을 쓰세요.,夫,夫,,지아비 부,지아비 부,
7급,90,2020-08-22,42,hunum,다음 漢字의 訓과 音을 쓰세요.,七,七,,일곱 칠,일곱 칠,
7급,90,2020-08-22,43,hunum,다음 漢字의 訓과 音을 쓰세요.,答,答,,대답 답,대답 답,
7급,90,2020-08-22,44,hunum,다음 漢字의 訓과 音을 쓰세요.,外,外,,바깥 외,바깥 외,
7급,90,2020-08-22,45,hunum,다음 漢字의 訓과 音을 쓰세요.,邑,邑,,고을 읍,고을 읍,
7급,90,2020-08-22,46,hunum,다음 漢字의 訓과 音을 쓰세요.,小,小,,작을 소,작을 소,
7급,90,2020-08-22,47,hunum,다음 漢字의 訓과 音을 쓰세요.,林,林,,수풀 림,수풀 림,
7급,90,2020-08-22,48,hunum,다음 漢字의 訓과 音을 쓰세요.,草,草,,풀 초,풀 초,
7급,90,2020-08-22,49,hunum,다음 漢字의 訓과 音을 쓰세요.,火,火,,불 화,불 화,
7급,90,2020-08-22,50,hunum,다음 漢字의 訓과 音을 쓰세요.,冬,冬,,겨울 동,겨울 동,
7급,90,2020-08-22,51,hunum,다음 漢字의 訓과 音을 쓰세요.,母,母,,어미 모,어미 모,
7급,90,2020-08-22,52,hunum,다음 漢字의 訓과 音을 쓰세요.,海,海,,바다 해,바다 해,
7급,90,2020-08-22,53,select_hanja,다음 訓과 音에 맞는 漢字를 <보기>에서 찾아 그 번호를 쓰세요.,목숨 명,목숨 명,"[""① 軍"", ""② 右"", ""③ 足"", ""④ 川"", ""⑤ 市"", ""⑥ 命"", ""⑦ 北"", ""⑧ 話"", ""⑨ 九"", ""⑩ 里""]",⑥,命,
7급,90,2020-08-22,54,select_hanja,다음 訓과 音에 맞는 漢字를 <보기>에서 찾아 그 번호를 쓰세요.,발 족,발 족,"[""① 軍"", ""② 右"", ""③ 足"", ""④ 川"", ""⑤ 市"", ""⑥ 命"", ""⑦ 北"", ""⑧ 話"", ""⑨ 九"", ""⑩ 里""]",③,足,
7급,90,2020-08-22,55,select_hanja,다음 訓과 音에 맞는 漢字를 <보기>에서 찾아 그 번호를 쓰세요.,말씀 화,말씀 화,"[""① 軍"", ""② 右"", ""③ 足"", ""④ 川"", ""⑤ 市"", ""⑥ 命"", ""⑦ 北"", ""⑧ 話"", ""⑨ 九"", ""⑩ 里""]",⑧,話,
7급,90,2020-08-22,56,select_hanja,다음 訓과 音에 맞는 漢字를 <보기>에서 찾아 그 번호를 쓰세요.,마을 리,마을 리,"[""① 軍"", ""② 右"", ""③ 足"", ""④ 川"", ""⑤ 市"", ""⑥ 命"", ""⑦ 北"", ""⑧ 話"", ""⑨ 九"", ""⑩ 里""]",⑩,里,
7급,90,2020-08-22,57,select_hanja,다음 訓과 音에 맞는 漢字를 <보기>에서 찾아 그 번호를 쓰세요.,군사 군,군사 군,"[""① 軍"", ""② 右"", ""③ 足"", ""④ 川"", ""⑤ 市"", ""⑥ 命"", ""⑦ 北"", ""⑧ 話"", ""⑨ 九"", ""⑩ 里""]",①,軍,
7급,90,2020-08-22,58,select_hanja,다음 訓과 音에 맞는 漢字를 <보기>에서 찾아 그 번호를 쓰세요.,아홉 구,아홉 구,"[""① 軍"", ""② 右"", ""③ 足"", ""④ 川"", ""⑤ 市"", ""⑥ 命"", ""⑦ 北"", ""⑧ 話"", ""⑨ 九"", ""⑩ 里""]",⑨,九,
7급,90,2020-08-22,59,select_hanja,다음 訓과 音에 맞는 漢字를 <보기>에서 찾아 그 번호를 쓰세요.,오른 우,오른 우,"[""① 軍"", ""② 右"", ""③ 足"", ""④ 川"", ""⑤ 市"", ""⑥ 命"", ""⑦ 北"", ""⑧ 話"", ""⑨ 九"", ""⑩ 里""]",②,右,
7급,90,2020-08-22,60,select_hanja,다음 訓과 音에 맞는 漢字를 <보기>에서 찾아 그 번호를 쓰세요.,북녘 북,북녘 북,"[""① 軍"", ""② 右"", ""③ 足"", ""④ 川"", ""⑤ 市"", ""⑥ 命"", ""⑦ 北"", ""⑧ 話"", ""⑨ 九"", ""⑩ 里""]",⑦,北,
7급,90,2020-08-22,61,select_hanja,다음 訓과 音에 맞는 漢字를 <보기>에서 찾아 그 번호를 쓰세요.,저자 시,저자 시,"[""① 軍"", ""② 右"", ""③ 足"", ""④ 川"", ""⑤ 市"", ""⑥ 命"", ""⑦ 北"", ""⑧ 話"", ""⑨ 九"", ""⑩ 里""]",⑤,市,
7급,90,2020-08-22,62,select_hanja,다음 訓과 音에 맞는 漢字를 <보기>에서 찾아 그 번호를 쓰세요.,내 천,내 천,"[""① 軍"", ""② 右"", ""③ 足"", ""④ 川"", ""⑤ 市"", ""⑥ 命"", ""⑦ 北"", ""⑧ 話"", ""⑨ 九"", ""⑩ 里""]",④,川,
7급,90,2020-08-22,63,select_hanjaeo,다음 밑줄 친 단어에 해당하는 漢字語를 고르세요.,이것은 비싼 것은 아니지만 나 에게는 매우 소중합니다.,소중,"[""① 算數"", ""② 所重"", ""③ 山水"", ""④ 少中""]",②,所重,
7급,90,2020-08-22,64,select_hanjaeo,다음 밑줄 친 단어에 해당하는 漢字語를 고르세요.,경수는 이번 산수 시험에서 만 점을 받았습니다.,산수,"[""① 算數"", ""② 所重"", ""③ 山水"", ""④ 少中""]",①,算數,
7급,90,2020-08-22,65,banui_select,다음 漢字의 상대(또는 반대)되는 漢字를 <보기>에서 골라 그 번호를 쓰세요.,天 ↔ ( ),天 ↔ ( ),"[""① 口"", ""② 入"", ""③ 地"", ""④ 下""]",③,地,
7급,90,2020-08-22,66,banui_select,다음 漢字의 상대(또는 반대)되는 漢字를 <보기>에서 골라 그 번호를 쓰세요.,出 ↔ ( ),出 ↔ ( ),"[""① 口"", ""② 入"", ""③ 地"", ""④ 下""]",②,入,
7급,90,2020-08-22,67,mean_select,다음 뜻에 맞는 漢字語를 <보기>에서 찾아 그 번호를 쓰세요.,익히지 아니하고 날로 먹음.,,"[""① 自然"", ""② 江村"", ""③ 安住"", ""④ 生食""]",④,生食,
7급,90,2020-08-22,68,mean_select,다음 뜻에 맞는 漢字語를 <보기>에서 찾아 그 번호를 쓰세요.,한곳에 자리를 잡고 편안히 삶.,,"[""① 自然"", ""② 江村"", ""③ 安住"", ""④ 生食""]",③,安住,
7급,90,2020-08-22,69,stroke,다음 漢字의 진하게 표시한 획은 몇 번째 쓰는지 <보기>에서 찾아 그 번호를 쓰세요.,,,"[""① 첫 번째"", ""② 두 번째"", ""③ 세 번째"", ""④ 네 번째"", ""⑤ 다섯 번째"", ""⑥ 여섯 번째"", ""⑦ 일곱 번째"", ""⑧ 여덟 번째"", ""⑨ 아홉 번째"", ""⑩ 열 번째""]",⑦,일곱 번째,exam-strokes/stroke_7_90_69.png
7급,90,2020-08-22,70,stroke,다음 漢字의 진하게 표시한 획은 몇 번째 쓰는지 <보기>에서 찾아 그 번호를 쓰세요.,,,"[""① 첫 번째"", ""② 두 번째"", ""③ 세 번째"", ""④ 네 번째"", ""⑤ 다섯 번째"", ""⑥ 여섯 번째"", ""⑦ 일곱 번째"", ""⑧ 여덟 번째"", ""⑨ 아홉 번째"", ""⑩ 열 번째""]",⑦,일곱 번째,exam-strokes/stroke_7_90_70.png
7급,91,2020-11-21,1,dokum,다음 밑줄 친 漢字語의 音을 쓰세요.,너희들은 百日 동안 쑥과 마늘 만 먹어야 한다.,百日,,백일,백일,
7급,91,2020-11-21,2,dokum,다음 밑줄 친 漢字語의 音을 쓰세요.,환웅은 三千무리를 거느리고 백 두산 꼭대기로 내려왔습니다.,三千,,삼천,삼천,
7급,91,2020-11-21,3,dokum,다음 밑줄 친 漢字語의 音을 쓰세요.,나는 算數 과목을 좋아합니다.,算數,,산수,산수,
7급,91,2020-11-21,4,dokum,다음 밑줄 친 漢字語의 音을 쓰세요.,오늘 月色이 유난히 아름답습니다.,月色,,월색,월색,
7급,91,2020-11-21,5,dokum,다음 밑줄 친 漢字語의 音을 쓰세요.,우리 水軍이 적진 한가운데로 들어갔습니다.,水軍,,수군,수군,
7급,91,2020-11-21,6,dokum,다음 밑줄 친 漢字語의 音을 쓰세요.,木手들이 정성스레 나무를 다듬 었습니다.,木手,,목수,목수,
7급,91,2020-11-21,7,dokum,다음 밑줄 친 漢字語의 音을 쓰세요.,세뱃돈을 모아 은행에 入金했습 니다.,入金,,입금,입금,
7급,91,2020-11-21,8,dokum,다음 밑줄 친 漢字語의 音을 쓰세요.,우리 國土에는 산과 나무들이 많습니다.,國土,,국토,국토,
7급,91,2020-11-21,9,dokum,다음 밑줄 친 漢字語의 音을 쓰세요.,완전히 성숙하지 않은 어린아이 를 少年이라 합니다.,少年,,소년,소년,
7급,91,2020-11-21,10,dokum,다음 밑줄 친 漢字語의 音을 쓰세요.,時間이 참 빠르게 흘러갑니다.,時間,,시간,시간,
7급,91,2020-11-21,11,dokum,다음 밑줄 친 漢字語의 音을 쓰세요.,秋夕을 한가위라고 부릅니다.,秋夕,,추석,추석,
7급,91,2020-11-21,12,dokum,다음 밑줄 친 漢字語의 音을 쓰세요.,每事에 언행을 조심해야 합니다.,每事,,매사,매사,
7급,91,2020-11-21,13,dokum,다음 밑줄 친 漢字語의 音을 쓰세요.,철수와 나는 同名입니다.,同名,,동명,동명,
7급,91,2020-11-21,14,dokum,다음 밑줄 친 漢字語의 音을 쓰세요.,나의 祖父는 시골에 계십니다.,祖父,,조부,조부,
7급,91,2020-11-21,15,dokum,다음 밑줄 친 漢字語의 音을 쓰세요.,"우리는 한 겨레, 한 兄弟입니다.",兄弟,,형제,형제,
7급,91,2020-11-21,16,dokum,다음 밑줄 친 漢字語의 音을 쓰세요.,우리 家門을 잘 지켜나가야 합 니다.,家門,,가문,가문,
7급,91,2020-11-21,17,dokum,다음 밑줄 친 漢字語의 音을 쓰세요.,학생들이 敎室에서 공부를 합 니다.,敎室,,교실,교실,
7급,91,2020-11-21,18,dokum,다음 밑줄 친 漢字語의 音을 쓰세요.,우리 반은 男女 학생이 반반입 니다.,男女,,남녀,남녀,
7급,91,2020-11-21,19,dokum,다음 밑줄 친 漢字語의 音을 쓰세요.,市長님께서 연설을 하셨습니다.,市長,,시장,시장,
7급,91,2020-11-21,20,dokum,다음 밑줄 친 漢字語의 音을 쓰세요.,학문이나 기술을 배우고 익히 는 것을 工夫라 합니다.,工夫,,공부,공부,
7급,91,2020-11-21,21,dokum,다음 밑줄 친 漢字語의 音을 쓰세요.,나의 四寸은 옆 마을에 사십니다.,四寸,,사촌,사촌,
7급,91,2020-11-21,22,dokum,다음 밑줄 친 漢字語의 音을 쓰세요.,부모를 잘 섬기는 도리를 孝道 라고 합니다.,孝道,,효도,효도,
7급,91,2020-11-21,23,dokum,다음 밑줄 친 漢字語의 音을 쓰세요.,學校에서 운동을 합니다.,學校,,학교,학교,
7급,91,2020-11-21,24,dokum,다음 밑줄 친 漢字語의 音을 쓰세요.,아침마다 부모님께 問安 인사 를 드립니다.,問安,,문안,문안,
7급,91,2020-11-21,25,dokum,다음 밑줄 친 漢字語의 音을 쓰세요.,문제를 풀고 正答을 찾아봅니다.,正答,,정답,정답,
7급,91,2020-11-21,26,dokum,다음 밑줄 친 漢字語의 音을 쓰세요.,일에는 절차와 先後가 있습니다.,先後,,선후,선후,
7급,91,2020-11-21,27,dokum,다음 밑줄 친 漢字語의 音을 쓰세요.,電話할 때에는 용건만 간단하 게 합니다.,電話,,전화,전화,
7급,91,2020-11-21,28,dokum,다음 밑줄 친 漢字語의 音을 쓰세요.,한 方面에서 뛰어난 사람이 되 려면 많은 노력이 필요합니다.,方面,,방면,방면,
7급,91,2020-11-21,29,dokum,다음 밑줄 친 漢字語의 音을 쓰세요.,할아버지께 손 便紙를 썼습니다.,便紙,,편지,편지,
7급,91,2020-11-21,30,dokum,다음 밑줄 친 漢字語의 音을 쓰세요.,노래를 잘 부르는 사람을 歌王 이라고 합니다.,歌王,,가왕,가왕,
7급,91,2020-11-21,31,dokum,다음 밑줄 친 漢字語의 音을 쓰세요.,우리의 음식을 韓食이라고 합 니다.,韓食,,한식,한식,
7급,91,2020-11-21,32,dokum,다음 밑줄 친 漢字語의 音을 쓰세요.,우리 모두는 主人 의식을 가져 야 합니다.,主人,,주인,주인,
7급,91,2020-11-21,33,hunum,다음 漢字의 訓과 音을 쓰세요.,記,記,,기록할 기,기록할 기,
7급,91,2020-11-21,34,hunum,다음 漢字의 訓과 音을 쓰세요.,火,火,,불 화,불 화,
7급,91,2020-11-21,35,hunum,다음 漢字의 訓과 音을 쓰세요.,春,春,,봄 춘,봄 춘,
7급,91,2020-11-21,36,hunum,다음 漢字의 訓과 音을 쓰세요.,草,草,,풀 초,풀 초,
7급,91,2020-11-21,37,hunum,다음 漢字의 訓과 音을 쓰세요.,東,東,,동녘 동,동녘 동,
7급,91,2020-11-21,38,hunum,다음 漢字의 訓과 音을 쓰세요.,登,登,,오를 등,오를 등,
7급,91,2020-11-21,39,hunum,다음 漢字의 訓과 音을 쓰세요.,全,全,,온전 전,온전 전,
7급,91,2020-11-21,40,hunum,다음 漢字의 訓과 音을 쓰세요.,前,前,,앞 전,앞 전,
7급,91,2020-11-21,41,hunum,다음 漢字의 訓과 音을 쓰세요.,直,直,,곧을 직,곧을 직,
7급,91,2020-11-21,42,hunum,다음 漢字의 訓과 音을 쓰세요.,花,花,,꽃 화,꽃 화,
7급,91,2020-11-21,43,hunum,다음 漢字의 訓과 音을 쓰세요.,重,重,,무거울 중,무거울 중,
7급,91,2020-11-21,44,hunum,다음 漢字의 訓과 音을 쓰세요.,住,住,,살 주,살 주,
7급,91,2020-11-21,45,hunum,다음 漢字의 訓과 音을 쓰세요.,足,足,,발 족,발 족,
7급,91,2020-11-21,46,hunum,다음 漢字의 訓과 音을 쓰세요.,出,出,,날 출,날 출,
7급,91,2020-11-21,47,hunum,다음 漢字의 訓과 音을 쓰세요.,江,江,,강 강,강 강,
7급,91,2020-11-21,48,hunum,다음 漢字의 訓과 音을 쓰세요.,南,南,,남녘 남,남녘 남,
7급,91,2020-11-21,49,hunum,다음 漢字의 訓과 音을 쓰세요.,老,老,,늙을 로,늙을 로,
7급,91,2020-11-21,50,hunum,다음 漢字의 訓과 音을 쓰세요.,文,文,,글월 문,글월 문,
7급,91,2020-11-21,51,hunum,다음 漢字의 訓과 音을 쓰세요.,植,植,,심을 식,심을 식,
7급,91,2020-11-21,52,hunum,다음 漢字의 訓과 音을 쓰세요.,命,命,,목숨 명,목숨 명,
7급,91,2020-11-21,53,select_hanja,다음 訓과 音에 맞는 漢字를 <보기>에서 찾아 그 번호를 쓰세요.,입 구,입 구,"[""① 口"", ""② 來"", ""③ 空"", ""④ 氣"", ""⑤ 農"", ""⑥ 世"", ""⑦ 五"", ""⑧ 場"", ""⑨ 平"", ""⑩ 活""]",①,口,
7급,91,2020-11-21,54,select_hanja,다음 訓과 音에 맞는 漢字를 <보기>에서 찾아 그 번호를 쓰세요.,살 활,살 활,"[""① 口"", ""② 來"", ""③ 空"", ""④ 氣"", ""⑤ 農"", ""⑥ 世"", ""⑦ 五"", ""⑧ 場"", ""⑨ 平"", ""⑩ 活""]",⑩,活,
7급,91,2020-11-21,55,select_hanja,다음 訓과 音에 맞는 漢字를 <보기>에서 찾아 그 번호를 쓰세요.,평평할 평,평평할 평,"[""① 口"", ""② 來"", ""③ 空"", ""④ 氣"", ""⑤ 農"", ""⑥ 世"", ""⑦ 五"", ""⑧ 場"", ""⑨ 平"", ""⑩ 活""]",⑨,平,
7급,91,2020-11-21,56,select_hanja,다음 訓과 音에 맞는 漢字를 <보기>에서 찾아 그 번호를 쓰세요.,마당 장,마당 장,"[""① 口"", ""② 來"", ""③ 空"", ""④ 氣"", ""⑤ 農"", ""⑥ 世"", ""⑦ 五"", ""⑧ 場"", ""⑨ 平"", ""⑩ 活""]",⑧,場,
7급,91,2020-11-21,57,select_hanja,다음 訓과 音에 맞는 漢字를 <보기>에서 찾아 그 번호를 쓰세요.,다섯 오,다섯 오,"[""① 口"", ""② 來"", ""③ 空"", ""④ 氣"", ""⑤ 農"", ""⑥ 世"", ""⑦ 五"", ""⑧ 場"", ""⑨ 平"", ""⑩ 活""]",⑦,五,
7급,91,2020-11-21,58,select_hanja,다음 訓과 音에 맞는 漢字를 <보기>에서 찾아 그 번호를 쓰세요.,인간 세,인간 세,"[""① 口"", ""② 來"", ""③ 空"", ""④ 氣"", ""⑤ 農"", ""⑥ 世"", ""⑦ 五"", ""⑧ 場"", ""⑨ 平"", ""⑩ 活""]",⑥,世,
7급,91,2020-11-21,59,select_hanja,다음 訓과 音에 맞는 漢字를 <보기>에서 찾아 그 번호를 쓰세요.,올 래,올 래,"[""① 口"", ""② 來"", ""③ 空"", ""④ 氣"", ""⑤ 農"", ""⑥ 世"", ""⑦ 五"", ""⑧ 場"", ""⑨ 平"", ""⑩ 活""]",②,來,
7급,91,2020-11-21,60,select_hanja,다음 訓과 音에 맞는 漢字를 <보기>에서 찾아 그 번호를 쓰세요.,빌 공,빌 공,"[""① 口"", ""② 來"", ""③ 空"", ""④ 氣"", ""⑤ 農"", ""⑥ 世"", ""⑦ 五"", ""⑧ 場"", ""⑨ 平"", ""⑩ 活""]",③,空,
7급,91,2020-11-21,61,select_hanja,다음 訓과 音에 맞는 漢字를 <보기>에서 찾아 그 번호를 쓰세요.,기운 기,기운 기,"[""① 口"", ""② 來"", ""③ 空"", ""④ 氣"", ""⑤ 農"", ""⑥ 世"", ""⑦ 五"", ""⑧ 場"", ""⑨ 平"", ""⑩ 活""]",④,氣,
7급,91,2020-11-21,62,select_hanja,다음 訓과 音에 맞는 漢字를 <보기>에서 찾아 그 번호를 쓰세요.,농사 농,농사 농,"[""① 口"", ""② 來"", ""③ 空"", ""④ 氣"", ""⑤ 農"", ""⑥ 世"", ""⑦ 五"", ""⑧ 場"", ""⑨ 平"", ""⑩ 活""]",⑤,農,
7급,91,2020-11-21,63,select_hanjaeo,다음 밑줄 친 단어에 해당하는 漢字語를 고르세요.,동물원에는 많은 동물이 있습니 다.,동물,"[""① 民心"", ""② 村里"", ""③ 動物"", ""④ 邑內""]",③,動物,
7급,91,2020-11-21,64,select_hanjaeo,다음 밑줄 친 단어에 해당하는 漢字語를 고르세요.,정치를 하는 사람들은 민심을 잘 헤아려야 합니다.,민심,"[""① 民心"", ""② 村里"", ""③ 動物"", ""④ 邑內""]",①,民心,
7급,91,2020-11-21,65,banui_select,다음 漢字의 상대(또는 반대)되는 漢字를 <보기>에서 골라 그 번호를 쓰세요.,夏 ↔ ( ),夏 ↔ ( ),"[""① 冬"", ""② 右"", ""③ 天"", ""④ 地""]",①,冬,
7급,91,2020-11-21,66,banui_select,다음 漢字의 상대(또는 반대)되는 漢字를 <보기>에서 골라 그 번호를 쓰세요.,左 ↔ ( ),左 ↔ ( ),"[""① 冬"", ""② 右"", ""③ 天"", ""④ 地""]",②,右,
7급,91,2020-11-21,67,mean_select,다음 뜻에 맞는 漢字語를 <보기>에서 찾아 그 번호를 쓰세요.,나무를 가꾸고 기르는 일.,,"[""① 靑旗"", ""② 自然"", ""③ 海外"", ""④ 育林""]",④,育林,
7급,91,2020-11-21,68,mean_select,다음 뜻에 맞는 漢字語를 <보기>에서 찾아 그 번호를 쓰세요.,푸른 빛깔의 깃발.,,"[""① 靑旗"", ""② 自然"", ""③ 海外"", ""④ 育林""]",①,靑旗,
7급,91,2020-11-21,69,stroke,다음 漢字의 진하게 표시한 획은 몇 번째 쓰는지 <보기>에서 찾아 그 번호를 쓰세요.,,,"[""① 첫 번째"", ""② 두 번째"", ""③ 세 번째"", ""④ 네 번째"", ""⑤ 다섯 번째"", ""⑥ 여섯 번째"", ""⑦ 일곱 번째"", ""⑧ 여덟 번째"", ""⑨ 아홉 번째"", ""⑩ 열 번째""]",③,세 번째,exam-strokes/stroke_7_91_69.png
7급,91,2020-11-21,70,stroke,다음 漢字의 진하게 표시한 획은 몇 번째 쓰는지 <보기>에서 찾아 그 번호를 쓰세요.,,,"[""① 첫 번째"", ""② 두 번째"", ""③ 세 번째"", ""④ 네 번째"", ""⑤ 다섯 번째"", ""⑥ 여섯 번째"", ""⑦ 일곱 번째"", ""⑧ 여덟 번째"", ""⑨ 아홉 번째"", ""⑩ 열 번째""]",④,네 번째,exam-strokes/stroke_7_91_70.png
7급,92,2021-05-15,1,dokum,다음 밑줄 친 漢字語의 音을 쓰세요.,自然을 잘 보호해야 자연도 인 간을 보호합니다.,自然,,자연,자연,
7급,92,2021-05-15,2,dokum,다음 밑줄 친 漢字語의 音을 쓰세요.,孝道는 모든 행동의 근원입니다.,孝道,,효도,효도,
7급,92,2021-05-15,3,dokum,다음 밑줄 친 漢字語의 音을 쓰세요.,정원에는 온갖 花草가 핍니다.,花草,,화초,화초,
7급,92,2021-05-15,4,dokum,다음 밑줄 친 漢字語의 音을 쓰세요.,세계에 漢江과 같은 물이 흐르 는 대도시는 흔하지 않습니다.,漢江,,한강,한강,
7급,92,2021-05-15,5,dokum,다음 밑줄 친 漢字語의 音을 쓰세요.,우리 先祖들은 외적이 쳐들어오 면 단합하여 물리쳤습니다.,先祖,,선조,선조,
7급,92,2021-05-15,6,dokum,다음 밑줄 친 漢字語의 音을 쓰세요.,農家의 소득을 높이는 사업을 많이 장려해야 합니다.,農家,,농가,농가,
7급,92,2021-05-15,7,dokum,다음 밑줄 친 漢字語의 音을 쓰세요.,市內에 도서관과 체육관이 생겨 청소년에게 큰 도움이 됩니다.,市內,,시내,시내,
7급,92,2021-05-15,8,dokum,다음 밑줄 친 漢字語의 音을 쓰세요.,車間거리를 유지하여야 추돌사 고를 막을 수 있습니다.,車間,,차간,차간,
7급,92,2021-05-15,9,dokum,다음 밑줄 친 漢字語의 音을 쓰세요.,1919년 3월 1일 洞里마다 사람 들이 독립만세를 외쳤습니다.,洞里,,동리,동리,
7급,92,2021-05-15,10,dokum,다음 밑줄 친 漢字語의 音을 쓰세요.,世上은 넓고 할 일이 많습니다.,世上,,세상,세상,
7급,92,2021-05-15,11,dokum,다음 밑줄 친 漢字語의 音을 쓰세요.,算數를 잘해 과학도 잘합니다.,算數,,산수,산수,
7급,92,2021-05-15,12,dokum,다음 밑줄 친 漢字語의 音을 쓰세요.,길을 건널 때에는 左右를 살피 며 신속히 건너가야 합니다.,左右,,좌우,좌우,
7급,92,2021-05-15,13,dokum,다음 밑줄 친 漢字語의 音을 쓰세요.,兄弟는 서로 사랑하고 부모님 께 정성껏 효도해야 합니다.,兄弟,,형제,형제,
7급,92,2021-05-15,14,dokum,다음 밑줄 친 漢字語의 音을 쓰세요.,코로나19로부터 安全하려면 마 스크 쓰기와 손 씻기를 잘 지 켜야 합니다.,安全,,안전,안전,
7급,92,2021-05-15,15,dokum,다음 밑줄 친 漢字語의 音을 쓰세요.,코로나19가 확산될 때는 外出 을 삼가야겠습니다.,外出,,외출,외출,
7급,92,2021-05-15,16,dokum,다음 밑줄 친 漢字語의 音을 쓰세요.,이제 한국은 선진국의 入口를 넘어섰습니다.,入口,,입구,입구,
7급,92,2021-05-15,17,dokum,다음 밑줄 친 漢字語의 音을 쓰세요.,매일 日記를 쓰면서 하루를 감 사하거나 반성하게 됩니다.,日記,,일기,일기,
7급,92,2021-05-15,18,dokum,다음 밑줄 친 漢字語의 音을 쓰세요.,男女 학생 사이에는 서로 지켜 야 하는 예절이 있습니다.,男女,,남녀,남녀,
7급,92,2021-05-15,19,dokum,다음 밑줄 친 漢字語의 音을 쓰세요.,그는 바둑의 名手로 성장해 중 국 선수를 물리쳤습니다.,名手,,명수,명수,
7급,92,2021-05-15,20,dokum,다음 밑줄 친 漢字語의 音을 쓰세요.,사람의 生命은 온 천하와도 바 꿀 수 없는 고귀한 것입니다.,生命,,생명,생명,
7급,92,2021-05-15,21,dokum,다음 밑줄 친 漢字語의 音을 쓰세요.,少年은 늙기 쉽고 학문은 이루 기가 어렵습니다.,少年,,소년,소년,
7급,92,2021-05-15,22,dokum,다음 밑줄 친 漢字語의 音을 쓰세요.,가정은 사랑을 배우는 곳이라 사랑의 學校라고도 합니다.,學校,,학교,학교,
7급,92,2021-05-15,23,dokum,다음 밑줄 친 漢字語의 音을 쓰세요.,일어나고 잘 때와 집을 드나들 때 부모님께 人事를 드립니다.,人事,,인사,인사,
7급,92,2021-05-15,24,dokum,다음 밑줄 친 漢字語의 音을 쓰세요.,國民은 나라의 주인으로서 권 리와 의무를 동시에 가집니다.,國民,,국민,국민,
7급,92,2021-05-15,25,dokum,다음 밑줄 친 漢字語의 音을 쓰세요.,6.25 때 수많은 국군이 靑春을 바쳐 나라를 지켰습니다.,靑春,,청춘,청춘,
7급,92,2021-05-15,26,dokum,다음 밑줄 친 漢字語의 音을 쓰세요.,北韓 동포들에게 어서 자유통일 의 날이 오도록 해야겠습니다.,北韓,,북한,북한,
7급,92,2021-05-15,27,dokum,다음 밑줄 친 漢字語의 音을 쓰세요.,질문이 없는 敎室에서는 창의 적 인재가 나올 수 없습니다.,敎室,,교실,교실,
7급,92,2021-05-15,28,dokum,다음 밑줄 친 漢字語의 音을 쓰세요.,植木 행사를 통해 나무를 심고 잘 키우도록 힘써야 합니다.,植木,,식목,식목,
7급,92,2021-05-15,29,dokum,다음 밑줄 친 漢字語의 音을 쓰세요.,한국인은 국토의 70%가 산이 라 자연히 登山을 좋아합니다.,登山,,등산,등산,
7급,92,2021-05-15,30,dokum,다음 밑줄 친 漢字語의 音을 쓰세요.,인도 시인 타고르는 한국을 東方 의 등불로 비유하였습니다.,東方,,동방,동방,
7급,92,2021-05-15,31,dokum,다음 밑줄 친 漢字語의 音을 쓰세요.,세종대왕은 글자 없는 百姓을 위해 훈민정음을 만들었습니다.,百姓,,백성,백성,
7급,92,2021-05-15,32,dokum,다음 밑줄 친 漢字語의 音을 쓰세요.,현대 한글의 기본 字母는 24자 입니다.,字母,,자모,자모,
7급,92,2021-05-15,33,hunum,다음 漢字의 訓과 音을 쓰세요.,南,南,,남녘 남,남녘 남,
7급,92,2021-05-15,34,hunum,다음 漢字의 訓과 音을 쓰세요.,問,問,,물을 문,물을 문,
7급,92,2021-05-15,35,hunum,다음 漢字의 訓과 音을 쓰세요.,正,正,,바를 정,바를 정,
7급,92,2021-05-15,36,hunum,다음 漢字의 訓과 音을 쓰세요.,夕,夕,,저녁 석,저녁 석,
7급,92,2021-05-15,37,hunum,다음 漢字의 訓과 音을 쓰세요.,紙,紙,,종이 지,종이 지,
7급,92,2021-05-15,38,hunum,다음 漢字의 訓과 音을 쓰세요.,立,立,,설 립,설 립,
7급,92,2021-05-15,39,hunum,다음 漢字의 訓과 音을 쓰세요.,夫,夫,,지아비 부,지아비 부,
7급,92,2021-05-15,40,hunum,다음 漢字의 訓과 音을 쓰세요.,海,海,,바다 해,바다 해,
7급,92,2021-05-15,41,hunum,다음 漢字의 訓과 音을 쓰세요.,老,老,,늙을 로,늙을 로,
7급,92,2021-05-15,42,hunum,다음 漢字의 訓과 音을 쓰세요.,水,水,,물 수,물 수,
7급,92,2021-05-15,43,hunum,다음 漢字의 訓과 音을 쓰세요.,色,色,,빛 색,빛 색,
7급,92,2021-05-15,44,hunum,다음 漢字의 訓과 音을 쓰세요.,足,足,,발 족,발 족,
7급,92,2021-05-15,45,hunum,다음 漢字의 訓과 音을 쓰세요.,川,川,,내 천,내 천,
7급,92,2021-05-15,46,hunum,다음 漢字의 訓과 音을 쓰세요.,後,後,,뒤 후,뒤 후,
7급,92,2021-05-15,47,hunum,다음 漢字의 訓과 音을 쓰세요.,直,直,,곧을 직,곧을 직,
7급,92,2021-05-15,48,hunum,다음 漢字의 訓과 音을 쓰세요.,休,休,,쉴 휴,쉴 휴,
7급,92,2021-05-15,49,hunum,다음 漢字의 訓과 音을 쓰세요.,月,月,,달 월,달 월,
7급,92,2021-05-15,50,hunum,다음 漢字의 訓과 音을 쓰세요.,所,所,,바 소,바 소,
7급,92,2021-05-15,51,hunum,다음 漢字의 訓과 音을 쓰세요.,動,動,,움직일 동,움직일 동,
7급,92,2021-05-15,52,hunum,다음 漢字의 訓과 音을 쓰세요.,白,白,,흰 백,흰 백,
7급,92,2021-05-15,53,select_hanja,다음 訓과 音에 맞는 漢字를 <보기>에서 찾아 그 번호를 쓰세요.,노래 가,노래 가,"[""① 平"", ""② 文"", ""③ 歌"", ""④ 活"", ""⑤ 有"", ""⑥ 空"", ""⑦ 十"", ""⑧ 時"", ""⑨ 來"", ""⑩ 萬""]",③,歌,
7급,92,2021-05-15,54,select_hanja,다음 訓과 音에 맞는 漢字를 <보기>에서 찾아 그 번호를 쓰세요.,올 래,올 래,"[""① 平"", ""② 文"", ""③ 歌"", ""④ 活"", ""⑤ 有"", ""⑥ 空"", ""⑦ 十"", ""⑧ 時"", ""⑨ 來"", ""⑩ 萬""]",⑨,來,
7급,92,2021-05-15,55,select_hanja,다음 訓과 音에 맞는 漢字를 <보기>에서 찾아 그 번호를 쓰세요.,일만 만,일만 만,"[""① 平"", ""② 文"", ""③ 歌"", ""④ 活"", ""⑤ 有"", ""⑥ 空"", ""⑦ 十"", ""⑧ 時"", ""⑨ 來"", ""⑩ 萬""]",⑩,萬,
7급,92,2021-05-15,56,select_hanja,다음 訓과 音에 맞는 漢字를 <보기>에서 찾아 그 번호를 쓰세요.,살 활,살 활,"[""① 平"", ""② 文"", ""③ 歌"", ""④ 活"", ""⑤ 有"", ""⑥ 空"", ""⑦ 十"", ""⑧ 時"", ""⑨ 來"", ""⑩ 萬""]",④,活,
7급,92,2021-05-15,57,select_hanja,다음 訓과 音에 맞는 漢字를 <보기>에서 찾아 그 번호를 쓰세요.,열 십,열 십,"[""① 平"", ""② 文"", ""③ 歌"", ""④ 活"", ""⑤ 有"", ""⑥ 空"", ""⑦ 十"", ""⑧ 時"", ""⑨ 來"", ""⑩ 萬""]",⑦,十,
7급,92,2021-05-15,58,select_hanja,다음 訓과 音에 맞는 漢字를 <보기>에서 찾아 그 번호를 쓰세요.,빌 공,빌 공,"[""① 平"", ""② 文"", ""③ 歌"", ""④ 活"", ""⑤ 有"", ""⑥ 空"", ""⑦ 十"", ""⑧ 時"", ""⑨ 來"", ""⑩ 萬""]",⑥,空,
7급,92,2021-05-15,59,select_hanja,다음 訓과 音에 맞는 漢字를 <보기>에서 찾아 그 번호를 쓰세요.,글월 문,글월 문,"[""① 平"", ""② 文"", ""③ 歌"", ""④ 活"", ""⑤ 有"", ""⑥ 空"", ""⑦ 十"", ""⑧ 時"", ""⑨ 來"", ""⑩ 萬""]",②,文,
7급,92,2021-05-15,60,select_hanja,다음 訓과 音에 맞는 漢字를 <보기>에서 찾아 그 번호를 쓰세요.,때 시,때 시,"[""① 平"", ""② 文"", ""③ 歌"", ""④ 活"", ""⑤ 有"", ""⑥ 空"", ""⑦ 十"", ""⑧ 時"", ""⑨ 來"", ""⑩ 萬""]",⑧,時,
7급,92,2021-05-15,61,select_hanja,다음 訓과 音에 맞는 漢字를 <보기>에서 찾아 그 번호를 쓰세요.,있을 유,있을 유,"[""① 平"", ""② 文"", ""③ 歌"", ""④ 活"", ""⑤ 有"", ""⑥ 空"", ""⑦ 十"", ""⑧ 時"", ""⑨ 來"", ""⑩ 萬""]",⑤,有,
7급,92,2021-05-15,62,select_hanja,다음 訓과 音에 맞는 漢字를 <보기>에서 찾아 그 번호를 쓰세요.,평평할 평,평평할 평,"[""① 平"", ""② 文"", ""③ 歌"", ""④ 活"", ""⑤ 有"", ""⑥ 空"", ""⑦ 十"", ""⑧ 時"", ""⑨ 來"", ""⑩ 萬""]",①,平,
7급,92,2021-05-15,63,select_hanjaeo,다음 밑줄 친 단어에 해당하는 漢字語를 고르세요.,육림에 힘쓰는 나라는 부강하고 깨끗한 환경의 나라가 됩니다.,육림,"[""① 育林"", ""② 村長"", ""③ 物心"", ""④ 工場""]",①,育林,
7급,92,2021-05-15,64,select_hanjaeo,다음 밑줄 친 단어에 해당하는 漢字語를 고르세요.,그분은 우리가 가난할 때 물심 양면으로 도와주었습니다.,물심,"[""① 育林"", ""② 村長"", ""③ 物心"", ""④ 工場""]",③,物心,
7급,92,2021-05-15,65,banui_select,다음 漢字의 상대(또는 반대)되는 漢字를 <보기>에서 골라 그 번호를 쓰세요.,夏 ↔ ( ),夏 ↔ ( ),"[""① 秋"", ""② 冬"", ""③ 千"", ""④ 地""]",②,冬,
7급,92,2021-05-15,66,banui_select,다음 漢字의 상대(또는 반대)되는 漢字를 <보기>에서 골라 그 번호를 쓰세요.,天 ↔ ( ),天 ↔ ( ),"[""① 秋"", ""② 冬"", ""③ 千"", ""④ 地""]",④,地,
7급,92,2021-05-15,67,mean_select,다음 뜻에 맞는 漢字語를 <보기>에서 찾아 그 번호를 쓰세요.,지구 위의 물체가 지구로부터 받는 힘.,,"[""① 電火"", ""② 父子"", ""③ 重力"", ""④ 同氣""]",③,重力,
7급,92,2021-05-15,68,mean_select,다음 뜻에 맞는 漢字語를 <보기>에서 찾아 그 번호를 쓰세요.,"형제와 자매, 남매를 통틀어 이 르는 말.",,"[""① 電火"", ""② 父子"", ""③ 重力"", ""④ 同氣""]",④,同氣,
7급,92,2021-05-15,69,stroke,다음 漢字의 진하게 표시한 획은 몇 번째 쓰는지 <보기>에서 찾아 그 번호를 쓰세요.,,,"[""① 첫 번째"", ""② 두 번째"", ""③ 세 번째"", ""④ 네 번째"", ""⑤ 다섯 번째"", ""⑥ 여섯 번째"", ""⑦ 일곱 번째"", ""⑧ 여덟 번째"", ""⑨ 아홉 번째"", ""⑩ 열 번째""]",⑦,일곱 번째,exam-strokes/stroke_7_92_69.png
7급,92,2021-05-15,70,stroke,다음 漢字의 진하게 표시한 획은 몇 번째 쓰는지 <보기>에서 찾아 그 번호를 쓰세요.,,,"[""① 첫 번째"", ""② 두 번째"", ""③ 세 번째"", ""④ 네 번째"", ""⑤ 다섯 번째"", ""⑥ 여섯 번째"", ""⑦ 일곱 번째"", ""⑧ 여덟 번째"", ""⑨ 아홉 번째"", ""⑩ 열 번째""]",⑦,일곱 번째,exam-strokes/stroke_7_92_70.png
7급,93,2021-07-10,1,dokum,다음 밑줄 친 漢字語의 音을 쓰세요.,의사는 치료가 잘 될 것이라는 말로 아이를 安心시켜 주었습 니다.,安心,,안심,안심,
7급,93,2021-07-10,2,dokum,다음 밑줄 친 漢字語의 音을 쓰세요.,이번 일은 특별히 萬全을 기해 달라고 말씀하셨습니다.,萬全,,만전,만전,
7급,93,2021-07-10,3,dokum,다음 밑줄 친 漢字語의 音을 쓰세요.,메마르고 척박한 땅에서도 잘 자라나는 植物들이 있습니다.,植物,,식물,식물,
7급,93,2021-07-10,4,dokum,다음 밑줄 친 漢字語의 音을 쓰세요.,온돌에는 우리 祖上들의 지혜가 담겨 있습니다.,祖上,,조상,조상,
7급,93,2021-07-10,5,dokum,다음 밑줄 친 漢字語의 音을 쓰세요.,다음 주부터 동생의 한글 工夫 를 도와주기로 했습니다.,工夫,,공부,공부,
7급,93,2021-07-10,6,dokum,다음 밑줄 친 漢字語의 音을 쓰세요.,春秋는 어른의 나이를 높여 이 르는 말이기도 합니다.,春秋,,춘추,춘추,
7급,93,2021-07-10,7,dokum,다음 밑줄 친 漢字語의 音을 쓰세요.,며칠 동안 집에만 있다가 모처 럼 外出하려니 비가 옵니다.,外出,,외출,외출,
7급,93,2021-07-10,8,dokum,다음 밑줄 친 漢字語의 音을 쓰세요.,이 책은 農村을 배경으로 이야 기를 써내려 갑니다.,農村,,농촌,농촌,
7급,93,2021-07-10,9,dokum,다음 밑줄 친 漢字語의 音을 쓰세요.,우리가 하고 있는 일에 대한 새 로운 정보를 入手했습니다.,入手,,입수,입수,
7급,93,2021-07-10,10,dokum,다음 밑줄 친 漢字語의 音을 쓰세요.,시골집 가는 길에 邑內에 들러 필요한 것을 사기로 했습니다.,邑內,,읍내,읍내,
7급,93,2021-07-10,11,dokum,다음 밑줄 친 漢字語의 音을 쓰세요.,다음 주까지 이 일을 해결할 方便을 찾아보기로 했습니다.,方便,,방편,방편,
7급,93,2021-07-10,12,dokum,다음 밑줄 친 漢字語의 音을 쓰세요.,이 섬은 四面이 온통 푸른빛 바다로 둘러싸여 있습니다.,四面,,사면,사면,
7급,93,2021-07-10,13,dokum,다음 밑줄 친 漢字語의 音을 쓰세요.,마을 里長님이 나오셔서 몸소 시범을 보이셨습니다.,里長,,이장,이장,
7급,93,2021-07-10,14,dokum,다음 밑줄 친 漢字語의 音을 쓰세요.,저 멀리 草家집 지붕 위로 보 름달이 둥실 떠 있습니다.,草家,,초가,초가,
7급,93,2021-07-10,15,dokum,다음 밑줄 친 漢字語의 音을 쓰세요.,오늘은 여러 나라의 國旗에 대 해 알아봅시다.,國旗,,국기,국기,
7급,93,2021-07-10,16,dokum,다음 밑줄 친 漢字語의 音을 쓰세요.,이 공책은 다섯 권 한 묶음에 五千원입니다.,五千,,오천,오천,
7급,93,2021-07-10,17,dokum,다음 밑줄 친 漢字語의 音을 쓰세요.,마을의 百姓들이 힘을 모아 무 너진 성벽을 다시 세웠습니다.,百姓,,백성,백성,
7급,93,2021-07-10,18,dokum,다음 밑줄 친 漢字語의 音을 쓰세요.,이번 텃밭 체험 後記는 우리 모둠에서 쓰기로 했습니다.,後記,,후기,후기,
7급,93,2021-07-10,19,dokum,다음 밑줄 친 漢字語의 音을 쓰세요.,양팔이 水平을 이루도록 쭉 뻗 어 주시기 바랍니다.,水平,,수평,수평,
7급,93,2021-07-10,20,dokum,다음 밑줄 친 漢字語의 音을 쓰세요.,이번 주 敎育 방송 프로그램 편성표를 나눠주셨습니다.,敎育,,교육,교육,
7급,93,2021-07-10,21,dokum,다음 밑줄 친 漢字語의 音을 쓰세요.,지각할까봐 學校까지 뛰어갔더 니 숨이 찹니다.,學校,,학교,학교,
7급,93,2021-07-10,22,dokum,다음 밑줄 친 漢字語의 音을 쓰세요.,하나의 작품을 만드는 데에는 적지 않은 時日이 걸립니다.,時日,,시일,시일,
7급,93,2021-07-10,23,dokum,다음 밑줄 친 漢字語의 音을 쓰세요.,어제 빌린 우산을 主人에게 돌 려주었습니다.,主人,,주인,주인,
7급,93,2021-07-10,24,dokum,다음 밑줄 친 漢字語의 音을 쓰세요.,어제는 멀리 이사 간 친구에게 서 電話가 왔습니다.,電話,,전화,전화,
7급,93,2021-07-10,25,dokum,다음 밑줄 친 漢字語의 音을 쓰세요.,읽다가 궁금한 점은 책의 空白 에 적어 두었습니다.,空白,,공백,공백,
7급,93,2021-07-10,26,dokum,다음 밑줄 친 漢字語의 音을 쓰세요.,드디어 무대 위로 연극배우들 이 登場하기 시작합니다.,登場,,등장,등장,
7급,93,2021-07-10,27,dokum,다음 밑줄 친 漢字語의 音을 쓰세요.,한 少年이 우리에게 마실 물을 가져다주었습니다.,少年,,소년,소년,
7급,93,2021-07-10,28,dokum,다음 밑줄 친 漢字語의 音을 쓰세요.,옆집에는 다섯 食口가 단란하 게 살고 있습니다.,食口,,식구,식구,
7급,93,2021-07-10,29,dokum,다음 밑줄 친 漢字語의 音을 쓰세요.,해마다 이맘때면 온 山川이 더 욱 푸릅니다.,山川,,산천,산천,
7급,93,2021-07-10,30,dokum,다음 밑줄 친 漢字語의 音을 쓰세요.,오늘 午前에 도서관 앞에서 친 구와 만나기로 했습니다.,午前,,오전,오전,
7급,93,2021-07-10,31,dokum,다음 밑줄 친 漢字語의 音을 쓰세요.,이 섬은 自然이 아름다워서 많 은 관광객이 찾습니다.,自然,,자연,자연,
7급,93,2021-07-10,32,dokum,다음 밑줄 친 漢字語의 音을 쓰세요.,이 고장은 하얗게 우거진 자작 나무숲으로 有名합니다.,有名,,유명,유명,
7급,93,2021-07-10,33,select_hanjaeo,다음 밑줄 친 단어에 해당하는 漢字語를 고르세요.,사과를 재배하기에 좋은 입지를 찾고 있습니다.,입지,"[""① 命中"", ""② 下答"", ""③ 立地"", ""④ 三韓""]",③,立地,
7급,93,2021-07-10,34,select_hanjaeo,다음 밑줄 친 단어에 해당하는 漢字語를 고르세요.,화살이 과녁에 명중한 것을 알리는 깃발이 올라갑니다.,명중,"[""① 命中"", ""② 下答"", ""③ 立地"", ""④ 三韓""]",①,命中,
7급,93,2021-07-10,35,hunum,다음 漢字의 訓과 音을 쓰세요.,老,老,,늙을 로,늙을 로,
7급,93,2021-07-10,36,hunum,다음 漢字의 訓과 音을 쓰세요.,世,世,,인간 세,인간 세,
7급,93,2021-07-10,37,hunum,다음 漢字의 訓과 音을 쓰세요.,數,數,,셈 수,셈 수,
7급,93,2021-07-10,38,hunum,다음 漢字의 訓과 音을 쓰세요.,直,直,,곧을 직,곧을 직,
7급,93,2021-07-10,39,hunum,다음 漢字의 訓과 音을 쓰세요.,夕,夕,,저녁 석,저녁 석,
7급,93,2021-07-10,40,hunum,다음 漢字의 訓과 音을 쓰세요.,問,問,,물을 문,물을 문,
7급,93,2021-07-10,41,hunum,다음 漢字의 訓과 音을 쓰세요.,歌,歌,,노래 가,노래 가,
7급,93,2021-07-10,42,hunum,다음 漢字의 訓과 音을 쓰세요.,同,同,,한가지 동,한가지 동,
7급,93,2021-07-10,43,hunum,다음 漢字의 訓과 音을 쓰세요.,所,所,,바 소,바 소,
7급,93,2021-07-10,44,hunum,다음 漢字의 訓과 音을 쓰세요.,天,天,,하늘 천,하늘 천,
7급,93,2021-07-10,45,hunum,다음 漢字의 訓과 音을 쓰세요.,海,海,,바다 해,바다 해,
7급,93,2021-07-10,46,hunum,다음 漢字의 訓과 音을 쓰세요.,花,花,,꽃 화,꽃 화,
7급,93,2021-07-10,47,hunum,다음 漢字의 訓과 音을 쓰세요.,住,住,,살 주,살 주,
7급,93,2021-07-10,48,hunum,다음 漢字의 訓과 音을 쓰세요.,洞,洞,,골 동,골 동,
7급,93,2021-07-10,49,hunum,다음 漢字의 訓과 音을 쓰세요.,重,重,,무거울 중,무거울 중,
7급,93,2021-07-10,50,hunum,다음 漢字의 訓과 音을 쓰세요.,事,事,,일 사,일 사,
7급,93,2021-07-10,51,hunum,다음 漢字의 訓과 音을 쓰세요.,休,休,,쉴 휴,쉴 휴,
7급,93,2021-07-10,52,hunum,다음 漢字의 訓과 音을 쓰세요.,紙,紙,,종이 지,종이 지,
7급,93,2021-07-10,53,hunum,다음 漢字의 訓과 音을 쓰세요.,道,道,,길 도,길 도,
7급,93,2021-07-10,54,hunum,다음 漢字의 訓과 音을 쓰세요.,夏,夏,,여름 하,여름 하,
7급,93,2021-07-10,55,select_hanja,다음 訓과 音에 맞는 漢字를 <보기>에서 찾아 그 번호를 쓰세요.,올 래,올 래,"[""① 來"", ""② 六"", ""③ 孝"", ""④ 冬"", ""⑤ 車"", ""⑥ 每"", ""⑦ 算"", ""⑧ 不"", ""⑨ 林"", ""⑩ 文""]",①,來,
7급,93,2021-07-10,56,select_hanja,다음 訓과 音에 맞는 漢字를 <보기>에서 찾아 그 번호를 쓰세요.,여섯 륙,여섯 륙,"[""① 來"", ""② 六"", ""③ 孝"", ""④ 冬"", ""⑤ 車"", ""⑥ 每"", ""⑦ 算"", ""⑧ 不"", ""⑨ 林"", ""⑩ 文""]",②,六,
7급,93,2021-07-10,57,select_hanja,다음 訓과 音에 맞는 漢字를 <보기>에서 찾아 그 번호를 쓰세요.,아닐 불,아닐 불,"[""① 來"", ""② 六"", ""③ 孝"", ""④ 冬"", ""⑤ 車"", ""⑥ 每"", ""⑦ 算"", ""⑧ 不"", ""⑨ 林"", ""⑩ 文""]",⑧,不,
7급,93,2021-07-10,58,select_hanja,다음 訓과 音에 맞는 漢字를 <보기>에서 찾아 그 번호를 쓰세요.,셈 산,셈 산,"[""① 來"", ""② 六"", ""③ 孝"", ""④ 冬"", ""⑤ 車"", ""⑥ 每"", ""⑦ 算"", ""⑧ 不"", ""⑨ 林"", ""⑩ 文""]",⑦,算,
7급,93,2021-07-10,59,select_hanja,다음 訓과 音에 맞는 漢字를 <보기>에서 찾아 그 번호를 쓰세요.,효도 효,효도 효,"[""① 來"", ""② 六"", ""③ 孝"", ""④ 冬"", ""⑤ 車"", ""⑥ 每"", ""⑦ 算"", ""⑧ 不"", ""⑨ 林"", ""⑩ 文""]",③,孝,
7급,93,2021-07-10,60,select_hanja,다음 訓과 音에 맞는 漢字를 <보기>에서 찾아 그 번호를 쓰세요.,수풀 림,수풀 림,"[""① 來"", ""② 六"", ""③ 孝"", ""④ 冬"", ""⑤ 車"", ""⑥ 每"", ""⑦ 算"", ""⑧ 不"", ""⑨ 林"", ""⑩ 文""]",⑨,林,
7급,93,2021-07-10,61,select_hanja,다음 訓과 音에 맞는 漢字를 <보기>에서 찾아 그 번호를 쓰세요.,겨울 동,겨울 동,"[""① 來"", ""② 六"", ""③ 孝"", ""④ 冬"", ""⑤ 車"", ""⑥ 每"", ""⑦ 算"", ""⑧ 不"", ""⑨ 林"", ""⑩ 文""]",④,冬,
7급,93,2021-07-10,62,select_hanja,다음 訓과 音에 맞는 漢字를 <보기>에서 찾아 그 번호를 쓰세요.,글월 문,글월 문,"[""① 來"", ""② 六"", ""③ 孝"", ""④ 冬"", ""⑤ 車"", ""⑥ 每"", ""⑦ 算"", ""⑧ 不"", ""⑨ 林"", ""⑩ 文""]",⑩,文,
7급,93,2021-07-10,63,select_hanja,다음 訓과 音에 맞는 漢字를 <보기>에서 찾아 그 번호를 쓰세요.,매양 매,매양 매,"[""① 來"", ""② 六"", ""③ 孝"", ""④ 冬"", ""⑤ 車"", ""⑥ 每"", ""⑦ 算"", ""⑧ 不"", ""⑨ 林"", ""⑩ 文""]",⑥,每,
7급,93,2021-07-10,64,select_hanja,다음 訓과 音에 맞는 漢字를 <보기>에서 찾아 그 번호를 쓰세요.,수레 거 | 수레 차,수레 거 | 수레 차,"[""① 來"", ""② 六"", ""③ 孝"", ""④ 冬"", ""⑤ 車"", ""⑥ 每"", ""⑦ 算"", ""⑧ 不"", ""⑨ 林"", ""⑩ 文""]",⑤,車,
7급,93,2021-07-10,65,banui_select,다음 漢字의 상대(또는 반대)되는 漢字를 <보기>에서 골라 그 번호를 쓰세요.,( ) ↔ 北,( ) ↔ 北,"[""① 王"", ""② 西"", ""③ 女"", ""④ 南""]",④,南,
7급,93,2021-07-10,66,banui_select,다음 漢字의 상대(또는 반대)되는 漢字를 <보기>에서 골라 그 번호를 쓰세요.,子 ↔ ( ),子 ↔ ( ),"[""① 王"", ""② 西"", ""③ 女"", ""④ 南""]",③,女,
7급,93,2021-07-10,67,mean_select,다음 뜻에 맞는 漢字語를 <보기>에서 찾아 그 번호를 쓰세요.,마음의 작용으로 얼굴에 드러 나는 빛.,,"[""① 生活"", ""② 力動"", ""③ 氣色"", ""④ 正東""]",③,氣色,
7급,93,2021-07-10,68,mean_select,다음 뜻에 맞는 漢字語를 <보기>에서 찾아 그 번호를 쓰세요.,힘차고 활발하게 움직임.,,"[""① 生活"", ""② 力動"", ""③ 氣色"", ""④ 正東""]",②,力動,
7급,93,2021-07-10,69,stroke,다음 漢字의 진하게 표시한 획은 몇 번째 쓰는지 <보기>에서 찾아 그 번호를 쓰세요.,,,"[""① 첫 번째"", ""② 두 번째"", ""③ 세 번째"", ""④ 네 번째"", ""⑤ 다섯 번째"", ""⑥ 여섯 번째"", ""⑦ 일곱 번째"", ""⑧ 여덟 번째"", ""⑨ 아홉 번째"", ""⑩ 열 번째""]",③,세 번째,exam-strokes/stroke_7_93_69.png
7급,93,2021-07-10,70,stroke,다음 漢字의 진하게 표시한 획은 몇 번째 쓰는지 <보기>에서 찾아 그 번호를 쓰세요.,,,"[""① 첫 번째"", ""② 두 번째"", ""③ 세 번째"", ""④ 네 번째"", ""⑤ 다섯 번째"", ""⑥ 여섯 번째"", ""⑦ 일곱 번째"", ""⑧ 여덟 번째"", ""⑨ 아홉 번째"", ""⑩ 열 번째""]",⑦,일곱 번째,exam-strokes/stroke_7_93_70.png
7급,94,2021-09-11,1,dokum,다음 밑줄 친 漢字語의 音을 쓰세요.,四寸언니는 나이가 나보다 네 살이나 많습니다.,四寸,,사촌,사촌,
7급,94,2021-09-11,2,dokum,다음 밑줄 친 漢字語의 音을 쓰세요.,그는 자기가 돈을 가져갔다고 自白했다.,自白,,자백,자백,
7급,94,2021-09-11,3,dokum,다음 밑줄 친 漢字語의 音을 쓰세요.,그의 子女들은 모두 운동선수가 되었다.,子女,,자녀,자녀,
7급,94,2021-09-11,4,dokum,다음 밑줄 친 漢字語의 音을 쓰세요.,우리 三兄弟는 서로 싸우지 않 고 잘 지낸다.,三兄弟,,삼형제,삼형제,
7급,94,2021-09-11,5,dokum,다음 밑줄 친 漢字語의 音을 쓰세요.,아버지와 나는 대학교 同門이다.,同門,,동문,동문,
7급,94,2021-09-11,6,dokum,다음 밑줄 친 漢字語의 音을 쓰세요.,그녀는 어려운 상황에 直面했을 때도 전혀 흔들리지 않았다.,直面,,직면,직면,
7급,94,2021-09-11,7,dokum,다음 밑줄 친 漢字語의 音을 쓰세요.,친구들과 선물을 사러 市內 백 화점에 갔다.,市內,,시내,시내,
7급,94,2021-09-11,8,dokum,다음 밑줄 친 漢字語의 音을 쓰세요.,그는 감각적으로 空間 활용을 잘한다.,空間,,공간,공간,
7급,94,2021-09-11,9,dokum,다음 밑줄 친 漢字語의 音을 쓰세요.,나는 每年 미국에 출장을 간다.,每年,,매년,매년,
7급,94,2021-09-11,10,dokum,다음 밑줄 친 漢字語의 音을 쓰세요.,중요한 편지는 登記로 보내는 것이 좋다.,登記,,등기,등기,
7급,94,2021-09-11,11,dokum,다음 밑줄 친 漢字語의 音을 쓰세요.,인간은 고등한 動物이다.,動物,,동물,동물,
7급,94,2021-09-11,12,dokum,다음 밑줄 친 漢字語의 音을 쓰세요.,나는 훌륭한 先生이 되기 위해 피나는 노력을 했다.,先生,,선생,선생,
7급,94,2021-09-11,13,dokum,다음 밑줄 친 漢字語의 音을 쓰세요.,내일이면 九萬里 먼 아프리카 로 떠나게 된다.,九萬里,,구만리,구만리,
7급,94,2021-09-11,14,dokum,다음 밑줄 친 漢字語의 音을 쓰세요.,그는 아직 時世를 파악하기에 는 어린 나이다.,時世,,시세,시세,
7급,94,2021-09-11,15,dokum,다음 밑줄 친 漢字語의 音을 쓰세요.,우리는 來日 다시 만나기로 했다.,來日,,내일,내일,
7급,94,2021-09-11,16,dokum,다음 밑줄 친 漢字語의 音을 쓰세요.,아파트 건설 현장에서 고려시 대 유물이 出土되었다.,出土,,출토,출토,
7급,94,2021-09-11,17,dokum,다음 밑줄 친 漢字語의 音을 쓰세요.,한국의 성장 동력은 敎育이다.,敎育,,교육,교육,
7급,94,2021-09-11,18,dokum,다음 밑줄 친 漢字語의 音을 쓰세요.,이 우물이 마을 주민의 食水를 해결해 주었다.,食水,,식수,식수,
7급,94,2021-09-11,19,dokum,다음 밑줄 친 漢字語의 音을 쓰세요.,그녀는 活氣 넘치는 목소리로 대답했다.,活氣,,활기,활기,
7급,94,2021-09-11,20,dokum,다음 밑줄 친 漢字語의 音을 쓰세요.,시상식에서 國旗가 올라가는 걸 보자 눈물이 났다.,國旗,,국기,국기,
7급,94,2021-09-11,21,dokum,다음 밑줄 친 漢字語의 音을 쓰세요.,보통 문법은 文語를 중심으로 한다.,文語,,문어,문어,
7급,94,2021-09-11,22,dokum,다음 밑줄 친 漢字語의 音을 쓰세요.,가게는 도시 中心에 위치해 있다.,中心,,중심,중심,
7급,94,2021-09-11,23,dokum,다음 밑줄 친 漢字語의 音을 쓰세요.,요즘 신세대에 맞는 軍歌를 새 로 개발해야 할 것이다.,軍歌,,군가,군가,
7급,94,2021-09-11,24,dokum,다음 밑줄 친 漢字語의 音을 쓰세요.,그는 어른들에게 人事를 잘한다.,人事,,인사,인사,
7급,94,2021-09-11,25,dokum,다음 밑줄 친 漢字語의 音을 쓰세요.,그 사람은 시골에서 花草를 가 꾸며 살고 있다.,花草,,화초,화초,
7급,94,2021-09-11,26,dokum,다음 밑줄 친 漢字語의 音을 쓰세요.,色紙를 오려서 장미꽃을 만들 었다.,色紙,,색지,색지,
7급,94,2021-09-11,27,dokum,다음 밑줄 친 漢字語의 音을 쓰세요.,강원도의 도청 소재지는 春川 이다.,春川,,춘천,춘천,
7급,94,2021-09-11,28,dokum,다음 밑줄 친 漢字語의 音을 쓰세요.,그는 처음으로 全校 일등을 했다.,全校,,전교,전교,
7급,94,2021-09-11,29,dokum,다음 밑줄 친 漢字語의 音을 쓰세요.,올 秋夕에는 보름달을 볼 수 있기를 소망한다.,秋夕,,추석,추석,
7급,94,2021-09-11,30,dokum,다음 밑줄 친 漢字語의 音을 쓰세요.,이번 수상식에는 학생들 少數 만 참여할 수 있었다.,少數,,소수,소수,
7급,94,2021-09-11,31,dokum,다음 밑줄 친 漢字語의 音을 쓰세요.,코로나19로 海外로 나갈 기회 가 거의 없어졌다.,海外,,해외,해외,
7급,94,2021-09-11,32,dokum,다음 밑줄 친 漢字語의 音을 쓰세요.,길을 건널 때는 左右를 잘 살 펴야 한다.,左右,,좌우,좌우,
7급,94,2021-09-11,33,hunum,다음 漢字의 訓과 音을 쓰세요.,主,主,,주인 주,주인 주,
7급,94,2021-09-11,34,hunum,다음 漢字의 訓과 音을 쓰세요.,正,正,,바를 정,바를 정,
7급,94,2021-09-11,35,hunum,다음 漢字의 訓과 音을 쓰세요.,孝,孝,,효도 효,효도 효,
7급,94,2021-09-11,36,hunum,다음 漢字의 訓과 音을 쓰세요.,道,道,,길 도,길 도,
7급,94,2021-09-11,37,hunum,다음 漢字의 訓과 音을 쓰세요.,立,立,,설 립,설 립,
7급,94,2021-09-11,38,hunum,다음 漢字의 訓과 音을 쓰세요.,答,答,,대답 답,대답 답,
7급,94,2021-09-11,39,hunum,다음 漢字의 訓과 音을 쓰세요.,靑,靑,,푸를 청,푸를 청,
7급,94,2021-09-11,40,hunum,다음 漢字의 訓과 音을 쓰세요.,上,上,,윗 상,윗 상,
7급,94,2021-09-11,41,hunum,다음 漢字의 訓과 音을 쓰세요.,電,電,,번개 전,번개 전,
7급,94,2021-09-11,42,hunum,다음 漢字의 訓과 音을 쓰세요.,民,民,,백성 민,백성 민,
7급,94,2021-09-11,43,hunum,다음 漢字의 訓과 音을 쓰세요.,算,算,,셈 산,셈 산,
7급,94,2021-09-11,44,hunum,다음 漢字의 訓과 音을 쓰세요.,名,名,,이름 명,이름 명,
7급,94,2021-09-11,45,hunum,다음 漢字의 訓과 音을 쓰세요.,植,植,,심을 식,심을 식,
7급,94,2021-09-11,46,hunum,다음 漢字의 訓과 音을 쓰세요.,邑,邑,,고을 읍,고을 읍,
7급,94,2021-09-11,47,hunum,다음 漢字의 訓과 音을 쓰세요.,冬,冬,,겨울 동,겨울 동,
7급,94,2021-09-11,48,hunum,다음 漢字의 訓과 音을 쓰세요.,祖,祖,,할아비 조,할아비 조,
7급,94,2021-09-11,49,hunum,다음 漢字의 訓과 音을 쓰세요.,有,有,,있을 유,있을 유,
7급,94,2021-09-11,50,hunum,다음 漢字의 訓과 音을 쓰세요.,話,話,,말씀 화,말씀 화,
7급,94,2021-09-11,51,hunum,다음 漢字의 訓과 音을 쓰세요.,夏,夏,,여름 하,여름 하,
7급,94,2021-09-11,52,hunum,다음 漢字의 訓과 音을 쓰세요.,前,前,,앞 전,앞 전,
7급,94,2021-09-11,53,select_hanja,다음 訓과 音에 맞는 漢字를 <보기>에서 찾아 그 번호를 쓰세요.,무거울 중,무거울 중,"[""① 命"", ""② 便"", ""③ 工"", ""④ 林"", ""⑤ 力"", ""⑥ 室"", ""⑦ 農"", ""⑧ 洞"", ""⑨ 休"", ""⑩ 重""]",⑩,重,
7급,94,2021-09-11,54,select_hanja,다음 訓과 音에 맞는 漢字를 <보기>에서 찾아 그 번호를 쓰세요.,힘 력,힘 력,"[""① 命"", ""② 便"", ""③ 工"", ""④ 林"", ""⑤ 力"", ""⑥ 室"", ""⑦ 農"", ""⑧ 洞"", ""⑨ 休"", ""⑩ 重""]",⑤,力,
7급,94,2021-09-11,55,select_hanja,다음 訓과 音에 맞는 漢字를 <보기>에서 찾아 그 번호를 쓰세요.,농사 농,농사 농,"[""① 命"", ""② 便"", ""③ 工"", ""④ 林"", ""⑤ 力"", ""⑥ 室"", ""⑦ 農"", ""⑧ 洞"", ""⑨ 休"", ""⑩ 重""]",⑦,農,
7급,94,2021-09-11,56,select_hanja,다음 訓과 音에 맞는 漢字를 <보기>에서 찾아 그 번호를 쓰세요.,장인 공,장인 공,"[""① 命"", ""② 便"", ""③ 工"", ""④ 林"", ""⑤ 力"", ""⑥ 室"", ""⑦ 農"", ""⑧ 洞"", ""⑨ 休"", ""⑩ 重""]",③,工,
7급,94,2021-09-11,57,select_hanja,다음 訓과 音에 맞는 漢字를 <보기>에서 찾아 그 번호를 쓰세요.,집 실,집 실,"[""① 命"", ""② 便"", ""③ 工"", ""④ 林"", ""⑤ 力"", ""⑥ 室"", ""⑦ 農"", ""⑧ 洞"", ""⑨ 休"", ""⑩ 重""]",⑥,室,
7급,94,2021-09-11,58,select_hanja,다음 訓과 音에 맞는 漢字를 <보기>에서 찾아 그 번호를 쓰세요.,편할 편/똥오줌 변,편할 편/똥오줌 변,"[""① 命"", ""② 便"", ""③ 工"", ""④ 林"", ""⑤ 力"", ""⑥ 室"", ""⑦ 農"", ""⑧ 洞"", ""⑨ 休"", ""⑩ 重""]",②,便,
7급,94,2021-09-11,59,select_hanja,다음 訓과 音에 맞는 漢字를 <보기>에서 찾아 그 번호를 쓰세요.,목숨 명,목숨 명,"[""① 命"", ""② 便"", ""③ 工"", ""④ 林"", ""⑤ 力"", ""⑥ 室"", ""⑦ 農"", ""⑧ 洞"", ""⑨ 休"", ""⑩ 重""]",①,命,
7급,94,2021-09-11,60,select_hanja,다음 訓과 音에 맞는 漢字를 <보기>에서 찾아 그 번호를 쓰세요.,수풀 림,수풀 림,"[""① 命"", ""② 便"", ""③ 工"", ""④ 林"", ""⑤ 力"", ""⑥ 室"", ""⑦ 農"", ""⑧ 洞"", ""⑨ 休"", ""⑩ 重""]",④,林,
7급,94,2021-09-11,61,select_hanja,다음 訓과 音에 맞는 漢字를 <보기>에서 찾아 그 번호를 쓰세요.,쉴 휴,쉴 휴,"[""① 命"", ""② 便"", ""③ 工"", ""④ 林"", ""⑤ 力"", ""⑥ 室"", ""⑦ 農"", ""⑧ 洞"", ""⑨ 休"", ""⑩ 重""]",⑨,休,
7급,94,2021-09-11,62,select_hanja,다음 訓과 音에 맞는 漢字를 <보기>에서 찾아 그 번호를 쓰세요.,골 동/밝을 통,골 동/밝을 통,"[""① 命"", ""② 便"", ""③ 工"", ""④ 林"", ""⑤ 力"", ""⑥ 室"", ""⑦ 農"", ""⑧ 洞"", ""⑨ 休"", ""⑩ 重""]",⑧,洞,
7급,94,2021-09-11,63,select_hanjaeo,다음 밑줄 친 단어에 해당하는 漢字語를 고르세요.,그는 천금을 주고서라도 그 물건을 손에 넣고자 하였다.,천금,"[""① 百方"", ""② 西山"", ""③ 老後"", ""④ 千金""]",④,千金,
7급,94,2021-09-11,64,select_hanjaeo,다음 밑줄 친 단어에 해당하는 漢字語를 고르세요.,경찰은 범인을 잡기 위해 백방으로 노력하고 있다.,백방,"[""① 百方"", ""② 西山"", ""③ 老後"", ""④ 千金""]",①,百方,
7급,94,2021-09-11,65,banui_select,다음 漢字의 상대(또는 반대)되는 漢字를 <보기>에서 골라 그 번호를 쓰세요.,地 ↔ ( ),地 ↔ ( ),"[""① 足"", ""② 寸"", ""③ 平"", ""④ 天""]",④,天,
7급,94,2021-09-11,66,banui_select,다음 漢字의 상대(또는 반대)되는 漢字를 <보기>에서 골라 그 번호를 쓰세요.,手 ↔ ( ),手 ↔ ( ),"[""① 足"", ""② 寸"", ""③ 平"", ""④ 天""]",①,足,
7급,94,2021-09-11,67,mean_select,다음 뜻에 맞는 漢字語를 <보기>에서 찾아 그 번호를 쓰세요.,식장이나 경기장 같은 곳에 들 어감.,,"[""① 住所"", ""② 南下"", ""③ 問安"", ""④ 入場""]",④,入場,
7급,94,2021-09-11,68,mean_select,다음 뜻에 맞는 漢字語를 <보기>에서 찾아 그 번호를 쓰세요.,남쪽으로 내려감.,,"[""① 住所"", ""② 南下"", ""③ 問安"", ""④ 入場""]",②,南下,
7급,94,2021-09-11,69,stroke,다음 漢字의 진하게 표시한 획은 몇 번째 쓰는지 <보기>에서 찾아 그 번호를 쓰세요.,,,"[""① 첫 번째"", ""② 두 번째"", ""③ 세 번째"", ""④ 네 번째"", ""⑤ 다섯 번째"", ""⑥ 여섯 번째"", ""⑦ 일곱 번째"", ""⑧ 여덟 번째"", ""⑨ 아홉 번째"", ""⑩ 열 번째""]",④,네 번째,exam-strokes/stroke_7_94_69.png
7급,94,2021-09-11,70,stroke,다음 漢字의 진하게 표시한 획은 몇 번째 쓰는지 <보기>에서 찾아 그 번호를 쓰세요.,,,"[""① 첫 번째"", ""② 두 번째"", ""③ 세 번째"", ""④ 네 번째"", ""⑤ 다섯 번째"", ""⑥ 여섯 번째"", ""⑦ 일곱 번째"", ""⑧ 여덟 번째"", ""⑨ 아홉 번째"", ""⑩ 열 번째""]",⑦,일곱 번째,exam-strokes/stroke_7_94_70.png
7급,95,2021-11-20,1,dokum,다음 밑줄 친 漢字語의 音을 쓰세요.,윗집 아저씨는 팔순의 老母를 모시고 삽니다.,老母,,노모,노모,
7급,95,2021-11-20,2,dokum,다음 밑줄 친 漢字語의 音을 쓰세요.,이번 주말에는 동네 공원 한쪽 에서 벼룩 市場이 열립니다.,市場,,시장,시장,
7급,95,2021-11-20,3,dokum,다음 밑줄 친 漢字語의 音을 쓰세요.,어머니는 늘 正直하게 살아야 한다고 말씀하셨습니다.,正直,,정직,정직,
7급,95,2021-11-20,4,dokum,다음 밑줄 친 漢字語의 音을 쓰세요.,우리 집 창문은 二重으로 되어 있습니다.,二重,,이중,이중,
7급,95,2021-11-20,5,dokum,다음 밑줄 친 漢字語의 音을 쓰세요.,할아버지께서 이제 氣力을 되찾 으셨다고 합니다.,氣力,,기력,기력,
7급,95,2021-11-20,6,dokum,다음 밑줄 친 漢字語의 音을 쓰세요.,나는 동생의 글자 工夫를 도와 주기로 했습니다.,工夫,,공부,공부,
7급,95,2021-11-20,7,dokum,다음 밑줄 친 漢字語의 音을 쓰세요.,그는 집으로 내려가는 車便을 알아보기로 했습니다.,車便,,차편,차편,
7급,95,2021-11-20,8,dokum,다음 밑줄 친 漢字語의 音을 쓰세요.,겨울동안 눈이 많이 와야 보리 農事가 잘된다고 합니다.,農事,,농사,농사,
7급,95,2021-11-20,9,dokum,다음 밑줄 친 漢字語의 音을 쓰세요.,"이 약은 하루에 세 번, 食後에 드시면 된다고 했습니다.",食後,,식후,식후,
7급,95,2021-11-20,10,dokum,다음 밑줄 친 漢字語의 音을 쓰세요.,우리들은 모두 자리에서 일어 나 힘차게 校歌를 불렀습니다.,校歌,,교가,교가,
7급,95,2021-11-20,11,dokum,다음 밑줄 친 漢字語의 音을 쓰세요.,신고를 받고 出動한 소방관들 이 불을 끄기 시작합니다.,出動,,출동,출동,
7급,95,2021-11-20,12,dokum,다음 밑줄 친 漢字語의 音을 쓰세요.,이 책은 千金을 주고도 살 수 없는 귀한 것입니다.,千金,,천금,천금,
7급,95,2021-11-20,13,dokum,다음 밑줄 친 漢字語의 音을 쓰세요.,할머니 한복의 저고리는 靑色 천으로 하기로 했습니다.,靑色,,청색,청색,
7급,95,2021-11-20,14,dokum,다음 밑줄 친 漢字語의 音을 쓰세요.,새벽부터 내린 봄비로 萬物의 새싹이 움트고 꽃이 피어나기 시작했습니다.,萬物,,만물,만물,
7급,95,2021-11-20,15,dokum,다음 밑줄 친 漢字語의 音을 쓰세요.,흐르는 물에 여러 번 깨끗하게 씻었으니 安心하고 드셔도 됩 니다.,安心,,안심,안심,
7급,95,2021-11-20,16,dokum,다음 밑줄 친 漢字語의 音을 쓰세요.,시위를 날아간 화살이 과녁에 命中하였습니다.,命中,,명중,명중,
7급,95,2021-11-20,17,dokum,다음 밑줄 친 漢字語의 音을 쓰세요.,이 고장은 四面이 모두 산으로 둘러싸여 있습니다.,四面,,사면,사면,
7급,95,2021-11-20,18,dokum,다음 밑줄 친 漢字語의 音을 쓰세요.,남은 한 쪽 벽에는 白紙를 붙 이기로 했습니다.,白紙,,백지,백지,
7급,95,2021-11-20,19,dokum,다음 밑줄 친 漢字語의 音을 쓰세요.,오늘 밤부터 來日까지 많은 비 가 내린다고 합니다.,來日,,내일,내일,
7급,95,2021-11-20,20,dokum,다음 밑줄 친 漢字語의 音을 쓰세요.,이번 秋夕에는 시골 할아버지 댁에 가기로 했습니다.,秋夕,,추석,추석,
7급,95,2021-11-20,21,dokum,다음 밑줄 친 漢字語의 音을 쓰세요.,이 집에는 세 家口가 세 들어 살고 있습니다.,家口,,가구,가구,
7급,95,2021-11-20,22,dokum,다음 밑줄 친 漢字語의 音을 쓰세요.,지난주에 빌린 우산을 主人에 게 돌려주었습니다.,主人,,주인,주인,
7급,95,2021-11-20,23,dokum,다음 밑줄 친 漢字語의 音을 쓰세요.,다음 주까지 方道를 마련하기 로 했습니다.,方道,,방도,방도,
7급,95,2021-11-20,24,dokum,다음 밑줄 친 漢字語의 音을 쓰세요.,수험생들은 지금 바로 入室해 주시기 바랍니다.,入室,,입실,입실,
7급,95,2021-11-20,25,dokum,다음 밑줄 친 漢字語의 音을 쓰세요.,가는 길에 邑內에 들러 필요한 것들을 사기로 했습니다.,邑內,,읍내,읍내,
7급,95,2021-11-20,26,dokum,다음 밑줄 친 漢字語의 音을 쓰세요.,두 사람이 서로 마주친 것은 거의 同時였습니다.,同時,,동시,동시,
7급,95,2021-11-20,27,dokum,다음 밑줄 친 漢字語의 音을 쓰세요.,그 집은 祖父님으로부터 물려 받은 것입니다.,祖父,,조부,조부,
7급,95,2021-11-20,28,dokum,다음 밑줄 친 漢字語의 音을 쓰세요.,그 서류는 우체국에 가서 빠른 登記로 부쳤습니다.,登記,,등기,등기,
7급,95,2021-11-20,29,dokum,다음 밑줄 친 漢字語의 音을 쓰세요.,그 그림은 數年 간의 작업 끝 에 완성되었습니다.,數年,,수년,수년,
7급,95,2021-11-20,30,dokum,다음 밑줄 친 漢字語의 音을 쓰세요.,그는 平生을 몸이 아픈 아이들 을 돌보며 지냈습니다.,平生,,평생,평생,
7급,95,2021-11-20,31,dokum,다음 밑줄 친 漢字語의 音을 쓰세요.,먼 外地로 떠났던 사람들이 다 시 고향에 모여들었습니다.,外地,,외지,외지,
7급,95,2021-11-20,32,dokum,다음 밑줄 친 漢字語의 音을 쓰세요.,큰 아버지는 작은 고깃배 두 척을 所有하고 있습니다.,所有,,소유,소유,
7급,95,2021-11-20,33,select_hanjaeo,다음 밑줄 친 단어에 해당하는 漢字語를 고르세요.,책장을 둘 공간을 마련하기로 했습니다.,공간,"[""① 南下"", ""② 北上"", ""③ 左右"", ""④ 空間""]",④,空間,
7급,95,2021-11-20,34,select_hanjaeo,다음 밑줄 친 단어에 해당하는 漢字語를 고르세요.,태풍이 빠른 속도로 북상하고 있습니다.,북상,"[""① 南下"", ""② 北上"", ""③ 左右"", ""④ 空間""]",②,北上,
7급,95,2021-11-20,35,hunum,다음 漢字의 訓과 音을 쓰세요.,世,世,,인간 세,인간 세,
7급,95,2021-11-20,36,hunum,다음 漢字의 訓과 音을 쓰세요.,住,住,,살 주,살 주,
7급,95,2021-11-20,37,hunum,다음 漢字의 訓과 音을 쓰세요.,村,村,,마을 촌,마을 촌,
7급,95,2021-11-20,38,hunum,다음 漢字의 訓과 音을 쓰세요.,孝,孝,,효도 효,효도 효,
7급,95,2021-11-20,39,hunum,다음 漢字의 訓과 音을 쓰세요.,植,植,,심을 식,심을 식,
7급,95,2021-11-20,40,hunum,다음 漢字의 訓과 音을 쓰세요.,川,川,,내 천,내 천,
7급,95,2021-11-20,41,hunum,다음 漢字의 訓과 音을 쓰세요.,少,少,,적을 소,적을 소,
7급,95,2021-11-20,42,hunum,다음 漢字의 訓과 音을 쓰세요.,百,百,,일백 백,일백 백,
7급,95,2021-11-20,43,hunum,다음 漢字의 訓과 音을 쓰세요.,天,天,,하늘 천,하늘 천,
7급,95,2021-11-20,44,hunum,다음 漢字의 訓과 音을 쓰세요.,冬,冬,,겨울 동,겨울 동,
7급,95,2021-11-20,45,hunum,다음 漢字의 訓과 音을 쓰세요.,春,春,,봄 춘,봄 춘,
7급,95,2021-11-20,46,hunum,다음 漢字의 訓과 音을 쓰세요.,文,文,,글월 문,글월 문,
7급,95,2021-11-20,47,hunum,다음 漢字의 訓과 音을 쓰세요.,草,草,,풀 초,풀 초,
7급,95,2021-11-20,48,hunum,다음 漢字의 訓과 音을 쓰세요.,林,林,,수풀 림,수풀 림,
7급,95,2021-11-20,49,hunum,다음 漢字의 訓과 音을 쓰세요.,里,里,,마을 리,마을 리,
7급,95,2021-11-20,50,hunum,다음 漢字의 訓과 音을 쓰세요.,花,花,,꽃 화,꽃 화,
7급,95,2021-11-20,51,hunum,다음 漢字의 訓과 音을 쓰세요.,育,育,,기를 육,기를 육,
7급,95,2021-11-20,52,hunum,다음 漢字의 訓과 音을 쓰세요.,算,算,,셈 산,셈 산,
7급,95,2021-11-20,53,hunum,다음 漢字의 訓과 音을 쓰세요.,然,然,,그럴 연,그럴 연,
7급,95,2021-11-20,54,hunum,다음 漢字의 訓과 音을 쓰세요.,休,休,,쉴 휴,쉴 휴,
7급,95,2021-11-20,55,select_hanja,다음 訓과 音에 맞는 漢字를 <보기>에서 찾아 그 번호를 쓰세요.,골 동 | 밝을 통,골 동 | 밝을 통,"[""① 旗"", ""② 夏"", ""③ 前"", ""④ 姓"", ""⑤ 六"", ""⑥ 電"", ""⑦ 活"", ""⑧ 全"", ""⑨ 洞"", ""⑩ 每""]",⑨,洞,
7급,95,2021-11-20,56,select_hanja,다음 訓과 音에 맞는 漢字를 <보기>에서 찾아 그 번호를 쓰세요.,여름 하,여름 하,"[""① 旗"", ""② 夏"", ""③ 前"", ""④ 姓"", ""⑤ 六"", ""⑥ 電"", ""⑦ 活"", ""⑧ 全"", ""⑨ 洞"", ""⑩ 每""]",②,夏,
7급,95,2021-11-20,57,select_hanja,다음 訓과 音에 맞는 漢字를 <보기>에서 찾아 그 번호를 쓰세요.,기 기,기 기,"[""① 旗"", ""② 夏"", ""③ 前"", ""④ 姓"", ""⑤ 六"", ""⑥ 電"", ""⑦ 活"", ""⑧ 全"", ""⑨ 洞"", ""⑩ 每""]",①,旗,
7급,95,2021-11-20,58,select_hanja,다음 訓과 音에 맞는 漢字를 <보기>에서 찾아 그 번호를 쓰세요.,여섯 륙,여섯 륙,"[""① 旗"", ""② 夏"", ""③ 前"", ""④ 姓"", ""⑤ 六"", ""⑥ 電"", ""⑦ 活"", ""⑧ 全"", ""⑨ 洞"", ""⑩ 每""]",⑤,六,
7급,95,2021-11-20,59,select_hanja,다음 訓과 音에 맞는 漢字를 <보기>에서 찾아 그 번호를 쓰세요.,성 성,성 성,"[""① 旗"", ""② 夏"", ""③ 前"", ""④ 姓"", ""⑤ 六"", ""⑥ 電"", ""⑦ 活"", ""⑧ 全"", ""⑨ 洞"", ""⑩ 每""]",④,姓,
7급,95,2021-11-20,60,select_hanja,다음 訓과 音에 맞는 漢字를 <보기>에서 찾아 그 번호를 쓰세요.,온전 전,온전 전,"[""① 旗"", ""② 夏"", ""③ 前"", ""④ 姓"", ""⑤ 六"", ""⑥ 電"", ""⑦ 活"", ""⑧ 全"", ""⑨ 洞"", ""⑩ 每""]",⑧,全,
7급,95,2021-11-20,61,select_hanja,다음 訓과 音에 맞는 漢字를 <보기>에서 찾아 그 번호를 쓰세요.,앞 전,앞 전,"[""① 旗"", ""② 夏"", ""③ 前"", ""④ 姓"", ""⑤ 六"", ""⑥ 電"", ""⑦ 活"", ""⑧ 全"", ""⑨ 洞"", ""⑩ 每""]",③,前,
7급,95,2021-11-20,62,select_hanja,다음 訓과 音에 맞는 漢字를 <보기>에서 찾아 그 번호를 쓰세요.,번개 전,번개 전,"[""① 旗"", ""② 夏"", ""③ 前"", ""④ 姓"", ""⑤ 六"", ""⑥ 電"", ""⑦ 活"", ""⑧ 全"", ""⑨ 洞"", ""⑩ 每""]",⑥,電,
7급,95,2021-11-20,63,select_hanja,다음 訓과 音에 맞는 漢字를 <보기>에서 찾아 그 번호를 쓰세요.,살 활,살 활,"[""① 旗"", ""② 夏"", ""③ 前"", ""④ 姓"", ""⑤ 六"", ""⑥ 電"", ""⑦ 活"", ""⑧ 全"", ""⑨ 洞"", ""⑩ 每""]",⑦,活,
7급,95,2021-11-20,64,select_hanja,다음 訓과 音에 맞는 漢字를 <보기>에서 찾아 그 번호를 쓰세요.,매양 매,매양 매,"[""① 旗"", ""② 夏"", ""③ 前"", ""④ 姓"", ""⑤ 六"", ""⑥ 電"", ""⑦ 活"", ""⑧ 全"", ""⑨ 洞"", ""⑩ 每""]",⑩,每,
7급,95,2021-11-20,65,banui_select,다음 漢字의 상대(또는 반대)되는 漢字를 <보기>에서 골라 그 번호를 쓰세요.,( ) ↔ 答,( ) ↔ 答,"[""① 長"", ""② 不"", ""③ 學"", ""④ 問""]",④,問,
7급,95,2021-11-20,66,banui_select,다음 漢字의 상대(또는 반대)되는 漢字를 <보기>에서 골라 그 번호를 쓰세요.,敎 ↔ ( ),敎 ↔ ( ),"[""① 長"", ""② 不"", ""③ 學"", ""④ 問""]",③,學,
7급,95,2021-11-20,67,mean_select,다음 뜻에 맞는 漢字語를 <보기>에서 찾아 그 번호를 쓰세요.,남에게 예속되거나 의지하지 아니하고 스스로 섬.,,"[""① 子女"", ""② 名手"", ""③ 自立"", ""④ 水軍""]",③,自立,
7급,95,2021-11-20,68,mean_select,다음 뜻에 맞는 漢字語를 <보기>에서 찾아 그 번호를 쓰세요.,기능이나 기술 따위에서 소질 과 솜씨가 뛰어난 사람.,,"[""① 子女"", ""② 名手"", ""③ 自立"", ""④ 水軍""]",②,名手,
7급,95,2021-11-20,69,stroke,다음 漢字의 진하게 표시한 획은 몇 번째 쓰는지 <보기>에서 찾아 그 번호를 쓰세요.,,,"[""① 첫 번째"", ""② 두 번째"", ""③ 세 번째"", ""④ 네 번째"", ""⑤ 다섯 번째"", ""⑥ 여섯 번째"", ""⑦ 일곱 번째"", ""⑧ 여덟 번째"", ""⑨ 아홉 번째"", ""⑩ 열 번째""]",⑨,아홉 번째,exam-strokes/stroke_7_95_69.png
7급,95,2021-11-20,70,stroke,다음 漢字의 진하게 표시한 획은 몇 번째 쓰는지 <보기>에서 찾아 그 번호를 쓰세요.,,,"[""① 첫 번째"", ""② 두 번째"", ""③ 세 번째"", ""④ 네 번째"", ""⑤ 다섯 번째"", ""⑥ 여섯 번째"", ""⑦ 일곱 번째"", ""⑧ 여덟 번째"", ""⑨ 아홉 번째"", ""⑩ 열 번째""]",③,세 번째,exam-strokes/stroke_7_95_70.png
7급,96,2022-02-26,1,dokum,다음 밑줄 친 漢字語의 音을 쓰세요.,노래 실력이 歌手 못지않습니다.,歌手,,가수,가수,
7급,96,2022-02-26,2,dokum,다음 밑줄 친 漢字語의 音을 쓰세요.,비가 오자 空氣가 깨끗해졌습니다.,空氣,,공기,공기,
7급,96,2022-02-26,3,dokum,다음 밑줄 친 漢字語의 音을 쓰세요.,한국 사람들은 敎育에 무척 관 심이 많습니다.,敎育,,교육,교육,
7급,96,2022-02-26,4,dokum,다음 밑줄 친 漢字語의 音을 쓰세요.,그는 세 형제 중 長男입니다.,長男,,장남,장남,
7급,96,2022-02-26,5,dokum,다음 밑줄 친 漢字語의 音을 쓰세요.,외모보다 內面의 아름다움이 더 중요합니다.,內面,,내면,내면,
7급,96,2022-02-26,6,dokum,다음 밑줄 친 漢字語의 音을 쓰세요.,시험은 每年 네 차례 시행됩니다.,每年,,매년,매년,
7급,96,2022-02-26,7,dokum,다음 밑줄 친 漢字語의 音을 쓰세요.,이 문제의 正答이 무엇일까 정 말 궁금합니다.,正答,,정답,정답,
7급,96,2022-02-26,8,dokum,다음 밑줄 친 漢字語의 音을 쓰세요.,전문 분야에서 뛰어나 권위를 인 정받는 사람을 大家라 합니다.,大家,,대가,대가,
7급,96,2022-02-26,9,dokum,다음 밑줄 친 漢字語의 音을 쓰세요.,立冬이 되면 겨울이 시작됩니다.,立冬,,입동,입동,
7급,96,2022-02-26,10,dokum,다음 밑줄 친 漢字語의 音을 쓰세요.,1월 1일에는 東海에 솟아오르 는 해를 보러 갑니다.,東海,,동해,동해,
7급,96,2022-02-26,11,dokum,다음 밑줄 친 漢字語의 音을 쓰세요.,인간은 來日에 대한 기대와 희 망으로 살아갑니다.,來日,,내일,내일,
7급,96,2022-02-26,12,dokum,다음 밑줄 친 漢字語의 音을 쓰세요.,올림픽에서 우리나라 力道 선 수가 금메달을 땄습니다.,力道,,역도,역도,
7급,96,2022-02-26,13,dokum,다음 밑줄 친 漢字語의 音을 쓰세요.,화살이 과녁에 命中했습니다.,命中,,명중,명중,
7급,96,2022-02-26,14,dokum,다음 밑줄 친 漢字語의 音을 쓰세요.,父母의 은혜는 늘 감사해도 모 자람이 없습니다.,父母,,부모,부모,
7급,96,2022-02-26,15,dokum,다음 밑줄 친 漢字語의 音을 쓰세요.,다른 나라와의 文物 교류는 인 류 발전의 동력이 됩니다.,文物,,문물,문물,
7급,96,2022-02-26,16,dokum,다음 밑줄 친 漢字語의 音을 쓰세요.,전통사회에서는 百姓을 나라의 근본이라 생각했습니다.,百姓,,백성,백성,
7급,96,2022-02-26,17,dokum,다음 밑줄 친 漢字語의 音을 쓰세요.,이 바람은 南西 쪽에서 불어오 는 것입니다.,南西,,남서,남서,
7급,96,2022-02-26,18,dokum,다음 밑줄 친 漢字語의 音을 쓰세요.,‘착한 부모 밑에서 孝子 난다’ 는 속담이 있습니다.,孝子,,효자,효자,
7급,96,2022-02-26,19,dokum,다음 밑줄 친 漢字語의 音을 쓰세요.,食事 자리에서의 대화를 통해 부모와 더 친밀해집니다.,食事,,식사,식사,
7급,96,2022-02-26,20,dokum,다음 밑줄 친 漢字語의 音을 쓰세요.,강원도에는 우리나라를 대표하 는 名山이 많습니다.,名山,,명산,명산,
7급,96,2022-02-26,21,dokum,다음 밑줄 친 漢字語의 音을 쓰세요.,언덕을 넘어서니 白色의 설원 이 펼쳐졌습니다.,白色,,백색,백색,
7급,96,2022-02-26,22,dokum,다음 밑줄 친 漢字語의 音을 쓰세요.,算數는 수학 능력의 기본입니다.,算數,,산수,산수,
7급,96,2022-02-26,23,dokum,다음 밑줄 친 漢字語의 音을 쓰세요.,이 世上에는 남을 위해 봉사하고 헌신하는 사람이 더 많습니다.,世上,,세상,세상,
7급,96,2022-02-26,24,dokum,다음 밑줄 친 漢字語의 音을 쓰세요.,정치인은 가장 먼저 市民의 의 견에 귀를 기울여야 합니다.,市民,,시민,시민,
7급,96,2022-02-26,25,dokum,다음 밑줄 친 漢字語의 音을 쓰세요.,행정가는 모두가 安心할 수 있 는 사회를 만들어야 합니다.,安心,,안심,안심,
7급,96,2022-02-26,26,dokum,다음 밑줄 친 漢字語의 音을 쓰세요.,우리 반 학생이 四十 명으로 늘어났습니다.,四十,,사십,사십,
7급,96,2022-02-26,27,dokum,다음 밑줄 친 漢字語의 音을 쓰세요.,씩씩하게 자라나는 어린이들이 이 나라의 主人입니다.,主人,,주인,주인,
7급,96,2022-02-26,28,dokum,다음 밑줄 친 漢字語의 音을 쓰세요.,드디어 오늘 午後에 합격자 발 표가 납니다.,午後,,오후,오후,
7급,96,2022-02-26,29,dokum,다음 밑줄 친 漢字語의 音을 쓰세요.,그 工場은 생산시설이 자동화 되었습니다.,工場,,공장,공장,
7급,96,2022-02-26,30,dokum,다음 밑줄 친 漢字語의 音을 쓰세요.,친구들과 함께 全紙에 우리 동 네 그림을 그렸습니다.,全紙,,전지,전지,
7급,96,2022-02-26,31,dokum,다음 밑줄 친 漢字語의 音을 쓰세요.,섣불리 행동해서는 안 되며 늘 自重해야 합니다.,自重,,자중,자중,
7급,96,2022-02-26,32,dokum,다음 밑줄 친 漢字語의 音을 쓰세요.,어제 학교에서 電話 예절에 대 해 배웠습니다.,電話,,전화,전화,
7급,96,2022-02-26,33,hunum,다음 漢字의 訓과 音을 쓰세요.,少,少,,적을 소,적을 소,
7급,96,2022-02-26,34,hunum,다음 漢字의 訓과 音을 쓰세요.,邑,邑,,고을 읍,고을 읍,
7급,96,2022-02-26,35,hunum,다음 漢字의 訓과 音을 쓰세요.,靑,靑,,푸를 청,푸를 청,
7급,96,2022-02-26,36,hunum,다음 漢字의 訓과 音을 쓰세요.,外,外,,바깥 외,바깥 외,
7급,96,2022-02-26,37,hunum,다음 漢字의 訓과 音을 쓰세요.,土,土,,흙 토,흙 토,
7급,96,2022-02-26,38,hunum,다음 漢字의 訓과 音을 쓰세요.,平,平,,평평할 평,평평할 평,
7급,96,2022-02-26,39,hunum,다음 漢字의 訓과 音을 쓰세요.,校,校,,학교 교,학교 교,
7급,96,2022-02-26,40,hunum,다음 漢字의 訓과 音을 쓰세요.,植,植,,심을 식,심을 식,
7급,96,2022-02-26,41,hunum,다음 漢字의 訓과 音을 쓰세요.,軍,軍,,군사 군,군사 군,
7급,96,2022-02-26,42,hunum,다음 漢字의 訓과 音을 쓰세요.,花,花,,꽃 화,꽃 화,
7급,96,2022-02-26,43,hunum,다음 漢字의 訓과 音을 쓰세요.,住,住,,살 주,살 주,
7급,96,2022-02-26,44,hunum,다음 漢字의 訓과 音을 쓰세요.,北,北,,북녘 북 | 달아날 배,북녘 북 | 달아날 배,
7급,96,2022-02-26,45,hunum,다음 漢字의 訓과 音을 쓰세요.,然,然,,그럴 연,그럴 연,
7급,96,2022-02-26,46,hunum,다음 漢字의 訓과 音을 쓰세요.,寸,寸,,마디 촌,마디 촌,
7급,96,2022-02-26,47,hunum,다음 漢字의 訓과 音을 쓰세요.,間,間,,사이 간,사이 간,
7급,96,2022-02-26,48,hunum,다음 漢字의 訓과 音을 쓰세요.,祖,祖,,할아비 조,할아비 조,
7급,96,2022-02-26,49,hunum,다음 漢字의 訓과 音을 쓰세요.,林,林,,수풀 림,수풀 림,
7급,96,2022-02-26,50,hunum,다음 漢字의 訓과 音을 쓰세요.,休,休,,쉴 휴,쉴 휴,
7급,96,2022-02-26,51,hunum,다음 漢字의 訓과 音을 쓰세요.,前,前,,앞 전,앞 전,
7급,96,2022-02-26,52,hunum,다음 漢字의 訓과 音을 쓰세요.,出,出,,날 출,날 출,
7급,96,2022-02-26,53,select_hanja,다음 訓과 音에 맞는 漢字를 <보기>에서 찾아 그 번호를 쓰세요.,늙을 로,늙을 로,"[""① 旗"", ""② 金"", ""③ 洞"", ""④ 老"", ""⑤ 問"", ""⑥ 方"", ""⑦ 室"", ""⑧ 語"", ""⑨ 便"", ""⑩ 活""]",④,老,
7급,96,2022-02-26,54,select_hanja,다음 訓과 音에 맞는 漢字를 <보기>에서 찾아 그 번호를 쓰세요.,물을 문,물을 문,"[""① 旗"", ""② 金"", ""③ 洞"", ""④ 老"", ""⑤ 問"", ""⑥ 方"", ""⑦ 室"", ""⑧ 語"", ""⑨ 便"", ""⑩ 活""]",⑤,問,
7급,96,2022-02-26,55,select_hanja,다음 訓과 音에 맞는 漢字를 <보기>에서 찾아 그 번호를 쓰세요.,집 실,집 실,"[""① 旗"", ""② 金"", ""③ 洞"", ""④ 老"", ""⑤ 問"", ""⑥ 方"", ""⑦ 室"", ""⑧ 語"", ""⑨ 便"", ""⑩ 活""]",⑦,室,
7급,96,2022-02-26,56,select_hanja,다음 訓과 音에 맞는 漢字를 <보기>에서 찾아 그 번호를 쓰세요.,말씀 어,말씀 어,"[""① 旗"", ""② 金"", ""③ 洞"", ""④ 老"", ""⑤ 問"", ""⑥ 方"", ""⑦ 室"", ""⑧ 語"", ""⑨ 便"", ""⑩ 活""]",⑧,語,
7급,96,2022-02-26,57,select_hanja,다음 訓과 音에 맞는 漢字를 <보기>에서 찾아 그 번호를 쓰세요.,기 기,기 기,"[""① 旗"", ""② 金"", ""③ 洞"", ""④ 老"", ""⑤ 問"", ""⑥ 方"", ""⑦ 室"", ""⑧ 語"", ""⑨ 便"", ""⑩ 活""]",①,旗,
7급,96,2022-02-26,58,select_hanja,다음 訓과 音에 맞는 漢字를 <보기>에서 찾아 그 번호를 쓰세요.,살 활,살 활,"[""① 旗"", ""② 金"", ""③ 洞"", ""④ 老"", ""⑤ 問"", ""⑥ 方"", ""⑦ 室"", ""⑧ 語"", ""⑨ 便"", ""⑩ 活""]",⑩,活,
7급,96,2022-02-26,59,select_hanja,다음 訓과 音에 맞는 漢字를 <보기>에서 찾아 그 번호를 쓰세요.,편할 편/똥오줌 변,편할 편/똥오줌 변,"[""① 旗"", ""② 金"", ""③ 洞"", ""④ 老"", ""⑤ 問"", ""⑥ 方"", ""⑦ 室"", ""⑧ 語"", ""⑨ 便"", ""⑩ 活""]",⑨,便,
7급,96,2022-02-26,60,select_hanja,다음 訓과 音에 맞는 漢字를 <보기>에서 찾아 그 번호를 쓰세요.,골 동/밝을 통,골 동/밝을 통,"[""① 旗"", ""② 金"", ""③ 洞"", ""④ 老"", ""⑤ 問"", ""⑥ 方"", ""⑦ 室"", ""⑧ 語"", ""⑨ 便"", ""⑩ 活""]",③,洞,
7급,96,2022-02-26,61,select_hanja,다음 訓과 音에 맞는 漢字를 <보기>에서 찾아 그 번호를 쓰세요.,쇠 금/성 김,쇠 금/성 김,"[""① 旗"", ""② 金"", ""③ 洞"", ""④ 老"", ""⑤ 問"", ""⑥ 方"", ""⑦ 室"", ""⑧ 語"", ""⑨ 便"", ""⑩ 活""]",②,金,
7급,96,2022-02-26,62,select_hanja,다음 訓과 音에 맞는 漢字를 <보기>에서 찾아 그 번호를 쓰세요.,모 방,모 방,"[""① 旗"", ""② 金"", ""③ 洞"", ""④ 老"", ""⑤ 問"", ""⑥ 方"", ""⑦ 室"", ""⑧ 語"", ""⑨ 便"", ""⑩ 活""]",⑥,方,
7급,96,2022-02-26,63,select_hanjaeo,다음 밑줄 친 단어에 해당하는 漢字語를 고르세요.,지난 여름 강촌에서 무더위를 식혔던 기억이 납니다.,강촌,"[""① 江村"", ""② 兄弟"", ""③ 不足"", ""④ 水車""]",①,江村,
7급,96,2022-02-26,64,select_hanjaeo,다음 밑줄 친 단어에 해당하는 漢字語를 고르세요.,아직은 실력이 부족하지만 꾸준히 노력해서 꼭 합격하겠습니다.,부족,"[""① 江村"", ""② 兄弟"", ""③ 不足"", ""④ 水車""]",③,不足,
7급,96,2022-02-26,65,banui_select,다음 漢字의 상대(또는 반대)되는 漢字를 <보기>에서 골라 그 번호를 쓰세요.,天 ↔ ( ),天 ↔ ( ),"[""① 夏"", ""② 地"", ""③ 右"", ""④ 川""]",②,地,
7급,96,2022-02-26,66,banui_select,다음 漢字의 상대(또는 반대)되는 漢字를 <보기>에서 골라 그 번호를 쓰세요.,左 ↔ ( ),左 ↔ ( ),"[""① 夏"", ""② 地"", ""③ 右"", ""④ 川""]",③,右,
7급,96,2022-02-26,67,mean_select,다음 뜻에 맞는 漢字語를 <보기>에서 찾아 그 번호를 쓰세요.,배우는 사람.,,"[""① 千秋"", ""② 同時"", ""③ 月夕"", ""④ 學生""]",④,學生,
7급,96,2022-02-26,68,mean_select,다음 뜻에 맞는 漢字語를 <보기>에서 찾아 그 번호를 쓰세요.,같은 때나 시기.,,"[""① 千秋"", ""② 同時"", ""③ 月夕"", ""④ 學生""]",②,同時,
7급,96,2022-02-26,69,stroke,다음 漢字의 진하게 표시한 획은 몇 번째 쓰는지 <보기>에서 찾아 그 번호를 쓰세요.,,,"[""① 첫 번째"", ""② 두 번째"", ""③ 세 번째"", ""④ 네 번째"", ""⑤ 다섯 번째"", ""⑥ 여섯 번째"", ""⑦ 일곱 번째"", ""⑧ 여덟 번째"", ""⑨ 아홉 번째"", ""⑩ 열 번째""]",⑧,여덟 번째,exam-strokes/stroke_7_96_69.png
7급,96,2022-02-26,70,stroke,다음 漢字의 진하게 표시한 획은 몇 번째 쓰는지 <보기>에서 찾아 그 번호를 쓰세요.,,,"[""① 첫 번째"", ""② 두 번째"", ""③ 세 번째"", ""④ 네 번째"", ""⑤ 다섯 번째"", ""⑥ 여섯 번째"", ""⑦ 일곱 번째"", ""⑧ 여덟 번째"", ""⑨ 아홉 번째"", ""⑩ 열 번째""]",③,세 번째,exam-strokes/stroke_7_96_70.png
7급,97,2022-05-28,1,dokum,다음 밑줄 친 漢字語의 音을 쓰세요.,지금 農村에서는 모종 옮겨심기 가 한창입니다.,農村,,농촌,농촌,
7급,97,2022-05-28,2,dokum,다음 밑줄 친 漢字語의 音을 쓰세요.,화요일에 도서관에서 독서 敎育 을 받았습니다.,敎育,,교육,교육,
7급,97,2022-05-28,3,dokum,다음 밑줄 친 漢字語의 音을 쓰세요.,우리 祖父님은 대쪽 같은 성품 을 지닌 분이셨습니다.,祖父,,조부,조부,
7급,97,2022-05-28,4,dokum,다음 밑줄 친 漢字語의 音을 쓰세요.,그 편지에는 받는 사람의 姓名 이 적혀 있지 않았습니다.,姓名,,성명,성명,
7급,97,2022-05-28,5,dokum,다음 밑줄 친 漢字語의 音을 쓰세요.,거실에 花草 몇 개를 갖다 놓고 기르기 시작했습니다.,花草,,화초,화초,
7급,97,2022-05-28,6,dokum,다음 밑줄 친 漢字語의 音을 쓰세요.,사람의 마음은 千金을 주고도 살 수 없습니다.,千金,,천금,천금,
7급,97,2022-05-28,7,dokum,다음 밑줄 친 漢字語의 音을 쓰세요.,아버지는 아침마다 電話로 할머 니의 안부를 여쭙습니다.,電話,,전화,전화,
7급,97,2022-05-28,8,dokum,다음 밑줄 친 漢字語의 音을 쓰세요.,이 집에는 다섯 家口가 세 들어 살고 있습니다.,家口,,가구,가구,
7급,97,2022-05-28,9,dokum,다음 밑줄 친 漢字語의 音을 쓰세요.,우리나라 곳곳에는 울창한 山林 이 있습니다.,山林,,산림,산림,
7급,97,2022-05-28,10,dokum,다음 밑줄 친 漢字語의 音을 쓰세요.,삼촌은 오년 째 해외에서 의료 봉사 活動을 하고 있습니다.,活動,,활동,활동,
7급,97,2022-05-28,11,dokum,다음 밑줄 친 漢字語의 音을 쓰세요.,우리는 할아버지께 春秋가 어 떻게 되시는지 여쭈었습니다.,春秋,,춘추,춘추,
7급,97,2022-05-28,12,dokum,다음 밑줄 친 漢字語의 音을 쓰세요.,그는 내 덕분에 休日을 재밌게 보냈다고 했습니다.,休日,,휴일,휴일,
7급,97,2022-05-28,13,dokum,다음 밑줄 친 漢字語의 音을 쓰세요.,이번 연극에는 많은 인물들이 登場합니다.,登場,,등장,등장,
7급,97,2022-05-28,14,dokum,다음 밑줄 친 漢字語의 音을 쓰세요.,스승님과 제자 사이에 問答이 오고 갔습니다.,問答,,문답,문답,
7급,97,2022-05-28,15,dokum,다음 밑줄 친 漢字語의 音을 쓰세요.,그는 한라산에 자생하는 植物 에 대해 연구하고 있습니다.,植物,,식물,식물,
7급,97,2022-05-28,16,dokum,다음 밑줄 친 漢字語의 音을 쓰세요.,갑작스런 큰 파도에 여객선이 左右로 흔들립니다.,左右,,좌우,좌우,
7급,97,2022-05-28,17,dokum,다음 밑줄 친 漢字語의 音을 쓰세요.,내일 午前 중에 친구와 서점에 다녀오기로 했습니다.,午前,,오전,오전,
7급,97,2022-05-28,18,dokum,다음 밑줄 친 漢字語의 音을 쓰세요.,학문이나 기술을 배우고 익히 는 것을 '工夫'라고 합니다.,工夫,,공부,공부,
7급,97,2022-05-28,19,dokum,다음 밑줄 친 漢字語의 音을 쓰세요.,아이는 두려워하는 氣色이 전 혀 없었습니다.,氣色,,기색,기색,
7급,97,2022-05-28,20,dokum,다음 밑줄 친 漢字語의 音을 쓰세요.,우리 학교 행사에 대한 記事가 지역 신문에 났습니다.,記事,,기사,기사,
7급,97,2022-05-28,21,dokum,다음 밑줄 친 漢字語의 音을 쓰세요.,홍수 피해가 우려되는 지역의 住民들을 대피시켰습니다.,住民,,주민,주민,
7급,97,2022-05-28,22,dokum,다음 밑줄 친 漢字語의 音을 쓰세요.,이곳에서 많은 고인돌이 出土 되었다고 합니다.,出土,,출토,출토,
7급,97,2022-05-28,23,dokum,다음 밑줄 친 漢字語의 音을 쓰세요.,우리는 자리를 좁혀 한 사람 더 앉을 空間을 만들었습니다.,空間,,공간,공간,
7급,97,2022-05-28,24,dokum,다음 밑줄 친 漢字語의 音을 쓰세요.,모두 자리에서 일어나 國旗에 대한 경례를 합니다.,國旗,,국기,국기,
7급,97,2022-05-28,25,dokum,다음 밑줄 친 漢字語의 音을 쓰세요.,그 건물에는 地下에 주차장이 있습니다.,地下,,지하,지하,
7급,97,2022-05-28,26,dokum,다음 밑줄 친 漢字語의 音을 쓰세요.,그는 세계 有數의 갑부로 자수 성가하였습니다.,有數,,유수,유수,
7급,97,2022-05-28,27,dokum,다음 밑줄 친 漢字語의 音을 쓰세요.,그의 소식은 紙上에 실린 기사 를 통해 알게 되었습니다.,紙上,,지상,지상,
7급,97,2022-05-28,28,dokum,다음 밑줄 친 漢字語의 音을 쓰세요.,추위에 대비해 창문을 二重으 로 만들었습니다.,二重,,이중,이중,
7급,97,2022-05-28,29,dokum,다음 밑줄 친 漢字語의 音을 쓰세요.,키 작은 少女가 엄마를 향해 달려가고 있습니다.,少女,,소녀,소녀,
7급,97,2022-05-28,30,dokum,다음 밑줄 친 漢字語의 音을 쓰세요.,할머니는 그 사실을 全然 알지 못하고 계셨습니다.,全然,,전연,전연,
7급,97,2022-05-28,31,dokum,다음 밑줄 친 漢字語의 音을 쓰세요.,우리의 전통사회는 농경 中心 의 사회였습니다.,中心,,중심,중심,
7급,97,2022-05-28,32,dokum,다음 밑줄 친 漢字語의 音을 쓰세요.,모든 수험생들은 시험 시작 전 에 入室을 완료해야 합니다.,入室,,입실,입실,
7급,97,2022-05-28,33,select_hanjaeo,다음 밑줄 친 단어에 해당하는 漢字語를 고르세요.,한 지역에서 일시에 여러 건의 화재가 발생했습니다.,일시,"[""① 一時"", ""② 後世"", ""③ 四方"", ""④ 每年""]",①,一時,
7급,97,2022-05-28,34,select_hanjaeo,다음 밑줄 친 단어에 해당하는 漢字語를 고르세요.,지구의 기온이 매년 조금씩 상승하고 있습니다.,매년,"[""① 一時"", ""② 後世"", ""③ 四方"", ""④ 每年""]",④,每年,
7급,97,2022-05-28,35,hunum,다음 漢字의 訓과 音을 쓰세요.,立,立,,설 립,설 립,
7급,97,2022-05-28,36,hunum,다음 漢字의 訓과 音을 쓰세요.,正,正,,바를 정,바를 정,
7급,97,2022-05-28,37,hunum,다음 漢字의 訓과 音을 쓰세요.,同,同,,한가지 동,한가지 동,
7급,97,2022-05-28,38,hunum,다음 漢字의 訓과 音을 쓰세요.,夏,夏,,여름 하,여름 하,
7급,97,2022-05-28,39,hunum,다음 漢字의 訓과 音을 쓰세요.,自,自,,스스로 자,스스로 자,
7급,97,2022-05-28,40,hunum,다음 漢字의 訓과 音을 쓰세요.,命,命,,목숨 명,목숨 명,
7급,97,2022-05-28,41,hunum,다음 漢字의 訓과 音을 쓰세요.,力,力,,힘 력,힘 력,
7급,97,2022-05-28,42,hunum,다음 漢字의 訓과 音을 쓰세요.,天,天,,하늘 천,하늘 천,
7급,97,2022-05-28,43,hunum,다음 漢字의 訓과 音을 쓰세요.,夕,夕,,저녁 석,저녁 석,
7급,97,2022-05-28,44,hunum,다음 漢字의 訓과 音을 쓰세요.,直,直,,곧을 직,곧을 직,
7급,97,2022-05-28,45,hunum,다음 漢字의 訓과 音을 쓰세요.,主,主,,임금/주인 주,임금/주인 주,
7급,97,2022-05-28,46,hunum,다음 漢字의 訓과 音을 쓰세요.,所,所,,바 소,바 소,
7급,97,2022-05-28,47,hunum,다음 漢字의 訓과 音을 쓰세요.,里,里,,마을 리,마을 리,
7급,97,2022-05-28,48,hunum,다음 漢字의 訓과 音을 쓰세요.,冬,冬,,겨울 동,겨울 동,
7급,97,2022-05-28,49,hunum,다음 漢字의 訓과 音을 쓰세요.,算,算,,셈 산,셈 산,
7급,97,2022-05-28,50,hunum,다음 漢字의 訓과 音을 쓰세요.,歌,歌,,노래 가,노래 가,
7급,97,2022-05-28,51,hunum,다음 漢字의 訓과 音을 쓰세요.,食,食,,밥/먹을 식,밥/먹을 식,
7급,97,2022-05-28,52,hunum,다음 漢字의 訓과 音을 쓰세요.,文,文,,글월 문,글월 문,
7급,97,2022-05-28,53,hunum,다음 漢字의 訓과 音을 쓰세요.,川,川,,내 천,내 천,
7급,97,2022-05-28,54,hunum,다음 漢字의 訓과 音을 쓰세요.,道,道,,길 도,길 도,
7급,97,2022-05-28,55,select_hanja,다음 訓과 音에 맞는 漢字를 <보기>에서 찾아 그 번호를 쓰세요.,수레 거 | 수레 차,수레 거 | 수레 차,"[""① 不"", ""② 來"", ""③ 老"", ""④ 車"", ""⑤ 孝"", ""⑥ 東"", ""⑦ 百"", ""⑧ 洞"", ""⑨ 面"", ""⑩ 六""]",④,車,
7급,97,2022-05-28,56,select_hanja,다음 訓과 音에 맞는 漢字를 <보기>에서 찾아 그 번호를 쓰세요.,동녘 동,동녘 동,"[""① 不"", ""② 來"", ""③ 老"", ""④ 車"", ""⑤ 孝"", ""⑥ 東"", ""⑦ 百"", ""⑧ 洞"", ""⑨ 面"", ""⑩ 六""]",⑥,東,
7급,97,2022-05-28,57,select_hanja,다음 訓과 音에 맞는 漢字를 <보기>에서 찾아 그 번호를 쓰세요.,골 동 | 밝을 통,골 동 | 밝을 통,"[""① 不"", ""② 來"", ""③ 老"", ""④ 車"", ""⑤ 孝"", ""⑥ 東"", ""⑦ 百"", ""⑧ 洞"", ""⑨ 面"", ""⑩ 六""]",⑧,洞,
7급,97,2022-05-28,58,select_hanja,다음 訓과 音에 맞는 漢字를 <보기>에서 찾아 그 번호를 쓰세요.,올 래,올 래,"[""① 不"", ""② 來"", ""③ 老"", ""④ 車"", ""⑤ 孝"", ""⑥ 東"", ""⑦ 百"", ""⑧ 洞"", ""⑨ 面"", ""⑩ 六""]",②,來,
7급,97,2022-05-28,59,select_hanja,다음 訓과 音에 맞는 漢字를 <보기>에서 찾아 그 번호를 쓰세요.,늙을 로,늙을 로,"[""① 不"", ""② 來"", ""③ 老"", ""④ 車"", ""⑤ 孝"", ""⑥ 東"", ""⑦ 百"", ""⑧ 洞"", ""⑨ 面"", ""⑩ 六""]",③,老,
7급,97,2022-05-28,60,select_hanja,다음 訓과 音에 맞는 漢字를 <보기>에서 찾아 그 번호를 쓰세요.,여섯 륙,여섯 륙,"[""① 不"", ""② 來"", ""③ 老"", ""④ 車"", ""⑤ 孝"", ""⑥ 東"", ""⑦ 百"", ""⑧ 洞"", ""⑨ 面"", ""⑩ 六""]",⑩,六,
7급,97,2022-05-28,61,select_hanja,다음 訓과 音에 맞는 漢字를 <보기>에서 찾아 그 번호를 쓰세요.,아닐 불,아닐 불,"[""① 不"", ""② 來"", ""③ 老"", ""④ 車"", ""⑤ 孝"", ""⑥ 東"", ""⑦ 百"", ""⑧ 洞"", ""⑨ 面"", ""⑩ 六""]",①,不,
7급,97,2022-05-28,62,select_hanja,다음 訓과 音에 맞는 漢字를 <보기>에서 찾아 그 번호를 쓰세요.,효도 효,효도 효,"[""① 不"", ""② 來"", ""③ 老"", ""④ 車"", ""⑤ 孝"", ""⑥ 東"", ""⑦ 百"", ""⑧ 洞"", ""⑨ 面"", ""⑩ 六""]",⑤,孝,
7급,97,2022-05-28,63,select_hanja,다음 訓과 音에 맞는 漢字를 <보기>에서 찾아 그 번호를 쓰세요.,일백 백,일백 백,"[""① 不"", ""② 來"", ""③ 老"", ""④ 車"", ""⑤ 孝"", ""⑥ 東"", ""⑦ 百"", ""⑧ 洞"", ""⑨ 面"", ""⑩ 六""]",⑦,百,
7급,97,2022-05-28,64,select_hanja,다음 訓과 音에 맞는 漢字를 <보기>에서 찾아 그 번호를 쓰세요.,낯 면,낯 면,"[""① 不"", ""② 來"", ""③ 老"", ""④ 車"", ""⑤ 孝"", ""⑥ 東"", ""⑦ 百"", ""⑧ 洞"", ""⑨ 面"", ""⑩ 六""]",⑨,面,
7급,97,2022-05-28,65,banui_select,다음 漢字의 상대(또는 반대)되는 漢字를 <보기>에서 골라 그 번호를 쓰세요.,( ) ↔ 足,( ) ↔ 足,"[""① 北"", ""② 手"", ""③ 水"", ""④ 外""]",②,手,
7급,97,2022-05-28,66,banui_select,다음 漢字의 상대(또는 반대)되는 漢字를 <보기>에서 골라 그 번호를 쓰세요.,內 ↔ ( ),內 ↔ ( ),"[""① 北"", ""② 手"", ""③ 水"", ""④ 外""]",④,外,
7급,97,2022-05-28,67,mean_select,다음 뜻에 맞는 漢字語를 <보기>에서 찾아 그 번호를 쓰세요.,오거나 가는 사람의 편.,,"[""① 人便"", ""② 學生"", ""③ 平安"", ""④ 海市""]",①,人便,
7급,97,2022-05-28,68,mean_select,다음 뜻에 맞는 漢字語를 <보기>에서 찾아 그 번호를 쓰세요.,걱정이나 탈이 없음. 또는 무사 히 잘 있음.,,"[""① 人便"", ""② 學生"", ""③ 平安"", ""④ 海市""]",③,平安,
7급,97,2022-05-28,69,stroke,다음 漢字의 진하게 표시한 획은 몇 번째 쓰는지 <보기>에서 찾아 그 번호를 쓰세요.,,,"[""① 첫 번째"", ""② 두 번째"", ""③ 세 번째"", ""④ 네 번째"", ""⑤ 다섯 번째"", ""⑥ 여섯 번째"", ""⑦ 일곱 번째"", ""⑧ 여덟 번째"", ""⑨ 아홉 번째"", ""⑩ 열 번째""]",⑧,여덟 번째,exam-strokes/stroke_7_97_69.png
7급,97,2022-05-28,70,stroke,다음 漢字의 진하게 표시한 획은 몇 번째 쓰는지 <보기>에서 찾아 그 번호를 쓰세요.,,,"[""① 첫 번째"", ""② 두 번째"", ""③ 세 번째"", ""④ 네 번째"", ""⑤ 다섯 번째"", ""⑥ 여섯 번째"", ""⑦ 일곱 번째"", ""⑧ 여덟 번째"", ""⑨ 아홉 번째"", ""⑩ 열 번째""]",⑦,일곱 번째,exam-strokes/stroke_7_97_70.png
7급,98,2022-08-27,1,dokum,다음 밑줄 친 漢字語의 音을 쓰세요.,이 식당 主人은 손님들에게 무 척 친절합니다.,主人,,주인,주인,
7급,98,2022-08-27,2,dokum,다음 밑줄 친 漢字語의 音을 쓰세요.,그가 西大門에서 나를 기다리고 있었습니다.,西大門,,서대문,서대문,
7급,98,2022-08-27,3,dokum,다음 밑줄 친 漢字語의 音을 쓰세요.,요즘 같은 세상에도 孝子가 많습 니다.,孝子,,효자,효자,
7급,98,2022-08-27,4,dokum,다음 밑줄 친 漢字語의 音을 쓰세요.,우리는 여행 道中에 만났습니다.,道中,,도중,도중,
7급,98,2022-08-27,5,dokum,다음 밑줄 친 漢字語의 音을 쓰세요.,독립 운동가들은 나라의 自立을 위하여 학교를 세웠습니다.,自立,,자립,자립,
7급,98,2022-08-27,6,dokum,다음 밑줄 친 漢字語의 音을 쓰세요.,이 문제는 正答을 찾기 어렵습니다.,正答,,정답,정답,
7급,98,2022-08-27,7,dokum,다음 밑줄 친 漢字語의 音을 쓰세요.,형형색색 풍선들이 上空으로 날 아올랐습니다.,上空,,상공,상공,
7급,98,2022-08-27,8,dokum,다음 밑줄 친 漢字語의 音을 쓰세요.,電車가 우리 마을을 통과합니다.,電車,,전차,전차,
7급,98,2022-08-27,9,dokum,다음 밑줄 친 漢字語의 音을 쓰세요.,民心을 얻지 못하면 국회의원이 될 수 없습니다.,民心,,민심,민심,
7급,98,2022-08-27,10,dokum,다음 밑줄 친 漢字語의 音을 쓰세요.,우리 아들은 算數를 아주 잘합니다.,算數,,산수,산수,
7급,98,2022-08-27,11,dokum,다음 밑줄 친 漢字語의 音을 쓰세요.,그는 전국 名山을 돌아다니며 건강을 돌보고 있습니다.,名山,,명산,명산,
7급,98,2022-08-27,12,dokum,다음 밑줄 친 漢字語의 音을 쓰세요.,植物도 대화를 해 주면 잘 자 랍니다.,植物,,식물,식물,
7급,98,2022-08-27,13,dokum,다음 밑줄 친 漢字語의 音을 쓰세요.,우리 할아버지가 邑內에서 가 장 연세가 많으십니다.,邑內,,읍내,읍내,
7급,98,2022-08-27,14,dokum,다음 밑줄 친 漢字語의 音을 쓰세요.,나는 祖母 밑에서 자랐습니다.,祖母,,조모,조모,
7급,98,2022-08-27,15,dokum,다음 밑줄 친 漢字語의 音을 쓰세요.,그는 멀리서 手話로 의사를 표 현했습니다.,手話,,수화,수화,
7급,98,2022-08-27,16,dokum,다음 밑줄 친 漢字語의 音을 쓰세요.,그는 午後에 주로 회의를 합니다.,午後,,오후,오후,
7급,98,2022-08-27,17,dokum,다음 밑줄 친 漢字語의 音을 쓰세요.,한국 초등학교의 敎室 환경이 아주 좋아졌습니다.,敎室,,교실,교실,
7급,98,2022-08-27,18,dokum,다음 밑줄 친 漢字語의 音을 쓰세요.,사람은 老年에 행복해야 진짜 행복한 것입니다.,老年,,노년,노년,
7급,98,2022-08-27,19,dokum,다음 밑줄 친 漢字語의 音을 쓰세요.,우리에겐 희망 가득한 來日이 있습니다.,來日,,내일,내일,
7급,98,2022-08-27,20,dokum,다음 밑줄 친 漢字語의 音을 쓰세요.,나이가 들수록 時間이 더 빠르 게 가는 것 같습니다.,時間,,시간,시간,
7급,98,2022-08-27,21,dokum,다음 밑줄 친 漢字語의 音을 쓰세요.,그는 住所가 일정치 않습니다.,住所,,주소,주소,
7급,98,2022-08-27,22,dokum,다음 밑줄 친 漢字語의 音을 쓰세요.,우리 아버지는 마을 村長으로 일하고 계십니다.,村長,,촌장,촌장,
7급,98,2022-08-27,23,dokum,다음 밑줄 친 漢字語의 音을 쓰세요.,군인들이 새로운 軍歌에 맞춰 행진했습니다.,軍歌,,군가,군가,
7급,98,2022-08-27,24,dokum,다음 밑줄 친 漢字語의 音을 쓰세요.,그는 外出할 때 꼭 손가방을 챙깁니다.,外出,,외출,외출,
7급,98,2022-08-27,25,dokum,다음 밑줄 친 漢字語의 音을 쓰세요.,나는 시골에서 花草나 기르며 살고 싶습니다.,花草,,화초,화초,
7급,98,2022-08-27,26,dokum,다음 밑줄 친 漢字語의 音을 쓰세요.,그 업체는 白色 가전제품으로 유명합니다.,白色,,백색,백색,
7급,98,2022-08-27,27,dokum,다음 밑줄 친 漢字語의 音을 쓰세요.,서울의 江南 지역은 1980년대 이후 본격 개발되었습니다.,江南,,강남,강남,
7급,98,2022-08-27,28,dokum,다음 밑줄 친 漢字語의 音을 쓰세요.,그는 수석으로 대학에 入學했 습니다.,入學,,입학,입학,
7급,98,2022-08-27,29,dokum,다음 밑줄 친 漢字語의 音을 쓰세요.,살을 빼려면 무조건 夕食을 안 하는 게 좋습니다.,夕食,,석식,석식,
7급,98,2022-08-27,30,dokum,다음 밑줄 친 漢字語의 音을 쓰세요.,삼촌은 前方에서 군 생활을 했 습니다.,前方,,전방,전방,
7급,98,2022-08-27,31,dokum,다음 밑줄 친 漢字語의 音을 쓰세요.,우리는 每月 첫째 주 수요일에 모임을 갖습니다.,每月,,매월,매월,
7급,98,2022-08-27,32,dokum,다음 밑줄 친 漢字語의 音을 쓰세요.,그는 不平 없이 늘 미소를 짓 습니다.,不平,,불평,불평,
7급,98,2022-08-27,33,hunum,다음 漢字의 訓과 音을 쓰세요.,家,家,,집 가,집 가,
7급,98,2022-08-27,34,hunum,다음 漢字의 訓과 音을 쓰세요.,少,少,,적을 소,적을 소,
7급,98,2022-08-27,35,hunum,다음 漢字의 訓과 音을 쓰세요.,動,動,,움직일 동,움직일 동,
7급,98,2022-08-27,36,hunum,다음 漢字의 訓과 音을 쓰세요.,弟,弟,,아우 제,아우 제,
7급,98,2022-08-27,37,hunum,다음 漢字의 訓과 音을 쓰세요.,先,先,,먼저 선,먼저 선,
7급,98,2022-08-27,38,hunum,다음 漢字의 訓과 音을 쓰세요.,金,金,,쇠 금,쇠 금,
7급,98,2022-08-27,39,hunum,다음 漢字의 訓과 音을 쓰세요.,然,然,,그럴 연,그럴 연,
7급,98,2022-08-27,40,hunum,다음 漢字의 訓과 音을 쓰세요.,校,校,,학교 교,학교 교,
7급,98,2022-08-27,41,hunum,다음 漢字의 訓과 音을 쓰세요.,育,育,,기를 육,기를 육,
7급,98,2022-08-27,42,hunum,다음 漢字의 訓과 音을 쓰세요.,全,全,,온전 전,온전 전,
7급,98,2022-08-27,43,hunum,다음 漢字의 訓과 音을 쓰세요.,農,農,,농사 농,농사 농,
7급,98,2022-08-27,44,hunum,다음 漢字의 訓과 音을 쓰세요.,水,水,,물 수,물 수,
7급,98,2022-08-27,45,hunum,다음 漢字의 訓과 音을 쓰세요.,生,生,,날 생,날 생,
7급,98,2022-08-27,46,hunum,다음 漢字의 訓과 音을 쓰세요.,世,世,,인간 세,인간 세,
7급,98,2022-08-27,47,hunum,다음 漢字의 訓과 音을 쓰세요.,土,土,,흙 토,흙 토,
7급,98,2022-08-27,48,hunum,다음 漢字의 訓과 音을 쓰세요.,氣,氣,,기운 기,기운 기,
7급,98,2022-08-27,49,hunum,다음 漢字의 訓과 音을 쓰세요.,父,父,,아비 부,아비 부,
7급,98,2022-08-27,50,hunum,다음 漢字의 訓과 音을 쓰세요.,命,命,,목숨 명,목숨 명,
7급,98,2022-08-27,51,hunum,다음 漢字의 訓과 音을 쓰세요.,夏,夏,,여름 하,여름 하,
7급,98,2022-08-27,52,hunum,다음 漢字의 訓과 音을 쓰세요.,旗,旗,,기 기,기 기,
7급,98,2022-08-27,53,select_hanja,다음 訓과 音에 맞는 漢字를 <보기>에서 찾아 그 번호를 쓰세요.,무거울 중,무거울 중,"[""① 川"", ""② 同"", ""③ 工"", ""④ 林"", ""⑤ 登"", ""⑥ 有"", ""⑦ 里"", ""⑧ 東"", ""⑨ 休"", ""⑩ 重""]",⑩,重,
7급,98,2022-08-27,54,select_hanja,다음 訓과 音에 맞는 漢字를 <보기>에서 찾아 그 번호를 쓰세요.,내 천,내 천,"[""① 川"", ""② 同"", ""③ 工"", ""④ 林"", ""⑤ 登"", ""⑥ 有"", ""⑦ 里"", ""⑧ 東"", ""⑨ 休"", ""⑩ 重""]",①,川,
7급,98,2022-08-27,55,select_hanja,다음 訓과 音에 맞는 漢字를 <보기>에서 찾아 그 번호를 쓰세요.,마을 리,마을 리,"[""① 川"", ""② 同"", ""③ 工"", ""④ 林"", ""⑤ 登"", ""⑥ 有"", ""⑦ 里"", ""⑧ 東"", ""⑨ 休"", ""⑩ 重""]",⑦,里,
7급,98,2022-08-27,56,select_hanja,다음 訓과 音에 맞는 漢字를 <보기>에서 찾아 그 번호를 쓰세요.,장인 공,장인 공,"[""① 川"", ""② 同"", ""③ 工"", ""④ 林"", ""⑤ 登"", ""⑥ 有"", ""⑦ 里"", ""⑧ 東"", ""⑨ 休"", ""⑩ 重""]",③,工,
7급,98,2022-08-27,57,select_hanja,다음 訓과 音에 맞는 漢字를 <보기>에서 찾아 그 번호를 쓰세요.,오를 등,오를 등,"[""① 川"", ""② 同"", ""③ 工"", ""④ 林"", ""⑤ 登"", ""⑥ 有"", ""⑦ 里"", ""⑧ 東"", ""⑨ 休"", ""⑩ 重""]",⑤,登,
7급,98,2022-08-27,58,select_hanja,다음 訓과 音에 맞는 漢字를 <보기>에서 찾아 그 번호를 쓰세요.,한가지 동,한가지 동,"[""① 川"", ""② 同"", ""③ 工"", ""④ 林"", ""⑤ 登"", ""⑥ 有"", ""⑦ 里"", ""⑧ 東"", ""⑨ 休"", ""⑩ 重""]",②,同,
7급,98,2022-08-27,59,select_hanja,다음 訓과 音에 맞는 漢字를 <보기>에서 찾아 그 번호를 쓰세요.,있을 유,있을 유,"[""① 川"", ""② 同"", ""③ 工"", ""④ 林"", ""⑤ 登"", ""⑥ 有"", ""⑦ 里"", ""⑧ 東"", ""⑨ 休"", ""⑩ 重""]",⑥,有,
7급,98,2022-08-27,60,select_hanja,다음 訓과 音에 맞는 漢字를 <보기>에서 찾아 그 번호를 쓰세요.,수풀 림,수풀 림,"[""① 川"", ""② 同"", ""③ 工"", ""④ 林"", ""⑤ 登"", ""⑥ 有"", ""⑦ 里"", ""⑧ 東"", ""⑨ 休"", ""⑩ 重""]",④,林,
7급,98,2022-08-27,61,select_hanja,다음 訓과 音에 맞는 漢字를 <보기>에서 찾아 그 번호를 쓰세요.,쉴 휴,쉴 휴,"[""① 川"", ""② 同"", ""③ 工"", ""④ 林"", ""⑤ 登"", ""⑥ 有"", ""⑦ 里"", ""⑧ 東"", ""⑨ 休"", ""⑩ 重""]",⑨,休,
7급,98,2022-08-27,62,select_hanja,다음 訓과 音에 맞는 漢字를 <보기>에서 찾아 그 번호를 쓰세요.,동녘 동,동녘 동,"[""① 川"", ""② 同"", ""③ 工"", ""④ 林"", ""⑤ 登"", ""⑥ 有"", ""⑦ 里"", ""⑧ 東"", ""⑨ 休"", ""⑩ 重""]",⑧,東,
7급,98,2022-08-27,63,select_hanjaeo,다음 밑줄 친 단어에 해당하는 漢字語를 고르세요.,대학을 못 간 것이 천추의 한 으로 남습니다.,천추,"[""① 兄夫"", ""② 百姓"", ""③ 活力"", ""④ 千秋""]",④,千秋,
7급,98,2022-08-27,64,select_hanjaeo,다음 밑줄 친 단어에 해당하는 漢字語를 고르세요.,임금은 백성을 위해 존재합니 다.,백성,"[""① 兄夫"", ""② 百姓"", ""③ 活力"", ""④ 千秋""]",②,百姓,
7급,98,2022-08-27,65,banui_select,다음 漢字의 상대(또는 반대)되는 漢字를 <보기>에서 골라 그 번호를 쓰세요.,左 ↔ ( ),左 ↔ ( ),"[""① 地"", ""② 寸"", ""③ 北"", ""④ 右""]",④,右,
7급,98,2022-08-27,66,banui_select,다음 漢字의 상대(또는 반대)되는 漢字를 <보기>에서 골라 그 번호를 쓰세요.,天 ↔ ( ),天 ↔ ( ),"[""① 地"", ""② 寸"", ""③ 北"", ""④ 右""]",①,地,
7급,98,2022-08-27,67,mean_select,다음 뜻에 맞는 漢字語를 <보기>에서 찾아 그 번호를 쓰세요.,어떠한 일이나 사물을 직접 당 하거나 접함.,,"[""① 市場"", ""② 靑春"", ""③ 記事"", ""④ 直面""]",④,直面,
7급,98,2022-08-27,68,mean_select,다음 뜻에 맞는 漢字語를 <보기>에서 찾아 그 번호를 쓰세요.,십 대 후반에서 이십 대에 걸 치는 인생의 젊은 나이.,,"[""① 市場"", ""② 靑春"", ""③ 記事"", ""④ 直面""]",②,靑春,
7급,98,2022-08-27,69,stroke,다음 漢字의 진하게 표시한 획은 몇 번째 쓰는지 <보기>에서 찾아 그 번호를 쓰세요.,,,"[""① 첫 번째"", ""② 두 번째"", ""③ 세 번째"", ""④ 네 번째"", ""⑤ 다섯 번째"", ""⑥ 여섯 번째"", ""⑦ 일곱 번째"", ""⑧ 여덟 번째"", ""⑨ 아홉 번째"", ""⑩ 열 번째""]",⑥,여섯 번째,exam-strokes/stroke_7_98_69.png
7급,98,2022-08-27,70,stroke,다음 漢字의 진하게 표시한 획은 몇 번째 쓰는지 <보기>에서 찾아 그 번호를 쓰세요.,,,"[""① 첫 번째"", ""② 두 번째"", ""③ 세 번째"", ""④ 네 번째"", ""⑤ 다섯 번째"", ""⑥ 여섯 번째"", ""⑦ 일곱 번째"", ""⑧ 여덟 번째"", ""⑨ 아홉 번째"", ""⑩ 열 번째""]",⑧,여덟 번째,exam-strokes/stroke_7_98_70.png
7급,99,2022-11-26,1,dokum,다음 밑줄 친 漢字語의 音을 쓰세요.,약속한 시간보다 조금 일찍 모 임 場所에 나갔습니다.,場所,,장소,장소,
7급,99,2022-11-26,2,dokum,다음 밑줄 친 漢字語의 音을 쓰세요.,안락의자에 앉으니 便安합니다.,便安,,편안,편안,
7급,99,2022-11-26,3,dokum,다음 밑줄 친 漢字語의 音을 쓰세요.,화분에 심은 花草들을 창가로 옮겼습니다.,花草,,화초,화초,
7급,99,2022-11-26,4,dokum,다음 밑줄 친 漢字語의 音을 쓰세요.,북극 지방의 上空에는 오로라가 나타납니다.,上空,,상공,상공,
7급,99,2022-11-26,5,dokum,다음 밑줄 친 漢字語의 音을 쓰세요.,신하들이 모두 모여 國事를 논 의하였습니다.,國事,,국사,국사,
7급,99,2022-11-26,6,dokum,다음 밑줄 친 漢字語의 音을 쓰세요.,할아버지께서는 每日 새벽마다 약수터를 가십니다.,每日,,매일,매일,
7급,99,2022-11-26,7,dokum,다음 밑줄 친 漢字語의 音을 쓰세요.,신라의 군사가 백제의 성을 三重으로 포위했습니다.,三重,,삼중,삼중,
7급,99,2022-11-26,8,dokum,다음 밑줄 친 漢字語의 音을 쓰세요.,광장에는 數千명의 인파가 몰려 들었습니다.,數千,,수천,수천,
7급,99,2022-11-26,9,dokum,다음 밑줄 친 漢字語의 音을 쓰세요.,철수는 앞길이 萬里 같은 팔팔 한 청년입니다.,萬里,,만리,만리,
7급,99,2022-11-26,10,dokum,다음 밑줄 친 漢字語의 音을 쓰세요.,아버지는 우리에게 自立 정신 을 심어주려고 애쓰셨습니다.,自立,,자립,자립,
7급,99,2022-11-26,11,dokum,다음 밑줄 친 漢字語의 音을 쓰세요.,시험장에 入室할 때에는 수험 표를 지참해야 합니다.,入室,,입실,입실,
7급,99,2022-11-26,12,dokum,다음 밑줄 친 漢字語의 音을 쓰세요.,암행어사는 王命을 받들고 민 정을 살폈습니다.,王命,,왕명,왕명,
7급,99,2022-11-26,13,dokum,다음 밑줄 친 漢字語의 音을 쓰세요.,최근에는 電氣 자동차가 각광 을 받고 있습니다.,電氣,,전기,전기,
7급,99,2022-11-26,14,dokum,다음 밑줄 친 漢字語의 音을 쓰세요.,오랜만에 온 食口가 한 자리에 모였습니다.,食口,,식구,식구,
7급,99,2022-11-26,15,dokum,다음 밑줄 친 漢字語의 音을 쓰세요.,새로 개봉한 영화가 世間의 화 제가 되고 있습니다.,世間,,세간,세간,
7급,99,2022-11-26,16,dokum,다음 밑줄 친 漢字語의 音을 쓰세요.,下午가 되면서 놀이터에 아이 들이 모여들었습니다.,下午,,하오,하오,
7급,99,2022-11-26,17,dokum,다음 밑줄 친 漢字語의 音을 쓰세요.,심청이 아버지의 눈을 뜨게 하 기 위해 百方으로 애썼습니다.,百方,,백방,백방,
7급,99,2022-11-26,18,dokum,다음 밑줄 친 漢字語의 音을 쓰세요.,나무를 심고 가꾸는 일을 育林 이라고 합니다.,育林,,육림,육림,
7급,99,2022-11-26,19,dokum,다음 밑줄 친 漢字語의 音을 쓰세요.,배 한 척이 외로이 水面 위에 떠 있습니다.,水面,,수면,수면,
7급,99,2022-11-26,20,dokum,다음 밑줄 친 漢字語의 音을 쓰세요.,한 젊은 夫人이 아이 손을 잡 고 공원을 산책하였습니다.,夫人,,부인,부인,
7급,99,2022-11-26,21,dokum,다음 밑줄 친 漢字語의 音을 쓰세요.,나는 두 사람 사이의 말다툼에 서 中道의 입장을 취했습니다.,中道,,중도,중도,
7급,99,2022-11-26,22,dokum,다음 밑줄 친 漢字語의 音을 쓰세요.,저는 오 형제 중의 長男입니다.,長男,,장남,장남,
7급,99,2022-11-26,23,dokum,다음 밑줄 친 漢字語의 音을 쓰세요.,태풍이 南海안을 강타하고 지 나갔습니다.,南海,,남해,남해,
7급,99,2022-11-26,24,dokum,다음 밑줄 친 漢字語의 音을 쓰세요.,두 사람은 거의 同時에 결승점 에 들어왔습니다.,同時,,동시,동시,
7급,99,2022-11-26,25,dokum,다음 밑줄 친 漢字語의 音을 쓰세요.,車內에서는 반드시 안전띠를 맵니다.,車內,,차내,차내,
7급,99,2022-11-26,26,dokum,다음 밑줄 친 漢字語의 音을 쓰세요.,그는 이번 게임에서도 先手를 빼앗겼습니다.,先手,,선수,선수,
7급,99,2022-11-26,27,dokum,다음 밑줄 친 漢字語의 音을 쓰세요.,고향집 門前에 들어서자 바둑 이가 반갑게 꼬리칩니다.,門前,,문전,문전,
7급,99,2022-11-26,28,dokum,다음 밑줄 친 漢字語의 音을 쓰세요.,그 일이 있은 直後 곧바로 영 희에게 연락했습니다.,直後,,직후,직후,
7급,99,2022-11-26,29,dokum,다음 밑줄 친 漢字語의 音을 쓰세요.,제가 막중한 그 일을 감당하기 에는 力不足입니다.,力不足,,역부족,역부족,
7급,99,2022-11-26,30,dokum,다음 밑줄 친 漢字語의 音을 쓰세요.,함박눈이 내려 天地가 온통 하 얗습니다.,天地,,천지,천지,
7급,99,2022-11-26,31,dokum,다음 밑줄 친 漢字語의 音을 쓰세요.,영희는 취미 活動으로 스포츠 댄스를 배우고 있습니다.,活動,,활동,활동,
7급,99,2022-11-26,32,dokum,다음 밑줄 친 漢字語의 音을 쓰세요.,우리 동네 住民들은 대부분 농 사를 짓습니다.,住民,,주민,주민,
7급,99,2022-11-26,33,select_hanjaeo,다음 밑줄 친 단어에 해당하는 漢字語를 고르세요.,철수는 내게 정색을 하고 단호 하게 말했습니다.,정색,"[""① 有名"", ""② 正色"", ""③ 登校"", ""④ 農旗""]",②,正色,
7급,99,2022-11-26,34,select_hanjaeo,다음 밑줄 친 단어에 해당하는 漢字語를 고르세요.,두레꾼들이 농기를 앞세우고 신나게 풍물을 울립니다.,농기,"[""① 有名"", ""② 正色"", ""③ 登校"", ""④ 農旗""]",④,農旗,
7급,99,2022-11-26,35,hunum,다음 漢字의 訓과 音을 쓰세요.,算,算,,셈 산,셈 산,
7급,99,2022-11-26,36,hunum,다음 漢字의 訓과 音을 쓰세요.,然,然,,그럴 연,그럴 연,
7급,99,2022-11-26,37,hunum,다음 漢字의 訓과 音을 쓰세요.,左,左,,왼 좌,왼 좌,
7급,99,2022-11-26,38,hunum,다음 漢字의 訓과 音을 쓰세요.,江,江,,강 강,강 강,
7급,99,2022-11-26,39,hunum,다음 漢字의 訓과 音을 쓰세요.,主,主,,임금/주인 주,임금/주인 주,
7급,99,2022-11-26,40,hunum,다음 漢字의 訓과 音을 쓰세요.,孝,孝,,효도 효,효도 효,
7급,99,2022-11-26,41,hunum,다음 漢字의 訓과 音을 쓰세요.,記,記,,기록할 기,기록할 기,
7급,99,2022-11-26,42,hunum,다음 漢字의 訓과 音을 쓰세요.,老,老,,늙을 로,늙을 로,
7급,99,2022-11-26,43,hunum,다음 漢字의 訓과 音을 쓰세요.,平,平,,평평할 평,평평할 평,
7급,99,2022-11-26,44,hunum,다음 漢字의 訓과 音을 쓰세요.,子,子,,아들 자,아들 자,
7급,99,2022-11-26,45,hunum,다음 漢字의 訓과 音을 쓰세요.,夏,夏,,여름 하,여름 하,
7급,99,2022-11-26,46,hunum,다음 漢字의 訓과 音을 쓰세요.,右,右,,오를/오른(쪽) 우,오를/오른(쪽) 우,
7급,99,2022-11-26,47,hunum,다음 漢字의 訓과 音을 쓰세요.,五,五,,다섯 오,다섯 오,
7급,99,2022-11-26,48,hunum,다음 漢字의 訓과 音을 쓰세요.,軍,軍,,군사 군,군사 군,
7급,99,2022-11-26,49,hunum,다음 漢字의 訓과 音을 쓰세요.,冬,冬,,겨울 동,겨울 동,
7급,99,2022-11-26,50,hunum,다음 漢字의 訓과 音을 쓰세요.,少,少,,적을 소,적을 소,
7급,99,2022-11-26,51,hunum,다음 漢字의 訓과 音을 쓰세요.,年,年,,해 년,해 년,
7급,99,2022-11-26,52,hunum,다음 漢字의 訓과 音을 쓰세요.,歌,歌,,노래 가,노래 가,
7급,99,2022-11-26,53,hunum,다음 漢字의 訓과 音을 쓰세요.,休,休,,쉴 휴,쉴 휴,
7급,99,2022-11-26,54,hunum,다음 漢字의 訓과 音을 쓰세요.,敎,敎,,가르칠 교,가르칠 교,
7급,99,2022-11-26,55,select_hanja,다음 訓과 音에 맞는 漢字를 <보기>에서 찾아 그 번호를 쓰세요.,내 천,내 천,"[""① 答"", ""② 祖"", ""③ 洞"", ""④ 北"", ""⑤ 話"", ""⑥ 小"", ""⑦ 工"", ""⑧ 川"", ""⑨ 來"", ""⑩ 姓""]",⑧,川,
7급,99,2022-11-26,56,select_hanja,다음 訓과 音에 맞는 漢字를 <보기>에서 찾아 그 번호를 쓰세요.,할아비 조,할아비 조,"[""① 答"", ""② 祖"", ""③ 洞"", ""④ 北"", ""⑤ 話"", ""⑥ 小"", ""⑦ 工"", ""⑧ 川"", ""⑨ 來"", ""⑩ 姓""]",②,祖,
7급,99,2022-11-26,57,select_hanja,다음 訓과 音에 맞는 漢字를 <보기>에서 찾아 그 번호를 쓰세요.,올 래,올 래,"[""① 答"", ""② 祖"", ""③ 洞"", ""④ 北"", ""⑤ 話"", ""⑥ 小"", ""⑦ 工"", ""⑧ 川"", ""⑨ 來"", ""⑩ 姓""]",⑨,來,
7급,99,2022-11-26,58,select_hanja,다음 訓과 音에 맞는 漢字를 <보기>에서 찾아 그 번호를 쓰세요.,골 동 | 밝을 통,골 동 | 밝을 통,"[""① 答"", ""② 祖"", ""③ 洞"", ""④ 北"", ""⑤ 話"", ""⑥ 小"", ""⑦ 工"", ""⑧ 川"", ""⑨ 來"", ""⑩ 姓""]",③,洞,
7급,99,2022-11-26,59,select_hanja,다음 訓과 音에 맞는 漢字를 <보기>에서 찾아 그 번호를 쓰세요.,장인 공,장인 공,"[""① 答"", ""② 祖"", ""③ 洞"", ""④ 北"", ""⑤ 話"", ""⑥ 小"", ""⑦ 工"", ""⑧ 川"", ""⑨ 來"", ""⑩ 姓""]",⑦,工,
7급,99,2022-11-26,60,select_hanja,다음 訓과 音에 맞는 漢字를 <보기>에서 찾아 그 번호를 쓰세요.,말씀 화,말씀 화,"[""① 答"", ""② 祖"", ""③ 洞"", ""④ 北"", ""⑤ 話"", ""⑥ 小"", ""⑦ 工"", ""⑧ 川"", ""⑨ 來"", ""⑩ 姓""]",⑤,話,
7급,99,2022-11-26,61,select_hanja,다음 訓과 音에 맞는 漢字를 <보기>에서 찾아 그 번호를 쓰세요.,대답 답,대답 답,"[""① 答"", ""② 祖"", ""③ 洞"", ""④ 北"", ""⑤ 話"", ""⑥ 小"", ""⑦ 工"", ""⑧ 川"", ""⑨ 來"", ""⑩ 姓""]",①,答,
7급,99,2022-11-26,62,select_hanja,다음 訓과 音에 맞는 漢字를 <보기>에서 찾아 그 번호를 쓰세요.,성 성,성 성,"[""① 答"", ""② 祖"", ""③ 洞"", ""④ 北"", ""⑤ 話"", ""⑥ 小"", ""⑦ 工"", ""⑧ 川"", ""⑨ 來"", ""⑩ 姓""]",⑩,姓,
7급,99,2022-11-26,63,select_hanja,다음 訓과 音에 맞는 漢字를 <보기>에서 찾아 그 번호를 쓰세요.,북녘 북 | 달아날 배,북녘 북 | 달아날 배,"[""① 答"", ""② 祖"", ""③ 洞"", ""④ 北"", ""⑤ 話"", ""⑥ 小"", ""⑦ 工"", ""⑧ 川"", ""⑨ 來"", ""⑩ 姓""]",④,北,
7급,99,2022-11-26,64,select_hanja,다음 訓과 音에 맞는 漢字를 <보기>에서 찾아 그 번호를 쓰세요.,작을 소,작을 소,"[""① 答"", ""② 祖"", ""③ 洞"", ""④ 北"", ""⑤ 話"", ""⑥ 小"", ""⑦ 工"", ""⑧ 川"", ""⑨ 來"", ""⑩ 姓""]",⑥,小,
7급,99,2022-11-26,65,banui_select,다음 漢字의 상대(또는 반대)되는 漢字를 <보기>에서 골라 그 번호를 쓰세요.,( ) ↔ 心,( ) ↔ 心,"[""① 秋"", ""② 邑"", ""③ 物"", ""④ 夕""]",③,物,
7급,99,2022-11-26,66,banui_select,다음 漢字의 상대(또는 반대)되는 漢字를 <보기>에서 골라 그 번호를 쓰세요.,春 ↔ ( ),春 ↔ ( ),"[""① 秋"", ""② 邑"", ""③ 物"", ""④ 夕""]",①,秋,
7급,99,2022-11-26,67,mean_select,다음 뜻에 맞는 漢字語를 <보기>에서 찾아 그 번호를 쓰세요.,시골 마을에 있는 집.,,"[""① 植木"", ""② 出市"", ""③ 白紙"", ""④ 村家""]",④,村家,
7급,99,2022-11-26,68,mean_select,다음 뜻에 맞는 漢字語를 <보기>에서 찾아 그 번호를 쓰세요.,상품이 시중에 나옴.,,"[""① 植木"", ""② 出市"", ""③ 白紙"", ""④ 村家""]",②,出市,
7급,99,2022-11-26,69,stroke,다음 漢字의 진하게 표시한 획은 몇 번째 쓰는지 <보기>에서 찾아 그 번호를 쓰세요.,,,"[""① 첫 번째"", ""② 두 번째"", ""③ 세 번째"", ""④ 네 번째"", ""⑤ 다섯 번째"", ""⑥ 여섯 번째"", ""⑦ 일곱 번째"", ""⑧ 여덟 번째"", ""⑨ 아홉 번째"", ""⑩ 열 번째""]",④,네 번째,exam-strokes/stroke_7_99_69.png
7급,99,2022-11-26,70,stroke,다음 漢字의 진하게 표시한 획은 몇 번째 쓰는지 <보기>에서 찾아 그 번호를 쓰세요.,,,"[""① 첫 번째"", ""② 두 번째"", ""③ 세 번째"", ""④ 네 번째"", ""⑤ 다섯 번째"", ""⑥ 여섯 번째"", ""⑦ 일곱 번째"", ""⑧ 여덟 번째"", ""⑨ 아홉 번째"", ""⑩ 열 번째""]",⑤,다섯 번째,exam-strokes/stroke_7_99_70.png
7급,100,2023-02-25,1,dokum,다음 밑줄 친 漢字語의 音을 쓰세요.,그는 집안의 家長으로서 최선을 다했습니다.,家長,,가장,가장,
7급,100,2023-02-25,2,dokum,다음 밑줄 친 漢字語의 音을 쓰세요.,이곳은 비좁아서 空間을 잘 활 용해야 합니다.,空間,,공간,공간,
7급,100,2023-02-25,3,dokum,다음 밑줄 친 漢字語의 音을 쓰세요.,정치인은 國民의 의견에 귀 기 울여야 합니다.,國民,,국민,국민,
7급,100,2023-02-25,4,dokum,다음 밑줄 친 漢字語의 音을 쓰세요.,"충청도와 경상도, 전라도를 일 컬어 三南이라 합니다.",三南,,삼남,삼남,
7급,100,2023-02-25,5,dokum,다음 밑줄 친 漢字語의 音을 쓰세요.,사람은 內面의 아름다움을 길러 야 합니다.,內面,,내면,내면,
7급,100,2023-02-25,6,dokum,다음 밑줄 친 漢字語의 音을 쓰세요.,농업과 임업을 합쳐 農林이라 부릅니다.,農林,,농림,농림,
7급,100,2023-02-25,7,dokum,다음 밑줄 친 漢字語의 音을 쓰세요.,答紙에는 글자를 또박또박 써야 합니다.,答紙,,답지,답지,
7급,100,2023-02-25,8,dokum,다음 밑줄 친 漢字語의 音을 쓰세요.,생명을 가졌다는 점에서 인간과 動物은 동일합니다.,動物,,동물,동물,
7급,100,2023-02-25,9,dokum,다음 밑줄 친 漢字語의 音을 쓰세요.,신기술의 登場은 인류의 미래를 풍요롭게 합니다.,登場,,등장,등장,
7급,100,2023-02-25,10,dokum,다음 밑줄 친 漢字語의 音을 쓰세요.,유명한 가수가 다음 주에 來韓 공연을 합니다.,來韓,,내한,내한,
7급,100,2023-02-25,11,dokum,다음 밑줄 친 漢字語의 音을 쓰세요.,올겨울 추위로 電力 부족을 걱 정하게 되었습니다.,電力,,전력,전력,
7급,100,2023-02-25,12,dokum,다음 밑줄 친 漢字語의 音을 쓰세요.,老母의 쇠약한 모습에 마음이 아팠습니다.,老母,,노모,노모,
7급,100,2023-02-25,13,dokum,다음 밑줄 친 漢字語의 音을 쓰세요.,每事에 신중해야 실수를 줄일 수 있습니다.,每事,,매사,매사,
7급,100,2023-02-25,14,dokum,다음 밑줄 친 漢字語의 音을 쓰세요.,봄이 되자 名所가 관광객들로 붐빕니다.,名所,,명소,명소,
7급,100,2023-02-25,15,dokum,다음 밑줄 친 漢字語의 音을 쓰세요.,할머니께 화상통화로 問安 인 사를 드렸습니다.,問安,,문안,문안,
7급,100,2023-02-25,16,dokum,다음 밑줄 친 漢字語의 音을 쓰세요.,四方이 안개로 가득 차 앞이 보이지 않을 정도였습니다.,四方,,사방,사방,
7급,100,2023-02-25,17,dokum,다음 밑줄 친 漢字語의 音을 쓰세요.,코로나 확진자가 百萬을 넘어 섰습니다.,百萬,,백만,백만,
7급,100,2023-02-25,18,dokum,다음 밑줄 친 漢字語의 音을 쓰세요.,父女의 닮은 모습에 친지들이 즐거워했습니다.,父女,,부녀,부녀,
7급,100,2023-02-25,19,dokum,다음 밑줄 친 漢字語의 音을 쓰세요.,수학의 기본은 算數입니다.,算數,,산수,산수,
7급,100,2023-02-25,20,dokum,다음 밑줄 친 漢字語의 音을 쓰세요.,할아버지는 자식들이 찾아뵌다 는 연락에 반가운 氣色이 역력 했습니다.,氣色,,기색,기색,
7급,100,2023-02-25,21,dokum,다음 밑줄 친 漢字語의 音을 쓰세요.,西門으로 나가야 우리 집에 더 빨리 갈 수 있습니다.,西門,,서문,서문,
7급,100,2023-02-25,22,dokum,다음 밑줄 친 漢字語의 音을 쓰세요.,토끼와 거북이가 先後를 다투 며 달리기 경주를 합니다.,先後,,선후,선후,
7급,100,2023-02-25,23,dokum,다음 밑줄 친 漢字語의 音을 쓰세요.,내가 사는 곳에는 市立 시설들 이 많아 편리합니다.,市立,,시립,시립,
7급,100,2023-02-25,24,dokum,다음 밑줄 친 漢字語의 音을 쓰세요.,世上에는 도움의 손길이 필요 한 곳이 많습니다.,世上,,세상,세상,
7급,100,2023-02-25,25,dokum,다음 밑줄 친 漢字語의 音을 쓰세요.,靑少年의 미래를 위해 우리 사 회가 해야 할 일이 무엇인지 고 민해야 합니다.,靑少年,,청소년,청소년,
7급,100,2023-02-25,26,dokum,다음 밑줄 친 漢字語의 音을 쓰세요.,食口는 끼니를 함께한다는 뜻 입니다.,食口,,식구,식구,
7급,100,2023-02-25,27,dokum,다음 밑줄 친 漢字語의 音을 쓰세요.,中心을 잘 잡는 균형 감각이 필요합니다.,中心,,중심,중심,
7급,100,2023-02-25,28,dokum,다음 밑줄 친 漢字語의 音을 쓰세요.,꾸밈이 없는 상태를 自然이라 고 일컫습니다.,自然,,자연,자연,
7급,100,2023-02-25,29,dokum,다음 밑줄 친 漢字語의 音을 쓰세요.,택배가 도착하는 데에는 二日 이 소요됩니다.,二日,,이일,이일,
7급,100,2023-02-25,30,dokum,다음 밑줄 친 漢字語의 音을 쓰세요.,뒷동산 꼭대기에는 草地가 넓 게 펼쳐져 있습니다.,草地,,초지,초지,
7급,100,2023-02-25,31,dokum,다음 밑줄 친 漢字語의 音을 쓰세요.,우리는 午前부터 만나서 즐거 운 시간을 보냈습니다.,午前,,오전,오전,
7급,100,2023-02-25,32,dokum,다음 밑줄 친 漢字語의 音을 쓰세요.,옛날에는 五寸도 무척 가까운 친척으로 여겼습니다.,五寸,,오촌,오촌,
7급,100,2023-02-25,33,select_hanjaeo,다음 밑줄 친 단어에 해당하는 漢字語를 고르세요.,친구와 내가 동시에 같은 대답 을 하고 서로 웃었습니다.,동시,"[""① 同時"", ""② 洞里"", ""③ 左右"", ""④ 出土""]",①,同時,
7급,100,2023-02-25,34,select_hanjaeo,다음 밑줄 친 단어에 해당하는 漢字語를 고르세요.,아파트 공사장에서 백제 유적 이 다량으로 출토되었습니다.,출토,"[""① 同時"", ""② 洞里"", ""③ 左右"", ""④ 出土""]",④,出土,
7급,100,2023-02-25,35,hunum,다음 漢字의 訓과 音을 쓰세요.,姓,姓,,성 성,성 성,
7급,100,2023-02-25,36,hunum,다음 漢字의 訓과 音을 쓰세요.,直,直,,곧을 직,곧을 직,
7급,100,2023-02-25,37,hunum,다음 漢字의 訓과 音을 쓰세요.,旗,旗,,기 기,기 기,
7급,100,2023-02-25,38,hunum,다음 漢字의 訓과 音을 쓰세요.,記,記,,기록할 기,기록할 기,
7급,100,2023-02-25,39,hunum,다음 漢字의 訓과 音을 쓰세요.,工,工,,장인 공,장인 공,
7급,100,2023-02-25,40,hunum,다음 漢字의 訓과 音을 쓰세요.,室,室,,집 실,집 실,
7급,100,2023-02-25,41,hunum,다음 漢字의 訓과 音을 쓰세요.,北,北,,북녘 북,북녘 북,
7급,100,2023-02-25,42,hunum,다음 漢字의 訓과 音을 쓰세요.,歌,歌,,노래 가,노래 가,
7급,100,2023-02-25,43,hunum,다음 漢字의 訓과 音을 쓰세요.,活,活,,살 활,살 활,
7급,100,2023-02-25,44,hunum,다음 漢字의 訓과 音을 쓰세요.,軍,軍,,군사 군,군사 군,
7급,100,2023-02-25,45,hunum,다음 漢字의 訓과 音을 쓰세요.,植,植,,심을 식,심을 식,
7급,100,2023-02-25,46,hunum,다음 漢字의 訓과 音을 쓰세요.,全,全,,온전 전,온전 전,
7급,100,2023-02-25,47,hunum,다음 漢字의 訓과 音을 쓰세요.,祖,祖,,할아비 조,할아비 조,
7급,100,2023-02-25,48,hunum,다음 漢字의 訓과 音을 쓰세요.,夫,夫,,지아비 부,지아비 부,
7급,100,2023-02-25,49,hunum,다음 漢字의 訓과 音을 쓰세요.,育,育,,기를 육,기를 육,
7급,100,2023-02-25,50,hunum,다음 漢字의 訓과 音을 쓰세요.,村,村,,마을 촌,마을 촌,
7급,100,2023-02-25,51,hunum,다음 漢字의 訓과 音을 쓰세요.,弟,弟,,아우 제,아우 제,
7급,100,2023-02-25,52,hunum,다음 漢字의 訓과 音을 쓰세요.,邑,邑,,고을 읍,고을 읍,
7급,100,2023-02-25,53,hunum,다음 漢字의 訓과 音을 쓰세요.,住,住,,살 주,살 주,
7급,100,2023-02-25,54,hunum,다음 漢字의 訓과 音을 쓰세요.,命,命,,목숨 명,목숨 명,
7급,100,2023-02-25,55,select_hanja,다음 訓과 音에 맞는 漢字를 <보기>에서 찾아 그 번호를 쓰세요.,동녘 동,동녘 동,"[""① 重"", ""② 便"", ""③ 東"", ""④ 文"", ""⑤ 休"", ""⑥ 夕"", ""⑦ 江"", ""⑧ 千"", ""⑨ 道"", ""⑩ 不""]",③,東,
7급,100,2023-02-25,56,select_hanja,다음 訓과 音에 맞는 漢字를 <보기>에서 찾아 그 번호를 쓰세요.,아닐 불,아닐 불,"[""① 重"", ""② 便"", ""③ 東"", ""④ 文"", ""⑤ 休"", ""⑥ 夕"", ""⑦ 江"", ""⑧ 千"", ""⑨ 道"", ""⑩ 不""]",⑩,不,
7급,100,2023-02-25,57,select_hanja,다음 訓과 音에 맞는 漢字를 <보기>에서 찾아 그 번호를 쓰세요.,저녁 석,저녁 석,"[""① 重"", ""② 便"", ""③ 東"", ""④ 文"", ""⑤ 休"", ""⑥ 夕"", ""⑦ 江"", ""⑧ 千"", ""⑨ 道"", ""⑩ 不""]",⑥,夕,
7급,100,2023-02-25,58,select_hanja,다음 訓과 音에 맞는 漢字를 <보기>에서 찾아 그 번호를 쓰세요.,길 도,길 도,"[""① 重"", ""② 便"", ""③ 東"", ""④ 文"", ""⑤ 休"", ""⑥ 夕"", ""⑦ 江"", ""⑧ 千"", ""⑨ 道"", ""⑩ 不""]",⑨,道,
7급,100,2023-02-25,59,select_hanja,다음 訓과 音에 맞는 漢字를 <보기>에서 찾아 그 번호를 쓰세요.,일천 천,일천 천,"[""① 重"", ""② 便"", ""③ 東"", ""④ 文"", ""⑤ 休"", ""⑥ 夕"", ""⑦ 江"", ""⑧ 千"", ""⑨ 道"", ""⑩ 不""]",⑧,千,
7급,100,2023-02-25,60,select_hanja,다음 訓과 音에 맞는 漢字를 <보기>에서 찾아 그 번호를 쓰세요.,무거울 중,무거울 중,"[""① 重"", ""② 便"", ""③ 東"", ""④ 文"", ""⑤ 休"", ""⑥ 夕"", ""⑦ 江"", ""⑧ 千"", ""⑨ 道"", ""⑩ 不""]",①,重,
7급,100,2023-02-25,61,select_hanja,다음 訓과 音에 맞는 漢字를 <보기>에서 찾아 그 번호를 쓰세요.,강 강,강 강,"[""① 重"", ""② 便"", ""③ 東"", ""④ 文"", ""⑤ 休"", ""⑥ 夕"", ""⑦ 江"", ""⑧ 千"", ""⑨ 道"", ""⑩ 不""]",⑦,江,
7급,100,2023-02-25,62,select_hanja,다음 訓과 音에 맞는 漢字를 <보기>에서 찾아 그 번호를 쓰세요.,편할 편 / 똥오줌 변,편할 편 / 똥오줌 변,"[""① 重"", ""② 便"", ""③ 東"", ""④ 文"", ""⑤ 休"", ""⑥ 夕"", ""⑦ 江"", ""⑧ 千"", ""⑨ 道"", ""⑩ 不""]",②,便,
7급,100,2023-02-25,63,select_hanja,다음 訓과 音에 맞는 漢字를 <보기>에서 찾아 그 번호를 쓰세요.,글월 문,글월 문,"[""① 重"", ""② 便"", ""③ 東"", ""④ 文"", ""⑤ 休"", ""⑥ 夕"", ""⑦ 江"", ""⑧ 千"", ""⑨ 道"", ""⑩ 不""]",④,文,
7급,100,2023-02-25,64,select_hanja,다음 訓과 音에 맞는 漢字를 <보기>에서 찾아 그 번호를 쓰세요.,쉴 휴,쉴 휴,"[""① 重"", ""② 便"", ""③ 東"", ""④ 文"", ""⑤ 休"", ""⑥ 夕"", ""⑦ 江"", ""⑧ 千"", ""⑨ 道"", ""⑩ 不""]",⑤,休,
7급,100,2023-02-25,65,banui_select,다음 漢字의 상대(또는 반대)되는 漢字를 <보기>에서 골라 그 번호를 쓰세요.,( ) ↔ 學,( ) ↔ 學,"[""① 敎"", ""② 手"", ""③ 秋"", ""④ 外""]",①,敎,
7급,100,2023-02-25,66,banui_select,다음 漢字의 상대(또는 반대)되는 漢字를 <보기>에서 골라 그 번호를 쓰세요.,春 ↔ ( ),春 ↔ ( ),"[""① 敎"", ""② 手"", ""③ 秋"", ""④ 外""]",③,秋,
7급,100,2023-02-25,67,mean_select,다음 뜻에 맞는 漢字語를 <보기>에서 찾아 그 번호를 쓰세요.,살아있는 화초에서 꺾은 꽃.,,"[""① 水火"", ""② 生花"", ""③ 海山"", ""④ 小話""]",②,生花,
7급,100,2023-02-25,68,mean_select,다음 뜻에 맞는 漢字語를 <보기>에서 찾아 그 번호를 쓰세요.,짤막한 이야기.,,"[""① 水火"", ""② 生花"", ""③ 海山"", ""④ 小話""]",④,小話,
7급,100,2023-02-25,69,stroke,다음 漢字의 진하게 표시한 획은 몇 번째 쓰는지 <보기>에서 찾아 그 번호를 쓰세요.,,,"[""① 첫 번째"", ""② 두 번째"", ""③ 세 번째"", ""④ 네 번째"", ""⑤ 다섯 번째"", ""⑥ 여섯 번째"", ""⑦ 일곱 번째"", ""⑧ 여덟 번째"", ""⑨ 아홉 번째"", ""⑩ 열 번째""]",⑨,아홉 번째,exam-strokes/stroke_7_100_69.png
7급,100,2023-02-25,70,stroke,다음 漢字의 진하게 표시한 획은 몇 번째 쓰는지 <보기>에서 찾아 그 번호를 쓰세요.,,,"[""① 첫 번째"", ""② 두 번째"", ""③ 세 번째"", ""④ 네 번째"", ""⑤ 다섯 번째"", ""⑥ 여섯 번째"", ""⑦ 일곱 번째"", ""⑧ 여덟 번째"", ""⑨ 아홉 번째"", ""⑩ 열 번째""]",④,네 번째,exam-strokes/stroke_7_100_70.png
7급,101,2023-06-03,1,dokum,다음 밑줄 친 漢字語의 音을 쓰세요.,그를 알아보지 못하는 사람은 少數에 불과했습니다.,少數,,소수,소수,
7급,101,2023-06-03,2,dokum,다음 밑줄 친 漢字語의 音을 쓰세요.,김삿갓은 방랑 시인으로 有名합 니다.,有名,,유명,유명,
7급,101,2023-06-03,3,dokum,다음 밑줄 친 漢字語의 音을 쓰세요.,단비가 오자 農夫들의 일손이 바빠졌습니다.,農夫,,농부,농부,
7급,101,2023-06-03,4,dokum,다음 밑줄 친 漢字語의 音을 쓰세요.,도로 공사 때문에 보행자들이 不便을 겪었습니다.,不便,,불편,불편,
7급,101,2023-06-03,5,dokum,다음 밑줄 친 漢字語의 音을 쓰세요.,도서관의 대출 업무가 電算화되 면서 이용자가 늘었습니다.,電算,,전산,전산,
7급,101,2023-06-03,6,dokum,다음 밑줄 친 漢字語의 音을 쓰세요.,명절 때가 되면 마을 사람들이 할아버지께 問安하러 옵니다.,問安,,문안,문안,
7급,101,2023-06-03,7,dokum,다음 밑줄 친 漢字語의 音을 쓰세요.,물건이 떨어지는 것은 지구의 重力 때문입니다.,重力,,중력,중력,
7급,101,2023-06-03,8,dokum,다음 밑줄 친 漢字語의 音을 쓰세요.,박 과장은 신입 사원을 敎育하 는 일을 담당합니다.,敎育,,교육,교육,
7급,101,2023-06-03,9,dokum,다음 밑줄 친 漢字語의 音을 쓰세요.,사또는 각 邑村에 전령을 돌렸 습니다.,邑村,,읍촌,읍촌,
7급,101,2023-06-03,10,dokum,다음 밑줄 친 漢字語의 音을 쓰세요.,사용한 休紙를 함부로 버리지 않습니다.,休紙,,휴지,휴지,
7급,101,2023-06-03,11,dokum,다음 밑줄 친 漢字語의 音을 쓰세요.,소나기가 그친 靑天에 무지개 가 걸렸습니다.,靑天,,청천,청천,
7급,101,2023-06-03,12,dokum,다음 밑줄 친 漢字語의 音을 쓰세요.,아버지는 年老하신 할머니를 위해 흔들의자를 마련하였습니 다.,年老,,연로,연로,
7급,101,2023-06-03,13,dokum,다음 밑줄 친 漢字語의 音을 쓰세요.,예로부터 百姓은 나라의 근본 이라 하였습니다.,百姓,,백성,백성,
7급,101,2023-06-03,14,dokum,다음 밑줄 친 漢字語의 音을 쓰세요.,오늘은 평상시보다 한 시간 일 찍 登校했습니다.,登校,,등교,등교,
7급,101,2023-06-03,15,dokum,다음 밑줄 친 漢字語의 音을 쓰세요.,우리 마을 里長님은 아주 젊습 니다.,里長,,이장,이장,
7급,101,2023-06-03,16,dokum,다음 밑줄 친 漢字語의 音을 쓰세요.,우리나라는 일찍부터 活字를 이용한 인쇄술이 발달했습니다.,活字,,활자,활자,
7급,101,2023-06-03,17,dokum,다음 밑줄 친 漢字語의 音을 쓰세요.,우리는 위기에 直面하더라도 슬기롭게 극복할 수 있습니다.,直面,,직면,직면,
7급,101,2023-06-03,18,dokum,다음 밑줄 친 漢字語의 音을 쓰세요.,유관순 열사는 삼일 운동을 主動 하였습니다.,主動,,주동,주동,
7급,101,2023-06-03,19,dokum,다음 밑줄 친 漢字語의 音을 쓰세요.,이 댐은 千萬 톤의 물을 가둘 수 있습니다.,千萬,,천만,천만,
7급,101,2023-06-03,20,dokum,다음 밑줄 친 漢字語의 音을 쓰세요.,이 영화는 세계 각지에서 同時 에 개봉되었습니다.,同時,,동시,동시,
7급,101,2023-06-03,21,dokum,다음 밑줄 친 漢字語의 音을 쓰세요.,이번 주말에는 할아버지 山所 에 성묘를 갈 계획입니다.,山所,,산소,산소,
7급,101,2023-06-03,22,dokum,다음 밑줄 친 漢字語의 音을 쓰세요.,이온 음료는 운동 前後에 마시 기 좋습니다.,前後,,전후,전후,
7급,101,2023-06-03,23,dokum,다음 밑줄 친 漢字語의 音을 쓰세요.,立春이 지나자 바람이 훈훈해 졌습니다.,立春,,입춘,입춘,
7급,101,2023-06-03,24,dokum,다음 밑줄 친 漢字語의 音을 쓰세요.,전통문화 속에는 先祖들의 지 혜가 담겨 있습니다.,先祖,,선조,선조,
7급,101,2023-06-03,25,dokum,다음 밑줄 친 漢字語의 音을 쓰세요.,주말이면 언니가 어머니의 家事 를 돕습니다.,家事,,가사,가사,
7급,101,2023-06-03,26,dokum,다음 밑줄 친 漢字語의 音을 쓰세요.,한국은 노령 人口가 증가하고 있습니다.,人口,,인구,인구,
7급,101,2023-06-03,27,dokum,다음 밑줄 친 漢字語의 音을 쓰세요.,할머니께 드릴 秋夕 선물을 샀 습니다.,秋夕,,추석,추석,
7급,101,2023-06-03,28,dokum,다음 밑줄 친 漢字語의 音을 쓰세요.,할머니께서 다리가 불편한 氣色 을 보였습니다.,氣色,,기색,기색,
7급,101,2023-06-03,29,dokum,다음 밑줄 친 漢字語의 音을 쓰세요.,할머니는 매일 洞內를 한 바퀴 씩 산책합니다.,洞內,,동내,동내,
7급,101,2023-06-03,30,dokum,다음 밑줄 친 漢字語의 音을 쓰세요.,해군 경비정이 手旗로 신호를 보냈습니다.,手旗,,수기,수기,
7급,101,2023-06-03,31,dokum,다음 밑줄 친 漢字語의 音을 쓰세요.,화살이 과녁에 정확하게 命中 하였습니다.,命中,,명중,명중,
7급,101,2023-06-03,32,dokum,다음 밑줄 친 漢字語의 音을 쓰세요.,화제가 自然스럽게 고향 이야 기로 옮아갔습니다.,自然,,자연,자연,
7급,101,2023-06-03,33,select_hanjaeo,다음 밑줄 친 단어에 해당하는 漢字語를 고르세요.,이 건물에는 지하 3층에 주차 장이 있습니다.,지하,"[""① 語學"", ""② 來往"", ""③ 正午"", ""④ 地下""]",④,地下,
7급,101,2023-06-03,34,select_hanjaeo,다음 밑줄 친 단어에 해당하는 漢字語를 고르세요.,멀리서 정오를 알리는 종소리 가 들려왔습니다.,정오,"[""① 語學"", ""② 來往"", ""③ 正午"", ""④ 地下""]",③,正午,
7급,101,2023-06-03,35,hunum,다음 漢字의 訓과 音을 쓰세요.,軍,軍,,군사 군,군사 군,
7급,101,2023-06-03,36,hunum,다음 漢字의 訓과 音을 쓰세요.,記,記,,기록할 기,기록할 기,
7급,101,2023-06-03,37,hunum,다음 漢字의 訓과 音을 쓰세요.,道,道,,길 도,길 도,
7급,101,2023-06-03,38,hunum,다음 漢字의 訓과 音을 쓰세요.,答,答,,대답 답,대답 답,
7급,101,2023-06-03,39,hunum,다음 漢字의 訓과 音을 쓰세요.,東,東,,동녘 동,동녘 동,
7급,101,2023-06-03,40,hunum,다음 漢字의 訓과 音을 쓰세요.,場,場,,마당 장,마당 장,
7급,101,2023-06-03,41,hunum,다음 漢字의 訓과 音을 쓰세요.,寸,寸,,마디 촌,마디 촌,
7급,101,2023-06-03,42,hunum,다음 漢字의 訓과 音을 쓰세요.,話,話,,말씀 화,말씀 화,
7급,101,2023-06-03,43,hunum,다음 漢字의 訓과 音을 쓰세요.,每,每,,매양 매,매양 매,
7급,101,2023-06-03,44,hunum,다음 漢字의 訓과 音을 쓰세요.,海,海,,바다 해,바다 해,
7급,101,2023-06-03,45,hunum,다음 漢字의 訓과 音을 쓰세요.,足,足,,발 족,발 족,
7급,101,2023-06-03,46,hunum,다음 漢字의 訓과 音을 쓰세요.,民,民,,백성 민,백성 민,
7급,101,2023-06-03,47,hunum,다음 漢字의 訓과 音을 쓰세요.,男,男,,사내 남,사내 남,
7급,101,2023-06-03,48,hunum,다음 漢字의 訓과 音을 쓰세요.,右,右,,오를/오른(쪽) 우,오를/오른(쪽) 우,
7급,101,2023-06-03,49,hunum,다음 漢字의 訓과 音을 쓰세요.,左,左,,왼 좌,왼 좌,
7급,101,2023-06-03,50,hunum,다음 漢字의 訓과 音을 쓰세요.,上,上,,윗 상,윗 상,
7급,101,2023-06-03,51,hunum,다음 漢字의 訓과 音을 쓰세요.,工,工,,장인 공,장인 공,
7급,101,2023-06-03,52,hunum,다음 漢字의 訓과 音을 쓰세요.,市,市,,저자 시,저자 시,
7급,101,2023-06-03,53,hunum,다음 漢字의 訓과 音을 쓰세요.,室,室,,집 실,집 실,
7급,101,2023-06-03,54,hunum,다음 漢字의 訓과 音을 쓰세요.,韓,韓,,한국/나라 한,한국/나라 한,
7급,101,2023-06-03,55,select_hanja,다음 訓과 音에 맞는 漢字를 <보기>에서 찾아 그 번호를 쓰세요.,겨울 동,겨울 동,"[""① 空"", ""② 子"", ""③ 孝"", ""④ 門"", ""⑤ 方"", ""⑥ 江"", ""⑦ 冬"", ""⑧ 平"", ""⑨ 世"", ""⑩ 車""]",⑦,冬,
7급,101,2023-06-03,56,select_hanja,다음 訓과 音에 맞는 漢字를 <보기>에서 찾아 그 번호를 쓰세요.,모방,모방,"[""① 空"", ""② 子"", ""③ 孝"", ""④ 門"", ""⑤ 方"", ""⑥ 江"", ""⑦ 冬"", ""⑧ 平"", ""⑨ 世"", ""⑩ 車""]",⑤,方,
7급,101,2023-06-03,57,select_hanja,다음 訓과 音에 맞는 漢字를 <보기>에서 찾아 그 번호를 쓰세요.,수레 거 | 수레 차,수레 거 | 수레 차,"[""① 空"", ""② 子"", ""③ 孝"", ""④ 門"", ""⑤ 方"", ""⑥ 江"", ""⑦ 冬"", ""⑧ 平"", ""⑨ 世"", ""⑩ 車""]",⑩,車,
7급,101,2023-06-03,58,select_hanja,다음 訓과 音에 맞는 漢字를 <보기>에서 찾아 그 번호를 쓰세요.,인간 세,인간 세,"[""① 空"", ""② 子"", ""③ 孝"", ""④ 門"", ""⑤ 方"", ""⑥ 江"", ""⑦ 冬"", ""⑧ 平"", ""⑨ 世"", ""⑩ 車""]",⑨,世,
7급,101,2023-06-03,59,select_hanja,다음 訓과 音에 맞는 漢字를 <보기>에서 찾아 그 번호를 쓰세요.,아들 자,아들 자,"[""① 空"", ""② 子"", ""③ 孝"", ""④ 門"", ""⑤ 方"", ""⑥ 江"", ""⑦ 冬"", ""⑧ 平"", ""⑨ 世"", ""⑩ 車""]",②,子,
7급,101,2023-06-03,60,select_hanja,다음 訓과 音에 맞는 漢字를 <보기>에서 찾아 그 번호를 쓰세요.,평평할 평,평평할 평,"[""① 空"", ""② 子"", ""③ 孝"", ""④ 門"", ""⑤ 方"", ""⑥ 江"", ""⑦ 冬"", ""⑧ 平"", ""⑨ 世"", ""⑩ 車""]",⑧,平,
7급,101,2023-06-03,61,select_hanja,다음 訓과 音에 맞는 漢字를 <보기>에서 찾아 그 번호를 쓰세요.,빌 공,빌 공,"[""① 空"", ""② 子"", ""③ 孝"", ""④ 門"", ""⑤ 方"", ""⑥ 江"", ""⑦ 冬"", ""⑧ 平"", ""⑨ 世"", ""⑩ 車""]",①,空,
7급,101,2023-06-03,62,select_hanja,다음 訓과 音에 맞는 漢字를 <보기>에서 찾아 그 번호를 쓰세요.,강 강,강 강,"[""① 空"", ""② 子"", ""③ 孝"", ""④ 門"", ""⑤ 方"", ""⑥ 江"", ""⑦ 冬"", ""⑧ 平"", ""⑨ 世"", ""⑩ 車""]",⑥,江,
7급,101,2023-06-03,63,select_hanja,다음 訓과 音에 맞는 漢字를 <보기>에서 찾아 그 번호를 쓰세요.,문 문,문 문,"[""① 空"", ""② 子"", ""③ 孝"", ""④ 門"", ""⑤ 方"", ""⑥ 江"", ""⑦ 冬"", ""⑧ 平"", ""⑨ 世"", ""⑩ 車""]",④,門,
7급,101,2023-06-03,64,select_hanja,다음 訓과 音에 맞는 漢字를 <보기>에서 찾아 그 번호를 쓰세요.,효도 효,효도 효,"[""① 空"", ""② 子"", ""③ 孝"", ""④ 門"", ""⑤ 方"", ""⑥ 江"", ""⑦ 冬"", ""⑧ 平"", ""⑨ 世"", ""⑩ 車""]",③,孝,
7급,101,2023-06-03,65,banui_select,다음 漢字의 상대(또는 반대)되는 漢字를 <보기>에서 골라 그 번호를 쓰세요.,( ) ↔ 出,( ) ↔ 出,"[""① 川"", ""② 心"", ""③ 入"", ""④ 夏""]",③,入,
7급,101,2023-06-03,66,banui_select,다음 漢字의 상대(또는 반대)되는 漢字를 <보기>에서 골라 그 번호를 쓰세요.,物 ↔ ( ),物 ↔ ( ),"[""① 川"", ""② 心"", ""③ 入"", ""④ 夏""]",②,心,
7급,101,2023-06-03,67,mean_select,다음 뜻에 맞는 漢字語를 <보기>에서 찾아 그 번호를 쓰세요.,나무를 심음.,,"[""① 草食"", ""② 花歌"", ""③ 林間"", ""④ 植木""]",④,植木,
7급,101,2023-06-03,68,mean_select,다음 뜻에 맞는 漢字語를 <보기>에서 찾아 그 번호를 쓰세요.,주로 풀만 먹고 삶.,,"[""① 草食"", ""② 花歌"", ""③ 林間"", ""④ 植木""]",①,草食,
7급,101,2023-06-03,69,stroke,다음 漢字의 진하게 표시한 획은 몇 번째 쓰는지 <보기>에서 찾아 그 번호를 쓰세요.,,,"[""① 첫 번째"", ""② 두 번째"", ""③ 세 번째"", ""④ 네 번째"", ""⑤ 다섯 번째"", ""⑥ 여섯 번째"", ""⑦ 일곱 번째"", ""⑧ 여덟 번째"", ""⑨ 아홉 번째"", ""⑩ 열 번째""]",④,네 번째,exam-strokes/stroke_7_101_69.png
7급,101,2023-06-03,70,stroke,다음 漢字의 진하게 표시한 획은 몇 번째 쓰는지 <보기>에서 찾아 그 번호를 쓰세요.,,,"[""① 첫 번째"", ""② 두 번째"", ""③ 세 번째"", ""④ 네 번째"", ""⑤ 다섯 번째"", ""⑥ 여섯 번째"", ""⑦ 일곱 번째"", ""⑧ 여덟 번째"", ""⑨ 아홉 번째"", ""⑩ 열 번째""]",②,두 번째,exam-strokes/stroke_7_101_70.png
7급,102,2023-08-26,1,dokum,다음 밑줄 친 漢字語의 音을 쓰세요.,이것은 방부제를 전혀 쓰지 않 은 天然 식품입니다.,天然,,천연,천연,
7급,102,2023-08-26,2,dokum,다음 밑줄 친 漢字語의 音을 쓰세요.,이 방법은 임시 方便에 불과합 니다.,方便,,방편,방편,
7급,102,2023-08-26,3,dokum,다음 밑줄 친 漢字語의 音을 쓰세요.,그녀는 화살을 정확히 표적에 命中시켰습니다.,命中,,명중,명중,
7급,102,2023-08-26,4,dokum,다음 밑줄 친 漢字語의 音을 쓰세요.,그는 남녀老少를 막론하고 좋아 하는 가수입니다.,老少,,노소,노소,
7급,102,2023-08-26,5,dokum,다음 밑줄 친 漢字語의 音을 쓰세요.,폭우로 마을의 農地가 전부 물 에 잠겼습니다.,農地,,농지,농지,
7급,102,2023-08-26,6,dokum,다음 밑줄 친 漢字語의 音을 쓰세요.,경찰이 住民의 신고를 받고 긴 급 출동하였습니다.,住民,,주민,주민,
7급,102,2023-08-26,7,dokum,다음 밑줄 친 漢字語의 音을 쓰세요.,이 기계는 부품이 數百 가지가 넘습니다.,數百,,수백,수백,
7급,102,2023-08-26,8,dokum,다음 밑줄 친 漢字語의 音을 쓰세요.,邑內로 가는 길에 이 편지 좀 부쳐 주세요.,邑內,,읍내,읍내,
7급,102,2023-08-26,9,dokum,다음 밑줄 친 漢字語의 音을 쓰세요.,정환이는 모든 노래를 軍歌처럼 부릅니다.,軍歌,,군가,군가,
7급,102,2023-08-26,10,dokum,다음 밑줄 친 漢字語의 音을 쓰세요.,부모님께서 작은 아파트를 所有 하고 계십니다.,所有,,소유,소유,
7급,102,2023-08-26,11,dokum,다음 밑줄 친 漢字語의 音을 쓰세요.,여기에 이름과 생년월일을 記入 해 주세요.,記入,,기입,기입,
7급,102,2023-08-26,12,dokum,다음 밑줄 친 漢字語의 音을 쓰세요.,춘부장께서는 올해 春秋가 어떻 게 되시는지요?,春秋,,춘추,춘추,
7급,102,2023-08-26,13,dokum,다음 밑줄 친 漢字語의 音을 쓰세요.,이 영화는 관객 수가 千萬 명을 넘었습니다.,千萬,,천만,천만,
7급,102,2023-08-26,14,dokum,다음 밑줄 친 漢字語의 音을 쓰세요.,그 영화에는 많은 배우들이 登場 합니다.,登場,,등장,등장,
7급,102,2023-08-26,15,dokum,다음 밑줄 친 漢字語의 音을 쓰세요.,너무 경솔하게 행동하지 말고 自重하세요.,自重,,자중,자중,
7급,102,2023-08-26,16,dokum,다음 밑줄 친 漢字語의 音을 쓰세요.,붕괴 위험으로 다리의 출입을 全面 통제했습니다.,全面,,전면,전면,
7급,102,2023-08-26,17,dokum,다음 밑줄 친 漢字語의 音을 쓰세요.,연필 하나 줬다고 그렇게 生色 을 내냐?,生色,,생색,생색,
7급,102,2023-08-26,18,dokum,다음 밑줄 친 漢字語의 音을 쓰세요.,우리 아이는 來年이면 중학생이 돼요.,來年,,내년,내년,
7급,102,2023-08-26,19,dokum,다음 밑줄 친 漢字語의 音을 쓰세요.,우리 모둠은 七夕의 풍속에 대 해 조사합니다.,七夕,,칠석,칠석,
7급,102,2023-08-26,20,dokum,다음 밑줄 친 漢字語의 音을 쓰세요.,立夏가 지나니 초여름으로 들어 선 것 같습니다.,立夏,,입하,입하,
7급,102,2023-08-26,21,dokum,다음 밑줄 친 漢字語의 音을 쓰세요.,부모님의 마음이 平安하시길 빌 었습니다.,平安,,평안,평안,
7급,102,2023-08-26,22,dokum,다음 밑줄 친 漢字語의 音을 쓰세요.,안 쓰는 플러그를 뽑아 電力 낭비를 줄입시다.,電力,,전력,전력,
7급,102,2023-08-26,23,dokum,다음 밑줄 친 漢字語의 音을 쓰세요.,의사는 약을 食前에 먹으라고 하였습니다.,食前,,식전,식전,
7급,102,2023-08-26,24,dokum,다음 밑줄 친 漢字語의 音을 쓰세요.,工事 관계로 보행에 불편을 드 려 죄송합니다.,工事,,공사,공사,
7급,102,2023-08-26,25,dokum,다음 밑줄 친 漢字語의 音을 쓰세요.,이 식당은 海物칼국수가 주요 메뉴입니다.,海物,,해물,해물,
7급,102,2023-08-26,26,dokum,다음 밑줄 친 漢字語의 音을 쓰세요.,민규는 홀어머니를 모시고 사는 長男입니다.,長男,,장남,장남,
7급,102,2023-08-26,27,dokum,다음 밑줄 친 漢字語의 音을 쓰세요.,일어나니 正午에 가까운 시간입 니다.,正午,,정오,정오,
7급,102,2023-08-26,28,dokum,다음 밑줄 친 漢字語의 音을 쓰세요.,몇 시에 下山할 작정입니까?,下山,,하산,하산,
7급,102,2023-08-26,29,dokum,다음 밑줄 친 漢字語의 音을 쓰세요.,언니와 兄夫는 미국으로 유학을 떠났습니다.,兄夫,,형부,형부,
7급,102,2023-08-26,30,dokum,다음 밑줄 친 漢字語의 音을 쓰세요.,우리 반에는 나와 同名인 친구 가 있습니다.,同名,,동명,동명,
7급,102,2023-08-26,31,dokum,다음 밑줄 친 漢字語의 音을 쓰세요.,나는 졸업 후 십 년 만에 母校 를 방문했습니다.,母校,,모교,모교,
7급,102,2023-08-26,32,dokum,다음 밑줄 친 漢字語의 音을 쓰세요.,不時에 찾아뵙게 되어서 대단히 죄송합니다.,不時,,불시,불시,
7급,102,2023-08-26,33,hunum,다음 漢字의 訓과 音을 쓰세요.,弟,弟,,아우 제,아우 제,
7급,102,2023-08-26,34,hunum,다음 漢字의 訓과 音을 쓰세요.,旗,旗,,기 기,기 기,
7급,102,2023-08-26,35,hunum,다음 漢字의 訓과 音을 쓰세요.,寸,寸,,마디 촌,마디 촌,
7급,102,2023-08-26,36,hunum,다음 漢字의 訓과 音을 쓰세요.,手,手,,손 수,손 수,
7급,102,2023-08-26,37,hunum,다음 漢字의 訓과 音을 쓰세요.,主,主,,주인/임금 주,주인/임금 주,
7급,102,2023-08-26,38,hunum,다음 漢字의 訓과 音을 쓰세요.,話,話,,말씀 화,말씀 화,
7급,102,2023-08-26,39,hunum,다음 漢字의 訓과 音을 쓰세요.,洞,洞,,골동/밝을 통,골동/밝을 통,
7급,102,2023-08-26,40,hunum,다음 漢字의 訓과 音을 쓰세요.,王,王,,임금 왕,임금 왕,
7급,102,2023-08-26,41,hunum,다음 漢字의 訓과 音을 쓰세요.,里,里,,마을 리,마을 리,
7급,102,2023-08-26,42,hunum,다음 漢字의 訓과 音을 쓰세요.,右,右,,오른 우,오른 우,
7급,102,2023-08-26,43,hunum,다음 漢字의 訓과 音을 쓰세요.,冬,冬,,겨울 동,겨울 동,
7급,102,2023-08-26,44,hunum,다음 漢字의 訓과 音을 쓰세요.,父,父,,아비 부,아비 부,
7급,102,2023-08-26,45,hunum,다음 漢字의 訓과 音을 쓰세요.,育,育,,기를 육,기를 육,
7급,102,2023-08-26,46,hunum,다음 漢字의 訓과 音을 쓰세요.,外,外,,바깥 외,바깥 외,
7급,102,2023-08-26,47,hunum,다음 漢字의 訓과 音을 쓰세요.,村,村,,마을 촌,마을 촌,
7급,102,2023-08-26,48,hunum,다음 漢字의 訓과 音을 쓰세요.,足,足,,발 족,발 족,
7급,102,2023-08-26,49,hunum,다음 漢字의 訓과 音을 쓰세요.,市,市,,저자 시,저자 시,
7급,102,2023-08-26,50,hunum,다음 漢字의 訓과 音을 쓰세요.,活,活,,살 활,살 활,
7급,102,2023-08-26,51,hunum,다음 漢字의 訓과 音을 쓰세요.,孝,孝,,효도 효,효도 효,
7급,102,2023-08-26,52,hunum,다음 漢字의 訓과 音을 쓰세요.,左,左,,왼 좌,왼 좌,
7급,102,2023-08-26,53,select_hanjaeo,다음 밑줄 친 단어에 해당하는 漢字語를 고르세요.,화단 위에 화초가 꽃을 가득 피웠습니다.,화초,"[""① 白人"", ""② 休學"", ""③ 花草"", ""④ 紙上""]",③,花草,
7급,102,2023-08-26,54,select_hanjaeo,다음 밑줄 친 단어에 해당하는 漢字語를 고르세요.,형은 가정 형편이 어려워 휴학 중입니다.,휴학,"[""① 白人"", ""② 休學"", ""③ 花草"", ""④ 紙上""]",②,休學,
7급,102,2023-08-26,55,select_hanja,다음 訓과 音에 맞는 漢字를 <보기>에서 찾아 그 번호를 쓰세요.,내 천,내 천,"[""① 植"", ""② 南"", ""③ 祖"", ""④ 林"", ""⑤ 空"", ""⑥ 直"", ""⑦ 間"", ""⑧ 北"", ""⑨ 川"", ""⑩ 室""]",⑨,川,
7급,102,2023-08-26,56,select_hanja,다음 訓과 音에 맞는 漢字를 <보기>에서 찾아 그 번호를 쓰세요.,북녘 북,북녘 북,"[""① 植"", ""② 南"", ""③ 祖"", ""④ 林"", ""⑤ 空"", ""⑥ 直"", ""⑦ 間"", ""⑧ 北"", ""⑨ 川"", ""⑩ 室""]",⑧,北,
7급,102,2023-08-26,57,select_hanja,다음 訓과 音에 맞는 漢字를 <보기>에서 찾아 그 번호를 쓰세요.,곧을 직,곧을 직,"[""① 植"", ""② 南"", ""③ 祖"", ""④ 林"", ""⑤ 空"", ""⑥ 直"", ""⑦ 間"", ""⑧ 北"", ""⑨ 川"", ""⑩ 室""]",⑥,直,
7급,102,2023-08-26,58,select_hanja,다음 訓과 音에 맞는 漢字를 <보기>에서 찾아 그 번호를 쓰세요.,할아비 조,할아비 조,"[""① 植"", ""② 南"", ""③ 祖"", ""④ 林"", ""⑤ 空"", ""⑥ 直"", ""⑦ 間"", ""⑧ 北"", ""⑨ 川"", ""⑩ 室""]",③,祖,
7급,102,2023-08-26,59,select_hanja,다음 訓과 音에 맞는 漢字를 <보기>에서 찾아 그 번호를 쓰세요.,사이 간,사이 간,"[""① 植"", ""② 南"", ""③ 祖"", ""④ 林"", ""⑤ 空"", ""⑥ 直"", ""⑦ 間"", ""⑧ 北"", ""⑨ 川"", ""⑩ 室""]",⑦,間,
7급,102,2023-08-26,60,select_hanja,다음 訓과 音에 맞는 漢字를 <보기>에서 찾아 그 번호를 쓰세요.,빌 공,빌 공,"[""① 植"", ""② 南"", ""③ 祖"", ""④ 林"", ""⑤ 空"", ""⑥ 直"", ""⑦ 間"", ""⑧ 北"", ""⑨ 川"", ""⑩ 室""]",⑤,空,
7급,102,2023-08-26,61,select_hanja,다음 訓과 音에 맞는 漢字를 <보기>에서 찾아 그 번호를 쓰세요.,남녘 남,남녘 남,"[""① 植"", ""② 南"", ""③ 祖"", ""④ 林"", ""⑤ 空"", ""⑥ 直"", ""⑦ 間"", ""⑧ 北"", ""⑨ 川"", ""⑩ 室""]",②,南,
7급,102,2023-08-26,62,select_hanja,다음 訓과 音에 맞는 漢字를 <보기>에서 찾아 그 번호를 쓰세요.,집 실,집 실,"[""① 植"", ""② 南"", ""③ 祖"", ""④ 林"", ""⑤ 空"", ""⑥ 直"", ""⑦ 間"", ""⑧ 北"", ""⑨ 川"", ""⑩ 室""]",⑩,室,
7급,102,2023-08-26,63,select_hanja,다음 訓과 音에 맞는 漢字를 <보기>에서 찾아 그 번호를 쓰세요.,수풀 림,수풀 림,"[""① 植"", ""② 南"", ""③ 祖"", ""④ 林"", ""⑤ 空"", ""⑥ 直"", ""⑦ 間"", ""⑧ 北"", ""⑨ 川"", ""⑩ 室""]",④,林,
7급,102,2023-08-26,64,select_hanja,다음 訓과 音에 맞는 漢字를 <보기>에서 찾아 그 번호를 쓰세요.,심을 식,심을 식,"[""① 植"", ""② 南"", ""③ 祖"", ""④ 林"", ""⑤ 空"", ""⑥ 直"", ""⑦ 間"", ""⑧ 北"", ""⑨ 川"", ""⑩ 室""]",①,植,
7급,102,2023-08-26,65,banui_select,다음 漢字의 상대(또는 반대)되는 漢字를 <보기>에서 골라 그 번호를 쓰세요.,( ) ↔ 西,( ) ↔ 西,"[""① 先"", ""② 六"", ""③ 車"", ""④ 東""]",④,東,
7급,102,2023-08-26,66,banui_select,다음 漢字의 상대(또는 반대)되는 漢字를 <보기>에서 골라 그 번호를 쓰세요.,( ) ↔ 後,( ) ↔ 後,"[""① 先"", ""② 六"", ""③ 車"", ""④ 東""]",①,先,
7급,102,2023-08-26,67,mean_select,다음 뜻에 맞는 漢字語를 <보기>에서 찾아 그 번호를 쓰세요.,마음으로 느끼는 기분,,"[""① 家口"", ""② 心氣"", ""③ 水道"", ""④ 算出""]",②,心氣,
7급,102,2023-08-26,68,mean_select,다음 뜻에 맞는 漢字語를 <보기>에서 찾아 그 번호를 쓰세요.,계산하여 냄.,,"[""① 家口"", ""② 心氣"", ""③ 水道"", ""④ 算出""]",④,算出,
7급,102,2023-08-26,69,stroke,다음 漢字의 진하게 표시한 획은 몇 번째 쓰는지 <보기>에서 찾아 그 번호를 쓰세요.,,,"[""① 첫 번째"", ""② 두 번째"", ""③ 세 번째"", ""④ 네 번째"", ""⑤ 다섯 번째"", ""⑥ 여섯 번째"", ""⑦ 일곱 번째"", ""⑧ 여덟 번째"", ""⑨ 아홉 번째"", ""⑩ 열 번째""]",④,네 번째,exam-strokes/stroke_7_102_69.png
7급,102,2023-08-26,70,stroke,다음 漢字의 진하게 표시한 획은 몇 번째 쓰는지 <보기>에서 찾아 그 번호를 쓰세요.,,,"[""① 첫 번째"", ""② 두 번째"", ""③ 세 번째"", ""④ 네 번째"", ""⑤ 다섯 번째"", ""⑥ 여섯 번째"", ""⑦ 일곱 번째"", ""⑧ 여덟 번째"", ""⑨ 아홉 번째"", ""⑩ 열 번째""]",⑦,일곱 번째,exam-strokes/stroke_7_102_70.png
7급,103,2023-11-11,1,dokum,다음 밑줄 친 漢字語의 音을 쓰세요.,나무꾼은 가난해도 正直하고 바 르게 살려고 노력했습니다.,正直,,정직,정직,
7급,103,2023-11-11,2,dokum,다음 밑줄 친 漢字語의 音을 쓰세요.,영희는 좀처럼 화내거나 不平하 는 일이 없습니다.,不平,,불평,불평,
7급,103,2023-11-11,3,dokum,다음 밑줄 친 漢字語의 音을 쓰세요.,모처럼 모인 食口들로 집 안이 떠들썩합니다.,食口,,식구,식구,
7급,103,2023-11-11,4,dokum,다음 밑줄 친 漢字語의 音을 쓰세요.,녹색은 눈을 便安하게 해주는 색입니다.,便安,,편안,편안,
7급,103,2023-11-11,5,dokum,다음 밑줄 친 漢字語의 音을 쓰세요.,옆집 할머니는 늘 氣力이 왕성 해 보입니다.,氣力,,기력,기력,
7급,103,2023-11-11,6,dokum,다음 밑줄 친 漢字語의 音을 쓰세요.,요즘 農村에는 가을걷이가 한창 입니다.,農村,,농촌,농촌,
7급,103,2023-11-11,7,dokum,다음 밑줄 친 漢字語의 音을 쓰세요.,스코틀랜드에서는 男子가 치마 를 입기도 합니다.,男子,,남자,남자,
7급,103,2023-11-11,8,dokum,다음 밑줄 친 漢字語의 音을 쓰세요.,저분은 寸數로 치면 제 팔촌 형 님이 됩니다.,寸數,,촌수,촌수,
7급,103,2023-11-11,9,dokum,다음 밑줄 친 漢字語의 音을 쓰세요.,속초는 관광의 名所로도 널리 알려진 곳입니다.,名所,,명소,명소,
7급,103,2023-11-11,10,dokum,다음 밑줄 친 漢字語의 音을 쓰세요.,막내가 나를 보자마자 空然히 심술을 부렸습니다.,空然,,공연,공연,
7급,103,2023-11-11,11,dokum,다음 밑줄 친 漢字語의 音을 쓰세요.,국경일에는 國旗를 게양합니다.,國旗,,국기,국기,
7급,103,2023-11-11,12,dokum,다음 밑줄 친 漢字語의 音을 쓰세요.,고귀한 生命은 무엇과도 바꿀 수 없습니다.,生命,,생명,생명,
7급,103,2023-11-11,13,dokum,다음 밑줄 친 漢字語의 音을 쓰세요.,내가 영수를 만나기로 한 날은 來日입니다.,來日,,내일,내일,
7급,103,2023-11-11,14,dokum,다음 밑줄 친 漢字語의 音을 쓰세요.,어제 시내에서 三重 추돌 사고 가 났습니다.,三重,,삼중,삼중,
7급,103,2023-11-11,15,dokum,다음 밑줄 친 漢字語의 音을 쓰세요.,우리 마을에서는 里長님이 제 일 바쁩니다.,里長,,이장,이장,
7급,103,2023-11-11,16,dokum,다음 밑줄 친 漢字語의 音을 쓰세요.,빈칸에 이름과 연락처를 記入 하도록 했습니다.,記入,,기입,기입,
7급,103,2023-11-11,17,dokum,다음 밑줄 친 漢字語의 音을 쓰세요.,신입 사원들은 컴퓨터 敎育을 받았습니다.,敎育,,교육,교육,
7급,103,2023-11-11,18,dokum,다음 밑줄 친 漢字語의 音을 쓰세요.,내 조카는 언니보다 兄夫를 더 많이 닮았습니다.,兄夫,,형부,형부,
7급,103,2023-11-11,19,dokum,다음 밑줄 친 漢字語의 音을 쓰세요.,가을은 登山을 하기에 참 좋은 계절입니다.,登山,,등산,등산,
7급,103,2023-11-11,20,dokum,다음 밑줄 친 漢字語의 音을 쓰세요.,우리 민족은 같은 祖上을 가진 단일 민족입니다.,祖上,,조상,조상,
7급,103,2023-11-11,21,dokum,다음 밑줄 친 漢字語의 音을 쓰세요.,일을 하려면 先後를 잘 따져서 해야 합니다.,先後,,선후,선후,
7급,103,2023-11-11,22,dokum,다음 밑줄 친 漢字語의 音을 쓰세요.,이 花草는 물을 자주 주지 않 아도 잘 자랍니다.,花草,,화초,화초,
7급,103,2023-11-11,23,dokum,다음 밑줄 친 漢字語의 音을 쓰세요.,千金을 준다 해도 건강과는 바 꿀 수 없습니다.,千金,,천금,천금,
7급,103,2023-11-11,24,dokum,다음 밑줄 친 漢字語의 音을 쓰세요.,장군은 手下의 병졸들을 이끌고 전쟁터로 향했습니다.,手下,,수하,수하,
7급,103,2023-11-11,25,dokum,다음 밑줄 친 漢字語의 音을 쓰세요.,동네 이발소는 每月 첫째 주 화요일에 쉽니다.,每月,,매월,매월,
7급,103,2023-11-11,26,dokum,다음 밑줄 친 漢字語의 音을 쓰세요.,몸을 건강하게 관리하는 것도 부모님께 孝道하는 것입니다.,孝道,,효도,효도,
7급,103,2023-11-11,27,dokum,다음 밑줄 친 漢字語의 音을 쓰세요.,덕이 많은 임금은 하늘을 공격 하고 百姓을 사랑했습니다.,百姓,,백성,백성,
7급,103,2023-11-11,28,dokum,다음 밑줄 친 漢字語의 音을 쓰세요.,소방차가 사이렌을 울리며 화 재 현장으로 出動합니다.,出動,,출동,출동,
7급,103,2023-11-11,29,dokum,다음 밑줄 친 漢字語의 音을 쓰세요.,이 나무를 가을에 植木하면 내 년 봄에 꽃을 볼 수 있습니다.,植木,,식목,식목,
7급,103,2023-11-11,30,dokum,다음 밑줄 친 漢字語의 音을 쓰세요.,대전 方面으로 가려면 왼쪽 길 로 가야 합니다.,方面,,방면,방면,
7급,103,2023-11-11,31,dokum,다음 밑줄 친 漢字語의 音을 쓰세요.,가게 점원이 허리를 굽혀 정중 하게 人事를 했습니다.,人事,,인사,인사,
7급,103,2023-11-11,32,dokum,다음 밑줄 친 漢字語의 音을 쓰세요.,할아버지께서는 白色 한복을 즐겨 입으십니다.,白色,,백색,백색,
7급,103,2023-11-11,33,select_hanjaeo,다음 밑줄 친 단어에 해당하는 漢字語를 고르세요.,아버지와 삼촌은 같은 고등학교를 나온 동문입니다.,동문,"[""① 大家"", ""② 同門"", ""③ 休學"", ""④ 心地""]",②,同門,
7급,103,2023-11-11,34,select_hanjaeo,다음 밑줄 친 단어에 해당하는 漢字語를 고르세요.,철수는 심지가 굳고 용감한 아이입니다.,심지,"[""① 大家"", ""② 同門"", ""③ 休學"", ""④ 心地""]",④,心地,
7급,103,2023-11-11,35,hunum,다음 漢字의 訓과 音을 쓰세요.,世,世,,인간 세,인간 세,
7급,103,2023-11-11,36,hunum,다음 漢字의 訓과 音을 쓰세요.,立,立,,설 립,설 립,
7급,103,2023-11-11,37,hunum,다음 漢字의 訓과 音을 쓰세요.,時,時,,때 시,때 시,
7급,103,2023-11-11,38,hunum,다음 漢字의 訓과 音을 쓰세요.,右,右,,오른 우,오른 우,
7급,103,2023-11-11,39,hunum,다음 漢字의 訓과 音을 쓰세요.,間,間,,사이 간,사이 간,
7급,103,2023-11-11,40,hunum,다음 漢字의 訓과 音을 쓰세요.,邑,邑,,고을 읍,고을 읍,
7급,103,2023-11-11,41,hunum,다음 漢字의 訓과 音을 쓰세요.,車,車,,수레 거,수레 거,
7급,103,2023-11-11,42,hunum,다음 漢字의 訓과 音을 쓰세요.,川,川,,내 천,내 천,
7급,103,2023-11-11,43,hunum,다음 漢字의 訓과 音을 쓰세요.,海,海,,바다 해,바다 해,
7급,103,2023-11-11,44,hunum,다음 漢字의 訓과 音을 쓰세요.,場,場,,마당 장,마당 장,
7급,103,2023-11-11,45,hunum,다음 漢字의 訓과 音을 쓰세요.,夏,夏,,여름 하,여름 하,
7급,103,2023-11-11,46,hunum,다음 漢字의 訓과 音을 쓰세요.,夕,夕,,저녁 석,저녁 석,
7급,103,2023-11-11,47,hunum,다음 漢字의 訓과 音을 쓰세요.,工,工,,장인 공,장인 공,
7급,103,2023-11-11,48,hunum,다음 漢字의 訓과 音을 쓰세요.,住,住,,살 주,살 주,
7급,103,2023-11-11,49,hunum,다음 漢字의 訓과 音을 쓰세요.,市,市,,저자 시,저자 시,
7급,103,2023-11-11,50,hunum,다음 漢字의 訓과 音을 쓰세요.,江,江,,강 강,강 강,
7급,103,2023-11-11,51,hunum,다음 漢字의 訓과 音을 쓰세요.,內,內,,안 내,안 내,
7급,103,2023-11-11,52,hunum,다음 漢字의 訓과 音을 쓰세요.,左,左,,왼 좌,왼 좌,
7급,103,2023-11-11,53,hunum,다음 漢字의 訓과 音을 쓰세요.,洞,洞,,골 동,골 동,
7급,103,2023-11-11,54,hunum,다음 漢字의 訓과 音을 쓰세요.,午,午,,낮 오,낮 오,
7급,103,2023-11-11,55,select_hanja,다음 訓과 音에 맞는 漢字를 <보기>에서 찾아 그 번호를 쓰세요.,있을 유,있을 유,"[""① 室"", ""② 答"", ""③ 有"", ""④ 算"", ""⑤ 中"", ""⑥ 六"", ""⑦ 靑"", ""⑧ 前"", ""⑨ 足"", ""⑩ 林""]",③,有,
7급,103,2023-11-11,56,select_hanja,다음 訓과 音에 맞는 漢字를 <보기>에서 찾아 그 번호를 쓰세요.,셈 산,셈 산,"[""① 室"", ""② 答"", ""③ 有"", ""④ 算"", ""⑤ 中"", ""⑥ 六"", ""⑦ 靑"", ""⑧ 前"", ""⑨ 足"", ""⑩ 林""]",④,算,
7급,103,2023-11-11,57,select_hanja,다음 訓과 音에 맞는 漢字를 <보기>에서 찾아 그 번호를 쓰세요.,수풀 림,수풀 림,"[""① 室"", ""② 答"", ""③ 有"", ""④ 算"", ""⑤ 中"", ""⑥ 六"", ""⑦ 靑"", ""⑧ 前"", ""⑨ 足"", ""⑩ 林""]",⑩,林,
7급,103,2023-11-11,58,select_hanja,다음 訓과 音에 맞는 漢字를 <보기>에서 찾아 그 번호를 쓰세요.,푸를 청,푸를 청,"[""① 室"", ""② 答"", ""③ 有"", ""④ 算"", ""⑤ 中"", ""⑥ 六"", ""⑦ 靑"", ""⑧ 前"", ""⑨ 足"", ""⑩ 林""]",⑦,靑,
7급,103,2023-11-11,59,select_hanja,다음 訓과 音에 맞는 漢字를 <보기>에서 찾아 그 번호를 쓰세요.,집 실,집 실,"[""① 室"", ""② 答"", ""③ 有"", ""④ 算"", ""⑤ 中"", ""⑥ 六"", ""⑦ 靑"", ""⑧ 前"", ""⑨ 足"", ""⑩ 林""]",①,室,
7급,103,2023-11-11,60,select_hanja,다음 訓과 音에 맞는 漢字를 <보기>에서 찾아 그 번호를 쓰세요.,앞 전,앞 전,"[""① 室"", ""② 答"", ""③ 有"", ""④ 算"", ""⑤ 中"", ""⑥ 六"", ""⑦ 靑"", ""⑧ 前"", ""⑨ 足"", ""⑩ 林""]",⑧,前,
7급,103,2023-11-11,61,select_hanja,다음 訓과 音에 맞는 漢字를 <보기>에서 찾아 그 번호를 쓰세요.,대답 답,대답 답,"[""① 室"", ""② 答"", ""③ 有"", ""④ 算"", ""⑤ 中"", ""⑥ 六"", ""⑦ 靑"", ""⑧ 前"", ""⑨ 足"", ""⑩ 林""]",②,答,
7급,103,2023-11-11,62,select_hanja,다음 訓과 音에 맞는 漢字를 <보기>에서 찾아 그 번호를 쓰세요.,발 족,발 족,"[""① 室"", ""② 答"", ""③ 有"", ""④ 算"", ""⑤ 中"", ""⑥ 六"", ""⑦ 靑"", ""⑧ 前"", ""⑨ 足"", ""⑩ 林""]",⑨,足,
7급,103,2023-11-11,63,select_hanja,다음 訓과 音에 맞는 漢字를 <보기>에서 찾아 그 번호를 쓰세요.,여섯 륙,여섯 륙,"[""① 室"", ""② 答"", ""③ 有"", ""④ 算"", ""⑤ 中"", ""⑥ 六"", ""⑦ 靑"", ""⑧ 前"", ""⑨ 足"", ""⑩ 林""]",⑥,六,
7급,103,2023-11-11,64,select_hanja,다음 訓과 音에 맞는 漢字를 <보기>에서 찾아 그 번호를 쓰세요.,가운데 중,가운데 중,"[""① 室"", ""② 答"", ""③ 有"", ""④ 算"", ""⑤ 中"", ""⑥ 六"", ""⑦ 靑"", ""⑧ 前"", ""⑨ 足"", ""⑩ 林""]",⑤,中,
7급,103,2023-11-11,65,banui_select,다음 漢字의 상대(또는 반대)되는 漢字를 <보기>에서 골라 그 번호를 쓰세요.,( ) ↔ 秋,( ) ↔ 秋,"[""① 少"", ""② 春"", ""③ 主"", ""④ 歌""]",②,春,
7급,103,2023-11-11,66,banui_select,다음 漢字의 상대(또는 반대)되는 漢字를 <보기>에서 골라 그 번호를 쓰세요.,老 ↔ ( ),老 ↔ ( ),"[""① 少"", ""② 春"", ""③ 主"", ""④ 歌""]",①,少,
7급,103,2023-11-11,67,mean_select,다음 뜻에 맞는 漢字語를 <보기>에서 찾아 그 번호를 쓰세요.,겨울 하늘.,,"[""① 電話"", ""② 紙物"", ""③ 自活"", ""④ 冬天""]",④,冬天,
7급,103,2023-11-11,68,mean_select,다음 뜻에 맞는 漢字語를 <보기>에서 찾아 그 번호를 쓰세요.,스스로의 힘으로 살아감.,,"[""① 電話"", ""② 紙物"", ""③ 自活"", ""④ 冬天""]",③,自活,
7급,103,2023-11-11,69,stroke,다음 漢字의 진하게 표시한 획은 몇 번째 쓰는지 <보기>에서 찾아 그 번호를 쓰세요.,,,"[""① 첫 번째"", ""② 두 번째"", ""③ 세 번째"", ""④ 네 번째"", ""⑤ 다섯 번째"", ""⑥ 여섯 번째"", ""⑦ 일곱 번째"", ""⑧ 여덟 번째"", ""⑨ 아홉 번째"", ""⑩ 열 번째""]",⑥,여섯 번째,exam-strokes/stroke_7_103_69.png
7급,103,2023-11-11,70,stroke,다음 漢字의 진하게 표시한 획은 몇 번째 쓰는지 <보기>에서 찾아 그 번호를 쓰세요.,,,"[""① 첫 번째"", ""② 두 번째"", ""③ 세 번째"", ""④ 네 번째"", ""⑤ 다섯 번째"", ""⑥ 여섯 번째"", ""⑦ 일곱 번째"", ""⑧ 여덟 번째"", ""⑨ 아홉 번째"", ""⑩ 열 번째""]",②,두 번째,exam-strokes/stroke_7_103_70.png
7급,104,2024-02-24,1,dokum,다음 밑줄 친 漢字語의 音을 쓰세요.,요즘 청소년들이 가장 선호하는 직업은 歌手입니다.,歌手,,가수,가수,
7급,104,2024-02-24,2,dokum,다음 밑줄 친 漢字語의 音을 쓰세요.,間食을 많이 먹는 문화는 건강 에 안 좋은 영향을 끼칩니다.,間食,,간식,간식,
7급,104,2024-02-24,3,dokum,다음 밑줄 친 漢字語의 音을 쓰세요.,지난 범죄 사건으로 인해 치안 에 空白이 생겼습니다.,空白,,공백,공백,
7급,104,2024-02-24,4,dokum,다음 밑줄 친 漢字語의 音을 쓰세요.,다른 나라의 國土를 침범하는 일은 결코 용납할 수 없습니다.,國土,,국토,국토,
7급,104,2024-02-24,5,dokum,다음 밑줄 친 漢字語의 音을 쓰세요.,용의자는 경찰을 만나자 당황한 氣色을 감추지 못했습니다.,氣色,,기색,기색,
7급,104,2024-02-24,6,dokum,다음 밑줄 친 漢字語의 音을 쓰세요.,來年에는 중학교에 입학해서 새 친구들을 만나게 됩니다.,來年,,내년,내년,
7급,104,2024-02-24,7,dokum,다음 밑줄 친 漢字語의 音을 쓰세요.,학생회장 선거에서 후보자의 공 약에 관한 問答이 오갔습니다.,問答,,문답,문답,
7급,104,2024-02-24,8,dokum,다음 밑줄 친 漢字語의 音을 쓰세요.,立冬이 되니 정말 겨울이 온다 는 느낌이 들었습니다.,立冬,,입동,입동,
7급,104,2024-02-24,9,dokum,다음 밑줄 친 漢字語의 音을 쓰세요.,주말 登山을 통해 평일에 쌓였 던 스트레스를 풀 수 있습니다.,登山,,등산,등산,
7급,104,2024-02-24,10,dokum,다음 밑줄 친 漢字語의 音을 쓰세요.,환경오염이 심해지면서 農林 산업이 각광을 받고 있습니다.,農林,,농림,농림,
7급,104,2024-02-24,11,dokum,다음 밑줄 친 漢字語의 音을 쓰세요.,봄은 萬物이 소생하는 계절이 라고들 말합니다.,萬物,,만물,만물,
7급,104,2024-02-24,12,dokum,다음 밑줄 친 漢字語의 音을 쓰세요.,내 친구는 每事에 빈틈이 없이 행동하는 장점이 있습니다.,每事,,매사,매사,
7급,104,2024-02-24,13,dokum,다음 밑줄 친 漢字語의 音을 쓰세요.,성실함은 제가 꿈꾸는 목표를 이루는 動力입니다.,動力,,동력,동력,
7급,104,2024-02-24,14,dokum,다음 밑줄 친 漢字語의 音을 쓰세요.,마지막 화살이 命中하면서 금 메달을 목에 걸 수 있었습니다.,命中,,명중,명중,
7급,104,2024-02-24,15,dokum,다음 밑줄 친 漢字語의 音을 쓰세요.,千字文을 떼고 나니 자신감이 한층 올라간 느낌입니다.,千字文,,천자문,천자문,
7급,104,2024-02-24,16,dokum,다음 밑줄 친 漢字語의 音을 쓰세요.,춘천 方面으로 가는 기차가 이 제 곧 출발합니다.,方面,,방면,방면,
7급,104,2024-02-24,17,dokum,다음 밑줄 친 漢字語의 音을 쓰세요.,태풍이 北上하여 우리나라가 영향권에 접어들 전망입니다.,北上,,북상,북상,
7급,104,2024-02-24,18,dokum,다음 밑줄 친 漢字語의 音을 쓰세요.,저는 四寸들과 매우 가깝게 지 내는 편입니다.,四寸,,사촌,사촌,
7급,104,2024-02-24,19,dokum,다음 밑줄 친 漢字語의 音을 쓰세요.,이 식물의 生長 기간은 다른 식물에 비해 긴 편입니다.,生長,,생장,생장,
7급,104,2024-02-24,20,dokum,다음 밑줄 친 漢字語의 音을 쓰세요.,견우와 직녀가 만나는 날을 七夕 이라고 부릅니다.,七夕,,칠석,칠석,
7급,104,2024-02-24,21,dokum,다음 밑줄 친 漢字語의 音을 쓰세요.,부모를 잃었지만 씩씩하게 살 아가는 少女를 보며 저 자신을 반성하게 되었습니다.,少女,,소녀,소녀,
7급,104,2024-02-24,22,dokum,다음 밑줄 친 漢字語의 音을 쓰세요.,언제부터 植木日이 공휴일에서 제외되었나요?,植木日,,식목일,식목일,
7급,104,2024-02-24,23,dokum,다음 밑줄 친 漢字語의 音을 쓰세요.,냉장고에 보관했다고 해서 무 조건 安心하고 먹어서는 안 됩 니다.,安心,,안심,안심,
7급,104,2024-02-24,24,dokum,다음 밑줄 친 漢字語의 音을 쓰세요.,동해 관광을 통해 天然의 아름 다움을 감상할 수 있었습니다.,天然,,천연,천연,
7급,104,2024-02-24,25,dokum,다음 밑줄 친 漢字語의 音을 쓰세요.,"공부에는 王道가 없다는 말처 럼, 요행을 바라지 않는 태도가 중요합니다.",王道,,왕도,왕도,
7급,104,2024-02-24,26,dokum,다음 밑줄 친 漢字語의 音을 쓰세요.,해가 뜨는 것만큼이나 멋진 모 습이 月出임을 사람들은 잘 모 르는 것 같다.,月出,,월출,월출,
7급,104,2024-02-24,27,dokum,다음 밑줄 친 漢字語의 音을 쓰세요.,正門에 사람들이 몰려 매우 혼 잡한 상황이라고 들었습니다.,正門,,정문,정문,
7급,104,2024-02-24,28,dokum,다음 밑줄 친 漢字語의 音을 쓰세요.,수면 不足은 현대인들이 공통 적으로 느끼는 어려움입니다.,不足,,부족,부족,
7급,104,2024-02-24,29,dokum,다음 밑줄 친 漢字語의 音을 쓰세요.,미래의 主人은 어린이입니다.,主人,,주인,주인,
7급,104,2024-02-24,30,dokum,다음 밑줄 친 漢字語의 音을 쓰세요.,정치인들은 住民들의 요구를 반 영하여 정책을 수립해야 합니다.,住民,,주민,주민,
7급,104,2024-02-24,31,dokum,다음 밑줄 친 漢字語의 音을 쓰세요.,우리 학교 春秋복은 참 예쁩니다.,春秋,,춘추,춘추,
7급,104,2024-02-24,32,dokum,다음 밑줄 친 漢字語의 音을 쓰세요.,저희 어머니는 花草 키우는 것 을 좋아하십니다.,花草,,화초,화초,
7급,104,2024-02-24,33,select_hanjaeo,다음 밑줄 친 단어에 해당하는 漢字語를 고르세요.,이 지역에는 여러 개의 학교가 밀집해 있습니다.,학교,"[""① 學校"", ""② 東西"", ""③ 算數"", ""④ 地下""]",①,學校,
7급,104,2024-02-24,34,select_hanjaeo,다음 밑줄 친 단어에 해당하는 漢字語를 고르세요.,우리 동네에는 동서로 큰 길이 나 있습니다.,동서,"[""① 學校"", ""② 東西"", ""③ 算數"", ""④ 地下""]",②,東西,
7급,104,2024-02-24,35,hunum,다음 漢字의 訓과 音을 쓰세요.,午,午,,낮 오,낮 오,
7급,104,2024-02-24,36,hunum,다음 漢字의 訓과 音을 쓰세요.,姓,姓,,성 성,성 성,
7급,104,2024-02-24,37,hunum,다음 漢字의 訓과 音을 쓰세요.,世,世,,인간 세,인간 세,
7급,104,2024-02-24,38,hunum,다음 漢字의 訓과 音을 쓰세요.,名,名,,이름 명,이름 명,
7급,104,2024-02-24,39,hunum,다음 漢字의 訓과 音을 쓰세요.,同,同,,한가지 동,한가지 동,
7급,104,2024-02-24,40,hunum,다음 漢字의 訓과 音을 쓰세요.,家,家,,집 가,집 가,
7급,104,2024-02-24,41,hunum,다음 漢字의 訓과 音을 쓰세요.,市,市,,저자 시,저자 시,
7급,104,2024-02-24,42,hunum,다음 漢字의 訓과 音을 쓰세요.,里,里,,마을 리,마을 리,
7급,104,2024-02-24,43,hunum,다음 漢字의 訓과 音을 쓰세요.,重,重,,무거울 중,무거울 중,
7급,104,2024-02-24,44,hunum,다음 漢字의 訓과 音을 쓰세요.,南,南,,남녘 남,남녘 남,
7급,104,2024-02-24,45,hunum,다음 漢字의 訓과 音을 쓰세요.,先,先,,먼저 선,먼저 선,
7급,104,2024-02-24,46,hunum,다음 漢字의 訓과 音을 쓰세요.,江,江,,강 강,강 강,
7급,104,2024-02-24,47,hunum,다음 漢字의 訓과 音을 쓰세요.,大,大,,큰 대,큰 대,
7급,104,2024-02-24,48,hunum,다음 漢字의 訓과 音을 쓰세요.,夫,夫,,지아비 부,지아비 부,
7급,104,2024-02-24,49,hunum,다음 漢字의 訓과 音을 쓰세요.,軍,軍,,군사 군,군사 군,
7급,104,2024-02-24,50,hunum,다음 漢字의 訓과 音을 쓰세요.,夏,夏,,여름 하,여름 하,
7급,104,2024-02-24,51,hunum,다음 漢字의 訓과 音을 쓰세요.,邑,邑,,고을 읍,고을 읍,
7급,104,2024-02-24,52,hunum,다음 漢字의 訓과 音을 쓰세요.,工,工,,장인 공,장인 공,
7급,104,2024-02-24,53,hunum,다음 漢字의 訓과 音을 쓰세요.,老,老,,늙을 로,늙을 로,
7급,104,2024-02-24,54,hunum,다음 漢字의 訓과 音을 쓰세요.,育,育,,기를 육,기를 육,
7급,104,2024-02-24,55,select_hanja,다음 訓과 音에 맞는 漢字를 <보기>에서 찾아 그 번호를 쓰세요.,아비 부,아비 부,"[""① 室"", ""② 口"", ""③ 金"", ""④ 話"", ""⑤ 所"", ""⑥ 車"", ""⑦ 有"", ""⑧ 自"", ""⑨ 川"", ""⑩ 父""]",⑩,父,
7급,104,2024-02-24,56,select_hanja,다음 訓과 音에 맞는 漢字를 <보기>에서 찾아 그 번호를 쓰세요.,바 소,바 소,"[""① 室"", ""② 口"", ""③ 金"", ""④ 話"", ""⑤ 所"", ""⑥ 車"", ""⑦ 有"", ""⑧ 自"", ""⑨ 川"", ""⑩ 父""]",⑤,所,
7급,104,2024-02-24,57,select_hanja,다음 訓과 音에 맞는 漢字를 <보기>에서 찾아 그 번호를 쓰세요.,수레 거 | 수레 차,수레 거 | 수레 차,"[""① 室"", ""② 口"", ""③ 金"", ""④ 話"", ""⑤ 所"", ""⑥ 車"", ""⑦ 有"", ""⑧ 自"", ""⑨ 川"", ""⑩ 父""]",⑥,車,
7급,104,2024-02-24,58,select_hanja,다음 訓과 音에 맞는 漢字를 <보기>에서 찾아 그 번호를 쓰세요.,집 실,집 실,"[""① 室"", ""② 口"", ""③ 金"", ""④ 話"", ""⑤ 所"", ""⑥ 車"", ""⑦ 有"", ""⑧ 自"", ""⑨ 川"", ""⑩ 父""]",①,室,
7급,104,2024-02-24,59,select_hanja,다음 訓과 音에 맞는 漢字를 <보기>에서 찾아 그 번호를 쓰세요.,내 천,내 천,"[""① 室"", ""② 口"", ""③ 金"", ""④ 話"", ""⑤ 所"", ""⑥ 車"", ""⑦ 有"", ""⑧ 自"", ""⑨ 川"", ""⑩ 父""]",⑨,川,
7급,104,2024-02-24,60,select_hanja,다음 訓과 音에 맞는 漢字를 <보기>에서 찾아 그 번호를 쓰세요.,스스로 자,스스로 자,"[""① 室"", ""② 口"", ""③ 金"", ""④ 話"", ""⑤ 所"", ""⑥ 車"", ""⑦ 有"", ""⑧ 自"", ""⑨ 川"", ""⑩ 父""]",⑧,自,
7급,104,2024-02-24,61,select_hanja,다음 訓과 音에 맞는 漢字를 <보기>에서 찾아 그 번호를 쓰세요.,입 구,입 구,"[""① 室"", ""② 口"", ""③ 金"", ""④ 話"", ""⑤ 所"", ""⑥ 車"", ""⑦ 有"", ""⑧ 自"", ""⑨ 川"", ""⑩ 父""]",②,口,
7급,104,2024-02-24,62,select_hanja,다음 訓과 音에 맞는 漢字를 <보기>에서 찾아 그 번호를 쓰세요.,있을 유,있을 유,"[""① 室"", ""② 口"", ""③ 金"", ""④ 話"", ""⑤ 所"", ""⑥ 車"", ""⑦ 有"", ""⑧ 自"", ""⑨ 川"", ""⑩ 父""]",⑦,有,
7급,104,2024-02-24,63,select_hanja,다음 訓과 音에 맞는 漢字를 <보기>에서 찾아 그 번호를 쓰세요.,말씀 화,말씀 화,"[""① 室"", ""② 口"", ""③ 金"", ""④ 話"", ""⑤ 所"", ""⑥ 車"", ""⑦ 有"", ""⑧ 自"", ""⑨ 川"", ""⑩ 父""]",④,話,
7급,104,2024-02-24,64,select_hanja,다음 訓과 音에 맞는 漢字를 <보기>에서 찾아 그 번호를 쓰세요.,쇠 금 | 성 김,쇠 금 | 성 김,"[""① 室"", ""② 口"", ""③ 金"", ""④ 話"", ""⑤ 所"", ""⑥ 車"", ""⑦ 有"", ""⑧ 自"", ""⑨ 川"", ""⑩ 父""]",③,金,
7급,104,2024-02-24,65,banui_select,다음 漢字의 상대(또는 반대)되는 漢字를 <보기>에서 골라 그 번호를 쓰세요.,( ) ↔ 外,( ) ↔ 外,"[""① 內"", ""② 全"", ""③ 後"", ""④ 紙""]",①,內,
7급,104,2024-02-24,66,banui_select,다음 漢字의 상대(또는 반대)되는 漢字를 <보기>에서 골라 그 번호를 쓰세요.,前 ↔ ( ),前 ↔ ( ),"[""① 內"", ""② 全"", ""③ 後"", ""④ 紙""]",③,後,
7급,104,2024-02-24,67,mean_select,다음 뜻에 맞는 漢字語를 <보기>에서 찾아 그 번호를 쓰세요.,왼쪽과 오른쪽.,,"[""① 左右"", ""② 水火"", ""③ 兄弟"", ""④ 母子""]",①,左右,
7급,104,2024-02-24,68,mean_select,다음 뜻에 맞는 漢字語를 <보기>에서 찾아 그 번호를 쓰세요.,어머니와 아들.,,"[""① 左右"", ""② 水火"", ""③ 兄弟"", ""④ 母子""]",④,母子,
7급,104,2024-02-24,69,stroke,다음 漢字의 진하게 표시한 획은 몇 번째 쓰는지 <보기>에서 찾아 그 번호를 쓰세요.,,,"[""① 첫 번째"", ""② 두 번째"", ""③ 세 번째"", ""④ 네 번째"", ""⑤ 다섯 번째"", ""⑥ 여섯 번째"", ""⑦ 일곱 번째"", ""⑧ 여덟 번째"", ""⑨ 아홉 번째"", ""⑩ 열 번째""]",④,네 번째,exam-strokes/stroke_7_104_69.png
7급,104,2024-02-24,70,stroke,다음 漢字의 진하게 표시한 획은 몇 번째 쓰는지 <보기>에서 찾아 그 번호를 쓰세요.,,,"[""① 첫 번째"", ""② 두 번째"", ""③ 세 번째"", ""④ 네 번째"", ""⑤ 다섯 번째"", ""⑥ 여섯 번째"", ""⑦ 일곱 번째"", ""⑧ 여덟 번째"", ""⑨ 아홉 번째"", ""⑩ 열 번째""]",④,네 번째,exam-strokes/stroke_7_104_70.png
7급,105,2024-05-25,1,dokum,다음 밑줄 친 漢字語의 音을 쓰세요.,고즈넉한 下午 두 시 무렵 사냥 꾼은 낮잠에 빠졌습니다.,下午,,하오,하오,
7급,105,2024-05-25,2,dokum,다음 밑줄 친 漢字語의 音을 쓰세요.,백제의 군사들은 성을 三重으로 포위하였습니다.,三重,,삼중,삼중,
7급,105,2024-05-25,3,dokum,다음 밑줄 친 漢字語의 音을 쓰세요.,우리나라의 電子 제품을 수입하려 는 나라가 점점 늘고 있습니다.,電子,,전자,전자,
7급,105,2024-05-25,4,dokum,다음 밑줄 친 漢字語의 音을 쓰세요.,몸이 어디 不便한지 영희의 안 색이 창백합니다.,不便,,불편,불편,
7급,105,2024-05-25,5,dokum,다음 밑줄 친 漢字語의 音을 쓰세요.,할머니 春秋는 벌써 아흔을 바 라봅니다.,春秋,,춘추,춘추,
7급,105,2024-05-25,6,dokum,다음 밑줄 친 漢字語의 音을 쓰세요.,계산기를 자주 사용하면 算數 실력이 잘 늘지 않습니다.,算數,,산수,산수,
7급,105,2024-05-25,7,dokum,다음 밑줄 친 漢字語의 音을 쓰세요.,자고로 임금은 하늘을 공경하고 百姓을 사랑해야 하는 법입니 다.,百姓,,백성,백성,
7급,105,2024-05-25,8,dokum,다음 밑줄 친 漢字語의 音을 쓰세요.,우리 마을은 칠월 七夕에 강냉이 떡과 밀개떡을 즐겨 먹습니다.,七夕,,칠석,칠석,
7급,105,2024-05-25,9,dokum,다음 밑줄 친 漢字語의 音을 쓰세요.,나무꾼 부부는 홀로 된 老母를 지극정성으로 모셨습니다.,老母,,노모,노모,
7급,105,2024-05-25,10,dokum,다음 밑줄 친 漢字語의 音을 쓰세요.,집안청소는 아무리 잘해도 生色 이 잘 나지 않습니다.,生色,,생색,생색,
7급,105,2024-05-25,11,dokum,다음 밑줄 친 漢字語의 音을 쓰세요.,농업기술센터에서 초보 농군들 에게 농기계 다루는 법을 敎育 해 줍니다.,敎育,,교육,교육,
7급,105,2024-05-25,12,dokum,다음 밑줄 친 漢字語의 音을 쓰세요.,주말에 이동하려면 事前에 차 편을 알아보는 것이 좋겠습니 다.,事前,,사전,사전,
7급,105,2024-05-25,13,dokum,다음 밑줄 친 漢字語의 音을 쓰세요.,새로 발굴을 시작한 무덤에서 금동미륵상이 出土되었습니다.,出土,,출토,출토,
7급,105,2024-05-25,14,dokum,다음 밑줄 친 漢字語의 音을 쓰세요.,아주머니는 氣力이 부치는지 계단을 오르며 연신 숨을 헉헉 거리셨습니다.,氣力,,기력,기력,
7급,105,2024-05-25,15,dokum,다음 밑줄 친 漢字語의 音을 쓰세요.,삼촌은 군에 입대하기 위해 다니 던 대학을 잠시 休學했습니다.,休學,,휴학,휴학,
7급,105,2024-05-25,16,dokum,다음 밑줄 친 漢字語의 音을 쓰세요.,선생님은 白紙에 붓글씨로 내 이름을 써 주셨습니다.,白紙,,백지,백지,
7급,105,2024-05-25,17,dokum,다음 밑줄 친 漢字語의 音을 쓰세요.,개는 主人을 보자마자 반갑게 꼬리를 쳤습니다.,主人,,주인,주인,
7급,105,2024-05-25,18,dokum,다음 밑줄 친 漢字語의 音을 쓰세요.,일제에 의해 왜곡된 역사는 올 바르게 正立을 해야 합니다.,正立,,정립,정립,
7급,105,2024-05-25,19,dokum,다음 밑줄 친 漢字語의 音을 쓰세요.,우리 마을 경로 잔치에 邑長님 이 찾아와 자리를 빛내 주셨습 니다.,邑長,,읍장,읍장,
7급,105,2024-05-25,20,dokum,다음 밑줄 친 漢字語의 音을 쓰세요.,엄마께서 횟감을 사러 수산물 市場에 가셨습니다.,市場,,시장,시장,
7급,105,2024-05-25,21,dokum,다음 밑줄 친 漢字語의 音을 쓰세요.,영희는 나를 보고도 못 본 척 外面을 하고 지나갔습니다.,外面,,외면,외면,
7급,105,2024-05-25,22,dokum,다음 밑줄 친 漢字語의 音을 쓰세요.,우리나라의 國花는 무궁화입니다.,國花,,국화,국화,
7급,105,2024-05-25,23,dokum,다음 밑줄 친 漢字語의 音을 쓰세요.,요즘엔 혼자 사는 1인 家口가 점점 늘어나는 추세입니다.,家口,,가구,가구,
7급,105,2024-05-25,24,dokum,다음 밑줄 친 漢字語의 音을 쓰세요.,"예전에, 양반이 아닌 상민이 살 던 마을을 民村이라고 하였습 니다.",民村,,민촌,민촌,
7급,105,2024-05-25,25,dokum,다음 밑줄 친 漢字語의 音을 쓰세요.,군인들이 발을 힘껏 구르며 절 도있게 軍歌를 부릅니다.,軍歌,,군가,군가,
7급,105,2024-05-25,26,dokum,다음 밑줄 친 漢字語의 音을 쓰세요.,우리는 來日 날이 밝자마자 다음 목적지로 출발할 예정입니다.,來日,,내일,내일,
7급,105,2024-05-25,27,dokum,다음 밑줄 친 漢字語의 音을 쓰세요.,날이 따뜻해진 요즘이 植木하 기에는 제철입니다.,植木,,식목,식목,
7급,105,2024-05-25,28,dokum,다음 밑줄 친 漢字語의 音을 쓰세요.,무분별한 벌목과 산불로 山林 자원이 점차 줄어들고 있습니 다.,山林,,산림,산림,
7급,105,2024-05-25,29,dokum,다음 밑줄 친 漢字語의 音을 쓰세요.,박 병장은 스무 발의 총알을 모두 표적에 命中시켰습니다.,命中,,명중,명중,
7급,105,2024-05-25,30,dokum,다음 밑줄 친 漢字語의 音을 쓰세요.,함선들 간에는 手旗로 신호를 주고 받기도 합니다.,手旗,,수기,수기,
7급,105,2024-05-25,31,dokum,다음 밑줄 친 漢字語의 音을 쓰세요.,이 건물의 5층에는 변호사 사 무실이 入住해 있습니다.,入住,,입주,입주,
7급,105,2024-05-25,32,dokum,다음 밑줄 친 漢字語의 音을 쓰세요.,고창의 특산물로는 수박이 有名 합니다.,有名,,유명,유명,
7급,105,2024-05-25,33,select_hanjaeo,다음 밑줄 친 단어에 해당하는 漢字語를 고르세요.,철수는 묻는 말에 대답은 않고 천연덕스레 먼 산만 바라봅니다.,천연,"[""① 萬世"", ""② 天然"", ""③ 校時"", ""④ 祖上""]",②,天然,
7급,105,2024-05-25,34,select_hanjaeo,다음 밑줄 친 단어에 해당하는 漢字語를 고르세요.,한식에는 조상의 산소를 찾아 성묘를 합니다.,조상,"[""① 萬世"", ""② 天然"", ""③ 校時"", ""④ 祖上""]",④,祖上,
7급,105,2024-05-25,35,hunum,다음 漢字의 訓과 音을 쓰세요.,安,安,,편안 안,편안 안,
7급,105,2024-05-25,36,hunum,다음 漢字의 訓과 音을 쓰세요.,活,活,,살 활,살 활,
7급,105,2024-05-25,37,hunum,다음 漢字의 訓과 音을 쓰세요.,少,少,,적을 소,적을 소,
7급,105,2024-05-25,38,hunum,다음 漢字의 訓과 音을 쓰세요.,江,江,,강 강,강 강,
7급,105,2024-05-25,39,hunum,다음 漢字의 訓과 音을 쓰세요.,海,海,,바다 해,바다 해,
7급,105,2024-05-25,40,hunum,다음 漢字의 訓과 音을 쓰세요.,答,答,,대답 답,대답 답,
7급,105,2024-05-25,41,hunum,다음 漢字의 訓과 音을 쓰세요.,內,內,,안 내,안 내,
7급,105,2024-05-25,42,hunum,다음 漢字의 訓과 音을 쓰세요.,夏,夏,,여름 하,여름 하,
7급,105,2024-05-25,43,hunum,다음 漢字의 訓과 音을 쓰세요.,孝,孝,,효도 효,효도 효,
7급,105,2024-05-25,44,hunum,다음 漢字의 訓과 音을 쓰세요.,食,食,,밥/먹을 식,밥/먹을 식,
7급,105,2024-05-25,45,hunum,다음 漢字의 訓과 音을 쓰세요.,工,工,,장인 공,장인 공,
7급,105,2024-05-25,46,hunum,다음 漢字의 訓과 音을 쓰세요.,夫,夫,,지아비 부,지아비 부,
7급,105,2024-05-25,47,hunum,다음 漢字의 訓과 音을 쓰세요.,冬,冬,,겨울 동,겨울 동,
7급,105,2024-05-25,48,hunum,다음 漢字의 訓과 音을 쓰세요.,文,文,,글월 문,글월 문,
7급,105,2024-05-25,49,hunum,다음 漢字의 訓과 音을 쓰세요.,話,話,,말씀 화,말씀 화,
7급,105,2024-05-25,50,hunum,다음 漢字의 訓과 音을 쓰세요.,道,道,,길 도,길 도,
7급,105,2024-05-25,51,hunum,다음 漢字의 訓과 音을 쓰세요.,左,左,,왼 좌,왼 좌,
7급,105,2024-05-25,52,hunum,다음 漢字의 訓과 音을 쓰세요.,方,方,,모 방,모 방,
7급,105,2024-05-25,53,hunum,다음 漢字의 訓과 音을 쓰세요.,千,千,,일천 천,일천 천,
7급,105,2024-05-25,54,hunum,다음 漢字의 訓과 音을 쓰세요.,平,平,,평평할 평,평평할 평,
7급,105,2024-05-25,55,select_hanja,다음 訓과 音에 맞는 漢字를 <보기>에서 찾아 그 번호를 쓰세요.,오를 등,오를 등,"[""① 登"", ""② 同"", ""③ 足"", ""④ 記"", ""⑤ 所"", ""⑥ 里"", ""⑦ 草"", ""⑧ 全"", ""⑨ 每"", ""⑩ 川""]",①,登,
7급,105,2024-05-25,56,select_hanja,다음 訓과 音에 맞는 漢字를 <보기>에서 찾아 그 번호를 쓰세요.,바 소,바 소,"[""① 登"", ""② 同"", ""③ 足"", ""④ 記"", ""⑤ 所"", ""⑥ 里"", ""⑦ 草"", ""⑧ 全"", ""⑨ 每"", ""⑩ 川""]",⑤,所,
7급,105,2024-05-25,57,select_hanja,다음 訓과 音에 맞는 漢字를 <보기>에서 찾아 그 번호를 쓰세요.,풀 초,풀 초,"[""① 登"", ""② 同"", ""③ 足"", ""④ 記"", ""⑤ 所"", ""⑥ 里"", ""⑦ 草"", ""⑧ 全"", ""⑨ 每"", ""⑩ 川""]",⑦,草,
7급,105,2024-05-25,58,select_hanja,다음 訓과 音에 맞는 漢字를 <보기>에서 찾아 그 번호를 쓰세요.,마을 리,마을 리,"[""① 登"", ""② 同"", ""③ 足"", ""④ 記"", ""⑤ 所"", ""⑥ 里"", ""⑦ 草"", ""⑧ 全"", ""⑨ 每"", ""⑩ 川""]",⑥,里,
7급,105,2024-05-25,59,select_hanja,다음 訓과 音에 맞는 漢字를 <보기>에서 찾아 그 번호를 쓰세요.,한가지 동,한가지 동,"[""① 登"", ""② 同"", ""③ 足"", ""④ 記"", ""⑤ 所"", ""⑥ 里"", ""⑦ 草"", ""⑧ 全"", ""⑨ 每"", ""⑩ 川""]",②,同,
7급,105,2024-05-25,60,select_hanja,다음 訓과 音에 맞는 漢字를 <보기>에서 찾아 그 번호를 쓰세요.,내 천,내 천,"[""① 登"", ""② 同"", ""③ 足"", ""④ 記"", ""⑤ 所"", ""⑥ 里"", ""⑦ 草"", ""⑧ 全"", ""⑨ 每"", ""⑩ 川""]",⑩,川,
7급,105,2024-05-25,61,select_hanja,다음 訓과 音에 맞는 漢字를 <보기>에서 찾아 그 번호를 쓰세요.,매양 매,매양 매,"[""① 登"", ""② 同"", ""③ 足"", ""④ 記"", ""⑤ 所"", ""⑥ 里"", ""⑦ 草"", ""⑧ 全"", ""⑨ 每"", ""⑩ 川""]",⑨,每,
7급,105,2024-05-25,62,select_hanja,다음 訓과 音에 맞는 漢字를 <보기>에서 찾아 그 번호를 쓰세요.,기록할 기,기록할 기,"[""① 登"", ""② 同"", ""③ 足"", ""④ 記"", ""⑤ 所"", ""⑥ 里"", ""⑦ 草"", ""⑧ 全"", ""⑨ 每"", ""⑩ 川""]",④,記,
7급,105,2024-05-25,63,select_hanja,다음 訓과 音에 맞는 漢字를 <보기>에서 찾아 그 번호를 쓰세요.,발 족,발 족,"[""① 登"", ""② 同"", ""③ 足"", ""④ 記"", ""⑤ 所"", ""⑥ 里"", ""⑦ 草"", ""⑧ 全"", ""⑨ 每"", ""⑩ 川""]",③,足,
7급,105,2024-05-25,64,select_hanja,다음 訓과 音에 맞는 漢字를 <보기>에서 찾아 그 번호를 쓰세요.,온전 전,온전 전,"[""① 登"", ""② 同"", ""③ 足"", ""④ 記"", ""⑤ 所"", ""⑥ 里"", ""⑦ 草"", ""⑧ 全"", ""⑨ 每"", ""⑩ 川""]",⑧,全,
7급,105,2024-05-25,65,banui_select,다음 漢字의 상대(또는 반대)되는 漢字를 <보기>에서 골라 그 번호를 쓰세요.,( ) ↔ 心,心,"[""① 物"", ""② 直"", ""③ 男"", ""④ 後""]",①,物,
7급,105,2024-05-25,66,banui_select,다음 漢字의 상대(또는 반대)되는 漢字를 <보기>에서 골라 그 번호를 쓰세요.,先 ↔ ( ),先,"[""① 物"", ""② 直"", ""③ 男"", ""④ 後""]",④,後,
7급,105,2024-05-25,67,mean_select,다음 뜻에 맞는 漢字語를 <보기>에서 찾아 그 번호를 쓰세요.,땅을 움직임.,,"[""① 車間"", ""② 動地"", ""③ 自農"", ""④ 空洞""]",②,動地,
7급,105,2024-05-25,68,mean_select,다음 뜻에 맞는 漢字語를 <보기>에서 찾아 그 번호를 쓰세요.,아무것도 없이 텅 빈 큰 골짜기.,,"[""① 車間"", ""② 動地"", ""③ 自農"", ""④ 空洞""]",④,空洞,
7급,105,2024-05-25,69,stroke,다음 漢字의 진하게 표시한 획은 몇 번째 쓰는지 <보기>에서 찾아 그 번호를 쓰세요.,,,"[""① 첫 번째"", ""② 두 번째"", ""③ 세 번째"", ""④ 네 번째"", ""⑤ 다섯 번째"", ""⑥ 여섯 번째"", ""⑦ 일곱 번째"", ""⑧ 여덟 번째"", ""⑨ 아홉 번째"", ""⑩ 열 번째""]",②,두 번째,exam-strokes/stroke_7_105_69.png
7급,105,2024-05-25,70,stroke,다음 漢字의 진하게 표시한 획은 몇 번째 쓰는지 <보기>에서 찾아 그 번호를 쓰세요.,,,"[""① 첫 번째"", ""② 두 번째"", ""③ 세 번째"", ""④ 네 번째"", ""⑤ 다섯 번째"", ""⑥ 여섯 번째"", ""⑦ 일곱 번째"", ""⑧ 여덟 번째"", ""⑨ 아홉 번째"", ""⑩ 열 번째""]",⑤,다섯 번째,exam-strokes/stroke_7_105_70.png
7급,106,2024-08-24,1,dokum,다음 밑줄 친 漢字語의 音을 쓰세요.,수험생들은 오전 열한 시까지 入室을 완료해야 합니다.,入室,,입실,입실,
7급,106,2024-08-24,2,dokum,다음 밑줄 친 漢字語의 音을 쓰세요.,이장님은 우리 마을의 발전을 위해 全心을 다했습니다.,全心,,전심,전심,
7급,106,2024-08-24,3,dokum,다음 밑줄 친 漢字語의 音을 쓰세요.,아버지는 수산 市場에 가서 회 를 사 오셨습니다.,市場,,시장,시장,
7급,106,2024-08-24,4,dokum,다음 밑줄 친 漢字語의 音을 쓰세요.,선두에서 펄럭이는 軍旗를 따라 병사들이 행진을 하였습니다.,軍旗,,군기,군기,
7급,106,2024-08-24,5,dokum,다음 밑줄 친 漢字語의 音을 쓰세요.,톱과 끌 그리고 망치는 木工 작 업의 기본 도구입니다.,木工,,목공,목공,
7급,106,2024-08-24,6,dokum,다음 밑줄 친 漢字語의 音을 쓰세요.,지구의 기온이 每年 조금씩 올 라가고 있습니다.,每年,,매년,매년,
7급,106,2024-08-24,7,dokum,다음 밑줄 친 漢字語의 音을 쓰세요.,사람의 生命보다 더 귀중한 것 은 없습니다.,生命,,생명,생명,
7급,106,2024-08-24,8,dokum,다음 밑줄 친 漢字語의 音을 쓰세요.,그 무용수는 파리를 무대로 활 발한 活動을 하였습니다.,活動,,활동,활동,
7급,106,2024-08-24,9,dokum,다음 밑줄 친 漢字語의 音을 쓰세요.,그는 세계 선수권 대회에 참가 하기 위해 出國했습니다.,出國,,출국,출국,
7급,106,2024-08-24,10,dokum,다음 밑줄 친 漢字語의 音을 쓰세요.,두 사람은 함께 공부하면서 自然 스레 친해졌습니다.,自然,,자연,자연,
7급,106,2024-08-24,11,dokum,다음 밑줄 친 漢字語의 音을 쓰세요.,선생님 댁 子弟분은 모두 5남 매입니다.,子弟,,자제,자제,
7급,106,2024-08-24,12,dokum,다음 밑줄 친 漢字語의 音을 쓰세요.,세계적인 아동 文學 작가로는 안데르센을 꼽습니다.,文學,,문학,문학,
7급,106,2024-08-24,13,dokum,다음 밑줄 친 漢字語의 音을 쓰세요.,비가 많이 오긴 했지만 별다른 피해가 없어서 千萬다행입니다.,千萬,,천만,천만,
7급,106,2024-08-24,14,dokum,다음 밑줄 친 漢字語의 音을 쓰세요.,깨끗한 자연환경을 所重하게 여기고 잘 보존해야 합니다.,所重,,소중,소중,
7급,106,2024-08-24,15,dokum,다음 밑줄 친 漢字語의 音을 쓰세요.,전통문화에는 우리 祖上들의 얼과 지혜가 녹아있습니다.,祖上,,조상,조상,
7급,106,2024-08-24,16,dokum,다음 밑줄 친 漢字語의 音을 쓰세요.,요즘은 건강을 위해 小食하는 사람들이 많습니다.,小食,,소식,소식,
7급,106,2024-08-24,17,dokum,다음 밑줄 친 漢字語의 音을 쓰세요.,다람쥐는 먹을 것이 不足한 겨 울을 대비해 도토리를 저장합 니다.,不足,,부족,부족,
7급,106,2024-08-24,18,dokum,다음 밑줄 친 漢字語의 音을 쓰세요.,철수는 삼 형제 중 長男입니다.,長男,,장남,장남,
7급,106,2024-08-24,19,dokum,다음 밑줄 친 漢字語의 音을 쓰세요.,正午에 소나기가 그치더니 앞 산에 무지개가 걸렸습니다.,正午,,정오,정오,
7급,106,2024-08-24,20,dokum,다음 밑줄 친 漢字語의 音을 쓰세요.,서울의 江北 지역에는 유서 깊 은 고궁이 많습니다.,江北,,강북,강북,
7급,106,2024-08-24,21,dokum,다음 밑줄 친 漢字語의 音을 쓰세요.,서울 근교의 산들은 休日이면 등산객으로 무척 붐빕니다.,休日,,휴일,휴일,
7급,106,2024-08-24,22,dokum,다음 밑줄 친 漢字語의 音을 쓰세요.,올해 농사가 대풍이어서 農夫 들의 얼굴에는 미소가 가득합 니다.,農夫,,농부,농부,
7급,106,2024-08-24,23,dokum,다음 밑줄 친 漢字語의 音을 쓰세요.,草家지붕 위로 탐스럽게 박이 열렸습니다.,草家,,초가,초가,
7급,106,2024-08-24,24,dokum,다음 밑줄 친 漢字語의 音을 쓰세요.,최근에는 다양한 電氣 자동차 가 출시되고 있습니다.,電氣,,전기,전기,
7급,106,2024-08-24,25,dokum,다음 밑줄 친 漢字語의 音을 쓰세요.,경치가 아름다운 칠갑산은 道立 공원입니다.,道立,,도립,도립,
7급,106,2024-08-24,26,dokum,다음 밑줄 친 漢字語의 音을 쓰세요.,꽃밭에는 五色 영롱한 꽃들이 피어났습니다.,五色,,오색,오색,
7급,106,2024-08-24,27,dokum,다음 밑줄 친 漢字語의 音을 쓰세요.,영희가 보내준 便紙 속에는 네 잎클로버가 들어있었습니다.,便紙,,편지,편지,
7급,106,2024-08-24,28,dokum,다음 밑줄 친 漢字語의 音을 쓰세요.,비가 쏟아짐과 同時에 번개가 치고 천둥이 울렸습니다.,同時,,동시,동시,
7급,106,2024-08-24,29,dokum,다음 밑줄 친 漢字語의 音을 쓰세요.,그는 남녀노소 누구나 좋아하 는 歌手입니다.,歌手,,가수,가수,
7급,106,2024-08-24,30,dokum,다음 밑줄 친 漢字語의 音을 쓰세요.,임금은 百姓들을 잘 돌본 관리 에게 특별한 상을 내렸습니다.,百姓,,백성,백성,
7급,106,2024-08-24,31,dokum,다음 밑줄 친 漢字語의 音을 쓰세요.,운동 前後에는 물이나 이온 음 료를 충분히 마시는 것이 좋습 니다.,前後,,전후,전후,
7급,106,2024-08-24,32,dokum,다음 밑줄 친 漢字語의 音을 쓰세요.,洞口 밖 감나무에는 빨간 감이 주렁주렁 매달려 있습니다.,洞口,,동구,동구,
7급,106,2024-08-24,33,select_hanjaeo,다음 밑줄 친 단어에 해당하는 漢字語를 고르세요.,천지를 분간하기 어려울 정도로 짙은 안개가 끼었습니다.,천지,"[""① 外來"", ""② 植物"", ""③ 登記"", ""④ 天地""]",④,天地,
7급,106,2024-08-24,34,select_hanjaeo,다음 밑줄 친 단어에 해당하는 漢字語를 고르세요.,베스나 불루길같은 물고기는 토종 생태계를 교란하는 외래 어종입니다.,외래,"[""① 外來"", ""② 植物"", ""③ 登記"", ""④ 天地""]",①,外來,
7급,106,2024-08-24,35,hunum,다음 漢字의 訓과 音을 쓰세요.,方,方,,모 방,모 방,
7급,106,2024-08-24,36,hunum,다음 漢字의 訓과 音을 쓰세요.,孝,孝,,효도 효,효도 효,
7급,106,2024-08-24,37,hunum,다음 漢字의 訓과 音을 쓰세요.,花,花,,꽃 화,꽃 화,
7급,106,2024-08-24,38,hunum,다음 漢字의 訓과 音을 쓰세요.,名,名,,이름 명,이름 명,
7급,106,2024-08-24,39,hunum,다음 漢字의 訓과 音을 쓰세요.,敎,敎,,가르칠 교,가르칠 교,
7급,106,2024-08-24,40,hunum,다음 漢字의 訓과 音을 쓰세요.,校,校,,학교 교,학교 교,
7급,106,2024-08-24,41,hunum,다음 漢字의 訓과 音을 쓰세요.,話,話,,말씀 화,말씀 화,
7급,106,2024-08-24,42,hunum,다음 漢字의 訓과 音을 쓰세요.,有,有,,있을 유,있을 유,
7급,106,2024-08-24,43,hunum,다음 漢字의 訓과 音을 쓰세요.,右,右,,오른 우,오른 우,
7급,106,2024-08-24,44,hunum,다음 漢字의 訓과 音을 쓰세요.,算,算,,셈 산,셈 산,
7급,106,2024-08-24,45,hunum,다음 漢字의 訓과 音을 쓰세요.,民,民,,백성 민,백성 민,
7급,106,2024-08-24,46,hunum,다음 漢字의 訓과 音을 쓰세요.,寸,寸,,마디 촌,마디 촌,
7급,106,2024-08-24,47,hunum,다음 漢字의 訓과 音을 쓰세요.,內,內,,안 내,안 내,
7급,106,2024-08-24,48,hunum,다음 漢字의 訓과 音을 쓰세요.,夏,夏,,여름 하,여름 하,
7급,106,2024-08-24,49,hunum,다음 漢字의 訓과 音을 쓰세요.,冬,冬,,겨울 동,겨울 동,
7급,106,2024-08-24,50,hunum,다음 漢字의 訓과 音을 쓰세요.,平,平,,평평할 평,평평할 평,
7급,106,2024-08-24,51,hunum,다음 漢字의 訓과 音을 쓰세요.,下,下,,아래 하,아래 하,
7급,106,2024-08-24,52,hunum,다음 漢字의 訓과 音을 쓰세요.,左,左,,왼 좌,왼 좌,
7급,106,2024-08-24,53,hunum,다음 漢字의 訓과 音을 쓰세요.,間,間,,사이 간,사이 간,
7급,106,2024-08-24,54,hunum,다음 漢字의 訓과 音을 쓰세요.,空,空,,빌 공,빌 공,
7급,106,2024-08-24,55,select_hanja,다음 訓과 音에 맞는 漢字를 <보기>에서 찾아 그 번호를 쓰세요.,마을 리,마을 리,"[""① 答"", ""② 世"", ""③ 川"", ""④ 里"", ""⑤ 面"", ""⑥ 直"", ""⑦ 靑"", ""⑧ 力"", ""⑨ 數"", ""⑩ 夕""]",④,里,
7급,106,2024-08-24,56,select_hanja,다음 訓과 音에 맞는 漢字를 <보기>에서 찾아 그 번호를 쓰세요.,셈 수,셈 수,"[""① 答"", ""② 世"", ""③ 川"", ""④ 里"", ""⑤ 面"", ""⑥ 直"", ""⑦ 靑"", ""⑧ 力"", ""⑨ 數"", ""⑩ 夕""]",⑨,數,
7급,106,2024-08-24,57,select_hanja,다음 訓과 音에 맞는 漢字를 <보기>에서 찾아 그 번호를 쓰세요.,낯 면,낯 면,"[""① 答"", ""② 世"", ""③ 川"", ""④ 里"", ""⑤ 面"", ""⑥ 直"", ""⑦ 靑"", ""⑧ 力"", ""⑨ 數"", ""⑩ 夕""]",⑤,面,
7급,106,2024-08-24,58,select_hanja,다음 訓과 音에 맞는 漢字를 <보기>에서 찾아 그 번호를 쓰세요.,저녁 석,저녁 석,"[""① 答"", ""② 世"", ""③ 川"", ""④ 里"", ""⑤ 面"", ""⑥ 直"", ""⑦ 靑"", ""⑧ 力"", ""⑨ 數"", ""⑩ 夕""]",⑩,夕,
7급,106,2024-08-24,59,select_hanja,다음 訓과 音에 맞는 漢字를 <보기>에서 찾아 그 번호를 쓰세요.,내 천,내 천,"[""① 答"", ""② 世"", ""③ 川"", ""④ 里"", ""⑤ 面"", ""⑥ 直"", ""⑦ 靑"", ""⑧ 力"", ""⑨ 數"", ""⑩ 夕""]",③,川,
7급,106,2024-08-24,60,select_hanja,다음 訓과 音에 맞는 漢字를 <보기>에서 찾아 그 번호를 쓰세요.,힘 력,힘 력,"[""① 答"", ""② 世"", ""③ 川"", ""④ 里"", ""⑤ 面"", ""⑥ 直"", ""⑦ 靑"", ""⑧ 力"", ""⑨ 數"", ""⑩ 夕""]",⑧,力,
7급,106,2024-08-24,61,select_hanja,다음 訓과 音에 맞는 漢字를 <보기>에서 찾아 그 번호를 쓰세요.,인간 세,인간 세,"[""① 答"", ""② 世"", ""③ 川"", ""④ 里"", ""⑤ 面"", ""⑥ 直"", ""⑦ 靑"", ""⑧ 力"", ""⑨ 數"", ""⑩ 夕""]",②,世,
7급,106,2024-08-24,62,select_hanja,다음 訓과 音에 맞는 漢字를 <보기>에서 찾아 그 번호를 쓰세요.,곧을 직,곧을 직,"[""① 答"", ""② 世"", ""③ 川"", ""④ 里"", ""⑤ 面"", ""⑥ 直"", ""⑦ 靑"", ""⑧ 力"", ""⑨ 數"", ""⑩ 夕""]",⑥,直,
7급,106,2024-08-24,63,select_hanja,다음 訓과 音에 맞는 漢字를 <보기>에서 찾아 그 번호를 쓰세요.,대답 답,대답 답,"[""① 答"", ""② 世"", ""③ 川"", ""④ 里"", ""⑤ 面"", ""⑥ 直"", ""⑦ 靑"", ""⑧ 力"", ""⑨ 數"", ""⑩ 夕""]",①,答,
7급,106,2024-08-24,64,select_hanja,다음 訓과 音에 맞는 漢字를 <보기>에서 찾아 그 번호를 쓰세요.,푸를 청,푸를 청,"[""① 答"", ""② 世"", ""③ 川"", ""④ 里"", ""⑤ 面"", ""⑥ 直"", ""⑦ 靑"", ""⑧ 力"", ""⑨ 數"", ""⑩ 夕""]",⑦,靑,
7급,106,2024-08-24,65,banui_select,다음 漢字의 상대(또는 반대)되는 漢字를 <보기>에서 골라 그 번호를 쓰세요.,( ) ↔ 秋,( ) ↔ 秋,"[""① 母"", ""② 少"", ""③ 春"", ""④ 先""]",②,少,
7급,106,2024-08-24,66,banui_select,다음 漢字의 상대(또는 반대)되는 漢字를 <보기>에서 골라 그 번호를 쓰세요.,老 ↔ ( ),老 ↔ ( ),"[""① 母"", ""② 少"", ""③ 春"", ""④ 先""]",③,春,
7급,106,2024-08-24,67,mean_select,다음 뜻에 맞는 漢字語를 <보기>에서 찾아 그 번호를 쓰세요.,자리잡고 편안히 삶.,,"[""① 邑村"", ""② 安住"", ""③ 育林"", ""④ 車主""]",②,安住,
7급,106,2024-08-24,68,mean_select,다음 뜻에 맞는 漢字語를 <보기>에서 찾아 그 번호를 쓰세요.,나무를 심거나 씨를 뿌려 인공 적으로 나무를 가꾸는 일.,,"[""① 邑村"", ""② 安住"", ""③ 育林"", ""④ 車主""]",③,育林,
7급,106,2024-08-24,69,stroke,다음 漢字의 진하게 표시한 획은 몇 번째 쓰는지 <보기>에서 찾아 그 번호를 쓰세요.,,,"[""① 첫 번째"", ""② 두 번째"", ""③ 세 번째"", ""④ 네 번째"", ""⑤ 다섯 번째"", ""⑥ 여섯 번째"", ""⑦ 일곱 번째"", ""⑧ 여덟 번째"", ""⑨ 아홉 번째"", ""⑩ 열 번째""]",⑨,아홉 번째,exam-strokes/stroke_7_106_69.png
7급,106,2024-08-24,70,stroke,다음 漢字의 진하게 표시한 획은 몇 번째 쓰는지 <보기>에서 찾아 그 번호를 쓰세요.,,,"[""① 첫 번째"", ""② 두 번째"", ""③ 세 번째"", ""④ 네 번째"", ""⑤ 다섯 번째"", ""⑥ 여섯 번째"", ""⑦ 일곱 번째"", ""⑧ 여덟 번째"", ""⑨ 아홉 번째"", ""⑩ 열 번째""]",⑥,여섯 번째,exam-strokes/stroke_7_106_70.png
7급,107,2024-11-09,1,dokum,다음 밑줄 친 漢字語의 音을 쓰세요.,벼룩 시장에는 五萬 잡동사니들 이 다 나와있었습니다.,五萬,,오만,오만,
7급,107,2024-11-09,2,dokum,다음 밑줄 친 漢字語의 音을 쓰세요.,電話를 걸거나 받을 때는 용건 만 간단히 합니다.,電話,,전화,전화,
7급,107,2024-11-09,3,dokum,다음 밑줄 친 漢字語의 音을 쓰세요.,그들은 약속 場所에 똑같이 도 착했습니다.,場所,,장소,장소,
7급,107,2024-11-09,4,dokum,다음 밑줄 친 漢字語의 音을 쓰세요.,거실을 白色 페인트로 칠했더니 훨씬 넓어보입니다.,白色,,백색,백색,
7급,107,2024-11-09,5,dokum,다음 밑줄 친 漢字語의 音을 쓰세요.,여행은 지친 일상에 活力을 가 져다 줍니다.,活力,,활력,활력,
7급,107,2024-11-09,6,dokum,다음 밑줄 친 漢字語의 音을 쓰세요.,이 창문은 三重 유리를 사용하 여 만들었습니다.,三重,,삼중,삼중,
7급,107,2024-11-09,7,dokum,다음 밑줄 친 漢字語의 音을 쓰세요.,바람이 南東쪽에서 불어 오고 있습니다.,南東,,남동,남동,
7급,107,2024-11-09,8,dokum,다음 밑줄 친 漢字語의 音을 쓰세요.,寸數를 따져보니 철수와 나는 오촌이었습니다.,寸數,,촌수,촌수,
7급,107,2024-11-09,9,dokum,다음 밑줄 친 漢字語의 音을 쓰세요.,올해는 날씨가 좋아 모든 農事 가 대풍입니다.,農事,,농사,농사,
7급,107,2024-11-09,10,dokum,다음 밑줄 친 漢字語의 音을 쓰세요.,이순신 장군이 이끄는 조선의 水軍은 승승장구하였습니다.,水軍,,수군,수군,
7급,107,2024-11-09,11,dokum,다음 밑줄 친 漢字語의 音을 쓰세요.,기차 역무원이 手旗로 출발 신 호를 보냈습니다.,手旗,,수기,수기,
7급,107,2024-11-09,12,dokum,다음 밑줄 친 漢字語의 音을 쓰세요.,고리오 영감은 世上에 둘도 없 는 욕심쟁이였습니다.,世上,,세상,세상,
7급,107,2024-11-09,13,dokum,다음 밑줄 친 漢字語의 音을 쓰세요.,황사가 심한 날에는 室外 활동 을 자제하는 것이 좋습니다.,室外,,실외,실외,
7급,107,2024-11-09,14,dokum,다음 밑줄 친 漢字語의 音을 쓰세요.,추석에는 一家친척이 모두 큰 댁으로 모입니다.,一家,,일가,일가,
7급,107,2024-11-09,15,dokum,다음 밑줄 친 漢字語의 音을 쓰세요.,먹구름이 몰려오는 걸 보니 午後 에는 소나기가 올 모양입니다.,午後,,오후,오후,
7급,107,2024-11-09,16,dokum,다음 밑줄 친 漢字語의 音을 쓰세요.,우리 학교는 每年 송년 음악회 를 엽니다.,每年,,매년,매년,
7급,107,2024-11-09,17,dokum,다음 밑줄 친 漢字語의 音을 쓰세요.,이번 학기에 여자 校長 선생님 께서 새로 부임하셨습니다.,校長,,교장,교장,
7급,107,2024-11-09,18,dokum,다음 밑줄 친 漢字語의 音을 쓰세요.,경복궁에서 만난 그 외국인은 韓國말을 유창하게 했습니다.,韓國,,한국,한국,
7급,107,2024-11-09,19,dokum,다음 밑줄 친 漢字語의 音을 쓰세요.,나무꾼은 선녀를 붙잡지 못한 것이 千秋의 한으로 남았습니 다.,千秋,,천추,천추,
7급,107,2024-11-09,20,dokum,다음 밑줄 친 漢字語의 音을 쓰세요.,기상청은 七月 중순부터 장마 가 시작될 것이라고 예보하였 습니다.,七月,,칠월,칠월,
7급,107,2024-11-09,21,dokum,다음 밑줄 친 漢字語의 音을 쓰세요.,재채기나 트림은 自然스러운 생리 현상입니다.,自然,,자연,자연,
7급,107,2024-11-09,22,dokum,다음 밑줄 친 漢字語의 音을 쓰세요.,제주도의 오름은 火山 활동으 로 만들어졌습니다.,火山,,화산,화산,
7급,107,2024-11-09,23,dokum,다음 밑줄 친 漢字語의 音을 쓰세요.,어린이들은 장차 나라의 主人 이 될 사람들입니다.,主人,,주인,주인,
7급,107,2024-11-09,24,dokum,다음 밑줄 친 漢字語의 音을 쓰세요.,할아버지께서는 八十 노령에도 아직 정정하십니다.,八十,,팔십,팔십,
7급,107,2024-11-09,25,dokum,다음 밑줄 친 漢字語의 音을 쓰세요.,다른 사람이 말하는 中間에 끼 어드는 것은 실례입니다.,中間,,중간,중간,
7급,107,2024-11-09,26,dokum,다음 밑줄 친 漢字語의 音을 쓰세요.,우리나라 西海는 갯벌이 잘 발 달하였습니다.,西海,,서해,서해,
7급,107,2024-11-09,27,dokum,다음 밑줄 친 漢字語의 音을 쓰세요.,대학을 다니던 오빠는 休學을 한 후 군대에 갔습니다.,休學,,휴학,휴학,
7급,107,2024-11-09,28,dokum,다음 밑줄 친 漢字語의 音을 쓰세요.,꿀벌은 女王벌을 중심으로 일 사불란하게 움직입니다.,女王,,여왕,여왕,
7급,107,2024-11-09,29,dokum,다음 밑줄 친 漢字語의 音을 쓰세요.,활쏘기라면 天下에 그를 따라 잡을 이가 없습니다.,天下,,천하,천하,
7급,107,2024-11-09,30,dokum,다음 밑줄 친 漢字語의 音을 쓰세요.,임금님은 공주의 병을 낫게 할 약을 百方으로 수소문하였습니 다.,百方,,백방,백방,
7급,107,2024-11-09,31,dokum,다음 밑줄 친 漢字語의 音을 쓰세요.,그곳은 워낙 외져서 드나드는 車便도 드뭅니다.,車便,,차편,차편,
7급,107,2024-11-09,32,dokum,다음 밑줄 친 漢字語의 音을 쓰세요.,한강 공원에는 놀러 나온 市民 들로 북적북적합니다.,市民,,시민,시민,
7급,107,2024-11-09,33,select_hanjaeo,다음 밑줄 친 단어에 해당하는 漢字語를 고르세요.,새해 첫날 우리는 동해로 일출을 보러 갔습니다.,일출,"[""① 正面"", ""② 敎育"", ""③ 生食"", ""④ 日出""]",④,日出,
7급,107,2024-11-09,34,select_hanjaeo,다음 밑줄 친 단어에 해당하는 漢字語를 고르세요.,광화문 정면에는 이순신 장군 의 동상이 버티고 서있습니다.,정면,"[""① 正面"", ""② 敎育"", ""③ 生食"", ""④ 日出""]",①,正面,
7급,107,2024-11-09,35,hunum,다음 漢字의 訓과 音을 쓰세요.,洞,洞,,골 동,골 동,
7급,107,2024-11-09,36,hunum,다음 漢字의 訓과 音을 쓰세요.,歌,歌,,노래 가,노래 가,
7급,107,2024-11-09,37,hunum,다음 漢字의 訓과 音을 쓰세요.,文,文,,글월 문,글월 문,
7급,107,2024-11-09,38,hunum,다음 漢字의 訓과 音을 쓰세요.,命,命,,목숨 명,목숨 명,
7급,107,2024-11-09,39,hunum,다음 漢字의 訓과 音을 쓰세요.,里,里,,마을 리,마을 리,
7급,107,2024-11-09,40,hunum,다음 漢字의 訓과 音을 쓰세요.,地,地,,따 지,따 지,
7급,107,2024-11-09,41,hunum,다음 漢字의 訓과 音을 쓰세요.,夫,夫,,지아비 부,지아비 부,
7급,107,2024-11-09,42,hunum,다음 漢字의 訓과 音을 쓰세요.,登,登,,오를 등,오를 등,
7급,107,2024-11-09,43,hunum,다음 漢字의 訓과 音을 쓰세요.,夕,夕,,저녁 석,저녁 석,
7급,107,2024-11-09,44,hunum,다음 漢字의 訓과 音을 쓰세요.,川,川,,내 천,내 천,
7급,107,2024-11-09,45,hunum,다음 漢字의 訓과 音을 쓰세요.,植,植,,심을 식,심을 식,
7급,107,2024-11-09,46,hunum,다음 漢字의 訓과 音을 쓰세요.,春,春,,봄 춘,봄 춘,
7급,107,2024-11-09,47,hunum,다음 漢字의 訓과 音을 쓰세요.,來,來,,올 래,올 래,
7급,107,2024-11-09,48,hunum,다음 漢字의 訓과 音을 쓰세요.,名,名,,이름 명,이름 명,
7급,107,2024-11-09,49,hunum,다음 漢字의 訓과 音을 쓰세요.,邑,邑,,고을 읍,고을 읍,
7급,107,2024-11-09,50,hunum,다음 漢字의 訓과 音을 쓰세요.,口,口,,입 구,입 구,
7급,107,2024-11-09,51,hunum,다음 漢字의 訓과 音을 쓰세요.,時,時,,때 시,때 시,
7급,107,2024-11-09,52,hunum,다음 漢字의 訓과 音을 쓰세요.,工,工,,장인 공,장인 공,
7급,107,2024-11-09,53,hunum,다음 漢字의 訓과 音을 쓰세요.,空,空,,빌 공,빌 공,
7급,107,2024-11-09,54,hunum,다음 漢字의 訓과 音을 쓰세요.,草,草,,풀 초,풀 초,
7급,107,2024-11-09,55,select_hanja,다음 訓과 音에 맞는 漢字를 <보기>에서 찾아 그 번호를 쓰세요.,살 주,살 주,"[""① 少"", ""② 紙"", ""③ 花"", ""④ 有"", ""⑤ 林"", ""⑥ 入"", ""⑦ 住"", ""⑧ 算"", ""⑨ 祖"", ""⑩ 同""]",⑦,住,
7급,107,2024-11-09,56,select_hanja,다음 訓과 音에 맞는 漢字를 <보기>에서 찾아 그 번호를 쓰세요.,들 입,들 입,"[""① 少"", ""② 紙"", ""③ 花"", ""④ 有"", ""⑤ 林"", ""⑥ 入"", ""⑦ 住"", ""⑧ 算"", ""⑨ 祖"", ""⑩ 同""]",⑥,入,
7급,107,2024-11-09,57,select_hanja,다음 訓과 音에 맞는 漢字를 <보기>에서 찾아 그 번호를 쓰세요.,적을 소,적을 소,"[""① 少"", ""② 紙"", ""③ 花"", ""④ 有"", ""⑤ 林"", ""⑥ 入"", ""⑦ 住"", ""⑧ 算"", ""⑨ 祖"", ""⑩ 同""]",①,少,
7급,107,2024-11-09,58,select_hanja,다음 訓과 音에 맞는 漢字를 <보기>에서 찾아 그 번호를 쓰세요.,수풀 림,수풀 림,"[""① 少"", ""② 紙"", ""③ 花"", ""④ 有"", ""⑤ 林"", ""⑥ 入"", ""⑦ 住"", ""⑧ 算"", ""⑨ 祖"", ""⑩ 同""]",⑤,林,
7급,107,2024-11-09,59,select_hanja,다음 訓과 音에 맞는 漢字를 <보기>에서 찾아 그 번호를 쓰세요.,꽃 화,꽃 화,"[""① 少"", ""② 紙"", ""③ 花"", ""④ 有"", ""⑤ 林"", ""⑥ 入"", ""⑦ 住"", ""⑧ 算"", ""⑨ 祖"", ""⑩ 同""]",③,花,
7급,107,2024-11-09,60,select_hanja,다음 訓과 音에 맞는 漢字를 <보기>에서 찾아 그 번호를 쓰세요.,종이 지,종이 지,"[""① 少"", ""② 紙"", ""③ 花"", ""④ 有"", ""⑤ 林"", ""⑥ 入"", ""⑦ 住"", ""⑧ 算"", ""⑨ 祖"", ""⑩ 同""]",②,紙,
7급,107,2024-11-09,61,select_hanja,다음 訓과 音에 맞는 漢字를 <보기>에서 찾아 그 번호를 쓰세요.,한가지 동,한가지 동,"[""① 少"", ""② 紙"", ""③ 花"", ""④ 有"", ""⑤ 林"", ""⑥ 入"", ""⑦ 住"", ""⑧ 算"", ""⑨ 祖"", ""⑩ 同""]",⑩,同,
7급,107,2024-11-09,62,select_hanja,다음 訓과 音에 맞는 漢字를 <보기>에서 찾아 그 번호를 쓰세요.,할아비 조,할아비 조,"[""① 少"", ""② 紙"", ""③ 花"", ""④ 有"", ""⑤ 林"", ""⑥ 入"", ""⑦ 住"", ""⑧ 算"", ""⑨ 祖"", ""⑩ 同""]",⑨,祖,
7급,107,2024-11-09,63,select_hanja,다음 訓과 音에 맞는 漢字를 <보기>에서 찾아 그 번호를 쓰세요.,있을 유,있을 유,"[""① 少"", ""② 紙"", ""③ 花"", ""④ 有"", ""⑤ 林"", ""⑥ 入"", ""⑦ 住"", ""⑧ 算"", ""⑨ 祖"", ""⑩ 同""]",④,有,
7급,107,2024-11-09,64,select_hanja,다음 訓과 音에 맞는 漢字를 <보기>에서 찾아 그 번호를 쓰세요.,셈 산,셈 산,"[""① 少"", ""② 紙"", ""③ 花"", ""④ 有"", ""⑤ 林"", ""⑥ 入"", ""⑦ 住"", ""⑧ 算"", ""⑨ 祖"", ""⑩ 同""]",⑧,算,
7급,107,2024-11-09,65,banui_select,다음 漢字의 상대(또는 반대)되는 漢字를 <보기>에서 골라 그 번호를 쓰세요.,( ) ↔ 心,( ) ↔ 心,"[""① 物"", ""② 動"", ""③ 冬"", ""④ 道""]",③,冬,
7급,107,2024-11-09,66,banui_select,다음 漢字의 상대(또는 반대)되는 漢字를 <보기>에서 골라 그 번호를 쓰세요.,夏 ↔ ( ),夏 ↔ ( ),"[""① 物"", ""② 動"", ""③ 冬"", ""④ 道""]",②,動,
7급,107,2024-11-09,67,mean_select,다음 뜻에 맞는 漢字語를 <보기>에서 찾아 그 번호를 쓰세요.,시골에 사는 늙은이.,,"[""① 直前"", ""② 不問"", ""③ 村老"", ""④ 安全""]",③,村老,
7급,107,2024-11-09,68,mean_select,다음 뜻에 맞는 漢字語를 <보기>에서 찾아 그 번호를 쓰세요.,묻지 아니함.,,"[""① 直前"", ""② 不問"", ""③ 村老"", ""④ 安全""]",②,不問,
7급,107,2024-11-09,69,stroke,다음 漢字의 진하게 표시한 획은 몇 번째 쓰는지 <보기>에서 찾아 그 번호를 쓰세요.,,,"[""① 첫 번째"", ""② 두 번째"", ""③ 세 번째"", ""④ 네 번째"", ""⑤ 다섯 번째"", ""⑥ 여섯 번째"", ""⑦ 일곱 번째"", ""⑧ 여덟 번째"", ""⑨ 아홉 번째"", ""⑩ 열 번째""]",⑤,다섯 번째,exam-strokes/stroke_7_107_69.png
7급,107,2024-11-09,70,stroke,다음 漢字의 진하게 표시한 획은 몇 번째 쓰는지 <보기>에서 찾아 그 번호를 쓰세요.,,,"[""① 첫 번째"", ""② 두 번째"", ""③ 세 번째"", ""④ 네 번째"", ""⑤ 다섯 번째"", ""⑥ 여섯 번째"", ""⑦ 일곱 번째"", ""⑧ 여덟 번째"", ""⑨ 아홉 번째"", ""⑩ 열 번째""]",⑥,여섯 번째,exam-strokes/stroke_7_107_70.png
7급,108,2025-02-22,1,dokum,다음 밑줄 친 漢字語의 音을 쓰세요.,수탉이 우는 소리가 온 洞里에 울려 퍼졌습니다.,洞里,,동리,동리,
7급,108,2025-02-22,2,dokum,다음 밑줄 친 漢字語의 音을 쓰세요.,나는 유럽에 가서 서양 文物을 직접 보고 싶습니다.,文物,,문물,문물,
7급,108,2025-02-22,3,dokum,다음 밑줄 친 漢字語의 音을 쓰세요.,우리 마을은 일제강점기에 백석 리라고 命名되었습니다.,命名,,명명,명명,
7급,108,2025-02-22,4,dokum,다음 밑줄 친 漢字語의 音을 쓰세요.,그는 추운 地方 출신이라서 추 위를 타지 않습니다.,地方,,지방,지방,
7급,108,2025-02-22,5,dokum,다음 밑줄 친 漢字語의 音을 쓰세요.,그는 평범한 農夫의 셋째 아들 로 태어났습니다.,農夫,,농부,농부,
7급,108,2025-02-22,6,dokum,다음 밑줄 친 漢字語의 音을 쓰세요.,날씨가 따뜻해서 登山하기 좋습 니다.,登山,,등산,등산,
7급,108,2025-02-22,7,dokum,다음 밑줄 친 漢字語의 音을 쓰세요.,오늘 夕食으로는 비빔밥이 제공 됩니다.,夕食,,석식,석식,
7급,108,2025-02-22,8,dokum,다음 밑줄 친 漢字語의 音을 쓰세요.,내일은 植木일이니 꼭 나무 한 그루씩 심읍시다.,植木,,식목,식목,
7급,108,2025-02-22,9,dokum,다음 밑줄 친 漢字語의 音을 쓰세요.,그는 가까스로 표를 구해 春川 행 열차를 탔습니다.,春川,,춘천,춘천,
7급,108,2025-02-22,10,dokum,다음 밑줄 친 漢字語의 音을 쓰세요.,수입 개방으로 外國 농산물이 밀려들어 옵니다.,外國,,외국,외국,
7급,108,2025-02-22,11,dokum,다음 밑줄 친 漢字語의 音을 쓰세요.,어머니는 지금 邑內에 나가고 안 계십니다.,邑內,,읍내,읍내,
7급,108,2025-02-22,12,dokum,다음 밑줄 친 漢字語의 音을 쓰세요.,우리나라는 농업 人口가 갈수 록 줄어들고 있습니다.,人口,,인구,인구,
7급,108,2025-02-22,13,dokum,다음 밑줄 친 漢字語의 音을 쓰세요.,오늘 1校時 수업은 국어입니다.,校時,,교시,교시,
7급,108,2025-02-22,14,dokum,다음 밑줄 친 漢字語의 音을 쓰세요.,아버지는 가구 工場에서 근무 하십니다.,工場,,공장,공장,
7급,108,2025-02-22,15,dokum,다음 밑줄 친 漢字語의 音을 쓰세요.,花草에 물을 주지 않았더니 시 들어 버렸습니다.,花草,,화초,화초,
7급,108,2025-02-22,16,dokum,다음 밑줄 친 漢字語의 音을 쓰세요.,어린 少年이 세발자전거를 달 달대며 타고 있습니다.,少年,,소년,소년,
7급,108,2025-02-22,17,dokum,다음 밑줄 친 漢字語의 音을 쓰세요.,이 종이는 紙面이 매끄럽습니다.,紙面,,지면,지면,
7급,108,2025-02-22,18,dokum,다음 밑줄 친 漢字語의 音을 쓰세요.,우리 팀은 有力한 우승 후보와 맞붙어서 이겼습니다.,有力,,유력,유력,
7급,108,2025-02-22,19,dokum,다음 밑줄 친 漢字語의 音을 쓰세요.,나는 수첩을 뒤져 그의 전화번 호와 住所를 찾았습니다.,住所,,주소,주소,
7급,108,2025-02-22,20,dokum,다음 밑줄 친 漢字語의 音을 쓰세요.,한식에는 祖上의 산소에 성묘 를 합니다.,祖上,,조상,조상,
7급,108,2025-02-22,21,dokum,다음 밑줄 친 漢字語의 音을 쓰세요.,그와 나는 같은 고등학교를 나 온 同門입니다.,同門,,동문,동문,
7급,108,2025-02-22,22,dokum,다음 밑줄 친 漢字語의 音을 쓰세요.,갑자기 電氣가 나가 집안이 온 통 컴컴합니다.,電氣,,전기,전기,
7급,108,2025-02-22,23,dokum,다음 밑줄 친 漢字語의 音을 쓰세요.,구조 요원들이 신속한 구조 活動 을 벌이고 있습니다.,活動,,활동,활동,
7급,108,2025-02-22,24,dokum,다음 밑줄 친 漢字語의 音을 쓰세요.,적들의 공격을 대비해 성문을 二重으로 만들었습니다.,二重,,이중,이중,
7급,108,2025-02-22,25,dokum,다음 밑줄 친 漢字語의 音을 쓰세요.,내 성적은 늘 반에서 中間을 맴돕니다.,中間,,중간,중간,
7급,108,2025-02-22,26,dokum,다음 밑줄 친 漢字語의 音을 쓰세요.,오늘 午前부터 휘발유 값이 일 제히 올랐습니다.,午前,,오전,오전,
7급,108,2025-02-22,27,dokum,다음 밑줄 친 漢字語의 音을 쓰세요.,오늘 역사 시간에는 조선 王室 의 가계표를 그렸습니다.,王室,,왕실,왕실,
7급,108,2025-02-22,28,dokum,다음 밑줄 친 漢字語의 音을 쓰세요.,언덕을 넘어서자 白色의 설원 이 눈앞에 나타났습니다.,白色,,백색,백색,
7급,108,2025-02-22,29,dokum,다음 밑줄 친 漢字語의 音을 쓰세요.,그는 청각장애우들과 대화를 하기 위해서 手話를 배웠습니 다.,手話,,수화,수화,
7급,108,2025-02-22,30,dokum,다음 밑줄 친 漢字語의 音을 쓰세요.,그녀는 경제적 自立을 위해 취 직을 서둘렀습니다.,自立,,자립,자립,
7급,108,2025-02-22,31,dokum,다음 밑줄 친 漢字語의 音을 쓰세요.,박 대리는 老後를 대비하여 매 달 적금을 붓고 있습니다.,老後,,노후,노후,
7급,108,2025-02-22,32,dokum,다음 밑줄 친 漢字語의 音을 쓰세요.,인간의 신체는 左右가 대칭을 이룹니다.,左右,,좌우,좌우,
7급,108,2025-02-22,33,select_hanjaeo,다음 밑줄 친 단어에 해당하는 漢字語를 고르세요.,군인들이 기운차게 군가를 부릅니다.,군가,"[""① 算數"", ""② 敎育"", ""③ 問答"", ""④ 軍歌""]",④,軍歌,
7급,108,2025-02-22,34,select_hanjaeo,다음 밑줄 친 단어에 해당하는 漢字語를 고르세요.,경수는 이번 산수 시험에서 만점을 받았습니다.,산수,"[""① 算數"", ""② 敎育"", ""③ 問答"", ""④ 軍歌""]",①,算數,
7급,108,2025-02-22,35,hunum,다음 漢字의 訓과 音을 쓰세요.,足,足,,발 족,발 족,
7급,108,2025-02-22,36,hunum,다음 漢字의 訓과 音을 쓰세요.,北,北,,북녘 북,북녘 북,
7급,108,2025-02-22,37,hunum,다음 漢字의 訓과 音을 쓰세요.,東,東,,동녘 동,동녘 동,
7급,108,2025-02-22,38,hunum,다음 漢字의 訓과 音을 쓰세요.,道,道,,길 도,길 도,
7급,108,2025-02-22,39,hunum,다음 漢字의 訓과 音을 쓰세요.,秋,秋,,가을 추,가을 추,
7급,108,2025-02-22,40,hunum,다음 漢字의 訓과 音을 쓰세요.,海,海,,바다 해,바다 해,
7급,108,2025-02-22,41,hunum,다음 漢字의 訓과 音을 쓰세요.,每,每,,매양 매,매양 매,
7급,108,2025-02-22,42,hunum,다음 漢字의 訓과 音을 쓰세요.,林,林,,수풀 림,수풀 림,
7급,108,2025-02-22,43,hunum,다음 漢字의 訓과 音을 쓰세요.,旗,旗,,기 기,기 기,
7급,108,2025-02-22,44,hunum,다음 漢字의 訓과 音을 쓰세요.,然,然,,그럴 연,그럴 연,
7급,108,2025-02-22,45,hunum,다음 漢字의 訓과 音을 쓰세요.,先,先,,먼저 선,먼저 선,
7급,108,2025-02-22,46,hunum,다음 漢字의 訓과 音을 쓰세요.,家,家,,집 가,집 가,
7급,108,2025-02-22,47,hunum,다음 漢字의 訓과 音을 쓰세요.,天,天,,하늘 천,하늘 천,
7급,108,2025-02-22,48,hunum,다음 漢字의 訓과 音을 쓰세요.,全,全,,온전 전,온전 전,
7급,108,2025-02-22,49,hunum,다음 漢字의 訓과 音을 쓰세요.,冬,冬,,겨울 동,겨울 동,
7급,108,2025-02-22,50,hunum,다음 漢字의 訓과 音을 쓰세요.,兄,兄,,맏/형 형,맏/형 형,
7급,108,2025-02-22,51,hunum,다음 漢字의 訓과 音을 쓰세요.,火,火,,불 화,불 화,
7급,108,2025-02-22,52,hunum,다음 漢字의 訓과 音을 쓰세요.,市,市,,저자 시,저자 시,
7급,108,2025-02-22,53,hunum,다음 漢字의 訓과 音을 쓰세요.,六,六,,여섯 륙,여섯 륙,
7급,108,2025-02-22,54,hunum,다음 漢字의 訓과 音을 쓰세요.,寸,寸,,마디 촌,마디 촌,
7급,108,2025-02-22,55,select_hanja,다음 訓과 音에 맞는 漢字를 <보기>에서 찾아 그 번호를 쓰세요.,백성 민,백성 민,"[""① 孝"", ""② 世"", ""③ 母"", ""④ 萬"", ""⑤ 來"", ""⑥ 長"", ""⑦ 弟"", ""⑧ 民"", ""⑨ 學"", ""⑩ 西""]",⑧,民,
7급,108,2025-02-22,56,select_hanja,다음 訓과 音에 맞는 漢字를 <보기>에서 찾아 그 번호를 쓰세요.,어미 모,어미 모,"[""① 孝"", ""② 世"", ""③ 母"", ""④ 萬"", ""⑤ 來"", ""⑥ 長"", ""⑦ 弟"", ""⑧ 民"", ""⑨ 學"", ""⑩ 西""]",③,母,
7급,108,2025-02-22,57,select_hanja,다음 訓과 音에 맞는 漢字를 <보기>에서 찾아 그 번호를 쓰세요.,서녘 서,서녘 서,"[""① 孝"", ""② 世"", ""③ 母"", ""④ 萬"", ""⑤ 來"", ""⑥ 長"", ""⑦ 弟"", ""⑧ 民"", ""⑨ 學"", ""⑩ 西""]",⑩,西,
7급,108,2025-02-22,58,select_hanja,다음 訓과 音에 맞는 漢字를 <보기>에서 찾아 그 번호를 쓰세요.,올 래,올 래,"[""① 孝"", ""② 世"", ""③ 母"", ""④ 萬"", ""⑤ 來"", ""⑥ 長"", ""⑦ 弟"", ""⑧ 民"", ""⑨ 學"", ""⑩ 西""]",⑤,來,
7급,108,2025-02-22,59,select_hanja,다음 訓과 音에 맞는 漢字를 <보기>에서 찾아 그 번호를 쓰세요.,아우 제,아우 제,"[""① 孝"", ""② 世"", ""③ 母"", ""④ 萬"", ""⑤ 來"", ""⑥ 長"", ""⑦ 弟"", ""⑧ 民"", ""⑨ 學"", ""⑩ 西""]",⑦,弟,
7급,108,2025-02-22,60,select_hanja,다음 訓과 音에 맞는 漢字를 <보기>에서 찾아 그 번호를 쓰세요.,일만 만,일만 만,"[""① 孝"", ""② 世"", ""③ 母"", ""④ 萬"", ""⑤ 來"", ""⑥ 長"", ""⑦ 弟"", ""⑧ 民"", ""⑨ 學"", ""⑩ 西""]",④,萬,
7급,108,2025-02-22,61,select_hanja,다음 訓과 音에 맞는 漢字를 <보기>에서 찾아 그 번호를 쓰세요.,효도 효,효도 효,"[""① 孝"", ""② 世"", ""③ 母"", ""④ 萬"", ""⑤ 來"", ""⑥ 長"", ""⑦ 弟"", ""⑧ 民"", ""⑨ 學"", ""⑩ 西""]",①,孝,
7급,108,2025-02-22,62,select_hanja,다음 訓과 音에 맞는 漢字를 <보기>에서 찾아 그 번호를 쓰세요.,인간 세,인간 세,"[""① 孝"", ""② 世"", ""③ 母"", ""④ 萬"", ""⑤ 來"", ""⑥ 長"", ""⑦ 弟"", ""⑧ 民"", ""⑨ 學"", ""⑩ 西""]",②,世,
7급,108,2025-02-22,63,select_hanja,다음 訓과 音에 맞는 漢字를 <보기>에서 찾아 그 번호를 쓰세요.,긴 장,긴 장,"[""① 孝"", ""② 世"", ""③ 母"", ""④ 萬"", ""⑤ 來"", ""⑥ 長"", ""⑦ 弟"", ""⑧ 民"", ""⑨ 學"", ""⑩ 西""]",⑥,長,
7급,108,2025-02-22,64,select_hanja,다음 訓과 音에 맞는 漢字를 <보기>에서 찾아 그 번호를 쓰세요.,배울 학,배울 학,"[""① 孝"", ""② 世"", ""③ 母"", ""④ 萬"", ""⑤ 來"", ""⑥ 長"", ""⑦ 弟"", ""⑧ 民"", ""⑨ 學"", ""⑩ 西""]",⑨,學,
7급,108,2025-02-22,65,banui_select,다음 漢字의 상대(또는 반대)되는 漢字를 <보기>에서 골라 그 번호를 쓰세요.,( ) ↔ 女,( ) ↔ 女,"[""① 入"", ""② 平"", ""③ 男"", ""④ 直""]",③,男,
7급,108,2025-02-22,66,banui_select,다음 漢字의 상대(또는 반대)되는 漢字를 <보기>에서 골라 그 번호를 쓰세요.,出 ↔ ( ),出 ↔ ( ),"[""① 入"", ""② 平"", ""③ 男"", ""④ 直""]",①,入,
7급,108,2025-02-22,67,mean_select,다음 뜻에 맞는 漢字語를 <보기>에서 찾아 그 번호를 쓰세요.,편하고 걱정 없이 좋음.,,"[""① 南韓"", ""② 便安"", ""③ 記事"", ""④ 休日""]",②,便安,
7급,108,2025-02-22,68,mean_select,다음 뜻에 맞는 漢字語를 <보기>에서 찾아 그 번호를 쓰세요.,일을 하지 아니하고 쉬는 날.,,"[""① 南韓"", ""② 便安"", ""③ 記事"", ""④ 休日""]",④,休日,
7급,108,2025-02-22,69,stroke,다음 漢字의 진하게 표시한 획은 몇 번째 쓰는지 <보기>에서 찾아 그 번호를 쓰세요.,,,"[""① 첫 번째"", ""② 두 번째"", ""③ 세 번째"", ""④ 네 번째"", ""⑤ 다섯 번째"", ""⑥ 여섯 번째"", ""⑦ 일곱 번째"", ""⑧ 여덟 번째"", ""⑨ 아홉 번째"", ""⑩ 열 번째""]",⑧,여덟 번째,exam-strokes/stroke_7_108_69.png
7급,108,2025-02-22,70,stroke,다음 漢字의 진하게 표시한 획은 몇 번째 쓰는지 <보기>에서 찾아 그 번호를 쓰세요.,,,"[""① 첫 번째"", ""② 두 번째"", ""③ 세 번째"", ""④ 네 번째"", ""⑤ 다섯 번째"", ""⑥ 여섯 번째"", ""⑦ 일곱 번째"", ""⑧ 여덟 번째"", ""⑨ 아홉 번째"", ""⑩ 열 번째""]",⑥,여섯 번째,exam-strokes/stroke_7_108_70.png
7급,109,2025-05-24,1,dokum,다음 밑줄 친 漢字語의 音을 쓰세요.,아이들은 時間 가는 줄도 모르고 술래잡기 놀이에 빠졌습니다.,時間,,시간,시간,
7급,109,2025-05-24,2,dokum,다음 밑줄 친 漢字語의 音을 쓰세요.,邑內 장터에는 5일마다 한 번 씩 장이 섭니다.,邑內,,읍내,읍내,
7급,109,2025-05-24,3,dokum,다음 밑줄 친 漢字語의 音을 쓰세요.,이 산은 개인 所有라서 함부로 산나물을 채취하면 안 됩니다.,所有,,소유,소유,
7급,109,2025-05-24,4,dokum,다음 밑줄 친 漢字語의 音을 쓰세요.,고구려 기마병은 당나라의 大軍 과 용감하게 맞서 싸웠습니다.,大軍,,대군,대군,
7급,109,2025-05-24,5,dokum,다음 밑줄 친 漢字語의 音을 쓰세요.,우리는 전통 문화 속에서 先祖 들의 지혜를 엿볼 수 있습니다.,先祖,,선조,선조,
7급,109,2025-05-24,6,dokum,다음 밑줄 친 漢字語의 音을 쓰세요.,영희가 바둑에 入門한 지는 석 달 남짓됩니다.,入門,,입문,입문,
7급,109,2025-05-24,7,dokum,다음 밑줄 친 漢字語의 音을 쓰세요.,땅이 녹지 않은 아직은 植木하 기에 이른 철입니다.,植木,,식목,식목,
7급,109,2025-05-24,8,dokum,다음 밑줄 친 漢字語의 音을 쓰세요.,우리 마을 住民 중에는 100살 이 넘은 분도 계십니다.,住民,,주민,주민,
7급,109,2025-05-24,9,dokum,다음 밑줄 친 漢字語의 音을 쓰세요.,할아버지는 每日 한 번씩 논밭 을 돌아보십니다.,每日,,매일,매일,
7급,109,2025-05-24,10,dokum,다음 밑줄 친 漢字語의 音을 쓰세요.,그 선수는 부상 때문에 이번 경기에는 出場하지 못했습니다.,出場,,출장,출장,
7급,109,2025-05-24,11,dokum,다음 밑줄 친 漢字語의 音을 쓰세요.,영희는 正色을 하고 철수를 똑 바로 쳐다보았습니다.,正色,,정색,정색,
7급,109,2025-05-24,12,dokum,다음 밑줄 친 漢字語의 音을 쓰세요.,할머니는 너무 年老하셔서 먼 여행을 가실 수 없습니다.,年老,,연로,연로,
7급,109,2025-05-24,13,dokum,다음 밑줄 친 漢字語의 音을 쓰세요.,한번 파괴된 自然은 원래대로 회복하기가 어렵습니다.,自然,,자연,자연,
7급,109,2025-05-24,14,dokum,다음 밑줄 친 漢字語의 音을 쓰세요.,사슴은 자신의 生命을 구해준 나무꾼에게 은혜를 갚았습니다.,生命,,생명,생명,
7급,109,2025-05-24,15,dokum,다음 밑줄 친 漢字語의 音을 쓰세요.,올해는 立冬이 되기도 전에 벌 써 첫눈이 내렸습니다.,立冬,,입동,입동,
7급,109,2025-05-24,16,dokum,다음 밑줄 친 漢字語의 音을 쓰세요.,아까 끓는 물에 덴 곳이 火氣 로 화끈거립니다.,火氣,,화기,화기,
7급,109,2025-05-24,17,dokum,다음 밑줄 친 漢字語의 音을 쓰세요.,봄이 되면 農夫들의 손길이 무 척 바빠집니다.,農夫,,농부,농부,
7급,109,2025-05-24,18,dokum,다음 밑줄 친 漢字語의 音을 쓰세요.,한 번 정한 규칙이 그때그때 상황에 따라 左右되어서는 안 됩니다.,左右,,좌우,좌우,
7급,109,2025-05-24,19,dokum,다음 밑줄 친 漢字語의 音을 쓰세요.,비를 흠뻑 맞은 아이의 얼굴은 白紙장처럼 창백했습니다.,白紙,,백지,백지,
7급,109,2025-05-24,20,dokum,다음 밑줄 친 漢字語의 音을 쓰세요.,그 부부는 결혼한 지 七八 년 쯤 되었습니다.,七八,,칠팔,칠팔,
7급,109,2025-05-24,21,dokum,다음 밑줄 친 漢字語의 音을 쓰세요.,눈 덮인 설악산의 풍경은 天下 의 절경이었습니다.,天下,,천하,천하,
7급,109,2025-05-24,22,dokum,다음 밑줄 친 漢字語의 音을 쓰세요.,이번에 전학을 온 男子아이의 이름은 현수입니다.,男子,,남자,남자,
7급,109,2025-05-24,23,dokum,다음 밑줄 친 漢字語의 音을 쓰세요.,보통 한 세대는 三十 년 정도 되는 기간으로 잡습니다.,三十,,삼십,삼십,
7급,109,2025-05-24,24,dokum,다음 밑줄 친 漢字語의 音을 쓰세요.,철수는 선수 一同을 대표하여 전 교생 앞에서 선서를 했습니다.,一同,,일동,일동,
7급,109,2025-05-24,25,dokum,다음 밑줄 친 漢字語의 音을 쓰세요.,벼룩시장에 나온 五萬 가지 물 건을 구경하는 재미가 쏠쏠합 니다.,五萬,,오만,오만,
7급,109,2025-05-24,26,dokum,다음 밑줄 친 漢字語의 音을 쓰세요.,오월의 山川은 온통 연둣빛 치 마를 두른 듯합니다.,山川,,산천,산천,
7급,109,2025-05-24,27,dokum,다음 밑줄 친 漢字語의 音을 쓰세요.,젊은 마을 里長님은 늘 오토바 이를 타고 다닙니다.,里長,,이장,이장,
7급,109,2025-05-24,28,dokum,다음 밑줄 친 漢字語의 音을 쓰세요.,화목원에는 봄볕은 받고 자란 百花가 만발하였습니다.,百花,,백화,백화,
7급,109,2025-05-24,29,dokum,다음 밑줄 친 漢字語의 音을 쓰세요.,나는 世上에서 거짓말하는 사 람이 제일 밉습니다.,世上,,세상,세상,
7급,109,2025-05-24,30,dokum,다음 밑줄 친 漢字語의 音을 쓰세요.,교장 선생님은 아침마다 교문 앞에서 학생들과 人事합니다.,人事,,인사,인사,
7급,109,2025-05-24,31,dokum,다음 밑줄 친 漢字語의 音을 쓰세요.,이 섬의 北東 쪽에는 깎아지른 바위 절벽이 있습니다.,北東,,북동,북동,
7급,109,2025-05-24,32,dokum,다음 밑줄 친 漢字語의 音을 쓰세요.,그분은 다섯 兄弟 중 셋째로 태어나셨다고 합니다.,兄弟,,형제,형제,
7급,109,2025-05-24,33,select_hanjaeo,다음 밑줄 친 단어에 해당하는 漢字語를 고르세요.,봄이 되자 겨울 철새들이 북쪽 방면으로 날아갑니다.,방면,"[""① 前車"", ""② 不便"", ""③ 電話"", ""④ 方面""]",④,方面,
7급,109,2025-05-24,34,select_hanjaeo,다음 밑줄 친 단어에 해당하는 漢字語를 고르세요.,다리가 불편하신 할머니께서는 휠체어를 타십니다.,불편,"[""① 前車"", ""② 不便"", ""③ 電話"", ""④ 方面""]",②,不便,
7급,109,2025-05-24,35,hunum,다음 漢字의 訓과 音을 쓰세요.,安,安,,편안 안,편안 안,
7급,109,2025-05-24,36,hunum,다음 漢字의 訓과 音을 쓰세요.,家,家,,집 가,집 가,
7급,109,2025-05-24,37,hunum,다음 漢字의 訓과 音을 쓰세요.,直,直,,곧을 직,곧을 직,
7급,109,2025-05-24,38,hunum,다음 漢字의 訓과 音을 쓰세요.,休,休,,쉴 휴,쉴 휴,
7급,109,2025-05-24,39,hunum,다음 漢字의 訓과 音을 쓰세요.,口,口,,입 구,입 구,
7급,109,2025-05-24,40,hunum,다음 漢字의 訓과 音을 쓰세요.,空,空,,빌 공,빌 공,
7급,109,2025-05-24,41,hunum,다음 漢字의 訓과 音을 쓰세요.,歌,歌,,노래 가,노래 가,
7급,109,2025-05-24,42,hunum,다음 漢字의 訓과 音을 쓰세요.,秋,秋,,가을 추,가을 추,
7급,109,2025-05-24,43,hunum,다음 漢字의 訓과 音을 쓰세요.,春,春,,봄 춘,봄 춘,
7급,109,2025-05-24,44,hunum,다음 漢字의 訓과 音을 쓰세요.,市,市,,저자 시,저자 시,
7급,109,2025-05-24,45,hunum,다음 漢字의 訓과 音을 쓰세요.,工,工,,장인 공,장인 공,
7급,109,2025-05-24,46,hunum,다음 漢字의 訓과 音을 쓰세요.,平,平,,평평할 평,평평할 평,
7급,109,2025-05-24,47,hunum,다음 漢字의 訓과 音을 쓰세요.,活,活,,살 활,살 활,
7급,109,2025-05-24,48,hunum,다음 漢字의 訓과 音을 쓰세요.,午,午,,낮 오,낮 오,
7급,109,2025-05-24,49,hunum,다음 漢字의 訓과 音을 쓰세요.,林,林,,수풀 림,수풀 림,
7급,109,2025-05-24,50,hunum,다음 漢字의 訓과 音을 쓰세요.,村,村,,마을 촌,마을 촌,
7급,109,2025-05-24,51,hunum,다음 漢字의 訓과 音을 쓰세요.,食,食,,밥/먹을 식,밥/먹을 식,
7급,109,2025-05-24,52,hunum,다음 漢字의 訓과 音을 쓰세요.,海,海,,바다 해,바다 해,
7급,109,2025-05-24,53,hunum,다음 漢字의 訓과 音을 쓰세요.,答,答,,대답 답,대답 답,
7급,109,2025-05-24,54,hunum,다음 漢字의 訓과 音을 쓰세요.,洞,洞,,골 동,골 동,
7급,109,2025-05-24,55,select_hanja,다음 訓과 音에 맞는 漢字를 <보기>에서 찾아 그 번호를 쓰세요.,일천 천,일천 천,"[""① 育"", ""② 旗"", ""③ 夏"", ""④ 算"", ""⑤ 登"", ""⑥ 草"", ""⑦ 重"", ""⑧ 數"", ""⑨ 千"", ""⑩ 來""]",⑨,千,
7급,109,2025-05-24,56,select_hanja,다음 訓과 音에 맞는 漢字를 <보기>에서 찾아 그 번호를 쓰세요.,기 기,기 기,"[""① 育"", ""② 旗"", ""③ 夏"", ""④ 算"", ""⑤ 登"", ""⑥ 草"", ""⑦ 重"", ""⑧ 數"", ""⑨ 千"", ""⑩ 來""]",②,旗,
7급,109,2025-05-24,57,select_hanja,다음 訓과 音에 맞는 漢字를 <보기>에서 찾아 그 번호를 쓰세요.,오를 등,오를 등,"[""① 育"", ""② 旗"", ""③ 夏"", ""④ 算"", ""⑤ 登"", ""⑥ 草"", ""⑦ 重"", ""⑧ 數"", ""⑨ 千"", ""⑩ 來""]",⑤,登,
7급,109,2025-05-24,58,select_hanja,다음 訓과 音에 맞는 漢字를 <보기>에서 찾아 그 번호를 쓰세요.,풀 초,풀 초,"[""① 育"", ""② 旗"", ""③ 夏"", ""④ 算"", ""⑤ 登"", ""⑥ 草"", ""⑦ 重"", ""⑧ 數"", ""⑨ 千"", ""⑩ 來""]",⑥,草,
7급,109,2025-05-24,59,select_hanja,다음 訓과 音에 맞는 漢字를 <보기>에서 찾아 그 번호를 쓰세요.,셈 수,셈 수,"[""① 育"", ""② 旗"", ""③ 夏"", ""④ 算"", ""⑤ 登"", ""⑥ 草"", ""⑦ 重"", ""⑧ 數"", ""⑨ 千"", ""⑩ 來""]",⑧,數,
7급,109,2025-05-24,60,select_hanja,다음 訓과 音에 맞는 漢字를 <보기>에서 찾아 그 번호를 쓰세요.,셈 산,셈 산,"[""① 育"", ""② 旗"", ""③ 夏"", ""④ 算"", ""⑤ 登"", ""⑥ 草"", ""⑦ 重"", ""⑧ 數"", ""⑨ 千"", ""⑩ 來""]",④,算,
7급,109,2025-05-24,61,select_hanja,다음 訓과 音에 맞는 漢字를 <보기>에서 찾아 그 번호를 쓰세요.,기를 육,기를 육,"[""① 育"", ""② 旗"", ""③ 夏"", ""④ 算"", ""⑤ 登"", ""⑥ 草"", ""⑦ 重"", ""⑧ 數"", ""⑨ 千"", ""⑩ 來""]",①,育,
7급,109,2025-05-24,62,select_hanja,다음 訓과 音에 맞는 漢字를 <보기>에서 찾아 그 번호를 쓰세요.,올 래,올 래,"[""① 育"", ""② 旗"", ""③ 夏"", ""④ 算"", ""⑤ 登"", ""⑥ 草"", ""⑦ 重"", ""⑧ 數"", ""⑨ 千"", ""⑩ 來""]",⑩,來,
7급,109,2025-05-24,63,select_hanja,다음 訓과 音에 맞는 漢字를 <보기>에서 찾아 그 번호를 쓰세요.,무거울 중,무거울 중,"[""① 育"", ""② 旗"", ""③ 夏"", ""④ 算"", ""⑤ 登"", ""⑥ 草"", ""⑦ 重"", ""⑧ 數"", ""⑨ 千"", ""⑩ 來""]",⑦,重,
7급,109,2025-05-24,64,select_hanja,다음 訓과 音에 맞는 漢字를 <보기>에서 찾아 그 번호를 쓰세요.,여름 하,여름 하,"[""① 育"", ""② 旗"", ""③ 夏"", ""④ 算"", ""⑤ 登"", ""⑥ 草"", ""⑦ 重"", ""⑧ 數"", ""⑨ 千"", ""⑩ 來""]",③,夏,
7급,109,2025-05-24,65,banui_select,다음 漢字의 상대(또는 반대)되는 漢字를 <보기>에서 골라 그 번호를 쓰세요.,( ) ↔ 心,( ) ↔ 心,"[""① 敎"", ""② 物"", ""③ 足"", ""④ 姓""]",②,物,
7급,109,2025-05-24,66,banui_select,다음 漢字의 상대(또는 반대)되는 漢字를 <보기>에서 골라 그 번호를 쓰세요.,手 ↔ ( ),手 ↔ ( ),"[""① 敎"", ""② 物"", ""③ 足"", ""④ 姓""]",③,足,
7급,109,2025-05-24,67,mean_select,다음 뜻에 맞는 漢字語를 <보기>에서 찾아 그 번호를 쓰세요.,뛰어나게 잘 지은 글.,,"[""① 地主"", ""② 名文"", ""③ 後記"", ""④ 動力""]",②,名文,
7급,109,2025-05-24,68,mean_select,다음 뜻에 맞는 漢字語를 <보기>에서 찾아 그 번호를 쓰세요.,땅의 주인.,,"[""① 地主"", ""② 名文"", ""③ 後記"", ""④ 動力""]",①,地主,
7급,109,2025-05-24,69,stroke,다음 漢字의 진하게 표시한 획은 몇 번째 쓰는지 <보기>에서 찾아 그 번호를 쓰세요.,,,"[""① 첫 번째"", ""② 두 번째"", ""③ 세 번째"", ""④ 네 번째"", ""⑤ 다섯 번째"", ""⑥ 여섯 번째"", ""⑦ 일곱 번째"", ""⑧ 여덟 번째"", ""⑨ 아홉 번째"", ""⑩ 열 번째""]",③,세 번째,exam-strokes/stroke_7_109_69.png
7급,109,2025-05-24,70,stroke,다음 漢字의 진하게 표시한 획은 몇 번째 쓰는지 <보기>에서 찾아 그 번호를 쓰세요.,,,"[""① 첫 번째"", ""② 두 번째"", ""③ 세 번째"", ""④ 네 번째"", ""⑤ 다섯 번째"", ""⑥ 여섯 번째"", ""⑦ 일곱 번째"", ""⑧ 여덟 번째"", ""⑨ 아홉 번째"", ""⑩ 열 번째""]",①,첫 번째,exam-strokes/stroke_7_109_70.png
7급,110,2025-08-23,1,dokum,다음 밑줄 친 漢字語의 音을 쓰세요.,休日에 아이들과 함께 텃밭에 꽃과 채소를 심었습니다.,休日,,휴일,휴일,
7급,110,2025-08-23,2,dokum,다음 밑줄 친 漢字語의 音을 쓰세요.,이곳에서 15분쯤 걸어가면 이 효석 生家가 나타납니다.,生家,,생가,생가,
7급,110,2025-08-23,3,dokum,다음 밑줄 친 漢字語의 音을 쓰세요.,좋은 음악은 우리 생활에 活力 과 의욕을 줍니다.,活力,,활력,활력,
7급,110,2025-08-23,4,dokum,다음 밑줄 친 漢字語의 音을 쓰세요.,아버지는 가구 工場에서 근무하 십니다.,工場,,공장,공장,
7급,110,2025-08-23,5,dokum,다음 밑줄 친 漢字語의 音을 쓰세요.,南海는 크고 작은 섬이 많아 다 도해라 불립니다.,南海,,남해,남해,
7급,110,2025-08-23,6,dokum,다음 밑줄 친 漢字語의 音을 쓰세요.,밤空氣가 차니까 이만 안으로 들어가세요.,空氣,,공기,공기,
7급,110,2025-08-23,7,dokum,다음 밑줄 친 漢字語의 音을 쓰세요.,가파른 계단을 오르니 탁 트인 平地가 눈앞에 펼쳐집니다.,平地,,평지,평지,
7급,110,2025-08-23,8,dokum,다음 밑줄 친 漢字語의 音을 쓰세요.,마을 入口에는 코스모스가 화사 하게 피어 있었습니다.,入口,,입구,입구,
7급,110,2025-08-23,9,dokum,다음 밑줄 친 漢字語의 音을 쓰세요.,학생들은 모두 2번이 正答이라 고 생각했습니다.,正答,,정답,정답,
7급,110,2025-08-23,10,dokum,다음 밑줄 친 漢字語의 音을 쓰세요.,그는 秋夕인데도 약국의 문을 열었습니다.,秋夕,,추석,추석,
7급,110,2025-08-23,11,dokum,다음 밑줄 친 漢字語의 音을 쓰세요.,立春이 지났지만 아직도 추위 가 가시지 않고 있습니다.,立春,,입춘,입춘,
7급,110,2025-08-23,12,dokum,다음 밑줄 친 漢字語의 音을 쓰세요.,공연을 마친 歌手는 관중들의 박수에 고개 숙여 답례했습니 다.,歌手,,가수,가수,
7급,110,2025-08-23,13,dokum,다음 밑줄 친 漢字語의 音을 쓰세요.,메밀꽃이 피는 계절의 農村 풍 경은 참 아름답습니다.,農村,,농촌,농촌,
7급,110,2025-08-23,14,dokum,다음 밑줄 친 漢字語의 音을 쓰세요.,동사무소에서는 洞民을 위해 무료 독서실을 운영합니다.,洞民,,동민,동민,
7급,110,2025-08-23,15,dokum,다음 밑줄 친 漢字語의 音을 쓰세요.,山林을 보호하기 위하여 등산 객들의 입산을 제한합니다.,山林,,산림,산림,
7급,110,2025-08-23,16,dokum,다음 밑줄 친 漢字語의 音을 쓰세요.,그녀는 下午 7시경에 서울을 떠났습니다.,下午,,하오,하오,
7급,110,2025-08-23,17,dokum,다음 밑줄 친 漢字語의 音을 쓰세요.,草食 동물들은 대체로 온순합 니다.,草食,,초식,초식,
7급,110,2025-08-23,18,dokum,다음 밑줄 친 漢字語의 音을 쓰세요.,아이들은 열악한 敎育 환경 속 에서도 열심히 공부합니다.,敎育,,교육,교육,
7급,110,2025-08-23,19,dokum,다음 밑줄 친 漢字語의 音을 쓰세요.,국경일이어서 건물마다 國旗가 게양되어 있습니다.,國旗,,국기,국기,
7급,110,2025-08-23,20,dokum,다음 밑줄 친 漢字語의 音을 쓰세요.,우리 회사의 급여는 電算으로 처리됩니다.,電算,,전산,전산,
7급,110,2025-08-23,21,dokum,다음 밑줄 친 漢字語의 音을 쓰세요.,선생님께서 내일은 아침 9시까 지 登校하라고 하셨습니다.,登校,,등교,등교,
7급,110,2025-08-23,22,dokum,다음 밑줄 친 漢字語의 音을 쓰세요.,철수의 주장에 찬성한 사람은 少數에 불과했습니다.,少數,,소수,소수,
7급,110,2025-08-23,23,dokum,다음 밑줄 친 漢字語의 音을 쓰세요.,이곳 경주는 신라 千年 사직의 중심지입니다.,千年,,천년,천년,
7급,110,2025-08-23,24,dokum,다음 밑줄 친 漢字語의 音을 쓰세요.,중국의 부수상이 3일간의 방문 일정으로 來韓했습니다.,來韓,,내한,내한,
7급,110,2025-08-23,25,dokum,다음 밑줄 친 漢字語의 音을 쓰세요.,이 지방의 주요 농산물은 밤과 木花입니다.,木花,,목화,목화,
7급,110,2025-08-23,26,dokum,다음 밑줄 친 漢字語의 音을 쓰세요.,이 보일러는 일정한 온도가 되 면 自動으로 꺼집니다.,自動,,자동,자동,
7급,110,2025-08-23,27,dokum,다음 밑줄 친 漢字語의 音을 쓰세요.,학교와 집의 中間에서 그를 만 나기로 하였습니다.,中間,,중간,중간,
7급,110,2025-08-23,28,dokum,다음 밑줄 친 漢字語의 音을 쓰세요.,우리 동네의 室內 수영장은 항 상 만원입니다.,室內,,실내,실내,
7급,110,2025-08-23,29,dokum,다음 밑줄 친 漢字語의 音을 쓰세요.,水道꼭지가 잠겼는데도 물이 계속 흘러나옵니다.,水道,,수도,수도,
7급,110,2025-08-23,30,dokum,다음 밑줄 친 漢字語의 音을 쓰세요.,교실에 主人 없는 우산이 하나 있습니다.,主人,,주인,주인,
7급,110,2025-08-23,31,dokum,다음 밑줄 친 漢字語의 音을 쓰세요.,우리는 每月 첫째 주 토요일에 등산을 하기로 했습니다.,每月,,매월,매월,
7급,110,2025-08-23,32,dokum,다음 밑줄 친 漢字語의 音을 쓰세요.,어머니는 不足한 살림에도 두 아들을 대학까지 보냈습니다.,不足,,부족,부족,
7급,110,2025-08-23,33,select_hanjaeo,다음 밑줄 친 단어에 해당하는 漢字語를 고르세요.,인간에게는 무엇보다도 공기와 물이 가장 소중합니다.,소중,"[""① 邑長"", ""② 植物"", ""③ 北東"", ""④ 所重""]",④,所重,
7급,110,2025-08-23,34,select_hanjaeo,다음 밑줄 친 단어에 해당하는 漢字語를 고르세요.,그녀는 시골에서 컸기 때문인 지 식물의 이름을 많이 압니다.,식물,"[""① 邑長"", ""② 植物"", ""③ 北東"", ""④ 所重""]",②,植物,
7급,110,2025-08-23,35,hunum,다음 漢字의 訓과 音을 쓰세요.,夏,夏,,여름 하,여름 하,
7급,110,2025-08-23,36,hunum,다음 漢字의 訓과 音을 쓰세요.,全,全,,온전 전,온전 전,
7급,110,2025-08-23,37,hunum,다음 漢字의 訓과 音을 쓰세요.,川,川,,내 천,내 천,
7급,110,2025-08-23,38,hunum,다음 漢字의 訓과 音을 쓰세요.,心,心,,마음 심,마음 심,
7급,110,2025-08-23,39,hunum,다음 漢字의 訓과 音을 쓰세요.,命,命,,목숨 명,목숨 명,
7급,110,2025-08-23,40,hunum,다음 漢字의 訓과 音을 쓰세요.,同,同,,한가지 동,한가지 동,
7급,110,2025-08-23,41,hunum,다음 漢字의 訓과 音을 쓰세요.,車,車,,수레 차,수레 차,
7급,110,2025-08-23,42,hunum,다음 漢字의 訓과 音을 쓰세요.,外,外,,바깥 외,바깥 외,
7급,110,2025-08-23,43,hunum,다음 漢字의 訓과 音을 쓰세요.,前,前,,앞 전,앞 전,
7급,110,2025-08-23,44,hunum,다음 漢字의 訓과 音을 쓰세요.,住,住,,살 주,살 주,
7급,110,2025-08-23,45,hunum,다음 漢字의 訓과 音을 쓰세요.,天,天,,하늘 천,하늘 천,
7급,110,2025-08-23,46,hunum,다음 漢字의 訓과 音을 쓰세요.,萬,萬,,일만 만,일만 만,
7급,110,2025-08-23,47,hunum,다음 漢字의 訓과 音을 쓰세요.,孝,孝,,효도 효,효도 효,
7급,110,2025-08-23,48,hunum,다음 漢字의 訓과 音을 쓰세요.,江,江,,강 강,강 강,
7급,110,2025-08-23,49,hunum,다음 漢字의 訓과 音을 쓰세요.,弟,弟,,아우 제,아우 제,
7급,110,2025-08-23,50,hunum,다음 漢字의 訓과 音을 쓰세요.,時,時,,때 시,때 시,
7급,110,2025-08-23,51,hunum,다음 漢字의 訓과 音을 쓰세요.,老,老,,늙을 로,늙을 로,
7급,110,2025-08-23,52,hunum,다음 漢字의 訓과 音을 쓰세요.,直,直,,곧을 직,곧을 직,
7급,110,2025-08-23,53,hunum,다음 漢字의 訓과 音을 쓰세요.,話,話,,말씀 화,말씀 화,
7급,110,2025-08-23,54,hunum,다음 漢字의 訓과 音을 쓰세요.,夫,夫,,지아비 부,지아비 부,
7급,110,2025-08-23,55,select_hanja,다음 訓과 音에 맞는 漢字를 <보기>에서 찾아 그 번호를 쓰세요.,군사 군,군사 군,"[""① 里"", ""② 有"", ""③ 世"", ""④ 軍"", ""⑤ 後"", ""⑥ 王"", ""⑦ 冬"", ""⑧ 名"", ""⑨ 出"", ""⑩ 然""]",④,軍,
7급,110,2025-08-23,56,select_hanja,다음 訓과 音에 맞는 漢字를 <보기>에서 찾아 그 번호를 쓰세요.,이름 명,이름 명,"[""① 里"", ""② 有"", ""③ 世"", ""④ 軍"", ""⑤ 後"", ""⑥ 王"", ""⑦ 冬"", ""⑧ 名"", ""⑨ 出"", ""⑩ 然""]",⑧,名,
7급,110,2025-08-23,57,select_hanja,다음 訓과 音에 맞는 漢字를 <보기>에서 찾아 그 번호를 쓰세요.,임금 왕,임금 왕,"[""① 里"", ""② 有"", ""③ 世"", ""④ 軍"", ""⑤ 後"", ""⑥ 王"", ""⑦ 冬"", ""⑧ 名"", ""⑨ 出"", ""⑩ 然""]",⑥,王,
7급,110,2025-08-23,58,select_hanja,다음 訓과 音에 맞는 漢字를 <보기>에서 찾아 그 번호를 쓰세요.,날 출,날 출,"[""① 里"", ""② 有"", ""③ 世"", ""④ 軍"", ""⑤ 後"", ""⑥ 王"", ""⑦ 冬"", ""⑧ 名"", ""⑨ 出"", ""⑩ 然""]",⑨,出,
7급,110,2025-08-23,59,select_hanja,다음 訓과 音에 맞는 漢字를 <보기>에서 찾아 그 번호를 쓰세요.,마을 리,마을 리,"[""① 里"", ""② 有"", ""③ 世"", ""④ 軍"", ""⑤ 後"", ""⑥ 王"", ""⑦ 冬"", ""⑧ 名"", ""⑨ 出"", ""⑩ 然""]",①,里,
7급,110,2025-08-23,60,select_hanja,다음 訓과 音에 맞는 漢字를 <보기>에서 찾아 그 번호를 쓰세요.,그럴 연,그럴 연,"[""① 里"", ""② 有"", ""③ 世"", ""④ 軍"", ""⑤ 後"", ""⑥ 王"", ""⑦ 冬"", ""⑧ 名"", ""⑨ 出"", ""⑩ 然""]",⑩,然,
7급,110,2025-08-23,61,select_hanja,다음 訓과 音에 맞는 漢字를 <보기>에서 찾아 그 번호를 쓰세요.,있을 유,있을 유,"[""① 里"", ""② 有"", ""③ 世"", ""④ 軍"", ""⑤ 後"", ""⑥ 王"", ""⑦ 冬"", ""⑧ 名"", ""⑨ 出"", ""⑩ 然""]",②,有,
7급,110,2025-08-23,62,select_hanja,다음 訓과 音에 맞는 漢字를 <보기>에서 찾아 그 번호를 쓰세요.,겨울 동,겨울 동,"[""① 里"", ""② 有"", ""③ 世"", ""④ 軍"", ""⑤ 後"", ""⑥ 王"", ""⑦ 冬"", ""⑧ 名"", ""⑨ 出"", ""⑩ 然""]",⑦,冬,
7급,110,2025-08-23,63,select_hanja,다음 訓과 音에 맞는 漢字를 <보기>에서 찾아 그 번호를 쓰세요.,인간 세,인간 세,"[""① 里"", ""② 有"", ""③ 世"", ""④ 軍"", ""⑤ 後"", ""⑥ 王"", ""⑦ 冬"", ""⑧ 名"", ""⑨ 出"", ""⑩ 然""]",③,世,
7급,110,2025-08-23,64,select_hanja,다음 訓과 音에 맞는 漢字를 <보기>에서 찾아 그 번호를 쓰세요.,뒤 후,뒤 후,"[""① 里"", ""② 有"", ""③ 世"", ""④ 軍"", ""⑤ 後"", ""⑥ 王"", ""⑦ 冬"", ""⑧ 名"", ""⑨ 出"", ""⑩ 然""]",⑤,後,
7급,110,2025-08-23,65,banui_select,다음 漢字의 상대(또는 반대)되는 漢字를 <보기>에서 골라 그 번호를 쓰세요.,( ) ↔ 右,( ) ↔ 右,"[""① 左"", ""② 上"", ""③ 男"", ""④ 父""]",①,左,
7급,110,2025-08-23,66,banui_select,다음 漢字의 상대(또는 반대)되는 漢字를 <보기>에서 골라 그 번호를 쓰세요.,( ) ↔ 母,( ) ↔ 母,"[""① 左"", ""② 上"", ""③ 男"", ""④ 父""]",④,父,
7급,110,2025-08-23,67,mean_select,다음 뜻에 맞는 漢字語를 <보기>에서 찾아 그 번호를 쓰세요.,종이에 아무것도 쓰지 않은 상 태.,,"[""① 方面"", ""② 記事"", ""③ 先祖"", ""④ 白紙""]",④,白紙,
7급,110,2025-08-23,68,mean_select,다음 뜻에 맞는 漢字語를 <보기>에서 찾아 그 번호를 쓰세요.,먼 윗대의 조상.,,"[""① 方面"", ""② 記事"", ""③ 先祖"", ""④ 白紙""]",③,先祖,
7급,110,2025-08-23,69,stroke,다음 漢字의 진하게 표시한 획은 몇 번째 쓰는지 <보기>에서 찾아 그 번호를 쓰세요.,,,"[""① 첫 번째"", ""② 두 번째"", ""③ 세 번째"", ""④ 네 번째"", ""⑤ 다섯 번째"", ""⑥ 여섯 번째"", ""⑦ 일곱 번째"", ""⑧ 여덟 번째"", ""⑨ 아홉 번째"", ""⑩ 열 번째""]",⑤,다섯 번째,exam-strokes/stroke_7_110_69.png
7급,110,2025-08-23,70,stroke,다음 漢字의 진하게 표시한 획은 몇 번째 쓰는지 <보기>에서 찾아 그 번호를 쓰세요.,,,"[""① 첫 번째"", ""② 두 번째"", ""③ 세 번째"", ""④ 네 번째"", ""⑤ 다섯 번째"", ""⑥ 여섯 번째"", ""⑦ 일곱 번째"", ""⑧ 여덟 번째"", ""⑨ 아홉 번째"", ""⑩ 열 번째""]",⑤,다섯 번째,exam-strokes/stroke_7_110_70.png
7급,111,2025-11-15,1,dokum,다음 밑줄 친 漢字語의 音을 쓰세요.,뜨개질한 手工 제품은 만든 사 람의 정성이 느껴집니다.,手工,,수공,수공,
7급,111,2025-11-15,2,dokum,다음 밑줄 친 漢字語의 音을 쓰세요.,금메달을 딴 그 선수는 알고 보 니 재일교포 二世였습니다.,二世,,이세,이세,
7급,111,2025-11-15,3,dokum,다음 밑줄 친 漢字語의 音을 쓰세요.,영희는 철수보다 세 살 年上입 니다.,年上,,연상,연상,
7급,111,2025-11-15,4,dokum,다음 밑줄 친 漢字語의 音을 쓰세요.,책의 표지가 떨어져 임시 方便 으로 테이프를 붙였습니다.,方便,,방편,방편,
7급,111,2025-11-15,5,dokum,다음 밑줄 친 漢字語의 音을 쓰세요.,낡아서 삐걱대는 나무 계단이 영 不安합니다.,不安,,불안,불안,
7급,111,2025-11-15,6,dokum,다음 밑줄 친 漢字語의 音을 쓰세요.,우리 마을은 오래전부터 木花를 재배해 왔습니다.,木花,,목화,목화,
7급,111,2025-11-15,7,dokum,다음 밑줄 친 漢字語의 音을 쓰세요.,경찰은 범인으로부터 이번 사건 의 범행을 自白 받았습니다.,自白,,자백,자백,
7급,111,2025-11-15,8,dokum,다음 밑줄 친 漢字語의 音을 쓰세요.,그는 平民 출신의 의병 지도자 로 왜적들과 맞서 싸웠습니다.,平民,,평민,평민,
7급,111,2025-11-15,9,dokum,다음 밑줄 친 漢字語의 音을 쓰세요.,이번 국제회의의 개최지는 서울 이 가장 有力합니다.,有力,,유력,유력,
7급,111,2025-11-15,10,dokum,다음 밑줄 친 漢字語의 音을 쓰세요.,적도 인근의 海水 온도는 거의 30도까지 올라갑니다.,海水,,해수,해수,
7급,111,2025-11-15,11,dokum,다음 밑줄 친 漢字語의 音을 쓰세요.,마음씨 고운 아씨는 下女에게조 차 함부로 대하지 않았습니다.,下女,,하녀,하녀,
7급,111,2025-11-15,12,dokum,다음 밑줄 친 漢字語의 音을 쓰세요.,그곳은 四面이 산으로 둘러싸 인 산골마을입니다.,四面,,사면,사면,
7급,111,2025-11-15,13,dokum,다음 밑줄 친 漢字語의 音을 쓰세요.,활주로를 내달리던 비행기가 한순간 空中으로 날아올랐습니 다.,空中,,공중,공중,
7급,111,2025-11-15,14,dokum,다음 밑줄 친 漢字語의 音을 쓰세요.,개울에 가서 놀자고 主動한 사 람은 바로 철수였습니다.,主動,,주동,주동,
7급,111,2025-11-15,15,dokum,다음 밑줄 친 漢字語의 音을 쓰세요.,씨름 대회가 열리자 八道에서 힘센 장사들이 모여들었습니다.,八道,,팔도,팔도,
7급,111,2025-11-15,16,dokum,다음 밑줄 친 漢字語의 音을 쓰세요.,전쟁을 일으킨 자들은 千秋에 오명을 남기게 될 것입니다.,千秋,,천추,천추,
7급,111,2025-11-15,17,dokum,다음 밑줄 친 漢字語의 音을 쓰세요.,신문에 우리 학교에 관한 기사 가 大門짝만하게 났습니다.,大門,,대문,대문,
7급,111,2025-11-15,18,dokum,다음 밑줄 친 漢字語의 音을 쓰세요.,학급 신문을 인쇄하기 전에 잘 못된 곳을 校正했습니다.,校正,,교정,교정,
7급,111,2025-11-15,19,dokum,다음 밑줄 친 漢字語의 音을 쓰세요.,두 분이 결혼하신 지는 五十 년이 넘었다고 합니다.,五十,,오십,오십,
7급,111,2025-11-15,20,dokum,다음 밑줄 친 漢字語의 音을 쓰세요.,午前 내내 기다렸지만 그는 끝 내 나타나지 않았습니다.,午前,,오전,오전,
7급,111,2025-11-15,21,dokum,다음 밑줄 친 漢字語의 音을 쓰세요.,마을에 자가용이 없는 家口는 하나도 없습니다.,家口,,가구,가구,
7급,111,2025-11-15,22,dokum,다음 밑줄 친 漢字語의 音을 쓰세요.,그는 공장을 세울 좋은 立地를 알아보러 다녔습니다.,立地,,입지,입지,
7급,111,2025-11-15,23,dokum,다음 밑줄 친 漢字語의 音을 쓰세요.,주말에 아이들이 서당에서 전 통 예절 敎育을 받았습니다.,敎育,,교육,교육,
7급,111,2025-11-15,24,dokum,다음 밑줄 친 漢字語의 音을 쓰세요.,기상청은 來日 비가 내릴 것이 라고 예보했습니다.,來日,,내일,내일,
7급,111,2025-11-15,25,dokum,다음 밑줄 친 漢字語의 音을 쓰세요.,아버지는 每月 한 번씩 할머니 를 뵈러 시골에 다녀오십니다.,每月,,매월,매월,
7급,111,2025-11-15,26,dokum,다음 밑줄 친 漢字語의 音을 쓰세요.,그가 떠난 事後의 소식은 듣지 못했습니다.,事後,,사후,사후,
7급,111,2025-11-15,27,dokum,다음 밑줄 친 漢字語의 音을 쓰세요.,마녀의 마법에 걸린 王子가 그 만 개구리로 변했습니다.,王子,,왕자,왕자,
7급,111,2025-11-15,28,dokum,다음 밑줄 친 漢字語의 音을 쓰세요.,서울 市長은 문화 사업에 대한 관심이 특별했습니다.,市長,,시장,시장,
7급,111,2025-11-15,29,dokum,다음 밑줄 친 漢字語의 音을 쓰세요.,그 영화에는 많은 여배우들이 登場합니다.,登場,,등장,등장,
7급,111,2025-11-15,30,dokum,다음 밑줄 친 漢字語의 音을 쓰세요.,집에서 학교까지는 걸어서 30 분 內外의 거리에 있습니다.,內外,,내외,내외,
7급,111,2025-11-15,31,dokum,다음 밑줄 친 漢字語의 音을 쓰세요.,보건 당국은 전염병 예방에 萬全 을 기했습니다.,萬全,,만전,만전,
7급,111,2025-11-15,32,dokum,다음 밑줄 친 漢字語의 音을 쓰세요.,그는 성격이 좋아 예능 프로그 램에서도 人氣가 좋습니다.,人氣,,인기,인기,
7급,111,2025-11-15,33,select_hanjaeo,다음 밑줄 친 단어에 해당하는 漢字語를 고르세요.,봄이 오면 농부들은 밭을 갈고 씨를 뿌립니다.,농부,"[""① 生色"", ""② 左記"", ""③ 江南"", ""④ 農夫""]",④,農夫,
7급,111,2025-11-15,34,select_hanjaeo,다음 밑줄 친 단어에 해당하는 漢字語를 고르세요.,그는 남을 도와준 일에 대해 전혀 생색내지 않았습니다.,생색,"[""① 生色"", ""② 左記"", ""③ 江南"", ""④ 農夫""]",①,生色,
7급,111,2025-11-15,35,hunum,다음 漢字의 訓과 音을 쓰세요.,百,百,,일백 백,일백 백,
7급,111,2025-11-15,36,hunum,다음 漢字의 訓과 音을 쓰세요.,食,食,,밥/먹을 식,밥/먹을 식,
7급,111,2025-11-15,37,hunum,다음 漢字의 訓과 音을 쓰세요.,命,命,,목숨 명,목숨 명,
7급,111,2025-11-15,38,hunum,다음 漢字의 訓과 音을 쓰세요.,里,里,,마을 리,마을 리,
7급,111,2025-11-15,39,hunum,다음 漢字의 訓과 音을 쓰세요.,直,直,,곧을 직,곧을 직,
7급,111,2025-11-15,40,hunum,다음 漢字의 訓과 音을 쓰세요.,右,右,,오른 우,오른 우,
7급,111,2025-11-15,41,hunum,다음 漢字의 訓과 音을 쓰세요.,住,住,,살 주,살 주,
7급,111,2025-11-15,42,hunum,다음 漢字의 訓과 音을 쓰세요.,冬,冬,,겨울 동,겨울 동,
7급,111,2025-11-15,43,hunum,다음 漢字의 訓과 音을 쓰세요.,然,然,,그럴 연,그럴 연,
7급,111,2025-11-15,44,hunum,다음 漢字의 訓과 音을 쓰세요.,算,算,,셈 산,셈 산,
7급,111,2025-11-15,45,hunum,다음 漢字의 訓과 音을 쓰세요.,出,出,,날 출,날 출,
7급,111,2025-11-15,46,hunum,다음 漢字의 訓과 音을 쓰세요.,入,入,,들 입,들 입,
7급,111,2025-11-15,47,hunum,다음 漢字의 訓과 音을 쓰세요.,數,數,,셈 수,셈 수,
7급,111,2025-11-15,48,hunum,다음 漢字의 訓과 音을 쓰세요.,重,重,,무거울 중,무거울 중,
7급,111,2025-11-15,49,hunum,다음 漢字의 訓과 音을 쓰세요.,春,春,,봄 춘,봄 춘,
7급,111,2025-11-15,50,hunum,다음 漢字의 訓과 音을 쓰세요.,休,休,,쉴 휴,쉴 휴,
7급,111,2025-11-15,51,hunum,다음 漢字의 訓과 音을 쓰세요.,旗,旗,,기 기,기 기,
7급,111,2025-11-15,52,hunum,다음 漢字의 訓과 音을 쓰세요.,植,植,,심을 식,심을 식,
7급,111,2025-11-15,53,hunum,다음 漢字의 訓과 音을 쓰세요.,活,活,,살 활,살 활,
7급,111,2025-11-15,54,hunum,다음 漢字의 訓과 音을 쓰세요.,洞,洞,,골 동,골 동,
7급,111,2025-11-15,55,select_hanja,다음 訓과 音에 맞는 漢字를 <보기>에서 찾아 그 번호를 쓰세요.,내 천,내 천,"[""① 紙"", ""② 足"", ""③ 夕"", ""④ 川"", ""⑤ 歌"", ""⑥ 祖"", ""⑦ 文"", ""⑧ 夏"", ""⑨ 草"", ""⑩ 村""]",④,川,
7급,111,2025-11-15,56,select_hanja,다음 訓과 音에 맞는 漢字를 <보기>에서 찾아 그 번호를 쓰세요.,발 족,발 족,"[""① 紙"", ""② 足"", ""③ 夕"", ""④ 川"", ""⑤ 歌"", ""⑥ 祖"", ""⑦ 文"", ""⑧ 夏"", ""⑨ 草"", ""⑩ 村""]",②,足,
7급,111,2025-11-15,57,select_hanja,다음 訓과 音에 맞는 漢字를 <보기>에서 찾아 그 번호를 쓰세요.,종이 지,종이 지,"[""① 紙"", ""② 足"", ""③ 夕"", ""④ 川"", ""⑤ 歌"", ""⑥ 祖"", ""⑦ 文"", ""⑧ 夏"", ""⑨ 草"", ""⑩ 村""]",①,紙,
7급,111,2025-11-15,58,select_hanja,다음 訓과 音에 맞는 漢字를 <보기>에서 찾아 그 번호를 쓰세요.,글월 문,글월 문,"[""① 紙"", ""② 足"", ""③ 夕"", ""④ 川"", ""⑤ 歌"", ""⑥ 祖"", ""⑦ 文"", ""⑧ 夏"", ""⑨ 草"", ""⑩ 村""]",⑦,文,
7급,111,2025-11-15,59,select_hanja,다음 訓과 音에 맞는 漢字를 <보기>에서 찾아 그 번호를 쓰세요.,할아비 조,할아비 조,"[""① 紙"", ""② 足"", ""③ 夕"", ""④ 川"", ""⑤ 歌"", ""⑥ 祖"", ""⑦ 文"", ""⑧ 夏"", ""⑨ 草"", ""⑩ 村""]",⑥,祖,
7급,111,2025-11-15,60,select_hanja,다음 訓과 音에 맞는 漢字를 <보기>에서 찾아 그 번호를 쓰세요.,마을 촌,마을 촌,"[""① 紙"", ""② 足"", ""③ 夕"", ""④ 川"", ""⑤ 歌"", ""⑥ 祖"", ""⑦ 文"", ""⑧ 夏"", ""⑨ 草"", ""⑩ 村""]",⑩,村,
7급,111,2025-11-15,61,select_hanja,다음 訓과 音에 맞는 漢字를 <보기>에서 찾아 그 번호를 쓰세요.,저녁 석,저녁 석,"[""① 紙"", ""② 足"", ""③ 夕"", ""④ 川"", ""⑤ 歌"", ""⑥ 祖"", ""⑦ 文"", ""⑧ 夏"", ""⑨ 草"", ""⑩ 村""]",③,夕,
7급,111,2025-11-15,62,select_hanja,다음 訓과 音에 맞는 漢字를 <보기>에서 찾아 그 번호를 쓰세요.,여름 하,여름 하,"[""① 紙"", ""② 足"", ""③ 夕"", ""④ 川"", ""⑤ 歌"", ""⑥ 祖"", ""⑦ 文"", ""⑧ 夏"", ""⑨ 草"", ""⑩ 村""]",⑧,夏,
7급,111,2025-11-15,63,select_hanja,다음 訓과 音에 맞는 漢字를 <보기>에서 찾아 그 번호를 쓰세요.,풀 초,풀 초,"[""① 紙"", ""② 足"", ""③ 夕"", ""④ 川"", ""⑤ 歌"", ""⑥ 祖"", ""⑦ 文"", ""⑧ 夏"", ""⑨ 草"", ""⑩ 村""]",⑨,草,
7급,111,2025-11-15,64,select_hanja,다음 訓과 音에 맞는 漢字를 <보기>에서 찾아 그 번호를 쓰세요.,노래 가,노래 가,"[""① 紙"", ""② 足"", ""③ 夕"", ""④ 川"", ""⑤ 歌"", ""⑥ 祖"", ""⑦ 文"", ""⑧ 夏"", ""⑨ 草"", ""⑩ 村""]",⑤,歌,
7급,111,2025-11-15,65,banui_select,다음 漢字의 상대(또는 반대)되는 漢字를 <보기>에서 골라 그 번호를 쓰세요.,( ) ↔ 少,( ) ↔ 少,"[""① 邑"", ""② 心"", ""③ 老"", ""④ 天""]",②,心,
7급,111,2025-11-15,66,banui_select,다음 漢字의 상대(또는 반대)되는 漢字를 <보기>에서 골라 그 번호를 쓰세요.,物 ↔ ( ),物 ↔ ( ),"[""① 邑"", ""② 心"", ""③ 老"", ""④ 天""]",④,天,
7급,111,2025-11-15,67,mean_select,다음 뜻에 맞는 漢字語를 <보기>에서 찾아 그 번호를 쓰세요.,같은 때나 시기.,,"[""① 電話"", ""② 學名"", ""③ 林間"", ""④ 同時""]",③,林間,
7급,111,2025-11-15,68,mean_select,다음 뜻에 맞는 漢字語를 <보기>에서 찾아 그 번호를 쓰세요.,수풀 사이.,,"[""① 電話"", ""② 學名"", ""③ 林間"", ""④ 同時""]",③,林間,
7급,111,2025-11-15,69,stroke,다음 漢字의 진하게 표시한 획은 몇 번째 쓰는지 <보기>에서 찾아 그 번호를 쓰세요.,,,"[""① 첫 번째"", ""② 두 번째"", ""③ 세 번째"", ""④ 네 번째"", ""⑤ 다섯 번째"", ""⑥ 여섯 번째"", ""⑦ 일곱 번째"", ""⑧ 여덟 번째"", ""⑨ 아홉 번째"", ""⑩ 열 번째""]",⑦,일곱 번째,exam-strokes/stroke_7_111_69.png
7급,111,2025-11-15,70,stroke,다음 漢字의 진하게 표시한 획은 몇 번째 쓰는지 <보기>에서 찾아 그 번호를 쓰세요.,,,"[""① 첫 번째"", ""② 두 번째"", ""③ 세 번째"", ""④ 네 번째"", ""⑤ 다섯 번째"", ""⑥ 여섯 번째"", ""⑦ 일곱 번째"", ""⑧ 여덟 번째"", ""⑨ 아홉 번째"", ""⑩ 열 번째""]",⑦,일곱 번째,exam-strokes/stroke_7_111_70.png
7급,112,2026-02-28,1,dokum,다음 밑줄 친 漢字語의 音을 쓰세요.,수험생들은 고사장에 入室하시 기 바랍니다.,入室,,입실,입실,
7급,112,2026-02-28,2,dokum,다음 밑줄 친 漢字語의 音을 쓰세요.,休日 오후에 잠만 자면 시간이 아깝지 않습니까?,休日,,휴일,휴일,
7급,112,2026-02-28,3,dokum,다음 밑줄 친 漢字語의 音을 쓰세요.,준영이는 여름 방학에 땅콩 農場 에서 삼촌 일을 돕습니다.,農場,,농장,농장,
7급,112,2026-02-28,4,dokum,다음 밑줄 친 漢字語의 音을 쓰세요.,"그녀는 한식부터 일식, 中食까 지 못하는 요리가 없습니다.",中食,,중식,중식,
7급,112,2026-02-28,5,dokum,다음 밑줄 친 漢字語의 音을 쓰세요.,그는 老後에 가게를 그만두고 농사를 지을 생각입니다.,老後,,노후,노후,
7급,112,2026-02-28,6,dokum,다음 밑줄 친 漢字語의 音을 쓰세요.,그녀는 작은 쪽지에 住所를 적 어 주었습니다.,住所,,주소,주소,
7급,112,2026-02-28,7,dokum,다음 밑줄 친 漢字語의 音을 쓰세요.,국경일이어서 건물마다 國旗가 게양되어 있습니다.,國旗,,국기,국기,
7급,112,2026-02-28,8,dokum,다음 밑줄 친 漢字語의 音을 쓰세요.,갈대들이 바람에 흔들리며 金色 물결을 이루고 있습니다.,金色,,금색,금색,
7급,112,2026-02-28,9,dokum,다음 밑줄 친 漢字語의 音을 쓰세요.,이 과자는 하나에 五百 원씩 합니다.,五百,,오백,오백,
7급,112,2026-02-28,10,dokum,다음 밑줄 친 漢字語의 音을 쓰세요.,시험지를 넣은 상자를 二重으 로 봉하고 도장을 찍었습니다.,二重,,이중,이중,
7급,112,2026-02-28,11,dokum,다음 밑줄 친 漢字語의 音을 쓰세요.,난초는 대표적인 관상용 植物 입니다.,植物,,식물,식물,
7급,112,2026-02-28,12,dokum,다음 밑줄 친 漢字語의 音을 쓰세요.,할아버지는 늘 이 마을의 洞長 역할을 합니다.,洞長,,동장,동장,
7급,112,2026-02-28,13,dokum,다음 밑줄 친 漢字語의 音을 쓰세요.,수희는 씩 웃으며 고개를 左右 로 흔들었습니다.,左右,,좌우,좌우,
7급,112,2026-02-28,14,dokum,다음 밑줄 친 漢字語의 音을 쓰세요.,요즘은 가수 중에는 10대의 靑春스타가 많습니다.,靑春,,청춘,청춘,
7급,112,2026-02-28,15,dokum,다음 밑줄 친 漢字語의 音을 쓰세요.,명절이 되니 萬里타향에 있는 내 신세가 처량하구나!,萬里,,만리,만리,
7급,112,2026-02-28,16,dokum,다음 밑줄 친 漢字語의 音을 쓰세요.,언니는 형부에게 아이를 맡기 고 外出했습니다.,外出,,외출,외출,
7급,112,2026-02-28,17,dokum,다음 밑줄 친 漢字語의 音을 쓰세요.,구조 요원들이 신속한 구조 活動 을 벌이고 있습니다.,活動,,활동,활동,
7급,112,2026-02-28,18,dokum,다음 밑줄 친 漢字語의 音을 쓰세요.,生命을 유지하는 데 가장 긴요 한 것은 물입니다.,生命,,생명,생명,
7급,112,2026-02-28,19,dokum,다음 밑줄 친 漢字語의 音을 쓰세요.,과수원 옆에는 쓰러져 가는 草家 집 한 채가 서 있습니다.,草家,,초가,초가,
7급,112,2026-02-28,20,dokum,다음 밑줄 친 漢字語의 音을 쓰세요.,그녀는 저녁이면 男便과 해변 을 거닐다 오곤 합니다.,男便,,남편,남편,
7급,112,2026-02-28,21,dokum,다음 밑줄 친 漢字語의 音을 쓰세요.,그는 중요한 신문 記事를 오려 서 스크랩을 해 둡니다.,記事,,기사,기사,
7급,112,2026-02-28,22,dokum,다음 밑줄 친 漢字語의 音을 쓰세요.,한식에는 祖上의 산소를 찾아 성묘를 합니다.,祖上,,조상,조상,
7급,112,2026-02-28,23,dokum,다음 밑줄 친 漢字語의 音을 쓰세요.,문제를 다 푼 철수는 제일 먼 저 答紙를 제출했습니다.,答紙,,답지,답지,
7급,112,2026-02-28,24,dokum,다음 밑줄 친 漢字語의 音을 쓰세요.,이 서류에 주소와 姓名을 쓰고 날인해 주세요.,姓名,,성명,성명,
7급,112,2026-02-28,25,dokum,다음 밑줄 친 漢字語의 音을 쓰세요.,이 비행기는 목적지에 安全하 게 도착했습니다.,安全,,안전,안전,
7급,112,2026-02-28,26,dokum,다음 밑줄 친 漢字語의 音을 쓰세요.,그 집 딸은 둘도 없는 孝女라 고 소문이 나 있습니다.,孝女,,효녀,효녀,
7급,112,2026-02-28,27,dokum,다음 밑줄 친 漢字語의 音을 쓰세요.,그 두 사람이 거의 同時에 결 승점에 들어왔습니다.,同時,,동시,동시,
7급,112,2026-02-28,28,dokum,다음 밑줄 친 漢字語의 音을 쓰세요.,그 업소의 개업 시간은 午前 10시부터입니다.,午前,,오전,오전,
7급,112,2026-02-28,29,dokum,다음 밑줄 친 漢字語의 音을 쓰세요.,秋夕을 맞아 귀향하는 차들이 고속도로에 넘쳐납니다.,秋夕,,추석,추석,
7급,112,2026-02-28,30,dokum,다음 밑줄 친 漢字語의 音을 쓰세요.,선생님은 어른이 된 弟子를 보 시고 흐뭇해하셨습니다.,弟子,,제자,제자,
7급,112,2026-02-28,31,dokum,다음 밑줄 친 漢字語의 音을 쓰세요.,아버지는 수염을 깎는 데 電氣 면도기를 씁니다.,電氣,,전기,전기,
7급,112,2026-02-28,32,dokum,다음 밑줄 친 漢字語의 音을 쓰세요.,국문과에서는 每年 여름에 방 언 답사를 갑니다.,每年,,매년,매년,
7급,112,2026-02-28,33,select_hanjaeo,다음 밑줄 친 단어에 해당하는 漢字語를 고르세요.,경수는 이번 산수 시험에서 만점을 받았습니다.,산수,"[""① 天然"", ""② 八千"", ""③ 山水"", ""④ 算數""]",④,算數,
7급,112,2026-02-28,34,select_hanjaeo,다음 밑줄 친 단어에 해당하는 漢字語를 고르세요.,천연자원의 보고인 바다가 점점 오염되고 있습니다.,천연,"[""① 天然"", ""② 八千"", ""③ 山水"", ""④ 算數""]",①,天然,
7급,112,2026-02-28,35,hunum,다음 漢字의 訓과 音을 쓰세요.,學,學,,배울 학,배울 학,
7급,112,2026-02-28,36,hunum,다음 漢字의 訓과 音을 쓰세요.,話,話,,말씀 화,말씀 화,
7급,112,2026-02-28,37,hunum,다음 漢字의 訓과 音을 쓰세요.,足,足,,발 족,발 족,
7급,112,2026-02-28,38,hunum,다음 漢字의 訓과 音을 쓰세요.,間,間,,사이 간,사이 간,
7급,112,2026-02-28,39,hunum,다음 漢字의 訓과 音을 쓰세요.,世,世,,인간 세,인간 세,
7급,112,2026-02-28,40,hunum,다음 漢字의 訓과 音을 쓰세요.,林,林,,수풀 림,수풀 림,
7급,112,2026-02-28,41,hunum,다음 漢字의 訓과 音을 쓰세요.,軍,軍,,군사 군,군사 군,
7급,112,2026-02-28,42,hunum,다음 漢字의 訓과 音을 쓰세요.,正,正,,바를 정,바를 정,
7급,112,2026-02-28,43,hunum,다음 漢字의 訓과 音을 쓰세요.,村,村,,마을 촌,마을 촌,
7급,112,2026-02-28,44,hunum,다음 漢字의 訓과 音을 쓰세요.,海,海,,바다 해,바다 해,
7급,112,2026-02-28,45,hunum,다음 漢字의 訓과 音을 쓰세요.,登,登,,오를 등,오를 등,
7급,112,2026-02-28,46,hunum,다음 漢字의 訓과 音을 쓰세요.,夫,夫,,지아비 부,지아비 부,
7급,112,2026-02-28,47,hunum,다음 漢字의 訓과 音을 쓰세요.,歌,歌,,노래 가,노래 가,
7급,112,2026-02-28,48,hunum,다음 漢字의 訓과 音을 쓰세요.,夏,夏,,여름 하,여름 하,
7급,112,2026-02-28,49,hunum,다음 漢字의 訓과 音을 쓰세요.,育,育,,기를 육,기를 육,
7급,112,2026-02-28,50,hunum,다음 漢字의 訓과 音을 쓰세요.,少,少,,적을 소,적을 소,
7급,112,2026-02-28,51,hunum,다음 漢字의 訓과 音을 쓰세요.,手,手,,손 수,손 수,
7급,112,2026-02-28,52,hunum,다음 漢字의 訓과 音을 쓰세요.,邑,邑,,고을 읍,고을 읍,
7급,112,2026-02-28,53,hunum,다음 漢字의 訓과 音을 쓰세요.,力,力,,힘 력,힘 력,
7급,112,2026-02-28,54,hunum,다음 漢字의 訓과 音을 쓰세요.,九,九,,아홉 구,아홉 구,
7급,112,2026-02-28,55,select_hanja,다음 訓과 音에 맞는 漢字를 <보기>에서 찾아 그 번호를 쓰세요.,있을 유,있을 유,"[""① 先"", ""② 來"", ""③ 寸"", ""④ 有"", ""⑤ 川"", ""⑥ 語"", ""⑦ 道"", ""⑧ 花"", ""⑨ 校"", ""⑩ 敎""]",④,有,
7급,112,2026-02-28,56,select_hanja,다음 訓과 音에 맞는 漢字를 <보기>에서 찾아 그 번호를 쓰세요.,가르칠 교,가르칠 교,"[""① 先"", ""② 來"", ""③ 寸"", ""④ 有"", ""⑤ 川"", ""⑥ 語"", ""⑦ 道"", ""⑧ 花"", ""⑨ 校"", ""⑩ 敎""]",⑩,敎,
7급,112,2026-02-28,57,select_hanja,다음 訓과 音에 맞는 漢字를 <보기>에서 찾아 그 번호를 쓰세요.,길 도,길 도,"[""① 先"", ""② 來"", ""③ 寸"", ""④ 有"", ""⑤ 川"", ""⑥ 語"", ""⑦ 道"", ""⑧ 花"", ""⑨ 校"", ""⑩ 敎""]",⑦,道,
7급,112,2026-02-28,58,select_hanja,다음 訓과 音에 맞는 漢字를 <보기>에서 찾아 그 번호를 쓰세요.,먼저 선,먼저 선,"[""① 先"", ""② 來"", ""③ 寸"", ""④ 有"", ""⑤ 川"", ""⑥ 語"", ""⑦ 道"", ""⑧ 花"", ""⑨ 校"", ""⑩ 敎""]",①,先,
7급,112,2026-02-28,59,select_hanja,다음 訓과 音에 맞는 漢字를 <보기>에서 찾아 그 번호를 쓰세요.,내 천,내 천,"[""① 先"", ""② 來"", ""③ 寸"", ""④ 有"", ""⑤ 川"", ""⑥ 語"", ""⑦ 道"", ""⑧ 花"", ""⑨ 校"", ""⑩ 敎""]",⑤,川,
7급,112,2026-02-28,60,select_hanja,다음 訓과 音에 맞는 漢字를 <보기>에서 찾아 그 번호를 쓰세요.,꽃 화,꽃 화,"[""① 先"", ""② 來"", ""③ 寸"", ""④ 有"", ""⑤ 川"", ""⑥ 語"", ""⑦ 道"", ""⑧ 花"", ""⑨ 校"", ""⑩ 敎""]",⑧,花,
7급,112,2026-02-28,61,select_hanja,다음 訓과 音에 맞는 漢字를 <보기>에서 찾아 그 번호를 쓰세요.,올 래,올 래,"[""① 先"", ""② 來"", ""③ 寸"", ""④ 有"", ""⑤ 川"", ""⑥ 語"", ""⑦ 道"", ""⑧ 花"", ""⑨ 校"", ""⑩ 敎""]",②,來,
7급,112,2026-02-28,62,select_hanja,다음 訓과 音에 맞는 漢字를 <보기>에서 찾아 그 번호를 쓰세요.,말씀 어,말씀 어,"[""① 先"", ""② 來"", ""③ 寸"", ""④ 有"", ""⑤ 川"", ""⑥ 語"", ""⑦ 道"", ""⑧ 花"", ""⑨ 校"", ""⑩ 敎""]",⑥,語,
7급,112,2026-02-28,63,select_hanja,다음 訓과 音에 맞는 漢字를 <보기>에서 찾아 그 번호를 쓰세요.,마디 촌,마디 촌,"[""① 先"", ""② 來"", ""③ 寸"", ""④ 有"", ""⑤ 川"", ""⑥ 語"", ""⑦ 道"", ""⑧ 花"", ""⑨ 校"", ""⑩ 敎""]",③,寸,
7급,112,2026-02-28,64,select_hanja,다음 訓과 音에 맞는 漢字를 <보기>에서 찾아 그 번호를 쓰세요.,학교 교,학교 교,"[""① 先"", ""② 來"", ""③ 寸"", ""④ 有"", ""⑤ 川"", ""⑥ 語"", ""⑦ 道"", ""⑧ 花"", ""⑨ 校"", ""⑩ 敎""]",⑨,校,
7급,112,2026-02-28,65,banui_select,다음 漢字의 상대(또는 반대)되는 漢字를 <보기>에서 골라 그 번호를 쓰세요.,( ) ↔ 小,( ) ↔ 小,"[""① 大"", ""② 王"", ""③ 北"", ""④ 江""]",③,北,
7급,112,2026-02-28,66,banui_select,다음 漢字의 상대(또는 반대)되는 漢字를 <보기>에서 골라 그 번호를 쓰세요.,南 ↔ ( ),南 ↔ ( ),"[""① 大"", ""② 王"", ""③ 北"", ""④ 江""]",①,大,
7급,112,2026-02-28,67,mean_select,다음 뜻에 맞는 漢字語를 <보기>에서 찾아 그 번호를 쓰세요.,백성의 마음.,,"[""① 自立"", ""② 不平"", ""③ 民心"", ""④ 主人""]",③,民心,
7급,112,2026-02-28,68,mean_select,다음 뜻에 맞는 漢字語를 <보기>에서 찾아 그 번호를 쓰세요.,남에게 의지하지 아니하고 스 스로 섬.,,"[""① 自立"", ""② 不平"", ""③ 民心"", ""④ 主人""]",①,自立,
7급,112,2026-02-28,69,stroke,다음 漢字의 진하게 표시한 획은 몇 번째 쓰는지 <보기>에서 찾아 그 번호를 쓰세요.,,,"[""① 첫 번째"", ""② 두 번째"", ""③ 세 번째"", ""④ 네 번째"", ""⑤ 다섯 번째"", ""⑥ 여섯 번째"", ""⑦ 일곱 번째"", ""⑧ 여덟 번째"", ""⑨ 아홉 번째"", ""⑩ 열 번째""]",③,세 번째,exam-strokes/stroke_7_112_69.png
7급,112,2026-02-28,70,stroke,다음 漢字의 진하게 표시한 획은 몇 번째 쓰는지 <보기>에서 찾아 그 번호를 쓰세요.,,,"[""① 첫 번째"", ""② 두 번째"", ""③ 세 번째"", ""④ 네 번째"", ""⑤ 다섯 번째"", ""⑥ 여섯 번째"", ""⑦ 일곱 번째"", ""⑧ 여덟 번째"", ""⑨ 아홉 번째"", ""⑩ 열 번째""]",⑧,여덟 번째,exam-strokes/stroke_7_112_70.png
7급,113,2026-05-23,1,dokum,다음 밑줄 친 漢字語의 音을 쓰세요.,한옥의 구조에서 옛 祖上들의 지혜를 엿볼 수 있습니다.,祖上,,조상,조상,
7급,113,2026-05-23,2,dokum,다음 밑줄 친 漢字語의 音을 쓰세요.,이곳은 山林을 보호하기 위해서 등산객의 출입을 제한합니다.,山林,,산림,산림,
7급,113,2026-05-23,3,dokum,다음 밑줄 친 漢字語의 音을 쓰세요.,아이들이 숲속에서 植物들을 관찰합니다.,植物,,식물,식물,
7급,113,2026-05-23,4,dokum,다음 밑줄 친 漢字語의 音을 쓰세요.,제가 가장 좋아하는 歌手의 공연이 곧 시작됩니다.,歌手,,가수,가수,
7급,113,2026-05-23,5,dokum,다음 밑줄 친 漢字語의 音을 쓰세요.,그는 每事에 최선을 다하는 선수입니다.,每事,,매사,매사,
7급,113,2026-05-23,6,dokum,다음 밑줄 친 漢字語의 音을 쓰세요.,아버지께서는 항상 正直한 사람이 되라고 강조하셨습니다.,正直,,정직,정직,
7급,113,2026-05-23,7,dokum,다음 밑줄 친 漢字語의 音을 쓰세요.,버스에서 몸이 不便하신 분에게 자리를 양보했습니다.,不便,,불편,불편,
7급,113,2026-05-23,8,dokum,다음 밑줄 친 漢字語의 音을 쓰세요.,명절에는 온 食口가 한자리에 모여서 즐거운 시간을 보냅니다.,食口,,식구,식구,
7급,113,2026-05-23,9,dokum,다음 밑줄 친 漢字語의 音을 쓰세요.,어머니에게 電子사전을 선물로 받았습니다.,電子,,전자,전자,
7급,113,2026-05-23,10,dokum,다음 밑줄 친 漢字語의 音을 쓰세요.,동생은 올해 초등학교에 入學을 했습니다.,入學,,입학,입학,
7급,113,2026-05-23,11,dokum,다음 밑줄 친 漢字語의 音을 쓰세요.,草家지붕 아래에 제비가 둥지를 지었습니다.,草家,,초가,초가,
7급,113,2026-05-23,12,dokum,다음 밑줄 친 漢字語의 音을 쓰세요.,마을 회의가 里長님의 집에서 열렸습니다.,里長,,이장,이장,
7급,113,2026-05-23,13,dokum,다음 밑줄 친 漢字語의 音을 쓰세요.,한 쌍의 男女가 공원을 걷고 있습니다.,男女,,남녀,남녀,
7급,113,2026-05-23,14,dokum,다음 밑줄 친 漢字語의 音을 쓰세요.,이 지역은 土地가 비옥하여 쌀이 많이 생산됩니다.,土地,,토지,토지,
7급,113,2026-05-23,15,dokum,다음 밑줄 친 漢字語의 音을 쓰세요.,그녀는 五色 비단으로 치마를 수놓았습니다.,五色,,오색,오색,
7급,113,2026-05-23,16,dokum,다음 밑줄 친 漢字語의 音을 쓰세요.,저녁이 되자 空氣가 제법 쌀쌀해졌습니다.,空氣,,공기,공기,
7급,113,2026-05-23,17,dokum,다음 밑줄 친 漢字語의 音을 쓰세요.,우리나라는 三面이 바다로 둘러싸여 있습니다.,三面,,삼면,삼면,
7급,113,2026-05-23,18,dokum,다음 밑줄 친 漢字語의 音을 쓰세요.,재연이는 도서관에 가서 工夫를 했습니다.,工夫,,공부,공부,
7급,113,2026-05-23,19,dokum,다음 밑줄 친 漢字語의 音을 쓰세요.,來日은 학교에서 친구들과 소풍을 갑니다.,來日,,내일,내일,
7급,113,2026-05-23,20,dokum,다음 밑줄 친 漢字語의 音을 쓰세요.,두 사람이 거의 同時에 결승선에 들어왔습니다.,同時,,동시,동시,
7급,113,2026-05-23,21,dokum,다음 밑줄 친 漢字語의 音을 쓰세요.,다 쓴 休紙를 함부로 바닥에 버리면 안 됩니다.,休紙,,휴지,휴지,
7급,113,2026-05-23,22,dokum,다음 밑줄 친 漢字語의 音을 쓰세요.,저기 양복을 입은 아저씨가 이 정원의 主人입니다.,主人,,주인,주인,
7급,113,2026-05-23,23,dokum,다음 밑줄 친 漢字語의 音을 쓰세요.,손을 씻고 나면 水道를 꼭 잠가야 합니다.,水道,,수도,수도,
7급,113,2026-05-23,24,dokum,다음 밑줄 친 漢字語의 音을 쓰세요.,형은 아침마다 마을버스를 타고 登校를 합니다.,登校,,등교,등교,
7급,113,2026-05-23,25,dokum,다음 밑줄 친 漢字語의 音을 쓰세요.,경주는 신라의 유적지로 有名합니다.,有名,,유명,유명,
7급,113,2026-05-23,26,dokum,다음 밑줄 친 漢字語의 音을 쓰세요.,이 이불은 木花솜으로 만들어서 아주 따뜻합니다.,木花,,목화,목화,
7급,113,2026-05-23,27,dokum,다음 밑줄 친 漢字語의 音을 쓰세요.,어릴 적 친구를 數十 년 만에 만났습니다.,數十,,수십,수십,
7급,113,2026-05-23,28,dokum,다음 밑줄 친 漢字語의 音을 쓰세요.,민지는 매일 규칙적인 生活을 합니다.,生活,,생활,생활,
7급,113,2026-05-23,29,dokum,다음 밑줄 친 漢字語의 音을 쓰세요.,저는 부모님에게 가장 所重한 존재입니다.,所重,,소중,소중,
7급,113,2026-05-23,30,dokum,다음 밑줄 친 漢字語의 音을 쓰세요.,궁지에 몰린 적은 곧 白旗를 들어 올렸습니다.,白旗,,백기,백기,
7급,113,2026-05-23,31,dokum,다음 밑줄 친 漢字語의 音을 쓰세요.,우리나라 南海 바다에는 해산물이 풍부합니다.,南海,,남해,남해,
7급,113,2026-05-23,32,dokum,다음 밑줄 친 漢字語의 音을 쓰세요.,외국인 친구와 영어로 問答을 주고받았습니다.,問答,,문답,문답,
7급,113,2026-05-23,33,select_hanja,다음 밑줄 친 漢字語를 <보기>에서 찾아 그 번호를 쓰세요.,요새 농촌에서는 김매기가 한창입니다.,농촌,"[""① 住民"", ""② 出場"", ""③ 農村"", ""④ 自然""]",③,農村,
7급,113,2026-05-23,34,select_hanja,다음 밑줄 친 漢字語를 <보기>에서 찾아 그 번호를 쓰세요.,아파트 주민들이 모여 바자회를 열었습니다.,주민,"[""① 住民"", ""② 出場"", ""③ 農村"", ""④ 自然""]",①,住民,
7급,113,2026-05-23,35,hunum,다음 漢字의 訓과 音을 쓰세요.,孝,孝,,효도 효,효도 효,
7급,113,2026-05-23,36,hunum,다음 漢字의 訓과 音을 쓰세요.,記,記,,기록할 기,기록할 기,
7급,113,2026-05-23,37,hunum,다음 漢字의 訓과 音을 쓰세요.,內,內,,안 내,안 내,
7급,113,2026-05-23,38,hunum,다음 漢字의 訓과 音을 쓰세요.,夏,夏,,여름 하,여름 하,
7급,113,2026-05-23,39,hunum,다음 漢字의 訓과 音을 쓰세요.,算,算,,셈 산,셈 산,
7급,113,2026-05-23,40,hunum,다음 漢字의 訓과 音을 쓰세요.,右,右,,오를/오른(쪽) 우,오를/오른(쪽) 우,
7급,113,2026-05-23,41,hunum,다음 漢字의 訓과 音을 쓰세요.,立,立,,설 립,설 립,
7급,113,2026-05-23,42,hunum,다음 漢字의 訓과 音을 쓰세요.,力,力,,힘 력,힘 력,
7급,113,2026-05-23,43,hunum,다음 漢字의 訓과 音을 쓰세요.,左,左,,왼 좌,왼 좌,
7급,113,2026-05-23,44,hunum,다음 漢字의 訓과 音을 쓰세요.,車,車,,수레 거|수레 차,수레 거|수레 차,
7급,113,2026-05-23,45,hunum,다음 漢字의 訓과 音을 쓰세요.,動,動,,움직일 동,움직일 동,
7급,113,2026-05-23,46,hunum,다음 漢字의 訓과 音을 쓰세요.,間,間,,사이 간,사이 간,
7급,113,2026-05-23,47,hunum,다음 漢字의 訓과 音을 쓰세요.,夕,夕,,저녁 석,저녁 석,
7급,113,2026-05-23,48,hunum,다음 漢字의 訓과 音을 쓰세요.,江,江,,강 강,강 강,
7급,113,2026-05-23,49,hunum,다음 漢字의 訓과 音을 쓰세요.,話,話,,말씀 화,말씀 화,
7급,113,2026-05-23,50,hunum,다음 漢字의 訓과 音을 쓰세요.,川,川,,내 천,내 천,
7급,113,2026-05-23,51,hunum,다음 漢字의 訓과 音을 쓰세요.,邑,邑,,고을 읍,고을 읍,
7급,113,2026-05-23,52,hunum,다음 漢字의 訓과 音을 쓰세요.,安,安,,편안 안,편안 안,
7급,113,2026-05-23,53,hunum,다음 漢字의 訓과 音을 쓰세요.,前,前,,앞 전,앞 전,
7급,113,2026-05-23,54,hunum,다음 漢字의 訓과 音을 쓰세요.,足,足,,발 족,발 족,
7급,113,2026-05-23,55,select_hanja,다음 訓과 音에 맞는 漢字를 <보기>에서 찾아 그 번호를 쓰세요.,겨울 동,겨울 동,"[""① 下"", ""② 後"", ""③ 平"", ""④ 西"", ""⑤ 弟"", ""⑥ 世"", ""⑦ 冬"", ""⑧ 外"", ""⑨ 午"", ""⑩ 市""]",⑦,冬,
7급,113,2026-05-23,56,select_hanja,다음 訓과 音에 맞는 漢字를 <보기>에서 찾아 그 번호를 쓰세요.,뒤 후,뒤 후,"[""① 下"", ""② 後"", ""③ 平"", ""④ 西"", ""⑤ 弟"", ""⑥ 世"", ""⑦ 冬"", ""⑧ 外"", ""⑨ 午"", ""⑩ 市""]",②,後,
7급,113,2026-05-23,57,select_hanja,다음 訓과 音에 맞는 漢字를 <보기>에서 찾아 그 번호를 쓰세요.,아래 하,아래 하,"[""① 下"", ""② 後"", ""③ 平"", ""④ 西"", ""⑤ 弟"", ""⑥ 世"", ""⑦ 冬"", ""⑧ 外"", ""⑨ 午"", ""⑩ 市""]",①,下,
7급,113,2026-05-23,58,select_hanja,다음 訓과 音에 맞는 漢字를 <보기>에서 찾아 그 번호를 쓰세요.,인간 세,인간 세,"[""① 下"", ""② 後"", ""③ 平"", ""④ 西"", ""⑤ 弟"", ""⑥ 世"", ""⑦ 冬"", ""⑧ 外"", ""⑨ 午"", ""⑩ 市""]",⑥,世,
7급,113,2026-05-23,59,select_hanja,다음 訓과 音에 맞는 漢字를 <보기>에서 찾아 그 번호를 쓰세요.,낮 오,낮 오,"[""① 下"", ""② 後"", ""③ 平"", ""④ 西"", ""⑤ 弟"", ""⑥ 世"", ""⑦ 冬"", ""⑧ 外"", ""⑨ 午"", ""⑩ 市""]",⑨,午,
7급,113,2026-05-23,60,select_hanja,다음 訓과 音에 맞는 漢字를 <보기>에서 찾아 그 번호를 쓰세요.,평평할 평,평평할 평,"[""① 下"", ""② 後"", ""③ 平"", ""④ 西"", ""⑤ 弟"", ""⑥ 世"", ""⑦ 冬"", ""⑧ 外"", ""⑨ 午"", ""⑩ 市""]",③,平,
7급,113,2026-05-23,61,select_hanja,다음 訓과 音에 맞는 漢字를 <보기>에서 찾아 그 번호를 쓰세요.,저자 시,저자 시,"[""① 下"", ""② 後"", ""③ 平"", ""④ 西"", ""⑤ 弟"", ""⑥ 世"", ""⑦ 冬"", ""⑧ 外"", ""⑨ 午"", ""⑩ 市""]",⑩,市,
7급,113,2026-05-23,62,select_hanja,다음 訓과 音에 맞는 漢字를 <보기>에서 찾아 그 번호를 쓰세요.,서녘 서,서녘 서,"[""① 下"", ""② 後"", ""③ 平"", ""④ 西"", ""⑤ 弟"", ""⑥ 世"", ""⑦ 冬"", ""⑧ 外"", ""⑨ 午"", ""⑩ 市""]",④,西,
7급,113,2026-05-23,63,select_hanja,다음 訓과 音에 맞는 漢字를 <보기>에서 찾아 그 번호를 쓰세요.,아우 제,아우 제,"[""① 下"", ""② 後"", ""③ 平"", ""④ 西"", ""⑤ 弟"", ""⑥ 世"", ""⑦ 冬"", ""⑧ 外"", ""⑨ 午"", ""⑩ 市""]",⑤,弟,
7급,113,2026-05-23,64,select_hanja,다음 訓과 音에 맞는 漢字를 <보기>에서 찾아 그 번호를 쓰세요.,바깥 외,바깥 외,"[""① 下"", ""② 後"", ""③ 平"", ""④ 西"", ""⑤ 弟"", ""⑥ 世"", ""⑦ 冬"", ""⑧ 外"", ""⑨ 午"", ""⑩ 市""]",⑧,外,
7급,113,2026-05-23,65,banui_select,다음 漢字의 상대(또는 반대)되는 漢字를 <보기>에서 골라 그 번호를 쓰세요.,( ) ↔ 少,少,"[""① 洞"", ""② 秋"", ""③ 老"", ""④ 育""]",③,老,
7급,113,2026-05-23,66,banui_select,다음 漢字의 상대(또는 반대)되는 漢字를 <보기>에서 골라 그 번호를 쓰세요.,春 ↔ ( ),春,"[""① 洞"", ""② 秋"", ""③ 老"", ""④ 育""]",②,秋,
7급,113,2026-05-23,67,mean_select,다음 뜻에 맞는 漢字語를 <보기>에서 찾아 그 번호를 쓰세요.,하늘의 명령.,하늘의 명령,"[""① 全心"", ""② 大小"", ""③ 百方"", ""④ 天命""]",④,天命,
7급,113,2026-05-23,68,mean_select,다음 뜻에 맞는 漢字語를 <보기>에서 찾아 그 번호를 쓰세요.,온 마음.,온 마음,"[""① 全心"", ""② 大小"", ""③ 百方"", ""④ 天命""]",①,全心,
7급,113,2026-05-23,69,stroke,다음 漢字의 진하게 표시한 획은 몇 번째 쓰는지 <보기>에서 찾아 그 번호를 쓰세요.,門,門,"[""① 첫 번째"", ""② 두 번째"", ""③ 세 번째"", ""④ 네 번째"", ""⑤ 다섯 번째"", ""⑥ 여섯 번째"", ""⑦ 일곱 번째"", ""⑧ 여덟 번째""]",⑦,일곱 번째,exam-strokes/stroke_7_113_69.png
7급,113,2026-05-23,70,stroke,다음 漢字의 진하게 표시한 획은 몇 번째 쓰는지 <보기>에서 찾아 그 번호를 쓰세요.,靑,靑,"[""① 첫 번째"", ""② 두 번째"", ""③ 세 번째"", ""④ 네 번째"", ""⑤ 다섯 번째"", ""⑥ 여섯 번째"", ""⑦ 일곱 번째"", ""⑧ 여덟 번째""]",⑦,일곱 번째,exam-strokes/stroke_7_113_70.png
