level,session,exam_date,question_no,question_type,instruction,question_text,target,options,answer,answer_display,image_path
6급,80,2018.02.24,1,dokum,다음 밑줄 친 漢字語의 讀音을 쓰세요.,,世界,,세계,세계,
6급,80,2018.02.24,2,dokum,다음 밑줄 친 漢字語의 讀音을 쓰세요.,,所重,,소중,소중,
6급,80,2018.02.24,3,dokum,다음 밑줄 친 漢字語의 讀音을 쓰세요.,,海軍,,해군,해군,
6급,80,2018.02.24,4,dokum,다음 밑줄 친 漢字語의 讀音을 쓰세요.,,計算,,계산,계산,
6급,80,2018.02.24,5,dokum,다음 밑줄 친 漢字語의 讀音을 쓰세요.,,圖形,,도형,도형,
6급,80,2018.02.24,6,dokum,다음 밑줄 친 漢字語의 讀音을 쓰세요.,,南部,,남부,남부,
6급,80,2018.02.24,7,dokum,다음 밑줄 친 漢字語의 讀音을 쓰세요.,,家族,,가족,가족,
6급,80,2018.02.24,8,dokum,다음 밑줄 친 漢字語의 讀音을 쓰세요.,,平等,,평등,평등,
6급,80,2018.02.24,9,dokum,다음 밑줄 친 漢字語의 讀音을 쓰세요.,,成分,,성분,성분,
6급,80,2018.02.24,10,dokum,다음 밑줄 친 漢字語의 讀音을 쓰세요.,,發表,,발표,발표,
6급,80,2018.02.24,11,dokum,다음 밑줄 친 漢字語의 讀音을 쓰세요.,,根本,,근본,근본,
6급,80,2018.02.24,12,dokum,다음 밑줄 친 漢字語의 讀音을 쓰세요.,,秋夕,,추석,추석,
6급,80,2018.02.24,13,dokum,다음 밑줄 친 漢字語의 讀音을 쓰세요.,,由來,,유래,유래,
6급,80,2018.02.24,14,dokum,다음 밑줄 친 漢字語의 讀音을 쓰세요.,,住民,,주민,주민,
6급,80,2018.02.24,15,dokum,다음 밑줄 친 漢字語의 讀音을 쓰세요.,,地名,,지명,지명,
6급,80,2018.02.24,16,dokum,다음 밑줄 친 漢字語의 讀音을 쓰세요.,,使用,,사용,사용,
6급,80,2018.02.24,17,dokum,다음 밑줄 친 漢字語의 讀音을 쓰세요.,,身體,,신체,신체,
6급,80,2018.02.24,18,dokum,다음 밑줄 친 漢字語의 讀音을 쓰세요.,,運動,,운동,운동,
6급,80,2018.02.24,19,dokum,다음 밑줄 친 漢字語의 讀音을 쓰세요.,,飮食,,음식,음식,
6급,80,2018.02.24,20,dokum,다음 밑줄 친 漢字語의 讀音을 쓰세요.,,新聞,,신문,신문,
6급,80,2018.02.24,21,dokum,다음 밑줄 친 漢字語의 讀音을 쓰세요.,,勝利,,승리,승리,
6급,80,2018.02.24,22,dokum,다음 밑줄 친 漢字語의 讀音을 쓰세요.,,現場,,현장,현장,
6급,80,2018.02.24,23,dokum,다음 밑줄 친 漢字語의 讀音을 쓰세요.,,注意,,주의,주의,
6급,80,2018.02.24,24,dokum,다음 밑줄 친 漢字語의 讀音을 쓰세요.,,記者,,기자,기자,
6급,80,2018.02.24,25,dokum,다음 밑줄 친 漢字語의 讀音을 쓰세요.,,窓門,,창문,창문,
6급,80,2018.02.24,26,dokum,다음 밑줄 친 漢字語의 讀音을 쓰세요.,,溫度,,온도,온도,
6급,80,2018.02.24,27,dokum,다음 밑줄 친 漢字語의 讀音을 쓰세요.,,同時,,동시,동시,
6급,80,2018.02.24,28,dokum,다음 밑줄 친 漢字語의 讀音을 쓰세요.,,始作,,시작,시작,
6급,80,2018.02.24,29,dokum,다음 밑줄 친 漢字語의 讀音을 쓰세요.,,交通,,교통,교통,
6급,80,2018.02.24,30,dokum,다음 밑줄 친 漢字語의 讀音을 쓰세요.,,向上,,향상,향상,
6급,80,2018.02.24,31,dokum,다음 밑줄 친 漢字語의 讀音을 쓰세요.,,草木,,초목,초목,
6급,80,2018.02.24,32,dokum,다음 밑줄 친 漢字語의 讀音을 쓰세요.,,直行,,직행,직행,
6급,80,2018.02.24,33,dokum,다음 밑줄 친 漢字語의 讀音을 쓰세요.,,對話,,대화,대화,
6급,80,2018.02.24,34,hunum,다음 漢字의 訓과 音을 쓰세요.,,畫,,그림 화,그림 화,
6급,80,2018.02.24,35,hunum,다음 漢字의 訓과 音을 쓰세요.,,祖,,할아비 조,할아비 조,
6급,80,2018.02.24,36,hunum,다음 漢字의 訓과 音을 쓰세요.,,園,,동산 원,동산 원,
6급,80,2018.02.24,37,hunum,다음 漢字의 訓과 音을 쓰세요.,,雪,,눈 설,눈 설,
6급,80,2018.02.24,38,hunum,다음 漢字의 訓과 音을 쓰세요.,,反,,돌이킬 반,돌이킬 반,
6급,80,2018.02.24,39,hunum,다음 漢字의 訓과 音을 쓰세요.,,面,,낯 면,낯 면,
6급,80,2018.02.24,40,hunum,다음 漢字의 訓과 音을 쓰세요.,,消,,사라질 소,사라질 소,
6급,80,2018.02.24,41,hunum,다음 漢字의 訓과 音을 쓰세요.,,京,,서울 경,서울 경,
6급,80,2018.02.24,42,hunum,다음 漢字의 訓과 音을 쓰세요.,,歌,,노래 가,노래 가,
6급,80,2018.02.24,43,hunum,다음 漢字의 訓과 音을 쓰세요.,,登,,오를 등,오를 등,
6급,80,2018.02.24,44,hunum,다음 漢字의 訓과 音을 쓰세요.,,林,,수풀 림,수풀 림,
6급,80,2018.02.24,45,hunum,다음 漢字의 訓과 音을 쓰세요.,,童,,아이 동,아이 동,
6급,80,2018.02.24,46,hunum,다음 漢字의 訓과 音을 쓰세요.,,習,,익힐 습,익힐 습,
6급,80,2018.02.24,47,hunum,다음 漢字의 訓과 音을 쓰세요.,,野,,들 야,들 야,
6급,80,2018.02.24,48,hunum,다음 漢字의 訓과 音을 쓰세요.,,淸,,맑을 청,맑을 청,
6급,80,2018.02.24,49,hunum,다음 漢字의 訓과 音을 쓰세요.,,勇,,날랠 용,날랠 용,
6급,80,2018.02.24,50,hunum,다음 漢字의 訓과 音을 쓰세요.,,油,,기름 유,기름 유,
6급,80,2018.02.24,51,hunum,다음 漢字의 訓과 音을 쓰세요.,,在,,있을 재,있을 재,
6급,80,2018.02.24,52,hunum,다음 漢字의 訓과 音을 쓰세요.,,感,,느낄 감,느낄 감,
6급,80,2018.02.24,53,hunum,다음 漢字의 訓과 音을 쓰세요.,,路,,길 로,길 로,
6급,80,2018.02.24,54,hunum,다음 漢字의 訓과 音을 쓰세요.,,立,,설 립,설 립,
6급,80,2018.02.24,55,hunum,다음 漢字의 訓과 音을 쓰세요.,,愛,,사랑 애,사랑 애,
6급,80,2018.02.24,56,hanjaeo_write,다음 밑줄 친 漢字語를 漢字로 쓰세요.,주운 물건의 주인을 찾아 주었습니다.,주인,,主人,主人,
6급,80,2018.02.24,57,hanjaeo_write,다음 밑줄 친 漢字語를 漢字로 쓰세요.,부모님은 바다와 같은 분입니다.,부모,,父母,父母,
6급,80,2018.02.24,58,hanjaeo_write,다음 밑줄 친 漢字語를 漢字로 쓰세요.,교실에는 자그마한 어항이 있습니다.,교실,,敎室,敎室,
6급,80,2018.02.24,59,hanjaeo_write,다음 밑줄 친 漢字語를 漢字로 쓰세요.,우리는 매일 일기 예보를 접합니다.,매일,,每日,每日,
6급,80,2018.02.24,60,hanjaeo_write,다음 밑줄 친 漢字語를 漢字로 쓰세요.,모양을 지니고 공간을 차지하는 것을 물체라고 합니다.,공간,,空間,空間,
6급,80,2018.02.24,61,hanjaeo_write,다음 밑줄 친 漢字語를 漢字로 쓰세요.,쓴 글은 꼼꼼히 읽어 보고 부족한 부분을 고쳐야 합니다.,부족,,不足,不足,
6급,80,2018.02.24,62,hanjaeo_write,다음 밑줄 친 漢字語를 漢字로 쓰세요.,공부를 할 때에 바른 자세로 앉아서 합니다.,공부,,工夫,工夫,
6급,80,2018.02.24,63,hanjaeo_write,다음 밑줄 친 漢字語를 漢字로 쓰세요.,"세종 대왕, 정약용, 링컨 등 많은 위인이 책을 가까이 하였습니다.",대왕,,大王,大王,
6급,80,2018.02.24,64,hanjaeo_write,다음 밑줄 친 漢字語를 漢字로 쓰세요.,홍길동은 가난한 백성을 위하여 희생하였습니다.,백성,,百姓,百姓,
6급,80,2018.02.24,65,hanjaeo_write,다음 밑줄 친 漢字語를 漢字로 쓰세요.,삼천리 강산에 우리나라 꽃,강산,,江山,江山,
6급,80,2018.02.24,66,hanjaeo_write,다음 밑줄 친 漢字語를 漢字로 쓰세요.,음악을 들으면 마음이 편안해집니다.,편안,,便安,便安,
6급,80,2018.02.24,67,hanjaeo_write,다음 밑줄 친 漢字語를 漢字로 쓰세요.,공부를 시작한 시각은 오전 9 시입니다.,오전,,午前,午前,
6급,80,2018.02.24,68,hanjaeo_write,다음 밑줄 친 漢字語를 漢字로 쓰세요.,동물원 입구까지 나오려고 합니다.,입구,,入口,入口,
6급,80,2018.02.24,69,hanjaeo_write,다음 밑줄 친 漢字語를 漢字로 쓰세요.,전기를 아껴야 환경을 보호할 수 있습니다.,전기,,電氣,電氣,
6급,80,2018.02.24,70,hanjaeo_write,다음 밑줄 친 漢字語를 漢字로 쓰세요.,작은아버지 아들은 저와 사촌입니다.,사촌,,四寸,四寸,
6급,80,2018.02.24,71,hanjaeo_write,다음 밑줄 친 漢字語를 漢字로 쓰세요.,형제끼리 우애 있게 지냅니다.,형제,,兄弟,兄弟,
6급,80,2018.02.24,72,hanjaeo_write,다음 밑줄 친 漢字語를 漢字로 쓰세요.,효도하는 일에도 성실이 필요합니다.,효도,,孝道,孝道,
6급,80,2018.02.24,73,hanjaeo_write,다음 밑줄 친 漢字語를 漢字로 쓰세요.,우리는 자연을 이용하여 풍요로운 생활을 하고 있습니다.,자연,,自然,自然,
6급,80,2018.02.24,74,hanjaeo_write,다음 밑줄 친 漢字語를 漢字로 쓰세요.,식물은 양분을 만들 때 빛을 이용합니다.,식물,,植物,植物,
6급,80,2018.02.24,75,hanjaeo_write,다음 밑줄 친 漢字語를 漢字로 쓰세요.,농촌은 자연 체험의 기회를 제공해 줍니다.,농촌,,農村,農村,
6급,80,2018.02.24,76,banui_select,다음 漢字의 반대 또는 상대되는 글자를 골라 그 번호를 쓰세요.,,遠,"[""① 速"", ""② 弱"", ""③ 近"", ""④ 明""]",③,近,
6급,80,2018.02.24,77,banui_select,다음 漢字의 반대 또는 상대되는 글자를 골라 그 번호를 쓰세요.,,夏,"[""① 晝"", ""② 冬"", ""③ 和"", ""④ 方""]",②,冬,
6급,80,2018.02.24,78,banui_select,다음 漢字의 반대 또는 상대되는 글자를 골라 그 번호를 쓰세요.,,後,"[""① 先"", ""② 番"", ""③ 少"", ""④ 太""]",①,先,
6급,80,2018.02.24,79,yui,다음 漢字와 뜻이 같거나 비슷한 것을 골라 그 번호를 쓰세요.,,合,"[""① 活"", ""② 車"", ""③ 金"", ""④ 集""]",④,集,
6급,80,2018.02.24,80,yui,다음 漢字와 뜻이 같거나 비슷한 것을 골라 그 번호를 쓰세요.,,光,"[""① 綠"", ""② 陽"", ""③ 禮"", ""④ 病""]",②,陽,
6급,80,2018.02.24,81,seong-eo,다음 ( ) 안에 알맞은 漢字를 <보기>에서 찾아 그 번호를 쓰세요.,()死一生 : 죽을 고비를 여러번 넘기고 겨우살아남.,()死一生,"[""① 活"", ""② 車"", ""③ 金"", ""④ 集"", ""⑤ 七"", ""⑥ 下"", ""⑦ 萬"", ""⑧ 失""]",④,集,
6급,80,2018.02.24,82,seong-eo,다음 ( ) 안에 알맞은 漢字를 <보기>에서 찾아 그 번호를 쓰세요.,"一長一() : 좋은 점도 있고, 부족한 점도 있음.",一長一(),"[""① 活"", ""② 車"", ""③ 金"", ""④ 集"", ""⑤ 七"", ""⑥ 下"", ""⑦ 萬"", ""⑧ 失""]",②,車,
6급,80,2018.02.24,83,seong-eo,다음 ( ) 안에 알맞은 漢字를 <보기>에서 찾아 그 번호를 쓰세요.,子孫()代 : 오래도록 내려오는 여러 세대.,子孫()代,"[""① 活"", ""② 車"", ""③ 金"", ""④ 集"", ""⑤ 七"", ""⑥ 下"", ""⑦ 萬"", ""⑧ 失""]",⑦,萬,
6급,80,2018.02.24,86,mean_select,다음 뜻에 맞는 漢字語를 <보기>에서 찾아 그 번호를 쓰세요.,학교를 새로 처음으로 엶,학교를 새로 처음으로 엶,"[""① 古書"", ""② 洞里"", ""③ 天才"", ""④ 苦戰"", ""⑤ 開校"", ""⑥ 學業""]",⑤,開校,
6급,80,2018.02.24,87,mean_select,다음 뜻에 맞는 漢字語를 <보기>에서 찾아 그 번호를 쓰세요.,선천적으로 타고난 재주,선천적으로 타고난 재주,"[""① 古書"", ""② 洞里"", ""③ 天才"", ""④ 苦戰"", ""⑤ 開校"", ""⑥ 學業""]",③,天才,
6급,80,2018.02.24,88,stroke,다음 漢字의 짙게 표시한 획은 몇 번째 쓰는 획인지 <보기>에서 찾아 그 번호를 쓰세요.,,,"[""① 첫 번째"", ""② 두 번째"", ""③ 세 번째"", ""④ 네 번째"", ""⑤ 다섯 번째"", ""⑥ 여섯 번째"", ""⑦ 일곱 번째"", ""⑧ 여덟 번째"", ""⑨ 아홉 번째"", ""⑩ 열 번째""]",⑨,아홉 번째,exam-strokes/stroke_6_80_88.png
6급,80,2018.02.24,89,stroke,다음 漢字의 짙게 표시한 획은 몇 번째 쓰는 획인지 <보기>에서 찾아 그 번호를 쓰세요.,,,"[""① 첫 번째"", ""② 두 번째"", ""③ 세 번째"", ""④ 네 번째"", ""⑤ 다섯 번째"", ""⑥ 여섯 번째"", ""⑦ 일곱 번째"", ""⑧ 여덟 번째"", ""⑨ 아홉 번째"", ""⑩ 열 번째""]",⑧,여덟 번째,exam-strokes/stroke_6_80_89.png
6급,80,2018.02.24,90,stroke,다음 漢字의 짙게 표시한 획은 몇 번째 쓰는 획인지 <보기>에서 찾아 그 번호를 쓰세요.,,,"[""① 첫 번째"", ""② 두 번째"", ""③ 세 번째"", ""④ 네 번째"", ""⑤ 다섯 번째"", ""⑥ 여섯 번째"", ""⑦ 일곱 번째"", ""⑧ 여덟 번째"", ""⑨ 아홉 번째"", ""⑩ 열 번째""]",⑥,여섯 번째,exam-strokes/stroke_6_80_90.png
6급,81,2018.06.02,1,dokum,다음 밑줄 친 漢字語의 讀音을 쓰세요.,,文章,,문장,문장,
6급,81,2018.06.02,2,dokum,다음 밑줄 친 漢字語의 讀音을 쓰세요.,,定式,,정식,정식,
6급,81,2018.06.02,3,dokum,다음 밑줄 친 漢字語의 讀音을 쓰세요.,,安全,,안전,안전,
6급,81,2018.06.02,4,dokum,다음 밑줄 친 漢字語의 讀音을 쓰세요.,,分野,,분야,분야,
6급,81,2018.06.02,5,dokum,다음 밑줄 친 漢字語의 讀音을 쓰세요.,,出戰,,출전,출전,
6급,81,2018.06.02,6,dokum,다음 밑줄 친 漢字語의 讀音을 쓰세요.,,晝夜,,주야,주야,
6급,81,2018.06.02,7,dokum,다음 밑줄 친 漢字語의 讀音을 쓰세요.,,夕陽,,석양,석양,
6급,81,2018.06.02,8,dokum,다음 밑줄 친 漢字語의 讀音을 쓰세요.,,育英,,육영,육영,
6급,81,2018.06.02,9,dokum,다음 밑줄 친 漢字語의 讀音을 쓰세요.,,氣溫,,기온,기온,
6급,81,2018.06.02,10,dokum,다음 밑줄 친 漢字語의 讀音을 쓰세요.,,庭園,,정원,정원,
6급,81,2018.06.02,11,dokum,다음 밑줄 친 漢字語의 讀音을 쓰세요.,,永遠,,영원,영원,
6급,81,2018.06.02,12,dokum,다음 밑줄 친 漢字語의 讀音을 쓰세요.,,理由,,이유,이유,
6급,81,2018.06.02,13,dokum,다음 밑줄 친 漢字語의 讀音을 쓰세요.,,油畫,,유화,유화,
6급,81,2018.06.02,14,dokum,다음 밑줄 친 漢字語의 讀音을 쓰세요.,,銀行,,은행,은행,
6급,81,2018.06.02,15,dokum,다음 밑줄 친 漢字語의 讀音을 쓰세요.,,名醫,,명의,명의,
6급,81,2018.06.02,16,dokum,다음 밑줄 친 漢字語의 讀音을 쓰세요.,,朝禮,,조례,조례,
6급,81,2018.06.02,17,dokum,다음 밑줄 친 漢字語의 讀音을 쓰세요.,,太平,,태평,태평,
6급,81,2018.06.02,18,dokum,다음 밑줄 친 漢字語의 讀音을 쓰세요.,,通讀,,통독,통독,
6급,81,2018.06.02,19,dokum,다음 밑줄 친 漢字語의 讀音을 쓰세요.,,特有,,특유,특유,
6급,81,2018.06.02,20,dokum,다음 밑줄 친 漢字語의 讀音을 쓰세요.,,和合,,화합,화합,
6급,81,2018.06.02,21,dokum,다음 밑줄 친 漢字語의 讀音을 쓰세요.,,向上,,향상,향상,
6급,81,2018.06.02,22,dokum,다음 밑줄 친 漢字語의 讀音을 쓰세요.,,大王,,대왕,대왕,
6급,81,2018.06.02,23,dokum,다음 밑줄 친 漢字語의 讀音을 쓰세요.,,番號,,번호,번호,
6급,81,2018.06.02,24,dokum,다음 밑줄 친 漢字語의 讀音을 쓰세요.,,開發,,개발,개발,
6급,81,2018.06.02,25,dokum,다음 밑줄 친 漢字語의 讀音을 쓰세요.,,入社,,입사,입사,
6급,81,2018.06.02,26,dokum,다음 밑줄 친 漢字語의 讀音을 쓰세요.,,古家,,고가,고가,
6급,81,2018.06.02,27,dokum,다음 밑줄 친 漢字語의 讀音을 쓰세요.,,區別,,구별,구별,
6급,81,2018.06.02,28,dokum,다음 밑줄 친 漢字語의 讀音을 쓰세요.,,郡內,,군내,군내,
6급,81,2018.06.02,29,dokum,다음 밑줄 친 漢字語의 讀音을 쓰세요.,,等級,,등급,등급,
6급,81,2018.06.02,30,dokum,다음 밑줄 친 漢字語의 讀音을 쓰세요.,,用度,,용도,용도,
6급,81,2018.06.02,31,dokum,다음 밑줄 친 漢字語의 讀音을 쓰세요.,,美術,,미술,미술,
6급,81,2018.06.02,32,dokum,다음 밑줄 친 漢字語의 讀音을 쓰세요.,,頭角,,두각,두각,
6급,81,2018.06.02,33,dokum,다음 밑줄 친 漢字語의 讀音을 쓰세요.,,新綠,,신록,신록,
6급,81,2018.06.02,34,hunum,다음 漢字의 訓과 音을 쓰세요.,,童,,아이 동,아이 동,
6급,81,2018.06.02,35,hunum,다음 漢字의 訓과 音을 쓰세요.,,短,,짧을 단,짧을 단,
6급,81,2018.06.02,36,hunum,다음 漢字의 訓과 音을 쓰세요.,,愛,,사랑 애,사랑 애,
6급,81,2018.06.02,37,hunum,다음 漢字의 訓과 音을 쓰세요.,,作,,지을 작,지을 작,
6급,81,2018.06.02,38,hunum,다음 漢字의 訓과 音을 쓰세요.,,高,,높을 고,높을 고,
6급,81,2018.06.02,39,hunum,다음 漢字의 訓과 音을 쓰세요.,,體,,몸 체,몸 체,
6급,81,2018.06.02,40,hunum,다음 漢字의 訓과 音을 쓰세요.,,光,,빛 광,빛 광,
6급,81,2018.06.02,41,hunum,다음 漢字의 訓과 音을 쓰세요.,,黃,,누를 황,누를 황,
6급,81,2018.06.02,42,hunum,다음 漢字의 訓과 音을 쓰세요.,,近,,가까울 근,가까울 근,
6급,81,2018.06.02,43,hunum,다음 漢字의 訓과 音을 쓰세요.,,感,,느낄 감,느낄 감,
6급,81,2018.06.02,44,hunum,다음 漢字의 訓과 音을 쓰세요.,,目,,눈 목,눈 목,
6급,81,2018.06.02,45,hunum,다음 漢字의 訓과 音을 쓰세요.,,強,,강할 강,강할 강,
6급,81,2018.06.02,46,hunum,다음 漢字의 訓과 音을 쓰세요.,,聞,,들을 문,들을 문,
6급,81,2018.06.02,47,hunum,다음 漢字의 訓과 音을 쓰세요.,,待,,기다릴 대,기다릴 대,
6급,81,2018.06.02,48,hunum,다음 漢字의 訓과 音을 쓰세요.,,死,,죽을 사,죽을 사,
6급,81,2018.06.02,49,hunum,다음 漢字의 訓과 音을 쓰세요.,,路,,길 로,길 로,
6급,81,2018.06.02,50,hunum,다음 漢字의 訓과 音을 쓰세요.,,身,,몸 신,몸 신,
6급,81,2018.06.02,51,hunum,다음 漢字의 訓과 音을 쓰세요.,,勝,,이길 승,이길 승,
6급,81,2018.06.02,52,hunum,다음 漢字의 訓과 音을 쓰세요.,,雪,,눈 설,눈 설,
6급,81,2018.06.02,53,hunum,다음 漢字의 訓과 音을 쓰세요.,,習,,익힐 습,익힐 습,
6급,81,2018.06.02,54,hunum,다음 漢字의 訓과 音을 쓰세요.,,速,,빠를 속,빠를 속,
6급,81,2018.06.02,55,hunum,다음 漢字의 訓과 音을 쓰세요.,,言,,말씀 언,말씀 언,
6급,81,2018.06.02,56,hanjaeo_write,다음 밑줄 친 漢字語를 漢字로 쓰세요.,공부 시간과 여가를 구별해야 합니다.,공부,,工夫,工夫,
6급,81,2018.06.02,57,hanjaeo_write,다음 밑줄 친 漢字語를 漢字로 쓰세요.,산림이 우거진 숲 속에서 휴양을 합니다.,산림,,山林,山林,
6급,81,2018.06.02,58,hanjaeo_write,다음 밑줄 친 漢字語를 漢字로 쓰세요.,농촌은 평야 지역에서 많이 볼수 있습니다.,농촌,,農村,農村,
6급,81,2018.06.02,59,hanjaeo_write,다음 밑줄 친 漢字語를 漢字로 쓰세요.,매사에 신중을 기하여 좋은 결실을 맺었습니다.,매사,,每事,每事,
6급,81,2018.06.02,60,hanjaeo_write,다음 밑줄 친 漢字語를 漢字로 쓰세요.,계획을 세우면 알차게 생활할 수 있습니다.,생활,,生活,生活,
6급,81,2018.06.02,61,hanjaeo_write,다음 밑줄 친 漢字語를 漢字로 쓰세요.,노인이나 몸이 불편한 사람에게 자리를 양보합니다.,노인,,老人,老人,
6급,81,2018.06.02,62,hanjaeo_write,다음 밑줄 친 漢字語를 漢字로 쓰세요.,주민들은 지역의 문제를 해결하기 위해 다양한 방법으로 참여합니다.,주민,,住民,住民,
6급,81,2018.06.02,63,hanjaeo_write,다음 밑줄 친 漢字語를 漢字로 쓰세요.,문제 해결을 위해 백방으로 노력하였습니다.,백방,,百方,百方,
6급,81,2018.06.02,64,hanjaeo_write,다음 밑줄 친 漢字語를 漢字로 쓰세요.,"상대방이 전화를 받으면, 인사를 한 후 자기가 누구인지를 먼저 밝힙니다.",전화,,電話,電話,
6급,81,2018.06.02,65,hanjaeo_write,다음 밑줄 친 漢字語를 漢字로 쓰세요.,색지에 그림을 그렸습니다.,색지,,色紙,色紙,
6급,81,2018.06.02,66,hanjaeo_write,다음 밑줄 친 漢字語를 漢字로 쓰세요.,쓰레기는 정해진 장소에 버려주시기 바랍니다.,장소,,場所,場所,
6급,81,2018.06.02,67,hanjaeo_write,다음 밑줄 친 漢字語를 漢字로 쓰세요.,천연 자원을 보존해야 합니다.,천연,,天然,天然,
6급,81,2018.06.02,68,hanjaeo_write,다음 밑줄 친 漢字語를 漢字로 쓰세요.,수경이네 학교에는 24개의 교실이 있습니다.,교실,,敎室,敎室,
6급,81,2018.06.02,69,hanjaeo_write,다음 밑줄 친 漢字語를 漢字로 쓰세요.,그 마을은 읍장을 중심으로 단합이 잘 됩니다.,읍장,,邑長,邑長,
6급,81,2018.06.02,70,hanjaeo_write,다음 밑줄 친 漢字語를 漢字로 쓰세요.,노래자는 초나라 사람으로 중국의 대표적인 효자 중의 한 사람입니다.,효자,,孝子,孝子,
6급,81,2018.06.02,71,hanjaeo_write,다음 밑줄 친 漢字語를 漢字로 쓰세요.,자간 간격이 일정하여 글자를 읽기에 편리한 점이 있습니다.,자간,,字間,字間,
6급,81,2018.06.02,72,hanjaeo_write,다음 밑줄 친 漢字語를 漢字로 쓰세요.,동물 염료로는 오징어 먹물과 조개 등이 있습니다.,동물,,動物,動物,
6급,81,2018.06.02,73,hanjaeo_write,다음 밑줄 친 漢字語를 漢字로 쓰세요.,저희 조부께서는 아직도 건강하십니다.,조부,,祖父,祖父,
6급,81,2018.06.02,74,hanjaeo_write,다음 밑줄 친 漢字語를 漢字로 쓰세요.,학생들은 청군과 백군으로 나뉘어 즐겁게 경기를 하고 있었습니다.,청군,,靑軍,靑軍,
6급,81,2018.06.02,75,hanjaeo_write,다음 밑줄 친 漢字語를 漢字로 쓰세요.,시연이네 학교에서는 연극을 보러 가려고 합니다.,학교,,學校,學校,
6급,81,2018.06.02,76,banui_select,다음 漢字의 반대 또는 상대되는 글자를 골라 그 번호를 쓰세요.,,春,"[""① 便"", ""② 表"", ""③ 秋"", ""④ 八""]",③,秋,
6급,81,2018.06.02,77,banui_select,다음 漢字의 반대 또는 상대되는 글자를 골라 그 번호를 쓰세요.,,苦,"[""① 各"", ""② 樂"", ""③ 川"", ""④ 草""]",②,樂,
6급,81,2018.06.02,78,banui_select,다음 漢字의 반대 또는 상대되는 글자를 골라 그 번호를 쓰세요.,,先,"[""① 後"", ""② 直"", ""③ 中"", ""④ 口""]",①,後,
6급,81,2018.06.02,79,yui,다음 漢字와 뜻이 비슷한 漢字를 골라 그 번호를 쓰세요.,,根,"[""① 小"", ""② 本"", ""③ 同"", ""④ 力""]",②,本,
6급,81,2018.06.02,80,yui,다음 漢字와 뜻이 비슷한 漢字를 골라 그 번호를 쓰세요.,,海,"[""① 命"", ""② 洋"", ""③ 年"", ""④ 道""]",②,洋,
6급,81,2018.06.02,81,seong-eo,다음 ( ) 안에 알맞은 漢字를 <보기>에서 찾아 그 번호를 쓰세요.,千()多幸 : 아주 다행함.,千()多幸,"[""① 淸"", ""② 江"", ""③ 金"", ""④ 登"", ""⑤ 來"", ""⑥ 母"", ""⑦ 三"", ""⑧ 萬""]",⑧,萬,
6급,81,2018.06.02,82,seong-eo,다음 ( ) 안에 알맞은 漢字를 <보기>에서 찾아 그 번호를 쓰세요.,一日()省 : 하루에 세 가지일로 자신을 되돌아보고 살핌.,一日()省,"[""① 淸"", ""② 江"", ""③ 金"", ""④ 登"", ""⑤ 來"", ""⑥ 母"", ""⑦ 三"", ""⑧ 萬""]",⑦,三,
6급,81,2018.06.02,83,seong-eo,다음 ( ) 안에 알맞은 漢字를 <보기>에서 찾아 그 번호를 쓰세요.,()風明月 : 맑은 바람과 밝은 달.,()風明月,"[""① 淸"", ""② 江"", ""③ 金"", ""④ 登"", ""⑤ 來"", ""⑥ 母"", ""⑦ 三"", ""⑧ 萬""]",①,淸,
6급,81,2018.06.02,84,dongeum,다음 중 소리(音)는 같으나 뜻(訓)이 다른 漢字를 골라 그 번호를 쓰세요.,,藥,"[""① 弱"", ""② 飮"", ""③ 衣"", ""④ 勇""]",①,弱,
6급,81,2018.06.02,85,dongeum,다음 중 소리(音)는 같으나 뜻(訓)이 다른 漢字를 골라 그 번호를 쓰세요.,,第,"[""① 植"", ""② 族"", ""③ 窓"", ""④ 題""]",④,題,
6급,81,2018.06.02,86,mean_select,다음 뜻에 맞는 漢字語를 <보기>에서 찾아 그 번호를 쓰세요.,공공의 이익,공공의 이익,"[""① 消失"", ""② 手記"", ""③ 前線"", ""④ 現今"", ""⑤ 公利"", ""⑥ 洞里""]",⑤,公利,
6급,81,2018.06.02,87,mean_select,다음 뜻에 맞는 漢字語를 <보기>에서 찾아 그 번호를 쓰세요.,사라져 없어짐,사라져 없어짐,"[""① 消失"", ""② 手記"", ""③ 前線"", ""④ 現今"", ""⑤ 公利"", ""⑥ 洞里""]",①,消失,
6급,81,2018.06.02,88,stroke,다음 漢字의 짙게 표시한 획은 몇 번째 쓰는 획인지 <보기>에서 찾아 그 번호를 쓰세요.,,,"[""① 첫 번째"", ""② 두 번째"", ""③ 세 번째"", ""④ 네 번째"", ""⑤ 다섯 번째"", ""⑥ 여섯 번째"", ""⑦ 일곱 번째"", ""⑧ 여덟 번째"", ""⑨ 아홉 번째"", ""⑩ 열 번째"", ""⑪ 열한 번째"", ""⑫ 열두 번째""]",⑥,여섯 번째,exam-strokes/stroke_6_81_88.png
6급,81,2018.06.02,89,stroke,다음 漢字의 짙게 표시한 획은 몇 번째 쓰는 획인지 <보기>에서 찾아 그 번호를 쓰세요.,,,"[""① 첫 번째"", ""② 두 번째"", ""③ 세 번째"", ""④ 네 번째"", ""⑤ 다섯 번째"", ""⑥ 여섯 번째"", ""⑦ 일곱 번째"", ""⑧ 여덟 번째"", ""⑨ 아홉 번째"", ""⑩ 열 번째"", ""⑪ 열한 번째"", ""⑫ 열두 번째""]",④,네 번째,exam-strokes/stroke_6_81_89.png
6급,81,2018.06.02,90,stroke,다음 漢字의 짙게 표시한 획은 몇 번째 쓰는 획인지 <보기>에서 찾아 그 번호를 쓰세요.,,,"[""① 첫 번째"", ""② 두 번째"", ""③ 세 번째"", ""④ 네 번째"", ""⑤ 다섯 번째"", ""⑥ 여섯 번째"", ""⑦ 일곱 번째"", ""⑧ 여덟 번째"", ""⑨ 아홉 번째"", ""⑩ 열 번째"", ""⑪ 열한 번째"", ""⑫ 열두 번째""]",⑧,여덟 번째,exam-strokes/stroke_6_81_90.png
6급,82,2018.08.25,1,dokum,다음 밑줄 친 漢字語의 讀音을 쓰세요.,,圖書,,도서,도서,
6급,82,2018.08.25,2,dokum,다음 밑줄 친 漢字語의 讀音을 쓰세요.,,每番,,매번,매번,
6급,82,2018.08.25,3,dokum,다음 밑줄 친 漢字語의 讀音을 쓰세요.,,庭園,,녹색,녹색,
6급,82,2018.08.25,4,dokum,다음 밑줄 친 漢字語의 讀音을 쓰세요.,,所聞,,소문,소문,
6급,82,2018.08.25,5,dokum,다음 밑줄 친 漢字語의 讀音을 쓰세요.,,休戰,,휴전,휴전,
6급,82,2018.08.25,6,dokum,다음 밑줄 친 漢字語의 讀音을 쓰세요.,,和合,,화합,화합,
6급,82,2018.08.25,7,dokum,다음 밑줄 친 漢字語의 讀音을 쓰세요.,,幸運,,행운,행운,
6급,82,2018.08.25,8,dokum,다음 밑줄 친 漢字語의 讀音을 쓰세요.,,動向,,동향,동향,
6급,82,2018.08.25,9,dokum,다음 밑줄 친 漢字語의 讀音을 쓰세요.,,記號,,기호,기호,
6급,82,2018.08.25,10,dokum,다음 밑줄 친 漢字語의 讀音을 쓰세요.,,親族,,친족,친족,
6급,82,2018.08.25,11,dokum,다음 밑줄 친 漢字語의 讀音을 쓰세요.,,車窓,,차창,차창,
6급,82,2018.08.25,12,dokum,다음 밑줄 친 漢字語의 讀音을 쓰세요.,,朝夕,,조석,조석,
6급,82,2018.08.25,13,dokum,다음 밑줄 친 漢字語의 讀音을 쓰세요.,,庭園,,정원,정원,
6급,82,2018.08.25,14,dokum,다음 밑줄 친 漢字語의 讀音을 쓰세요.,,樹林,,수림,수림,
6급,82,2018.08.25,15,dokum,다음 밑줄 친 漢字語의 讀音을 쓰세요.,,始作,,시작,시작,
6급,82,2018.08.25,16,dokum,다음 밑줄 친 漢字語의 讀音을 쓰세요.,,集中,,집중,집중,
6급,82,2018.08.25,17,dokum,다음 밑줄 친 漢字語의 讀音을 쓰세요.,,現在,,현재,현재,
6급,82,2018.08.25,18,dokum,다음 밑줄 친 漢字語의 讀音을 쓰세요.,,英才,,영재,영재,
6급,82,2018.08.25,19,dokum,다음 밑줄 친 漢字語의 讀音을 쓰세요.,,病者,,병자,병자,
6급,82,2018.08.25,20,dokum,다음 밑줄 친 漢字語의 讀音을 쓰세요.,,飮食,,음식,음식,
6급,82,2018.08.25,21,dokum,다음 밑줄 친 漢字語의 讀音을 쓰세요.,,石油,,석유,석유,
6급,82,2018.08.25,22,dokum,다음 밑줄 친 漢字語의 讀音을 쓰세요.,,使用,,사용,사용,
6급,82,2018.08.25,23,dokum,다음 밑줄 친 漢字語의 讀音을 쓰세요.,,溫度,,온도,온도,
6급,82,2018.08.25,24,dokum,다음 밑줄 친 漢字語의 讀音을 쓰세요.,,永遠,,영원,영원,
6급,82,2018.08.25,25,dokum,다음 밑줄 친 漢字語의 讀音을 쓰세요.,,失業,,실업,실업,
6급,82,2018.08.25,26,dokum,다음 밑줄 친 漢字語의 讀音을 쓰세요.,,太陽,,태양,태양,
6급,82,2018.08.25,27,dokum,다음 밑줄 친 漢字語의 讀音을 쓰세요.,,發表,,발표,발표,
6급,82,2018.08.25,28,dokum,다음 밑줄 친 漢字語의 讀音을 쓰세요.,,特別,,특별,특별,
6급,82,2018.08.25,29,dokum,다음 밑줄 친 漢字語의 讀音을 쓰세요.,,通信,,통신,통신,
6급,82,2018.08.25,30,dokum,다음 밑줄 친 漢字語의 讀音을 쓰세요.,,開放,,개방,개방,
6급,82,2018.08.25,31,dokum,다음 밑줄 친 漢字語의 讀音을 쓰세요.,,晝夜,,주야,주야,
6급,82,2018.08.25,32,dokum,다음 밑줄 친 漢字語의 讀音을 쓰세요.,,代身,,대신,대신,
6급,82,2018.08.25,33,dokum,다음 밑줄 친 漢字語의 讀音을 쓰세요.,,長短,,장단,장단,
6급,82,2018.08.25,34,hunum,다음 漢字의 訓과 音을 쓰세요.,,形,,모양 형,모양 형,
6급,82,2018.08.25,35,hunum,다음 漢字의 訓과 音을 쓰세요.,,各,,각각 각,각각 각,
6급,82,2018.08.25,36,hunum,다음 漢字의 訓과 音을 쓰세요.,,注,,부을 주,부을 주,
6급,82,2018.08.25,37,hunum,다음 漢字의 訓과 音을 쓰세요.,,界,,지경 계,지경 계,
6급,82,2018.08.25,38,hunum,다음 漢字의 訓과 音을 쓰세요.,,淸,,맑을 청,맑을 청,
6급,82,2018.08.25,39,hunum,다음 漢字의 訓과 音을 쓰세요.,,功,,공 공,공 공,
6급,82,2018.08.25,40,hunum,다음 漢字의 訓과 音을 쓰세요.,,由,,말미암을 유,말미암을 유,
6급,82,2018.08.25,41,hunum,다음 漢字의 訓과 音을 쓰세요.,,球,,공 구,공 구,
6급,82,2018.08.25,42,hunum,다음 漢字의 訓과 音을 쓰세요.,,消,,사라질 소,사라질 소,
6급,82,2018.08.25,43,hunum,다음 漢字의 訓과 音을 쓰세요.,,急,,급할 급,급할 급,
6급,82,2018.08.25,44,hunum,다음 漢字의 訓과 音을 쓰세요.,,線,,줄 선,줄 선,
6급,82,2018.08.25,45,hunum,다음 漢字의 訓과 音을 쓰세요.,,堂,,집 당,집 당,
6급,82,2018.08.25,46,hunum,다음 漢字의 訓과 音을 쓰세요.,,畫,,그림 화 | 그을 획,그림 화 | 그을 획,
6급,82,2018.08.25,47,hunum,다음 漢字의 訓과 音을 쓰세요.,,答,,대답 답,대답 답,
6급,82,2018.08.25,48,hunum,다음 漢字의 訓과 音을 쓰세요.,,部,,떼 부,떼 부,
6급,82,2018.08.25,49,hunum,다음 漢字의 訓과 音을 쓰세요.,,待,,기다릴 대,기다릴 대,
6급,82,2018.08.25,50,hunum,다음 漢字의 訓과 音을 쓰세요.,,分,,나눌 분,나눌 분,
6급,82,2018.08.25,51,hunum,다음 漢字의 訓과 音을 쓰세요.,,頭,,머리 두,머리 두,
6급,82,2018.08.25,52,hunum,다음 漢字의 訓과 音을 쓰세요.,,半,,반 반,반 반,
6급,82,2018.08.25,53,hunum,다음 漢字의 訓과 音을 쓰세요.,,例,,법식 례,법식 례,
6급,82,2018.08.25,54,hunum,다음 漢字의 訓과 音을 쓰세요.,,米,,쌀 미,쌀 미,
6급,82,2018.08.25,55,hunum,다음 漢字의 訓과 音을 쓰세요.,,利,,이할 리,이할 리,
6급,82,2018.08.25,56,hanjaeo_write,다음 밑줄 친 漢字語를 漢字로 쓰세요.,내내 평안하시길 빕니다.,평안,,平安,平安,
6급,82,2018.08.25,57,hanjaeo_write,다음 밑줄 친 漢字語를 漢字로 쓰세요.,몸이 불편하면 아무 것도 이룰 수 없습니다.,불편,,不便,不便,
6급,82,2018.08.25,58,hanjaeo_write,다음 밑줄 친 漢字語를 漢字로 쓰세요.,비옥한 토지를 만들려면 한 해걸려 땅에 휴식을 주어야 합니다.,토지,,土地,土地,
6급,82,2018.08.25,59,hanjaeo_write,다음 밑줄 친 漢字語를 漢字로 쓰세요.,그는 시골에서 출생하였습니다.,출생,,出生,出生,
6급,82,2018.08.25,60,hanjaeo_write,다음 밑줄 친 漢字語를 漢字로 쓰세요.,나는 문학 방면에 뜻을 두고 있습니다.,방면,,方面,方面,
6급,82,2018.08.25,61,hanjaeo_write,다음 밑줄 친 漢字語를 漢字로 쓰세요.,그는 왕년에 인기 가수였습니다.,가수,,歌手,歌手,
6급,82,2018.08.25,62,hanjaeo_write,다음 밑줄 친 漢字語를 漢字로 쓰세요.,시간을 아껴 씁시다.,시간,,時間,時間,
6급,82,2018.08.25,63,hanjaeo_write,다음 밑줄 친 漢字語를 漢字로 쓰세요.,요즘 미세 먼지로 인해 공기가 혼탁합니다.,공기,,空氣,空氣,
6급,82,2018.08.25,64,hanjaeo_write,다음 밑줄 친 漢字語를 漢字로 쓰세요.,부부싸움에서 그는 백기를 들었습니다.,백기,,白旗,白旗,
6급,82,2018.08.25,65,hanjaeo_write,다음 밑줄 친 漢字語를 漢字로 쓰세요.,올해 농사가 풍년입니다.,농사,,農事,農事,
6급,82,2018.08.25,66,hanjaeo_write,다음 밑줄 친 漢字語를 漢字로 쓰세요.,그의 등장으로 장내가 조용해 졌습니다.,등장,,登場,登場,
6급,82,2018.08.25,67,hanjaeo_write,다음 밑줄 친 漢字語를 漢字로 쓰세요.,내년이면 중학생이 됩니다.,내년,,來年,來年,
6급,82,2018.08.25,68,hanjaeo_write,다음 밑줄 친 漢字語를 漢字로 쓰세요.,남녀노소를 가리지 않고 인기인 비결은 뭘까요?,노소,,老少,老少,
6급,82,2018.08.25,69,hanjaeo_write,다음 밑줄 친 漢字語를 漢字로 쓰세요.,입춘의 절기가 오면 어느새 봄의 기운을 느끼게 됩니다.,입춘,,立春,立春,
6급,82,2018.08.25,70,hanjaeo_write,다음 밑줄 친 漢字語를 漢字로 쓰세요.,실내에서 식물을 기르기는 쉽지 않습니다.,식물,,植物,植物,
6급,82,2018.08.25,71,hanjaeo_write,다음 밑줄 친 漢字語를 漢字로 쓰세요.,우리 선조들은 일찍부터 기록을 중요시하였습니다.,선조,,先祖,先祖,
6급,82,2018.08.25,72,hanjaeo_write,다음 밑줄 친 漢字語를 漢字로 쓰세요.,자연에 순응하며 사는 것도 행복입니다.,자연,,自然,自然,
6급,82,2018.08.25,73,hanjaeo_write,다음 밑줄 친 漢字語를 漢字로 쓰세요.,이 일은 오전까지 마쳐 주세요.,오전,,午前,午前,
6급,82,2018.08.25,74,hanjaeo_write,다음 밑줄 친 漢字語를 漢字로 쓰세요.,우리는 엄격한 교육을 받았습니다.,교육,,敎育,敎育,
6급,82,2018.08.25,75,hanjaeo_write,다음 밑줄 친 漢字語를 漢字로 쓰세요.,모처럼 고향의 읍내에 들렀습니다.,읍내,,邑內,邑內,
6급,82,2018.08.25,76,banui_select,다음 漢字의 반대 또는 상대되는 글자를 골라 그 번호를 쓰세요.,,古,"[""① 強"", ""② 今"", ""③ 金"", ""④ 光""]",②,今,
6급,82,2018.08.25,77,banui_select,다음 漢字의 반대 또는 상대되는 글자를 골라 그 번호를 쓰세요.,,夏,"[""① 多"", ""② 童"", ""③ 冬"", ""④ 道""]",③,冬,
6급,82,2018.08.25,78,banui_select,다음 漢字의 반대 또는 상대되는 글자를 골라 그 번호를 쓰세요.,,體,"[""① 樂"", ""② 朴"", ""③ 班"", ""④ 心""]",④,心,
6급,82,2018.08.25,79,yui,다음 漢字와 뜻이 비슷한 漢字를 골라 그 번호를 쓰세요.,,室,"[""① 家"", ""② 工"", ""③ 洞"", ""④ 對""]",①,家,
6급,82,2018.08.25,80,yui,다음 漢字와 뜻이 비슷한 漢字를 골라 그 번호를 쓰세요.,,計,"[""① 感"", ""② 根"", ""③ 苦"", ""④ 算""]",④,算,
6급,82,2018.08.25,81,seong-eo,다음 ( ) 안에 알맞은 漢字를 <보기>에서 찾아 그 번호를 쓰세요.,人山人() : 사람이 산을 이루고 바다를 이루었다는 뜻.,人山人(),"[""① 交"", ""② 海"", ""③ 校"", ""④ 公"", ""⑤ 草"", ""⑥ 角"", ""⑦ 式"", ""⑧ 姓""]",②,海,
6급,82,2018.08.25,82,seong-eo,다음 ( ) 안에 알맞은 漢字를 <보기>에서 찾아 그 번호를 쓰세요.,()明正大 : 하는 일이나 태도가 정당하고 떳떳함.,()明正大,"[""① 交"", ""② 海"", ""③ 校"", ""④ 公"", ""⑤ 草"", ""⑥ 角"", ""⑦ 式"", ""⑧ 姓""]",④,公,
6급,82,2018.08.25,83,seong-eo,다음 ( ) 안에 알맞은 漢字를 <보기>에서 찾아 그 번호를 쓰세요.,同()同本 : 성과 본이 모두같음.,同()同本,"[""① 交"", ""② 海"", ""③ 校"", ""④ 公"", ""⑤ 草"", ""⑥ 角"", ""⑦ 式"", ""⑧ 姓""]",⑧,姓,
6급,82,2018.08.25,84,dongeum,다음 중 소리(音)는 같으나 뜻(訓)이 다른 漢字를 골라 그 번호를 쓰세요.,,科,"[""① 席"", ""② 果"", ""③ 口"", ""④ 江""]",②,果,
6급,82,2018.08.25,85,dongeum,다음 중 소리(音)는 같으나 뜻(訓)이 다른 漢字를 골라 그 번호를 쓰세요.,,李,"[""① 女"", ""② 路"", ""③ 理"", ""④ 美""]",③,理,
6급,82,2018.08.25,86,mean_select,다음 뜻에 맞는 漢字語를 <보기>에서 찾아 그 번호를 쓰세요.,새로 발명한 약,새로 발명한 약,"[""① 等級"", ""② 新藥"", ""③ 反目"", ""④ 禮服"", ""⑤ 昨日"", ""⑥ 秋月""]",②,新藥,
6급,82,2018.08.25,87,mean_select,다음 뜻에 맞는 漢字語를 <보기>에서 찾아 그 번호를 쓰세요.,어제,어제,"[""① 等級"", ""② 新藥"", ""③ 反目"", ""④ 禮服"", ""⑤ 昨日"", ""⑥ 秋月""]",⑤,昨日,
6급,82,2018.08.25,88,stroke,다음 漢字의 짙게 표시한 획은 몇 번째 쓰는 획인지 <보기>에서 찾아 그 번호를 쓰세요.,,,"[""① 첫 번째"", ""② 두 번째"", ""③ 세 번째"", ""④ 네 번째"", ""⑤ 다섯 번째"", ""⑥ 여섯 번째"", ""⑦ 일곱 번째"", ""⑧ 여덟 번째"", ""⑨ 아홉 번째"", ""⑩ 열 번째"", ""⑪ 열한 번째"", ""⑫ 열두 번째""]",⑤,다섯 번째,exam-strokes/stroke_6_82_88.png
6급,82,2018.08.25,89,stroke,다음 漢字의 짙게 표시한 획은 몇 번째 쓰는 획인지 <보기>에서 찾아 그 번호를 쓰세요.,,,"[""① 첫 번째"", ""② 두 번째"", ""③ 세 번째"", ""④ 네 번째"", ""⑤ 다섯 번째"", ""⑥ 여섯 번째"", ""⑦ 일곱 번째"", ""⑧ 여덟 번째"", ""⑨ 아홉 번째"", ""⑩ 열 번째"", ""⑪ 열한 번째"", ""⑫ 열두 번째""]",⑤,다섯 번째,exam-strokes/stroke_6_82_89.png
6급,82,2018.08.25,90,stroke,다음 漢字의 짙게 표시한 획은 몇 번째 쓰는 획인지 <보기>에서 찾아 그 번호를 쓰세요.,,,"[""① 첫 번째"", ""② 두 번째"", ""③ 세 번째"", ""④ 네 번째"", ""⑤ 다섯 번째"", ""⑥ 여섯 번째"", ""⑦ 일곱 번째"", ""⑧ 여덟 번째"", ""⑨ 아홉 번째"", ""⑩ 열 번째"", ""⑪ 열한 번째"", ""⑫ 열두 번째""]",⑥|⑦,여섯 번째|일곱 번째,exam-strokes/stroke_6_82_90.png
6급,83,2018.11.24,1,dokum,다음 밑줄 친 漢字語의 讀音을 쓰세요.,,世界,,세계,세계,
6급,83,2018.11.24,2,dokum,다음 밑줄 친 漢字語의 讀音을 쓰세요.,,通信,,통신,통신,
6급,83,2018.11.24,3,dokum,다음 밑줄 친 漢字語의 讀音을 쓰세요.,,溫度,,온도,온도,
6급,83,2018.11.24,4,dokum,다음 밑줄 친 漢字語의 讀音을 쓰세요.,,發表,,발표,발표,
6급,83,2018.11.24,5,dokum,다음 밑줄 친 漢字語의 讀音을 쓰세요.,,四角,,사각,사각,
6급,83,2018.11.24,6,dokum,다음 밑줄 친 漢字語의 讀音을 쓰세요.,,作用,,작용,작용,
6급,83,2018.11.24,7,dokum,다음 밑줄 친 漢字語의 讀音을 쓰세요.,,部分,,부분,부분,
6급,83,2018.11.24,8,dokum,다음 밑줄 친 漢字語의 讀音을 쓰세요.,,目前,,목전,목전,
6급,83,2018.11.24,9,dokum,다음 밑줄 친 漢字語의 讀音을 쓰세요.,,物體,,물체,물체,
6급,83,2018.11.24,10,dokum,다음 밑줄 친 漢字語의 讀音을 쓰세요.,,美術,,미술,미술,
6급,83,2018.11.24,11,dokum,다음 밑줄 친 漢字語의 讀音을 쓰세요.,,對答,,대답,대답,
6급,83,2018.11.24,12,dokum,다음 밑줄 친 漢字語의 讀音을 쓰세요.,,時間,,시간,시간,
6급,83,2018.11.24,13,dokum,다음 밑줄 친 漢字語의 讀音을 쓰세요.,,等高,,등고,등고,
6급,83,2018.11.24,14,dokum,다음 밑줄 친 漢字語의 讀音을 쓰세요.,,新聞,,신문,신문,
6급,83,2018.11.24,15,dokum,다음 밑줄 친 漢字語의 讀音을 쓰세요.,,發表,,대신,대신,
6급,83,2018.11.24,16,dokum,다음 밑줄 친 漢字語의 讀音을 쓰세요.,,注意,,주의,주의,
6급,83,2018.11.24,17,dokum,다음 밑줄 친 漢字語의 讀音을 쓰세요.,,多急,,다급,다급,
6급,83,2018.11.24,18,dokum,다음 밑줄 친 漢字語의 讀音을 쓰세요.,,成立,,성립,성립,
6급,83,2018.11.24,19,dokum,다음 밑줄 친 漢字語의 讀音을 쓰세요.,,道路,,도로,도로,
6급,83,2018.11.24,20,dokum,다음 밑줄 친 漢字語의 讀音을 쓰세요.,,今年,,금년,금년,
6급,83,2018.11.24,21,dokum,다음 밑줄 친 漢字語의 讀音을 쓰세요.,,童話,,동화,동화,
6급,83,2018.11.24,22,dokum,다음 밑줄 친 漢字語의 讀音을 쓰세요.,,海戰,,해전,해전,
6급,83,2018.11.24,23,dokum,다음 밑줄 친 漢字語의 讀音을 쓰세요.,,開校,,개교,개교,
6급,83,2018.11.24,24,dokum,다음 밑줄 친 漢字語의 讀音을 쓰세요.,,出生,,출생,출생,
6급,83,2018.11.24,25,dokum,다음 밑줄 친 漢字語의 讀音을 쓰세요.,,放學,,방학,방학,
6급,83,2018.11.24,26,dokum,다음 밑줄 친 漢字語의 讀音을 쓰세요.,,登山,,등산,등산,
6급,83,2018.11.24,27,dokum,다음 밑줄 친 漢字語의 讀音을 쓰세요.,,平野,,평야,평야,
6급,83,2018.11.24,28,dokum,다음 밑줄 친 漢字語의 讀音을 쓰세요.,,永遠,,영원,영원,
6급,83,2018.11.24,29,dokum,다음 밑줄 친 漢字語의 讀音을 쓰세요.,,方向,,방향,방향,
6급,83,2018.11.24,30,dokum,다음 밑줄 친 漢字語의 讀音을 쓰세요.,,便利,,편리,편리,
6급,83,2018.11.24,31,dokum,다음 밑줄 친 漢字語의 讀音을 쓰세요.,,反省,,반성,반성,
6급,83,2018.11.24,32,dokum,다음 밑줄 친 漢字語의 讀音을 쓰세요.,,後孫,,후손,후손,
6급,83,2018.11.24,33,dokum,다음 밑줄 친 漢字語의 讀音을 쓰세요.,,集合,,집합,집합,
6급,83,2018.11.24,34,hunum,다음 漢字의 訓과 音을 쓰세요.,,近,,가까울 근,가까울 근,
6급,83,2018.11.24,35,hunum,다음 漢字의 訓과 音을 쓰세요.,,班,,나눌 반,나눌 반,
6급,83,2018.11.24,36,hunum,다음 漢字의 訓과 音을 쓰세요.,,苦,,쓸 고,쓸 고,
6급,83,2018.11.24,37,hunum,다음 漢字의 訓과 音을 쓰세요.,,各,,각각 각,각각 각,
6급,83,2018.11.24,38,hunum,다음 漢字의 訓과 音을 쓰세요.,,光,,빛 광,빛 광,
6급,83,2018.11.24,39,hunum,다음 漢字의 訓과 音을 쓰세요.,,感,,느낄 감,느낄 감,
6급,83,2018.11.24,40,hunum,다음 漢字의 訓과 音을 쓰세요.,,習,,익힐 습,익힐 습,
6급,83,2018.11.24,41,hunum,다음 漢字의 訓과 音을 쓰세요.,,由,,말미암을 유,말미암을 유,
6급,83,2018.11.24,42,hunum,다음 漢字의 訓과 音을 쓰세요.,,黃,,누를 황,누를 황,
6급,83,2018.11.24,43,hunum,다음 漢字의 訓과 音을 쓰세요.,,頭,,머리 두,머리 두,
6급,83,2018.11.24,44,hunum,다음 漢字의 訓과 音을 쓰세요.,,每,,매양 매,매양 매,
6급,83,2018.11.24,45,hunum,다음 漢字의 訓과 音을 쓰세요.,,英,,꽃부리 영,꽃부리 영,
6급,83,2018.11.24,46,hunum,다음 漢字의 訓과 音을 쓰세요.,,孝,,효도 효,효도 효,
6급,83,2018.11.24,47,hunum,다음 漢字의 訓과 音을 쓰세요.,,短,,짧을 단,짧을 단,
6급,83,2018.11.24,48,hunum,다음 漢字의 訓과 音을 쓰세요.,,在,,있을 재,있을 재,
6급,83,2018.11.24,49,hunum,다음 漢字의 訓과 音을 쓰세요.,,雪,,눈 설,눈 설,
6급,83,2018.11.24,50,hunum,다음 漢字의 訓과 音을 쓰세요.,,米,,쌀 미,쌀 미,
6급,83,2018.11.24,51,hunum,다음 漢字의 訓과 音을 쓰세요.,,庭,,뜰 정,뜰 정,
6급,83,2018.11.24,52,hunum,다음 漢字의 訓과 音을 쓰세요.,,親,,친할 친,친할 친,
6급,83,2018.11.24,53,hunum,다음 漢字의 訓과 音을 쓰세요.,,愛,,사랑 애,사랑 애,
6급,83,2018.11.24,54,hunum,다음 漢字의 訓과 音을 쓰세요.,,才,,재주 재,재주 재,
6급,83,2018.11.24,55,hunum,다음 漢字의 訓과 音을 쓰세요.,,速,,빠를 속,빠를 속,
6급,83,2018.11.24,56,hanjaeo_write,다음 밑줄 친 漢字語를 漢字로 쓰세요.,일을 하고 그 대가로 소득을 얻는 활동을 직업이라고 합니다.,활동,,活動,活動,
6급,83,2018.11.24,57,hanjaeo_write,다음 밑줄 친 漢字語를 漢字로 쓰세요.,고속버스나 시외버스 등이 출발하거나 도착하는 곳,시외,,市外,市外,
6급,83,2018.11.24,58,hanjaeo_write,다음 밑줄 친 漢字語를 漢字로 쓰세요.,농촌 일손 부족이 심각합니다.,부족,,不足,不足,
6급,83,2018.11.24,59,hanjaeo_write,다음 밑줄 친 漢字語를 漢字로 쓰세요.,그는 홀어머니를 모시고 사는 장남입니다.,장남,,長男,長男,
6급,83,2018.11.24,60,hanjaeo_write,다음 밑줄 친 漢字語를 漢字로 쓰세요.,초록색 쪽 물에 담긴 옷감이 공기와 닿으면 파란색이 됩니다.,공기,,空氣,空氣,
6급,83,2018.11.24,61,hanjaeo_write,다음 밑줄 친 漢字語를 漢字로 쓰세요.,토요일 내내 우리들은 교실을 청소를 했습니다.,교실,,敎室,敎室,
6급,83,2018.11.24,62,hanjaeo_write,다음 밑줄 친 漢字語를 漢字로 쓰세요.,시장은 추석을 준비하는 사람들로 붐빕니다.,추석,,秋夕,秋夕,
6급,83,2018.11.24,63,hanjaeo_write,다음 밑줄 친 漢字語를 漢字로 쓰세요.,이쪽으로 똑바로 가면 노인 회관이 있습니다.,노인,,老人,老人,
6급,83,2018.11.24,64,hanjaeo_write,다음 밑줄 친 漢字語를 漢字로 쓰세요.,한 문단에는 하나의 중심 생각이 있어야 합니다.,중심,,中心,中心,
6급,83,2018.11.24,65,hanjaeo_write,다음 밑줄 친 漢字語를 漢字로 쓰세요.,우리 조상이 만들어 먹던 과자를 ‘한과’라고 합니다.,조상,,祖上,祖上,
6급,83,2018.11.24,66,hanjaeo_write,다음 밑줄 친 漢字語를 漢字로 쓰세요.,영양소를 고려해 식사를 합니다.,식사,,食事,食事,
6급,83,2018.11.24,67,hanjaeo_write,다음 밑줄 친 漢字語를 漢字로 쓰세요.,자연환경은 고장 사람들의 생활에 영향을 줍니다.,자연,,自然,自然,
6급,83,2018.11.24,68,hanjaeo_write,다음 밑줄 친 漢字語를 漢字로 쓰세요.,우리 마을은 아름다운 경치로 유명합니다.,유명,,有名,有名,
6급,83,2018.11.24,69,hanjaeo_write,다음 밑줄 친 漢字語를 漢字로 쓰세요.,농촌은 평야 지역에서 많이 볼수 있습니다.,농촌,,農村,農村,
6급,83,2018.11.24,70,hanjaeo_write,다음 밑줄 친 漢字語를 漢字로 쓰세요.,소년과 도시에서 전학 온 소녀의 시선이 마주칩니다.,소녀,,少女,少女,
6급,83,2018.11.24,71,hanjaeo_write,다음 밑줄 친 漢字語를 漢字로 쓰세요.,예전의 임금들은 백성이 태평하기를 기원했습니다.,백성,,百姓,百姓,
6급,83,2018.11.24,72,hanjaeo_write,다음 밑줄 친 漢字語를 漢字로 쓰세요.,때와 장소에 맞는 옷차림을 하겠습니다.,장소,,場所,場所,
6급,83,2018.11.24,73,hanjaeo_write,다음 밑줄 친 漢字語를 漢字로 쓰세요.,씨름 경기가 끝났을 때에 가장 많이 이긴 사람이 천하장사가 됩니다.,천하,,天下,天下,
6급,83,2018.11.24,74,hanjaeo_write,다음 밑줄 친 漢字語를 漢字로 쓰세요.,일기를 쓸 때에는 솔직하게 쓰는 것이 중요해요.,일기,,日記,日記,
6급,83,2018.11.24,75,hanjaeo_write,다음 밑줄 친 漢字語를 漢字로 쓰세요.,그 가수는 무대 매너가 좋습니다.,가수,,歌手,歌手,
6급,83,2018.11.24,76,banui_select,다음 漢字의 반대 또는 상대되는 글자를 골라 그 번호를 쓰세요.,,南,"[""① 式"", ""② 花"", ""③ 北"", ""④ 死""]",③,北,
6급,83,2018.11.24,77,banui_select,다음 漢字의 반대 또는 상대되는 글자를 골라 그 번호를 쓰세요.,,夜,"[""① 重"", ""② 晝"", ""③ 書"", ""④ 畫""]",②,晝,
6급,83,2018.11.24,78,banui_select,다음 漢字의 반대 또는 상대되는 글자를 골라 그 번호를 쓰세요.,,冬,"[""① 夏"", ""② 勇"", ""③ 朝"", ""④ 萬""]",①,夏,
6급,83,2018.11.24,79,yui,다음 漢字와 뜻이 비슷한 漢字를 골라 그 번호를 쓰세요.,,木,"[""① 形"", ""② 飮"", ""③ 植"", ""④ 樹""]",④,樹,
6급,83,2018.11.24,80,yui,다음 漢字와 뜻이 비슷한 漢字를 골라 그 번호를 쓰세요.,,計,"[""① 章"", ""② 勝"", ""③ 算"", ""④ 電""]",③,算,
6급,83,2018.11.24,81,seong-eo,다음 ( ) 안에 알맞은 漢字를 <보기>에서 찾아 그 번호를 쓰세요.,白衣民() : 흰옷을 입은 민,白衣民(),"[""① 形"", ""② 飮"", ""③ 植"", ""④ 樹"", ""⑤ 昨"", ""⑥ 線"", ""⑦ 綠"", ""⑧ 族""]",⑧,族,
6급,83,2018.11.24,82,seong-eo,다음 ( ) 안에 알맞은 漢字를 <보기>에서 찾아 그 번호를 쓰세요.,()明正大 : 하는 일이나 태,()明正大,"[""① 形"", ""② 飮"", ""③ 植"", ""④ 樹"", ""⑤ 昨"", ""⑥ 線"", ""⑦ 綠"", ""⑧ 族""]",②,飮,
6급,83,2018.11.24,83,seong-eo,다음 ( ) 안에 알맞은 漢字를 <보기>에서 찾아 그 번호를 쓰세요.,草()同色 : 풀과 녹색은 같 은 빛깔이라는,草()同色,"[""① 形"", ""② 飮"", ""③ 植"", ""④ 樹"", ""⑤ 昨"", ""⑥ 線"", ""⑦ 綠"", ""⑧ 族""]",⑦,綠,
6급,83,2018.11.24,84,dongeum,다음 중 소리(音)는 같으나 뜻(訓)이 다른 漢字를 골라 그 번호를 쓰세요.,,郡,"[""① 運"", ""② 軍"", ""③ 車"", ""④ 東""]",②,軍,
6급,83,2018.11.24,85,dongeum,다음 중 소리(音)는 같으나 뜻(訓)이 다른 漢字를 골라 그 번호를 쓰세요.,,弱,"[""① 樂"", ""② 業"", ""③ 果"", ""④ 藥""]",④,藥,
6급,83,2018.11.24,86,mean_select,다음 뜻에 맞는 漢字語를 <보기>에서 찾아 그 번호를 쓰세요.,병자가 앓아누워 있는 자리,병자가 앓아누워 있는 자리,"[""① 窓門"", ""② 銀行"", ""③ 病席"", ""④ 淸風"", ""⑤ 靑春"", ""⑥ 陽地""]",③,病席,
6급,83,2018.11.24,87,mean_select,다음 뜻에 맞는 漢字語를 <보기>에서 찾아 그 번호를 쓰세요.,부드럽고 맑은 바람,부드럽고 맑은 바람,"[""① 窓門"", ""② 銀行"", ""③ 病席"", ""④ 淸風"", ""⑤ 靑春"", ""⑥ 陽地""]",④,淸風,
6급,83,2018.11.24,88,stroke,다음 漢字의 짙게 표시한 획은 몇 번째 쓰는 획인지 <보기>에서 찾아 그 번호를 쓰세요.,,,"[""① 첫 번째"", ""② 두 번째"", ""③ 세 번째"", ""④ 네 번째"", ""⑤ 다섯 번째"", ""⑥ 여섯 번째"", ""⑦ 일곱 번째"", ""⑧ 여덟 번째"", ""⑨ 아홉 번째"", ""⑩ 열 번째""]",④,네 번째,exam-strokes/stroke_6_83_88.png
6급,83,2018.11.24,89,stroke,다음 漢字의 짙게 표시한 획은 몇 번째 쓰는 획인지 <보기>에서 찾아 그 번호를 쓰세요.,,,"[""① 첫 번째"", ""② 두 번째"", ""③ 세 번째"", ""④ 네 번째"", ""⑤ 다섯 번째"", ""⑥ 여섯 번째"", ""⑦ 일곱 번째"", ""⑧ 여덟 번째"", ""⑨ 아홉 번째"", ""⑩ 열 번째""]",⑦,일곱 번째,exam-strokes/stroke_6_83_89.png
6급,83,2018.11.24,90,stroke,다음 漢字의 짙게 표시한 획은 몇 번째 쓰는 획인지 <보기>에서 찾아 그 번호를 쓰세요.,,,"[""① 첫 번째"", ""② 두 번째"", ""③ 세 번째"", ""④ 네 번째"", ""⑤ 다섯 번째"", ""⑥ 여섯 번째"", ""⑦ 일곱 번째"", ""⑧ 여덟 번째"", ""⑨ 아홉 번째"", ""⑩ 열 번째""]",⑤,다섯 번째,exam-strokes/stroke_6_83_90.png
6급,84,2019.02.23,1,dokum,다음 밑줄 친 漢字語의 讀音을 쓰세요.,,天才,,천재,천재,
6급,84,2019.02.23,2,dokum,다음 밑줄 친 漢字語의 讀音을 쓰세요.,,注意,,주의,주의,
6급,84,2019.02.23,3,dokum,다음 밑줄 친 漢字語의 讀音을 쓰세요.,,西洋式,,서양식,서양식,
6급,84,2019.02.23,4,dokum,다음 밑줄 친 漢字語의 讀音을 쓰세요.,,發行,,발행,발행,
6급,84,2019.02.23,5,dokum,다음 밑줄 친 漢字語의 讀音을 쓰세요.,,代表,,대표,대표,
6급,84,2019.02.23,6,dokum,다음 밑줄 친 漢字語의 讀音을 쓰세요.,,消失,,소실,소실,
6급,84,2019.02.23,7,dokum,다음 밑줄 친 漢字語의 讀音을 쓰세요.,,光線,,광선,광선,
6급,84,2019.02.23,8,dokum,다음 밑줄 친 漢字語의 讀音을 쓰세요.,,休火山,,휴화산,휴화산,
6급,84,2019.02.23,9,dokum,다음 밑줄 친 漢字語의 讀音을 쓰세요.,,南向,,남향,남향,
6급,84,2019.02.23,10,dokum,다음 밑줄 친 漢字語의 讀音을 쓰세요.,,直感,,직감,직감,
6급,84,2019.02.23,11,dokum,다음 밑줄 친 漢字語의 讀音을 쓰세요.,,本業,,본업,본업,
6급,84,2019.02.23,12,dokum,다음 밑줄 친 漢字語의 讀音을 쓰세요.,,頭目,,두목,두목,
6급,84,2019.02.23,13,dokum,다음 밑줄 친 漢字語의 讀音을 쓰세요.,,有用,,유용,유용,
6급,84,2019.02.23,14,dokum,다음 밑줄 친 漢字語의 讀音을 쓰세요.,,運身,,운신,운신,
6급,84,2019.02.23,15,dokum,다음 밑줄 친 漢字語의 讀音을 쓰세요.,,始祖,,시조,시조,
6급,84,2019.02.23,16,dokum,다음 밑줄 친 漢字語의 讀音을 쓰세요.,,家庭,,가정,가정,
6급,84,2019.02.23,17,dokum,다음 밑줄 친 漢字語의 讀音을 쓰세요.,,林野,,임야,임야,
6급,84,2019.02.23,18,dokum,다음 밑줄 친 漢字語의 讀音을 쓰세요.,,綠色,,녹색,녹색,
6급,84,2019.02.23,19,dokum,다음 밑줄 친 漢字語의 讀音을 쓰세요.,,勝者,,승자,승자,
6급,84,2019.02.23,20,dokum,다음 밑줄 친 漢字語의 讀音을 쓰세요.,,反省文,,반성문,반성문,
6급,84,2019.02.23,21,dokum,다음 밑줄 친 漢字語의 讀音을 쓰세요.,,通信,,통신,통신,
6급,84,2019.02.23,22,dokum,다음 밑줄 친 漢字語의 讀音을 쓰세요.,,形言,,형언,형언,
6급,84,2019.02.23,23,dokum,다음 밑줄 친 漢字語의 讀音을 쓰세요.,,答禮,,답례,답례,
6급,84,2019.02.23,24,dokum,다음 밑줄 친 漢字語의 讀音을 쓰세요.,,男女共學,,남녀공학,남녀공학,
6급,84,2019.02.23,25,dokum,다음 밑줄 친 漢字語의 讀音을 쓰세요.,,窓口,,창구,창구,
6급,84,2019.02.23,26,dokum,다음 밑줄 친 漢字語의 讀音을 쓰세요.,,作別,,작별,작별,
6급,84,2019.02.23,27,dokum,다음 밑줄 친 漢字語의 讀音을 쓰세요.,,集中力,,집중력,집중력,
6급,84,2019.02.23,28,dokum,다음 밑줄 친 漢字語의 讀音을 쓰세요.,,醫術,,의술,의술,
6급,84,2019.02.23,29,dokum,다음 밑줄 친 漢字語의 讀音을 쓰세요.,,先親,,선친,선친,
6급,84,2019.02.23,30,dokum,다음 밑줄 친 漢字語의 讀音을 쓰세요.,,弱體,,약체,약체,
6급,84,2019.02.23,31,dokum,다음 밑줄 친 漢字語의 讀音을 쓰세요.,,部下,,부하,부하,
6급,84,2019.02.23,32,dokum,다음 밑줄 친 漢字語의 讀音을 쓰세요.,,合成,,합성,합성,
6급,84,2019.02.23,33,dokum,다음 밑줄 친 漢字語의 讀音을 쓰세요.,,苦樂,,고락,고락,
6급,84,2019.02.23,34,hunum,다음 漢字의 訓과 音을 쓰세요.,,角,,뿔 각,뿔 각,
6급,84,2019.02.23,35,hunum,다음 漢字의 訓과 音을 쓰세요.,,堂,,집 당,집 당,
6급,84,2019.02.23,36,hunum,다음 漢字의 訓과 音을 쓰세요.,,短,,짧을 단,짧을 단,
6급,84,2019.02.23,37,hunum,다음 漢字의 訓과 音을 쓰세요.,,油,,기름 유,기름 유,
6급,84,2019.02.23,38,hunum,다음 漢字의 訓과 音을 쓰세요.,,食,,먹을 식,먹을 식,
6급,84,2019.02.23,39,hunum,다음 漢字의 訓과 音을 쓰세요.,,會,,모일 회,모일 회,
6급,84,2019.02.23,40,hunum,다음 漢字의 訓과 音을 쓰세요.,,育,,기를 육,기를 육,
6급,84,2019.02.23,41,hunum,다음 漢字의 訓과 音을 쓰세요.,,族,,겨레 족,겨레 족,
6급,84,2019.02.23,42,hunum,다음 漢字의 訓과 音을 쓰세요.,,現,,나타날 현,나타날 현,
6급,84,2019.02.23,43,hunum,다음 漢字의 訓과 音을 쓰세요.,,路,,길 로,길 로,
6급,84,2019.02.23,44,hunum,다음 漢字의 訓과 音을 쓰세요.,,待,,기다릴 대,기다릴 대,
6급,84,2019.02.23,45,hunum,다음 漢字의 訓과 音을 쓰세요.,,孫,,손자 손,손자 손,
6급,84,2019.02.23,46,hunum,다음 漢字의 訓과 音을 쓰세요.,,秋,,가을 추,가을 추,
6급,84,2019.02.23,47,hunum,다음 漢字의 訓과 音을 쓰세요.,,溫,,따뜻할 온,따뜻할 온,
6급,84,2019.02.23,48,hunum,다음 漢字의 訓과 音을 쓰세요.,,然,,그럴 연,그럴 연,
6급,84,2019.02.23,49,hunum,다음 漢字의 訓과 音을 쓰세요.,,第,,차례 제,차례 제,
6급,84,2019.02.23,50,hunum,다음 漢字의 訓과 音을 쓰세요.,,社,,모일 사,모일 사,
6급,84,2019.02.23,51,hunum,다음 漢字의 訓과 音을 쓰세요.,,陽,,볕 양,볕 양,
6급,84,2019.02.23,52,hunum,다음 漢字의 訓과 音을 쓰세요.,,畫,,그림 화,그림 화,
6급,84,2019.02.23,53,hunum,다음 漢字의 訓과 音을 쓰세요.,,特,,특별할 특,특별할 특,
6급,84,2019.02.23,54,hunum,다음 漢字의 訓과 音을 쓰세요.,,夏,,여름 하,여름 하,
6급,84,2019.02.23,55,hunum,다음 漢字의 訓과 音을 쓰세요.,,號,,이름 호,이름 호,
6급,84,2019.02.23,56,hanjaeo_write,다음 밑줄 친 漢字語를 漢字로 쓰세요.,그는 매사에 소심한 겁쟁이입니다.,소심,,小心,小心,
6급,84,2019.02.23,57,hanjaeo_write,다음 밑줄 친 漢字語를 漢字로 쓰세요.,시간이 쏜살처럼 지나갑니다.,시간,,時間,時間,
6급,84,2019.02.23,58,hanjaeo_write,다음 밑줄 친 漢字語를 漢字로 쓰세요.,그 기자는 청와대를 출입합니다.,출입,,出入,出入,
6급,84,2019.02.23,59,hanjaeo_write,다음 밑줄 친 漢字語를 漢字로 쓰세요.,서울의 공기가 많이 깨끗해졌습니다.,공기,,空氣,空氣,
6급,84,2019.02.23,60,hanjaeo_write,다음 밑줄 친 漢字語를 漢字로 쓰세요.,소수의 의견도 소중하게 여깁니다.,소수,,少數,少數,
6급,84,2019.02.23,61,hanjaeo_write,다음 밑줄 친 漢字語를 漢字로 쓰세요.,요즘 자율 자동차가 빠르게 개발되고 있습니다.,자동차,,自動車,自動車,
6급,84,2019.02.23,62,hanjaeo_write,다음 밑줄 친 漢字語를 漢字로 쓰세요.,우리학교 교화는 국화입니다.,교화,,校花,校花,
6급,84,2019.02.23,63,hanjaeo_write,다음 밑줄 친 漢字語를 漢字로 쓰세요.,인명은 하늘의 뜻에 달려 있다고 합니다.,인명,,人命,人命,
6급,84,2019.02.23,64,hanjaeo_write,다음 밑줄 친 漢字語를 漢字로 쓰세요.,초목이 우거진 숲길을 거닐었습니다.,초목,,草木,草木,
6급,84,2019.02.23,65,hanjaeo_write,다음 밑줄 친 漢字語를 漢字로 쓰세요.,나는 편안하게 의자에 앉아 책을 읽었습니다.,편안,,便安,便安,
6급,84,2019.02.23,66,hanjaeo_write,다음 밑줄 친 漢字語를 漢字로 쓰세요.,일본군은 패색이 짙어지자 바로 백기를 들었습니다.,백기,,白旗,白旗,
6급,84,2019.02.23,67,hanjaeo_write,다음 밑줄 친 漢字語를 漢字로 쓰세요.,어머니는 지급 읍내에 나가고 안 계십니다.,읍내,,邑內,邑內,
6급,84,2019.02.23,68,hanjaeo_write,다음 밑줄 친 漢字語를 漢字로 쓰세요.,옛 어른들은 효도를 덕목의 으뜸으로 칩니다.,효도,,孝道,孝道,
6급,84,2019.02.23,69,hanjaeo_write,다음 밑줄 친 漢字語를 漢字로 쓰세요.,우리 전통 한지로 연을 만들었습니다.,한지,,韓紙,韓紙,
6급,84,2019.02.23,70,hanjaeo_write,다음 밑줄 친 漢字語를 漢字로 쓰세요.,그는 그 사건을 취재하여 기사로 썼습니다.,기사,,記事,記事,
6급,84,2019.02.23,71,hanjaeo_write,다음 밑줄 친 漢字語를 漢字로 쓰세요.,꿈 많은 청년들의 일자리가 시급합니다.,청년,,靑年,靑年,
6급,84,2019.02.23,72,hanjaeo_write,다음 밑줄 친 漢字語를 漢字로 쓰세요.,고향 집을 가려면 시외버스를 몇 번이나 갈아타야 합니다.,시외,,市外,市外,
6급,84,2019.02.23,73,hanjaeo_write,다음 밑줄 친 漢字語를 漢字로 쓰세요.,정성이 부족하면 요리가 맛있을 수 없습니다.,부족,,不足,不足,
6급,84,2019.02.23,74,hanjaeo_write,다음 밑줄 친 漢字語를 漢字로 쓰세요.,숨어 있던 문제가 수면 위로 떠올랐습니다.,수면,,水面,水面,
6급,84,2019.02.23,75,hanjaeo_write,다음 밑줄 친 漢字語를 漢字로 쓰세요.,가수는 잘 늙지 않는 것 같습니다.,가수,,歌手,歌手,
6급,84,2019.02.23,76,banui_select,다음 漢字의 반대 또는 상대되는 글자를 골라 그 번호를 쓰세요.,,後,"[""① 強"", ""② 前"", ""③ 百"", ""④ 美""]",②,前,
6급,84,2019.02.23,77,banui_select,다음 漢字의 반대 또는 상대되는 글자를 골라 그 번호를 쓰세요.,,今,"[""① 昨"", ""② 新"", ""③ 使"", ""④ 對""]",①,昨,
6급,84,2019.02.23,78,banui_select,다음 漢字의 반대 또는 상대되는 글자를 골라 그 번호를 쓰세요.,,夜,"[""① 室"", ""② 晝"", ""③ 金"", ""④ 夕""]",②,晝,
6급,84,2019.02.23,79,yui,다음 漢字와 뜻이 비슷한 漢字를 골라 그 번호를 쓰세요.,,衣,"[""① 米"", ""② 服"", ""③ 和"", ""④ 樹""]",②,服,
6급,84,2019.02.23,80,yui,다음 漢字와 뜻이 비슷한 漢字를 골라 그 번호를 쓰세요.,,區,"[""① 科"", ""② 分"", ""③ 村"", ""④ 敎""]",②,分,
6급,84,2019.02.23,81,seong-eo,다음 ( ) 안에 알맞은 漢字를 <보기>에서 찾아 그 번호를 쓰세요.,千萬多() : 아주 다행함.,千萬多(),"[""① 東"", ""② 各"", ""③ 民"", ""④ 幸"", ""⑤ 死"", ""⑥ 公"", ""⑦ 老"", ""⑧ 病""]",④,幸,
6급,84,2019.02.23,82,seong-eo,다음 ( ) 안에 알맞은 漢字를 <보기>에서 찾아 그 번호를 쓰세요.,()明正大 : 사사로움이나 그릇됨이 없이 아주정당하고 떳떳함.,()明正大,"[""① 東"", ""② 各"", ""③ 民"", ""④ 幸"", ""⑤ 死"", ""⑥ 公"", ""⑦ 老"", ""⑧ 病""]",⑥,公,
6급,84,2019.02.23,83,seong-eo,다음 ( ) 안에 알맞은 漢字를 <보기>에서 찾아 그 번호를 쓰세요.,九()一生 : 아홉 번 죽을 뻔하다 한 번 살아,九()一生,"[""① 東"", ""② 各"", ""③ 民"", ""④ 幸"", ""⑤ 死"", ""⑥ 公"", ""⑦ 老"", ""⑧ 病""]",⑤,死,
6급,84,2019.02.23,84,dongeum,다음 중 소리(音)는 같으나 뜻(訓)이 다른 漢字를 골라 그 번호를 쓰세요.,,弟,"[""① 朝"", ""② 理"", ""③ 題"", ""④ 英""]",③,題,
6급,84,2019.02.23,85,dongeum,다음 중 소리(音)는 같으나 뜻(訓)이 다른 漢字를 골라 그 번호를 쓰세요.,,章,"[""① 書"", ""② 長"", ""③ 開"", ""④ 近""]",②,長,
6급,84,2019.02.23,86,mean_select,다음 뜻에 맞는 漢字語를 <보기>에서 찾아 그 번호를 쓰세요.,공의 속도,공의 속도,"[""① 農場"", ""② 春風"", ""③ 球速"", ""④ 平地"", ""⑤ 洞里"", ""⑥ 黃海""]",③,球速,
6급,84,2019.02.23,87,mean_select,다음 뜻에 맞는 漢字語를 <보기>에서 찾아 그 번호를 쓰세요.,마을,마을,"[""① 農場"", ""② 春風"", ""③ 球速"", ""④ 平地"", ""⑤ 洞里"", ""⑥ 黃海""]",⑤,洞里,
6급,84,2019.02.23,88,stroke,다음 漢字의 짙게 표시한 획은 몇 번째 쓰는 획인지 <보기>에서 찾아 그 번호를 쓰세요.,,,"[""① 첫 번째"", ""② 두 번째"", ""③ 세 번째"", ""④ 네 번째"", ""⑤ 다섯 번째"", ""⑥ 여섯 번째"", ""⑦ 일곱 번째"", ""⑧ 여덟 번째"", ""⑨ 아홉 번째"", ""⑩ 열 번째"", ""⑪ 열한 번째"", ""⑫ 열두 번째""]",⑤,다섯 번째,exam-strokes/stroke_6_84_88.png
6급,84,2019.02.23,89,stroke,다음 漢字의 짙게 표시한 획은 몇 번째 쓰는 획인지 <보기>에서 찾아 그 번호를 쓰세요.,,,"[""① 첫 번째"", ""② 두 번째"", ""③ 세 번째"", ""④ 네 번째"", ""⑤ 다섯 번째"", ""⑥ 여섯 번째"", ""⑦ 일곱 번째"", ""⑧ 여덟 번째"", ""⑨ 아홉 번째"", ""⑩ 열 번째"", ""⑪ 열한 번째"", ""⑫ 열두 번째""]",⑧,여덟 번째,exam-strokes/stroke_6_84_89.png
6급,84,2019.02.23,90,stroke,다음 漢字의 짙게 표시한 획은 몇 번째 쓰는 획인지 <보기>에서 찾아 그 번호를 쓰세요.,,,"[""① 첫 번째"", ""② 두 번째"", ""③ 세 번째"", ""④ 네 번째"", ""⑤ 다섯 번째"", ""⑥ 여섯 번째"", ""⑦ 일곱 번째"", ""⑧ 여덟 번째"", ""⑨ 아홉 번째"", ""⑩ 열 번째"", ""⑪ 열한 번째"", ""⑫ 열두 번째""]",⑥,여섯 번째,exam-strokes/stroke_6_84_90.png
6급,85,2019.06.01,1,dokum,다음 밑줄 친 漢字語의 讀音을 쓰세요.,,黃海,,황해,황해,
6급,85,2019.06.01,2,dokum,다음 밑줄 친 漢字語의 讀音을 쓰세요.,,發表,,발표,발표,
6급,85,2019.06.01,3,dokum,다음 밑줄 친 漢字語의 讀音을 쓰세요.,,使用,,사용,사용,
6급,85,2019.06.01,4,dokum,다음 밑줄 친 漢字語의 讀音을 쓰세요.,,和合,,화합,화합,
6급,85,2019.06.01,5,dokum,다음 밑줄 친 漢字語의 讀音을 쓰세요.,,共通,,공통,공통,
6급,85,2019.06.01,6,dokum,다음 밑줄 친 漢字語의 讀音을 쓰세요.,,山林,,산림,산림,
6급,85,2019.06.01,7,dokum,다음 밑줄 친 漢字語의 讀音을 쓰세요.,,新聞,,신문,신문,
6급,85,2019.06.01,8,dokum,다음 밑줄 친 漢字語의 讀音을 쓰세요.,,意圖,,의도,의도,
6급,85,2019.06.01,9,dokum,다음 밑줄 친 漢字語의 讀音을 쓰세요.,,所重,,소중,소중,
6급,85,2019.06.01,10,dokum,다음 밑줄 친 漢字語의 讀音을 쓰세요.,,公正,,공정,공정,
6급,85,2019.06.01,11,dokum,다음 밑줄 친 漢字語의 讀音을 쓰세요.,,現場,,현장,현장,
6급,85,2019.06.01,12,dokum,다음 밑줄 친 漢字語의 讀音을 쓰세요.,,有利,,유리,유리,
6급,85,2019.06.01,13,dokum,다음 밑줄 친 漢字語의 讀音을 쓰세요.,,發表,,직선,직선,
6급,85,2019.06.01,14,dokum,다음 밑줄 친 漢字語의 讀音을 쓰세요.,,平行,,평행,평행,
6급,85,2019.06.01,15,dokum,다음 밑줄 친 漢字語의 讀音을 쓰세요.,,自身,,자신,자신,
6급,85,2019.06.01,16,dokum,다음 밑줄 친 漢字語의 讀音을 쓰세요.,,世界,,세계,세계,
6급,85,2019.06.01,17,dokum,다음 밑줄 친 漢字語의 讀音을 쓰세요.,,對話,,대화,대화,
6급,85,2019.06.01,18,dokum,다음 밑줄 친 漢字語의 讀音을 쓰세요.,,近代,,근대,근대,
6급,85,2019.06.01,19,dokum,다음 밑줄 친 漢字語의 讀音을 쓰세요.,,野生,,야생,야생,
6급,85,2019.06.01,20,dokum,다음 밑줄 친 漢字語의 讀音을 쓰세요.,,石油,,석유,석유,
6급,85,2019.06.01,21,dokum,다음 밑줄 친 漢字語의 讀音을 쓰세요.,,水面,,수면,수면,
6급,85,2019.06.01,22,dokum,다음 밑줄 친 漢字語의 讀音을 쓰세요.,,午後,,오후,오후,
6급,85,2019.06.01,23,dokum,다음 밑줄 친 漢字語의 讀音을 쓰세요.,,感動,,감동,감동,
6급,85,2019.06.01,24,dokum,다음 밑줄 친 漢字語의 讀音을 쓰세요.,,開市,,개시,개시,
6급,85,2019.06.01,25,dokum,다음 밑줄 친 漢字語의 讀音을 쓰세요.,,電球,,전구,전구,
6급,85,2019.06.01,26,dokum,다음 밑줄 친 漢字語의 讀音을 쓰세요.,,今方,,금방,금방,
6급,85,2019.06.01,27,dokum,다음 밑줄 친 漢字語의 讀音을 쓰세요.,,食堂,,식당,식당,
6급,85,2019.06.01,28,dokum,다음 밑줄 친 漢字語의 讀音을 쓰세요.,,神童,,신동,신동,
6급,85,2019.06.01,29,dokum,다음 밑줄 친 漢字語의 讀音을 쓰세요.,,白米,,백미,백미,
6급,85,2019.06.01,30,dokum,다음 밑줄 친 漢字語의 讀音을 쓰세요.,,出席,,출석,출석,
6급,85,2019.06.01,31,dokum,다음 밑줄 친 漢字語의 讀音을 쓰세요.,,反省,,반성,반성,
6급,85,2019.06.01,32,dokum,다음 밑줄 친 漢字語의 讀音을 쓰세요.,,信號,,신호,신호,
6급,85,2019.06.01,33,dokum,다음 밑줄 친 漢字語의 讀音을 쓰세요.,,窓門,,창문,창문,
6급,85,2019.06.01,34,hunum,다음 漢字의 訓과 音을 쓰세요.,,親,,친할 친,친할 친,
6급,85,2019.06.01,35,hunum,다음 漢字의 訓과 音을 쓰세요.,,路,,길 로,길 로,
6급,85,2019.06.01,36,hunum,다음 漢字의 訓과 音을 쓰세요.,,外,,바깥 외,바깥 외,
6급,85,2019.06.01,37,hunum,다음 漢字의 訓과 音을 쓰세요.,,郡,,고을 군,고을 군,
6급,85,2019.06.01,38,hunum,다음 漢字의 訓과 音을 쓰세요.,,待,,기다릴 대,기다릴 대,
6급,85,2019.06.01,39,hunum,다음 漢字의 訓과 音을 쓰세요.,,半,,반 반,반 반,
6급,85,2019.06.01,40,hunum,다음 漢字의 訓과 音을 쓰세요.,,雪,,눈 설,눈 설,
6급,85,2019.06.01,41,hunum,다음 漢字의 訓과 音을 쓰세요.,,特,,특별할 특,특별할 특,
6급,85,2019.06.01,42,hunum,다음 漢字의 訓과 音을 쓰세요.,,目,,눈 목,눈 목,
6급,85,2019.06.01,43,hunum,다음 漢字의 訓과 音을 쓰세요.,,飮,,마실 음,마실 음,
6급,85,2019.06.01,44,hunum,다음 漢字의 訓과 音을 쓰세요.,,朝,,아침 조,아침 조,
6급,85,2019.06.01,45,hunum,다음 漢字의 訓과 音을 쓰세요.,,永,,길 영,길 영,
6급,85,2019.06.01,46,hunum,다음 漢字의 訓과 音을 쓰세요.,,京,,서울 경,서울 경,
6급,85,2019.06.01,47,hunum,다음 漢字의 訓과 音을 쓰세요.,,等,,무리 등,무리 등,
6급,85,2019.06.01,48,hunum,다음 漢字의 訓과 音을 쓰세요.,,病,,병 병,병 병,
6급,85,2019.06.01,49,hunum,다음 漢字의 訓과 音을 쓰세요.,,形,,모양 형,모양 형,
6급,85,2019.06.01,50,hunum,다음 漢字의 訓과 音을 쓰세요.,,集,,모을 집,모을 집,
6급,85,2019.06.01,51,hunum,다음 漢字의 訓과 音을 쓰세요.,,根,,뿌리 근,뿌리 근,
6급,85,2019.06.01,52,hunum,다음 漢字의 訓과 音을 쓰세요.,,理,,다스릴 리,다스릴 리,
6급,85,2019.06.01,53,hunum,다음 漢字의 訓과 音을 쓰세요.,,失,,잃을 실,잃을 실,
6급,85,2019.06.01,54,hunum,다음 漢字의 訓과 音을 쓰세요.,,美,,아름다울 미,아름다울 미,
6급,85,2019.06.01,55,hunum,다음 漢字의 訓과 音을 쓰세요.,,交,,사귈 교,사귈 교,
6급,85,2019.06.01,56,hanjaeo_write,다음 밑줄 친 漢字語를 漢字로 쓰세요.,"촌락 지역에서는 일손 부족, 고령화, 폐교 등의 문제가 나타납니다.",부족,,不足,不足,
6급,85,2019.06.01,57,hanjaeo_write,다음 밑줄 친 漢字語를 漢字로 쓰세요.,신호에 맞추어 한 명씩 동시에 출발합니다.,동시,,同時,同時,
6급,85,2019.06.01,58,hanjaeo_write,다음 밑줄 친 漢字語를 漢字로 쓰세요.,실내는 적정 온도를 유지합니다.,실내,,室內,室內,
6급,85,2019.06.01,59,hanjaeo_write,다음 밑줄 친 漢字語를 漢字로 쓰세요.,"여가, 문화생활, 교육 등은 더나은 생활을 위해 필요한 것입니다.",교육,,敎育,敎育,
6급,85,2019.06.01,60,hanjaeo_write,다음 밑줄 친 漢字語를 漢字로 쓰세요.,작은아버지의 아들은 사촌입니다.,사촌,,四寸,四寸,
6급,85,2019.06.01,61,hanjaeo_write,다음 밑줄 친 漢字語를 漢字로 쓰세요.,부모님을 공경하고 기쁘게 해드립니다.,부모,,父母,父母,
6급,85,2019.06.01,62,hanjaeo_write,다음 밑줄 친 漢字語를 漢字로 쓰세요.,풍선 속을 가득 채운 것은 공기입니다.,공기,,空氣,空氣,
6급,85,2019.06.01,63,hanjaeo_write,다음 밑줄 친 漢字語를 漢字로 쓰세요.,"0.1, 0.2, 0.3 …과 같은 수를 소수라고 합니다.",소수,,小數,小數,
6급,85,2019.06.01,64,hanjaeo_write,다음 밑줄 친 漢字語를 漢字로 쓰세요.,고려 시대에는 남녀를 크게 차별하지 않았다.,남녀,,男女,男女,
6급,85,2019.06.01,65,hanjaeo_write,다음 밑줄 친 漢字語를 漢字로 쓰세요.,관리들은 백성을 위한 바른 정치를 해야 합니다.,백성,,百姓,百姓,
6급,85,2019.06.01,66,hanjaeo_write,다음 밑줄 친 漢字語를 漢字로 쓰세요.,농민들은 여러 가지 민속놀이를 즐겼다.,농민,,農民,農民,
6급,85,2019.06.01,67,hanjaeo_write,다음 밑줄 친 漢字語를 漢字로 쓰세요.,졸업생과 재학생은 모두 교가를 합창하였습니다.,교가,,校歌,校歌,
6급,85,2019.06.01,68,hanjaeo_write,다음 밑줄 친 漢字語를 漢字로 쓰세요.,갑자기 한 아이가 차도로 뛰어들었습니다.,차도,,車道,車道,
6급,85,2019.06.01,69,hanjaeo_write,다음 밑줄 친 漢字語를 漢字로 쓰세요.,조카는 내년에 초등학교를 갑니다.,내년,,來年,來年,
6급,85,2019.06.01,70,hanjaeo_write,다음 밑줄 친 漢字語를 漢字로 쓰세요.,우리 식당은 매월 첫째 수요일에 쉽니다.,매월,,每月,每月,
6급,85,2019.06.01,71,hanjaeo_write,다음 밑줄 친 漢字語를 漢字로 쓰세요.,몸이 튼튼해야 공부도 잘할 수 있습니다.,공부,,工夫,工夫,
6급,85,2019.06.01,72,hanjaeo_write,다음 밑줄 친 漢字語를 漢字로 쓰세요.,그는 입학시험에서 일등으로 합격했습니다.,입학,,入學,入學,
6급,85,2019.06.01,73,hanjaeo_write,다음 밑줄 친 漢字語를 漢字로 쓰세요.,이 물건은 조상 대대로 내려온 것입니다.,조상,,祖上,祖上,
6급,85,2019.06.01,74,hanjaeo_write,다음 밑줄 친 漢字語를 漢字로 쓰세요.,편안한 자세로 앉도록 해라,편안,,便安,便安,
6급,85,2019.06.01,75,hanjaeo_write,다음 밑줄 친 漢字語를 漢字로 쓰세요.,그는 어머니를 극진히 모시는 효자입니다.,효자,,孝子,孝子,
6급,85,2019.06.01,76,banui_select,다음 漢字의 반대 또는 상대되는 글자를 골라 그 번호를 쓰세요.,,死,"[""① 古"", ""② 右"", ""③ 勇"", ""④ 活""]",④,活,
6급,85,2019.06.01,77,banui_select,다음 漢字의 반대 또는 상대되는 글자를 골라 그 번호를 쓰세요.,,少,"[""① 多"", ""② 夕"", ""③ 大"", ""④ 太""]",①,多,
6급,85,2019.06.01,78,banui_select,다음 漢字의 반대 또는 상대되는 글자를 골라 그 번호를 쓰세요.,,苦,"[""① 果"", ""② 業"", ""③ 樂"", ""④ 藥""]",③,樂,
6급,85,2019.06.01,79,yui,다음 漢字와 뜻이 비슷한 漢字를 골라 그 번호를 쓰세요.,,急,"[""① 幸"", ""② 頭"", ""③ 速"", ""④ 六""]",③,速,
6급,85,2019.06.01,80,yui,다음 漢字와 뜻이 비슷한 漢字를 골라 그 번호를 쓰세요.,,衣,"[""① 向"", ""② 服"", ""③ 主"", ""④ 草""]",②,服,
6급,85,2019.06.01,81,seong-eo,다음 ( ) 안에 알맞은 漢字를 <보기>에서 찾아 그 번호를 쓰세요.,()心三日 : 단단히 먹은 마음이 사흘을 가지못함.,()心三日,"[""① 昨"", ""② 書"", ""③ 住"", ""④ 命"", ""⑤ 晝"", ""⑥ 作"", ""⑦ 畫"", ""⑧ 名""]",⑥,作,
6급,85,2019.06.01,82,seong-eo,다음 ( ) 안에 알맞은 漢字를 <보기>에서 찾아 그 번호를 쓰세요.,人()在天 : 사람의 목숨은 하늘에 달려 있다는 말.,人()在天,"[""① 昨"", ""② 書"", ""③ 住"", ""④ 命"", ""⑤ 晝"", ""⑥ 作"", ""⑦ 畫"", ""⑧ 名""]",④,命,
6급,85,2019.06.01,83,seong-eo,다음 ( ) 안에 알맞은 漢字를 <보기>에서 찾아 그 번호를 쓰세요.,()夜長川 : 밤낮으로 쉬지 아니하고 연달아.,()夜長川,"[""① 昨"", ""② 書"", ""③ 住"", ""④ 命"", ""⑤ 晝"", ""⑥ 作"", ""⑦ 畫"", ""⑧ 名""]",⑤,晝,
6급,85,2019.06.01,84,dongeum,다음 중 소리(音)는 같으나 뜻(訓)이 다른 漢字를 골라 그 번호를 쓰세요.,,各,"[""① 光"", ""② 角"", ""③ 族"", ""④ 運""]",②,角,
6급,85,2019.06.01,85,dongeum,다음 중 소리(音)는 같으나 뜻(訓)이 다른 漢字를 골라 그 번호를 쓰세요.,,式,"[""① 才"", ""② 明"", ""③ 左"", ""④ 植""]",④,植,
6급,85,2019.06.01,86,mean_select,다음 뜻에 맞는 漢字語를 <보기>에서 찾아 그 번호를 쓰세요.,집 안에 있는 뜰이나 꽃밭,집 안에 있는 뜰이나 꽃밭,"[""① 醫術"", ""② 庭園"", ""③ 綠色"", ""④ 弱者"", ""⑤ 軍番"", ""⑥ 陽地""]",②,庭園,
6급,85,2019.06.01,87,mean_select,다음 뜻에 맞는 漢字語를 <보기>에서 찾아 그 번호를 쓰세요.,볕이 바로 드는 곳,볕이 바로 드는 곳,"[""① 醫術"", ""② 庭園"", ""③ 綠色"", ""④ 弱者"", ""⑤ 軍番"", ""⑥ 陽地""]",⑥,陽地,
6급,85,2019.06.01,88,stroke,다음 漢字의 짙게 표시한 획은 몇 번째 쓰는 획인지 <보기>에서 찾아 그 번호를 쓰세요.,,,"[""① 첫 번째"", ""② 두 번째"", ""③ 세 번째"", ""④ 네 번째"", ""⑤ 다섯 번째"", ""⑥ 여섯 번째"", ""⑦ 일곱 번째"", ""⑧ 여덟 번째""]",⑧,여덟 번째,exam-strokes/stroke_6_85_88.png
6급,85,2019.06.01,89,stroke,다음 漢字의 짙게 표시한 획은 몇 번째 쓰는 획인지 <보기>에서 찾아 그 번호를 쓰세요.,,,"[""① 첫 번째"", ""② 두 번째"", ""③ 세 번째"", ""④ 네 번째"", ""⑤ 다섯 번째"", ""⑥ 여섯 번째"", ""⑦ 일곱 번째"", ""⑧ 여덟 번째""]",④,네 번째,exam-strokes/stroke_6_85_89.png
6급,85,2019.06.01,90,stroke,다음 漢字의 짙게 표시한 획은 몇 번째 쓰는 획인지 <보기>에서 찾아 그 번호를 쓰세요.,,,"[""① 첫 번째"", ""② 두 번째"", ""③ 세 번째"", ""④ 네 번째"", ""⑤ 다섯 번째"", ""⑥ 여섯 번째"", ""⑦ 일곱 번째"", ""⑧ 여덟 번째""]",⑤,다섯 번째,exam-strokes/stroke_6_85_90.png
6급,86,2019.08.24,1,dokum,다음 밑줄 친 漢字語의 讀音을 쓰세요.,,家庭,,가정,가정,
6급,86,2019.08.24,2,dokum,다음 밑줄 친 漢字語의 讀音을 쓰세요.,,各別,,각별,각별,
6급,86,2019.08.24,3,dokum,다음 밑줄 친 漢字語의 讀音을 쓰세요.,,角度,,각도,각도,
6급,86,2019.08.24,4,dokum,다음 밑줄 친 漢字語의 讀音을 쓰세요.,,黃海,,황해,황해,
6급,86,2019.08.24,5,dokum,다음 밑줄 친 漢字語의 讀音을 쓰세요.,,感氣,,감기,감기,
6급,86,2019.08.24,6,dokum,다음 밑줄 친 漢字語의 讀音을 쓰세요.,,開發,,개발,개발,
6급,86,2019.08.24,7,dokum,다음 밑줄 친 漢字語의 讀音을 쓰세요.,,番號,,번호,번호,
6급,86,2019.08.24,8,dokum,다음 밑줄 친 漢字語의 讀音을 쓰세요.,,代表,,대표,대표,
6급,86,2019.08.24,9,dokum,다음 밑줄 친 漢字語의 讀音을 쓰세요.,,風習,,풍습,풍습,
6급,86,2019.08.24,10,dokum,다음 밑줄 친 漢字語의 讀音을 쓰세요.,,親族,,친족,친족,
6급,86,2019.08.24,11,dokum,다음 밑줄 친 漢字語의 讀音을 쓰세요.,,業體,,업체,업체,
6급,86,2019.08.24,12,dokum,다음 밑줄 친 漢字語의 讀音을 쓰세요.,,淸明,,청명,청명,
6급,86,2019.08.24,13,dokum,다음 밑줄 친 漢字語의 讀音을 쓰세요.,,集合,,집합,집합,
6급,86,2019.08.24,14,dokum,다음 밑줄 친 漢字語의 讀音을 쓰세요.,,太陽,,태양,태양,
6급,86,2019.08.24,15,dokum,다음 밑줄 친 漢字語의 讀音을 쓰세요.,,特使,,특사,특사,
6급,86,2019.08.24,16,dokum,다음 밑줄 친 漢字語의 讀音을 쓰세요.,,交通,,교통,교통,
6급,86,2019.08.24,17,dokum,다음 밑줄 친 漢字語의 讀音을 쓰세요.,,同窓,,동창,동창,
6급,86,2019.08.24,18,dokum,다음 밑줄 친 漢字語의 讀音을 쓰세요.,,昨今,,작금,작금,
6급,86,2019.08.24,19,dokum,다음 밑줄 친 漢字語의 讀音을 쓰세요.,,晝夜,,주야,주야,
6급,86,2019.08.24,20,dokum,다음 밑줄 친 漢字語의 讀音을 쓰세요.,,運用,,운용,운용,
6급,86,2019.08.24,21,dokum,다음 밑줄 친 漢字語의 讀音을 쓰세요.,,弱者,,약자,약자,
6급,86,2019.08.24,22,dokum,다음 밑줄 친 漢字語의 讀音을 쓰세요.,,等溫,,등온,등온,
6급,86,2019.08.24,23,dokum,다음 밑줄 친 漢字語의 讀音을 쓰세요.,,始作,,시작,시작,
6급,86,2019.08.24,24,dokum,다음 밑줄 친 漢字語의 讀音을 쓰세요.,,醫術,,의술,의술,
6급,86,2019.08.24,25,dokum,다음 밑줄 친 漢字語의 讀音을 쓰세요.,,勝利,,승리,승리,
6급,86,2019.08.24,26,dokum,다음 밑줄 친 漢字語의 讀音을 쓰세요.,,形式,,형식,형식,
6급,86,2019.08.24,27,dokum,다음 밑줄 친 漢字語의 讀音을 쓰세요.,,反省,,반성,반성,
6급,86,2019.08.24,28,dokum,다음 밑줄 친 漢字語의 讀音을 쓰세요.,,圖書,,도서,도서,
6급,86,2019.08.24,29,dokum,다음 밑줄 친 漢字語의 讀音을 쓰세요.,,衣服,,의복,의복,
6급,86,2019.08.24,30,dokum,다음 밑줄 친 漢字語의 讀音을 쓰세요.,,食堂,,식당,식당,
6급,86,2019.08.24,31,dokum,다음 밑줄 친 漢字語의 讀音을 쓰세요.,,公共,,공공,공공,
6급,86,2019.08.24,32,dokum,다음 밑줄 친 漢字語의 讀音을 쓰세요.,,急速,,급속,급속,
6급,86,2019.08.24,33,dokum,다음 밑줄 친 漢字語의 讀音을 쓰세요.,,根本,,근본,근본,
6급,86,2019.08.24,34,hunum,다음 漢字의 訓과 音을 쓰세요.,,向,,향할 향,향할 향,
6급,86,2019.08.24,35,hunum,다음 漢字의 訓과 音을 쓰세요.,,區,,구분할 | 지경 구,구분할 | 지경 구,
6급,86,2019.08.24,36,hunum,다음 漢字의 訓과 音을 쓰세요.,,現,,나타날 현,나타날 현,
6급,86,2019.08.24,37,hunum,다음 漢字의 訓과 音을 쓰세요.,,待,,기다릴 대,기다릴 대,
6급,86,2019.08.24,38,hunum,다음 漢字의 訓과 音을 쓰세요.,,畫,,그림 획,그림 획,
6급,86,2019.08.24,39,hunum,다음 漢字의 訓과 音을 쓰세요.,,住,,살 주,살 주,
6급,86,2019.08.24,40,hunum,다음 漢字의 訓과 音을 쓰세요.,,綠,,푸를 록,푸를 록,
6급,86,2019.08.24,41,hunum,다음 漢字의 訓과 音을 쓰세요.,,左,,왼 좌,왼 좌,
6급,86,2019.08.24,42,hunum,다음 漢字의 訓과 音을 쓰세요.,,在,,있을 재,있을 재,
6급,86,2019.08.24,43,hunum,다음 漢字의 訓과 音을 쓰세요.,,聞,,들을 문,들을 문,
6급,86,2019.08.24,44,hunum,다음 漢字의 訓과 音을 쓰세요.,,路,,길 로,길 로,
6급,86,2019.08.24,45,hunum,다음 漢字의 訓과 音을 쓰세요.,,米,,쌀 미,쌀 미,
6급,86,2019.08.24,46,hunum,다음 漢字의 訓과 音을 쓰세요.,,方,,모 방,모 방,
6급,86,2019.08.24,47,hunum,다음 漢字의 訓과 音을 쓰세요.,,放,,놓을 방,놓을 방,
6급,86,2019.08.24,48,hunum,다음 漢字의 訓과 音을 쓰세요.,,例,,법식 례,법식 례,
6급,86,2019.08.24,49,hunum,다음 漢字의 訓과 音을 쓰세요.,,部,,떼 부,떼 부,
6급,86,2019.08.24,50,hunum,다음 漢字의 訓과 音을 쓰세요.,,登,,오를 등,오를 등,
6급,86,2019.08.24,51,hunum,다음 漢字의 訓과 音을 쓰세요.,,半,,반 반,반 반,
6급,86,2019.08.24,52,hunum,다음 漢字의 訓과 音을 쓰세요.,,頭,,머리 두,머리 두,
6급,86,2019.08.24,53,hunum,다음 漢字의 訓과 音을 쓰세요.,,禮,,예도 례,예도 례,
6급,86,2019.08.24,54,hunum,다음 漢字의 訓과 音을 쓰세요.,,班,,나눌 반,나눌 반,
6급,86,2019.08.24,55,hunum,다음 漢字의 訓과 音을 쓰세요.,,李,,오얏 | 성 리,오얏 | 성 리,
6급,86,2019.08.24,56,hanjaeo_write,다음 밑줄 친 漢字語를 漢字로 쓰세요.,스승의 날을 맞아 오랜 만에 선생님께 전화로 인사를 드렸다.,전화,,電話,電話,
6급,86,2019.08.24,57,hanjaeo_write,다음 밑줄 친 漢字語를 漢字로 쓰세요.,정부와 민간의 협조가 절실히 필요하다.,민간,,民間,民間,
6급,86,2019.08.24,58,hanjaeo_write,다음 밑줄 친 漢字語를 漢字로 쓰세요.,산 너머 남촌에는 누가 살길래 봄마다 봄바람이 남으로 오네,남촌,,南村,南村,
6급,86,2019.08.24,59,hanjaeo_write,다음 밑줄 친 漢字語를 漢字로 쓰세요.,국립 도서관 앞에서 하차하세요.,하차,,下車,下車,
6급,86,2019.08.24,60,hanjaeo_write,다음 밑줄 친 漢字語를 漢字로 쓰세요.,형은 군대에 가기 위해 휴학하였다.,휴학,,休學,休學,
6급,86,2019.08.24,61,hanjaeo_write,다음 밑줄 친 漢字語를 漢字로 쓰세요.,오후에는 기온이 올라가 더워질 거야,오후,,午後,午後,
6급,86,2019.08.24,62,hanjaeo_write,다음 밑줄 친 漢字語를 漢字로 쓰세요.,부모님의 마음을 편하게 해 드리는 게 최고의 효도야,효도,,孝道,孝道,
6급,86,2019.08.24,63,hanjaeo_write,다음 밑줄 친 漢字語를 漢字로 쓰세요.,야외 활동하기에 좋은 날씨다.,활동,,活動,活動,
6급,86,2019.08.24,64,hanjaeo_write,다음 밑줄 친 漢字語를 漢字로 쓰세요.,우리는 변소를 깨끗이 청소하였다.,변소,,便所,便所,
6급,86,2019.08.24,65,hanjaeo_write,다음 밑줄 친 漢字語를 漢字로 쓰세요.,그는 출세를 위해 서울로 올라왔다.,출세,,出世,出世,
6급,86,2019.08.24,66,hanjaeo_write,다음 밑줄 친 漢字語를 漢字로 쓰세요.,입추 절기가 되어 가니 역시 서늘해지는구나,입추,,立秋,立秋,
6급,86,2019.08.24,67,hanjaeo_write,다음 밑줄 친 漢字語를 漢字로 쓰세요.,청춘은 인생의 봄이다.,청춘,,靑春,靑春,
6급,86,2019.08.24,68,hanjaeo_write,다음 밑줄 친 漢字語를 漢字로 쓰세요.,섣불리 행동하지 말고 자중합시다.,자중,,自重,自重,
6급,86,2019.08.24,69,hanjaeo_write,다음 밑줄 친 漢字語를 漢字로 쓰세요.,그는 천명을 누리고 하늘로 올라갔다.,천명,,天命,天命,
6급,86,2019.08.24,70,hanjaeo_write,다음 밑줄 친 漢字語를 漢字로 쓰세요.,그 공원에는 장미꽃 수천 송이가 피어 있었다.,수천,,數千,數千,
6급,86,2019.08.24,71,hanjaeo_write,다음 밑줄 친 漢字語를 漢字로 쓰세요.,아버지는 정직이야말로 지켜야 할 으뜸 신조라고 늘 말씀하셨 다.,정직,,正直,正直,
6급,86,2019.08.24,72,hanjaeo_write,다음 밑줄 친 漢字語를 漢字로 쓰세요.,"영재를 교육하는 것, 인생의 큰 기쁨이 아니겠는가.",교육,,敎育,敎育,
6급,86,2019.08.24,73,hanjaeo_write,다음 밑줄 친 漢字語를 漢字로 쓰세요.,어머니는 다양한 식물을 키우셨다.,식물,,植物,植物,
6급,86,2019.08.24,74,hanjaeo_write,다음 밑줄 친 漢字語를 漢字로 쓰세요.,눈 앞에 백색의 설원이 펼쳐졌다.,백색,,白色,白色,
6급,86,2019.08.24,75,hanjaeo_write,다음 밑줄 친 漢字語를 漢字로 쓰세요.,내년이면 내 나이가 어떻게 되나?,내년,,來年,來年,
6급,86,2019.08.24,76,banui_select,다음 漢字의 반대 또는 상대되는 글자를 골라 그 번호를 쓰세요.,,老,"[""① 小"", ""② 童"", ""③ 古"", ""④ 口""]",②,童,
6급,86,2019.08.24,77,banui_select,다음 漢字의 반대 또는 상대되는 글자를 골라 그 번호를 쓰세요.,,戰,"[""① 冬"", ""② 林"", ""③ 和"", ""④ 內""]",③,和,
6급,86,2019.08.24,78,banui_select,다음 漢字의 반대 또는 상대되는 글자를 골라 그 번호를 쓰세요.,,短,"[""① 強"", ""② 二"", ""③ 界"", ""④ 長""]",④,長,
6급,86,2019.08.24,79,yui,다음 漢字와 뜻이 비슷한 漢字를 골라 그 번호를 쓰세요.,,歌,"[""① 手"", ""② 工"", ""③ 女"", ""④ 樂""]",④,樂,
6급,86,2019.08.24,80,yui,다음 漢字와 뜻이 비슷한 漢字를 골라 그 번호를 쓰세요.,,邑,"[""① 郡"", ""② 理"", ""③ 主"", ""④ 場""]",①,郡,
6급,86,2019.08.24,81,seong-eo,다음 ( ) 안에 알맞은 漢字를 <보기>에서 찾아 그 번호를 쓰세요.,九()一生 : 죽을 고비를 여러 번 넘기고 겨우 살아 남.,九()一生,"[""① 名"", ""② 科"", ""③ 死"", ""④ 然"", ""⑤ 答"", ""⑥ 地"", ""⑦ 心"", ""⑧ 遠""]",③,死,
6급,86,2019.08.24,82,seong-eo,다음 ( ) 안에 알맞은 漢字를 <보기>에서 찾아 그 번호를 쓰세요.,()山大川 : 이름 난 산과 큰 내.,()山大川,"[""① 名"", ""② 科"", ""③ 死"", ""④ 然"", ""⑤ 答"", ""⑥ 地"", ""⑦ 心"", ""⑧ 遠""]",①,名,
6급,86,2019.08.24,83,seong-eo,다음 ( ) 안에 알맞은 漢字를 <보기>에서 찾아 그 번호를 쓰세요.,東西() : 묻는 말에 전혀 엉뚱한 대답을 함.,東問西(),"[""① 名"", ""② 科"", ""③ 死"", ""④ 然"", ""⑤ 答"", ""⑥ 地"", ""⑦ 心"", ""⑧ 遠""]",⑤,答,
6급,86,2019.08.24,84,dongeum,다음 중 소리(音)는 같으나 뜻(訓)이 다른 漢字를 골라 그 번호를 쓰세요.,,朝,"[""① 祖"", ""② 線"", ""③ 夫"", ""④ 近""]",①,祖,
6급,86,2019.08.24,85,dongeum,다음 중 소리(音)는 같으나 뜻(訓)이 다른 漢字를 골라 그 번호를 쓰세요.,,英,"[""① 席"", ""② 病"", ""③ 少"", ""④ 永""]",④,永,
6급,86,2019.08.24,86,mean_select,다음 뜻에 맞는 漢字語를 <보기>에서 찾아 그 번호를 쓰세요.,뜻밖에 일이 잘되어 운이 좋음.,뜻밖에 일이 잘되어 운이 좋음.,"[""① 農事"", ""② 銀行"", ""③ 注意"", ""④ 苦言"", ""⑤ 成功"", ""⑥ 多幸""]",⑥,多幸,
6급,86,2019.08.24,87,mean_select,다음 뜻에 맞는 漢字語를 <보기>에서 찾아 그 번호를 쓰세요.,듣기는 거슬리나 도움이 되는 말,듣기는 거슬리나 도움이 되는 말,"[""① 農事"", ""② 銀行"", ""③ 注意"", ""④ 苦言"", ""⑤ 成功"", ""⑥ 多幸""]",④,苦言,
6급,86,2019.08.24,88,stroke,다음 漢字의 짙게 표시한 획은 몇 번째 쓰는 획인지 <보기>에서 찾아 그 번호를 쓰세요.,,,"[""① 첫 번째"", ""② 두 번째"", ""③ 세 번째"", ""④ 네 번째"", ""⑤ 다섯 번째"", ""⑥ 여섯 번째"", ""⑦ 일곱 번째"", ""⑧ 여덟 번째""]",⑥,여섯 번째,exam-strokes/stroke_6_86_88.png
6급,86,2019.08.24,89,stroke,다음 漢字의 짙게 표시한 획은 몇 번째 쓰는 획인지 <보기>에서 찾아 그 번호를 쓰세요.,,,"[""① 첫 번째"", ""② 두 번째"", ""③ 세 번째"", ""④ 네 번째"", ""⑤ 다섯 번째"", ""⑥ 여섯 번째"", ""⑦ 일곱 번째"", ""⑧ 여덟 번째""]",⑤,다섯 번째,exam-strokes/stroke_6_86_89.png
6급,86,2019.08.24,90,stroke,다음 漢字의 짙게 표시한 획은 몇 번째 쓰는 획인지 <보기>에서 찾아 그 번호를 쓰세요.,,,"[""① 첫 번째"", ""② 두 번째"", ""③ 세 번째"", ""④ 네 번째"", ""⑤ 다섯 번째"", ""⑥ 여섯 번째"", ""⑦ 일곱 번째"", ""⑧ 여덟 번째""]",③,세 번째,exam-strokes/stroke_6_86_90.png
6급,87,2019.11.23,1,dokum,다음 밑줄 친 漢字語의 讀音을 쓰세요.,,感電,,감전,감전,
6급,87,2019.11.23,2,dokum,다음 밑줄 친 漢字語의 讀音을 쓰세요.,,特色,,특색,특색,
6급,87,2019.11.23,3,dokum,다음 밑줄 친 漢字語의 讀音을 쓰세요.,,圖表,,도표,도표,
6급,87,2019.11.23,4,dokum,다음 밑줄 친 漢字語의 讀音을 쓰세요.,,病席,,병석,병석,
6급,87,2019.11.23,5,dokum,다음 밑줄 친 漢字語의 讀音을 쓰세요.,,南向,,남향,남향,
6급,87,2019.11.23,6,dokum,다음 밑줄 친 漢字語의 讀音을 쓰세요.,,溫和,,온화,온화,
6급,87,2019.11.23,7,dokum,다음 밑줄 친 漢字語의 讀音을 쓰세요.,,自省,,자성,자성,
6급,87,2019.11.23,8,dokum,다음 밑줄 친 漢字語의 讀音을 쓰세요.,,多幸,,다행,다행,
6급,87,2019.11.23,9,dokum,다음 밑줄 친 漢字語의 讀音을 쓰세요.,,消失,,소실,소실,
6급,87,2019.11.23,10,dokum,다음 밑줄 친 漢字語의 讀音을 쓰세요.,,書體,,서체,서체,
6급,87,2019.11.23,11,dokum,다음 밑줄 친 漢字語의 讀音을 쓰세요.,,新作,,신작,신작,
6급,87,2019.11.23,12,dokum,다음 밑줄 친 漢字語의 讀音을 쓰세요.,,親交,,친교,친교,
6급,87,2019.11.23,13,dokum,다음 밑줄 친 漢字語의 讀音을 쓰세요.,,苦樂,,고락,고락,
6급,87,2019.11.23,14,dokum,다음 밑줄 친 漢字語의 讀音을 쓰세요.,,現代,,현대,현대,
6급,87,2019.11.23,15,dokum,다음 밑줄 친 漢字語의 讀音을 쓰세요.,,勝算,,승산,승산,
6급,87,2019.11.23,16,dokum,다음 밑줄 친 漢字語의 讀音을 쓰세요.,,便利,,편리,편리,
6급,87,2019.11.23,17,dokum,다음 밑줄 친 漢字語의 讀音을 쓰세요.,,安住,,안주,안주,
6급,87,2019.11.23,18,dokum,다음 밑줄 친 漢字語의 讀音을 쓰세요.,,開始,,개시,개시,
6급,87,2019.11.23,19,dokum,다음 밑줄 친 漢字語의 讀音을 쓰세요.,,藥草,,약초,약초,
6급,87,2019.11.23,20,dokum,다음 밑줄 친 漢字語의 讀音을 쓰세요.,,西風,,서풍,서풍,
6급,87,2019.11.23,21,dokum,다음 밑줄 친 漢字語의 讀音을 쓰세요.,,火山,,화산,화산,
6급,87,2019.11.23,22,dokum,다음 밑줄 친 漢字語의 讀音을 쓰세요.,,禮服,,예복,예복,
6급,87,2019.11.23,23,dokum,다음 밑줄 친 漢字語의 讀音을 쓰세요.,,發明,,발명,발명,
6급,87,2019.11.23,24,dokum,다음 밑줄 친 漢字語의 讀音을 쓰세요.,,注油,,주유,주유,
6급,87,2019.11.23,25,dokum,다음 밑줄 친 漢字語의 讀音을 쓰세요.,,童話,,동화,동화,
6급,87,2019.11.23,26,dokum,다음 밑줄 친 漢字語의 讀音을 쓰세요.,,路線,,노선,노선,
6급,87,2019.11.23,27,dokum,다음 밑줄 친 漢字語의 讀音을 쓰세요.,,庭園,,정원,정원,
6급,87,2019.11.23,28,dokum,다음 밑줄 친 漢字語의 讀音을 쓰세요.,,記者,,기자,기자,
6급,87,2019.11.23,29,dokum,다음 밑줄 친 漢字語의 讀音을 쓰세요.,,家族,,가족,가족,
6급,87,2019.11.23,30,dokum,다음 밑줄 친 漢字語의 讀音을 쓰세요.,,林業,,임업,임업,
6급,87,2019.11.23,31,dokum,다음 밑줄 친 漢字語의 讀音을 쓰세요.,,銀行,,은행,은행,
6급,87,2019.11.23,32,dokum,다음 밑줄 친 漢字語의 讀音을 쓰세요.,,所信,,소신,소신,
6급,87,2019.11.23,33,dokum,다음 밑줄 친 漢字語의 讀音을 쓰세요.,,半白,,반백,반백,
6급,87,2019.11.23,34,hunum,다음 漢字의 訓과 音을 쓰세요.,,放,,놓을 방,놓을 방,
6급,87,2019.11.23,35,hunum,다음 漢字의 訓과 音을 쓰세요.,,雪,,눈 설,눈 설,
6급,87,2019.11.23,36,hunum,다음 漢字의 訓과 音을 쓰세요.,,夜,,밤 야,밤 야,
6급,87,2019.11.23,37,hunum,다음 漢字의 訓과 音을 쓰세요.,,集,,모을 집,모을 집,
6급,87,2019.11.23,38,hunum,다음 漢字의 訓과 音을 쓰세요.,,愛,,사랑 애,사랑 애,
6급,87,2019.11.23,39,hunum,다음 漢字의 訓과 音을 쓰세요.,,意,,뜻 의,뜻 의,
6급,87,2019.11.23,40,hunum,다음 漢字의 訓과 音을 쓰세요.,,江,,강 강,강 강,
6급,87,2019.11.23,41,hunum,다음 漢字의 訓과 音을 쓰세요.,,冬,,겨울 동,겨울 동,
6급,87,2019.11.23,42,hunum,다음 漢字의 訓과 音을 쓰세요.,,樹,,나무 수,나무 수,
6급,87,2019.11.23,43,hunum,다음 漢字의 訓과 音을 쓰세요.,,米,,쌀 미,쌀 미,
6급,87,2019.11.23,44,hunum,다음 漢字의 訓과 音을 쓰세요.,,夏,,여름 하,여름 하,
6급,87,2019.11.23,45,hunum,다음 漢字의 訓과 音을 쓰세요.,,時,,때 시,때 시,
6급,87,2019.11.23,46,hunum,다음 漢字의 訓과 音을 쓰세요.,,頭,,머리 두,머리 두,
6급,87,2019.11.23,47,hunum,다음 漢字의 訓과 音을 쓰세요.,,習,,익힐 습,익힐 습,
6급,87,2019.11.23,48,hunum,다음 漢字의 訓과 音을 쓰세요.,,待,,기다릴 대,기다릴 대,
6급,87,2019.11.23,49,hunum,다음 漢字의 訓과 音을 쓰세요.,,聞,,들을 문,들을 문,
6급,87,2019.11.23,50,hunum,다음 漢字의 訓과 音을 쓰세요.,,重,,무거울 중,무거울 중,
6급,87,2019.11.23,51,hunum,다음 漢字의 訓과 音을 쓰세요.,,球,,공 구,공 구,
6급,87,2019.11.23,52,hunum,다음 漢字의 訓과 音을 쓰세요.,,間,,사이 간,사이 간,
6급,87,2019.11.23,53,hunum,다음 漢字의 訓과 音을 쓰세요.,,通,,통할 통,통할 통,
6급,87,2019.11.23,54,hunum,다음 漢字의 訓과 音을 쓰세요.,,植,,심을 식,심을 식,
6급,87,2019.11.23,55,hunum,다음 漢字의 訓과 音을 쓰세요.,,空,,빌 공,빌 공,
6급,87,2019.11.23,56,hanjaeo_write,다음 밑줄 친 漢字語를 漢字로 쓰세요.,그 집 자식들은 부모님에 대한 효심이 가득하다.,효심,,孝心,孝心,
6급,87,2019.11.23,57,hanjaeo_write,다음 밑줄 친 漢字語를 漢字로 쓰세요.,오늘은 졸업을 축하하는 의미에서 외식을 하자,외식,,外食,外食,
6급,87,2019.11.23,58,hanjaeo_write,다음 밑줄 친 漢字語를 漢字로 쓰세요.,나는 합성 비누보다 천연 비누를 선호한다.,천연,,天然,天然,
6급,87,2019.11.23,59,hanjaeo_write,다음 밑줄 친 漢字語를 漢字로 쓰세요.,배수 시설을 하면서 바닥을 평면으로 처리해 물이 괸다.,평면,,平面,平面,
6급,87,2019.11.23,60,hanjaeo_write,다음 밑줄 친 漢字語를 漢字로 쓰세요.,일에는 절차와 선후가 있다.,선후,,先後,先後,
6급,87,2019.11.23,61,hanjaeo_write,다음 밑줄 친 漢字語를 漢字로 쓰세요.,의원들은 질문에 대한 직답을 요구했다.,직답,,直答,直答,
6급,87,2019.11.23,62,hanjaeo_write,다음 밑줄 친 漢字語를 漢字로 쓰세요.,화살이 과녁에 명중했다.,명중,,命中,命中,
6급,87,2019.11.23,63,hanjaeo_write,다음 밑줄 친 漢字語를 漢字로 쓰세요.,동해에 떠오르는 태양.,동해,,東海,東海,
6급,87,2019.11.23,64,hanjaeo_write,다음 밑줄 친 漢字語를 漢字로 쓰세요.,오늘 오전 수업은 끝났다.,오전,,午前,午前,
6급,87,2019.11.23,65,hanjaeo_write,다음 밑줄 친 漢字語를 漢字로 쓰세요.,파도에 배가 좌우로 흔들린다.,좌우,,左右,左右,
6급,87,2019.11.23,66,hanjaeo_write,다음 밑줄 친 漢字語를 漢字로 쓰세요.,이 식당에서는 인공 조미료를 사용하지 않는다.,인공,,人工,人工,
6급,87,2019.11.23,67,hanjaeo_write,다음 밑줄 친 漢字語를 漢字로 쓰세요.,예산 부족으로 올해는 이 사업을 시행하기 어렵다.,부족,,不足,不足,
6급,87,2019.11.23,68,hanjaeo_write,다음 밑줄 친 漢字語를 漢字로 쓰세요.,박수를 받으며 연주자가 무대에 등장했다.,등장,,登場,登場,
6급,87,2019.11.23,69,hanjaeo_write,다음 밑줄 친 漢字語를 漢字로 쓰세요.,조카는 내년에 초등학교를 간다.,내년,,來年,來年,
6급,87,2019.11.23,70,hanjaeo_write,다음 밑줄 친 漢字語를 漢字로 쓰세요.,선수단이 기수를 따라 입장한다.,기수,,旗手,旗手,
6급,87,2019.11.23,71,hanjaeo_write,다음 밑줄 친 漢字語를 漢字로 쓰세요.,선수 교체 이후 경기가 더 활기차게 진행되었다.,활기,,活氣,活氣,
6급,87,2019.11.23,72,hanjaeo_write,다음 밑줄 친 漢字語를 漢字로 쓰세요.,이 지역은 교육 환경이 열악하다.,교육,,敎育,敎育,
6급,87,2019.11.23,73,hanjaeo_write,다음 밑줄 친 漢字語를 漢字로 쓰세요.,실내 공기가 탁해서 환기를 했다.,실내,,室內,室內,
6급,87,2019.11.23,74,hanjaeo_write,다음 밑줄 친 漢字語를 漢字로 쓰세요.,최근에는 많은 사람이 도시를 떠나 농촌으로 가고 있다.,농촌,,農村,農村,
6급,87,2019.11.23,75,hanjaeo_write,다음 밑줄 친 漢字語를 漢字로 쓰세요.,그는 동생들 뒷바라지에 꽃다운 청춘을 다 바쳤다.,청춘,,靑春,靑春,
6급,87,2019.11.23,76,banui_select,다음 漢字의 반대 또는 상대되는 글자를 골라 그 번호를 쓰세요.,,永,"[""① 短"", ""② 共"", ""③ 老"", ""④ 祖""]",①,短,
6급,87,2019.11.23,77,banui_select,다음 漢字의 반대 또는 상대되는 글자를 골라 그 번호를 쓰세요.,,弟,"[""① 寸"", ""② 兄"", ""③ 堂"", ""④ 在""]",②,兄,
6급,87,2019.11.23,78,banui_select,다음 漢字의 반대 또는 상대되는 글자를 골라 그 번호를 쓰세요.,,近,"[""① 根"", ""② 等"", ""③ 章"", ""④ 遠""]",④,遠,
6급,87,2019.11.23,79,yui,다음 漢字와 뜻이 비슷한 漢字를 골라 그 번호를 쓰세요.,,速,"[""① 番"", ""② 才"", ""③ 急"", ""④ 朴""]",③,急,
6급,87,2019.11.23,80,yui,다음 漢字와 뜻이 비슷한 漢字를 골라 그 번호를 쓰세요.,,名,"[""① 號"", ""② 度"", ""③ 高"", ""④ 運""]",①,號,
6급,87,2019.11.23,81,seong-eo,다음 ( ) 안에 알맞은 漢字를 <보기>에서 찾아 그 번호를 쓰세요.,一日三() : 하루가 삼 년같다.,一日三(),"[""① 短"", ""② 共"", ""③ 老"", ""④ 祖"", ""⑤ 物"", ""⑥ 夕"", ""⑦ 陽"", ""⑧ 戰""]",②,共,
6급,87,2019.11.23,82,seong-eo,다음 ( ) 안에 알맞은 漢字를 <보기>에서 찾아 그 번호를 쓰세요.,花朝月() : 꽃 피는 아침과달 밝은 밤.,花朝月(),"[""① 短"", ""② 共"", ""③ 老"", ""④ 祖"", ""⑤ 物"", ""⑥ 夕"", ""⑦ 陽"", ""⑧ 戰""]",⑥,夕,
6급,87,2019.11.23,83,seong-eo,다음 ( ) 안에 알맞은 漢字를 <보기>에서 찾아 그 번호를 쓰세요.,野生動() : 산이나 들에서저절로 나서자라는 동물.,野生動(),"[""① 短"", ""② 共"", ""③ 老"", ""④ 祖"", ""⑤ 物"", ""⑥ 夕"", ""⑦ 陽"", ""⑧ 戰""]",⑤,物,
6급,87,2019.11.23,84,dongeum,다음 중 소리(音)는 같으나 뜻(訓)이 다른 漢字를 골라 그 번호를 쓰세요.,,果,"[""① 使"", ""② 休"", ""③ 術"", ""④ 科""]",④,科,
6급,87,2019.11.23,85,dongeum,다음 중 소리(音)는 같으나 뜻(訓)이 다른 漢字를 골라 그 번호를 쓰세요.,,勇,"[""① 班"", ""② 用"", ""③ 式"", ""④ 洋""]",②,用,
6급,87,2019.11.23,86,mean_select,다음 뜻에 맞는 漢字語를 <보기>에서 찾아 그 번호를 쓰세요.,어제와 오늘,어제와 오늘,"[""① 強弱"", ""② 太古"", ""③ 昨今"", ""④ 大小"", ""⑤ 綠地"", ""⑥ 黃土""]",③,昨今,
6급,87,2019.11.23,87,mean_select,다음 뜻에 맞는 漢字語를 <보기>에서 찾아 그 번호를 쓰세요.,초목이 무성한 땅,초목이 무성한 땅,"[""① 強弱"", ""② 太古"", ""③ 昨今"", ""④ 大小"", ""⑤ 綠地"", ""⑥ 黃土""]",⑤,綠地,
6급,87,2019.11.23,88,stroke,다음 漢字의 짙게 표시한 획은 몇 번째 쓰는 획인지 <보기>에서 찾아 그 번호를 쓰세요.,,,"[""① 첫 번째"", ""② 두 번째"", ""③ 세 번째"", ""④ 네 번째"", ""⑤ 다섯 번째"", ""⑥ 여섯 번째"", ""⑦ 일곱 번째"", ""⑧ 여덟 번째"", ""⑨ 아홉 번째"", ""⑩ 열 번째""]",⑤,다섯 번째,exam-strokes/stroke_6_87_88.png
6급,87,2019.11.23,89,stroke,다음 漢字의 짙게 표시한 획은 몇 번째 쓰는 획인지 <보기>에서 찾아 그 번호를 쓰세요.,,,"[""① 첫 번째"", ""② 두 번째"", ""③ 세 번째"", ""④ 네 번째"", ""⑤ 다섯 번째"", ""⑥ 여섯 번째"", ""⑦ 일곱 번째"", ""⑧ 여덟 번째"", ""⑨ 아홉 번째"", ""⑩ 열 번째""]",⑥,여섯 번째,exam-strokes/stroke_6_87_89.png
6급,87,2019.11.23,90,stroke,다음 漢字의 짙게 표시한 획은 몇 번째 쓰는 획인지 <보기>에서 찾아 그 번호를 쓰세요.,,,"[""① 첫 번째"", ""② 두 번째"", ""③ 세 번째"", ""④ 네 번째"", ""⑤ 다섯 번째"", ""⑥ 여섯 번째"", ""⑦ 일곱 번째"", ""⑧ 여덟 번째"", ""⑨ 아홉 번째"", ""⑩ 열 번째""]",⑩,열 번째,exam-strokes/stroke_6_87_90.png
6급,90,2020.08.22,1,dokum,다음 밑줄 친 漢字語의 讀音을 쓰세요.,,學父母,,학부모,학부모,
6급,90,2020.08.22,2,dokum,다음 밑줄 친 漢字語의 讀音을 쓰세요.,,天才,,천재,천재,
6급,90,2020.08.22,3,dokum,다음 밑줄 친 漢字語의 讀音을 쓰세요.,,成功,,성공,성공,
6급,90,2020.08.22,4,dokum,다음 밑줄 친 漢字語의 讀音을 쓰세요.,,南風,,남풍,남풍,
6급,90,2020.08.22,5,dokum,다음 밑줄 친 漢字語의 讀音을 쓰세요.,,愛國,,애국,애국,
6급,90,2020.08.22,6,dokum,다음 밑줄 친 漢字語의 讀音을 쓰세요.,,集中,,집중,집중,
6급,90,2020.08.22,7,dokum,다음 밑줄 친 漢字語의 讀音을 쓰세요.,,勝利,,승리,승리,
6급,90,2020.08.22,8,dokum,다음 밑줄 친 漢字語의 讀音을 쓰세요.,,反省,,반성,반성,
6급,90,2020.08.22,9,dokum,다음 밑줄 친 漢字語의 讀音을 쓰세요.,,運身,,운신,운신,
6급,90,2020.08.22,10,dokum,다음 밑줄 친 漢字語의 讀音을 쓰세요.,,行間,,행간,행간,
6급,90,2020.08.22,11,dokum,다음 밑줄 친 漢字語의 讀音을 쓰세요.,,童話,,동화,동화,
6급,90,2020.08.22,12,dokum,다음 밑줄 친 漢字語의 讀音을 쓰세요.,,形言,,형언,형언,
6급,90,2020.08.22,13,dokum,다음 밑줄 친 漢字語의 讀音을 쓰세요.,,醫術,,의술,의술,
6급,90,2020.08.22,14,dokum,다음 밑줄 친 漢字語의 讀音을 쓰세요.,,窓門,,창문,창문,
6급,90,2020.08.22,15,dokum,다음 밑줄 친 漢字語의 讀音을 쓰세요.,,海洋,,해양,해양,
6급,90,2020.08.22,16,dokum,다음 밑줄 친 漢字語의 讀音을 쓰세요.,,直感,,직감,직감,
6급,90,2020.08.22,17,dokum,다음 밑줄 친 漢字語의 讀音을 쓰세요.,,本業,,본업,본업,
6급,90,2020.08.22,18,dokum,다음 밑줄 친 漢字語의 讀音을 쓰세요.,,公共,,공공,공공,
6급,90,2020.08.22,19,dokum,다음 밑줄 친 漢字語의 讀音을 쓰세요.,,面目,,면목,면목,
6급,90,2020.08.22,20,dokum,다음 밑줄 친 漢字語의 讀音을 쓰세요.,,表出,,표출,표출,
6급,90,2020.08.22,21,dokum,다음 밑줄 친 漢字語의 讀音을 쓰세요.,,前方,,전방,전방,
6급,90,2020.08.22,22,dokum,다음 밑줄 친 漢字語의 讀音을 쓰세요.,,始作,,시작,시작,
6급,90,2020.08.22,23,dokum,다음 밑줄 친 漢字語의 讀音을 쓰세요.,,注意,,주의,주의,
6급,90,2020.08.22,24,dokum,다음 밑줄 친 漢字語의 讀音을 쓰세요.,,夜光,,야광,야광,
6급,90,2020.08.22,25,dokum,다음 밑줄 친 漢字語의 讀音을 쓰세요.,,圖式,,도식,도식,
6급,90,2020.08.22,26,dokum,다음 밑줄 친 漢字語의 讀音을 쓰세요.,,正色,,정색,정색,
6급,90,2020.08.22,27,dokum,다음 밑줄 친 漢字語의 讀音을 쓰세요.,,口頭,,구두,구두,
6급,90,2020.08.22,28,dokum,다음 밑줄 친 漢字語의 讀音을 쓰세요.,,消失,,소실,소실,
6급,90,2020.08.22,29,dokum,다음 밑줄 친 漢字語의 讀音을 쓰세요.,,家庭,,가정,가정,
6급,90,2020.08.22,30,dokum,다음 밑줄 친 漢字語의 讀音을 쓰세요.,,通信,,통신,통신,
6급,90,2020.08.22,31,dokum,다음 밑줄 친 漢字語의 讀音을 쓰세요.,,草綠,,초록,초록,
6급,90,2020.08.22,32,dokum,다음 밑줄 친 漢字語의 讀音을 쓰세요.,,樂園,,낙원,낙원,
6급,90,2020.08.22,33,dokum,다음 밑줄 친 漢字語의 讀音을 쓰세요.,,太陽,,태양,태양,
6급,90,2020.08.22,34,hunum,다음 漢字의 訓과 音을 쓰세요.,,堂,,집 당,집 당,
6급,90,2020.08.22,35,hunum,다음 漢字의 訓과 音을 쓰세요.,,路,,길 로,길 로,
6급,90,2020.08.22,36,hunum,다음 漢字의 訓과 音을 쓰세요.,,弟,,아우 제,아우 제,
6급,90,2020.08.22,37,hunum,다음 漢字의 訓과 音을 쓰세요.,,長,,긴 장,긴 장,
6급,90,2020.08.22,38,hunum,다음 漢字의 訓과 音을 쓰세요.,,待,,기다릴 대,기다릴 대,
6급,90,2020.08.22,39,hunum,다음 漢字의 訓과 音을 쓰세요.,,夏,,여름 하,여름 하,
6급,90,2020.08.22,40,hunum,다음 漢字의 訓과 音을 쓰세요.,,育,,기를 육,기를 육,
6급,90,2020.08.22,41,hunum,다음 漢字의 訓과 音을 쓰세요.,,休,,쉴 휴,쉴 휴,
6급,90,2020.08.22,42,hunum,다음 漢字의 訓과 音을 쓰세요.,,合,,합할 합,합할 합,
6급,90,2020.08.22,43,hunum,다음 漢字의 訓과 音을 쓰세요.,,溫,,따뜻할 온,따뜻할 온,
6급,90,2020.08.22,44,hunum,다음 漢字의 訓과 音을 쓰세요.,,然,,그럴 연,그럴 연,
6급,90,2020.08.22,45,hunum,다음 漢字의 訓과 音을 쓰세요.,,區,,구분할 | 지경 구,구분할 | 지경 구,
6급,90,2020.08.22,46,hunum,다음 漢字의 訓과 音을 쓰세요.,,油,,기름 유,기름 유,
6급,90,2020.08.22,47,hunum,다음 漢字의 訓과 音을 쓰세요.,,號,,이름 호,이름 호,
6급,90,2020.08.22,48,hunum,다음 漢字의 訓과 音을 쓰세요.,,禮,,예도 례,예도 례,
6급,90,2020.08.22,49,hunum,다음 漢字의 訓과 音을 쓰세요.,,族,,겨레 족,겨레 족,
6급,90,2020.08.22,50,hunum,다음 漢字의 訓과 音을 쓰세요.,,地,,따 지,따 지,
6급,90,2020.08.22,51,hunum,다음 漢字의 訓과 音을 쓰세요.,,現,,나타날 현,나타날 현,
6급,90,2020.08.22,52,hunum,다음 漢字의 訓과 音을 쓰세요.,,畫,,그림 화 | 그을 획,그림 화 | 그을 획,
6급,90,2020.08.22,53,hunum,다음 漢字의 訓과 音을 쓰세요.,,特,,특별할 특,특별할 특,
6급,90,2020.08.22,54,hunum,다음 漢字의 訓과 音을 쓰세요.,,答,,대답 답,대답 답,
6급,90,2020.08.22,55,hunum,다음 漢字의 訓과 音을 쓰세요.,,角,,뿔 각,뿔 각,
6급,90,2020.08.22,56,hanjaeo_write,다음 밑줄 친 漢字語를 漢字로 쓰세요.,전 아직도 초등학교 교가를 다 기억합니다.,교가,,校歌,校歌,
6급,90,2020.08.22,57,hanjaeo_write,다음 밑줄 친 漢字語를 漢字로 쓰세요.,겨울에는 실내 활동이 많아집니다.,실내,,室內,室內,
6급,90,2020.08.22,58,hanjaeo_write,다음 밑줄 친 漢字語를 漢字로 쓰세요.,식생활을 바꿔 활력을 되찾았습니다.,활력,,活力,活力,
6급,90,2020.08.22,59,hanjaeo_write,다음 밑줄 친 漢字語를 漢字로 쓰세요.,모두 편안한 주말 보내시도록 기원하겠습니다.,편안,,便安,便安,
6급,90,2020.08.22,60,hanjaeo_write,다음 밑줄 친 漢字語를 漢字로 쓰세요.,태풍이 북상하고 있습니다.,북상,,北上,北上,
6급,90,2020.08.22,61,hanjaeo_write,다음 밑줄 친 漢字語를 漢字로 쓰세요.,아름다운 우리의 강산을 영원토록 후손에게 물려줍시다.,강산,,江山,江山,
6급,90,2020.08.22,62,hanjaeo_write,다음 밑줄 친 漢字語를 漢字로 쓰세요.,머리가 무거워지면 시외로 바람 쐬러 나갑니다.,시외,,市外,市外,
6급,90,2020.08.22,63,hanjaeo_write,다음 밑줄 친 漢字語를 漢字로 쓰세요.,저의 부족한 점을 여러분의 도움으로 채울 수 있었습니다.,부족,,不足,不足,
6급,90,2020.08.22,64,hanjaeo_write,다음 밑줄 친 漢字語를 漢字로 쓰세요.,이 장난감은 수동으로만 움직입니다.,수동,,手動,手動,
6급,90,2020.08.22,65,hanjaeo_write,다음 밑줄 친 漢字語를 漢字로 쓰세요.,사회자는 토론에서 중대한 역할을 합니다.,중대,,重大,重大,
6급,90,2020.08.22,66,hanjaeo_write,다음 밑줄 친 漢字語를 漢字로 쓰세요.,적군은 결국 백기를 들고 항복했습니다.,백기,,白旗,白旗,
6급,90,2020.08.22,67,hanjaeo_write,다음 밑줄 친 漢字語를 漢字로 쓰세요.,김 기자는 기사 마감 시간을 잘 지킵니다.,기사,,記事,記事,
6급,90,2020.08.22,68,hanjaeo_write,다음 밑줄 친 漢字語를 漢字로 쓰세요.,사람의 목숨 즉 인명을 중히여겨야 합니다.,인명,,人命,人命,
6급,90,2020.08.22,69,hanjaeo_write,다음 밑줄 친 漢字語를 漢字로 쓰세요.,그는 어렸을 때부터 산수를 잘했습니다.,산수,,算數,算數,
6급,90,2020.08.22,70,hanjaeo_write,다음 밑줄 친 漢字語를 漢字로 쓰세요.,시험은 전국에서 동시에 진행됩니다.,동시,,同時,同時,
6급,90,2020.08.22,71,hanjaeo_write,다음 밑줄 친 漢字語를 漢字로 쓰세요.,추석이 되면 온 식구가 다 모입니다.,추석,,秋夕,秋夕,
6급,90,2020.08.22,72,hanjaeo_write,다음 밑줄 친 漢字語를 漢字로 쓰세요.,나주 지방의 명물로는 배를 칩니다.,명물,,名物,名物,
6급,90,2020.08.22,73,hanjaeo_write,다음 밑줄 친 漢字語를 漢字로 쓰세요.,선생님은 자녀가 몇이나 됩니까?,자녀,,子女,子女,
6급,90,2020.08.22,74,hanjaeo_write,다음 밑줄 친 漢字語를 漢字로 쓰세요.,깨끗한 공기의 중요성은 아무리 강조해도 지나침이 없습니다.,공기,,空氣,空氣,
6급,90,2020.08.22,75,hanjaeo_write,다음 밑줄 친 漢字語를 漢字로 쓰세요.,그는 퇴직 후에 농부가 될 계획입니다.,농부,,農夫,農夫,
6급,90,2020.08.22,76,banui_select,다음 漢字의 반대 또는 상대되는 글자를 골라 그 번호를 쓰세요.,,弱,"[""① 強"", ""② 後"", ""③ 明"", ""④ 美""]",①,強,
6급,90,2020.08.22,77,banui_select,다음 漢字의 반대 또는 상대되는 글자를 골라 그 번호를 쓰세요.,,遠,"[""① 對"", ""② 近"", ""③ 使"", ""④ 習""]",②,近,
6급,90,2020.08.22,78,banui_select,다음 漢字의 반대 또는 상대되는 글자를 골라 그 번호를 쓰세요.,,祖,"[""① 樹"", ""② 世"", ""③ 銀"", ""④ 孫""]",④,孫,
6급,90,2020.08.22,79,yui,다음 漢字와 뜻이 비슷한 漢字를 골라 그 번호를 쓰세요.,,分,"[""① 和"", ""② 別"", ""③ 少"", ""④ 發""]",②,別,
6급,90,2020.08.22,80,yui,다음 漢字와 뜻이 비슷한 漢字를 골라 그 번호를 쓰세요.,,敎,"[""① 章"", ""② 登"", ""③ 訓"", ""④ 線""]",③,訓,
6급,90,2020.08.22,81,seong-eo,다음 ( ) 안에 알맞은 漢字를 <보기>에서 찾아 그 번호를 쓰세요.,"東西古() : 동양과 서양, 옛날과 지금을 통틀어이르는 말.",東西古(),"[""① 今"", ""② 苦"", ""③ 在"", ""④ 死"", ""⑤ 淸"", ""⑥ 病"", ""⑦ 藥"", ""⑧ 計""]",①,今,
6급,90,2020.08.22,82,seong-eo,다음 ( ) 안에 알맞은 漢字를 <보기>에서 찾아 그 번호를 쓰세요.,九()一生 : 여러 차례 죽을 고비를 넘기고 살아남.,九()一生,"[""① 今"", ""② 苦"", ""③ 在"", ""④ 死"", ""⑤ 淸"", ""⑥ 病"", ""⑦ 藥"", ""⑧ 計""]",④,死,
6급,90,2020.08.22,83,seong-eo,다음 ( ) 안에 알맞은 漢字를 <보기>에서 찾아 그 번호를 쓰세요.,自由自() : 거침없이 자기 마음대로 할 수 있음.,自由自(),"[""① 今"", ""② 苦"", ""③ 在"", ""④ 死"", ""⑤ 淸"", ""⑥ 病"", ""⑦ 藥"", ""⑧ 計""]",③,在,
6급,90,2020.08.22,84,dongeum,다음 중 소리(音)는 같으나 뜻(訓)이 다른 漢字를 골라 그 번호를 쓰세요.,,晝,"[""① 神"", ""② 書"", ""③ 住"", ""④ 黃""]",③,住,
6급,90,2020.08.22,85,dongeum,다음 중 소리(音)는 같으나 뜻(訓)이 다른 漢字를 골라 그 번호를 쓰세요.,,席,"[""① 朝"", ""② 理"", ""③ 石"", ""④ 英""]",③,石,
6급,90,2020.08.22,86,mean_select,다음 뜻에 맞는 漢字語를 <보기>에서 찾아 그 번호를 쓰세요.,나무를 심음.,나무를 심음.,"[""① 多幸"", ""② 靑春"", ""③ 孝道"", ""④ 衣服"", ""⑤ 植木"", ""⑥ 開花""]",⑤,植木,
6급,90,2020.08.22,87,mean_select,다음 뜻에 맞는 漢字語를 <보기>에서 찾아 그 번호를 쓰세요.,새싹이 파랗게 돋아나는 봄철. 인생의 젊은 나이,새싹이 파랗게 돋아나는 봄철. 인생의 젊은 나이,"[""① 多幸"", ""② 靑春"", ""③ 孝道"", ""④ 衣服"", ""⑤ 植木"", ""⑥ 開花""]",②,靑春,
6급,90,2020.08.22,88,stroke,다음 漢字의 짙게 표시한 획은 몇 번째 쓰는 획인지 <보기>에서 찾아 그 번호를 쓰세요.,,,"[""① 첫 번째"", ""② 두 번째"", ""③ 세 번째"", ""④ 네 번째"", ""⑤ 다섯 번째"", ""⑥ 여섯 번째"", ""⑦ 일곱 번째"", ""⑧ 여덟 번째"", ""⑨ 아홉 번째"", ""⑩ 열 번째""]",④,네 번째,exam-strokes/stroke_6_90_88.png
6급,90,2020.08.22,89,stroke,다음 漢字의 짙게 표시한 획은 몇 번째 쓰는 획인지 <보기>에서 찾아 그 번호를 쓰세요.,,,"[""① 첫 번째"", ""② 두 번째"", ""③ 세 번째"", ""④ 네 번째"", ""⑤ 다섯 번째"", ""⑥ 여섯 번째"", ""⑦ 일곱 번째"", ""⑧ 여덟 번째"", ""⑨ 아홉 번째"", ""⑩ 열 번째""]",⑥,여섯 번째,exam-strokes/stroke_6_90_89.png
6급,90,2020.08.22,90,stroke,다음 漢字의 짙게 표시한 획은 몇 번째 쓰는 획인지 <보기>에서 찾아 그 번호를 쓰세요.,,,"[""① 첫 번째"", ""② 두 번째"", ""③ 세 번째"", ""④ 네 번째"", ""⑤ 다섯 번째"", ""⑥ 여섯 번째"", ""⑦ 일곱 번째"", ""⑧ 여덟 번째"", ""⑨ 아홉 번째"", ""⑩ 열 번째""]",⑩,열 번째,exam-strokes/stroke_6_90_90.png
6급,91,2020.11.21,1,dokum,다음 밑줄 친 漢字語의 讀音을 쓰세요.,,對答,,대답,대답,
6급,91,2020.11.21,2,dokum,다음 밑줄 친 漢字語의 讀音을 쓰세요.,,區分,,온화,온화,
6급,91,2020.11.21,3,dokum,다음 밑줄 친 漢字語의 讀音을 쓰세요.,,千里,,예물,예물,
6급,91,2020.11.21,4,dokum,다음 밑줄 친 漢字語의 讀音을 쓰세요.,,角度,,각도,각도,
6급,91,2020.11.21,5,dokum,다음 밑줄 친 漢字語의 讀音을 쓰세요.,,科目,,과목,과목,
6급,91,2020.11.21,6,dokum,다음 밑줄 친 漢字語의 讀音을 쓰세요.,,書堂,,서당,서당,
6급,91,2020.11.21,7,dokum,다음 밑줄 친 漢字語의 讀音을 쓰세요.,,現在,,현재,현재,
6급,91,2020.11.21,8,dokum,다음 밑줄 친 漢字語의 讀音을 쓰세요.,,各界,,각계,각계,
6급,91,2020.11.21,9,dokum,다음 밑줄 친 漢字語의 讀音을 쓰세요.,,通路,,통로,통로,
6급,91,2020.11.21,10,dokum,다음 밑줄 친 漢字語의 讀音을 쓰세요.,,光線,,광선,광선,
6급,91,2020.11.21,11,dokum,다음 밑줄 친 漢字語의 讀音을 쓰세요.,,感服,,감복,감복,
6급,91,2020.11.21,12,dokum,다음 밑줄 친 漢字語의 讀音을 쓰세요.,,然後,,연후,연후,
6급,91,2020.11.21,13,dokum,다음 밑줄 친 漢字語의 讀音을 쓰세요.,,區分,,구분,구분,
6급,91,2020.11.21,14,dokum,다음 밑줄 친 漢字語의 讀音을 쓰세요.,,注油,,주유,주유,
6급,91,2020.11.21,15,dokum,다음 밑줄 친 漢字語의 讀音을 쓰세요.,,番號,,번호,번호,
6급,91,2020.11.21,16,dokum,다음 밑줄 친 漢字語의 讀音을 쓰세요.,,同族,,동족,동족,
6급,91,2020.11.21,17,dokum,다음 밑줄 친 漢字語의 讀音을 쓰세요.,,地方,,지방,지방,
6급,91,2020.11.21,18,dokum,다음 밑줄 친 漢字語의 讀音을 쓰세요.,,特別,,특별,특별,
6급,91,2020.11.21,19,dokum,다음 밑줄 친 漢字語의 讀音을 쓰세요.,,合計,,합계,합계,
6급,91,2020.11.21,20,dokum,다음 밑줄 친 漢字語의 讀音을 쓰세요.,,休戰,,휴전,휴전,
6급,91,2020.11.21,21,dokum,다음 밑줄 친 漢字語의 讀音을 쓰세요.,,公開,,공개,공개,
6급,91,2020.11.21,22,dokum,다음 밑줄 친 漢字語의 讀音을 쓰세요.,,多幸,,다행,다행,
6급,91,2020.11.21,23,dokum,다음 밑줄 친 漢字語의 讀音을 쓰세요.,,神童,,신동,신동,
6급,91,2020.11.21,24,dokum,다음 밑줄 친 漢字語의 讀音을 쓰세요.,,草綠,,초록,초록,
6급,91,2020.11.21,25,dokum,다음 밑줄 친 漢字語의 讀音을 쓰세요.,,利用,,이용,이용,
6급,91,2020.11.21,26,dokum,다음 밑줄 친 漢字語의 讀音을 쓰세요.,,新聞,,신문,신문,
6급,91,2020.11.21,27,dokum,다음 밑줄 친 漢字語의 讀音을 쓰세요.,,米飮,,미음,미음,
6급,91,2020.11.21,28,dokum,다음 밑줄 친 漢字語의 讀音을 쓰세요.,,消風,,소풍,소풍,
6급,91,2020.11.21,29,dokum,다음 밑줄 친 漢字語의 讀音을 쓰세요.,,美術,,미술,미술,
6급,91,2020.11.21,30,dokum,다음 밑줄 친 漢字語의 讀音을 쓰세요.,,作業,,작업,작업,
6급,91,2020.11.21,31,dokum,다음 밑줄 친 漢字語의 讀音을 쓰세요.,,親庭,,친정,친정,
6급,91,2020.11.21,32,dokum,다음 밑줄 친 漢字語의 讀音을 쓰세요.,,表面,,표면,표면,
6급,91,2020.11.21,33,dokum,다음 밑줄 친 漢字語의 讀音을 쓰세요.,,英才,,영재,영재,
6급,91,2020.11.21,34,hunum,다음 漢字의 訓과 音을 쓰세요.,,班,,나눌 반,나눌 반,
6급,91,2020.11.21,35,hunum,다음 漢字의 訓과 音을 쓰세요.,,黃,,누를 황,누를 황,
6급,91,2020.11.21,36,hunum,다음 漢字의 訓과 音을 쓰세요.,,雪,,눈 설,눈 설,
6급,91,2020.11.21,37,hunum,다음 漢字의 訓과 音을 쓰세요.,,根,,뿌리 근,뿌리 근,
6급,91,2020.11.21,38,hunum,다음 漢字의 訓과 音을 쓰세요.,,太,,클 태,클 태,
6급,91,2020.11.21,39,hunum,다음 漢字의 訓과 音을 쓰세요.,,昨,,어제 작,어제 작,
6급,91,2020.11.21,40,hunum,다음 漢字의 訓과 音을 쓰세요.,,永,,길 영,길 영,
6급,91,2020.11.21,41,hunum,다음 漢字의 訓과 音을 쓰세요.,,放,,놓을 방,놓을 방,
6급,91,2020.11.21,42,hunum,다음 漢字의 訓과 音을 쓰세요.,,今,,이제 금,이제 금,
6급,91,2020.11.21,43,hunum,다음 漢字의 訓과 音을 쓰세요.,,共,,한가지 공,한가지 공,
6급,91,2020.11.21,44,hunum,다음 漢字의 訓과 音을 쓰세요.,,明,,밝을 명,밝을 명,
6급,91,2020.11.21,45,hunum,다음 漢字의 訓과 音을 쓰세요.,,孫,,손자 손,손자 손,
6급,91,2020.11.21,46,hunum,다음 漢字의 訓과 音을 쓰세요.,,集,,모을 집,모을 집,
6급,91,2020.11.21,47,hunum,다음 漢字의 訓과 音을 쓰세요.,,形,,모양 형,모양 형,
6급,91,2020.11.21,48,hunum,다음 漢字의 訓과 音을 쓰세요.,,運,,옮길 운,옮길 운,
6급,91,2020.11.21,49,hunum,다음 漢字의 訓과 音을 쓰세요.,,急,,급할 급,급할 급,
6급,91,2020.11.21,50,hunum,다음 漢字의 訓과 音을 쓰세요.,,身,,몸 신,몸 신,
6급,91,2020.11.21,51,hunum,다음 漢字의 訓과 音을 쓰세요.,,席,,자리 석,자리 석,
6급,91,2020.11.21,52,hunum,다음 漢字의 訓과 音을 쓰세요.,,頭,,머리 두,머리 두,
6급,91,2020.11.21,53,hunum,다음 漢字의 訓과 音을 쓰세요.,,交,,사귈 교,사귈 교,
6급,91,2020.11.21,54,hunum,다음 漢字의 訓과 音을 쓰세요.,,衣,,옷 의,옷 의,
6급,91,2020.11.21,55,hunum,다음 漢字의 訓과 音을 쓰세요.,,勝,,이길 승,이길 승,
6급,91,2020.11.21,56,hanjaeo_write,다음 밑줄 친 漢字語를 漢字로 쓰세요.,태호는 수업 시간 내내 계속 졸았습니다.,시간,,時間,時間,
6급,91,2020.11.21,57,hanjaeo_write,다음 밑줄 친 漢字語를 漢字로 쓰세요.,이 도로는 차도와 인도의 구분이 없어 매우 위험합니다.,차도,,車道,車道,
6급,91,2020.11.21,58,hanjaeo_write,다음 밑줄 친 漢字語를 漢字로 쓰세요.,양궁 선수가 쏜 화살이 과녁의 한가운데에 명중했습니다.,명중,,命中,命中,
6급,91,2020.11.21,59,hanjaeo_write,다음 밑줄 친 漢字語를 漢字로 쓰세요.,병원에 가시려면 반대편 출구로 나가세요.,출구,,出口,出口,
6급,91,2020.11.21,60,hanjaeo_write,다음 밑줄 친 漢字語를 漢字로 쓰세요.,시간이 나면 언제 등산이나 갑시다.,등산,,登山,登山,
6급,91,2020.11.21,61,hanjaeo_write,다음 밑줄 친 漢字語를 漢字로 쓰세요.,이 서류에 전화번호만 기입을 해 주세요.,기입,,記入,記入,
6급,91,2020.11.21,62,hanjaeo_write,다음 밑줄 친 漢字語를 漢字로 쓰세요.,내가 다니는 학교는 남녀 공학입니다.,남녀,,男女,男女,
6급,91,2020.11.21,63,hanjaeo_write,다음 밑줄 친 漢字語를 漢字로 쓰세요.,이 카메라는 거리를 자동으로 조정해 줍니다.,자동,,自動,自動,
6급,91,2020.11.21,64,hanjaeo_write,다음 밑줄 친 漢字語를 漢字로 쓰세요.,일단 너는 집에 가서 부모님을 안심시켜 드려라,안심,,安心,安心,
6급,91,2020.11.21,65,hanjaeo_write,다음 밑줄 친 漢字語를 漢字로 쓰세요.,우리는 내일 점심을 함께 먹기로 했습니다.,내일,,來日,來日,
6급,91,2020.11.21,66,hanjaeo_write,다음 밑줄 친 漢字語를 漢字로 쓰세요.,그녀는 칠순 노모를 봉양하며 열심히 살아갑니다.,노모,,老母,老母,
6급,91,2020.11.21,67,hanjaeo_write,다음 밑줄 친 漢字語를 漢字로 쓰세요.,오늘은 입춘인데 눈이 많이 내립니다.,입춘,,立春,立春,
6급,91,2020.11.21,68,hanjaeo_write,다음 밑줄 친 漢字語를 漢字로 쓰세요.,매월 월급에서 20만 원씩 저금을 합니다.,매월,,每月,每月,
6급,91,2020.11.21,69,hanjaeo_write,다음 밑줄 친 漢字語를 漢字로 쓰세요.,경주는 옛 사찰로 유명한 관광도시입니다.,유명,,有名,有名,
6급,91,2020.11.21,70,hanjaeo_write,다음 밑줄 친 漢字語를 漢字로 쓰세요.,하수도 공사에 인부들이 땀을 흘리고 있습니다.,인부,,人夫,人夫,
6급,91,2020.11.21,71,hanjaeo_write,다음 밑줄 친 漢字語를 漢字로 쓰세요.,무지방 우유는 일반 백색 우유보다 가격이 더 비쌉니다.,백색,,白色,白色,
6급,91,2020.11.21,72,hanjaeo_write,다음 밑줄 친 漢字語를 漢字로 쓰세요.,우리가 만났던 장소가 바로 여기예요.,장소,,場所,場所,
6급,91,2020.11.21,73,hanjaeo_write,다음 밑줄 친 漢字語를 漢字로 쓰세요.,식구들이 모처럼 한자리에 앉아 식사를 하였습니다.,식사,,食事,食事,
6급,91,2020.11.21,74,hanjaeo_write,다음 밑줄 친 漢字語를 漢字로 쓰세요.,자정을 넘기기 전에 일을 마쳐야 합니다.,자정,,子正,子正,
6급,91,2020.11.21,75,hanjaeo_write,다음 밑줄 친 漢字語를 漢字로 쓰세요.,그는 선조 대대로 살아온 고향을 지키며 살고 있습니다.,선조,,先祖,先祖,
6급,91,2020.11.21,76,banui_select,다음 漢字의 반대 또는 상대되는 글자를 골라 그 번호를 쓰세요.,,苦,"[""① 高"", ""② 午"", ""③ 王"", ""④ 樂""]",④,樂,
6급,91,2020.11.21,77,banui_select,다음 漢字의 반대 또는 상대되는 글자를 골라 그 번호를 쓰세요.,,死,"[""① 活"", ""② 住"", ""③ 者"", ""④ 窓""]",①,活,
6급,91,2020.11.21,78,banui_select,다음 漢字의 반대 또는 상대되는 글자를 골라 그 번호를 쓰세요.,,夕,"[""① 始"", ""② 算"", ""③ 朝"", ""④ 冬""]",③,朝,
6급,91,2020.11.21,79,yui,다음 漢字와 뜻이 비슷한 漢字를 골라 그 번호를 쓰세요.,,木,"[""① 花"", ""② 樹"", ""③ 水"", ""④ 村""]",②,樹,
6급,91,2020.11.21,80,yui,다음 漢字와 뜻이 비슷한 漢字를 골라 그 번호를 쓰세요.,,圖,"[""① 章"", ""② 畫"", ""③ 銀"", ""④ 果""]",②,畫,
6급,91,2020.11.21,81,seong-eo,다음 ( ) 안에 알맞은 漢字를 <보기>에서 찾아 그 번호를 쓰세요.,門前()市 :,門前()市,"[""① 花"", ""② 樹"", ""③ 水"", ""④ 村"", ""⑤ 遠"", ""⑥ 川"", ""⑦ 小"", ""⑧ 省""]",④,村,
6급,91,2020.11.21,82,seong-eo,다음 ( ) 안에 알맞은 漢字를 <보기>에서 찾아 그 번호를 쓰세요.,晝夜長() : 밤낮으로 쉬지 아 니하고 연달아.,晝夜長(),"[""① 花"", ""② 樹"", ""③ 水"", ""④ 村"", ""⑤ 遠"", ""⑥ 川"", ""⑦ 小"", ""⑧ 省""]",⑥,川,
6급,91,2020.11.21,83,seong-eo,다음 ( ) 안에 알맞은 漢字를 <보기>에서 찾아 그 번호를 쓰세요.,不()千里 : 천 리 길도 멀다고 여기지 않음.,不()千里,"[""① 花"", ""② 樹"", ""③ 水"", ""④ 村"", ""⑤ 遠"", ""⑥ 川"", ""⑦ 小"", ""⑧ 省""]",⑤,遠,
6급,91,2020.11.21,84,dongeum,다음 중 소리(音)는 같으나 뜻(訓)이 다른 漢字를 골라 그 번호를 쓰세요.,,弱,"[""① 藥"", ""② 京"", ""③ 足"", ""④ 強""]",①,藥,
6급,91,2020.11.21,85,dongeum,다음 중 소리(音)는 같으나 뜻(訓)이 다른 漢字를 골라 그 번호를 쓰세요.,,式,"[""① 等"", ""② 郡"", ""③ 朴"", ""④ 植""]",④,植,
6급,91,2020.11.21,86,mean_select,다음 뜻에 맞는 漢字語를 <보기>에서 찾아 그 번호를 쓰세요.,학교를 상징하는 노래,학교를 상징하는 노래,"[""① 學習"", ""② 失手"", ""③ 電話"", ""④ 速行"", ""⑤ 校歌"", ""⑥ 理由""]",⑤,校歌,
6급,91,2020.11.21,87,mean_select,다음 뜻에 맞는 漢字語를 <보기>에서 찾아 그 번호를 쓰세요.,빨리 행함.,빨리 행함.,"[""① 學習"", ""② 失手"", ""③ 電話"", ""④ 速行"", ""⑤ 校歌"", ""⑥ 理由""]",④,速行,
6급,91,2020.11.21,88,stroke,다음 漢字의 짙게 표시한 획은 몇 번째 쓰는 획인지 <보기>에서 찾아 그 번호를 쓰세요.,,,"[""① 첫 번째"", ""② 두 번째"", ""③ 세 번째"", ""④ 네 번째"", ""⑤ 다섯 번째"", ""⑥ 여섯 번째"", ""⑦ 일곱 번째"", ""⑧ 여덟 번째"", ""⑨ 아홉 번째"", ""⑩ 열 번째""]",⑤,다섯 번째,exam-strokes/stroke_6_91_88.png
6급,91,2020.11.21,89,stroke,다음 漢字의 짙게 표시한 획은 몇 번째 쓰는 획인지 <보기>에서 찾아 그 번호를 쓰세요.,,,"[""① 첫 번째"", ""② 두 번째"", ""③ 세 번째"", ""④ 네 번째"", ""⑤ 다섯 번째"", ""⑥ 여섯 번째"", ""⑦ 일곱 번째"", ""⑧ 여덟 번째"", ""⑨ 아홉 번째"", ""⑩ 열 번째""]",⑦,일곱 번째,exam-strokes/stroke_6_91_89.png
6급,91,2020.11.21,90,stroke,다음 漢字의 짙게 표시한 획은 몇 번째 쓰는 획인지 <보기>에서 찾아 그 번호를 쓰세요.,,,"[""① 첫 번째"", ""② 두 번째"", ""③ 세 번째"", ""④ 네 번째"", ""⑤ 다섯 번째"", ""⑥ 여섯 번째"", ""⑦ 일곱 번째"", ""⑧ 여덟 번째"", ""⑨ 아홉 번째"", ""⑩ 열 번째""]",⑧,여덟 번째,exam-strokes/stroke_6_91_90.png
6급,92,2021.05.15,1,dokum,다음 밑줄 친 漢字語의 讀音을 쓰세요.,,明月,,이유,이유,
6급,92,2021.05.15,2,dokum,다음 밑줄 친 漢字語의 讀音을 쓰세요.,,古代,,고대,고대,
6급,92,2021.05.15,3,dokum,다음 밑줄 친 漢字語의 讀音을 쓰세요.,,老弱,,노약,노약,
6급,92,2021.05.15,4,dokum,다음 밑줄 친 漢字語의 讀音을 쓰세요.,,病者,,병자,병자,
6급,92,2021.05.15,5,dokum,다음 밑줄 친 漢字語의 讀音을 쓰세요.,,愛用,,애용,애용,
6급,92,2021.05.15,6,dokum,다음 밑줄 친 漢字語의 讀音을 쓰세요.,,集計,,집계,집계,
6급,92,2021.05.15,7,dokum,다음 밑줄 친 漢字語의 讀音을 쓰세요.,,體感,,체감,체감,
6급,92,2021.05.15,8,dokum,다음 밑줄 친 漢字語의 讀音을 쓰세요.,,太陽,,태양,태양,
6급,92,2021.05.15,9,dokum,다음 밑줄 친 漢字語의 讀音을 쓰세요.,,神通,,신통,신통,
6급,92,2021.05.15,10,dokum,다음 밑줄 친 漢字語의 讀音을 쓰세요.,,苦學,,고학,고학,
6급,92,2021.05.15,11,dokum,다음 밑줄 친 漢字語의 讀音을 쓰세요.,,發表,,발표,발표,
6급,92,2021.05.15,12,dokum,다음 밑줄 친 漢字語의 讀音을 쓰세요.,,分野,,분야,분야,
6급,92,2021.05.15,13,dokum,다음 밑줄 친 漢字語의 讀音을 쓰세요.,,遠洋,,원양,원양,
6급,92,2021.05.15,14,dokum,다음 밑줄 친 漢字語의 讀音을 쓰세요.,,強行,,강행,강행,
6급,92,2021.05.15,15,dokum,다음 밑줄 친 漢字語의 讀音을 쓰세요.,,番地,,번지,번지,
6급,92,2021.05.15,16,dokum,다음 밑줄 친 漢字語의 讀音을 쓰세요.,,開放,,개방,개방,
6급,92,2021.05.15,17,dokum,다음 밑줄 친 漢字語의 讀音을 쓰세요.,,新正,,신정,신정,
6급,92,2021.05.15,18,dokum,다음 밑줄 친 漢字語의 讀音을 쓰세요.,,作別,,작별,작별,
6급,92,2021.05.15,19,dokum,다음 밑줄 친 漢字語의 讀音을 쓰세요.,,失禮,,실례,실례,
6급,92,2021.05.15,20,dokum,다음 밑줄 친 漢字語의 讀音을 쓰세요.,,公式,,공식,공식,
6급,92,2021.05.15,21,dokum,다음 밑줄 친 漢字語의 讀音을 쓰세요.,,根本,,근본,근본,
6급,92,2021.05.15,22,dokum,다음 밑줄 친 漢字語의 讀音을 쓰세요.,,算術,,산술,산술,
6급,92,2021.05.15,23,dokum,다음 밑줄 친 漢字語의 讀音을 쓰세요.,,短身,,단신,단신,
6급,92,2021.05.15,24,dokum,다음 밑줄 친 漢字語의 讀音을 쓰세요.,,藥草,,약초,약초,
6급,92,2021.05.15,25,dokum,다음 밑줄 친 漢字語의 讀音을 쓰세요.,,名言,,명언,명언,
6급,92,2021.05.15,26,dokum,다음 밑줄 친 漢字語의 讀音을 쓰세요.,,育英,,육영,육영,
6급,92,2021.05.15,27,dokum,다음 밑줄 친 漢字語의 讀音을 쓰세요.,,溫和,,온화,온화,
6급,92,2021.05.15,28,dokum,다음 밑줄 친 漢字語의 讀音을 쓰세요.,,庭園,,정원,정원,
6급,92,2021.05.15,29,dokum,다음 밑줄 친 漢字語의 讀音을 쓰세요.,,信號,,신호,신호,
6급,92,2021.05.15,30,dokum,다음 밑줄 친 漢字語의 讀音을 쓰세요.,,對等,,대등,대등,
6급,92,2021.05.15,31,dokum,다음 밑줄 친 漢字語의 讀音을 쓰세요.,,圖章,,도장,도장,
6급,92,2021.05.15,32,dokum,다음 밑줄 친 漢字語의 讀音을 쓰세요.,,路面,,노면,노면,
6급,92,2021.05.15,33,dokum,다음 밑줄 친 漢字語의 讀音을 쓰세요.,,直線,,직선,직선,
6급,92,2021.05.15,34,hunum,다음 漢字의 訓과 音을 쓰세요.,,現,,나타날 현,나타날 현,
6급,92,2021.05.15,35,hunum,다음 漢字의 訓과 音을 쓰세요.,,京,,서울 경,서울 경,
6급,92,2021.05.15,36,hunum,다음 漢字의 訓과 音을 쓰세요.,,窓,,창 창,창 창,
6급,92,2021.05.15,37,hunum,다음 漢字의 訓과 音을 쓰세요.,,注,,부을 주,부을 주,
6급,92,2021.05.15,38,hunum,다음 漢字의 訓과 音을 쓰세요.,,昨,,어제 작,어제 작,
6급,92,2021.05.15,39,hunum,다음 漢字의 訓과 音을 쓰세요.,,習,,익힐 습,익힐 습,
6급,92,2021.05.15,40,hunum,다음 漢字의 訓과 音을 쓰세요.,,例,,법식 례,법식 례,
6급,92,2021.05.15,41,hunum,다음 漢字의 訓과 音을 쓰세요.,,球,,공 구,공 구,
6급,92,2021.05.15,42,hunum,다음 漢字의 訓과 音을 쓰세요.,,飮,,마실 음,마실 음,
6급,92,2021.05.15,43,hunum,다음 漢字의 訓과 音을 쓰세요.,,待,,기다릴 대,기다릴 대,
6급,92,2021.05.15,44,hunum,다음 漢字의 訓과 音을 쓰세요.,,消,,사라질 소,사라질 소,
6급,92,2021.05.15,45,hunum,다음 漢字의 訓과 音을 쓰세요.,,族,,겨레 족,겨레 족,
6급,92,2021.05.15,46,hunum,다음 漢字의 訓과 音을 쓰세요.,,死,,죽을 사,죽을 사,
6급,92,2021.05.15,47,hunum,다음 漢字의 訓과 音을 쓰세요.,,植,,심을 식,심을 식,
6급,92,2021.05.15,48,hunum,다음 漢字의 訓과 音을 쓰세요.,,在,,있을 재,있을 재,
6급,92,2021.05.15,49,hunum,다음 漢字의 訓과 音을 쓰세요.,,共,,한가지 공,한가지 공,
6급,92,2021.05.15,50,hunum,다음 漢字의 訓과 音을 쓰세요.,,多,,많을 다,많을 다,
6급,92,2021.05.15,51,hunum,다음 漢字의 訓과 音을 쓰세요.,,合,,합할 합,합할 합,
6급,92,2021.05.15,52,hunum,다음 漢字의 訓과 音을 쓰세요.,,始,,비로소 시,비로소 시,
6급,92,2021.05.15,53,hunum,다음 漢字의 訓과 音을 쓰세요.,,近,,가까울 근,가까울 근,
6급,92,2021.05.15,54,hunum,다음 漢字의 訓과 音을 쓰세요.,,利,,이할 리,이할 리,
6급,92,2021.05.15,55,hunum,다음 漢字의 訓과 音을 쓰세요.,,醫,,의원 의,의원 의,
6급,92,2021.05.15,56,hanjaeo_write,다음 밑줄 친 漢字語를 漢字로 쓰세요.,그녀는 평생을 오직 교사의 길을 걸어왔습니다.,평생,,平生,平生,
6급,92,2021.05.15,57,hanjaeo_write,다음 밑줄 친 漢字語를 漢字로 쓰세요.,다음은 시립 가무단의 공연이 있겠습니다.,시립,,市立,市立,
6급,92,2021.05.15,58,hanjaeo_write,다음 밑줄 친 漢字語를 漢字로 쓰세요.,군인아저씨들이 힘차게 군가를 부릅니다.,군가,,軍歌,軍歌,
6급,92,2021.05.15,59,hanjaeo_write,다음 밑줄 친 漢字語를 漢字로 쓰세요.,철수는 휴일 아침마다 늦잠을 잡니다.,휴일,,休日,休日,
6급,92,2021.05.15,60,hanjaeo_write,다음 밑줄 친 漢字語를 漢字로 쓰세요.,너는 얼굴도 예쁘고 공부도 잘하잖아,공부,,工夫,工夫,
6급,92,2021.05.15,61,hanjaeo_write,다음 밑줄 친 漢字語를 漢字로 쓰세요.,그녀는 홀로된 아버지를 모시고 사는 효녀입니다.,효녀,,孝女,孝女,
6급,92,2021.05.15,62,hanjaeo_write,다음 밑줄 친 漢字語를 漢字로 쓰세요.,그 교회는 작지만 교인은 매우 많습니다.,교인,,敎人,敎人,
6급,92,2021.05.15,63,hanjaeo_write,다음 밑줄 친 漢字語를 漢字로 쓰세요.,야외 활동 시 미세먼지를 조심해야 합니다.,활동,,活動,活動,
6급,92,2021.05.15,64,hanjaeo_write,다음 밑줄 친 漢字語를 漢字로 쓰세요.,책상 위 공간이 넓어서 쓰기에 편리합니다.,공간,,空間,空間,
6급,92,2021.05.15,65,hanjaeo_write,다음 밑줄 친 漢字語를 漢字로 쓰세요.,우리 학교의 교화는 철쭉입니다.,교화,,校花,校花,
6급,92,2021.05.15,66,hanjaeo_write,다음 밑줄 친 漢字語를 漢字로 쓰세요.,이 공원은 어린이는 무료입장입니다.,입장,,入場,入場,
6급,92,2021.05.15,67,hanjaeo_write,다음 밑줄 친 漢字語를 漢字로 쓰세요.,이 생수는 식수로 적합합니다.,식수,,食水,食水,
6급,92,2021.05.15,68,hanjaeo_write,다음 밑줄 친 漢字語를 漢字로 쓰세요.,오늘 마을 회의는 이장 집에서 열렸습니다.,이장,,里長,里長,
6급,92,2021.05.15,69,hanjaeo_write,다음 밑줄 친 漢字語를 漢字로 쓰세요.,우리 마을은 산간 지대라 교통이 불편합니다.,불편,,不便,不便,
6급,92,2021.05.15,70,hanjaeo_write,다음 밑줄 친 漢字語를 漢字로 쓰세요.,아버지는 통장에서 이십만 원을 출금했습니다.,출금,,出金,出金,
6급,92,2021.05.15,71,hanjaeo_write,다음 밑줄 친 漢字語를 漢字로 쓰세요.,한복을 입은 기수가 태극기를 들고 입장합니다.,기수,,旗手,旗手,
6급,92,2021.05.15,72,hanjaeo_write,다음 밑줄 친 漢字語를 漢字로 쓰세요.,그와 나는 같은 고등학교 동문입니다.,동문,,同門,同門,
6급,92,2021.05.15,73,hanjaeo_write,다음 밑줄 친 漢字語를 漢字로 쓰세요.,아무도 그 사람의 주소를 아는 사람이 없습니다.,주소,,住所,住所,
6급,92,2021.05.15,74,hanjaeo_write,다음 밑줄 친 漢字語를 漢字로 쓰세요.,무분별하게 나무를 베어 산림이 파괴되었습니다.,산림,,山林,山林,
6급,92,2021.05.15,75,hanjaeo_write,다음 밑줄 친 漢字語를 漢字로 쓰세요.,사람들이 사방에서 몰려듭니다.,사방,,四方,四方,
6급,92,2021.05.15,76,banui_select,다음 漢字의 반대 또는 상대되는 글자를 골라 그 번호를 쓰세요.,,晝,"[""① 郡"", ""② 午"", ""③ 邑"", ""④ 夜""]",④,夜,
6급,92,2021.05.15,77,banui_select,다음 漢字의 반대 또는 상대되는 글자를 골라 그 번호를 쓰세요.,,先,"[""① 春"", ""② 前"", ""③ 形"", ""④ 後""]",④,後,
6급,92,2021.05.15,78,banui_select,다음 漢字의 반대 또는 상대되는 글자를 골라 그 번호를 쓰세요.,,祖,"[""① 孫"", ""② 兄"", ""③ 王"", ""④ 民""]",①,孫,
6급,92,2021.05.15,79,yui,다음 漢字와 뜻이 비슷한 漢字를 골라 그 번호를 쓰세요.,,室,"[""① 家"", ""② 內"", ""③ 村"", ""④ 黃""]",①,家,
6급,92,2021.05.15,80,yui,다음 漢字와 뜻이 비슷한 漢字를 골라 그 번호를 쓰세요.,,衣,"[""① 主"", ""② 姓"", ""③ 服"", ""④ 使""]",③,服,
6급,92,2021.05.15,81,seong-eo,다음 ( ) 안에 알맞은 漢字를 <보기>에서 찾아 그 번호를 쓰세요.,()風明月 : 맑은 바람과 밝은 달.,()風明月,"[""① 戰"", ""② 南"", ""③ 有"", ""④ 靑"", ""⑤ 電"", ""⑥ 東"", ""⑦ 油"", ""⑧ 淸""]",⑧,淸,
6급,92,2021.05.15,82,seong-eo,다음 ( ) 안에 알맞은 漢字를 <보기>에서 찾아 그 번호를 쓰세요.,()光石火 : 번갯불이나 부싯,()光石火,"[""① 戰"", ""② 南"", ""③ 有"", ""④ 靑"", ""⑤ 電"", ""⑥ 東"", ""⑦ 油"", ""⑧ 淸""]",⑤,電,
6급,92,2021.05.15,83,seong-eo,다음 ( ) 안에 알맞은 漢字를 <보기>에서 찾아 그 번호를 쓰세요.,父子()親 : 아버지와 아들 사이의 도리는 친애,父子()親,"[""① 戰"", ""② 南"", ""③ 有"", ""④ 靑"", ""⑤ 電"", ""⑥ 東"", ""⑦ 油"", ""⑧ 淸""]",③,有,
6급,92,2021.05.15,84,dongeum,다음 중 소리(音)는 같으나 뜻(訓)이 다른 漢字를 골라 그 번호를 쓰세요.,,各,"[""① 省"", ""② 雪"", ""③ 角"", ""④ 命""]",③,角,
6급,92,2021.05.15,85,dongeum,다음 중 소리(音)는 같으나 뜻(訓)이 다른 漢字를 골라 그 번호를 쓰세요.,,米,"[""① 木"", ""② 朴"", ""③ 樂"", ""④ 美""]",④,美,
6급,92,2021.05.15,86,mean_select,다음 뜻에 맞는 漢字語를 <보기>에서 찾아 그 번호를 쓰세요.,꽤 빨리 적음.,꽤 빨리 적음.,"[""① 書堂"", ""② 每年"", ""③ 樹上"", ""④ 科目"", ""⑤ 速記"", ""⑥ 童話""]",⑤,速記,
6급,92,2021.05.15,87,mean_select,다음 뜻에 맞는 漢字語를 <보기>에서 찾아 그 번호를 쓰세요.,나무의 위,나무의 위,"[""① 書堂"", ""② 每年"", ""③ 樹上"", ""④ 科目"", ""⑤ 速記"", ""⑥ 童話""]",③,樹上,
6급,92,2021.05.15,88,stroke,다음 漢字의 짙게 표시한 획은 몇 번째 쓰는 획인지 <보기>에서 찾아 그 번호를 쓰세요.,,,"[""① 첫 번째"", ""② 두 번째"", ""③ 세 번째"", ""④ 네 번째"", ""⑤ 다섯 번째"", ""⑥ 여섯 번째"", ""⑦ 일곱 번째"", ""⑧ 여덟 번째"", ""⑨ 아홉 번째"", ""⑩ 열 번째""]",⑥,여섯 번째,exam-strokes/stroke_6_92_88.png
6급,92,2021.05.15,89,stroke,다음 漢字의 짙게 표시한 획은 몇 번째 쓰는 획인지 <보기>에서 찾아 그 번호를 쓰세요.,,,"[""① 첫 번째"", ""② 두 번째"", ""③ 세 번째"", ""④ 네 번째"", ""⑤ 다섯 번째"", ""⑥ 여섯 번째"", ""⑦ 일곱 번째"", ""⑧ 여덟 번째"", ""⑨ 아홉 번째"", ""⑩ 열 번째""]",⑧,여덟 번째,exam-strokes/stroke_6_92_89.png
6급,92,2021.05.15,90,stroke,다음 漢字의 짙게 표시한 획은 몇 번째 쓰는 획인지 <보기>에서 찾아 그 번호를 쓰세요.,,,"[""① 첫 번째"", ""② 두 번째"", ""③ 세 번째"", ""④ 네 번째"", ""⑤ 다섯 번째"", ""⑥ 여섯 번째"", ""⑦ 일곱 번째"", ""⑧ 여덟 번째"", ""⑨ 아홉 번째"", ""⑩ 열 번째""]",⑥,여섯 번째,exam-strokes/stroke_6_92_90.png
6급,93,2021.07.10,1,dokum,다음 밑줄 친 漢字語의 讀音을 쓰세요.,,定例,,정례,정례,
6급,93,2021.07.10,2,dokum,다음 밑줄 친 漢字語의 讀音을 쓰세요.,,目前,,목전,목전,
6급,93,2021.07.10,3,dokum,다음 밑줄 친 漢字語의 讀音을 쓰세요.,,南部,,남부,남부,
6급,93,2021.07.10,4,dokum,다음 밑줄 친 漢字語의 讀音을 쓰세요.,,交通,,교통,교통,
6급,93,2021.07.10,5,dokum,다음 밑줄 친 漢字語의 讀音을 쓰세요.,,樹形,,수형,수형,
6급,93,2021.07.10,6,dokum,다음 밑줄 친 漢字語의 讀音을 쓰세요.,,校服,,교복,교복,
6급,93,2021.07.10,7,dokum,다음 밑줄 친 漢字語의 讀音을 쓰세요.,,山神,,산신,산신,
6급,93,2021.07.10,8,dokum,다음 밑줄 친 漢字語의 讀音을 쓰세요.,,利用,,이용,이용,
6급,93,2021.07.10,9,dokum,다음 밑줄 친 漢字語의 讀音을 쓰세요.,,林野,,임야,임야,
6급,93,2021.07.10,10,dokum,다음 밑줄 친 漢字語의 讀音을 쓰세요.,,名勝,,명승,명승,
6급,93,2021.07.10,11,dokum,다음 밑줄 친 漢字語의 讀音을 쓰세요.,,夜行,,야행,야행,
6급,93,2021.07.10,12,dokum,다음 밑줄 친 漢字語의 讀音을 쓰세요.,,急速,,급속,급속,
6급,93,2021.07.10,13,dokum,다음 밑줄 친 漢字語의 讀音을 쓰세요.,,直角,,직각,직각,
6급,93,2021.07.10,14,dokum,다음 밑줄 친 漢字語의 讀音을 쓰세요.,,等級,,등급,등급,
6급,93,2021.07.10,15,dokum,다음 밑줄 친 漢字語의 讀音을 쓰세요.,,使命,,사명,사명,
6급,93,2021.07.10,16,dokum,다음 밑줄 친 漢字語의 讀音을 쓰세요.,,路線,,노선,노선,
6급,93,2021.07.10,17,dokum,다음 밑줄 친 漢字語의 讀音을 쓰세요.,,對立,,대립,대립,
6급,93,2021.07.10,18,dokum,다음 밑줄 친 漢字語의 讀音을 쓰세요.,,多感,,다감,다감,
6급,93,2021.07.10,19,dokum,다음 밑줄 친 漢字語의 讀音을 쓰세요.,,太陽,,태양,태양,
6급,93,2021.07.10,20,dokum,다음 밑줄 친 漢字語의 讀音을 쓰세요.,,集中,,집중,집중,
6급,93,2021.07.10,21,dokum,다음 밑줄 친 漢字語의 讀音을 쓰세요.,,和合,,화합,화합,
6급,93,2021.07.10,22,dokum,다음 밑줄 친 漢字語의 讀音을 쓰세요.,,醫術,,의술,의술,
6급,93,2021.07.10,23,dokum,다음 밑줄 친 漢字語의 讀音을 쓰세요.,,表現,,표현,표현,
6급,93,2021.07.10,24,dokum,다음 밑줄 친 漢字語의 讀音을 쓰세요.,,體重,,체중,체중,
6급,93,2021.07.10,25,dokum,다음 밑줄 친 漢字語의 讀音을 쓰세요.,,書畫,,서화,서화,
6급,93,2021.07.10,26,dokum,다음 밑줄 친 漢字語의 讀音을 쓰세요.,,靑綠,,청록,청록,
6급,93,2021.07.10,27,dokum,다음 밑줄 친 漢字語의 讀音을 쓰세요.,,本業,,본업,본업,
6급,93,2021.07.10,28,dokum,다음 밑줄 친 漢字語의 讀音을 쓰세요.,,答禮,,답례,답례,
6급,93,2021.07.10,29,dokum,다음 밑줄 친 漢字語의 讀音을 쓰세요.,,發足,,발족,발족,
6급,93,2021.07.10,30,dokum,다음 밑줄 친 漢字語의 讀音을 쓰세요.,,淸風,,청풍,청풍,
6급,93,2021.07.10,31,dokum,다음 밑줄 친 漢字語의 讀音을 쓰세요.,,溫度,,온도,온도,
6급,93,2021.07.10,32,dokum,다음 밑줄 친 漢字語의 讀音을 쓰세요.,,木石,,목석,목석,
6급,93,2021.07.10,33,dokum,다음 밑줄 친 漢字語의 讀音을 쓰세요.,,半開,,반개,반개,
6급,93,2021.07.10,34,hunum,다음 漢字의 訓과 音을 쓰세요.,,病,,병 병,병 병,
6급,93,2021.07.10,35,hunum,다음 漢字의 訓과 音을 쓰세요.,,洋,,큰바다 양,큰바다 양,
6급,93,2021.07.10,36,hunum,다음 漢字의 訓과 音을 쓰세요.,,習,,익힐 습,익힐 습,
6급,93,2021.07.10,37,hunum,다음 漢字의 訓과 音을 쓰세요.,,特,,특별할 특,특별할 특,
6급,93,2021.07.10,38,hunum,다음 漢字의 訓과 音을 쓰세요.,,遠,,멀 원,멀 원,
6급,93,2021.07.10,39,hunum,다음 漢字의 訓과 音을 쓰세요.,,英,,꽃부리 영,꽃부리 영,
6급,93,2021.07.10,40,hunum,다음 漢字의 訓과 音을 쓰세요.,,勇,,날랠 용,날랠 용,
6급,93,2021.07.10,41,hunum,다음 漢字의 訓과 音을 쓰세요.,,愛,,사랑 애,사랑 애,
6급,93,2021.07.10,42,hunum,다음 漢字의 訓과 音을 쓰세요.,,章,,글 장,글 장,
6급,93,2021.07.10,43,hunum,다음 漢字의 訓과 音을 쓰세요.,,近,,가까울 근,가까울 근,
6급,93,2021.07.10,44,hunum,다음 漢字의 訓과 音을 쓰세요.,,省,,살필 성 | 덜 생,살필 성 | 덜 생,
6급,93,2021.07.10,45,hunum,다음 漢字의 訓과 音을 쓰세요.,,球,,공 구,공 구,
6급,93,2021.07.10,46,hunum,다음 漢字의 訓과 音을 쓰세요.,,根,,뿌리 근,뿌리 근,
6급,93,2021.07.10,47,hunum,다음 漢字의 訓과 音을 쓰세요.,,童,,아이 동,아이 동,
6급,93,2021.07.10,48,hunum,다음 漢字의 訓과 音을 쓰세요.,,弱,,약할 약,약할 약,
6급,93,2021.07.10,49,hunum,다음 漢字의 訓과 音을 쓰세요.,,向,,향할 향,향할 향,
6급,93,2021.07.10,50,hunum,다음 漢字의 訓과 音을 쓰세요.,,黃,,누를 황,누를 황,
6급,93,2021.07.10,51,hunum,다음 漢字의 訓과 音을 쓰세요.,,圖,,그림 도,그림 도,
6급,93,2021.07.10,52,hunum,다음 漢字의 訓과 音을 쓰세요.,,頭,,머리 두,머리 두,
6급,93,2021.07.10,53,hunum,다음 漢字의 訓과 音을 쓰세요.,,失,,잃을 실,잃을 실,
6급,93,2021.07.10,54,hunum,다음 漢字의 訓과 音을 쓰세요.,,米,,쌀 미,쌀 미,
6급,93,2021.07.10,55,hunum,다음 漢字의 訓과 音을 쓰세요.,,朝,,아침 조,아침 조,
6급,93,2021.07.10,56,banui_select,다음 漢字와 뜻이 반대(또는 상대)되는 것을 골라 그 번호를 쓰세요.,,苦,"[""① 待"", ""② 各"", ""③ 樂"", ""④ 理""]",③,樂,
6급,93,2021.07.10,57,banui_select,다음 漢字와 뜻이 반대(또는 상대)되는 것을 골라 그 번호를 쓰세요.,,祖,"[""① 然"", ""② 世"", ""③ 反"", ""④ 孫""]",④,孫,
6급,93,2021.07.10,58,banui_select,다음 漢字와 뜻이 반대(또는 상대)되는 것을 골라 그 번호를 쓰세요.,,昨,"[""① 者"", ""② 今"", ""③ 夏"", ""④ 主""]",②,今,
6급,93,2021.07.10,59,yui,다음 漢字와 뜻이 같거나 비슷한 것을 골라 그 번호를 쓰세요.,,區,"[""① 晝"", ""② 育"", ""③ 休"", ""④ 分""]",④,分,
6급,93,2021.07.10,60,yui,다음 漢字와 뜻이 같거나 비슷한 것을 골라 그 번호를 쓰세요.,,郡,"[""① 番"", ""② 新"", ""③ 消"", ""④ 邑""]",④,邑,
6급,93,2021.07.10,61,dongeum,다음 漢字와 소리(音)는 같으나 뜻(訓)이 다른 것을 골라 그 번호를 쓰세요.,,席,"[""① 夕"", ""② 飮"", ""③ 銀"", ""④ 西""]",①,夕,
6급,93,2021.07.10,62,dongeum,다음 漢字와 소리(音)는 같으나 뜻(訓)이 다른 것을 골라 그 번호를 쓰세요.,,意,"[""① 雪"", ""② 先"", ""③ 式"", ""④ 衣""]",④,衣,
6급,93,2021.07.10,63,seong-eo,다음 ( ) 안에 알맞은 漢字를 <보기>에서 찾아 그 번호를 쓰세요.,九()一生 : 아홉 번 죽을 뻔하다 한 번 살아남.,九()一生,"[""① 待"", ""② 各"", ""③ 樂"", ""④ 理"", ""⑤ 油"", ""⑥ 天"", ""⑦ 死"", ""⑧ 古""]",⑦,死,
6급,93,2021.07.10,64,seong-eo,다음 ( ) 안에 알맞은 漢字를 <보기>에서 찾아 그 번호를 쓰세요.,別有()地 : 이 세상과 따로존재하는 세계.,別有()地,"[""① 待"", ""② 各"", ""③ 樂"", ""④ 理"", ""⑤ 油"", ""⑥ 天"", ""⑦ 死"", ""⑧ 古""]",⑥,天,
6급,93,2021.07.10,65,seong-eo,다음 ( ) 안에 알맞은 漢字를 <보기>에서 찾아 그 번호를 쓰세요.,自由自() : 모든 것을 자기마음대로 할 수있음.,自由自(),"[""① 待"", ""② 各"", ""③ 樂"", ""④ 理"", ""⑤ 油"", ""⑥ 天"", ""⑦ 死"", ""⑧ 古""]",②,各,
6급,93,2021.07.10,66,mean_select,다음 뜻에 맞는 漢字語를 <보기>에서 찾아 그 번호를 쓰세요.,동네 어귀,동네 어귀,"[""① 明年"", ""② 不便"", ""③ 後園"", ""④ 洞口"", ""⑤ 戰功"", ""⑥ 每號""]",④,洞口,
6급,93,2021.07.10,67,mean_select,다음 뜻에 맞는 漢字語를 <보기>에서 찾아 그 번호를 쓰세요.,올해의 다음.,올해의 다음.,"[""① 明年"", ""② 不便"", ""③ 後園"", ""④ 洞口"", ""⑤ 戰功"", ""⑥ 每號""]",①,明年,
6급,93,2021.07.10,68,hanjaeo_write,다음 밑줄 친 漢字語를 漢字로 쓰세요.,거의 대부분의 업무가 전산으로 처리됩니다.,전산,,電算,電算,
6급,93,2021.07.10,69,hanjaeo_write,다음 밑줄 친 漢字語를 漢字로 쓰세요.,고추 농사는 비옥한 농토에서 잘 됩니다.,농토,,農土,農土,
6급,93,2021.07.10,70,hanjaeo_write,다음 밑줄 친 漢字語를 漢字로 쓰세요.,광장에는 평시보다 많은 사람들이 모였습니다.,평시,,平時,平時,
6급,93,2021.07.10,71,hanjaeo_write,다음 밑줄 친 漢字語를 漢字로 쓰세요.,동물의 눈은 인간의 눈보다 빛을 더 잘 감지합니다.,인간,,人間,人間,
6급,93,2021.07.10,72,hanjaeo_write,다음 밑줄 친 漢字語를 漢字로 쓰세요.,문제를 해결할 새로운 방도를 찾아보겠습니다.,방도,,方道,方道,
6급,93,2021.07.10,73,hanjaeo_write,다음 밑줄 친 漢字語를 漢字로 쓰세요.,벽난로의 화기가 거실을 따뜻하게 해줍니다.,화기,,火氣,火氣,
6급,93,2021.07.10,74,hanjaeo_write,다음 밑줄 친 漢字語를 漢字로 쓰세요.,빈 칸에 이름을 기입해 주세요.,기입,,記入,記入,
6급,93,2021.07.10,75,hanjaeo_write,다음 밑줄 친 漢字語를 漢字로 쓰세요.,삼촌은 조용한 시골에 안주하여 농사를 짓습니다.,안주,,安住,安住,
6급,93,2021.07.10,76,hanjaeo_write,다음 밑줄 친 漢字語를 漢字로 쓰세요.,알록달록한 색지 공예품에 자꾸 눈이 갑니다.,색지,,色紙,色紙,
6급,93,2021.07.10,77,hanjaeo_write,다음 밑줄 친 漢字語를 漢字로 쓰세요.,오늘은 바쁘시니 내일 다시 찾아뵙겠습니다.,내일,,來日,來日,
6급,93,2021.07.10,78,hanjaeo_write,다음 밑줄 친 漢字語를 漢字로 쓰세요.,요즘 남편들도 가사를 돕는 시간이 늘었습니다.,가사,,家事,家事,
6급,93,2021.07.10,79,hanjaeo_write,다음 밑줄 친 漢字語를 漢字로 쓰세요.,우주의 기원에 관한 새로운 학설이 등장했습니다.,등장,,登場,登場,
6급,93,2021.07.10,80,hanjaeo_write,다음 밑줄 친 漢字語를 漢字로 쓰세요.,이곳은 야생 동물 보호 구역입니다.,동물,,動物,動物,
6급,93,2021.07.10,81,hanjaeo_write,다음 밑줄 친 漢字語를 漢字로 쓰세요.,이번에 서울 시장을 새로 뽑았습니다.,시장,,市長,市長,
6급,93,2021.07.10,82,hanjaeo_write,다음 밑줄 친 漢字語를 漢字로 쓰세요.,임금은 민심을 살피려고 암행어사를 파견했습니다.,민심,,民心,民心,
6급,93,2021.07.10,83,hanjaeo_write,다음 밑줄 친 漢字語를 漢字로 쓰세요.,조용한 숲에 앉아 자신의 내면을 성찰해 봅시다.,내면,,內面,內面,
6급,93,2021.07.10,84,hanjaeo_write,다음 밑줄 친 漢字語를 漢字로 쓰세요.,천금을 주고도 못사는 게 마음입니다.,천금,,千金,千金,
6급,93,2021.07.10,85,hanjaeo_write,다음 밑줄 친 漢字語를 漢字로 쓰세요.,프린터로 원고를 출력해서 제출하십시오,출력,,出力,出力,
6급,93,2021.07.10,86,hanjaeo_write,다음 밑줄 친 漢字語를 漢字로 쓰세요.,"해녀들은 바닷속에서 전복, 해삼, 미역 등을 채취합니다.",해녀,,海女,海女,
6급,93,2021.07.10,87,hanjaeo_write,다음 밑줄 친 漢字語를 漢字로 쓰세요.,효동이는 노모를 위해서 산삼을 찾아 나섰습니다.,노모,,老母,老母,
6급,93,2021.07.10,88,stroke,다음 漢字의 짙게 표시한 획은 몇 번째 쓰는 획인지 <보기>에서 찾아 그 번호를 쓰세요.,,,"[""① 첫 번째"", ""② 두 번째"", ""③ 세 번째"", ""④ 네 번째"", ""⑤ 다섯 번째"", ""⑥ 여섯 번째"", ""⑦ 일곱 번째"", ""⑧ 여덟 번째""]",⑥,여섯 번째,exam-strokes/stroke_6_93_88.png
6급,93,2021.07.10,89,stroke,다음 漢字의 짙게 표시한 획은 몇 번째 쓰는 획인지 <보기>에서 찾아 그 번호를 쓰세요.,,,"[""① 첫 번째"", ""② 두 번째"", ""③ 세 번째"", ""④ 네 번째"", ""⑤ 다섯 번째"", ""⑥ 여섯 번째"", ""⑦ 일곱 번째"", ""⑧ 여덟 번째""]",⑧,여덟 번째,exam-strokes/stroke_6_93_89.png
6급,93,2021.07.10,90,stroke,다음 漢字의 짙게 표시한 획은 몇 번째 쓰는 획인지 <보기>에서 찾아 그 번호를 쓰세요.,,,"[""① 첫 번째"", ""② 두 번째"", ""③ 세 번째"", ""④ 네 번째"", ""⑤ 다섯 번째"", ""⑥ 여섯 번째"", ""⑦ 일곱 번째"", ""⑧ 여덟 번째""]",③,세 번째,exam-strokes/stroke_6_93_90.png
6급,94,2021.09.11,1,dokum,다음 밑줄 친 漢字語의 讀音을 쓰세요.,,世習,,세습,세습,
6급,94,2021.09.11,2,dokum,다음 밑줄 친 漢字語의 讀音을 쓰세요.,,直線,,직선,직선,
6급,94,2021.09.11,3,dokum,다음 밑줄 친 漢字語의 讀音을 쓰세요.,,病席,,병석,병석,
6급,94,2021.09.11,4,dokum,다음 밑줄 친 漢字語의 讀音을 쓰세요.,,書堂,,서당,서당,
6급,94,2021.09.11,5,dokum,다음 밑줄 친 漢字語의 讀音을 쓰세요.,,使用,,사용,사용,
6급,94,2021.09.11,6,dokum,다음 밑줄 친 漢字語의 讀音을 쓰세요.,,親分,,친분,친분,
6급,94,2021.09.11,7,dokum,다음 밑줄 친 漢字語의 讀音을 쓰세요.,,運命,,운명,운명,
6급,94,2021.09.11,8,dokum,다음 밑줄 친 漢字語의 讀音을 쓰세요.,,有利,,유리,유리,
6급,94,2021.09.11,9,dokum,다음 밑줄 친 漢字語의 讀音을 쓰세요.,,新式,,녹지,녹지,
6급,94,2021.09.11,10,dokum,다음 밑줄 친 漢字語의 讀音을 쓰세요.,,禮物,,예물,예물,
6급,94,2021.09.11,11,dokum,다음 밑줄 친 漢字語의 讀音을 쓰세요.,,後記,,후기,후기,
6급,94,2021.09.11,12,dokum,다음 밑줄 친 漢字語의 讀音을 쓰세요.,,在野,,재야,재야,
6급,94,2021.09.11,13,dokum,다음 밑줄 친 漢字語의 讀音을 쓰세요.,,放電,,방전,방전,
6급,94,2021.09.11,14,dokum,다음 밑줄 친 漢字語의 讀音을 쓰세요.,,昨今,,작금,작금,
6급,94,2021.09.11,15,dokum,다음 밑줄 친 漢字語의 讀音을 쓰세요.,,醫學,,의학,의학,
6급,94,2021.09.11,16,dokum,다음 밑줄 친 漢字語의 讀音을 쓰세요.,,水銀,,수은,수은,
6급,94,2021.09.11,17,dokum,다음 밑줄 친 漢字語의 讀音을 쓰세요.,,石油,,석유,석유,
6급,94,2021.09.11,18,dokum,다음 밑줄 친 漢字語의 讀音을 쓰세요.,,開業,,개업,개업,
6급,94,2021.09.11,19,dokum,다음 밑줄 친 漢字語의 讀音을 쓰세요.,,新式,,신식,신식,
6급,94,2021.09.11,20,dokum,다음 밑줄 친 漢字語의 讀音을 쓰세요.,,神通,,신통,신통,
6급,94,2021.09.11,21,dokum,다음 밑줄 친 漢字語의 讀音을 쓰세요.,,溫和,,온화,온화,
6급,94,2021.09.11,22,dokum,다음 밑줄 친 漢字語의 讀音을 쓰세요.,,遠大,,원대,원대,
6급,94,2021.09.11,23,dokum,다음 밑줄 친 漢字語의 讀音을 쓰세요.,,理由,,이유,이유,
6급,94,2021.09.11,24,dokum,다음 밑줄 친 漢字語의 讀音을 쓰세요.,,信者,,신자,신자,
6급,94,2021.09.11,25,dokum,다음 밑줄 친 漢字語의 讀音을 쓰세요.,,始作,,시작,시작,
6급,94,2021.09.11,26,dokum,다음 밑줄 친 漢字語의 讀音을 쓰세요.,,英才,,영재,영재,
6급,94,2021.09.11,27,dokum,다음 밑줄 친 漢字語의 讀音을 쓰세요.,,庭園,,정원,정원,
6급,94,2021.09.11,28,dokum,다음 밑줄 친 漢字語의 讀音을 쓰세요.,,米飮,,미음,미음,
6급,94,2021.09.11,29,dokum,다음 밑줄 친 漢字語의 讀音을 쓰세요.,,風聞,,풍문,풍문,
6급,94,2021.09.11,30,dokum,다음 밑줄 친 漢字語의 讀音을 쓰세요.,,目前,,목전,목전,
6급,94,2021.09.11,31,dokum,다음 밑줄 친 漢字語의 讀音을 쓰세요.,,苦樂,,고락,고락,
6급,94,2021.09.11,32,dokum,다음 밑줄 친 漢字語의 讀音을 쓰세요.,,頭角,,두각,두각,
6급,94,2021.09.11,33,dokum,다음 밑줄 친 漢字語의 讀音을 쓰세요.,,感服,,감복,감복,
6급,94,2021.09.11,34,hunum,다음 漢字의 訓과 音을 쓰세요.,,光,,빛 광,빛 광,
6급,94,2021.09.11,35,hunum,다음 漢字의 訓과 音을 쓰세요.,,勝,,이길 승,이길 승,
6급,94,2021.09.11,36,hunum,다음 漢字의 訓과 音을 쓰세요.,,共,,한가지 공,한가지 공,
6급,94,2021.09.11,37,hunum,다음 漢字의 訓과 音을 쓰세요.,,集,,모을 집,모을 집,
6급,94,2021.09.11,38,hunum,다음 漢字의 訓과 音을 쓰세요.,,雪,,눈 설,눈 설,
6급,94,2021.09.11,39,hunum,다음 漢字의 訓과 音을 쓰세요.,,班,,나눌 반,나눌 반,
6급,94,2021.09.11,40,hunum,다음 漢字의 訓과 音을 쓰세요.,,邑,,고을 읍,고을 읍,
6급,94,2021.09.11,41,hunum,다음 漢字의 訓과 音을 쓰세요.,,注,,부을 주,부을 주,
6급,94,2021.09.11,42,hunum,다음 漢字의 訓과 音을 쓰세요.,,草,,풀 초,풀 초,
6급,94,2021.09.11,43,hunum,다음 漢字의 訓과 音을 쓰세요.,,童,,아이 동,아이 동,
6급,94,2021.09.11,44,hunum,다음 漢字의 訓과 音을 쓰세요.,,午,,낮 오,낮 오,
6급,94,2021.09.11,45,hunum,다음 漢字의 訓과 音을 쓰세요.,,球,,공 구,공 구,
6급,94,2021.09.11,46,hunum,다음 漢字의 訓과 音을 쓰세요.,,每,,매양 매,매양 매,
6급,94,2021.09.11,47,hunum,다음 漢字의 訓과 音을 쓰세요.,,根,,뿌리 근,뿌리 근,
6급,94,2021.09.11,48,hunum,다음 漢字의 訓과 音을 쓰세요.,,黃,,누를 황,누를 황,
6급,94,2021.09.11,49,hunum,다음 漢字의 訓과 音을 쓰세요.,,樹,,나무 수,나무 수,
6급,94,2021.09.11,50,hunum,다음 漢字의 訓과 音을 쓰세요.,,左,,왼 좌,왼 좌,
6급,94,2021.09.11,51,hunum,다음 漢字의 訓과 音을 쓰세요.,,育,,기를 육,기를 육,
6급,94,2021.09.11,52,hunum,다음 漢字의 訓과 音을 쓰세요.,,洋,,큰바다 양,큰바다 양,
6급,94,2021.09.11,53,hunum,다음 漢字의 訓과 音을 쓰세요.,,夏,,여름 하,여름 하,
6급,94,2021.09.11,54,hunum,다음 漢字의 訓과 音을 쓰세요.,,勇,,날랠 용,날랠 용,
6급,94,2021.09.11,55,hunum,다음 漢字의 訓과 音을 쓰세요.,,冬,,겨울 동,겨울 동,
6급,94,2021.09.11,56,hanjaeo_write,다음 밑줄 친 漢字語를 漢字로 쓰세요.,우리는 자리를 좁혀 한 사람 더 앉을 공간을 만들었다.,공간,,空間,空間,
6급,94,2021.09.11,57,hanjaeo_write,다음 밑줄 친 漢字語를 漢字로 쓰세요.,방학이라 교실이 덩그렇게 비었다.,교실,,敎室,敎室,
6급,94,2021.09.11,58,hanjaeo_write,다음 밑줄 친 漢字語를 漢字로 쓰세요.,출판사에서 인세의 일부를 선금으로 내놓았다.,선금,,先金,先金,
6급,94,2021.09.11,59,hanjaeo_write,다음 밑줄 친 漢字語를 漢字로 쓰세요.,외면적 조건보다 내면의 행복이 중요하다.,내면,,內面,內面,
6급,94,2021.09.11,60,hanjaeo_write,다음 밑줄 친 漢字語를 漢字로 쓰세요.,농촌 인구가 도시로 집중하고 있다.,농촌,,農村,農村,
6급,94,2021.09.11,61,hanjaeo_write,다음 밑줄 친 漢字語를 漢字로 쓰세요.,차도를 함부로 건너서는 안 된다.,차도,,車道,車道,
6급,94,2021.09.11,62,hanjaeo_write,다음 밑줄 친 漢字語를 漢字로 쓰세요.,이 보일러는 일정한 온도가 되면 자동으로 꺼진다.,자동,,自動,自動,
6급,94,2021.09.11,63,hanjaeo_write,다음 밑줄 친 漢字語를 漢字로 쓰세요.,그는 가요계에 혜성처럼 등장했다.,등장,,登場,登場,
6급,94,2021.09.11,64,hanjaeo_write,다음 밑줄 친 漢字語를 漢字로 쓰세요.,이곳은 관광 명소로 널리 알려진 장소다.,명소,,名所,名所,
6급,94,2021.09.11,65,hanjaeo_write,다음 밑줄 친 漢字語를 漢字로 쓰세요.,일감은 넘치는데 노동력이 부족하다.,부족,,不足,不足,
6급,94,2021.09.11,66,hanjaeo_write,다음 밑줄 친 漢字語를 漢字로 쓰세요.,자동차 계기판을 보고 주행 거리를 산출했다.,산출,,算出,算出,
6급,94,2021.09.11,67,hanjaeo_write,다음 밑줄 친 漢字語를 漢字로 쓰세요.,경기가 회복되어 수출이 활기를 띠고 있다.,활기,,活氣,活氣,
6급,94,2021.09.11,68,hanjaeo_write,다음 밑줄 친 漢字語를 漢字로 쓰세요.,그는 슬하에 아들 형제만 두었다.,형제,,兄弟,兄弟,
6급,94,2021.09.11,69,hanjaeo_write,다음 밑줄 친 漢字語를 漢字로 쓰세요.,신발은 첫째로 발이 편안해야 한다.,편안,,便安,便安,
6급,94,2021.09.11,70,hanjaeo_write,다음 밑줄 친 漢字語를 漢字로 쓰세요.,그는 추석을 쇠러 시골집으로 내려왔다.,추석,,秋夕,秋夕,
6급,94,2021.09.11,71,hanjaeo_write,다음 밑줄 친 漢字語를 漢字로 쓰세요.,몸은 늙었지만 마음만은 아직 청춘이다.,청춘,,靑春,靑春,
6급,94,2021.09.11,72,hanjaeo_write,다음 밑줄 친 漢字語를 漢字로 쓰세요.,그는 이중 스파이 노릇을 하다.,이중,,二重,二重,
6급,94,2021.09.11,73,hanjaeo_write,다음 밑줄 친 漢字語를 漢字로 쓰세요.,오랜만에 가족이 오붓하게 외식을 했다.,외식,,外食,外食,
6급,94,2021.09.11,74,hanjaeo_write,다음 밑줄 친 漢字語를 漢字로 쓰세요.,식용 폐유는 천연 세제를 만드는 데에 이용된다.,천연,,天然,天然,
6급,94,2021.09.11,75,hanjaeo_write,다음 밑줄 친 漢字語를 漢字로 쓰세요.,소수의 몇 사람만이 그 의견에 동의했다.,소수,,少數,少數,
6급,94,2021.09.11,76,banui_select,다음 漢字의 반대 또는 상대되는 글자를 골라 그 번호를 쓰세요.,,死,"[""① 生"", ""② 美"", ""③ 住"", ""④ 行""]",①,生,
6급,94,2021.09.11,77,banui_select,다음 漢字의 반대 또는 상대되는 글자를 골라 그 번호를 쓰세요.,,心,"[""① 民"", ""② 愛"", ""③ 體"", ""④ 功""]",③,體,
6급,94,2021.09.11,78,banui_select,다음 漢字의 반대 또는 상대되는 글자를 골라 그 번호를 쓰세요.,,強,"[""① 孫"", ""② 度"", ""③ 章"", ""④ 弱""]",④,弱,
6급,94,2021.09.11,79,yui,다음 漢字와 뜻이 비슷한 漢字를 골라 그 번호를 쓰세요.,,急,"[""① 族"", ""② 速"", ""③ 形"", ""④ 科""]",②,速,
6급,94,2021.09.11,80,yui,다음 漢字와 뜻이 비슷한 漢字를 골라 그 번호를 쓰세요.,,洞,"[""① 窓"", ""② 各"", ""③ 里"", ""④ 號""]",③,里,
6급,94,2021.09.11,81,seong-eo,다음 ( ) 안에 알맞은 漢字를 <보기>에서 찾아 그 번호를 쓰세요.,人海戰() : 다수의 병력을 투입하여 적을 압도하는 전술.,人海戰(),"[""① 幸"", ""② 朝"", ""③ 川"", ""④ 休"", ""⑤ 術"", ""⑥ 藥"", ""⑦ 京"", ""⑧ 發""]",⑤,術,
6급,94,2021.09.11,82,seong-eo,다음 ( ) 안에 알맞은 漢字를 <보기>에서 찾아 그 번호를 쓰세요.,同時多() : 연이어 일이 발생함.,同時多(),"[""① 幸"", ""② 朝"", ""③ 川"", ""④ 休"", ""⑤ 術"", ""⑥ 藥"", ""⑦ 京"", ""⑧ 發""]",⑧,發,
6급,94,2021.09.11,83,seong-eo,다음 ( ) 안에 알맞은 漢字를 <보기>에서 찾아 그 번호를 쓰세요.,晝夜長() : 밤낮으로 쉬지 아 니하고 연달아.,晝夜長(),"[""① 幸"", ""② 朝"", ""③ 川"", ""④ 休"", ""⑤ 術"", ""⑥ 藥"", ""⑦ 京"", ""⑧ 發""]",③,川,
6급,94,2021.09.11,84,dongeum,다음 중 소리(音)는 같으나 뜻(訓)이 다른 漢字를 골라 그 번호를 쓰세요.,,意,"[""① 衣"", ""② 身"", ""③ 老"", ""④ 別""]",①,衣,
6급,94,2021.09.11,85,dongeum,다음 중 소리(音)는 같으나 뜻(訓)이 다른 漢字를 골라 그 번호를 쓰세요.,,待,"[""① 向"", ""② 來"", ""③ 代"", ""④ 特""]",③,代,
6급,94,2021.09.11,86,mean_select,다음 뜻에 맞는 漢字語를 <보기>에서 찾아 그 번호를 쓰세요.,몸짓이나 손짓으로 표현하는 의사 전달 방법,몸짓이나 손짓으로 표현하는의사 전달 방법,"[""① 合計"", ""② 淸明"", ""③ 圖上"", ""④ 近方"", ""⑤ 太陽"", ""⑥ 手話""]",⑥,手話,
6급,94,2021.09.11,87,mean_select,다음 뜻에 맞는 漢字語를 <보기>에서 찾아 그 번호를 쓰세요.,지도나 도면의 위,지도나 도면의 위,"[""① 合計"", ""② 淸明"", ""③ 圖上"", ""④ 近方"", ""⑤ 太陽"", ""⑥ 手話""]",③,圖上,
6급,94,2021.09.11,88,stroke,다음 漢字의 짙게 표시한 획은 몇 번째 쓰는 획인지 <보기>에서 찾아 그 번호를 쓰세요.,,,"[""① 첫 번째"", ""② 두 번째"", ""③ 세 번째"", ""④ 네 번째"", ""⑤ 다섯 번째"", ""⑥ 여섯 번째"", ""⑦ 일곱 번째"", ""⑧ 여덟 번째"", ""⑨ 아홉 번째"", ""⑩ 열 번째"", ""⑪ 열한 번째"", ""⑫ 열두 번째"", ""⑬ 열세 번째"", ""⑭ 열네 번째""]",⑩,열 번째,exam-strokes/stroke_6_94_88.png
6급,94,2021.09.11,89,stroke,다음 漢字의 짙게 표시한 획은 몇 번째 쓰는 획인지 <보기>에서 찾아 그 번호를 쓰세요.,,,"[""① 첫 번째"", ""② 두 번째"", ""③ 세 번째"", ""④ 네 번째"", ""⑤ 다섯 번째"", ""⑥ 여섯 번째"", ""⑦ 일곱 번째"", ""⑧ 여덟 번째"", ""⑨ 아홉 번째"", ""⑩ 열 번째"", ""⑪ 열한 번째"", ""⑫ 열두 번째"", ""⑬ 열세 번째"", ""⑭ 열네 번째""]",⑥,여섯 번째,exam-strokes/stroke_6_94_89.png
6급,94,2021.09.11,90,stroke,다음 漢字의 짙게 표시한 획은 몇 번째 쓰는 획인지 <보기>에서 찾아 그 번호를 쓰세요.,,,"[""① 첫 번째"", ""② 두 번째"", ""③ 세 번째"", ""④ 네 번째"", ""⑤ 다섯 번째"", ""⑥ 여섯 번째"", ""⑦ 일곱 번째"", ""⑧ 여덟 번째"", ""⑨ 아홉 번째"", ""⑩ 열 번째"", ""⑪ 열한 번째"", ""⑫ 열두 번째"", ""⑬ 열세 번째"", ""⑭ 열네 번째""]",⑦,일곱 번째,exam-strokes/stroke_6_94_90.png
6급,95,2021.11.20,1,dokum,다음 밑줄 친 漢字語의 讀音을 쓰세요.,,通用,,통용,통용,
6급,95,2021.11.20,2,dokum,다음 밑줄 친 漢字語의 讀音을 쓰세요.,,勝算,,승산,승산,
6급,95,2021.11.20,3,dokum,다음 밑줄 친 漢字語의 讀音을 쓰세요.,,遠近,,원근,원근,
6급,95,2021.11.20,4,dokum,다음 밑줄 친 漢字語의 讀音을 쓰세요.,,校庭,,교정,교정,
6급,95,2021.11.20,5,dokum,다음 밑줄 친 漢字語의 讀音을 쓰세요.,,體溫,,체온,체온,
6급,95,2021.11.20,6,dokum,다음 밑줄 친 漢字語의 讀音을 쓰세요.,,年頭,,연두,연두,
6급,95,2021.11.20,7,dokum,다음 밑줄 친 漢字語의 讀音을 쓰세요.,,天使,,천사,천사,
6급,95,2021.11.20,8,dokum,다음 밑줄 친 漢字語의 讀音을 쓰세요.,,急速,,급속,급속,
6급,95,2021.11.20,9,dokum,다음 밑줄 친 漢字語의 讀音을 쓰세요.,,道術,,도술,도술,
6급,95,2021.11.20,10,dokum,다음 밑줄 친 漢字語의 讀音을 쓰세요.,,角度,,각도,각도,
6급,95,2021.11.20,11,dokum,다음 밑줄 친 漢字語의 讀音을 쓰세요.,,風聞,,풍문,풍문,
6급,95,2021.11.20,12,dokum,다음 밑줄 친 漢字語의 讀音을 쓰세요.,,本業,,본업,본업,
6급,95,2021.11.20,13,dokum,다음 밑줄 친 漢字語의 讀音을 쓰세요.,,意向,,의향,의향,
6급,95,2021.11.20,14,dokum,다음 밑줄 친 漢字語의 讀音을 쓰세요.,,遠近,,제목,제목,
6급,95,2021.11.20,15,dokum,다음 밑줄 친 漢字語의 讀音을 쓰세요.,,冬服,,동복,동복,
6급,95,2021.11.20,16,dokum,다음 밑줄 친 漢字語의 讀音을 쓰세요.,,後園,,후원,후원,
6급,95,2021.11.20,17,dokum,다음 밑줄 친 漢字語의 讀音을 쓰세요.,,醫藥,,의약,의약,
6급,95,2021.11.20,18,dokum,다음 밑줄 친 漢字語의 讀音을 쓰세요.,,平行,,평행,평행,
6급,95,2021.11.20,19,dokum,다음 밑줄 친 漢字語의 讀音을 쓰세요.,,直感,,직감,직감,
6급,95,2021.11.20,20,dokum,다음 밑줄 친 漢字語의 讀音을 쓰세요.,,在野,,재야,재야,
6급,95,2021.11.20,21,dokum,다음 밑줄 친 漢字語의 讀音을 쓰세요.,,番號,,번호,번호,
6급,95,2021.11.20,22,dokum,다음 밑줄 친 漢字語의 讀音을 쓰세요.,,休戰,,휴전,휴전,
6급,95,2021.11.20,23,dokum,다음 밑줄 친 漢字語의 讀音을 쓰세요.,,部族,,부족,부족,
6급,95,2021.11.20,24,dokum,다음 밑줄 친 漢字語의 讀音을 쓰세요.,,路線,,노선,노선,
6급,95,2021.11.20,25,dokum,다음 밑줄 친 漢字語의 讀音을 쓰세요.,,石油,,석유,석유,
6급,95,2021.11.20,26,dokum,다음 밑줄 친 漢字語의 讀音을 쓰세요.,,理由,,이유,이유,
6급,95,2021.11.20,27,dokum,다음 밑줄 친 漢字語의 讀音을 쓰세요.,,事例,,사례,사례,
6급,95,2021.11.20,28,dokum,다음 밑줄 친 漢字語의 讀音을 쓰세요.,,答禮,,답례,답례,
6급,95,2021.11.20,29,dokum,다음 밑줄 친 漢字語의 讀音을 쓰세요.,,神話,,신화,신화,
6급,95,2021.11.20,30,dokum,다음 밑줄 친 漢字語의 讀音을 쓰세요.,,出現,,출현,출현,
6급,95,2021.11.20,31,dokum,다음 밑줄 친 漢字語의 讀音을 쓰세요.,,樹形,,수형,수형,
6급,95,2021.11.20,32,dokum,다음 밑줄 친 漢字語의 讀音을 쓰세요.,,黃土,,황토,황토,
6급,95,2021.11.20,33,dokum,다음 밑줄 친 漢字語의 讀音을 쓰세요.,,文章,,문장,문장,
6급,95,2021.11.20,34,hunum,다음 漢字의 訓과 音을 쓰세요.,,待,,기다릴 대,기다릴 대,
6급,95,2021.11.20,35,hunum,다음 漢字의 訓과 音을 쓰세요.,,者,,놈 자,놈 자,
6급,95,2021.11.20,36,hunum,다음 漢字의 訓과 音을 쓰세요.,,特,,특별할 특,특별할 특,
6급,95,2021.11.20,37,hunum,다음 漢字의 訓과 音을 쓰세요.,,明,,밝을 명,밝을 명,
6급,95,2021.11.20,38,hunum,다음 漢字의 訓과 音을 쓰세요.,,村,,마을 촌,마을 촌,
6급,95,2021.11.20,39,hunum,다음 漢字의 訓과 音을 쓰세요.,,窓,,창 창,창 창,
6급,95,2021.11.20,40,hunum,다음 漢字의 訓과 音을 쓰세요.,,銀,,은 은,은 은,
6급,95,2021.11.20,41,hunum,다음 漢字의 訓과 音을 쓰세요.,,共,,한가지 공,한가지 공,
6급,95,2021.11.20,42,hunum,다음 漢字의 訓과 音을 쓰세요.,,英,,꽃부리 영,꽃부리 영,
6급,95,2021.11.20,43,hunum,다음 漢字의 訓과 音을 쓰세요.,,孫,,손자 손,손자 손,
6급,95,2021.11.20,44,hunum,다음 漢字의 訓과 音을 쓰세요.,,病,,병 병,병 병,
6급,95,2021.11.20,45,hunum,다음 漢字의 訓과 音을 쓰세요.,,死,,죽을 사,죽을 사,
6급,95,2021.11.20,46,hunum,다음 漢字의 訓과 音을 쓰세요.,,郡,,고을 군,고을 군,
6급,95,2021.11.20,47,hunum,다음 漢字의 訓과 音을 쓰세요.,,幸,,다행 행,다행 행,
6급,95,2021.11.20,48,hunum,다음 漢字의 訓과 音을 쓰세요.,,堂,,집 당,집 당,
6급,95,2021.11.20,49,hunum,다음 漢字의 訓과 音을 쓰세요.,,強,,강할 강,강할 강,
6급,95,2021.11.20,50,hunum,다음 漢字의 訓과 音을 쓰세요.,,式,,법 식,법 식,
6급,95,2021.11.20,51,hunum,다음 漢字의 訓과 音을 쓰세요.,,夜,,밤 야,밤 야,
6급,95,2021.11.20,52,hunum,다음 漢字의 訓과 音을 쓰세요.,,省,,살필 성 | 덜 생,살필 성 | 덜 생,
6급,95,2021.11.20,53,hunum,다음 漢字의 訓과 音을 쓰세요.,,朴,,성(姓) 박,성(姓) 박,
6급,95,2021.11.20,54,hunum,다음 漢字의 訓과 音을 쓰세요.,,綠,,푸를 록,푸를 록,
6급,95,2021.11.20,55,hunum,다음 漢字의 訓과 音을 쓰세요.,,童,,아이 동,아이 동,
6급,95,2021.11.20,56,banui_select,다음 漢字와 뜻이 반대(또는 상대)되는 것을 골라 그 번호를 쓰세요.,,苦,"[""① 班"", ""② 樂"", ""③ 根"", ""④ 開""]",②,樂,
6급,95,2021.11.20,57,banui_select,다음 漢字와 뜻이 반대(또는 상대)되는 것을 골라 그 번호를 쓰세요.,,分,"[""① 合"", ""② 書"", ""③ 勇"", ""④ 信""]",①,合,
6급,95,2021.11.20,58,banui_select,다음 漢字와 뜻이 반대(또는 상대)되는 것을 골라 그 번호를 쓰세요.,,朝,"[""① 集"", ""② 愛"", ""③ 洋"", ""④ 夕""]",④,夕,
6급,95,2021.11.20,59,yui,다음 漢字와 뜻이 같거나 비슷한 것을 골라 그 번호를 쓰세요.,,區,"[""① 別"", ""② 表"", ""③ 習"", ""④ 米""]",①,別,
6급,95,2021.11.20,60,yui,다음 漢字와 뜻이 같거나 비슷한 것을 골라 그 번호를 쓰세요.,,畫,"[""① 飮"", ""② 才"", ""③ 淸"", ""④ 圖""]",④,圖,
6급,95,2021.11.20,61,dongeum,다음 漢字와 소리(音)는 같으나 뜻(訓)이 다른 것을 골라 그 번호를 쓰세요.,,失,"[""① 陽"", ""② 雪"", ""③ 室"", ""④ 始""]",③,室,
6급,95,2021.11.20,62,dongeum,다음 漢字와 소리(音)는 같으나 뜻(訓)이 다른 것을 골라 그 번호를 쓰세요.,,晝,"[""① 注"", ""② 作"", ""③ 等"", ""④ 反""]",①,注,
6급,95,2021.11.20,63,seong-eo,다음 성어의 ( ) 안에 알맞은 漢字를 <보기>에서 찾아 그 번호를 쓰세요.,"東()古今 : 동양과 서양, 옛날",東()古今,"[""① 班"", ""② 樂"", ""③ 根"", ""④ 開"", ""⑤ 發"", ""⑥ 放"", ""⑦ 西"", ""⑧ 昨""]",⑦,西,
6급,95,2021.11.20,64,seong-eo,다음 성어의 ( ) 안에 알맞은 漢字를 <보기>에서 찾아 그 번호를 쓰세요.,八方()人 : 어느 모로 보나 아,八方()人,"[""① 班"", ""② 樂"", ""③ 根"", ""④ 開"", ""⑤ 發"", ""⑥ 放"", ""⑦ 西"", ""⑧ 昨""]",②,樂,
6급,95,2021.11.20,65,seong-eo,다음 성어의 ( ) 안에 알맞은 漢字를 <보기>에서 찾아 그 번호를 쓰세요.,同時多() : 연이어 일이 발생,同時多(),"[""① 班"", ""② 樂"", ""③ 根"", ""④ 開"", ""⑤ 發"", ""⑥ 放"", ""⑦ 西"", ""⑧ 昨""]",⑤,發,
6급,95,2021.11.20,66,mean_select,다음 뜻에 맞는 漢字語를 <보기>에서 찾아 그 번호를 쓰세요.,반수 이상,반수 이상,"[""① 永住"", ""② 足球"", ""③ 運身"", ""④ 太半"", ""⑤ 親和"", ""⑥ 電動""]",④,太半,
6급,95,2021.11.20,67,mean_select,다음 뜻에 맞는 漢字語를 <보기>에서 찾아 그 번호를 쓰세요.,사이좋게 잘 어울림,사이좋게 잘 어울림,"[""① 永住"", ""② 足球"", ""③ 運身"", ""④ 太半"", ""⑤ 親和"", ""⑥ 電動""]",⑤,親和,
6급,95,2021.11.20,68,hanjaeo_write,다음 밑줄 친 漢字語를 漢字로 쓰세요.,그의 의견을 지지하는 사람은 소수에 불과합니다.,소수,,少數,少數,
6급,95,2021.11.20,69,hanjaeo_write,다음 밑줄 친 漢字語를 漢字로 쓰세요.,내 고향은 가구 수가 10세대에 불과한 작은 마을입니다.,가구,,家口,家口,
6급,95,2021.11.20,70,hanjaeo_write,다음 밑줄 친 漢字語를 漢字로 쓰세요.,농민에게 토지는 생명과도 같은 것입니다.,생명,,生命,生命,
6급,95,2021.11.20,71,hanjaeo_write,다음 밑줄 친 漢字語를 漢字로 쓰세요.,늦가을이 되자 새벽 공기가 제법 쌀쌀해졌습니다.,공기,,空氣,空氣,
6급,95,2021.11.20,72,hanjaeo_write,다음 밑줄 친 漢字語를 漢字로 쓰세요.,답안지에 이름과 수험번호를 정확히 기입하세요.,기입,,記入,記入,
6급,95,2021.11.20,73,hanjaeo_write,다음 밑줄 친 漢字語를 漢字로 쓰세요.,맵기로 유명한 고추가 이 지방의 명물이 되었습니다.,명물,,名物,名物,
6급,95,2021.11.20,74,hanjaeo_write,다음 밑줄 친 漢字語를 漢字로 쓰세요.,빛이 정면에서 비추고 있어 앞이 잘 안 보입니다.,정면,,正面,正面,
6급,95,2021.11.20,75,hanjaeo_write,다음 밑줄 친 漢字語를 漢字로 쓰세요.,서쪽 바다가 오색영롱한 저녁놀로 덮였습니다.,오색,,五色,五色,
6급,95,2021.11.20,76,hanjaeo_write,다음 밑줄 친 漢字語를 漢字로 쓰세요.,선장은 북쪽에서 남해로 뱃머리를 돌렸습니다.,남해,,南海,南海,
6급,95,2021.11.20,77,hanjaeo_write,다음 밑줄 친 漢字語를 漢字로 쓰세요.,세월이 흘러 산천이 또 한 번 바뀌었습니다.,산천,,山川,山川,
6급,95,2021.11.20,78,hanjaeo_write,다음 밑줄 친 漢字語를 漢字로 쓰세요.,소나 말과 같은 초식 동물들은 대체로 온순합니다.,초식,,草食,草食,
6급,95,2021.11.20,79,hanjaeo_write,다음 밑줄 친 漢字語를 漢字로 쓰세요.,오늘 일을 내일로 미루지 않습니다.,내일,,來日,來日,
6급,95,2021.11.20,80,hanjaeo_write,다음 밑줄 친 漢字語를 漢字로 쓰세요.,우리나라 전래 동화에는 도깨비가 자주 등장합니다.,등장,,登場,登場,
6급,95,2021.11.20,81,hanjaeo_write,다음 밑줄 친 漢字語를 漢字로 쓰세요.,일교차가 큰 이 지역은 과수원의 입지 조건으로는 유리합니다.,입지,,立地,立地,
6급,95,2021.11.20,82,hanjaeo_write,다음 밑줄 친 漢字語를 漢字로 쓰세요.,정치인들의 부정부패로 민심이 날로 나빠지고 있습니다.,민심,,民心,民心,
6급,95,2021.11.20,83,hanjaeo_write,다음 밑줄 친 漢字語를 漢字로 쓰세요.,좋은 음악은 우리 생활에 활력을 줍니다.,활력,,活力,活力,
6급,95,2021.11.20,84,hanjaeo_write,다음 밑줄 친 漢字語를 漢字로 쓰세요.,진수는 신의를 무엇보다 소중히 여기는 사람입니다.,소중,,所重,所重,
6급,95,2021.11.20,85,hanjaeo_write,다음 밑줄 친 漢字語를 漢字로 쓰세요.,천재와 바보는 백지 한 장 차이라고들 합니다.,백지,,白紙,白紙,
6급,95,2021.11.20,86,hanjaeo_write,다음 밑줄 친 漢字語를 漢字로 쓰세요.,철수는 몸이 불편한지 안색이 좋지 않습니다.,불편,,不便,不便,
6급,95,2021.11.20,87,hanjaeo_write,다음 밑줄 친 漢字語를 漢字로 쓰세요.,한자성어에는 선조들의 삶의 지혜가 스며들어 있습니다.,선조,,先祖,先祖,
6급,95,2021.11.20,88,stroke,다음 漢字의 짙게 표시한 획은 몇 번째 쓰는 획인지 <보기>에서 찾아 그 번호를 쓰세요.,,,"[""① 첫 번째"", ""② 두 번째"", ""③ 세 번째"", ""④ 네 번째"", ""⑤ 다섯 번째"", ""⑥ 여섯 번째"", ""⑦ 일곱 번째"", ""⑧ 여덟 번째"", ""⑨ 아홉 번째"", ""⑩ 열 번째""]",⑤,다섯 번째,exam-strokes/stroke_6_95_88.png
6급,95,2021.11.20,89,stroke,다음 漢字의 짙게 표시한 획은 몇 번째 쓰는 획인지 <보기>에서 찾아 그 번호를 쓰세요.,,,"[""① 첫 번째"", ""② 두 번째"", ""③ 세 번째"", ""④ 네 번째"", ""⑤ 다섯 번째"", ""⑥ 여섯 번째"", ""⑦ 일곱 번째"", ""⑧ 여덟 번째"", ""⑨ 아홉 번째"", ""⑩ 열 번째""]",④,네 번째,exam-strokes/stroke_6_95_89.png
6급,95,2021.11.20,90,stroke,다음 漢字의 짙게 표시한 획은 몇 번째 쓰는 획인지 <보기>에서 찾아 그 번호를 쓰세요.,,,"[""① 첫 번째"", ""② 두 번째"", ""③ 세 번째"", ""④ 네 번째"", ""⑤ 다섯 번째"", ""⑥ 여섯 번째"", ""⑦ 일곱 번째"", ""⑧ 여덟 번째"", ""⑨ 아홉 번째"", ""⑩ 열 번째""]",⑥,여섯 번째,exam-strokes/stroke_6_95_90.png
6급,96,2022.02.26,1,dokum,다음 밑줄 친 漢字語의 讀音을 쓰세요.,,銀行,,은행,은행,
6급,96,2022.02.26,2,dokum,다음 밑줄 친 漢字語의 讀音을 쓰세요.,,便安,,편안,편안,
6급,96,2022.02.26,3,dokum,다음 밑줄 친 漢字語의 讀音을 쓰세요.,,上席,,상석,상석,
6급,96,2022.02.26,4,dokum,다음 밑줄 친 漢字語의 讀音을 쓰세요.,,東南風,,동남풍,동남풍,
6급,96,2022.02.26,5,dokum,다음 밑줄 친 漢字語의 讀音을 쓰세요.,,成功,,성공,성공,
6급,96,2022.02.26,6,dokum,다음 밑줄 친 漢字語의 讀音을 쓰세요.,,特出,,특출,특출,
6급,96,2022.02.26,7,dokum,다음 밑줄 친 漢字語의 讀音을 쓰세요.,,果然,,과연,과연,
6급,96,2022.02.26,8,dokum,다음 밑줄 친 漢字語의 讀音을 쓰세요.,,反省文,,반성문,반성문,
6급,96,2022.02.26,9,dokum,다음 밑줄 친 漢字語의 讀音을 쓰세요.,,運身,,운신,운신,
6급,96,2022.02.26,10,dokum,다음 밑줄 친 漢字語의 讀音을 쓰세요.,,死地,,사지,사지,
6급,96,2022.02.26,11,dokum,다음 밑줄 친 漢字語의 讀音을 쓰세요.,,童話,,동화,동화,
6급,96,2022.02.26,12,dokum,다음 밑줄 친 漢字語의 讀音을 쓰세요.,,名言,,명언,명언,
6급,96,2022.02.26,13,dokum,다음 밑줄 친 漢字語의 讀音을 쓰세요.,,醫術,,의술,의술,
6급,96,2022.02.26,14,dokum,다음 밑줄 친 漢字語의 讀音을 쓰세요.,,窓,,창,창,
6급,96,2022.02.26,15,dokum,다음 밑줄 친 漢字語의 讀音을 쓰세요.,,書畫,,서화,서화,
6급,96,2022.02.26,16,dokum,다음 밑줄 친 漢字語의 讀音을 쓰세요.,,角度,,각도,각도,
6급,96,2022.02.26,17,dokum,다음 밑줄 친 漢字語의 讀音을 쓰세요.,,本業,,본업,본업,
6급,96,2022.02.26,18,dokum,다음 밑줄 친 漢字語의 讀音을 쓰세요.,,公共,,공공,공공,
6급,96,2022.02.26,19,dokum,다음 밑줄 친 漢字語의 讀音을 쓰세요.,,家庭,,가정,가정,
6급,96,2022.02.26,20,dokum,다음 밑줄 친 漢字語의 讀音을 쓰세요.,,表現,,표현,표현,
6급,96,2022.02.26,21,dokum,다음 밑줄 친 漢字語의 讀音을 쓰세요.,,後方,,후방,후방,
6급,96,2022.02.26,22,dokum,다음 밑줄 친 漢字語의 讀音을 쓰세요.,,食堂,,식당,식당,
6급,96,2022.02.26,23,dokum,다음 밑줄 친 漢字語의 讀音을 쓰세요.,,入神,,입신,입신,
6급,96,2022.02.26,24,dokum,다음 밑줄 친 漢字語의 讀音을 쓰세요.,,光明,,광명,광명,
6급,96,2022.02.26,25,dokum,다음 밑줄 친 漢字語의 讀音을 쓰세요.,,信用,,신용,신용,
6급,96,2022.02.26,26,dokum,다음 밑줄 친 漢字語의 讀音을 쓰세요.,,冬服,,동복,동복,
6급,96,2022.02.26,27,dokum,다음 밑줄 친 漢字語의 讀音을 쓰세요.,,番號,,번호,번호,
6급,96,2022.02.26,28,dokum,다음 밑줄 친 漢字語의 讀音을 쓰세요.,,消失,,소실,소실,
6급,96,2022.02.26,29,dokum,다음 밑줄 친 漢字語의 讀音을 쓰세요.,,溫水,,온수,온수,
6급,96,2022.02.26,30,dokum,다음 밑줄 친 漢字語의 讀音을 쓰세요.,,待合室,,대합실,대합실,
6급,96,2022.02.26,31,dokum,다음 밑줄 친 漢字語의 讀音을 쓰세요.,,天才,,천재,천재,
6급,96,2022.02.26,32,dokum,다음 밑줄 친 漢字語의 讀音을 쓰세요.,,太陽,,태양,태양,
6급,96,2022.02.26,33,dokum,다음 밑줄 친 漢字語의 讀音을 쓰세요.,,新作,,신작,신작,
6급,96,2022.02.26,34,hunum,다음 漢字의 訓과 音을 쓰세요.,,始,,비로소 시,비로소 시,
6급,96,2022.02.26,35,hunum,다음 漢字의 訓과 音을 쓰세요.,,目,,눈 목,눈 목,
6급,96,2022.02.26,36,hunum,다음 漢字의 訓과 音을 쓰세요.,,直,,곧을 직,곧을 직,
6급,96,2022.02.26,37,hunum,다음 漢字의 訓과 音을 쓰세요.,,永,,길 영,길 영,
6급,96,2022.02.26,38,hunum,다음 漢字의 訓과 音을 쓰세요.,,通,,통할 통,통할 통,
6급,96,2022.02.26,39,hunum,다음 漢字의 訓과 音을 쓰세요.,,夏,,여름 하,여름 하,
6급,96,2022.02.26,40,hunum,다음 漢字의 訓과 音을 쓰세요.,,愛,,사랑 애,사랑 애,
6급,96,2022.02.26,41,hunum,다음 漢字의 訓과 音을 쓰세요.,,形,,모양 형,모양 형,
6급,96,2022.02.26,42,hunum,다음 漢字의 訓과 音을 쓰세요.,,學,,배울 학,배울 학,
6급,96,2022.02.26,43,hunum,다음 漢字의 訓과 音을 쓰세요.,,北,,북녘 북,북녘 북,
6급,96,2022.02.26,44,hunum,다음 漢字의 訓과 音을 쓰세요.,,勝,,이길 승,이길 승,
6급,96,2022.02.26,45,hunum,다음 漢字의 訓과 音을 쓰세요.,,綠,,푸를 록,푸를 록,
6급,96,2022.02.26,46,hunum,다음 漢字의 訓과 音을 쓰세요.,,油,,기름 유,기름 유,
6급,96,2022.02.26,47,hunum,다음 漢字의 訓과 音을 쓰세요.,,頭,,머리 두,머리 두,
6급,96,2022.02.26,48,hunum,다음 漢字의 訓과 音을 쓰세요.,,禮,,예도 례,예도 례,
6급,96,2022.02.26,49,hunum,다음 漢字의 訓과 音을 쓰세요.,,族,,겨레 족,겨레 족,
6급,96,2022.02.26,50,hunum,다음 漢字의 訓과 音을 쓰세요.,,間,,사이 간,사이 간,
6급,96,2022.02.26,51,hunum,다음 漢字의 訓과 音을 쓰세요.,,圖,,그림 도,그림 도,
6급,96,2022.02.26,52,hunum,다음 漢字의 訓과 音을 쓰세요.,,洋,,바다 양,바다 양,
6급,96,2022.02.26,53,hunum,다음 漢字의 訓과 音을 쓰세요.,,旗,,기 기,기 기,
6급,96,2022.02.26,54,hunum,다음 漢字의 訓과 音을 쓰세요.,,樹,,나무 수,나무 수,
6급,96,2022.02.26,55,hunum,다음 漢字의 訓과 音을 쓰세요.,,記,,기록할 기,기록할 기,
6급,96,2022.02.26,56,hanjaeo_write,다음 밑줄 친 漢字語를 漢字로 쓰세요.,대한민국의 발전 동력은 교육에서 나옵니다.,교육,,敎育,敎育,
6급,96,2022.02.26,57,hanjaeo_write,다음 밑줄 친 漢字語를 漢字로 쓰세요.,평소 생활을 규칙적으로 바르게 해야 건강해질 수 있습니다.,생활,,生活,生活,
6급,96,2022.02.26,58,hanjaeo_write,다음 밑줄 친 漢字語를 漢字로 쓰세요.,인명을 경시하는 사회가 돼서는 안 됩니다.,인명,,人命,人命,
6급,96,2022.02.26,59,hanjaeo_write,다음 밑줄 친 漢字語를 漢字로 쓰세요.,십년이면 강산도 변한다는데 너는 하나도 변하지 않았구나,강산,,江山,江山,
6급,96,2022.02.26,60,hanjaeo_write,다음 밑줄 친 漢字語를 漢字로 쓰세요.,선생님 면전이라 울 수가 없었습니다.,면전,,面前,面前,
6급,96,2022.02.26,61,hanjaeo_write,다음 밑줄 친 漢字語를 漢字로 쓰세요.,그 집안 형제들은 우애가 깊습니다.,형제,,兄弟,兄弟,
6급,96,2022.02.26,62,hanjaeo_write,다음 밑줄 친 漢字語를 漢字로 쓰세요.,화초에 물을 주는 것이 그의 큰 즐거움입니다.,화초,,花草,花草,
6급,96,2022.02.26,63,hanjaeo_write,다음 밑줄 친 漢字語를 漢字로 쓰세요.,경제가 발전하면 자연히 국력도 커지게 마련입니다.,국력,,國力,國力,
6급,96,2022.02.26,64,hanjaeo_write,다음 밑줄 친 漢字語를 漢字로 쓰세요.,휴지를 아무데나 버리지 마세요.,휴지,,休紙,休紙,
6급,96,2022.02.26,65,hanjaeo_write,다음 밑줄 친 漢字語를 漢字로 쓰세요.,우리나라는 삼면이 바다라 해군의 역할이 매우 큽니다.,해군,,海軍,海軍,
6급,96,2022.02.26,66,hanjaeo_write,다음 밑줄 친 漢字語를 漢字로 쓰세요.,내년에 다시 만납시다.,내년,,來年,來年,
6급,96,2022.02.26,67,hanjaeo_write,다음 밑줄 친 漢字語를 漢字로 쓰세요.,철수는 부모님 곁을 떠나 자립해 보기로 결심했습니다.,자립,,自立,自立,
6급,96,2022.02.26,68,hanjaeo_write,다음 밑줄 친 漢字語를 漢字로 쓰세요.,초등학교 산수도 쉽지 않습니다.,산수,,算數,算數,
6급,96,2022.02.26,69,hanjaeo_write,다음 밑줄 친 漢字語를 漢字로 쓰세요.,작년 시험은 올해와 수준이 동일 했습니다.,동일,,同一,同一,
6급,96,2022.02.26,70,hanjaeo_write,다음 밑줄 친 漢字語를 漢字로 쓰세요.,한국에서는 추석이 되면 송편을 먹습니다.,추석,,秋夕,秋夕,
6급,96,2022.02.26,71,hanjaeo_write,다음 밑줄 친 漢字語를 漢字로 쓰세요.,부모의 은혜는 하늘처럼 높고 바다처럼 깊습니다.,부모,,父母,父母,
6급,96,2022.02.26,72,hanjaeo_write,다음 밑줄 친 漢字語를 漢字로 쓰세요.,귀여운 소녀가 빙그레 미소를 지었습니다.,소녀,,少女,少女,
6급,96,2022.02.26,73,hanjaeo_write,다음 밑줄 친 漢字語를 漢字로 쓰세요.,탄소 배출을 줄여야 깨끗한 공기를 되찾을 수 있습니다.,공기,,空氣,空氣,
6급,96,2022.02.26,74,hanjaeo_write,다음 밑줄 친 漢字語를 漢字로 쓰세요.,농부는 봄철이 제일 바쁩니다.,농부,,農夫,農夫,
6급,96,2022.02.26,75,hanjaeo_write,다음 밑줄 친 漢字語를 漢字로 쓰세요.,동창회 마지막에는 꼭 교가를 부릅니다.,교가,,校歌,校歌,
6급,96,2022.02.26,76,banui_select,다음 漢字와 뜻이 반대(또는 상대)되는 것을 골라 그 번호를 쓰세요.,,苦,"[""① 遠"", ""② 樂"", ""③ 邑"", ""④ 習""]",②,樂,
6급,96,2022.02.26,77,banui_select,다음 漢字와 뜻이 반대(또는 상대)되는 것을 골라 그 번호를 쓰세요.,,問,"[""① 答"", ""② 世"", ""③ 章"", ""④ 計""]",①,答,
6급,96,2022.02.26,78,banui_select,다음 漢字와 뜻이 반대(또는 상대)되는 것을 골라 그 번호를 쓰세요.,,手,"[""① 足"", ""② 左"", ""③ 寸"", ""④ 右""]",①,足,
6급,96,2022.02.26,79,seong-eo,다음 ( ) 안에 알맞은 漢字를 <보기>에서 찾아 그 번호를 쓰세요.,子()萬代,子()萬代,"[""① 今"", ""② 發"", ""③ 孫"", ""④ 川"", ""⑤ 淸"", ""⑥ 飮""]",③,孫,
6급,96,2022.02.26,80,seong-eo,다음 ( ) 안에 알맞은 漢字를 <보기>에서 찾아 그 번호를 쓰세요.,晝夜長(),晝夜長(),"[""① 今"", ""② 發"", ""③ 孫"", ""④ 川"", ""⑤ 淸"", ""⑥ 飮""]",④,川,
6급,96,2022.02.26,81,seong-eo,다음 ( ) 안에 알맞은 漢字를 <보기>에서 찾아 그 번호를 쓰세요.,百()百中,百()百中,"[""① 今"", ""② 發"", ""③ 孫"", ""④ 川"", ""⑤ 淸"", ""⑥ 飮""]",②,發,
6급,96,2022.02.26,82,yui,다음 漢字와 뜻이 비슷한 漢字를 골라 그 번호를 쓰세요.,,急,"[""① 在"", ""② 速"", ""③ 住"", ""④ 黃""]",②,速,
6급,96,2022.02.26,83,yui,다음 漢字와 뜻이 비슷한 漢字를 골라 그 번호를 쓰세요.,,道,"[""① 線"", ""② 分"", ""③ 祖"", ""④ 路""]",④,路,
6급,96,2022.02.26,84,dongeum,다음 중 소리(音)는 같으나 뜻(訓)이 다른 漢字를 골라 그 번호를 쓰세요.,,利,"[""① 朝"", ""② 理"", ""③ 石"", ""④ 英""]",②,理,
6급,96,2022.02.26,85,dongeum,다음 중 소리(音)는 같으나 뜻(訓)이 다른 漢字를 골라 그 번호를 쓰세요.,,使,"[""① 先"", ""② 時"", ""③ 社"", ""④ 戰""]",③,社,
6급,96,2022.02.26,86,mean_select,다음 뜻에 맞는 漢字語를 <보기>에서 찾아 그 번호를 쓰세요.,나무를 심는 일,나무를 심는,"[""① 有別"", ""② 正午"", ""③ 弱體"", ""④ 多重"", ""⑤ 等式"", ""⑥ 植木""]",⑥,植木,
6급,96,2022.02.26,87,mean_select,다음 뜻에 맞는 漢字語를 <보기>에서 찾아 그 번호를 쓰세요.,낮 열두 시,낮 열두,"[""① 有別"", ""② 正午"", ""③ 弱體"", ""④ 多重"", ""⑤ 等式"", ""⑥ 植木""]",②,正午,
6급,96,2022.02.26,88,stroke,다음 漢字의 짙게 표시한 획은 몇 번째 쓰는 획인지 <보기>에서 찾아 그 번호를 쓰세요.,,,"[""① 첫 번째"", ""② 두 번째"", ""③ 세 번째"", ""④ 네 번째"", ""⑤ 다섯 번째"", ""⑥ 여섯 번째"", ""⑦ 일곱 번째"", ""⑧ 여덟 번째"", ""⑨ 아홉 번째"", ""⑩ 열 번째"", ""⑪ 열한 번째"", ""⑫ 열두 번째"", ""⑬ 열세 번째"", ""⑭ 열네 번째"", ""⑮ 열다섯 번째"", ""⑯ 열여섯 번째"", ""⑰ 열일곱 번째"", ""⑱ 열여덟 번째""]",⑥,여섯 번째,exam-strokes/stroke_6_96_88.png
6급,96,2022.02.26,89,stroke,다음 漢字의 짙게 표시한 획은 몇 번째 쓰는 획인지 <보기>에서 찾아 그 번호를 쓰세요.,,,"[""① 첫 번째"", ""② 두 번째"", ""③ 세 번째"", ""④ 네 번째"", ""⑤ 다섯 번째"", ""⑥ 여섯 번째"", ""⑦ 일곱 번째"", ""⑧ 여덟 번째"", ""⑨ 아홉 번째"", ""⑩ 열 번째"", ""⑪ 열한 번째"", ""⑫ 열두 번째"", ""⑬ 열세 번째"", ""⑭ 열네 번째"", ""⑮ 열다섯 번째"", ""⑯ 열여섯 번째"", ""⑰ 열일곱 번째"", ""⑱ 열여덟 번째""]",⑨,아홉 번째,exam-strokes/stroke_6_96_89.png
6급,96,2022.02.26,90,stroke,다음 漢字의 짙게 표시한 획은 몇 번째 쓰는 획인지 <보기>에서 찾아 그 번호를 쓰세요.,,,"[""① 첫 번째"", ""② 두 번째"", ""③ 세 번째"", ""④ 네 번째"", ""⑤ 다섯 번째"", ""⑥ 여섯 번째"", ""⑦ 일곱 번째"", ""⑧ 여덟 번째"", ""⑨ 아홉 번째"", ""⑩ 열 번째"", ""⑪ 열한 번째"", ""⑫ 열두 번째"", ""⑬ 열세 번째"", ""⑭ 열네 번째"", ""⑮ 열다섯 번째"", ""⑯ 열여섯 번째"", ""⑰ 열일곱 번째"", ""⑱ 열여덟 번째""]",⑩,열 번째,exam-strokes/stroke_6_96_90.png
6급,97,2022.05.28,1,dokum,다음 밑줄 친 漢字語의 讀音을 쓰세요.,,弱體,,약체,약체,
6급,97,2022.05.28,2,dokum,다음 밑줄 친 漢字語의 讀音을 쓰세요.,,永遠,,영원,영원,
6급,97,2022.05.28,3,dokum,다음 밑줄 친 漢字語의 讀音을 쓰세요.,,東窓,,동창,동창,
6급,97,2022.05.28,4,dokum,다음 밑줄 친 漢字語의 讀音을 쓰세요.,,愛用,,애용,애용,
6급,97,2022.05.28,5,dokum,다음 밑줄 친 漢字語의 讀音을 쓰세요.,,等式,,등식,등식,
6급,97,2022.05.28,6,dokum,다음 밑줄 친 漢字語의 讀音을 쓰세요.,,親族,,친족,친족,
6급,97,2022.05.28,7,dokum,다음 밑줄 친 漢字語의 讀音을 쓰세요.,,勝利,,승리,승리,
6급,97,2022.05.28,8,dokum,다음 밑줄 친 漢字語의 讀音을 쓰세요.,,成果,,성과,성과,
6급,97,2022.05.28,9,dokum,다음 밑줄 친 漢字語의 讀音을 쓰세요.,,庭園,,정원,정원,
6급,97,2022.05.28,10,dokum,다음 밑줄 친 漢字語의 讀音을 쓰세요.,,童話,,동화,동화,
6급,97,2022.05.28,11,dokum,다음 밑줄 친 漢字語의 讀音을 쓰세요.,,強度,,강도,강도,
6급,97,2022.05.28,12,dokum,다음 밑줄 친 漢字語의 讀音을 쓰세요.,,形言,,형언,형언,
6급,97,2022.05.28,13,dokum,다음 밑줄 친 漢字語의 讀音을 쓰세요.,,海戰,,해전,해전,
6급,97,2022.05.28,14,dokum,다음 밑줄 친 漢字語의 讀音을 쓰세요.,,近代,,근대,근대,
6급,97,2022.05.28,15,dokum,다음 밑줄 친 漢字語의 讀音을 쓰세요.,,水銀,,수은,수은,
6급,97,2022.05.28,16,dokum,다음 밑줄 친 漢字語의 讀音을 쓰세요.,,急行,,급행,급행,
6급,97,2022.05.28,17,dokum,다음 밑줄 친 漢字語의 讀音을 쓰세요.,,部門,,부문,부문,
6급,97,2022.05.28,18,dokum,다음 밑줄 친 漢字語의 讀音을 쓰세요.,,特別,,특별,특별,
6급,97,2022.05.28,19,dokum,다음 밑줄 친 漢字語의 讀音을 쓰세요.,,消失,,소실,소실,
6급,97,2022.05.28,20,dokum,다음 밑줄 친 漢字語의 讀音을 쓰세요.,,四角,,사각,사각,
6급,97,2022.05.28,21,dokum,다음 밑줄 친 漢字語의 讀音을 쓰세요.,,發明,,발명,발명,
6급,97,2022.05.28,22,dokum,다음 밑줄 친 漢字語의 讀音을 쓰세요.,,郡界,,군계,군계,
6급,97,2022.05.28,23,dokum,다음 밑줄 친 漢字語의 讀音을 쓰세요.,,太陽,,태양,태양,
6급,97,2022.05.28,24,dokum,다음 밑줄 친 漢字語의 讀音을 쓰세요.,,每番,,매번,매번,
6급,97,2022.05.28,25,dokum,다음 밑줄 친 漢字語의 讀音을 쓰세요.,,注意,,주의,주의,
6급,97,2022.05.28,26,dokum,다음 밑줄 친 漢字語의 讀音을 쓰세요.,,科目,,과목,과목,
6급,97,2022.05.28,27,dokum,다음 밑줄 친 漢字語의 讀音을 쓰세요.,,運身,,운신,운신,
6급,97,2022.05.28,28,dokum,다음 밑줄 친 漢字語의 讀音을 쓰세요.,,時速,,시속,시속,
6급,97,2022.05.28,29,dokum,다음 밑줄 친 漢字語의 讀音을 쓰세요.,,現在,,현재,현재,
6급,97,2022.05.28,30,dokum,다음 밑줄 친 漢字語의 讀音을 쓰세요.,,答禮,,답례,답례,
6급,97,2022.05.28,31,dokum,다음 밑줄 친 漢字語의 讀音을 쓰세요.,,通路,,통로,통로,
6급,97,2022.05.28,32,dokum,다음 밑줄 친 漢字語의 讀音을 쓰세요.,,圖表,,도표,도표,
6급,97,2022.05.28,33,dokum,다음 밑줄 친 漢字語의 讀音을 쓰세요.,,野球,,야구,야구,
6급,97,2022.05.28,34,hunum,다음 漢字의 訓과 音을 쓰세요.,,溫,,따뜻할 온,따뜻할 온,
6급,97,2022.05.28,35,hunum,다음 漢字의 訓과 音을 쓰세요.,,短,,짧을 단,짧을 단,
6급,97,2022.05.28,36,hunum,다음 漢字의 訓과 音을 쓰세요.,,孫,,손자 손,손자 손,
6급,97,2022.05.28,37,hunum,다음 漢字의 訓과 音을 쓰세요.,,風,,바람 풍,바람 풍,
6급,97,2022.05.28,38,hunum,다음 漢字의 訓과 音을 쓰세요.,,死,,죽을 사,죽을 사,
6급,97,2022.05.28,39,hunum,다음 漢字의 訓과 音을 쓰세요.,,病,,병 병,병 병,
6급,97,2022.05.28,40,hunum,다음 漢字의 訓과 音을 쓰세요.,,由,,말미암을 유,말미암을 유,
6급,97,2022.05.28,41,hunum,다음 漢字의 訓과 音을 쓰세요.,,淸,,맑을 청,맑을 청,
6급,97,2022.05.28,42,hunum,다음 漢字의 訓과 音을 쓰세요.,,聞,,들을 문,들을 문,
6급,97,2022.05.28,43,hunum,다음 漢字의 訓과 音을 쓰세요.,,者,,놈 자,놈 자,
6급,97,2022.05.28,44,hunum,다음 漢字의 訓과 音을 쓰세요.,,朝,,아침 조,아침 조,
6급,97,2022.05.28,45,hunum,다음 漢字의 訓과 音을 쓰세요.,,開,,열 개,열 개,
6급,97,2022.05.28,46,hunum,다음 漢字의 訓과 音을 쓰세요.,,洋,,큰바다 양,큰바다 양,
6급,97,2022.05.28,47,hunum,다음 漢字의 訓과 音을 쓰세요.,,區,,구분할 | 지경 구,구분할 | 지경 구,
6급,97,2022.05.28,48,hunum,다음 漢字의 訓과 音을 쓰세요.,,號,,이름 호,이름 호,
6급,97,2022.05.28,49,hunum,다음 漢字의 訓과 音을 쓰세요.,,美,,아름다울 미,아름다울 미,
6급,97,2022.05.28,50,hunum,다음 漢字의 訓과 音을 쓰세요.,,感,,느낄 감,느낄 감,
6급,97,2022.05.28,51,hunum,다음 漢字의 訓과 音을 쓰세요.,,例,,법식 례,법식 례,
6급,97,2022.05.28,52,hunum,다음 漢字의 訓과 音을 쓰세요.,,多,,많을 다,많을 다,
6급,97,2022.05.28,53,hunum,다음 漢字의 訓과 音을 쓰세요.,,頭,,머리 두,머리 두,
6급,97,2022.05.28,54,hunum,다음 漢字의 訓과 音을 쓰세요.,,共,,한가지 공,한가지 공,
6급,97,2022.05.28,55,hunum,다음 漢字의 訓과 音을 쓰세요.,,黃,,누를 황,누를 황,
6급,97,2022.05.28,56,banui_select,다음 漢字와 뜻이 반대(또는 상대)되는 것을 골라 그 번호를 쓰세요.,,苦,"[""① 才"", ""② 畫"", ""③ 樂"", ""④ 飮""]",③,樂,
6급,97,2022.05.28,57,banui_select,다음 漢字와 뜻이 반대(또는 상대)되는 것을 골라 그 번호를 쓰세요.,,新,"[""① 古"", ""② 使"", ""③ 術"", ""④ 業""]",①,古,
6급,97,2022.05.28,58,banui_select,다음 漢字와 뜻이 반대(또는 상대)되는 것을 골라 그 번호를 쓰세요.,,晝,"[""① 堂"", ""② 班"", ""③ 米"", ""④ 夜""]",④,夜,
6급,97,2022.05.28,59,yui,다음 漢字와 뜻이 같거나 비슷한 것을 골라 그 번호를 쓰세요.,,衣,"[""① 勇"", ""② 服"", ""③ 幸"", ""④ 昨""]",②,服,
6급,97,2022.05.28,60,yui,다음 漢字와 뜻이 같거나 비슷한 것을 골라 그 번호를 쓰세요.,,靑,"[""① 綠"", ""② 藥"", ""③ 分"", ""④ 省""]",①,綠,
6급,97,2022.05.28,61,dongeum,다음 漢字와 소리(音)는 같으나 뜻(訓)이 다른 것을 골라 그 번호를 쓰세요.,,待,"[""① 信"", ""② 章"", ""③ 合"", ""④ 對""]",④,對,
6급,97,2022.05.28,62,dongeum,다음 漢字와 소리(音)는 같으나 뜻(訓)이 다른 것을 골라 그 번호를 쓰세요.,,市,"[""① 雪"", ""② 始"", ""③ 朴"", ""④ 放""]",②,始,
6급,97,2022.05.28,63,seong-eo,다음 성어의 ( ) 안에 알맞은 漢字를 <보기>에서 찾아 그 번호를 쓰세요.,白()書生 : 글만 읽고 세상일,白()書生,"[""① 勇"", ""② 服"", ""③ 幸"", ""④ 昨"", ""⑤ 面"", ""⑥ 火"", ""⑦ 油"", ""⑧ 集""]",⑤,面,
6급,97,2022.05.28,64,seong-eo,다음 성어의 ( ) 안에 알맞은 漢字를 <보기>에서 찾아 그 번호를 쓰세요.,作心()日 : 단단히 먹은 마음이 사흘을 가지 못함.,作心()日,"[""① 勇"", ""② 服"", ""③ 幸"", ""④ 昨"", ""⑤ 面"", ""⑥ 火"", ""⑦ 油"", ""⑧ 集""]",④,三,
6급,97,2022.05.28,65,seong-eo,다음 성어의 ( ) 안에 알맞은 漢字를 <보기>에서 찾아 그 번호를 쓰세요.,電光石() : 번갯불과 부싯돌의 불.,電光石(),"[""① 勇"", ""② 服"", ""③ 幸"", ""④ 昨"", ""⑤ 面"", ""⑥ 火"", ""⑦ 油"", ""⑧ 集""]",⑥,火,
6급,97,2022.05.28,66,mean_select,다음 뜻에 맞는 漢字語를 <보기>에서 찾아 그 번호를 쓰세요.,일의 형세 따위가 움직여 가는 방향,일의 형세 따위가 움직여 가는방향,"[""① 天神"", ""② 樹高"", ""③ 動向"", ""④ 名醫"", ""⑤ 本線"", ""⑥ 命中""]",③,動向,
6급,97,2022.05.28,67,mean_select,다음 뜻에 맞는 漢字語를 <보기>에서 찾아 그 번호를 쓰세요.,병을 잘 고쳐 이름난 의원이나 의사,병을 잘 고쳐 이름난 의원이나의사,"[""① 天神"", ""② 樹高"", ""③ 動向"", ""④ 名醫"", ""⑤ 本線"", ""⑥ 命中""]",④,名醫,
6급,97,2022.05.28,68,hanjaeo_write,다음 밑줄 친 漢字語를 漢字로 쓰세요.,그 분과 나는 촌수가 매우 가깝습니다.,촌수,,寸數,寸數,
6급,97,2022.05.28,69,hanjaeo_write,다음 밑줄 친 漢字語를 漢字로 쓰세요.,동기간에는 서로 사이가 좋아야 합니다.,동기,,同氣,同氣,
6급,97,2022.05.28,70,hanjaeo_write,다음 밑줄 친 漢字語를 漢字로 쓰세요.,마당에 예쁜 화초들이 많이 피었습니다.,화초,,花草,花草,
6급,97,2022.05.28,71,hanjaeo_write,다음 밑줄 친 漢字語를 漢字로 쓰세요.,산림이 우거진 숲 속에서 휴양을 합니다.,산림,,山林,山林,
6급,97,2022.05.28,72,hanjaeo_write,다음 밑줄 친 漢字語를 漢字로 쓰세요.,씨앗을 퍼뜨리는 방법은 식물마다 다릅니다.,식물,,植物,植物,
6급,97,2022.05.28,73,hanjaeo_write,다음 밑줄 친 漢字語를 漢字로 쓰세요.,아버지께서는 외출을 하셨습니다.,외출,,外出,外出,
6급,97,2022.05.28,74,hanjaeo_write,다음 밑줄 친 漢字語를 漢字로 쓰세요.,어머니는 지금 읍내에 나가고 안 계십니다.,읍내,,邑內,邑內,
6급,97,2022.05.28,75,hanjaeo_write,다음 밑줄 친 漢字語를 漢字로 쓰세요.,오색이 찬란한 무지개가 떴습니다.,오색,,五色,五色,
6급,97,2022.05.28,76,hanjaeo_write,다음 밑줄 친 漢字語를 漢字로 쓰세요.,왕은 백성의 목소리에 귀를 기울여야 합니다.,백성,,百姓,百姓,
6급,97,2022.05.28,77,hanjaeo_write,다음 밑줄 친 漢字語를 漢字로 쓰세요.,우리 동네 이장은 친절합니다.,이장,,里長,里長,
6급,97,2022.05.28,78,hanjaeo_write,다음 밑줄 친 漢字語를 漢字로 쓰세요.,우리 선조들은 일찍부터 기록을 중요시하였습니다.,선조,,先祖,先祖,
6급,97,2022.05.28,79,hanjaeo_write,다음 밑줄 친 漢字語를 漢字로 쓰세요.,우리 전통 한지로 연을 만들었습니다.,한지,,韓紙,韓紙,
6급,97,2022.05.28,80,hanjaeo_write,다음 밑줄 친 漢字語를 漢字로 쓰세요.,음악을 들으면 마음이 편안해집니다.,편안,,便安,便安,
6급,97,2022.05.28,81,hanjaeo_write,다음 밑줄 친 漢字語를 漢字로 쓰세요.,그가 등장하리라고는 예측을 못했습니다.,등장,,登場,登場,
6급,97,2022.05.28,82,hanjaeo_write,다음 밑줄 친 漢字語를 漢字로 쓰세요.,자연 환경이 훼손되어서는 안됩니다.,자연,,自然,自然,
6급,97,2022.05.28,83,hanjaeo_write,다음 밑줄 친 漢字語를 漢字로 쓰세요.,장부에 오늘 쓴 돈을 기입합니다.,기입,,記入,記入,
6급,97,2022.05.28,84,hanjaeo_write,다음 밑줄 친 漢字語를 漢字로 쓰세요.,젊었을 적부터 노후를 대비해 서 저축을 해야 합니다.,노후,,老後,老後,
6급,97,2022.05.28,85,hanjaeo_write,다음 밑줄 친 漢字語를 漢字로 쓰세요.,이 일은 천년에 한번 올 수 있는 기회입니다.,천년,,千年,千年,
6급,97,2022.05.28,86,hanjaeo_write,다음 밑줄 친 漢字語를 漢字로 쓰세요.,토지를 개간하여 농사를 짓습니다.,토지,,土地,土地,
6급,97,2022.05.28,87,hanjaeo_write,다음 밑줄 친 漢字語를 漢字로 쓰세요.,화목한 가정의 소중함을 잊어서는 안 됩니다.,소중,,所重,所重,
6급,97,2022.05.28,88,stroke,다음 漢字의 짙게 표시한 획은 몇 번째 쓰는 획인지 <보기>에서 찾아 그 번호를 쓰세요.,,,"[""① 첫 번째"", ""② 두 번째"", ""③ 세 번째"", ""④ 네 번째"", ""⑤ 다섯 번째"", ""⑥ 여섯 번째"", ""⑦ 일곱 번째"", ""⑧ 여덟 번째"", ""⑨ 아홉 번째""]",⑤,다섯 번째,exam-strokes/stroke_6_97_88.png
6급,97,2022.05.28,89,stroke,다음 漢字의 짙게 표시한 획은 몇 번째 쓰는 획인지 <보기>에서 찾아 그 번호를 쓰세요.,,,"[""① 첫 번째"", ""② 두 번째"", ""③ 세 번째"", ""④ 네 번째"", ""⑤ 다섯 번째"", ""⑥ 여섯 번째"", ""⑦ 일곱 번째"", ""⑧ 여덟 번째"", ""⑨ 아홉 번째""]",⑧,여덟 번째,exam-strokes/stroke_6_97_89.png
6급,97,2022.05.28,90,stroke,다음 漢字의 짙게 표시한 획은 몇 번째 쓰는 획인지 <보기>에서 찾아 그 번호를 쓰세요.,,,"[""① 첫 번째"", ""② 두 번째"", ""③ 세 번째"", ""④ 네 번째"", ""⑤ 다섯 번째"", ""⑥ 여섯 번째"", ""⑦ 일곱 번째"", ""⑧ 여덟 번째"", ""⑨ 아홉 번째""]",⑦,일곱 번째,exam-strokes/stroke_6_97_90.png
6급,98,2022.08.27,1,dokum,다음 밑줄 친 漢字語의 讀音을 쓰세요.,,開業,,개업,개업,
6급,98,2022.08.27,2,dokum,다음 밑줄 친 漢字語의 讀音을 쓰세요.,,現在,,현재,현재,
6급,98,2022.08.27,3,dokum,다음 밑줄 친 漢字語의 讀音을 쓰세요.,,根本,,근본,근본,
6급,98,2022.08.27,4,dokum,다음 밑줄 친 漢字語의 讀音을 쓰세요.,,信用,,신용,신용,
6급,98,2022.08.27,5,dokum,다음 밑줄 친 漢字語의 讀音을 쓰세요.,,番號,,번호,번호,
6급,98,2022.08.27,6,dokum,다음 밑줄 친 漢字語의 讀音을 쓰세요.,,合作,,합작,합작,
6급,98,2022.08.27,7,dokum,다음 밑줄 친 漢字語의 讀音을 쓰세요.,,強度,,강도,강도,
6급,98,2022.08.27,8,dokum,다음 밑줄 친 漢字語의 讀音을 쓰세요.,,夕陽,,석양,석양,
6급,98,2022.08.27,9,dokum,다음 밑줄 친 漢字語의 讀音을 쓰세요.,,親交,,친교,친교,
6급,98,2022.08.27,10,dokum,다음 밑줄 친 漢字語의 讀音을 쓰세요.,,永遠,,영원,영원,
6급,98,2022.08.27,11,dokum,다음 밑줄 친 漢字語의 讀音을 쓰세요.,,美術,,미술,미술,
6급,98,2022.08.27,12,dokum,다음 밑줄 친 漢字語의 讀音을 쓰세요.,,通風,,통풍,통풍,
6급,98,2022.08.27,13,dokum,다음 밑줄 친 漢字語의 讀音을 쓰세요.,,消失,,소실,소실,
6급,98,2022.08.27,14,dokum,다음 밑줄 친 漢字語의 讀音을 쓰세요.,,讀者,,독자,독자,
6급,98,2022.08.27,15,dokum,다음 밑줄 친 漢字語의 讀音을 쓰세요.,,多才,,다재,다재,
6급,98,2022.08.27,16,dokum,다음 밑줄 친 漢字語의 讀音을 쓰세요.,,代身,,대신,대신,
6급,98,2022.08.27,17,dokum,다음 밑줄 친 漢字語의 讀音을 쓰세요.,,銀行,,은행,은행,
6급,98,2022.08.27,18,dokum,다음 밑줄 친 漢字語의 讀音을 쓰세요.,,衣服,,의복,의복,
6급,98,2022.08.27,19,dokum,다음 밑줄 친 漢字語의 讀音을 쓰세요.,,對面,,대면,대면,
6급,98,2022.08.27,20,dokum,다음 밑줄 친 漢字語의 讀音을 쓰세요.,,童話,,동화,동화,
6급,98,2022.08.27,21,dokum,다음 밑줄 친 漢字語의 讀音을 쓰세요.,,方向,,방향,방향,
6급,98,2022.08.27,22,dokum,다음 밑줄 친 漢字語의 讀音을 쓰세요.,,使命,,사명,사명,
6급,98,2022.08.27,23,dokum,다음 밑줄 친 漢字語의 讀音을 쓰세요.,,新聞,,신문,신문,
6급,98,2022.08.27,24,dokum,다음 밑줄 친 漢字語의 讀音을 쓰세요.,,反省,,반성,반성,
6급,98,2022.08.27,25,dokum,다음 밑줄 친 漢字語의 讀音을 쓰세요.,,共感,,공감,공감,
6급,98,2022.08.27,26,dokum,다음 밑줄 친 漢字語의 讀音을 쓰세요.,,特色,,특색,특색,
6급,98,2022.08.27,27,dokum,다음 밑줄 친 漢字語의 讀音을 쓰세요.,,頭角,,두각,두각,
6급,98,2022.08.27,28,dokum,다음 밑줄 친 漢字語의 讀音을 쓰세요.,,窓門,,창문,창문,
6급,98,2022.08.27,29,dokum,다음 밑줄 친 漢字語의 讀音을 쓰세요.,,題目,,제목,제목,
6급,98,2022.08.27,30,dokum,다음 밑줄 친 漢字語의 讀音을 쓰세요.,,學習,,학습,학습,
6급,98,2022.08.27,31,dokum,다음 밑줄 친 漢字語의 讀音을 쓰세요.,,氣溫,,기온,기온,
6급,98,2022.08.27,32,dokum,다음 밑줄 친 漢字語의 讀音을 쓰세요.,,海運,,해운,해운,
6급,98,2022.08.27,33,dokum,다음 밑줄 친 漢字語의 讀音을 쓰세요.,,勝利,,승리,승리,
6급,98,2022.08.27,34,hunum,다음 漢字의 訓과 音을 쓰세요.,,京,,서울 경,서울 경,
6급,98,2022.08.27,35,hunum,다음 漢字의 訓과 音을 쓰세요.,,太,,클 태,클 태,
6급,98,2022.08.27,36,hunum,다음 漢字의 訓과 音을 쓰세요.,,油,,기름 유,기름 유,
6급,98,2022.08.27,37,hunum,다음 漢字의 訓과 音을 쓰세요.,,洋,,큰바다 양,큰바다 양,
6급,98,2022.08.27,38,hunum,다음 漢字의 訓과 音을 쓰세요.,,米,,쌀 미,쌀 미,
6급,98,2022.08.27,39,hunum,다음 漢字의 訓과 音을 쓰세요.,,書,,글 서,글 서,
6급,98,2022.08.27,40,hunum,다음 漢字의 訓과 音을 쓰세요.,,野,,들 야,들 야,
6급,98,2022.08.27,41,hunum,다음 漢字의 訓과 音을 쓰세요.,,表,,겉 표,겉 표,
6급,98,2022.08.27,42,hunum,다음 漢字의 訓과 音을 쓰세요.,,急,,급할 급,급할 급,
6급,98,2022.08.27,43,hunum,다음 漢字의 訓과 音을 쓰세요.,,待,,기다릴 대,기다릴 대,
6급,98,2022.08.27,44,hunum,다음 漢字의 訓과 音을 쓰세요.,,圖,,그림 도,그림 도,
6급,98,2022.08.27,45,hunum,다음 漢字의 訓과 音을 쓰세요.,,園,,동산 원,동산 원,
6급,98,2022.08.27,46,hunum,다음 漢字의 訓과 音을 쓰세요.,,幸,,다행 행,다행 행,
6급,98,2022.08.27,47,hunum,다음 漢字의 訓과 音을 쓰세요.,,成,,이룰 성,이룰 성,
6급,98,2022.08.27,48,hunum,다음 漢字의 訓과 音을 쓰세요.,,言,,말씀 언,말씀 언,
6급,98,2022.08.27,49,hunum,다음 漢字의 訓과 音을 쓰세요.,,郡,,고을 군,고을 군,
6급,98,2022.08.27,50,hunum,다음 漢字의 訓과 音을 쓰세요.,,禮,,예도 례,예도 례,
6급,98,2022.08.27,51,hunum,다음 漢字의 訓과 音을 쓰세요.,,章,,글 장,글 장,
6급,98,2022.08.27,52,hunum,다음 漢字의 訓과 音을 쓰세요.,,石,,돌 석,돌 석,
6급,98,2022.08.27,53,hunum,다음 漢字의 訓과 音을 쓰세요.,,堂,,집 당,집 당,
6급,98,2022.08.27,54,hunum,다음 漢字의 訓과 音을 쓰세요.,,近,,가까울 근,가까울 근,
6급,98,2022.08.27,55,hunum,다음 漢字의 訓과 音을 쓰세요.,,速,,빠를 속,빠를 속,
6급,98,2022.08.27,56,hanjaeo_write,다음 밑줄 친 漢字語를 漢字로 쓰세요.,아침에 맑던 하늘이 오후가 되면서 흐려졌습니다.,오후,,午後,午後,
6급,98,2022.08.27,57,hanjaeo_write,다음 밑줄 친 漢字語를 漢字로 쓰세요.,갑자기 모이는 장소를 변경하게 됐습니다.,장소,,場所,場所,
6급,98,2022.08.27,58,hanjaeo_write,다음 밑줄 친 漢字語를 漢字로 쓰세요.,좌우를 살피며 조심스럽게 건넜습니다.,좌우,,左右,左右,
6급,98,2022.08.27,59,hanjaeo_write,다음 밑줄 친 漢字語를 漢字로 쓰세요.,학교 행사의 마지막으로 교가를 합창했습니다.,교가,,校歌,校歌,
6급,98,2022.08.27,60,hanjaeo_write,다음 밑줄 친 漢字語를 漢字로 쓰세요.,이 시계는 시간이 잘 맞습니다.,시간,,時間,時間,
6급,98,2022.08.27,61,hanjaeo_write,다음 밑줄 친 漢字語를 漢字로 쓰세요.,매주 토요일은 화초에 물을 줍니다.,화초,,花草,花草,
6급,98,2022.08.27,62,hanjaeo_write,다음 밑줄 친 漢字語를 漢字로 쓰세요.,새 아파트는 드디어 입주가 시작됐습니다.,입주,,入住,入住,
6급,98,2022.08.27,63,hanjaeo_write,다음 밑줄 친 漢字語를 漢字로 쓰세요.,부모님께 문안 인사를 드리러 갑니다.,문안,,問安,問安,
6급,98,2022.08.27,64,hanjaeo_write,다음 밑줄 친 漢字語를 漢字로 쓰세요.,건물에 불이 나면 비상 출구로 대피해야 합니다.,출구,,出口,出口,
6급,98,2022.08.27,65,hanjaeo_write,다음 밑줄 친 漢字語를 漢字로 쓰세요.,백두산도 한라산도 모두 화산입니다.,화산,,火山,火山,
6급,98,2022.08.27,66,hanjaeo_write,다음 밑줄 친 漢字語를 漢字로 쓰세요.,여기서 시내버스를 타면 시청에 갈 수 있습니다.,시내,,市內,市內,
6급,98,2022.08.27,67,hanjaeo_write,다음 밑줄 친 漢字語를 漢字로 쓰세요.,시간 부족으로 마무리를 못해 아쉽습니다.,부족,,不足,不足,
6급,98,2022.08.27,68,hanjaeo_write,다음 밑줄 친 漢字語를 漢字로 쓰세요.,코로나19로 인해 교육 환경이 많이 바뀌었습니다.,교육,,敎育,敎育,
6급,98,2022.08.27,69,hanjaeo_write,다음 밑줄 친 漢字語를 漢字로 쓰세요.,우리는 정직한 사람이 되어야 합니다.,정직,,正直,正直,
6급,98,2022.08.27,70,hanjaeo_write,다음 밑줄 친 漢字語를 漢字로 쓰세요.,할아버지는 매사에 빈틈이 없으십니다.,매사,,每事,每事,
6급,98,2022.08.27,71,hanjaeo_write,다음 밑줄 친 漢字語를 漢字로 쓰세요.,예년에 비해 금년 농가 소득이 높습니다.,농가,,農家,農家,
6급,98,2022.08.27,72,hanjaeo_write,다음 밑줄 친 漢字語를 漢字로 쓰세요.,이번 휴일에는 친구와 영화를 보러 갈 겁니다.,휴일,,休日,休日,
6급,98,2022.08.27,73,hanjaeo_write,다음 밑줄 친 漢字語를 漢字로 쓰세요.,여기 에어컨은 일정한 온도가 되면 자동으로 꺼집니다.,자동,,自動,自動,
6급,98,2022.08.27,74,hanjaeo_write,다음 밑줄 친 漢字語를 漢字로 쓰세요.,수박과 참외는 이 지방의 명물입니다.,명물,,名物,名物,
6급,98,2022.08.27,75,hanjaeo_write,다음 밑줄 친 漢字語를 漢字로 쓰세요.,수재민들은 식수가 부족하여 많은 어려움을 겪고 있습니다.,식수,,食水,食水,
6급,98,2022.08.27,76,banui_select,다음 漢字와 뜻이 반대(또는 상대)되는 것을 골라 그 번호를 쓰세요.,,孫,"[""① 先"", ""② 祖"", ""③ 朝"", ""④ 族""]",②,祖,
6급,98,2022.08.27,77,banui_select,다음 漢字와 뜻이 반대(또는 상대)되는 것을 골라 그 번호를 쓰세요.,,晝,"[""① 畫"", ""② 注"", ""③ 愛"", ""④ 夜""]",④,夜,
6급,98,2022.08.27,78,banui_select,다음 漢字와 뜻이 반대(또는 상대)되는 것을 골라 그 번호를 쓰세요.,,今,"[""① 昨"", ""② 英"", ""③ 然"", ""④ 年""]",①,昨,
6급,98,2022.08.27,79,yui,다음 漢字와 뜻이 같거나 비슷한 것을 골라 그 번호를 쓰세요.,,光,"[""① 白"", ""② 淸"", ""③ 明"", ""④ 月""]",③,明,
6급,98,2022.08.27,80,yui,다음 漢字와 뜻이 같거나 비슷한 것을 골라 그 번호를 쓰세요.,,分,"[""① 集"", ""② 別"", ""③ 果"", ""④ 立""]",②,別,
6급,98,2022.08.27,81,seong-eo,다음 ( ) 안에 알맞은 漢字를 <보기>에서 찾아 그 번호를 쓰세요.,百()百中 : 백 번 쏘아 백 번맞힌다는 뜻으로쏠 때마다 다 맞음을 이르는 말.,百()百中,"[""① 白"", ""② 淸"", ""③ 明"", ""④ 月"", ""⑤ 病"", ""⑥ 發"", ""⑦ 藥"", ""⑧ 始""]",⑥,發,
6급,98,2022.08.27,82,seong-eo,다음 ( ) 안에 알맞은 漢字를 <보기>에서 찾아 그 번호를 쓰세요.,生老()死 : 사람이 나고 늙고병들고 죽는 네가지 고통.,生老()死,"[""① 白"", ""② 淸"", ""③ 明"", ""④ 月"", ""⑤ 病"", ""⑥ 發"", ""⑦ 藥"", ""⑧ 始""]",⑤,病,
6급,98,2022.08.27,83,seong-eo,다음 ( ) 안에 알맞은 漢字를 <보기>에서 찾아 그 번호를 쓰세요.,同苦同() : 같이 고생하고 같이 즐긴다는 뜻으로 괴로움과 즐거움을 함께함.,同苦同(),"[""① 白"", ""② 淸"", ""③ 明"", ""④ 月"", ""⑤ 病"", ""⑥ 發"", ""⑦ 藥"", ""⑧ 始""]",③,明,
6급,98,2022.08.27,84,dongeum,다음 중 소리(音)는 같으나 뜻(訓)이 다른 漢字를 골라 그 번호를 쓰세요.,,球,"[""① 區"", ""② 高"", ""③ 古"", ""④ 各""]",①,區,
6급,98,2022.08.27,85,dongeum,다음 중 소리(音)는 같으나 뜻(訓)이 다른 漢字를 골라 그 번호를 쓰세요.,,半,"[""① 放"", ""② 部"", ""③ 班"", ""④ 朴""]",③,班,
6급,98,2022.08.27,86,mean_select,다음 뜻에 맞는 漢字語를 <보기>에서 찾아 그 번호를 쓰세요.,공적인 모임의 자리,공적인 모임의 자리,"[""① 空席"", ""② 公席"", ""③ 功理"", ""④ 戰線"", ""⑤ 電線"", ""⑥ 前線""]",②,公席,
6급,98,2022.08.27,87,mean_select,다음 뜻에 맞는 漢字語를 <보기>에서 찾아 그 번호를 쓰세요.,전류가 흐르는 선,전류가 흐르는 선,"[""① 空席"", ""② 公席"", ""③ 功理"", ""④ 戰線"", ""⑤ 電線"", ""⑥ 前線""]",⑤,電線,
6급,98,2022.08.27,88,stroke,다음 漢字의 짙게 표시한 획은 몇 번째 쓰는 획인지 <보기>에서 찾아 그 번호를 쓰세요.,,,"[""① 첫 번째"", ""② 두 번째"", ""③ 세 번째"", ""④ 네 번째"", ""⑤ 다섯 번째"", ""⑥ 여섯 번째"", ""⑦ 일곱 번째"", ""⑧ 여덟 번째"", ""⑨ 아홉 번째"", ""⑩ 열 번째"", ""⑪ 열한 번째"", ""⑫ 열두 번째"", ""⑬ 열세 번째""]",⑦,일곱 번째,exam-strokes/stroke_6_98_88.png
6급,98,2022.08.27,89,stroke,다음 漢字의 짙게 표시한 획은 몇 번째 쓰는 획인지 <보기>에서 찾아 그 번호를 쓰세요.,,,"[""① 첫 번째"", ""② 두 번째"", ""③ 세 번째"", ""④ 네 번째"", ""⑤ 다섯 번째"", ""⑥ 여섯 번째"", ""⑦ 일곱 번째"", ""⑧ 여덟 번째"", ""⑨ 아홉 번째"", ""⑩ 열 번째"", ""⑪ 열한 번째"", ""⑫ 열두 번째"", ""⑬ 열세 번째""]",⑨,아홉 번째,exam-strokes/stroke_6_98_89.png
6급,98,2022.08.27,90,stroke,다음 漢字의 짙게 표시한 획은 몇 번째 쓰는 획인지 <보기>에서 찾아 그 번호를 쓰세요.,,,"[""① 첫 번째"", ""② 두 번째"", ""③ 세 번째"", ""④ 네 번째"", ""⑤ 다섯 번째"", ""⑥ 여섯 번째"", ""⑦ 일곱 번째"", ""⑧ 여덟 번째"", ""⑨ 아홉 번째"", ""⑩ 열 번째"", ""⑪ 열한 번째"", ""⑫ 열두 번째"", ""⑬ 열세 번째""]",⑦,일곱 번째,exam-strokes/stroke_6_98_90.png
6급,99,2022.11.26,1,dokum,다음 밑줄 친 漢字語의 讀音을 쓰세요.,,根本,,근본,근본,
6급,99,2022.11.26,2,dokum,다음 밑줄 친 漢字語의 讀音을 쓰세요.,,藥果,,약과,약과,
6급,99,2022.11.26,3,dokum,다음 밑줄 친 漢字語의 讀音을 쓰세요.,,號室,,호실,호실,
6급,99,2022.11.26,4,dokum,다음 밑줄 친 漢字語의 讀音을 쓰세요.,,王朝,,부재,부재,
6급,99,2022.11.26,5,dokum,다음 밑줄 친 漢字語의 讀音을 쓰세요.,,形成,,형성,형성,
6급,99,2022.11.26,6,dokum,다음 밑줄 친 漢字語의 讀音을 쓰세요.,,共用,,공용,공용,
6급,99,2022.11.26,7,dokum,다음 밑줄 친 漢字語의 讀音을 쓰세요.,,一角,,일각,일각,
6급,99,2022.11.26,8,dokum,다음 밑줄 친 漢字語의 讀音을 쓰세요.,,路線,,노선,노선,
6급,99,2022.11.26,9,dokum,다음 밑줄 친 漢字語의 讀音을 쓰세요.,,下部,,하부,하부,
6급,99,2022.11.26,10,dokum,다음 밑줄 친 漢字語의 讀音을 쓰세요.,,海運,,해운,해운,
6급,99,2022.11.26,11,dokum,다음 밑줄 친 漢字語의 讀音을 쓰세요.,,勝利,,승리,승리,
6급,99,2022.11.26,12,dokum,다음 밑줄 친 漢字語의 讀音을 쓰세요.,,林野,,임야,임야,
6급,99,2022.11.26,13,dokum,다음 밑줄 친 漢字語의 讀音을 쓰세요.,,話頭,,화두,화두,
6급,99,2022.11.26,14,dokum,다음 밑줄 친 漢字語의 讀音을 쓰세요.,,王朝,,왕조,왕조,
6급,99,2022.11.26,15,dokum,다음 밑줄 친 漢字語의 讀音을 쓰세요.,,書信,,서신,서신,
6급,99,2022.11.26,16,dokum,다음 밑줄 친 漢字語의 讀音을 쓰세요.,,注目,,주목,주목,
6급,99,2022.11.26,17,dokum,다음 밑줄 친 漢字語의 讀音을 쓰세요.,,先例,,선례,선례,
6급,99,2022.11.26,18,dokum,다음 밑줄 친 漢字語의 讀音을 쓰세요.,,失意,,실의,실의,
6급,99,2022.11.26,19,dokum,다음 밑줄 친 漢字語의 讀音을 쓰세요.,,石油,,석유,석유,
6급,99,2022.11.26,20,dokum,다음 밑줄 친 漢字語의 讀音을 쓰세요.,,感電,,감전,감전,
6급,99,2022.11.26,21,dokum,다음 밑줄 친 漢字語의 讀音을 쓰세요.,,理由,,이유,이유,
6급,99,2022.11.26,22,dokum,다음 밑줄 친 漢字語의 讀音을 쓰세요.,,發動,,발동,발동,
6급,99,2022.11.26,23,dokum,다음 밑줄 친 漢字語의 讀音을 쓰세요.,,反省,,반성,반성,
6급,99,2022.11.26,24,dokum,다음 밑줄 친 漢字語의 讀音을 쓰세요.,,強者,,강자,강자,
6급,99,2022.11.26,25,dokum,다음 밑줄 친 漢字語의 讀音을 쓰세요.,,遠近,,원근,원근,
6급,99,2022.11.26,26,dokum,다음 밑줄 친 漢字語의 讀音을 쓰세요.,,消日,,소일,소일,
6급,99,2022.11.26,27,dokum,다음 밑줄 친 漢字語의 讀音을 쓰세요.,,樹間,,수간,수간,
6급,99,2022.11.26,28,dokum,다음 밑줄 친 漢字語의 讀音을 쓰세요.,,習作,,습작,습작,
6급,99,2022.11.26,29,dokum,다음 밑줄 친 漢字語의 讀音을 쓰세요.,,古代,,고대,고대,
6급,99,2022.11.26,30,dokum,다음 밑줄 친 漢字語의 讀音을 쓰세요.,,對等,,대등,대등,
6급,99,2022.11.26,31,dokum,다음 밑줄 친 漢字語의 讀音을 쓰세요.,,東風,,동풍,동풍,
6급,99,2022.11.26,32,dokum,다음 밑줄 친 漢字語의 讀音을 쓰세요.,,今年,,금년,금년,
6급,99,2022.11.26,33,dokum,다음 밑줄 친 漢字語의 讀音을 쓰세요.,,溫度,,온도,온도,
6급,99,2022.11.26,34,hunum,다음 漢字의 訓과 音을 쓰세요.,,章,,글 장,글 장,
6급,99,2022.11.26,35,hunum,다음 漢字의 訓과 音을 쓰세요.,,別,,다를 | 나눌 별,다를 | 나눌 별,
6급,99,2022.11.26,36,hunum,다음 漢字의 訓과 音을 쓰세요.,,禮,,예도 례,예도 례,
6급,99,2022.11.26,37,hunum,다음 漢字의 訓과 音을 쓰세요.,,各,,각각 각,각각 각,
6급,99,2022.11.26,38,hunum,다음 漢字의 訓과 音을 쓰세요.,,番,,차례 번,차례 번,
6급,99,2022.11.26,39,hunum,다음 漢字의 訓과 音을 쓰세요.,,集,,모을 집,모을 집,
6급,99,2022.11.26,40,hunum,다음 漢字의 訓과 音을 쓰세요.,,病,,병 병,병 병,
6급,99,2022.11.26,41,hunum,다음 漢字의 訓과 音을 쓰세요.,,飮,,마실 음,마실 음,
6급,99,2022.11.26,42,hunum,다음 漢字의 訓과 音을 쓰세요.,,弱,,약할 약,약할 약,
6급,99,2022.11.26,43,hunum,다음 漢字의 訓과 音을 쓰세요.,,神,,귀신 신,귀신 신,
6급,99,2022.11.26,44,hunum,다음 漢字의 訓과 音을 쓰세요.,,雪,,눈 설,눈 설,
6급,99,2022.11.26,45,hunum,다음 漢字의 訓과 音을 쓰세요.,,表,,겉 표,겉 표,
6급,99,2022.11.26,46,hunum,다음 漢字의 訓과 音을 쓰세요.,,園,,동산 원,동산 원,
6급,99,2022.11.26,47,hunum,다음 漢字의 訓과 音을 쓰세요.,,綠,,푸를 록,푸를 록,
6급,99,2022.11.26,48,hunum,다음 漢字의 訓과 音을 쓰세요.,,洋,,큰바다 양,큰바다 양,
6급,99,2022.11.26,49,hunum,다음 漢字의 訓과 音을 쓰세요.,,才,,재주 재,재주 재,
6급,99,2022.11.26,50,hunum,다음 漢字의 訓과 音을 쓰세요.,,向,,향할 향,향할 향,
6급,99,2022.11.26,51,hunum,다음 漢字의 訓과 音을 쓰세요.,,堂,,집 당,집 당,
6급,99,2022.11.26,52,hunum,다음 漢字의 訓과 音을 쓰세요.,,畫,,그림 화 | 그을 획(劃),그림 화 | 그을 획(劃),
6급,99,2022.11.26,53,hunum,다음 漢字의 訓과 音을 쓰세요.,,愛,,사랑 애,사랑 애,
6급,99,2022.11.26,54,hunum,다음 漢字의 訓과 音을 쓰세요.,,短,,짧을 단,짧을 단,
6급,99,2022.11.26,55,hunum,다음 漢字의 訓과 音을 쓰세요.,,郡,,고을 군,고을 군,
6급,99,2022.11.26,56,banui_select,다음 漢字와 뜻이 반대(또는 상대)되는 것을 골라 그 번호를 쓰세요.,,言,"[""① 英"", ""② 永"", ""③ 京"", ""④ 行""]",④,行,
6급,99,2022.11.26,57,banui_select,다음 漢字와 뜻이 반대(또는 상대)되는 것을 골라 그 번호를 쓰세요.,,祖,"[""① 聞"", ""② 醫"", ""③ 孫"", ""④ 勇""]",③,孫,
6급,99,2022.11.26,58,banui_select,다음 漢字와 뜻이 반대(또는 상대)되는 것을 골라 그 번호를 쓰세요.,,和,"[""① 明"", ""② 戰"", ""③ 術"", ""④ 庭""]",②,戰,
6급,99,2022.11.26,59,yui,다음 漢字와 뜻이 같거나 비슷한 것을 골라 그 번호를 쓰세요.,,區,"[""① 待"", ""② 米"", ""③ 分"", ""④ 朴""]",③,分,
6급,99,2022.11.26,60,yui,다음 漢字와 뜻이 같거나 비슷한 것을 골라 그 번호를 쓰세요.,,衣,"[""① 功"", ""② 半"", ""③ 李"", ""④ 服""]",④,服,
6급,99,2022.11.26,61,dongeum,다음 漢字와 소리(音)는 같으나 뜻(訓)이 다른 것을 골라 그 번호를 쓰세요.,,旗,"[""① 式"", ""② 通"", ""③ 族"", ""④ 氣""]",④,氣,
6급,99,2022.11.26,62,dongeum,다음 漢字와 소리(音)는 같으나 뜻(訓)이 다른 것을 골라 그 번호를 쓰세요.,,事,"[""① 圖"", ""② 體"", ""③ 使"", ""④ 美""]",③,使,
6급,99,2022.11.26,63,seong-eo,다음 성어의 ( ) 안에 알맞은 漢字를 <보기>에서 찾아 그 번호를 쓰세요.,"生()苦樂 : 삶과 죽음, 괴로움과 즐거움을 통틀어 이르는 말.",生()苦樂,"[""① 英"", ""② 永"", ""③ 京"", ""④ 行"", ""⑤ 太"", ""⑥ 光"", ""⑦ 開"", ""⑧ 死""]",⑧,死,
6급,99,2022.11.26,64,seong-eo,다음 성어의 ( ) 안에 알맞은 漢字를 <보기>에서 찾아 그 번호를 쓰세요.,千萬()幸 : 아주 다행함.,千萬()幸,"[""① 英"", ""② 永"", ""③ 京"", ""④ 行"", ""⑤ 太"", ""⑥ 光"", ""⑦ 開"", ""⑧ 死""]",①,多,
6급,99,2022.11.26,65,seong-eo,다음 성어의 ( ) 안에 알맞은 漢字를 <보기>에서 찾아 그 번호를 쓰세요.,晝夜長() : 밤낮으로 쉬지 아니하고 연달아.,晝夜長(),"[""① 英"", ""② 永"", ""③ 京"", ""④ 行"", ""⑤ 太"", ""⑥ 光"", ""⑦ 開"", ""⑧ 死""]",③,川,
6급,99,2022.11.26,66,mean_select,다음 뜻에 맞는 漢字語를 <보기>에서 찾아 그 번호를 쓰세요.,두 학급 이상이 합침,두 학급 이상이 합침,"[""① 高速"", ""② 特急"", ""③ 公席"", ""④ 合班"", ""⑤ 親交"", ""⑥ 夕陽""]",④,合班,
6급,99,2022.11.26,67,mean_select,다음 뜻에 맞는 漢字語를 <보기>에서 찾아 그 번호를 쓰세요.,공적인 모임의 자리,공적인 모임의 자리,"[""① 高速"", ""② 特急"", ""③ 公席"", ""④ 合班"", ""⑤ 親交"", ""⑥ 夕陽""]",③,公席,
6급,99,2022.11.26,68,hanjaeo_write,다음 밑줄 친 漢字語를 漢字로 쓰세요.,그녀는 마치 천상에서 내려온 선녀처럼 아름다웠습니다.,천상,,天上,天上,
6급,99,2022.11.26,69,hanjaeo_write,다음 밑줄 친 漢字語를 漢字로 쓰세요.,나는 의자에 편안히 앉아 책을 읽었습니다.,편안,,便安,便安,
6급,99,2022.11.26,70,hanjaeo_write,다음 밑줄 친 漢字語를 漢字로 쓰세요.,농부들은 퇴비를 사용해 비옥한 토지를 만들려고 애씁니다.,토지,,土地,土地,
6급,99,2022.11.26,71,hanjaeo_write,다음 밑줄 친 漢字語를 漢字로 쓰세요.,눈 덮인 산봉우리가 백색으로 빛났습니다.,백색,,白色,白色,
6급,99,2022.11.26,72,hanjaeo_write,다음 밑줄 친 漢字語를 漢字로 쓰세요.,두 가지 일을 동시에 하면 집중도가 떨어집니다.,동시,,同時,同時,
6급,99,2022.11.26,73,hanjaeo_write,다음 밑줄 친 漢字語를 漢字로 쓰세요.,봉학이가 쏜 화살이 정확히 과녁에 명중하였습니다.,명중,,命中,命中,
6급,99,2022.11.26,74,hanjaeo_write,다음 밑줄 친 漢字語를 漢字로 쓰세요.,시청 광장은 반대편 출구로 나가야 합니다.,출구,,出口,出口,
6급,99,2022.11.26,75,hanjaeo_write,다음 밑줄 친 漢字語를 漢字로 쓰세요.,신문고는 백성의 억울한 사정을 듣기 위해 설치된 것입니다.,백성,,百姓,百姓,
6급,99,2022.11.26,76,hanjaeo_write,다음 밑줄 친 漢字語를 漢字로 쓰세요.,영수는 이번 산수 시험에서 만점을 받았습니다.,산수,,算數,算數,
6급,99,2022.11.26,77,hanjaeo_write,다음 밑줄 친 漢字語를 漢字로 쓰세요.,영희는 자연스럽게 내게로 다가왔습니다.,자연,,自然,自然,
6급,99,2022.11.26,78,hanjaeo_write,다음 밑줄 친 漢字語를 漢字로 쓰세요.,예로부터 안성은 유기로 유명합니다.,유명,,有名,有名,
6급,99,2022.11.26,79,hanjaeo_write,다음 밑줄 친 漢字語를 漢字로 쓰세요.,오늘 교육 내용은 어린 아이들이 건널목을 안전하게 건너는 방법에 대한 것입니다.,교육,,敎育,敎育,
6급,99,2022.11.26,80,hanjaeo_write,다음 밑줄 친 漢字語를 漢字로 쓰세요.,우리 가족은 새 아파트로 입주하게 되었습니다.,입주,,入住,入住,
6급,99,2022.11.26,81,hanjaeo_write,다음 밑줄 친 漢字語를 漢字로 쓰세요.,우리 마을은 물 맑고 인심 좋기로 유명합니다.,인심,,人心,人心,
6급,99,2022.11.26,82,hanjaeo_write,다음 밑줄 친 漢字語를 漢字로 쓰세요.,우리 전통 한지의 수명은 수천년이 간다고 합니다.,한지,,韓紙,韓紙,
6급,99,2022.11.26,83,hanjaeo_write,다음 밑줄 친 漢字語를 漢字로 쓰세요.,인간의 내면에 잠재되어 있는 능력은 무궁무진합니다.,내면,,內面,內面,
6급,99,2022.11.26,84,hanjaeo_write,다음 밑줄 친 漢字語를 漢字로 쓰세요.,지구 온난화는 전 세계가 해결해야 할 중대한 문제입니다.,중대,,重大,重大,
6급,99,2022.11.26,85,hanjaeo_write,다음 밑줄 친 漢字語를 漢字로 쓰세요.,철수와 영수는 우리 팀의 주력선수들입니다.,주력,,主力,主力,
6급,99,2022.11.26,86,hanjaeo_write,다음 밑줄 친 漢字語를 漢字로 쓰세요.,할머니 댁은 강원도 외딴 산촌에 있습니다.,산촌,,山村,山村,
6급,99,2022.11.26,87,hanjaeo_write,다음 밑줄 친 漢字語를 漢字로 쓰세요.,할아버지는 춘추가 많으신 데도 매우 건강하십니다.,춘추,,春秋,春秋,
6급,99,2022.11.26,88,stroke,다음 漢字의 짙게 표시한 획은 몇 번째 쓰는 획인지 <보기>에서 찾아 그 번호를 쓰세요.,,,"[""① 첫 번째"", ""② 두 번째"", ""③ 세 번째"", ""④ 네 번째"", ""⑤ 다섯 번째"", ""⑥ 여섯 번째"", ""⑦ 일곱 번째"", ""⑧ 여덟 번째"", ""⑨ 아홉 번째"", ""⑩ 열 번째"", ""⑪ 열한 번째""]",⑧,여덟 번째,exam-strokes/stroke_6_99_88.png
6급,99,2022.11.26,89,stroke,다음 漢字의 짙게 표시한 획은 몇 번째 쓰는 획인지 <보기>에서 찾아 그 번호를 쓰세요.,,,"[""① 첫 번째"", ""② 두 번째"", ""③ 세 번째"", ""④ 네 번째"", ""⑤ 다섯 번째"", ""⑥ 여섯 번째"", ""⑦ 일곱 번째"", ""⑧ 여덟 번째"", ""⑨ 아홉 번째"", ""⑩ 열 번째"", ""⑪ 열한 번째""]",④,네 번째,exam-strokes/stroke_6_99_89.png
6급,99,2022.11.26,90,stroke,다음 漢字의 짙게 표시한 획은 몇 번째 쓰는 획인지 <보기>에서 찾아 그 번호를 쓰세요.,,,"[""① 첫 번째"", ""② 두 번째"", ""③ 세 번째"", ""④ 네 번째"", ""⑤ 다섯 번째"", ""⑥ 여섯 번째"", ""⑦ 일곱 번째"", ""⑧ 여덟 번째"", ""⑨ 아홉 번째"", ""⑩ 열 번째"", ""⑪ 열한 번째""]",⑥,여섯 번째,exam-strokes/stroke_6_99_90.png
6급,100,2023.02.25,1,dokum,다음 밑줄 친 漢字語의 讀音을 쓰세요.,,本業,,본업,본업,
6급,100,2023.02.25,2,dokum,다음 밑줄 친 漢字語의 讀音을 쓰세요.,,勝者,,승자,승자,
6급,100,2023.02.25,3,dokum,다음 밑줄 친 漢字語의 讀音을 쓰세요.,,西洋,,서양,서양,
6급,100,2023.02.25,4,dokum,다음 밑줄 친 漢字語의 讀音을 쓰세요.,,集中,,집중,집중,
6급,100,2023.02.25,5,dokum,다음 밑줄 친 漢字語의 讀音을 쓰세요.,,同窓會,,동창회,동창회,
6급,100,2023.02.25,6,dokum,다음 밑줄 친 漢字語의 讀音을 쓰세요.,,衣食住,,의식주,의식주,
6급,100,2023.02.25,7,dokum,다음 밑줄 친 漢字語의 讀音을 쓰세요.,,作別,,작별,작별,
6급,100,2023.02.25,8,dokum,다음 밑줄 친 漢字語의 讀音을 쓰세요.,,弱體,,약체,약체,
6급,100,2023.02.25,9,dokum,다음 밑줄 친 漢字語의 讀音을 쓰세요.,,行動,,행동,행동,
6급,100,2023.02.25,10,dokum,다음 밑줄 친 漢字語의 讀音을 쓰세요.,,直感,,직감,직감,
6급,100,2023.02.25,11,dokum,다음 밑줄 친 漢字語의 讀音을 쓰세요.,,天才,,천재,천재,
6급,100,2023.02.25,12,dokum,다음 밑줄 친 漢字語의 讀音을 쓰세요.,,消失,,소실,소실,
6급,100,2023.02.25,13,dokum,다음 밑줄 친 漢字語의 讀音을 쓰세요.,,童話,,동화,동화,
6급,100,2023.02.25,14,dokum,다음 밑줄 친 漢字語의 讀音을 쓰세요.,,死藥,,사약,사약,
6급,100,2023.02.25,15,dokum,다음 밑줄 친 漢字語의 讀音을 쓰세요.,,醫術,,의술,의술,
6급,100,2023.02.25,16,dokum,다음 밑줄 친 漢字語의 讀音을 쓰세요.,,社交,,사교,사교,
6급,100,2023.02.25,17,dokum,다음 밑줄 친 漢字語의 讀音을 쓰세요.,,家庭,,가정,가정,
6급,100,2023.02.25,18,dokum,다음 밑줄 친 漢字語의 讀音을 쓰세요.,,特色,,특색,특색,
6급,100,2023.02.25,19,dokum,다음 밑줄 친 漢字語의 讀音을 쓰세요.,,放出,,방출,방출,
6급,100,2023.02.25,20,dokum,다음 밑줄 친 漢字語의 讀音을 쓰세요.,,自習,,자습,자습,
6급,100,2023.02.25,21,dokum,다음 밑줄 친 漢字語의 讀音을 쓰세요.,,運身,,운신,운신,
6급,100,2023.02.25,22,dokum,다음 밑줄 친 漢字語의 讀音을 쓰세요.,,反省,,반성,반성,
6급,100,2023.02.25,23,dokum,다음 밑줄 친 漢字語의 讀音을 쓰세요.,,注意,,주의,주의,
6급,100,2023.02.25,24,dokum,다음 밑줄 친 漢字語의 讀音을 쓰세요.,,野生,,야생,야생,
6급,100,2023.02.25,25,dokum,다음 밑줄 친 漢字語의 讀音을 쓰세요.,,地上,,지상,지상,
6급,100,2023.02.25,26,dokum,다음 밑줄 친 漢字語의 讀音을 쓰세요.,,晝夜,,주야,주야,
6급,100,2023.02.25,27,dokum,다음 밑줄 친 漢字語의 讀音을 쓰세요.,,形言,,형언,형언,
6급,100,2023.02.25,28,dokum,다음 밑줄 친 漢字語의 讀音을 쓰세요.,,樂園,,낙원,낙원,
6급,100,2023.02.25,29,dokum,다음 밑줄 친 漢字語의 讀音을 쓰세요.,,對答,,대답,대답,
6급,100,2023.02.25,30,dokum,다음 밑줄 친 漢字語의 讀音을 쓰세요.,,通信,,통신,통신,
6급,100,2023.02.25,31,dokum,다음 밑줄 친 漢字語의 讀音을 쓰세요.,,圖面,,도면,도면,
6급,100,2023.02.25,32,dokum,다음 밑줄 친 漢字語의 讀音을 쓰세요.,,發表,,발표,발표,
6급,100,2023.02.25,33,dokum,다음 밑줄 친 漢字語의 讀音을 쓰세요.,,公平,,공평,공평,
6급,100,2023.02.25,34,hunum,다음 漢字의 訓과 音을 쓰세요.,,育,,기를 육,기를 육,
6급,100,2023.02.25,35,hunum,다음 漢字의 訓과 音을 쓰세요.,,理,,다스릴 리,다스릴 리,
6급,100,2023.02.25,36,hunum,다음 漢字의 訓과 音을 쓰세요.,,遠,,멀 원,멀 원,
6급,100,2023.02.25,37,hunum,다음 漢字의 訓과 音을 쓰세요.,,油,,기름 유,기름 유,
6급,100,2023.02.25,38,hunum,다음 漢字의 訓과 音을 쓰세요.,,角,,뿔 각,뿔 각,
6급,100,2023.02.25,39,hunum,다음 漢字의 訓과 音을 쓰세요.,,服,,옷 복,옷 복,
6급,100,2023.02.25,40,hunum,다음 漢字의 訓과 音을 쓰세요.,,始,,비로소 시,비로소 시,
6급,100,2023.02.25,41,hunum,다음 漢字의 訓과 音을 쓰세요.,,第,,차례 제,차례 제,
6급,100,2023.02.25,42,hunum,다음 漢字의 訓과 音을 쓰세요.,,現,,나타날 현,나타날 현,
6급,100,2023.02.25,43,hunum,다음 漢字의 訓과 音을 쓰세요.,,堂,,집 당,집 당,
6급,100,2023.02.25,44,hunum,다음 漢字의 訓과 音을 쓰세요.,,待,,기다릴 대,기다릴 대,
6급,100,2023.02.25,45,hunum,다음 漢字의 訓과 音을 쓰세요.,,孫,,손자 손,손자 손,
6급,100,2023.02.25,46,hunum,다음 漢字의 訓과 音을 쓰세요.,,秋,,가을 추,가을 추,
6급,100,2023.02.25,47,hunum,다음 漢字의 訓과 音을 쓰세요.,,號,,이름 호,이름 호,
6급,100,2023.02.25,48,hunum,다음 漢字의 訓과 音을 쓰세요.,,然,,그럴 연,그럴 연,
6급,100,2023.02.25,49,hunum,다음 漢字의 訓과 音을 쓰세요.,,族,,겨레 족,겨레 족,
6급,100,2023.02.25,50,hunum,다음 漢字의 訓과 音을 쓰세요.,,陽,,볕 양,볕 양,
6급,100,2023.02.25,51,hunum,다음 漢字의 訓과 音을 쓰세요.,,學,,배울 학,배울 학,
6급,100,2023.02.25,52,hunum,다음 漢字의 訓과 音을 쓰세요.,,畫,,그림 화 | 그을 획,그림 화 | 그을 획,
6급,100,2023.02.25,53,hunum,다음 漢字의 訓과 音을 쓰세요.,,活,,살 활,살 활,
6급,100,2023.02.25,54,hunum,다음 漢字의 訓과 音을 쓰세요.,,夏,,여름 하,여름 하,
6급,100,2023.02.25,55,hunum,다음 漢字의 訓과 音을 쓰세요.,,溫,,따뜻할 온,따뜻할 온,
6급,100,2023.02.25,56,hanjaeo_write,다음 밑줄 친 漢字語를 漢字로 쓰세요.,중력의 법칙에 의해 사과는 떨어집니다.,중력,,重力,重力,
6급,100,2023.02.25,57,hanjaeo_write,다음 밑줄 친 漢字語를 漢字로 쓰세요.,나는 약속 시간보다 10분 일찍가서 기다렸습니다.,시간,,時間,時間,
6급,100,2023.02.25,58,hanjaeo_write,다음 밑줄 친 漢字語를 漢字로 쓰세요.,산속의 공기가 깨끗해서 건강이 빨리 회복되었습니다.,공기,,空氣,空氣,
6급,100,2023.02.25,59,hanjaeo_write,다음 밑줄 친 漢字語를 漢字로 쓰세요.,그는 인명 구조 활동을 합니다.,인명,,人命,人命,
6급,100,2023.02.25,60,hanjaeo_write,다음 밑줄 친 漢字語를 漢字로 쓰세요.,상주곶감은 우리 고장의 명물입니다.,명물,,名物,名物,
6급,100,2023.02.25,61,hanjaeo_write,다음 밑줄 친 漢字語를 漢字로 쓰세요.,나를 버리고 가시면 십리도 못가십니다.,십리,,十里,十里,
6급,100,2023.02.25,62,hanjaeo_write,다음 밑줄 친 漢字語를 漢字로 쓰세요.,부족한 힘이지만 끝까지 돕겠습니다.,부족,,不足,不足,
6급,100,2023.02.25,63,hanjaeo_write,다음 밑줄 친 漢字語를 漢字로 쓰세요.,저의 꿈은 트로트 가수입니다.,가수,,歌手,歌手,
6급,100,2023.02.25,64,hanjaeo_write,다음 밑줄 친 漢字語를 漢字로 쓰세요.,해안가 바위들이 해초로 덮여있습니다.,해초,,海草,海草,
6급,100,2023.02.25,65,hanjaeo_write,다음 밑줄 친 漢字語를 漢字로 쓰세요.,부모님의 은혜는 바다처럼 깊습니다.,부모,,父母,父母,
6급,100,2023.02.25,66,hanjaeo_write,다음 밑줄 친 漢字語를 漢字로 쓰세요.,나는 어릴 때부터 목재 공장에 서 일했습니다.,공장,,工場,工場,
6급,100,2023.02.25,67,hanjaeo_write,다음 밑줄 친 漢字語를 漢字로 쓰세요.,전쟁터에서 백기는 항복을 의미합니다.,백기,,白旗,白旗,
6급,100,2023.02.25,68,hanjaeo_write,다음 밑줄 친 漢字語를 漢字로 쓰세요.,저는 시립도서관에 자주 갑니다.,시립,,市立,市立,
6급,100,2023.02.25,69,hanjaeo_write,다음 밑줄 친 漢字語를 漢字로 쓰세요.,청춘의 꿈을 가지고 서울로 왔습니다.,청춘,,靑春,靑春,
6급,100,2023.02.25,70,hanjaeo_write,다음 밑줄 친 漢字語를 漢字로 쓰세요.,그는 귀농해서 농사를 짓기로 결정했습니다.,농사,,農事,農事,
6급,100,2023.02.25,71,hanjaeo_write,다음 밑줄 친 漢字語를 漢字로 쓰세요.,요즘 편지 쓰는 사람이 거의 없습니다.,편지,,便紙,便紙,
6급,100,2023.02.25,72,hanjaeo_write,다음 밑줄 친 漢字語를 漢字로 쓰세요.,초등학교 교실이 너무 좋아졌습니다.,교실,,敎室,敎室,
6급,100,2023.02.25,73,hanjaeo_write,다음 밑줄 친 漢字語를 漢字로 쓰세요.,바로 이어서 교장 선생님의 훈화 말씀이 있겠습니다.,교장,,校長,校長,
6급,100,2023.02.25,74,hanjaeo_write,다음 밑줄 친 漢字語를 漢字로 쓰세요.,마을 촌로들이 마을 가꾸기 사업에 많은 도움을 주셨습니다.,촌로,,村老,村老,
6급,100,2023.02.25,75,hanjaeo_write,다음 밑줄 친 漢字語를 漢字로 쓰세요.,그 형제는 우애가 깊습니다.,형제,,兄弟,兄弟,
6급,100,2023.02.25,76,banui_select,다음 漢字의 반대 또는 상대되는 글자를 골라 그 번호를 쓰세요.,,分,"[""① 軍"", ""② 班"", ""③ 黃"", ""④ 合""]",④,合,
6급,100,2023.02.25,77,banui_select,다음 漢字의 반대 또는 상대되는 글자를 골라 그 번호를 쓰세요.,,前,"[""① 強"", ""② 後"", ""③ 明"", ""④ 美""]",②,後,
6급,100,2023.02.25,78,banui_select,다음 漢字의 반대 또는 상대되는 글자를 골라 그 번호를 쓰세요.,,今,"[""① 金"", ""② 昨"", ""③ 銀"", ""④ 章""]",②,昨,
6급,100,2023.02.25,79,yui,다음 漢字와 뜻이 비슷한 漢字를 골라 그 번호를 쓰세요.,,文,"[""① 和"", ""② 郡"", ""③ 少"", ""④ 書""]",④,書,
6급,100,2023.02.25,80,yui,다음 漢字와 뜻이 비슷한 漢字를 골라 그 번호를 쓰세요.,,道,"[""① 米"", ""② 路"", ""③ 朴"", ""④ 樹""]",②,路,
6급,100,2023.02.25,81,dongeum,다음 중 소리(音)는 같으나 뜻(訓)이 다른 漢字를 골라 그 번호를 쓰세요.,,例,"[""① 禮"", ""② 綠"", ""③ 番"", ""④ 近""]",①,禮,
6급,100,2023.02.25,82,dongeum,다음 중 소리(音)는 같으나 뜻(訓)이 다른 漢字를 골라 그 번호를 쓰세요.,,朝,"[""① 午"", ""② 度"", ""③ 祖"", ""④ 英""]",③,祖,
6급,100,2023.02.25,83,seong-eo,다음 ( ) 안에 알맞은 漢字를 <보기>에서 찾아 그 번호를 쓰세요.,千萬多() : 어떤 일이 뜻밖에 잘 풀려 몹시 좋음.,千萬多(),"[""① 東"", ""② 方"", ""③ 民"", ""④ 幸"", ""⑤ 利"", ""⑥ 光"", ""⑦ 計"", ""⑧ 病""]",④,幸,
6급,100,2023.02.25,84,seong-eo,다음 ( ) 안에 알맞은 漢字를 <보기>에서 찾아 그 번호를 쓰세요.,電()石火 : 번갯불이나 부싯돌의 불이 번쩍거리는 것과 같이 매우 짧은 시간.,電()石火,"[""① 東"", ""② 方"", ""③ 民"", ""④ 幸"", ""⑤ 利"", ""⑥ 光"", ""⑦ 計"", ""⑧ 病""]",⑥,光,
6급,100,2023.02.25,85,seong-eo,다음 ( ) 안에 알맞은 漢字를 <보기>에서 찾아 그 번호를 쓰세요.,百年大() : 먼 뒷날까지 걸친 큰 계획.,百年大(),"[""① 東"", ""② 方"", ""③ 民"", ""④ 幸"", ""⑤ 利"", ""⑥ 光"", ""⑦ 計"", ""⑧ 病""]",⑦,計,
6급,100,2023.02.25,86,mean_select,다음 뜻에 맞는 漢字語를 <보기>에서 찾아 그 번호를 쓰세요.,밤 12시,밤 12시,"[""① 頭目"", ""② 子正"", ""③ 球速"", ""④ 等高線"", ""⑤ 植木日"", ""⑥ 門外漢""]",②,子正,
6급,100,2023.02.25,87,mean_select,다음 뜻에 맞는 漢字語를 <보기>에서 찾아 그 번호를 쓰세요.,지도에서 동일한 해발 높이를 쭉 이어놓은 곡선,지도에서 동일한 해발 높이를 쭉이어놓은 곡선,"[""① 頭目"", ""② 子正"", ""③ 球速"", ""④ 等高線"", ""⑤ 植木日"", ""⑥ 門外漢""]",④,等高線,
6급,100,2023.02.25,88,stroke,다음 漢字의 짙게 표시한 획은 몇 번째 쓰는 획인지 <보기>에서 찾아 그 번호를 쓰세요.,,,"[""① 첫 번째"", ""② 두 번째"", ""③ 세 번째"", ""④ 네 번째"", ""⑤ 다섯 번째"", ""⑥ 여섯 번째"", ""⑦ 일곱 번째"", ""⑧ 여덟 번째"", ""⑨ 아홉 번째"", ""⑩ 열 번째"", ""⑪ 열한 번째"", ""⑫ 열두 번째"", ""⑬ 열세 번째"", ""⑭ 열네 번째""]",⑩,열 번째,exam-strokes/stroke_6_100_88.png
6급,100,2023.02.25,89,stroke,다음 漢字의 짙게 표시한 획은 몇 번째 쓰는 획인지 <보기>에서 찾아 그 번호를 쓰세요.,,,"[""① 첫 번째"", ""② 두 번째"", ""③ 세 번째"", ""④ 네 번째"", ""⑤ 다섯 번째"", ""⑥ 여섯 번째"", ""⑦ 일곱 번째"", ""⑧ 여덟 번째"", ""⑨ 아홉 번째"", ""⑩ 열 번째"", ""⑪ 열한 번째"", ""⑫ 열두 번째"", ""⑬ 열세 번째"", ""⑭ 열네 번째""]",②,두 번째,exam-strokes/stroke_6_100_89.png
6급,100,2023.02.25,90,stroke,다음 漢字의 짙게 표시한 획은 몇 번째 쓰는 획인지 <보기>에서 찾아 그 번호를 쓰세요.,,,"[""① 첫 번째"", ""② 두 번째"", ""③ 세 번째"", ""④ 네 번째"", ""⑤ 다섯 번째"", ""⑥ 여섯 번째"", ""⑦ 일곱 번째"", ""⑧ 여덟 번째"", ""⑨ 아홉 번째"", ""⑩ 열 번째"", ""⑪ 열한 번째"", ""⑫ 열두 번째"", ""⑬ 열세 번째"", ""⑭ 열네 번째""]",③,세 번째,exam-strokes/stroke_6_100_90.png
6급,101,2023.06.03,1,dokum,다음 밑줄 친 漢字語의 讀音을 쓰세요.,,淸明,,청명,청명,
6급,101,2023.06.03,2,dokum,다음 밑줄 친 漢字語의 讀音을 쓰세요.,,物體,,물체,물체,
6급,101,2023.06.03,3,dokum,다음 밑줄 친 漢字語의 讀音을 쓰세요.,,白旗,,백기,백기,
6급,101,2023.06.03,4,dokum,다음 밑줄 친 漢字語의 讀音을 쓰세요.,,溫室,,온실,온실,
6급,101,2023.06.03,5,dokum,다음 밑줄 친 漢字語의 讀音을 쓰세요.,,方式,,방식,방식,
6급,101,2023.06.03,6,dokum,다음 밑줄 친 漢字語의 讀音을 쓰세요.,,黃太,,황태,황태,
6급,101,2023.06.03,7,dokum,다음 밑줄 친 漢字語의 讀音을 쓰세요.,,路線,,노선,노선,
6급,101,2023.06.03,8,dokum,다음 밑줄 친 漢字語의 讀音을 쓰세요.,,成功,,성공,성공,
6급,101,2023.06.03,9,dokum,다음 밑줄 친 漢字語의 讀音을 쓰세요.,,母親,,모친,모친,
6급,101,2023.06.03,10,dokum,다음 밑줄 친 漢字語의 讀音을 쓰세요.,,勝戰,,등교,등교,
6급,101,2023.06.03,11,dokum,다음 밑줄 친 漢字語의 讀音을 쓰세요.,,上向,,상향,상향,
6급,101,2023.06.03,12,dokum,다음 밑줄 친 漢字語의 讀音을 쓰세요.,,陽數,,양수,양수,
6급,101,2023.06.03,13,dokum,다음 밑줄 친 漢字語의 讀音을 쓰세요.,,發表,,발표,발표,
6급,101,2023.06.03,14,dokum,다음 밑줄 친 漢字語의 讀音을 쓰세요.,,急速,,급속,급속,
6급,101,2023.06.03,15,dokum,다음 밑줄 친 漢字語의 讀音을 쓰세요.,,行人,,행인,행인,
6급,101,2023.06.03,16,dokum,다음 밑줄 친 漢字語의 讀音을 쓰세요.,,信用,,신용,신용,
6급,101,2023.06.03,17,dokum,다음 밑줄 친 漢字語의 讀音을 쓰세요.,,注油,,주유,주유,
6급,101,2023.06.03,18,dokum,다음 밑줄 친 漢字語의 讀音을 쓰세요.,,近間,,근간,근간,
6급,101,2023.06.03,19,dokum,다음 밑줄 친 漢字語의 讀音을 쓰세요.,,答禮,,답례,답례,
6급,101,2023.06.03,20,dokum,다음 밑줄 친 漢字語의 讀音을 쓰세요.,,習作,,습작,습작,
6급,101,2023.06.03,21,dokum,다음 밑줄 친 漢字語의 讀音을 쓰세요.,,洋服,,양복,양복,
6급,101,2023.06.03,22,dokum,다음 밑줄 친 漢字語의 讀音을 쓰세요.,,學級,,학급,학급,
6급,101,2023.06.03,23,dokum,다음 밑줄 친 漢字語의 讀音을 쓰세요.,,江村,,강촌,강촌,
6급,101,2023.06.03,24,dokum,다음 밑줄 친 漢字語의 讀音을 쓰세요.,,勝戰,,승전,승전,
6급,101,2023.06.03,25,dokum,다음 밑줄 친 漢字語의 讀音을 쓰세요.,,交感,,교감,교감,
6급,101,2023.06.03,26,dokum,다음 밑줄 친 漢字語의 讀音을 쓰세요.,,王族,,왕족,왕족,
6급,101,2023.06.03,27,dokum,다음 밑줄 친 漢字語의 讀音을 쓰세요.,,春秋,,춘추,춘추,
6급,101,2023.06.03,28,dokum,다음 밑줄 친 漢字語의 讀音을 쓰세요.,,命中,,명중,명중,
6급,101,2023.06.03,29,dokum,다음 밑줄 친 漢字語의 讀音을 쓰세요.,,開始,,개시,개시,
6급,101,2023.06.03,30,dokum,다음 밑줄 친 漢字語의 讀音을 쓰세요.,,事例,,사례,사례,
6급,101,2023.06.03,31,dokum,다음 밑줄 친 漢字語의 讀音을 쓰세요.,,形言,,형언,형언,
6급,101,2023.06.03,32,dokum,다음 밑줄 친 漢字語의 讀音을 쓰세요.,,科目,,과목,과목,
6급,101,2023.06.03,33,dokum,다음 밑줄 친 漢字語의 讀音을 쓰세요.,,合意,,합의,합의,
6급,101,2023.06.03,34,hunum,다음 漢字의 訓과 音을 쓰세요.,,育,,기를 육,기를 육,
6급,101,2023.06.03,35,hunum,다음 漢字의 訓과 音을 쓰세요.,,待,,기다릴 대,기다릴 대,
6급,101,2023.06.03,36,hunum,다음 漢字의 訓과 音을 쓰세요.,,本,,근본 본,근본 본,
6급,101,2023.06.03,37,hunum,다음 漢字의 訓과 音을 쓰세요.,,重,,무거울 중,무거울 중,
6급,101,2023.06.03,38,hunum,다음 漢字의 訓과 音을 쓰세요.,,愛,,사랑 애,사랑 애,
6급,101,2023.06.03,39,hunum,다음 漢字의 訓과 音을 쓰세요.,,根,,뿌리 근,뿌리 근,
6급,101,2023.06.03,40,hunum,다음 漢字의 訓과 音을 쓰세요.,,者,,놈 자,놈 자,
6급,101,2023.06.03,41,hunum,다음 漢字의 訓과 音을 쓰세요.,,集,,모을 집,모을 집,
6급,101,2023.06.03,42,hunum,다음 漢字의 訓과 音을 쓰세요.,,使,,하여금 | 부릴 사,하여금 | 부릴 사,
6급,101,2023.06.03,43,hunum,다음 漢字의 訓과 音을 쓰세요.,,銀,,은 은,은 은,
6급,101,2023.06.03,44,hunum,다음 漢字의 訓과 音을 쓰세요.,,雪,,눈 설,눈 설,
6급,101,2023.06.03,45,hunum,다음 漢字의 訓과 音을 쓰세요.,,永,,길 영,길 영,
6급,101,2023.06.03,46,hunum,다음 漢字의 訓과 音을 쓰세요.,,畫,,그림 화 | 그을 획(劃),그림 화 | 그을 획(劃),
6급,101,2023.06.03,47,hunum,다음 漢字의 訓과 音을 쓰세요.,,衣,,옷 의,옷 의,
6급,101,2023.06.03,48,hunum,다음 漢字의 訓과 音을 쓰세요.,,由,,말미암을 유,말미암을 유,
6급,101,2023.06.03,49,hunum,다음 漢字의 訓과 音을 쓰세요.,,米,,쌀 미,쌀 미,
6급,101,2023.06.03,50,hunum,다음 漢字의 訓과 音을 쓰세요.,,英,,꽃부리 영,꽃부리 영,
6급,101,2023.06.03,51,hunum,다음 漢字의 訓과 音을 쓰세요.,,遠,,멀 원,멀 원,
6급,101,2023.06.03,52,hunum,다음 漢字의 訓과 音을 쓰세요.,,通,,통할 통,통할 통,
6급,101,2023.06.03,53,hunum,다음 漢字의 訓과 音을 쓰세요.,,歌,,노래 가,노래 가,
6급,101,2023.06.03,54,hunum,다음 漢字의 訓과 音을 쓰세요.,,章,,글 장,글 장,
6급,101,2023.06.03,55,hunum,다음 漢字의 訓과 音을 쓰세요.,,界,,지경 계,지경 계,
6급,101,2023.06.03,56,banui_select,다음 漢字와 뜻이 반대(또는 상대)되는 것을 골라 그 번호를 쓰세요.,,晝,"[""① 區"", ""② 頭"", ""③ 醫"", ""④ 夜""]",④,夜,
6급,101,2023.06.03,57,banui_select,다음 漢字와 뜻이 반대(또는 상대)되는 것을 골라 그 번호를 쓰세요.,,多,"[""① 部"", ""② 共"", ""③ 少"", ""④ 新""]",③,少,
6급,101,2023.06.03,58,banui_select,다음 漢字와 뜻이 반대(또는 상대)되는 것을 골라 그 번호를 쓰세요.,,昨,"[""① 童"", ""② 現"", ""③ 果"", ""④ 今""]",④,今,
6급,101,2023.06.03,59,yui,다음 漢字와 뜻이 같거나 비슷한 것을 골라 그 번호를 쓰세요.,,樹,"[""① 木"", ""② 綠"", ""③ 病"", ""④ 園""]",①,木,
6급,101,2023.06.03,60,yui,다음 漢字와 뜻이 같거나 비슷한 것을 골라 그 번호를 쓰세요.,,分,"[""① 窓"", ""② 消"", ""③ 弱"", ""④ 別""]",④,別,
6급,101,2023.06.03,61,dongeum,다음 漢字와 소리(音)는 같으나 뜻(訓)이 다른 것을 골라 그 번호를 쓰세요.,,圖,"[""① 度"", ""② 番"", ""③ 野"", ""④ 美""]",①,度,
6급,101,2023.06.03,62,dongeum,다음 漢字와 소리(音)는 같으나 뜻(訓)이 다른 것을 골라 그 번호를 쓰세요.,,山,"[""① 算"", ""② 理"", ""③ 聞"", ""④ 神""]",①,算,
6급,101,2023.06.03,63,seong-eo,다음 사자성어의 ( ) 안에 알맞은 漢字를 <보기>에서 찾아 그 번호를 쓰세요.,子()萬代 : 후손에서 후손으로 이어지는 오래도록 내려오는 여러 대.,子()萬代,"[""① 郡"", ""② 失"", ""③ 孫"", ""④ 藥"", ""⑤ 古"", ""⑥ 苦"", ""⑦ 計"", ""⑧ 朴""]",③,孫,
6급,101,2023.06.03,64,seong-eo,다음 사자성어의 ( ) 안에 알맞은 漢字를 <보기>에서 찾아 그 번호를 쓰세요.,"生死()樂 : 삶과 죽음, 괴로움과 즐거움.",生死()樂,"[""① 郡"", ""② 失"", ""③ 孫"", ""④ 藥"", ""⑤ 古"", ""⑥ 苦"", ""⑦ 計"", ""⑧ 朴""]",⑥,苦,
6급,101,2023.06.03,65,seong-eo,다음 사자성어의 ( ) 안에 알맞은 漢字를 <보기>에서 찾아 그 번호를 쓰세요.,百年大() : 먼 앞날까지 미리내다보고 세우는크고 중요한 계획.,百年大(),"[""① 郡"", ""② 失"", ""③ 孫"", ""④ 藥"", ""⑤ 古"", ""⑥ 苦"", ""⑦ 計"", ""⑧ 朴""]",⑦,計,
6급,101,2023.06.03,66,mean_select,다음 뜻에 맞는 漢字語를 <보기>에서 찾아 그 번호를 쓰세요.,세게 부는 바람,세게 부는 바람,"[""① 在京"", ""② 朝光"", ""③ 軍號"", ""④ 強風"", ""⑤ 特席"", ""⑥ 石角""]",④,強風,
6급,101,2023.06.03,67,mean_select,다음 뜻에 맞는 漢字語를 <보기>에서 찾아 그 번호를 쓰세요.,서울에 있음.,서울에 있음.,"[""① 在京"", ""② 朝光"", ""③ 軍號"", ""④ 強風"", ""⑤ 特席"", ""⑥ 石角""]",①,在京,
6급,101,2023.06.03,68,hanjaeo_write,다음 밑줄 친 漢字語를 漢字로 쓰세요.,강릉은 경포대가 유명합니다.,유명,,有名,有名,
6급,101,2023.06.03,69,hanjaeo_write,다음 밑줄 친 漢字語를 漢字로 쓰세요.,고려청자의 비법은 후세에까지 이어지지 못했습니다.,후세,,後世,後世,
6급,101,2023.06.03,70,hanjaeo_write,다음 밑줄 친 漢字語를 漢字로 쓰세요.,그는 유복한 집안의 삼남으로 태어났습니다.,삼남,,三男,三男,
6급,101,2023.06.03,71,hanjaeo_write,다음 밑줄 친 漢字語를 漢字로 쓰세요.,내일 오전에는 소나기가 온다는 예보가 있습니다.,오전,,午前,午前,
6급,101,2023.06.03,72,hanjaeo_write,다음 밑줄 친 漢字語를 漢字로 쓰세요.,마당에는 온갖 화초가 만발하였다.,화초,,花草,花草,
6급,101,2023.06.03,73,hanjaeo_write,다음 밑줄 친 漢字語를 漢字로 쓰세요.,목수들이 매끄러운 평면을 만들기 위해 재목에 대패질을 합니다.,평면,,平面,平面,
6급,101,2023.06.03,74,hanjaeo_write,다음 밑줄 친 漢字語를 漢字로 쓰세요.,부모님의 심기를 잘 헤아려 드리는 것도 효도입니다.,심기,,心氣,心氣,
6급,101,2023.06.03,75,hanjaeo_write,다음 밑줄 친 漢字語를 漢字로 쓰세요.,비가 오기를 기다려 농부가 씨앗을 뿌립니다.,농부,,農夫,農夫,
6급,101,2023.06.03,76,hanjaeo_write,다음 밑줄 친 漢字語를 漢字로 쓰세요.,알록달록한 색지 공예품에 자꾸 눈이 갑니다.,색지,,色紙,色紙,
6급,101,2023.06.03,77,hanjaeo_write,다음 밑줄 친 漢字語를 漢字로 쓰세요.,옆 마을 주민들과 줄다리기 시합이 벌어졌습니다.,주민,,住民,住民,
6급,101,2023.06.03,78,hanjaeo_write,다음 밑줄 친 漢字語를 漢字로 쓰세요.,우리나라는 수산업에 매우 좋은 입지 조건을 갖추고 있습니다.,입지,,立地,立地,
6급,101,2023.06.03,79,hanjaeo_write,다음 밑줄 친 漢字語를 漢字로 쓰세요.,울창한 숲길에 들어서니 마음이 편안해집니다.,편안,,便安,便安,
6급,101,2023.06.03,80,hanjaeo_write,다음 밑줄 친 漢字語를 漢字로 쓰세요.,이 섬에는 다섯 가구 남짓의 세대가 살고 있습니다.,가구,,家口,家口,
6급,101,2023.06.03,81,hanjaeo_write,다음 밑줄 친 漢字語를 漢字로 쓰세요.,이 카메라는 거리를 자동으로 조정해 줍니다.,자동,,自動,自動,
6급,101,2023.06.03,82,hanjaeo_write,다음 밑줄 친 漢字語를 漢字로 쓰세요.,이 항구에는 많은 외래 선박들 골이 정박해 있습니다.,외래,,外來,外來,
6급,101,2023.06.03,83,hanjaeo_write,다음 밑줄 친 漢字語를 漢字로 쓰세요.,이곳은 외국인의 출입이 잦습니다.,출입,,出入,出入,
6급,101,2023.06.03,84,hanjaeo_write,다음 밑줄 친 漢字語를 漢字로 쓰세요.,지구 온난화로 해수의 온도가 점점 올라가고 있습니다.,해수,,海水,海水,
6급,101,2023.06.03,85,hanjaeo_write,다음 밑줄 친 漢字語를 漢字로 쓰세요.,철수는 천하장사처럼 힘이 좋습니다.,천하,,天下,天下,
6급,101,2023.06.03,86,hanjaeo_write,다음 밑줄 친 漢字語를 漢字로 쓰세요.,칠월 칠석에 견우와 직녀가 만난다는 전설이 있습니다.,칠석,,七夕,七夕,
6급,101,2023.06.03,87,hanjaeo_write,다음 밑줄 친 漢字語를 漢字로 쓰세요.,한강변은 산책하기 좋은 장소입니다.,장소,,場所,場所,
6급,101,2023.06.03,88,stroke,다음 漢字의 짙게 표시한 획은 몇 번째 쓰는 획인지 <보기>에서 찾아 그 번호를 쓰세요.,,,"[""① 첫 번째"", ""② 두 번째"", ""③ 세 번째"", ""④ 네 번째"", ""⑤ 다섯 번째"", ""⑥ 여섯 번째"", ""⑦ 일곱 번째"", ""⑧ 여덟 번째"", ""⑨ 아홉 번째"", ""⑩ 열 번째"", ""⑪ 열한 번째""]",③,세 번째,exam-strokes/stroke_6_101_88.png
6급,101,2023.06.03,89,stroke,다음 漢字의 짙게 표시한 획은 몇 번째 쓰는 획인지 <보기>에서 찾아 그 번호를 쓰세요.,,,"[""① 첫 번째"", ""② 두 번째"", ""③ 세 번째"", ""④ 네 번째"", ""⑤ 다섯 번째"", ""⑥ 여섯 번째"", ""⑦ 일곱 번째"", ""⑧ 여덟 번째"", ""⑨ 아홉 번째"", ""⑩ 열 번째"", ""⑪ 열한 번째""]",⑧,여덟 번째,exam-strokes/stroke_6_101_89.png
6급,101,2023.06.03,90,stroke,다음 漢字의 짙게 표시한 획은 몇 번째 쓰는 획인지 <보기>에서 찾아 그 번호를 쓰세요.,,,"[""① 첫 번째"", ""② 두 번째"", ""③ 세 번째"", ""④ 네 번째"", ""⑤ 다섯 번째"", ""⑥ 여섯 번째"", ""⑦ 일곱 번째"", ""⑧ 여덟 번째"", ""⑨ 아홉 번째"", ""⑩ 열 번째"", ""⑪ 열한 번째""]",⑦,일곱 번째,exam-strokes/stroke_6_101_90.png
6급,102,2023.08.26,1,dokum,다음 밑줄 친 漢字語의 讀音을 쓰세요.,,窓門,,창문,창문,
6급,102,2023.08.26,2,dokum,다음 밑줄 친 漢字語의 讀音을 쓰세요.,,特別,,특별,특별,
6급,102,2023.08.26,3,dokum,다음 밑줄 친 漢字語의 讀音을 쓰세요.,,共感,,공감,공감,
6급,102,2023.08.26,4,dokum,다음 밑줄 친 漢字語의 讀音을 쓰세요.,,各自,,각자,각자,
6급,102,2023.08.26,5,dokum,다음 밑줄 친 漢字語의 讀音을 쓰세요.,,成功,,성공,성공,
6급,102,2023.08.26,6,dokum,다음 밑줄 친 漢字語의 讀音을 쓰세요.,,讀書,,독서,독서,
6급,102,2023.08.26,7,dokum,다음 밑줄 친 漢字語의 讀音을 쓰세요.,,表現,,표현,표현,
6급,102,2023.08.26,8,dokum,다음 밑줄 친 漢字語의 讀音을 쓰세요.,,圖形,,도형,도형,
6급,102,2023.08.26,9,dokum,다음 밑줄 친 漢字語의 讀音을 쓰세요.,,交通,,교통,교통,
6급,102,2023.08.26,10,dokum,다음 밑줄 친 漢字語의 讀音을 쓰세요.,,地球,,지구,지구,
6급,102,2023.08.26,11,dokum,다음 밑줄 친 漢字語의 讀音을 쓰세요.,,根本,,근본,근본,
6급,102,2023.08.26,12,dokum,다음 밑줄 친 漢字語의 讀音을 쓰세요.,,幸運,,행운,행운,
6급,102,2023.08.26,13,dokum,다음 밑줄 친 漢字語의 讀音을 쓰세요.,,永遠,,영원,영원,
6급,102,2023.08.26,14,dokum,다음 밑줄 친 漢字語의 讀音을 쓰세요.,,童話,,동화,동화,
6급,102,2023.08.26,15,dokum,다음 밑줄 친 漢字語의 讀音을 쓰세요.,,庭園,,정원,정원,
6급,102,2023.08.26,16,dokum,다음 밑줄 친 漢字語의 讀音을 쓰세요.,,晝夜,,주야,주야,
6급,102,2023.08.26,17,dokum,다음 밑줄 친 漢字語의 讀音을 쓰세요.,,便利,,편리,편리,
6급,102,2023.08.26,18,dokum,다음 밑줄 친 漢字語의 讀音을 쓰세요.,,醫術,,의술,의술,
6급,102,2023.08.26,19,dokum,다음 밑줄 친 漢字語의 讀音을 쓰세요.,,例外,,예외,예외,
6급,102,2023.08.26,20,dokum,다음 밑줄 친 漢字語의 讀音을 쓰세요.,,反省,,반성,반성,
6급,102,2023.08.26,21,dokum,다음 밑줄 친 漢字語의 讀音을 쓰세요.,,社會,,사회,사회,
6급,102,2023.08.26,22,dokum,다음 밑줄 친 漢字語의 讀音을 쓰세요.,,風習,,풍습,풍습,
6급,102,2023.08.26,23,dokum,다음 밑줄 친 漢字語의 讀音을 쓰세요.,,科目,,과목,과목,
6급,102,2023.08.26,24,dokum,다음 밑줄 친 漢字語의 讀音을 쓰세요.,,消失,,소실,소실,
6급,102,2023.08.26,25,dokum,다음 밑줄 친 漢字語의 讀音을 쓰세요.,,直角,,직각,직각,
6급,102,2023.08.26,26,dokum,다음 밑줄 친 漢字語의 讀音을 쓰세요.,,同族,,동족,동족,
6급,102,2023.08.26,27,dokum,다음 밑줄 친 漢字語의 讀音을 쓰세요.,,放學,,방학,방학,
6급,102,2023.08.26,28,dokum,다음 밑줄 친 漢字語의 讀音을 쓰세요.,,和合,,화합,화합,
6급,102,2023.08.26,29,dokum,다음 밑줄 친 漢字語의 讀音을 쓰세요.,,韓服,,한복,한복,
6급,102,2023.08.26,30,dokum,다음 밑줄 친 漢字語의 讀音을 쓰세요.,,開發,,개발,개발,
6급,102,2023.08.26,31,dokum,다음 밑줄 친 漢字語의 讀音을 쓰세요.,,昨年,,작년,작년,
6급,102,2023.08.26,32,dokum,다음 밑줄 친 漢字語의 讀音을 쓰세요.,,海洋,,해양,해양,
6급,102,2023.08.26,33,dokum,다음 밑줄 친 漢字語의 讀音을 쓰세요.,,英語,,영어,영어,
6급,102,2023.08.26,34,hunum,다음 漢字의 訓과 音을 쓰세요.,,式,,법 식,법 식,
6급,102,2023.08.26,35,hunum,다음 漢字의 訓과 音을 쓰세요.,,正,,바를 정,바를 정,
6급,102,2023.08.26,36,hunum,다음 漢字의 訓과 音을 쓰세요.,,京,,서울 경,서울 경,
6급,102,2023.08.26,37,hunum,다음 漢字의 訓과 音을 쓰세요.,,勇,,날랠 용,날랠 용,
6급,102,2023.08.26,38,hunum,다음 漢字의 訓과 音을 쓰세요.,,冬,,겨울 동,겨울 동,
6급,102,2023.08.26,39,hunum,다음 漢字의 訓과 音을 쓰세요.,,朝,,아침 조,아침 조,
6급,102,2023.08.26,40,hunum,다음 漢字의 訓과 音을 쓰세요.,,線,,줄 선,줄 선,
6급,102,2023.08.26,41,hunum,다음 漢字의 訓과 音을 쓰세요.,,集,,모을 집,모을 집,
6급,102,2023.08.26,42,hunum,다음 漢字의 訓과 音을 쓰세요.,,對,,대할 대,대할 대,
6급,102,2023.08.26,43,hunum,다음 漢字의 訓과 音을 쓰세요.,,畫,,그림 획(劃),그림 획(劃),
6급,102,2023.08.26,44,hunum,다음 漢字의 訓과 音을 쓰세요.,,理,,다스릴 리,다스릴 리,
6급,102,2023.08.26,45,hunum,다음 漢字의 訓과 音을 쓰세요.,,果,,실과 과,실과 과,
6급,102,2023.08.26,46,hunum,다음 漢字의 訓과 音을 쓰세요.,,登,,오를 등,오를 등,
6급,102,2023.08.26,47,hunum,다음 漢字의 訓과 音을 쓰세요.,,國,,나라 국,나라 국,
6급,102,2023.08.26,48,hunum,다음 漢字의 訓과 音을 쓰세요.,,百,,일백 백,일백 백,
6급,102,2023.08.26,49,hunum,다음 漢字의 訓과 音을 쓰세요.,,前,,앞 전,앞 전,
6급,102,2023.08.26,50,hunum,다음 漢字의 訓과 音을 쓰세요.,,夏,,여름 하,여름 하,
6급,102,2023.08.26,51,hunum,다음 漢字의 訓과 音을 쓰세요.,,休,,쉴 휴,쉴 휴,
6급,102,2023.08.26,52,hunum,다음 漢字의 訓과 音을 쓰세요.,,色,,빛 색,빛 색,
6급,102,2023.08.26,53,hunum,다음 漢字의 訓과 音을 쓰세요.,,用,,쓸 용,쓸 용,
6급,102,2023.08.26,54,hunum,다음 漢字의 訓과 音을 쓰세요.,,速,,빠를 속,빠를 속,
6급,102,2023.08.26,55,hunum,다음 漢字의 訓과 音을 쓰세요.,,來,,올 래,올 래,
6급,102,2023.08.26,56,hanjaeo_write,다음 밑줄 친 漢字語를 漢字로 쓰세요.,어머니는 시장에 과일을 사러가셨습니다.,시장,,市場,市場,
6급,102,2023.08.26,57,hanjaeo_write,다음 밑줄 친 漢字語를 漢字로 쓰세요.,우리 집 식구는 모두 일곱입니다.,식구,,食口,食口,
6급,102,2023.08.26,58,hanjaeo_write,다음 밑줄 친 漢字語를 漢字로 쓰세요.,그는 세상과 인연을 끊고 산속으로 들어갔습니다.,세상,,世上,世上,
6급,102,2023.08.26,59,hanjaeo_write,다음 밑줄 친 漢字語를 漢字로 쓰세요.,철수는 오후에 놀이동산에 갔습니다.,오후,,午後,午後,
6급,102,2023.08.26,60,hanjaeo_write,다음 밑줄 친 漢字語를 漢字로 쓰세요.,지우는 부모를 극진히 모셔 동네에 효자로 알려졌습니다.,효자,,孝子,孝子,
6급,102,2023.08.26,61,hanjaeo_write,다음 밑줄 친 漢字語를 漢字로 쓰세요.,개성은 인삼의 고장으로 유명합니다.,유명,,有名,有名,
6급,102,2023.08.26,62,hanjaeo_write,다음 밑줄 친 漢字語를 漢字로 쓰세요.,날씨가 더워 냉방용 가전 제품사들이 호황을 누렸습니다.,가전,,家電,家電,
6급,102,2023.08.26,63,hanjaeo_write,다음 밑줄 친 漢字語를 漢字로 쓰세요.,요즘은 가수나 운동선수 중에 10대의 청춘 스타가 많습니다.,청춘,,靑春,靑春,
6급,102,2023.08.26,64,hanjaeo_write,다음 밑줄 친 漢字語를 漢字로 쓰세요.,두 형제가 즐겁게 놀고 있습니다.,형제,,兄弟,兄弟,
6급,102,2023.08.26,65,hanjaeo_write,다음 밑줄 친 漢字語를 漢字로 쓰세요.,봄에 심은 나무에 비료를 주는 등 육림 작업을 했습니다.,육림,,育林,育林,
6급,102,2023.08.26,66,hanjaeo_write,다음 밑줄 친 漢字語를 漢字로 쓰세요.,그는 평범한 농부의 셋째 아들로 태어났습니다.,농부,,農夫,農夫,
6급,102,2023.08.26,67,hanjaeo_write,다음 밑줄 친 漢字語를 漢字로 쓰세요.,할머니는 매일 새벽 5시에 일어나십니다.,매일,,每日,每日,
6급,102,2023.08.26,68,hanjaeo_write,다음 밑줄 친 漢字語를 漢字로 쓰세요.,한강에는 남북을 잇는 다리가 20개 가까이 될 것입니다.,남북,,南北,南北,
6급,102,2023.08.26,69,hanjaeo_write,다음 밑줄 친 漢字語를 漢字로 쓰세요.,인간의 신체는 좌우가 대칭을 이룹니다.,좌우,,左右,左右,
6급,102,2023.08.26,70,hanjaeo_write,다음 밑줄 친 漢字語를 漢字로 쓰세요.,우리 집안의 선조 가운데 벼슬하신 분들이 많았습니다.,선조,,先祖,先祖,
6급,102,2023.08.26,71,hanjaeo_write,다음 밑줄 친 漢字語를 漢字로 쓰세요.,휴화산이 활동을 다시 시작하였습니다.,활동,,活動,活動,
6급,102,2023.08.26,72,hanjaeo_write,다음 밑줄 친 漢字語를 漢字로 쓰세요.,우리는 자리를 좁혀 한 사람더 앉을 공간을 만들었습니다.,공간,,空間,空間,
6급,102,2023.08.26,73,hanjaeo_write,다음 밑줄 친 漢字語를 漢字로 쓰세요.,할아버지께서는 고등학교의 교가를 아직도 기억하고 계셨습니다.,교가,,校歌,校歌,
6급,102,2023.08.26,74,hanjaeo_write,다음 밑줄 친 漢字語를 漢字로 쓰세요.,강을 끼고 돌면 읍면 사무소가 보입니다.,읍면,,邑面,邑面,
6급,102,2023.08.26,75,hanjaeo_write,다음 밑줄 친 漢字語를 漢字로 쓰세요.,우리 모임 회원들은 지역 주민을 위한 봉사활동을 벌였습니다.,주민,,住民,住民,
6급,102,2023.08.26,76,banui_select,다음 漢字와 뜻이 반대(또는 상대)되는 것을 골라 그 번호를 쓰세요.,,古,"[""① 高"", ""② 朴"", ""③ 樂"", ""④ 今""]",④,今,
6급,102,2023.08.26,77,banui_select,다음 漢字와 뜻이 반대(또는 상대)되는 것을 골라 그 번호를 쓰세요.,,多,"[""① 太"", ""② 少"", ""③ 金"", ""④ 弱""]",②,少,
6급,102,2023.08.26,78,banui_select,다음 漢字와 뜻이 반대(또는 상대)되는 것을 골라 그 번호를 쓰세요.,,手,"[""① 數"", ""② 小"", ""③ 足"", ""④ 秋""]",③,足,
6급,102,2023.08.26,79,yui,다음 漢字와 뜻이 같거나 비슷한 것을 골라 그 번호를 쓰세요.,,身,"[""① 體"", ""② 向"", ""③ 草"", ""④ 信""]",①,體,
6급,102,2023.08.26,80,yui,다음 漢字와 뜻이 같거나 비슷한 것을 골라 그 번호를 쓰세요.,,道,"[""① 度"", ""② 等"", ""③ 路"", ""④ 綠""]",③,路,
6급,102,2023.08.26,81,seong-eo,다음 ( ) 안에 알맞은 漢字를 <보기>에서 찾아 그 번호를 쓰세요.,人()在天 : 사람의 목숨은 하 보입니다. 늘에 달려 있다는,人()在天,"[""① 高"", ""② 朴"", ""③ 樂"", ""④ 今"", ""⑤ 頭"", ""⑥ 答"", ""⑦ 四"", ""⑧ 記""]",①,高,
6급,102,2023.08.26,82,seong-eo,다음 ( ) 안에 알맞은 漢字를 <보기>에서 찾아 그 번호를 쓰세요.,東西() : 묻는 말에 전혀 다. 딴 말을 함.,東問西(),"[""① 高"", ""② 朴"", ""③ 樂"", ""④ 今"", ""⑤ 頭"", ""⑥ 答"", ""⑦ 四"", ""⑧ 記""]",⑥,答,
6급,102,2023.08.26,83,seong-eo,다음 ( ) 안에 알맞은 漢字를 <보기>에서 찾아 그 번호를 쓰세요.,九()一生 : 여러 차례 죽을 고 비를 넘기고 살아 남.,九()一生,"[""① 高"", ""② 朴"", ""③ 樂"", ""④ 今"", ""⑤ 頭"", ""⑥ 答"", ""⑦ 四"", ""⑧ 記""]",③,樂,
6급,102,2023.08.26,84,dongeum,다음 중 소리(音)는 같으나 뜻(訓)이 다른 漢字를 골라 그 번호를 쓰세요.,,始,"[""① 親"", ""② 作"", ""③ 樹"", ""④ 時""]",④,時,
6급,102,2023.08.26,85,dongeum,다음 중 소리(音)는 같으나 뜻(訓)이 다른 漢字를 골라 그 번호를 쓰세요.,,事,"[""① 業"", ""② 使"", ""③ 銀"", ""④ 分""]",②,使,
6급,102,2023.08.26,86,mean,다음 한자의 뜻을 풀이하시오.,溫水,溫水,,따뜻한 물,따뜻한 물,
6급,102,2023.08.26,87,mean,다음 한자의 뜻을 풀이하시오.,明月,明月,,밝은 달,밝은 달,
6급,102,2023.08.26,88,stroke,다음 漢字의 짙게 표시한 획은 몇 번째 쓰는 획인지 <보기>에서 찾아 그 번호를 쓰세요.,,,"[""① 첫 번째"", ""② 두 번째"", ""③ 세 번째"", ""④ 네 번째"", ""⑤ 다섯 번째"", ""⑥ 여섯 번째"", ""⑦ 일곱 번째"", ""⑧ 여덟 번째"", ""⑨ 아홉 번째"", ""⑩ 열 번째"", ""⑪ 열한 번째"", ""⑫ 열두 번째"", ""⑬ 열세 번째""]",⑨,아홉 번째,exam-strokes/stroke_6_102_88.png
6급,102,2023.08.26,89,stroke,다음 漢字의 짙게 표시한 획은 몇 번째 쓰는 획인지 <보기>에서 찾아 그 번호를 쓰세요.,,,"[""① 첫 번째"", ""② 두 번째"", ""③ 세 번째"", ""④ 네 번째"", ""⑤ 다섯 번째"", ""⑥ 여섯 번째"", ""⑦ 일곱 번째"", ""⑧ 여덟 번째"", ""⑨ 아홉 번째"", ""⑩ 열 번째"", ""⑪ 열한 번째"", ""⑫ 열두 번째"", ""⑬ 열세 번째""]",⑫,열두 번째,exam-strokes/stroke_6_102_89.png
6급,102,2023.08.26,90,stroke,다음 漢字의 짙게 표시한 획은 몇 번째 쓰는 획인지 <보기>에서 찾아 그 번호를 쓰세요.,,,"[""① 첫 번째"", ""② 두 번째"", ""③ 세 번째"", ""④ 네 번째"", ""⑤ 다섯 번째"", ""⑥ 여섯 번째"", ""⑦ 일곱 번째"", ""⑧ 여덟 번째"", ""⑨ 아홉 번째"", ""⑩ 열 번째"", ""⑪ 열한 번째"", ""⑫ 열두 번째"", ""⑬ 열세 번째""]",⑪,열한 번째,exam-strokes/stroke_6_102_90.png
6급,103,2023.11.11,1,dokum,다음 밑줄 친 漢字語의 讀音을 쓰세요.,,番號,,번호,번호,
6급,103,2023.11.11,2,dokum,다음 밑줄 친 漢字語의 讀音을 쓰세요.,,所聞,,소문,소문,
6급,103,2023.11.11,3,dokum,다음 밑줄 친 漢字語의 讀音을 쓰세요.,,下體,,하체,하체,
6급,103,2023.11.11,4,dokum,다음 밑줄 친 漢字語의 讀音을 쓰세요.,,幸運,,행운,행운,
6급,103,2023.11.11,5,dokum,다음 밑줄 친 漢字語의 讀音을 쓰세요.,,失禮,,실례,실례,
6급,103,2023.11.11,6,dokum,다음 밑줄 친 漢字語의 讀音을 쓰세요.,,石油,,석유,석유,
6급,103,2023.11.11,7,dokum,다음 밑줄 친 漢字語의 讀音을 쓰세요.,,注意,,주의,주의,
6급,103,2023.11.11,8,dokum,다음 밑줄 친 漢字語의 讀音을 쓰세요.,,王朝,,왕조,왕조,
6급,103,2023.11.11,9,dokum,다음 밑줄 친 漢字語의 讀音을 쓰세요.,,反目,,반목,반목,
6급,103,2023.11.11,10,dokum,다음 밑줄 친 漢字語의 讀音을 쓰세요.,,向上,,향상,향상,
6급,103,2023.11.11,11,dokum,다음 밑줄 친 漢字語의 讀音을 쓰세요.,,出頭,,공감,공감,
6급,103,2023.11.11,12,dokum,다음 밑줄 친 漢字語의 讀音을 쓰세요.,,永遠,,편리,편리,
6급,103,2023.11.11,13,dokum,다음 밑줄 친 漢字語의 讀音을 쓰세요.,,發足,,발족,발족,
6급,103,2023.11.11,14,dokum,다음 밑줄 친 漢字語의 讀音을 쓰세요.,,電線,,전선,전선,
6급,103,2023.11.11,15,dokum,다음 밑줄 친 漢字語의 讀音을 쓰세요.,,集中,,집중,집중,
6급,103,2023.11.11,16,dokum,다음 밑줄 친 漢字語의 讀音을 쓰세요.,,開始,,개시,개시,
6급,103,2023.11.11,17,dokum,다음 밑줄 친 漢字語의 讀音을 쓰세요.,,黃海,,황해,황해,
6급,103,2023.11.11,18,dokum,다음 밑줄 친 漢字語의 讀音을 쓰세요.,,消日,,소일,소일,
6급,103,2023.11.11,19,dokum,다음 밑줄 친 漢字語의 讀音을 쓰세요.,,交戰,,교전,교전,
6급,103,2023.11.11,20,dokum,다음 밑줄 친 漢字語의 讀音을 쓰세요.,,樹木,,수목,수목,
6급,103,2023.11.11,21,dokum,다음 밑줄 친 漢字語의 讀音을 쓰세요.,,行路,,행로,행로,
6급,103,2023.11.11,22,dokum,다음 밑줄 친 漢字語의 讀音을 쓰세요.,,萬古,,만고,만고,
6급,103,2023.11.11,23,dokum,다음 밑줄 친 漢字語의 讀音을 쓰세요.,,形式,,형식,형식,
6급,103,2023.11.11,24,dokum,다음 밑줄 친 漢字語의 讀音을 쓰세요.,,出頭,,출두,출두,
6급,103,2023.11.11,25,dokum,다음 밑줄 친 漢字語의 讀音을 쓰세요.,,永遠,,영원,영원,
6급,103,2023.11.11,26,dokum,다음 밑줄 친 漢字語의 讀音을 쓰세요.,,作用,,작용,작용,
6급,103,2023.11.11,27,dokum,다음 밑줄 친 漢字語의 讀音을 쓰세요.,,服色,,복색,복색,
6급,103,2023.11.11,28,dokum,다음 밑줄 친 漢字語의 讀音을 쓰세요.,,現場,,현장,현장,
6급,103,2023.11.11,29,dokum,다음 밑줄 친 漢字語의 讀音을 쓰세요.,,速度,,속도,속도,
6급,103,2023.11.11,30,dokum,다음 밑줄 친 漢字語의 讀音을 쓰세요.,,和合,,화합,화합,
6급,103,2023.11.11,31,dokum,다음 밑줄 친 漢字語의 讀音을 쓰세요.,,通信,,통신,통신,
6급,103,2023.11.11,32,dokum,다음 밑줄 친 漢字語의 讀音을 쓰세요.,,特使,,특사,특사,
6급,103,2023.11.11,33,dokum,다음 밑줄 친 漢字語의 讀音을 쓰세요.,,多數,,다수,다수,
6급,103,2023.11.11,34,hunum,다음 漢字의 訓과 音을 쓰세요.,,在,,있을 재,있을 재,
6급,103,2023.11.11,35,hunum,다음 漢字의 訓과 音을 쓰세요.,,園,,동산 원,동산 원,
6급,103,2023.11.11,36,hunum,다음 漢字의 訓과 音을 쓰세요.,,功,,공[勳] 공,공[勳] 공,
6급,103,2023.11.11,37,hunum,다음 漢字의 訓과 音을 쓰세요.,,理,,다스릴 리,다스릴 리,
6급,103,2023.11.11,38,hunum,다음 漢字의 訓과 音을 쓰세요.,,者,,놈 자,놈 자,
6급,103,2023.11.11,39,hunum,다음 漢字의 訓과 音을 쓰세요.,,神,,귀신 신,귀신 신,
6급,103,2023.11.11,40,hunum,다음 漢字의 訓과 音을 쓰세요.,,英,,꽃부리 영,꽃부리 영,
6급,103,2023.11.11,41,hunum,다음 漢字의 訓과 音을 쓰세요.,,昨,,어제 작,어제 작,
6급,103,2023.11.11,42,hunum,다음 漢字의 訓과 音을 쓰세요.,,由,,말미암을 유,말미암을 유,
6급,103,2023.11.11,43,hunum,다음 漢字의 訓과 音을 쓰세요.,,習,,익힐 습,익힐 습,
6급,103,2023.11.11,44,hunum,다음 漢字의 訓과 音을 쓰세요.,,本,,근본 본,근본 본,
6급,103,2023.11.11,45,hunum,다음 漢字의 訓과 音을 쓰세요.,,衣,,옷 의,옷 의,
6급,103,2023.11.11,46,hunum,다음 漢字의 訓과 音을 쓰세요.,,美,,아름다울 미,아름다울 미,
6급,103,2023.11.11,47,hunum,다음 漢字의 訓과 音을 쓰세요.,,米,,쌀 미,쌀 미,
6급,103,2023.11.11,48,hunum,다음 漢字의 訓과 音을 쓰세요.,,雪,,눈 설,눈 설,
6급,103,2023.11.11,49,hunum,다음 漢字의 訓과 音을 쓰세요.,,銀,,은 은,은 은,
6급,103,2023.11.11,50,hunum,다음 漢字의 訓과 音을 쓰세요.,,族,,겨레 족,겨레 족,
6급,103,2023.11.11,51,hunum,다음 漢字의 訓과 音을 쓰세요.,,席,,자리 석,자리 석,
6급,103,2023.11.11,52,hunum,다음 漢字의 訓과 音을 쓰세요.,,飮,,마실 음,마실 음,
6급,103,2023.11.11,53,hunum,다음 漢字의 訓과 音을 쓰세요.,,言,,말씀 언,말씀 언,
6급,103,2023.11.11,54,hunum,다음 漢字의 訓과 音을 쓰세요.,,太,,클 태,클 태,
6급,103,2023.11.11,55,hunum,다음 漢字의 訓과 音을 쓰세요.,,陽,,볕 양,볕 양,
6급,103,2023.11.11,56,banui_select,다음 漢字와 뜻이 반대(또는 상대)되는 것을 골라 그 번호를 쓰세요.,,強,"[""① 洋"", ""② 京"", ""③ 弱"", ""④ 勝""]",③,弱,
6급,103,2023.11.11,57,banui_select,다음 漢字와 뜻이 반대(또는 상대)되는 것을 골라 그 번호를 쓰세요.,,苦,"[""① 對"", ""② 計"", ""③ 各"", ""④ 樂""]",④,樂,
6급,103,2023.11.11,58,banui_select,다음 漢字와 뜻이 반대(또는 상대)되는 것을 골라 그 번호를 쓰세요.,,敎,"[""① 省"", ""② 學"", ""③ 界"", ""④ 庭""]",②,學,
6급,103,2023.11.11,59,yui,다음 漢字와 뜻이 같거나 비슷한 것을 골라 그 번호를 쓰세요.,,區,"[""① 溫"", ""② 分"", ""③ 病"", ""④ 圖""]",②,分,
6급,103,2023.11.11,60,yui,다음 漢字와 뜻이 같거나 비슷한 것을 골라 그 번호를 쓰세요.,,郡,"[""① 邑"", ""② 班"", ""③ 愛"", ""④ 表""]",①,邑,
6급,103,2023.11.11,61,dongeum,다음 漢字와 소리(音)는 같으나 뜻(訓)이 다른 것을 골라 그 번호를 쓰세요.,,登,"[""① 等"", ""② 半"", ""③ 親"", ""④ 章""]",①,等,
6급,103,2023.11.11,62,dongeum,다음 漢字와 소리(音)는 같으나 뜻(訓)이 다른 것을 골라 그 번호를 쓰세요.,,花,"[""① 勇"", ""② 話"", ""③ 角"", ""④ 窓""]",②,話,
6급,103,2023.11.11,63,seong-eo,다음 사자성어의 ( ) 안에 알맞은 漢字를 <보기>에서 찾아 그 번호를 쓰세요.,九()一生 : 아홉 번 죽을 뻔하다 한 번 살아남.,九()一生,"[""① 等"", ""② 半"", ""③ 親"", ""④ 章"", ""⑤ 短"", ""⑥ 明"", ""⑦ 例"", ""⑧ 待""]",②,死,
6급,103,2023.11.11,64,seong-eo,다음 사자성어의 ( ) 안에 알맞은 漢字를 <보기>에서 찾아 그 번호를 쓰세요.,淸風()月 : 맑은 바람과 밝은 들로 붐볐습니다. 달.,淸風()月,"[""① 等"", ""② 半"", ""③ 親"", ""④ 章"", ""⑤ 短"", ""⑥ 明"", ""⑦ 例"", ""⑧ 待""]",⑥,明,
6급,103,2023.11.11,65,seong-eo,다음 사자성어의 ( ) 안에 알맞은 漢字를 <보기>에서 찾아 그 번호를 쓰세요.,別有天() : 이 세상과 따로 칸이 있었습니다. 존재하는 세계.,別有天(),"[""① 等"", ""② 半"", ""③ 親"", ""④ 章"", ""⑤ 短"", ""⑥ 明"", ""⑦ 例"", ""⑧ 待""]",①,地,
6급,103,2023.11.11,66,mean_select,다음 뜻에 맞는 漢字語를 <보기>에서 찾아 그 번호를 쓰세요.,들에 저절로 나는 풀,들에 저절로 나는 풀,"[""① 根部"", ""② 新綠"", ""③ 醫書"", ""④ 晝夜"", ""⑤ 近寸"", ""⑥ 野草""]",⑥,野草,
6급,103,2023.11.11,67,mean_select,다음 뜻에 맞는 漢字語를 <보기>에서 찾아 그 번호를 쓰세요.,식물의 뿌리 부분,식물의 뿌리 부분,"[""① 根部"", ""② 新綠"", ""③ 醫書"", ""④ 晝夜"", ""⑤ 近寸"", ""⑥ 野草""]",①,根部,
6급,103,2023.11.11,68,hanjaeo_write,다음 밑줄 친 漢字語를 漢字로 쓰세요.,건물의 각 층마다 직원들의 휴식 공간이 마련되어 있습니다.,공간,,空間,空間,
6급,103,2023.11.11,69,hanjaeo_write,다음 밑줄 친 漢字語를 漢字로 쓰세요.,그는 한라산에 자생하는 식물에 대해 연구하고 있습니다.,식물,,植物,植物,
6급,103,2023.11.11,70,hanjaeo_write,다음 밑줄 친 漢字語를 漢字로 쓰세요.,그는 활력을 되찾기 위해 여행을 다녀왔습니다.,활력,,活力,活力,
6급,103,2023.11.11,71,hanjaeo_write,다음 밑줄 친 漢字語를 漢字로 쓰세요.,나는 다섯 살 때까지 조모의 손에서 컸습니다.,조모,,祖母,祖母,
6급,103,2023.11.11,72,hanjaeo_write,다음 밑줄 친 漢字語를 漢字로 쓰세요.,삼촌은 대학을 졸업한 직후 군대에 입대하였습니다.,직후,,直後,直後,
6급,103,2023.11.11,73,hanjaeo_write,다음 밑줄 친 漢字語를 漢字로 쓰세요.,선생은 자신의 지식을 제자들 에게 전수했습니다.,제자,,弟子,弟子,
6급,103,2023.11.11,74,hanjaeo_write,다음 밑줄 친 漢字語를 漢字로 쓰세요.,시장은 추석을 준비하는 사람들로 붐볐습니다.,추석,,秋夕,秋夕,
6급,103,2023.11.11,75,hanjaeo_write,다음 밑줄 친 漢字語를 漢字로 쓰세요.,신청서에는 연락처를 기입하는 칸이 있었습니다.,기입,,記入,記入,
6급,103,2023.11.11,76,hanjaeo_write,다음 밑줄 친 漢字語를 漢字로 쓰세요.,안개가 너무 짙어서 몇 미터 전방도 알아볼 수 없습니다.,전방,,前方,前方,
6급,103,2023.11.11,77,hanjaeo_write,다음 밑줄 친 漢字語를 漢字로 쓰세요.,여행에 필요한 물품을 사려고 그녀는 시내로 나가 쇼핑을 했습니다.,시내,,市內,市內,
6급,103,2023.11.11,78,hanjaeo_write,다음 밑줄 친 漢字語를 漢字로 쓰세요.,옛날 사람들은 지구가 평면이라고 알고 있었습니다.,평면,,平面,平面,
6급,103,2023.11.11,79,hanjaeo_write,다음 밑줄 친 漢字語를 漢字로 쓰세요.,오랜만에 가족이 오붓하게 외식을 했습니다.,외식,,外食,外食,
6급,103,2023.11.11,80,hanjaeo_write,다음 밑줄 친 漢字語를 漢字로 쓰세요.,올해는 날씨가 좋아 농사가 대풍입니다.,농사,,農事,農事,
6급,103,2023.11.11,81,hanjaeo_write,다음 밑줄 친 漢字語를 漢字로 쓰세요.,요즘 축구가 학생들에게 인기를 끌고 있습니다.,인기,,人氣,人氣,
6급,103,2023.11.11,82,hanjaeo_write,다음 밑줄 친 漢字語를 漢字로 쓰세요.,우리나라 자연은 춘하추동 그 색을 달리합니다.,자연,,自然,自然,
6급,103,2023.11.11,83,hanjaeo_write,다음 밑줄 친 漢字語를 漢字로 쓰세요.,이 신라의 석탑은 천년의 세월을 묵묵히 버텨왔습니다.,천년,,千年,千年,
6급,103,2023.11.11,84,hanjaeo_write,다음 밑줄 친 漢字語를 漢字로 쓰세요.,정치인이라면 민심의 향방을 읽을 줄 알아야 합니다.,민심,,民心,民心,
6급,103,2023.11.11,85,hanjaeo_write,다음 밑줄 친 漢字語를 漢字로 쓰세요.,지난 밤 추위로 수도가 얼었습니다.,수도,,水道,水道,
6급,103,2023.11.11,86,hanjaeo_write,다음 밑줄 친 漢字語를 漢字로 쓰세요.,촛불이 바람에 끄덕끄덕 불안하게 흔들립니다.,불안,,不安,不安,
6급,103,2023.11.11,87,hanjaeo_write,다음 밑줄 친 漢字語를 漢字로 쓰세요.,할머니는 아직도 수동 재봉틀을 사용하십니다.,수동,,手動,手動,
6급,103,2023.11.11,88,stroke,다음 漢字의 짙게 표시한 획은 몇 번째 쓰는 획인지 <보기>에서 찾아 그 번호를 쓰세요.,,,"[""① 첫 번째"", ""② 두 번째"", ""③ 세 번째"", ""④ 네 번째"", ""⑤ 다섯 번째"", ""⑥ 여섯 번째"", ""⑦ 일곱 번째"", ""⑧ 여덟 번째"", ""⑨ 아홉 번째""]",⑥,여섯 번째,exam-strokes/stroke_6_103_88.png
6급,103,2023.11.11,89,stroke,다음 漢字의 짙게 표시한 획은 몇 번째 쓰는 획인지 <보기>에서 찾아 그 번호를 쓰세요.,,,"[""① 첫 번째"", ""② 두 번째"", ""③ 세 번째"", ""④ 네 번째"", ""⑤ 다섯 번째"", ""⑥ 여섯 번째"", ""⑦ 일곱 번째"", ""⑧ 여덟 번째"", ""⑨ 아홉 번째""]",③,세 번째,exam-strokes/stroke_6_103_89.png
6급,103,2023.11.11,90,stroke,다음 漢字의 짙게 표시한 획은 몇 번째 쓰는 획인지 <보기>에서 찾아 그 번호를 쓰세요.,,,"[""① 첫 번째"", ""② 두 번째"", ""③ 세 번째"", ""④ 네 번째"", ""⑤ 다섯 번째"", ""⑥ 여섯 번째"", ""⑦ 일곱 번째"", ""⑧ 여덟 번째"", ""⑨ 아홉 번째""]",④,네 번째,exam-strokes/stroke_6_103_90.png
6급,104,2024.02.24,1,dokum,다음 밑줄 친 漢字語의 讀音을 쓰세요.,,大雪,,대설,대설,
6급,104,2024.02.24,2,dokum,다음 밑줄 친 漢字語의 讀音을 쓰세요.,,記者,,기자,기자,
6급,104,2024.02.24,3,dokum,다음 밑줄 친 漢字語의 讀音을 쓰세요.,,頭角,,두각,두각,
6급,104,2024.02.24,4,dokum,다음 밑줄 친 漢字語의 讀音을 쓰세요.,,夕陽,,석양,석양,
6급,104,2024.02.24,5,dokum,다음 밑줄 친 漢字語의 讀音을 쓰세요.,,銀行,,은행,은행,
6급,104,2024.02.24,6,dokum,다음 밑줄 친 漢字語의 讀音을 쓰세요.,,根本,,근본,근본,
6급,104,2024.02.24,7,dokum,다음 밑줄 친 漢字語의 讀音을 쓰세요.,,民族,,민족,민족,
6급,104,2024.02.24,8,dokum,다음 밑줄 친 漢字語의 讀音을 쓰세요.,,風習,,풍습,풍습,
6급,104,2024.02.24,9,dokum,다음 밑줄 친 漢字語의 讀音을 쓰세요.,,信用,,신용,신용,
6급,104,2024.02.24,10,dokum,다음 밑줄 친 漢字語의 讀音을 쓰세요.,,戰功,,전공,전공,
6급,104,2024.02.24,11,dokum,다음 밑줄 친 漢字語의 讀音을 쓰세요.,,昨年,,작년,작년,
6급,104,2024.02.24,12,dokum,다음 밑줄 친 漢字語의 讀音을 쓰세요.,,英特,,영특,영특,
6급,104,2024.02.24,13,dokum,다음 밑줄 친 漢字語의 讀音을 쓰세요.,,道理,,도리,도리,
6급,104,2024.02.24,14,dokum,다음 밑줄 친 漢字語의 讀音을 쓰세요.,,直線,,직선,직선,
6급,104,2024.02.24,15,dokum,다음 밑줄 친 漢字語의 讀音을 쓰세요.,,病室,,병실,병실,
6급,104,2024.02.24,16,dokum,다음 밑줄 친 漢字語의 讀音을 쓰세요.,,反省,,반성,반성,
6급,104,2024.02.24,17,dokum,다음 밑줄 친 漢字語의 讀音을 쓰세요.,,白米,,백미,백미,
6급,104,2024.02.24,18,dokum,다음 밑줄 친 漢字語의 讀音을 쓰세요.,,庭園,,정원,정원,
6급,104,2024.02.24,19,dokum,다음 밑줄 친 漢字語의 讀音을 쓰세요.,,別世,,별세,별세,
6급,104,2024.02.24,20,dokum,다음 밑줄 친 漢字語의 讀音을 쓰세요.,,美術,,미술,미술,
6급,104,2024.02.24,21,dokum,다음 밑줄 친 漢字語의 讀音을 쓰세요.,,在京,,재경,재경,
6급,104,2024.02.24,22,dokum,다음 밑줄 친 漢字語의 讀音을 쓰세요.,,科目,,과목,과목,
6급,104,2024.02.24,23,dokum,다음 밑줄 친 漢字語의 讀音을 쓰세요.,,合席,,합석,합석,
6급,104,2024.02.24,24,dokum,다음 밑줄 친 漢字語의 讀音을 쓰세요.,,由來,,유래,유래,
6급,104,2024.02.24,25,dokum,다음 밑줄 친 漢字語의 讀音을 쓰세요.,,飮食,,음식,음식,
6급,104,2024.02.24,26,dokum,다음 밑줄 친 漢字語의 讀音을 쓰세요.,,神話,,신화,신화,
6급,104,2024.02.24,27,dokum,다음 밑줄 친 漢字語의 讀音을 쓰세요.,,言動,,언동,언동,
6급,104,2024.02.24,28,dokum,다음 밑줄 친 漢字語의 讀音을 쓰세요.,,太半,,태반,태반,
6급,104,2024.02.24,29,dokum,다음 밑줄 친 漢字語의 讀音을 쓰세요.,,苦學,,고학,고학,
6급,104,2024.02.24,30,dokum,다음 밑줄 친 漢字語의 讀音을 쓰세요.,,發表,,발표,발표,
6급,104,2024.02.24,31,dokum,다음 밑줄 친 漢字語의 讀音을 쓰세요.,,速度,,속도,속도,
6급,104,2024.02.24,32,dokum,다음 밑줄 친 漢字語의 讀音을 쓰세요.,,溫和,,온화,온화,
6급,104,2024.02.24,33,dokum,다음 밑줄 친 漢字語의 讀音을 쓰세요.,,通路,,통로,통로,
6급,104,2024.02.24,34,hunum,다음 漢字의 訓과 音을 쓰세요.,,樹,,나무 수,나무 수,
6급,104,2024.02.24,35,hunum,다음 漢字의 訓과 音을 쓰세요.,,集,,모을 집,모을 집,
6급,104,2024.02.24,36,hunum,다음 漢字의 訓과 音을 쓰세요.,,例,,법식 례,법식 례,
6급,104,2024.02.24,37,hunum,다음 漢字의 訓과 音을 쓰세요.,,向,,향할 향,향할 향,
6급,104,2024.02.24,38,hunum,다음 漢字의 訓과 音을 쓰세요.,,朝,,아침 조,아침 조,
6급,104,2024.02.24,39,hunum,다음 漢字의 訓과 音을 쓰세요.,,石,,돌 석,돌 석,
6급,104,2024.02.24,40,hunum,다음 漢字의 訓과 音을 쓰세요.,,親,,친할 친,친할 친,
6급,104,2024.02.24,41,hunum,다음 漢字의 訓과 音을 쓰세요.,,開,,열 개,열 개,
6급,104,2024.02.24,42,hunum,다음 漢字의 訓과 音을 쓰세요.,,章,,글 장,글 장,
6급,104,2024.02.24,43,hunum,다음 漢字의 訓과 音을 쓰세요.,,聞,,들을 문,들을 문,
6급,104,2024.02.24,44,hunum,다음 漢字의 訓과 音을 쓰세요.,,孫,,손자 손,손자 손,
6급,104,2024.02.24,45,hunum,다음 漢字의 訓과 音을 쓰세요.,,現,,나타날 현,나타날 현,
6급,104,2024.02.24,46,hunum,다음 漢字의 訓과 音을 쓰세요.,,感,,느낄 감,느낄 감,
6급,104,2024.02.24,47,hunum,다음 漢字의 訓과 音을 쓰세요.,,醫,,의원 의,의원 의,
6급,104,2024.02.24,48,hunum,다음 漢字의 訓과 音을 쓰세요.,,愛,,사랑 애,사랑 애,
6급,104,2024.02.24,49,hunum,다음 漢字의 訓과 音을 쓰세요.,,洋,,큰바다 양,큰바다 양,
6급,104,2024.02.24,50,hunum,다음 漢字의 訓과 音을 쓰세요.,,黃,,누를 황,누를 황,
6급,104,2024.02.24,51,hunum,다음 漢字의 訓과 音을 쓰세요.,,交,,사귈 교,사귈 교,
6급,104,2024.02.24,52,hunum,다음 漢字의 訓과 音을 쓰세요.,,待,,기다릴 대,기다릴 대,
6급,104,2024.02.24,53,hunum,다음 漢字의 訓과 音을 쓰세요.,,永,,길 영,길 영,
6급,104,2024.02.24,54,hunum,다음 漢字의 訓과 音을 쓰세요.,,野,,들 야,들 야,
6급,104,2024.02.24,55,hunum,다음 漢字의 訓과 音을 쓰세요.,,多,,많을 다,많을 다,
6급,104,2024.02.24,56,banui_select,다음 漢字와 뜻이 반대(또는 상대)되는 것을 골라 그 번호를 쓰세요.,,死,"[""① 果"", ""② 利"", ""③ 冬"", ""④ 活""]",④,活,
6급,104,2024.02.24,57,banui_select,다음 漢字와 뜻이 반대(또는 상대)되는 것을 골라 그 번호를 쓰세요.,,天,"[""① 號"", ""② 住"", ""③ 地"", ""④ 車""]",③,地,
6급,104,2024.02.24,58,banui_select,다음 漢字와 뜻이 반대(또는 상대)되는 것을 골라 그 번호를 쓰세요.,,遠,"[""① 重"", ""② 近"", ""③ 林"", ""④ 童""]",②,近,
6급,104,2024.02.24,59,yui,다음 漢字와 뜻이 같거나 비슷한 것을 골라 그 번호를 쓰세요.,,計,"[""① 番"", ""② 等"", ""③ 草"", ""④ 算""]",④,算,
6급,104,2024.02.24,60,yui,다음 漢字와 뜻이 같거나 비슷한 것을 골라 그 번호를 쓰세요.,,衣,"[""① 書"", ""② 堂"", ""③ 服"", ""④ 里""]",③,服,
6급,104,2024.02.24,61,dongeum,다음 漢字와 소리(音)는 같으나 뜻(訓)이 다른 것을 골라 그 번호를 쓰세요.,,有,"[""① 身"", ""② 育"", ""③ 油"", ""④ 業""]",③,油,
6급,104,2024.02.24,62,dongeum,다음 漢字와 소리(音)는 같으나 뜻(訓)이 다른 것을 골라 그 번호를 쓰세요.,,兄,"[""① 形"", ""② 幸"", ""③ 弱"", ""④ 窓""]",①,形,
6급,104,2024.02.24,63,seong-eo,다음 사자성어의 ( ) 안에 알맞은 漢字를 <보기>에서 찾아 그 번호를 쓰세요.,各()圖生 : 제각기 살아 나갈 방법을 꾀함.,各()圖生,"[""① 光"", ""② 使"", ""③ 夜"", ""④ 始"", ""⑤ 作"", ""⑥ 勝"", ""⑦ 運"", ""⑧ 自""]",⑧,自,
6급,104,2024.02.24,64,seong-eo,다음 사자성어의 ( ) 안에 알맞은 漢字를 <보기>에서 찾아 그 번호를 쓰세요.,晝()長川 : 밤낮으로 쉬지 아 스타가 많습니다. 니하고 연달아.,晝()長川,"[""① 光"", ""② 使"", ""③ 夜"", ""④ 始"", ""⑤ 作"", ""⑥ 勝"", ""⑦ 運"", ""⑧ 自""]",③,夜,
6급,104,2024.02.24,65,seong-eo,다음 사자성어의 ( ) 안에 알맞은 漢字를 <보기>에서 찾아 그 번호를 쓰세요.,()心三日 : 단단히 먹은 마음이 사흘을 가지 못함.,()心三日,"[""① 光"", ""② 使"", ""③ 夜"", ""④ 始"", ""⑤ 作"", ""⑥ 勝"", ""⑦ 運"", ""⑧ 自""]",⑤,作,
6급,104,2024.02.24,66,mean_select,다음 뜻에 맞는 漢字語를 <보기>에서 찾아 그 번호를 쓰세요.,늦봄이나 초여름에 새로 나온잎의 푸른빛,늦봄이나 초여름에 새로 나온잎의 푸른빛,"[""① 區分"", ""② 新綠"", ""③ 電球"", ""④ 失禮"", ""⑤ 對答"", ""⑥ 音樂""]",②,新綠,
6급,104,2024.02.24,67,mean_select,다음 뜻에 맞는 漢字語를 <보기>에서 찾아 그 번호를 쓰세요.,말이나 행동이 예의에 벗어남,말이나 행동이 예의에 벗어남,"[""① 區分"", ""② 新綠"", ""③ 電球"", ""④ 失禮"", ""⑤ 對答"", ""⑥ 音樂""]",④,失禮,
6급,104,2024.02.24,68,hanjaeo_write,다음 밑줄 친 漢字語를 漢字로 쓰세요.,우리 모임은 다수의 의견만큼 소수의 의견도 존중합니다.,소수,,少數,少數,
6급,104,2024.02.24,69,hanjaeo_write,다음 밑줄 친 漢字語를 漢字로 쓰세요.,우리는 매주 토요일에 등산을 합니다.,등산,,登山,登山,
6급,104,2024.02.24,70,hanjaeo_write,다음 밑줄 친 漢字語를 漢字로 쓰세요.,요즘 가수 중에는 10대의 청춘 스타가 많습니다.,청춘,,靑春,靑春,
6급,104,2024.02.24,71,hanjaeo_write,다음 밑줄 친 漢字語를 漢字로 쓰세요.,그는 여러 방면에 모르는 게 없을 정도로 똑똑합니다.,방면,,方面,方面,
6급,104,2024.02.24,72,hanjaeo_write,다음 밑줄 친 漢字語를 漢字로 쓰세요.,그녀는 훌륭한 가문에서 태어나 좋은 교육을 받고 자랐습니다.,가문,,家門,家門,
6급,104,2024.02.24,73,hanjaeo_write,다음 밑줄 친 漢字語를 漢字로 쓰세요.,내가 서울을 떠난 시간은 어제 정오 무렵이었습니다.,정오,,正午,正午,
6급,104,2024.02.24,74,hanjaeo_write,다음 밑줄 친 漢字語를 漢字로 쓰세요.,단둘이 이야기하고 싶은데 시간있어요?,시간,,時間,時間,
6급,104,2024.02.24,75,hanjaeo_write,다음 밑줄 친 漢字語를 漢字로 쓰세요.,그녀가 쏜 화살이 과녁에 정확하게 명중했습니다.,명중,,命中,命中,
6급,104,2024.02.24,76,hanjaeo_write,다음 밑줄 친 漢字語를 漢字로 쓰세요.,가을이 시작되는 입추가 지났는데도 햇볕이 뜨겁습니다.,입추,,立秋,立秋,
6급,104,2024.02.24,77,hanjaeo_write,다음 밑줄 친 漢字語를 漢字로 쓰세요.,창을 열고 싱그러운 아침 공기를 들이마셨습니다.,공기,,空氣,空氣,
6급,104,2024.02.24,78,hanjaeo_write,다음 밑줄 친 漢字語를 漢字로 쓰세요.,이곳은 마을 어르신들의 놀이 장소입니다.,장소,,場所,場所,
6급,104,2024.02.24,79,hanjaeo_write,다음 밑줄 친 漢字語를 漢字로 쓰세요.,그녀는 젊은 시절의 불효를 크게 뉘우쳤습니다.,불효,,不孝,不孝,
6급,104,2024.02.24,80,hanjaeo_write,다음 밑줄 친 漢字語를 漢字로 쓰세요.,어머니는 매월 10만 원씩 용돈을 주십니다.,매월,,每月,每月,
6급,104,2024.02.24,81,hanjaeo_write,다음 밑줄 친 漢字語를 漢字로 쓰세요.,우리 학교 교가는 교장 선생님께서 만드셨습니다.,교가,,校歌,校歌,
6급,104,2024.02.24,82,hanjaeo_write,다음 밑줄 친 漢字語를 漢字로 쓰세요.,그는 평범한 농부의 셋째 아들로 태어났습니다.,농부,,農夫,農夫,
6급,104,2024.02.24,83,hanjaeo_write,다음 밑줄 친 漢字語를 漢字로 쓰세요.,이 땅에는 선조들이 남긴 귀중한 유산들이 많습니다.,선조,,先祖,先祖,
6급,104,2024.02.24,84,hanjaeo_write,다음 밑줄 친 漢字語를 漢字로 쓰세요.,심사숙고한 연후에 질문에 답하도록 하세요.,연후,,然後,然後,
6급,104,2024.02.24,85,hanjaeo_write,다음 밑줄 친 漢字語를 漢字로 쓰세요.,여기는 미성년자의 출입이 금지된 구역입니다.,출입,,出入,出入,
6급,104,2024.02.24,86,hanjaeo_write,다음 밑줄 친 漢字語를 漢字로 쓰세요.,저는 해군이 되어 제 고향 바다를 지키고 싶습니다.,해군,,海軍,海軍,
6급,104,2024.02.24,87,hanjaeo_write,다음 밑줄 친 漢字語를 漢字로 쓰세요.,그는 키가 커서 행사 때마다 기수로 선발되었습니다.,기수,,旗手,旗手,
6급,104,2024.02.24,88,stroke,다음 漢字의 짙게 표시한 획은 몇 번째 쓰는 획인지 <보기>에서 찾아 그 번호를 쓰세요.,,,"[""① 첫 번째"", ""② 두 번째"", ""③ 세 번째"", ""④ 네 번째"", ""⑤ 다섯 번째"", ""⑥ 여섯 번째"", ""⑦ 일곱 번째"", ""⑧ 여덟 번째"", ""⑨ 아홉 번째""]",⑤,다섯 번째,exam-strokes/stroke_6_104_88.png
6급,104,2024.02.24,89,stroke,다음 漢字의 짙게 표시한 획은 몇 번째 쓰는 획인지 <보기>에서 찾아 그 번호를 쓰세요.,,,"[""① 첫 번째"", ""② 두 번째"", ""③ 세 번째"", ""④ 네 번째"", ""⑤ 다섯 번째"", ""⑥ 여섯 번째"", ""⑦ 일곱 번째"", ""⑧ 여덟 번째"", ""⑨ 아홉 번째""]",⑥,여섯 번째,exam-strokes/stroke_6_104_89.png
6급,104,2024.02.24,90,stroke,다음 漢字의 짙게 표시한 획은 몇 번째 쓰는 획인지 <보기>에서 찾아 그 번호를 쓰세요.,,,"[""① 첫 번째"", ""② 두 번째"", ""③ 세 번째"", ""④ 네 번째"", ""⑤ 다섯 번째"", ""⑥ 여섯 번째"", ""⑦ 일곱 번째"", ""⑧ 여덟 번째"", ""⑨ 아홉 번째""]",⑧,여덟 번째,exam-strokes/stroke_6_104_90.png
6급,105,2024.05.25,1,dokum,다음 밑줄 친 漢字語의 讀音을 쓰세요.,,算定,,산정,산정,
6급,105,2024.05.25,2,dokum,다음 밑줄 친 漢字語의 讀音을 쓰세요.,,古物,,고물,고물,
6급,105,2024.05.25,3,dokum,다음 밑줄 친 漢字語의 讀音을 쓰세요.,,東窓,,동창,동창,
6급,105,2024.05.25,4,dokum,다음 밑줄 친 漢字語의 讀音을 쓰세요.,,口頭,,구두,구두,
6급,105,2024.05.25,5,dokum,다음 밑줄 친 漢字語의 讀音을 쓰세요.,,感服,,감복,감복,
6급,105,2024.05.25,6,dokum,다음 밑줄 친 漢字語의 讀音을 쓰세요.,,百果,,백과,백과,
6급,105,2024.05.25,7,dokum,다음 밑줄 친 漢字語의 讀音을 쓰세요.,,意向,,의향,의향,
6급,105,2024.05.25,8,dokum,다음 밑줄 친 漢字語의 讀音을 쓰세요.,,集計,,집계,집계,
6급,105,2024.05.25,9,dokum,다음 밑줄 친 漢字語의 讀音을 쓰세요.,,活用,,활용,활용,
6급,105,2024.05.25,10,dokum,다음 밑줄 친 漢字語의 讀音을 쓰세요.,,發足,,발족,발족,
6급,105,2024.05.25,11,dokum,다음 밑줄 친 漢字語의 讀音을 쓰세요.,,形式,,구별,구별,
6급,105,2024.05.25,12,dokum,다음 밑줄 친 漢字語의 讀音을 쓰세요.,,直行,,직행,직행,
6급,105,2024.05.25,13,dokum,다음 밑줄 친 漢字語의 讀音을 쓰세요.,,後孫,,후손,후손,
6급,105,2024.05.25,14,dokum,다음 밑줄 친 漢字語의 讀音을 쓰세요.,,不幸,,불행,불행,
6급,105,2024.05.25,15,dokum,다음 밑줄 친 漢字語의 讀音을 쓰세요.,,角度,,각도,각도,
6급,105,2024.05.25,16,dokum,다음 밑줄 친 漢字語의 讀音을 쓰세요.,,水銀,,수은,수은,
6급,105,2024.05.25,17,dokum,다음 밑줄 친 漢字語의 讀音을 쓰세요.,,口頭,,예외,예외,
6급,105,2024.05.25,18,dokum,다음 밑줄 친 漢字語의 讀音을 쓰세요.,,感服,,수술,수술,
6급,105,2024.05.25,19,dokum,다음 밑줄 친 漢字語의 讀音을 쓰세요.,,百果,,특색,특색,
6급,105,2024.05.25,20,dokum,다음 밑줄 친 漢字語의 讀音을 쓰세요.,,勇氣,,용기,용기,
6급,105,2024.05.25,21,dokum,다음 밑줄 친 漢字語의 讀音을 쓰세요.,,集計,,도표,도표,
6급,105,2024.05.25,22,dokum,다음 밑줄 친 漢字語의 讀音을 쓰세요.,,活用,,신호,신호,
6급,105,2024.05.25,23,dokum,다음 밑줄 친 漢字語의 讀音을 쓰세요.,,形式,,형식,형식,
6급,105,2024.05.25,24,dokum,다음 밑줄 친 漢字語의 讀音을 쓰세요.,,韓藥,,한약,한약,
6급,105,2024.05.25,25,dokum,다음 밑줄 친 漢字語의 讀音을 쓰세요.,,開業,,개업,개업,
6급,105,2024.05.25,26,dokum,다음 밑줄 친 漢字語의 讀音을 쓰세요.,,學習,,학습,학습,
6급,105,2024.05.25,27,dokum,다음 밑줄 친 漢字語의 讀音을 쓰세요.,,由來,,유래,유래,
6급,105,2024.05.25,28,dokum,다음 밑줄 친 漢字語의 讀音을 쓰세요.,,對等,,대등,대등,
6급,105,2024.05.25,29,dokum,다음 밑줄 친 漢字語의 讀音을 쓰세요.,,北風,,북풍,북풍,
6급,105,2024.05.25,30,dokum,다음 밑줄 친 漢字語의 讀音을 쓰세요.,,在野,,재야,재야,
6급,105,2024.05.25,31,dokum,다음 밑줄 친 漢字語의 讀音을 쓰세요.,,速戰,,속전,속전,
6급,105,2024.05.25,32,dokum,다음 밑줄 친 漢字語의 讀音을 쓰세요.,,交代,,교대,교대,
6급,105,2024.05.25,33,dokum,다음 밑줄 친 漢字語의 讀音을 쓰세요.,,永遠,,영원,영원,
6급,105,2024.05.25,34,hunum,다음 漢字의 訓과 音을 쓰세요.,,洋,,큰바다 양,큰바다 양,
6급,105,2024.05.25,35,hunum,다음 漢字의 訓과 音을 쓰세요.,,溫,,따뜻할 온,따뜻할 온,
6급,105,2024.05.25,36,hunum,다음 漢字의 訓과 音을 쓰세요.,,米,,쌀 미,쌀 미,
6급,105,2024.05.25,37,hunum,다음 漢字의 訓과 音을 쓰세요.,,族,,겨레 족,겨레 족,
6급,105,2024.05.25,38,hunum,다음 漢字의 訓과 音을 쓰세요.,,美,,아름다울 미,아름다울 미,
6급,105,2024.05.25,39,hunum,다음 漢字의 訓과 音을 쓰세요.,,京,,서울 경,서울 경,
6급,105,2024.05.25,40,hunum,다음 漢字의 訓과 音을 쓰세요.,,太,,클 태,클 태,
6급,105,2024.05.25,41,hunum,다음 漢字의 訓과 音을 쓰세요.,,強,,강할 강,강할 강,
6급,105,2024.05.25,42,hunum,다음 漢字의 訓과 音을 쓰세요.,,多,,많을 다,많을 다,
6급,105,2024.05.25,43,hunum,다음 漢字의 訓과 音을 쓰세요.,,根,,뿌리 근,뿌리 근,
6급,105,2024.05.25,44,hunum,다음 漢字의 訓과 音을 쓰세요.,,油,,기름 유,기름 유,
6급,105,2024.05.25,45,hunum,다음 漢字의 訓과 音을 쓰세요.,,路,,길 로,길 로,
6급,105,2024.05.25,46,hunum,다음 漢字의 訓과 音을 쓰세요.,,病,,병 병,병 병,
6급,105,2024.05.25,47,hunum,다음 漢字의 訓과 音을 쓰세요.,,席,,자리 석,자리 석,
6급,105,2024.05.25,48,hunum,다음 漢字의 訓과 音을 쓰세요.,,言,,말씀 언,말씀 언,
6급,105,2024.05.25,49,hunum,다음 漢字의 訓과 音을 쓰세요.,,夜,,밤 야,밤 야,
6급,105,2024.05.25,50,hunum,다음 漢字의 訓과 音을 쓰세요.,,黃,,누를 황,누를 황,
6급,105,2024.05.25,51,hunum,다음 漢字의 訓과 音을 쓰세요.,,陽,,볕 양,볕 양,
6급,105,2024.05.25,52,hunum,다음 漢字의 訓과 音을 쓰세요.,,綠,,푸를 록,푸를 록,
6급,105,2024.05.25,53,hunum,다음 漢字의 訓과 音을 쓰세요.,,園,,동산 원,동산 원,
6급,105,2024.05.25,54,hunum,다음 漢字의 訓과 音을 쓰세요.,,章,,글 장,글 장,
6급,105,2024.05.25,55,hunum,다음 漢字의 訓과 音을 쓰세요.,,待,,기다릴 대,기다릴 대,
6급,105,2024.05.25,56,banui_select,다음 漢字와 뜻이 반대(또는 상대)되는 것을 골라 그 번호를 쓰세요.,,分,"[""① 李"", ""② 英"", ""③ 合"", ""④ 書""]",③,合,
6급,105,2024.05.25,57,banui_select,다음 漢字와 뜻이 반대(또는 상대)되는 것을 골라 그 번호를 쓰세요.,,苦,"[""① 題"", ""② 樂"", ""③ 庭"", ""④ 放""]",②,樂,
6급,105,2024.05.25,58,banui_select,다음 漢字와 뜻이 반대(또는 상대)되는 것을 골라 그 번호를 쓰세요.,,昨,"[""① 體"", ""② 飮"", ""③ 神"", ""④ 今""]",④,今,
6급,105,2024.05.25,59,yui,다음 漢字와 뜻이 같거나 비슷한 것을 골라 그 번호를 쓰세요.,,樹,"[""① 林"", ""② 愛"", ""③ 近"", ""④ 衣""]",①,林,
6급,105,2024.05.25,60,yui,다음 漢字와 뜻이 같거나 비슷한 것을 골라 그 번호를 쓰세요.,,郡,"[""① 童"", ""② 邑"", ""③ 才"", ""④ 成""]",②,邑,
6급,105,2024.05.25,61,dongeum,다음 漢字와 소리(音)는 같으나 뜻(訓)이 다른 것을 골라 그 번호를 쓰세요.,,始,"[""① 時"", ""② 晝"", ""③ 醫"", ""④ 番""]",①,時,
6급,105,2024.05.25,62,dongeum,다음 漢字와 소리(音)는 같으나 뜻(訓)이 다른 것을 골라 그 번호를 쓰세요.,,話,"[""① 明"", ""② 急"", ""③ 現"", ""④ 畫""]",④,畫,
6급,105,2024.05.25,63,seong-eo,다음 사자성어의 ( ) 안에 알맞은 漢字를 <보기>에서 찾아 그 번호를 쓰세요.,九()一生 : 아홉 번 죽을 뻔하다 한 번 살아남.,九()一生,"[""① 時"", ""② 晝"", ""③ 醫"", ""④ 番"", ""⑤ 目"", ""⑥ 火"", ""⑦ 朴"", ""⑧ 有""]",④,死,
6급,105,2024.05.25,64,seong-eo,다음 사자성어의 ( ) 안에 알맞은 漢字를 <보기>에서 찾아 그 번호를 쓰세요.,父子()親 : 아버지와 아들 사이에는 두터운 정이 있어야 함.,父子()親,"[""① 時"", ""② 晝"", ""③ 醫"", ""④ 番"", ""⑤ 目"", ""⑥ 火"", ""⑦ 朴"", ""⑧ 有""]",⑧,有,
6급,105,2024.05.25,65,seong-eo,다음 사자성어의 ( ) 안에 알맞은 漢字를 <보기>에서 찾아 그 번호를 쓰세요.,電光石() : 번갯불과 부싯돌의 불.,電光石(),"[""① 時"", ""② 晝"", ""③ 醫"", ""④ 番"", ""⑤ 目"", ""⑥ 火"", ""⑦ 朴"", ""⑧ 有""]",⑥,火,
6급,105,2024.05.25,66,mean_select,다음 뜻에 맞는 漢字語를 <보기>에서 찾아 그 번호를 쓰세요.,사라져 없어짐,사라져 없어짐,"[""① 名勝"", ""② 本線"", ""③ 先通"", ""④ 消失"", ""⑤ 使者"", ""⑥ 朝夕""]",④,消失,
6급,105,2024.05.25,67,mean_select,다음 뜻에 맞는 漢字語를 <보기>에서 찾아 그 번호를 쓰세요.,미리 알림,미리 알림,"[""① 名勝"", ""② 本線"", ""③ 先通"", ""④ 消失"", ""⑤ 使者"", ""⑥ 朝夕""]",③,先通,
6급,105,2024.05.25,68,hanjaeo_write,다음 밑줄 친 漢字語를 漢字로 쓰세요.,각 학교 대표들은 교기를 들고 대회장에 입장하였습니다.,교기,,校旗,校旗,
6급,105,2024.05.25,69,hanjaeo_write,다음 밑줄 친 漢字語를 漢字로 쓰세요.,출전한 경주마들이 전력 질주를 합니다.,전력,,全力,全力,
6급,105,2024.05.25,70,hanjaeo_write,다음 밑줄 친 漢字語를 漢字로 쓰세요.,그녀가 쏜 화살이 과녁에 정확하게 명중했습니다.,명중,,命中,命中,
6급,105,2024.05.25,71,hanjaeo_write,다음 밑줄 친 漢字語를 漢字로 쓰세요.,길 건너 정면으로 보이는 건물이 바로 시청입니다.,정면,,正面,正面,
6급,105,2024.05.25,72,hanjaeo_write,다음 밑줄 친 漢字語를 漢字로 쓰세요.,나는 천지를 진동하는 천둥소리에 놀라 잠에서 깼습니다.,천지,,天地,天地,
6급,105,2024.05.25,73,hanjaeo_write,다음 밑줄 친 漢字語를 漢字로 쓰세요.,문화 유적에는 우리 조상들의 정신과 지혜가 담겨 있습니다.,조상,,祖上,祖上,
6급,105,2024.05.25,74,hanjaeo_write,다음 밑줄 친 漢字語를 漢字로 쓰세요.,붙박이장은 공간이 좁은 주택에 안성맞춤입니다.,공간,,空間,空間,
6급,105,2024.05.25,75,hanjaeo_write,다음 밑줄 친 漢字語를 漢字로 쓰세요.,약속한 시각에 늦지 않도록 모임 장소에 나갔습니다.,장소,,場所,場所,
6급,105,2024.05.25,76,hanjaeo_write,다음 밑줄 친 漢字語를 漢字로 쓰세요.,영희는 화초를 가꿔서 친구들에게 나눠주곤 합니다.,화초,,花草,花草,
6급,105,2024.05.25,77,hanjaeo_write,다음 밑줄 친 漢字語를 漢字로 쓰세요.,올해 단풍은 평년보다 3일쯤 빨리 찾아올 것으로 보입니다.,평년,,平年,平年,
6급,105,2024.05.25,78,hanjaeo_write,다음 밑줄 친 漢字語를 漢字로 쓰세요.,우리 모임은 다수의 의견만큼 소수의 의견도 존중합니다.,소수,,少數,少數,
6급,105,2024.05.25,79,hanjaeo_write,다음 밑줄 친 漢字語를 漢字로 쓰세요.,아버지와 나는 휴일마다 함께 등산을 합니다.,등산,,登山,登山,
6급,105,2024.05.25,80,hanjaeo_write,다음 밑줄 친 漢字語를 漢字로 쓰세요.,"우리나라의 국군은 육군, 공군, 해군으로 구성되어 있습니다.",해군,,海軍,海軍,
6급,105,2024.05.25,81,hanjaeo_write,다음 밑줄 친 漢字語를 漢字로 쓰세요.,우리는이 사건에 대하여 어떠한 사전 정보도 입수하지 못했습니다.,사전,,事前,事前,
6급,105,2024.05.25,82,hanjaeo_write,다음 밑줄 친 漢字語를 漢字로 쓰세요.,이 상가에 입주해 있는 점포는 수십 개에 달합니다.,입주,,入住,入住,
6급,105,2024.05.25,83,hanjaeo_write,다음 밑줄 친 漢字語를 漢字로 쓰세요.,이번 모임에 영희도 온다는 소식을 듣고 내심 기뻤습니다.,내심,,內心,內心,
6급,105,2024.05.25,84,hanjaeo_write,다음 밑줄 친 漢字語를 漢字로 쓰세요.,재채기나 트림은 인간의 자연스러운 생리 현상입니다.,자연,,自然,自然,
6급,105,2024.05.25,85,hanjaeo_write,다음 밑줄 친 漢字語를 漢字로 쓰세요.,정자나무 아래에서 두 노인이 장기를 두고 계셨습니다.,노인,,老人,老人,
6급,105,2024.05.25,86,hanjaeo_write,다음 밑줄 친 漢字語를 漢字로 쓰세요.,지금 농촌에서는 모종 옮겨심기가 한창입니다.,농촌,,農村,農村,
6급,105,2024.05.25,87,hanjaeo_write,다음 밑줄 친 漢字語를 漢字로 쓰세요.,화재 신고를 받은 소방대원들이 신속히 현장으로 출동했습니다.,출동,,出動,出動,
6급,105,2024.05.25,88,stroke,다음 漢字의 짙게 표시한 획은 몇 번째 쓰는 획인지 <보기>에서 찾아 그 번호를 쓰세요.,,,"[""① 첫 번째"", ""② 두 번째"", ""③ 세 번째"", ""④ 네 번째"", ""⑤ 다섯 번째"", ""⑥ 여섯 번째"", ""⑦ 일곱 번째"", ""⑧ 여덟 번째"", ""⑨ 아홉 번째"", ""⑩ 열 번째""]",⑨,아홉 번째,exam-strokes/stroke_6_105_88.png
6급,105,2024.05.25,89,stroke,다음 漢字의 짙게 표시한 획은 몇 번째 쓰는 획인지 <보기>에서 찾아 그 번호를 쓰세요.,,,"[""① 첫 번째"", ""② 두 번째"", ""③ 세 번째"", ""④ 네 번째"", ""⑤ 다섯 번째"", ""⑥ 여섯 번째"", ""⑦ 일곱 번째"", ""⑧ 여덟 번째"", ""⑨ 아홉 번째"", ""⑩ 열 번째""]",⑥,여섯 번째,exam-strokes/stroke_6_105_89.png
6급,105,2024.05.25,90,stroke,다음 漢字의 짙게 표시한 획은 몇 번째 쓰는 획인지 <보기>에서 찾아 그 번호를 쓰세요.,,,"[""① 첫 번째"", ""② 두 번째"", ""③ 세 번째"", ""④ 네 번째"", ""⑤ 다섯 번째"", ""⑥ 여섯 번째"", ""⑦ 일곱 번째"", ""⑧ 여덟 번째"", ""⑨ 아홉 번째"", ""⑩ 열 번째""]",⑦,일곱 번째,exam-strokes/stroke_6_105_90.png
6급,106,2024.08.24,1,dokum,다음 밑줄 친 漢字語의 讀音을 쓰세요.,,頭角,,두각,두각,
6급,106,2024.08.24,2,dokum,다음 밑줄 친 漢字語의 讀音을 쓰세요.,,成果,,낙승,낙승,
6급,106,2024.08.24,3,dokum,다음 밑줄 친 漢字語의 讀音을 쓰세요.,,各級,,각급,각급,
6급,106,2024.08.24,4,dokum,다음 밑줄 친 漢字語의 讀音을 쓰세요.,,感電,,감전,감전,
6급,106,2024.08.24,5,dokum,다음 밑줄 친 漢字語의 讀音을 쓰세요.,,開放,,개방,개방,
6급,106,2024.08.24,6,dokum,다음 밑줄 친 漢字語의 讀音을 쓰세요.,,死別,,사별,사별,
6급,106,2024.08.24,7,dokum,다음 밑줄 친 漢字語의 讀音을 쓰세요.,,庭園,,정원,정원,
6급,106,2024.08.24,8,dokum,다음 밑줄 친 漢字語의 讀音을 쓰세요.,,風物,,풍물,풍물,
6급,106,2024.08.24,9,dokum,다음 밑줄 친 漢字語의 讀音을 쓰세요.,,圖章,,도장,도장,
6급,106,2024.08.24,10,dokum,다음 밑줄 친 漢字語의 讀音을 쓰세요.,,草綠,,초록,초록,
6급,106,2024.08.24,11,dokum,다음 밑줄 친 漢字語의 讀音을 쓰세요.,,黃土,,황토,황토,
6급,106,2024.08.24,12,dokum,다음 밑줄 친 漢字語의 讀音을 쓰세요.,,集合,,집합,집합,
6급,106,2024.08.24,13,dokum,다음 밑줄 친 漢字語의 讀音을 쓰세요.,,目禮,,목례,목례,
6급,106,2024.08.24,14,dokum,다음 밑줄 친 漢字語의 讀音을 쓰세요.,,用例,,용례,용례,
6급,106,2024.08.24,15,dokum,다음 밑줄 친 漢字語의 讀音을 쓰세요.,,成果,,성과,성과,
6급,106,2024.08.24,16,dokum,다음 밑줄 친 漢字語의 讀音을 쓰세요.,,溫度,,온도,온도,
6급,106,2024.08.24,17,dokum,다음 밑줄 친 漢字語의 讀音을 쓰세요.,,世界,,세계,세계,
6급,106,2024.08.24,18,dokum,다음 밑줄 친 漢字語의 讀音을 쓰세요.,,病者,,병자,병자,
6급,106,2024.08.24,19,dokum,다음 밑줄 친 漢字語의 讀音을 쓰세요.,,失神,,실신,실신,
6급,106,2024.08.24,20,dokum,다음 밑줄 친 漢字語의 讀音을 쓰세요.,,苦戰,,고전,고전,
6급,106,2024.08.24,21,dokum,다음 밑줄 친 漢字語의 讀音을 쓰세요.,,太陽,,태양,태양,
6급,106,2024.08.24,22,dokum,다음 밑줄 친 漢字語의 讀音을 쓰세요.,,通路,,통로,통로,
6급,106,2024.08.24,23,dokum,다음 밑줄 친 漢字語의 讀音을 쓰세요.,,有利,,유리,유리,
6급,106,2024.08.24,24,dokum,다음 밑줄 친 漢字語의 讀音을 쓰세요.,,新聞,,신문,신문,
6급,106,2024.08.24,25,dokum,다음 밑줄 친 漢字語의 讀音을 쓰세요.,,番號,,번호,번호,
6급,106,2024.08.24,26,dokum,다음 밑줄 친 漢字語의 讀音을 쓰세요.,,書體,,서체,서체,
6급,106,2024.08.24,27,dokum,다음 밑줄 친 漢字語의 讀音을 쓰세요.,,石油,,석유,석유,
6급,106,2024.08.24,28,dokum,다음 밑줄 친 漢字語의 讀音을 쓰세요.,,直線,,직선,직선,
6급,106,2024.08.24,29,dokum,다음 밑줄 친 漢字語의 讀音을 쓰세요.,,孝女,,효녀,효녀,
6급,106,2024.08.24,30,dokum,다음 밑줄 친 漢字語의 讀音을 쓰세요.,,英特,,영특,영특,
6급,106,2024.08.24,31,dokum,다음 밑줄 친 漢字語의 讀音을 쓰세요.,,理由,,이유,이유,
6급,106,2024.08.24,32,dokum,다음 밑줄 친 漢字語의 讀音을 쓰세요.,,注文,,주문,주문,
6급,106,2024.08.24,33,dokum,다음 밑줄 친 漢字語의 讀音을 쓰세요.,,窓門,,창문,창문,
6급,106,2024.08.24,34,hunum,다음 漢字의 訓과 音을 쓰세요.,,班,,나눌 반,나눌 반,
6급,106,2024.08.24,35,hunum,다음 漢字의 訓과 音을 쓰세요.,,席,,자리 석,자리 석,
6급,106,2024.08.24,36,hunum,다음 漢字의 訓과 音을 쓰세요.,,淸,,맑을 청,맑을 청,
6급,106,2024.08.24,37,hunum,다음 漢字의 訓과 音을 쓰세요.,,短,,짧을 단,짧을 단,
6급,106,2024.08.24,38,hunum,다음 漢字의 訓과 音을 쓰세요.,,形,,모양 형,모양 형,
6급,106,2024.08.24,39,hunum,다음 漢字의 訓과 音을 쓰세요.,,愛,,사랑 애,사랑 애,
6급,106,2024.08.24,40,hunum,다음 漢字의 訓과 音을 쓰세요.,,交,,사귈 교,사귈 교,
6급,106,2024.08.24,41,hunum,다음 漢字의 訓과 音을 쓰세요.,,術,,재주 술,재주 술,
6급,106,2024.08.24,42,hunum,다음 漢字의 訓과 音을 쓰세요.,,計,,셀 계,셀 계,
6급,106,2024.08.24,43,hunum,다음 漢字의 訓과 音을 쓰세요.,,向,,향할 향,향할 향,
6급,106,2024.08.24,44,hunum,다음 漢字의 訓과 音을 쓰세요.,,科,,과목 과,과목 과,
6급,106,2024.08.24,45,hunum,다음 漢字의 訓과 音을 쓰세요.,,表,,겉 표,겉 표,
6급,106,2024.08.24,46,hunum,다음 漢字의 訓과 音을 쓰세요.,,始,,비로소 시,비로소 시,
6급,106,2024.08.24,47,hunum,다음 漢字의 訓과 音을 쓰세요.,,待,,기다릴 대,기다릴 대,
6급,106,2024.08.24,48,hunum,다음 漢字의 訓과 音을 쓰세요.,,運,,옮길 운,옮길 운,
6급,106,2024.08.24,49,hunum,다음 漢字의 訓과 音을 쓰세요.,,第,,차례 제,차례 제,
6급,106,2024.08.24,50,hunum,다음 漢字의 訓과 音을 쓰세요.,,洋,,큰바다 양,큰바다 양,
6급,106,2024.08.24,51,hunum,다음 漢字의 訓과 音을 쓰세요.,,郡,,고을 군,고을 군,
6급,106,2024.08.24,52,hunum,다음 漢字의 訓과 音을 쓰세요.,,習,,익힐 습,익힐 습,
6급,106,2024.08.24,53,hunum,다음 漢字의 訓과 音을 쓰세요.,,根,,뿌리 근,뿌리 근,
6급,106,2024.08.24,54,hunum,다음 漢字의 訓과 音을 쓰세요.,,雪,,눈 설,눈 설,
6급,106,2024.08.24,55,hunum,다음 漢字의 訓과 音을 쓰세요.,,本,,근본 본,근본 본,
6급,106,2024.08.24,56,banui_select,다음 漢字와 뜻이 반대(또는 상대)되는 것을 골라 그 번호를 쓰세요.,,近,"[""① 區"", ""② 遠"", ""③ 左"", ""④ 前""]",②,遠,
6급,106,2024.08.24,57,banui_select,다음 漢字와 뜻이 반대(또는 상대)되는 것을 골라 그 번호를 쓰세요.,,孫,"[""① 米"", ""② 球"", ""③ 重"", ""④ 祖""]",④,祖,
6급,106,2024.08.24,58,banui_select,다음 漢字와 뜻이 반대(또는 상대)되는 것을 골라 그 번호를 쓰세요.,,晝,"[""① 夜"", ""② 弱"", ""③ 軍"", ""④ 弟""]",①,夜,
6급,106,2024.08.24,59,yui,다음 漢字와 뜻이 같거나 비슷한 것을 골라 그 번호를 쓰세요.,,服,"[""① 昨"", ""② 地"", ""③ 消"", ""④ 衣""]",④,衣,
6급,106,2024.08.24,60,yui,다음 漢字와 뜻이 같거나 비슷한 것을 골라 그 번호를 쓰세요.,,急,"[""① 速"", ""② 等"", ""③ 邑"", ""④ 反""]",①,速,
6급,106,2024.08.24,61,dongeum,다음 漢字와 소리(音)는 같으나 뜻(訓)이 다른 것을 골라 그 번호를 쓰세요.,,高,"[""① 式"", ""② 古"", ""③ 親"", ""④ 外""]",②,古,
6급,106,2024.08.24,62,dongeum,다음 漢字와 소리(音)는 같으나 뜻(訓)이 다른 것을 골라 그 번호를 쓰세요.,,族,"[""① 業"", ""② 部"", ""③ 朝"", ""④ 足""]",④,足,
6급,106,2024.08.24,63,seong-eo,다음 사자성어의 ( ) 안에 알맞은 漢字를 <보기>에서 찾아 그 번호를 쓰세요.,"()心三日 : 단단히 먹은 마음이 사흘을 가지못한다는 뜻으로, 결심이 굳지 못함을 이르는 말.",()心三日,"[""① 式"", ""② 古"", ""③ 親"", ""④ 外"", ""⑤ 發"", ""⑥ 對"", ""⑦ 幸"", ""⑧ 省""]",④,外,
6급,106,2024.08.24,64,seong-eo,다음 사자성어의 ( ) 안에 알맞은 漢字를 <보기>에서 찾아 그 번호를 쓰세요.,千萬多() : 아주 다행함. 기엔 아직 멀었습니다.,千萬多(),"[""① 式"", ""② 古"", ""③ 親"", ""④ 外"", ""⑤ 發"", ""⑥ 對"", ""⑦ 幸"", ""⑧ 省""]",⑦,幸,
6급,106,2024.08.24,65,seong-eo,다음 사자성어의 ( ) 안에 알맞은 漢字를 <보기>에서 찾아 그 번호를 쓰세요.,人()在天 : 사람의 목숨은 하늘에 달려 있다는뜻.,人()在天,"[""① 式"", ""② 古"", ""③ 親"", ""④ 外"", ""⑤ 發"", ""⑥ 對"", ""⑦ 幸"", ""⑧ 省""]",②,古,
6급,106,2024.08.24,66,mean_select,다음 뜻에 맞는 漢字語를 <보기>에서 찾아 그 번호를 쓰세요.,아동이 그린 그림,아동이 그린 그림,"[""① 食數"", ""② 同和"", ""③ 童話"", ""④ 植樹"", ""⑤ 食水"", ""⑥ 童畫""]",⑥,童畫,
6급,106,2024.08.24,67,mean_select,다음 뜻에 맞는 漢字語를 <보기>에서 찾아 그 번호를 쓰세요.,나무를 심음.,나무를 심음.,"[""① 食數"", ""② 同和"", ""③ 童話"", ""④ 植樹"", ""⑤ 食水"", ""⑥ 童畫""]",④,植樹,
6급,106,2024.08.24,68,hanjaeo_write,다음 밑줄 친 漢字語를 漢字로 쓰세요.,그는 매사에 너무 성급하게 행동하는 경향이 있습니다.,매사,,每事,每事,
6급,106,2024.08.24,69,hanjaeo_write,다음 밑줄 친 漢字語를 漢字로 쓰세요.,이 공책은 폐휴지를 모아 만든 재활용품입니다.,휴지,,休紙,休紙,
6급,106,2024.08.24,70,hanjaeo_write,다음 밑줄 친 漢字語를 漢字로 쓰세요.,그녀의 노래 실력은 가수가 되기엔 아직 멀었습니다.,가수,,歌手,歌手,
6급,106,2024.08.24,71,hanjaeo_write,다음 밑줄 친 漢字語를 漢字로 쓰세요.,그곳은 하도 외져서 드나드는 차편도 드뭅니다.,차편,,車便,車便,
6급,106,2024.08.24,72,hanjaeo_write,다음 밑줄 친 漢字語를 漢字로 쓰세요.,나는 추석 연휴 때 극장에가서 영화를 보았습니다.,추석,,秋夕,秋夕,
6급,106,2024.08.24,73,hanjaeo_write,다음 밑줄 친 漢字語를 漢字로 쓰세요.,평균 수명이 늘어 노년층의 인구가 증가하였습니다.,노년,,老年,老年,
6급,106,2024.08.24,74,hanjaeo_write,다음 밑줄 친 漢字語를 漢字로 쓰세요.,학생들은 모두 2번이 정답이라고 생각했습니다.,정답,,正答,正答,
6급,106,2024.08.24,75,hanjaeo_write,다음 밑줄 친 漢字語를 漢字로 쓰세요.,국경일이어서 건물마다 국기가 게양되어 있습니다.,국기,,國旗,國旗,
6급,106,2024.08.24,76,hanjaeo_write,다음 밑줄 친 漢字語를 漢字로 쓰세요.,그는 역도의 인상 종목에서 세계 신기록을 세웠습니다.,역도,,力道,力道,
6급,106,2024.08.24,77,hanjaeo_write,다음 밑줄 친 漢字語를 漢字로 쓰세요.,제주도는 천혜의 절경을 자랑하고 있는 관광의 명소입니다.,명소,,名所,名所,
6급,106,2024.08.24,78,hanjaeo_write,다음 밑줄 친 漢字語를 漢字로 쓰세요.,우리 농장에서는 농약을 쓰지 않습니다.,농장,,農場,農場,
6급,106,2024.08.24,79,hanjaeo_write,다음 밑줄 친 漢字語를 漢字로 쓰세요.,그는 여러 방면에 다재다능한 사람입니다.,방면,,方面,方面,
6급,106,2024.08.24,80,hanjaeo_write,다음 밑줄 친 漢字語를 漢字로 쓰세요.,산림을 보호하기 위하여 등산객들의 입산을 제한합니다.,산림,,山林,山林,
6급,106,2024.08.24,81,hanjaeo_write,다음 밑줄 친 漢字語를 漢字로 쓰세요.,오늘은 개교기념행사로 책가방 없이 등교합니다.,등교,,登校,登校,
6급,106,2024.08.24,82,hanjaeo_write,다음 밑줄 친 漢字語를 漢字로 쓰세요.,이 문은 사람이 가까이 다가서면 자동으로 열립니다.,자동,,自動,自動,
6급,106,2024.08.24,83,hanjaeo_write,다음 밑줄 친 漢字語를 漢字로 쓰세요.,오늘 마을 회의는 이장 집에서 열렸습니다.,이장,,里長,里長,
6급,106,2024.08.24,84,hanjaeo_write,다음 밑줄 친 漢字語를 漢字로 쓰세요.,두 아이는 사이좋게 셈 공부를 하고 있습니다.,공부,,工夫,工夫,
6급,106,2024.08.24,85,hanjaeo_write,다음 밑줄 친 漢字語를 漢字로 쓰세요.,자책점은 방어율을 산출하는 기초가 됩니다.,산출,,算出,算出,
6급,106,2024.08.24,86,hanjaeo_write,다음 밑줄 친 漢字語를 漢字로 쓰세요.,한 시간 동안 기다렸지만 그를 만나지 못했습니다.,시간,,時間,時間,
6급,106,2024.08.24,87,hanjaeo_write,다음 밑줄 친 漢字語를 漢字로 쓰세요.,그는 고향을 떠나 멀리 타국에 안주하였습니다.,안주,,安住,安住,
6급,106,2024.08.24,88,stroke,다음 漢字의 짙게 표시한 획은 몇 번째 쓰는 획인지 <보기>에서 찾아 그 번호를 쓰세요.,,,"[""① 첫 번째"", ""② 두 번째"", ""③ 세 번째"", ""④ 네 번째"", ""⑤ 다섯 번째"", ""⑥ 여섯 번째"", ""⑦ 일곱 번째"", ""⑧ 여덟 번째"", ""⑨ 아홉 번째"", ""⑩ 열 번째""]",⑧,여덟 번째,exam-strokes/stroke_6_106_88.png
6급,106,2024.08.24,89,stroke,다음 漢字의 짙게 표시한 획은 몇 번째 쓰는 획인지 <보기>에서 찾아 그 번호를 쓰세요.,,,"[""① 첫 번째"", ""② 두 번째"", ""③ 세 번째"", ""④ 네 번째"", ""⑤ 다섯 번째"", ""⑥ 여섯 번째"", ""⑦ 일곱 번째"", ""⑧ 여덟 번째"", ""⑨ 아홉 번째"", ""⑩ 열 번째""]",⑧,여덟 번째,exam-strokes/stroke_6_106_89.png
6급,106,2024.08.24,90,stroke,다음 漢字의 짙게 표시한 획은 몇 번째 쓰는 획인지 <보기>에서 찾아 그 번호를 쓰세요.,,,"[""① 첫 번째"", ""② 두 번째"", ""③ 세 번째"", ""④ 네 번째"", ""⑤ 다섯 번째"", ""⑥ 여섯 번째"", ""⑦ 일곱 번째"", ""⑧ 여덟 번째"", ""⑨ 아홉 번째"", ""⑩ 열 번째""]",⑤,다섯 번째,exam-strokes/stroke_6_106_90.png
6급,107,2024.11.09,1,dokum,다음 밑줄 친 漢字語의 讀音을 쓰세요.,,出席,,출석,출석,
6급,107,2024.11.09,2,dokum,다음 밑줄 친 漢字語의 讀音을 쓰세요.,,後代,,후대,후대,
6급,107,2024.11.09,3,dokum,다음 밑줄 친 漢字語의 讀音을 쓰세요.,,開放,,개방,개방,
6급,107,2024.11.09,4,dokum,다음 밑줄 친 漢字語의 讀音을 쓰세요.,,內部,,내부,내부,
6급,107,2024.11.09,5,dokum,다음 밑줄 친 漢字語의 讀音을 쓰세요.,,勝者,,승자,승자,
6급,107,2024.11.09,6,dokum,다음 밑줄 친 漢字語의 讀音을 쓰세요.,,明度,,명도,명도,
6급,107,2024.11.09,7,dokum,다음 밑줄 친 漢字語의 讀音을 쓰세요.,,直線,,직선,직선,
6급,107,2024.11.09,8,dokum,다음 밑줄 친 漢字語의 讀音을 쓰세요.,,地利,,지리,지리,
6급,107,2024.11.09,9,dokum,다음 밑줄 친 漢字語의 讀音을 쓰세요.,,愛用,,애용,애용,
6급,107,2024.11.09,10,dokum,다음 밑줄 친 漢字語의 讀音을 쓰세요.,,靑果,,청과,청과,
6급,107,2024.11.09,11,dokum,다음 밑줄 친 漢字語의 讀音을 쓰세요.,,飮食,,음식,음식,
6급,107,2024.11.09,12,dokum,다음 밑줄 친 漢字語의 讀音을 쓰세요.,,對等,,대등,대등,
6급,107,2024.11.09,13,dokum,다음 밑줄 친 漢字語의 讀音을 쓰세요.,,平野,,평야,평야,
6급,107,2024.11.09,14,dokum,다음 밑줄 친 漢字語의 讀音을 쓰세요.,,交通,,교통,교통,
6급,107,2024.11.09,15,dokum,다음 밑줄 친 漢字語의 讀音을 쓰세요.,,車路,,차로,차로,
6급,107,2024.11.09,16,dokum,다음 밑줄 친 漢字語의 讀音을 쓰세요.,,苦樂,,고락,고락,
6급,107,2024.11.09,17,dokum,다음 밑줄 친 漢字語의 讀音을 쓰세요.,,理由,,이유,이유,
6급,107,2024.11.09,18,dokum,다음 밑줄 친 漢字語의 讀音을 쓰세요.,,信號,,신호,신호,
6급,107,2024.11.09,19,dokum,다음 밑줄 친 漢字語의 讀音을 쓰세요.,,醫科,,의과,의과,
6급,107,2024.11.09,20,dokum,다음 밑줄 친 漢字語의 讀音을 쓰세요.,,特使,,특사,특사,
6급,107,2024.11.09,21,dokum,다음 밑줄 친 漢字語의 讀音을 쓰세요.,,發行,,발행,발행,
6급,107,2024.11.09,22,dokum,다음 밑줄 친 漢字語의 讀音을 쓰세요.,,溫水,,온수,온수,
6급,107,2024.11.09,23,dokum,다음 밑줄 친 漢字語의 讀音을 쓰세요.,,合意,,합의,합의,
6급,107,2024.11.09,24,dokum,다음 밑줄 친 漢字語의 讀音을 쓰세요.,,綠色,,녹색,녹색,
6급,107,2024.11.09,25,dokum,다음 밑줄 친 漢字語의 讀音을 쓰세요.,,白衣,,백의,백의,
6급,107,2024.11.09,26,dokum,다음 밑줄 친 漢字語의 讀音을 쓰세요.,,淸算,,청산,청산,
6급,107,2024.11.09,27,dokum,다음 밑줄 친 漢字語의 讀音을 쓰세요.,,全集,,전집,전집,
6급,107,2024.11.09,28,dokum,다음 밑줄 친 漢字語의 讀音을 쓰세요.,,父親,,부친,부친,
6급,107,2024.11.09,29,dokum,다음 밑줄 친 漢字語의 讀音을 쓰세요.,,表現,,표현,표현,
6급,107,2024.11.09,30,dokum,다음 밑줄 친 漢字語의 讀音을 쓰세요.,,心術,,심술,심술,
6급,107,2024.11.09,31,dokum,다음 밑줄 친 漢字語의 讀音을 쓰세요.,,作別,,작별,작별,
6급,107,2024.11.09,32,dokum,다음 밑줄 친 漢字語의 讀音을 쓰세요.,,黃金,,황금,황금,
6급,107,2024.11.09,33,dokum,다음 밑줄 친 漢字語의 讀音을 쓰세요.,,成事,,성사,성사,
6급,107,2024.11.09,34,hunum,다음 漢字의 訓과 音을 쓰세요.,,英,,꽃부리 영,꽃부리 영,
6급,107,2024.11.09,35,hunum,다음 漢字의 訓과 音을 쓰세요.,,美,,아름다울 미,아름다울 미,
6급,107,2024.11.09,36,hunum,다음 漢字의 訓과 音을 쓰세요.,,級,,등급 급,등급 급,
6급,107,2024.11.09,37,hunum,다음 漢字의 訓과 音을 쓰세요.,,樹,,나무 수,나무 수,
6급,107,2024.11.09,38,hunum,다음 漢字의 訓과 音을 쓰세요.,,畫,,그림 획(劃),그림 획(劃),
6급,107,2024.11.09,39,hunum,다음 漢字의 訓과 音을 쓰세요.,,定,,정할 정,정할 정,
6급,107,2024.11.09,40,hunum,다음 漢字의 訓과 音을 쓰세요.,,永,,길 영,길 영,
6급,107,2024.11.09,41,hunum,다음 漢字의 訓과 音을 쓰세요.,,向,,향할 향,향할 향,
6급,107,2024.11.09,42,hunum,다음 漢字의 訓과 音을 쓰세요.,,米,,쌀 미,쌀 미,
6급,107,2024.11.09,43,hunum,다음 漢字의 訓과 音을 쓰세요.,,章,,글 장,글 장,
6급,107,2024.11.09,44,hunum,다음 漢字의 訓과 音을 쓰세요.,,急,,급할 급,급할 급,
6급,107,2024.11.09,45,hunum,다음 漢字의 訓과 音을 쓰세요.,,強,,강할 강,강할 강,
6급,107,2024.11.09,46,hunum,다음 漢字의 訓과 音을 쓰세요.,,球,,공 구,공 구,
6급,107,2024.11.09,47,hunum,다음 漢字의 訓과 音을 쓰세요.,,社,,모일 사,모일 사,
6급,107,2024.11.09,48,hunum,다음 漢字의 訓과 音을 쓰세요.,,速,,빠를 속,빠를 속,
6급,107,2024.11.09,49,hunum,다음 漢字의 訓과 音을 쓰세요.,,習,,익힐 습,익힐 습,
6급,107,2024.11.09,50,hunum,다음 漢字의 訓과 音을 쓰세요.,,計,,셀 계,셀 계,
6급,107,2024.11.09,51,hunum,다음 漢字의 訓과 音을 쓰세요.,,目,,눈 목,눈 목,
6급,107,2024.11.09,52,hunum,다음 漢字의 訓과 音을 쓰세요.,,聞,,들을 문,들을 문,
6급,107,2024.11.09,53,hunum,다음 漢字의 訓과 音을 쓰세요.,,始,,비로소 시,비로소 시,
6급,107,2024.11.09,54,hunum,다음 漢字의 訓과 音을 쓰세요.,,晝,,낮 주,낮 주,
6급,107,2024.11.09,55,hunum,다음 漢字의 訓과 音을 쓰세요.,,夜,,밤 야,밤 야,
6급,107,2024.11.09,56,banui_select,다음 漢字와 뜻이 반대(또는 상대)되는 것을 골라 그 번호를 쓰세요.,,多,"[""① 園"", ""② 少"", ""③ 銀"", ""④ 朴""]",②,少,
6급,107,2024.11.09,57,banui_select,다음 漢字와 뜻이 반대(또는 상대)되는 것을 골라 그 번호를 쓰세요.,,古,"[""① 今"", ""② 第"", ""③ 孫"", ""④ 各""]",①,今,
6급,107,2024.11.09,58,banui_select,다음 漢字와 뜻이 반대(또는 상대)되는 것을 골라 그 번호를 쓰세요.,,朝,"[""① 才"", ""② 角"", ""③ 夕"", ""④ 公""]",③,夕,
6급,107,2024.11.09,59,yui,다음 漢字와 뜻이 같거나 비슷한 것을 골라 그 번호를 쓰세요.,,根,"[""① 式"", ""② 番"", ""③ 本"", ""④ 病""]",③,本,
6급,107,2024.11.09,60,yui,다음 漢字와 뜻이 같거나 비슷한 것을 골라 그 번호를 쓰세요.,,郡,"[""① 省"", ""② 邑"", ""③ 陽"", ""④ 洋""]",②,邑,
6급,107,2024.11.09,61,dongeum,다음 漢字와 소리(音)는 같으나 뜻(訓)이 다른 것을 골라 그 번호를 쓰세요.,,例,"[""① 李"", ""② 區"", ""③ 禮"", ""④ 油""]",③,禮,
6급,107,2024.11.09,62,dongeum,다음 漢字와 소리(音)는 같으나 뜻(訓)이 다른 것을 골라 그 번호를 쓰세요.,,族,"[""① 足"", ""② 界"", ""③ 堂"", ""④ 近""]",①,足,
6급,107,2024.11.09,63,seong-eo,다음 사자성어의 ( ) 안에 알맞은 漢字를 <보기>에서 찾아 그 번호를 쓰세요.,電()石火 : 번갯불과 부싯돌의 불.,電()石火,"[""① 式"", ""② 番"", ""③ 本"", ""④ 病"", ""⑤ 失"", ""⑥ 京"", ""⑦ 光"", ""⑧ 太""]",⑦,光,
6급,107,2024.11.09,64,seong-eo,다음 사자성어의 ( ) 안에 알맞은 漢字를 <보기>에서 찾아 그 번호를 쓰세요.,同生()死 : 서로 같이 살고같이 죽음.,同生()死,"[""① 式"", ""② 番"", ""③ 本"", ""④ 病"", ""⑤ 失"", ""⑥ 京"", ""⑦ 光"", ""⑧ 太""]",③,本,
6급,107,2024.11.09,65,seong-eo,다음 사자성어의 ( ) 안에 알맞은 漢字를 <보기>에서 찾아 그 번호를 쓰세요.,人命在() : 사람의 목숨은 하늘에 달려 있음.,人命在(),"[""① 式"", ""② 番"", ""③ 本"", ""④ 病"", ""⑤ 失"", ""⑥ 京"", ""⑦ 光"", ""⑧ 太""]",②,番,
6급,107,2024.11.09,66,mean_select,다음 뜻에 맞는 漢字語를 <보기>에서 찾아 그 번호를 쓰세요.,이야기의 말머리,이야기의 말머리,"[""① 體感"", ""② 下待"", ""③ 冬服"", ""④ 中窓"", ""⑤ 話頭"", ""⑥ 海戰""]",⑤,話頭,
6급,107,2024.11.09,67,mean_select,다음 뜻에 맞는 漢字語를 <보기>에서 찾아 그 번호를 쓰세요.,몸으로 어떤 감각을 느낌,몸으로 어떤 감각을 느낌,"[""① 體感"", ""② 下待"", ""③ 冬服"", ""④ 中窓"", ""⑤ 話頭"", ""⑥ 海戰""]",①,體感,
6급,107,2024.11.09,68,hanjaeo_write,다음 밑줄 친 漢字語를 漢字로 쓰세요.,그 백화점의 개점 시간은 오전 10시입니다.,시간,,時間,時間,
6급,107,2024.11.09,69,hanjaeo_write,다음 밑줄 친 漢字語를 漢字로 쓰세요.,기관사는 전동차의 제어 장치를 수동으로 바꾸었습니다.,수동,,手動,手動,
6급,107,2024.11.09,70,hanjaeo_write,다음 밑줄 친 漢字語를 漢字로 쓰세요.,동생은 휴일마다 놀이동산을 가자고 아버지를 졸랐습니다.,휴일,,休日,休日,
6급,107,2024.11.09,71,hanjaeo_write,다음 밑줄 친 漢字語를 漢字로 쓰세요.,마을 앞 도로 공사는 내년 봄쯤 완공될 예정입니다.,내년,,來年,來年,
6급,107,2024.11.09,72,hanjaeo_write,다음 밑줄 친 漢字語를 漢字로 쓰세요.,뭐니 뭐니 해도 우리집이 제일 편안합니다.,편안,,便安,便安,
6급,107,2024.11.09,73,hanjaeo_write,다음 밑줄 친 漢字語를 漢字로 쓰세요.,설악산은 골이 깊고 경치가 빼어나기로 유명합니다.,유명,,有名,有名,
6급,107,2024.11.09,74,hanjaeo_write,다음 밑줄 친 漢字語를 漢字로 쓰세요.,오늘 수학 시간에는 삼각자와 컴퍼스가 필요합니다.,수학,,數學,數學,
6급,107,2024.11.09,75,hanjaeo_write,다음 밑줄 친 漢字語를 漢字로 쓰세요.,올림픽 개막식에서 참가국들이 알파벳순으로 입장하였습니다.,입장,,入場,入場,
6급,107,2024.11.09,76,hanjaeo_write,다음 밑줄 친 漢字語를 漢字로 쓰세요.,우리 마을 이장님은 마을에서 생긴 일들에 대해 모르는 게 없습니다.,이장,,里長,里長,
6급,107,2024.11.09,77,hanjaeo_write,다음 밑줄 친 漢字語를 漢字로 쓰세요.,우리나라를 상징하는 국기는 태극기입니다.,국기,,國旗,國旗,
6급,107,2024.11.09,78,hanjaeo_write,다음 밑줄 친 漢字語를 漢字로 쓰세요.,우리는 예로부터 예절 교육을 중요하게 여겨 왔습니다.,교육,,敎育,敎育,
6급,107,2024.11.09,79,hanjaeo_write,다음 밑줄 친 漢字語를 漢字로 쓰세요.,우리집 실내는 건조해서 화초에 물을 자주 줍니다.,화초,,花草,花草,
6급,107,2024.11.09,80,hanjaeo_write,다음 밑줄 친 漢字語를 漢字로 쓰세요.,이번 여름방학에 외가에 가서 외할머니를 뵈었습니다.,외가,,外家,外家,
6급,107,2024.11.09,81,hanjaeo_write,다음 밑줄 친 漢字語를 漢字로 쓰세요.,주소를 잘못 써서 영수에게 보낸 편지가 반송되었습니다.,주소,,住所,住所,
6급,107,2024.11.09,82,hanjaeo_write,다음 밑줄 친 漢字語를 漢字로 쓰세요.,창수는 머리도 식힐 겸 맑은 공기를 마시러 뒷산에 올랐습니다.,공기,,空氣,空氣,
6급,107,2024.11.09,83,hanjaeo_write,다음 밑줄 친 漢字語를 漢字로 쓰세요.,철수가 교실 복도를 뛰어가다 영희와 정면으로 부딪쳤습니다.,정면,,正面,正面,
6급,107,2024.11.09,84,hanjaeo_write,다음 밑줄 친 漢字語를 漢字로 쓰세요.,토요일 오전부터 비가 내리기 시작했습니다.,오전,,午前,午前,
6급,107,2024.11.09,85,hanjaeo_write,다음 밑줄 친 漢字語를 漢字로 쓰세요.,한자는 조금씩 꾸준히 공부하는 것이 좋습니다.,공부,,工夫,工夫,
6급,107,2024.11.09,86,hanjaeo_write,다음 밑줄 친 漢字語를 漢字로 쓰세요.,할아버지 춘추는 80세를 넘기셨지만 아직도 건강하십니다.,춘추,,春秋,春秋,
6급,107,2024.11.09,87,hanjaeo_write,다음 밑줄 친 漢字語를 漢字로 쓰세요.,화제가 자연스럽게 요리에 대한 이야기로 흘러갔습니다.,자연,,自然,自然,
6급,107,2024.11.09,88,stroke,다음 漢字의 짙게 표시한 획은 몇 번째 쓰는 획인지 <보기>에서 찾아 그 번호를 쓰세요.,,,"[""① 첫 번째"", ""② 두 번째"", ""③ 세 번째"", ""④ 네 번째"", ""⑤ 다섯 번째"", ""⑥ 여섯 번째"", ""⑦ 일곱 번째"", ""⑧ 여덟 번째"", ""⑨ 아홉 번째"", ""⑩ 열 번째""]",⑩,열 번째,exam-strokes/stroke_6_107_88.png
6급,107,2024.11.09,89,stroke,다음 漢字의 짙게 표시한 획은 몇 번째 쓰는 획인지 <보기>에서 찾아 그 번호를 쓰세요.,,,"[""① 첫 번째"", ""② 두 번째"", ""③ 세 번째"", ""④ 네 번째"", ""⑤ 다섯 번째"", ""⑥ 여섯 번째"", ""⑦ 일곱 번째"", ""⑧ 여덟 번째"", ""⑨ 아홉 번째"", ""⑩ 열 번째""]",⑧,여덟 번째,exam-strokes/stroke_6_107_89.png
6급,107,2024.11.09,90,stroke,다음 漢字의 짙게 표시한 획은 몇 번째 쓰는 획인지 <보기>에서 찾아 그 번호를 쓰세요.,,,"[""① 첫 번째"", ""② 두 번째"", ""③ 세 번째"", ""④ 네 번째"", ""⑤ 다섯 번째"", ""⑥ 여섯 번째"", ""⑦ 일곱 번째"", ""⑧ 여덟 번째"", ""⑨ 아홉 번째"", ""⑩ 열 번째""]",⑩,열 번째,exam-strokes/stroke_6_107_90.png
6급,108,2025.02.22,1,dokum,다음 밑줄 친 漢字語의 讀音을 쓰세요.,,孝行,,효행,효행,
6급,108,2025.02.22,2,dokum,다음 밑줄 친 漢字語의 讀音을 쓰세요.,,窓門,,창문,창문,
6급,108,2025.02.22,3,dokum,다음 밑줄 친 漢字語의 讀音을 쓰세요.,,米飮,,미음,미음,
6급,108,2025.02.22,4,dokum,다음 밑줄 친 漢字語의 讀音을 쓰세요.,,愛用,,애용,애용,
6급,108,2025.02.22,5,dokum,다음 밑줄 친 漢字語의 讀音을 쓰세요.,,庭園,,정원,정원,
6급,108,2025.02.22,6,dokum,다음 밑줄 친 漢字語의 讀音을 쓰세요.,,現代,,현대,현대,
6급,108,2025.02.22,7,dokum,다음 밑줄 친 漢字語의 讀音을 쓰세요.,,圖形,,직선,직선,
6급,108,2025.02.22,8,dokum,다음 밑줄 친 漢字語의 讀音을 쓰세요.,,角度,,각도,각도,
6급,108,2025.02.22,9,dokum,다음 밑줄 친 漢字語의 讀音을 쓰세요.,,命中,,명중,명중,
6급,108,2025.02.22,10,dokum,다음 밑줄 친 漢字語의 讀音을 쓰세요.,,昨年,,작년,작년,
6급,108,2025.02.22,11,dokum,다음 밑줄 친 漢字語의 讀音을 쓰세요.,,太半,,태반,태반,
6급,108,2025.02.22,12,dokum,다음 밑줄 친 漢字語의 讀音을 쓰세요.,,通路,,통로,통로,
6급,108,2025.02.22,13,dokum,다음 밑줄 친 漢字語의 讀音을 쓰세요.,,幸運,,행운,행운,
6급,108,2025.02.22,14,dokum,다음 밑줄 친 漢字語의 讀音을 쓰세요.,,根本,,근본,근본,
6급,108,2025.02.22,15,dokum,다음 밑줄 친 漢字語의 讀音을 쓰세요.,,神童,,신동,신동,
6급,108,2025.02.22,16,dokum,다음 밑줄 친 漢字語의 讀音을 쓰세요.,,反省,,반성,반성,
6급,108,2025.02.22,17,dokum,다음 밑줄 친 漢字語의 讀音을 쓰세요.,,不足,,부족,부족,
6급,108,2025.02.22,18,dokum,다음 밑줄 친 漢字語의 讀音을 쓰세요.,,石油,,석유,석유,
6급,108,2025.02.22,19,dokum,다음 밑줄 친 漢字語의 讀音을 쓰세요.,,正午,,정오,정오,
6급,108,2025.02.22,20,dokum,다음 밑줄 친 漢字語의 讀音을 쓰세요.,,注文,,주문,주문,
6급,108,2025.02.22,21,dokum,다음 밑줄 친 漢字語의 讀音을 쓰세요.,,圖形,,도형,도형,
6급,108,2025.02.22,22,dokum,다음 밑줄 친 漢字語의 讀音을 쓰세요.,,夕陽,,석양,석양,
6급,108,2025.02.22,23,dokum,다음 밑줄 친 漢字語의 讀音을 쓰세요.,,孫子,,손자,손자,
6급,108,2025.02.22,24,dokum,다음 밑줄 친 漢字語의 讀音을 쓰세요.,,植樹,,식수,식수,
6급,108,2025.02.22,25,dokum,다음 밑줄 친 漢字語의 讀音을 쓰세요.,,始作,,시작,시작,
6급,108,2025.02.22,26,dokum,다음 밑줄 친 漢字語의 讀音을 쓰세요.,,朝食,,조식,조식,
6급,108,2025.02.22,27,dokum,다음 밑줄 친 漢字語의 讀音을 쓰세요.,,先祖,,선조,선조,
6급,108,2025.02.22,28,dokum,다음 밑줄 친 漢字語의 讀音을 쓰세요.,,溫和,,온화,온화,
6급,108,2025.02.22,29,dokum,다음 밑줄 친 漢字語의 讀音을 쓰세요.,,平等,,평등,평등,
6급,108,2025.02.22,30,dokum,다음 밑줄 친 漢字語의 讀音을 쓰세요.,,表面,,표면,표면,
6급,108,2025.02.22,31,dokum,다음 밑줄 친 漢字語의 讀音을 쓰세요.,,消火,,소화,소화,
6급,108,2025.02.22,32,dokum,다음 밑줄 친 漢字語의 讀音을 쓰세요.,,信號,,신호,신호,
6급,108,2025.02.22,33,dokum,다음 밑줄 친 漢字語의 讀音을 쓰세요.,,藥水,,약수,약수,
6급,108,2025.02.22,34,hunum,다음 漢字의 訓과 音을 쓰세요.,,洋,,큰바다 양,큰바다 양,
6급,108,2025.02.22,35,hunum,다음 漢字의 訓과 音을 쓰세요.,,班,,나눌 반,나눌 반,
6급,108,2025.02.22,36,hunum,다음 漢字의 訓과 音을 쓰세요.,,京,,서울 경,서울 경,
6급,108,2025.02.22,37,hunum,다음 漢字의 訓과 音을 쓰세요.,,淸,,맑을 청,맑을 청,
6급,108,2025.02.22,38,hunum,다음 漢字의 訓과 音을 쓰세요.,,新,,새 신,새 신,
6급,108,2025.02.22,39,hunum,다음 漢字의 訓과 音을 쓰세요.,,交,,사귈 교,사귈 교,
6급,108,2025.02.22,40,hunum,다음 漢字의 訓과 音을 쓰세요.,,術,,재주 술,재주 술,
6급,108,2025.02.22,41,hunum,다음 漢字의 訓과 音을 쓰세요.,,科,,과목 과,과목 과,
6급,108,2025.02.22,42,hunum,다음 漢字의 訓과 音을 쓰세요.,,分,,나눌 분,나눌 분,
6급,108,2025.02.22,43,hunum,다음 漢字의 訓과 音을 쓰세요.,,待,,기다릴 대,기다릴 대,
6급,108,2025.02.22,44,hunum,다음 漢字의 訓과 音을 쓰세요.,,雪,,눈 설,눈 설,
6급,108,2025.02.22,45,hunum,다음 漢字의 訓과 音을 쓰세요.,,開,,열 개,열 개,
6급,108,2025.02.22,46,hunum,다음 漢字의 訓과 音을 쓰세요.,,黃,,누를 황,누를 황,
6급,108,2025.02.22,47,hunum,다음 漢字의 訓과 音을 쓰세요.,,族,,겨레 족,겨레 족,
6급,108,2025.02.22,48,hunum,다음 漢字의 訓과 音을 쓰세요.,,頭,,머리 두,머리 두,
6급,108,2025.02.22,49,hunum,다음 漢字의 訓과 音을 쓰세요.,,放,,넣을 방,넣을 방,
6급,108,2025.02.22,50,hunum,다음 漢字의 訓과 音을 쓰세요.,,勇,,날랠 용,날랠 용,
6급,108,2025.02.22,51,hunum,다음 漢字의 訓과 音을 쓰세요.,,定,,정할 정,정할 정,
6급,108,2025.02.22,52,hunum,다음 漢字의 訓과 音을 쓰세요.,,春,,봄 춘,봄 춘,
6급,108,2025.02.22,53,hunum,다음 漢字의 訓과 音을 쓰세요.,,風,,바람 풍,바람 풍,
6급,108,2025.02.22,54,hunum,다음 漢字의 訓과 音을 쓰세요.,,野,,들 야,들 야,
6급,108,2025.02.22,55,hunum,다음 漢字의 訓과 音을 쓰세요.,,部,,떼 부,떼 부,
6급,108,2025.02.22,56,banui_select,다음 漢字와 뜻이 반대(또는 상대)되는 것을 골라 그 번호를 쓰세요.,,遠,"[""① 敎"", ""② 銀"", ""③ 失"", ""④ 近""]",④,近,
6급,108,2025.02.22,57,banui_select,다음 漢字와 뜻이 반대(또는 상대)되는 것을 골라 그 번호를 쓰세요.,,長,"[""① 番"", ""② 短"", ""③ 例"", ""④ 朴""]",②,短,
6급,108,2025.02.22,58,banui_select,다음 漢字와 뜻이 반대(또는 상대)되는 것을 골라 그 번호를 쓰세요.,,晝,"[""① 病"", ""② 夜"", ""③ 郡"", ""④ 秋""]",②,夜,
6급,108,2025.02.22,59,yui,다음 漢字와 뜻이 같거나 비슷한 것을 골라 그 번호를 쓰세요.,,急,"[""① 速"", ""② 永"", ""③ 式"", ""④ 題""]",①,速,
6급,108,2025.02.22,60,yui,다음 漢字와 뜻이 같거나 비슷한 것을 골라 그 번호를 쓰세요.,,集,"[""① 畫"", ""② 算"", ""③ 發"", ""④ 會""]",④,會,
6급,108,2025.02.22,61,dongeum,다음 漢字와 소리(音)는 같으나 뜻(訓)이 다른 것을 골라 그 번호를 쓰세요.,,球,"[""① 感"", ""② 世"", ""③ 口"", ""④ 弱""]",③,口,
6급,108,2025.02.22,62,dongeum,다음 漢字와 소리(音)는 같으나 뜻(訓)이 다른 것을 골라 그 번호를 쓰세요.,,有,"[""① 聞"", ""② 由"", ""③ 邑"", ""④ 多""]",②,由,
6급,108,2025.02.22,63,seong-eo,다음 사자성어의 ( ) 안에 알맞은 漢字를 <보기>에서 찾아 그 번호를 쓰세요.,"生()苦樂 : 삶과 죽음, 괴로움 위를 타지 않습니다. 과 즐거움을 통틀",生()苦樂,"[""① 社"", ""② 明"", ""③ 死"", ""④ 各"", ""⑤ 白"", ""⑥ 自"", ""⑦ 者"", ""⑧ 名""]",③,死,
6급,108,2025.02.22,64,seong-eo,다음 사자성어의 ( ) 안에 알맞은 漢字를 <보기>에서 찾아 그 번호를 쓰세요.,()山大川 : 이름난 산과 큰내.,()山大川,"[""① 社"", ""② 明"", ""③ 死"", ""④ 各"", ""⑤ 白"", ""⑥ 自"", ""⑦ 者"", ""⑧ 名""]",⑧,名,
6급,108,2025.02.22,65,seong-eo,다음 사자성어의 ( ) 안에 알맞은 漢字를 <보기>에서 찾아 그 번호를 쓰세요.,()手成家 : 물려받은 재산이없이 자기 혼자의힘으로 집안을 일으키고 재산을 모음.,()手成家,"[""① 社"", ""② 明"", ""③ 死"", ""④ 各"", ""⑤ 白"", ""⑥ 自"", ""⑦ 者"", ""⑧ 名""]",⑥,自,
6급,108,2025.02.22,66,mean_select,다음 뜻에 맞는 漢字語를 <보기>에서 찾아 그 번호를 쓰세요.,싸움에서 이김,싸움에서 이김,"[""① 學習"", ""② 書堂"", ""③ 冬服"", ""④ 勝戰"", ""⑤ 育林"", ""⑥ 電車""]",④,勝戰,
6급,108,2025.02.22,67,mean_select,다음 뜻에 맞는 漢字語를 <보기>에서 찾아 그 번호를 쓰세요.,겨울철에 입는 옷,겨울철에 입는 옷,"[""① 學習"", ""② 書堂"", ""③ 冬服"", ""④ 勝戰"", ""⑤ 育林"", ""⑥ 電車""]",③,冬服,
6급,108,2025.02.22,68,hanjaeo_write,다음 밑줄 친 漢字語를 漢字로 쓰세요.,우리 초등학교는 도내에서 역사가 가장 오래됐습니다.,도내,,道內,道內,
6급,108,2025.02.22,69,hanjaeo_write,다음 밑줄 친 漢字語를 漢字로 쓰세요.,그는 추운 지방 출신이라서 추위를 타지 않습니다.,지방,,地方,地方,
6급,108,2025.02.22,70,hanjaeo_write,다음 밑줄 친 漢字語를 漢字로 쓰세요.,할아버지께서는 중학교 교가를 아직도 기억하십니다.,교가,,校歌,校歌,
6급,108,2025.02.22,71,hanjaeo_write,다음 밑줄 친 漢字語를 漢字로 쓰세요.,연금 제도는 노후 복지를 위한 것입니다.,노후,,老後,老後,
6급,108,2025.02.22,72,hanjaeo_write,다음 밑줄 친 漢字語를 漢字로 쓰세요.,나는 그와 전연 모르는 사이입니다.,전연,,全然,全然,
6급,108,2025.02.22,73,hanjaeo_write,다음 밑줄 친 漢字語를 漢字로 쓰세요.,경찰은 주민의 신고를 받고 긴급 출동하였습니다.,출동,,出動,出動,
6급,108,2025.02.22,74,hanjaeo_write,다음 밑줄 친 漢字語를 漢字로 쓰세요.,우리 부엌은 공간이 넓어서 쓰기에 편리합니다.,공간,,空間,空間,
6급,108,2025.02.22,75,hanjaeo_write,다음 밑줄 친 漢字語를 漢字로 쓰세요.,아내는 남편의 옷을 받아 옷걸이에 걸었습니다.,남편,,男便,男便,
6급,108,2025.02.22,76,hanjaeo_write,다음 밑줄 친 漢字語를 漢字로 쓰세요.,근래에는 농촌에서 도시로 이주하는 주민이 많습니다.,주민,,住民,住民,
6급,108,2025.02.22,77,hanjaeo_write,다음 밑줄 친 漢字語를 漢字로 쓰세요.,그는 서울 시립 교향악단의 악장을 맡게 되었습니다.,시립,,市立,市立,
6급,108,2025.02.22,78,hanjaeo_write,다음 밑줄 친 漢字語를 漢字로 쓰세요.,이 음식은 안심하고 드셔도 좋습니다.,안심,,安心,安心,
6급,108,2025.02.22,79,hanjaeo_write,다음 밑줄 친 漢字語를 漢字로 쓰세요.,그녀는 양보할 기색이 조금도 없었습니다.,기색,,氣色,氣色,
6급,108,2025.02.22,80,hanjaeo_write,다음 밑줄 친 漢字語를 漢字로 쓰세요.,요즘 농촌에서는 가을걷이가 한창입니다.,농촌,,農村,農村,
6급,108,2025.02.22,81,hanjaeo_write,다음 밑줄 친 漢字語를 漢字로 쓰세요.,날씨가 추워지기 시작하자 어머니는 화초를 거실로 들여놓았습니다.,화초,,花草,花草,
6급,108,2025.02.22,82,hanjaeo_write,다음 밑줄 친 漢字語를 漢字로 쓰세요.,두 사람이 거의 동시에 결승점에 들어왔습니다.,동시,,同時,同時,
6급,108,2025.02.22,83,hanjaeo_write,다음 밑줄 친 漢字語를 漢字로 쓰세요.,우리 어머니는 매일 저녁 가계부를 쓰십니다.,매일,,每日,每日,
6급,108,2025.02.22,84,hanjaeo_write,다음 밑줄 친 漢字語를 漢字로 쓰세요.,직업란에는 구체적인 업종을 기입하십시오,기입,,記入,記入,
6급,108,2025.02.22,85,hanjaeo_write,다음 밑줄 친 漢字語를 漢字로 쓰세요.,안전한 장소에서라면 낙엽을 태워도 됩니다.,장소,,場所,場所,
6급,108,2025.02.22,86,hanjaeo_write,다음 밑줄 친 漢字語를 漢字로 쓰세요.,철수가 제일 먼저 답지를 제출하고 나갑니다.,답지,,答紙,答紙,
6급,108,2025.02.22,87,hanjaeo_write,다음 밑줄 친 漢字語를 漢字로 쓰세요.,해녀가 물속에서 전복을 따고 있습니다.,해녀,,海女,海女,
6급,108,2025.02.22,88,stroke,다음 漢字의 짙게 표시한 획은 몇 번째 쓰는 획인지 <보기>에서 찾아 그 번호를 쓰세요.,,,"[""① 첫 번째"", ""② 두 번째"", ""③ 세 번째"", ""④ 네 번째"", ""⑤ 다섯 번째"", ""⑥ 여섯 번째"", ""⑦ 일곱 번째"", ""⑧ 여덟 번째"", ""⑨ 아홉 번째"", ""⑩ 열 번째""]",⑨,아홉 번째,exam-strokes/stroke_6_108_88.png
6급,108,2025.02.22,89,stroke,다음 漢字의 짙게 표시한 획은 몇 번째 쓰는 획인지 <보기>에서 찾아 그 번호를 쓰세요.,,,"[""① 첫 번째"", ""② 두 번째"", ""③ 세 번째"", ""④ 네 번째"", ""⑤ 다섯 번째"", ""⑥ 여섯 번째"", ""⑦ 일곱 번째"", ""⑧ 여덟 번째"", ""⑨ 아홉 번째"", ""⑩ 열 번째""]",⑨,아홉 번째,exam-strokes/stroke_6_108_89.png
6급,108,2025.02.22,90,stroke,다음 漢字의 짙게 표시한 획은 몇 번째 쓰는 획인지 <보기>에서 찾아 그 번호를 쓰세요.,,,"[""① 첫 번째"", ""② 두 번째"", ""③ 세 번째"", ""④ 네 번째"", ""⑤ 다섯 번째"", ""⑥ 여섯 번째"", ""⑦ 일곱 번째"", ""⑧ 여덟 번째"", ""⑨ 아홉 번째"", ""⑩ 열 번째""]",⑥,여섯 번째,exam-strokes/stroke_6_108_90.png
6급,109,2025.05.24,1,dokum,다음 밑줄 친 漢字語의 讀音을 쓰세요.,,區別,,행로,행로,
6급,109,2025.05.24,2,dokum,다음 밑줄 친 漢字語의 讀音을 쓰세요.,,永遠,,영원,영원,
6급,109,2025.05.24,3,dokum,다음 밑줄 친 漢字語의 讀音을 쓰세요.,,社交,,사교,사교,
6급,109,2025.05.24,4,dokum,다음 밑줄 친 漢字語의 讀音을 쓰세요.,,消失,,소실,소실,
6급,109,2025.05.24,5,dokum,다음 밑줄 친 漢字語의 讀音을 쓰세요.,,親分,,친분,친분,
6급,109,2025.05.24,6,dokum,다음 밑줄 친 漢字語의 讀音을 쓰세요.,,米飮,,화합,화합,
6급,109,2025.05.24,7,dokum,다음 밑줄 친 漢字語의 讀音을 쓰세요.,,大勝,,대승,대승,
6급,109,2025.05.24,8,dokum,다음 밑줄 친 漢字語의 讀音을 쓰세요.,,始祖,,시조,시조,
6급,109,2025.05.24,9,dokum,다음 밑줄 친 漢字語의 讀音을 쓰세요.,,由來,,유래,유래,
6급,109,2025.05.24,10,dokum,다음 밑줄 친 漢字語의 讀音을 쓰세요.,,體力,,체력,체력,
6급,109,2025.05.24,11,dokum,다음 밑줄 친 漢字語의 讀音을 쓰세요.,,對等,,대등,대등,
6급,109,2025.05.24,12,dokum,다음 밑줄 친 漢字語의 讀音을 쓰세요.,,題目,,제목,제목,
6급,109,2025.05.24,13,dokum,다음 밑줄 친 漢字語의 讀音을 쓰세요.,,孫子,,손자,손자,
6급,109,2025.05.24,14,dokum,다음 밑줄 친 漢字語의 讀音을 쓰세요.,,區別,,구별,구별,
6급,109,2025.05.24,15,dokum,다음 밑줄 친 漢字語의 讀音을 쓰세요.,,表現,,표현,표현,
6급,109,2025.05.24,16,dokum,다음 밑줄 친 漢字語의 讀音을 쓰세요.,,開放,,개방,개방,
6급,109,2025.05.24,17,dokum,다음 밑줄 친 漢字語의 讀音을 쓰세요.,,急所,,급소,급소,
6급,109,2025.05.24,18,dokum,다음 밑줄 친 漢字語의 讀音을 쓰세요.,,近洞,,근동,근동,
6급,109,2025.05.24,19,dokum,다음 밑줄 친 漢字語의 讀音을 쓰세요.,,米飮,,미음,미음,
6급,109,2025.05.24,20,dokum,다음 밑줄 친 漢字語의 讀音을 쓰세요.,,號室,,호실,호실,
6급,109,2025.05.24,21,dokum,다음 밑줄 친 漢字語의 讀音을 쓰세요.,,反感,,반감,반감,
6급,109,2025.05.24,22,dokum,다음 밑줄 친 漢字語의 讀音을 쓰세요.,,運數,,운수,운수,
6급,109,2025.05.24,23,dokum,다음 밑줄 친 漢字語의 讀音을 쓰세요.,,韓服,,한복,한복,
6급,109,2025.05.24,24,dokum,다음 밑줄 친 漢字語의 讀音을 쓰세요.,,平野,,평야,평야,
6급,109,2025.05.24,25,dokum,다음 밑줄 친 漢字語의 讀音을 쓰세요.,,內衣,,내의,내의,
6급,109,2025.05.24,26,dokum,다음 밑줄 친 漢字語의 讀音을 쓰세요.,,業者,,업자,업자,
6급,109,2025.05.24,27,dokum,다음 밑줄 친 漢字語의 讀音을 쓰세요.,,動作,,동작,동작,
6급,109,2025.05.24,28,dokum,다음 밑줄 친 漢字語의 讀音을 쓰세요.,,藥用,,약용,약용,
6급,109,2025.05.24,29,dokum,다음 밑줄 친 漢字語의 讀音을 쓰세요.,,圖章,,도장,도장,
6급,109,2025.05.24,30,dokum,다음 밑줄 친 漢字語의 讀音을 쓰세요.,,公席,,공석,공석,
6급,109,2025.05.24,31,dokum,다음 밑줄 친 漢字語의 讀音을 쓰세요.,,注意,,주의,주의,
6급,109,2025.05.24,32,dokum,다음 밑줄 친 漢字語의 讀音을 쓰세요.,,學級,,학급,학급,
6급,109,2025.05.24,33,dokum,다음 밑줄 친 漢字語의 讀音을 쓰세요.,,成果,,성과,성과,
6급,109,2025.05.24,34,hunum,다음 漢字의 訓과 音을 쓰세요.,,陽,,볕 양,볕 양,
6급,109,2025.05.24,35,hunum,다음 漢字의 訓과 音을 쓰세요.,,度,,헤아릴 탁,헤아릴 탁,
6급,109,2025.05.24,36,hunum,다음 漢字의 訓과 音을 쓰세요.,,醫,,의원 의,의원 의,
6급,109,2025.05.24,37,hunum,다음 漢字의 訓과 音을 쓰세요.,,利,,이할 리,이할 리,
6급,109,2025.05.24,38,hunum,다음 漢字의 訓과 音을 쓰세요.,,待,,기다릴 대,기다릴 대,
6급,109,2025.05.24,39,hunum,다음 漢字의 訓과 音을 쓰세요.,,禮,,예도 례,예도 례,
6급,109,2025.05.24,40,hunum,다음 漢字의 訓과 音을 쓰세요.,,堂,,집 당,집 당,
6급,109,2025.05.24,41,hunum,다음 漢字의 訓과 音을 쓰세요.,,強,,강할 강,강할 강,
6급,109,2025.05.24,42,hunum,다음 漢字의 訓과 音을 쓰세요.,,童,,아이 동,아이 동,
6급,109,2025.05.24,43,hunum,다음 漢字의 訓과 音을 쓰세요.,,雪,,눈 설,눈 설,
6급,109,2025.05.24,44,hunum,다음 漢字의 訓과 音을 쓰세요.,,英,,꽃부리 영,꽃부리 영,
6급,109,2025.05.24,45,hunum,다음 漢字의 訓과 音을 쓰세요.,,特,,특별할 특,특별할 특,
6급,109,2025.05.24,46,hunum,다음 漢字의 訓과 音을 쓰세요.,,油,,기름 유,기름 유,
6급,109,2025.05.24,47,hunum,다음 漢字의 訓과 音을 쓰세요.,,速,,빠를 속,빠를 속,
6급,109,2025.05.24,48,hunum,다음 漢字의 訓과 音을 쓰세요.,,京,,서울 경,서울 경,
6급,109,2025.05.24,49,hunum,다음 漢字의 訓과 音을 쓰세요.,,書,,글 서,글 서,
6급,109,2025.05.24,50,hunum,다음 漢字의 訓과 音을 쓰세요.,,在,,있을 재,있을 재,
6급,109,2025.05.24,51,hunum,다음 漢字의 訓과 音을 쓰세요.,,洋,,큰바다 양,큰바다 양,
6급,109,2025.05.24,52,hunum,다음 漢字의 訓과 音을 쓰세요.,,溫,,따뜻할 온,따뜻할 온,
6급,109,2025.05.24,53,hunum,다음 漢字의 訓과 音을 쓰세요.,,身,,몸 신,몸 신,
6급,109,2025.05.24,54,hunum,다음 漢字의 訓과 音을 쓰세요.,,術,,재주 술,재주 술,
6급,109,2025.05.24,55,hunum,다음 漢字의 訓과 音을 쓰세요.,,習,,익힐 습,익힐 습,
6급,109,2025.05.24,56,banui_select,다음 漢字와 뜻이 반대(또는 상대)되는 것을 골라 그 번호를 쓰세요.,,古,"[""① 定"", ""② 今"", ""③ 朴"", ""④ 向""]",②,今,
6급,109,2025.05.24,57,banui_select,다음 漢字와 뜻이 반대(또는 상대)되는 것을 골라 그 번호를 쓰세요.,,苦,"[""① 病"", ""② 美"", ""③ 代"", ""④ 樂""]",④,樂,
6급,109,2025.05.24,58,banui_select,다음 漢字와 뜻이 반대(또는 상대)되는 것을 골라 그 번호를 쓰세요.,,朝,"[""① 省"", ""② 夕"", ""③ 昨"", ""④ 會""]",②,夕,
6급,109,2025.05.24,59,yui,다음 漢字와 뜻이 같거나 비슷한 것을 골라 그 번호를 쓰세요.,,本,"[""① 族"", ""② 園"", ""③ 銀"", ""④ 根""]",④,根,
6급,109,2025.05.24,60,yui,다음 漢字와 뜻이 같거나 비슷한 것을 골라 그 번호를 쓰세요.,,郡,"[""① 使"", ""② 短"", ""③ 綠"", ""④ 邑""]",④,邑,
6급,109,2025.05.24,61,dongeum,다음 漢字와 소리(音)는 같으나 뜻(訓)이 다른 것을 골라 그 번호를 쓰세요.,,命,"[""① 明"", ""② 李"", ""③ 晝"", ""④ 太""]",①,明,
6급,109,2025.05.24,62,dongeum,다음 漢字와 소리(音)는 같으나 뜻(訓)이 다른 것을 골라 그 번호를 쓰세요.,,話,"[""① 聞"", ""② 畫"", ""③ 角"", ""④ 言""]",②,畫,
6급,109,2025.05.24,63,seong-eo,다음 사자성어의 ( ) 안에 알맞은 漢字를 <보기>에서 찾아 그 번호를 쓰세요.,千()多幸 : 아주 다행함.,千()多幸,"[""① 明"", ""② 李"", ""③ 晝"", ""④ 太"", ""⑤ 式"", ""⑥ 萬"", ""⑦ 信"", ""⑧ 共""]",⑥,萬,
6급,109,2025.05.24,64,seong-eo,다음 사자성어의 ( ) 안에 알맞은 漢字를 <보기>에서 찾아 그 번호를 쓰세요.,同生()死 : 서로 같이 살고 셨습니다. 같이 죽음.,同生()死,"[""① 明"", ""② 李"", ""③ 晝"", ""④ 太"", ""⑤ 式"", ""⑥ 萬"", ""⑦ 信"", ""⑧ 共""]",⑧,共,
6급,109,2025.05.24,65,seong-eo,다음 사자성어의 ( ) 안에 알맞은 漢字를 <보기>에서 찾아 그 번호를 쓰세요.,電光石() : 번갯불과 부싯돌 게 인기를 끌었습니다. 의 불.,電光石(),"[""① 明"", ""② 李"", ""③ 晝"", ""④ 太"", ""⑤ 式"", ""⑥ 萬"", ""⑦ 信"", ""⑧ 共""]",③,火,
6급,109,2025.05.24,66,mean_select,다음 뜻에 맞는 漢字語를 <보기>에서 찾아 그 번호를 쓰세요.,말의 첫머리,말의 첫머리,"[""① 例事"", ""② 通風"", ""③ 植樹"", ""④ 愛重"", ""⑤ 語頭"", ""⑥ 淸算""]",⑤,語頭,
6급,109,2025.05.24,67,mean_select,다음 뜻에 맞는 漢字語를 <보기>에서 찾아 그 번호를 쓰세요.,바람이 통함.,바람이 통함.,"[""① 例事"", ""② 通風"", ""③ 植樹"", ""④ 愛重"", ""⑤ 語頭"", ""⑥ 淸算""]",②,通風,
6급,109,2025.05.24,68,hanjaeo_write,다음 밑줄 친 漢字語를 漢字로 쓰세요.,가격이 비싼이 제품은 소비자들로부터 외면을 당해 왔습니다.,외면,,外面,外面,
6급,109,2025.05.24,69,hanjaeo_write,다음 밑줄 친 漢字語를 漢字로 쓰세요.,가장 더운 날에 전기가 나가서 시민들이 큰 불편을 겪었습니다.,불편,,不便,不便,
6급,109,2025.05.24,70,hanjaeo_write,다음 밑줄 친 漢字語를 漢字로 쓰세요.,강원도 산간 지방에서는 밭농사를 많이 짓습니다.,지방,,地方,地方,
6급,109,2025.05.24,71,hanjaeo_write,다음 밑줄 친 漢字語를 漢字로 쓰세요.,국회의원인 그는 항상 소신 발언을 하는 사람으로 유명합니다.,유명,,有名,有名,
6급,109,2025.05.24,72,hanjaeo_write,다음 밑줄 친 漢字語를 漢字로 쓰세요.,그 마을의 촌장님은 여자분이셨습니다.,촌장,,村長,村長,
6급,109,2025.05.24,73,hanjaeo_write,다음 밑줄 친 漢字語를 漢字로 쓰세요.,그 코미디언은 바보 흉내로 크게 인기를 끌었습니다.,인기,,人氣,人氣,
6급,109,2025.05.24,74,hanjaeo_write,다음 밑줄 친 漢字語를 漢字로 쓰세요.,꿀벌은 여왕벌을 중심으로 집단생활을 합니다.,중심,,中心,中心,
6급,109,2025.05.24,75,hanjaeo_write,다음 밑줄 친 漢字語를 漢字로 쓰세요.,드디어 적군이 백기를 들고 항복하였습니다.,백기,,白旗,白旗,
6급,109,2025.05.24,76,hanjaeo_write,다음 밑줄 친 漢字語를 漢字로 쓰세요.,마을 입구의 큰 느티나무는 언제 보아도 잘생겼습니다.,입구,,入口,入口,
6급,109,2025.05.24,77,hanjaeo_write,다음 밑줄 친 漢字語를 漢字로 쓰세요.,어머니께서는 어떤 상황에서도 정직함을 잃지 말라고 당부하셨습니다.,정직,,正直,正直,
6급,109,2025.05.24,78,hanjaeo_write,다음 밑줄 친 漢字語를 漢字로 쓰세요.,어진 임금들은 하늘을 공경하고 백성을 사랑했습니다.,백성,,百姓,百姓,
6급,109,2025.05.24,79,hanjaeo_write,다음 밑줄 친 漢字語를 漢字로 쓰세요.,요즘 가수 중에는 10대의 청춘 스타도 많습니다.,청춘,,靑春,靑春,
6급,109,2025.05.24,80,hanjaeo_write,다음 밑줄 친 漢字語를 漢字로 쓰세요.,우리 가족은 새해 첫날이면 동해로 일출을 보러 갑니다.,일출,,日出,日出,
6급,109,2025.05.24,81,hanjaeo_write,다음 밑줄 친 漢字語를 漢字로 쓰세요.,운동뿐만 아니라 공부도 잘하는 영희가 부럽기도 합니다.,공부,,工夫,工夫,
6급,109,2025.05.24,82,hanjaeo_write,다음 밑줄 친 漢字語를 漢字로 쓰세요.,의사 선생님은이 약을 식전에 먹으라고 하였습니다.,식전,,食前,食前,
6급,109,2025.05.24,83,hanjaeo_write,다음 밑줄 친 漢字語를 漢字로 쓰세요.,인구가 많은 중국은 잠재력이 큰 수출 시장입니다.,시장,,市場,市場,
6급,109,2025.05.24,84,hanjaeo_write,다음 밑줄 친 漢字語를 漢字로 쓰세요.,자전거를 탈 때에는 항상 안전수칙을 지켜야 합니다.,안전,,安全,安全,
6급,109,2025.05.24,85,hanjaeo_write,다음 밑줄 친 漢字語를 漢字로 쓰세요.,자주는 남의 보호나 간섭을 받지 않고 자기 일을 스스로 해나가는 것입니다.,자주,,自主,自主,
6급,109,2025.05.24,86,hanjaeo_write,다음 밑줄 친 漢字語를 漢字로 쓰세요.,철수는 온 천하가 다 아는 일을 혼자만 모른다고 잡아뗐습니다.,천하,,天下,天下,
6급,109,2025.05.24,87,hanjaeo_write,다음 밑줄 친 漢字語를 漢字로 쓰세요.,할아버지께서는 조용한 산골로 내려가 노후를 보내고 계십니다.,노후,,老後,老後,
6급,109,2025.05.24,88,stroke,다음 漢字의 짙게 표시한 획은 몇 번째 쓰는 획인지 <보기>에서 찾아 그 번호를 쓰세요.,,,"[""① 첫 번째"", ""② 두 번째"", ""③ 세 번째"", ""④ 네 번째"", ""⑤ 다섯 번째"", ""⑥ 여섯 번째"", ""⑦ 일곱 번째"", ""⑧ 여덟 번째"", ""⑨ 아홉 번째"", ""⑩ 열 번째"", ""⑪ 열한 번째""]",⑦,일곱 번째,exam-strokes/stroke_6_109_88.png
6급,109,2025.05.24,89,stroke,다음 漢字의 짙게 표시한 획은 몇 번째 쓰는 획인지 <보기>에서 찾아 그 번호를 쓰세요.,,,"[""① 첫 번째"", ""② 두 번째"", ""③ 세 번째"", ""④ 네 번째"", ""⑤ 다섯 번째"", ""⑥ 여섯 번째"", ""⑦ 일곱 번째"", ""⑧ 여덟 번째"", ""⑨ 아홉 번째"", ""⑩ 열 번째"", ""⑪ 열한 번째""]",⑪,열한 번째,exam-strokes/stroke_6_109_89.png
6급,109,2025.05.24,90,stroke,다음 漢字의 짙게 표시한 획은 몇 번째 쓰는 획인지 <보기>에서 찾아 그 번호를 쓰세요.,,,"[""① 첫 번째"", ""② 두 번째"", ""③ 세 번째"", ""④ 네 번째"", ""⑤ 다섯 번째"", ""⑥ 여섯 번째"", ""⑦ 일곱 번째"", ""⑧ 여덟 번째"", ""⑨ 아홉 번째"", ""⑩ 열 번째"", ""⑪ 열한 번째""]",⑦,일곱 번째,exam-strokes/stroke_6_109_90.png
6급,110,2025.08.23,1,dokum,다음 밑줄 친 漢字語의 讀音을 쓰세요.,,夏服,,하복,하복,
6급,110,2025.08.23,2,dokum,다음 밑줄 친 漢字語의 讀音을 쓰세요.,,代表,,대표,대표,
6급,110,2025.08.23,3,dokum,다음 밑줄 친 漢字語의 讀音을 쓰세요.,,色感,,색감,색감,
6급,110,2025.08.23,4,dokum,다음 밑줄 친 漢字語의 讀音을 쓰세요.,,陽地,,양지,양지,
6급,110,2025.08.23,5,dokum,다음 밑줄 친 漢字語의 讀音을 쓰세요.,,特別,,특별,특별,
6급,110,2025.08.23,6,dokum,다음 밑줄 친 漢字語의 讀音을 쓰세요.,,新藥,,신약,신약,
6급,110,2025.08.23,7,dokum,다음 밑줄 친 漢字語의 讀音을 쓰세요.,,番號,,번호,번호,
6급,110,2025.08.23,8,dokum,다음 밑줄 친 漢字語의 讀音을 쓰세요.,,氣溫,,기온,기온,
6급,110,2025.08.23,9,dokum,다음 밑줄 친 漢字語의 讀音을 쓰세요.,,運動,,운동,운동,
6급,110,2025.08.23,10,dokum,다음 밑줄 친 漢字語의 讀音을 쓰세요.,,通路,,통로,통로,
6급,110,2025.08.23,11,dokum,다음 밑줄 친 漢字語의 讀音을 쓰세요.,,學習,,학습,학습,
6급,110,2025.08.23,12,dokum,다음 밑줄 친 漢字語의 讀音을 쓰세요.,,農樂,,농악,농악,
6급,110,2025.08.23,13,dokum,다음 밑줄 친 漢字語의 讀音을 쓰세요.,,注目,,주목,주목,
6급,110,2025.08.23,14,dokum,다음 밑줄 친 漢字語의 讀音을 쓰세요.,,醫術,,의술,의술,
6급,110,2025.08.23,15,dokum,다음 밑줄 친 漢字語의 讀音을 쓰세요.,,野球,,야구,야구,
6급,110,2025.08.23,16,dokum,다음 밑줄 친 漢字語의 讀音을 쓰세요.,,石油,,석유,석유,
6급,110,2025.08.23,17,dokum,다음 밑줄 친 漢字語의 讀音을 쓰세요.,,失禮,,실례,실례,
6급,110,2025.08.23,18,dokum,다음 밑줄 친 漢字語의 讀音을 쓰세요.,,開業,,개업,개업,
6급,110,2025.08.23,19,dokum,다음 밑줄 친 漢字語의 讀音을 쓰세요.,,勝利,,승리,승리,
6급,110,2025.08.23,20,dokum,다음 밑줄 친 漢字語의 讀音을 쓰세요.,,神童,,신동,신동,
6급,110,2025.08.23,21,dokum,다음 밑줄 친 漢字語의 讀音을 쓰세요.,,遠洋,,원양,원양,
6급,110,2025.08.23,22,dokum,다음 밑줄 친 漢字語의 讀音을 쓰세요.,,出席,,출석,출석,
6급,110,2025.08.23,23,dokum,다음 밑줄 친 漢字語의 讀音을 쓰세요.,,平和,,평화,평화,
6급,110,2025.08.23,24,dokum,다음 밑줄 친 漢字語의 讀音을 쓰세요.,,同窓,,동창,동창,
6급,110,2025.08.23,25,dokum,다음 밑줄 친 漢字語의 讀音을 쓰세요.,,書堂,,서당,서당,
6급,110,2025.08.23,26,dokum,다음 밑줄 친 漢字語의 讀音을 쓰세요.,,信用,,신용,신용,
6급,110,2025.08.23,27,dokum,다음 밑줄 친 漢字語의 讀音을 쓰세요.,,集合,,집합,집합,
6급,110,2025.08.23,28,dokum,다음 밑줄 친 漢字語의 讀音을 쓰세요.,,消火,,소화,소화,
6급,110,2025.08.23,29,dokum,다음 밑줄 친 漢字語의 讀音을 쓰세요.,,現在,,현재,현재,
6급,110,2025.08.23,30,dokum,다음 밑줄 친 漢字語의 讀音을 쓰세요.,,昨年,,작년,작년,
6급,110,2025.08.23,31,dokum,다음 밑줄 친 漢字語의 讀音을 쓰세요.,,頭角,,두각,두각,
6급,110,2025.08.23,32,dokum,다음 밑줄 친 漢字語의 讀音을 쓰세요.,,對立,,대립,대립,
6급,110,2025.08.23,33,dokum,다음 밑줄 친 漢字語의 讀音을 쓰세요.,,等級,,등급,등급,
6급,110,2025.08.23,34,hunum,다음 漢字의 訓과 音을 쓰세요.,,直,,곧을 직,곧을 직,
6급,110,2025.08.23,35,hunum,다음 漢字의 訓과 音을 쓰세요.,,線,,줄 선,줄 선,
6급,110,2025.08.23,36,hunum,다음 漢字의 訓과 音을 쓰세요.,,愛,,사랑 애,사랑 애,
6급,110,2025.08.23,37,hunum,다음 漢字의 訓과 音을 쓰세요.,,親,,친할 친,친할 친,
6급,110,2025.08.23,38,hunum,다음 漢字의 訓과 音을 쓰세요.,,族,,겨레 족,겨레 족,
6급,110,2025.08.23,39,hunum,다음 漢字의 訓과 音을 쓰세요.,,白,,흰 백,흰 백,
6급,110,2025.08.23,40,hunum,다음 漢字의 訓과 音을 쓰세요.,,雪,,눈 설,눈 설,
6급,110,2025.08.23,41,hunum,다음 漢字의 訓과 音을 쓰세요.,,始,,비로소 시,비로소 시,
6급,110,2025.08.23,42,hunum,다음 漢字의 訓과 音을 쓰세요.,,祖,,할아비 조,할아비 조,
6급,110,2025.08.23,43,hunum,다음 漢字의 訓과 音을 쓰세요.,,黃,,누를 황,누를 황,
6급,110,2025.08.23,44,hunum,다음 漢字의 訓과 音을 쓰세요.,,幸,,다행 행,다행 행,
6급,110,2025.08.23,45,hunum,다음 漢字의 訓과 音을 쓰세요.,,勇,,날랠 용,날랠 용,
6급,110,2025.08.23,46,hunum,다음 漢字의 訓과 音을 쓰세요.,,使,,하여금 | 부릴 사,하여금 | 부릴 사,
6급,110,2025.08.23,47,hunum,다음 漢字의 訓과 音을 쓰세요.,,風,,바람 풍,바람 풍,
6급,110,2025.08.23,48,hunum,다음 漢字의 訓과 音을 쓰세요.,,放,,놓을 방,놓을 방,
6급,110,2025.08.23,49,hunum,다음 漢字의 訓과 音을 쓰세요.,,部,,떼 부,떼 부,
6급,110,2025.08.23,50,hunum,다음 漢字의 訓과 音을 쓰세요.,,米,,쌀 미,쌀 미,
6급,110,2025.08.23,51,hunum,다음 漢字의 訓과 音을 쓰세요.,,邑,,고을 읍,고을 읍,
6급,110,2025.08.23,52,hunum,다음 漢字의 訓과 音을 쓰세요.,,根,,뿌리 근,뿌리 근,
6급,110,2025.08.23,53,hunum,다음 漢字의 訓과 音을 쓰세요.,,永,,길 영,길 영,
6급,110,2025.08.23,54,hunum,다음 漢字의 訓과 音을 쓰세요.,,近,,가까울 근,가까울 근,
6급,110,2025.08.23,55,hunum,다음 漢字의 訓과 音을 쓰세요.,,有,,있을 유,있을 유,
6급,110,2025.08.23,56,banui_select,다음 漢字와 뜻이 반대(또는 상대)되는 것을 골라 그 번호를 쓰세요.,,長,"[""① 先"", ""② 場"", ""③ 章"", ""④ 短""]",④,短,
6급,110,2025.08.23,57,banui_select,다음 漢字와 뜻이 반대(또는 상대)되는 것을 골라 그 번호를 쓰세요.,,死,"[""① 病"", ""② 活"", ""③ 足"", ""④ 界""]",②,活,
6급,110,2025.08.23,58,banui_select,다음 漢字와 뜻이 반대(또는 상대)되는 것을 골라 그 번호를 쓰세요.,,夜,"[""① 光"", ""② 六"", ""③ 晝"", ""④ 畫""]",③,晝,
6급,110,2025.08.23,59,yui,다음 漢字와 뜻이 같거나 비슷한 것을 골라 그 번호를 쓰세요.,,急,"[""① 朴"", ""② 冬"", ""③ 速"", ""④ 京""]",③,速,
6급,110,2025.08.23,60,yui,다음 漢字와 뜻이 같거나 비슷한 것을 골라 그 번호를 쓰세요.,,便,"[""① 安"", ""② 女"", ""③ 分"", ""④ 北""]",①,安,
6급,110,2025.08.23,61,dongeum,다음 漢字와 소리(音)는 같으나 뜻(訓)이 다른 것을 골라 그 번호를 쓰세요.,,旗,"[""① 果"", ""② 記"", ""③ 太"", ""④ 洞""]",②,記,
6급,110,2025.08.23,62,dongeum,다음 漢字와 소리(音)는 같으나 뜻(訓)이 다른 것을 골라 그 번호를 쓰세요.,,班,"[""① 行"", ""② 本"", ""③ 半"", ""④ 共""]",③,半,
6급,110,2025.08.23,63,seong-eo,다음 사자성어의 ( ) 안에 알맞은 漢字를 <보기>에서 찾아 그 번호를 쓰세요.,門前()市 :,門前()市,"[""① 省"", ""② 圖"", ""③ 度"", ""④ 成"", ""⑤ 水"", ""⑥ 手"", ""⑦ 一"", ""⑧ 日""]",④,成,
6급,110,2025.08.23,64,seong-eo,다음 사자성어의 ( ) 안에 알맞은 漢字를 <보기>에서 찾아 그 번호를 쓰세요.,各自()生 : 제각기 살아 나갈 방법을 꾀함.,各自()生,"[""① 省"", ""② 圖"", ""③ 度"", ""④ 成"", ""⑤ 水"", ""⑥ 手"", ""⑦ 一"", ""⑧ 日""]",②,圖,
6급,110,2025.08.23,65,seong-eo,다음 사자성어의 ( ) 안에 알맞은 漢字를 <보기>에서 찾아 그 번호를 쓰세요.,作心三() : 단단히 먹은 마음이 사흘을 가지못함.,作心三(),"[""① 省"", ""② 圖"", ""③ 度"", ""④ 成"", ""⑤ 水"", ""⑥ 手"", ""⑦ 一"", ""⑧ 日""]",⑧,日,
6급,110,2025.08.23,66,mean_select,다음 뜻에 맞는 漢字語를 <보기>에서 찾아 그 번호를 쓰세요.,보통 있는 일,보통 있는 일,"[""① 發明"", ""② 苦戰"", ""③ 育林"", ""④ 植樹"", ""⑤ 多飮"", ""⑥ 例事""]",⑥,例事,
6급,110,2025.08.23,67,mean_select,다음 뜻에 맞는 漢字語를 <보기>에서 찾아 그 번호를 쓰세요.,나무를 심음. 또는 심은 나무,나무를 심음. 또는 심은 나무,"[""① 發明"", ""② 苦戰"", ""③ 育林"", ""④ 植樹"", ""⑤ 多飮"", ""⑥ 例事""]",④,植樹,
6급,110,2025.08.23,68,hanjaeo_write,다음 밑줄 친 漢字語를 漢字로 쓰세요.,신호가 바뀌자 사람들이 빠른 걸음으로 차도를 건너갑니다.,차도,,車道,車道,
6급,110,2025.08.23,69,hanjaeo_write,다음 밑줄 친 漢字語를 漢字로 쓰세요.,길에서 승합차와 트럭이 정면으로 충돌했습니다.,정면,,正面,正面,
6급,110,2025.08.23,70,hanjaeo_write,다음 밑줄 친 漢字語를 漢字로 쓰세요.,오늘 월급이 내 통장으로 입금되었습니다.,입금,,入金,入金,
6급,110,2025.08.23,71,hanjaeo_write,다음 밑줄 친 漢字語를 漢字로 쓰세요.,우리 회사의 월급은 전산으로 처리됩니다.,전산,,電算,電算,
6급,110,2025.08.23,72,hanjaeo_write,다음 밑줄 친 漢字語를 漢字로 쓰세요.,영수가 내일 등산을 가자고 제안했습니다.,등산,,登山,登山,
6급,110,2025.08.23,73,hanjaeo_write,다음 밑줄 친 漢字語를 漢字로 쓰세요.,우리나라 비무장 지대에는 민가가 하나도 없습니다.,민가,,民家,民家,
6급,110,2025.08.23,74,hanjaeo_write,다음 밑줄 친 漢字語를 漢字로 쓰세요.,저녁을 먹은 후 후식으로 귤을 먹었습니다.,후식,,後食,後食,
6급,110,2025.08.23,75,hanjaeo_write,다음 밑줄 친 漢字語를 漢字로 쓰세요.,동해의 일출 모습은 항상 봐도 정말 멋있습니다.,동해,,東海,東海,
6급,110,2025.08.23,76,hanjaeo_write,다음 밑줄 친 漢字語를 漢字로 쓰세요.,"여러분, 공원 안에 휴지를 함부로 버리지 마세요.",휴지,,休紙,休紙,
6급,110,2025.08.23,77,hanjaeo_write,다음 밑줄 친 漢字語를 漢字로 쓰세요.,그녀는 화살을 표적에 정확히 명중시켰습니다.,명중,,命中,命中,
6급,110,2025.08.23,78,hanjaeo_write,다음 밑줄 친 漢字語를 漢字로 쓰세요.,탁구는 넓지 않은 공간에서도 할 수 있는 운동입니다.,공간,,空間,空間,
6급,110,2025.08.23,79,hanjaeo_write,다음 밑줄 친 漢字語를 漢字로 쓰세요.,완전군장을 한 용사들이 군가를 부르며 행진합니다.,군가,,軍歌,軍歌,
6급,110,2025.08.23,80,hanjaeo_write,다음 밑줄 친 漢字語를 漢字로 쓰세요.,나는 노모의 거칠어진 손을 보고 서글펐습니다.,노모,,老母,老母,
6급,110,2025.08.23,81,hanjaeo_write,다음 밑줄 친 漢字語를 漢字로 쓰세요.,학교 화단에는 많은 화초들이 자라고 있습니다.,화초,,花草,花草,
6급,110,2025.08.23,82,hanjaeo_write,다음 밑줄 친 漢字語를 漢字로 쓰세요.,인공지능의 발달로 세상이 급격하게 바뀌고 있습니다.,세상,,世上,世上,
6급,110,2025.08.23,83,hanjaeo_write,다음 밑줄 친 漢字語를 漢字로 쓰세요.,이번 추석에는 외할아버지 댁으로 갈 예정입니다.,추석,,秋夕,秋夕,
6급,110,2025.08.23,84,hanjaeo_write,다음 밑줄 친 漢字語를 漢字로 쓰세요.,언니가 결혼해서 나도 이제 형부가 생겼습니다.,형부,,兄夫,兄夫,
6급,110,2025.08.23,85,hanjaeo_write,다음 밑줄 친 漢字語를 漢字로 쓰세요.,우리 집은 거리 주소로 바뀌었습니다.,주소,,住所,住所,
6급,110,2025.08.23,86,hanjaeo_write,다음 밑줄 친 漢字語를 漢字로 쓰세요.,철수와 나는 매월 한 번씩만나기로 하였습니다.,매월,,每月,每月,
6급,110,2025.08.23,87,hanjaeo_write,다음 밑줄 친 漢字語를 漢字로 쓰세요.,이번 달 우리 집 전기세는 십만원이 나왔습니다.,십만,,十萬,十萬,
6급,110,2025.08.23,88,stroke,다음 漢字의 짙게 표시한 획은 몇 번째 쓰는 획인지 <보기>에서 찾아 그 번호를 쓰세요.,,,"[""① 첫 번째"", ""② 두 번째"", ""③ 세 번째"", ""④ 네 번째"", ""⑤ 다섯 번째"", ""⑥ 여섯 번째"", ""⑦ 일곱 번째"", ""⑧ 여덟 번째"", ""⑨ 아홉 번째"", ""⑩ 열 번째""]",⑩,열 번째,exam-strokes/stroke_6_110_88.png
6급,110,2025.08.23,89,stroke,다음 漢字의 짙게 표시한 획은 몇 번째 쓰는 획인지 <보기>에서 찾아 그 번호를 쓰세요.,,,"[""① 첫 번째"", ""② 두 번째"", ""③ 세 번째"", ""④ 네 번째"", ""⑤ 다섯 번째"", ""⑥ 여섯 번째"", ""⑦ 일곱 번째"", ""⑧ 여덟 번째"", ""⑨ 아홉 번째"", ""⑩ 열 번째""]",④,네 번째,exam-strokes/stroke_6_110_89.png
6급,110,2025.08.23,90,stroke,다음 漢字의 짙게 표시한 획은 몇 번째 쓰는 획인지 <보기>에서 찾아 그 번호를 쓰세요.,,,"[""① 첫 번째"", ""② 두 번째"", ""③ 세 번째"", ""④ 네 번째"", ""⑤ 다섯 번째"", ""⑥ 여섯 번째"", ""⑦ 일곱 번째"", ""⑧ 여덟 번째"", ""⑨ 아홉 번째"", ""⑩ 열 번째""]",⑥,여섯 번째,exam-strokes/stroke_6_110_90.png
6급,111,2025.11.15,1,dokum,다음 밑줄 친 漢字語의 讀音을 쓰세요.,,運命,,운명,운명,
6급,111,2025.11.15,2,dokum,다음 밑줄 친 漢字語의 讀音을 쓰세요.,,本意,,본의,본의,
6급,111,2025.11.15,3,dokum,다음 밑줄 친 漢字語의 讀音을 쓰세요.,,發病,,발병,발병,
6급,111,2025.11.15,4,dokum,다음 밑줄 친 漢字語의 讀音을 쓰세요.,,感服,,감복,감복,
6급,111,2025.11.15,5,dokum,다음 밑줄 친 漢字語의 讀音을 쓰세요.,,通話,,통화,통화,
6급,111,2025.11.15,6,dokum,다음 밑줄 친 漢字語의 讀音을 쓰세요.,,內衣,,내의,내의,
6급,111,2025.11.15,7,dokum,다음 밑줄 친 漢字語의 讀音을 쓰세요.,,代身,,대신,대신,
6급,111,2025.11.15,8,dokum,다음 밑줄 친 漢字語의 讀音을 쓰세요.,,南行,,남행,남행,
6급,111,2025.11.15,9,dokum,다음 밑줄 친 漢字語의 讀音을 쓰세요.,,公表,,공표,공표,
6급,111,2025.11.15,10,dokum,다음 밑줄 친 漢字語의 讀音을 쓰세요.,,夜光,,야광,야광,
6급,111,2025.11.15,11,dokum,다음 밑줄 친 漢字語의 讀音을 쓰세요.,,親交,,친교,친교,
6급,111,2025.11.15,12,dokum,다음 밑줄 친 漢字語의 讀音을 쓰세요.,,手術,,수술,수술,
6급,111,2025.11.15,13,dokum,다음 밑줄 친 漢字語의 讀音을 쓰세요.,,多急,,다급,다급,
6급,111,2025.11.15,14,dokum,다음 밑줄 친 漢字語의 讀音을 쓰세요.,,神父,,신부,신부,
6급,111,2025.11.15,15,dokum,다음 밑줄 친 漢字語의 讀音을 쓰세요.,,高級,,고급,고급,
6급,111,2025.11.15,16,dokum,다음 밑줄 친 漢字語의 讀音을 쓰세요.,,溫度,,온도,온도,
6급,111,2025.11.15,17,dokum,다음 밑줄 친 漢字語의 讀音을 쓰세요.,,對立,,대립,대립,
6급,111,2025.11.15,18,dokum,다음 밑줄 친 漢字語의 讀音을 쓰세요.,,米飮,,미음,미음,
6급,111,2025.11.15,19,dokum,다음 밑줄 친 漢字語의 讀音을 쓰세요.,,向上,,향상,향상,
6급,111,2025.11.15,20,dokum,다음 밑줄 친 漢字語의 讀音을 쓰세요.,,太半,,태반,태반,
6급,111,2025.11.15,21,dokum,다음 밑줄 친 漢字語의 讀音을 쓰세요.,,使用,,사용,사용,
6급,111,2025.11.15,22,dokum,다음 밑줄 친 漢字語의 讀音을 쓰세요.,,公表,,학자,학자,
6급,111,2025.11.15,23,dokum,다음 밑줄 친 漢字語의 讀音을 쓰세요.,,作定,,작정,작정,
6급,111,2025.11.15,24,dokum,다음 밑줄 친 漢字語의 讀音을 쓰세요.,,淸明,,청명,청명,
6급,111,2025.11.15,25,dokum,다음 밑줄 친 漢字語의 讀音을 쓰세요.,,集合,,집합,집합,
6급,111,2025.11.15,26,dokum,다음 밑줄 친 漢字語의 讀音을 쓰세요.,,每號,,매호,매호,
6급,111,2025.11.15,27,dokum,다음 밑줄 친 漢字語의 讀音을 쓰세요.,,新式,,신식,신식,
6급,111,2025.11.15,28,dokum,다음 밑줄 친 漢字語의 讀音을 쓰세요.,,綠色,,녹색,녹색,
6급,111,2025.11.15,29,dokum,다음 밑줄 친 漢字語의 讀音을 쓰세요.,,下體,,하체,하체,
6급,111,2025.11.15,30,dokum,다음 밑줄 친 漢字語의 讀音을 쓰세요.,,風速,,풍속,풍속,
6급,111,2025.11.15,31,dokum,다음 밑줄 친 漢字語의 讀音을 쓰세요.,,外科,,외과,외과,
6급,111,2025.11.15,32,dokum,다음 밑줄 친 漢字語의 讀音을 쓰세요.,,藥水,,약수,약수,
6급,111,2025.11.15,33,dokum,다음 밑줄 친 漢字語의 讀音을 쓰세요.,,例文,,예문,예문,
6급,111,2025.11.15,34,hunum,다음 漢字의 訓과 音을 쓰세요.,,形,,모양 형,모양 형,
6급,111,2025.11.15,35,hunum,다음 漢字의 訓과 音을 쓰세요.,,童,,아이 동,아이 동,
6급,111,2025.11.15,36,hunum,다음 漢字의 訓과 音을 쓰세요.,,雪,,눈 설,눈 설,
6급,111,2025.11.15,37,hunum,다음 漢字의 訓과 音을 쓰세요.,,題,,제목 제,제목 제,
6급,111,2025.11.15,38,hunum,다음 漢字의 訓과 音을 쓰세요.,,近,,가까울 근,가까울 근,
6급,111,2025.11.15,39,hunum,다음 漢字의 訓과 音을 쓰세요.,,書,,글 서,글 서,
6급,111,2025.11.15,40,hunum,다음 漢字의 訓과 音을 쓰세요.,,晝,,낮 주,낮 주,
6급,111,2025.11.15,41,hunum,다음 漢字의 訓과 音을 쓰세요.,,朝,,아침 조,아침 조,
6급,111,2025.11.15,42,hunum,다음 漢字의 訓과 音을 쓰세요.,,洋,,큰바다 양,큰바다 양,
6급,111,2025.11.15,43,hunum,다음 漢字의 訓과 音을 쓰세요.,,園,,동산 원,동산 원,
6급,111,2025.11.15,44,hunum,다음 漢字의 訓과 音을 쓰세요.,,堂,,집 당,집 당,
6급,111,2025.11.15,45,hunum,다음 漢字의 訓과 音을 쓰세요.,,注,,부을 주,부을 주,
6급,111,2025.11.15,46,hunum,다음 漢字의 訓과 音을 쓰세요.,,永,,길 영,길 영,
6급,111,2025.11.15,47,hunum,다음 漢字의 訓과 音을 쓰세요.,,功,,공[勳] 공,공[勳] 공,
6급,111,2025.11.15,48,hunum,다음 漢字의 訓과 音을 쓰세요.,,油,,기름 유,기름 유,
6급,111,2025.11.15,49,hunum,다음 漢字의 訓과 音을 쓰세요.,,郡,,고을 군,고을 군,
6급,111,2025.11.15,50,hunum,다음 漢字의 訓과 音을 쓰세요.,,和,,화할 화,화할 화,
6급,111,2025.11.15,51,hunum,다음 漢字의 訓과 音을 쓰세요.,,英,,꽃부리 영,꽃부리 영,
6급,111,2025.11.15,52,hunum,다음 漢字의 訓과 音을 쓰세요.,,死,,죽을 사,죽을 사,
6급,111,2025.11.15,53,hunum,다음 漢字의 訓과 音을 쓰세요.,,業,,업 업,업 업,
6급,111,2025.11.15,54,hunum,다음 漢字의 訓과 音을 쓰세요.,,李,,오얏 | 성(姓) 리,오얏 | 성(姓) 리,
6급,111,2025.11.15,55,hunum,다음 漢字의 訓과 音을 쓰세요.,,愛,,사랑 애,사랑 애,
6급,111,2025.11.15,56,banui_select,다음 漢字와 뜻이 반대(또는 상대)되는 것을 골라 그 번호를 쓰세요.,,祖,"[""① 路"", ""② 孫"", ""③ 番"", ""④ 畫""]",②,孫,
6급,111,2025.11.15,57,banui_select,다음 漢字와 뜻이 반대(또는 상대)되는 것을 골라 그 번호를 쓰세요.,,強,"[""① 石"", ""② 放"", ""③ 弱"", ""④ 禮""]",③,弱,
6급,111,2025.11.15,58,banui_select,다음 漢字와 뜻이 반대(또는 상대)되는 것을 골라 그 번호를 쓰세요.,,古,"[""① 今"", ""② 共"", ""③ 幸"", ""④ 始""]",①,今,
6급,111,2025.11.15,59,yui,다음 漢字와 뜻이 같거나 비슷한 것을 골라 그 번호를 쓰세요.,,樹,"[""① 京"", ""② 失"", ""③ 林"", ""④ 席""]",③,林,
6급,111,2025.11.15,60,yui,다음 漢字와 뜻이 같거나 비슷한 것을 골라 그 번호를 쓰세요.,,區,"[""① 習"", ""② 各"", ""③ 別"", ""④ 銀""]",③,別,
6급,111,2025.11.15,61,dongeum,다음 漢字와 소리(音)는 같으나 뜻(訓)이 다른 것을 골라 그 번호를 쓰세요.,,消,"[""① 所"", ""② 黃"", ""③ 由"", ""④ 陽""]",①,所,
6급,111,2025.11.15,62,dongeum,다음 漢字와 소리(音)는 같으나 뜻(訓)이 다른 것을 골라 그 번호를 쓰세요.,,場,"[""① 章"", ""② 勇"", ""③ 果"", ""④ 開""]",①,章,
6급,111,2025.11.15,63,seong-eo,다음 사자성어의 ( ) 안에 알맞은 漢字를 <보기>에서 찾아 그 번호를 쓰세요.,一()二言 : 한 입으로 두말을 넘어갔습니다. 함.,一()二言,"[""① 京"", ""② 失"", ""③ 林"", ""④ 席"", ""⑤ 在"", ""⑥ 口"", ""⑦ 朴"", ""⑧ 千""]",⑥,口,
6급,111,2025.11.15,64,seong-eo,다음 사자성어의 ( ) 안에 알맞은 漢字를 <보기>에서 찾아 그 번호를 쓰세요.,不遠( )里 : 천 리 길도 멀다고 여기지 않음.,不遠()里,"[""① 京"", ""② 失"", ""③ 林"", ""④ 席"", ""⑤ 在"", ""⑥ 口"", ""⑦ 朴"", ""⑧ 千""]",⑧,千,
6급,111,2025.11.15,65,seong-eo,다음 사자성어의 ( ) 안에 알맞은 漢字를 <보기>에서 찾아 그 번호를 쓰세요.,百戰百() : 싸울 때마다 다 중 삼중으로 포위했습니다. 이김.,百戰百(),"[""① 京"", ""② 失"", ""③ 林"", ""④ 席"", ""⑤ 在"", ""⑥ 口"", ""⑦ 朴"", ""⑧ 千""]",③,林,
6급,111,2025.11.15,66,mean_select,다음 뜻에 맞는 漢字語를 <보기>에서 찾아 그 번호를 쓰세요.,특별히 뛰어남,특별히 뛰어남,"[""① 頭角"", ""② 部族"", ""③ 苦待"", ""④ 軍醫"", ""⑤ 平野"", ""⑥ 特出""]",⑥,特出,
6급,111,2025.11.15,67,mean_select,다음 뜻에 맞는 漢字語를 <보기>에서 찾아 그 번호를 쓰세요.,평평하고 너른 들,평평하고 너른 들,"[""① 頭角"", ""② 部族"", ""③ 苦待"", ""④ 軍醫"", ""⑤ 平野"", ""⑥ 特出""]",⑤,平野,
6급,111,2025.11.15,68,hanjaeo_write,다음 밑줄 친 漢字語를 漢字로 쓰세요.,그녀는 프랑스 왕립학교에서 무용 교육을 받았습니다.,교육,,敎育,敎育,
6급,111,2025.11.15,69,hanjaeo_write,다음 밑줄 친 漢字語를 漢字로 쓰세요.,그는 이번 사건의 유력한 용의자로 지목되었다.,유력,,有力,有力,
6급,111,2025.11.15,70,hanjaeo_write,다음 밑줄 친 漢字語를 漢字로 쓰세요.,날씨 이야기를 하다가 화제가 자연스럽게 여름휴가 쪽으로 넘어갔습니다.,자연,,自然,自然,
6급,111,2025.11.15,71,hanjaeo_write,다음 밑줄 친 漢字語를 漢字로 쓰세요.,박쥐같은 야행성 동물은 밤에 주로 활동을 합니다.,활동,,活動,活動,
6급,111,2025.11.15,72,hanjaeo_write,다음 밑줄 친 漢字語를 漢字로 쓰세요.,병졸들은 도적들의 소굴을 이중 삼중으로 포위했습니다.,삼중,,三重,三重,
6급,111,2025.11.15,73,hanjaeo_write,다음 밑줄 친 漢字語를 漢字로 쓰세요.,붙박이장은 공간이 좁은 주택에 안성맞춤입니다.,공간,,空間,空間,
6급,111,2025.11.15,74,hanjaeo_write,다음 밑줄 친 漢字語를 漢字로 쓰세요.,비행기가 관제탑의 지시에 따라 활주로에 안전하게 착륙했습니다.,안전,,安全,安全,
6급,111,2025.11.15,75,hanjaeo_write,다음 밑줄 친 漢字語를 漢字로 쓰세요.,서울로 전학 간 철수가 잘 지낸다는 안부 편지를 보내왔습니다.,편지,,便紙,便紙,
6급,111,2025.11.15,76,hanjaeo_write,다음 밑줄 친 漢字語를 漢字로 쓰세요.,아버지는 퇴직 후에 농사를 지으려고 시골의 토지를 구입하셨습니다.,토지,,土地,土地,
6급,111,2025.11.15,77,hanjaeo_write,다음 밑줄 친 漢字語를 漢字로 쓰세요.,아쉽게도 고려청자의 비법은 후세로까지 이어지지 못했습니다.,후세,,後世,後世,
6급,111,2025.11.15,78,hanjaeo_write,다음 밑줄 친 漢字語를 漢字로 쓰세요.,예로부터 인심이 곧 천심이라 하였습니다.,천심,,天心,天心,
6급,111,2025.11.15,79,hanjaeo_write,다음 밑줄 친 漢字語를 漢字로 쓰세요.,옛날 어른들은 농사일이란 하루만 걸러도 티가 난다고 했습니다.,농사,,農事,農事,
6급,111,2025.11.15,80,hanjaeo_write,다음 밑줄 친 漢字語를 漢字로 쓰세요.,오랜만에 만난 영희는 여전히 생기 있고 발랄한 모습이었습니다.,생기,,生氣,生氣,
6급,111,2025.11.15,81,hanjaeo_write,다음 밑줄 친 漢字語를 漢字로 쓰세요.,외국 유명한 가수가 내한 공연을 하기 위해 입국하였습니다.,내한,,來韓,來韓,
6급,111,2025.11.15,82,hanjaeo_write,다음 밑줄 친 漢字語를 漢字로 쓰세요.,우리 연구소에는 예술과 인문학 방면의 전문가들이 많이 있습니다.,방면,,方面,方面,
6급,111,2025.11.15,83,hanjaeo_write,다음 밑줄 친 漢字語를 漢字로 쓰세요.,우리 팀은 경기 종료 직전에 결승골을 넣었습니다.,직전,,直前,直前,
6급,111,2025.11.15,84,hanjaeo_write,다음 밑줄 친 漢字語를 漢字로 쓰세요.,이 영화는 세계 전역에서 동시에 개봉되었습니다.,동시,,同時,同時,
6급,111,2025.11.15,85,hanjaeo_write,다음 밑줄 친 漢字語를 漢字로 쓰세요.,저녁 모임에 참석한 명수만큼 음료수를 준비했습니다.,명수,,名數,名數,
6급,111,2025.11.15,86,hanjaeo_write,다음 밑줄 친 漢字語를 漢字로 쓰세요.,전복은 미역이나 다시마 같은 해초를 먹고 삽니다.,해초,,海草,海草,
6급,111,2025.11.15,87,hanjaeo_write,다음 밑줄 친 漢字語를 漢字로 쓰세요.,할머니는 연로하셔서 먼 길을 가실 수가 없습니다.,연로,,年老,年老,
6급,111,2025.11.15,88,stroke,다음 漢字의 짙게 표시한 획은 몇 번째 쓰는 획인지 <보기>에서 찾아 그 번호를 쓰세요.,,,"[""① 첫 번째"", ""② 두 번째"", ""③ 세 번째"", ""④ 네 번째"", ""⑤ 다섯 번째"", ""⑥ 여섯 번째"", ""⑦ 일곱 번째"", ""⑧ 여덟 번째"", ""⑨ 아홉 번째"", ""⑩ 열 번째""]",⑩,열 번째,exam-strokes/stroke_6_111_88.png
6급,111,2025.11.15,89,stroke,다음 漢字의 짙게 표시한 획은 몇 번째 쓰는 획인지 <보기>에서 찾아 그 번호를 쓰세요.,,,"[""① 첫 번째"", ""② 두 번째"", ""③ 세 번째"", ""④ 네 번째"", ""⑤ 다섯 번째"", ""⑥ 여섯 번째"", ""⑦ 일곱 번째"", ""⑧ 여덟 번째"", ""⑨ 아홉 번째"", ""⑩ 열 번째""]",②,두 번째,exam-strokes/stroke_6_111_89.png
6급,111,2025.11.15,90,stroke,다음 漢字의 짙게 표시한 획은 몇 번째 쓰는 획인지 <보기>에서 찾아 그 번호를 쓰세요.,,,"[""① 첫 번째"", ""② 두 번째"", ""③ 세 번째"", ""④ 네 번째"", ""⑤ 다섯 번째"", ""⑥ 여섯 번째"", ""⑦ 일곱 번째"", ""⑧ 여덟 번째"", ""⑨ 아홉 번째"", ""⑩ 열 번째""]",⑦,일곱 번째,exam-strokes/stroke_6_111_90.png
6급,112,2026.02.28,1,dokum,다음 밑줄 친 漢字語의 讀音을 쓰세요.,,直線,,대화,대화,
6급,112,2026.02.28,2,dokum,다음 밑줄 친 漢字語의 讀音을 쓰세요.,,角度,,각도,각도,
6급,112,2026.02.28,3,dokum,다음 밑줄 친 漢字語의 讀音을 쓰세요.,,發病,,발병,발병,
6급,112,2026.02.28,4,dokum,다음 밑줄 친 漢字語의 讀音을 쓰세요.,,新聞,,신문,신문,
6급,112,2026.02.28,5,dokum,다음 밑줄 친 漢字語의 讀音을 쓰세요.,,果樹,,과수,과수,
6급,112,2026.02.28,6,dokum,다음 밑줄 친 漢字語의 讀音을 쓰세요.,,衣服,,의복,의복,
6급,112,2026.02.28,7,dokum,다음 밑줄 친 漢字語의 讀音을 쓰세요.,,合計,,합계,합계,
6급,112,2026.02.28,8,dokum,다음 밑줄 친 漢字語의 讀音을 쓰세요.,,母親,,모친,모친,
6급,112,2026.02.28,9,dokum,다음 밑줄 친 漢字語의 讀音을 쓰세요.,,交戰,,교전,교전,
6급,112,2026.02.28,10,dokum,다음 밑줄 친 漢字語의 讀音을 쓰세요.,,作別,,작별,작별,
6급,112,2026.02.28,11,dokum,다음 밑줄 친 漢字語의 讀音을 쓰세요.,,高級,,고급,고급,
6급,112,2026.02.28,12,dokum,다음 밑줄 친 漢字語의 讀音을 쓰세요.,,農藥,,농약,농약,
6급,112,2026.02.28,13,dokum,다음 밑줄 친 漢字語의 讀音을 쓰세요.,,所感,,소감,소감,
6급,112,2026.02.28,14,dokum,다음 밑줄 친 漢字語의 讀音을 쓰세요.,,直線,,직선,직선,
6급,112,2026.02.28,15,dokum,다음 밑줄 친 漢字語의 讀音을 쓰세요.,,黃土,,황토,황토,
6급,112,2026.02.28,16,dokum,다음 밑줄 친 漢字語의 讀音을 쓰세요.,,現地,,현지,현지,
6급,112,2026.02.28,17,dokum,다음 밑줄 친 漢字語의 讀音을 쓰세요.,,通用,,통용,통용,
6급,112,2026.02.28,18,dokum,다음 밑줄 친 漢字語의 讀音을 쓰세요.,,北風,,북풍,북풍,
6급,112,2026.02.28,19,dokum,다음 밑줄 친 漢字語의 讀音을 쓰세요.,,平等,,평등,평등,
6급,112,2026.02.28,20,dokum,다음 밑줄 친 漢字語의 讀音을 쓰세요.,,綠色,,녹색,녹색,
6급,112,2026.02.28,21,dokum,다음 밑줄 친 漢字語의 讀音을 쓰세요.,,注目,,주목,주목,
6급,112,2026.02.28,22,dokum,다음 밑줄 친 漢字語의 讀音을 쓰세요.,,失足,,실족,실족,
6급,112,2026.02.28,23,dokum,다음 밑줄 친 漢字語의 讀音을 쓰세요.,,太陽,,태양,태양,
6급,112,2026.02.28,24,dokum,다음 밑줄 친 漢字語의 讀音을 쓰세요.,,番號,,번호,번호,
6급,112,2026.02.28,25,dokum,다음 밑줄 친 漢字語의 讀音을 쓰세요.,,高級,,반성,반성,
6급,112,2026.02.28,26,dokum,다음 밑줄 친 漢字語의 讀音을 쓰세요.,,勝利,,승리,승리,
6급,112,2026.02.28,27,dokum,다음 밑줄 친 漢字語의 讀音을 쓰세요.,,勇氣,,용기,용기,
6급,112,2026.02.28,28,dokum,다음 밑줄 친 漢字語의 讀音을 쓰세요.,,水溫,,수온,수온,
6급,112,2026.02.28,29,dokum,다음 밑줄 친 漢字語의 讀音을 쓰세요.,,開放,,개방,개방,
6급,112,2026.02.28,30,dokum,다음 밑줄 친 漢字語의 讀音을 쓰세요.,,昨年,,작년,작년,
6급,112,2026.02.28,31,dokum,다음 밑줄 친 漢字語의 讀音을 쓰세요.,,英特,,영특,영특,
6급,112,2026.02.28,32,dokum,다음 밑줄 친 漢字語의 讀音을 쓰세요.,,急速,,급속,급속,
6급,112,2026.02.28,33,dokum,다음 밑줄 친 漢字語의 讀音을 쓰세요.,,幸運,,행운,행운,
6급,112,2026.02.28,34,hunum,다음 漢字의 訓과 音을 쓰세요.,,多,,많을 다,많을 다,
6급,112,2026.02.28,35,hunum,다음 漢字의 訓과 音을 쓰세요.,,米,,쌀 미,쌀 미,
6급,112,2026.02.28,36,hunum,다음 漢字의 訓과 音을 쓰세요.,,石,,돌 석,돌 석,
6급,112,2026.02.28,37,hunum,다음 漢字의 訓과 音을 쓰세요.,,遠,,멀 원,멀 원,
6급,112,2026.02.28,38,hunum,다음 漢字의 訓과 音을 쓰세요.,,頭,,머리 두,머리 두,
6급,112,2026.02.28,39,hunum,다음 漢字의 訓과 音을 쓰세요.,,京,,서울 경,서울 경,
6급,112,2026.02.28,40,hunum,다음 漢字의 訓과 音을 쓰세요.,,向,,향햘 향,향햘 향,
6급,112,2026.02.28,41,hunum,다음 漢字의 訓과 音을 쓰세요.,,野,,들 야,들 야,
6급,112,2026.02.28,42,hunum,다음 漢字의 訓과 音을 쓰세요.,,孫,,손자 손,손자 손,
6급,112,2026.02.28,43,hunum,다음 漢字의 訓과 音을 쓰세요.,,待,,기다릴 대,기다릴 대,
6급,112,2026.02.28,44,hunum,다음 漢字의 訓과 音을 쓰세요.,,雪,,눈 설,눈 설,
6급,112,2026.02.28,45,hunum,다음 漢字의 訓과 音을 쓰세요.,,族,,겨레 족,겨레 족,
6급,112,2026.02.28,46,hunum,다음 漢字의 訓과 音을 쓰세요.,,郡,,고을 군,고을 군,
6급,112,2026.02.28,47,hunum,다음 漢字의 訓과 音을 쓰세요.,,美,,아름다울 미,아름다울 미,
6급,112,2026.02.28,48,hunum,다음 漢字의 訓과 音을 쓰세요.,,油,,기름 유,기름 유,
6급,112,2026.02.28,49,hunum,다음 漢字의 訓과 音을 쓰세요.,,堂,,집 당,집 당,
6급,112,2026.02.28,50,hunum,다음 漢字의 訓과 音을 쓰세요.,,分,,나눌 분,나눌 분,
6급,112,2026.02.28,51,hunum,다음 漢字의 訓과 音을 쓰세요.,,式,,법 식,법 식,
6급,112,2026.02.28,52,hunum,다음 漢字의 訓과 音을 쓰세요.,,例,,법식 례,법식 례,
6급,112,2026.02.28,53,hunum,다음 漢字의 訓과 音을 쓰세요.,,定,,정할 정,정할 정,
6급,112,2026.02.28,54,hunum,다음 漢字의 訓과 音을 쓰세요.,,根,,뿌리 근,뿌리 근,
6급,112,2026.02.28,55,hunum,다음 漢字의 訓과 音을 쓰세요.,,庭,,뜰 정,뜰 정,
6급,112,2026.02.28,56,banui_select,다음 漢字와 뜻이 반대(또는 상대)되는 것을 골라 그 번호를 쓰세요.,,長,"[""① 界"", ""② 村"", ""③ 後"", ""④ 短""]",④,短,
6급,112,2026.02.28,57,banui_select,다음 漢字와 뜻이 반대(또는 상대)되는 것을 골라 그 번호를 쓰세요.,,死,"[""① 活"", ""② 由"", ""③ 植"", ""④ 班""]",①,活,
6급,112,2026.02.28,58,banui_select,다음 漢字와 뜻이 반대(또는 상대)되는 것을 골라 그 번호를 쓰세요.,,晝,"[""① 南"", ""② 代"", ""③ 夜"", ""④ 里""]",③,夜,
6급,112,2026.02.28,59,yui,다음 漢字와 뜻이 같거나 비슷한 것을 골라 그 번호를 쓰세요.,,道,"[""① 圖"", ""② 路"", ""③ 窓"", ""④ 表""]",②,路,
6급,112,2026.02.28,60,yui,다음 漢字와 뜻이 같거나 비슷한 것을 골라 그 번호를 쓰세요.,,海,"[""① 形"", ""② 紙"", ""③ 前"", ""④ 洋""]",④,洋,
6급,112,2026.02.28,61,dongeum,다음 漢字와 소리(音)는 같으나 뜻(訓)이 다른 것을 골라 그 번호를 쓰세요.,,在,"[""① 才"", ""② 弟"", ""③ 題"", ""④ 第""]",①,才,
6급,112,2026.02.28,62,dongeum,다음 漢字와 소리(音)는 같으나 뜻(訓)이 다른 것을 골라 그 번호를 쓰세요.,,和,"[""① 來"", ""② 每"", ""③ 畫"", ""④ 東""]",③,畫,
6급,112,2026.02.28,63,seong-eo,다음 사자성어의 ( ) 안에 알맞은 漢字를 <보기>에서 찾아 그 번호를 쓰세요.,公明()大 : 하는 일이나 태도가 사사로움이나 그릇됨이 없이 아주 정당하고 떳떳함.,公明()大,"[""① 才"", ""② 弟"", ""③ 題"", ""④ 第"", ""⑤ 習"", ""⑥ 禮"", ""⑦ 術"", ""⑧ 正""]",⑧,正,
6급,112,2026.02.28,64,seong-eo,다음 사자성어의 ( ) 안에 알맞은 漢字를 <보기>에서 찾아 그 번호를 쓰세요.,白面書() : 한갓 글만 읽고 교가를 제창하였습니다. 세상일에는 전혀,白面書(),"[""① 才"", ""② 弟"", ""③ 題"", ""④ 第"", ""⑤ 習"", ""⑥ 禮"", ""⑦ 術"", ""⑧ 正""]",④,第,
6급,112,2026.02.28,65,seong-eo,다음 사자성어의 ( ) 안에 알맞은 漢字를 <보기>에서 찾아 그 번호를 쓰세요.,自手成() : 물려받은 재산이 없이 자기 혼자의 힘으로 집안을 일으키고 재산을 모음.,自手成(),"[""① 才"", ""② 弟"", ""③ 題"", ""④ 第"", ""⑤ 習"", ""⑥ 禮"", ""⑦ 術"", ""⑧ 正""]",②,弟,
6급,112,2026.02.28,66,mean_select,다음 뜻에 맞는 漢字語를 <보기>에서 찾아 그 번호를 쓰세요.,불을 끔,불을 끔,"[""① 事業"", ""② 消火"", ""③ 空席"", ""④ 神童"", ""⑤ 登記"", ""⑥ 立冬""]",②,消火,
6급,112,2026.02.28,67,mean_select,다음 뜻에 맞는 漢字語를 <보기>에서 찾아 그 번호를 쓰세요.,사람이 앉지 아니하여 비어 있는 자리,사람이 앉지 아니하여 비어 있는 자리,"[""① 事業"", ""② 消火"", ""③ 空席"", ""④ 神童"", ""⑤ 登記"", ""⑥ 立冬""]",③,空席,
6급,112,2026.02.28,68,hanjaeo_write,다음 밑줄 친 漢字語를 漢字로 쓰세요.,태호는 수업 시간 동안 계속 졸았습니다.,시간,,時間,時間,
6급,112,2026.02.28,69,hanjaeo_write,다음 밑줄 친 漢字語를 漢字로 쓰세요.,동창회 모임은 마지막 순서로 교가를 제창하였습니다.,교가,,校歌,校歌,
6급,112,2026.02.28,70,hanjaeo_write,다음 밑줄 친 漢字語를 漢字로 쓰세요.,그녀는 어린 동생들을 잘 돌보는 착한 소녀입니다.,소녀,,少女,少女,
6급,112,2026.02.28,71,hanjaeo_write,다음 밑줄 친 漢字語를 漢字로 쓰세요.,그는 고향을 떠나 멀리 타국에 안주하였습니다.,안주,,安住,安住,
6급,112,2026.02.28,72,hanjaeo_write,다음 밑줄 친 漢字語를 漢字로 쓰세요.,시험에서 전연 예상 밖의 문제가 나와서 당황했습니다.,전연,,全然,全然,
6급,112,2026.02.28,73,hanjaeo_write,다음 밑줄 친 漢字語를 漢字로 쓰세요.,발바닥에 돋아난 종기 때문에 걷기가 불편합니다.,불편,,不便,不便,
6급,112,2026.02.28,74,hanjaeo_write,다음 밑줄 친 漢字語를 漢字로 쓰세요.,"너, 나를 골탕 먹일 심산으로 그런 소릴 했지?",심산,,心算,心算,
6급,112,2026.02.28,75,hanjaeo_write,다음 밑줄 친 漢字語를 漢字로 쓰세요.,그와 나는 같은 고등학교를 나온 동문입니다.,동문,,同門,同門,
6급,112,2026.02.28,76,hanjaeo_write,다음 밑줄 친 漢字語를 漢字로 쓰세요.,우리 옛 음식들을 보면 선조들의 지혜가 돋보입니다.,선조,,先祖,先祖,
6급,112,2026.02.28,77,hanjaeo_write,다음 밑줄 친 漢字語를 漢字로 쓰세요.,식민지의 백성들은 나라의 독립을 힘을 다해 외칩니다.,백성,,百姓,百姓,
6급,112,2026.02.28,78,hanjaeo_write,다음 밑줄 친 漢字語를 漢字로 쓰세요.,오늘 견학의 교통편과 중식은 회사에서 제공됩니다.,중식,,中食,中食,
6급,112,2026.02.28,79,hanjaeo_write,다음 밑줄 친 漢字語를 漢字로 쓰세요.,그녀는 고아들을 돌보는 일에 청춘을 다 바쳤습니다.,청춘,,靑春,靑春,
6급,112,2026.02.28,80,hanjaeo_write,다음 밑줄 친 漢字語를 漢字로 쓰세요.,울릉도는 오징어 명산지로 유명합니다.,유명,,有名,有名,
6급,112,2026.02.28,81,hanjaeo_write,다음 밑줄 친 漢字語를 漢字로 쓰세요.,어머니는 지금 읍내에 나가셔서 안 계십니다.,읍내,,邑內,邑內,
6급,112,2026.02.28,82,hanjaeo_write,다음 밑줄 친 漢字語를 漢字로 쓰세요.,현장 감독이 직접 인부들에게 작업을 시킵니다.,인부,,人夫,人夫,
6급,112,2026.02.28,83,hanjaeo_write,다음 밑줄 친 漢字語를 漢字로 쓰세요.,수만 톤 급의 배가 저 항구로 자유로이 드나듭니다.,수만,,數萬,數萬,
6급,112,2026.02.28,84,hanjaeo_write,다음 밑줄 친 漢字語를 漢字로 쓰세요.,돈이 계좌에 입금되면 저에게 전화를 걸어 주세요.,입금,,入金,入金,
6급,112,2026.02.28,85,hanjaeo_write,다음 밑줄 친 漢字語를 漢字로 쓰세요.,"휴일에는 청소, 빨래 따위를 하며 조용히 보냅니다.",휴일,,休日,休日,
6급,112,2026.02.28,86,hanjaeo_write,다음 밑줄 친 漢字語를 漢字로 쓰세요.,아버지는 추석인데도 약국의 문을 열었습니다.,추석,,秋夕,秋夕,
6급,112,2026.02.28,87,hanjaeo_write,다음 밑줄 친 漢字語를 漢字로 쓰세요.,어머니는 시장에 과일을 사러가셨습니다.,시장,,市場,市場,
6급,112,2026.02.28,88,stroke,다음 漢字의 짙게 표시한 획은 몇 번째 쓰는 획인지 <보기>에서 찾아 그 번호를 쓰세요.,,,"[""① 첫 번째"", ""② 두 번째"", ""③ 세 번째"", ""④ 네 번째"", ""⑤ 다섯 번째"", ""⑥ 여섯 번째"", ""⑦ 일곱 번째"", ""⑧ 여덟 번째"", ""⑨ 아홉 번째"", ""⑩ 열 번째""]",⑨,아홉 번째,exam-strokes/stroke_6_112_88.png
6급,112,2026.02.28,89,stroke,다음 漢字의 짙게 표시한 획은 몇 번째 쓰는 획인지 <보기>에서 찾아 그 번호를 쓰세요.,,,"[""① 첫 번째"", ""② 두 번째"", ""③ 세 번째"", ""④ 네 번째"", ""⑤ 다섯 번째"", ""⑥ 여섯 번째"", ""⑦ 일곱 번째"", ""⑧ 여덟 번째"", ""⑨ 아홉 번째"", ""⑩ 열 번째""]",⑥,여섯 번째,exam-strokes/stroke_6_112_89.png
6급,112,2026.02.28,90,stroke,다음 漢字의 짙게 표시한 획은 몇 번째 쓰는 획인지 <보기>에서 찾아 그 번호를 쓰세요.,,,"[""① 첫 번째"", ""② 두 번째"", ""③ 세 번째"", ""④ 네 번째"", ""⑤ 다섯 번째"", ""⑥ 여섯 번째"", ""⑦ 일곱 번째"", ""⑧ 여덟 번째"", ""⑨ 아홉 번째"", ""⑩ 열 번째""]",⑨,아홉 번째,exam-strokes/stroke_6_112_90.png
6급,113,2026.05.23,1,dokum,다음 밑줄 친 漢字語의 讀音을 쓰세요.,,通風,,통풍,통풍,
6급,113,2026.05.23,2,dokum,다음 밑줄 친 漢字語의 讀音을 쓰세요.,,速度,,속도,속도,
6급,113,2026.05.23,3,dokum,다음 밑줄 친 漢字語의 讀音을 쓰세요.,,口號,,구호,구호,
6급,113,2026.05.23,4,dokum,다음 밑줄 친 漢字語의 讀音을 쓰세요.,,一部,,일부,일부,
6급,113,2026.05.23,5,dokum,다음 밑줄 친 漢字語의 讀音을 쓰세요.,,對話,,대화,대화,
6급,113,2026.05.23,6,dokum,다음 밑줄 친 漢字語의 讀音을 쓰세요.,,成功,,정립,정립,
6급,113,2026.05.23,7,dokum,다음 밑줄 친 漢字語의 讀音을 쓰세요.,,和合,,화합,화합,
6급,113,2026.05.23,8,dokum,다음 밑줄 친 漢字語의 讀音을 쓰세요.,,交感,,교감,교감,
6급,113,2026.05.23,9,dokum,다음 밑줄 친 漢字語의 讀音을 쓰세요.,,現在,,현재,현재,
6급,113,2026.05.23,10,dokum,다음 밑줄 친 漢字語의 讀音을 쓰세요.,,答禮,,답례,답례,
6급,113,2026.05.23,11,dokum,다음 밑줄 친 漢字語의 讀音을 쓰세요.,,勝算,,승산,승산,
6급,113,2026.05.23,12,dokum,다음 밑줄 친 漢字語의 讀音을 쓰세요.,,水銀,,수은,수은,
6급,113,2026.05.23,13,dokum,다음 밑줄 친 漢字語의 讀音을 쓰세요.,,例外,,예외,예외,
6급,113,2026.05.23,14,dokum,다음 밑줄 친 漢字語의 讀音을 쓰세요.,,始作,,시작,시작,
6급,113,2026.05.23,15,dokum,다음 밑줄 친 漢字語의 讀音을 쓰세요.,,方向,,방향,방향,
6급,113,2026.05.23,16,dokum,다음 밑줄 친 漢字語의 讀音을 쓰세요.,,近代,,근대,근대,
6급,113,2026.05.23,17,dokum,다음 밑줄 친 漢字語의 讀音을 쓰세요.,,幸運,,행운,행운,
6급,113,2026.05.23,18,dokum,다음 밑줄 친 漢字語의 讀音을 쓰세요.,,等級,,등급,등급,
6급,113,2026.05.23,19,dokum,다음 밑줄 친 漢字語의 讀音을 쓰세요.,,公式,,공식,공식,
6급,113,2026.05.23,20,dokum,다음 밑줄 친 漢字語의 讀音을 쓰세요.,,成功,,성공,성공,
6급,113,2026.05.23,21,dokum,다음 밑줄 친 漢字語의 讀音을 쓰세요.,,太陽,,태양,태양,
6급,113,2026.05.23,22,dokum,다음 밑줄 친 漢字語의 讀音을 쓰세요.,,月別,,월별,월별,
6급,113,2026.05.23,23,dokum,다음 밑줄 친 漢字語의 讀音을 쓰세요.,,兄弟,,형제,형제,
6급,113,2026.05.23,24,dokum,다음 밑줄 친 漢字語의 讀音을 쓰세요.,,區分,,구분,구분,
6급,113,2026.05.23,25,dokum,다음 밑줄 친 漢字語의 讀音을 쓰세요.,,業界,,업계,업계,
6급,113,2026.05.23,26,dokum,다음 밑줄 친 漢字語의 讀音을 쓰세요.,,夏服,,하복,하복,
6급,113,2026.05.23,27,dokum,다음 밑줄 친 漢字語의 讀音을 쓰세요.,,愛用,,애용,애용,
6급,113,2026.05.23,28,dokum,다음 밑줄 친 漢字語의 讀音을 쓰세요.,,上京,,상경,상경,
6급,113,2026.05.23,29,dokum,다음 밑줄 친 漢字語의 讀音을 쓰세요.,,古書,,고서,고서,
6급,113,2026.05.23,30,dokum,다음 밑줄 친 漢字語의 讀音을 쓰세요.,,北行,,북행,북행,
6급,113,2026.05.23,31,dokum,다음 밑줄 친 漢字語의 讀音을 쓰세요.,,特命,,특명,특명,
6급,113,2026.05.23,32,dokum,다음 밑줄 친 漢字語의 讀音을 쓰세요.,,氣溫,,기온,기온,
6급,113,2026.05.23,33,dokum,다음 밑줄 친 漢字語의 讀音을 쓰세요.,,空間,,공간,공간,
6급,113,2026.05.23,34,hunum,다음 漢字의 訓과 音을 쓰세요.,,根,,뿌리 근,뿌리 근,
6급,113,2026.05.23,35,hunum,다음 漢字의 訓과 音을 쓰세요.,,高,,높을 고,높을 고,
6급,113,2026.05.23,36,hunum,다음 漢字의 訓과 音을 쓰세요.,,神,,귀신 신,귀신 신,
6급,113,2026.05.23,37,hunum,다음 漢字의 訓과 音을 쓰세요.,,強,,강할 강,강할 강,
6급,113,2026.05.23,38,hunum,다음 漢字의 訓과 音을 쓰세요.,,藥,,약 약,약 약,
6급,113,2026.05.23,39,hunum,다음 漢字의 訓과 音을 쓰세요.,,綠,,푸를 록,푸를 록,
6급,113,2026.05.23,40,hunum,다음 漢字의 訓과 音을 쓰세요.,,圖,,그림 도,그림 도,
6급,113,2026.05.23,41,hunum,다음 漢字의 訓과 音을 쓰세요.,,戰,,싸움 전,싸움 전,
6급,113,2026.05.23,42,hunum,다음 漢字의 訓과 音을 쓰세요.,,身,,몸 신,몸 신,
6급,113,2026.05.23,43,hunum,다음 漢字의 訓과 音을 쓰세요.,,親,,친할 친,친할 친,
6급,113,2026.05.23,44,hunum,다음 漢字의 訓과 音을 쓰세요.,,樹,,나무 수,나무 수,
6급,113,2026.05.23,45,hunum,다음 漢字의 訓과 音을 쓰세요.,,石,,돌 석,돌 석,
6급,113,2026.05.23,46,hunum,다음 漢字의 訓과 音을 쓰세요.,,死,,죽을 사,죽을 사,
6급,113,2026.05.23,47,hunum,다음 漢字의 訓과 音을 쓰세요.,,集,,모을 집,모을 집,
6급,113,2026.05.23,48,hunum,다음 漢字의 訓과 音을 쓰세요.,,米,,쌀 미,쌀 미,
6급,113,2026.05.23,49,hunum,다음 漢字의 訓과 音을 쓰세요.,,球,,공 구,공 구,
6급,113,2026.05.23,50,hunum,다음 漢字의 訓과 音을 쓰세요.,,言,,말씀 언,말씀 언,
6급,113,2026.05.23,51,hunum,다음 漢字의 訓과 音을 쓰세요.,,病,,병 병,병 병,
6급,113,2026.05.23,52,hunum,다음 漢字의 訓과 音을 쓰세요.,,飮,,마실 음,마실 음,
6급,113,2026.05.23,53,hunum,다음 漢字의 訓과 音을 쓰세요.,,習,,익힐 습,익힐 습,
6급,113,2026.05.23,54,hunum,다음 漢字의 訓과 音을 쓰세요.,,郡,,고을 군,고을 군,
6급,113,2026.05.23,55,hunum,다음 漢字의 訓과 音을 쓰세요.,,昨,,어제 작,어제 작,
6급,113,2026.05.23,56,banui_select,다음 漢字와 뜻이 반대(또는 상대)되는 것을 골라 그 번호를 쓰세요.,,祖,"[""① 由"", ""② 席"", ""③ 畫"", ""④ 孫""]",④,孫,
6급,113,2026.05.23,57,banui_select,다음 漢字와 뜻이 반대(또는 상대)되는 것을 골라 그 번호를 쓰세요.,,晝,"[""① 夜"", ""② 黃"", ""③ 使"", ""④ 待""]",①,夜,
6급,113,2026.05.23,58,banui_select,다음 漢字와 뜻이 반대(또는 상대)되는 것을 골라 그 번호를 쓰세요.,,苦,"[""① 朝"", ""② 美"", ""③ 醫"", ""④ 樂""]",④,樂,
6급,113,2026.05.23,59,yui,다음 漢字와 뜻이 같거나 비슷한 것을 골라 그 번호를 쓰세요.,,海,"[""① 油"", ""② 洋"", ""③ 英"", ""④ 族""]",②,洋,
6급,113,2026.05.23,60,yui,다음 漢字와 뜻이 같거나 비슷한 것을 골라 그 번호를 쓰세요.,,永,"[""① 番"", ""② 李"", ""③ 遠"", ""④ 路""]",③,遠,
6급,113,2026.05.23,61,dongeum,다음 漢字와 소리(音)는 같으나 뜻(訓)이 다른 것을 골라 그 번호를 쓰세요.,,班,"[""① 數"", ""② 工"", ""③ 術"", ""④ 反""]",④,反,
6급,113,2026.05.23,62,dongeum,다음 漢字와 소리(音)는 같으나 뜻(訓)이 다른 것을 골라 그 번호를 쓰세요.,,所,"[""① 消"", ""② 邑"", ""③ 秋"", ""④ 第""]",①,消,
6급,113,2026.05.23,63,seong-eo,다음 사자성어의 ( ) 안에 알맞은 漢字를 <보기>에서 찾아 그 번호를 쓰세요.,野()動物 : 산과 들에서 사는동물.,野()動物,"[""① 里"", ""② 者"", ""③ 歌"", ""④ 多"", ""⑤ 市"", ""⑥ 道"", ""⑦ 門"", ""⑧ 生""]",⑧,生,
6급,113,2026.05.23,64,seong-eo,다음 사자성어의 ( ) 안에 알맞은 漢字를 <보기>에서 찾아 그 번호를 쓰세요.,同時()發 : 같은 시기에 여러가지가 발생함.,同時()發,"[""① 里"", ""② 者"", ""③ 歌"", ""④ 多"", ""⑤ 市"", ""⑥ 道"", ""⑦ 門"", ""⑧ 生""]",④,多,
6급,113,2026.05.23,65,seong-eo,다음 사자성어의 ( ) 안에 알맞은 漢字를 <보기>에서 찾아 그 번호를 쓰세요.,百萬長() : 재산이 매우 많은사람.,百萬長(),"[""① 里"", ""② 者"", ""③ 歌"", ""④ 多"", ""⑤ 市"", ""⑥ 道"", ""⑦ 門"", ""⑧ 生""]",②,者,
6급,113,2026.05.23,66,mean_select,다음 뜻에 맞는 漢字語를 <보기>에서 찾아 그 번호를 쓰세요.,뜻이나 의욕을 잃음.,뜻이나 의욕을 잃음.,"[""① 本主"", ""② 園頭"", ""③ 失意"", ""④ 開社"", ""⑤ 注目"", ""⑥ 信衣""]",③,失意,
6급,113,2026.05.23,67,mean_select,다음 뜻에 맞는 漢字語를 <보기>에서 찾아 그 번호를 쓰세요.,관심을 가지고 주의 깊게 살핌,관심을 가지고 주의 깊게 살핌,"[""① 本主"", ""② 園頭"", ""③ 失意"", ""④ 開社"", ""⑤ 注目"", ""⑥ 信衣""]",⑤,注目,
6급,113,2026.05.23,68,hanjaeo_write,다음 밑줄 친 漢字語를 漢字로 쓰세요.,그는 은퇴하면 자연 속에서 살기로 결심했습니다.,자연,,自然,自然,
6급,113,2026.05.23,69,hanjaeo_write,다음 밑줄 친 漢字語를 漢字로 쓰세요.,달은 지구보다 중력이 약하게 작용합니다.,중력,,重力,重力,
6급,113,2026.05.23,70,hanjaeo_write,다음 밑줄 친 漢字語를 漢字로 쓰세요.,건물 후면에 공사를 위한 자재들이 쌓여있습니다.,후면,,後面,後面,
6급,113,2026.05.23,71,hanjaeo_write,다음 밑줄 친 漢字語를 漢字로 쓰세요.,가출 청소년이 사회적으로 문제가 되고 있습니다.,가출,,家出,家出,
6급,113,2026.05.23,72,hanjaeo_write,다음 밑줄 친 漢字語를 漢字로 쓰세요.,옆집 아저씨는 칠순 노모를 모시고 삽니다.,노모,,老母,老母,
6급,113,2026.05.23,73,hanjaeo_write,다음 밑줄 친 漢字語를 漢字로 쓰세요.,내일 극장에서 새로운 영화를 개봉합니다.,내일,,來日,來日,
6급,113,2026.05.23,74,hanjaeo_write,다음 밑줄 친 漢字語를 漢字로 쓰세요.,삼촌은 대학교 1학년 때 여자친구를 처음 만났습니다.,학년,,學年,學年,
6급,113,2026.05.23,75,hanjaeo_write,다음 밑줄 친 漢字語를 漢字로 쓰세요.,할머니는 마당에서 예쁜 화초들을 가꾸십니다.,화초,,花草,花草,
6급,113,2026.05.23,76,hanjaeo_write,다음 밑줄 친 漢字語를 漢字로 쓰세요.,비가 내려서 설악산의 입산이 금지되었습니다.,입산,,入山,入山,
6급,113,2026.05.23,77,hanjaeo_write,다음 밑줄 친 漢字語를 漢字로 쓰세요.,우리 동네 빵집 사장님은 친절하기로 유명합니다.,유명,,有名,有名,
6급,113,2026.05.23,78,hanjaeo_write,다음 밑줄 친 漢字語를 漢字로 쓰세요.,사진 속의 그녀는 백색의 드레스를 입고 있었습니다.,백색,,白色,白色,
6급,113,2026.05.23,79,hanjaeo_write,다음 밑줄 친 漢字語를 漢字로 쓰세요.,오늘은 개교기념일이라 휴교를 합니다.,휴교,,休校,休校,
6급,113,2026.05.23,80,hanjaeo_write,다음 밑줄 친 漢字語를 漢字로 쓰세요.,시골 마을 사람들의 인심이 좋습니다.,인심,,人心,人心,
6급,113,2026.05.23,81,hanjaeo_write,다음 밑줄 친 漢字語를 漢字로 쓰세요.,상현이는 매사에 정직한 사람입니다.,정직,,正直,正直,
6급,113,2026.05.23,82,hanjaeo_write,다음 밑줄 친 漢字語를 漢字로 쓰세요.,몸에 산소가 부족하면 두통을 느낄 수 있습니다.,부족,,不足,不足,
6급,113,2026.05.23,83,hanjaeo_write,다음 밑줄 친 漢字語를 漢字로 쓰세요.,아이들의 등굣길 안전을 위해주민들이 나섰습니다.,주민,,住民,住民,
6급,113,2026.05.23,84,hanjaeo_write,다음 밑줄 친 漢字語를 漢字로 쓰세요.,우진이는 주 2회 학원에서 영어회화 교육을 받습니다.,교육,,敎育,敎育,
6급,113,2026.05.23,85,hanjaeo_write,다음 밑줄 친 漢字語를 漢字로 쓰세요.,이 언덕만 넘어가면 평지가 나옵니다.,평지,,平地,平地,
6급,113,2026.05.23,86,hanjaeo_write,다음 밑줄 친 漢字語를 漢字로 쓰세요.,매일 저녁 가족들과 함께 식사를 합니다.,식사,,食事,食事,
6급,113,2026.05.23,87,hanjaeo_write,다음 밑줄 친 漢字語를 漢字로 쓰세요.,왕은 죽기 전에 자신의 손으로 천하를 통일하고자 했습니다.,천하,,天下,天下,
6급,113,2026.05.23,88,stroke,다음 漢字의 짙게 표시한 획은 몇 번째 쓰는 획인지 <보기>에서 찾아 그 번호를 쓰세요.,,,"[""① 첫 번째"", ""② 두 번째"", ""③ 세 번째"", ""④ 네 번째"", ""⑤ 다섯 번째"", ""⑥ 여섯 번째"", ""⑦ 일곱 번째"", ""⑧ 여덟 번째"", ""⑨ 아홉 번째"", ""⑩ 열 번째"", ""⑪ 열한 번째"", ""⑫ 열두 번째"", ""⑬ 열세 번째""]",⑨,아홉 번째,exam-strokes/stroke_6_113_88.png
6급,113,2026.05.23,89,stroke,다음 漢字의 짙게 표시한 획은 몇 번째 쓰는 획인지 <보기>에서 찾아 그 번호를 쓰세요.,,,"[""① 첫 번째"", ""② 두 번째"", ""③ 세 번째"", ""④ 네 번째"", ""⑤ 다섯 번째"", ""⑥ 여섯 번째"", ""⑦ 일곱 번째"", ""⑧ 여덟 번째"", ""⑨ 아홉 번째"", ""⑩ 열 번째"", ""⑪ 열한 번째"", ""⑫ 열두 번째"", ""⑬ 열세 번째""]",⑩,열 번째,exam-strokes/stroke_6_113_89.png
6급,113,2026.05.23,90,stroke,다음 漢字의 짙게 표시한 획은 몇 번째 쓰는 획인지 <보기>에서 찾아 그 번호를 쓰세요.,,,"[""① 첫 번째"", ""② 두 번째"", ""③ 세 번째"", ""④ 네 번째"", ""⑤ 다섯 번째"", ""⑥ 여섯 번째"", ""⑦ 일곱 번째"", ""⑧ 여덟 번째"", ""⑨ 아홉 번째"", ""⑩ 열 번째"", ""⑪ 열한 번째"", ""⑫ 열두 번째"", ""⑬ 열세 번째""]",⑧,여덟 번째,exam-strokes/stroke_6_113_90.png
